10.1,6
11.4,27
11.9,7
12.0,33
12.1,24
12.3,34
12.4,28
12.5,12
12.7,17
13.0,3
13.0,35
13.2,26
13.5,15
13.5,39
13.8,8
13.8,19
13.9,23
14.2,31
14.2,37
14.5,16
15.3,10
15.4,36
15.7,22
16.1,21
18.4,9
18.4,38
19.0,32
20.4,12
21.2,29
21.8,26
22.0,25
22.2,23
22.2,30
22.3,14
22.6,18
22.9,5
23.1,16
24.5,10
24.6,37
24.7,20
25.0,13
25.1,3
25.5,7
26.8,1
27.0,31
28.6,6
28.6,36
29.8,21
30.5,33
30.8,12
31.4,27
31.6,26
32.0,24
32.8,38
33.8,32
33.8,18
34.7,16
35.7,23
35.7,25
35.8,37
36.6,8
36.6,9
36.8,12
37.5,15
38.0,11
38.5,22
38.9,34
39.0,29
39.8,28
40.2,2
40.3,31
41.9,3
42.5,19
43.1,6
43.4,7
43.4,36
43.5,26
43.9,39
44.0,16
44.0,17
44.5,27
45.6,21
46.4,10
46.4,12
48.2,18
48.3,37
48.8,31
49.2,4
49.2,24
49.4,32
50.0,33
50.5,5
50.8,38
51.3,1
52.1,12
53.0,16
53.5,29
54.3,22
54.4,8
54.8,6
54.9,0
54.9,14
55.0,3
55.0,13
55.9,23
55.9,26
59.2,24
59.4,25
59.8,21
60.1,7
60.2,20
60.8,9
60.9,32
61.2,27
61.6,17
61.7,12
62.0,18
64.3,31
64.3,36
64.5,37
64.7,33
65.2,23
65.5,11
66.9,38
67.4,26
68.0,39
68.1,10
68.9,16
69.5,15
69.6,12
70.1,14
70.5,7
70.9,25
71.5,3
71.6,32
71.8,24
73.3,6
73.6,28
73.9,1
74.0,21
74.0,29
74.7,30
74.9,12
75.4,31
75.7,16
76.2,36
76.4,38
76.5,23
76.9,22
77.1,9
77.3,37
78.0,18
79.1,27
79.7,33
79.8,26
81.2,8
81.7,32
81.7,17
81.8,4
82.1,24
82.6,7
84.2,12
84.4,10
84.7,16
85.0,5
85.1,2
85.4,13
85.5,35
85.5,36
86.0,19
87.3,15
87.4,34
89.1,12
90.2,11
90.9,23
90.9,31
91.4,26
91.4,37
91.9,21
92.1,3
92.4,6
92.5,9
93.9,29
94.2,18
94.7,1
94.8,25
94.9,32
95.2,14
96.0,16
96.2,24
96.3,20
96.3,38
97.2,7
97.2,12
98.5,27
101.1,36
102.0,23
102.9,31
103.0,0
103.6,28
104.0,33
104.2,8
105.0,26
105.4,6
106.0,39
106.4,37
106.5,12
106.7,16
107.1,10
107.8,22
108.1,34
108.9,3
110.1,7
110.5,5
111.9,32
112.9,36
113.6,27
113.7,9
113.8,25
113.9,18
114.2,16
114.4,6
114.7,15
114.7,38
115.0,12
115.3,13
115.4,23
115.6,24
115.8,31
117.4,14
117.7,1
118.5,29
119.3,21
120.2,37
120.6,7
121.8,3
121.8,18
122.0,33
122.7,25
122.8,36
122.9,17
123.0,12
123.0,26
124.2,23
125.2,6
127.1,16
127.4,8
128.2,28
128.4,39
128.6,31
128.6,32
130.0,24
130.1,27
130.8,12
131.1,2
131.1,10
131.3,9
131.5,37
131.9,5
131.9,19
131.9,25
132.0,7
132.1,26
134.9,16
135.3,23
135.3,38
136.3,36
136.5,21
136.5,29
137.0,12
139.1,37
139.5,33
140.9,11
141.1,18
141.2,20
141.4,24
141.6,6
141.7,13
143.6,12
143.6,27
143.9,31
143.9,38
144.0,32
145.4,16
145.5,26
145.6,10
146.0,23
146.2,3
146.7,9
147.0,17
147.3,15
147.4,34
147.8,7
148.8,29
149.6,14
150.1,12
152.9,1
153.1,5
153.5,2
153.6,25
153.7,21
153.7,36
153.7,37
153.9,22
154.4,30
154.4,32
155.4,11
155.7,33
156.8,26
157.0,12
157.1,16
157.5,27
158.1,31
158.6,24
158.7,23
158.8,18
159.1,13
159.2,6
159.5,38
162.7,28
163.1,37
163.7,1
164.3,3
164.4,7
164.7,25
166.0,29
166.3,12
166.5,4
166.6,24
167.2,23
167.2,36
168.3,16
171.2,20
171.3,18
171.5,31
171.6,6
171.8,33
171.8,21
172.0,8
172.1,10
172.2,38
172.3,32
172.4,26
173.3,15
173.4,13
173.5,12
173.7,17
174.0,3
174.9,19
176.0,14
177.6,9
179.7,36
179.9,27
180.1,5
180.2,7
181.0,12
181.0,39
181.2,35
181.3,37
181.4,16
181.6,11
181.6,22
181.6,28
181.7,1
181.9,24
182.2,23
182.6,25
183.9,34
184.3,26
184.6,29
185.4,0
185.9,6
186.3,33
186.4,21
186.6,16
186.9,18
187.1,12
187.7,32
188.6,37
190.4,31
191.6,15
192.1,8
192.4,9
192.8,36
193.1,24
193.1,38
193.2,14
193.5,12
193.9,17
194.4,27
194.5,10
195.6,1
195.8,16
196.9,23
197.1,26
197.4,6
198.4,22
200.3,7
200.4,21
200.4,32
200.7,37
201.6,3
202.2,12
202.2,25
202.4,36
203.5,10
203.5,31
204.2,18
204.5,19
206.3,38
207.2,24
207.8,16
208.1,5
208.4,13
208.4,33
209.7,26
209.8,12
209.8,17
209.9,39
210.1,23
211.7,9
212.2,20
212.3,29
212.5,6
213.4,37
215.2,31
216.2,15
216.9,14
217.7,7
217.8,27
218.0,36
218.4,23
218.5,1
218.6,3
219.1,12
219.3,18
219.3,32
219.4,38
219.9,4
220.1,16
220.5,10
220.6,8
220.6,21
220.6,25
220.6,28
220.7,24
222.5,0
223.1,37
224.5,22
224.9,12
224.9,26
227.3,16
227.3,31
228.4,6
229.0,19
229.2,33
229.3,36
229.4,21
230.1,23
230.8,29
231.5,9
232.1,5
232.6,12
232.9,17
233.0,3
233.2,7
234.0,13
234.4,25
235.3,10
235.8,32
235.8,37
237.0,26
237.7,2
238.1,12
238.2,36
238.9,16
239.0,8
239.1,39
239.5,14
240.1,23
241.2,18
241.2,33
241.4,15
242.9,24
243.6,31
243.7,6
244.3,12
244.4,11
244.5,30
244.6,37
245.4,38
246.3,16
246.6,21
246.6,27
247.0,28
247.9,22
248.1,5
248.2,20
248.2,25
248.4,1
248.9,10
250.1,7
250.1,29
250.5,32
250.7,9
250.9,3
250.9,36
251.7,26
253.6,12
254.1,0
254.5,34
255.7,16
255.9,33
256.4,6
257.2,23
257.8,37
258.3,2
258.5,38
258.9,31
259.1,18
259.1,19
259.5,27
260.6,17
260.6,15
261.2,1
261.2,7
261.2,24
261.3,39
261.9,36
262.0,21
262.1,26
262.4,12
262.6,10
264.9,14
265.3,16
265.9,6
266.1,3
266.5,33
267.1,25
267.7,37
268.2,13
268.3,29
268.3,31
269.3,38
269.6,4
269.6,23
269.9,32
270.8,12
271.1,11
273.6,18
274.7,26
275.9,36
276.9,9
277.2,5
277.2,8
277.2,22
277.4,17
277.5,21
277.7,16
278.1,27
278.2,33
279.8,7
279.8,12
280.1,24
280.2,23
280.7,25
281.1,20
282.1,0
282.2,10
282.2,31
283.1,1
283.7,32
284.2,13
284.2,38
284.3,37
284.4,6
284.8,36
286.0,26
286.2,19
286.8,3
286.8,12
287.1,29
287.8,15
289.8,18
290.8,33
291.1,16
292.2,21
292.5,37
292.8,23
293.1,34
293.6,7
294.2,32
294.3,14
295.3,22
295.5,24
295.5,28
295.6,6
295.6,12
295.9,9
295.9,36
296.1,11
296.1,20
296.4,27
296.5,3
296.6,25
296.6,26
297.1,39
297.6,38
298.1,31
298.6,16
301.2,10
303.3,29
303.5,21
303.8,23
303.9,12
304.0,17
304.1,18
304.4,7
304.4,36
304.6,33
304.7,5
304.9,30
305.7,31
306.9,8
307.3,26
307.7,32
308.4,1
309.2,13
309.4,25
309.9,3
310.2,6
310.2,27
310.5,38
311.0,37
311.2,24
311.7,12
311.8,16
313.0,15
315.0,36
316.2,7
316.8,4
317.7,18
318.4,9
318.5,28
318.5,33
319.0,12
319.2,23
319.5,19
319.5,16
320.3,31
322.0,26
322.7,29
322.8,32
323.3,38
324.1,17
324.3,37
324.4,21
325.6,27
325.9,3
325.9,12
326.1,6
326.1,24
327.1,7
327.4,10
328.0,22
329.0,33
330.3,36
330.6,16
332.7,12
333.1,18
334.2,23
334.6,8
334.8,25
335.0,28
335.0,29
335.6,26
335.9,13
336.3,6
337.4,14
337.5,9
337.6,31
337.6,32
337.8,19
338.1,5
338.1,34
338.2,3
338.4,38
338.5,30
339.2,1
340.2,12
340.2,16
341.2,21
342.1,36
342.3,7
342.9,27
343.2,37
343.7,11
344.0,39
345.5,5
345.8,33
346.2,10
346.7,24
346.9,18
347.4,12
348.3,23
348.4,26
349.0,17
350.0,15
350.5,16
350.8,6
351.7,38
352.1,22
352.4,25
353.7,35
353.8,36
354.1,31
354.3,12
355.7,32
355.9,8
357.3,3
358.3,29
358.5,37
359.2,16
359.8,7
360.2,9
360.5,27
361.7,33
362.4,13
363.1,23
363.1,26
363.3,20
363.4,0
363.4,18
363.8,38
363.9,4
363.9,36
364.2,1
364.3,12
366.4,21
366.6,32
367.0,5
367.1,10
367.8,31
368.8,25
369.1,24
369.4,28
370.2,12
370.5,8
370.7,16
370.9,6
371.3,23
371.9,37
372.7,17
373.5,30
374.0,36
375.7,29
377.8,18
378.3,15
379.0,9
379.5,12
379.5,26
379.8,32
379.8,35
379.9,10
380.9,3
381.1,21
382.5,1
383.3,31
384.0,16
384.9,33
385.7,7
386.6,24
387.3,34
387.3,37
387.4,22
387.4,38
387.8,27
387.9,26
388.4,5
388.4,25
388.5,12
389.4,36
390.0,23
390.0,39
391.0,14
391.3,6
391.9,28
394.4,16
394.8,9
395.1,29
395.3,12
395.3,32
395.6,37
395.6,3
396.1,13
396.4,31
398.6,26
398.7,38
398.8,10
398.8,11
399.0,18
399.1,17
399.3,8
399.8,19
401.1,23
401.3,24
401.5,21
401.7,1
402.5,27
403.2,33
403.9,25
404.6,16
404.8,7
405.1,4
405.4,12
405.6,29
406.4,36
406.7,37
407.2,5
407.2,18
407.7,6
408.1,13
408.8,26
409.8,31
410.4,15
411.2,21
411.5,23
412.5,12
412.6,16
413.5,38
414.1,10
414.9,22
415.1,0
415.2,7
415.8,29
416.0,37
416.3,31
416.4,36
416.7,24
416.8,20
416.8,33
417.0,26
417.3,25
417.5,3
418.5,18
420.3,32
421.3,17
421.4,30
421.5,23
421.9,6
422.3,9
422.3,12
422.4,39
423.8,8
424.1,14
424.2,16
425.1,27
426.3,5
429.0,12
429.4,26
429.5,1
429.8,37
430.4,19
430.6,24
430.9,36
430.9,21
431.6,31
431.9,33
432.7,7
432.7,9
433.3,32
433.8,20
433.8,27
433.8,38
434.2,23
434.8,34
435.6,11
436.5,12
436.6,16
436.7,25
436.9,6
438.1,3
438.9,10
439.4,2
439.8,13
439.8,18
440.2,37
440.5,28
440.6,29
440.8,35
441.8,15
443.2,22
444.3,26
444.3,31
444.5,21
444.6,33
444.8,6
444.8,38
445.0,23
445.8,12
445.8,32
446.1,8
446.3,7
447.4,9
447.9,10
448.0,16
448.3,24
448.6,27
449.1,36
450.7,37
454.2,29
454.3,18
454.5,12
455.6,33
456.5,25
456.7,23
457.1,1
457.8,17
458.9,13
459.3,6
459.4,26
459.6,38
460.0,5
461.0,16
461.2,34
461.7,24
462.3,12
462.5,7
462.6,36
462.7,9
463.2,3
463.2,28
463.5,31
463.7,4
463.8,30
464.0,11
464.2,21
464.3,8
465.2,32
465.8,10
466.8,37
468.0,27
469.0,18
470.7,12
470.8,33
471.2,21
471.3,22
471.6,23
471.6,29
471.9,7
471.9,15
472.1,2
472.2,38
472.4,16
472.5,36
472.8,9
473.2,25
473.4,1
473.5,19
473.7,26
473.7,31
473.7,6
474.8,37
477.9,3
479.5,24
479.7,32
479.9,14
480.5,12
481.0,18
481.2,16
481.4,5
481.5,27
482.3,10
483.0,6
483.3,26
483.6,11
485.0,13
485.0,31
485.2,38
485.4,35
486.7,17
486.8,12
487.1,23
487.5,37
487.6,34
490.2,3
490.5,33
491.0,36
491.1,4
492.2,29
492.4,39
492.7,7
492.8,25
493.1,15
493.4,16
493.5,12
494.2,26
495.2,32
496.7,9
496.9,23
497.4,8
498.1,10
498.4,1
499.0,24
499.0,31
499.4,21
499.5,6
499.5,37
500.4,12
500.6,38
500.8,18
500.9,19
501.4,22
501.9,5
502.4,36
502.5,0
502.6,26
504.6,27
504.9,16
505.1,13
506.7,29
507.7,33
507.8,32
508.0,11
508.5,3
508.6,1
508.7,30
508.8,12
509.1,23
509.3,25
510.1,10
510.4,7
510.7,14
512.7,16
514.5,15
514.6,6
514.7,37
514.8,26
514.9,21
515.2,18
515.7,12
515.7,32
515.9,24
516.7,31
517.3,34
518.8,23
520.4,36
520.7,38
521.5,22
521.7,20
522.1,17
522.1,16
522.4,7
523.6,33
523.8,35
524.2,12
526.8,9
526.9,21
527.0,3
527.3,10
527.5,27
527.6,13
528.0,6
528.2,14
528.4,37
528.6,28
528.8,25
529.0,1
529.1,26
529.3,32
529.8,34
529.9,5
529.9,29
530.1,38
532.0,7
532.0,31
532.7,12
532.7,36
533.9,33
534.2,15
534.5,18
534.5,24
536.0,23
536.2,11
536.7,39
536.9,16
538.1,25
538.5,30
539.0,4
539.3,12
539.4,8
540.1,37
540.2,6
543.3,26
543.7,36
544.0,27
544.1,9
544.4,16
544.5,19
544.6,13
544.7,31
544.9,32
545.5,3
545.7,38
546.0,1
546.3,33
546.5,6
547.0,29
547.8,7
547.9,12
550.5,18
551.7,37
552.7,24
553.1,23
553.2,14
553.2,17
553.2,21
553.5,16
554.2,20
554.7,36
554.8,10
555.2,28
555.3,25
555.8,12
557.7,26
558.8,6
558.8,33
559.0,38
560.0,27
560.1,39
560.5,22
560.6,7
560.6,34
560.6,13
561.0,31
562.0,16
562.1,12
562.1,32
563.0,3
563.2,37
564.4,9
564.7,15
565.2,29
565.3,21
565.5,24
566.0,8
566.5,23
568.8,36
570.5,18
570.5,19
570.7,12
570.7,16
571.1,14
571.4,26
571.6,5
572.4,33
572.7,32
574.0,6
574.0,31
574.2,7
574.3,13
574.3,38
574.6,0
575.0,1
575.5,27
576.9,9
577.0,12
577.6,3
578.7,10
579.5,29
580.2,11
580.5,36
580.6,26
581.1,37
581.2,25
581.5,17
582.1,39
582.2,30
582.7,24
582.7,28
583.1,32
583.3,2
583.3,12
583.3,16
583.6,22
583.7,8
584.6,13
585.6,31
586.7,23
586.8,18
587.0,6
587.0,15
588.4,7
589.3,21
590.6,34
591.2,12
591.5,4
592.0,27
592.2,26
592.4,10
593.7,37
594.2,16
594.2,36
594.6,9
594.6,33
594.7,24
595.6,25
596.5,38
597.3,1
597.3,3
598.9,18
598.9,32
599.7,23
599.8,6
600.2,5
600.2,31
600.3,12
600.8,29
602.2,10
602.4,30
603.2,24
603.3,16
603.3,35
604.6,21
605.1,34
605.2,15
605.3,26
608.0,19
608.0,27
608.2,36
608.3,9
608.6,8
608.7,12
608.7,38
609.3,39
609.5,7
610.4,37
610.5,14
610.9,17
611.6,23
611.7,32
611.8,31
612.7,28
612.8,18
613.4,13
613.5,36
614.1,16
614.1,33
615.8,12
616.9,26
617.0,6
617.7,25
618.6,11
618.8,1
619.7,21
620.4,29
621.4,3
622.9,31
622.9,38
623.1,9
623.3,18
623.8,12
623.9,10
624.4,5
624.4,24
625.0,37
625.9,27
626.1,32
627.1,35
627.5,23
628.0,22
628.0,33
628.1,7
628.6,2
628.8,8
628.9,36
629.4,26
629.7,0
630.4,13
630.9,12
630.9,19
631.6,16
633.0,31
633.9,17
634.6,25
635.2,21
636.2,18
636.2,38
636.6,6
636.6,28
637.2,1
637.2,29
637.4,3
637.8,39
638.1,14
638.1,32
638.4,37
638.8,33
638.9,15
639.4,10
639.5,36
639.6,23
639.7,12
640.1,27
640.4,9
640.5,16
640.7,26
642.2,24
644.6,11
645.7,31
646.1,5
646.1,7
647.1,12
647.8,10
648.0,36
648.8,37
649.0,33
649.3,18
649.4,13
649.8,6
650.1,34
650.9,23
651.1,1
651.8,2
651.8,25
652.1,26
652.3,21
652.4,32
652.5,16
653.5,29
654.0,12
655.0,38
655.1,8
655.6,22
655.9,24
656.4,28
658.5,9
658.7,3
658.8,37
660.5,4
660.6,12
660.7,23
660.9,33
661.0,31
661.1,15
662.0,7
662.2,16
662.6,36
664.3,18
665.4,30
665.6,32
666.2,6
666.7,26
667.1,0
667.3,5
667.3,12
667.3,14
667.5,10
667.9,21
668.0,13
668.3,24
668.4,11
668.6,20
668.8,19
668.9,1
668.9,27
669.0,38
670.2,36
671.0,25
671.6,16
672.4,23
672.6,29
674.3,37
674.7,17
675.0,7
675.1,2
675.2,39
675.3,12
675.6,18
676.6,31
676.8,3
676.9,5
678.1,24
679.9,9
681.2,6
681.4,32
681.6,26
681.9,8
681.9,33
682.1,25
682.8,36
683.1,16
683.2,37
684.8,38
684.9,21
685.4,12
685.4,19
685.9,18
687.5,1
688.4,23
689.6,27
692.0,22
692.1,26
692.5,37
692.6,29
693.1,31
693.2,38
694.0,7
694.1,24
694.2,0
694.5,11
694.7,15
694.9,34
695.0,6
695.1,16
695.5,12
695.8,10
696.4,5
696.4,9
696.5,28
696.5,36
698.1,21
698.1,26
699.0,33
699.6,3
699.7,32
700.2,13
700.5,23
700.6,17
701.8,14
701.8,20
702.1,18
702.7,12
705.8,1
705.8,25
706.0,29
707.0,16
707.0,31
707.0,37
707.1,38
708.2,7
708.6,15
708.9,24
711.5,19
711.5,36
711.8,18
711.9,26
712.0,6
712.1,12
712.2,23
712.2,39
712.8,22
713.1,33
713.8,21
713.8,35
714.2,10
715.2,4
717.0,5
717.2,32
718.1,12
718.1,27
718.2,7
718.5,8
718.7,16
718.9,3
719.6,17
720.2,9
720.7,31
721.1,24
721.2,23
721.3,26
721.5,34
722.1,25
722.3,36
722.6,37
722.8,11
723.0,29
724.7,38
724.8,6
725.6,18
726.0,16
726.0,22
726.5,0
726.6,12
726.9,10
727.7,13
728.2,1
729.0,26
729.4,7
729.6,32
730.0,19
730.1,27
730.4,2
731.6,21
732.9,28
733.2,25
733.2,36
733.4,33
733.8,24
734.1,6
734.6,12
735.8,15
735.9,31
736.1,38
736.2,14
736.5,23
736.5,37
740.5,16
741.0,3
741.5,9
742.3,10
742.6,7
742.9,26
743.0,36
743.1,29
743.5,18
743.9,32
744.3,22
744.5,8
744.9,12
745.7,1
746.9,24
747.1,37
747.7,21
747.8,4
747.8,11
747.8,23
748.3,25
748.4,33
749.2,17
749.3,16
749.4,2
749.6,31
751.9,12
751.9,27
751.9,30
752.2,13
752.3,6
752.3,38
752.6,15
752.9,18
753.0,5
753.2,26
753.3,36
753.7,3
753.8,34
756.1,32
758.2,16
759.3,7
759.9,23
759.9,12
759.9,24
761.0,10
763.1,21
763.3,14
764.1,8
764.1,37
764.3,25
764.6,26
765.0,33
765.2,39
765.5,36
765.9,6
766.0,5
766.0,31
766.8,0
766.8,18
766.9,3
767.1,12
767.2,1
767.3,9
767.5,38
767.7,28
768.6,23
768.9,19
769.8,16
771.3,32
771.5,17
773.1,11
773.9,22
775.4,27
775.9,12
776.0,7
776.6,37
776.8,29
777.7,16
778.0,26
778.1,25
778.2,9
779.4,21
779.6,24
780.0,36
780.0,38
780.4,4
780.6,10
781.7,12
782.0,18
782.9,31
783.2,23
783.9,3
783.9,8
784.3,33
784.7,6
786.9,36
787.8,32
788.3,34
788.9,5
789.8,7
791.3,37
791.7,15
791.8,12
791.8,16
791.9,22
792.5,38
792.6,1
793.6,31
794.2,26
794.7,25
794.9,9
794.9,21
795.0,24
795.5,6
795.8,27
796.5,13
796.9,11
796.9,23
797.2,12
797.4,37
797.7,29
798.1,18
798.2,32
798.6,3
798.9,17
799.1,16
799.4,33
799.9,7
801.2,36
802.4,10
803.1,20
803.6,38
804.6,15
804.6,26
805.1,12
805.1,24
807.4,19
808.9,31
810.1,16
810.1,22
810.1,34
810.7,6
810.7,25
810.7,37
810.7,39
811.4,33
812.0,36
812.1,12
812.1,30
812.2,7
812.2,38
812.4,21
812.9,23
813.1,8
813.7,9
814.3,32
815.6,29
816.3,16
816.4,11
816.8,3
817.1,28
818.5,26
818.7,18
819.6,15
820.1,27
820.3,37
820.4,5
820.4,12
820.5,31
821.2,1
821.8,10
821.8,17
821.8,24
821.9,13
822.1,36
823.0,38
823.1,6
824.2,25
824.6,23
825.5,7
826.5,21
826.8,33
827.1,8
827.2,12
827.8,16
828.0,32
828.6,14
828.9,26
829.3,39
830.3,37
831.3,29
832.4,30
832.5,6
832.8,38
833.3,9
834.0,11
834.1,5
834.4,18
834.4,33
834.9,23
835.1,22
835.1,27
835.2,3
835.2,17
835.3,12
835.6,36
835.7,10
835.8,31
837.0,16
838.2,35
838.4,8
838.5,32
839.1,37
841.6,20
841.9,12
842.4,26
842.6,7
843.7,25
844.2,21
844.4,36
844.6,24
846.0,28
846.2,38
846.5,16
847.4,1
847.6,37
848.7,4
849.2,19
849.8,23
850.7,6
851.2,18
852.0,12
852.8,9
852.9,32
853.7,33
854.6,25
854.7,21
854.8,37
855.1,36
855.3,27
855.5,29
855.6,16
855.7,3
855.8,24
855.9,5
856.0,34
856.4,26
856.8,15
857.0,17
857.0,31
857.3,10
857.5,12
859.4,0
859.8,22
860.3,13
860.3,38
861.8,11
862.7,28
863.6,23
863.8,7
863.9,18
864.1,14
864.1,16
864.3,35
864.5,8
864.5,39
865.7,6
866.3,12
868.3,36
868.7,26
869.1,10
869.1,37
869.2,33
870.8,25
872.8,30
873.5,24
873.8,1
874.6,3
874.6,27
874.7,20
874.9,13
874.9,21
874.9,29
875.1,32
875.2,9
875.3,12
875.4,5
875.6,16
876.3,31
876.5,7
877.4,38
878.8,6
879.3,33
880.1,36
880.6,18
880.7,37
880.8,19
881.0,23
881.0,26
881.3,10
881.4,17
882.4,2
882.4,12
884.5,15
886.1,7
886.6,31
887.5,24
887.6,9
887.8,16
889.0,21
889.3,12
890.1,8
890.1,22
890.1,25
890.6,32
890.8,36
891.1,1
891.1,4
891.3,28
891.5,27
891.8,38
891.9,26
892.2,13
892.5,3
892.9,37
893.5,6
893.5,29
893.6,7
897.7,18
897.9,23
899.0,39
899.3,31
899.7,24
900.3,10
900.3,16
900.5,12
901.0,33
903.4,32
903.6,26
904.5,34
905.0,21
905.0,37
905.1,11
905.6,31
905.7,25
905.9,15
906.0,38
906.2,9
906.5,36
906.6,6
906.7,3
907.1,7
907.5,12
907.5,20
907.5,30
908.9,23
909.1,13
909.2,14
910.6,27
910.7,18
911.3,29
911.5,33
912.1,19
912.9,17
912.9,26
913.2,16
915.0,24
915.2,1
916.5,2
916.9,8
917.1,13
917.2,5
917.2,12
917.4,37
917.8,22
918.5,10
918.7,3
918.7,9
918.7,39
920.4,29
921.9,26
922.7,7
922.8,15
923.1,38
923.5,23
924.3,21
925.6,25
925.7,12
925.8,6
926.4,31
926.5,16
926.6,32
927.1,36
928.2,33
928.6,28
928.8,37
928.9,24
929.1,18
929.7,26
930.3,8
930.5,39
930.6,11
931.6,27
931.8,12
933.5,3
936.1,38
936.3,1
936.3,17
936.4,19
937.3,6
937.3,23
938.0,16
938.1,7
938.1,13
938.5,21
938.8,12
939.1,32
939.1,37
939.8,9
939.9,31
940.1,22
940.4,18
940.5,5
940.5,24
941.3,36
941.4,10
943.7,15
943.9,25
945.3,8
945.9,33
946.5,16
946.7,29
946.9,12
947.3,35
948.0,0
948.6,1
949.6,26
949.7,37
950.8,28
951.2,27
951.5,31
951.7,38
952.1,3
952.6,20
952.6,32
952.8,13
953.3,4
953.6,29
954.2,7
954.2,12
954.2,36
954.4,14
954.9,23
957.2,18
957.6,6
957.7,10
958.0,21
958.5,37
960.0,32
961.8,12
962.0,16
962.2,33
962.5,26
964.1,38
964.4,24
964.7,6
964.8,11
965.7,39
966.7,22
966.7,36
967.4,25
967.6,23
968.3,1
968.4,3
968.7,9
968.7,31
969.1,13
969.8,17
969.8,27
970.0,12
970.8,32
970.8,37
971.6,16
971.6,30
971.7,26
971.8,10
972.1,21
972.4,18
972.7,29
972.9,7
974.0,31
975.7,15
975.9,24
977.4,0
977.4,23
977.4,33
978.1,28
978.2,8
978.2,34
979.0,5
979.5,36
979.7,38
980.6,6
980.8,12
981.0,3
983.4,16
983.6,37
983.8,32
984.1,26
985.0,18
985.4,19
986.4,21
986.5,23
986.7,25
987.3,31
987.9,7
988.0,28
988.1,9
988.1,10
988.5,27
988.8,12
988.8,36
989.2,35
990.9,24
991.5,16
993.8,38
993.9,26
995.7,6
996.5,37
996.7,17
997.8,3
998.2,29
998.3,18
999.1,20
999.2,33
999.2,39
999.3,23
999.4,1
999.5,7
999.6,22
999.7,12
999.8,32
1000.6,31
1001.2,27
1004.1,30
1004.2,16
1004.7,13
1004.7,34
1005.4,8
1005.9,21
1006.0,38
1006.2,12
1006.4,37
1006.5,14
1006.5,26
1006.8,11
1008.0,25
1008.0,29
1008.7,36
1008.9,6
1009.3,15
1009.4,4
1009.4,31
1009.6,10
1011.2,28
1011.8,1
1014.1,7
1014.1,9
1014.2,32
1014.5,26
1014.8,27
1014.9,33
1015.0,5
1015.0,35
1015.1,19
1015.1,37
1015.7,12
1015.8,2
1015.8,23
1016.1,24
1016.4,18
1017.1,16
1017.8,3
1019.6,38
1020.1,17
1020.5,8
1021.3,21
1021.4,12
1023.3,6
1024.0,31
1024.0,36
1025.1,22
1025.8,25
1025.8,26
1026.0,7
1026.2,27
1026.7,13
1026.9,37
1027.1,32
1027.4,15
1027.4,23
1028.0,33
1029.0,29
1029.1,16
1029.6,20
1029.6,39
1029.9,0
1029.9,12
1030.5,14
1030.8,28
1031.0,10
1031.5,9
1031.7,24
1032.1,18
1032.8,38
1033.7,1
1033.8,26
1035.5,3
1035.5,12
1035.6,36
1036.1,31
1036.6,37
1037.3,25
1037.4,6
1038.2,16
1038.9,7
1040.0,32
1041.3,21
1043.5,10
1043.5,12
1043.6,23
1044.3,27
1044.5,1
1044.6,38
1044.6,24
1045.0,18
1045.1,29
1045.3,17
1045.7,5
1046.2,26
1047.6,33
1049.7,16
1050.4,36
1050.9,3
1052.2,12
1052.4,9
1052.7,31
1053.0,7
1053.2,6
1053.9,4
1053.9,37
1054.2,32
1055.4,25
1056.3,22
1056.5,35
1057.0,23
1057.9,8
1057.9,13
1058.4,24
1058.7,26
1058.8,1
1059.3,10
1061.0,19
1061.4,16
1061.4,38
1061.5,7
1061.5,12
1062.0,27
1062.6,21
1062.9,37
1063.1,17
1063.1,31
1063.4,11
1063.7,36
1064.1,18
1064.1,39
1064.7,28
1064.8,33
1065.2,15
1065.7,24
1066.3,6
1066.3,29
1067.1,26
1067.4,12
1067.4,30
1068.9,5
1069.9,25
1070.7,3
1073.4,9
1073.4,38
1074.4,16
1074.5,32
1074.6,2
1075.5,10
1075.6,20
1076.7,37
1077.0,12
1077.5,39
1078.6,7
1078.8,23
1078.9,22
1078.9,31
1078.9,36
1079.7,21
1080.1,13
1080.1,26
1080.8,18
1080.8,25
1081.4,27
1081.5,1
1082.1,33
1083.1,8
1083.6,34
1084.2,24
1084.5,12
1085.2,32
1085.5,3
1085.6,37
1085.8,15
1086.1,31
1086.5,9
1086.9,16
1087.0,5
1089.4,18
1090.1,19
1090.1,29
1091.0,10
1091.1,26
1091.7,38
1091.8,36
1092.1,12
1092.2,0
1092.2,6
1093.6,1
1093.7,23
1093.7,33
1093.8,7
1094.2,20
1094.8,28
1095.1,37
1097.2,32
1098.0,24
1100.1,12
1100.7,21
1101.0,4
1101.0,31
1101.0,25
1101.8,8
1102.1,13
1102.2,26
1102.5,36
1102.6,16
1102.9,35
1103.8,23
1104.4,9
1105.2,3
1105.4,17
1105.6,11
1106.3,6
1107.0,10
1107.4,38
1107.7,12
1107.7,37
1107.9,29
1108.2,22
1108.4,15
1108.4,31
1108.5,14
1108.6,1
1109.5,7
1109.5,19
1109.7,24
1109.8,18
1109.9,27
1111.3,16
1111.6,39
1112.0,5
1112.5,23
1113.7,26
1117.2,36
1118.0,9
1118.2,32
1118.4,37
1118.8,12
1119.0,21
1119.0,27
1119.5,1
1119.5,33
1120.1,25
1120.5,24
1121.0,6
1121.2,29
1121.2,16
1121.7,17
1121.8,15
1121.9,34
1122.1,13
1122.3,26
1122.4,31
1122.5,10
1122.6,36
1123.1,18
1123.3,7
1123.5,38
1123.6,3
1123.9,23
1125.1,8
1126.7,12
1130.5,20
1130.6,14
1131.5,32
1131.9,1
1133.3,16
1133.4,5
1133.4,26
1133.8,21
1134.2,38
1134.3,12
1134.4,37
1135.8,11
1135.9,9
1136.4,36
1137.9,31
1138.4,24
1139.5,6
1140.5,7
1140.5,28
1140.6,10
1140.7,18
1141.8,33
1141.9,12
1142.0,27
1142.1,16
1142.8,30
1143.2,26
1143.6,23
1143.9,29
1144.2,3
1145.2,25
1145.8,38
1146.2,37
1147.4,31
1148.6,9
1148.6,39
1149.0,36
1149.4,16
1149.8,21
1150.0,24
1150.7,12
1151.6,32
1151.9,5
1152.1,15
1152.3,20
1152.5,33
1153.6,7
1153.8,13
1154.0,6
1154.7,23
1155.3,18
1155.8,0
1155.8,1
1156.2,26
1157.1,27
1157.4,22
1158.0,38
1158.7,31
1160.3,37
1160.4,16
1160.5,12
1161.6,36
1162.0,11
1162.0,17
1162.4,29
1162.7,8
1162.7,24
1163.9,25
1164.2,10
1165.1,21
1167.1,3
1167.9,33
1168.0,12
1168.0,32
1168.2,9
1168.4,7
1168.4,23
1169.2,37
1170.7,18
1171.5,6
1171.5,31
1172.4,26
1173.5,34
1173.6,35
1175.4,38
1175.6,12
1175.7,36
1176.1,37
1176.3,27
1176.8,16
1177.1,9
1177.2,39
1178.0,29
1178.1,13
1178.6,19
1179.1,23
1180.0,14
1180.3,5
1181.4,1
1181.5,32
1181.7,25
1182.1,33
1182.2,12
1182.3,28
1182.4,15
1182.9,3
1182.9,31
1184.3,37
1184.8,24
1185.6,26
1186.3,8
1186.4,6
1186.5,21
1186.7,36
1186.9,22
1187.4,7
1187.8,30
1188.6,16
1189.9,38
1190.6,12
1191.2,18
1192.5,10
1193.1,11
1193.4,27
1193.4,29
1194.4,23
1195.2,26
1195.4,31
1195.6,7
1195.9,0
1196.1,6
1196.4,32
1196.7,39
1197.3,12
1197.5,25
1197.5,17
1198.2,37
1198.4,16
1200.0,24
1200.2,9
1200.6,36
1201.9,33
1202.6,3
1203.0,13
1203.3,15
1203.6,38
1203.9,18
1204.1,12
1204.9,27
1205.2,14
1207.1,7
1207.7,23
1208.6,20
1208.8,32
1209.0,31
1209.1,26
1209.3,16
1209.4,4
1209.7,8
1209.7,21
1209.7,22
1210.0,10
1210.9,1
1211.0,5
1211.7,9
1211.8,12
1212.6,6
1212.6,37
1214.1,29
1214.5,28
1215.1,34
1215.6,36
1216.7,16
1216.7,33
1216.8,12
1216.8,18
1217.0,23
1218.1,3
1218.7,19
1220.3,24
1221.0,26
1222.1,25
1222.6,37
1222.7,38
1222.9,17
1223.0,31
1223.1,27
1223.6,21
1223.9,0
1224.1,7
1224.7,32
1225.6,12
1227.4,13
1227.4,14
1229.1,16
1229.3,18
1229.5,5
1230.8,36
1231.1,6
1231.2,23
1231.7,15
1231.8,12
1232.0,11
1232.9,10
1233.0,22
1234.8,26
1234.8,29
1234.8,39
1235.0,7
1235.0,24
1235.5,38
1235.6,1
1235.9,8
1236.0,28
1236.1,9
1236.1,32
1236.4,37
1236.6,33
1237.5,20
1237.6,31
1237.9,12
1239.0,25
1239.5,34
1240.1,27
1240.1,35
1242.1,16
1243.4,3
1243.7,21
1244.3,19
1244.6,6
1245.3,31
1245.4,5
1245.9,36
1247.4,12
1247.5,34
1247.8,18
1248.8,26
1249.6,10
1249.8,14
1249.8,23
1250.3,37
1250.4,33
1250.6,7
1250.6,29
1251.2,15
1251.5,38
1251.8,30
1252.3,16
1253.3,1
1253.8,24
1254.6,9
1254.8,6
1255.5,12
1255.6,32
1256.8,31
1259.6,13
1260.0,5
1260.2,3
1260.7,0
1260.8,21
1261.0,18
1261.5,36
1262.9,27
1263.0,26
1263.8,17
1263.8,37
1264.6,12
1265.4,16
1265.5,8
1265.6,23
1265.8,25
1266.1,24
1266.3,22
1267.1,1
1268.7,32
1269.9,33
1269.9,7
1270.2,31
1270.4,10
1270.5,36
1271.5,15
1272.5,12
1273.4,16
1273.8,28
1274.4,27
1275.4,11
1275.4,18
1275.5,29
1275.5,39
1275.9,37
1276.0,13
1276.0,38
1276.3,23
1276.5,6
1276.6,3
1277.1,26
1278.2,21
1278.6,24
1279.6,7
1280.2,12
1280.9,16
1281.1,31
1281.2,9
1281.6,0
1281.6,32
1284.4,36
1284.6,33
1287.8,37
1289.7,38
1290.3,25
1290.4,12
1290.5,26
1290.8,23
1291.3,1
1291.3,7
1291.7,15
1292.0,34
1292.3,28
1292.3,29
1292.3,31
1292.5,14
1292.7,16
1292.8,11
1293.6,19
1293.8,10
1293.9,4
1293.9,18
1293.9,27
1294.1,3
1294.2,30
1294.6,8
1294.6,32
1295.3,13
1296.1,24
1297.2,37
1297.5,12
1298.0,22
1299.1,17
1299.4,9
1299.5,6
1299.8,21
1300.4,26
1300.9,33
1302.0,36
1302.4,5
1303.6,12
1304.2,16
1304.7,19
1305.0,18
1305.1,31
1305.1,32
1305.5,23
1306.4,7
1306.4,29
1307.4,37
1307.4,39
1307.6,24
1308.6,25
1309.5,27
1310.1,3
1310.2,38
1310.5,12
1311.1,15
1311.3,10
1312.6,6
1313.7,32
1313.9,16
1314.8,1
1314.8,26
1316.1,36
1318.0,20
1318.5,21
1318.6,12
1318.9,33
1320.2,27
1320.4,25
1320.5,3
1320.6,13
1320.6,28
1321.0,31
1321.4,23
1321.7,11
1321.9,7
1322.7,24
1323.3,37
1323.4,35
1323.9,18
1324.1,16
1324.1,34
1324.6,22
1324.6,26
1324.7,2
1324.7,12
1325.1,9
1325.2,14
1325.8,10
1325.9,5
1326.3,39
1327.5,8
1328.2,6
1328.4,38
1329.4,23
1329.6,36
1330.7,4
1331.3,32
1331.5,24
1331.9,17
1332.4,12
1332.6,9
1333.1,37
1333.6,3
1335.2,31
1335.3,16
1335.9,7
1336.3,38
1336.5,21
1337.7,25
1338.0,15
1338.3,18
1338.4,12
1339.0,29
1340.3,1
1340.5,22
1342.0,26
1342.1,27
1342.1,36
1343.4,11
1343.6,33
1344.0,32
1344.4,31
1344.5,23
1345.1,24
1345.2,5
1345.2,13
1345.8,3
1346.0,12
1346.5,16
1346.7,10
1347.4,14
1348.5,0
1348.7,28
1349.1,7
1349.3,25
1350.1,6
1351.0,18
1351.2,1
1352.9,26
1353.6,34
1354.1,21
1354.9,12
1355.0,38
1355.2,37
1355.8,15
1356.0,19
1356.1,24
1356.4,33
1356.5,23
1356.6,36
1357.1,30
1357.6,16
1358.1,9
1358.8,3
1359.1,32
1360.9,31
1361.2,17
1362.3,6
1362.9,29
1363.1,27
1363.2,12
1363.4,10
1364.0,26
1364.4,8
1364.7,5
1364.8,36
1365.0,20
1366.1,32
1367.2,25
1367.5,9
1367.5,22
1368.4,4
1368.8,38
1368.9,16
1369.0,11
1369.0,21
1369.2,23
1369.4,1
1369.8,7
1369.8,37
1370.4,33
1370.7,12
1371.2,24
1371.5,18
1373.1,31
1375.3,36
1377.1,3
1377.9,12
1378.0,26
1378.1,19
1379.1,37
1379.2,6
1379.7,32
1380.5,15
1380.6,16
1381.1,27
1381.5,10
1381.9,5
1382.7,13
1382.9,18
1383.8,34
1384.2,9
1384.2,23
1384.8,7
1385.5,21
1385.5,39
1386.1,25
1386.6,38
1386.8,31
1387.6,1
1387.9,12
1388.4,24
1389.9,17
1390.0,36
1390.2,14
1390.7,3
1390.7,33
1391.0,29
1391.7,10
1391.8,18
1393.1,26
1393.2,16
1394.0,0
1394.0,28
1394.3,37
1394.9,6
1395.4,12
1395.7,23
1396.1,8
1396.2,30
1396.3,11
1397.6,32
1397.9,25
1398.1,27
1398.4,9
1398.4,24
1399.4,4
1399.8,21
1401.0,31
1402.3,12
1402.3,38
1403.3,1
1403.3,22
1403.9,36
1404.4,35
1404.9,37
1405.0,7
1405.1,3
1405.1,16
1405.4,5
1405.8,26
1406.1,29
1406.1,33
1407.1,39
1407.4,15
1407.6,13
1408.5,10
1408.8,12
1410.3,23
1410.6,25
1411.0,9
1411.6,18
1412.4,38
1413.0,6
1414.0,28
1414.2,27
1414.5,24
1414.8,31
1414.8,37
1415.5,21
1416.2,32
1416.4,5
1416.5,25
1417.0,26
1417.0,36
1417.4,12
1417.7,30
1419.0,7
1419.3,16
1419.8,23
1420.0,20
1420.1,17
1420.8,9
1421.9,3
1422.5,19
1423.8,12
1423.9,22
1424.0,8
1424.1,1
1424.4,33
1425.4,37
1427.1,6
1427.1,18
1427.6,15
1428.5,21
1428.6,16
1428.8,32
1429.1,0
1429.1,38
1429.4,10
1429.7,24
1429.7,34
1430.2,4
1430.3,31
1430.8,23
1431.0,25
1431.0,27
1431.3,7
1432.2,29
1432.2,36
1433.1,26
1434.4,12
1436.2,11
1436.2,14
1436.5,5
1436.7,37
1436.8,33
1437.8,22
1439.1,23
1439.7,27
1440.7,12
1440.8,32
1441.2,16
1442.0,1
1442.2,3
1442.2,6
1442.3,24
1442.4,17
1442.8,7
1443.7,36
1444.4,18
1444.7,9
1444.9,13
1445.5,39
1445.6,21
1445.6,31
1445.7,25
1445.9,19
1446.0,26
1446.0,38
1446.8,37
1447.1,12
1448.5,29
1448.9,23
1448.9,33
1451.1,28
1452.4,20
1453.5,8
1453.6,24
1454.1,10
1454.7,38
1454.9,12
1455.1,26
1455.6,31
1455.6,36
1456.6,27
1456.9,16
1457.1,7
1457.2,32
1458.0,25
1459.2,21
1460.1,3
1460.5,37
1460.6,18
1461.6,12
1463.8,6
1463.8,15
1464.4,9
1464.7,23
1464.9,34
1465.8,14
1466.9,5
1467.0,0
1467.1,16
1467.3,26
1467.5,19
1467.6,35
1467.7,4
1467.7,36
1467.8,29
1467.9,24
1468.0,8
1468.0,21
1468.3,12
1468.8,32
1469.2,7
1469.5,33
1469.9,31
1471.0,1
1472.4,13
1473.1,18
1473.1,38
1474.7,6
1474.8,10
1475.0,27
1475.3,12
1476.0,23
1476.0,37
1476.8,16
1476.9,25
1477.8,7
1479.5,15
1480.6,17
1481.1,26
1481.2,24
1481.4,31
1481.8,29
1482.1,21
1482.1,36
1483.0,3
1483.4,30
1483.6,5
1483.8,12
1484.0,11
1484.1,33
1484.3,1
1485.4,37
1485.6,32
1485.6,9
1488.4,25
1488.6,13
1489.2,23
1489.7,16
1489.7,18
1490.4,2
1490.4,10
1490.4,39
1490.9,27
1491.9,38
1492.2,12
1492.4,29
1494.0,7
1494.6,31
1495.4,26
1496.8,36
1497.0,37
1497.4,22
1498.0,21
1498.0,24
1498.4,12
1499.5,33
1499.8,8
1499.8,23
1501.0,16
1501.4,15
1501.9,32
1502.3,19
1503.2,27
1503.8,10
1504.4,6
1505.5,4
1505.8,18
1506.1,38
1506.5,5
1506.5,12
1506.5,37
1506.6,3
1507.7,24
1507.7,28
1508.1,9
1508.3,36
1509.1,14
1509.3,16
1511.7,29
1512.5,6
1512.5,31
1513.7,1
1513.7,7
1513.8,34
1514.1,22
1514.1,25
1515.6,26
1515.8,12
1516.3,15
1516.5,3
1516.6,11
1516.7,35
1516.7,39
1517.4,33
1518.0,23
1518.9,16
1521.2,12
1521.2,21
1521.2,32
1521.5,36
1521.6,6
1521.7,8
1522.1,24
1522.5,17
1522.5,20
1523.5,31
1523.5,37
1523.6,26
1524.8,27
1525.3,10
1525.7,23
1526.8,13
1526.8,18
1527.2,38
1527.7,22
1527.7,33
1527.8,19
1528.2,7
1529.9,3
1530.0,12
1530.3,36
1530.9,26
1531.6,16
1532.4,25
1533.1,9
1533.1,20
1534.0,37
1534.1,29
1534.3,15
1534.9,14
1535.8,32
1535.9,24
1537.3,6
1537.5,5
1537.5,21
1537.7,7
1538.2,12
1538.4,33
1538.4,38
1539.0,23
1539.0,31
1542.4,22
1543.1,36
1543.2,16
1543.4,26
1543.7,18
1543.8,30
1544.0,35
1544.0,37
1544.2,34
1545.0,12
1545.5,1
1545.9,32
1546.4,9
1546.4,10
1547.9,7
1548.5,3
1549.9,21
1549.9,39
1550.0,25
1550.0,31
1550.4,4
1551.1,27
1551.7,16
1551.8,6
1552.0,29
1552.3,24
1552.9,36
1553.0,37
1553.3,38
1553.7,12
1553.8,13
1555.4,17
1558.0,9
1558.4,26
1558.6,19
1558.7,23
1558.9,11
1559.0,32
1559.6,24
1560.1,2
1560.8,18
1560.9,33
1561.1,1
1562.2,12
1563.2,10
1563.5,31
1564.1,34
1564.4,6
1564.5,21
1565.2,5
1565.4,16
1565.5,28
1567.1,27
1567.2,20
1567.9,36
1567.9,37
1568.0,25
1568.6,12
1569.3,3
1569.4,0
1569.8,14
1570.1,26
1570.5,8
1570.7,38
1571.1,15
1571.5,23
1571.6,7
1573.3,22
1575.4,6
1576.2,21
1576.2,32
1576.7,16
1577.1,29
1577.8,9
1578.0,37
1578.2,24
1578.3,39
1578.5,33
1578.6,25
1578.6,31
1578.6,5
1578.8,12
1579.6,26
1579.7,18
1580.4,36
1580.6,19
1580.7,17
1581.8,7
1583.9,23
1584.2,27
1584.6,12
1584.9,30
1585.3,13
1585.5,10
1585.9,1
1587.1,3
1587.8,36
1587.9,21
1588.8,6
1590.0,37
1592.0,16
1592.1,18
1592.3,24
1592.4,31
1592.4,38
1592.7,12
1593.1,7
1593.1,8
1593.3,25
1595.2,15
1595.8,28
1596.0,5
1596.4,0
1596.5,9
1596.5,26
1596.7,32
1596.8,14
1597.1,17
1597.2,23
1598.5,33
1598.9,34
1599.6,39
1599.7,29
1600.0,4
1600.9,10
1600.9,12
1600.9,36
1601.0,16
1601.0,37
1605.5,3
1606.0,27
1606.5,22
1606.5,18
1606.7,6
1607.2,38
1607.3,26
1607.3,31
1607.4,21
1608.4,23
1609.0,25
1609.1,24
1609.6,12
1609.6,16
1611.3,13
1611.5,11
1612.0,36
1612.8,20
1612.8,37
1612.9,5
1613.3,8
1613.4,1
1613.8,7
1614.1,33
1614.9,10
1615.5,32
1617.6,29
1618.6,16
1618.7,26
1619.7,12
1620.1,9
1620.4,31
1620.7,21
1620.7,30
1621.0,15
1621.4,28
1621.8,23
1622.4,18
1623.0,36
1624.1,6
1624.3,37
1624.4,14
1625.1,38
1625.5,32
1626.1,25
1626.3,12
1627.1,24
1627.3,19
1628.6,10
1628.6,17
1629.2,22
1629.2,5
1629.6,3
1630.5,13
1631.2,0
1631.9,7
1632.3,31
1632.4,37
1632.6,16
1633.1,26
1633.1,29
1633.8,18
1633.9,9
1634.7,8
1634.7,12
1635.9,1
1636.5,27
1637.0,2
1637.0,21
1637.0,38
1638.7,32
1638.8,6
1639.3,23
1640.2,36
1641.1,12
1641.2,26
1641.3,24
1641.3,35
1641.4,33
1642.5,16
1643.8,37
1644.2,15
1644.5,14
1644.7,11
1646.1,22
1648.0,12
1648.0,31
1648.4,20
1648.7,27
1649.0,10
1649.0,18
1649.0,25
1649.7,21
1650.1,9
1651.8,16
1651.9,36
1652.4,29
1653.3,7
1653.5,8
1653.5,26
1653.6,38
1656.0,32
1656.1,17
1657.0,12
1657.2,6
1657.3,33
1657.3,13
1657.3,28
1657.6,1
1657.7,10
1658.5,5
1658.6,37
1658.7,3
1659.0,23
1659.3,24
1661.3,25
1662.5,31
1662.8,9
1664.3,34
1665.1,16
1665.2,26
1665.3,18
1665.4,19
1665.6,36
1666.4,12
1666.8,33
1667.3,21
1667.5,38
1668.1,27
1668.8,25
1668.8,29
1669.5,7
1670.4,15
1670.4,39
1671.6,6
1671.8,23
1671.9,37
1672.2,3
1673.5,16
1673.9,12
1674.2,32
1675.1,1
1676.1,22
1676.2,18
1677.1,8
1677.1,10
1677.9,9
1678.0,5
1678.3,31
1678.6,36
1678.8,7
1678.8,20
1679.4,21
1679.5,26
1679.7,38
1679.8,24
1680.6,35
1681.5,4
1681.6,16
1681.6,37
1681.8,12
1682.4,23
1683.5,27
1683.9,3
1684.2,33
1685.1,13
1686.3,29
1686.7,32
1686.9,15
1688.1,17
1689.5,6
1690.2,12
1691.6,25
1691.6,36
1692.0,16
1692.3,34
1692.4,31
1693.1,7
1693.2,9
1693.2,11
1693.6,24
1693.7,14
1694.5,5
1694.5,18
1694.6,23
1694.7,26
1694.8,38
1695.6,8
1696.3,1
1696.3,33
1696.9,29
1697.7,12
1699.8,16
1699.9,39
1700.4,37
1700.6,28
1700.7,27
1701.1,19
1702.0,7
1702.0,10
1702.0,32
1702.4,18
1702.8,3
1702.8,36
1703.1,31
1703.2,21
1703.3,6
1703.8,38
1705.1,12
1708.3,25
1708.8,4
1709.1,5
1709.1,9
1709.3,16
1709.7,30
1710.2,26
1710.5,29
1711.3,23
1711.3,37
1711.8,33
1712.5,1
1714.2,10
1714.2,34
1714.3,12
1714.5,7
1715.3,31
1715.8,36
1716.8,18
1717.8,3
1718.3,32
1719.1,21
1719.4,16
1719.4,24
1719.5,17
1719.6,38
1719.6,39
1719.8,12
1720.5,13
1720.8,8
1720.8,20
1722.5,37
1723.6,36
1724.2,22
1724.9,26
1726.5,23
1726.9,16
1727.2,28
1727.3,14
1727.3,27
1728.0,31
1728.5,6
1728.6,12
1729.1,33
1729.3,32
1729.6,10
1729.9,25
1730.0,7
1732.3,37
1732.4,19
1733.2,15
1733.9,3
1734.0,9
1734.6,12
1734.9,1
1735.1,11
1735.5,29
1735.6,24
1736.8,16
1736.9,22
1737.0,38
1737.1,18
1737.4,25
1737.4,26
1737.6,23
1738.1,13
1738.1,36
1738.6,8
1738.9,31
1739.3,21
1740.5,33
1741.9,17
1743.5,6
1744.8,37
1745.3,12
1745.6,34
1745.7,27
1746.0,32
1746.2,24
1746.7,7
1746.8,3
1746.9,21
1747.2,39
1747.5,5
1747.8,16
1748.4,38
1749.3,26
1750.9,31
1751.2,29
1751.5,13
1751.7,10
1751.7,36
1752.4,12
1752.6,19
1752.7,15
1752.8,25
1752.8,33
1756.3,6
1756.3,37
1756.4,18
1756.5,0
1756.8,23
1757.5,9
1757.9,24
1759.7,16
1761.0,11
1761.1,7
1762.1,27
1762.2,14
1762.2,21
1762.7,17
1762.8,8
1763.0,12
1763.8,31
1764.2,36
1764.3,28
1764.4,5
1764.6,37
1766.1,3
1766.4,6
1766.7,32
1767.3,22
1767.4,1
1768.3,26
1768.6,38
1769.0,12
1769.4,24
1769.8,16
1769.8,29
1770.3,33
1771.4,21
1772.6,23
1774.7,15
1774.9,37
1775.1,39
1775.9,18
1776.2,6
1776.5,4
1776.8,35
1776.9,25
1777.0,7
1778.0,13
1778.0,32
1779.3,12
1779.5,31
1780.6,28
1780.7,26
1780.7,38
1781.3,1
1781.3,36
1781.5,19
1781.6,8
1781.7,27
1781.9,9
1781.9,29
1782.2,21
1783.2,16
1783.3,23
1784.5,33
1784.7,7
1785.1,24
1786.1,5
1786.4,20
1786.6,12
1787.9,3
1791.6,37
1791.7,10
1792.5,16
1792.7,32
1793.8,31
1794.0,11
1794.0,26
1794.3,18
1794.9,17
1795.2,12
1795.2,36
1795.5,1
1795.6,6
1795.6,22
1795.8,23
1795.8,25
1796.2,0
1796.3,14
1796.6,34
1796.9,27
1797.6,15
1798.0,29
1798.3,21
1799.1,7
1802.3,12
1802.3,24
1802.8,38
1803.2,9
1803.4,10
1804.3,31
1804.5,8
1804.9,26
1805.0,4
1805.1,16
1805.1,37
1805.6,33
1806.5,36
1807.4,29
1807.8,3
1808.8,39
1808.9,12
1808.9,32
1809.3,20
1810.0,1
1811.1,6
1813.0,35
1813.6,23
1814.5,17
1814.8,5
1815.0,27
1815.1,21
1815.4,18
1815.5,38
1816.2,25
1816.3,10
1816.6,2
1816.6,37
1817.9,16
1818.4,12
1818.8,31
1819.4,14
1819.9,36
1820.2,26
1822.3,7
1822.4,32
1822.9,15
1823.7,8
1823.8,3
1823.9,13
1823.9,25
1824.6,9
1824.8,24
1825.1,16
1825.2,28
1825.2,34
1825.4,19
1825.6,33
1826.0,6
1826.0,30
1826.5,21
1827.0,12
1828.0,22
1828.1,17
1828.6,31
1829.3,26
1829.3,37
1829.7,38
1830.3,29
1830.4,18
1832.5,10
1832.6,7
1833.7,23
1835.0,12
1835.6,1
1835.8,24
1835.9,33
1836.0,5
1836.9,6
1837.0,8
1837.2,36
1837.6,16
1838.2,32
1840.5,26
1840.8,27
1841.0,10
1841.5,3
1842.3,12
1843.4,14
1843.5,37
1843.6,21
1844.7,9
1844.7,28
1844.8,31
1845.3,18
1845.3,25
1845.3,29
1845.5,4
1845.8,20
1845.8,35
1846.0,7
1846.0,11
1846.1,39
1846.6,19
1850.0,38
1850.1,16
1850.1,23
1851.1,12
1851.6,22
1852.6,1
1852.9,24
1853.1,36
1853.3,26
1853.7,15
1854.5,18
1854.6,32
1855.3,3
1856.2,37
1856.3,31
1856.6,9
1856.9,6
1857.6,33
1857.7,16
1858.3,21
1858.7,0
1859.0,12
1860.9,10
1861.1,23
1861.9,25
1862.1,13
1862.2,27
1862.5,30
1863.1,29
1864.0,5
1864.9,7
1865.7,36
1866.2,37
1866.7,33
1867.1,6
1867.2,8
1867.7,22
1868.2,38
1868.5,12
1868.7,24
1869.9,21
1870.0,11
1870.2,1
1870.3,26
1870.9,16
1871.0,14
1871.8,18
1873.2,34
1873.3,39
1873.5,32
1873.9,12
1874.4,23
1874.9,15
1876.4,3
1876.8,31
1877.0,38
1877.1,36
1877.3,16
1877.5,28
1877.6,29
1877.8,7
1878.7,17
1879.3,6
1879.4,1
1879.4,24
1881.8,33
1883.2,37
1883.7,25
1883.8,20
1884.1,26
1884.7,18
1884.8,9
1884.8,27
1885.2,32
1885.3,12
1887.3,10
1887.8,31
1887.9,19
1889.0,11
1889.8,23
1890.0,36
1890.2,22
1891.4,0
1891.6,21
1891.9,16
1892.3,6
1892.4,3
1892.5,5
1892.6,34
1892.9,12
1893.5,37
1893.9,38
1894.4,33
1895.8,7
1895.9,1
1896.5,26
1897.4,18
1897.9,32
1898.2,31
1898.6,25
1899.9,36
1900.1,8
1900.5,12
1901.4,23
1901.9,24
1903.1,15
1905.1,21
1905.5,3
1905.9,29
1906.0,16
1906.2,10
1906.3,37
1906.4,13
1906.6,30
1906.8,6
1907.0,38
1907.1,9
1907.3,26
1908.9,14
1908.9,39
1909.6,27
1909.8,12
1911.6,31
1911.7,18
1911.8,17
1913.4,7
1913.6,23
1914.1,37
1915.4,32
1915.5,36
1915.7,33
1916.4,12
1917.0,22
1917.7,24
1919.9,16
1920.3,10
1920.4,6
1920.4,25
1920.6,8
1920.6,20
1920.7,21
1920.8,1
1920.9,3
1921.0,26
1921.0,28
1921.6,38
1922.2,31
1923.2,12
1923.6,5
1925.2,7
1926.0,35
1926.1,36
1927.0,27
1927.1,24
1928.0,29
1928.2,37
1928.4,18
1928.5,23
1928.5,33
1929.3,12
1929.5,32
1930.1,9
1930.2,4
1930.3,13
1931.4,19
1931.4,26
1931.5,31
1932.0,6
1932.7,3
1933.9,34
1934.4,10
1934.4,16
1935.9,15
1936.1,7
1936.5,38
1937.5,12
1938.0,25
1938.1,37
1938.8,36
1939.8,8
1940.9,24
1942.6,33
1942.7,31
1942.8,14
1943.0,5
1943.5,18
1943.6,23
1944.0,21
1944.2,12
1945.3,32
1945.4,17
1945.8,39
1946.4,1
1947.1,9
1948.0,27
1948.3,16
1949.0,37
1949.4,22
1949.8,26
1949.9,7
1951.0,10
1951.7,12
1952.0,30
1952.1,20
1952.8,29
1953.8,33
1954.4,36
1954.9,16
1955.0,6
1955.5,28
1955.6,38
1955.7,25
1956.0,3
1956.1,24
1958.5,12
1958.6,17
1959.0,4
1959.0,27
1959.2,21
1959.2,23
1959.2,31
1959.4,14
1959.4,15
1959.6,37
1959.9,7
1960.4,9
1960.5,26
1960.8,18
1960.9,32
1963.9,16
1964.7,12
1965.5,36
1966.7,11
1967.2,33
1967.3,8
1968.4,31
1969.3,29
1969.6,3
1970.4,10
1970.8,39
1970.9,37
1971.4,25
1971.4,38
1971.5,26
1971.9,1
1972.1,24
1973.1,18
1973.2,23
1973.5,12
1974.3,34
1974.4,27
1974.6,0
1975.3,6
1976.1,7
1976.3,14
1976.3,16
1977.1,17
1977.2,21
1977.6,36
1977.8,32
1977.9,5
1979.7,12
1981.0,37
1983.2,13
1983.4,22
1984.1,15
1984.2,38
1985.1,4
1985.2,24
1986.7,9
1986.8,29
1987.2,8
1987.4,10
1987.4,12
1987.5,31
1988.1,18
1988.3,16
1988.5,3
1988.5,26
1989.4,11
1989.9,32
1990.3,25
1990.5,6
1990.6,36
1991.5,33
1991.9,28
1993.0,23
1993.8,37
1993.9,39
1994.7,12
1995.1,21
1996.0,7
1996.2,16
1996.3,27
1996.5,1
1996.5,19
1997.1,38
1997.4,6
1997.4,31
1997.8,24
1997.9,10
1998.1,20
1998.4,0
1998.4,5
2001.1,17
2001.8,26
2002.2,3
2003.0,36
2003.9,18
2004.0,12
2004.5,11
2004.6,14
2004.7,16
2004.7,29
2004.9,34
2005.5,32
2005.6,25
2006.4,23
2007.2,8
2007.5,15
2008.8,31
2009.0,13
2009.3,7
2009.5,10
2009.6,37
2010.5,9
2010.6,35
2012.0,33
2012.7,12
2013.5,26
2014.0,22
2014.2,6
2014.4,21
2014.4,38
2015.4,16
2015.5,24
2016.1,27
2016.2,5
2016.5,1
2016.9,31
2017.1,36
2017.1,28
2017.3,2
2017.7,18
2018.0,23
2018.4,32
2018.5,39
2018.6,12
2018.6,29
2019.2,37
2021.5,25
2021.8,3
2022.6,10
2022.9,33
2024.2,4
2024.3,19
2025.3,7
2026.2,26
2026.2,34
2026.5,9
2026.5,37
2027.2,16
2028.2,21
2028.5,38
2028.6,12
2028.7,36
2029.1,32
2029.7,31
2030.2,18
2034.0,23
2035.0,29
2035.6,15
2035.7,6
2035.8,11
2036.2,24
2036.2,28
2036.5,5
2036.7,3
2036.9,31
2037.1,12
2038.7,36
2038.9,26
2039.0,32
2039.7,33
2040.3,37
2040.4,2
2040.8,13
2041.0,16
2041.0,22
2041.7,18
2041.9,8
2042.1,1
2042.3,23
2042.6,25
2042.8,7
2043.0,27
2043.0,12
2043.4,14
2043.4,35
2044.9,38
2045.4,21
2046.6,20
2047.4,39
2048.2,17
2048.3,10
2048.9,6
2049.1,36
2049.8,9
2050.0,31
2050.4,33
2052.5,19
2052.9,12
2053.3,7
2053.3,26
2053.9,37
2054.0,16
2054.2,32
2054.4,4
2054.6,15
2054.6,18
2054.7,25
2054.9,27
2054.9,29
2055.0,21
2058.0,31
2058.4,3
2059.1,23
2059.6,26
2060.4,14
2060.7,24
2061.1,12
2062.1,1
2062.8,37
2063.0,16
2063.1,13
2063.2,34
2063.4,36
2063.9,7
2063.9,10
2064.3,38
2064.9,6
2065.7,28
2068.2,18
2068.5,12
2070.0,23
2070.4,9
2070.7,32
2070.8,33
2072.2,37
2072.5,17
2072.9,31
2073.2,26
2075.0,8
2075.2,21
2075.3,25
2075.4,36
2075.6,2
2076.1,15
2076.3,27
2076.5,24
2077.6,3
2077.8,12
2078.1,13
2078.3,16
2078.3,29
2078.8,5
2079.1,7
2080.3,32
2081.0,38
2082.1,6
2082.4,11
2083.8,39
2084.2,17
2084.4,12
2084.8,10
2084.8,23
2085.0,26
2085.5,1
2086.2,16
2086.6,18
2086.6,31
2089.0,37
2090.3,22
2090.5,7
2090.9,33
2091.6,27
2092.5,21
2092.5,34
2092.9,20
2093.3,15
2093.3,36
2093.6,5
2093.7,12
2094.3,19
2094.6,3
2094.8,38
2095.4,31
2095.4,32
2096.9,16
2097.2,9
2098.5,29
2098.6,26
2099.1,8
2099.2,23
2099.9,14
2100.0,24
2100.1,37
2100.6,10
2100.6,25
2100.9,4
2101.5,33
2101.8,0
2102.2,12
2102.4,35
2102.6,36
2102.8,17
2102.8,21
2103.2,11
2103.5,18
2104.4,27
2104.5,39
2105.1,16
2105.8,32
2108.5,31
2109.0,6
2109.2,38
2109.5,12
2109.7,7
2110.6,1
2110.7,26
2110.8,28
2111.6,23
2112.2,5
2112.3,16
2113.0,13
2113.1,21
2113.7,3
2113.9,24
2113.9,37
2116.3,29
2116.4,9
2116.5,12
2117.1,10
2118.2,36
2118.4,33
2118.9,31
2119.8,18
2119.8,19
2120.0,15
2120.2,38
2120.4,22
2120.5,8
2121.9,16
2121.9,30
2122.0,32
2122.5,23
2122.8,39
2123.1,37
2123.3,12
2124.2,7
2124.5,26
2124.7,27
2125.7,36
2127.4,6
2127.8,14
2127.9,1
2128.5,34
2128.7,24
2128.8,16
2129.4,3
2129.9,25
2130.3,12
2130.3,33
2130.5,21
2131.1,18
2132.0,10
2132.2,0
2132.6,9
2134.0,38
2134.7,37
2135.2,7
2135.3,31
2135.4,20
2136.0,32
2137.1,11
2137.3,26
2137.4,13
2137.9,17
2138.0,23
2140.1,12
2142.1,16
2142.1,8
2143.0,36
2143.8,33
2143.9,19
2144.1,29
2144.4,15
2144.4,37
2145.0,31
2145.1,27
2145.1,32
2145.3,12
2145.4,1
2145.4,11
2145.5,7
2145.6,22
2145.7,24
2146.0,6
2146.5,38
2148.2,26
2148.5,21
2148.6,3
2149.6,25
2150.3,9
2150.6,16
2151.2,5
2151.7,23
2153.0,18
2153.8,12
2154.6,24
2154.7,28
2155.8,10
2156.6,13
2158.7,37
2158.8,6
2159.3,16
2159.6,12
2159.7,26
2160.2,33
2160.4,36
2160.8,38
2161.3,34
2161.4,21
2162.6,7
2162.7,31
2163.3,4
2163.3,27
2163.4,3
2163.4,22
2163.6,23
2163.6,32
2163.7,18
2163.8,30
2163.9,5
2164.0,25
2166.6,12
2167.3,9
2168.9,24
2169.0,19
2169.2,16
2169.4,15
2169.5,20
2169.5,36
2170.1,26
2170.1,11
2170.4,14
2170.5,39
2171.0,29
2172.0,23
2172.0,37
2172.4,27
2172.7,12
2174.1,31
2175.1,1
2175.2,28
2175.3,32
2175.9,7
2175.9,38
2176.2,21
2176.8,33
2177.0,6
2177.0,8
2179.8,12
2180.5,24
2181.0,10
2181.5,22
2181.7,9
2182.1,13
2182.3,37
2182.6,3
2182.8,26
2182.8,36
2183.0,17
2183.9,18
2184.0,15
2184.2,25
2185.9,23
2186.8,32
2187.1,16
2187.7,5
2189.0,33
2189.6,4
2190.3,37
2190.5,27
2190.6,7
2190.7,14
2190.9,6
2191.4,12
2191.4,31
2191.7,26
2194.5,38
2194.5,24
2196.0,1
2196.0,18
2196.5,36
2196.9,25
2196.9,29
2197.2,12
2197.3,21
2197.9,16
2200.5,17
2200.6,39
2200.7,26
2200.7,37
2200.9,3
2201.2,23
2202.3,27
2202.3,32
2202.5,7
2202.8,10
2203.9,31
2204.2,6
2204.2,28
2204.8,36
2205.1,22
2205.1,34
2205.4,33
2205.9,12
2206.1,18
2206.1,30
2206.3,5
2206.3,9
2207.1,16
2207.4,19
2208.4,38
2208.8,24
2210.2,8
2210.5,32
2210.8,11
2211.5,21
2212.7,0
2212.7,13
2213.2,12
2213.5,7
2214.3,16
2214.3,23
2215.9,26
2216.0,37
2216.8,1
2217.3,10
2217.3,14
2217.3,18
2217.7,35
2217.8,27
2218.3,34
2218.8,3
2219.2,25
2219.3,31
2220.2,6
2221.9,12
2224.2,37
2224.8,24
2225.1,38
2225.2,36
2226.1,15
2226.1,33
2226.5,4
2226.7,32
2227.1,23
2227.1,29
2227.2,9
2227.2,26
2227.6,7
2228.2,18
2229.1,16
2229.2,12
2229.4,31
2230.0,10
2230.2,21
2231.6,5
2233.2,1
2233.4,25
2236.6,12
2237.5,34
2237.6,3
2238.1,6
2238.7,14
2238.7,37
2238.9,19
2239.0,28
2239.5,24
2239.5,27
2239.5,38
2239.6,36
2240.2,7
2241.1,9
2241.3,16
2241.3,22
2241.8,32
2243.5,26
2244.6,8
2245.4,1
2245.4,31
2245.9,18
2246.1,12
2246.2,25
2246.3,17
2246.3,6
2246.3,15
2246.6,29
2246.8,37
2246.9,11
2246.9,23
2248.5,21
2248.6,33
2250.1,13
2250.1,36
2250.3,10
2251.6,38
2251.8,39
2252.3,16
2253.1,12
2254.4,24
2254.9,7
2254.9,0
2255.1,5
2255.9,3
2256.6,20
2256.6,26
2256.7,31
2257.8,9
2259.0,27
2259.3,21
2260.5,23
2260.8,12
2260.8,37
2261.4,36
2261.5,8
2261.7,29
2262.3,33
2262.5,34
2263.2,14
2264.2,4
2264.3,18
2264.9,16
2265.3,10
2265.8,19
2266.5,9
2266.5,17
2267.2,7
2267.3,11
2267.7,26
2268.1,25
2269.0,32
2269.1,31
2269.3,38
2269.5,6
2269.8,12
2271.7,13
2271.7,36
2271.8,15
2272.4,21
2272.8,18
2274.2,16
2274.7,3
2275.2,24
2275.4,12
2276.2,37
2276.2,27
2276.5,26
2276.7,34
2277.4,33
2277.8,5
2278.6,23
2280.0,10
2280.8,22
2281.0,6
2281.0,28
2281.8,31
2282.3,11
2282.3,14
2282.5,7
2282.5,12
2283.5,24
2284.0,25
2284.7,1
2285.2,16
2285.3,29
2285.5,38
2287.3,33
2287.7,37
2288.3,8
2288.8,21
2288.9,36
2289.0,20
2289.0,26
2289.4,17
2289.5,32
2289.9,9
2290.1,12
2291.3,14
2291.4,23
2292.5,13
2294.4,15
2294.5,25
2296.0,34
2296.4,16
2296.4,39
2296.9,10
2297.5,6
2297.6,12
2297.6,32
2298.4,7
2298.7,18
2299.3,27
2299.9,31
2300.1,37
2300.1,38
2300.9,36
2301.0,24
2302.4,33
2303.5,11
2304.0,3
2304.8,29
2304.9,23
2305.0,1
2305.6,17
2305.6,21
2307.6,19
2307.6,26
2308.6,12
2308.6,31
2308.7,16
2308.8,13
2309.1,9
2309.4,5
2309.6,7
2310.6,38
2310.9,0
2311.7,8
2312.2,32
2312.4,36
2313.6,37
2316.1,25
2316.3,6
2316.7,23
2316.9,27
2317.1,26
2317.2,24
2317.2,10
2317.2,14
2317.7,18
2318.0,12
2318.5,9
2318.7,29
2318.8,21
2319.3,28
2319.3,33
2319.6,7
2320.6,36
2322.6,32
2323.6,31
2323.8,3
2324.1,38
2324.4,16
2326.5,39
2327.1,12
2327.4,15
2327.8,19
2327.9,22
2328.0,26
2328.2,11
2328.4,37
2328.6,6
2329.4,30
2329.9,18
2331.0,4
2331.3,29
2331.5,32
2332.6,23
2332.6,25
2333.2,16
2333.5,7
2333.7,17
2334.7,36
2334.8,24
2335.0,8
2335.1,21
2335.5,3
2335.5,37
2336.0,12
2336.3,13
2336.6,31
2336.9,33
2337.2,9
2337.6,34
2337.8,38
2339.0,10
2339.8,16
2341.6,1
2342.2,5
2342.8,6
2342.9,26
2343.0,14
2344.1,27
2344.5,32
2345.2,12
2345.4,18
2346.1,25
2346.7,7
2346.8,21
2347.1,29
2348.9,36
2349.1,23
2349.2,15
2349.6,37
2350.0,16
2350.0,24
2350.2,11
2350.8,9
2350.9,8
2350.9,31
2351.2,3
2352.0,12
2353.2,10
2353.2,32
2355.5,38
2355.8,6
2357.0,26
2357.2,0
2357.2,33
2359.1,28
2359.2,34
2360.5,12
2360.9,23
2361.1,30
2361.3,20
2362.3,13
2362.3,16
2362.5,2
2362.6,5
2362.6,14
2362.7,37
2362.9,27
2363.1,18
2363.5,1
2363.9,31
2364.0,32
2364.3,6
2364.9,25
2365.3,39
2366.3,17
2366.3,36
2366.6,19
2367.0,9
2367.1,7
2367.5,24
2367.9,33
2368.1,8
2368.3,3
2368.5,21
2368.5,26
2368.6,38
2369.2,12
2369.6,29
2369.8,32
2373.2,16
2374.1,37
2374.7,22
2375.8,36
2376.6,12
2377.0,14
2377.0,39
2377.2,10
2377.4,23
2377.6,4
2377.6,13
2378.4,0
2378.6,5
2378.7,35
2379.5,25
2380.2,29
2380.4,24
2381.1,7
2381.3,15
2382.0,6
2382.0,18
2383.1,31
2383.4,26
2384.3,12
2384.5,33
2385.2,16
2385.5,11
2385.5,38
2385.6,27
2386.0,9
2386.7,21
2386.8,1
2387.2,36
2387.4,37
2388.2,20
2388.2,28
2388.5,34
2388.8,23
2390.3,12
2391.2,6
2392.5,7
2393.5,3
2394.2,25
2394.4,32
2396.6,37
2396.8,8
2396.8,22
2396.8,24
2397.6,10
2397.9,39
2398.5,18
2398.9,16
2399.1,14
2399.7,31
2400.4,27
2400.7,26
2401.2,12
2401.6,36
2405.1,13
2405.6,7
2406.0,4
2406.7,21
2406.8,6
2407.3,15
2407.9,33
2407.9,23
2408.8,32
2408.8,18
2409.1,37
2409.5,9
2409.7,1
2409.8,12
2410.2,29
2411.0,25
2411.3,3
2411.3,16
2411.6,38
2412.5,5
2413.2,26
2413.7,2
2413.7,8
2414.3,19
2414.3,21
2414.5,17
2414.8,36
2416.0,31
2417.2,6
2418.4,32
2418.9,24
2419.1,12
2419.1,37
2420.1,7
2420.6,10
2421.3,20
2421.4,22
2422.0,18
2422.2,30
2422.4,33
2422.8,26
2422.9,9
2422.9,16
2423.9,1
2425.1,23
2425.6,21
2425.6,11
2425.9,27
2425.9,38
2426.1,25
2426.2,19
2426.2,31
2426.4,34
2426.8,39
2426.9,3
2426.9,12
2427.6,29
2427.7,36
2431.2,7
2432.6,35
2432.7,5
2432.8,13
2433.0,4
2433.1,16
2433.2,37
2434.1,32
2435.0,6
2436.6,15
2437.5,3
2437.8,12
2437.8,26
2439.9,8
2439.9,18
2440.7,28
2441.3,31
2441.5,21
2442.6,36
2443.0,29
2443.0,38
2443.4,0
2443.4,16
2443.4,25
2444.1,10
2444.1,27
2444.4,20
2444.4,33
2445.1,37
2445.2,23
2445.3,12
2445.8,5
2446.2,22
2446.3,1
2447.3,6
2448.2,15
2448.2,17
2448.3,32
2449.1,24
2449.3,18
2449.5,26
2450.2,21
2451.4,12
2451.9,7
2451.9,37
2452.4,9
2452.7,31
2452.9,11
2453.5,4
2453.8,16
2454.1,36
2455.9,38
2456.4,34
2456.5,23
2456.6,2
2457.4,12
2458.0,3
2458.2,33
2459.9,14
2460.4,32
2460.5,1
2461.6,7
2461.7,19
2461.8,6
2462.0,26
2462.2,0
2462.5,24
2463.1,39
2464.0,21
2465.5,36
2465.6,8
2466.0,16
2466.0,27
2466.9,20
2467.7,12
2467.9,23
2468.1,2
2469.1,31
2469.1,37
2469.6,5
2470.4,18
2471.3,10
2471.3,29
2471.9,25
2472.5,17
2473.0,12
2473.4,28
2473.5,9
2474.2,16
2475.1,7
2475.5,26
2475.6,22
2475.7,13
2476.2,3
2476.3,33
2477.1,32
2478.0,38
2478.2,19
2479.4,24
2479.8,34
2479.8,36
2480.0,37
2480.2,31
2480.3,27
2480.3,10
2480.3,12
2480.3,23
2481.3,6
2481.9,15
2483.9,16
2484.6,18
2484.8,8
2485.0,26
2485.1,21
2486.2,20
2488.6,4
2488.7,17
2489.0,7
2489.0,14
2489.4,11
2489.9,12
2489.9,38
2490.8,3
2490.9,32
2491.7,29
2491.9,39
2492.2,23
2492.2,33
2494.4,21
2494.6,27
2494.8,5
2494.8,37
2495.0,16
2495.1,6
2496.5,12
2496.9,18
2496.9,26
2497.1,31
2497.4,9
2497.9,22
2498.3,36
2499.3,25
2499.4,24
2499.5,1
2503.7,12
2504.1,10
2504.1,33
2506.4,23
2506.7,32
2506.9,37
2507.1,19
2507.3,27
2507.3,38
2507.8,7
2508.2,24
2508.2,29
2508.5,16
2508.9,31
2509.3,3
2509.6,13
2510.2,12
2510.3,6
2510.3,26
2510.6,0
2510.8,17
2511.2,18
2511.4,36
2512.3,34
2514.0,21
2514.5,5
2514.9,23
2514.9,25
2515.0,4
2517.9,30
2519.1,8
2519.3,9
2519.3,26
2519.3,28
2519.4,37
2519.6,1
2519.7,12
2519.9,14
2519.9,33
2520.4,32
2520.7,2
2520.7,16
2521.1,22
2522.6,29
2522.9,36
2523.0,10
2524.1,18
2524.1,24
2524.2,21
2524.5,38
2525.4,6
2526.2,39
2526.7,23
2528.0,15
2528.3,31
2528.9,12
2529.7,25
2529.8,26
2529.9,7
2529.9,33
2530.0,13
2530.3,17
2530.8,3
2531.0,27
2534.3,34
2535.1,16
2535.3,23
2537.3,9
2537.5,11
2538.0,1
2538.4,6
2538.4,36
2538.8,31
2539.4,12
2539.4,18
2539.6,10
2540.2,24
2540.2,28
2540.3,37
2541.0,29
2541.1,8
2541.5,32
2544.2,16
2546.0,26
2546.5,38
2546.6,9
2547.0,5
2547.2,21
2547.7,33
2547.8,7
2548.4,12
2549.3,27
2550.3,25
2551.2,23
2551.7,31
2551.9,36
2552.1,29
2552.5,22
2553.0,1
2553.2,16
2553.3,37
2553.8,32
2553.9,18
2554.1,24
2554.2,3
2554.5,38
2554.8,26
2554.9,6
2555.0,12
2556.3,14
2559.1,7
2560.8,23
2561.8,12
2562.7,36
2563.3,31
2563.9,8
2563.9,16
2564.1,33
2564.2,37
2564.3,10
2564.9,5
2565.1,4
2565.3,21
2565.3,32
2566.2,15
2566.4,39
2566.5,26
2566.8,25
2567.1,29
2568.1,28
2569.6,38
2570.1,12
2570.2,27
2572.4,9
2572.6,7
2573.0,6
2573.3,18
2573.6,0
2575.0,16
2575.2,35
2575.3,24
2575.3,25
2576.0,17
2576.4,20
2577.0,37
2577.1,26
2577.8,23
2578.0,1
2578.0,12
2578.5,39
2579.4,33
2580.0,19
2581.1,31
2581.1,32
2581.4,36
2581.7,29
2582.3,21
2583.0,34
2583.5,3
2583.7,13
2584.3,16
2584.6,11
2584.9,5
2585.0,12
2585.2,7
2585.9,15
2586.6,38
2588.6,6
2588.7,18
2589.0,24
2589.2,8
2589.3,9
2589.5,29
2590.7,17
2590.9,36
2592.0,12
2594.4,7
2594.5,16
2594.6,23
2594.6,25
2594.8,37
2595.0,22
2595.0,26
2595.1,2
2595.1,32
2596.5,21
2596.8,10
2596.9,3
2597.7,33
2598.2,38
2598.5,12
2598.8,14
2598.9,34
2599.7,36
2600.9,31
2602.3,29
2602.4,6
2602.7,18
2603.4,13
2603.7,24
2603.8,23
2605.2,8
2605.7,1
2605.7,16
2605.9,10
2606.2,17
2606.4,27
2606.6,39
2607.0,33
2608.4,26
2608.5,12
2609.8,32
2609.9,37
2610.2,5
2610.2,21
2610.3,15
2614.4,38
2615.0,6
2615.2,31
2615.8,3
2616.0,19
2616.1,7
2616.1,12
2616.2,25
2617.7,29
2618.9,37
2619.6,36
2620.0,24
2620.2,23
2621.8,22
2622.2,16
2622.3,18
2622.7,20
2623.1,26
2623.1,28
2623.2,32
2623.3,12
2624.2,27
2624.9,9
2625.6,7
2627.4,35
2627.8,14
2629.4,13
2629.5,10
2630.0,1
2630.1,33
2630.4,8
2631.0,21
2631.1,3
2631.3,16
2631.3,38
2631.4,6
2631.4,37
2631.7,31
2631.9,4
2632.5,23
2632.6,36
2633.4,25
2633.8,5
2634.0,24
2634.3,12
2634.7,27
2634.8,29
2636.0,15
2636.8,26
2636.9,7
2637.5,39
2637.9,18
2638.8,33
2639.9,10
2640.2,16
2640.9,11
2641.0,34
2641.5,12
2641.6,32
2642.7,6
2647.4,18
2647.5,22
2647.6,8
2647.7,36
2648.1,38
2648.4,25
2648.6,31
2649.5,9
2649.7,12
2649.7,26
2650.1,7
2650.3,21
2650.3,24
2650.4,16
2650.4,23
2650.7,15
2650.9,1
2651.0,37
2652.0,17
2652.2,28
2653.0,3
2653.5,27
2654.0,2
2654.0,13
2654.1,33
2654.3,12
2655.6,10
2656.4,32
2658.4,20
2658.8,6
2659.2,31
2660.5,37
2660.7,38
2662.1,12
2662.4,23
2663.1,18
2663.1,21
2663.4,5
2663.4,26
2663.7,29
2664.7,34
2664.8,16
2665.7,3
2665.9,7
2666.0,36
2666.4,19
2666.5,11
2666.7,25
2667.3,6
2667.5,24
2667.7,31
2668.3,9
2668.5,12
2669.2,32
2671.0,1
2671.0,33
2671.4,8
2671.6,39
2671.9,27
2672.6,14
2673.4,22
2673.8,38
2673.9,26
2674.1,10
2674.3,12
2676.1,37
2676.2,28
2676.4,18
2676.4,36
2677.0,15
2677.4,16
2677.9,6
2678.7,29
2679.3,31
2679.4,32
2681.2,23
2682.3,12
2682.4,7
2683.1,3
2683.5,13
2683.5,24
2684.3,26
2684.9,33
2685.0,9
2685.9,21
2686.1,16
2686.1,25
2686.8,17
2687.4,37
2688.1,36
2688.3,39
2689.3,0
2689.3,27
2690.4,1
2691.2,18
2692.0,38
2692.1,12
2692.9,8
2693.6,32
2694.1,23
2694.3,26
2694.6,29
2695.1,10
2695.1,14
2695.1,30
2695.3,16
2695.4,22
2695.7,6
2695.8,7
2696.7,19
2696.7,33
2696.7,37
2699.5,36
2700.0,4
2700.4,21
2700.5,20
2700.6,13
2700.7,3
2701.0,31
2701.5,5
2701.7,12
2701.7,24
2701.8,25
2701.9,15
2702.7,35
2703.2,11
2703.3,18
2703.4,37
2703.4,38
2703.5,16
2704.7,9
2705.6,27
2706.3,17
2707.8,23
2708.2,7
2708.2,28
2708.6,26
2710.0,12
2710.0,36
2710.1,6
2710.2,2
2710.5,1
2711.2,16
2711.7,32
2711.9,29
2712.2,33
2713.6,3
2715.9,24
2715.9,31
2716.0,22
2716.0,37
2716.8,25
2717.0,16
2717.2,12
2719.4,9
2719.8,38
2720.2,26
2720.4,27
2720.9,7
2721.1,8
2722.0,34
2722.7,10
2723.3,32
2723.4,21
2723.6,30
2723.8,1
2723.8,12
2724.2,6
2724.6,36
2725.4,18
2725.8,16
2726.8,23
2727.1,37
2727.2,14
2729.2,29
2729.4,12
2729.4,24
2729.8,17
2730.3,33
2730.7,3
2730.7,31
2731.1,15
2732.2,21
2732.3,20
2732.6,26
2733.0,22
2735.0,32
2735.3,16
2735.9,38
2737.1,7
2737.4,12
2737.4,25
2738.1,28
2738.4,10
2738.6,27
2739.6,9
2739.9,37
2740.4,8
2740.8,36
2741.1,6
2741.3,5
2741.4,23
2742.4,18
2743.9,33
2744.4,26
2744.4,29
2745.0,21
2745.9,12
2747.1,38
2747.6,1
2747.6,31
2748.0,3
2748.3,0
2748.4,16
2748.6,24
2748.6,27
2750.3,7
2751.7,32
2751.7,37
2752.0,15
2752.1,10
2752.2,28
2752.3,6
2752.6,2
2752.6,11
2752.7,36
2753.1,26
2753.3,9
2753.3,13
2753.5,18
2753.9,12
2754.5,14
2755.0,23
2756.0,21
2757.2,3
2757.2,29
2759.1,5
2759.2,19
2759.5,39
2760.2,17
2760.2,33
2760.3,16
2760.3,25
2760.5,8
2760.6,12
2761.4,38
2764.4,15
2765.3,37
2765.4,6
2765.7,24
2766.3,26
2767.1,7
2767.2,36
2767.5,4
2767.6,23
2767.7,9
2767.7,10
2767.7,18
2768.2,31
2768.4,27
2768.4,32
2768.6,13
2768.8,1
2769.0,39
2769.1,12
2769.4,25
2770.1,16
2773.4,21
2773.8,38
2774.9,26
2775.0,34
2776.6,10
2776.6,11
2776.7,37
2776.8,29
2776.8,12
2777.2,33
2777.7,5
2778.1,36
2780.2,18
2780.5,3
2781.5,25
2781.6,8
2781.6,16
2781.7,22
2781.8,0
2782.1,7
2782.3,4
2782.3,27
2782.7,24
2782.8,12
2782.9,23
2783.4,6
2783.5,31
2783.7,2
2783.7,32
2784.9,14
2786.0,26
2786.7,13
2786.9,21
2787.4,36
2787.6,5
2788.1,38
2789.7,1
2791.2,24
2791.9,12
2792.7,20
2793.0,25
2793.4,9
2793.6,37
2793.7,33
2793.9,18
2793.9,19
2794.0,16
2794.0,32
2794.7,10
2794.8,31
2795.2,15
2795.9,36
2796.8,23
2797.9,29
2798.2,17
2798.4,12
2798.7,7
2798.7,26
2798.7,39
2799.1,38
2799.7,14
2799.8,27
2799.9,28
2800.5,3
2800.9,6
2801.2,22
2802.9,2
2803.5,34
2804.5,18
2804.8,37
2805.6,21
2806.0,8
2806.1,12
2806.2,30
2806.3,25
2806.9,24
2807.4,16
2807.6,11
2807.7,36
2809.2,10
2813.0,1
2813.1,33
2813.4,6
2813.4,9
2813.5,12
2814.2,31
2814.3,16
2814.7,32
2815.1,23
2815.2,39
2815.3,37
2815.9,15
2816.3,26
2816.9,27
2817.0,36
2817.5,3
2817.5,35
2819.4,7
2820.4,38
2820.6,12
2821.8,5
2821.8,21
2822.2,28
2822.3,13
2823.0,29
2823.8,10
2823.9,18
2825.6,31
2826.9,11
2827.1,0
2827.3,25
2827.5,16
2828.0,6
2828.3,26
2828.4,23
2829.0,33
2829.1,7
2829.3,24
2829.4,32
2829.5,12
2829.6,19
2830.9,37
2831.1,9
2831.5,36
2832.1,38
2833.4,4
2833.7,34
2834.1,1
2834.1,17
2834.3,5
2834.9,3
2835.2,8
2836.5,12
2836.8,18
2837.8,21
2838.4,16
2839.0,39
2839.7,32
2840.0,23
2840.7,37
2841.1,22
2841.3,6
2841.4,24
2841.5,9
2841.6,29
2842.5,27
2843.0,36
2843.3,25
2843.9,20
2844.6,15
2844.6,31
2845.1,12
2845.2,38
2845.6,10
2846.1,26
2847.2,7
2847.3,16
2848.5,37
2850.9,1
2851.3,23
2851.4,33
2851.9,21
2852.2,12
2852.4,3
2853.0,28
2853.4,24
2853.6,36
2853.7,22
2855.9,6
2855.9,16
2856.2,14
2857.0,32
2858.2,15
2858.2,29
2858.5,19
2858.7,31
2858.7,37
2858.8,25
2859.4,26
2860.2,35
2860.3,12
2860.6,9
2860.7,18
2860.8,2
2861.0,7
2861.0,8
2861.4,27
2861.7,5
2863.0,23
2863.1,17
2864.0,16
2864.3,10
2865.2,11
2865.8,21
2867.3,36
2867.8,26
2868.1,12
2868.7,33
2868.8,37
2869.6,32
2870.1,38
2870.3,6
2871.2,34
2871.7,7
2872.2,3
2872.2,4
2872.5,18
2872.6,31
2873.6,39
2873.6,12
2874.4,30
2875.5,15
2875.7,9
2876.4,13
2876.8,1
2877.0,26
2877.8,16
2877.8,36
2879.2,25
2880.2,24
2881.4,6
2882.3,23
2882.4,0
2882.7,5
2883.2,12
2885.0,16
2886.2,22
2886.4,10
2886.4,27
2886.6,31
2886.9,21
2887.3,8
2887.5,26
2887.5,32
2887.5,37
2888.4,7
2888.5,17
2888.5,29
2889.3,38
2889.8,3
2890.3,12
2890.6,14
2892.7,33
2894.5,36
2894.6,18
2895.1,9
2895.1,11
2895.1,13
2895.1,23
2895.7,16
2895.7,37
2897.2,1
2897.4,28
2898.2,24
2898.6,12
2898.6,25
2898.9,30
2899.5,6
2899.7,15
2900.0,38
2900.1,7
2900.1,21
2900.8,29
2901.2,32
2902.1,2
2903.3,26
2903.3,27
2904.8,10
2905.0,33
2905.2,36
2905.8,5
2905.8,12
2906.4,16
2907.6,3
2907.9,31
2908.8,18
2910.0,37
2911.2,34
2911.5,17
2911.7,7
2911.9,20
2912.2,0
2912.3,22
2912.4,6
2912.9,29
2913.3,24
2913.6,4
2913.6,8
2913.9,19
2914.4,38
2914.9,26
2914.9,27
2916.4,12
2917.1,25
2917.5,16
2918.2,33
2918.5,15
2918.7,9
2918.8,32
2920.4,36
2920.6,18
2921.6,37
2922.3,3
2922.4,14
2923.0,10
2923.2,39
2923.4,35
2923.9,21
2924.6,31
2924.7,12
2924.9,13
2925.1,23
2925.2,28
2925.6,7
2926.4,1
2926.4,26
2926.8,32
2927.3,6
2931.2,5
2931.2,30
2931.9,37
2932.0,24
2932.2,29
2932.5,11
2932.6,16
2932.8,33
2933.0,12
2933.2,38
2933.7,36
2934.2,27
2935.0,18
2935.2,31
2936.9,15
2937.2,25
2937.5,17
2938.4,22
2938.9,23
2939.0,32
2939.1,6
2939.1,21
2939.3,12
2939.3,10
2940.5,7
2942.5,20
2942.5,26
2942.9,16
2943.0,3
2943.1,0
2943.4,39
2944.4,24
2945.4,36
2946.0,9
2946.8,37
2947.5,12
2948.2,31
2950.0,33
2953.3,21
2953.9,8
2954.1,32
2954.1,38
2954.6,23
2954.6,27
2954.6,28
2954.7,10
2954.8,29
2954.9,1
2955.0,34
2955.1,16
2955.1,18
2955.1,26
2955.4,3
2955.4,5
2955.4,12
2955.8,37
2956.4,13
2956.5,11
2956.5,22
2956.6,35
2956.7,14
2957.0,25
2957.2,6
2957.3,19
2957.3,36
2960.7,7
2961.1,24
2963.1,9
2963.4,12
2963.6,31
2964.7,18
2965.9,3
2966.2,2
2966.5,36
2967.2,30
2967.5,29
2967.5,38
2967.6,23
2967.8,6
2967.8,15
2968.0,37
2968.1,26
2968.1,33
2969.1,32
2969.4,17
2969.4,21
2969.8,1
2970.3,16
2970.6,7
2970.8,0
2971.0,12
2971.5,25
2971.6,10
2974.1,39
2974.9,4
2976.2,24
2976.9,37
2977.0,36
2977.4,34
2978.2,18
2978.8,12
2979.1,20
2979.5,16
2979.8,33
2980.0,27
2980.3,7
2980.3,26
2981.5,38
2981.8,31
2981.9,9
2982.0,5
2982.4,3
2983.3,23
2983.4,1
2983.8,25
2984.0,10
2985.1,12
2986.3,8
2986.7,6
2987.5,22
2988.1,37
2988.4,16
2988.4,32
2988.5,21
2988.8,29
2989.0,13
2989.6,35
2991.2,26
2992.4,36
2993.7,17
2993.8,31
2994.9,12
2995.1,18
2995.2,5
2995.4,11
2995.5,7
2996.6,9
2996.8,24
2997.0,28
2997.1,3
2997.4,23
2998.7,19
2998.7,37
2999.3,25
2999.6,16
2999.9,33
3000.1,14
3000.6,6
3000.9,39
3001.6,32
3001.8,8
3002.2,38
3002.4,34
3003.0,15
3003.4,27
3003.5,12
3004.0,0
3004.0,36
3005.3,31
3005.6,1
3008.2,26
3008.5,10
3010.1,16
3010.3,22
3010.6,35
3011.3,23
3012.3,18
3013.2,12
3013.2,37
3013.3,24
3014.0,13
3014.2,7
3014.2,29
3014.4,38
3014.5,3
3014.5,21
3015.1,33
3015.3,20
3015.8,5
3017.0,27
3017.4,8
3017.8,36
3018.0,32
3018.4,25
3018.9,31
3019.1,26
3019.2,12
3019.3,9
3019.3,37
3020.5,1
3022.1,11
3022.4,16
3022.5,28
3022.7,6
3024.7,17
3024.7,18
3026.1,15
3027.2,34
3027.5,12
3028.1,24
3028.2,36
3028.7,7
3028.8,4
3029.1,23
3030.2,14
3030.3,31
3030.4,38
3030.6,32
3030.8,33
3030.8,3
3031.4,37
3031.9,21
3032.1,10
3033.1,16
3033.8,12
3034.1,22
3035.7,25
3036.4,26
3036.5,5
3037.0,13
3037.7,29
3038.6,6
3039.1,8
3039.1,36
3040.8,23
3040.9,27
3041.0,24
3041.3,16
3041.8,30
3042.0,38
3042.1,18
3042.2,12
3042.8,31
3044.9,7
3045.6,39
3045.7,37
3045.9,1
3046.5,32
3046.6,33
3048.1,9
3050.9,16
3050.9,36
3051.3,10
3051.8,12
3052.3,0
3052.7,3
3052.7,35
3053.1,6
3053.6,37
3054.0,26
3054.4,13
3054.4,25
3054.5,31
3055.0,15
3055.2,23
3055.6,17
3055.7,21
3057.0,20
3057.5,18
3057.6,19
3057.8,29
3058.0,24
3058.2,16
3058.4,7
3058.4,32
3058.5,12
3058.5,38
3061.7,14
3062.0,5
3063.3,8
3063.9,33
3064.0,30
3064.6,26
3064.7,6
3064.7,34
3065.1,37
3065.6,18
3065.7,39
3065.9,28
3066.0,36
3066.2,1
3066.3,2
3066.6,9
3067.0,12
3067.0,16
3067.1,22
3069.5,31
3069.8,23
3070.1,27
3070.4,10
3070.8,3
3070.8,32
3071.0,13
3071.9,7
3072.2,21
3072.5,25
3073.5,26
3073.9,38
3074.3,12
3074.8,36
3075.2,24
3076.5,17
3076.8,16
3078.3,37
3078.9,18
3079.2,1
3079.2,14
3079.2,29
3080.7,33
3080.9,23
3082.1,12
3082.6,38
3083.2,11
3083.6,31
3083.8,6
3084.8,36
3084.9,7
3084.9,26
3085.4,9
3086.4,3
3087.4,4
3087.5,15
3087.8,32
3087.9,13
3088.1,5
3088.2,16
3088.5,21
3088.5,27
3089.4,28
3089.5,12
3089.5,29
3089.9,37
3092.7,17
3093.5,24
3093.9,8
3094.2,6
3094.4,19
3094.8,34
3095.7,33
3095.7,36
3095.8,10
3096.1,25
3096.7,12
3096.9,22
3097.8,18
3097.9,39
3098.2,23
3099.6,3
3100.9,37
3102.3,12
3102.4,31
3103.0,16
3103.5,7
3103.5,27
3104.0,14
3104.4,26
3104.7,35
3105.0,15
3105.5,0
3105.5,32
3106.0,29
3106.7,20
3106.8,28
3107.6,1
3107.7,6
3108.7,36
3109.1,9
3109.6,24
3110.2,8
3110.3,12
3110.3,13
3111.3,25
3111.6,7
3111.8,38
3112.0,5
3112.0,18
3112.0,33
3112.1,4
3112.2,16
3112.3,31
3112.5,21
3114.9,10
3115.7,34
3116.2,23
3116.3,26
3116.4,2
3116.6,11
3117.0,17
3117.8,37
3117.9,12
3118.3,27
3118.7,30
3119.0,3
3119.6,14
3119.7,6
3119.9,5
3119.9,29
3121.6,36
3122.7,25
3123.9,24
3124.0,1
3124.3,4
3125.6,12
3125.6,32
3126.4,7
3126.4,31
3126.5,9
3126.5,16
3127.4,23
3128.1,28
3128.6,26
3129.0,10
3129.7,6
3129.7,37
3129.9,21
3130.5,33
3130.9,3
3132.1,29
3132.6,38
3132.9,17
3133.4,20
3135.1,18
3135.5,15
3136.9,36
3137.1,26
3138.0,12
3139.9,24
3140.3,16
3140.5,23
3141.1,27
3141.2,25
3141.3,22
3141.6,7
3142.0,8
3142.0,32
3142.0,33
3142.1,37
3142.3,9
3142.3,31
3142.4,0
3143.1,3
3143.3,6
3143.6,12
3143.9,36
3145.6,13
3146.9,5
3146.9,38
3147.5,10
3148.7,1
3148.7,26
3150.1,16
3150.8,39
3150.9,18
3151.0,19
3151.1,34
3152.9,23
3153.2,36
3153.3,28
3153.5,6
3153.7,12
3154.6,15
3154.8,3
3155.5,24
3157.3,14
3158.0,1
3158.2,31
3158.4,38
3158.7,37
3159.3,7
3159.4,21
3160.0,29
3160.1,25
3160.4,12
3160.5,32
3161.4,4
3162.1,8
3162.1,16
3162.2,9
3162.8,10
3162.9,36
3164.3,26
3165.2,33
3165.5,17
3166.2,18
3166.4,13
3168.7,27
3169.2,23
3169.5,3
3169.9,6
3170.2,22
3170.2,24
3170.2,37
3170.6,12
3171.3,20
3171.5,15
3171.5,21
3171.6,7
3171.9,29
3172.0,16
3172.4,38
3175.0,31
3175.2,1
3175.9,32
3176.7,30
3176.8,26
3176.9,18
3176.9,25
3177.7,39
3177.9,12
3177.9,19
3177.9,33
3180.2,28
3181.4,5
3181.7,7
3182.1,8
3182.7,36
3183.2,16
3183.5,27
3185.0,23
3185.3,25
3185.4,11
3185.6,37
3185.8,10
3186.5,15
3186.8,31
3187.1,6
3187.2,12
3188.3,32
3189.1,34
3189.3,3
3189.7,26
3190.9,0
3192.3,14
3192.3,24
3192.5,36
3192.9,1
3193.3,16
3193.9,9
3194.2,12
3195.2,18
3195.2,22
3195.4,21
3196.2,33
3196.3,37
3196.7,13
3196.7,23
3197.4,7
3197.9,38
3199.3,24
3200.5,39
3200.6,31
3201.2,25
3201.5,27
3202.1,12
3202.4,35
3202.4,26
3202.9,3
3203.0,6
3203.4,10
3203.6,17
3203.8,1
3204.0,16
3204.4,9
3205.2,32
3205.8,19
3206.9,37
3207.6,34
3208.5,36
3209.1,29
3209.4,15
3210.3,18
3211.2,8
3211.2,11
3211.3,31
3211.6,12
3212.5,23
3213.3,3
3213.7,20
3214.1,5
3214.1,7
3214.1,13
3215.0,33
3215.4,21
3215.4,38
3215.5,16
3216.0,28
3216.5,26
3217.0,27
3217.3,12
3218.0,6
3218.0,24
3218.3,32
3219.8,9
3219.8,36
3220.0,37
3220.3,10
3220.4,25
3220.9,1
3221.2,14
3221.6,31
3222.1,17
3222.8,23
3222.9,0
3223.7,12
3223.7,29
3227.3,18
3227.6,8
3228.3,16
3228.6,33
3228.8,7
3230.6,4
3230.6,26
3230.7,38
3230.8,32
3231.3,15
3231.6,3
3231.6,5
3232.3,1
3232.5,9
3232.6,36
3232.7,13
3232.7,19
3232.7,39
3232.9,35
3233.5,12
3234.8,21
3234.8,23
3235.5,6
3235.7,37
3236.8,34
3237.2,31
3237.5,17
3237.5,27
3238.1,16
3238.4,10
3238.4,22
3238.4,25
3239.3,24
3240.0,18
3240.2,12
3240.7,2
3241.7,26
3243.0,1
3243.3,8
3243.4,3
3243.9,33
3244.0,15
3244.4,37
3247.1,7
3247.3,38
3247.6,16
3247.8,14
3248.4,23
3248.6,21
3248.9,12
3249.1,29
3249.4,32
3249.5,6
3250.0,27
3250.7,36
3251.2,31
3251.2,0
3253.7,24
3254.2,25
3254.5,12
3255.2,37
3255.5,5
3256.7,22
3257.2,33
3258.8,26
3259.7,18
3259.9,3
3260.1,9
3260.1,16
3260.1,19
3260.4,35
3260.7,34
3260.8,38
3261.5,12
3261.8,4
3263.1,23
3263.9,39
3264.3,8
3264.6,29
3264.6,37
3265.2,36
3265.3,32
3265.4,6
3265.7,14
3265.8,13
3265.9,10
3266.4,33
3266.5,18
3266.7,21
3267.0,7
3268.6,12
3268.8,3
3269.2,26
3269.5,17
3269.8,24
3270.4,25
3270.6,31
3270.9,1
3272.4,15
3273.4,27
3273.6,11
3274.5,16
3275.9,5
3276.0,9
3276.0,20
3276.8,36
3277.4,23
3277.5,12
3277.7,21
3278.1,37
3278.7,6
3279.3,22
3279.6,38
3279.8,18
3282.3,8
3282.4,32
3282.5,3
3282.8,31
3283.3,26
3283.5,7
3283.7,16
3284.0,0
3284.7,34
3287.3,37
3287.8,25
3288.1,1
3288.3,10
3288.4,12
3288.8,38
3288.9,23
3289.8,36
3290.2,5
3290.2,24
3291.3,30
3291.8,13
3291.8,14
3292.6,32
3293.2,33
3294.2,26
3294.8,12
3294.9,16
3295.0,6
3295.6,19
3295.6,21
3296.3,9
3297.6,7
3298.2,27
3298.5,29
3298.9,37
3299.8,28
3299.9,17
3300.0,23
3300.5,12
3301.1,20
3301.6,31
3302.9,8
3303.3,16
3304.9,36
3305.4,24
3306.0,5
3306.1,15
3306.1,32
3306.7,10
3306.8,25
3307.1,38
3307.9,26
3308.3,12
3308.3,37
3308.8,6
3308.9,3
3309.6,18
3310.1,9
3310.2,19
3310.5,14
3310.7,31
3311.1,1
3311.2,23
3311.5,33
3311.7,27
3311.8,7
3312.4,21
3313.6,16
3314.3,32
3314.9,2
3316.2,12
3319.2,8
3319.2,18
3319.6,17
3319.9,36
3320.2,26
3320.4,37
3320.6,11
3320.6,21
3320.8,38
3321.6,5
3322.1,28
3322.3,34
3322.5,12
3322.7,27
3323.3,35
3323.6,29
3325.3,39
3325.4,7
3325.7,24
3325.9,22
3326.1,6
3326.4,31
3326.5,13
3326.7,4
3326.7,25
3327.8,23
3328.0,16
3328.4,33
3328.6,32
3329.8,1
3330.0,10
3330.3,9
3330.5,3
3331.6,12
3331.7,37
3332.2,36
3333.3,7
3333.4,18
3333.9,26
3334.0,25
3334.1,15
3335.0,21
3335.1,14
3335.3,24
3336.0,23
3336.3,27
3340.3,32
3340.6,12
3340.9,29
3341.1,5
3341.7,16
3342.0,0
3342.4,28
3343.1,31
3343.2,13
3343.3,3
3343.4,6
3344.1,33
3344.2,9
3344.4,4
3344.5,38
3346.0,37
3347.6,36
3347.7,26
3348.1,10
3348.1,21
3348.4,12
3348.7,7
3349.4,19
3349.7,17
3350.3,24
3350.5,23
3350.8,1
3350.8,5
3351.8,8
3352.1,18
3352.2,16
3353.3,32
3353.5,25
3353.5,39
3353.8,14
3353.8,31
3353.9,27
3354.0,22
3354.0,28
3355.6,12
3356.4,26
3356.6,20
3357.8,30
3358.1,36
3358.2,37
3358.4,3
3359.2,6
3360.3,24
3360.7,23
3360.9,38
3363.0,12
3363.5,33
3364.6,18
3364.7,21
3365.5,16
3365.5,31
3365.6,10
3366.3,7
3366.7,15
3367.3,4
3367.3,25
3368.3,17
3368.9,36
3369.5,12
3369.7,9
3370.4,22
3370.8,26
3371.4,37
3372.1,34
3372.4,29
3373.6,23
3373.7,18
3373.9,27
3373.9,39
3374.2,32
3374.5,8
3374.6,0
3374.6,16
3375.0,3
3375.0,35
3375.5,38
3375.7,24
3376.1,6
3376.2,33
3376.6,31
3376.6,36
3379.5,12
3380.4,1
3381.0,26
3382.1,37
3382.3,19
3382.8,21
3383.1,16
3383.2,10
3383.3,28
3384.2,7
3384.8,5
3384.8,9
3385.2,3
3385.4,32
3385.7,22
3386.0,23
3386.8,25
3387.0,27
3389.4,12
3389.4,13
3389.8,29
3390.1,6
3390.2,31
3390.4,15
3390.5,24
3391.1,16
3391.3,36
3391.5,26
3391.8,37
3392.9,33
3394.2,5
3396.1,18
3396.4,1
3396.7,38
3397.3,7
3397.6,30
3397.6,39
3398.1,10
3398.9,12
3400.8,8
3400.9,20
3401.1,6
3401.4,9
3402.3,32
3402.8,31
3403.1,16
3403.9,3
3405.1,33
3405.2,21
3405.2,23
3405.5,36
3405.6,29
3406.8,27
3407.0,12
3407.0,25
3408.0,37
3408.3,17
3408.4,26
3409.1,22
3409.3,11
3410.1,24
3410.3,4
3410.4,10
3411.2,7
3413.1,16
3414.6,14
3414.6,38
3415.0,23
3415.2,28
3415.3,1
3415.9,19
3415.9,34
3416.1,12
3416.2,13
3416.4,36
3416.5,29
3416.7,35
3417.0,18
3417.2,25
3417.4,9
3417.8,32
3418.1,37
3418.6,33
3419.0,6
3419.0,26
3420.1,16
3420.1,31
3420.3,0
3420.5,21
3421.5,15
3422.0,3
3422.7,12
3422.9,8
3423.2,24
3425.3,23
3427.3,25
3428.0,39
3428.4,26
3430.2,22
3430.7,38
3431.1,37
3431.4,36
3431.5,21
3431.6,7
3431.9,5
3432.1,12
3432.1,27
3432.6,6
3432.9,24
3433.2,16
3433.2,32
3433.3,9
3433.6,33
3433.8,10
3433.9,17
3435.0,18
3435.2,23
3436.2,11
3436.2,13
3438.4,29
3439.3,31
3440.2,12
3441.0,25
3441.2,1
3441.8,37
3442.8,16
3443.1,36
3443.5,24
3443.9,26
3444.6,15
3445.1,3
3445.4,8
3445.6,6
3445.6,21
3445.7,19
3445.8,33
3446.6,12
3448.3,29
3449.7,37
3450.9,10
3451.6,27
3451.9,7
3452.1,36
3452.2,25
3452.5,18
3452.6,5
3452.6,16
3452.6,34
3452.7,32
3453.2,2
3453.6,31
3453.8,11
3453.9,17
3453.9,38
3454.2,12
3454.8,35
3455.3,9
3455.3,23
3456.5,30
3456.9,39
3459.7,12
3459.7,26
3460.2,14
3460.7,28
3461.0,8
3463.4,37
3463.9,19
3464.6,7
3464.6,16
3464.8,3
3464.9,36
3465.0,21
3465.3,31
3466.2,18
3466.2,33
3466.3,15
3466.7,10
3466.8,23
3467.1,13
3467.9,12
3468.0,24
3468.0,27
3468.3,0
3468.3,38
3468.4,25
3468.5,20
3468.5,26
3469.2,6
3469.3,22
3469.4,32
3469.8,8
3470.5,4
3470.5,34
3473.4,16
3473.4,37
3475.1,33
3475.8,12
3475.9,18
3476.1,29
3476.6,5
3476.8,21
3477.2,36
3477.5,38
3478.3,26
3478.8,7
3479.2,24
3479.3,28
3480.2,31
3481.5,23
3482.4,3
3482.7,11
3483.5,1
3483.7,17
3484.2,25
3484.3,12
3484.6,37
3484.9,27
3485.4,16
3485.9,32
3487.2,9
3489.0,10
3489.7,13
3489.7,15
3489.9,36
3490.4,6
3490.4,26
3490.7,31
3491.1,21
3492.6,12
3492.6,30
3493.0,24
3493.6,39
3493.8,16
3493.8,33
3494.0,7
3495.9,18
3497.5,23
3497.7,29
3498.2,1
3498.2,32
3498.4,38
3499.2,14
3499.2,22
3499.4,12
3499.7,37
3500.1,27
3500.7,25
3501.0,3
3501.6,36
3503.1,5
3503.6,33
3503.7,20
3504.0,0
3504.5,9
3505.0,4
3505.1,6
3505.2,26
3505.8,13
3505.8,18
3506.2,8
3506.3,10
3506.3,35
3506.4,28
3506.8,12
3506.8,16
3506.9,24
3506.9,31
3507.9,32
3510.6,7
3511.3,23
3512.1,36
3512.5,21
3513.3,37
3514.3,16
3515.2,38
3516.1,12
3516.2,26
3517.2,25
3517.3,27
3517.8,3
3518.4,1
3518.4,39
3518.5,15
3518.6,6
3519.8,29
3520.6,31
3520.7,33
3520.9,17
3521.4,24
3521.5,19
3522.2,7
3522.7,10
3522.9,12
3523.0,22
3523.1,36
3523.7,16
3524.4,21
3524.4,34
3525.1,26
3525.1,37
3525.4,38
3525.6,28
3525.8,9
3526.3,18
3526.5,5
3527.6,14
3530.1,33
3530.7,32
3531.3,8
3532.4,30
3532.7,27
3532.9,12
3533.2,23
3534.1,16
3534.4,31
3534.9,38
3535.1,24
3535.2,4
3536.6,7
3537.7,13
3539.0,25
3539.1,29
3540.3,26
3540.3,6
3540.5,8
3540.7,18
3540.8,11
3540.8,37
3541.2,28
3541.3,3
3541.4,36
3541.6,12
3541.6,32
3542.0,15
3542.1,1
3542.2,9
3542.4,16
3542.8,21
3543.2,24
3544.5,17
3545.2,31
3546.4,10
3546.8,33
3548.4,19
3548.6,23
3550.2,12
3551.7,18
3551.8,26
3551.9,36
3552.0,6
3552.2,3
3552.3,38
3553.1,37
3553.5,39
3554.4,7
3554.9,1
3554.9,27
3555.0,22
3555.1,13
3555.2,25
3555.2,31
3555.8,24
3556.7,32
3557.1,12
3557.7,5
3557.8,29
3558.1,21
3559.0,16
3559.2,23
3560.1,0
3561.5,14
3561.6,3
3561.8,9
3561.8,17
3561.8,26
3561.9,31
3562.2,34
3562.4,38
3562.8,36
3562.9,37
3563.6,12
3563.9,20
3564.7,4
3565.0,28
3566.0,18
3566.4,7
3566.4,33
3567.9,10
3568.6,15
3569.6,21
3569.8,32
3570.0,19
3570.5,2
3570.8,23
3571.4,9
3571.5,16
3571.5,29
3572.4,8
3572.4,24
3572.6,6
3572.8,12
3573.5,37
3573.6,27
3574.2,36
3574.7,22
3575.0,31
3576.1,35
3576.6,38
3577.7,26
3579.0,25
3579.5,14
3581.2,12
3581.2,24
3582.9,30
3583.0,5
3583.1,11
3583.4,3
3583.5,13
3583.5,16
3583.6,23
3583.7,1
3584.7,37
3585.1,18
3586.6,21
3587.6,26
3587.7,10
3587.9,12
3587.9,38
3588.3,32
3589.6,7
3589.7,36
3589.9,27
3590.0,9
3590.1,33
3590.2,31
3590.6,6
3590.6,29
3593.1,34
3593.8,24
3593.9,25
3594.2,8
3595.4,12
3595.7,37
3595.9,16
3596.0,23
3596.2,15
3596.6,5
3597.2,0
3599.7,31
3601.2,36
3602.3,26
3602.4,21
3602.5,18
3602.6,29
3603.4,19
3603.5,33
3603.6,28
3604.0,7
3604.0,12
3604.1,1
3604.2,35
3604.6,32
3605.6,16
3605.6,24
3606.5,10
3607.0,11
3607.1,6
3608.2,27
3608.7,38
3608.8,23
3610.5,25
3610.9,3
3611.8,9
3611.8,39
3612.0,8
3612.5,37
3613.3,31
3614.8,12
3615.4,16
3616.1,36
3617.1,33
3617.6,7
3618.7,24
3618.7,26
3619.1,32
3619.4,18
3619.8,28
3620.3,23
3620.9,34
3621.3,6
3621.5,29
3621.6,12
3621.7,10
3621.7,19
3622.1,27
3622.2,22
3622.3,37
3623.2,9
3623.4,31
3623.5,14
3623.7,21
3624.1,15
3626.2,38
3627.1,1
3627.9,17
3628.1,16
3628.2,5
3628.3,33
3628.4,26
3628.6,11
3628.7,7
3629.1,36
3632.4,3
3632.6,30
3632.7,25
3633.1,12
3633.4,32
3633.4,37
3633.6,31
3633.8,0
3633.9,24
3634.3,20
3634.4,6
3634.5,18
3634.6,14
3636.7,9
3637.9,7
3638.3,13
3639.3,12
3639.4,23
3639.6,16
3640.4,33
3640.6,29
3642.3,26
3642.6,38
3643.3,10
3643.6,21
3643.7,17
3643.7,24
3645.3,39
3645.7,8
3646.9,36
3647.0,19
3647.2,12
3647.3,37
3648.1,18
3648.8,3
3648.9,31
3648.9,32
3649.1,1
3649.7,5
3650.2,16
3650.4,9
3650.9,27
3651.6,6
3652.1,23
3652.5,22
3652.9,25
3652.9,26
3653.4,15
3653.6,29
3654.6,34
3654.8,33
3656.0,11
3657.0,12
3657.0,36
3657.4,7
3657.4,21
3657.5,28
3657.6,24
3658.5,17
3659.1,3
3661.1,16
3661.5,37
3661.7,38
3661.8,32
3663.6,23
3663.8,6
3663.9,12
3664.1,26
3664.8,1
3664.8,21
3664.9,7
3664.9,18
3666.2,14
3666.3,36
3666.4,10
3666.8,31
3668.9,8
3669.3,27
3669.9,25
3671.1,20
3671.1,33
3671.7,24
3671.8,39
3672.2,5
3672.7,19
3672.8,31
3673.2,16
3673.4,23
3673.7,12
3673.7,37
3674.4,6
3674.6,29
3675.1,9
3675.1,22
3675.4,7
3676.3,17
3676.3,38
3676.4,35
3678.3,32
3678.3,36
3679.2,3
3679.3,18
3680.0,12
3680.6,26
3680.7,13
3681.3,28
3682.0,10
3682.0,21
3682.6,1
3684.9,37
3685.1,4
3685.1,33
3685.3,31
3685.6,16
3687.5,6
3687.7,8
3687.7,11
3687.9,23
3688.2,25
3688.7,12
3688.7,24
3688.7,26
3688.8,27
3689.2,29
3689.7,7
3691.7,36
3691.8,34
3693.2,14
3693.3,15
3694.0,38
3694.7,16
3694.8,12
3694.8,18
3695.4,3
3695.6,21
3695.6,37
3695.8,31
3695.9,9
3695.9,32
3700.0,5
3701.9,6
3703.1,12
3703.1,26
3703.3,27
3703.4,10
3703.8,24
3704.0,7
3704.1,33
3705.6,23
3706.0,32
3706.1,37
3706.2,36
3706.7,17
3707.0,29
3707.5,16
3708.4,25
3709.2,22
3709.3,12
3709.3,31
3709.3,38
3710.6,9
3710.7,19
3711.8,15
3712.0,21
3712.3,13
3713.1,18
3713.7,10
3713.8,39
3714.5,26
3714.7,23
3715.5,16
3715.6,6
3715.9,33
3716.0,3
3716.1,37
3716.4,8
3716.8,2
3716.9,12
3717.0,1
3717.1,25
3717.9,32
3718.3,0
3718.6,36
3718.6,38
3719.1,27
3721.7,24
3722.0,20
3722.2,11
3722.4,14
3722.7,34
3722.9,30
3723.2,7
3724.2,31
3724.3,6
3724.4,9
3724.4,12
3724.9,18
3726.8,16
3727.6,26
3728.0,33
3728.7,28
3728.8,3
3728.9,5
3728.9,17
3729.0,23
3730.5,21
3732.7,12
3733.4,38
3734.1,25
3735.1,27
3735.4,32
3735.4,35
3735.5,37
3736.2,36
3736.3,29
3736.6,26
3736.8,3
3736.9,8
3737.4,24
3737.8,9
3738.7,13
3739.1,1
3739.1,16
3740.0,12
3740.5,15
3741.5,6
3742.8,31
3743.4,18
3743.6,7
3743.9,34
3744.6,14
3744.9,21
3745.3,10
3745.3,23
3745.5,11
3746.6,33
3747.4,0
3748.0,12
3748.4,38
3748.5,5
3748.5,37
3749.3,36
3749.8,26
3750.0,4
3750.6,22
3750.7,19
3752.0,3
3752.2,27
3752.9,7
3753.0,23
3753.9,32
3754.0,16
3755.2,24
3755.3,31
3755.4,12
3756.6,28
3756.8,29
3756.9,9
3757.0,25
3757.6,1
3757.7,15
3757.9,8
3758.2,6
3758.6,37
3759.2,33
3759.8,21
3760.5,39
3761.5,26
3761.7,17
3762.4,32
3762.6,36
3762.7,10
3762.9,12
3763.3,16
3765.5,38
3766.3,14
3766.3,18
3766.4,7
3768.7,33
3769.5,23
3769.8,12
3770.3,32
3771.3,29
3771.4,36
3771.8,3
3771.8,27
3772.5,0
3772.5,11
3772.9,37
3773.9,6
3774.0,22
3774.4,25
3774.6,16
3774.6,26
3774.6,31
3775.0,21
3775.9,10
3777.2,9
3777.4,12
3778.8,8
3779.6,38
3780.9,17
3781.1,13
3781.2,1
3782.5,18
3782.9,7
3782.9,23
3783.2,36
3783.7,33
3783.8,24
3784.5,37
3784.9,21
3785.2,31
3785.7,12
3785.9,15
3786.1,34
3786.2,19
3787.0,26
3787.3,20
3788.7,16
3790.0,32
3790.5,4
3792.0,10
3792.0,29
3792.3,39
3792.4,9
3792.8,8
3793.2,1
3793.2,37
3793.3,3
3793.6,12
3794.2,27
3795.1,5
3795.7,30
3796.6,23
3797.4,6
3797.9,31
3798.4,7
3798.9,25
3798.9,36
3798.9,38
3799.5,18
3800.2,16
3800.3,26
3800.4,0
3801.3,12
3801.3,14
3801.6,24
3802.0,28
3802.0,33
3803.5,37
3803.6,32
3805.5,23
3807.1,39
3807.6,22
3808.4,5
3808.9,13
3808.9,29
3809.3,6
3809.8,17
3809.9,25
3810.2,11
3810.4,1
3810.6,12
3810.6,26
3811.4,16
3811.5,20
3811.8,3
3812.1,31
3812.5,21
3813.2,10
3813.5,38
3813.6,7
3814.0,32
3814.1,36
3814.5,33
3816.5,24
3817.1,6
3818.4,9
3818.4,27
3818.5,35
3818.7,34
3818.8,12
3819.6,37
3819.7,18
3819.8,23
3822.2,19
3822.7,26
3823.9,32
3824.3,12
3824.8,16
3824.9,29
3825.3,36
3826.1,15
3827.0,31
3827.8,27
3828.2,2
3828.9,25
3829.6,28
3831.2,37
3831.9,3
3832.4,24
3832.9,7
3833.0,12
3833.4,38
3833.8,10
3833.9,23
3834.5,33
3834.6,9
3835.2,18
3835.3,32
3836.4,14
3836.5,36
3836.6,16
3836.7,26
3837.1,8
3837.1,21
3838.7,6
3838.9,12
3840.4,31
3841.8,37
3842.3,7
3843.5,23
3844.9,22
3845.7,25
3845.8,26
3846.3,29
3847.0,19
3848.4,9
3848.5,16
3849.5,36
3849.6,12
3849.8,33
3850.0,18
3851.3,20
3851.5,27
3851.5,32
3851.6,5
3851.7,24
3851.8,10
3852.6,13
3852.8,17
3853.3,6
3853.9,37
3854.1,38
3854.2,39
3854.3,11
3854.9,7
3855.2,21
3855.3,3
3855.5,31
3856.7,1
3857.3,12
3857.6,4
3858.7,29
3859.6,26
3860.1,28
3860.2,36
3860.9,16
3861.0,34
3862.0,24
3863.8,38
3864.0,12
3864.2,25
3864.7,9
3865.4,23
3866.3,8
3867.4,21
3868.3,37
3868.8,27
3869.0,5
3869.1,33
3869.3,31
3869.7,16
3869.9,24
3871.2,2
3871.4,22
3871.7,6
3872.0,12
3873.4,26
3873.4,32
3873.7,36
3874.2,10
3875.5,19
3875.9,18
3876.0,14
3876.3,3
3876.4,38
3876.6,25
3876.7,39
3877.2,1
3877.2,37
3877.5,15
3877.8,34
3878.3,7
3878.3,12
3878.5,9
3878.5,29
3882.6,23
3884.0,17
3884.3,6
3884.7,11
3884.9,16
3885.0,24
3885.1,21
3885.5,26
3886.4,32
3886.6,8
3886.6,31
3886.7,36
3887.8,12
3888.9,38
3890.2,27
3891.8,29
3892.3,5
3892.4,7
3892.7,23
3892.9,9
3893.1,3
3893.5,37
3894.2,33
3894.5,39
3895.0,18
3895.1,16
3895.6,25
3895.8,13
3896.7,12
3897.3,26
3897.6,32
3897.9,21
3898.7,22
3898.8,20
3899.0,28
3899.2,6
3899.3,24
3899.9,1
3900.1,9
3902.3,17
3902.6,8
3902.7,36
3902.8,30
3903.1,10
3903.1,11
3904.5,4
3904.6,31
3905.1,12
3905.2,29
3905.5,27
3905.7,23
3906.0,34
3906.3,37
3906.8,15
3908.7,33
3909.4,16
3909.5,7
3909.6,38
3910.2,26
3910.3,18
3911.6,6
3911.7,24
3911.9,12
3912.1,22
3912.2,32
3912.5,3
3912.7,20
3913.6,36
3914.7,5
3915.1,37
3915.8,25
3916.7,16
3917.1,21
3917.4,31
3917.9,28
3919.0,29
3919.4,19
3919.5,7
3919.5,39
3919.7,8
3919.9,14
3920.2,0
3920.6,9
3920.6,12
3920.7,1
3921.0,36
3923.5,10
3923.9,32
3924.3,6
3924.7,15
3924.9,27
3925.5,23
3925.8,38
3925.9,26
3926.0,13
3926.1,3
3926.7,16
3928.9,25
3929.0,17
3929.0,18
3929.2,31
3929.6,37
3930.1,33
3930.5,12
3931.6,22
3932.1,24
3932.2,7
3932.2,36
3933.7,29
3934.5,32
3936.3,12
3938.1,6
3938.1,21
3938.2,16
3938.9,34
3939.2,1
3940.0,9
3941.0,3
3941.0,38
3941.6,10
3942.1,23
3942.3,37
3942.5,27
3942.6,31
3943.2,26
3943.7,7
3943.7,15
3943.9,12
3943.9,24
3944.8,20
3945.3,19
3945.6,36
3946.0,16
3946.2,33
3947.0,32
3947.1,29
3947.2,25
3947.5,22
3948.9,11
3949.6,8
3949.6,18
3950.3,14
3950.7,12
3951.0,39
3951.1,17
3953.4,23
3953.6,21
3953.7,16
3953.8,31
3954.4,6
3954.9,5
3955.6,30
3956.0,38
3956.2,37
3956.3,27
3956.7,10
3956.8,7
3956.9,26
3957.1,12
3957.5,36
3957.9,0
3958.0,3
3958.6,1
3959.1,24
3960.5,32
3961.0,28
3962.1,25
3962.7,35
3964.7,12
3965.0,33
3965.4,23
3965.9,37
3966.2,13
3966.2,31
3966.9,26
3967.1,29
3967.5,36
3968.2,16
3968.6,9
3969.0,15
3969.2,6
3969.4,10
3969.8,34
3969.9,7
3970.1,8
3970.1,18
3970.1,39
3970.7,24
3970.9,38
3971.2,33
3971.4,21
3972.3,12
3975.0,20
3976.0,5
3976.4,27
3976.4,37
3976.7,32
3977.2,17
3979.3,12
3980.6,31
3980.6,36
3980.8,26
3981.0,23
3981.5,13
3981.8,9
3981.9,1
3981.9,11
3981.9,16
3982.0,22
3982.1,25
3982.7,3
3982.8,10
3983.5,7
3983.5,24
3983.8,14
3984.1,29
3984.2,28
3984.6,6
3987.3,33
3987.7,18
3988.1,21
3988.6,38
3989.2,12
3989.2,31
3989.2,37
3990.4,30
3990.8,16
3990.8,26
3993.0,36
3993.1,32
3993.6,35
3993.7,3
3993.9,23
3993.9,24
3994.0,6
3994.2,27
3996.2,19
3997.0,1
3997.4,12
3997.8,15
3998.1,25
3998.3,5
3998.4,37
3998.7,8
3998.8,29
3998.8,39
3998.9,9
4000.4,38
4000.6,31
4001.6,22
4001.8,16
4002.5,36
4002.8,18
4003.3,21
4003.4,23
4004.1,17
4004.4,35
4004.5,12
4004.7,34
4004.8,33
4004.9,7
4005.6,26
4007.8,10
4007.9,27
4008.3,32
4009.1,11
4010.1,24
4010.6,25
4011.0,6
4012.0,37
4012.3,36
4012.6,31
4012.9,12
4012.9,13
4014.1,3
4014.7,16
4017.9,15
4018.7,2
4018.9,9
4019.2,38
4019.3,12
4019.3,26
4019.6,4
4020.2,21
4020.7,18
4020.8,32
4020.9,27
4021.6,31
4021.6,37
4021.9,23
4022.0,33
4022.4,16
4023.0,24
4023.1,3
4023.4,1
4024.3,10
4024.7,29
4025.1,12
4027.0,36
4027.4,17
4028.8,8
4028.9,7
4029.3,6
4029.3,20
4029.5,30
4030.9,39
4031.0,16
4032.4,32
4033.9,5
4034.2,12
4034.9,25
4035.2,31
4035.6,21
4035.6,37
4035.8,26
4036.0,24
4038.0,36
4038.5,23
4039.3,38
4039.9,18
4040.0,12
4040.7,10
4042.1,9
4042.4,6
4042.4,16
4042.6,28
4042.9,3
4043.8,22
4044.2,13
4044.2,33
4044.3,15
4044.8,1
4044.8,14
4045.3,19
4045.7,29
4045.8,37
4045.9,12
4046.0,7
4046.8,2
4047.3,31
4047.5,26
4048.0,23
4048.7,36
4051.3,34
4051.4,17
4051.7,16
4051.8,21
4052.7,25
4052.8,27
4053.3,32
4053.7,8
4054.3,5
4054.6,4
4054.6,12
4054.6,24
4054.7,38
4055.8,10
4056.9,18
4057.5,22
4057.9,20
4058.6,35
4059.1,9
4059.1,37
4059.6,33
4059.8,7
4060.0,0
4060.0,11
4060.1,23
4060.9,6
4061.7,28
4061.7,3
4061.7,31
4061.9,36
4062.9,12
4063.9,26
4064.4,16
4066.5,24
4066.6,29
4066.9,21
4066.9,25
4066.9,37
4067.0,38
4067.9,39
4068.9,27
4069.9,12
4070.3,32
4070.8,14
4071.9,1
4072.7,8
4072.7,36
4073.4,13
4073.5,26
4073.5,7
4073.5,23
4073.9,5
4074.2,6
4074.3,18
4074.5,33
4074.8,15
4075.9,3
4076.1,16
4076.6,37
4077.3,12
4077.9,11
4077.9,31
4081.0,19
4083.1,28
4083.2,25
4083.4,18
4083.7,32
4083.7,38
4084.0,10
4084.1,21
4084.2,20
4084.9,12
4085.0,34
4085.1,24
4085.9,16
4086.6,9
4086.8,27
4087.8,36
4089.1,37
4091.6,31
4091.8,26
4091.8,7
4092.9,23
4093.0,33
4093.4,3
4093.4,22
4093.5,12
4094.0,16
4094.7,1
4094.7,6
4094.9,39
4095.5,30
4096.1,38
4096.4,18
4096.6,5
4097.1,32
4097.5,26
4099.3,9
4101.3,21
4101.9,12
4102.3,24
4102.4,27
4102.8,37
4103.2,10
4103.3,36
4103.7,13
4103.8,15
4103.8,29
4103.9,35
4104.2,4
4104.2,14
4105.2,23
4105.8,31
4106.8,33
4106.9,16
4107.3,12
4108.6,7
4110.0,18
4110.1,32
4110.3,6
4110.8,3
4112.2,2
4112.5,25
4112.7,10
4113.0,34
4113.5,26
4113.7,38
4113.9,9
4114.6,5
4114.7,12
4115.6,27
4116.1,17
4116.5,21
4117.6,13
4118.0,8
4118.0,28
4118.5,1
4118.7,23
4119.1,37
4119.5,16
4119.5,36
4119.8,24
4119.8,29
4120.2,32
4120.8,30
4121.0,22
4123.6,12
4124.4,18
4125.2,6
4125.3,31
4125.7,3
4127.6,16
4128.1,26
4129.2,11
4129.6,23
4130.2,12
4131.3,27
4131.6,38
4131.7,20
4132.4,10
4132.8,25
4133.0,37
4133.3,7
4133.3,8
4133.4,4
4133.7,33
4133.8,21
4134.1,9
4134.5,18
4134.8,39
4134.9,14
4135.1,31
4135.2,36
4136.0,19
4136.4,1
4136.4,24
4136.9,5
4136.9,32
4137.1,17
4137.4,12
4137.4,13
4137.4,35
4138.6,16
4138.8,30
4140.0,29
4140.1,26
4140.6,15
4143.3,21
4143.7,23
4144.4,6
4145.2,3
4145.4,12
4145.5,33
4145.6,37
4146.2,9
4147.4,27
4148.1,36
4148.5,24
4149.3,32
4151.0,16
4151.9,31
4152.0,26
4152.1,10
4152.2,8
4153.1,38
4153.7,18
4153.8,12
4154.0,13
4154.3,17
4155.1,23
4155.5,7
4156.9,36
4158.6,3
4159.1,0
4159.1,21
4159.5,12
4159.8,6
4159.8,34
4159.9,33
4160.4,1
4161.6,22
4161.6,37
4161.8,16
4162.0,18
4163.8,24
4164.2,25
4165.3,23
4165.6,26
4166.1,5
4166.4,32
4166.5,9
4167.1,10
4167.5,12
4168.2,7
4168.5,27
4169.0,28
4169.0,29
4169.3,11
4169.6,37
4169.6,38
4169.7,20
4170.1,3
4170.5,16
4170.6,36
4171.0,31
4171.8,8
4173.7,12
4173.8,33
4176.0,4
4176.2,35
4177.1,18
4177.9,15
4178.5,6
4178.5,37
4179.0,14
4179.7,26
4179.9,12
4180.0,32
4180.5,21
4181.4,16
4181.7,25
4182.4,24
4184.5,7
4185.6,9
4185.7,23
4185.7,31
4185.7,36
4186.3,1
4186.7,38
4187.6,12
4187.9,22
4188.5,17
4189.1,32
4190.2,39
4191.2,19
4191.5,27
4191.8,29
4191.9,34
4192.2,3
4192.3,0
4192.6,30
4192.7,15
4193.0,33
4193.2,25
4193.3,23
4194.2,24
4194.3,21
4194.8,18
4195.2,5
4195.5,14
4195.5,13
4195.8,16
4195.9,12
4196.2,7
4196.3,26
4196.3,35
4196.9,37
4197.4,31
4198.0,6
4198.9,28
4199.1,10
4199.7,38
4200.2,8
4200.2,17
4200.4,36
4201.6,2
4203.4,27
4203.6,32
4204.4,9
4204.9,12
4205.4,18
4205.7,3
4206.1,21
4206.5,25
4206.6,29
4206.7,19
4206.7,37
4207.6,23
4207.9,6
4208.6,24
4208.6,33
4208.7,36
4209.2,1
4210.1,38
4210.3,31
4210.9,39
4211.3,16
4211.4,12
4212.0,5
4212.6,7
4214.6,26
4215.5,37
4216.8,14
4217.7,32
4218.4,16
4219.0,21
4219.3,17
4219.5,10
4219.8,12
4220.2,18
4220.7,36
4221.1,23
4221.7,7
4221.8,6
4221.8,24
4222.3,15
4222.4,31
4222.5,27
4222.8,22
4222.9,9
4223.9,13
4224.3,33
4225.8,12
4226.0,25
4227.3,34
4227.5,3
4227.5,29
4228.3,8
4228.5,16
4228.5,37
4229.0,26
4229.3,20
4229.6,38
4230.1,30
4230.3,11
4230.8,5
4230.9,1
4232.2,7
4233.0,12
4234.0,32
4235.4,33
4236.0,10
4237.0,6
4237.2,21
4237.5,23
4237.6,36
4238.9,24
4239.2,16
4239.2,37
4239.4,9
4240.0,12
4241.7,29
4241.9,31
4242.3,28
4242.9,39
4243.4,26
4243.7,18
4244.6,7
4245.1,35
4246.8,32
4247.3,16
4247.6,22
4247.7,10
4247.7,34
4247.9,3
4248.1,25
4248.3,37
4248.4,17
4249.5,12
4249.5,36
4249.6,38
4249.7,4
4251.2,27
4251.3,13
4251.4,9
4252.6,8
4252.9,21
4252.9,24
4254.7,15
4254.9,0
4254.9,33
4255.1,31
4256.0,26
4256.1,1
4256.1,29
4256.2,7
4256.3,6
4256.5,14
4257.0,16
4257.1,12
4257.1,37
4258.5,23
4258.9,20
4259.1,27
4262.4,3
4262.6,32
4262.9,38
4263.3,5
4263.4,36
4263.8,12
4263.8,18
4265.5,21
4265.9,31
4266.8,26
4267.1,25
4267.9,24
4269.0,10
4269.9,6
4270.1,16
4270.2,22
4270.8,12
4270.9,11
4271.2,1
4271.2,13
4271.3,23
4271.3,37
4271.5,33
4272.5,34
4272.6,15
4272.8,35
4273.2,39
4274.6,27
4275.8,7
4277.4,36
4277.8,9
4278.0,12
4278.7,3
4279.3,4
4280.0,31
4280.1,18
4280.2,26
4280.5,21
4280.6,19
4280.7,28
4281.5,24
4282.1,16
4282.1,32
4282.4,25
4282.6,29
4282.7,33
4282.8,5
4282.8,37
4283.4,0
4283.7,6
4284.7,8
4285.3,38
4285.4,22
4285.4,23
4286.5,12
4287.8,17
4289.0,36
4290.7,10
4292.2,26
4293.0,14
4293.3,16
4293.9,6
4294.2,7
4294.5,24
4295.1,37
4295.4,18
4295.7,21
4296.1,12
4296.5,27
4296.8,33
4297.0,23
4297.6,31
4298.0,2
4298.0,1
4298.5,38
4299.5,5
4300.6,25
4301.5,32
4301.7,28
4301.8,29
4301.9,36
4302.4,3
4302.5,13
4302.8,12
4303.0,9
4303.1,15
4303.3,26
4303.4,22
4304.0,8
4304.4,16
4306.9,7
4307.4,6
4309.1,37
4309.8,31
4310.5,19
4310.9,24
4311.1,12
4311.2,10
4311.3,23
4311.5,17
4312.1,21
4312.4,38
4313.0,36
4313.1,33
4313.2,3
4313.2,18
4313.2,4
4313.5,34
4315.7,16
4315.8,1
4317.4,26
4317.8,27
4318.6,12
4318.8,29
4319.0,6
4319.0,7
4319.7,24
4321.3,23
4322.2,9
4322.6,32
4322.7,25
4323.1,10
4323.7,13
4323.8,36
4323.8,37
4325.9,12
4325.9,31
4326.8,16
4328.1,33
4328.3,3
4330.4,38
4330.5,17
4330.6,7
4331.4,21
4331.4,39
4331.6,15
4331.9,4
4332.1,27
4332.5,24
4332.6,5
4333.1,29
4333.3,23
4333.4,8
4333.6,6
4333.6,10
4333.7,12
4334.0,13
4335.2,37
4336.0,32
4336.1,18
4336.3,26
4336.4,30
4337.0,16
4337.0,31
4337.9,36
4338.0,11
4338.9,9
4338.9,25
4340.3,12
4340.9,28
4341.3,7
4341.4,1
4341.4,22
4342.8,5
4344.5,33
4344.7,19
4345.5,23
4345.6,29
4345.9,24
4347.1,21
4347.8,27
4348.5,12
4349.0,3
4349.0,8
4349.2,32
4349.5,37
4349.7,16
4350.1,36
4350.2,6
4350.2,25
4350.4,13
4350.6,20
4350.7,26
4350.7,38
4351.6,10
4351.8,31
4352.5,18
4355.5,7
4357.1,14
4358.2,15
4358.3,12
4359.7,27
4359.9,16
4360.7,34
4360.8,3
4361.0,21
4361.0,24
4361.6,23
4361.8,17
4361.9,31
4362.0,25
4362.9,26
4363.8,36
4364.4,37
4364.5,32
4365.0,33
4365.4,5
4365.5,29
4366.8,16
4367.3,38
4367.6,6
4367.8,12
4368.4,9
4369.2,10
4370.8,27
4371.0,18
4372.1,3
4372.9,24
4373.1,21
4373.2,1
4373.2,39
4374.1,25
4374.5,14
4374.6,13
4375.3,4
4375.3,7
4376.3,12
4376.5,37
4376.6,11
4377.8,29
4378.0,23
4378.0,31
4378.3,22
4378.6,38
4378.7,15
4379.0,2
4379.0,30
4379.3,26
4379.7,0
4380.2,16
4380.2,36
4381.2,6
4383.3,12
4384.5,35
4384.9,32
4385.1,10
4385.6,24
4385.7,28
4385.8,18
4386.8,8
4387.2,7
4387.7,3
4389.4,5
4389.4,33
4390.5,27
4390.8,16
4391.5,23
4391.5,37
4391.7,12
4392.9,38
4394.4,31
4395.1,25
4395.7,22
4395.9,6
4396.2,9
4396.2,34
4396.5,11
4396.6,17
4396.7,21
4396.7,24
4396.9,13
4396.9,36
4397.0,1
4397.0,20
4397.0,26
4397.5,15
4397.5,32
4398.1,12
4398.2,16
4399.2,14
4399.6,10
4401.6,37
4401.9,29
4402.5,7
4405.1,12
4406.5,18
4407.3,39
4408.1,28
4408.4,1
4408.9,20
4409.2,21
4409.3,23
4409.8,26
4409.9,8
4410.1,27
4410.6,6
4410.6,31
4410.6,33
4411.2,16
4411.3,36
4411.8,3
4412.1,9
4412.1,12
4412.2,4
4412.5,11
4412.9,24
4412.9,38
4413.2,5
4413.7,37
4413.8,30
4414.4,32
4415.8,25
4419.6,16
4420.3,10
4420.8,7
4421.4,23
4422.1,9
4422.8,6
4422.8,29
4423.2,31
4423.7,12
4423.9,32
4424.2,18
4424.4,26
4425.9,34
4426.0,13
4426.4,17
4426.4,36
4426.7,21
4426.9,15
4427.4,3
4427.4,37
4427.5,33
4429.6,6
4429.7,24
4430.2,12
4430.2,1
4430.5,16
4432.3,8
4433.8,0
4433.8,31
4434.8,23
4434.8,27
4435.1,7
4435.8,10
4436.1,38
4436.3,22
4437.0,26
4437.6,12
4438.2,25
4438.2,18
4438.2,35
4438.8,14
4439.2,37
4440.1,11
4440.6,36
4441.2,19
4441.2,21
4441.4,5
4442.0,3
4442.9,2
4444.2,28
4444.5,9
4444.5,32
4444.8,12
4444.9,39
4445.3,24
4445.5,16
4445.7,33
4446.5,29
4446.6,31
4447.2,38
4448.9,6
4449.4,37
4449.9,23
4450.0,36
4450.4,10
4450.8,26
4450.9,17
4451.4,12
4451.4,27
4451.9,1
4453.1,7
4454.0,25
4455.2,18
4456.8,12
4457.0,16
4459.8,3
4460.3,21
4460.5,5
4460.5,8
4461.4,24
4462.0,9
4462.0,31
4462.1,6
4462.2,20
4462.3,28
4462.8,36
4463.2,12
4463.5,14
4463.5,38
4463.7,37
4463.8,15
4463.8,26
4463.9,32
4464.5,33
4465.0,30
4465.6,16
4466.4,10
4466.8,23
4467.1,22
4468.0,7
4469.0,13
4470.4,17
4470.5,11
4470.6,18
4470.6,29
4471.1,34
4472.6,12
4473.2,31
4473.5,36
4474.2,27
4475.2,16
4476.3,5
4476.3,24
4476.3,3
4476.7,19
4476.9,25
4477.2,26
4477.5,6
4479.2,21
4480.1,38
4480.3,12
4480.5,10
4480.6,33
4480.9,14
4480.9,32
4481.3,1
4481.4,23
4482.7,37
4484.1,16
4485.7,8
4486.3,7
4486.7,9
4487.0,28
4487.3,31
4488.0,13
4488.5,24
4489.0,26
4489.0,39
4489.1,29
4489.4,18
4489.6,12
4489.7,6
4489.7,23
4490.3,33
4490.3,36
4491.4,27
4493.1,0
4493.1,3
4493.2,4
4495.7,16
4496.0,38
4496.5,5
4497.6,37
4497.7,26
4498.5,11
4498.8,12
4499.1,31
4499.4,9
4499.7,10
4499.7,21
4499.7,24
4500.2,32
4500.7,7
4501.3,25
4501.4,36
4501.7,15
4502.5,34
4502.7,16
4502.7,17
4502.8,33
4503.2,18
4503.4,6
4504.0,29
4504.2,23
4505.5,12
4507.6,13
4507.7,20
4507.7,37
4507.8,24
4508.2,19
4508.6,26
4511.4,22
4511.6,12
4511.8,31
4512.0,27
4512.2,33
4512.8,18
4512.9,3
4513.2,16
4513.3,38
4513.7,36
4513.8,29
4514.4,32
4516.1,21
4516.4,28
4516.7,1
4516.9,23
4517.3,37
4518.0,6
4518.6,4
4518.6,30
4518.7,24
4519.1,25
4519.5,26
4520.6,9
4521.0,12
4521.7,20
4522.0,10
4523.5,16
4524.5,18
4524.7,32
4524.7,37
4524.8,7
4524.8,31
4525.3,3
4525.5,8
4527.1,36
4527.5,29
4527.6,12
4527.7,34
4528.1,15
4529.0,5
4529.5,31
4530.0,26
4530.2,33
4530.7,39
4531.5,17
4532.2,25
4532.2,27
4532.9,23
4532.9,35
4533.7,38
4534.5,21
4535.4,16
4535.6,13
4536.0,37
4536.4,22
4536.6,12
4536.7,6
4536.9,32
4538.2,0
4538.5,9
4538.5,36
4538.6,24
4539.1,2
4539.1,28
4539.2,10
4540.0,8
4540.3,11
4540.5,19
4543.0,18
4543.7,26
4544.1,12
4544.2,31
4544.4,4
4545.3,7
4546.1,37
4546.6,23
4546.6,33
4546.8,3
4546.9,36
4547.1,14
4547.1,16
4547.2,32
4548.3,34
4548.8,17
4548.8,27
4548.8,38
4548.9,25
4549.7,12
4549.8,24
4550.4,21
4551.2,1
4551.2,39
4551.6,6
4552.0,29
4552.2,19
4552.9,9
4553.0,18
4555.2,5
4556.1,26
4556.5,12
4558.6,10
4558.6,25
4559.3,16
4559.3,32
4559.5,15
4560.7,37
4560.8,23
4561.6,36
4561.7,28
4562.3,7
4563.2,33
4564.1,29
4564.9,31
4565.0,24
4565.5,12
4565.5,38
4565.6,17
4565.7,21
4565.9,27
4566.1,4
4566.4,18
4567.1,8
4567.4,6
4567.4,39
4568.2,26
4568.4,25
4568.7,22
4568.9,16
4569.8,9
4570.3,11
4570.5,13
4570.5,14
4570.7,1
4570.7,37
4571.2,35
4572.3,12
4572.6,3
4572.9,27
4573.1,23
4574.6,7
4574.9,33
4575.0,36
4575.4,24
4576.3,38
4576.4,18
4576.8,30
4576.8,32
4577.2,34
4577.4,31
4577.6,21
4577.9,12
4579.3,16
4580.5,26
4580.6,5
4582.5,17
4583.0,14
4583.1,28
4583.8,37
4584.2,23
4585.4,6
4586.5,15
4586.9,36
4587.1,8
4587.3,12
4587.4,1
4587.5,16
4587.6,0
4587.8,22
4588.8,29
4589.3,7
4589.7,21
4590.5,3
4590.6,18
4590.9,10
4592.4,31
4592.7,9
4593.4,25
4593.5,12
4593.5,27
4593.9,32
4594.2,5
4594.3,23
4595.1,38
4595.7,26
4597.4,20
4597.9,37
4598.3,39
4598.5,36
4598.6,24
4598.6,33
4599.7,13
4599.8,19
4600.5,11
4601.3,12
4602.2,3
4602.5,27
4602.8,16
4603.0,2
4603.5,7
4603.6,31
4604.0,22
4604.7,17
4606.4,26
4607.1,25
4607.2,38
4607.3,37
4607.5,10
4607.5,23
4608.1,8
4608.3,29
4608.4,21
4608.5,18
4608.6,12
4608.6,16
4609.0,36
4609.8,32
4610.3,6
4610.7,1
4611.1,39
4612.9,24
4614.4,14
4614.5,23
4614.7,27
4615.8,12
4615.9,31
4618.0,19
4618.5,33
4618.8,7
4619.9,26
4619.9,36
4620.1,16
4621.0,17
4621.3,3
4621.4,20
4621.9,25
4622.0,21
4622.0,37
4622.5,32
4622.9,12
4623.1,15
4623.4,27
4623.4,38
4623.8,9
4624.0,22
4624.2,1
4626.3,18
4626.4,14
4626.7,13
4627.2,5
4628.4,29
4628.9,16
4629.1,7
4629.1,10
4629.9,23
4630.2,4
4630.4,24
4630.6,28
4630.9,31
4631.0,36
4631.7,6
4631.8,12
4634.0,37
4634.5,11
4634.9,0
4635.9,26
4636.0,8
4636.0,33
4636.7,3
4636.7,32
4637.0,21
4637.1,30
4638.8,16
4638.9,9
4639.2,35
4639.6,12
4641.9,38
4642.1,19
4642.4,25
4642.7,27
4643.1,37
4643.3,7
4643.3,24
4643.4,23
4643.4,26
4643.5,6
4644.3,18
4646.1,31
4646.3,12
4647.1,36
4647.3,10
4648.9,16
4649.2,21
4649.2,37
4649.3,22
4650.1,13
4650.3,29
4650.4,17
4650.8,34
4650.9,15
4651.0,3
4651.3,39
4651.4,7
4652.3,18
4653.1,5
4653.5,12
4654.5,1
4654.5,9
4654.9,32
4655.1,24
4655.1,26
4655.7,6
4655.7,23
4655.7,25
4657.4,33
4658.3,16
4658.5,38
4658.7,11
4658.7,14
4659.1,31
4659.2,27
4662.5,37
4662.6,29
4662.8,10
4663.1,36
4663.8,8
4664.2,12
4666.8,7
4667.2,26
4667.5,20
4667.6,9
4668.2,15
4668.2,32
4668.6,33
4669.5,6
4669.8,12
4670.0,16
4670.4,31
4671.5,21
4671.6,1
4672.6,3
4673.0,24
4673.5,5
4673.5,34
4673.5,38
4674.1,23
4674.5,12
4674.5,2
4674.7,22
4674.8,19
4674.9,26
4675.8,18
4676.2,29
4676.4,37
4676.6,8
4677.2,36
4677.5,6
4678.2,35
4678.6,7
4679.0,13
4680.4,25
4681.7,10
4681.7,16
4681.8,9
4682.7,14
4682.7,28
4683.1,39
4683.2,27
4683.5,32
4683.6,17
4684.2,12
4684.2,37
4685.1,23
4685.1,33
4685.8,4
4685.9,31
4686.3,5
4686.7,38
4687.2,3
4687.2,6
4687.4,0
4687.8,26
4688.6,21
4689.0,18
4689.1,12
4689.9,7
4692.0,11
4692.0,24
4692.1,30
4692.2,36
4692.6,10
4692.7,16
4692.9,34
4694.9,32
4695.9,12
4696.7,26
4696.9,37
4697.0,1
4698.1,23
4699.5,13
4699.6,22
4701.9,9
4701.9,16
4701.9,29
4702.6,31
4703.1,7
4703.6,25
4703.6,33
4703.9,15
4704.6,12
4704.8,38
4704.9,36
4706.6,37
4708.2,17
4708.3,21
4708.4,6
4708.5,8
4709.1,26
4709.2,18
4710.7,27
4711.1,24
4711.6,1
4711.6,13
4711.7,12
4711.7,23
4711.7,32
4711.9,20
4712.0,10
4712.0,16
4714.6,36
4714.6,37
4716.8,7
4716.8,39
4717.0,5
4717.6,9
4717.6,22
4717.6,38
4718.1,14
4719.1,33
4719.9,30
4720.1,12
4720.1,29
4720.4,31
4720.7,28
4721.7,3
4721.7,26
4722.0,16
4722.0,21
4722.2,15
4722.2,27
4722.8,19
4723.3,18
4723.7,6
4727.1,32
4728.4,12
4729.0,34
4730.0,33
4730.4,24
4730.4,25
4730.5,37
4732.1,23
4732.5,9
4732.6,36
4733.2,1
4733.3,10
4733.8,7
4734.0,16
4734.2,31
4734.3,0
4734.3,26
4734.5,5
4735.4,38
4735.5,21
4735.7,12
4735.8,8
4737.6,18
4738.5,20
4739.2,11
4739.9,35
4740.0,17
4740.4,3
4740.5,6
4740.6,37
4740.7,33
4740.9,32
4741.2,29
4741.5,31
4742.5,12
4742.7,4
4743.2,23
4743.4,16
4743.7,36
4744.5,24
4745.2,7
4745.7,14
4746.0,26
4746.9,13
4747.1,15
4747.2,10
4747.2,22
4747.9,8
4748.2,18
4748.5,27
4748.6,21
4749.5,12
4751.9,16
4752.8,32
4753.3,3
4753.9,25
4754.2,33
4755.4,5
4755.5,37
4755.9,9
4757.6,38
4758.1,12
4758.3,24
4758.8,36
4759.8,29
4759.9,7
4759.9,23
4760.6,39
4761.4,26
4762.0,16
4762.0,31
4762.3,6
4764.2,34
4765.4,11
4765.6,0
4765.6,12
4765.9,18
4766.4,32
4766.5,22
4767.6,1
4767.6,26
4769.5,8
4769.6,36
4769.8,28
4770.3,21
4770.4,25
4770.5,16
4771.0,15
4771.2,31
4771.2,37
4771.3,30
4772.1,27
4773.1,9
4773.1,12
4774.6,7
4775.4,26
4775.7,3
4776.2,22
4776.8,6
4777.5,24
4777.7,5
4778.0,23
4778.6,17
4779.2,10
4779.3,8
4779.3,36
4780.0,38
4780.2,14
4780.3,20
4780.4,29
4780.5,33
4781.0,12
4781.0,13
4781.7,16
4781.7,37
4782.3,19
4782.4,18
4784.4,21
4784.6,34
4784.9,1
4786.5,26
4787.3,31
4787.9,7
4788.4,32
4788.8,12
4788.8,38
4790.5,25
4791.5,27
4791.8,6
4792.7,37
4793.0,23
4793.9,3
4794.4,9
4794.5,16
4794.5,33
4795.0,15
4795.1,12
4796.1,24
4796.4,36
4796.9,8
4797.4,5
4798.7,10
4799.1,11
4799.5,32
4799.8,22
4800.0,28
4800.2,29
4800.3,25
4800.7,6
4800.8,18
4801.0,26
4801.5,31
4802.0,30
4802.2,21
4802.2,36
4802.2,38
4803.3,12
4803.4,19
4803.5,16
4804.0,7
4804.2,2
4805.1,37
4809.8,27
4810.1,13
4810.6,20
4810.7,3
4810.7,39
4811.7,33
4812.1,12
4812.5,14
4812.6,23
4813.0,24
4813.4,26
4813.5,16
4813.7,7
4813.8,9
4815.2,31
4815.3,1
4815.5,6
4815.6,18
4815.9,25
4816.2,4
4816.9,32
4817.0,36
4817.7,15
4818.0,5
4819.0,37
4819.5,12
4819.5,38
4820.2,17
4821.6,16
4821.7,33
4822.0,29
4822.3,10
4822.4,11
4823.1,21
4823.2,6
4823.2,8
4823.2,27
4823.9,36
4824.9,26
4825.0,23
4825.7,31
4826.1,24
4826.7,37
4827.6,25
4827.8,34
4829.5,28
4830.1,7
4830.2,12
4831.3,32
4832.6,22
4832.6,30
4832.9,39
4833.1,19
4833.8,2
4833.9,1
4834.0,5
4834.1,4
4834.5,13
4834.8,3
4835.0,18
4835.1,36
4835.2,16
4835.3,38
4835.4,9
4836.0,37
4836.4,26
4836.5,33
4836.6,12
4837.0,14
4837.0,23
4837.6,6
4838.0,29
4838.5,24
4839.1,10
4839.1,31
4839.5,21
4839.8,32
4839.9,15
4842.6,28
4842.6,36
4843.8,20
4844.2,12
4845.3,7
4845.6,8
4845.7,16
4846.3,3
4846.9,37
4847.4,21
4848.7,6
4849.2,31
4849.3,27
4849.6,26
4849.7,38
4850.2,23
4850.7,24
4850.9,12
4851.0,1
4851.3,18
4854.0,32
4856.3,9
4856.4,25
4856.6,34
4856.9,29
4857.0,33
4857.2,16
4857.5,0
4858.2,5
4858.5,12
4858.6,7
4858.6,36
4859.7,27
4859.9,18
4859.9,37
4862.0,31
4863.4,23
4864.4,24
4864.5,22
4864.5,26
4864.6,12
4864.7,10
4865.0,15
4865.0,17
4865.6,6
4865.8,3
4866.7,39
4867.2,38
4867.4,25
4868.0,9
4868.0,13
4870.1,16
4870.5,8
4870.6,21
4871.4,12
4873.5,14
4873.8,33
4873.8,19
4874.1,37
4874.2,36
4874.2,29
4874.8,32
4875.3,7
4875.5,31
4875.7,26
4876.7,28
4877.9,1
4878.1,18
4878.4,34
4878.9,23
4879.6,12
4879.8,37
4879.8,38
4880.5,5
4880.6,2
4880.6,27
4880.8,16
4882.8,6
4885.8,36
4885.9,32
4886.2,9
4887.4,24
4887.6,31
4888.4,25
4888.6,21
4888.7,12
4888.8,3
4888.8,10
4888.9,20
4889.3,7
4889.4,33
4889.6,16
4889.6,17
4890.3,23
4890.4,4
4890.6,26
4891.8,30
4891.8,37
4892.4,6
4892.9,29
4896.2,12
4897.3,38
4897.9,22
4898.8,31
4899.3,7
4899.3,34
4899.9,8
4900.1,32
4900.5,18
4901.5,16
4901.5,36
4901.6,28
4902.1,14
4902.8,23
4902.8,1
4903.1,9
4903.7,39
4904.1,15
4904.2,37
4904.3,12
4905.3,27
4906.0,21
4906.8,19
4907.1,26
4907.4,24
4907.6,6
4907.7,35
4909.2,7
4909.2,10
4909.2,31
4909.7,25
4910.2,2
4910.8,33
4911.0,23
4911.3,12
4911.6,5
4911.9,0
4912.2,3
4912.3,20
4912.5,11
4912.5,13
4912.7,16
4915.0,32
4915.0,36
4916.2,21
4918.0,37
4918.3,38
4918.8,9
4919.0,18
4919.0,29
4920.4,24
4920.9,31
4921.1,12
4921.1,34
4921.4,6
4923.0,16
4923.2,23
4923.2,26
4923.9,22
4924.4,3
4925.1,25
4925.6,15
4926.4,10
4926.5,33
4926.5,39
4926.7,37
4927.7,12
4927.9,36
4928.0,1
4928.2,5
4928.2,7
4928.2,21
4928.4,20
4928.5,4
4929.3,23
4929.7,13
4929.9,8
4930.1,17
4931.5,18
4931.7,31
4931.8,9
4931.8,27
4932.2,32
4932.5,24
4933.6,16
4934.6,26
4935.1,12
4935.2,19
4935.7,38
4937.8,37
4939.7,11
4940.0,36
4940.1,30
4940.2,6
4940.4,21
4941.8,25
4942.1,28
4942.9,29
4943.2,18
4943.6,16
4943.9,33
4945.2,3
4945.3,12
4945.3,31
4945.4,7
4945.4,10
4946.1,9
4946.4,23
4947.0,34
4947.4,32
4947.7,22
4948.2,15
4948.5,38
4949.5,26
4949.5,36
4950.1,1
4950.3,24
4950.9,37
4953.4,12
4953.7,6
4954.6,14
4957.0,25
4957.5,16
4957.6,39
4957.7,31
4958.0,18
4958.4,37
4958.5,17
4958.6,13
4958.9,8
4959.7,33
4959.9,27
4960.0,29
4960.1,21
4960.3,12
4960.7,5
4961.1,7
4961.1,24
4961.4,3
4961.6,9
4961.6,11
4961.7,10
4962.0,36
4962.9,26
4963.7,28
4965.6,32
4966.0,23
4966.4,31
4966.6,16
4966.7,22
4967.1,38
4967.8,6
4969.0,37
4969.2,12
4969.4,15
4969.5,33
4969.8,21
4970.2,18
4970.4,8
4970.4,36
4970.8,29
4970.9,1
4972.9,26
4975.9,24
4976.6,25
4976.9,20
4977.7,10
4978.2,6
4978.6,12
4978.6,39
4978.8,27
4979.2,7
4979.5,26
4980.1,19
4980.5,16
4980.7,34
4980.7,38
4980.8,23
4980.9,5
4981.2,17
4981.6,32
4981.7,3
4983.2,37
4983.5,21
4984.1,0
4984.9,8
4985.1,31
4985.3,15
4985.4,33
4986.1,36
4986.5,11
4986.6,12
4987.0,14
4987.6,10
4987.8,35
4988.3,29
4988.4,7
4989.0,18
4989.1,23
4990.4,9
4991.0,16
4992.5,24
4992.7,26
4994.5,13
4994.7,6
4995.2,37
4995.3,12
4995.3,25
4996.4,1
4996.8,38
4997.6,33
4998.3,4
4998.4,9
4998.5,32
4998.8,18
4999.1,22
4999.2,5
5000.5,23
5000.6,7
5000.6,34
5000.7,24
5001.2,3
5001.8,27
5002.0,12
5002.2,31
5002.8,39
5003.7,19
5004.5,6
5004.5,16
5005.2,26
5005.2,28
5005.2,21
5005.7,38
5005.8,36
5006.4,20
5008.4,29
5008.5,25
5009.5,12
5009.9,13
5009.9,37
5010.4,10
5010.6,5
5011.0,18
5011.4,32
5011.6,8
5012.7,15
5013.6,24
5013.9,17
5014.2,23
5014.3,16
5014.4,33
5015.0,31
5015.1,27
5015.5,26
5016.8,12
5017.1,30
5018.4,9
5018.8,7
5019.4,32
5019.5,14
5019.5,36
5021.1,37
5021.7,1
5023.0,28
5023.1,18
5023.2,3
5024.0,12
5026.4,21
5026.5,16
5026.6,29
5026.9,6
5027.0,33
5027.6,31
5028.3,25
5028.3,38
5028.5,4
5029.0,2
5029.0,15
5029.2,26
5029.3,37
5029.6,32
5029.8,0
5029.8,12
5030.0,10
5030.0,23
5030.0,27
5030.2,36
5030.9,39
5032.3,9
5032.9,8
5033.9,22
5034.8,19
5034.9,5
5037.1,18
5038.0,30
5038.1,13
5038.4,16
5038.5,7
5038.5,11
5039.7,6
5039.8,21
5039.9,32
5040.0,3
5040.2,12
5040.3,25
5040.6,37
5041.0,26
5041.2,36
5042.0,33
5042.7,23
5043.7,4
5044.1,24
5044.3,31
5044.4,38
5047.3,12
5047.9,16
5048.0,10
5048.4,14
5048.7,17
5048.7,29
5048.8,20
5049.7,7
5049.7,15
5049.9,9
5050.0,1
5050.0,27
5050.1,25
5050.3,3
5050.3,18
5050.3,37
5051.0,6
5051.8,22
5052.0,13
5052.5,26
5053.1,21
5055.0,36
5055.2,32
5056.5,12
5056.5,33
5056.5,34
5057.8,8
5058.0,5
5058.7,11
5058.8,24
5059.2,16
5059.3,19
5059.7,28
5060.7,38
5060.9,25
5061.7,23
5062.1,12
5062.7,0
5062.9,31
5064.0,7
5064.2,39
5065.2,29
5065.3,27
5065.6,26
5065.6,37
5066.5,22
5066.5,35
5068.4,6
5068.5,18
5069.4,24
5069.7,21
5069.8,12
5069.9,3
5070.1,36
5070.7,15
5072.6,38
5073.0,37
5073.3,16
5073.3,32
5074.2,10
5075.3,23
5075.8,13
5076.0,14
5077.1,33
5077.9,12
5078.1,31
5079.3,25
5079.9,36
5080.1,18
5080.9,17
5081.4,20
5081.8,4
5082.0,30
5082.2,7
5082.3,1
5082.4,29
5082.6,21
5082.9,3
5082.9,24
5083.2,9
5083.2,26
5083.2,34
5083.4,5
5083.5,6
5085.9,12
5087.6,2
5087.8,32
5088.5,16
5088.5,23
5089.5,37
5089.6,38
5089.7,19
5090.6,36
5091.6,8
5091.8,31
5092.1,13
5092.4,28
5092.5,9
5092.5,26
5092.9,5
5092.9,14
5092.9,33
5093.0,15
5093.1,18
5093.7,12
5094.3,25
5094.6,27
5094.8,7
5097.5,11
5099.0,6
5099.6,24
5099.8,16
5100.3,37
5100.4,3
5100.7,12
5100.7,23
5101.5,10
5102.5,32
5103.0,13
5103.1,36
5103.2,22
5103.2,29
5103.3,34
5104.0,21
5104.2,38
5105.2,26
5105.7,17
5106.4,18
5106.5,31
5107.6,27
5108.5,9
5108.8,16
5108.9,12
5110.7,33
5111.9,39
5112.3,25
5112.7,35
5113.1,37
5114.3,6
5114.6,1
5114.9,34
5115.0,0
5115.0,36
5115.0,23
5115.2,24
5115.4,30
5115.5,18
5115.6,7
5115.7,21
5115.9,20
5116.2,3
5116.5,26
5116.5,31
5116.7,5
5116.9,12
5117.1,38
5118.0,32
5119.1,29
5120.6,10
5120.7,16
5121.5,28
5121.6,9
5121.6,14
5122.7,19
5124.5,8
5124.7,37
5125.0,13
5125.3,36
5125.6,3
5126.5,12
5126.9,31
5129.2,25
5129.8,32
5130.1,17
5131.3,27
5131.7,18
5132.1,6
5132.4,21
5132.6,23
5132.7,26
5133.0,33
5133.1,15
5133.3,7
5133.7,16
5133.9,1
5134.0,9
5134.0,11
5134.5,22
5134.5,28
5134.8,37
5134.8,38
5135.2,10
5135.2,12
5135.3,5
5139.4,31
5141.3,24
5141.7,29
5141.9,36
5142.1,16
5142.1,26
5143.7,17
5143.8,12
5144.4,37
5145.3,9
5145.9,6
5147.1,3
5147.3,39
5147.4,14
5147.4,32
5147.4,34
5147.9,7
5149.2,13
5149.3,25
5150.1,21
5151.3,18
5151.4,38
5151.5,15
5151.6,30
5152.0,12
5152.0,19
5152.2,22
5152.3,24
5152.8,31
5152.8,23
5153.1,1
5153.1,5
5153.1,36
5153.3,26
5153.4,0
5154.0,20
5154.1,11
5154.5,10
5155.5,16
5158.3,33
5158.6,29
5159.3,37
5159.4,7
5159.5,27
5160.6,4
5160.8,12
5162.0,6
5162.6,32
5163.8,36
5164.1,16
5164.6,9
5166.5,31
5167.9,38
5168.2,23
5168.7,3
5169.2,25
5170.0,26
5170.1,21
5170.4,37
5170.6,12
5170.8,8
5171.2,5
5171.2,24
5171.3,18
5171.6,13
5171.6,14
5172.3,15
5172.5,10
5176.0,7
5177.2,22
5177.3,27
5178.0,24
5178.4,12
5178.4,36
5178.6,16
5179.8,32
5180.5,19
5180.5,17
5180.5,33
5180.8,31
5181.1,6
5181.1,23
5181.8,25
5182.2,18
5182.4,26
5182.7,37
5183.4,39
5184.5,3
5185.2,12
5185.8,11
5186.3,21
5186.5,1
5186.6,9
5186.9,30
5186.9,36
5187.0,16
5187.6,13
5188.2,25
5188.8,28
5188.9,29
5189.4,18
5190.4,15
5190.9,34
5191.4,12
5191.9,7
5192.0,5
5192.0,32
5192.2,8
5192.7,10
5193.5,24
5194.0,4
5194.0,33
5195.4,37
5196.2,23
5196.4,26
5196.5,36
5196.5,38
5197.4,21
5197.6,16
5197.8,12
5198.1,6
5199.3,3
5199.6,20
5199.7,29
5200.2,31
5203.9,2
5204.2,17
5204.5,18
5204.9,32
5204.9,37
5205.3,39
5205.5,12
5206.5,25
5206.8,27
5207.8,26
5208.0,23
5208.1,14
5208.2,16
5208.2,33
5208.3,9
5209.7,7
5210.1,0
5210.6,36
5211.0,3
5211.6,31
5211.7,21
5212.2,1
5212.3,22
5212.6,11
5212.6,37
5213.1,6
5213.7,38
5213.9,12
5214.3,5
5214.3,18
5215.5,10
5218.2,24
5218.4,26
5218.7,9
5219.6,23
5219.6,25
5219.7,15
5219.7,28
5220.1,13
5220.4,4
5220.4,33
5220.5,16
5221.4,32
5222.0,12
5222.9,34
5222.9,3
5222.9,38
5223.2,7
5223.7,37
5223.8,19
5224.2,29
5224.4,27
5224.8,31
5224.8,24
5225.0,36
5225.6,23
5227.1,21
5228.3,6
5228.8,35
5229.3,12
5229.5,1
5229.7,18
5230.0,26
5231.6,10
5232.1,16
5234.0,0
5234.9,8
5235.1,37
5235.4,25
5235.5,9
5235.8,7
5235.8,24
5236.0,3
5236.6,33
5237.0,12
5237.7,27
5237.9,31
5238.4,26
5238.4,39
5238.8,21
5238.8,22
5238.8,38
5238.9,23
5239.2,29
5239.3,36
5239.9,5
5242.9,16
5243.5,32
5244.1,15
5244.2,11
5244.4,18
5244.7,12
5246.5,14
5246.5,17
5247.7,19
5248.0,34
5248.2,1
5248.2,25
5248.4,6
5248.6,37
5249.9,7
5251.1,16
5251.2,12
5251.2,29
5251.3,13
5251.4,4
5251.6,36
5251.8,26
5252.7,38
5253.4,10
5253.6,9
5253.7,28
5254.5,21
5254.5,24
5255.2,23
5255.2,20
5255.6,33
5256.0,3
5256.6,31
5257.4,18
5257.6,0
5258.0,16
5258.1,22
5258.7,12
5258.8,37
5258.9,29
5259.0,11
5260.6,8
5260.9,6
5261.7,7
5261.9,17
5262.1,5
5262.5,32
5262.6,25
5262.6,26
5264.9,36
5265.3,9
5265.9,24
5266.6,23
5266.9,1
5267.6,6
5267.8,31
5268.5,12
5268.6,27
5269.3,3
5269.4,10
5270.5,16
5270.9,14
5271.4,37
5271.6,38
5273.2,15
5273.6,21
5273.8,33
5274.2,7
5274.6,32
5276.0,12
5277.6,36
5277.8,8
5278.3,24
5278.5,26
5278.6,18
5279.3,29
5279.8,31
5279.9,5
5280.9,23
5281.4,16
5282.7,13
5283.6,22
5283.7,30
5283.8,12
5283.9,39
5284.1,6
5284.6,34
5285.4,27
5285.6,19
5285.7,37
5286.0,3
5287.3,1
5287.6,9
5288.6,38
5289.9,16
5290.2,32
5290.3,20
5290.3,25
5290.5,7
5291.4,26
5291.5,21
5291.8,10
5291.8,4
5291.8,18
5292.7,33
5292.7,36
5293.7,12
5293.8,31
5294.1,15
5294.1,37
5294.8,24
5295.3,6
5297.6,22
5298.2,27
5298.3,23
5299.1,5
5300.2,21
5300.4,18
5300.6,25
5301.4,28
5301.6,38
5302.1,16
5302.2,8
5302.2,12
5302.4,14
5302.5,33
5302.8,10
5302.9,26
5303.1,32
5303.4,11
5304.4,29
5306.0,3
5307.2,6
5307.3,36
5308.0,13
5309.3,37
5309.5,7
5309.6,31
5310.8,12
5311.7,1
5312.1,23
5312.4,20
5313.7,24
5313.8,9
5313.9,16
5314.2,32
5314.4,21
5314.7,35
5315.3,25
5315.3,38
5315.7,27
5315.7,39
5315.9,18
5317.1,26
5317.7,12
5317.9,37
5318.3,36
5318.7,19
5320.3,22
5320.7,6
5320.9,10
5322.5,23
5322.9,31
5323.9,3
5324.4,33
5324.5,15
5324.8,12
5325.2,8
5325.2,25
5325.2,30
5325.4,7
5325.4,29
5325.6,17
5326.9,16
5327.7,0
5327.9,32
5328.0,36
5328.4,5
5329.9,37
5330.3,34
5331.6,38
5333.1,26
5333.8,27
5334.4,14
5334.6,13
5335.1,12
5336.0,16
5336.1,28
5336.8,10
5336.8,21
5336.8,25
5337.2,18
5338.5,9
5338.7,33
5339.6,1
5339.8,24
5340.1,7
5340.2,23
5340.3,32
5341.2,31
5341.5,37
5341.6,15
5341.8,11
5342.1,39
5342.4,3
5342.4,6
5342.7,29
5343.6,12
5345.9,36
5346.7,26
5347.2,22
5347.6,8
5347.7,21
5347.7,38
5349.4,16
5349.8,25
5350.2,17
5350.5,12
5351.3,30
5351.8,7
5352.0,10
5352.0,32
5352.1,33
5352.6,6
5352.7,9
5353.6,36
5353.9,27
5355.2,37
5356.0,3
5356.2,23
5356.4,16
5357.3,34
5357.5,29
5358.1,31
5358.2,18
5359.0,24
5359.2,19
5360.4,38
5360.6,1
5360.8,13
5360.9,12
5361.2,7
5361.6,28
5361.8,26
5362.3,20
5362.5,33
5362.6,15
5363.4,4
5363.7,32
5364.9,21
5365.3,6
5365.6,5
5368.5,12
5368.7,10
5368.9,36
5369.0,37
5369.8,16
5370.3,18
5370.3,22
5370.4,24
5370.4,31
5370.7,9
5371.0,23
5375.3,7
5377.2,27
5377.5,32
5377.8,25
5378.4,11
5378.4,12
5378.4,26
5378.7,6
5378.7,38
5379.2,8
5379.7,21
5382.5,29
5382.8,16
5383.5,31
5384.1,10
5384.3,36
5384.7,23
5385.4,5
5385.4,25
5385.5,1
5385.9,37
5386.7,18
5386.9,15
5387.1,17
5387.1,39
5387.9,12
5388.3,33
5388.4,0
5388.8,9
5389.2,21
5389.4,7
5389.8,3
5389.9,24
5390.2,14
5390.9,2
5390.9,38
5391.4,16
5391.4,32
5392.1,35
5392.4,26
5393.1,22
5394.9,36
5395.3,37
5396.0,12
5396.9,6
5397.7,13
5398.0,18
5398.2,10
5398.2,27
5398.8,31
5399.3,19
5399.9,23
5400.1,8
5400.5,21
5400.7,25
5401.0,17
5401.1,34
5401.4,15
5401.4,32
5402.5,12
5404.2,28
5404.6,16
5405.0,26
5405.2,38
5405.7,33
5406.5,6
5406.5,24
5406.9,7
5407.0,20
5407.0,36
5407.2,9
5408.0,30
5408.1,11
5408.1,29
5410.2,12
5410.3,31
5410.6,37
5411.3,3
5411.3,23
5411.4,21
5412.6,1
5413.5,22
5415.2,39
5415.5,17
5416.0,32
5416.1,0
5416.5,13
5417.1,4
5417.1,10
5417.2,24
5417.3,16
5417.4,25
5417.5,26
5418.2,12
5418.5,5
5420.7,18
5421.4,15
5421.6,9
5421.8,27
5422.0,36
5422.3,37
5422.4,33
5422.9,23
5423.6,38
5423.8,10
5423.9,6
5424.4,31
5424.7,34
5425.0,14
5425.1,21
5425.5,3
5426.4,12
5426.8,25
5427.5,29
5427.7,16
5429.0,26
5429.7,32
5430.2,7
5431.2,8
5433.6,12
5434.2,36
5434.6,27
5436.2,17
5436.7,31
5437.2,39
5437.3,1
5437.4,37
5437.8,23
5438.6,33
5438.9,18
5439.5,13
5439.9,29
5440.6,21
5440.7,6
5441.1,26
5441.4,24
5441.5,7
5441.5,10
5442.0,5
5442.0,25
5442.1,20
5442.2,12
5442.4,9
5442.7,32
5443.2,16
5444.0,30
5444.1,19
5444.4,38
5446.3,36
5448.2,37
5448.5,12
5449.2,3
5449.4,11
5449.9,16
5450.6,15
5450.8,1
5450.9,17
5451.1,8
5451.2,14
5451.3,7
5451.4,27
5451.7,31
5452.2,6
5453.9,26
5454.1,28
5454.2,12
5454.5,23
5454.6,25
5454.9,38
5455.4,21
5457.3,32
5458.4,37
5458.6,10
5458.7,33
5458.8,34
5459.6,18
5460.0,5
5460.1,13
5460.1,24
5460.9,9
5461.9,12
5462.5,16
5464.3,36
5464.8,38
5465.1,6
5465.1,27
5465.2,19
5465.3,17
5465.3,26
5465.3,29
5466.4,22
5468.1,8
5468.3,39
5469.2,21
5469.7,24
5470.3,23
5470.9,37
5471.4,7
5471.4,12
5472.0,15
5472.3,3
5472.5,6
5472.8,9
5472.9,1
5472.9,2
5473.6,32
5473.7,18
5473.8,14
5474.0,26
5474.2,31
5474.3,0
5474.3,16
5474.8,33
5474.8,13
5475.1,25
5476.8,10
5478.3,12
5480.1,11
5481.0,36
5481.2,37
5482.2,6
5482.5,23
5483.7,17
5483.9,19
5484.0,3
5484.3,34
5484.5,22
5484.7,27
5485.1,28
5485.9,26
5486.3,24
5486.4,8
5486.4,12
5487.4,16
5487.4,33
5487.7,29
5487.8,25
5487.8,36
5488.0,38
5489.7,5
5490.5,31
5490.5,32
5491.2,21
5491.4,10
5491.5,7
5491.5,18
5491.8,23
5491.9,15
5491.9,35
5492.9,37
5493.0,1
5493.0,6
5494.0,16
5494.4,12
5495.1,14
5496.1,24
5496.3,30
5497.9,39
5498.3,36
5499.6,9
5500.6,27
5500.7,23
5501.5,33
5502.1,12
5502.1,18
5502.2,26
5502.5,7
5502.5,13
5502.7,17
5503.0,34
5503.4,4
5503.4,20
5503.4,25
5503.7,14
5504.1,32
5504.2,31
5504.4,0
5504.4,3
5504.4,38
5504.5,6
5504.9,37
5504.9,29
5506.4,16
5506.9,28
5507.2,22
5507.9,5
5508.6,15
5508.9,10
5509.1,12
5510.4,21
5510.5,36
5510.7,24
5511.8,7
5512.2,20
5514.2,9
5515.8,1
5516.7,8
5516.7,16
5517.1,12
5517.4,26
5517.9,23
5517.9,38
5518.2,6
5518.2,25
5520.4,37
5521.5,32
5522.0,4
5522.1,18
5522.4,31
5522.8,24
5523.1,27
5523.2,11
5523.2,21
5523.6,36
5523.9,3
5524.1,13
5524.1,19
5524.4,33
5525.1,12
5528.1,7
5528.7,6
5529.3,38
5530.3,29
5530.6,17
5531.2,16
5531.2,32
5531.4,26
5531.6,9
5531.7,10
5531.9,5
5532.8,12
5535.8,27
5536.2,21
5536.8,37
5537.3,15
5537.3,3
5537.7,23
5538.3,31
5538.5,14
5538.6,28
5538.7,12
5539.8,33
5540.3,25
5541.4,18
5541.8,24
5541.8,34
5544.3,36
5544.4,26
5544.6,16
5545.0,23
5545.5,32
5546.0,12
5546.0,39
5546.1,1
5546.2,19
5546.3,17
5546.7,13
5546.9,7
5547.1,6
5547.1,22
5547.5,37
5550.2,38
5552.9,9
5553.0,10
5553.6,21
5554.0,8
5554.0,24
5554.7,12
5554.9,26
5555.2,31
5555.5,33
5556.1,3
5556.1,4
5556.5,5
5556.8,16
5557.6,37
5557.8,6
5558.8,29
5559.0,36
5559.2,27
5560.3,23
5560.3,25
5560.5,32
5561.0,34
5561.5,38
5561.7,18
5562.9,12
5563.4,7
5563.8,15
5564.2,16
5565.7,31
5565.9,3
5566.6,17
5566.6,19
5567.4,33
5567.4,26
5567.6,14
5569.4,12
5571.4,36
5571.7,37
5571.7,38
5571.9,16
5572.3,21
5572.5,7
5572.7,13
5573.0,29
5573.4,11
5573.7,25
5574.1,18
5576.4,24
5578.0,23
5578.1,28
5578.3,6
5578.3,12
5579.1,27
5579.4,31
5579.6,1
5579.8,10
5579.9,33
5580.9,0
5581.0,39
5581.3,9
5581.6,32
5581.8,26
5582.3,8
5582.5,16
5582.8,21
5583.1,13
5583.2,35
5583.5,30
5583.6,12
5583.7,3
5584.4,22
5585.6,36
5587.0,18
5587.3,15
5588.3,37
5588.4,38
5590.2,11
5590.4,4
5590.4,23
5590.6,24
5591.5,26
5592.0,16
5592.1,17
5592.3,12
5592.8,7
5592.8,25
5593.3,19
5593.6,29
5593.8,34
5593.9,31
5594.0,32
5594.2,6
5594.2,33
5594.5,37
5594.8,14
5595.1,27
5595.6,21
5596.0,9
5596.1,5
5596.2,13
5597.5,3
5600.1,36
5600.8,18
5601.1,20
5601.1,26
5601.5,12
5601.5,23
5601.7,10
5601.7,16
5602.1,30
5602.3,24
5602.8,38
5603.0,7
5603.4,25
5607.9,32
5608.5,6
5608.5,12
5608.6,31
5610.5,37
5610.9,24
5614.3,26
5615.4,39
5615.9,4
5616.1,11
5616.1,17
5616.5,29
5616.9,7
5616.9,27
5617.1,15
5617.1,18
5617.2,12
5617.4,33
5618.4,16
5618.5,8
5618.5,9
5618.7,1
5619.1,21
5619.1,22
5619.8,32
5619.9,36
5620.0,23
5620.9,13
5622.1,37
5622.8,6
5623.6,38
5624.1,10
5625.0,31
5625.6,12
5626.6,27
5628.3,5
5628.6,3
5628.7,24
5629.0,16
5629.5,23
5629.9,36
5630.9,14
5630.9,33
5631.2,25
5632.0,26
5632.9,18
5632.9,29
5633.5,37
5633.6,21
5633.6,32
5634.4,6
5634.5,2
5635.1,12
5635.1,38
5636.4,7
5638.5,9
5638.5,31
5639.1,3
5639.4,13
5640.8,19
5640.9,12
5641.6,30
5642.9,16
5643.1,26
5644.3,24
5646.1,23
5646.2,0
5646.2,28
5646.5,37
5647.0,36
5647.1,11
5647.8,14
5647.8,25
5648.0,20
5648.1,32
5648.2,17
5649.0,33
5649.1,12
5649.9,8
5650.0,10
5650.1,21
5650.1,38
5650.1,5
5650.1,15
5650.3,18
5650.9,9
5651.0,6
5651.5,16
5651.8,27
5652.5,39
5652.6,31
5653.0,22
5655.6,26
5655.7,23
5656.4,12
5656.5,1
5656.8,29
5657.4,32
5658.5,36
5658.6,4
5659.2,13
5660.0,3
5660.4,7
5660.4,37
5660.8,21
5662.2,24
5664.4,33
5664.7,25
5665.0,16
5666.5,6
5667.0,38
5667.1,37
5667.3,36
5667.5,12
5667.8,31
5668.8,34
5669.1,9
5669.9,26
5670.5,10
5671.3,32
5671.6,18
5671.7,14
5672.2,27
5673.3,13
5673.6,15
5674.4,8
5675.6,7
5676.0,5
5676.8,30
5676.9,29
5677.0,24
5677.7,21
5677.8,12
5677.9,3
5678.4,16
5678.5,25
5678.7,23
5680.0,31
5680.2,22
5681.2,11
5681.5,6
5681.6,17
5681.8,1
5682.6,37
5682.9,36
5684.1,33
5684.2,38
5684.8,12
5685.2,9
5685.8,28
5686.3,18
5687.1,10
5687.2,3
5688.2,26
5688.6,32
5688.9,7
5689.5,20
5690.1,15
5690.5,24
5690.5,27
5690.8,12
5691.1,35
5691.4,13
5692.2,31
5692.4,23
5692.6,36
5693.1,37
5693.3,16
5695.6,4
5696.1,8
5696.1,29
5696.6,19
5697.0,34
5697.6,32
5697.8,6
5697.8,25
5698.0,18
5698.5,21
5698.9,2
5699.7,26
5700.3,12
5700.4,7
5701.2,33
5701.3,31
5701.9,16
5702.7,9
5703.4,38
5704.2,23
5704.6,10
5704.9,6
5704.9,37
5705.6,3
5706.1,24
5706.6,12
5706.8,22
5706.9,1
5708.1,15
5708.1,36
5708.3,17
5708.5,5
5708.8,25
5709.5,26
5709.6,14
5709.6,27
5709.7,32
5709.9,29
5710.4,21
5710.4,30
5710.4,39
5710.5,28
5712.8,33
5713.6,12
5714.8,9
5714.8,16
5714.9,13
5715.3,38
5715.4,18
5716.0,31
5717.1,23
5717.6,6
5718.0,10
5718.1,3
5718.2,24
5718.3,37
5719.1,1
5719.5,7
5719.5,11
5719.6,21
5719.6,36
5719.7,19
5720.9,12
5723.2,14
5723.9,32
5724.0,31
5724.3,16
5726.6,8
5726.6,26
5726.7,30
5728.0,12
5728.0,27
5728.4,29
5729.3,25
5729.9,39
5730.0,38
5730.4,37
5730.7,22
5730.8,33
5731.6,18
5732.4,1
5732.6,36
5733.3,6
5733.7,23
5734.0,31
5734.1,24
5735.1,32
5735.5,7
5736.0,20
5736.2,16
5736.3,12
5736.9,13
5738.8,21
5739.9,8
5740.9,34
5741.2,3
5741.2,36
5741.8,4
5742.1,37
5743.0,26
5743.0,27
5743.9,15
5744.1,12
5744.5,5
5744.7,10
5745.0,33
5745.7,17
5746.0,18
5746.2,19
5746.3,6
5746.3,14
5746.6,25
5746.8,16
5747.2,38
5748.7,29
5749.2,9
5749.8,1
5749.9,39
5750.1,23
5751.5,21
5751.9,0
5752.0,31
5752.6,12
5754.1,24
5754.6,7
5755.5,38
5755.6,33
5756.0,36
5756.6,32
5756.6,37
5757.2,26
5757.6,3
5757.9,28
5758.6,18
5758.7,16
5759.1,13
5760.8,12
5761.2,21
5762.3,27
5762.7,4
5763.4,25
5764.2,1
5764.3,6
5764.9,22
5765.2,32
5765.4,29
5765.5,9
5765.5,23
5766.1,15
5766.5,31
5767.1,16
5768.6,10
5769.5,17
5769.8,30
5769.9,3
5770.5,7
5770.5,12
5770.6,38
5771.2,37
5771.9,26
5772.3,8
5772.6,24
5772.6,36
5773.7,18
5774.1,21
5774.3,29
5775.1,27
5777.0,33
5777.8,14
5778.0,31
5778.6,5
5778.7,34
5779.3,32
5779.9,6
5780.0,12
5780.0,15
5780.1,20
5780.1,37
5780.2,16
5780.6,26
5780.8,11
5781.4,25
5782.3,7
5782.9,9
5783.5,38
5786.2,23
5786.8,18
5786.9,36
5788.0,3
5788.0,13
5788.1,24
5788.3,28
5788.5,1
5788.8,21
5789.3,12
5790.3,39
5791.4,37
5791.8,16
5792.8,31
5794.0,2
5794.0,10
5794.3,26
5796.4,25
5796.8,29
5797.0,1
5797.8,32
5798.0,6
5798.1,12
5798.2,7
5798.3,27
5798.5,5
5799.1,8
5799.5,31
5799.7,17
5800.6,33
5800.7,23
5801.0,21
5801.0,38
5801.4,9
5801.8,4
5801.9,37
5802.2,36
5802.5,15
5802.8,0
5802.8,19
5803.5,12
5804.0,35
5804.6,24
5805.5,16
5805.7,30
5806.3,18
5808.2,13
5808.7,25
5811.0,26
5811.5,12
5811.5,33
5812.0,1
5812.1,10
5812.4,3
5813.5,6
5813.7,22
5814.0,32
5814.1,27
5814.7,16
5815.3,11
5815.5,39
5815.6,31
5815.7,18
5815.9,9
5815.9,21
5815.9,29
5815.9,37
5816.6,7
5817.0,26
5817.3,36
5818.3,12
5820.8,34
5821.3,23
5821.6,1
5821.9,38
5823.9,8
5824.3,24
5825.3,16
5826.7,31
5827.3,25
5827.7,6
5828.1,14
5828.9,12
5829.0,10
5829.1,32
5829.5,17
5829.5,37
5829.9,0
5830.1,5
5830.7,29
5830.7,36
5830.8,18
5830.9,7
5831.0,4
5831.5,26
5831.8,23
5833.0,33
5833.3,20
5834.7,16
5836.2,12
5838.4,19
5838.4,28
5838.4,31
5838.5,27
5838.7,3
5838.9,2
5840.0,21
5840.0,38
5840.1,36
5840.3,13
5840.4,6
5840.5,33
5841.4,24
5841.8,7
5841.8,37
5842.3,9
5842.4,15
5843.3,18
5844.0,12
5844.1,11
5844.1,29
5845.1,23
5845.2,22
5845.4,26
5847.3,1
5848.9,16
5848.9,25
5849.0,32
5850.2,31
5851.3,10
5851.3,12
5851.3,14
5853.7,5
5854.0,36
5854.2,39
5854.5,27
5854.9,23
5856.2,37
5856.8,3
5856.8,7
5857.4,6
5858.2,29
5858.6,38
5859.6,33
5860.3,12
5861.0,13
5861.0,26
5861.3,8
5861.3,24
5861.5,21
5862.3,32
5862.4,17
5863.2,16
5866.1,6
5866.9,1
5867.2,25
5867.2,31
5867.5,12
5868.4,9
5868.8,18
5869.0,30
5869.1,3
5870.0,23
5870.4,27
5871.3,36
5871.5,26
5871.8,29
5872.3,10
5872.9,16
5873.4,7
5874.0,37
5874.7,33
5875.2,32
5875.7,24
5876.2,8
5876.6,12
5876.9,4
5877.0,38
5878.0,5
5878.3,19
5878.7,21
5879.0,27
5879.0,28
5880.2,11
5880.2,14
5880.6,3
5880.8,31
5881.2,16
5882.0,26
5882.5,12
5883.7,1
5884.1,0
5884.1,7
5884.4,36
5884.6,15
5884.6,22
5884.9,6
5885.2,33
5885.3,9
5885.7,32
5885.8,25
5886.0,34
5886.4,18
5886.7,8
5887.0,23
5887.7,37
5889.0,39
5890.8,12
5890.8,13
5891.1,17
5893.1,10
5894.0,31
5894.3,24
5894.7,36
5894.8,33
5894.9,16
5895.0,38
5895.4,21
5895.5,35
5895.7,9
5895.7,29
5896.0,23
5896.2,25
5896.2,32
5897.2,26
5897.5,7
5897.6,11
5897.6,12
5898.4,18
5898.8,6
5898.9,5
5899.4,27
5899.7,8
5900.6,19
5901.5,37
5904.3,16
5905.0,1
5906.4,12
5907.1,26
5907.3,4
5907.9,32
5908.0,15
5908.4,10
5908.5,3
5908.6,21
5908.8,36
5909.6,18
5909.9,28
5910.0,31
5910.7,7
5910.7,13
5910.7,33
5911.5,23
5912.6,37
5913.0,25
5913.1,24
5913.4,12
5916.5,6
5918.3,16
5918.7,5
5919.2,17
5919.6,12
5919.9,11
5919.9,38
5920.0,8
5920.1,9
5921.4,20
5921.7,23
5921.9,27
5922.2,36
5922.3,22
5922.3,31
5922.9,26
5923.1,32
5923.6,34
5924.1,19
5924.1,29
5925.1,33
5925.5,21
5925.6,37
5927.0,7
5927.1,3
5927.2,0
5927.2,2
5927.9,6
5927.9,14
5928.1,18
5928.6,9
5928.7,15
5928.9,10
5928.9,12
5929.0,24
5929.2,13
5929.4,16
5930.2,25
5931.4,26
5932.4,35
5932.5,39
5933.3,36
5934.2,12
5934.8,27
5936.5,32
5936.6,31
5937.4,1
5938.2,17
5938.9,37
5939.3,23
5940.1,5
5940.5,9
5940.8,38
5941.0,7
5941.2,16
5941.2,18
5941.7,20
5941.8,3
5941.9,12
5942.1,24
5942.9,33
5943.2,22
5943.2,32
5943.4,6
5943.7,28
5945.3,21
5945.6,26
5946.1,29
5946.6,10
5948.3,36
5948.4,30
5948.7,23
5949.1,25
5949.2,37
5949.8,8
5950.4,14
5951.0,24
5952.3,11
5952.3,19
5952.6,12
5952.7,34
5953.1,31
5953.2,6
5953.2,16
5953.4,15
5953.4,27
5954.6,2
5955.6,7
5958.2,13
5959.5,12
5959.5,26
5959.7,9
5959.7,18
5959.7,21
5959.7,37
5960.5,38
5960.7,36
5961.1,28
5961.6,33
5961.7,24
5962.0,5
5962.4,3
5964.0,17
5964.4,8
5964.6,31
5964.9,1
5965.1,32
5965.3,25
5965.4,23
5965.6,16
5966.0,39
5966.4,4
5966.5,22
5967.6,12
5967.7,0
5970.2,29
5970.6,10
5971.1,26
5971.2,6
5971.5,36
5972.0,38
5972.5,23
5972.7,37
5973.1,11
5973.7,24
5975.1,21
5975.3,31
5976.0,7
5976.2,12
5976.3,28
5976.7,15
5977.1,9
5977.1,27
5977.8,32
5978.6,3
5979.0,20
5979.2,16
5979.3,18
5979.3,33
5979.3,25
5982.0,13
5982.4,37
5982.7,12
5982.8,26
5984.6,10
5985.1,38
5985.7,1
5986.6,23
5987.2,39
5988.1,24
5988.5,31
5988.9,36
5989.6,32
5990.2,16
5991.0,29
5991.2,7
5991.4,15
5991.8,18
5992.5,21
5992.9,8
5993.4,27
5993.5,5
5993.7,25
5994.4,12
5995.1,6
5995.1,14
5996.0,26
5996.1,37
5997.2,9
5997.2,36
5997.7,3
5997.7,19
5998.1,38
5998.4,16
5998.7,31
5999.8,32
6000.7,17
6000.7,21
6001.4,12
6002.8,23
6002.9,33
6003.1,22
6003.3,7
6004.4,20
6005.2,0
6007.4,2
6007.5,10
6008.3,18
6008.5,32
6009.1,25
6009.1,26
6009.3,37
6009.5,12
6009.7,3
6010.4,24
6010.9,31
6011.0,6
6011.6,13
6011.8,28
6012.0,30
6012.5,27
6012.7,22
6012.9,36
6013.4,1
6013.4,16
6016.1,12
6016.4,38
6017.7,7
6017.8,23
6017.9,26
6019.2,21
6019.2,29
6019.5,9
6019.8,24
6019.9,19
6020.1,34
6021.2,11
6021.7,8
6021.9,18
6022.4,32
6023.6,12
6023.7,15
6023.8,33
6023.8,37
6024.0,14
6024.0,39
6024.3,16
6024.4,1
6024.4,3
6024.7,31
6024.9,36
6025.1,25
6025.8,17
6026.0,5
6026.1,6
6028.1,7
6028.4,35
6028.8,4
6029.0,13
6029.2,26
6029.3,38
6029.9,10
6030.5,12
6031.9,28
6032.2,23
6034.1,36
6034.2,18
6035.3,24
6036.3,29
6036.4,9
6036.6,27
6036.7,20
6036.7,37
6037.1,33
6037.3,34
6037.8,12
6038.4,16
6038.8,26
6039.4,3
6039.4,21
6039.6,32
6040.6,31
6041.2,36
6042.0,25
6042.3,8
6043.0,30
6043.5,15
6044.3,7
6044.5,1
6044.5,38
6044.8,12
6045.7,37
6047.6,16
6048.8,5
6048.8,28
6049.1,14
6049.1,9
6049.5,29
6050.0,4
6050.0,6
6050.3,26
6050.3,33
6050.5,23
6051.6,0
6052.1,19
6052.2,31
6052.2,37
6053.1,32
6053.2,21
6053.7,12
6054.4,24
6055.0,11
6055.2,10
6055.2,22
6055.9,39
6058.2,18
6058.5,25
6059.3,7
6060.2,27
6060.4,26
6060.8,16
6061.6,36
6061.7,12
6061.7,13
6061.9,17
6062.9,1
6063.1,31
6063.9,38
6064.0,11
6064.4,29
6064.5,8
6064.7,23
6065.5,3
6065.9,34
6066.2,16
6066.5,37
6067.2,12
6068.0,21
6069.0,10
6069.4,6
6069.4,24
6070.4,20
6070.9,36
6071.0,25
6071.0,33
6072.7,7
6073.3,32
6073.5,31
6075.3,9
6075.3,15
6075.4,5
6075.9,39
6076.6,30
6076.7,18
6076.8,38
6077.1,6
6077.4,23
6077.5,26
6078.2,16
6079.5,36
6079.6,37
6079.9,12
6080.3,17
6081.0,28
6082.2,8
6082.8,0
6083.3,22
6083.4,1
6083.4,3
6083.7,10
6084.0,27
6084.2,32
6084.3,21
6084.5,24
6084.7,29
6085.3,33
6085.5,26
6086.1,25
6087.1,12
6087.2,31
6087.9,37
6088.7,18
6088.8,5
6088.9,13
6089.0,7
6089.1,34
6089.6,14
6089.6,38
6089.8,16
6093.3,15
6094.4,12
6095.1,23
6095.5,6
6095.7,26
6095.9,32
6096.0,36
6096.1,8
6096.1,25
6096.7,9
6097.9,39
6098.2,24
6098.3,11
6098.4,1
6099.1,10
6099.7,21
6099.8,33
6099.8,38
6099.8,12
6099.8,37
6100.8,7
6101.0,3
6101.3,27
6103.3,32
6104.6,31
6104.8,34
6105.5,16
6105.7,26
6106.2,29
6106.4,20
6106.7,28
6107.7,22
6108.2,18
6108.2,23
6108.3,25
6108.4,19
6109.1,6
6109.3,37
6109.5,12
6109.8,9
6110.6,30
6110.7,5
6110.9,11
6110.9,36
6112.0,24
6112.5,17
6114.0,27
6115.3,13
6115.4,31
6115.8,3
6116.0,21
6116.2,26
6116.5,8
6116.9,16
6117.4,12
6118.5,18
6118.5,33
6118.8,6
6119.7,38
6120.0,14
6120.1,7
6120.3,1
6120.9,15
6121.5,10
6121.9,32
6122.3,5
6122.6,37
6123.3,0
6125.7,25
6126.1,23
6126.5,31
6126.6,39
6126.7,12
6126.8,16
6127.6,26
6127.7,29
6128.3,36
6129.1,4
6130.2,24
6131.3,32
6131.4,21
6131.6,3
6132.3,9
6132.5,12
6132.6,6
6132.9,27
6133.2,18
6133.7,8
6133.8,38
6133.9,10
6134.3,16
6134.5,34
6134.6,5
6135.5,37
6136.0,7
6136.4,26
6136.5,33
6138.3,25
6138.4,14
6138.6,28
6139.4,1
6139.4,12
6140.1,36
6140.4,31
6140.9,23
6143.3,29
6144.0,24
6145.4,17
6146.2,21
6146.4,11
6147.5,22
6147.7,38
6147.9,7
6148.4,9
6148.6,6
6148.7,23
6148.9,37
6149.1,27
6149.4,33
6149.5,5
6149.7,3
6149.9,16
6150.1,12
6151.3,26
6152.7,19
6152.9,36
6153.1,32
6154.6,31
6154.8,24
6155.7,12
6156.1,18
6157.0,3
6157.6,25
6158.0,16
6158.8,13
6158.9,10
6159.4,37
6159.7,14
6160.4,39
6161.2,6
6161.3,29
6161.7,38
6161.9,20
6162.3,30
6162.5,2
6163.7,36
6164.2,12
6164.2,21
6164.4,9
6164.4,17
6164.7,7
6165.3,23
6165.6,33
6165.7,8
6165.8,24
6166.0,22
6166.2,32
6166.7,15
6168.2,26
6168.3,1
6168.5,5
6169.4,16
6171.7,35
6172.1,27
6172.6,37
6172.9,18
6173.1,38
6173.3,31
6173.5,29
6173.9,12
6174.3,34
6174.5,36
6174.8,7
6175.4,10
6177.2,23
6177.5,6
6179.0,3
6179.0,8
6179.8,16
6179.9,33
6180.0,26
6180.4,21
6180.4,24
6180.5,12
6180.5,22
6180.5,32
6180.7,1
6182.6,9
6182.8,29
6183.8,0
6183.9,28
6184.0,5
6184.5,37
6184.6,36
6185.4,25
6185.5,39
6185.7,7
6186.0,18
6187.1,13
6187.2,12
6187.3,19
6188.2,31
6188.8,27
6189.0,14
6189.0,23
6189.4,15
6190.0,26
6190.4,3
6191.1,9
6192.1,16
6192.9,6
6192.9,38
6194.0,17
6194.6,20
6194.7,10
6194.9,37
6195.0,12
6197.2,33
6198.0,31
6198.1,7
6198.4,36
6198.7,24
6199.0,32
6200.4,4
6200.4,21
6200.4,25
6200.6,28
6201.2,26
6201.4,1
6201.6,37
6202.1,22
6202.3,12
6202.5,16
6202.9,38
6203.1,5
6203.4,23
6204.0,29
6204.8,27
6205.1,34
6206.3,31
6206.6,18
6206.9,6
6210.4,36
6210.5,3
6210.5,12
6211.7,32
6212.0,21
6212.5,25
6212.8,16
6213.1,11
6213.1,26
6213.5,23
6213.6,10
6214.1,37
6215.4,18
6215.6,33
6215.6,9
6215.9,12
6216.8,24
6218.2,27
6218.6,6
6219.1,7
6219.1,38
6220.3,17
6221.4,11
6221.9,31
6222.0,16
6222.1,8
6222.1,14
6222.2,22
6222.9,23
6222.9,12
6223.2,25
6223.2,36
6223.4,19
6223.9,26
6224.8,10
6225.1,20
6226.3,4
6226.3,33
6227.4,37
6227.7,2
6227.7,32
6227.8,29
6228.7,3
6229.3,21
6230.1,16
6230.5,7
6231.2,6
6231.7,12
6231.9,13
6232.6,15
6233.2,31
6233.5,18
6234.2,23
6234.2,24
6236.6,27
6237.9,26
6238.5,1
6238.8,34
6239.0,12
6239.1,36
6239.1,38
6239.3,25
6239.4,32
6239.5,0
6239.6,9
6240.2,30
6240.5,33
6240.6,28
6240.7,11
6241.2,14
6241.2,16
6241.5,37
6243.8,24
6244.8,5
6244.8,23
6245.4,18
6245.4,35
6246.8,31
6247.2,7
6247.9,3
6247.9,10
6248.4,21
6248.7,22
6249.0,8
6250.2,39
6250.5,6
6251.6,12
6251.6,19
6251.6,33
6252.0,26
6252.5,38
6252.9,20
6253.1,16
6253.3,36
6253.4,13
6254.4,9
6254.4,32
6256.2,31
6256.6,17
6257.3,30
6258.0,27
6258.1,37
6258.2,12
6258.7,29
6258.8,15
6259.8,23
6260.3,25
6260.7,18
6261.7,1
6261.8,9
6262.5,16
6262.5,24
6262.6,7
6262.9,22
6265.6,3
6266.3,12
6266.4,38
6267.8,6
6268.0,36
6268.3,5
6268.4,26
6268.8,21
6269.1,11
6269.2,10
6269.4,33
6269.9,32
6270.8,4
6271.8,16
6271.9,9
6272.0,31
6272.5,12
6272.6,8
6272.9,7
6274.6,14
6274.9,18
6274.9,24
6274.9,37
6275.3,19
6275.7,28
6275.9,22
6276.1,13
6276.1,27
6276.4,29
6276.9,23
6277.3,25
6278.1,26
6278.4,17
6278.4,38
6279.6,21
6280.6,12
6281.8,36
6283.6,10
6284.3,3
6284.3,6
6284.4,35
6285.2,33
6285.2,34
6285.7,16
6286.9,39
6287.1,37
6287.7,12
6288.3,7
6288.4,18
6289.7,1
6289.8,32
6290.0,31
6290.3,21
6290.6,5
6291.1,24
6291.4,23
6291.5,15
6291.7,17
6292.1,26
6294.3,38
6294.7,9
6295.8,0
6296.0,29
6296.1,22
6296.6,20
6296.8,8
6297.5,12
6297.5,25
6298.0,36
6298.1,4
6298.2,16
6298.8,6
6299.1,37
6299.3,2
6299.4,3
6301.5,23
6301.7,32
6303.2,27
6303.8,10
6303.9,33
6304.3,12
6304.8,11
6305.1,24
6305.2,7
6305.4,26
6307.0,36
6307.3,31
6307.5,16
6308.5,38
6308.9,28
6309.1,15
6309.1,37
6309.5,13
6309.6,18
6310.0,21
6310.7,6
6310.7,9
6311.1,25
6312.1,12
6313.6,23
6314.2,1
6314.2,32
6314.5,20
6314.7,31
6314.9,33
6315.0,5
6315.3,7
6316.2,17
6316.4,26
6317.9,16
6318.1,12
6319.4,3
6319.5,18
6319.6,10
6319.8,38
6320.4,21
6321.4,36
6321.9,34
6323.4,24
6323.4,29
6323.5,14
6323.5,22
6324.3,23
6324.4,27
6324.7,37
6325.0,32
6325.0,9
6325.7,12
6326.0,8
6326.4,16
6326.6,30
6327.1,39
6327.2,6
6327.9,25
6328.1,11
6328.4,28
6328.6,7
6329.3,31
6329.6,35
6329.6,2
6329.9,26
6331.4,1
6331.6,21
6334.0,37
6334.2,32
6334.2,36
6334.3,12
6334.4,10
6334.5,3
6335.1,19
6335.1,33
6335.4,24
6335.7,23
6336.1,15
6336.6,5
6336.8,34
6337.2,18
6337.2,38
6338.4,16
6338.8,13
6339.4,12
6339.5,27
6340.5,0
6340.5,17
6340.6,31
6341.6,7
6342.3,21
6342.4,6
6343.2,9
6343.3,22
6344.3,25
6344.3,26
6345.7,14
6345.7,29
6346.4,3
6346.7,12
6346.8,16
6346.8,37
6347.6,36
6347.9,34
6348.3,1
6349.0,8
6349.0,10
6350.0,4
6350.2,32
6350.8,33
6351.1,18
6351.2,24
6351.8,26
6353.9,23
6354.8,31
6355.1,12
6355.7,37
6355.8,6
6357.0,21
6357.2,38
6357.5,39
6357.7,7
6359.6,25
6359.9,16
6360.6,24
6362.3,9
6362.5,12
6362.5,36
6363.0,13
6364.0,11
6364.0,15
6364.0,27
6364.5,28
6364.6,35
6366.2,29
6368.3,18
6368.8,0
6369.0,5
6369.0,36
6369.2,19
6369.2,26
6369.3,12
6370.4,31
6370.6,33
6371.0,6
6371.1,7
6371.1,30
6371.6,1
6371.8,23
6371.9,37
6372.1,16
6372.1,17
6372.4,32
6372.7,22
6373.0,3
6373.7,21
6374.0,38
6374.2,20
6374.7,10
6377.2,26
6377.5,24
6378.0,25
6379.2,39
6379.3,15
6379.6,12
6379.8,27
6379.9,14
6380.2,16
6380.5,8
6381.5,34
6383.0,7
6383.1,36
6383.2,23
6383.5,21
6383.9,37
6384.2,10
6384.8,18
6385.7,32
6386.0,33
6386.2,38
6387.9,25
6388.3,12
6388.8,26
6390.0,11
6390.3,6
6390.7,31
6390.9,2
6391.1,1
6391.6,29
6392.1,9
6392.4,3
6392.9,19
6393.8,13
6393.9,27
6394.7,24
6394.8,16
6394.9,12
6395.6,8
6395.7,37
6398.5,7
6398.7,21
6398.9,32
6399.1,18
6399.3,36
6399.7,4
6399.9,26
6400.3,22
6401.1,15
6401.5,10
6401.5,23
6401.6,12
6401.6,5
6401.9,38
6402.4,28
6402.9,17
6403.3,6
6403.8,0
6403.9,33
6404.2,16
6404.3,27
6407.7,36
6408.5,31
6408.5,37
6408.8,1
6409.2,12
6409.3,24
6409.8,5
6410.1,9
6410.3,13
6410.3,29
6410.4,26
6410.6,3
6410.6,34
6410.8,32
6410.9,20
6412.5,6
6413.6,14
6413.7,7
6415.1,21
6415.3,18
6415.6,38
6416.1,39
6416.3,16
6416.7,25
6417.4,23
6417.9,12
6418.3,32
6418.6,5
6418.6,8
6419.0,17
6420.3,33
6420.3,36
6421.3,26
6425.5,3
6425.6,37
6426.0,12
6426.0,31
6426.6,10
6427.1,18
6427.5,6
6427.7,16
6428.3,19
6428.9,28
6429.0,15
6430.2,24
6430.4,21
6430.5,23
6430.5,36
6430.7,22
6430.8,38
6431.7,32
6432.1,9
6432.2,5
6432.5,1
6432.8,12
6433.4,29
6436.4,26
6437.3,17
6437.6,31
6438.1,27
6438.2,7
6438.4,37
6438.5,8
6438.5,30
6439.2,33
6439.7,12
6440.0,16
6440.3,3
6440.3,23
6440.6,20
6441.2,21
6442.4,25
6442.6,10
6442.9,32
6443.3,9
6444.2,29
6445.0,36
6445.2,24
6448.4,12
6448.8,15
6449.2,18
6449.2,14
6449.7,6
6449.8,11
6449.8,37
6450.0,13
6450.0,38
6450.4,16
6450.7,31
6451.0,26
6451.2,7
6452.2,1
6452.5,27
6453.1,21
6453.9,39
6454.2,12
6454.4,23
6454.4,33
6455.2,36
6456.4,8
6456.6,10
6457.7,4
6458.1,9
6458.1,37
6458.4,0
6458.6,25
6459.8,28
6459.9,31
6459.9,24
6460.5,16
6460.6,18
6461.0,32
6461.1,5
6461.6,3
6462.1,26
6462.1,38
6462.3,22
6463.2,12
6465.6,6
6466.4,7
6467.1,21
6467.4,36
6468.5,37
6469.1,17
6469.1,29
6469.6,10
6469.6,25
6469.8,31
6470.2,12
6470.6,18
6471.0,27
6471.2,33
6472.1,34
6472.1,23
6472.4,15
6473.0,16
6473.8,1
6474.7,6
6474.7,38
6476.8,19
6476.9,3
6477.1,32
6477.8,26
6478.4,20
6479.6,37
6480.0,29
6480.3,7
6480.5,12
6481.3,21
6482.3,16
6482.8,31
6483.1,9
6483.3,14
6483.3,28
6484.5,13
6484.7,5
6484.7,24
6485.5,22
6486.0,32
6486.1,10
6486.5,6
6486.8,23
6486.9,17
6487.3,37
6487.5,12
6488.1,35
6489.4,33
6490.0,11
6490.0,25
6490.2,3
6490.8,27
6491.0,36
6492.4,16
6493.5,12
6493.6,26
6494.0,21
6496.1,8
6496.1,38
6496.8,34
6497.5,24
6497.5,30
6497.5,32
6497.5,39
6498.3,37
6499.5,31
6500.0,19
6500.6,18
6500.7,23
6501.5,12
6501.6,1
6502.0,7
6503.4,27
6503.7,6
6503.9,5
6504.0,29
6504.3,16
6504.9,10
6504.9,36
6505.2,22
6507.8,9
6507.9,12
6508.5,37
6509.0,25
6509.1,26
6509.5,13
6509.5,15
6510.1,3
6510.1,32
6510.4,38
6510.8,16
6510.9,33
6512.5,24
6513.9,23
6515.0,21
6515.9,18
6517.0,7
6517.3,12
6517.7,31
6518.2,36
6518.2,26
6519.2,20
6519.3,9
6519.3,17
6519.4,13
6519.4,32
6520.1,0
6521.1,38
6523.6,12
6523.7,16
6524.7,22
6524.9,11
6525.4,37
6525.6,6
6525.9,36
6526.1,28
6526.2,23
6526.3,3
6526.6,21
6526.6,29
6527.2,10
6527.2,31
6527.5,33
6527.9,9
6528.1,25
6528.4,1
6529.3,39
6529.6,15
6530.1,5
6530.1,38
6530.2,32
6530.4,8
6530.8,2
6530.8,18
6531.9,7
6532.2,12
6532.4,24
6532.5,27
6532.7,26
6533.8,16
6535.1,17
6535.3,29
6536.1,34
6537.5,14
6538.2,36
6538.8,23
6539.4,12
6539.9,21
6539.9,38
6540.3,37
6541.1,24
6541.7,25
6541.8,9
6542.0,10
6542.3,35
6542.4,19
6542.6,16
6542.6,31
6543.0,32
6543.5,11
6544.3,3
6545.8,13
6546.3,26
6546.4,6
6547.0,12
6547.6,15
6547.7,7
6547.8,39
6548.9,37
6549.0,20
6549.1,18
6549.2,8
6549.3,27
6550.4,28
6551.0,4
6551.6,29
6552.2,32
6552.3,21
6553.6,19
6554.5,33
6555.5,17
6555.7,34
6556.1,36
6556.6,16
6556.7,5
6556.7,6
6556.7,23
6556.9,31
6557.0,9
6557.5,12
6557.9,24
6558.2,10
6558.3,30
6558.6,7
6559.0,1
6559.6,37
6560.5,26
6561.1,0
6561.9,18
6562.0,11
6562.1,22
6562.1,38
6562.5,13
6563.7,12
6564.7,32
6564.8,23
6564.8,33
6564.9,3
6565.2,25
6568.8,7
6569.3,36
6570.2,31
6570.7,24
6571.0,6
6571.2,27
6571.5,8
6572.8,16
6573.2,12
6574.1,21
6574.3,15
6574.4,4
6574.4,37
6574.8,9
6575.2,23
6575.8,18
6576.4,26
6576.6,19
6576.7,14
6577.2,1
6577.6,32
6578.0,10
6578.4,24
6578.9,3
6579.1,5
6579.6,36
6579.7,12
6580.2,33
6581.3,37
6583.1,38
6583.2,16
6583.7,28
6584.1,25
6584.3,7
6584.9,23
6585.5,15
6586.6,20
6586.6,29
6586.7,12
6587.1,6
6588.2,31
6590.6,9
6590.6,16
6590.7,27
6591.1,17
6591.1,21
6591.6,11
6592.4,18
6593.2,1
6594.0,39
6594.3,36
6594.6,12
6594.8,26
6595.3,0
6595.3,37
6595.6,32
6596.5,10
6596.5,33
6597.4,5
6598.3,38
6598.4,24
6599.1,23
6599.6,6
6599.9,7
6600.5,3
6600.8,8
6601.2,16
6602.1,12
6602.3,21
6602.5,31
6603.1,22
6603.4,26
6604.6,18
6605.1,9
6605.6,29
6605.8,36
6607.0,25
6607.0,37
6608.3,1
6608.3,12
6608.4,15
6608.5,27
6608.9,16
6608.9,33
6609.7,35
6610.3,32
6610.4,34
6611.1,10
6611.1,38
6613.1,24
6613.2,30
6613.7,7
6614.6,26
6616.1,23
6616.5,16
6616.6,36
6617.0,17
6617.1,12
6617.2,29
6617.8,6
6618.1,21
6618.2,20
6619.0,8
6619.5,3
6619.6,31
6620.2,37
6620.4,13
6622.1,19
6624.3,11
6624.3,38
6624.5,5
6624.5,18
6624.8,12
6625.4,32
6625.5,33
6625.8,27
6626.4,23
6627.4,26
6627.5,16
6627.5,24
6628.1,25
6630.2,37
6630.3,1
6630.7,36
6630.7,39
6630.9,15
6631.0,10
6631.0,22
6631.2,31
6632.5,9
6632.8,4
6632.9,12
6632.9,28
6634.6,7
6636.3,21
6637.0,30
6637.3,6
6637.4,16
6637.7,29
6639.4,13
6639.5,23
6639.6,27
6640.1,32
6640.2,12
6640.3,18
6640.7,37
6640.8,17
6641.2,33
6641.4,36
6641.4,38
6641.5,24
6642.4,31
6643.2,3
6644.8,26
6647.4,12
6647.7,25
6648.0,34
6648.3,0
6649.5,21
6649.6,6
6649.6,14
6651.3,20
6651.4,36
6651.7,10
6652.5,16
6653.7,37
6653.9,18
6654.2,33
6654.5,23
6654.9,27
6654.9,29
6655.2,31
6655.6,22
6655.8,24
6656.9,26
6656.9,7
6657.8,19
6657.9,5
6657.9,15
6658.3,9
6658.6,12
6658.7,38
6659.6,32
6659.8,8
6660.1,3
6660.8,13
6661.6,37
6662.8,6
6663.0,25
6663.6,36
6663.8,16
6664.0,27
6664.4,11
6667.2,12
6667.5,17
6668.0,1
6668.5,33
6669.5,23
6670.0,29
6670.6,31
6671.0,16
6671.0,37
6671.2,7
6671.8,18
6672.3,21
6673.1,26
6673.4,39
6673.6,24
6673.8,12
6674.5,0
6675.3,9
6676.1,15
6678.5,38
6678.6,6
6678.6,25
6679.3,10
6679.3,16
6679.4,35
6679.9,3
6679.9,4
6680.0,22
6680.1,12
6680.1,32
6683.5,36
6684.0,26
6684.3,7
6686.2,27
6686.7,33
6687.2,14
6687.3,18
6687.3,37
6688.3,24
6688.5,5
6688.6,31
6688.8,11
6688.9,20
6688.9,23
6689.4,12
6689.6,15
6689.7,29
6690.0,8
6690.0,25
6690.3,2
6690.6,17
6691.0,28
6691.4,16
6691.8,9
6692.0,38
6692.2,21
6692.2,34
6694.6,3
6696.0,36
6696.2,7
6696.4,26
6697.0,33
6697.4,13
6697.5,1
6697.5,32
6698.0,18
6698.2,6
6698.2,12
6698.8,39
6700.0,31
6701.0,27
6701.5,29
6701.6,16
6702.1,37
6702.3,14
6703.1,10
6705.0,21
6705.1,24
6705.3,17
6705.6,19
6707.2,4
6707.5,23
6707.6,38
6707.7,8
6708.1,12
6708.1,22
6708.1,26
6708.9,36
6709.4,16
6710.5,7
6711.2,9
6711.2,31
6711.5,34
6712.9,27
6713.0,37
6713.3,18
6713.5,1
6714.5,5
6715.1,6
6715.5,3
6715.8,32
6716.4,12
6716.9,11
6717.8,33
6719.4,0
6719.4,25
6719.4,23
6719.8,36
6719.9,10
6719.9,21
6720.3,15
6721.4,28
6721.9,26
6721.9,38
6722.1,7
6722.2,16
6722.4,12
6722.6,29
6724.0,31
6725.8,24
6726.5,37
6727.0,3
6727.0,8
6727.5,5
6728.8,36
6729.0,16
6729.4,9
6730.0,6
6730.0,12
6730.1,22
6731.2,18
6731.4,13
6731.5,32
6731.7,30
6732.7,23
6732.8,27
6732.8,20
6733.6,1
6733.6,7
6733.6,19
6733.9,31
6734.0,14
6734.6,25
6734.6,37
6735.2,12
6735.7,33
6736.1,26
6738.1,24
6738.1,38
6739.4,16
6739.8,17
6740.4,36
6740.5,15
6740.7,10
6741.2,21
6741.5,27
6742.8,8
6743.0,32
6743.1,12
6743.3,29
6745.0,1
6745.3,3
6745.5,37
6745.8,18
6746.1,6
6746.4,39
6746.8,23
6747.2,26
6748.2,7
6748.2,31
6750.9,16
6751.5,14
6751.7,11
6752.3,38
6752.4,12
6752.4,25
6753.2,5
6754.1,36
6754.3,9
6754.3,33
6754.5,21
6754.9,32
6755.1,28
6755.6,13
6757.1,15
6757.3,24
6758.6,20
6758.6,37
6759.1,26
6759.6,19
6759.6,29
6759.9,23
6760.1,2
6760.1,18
6760.5,3
6760.5,12
6760.6,39
6760.8,7
6761.8,16
6764.1,6
6764.2,10
6765.3,1
6765.4,9
6766.5,36
6766.7,38
6766.9,25
6767.1,31
6768.6,8
6769.4,32
6770.0,33
6770.4,26
6770.5,17
6771.1,37
6771.2,4
6771.9,12
6772.1,21
6772.8,18
6774.1,3
6775.3,16
6776.3,15
6776.6,23
6776.7,24
6777.3,11
6777.8,35
6778.3,37
6778.5,12
6778.5,27
6778.7,36
6778.8,6
6778.8,7
6779.8,29
6779.9,10
6780.8,26
6781.5,31
6781.6,22
6781.6,38
6782.1,39
6782.4,9
6782.4,32
6783.0,33
6783.1,14
6783.5,16
6784.7,34
6785.8,1
6786.3,17
6786.3,36
6786.6,24
6787.9,7
6787.9,37
6788.3,19
6788.4,12
6788.7,6
6789.0,23
6789.0,28
6789.1,3
6789.3,26
6790.0,18
6790.0,25
6790.8,0
6791.0,8
6791.8,16
6794.5,33
6794.8,21
6796.7,9
6796.7,12
6796.7,31
6797.4,38
6797.8,27
6799.9,26
6801.1,1
6801.4,29
6801.5,36
6801.9,20
6802.0,37
6802.2,32
6802.3,6
6802.4,5
6802.9,15
6803.9,24
6804.0,12
6804.6,10
6805.2,23
6805.2,25
6805.6,18
6806.1,16
6806.3,13
6806.9,33
6808.3,26
6808.6,39
6808.7,11
6808.7,38
6808.8,7
6809.2,22
6809.3,21
6809.6,14
6809.8,3
6810.3,12
6810.5,31
6810.8,37
6813.9,6
6814.1,23
6814.7,36
6815.9,34
6816.7,10
6817.0,24
6817.0,30
6817.2,19
6817.5,26
6817.8,8
6817.9,4
6818.6,12
6818.7,18
6819.1,9
6819.1,16
6819.9,25
6820.7,5
6822.4,37
6822.7,17
6823.2,31
6824.2,33
6824.5,15
6824.6,29
6824.7,27
6825.3,32
6826.5,28
6826.9,3
6827.0,6
6827.6,12
6827.8,1
6828.4,7
6828.8,26
6828.9,20
6828.9,38
6829.1,10
6829.2,21
6829.4,36
6830.2,23
6832.4,16
6832.5,37
6832.6,29
6832.7,25
6833.4,12
6837.0,18
6837.6,6
6837.6,24
6837.7,31
6837.8,33
6838.8,38
6839.4,4
6839.4,16
6839.4,21
6840.1,13
6840.3,12
6840.4,0
6840.8,23
6840.9,7
6840.9,36
6841.1,27
6841.2,1
6841.4,26
6841.4,8
6842.8,5
6843.0,39
6843.2,9
6844.7,15
6845.1,32
6845.4,37
6845.5,3
6847.0,12
6847.0,14
6850.6,31
6850.9,7
6851.0,17
6851.0,29
6851.9,38
6852.0,10
6852.1,28
6852.1,34
6853.2,36
6853.3,16
6854.3,6
6854.4,33
6854.7,12
6854.8,23
6854.9,18
6855.1,25
6855.1,37
6855.5,11
6855.8,24
6856.2,22
6857.1,27
6857.6,0
6857.6,32
6857.7,9
6857.8,21
6857.8,26
6858.3,3
6859.1,1
6859.3,12
6859.5,31
6862.7,16
6863.3,20
6864.3,23
6864.6,7
6864.7,8
6864.9,36
6865.8,13
6866.2,29
6866.4,12
6866.7,37
6866.7,38
6866.9,5
6871.2,3
6871.5,18
6871.5,26
6871.7,6
6872.6,30
6873.1,10
6873.1,21
6873.5,25
6873.5,32
6873.8,24
6873.8,39
6873.9,7
6874.0,15
6874.3,12
6874.7,16
6874.8,14
6874.8,17
6874.9,31
6875.1,37
6875.4,38
6875.6,36
6875.9,23
6875.9,27
6875.9,33
6876.1,4
6879.8,29
6880.6,9
6880.7,1
6880.8,26
6881.0,20
6883.3,3
6883.3,12
6883.6,8
6883.9,36
6884.8,5
6885.1,16
6885.8,6
6886.7,7
6888.4,22
6888.5,18
6888.5,25
6888.5,31
6889.9,2
6890.0,33
6890.1,38
6890.2,24
6890.3,32
6890.5,13
6891.1,23
6891.2,37
6891.9,28
6892.0,21
6892.3,16
6892.4,26
6892.5,10
6892.9,12
6893.1,11
6894.3,34
6896.6,36
6897.2,1
6897.6,31
6897.7,29
6897.8,19
6898.0,27
6898.1,3
6898.1,32
6898.4,5
6898.5,15
6900.1,12
6900.4,37
6900.8,25
6901.5,16
6903.4,6
6904.2,26
6904.3,18
6904.4,33
6904.7,9
6906.5,17
6907.1,23
6908.0,24
6908.1,7
6908.5,4
6908.5,14
6908.5,21
6909.4,38
6909.7,15
6909.8,3
6910.0,12
6910.9,13
6910.9,36
6911.2,29
6911.3,16
6911.3,34
6911.6,37
6912.8,31
6912.9,1
6912.9,10
6915.7,22
6916.0,32
6916.9,26
6917.2,18
6917.4,35
6917.5,6
6917.9,39
6919.0,30
6919.2,5
6919.4,12
6920.2,8
6920.3,29
6920.5,23
6921.4,36
6921.4,37
6921.6,24
6921.6,27
6921.8,16
6922.9,25
6922.9,28
6923.3,10
6923.5,19
6924.0,13
6924.0,33
6924.2,9
6924.6,21
6925.2,26
6925.8,7
6925.9,32
6925.9,38
6926.2,3
6926.2,31
6928.1,12
6930.3,37
6931.2,23
6931.8,24
6932.0,15
6934.3,20
6934.6,1
6934.9,16
6935.9,36
6936.5,18
6937.5,8
6937.5,12
6937.8,17
6938.6,10
6938.9,13
6939.5,21
6940.3,31
6940.8,6
6940.8,37
6941.3,38
6941.5,4
6941.6,32
6941.7,9
6941.8,14
6942.0,25
6943.1,26
6943.5,12
6944.2,5
6944.5,36
6944.9,7
6945.0,23
6945.0,29
6945.6,16
6945.6,18
6947.7,24
6947.8,33
6948.4,27
6949.4,3
6950.0,37
6950.4,2
6950.5,6
6950.5,25
6951.4,28
6952.1,26
6952.5,1
6952.5,12
6953.4,32
6953.7,31
6953.8,21
6954.5,11
6954.7,16
6955.7,22
6956.2,36
6957.6,7
6958.3,23
6958.4,15
6958.4,38
6958.9,12
6961.7,18
6961.8,8
6961.8,9
6962.2,13
6962.6,26
6962.7,6
6963.7,24
6964.0,10
6965.5,3
6965.5,12
6965.5,34
6965.7,16
6966.4,36
6966.6,37
6966.8,33
6967.1,0
6967.6,31
6968.0,27
6969.0,19
6969.0,32
6970.4,21
6970.6,17
6970.6,28
6971.1,15
6971.1,39
6972.5,12
6972.5,29
6972.8,20
6973.2,11
6973.6,25
6973.7,7
6974.1,23
6974.9,22
6975.4,16
6975.6,4
6976.3,1
6976.5,38
6977.0,18
6977.5,13
6978.1,5
6979.0,24
6979.2,9
6979.4,12
6979.6,37
6980.0,33
6980.5,6
6980.6,26
6980.8,3
6980.9,32
6981.4,31
6981.6,10
6981.6,21
6981.8,36
6982.5,30
6986.1,16
6986.9,12
6987.6,23
6988.9,37
6989.5,8
6989.5,35
6991.5,38
6993.2,7
6993.4,31
6994.9,25
6995.1,26
6995.3,3
6995.5,22
6995.5,36
6995.6,12
6995.6,15
6995.6,32
6996.1,18
6996.2,16
6996.3,27
6996.5,29
6996.5,17
6996.7,1
6996.7,33
6997.3,19
6997.4,14
6997.4,28
6999.0,23
7001.1,37
7001.9,24
7002.0,6
7002.5,10
7002.9,20
7003.2,13
7004.0,11
7004.0,21
7004.2,7
7004.3,39
7004.4,12
7005.7,9
7005.8,17
7006.3,31
7006.4,2
7006.5,5
7008.3,36
7008.5,16
7008.9,25
7010.2,3
7010.5,38
7010.9,18
7011.1,23
7011.2,32
7011.3,26
7011.4,37
7014.0,12
7014.3,27
7016.5,33
7016.7,29
7017.2,22
7017.3,8
7018.4,15
7019.0,6
7019.2,0
7019.8,24
7019.8,31
7019.9,36
7020.6,16
7020.8,34
7020.9,21
7022.2,23
7022.8,38
7022.9,12
7023.0,14
7024.0,7
7024.6,18
7024.6,37
7025.9,10
7026.5,20
7026.9,5
7026.9,26
7027.2,13
7027.6,3
7027.7,32
7028.6,1
7028.6,9
7030.0,12
7030.2,6
7030.6,16
7032.6,33
7033.5,21
7034.1,31
7034.5,29
7034.5,37
7034.6,28
7035.0,25
7035.8,23
7035.9,17
7036.2,36
7037.4,12
7037.4,24
7038.1,27
7038.9,18
7039.2,16
7040.1,7
7040.8,15
7041.0,19
7041.2,9
7041.5,26
7041.7,38
7042.6,3
7042.8,8
7043.5,32
7043.7,30
7044.1,34
7044.5,31
7044.6,0
7044.6,10
7044.8,33
7045.5,2
7045.6,36
7045.9,29
7046.4,12
7046.5,37
7046.7,21
7047.1,24
7049.1,22
7049.4,6
7049.4,16
7050.4,14
7051.7,25
7052.2,5
7052.4,1
7052.5,26
7052.9,12
7056.1,23
7056.3,13
7056.3,4
7057.2,8
7057.2,15
7057.2,37
7058.1,7
7058.2,32
7059.7,18
7060.1,16
7060.4,17
7060.5,38
7060.7,28
7060.9,27
7061.0,33
7061.2,31
7062.0,9
7062.5,12
7064.1,29
7064.2,24
7064.7,11
7064.7,36
7064.8,3
7065.0,10
7065.0,26
7065.7,25
7067.0,20
7067.0,37
7067.2,21
7067.4,6
7067.6,34
7068.3,23
7070.0,1
7070.6,12
7071.8,30
7071.9,32
7072.0,16
7072.4,22
7073.8,31
7074.9,26
7074.9,39
7075.3,17
7075.4,3
7076.1,38
7076.3,24
7076.4,0
7076.9,18
7077.4,6
7077.8,5
7078.0,7
7078.4,12
7078.6,37
7078.7,36
7079.0,16
7079.1,33
7079.2,19
7079.6,10
7080.9,25
7080.9,27
7081.1,9
7082.8,31
7083.4,23
7084.0,12
7084.0,38
7084.1,24
7084.3,13
7084.3,14
7084.5,32
7085.2,8
7086.6,21
7087.4,37
7088.4,28
7088.5,26
7089.2,1
7090.1,4
7090.1,33
7090.2,36
7090.5,15
7091.0,3
7091.0,6
7091.9,18
7092.0,16
7092.2,25
7092.5,35
7092.8,12
7094.4,7
7097.2,37
7098.2,32
7098.6,9
7098.8,29
7099.2,6
7099.7,23
7100.3,12
7100.3,21
7101.2,27
7101.3,10
7101.5,31
7101.8,5
7101.8,16
7102.0,24
7102.2,36
7102.4,22
7103.1,26
7104.6,38
7105.1,7
7105.9,19
7106.4,3
7107.7,28
7108.0,37
7108.1,2
7108.3,1
7109.7,25
7109.8,12
7110.1,32
7110.1,33
7110.3,31
7110.4,26
7110.6,8
7111.1,29
7111.6,18
7111.8,34
7112.2,21
7112.3,14
7112.6,23
7115.7,16
7116.5,10
7116.6,11
7117.2,33
7117.8,24
7118.1,12
7118.6,15
7118.8,36
7120.3,9
7120.5,29
7120.8,27
7120.9,38
7121.2,5
7122.7,16
7123.6,37
7124.1,6
7124.1,22
7124.9,17
7125.6,7
7126.1,18
7126.6,31
7127.1,36
7127.4,13
7127.4,23
7128.0,26
7129.4,8
7129.4,33
7129.5,12
7129.5,32
7129.7,35
7129.9,21
7131.4,38
7131.9,37
7133.6,25
7134.2,24
7134.6,29
7135.2,30
7136.2,1
7136.4,9
7136.4,16
7136.5,3
7137.0,39
7138.1,12
7138.2,27
7138.8,15
7138.9,6
7139.3,28
7139.4,4
7139.8,34
7139.9,26
7140.2,10
7140.7,31
7140.7,32
7140.8,0
7141.1,19
7141.2,23
7142.6,36
7146.1,12
7146.1,37
7147.2,7
7147.2,8
7148.0,18
7148.0,25
7148.2,20
7148.3,11
7149.0,16
7149.3,21
7149.4,3
7149.8,24
7150.6,6
7150.7,14
7150.8,26
7151.2,5
7151.4,38
7151.5,17
7151.6,36
7151.6,37
7151.7,32
7152.6,12
7153.3,23
7153.4,27
7154.5,29
7154.9,1
7154.9,33
7155.0,19
7155.1,31
7158.0,39
7158.5,9
7158.8,22
7159.2,7
7160.1,18
7160.5,16
7160.8,26
7161.2,12
7162.0,21
7162.5,32
7162.9,37
7163.2,10
7164.1,24
7164.2,13
7164.5,34
7165.8,31
7165.8,38
7166.0,33
7167.4,6
7167.8,36
7168.3,12
7168.6,1
7168.7,16
7168.7,28
7169.4,25
7169.5,15
7169.9,3
7170.0,8
7170.6,11
7170.6,23
7170.6,26
7173.1,24
7174.4,37
7175.5,18
7176.4,9
7176.7,21
7177.1,17
7177.2,12
7177.7,29
7177.8,5
7177.8,39
7178.9,7
7179.3,31
7179.3,35
7179.5,2
7179.5,33
7180.6,27
7180.7,6
7180.9,32
7180.9,36
7183.0,14
7183.0,38
7183.1,12
7183.2,13
7184.6,3
7184.6,25
7185.1,23
7185.4,26
7185.5,24
7185.9,1
7185.9,37
7187.5,19
7189.4,5
7189.7,8
7190.1,32
7190.2,12
7190.7,22
7191.2,16
7191.6,10
7192.8,9
7193.3,18
7194.2,31
7195.0,20
7195.5,23
7195.6,0
7195.7,6
7195.9,36
7196.0,32
7196.4,12
7196.4,17
7196.5,29
7197.0,33
7197.1,35
7197.1,37
7197.6,26
7197.8,7
7198.3,21
7199.6,25
7202.0,38
7202.8,16
7204.7,14
7205.7,3
7205.7,13
7206.8,39
7207.2,12
7207.8,37
7207.9,36
7208.1,26
7208.6,9
7208.7,31
7208.9,28
7209.0,24
7209.0,33
7209.1,6
7209.4,29
7209.6,7
7209.9,11
7210.0,10
7210.0,22
7210.5,23
7210.6,32
7210.7,16
7211.8,1
7211.9,0
7212.0,18
7212.4,12
7212.7,8
7212.7,25
7212.8,21
7213.2,38
7213.9,34
7214.7,5
7214.8,30
7219.0,27
7219.6,26
7219.7,31
7220.0,17
7220.6,12
7221.1,36
7221.3,3
7221.6,6
7221.7,23
7222.0,37
7222.4,15
7222.9,9
7223.4,39
7223.8,21
7225.0,16
7226.1,4
7226.1,29
7226.2,33
7226.3,7
7226.3,19
7226.3,32
7226.4,13
7226.7,38
7226.8,25
7228.0,12
7228.0,24
7228.3,22
7228.9,18
7229.2,10
7229.6,35
7230.1,36
7231.2,5
7231.5,20
7231.6,26
7232.8,37
7235.1,12
7236.3,8
7236.4,6
7237.3,14
7237.9,16
7238.4,32
7239.0,31
7239.4,1
7239.9,27
7240.1,7
7240.6,37
7240.9,36
7241.0,23
7241.0,24
7241.1,2
7241.3,21
7241.3,34
7242.3,12
7242.4,38
7242.5,3
7242.5,26
7242.8,25
7243.0,10
7244.1,17
7244.6,33
7244.7,18
7244.8,13
7244.8,29
7247.4,32
7247.7,9
7250.5,15
7251.0,31
7251.5,26
7252.1,37
7252.2,20
7252.8,12
7253.2,16
7253.3,8
7253.4,19
7253.7,25
7253.8,39
7254.2,3
7254.9,11
7254.9,38
7255.0,6
7255.2,10
7255.4,29
7255.5,7
7256.2,33
7256.4,32
7256.7,36
7259.0,24
7259.8,5
7260.0,12
7261.0,34
7261.4,18
7261.4,27
7262.3,21
7263.5,9
7264.5,31
7264.8,0
7264.8,26
7265.1,1
7265.2,37
7265.3,23
7265.6,16
7265.9,12
7266.1,36
7266.8,14
7266.8,22
7266.9,7
7266.9,15
7267.2,13
7268.9,6
7269.8,33
7270.4,3
7271.4,29
7271.9,26
7272.0,32
7273.0,12
7273.0,35
7273.9,25
7273.9,38
7274.1,24
7275.7,16
7276.3,23
7276.6,18
7277.9,9
7278.3,27
7278.6,5
7279.5,31
7279.9,10
7279.9,21
7280.9,37
7281.1,28
7281.4,12
7281.4,36
7281.5,7
7281.5,11
7281.6,6
7281.6,33
7284.6,26
7285.4,16
7285.8,17
7285.8,38
7286.2,8
7286.4,34
7286.6,3
7286.8,4
7287.4,32
7287.6,1
7288.0,24
7288.2,20
7288.3,23
7288.7,30
7289.8,12
7291.4,15
7291.7,18
7292.0,0
7292.2,25
7292.9,2
7293.0,36
7293.2,13
7294.3,9
7294.7,26
7295.2,16
7296.0,29
7297.4,12
7297.9,37
7298.0,31
7298.9,7
7299.2,33
7299.4,3
7299.7,22
7300.3,1
7300.3,6
7300.4,38
7300.9,35
7301.0,10
7302.2,16
7302.3,23
7302.4,26
7302.4,39
7303.5,12
7303.7,27
7304.1,24
7304.2,32
7305.4,21
7307.2,25
7307.3,36
7308.2,17
7308.4,13
7308.8,18
7308.9,15
7309.3,20
7310.3,37
7310.7,31
7311.9,12
7312.7,9
7312.7,21
7312.8,26
7312.9,24
7313.5,7
7313.5,33
7313.8,29
7314.0,4
7315.1,5
7315.6,16
7315.7,10
7316.1,36
7316.4,3
7317.2,23
7317.3,6
7317.3,14
7317.8,32
7319.1,12
7319.3,38
7321.8,22
7321.9,15
7322.8,16
7323.5,37
7324.2,11
7324.4,8
7324.5,19
7324.7,34
7325.0,28
7325.6,12
7325.9,1
7326.1,21
7328.2,18
7328.8,26
7328.9,7
7329.2,33
7329.3,24
7329.9,23
7329.9,36
7330.2,25
7330.3,38
7331.3,32
7332.0,27
7332.0,37
7332.5,31
7332.8,12
7333.6,6
7334.2,16
7335.0,29
7335.8,3
7335.8,10
7337.4,9
7337.7,15
7340.2,12
7340.6,26
7340.9,13
7342.0,21
7342.0,22
7342.2,11
7343.1,32
7343.2,23
7343.4,36
7343.7,17
7343.8,31
7344.2,7
7344.8,1
7345.2,24
7345.3,12
7345.6,38
7346.3,16
7346.4,4
7347.0,6
7348.2,9
7349.3,25
7349.9,37
7350.1,2
7350.6,10
7350.8,18
7350.8,19
7351.3,8
7351.5,32
7352.9,5
7353.5,12
7353.6,33
7353.9,15
7354.6,39
7354.7,31
7354.8,16
7355.1,26
7355.1,36
7356.1,14
7356.2,29
7356.4,7
7356.8,27
7356.9,0
7357.1,38
7357.4,3
7357.6,37
7358.8,12
7358.9,24
7359.0,23
7359.1,1
7359.1,21
7359.3,6
7361.9,25
7364.0,28
7364.6,9
7365.6,32
7366.9,7
7367.3,24
7367.7,13
7367.8,18
7367.9,22
7368.0,12
7368.1,37
7368.2,11
7368.3,26
7368.3,29
7368.5,27
7368.6,21
7369.6,36
7369.9,31
7372.0,6
7372.2,16
7372.7,23
7373.0,10
7373.2,34
7373.3,38
7376.1,12
7376.6,33
7376.8,39
7376.9,26
7377.0,35
7377.2,17
7377.4,25
7378.4,3
7379.1,16
7379.2,20
7379.4,19
7380.5,36
7381.7,24
7382.9,12
7383.2,7
7383.2,31
7383.2,37
7383.7,10
7383.7,1
7383.7,8
7384.3,5
7384.3,9
7384.3,32
7385.1,15
7386.2,27
7386.5,21
7386.7,26
7387.9,13
7388.1,23
7389.5,18
7389.8,33
7390.9,38
7391.3,29
7391.4,16
7392.0,6
7392.1,12
7393.0,24
7393.7,37
7394.6,22
7395.5,20
7396.1,30
7397.0,31
7397.2,36
7398.5,11
7398.5,12
7398.6,7
7400.1,16
7400.6,14
7400.8,9
7401.0,3
7401.2,39
7401.5,25
7401.6,37
7401.7,26
7402.4,1
7402.4,21
7402.6,19
7402.8,0
7403.5,32
7404.5,38
7404.7,13
7404.8,28
7404.9,23
7406.3,12
7406.7,33
7406.9,5
7407.1,10
7407.2,27
7407.4,24
7408.3,18
7408.6,36
7409.3,16
7410.9,6
7411.4,7
7413.5,25
7413.5,31
7413.9,26
7414.5,8
7414.9,20
7415.0,12
7416.8,21
7417.3,9
7417.5,38
7418.3,36
7419.3,17
7420.0,37
7420.5,10
7420.6,15
7420.9,14
7421.0,29
7421.2,12
7421.8,26
7422.0,30
7422.1,32
7424.1,7
7424.6,18
7424.6,24
7424.8,23
7424.9,11
7425.1,3
7425.4,33
7425.8,16
7426.1,6
7426.9,34
7427.0,36
7427.3,12
7427.5,19
7427.7,27
7428.0,9
7428.5,1
7428.8,5
7429.3,25
7429.9,39
7430.4,38
7432.3,37
7432.4,26
7433.0,31
7433.0,32
7433.5,22
7435.3,7
7435.6,8
7435.8,4
7436.8,12
7436.8,29
7437.3,16
7437.8,27
7438.7,13
7438.8,21
7439.0,23
7439.3,10
7440.1,6
7440.9,36
7440.9,37
7441.0,26
7441.1,35
7441.6,17
7442.0,31
7442.4,33
7442.9,24
7443.0,12
7443.7,18
7447.0,1
7447.0,19
7447.3,25
7447.4,38
7448.1,32
7448.3,20
7448.6,5
7448.6,22
7448.7,0
7449.7,31
7449.9,16
7450.1,12
7451.6,7
7451.6,21
7451.7,14
7451.7,28
7451.7,36
7452.6,10
7452.6,29
7453.2,24
7453.4,26
7454.6,37
7455.1,23
7455.2,6
7455.5,9
7459.4,33
7460.0,34
7461.0,12
7461.2,16
7461.9,3
7462.1,11
7462.8,32
7463.4,38
7463.5,15
7463.6,37
7464.8,10
7464.9,9
7465.4,21
7465.5,8
7465.5,26
7465.8,36
7465.9,39
7466.9,27
7467.3,25
7467.3,31
7467.4,12
7468.0,17
7468.1,16
7468.3,22
7470.0,30
7470.1,13
7470.8,1
7471.5,5
7471.5,28
7471.7,7
7471.7,23
7471.8,6
7472.3,32
7473.2,18
7473.4,24
7474.7,12
7474.8,3
7475.0,4
7475.3,10
7475.6,38
7476.6,31
7476.7,37
7477.0,29
7477.1,23
7478.8,21
7479.2,16
7479.4,36
7480.0,33
7483.6,26
7484.1,12
7484.3,18
7485.0,19
7485.1,25
7485.9,20
7486.0,1
7486.7,9
7487.1,16
7487.7,6
7488.9,8
7489.5,12
7490.1,39
7490.3,23
7490.6,26
7490.7,37
7491.0,11
7491.3,7
7491.5,31
7491.5,36
7492.2,14
7492.4,29
7492.4,38
7492.5,22
7492.6,24
7492.7,21
7493.2,10
7494.2,27
7494.4,3
7494.4,17
7495.1,33
7495.6,0
7496.0,12
7496.5,32
7497.2,5
7497.3,37
7499.3,16
7501.4,9
7502.3,15
7502.9,6
7503.3,12
7503.7,23
7504.0,1
7505.0,4
7505.0,38
7506.0,31
7506.2,21
7506.4,18
7507.9,8
7508.5,16
7508.7,25
7508.9,32
7509.2,29
7509.3,3
7509.3,10
7509.4,27
7509.7,7
7509.7,36
7510.1,34
7510.7,26
7510.9,12
7512.6,24
7513.5,37
7513.9,22
7514.0,23
7514.2,13
7514.3,9
7514.4,19
7514.4,31
7514.5,35
7515.5,21
7515.6,28
7516.8,12
7516.9,33
7517.9,7
7518.8,16
7519.2,18
7521.1,14
7521.2,39
7521.7,36
7522.0,25
7522.6,38
7522.7,17
7523.0,5
7523.1,27
7523.3,6
7523.8,1
7523.9,26
7524.3,32
7524.8,12
7525.1,24
7526.2,10
7527.4,23
7529.3,16
7530.3,7
7530.6,15
7530.6,37
7531.0,21
7531.2,26
7531.6,36
7532.3,29
7532.6,9
7533.0,31
7533.6,12
7533.8,8
7534.1,3
7534.8,18
7535.1,32
7535.3,24
7535.6,38
7535.7,1
7535.9,6
7536.9,5
7537.1,16
7539.4,33
7540.8,21
7541.5,12
7541.6,27
7543.2,25
7543.4,20
7543.7,23
7544.0,35
7544.7,37
7545.1,7
7545.8,36
7546.2,9
7546.4,10
7546.5,3
7546.6,17
7546.6,26
7546.8,28
7546.8,19
7547.0,34
7547.8,31
7548.0,13
7548.9,14
7549.0,12
7549.0,18
7549.0,24
7549.7,29
7550.3,4
7550.5,16
7550.6,22
7550.8,2
7551.3,23
7552.1,32
7552.5,39
7552.6,33
7552.8,21
7552.9,6
7553.3,36
7554.1,1
7555.5,12
7555.6,5
7556.2,11
7556.7,7
7558.6,38
7559.5,37
7560.2,9
7560.4,26
7560.5,3
7561.5,16
7561.7,15
7562.0,31
7562.2,14
7562.4,27
7562.8,29
7563.1,6
7563.2,8
7563.9,32
7564.3,12
7565.0,37
7565.1,13
7565.6,7
7565.9,20
7565.9,24
7566.1,10
7566.5,33
7566.6,25
7567.7,23
7569.0,36
7569.2,22
7569.8,21
7571.0,16
7571.9,18
7571.9,30
7572.1,5
7572.1,12
7572.2,17
7572.7,11
7573.4,26
7573.7,38
7574.0,27
7574.9,10
7574.9,31
7576.2,32
7578.0,12
7578.2,6
7579.8,7
7580.0,36
7581.0,28
7581.8,3
7582.3,24
7582.7,25
7583.1,9
7583.4,8
7583.4,37
7583.5,1
7583.6,0
7583.6,15
7583.7,26
7584.3,23
7584.4,33
7584.7,29
7585.1,31
7587.0,34
7587.6,16
7588.2,12
7589.0,14
7589.3,13
7589.7,19
7589.8,21
7589.9,7
7590.0,18
7590.8,35
7591.2,36
7591.7,6
7591.9,32
7592.1,37
7592.5,38
7592.6,24
7593.4,33
7593.5,5
7593.7,10
7595.4,12
7595.9,23
7596.3,22
7597.1,31
7597.4,39
7598.9,29
7599.0,16
7599.6,26
7599.9,15
7601.5,8
7601.6,17
7602.3,3
7602.3,21
7602.4,37
7602.7,18
7602.7,25
7602.9,12
7603.0,7
7603.6,27
7604.0,20
7604.8,10
7605.7,26
7606.1,9
7606.7,36
7607.8,32
7609.1,28
7609.3,33
7609.6,23
7610.0,1
7610.3,31
7610.5,16
7610.7,6
7611.2,12
7611.2,38
7611.4,4
7611.9,35
7612.0,14
7613.0,24
7613.1,21
7613.8,37
7614.9,9
7614.9,29
7615.0,13
7615.1,5
7615.6,36
7615.8,7
7616.0,30
7616.7,39
7617.6,12
7618.8,3
7619.0,18
7619.4,23
7619.4,26
7619.6,32
7619.8,22
7620.1,25
7620.8,16
7623.4,27
7623.5,28
7623.6,33
7623.8,38
7624.3,37
7624.4,0
7624.4,20
7624.4,36
7624.5,34
7624.6,6
7624.6,10
7624.7,12
7625.0,31
7626.2,2
7626.9,11
7627.2,1
7627.3,19
7627.8,24
7629.1,8
7630.2,29
7630.9,27
7631.2,22
7631.3,21
7631.4,14
7631.5,12
7632.7,23
7632.9,26
7632.9,32
7633.6,9
7633.6,18
7633.8,7
7634.0,16
7634.8,25
7635.0,33
7635.1,37
7635.2,39
7635.3,15
7635.9,36
7636.2,31
7637.0,38
7638.1,5
7638.3,12
7639.0,21
7640.0,26
7640.3,24
7641.4,17
7641.9,3
7642.7,6
7642.7,10
7643.8,13
7645.0,11
7645.2,25
7645.9,16
7646.2,12
7647.1,37
7647.2,33
7647.4,38
7647.7,32
7648.2,9
7649.4,23
7649.9,18
7650.5,1
7650.7,36
7650.8,31
7652.4,26
7652.4,27
7653.0,4
7653.9,37
7654.3,12
7654.6,21
7654.9,7
7656.5,16
7656.6,24
7656.9,29
7657.1,22
7657.2,6
7658.3,15
7658.4,3
7658.8,39
7658.9,19
7659.3,28
7660.3,12
7661.1,38
7661.5,25
7661.9,32
7662.1,34
7664.9,31
7665.0,8
7665.0,36
7665.2,5
7665.3,33
7665.4,16
7665.8,21
7666.0,26
7666.6,13
7666.7,15
7667.0,10
7667.0,23
7667.0,35
7667.4,37
7669.0,12
7669.9,18
7670.6,14
7671.1,9
7671.2,20
7671.3,17
7671.6,27
7672.7,24
7674.0,7
7674.1,29
7674.4,31
7674.6,6
7674.7,32
7675.3,38
7675.6,3
7676.2,23
7677.5,16
7677.8,33
7678.3,36
7679.0,25
7679.7,12
7680.8,19
7681.3,26
7682.2,11
7683.0,6
7683.0,13
7683.5,1
7684.7,37
7685.0,10
7685.4,31
7685.7,7
7686.0,3
7686.1,18
7687.7,12
7687.7,36
7688.5,27
7688.6,39
7689.0,21
7689.4,16
7690.0,24
7690.0,34
7690.1,22
7691.2,9
7691.6,23
7692.0,4
7692.7,32
7694.6,38
7695.0,8
7695.4,5
7697.1,12
7697.2,37
7697.3,36
7697.8,29
7698.2,16
7698.2,26
7699.1,20
7699.1,25
7699.3,30
7699.3,33
7699.6,14
7699.6,15
7700.6,6
7701.0,28
7701.7,31
7702.8,18
7702.9,12
7703.1,7
7703.5,13
7704.0,3
7704.4,8
7704.4,17
7704.5,16
7705.4,38
7705.7,1
7705.7,10
7706.9,23
7706.9,26
7707.0,11
7707.4,21
7707.5,22
7707.9,24
7707.9,36
7708.3,27
7709.3,32
7710.8,4
7711.0,37
7711.1,12
7711.7,33
7712.3,6
7713.1,3
7714.4,16
7714.9,9
7715.5,25
7717.1,12
7717.1,36
7717.2,15
7717.5,14
7717.6,23
7717.7,10
7718.0,7
7718.2,27
7718.7,2
7719.0,32
7719.6,26
7719.7,18
7720.0,29
7720.1,38
7720.6,31
7721.8,21
7722.1,19
7722.4,3
7722.6,8
7722.6,12
7722.7,24
7723.9,1
7724.0,28
7724.5,37
7725.3,36
7726.7,16
7726.9,34
7727.5,6
7728.3,25
7731.0,26
7731.5,5
7732.3,33
7732.4,7
7732.6,12
7732.7,13
7733.9,23
7735.8,27
7735.9,31
7736.2,32
7736.4,21
7736.4,37
7737.0,30
7737.1,18
7737.8,36
7738.4,16
7738.6,22
7739.0,10
7739.2,9
7740.0,6
7740.3,12
7741.5,20
7742.9,4
7743.3,17
7743.3,24
7743.4,3
7744.5,26
7745.0,5
7745.1,11
7745.1,38
7745.2,1
7746.5,39
7747.1,15
7747.4,8
7747.5,18
7748.3,12
7748.5,33
7748.9,7
7748.9,27
7749.0,0
7749.1,37
7749.4,29
7749.5,36
7749.8,19
7752.6,25
7752.8,23
7753.4,31
7753.7,9
7753.8,12
7753.9,32
7754.3,13
7754.5,16
7754.9,2
7755.2,26
7755.8,1
7756.2,6
7758.4,10
7758.6,14
7759.2,38
7759.9,34
7761.0,16
7761.7,3
7763.0,21
7763.2,37
7763.6,27
7763.8,36
7764.0,12
7764.3,25
7764.6,7
7764.6,18
7764.8,23
7765.0,28
7765.1,29
7765.3,24
7765.9,17
7766.1,35
7768.1,26
7768.6,31
7769.1,22
7769.8,8
7770.1,33
7770.5,12
7771.5,16
7772.3,3
7773.6,13
7773.8,37
7774.5,6
7775.1,5
7775.4,23
7775.4,38
7775.6,32
7776.2,10
7777.1,1
7777.1,39
7777.6,7
7777.7,17
7777.8,12
7777.9,21
7778.2,24
7778.6,31
7779.5,36
7779.8,26
7780.6,27
7780.8,18
7781.5,16
7783.1,9
7784.2,25
7784.6,19
7784.9,11
7784.9,37
7785.4,12
7785.6,23
7785.9,4
7785.9,6
7786.1,15
7787.2,7
7787.3,29
7787.4,32
7787.8,38
7790.8,24
7791.2,26
7792.3,14
7792.5,36
7792.6,12
7793.2,2
7793.3,21
7793.3,34
7793.6,5
7793.7,0
7794.5,30
7794.6,3
7794.6,33
7794.8,18
7794.8,37
7795.2,8
7795.4,16
7795.6,28
7796.7,7
7796.7,31
7797.5,10
7799.6,23
7800.2,12
7800.5,29
7801.4,22
7801.4,27
7801.5,6
7802.1,13
7802.5,39
7802.8,26
7803.1,35
7803.3,33
7803.5,36
7803.7,1
7803.8,38
7804.0,24
7804.3,32
7804.8,25
7806.0,12
7806.9,37
7807.0,16
7807.0,18
7807.2,21
7807.5,23
7808.6,15
7808.8,9
7808.8,31
7810.7,7
7810.9,36
7811.4,3
7812.2,24
7812.3,19
7812.7,17
7812.9,26
7815.5,10
7815.6,8
7815.9,6
7816.1,5
7816.2,32
7816.3,12
7816.9,1
7817.0,16
7817.0,25
7817.2,21
7817.4,33
7818.2,29
7818.7,38
7821.8,27
7823.0,23
7823.1,11
7823.4,7
7823.5,18
7823.6,37
7823.9,31
7824.0,20
7824.8,12
7824.9,14
7825.3,26
7825.5,9
7825.7,13
7825.9,2
7826.5,36
7826.6,22
7826.8,33
7827.0,24
7827.1,38
7827.8,16
7828.6,0
7829.8,6
7830.1,10
7830.3,12
7832.9,32
7833.7,3
7833.7,31
7834.0,34
7835.2,21
7835.3,23
7835.6,17
7835.7,36
7835.9,28
7836.0,8
7836.1,27
7836.6,37
7836.7,16
7837.1,24
7837.6,9
7838.1,1
7838.6,12
7838.6,26
7838.8,4
7839.4,25
7839.6,29
7839.7,5
7840.7,33
7843.2,18
7844.2,7
7845.1,38
7845.5,15
7845.9,31
7846.4,36
7846.7,10
7846.9,39
7847.1,20
7847.3,6
7847.4,29
7847.6,16
7847.7,23
7847.9,12
7849.2,11
7850.0,32
7850.3,37
7850.9,1
7851.6,26
7852.4,21
7853.6,19
7855.3,12
7855.4,3
7855.6,24
7855.8,30
7856.3,27
7857.0,18
7857.1,17
7857.5,23
7857.6,6
7857.6,8
7857.8,16
7857.9,9
7858.0,36
7858.1,14
7858.1,25
7858.1,31
7858.3,26
7858.8,28
7859.5,33
7863.0,12
7864.0,37
7864.3,34
7864.6,5
7864.7,7
7865.0,10
7865.4,4
7865.7,31
7866.2,35
7867.5,6
7868.7,16
7868.8,21
7869.2,29
7869.5,17
7869.6,38
7870.1,27
7870.4,13
7870.7,32
7871.4,22
7871.5,9
7871.5,26
7871.8,12
7872.7,33
7872.9,1
7873.3,24
7873.3,25
7873.5,7
7873.9,37
7874.2,15
7876.5,18
7878.1,23
7878.2,8
7880.0,36
7880.5,3
7880.5,30
7881.1,16
7881.2,12
7881.2,39
7881.3,21
7881.4,10
7881.9,20
7882.4,6
7882.5,37
7883.3,26
7883.3,31
7883.8,1
7883.9,29
7884.2,19
7884.8,28
7885.5,32
7888.0,25
7888.7,11
7889.4,16
7889.7,27
7890.1,12
7890.3,7
7891.4,33
7891.6,38
7891.7,36
7892.0,23
7892.1,3
7892.2,9
7892.9,18
7893.2,17
7894.6,10
7894.6,24
7895.1,34
7895.7,22
7895.8,14
7895.8,31
7896.2,13
7896.4,1
7897.3,12
7897.6,6
7898.4,21
7899.5,29
7899.5,32
7899.6,37
7900.6,26
7901.4,36
7901.7,3
7901.7,5
7902.1,23
7902.4,15
7902.7,16
7902.9,0
7903.1,7
7903.7,35
7904.9,9
7906.1,39
7906.2,12
7907.7,27
7908.4,26
7908.6,18
7909.0,38
7909.1,1
7909.1,25
7909.1,33
7909.2,31
7909.4,37
7909.6,14
7910.3,24
7912.2,10
7912.4,6
7913.6,12
7913.6,16
7914.4,28
7914.5,32
7914.6,36
7914.7,29
7914.9,8
7915.0,21
7916.6,15
7918.9,4
7918.9,34
7919.9,23
7920.1,7
7920.3,17
7920.5,20
7921.6,12
7921.7,24
7922.1,22
7922.4,25
7922.6,39
7923.8,33
7923.9,37
7924.3,11
7924.4,3
7924.4,16
7924.5,36
7924.6,26
7924.7,38
7924.9,27
7925.0,18
7925.0,31
7925.7,2
7926.3,32
7926.7,5
7926.7,9
7927.0,6
7927.3,23
7927.4,12
7927.9,7
7931.3,10
7931.6,15
7933.4,16
7933.4,18
7935.2,35
7937.1,37
7937.5,14
7937.8,36
7937.9,29
7938.0,31
7938.4,33
7938.6,12
7938.6,21
7938.6,24
7939.6,0
7942.7,7
7942.9,3
7943.1,8
7943.5,6
7943.5,38
7943.6,23
7944.0,25
7944.5,17
7944.7,32
7945.0,16
7945.6,12
7945.8,4
7945.9,1
7946.3,9
7947.1,13
7947.2,26
7947.2,30
7950.6,36
7951.3,24
7951.9,37
7952.4,6
7952.4,28
7953.0,10
7954.7,27
7954.9,12
7955.1,18
7955.6,23
7955.7,15
7955.7,19
7956.2,16
7956.2,33
7956.3,7
7956.3,11
7956.5,29
7957.2,32
7957.4,21
7958.4,31
7958.9,5
7959.0,38
7960.3,2
7960.5,26
7961.2,25
7962.3,3
7962.3,12
7962.3,24
7962.7,22
7962.7,37
7962.8,10
7962.9,9
7964.3,36
7964.9,0
7965.2,14
7966.5,39
7967.3,23
7967.8,34
7968.1,17
7969.6,6
7970.2,33
7970.3,26
7970.7,18
7971.3,21
7971.4,12
7971.7,27
7971.9,20
7972.7,16
7973.4,38
7973.6,31
7974.3,37
7974.6,15
7974.9,7
7975.1,32
7975.3,19
7975.3,28
7975.8,5
7976.0,29
7976.7,36
7976.9,35
7977.3,12
7977.6,1
7977.9,25
7978.3,24
7978.5,11
7979.1,3
7979.2,8
7981.7,26
7981.9,16
7982.1,23
7982.3,30
7982.4,9
7984.0,22
7984.8,6
7984.9,18
7985.0,4
7985.3,10
7986.6,12
7987.3,13
7987.4,0
7987.8,21
7988.5,32
7989.2,33
7989.4,14
7989.4,27
7989.8,37
7990.0,36
7990.7,31
7990.8,3
7992.3,1
7993.0,6
7993.0,7
7993.1,25
7993.1,39
7993.6,16
7993.8,29
7994.6,12
7996.1,23
7996.2,38
7996.6,26
7999.3,18
7999.4,24
7999.9,9
8001.3,36
8002.4,34
8002.9,12
8002.9,32
8003.0,31
8003.1,38
8003.2,5
8003.4,37
8003.8,10
8005.0,21
8005.1,8
8005.6,0
8005.8,7
8006.0,16
8006.8,27
8007.3,26
8007.4,17
8007.5,25
8008.0,1
8008.1,28
8008.7,6
8009.5,9
8009.5,33
8009.8,12
8010.1,15
8011.5,10
8013.4,13
8014.7,24
8014.9,36
8015.0,3
8015.0,37
8015.2,23
8015.8,31
8016.1,35
8016.1,20
8016.1,39
8017.2,4
8017.2,16
8017.2,32
8017.3,29
8017.9,38
8019.4,12
8019.8,18
8020.2,26
8020.4,28
8020.6,5
8021.0,7
8021.6,14
8022.4,21
8024.6,30
8025.4,33
8025.7,25
8026.4,9
8026.8,36
8027.0,12
8027.5,27
8027.6,16
8027.7,23
8027.9,29
8028.0,11
8028.3,24
8028.3,32
8028.7,8
8029.2,37
8029.3,6
8029.8,10
8032.2,31
8033.3,26
8034.2,3
8035.1,1
8035.1,18
8035.2,7
8035.2,39
8035.4,17
8035.6,22
8035.8,36
8036.4,21
8036.6,34
8036.6,25
8037.1,12
8037.4,29
8037.5,19
8037.9,37
8039.2,16
8039.5,31
8039.5,33
8039.8,38
8041.9,23
8042.8,32
8042.9,13
8043.9,10
8044.9,14
8044.9,27
8045.0,8
8045.2,12
8045.5,16
8045.5,35
8046.4,26
8046.4,38
8046.7,37
8046.9,9
8047.7,24
8048.2,15
8048.3,7
8048.7,36
8049.9,6
8050.6,22
8050.8,3
8052.2,4
8052.3,1
8052.6,16
8052.7,5
8052.7,25
8053.5,29
8053.8,18
8053.8,28
8055.6,12
8055.7,21
8057.1,23
8059.1,37
8059.3,11
8059.3,26
8060.0,9
8060.3,20
8060.5,31
8060.6,10
8060.9,38
8061.5,12
8061.8,32
8062.6,18
8062.6,24
8062.7,2
8063.3,3
8064.2,36
8064.4,33
8065.2,17
8065.2,37
8065.5,7
8065.7,27
8066.3,8
8066.6,16
8066.9,25
8067.0,6
8067.2,12
8067.4,19
8068.2,26
8069.8,31
8070.4,15
8070.8,23
8071.7,1
8071.9,29
8072.3,32
8072.7,5
8076.6,38
8076.7,13
8077.0,18
8077.1,12
8077.5,21
8077.5,30
8077.5,34
8077.6,24
8077.7,7
8077.7,16
8077.7,35
8077.7,37
8078.2,14
8078.9,39
8079.0,25
8079.1,31
8079.2,36
8079.6,11
8079.6,27
8079.8,10
8081.0,33
8081.6,3
8081.9,9
8082.4,26
8082.9,28
8083.4,23
8084.4,12
8084.4,22
8084.5,5
8085.1,32
8086.8,20
8089.9,16
8090.2,7
8090.6,24
8090.7,8
8091.4,6
8091.6,31
8091.8,12
8091.9,1
8092.2,37
8092.7,18
8093.3,38
8093.4,21
8094.1,19
8094.1,25
8094.9,36
8095.7,26
8096.5,23
8096.8,3
8097.0,39
8098.2,33
8098.5,29
8098.6,12
8099.1,27
8099.3,16
8100.2,7
8101.7,18
8101.7,32
8102.5,9
8102.5,30
8102.6,37
8102.7,14
8106.0,26
8106.2,12
8107.1,38
8107.2,24
8107.9,2
8109.0,10
8109.2,3
8109.3,0
8109.8,21
8110.3,13
8110.4,1
8110.4,28
8110.8,31
8111.2,17
8111.3,16
8111.4,23
8111.5,37
8111.7,12
8111.8,18
8114.9,36
8115.8,6
8116.5,11
8116.7,4
8116.7,7
8116.9,29
8117.2,39
8117.4,22
8117.8,26
8118.1,12
8118.4,34
8118.5,16
8118.6,33
8118.7,15
8120.1,37
8120.2,25
8121.6,38
8122.2,32
8123.7,9
8124.5,18
8124.5,27
8125.3,10
8126.2,12
8126.3,21
8126.4,20
8127.1,16
8127.4,3
8127.7,8
8128.2,17
8128.2,36
8128.9,15
8128.9,23
8128.9,31
8129.1,24
8129.8,26
8130.1,14
8130.2,19
8130.3,6
8130.4,28
8131.1,13
8132.2,1
8132.3,5
8133.7,25
8134.0,7
8134.1,12
8135.2,33
8135.5,37
8139.6,16
8139.6,29
8139.7,35
8140.0,32
8140.5,9
8140.7,6
8140.9,34
8141.1,31
8141.3,22
8141.7,12
8141.7,18
8141.7,21
8142.1,27
8142.2,23
8142.2,24
8142.2,26
8142.2,36
8142.6,38
8146.0,37
8146.5,25
8146.7,10
8147.9,12
8148.5,17
8148.5,28
8148.6,7
8149.3,3
8149.6,26
8149.7,29
8149.7,36
8150.2,16
8150.3,15
8150.7,30
8150.7,32
8151.1,11
8151.2,14
8151.4,1
8151.5,9
8151.6,8
8151.6,33
8152.6,31
8155.6,23
8156.5,27
8156.7,13
8156.9,12
8156.9,38
8157.3,4
8157.6,19
8157.6,21
8157.6,37
8158.3,18
8158.4,39
8158.6,24
8160.2,31
8160.3,32
8160.6,36
8161.3,6
8161.8,7
8161.9,9
8163.4,15
8164.6,0
8164.8,10
8165.0,26
8165.5,22
8165.5,34
8166.7,2
8167.0,12
8167.0,18
8167.2,27
8167.3,1
8167.6,23
8167.6,24
8167.9,37
8168.0,16
8168.4,25
8169.6,3
8170.5,29
8170.5,33
8171.9,36
8172.5,28
8172.5,32
8173.2,5
8173.3,8
8173.8,6
8174.6,12
8174.9,31
8176.7,38
8177.0,13
8177.0,18
8178.0,19
8178.3,17
8178.6,26
8178.7,7
8178.7,9
8178.8,16
8179.2,25
8179.4,20
8179.5,37
8180.5,23
8182.2,14
8182.6,36
8183.0,12
8183.9,29
8184.3,27
8184.5,3
8184.7,21
8185.4,24
8185.4,32
8187.7,31
8187.8,33
8188.0,15
8188.6,16
8189.5,38
8189.7,12
8190.0,28
8191.0,5
8191.6,36
8192.0,23
8192.0,25
8192.7,6
8193.1,11
8193.2,26
8193.4,10
8193.4,37
8193.7,7
8194.2,18
8194.4,1
8195.5,33
8195.6,12
8196.4,16
8198.9,32
8199.6,22
8199.7,24
8199.7,17
8199.9,31
8200.1,8
8201.0,9
8201.4,29
8202.3,36
8202.5,13
8202.9,10
8203.0,12
8203.6,37
8203.6,6
8204.1,33
8204.2,21
8205.6,25
8206.0,35
8206.2,5
8206.3,16
8206.4,7
8207.1,14
8207.2,27
8208.3,12
8209.3,23
8209.9,1
8210.1,3
8210.3,26
8211.9,38
8212.3,31
8212.7,24
8212.8,0
8213.9,36
8215.4,32
8215.7,29
8216.0,30
8216.2,12
8216.3,6
8216.4,37
8216.7,18
8218.3,20
8218.8,23
8219.3,16
8219.4,39
8220.3,4
8220.6,25
8221.1,34
8221.1,31
8221.5,13
8221.8,21
8221.8,22
8222.2,26
8222.4,37
8222.6,9
8223.0,33
8223.1,3
8223.2,36
8223.9,12
8225.8,5
8225.8,7
8226.6,38
8226.8,10
8227.5,1
8228.2,15
8228.2,28
8229.5,32
8229.7,19
8230.0,6
8230.1,27
8230.5,12
8233.1,37
8233.1,23
8234.5,9
8235.2,16
8235.4,29
8235.6,31
8235.9,3
8236.3,33
8236.4,24
8237.0,12
8237.1,8
8237.6,18
8238.0,25
8238.3,32
8238.6,36
8238.9,26
8239.1,6
8239.5,21
8242.3,38
8242.5,34
8242.8,7
8243.5,37
8244.2,12
8244.2,23
8244.7,10
8245.3,20
8245.8,1
8245.8,31
8247.1,14
8247.6,5
8249.2,35
8249.3,24
8249.4,3
8249.4,13
8249.5,16
8249.5,26
8249.9,6
8250.1,27
8250.8,23
8251.0,11
8251.3,21
8251.5,12
8251.5,36
8252.6,25
8252.8,17
8253.1,33
8253.2,8
8253.2,15
8253.3,22
8253.7,39
8254.3,29
8254.8,37
8254.9,38
8255.1,18
8256.9,9
8258.0,32
8258.3,7
8258.6,1
8259.2,31
8259.7,4
8260.1,16
8260.8,12
8263.8,3
8264.5,23
8264.6,37
8264.7,24
8265.6,10
8265.8,38
8266.3,26
8266.6,32
8268.0,12
8268.2,33
8270.3,18
8270.6,13
8270.6,34
8271.2,2
8271.4,7
8272.0,16
8272.1,6
8274.2,36
8275.9,31
8276.3,8
8276.4,21
8276.6,12
8276.7,29
8277.0,5
8277.2,28
8277.4,22
8277.4,26
8277.5,17
8277.6,0
8277.6,25
8278.2,37
8278.6,9
8278.6,16
8278.9,19
8280.1,3
8280.1,23
8280.7,32
8281.7,6
8281.9,1
8282.2,38
8282.5,33
8284.9,10
8285.2,12
8285.9,24
8287.1,11
8288.2,18
8289.0,20
8289.1,26
8289.1,36
8289.5,31
8289.6,21
8289.9,14
8290.0,7
8290.4,4
8290.4,16
8291.2,37
8291.6,33
8292.2,23
8292.5,12
8292.6,27
8296.7,38
8297.1,29
8297.3,9
8297.7,3
8297.8,26
8298.0,13
8298.5,24
8298.7,1
8298.7,15
8299.1,6
8299.6,12
8299.8,16
8300.2,25
8301.3,10
8301.4,8
8301.8,32
8303.0,39
8303.7,23
8304.0,37
8305.3,22
8305.5,19
8306.0,12
8306.6,36
8307.0,31
8307.5,38
8307.6,0
8307.9,7
8308.4,21
8308.9,16
8309.0,26
8309.1,27
8309.7,6
8309.7,14
8310.1,18
8310.5,3
8311.0,5
8312.3,37
8312.4,11
8313.2,12
8314.7,33
8315.6,36
8315.8,25
8316.8,24
8317.0,6
8317.0,10
8317.2,32
8317.3,29
8317.4,28
8317.5,15
8317.8,38
8318.5,9
8319.4,23
8320.6,22
8320.6,35
8320.7,12
8321.1,16
8321.4,26
8321.6,31
8322.4,37
8323.2,34
8323.3,13
8325.0,4
8325.1,30
8325.4,18
8327.5,12
8329.9,5
8329.9,8
8330.5,7
8330.5,21
8330.5,38
8330.6,3
8330.7,23
8331.0,9
8331.4,27
8331.5,36
8331.6,33
8331.6,25
8331.9,1
8331.9,26
8332.0,19
8332.2,16
8332.4,6
8332.4,20
8332.7,37
8332.9,17
8333.7,24
8334.2,10
8335.4,12
8336.8,32
8337.2,14
8337.6,29
8338.0,39
8339.2,31
8339.8,21
8340.4,11
8340.6,22
8340.8,36
8341.0,37
8342.2,12
8342.7,3
8343.3,15
8343.3,23
8343.8,16
8345.7,7
8346.3,6
8347.4,9
8347.4,33
8347.4,24
8347.4,26
8347.6,18
8349.9,28
8350.0,25
8350.3,36
8350.4,27
8350.7,13
8351.2,37
8351.4,10
8351.4,38
8351.5,5
8351.7,16
8351.9,32
8352.0,12
8353.8,21
8354.4,22
8356.4,35
8356.7,31
8358.3,1
8358.9,29
8359.2,24
8359.4,37
8359.5,23
8360.0,12
8360.0,18
8360.3,11
8360.3,27
8360.3,36
8360.6,17
8360.6,26
8360.8,7
8361.3,3
8362.0,20
8362.3,9
8362.8,0
8364.7,5
8365.0,32
8365.2,19
8366.0,16
8366.1,38
8366.6,25
8366.7,12
8366.7,31
8366.9,15
8367.0,33
8367.1,6
8369.7,10
8371.2,21
8371.7,29
8372.7,16
8373.1,23
8373.3,7
8373.4,26
8373.4,30
8373.8,37
8374.2,36
8374.3,1
8374.3,22
8374.8,12
8375.0,24
8375.2,27
8375.3,32
8375.5,6
8375.6,14
8375.7,3
8375.7,13
8375.9,38
8380.4,12
8381.2,18
8381.5,31
8382.4,39
8382.5,8
8382.7,33
8382.8,34
8383.1,28
8384.9,13
8385.2,16
8385.7,26
8386.1,1
8386.1,20
8386.1,23
8386.4,27
8386.6,2
8386.6,36
8386.8,12
8387.5,21
8387.6,29
8387.6,37
8388.1,3
8388.1,32
8388.3,6
8388.8,17
8389.4,7
8390.4,5
8391.5,38
8391.7,11
8392.6,24
8394.3,18
8394.7,12
8394.9,25
8396.1,30
8397.4,15
8397.6,16
8397.7,33
8397.9,36
8398.4,9
8398.9,39
8399.2,1
8399.4,31
8400.0,26
8400.3,32
8400.9,6
8401.3,37
8401.6,7
8402.3,23
8402.5,29
8402.8,12
8402.9,18
8403.2,19
8403.3,22
8403.7,14
8405.0,25
8405.4,27
8406.3,38
8406.6,21
8406.7,24
8407.2,3
8407.3,16
8407.8,26
8407.8,10
8408.4,8
8409.9,32
8410.4,9
8410.5,13
8410.8,12
8411.6,6
8412.0,31
8412.3,5
8412.3,23
8413.2,28
8413.2,36
8413.5,11
8414.6,7
8414.8,33
8415.2,37
8416.7,16
8416.7,18
8416.9,21
8419.0,3
8419.8,27
8420.3,12
8421.5,22
8421.5,29
8421.7,25
8421.7,38
8422.3,10
8422.3,24
8422.9,32
8423.1,6
8423.1,9
8423.3,23
8423.5,36
8423.7,30
8424.6,1
8424.7,15
8425.2,39
8426.2,37
8426.8,8
8426.9,12
8428.3,26
8429.8,0
8430.3,21
8430.5,16
8430.7,19
8430.9,17
8431.8,4
8431.8,7
8431.8,32
8431.9,5
8432.0,18
8432.2,14
8432.4,35
8432.9,31
8433.0,33
8433.3,9
8434.8,29
8435.0,12
8436.0,26
8436.4,23
8436.7,6
8437.4,10
8437.9,36
8438.3,27
8439.7,24
8439.8,37
8440.2,16
8440.2,20
8440.3,25
8440.4,28
8440.8,31
8441.8,7
8442.5,3
8442.5,22
8443.2,18
8443.4,9
8443.4,12
8443.4,38
8443.7,1
8444.2,21
8446.2,6
8446.3,32
8446.5,26
8447.3,15
8447.4,11
8447.7,13
8448.2,34
8448.8,23
8449.4,36
8450.1,33
8450.7,16
8451.1,8
8451.4,27
8451.6,28
8451.9,12
8452.0,37
8452.2,25
8453.2,18
8453.4,5
8453.4,29
8453.9,24
8455.5,3
8456.6,20
8456.6,0
8456.8,38
8458.1,37
8458.5,31
8458.6,36
8458.7,12
8460.4,21
8460.4,23
8460.7,26
8462.3,6
8462.7,10
8462.9,9
8463.1,39
8463.2,17
8463.4,16
8463.6,15
8464.0,32
8464.5,7
8465.0,19
8465.1,12
8466.1,25
8466.9,33
8467.9,22
8468.2,37
8469.6,4
8469.6,18
8469.8,1
8470.7,27
8472.3,38
8472.4,31
8472.8,36
8473.4,34
8473.6,16
8473.6,23
8473.7,12
8474.3,28
8474.4,21
8474.6,26
8476.5,3
8476.5,5
8476.7,24
8478.0,9
8478.3,8
8478.9,37
8479.5,6
8480.1,7
8480.3,32
8480.9,27
8480.9,31
8481.0,10
8481.7,30
8483.1,12
8483.9,18
8483.9,29
8484.8,33
8485.0,17
8485.3,13
8486.3,3
8486.3,37
8486.4,16
8487.2,19
8487.5,22
8487.6,21
8487.7,23
8488.6,36
8489.7,15
8489.7,38
8489.9,24
8490.3,27
8490.7,12
8491.7,6
8491.7,25
8492.3,1
8492.3,20
8493.1,5
8493.1,26
8493.2,11
8493.2,7
8493.5,2
8493.5,8
8493.5,31
8493.7,32
8494.0,9
8494.4,35
8495.0,14
8495.8,16
8495.9,28
8496.0,18
8496.0,21
8499.6,12
8499.9,37
8500.5,33
8501.1,29
8501.1,36
8501.5,39
8502.8,19
8502.8,23
8505.6,24
8506.0,25
8506.6,38
8507.1,7
8507.2,3
8507.3,10
8507.5,16
8507.8,32
8508.0,12
8509.1,31
8509.2,27
8509.2,21
8509.6,37
8510.8,34
8511.9,36
8512.1,29
8512.5,18
8513.4,6
8514.0,26
8514.8,12
8515.8,33
8515.9,23
8515.9,31
8516.6,15
8519.0,5
8519.9,22
8519.9,37
8520.6,38
8521.1,11
8521.2,24
8521.4,9
8521.5,30
8521.7,16
8522.1,25
8523.5,7
8523.5,8
8523.7,1
8523.7,13
8524.0,12
8524.2,27
8524.2,32
8524.4,26
8524.5,36
8524.9,21
8526.1,10
8526.2,35
8526.5,28
8526.7,31
8527.1,14
8527.3,23
8529.7,6
8530.0,37
8530.2,24
8530.5,29
8531.0,4
8531.3,3
8531.7,17
8531.9,12
8531.9,16
8531.9,38
8535.1,0
8535.1,26
8535.2,7
8535.9,9
8536.3,18
8537.1,33
8537.5,27
8537.8,36
8537.9,25
8538.8,21
8539.1,22
8539.2,12
8539.4,20
8539.4,37
8539.5,10
8539.5,39
8539.6,23
8539.9,32
8540.2,5
8540.3,1
8540.4,31
8542.5,3
8542.8,19
8543.5,16
8544.6,38
8546.7,37
8547.0,12
8548.6,2
8548.7,24
8549.0,11
8549.3,8
8549.5,26
8549.8,31
8550.3,21
8551.2,15
8552.2,6
8552.2,18
8553.1,12
8553.3,23
8553.7,13
8554.0,36
8554.5,16
8554.5,29
8554.6,0
8555.5,32
8555.5,34
8555.6,7
8556.8,14
8557.8,25
8558.0,9
8558.5,37
8559.3,33
8560.0,27
8560.5,1
8560.9,20
8560.9,38
8562.2,30
8562.7,3
8562.9,26
8563.0,12
8563.2,24
8564.0,17
8564.0,21
8564.2,10
8564.7,22
8565.0,37
8565.7,6
8566.2,36
8566.4,16
8566.4,39
8570.3,4
8570.3,25
8570.7,28
8570.8,12
8570.9,18
8570.9,23
8571.6,32
8571.7,8
8571.7,31
8572.1,7
8573.5,27
8574.7,26
8575.1,5
8575.5,38
8575.7,19
8576.0,16
8576.8,9
8576.8,24
8577.5,3
8577.9,37
8579.2,36
8580.0,33
8581.8,12
8583.1,10
8583.1,15
8583.1,23
8583.4,31
8584.5,1
8584.5,25
8585.9,7
8586.2,21
8586.4,32
8586.5,27
8587.8,37
8587.9,12
8588.6,6
8588.8,5
8588.9,16
8588.9,17
8589.2,34
8589.7,24
8590.4,11
8591.2,0
8591.6,29
8592.0,18
8593.0,26
8593.2,31
8593.3,36
8593.6,28
8593.8,38
8595.0,35
8595.3,12
8597.0,16
8597.8,9
8599.0,25
8600.2,3
8600.5,33
8601.8,6
8601.8,21
8601.9,24
8602.1,1
8602.1,23
8602.1,37
8602.3,12
8602.5,7
8602.8,26
8603.0,13
8603.0,22
8604.3,32
8605.1,16
8605.8,18
8606.8,39
8607.2,10
8608.3,8
8609.3,31
8610.9,19
8611.1,15
8612.4,12
8612.4,36
8612.5,5
8612.5,17
8612.5,29
8612.8,14
8614.2,37
8614.2,38
8614.3,9
8614.6,3
8614.6,6
8614.9,23
8615.1,20
8615.1,24
8615.2,27
8615.8,21
8615.8,26
8616.9,7
8617.3,32
8617.8,25
8618.2,22
8619.9,12
8620.1,16
8621.8,36
8622.1,33
8622.5,31
8624.2,18
8624.5,34
8624.9,12
8625.2,13
8626.0,8
8626.1,16
8626.1,24
8626.8,37
8626.9,10
8626.9,23
8627.1,1
8629.7,4
8630.4,21
8630.8,9
8631.0,28
8631.2,26
8631.6,30
8632.1,12
8632.3,32
8632.9,27
8633.1,7
8634.1,11
8634.8,25
8635.1,38
8635.2,29
8635.5,14
8635.9,37
8636.1,5
8636.2,39
8636.3,8
8636.5,3
8636.7,33
8637.2,36
8638.7,16
8640.1,18
8640.4,21
8641.0,0
8641.1,12
8641.1,32
8643.6,31
8643.9,23
8644.1,7
8644.5,26
8644.9,15
8645.4,25
8645.6,6
8646.2,24
8647.1,1
8647.5,9
8647.8,30
8647.9,37
8647.9,10
8648.8,38
8649.2,27
8649.8,12
8652.2,16
8652.4,28
8652.4,32
8653.1,13
8653.1,34
8654.2,22
8654.3,17
8654.4,36
8654.8,18
8655.0,37
8655.4,12
8656.2,33
8658.1,39
8658.2,21
8658.6,7
8658.9,8
8658.9,24
8659.3,29
8659.3,31
8659.9,9
8660.7,26
8661.1,3
8661.1,6
8661.2,20
8664.4,12
8664.5,25
8664.6,16
8665.0,38
8665.1,18
8665.1,36
8665.3,37
8665.7,23
8666.2,32
8666.5,5
8666.5,10
8666.9,1
8667.9,31
8668.0,4
8668.0,14
8668.1,34
8671.4,33
8672.8,26
8673.2,19
8674.4,12
8674.5,9
8674.6,16
8675.5,37
8675.7,6
8675.9,36
8676.0,17
8676.1,15
8676.2,35
8676.5,2
8676.8,30
8676.9,21
8677.0,24
8678.2,11
8678.6,8
8678.8,18
8678.9,1
8678.9,25
8678.9,32
8679.6,29
8679.9,14
8681.3,7
8681.3,38
8681.5,27
8681.7,23
8681.7,28
8683.0,12
8683.3,33
8684.5,16
8685.5,13
8686.3,26
8687.2,31
8687.5,3
8687.7,37
8688.7,34
8688.8,24
8689.0,36
8689.3,12
8689.6,9
8689.7,29
8690.2,17
8690.4,10
8690.7,38
8691.0,21
8691.3,6
8691.4,18
8691.8,16
8692.0,32
8693.2,22
8694.2,7
8694.8,15
8695.0,26
8695.2,23
8695.6,12
8697.2,39
8697.4,33
8698.6,37
8698.8,0
8700.4,6
8701.1,32
8701.3,31
8701.6,36
8702.3,16
8702.4,19
8702.4,21
8702.4,27
8702.7,18
8704.0,29
8704.5,11
8704.5,37
8704.9,28
8706.0,38
8706.4,23
8706.5,12
8708.0,20
8708.7,7
8708.9,25
8709.8,26
8710.1,1
8710.2,10
8710.3,3
8710.7,24
8711.0,4
8711.4,5
8711.8,8
8712.2,35
8712.3,16
8712.6,12
8712.9,15
8713.0,21
8713.4,6
8713.7,37
8714.3,31
8714.4,22
8714.8,9
8716.1,17
8716.3,36
8717.0,33
8718.8,18
8719.1,13
8719.9,26
8720.3,27
8720.5,30
8721.0,32
8721.3,12
8722.6,29
8722.7,3
8723.2,28
8724.1,38
8724.3,21
8725.0,8
8725.0,23
8725.1,0
8725.1,16
8725.3,7
8725.4,39
8726.4,37
8727.5,12
8727.9,11
8729.9,25
8730.1,10
8730.1,36
8730.6,5
8730.6,19
8730.8,14
8731.0,6
8733.1,24
8733.4,9
8733.9,34
8734.5,12
8734.7,26
8734.8,23
8735.1,15
8735.3,39
8735.4,16
8736.1,8
8736.2,31
8736.4,7
8736.6,21
8736.8,22
8737.3,32
8737.5,18
8737.5,33
8738.0,38
8739.0,36
8739.2,12
8739.4,17
8741.7,28
8744.1,27
8744.4,37
8744.5,1
8744.9,3
8745.4,24
8745.5,6
8745.5,31
8746.1,5
8746.1,10
8746.4,29
8747.3,20
8747.7,26
8747.7,32
8747.7,12
8747.9,33
8747.9,36
8748.0,25
8748.5,18
8748.7,9
8748.9,14
8748.9,21
8749.9,23
8750.7,16
8752.9,38
8753.3,24
8753.9,11
8754.8,12
8755.4,7
8755.7,37
8756.7,13
8758.6,21
8759.1,23
8759.7,6
8759.9,26
8759.9,29
8760.5,18
8760.7,12
8761.0,25
8762.0,31
8762.2,10
8762.2,16
8763.3,32
8765.6,36
8766.5,33
8766.6,38
8767.2,22
8767.6,3
8767.8,8
8767.9,4
8768.1,15
8768.1,37
8768.4,35
8768.6,24
8769.1,16
8769.3,19
8769.3,28
8769.5,27
8769.9,23
8770.4,6
8770.6,1
8770.6,12
8770.8,5
8771.0,21
8771.2,2
8771.2,7
8772.0,26
8772.4,9
8772.5,39
8772.9,17
8774.8,18
8776.5,31
8776.8,36
8777.4,12
8777.9,25
8778.8,32
8779.5,33
8779.7,23
8780.2,34
8780.4,16
8780.5,24
8781.6,20
8782.8,7
8782.8,38
8783.3,9
8783.9,37
8784.0,5
8784.0,12
8784.3,26
8784.3,36
8784.7,6
8784.8,27
8784.9,1
8785.3,28
8785.8,31
8786.3,3
8787.1,10
8787.7,21
8788.2,29
8789.3,11
8789.3,32
8789.5,15
8790.1,12
8790.1,14
8790.1,23
8790.7,24
8791.4,35
8791.6,16
8791.7,13
8791.7,25
8791.7,36
8791.8,0
8792.5,39
8792.8,18
8793.7,26
8794.6,31
8795.8,27
8796.0,33
8796.8,8
8799.1,37
8799.2,12
8800.0,16
8800.1,23
8800.2,7
8800.7,36
8800.7,38
8801.7,22
8801.8,1
8802.5,10
8803.3,9
8804.0,6
8805.9,21
8806.0,30
8806.5,19
8806.6,3
8806.6,12
8806.6,32
8807.1,34
8807.4,26
8808.5,33
8808.7,18
8808.7,29
8808.9,16
8809.0,31
8809.8,25
8810.0,17
8810.6,5
8810.9,27
8811.9,23
8812.2,24
8813.4,36
8814.0,12
8814.5,37
8815.1,7
8815.9,38
8816.1,6
8817.9,21
8817.9,16
8818.9,11
8819.7,28
8819.8,8
8820.3,10
8820.5,9
8820.6,15
8820.8,32
8820.9,26
8821.2,31
8821.7,22
8821.9,1
8822.0,18
8822.0,24
8822.2,3
8822.2,12
8823.8,23
8823.8,33
8823.9,39
8824.0,36
8824.4,7
8824.5,37
8824.7,6
8825.9,20
8826.6,27
8827.4,4
8827.5,21
8827.7,2
8829.8,13
8830.0,25
8830.4,29
8830.9,12
8831.3,38
8832.3,16
8833.0,31
8833.1,19
8833.3,14
8835.4,24
8835.9,5
8835.9,26
8836.3,10
8836.3,32
8836.7,36
8839.0,7
8840.0,12
8840.3,37
8840.4,34
8840.8,23
8841.6,21
8841.9,9
8843.8,17
8843.8,25
8845.0,16
8845.3,24
8845.8,1
8846.1,11
8846.1,18
8846.4,22
8846.6,26
8847.2,29
8847.4,12
8847.6,23
8848.1,3
8849.0,8
8849.1,21
8849.3,6
8850.0,33
8850.1,15
8850.2,36
8850.6,27
8850.8,38
8851.1,37
8851.6,32
8852.7,16
8853.6,7
8853.7,5
8854.1,31
8854.2,39
8855.1,12
8855.9,13
8857.0,10
8858.0,25
8859.2,18
8860.3,26
8860.8,24
8860.8,35
8861.9,12
8862.7,37
8862.8,15
8863.0,33
8863.2,9
8863.4,36
8864.4,1
8864.8,16
8865.1,3
8865.1,28
8865.5,6
8866.5,23
8866.6,27
8866.7,32
8867.3,7
8867.6,29
8868.2,26
8868.2,12
8868.4,18
8868.7,25
8869.0,38
8870.5,11
8870.7,17
8870.8,21
8871.5,22
8872.3,16
8873.1,9
8873.7,6
8873.8,31
8875.0,12
8875.3,4
8875.8,37
8876.2,10
8876.4,36
8876.9,23
8878.4,32
8878.7,3
8879.1,8
8880.0,33
8880.4,25
8880.6,5
8880.8,27
8881.4,24
8881.7,7
8882.3,16
8882.4,26
8883.1,15
8884.4,12
8884.7,0
8884.7,1
8885.1,31
8885.5,29
8886.2,9
8886.5,32
8886.8,6
8887.1,22
8887.1,36
8887.1,37
8887.4,23
8889.4,38
8890.5,13
8890.9,12
8891.3,18
8891.6,21
8891.8,34
8892.8,10
8892.8,16
8892.8,26
8893.2,39
8893.5,33
8893.6,5
8894.1,24
8894.3,31
8894.6,8
8895.6,36
8899.9,6
8900.1,11
8900.1,23
8900.5,37
8900.7,14
8900.9,7
8900.9,25
8900.9,30
8901.5,12
8902.5,32
8902.9,16
8903.9,17
8904.1,29
8904.7,38
8905.0,26
8905.2,9
8905.5,3
8905.5,19
8905.5,27
8905.9,28
8907.4,31
8907.8,15
8908.4,21
8909.2,5
8909.5,12
8909.5,18
8909.7,23
8909.9,1
8910.6,37
8911.1,20
8911.1,36
8911.6,7
8911.8,39
8913.6,16
8914.1,33
8915.1,12
8916.1,11
8916.2,10
8916.8,34
8917.0,24
8917.9,6
8918.0,32
8918.2,27
8919.2,25
8919.8,23
8920.2,22
8920.2,26
8920.5,31
8920.6,35
8921.4,2
8922.1,36
8923.0,18
8923.2,37
8923.5,12
8923.7,16
8923.9,38
8924.2,33
8925.1,9
8925.1,30
8925.3,8
8925.3,29
8925.6,21
8927.4,19
8928.6,31
8929.2,7
8929.2,17
8930.4,24
8932.5,38
8932.8,23
8932.9,32
8933.2,3
8933.3,10
8933.5,16
8933.5,28
8933.6,12
8934.6,6
8934.6,18
8934.6,21
8934.8,7
8935.6,26
8935.9,13
8935.9,31
8936.0,20
8937.2,36
8937.9,5
8938.0,33
8938.4,37
8939.2,29
8940.1,12
8942.9,9
8943.2,0
8943.7,6
8944.0,38
8944.1,25
8944.2,1
8944.6,23
8944.7,16
8944.7,26
8944.8,19
8945.0,14
8945.0,15
8945.3,27
8945.9,24
8946.1,22
8946.5,36
8947.3,21
8947.4,12
8948.4,39
8948.8,32
8949.4,7
8949.5,37
8950.0,5
8950.2,10
8950.6,31
8950.9,2
8951.3,18
8952.1,3
8952.4,30
8954.2,33
8955.9,23
8956.4,16
8956.6,8
8957.0,26
8957.1,12
8957.6,38
8957.8,17
8958.4,27
8958.6,29
8959.0,11
8959.2,31
8960.4,37
8961.4,13
8961.6,24
8961.8,36
8962.2,7
8963.4,12
8963.4,21
8963.9,18
8964.3,28
8964.3,32
8964.3,35
8964.4,6
8965.2,10
8965.3,9
8965.9,25
8966.9,16
8967.2,1
8967.6,26
8968.5,14
8969.4,33
8969.8,38
8970.1,19
8970.7,23
8971.1,12
8971.7,36
8974.6,5
8975.5,3
8976.5,10
8976.7,31
8977.0,37
8977.1,34
8977.5,22
8977.6,9
8977.8,6
8977.9,4
8977.9,8
8978.2,27
8978.5,7
8978.5,24
8978.5,32
8978.7,16
8978.7,18
8979.2,20
8979.3,12
8979.8,39
8980.0,13
8980.0,26
8981.3,36
8982.2,15
8985.5,23
8985.7,21
8986.0,10
8986.5,25
8986.6,12
8986.8,29
8987.4,33
8987.8,38
8989.5,37
8989.9,16
8991.0,3
8992.1,31
8992.4,26
8992.5,12
8992.7,7
8992.8,27
8993.2,6
8993.8,1
8994.5,11
8994.9,32
8995.8,36
8996.0,24
8996.2,20
8997.3,17
8997.7,16
8998.2,38
8998.5,39
8998.8,12
8999.1,14
9000.6,18
9000.7,10
9001.0,21
9004.9,12
9005.2,5
9005.4,6
9005.7,37
9005.9,9
9006.0,16
9006.0,33
9006.1,15
9006.1,29
9006.2,25
9006.6,35
9006.7,19
9006.8,31
9006.9,36
9007.4,7
9007.5,22
9008.1,23
9008.2,3
9008.4,26
9008.6,28
9008.8,32
9009.5,18
9009.9,24
9010.1,13
9012.1,12
9012.5,21
9014.5,8
9015.9,37
9016.1,36
9016.1,38
9017.9,39
9020.2,23
9020.3,7
9020.3,17
9020.6,27
9021.0,6
9021.2,16
9021.5,29
9021.7,25
9022.1,1
9023.1,26
9023.4,3
9023.4,5
9023.5,24
9023.5,30
9023.6,10
9023.6,18
9023.8,12
9023.9,33
9024.1,15
9025.4,32
9026.3,36
9026.6,31
9027.1,2
9027.3,14
9027.4,11
9027.9,20
9028.6,13
9028.7,8
9030.4,12
9031.3,24
9032.3,9
9033.3,37
9033.9,16
9034.3,33
9034.7,21
9034.9,18
9035.3,38
9036.6,23
9036.9,26
9037.8,6
9037.9,10
9038.2,3
9038.2,7
9038.7,1
9038.7,25
9039.1,12
9039.5,29
9039.6,24
9039.9,22
9040.6,31
9040.9,27
9041.2,37
9041.5,36
9041.9,0
9041.9,32
9043.8,4
9044.2,5
9044.6,16
9046.2,15
9046.5,12
9047.2,26
9047.3,28
9047.6,17
9047.8,22
9048.4,18
9049.1,34
9049.4,9
9049.5,3
9049.5,23
9049.8,8
9049.9,19
9050.0,1
9051.3,32
9052.2,21
9052.5,37
9052.9,31
9053.3,7
9054.0,6
9054.1,36
9054.2,33
9054.4,25
9054.6,16
9054.8,12
9055.6,13
9055.7,38
9056.1,10
9056.3,39
9058.7,24
9059.5,26
9060.4,27
9060.7,16
9060.9,11
9062.0,12
9063.3,14
9063.4,29
9063.5,3
9064.9,31
9065.1,33
9065.8,21
9066.3,36
9066.8,37
9066.9,23
9067.3,18
9067.6,6
9068.6,25
9068.8,7
9069.3,30
9069.4,24
9069.6,26
9069.6,32
9069.9,5
9070.0,12
9070.0,10
9070.9,1
9071.3,16
9073.0,34
9076.4,36
9076.6,15
9076.7,9
9077.7,8
9078.2,29
9078.4,33
9078.8,7
9079.2,13
9079.3,20
9079.3,22
9079.8,12
9079.8,23
9079.8,31
9079.8,38
9080.6,3
9080.7,16
9083.4,32
9084.3,2
9084.5,37
9084.6,24
9084.6,17
9084.9,26
9085.0,27
9085.7,18
9086.3,6
9087.6,1
9088.4,36
9089.7,12
9091.0,31
9091.2,39
9091.4,21
9092.0,23
9092.3,3
9092.3,10
9093.0,35
9093.5,16
9093.8,7
9094.0,22
9094.8,12
9094.8,38
9095.1,25
9095.5,15
9095.9,24
9096.5,29
9097.2,26
9098.5,37
9098.6,33
9098.8,32
9098.9,18
9099.1,9
9100.5,5
9100.6,14
9100.7,0
9100.7,16
9100.9,36
9102.1,21
9103.3,23
9103.4,12
9103.7,8
9103.9,28
9104.5,13
9104.5,30
9105.3,19
9105.7,38
9106.0,37
9106.4,22
9106.5,6
9107.0,1
9107.0,27
9109.8,24
9110.9,26
9112.2,12
9112.2,31
9112.8,7
9112.8,16
9113.0,25
9113.1,3
9113.4,20
9113.8,10
9114.1,17
9114.5,21
9114.8,36
9115.6,15
9115.7,2
9115.8,29
9116.0,34
9116.1,24
9118.2,39
9119.4,18
9119.4,32
9119.6,37
9120.1,38
9120.5,31
9120.7,12
9120.7,16
9121.0,19
9122.2,14
9122.2,23
9122.2,33
9122.3,8
9122.3,9
9122.6,26
9122.7,6
9125.0,11
9125.5,3
9125.8,27
9127.2,36
9127.8,24
9127.9,12
9128.3,22
9128.8,21
9129.5,37
9129.5,28
9130.2,16
9130.4,7
9132.5,32
9133.1,10
9133.7,29
9134.7,26
9134.8,31
9135.9,1
9135.9,17
9136.0,25
9136.3,8
9136.3,38
9136.5,6
9136.6,9
9136.6,23
9136.6,33
9137.1,18
9138.0,36
9138.2,12
9139.0,5
9140.8,16
9141.9,3
9142.5,21
9142.6,37
9143.4,32
9143.9,7
9144.1,39
9144.6,12
9145.1,13
9146.2,34
9146.7,15
9147.1,8
9147.4,25
9148.2,23
9148.8,29
9149.2,22
9149.5,31
9150.0,17
9150.0,38
9150.2,16
9150.3,24
9151.3,27
9151.4,12
9151.5,6
9152.2,26
9152.4,19
9152.4,36
9152.5,10
9152.7,18
9152.7,33
9152.9,3
9153.6,35
9154.5,37
9156.1,32
9157.8,23
9159.0,11
9159.1,7
9159.1,9
9159.7,21
9160.8,5
9160.9,34
9161.1,12
9161.2,16
9161.3,15
9161.5,13
9161.6,0
9162.7,36
9162.8,6
9163.1,31
9163.6,25
9163.8,38
9164.1,10
9164.1,24
9164.1,26
9164.6,18
9165.3,1
9166.0,30
9166.1,12
9166.2,37
9166.3,33
9167.3,39
9168.5,23
9171.1,14
9171.1,27
9171.5,16
9171.5,28
9171.5,3
9172.1,35
9174.0,29
9174.3,21
9174.9,6
9175.5,37
9175.7,7
9175.8,12
9175.8,19
9176.2,38
9176.7,36
9176.9,18
9179.5,32
9179.8,23
9180.0,13
9180.0,20
9180.1,25
9180.3,33
9180.7,5
9181.1,31
9182.8,26
9183.9,9
9184.0,4
9184.1,22
9184.3,12
9184.6,16
9185.0,24
9185.9,15
9186.2,8
9186.6,37
9187.0,27
9187.6,36
9188.1,23
9189.6,29
9190.7,21
9190.8,1
9190.9,38
9191.4,11
9191.8,3
9192.3,17
9192.9,12
9193.3,28
9193.5,31
9193.9,13
9194.1,25
9194.9,16
9195.3,6
9195.5,10
9195.9,7
9196.3,15
9197.6,5
9197.6,18
9197.7,36
9198.0,24
9198.0,33
9199.6,26
9200.9,32
9201.1,12
9203.0,37
9204.1,21
9204.3,29
9204.6,38
9205.7,23
9207.6,31
9208.1,9
9208.3,16
9208.7,27
9209.8,3
9209.9,8
9210.2,39
9210.4,22
9210.4,26
9210.4,14
9210.6,12
9210.6,36
9210.7,6
9210.8,24
9212.1,1
9212.7,35
9212.9,10
9213.6,18
9213.7,2
9213.7,13
9214.2,25
9214.2,30
9214.3,32
9214.5,33
9214.7,37
9215.2,28
9216.0,9
9217.1,7
9217.3,12
9219.4,31
9220.9,23
9221.1,19
9221.1,21
9221.3,26
9221.8,16
9222.3,17
9223.5,20
9223.7,37
9223.8,1
9223.8,38
9223.9,12
9224.0,18
9224.1,6
9224.6,27
9225.1,8
9225.4,29
9225.7,5
9225.9,15
9226.2,36
9226.8,24
9227.3,3
9227.6,35
9227.9,10
9228.2,32
9231.2,25
9231.3,16
9231.6,33
9232.0,12
9232.1,34
9232.2,9
9233.0,26
9233.5,39
9233.8,31
9234.7,6
9236.4,36
9236.4,37
9236.6,23
9237.3,7
9237.4,21
9237.7,13
9238.1,18
9238.4,11
9239.6,38
9239.8,22
9240.0,12
9241.0,29
9242.3,16
9242.3,32
9243.6,14
9244.0,1
9244.0,24
9244.1,26
9244.2,33
9244.3,17
9245.3,12
9245.4,31
9245.9,15
9245.9,27
9247.7,23
9249.4,25
9250.0,7
9250.2,36
9250.3,3
9251.5,28
9251.8,9
9251.8,20
9252.6,37
9252.7,5
9252.7,6
9252.9,21
9253.4,18
9253.9,12
9253.9,38
9254.4,26
9254.5,10
9255.4,39
9255.7,29
9255.8,23
9257.8,31
9258.7,16
9260.5,24
9261.1,12
9262.2,25
9262.5,19
9262.6,15
9263.0,32
9263.8,7
9263.9,17
9263.9,37
9264.2,1
9264.2,27
9264.3,13
9264.5,2
9264.9,4
9265.1,11
9265.2,36
9265.5,8
9265.7,33
9266.5,12
9266.5,16
9267.0,18
9267.6,14
9267.6,38
9268.6,21
9269.3,10
9269.9,26
9270.5,9
9270.6,29
9271.0,20
9271.2,6
9272.0,34
9272.4,37
9272.9,22
9273.5,31
9273.6,23
9274.4,12
9274.5,30
9276.7,36
9277.9,3
9278.3,24
9278.9,32
9279.6,18
9279.6,33
9279.7,16
9280.4,5
9280.6,7
9281.6,12
9281.8,10
9282.1,25
9282.6,37
9283.3,6
9283.6,26
9284.1,8
9284.2,31
9284.5,38
9284.6,21
9284.8,17
9284.8,28
9288.3,12
9289.0,4
9289.2,16
9289.4,15
9289.6,39
9290.1,13
9290.6,32
9290.6,36
9290.7,23
9291.1,7
9291.5,27
9291.8,29
9292.4,18
9292.6,24
9293.1,3
9293.9,33
9294.4,1
9295.2,2
9295.6,12
9295.6,9
9295.6,14
9296.3,38
9296.4,37
9296.5,26
9297.2,25
9298.4,31
9299.5,6
9299.6,5
9300.1,16
9301.2,32
9301.4,36
9302.5,10
9303.0,23
9303.6,29
9304.5,12
9304.9,22
9305.0,7
9305.0,39
9305.1,19
9305.3,11
9305.6,37
9306.2,8
9306.5,21
9307.2,27
9307.8,1
9307.9,30
9307.9,34
9308.0,26
9308.5,31
9309.5,38
9310.2,16
9310.6,32
9311.0,24
9311.6,12
9311.8,3
9311.8,23
9312.6,18
9313.8,0
9314.0,33
9314.7,25
9314.9,28
9315.2,36
9315.4,21
9316.1,13
9318.4,6
9319.0,14
9319.6,12
9320.0,17
9320.4,16
9320.9,8
9321.2,26
9321.4,7
9321.4,15
9322.4,5
9322.6,37
9323.3,1
9323.3,9
9323.6,29
9324.3,31
9325.0,24
9326.4,32
9326.5,36
9326.6,34
9326.8,3
9326.8,23
9327.5,25
9327.7,7
9327.7,18
9327.7,33
9329.0,27
9329.5,21
9330.4,38
9331.1,12
9331.8,6
9332.0,16
9333.1,10
9334.0,26
9335.0,22
9335.4,3
9335.4,32
9335.9,29
9336.3,37
9336.8,13
9337.7,12
9338.1,23
9339.6,18
9339.8,28
9340.3,24
9340.4,7
9340.8,36
9340.9,8
9341.3,1
9341.3,4
9341.7,11
9343.4,6
9343.8,21
9345.7,20
9345.8,31
9346.7,33
9347.0,10
9347.2,12
9348.3,26
9348.3,38
9348.6,3
9348.6,16
9348.7,9
9349.0,32
9349.1,25
9350.0,34
9350.8,37
9351.0,5
9351.5,27
9352.3,6
9352.4,17
9353.3,0
9353.8,15
9354.2,12
9354.3,19
9354.5,39
9355.1,31
9355.3,23
9356.9,21
9357.3,26
9357.8,29
9358.1,16
9358.1,22
9358.3,18
9358.6,36
9359.0,37
9359.3,38
9359.8,2
9359.8,7
9359.8,1
9359.8,13
9360.9,8
9362.4,24
9363.5,9
9363.5,12
9363.9,15
9364.0,33
9364.5,14
9366.0,28
9366.7,31
9367.9,32
9368.0,6
9368.8,36
9369.5,3
9370.0,37
9370.3,16
9370.5,39
9370.7,12
9371.6,26
9372.7,5
9372.7,10
9373.2,21
9373.5,25
9373.5,11
9374.6,34
9375.9,27
9376.2,7
9377.3,18
9377.9,32
9378.1,38
9378.3,35
9378.6,36
9378.8,29
9378.9,17
9378.9,23
9379.0,30
9379.1,0
9379.2,4
9379.2,22
9379.5,12
9380.0,9
9380.2,20
9380.2,33
9380.4,1
9380.4,24
9380.7,16
9380.9,37
9382.7,26
9384.4,13
9384.7,31
9385.9,3
9386.5,12
9388.1,6
9388.6,33
9389.2,25
9390.2,36
9390.7,10
9390.7,24
9391.3,23
9392.0,21
9392.1,38
9392.2,32
9393.8,16
9393.9,12
9394.1,18
9394.7,26
9395.8,29
9396.0,6
9396.1,3
9397.4,37
9397.8,31
9398.8,1
9398.8,9
9399.5,15
9400.7,5
9400.9,22
9401.2,27
9401.5,12
9401.7,7
9402.6,38
9405.0,36
9405.2,34
9405.6,11
9405.7,16
9406.5,31
9406.7,14
9406.7,19
9406.8,10
9406.8,24
9406.9,21
9406.9,33
9407.1,17
9407.2,25
9407.4,29
9407.7,32
9407.8,23
9408.1,20
9408.2,37
9408.3,3
9408.3,39
9408.9,12
9408.9,28
9410.1,6
9410.5,8
9410.6,7
9411.8,26
9415.6,4
9416.2,23
9416.4,0
9416.4,16
9416.4,36
9417.6,18
9417.6,13
9417.9,10
9418.2,38
9418.7,1
9419.2,12
9420.3,30
9420.4,33
9420.5,28
9421.2,27
9421.8,9
9422.2,26
9424.3,32
9425.0,7
9425.7,12
9425.7,24
9425.8,21
9426.3,25
9426.7,37
9426.9,31
9427.1,16
9427.9,36
9428.0,6
9429.6,15
9429.6,34
9430.9,17
9431.1,38
9431.9,18
9432.5,23
9433.5,39
9434.2,8
9434.2,19
9434.8,29
9435.0,1
9435.1,12
9435.2,10
9435.2,33
9435.4,7
9435.4,25
9435.5,22
9436.7,3
9436.8,26
9436.9,32
9437.7,13
9437.8,31
9437.9,37
9440.2,16
9441.0,27
9441.7,5
9441.7,28
9442.0,24
9442.0,4
9442.2,38
9442.4,30
9443.9,36
9445.6,23
9446.2,6
9447.4,12
9447.4,20
9447.4,21
9447.9,37
9449.5,3
9450.5,26
9450.9,14
9451.2,18
9451.9,16
9452.0,31
9453.4,12
9453.4,24
9453.5,7
9453.5,25
9454.0,29
9454.0,32
9454.0,33
9454.5,15
9454.5,38
9454.6,27
9454.8,1
9454.9,10
9455.1,9
9455.1,11
9455.1,8
9455.4,17
9455.5,19
9458.1,13
9459.1,12
9460.7,22
9460.7,34
9461.3,23
9461.3,36
9461.7,10
9462.1,31
9462.1,37
9462.2,26
9462.9,16
9469.1,32
9469.3,18
9469.8,7
9470.3,9
9470.3,12
9470.3,25
9470.5,29
9470.7,3
9470.7,27
9470.9,6
9471.7,23
9471.8,21
9471.8,38
9471.8,33
9472.4,14
9472.6,24
9472.7,5
9473.2,16
9473.6,26
9476.5,8
9476.5,37
9476.7,20
9477.8,1
9478.0,32
9478.8,36
9479.1,12
9479.2,31
9480.6,15
9480.9,16
9481.4,39
9482.1,33
9484.3,38
9485.9,7
9486.5,21
9486.6,27
9486.9,12
9487.2,3
9487.2,25
9487.5,23
9487.5,24
9487.8,13
9488.4,36
9488.5,37
9488.9,26
9489.1,29
9489.3,6
9489.3,10
9489.3,18
9490.3,4
9490.5,16
9490.8,0
9490.8,19
9490.8,28
9492.1,22
9492.4,9
9493.2,12
9493.5,32
9493.7,33
9494.9,17
9495.3,8
9495.8,38
9496.8,21
9497.2,1
9498.1,31
9498.9,12
9499.1,24
9499.5,37
9499.6,23
9499.8,5
9500.3,7
9501.7,36
9503.1,26
9504.5,3
9504.5,9
9505.0,25
9505.1,18
9505.3,27
9506.0,22
9506.4,14
9507.1,34
9507.4,10
9508.4,12
9508.8,32
9509.1,11
9509.1,20
9509.7,16
9509.8,37
9509.9,6
9510.5,39
9511.0,5
9511.3,33
9511.4,1
9511.7,29
9512.0,15
9512.4,21
9513.4,38
9515.2,25
9515.2,24
9515.8,26
9516.2,7
9516.2,23
9516.5,31
9516.5,36
9517.3,16
9518.2,12
9519.1,8
9520.1,13
9520.1,32
9521.7,18
9522.0,4
9522.0,9
9522.0,17
9522.1,3
9522.1,35
9522.3,33
9522.4,10
9523.7,37
9523.8,6
9524.0,27
9524.3,26
9525.4,1
9525.4,36
9525.9,31
9526.2,16
9527.1,12
9527.5,29
9527.6,22
9527.7,19
9527.9,38
9528.4,25
9528.9,21
9529.8,20
9531.2,2
9531.3,23
9531.6,7
9533.3,11
9533.9,12
9534.1,37
9534.5,24
9534.8,18
9535.8,34
9535.8,8
9536.8,26
9536.9,36
9538.3,39
9538.4,16
9539.2,32
9539.8,6
9540.5,28
9541.1,15
9541.5,3
9541.9,1
9541.9,9
9541.9,12
9542.0,10
9542.4,31
9542.9,35
9543.2,33
9543.7,25
9544.0,38
9544.2,13
9544.4,7
9545.0,14
9545.2,37
9545.6,36
9545.8,5
9546.2,23
9546.5,26
9546.8,30
9547.9,27
9549.0,17
9549.1,16
9549.3,6
9549.3,24
9550.3,18
9550.6,29
9551.1,12
9551.6,21
9552.7,22
9555.4,36
9555.5,1
9557.2,28
9557.7,3
9557.9,16
9557.9,32
9557.9,33
9558.0,12
9558.3,23
9558.4,5
9558.6,9
9558.6,19
9559.3,7
9560.1,37
9561.5,31
9561.9,11
9561.9,38
9562.5,34
9562.9,24
9563.9,13
9563.9,15
9564.5,6
9564.9,27
9565.1,18
9565.2,10
9565.6,12
9566.4,25
9566.6,37
9567.0,26
9567.5,17
9567.7,8
9568.2,36
9568.8,16
9569.9,7
9570.0,14
9571.9,31
9572.8,20
9574.0,32
9574.1,38
9575.0,5
9575.2,29
9575.6,26
9575.7,23
9575.8,21
9576.1,12
9576.8,1
9577.0,24
9577.0,39
9577.6,28
9577.7,22
9578.0,3
9578.2,18
9579.2,27
9579.3,16
9579.3,25
9579.8,36
9579.8,37
9580.6,9
9583.4,19
9584.5,32
9584.8,15
9585.1,6
9585.4,31
9585.6,33
9585.7,12
9585.7,18
9586.0,7
9586.5,26
9588.0,13
9588.2,8
9588.2,23
9588.4,0
9588.4,10
9588.4,27
9588.6,29
9588.8,16
9589.0,37
9590.4,38
9592.2,36
9593.6,12
9595.1,24
9595.3,1
9595.7,25
9596.5,3
9598.5,21
9599.3,28
9599.6,16
9599.6,26
9600.0,17
9600.2,37
9600.6,12
9600.6,22
9601.6,18
9602.5,32
9603.7,7
9603.7,31
9604.0,29
9605.3,5
9605.9,27
9606.0,9
9606.3,33
9606.4,36
9606.5,6
9606.8,14
9607.1,16
9607.8,23
9608.1,12
9608.5,10
9609.2,25
9609.7,8
9609.8,38
9609.8,30
9610.2,15
9610.8,4
9610.9,37
9611.1,18
9611.2,3
9611.3,24
9611.3,26
9611.3,34
9611.6,39
9612.2,1
9612.7,12
9614.3,11
9615.7,21
9615.8,7
9618.2,20
9618.7,36
9619.3,0
9619.4,32
9620.1,9
9620.8,22
9621.4,6
9621.6,16
9621.7,23
9622.0,33
9622.1,31
9622.3,34
9622.7,24
9622.7,38
9623.0,27
9623.1,7
9623.1,12
9623.4,14
9623.8,37
9624.0,19
9624.5,5
9624.6,28
9624.7,26
9625.6,3
9627.7,36
9628.4,29
9628.8,1
9629.5,12
9629.5,17
9630.0,25
9630.9,13
9631.7,32
9631.7,37
9632.1,18
9632.5,23
9632.5,10
9632.9,16
9633.4,21
9633.7,15
9633.9,39
9635.1,31
9635.5,12
9635.5,36
9635.7,22
9636.6,27
9638.6,26
9639.1,33
9639.1,38
9639.3,3
9639.4,4
9640.2,8
9641.2,35
9641.5,25
9641.5,28
9641.7,9
9642.1,5
9642.6,32
9643.2,37
9643.2,6
9643.9,16
9644.0,1
9644.1,24
9644.9,12
9645.4,21
9646.2,7
9647.1,36
9647.5,31
9648.3,17
9648.9,18
9649.1,33
9649.6,26
9650.3,16
9650.6,23
9650.9,22
9650.9,27
9651.3,12
9652.6,10
9652.7,30
9653.5,11
9653.8,29
9653.9,32
9653.9,38
9654.1,28
9654.2,37
9654.5,9
9654.7,15
9656.9,3
9657.3,31
9657.8,6
9659.7,2
9660.1,7
9660.2,21
9660.3,25
9660.7,24
9660.8,12
9660.8,36
9661.0,20
9661.1,26
9661.9,1
9661.9,18
9662.9,23
9663.3,13
9663.6,27
9664.3,16
9666.0,33
9666.4,19
9666.7,8
9667.0,32
9667.2,12
9667.3,37
9669.5,38
9669.8,3
9670.0,29
9670.4,6
9671.5,5
9672.3,24
9672.5,4
9672.5,15
9672.9,21
9673.2,10
9673.4,22
9673.8,26
9674.0,23
9674.1,25
9674.2,16
9674.3,7
9674.7,35
9675.1,36
9675.2,12
9675.3,18
9675.8,28
9676.1,27
9677.2,9
9677.5,31
9680.1,11
9680.9,1
9682.4,32
9682.7,33
9682.9,3
9683.0,34
9683.3,8
9683.4,6
9683.4,16
9684.2,14
9684.8,24
9684.8,29
9684.9,12
9684.9,21
9684.9,39
9685.2,26
9685.2,38
9685.5,37
9686.0,13
9686.7,0
9686.9,36
9687.7,23
9688.2,9
9691.1,22
9691.7,25
9692.0,18
9692.6,30
9693.5,15
9693.7,26
9694.0,31
9694.4,7
9695.5,27
9695.9,16
9696.3,19
9696.7,12
9696.9,3
9697.0,32
9697.4,6
9697.6,10
9697.9,17
9698.0,33
9698.0,37
9698.0,38
9700.2,28
9700.6,23
9700.8,29
9701.8,12
9702.2,18
9704.4,26
9704.6,34
9704.7,36
9705.1,31
9705.4,1
9705.4,16
9705.5,24
9706.5,25
9706.8,21
9707.1,20
9707.4,5
9708.6,0
9708.7,23
9710.7,7
9710.7,12
9711.2,33
9711.4,39
9712.7,32
9713.3,26
9713.4,8
9713.8,37
9714.8,10
9715.4,27
9716.8,36
9717.2,16
9717.3,14
9718.3,12
9718.4,22
9719.0,1
9719.1,9
9719.1,13
9719.1,18
9719.4,38
9719.6,6
9719.7,3
9719.9,15
9720.0,31
9720.3,19
9720.8,30
9721.3,28
9722.0,7
9722.2,24
9722.2,36
9724.4,37
9724.5,29
9724.6,21
9726.3,32
9727.0,25
9727.5,12
9727.9,26
9728.4,27
9730.0,16
9730.0,23
9730.1,7
9730.1,38
9730.9,17
9733.9,10
9734.3,6
9734.5,8
9734.5,33
9734.6,37
9736.1,31
9738.0,14
9738.1,39
9738.4,9
9738.4,25
9738.4,26
9738.4,34
9739.2,36
9739.4,29
9739.5,12
9739.6,32
9739.8,16
9740.0,5
9740.0,18
9740.2,3
9740.2,7
9740.2,20
9740.8,24
9741.4,21
9741.4,22
9741.6,23
9741.8,31
9743.1,1
9743.5,13
9745.2,15
9745.5,12
9746.1,37
9747.2,27
9748.1,33
9748.7,4
9748.8,36
9749.2,38
9749.8,32
9750.3,10
9751.0,16
9751.1,6
9751.1,7
9751.5,12
9751.8,26
9752.4,23
9752.7,25
9753.5,9
9755.4,31
9755.8,28
9756.1,29
9758.3,6
9758.3,24
9758.9,32
9759.0,17
9759.0,37
9760.5,5
9760.5,18
9762.0,38
9762.2,36
9762.9,23
9763.4,33
9763.7,12
9764.4,8
9764.6,2
9765.2,16
9765.2,3
9765.4,21
9765.4,26
9766.7,39
9767.6,7
9768.2,27
9768.6,11
9769.7,22
9770.6,12
9770.6,15
9770.6,37
9772.6,32
9772.7,31
9773.1,20
9773.5,24
9773.5,29
9774.4,1
9774.4,25
9774.5,6
9774.5,13
9774.7,36
9775.2,38
9775.3,21
9777.1,33
9777.8,12
9777.8,23
9778.2,18
9778.3,9
9778.8,10
9778.9,7
9779.8,16
9782.2,26
9783.6,0
9783.6,34
9784.1,6
9784.2,29
9784.3,12
9784.3,32
9784.3,37
9784.9,27
9784.9,8
9784.9,17
9785.3,3
9786.9,21
9787.1,5
9787.6,31
9790.4,12
9791.4,36
9791.9,15
9792.0,18
9792.4,28
9792.5,23
9792.6,16
9792.8,25
9793.1,24
9793.3,7
9794.1,13
9798.0,9
9798.3,38
9798.6,12
9798.7,37
9799.1,32
9799.3,14
9800.0,36
9800.1,1
9800.2,3
9800.2,31
9800.3,21
9800.7,17
9800.9,26
9801.0,29
9801.1,33
9801.5,6
9801.6,16
9801.9,8
9802.0,30
9802.6,18
9802.6,24
9805.3,7
9805.9,10
9806.1,12
9806.2,23
9808.2,16
9808.6,5
9809.3,19
9809.6,26
9810.7,37
9810.8,25
9811.9,27
9812.0,1
9812.2,12
9812.5,32
9812.6,21
9812.6,33
9814.6,7
9816.2,38
9816.3,4
9816.4,34
9816.7,18
9816.9,20
9816.9,31
9817.9,36
9817.9,9
9818.4,12
9818.6,3
9818.7,16
9818.7,29
9819.6,13
9821.7,8
9821.7,24
9822.0,10
9822.3,6
9822.3,15
9823.2,23
9823.5,26
9824.1,37
9825.2,27
9825.5,11
9825.6,28
9825.7,17
9825.9,36
9826.2,12
9826.3,25
9827.0,14
9827.4,21
9827.7,18
9828.0,35
9828.6,7
9829.3,16
9831.4,1
9831.6,38
9832.4,32
9832.4,33
9832.7,26
9833.7,0
9834.0,3
9834.0,5
9834.0,31
9834.0,37
9834.1,10
9834.1,12
9835.0,24
9835.2,13
9835.6,9
9836.1,2
9836.1,18
9836.4,23
9838.8,36
9842.1,7
9842.2,6
9842.3,12
9842.8,16
9842.9,8
9843.3,22
9843.8,27
9844.4,21
9845.2,26
9845.5,38
9845.8,31
9846.4,25
9847.1,4
9847.4,23
9847.4,39
9848.0,32
9848.2,37
9848.5,34
9848.8,10
9849.1,24
9849.1,29
9849.4,12
9849.5,18
9850.8,33
9851.0,6
9851.6,3
9852.0,36
9853.4,16
9853.8,15
9854.7,26
9854.9,5
9855.5,27
9856.9,20
9857.1,12
9857.5,38
9858.6,23
9858.9,9
9860.1,37
9861.4,21
9861.8,32
9862.1,19
9862.3,10
9862.7,11
9862.8,7
9862.8,18
9863.1,17
9863.1,24
9863.2,16
9863.6,31
9863.8,12
9864.0,33
9864.1,25
9864.3,13
9864.4,3
9864.4,26
9864.4,28
9865.0,0
9865.3,36
9865.6,1
9865.8,29
9869.0,23
9870.1,12
9870.5,6
9872.7,26
9873.5,16
9873.7,5
9873.8,8
9874.4,34
9875.4,21
9875.4,27
9875.8,14
9876.4,33
9876.9,36
9877.0,12
9877.0,22
9877.3,38
9877.4,23
9877.5,10
9877.5,31
9877.5,32
9877.5,37
9878.4,7
9879.4,18
9879.5,9
9882.1,3
9884.0,6
9884.9,26
9885.2,25
9885.3,12
9885.4,24
9885.9,19
9885.9,20
9886.1,4
9886.3,37
9886.6,39
9886.7,13
9887.1,16
9887.2,29
9888.1,1
9889.6,11
9890.2,21
9890.2,32
9890.5,23
9890.8,38
9891.2,0
9891.2,31
9891.3,27
9892.6,7
9892.8,36
9893.2,12
9893.4,18
9894.6,10
9894.7,33
9895.4,16
9896.1,15
9897.8,3
9898.1,37
9899.0,5
9899.6,24
9899.8,34
9900.0,6
9900.1,12
9900.2,28
9900.6,9
9900.7,14
9901.8,17
9902.0,26
9902.1,16
9902.3,8
9902.9,25
9903.1,21
9903.2,31
9903.3,30
9903.5,23
9904.6,7
9906.3,36
9907.3,12
9907.6,22
9908.2,1
9908.5,16
9908.5,35
9908.6,38
9908.8,32
9909.2,33
9910.3,10
9910.3,18
9910.7,28
9911.2,29
9911.3,39
9911.5,6
9911.6,20
9912.9,11
9912.9,37
9913.0,12
9913.1,27
9913.8,7
9914.9,17
9915.0,31
9916.2,33
9917.2,9
9917.4,36
9917.8,26
9918.4,16
9918.8,4
9918.8,32
9919.1,5
9919.1,30
9919.4,12
9919.9,13
9920.2,21
9920.2,23
9920.8,19
9921.5,18
9921.8,1
9922.6,24
9923.0,15
9923.0,6
9923.0,25
9923.4,0
9925.8,37
9926.5,16
9927.0,10
9927.6,12
9927.6,14
9928.6,7
9929.3,3
9931.1,9
9932.9,11
9932.9,29
9932.9,33
9933.0,31
9933.2,36
9933.5,6
9934.0,38
9934.1,26
9934.9,12
9935.0,21
9935.0,27
9935.1,37
9935.5,8
9935.7,22
9935.7,23
9935.7,28
9936.0,1
9937.5,3
9938.7,25
9938.7,32
9939.6,24
9940.2,16
9940.3,12
9940.5,5
9940.7,7
9942.0,18
9943.8,10
9944.2,36
9945.0,20
9945.4,29
9945.9,39
9946.4,26
9946.7,31
9946.7,27
9948.4,23
9949.2,12
9949.2,37
9949.4,38
9949.7,17
9950.3,16
9950.8,9
9951.1,3
9951.1,21
9951.1,33
9951.9,6
9952.2,14
9952.6,1
9952.9,22
9953.1,11
9953.7,13
9954.2,24
9954.4,7
9955.1,35
9956.2,29
9956.3,12
9956.6,18
9957.4,15
9957.6,36
9958.1,16
9959.5,25
9960.4,2
9960.4,19
9961.5,5
9961.5,32
9961.8,26
9961.8,34
9961.8,37
9961.9,4
9962.5,8
9962.5,31
9962.7,23
9962.9,27
9963.3,30
9964.5,6
9964.9,7
9965.0,9
9965.1,12
9965.5,21
9965.5,38
9966.3,33
9969.9,15
9969.9,20
9971.1,10
9971.4,16
9971.7,12
9971.7,18
9972.7,29
9972.9,24
9973.2,3
9974.1,22
9974.1,28
9974.5,32
9974.5,37
9974.7,21
9974.7,26
9974.9,13
9974.9,36
9975.0,14
9975.0,38
9975.6,7
9975.8,31
9976.9,19
9977.6,23
9977.8,16
9980.1,6
9980.1,25
9980.1,8
9980.9,12
9980.9,33
9982.3,9
9982.8,1
9983.1,26
9983.5,37
9985.5,27
9985.7,36
9985.9,0
9987.2,32
9987.3,18
9987.5,10
9987.6,16
9987.6,34
9987.6,39
9988.2,31
9988.4,12
9988.6,23
9988.7,20
9988.8,25
9988.9,5
9989.5,24
9993.2,7
9993.4,22
9993.5,3
9993.7,17
9993.8,38
9994.0,26
9995.0,36
9995.3,29
9995.5,6
9995.7,37
9996.1,21
9996.2,4
9996.5,13
9997.3,23
9997.3,33
9997.7,14
9999.5,12
