11.7,34
12.3,37
12.4,16
12.5,25
12.5,39
12.6,21
12.6,29
12.7,26
12.8,8
12.8,9
12.9,18
13.0,6
13.1,31
13.2,2
13.3,13
13.4,36
13.7,0
13.8,24
14.0,1
14.0,22
14.3,5
14.6,33
14.9,7
14.9,17
14.9,23
15.1,30
16.5,20
17.7,27
18.1,28
18.4,32
19.8,4
21.7,12
22.4,35
23.3,14
23.5,15
24.6,3
24.6,20
24.7,33
25.3,1
26.0,16
26.2,22
26.5,25
27.1,29
27.2,39
27.7,31
28.2,17
28.2,30
28.6,13
28.6,7
29.0,6
29.8,27
30.3,20
30.6,2
30.8,32
30.9,21
32.3,12
34.5,25
35.7,8
35.8,24
36.0,23
38.3,20
39.0,35
39.5,1
39.5,37
40.0,4
40.3,7
40.3,15
40.4,31
41.1,27
41.2,17
41.3,34
42.1,29
43.5,12
44.0,30
44.3,6
44.4,26
44.9,13
45.4,10
45.6,14
46.3,33
47.1,1
47.4,21
47.6,25
47.6,16
47.9,20
47.9,32
48.0,23
48.1,0
48.3,28
49.3,5
49.5,3
49.6,39
50.2,27
51.0,17
52.4,9
53.5,35
54.0,2
54.9,8
54.9,12
54.9,22
54.9,29
55.3,31
55.9,13
57.3,20
57.6,25
58.3,30
59.8,14
60.0,3
60.0,32
60.2,1
61.4,23
61.5,33
61.6,6
63.0,7
64.5,31
65.3,34
65.4,16
65.5,17
65.7,1
65.7,37
66.1,38
67.4,15
68.3,4
68.4,20
68.4,32
68.7,10
68.9,29
69.1,12
69.1,24
69.3,27
69.3,28
70.1,25
70.4,21
73.5,13
73.5,33
75.7,35
76.0,20
76.2,7
77.0,16
77.3,26
77.7,39
78.2,12
79.2,17
80.8,25
80.8,1
81.2,31
81.6,27
82.1,32
82.6,29
82.7,6
82.7,23
82.8,30
83.0,22
83.2,3
84.1,20
84.6,4
84.9,13
85.5,8
88.6,33
89.2,14
89.8,16
90.0,0
90.2,34
91.4,12
91.6,37
91.7,1
92.6,29
92.9,21
92.9,27
93.5,20
93.6,15
94.1,5
94.3,25
94.3,35
94.6,17
94.7,28
95.2,7
95.2,31
95.3,13
95.3,24
95.7,32
98.6,9
98.7,22
98.8,10
99.4,2
101.0,23
101.2,14
103.0,1
103.0,30
103.6,16
103.7,33
104.2,6
104.3,26
105.3,20
105.6,39
105.7,25
106.4,4
106.4,17
107.4,13
107.6,29
107.8,27
109.9,31
110.6,8
110.7,1
111.0,23
111.3,34
112.9,7
113.1,12
113.6,35
114.3,13
114.5,3
114.5,30
114.5,38
115.8,20
115.8,33
116.0,16
116.7,32
117.3,21
118.3,25
118.3,29
118.7,11
118.7,15
118.8,28
119.0,10
119.1,5
119.5,37
119.9,27
121.4,6
123.9,1
124.1,7
125.4,17
126.6,29
126.8,25
127.4,39
127.8,20
127.9,12
128.5,27
128.7,16
128.8,8
128.9,35
129.3,22
129.4,30
129.5,31
130.0,13
130.2,4
130.6,32
131.5,33
133.5,34
135.0,12
135.1,29
135.2,1
135.3,17
135.5,20
135.7,6
136.2,7
136.2,15
136.3,27
139.3,5
139.5,24
140.2,26
140.7,25
141.0,13
141.2,23
142.3,31
142.5,20
143.8,7
144.9,16
144.9,21
146.0,33
146.4,6
146.4,35
146.4,37
146.5,30
146.6,3
146.6,27
146.8,1
146.8,10
147.2,14
147.6,17
148.6,32
149.0,29
149.6,28
151.3,12
151.8,39
151.9,4
152.4,20
153.7,13
154.8,11
154.8,25
155.2,31
155.7,2
156.0,1
156.0,30
156.6,16
158.0,23
158.3,21
159.9,3
160.3,17
160.3,20
161.0,35
161.2,27
161.7,29
162.2,0
162.3,8
162.4,22
163.2,25
163.5,7
163.5,13
163.7,5
163.9,15
163.9,28
164.1,12
164.1,16
164.9,24
165.0,33
166.6,32
169.6,1
171.2,10
171.5,39
171.6,20
171.7,31
172.4,34
172.5,29
172.5,30
173.2,4
173.3,6
173.6,12
173.7,14
173.8,25
174.4,8
174.5,2
175.6,13
175.6,27
176.2,17
177.1,16
177.2,37
177.4,3
177.4,33
178.3,26
179.4,35
181.7,32
182.7,1
182.8,20
183.0,23
183.2,31
183.5,25
184.3,28
184.5,21
184.6,7
185.2,33
185.8,13
186.1,17
187.5,29
187.9,15
188.9,12
189.0,27
189.5,8
189.9,0
190.9,16
191.0,5
191.4,20
191.9,35
192.0,39
192.2,6
193.5,1
193.6,22
194.3,4
194.5,30
195.6,32
197.6,25
197.7,7
197.9,27
198.6,31
199.8,34
200.8,21
200.9,13
201.1,12
201.2,17
201.8,14
202.0,29
202.5,1
202.8,23
204.7,20
205.5,22
205.9,16
206.2,39
206.4,33
206.5,3
206.7,32
207.7,35
208.1,28
208.4,9
208.4,11
209.0,25
209.4,15
209.5,37
209.6,38
210.3,20
211.1,30
212.8,29
213.7,12
213.7,13
214.8,6
214.8,31
214.9,1
214.9,27
215.4,10
216.1,34
216.4,17
216.9,21
217.6,4
217.6,20
218.1,2
218.3,0
218.4,7
220.8,23
221.1,35
223.5,25
224.1,32
225.7,12
225.8,39
226.3,20
226.3,30
226.4,29
226.5,1
226.7,16
227.3,33
227.4,3
227.4,8
227.6,13
227.7,27
228.1,31
228.2,17
228.4,5
229.7,34
232.3,22
233.6,24
234.6,20
234.7,15
234.8,26
236.2,21
236.3,25
236.6,7
237.2,4
238.3,29
238.4,1
238.4,32
238.8,6
239.6,13
240.2,27
240.4,12
240.6,31
241.9,23
243.9,28
244.0,17
244.4,20
244.5,25
244.8,35
244.9,33
245.7,39
246.3,37
246.7,14
246.7,30
247.4,0
247.7,16
248.1,38
248.5,29
248.7,1
248.9,3
249.7,7
249.7,34
250.1,32
251.6,13
251.8,24
252.0,9
252.1,27
252.8,8
253.3,20
253.4,33
253.7,17
254.1,15
254.9,6
255.3,21
255.7,31
256.1,1
256.3,12
257.6,25
257.9,29
260.6,4
262.8,2
263.0,30
263.0,32
263.8,16
263.9,13
264.4,23
264.6,35
265.4,26
265.9,22
266.1,20
266.1,27
266.3,12
267.6,29
267.8,10
268.5,33
268.8,17
269.9,39
271.3,25
271.6,1
271.9,3
272.1,14
272.2,31
272.7,8
273.4,5
273.6,6
274.1,13
274.1,21
274.7,27
275.0,30
275.6,20
275.7,28
276.3,7
276.6,22
276.7,34
277.6,37
278.0,16
278.6,15
278.7,32
279.0,29
279.9,25
281.6,4
286.3,31
287.0,6
287.2,1
287.2,7
287.2,20
287.3,27
287.6,13
287.7,35
288.4,12
288.7,23
289.1,21
290.2,29
290.5,33
290.7,8
290.8,30
291.1,16
291.2,3
291.9,17
292.0,24
292.3,32
292.6,25
292.8,1
294.0,27
294.4,4
295.1,20
295.6,14
295.7,28
295.8,15
297.2,13
297.9,29
298.1,33
298.1,37
298.9,22
299.3,6
299.6,39
300.3,31
300.9,0
301.4,1
302.1,3
302.2,7
303.2,30
303.7,16
305.4,20
306.5,12
306.9,17
308.2,27
308.5,35
309.0,25
309.7,11
310.0,29
310.7,32
311.0,34
311.0,1
311.3,4
311.5,21
311.9,33
312.0,6
312.2,37
312.4,13
314.1,20
315.9,2
315.9,31
316.0,16
316.8,8
317.2,29
317.2,30
317.9,39
318.8,12
319.0,7
319.2,20
319.3,17
320.1,27
321.3,13
322.0,23
322.5,25
322.9,5
323.7,32
324.0,15
324.1,1
324.2,33
324.5,35
324.6,6
325.3,28
325.5,26
328.0,22
328.3,10
329.1,21
329.1,29
329.4,17
329.8,14
329.9,20
330.0,31
330.3,24
331.1,34
331.7,1
331.8,0
332.2,27
333.2,33
333.5,4
335.0,13
336.2,7
337.6,9
337.6,16
337.6,20
337.8,17
338.4,25
338.6,23
338.7,26
339.2,29
340.4,30
340.4,32
342.3,6
342.4,22
342.9,15
343.1,35
343.2,31
344.8,27
344.8,37
345.2,39
345.3,4
345.3,21
345.8,12
345.9,20
346.0,34
346.1,33
346.2,1
347.2,13
347.2,29
347.3,2
347.3,28
347.9,7
348.0,32
348.1,10
348.4,38
352.3,23
352.7,16
354.5,17
354.9,6
354.9,25
355.5,5
356.0,3
356.0,8
357.8,32
358.1,29
358.4,20
359.3,30
359.7,27
360.9,31
362.3,33
362.4,21
362.8,1
362.9,12
363.4,0
364.8,37
364.9,20
365.6,13
365.8,30
366.0,7
367.0,11
367.1,16
367.1,29
367.4,17
369.4,35
369.6,25
369.8,33
370.0,6
370.2,15
370.4,14
371.2,27
371.5,22
371.9,4
372.3,23
373.1,39
373.2,26
373.2,28
373.3,24
373.4,3
374.2,1
375.6,38
376.1,12
376.4,32
376.8,31
377.1,20
377.1,29
378.0,34
378.9,30
379.1,7
380.1,16
380.4,13
382.2,5
384.5,21
384.6,8
385.0,25
386.4,27
386.7,29
386.8,1
386.8,3
386.9,15
387.2,6
387.3,28
387.7,17
387.9,33
388.1,10
388.7,12
389.1,20
393.3,32
393.5,7
393.6,31
394.0,1
395.5,29
395.9,0
396.1,13
396.3,16
397.2,37
397.3,25
398.0,27
398.4,34
398.4,35
399.2,4
399.6,23
399.7,15
399.7,28
399.7,39
399.9,17
400.8,20
400.9,6
401.3,21
403.1,29
403.4,22
403.7,8
403.8,33
403.9,24
404.6,14
404.8,30
405.1,1
405.4,16
407.3,12
407.6,13
408.8,20
409.2,32
409.3,25
409.5,3
409.5,31
414.6,5
416.3,7
416.5,29
416.8,1
417.2,26
417.7,4
417.7,20
417.7,33
417.9,17
418.1,27
418.5,32
419.6,16
419.7,30
419.8,11
420.1,9
420.8,2
421.3,6
421.5,23
424.0,13
424.6,28
424.7,8
424.8,15
424.9,10
425.0,34
425.1,3
425.1,25
425.2,21
425.9,35
426.2,39
427.5,0
427.8,37
428.1,31
428.5,1
428.7,12
429.1,29
429.2,20
429.4,32
429.8,17
430.6,27
430.6,33
432.6,7
432.8,16
434.8,23
435.4,30
435.6,24
435.6,25
435.8,6
436.8,20
437.0,32
437.6,29
438.5,13
438.6,31
440.0,33
440.7,39
441.4,37
442.2,4
442.3,12
442.4,27
442.7,8
442.9,25
443.5,28
443.9,20
445.0,1
445.7,34
446.4,2
446.4,17
446.6,3
447.6,16
447.6,29
447.7,15
447.9,35
448.2,7
450.7,30
451.6,21
452.0,32
452.0,34
452.2,20
452.8,0
453.4,27
453.5,13
453.5,6
453.9,31
454.1,12
454.3,22
455.0,5
456.0,29
456.3,25
456.4,14
457.5,4
457.8,17
457.8,23
457.9,24
457.9,33
460.1,1
460.8,20
462.8,7
463.4,28
463.5,11
463.6,16
463.8,10
464.0,27
464.6,13
464.6,37
464.8,9
464.8,35
465.0,38
465.1,25
465.6,21
466.0,12
466.2,32
466.8,6
468.0,30
468.1,17
468.6,33
469.0,29
469.4,31
470.8,34
471.2,20
471.5,22
473.3,1
473.4,13
473.9,39
474.5,21
474.7,7
475.7,15
478.0,29
478.4,32
478.8,3
478.8,25
479.3,6
479.5,0
479.5,17
479.9,16
479.9,27
480.8,33
481.7,8
482.7,35
483.3,12
483.5,21
483.7,20
483.9,31
484.0,4
484.4,5
485.3,23
487.2,25
488.4,1
488.8,30
490.0,29
490.9,17
491.2,13
492.5,28
493.2,7
493.5,39
494.8,32
495.0,15
495.3,31
495.4,2
495.8,33
496.1,22
496.4,14
497.2,24
498.4,27
498.7,12
498.7,20
499.6,6
499.6,29
499.7,16
500.7,17
500.8,0
500.8,25
501.4,1
501.5,37
502.2,35
502.7,34
503.2,4
504.7,13
505.0,23
505.4,21
505.6,7
505.6,26
506.3,20
506.7,5
506.7,27
507.0,8
507.8,32
508.0,30
509.5,31
510.4,38
511.2,33
511.2,28
511.4,15
511.7,1
512.5,17
513.0,29
513.1,25
513.6,39
514.5,3
514.6,0
514.6,13
516.6,12
516.9,20
517.0,34
517.7,21
518.2,27
519.6,4
521.1,16
522.4,24
522.7,1
522.9,37
523.0,6
523.1,8
523.1,33
524.3,32
524.9,22
525.5,31
526.0,13
526.3,20
526.9,25
528.4,7
529.8,26
529.8,29
529.8,30
530.1,17
530.5,12
530.5,33
531.1,15
531.6,28
531.8,23
533.3,16
534.3,35
536.1,27
536.7,6
537.1,4
537.6,20
538.0,0
538.1,1
538.6,21
538.8,3
538.8,25
538.9,13
539.0,8
539.7,2
540.3,31
541.1,32
542.1,17
542.2,23
542.6,33
543.2,14
543.3,37
543.4,29
543.6,39
544.6,30
544.7,22
546.4,27
547.3,7
549.1,10
549.5,20
549.5,28
549.7,16
550.0,1
550.0,25
551.0,12
551.5,6
552.8,35
553.0,30
553.2,17
553.8,13
553.9,5
554.0,29
554.5,21
554.5,27
554.7,24
555.6,31
555.6,34
555.6,32
558.7,25
559.8,33
560.2,1
560.6,15
561.5,8
561.9,4
562.9,16
562.9,20
563.6,12
563.8,23
564.2,39
564.4,3
564.4,22
565.2,32
565.3,17
565.4,34
565.6,14
566.3,7
566.9,28
567.1,33
568.1,27
568.6,21
568.9,25
570.9,13
571.1,30
571.5,29
571.8,1
574.0,20
574.1,31
574.1,37
576.2,35
577.1,38
577.4,6
577.9,26
578.8,0
579.0,12
579.1,33
579.6,5
579.8,4
579.8,16
579.9,23
581.6,17
581.7,3
582.0,25
582.2,30
582.4,29
583.8,1
584.0,32
584.2,22
584.4,10
584.4,20
584.4,21
584.6,27
584.6,9
584.6,13
584.8,8
585.3,28
585.5,6
585.9,7
586.4,31
586.8,14
587.3,15
590.6,20
590.7,24
591.2,12
591.3,1
591.3,16
593.4,33
596.1,13
596.5,17
596.6,25
596.6,30
596.6,39
598.6,35
599.0,23
599.0,26
599.3,6
599.4,14
599.8,27
599.8,34
600.9,32
602.8,29
602.9,20
602.9,21
603.8,28
604.1,2
604.2,37
604.3,1
604.6,33
604.7,12
604.8,31
605.4,7
605.5,16
605.9,8
606.6,13
606.7,4
607.3,25
607.8,20
610.6,10
611.5,17
611.8,39
611.9,27
612.0,0
612.0,35
612.2,15
612.4,23
613.1,22
613.1,32
613.8,29
614.3,24
614.6,6
614.7,30
615.4,16
615.7,5
616.8,4
616.8,33
617.3,25
617.5,1
617.6,20
621.4,7
621.9,27
622.0,12
622.8,35
622.9,14
623.1,13
623.3,28
623.4,31
623.6,30
623.7,3
623.7,20
623.9,19
623.9,21
624.0,17
624.2,6
624.5,34
624.7,32
626.1,29
627.7,1
628.6,39
629.1,8
629.2,16
630.1,33
630.6,23
630.8,25
630.9,0
631.7,11
632.3,7
632.5,27
632.5,32
632.5,37
632.6,20
633.0,15
633.4,4
633.4,28
633.7,12
633.9,6
634.0,3
634.4,24
635.5,31
636.7,26
636.8,13
637.9,35
638.9,21
639.3,17
639.5,14
639.8,8
639.9,1
640.2,34
640.9,33
642.0,30
642.3,16
644.2,20
644.2,29
644.4,25
644.5,27
646.4,39
646.6,31
646.9,12
649.2,2
650.7,16
651.8,22
651.9,6
652.0,5
652.1,4
652.1,17
652.5,35
652.8,38
652.9,7
653.4,32
653.7,1
653.8,28
653.8,30
653.8,33
653.9,29
654.0,13
654.7,20
655.7,3
656.0,23
656.7,27
659.0,25
659.2,15
660.0,21
661.9,20
662.0,31
663.1,12
663.1,17
663.7,29
664.0,0
664.4,32
664.8,13
664.9,1
665.2,6
665.7,34
666.1,37
667.2,2
667.6,39
668.2,23
668.6,7
668.6,22
668.7,21
669.0,27
669.2,30
669.7,8
671.0,25
671.1,15
671.5,4
672.1,17
672.3,16
672.4,1
673.9,3
674.1,20
674.4,33
674.7,29
675.6,9
675.6,28
675.6,35
676.1,26
677.0,13
677.1,31
677.3,11
677.5,12
677.8,32
679.8,24
680.8,20
681.0,6
682.2,14
684.3,7
685.0,33
685.1,29
685.3,38
686.0,21
686.0,25
686.2,32
686.5,1
687.9,17
688.3,10
689.1,12
689.4,23
690.2,22
690.5,27
691.7,31
692.1,30
692.1,39
692.8,37
693.0,16
693.1,6
693.1,34
693.9,20
693.9,28
694.2,29
694.4,35
694.8,32
695.4,33
695.5,4
695.8,25
695.9,13
696.4,1
696.5,23
697.1,15
697.2,21
697.7,12
698.3,27
700.3,5
701.9,3
703.1,16
703.8,17
703.9,20
704.7,7
704.7,14
704.7,38
705.2,23
705.2,33
705.3,8
705.8,25
706.2,1
709.0,32
710.2,13
710.3,30
711.3,6
711.3,12
711.3,29
711.7,22
712.0,4
712.2,31
712.8,2
713.0,15
713.2,35
713.4,20
713.8,9
714.6,27
715.3,1
716.4,21
717.5,17
717.5,39
717.6,3
718.2,24
719.1,28
719.5,0
721.7,30
721.8,20
722.0,25
722.6,26
723.2,7
723.2,33
723.3,29
723.5,32
723.7,16
724.2,12
724.8,37
725.1,31
725.1,34
725.3,13
726.6,14
727.9,35
728.7,27
729.6,22
730.0,25
730.2,20
730.4,6
730.9,21
731.3,8
731.3,23
731.4,3
732.1,29
732.3,7
732.4,1
732.8,16
733.9,15
734.0,33
734.1,39
734.2,17
735.3,4
737.4,19
737.6,20
737.8,31
738.6,12
740.5,10
741.7,30
741.8,32
742.2,28
742.5,29
742.6,38
743.4,0
743.4,2
743.4,27
743.6,1
743.9,21
743.9,37
745.2,34
745.3,25
745.5,26
747.7,35
747.8,22
748.4,6
748.5,13
748.7,33
749.0,16
749.0,20
749.2,7
749.2,24
750.0,5
751.1,17
751.2,31
751.8,29
752.7,23
753.8,1
754.8,28
755.5,32
756.1,15
756.4,25
756.4,30
756.7,12
757.4,27
758.5,4
758.7,39
759.0,33
759.9,14
760.7,20
762.0,3
762.5,37
762.8,16
762.8,29
763.4,5
763.5,1
763.5,13
763.6,21
763.7,35
764.0,24
764.3,8
766.3,25
766.3,31
768.8,12
769.5,7
769.9,20
770.2,6
770.4,2
770.9,33
771.1,17
771.5,23
771.6,0
771.6,27
772.1,29
772.1,30
773.0,15
773.1,13
773.1,32
775.0,10
776.5,16
778.7,1
779.0,31
779.5,37
779.6,20
780.1,5
780.1,9
780.1,25
780.3,35
781.2,12
781.3,28
781.4,22
781.8,4
781.9,21
782.0,7
782.7,27
782.8,6
783.1,17
784.0,26
784.0,29
784.1,33
784.9,34
785.3,39
786.9,1
787.1,3
787.2,13
788.0,32
788.3,8
788.4,30
789.6,20
791.1,14
791.5,38
791.7,25
793.0,23
793.1,17
796.4,12
797.2,7
797.8,27
798.6,33
798.9,1
799.3,21
799.3,39
799.4,4
799.4,32
799.5,16
799.6,20
799.9,6
800.1,29
800.1,35
800.7,22
800.8,15
801.3,28
801.5,13
801.9,30
802.1,31
802.1,34
804.2,25
806.5,37
808.7,17
809.3,12
809.7,27
809.9,33
811.5,20
811.5,30
811.8,1
813.0,5
813.7,23
814.4,16
815.4,31
815.7,0
815.7,21
815.7,29
815.9,32
816.1,13
816.3,37
816.7,15
817.0,4
817.5,6
817.7,7
818.0,25
818.7,10
819.0,39
819.2,19
819.3,8
820.3,3
820.3,17
820.4,35
820.5,20
821.0,12
821.0,33
821.2,22
822.0,34
822.3,27
823.5,14
823.9,30
825.1,29
825.7,16
826.2,1
827.3,15
828.0,6
828.8,13
829.5,21
829.5,24
829.6,31
830.0,32
830.8,20
833.3,25
833.3,28
833.9,1
833.9,9
834.1,39
834.4,23
834.5,29
834.7,7
834.7,27
836.1,35
836.2,4
836.7,2
836.9,12
836.9,17
836.9,26
837.5,13
837.5,20
838.9,30
839.7,3
840.3,0
840.7,16
841.1,31
841.6,6
841.7,33
842.5,25
844.9,22
845.2,1
846.5,29
847.2,27
849.6,20
850.0,7
850.9,0
852.0,13
852.1,31
852.4,32
852.5,23
853.0,15
853.0,38
853.3,17
853.8,16
853.9,35
854.0,4
854.0,8
854.0,37
854.9,33
855.2,24
855.3,5
855.6,1
855.6,28
855.7,12
858.3,25
858.9,29
859.3,30
859.5,6
859.8,39
860.7,27
861.7,14
862.2,20
862.5,11
863.3,9
864.9,33
865.4,17
866.6,3
866.9,21
867.7,16
868.0,1
868.0,13
870.0,29
870.1,25
870.7,23
871.0,30
871.1,27
871.3,7
871.6,22
871.6,32
872.1,8
872.1,20
872.2,12
872.2,31
874.9,10
875.2,5
875.7,6
875.7,17
876.4,1
877.8,34
878.4,35
879.2,39
879.6,26
880.1,21
880.3,16
880.7,4
880.8,31
881.1,20
881.3,25
881.3,33
883.1,0
883.1,29
883.6,13
883.6,28
884.7,32
886.3,27
886.8,1
886.8,15
887.5,23
887.8,30
888.2,6
888.7,12
889.2,20
889.4,37
889.5,7
889.5,17
889.7,24
889.7,33
890.1,14
893.6,16
894.0,13
894.1,25
894.2,29
894.3,8
899.1,7
899.5,35
899.6,2
899.7,22
899.9,32
900.3,33
900.5,20
901.0,1
901.0,21
901.3,27
901.3,34
901.7,6
902.4,30
902.5,3
903.9,12
905.3,0
905.3,17
906.3,25
906.6,29
906.8,23
906.9,15
906.9,16
907.1,4
907.4,13
907.7,28
908.2,31
908.5,39
908.8,38
909.3,6
909.3,8
909.4,20
911.4,5
912.9,21
913.1,1
913.2,24
914.2,11
914.7,10
915.0,22
915.0,33
916.2,12
916.5,17
916.7,15
916.8,29
916.9,34
917.1,14
917.5,7
917.8,27
918.5,32
919.0,25
919.0,35
919.1,30
919.3,31
921.0,20
922.2,37
924.9,1
925.0,16
925.4,26
927.3,6
927.7,4
928.6,13
929.2,12
930.0,17
930.3,23
930.9,29
931.1,3
931.1,21
932.7,9
932.7,27
932.8,20
933.1,28
933.7,25
933.9,33
934.8,8
934.9,30
935.2,1
935.5,32
935.6,14
937.7,31
939.2,35
940.1,7
940.2,0
941.1,16
942.5,37
942.7,20
943.4,6
943.6,12
943.7,13
943.8,24
943.8,34
943.9,22
944.0,15
944.3,17
944.8,4
944.8,27
944.9,38
948.1,25
948.7,26
949.2,1
949.6,29
950.5,5
951.1,31
952.0,33
952.1,11
952.2,7
952.4,3
952.5,39
952.6,20
952.9,30
953.5,12
953.8,23
953.8,28
953.9,32
954.0,21
955.5,16
955.8,25
957.4,6
958.6,29
959.2,1
959.2,34
959.3,22
960.1,4
960.1,8
960.1,13
960.3,27
961.3,15
961.3,20
962.1,17
962.4,2
963.2,5
964.1,39
964.4,30
964.6,12
964.7,35
965.7,29
966.1,33
966.2,0
966.2,10
966.4,37
966.7,31
969.4,7
969.4,25
969.8,23
971.3,13
971.4,20
971.5,1
972.0,16
972.0,21
974.1,17
974.2,27
975.2,32
975.3,28
976.1,34
976.5,33
976.7,9
977.0,24
978.3,12
978.4,6
980.0,25
980.3,1
981.0,3
981.8,4
982.2,29
982.3,20
982.4,27
982.5,8
983.1,37
984.6,35
984.9,7
984.9,39
985.2,23
985.4,30
985.7,31
986.7,14
987.8,15
987.8,16
987.9,13
989.4,12
990.1,32
990.4,17
991.6,21
992.2,33
993.1,20
994.0,25
994.2,29
994.6,3
994.6,6
995.4,27
995.7,1
996.5,38
997.7,35
998.0,5
998.3,24
998.5,22
998.8,30
999.0,0
999.2,10
999.4,26
1000.9,12
1001.0,28
1001.1,31
1001.7,13
1001.8,20
1002.1,29
1002.2,16
1002.2,33
1003.3,17
1003.7,7
1004.4,34
1004.6,25
1005.4,6
1007.4,27
1008.8,32
1010.3,1
1010.7,37
1011.0,31
1012.1,4
1012.5,20
1012.7,14
1012.8,16
1013.1,29
1013.7,15
1014.2,26
1014.7,23
1015.0,22
1015.4,2
1015.4,7
1015.4,12
1017.1,17
1017.3,8
1017.3,11
1017.5,28
1017.6,1
1017.6,30
1017.7,9
1017.7,25
1017.9,13
1018.1,21
1018.1,27
1018.6,3
1018.6,35
1022.1,20
1023.8,38
1023.8,39
1024.0,32
1024.4,1
1024.7,33
1027.6,29
1027.7,17
1027.8,6
1027.9,5
1029.0,27
1030.2,21
1030.5,31
1030.5,28
1031.5,20
1031.8,33
1031.8,34
1032.1,7
1032.1,25
1032.6,1
1032.8,16
1033.1,30
1033.6,35
1033.7,13
1035.7,22
1035.7,29
1036.0,12
1036.5,32
1036.9,15
1038.5,4
1039.8,20
1040.3,8
1040.4,23
1041.0,37
1041.4,6
1041.5,1
1041.7,3
1041.8,14
1042.0,27
1042.6,13
1042.9,39
1043.4,33
1043.5,21
1043.5,24
1043.5,30
1043.8,17
1044.6,29
1046.0,16
1046.6,25
1047.8,35
1048.0,28
1048.3,32
1048.6,31
1050.0,12
1050.4,5
1051.0,20
1051.4,34
1054.5,33
1055.0,1
1055.1,7
1055.1,27
1055.6,29
1057.9,16
1059.9,20
1060.0,0
1060.6,13
1060.8,38
1060.9,17
1061.4,6
1061.6,3
1061.7,4
1062.3,30
1062.3,32
1062.4,23
1062.6,22
1063.1,8
1063.1,10
1065.4,25
1066.9,27
1067.1,21
1067.3,39
1067.5,26
1067.8,29
1068.4,31
1068.4,35
1068.7,12
1069.0,7
1069.2,1
1069.2,33
1069.3,37
1070.0,14
1070.1,20
1070.2,13
1070.7,34
1070.9,6
1071.4,15
1072.5,4
1074.7,28
1075.2,3
1076.8,17
1077.7,16
1077.9,22
1078.6,20
1079.7,31
1079.9,30
1080.4,13
1080.6,33
1081.7,32
1082.2,23
1082.6,27
1082.9,29
1083.1,1
1083.2,15
1083.9,25
1086.0,16
1086.8,35
1087.2,20
1087.5,30
1088.0,12
1088.0,17
1088.7,6
1089.2,8
1089.4,7
1090.7,21
1093.1,25
1093.1,31
1093.4,34
1093.4,37
1093.5,15
1093.5,33
1093.6,4
1093.6,13
1093.8,0
1093.8,3
1094.6,1
1095.2,23
1095.6,9
1095.8,20
1096.3,26
1097.8,29
1099.7,10
1100.2,7
1100.2,35
1100.5,16
1100.5,27
1100.6,32
1101.2,14
1101.7,17
1102.1,2
1102.2,5
1102.4,1
1103.0,12
1103.0,6
1104.2,20
1104.2,30
1104.4,24
1104.5,13
1104.8,22
1105.0,25
1107.4,33
1108.4,21
1110.0,28
1110.3,27
1110.4,29
1111.0,16
1111.0,32
1111.6,4
1111.8,35
1112.1,15
1112.5,20
1112.6,37
1112.7,31
1112.9,1
1113.2,8
1113.7,10
1113.8,6
1115.4,3
1116.2,13
1116.7,17
1117.0,34
1117.2,14
1117.7,25
1118.5,12
1118.5,39
1118.9,11
1118.9,30
1119.8,4
1119.8,29
1120.5,32
1121.2,0
1121.2,7
1123.9,21
1125.7,20
1126.0,33
1126.5,2
1126.7,6
1127.1,1
1128.2,23
1128.6,27
1128.8,25
1128.9,15
1129.4,13
1129.8,31
1130.3,22
1130.7,3
1131.6,7
1132.0,35
1132.2,16
1132.8,17
1133.3,30
1134.9,12
1134.9,20
1135.5,8
1135.5,29
1135.9,37
1136.2,24
1136.2,33
1136.7,1
1138.0,6
1138.7,32
1139.0,28
1139.9,5
1140.2,13
1140.9,27
1141.6,26
1141.6,39
1141.9,25
1142.3,21
1143.0,20
1143.2,29
1144.8,31
1145.5,17
1146.6,23
1147.5,14
1148.0,1
1148.4,16
1149.0,34
1149.2,32
1149.7,30
1151.2,33
1151.3,29
1152.1,4
1152.5,27
1153.8,12
1154.1,15
1154.2,20
1155.5,7
1155.5,35
1156.0,6
1156.5,13
1156.9,25
1158.9,3
1160.5,38
1161.8,1
1162.4,9
1162.5,17
1162.6,0
1162.9,37
1163.0,27
1163.0,31
1163.1,10
1163.1,29
1163.1,39
1163.7,2
1163.8,21
1163.8,32
1164.5,20
1164.5,28
1164.6,24
1165.0,33
1165.9,23
1168.8,8
1169.6,13
1169.8,22
1170.6,29
1170.7,7
1170.8,30
1171.6,16
1172.3,25
1173.3,1
1173.9,6
1174.0,32
1174.1,12
1174.1,15
1174.3,27
1175.1,34
1175.3,4
1175.4,20
1176.0,31
1176.3,35
1176.8,23
1176.8,33
1179.4,13
1180.0,7
1180.7,3
1180.7,17
1180.7,25
1181.1,21
1182.5,26
1183.0,8
1183.6,28
1183.6,31
1183.7,29
1184.2,1
1184.2,33
1184.9,39
1185.0,14
1185.0,20
1185.6,30
1185.8,6
1186.0,35
1186.2,27
1186.3,12
1187.5,32
1187.6,16
1191.2,37
1191.3,13
1192.7,25
1195.9,20
1196.1,17
1196.1,21
1196.1,29
1196.5,24
1197.0,31
1197.1,4
1197.1,7
1197.8,34
1197.8,35
1198.1,11
1198.1,32
1198.3,16
1198.8,12
1199.0,6
1199.4,1
1200.2,33
1200.8,27
1201.3,0
1202.4,29
1203.6,20
1204.2,23
1204.3,15
1204.8,8
1205.1,25
1205.5,30
1205.8,5
1206.1,3
1206.6,22
1207.4,13
1208.1,14
1208.3,12
1208.8,37
1211.5,28
1211.6,17
1211.7,21
1211.9,1
1211.9,35
1212.5,7
1212.5,20
1212.5,32
1212.7,2
1212.8,16
1212.9,31
1213.0,27
1213.5,29
1214.0,25
1215.2,33
1218.5,12
1218.7,0
1218.7,6
1219.3,20
1219.6,1
1219.8,4
1219.8,13
1219.9,15
1220.4,10
1220.6,5
1220.8,35
1220.9,39
1221.2,30
1222.6,27
1222.9,25
1224.0,3
1225.0,31
1225.2,7
1227.0,16
1227.6,21
1227.8,29
1228.4,20
1228.7,28
1228.9,32
1229.6,17
1230.2,34
1230.4,23
1231.2,12
1231.7,33
1232.1,22
1232.1,1
1235.3,29
1235.8,13
1235.8,27
1236.0,35
1236.2,26
1236.4,25
1236.6,20
1237.0,30
1237.6,38
1237.7,23
1238.2,34
1238.2,37
1239.1,15
1239.7,7
1240.1,16
1240.7,8
1240.7,33
1240.8,6
1240.8,31
1241.0,39
1241.2,21
1241.6,4
1241.9,32
1242.0,17
1244.2,13
1244.7,12
1246.3,1
1246.9,20
1246.9,25
1247.4,29
1248.0,28
1248.9,27
1249.1,22
1249.2,24
1249.8,0
1250.4,7
1253.1,16
1253.4,33
1253.6,31
1253.7,23
1254.2,14
1254.6,30
1254.7,12
1254.9,17
1257.0,35
1257.2,1
1257.3,10
1257.4,20
1258.6,37
1259.0,32
1259.2,13
1259.8,21
1260.0,25
1260.3,27
1260.9,4
1261.3,3
1261.5,29
1261.7,15
1262.8,17
1264.2,39
1264.5,20
1265.2,5
1266.1,16
1266.9,33
1267.6,6
1268.6,12
1269.2,23
1269.7,32
1270.2,0
1270.4,25
1270.8,8
1270.8,13
1271.0,1
1271.1,31
1271.5,34
1271.6,28
1272.4,20
1272.8,22
1272.8,27
1273.1,30
1273.2,21
1273.4,29
1273.7,17
1275.6,35
1279.1,7
1279.1,33
1279.6,16
1280.1,4
1280.5,37
1281.5,12
1281.9,20
1282.6,13
1283.1,31
1283.2,25
1283.7,27
1283.8,1
1285.3,29
1285.7,14
1285.7,17
1286.3,32
1286.3,35
1286.6,21
1286.9,6
1286.9,23
1286.9,24
1287.4,15
1287.5,5
1288.2,20
1288.2,0
1291.6,30
1291.9,12
1292.5,34
1293.3,1
1293.4,16
1293.9,26
1293.9,33
1294.3,31
1294.5,7
1295.0,28
1295.4,27
1295.4,29
1295.5,39
1296.4,25
1297.9,35
1298.5,10
1299.6,6
1299.9,17
1301.4,20
1301.4,32
1302.0,23
1302.2,37
1302.4,21
1302.5,13
1303.3,2
1303.5,4
1304.1,3
1304.1,15
1305.5,12
1305.8,27
1305.9,7
1306.7,6
1306.7,33
1307.0,30
1307.1,1
1307.4,0
1307.5,5
1307.5,25
1309.0,11
1310.1,20
1311.2,31
1311.7,29
1313.0,17
1313.8,14
1314.0,1
1314.2,13
1314.6,16
1314.7,32
1315.1,21
1315.4,35
1315.9,20
1315.9,23
1315.9,33
1316.9,2
1316.9,9
1317.1,8
1318.5,6
1318.7,30
1319.9,7
1320.4,29
1321.2,17
1322.0,12
1322.0,25
1323.9,37
1325.7,28
1326.2,20
1326.6,4
1327.0,16
1327.0,27
1327.1,21
1327.1,22
1327.2,10
1327.3,39
1327.6,1
1327.6,34
1327.7,29
1328.2,35
1328.6,15
1328.9,24
1328.9,32
1329.5,12
1329.9,3
1330.6,7
1332.1,33
1332.8,25
1333.8,13
1334.0,30
1334.7,16
1334.7,31
1336.4,17
1336.5,26
1336.9,20
1337.2,27
1339.2,1
1339.4,37
1340.3,6
1340.6,7
1343.0,23
1343.3,33
1344.4,29
1344.9,35
1345.6,8
1345.6,21
1345.8,20
1346.0,31
1346.6,32
1346.8,3
1347.1,1
1347.4,4
1347.4,16
1348.8,30
1349.1,12
1350.0,17
1350.7,13
1351.4,25
1351.8,34
1352.8,39
1352.9,9
1353.0,27
1353.6,20
1355.0,33
1355.4,24
1355.6,2
1355.7,37
1358.1,6
1358.7,16
1358.9,29
1359.0,23
1359.1,32
1359.9,13
1359.9,25
1360.2,35
1360.3,1
1360.9,31
1361.0,21
1361.1,28
1361.5,15
1362.5,10
1362.8,7
1362.9,14
1364.4,12
1365.1,30
1365.6,17
1365.7,24
1366.3,20
1366.9,38
1367.0,27
1367.8,4
1368.1,3
1368.6,34
1371.5,33
1371.8,16
1372.0,32
1372.1,1
1372.3,8
1372.8,29
1373.1,5
1373.5,7
1373.9,25
1375.5,31
1375.7,28
1375.8,12
1375.8,35
1376.2,13
1376.4,20
1376.6,6
1376.6,23
1378.7,39
1378.9,26
1379.4,1
1380.3,27
1380.9,17
1381.9,37
1382.5,29
1383.1,21
1383.3,0
1384.0,32
1384.3,7
1384.4,22
1384.5,25
1384.6,34
1384.7,4
1385.3,30
1386.0,20
1386.9,16
1387.1,3
1387.2,33
1387.2,13
1387.5,9
1388.2,31
1388.8,12
1389.6,6
1393.0,23
1393.1,15
1393.1,27
1393.2,28
1393.3,17
1394.0,20
1394.7,1
1395.6,35
1395.7,7
1395.7,29
1396.1,2
1396.6,5
1396.8,13
1398.0,4
1398.1,25
1398.5,31
1398.6,30
1398.9,33
1399.1,32
1400.0,24
1400.7,12
1401.6,21
1405.5,6
1405.5,27
1405.9,3
1406.3,20
1407.8,39
1408.5,1
1408.8,29
1410.1,7
1410.3,31
1410.5,10
1410.7,12
1410.7,17
1411.5,13
1412.0,35
1412.2,26
1412.8,16
1413.9,23
1414.1,5
1414.2,22
1414.2,25
1414.2,28
1414.8,30
1416.2,33
1416.9,20
1417.0,29
1417.2,4
1417.2,14
1417.2,15
1417.2,37
1418.3,24
1418.3,32
1419.5,8
1419.6,0
1419.8,6
1420.2,27
1420.3,1
1420.3,21
1420.4,17
1420.7,31
1421.8,12
1423.9,34
1426.2,7
1426.7,30
1427.4,13
1428.1,25
1428.5,20
1429.5,33
1429.7,1
1430.9,29
1431.9,12
1432.2,18
1432.2,35
1432.3,16
1432.6,39
1433.0,26
1433.1,23
1433.4,32
1433.5,28
1434.9,11
1435.1,24
1435.8,31
1436.0,27
1436.3,10
1437.6,0
1437.6,20
1438.5,17
1438.7,13
1439.4,25
1439.5,4
1439.9,8
1439.9,21
1440.8,2
1441.1,39
1441.4,3
1441.4,29
1441.4,22
1441.7,16
1441.9,30
1442.2,6
1442.5,33
1442.6,15
1442.9,32
1443.0,5
1444.9,1
1445.1,20
1445.8,7
1448.6,12
1450.6,17
1450.6,26
1451.0,14
1451.1,28
1452.1,30
1452.1,35
1452.3,31
1452.4,27
1452.4,29
1452.5,39
1453.9,2
1454.2,10
1454.2,34
1454.5,1
1454.5,38
1454.8,20
1455.2,25
1455.4,13
1455.8,12
1456.1,4
1456.3,21
1458.2,16
1458.4,0
1458.5,23
1458.8,24
1459.2,17
1460.5,3
1461.1,6
1461.5,31
1461.6,7
1461.8,32
1462.1,15
1462.3,37
1463.1,29
1464.2,8
1465.4,20
1465.5,27
1466.2,30
1466.5,28
1466.5,33
1468.0,25
1469.4,12
1470.7,13
1472.4,7
1472.8,23
1472.9,6
1473.0,1
1473.2,5
1473.3,3
1473.5,16
1473.5,17
1473.5,20
1473.7,32
1473.9,30
1473.9,35
1474.1,39
1474.8,29
1478.8,21
1479.5,22
1479.9,27
1480.3,33
1480.4,25
1480.4,34
1481.3,12
1481.3,31
1484.6,15
1484.9,20
1485.1,7
1485.3,13
1485.5,1
1485.8,30
1485.8,32
1486.3,24
1486.3,28
1487.4,14
1488.4,29
1489.7,4
1490.7,25
1492.0,35
1492.0,9
1492.6,37
1493.1,20
1493.3,8
1493.5,27
1493.7,26
1493.9,10
1494.6,16
1495.7,22
1495.8,39
1496.0,21
1496.2,17
1496.6,12
1496.6,31
1496.7,23
1497.1,30
1497.2,5
1497.2,33
1497.3,3
1497.8,13
1498.3,6
1498.4,0
1500.0,1
1500.1,29
1500.3,20
1500.4,25
1501.1,7
1501.6,32
1503.0,15
1504.2,2
1505.3,16
1507.0,27
1507.1,28
1507.6,13
1508.1,1
1508.1,33
1508.5,24
1508.9,20
1509.0,4
1509.2,14
1510.3,29
1511.2,31
1512.6,30
1512.8,34
1513.1,25
1513.2,12
1513.8,35
1514.2,21
1514.6,39
1515.6,20
1516.0,17
1516.9,32
1517.0,23
1517.2,27
1517.3,8
1517.3,37
1517.6,33
1517.8,7
1518.8,29
1521.5,1
1521.8,6
1522.4,20
1524.0,12
1524.4,16
1524.6,22
1524.7,13
1525.2,31
1526.0,25
1526.3,38
1526.5,28
1527.0,7
1527.7,29
1528.1,33
1528.8,30
1529.2,14
1530.2,23
1531.4,17
1532.0,27
1532.1,3
1532.1,5
1532.3,1
1532.4,2
1533.2,4
1533.3,12
1534.0,32
1534.1,39
1534.3,20
1534.4,15
1537.1,25
1537.3,35
1537.6,16
1537.7,21
1538.2,31
1538.5,6
1539.1,13
1539.8,17
1540.0,29
1540.2,0
1540.8,8
1541.6,7
1541.7,33
1544.1,1
1544.9,12
1546.0,34
1546.3,20
1547.2,24
1547.8,21
1548.1,32
1548.5,28
1548.6,30
1549.7,29
1549.7,35
1549.8,9
1550.0,6
1550.2,4
1550.9,27
1551.7,37
1551.8,16
1551.8,25
1552.6,7
1553.5,26
1553.6,33
1553.8,13
1554.2,2
1554.5,23
1555.1,17
1555.2,20
1556.5,1
1557.9,27
1558.0,3
1558.2,15
1558.2,21
1558.3,14
1558.9,31
1559.9,22
1559.9,29
1561.1,39
1561.2,6
1561.2,30
1561.2,32
1561.3,16
1561.4,8
1561.9,20
1562.3,12
1564.4,1
1565.4,33
1565.4,38
1567.4,28
1568.2,25
1568.6,29
1568.7,11
1568.7,13
1569.5,0
1569.5,7
1569.8,31
1570.6,20
1571.3,23
1571.7,4
1572.3,21
1572.4,27
1572.7,22
1572.8,17
1573.2,35
1573.8,12
1575.4,34
1575.9,25
1576.2,24
1576.5,5
1576.5,13
1576.8,30
1577.0,1
1577.3,32
1577.3,37
1577.7,29
1582.6,14
1582.7,16
1582.7,33
1583.3,20
1584.1,6
1584.2,15
1584.5,17
1585.0,31
1585.9,4
1586.0,8
1586.1,27
1586.2,12
1587.2,3
1587.2,25
1587.2,39
1587.7,7
1587.8,23
1588.8,20
1588.8,28
1589.1,35
1589.2,29
1590.1,10
1590.5,32
1590.8,21
1592.6,31
1592.8,13
1592.9,1
1593.5,0
1593.8,5
1595.8,34
1595.9,22
1596.0,2
1596.0,37
1597.2,38
1598.4,20
1598.6,16
1598.8,33
1599.6,30
1600.4,27
1600.7,12
1601.8,7
1601.9,1
1601.9,29
1602.1,4
1602.6,17
1602.7,35
1603.2,25
1603.5,31
1603.9,15
1604.2,21
1605.0,0
1605.0,13
1605.4,32
1606.5,23
1608.1,27
1608.5,6
1609.5,20
1610.0,29
1610.8,30
1611.2,12
1611.3,8
1612.4,17
1612.4,28
1612.9,25
1613.8,1
1614.8,33
1615.9,7
1616.6,22
1617.0,16
1617.6,39
1619.6,2
1619.6,27
1619.6,31
1619.6,35
1620.1,3
1620.5,20
1620.9,33
1621.0,6
1621.8,32
1623.0,14
1623.7,12
1623.8,1
1624.0,13
1624.3,21
1625.1,37
1625.6,25
1626.2,23
1626.5,17
1626.8,5
1627.1,29
1628.2,15
1628.6,30
1630.4,20
1632.4,28
1632.9,31
1633.5,33
1634.3,4
1634.6,16
1634.7,1
1634.7,26
1634.9,7
1635.0,12
1635.0,29
1635.0,34
1635.6,39
1635.8,27
1636.1,8
1636.6,17
1636.6,24
1638.2,25
1638.3,20
1639.2,11
1639.7,32
1640.6,13
1641.2,35
1641.8,0
1642.4,1
1642.5,6
1642.6,22
1643.2,21
1643.3,23
1643.4,29
1643.7,10
1643.8,15
1644.2,27
1644.7,3
1644.7,31
1646.1,30
1646.7,39
1647.1,12
1647.4,33
1648.7,14
1648.9,9
1650.0,28
1650.3,20
1651.0,25
1651.5,16
1651.8,27
1652.3,29
1652.4,13
1653.9,34
1654.1,37
1654.4,1
1655.2,17
1656.6,12
1656.6,31
1656.8,6
1656.8,7
1657.0,21
1657.1,35
1657.8,8
1657.9,4
1658.0,23
1658.2,32
1658.3,2
1659.1,33
1659.4,22
1659.9,20
1662.9,27
1663.0,30
1664.2,28
1664.5,16
1664.7,15
1664.9,13
1665.8,25
1666.0,12
1666.5,29
1667.5,17
1668.8,39
1669.4,20
1670.4,35
1670.9,1
1671.7,33
1673.2,7
1673.4,32
1673.8,4
1674.6,27
1674.6,30
1674.7,5
1675.3,25
1675.5,6
1675.7,21
1677.7,23
1677.9,20
1677.9,31
1678.1,29
1678.4,34
1678.6,12
1680.7,3
1680.8,22
1681.5,1
1682.1,32
1683.8,28
1685.0,25
1685.6,27
1685.9,16
1686.5,15
1687.0,29
1687.2,33
1687.8,12
1688.6,7
1689.3,38
1689.3,2
1689.3,24
1690.0,10
1690.2,13
1690.9,17
1691.1,37
1691.3,0
1691.3,30
1691.7,9
1691.9,20
1692.0,14
1692.7,26
1692.8,31
1693.9,23
1694.0,21
1694.1,28
1695.4,1
1695.4,35
1695.7,6
1696.5,39
1697.7,32
1697.9,20
1698.0,8
1699.0,22
1699.0,29
1699.4,4
1700.2,3
1700.3,7
1700.4,34
1700.5,25
1700.5,27
1700.5,30
1700.7,13
1701.4,12
1703.5,16
1703.8,26
1705.6,0
1705.7,23
1706.3,31
1708.8,17
1709.1,10
1709.2,30
1709.7,1
1710.5,14
1710.9,20
1710.9,33
1711.1,12
1711.7,21
1711.9,8
1713.3,29
1714.0,27
1714.0,32
1714.1,25
1714.7,15
1715.8,16
1716.4,7
1716.9,6
1717.5,35
1717.7,20
1718.4,13
1718.7,9
1719.4,28
1721.0,23
1722.0,30
1722.6,1
1722.9,5
1723.6,12
1723.7,33
1724.4,29
1724.9,31
1725.9,17
1726.1,11
1726.4,3
1726.8,32
1728.0,6
1728.0,34
1728.1,20
1728.2,27
1728.3,37
1728.6,2
1728.9,39
1729.4,15
1729.4,38
1729.6,25
1730.1,13
1730.5,21
1731.2,16
1731.4,7
1733.3,31
1733.8,35
1734.8,1
1735.1,12
1735.1,30
1737.1,15
1737.1,33
1737.8,27
1737.8,29
1737.9,6
1738.0,20
1738.5,17
1738.6,4
1739.4,23
1741.2,22
1741.6,16
1741.6,26
1742.1,0
1742.8,21
1742.8,25
1743.4,32
1744.6,31
1745.2,34
1746.0,28
1746.4,13
1747.6,20
1748.0,29
1748.4,1
1748.5,7
1749.9,12
1750.9,25
1751.0,3
1751.2,17
1751.8,33
1751.8,30
1752.1,24
1752.1,37
1752.6,35
1752.7,27
1753.3,8
1753.9,21
1753.9,32
1754.0,31
1754.4,5
1754.6,2
1755.2,10
1755.2,14
1755.3,23
1759.9,6
1760.1,39
1760.8,13
1761.3,16
1761.4,29
1761.8,20
1762.4,7
1762.4,22
1763.8,1
1764.0,17
1764.8,25
1764.8,30
1764.9,3
1765.5,21
1765.6,9
1765.6,15
1765.7,32
1766.5,33
1766.7,0
1766.8,35
1767.5,28
1767.7,12
1768.2,34
1769.1,29
1769.1,31
1769.6,27
1771.5,4
1772.2,13
1772.7,6
1774.9,10
1775.3,23
1775.4,20
1775.6,14
1776.2,16
1776.6,30
1776.8,17
1776.9,37
1778.0,32
1778.1,1
1778.5,35
1778.7,22
1779.0,7
1779.3,39
1779.8,27
1780.0,15
1780.1,5
1781.2,25
1781.4,29
1781.5,12
1782.0,8
1782.7,26
1783.0,20
1784.3,28
1785.6,33
1786.3,13
1786.6,1
1786.7,3
1788.1,17
1788.2,31
1789.4,29
1790.3,16
1790.4,2
1790.5,21
1790.9,4
1791.6,6
1791.7,30
1792.8,9
1793.6,20
1793.8,25
1794.2,12
1794.3,8
1794.6,32
1795.6,19
1797.8,15
1797.8,27
1798.0,31
1798.2,7
1798.5,33
1798.9,23
1799.6,28
1799.6,35
1801.0,1
1801.1,34
1801.6,25
1802.0,17
1802.9,20
1804.6,29
1805.5,30
1806.6,16
1807.1,22
1807.3,24
1807.4,3
1807.4,6
1807.8,21
1808.1,13
1808.8,26
1810.1,31
1810.2,33
1810.5,20
1810.9,32
1811.2,39
1813.1,0
1813.3,27
1813.4,12
1813.7,1
1813.9,35
1814.0,17
1814.0,29
1816.3,25
1816.6,11
1817.8,16
1818.0,2
1818.7,33
1819.8,4
1820.6,23
1821.0,32
1821.3,20
1821.3,30
1821.4,27
1821.8,13
1822.6,6
1822.6,37
1823.0,31
1823.3,7
1824.2,14
1824.7,12
1824.8,1
1825.5,29
1825.7,5
1825.8,10
1828.0,17
1829.5,8
1830.2,21
1830.3,15
1831.4,20
1832.0,25
1832.3,22
1832.3,28
1833.0,1
1833.1,16
1833.9,31
1834.2,30
1835.5,27
1835.8,13
1835.9,12
1835.9,24
1836.0,35
1836.1,29
1836.6,33
1837.7,4
1837.8,7
1837.8,34
1838.6,20
1839.5,2
1839.8,32
1840.0,37
1840.1,3
1843.8,17
1844.5,23
1844.6,27
1844.6,39
1844.7,21
1845.8,29
1846.7,13
1846.7,15
1847.0,25
1847.3,1
1847.3,16
1847.9,30
1848.2,31
1849.2,20
1850.0,6
1850.0,38
1850.1,33
1850.7,7
1852.1,12
1852.4,32
1852.6,0
1855.9,1
1856.3,35
1856.7,37
1856.8,10
1856.8,34
1856.9,4
1856.9,13
1857.0,5
1857.3,25
1857.9,17
1857.9,20
1858.0,26
1858.1,8
1858.2,14
1858.4,28
1858.8,27
1860.0,30
1860.5,29
1862.9,7
1862.9,21
1863.5,31
1864.2,33
1865.4,23
1866.0,20
1867.1,3
1867.2,6
1867.7,12
1867.8,16
1868.3,13
1869.2,29
1869.6,1
1869.6,22
1870.2,32
1870.9,27
1871.0,24
1871.2,39
1872.6,35
1873.4,25
1874.5,31
1874.9,17
1875.2,28
1875.2,30
1876.3,15
1876.4,20
1876.7,4
1878.2,1
1878.2,12
1878.3,7
1878.3,14
1878.4,9
1878.8,10
1879.6,21
1882.9,25
1882.9,32
1884.0,35
1884.2,29
1884.4,6
1884.5,16
1884.5,27
1886.8,34
1887.1,20
1887.5,21
1887.7,33
1887.9,13
1887.9,23
1888.0,3
1888.2,22
1888.3,39
1888.8,5
1888.8,30
1889.3,1
1889.4,25
1890.4,15
1892.2,17
1893.4,12
1895.1,14
1895.9,31
1896.1,24
1896.2,29
1896.3,20
1897.5,7
1897.6,16
1897.6,27
1897.6,33
1898.1,32
1899.9,21
1900.2,28
1900.5,37
1900.9,6
1901.1,25
1901.5,35
1901.6,4
1901.6,13
1901.7,1
1902.3,30
1902.7,34
1902.9,20
1903.6,23
1905.2,12
1906.5,29
1907.9,8
1908.1,3
1908.7,11
1909.0,31
1909.6,32
1909.7,26
1910.5,16
1910.6,17
1911.1,15
1912.2,0
1912.2,25
1913.8,1
1914.5,27
1915.4,13
1916.0,22
1916.3,20
1916.5,6
1917.1,29
1917.6,2
1917.7,7
1918.5,10
1918.5,12
1918.8,38
1918.9,9
1918.9,32
1919.0,31
1919.1,33
1919.2,14
1919.4,4
1920.3,30
1921.0,3
1921.4,39
1922.9,25
1923.1,17
1923.3,6
1923.4,23
1924.4,16
1925.7,21
1926.0,27
1927.1,32
1927.6,1
1927.9,24
1928.8,28
1929.1,34
1929.2,20
1929.7,33
1930.5,26
1930.7,29
1930.9,35
1931.0,14
1932.2,13
1932.5,7
1932.8,30
1932.9,5
1933.0,12
1933.8,25
1934.6,15
1935.8,6
1935.8,31
1935.8,37
1935.9,3
1937.2,16
1937.4,20
1937.9,27
1938.9,29
1939.0,17
1939.7,8
1939.8,22
1941.5,32
1941.9,1
1942.1,12
1942.3,21
1942.7,23
1943.6,33
1944.3,4
1945.4,20
1945.4,25
1946.2,39
1946.5,13
1947.0,24
1947.4,35
1947.7,0
1948.1,1
1949.3,29
1949.9,31
1950.1,28
1950.5,7
1950.5,14
1950.6,34
1951.0,32
1951.2,20
1952.3,27
1952.3,30
1952.4,21
1953.1,5
1953.3,17
1954.2,13
1954.3,12
1954.3,16
1955.5,25
1955.6,35
1955.7,33
1956.2,2
1956.3,6
1957.1,37
1960.5,1
1961.7,15
1962.3,32
1963.0,29
1963.3,14
1963.3,23
1963.4,30
1963.7,4
1964.2,3
1966.8,8
1967.1,6
1967.1,20
1967.5,12
1967.7,34
1967.8,17
1968.0,0
1968.3,13
1969.2,27
1969.5,33
1970.3,16
1970.3,25
1970.4,22
1970.4,31
1970.5,1
1970.6,7
1973.2,32
1973.6,26
1973.8,20
1973.8,29
1974.7,35
1975.9,39
1976.7,25
1977.0,28
1977.8,30
1978.7,9
1978.9,21
1979.3,17
1980.2,6
1980.6,5
1980.6,27
1981.0,33
1981.1,37
1981.9,4
1982.6,15
1984.9,20
1985.0,13
1985.5,1
1985.9,14
1986.3,31
1987.0,12
1987.6,29
1988.0,23
1988.6,39
1989.0,16
1989.2,28
1991.0,32
1991.2,8
1992.4,25
1992.7,20
1993.0,7
1993.3,10
1993.3,24
1993.3,33
1994.0,27
1994.2,6
1995.5,30
1996.5,17
1997.3,22
1997.5,35
1998.0,13
1998.4,0
1998.4,34
1998.5,1
1998.6,37
1999.1,16
1999.1,29
1999.5,31
1999.9,21
2000.1,12
2002.4,15
2004.1,20
2004.3,33
2004.5,32
2006.2,6
2006.4,1
2006.4,31
2006.9,30
2007.0,39
2007.0,28
2007.2,25
2007.5,16
2007.7,27
2007.9,7
2008.5,4
2008.5,10
2008.7,13
2008.8,17
2010.1,29
2010.4,20
2011.4,12
2013.9,23
2015.0,3
2015.0,5
2015.1,26
2015.1,33
2015.2,32
2016.4,34
2016.6,15
2017.1,21
2017.8,38
2018.6,16
2019.0,14
2019.1,27
2019.2,29
2019.3,30
2020.1,13
2020.4,17
2020.6,6
2020.6,31
2020.7,1
2020.7,8
2020.7,35
2021.2,37
2021.5,20
2021.8,33
2022.9,28
2023.4,19
2024.1,12
2025.1,25
2026.0,24
2027.4,32
2027.5,22
2027.9,27
2028.0,23
2030.2,17
2031.3,1
2031.8,7
2032.7,4
2032.9,29
2033.3,31
2033.4,13
2033.5,0
2033.5,20
2034.5,16
2034.9,25
2035.6,30
2036.1,33
2036.6,5
2036.9,32
2037.8,6
2038.0,15
2038.1,26
2038.2,27
2038.9,28
2039.0,12
2039.2,21
2039.7,35
2041.0,20
2041.7,39
2042.8,17
2043.0,29
2043.3,3
2043.7,2
2044.9,1
2045.1,14
2045.4,7
2047.8,31
2047.9,13
2048.5,23
2049.1,25
2049.1,16
2049.7,27
2050.6,20
2051.5,21
2051.7,6
2051.8,33
2052.1,30
2052.3,37
2052.5,22
2052.5,29
2053.1,34
2053.5,15
2053.7,32
2053.7,35
2056.0,17
2056.1,12
2057.0,23
2059.2,1
2059.8,27
2061.0,20
2061.1,24
2061.1,9
2061.3,8
2062.6,13
2063.6,4
2063.8,16
2064.3,29
2064.3,14
2065.4,39
2065.9,32
2066.1,31
2066.5,33
2066.5,35
2066.6,21
2066.7,25
2067.4,7
2067.4,30
2067.7,2
2068.3,17
2068.3,20
2068.9,38
2069.1,12
2069.5,1
2071.0,28
2072.2,27
2072.5,25
2072.5,26
2073.1,6
2073.9,13
2075.8,29
2075.9,16
2077.1,34
2077.7,0
2078.0,3
2078.2,20
2078.7,33
2079.1,12
2079.8,14
2080.0,7
2080.3,17
2081.8,30
2082.8,9
2082.8,31
2082.9,1
2083.0,32
2083.4,22
2083.9,39
2084.0,24
2084.4,15
2084.7,8
2084.7,23
2084.7,37
2085.0,21
2085.2,35
2086.0,33
2086.1,27
2086.6,20
2086.7,25
2087.2,29
2088.3,13
2090.4,6
2091.6,16
2092.7,5
2092.8,7
2093.8,26
2093.8,30
2093.9,25
2094.7,29
2094.8,4
2094.8,12
2095.0,20
2095.4,0
2095.4,1
2097.0,15
2097.4,27
2097.4,31
2097.7,32
2097.7,10
2098.0,34
2098.5,23
2100.2,21
2100.2,33
2100.5,17
2101.3,13
2103.7,3
2103.7,35
2104.7,28
2105.3,29
2107.6,20
2107.6,16
2108.3,2
2108.4,25
2108.5,7
2108.9,4
2109.1,6
2109.5,30
2109.6,12
2110.0,37
2110.9,1
2111.2,31
2111.6,11
2113.1,27
2113.3,20
2113.9,13
2114.6,22
2115.0,32
2115.3,24
2115.3,39
2115.6,29
2115.7,21
2116.1,14
2116.3,5
2116.7,33
2116.8,17
2116.9,8
2116.9,23
2118.3,26
2119.7,12
2119.7,28
2121.3,15
2121.4,16
2121.6,1
2121.6,25
2121.7,34
2122.7,0
2123.0,20
2123.8,30
2123.8,38
2124.3,13
2124.4,7
2125.3,29
2125.3,37
2125.9,35
2126.1,31
2127.1,21
2128.3,33
2129.1,3
2130.1,23
2130.8,27
2131.3,6
2131.4,17
2132.2,14
2132.3,32
2132.7,1
2132.9,25
2132.9,4
2133.1,12
2133.3,20
2134.3,10
2135.1,13
2135.1,29
2135.4,16
2136.0,31
2136.3,15
2139.0,30
2140.4,28
2141.9,39
2142.3,27
2142.4,17
2142.4,21
2142.5,7
2142.5,29
2143.0,23
2143.5,20
2144.1,32
2146.0,33
2146.4,25
2146.9,1
2146.9,6
2147.0,13
2148.0,35
2150.0,20
2151.8,34
2152.4,2
2152.5,37
2152.8,31
2153.0,16
2153.0,24
2153.8,8
2153.9,10
2154.1,9
2154.6,0
2155.3,30
2155.4,3
2155.4,7
2155.6,29
2155.6,27
2156.0,22
2156.4,17
2157.1,28
2158.3,12
2158.4,1
2158.9,4
2158.9,6
2159.6,33
2159.7,14
2159.8,13
2160.6,25
2161.4,26
2162.1,23
2162.2,39
2162.4,32
2162.5,20
2162.5,21
2162.7,5
2163.8,35
2164.2,31
2165.6,16
2166.1,29
2166.6,1
2167.2,27
2168.6,15
2169.2,12
2169.7,3
2169.8,20
2170.1,28
2170.1,30
2170.5,7
2170.8,24
2170.8,25
2170.9,17
2170.9,38
2171.2,34
2171.7,23
2174.3,2
2175.1,33
2175.6,13
2176.5,1
2176.7,32
2177.0,14
2178.1,6
2178.1,27
2179.8,25
2180.0,29
2180.2,20
2180.8,16
2182.2,31
2182.2,35
2182.5,8
2182.5,21
2182.7,37
2185.1,1
2185.9,4
2186.7,7
2187.4,17
2187.7,39
2188.1,20
2189.6,12
2189.7,5
2189.8,6
2189.9,21
2189.9,30
2190.4,13
2191.2,24
2192.0,27
2192.7,34
2192.8,11
2193.1,31
2193.8,0
2193.9,23
2193.9,32
2194.3,15
2194.7,29
2195.1,20
2195.6,25
2195.7,22
2195.8,35
2196.2,17
2197.0,33
2197.3,3
2198.0,10
2198.3,1
2198.3,16
2199.0,27
2199.1,30
2199.7,28
2200.0,14
2200.3,6
2201.7,7
2201.7,12
2201.8,20
2204.0,13
2206.1,32
2206.9,29
2207.9,4
2208.2,19
2208.6,25
2208.7,8
2208.9,39
2209.8,21
2210.0,37
2210.3,6
2211.1,34
2212.2,9
2212.2,20
2212.5,1
2213.1,33
2213.3,2
2213.4,27
2213.6,31
2213.7,30
2213.9,17
2214.2,16
2214.6,12
2214.7,23
2215.4,15
2215.5,29
2216.6,13
2216.6,22
2217.2,14
2218.3,7
2218.3,32
2221.9,20
2222.6,25
2224.2,26
2224.4,6
2224.4,23
2224.4,28
2225.2,24
2225.3,3
2225.4,1
2225.9,13
2226.2,35
2227.3,31
2227.3,32
2227.4,27
2227.7,12
2228.0,33
2229.4,16
2230.1,17
2230.3,34
2230.9,20
2231.0,7
2231.0,29
2231.0,30
2231.3,15
2232.0,25
2232.6,21
2233.4,8
2233.5,1
2233.8,37
2234.8,39
2236.4,6
2237.0,31
2240.2,0
2240.3,5
2240.3,20
2240.3,27
2240.9,28
2240.9,33
2241.1,12
2241.1,29
2241.1,38
2241.2,13
2241.4,32
2241.5,14
2241.5,23
2243.0,17
2243.3,35
2243.4,4
2243.7,7
2243.8,16
2244.6,25
2247.4,21
2248.1,20
2248.8,3
2249.3,15
2249.4,31
2250.6,1
2250.6,10
2250.8,6
2251.3,12
2251.7,22
2251.8,2
2252.2,17
2252.3,34
2253.1,39
2253.4,30
2255.1,20
2255.9,27
2256.1,29
2256.2,25
2256.9,23
2256.9,28
2256.9,32
2257.2,33
2257.5,13
2257.5,26
2257.6,9
2257.9,7
2257.9,37
2258.1,8
2258.5,1
2258.5,16
2259.8,35
2262.9,17
2263.3,21
2265.0,15
2265.1,20
2266.6,12
2266.7,31
2267.5,6
2267.8,30
2268.3,29
2268.6,33
2269.7,34
2270.4,25
2271.7,1
2271.9,20
2273.0,7
2273.0,27
2273.2,5
2273.2,13
2273.2,35
2274.7,23
2275.5,6
2275.8,28
2275.9,4
2276.5,39
2277.3,17
2278.7,12
2279.1,16
2279.6,1
2280.4,8
2281.2,21
2282.1,29
2282.1,31
2282.6,32
2282.7,7
2283.2,20
2283.4,22
2284.0,2
2284.0,3
2284.0,30
2284.8,27
2285.6,15
2285.6,34
2285.6,37
2285.8,6
2286.0,33
2286.6,24
2287.2,25
2287.8,13
2288.4,4
2289.4,20
2290.3,29
2290.8,1
2291.4,17
2292.4,35
2292.6,0
2293.5,12
2294.1,31
2295.8,26
2296.7,28
2296.9,14
2297.3,20
2298.0,16
2298.3,23
2298.3,27
2298.5,13
2298.9,30
2299.1,21
2299.3,3
2299.5,32
2299.7,39
2300.2,6
2300.5,25
2300.6,29
2300.9,33
2302.0,7
2303.0,17
2304.1,35
2304.2,12
2304.8,1
2304.9,4
2306.1,24
2306.6,8
2307.2,20
2307.3,34
2307.5,5
2308.5,32
2308.6,16
2309.5,21
2310.3,1
2312.2,6
2312.4,15
2312.5,13
2312.5,31
2313.0,29
2313.6,30
2313.7,17
2314.1,4
2314.2,33
2314.3,2
2314.3,9
2314.6,0
2314.7,3
2314.9,28
2315.6,10
2315.6,38
2316.2,35
2316.9,20
2317.2,23
2317.8,27
2318.9,32
2320.3,16
2322.4,22
2323.3,1
2323.3,37
2323.5,25
2324.4,7
2324.5,20
2324.6,8
2324.6,29
2324.8,12
2324.8,13
2326.2,30
2327.1,6
2327.5,33
2327.6,21
2328.0,14
2328.3,24
2328.7,34
2328.8,27
2329.7,31
2329.8,17
2330.0,23
2330.0,25
2330.8,29
2331.0,28
2331.0,35
2331.4,20
2331.9,1
2334.4,15
2335.5,16
2337.5,22
2337.6,13
2338.1,27
2338.3,12
2338.5,32
2339.0,33
2339.1,3
2339.3,30
2339.6,7
2339.7,4
2339.9,39
2340.0,20
2340.3,29
2340.5,17
2343.1,26
2343.6,11
2343.6,25
2344.7,16
2345.2,6
2345.4,31
2346.3,34
2346.8,20
2347.1,1
2347.1,23
2347.1,29
2348.5,10
2348.6,7
2348.6,37
2349.2,21
2349.7,17
2349.7,27
2350.0,5
2351.7,28
2352.1,13
2352.2,8
2352.7,31
2352.8,33
2353.5,30
2354.5,39
2354.7,12
2355.1,32
2356.0,20
2358.7,1
2358.7,29
2359.4,27
2359.5,25
2360.2,16
2360.4,3
2360.4,9
2360.7,17
2361.0,6
2361.1,2
2361.1,22
2361.3,35
2361.4,33
2362.3,15
2362.8,13
2362.9,4
2363.1,20
2363.1,30
2366.1,23
2366.7,12
2367.3,29
2367.5,1
2367.5,25
2367.9,31
2368.7,0
2370.5,24
2371.3,6
2371.8,17
2372.1,20
2372.1,21
2372.7,32
2375.5,27
2375.8,7
2376.1,35
2376.6,28
2378.5,1
2378.5,14
2378.5,33
2378.7,13
2378.7,20
2379.1,30
2379.2,37
2379.7,16
2379.7,25
2379.7,29
2381.1,3
2381.2,5
2381.6,21
2382.4,26
2383.8,32
2385.0,22
2385.3,28
2385.4,12
2385.8,4
2385.8,23
2386.3,17
2386.7,1
2387.8,8
2387.9,20
2388.0,15
2388.9,31
2391.3,7
2391.5,6
2391.8,27
2392.8,29
2392.8,33
2393.5,16
2394.5,30
2395.7,13
2396.2,39
2396.4,20
2396.7,31
2396.8,10
2398.0,25
2399.5,35
2400.0,12
2400.0,17
2401.8,2
2402.8,27
2403.1,21
2403.6,20
2403.6,24
2404.4,23
2404.8,28
2404.9,33
2405.4,19
2405.5,34
2405.8,29
2405.8,37
2406.1,1
2406.1,6
2406.3,25
2406.5,3
2407.0,32
2408.3,15
2410.1,13
2410.1,16
2410.7,4
2411.5,20
2411.6,31
2412.2,8
2412.7,22
2413.0,29
2413.2,14
2414.0,12
2414.6,27
2416.8,7
2417.6,30
2417.7,35
2418.0,1
2418.0,17
2418.6,25
2419.0,33
2419.2,10
2419.3,39
2419.4,28
2419.5,21
2419.8,13
2420.0,16
2420.1,23
2421.2,20
2423.0,15
2423.2,29
2424.4,12
2424.5,32
2424.6,9
2424.6,31
2425.2,0
2425.3,3
2425.5,5
2425.6,27
2425.8,6
2426.2,14
2426.9,34
2427.3,20
2427.4,1
2428.0,37
2430.0,22
2431.4,4
2432.0,13
2432.3,25
2433.1,29
2433.5,7
2433.7,15
2433.8,8
2434.0,35
2434.8,33
2435.4,17
2436.6,1
2436.7,16
2437.2,20
2437.5,12
2437.8,26
2438.4,24
2438.6,23
2438.7,32
2439.1,30
2440.6,39
2442.0,31
2442.2,27
2442.6,21
2443.7,6
2444.4,13
2444.6,28
2445.6,7
2446.0,1
2446.4,29
2446.7,8
2447.1,35
2447.2,3
2448.0,25
2448.5,20
2448.9,12
2449.3,33
2449.4,34
2449.6,32
2449.7,17
2451.1,0
2451.2,23
2451.5,5
2451.5,37
2452.6,6
2452.7,27
2452.8,30
2455.8,16
2456.1,20
2456.4,14
2456.7,4
2457.1,13
2457.8,29
2457.9,10
2458.0,1
2458.1,22
2458.2,15
2458.6,12
2459.8,35
2460.0,21
2460.2,31
2460.8,17
2460.9,2
2461.8,39
2463.9,3
2464.0,24
2464.9,27
2465.2,13
2465.7,25
2465.8,20
2465.9,7
2466.8,33
2467.0,23
2467.0,30
2467.2,29
2467.5,17
2467.7,37
2467.8,5
2468.1,32
2471.3,6
2472.4,16
2472.5,28
2473.5,1
2473.6,26
2473.6,35
2473.8,8
2474.6,21
2474.8,33
2474.9,37
2475.0,31
2475.9,12
2475.9,27
2475.9,20
2477.1,17
2477.6,29
2477.8,4
2479.3,13
2479.4,7
2482.9,3
2483.5,32
2483.5,21
2483.9,15
2484.0,33
2484.5,23
2484.5,25
2484.8,1
2484.8,30
2485.5,12
2485.6,20
2485.9,28
2486.2,2
2486.2,22
2486.4,10
2486.4,6
2487.1,27
2487.5,29
2487.9,17
2488.1,37
2490.0,34
2492.7,16
2492.9,13
2493.3,35
2493.4,31
2494.2,20
2495.3,7
2495.7,6
2495.7,30
2496.0,39
2496.2,4
2496.2,33
2497.0,1
2497.0,5
2498.6,25
2499.0,17
2499.9,27
2500.3,35
2500.3,12
2500.3,32
2501.5,24
2501.5,29
2503.4,0
2504.2,14
2504.2,23
2504.6,21
2504.7,16
2505.6,1
2505.7,20
2508.4,15
2508.7,30
2509.1,38
2510.3,13
2510.4,6
2510.4,17
2510.6,39
2511.7,3
2512.4,29
2512.5,22
2512.8,12
2513.4,27
2513.6,33
2513.7,8
2513.9,20
2514.2,7
2514.4,25
2514.5,26
2514.6,5
2515.8,31
2518.5,1
2518.8,32
2518.9,35
2519.0,23
2519.0,28
2520.9,21
2521.1,16
2521.4,2
2522.2,4
2523.1,34
2523.6,27
2525.2,20
2525.8,9
2525.8,25
2526.4,0
2526.4,13
2526.4,30
2526.7,17
2526.8,7
2527.2,12
2527.3,15
2527.3,31
2527.6,22
2528.1,29
2528.2,39
2529.1,6
2531.0,33
2533.3,20
2533.3,37
2533.4,24
2533.7,23
2534.1,14
2534.4,3
2534.9,1
2534.9,12
2535.1,35
2536.6,31
2537.2,29
2538.1,32
2538.6,16
2539.0,8
2539.4,20
2539.5,6
2541.0,27
2541.6,21
2542.4,10
2542.6,1
2542.8,13
2542.8,25
2543.3,17
2543.7,7
2543.8,33
2544.4,5
2544.7,4
2545.3,30
2547.5,28
2547.5,29
2548.2,39
2549.6,31
2549.8,12
2550.2,24
2551.0,34
2552.7,20
2553.0,15
2553.9,33
2553.9,35
2554.6,1
2556.9,23
2557.0,13
2557.0,25
2557.2,27
2557.4,16
2557.4,17
2557.4,32
2559.1,3
2560.4,20
2560.6,30
2561.0,29
2561.9,12
2562.2,21
2562.3,7
2562.3,35
2562.8,14
2562.8,22
2563.3,1
2563.3,6
2564.9,4
2566.5,2
2567.5,37
2567.7,31
2568.6,39
2569.1,8
2569.3,20
2569.4,38
2570.1,28
2570.4,34
2570.6,30
2570.8,27
2571.0,7
2571.0,29
2571.9,25
2572.0,32
2573.1,33
2573.3,13
2573.9,6
2573.9,15
2574.2,17
2574.9,24
2576.0,21
2576.2,1
2577.4,16
2577.7,10
2577.8,0
2577.9,20
2578.3,23
2578.6,3
2580.2,12
2581.4,5
2581.4,29
2582.3,26
2583.9,7
2584.1,28
2584.4,16
2584.6,32
2584.6,33
2586.0,27
2586.3,4
2586.4,25
2586.5,1
2586.5,17
2587.0,35
2587.5,13
2589.5,20
2592.2,31
2592.5,29
2592.9,30
2593.3,15
2593.5,9
2593.6,6
2593.8,22
2594.5,24
2594.7,14
2594.8,12
2595.0,8
2595.1,11
2595.2,21
2595.3,28
2595.7,39
2596.8,2
2596.8,16
2597.4,25
2597.6,13
2597.6,32
2598.6,1
2599.2,33
2599.8,17
2600.7,31
2602.2,27
2602.7,37
2603.0,20
2603.2,23
2603.5,5
2603.6,4
2603.6,29
2604.8,15
2605.9,1
2606.5,30
2607.0,7
2607.0,6
2607.3,3
2608.9,17
2609.5,8
2609.9,21
2610.3,12
2610.4,16
2610.5,24
2611.6,13
2613.4,32
2613.7,20
2614.1,25
2614.3,28
2615.4,29
2615.5,31
2615.6,33
2616.7,39
2616.8,1
2617.2,27
2617.4,7
2617.5,35
2619.4,34
2620.4,0
2620.5,4
2621.2,22
2621.8,17
2622.9,2
2623.1,29
2623.4,24
2624.4,6
2624.4,23
2624.7,20
2625.1,13
2626.3,33
2626.7,16
2626.8,3
2626.8,21
2627.4,1
2628.0,30
2628.6,12
2629.1,28
2629.1,31
2629.3,27
2629.5,25
2630.0,29
2630.1,32
2632.1,15
2632.3,14
2634.0,20
2635.7,7
2636.0,37
2636.1,5
2636.3,33
2636.4,17
2636.9,25
2637.5,13
2637.9,35
2638.1,0
2638.2,10
2638.3,26
2638.5,1
2638.8,29
2640.1,34
2640.5,27
2642.5,12
2643.3,21
2643.4,23
2643.9,30
2644.1,4
2644.2,39
2644.6,8
2645.1,32
2645.1,28
2646.4,1
2646.6,20
2646.7,22
2647.3,3
2647.3,7
2647.6,25
2648.0,6
2648.7,29
2649.3,16
2650.8,31
2652.7,33
2653.3,13
2654.5,35
2654.7,17
2655.3,27
2655.6,10
2656.6,12
2657.9,6
2657.9,2
2658.4,32
2658.5,5
2658.7,0
2659.2,14
2659.3,15
2659.3,20
2660.3,30
2660.4,1
2660.7,25
2660.8,4
2661.2,13
2661.4,26
2662.2,16
2662.6,21
2663.1,28
2663.4,33
2663.8,31
2664.2,29
2664.7,23
2665.9,39
2666.0,35
2666.4,7
2666.9,22
2667.4,12
2668.5,20
2669.4,3
2669.5,27
2670.6,37
2671.0,1
2672.6,30
2672.8,6
2672.8,13
2673.0,31
2673.9,24
2674.3,25
2674.5,17
2674.6,16
2675.2,32
2675.4,38
2675.6,12
2677.4,19
2678.5,34
2678.7,28
2679.2,9
2680.0,29
2681.0,4
2681.3,21
2681.7,8
2681.7,20
2681.7,27
2682.2,1
2682.2,3
2682.3,15
2683.2,25
2683.4,33
2683.5,32
2684.0,22
2685.2,31
2685.5,23
2685.6,30
2685.8,16
2685.8,35
2687.3,7
2687.7,14
2688.0,5
2689.7,17
2689.7,39
2689.9,6
2690.2,0
2690.3,20
2690.4,13
2690.9,26
2691.1,12
2693.2,1
2693.6,32
2693.9,10
2693.9,29
2695.3,21
2695.7,31
2696.9,27
2697.4,37
2697.6,33
2698.0,18
2698.2,20
2699.1,25
2699.5,16
2699.6,22
2699.6,30
2700.3,17
2700.6,13
2700.8,7
2700.9,4
2701.1,29
2703.3,6
2703.7,28
2704.2,3
2704.4,15
2704.5,27
2705.0,35
2705.2,2
2705.3,23
2707.3,32
2707.4,1
2707.5,14
2708.1,8
2708.1,20
2711.0,12
2711.1,17
2711.1,31
2712.0,21
2712.7,25
2712.8,10
2713.1,29
2714.3,7
2715.2,30
2716.4,22
2716.9,35
2717.1,34
2717.2,13
2717.5,24
2717.6,6
2717.6,16
2717.8,20
2717.9,33
2717.9,38
2719.5,28
2720.2,26
2720.3,1
2720.7,12
2720.8,0
2721.1,32
2721.5,27
2722.0,8
2722.1,9
2722.6,15
2722.8,4
2722.8,39
2724.1,20
2724.2,29
2726.2,35
2727.1,13
2727.2,17
2727.6,5
2727.9,23
2728.0,12
2728.0,25
2728.3,30
2728.5,6
2729.2,21
2730.5,37
2731.7,31
2732.0,3
2732.2,16
2733.1,29
2733.4,32
2733.7,33
2734.1,7
2734.5,1
2734.7,14
2734.7,20
2735.6,15
2737.9,17
2738.1,27
2739.8,8
2740.1,13
2740.1,37
2741.7,12
2742.4,25
2742.5,4
2742.7,28
2744.1,31
2744.2,30
2744.6,11
2744.7,21
2745.0,10
2745.3,35
2745.7,20
2746.0,33
2746.5,1
2746.8,16
2747.2,0
2747.6,29
2747.7,6
2747.8,39
2748.8,7
2751.4,18
2751.5,13
2751.7,17
2751.8,27
2752.0,25
2753.1,32
2753.3,22
2753.5,24
2753.9,23
2754.1,15
2754.7,12
2755.6,34
2756.2,2
2756.2,3
2756.3,20
2756.3,29
2756.7,30
2760.2,8
2760.9,31
2761.8,1
2761.8,14
2762.0,21
2762.1,4
2762.5,16
2762.7,17
2763.1,7
2763.3,6
2763.5,20
2763.9,5
2763.9,26
2764.2,27
2764.6,32
2767.3,13
2767.3,35
2767.5,3
2767.8,38
2768.2,33
2768.9,23
2769.3,37
2769.9,25
2770.7,12
2771.0,28
2771.5,29
2774.5,17
2775.1,1
2775.3,6
2775.8,7
2776.0,20
2776.2,32
2776.6,31
2776.6,39
2777.2,27
2777.4,2
2777.4,16
2777.6,15
2778.0,25
2778.3,29
2780.2,13
2780.3,33
2780.4,30
2784.5,20
2785.0,31
2785.1,10
2785.1,21
2786.0,6
2786.1,12
2786.2,25
2786.4,34
2786.6,26
2786.7,17
2786.7,22
2787.1,1
2787.2,4
2787.2,35
2787.3,24
2787.8,29
2787.9,3
2788.2,23
2788.3,27
2788.4,5
2788.7,0
2788.7,37
2788.8,14
2788.8,28
2788.9,7
2789.0,16
2789.2,30
2789.6,11
2789.8,33
2789.9,8
2790.3,13
2793.3,20
2794.4,9
2794.7,1
2796.0,25
2796.3,34
2796.6,31
2796.9,12
2797.1,32
2798.5,29
2798.6,16
2799.2,33
2799.4,27
2800.4,17
2800.4,23
2801.2,4
2804.0,20
2804.1,1
2805.7,31
2807.2,30
2807.7,35
2807.8,26
2808.4,37
2808.5,3
2808.8,21
2808.8,29
2809.0,25
2809.3,39
2809.8,28
2810.4,6
2810.5,13
2810.8,22
2811.1,33
2811.9,17
2812.3,20
2813.1,23
2813.5,12
2813.8,8
2813.9,5
2813.9,7
2814.3,1
2814.6,32
2814.7,35
2815.3,27
2818.6,24
2818.7,2
2818.9,14
2818.9,31
2819.2,0
2819.2,15
2819.2,25
2819.2,30
2819.8,21
2821.6,20
2822.8,16
2824.2,12
2824.4,29
2824.7,1
2825.0,17
2825.7,3
2825.9,28
2825.9,34
2826.0,33
2826.3,13
2827.1,10
2828.0,4
2829.0,6
2829.1,27
2829.7,23
2829.8,20
2830.9,7
2831.8,32
2833.5,21
2833.8,12
2834.0,25
2834.7,29
2835.3,1
2836.1,13
2836.4,31
2836.8,30
2836.8,37
2837.0,14
2838.7,4
2839.5,33
2839.6,17
2839.8,0
2840.6,22
2841.0,2
2841.5,20
2841.6,35
2841.7,26
2841.8,15
2842.4,16
2842.4,38
2842.5,23
2842.5,27
2843.7,6
2846.0,9
2846.0,39
2846.5,25
2847.1,32
2848.3,1
2848.6,29
2848.7,7
2849.6,20
2850.2,37
2850.4,12
2850.7,31
2851.4,13
2851.6,17
2851.7,5
2851.9,24
2851.9,30
2852.3,14
2852.7,3
2853.4,28
2854.0,33
2855.1,23
2856.0,27
2856.2,8
2856.2,10
2856.8,16
2857.4,21
2857.9,1
2859.3,25
2860.4,20
2860.7,39
2860.9,35
2863.4,6
2864.3,33
2864.5,12
2865.2,30
2865.6,13
2866.5,0
2866.6,15
2866.8,5
2867.0,32
2867.1,29
2867.5,17
2868.4,16
2868.8,7
2868.9,8
2869.2,20
2869.4,27
2869.9,31
2870.4,2
2870.7,1
2871.0,22
2873.4,26
2873.6,39
2873.6,25
2874.2,33
2874.5,4
2874.6,29
2874.7,28
2875.5,34
2875.9,3
2877.6,6
2878.1,13
2878.1,23
2878.7,11
2878.7,20
2878.9,27
2880.5,12
2880.7,1
2882.0,17
2883.3,29
2884.3,31
2884.8,32
2885.0,35
2885.6,16
2885.6,20
2886.0,38
2886.1,7
2886.6,33
2886.7,24
2886.8,5
2887.2,4
2887.7,30
2888.1,25
2888.2,8
2889.4,13
2889.6,22
2890.7,17
2891.5,12
2892.6,28
2893.1,27
2894.7,21
2895.0,29
2895.1,10
2895.5,1
2895.7,15
2896.6,20
2897.8,32
2897.9,39
2898.1,6
2898.3,31
2898.7,16
2898.8,25
2899.5,3
2899.7,34
2900.8,9
2902.1,22
2902.3,17
2903.2,23
2903.8,33
2904.2,27
2904.3,4
2904.6,14
2905.2,0
2905.8,30
2906.0,12
2906.3,20
2906.6,1
2906.8,37
2907.9,7
2909.2,26
2909.9,16
2909.9,29
2910.3,13
2910.6,32
2911.5,21
2913.0,25
2913.4,17
2914.2,28
2914.3,31
2914.4,35
2914.9,20
2915.4,15
2915.6,27
2916.1,6
2916.1,8
2916.7,39
2916.8,1
2918.2,12
2919.7,16
2922.2,3
2922.8,11
2923.0,13
2923.2,30
2923.7,29
2924.1,33
2924.2,1
2924.2,20
2924.4,25
2924.7,7
2925.0,4
2925.9,8
2926.2,21
2927.0,22
2927.4,24
2928.0,17
2928.0,23
2928.0,27
2928.4,32
2930.0,6
2930.0,35
2930.7,9
2930.8,31
2931.0,1
2932.3,15
2932.7,25
2933.7,20
2936.1,16
2936.1,39
2936.8,34
2936.9,14
2937.4,27
2937.8,37
2938.5,5
2939.0,13
2939.6,12
2939.7,29
2940.4,17
2941.0,0
2941.0,4
2941.1,28
2941.1,30
2942.3,2
2942.3,23
2942.7,33
2943.1,22
2943.2,3
2943.7,7
2943.8,25
2944.4,20
2944.8,1
2945.1,32
2945.3,35
2947.2,21
2948.6,16
2948.8,6
2949.1,38
2949.8,37
2950.0,29
2950.0,31
2950.7,20
2951.9,13
2951.9,26
2953.9,1
2954.6,12
2954.8,33
2955.1,10
2955.1,27
2955.9,28
2956.5,15
2957.2,39
2957.6,17
2957.6,24
2958.2,25
2958.4,23
2958.4,29
2958.5,16
2958.8,34
2959.1,30
2959.5,14
2959.9,8
2960.6,20
2962.2,7
2962.5,4
2963.5,6
2963.5,22
2963.7,32
2964.1,27
2964.2,1
2965.6,13
2967.3,31
2967.6,35
2967.7,12
2968.5,3
2968.8,33
2969.2,9
2969.7,21
2969.8,5
2969.8,20
2969.8,25
2971.1,29
2974.6,17
2975.9,16
2976.5,28
2976.6,6
2977.0,8
2977.1,14
2978.2,15
2978.5,1
2978.7,13
2978.8,20
2979.5,7
2979.5,31
2979.9,30
2980.0,27
2980.1,23
2980.2,4
2980.6,0
2980.6,39
2981.0,32
2981.1,10
2981.2,33
2981.7,29
2982.2,25
2984.1,22
2984.8,17
2985.0,12
2985.8,24
2985.9,20
2986.6,16
2987.8,2
2989.1,21
2990.1,32
2990.2,4
2990.9,27
2991.1,37
2991.9,35
2992.2,1
2992.7,34
2992.8,3
2992.8,29
2992.9,14
2993.0,30
2993.5,7
2993.9,12
2994.5,25
2994.5,33
2994.7,13
2994.9,20
2995.2,6
2996.2,23
2998.3,31
2998.4,28
3000.0,17
3001.1,15
3001.1,21
3001.1,39
3001.6,16
3003.0,6
3003.6,20
3006.3,25
3007.2,1
3007.6,27
3007.8,33
3008.3,5
3008.5,30
3009.4,10
3009.5,2
3009.7,32
3010.5,37
3010.8,9
3011.0,7
3011.2,29
3011.3,26
3011.5,12
3011.5,24
3011.9,13
3011.9,20
3012.1,8
3012.5,23
3012.9,6
3012.9,17
3013.1,34
3013.4,14
3014.3,35
3014.6,1
3015.5,16
3016.5,25
3018.2,29
3018.6,30
3019.2,27
3019.7,31
3020.0,4
3020.5,39
3021.4,21
3022.1,20
3022.4,12
3023.0,28
3023.5,7
3024.7,1
3024.7,15
3025.1,6
3025.3,13
3026.2,22
3027.4,3
3027.7,16
3028.1,17
3028.7,32
3030.1,30
3030.2,21
3030.8,0
3031.1,29
3031.3,25
3031.5,23
3031.6,20
3031.7,8
3031.9,12
3031.9,34
3032.0,33
3032.0,35
3032.6,31
3032.8,14
3033.5,24
3033.7,27
3034.1,13
3034.5,1
3035.4,4
3036.4,16
3037.0,6
3037.2,20
3038.7,7
3039.4,12
3042.1,33
3042.3,3
3042.8,29
3043.6,13
3043.8,28
3044.3,25
3044.4,17
3044.5,15
3044.5,35
3044.8,5
3045.0,10
3045.0,26
3045.7,38
3047.2,32
3047.4,1
3047.4,27
3048.6,39
3048.7,30
3048.9,16
3049.1,20
3049.1,31
3049.6,22
3050.2,23
3051.0,14
3051.1,29
3051.6,12
3052.4,4
3052.5,25
3052.6,13
3052.7,24
3054.4,17
3054.7,37
3054.8,7
3057.0,6
3057.3,21
3057.8,1
3057.9,20
3057.9,27
3059.5,29
3060.5,25
3061.7,8
3061.9,33
3062.7,12
3063.3,32
3063.6,5
3064.1,22
3064.3,30
3064.6,23
3064.7,0
3065.4,35
3066.4,31
3066.8,17
3067.5,16
3067.6,20
3067.9,1
3068.6,21
3069.2,29
3069.3,28
3069.5,3
3069.7,33
3069.8,7
3070.1,13
3070.4,15
3071.6,34
3071.9,39
3072.1,14
3072.2,2
3072.8,4
3073.0,32
3073.8,6
3074.1,27
3075.9,25
3076.5,10
3076.9,12
3077.3,20
3078.9,26
3078.9,30
3079.7,31
3079.8,16
3079.9,1
3079.9,29
3080.4,24
3080.5,37
3080.9,17
3081.3,39
3084.6,35
3084.9,38
3086.3,7
3086.4,32
3086.6,33
3086.8,13
3086.8,23
3087.4,21
3087.5,27
3087.6,10
3088.1,0
3088.3,8
3088.4,5
3088.4,20
3090.0,16
3090.2,17
3090.6,34
3091.9,1
3092.7,29
3092.9,15
3093.3,30
3094.2,25
3095.1,20
3095.6,6
3095.7,4
3095.7,28
3096.3,9
3096.9,23
3097.0,21
3097.3,31
3097.9,3
3098.0,7
3098.4,24
3098.4,39
3098.7,12
3098.8,37
3099.0,22
3099.0,33
3100.3,32
3100.9,35
3101.8,13
3102.1,29
3104.2,2
3105.9,1
3106.4,17
3106.5,27
3106.7,10
3107.2,25
3107.4,20
3107.6,16
3107.9,26
3108.9,15
3109.1,6
3109.5,14
3110.5,33
3110.9,28
3111.7,13
3111.8,38
3111.9,30
3113.1,23
3113.3,12
3113.5,4
3113.7,32
3113.8,3
3114.0,21
3114.2,29
3114.3,27
3114.4,20
3115.1,22
3115.2,6
3115.8,16
3116.0,7
3116.2,25
3116.4,1
3117.1,0
3120.2,5
3120.4,39
3121.9,31
3122.2,17
3123.2,28
3123.4,30
3124.2,34
3124.9,20
3124.9,37
3125.0,32
3125.2,29
3125.6,33
3125.7,25
3127.9,1
3128.3,26
3128.6,12
3128.8,21
3128.9,13
3128.9,35
3129.1,7
3129.3,15
3129.8,27
3132.7,17
3132.8,20
3133.2,8
3133.3,16
3133.3,23
3134.8,6
3134.9,24
3136.0,22
3136.3,29
3138.2,30
3139.0,21
3139.4,33
3139.8,34
3140.3,12
3141.6,25
3142.6,31
3143.4,4
3143.4,13
3143.4,20
3143.4,28
3143.4,39
3143.4,27
3143.6,1
3143.9,10
3145.5,29
3145.6,0
3146.6,8
3146.9,3
3146.9,37
3147.5,2
3147.7,32
3147.8,16
3148.6,17
3149.0,7
3149.2,30
3149.3,14
3150.4,6
3150.7,21
3151.0,12
3151.2,33
3152.7,35
3153.5,1
3154.9,25
3155.5,20
3155.8,29
3156.1,23
3157.9,27
3159.2,32
3159.6,31
3160.0,13
3160.2,6
3160.6,9
3161.5,16
3161.7,34
3162.2,30
3162.4,33
3163.4,17
3163.4,20
3163.9,1
3165.1,25
3166.7,21
3166.8,12
3167.3,28
3167.4,23
3167.5,5
3167.7,4
3167.7,15
3168.4,26
3168.5,29
3168.5,33
3168.7,27
3169.3,7
3169.5,22
3170.9,20
3171.0,31
3171.5,6
3171.6,3
3171.6,32
3171.6,39
3171.8,8
3172.5,35
3172.6,30
3173.0,10
3173.3,17
3174.2,25
3174.9,1
3175.0,13
3175.2,2
3175.9,38
3176.1,29
3176.7,37
3177.6,16
3179.5,20
3180.3,12
3180.4,14
3181.5,22
3182.4,21
3182.4,24
3183.1,0
3184.5,15
3184.7,33
3185.1,25
3187.3,1
3187.5,13
3187.6,31
3187.7,3
3187.8,28
3188.1,29
3188.4,27
3188.8,9
3189.2,20
3189.3,17
3189.8,39
3189.9,7
3190.3,4
3190.3,16
3190.7,32
3190.9,8
3190.9,30
3191.6,6
3192.9,23
3193.9,29
3196.0,20
3196.7,24
3196.7,33
3196.8,25
3197.2,0
3198.4,35
3198.5,12
3199.8,27
3200.0,5
3200.0,10
3200.4,39
3200.6,21
3201.5,16
3201.8,6
3202.1,32
3202.7,1
3202.7,8
3204.4,37
3204.8,20
3205.8,13
3205.9,29
3206.0,33
3206.7,7
3206.7,17
3207.5,31
3207.6,12
3208.1,2
3208.8,25
3210.3,30
3210.5,11
3213.7,20
3214.1,1
3214.1,28
3214.3,15
3214.3,32
3214.5,35
3214.6,21
3215.0,27
3215.0,34
3215.9,29
3216.1,22
3216.2,16
3216.5,33
3216.6,38
3216.8,23
3217.0,39
3217.9,3
3218.1,17
3218.2,12
3218.2,24
3218.6,6
3219.0,4
3220.1,13
3221.6,31
3221.8,25
3225.5,30
3225.9,20
3225.9,27
3226.1,21
3226.5,7
3226.8,14
3227.4,37
3227.7,16
3228.2,1
3228.2,33
3228.4,28
3229.6,8
3230.1,9
3230.4,29
3230.5,32
3230.7,23
3231.1,17
3231.1,25
3231.4,6
3231.6,24
3232.7,7
3232.9,20
3232.9,13
3234.0,39
3235.3,3
3235.8,12
3236.0,2
3236.8,31
3237.8,35
3239.0,30
3239.3,4
3239.4,29
3239.9,27
3240.0,25
3243.0,17
3243.6,33
3244.0,15
3244.0,20
3244.2,1
3244.2,16
3244.9,12
3245.1,7
3246.6,14
3247.2,23
3247.6,13
3247.6,28
3247.7,37
3247.8,5
3248.2,6
3248.2,26
3249.4,20
3249.7,21
3249.7,32
3250.2,8
3251.5,29
3251.8,34
3252.4,33
3253.1,30
3253.7,25
3254.5,27
3254.6,17
3255.2,1
3255.2,31
3255.8,37
3257.1,24
3257.2,0
3257.2,3
3258.8,12
3258.8,35
3259.3,7
3259.4,13
3260.4,32
3261.2,10
3261.3,20
3261.6,25
3261.9,22
3262.5,23
3262.5,29
3263.4,16
3265.7,1
3267.0,20
3267.1,30
3267.2,6
3267.2,17
3267.3,12
3267.3,33
3267.4,2
3267.6,11
3267.6,27
3268.6,4
3268.6,38
3268.6,39
3268.6,14
3268.6,15
3270.1,8
3270.1,31
3272.9,28
3273.8,13
3274.1,32
3275.1,7
3275.2,3
3275.4,29
3275.6,21
3277.4,25
3278.9,20
3279.5,0
3279.6,16
3280.0,5
3280.7,1
3281.6,27
3282.0,34
3282.5,6
3282.8,23
3283.3,35
3283.5,33
3283.6,4
3283.7,32
3283.9,12
3284.1,30
3284.3,17
3285.0,26
3285.9,13
3287.5,25
3287.7,31
3289.0,22
3289.1,29
3289.2,20
3289.6,21
3290.1,16
3291.4,24
3291.6,39
3291.8,14
3292.8,27
3294.8,1
3296.1,35
3296.2,4
3296.2,13
3296.2,32
3296.3,11
3296.4,2
3296.5,37
3297.0,20
3297.7,23
3298.9,6
3299.0,7
3299.5,33
3299.8,17
3301.2,8
3301.4,34
3301.7,12
3301.9,30
3301.9,31
3303.5,15
3303.5,29
3303.6,27
3303.7,25
3305.0,20
3306.1,1
3306.3,16
3306.9,32
3308.4,21
3308.6,13
3309.1,7
3309.2,35
3309.8,22
3310.2,23
3310.9,30
3312.7,4
3313.3,20
3314.2,6
3314.7,28
3314.7,17
3315.1,25
3315.5,1
3315.8,31
3315.9,27
3316.4,33
3316.5,3
3316.5,12
3317.3,21
3319.4,16
3319.9,5
3320.2,29
3320.4,24
3321.4,32
3321.4,37
3321.7,13
3322.7,4
3322.9,20
3323.5,15
3324.3,1
3325.4,30
3326.9,0
3328.6,14
3328.7,26
3328.8,28
3329.4,25
3329.5,7
3329.6,23
3329.8,16
3329.8,33
3330.3,22
3330.3,27
3330.4,17
3331.1,20
3332.2,6
3332.7,12
3333.1,34
3333.6,32
3333.7,21
3333.8,29
3333.8,35
3334.6,11
3336.1,31
3336.5,39
3337.1,24
3337.3,2
3338.0,13
3338.5,1
3338.5,3
3340.9,8
3341.0,20
3341.3,33
3341.4,25
3342.7,16
3343.0,30
3343.3,17
3343.4,29
3343.6,27
3345.0,21
3346.3,4
3346.9,6
3347.0,7
3348.7,1
3350.2,15
3350.2,25
3351.6,31
3351.9,32
3351.9,35
3352.0,10
3352.2,12
3352.2,20
3352.4,26
3353.1,29
3353.5,16
3353.6,37
3353.9,23
3355.2,17
3355.3,6
3356.7,22
3356.8,3
3356.9,34
3356.9,38
3357.2,30
3357.3,14
3357.5,33
3358.3,13
3359.3,27
3362.0,28
3363.0,20
3363.3,1
3363.5,25
3363.6,21
3364.7,16
3364.9,12
3364.9,39
3365.6,5
3365.6,23
3365.9,29
3367.1,31
3367.1,32
3367.3,4
3368.5,35
3369.4,0
3369.6,27
3370.0,15
3370.6,7
3371.4,17
3372.1,33
3372.3,30
3373.0,1
3373.7,20
3373.8,13
3373.8,22
3373.9,2
3373.9,28
3374.2,8
3374.3,10
3375.0,6
3378.0,25
3378.1,32
3379.0,12
3379.2,3
3379.3,34
3379.5,4
3380.8,31
3382.0,29
3383.7,20
3384.0,35
3384.2,16
3384.5,1
3384.6,6
3384.9,30
3385.1,27
3385.2,7
3385.2,17
3385.2,22
3385.3,23
3385.4,21
3385.9,5
3386.9,31
3387.1,13
3387.1,25
3388.2,33
3391.1,24
3391.3,14
3391.3,39
3391.7,29
3391.9,32
3392.2,15
3392.5,20
3392.8,12
3392.9,0
3393.1,28
3393.2,16
3394.4,37
3394.7,8
3395.2,17
3396.2,1
3396.4,30
3399.1,20
3399.6,25
3400.1,6
3401.6,7
3402.4,33
3402.9,26
3403.5,29
3403.9,10
3403.9,21
3404.1,12
3404.2,27
3404.5,31
3404.6,13
3405.6,32
3405.7,3
3405.8,23
3406.3,34
3407.0,22
3408.3,17
3409.0,1
3409.5,20
3410.1,25
3410.3,4
3410.8,35
3411.2,16
3412.6,30
3413.3,12
3413.6,38
3413.7,6
3413.7,29
3413.9,8
3414.3,20
3414.6,7
3415.3,27
3415.3,0
3417.7,24
3418.3,21
3418.4,23
3418.6,17
3418.6,28
3418.7,31
3421.2,33
3421.4,5
3421.5,32
3422.2,3
3422.2,39
3422.4,13
3422.5,6
3423.2,1
3423.7,22
3423.7,25
3424.4,30
3424.7,20
3426.6,15
3427.7,12
3427.8,7
3427.9,17
3427.9,35
3428.3,27
3428.4,16
3428.5,34
3428.6,14
3430.3,29
3431.5,31
3432.8,13
3433.1,25
3433.3,32
3433.8,6
3434.0,20
3434.3,21
3434.9,0
3435.7,1
3435.7,23
3436.3,37
3437.9,28
3438.0,35
3439.7,30
3439.9,4
3440.6,29
3441.5,33
3442.6,12
3442.6,16
3443.4,27
3443.7,20
3445.0,8
3445.5,1
3445.6,7
3446.9,25
3447.0,13
3447.0,17
3447.2,9
3447.4,15
3447.6,22
3447.7,2
3447.7,31
3447.9,3
3447.9,11
3448.1,5
3448.1,39
3448.3,23
3448.4,26
3448.6,29
3448.7,30
3449.2,10
3449.2,38
3449.5,32
3449.9,6
3450.2,20
3451.0,37
3452.3,14
3453.9,28
3454.7,35
3457.3,4
3457.3,21
3457.3,34
3457.4,27
3457.9,33
3458.5,13
3458.7,1
3459.2,12
3459.2,20
3459.3,17
3460.3,25
3460.4,29
3461.0,6
3461.3,31
3461.5,16
3461.5,32
3461.6,30
3462.0,23
3464.4,11
3466.1,1
3466.1,7
3466.3,33
3466.5,3
3467.7,20
3468.4,0
3468.4,38
3468.6,35
3468.7,31
3469.5,25
3469.7,27
3470.5,13
3471.3,29
3473.0,17
3473.3,24
3473.8,37
3473.9,30
3474.4,15
3474.5,32
3475.4,6
3475.8,21
3475.9,12
3477.0,16
3477.1,20
3478.8,23
3480.1,25
3480.2,8
3480.4,27
3480.7,1
3480.8,13
3481.6,28
3481.7,29
3482.9,31
3483.9,5
3485.3,14
3485.4,10
3485.8,12
3487.5,33
3487.5,39
3488.8,17
3488.8,34
3488.9,26
3489.1,3
3489.2,20
3489.2,21
3489.6,7
3489.9,29
3489.9,30
3490.7,19
3490.7,32
3491.0,22
3491.1,6
3491.5,2
3492.0,27
3492.7,1
3493.1,25
3493.8,13
3497.1,31
3497.7,15
3497.7,23
3499.4,33
3499.8,20
3500.0,16
3501.7,35
3503.0,21
3503.5,5
3503.5,30
3503.6,38
3504.0,28
3504.5,25
3504.6,6
3504.7,29
3504.8,7
3504.9,12
3505.0,0
3505.0,13
3505.1,4
3506.0,27
3506.9,37
3507.7,20
3507.7,32
3509.8,17
3510.0,23
3510.4,1
3510.4,24
3511.0,33
3511.2,10
3511.6,31
3512.2,26
3514.3,16
3515.2,30
3515.4,35
3516.3,14
3516.3,21
3516.3,29
3516.4,22
3516.7,8
3517.0,1
3517.3,20
3517.7,25
3518.3,6
3519.4,27
3519.6,31
3521.1,12
3522.5,7
3522.6,13
3522.8,32
3522.9,39
3523.4,20
3523.7,34
3524.3,33
3524.5,15
3524.6,25
3525.1,1
3525.4,17
3525.8,29
3527.9,4
3528.6,35
3529.0,27
3529.3,30
3529.6,14
3529.9,28
3530.2,21
3532.6,9
3532.6,20
3532.7,3
3533.8,23
3535.4,10
3536.7,12
3537.2,29
3537.7,25
3538.1,1
3538.3,0
3538.4,30
3538.4,31
3538.4,32
3539.1,13
3539.9,16
3540.6,17
3541.0,7
3542.1,27
3542.2,6
3542.7,20
3543.2,15
3543.9,24
3544.0,33
3544.1,37
3544.3,26
3547.1,38
3547.7,29
3548.0,4
3548.2,34
3548.8,3
3548.8,22
3548.9,12
3550.3,23
3550.4,13
3550.9,16
3551.2,30
3551.4,7
3551.9,35
3552.2,31
3552.3,17
3552.4,25
3553.8,1
3554.2,20
3554.8,21
3555.2,8
3555.4,28
3557.2,29
3557.2,33
3558.0,27
3558.4,14
3561.3,3
3561.5,5
3561.5,7
3561.5,15
3561.5,32
3561.6,0
3561.7,16
3562.1,4
3562.1,34
3562.2,6
3562.4,20
3562.5,23
3562.6,1
3562.8,13
3562.9,25
3562.9,39
3567.3,12
3567.3,17
3567.4,21
3567.4,33
3569.0,30
3570.6,20
3570.8,35
3571.0,2
3571.2,29
3572.9,23
3574.2,37
3574.5,1
3575.1,16
3575.1,18
3575.9,32
3576.0,27
3576.2,25
3576.6,9
3577.2,13
3577.4,28
3577.7,31
3578.2,35
3578.4,8
3578.8,7
3579.6,24
3579.7,4
3581.9,14
3583.2,20
3583.3,12
3583.3,17
3583.6,34
3583.7,22
3584.3,15
3584.4,25
3584.6,33
3585.0,30
3585.1,6
3586.2,1
3586.4,29
3586.8,27
3588.8,21
3589.1,23
3589.1,32
3590.6,13
3591.1,7
3592.0,16
3592.5,17
3594.7,20
3595.0,28
3595.1,35
3595.1,39
3595.5,31
3596.3,3
3596.3,25
3596.4,8
3597.1,1
3597.1,33
3597.7,12
3597.7,29
3601.1,9
3601.3,27
3602.0,17
3602.1,37
3602.6,34
3603.0,13
3603.0,20
3603.1,6
3603.2,14
3603.2,28
3603.3,4
3603.3,30
3603.4,0
3604.2,22
3604.3,23
3604.5,7
3604.6,24
3604.8,21
3606.0,29
3606.3,33
3607.0,10
3607.0,16
3607.0,32
3608.8,2
3609.1,15
3609.1,25
3610.0,1
3610.3,35
3610.6,20
3610.9,26
3611.0,12
3611.9,27
3615.2,17
3615.9,31
3616.4,37
3616.5,6
3618.1,16
3618.3,29
3618.6,30
3618.9,32
3619.1,13
3619.1,33
3619.6,23
3620.1,20
3621.1,1
3621.1,7
3621.3,39
3622.6,12
3623.0,14
3625.1,8
3625.2,28
3625.4,3
3625.6,21
3625.8,17
3626.8,25
3626.8,27
3627.5,35
3629.2,20
3629.7,6
3630.9,34
3631.0,4
3631.0,29
3631.4,13
3631.8,16
3631.9,1
3632.3,5
3634.1,30
3634.2,7
3634.3,15
3635.3,27
3635.7,32
3635.9,33
3636.1,23
3636.5,2
3636.6,12
3637.5,20
3637.8,10
3638.8,31
3639.4,25
3639.6,28
3639.8,17
3640.4,22
3642.6,1
3643.3,21
3643.9,33
3644.2,13
3644.2,29
3644.3,14
3644.5,26
3644.9,24
3645.0,8
3645.0,16
3645.0,34
3645.3,20
3645.9,0
3646.8,37
3649.7,3
3649.7,27
3649.9,12
3650.8,1
3650.8,30
3650.9,6
3651.0,35
3651.6,23
3652.3,31
3652.7,17
3653.1,9
3653.1,32
3653.1,38
3653.3,15
3653.5,20
3653.7,7
3653.8,39
3654.1,16
3654.5,13
3654.9,24
3656.2,25
3658.5,27
3660.1,33
3660.2,4
3660.2,35
3660.4,29
3660.8,1
3663.0,20
3664.7,21
3664.9,32
3665.0,12
3665.2,0
3666.0,16
3666.0,23
3666.4,7
3666.4,28
3667.0,17
3667.1,34
3667.7,27
3667.7,30
3667.9,4
3669.6,13
3670.9,2
3672.2,20
3672.6,29
3672.7,15
3672.7,31
3673.5,25
3673.7,1
3673.9,5
3674.2,17
3676.4,32
3676.6,35
3677.2,12
3677.9,8
3677.9,16
3678.9,7
3678.9,33
3679.2,14
3679.3,22
3679.5,4
3680.8,23
3681.0,27
3681.6,20
3682.3,13
3682.6,3
3684.1,39
3684.7,26
3685.6,30
3685.7,1
3686.1,17
3686.7,33
3687.0,6
3687.1,25
3687.2,29
3687.4,31
3687.7,24
3687.8,37
3688.2,9
3688.2,21
3691.5,28
3691.8,20
3692.9,30
3693.2,32
3693.3,16
3693.4,1
3693.5,38
3694.2,15
3694.5,35
3694.7,23
3696.0,25
3696.1,12
3696.7,13
3697.0,27
3697.2,20
3697.5,31
3697.8,29
3700.5,33
3701.0,34
3701.8,0
3701.9,5
3702.3,7
3703.2,4
3703.7,28
3703.9,1
3703.9,16
3703.9,17
3704.6,23
3705.6,27
3705.8,12
3706.0,21
3706.1,37
3706.4,25
3706.7,6
3706.7,30
3706.8,32
3707.0,35
3707.1,29
3707.7,9
3708.7,8
3708.7,20
3709.5,31
3712.5,39
3713.3,22
3713.8,13
3714.0,17
3715.2,14
3715.6,29
3715.6,7
3715.9,23
3716.0,20
3716.6,33
3717.1,3
3717.4,12
3717.7,1
3718.2,10
3718.5,30
3719.1,25
3719.3,31
3720.0,15
3720.1,21
3720.3,35
3721.1,27
3722.2,32
3722.4,2
3722.5,6
3724.1,13
3724.3,28
3724.8,4
3726.1,16
3726.1,20
3726.1,34
3728.3,33
3728.4,1
3728.7,9
3730.0,27
3730.3,17
3730.8,24
3731.0,31
3731.2,7
3731.3,8
3731.6,25
3731.6,39
3732.2,29
3732.6,12
3732.8,26
3734.9,34
3734.9,35
3735.9,19
3736.0,20
3736.0,37
3736.4,6
3737.6,1
3737.7,30
3738.1,5
3738.2,21
3738.4,33
3738.8,13
3739.7,32
3739.8,14
3740.3,0
3742.5,23
3742.8,31
3743.0,3
3743.1,22
3743.2,28
3743.5,29
3743.6,17
3744.2,25
3744.8,7
3744.9,4
3745.2,20
3746.4,24
3746.7,27
3749.2,16
3750.0,12
3750.2,1
3751.2,33
3751.4,30
3751.6,2
3751.7,13
3751.8,32
3751.9,29
3753.2,35
3754.1,21
3754.6,15
3754.8,20
3755.9,25
3757.1,39
3758.1,34
3758.3,31
3758.5,0
3758.8,27
3759.2,23
3759.5,6
3760.0,1
3760.0,7
3760.3,9
3760.5,29
3760.7,33
3762.9,20
3763.0,16
3763.5,17
3764.1,37
3765.1,38
3765.9,32
3766.1,27
3766.4,24
3766.7,12
3767.7,1
3767.9,25
3768.4,10
3768.6,4
3769.0,22
3769.4,13
3769.5,29
3769.6,35
3770.0,3
3770.3,21
3770.4,20
3770.7,8
3771.7,28
3771.8,30
3772.1,26
3772.3,23
3773.1,39
3773.8,6
3773.8,17
3774.3,5
3775.0,16
3775.3,7
3775.5,31
3776.7,27
3777.1,20
3777.2,34
3777.4,25
3779.1,33
3780.2,29
3780.6,32
3782.3,13
3782.5,14
3783.3,1
3783.6,3
3783.9,12
3785.0,21
3786.7,15
3787.3,30
3787.9,6
3787.9,20
3788.1,31
3788.6,2
3789.5,25
3789.5,35
3790.2,17
3790.5,33
3790.7,16
3790.7,24
3790.8,4
3791.2,23
3792.5,29
3794.1,37
3794.2,1
3794.5,13
3794.7,7
3795.0,28
3795.2,22
3795.9,20
3797.7,27
3798.1,32
3798.3,8
3799.7,11
3800.1,24
3800.2,26
3800.3,30
3800.5,10
3801.3,17
3801.4,3
3801.4,21
3801.5,25
3801.8,34
3801.9,5
3802.0,12
3802.1,39
3802.3,16
3802.3,23
3802.5,31
3805.1,13
3805.5,35
3806.8,1
3806.8,20
3807.5,27
3807.5,29
3809.8,25
3810.6,28
3811.0,7
3811.3,33
3811.5,6
3811.8,32
3812.1,4
3812.4,38
3813.3,12
3813.8,20
3815.0,17
3815.4,37
3816.9,13
3817.6,31
3817.7,29
3817.9,1
3817.9,30
3818.1,9
3818.5,8
3819.9,14
3819.9,15
3820.0,16
3820.1,26
3820.6,21
3820.8,27
3821.2,23
3821.5,20
3823.2,35
3823.8,29
3824.8,0
3826.4,7
3826.5,33
3826.9,13
3827.5,5
3828.9,28
3829.0,25
3829.1,22
3829.5,17
3829.5,32
3829.6,16
3829.9,4
3830.3,1
3830.6,6
3830.8,10
3830.9,20
3831.4,34
3833.7,31
3833.8,30
3834.0,37
3834.3,27
3834.6,29
3834.7,12
3835.5,3
3836.9,2
3838.5,20
3839.2,33
3840.3,35
3840.4,13
3840.6,25
3843.3,39
3843.7,7
3843.7,29
3843.9,6
3845.0,4
3845.2,1
3845.4,17
3845.5,3
3845.9,33
3846.0,16
3846.0,23
3846.1,28
3846.2,15
3846.2,21
3847.8,20
3847.9,12
3848.6,22
3849.4,27
3849.8,9
3850.9,24
3851.0,25
3851.2,32
3853.4,30
3853.5,31
3853.6,14
3854.3,8
3854.6,20
3854.7,29
3854.9,7
3855.2,1
3855.3,13
3855.7,39
3855.8,35
3856.9,26
3857.5,16
3857.6,6
3858.0,23
3858.5,33
3858.8,5
3858.8,32
3860.3,25
3861.2,27
3862.0,12
3864.3,17
3865.2,29
3865.5,1
3865.6,3
3865.6,31
3865.8,20
3865.9,15
3866.0,34
3866.3,30
3866.5,37
3866.5,13
3866.9,0
3867.0,21
3867.3,7
3867.6,16
3867.7,4
3870.5,33
3871.2,35
3873.8,25
3874.1,32
3874.7,6
3875.4,27
3875.9,20
3876.3,39
3876.9,4
3877.0,12
3877.0,34
3877.2,21
3877.7,17
3878.0,23
3878.3,1
3878.3,29
3878.6,13
3879.4,24
3880.2,7
3881.5,28
3881.5,33
3881.7,9
3882.0,22
3882.3,2
3883.2,20
3883.3,15
3883.8,31
3884.3,25
3885.1,8
3885.8,16
3886.4,37
3887.3,1
3887.3,5
3887.3,17
3887.3,30
3888.3,26
3888.6,3
3889.1,27
3889.1,29
3889.5,14
3889.7,13
3890.1,32
3891.7,6
3892.4,33
3892.6,20
3892.9,35
3894.1,23
3894.7,12
3895.8,21
3896.6,25
3898.6,29
3898.8,32
3898.9,7
3900.2,34
3900.4,20
3900.7,27
3901.7,1
3901.9,4
3902.0,13
3902.6,16
3903.4,30
3903.7,28
3904.2,39
3904.5,8
3905.7,12
3905.7,23
3906.1,17
3906.6,25
3906.7,3
3907.1,33
3907.5,29
3907.8,35
3908.1,31
3908.5,7
3909.1,15
3910.4,6
3910.6,5
3911.0,27
3912.1,14
3912.5,22
3912.7,20
3913.1,21
3913.3,1
3915.5,25
3916.7,33
3917.4,34
3917.8,26
3917.9,17
3918.0,30
3918.5,16
3918.6,2
3919.6,32
3919.8,10
3919.9,6
3920.2,4
3920.6,13
3920.8,29
3921.5,20
3923.5,1
3923.5,27
3924.7,31
3924.9,12
3925.0,7
3926.3,28
3926.4,25
3926.7,37
3927.7,29
3928.6,39
3930.1,32
3930.3,17
3930.7,0
3930.9,21
3931.1,14
3931.2,20
3933.3,3
3933.4,22
3933.8,6
3933.8,12
3934.3,24
3934.4,15
3935.1,16
3935.4,25
3935.6,5
3935.6,13
3935.6,35
3935.8,34
3936.8,7
3937.0,30
3937.1,33
3938.4,4
3938.4,20
3938.4,29
3938.6,1
3938.7,27
3939.2,31
3943.9,26
3945.2,16
3945.2,19
3945.2,32
3947.1,17
3948.1,21
3948.4,23
3948.5,10
3948.6,1
3948.8,29
3949.3,20
3949.4,28
3949.6,39
3949.7,35
3949.9,12
3950.3,22
3950.7,7
3950.7,27
3950.7,33
3951.3,6
3952.6,30
3954.1,8
3954.9,25
3955.7,3
3956.1,32
3956.5,31
3956.7,13
3957.2,16
3957.2,26
3957.6,15
3957.9,24
3958.3,14
3959.6,17
3959.9,20
3960.7,35
3961.4,33
3961.5,25
3962.4,4
3964.6,21
3964.6,29
3964.8,27
3965.9,1
3966.3,34
3966.4,12
3966.5,20
3966.7,23
3967.1,30
3967.6,37
3967.7,5
3968.2,7
3971.5,25
3971.9,28
3972.3,3
3973.5,2
3974.0,13
3974.3,33
3974.5,15
3975.8,29
3975.9,27
3976.0,20
3976.0,32
3976.3,11
3976.7,16
3976.8,1
3976.9,6
3976.9,31
3977.6,12
3977.8,17
3977.8,22
3978.6,14
3979.2,23
3979.5,39
3979.6,35
3981.0,26
3981.6,38
3984.3,13
3985.7,7
3985.7,10
3986.0,20
3986.2,8
3987.7,3
3987.8,30
3987.9,21
3988.0,29
3988.1,25
3988.5,27
3988.5,32
3989.0,17
3989.9,22
3990.6,12
3990.9,33
3992.8,37
3993.2,31
3993.3,6
3994.6,0
3994.8,16
3994.9,1
3995.4,4
3996.0,5
3996.3,20
3998.0,28
3998.2,7
3998.2,13
3998.2,24
3999.1,35
3999.6,32
4000.7,8
4001.7,34
4001.8,25
4002.5,6
4002.5,29
4002.9,23
4003.2,21
4003.3,15
4003.3,20
4003.6,10
4003.7,27
4004.8,1
4004.9,17
4006.2,3
4006.5,39
4007.6,12
4007.9,33
4011.6,25
4012.1,30
4012.3,29
4012.4,31
4012.7,13
4013.1,22
4013.5,27
4013.7,4
4013.7,21
4013.8,35
4014.4,20
4014.7,16
4015.6,34
4017.3,6
4017.9,32
4018.8,1
4019.1,12
4019.4,28
4019.5,26
4020.5,7
4020.9,23
4021.4,33
4022.9,30
4023.5,3
4023.9,37
4024.0,17
4024.0,29
4024.3,15
4024.3,25
4024.9,0
4025.1,31
4025.3,5
4025.3,14
4025.4,20
4025.9,12
4029.2,1
4029.9,22
4030.6,4
4030.7,16
4031.4,21
4031.5,25
4031.5,27
4031.7,13
4031.7,32
4031.8,33
4032.9,34
4033.0,35
4034.7,31
4034.8,30
4036.3,17
4037.2,39
4037.5,28
4037.7,6
4037.8,20
4040.2,2
4040.3,3
4040.3,7
4040.5,14
4040.9,12
4041.8,10
4042.0,1
4042.4,8
4042.4,29
4042.5,37
4043.3,13
4043.5,32
4044.1,25
4044.6,24
4044.6,33
4044.8,15
4044.9,23
4045.7,20
4046.1,21
4046.5,38
4046.9,17
4047.4,27
4048.3,22
4049.2,16
4049.9,35
4050.3,30
4050.6,31
4050.9,6
4051.6,28
4052.0,12
4052.1,34
4052.2,7
4053.5,39
4053.7,20
4054.4,1
4054.9,5
4055.0,29
4055.5,4
4057.1,33
4057.5,13
4058.2,17
4060.1,16
4060.2,26
4060.8,0
4061.0,23
4061.0,35
4061.4,15
4062.0,27
4062.5,7
4062.7,25
4064.0,21
4065.0,20
4065.6,13
4065.7,3
4066.1,31
4066.2,9
4066.2,32
4066.5,10
4067.3,6
4067.3,17
4067.6,24
4067.7,1
4068.5,2
4068.5,29
4070.8,8
4071.4,30
4072.8,20
4073.9,4
4074.3,33
4074.7,27
4074.8,25
4075.9,1
4075.9,12
4076.1,35
4076.2,7
4076.4,23
4076.9,29
4077.7,16
4080.1,37
4081.2,31
4082.5,17
4082.9,15
4083.3,6
4083.5,21
4083.7,13
4084.1,3
4084.6,32
4084.6,33
4084.8,20
4086.1,30
4087.0,28
4087.1,29
4087.8,14
4087.9,24
4087.9,27
4088.0,0
4088.0,1
4088.5,7
4088.5,39
4088.8,12
4089.4,5
4089.5,25
4092.1,34
4092.3,13
4093.6,16
4094.8,22
4095.2,32
4095.4,20
4096.4,29
4097.1,31
4097.3,1
4098.1,23
4098.2,25
4098.6,3
4098.7,6
4098.8,17
4099.4,8
4099.4,35
4099.8,12
4100.2,26
4100.3,28
4100.8,30
4101.3,21
4101.8,27
4103.2,33
4103.8,10
4104.6,20
4105.6,15
4106.4,17
4106.5,7
4106.9,39
4107.0,14
4107.7,4
4108.0,32
4108.1,8
4108.3,16
4108.5,5
4108.6,13
4108.6,22
4108.6,29
4108.8,38
4109.3,1
4110.1,6
4110.3,23
4111.0,31
4111.1,30
4112.0,20
4113.2,27
4113.4,33
4116.7,16
4116.7,25
4117.1,4
4117.1,28
4117.1,37
4117.3,12
4117.7,32
4118.4,21
4118.4,39
4119.2,24
4119.5,9
4119.6,1
4119.8,29
4119.9,30
4120.0,35
4121.6,13
4122.3,34
4122.5,33
4123.6,20
4125.0,17
4125.4,27
4125.5,7
4125.6,6
4126.0,14
4126.5,3
4126.6,31
4128.0,2
4128.9,29
4129.7,23
4129.9,22
4130.1,12
4130.3,8
4130.9,1
4131.6,27
4131.8,25
4132.0,20
4132.3,32
4134.9,16
4135.5,15
4136.2,17
4137.0,13
4139.1,30
4139.4,7
4139.4,33
4139.6,4
4140.0,20
4140.6,24
4140.9,12
4141.2,29
4141.7,21
4142.3,35
4142.4,1
4143.2,6
4143.4,11
4143.4,31
4144.1,27
4145.7,22
4146.0,17
4147.1,37
4147.4,25
4148.0,13
4148.8,9
4149.5,32
4150.0,20
4151.0,30
4151.2,34
4151.3,23
4151.5,3
4151.5,12
4151.6,21
4151.6,29
4151.6,33
4151.8,7
4151.8,16
4151.9,28
4152.8,39
4153.1,8
4153.3,26
4153.3,27
4154.1,14
4154.9,1
4155.5,17
4156.0,0
4156.2,35
4156.4,20
4159.6,6
4161.3,29
4161.4,5
4162.2,25
4163.6,16
4163.7,10
4163.7,31
4163.8,20
4163.8,32
4163.8,13
4164.0,30
4164.3,7
4164.9,27
4166.8,12
4167.2,23
4167.5,38
4168.0,17
4168.7,35
4170.7,33
4170.9,1
4171.4,15
4171.4,22
4172.5,31
4172.8,8
4172.9,37
4173.3,20
4173.5,39
4173.7,29
4174.4,4
4175.3,24
4175.9,27
4176.0,28
4176.4,6
4177.5,25
4178.5,26
4179.0,12
4179.9,21
4180.3,34
4180.8,13
4180.8,23
4181.1,33
4181.2,0
4181.5,3
4181.7,32
4182.1,17
4182.7,14
4183.1,7
4183.3,1
4183.5,16
4184.4,20
4184.7,2
4184.7,35
4185.0,30
4185.0,37
4185.2,4
4185.7,5
4186.3,31
4187.1,29
4187.3,6
4187.3,27
4188.2,25
4188.8,15
4190.0,22
4191.5,1
4192.4,32
4192.4,3
4192.7,23
4192.8,13
4192.9,12
4193.1,20
4194.6,17
4196.4,29
4198.3,21
4198.7,8
4198.9,33
4199.9,28
4200.8,16
4201.0,39
4201.1,20
4201.5,23
4202.4,31
4202.6,1
4202.7,7
4203.1,6
4203.7,35
4204.4,25
4204.9,38
4206.7,4
4207.0,13
4207.0,15
4207.1,27
4207.3,32
4207.7,14
4207.7,30
4208.0,17
4208.0,34
4208.8,37
4209.0,20
4209.0,29
4209.1,16
4209.9,5
4212.0,12
4212.3,25
4213.5,1
4213.8,3
4214.0,24
4216.7,33
4217.4,7
4217.8,20
4218.1,29
4219.1,27
4219.6,35
4219.9,1
4220.0,17
4220.2,32
4220.3,13
4220.5,19
4220.5,31
4221.0,23
4221.2,21
4222.2,8
4222.5,6
4223.1,12
4223.9,25
4224.1,30
4224.4,28
4224.7,0
4225.2,26
4225.7,39
4226.6,4
4226.6,16
4227.1,29
4227.2,33
4228.6,3
4228.6,15
4230.6,1
4230.8,20
4232.0,2
4232.3,13
4232.6,14
4233.2,7
4233.5,32
4234.6,27
4236.0,5
4236.4,22
4236.4,30
4236.9,31
4237.3,6
4237.5,25
4237.8,23
4238.2,35
4238.5,17
4239.7,29
4239.9,20
4240.0,10
4240.2,12
4240.4,7
4240.5,34
4241.2,21
4241.5,28
4242.2,1
4242.2,33
4242.4,3
4247.1,37
4249.0,9
4249.4,39
4249.7,16
4249.8,8
4249.9,23
4250.0,13
4250.0,20
4250.7,29
4250.7,27
4250.9,4
4251.0,12
4251.3,30
4251.5,32
4251.6,6
4252.1,15
4252.5,25
4253.1,33
4253.2,26
4253.4,17
4253.7,1
4256.3,7
4256.5,21
4256.6,28
4258.0,20
4258.4,35
4258.5,13
4259.8,9
4259.9,22
4261.0,2
4261.8,31
4262.0,1
4262.4,30
4262.9,33
4263.2,27
4263.5,10
4263.5,11
4264.3,29
4266.5,16
4267.1,17
4267.8,25
4268.1,23
4268.7,12
4268.9,4
4269.1,15
4270.0,7
4270.0,32
4270.1,20
4270.2,1
4271.0,3
4271.4,33
4271.6,30
4271.6,35
4271.7,39
4271.7,14
4271.9,13
4271.9,24
4272.1,28
4276.0,37
4277.0,22
4277.4,17
4277.8,29
4277.8,31
4278.0,16
4278.0,21
4278.1,27
4278.8,0
4278.8,8
4279.3,6
4280.2,25
4280.6,5
4280.6,26
4282.6,7
4283.3,20
4283.6,34
4284.3,32
4284.8,38
4285.3,12
4286.9,1
4287.3,24
4287.3,29
4288.4,17
4288.8,31
4289.2,30
4289.5,13
4289.8,25
4290.6,32
4291.3,4
4291.8,33
4291.8,3
4292.6,20
4292.8,12
4293.6,23
4293.9,27
4295.0,22
4295.9,21
4296.0,34
4296.6,16
4296.6,39
4296.7,2
4296.7,35
4296.9,28
4297.4,10
4298.2,1
4298.5,15
4298.7,29
4299.1,7
4299.1,14
4300.3,25
4301.2,17
4301.4,33
4302.1,30
4302.7,32
4302.8,0
4302.8,6
4303.7,13
4304.4,12
4304.9,27
4308.0,20
4308.1,29
4308.1,31
4308.5,1
4309.3,4
4311.2,35
4311.2,38
4311.3,16
4311.7,8
4312.0,24
4312.5,23
4313.9,20
4314.3,25
4314.7,12
4314.9,32
4315.0,7
4315.2,14
4315.2,17
4316.4,28
4316.5,3
4316.5,13
4317.0,26
4317.3,30
4317.6,27
4317.8,21
4317.9,33
4321.5,1
4321.6,31
4321.8,15
4322.0,29
4322.8,20
4323.7,7
4324.4,25
4326.9,39
4327.6,6
4327.7,4
4327.8,33
4328.7,11
4329.3,17
4329.5,8
4329.6,13
4330.5,12
4330.9,24
4330.9,31
4331.3,28
4331.4,32
4331.6,27
4331.7,34
4332.7,1
4332.7,20
4332.7,29
4332.8,16
4333.2,37
4333.6,23
4333.6,30
4335.0,0
4335.9,5
4337.4,3
4338.5,17
4338.6,10
4340.3,25
4340.3,35
4340.6,13
4340.8,33
4340.9,7
4341.4,9
4341.8,6
4342.1,20
4342.8,2
4342.9,21
4342.9,31
4343.2,22
4344.4,30
4344.8,12
4344.9,16
4345.1,4
4345.2,32
4345.2,38
4345.5,27
4346.1,1
4347.5,29
4349.8,33
4350.1,20
4350.1,23
4350.6,25
4351.1,14
4351.9,15
4353.9,17
4354.2,34
4355.2,13
4356.4,21
4356.5,26
4357.0,29
4357.8,28
4357.8,35
4357.9,7
4358.1,30
4358.2,12
4358.4,39
4358.6,31
4359.1,16
4359.4,22
4359.5,20
4360.1,8
4360.1,1
4360.7,5
4360.8,27
4361.2,2
4362.6,6
4362.9,32
4363.1,25
4363.4,35
4363.8,33
4364.7,29
4367.0,4
4368.0,3
4368.4,11
4368.6,24
4369.0,17
4369.0,26
4369.1,13
4369.5,23
4370.7,7
4370.8,0
4370.8,12
4371.1,1
4371.8,30
4371.9,27
4372.5,20
4372.6,25
4372.9,8
4375.3,21
4375.6,6
4375.6,15
4376.0,28
4376.2,16
4376.7,29
4376.8,33
4376.9,4
4377.1,35
4377.2,31
4377.4,38
4377.9,1
4379.2,32
4379.9,20
4381.9,27
4382.0,37
4382.9,13
4383.5,17
4383.8,39
4383.9,12
4384.4,30
4384.4,34
4385.1,24
4385.2,25
4385.5,10
4387.6,28
4387.7,14
4387.7,22
4388.7,4
4389.1,6
4389.1,20
4389.3,1
4389.3,23
4389.4,16
4389.4,29
4390.1,32
4390.6,12
4390.6,21
4391.2,31
4392.4,7
4393.2,15
4394.3,33
4396.5,20
4396.7,2
4396.7,17
4396.7,25
4396.7,27
4396.9,11
4397.1,35
4397.3,8
4397.3,29
4399.3,13
4399.8,26
4401.4,5
4401.6,31
4401.8,30
4403.7,6
4404.1,1
4404.8,20
4405.4,12
4406.4,32
4408.3,7
4409.1,27
4409.5,28
4409.6,33
4409.7,35
4409.7,37
4409.8,16
4409.8,21
4410.4,29
4410.7,17
4410.8,34
4411.1,3
4411.2,25
4411.5,13
4411.5,39
4411.7,0
4412.8,4
4413.6,23
4413.8,15
4414.4,20
4414.7,1
4414.7,6
4417.5,29
4418.2,32
4419.0,9
4419.6,30
4419.7,31
4419.9,12
4420.0,7
4420.2,27
4421.1,24
4421.4,22
4422.0,8
4422.6,25
4423.2,20
4424.4,17
4424.5,33
4425.2,16
4425.5,10
4425.7,5
4426.0,0
4426.0,13
4426.7,35
4427.5,38
4427.7,28
4428.0,29
4428.1,23
4428.3,12
4428.7,21
4429.3,1
4431.6,27
4431.7,14
4431.8,6
4431.8,15
4431.9,20
4433.1,37
4434.3,34
4436.5,30
4437.2,13
4437.6,7
4438.9,17
4439.6,32
4439.7,25
4440.1,35
4440.7,8
4440.9,4
4441.8,22
4442.1,31
4442.9,20
4443.4,3
4443.6,33
4443.8,1
4443.8,16
4443.8,23
4444.4,21
4444.7,29
4445.4,15
4445.5,25
4445.5,12
4445.5,30
4446.2,27
4446.3,10
4448.7,6
4448.9,13
4450.0,7
4451.5,28
4451.9,2
4451.9,20
4452.8,39
4452.9,8
4453.4,14
4453.4,29
4453.6,26
4454.8,17
4455.2,1
4455.2,32
4455.5,37
4456.3,16
4456.4,27
4458.1,4
4458.5,34
4458.8,12
4460.6,25
4460.7,6
4460.7,33
4461.4,0
4462.1,21
4462.1,30
4462.2,5
4462.2,13
4462.5,20
4462.8,23
4463.7,1
4463.7,24
4464.0,31
4466.2,39
4466.4,29
4466.8,7
4467.4,28
4467.5,35
4468.2,27
4468.2,32
4468.3,10
4469.8,20
4471.0,17
4471.2,25
4472.3,12
4472.3,16
4473.3,33
4473.6,14
4474.0,15
4474.1,8
4475.2,1
4476.0,30
4476.3,2
4476.3,22
4477.4,32
4477.8,13
4478.1,20
4479.8,31
4480.6,27
4480.6,29
4481.1,4
4481.1,6
4481.4,7
4482.6,25
4482.7,34
4484.1,35
4484.5,21
4485.5,28
4485.8,1
4486.8,20
4487.4,3
4488.4,16
4488.5,5
4488.9,12
4489.7,17
4490.3,23
4490.9,33
4491.2,29
4491.4,32
4491.9,8
4492.7,13
4493.1,30
4494.0,39
4495.7,25
4496.4,20
4496.5,7
4498.8,1
4499.1,31
4499.2,24
4500.5,27
4500.6,35
4500.9,2
4500.9,6
4500.9,22
4501.5,12
4501.8,15
4502.2,38
4502.4,29
4502.4,37
4502.7,23
4503.0,17
4503.9,34
4505.1,33
4505.9,16
4506.4,0
4508.4,30
4508.6,20
4509.5,25
4509.9,13
4510.1,21
4510.7,3
4511.0,5
4511.3,1
4511.4,4
4511.4,27
4512.6,9
4512.9,29
4513.4,32
4515.0,7
4515.0,8
4515.0,26
4515.5,17
4515.9,31
4515.9,35
4516.2,20
4516.7,12
4517.9,33
4520.1,28
4520.2,10
4520.2,39
4520.4,13
4520.6,15
4520.8,29
4521.2,14
4521.3,21
4521.4,16
4521.7,1
4522.1,23
4522.6,25
4523.0,30
4524.3,32
4524.7,12
4524.9,27
4525.4,6
4527.0,20
4528.1,34
4529.2,17
4529.8,22
4530.2,7
4530.6,31
4531.6,30
4532.7,13
4533.1,29
4533.9,20
4534.1,4
4534.7,27
4534.8,5
4534.8,35
4534.8,37
4535.1,1
4535.1,25
4536.4,33
4538.0,32
4538.5,24
4539.7,8
4539.9,21
4540.0,16
4542.3,1
4543.1,6
4543.2,0
4543.2,17
4543.3,28
4543.5,3
4544.0,10
4544.0,26
4544.2,12
4544.4,7
4544.5,29
4544.7,20
4544.7,30
4545.1,27
4545.3,39
4546.8,33
4547.5,35
4547.6,15
4548.0,16
4548.4,31
4548.5,23
4548.6,25
4548.9,13
4549.4,17
4549.5,4
4551.9,32
4552.5,22
4555.2,24
4555.2,28
4555.4,20
4555.4,21
4555.4,31
4556.8,29
4557.2,1
4558.0,30
4558.9,37
4559.1,17
4559.2,27
4559.3,35
4560.2,34
4560.2,6
4560.7,2
4561.5,25
4561.6,13
4561.6,14
4561.6,15
4561.7,16
4561.9,39
4563.2,12
4563.6,0
4563.8,7
4564.4,20
4565.4,10
4565.6,1
4566.1,3
4567.9,33
4568.3,22
4569.6,29
4569.7,28
4569.9,32
4570.4,26
4570.5,27
4570.8,8
4570.8,16
4571.0,7
4571.1,11
4571.5,21
4571.7,31
4572.0,4
4572.0,6
4572.2,20
4572.4,17
4572.4,38
4573.8,35
4574.8,25
4575.4,1
4575.4,30
4575.7,9
4575.8,13
4575.8,15
4577.4,23
4578.7,12
4579.9,34
4580.4,5
4581.9,17
4582.0,16
4582.0,20
4582.2,29
4583.2,3
4583.5,14
4583.7,33
4584.4,21
4584.5,32
4584.7,24
4584.8,4
4585.5,25
4586.1,12
4587.4,1
4587.5,0
4587.6,27
4587.8,7
4587.8,10
4587.8,37
4587.9,30
4588.5,2
4588.8,6
4589.1,34
4589.5,20
4591.7,13
4592.1,31
4593.7,29
4593.7,35
4594.0,23
4594.2,8
4594.3,28
4594.5,22
4594.6,26
4596.4,17
4596.9,33
4597.3,25
4597.6,39
4597.9,20
4598.1,1
4598.5,27
4599.2,21
4599.2,32
4599.7,6
4599.8,7
4600.0,30
4605.7,3
4605.9,13
4606.1,12
4606.4,35
4607.1,20
4607.7,21
4607.8,29
4607.9,15
4608.5,37
4608.6,25
4609.2,5
4610.5,33
4611.3,6
4613.8,10
4613.8,27
4614.2,1
4614.2,11
4614.2,16
4614.3,30
4614.6,17
4614.6,22
4615.2,14
4615.5,32
4616.0,4
4616.5,20
4616.7,7
4616.9,28
4617.4,31
4618.2,0
4618.2,13
4618.3,29
4618.4,8
4619.0,25
4620.1,15
4620.2,12
4620.3,33
4620.8,17
4621.7,9
4622.3,3
4622.5,6
4622.7,23
4623.7,16
4624.2,34
4624.4,1
4626.3,20
4628.3,32
4629.2,30
4629.6,26
4631.0,29
4631.2,24
4631.4,27
4631.7,35
4633.3,12
4634.0,13
4634.2,20
4635.2,1
4635.2,25
4635.2,28
4635.9,16
4635.9,21
4635.9,31
4636.9,33
4637.2,6
4637.3,14
4637.9,8
4638.5,39
4638.9,2
4639.0,15
4639.0,37
4639.4,17
4642.8,3
4643.3,7
4644.0,10
4644.4,32
4644.5,12
4644.9,35
4645.0,23
4645.2,4
4645.4,13
4645.9,20
4646.4,1
4647.3,5
4647.6,33
4647.8,22
4647.8,29
4650.5,21
4650.8,17
4650.9,27
4652.3,31
4652.4,16
4652.8,38
4653.1,15
4653.1,8
4653.5,6
4653.7,25
4654.6,28
4655.3,30
4655.6,32
4657.5,24
4657.7,20
4657.9,33
4658.9,23
4659.9,1
4660.8,12
4660.8,2
4661.1,13
4661.3,34
4661.4,29
4661.6,0
4662.3,7
4662.7,27
4663.0,17
4663.0,20
4664.1,25
4665.0,6
4665.6,16
4665.9,21
4666.8,35
4667.4,31
4667.6,32
4668.3,14
4668.7,39
4669.6,30
4669.8,1
4670.9,15
4670.9,26
4671.0,29
4671.1,4
4671.1,33
4671.4,5
4671.7,28
4672.2,24
4672.4,37
4672.9,12
4673.0,20
4673.0,22
4673.2,8
4673.5,35
4675.6,27
4676.8,6
4677.8,30
4677.9,31
4678.6,17
4679.4,7
4679.8,23
4680.8,13
4680.9,1
4681.1,29
4681.2,25
4681.4,0
4681.4,3
4681.4,10
4682.6,26
4682.7,9
4683.2,37
4683.6,11
4684.4,38
4685.1,20
4685.6,33
4686.1,16
4686.3,27
4686.7,32
4687.0,35
4687.8,21
4687.9,4
4688.2,17
4691.5,25
4691.7,12
4692.1,22
4692.6,6
4694.0,27
4694.3,1
4694.5,20
4694.5,29
4694.6,31
4694.9,7
4695.2,34
4695.6,8
4695.7,39
4695.9,15
4696.1,13
4696.1,30
4697.4,32
4697.8,33
4697.9,3
4697.9,16
4698.5,28
4699.8,14
4699.9,25
4701.0,12
4703.4,20
4703.8,34
4706.4,5
4706.5,17
4707.9,35
4708.5,23
4708.5,28
4708.7,1
4709.0,30
4709.5,4
4709.6,29
4709.8,31
4710.1,27
4710.9,13
4710.9,33
4711.1,21
4711.7,7
4712.6,32
4712.8,25
4713.2,6
4713.3,16
4713.4,15
4714.1,3
4715.0,20
4715.3,37
4715.3,39
4715.6,8
4716.5,38
4716.6,12
4717.8,17
4718.0,28
4718.1,10
4718.5,35
4719.9,1
4720.9,27
4721.6,20
4721.8,2
4722.2,14
4722.7,22
4722.7,29
4723.2,6
4723.3,31
4723.5,34
4724.0,32
4724.5,13
4725.5,16
4725.7,30
4726.3,25
4726.8,23
4727.1,17
4727.8,7
4727.8,39
4728.5,21
4728.7,33
4729.0,1
4730.5,12
4730.6,0
4730.8,20
4731.3,24
4732.1,28
4732.2,4
4733.3,27
4733.6,29
4734.3,3
4736.1,35
4736.3,8
4736.4,31
4736.8,25
4738.1,20
4738.2,15
4739.1,13
4739.2,32
4739.4,6
4739.4,26
4739.6,7
4741.2,30
4741.5,17
4741.7,37
4741.9,33
4742.1,1
4742.7,16
4744.7,27
4745.1,23
4745.8,32
4746.0,28
4746.2,29
4747.2,13
4747.7,25
4747.9,15
4748.1,20
4748.6,3
4748.8,21
4749.0,31
4749.7,12
4750.2,10
4750.7,9
4751.2,5
4751.6,17
4754.0,14
4755.4,20
4755.7,27
4755.9,7
4756.1,34
4756.1,39
4756.4,4
4756.4,6
4756.4,32
4756.7,1
4756.9,2
4756.9,30
4757.0,13
4757.9,0
4758.9,29
4758.9,31
4759.0,25
4760.1,16
4760.5,24
4761.8,3
4762.1,22
4762.9,23
4763.8,7
4763.8,33
4763.8,35
4763.9,17
4764.6,20
4764.7,21
4765.4,1
4765.4,37
4766.4,12
4766.7,27
4770.1,13
4770.8,11
4770.9,30
4771.2,4
4771.4,32
4771.5,39
4771.9,33
4772.2,31
4772.7,8
4772.7,29
4774.0,6
4774.4,1
4774.4,28
4775.0,25
4775.0,35
4775.8,20
4775.9,16
4775.9,26
4776.0,21
4776.2,12
4777.5,34
4779.0,17
4779.1,7
4779.2,23
4780.2,15
4780.2,33
4780.7,27
4782.3,20
4782.4,13
4782.8,1
4783.3,30
4784.4,29
4784.5,22
4785.0,25
4788.0,10
4788.1,5
4790.3,6
4790.5,4
4791.5,20
4791.7,24
4791.8,31
4792.1,32
4792.5,12
4793.1,3
4793.7,25
4794.0,1
4794.1,17
4794.3,37
4794.9,33
4795.1,39
4795.3,16
4795.5,13
4795.7,34
4796.1,27
4797.0,14
4797.0,15
4797.6,35
4798.8,30
4799.7,9
4799.7,29
4800.4,23
4802.0,20
4802.2,8
4803.0,7
4803.6,12
4803.9,25
4804.0,21
4804.2,13
4804.4,32
4804.6,17
4805.5,1
4805.6,28
4806.6,16
4807.6,33
4811.3,0
4811.3,2
4811.7,27
4811.7,6
4811.7,20
4811.9,11
4812.0,35
4812.3,29
4813.1,15
4813.6,31
4814.2,39
4814.4,34
4815.4,1
4815.6,10
4816.1,12
4816.4,23
4816.8,17
4817.4,30
4818.6,32
4818.8,3
4819.6,20
4820.5,7
4821.0,22
4821.0,28
4821.3,25
4821.4,21
4822.6,5
4822.7,27
4822.8,29
4823.5,12
4824.1,13
4824.3,8
4824.5,16
4825.0,33
4825.9,35
4826.4,1
4826.5,24
4826.8,20
4827.2,10
4827.5,3
4827.7,30
4828.1,14
4828.4,6
4829.0,31
4830.9,32
4833.2,9
4833.6,4
4833.8,37
4833.9,27
4834.1,17
4834.5,26
4835.3,25
4835.6,7
4835.7,23
4836.0,29
4836.1,31
4836.1,16
4836.4,15
4837.4,33
4837.6,13
4838.3,12
4838.3,20
4839.9,39
4840.1,1
4840.5,30
4840.6,34
4840.8,22
4846.2,35
4846.3,32
4846.8,28
4847.1,27
4847.4,6
4847.5,10
4847.5,25
4847.9,4
4847.9,20
4848.3,5
4848.3,17
4850.0,1
4850.5,21
4850.6,29
4853.1,7
4853.8,33
4854.2,31
4854.3,20
4854.9,8
4855.6,12
4855.6,16
4855.9,13
4856.2,23
4856.9,27
4857.3,30
4857.3,34
4857.5,15
4859.7,19
4859.7,35
4860.1,6
4861.1,29
4861.2,0
4861.8,32
4863.5,17
4863.5,20
4863.9,33
4865.0,1
4865.0,25
4865.8,3
4866.0,22
4866.0,38
4867.0,12
4867.5,21
4867.7,2
4869.4,28
4869.6,39
4870.0,13
4870.1,14
4871.0,7
4871.2,27
4872.0,15
4872.3,4
4872.6,9
4872.6,31
4873.3,6
4873.4,5
4873.5,8
4873.8,17
4873.8,37
4874.5,23
4874.7,29
4875.0,20
4875.9,16
4876.3,34
4876.4,35
4878.4,24
4878.4,32
4879.0,25
4879.1,1
4879.2,21
4879.6,13
4879.7,3
4881.3,6
4881.4,29
4881.7,20
4882.7,22
4883.0,27
4883.5,28
4884.5,12
4884.5,30
4886.2,33
4887.0,17
4887.9,7
4889.1,4
4889.6,35
4890.1,26
4890.3,8
4890.6,16
4890.9,20
4891.1,25
4891.4,31
4892.7,1
4892.9,29
4895.1,21
4896.0,32
4896.4,23
4896.7,13
4897.4,10
4898.0,12
4898.1,6
4898.2,17
4898.4,15
4899.0,24
4899.6,30
4900.1,27
4901.5,3
4902.6,39
4902.8,1
4902.8,7
4902.8,35
4903.0,33
4903.3,16
4903.3,20
4903.3,25
4903.9,14
4904.1,29
4904.2,34
4906.5,31
4907.2,12
4907.9,13
4909.4,1
4909.6,28
4911.8,20
4911.9,37
4912.3,24
4912.9,32
4913.3,6
4914.4,30
4914.8,27
4915.0,4
4915.0,16
4915.3,25
4915.3,29
4915.5,33
4915.8,17
4915.8,21
4916.1,0
4916.1,26
4916.3,8
4917.7,31
4917.8,22
4918.4,12
4920.0,34
4920.1,35
4921.0,13
4921.7,23
4923.8,5
4923.9,39
4924.4,20
4924.5,32
4924.5,14
4925.0,1
4925.9,7
4926.6,29
4926.8,6
4926.8,15
4927.0,3
4927.5,27
4927.7,25
4929.9,12
4930.2,13
4930.8,21
4931.3,30
4931.8,33
4931.9,17
4932.0,22
4932.2,20
4933.7,4
4933.8,25
4935.2,6
4935.2,31
4935.5,1
4935.5,29
4937.6,28
4937.7,0
4938.0,16
4938.4,27
4938.8,32
4939.7,23
4940.1,2
4940.7,34
4940.9,10
4941.9,24
4942.4,35
4942.6,20
4942.7,9
4943.0,7
4943.7,13
4943.9,3
4944.3,33
4946.4,37
4947.0,12
4947.2,30
4947.5,29
4947.8,25
4948.8,39
4949.2,1
4949.2,6
4949.2,8
4950.4,16
4950.4,17
4950.7,31
4950.8,20
4951.6,33
4951.8,38
4952.9,15
4954.2,27
4955.6,13
4956.0,14
4956.1,5
4956.2,28
4957.7,4
4958.0,10
4958.8,7
4958.8,21
4958.8,23
4958.9,3
4959.8,25
4960.0,1
4960.1,20
4960.7,22
4961.3,30
4961.5,27
4961.8,12
4961.8,33
4962.6,32
4962.8,29
4963.1,31
4963.7,16
4965.9,17
4966.8,35
4966.8,6
4967.4,34
4967.8,15
4968.0,39
4969.4,20
4969.5,26
4970.2,13
4971.9,1
4973.2,27
4973.8,32
4974.2,4
4974.7,0
4975.1,21
4975.3,12
4976.1,25
4976.3,8
4977.2,33
4977.4,29
4977.5,20
4977.7,24
4977.8,30
4977.8,31
4978.1,17
4978.4,16
4979.2,3
4981.1,37
4982.7,35
4983.2,1
4983.5,23
4984.7,27
4985.4,7
4985.5,6
4985.5,28
4985.8,32
4986.1,13
4987.3,15
4987.6,20
4989.1,31
4989.2,12
4989.6,33
4989.7,25
4989.7,29
4990.3,17
4990.7,34
4993.8,16
4994.3,4
4994.6,26
4994.8,39
4994.9,30
4995.3,2
4995.9,21
4996.4,27
4996.4,32
4996.7,14
4997.3,5
4997.5,20
4997.7,35
4999.5,1
5000.9,10
5000.9,13
5000.9,29
5001.1,7
5001.1,25
5001.2,23
5001.7,11
5002.5,17
5002.7,6
5004.3,28
5004.4,38
5005.1,31
5005.4,22
5005.5,0
5006.6,27
5006.9,16
5007.5,21
5007.7,12
5008.0,20
5008.0,29
5008.5,30
5008.6,3
5008.6,7
5008.6,33
5009.4,13
5010.8,9
5011.4,39
5011.9,32
5013.1,25
5013.8,37
5014.1,29
5015.9,27
5016.6,1
5016.8,35
5017.1,28
5017.1,34
5017.3,20
5017.7,31
5018.0,17
5018.2,8
5018.4,5
5018.9,24
5019.9,15
5020.1,7
5020.3,33
5020.9,23
5022.4,12
5023.2,30
5023.5,13
5024.6,16
5025.1,20
5025.5,10
5025.5,32
5025.7,14
5025.8,1
5025.8,25
5025.9,2
5026.6,31
5026.6,21
5027.2,6
5028.3,27
5031.1,29
5031.4,4
5031.4,23
5032.0,39
5032.2,0
5032.2,33
5032.5,17
5036.1,20
5036.3,25
5036.4,22
5037.3,1
5037.3,12
5037.5,32
5038.2,13
5038.2,16
5038.3,8
5038.3,34
5038.4,5
5038.4,28
5038.5,3
5038.7,29
5038.8,35
5038.8,27
5039.5,21
5039.5,30
5041.0,37
5041.3,17
5041.8,15
5042.9,6
5044.4,26
5044.4,31
5044.6,33
5046.0,7
5047.8,20
5048.2,17
5049.7,5
5049.7,16
5050.3,10
5050.4,25
5050.8,23
5051.6,27
5052.0,1
5052.0,24
5052.0,30
5052.5,12
5052.5,29
5053.4,32
5053.5,35
5054.0,13
5054.2,4
5054.3,21
5054.3,31
5054.4,6
5054.7,14
5054.7,20
5056.1,28
5056.4,3
5056.7,34
5057.4,33
5058.9,22
5058.9,39
5059.7,1
5060.8,7
5062.0,27
5062.3,31
5062.9,17
5062.9,29
5063.0,30
5063.2,13
5064.3,15
5065.2,20
5066.1,25
5067.2,35
5068.8,33
5069.0,6
5069.3,4
5070.3,12
5071.0,21
5071.5,23
5071.5,29
5071.6,37
5071.8,16
5072.6,7
5073.0,32
5073.9,5
5073.9,20
5074.2,0
5075.4,17
5075.4,26
5075.8,13
5079.6,39
5079.6,25
5079.9,27
5079.9,30
5080.3,1
5080.6,11
5081.1,31
5081.6,29
5081.8,33
5082.3,20
5082.3,22
5082.6,24
5084.0,16
5086.3,32
5087.1,23
5087.2,14
5087.4,6
5087.4,12
5087.5,34
5087.6,4
5088.3,3
5088.9,21
5089.1,2
5089.9,20
5090.1,37
5090.2,7
5090.3,13
5090.3,31
5090.8,28
5090.9,27
5091.4,35
5091.5,25
5091.6,1
5091.6,17
5092.0,30
5094.3,15
5095.5,9
5095.7,33
5097.9,20
5098.5,16
5099.6,12
5099.8,1
5101.1,39
5101.2,5
5101.3,29
5102.3,32
5102.7,0
5102.7,34
5103.0,27
5103.1,21
5104.3,11
5104.5,35
5105.0,25
5105.3,7
5106.0,23
5106.2,6
5106.3,1
5107.4,13
5108.0,33
5108.2,20
5108.6,17
5109.2,26
5109.8,4
5111.5,30
5111.5,31
5112.9,28
5113.0,8
5113.0,12
5113.1,29
5115.4,16
5115.6,3
5115.6,15
5116.1,1
5116.1,32
5117.4,20
5117.5,27
5118.0,25
5118.0,35
5118.2,24
5119.1,38
5119.8,14
5119.8,21
5120.1,12
5120.3,37
5120.5,10
5120.6,5
5120.7,33
5121.4,13
5123.1,4
5123.6,17
5123.7,22
5124.4,23
5125.0,1
5125.0,7
5125.2,31
5126.0,30
5126.6,20
5127.6,6
5128.4,29
5129.3,25
5130.2,21
5130.5,9
5130.9,27
5132.2,39
5132.6,32
5132.8,33
5132.9,3
5132.9,26
5134.1,13
5134.3,0
5135.2,31
5136.0,12
5136.6,28
5136.9,17
5136.9,35
5137.5,4
5137.5,20
5138.1,2
5138.2,23
5138.9,1
5139.1,7
5140.2,29
5140.5,25
5140.9,27
5141.8,14
5142.1,16
5142.3,15
5142.8,6
5143.7,12
5144.5,34
5144.7,24
5145.0,8
5145.3,28
5145.5,30
5146.0,20
5146.3,5
5146.7,32
5147.3,21
5148.8,33
5149.4,29
5149.9,13
5150.3,7
5150.4,1
5152.0,39
5154.6,17
5154.6,25
5155.0,37
5156.6,16
5156.6,28
5156.8,27
5157.1,20
5157.3,31
5157.5,9
5157.6,30
5158.6,29
5158.8,4
5159.8,6
5159.9,12
5159.9,23
5160.4,32
5161.1,35
5161.3,7
5161.3,8
5161.5,13
5163.4,1
5163.8,33
5164.1,21
5164.9,19
5164.9,20
5165.2,15
5166.7,17
5166.7,25
5166.8,2
5167.3,22
5168.0,16
5168.7,6
5168.7,27
5169.3,3
5169.9,29
5172.1,23
5172.8,31
5173.5,26
5173.6,1
5173.7,33
5174.1,10
5174.3,14
5175.1,12
5175.2,35
5175.3,13
5175.6,20
5175.7,34
5178.7,32
5179.5,7
5180.2,6
5180.2,29
5180.4,37
5181.9,30
5182.7,16
5182.8,24
5182.9,31
5183.0,27
5183.2,39
5183.3,25
5183.4,17
5183.7,1
5183.7,12
5183.7,28
5183.8,38
5184.6,4
5186.0,20
5188.5,15
5189.1,22
5189.3,0
5189.4,21
5190.9,23
5191.4,2
5191.4,3
5191.9,14
5192.3,27
5192.9,1
5192.9,26
5193.0,11
5193.2,13
5193.7,29
5193.8,16
5194.1,6
5194.2,7
5194.2,33
5194.3,25
5194.3,35
5194.6,20
5194.7,17
5194.8,4
5194.8,8
5194.8,10
5195.3,32
5195.5,12
5195.6,21
5199.2,30
5201.9,31
5202.1,39
5202.4,34
5202.8,5
5202.8,32
5204.2,23
5204.9,29
5204.9,28
5205.7,20
5206.1,27
5206.7,17
5206.9,0
5207.9,13
5209.4,1
5209.4,7
5209.5,16
5209.5,25
5209.5,31
5209.8,15
5210.1,33
5210.3,32
5210.5,6
5210.5,12
5210.5,21
5210.7,8
5211.0,4
5211.6,3
5213.9,30
5214.7,24
5214.8,35
5215.2,20
5215.6,22
5216.5,29
5217.3,17
5217.4,7
5217.4,37
5218.0,27
5218.1,1
5218.8,13
5219.2,9
5220.3,38
5221.3,33
5221.8,16
5222.7,26
5223.1,20
5223.3,12
5225.0,39
5225.3,25
5225.5,30
5227.3,14
5227.4,28
5227.7,27
5228.1,17
5228.1,34
5228.6,32
5229.0,21
5229.2,6
5229.8,4
5229.9,2
5231.0,8
5231.0,29
5231.2,3
5231.5,10
5232.1,31
5232.2,1
5232.9,20
5233.7,13
5235.0,35
5235.1,15
5235.3,16
5235.4,33
5235.5,23
5237.6,27
5239.1,25
5239.6,39
5239.9,32
5240.2,7
5240.5,12
5241.0,11
5241.0,17
5241.1,29
5241.8,30
5242.0,1
5242.4,14
5243.3,20
5243.3,37
5243.7,33
5245.3,13
5245.5,8
5245.8,21
5248.5,28
5248.8,22
5248.8,27
5250.0,6
5250.7,29
5251.0,16
5251.2,15
5251.3,34
5251.9,17
5252.1,20
5252.7,12
5252.8,24
5252.9,32
5253.9,1
5254.3,31
5256.0,30
5256.1,25
5256.2,4
5256.9,7
5257.5,3
5260.3,6
5261.2,5
5261.4,21
5261.4,29
5261.6,27
5261.9,26
5262.2,33
5262.4,35
5262.9,20
5262.9,23
5263.3,14
5264.3,0
5264.8,12
5265.2,16
5265.3,1
5266.4,13
5266.5,17
5268.1,28
5269.0,15
5269.1,39
5269.7,20
5270.3,25
5270.4,30
5270.4,32
5270.6,10
5270.7,33
5271.7,1
5272.4,7
5272.8,2
5273.1,31
5273.4,4
5273.4,24
5273.4,37
5273.8,29
5275.9,16
5276.6,6
5277.3,23
5277.4,13
5277.5,21
5279.2,27
5279.3,22
5279.6,32
5280.3,8
5280.3,35
5280.9,33
5281.1,17
5281.3,20
5282.2,3
5282.6,12
5282.9,1
5285.1,30
5286.1,27
5286.2,29
5286.8,25
5287.3,28
5288.3,37
5289.1,6
5289.1,13
5290.1,31
5291.7,21
5292.5,4
5292.7,20
5292.8,5
5293.0,23
5293.2,26
5293.4,1
5293.4,22
5293.8,24
5294.4,16
5294.6,34
5294.7,7
5294.7,17
5295.0,29
5295.3,33
5295.4,8
5295.7,35
5295.9,15
5295.9,32
5296.5,27
5297.3,25
5299.0,39
5300.1,1
5300.6,30
5300.9,2
5301.0,13
5301.0,31
5301.0,0
5301.3,23
5302.1,28
5302.2,12
5304.0,20
5305.5,4
5305.7,29
5306.0,6
5306.0,33
5307.4,16
5307.8,32
5308.2,14
5308.3,25
5309.2,27
5310.3,17
5311.0,12
5311.7,13
5311.7,35
5313.1,1
5313.2,21
5314.0,15
5314.0,34
5314.1,29
5314.5,7
5314.7,30
5315.2,20
5315.5,23
5316.2,17
5318.1,37
5318.6,31
5319.1,6
5319.2,3
5319.4,10
5320.1,32
5321.1,38
5322.0,33
5322.3,20
5322.5,4
5322.7,16
5323.1,35
5324.1,24
5325.8,27
5326.3,17
5326.7,9
5326.9,25
5327.3,13
5327.4,23
5327.4,29
5327.5,1
5328.0,12
5328.6,7
5328.9,39
5329.3,28
5329.5,8
5329.9,31
5330.1,34
5331.4,5
5331.5,30
5331.7,22
5331.8,21
5333.1,11
5333.5,16
5333.5,26
5333.6,3
5334.4,14
5334.5,20
5335.3,29
5336.5,33
5337.1,35
5337.6,1
5338.1,15
5338.1,32
5339.0,13
5339.8,17
5339.9,12
5340.1,37
5340.3,25
5340.8,6
5341.0,20
5341.3,23
5342.5,7
5342.5,29
5342.6,9
5344.0,33
5344.9,27
5345.3,30
5345.7,31
5346.6,21
5347.6,24
5349.4,1
5350.3,25
5350.5,16
5350.5,28
5350.9,35
5351.2,4
5352.3,12
5352.3,13
5352.5,20
5352.6,2
5352.8,32
5352.8,7
5353.6,6
5353.9,29
5355.0,3
5355.4,17
5358.3,33
5359.1,27
5360.1,8
5360.6,26
5360.7,30
5361.6,14
5361.9,23
5362.0,20
5362.2,1
5362.4,5
5362.5,12
5362.5,32
5362.5,34
5364.4,25
5366.5,15
5367.7,16
5367.7,29
5367.7,31
5368.5,20
5369.1,6
5369.3,38
5369.5,7
5369.7,0
5370.0,28
5370.5,10
5370.5,21
5371.7,1
5372.0,17
5372.3,30
5372.3,35
5373.1,24
5373.6,33
5373.7,13
5374.4,22
5374.9,27
5374.9,32
5374.9,39
5375.1,4
5376.2,25
5376.5,12
5377.4,29
5378.1,20
5379.1,3
5379.1,23
5379.5,2
5380.5,17
5381.3,6
5382.5,7
5383.7,8
5384.1,31
5384.5,27
5384.9,16
5385.3,20
5385.3,30
5385.3,34
5386.0,13
5386.0,37
5386.2,1
5386.2,15
5386.6,32
5387.7,29
5387.8,26
5387.8,35
5389.1,25
5389.3,33
5390.4,12
5390.8,9
5391.1,28
5392.8,4
5393.8,20
5394.7,17
5395.0,5
5395.5,31
5395.7,14
5395.7,24
5395.8,21
5396.6,22
5396.6,27
5396.7,7
5397.0,1
5397.4,29
5397.6,8
5397.7,16
5397.7,23
5398.0,32
5398.8,3
5398.9,30
5401.0,33
5401.6,25
5402.9,6
5403.1,0
5403.1,13
5403.3,15
5403.5,39
5404.0,10
5404.2,20
5404.5,12
5404.6,35
5408.2,27
5410.3,17
5410.3,29
5411.1,23
5411.8,16
5412.3,32
5412.3,1
5413.5,25
5414.2,33
5415.0,20
5415.1,13
5415.3,7
5415.7,30
5416.2,12
5416.8,21
5416.8,34
5417.3,2
5417.3,3
5417.5,28
5417.6,8
5417.6,35
5417.8,4
5418.3,6
5419.3,29
5419.4,15
5421.7,31
5422.4,37
5422.5,1
5422.6,24
5423.5,26
5423.7,32
5423.8,20
5424.7,5
5424.7,27
5425.0,16
5425.3,17
5426.5,28
5426.8,14
5427.5,22
5427.9,23
5428.0,25
5428.2,12
5428.2,30
5429.2,13
5429.5,29
5430.8,33
5432.9,35
5433.1,31
5433.3,21
5433.6,1
5433.7,39
5433.8,6
5433.9,11
5434.7,3
5435.1,2
5435.3,7
5435.3,27
5435.4,8
5435.6,20
5435.9,0
5437.6,13
5438.1,29
5440.2,10
5441.5,20
5441.6,15
5442.2,17
5442.4,25
5442.4,4
5443.8,16
5444.2,37
5445.3,33
5446.2,34
5446.5,12
5446.6,1
5446.6,7
5447.0,32
5447.3,35
5447.4,27
5447.5,23
5447.5,26
5447.5,29
5447.8,30
5448.5,28
5448.7,31
5448.9,6
5449.7,22
5450.0,20
5451.2,13
5454.0,7
5454.5,17
5455.8,9
5455.8,25
5455.8,29
5456.0,21
5456.2,14
5456.3,24
5456.6,5
5456.8,16
5457.5,33
5457.8,20
5457.8,27
5458.7,1
5460.3,13
5460.4,35
5462.5,31
5463.2,39
5464.1,23
5464.3,30
5464.8,24
5464.9,12
5465.0,3
5466.0,29
5466.4,6
5466.8,1
5468.0,27
5468.3,21
5468.3,32
5469.1,33
5469.3,7
5470.2,25
5471.5,16
5472.2,20
5472.7,4
5472.9,31
5472.9,17
5474.2,22
5474.4,37
5474.6,34
5475.1,30
5477.7,0
5479.0,13
5479.9,28
5480.4,29
5481.3,12
5481.3,20
5481.5,1
5481.7,32
5482.1,10
5482.7,14
5482.7,15
5482.7,25
5483.4,16
5483.4,35
5484.0,17
5484.3,6
5484.3,9
5484.6,7
5484.6,30
5485.7,37
5485.8,21
5485.9,27
5487.7,23
5488.4,8
5489.5,13
5489.9,29
5490.3,31
5491.1,2
5491.5,12
5491.5,33
5491.5,39
5491.7,3
5492.6,20
5493.2,24
5494.3,16
5494.5,1
5495.1,32
5495.2,38
5495.9,25
5495.9,27
5497.1,4
5498.0,21
5499.0,6
5499.1,17
5500.2,20
5500.6,5
5500.7,29
5501.8,31
5502.1,30
5502.2,7
5503.4,37
5503.9,3
5503.9,13
5504.6,28
5505.5,23
5505.6,33
5506.8,34
5507.6,15
5507.7,1
5509.4,22
5509.5,25
5509.9,32
5511.0,16
5511.0,12
5511.0,17
5511.2,26
5511.2,35
5511.8,39
5512.0,21
5512.3,27
5512.7,29
5513.8,4
5513.8,20
5513.8,30
5514.4,11
5514.8,7
5515.9,6
5516.6,1
5516.8,14
5517.0,12
5518.2,0
5519.8,31
5521.0,8
5521.3,25
5521.6,10
5522.2,24
5522.3,13
5522.9,33
5523.2,2
5523.2,17
5523.6,9
5523.6,16
5523.6,34
5524.0,27
5524.1,3
5524.4,15
5524.4,35
5524.6,20
5524.8,32
5529.3,23
5529.9,29
5530.5,1
5531.1,28
5531.9,7
5532.4,12
5532.9,14
5533.3,5
5534.8,22
5535.1,20
5535.4,3
5535.6,31
5535.6,33
5536.0,37
5536.5,25
5537.1,13
5537.2,6
5538.1,16
5538.5,32
5538.7,30
5538.8,27
5540.2,35
5541.4,8
5542.0,29
5542.3,21
5542.7,1
5542.9,28
5543.7,20
5544.7,34
5544.8,4
5544.9,39
5545.0,3
5545.1,7
5545.8,5
5545.9,12
5546.1,15
5546.2,13
5546.3,17
5547.6,23
5548.2,33
5550.5,20
5551.3,27
5552.7,22
5553.5,25
5553.6,30
5553.7,35
5554.3,29
5554.5,31
5554.6,6
5554.6,14
5555.0,32
5555.5,1
5555.9,12
5556.0,24
5556.1,21
5557.7,7
5559.5,11
5559.8,13
5560.0,16
5560.2,0
5560.2,20
5560.3,38
5560.3,39
5560.7,33
5561.3,17
5561.3,37
5561.6,8
5562.5,10
5563.0,27
5564.3,1
5564.5,29
5564.7,3
5564.7,4
5566.2,6
5566.4,31
5566.8,32
5567.4,15
5567.6,25
5568.3,13
5568.5,20
5572.0,7
5572.0,21
5572.7,12
5573.0,35
5573.3,30
5573.9,22
5574.2,17
5574.2,28
5574.5,24
5574.7,27
5574.9,29
5575.1,4
5575.1,23
5575.4,5
5575.9,37
5576.0,31
5576.3,34
5577.1,20
5577.4,26
5577.5,25
5577.6,1
5579.4,33
5580.8,39
5581.0,10
5581.8,16
5582.7,32
5583.4,6
5583.5,13
5585.0,3
5585.0,12
5585.7,20
5585.7,14
5585.9,27
5586.0,29
5587.3,1
5587.6,35
5587.9,0
5588.2,30
5589.3,15
5590.5,11
5590.5,33
5590.8,17
5591.1,28
5591.2,25
5591.5,31
5591.7,16
5592.0,34
5592.7,23
5593.0,8
5593.1,7
5594.1,20
5595.1,26
5596.1,21
5596.4,13
5597.6,1
5597.6,37
5597.9,24
5598.6,12
5598.8,32
5599.4,29
5599.6,6
5600.1,27
5600.2,35
5600.7,30
5600.8,17
5600.9,39
5601.9,33
5602.5,25
5604.0,9
5604.9,20
5605.1,3
5605.5,4
5607.6,28
5607.9,8
5607.9,31
5609.1,22
5609.8,27
5610.1,29
5610.3,7
5610.5,13
5610.8,37
5611.3,32
5611.4,20
5611.4,35
5612.0,14
5612.3,12
5612.5,16
5613.4,5
5615.0,17
5615.0,21
5615.2,33
5615.5,1
5616.4,15
5616.5,30
5616.7,2
5616.7,23
5618.2,25
5618.4,6
5619.6,20
5619.7,34
5621.3,32
5622.0,38
5622.7,29
5623.1,0
5624.9,39
5626.0,13
5626.0,28
5626.3,7
5626.5,1
5626.6,12
5626.9,27
5627.6,23
5627.6,25
5627.7,3
5627.7,26
5628.0,10
5628.1,16
5629.2,30
5629.4,33
5629.6,20
5630.2,35
5630.2,31
5630.7,5
5630.7,17
5634.5,6
5634.7,29
5635.7,27
5635.8,1
5635.9,32
5636.0,37
5636.2,21
5637.5,13
5638.2,23
5638.3,24
5638.7,20
5640.2,4
5642.1,16
5642.4,33
5642.8,14
5643.2,12
5643.9,7
5643.9,39
5644.1,31
5644.2,25
5644.8,29
5644.8,35
5646.1,30
5646.2,22
5646.7,32
5646.8,17
5647.1,20
5647.2,3
5647.6,27
5647.7,34
5649.7,1
5650.1,23
5651.8,13
5652.6,6
5652.7,21
5653.3,4
5653.5,25
5653.7,31
5653.8,11
5653.9,20
5654.1,12
5654.3,15
5654.3,16
5655.0,33
5657.6,7
5659.0,3
5659.1,17
5659.2,26
5659.3,28
5659.4,32
5659.6,29
5659.8,0
5659.9,1
5661.1,27
5661.2,37
5661.3,24
5661.5,20
5663.5,25
5664.7,8
5664.7,23
5664.9,35
5666.0,22
5666.4,13
5668.3,12
5668.8,16
5669.7,5
5669.8,31
5670.3,17
5670.4,34
5670.9,1
5671.0,21
5671.0,30
5671.1,20
5671.2,2
5671.2,6
5671.7,7
5671.7,38
5672.2,39
5672.3,29
5673.6,33
5674.4,28
5676.4,27
5676.6,15
5678.0,25
5679.0,32
5679.3,13
5679.6,12
5679.8,4
5680.5,3
5680.7,20
5680.8,35
5682.2,16
5682.3,6
5682.8,0
5682.8,31
5682.9,14
5683.8,1
5684.0,17
5684.4,23
5684.4,27
5684.4,33
5685.1,30
5686.2,34
5686.5,21
5686.6,38
5687.1,29
5687.2,37
5687.8,22
5690.5,25
5692.0,32
5692.7,20
5693.1,13
5693.3,5
5693.3,6
5693.5,7
5693.9,39
5694.1,8
5695.7,12
5697.2,28
5697.3,30
5698.1,1
5698.2,29
5698.7,10
5698.8,31
5699.3,25
5700.2,7
5700.2,17
5700.2,20
5700.3,24
5700.4,33
5700.7,16
5701.5,0
5701.6,6
5701.7,35
5701.9,39
5702.4,27
5704.6,23
5704.6,15
5707.2,3
5707.8,32
5708.1,14
5708.7,37
5709.2,1
5709.4,12
5709.5,29
5709.7,13
5709.8,20
5710.0,21
5711.7,7
5711.9,6
5712.4,16
5712.4,31
5712.4,33
5712.5,17
5712.9,30
5713.7,27
5713.9,34
5715.0,10
5715.1,22
5715.8,4
5717.1,25
5717.4,20
5717.7,2
5718.3,8
5718.9,35
5719.3,26
5719.5,12
5720.0,39
5721.0,33
5721.7,29
5722.4,13
5722.8,1
5723.8,28
5724.0,17
5724.2,23
5724.2,27
5724.2,31
5724.6,0
5724.6,24
5725.0,15
5725.9,25
5726.1,20
5726.3,32
5728.1,14
5728.2,16
5728.4,30
5728.9,7
5730.4,21
5731.6,6
5731.6,27
5732.3,3
5732.9,12
5733.6,35
5734.0,31
5734.4,11
5734.5,1
5734.7,4
5734.8,22
5734.8,29
5734.8,33
5734.9,13
5737.3,20
5737.6,17
5737.9,28
5738.8,39
5738.9,5
5738.9,25
5739.2,34
5740.5,23
5741.2,30
5742.0,15
5742.4,32
5742.7,7
5743.3,29
5743.3,31
5744.1,27
5744.5,8
5745.3,9
5745.8,1
5746.1,16
5746.8,20
5747.0,4
5747.0,33
5748.7,6
5749.2,13
5749.8,37
5750.1,17
5753.0,38
5753.2,21
5753.3,12
5753.6,24
5754.1,14
5754.5,23
5755.1,25
5755.4,3
5756.9,7
5756.9,13
5756.9,39
5757.1,29
5759.0,27
5759.1,1
5759.5,26
5759.8,20
5759.8,32
5761.2,16
5761.4,35
5762.3,15
5762.8,30
5762.9,10
5762.9,33
5763.3,31
5763.5,5
5763.6,28
5764.7,34
5765.8,6
5766.1,25
5767.1,22
5767.3,20
5767.4,7
5767.8,19
5768.0,21
5768.1,29
5768.5,12
5768.6,17
5769.1,33
5770.4,1
5771.2,13
5771.7,23
5772.3,27
5772.9,39
5776.1,4
5776.3,14
5777.3,20
5777.5,24
5777.9,25
5778.3,0
5778.9,29
5779.5,27
5779.6,35
5779.9,2
5780.3,30
5780.5,17
5780.6,31
5781.2,22
5781.5,7
5781.5,16
5782.3,15
5782.4,3
5782.7,12
5783.0,28
5783.7,37
5784.4,1
5785.2,20
5785.8,32
5785.9,8
5786.9,33
5787.6,39
5787.8,13
5788.4,21
5790.0,10
5790.6,34
5790.9,25
5790.9,29
5791.8,17
5792.2,7
5792.2,28
5792.4,6
5792.5,27
5795.0,35
5795.6,20
5796.1,13
5796.8,31
5797.1,30
5797.3,1
5798.3,12
5800.0,15
5800.1,0
5800.7,16
5801.2,3
5801.6,33
5801.8,23
5801.9,17
5801.9,26
5802.3,32
5802.3,39
5803.4,29
5803.5,27
5805.7,20
5807.0,4
5808.4,25
5808.7,6
5808.7,9
5809.7,7
5809.8,33
5810.2,35
5810.3,1
5810.5,12
5810.5,29
5811.2,30
5811.9,21
5813.1,8
5813.2,13
5814.6,20
5814.7,32
5814.7,23
5814.7,28
5815.5,37
5816.8,17
5817.3,2
5819.2,31
5819.7,1
5820.0,27
5820.6,16
5820.6,34
5820.8,33
5821.5,11
5821.6,25
5821.7,26
5822.0,14
5822.5,29
5822.9,3
5825.7,30
5826.2,20
5826.5,17
5826.6,32
5826.9,35
5826.9,13
5827.1,5
5828.3,12
5829.1,6
5829.8,23
5831.1,15
5831.3,7
5832.7,25
5832.8,24
5833.6,1
5833.6,22
5833.8,0
5834.1,21
5834.8,33
5835.1,4
5835.3,27
5835.3,39
5836.5,28
5836.6,31
5836.7,12
5836.8,20
5836.9,10
5838.2,16
5838.4,29
5838.9,35
5839.7,37
5841.6,25
5843.2,13
5843.5,30
5843.5,32
5843.9,33
5844.6,20
5845.2,6
5845.8,27
5845.9,15
5846.2,29
5846.3,1
5846.3,31
5847.4,17
5847.4,34
5848.2,5
5848.7,8
5849.3,3
5850.2,21
5850.8,12
5851.7,24
5851.8,38
5852.8,7
5854.0,20
5854.5,9
5855.0,27
5855.1,0
5855.4,16
5856.2,13
5856.6,25
5856.9,28
5857.2,23
5858.9,33
5859.0,12
5859.1,29
5859.5,39
5859.6,35
5860.0,15
5860.0,30
5860.8,1
5860.8,32
5861.3,14
5861.5,17
5861.6,2
5861.9,4
5862.0,6
5862.6,37
5863.4,20
5864.4,7
5864.9,31
5865.7,13
5866.2,22
5866.7,16
5867.2,21
5867.3,27
5868.0,29
5868.4,34
5869.4,20
5869.7,33
5871.1,25
5871.1,26
5872.3,1
5872.7,3
5872.7,12
5872.7,32
5874.2,17
5875.1,28
5875.7,30
5876.6,6
5877.1,13
5877.4,8
5877.4,35
5877.5,38
5877.8,11
5878.1,34
5879.5,15
5879.6,16
5880.1,29
5880.2,31
5880.5,25
5880.7,20
5881.2,5
5882.1,27
5882.3,39
5882.5,21
5882.9,23
5883.5,24
5883.8,33
5884.8,1
5885.4,7
5885.5,10
5886.8,13
5887.1,2
5887.7,37
5889.4,32
5890.4,17
5890.6,3
5890.6,20
5890.9,4
5890.9,35
5891.3,31
5892.7,6
5893.5,22
5894.5,25
5894.7,1
5895.0,16
5895.1,7
5895.1,29
5895.2,12
5895.5,30
5896.5,0
5897.3,28
5897.9,14
5898.2,21
5898.2,27
5898.2,33
5898.9,32
5899.7,20
5900.3,17
5900.8,6
5900.8,15
5901.1,13
5901.1,31
5903.8,39
5904.2,23
5905.4,8
5905.4,12
5906.5,7
5906.6,5
5907.5,29
5908.4,34
5908.5,0
5909.2,1
5910.4,20
5910.8,25
5910.9,16
5911.7,30
5912.3,24
5913.1,15
5913.1,22
5913.6,13
5914.3,17
5914.4,31
5914.9,32
5915.3,33
5915.6,9
5916.0,4
5916.0,27
5918.3,6
5919.2,20
5920.8,29
5921.2,12
5921.7,35
5922.0,1
5922.1,3
5922.8,26
5922.8,37
5923.3,23
5923.7,33
5923.8,7
5925.9,16
5926.3,8
5926.4,4
5927.4,25
5927.8,13
5928.3,20
5928.5,1
5928.6,6
5929.7,27
5930.5,32
5931.1,30
5931.2,29
5932.2,22
5932.3,28
5933.5,11
5933.5,12
5933.8,39
5933.9,21
5933.9,31
5933.9,34
5934.1,24
5935.0,17
5938.2,20
5938.9,1
5939.5,33
5939.7,13
5940.8,37
5941.0,25
5941.2,6
5941.9,26
5941.9,27
5942.1,29
5942.1,32
5943.2,15
5944.0,7
5946.4,23
5946.5,35
5947.1,16
5947.4,20
5947.9,3
5948.0,19
5948.1,28
5948.3,30
5948.4,33
5948.7,12
5949.6,31
5949.9,32
5950.2,29
5950.4,4
5950.6,0
5950.8,1
5951.7,17
5951.8,8
5953.1,25
5953.2,20
5953.4,7
5954.0,22
5954.5,10
5955.1,27
5956.5,38
5957.0,16
5957.8,39
5958.2,9
5959.1,1
5959.5,13
5959.6,6
5960.5,23
5960.6,14
5960.7,2
5961.2,34
5961.7,20
5963.2,27
5963.2,35
5963.5,21
5963.6,30
5963.7,12
5963.9,29
5964.6,33
5965.2,25
5966.2,37
5966.5,16
5967.3,32
5967.9,17
5968.0,31
5969.1,4
5969.8,7
5970.4,5
5971.4,20
5973.2,1
5973.3,13
5974.3,15
5975.0,29
5976.5,12
5976.6,14
5976.9,21
5977.3,27
5977.4,6
5977.6,28
5978.1,8
5978.2,20
5978.7,30
5978.9,25
5978.9,39
5979.0,33
5979.6,3
5980.1,31
5981.7,22
5983.0,17
5983.6,32
5983.8,1
5984.0,35
5984.3,16
5984.5,7
5984.6,26
5984.6,34
5985.1,13
5985.3,4
5985.4,15
5985.8,9
5986.1,27
5986.6,23
5988.3,20
5990.0,33
5991.0,12
5991.9,29
5993.0,25
5993.2,4
5993.4,24
5994.0,1
5994.2,30
5994.2,39
5994.5,28
5994.7,17
5995.1,31
5995.2,6
5995.6,13
5995.6,23
5999.2,3
5999.2,37
5999.2,7
5999.5,20
5999.7,16
5999.7,32
6000.0,27
6001.0,21
6002.8,30
6002.9,8
6003.0,0
6003.0,13
6003.0,29
6003.3,12
6003.4,1
6004.6,35
6005.6,25
6005.7,15
6006.4,20
6006.6,2
6007.4,17
6007.5,11
6008.3,16
6008.4,14
6009.4,31
6010.3,27
6010.6,3
6010.8,33
6011.3,30
6012.7,38
6013.2,5
6014.9,12
6015.3,24
6015.4,39
6015.8,6
6015.8,13
6016.1,28
6016.2,1
6016.2,4
6016.2,32
6016.3,29
6016.4,23
6016.8,25
6016.9,26
6017.4,16
6017.4,21
6018.2,20
6018.5,7
6018.8,0
6019.4,34
6019.7,22
6020.5,33
6021.7,10
6022.2,17
6022.2,27
6023.7,31
6025.5,9
6026.0,20
6026.1,29
6026.5,3
6027.8,32
6028.6,1
6030.7,16
6031.1,35
6031.3,25
6031.5,17
6031.7,7
6032.8,2
6032.8,30
6033.0,21
6033.0,27
6033.1,6
6033.1,13
6033.6,39
6033.7,12
6034.0,15
6035.6,33
6036.5,28
6037.3,20
6037.6,37
6038.1,29
6038.3,8
6038.4,1
6039.7,4
6040.1,27
6040.3,25
6040.7,22
6041.1,11
6041.5,14
6043.5,35
6043.9,31
6044.1,17
6045.5,13
6045.6,20
6046.3,12
6047.0,16
6047.4,23
6047.4,29
6047.5,24
6047.5,33
6047.6,32
6047.9,7
6048.3,5
6048.5,1
6048.6,30
6049.3,28
6050.2,26
6050.5,3
6052.4,21
6053.1,15
6053.2,34
6053.3,6
6053.7,27
6054.0,25
6055.0,13
6055.0,20
6055.2,38
6056.0,17
6056.0,33
6056.1,29
6056.1,31
6056.4,0
6057.2,14
6061.5,30
6062.2,1
6062.4,39
6063.2,12
6065.2,7
6065.2,20
6065.2,37
6065.5,16
6066.2,35
6066.4,32
6066.7,25
6066.7,29
6066.9,13
6067.4,23
6068.2,17
6068.7,27
6071.1,10
6071.8,31
6072.2,1
6072.4,33
6073.5,20
6073.9,15
6074.1,3
6075.1,32
6075.7,21
6076.8,0
6076.8,6
6079.4,30
6079.5,16
6079.5,28
6079.6,12
6079.9,13
6079.9,23
6079.9,22
6080.2,4
6080.3,25
6081.0,34
6081.1,20
6081.4,29
6081.9,5
6082.1,8
6082.2,7
6084.2,27
6085.0,33
6085.3,31
6086.1,39
6087.0,32
6087.1,17
6088.6,1
6088.8,15
6090.2,12
6090.4,6
6090.8,24
6090.9,10
6090.9,29
6091.0,25
6091.3,35
6091.8,16
6092.1,26
6092.8,20
6093.0,13
6093.6,30
6094.8,3
6096.2,23
6096.7,7
6097.4,21
6098.6,1
6099.6,17
6099.8,20
6100.1,37
6100.2,27
6100.2,33
6100.7,31
6101.1,4
6102.4,29
6102.5,8
6102.6,6
6102.6,12
6102.7,5
6102.7,25
6102.7,32
6102.8,0
6103.1,16
6104.5,34
6105.0,1
6106.9,22
6108.2,28
6108.5,13
6108.9,17
6110.0,31
6110.0,35
6111.1,25
6111.9,15
6112.0,20
6112.5,12
6112.8,14
6114.5,30
6114.9,27
6115.5,33
6115.9,23
6116.4,16
6117.5,39
6118.9,6
6118.9,25
6119.7,7
6119.8,21
6119.8,32
6120.0,29
6120.1,0
6120.4,2
6120.4,4
6120.4,26
6120.8,34
6120.9,20
6121.8,1
6122.2,35
6122.7,31
6122.8,3
6123.0,27
6123.3,12
6123.6,13
6123.7,33
6124.7,17
6124.8,16
6125.6,10
6127.7,37
6129.1,29
6129.8,30
6130.4,20
6130.4,32
6131.4,28
6131.5,21
6131.6,15
6131.9,23
6132.0,5
6132.2,33
6132.3,3
6132.3,6
6132.5,22
6133.0,25
6133.3,35
6133.5,27
6134.2,8
6134.7,12
6135.8,1
6135.9,13
6135.9,31
6137.2,20
6139.0,39
6139.8,17
6141.9,38
6143.6,7
6143.6,16
6143.8,29
6143.9,14
6144.7,6
6144.7,12
6145.0,26
6145.3,4
6145.6,33
6146.3,31
6146.4,1
6146.7,30
6147.0,20
6147.4,27
6147.8,32
6150.1,25
6150.1,37
6151.0,11
6151.9,23
6152.1,21
6152.2,35
6152.8,12
6152.9,24
6154.0,17
6154.5,13
6157.3,15
6157.7,20
6157.8,29
6158.3,30
6159.7,7
6159.9,33
6160.0,27
6160.7,34
6161.6,16
6161.8,1
6162.6,28
6162.7,25
6163.0,3
6163.0,31
6163.2,0
6163.7,32
6164.1,12
6164.2,6
6165.5,20
6166.8,21
6167.5,4
6168.8,17
6169.1,29
6169.1,35
6169.1,39
6170.2,26
6170.7,33
6170.8,13
6171.5,1
6172.0,7
6172.0,22
6173.0,23
6173.3,27
6173.6,15
6174.0,6
6174.1,8
6174.9,30
6175.7,24
6176.6,2
6176.7,20
6176.7,29
6176.8,12
6176.8,35
6176.9,33
6177.2,5
6177.3,3
6177.5,25
6177.5,28
6177.7,32
6178.2,16
6178.5,1
6179.3,17
6182.4,31
6182.9,21
6183.0,37
6183.1,0
6184.1,34
6184.3,10
6187.3,9
6187.4,16
6187.5,4
6187.6,33
6188.0,20
6188.1,39
6188.5,30
6189.1,23
6189.4,28
6189.6,14
6189.9,25
6190.0,13
6190.1,29
6190.3,27
6191.2,1
6191.7,17
6192.2,7
6192.2,12
6192.9,6
6193.4,32
6195.1,15
6195.3,21
6196.2,5
6196.4,20
6197.5,3
6198.2,35
6200.8,10
6201.8,29
6202.5,30
6202.8,31
6203.3,33
6204.3,4
6204.8,20
6205.1,13
6205.2,12
6205.8,27
6205.9,2
6206.0,16
6206.0,34
6206.3,3
6206.4,39
6206.7,1
6206.7,22
6207.3,29
6207.9,25
6208.0,32
6208.3,17
6210.7,14
6211.2,37
6211.4,21
6212.8,31
6213.3,7
6213.6,23
6214.0,8
6214.1,20
6214.7,24
6214.9,35
6216.7,25
6216.8,12
6217.1,34
6217.3,16
6217.4,33
6217.7,15
6217.7,30
6218.6,2
6219.1,28
6219.7,29
6220.7,1
6220.8,6
6221.3,27
6221.6,38
6221.9,13
6221.9,32
6222.1,4
6222.6,17
6222.9,20
6223.3,31
6223.4,21
6226.3,25
6226.8,3
6226.9,12
6227.1,16
6227.6,5
6227.7,29
6228.0,39
6228.5,0
6228.9,7
6230.3,33
6230.5,26
6230.5,37
6230.8,20
6231.8,1
6231.8,23
6232.2,10
6233.7,15
6235.3,27
6235.3,30
6235.3,32
6236.8,6
6237.6,17
6238.4,35
6238.5,20
6239.2,29
6240.7,13
6240.7,34
6241.5,1
6241.5,23
6241.5,31
6241.8,26
6242.9,24
6242.9,25
6243.5,21
6243.6,22
6243.7,12
6243.9,33
6244.3,7
6245.6,32
6246.8,20
6247.5,17
6248.7,1
6249.2,3
6249.9,6
6250.7,16
6251.2,5
6251.2,28
6251.6,29
6252.0,15
6252.1,11
6252.1,35
6252.8,31
6253.1,39
6254.3,20
6254.5,8
6254.5,13
6254.6,4
6255.1,14
6255.5,27
6256.3,37
6257.6,9
6258.3,25
6258.4,21
6259.1,30
6259.5,32
6259.7,29
6261.3,15
6261.7,12
6262.3,20
6262.4,17
6262.7,1
6262.7,33
6264.1,31
6264.7,7
6265.2,23
6265.4,35
6265.7,16
6267.4,28
6268.2,13
6270.6,6
6270.7,25
6271.7,30
6271.9,1
6271.9,24
6272.0,29
6272.3,26
6272.4,32
6272.5,20
6273.2,21
6273.7,3
6273.9,0
6274.1,27
6276.9,16
6277.1,4
6277.1,34
6277.7,13
6277.7,17
6277.9,12
6278.1,33
6278.8,31
6278.8,38
6279.1,35
6279.3,39
6281.8,22
6283.6,20
6285.0,12
6285.1,1
6285.4,37
6285.7,23
6285.8,14
6286.0,10
6286.0,21
6286.2,7
6286.3,6
6286.5,28
6286.7,15
6286.8,32
6286.9,29
6286.9,25
6287.2,17
6287.5,16
6287.7,27
6289.4,20
6291.5,8
6292.0,34
6292.7,3
6292.9,30
6293.2,23
6293.7,13
6294.8,26
6295.2,12
6295.4,31
6295.8,33
6295.9,17
6296.4,4
6296.6,39
6296.7,14
6296.9,2
6297.1,35
6297.6,25
6297.7,1
6298.5,20
6300.4,29
6302.1,7
6302.7,5
6302.7,6
6302.8,21
6303.6,37
6303.7,16
6304.0,22
6304.0,27
6304.6,28
6305.1,13
6305.8,1
6305.8,33
6306.0,10
6306.1,34
6306.7,17
6306.8,15
6306.8,20
6307.1,23
6309.2,31
6310.2,24
6310.4,32
6310.6,25
6311.2,7
6311.2,9
6311.2,29
6312.7,12
6314.1,1
6315.2,16
6315.5,33
6315.7,38
6315.8,27
6315.9,4
6316.2,20
6316.7,0
6316.7,30
6316.8,13
6317.7,11
6319.9,7
6320.4,29
6320.9,17
6321.4,25
6321.8,12
6321.8,31
6323.2,6
6324.6,1
6325.4,34
6325.7,32
6325.8,8
6326.0,20
6326.1,3
6326.1,39
6326.7,15
6326.9,33
6327.6,23
6327.7,5
6327.9,16
6328.0,27
6328.6,28
6328.7,35
6328.7,37
6328.8,14
6329.6,21
6330.7,17
6330.9,29
6331.4,4
6331.8,13
6332.5,26
6332.7,24
6332.9,30
6335.0,25
6335.2,1
6335.6,12
6336.9,10
6337.0,32
6338.4,15
6338.6,22
6338.9,31
6340.1,20
6341.4,14
6341.8,16
6342.1,7
6344.4,38
6344.8,29
6344.8,30
6344.9,33
6345.3,6
6346.0,17
6347.3,32
6347.3,35
6347.5,1
6348.2,31
6348.5,13
6348.5,20
6348.7,12
6348.9,25
6349.6,27
6350.6,8
6350.7,4
6350.7,28
6352.8,39
6352.8,23
6353.5,26
6353.6,34
6353.7,21
6354.6,2
6354.7,15
6355.2,33
6355.4,29
6355.4,37
6355.5,12
6355.5,16
6356.9,30
6357.2,1
6360.4,20
6360.6,27
6361.0,3
6361.2,0
6361.6,32
6361.8,13
6363.0,31
6363.3,17
6363.4,6
6363.8,25
6364.1,12
6365.4,23
6366.3,16
6366.5,30
6367.4,29
6368.4,14
6370.6,22
6370.8,10
6370.8,20
6371.1,35
6371.2,8
6371.3,7
6372.0,27
6372.6,1
6373.8,33
6375.5,32
6375.7,6
6375.9,13
6376.6,4
6376.6,29
6376.9,34
6377.2,28
6377.2,25
6378.3,21
6379.3,31
6379.6,12
6381.4,23
6381.7,20
6382.2,17
6382.4,30
6383.6,1
6383.9,33
6384.8,37
6384.9,3
6384.9,35
6385.0,16
6385.2,29
6386.4,24
6389.4,13
6389.4,27
6389.8,39
6389.9,20
6390.2,25
6391.6,15
6392.0,6
6392.7,5
6393.2,17
6393.4,28
6393.4,31
6394.3,32
6394.6,7
6395.1,12
6395.2,4
6396.0,16
6396.0,29
6397.0,30
6397.1,20
6397.7,1
6397.7,22
6398.2,34
6398.6,2
6398.9,23
6400.9,14
6401.1,21
6402.1,32
6402.9,27
6403.1,25
6403.9,35
6404.8,33
6405.1,13
6405.1,20
6405.7,31
6405.8,6
6405.8,29
6406.0,30
6406.3,34
6407.4,7
6407.4,24
6407.6,17
6407.8,8
6408.1,1
6408.8,12
6410.3,28
6412.6,21
6412.9,27
6414.0,33
6414.1,37
6415.3,10
6416.1,30
6416.8,1
6417.9,31
6418.5,29
6418.9,3
6419.0,13
6419.0,32
6419.1,6
6419.2,25
6419.4,20
6419.8,17
6420.0,4
6420.5,7
6420.6,22
6420.9,15
6421.2,23
6421.4,34
6421.8,38
6422.5,27
6422.5,39
6422.9,33
6423.0,1
6423.5,12
6425.4,16
6426.6,28
6426.9,35
6427.1,20
6427.2,9
6427.8,25
6428.3,2
6430.8,27
6431.0,6
6431.3,26
6431.3,29
6432.5,30
6432.8,17
6432.8,33
6433.9,1
6434.8,3
6434.8,32
6435.1,7
6435.1,14
6435.5,21
6435.7,13
6436.2,37
6436.7,10
6437.0,35
6437.3,20
6437.6,4
6438.0,23
6438.2,31
6439.3,22
6439.4,27
6439.6,5
6440.6,12
6440.7,25
6442.3,6
6442.3,24
6443.3,8
6445.7,32
6445.9,33
6446.1,29
6446.4,16
6446.6,34
6446.8,17
6447.0,0
6447.1,20
6447.4,1
6448.2,30
6448.5,13
6448.8,38
6449.0,37
6449.1,21
6450.6,14
6451.0,7
6451.3,35
6451.9,25
6452.9,3
6453.0,6
6453.3,33
6453.4,28
6453.7,29
6454.2,27
6454.3,15
6455.1,26
6455.6,20
6456.5,4
6457.2,32
6459.3,17
6459.6,31
6459.7,21
6459.7,23
6460.4,12
6461.3,1
6462.3,16
6464.0,24
6464.1,9
6464.1,30
6464.1,39
6465.1,7
6467.1,28
6467.3,6
6467.6,25
6467.9,27
6468.1,13
6468.1,35
6468.3,29
6468.5,20
6469.3,37
6469.6,5
6469.7,1
6469.9,33
6470.1,32
6470.6,17
6471.1,3
6471.1,22
6471.1,31
6471.3,8
6474.0,2
6475.3,7
6475.6,15
6475.9,30
6476.6,12
6476.9,20
6478.1,23
6478.9,16
6479.0,17
6479.2,21
6479.6,39
6480.1,33
6480.5,10
6480.7,29
6480.8,25
6482.8,27
6483.0,26
6483.8,1
6484.6,13
6484.6,32
6484.7,0
6485.5,20
6485.6,19
6485.8,34
6486.3,35
6486.4,11
6487.9,12
6488.0,6
6488.1,14
6489.0,31
6489.1,7
6490.0,3
6490.7,4
6490.7,28
6491.8,25
6493.7,17
6495.6,20
6496.0,30
6496.1,16
6496.5,29
6496.5,33
6497.5,1
6497.9,8
6498.2,13
6498.5,22
6498.6,24
6499.7,23
6499.8,27
6500.2,35
6501.3,21
6502.7,20
6502.8,15
6503.2,31
6503.7,28
6504.3,12
6504.9,7
6504.9,37
6505.5,32
6506.0,1
6507.1,2
6508.6,29
6508.7,25
6508.9,0
6509.2,4
6510.0,26
6511.1,33
6511.7,17
6511.7,20
6512.3,30
6512.8,6
6512.9,13
6513.1,34
6513.2,39
6513.8,23
6514.1,27
6518.0,31
6518.6,32
6518.9,28
6519.6,3
6519.6,29
6520.1,24
6520.2,1
6520.2,16
6520.3,35
6521.1,6
6521.1,13
6521.1,25
6521.2,38
6522.6,7
6522.9,20
6523.0,8
6523.1,11
6523.4,12
6523.9,27
6524.7,22
6524.8,17
6525.1,21
6525.4,4
6525.7,15
6525.8,5
6528.8,33
6529.3,37
6529.3,39
6529.6,29
6529.9,32
6531.1,30
6531.6,31
6531.7,1
6531.9,34
6532.2,9
6532.5,12
6533.4,20
6534.1,25
6534.6,35
6536.0,2
6536.4,13
6536.4,22
6536.4,27
6536.6,16
6537.2,11
6537.6,21
6537.9,14
6538.1,17
6538.8,24
6539.4,26
6539.5,23
6539.9,29
6541.3,6
6542.1,7
6543.2,20
6543.8,1
6544.4,31
6544.5,33
6545.1,30
6547.2,25
6548.0,28
6548.3,32
6548.6,17
6549.0,16
6549.6,3
6549.8,13
6549.8,12
6549.8,39
6550.4,15
6550.9,35
6551.3,23
6552.2,10
6552.4,27
6552.4,29
6553.5,20
6554.2,31
6555.1,4
6555.2,33
6557.8,1
6557.8,6
6558.5,0
6559.8,21
6559.8,22
6560.7,27
6560.8,7
6560.8,12
6561.3,17
6561.3,25
6561.5,32
6561.6,16
6561.9,13
6561.9,28
6562.0,30
6562.4,9
6563.3,37
6563.9,29
6565.1,20
6567.5,26
6568.1,1
6569.7,5
6569.7,31
6570.0,3
6572.2,33
6572.5,12
6572.7,25
6572.8,20
6573.5,19
6573.6,8
6574.7,6
6575.0,27
6575.3,23
6576.0,24
6576.3,29
6576.7,17
6576.7,35
6577.1,2
6577.6,30
6577.9,7
6578.3,1
6578.3,13
6578.6,22
6579.0,15
6580.9,14
6580.9,39
6581.1,21
6581.2,16
6581.7,4
6581.8,37
6582.6,31
6582.6,34
6582.7,25
6583.3,33
6583.4,11
6583.4,20
6583.9,12
6584.2,32
6585.3,9
6585.6,27
6586.2,29
6588.3,6
6588.3,28
6588.7,1
6589.8,10
6589.9,0
6591.2,25
6591.8,30
6592.6,16
6592.6,20
6592.6,21
6593.7,22
6593.8,17
6594.0,13
6594.4,39
6594.8,31
6595.8,3
6596.1,7
6596.5,27
6596.5,35
6596.9,26
6597.8,23
6597.9,12
6598.7,33
6599.0,1
6599.3,32
6600.7,29
6601.9,25
6602.1,15
6602.7,4
6602.9,20
6603.4,30
6603.8,28
6604.3,8
6605.3,5
6605.3,34
6605.4,13
6605.5,17
6605.6,6
6606.4,1
6606.7,16
6607.6,33
6608.9,29
6609.0,14
6610.0,37
6611.2,27
6612.1,21
6612.1,28
6612.7,10
6612.9,25
6613.2,31
6614.3,3
6614.9,20
6615.1,12
6616.9,30
6619.1,23
6619.4,39
6619.5,13
6619.5,17
6621.3,6
6621.3,24
6621.4,32
6621.8,33
6622.1,7
6622.6,20
6623.2,12
6623.2,16
6624.2,15
6624.2,22
6624.4,1
6624.4,29
6625.0,34
6625.5,27
6625.8,23
6626.3,4
6626.6,28
6627.0,5
6627.1,25
6627.2,14
6628.3,35
6628.5,26
6628.6,31
6630.1,21
6630.8,20
6631.5,17
6633.9,7
6634.2,37
6634.3,13
6634.7,8
6634.7,30
6635.3,2
6636.2,29
6636.8,1
6637.6,27
6637.6,32
6637.8,16
6638.7,33
6638.8,12
6639.1,6
6639.1,25
6640.6,4
6641.1,17
6642.3,20
6644.6,22
6645.4,13
6647.4,5
6647.4,7
6647.5,29
6647.7,1
6647.9,23
6647.9,35
6648.0,21
6648.0,31
6648.1,3
6648.5,9
6648.8,16
6649.4,27
6649.4,38
6649.5,39
6649.8,33
6650.1,15
6650.1,25
6650.2,28
6650.5,34
6650.6,10
6650.7,0
6650.8,20
6651.1,6
6651.1,30
6651.7,14
6653.3,32
6654.5,24
6655.3,26
6655.9,12
6655.9,13
6657.4,1
6657.9,7
6658.0,29
6658.9,20
6659.1,37
6659.3,17
6659.8,6
6659.8,33
6660.3,4
6661.0,3
6661.0,32
6661.2,31
6661.4,25
6663.6,27
6664.4,22
6666.1,16
6667.3,17
6667.6,13
6667.8,12
6667.9,15
6668.3,30
6669.1,2
6669.2,23
6669.3,20
6669.7,35
6670.3,1
6670.5,33
6670.6,39
6670.8,29
6670.9,8
6673.8,34
6674.5,16
6675.4,32
6676.1,7
6676.9,21
6677.0,27
6677.1,14
6677.3,25
6677.4,31
6677.5,4
6678.6,28
6679.2,17
6679.3,29
6679.8,1
6680.7,13
6681.3,30
6682.8,20
6684.8,33
6684.9,3
6685.2,12
6685.7,6
6686.0,37
6687.2,5
6687.8,16
6687.8,32
6688.1,27
6688.4,7
6688.8,9
6688.9,20
6690.4,26
6690.9,23
6691.8,31
6692.2,29
6692.3,25
6692.3,30
6693.1,24
6693.7,21
6693.8,2
6693.9,33
6694.4,17
6694.8,14
6695.0,13
6695.6,22
6695.8,28
6695.9,20
6697.0,15
6697.3,12
6697.5,0
6697.5,1
6698.1,39
6699.3,8
6699.6,10
6699.8,6
6699.8,35
6701.0,32
6703.2,23
6703.6,27
6704.2,20
6704.4,29
6705.0,31
6705.4,7
6705.4,34
6706.1,16
6706.2,12
6706.4,4
6706.8,25
6706.9,38
6707.1,30
6707.2,33
6707.3,3
6707.3,17
6707.4,5
6708.9,15
6709.0,13
6710.4,1
6712.0,37
6712.2,21
6712.3,26
6713.3,32
6713.7,3
6713.7,29
6714.9,35
6715.3,20
6715.6,27
6717.0,28
6717.1,6
6717.9,0
6718.0,17
6718.0,25
6719.1,22
6719.1,39
6719.2,33
6719.9,8
6720.1,31
6720.4,14
6720.6,12
6721.1,34
6723.0,21
6723.4,30
6723.5,23
6725.1,13
6725.3,20
6725.7,29
6726.0,2
6726.2,4
6726.5,6
6727.2,1
6727.2,7
6727.3,5
6727.8,28
6728.0,25
6729.0,33
6731.5,16
6733.7,21
6733.9,31
6734.5,15
6735.5,27
6735.7,32
6736.9,20
6737.4,8
6737.4,17
6737.5,35
6737.6,29
6738.4,1
6738.4,12
6738.4,13
6738.7,39
6738.8,25
6739.0,26
6740.4,16
6740.8,30
6741.6,6
6742.0,34
6742.2,27
6742.2,31
6742.2,33
6742.4,3
6744.1,37
6744.8,22
6745.1,4
6746.2,1
6746.3,20
6746.7,15
6748.1,29
6749.1,14
6749.5,7
6751.4,35
6751.7,25
6752.4,32
6752.5,17
6753.0,21
6753.1,33
6753.3,23
6753.6,5
6753.8,6
6754.3,13
6754.3,24
6754.3,27
6754.4,28
6755.2,1
6755.6,30
6755.8,20
6755.8,31
6757.8,11
6757.9,12
6758.1,8
6758.1,10
6758.9,34
6759.0,9
6759.9,16
6760.3,22
6760.8,0
6761.2,29
6762.2,37
6762.6,39
6763.3,20
6764.6,25
6765.9,6
6765.9,7
6765.9,17
6766.0,21
6766.3,2
6766.6,1
6766.9,3
6767.4,30
6767.7,27
6767.8,23
6768.9,32
6768.9,35
6770.0,4
6770.9,33
6771.1,26
6771.4,29
6771.6,28
6771.7,13
6772.1,20
6772.2,14
6772.9,16
6773.5,31
6776.3,27
6776.7,12
6777.0,1
6777.3,25
6777.9,15
6779.3,29
6779.8,7
6779.9,17
6779.9,20
6780.3,33
6780.6,6
6780.9,21
6781.0,32
6781.4,35
6782.1,9
6785.3,8
6785.3,31
6785.8,16
6786.5,23
6786.9,30
6787.4,13
6787.7,24
6788.0,5
6788.1,0
6788.3,37
6788.9,1
6789.1,20
6790.2,33
6791.5,39
6791.8,22
6792.6,25
6793.1,10
6793.3,29
6794.0,12
6794.2,27
6794.7,17
6794.8,34
6795.9,4
6796.6,6
6797.3,20
6797.9,13
6798.7,1
6798.8,3
6799.5,32
6800.2,28
6800.2,35
6800.8,16
6801.6,31
6801.7,23
6801.8,2
6801.9,37
6802.0,15
6802.7,8
6803.0,33
6803.3,0
6804.0,7
6805.6,30
6805.8,12
6805.8,26
6806.0,20
6806.0,29
6807.2,14
6807.7,25
6808.2,27
6809.2,21
6810.2,1
6810.3,38
6810.7,17
6811.4,31
6812.4,6
6812.5,20
6812.5,32
6812.5,34
6813.7,13
6813.9,24
6815.6,27
6816.2,33
6816.6,29
6816.7,16
6817.3,30
6818.5,4
6818.9,7
6819.9,1
6820.9,22
6821.2,28
6821.6,12
6821.6,23
6821.7,20
6821.8,39
6823.2,5
6823.3,21
6823.4,10
6823.4,17
6823.6,3
6824.9,35
6825.4,34
6826.5,25
6827.0,32
6827.3,6
6827.4,16
6827.5,31
6827.8,11
6827.9,37
6828.2,27
6829.8,20
6830.4,14
6830.6,29
6830.7,13
6832.5,30
6833.1,26
6833.3,1
6833.7,28
6834.2,32
6834.8,17
6835.1,33
6837.8,25
6838.3,12
6838.8,9
6839.4,23
6839.8,4
6840.3,15
6840.3,27
6840.4,6
6841.0,10
6841.1,29
6841.2,7
6841.3,20
6841.4,0
6841.7,21
6841.8,1
6841.9,22
6842.4,31
6842.6,35
6845.2,16
6845.4,34
6845.6,8
6846.5,39
6847.4,5
6849.0,33
6849.3,17
6850.8,32
6851.8,29
6851.9,25
6852.8,20
6852.8,22
6853.4,24
6853.8,6
6854.0,12
6854.0,13
6854.2,23
6854.5,30
6854.7,27
6854.9,31
6855.1,39
6855.5,16
6855.8,7
6856.4,28
6859.6,1
6859.6,35
6860.0,37
6860.2,15
6860.2,33
6861.1,20
6861.1,29
6861.5,21
6861.5,25
6862.3,13
6864.4,32
6864.9,4
6865.7,8
6865.8,6
6866.9,3
6867.0,26
6867.1,1
6867.6,12
6868.2,16
6868.3,17
6868.5,20
6869.1,27
6869.2,30
6869.8,7
6871.8,21
6872.0,31
6873.6,14
6875.5,39
6875.8,25
6877.0,23
6877.0,29
6877.0,34
6877.5,2
6877.5,9
6878.2,13
6879.0,5
6879.7,4
6879.8,6
6879.9,33
6880.2,35
6880.4,17
6880.8,1
6881.1,28
6881.1,37
6881.2,32
6881.4,30
6881.9,0
6882.0,20
6885.7,12
6885.8,16
6885.9,7
6885.9,25
6886.8,21
6888.4,15
6889.0,27
6889.9,3
6890.0,13
6890.3,8
6891.4,31
6891.6,20
6891.7,22
6891.7,23
6892.7,6
6892.7,26
6892.7,32
6892.8,29
6893.2,33
6893.5,34
6893.9,24
6894.1,35
6894.9,12
6895.2,1
6895.4,17
6895.4,38
6895.8,30
6895.9,4
6899.5,14
6899.8,25
6900.6,10
6901.1,13
6901.5,20
6901.6,28
6901.6,29
6902.1,16
6902.5,17
6902.8,7
6902.8,33
6903.7,27
6905.4,39
6905.9,31
6906.1,37
6906.3,11
6906.7,32
6906.8,6
6906.9,26
6907.3,1
6909.1,30
6909.5,21
6910.2,12
6910.3,20
6910.8,23
6910.8,35
6911.1,7
6911.6,25
6911.8,5
6912.4,15
6913.7,6
6913.8,29
6914.1,17
6914.4,4
6915.1,8
6915.2,28
6915.9,13
6917.4,27
6919.6,3
6919.6,38
6920.1,16
6920.2,1
6920.3,20
6920.4,2
6920.8,24
6922.4,30
6923.5,33
6923.6,25
6924.5,12
6925.1,32
6925.5,35
6925.6,29
6925.6,34
6925.9,21
6926.0,27
6926.1,23
6926.3,22
6926.7,39
6927.2,31
6928.1,20
6928.9,15
6930.2,13
6930.9,16
6931.8,17
6932.8,9
6932.9,1
6934.2,30
6934.5,14
6934.5,21
6936.2,32
6936.4,24
6936.4,27
6937.0,25
6937.2,29
6937.6,4
6938.5,7
6939.0,0
6939.1,33
6939.2,20
6939.7,12
6939.9,28
6940.0,6
6940.3,3
6940.5,39
6940.7,8
6940.7,26
6941.2,37
6942.5,31
6942.9,1
6944.4,21
6944.5,13
6944.8,17
6946.0,20
6947.4,16
6948.5,2
6948.9,30
6949.8,33
6950.4,25
6950.6,32
6951.0,15
6951.0,29
6951.5,34
6951.6,27
6952.0,10
6952.5,22
6953.0,1
6953.1,38
6953.5,12
6954.7,20
6955.7,6
6958.0,35
6958.3,28
6958.4,31
6958.4,5
6958.7,13
6958.9,39
6959.0,23
6959.2,7
6959.4,17
6961.4,30
6961.8,20
6962.3,21
6965.0,27
6965.8,12
6965.9,32
6966.1,8
6966.3,1
6966.3,24
6966.6,25
6966.9,16
6967.0,3
6967.0,29
6967.1,22
6967.9,4
6968.2,31
6968.2,33
6968.6,20
6968.9,14
6973.9,12
6974.9,37
6975.0,13
6975.1,34
6975.2,30
6975.3,0
6975.4,27
6976.7,17
6976.8,21
6977.1,20
6977.4,25
6978.1,7
6979.9,29
6980.0,32
6980.0,39
6980.1,1
6980.3,10
6980.5,33
6982.3,6
6982.4,13
6982.5,2
6983.3,28
6984.3,23
6985.1,35
6985.5,16
6987.3,31
6988.6,12
6988.6,20
6989.7,15
6989.7,25
6990.2,27
6990.4,4
6990.5,1
6990.5,7
6990.7,29
6991.1,6
6991.2,3
6991.5,30
6992.9,13
6996.1,21
6996.3,24
6997.0,17
6997.4,20
6997.4,37
6997.5,32
6998.2,16
6998.4,28
6999.3,33
6999.4,35
7001.7,8
7002.0,12
7002.1,6
7002.1,39
7002.9,25
7003.1,1
7003.4,5
7003.6,14
7004.0,7
7004.9,23
7005.0,17
7005.0,22
7005.5,31
7005.7,30
7006.3,13
7006.3,27
7006.8,32
7006.9,20
7007.0,15
7007.1,29
7009.6,26
7010.0,35
7011.1,33
7011.1,38
7011.5,21
7013.8,25
7014.0,16
7014.3,34
7014.7,20
7015.7,12
7015.9,17
7016.4,1
7016.4,29
7016.7,31
7016.8,4
7017.1,27
7017.6,0
7017.7,7
7018.4,30
7019.1,6
7019.9,23
7020.7,3
7021.8,8
7021.9,35
7023.2,10
7023.5,20
7023.8,13
7024.2,28
7026.2,37
7026.4,26
7027.1,1
7027.8,17
7028.2,24
7028.6,34
7028.7,27
7028.7,33
7029.2,39
7030.1,5
7030.3,22
7030.4,12
7030.6,32
7031.3,9
7031.5,29
7031.7,25
7032.2,16
7032.2,20
7033.1,31
7034.2,30
7034.8,27
7035.5,7
7036.5,6
7037.3,4
7038.4,13
7038.7,23
7039.7,35
7040.1,20
7041.0,33
7041.4,17
7041.8,21
7042.6,16
7043.9,32
7044.2,28
7044.3,37
7044.8,14
7045.1,29
7045.2,13
7045.5,24
7045.6,8
7045.6,12
7045.6,15
7046.4,27
7046.8,25
7047.0,30
7047.1,1
7047.1,6
7047.6,31
7048.1,20
7048.2,3
7048.9,11
7053.7,39
7054.1,17
7054.6,16
7054.7,22
7055.1,34
7055.4,27
7056.7,35
7057.0,2
7057.1,1
7057.4,20
7057.5,21
7057.6,23
7058.2,6
7059.0,28
7059.0,29
7059.0,31
7059.3,0
7059.7,32
7060.1,38
7060.4,13
7060.5,12
7060.5,33
7060.8,10
7062.0,25
7062.2,30
7062.4,7
7063.0,26
7063.2,5
7067.2,20
7068.1,17
7068.5,4
7068.6,16
7069.1,15
7069.1,22
7069.3,39
7069.8,27
7069.8,31
7069.9,29
7070.2,25
7070.2,35
7071.0,21
7071.5,3
7072.5,20
7073.2,13
7074.6,14
7074.7,32
7074.8,12
7075.0,33
7075.5,7
7075.7,1
7076.0,6
7076.7,8
7076.7,23
7077.7,30
7079.9,16
7080.1,29
7080.1,31
7080.2,17
7081.5,25
7082.7,20
7082.9,28
7083.7,1
7084.7,32
7085.2,12
7086.3,27
7086.7,13
7086.9,21
7087.1,11
7087.2,2
7087.4,10
7087.5,15
7087.7,35
7087.9,0
7088.2,22
7088.5,30
7089.4,37
7089.6,16
7089.6,20
7089.6,33
7089.7,34
7092.1,29
7092.6,25
7094.1,1
7094.3,17
7094.6,3
7094.8,27
7095.0,5
7095.0,23
7095.9,7
7095.9,8
7096.2,6
7096.7,31
7097.1,39
7098.0,4
7098.2,20
7099.3,24
7099.7,16
7101.0,13
7101.1,32
7101.6,29
7101.7,9
7101.8,28
7101.8,33
7101.8,35
7103.3,17
7103.4,21
7104.9,12
7105.0,30
7105.1,34
7105.4,1
7105.6,25
7106.2,7
7106.9,20
7109.3,27
7110.4,31
7110.7,6
7110.9,22
7111.7,23
7111.7,33
7111.8,14
7112.3,29
7112.9,32
7116.8,34
7116.9,17
7117.2,13
7117.4,25
7117.8,16
7118.0,1
7118.1,20
7118.8,37
7118.8,9
7118.8,12
7119.7,21
7119.9,2
7120.1,4
7120.1,15
7120.4,8
7120.5,5
7120.6,14
7120.8,35
7120.8,39
7121.4,7
7123.8,29
7124.7,20
7125.1,30
7125.5,33
7127.0,27
7128.3,3
7128.7,17
7128.9,13
7129.0,6
7129.0,35
7129.7,23
7129.8,31
7129.9,25
7130.0,26
7130.1,28
7130.2,32
7130.5,0
7130.5,12
7130.5,22
7130.7,1
7131.1,8
7131.3,21
7132.2,29
7133.2,20
7134.5,16
7134.9,30
7135.6,7
7137.7,5
7138.5,25
7138.8,28
7138.9,33
7139.0,1
7139.6,27
7139.8,29
7140.2,14
7140.6,15
7141.1,17
7141.6,6
7141.9,13
7142.0,20
7142.1,12
7142.2,10
7143.6,4
7143.6,34
7143.7,31
7147.1,35
7147.3,32
7148.6,0
7148.7,30
7148.9,8
7149.2,2
7150.8,21
7150.8,23
7150.8,24
7151.6,20
7152.7,1
7152.7,27
7152.9,29
7153.4,37
7153.6,39
7153.9,25
7154.7,33
7155.0,6
7155.0,17
7155.6,12
7156.4,3
7156.5,7
7156.9,16
7158.6,13
7159.2,29
7159.4,32
7159.6,28
7160.2,31
7160.4,22
7160.7,4
7161.3,20
7161.7,34
7162.3,30
7162.9,27
7163.3,1
7163.5,6
7164.0,26
7164.4,25
7165.3,35
7165.8,10
7166.8,33
7167.6,31
7168.0,5
7168.1,15
7168.3,17
7170.5,20
7171.3,1
7172.2,29
7172.7,39
7173.2,12
7173.8,7
7173.9,8
7173.9,37
7174.6,30
7174.6,32
7174.9,21
7175.1,4
7175.1,16
7177.4,27
7177.6,25
7178.7,20
7179.4,29
7180.0,13
7180.6,33
7181.5,31
7181.7,35
7181.8,6
7182.2,24
7183.8,17
7183.8,23
7184.7,12
7185.2,15
7185.8,4
7186.8,34
7187.1,22
7187.2,20
7187.4,30
7187.5,9
7187.5,28
7187.7,3
7188.0,1
7188.9,7
7190.1,14
7191.2,16
7191.7,11
7192.4,32
7192.5,6
7192.7,25
7193.6,29
7194.7,8
7195.0,39
7195.2,2
7195.2,21
7195.2,27
7195.6,13
7196.4,20
7196.6,1
7196.9,35
7197.0,30
7197.3,26
7197.3,33
7199.1,17
7200.4,31
7201.3,7
7203.1,29
7203.2,23
7203.4,12
7203.8,15
7204.0,25
7204.4,0
7204.5,32
7204.6,28
7204.9,5
7205.1,27
7205.6,1
7206.5,3
7206.9,13
7207.0,4
7207.2,37
7207.9,6
7208.4,20
7211.3,21
7212.4,30
7212.9,17
7213.9,7
7214.8,38
7215.0,16
7215.1,33
7215.8,32
7215.8,35
7217.1,26
7217.2,31
7217.5,34
7217.7,29
7217.9,12
7218.5,25
7219.0,37
7219.4,22
7219.8,20
7220.2,27
7222.1,1
7222.3,24
7224.5,4
7224.9,6
7225.0,15
7225.3,8
7225.4,13
7225.5,17
7226.5,39
7226.6,31
7227.0,28
7227.3,33
7228.3,2
7228.5,16
7228.7,35
7228.9,14
7229.0,25
7229.1,3
7229.9,30
7233.0,23
7233.3,20
7234.0,27
7234.1,12
7234.2,29
7234.8,21
7234.9,7
7235.4,9
7235.6,1
7235.6,10
7235.7,22
7235.9,13
7236.2,0
7236.3,37
7236.4,39
7237.1,33
7237.4,32
7237.7,6
7241.0,17
7241.0,25
7243.3,16
7243.7,31
7245.0,20
7246.0,35
7246.4,30
7246.5,27
7246.8,7
7247.7,15
7248.3,1
7248.3,34
7249.5,12
7249.7,22
7249.9,29
7250.5,5
7250.8,24
7251.0,23
7251.7,33
7252.2,28
7252.4,14
7252.5,13
7252.9,17
7253.0,8
7253.0,20
7253.3,32
7253.4,4
7253.6,25
7254.1,0
7259.4,27
7259.4,31
7260.2,30
7260.3,12
7260.5,39
7261.8,16
7261.8,21
7262.0,35
7262.5,1
7262.7,29
7263.4,6
7263.7,7
7263.9,3
7263.9,33
7264.6,38
7265.4,20
7267.4,15
7267.7,32
7267.8,13
7267.8,25
7270.4,17
7270.4,28
7270.8,23
7273.1,12
7273.1,33
7273.5,31
7274.3,6
7274.6,16
7275.2,20
7275.8,8
7276.3,37
7276.4,25
7276.7,22
7277.0,30
7277.8,34
7278.2,1
7278.2,13
7278.6,7
7278.9,10
7279.6,29
7280.2,12
7280.2,24
7280.5,32
7280.7,4
7281.4,27
7282.6,20
7283.2,0
7284.0,6
7284.5,17
7285.5,3
7286.2,16
7286.3,21
7287.4,35
7288.8,14
7289.3,26
7290.2,20
7290.9,37
7291.5,31
7291.6,25
7291.9,1
7292.4,23
7292.5,13
7292.8,9
7293.3,6
7293.4,7
7293.4,27
7293.4,29
7294.1,12
7294.6,5
7294.9,33
7295.1,2
7295.5,32
7296.0,39
7297.0,15
7297.4,3
7297.9,30
7298.2,4
7298.6,28
7298.8,1
7298.9,19
7299.3,17
7299.6,16
7299.7,21
7300.2,25
7300.7,22
7303.1,29
7303.2,20
7303.2,27
7303.5,6
7304.2,31
7305.3,12
7305.7,10
7306.3,13
7307.8,1
7308.3,7
7308.4,8
7308.5,14
7309.0,33
7310.3,32
7310.6,25
7311.2,35
7311.5,39
7311.9,2
7311.9,16
7311.9,21
7311.9,30
7312.1,27
7313.3,3
7313.7,23
7313.8,15
7313.9,17
7313.9,20
7313.9,28
7315.2,1
7315.9,31
7316.4,26
7316.5,29
7318.1,25
7318.3,34
7319.6,0
7319.9,4
7320.0,22
7320.5,13
7320.6,33
7321.5,8
7322.1,5
7322.9,37
7323.1,27
7323.6,6
7324.3,20
7325.4,7
7325.6,24
7326.0,12
7328.5,17
7328.9,30
7329.1,14
7329.2,1
7329.7,16
7329.7,32
7330.6,25
7331.5,29
7332.3,23
7332.6,20
7332.6,21
7334.9,12
7335.3,15
7335.7,27
7336.3,39
7336.5,33
7337.0,6
7337.1,3
7337.1,13
7338.8,22
7338.9,31
7338.9,35
7339.0,16
7339.2,29
7340.1,5
7340.8,34
7341.4,37
7342.8,17
7342.9,8
7343.0,1
7343.6,32
7344.3,30
7345.1,28
7345.5,20
7347.3,0
7347.4,12
7347.7,33
7348.5,7
7348.8,27
7348.9,26
7350.2,15
7350.4,2
7350.9,23
7351.0,4
7351.0,14
7351.8,11
7352.2,31
7352.2,39
7352.5,25
7352.5,29
7353.3,16
7353.6,21
7353.7,1
7355.0,32
7355.1,17
7355.7,20
7356.1,6
7356.1,13
7357.0,35
7358.4,30
7358.7,27
7360.1,25
7360.5,12
7361.6,9
7362.4,3
7362.7,33
7363.1,37
7364.9,10
7364.9,22
7365.3,23
7365.4,24
7365.4,28
7365.4,31
7365.6,20
7365.7,29
7366.0,15
7367.2,34
7367.5,7
7368.0,2
7368.1,21
7368.3,1
7368.6,35
7369.3,38
7370.4,16
7370.5,25
7370.8,12
7371.2,6
7371.5,13
7374.1,5
7374.3,32
7375.5,20
7376.0,33
7376.1,3
7376.8,27
7377.1,17
7377.2,39
7377.5,26
7378.7,16
7381.8,1
7382.0,30
7383.1,6
7383.1,29
7383.5,20
7384.1,4
7385.4,31
7386.5,12
7386.5,21
7387.1,14
7387.5,8
7387.7,25
7387.8,24
7387.9,13
7388.1,26
7388.2,7
7388.4,32
7389.0,11
7389.1,0
7389.1,33
7390.2,34
7390.7,23
7391.3,35
7394.2,16
7394.4,27
7394.5,22
7394.5,30
7394.6,29
7394.8,1
7394.9,20
7395.4,3
7395.7,6
7397.4,2
7397.7,15
7399.3,17
7399.5,31
7399.7,33
7401.2,10
7401.3,32
7401.7,12
7401.9,25
7401.9,28
7402.1,4
7402.3,1
7402.3,13
7402.4,37
7402.5,35
7402.6,21
7402.6,39
7402.9,29
7403.1,23
7406.6,20
7407.4,27
7407.4,33
7407.5,16
7408.8,7
7409.1,5
7409.3,22
7411.9,29
7414.3,31
7414.8,20
7415.6,12
7415.6,30
7415.6,35
7415.9,17
7416.0,25
7416.9,21
7417.0,1
7417.2,32
7417.3,6
7417.6,13
7418.0,15
7418.6,28
7418.9,14
7418.9,34
7419.5,27
7420.4,3
7422.5,29
7423.6,7
7424.1,4
7424.2,20
7424.6,16
7424.6,22
7424.8,2
7425.4,5
7425.4,37
7425.8,26
7426.2,33
7426.7,23
7426.7,38
7427.8,21
7427.8,24
7428.0,13
7428.1,17
7428.1,31
7428.4,30
7428.7,35
7428.9,12
7429.1,8
7430.0,27
7430.3,1
7431.8,25
7433.0,20
7433.2,32
7433.7,6
7435.2,39
7436.4,29
7438.3,14
7438.7,33
7438.8,30
7439.0,4
7439.0,13
7439.1,10
7439.2,28
7439.9,0
7440.4,3
7440.4,20
7440.6,27
7442.4,12
7442.7,32
7443.0,23
7443.6,34
7443.8,16
7444.0,17
7444.8,5
7445.2,25
7445.3,1
7446.5,6
7447.2,7
7447.2,21
7447.8,29
7448.6,13
7449.2,33
7451.8,20
7452.1,22
7452.1,25
7452.3,35
7453.5,14
7453.7,17
7454.1,15
7454.8,1
7455.4,24
7455.4,32
7455.4,33
7455.9,31
7456.1,16
7456.2,8
7456.3,2
7456.6,12
7457.0,4
7457.9,30
7459.9,27
7460.1,23
7460.1,28
7460.1,37
7461.7,3
7461.8,39
7461.9,5
7462.1,17
7464.1,7
7464.1,13
7464.2,0
7464.4,20
7464.5,6
7464.6,25
7465.4,1
7465.6,29
7465.8,21
7469.9,30
7470.0,16
7470.2,3
7470.3,33
7470.4,20
7471.2,31
7472.8,12
7472.9,10
7473.2,17
7474.0,27
7474.7,1
7475.9,29
7476.5,32
7476.7,28
7477.2,9
7477.3,13
7477.5,20
7477.9,21
7478.2,34
7478.2,35
7478.3,14
7478.5,25
7479.1,4
7479.8,8
7480.1,22
7481.5,37
7482.3,15
7482.5,26
7482.7,7
7483.1,24
7483.1,33
7483.7,27
7484.5,25
7485.3,29
7485.9,1
7486.6,6
7486.7,30
7486.9,0
7487.0,16
7487.2,31
7487.5,20
7488.3,12
7488.5,17
7488.7,23
7491.0,33
7491.2,5
7491.2,39
7491.7,7
7493.6,27
7494.6,20
7494.8,32
7496.7,29
7497.1,6
7497.3,4
7497.4,21
7497.5,28
7497.6,31
7497.7,30
7497.8,13
7497.9,24
7498.2,1
7498.3,3
7498.3,8
7498.4,34
7499.7,11
7500.7,22
7501.1,15
7501.1,17
7501.9,35
7502.2,23
7502.3,25
7502.8,2
7503.1,5
7503.3,33
7503.4,12
7503.8,32
7503.9,16
7504.3,7
7504.5,20
7504.7,31
7504.9,29
7509.2,6
7510.4,27
7511.1,1
7511.1,13
7511.3,30
7511.4,37
7511.9,20
7511.9,39
7512.0,25
7512.5,14
7513.3,31
7513.5,29
7515.7,4
7516.2,3
7516.2,34
7517.5,16
7518.0,32
7518.9,17
7519.4,25
7519.8,28
7520.1,24
7520.4,7
7520.9,12
7521.1,27
7521.1,33
7521.2,0
7521.2,10
7521.7,35
7522.0,21
7525.1,29
7526.4,30
7526.5,1
7526.8,20
7526.8,23
7527.8,17
7528.2,15
7528.3,13
7528.3,31
7528.6,6
7528.7,38
7528.9,22
7528.9,37
7529.0,32
7529.2,4
7529.5,12
7530.1,25
7530.7,7
7533.5,27
7534.6,20
7534.9,33
7535.9,35
7537.6,16
7538.4,1
7538.5,29
7538.9,10
7538.9,26
7538.9,34
7539.3,17
7539.4,23
7539.4,25
7541.7,3
7542.4,13
7543.1,39
7543.8,20
7543.9,30
7544.7,27
7545.1,12
7545.8,32
7545.9,6
7545.9,21
7547.5,33
7547.9,5
7548.1,28
7548.2,0
7548.8,4
7549.2,16
7549.5,14
7550.6,25
7551.4,17
7553.3,1
7553.6,7
7554.0,20
7554.6,29
7555.5,21
7555.7,23
7556.7,31
7557.0,13
7557.2,12
7557.3,30
7559.3,35
7559.7,39
7559.9,27
7561.3,17
7561.9,33
7563.2,16
7563.9,29
7564.6,22
7565.0,32
7565.1,6
7565.7,20
7565.9,25
7566.2,11
7566.2,12
7566.3,34
7566.5,26
7566.6,15
7566.7,28
7566.8,3
7567.3,8
7567.4,1
7567.5,38
7567.7,37
7568.8,7
7570.5,13
7572.3,23
7573.3,27
7573.5,24
7574.0,31
7574.2,1
7575.6,30
7577.2,20
7578.1,29
7578.4,16
7578.9,39
7579.1,6
7579.2,35
7579.6,0
7579.9,17
7580.4,12
7581.5,33
7581.8,25
7581.9,3
7583.0,13
7583.2,1
7583.2,31
7584.3,26
7584.5,4
7584.6,32
7586.0,22
7586.3,2
7588.0,7
7589.4,20
7589.5,27
7590.2,21
7590.3,29
7590.3,30
7590.7,34
7591.2,1
7591.9,16
7592.9,6
7594.6,35
7594.8,17
7595.8,23
7595.9,14
7596.1,12
7597.3,5
7597.6,25
7598.4,28
7598.6,15
7599.1,31
7599.7,0
7600.1,20
7601.1,13
7601.3,32
7601.8,33
7602.4,8
7602.7,4
7603.0,29
7603.9,1
7604.2,16
7604.6,24
7604.7,30
7606.1,3
7607.5,6
7608.1,21
7608.3,20
7609.1,27
7610.3,7
7610.4,29
7610.7,12
7610.8,17
7611.4,10
7611.4,25
7611.8,32
7612.2,9
7612.2,39
7612.3,31
7612.3,33
7614.8,14
7614.8,37
7615.2,23
7615.2,24
7615.3,35
7615.5,20
7615.9,1
7616.7,2
7617.6,22
7619.1,28
7619.9,13
7620.0,34
7620.7,30
7620.9,29
7621.5,27
7621.8,16
7622.9,15
7624.0,26
7624.2,25
7624.3,32
7624.9,4
7625.1,3
7625.2,17
7626.2,1
7626.2,20
7626.8,33
7627.2,7
7628.3,6
7628.8,22
7629.1,35
7630.7,31
7632.0,39
7632.4,23
7633.2,0
7634.0,38
7634.1,12
7634.6,16
7635.5,37
7636.2,29
7637.5,34
7637.7,30
7638.2,27
7638.6,13
7638.6,20
7638.9,35
7639.1,32
7639.5,1
7640.4,21
7640.6,25
7640.8,33
7640.9,7
7640.9,14
7641.3,24
7641.4,28
7641.5,4
7643.5,20
7645.4,17
7645.6,8
7647.4,31
7648.0,5
7649.1,29
7649.7,15
7649.7,30
7649.8,2
7649.9,6
7649.9,16
7650.0,3
7650.5,10
7652.5,34
7652.6,35
7653.0,1
7653.0,22
7653.0,39
7653.3,27
7653.5,20
7655.1,13
7656.8,7
7656.8,30
7656.9,29
7657.5,12
7658.3,32
7658.6,17
7659.6,23
7659.6,33
7659.8,35
7659.9,28
7660.7,25
7661.1,1
7661.6,20
7663.0,26
7663.4,4
7664.0,16
7664.3,8
7664.3,14
7664.3,31
7664.4,0
7665.0,38
7665.8,13
7665.8,30
7667.5,17
7669.3,9
7669.3,29
7669.8,21
7669.9,15
7670.2,7
7670.3,35
7671.1,34
7671.2,33
7671.4,6
7673.0,1
7673.4,20
7674.6,24
7674.6,32
7674.7,12
7675.0,3
7675.0,25
7676.7,27
7677.2,30
7678.8,20
7679.3,31
7680.6,37
7681.1,16
7681.1,29
7681.3,13
7681.7,17
7682.5,14
7682.8,1
7683.6,6
7683.6,10
7683.6,28
7683.7,33
7684.5,5
7684.8,15
7685.7,35
7686.8,4
7687.0,25
7687.2,21
7687.7,39
7688.4,23
7688.5,32
7688.6,27
7690.1,7
7690.6,8
7690.7,2
7690.8,20
7691.3,31
7691.9,29
7692.2,1
7692.5,30
7693.3,0
7693.6,34
7693.7,12
7694.9,13
7695.0,16
7696.2,17
7698.1,28
7698.6,37
7699.3,32
7699.3,35
7699.5,33
7699.7,1
7699.9,25
7700.1,22
7700.4,27
7700.7,3
7702.2,26
7703.4,20
7704.3,21
7704.8,12
7704.9,31
7706.7,6
7706.7,23
7706.7,39
7707.2,29
7707.5,33
7708.2,24
7708.7,17
7711.0,1
7711.0,16
7711.0,37
7711.1,10
7711.1,30
7711.2,8
7711.7,21
7711.8,13
7711.8,32
7711.9,7
7712.2,20
7712.7,4
7713.0,25
7713.4,15
7714.3,11
7715.0,27
7718.1,29
7718.9,14
7719.1,2
7719.9,35
7720.0,31
7720.1,12
7720.3,28
7720.7,5
7720.7,34
7721.1,17
7721.5,16
7721.5,20
7721.7,1
7721.7,13
7721.7,32
7722.1,9
7722.3,30
7722.7,6
7723.2,7
7723.2,15
7724.9,27
7725.4,39
7725.6,25
7726.1,8
7727.0,0
7728.5,33
7728.9,23
7729.2,26
7729.8,20
7730.3,4
7730.4,19
7730.5,31
7730.6,3
7730.7,12
7730.7,22
7731.0,28
7731.6,29
7733.1,7
7735.7,16
7736.3,6
7737.0,10
7737.1,1
7737.8,21
7738.0,5
7738.0,35
7738.1,30
7738.2,32
7739.4,25
7739.7,27
7739.7,39
7740.1,17
7740.4,33
7741.1,8
7741.5,20
7741.7,12
7742.9,28
7743.3,15
7743.8,29
7744.5,22
7745.6,13
7746.2,31
7747.3,1
7747.6,0
7747.8,23
7747.9,7
7749.0,16
7751.2,20
7751.7,34
7752.0,4
7752.0,21
7752.1,3
7752.1,30
7752.2,27
7754.3,17
7755.1,25
7755.8,35
7755.9,38
7756.0,14
7756.7,32
7756.9,39
7757.3,13
7757.8,15
7757.9,29
7758.4,7
7758.5,6
7758.6,1
7759.0,8
7759.8,33
7759.9,12
7760.2,20
7761.8,22
7762.9,37
7763.2,3
7763.7,25
7764.5,16
7764.6,27
7764.8,5
7764.8,24
7765.4,21
7765.6,31
7766.7,2
7766.9,0
7769.2,33
7769.4,34
7769.5,32
7770.0,17
7770.5,35
7770.8,28
7770.9,6
7770.9,11
7771.0,9
7771.0,29
7771.8,13
7771.9,23
7772.1,4
7772.8,12
7772.9,20
7773.6,1
7774.4,26
7775.3,14
7775.6,25
7776.1,10
7777.3,37
7777.7,31
7779.1,3
7779.1,30
7779.2,7
7780.4,15
7781.4,39
7781.8,27
7782.6,33
7782.7,16
7782.7,17
7783.0,20
7784.5,13
7784.9,1
7786.6,29
7786.8,12
7787.0,8
7787.1,6
7787.3,32
7787.5,22
7788.2,23
7788.4,21
7789.0,27
7789.8,35
7790.0,25
7790.0,34
7790.4,2
7790.9,3
7790.9,28
7791.3,31
7791.4,20
7791.5,1
7791.9,37
7793.4,7
7794.5,33
7796.4,17
7796.7,30
7796.8,32
7798.3,12
7798.3,16
7799.2,29
7799.3,20
7799.4,4
7799.4,13
7801.0,0
7801.6,9
7802.4,31
7802.4,35
7802.5,25
7803.2,21
7803.5,39
7804.3,1
7804.5,26
7804.9,5
7805.2,15
7805.3,28
7805.8,27
7806.9,33
7808.1,6
7808.4,7
7808.4,32
7809.8,20
7810.7,3
7810.7,16
7811.2,23
7811.2,34
7811.7,12
7812.4,29
7813.9,25
7813.9,31
7814.0,30
7814.1,1
7814.6,17
7814.7,14
7814.8,13
7814.9,8
7817.4,4
7817.4,39
7818.1,20
7819.2,33
7819.9,23
7820.0,6
7820.0,27
7820.0,35
7820.4,12
7820.9,28
7821.8,21
7822.6,7
7824.0,16
7825.3,1
7825.6,3
7825.6,29
7825.6,32
7825.7,15
7825.9,17
7826.1,13
7826.6,25
7828.5,20
7830.3,27
7831.6,22
7831.6,30
7832.5,31
7832.7,8
7833.3,24
7833.3,35
7833.5,32
7833.6,2
7833.7,26
7833.7,37
7833.9,34
7834.1,12
7834.4,25
7834.7,21
7834.7,33
7834.8,28
7834.9,20
7836.7,23
7837.7,29
7838.4,10
7838.5,16
7838.6,1
7838.9,7
7840.5,5
7840.5,39
7841.6,3
7842.1,13
7842.6,6
7843.3,15
7844.4,12
7844.7,28
7845.0,17
7846.8,25
7848.3,29
7848.4,11
7848.6,30
7848.9,20
7850.5,1
7850.5,23
7850.6,31
7851.2,0
7851.2,24
7851.3,33
7851.4,27
7852.6,7
7852.6,8
7852.8,4
7853.2,35
7853.4,21
7855.9,17
7856.0,32
7857.2,20
7857.3,29
7857.5,25
7858.1,16
7859.3,6
7860.3,12
7860.5,1
7860.7,23
7861.6,13
7861.7,37
7862.1,34
7862.2,27
7862.3,21
7862.5,14
7862.7,15
7864.9,30
7865.1,3
7865.8,32
7866.0,29
7866.4,28
7866.6,33
7866.9,25
7867.2,17
7867.5,20
7869.7,31
7871.2,38
7871.7,26
7871.8,4
7872.8,6
7873.2,35
7873.7,39
7873.8,7
7873.9,1
7873.9,12
7874.3,22
7874.3,27
7874.6,20
7875.2,29
7875.5,13
7875.6,16
7878.6,33
7878.8,23
7879.1,8
7880.3,2
7881.3,3
7881.7,30
7882.0,32
7882.1,21
7882.1,25
7883.1,20
7883.3,28
7883.7,6
7883.9,24
7884.5,17
7884.5,27
7884.8,1
7885.8,31
7886.1,13
7886.2,12
7887.0,15
7887.6,16
7889.4,29
7891.3,33
7892.5,7
7892.6,1
7893.1,20
7894.4,25
7894.5,23
7894.6,39
7896.4,0
7896.6,26
7898.0,8
7898.3,17
7898.3,30
7898.9,27
7899.2,21
7899.5,32
7899.8,22
7900.0,28
7900.3,16
7900.3,29
7900.6,14
7900.8,10
7901.2,35
7901.2,38
7901.8,12
7902.0,37
7902.3,6
7902.8,4
7904.5,1
7904.5,20
7905.1,15
7905.2,2
7905.6,31
7906.2,34
7906.4,25
7908.7,13
7910.2,5
7910.2,33
7910.6,21
7911.2,7
7911.9,30
7912.1,24
7913.3,29
7913.9,1
7914.1,16
7914.2,34
7914.8,6
7914.8,31
7914.8,39
7914.9,25
7915.2,20
7915.2,23
7915.2,32
7915.3,35
7915.8,12
7918.3,8
7921.1,27
7921.2,17
7922.6,22
7922.6,30
7922.7,9
7922.8,3
7923.2,4
7923.4,7
7924.4,29
7924.7,25
7925.0,20
7925.9,13
7926.3,16
7926.4,12
7926.5,5
7927.2,1
7929.0,27
7929.5,26
7929.8,6
7930.2,28
7930.2,32
7930.4,23
7930.7,14
7931.8,33
7932.1,21
7932.4,35
7933.8,4
7934.8,0
7934.8,7
7935.3,17
7936.3,29
7936.6,20
7937.9,25
7937.9,31
7939.4,24
7940.1,1
7940.2,13
7942.0,12
7942.7,15
7943.0,6
7943.7,3
7944.0,8
7944.1,27
7944.1,33
7944.3,23
7944.5,16
7945.4,32
7946.9,17
7947.0,10
7947.3,21
7947.6,29
7948.0,20
7948.9,34
7950.6,25
7951.6,35
7951.7,13
7951.8,26
7951.9,30
7952.1,5
7952.5,28
7952.8,37
7953.9,39
7954.5,1
7955.1,33
7955.3,23
7955.7,22
7955.7,20
7956.5,7
7956.6,6
7956.6,31
7956.8,12
7959.6,27
7959.8,32
7960.6,29
7960.9,3
7961.0,17
7961.1,16
7961.4,38
7962.6,20
7964.1,13
7964.1,35
7964.5,30
7964.9,2
7965.0,12
7965.8,33
7966.8,29
7966.9,0
7967.0,25
7967.2,15
7967.9,17
7968.0,1
7968.9,24
7969.4,6
7969.7,7
7970.2,26
7970.2,31
7970.3,4
7970.4,16
7971.8,39
7973.4,23
7975.1,20
7975.3,12
7975.4,14
7975.4,21
7975.5,37
7975.8,5
7976.5,32
7976.8,27
7978.0,10
7978.0,13
7978.1,25
7978.5,1
7978.5,34
7978.7,38
7979.4,31
7979.5,3
7979.5,29
7979.7,28
7979.8,11
7979.8,33
7979.9,17
7980.0,16
7980.0,22
7980.1,30
7981.8,15
7981.8,35
7987.5,4
7987.6,8
7987.7,12
7988.3,20
7988.6,32
7989.0,25
7989.5,7
7989.8,9
7989.9,1
7990.0,23
7990.2,17
7990.5,21
7990.6,33
7990.7,30
7990.9,29
7991.1,24
7993.5,27
7994.9,5
7995.4,16
7996.1,35
7996.4,6
7996.7,31
7997.9,14
7998.0,20
7998.2,23
7998.5,13
7998.7,30
7999.4,15
7999.5,39
8000.0,3
8000.4,37
8001.2,29
8001.5,12
8002.2,32
8002.3,25
8003.0,33
8004.4,1
8005.3,17
8006.2,6
8006.6,20
8007.5,27
8007.7,13
8007.8,0
8009.2,16
8009.2,21
8009.9,34
8010.6,31
8010.9,35
8011.6,17
8011.8,25
8012.2,12
8013.7,1
8013.8,30
8014.1,24
8014.3,23
8014.8,22
8014.9,20
8015.2,7
8015.2,29
8016.6,39
8018.2,4
8019.0,21
8019.3,28
8020.2,31
8020.4,27
8020.5,32
8021.1,20
8021.6,33
8021.7,13
8022.1,2
8023.9,1
8023.9,8
8024.6,6
8024.9,15
8025.3,16
8025.4,17
8025.4,25
8025.7,34
8025.9,3
8026.4,35
8027.6,5
8027.8,9
8027.9,12
8028.0,7
8028.2,29
8028.3,10
8030.8,20
8030.8,30
8031.8,33
8032.3,27
8033.1,16
8033.4,23
8033.9,39
8034.3,28
8034.6,17
8034.8,26
8035.2,31
8035.7,29
8035.9,32
8036.3,35
8037.1,21
8037.4,7
8037.4,22
8037.5,13
8038.0,1
8038.0,25
8038.7,4
8038.9,37
8039.5,20
8042.3,24
8043.0,34
8044.6,6
8045.5,12
8045.6,15
8046.2,29
8047.3,31
8047.6,38
8047.8,20
8048.4,33
8048.5,23
8049.3,25
8049.3,27
8050.3,16
8050.7,32
8050.9,2
8050.9,14
8051.0,17
8051.5,7
8052.3,39
8052.6,13
8054.8,20
8054.9,3
8055.2,30
8055.7,1
8056.1,35
8056.9,12
8057.1,15
8057.5,21
8057.8,5
8057.8,29
8058.9,27
8059.0,6
8059.2,2
8059.3,33
8059.9,10
8061.4,8
8061.8,16
8062.4,24
8062.7,4
8063.4,25
8063.9,17
8064.3,7
8064.3,20
8064.7,34
8064.9,13
8065.1,31
8065.5,1
8066.4,0
8066.4,37
8066.8,23
8068.2,29
8068.4,28
8069.4,30
8070.9,39
8071.7,27
8071.7,32
8071.9,33
8072.4,15
8072.6,16
8072.6,21
8072.7,14
8072.8,6
8072.8,12
8073.0,22
8073.4,4
8074.1,19
8075.3,25
8075.8,28
8076.1,29
8076.3,26
8076.6,20
8078.9,1
8080.6,13
8081.4,31
8082.0,7
8082.2,0
8083.5,8
8083.6,30
8084.0,20
8084.1,17
8084.6,27
8085.1,21
8085.6,29
8086.0,33
8086.2,6
8086.7,5
8087.0,25
8087.0,34
8087.2,12
8087.2,32
8087.5,1
8087.6,37
8089.4,16
8090.5,23
8092.0,10
8092.7,35
8092.7,39
8094.0,3
8094.7,31
8095.3,20
8095.6,27
8095.7,1
8095.7,13
8095.7,17
8095.8,25
8095.8,28
8096.4,29
8096.5,14
8096.8,2
8097.2,15
8097.9,7
8098.5,12
8098.5,22
8098.6,4
8099.1,6
8100.8,21
8103.0,32
8103.0,20
8103.3,33
8104.1,16
8104.1,30
8107.4,13
8107.8,29
8107.9,39
8108.0,24
8108.0,26
8108.1,9
8108.4,5
8108.4,19
8109.2,0
8109.2,27
8109.3,16
8109.8,17
8110.0,25
8110.2,12
8110.3,20
8110.5,38
8111.1,1
8112.3,7
8113.0,35
8113.3,6
8113.9,23
8114.4,32
8114.5,31
8116.4,33
8116.6,28
8118.0,30
8118.2,15
8118.2,20
8118.4,25
8118.8,1
8119.1,29
8120.0,22
8120.1,13
8120.2,14
8120.3,4
8121.0,8
8121.1,21
8121.2,17
8121.2,27
8122.7,31
8124.9,3
8128.0,12
8128.4,34
8129.3,16
8129.4,7
8129.5,39
8129.9,28
8130.8,33
8131.0,30
8131.5,32
8131.7,6
8131.7,20
8131.7,25
8131.8,27
8131.9,1
8132.2,23
8132.2,29
8132.4,24
8132.5,4
8134.9,31
8136.5,10
8137.5,12
8138.2,17
8138.6,13
8139.8,35
8140.0,16
8140.2,15
8140.2,1
8141.8,25
8143.5,20
8144.0,29
8144.9,22
8145.6,32
8145.6,33
8146.2,23
8146.6,21
8147.6,31
8147.7,8
8147.8,26
8148.1,27
8148.5,6
8148.7,30
8149.2,7
8149.9,3
8151.4,12
8151.4,37
8151.7,16
8152.9,0
8153.7,1
8154.2,4
8154.3,25
8154.4,17
8154.5,24
8155.1,20
8155.3,28
8155.5,39
8156.2,9
8156.2,34
8156.9,29
8157.3,13
8158.6,6
8159.1,11
8159.2,27
8161.2,35
8161.3,20
8161.6,33
8162.2,15
8163.4,17
8163.7,32
8164.3,1
8164.6,5
8165.0,21
8165.1,25
8165.3,30
8165.9,2
8166.3,29
8166.4,23
8166.9,12
8167.0,7
8167.0,38
8167.8,14
8167.8,31
8168.9,22
8169.3,35
8170.5,16
8170.6,20
8171.2,10
8172.5,6
8172.5,33
8174.1,13
8174.5,29
8174.7,8
8175.0,1
8175.0,3
8175.2,27
8176.3,12
8176.4,32
8177.3,25
8178.0,11
8179.1,30
8179.5,4
8179.7,24
8180.0,21
8180.3,39
8181.3,17
8181.8,7
8182.2,15
8182.8,20
8183.0,0
8183.7,23
8184.7,22
8185.5,1
8185.5,29
8185.5,37
8185.8,6
8185.8,31
8186.4,16
8186.8,27
8187.4,25
8187.6,33
8187.8,28
8187.9,26
8188.3,3
8191.4,34
8192.6,5
8192.6,35
8192.8,38
8193.7,2
8193.7,12
8193.9,30
8194.9,32
8195.0,13
8196.1,17
8196.3,7
8196.6,29
8198.5,20
8199.2,1
8199.2,14
8199.2,21
8199.7,4
8200.2,16
8200.6,6
8201.0,8
8201.5,31
8201.6,23
8201.8,0
8201.9,25
8202.7,33
8202.9,27
8204.0,5
8204.7,29
8205.7,17
8206.0,13
8206.3,20
8207.0,1
8207.6,12
8208.6,3
8209.1,35
8210.3,32
8210.4,15
8211.9,30
8212.3,26
8212.4,22
8212.4,24
8213.3,27
8213.9,7
8214.1,25
8214.1,39
8216.4,16
8216.6,1
8217.1,20
8217.7,21
8217.7,33
8218.4,6
8218.8,29
8220.2,35
8220.3,12
8220.5,23
8220.7,11
8220.8,28
8220.8,37
8220.9,13
8221.5,0
8221.5,34
8222.3,14
8222.7,17
8223.8,31
8225.2,20
8226.6,3
8226.7,27
8227.4,2
8228.0,30
8228.4,4
8228.5,32
8229.0,25
8229.4,1
8229.4,29
8230.0,33
8230.3,15
8230.5,10
8230.9,7
8232.0,16
8233.0,20
8233.5,12
8234.4,6
8234.6,17
8235.1,35
8235.2,23
8235.2,31
8235.7,13
8236.5,29
8238.4,1
8239.7,32
8239.8,21
8239.9,26
8240.7,27
8241.9,24
8242.2,8
8243.0,25
8243.1,30
8243.8,33
8243.8,35
8244.0,4
8244.2,0
8244.4,20
8245.1,5
8247.2,13
8247.7,7
8248.1,6
8248.5,29
8248.7,31
8249.3,37
8249.5,15
8250.1,1
8250.4,28
8251.1,17
8252.0,33
8252.1,9
8252.1,12
8252.2,27
8252.2,30
8252.3,34
8252.8,16
8253.3,20
8254.7,32
8254.9,39
8256.1,23
8256.2,22
8259.1,25
8259.2,20
8259.4,29
8259.8,21
8261.0,1
8261.0,31
8261.3,35
8263.6,6
8265.0,8
8265.0,13
8265.1,33
8265.8,2
8265.9,17
8266.1,16
8266.6,4
8266.6,30
8266.7,12
8266.8,27
8267.4,25
8267.8,7
8271.2,32
8271.5,20
8272.5,14
8272.8,3
8273.3,13
8273.6,10
8274.2,29
8274.7,22
8274.7,23
8275.3,28
8276.4,1
8276.4,5
8276.4,35
8276.6,6
8276.8,25
8276.8,34
8277.2,16
8277.4,0
8277.7,33
8278.0,39
8278.3,31
8278.5,17
8279.6,30
8279.7,21
8280.4,20
8280.7,12
8281.8,27
8281.8,38
8282.4,23
8284.2,37
8284.5,11
8284.9,29
8285.1,7
8285.4,15
8287.2,33
8287.4,20
8288.4,13
8288.6,28
8289.6,32
8290.0,1
8290.0,2
8290.2,25
8290.5,22
8290.7,26
8291.3,27
8291.4,3
8291.6,16
8291.8,17
8292.0,39
8292.3,6
8292.5,31
8292.6,12
8293.8,35
8294.9,20
8295.6,29
8297.3,8
8297.3,30
8298.6,21
8299.1,37
8299.5,13
8300.6,1
8300.8,31
8301.3,33
8301.4,9
8301.8,25
8304.2,14
8304.4,7
8304.9,20
8305.1,17
8305.9,4
8306.0,12
8306.3,0
8306.6,16
8306.9,28
8307.1,27
8307.2,29
8307.5,32
8307.9,6
8308.0,15
8308.5,3
8308.7,1
8308.7,30
8309.1,34
8311.3,20
8312.3,13
8312.4,5
8313.1,35
8313.2,26
8314.9,17
8314.9,33
8315.1,23
8316.1,25
8316.1,31
8317.9,15
8317.9,32
8319.6,20
8320.5,1
8320.6,27
8320.6,39
8321.1,12
8321.2,24
8321.7,22
8322.0,29
8322.3,6
8322.4,21
8322.9,7
8324.7,13
8325.1,17
8325.1,34
8326.1,30
8327.5,16
8327.5,20
8327.6,4
8327.6,25
8329.3,31
8329.5,33
8329.6,14
8329.7,1
8330.1,29
8330.1,23
8330.5,3
8331.3,15
8332.1,32
8332.2,27
8334.3,6
8335.2,35
8336.1,12
8336.2,0
8337.8,20
8338.7,37
8339.1,21
8339.1,28
8339.6,13
8339.8,16
8340.0,7
8340.1,39
8340.7,30
8340.8,17
8341.1,25
8342.8,1
8344.8,8
8345.0,29
8345.0,33
8345.2,2
8345.6,27
8346.8,32
8347.8,15
8347.8,20
8349.0,31
8349.1,12
8349.1,22
8349.6,5
8349.6,17
8349.7,6
8350.0,4
8350.3,9
8350.5,10
8350.8,21
8351.6,34
8351.7,23
8351.7,25
8355.5,7
8355.6,1
8355.9,20
8356.0,35
8356.4,16
8356.5,13
8356.8,30
8358.1,29
8358.6,33
8359.0,3
8359.5,27
8359.8,32
8361.8,17
8363.3,29
8363.4,25
8363.6,1
8365.2,26
8365.5,28
8366.4,20
8366.7,12
8368.4,31
8368.5,37
8368.7,39
8368.8,6
8370.5,4
8370.7,30
8370.9,8
8371.1,33
8371.7,24
8371.8,7
8372.1,23
8372.7,13
8372.7,15
8372.9,21
8373.0,27
8373.0,29
8373.5,16
8373.5,17
8374.3,10
8374.4,0
8374.4,14
8374.4,34
8374.8,5
8375.1,1
8375.9,20
8376.5,12
8377.4,25
8378.0,32
8380.0,35
8381.8,30
8382.9,3
8383.6,22
8384.9,7
8384.9,20
8385.1,1
8386.2,17
8386.3,37
8386.6,29
8386.8,13
8386.8,27
8386.9,6
8386.9,33
8387.1,4
8387.1,31
8387.4,38
8389.3,12
8389.3,25
8391.0,21
8391.5,1
8391.6,23
8392.6,5
8393.0,26
8393.5,28
8394.3,16
8395.2,32
8395.6,33
8395.8,3
8396.0,14
8396.2,13
8396.2,30
8396.2,20
8397.1,15
8397.1,29
8397.4,25
8398.1,24
8398.7,7
8399.2,6
8400.1,27
8400.8,0
8403.3,12
8403.3,16
8403.6,1
8404.4,17
8405.0,31
8405.6,35
8405.8,22
8405.8,29
8405.9,20
8409.9,33
8410.4,28
8411.1,27
8411.5,34
8412.1,21
8412.6,32
8413.1,13
8413.3,38
8413.4,23
8413.7,9
8414.0,4
8414.4,3
8414.6,25
8415.9,30
8416.0,8
8416.0,37
8416.3,1
8416.3,17
8416.9,20
8417.3,39
8417.5,35
8417.9,12
8418.5,29
8418.7,15
8418.8,31
8419.0,7
8420.9,6
8422.3,16
8422.9,33
8423.3,13
8423.9,0
8424.5,10
8424.5,32
8425.0,28
8425.3,23
8426.8,20
8428.6,30
8429.0,17
8429.1,21
8430.3,12
8430.6,1
8430.6,25
8430.7,14
8431.3,4
8432.1,3
8432.4,7
8432.4,27
8433.3,26
8433.6,29
8434.1,34
8434.2,35
8435.2,31
8435.5,5
8435.7,33
8436.7,2
8437.5,20
8440.5,13
8441.4,17
8442.0,32
8442.9,21
8443.1,12
8443.1,37
8443.2,11
8443.6,30
8443.7,8
8443.9,6
8444.4,15
8444.7,1
8444.9,23
8445.0,16
8445.2,25
8446.6,20
8446.9,28
8447.1,29
8450.0,39
8450.2,31
8450.7,34
8450.9,26
8451.8,27
8452.1,17
8452.4,4
8452.5,13
8453.0,22
8455.1,33
8455.1,35
8455.7,1
8455.9,24
8456.1,20
8456.4,8
8456.6,25
8456.6,30
8457.4,7
8458.1,0
8458.6,14
8458.6,29
8459.1,21
8460.3,13
8460.3,16
8460.4,12
8460.6,3
8460.7,32
8461.1,4
8461.8,6
8461.9,33
8462.6,27
8463.0,20
8463.1,23
8466.3,15
8466.4,25
8467.1,1
8468.1,17
8468.3,29
8469.2,31
8470.3,37
8470.5,28
8471.1,7
8471.4,20
8474.6,12
8475.6,27
8476.1,9
8476.1,16
8476.2,39
8476.8,25
8477.1,21
8477.3,33
8477.4,5
8477.7,11
8477.7,22
8478.0,26
8478.2,4
8478.4,35
8478.6,6
8478.9,1
8479.1,2
8479.3,23
8479.7,30
8480.7,31
8481.0,29
8481.3,32
8482.2,8
8482.7,34
8483.6,13
8484.0,20
8484.5,14
8485.6,17
8485.6,21
8485.9,7
8486.8,10
8487.8,28
8488.8,1
8488.8,33
8489.4,29
8489.7,12
8490.7,27
8491.7,6
8491.7,30
8492.2,20
8492.3,16
8492.3,25
8492.7,13
8493.1,15
8493.6,24
8493.7,3
8495.5,17
8495.8,28
8496.7,23
8496.7,31
8497.0,4
8498.5,32
8498.9,1
8501.1,29
8501.7,5
8501.9,12
8501.9,33
8502.8,30
8503.1,21
8503.5,20
8504.5,0
8504.8,39
8505.0,34
8505.3,27
8505.4,7
8506.0,25
8506.0,26
8506.4,13
8506.7,35
8507.2,6
8509.1,20
8509.2,14
8509.7,16
8509.9,15
8510.8,1
8511.1,29
8511.1,31
8511.2,17
8511.5,8
8511.8,37
8511.9,32
8512.1,12
8512.4,4
8512.9,24
8513.6,22
8513.7,3
8515.4,2
8516.7,33
8517.4,23
8518.2,30
8518.7,13
8518.7,25
8518.7,27
8518.8,21
8519.9,20
8520.4,1
8521.6,35
8521.8,7
8522.9,0
8522.9,17
8523.4,29
8523.4,32
8523.6,28
8523.8,16
8524.0,38
8524.7,31
8525.0,6
8525.3,15
8525.5,27
8525.7,34
8525.9,12
8527.4,37
8528.6,39
8530.3,20
8530.8,33
8531.2,25
8531.9,30
8532.2,1
8532.5,23
8532.8,21
8533.8,3
8533.9,7
8534.3,35
8534.3,13
8536.0,29
8536.5,20
8537.6,12
8537.7,32
8538.4,17
8539.5,4
8539.6,31
8540.3,9
8540.3,10
8540.8,26
8541.0,27
8541.7,25
8541.8,6
8542.2,16
8542.8,5
8544.3,29
8544.8,30
8544.9,1
8545.3,7
8545.9,20
8546.2,33
8546.3,13
8546.7,14
8546.7,28
8547.0,8
8547.3,34
8548.1,24
8549.5,17
8550.8,21
8551.6,12
8551.9,3
8552.2,35
8552.8,22
8553.0,15
8553.0,23
8554.8,0
8555.3,25
8555.7,1
8555.9,27
8556.1,29
8556.2,20
8556.3,7
8556.6,13
8556.8,31
8557.9,16
8558.5,6
8558.6,4
8558.6,28
8559.2,32
8560.0,30
8563.1,12
8563.3,33
8564.0,17
8564.0,23
8564.7,22
8566.1,27
8566.4,1
8566.6,20
8566.7,39
8567.9,26
8568.7,38
8569.0,19
8569.1,14
8569.1,16
8569.2,31
8569.4,8
8569.4,32
8569.4,6
8569.6,2
8569.8,29
8570.7,34
8571.5,25
8572.2,3
8572.3,7
8572.4,13
8573.8,37
8574.1,30
8574.5,33
8575.2,21
8575.7,35
8575.9,6
8575.9,20
8577.5,12
8577.7,32
8578.3,15
8578.5,27
8578.6,1
8579.1,11
8579.7,4
8579.7,29
8579.8,17
8580.0,31
8582.3,10
8583.3,20
8584.6,13
8586.5,0
8586.6,8
8587.0,14
8587.0,30
8587.5,33
8587.7,28
8588.2,3
8588.4,25
8589.3,34
8591.1,23
8591.2,12
8591.4,16
8591.7,1
8592.6,32
8592.9,31
8593.4,17
8593.5,7
8593.6,6
8593.6,20
8593.6,39
8594.2,35
8596.8,29
8598.2,21
8598.3,27
8598.6,13
8600.5,33
8601.7,4
8602.9,25
8605.1,22
8605.9,20
8605.9,31
8606.2,7
8606.5,26
8607.2,12
8607.3,15
8607.7,16
8608.0,5
8608.3,1
8608.6,30
8608.7,24
8608.8,29
8608.9,38
8609.0,3
8609.0,28
8609.3,37
8609.8,8
8609.8,27
8609.8,32
8610.0,2
8610.1,25
8610.2,23
8610.3,33
8610.5,17
8611.7,10
8611.8,6
8614.8,20
8616.0,13
8617.1,29
8617.6,35
8617.7,25
8618.2,22
8619.1,1
8619.2,21
8620.5,32
8622.7,20
8623.0,12
8623.0,31
8623.2,4
8624.1,27
8624.8,6
8626.0,7
8626.5,30
8626.5,17
8626.9,13
8628.1,8
8628.1,33
8628.8,34
8629.3,16
8629.4,23
8630.0,29
8630.7,39
8631.0,5
8631.0,35
8631.1,14
8631.2,2
8632.1,21
8632.3,0
8632.4,11
8632.7,20
8633.4,28
8633.8,12
8633.8,27
8634.2,1
8636.3,15
8636.4,32
8636.6,37
8637.9,25
8638.6,3
8639.3,17
8639.9,13
8640.1,31
8641.4,4
8641.5,9
8641.5,27
8642.0,22
8642.3,29
8642.5,7
8643.1,20
8643.7,34
8643.9,12
8644.1,1
8644.1,30
8645.6,0
8646.9,35
8647.1,6
8647.4,21
8647.9,23
8648.1,25
8648.5,33
8649.6,16
8651.6,31
8651.7,13
8651.8,29
8652.7,32
8653.9,1
8654.1,17
8654.1,20
8654.3,12
8655.2,27
8655.5,28
8655.8,39
8655.9,14
8657.2,30
8657.4,5
8658.6,15
8659.1,24
8659.5,6
8660.7,3
8660.8,7
8661.1,33
8661.6,34
8662.2,11
8662.4,21
8663.3,25
8663.5,1
8663.5,22
8663.8,37
8663.9,20
8664.6,32
8665.1,28
8665.2,23
8665.4,29
8666.1,27
8666.9,12
8667.8,16
8667.9,35
8668.0,17
8668.7,33
8668.9,4
8669.0,13
8669.3,6
8669.6,39
8670.3,0
8670.6,7
8670.6,9
8671.5,1
8674.4,20
8675.7,30
8676.0,32
8676.6,15
8676.9,8
8677.0,2
8677.0,31
8677.8,25
8677.8,29
8678.3,27
8679.0,34
8680.0,12
8680.4,10
8680.5,33
8681.5,35
8683.0,21
8685.0,3
8686.0,23
8686.0,17
8686.2,28
8686.3,5
8686.3,20
8686.4,1
8686.7,6
8686.7,7
8686.7,26
8686.8,32
8687.0,16
8687.1,22
8688.1,13
8688.4,37
8689.0,29
8689.3,25
8689.4,27
8689.9,31
8690.6,24
8691.1,15
8691.4,4
8692.6,20
8692.9,35
8693.8,33
8694.0,30
8694.6,14
8696.2,21
8696.7,1
8697.3,34
8699.1,17
8699.2,12
8699.9,33
8701.3,16
8701.3,20
8701.5,6
8702.0,29
8703.2,39
8704.6,27
8704.7,7
8705.5,1
8705.6,13
8705.6,32
8705.7,25
8705.7,35
8706.2,26
8707.0,8
8707.0,23
8708.6,3
8708.7,0
8709.6,20
8709.6,22
8711.2,2
8711.3,17
8712.2,29
8712.5,31
8713.2,30
8714.2,12
8715.5,33
8715.6,38
8715.7,27
8716.3,25
8716.4,6
8716.6,37
8716.7,20
8716.8,32
8717.5,4
8717.6,28
8717.7,15
8720.3,16
8721.0,5
8721.0,13
8721.3,7
8721.8,1
8722.6,21
8722.6,24
8723.0,35
8723.5,10
8724.0,20
8724.3,29
8727.4,14
8727.7,25
8727.9,33
8728.7,4
8728.7,28
8729.7,12
8730.0,27
8730.0,34
8730.1,6
8731.4,23
8731.8,31
8732.7,9
8732.7,37
8733.9,21
8735.2,20
8735.2,32
8735.3,1
8735.5,17
8735.7,0
8735.9,3
8736.4,39
8736.6,29
8736.8,13
8736.8,30
8736.9,15
8737.8,16
8738.7,7
8739.4,33
8739.4,35
8739.6,8
8740.6,24
8740.6,27
8740.8,28
8741.0,12
8742.2,22
8743.2,1
8743.6,20
8744.2,2
8745.1,31
8745.5,25
8745.5,32
8746.2,17
8748.5,6
8749.5,26
8750.1,29
8750.5,23
8750.9,7
8750.9,12
8751.5,30
8751.8,14
8752.2,4
8752.6,5
8752.8,13
8752.8,20
8753.6,33
8754.3,39
8754.5,35
8755.0,25
8755.1,15
8755.1,31
8755.2,1
8756.6,27
8756.9,17
8757.7,37
8757.9,21
8758.0,32
8758.4,16
8760.1,29
8764.1,0
8764.2,20
8764.3,30
8765.0,12
8765.7,34
8766.1,28
8766.4,7
8767.6,35
8768.5,1
8768.5,11
8768.6,32
8769.1,6
8769.1,8
8769.1,27
8769.1,31
8769.4,25
8769.5,3
8769.5,10
8769.9,17
8770.1,33
8770.6,29
8771.2,16
8771.6,22
8772.0,13
8772.3,23
8772.4,20
8772.5,26
8775.9,24
8778.0,30
8779.3,2
8779.3,15
8779.6,6
8779.6,12
8781.2,37
8781.5,4
8781.5,34
8781.6,20
8781.9,7
8782.1,1
8782.1,13
8782.1,25
8782.4,17
8782.5,35
8782.8,33
8783.6,27
8783.8,21
8784.0,5
8784.2,9
8784.7,16
8784.9,23
8786.0,31
8787.1,32
8787.2,20
8788.6,29
8788.7,28
8790.3,39
8790.9,25
8791.4,14
8791.6,27
8791.8,1
8792.6,12
8794.3,17
8794.5,6
8796.0,33
8796.3,26
8796.5,30
8796.5,20
8797.1,16
8797.7,34
8798.2,7
8798.5,21
8798.6,4
8798.8,13
8799.0,3
8799.2,31
8799.5,8
8799.6,22
8800.0,0
8800.5,23
8800.5,37
8800.6,12
8800.6,29
8800.9,1
8800.9,24
8801.2,15
8801.4,25
8803.7,35
8805.3,10
8807.2,33
8807.6,32
8807.7,11
8808.0,20
8808.3,17
8808.7,27
8809.3,28
8809.9,21
8810.0,2
8811.2,25
8811.4,24
8811.9,39
8812.5,31
8812.6,29
8812.7,16
8812.8,13
8813.1,1
8814.0,4
8814.0,7
8814.4,12
8814.5,14
8814.7,30
8814.9,20
8815.1,6
8815.2,3
8819.1,27
8819.4,23
8819.4,38
8819.4,5
8820.0,21
8820.0,22
8820.3,1
8820.4,17
8820.4,34
8821.1,8
8821.3,15
8821.9,33
8822.0,32
8822.6,0
8823.2,25
8823.6,20
8825.0,16
8825.2,35
8826.8,9
8827.0,13
8828.0,12
8829.0,10
8829.1,29
8829.1,31
8829.2,7
8829.4,37
8830.4,2
8831.3,17
8831.6,28
8831.6,1
8832.3,30
8832.7,32
8833.1,21
8834.2,4
8834.9,6
8835.0,22
8835.4,8
8835.4,23
8835.6,25
8836.1,20
8837.0,16
8837.2,31
8837.9,13
8838.3,27
8839.4,33
8840.2,12
8840.7,24
8840.8,39
8841.4,29
8841.9,15
8842.5,17
8844.1,1
8845.3,35
8845.7,20
8845.9,32
8846.1,6
8846.7,7
8847.1,34
8847.7,21
8848.1,3
8848.6,14
8849.5,25
8850.0,26
8850.7,27
8850.7,29
8850.9,13
8851.7,28
8852.3,2
8852.7,16
8853.0,10
8853.2,30
8853.5,20
8853.7,1
8854.5,6
8855.5,33
8855.6,7
8856.2,12
8856.3,32
8856.3,37
8858.4,5
8858.6,8
8858.9,31
8860.5,15
8861.4,23
8861.4,25
8861.5,20
8861.9,4
8863.0,24
8863.3,17
8863.4,1
8863.8,22
8865.1,13
8866.4,27
8866.5,12
8866.5,29
8868.2,16
8870.2,6
8870.3,0
8870.4,30
8870.5,3
8871.0,20
8871.1,39
8871.5,33
8871.6,17
8872.5,21
8873.4,15
8873.5,1
8873.5,25
8873.8,5
8874.2,13
8876.2,28
8877.4,32
8877.7,31
8877.8,14
8878.1,12
8879.5,10
8879.5,29
8879.5,35
8879.8,4
8880.4,27
8880.7,2
8880.8,16
8880.8,38
8880.9,9
8880.9,26
8880.9,34
8881.0,20
8881.7,8
8883.1,7
8885.4,1
8886.9,24
8887.0,23
8887.2,6
8888.3,30
8888.5,31
8888.8,20
8889.3,25
8889.5,33
8889.6,21
8889.8,22
8890.4,29
8891.4,12
8891.6,13
8891.8,17
8893.0,32
8893.2,39
8894.9,1
8895.3,15
8895.4,10
8897.1,29
8897.8,27
8897.8,35
8898.8,4
8899.0,20
8899.0,37
8899.5,8
8900.2,16
8900.8,12
8901.2,25
8902.3,17
8903.2,33
8903.5,6
8903.7,21
8904.3,32
8904.8,13
8904.8,30
8904.8,31
8905.0,19
8906.3,20
8906.7,7
8908.5,29
8909.3,22
8909.7,1
8910.6,9
8910.6,23
8911.9,38
8912.0,27
8912.2,0
8912.4,16
8912.7,3
8912.7,39
8915.4,35
8915.5,21
8915.8,17
8917.0,20
8917.8,25
8918.3,13
8918.8,24
8919.6,32
8919.7,6
8919.9,4
8920.2,34
8920.5,29
8920.6,30
8921.2,7
8921.5,28
8921.9,12
8922.0,31
8922.0,33
8922.7,8
8923.0,5
8923.0,22
8923.2,14
8923.7,1
8924.1,20
8924.9,16
8925.8,17
8928.2,37
8929.2,27
8930.1,3
8930.4,25
8931.1,23
8931.5,10
8931.6,20
8931.7,13
8932.0,12
8932.0,26
8932.1,8
8932.2,15
8932.9,31
8932.9,39
8933.5,29
8933.7,0
8933.7,1
8933.7,32
8934.3,5
8934.3,6
8934.9,33
8938.4,30
8939.7,16
8939.7,17
8940.1,7
8940.4,21
8940.9,4
8940.9,29
8940.9,34
8940.9,38
8941.2,35
8942.3,27
8942.4,31
8942.8,20
8943.3,13
8945.7,12
8945.7,25
8945.7,32
8945.8,28
8945.9,1
8947.3,21
8949.1,39
8950.0,23
8950.3,20
8950.4,33
8950.9,17
8951.4,29
8951.5,4
8952.4,6
8954.4,35
8954.8,32
8955.1,14
8955.4,30
8955.5,27
8955.6,16
8956.0,7
8956.0,8
8957.0,20
8957.0,25
8957.3,15
8957.4,12
8958.1,24
8958.1,1
8958.3,31
8958.6,13
8961.0,0
8961.1,37
8961.7,22
8963.2,6
8964.2,2
8964.4,30
8964.8,17
8964.9,33
8965.5,29
8966.2,20
8967.3,25
8967.9,27
8968.4,23
8968.6,35
8968.8,32
8969.4,21
8970.0,1
8970.2,3
8970.6,10
8970.8,34
8971.5,16
8972.3,12
8972.9,4
8973.2,28
8973.6,31
8974.0,7
8974.0,13
8975.3,26
8975.4,17
8975.6,14
8976.6,25
8978.3,20
8978.9,39
8979.3,15
8979.5,27
8980.4,33
8981.0,6
8981.5,29
8981.6,9
8981.7,30
8982.4,35
8982.5,1
8982.8,4
8982.8,17
8983.1,37
8983.1,5
8983.1,18
8983.8,12
8983.8,20
8984.2,23
8984.2,24
8987.7,32
8988.6,25
8989.3,16
8990.2,13
8991.2,15
8991.6,34
8991.7,0
8992.1,28
8992.3,33
8992.5,27
8993.2,12
8993.4,1
8993.7,8
8993.7,31
8995.3,23
8995.5,30
8996.8,20
8997.2,29
8997.5,6
8997.9,3
8997.9,17
8997.9,25
8998.0,32
8998.1,22
8998.7,10
8999.8,16
9000.4,1
9000.4,21
9000.6,37
9001.8,7
9002.9,13
9004.7,39
9006.2,20
9006.9,12
9007.2,2
9007.2,34
9007.3,35
9007.5,27
9007.7,6
9007.7,31
9008.0,3
9008.9,33
9009.0,30
9009.1,5
9009.4,14
9009.9,25
9010.3,26
9010.7,21
9010.8,7
9010.9,15
9010.9,16
9011.3,29
9011.6,4
9012.5,17
9013.0,20
9013.5,13
9015.4,23
9015.9,0
9016.1,28
9016.1,1
9016.1,24
9017.5,25
9017.5,32
9018.2,3
9018.4,22
9020.5,35
9020.6,9
9020.6,16
9020.8,30
9021.0,20
9021.6,12
9021.6,29
9021.7,11
9024.4,33
9024.6,17
9026.1,1
9027.8,27
9028.2,7
9028.2,13
9028.4,31
9028.6,14
9029.3,6
9029.4,39
9029.6,25
9030.1,5
9030.3,23
9030.5,32
9031.6,20
9031.6,35
9031.8,37
9032.1,29
9032.8,33
9034.2,34
9034.3,4
9035.5,21
9035.6,8
9035.7,7
9036.0,38
9036.2,15
9036.6,1
9036.6,10
9037.4,30
9038.0,12
9038.4,16
9038.7,17
9039.5,28
9039.6,29
9041.0,3
9041.3,27
9041.5,0
9041.5,20
9041.6,6
9042.9,2
9043.9,31
9044.2,22
9045.9,13
9046.2,25
9046.4,8
9046.7,34
9046.8,24
9047.3,1
9048.0,32
9048.8,17
9048.9,37
9049.2,30
9052.1,16
9052.1,33
9052.5,29
9052.7,21
9052.7,27
9052.8,23
9053.3,6
9053.3,7
9053.8,5
9054.1,20
9058.5,14
9058.6,12
9058.7,4
9058.7,15
9058.7,28
9060.2,27
9060.4,35
9061.2,39
9061.9,32
9062.3,17
9062.6,30
9062.8,31
9063.5,13
9063.7,33
9063.8,25
9065.1,1
9065.5,20
9065.9,10
9066.4,22
9066.7,29
9067.4,21
9067.8,8
9068.2,16
9068.7,38
9069.3,26
9069.4,12
9070.0,34
9071.2,7
9071.9,6
9071.9,27
9072.2,25
9073.9,23
9074.3,0
9074.3,20
9074.3,24
9074.3,33
9075.1,28
9075.3,1
9075.8,37
9076.3,13
9076.6,3
9078.3,35
9078.8,10
9078.8,29
9079.2,30
9079.2,32
9080.7,15
9080.9,6
9080.9,16
9081.0,1
9081.0,12
9081.1,17
9081.4,20
9082.2,31
9083.4,13
9085.0,25
9086.5,35
9086.7,7
9087.8,4
9087.8,33
9089.4,39
9089.8,23
9090.0,29
9090.0,32
9090.1,27
9091.4,3
9092.1,13
9092.3,12
9092.5,26
9093.0,20
9093.6,21
9094.7,1
9095.1,17
9095.8,33
9096.1,25
9096.7,28
9096.8,14
9097.8,30
9098.2,34
9098.4,0
9098.4,24
9098.8,6
9099.7,20
9099.8,29
9100.1,8
9100.3,16
9100.4,15
9100.8,9
9101.1,35
9101.4,27
9101.4,31
9102.9,25
9103.0,22
9103.6,7
9105.6,12
9105.7,33
9106.3,23
9106.3,32
9107.1,13
9108.8,21
9108.9,27
9109.0,10
9109.3,14
9109.8,1
9110.5,5
9111.2,37
9111.5,16
9111.5,17
9112.0,20
9112.3,29
9112.4,31
9114.2,4
9114.8,12
9115.1,30
9116.0,25
9116.7,39
9118.7,28
9118.7,34
9118.8,29
9119.2,3
9119.3,20
9119.5,6
9119.9,32
9120.3,13
9120.5,7
9121.1,1
9121.2,8
9121.7,27
9121.8,33
9122.4,35
9122.7,30
9123.5,31
9124.2,15
9124.6,16
9125.8,14
9126.0,25
9126.1,24
9126.3,21
9126.5,11
9126.5,38
9127.0,17
9127.2,23
9127.3,2
9128.5,6
9128.8,29
9128.9,37
9130.4,20
9131.7,12
9132.9,22
9133.2,4
9133.2,7
9133.6,13
9133.8,32
9134.1,33
9134.2,1
9136.2,26
9136.4,31
9137.6,28
9138.0,20
9138.1,21
9138.3,30
9138.9,27
9139.5,8
9139.6,17
9139.7,15
9139.7,35
9139.8,12
9139.9,25
9140.0,24
9140.7,23
9140.9,6
9141.2,3
9141.8,16
9142.8,29
9144.6,13
9145.6,7
9146.8,20
9147.5,14
9148.3,39
9148.4,30
9148.5,4
9148.7,34
9148.9,23
9149.2,37
9149.3,29
9149.4,33
9149.5,1
9151.3,17
9152.0,32
9152.1,27
9152.4,25
9152.9,31
9153.4,6
9156.5,28
9157.7,0
9157.7,12
9157.7,16
9157.7,38
9158.9,24
9159.3,15
9159.6,4
9159.8,21
9159.9,20
9160.2,29
9160.5,25
9160.6,35
9161.6,13
9161.8,33
9161.9,11
9162.2,1
9162.3,32
9163.4,9
9164.2,7
9164.3,6
9164.4,17
9165.3,30
9166.6,34
9168.4,12
9169.0,27
9169.6,13
9169.6,20
9169.6,22
9171.2,39
9171.5,25
9172.1,31
9172.1,35
9172.2,16
9172.5,29
9173.0,24
9173.5,5
9174.0,30
9174.2,1
9175.6,32
9176.5,8
9176.5,21
9176.7,33
9177.0,23
9177.5,26
9178.0,20
9178.8,17
9178.9,7
9179.7,15
9180.1,3
9180.3,12
9180.5,28
9180.6,6
9181.3,25
9182.2,1
9183.0,13
9183.0,29
9183.4,37
9183.5,31
9183.7,27
9184.3,20
9184.5,30
9185.4,14
9188.3,4
9189.2,32
9189.3,35
9189.6,16
9190.2,24
9191.9,33
9192.2,12
9193.4,25
9193.6,22
9193.6,29
9194.0,23
9194.3,1
9194.4,17
9194.8,7
9195.3,3
9195.6,20
9195.9,10
9196.1,34
9196.2,13
9196.2,30
9196.2,31
9196.3,0
9196.7,27
9199.3,15
9202.1,6
9202.6,5
9202.6,28
9202.7,20
9203.9,32
9204.3,16
9205.9,25
9206.1,27
9207.4,37
9207.9,21
9208.0,29
9208.1,12
9208.6,8
9208.7,35
9209.4,0
9209.5,24
9209.6,1
9209.9,23
9210.1,30
9210.3,33
9211.1,20
9211.6,31
9213.4,14
9213.4,7
9213.4,32
9214.0,4
9214.0,17
9214.4,13
9214.8,39
9216.3,29
9216.4,27
9220.8,20
9221.0,25
9221.0,34
9221.3,28
9221.5,38
9221.8,37
9221.8,1
9222.4,12
9222.6,33
9223.2,6
9223.5,21
9223.6,2
9223.7,3
9224.0,13
9224.1,16
9224.4,27
9224.6,31
9225.4,15
9226.2,17
9230.1,20
9230.5,23
9230.7,39
9230.8,32
9231.2,16
9231.3,7
9231.8,11
9231.9,22
9232.3,27
9232.9,10
9233.1,25
9233.6,26
9233.9,35
9234.0,30
9235.1,1
9235.4,0
9235.7,29
9236.1,12
9236.2,8
9237.0,31
9237.5,4
9238.4,20
9241.2,17
9241.5,13
9242.0,28
9242.6,21
9243.1,33
9243.6,32
9244.3,23
9244.5,7
9244.6,14
9245.1,15
9245.7,6
9246.2,39
9246.8,25
9246.8,27
9247.2,29
9247.9,24
9248.1,30
9248.3,31
9248.5,20
9249.4,17
9249.4,22
9249.9,35
9250.6,34
9250.7,3
9251.5,1
9253.0,4
9253.1,13
9255.1,12
9256.2,16
9256.6,5
9257.1,37
9257.3,0
9257.5,20
9258.3,25
9259.0,21
9259.7,29
9261.5,9
9261.5,27
9262.8,15
9263.8,1
9264.5,30
9264.8,7
9264.9,8
9264.9,34
9265.1,31
9266.2,20
9266.7,32
9267.1,12
9267.5,28
9267.8,17
9268.0,6
9268.0,24
9268.7,33
9268.7,39
9268.9,23
9269.9,26
9270.1,29
9270.2,30
9270.5,35
9270.9,25
9271.5,21
9271.8,38
9274.1,13
9275.6,27
9276.1,1
9276.8,4
9276.8,20
9277.1,16
9277.1,17
9277.2,31
9278.0,32
9279.2,22
9279.4,37
9279.4,39
9280.5,10
9280.9,14
9281.1,7
9282.2,25
9283.1,12
9283.1,29
9284.6,6
9285.6,23
9285.7,30
9285.8,1
9287.6,33
9289.2,20
9289.3,27
9289.6,3
9289.9,13
9290.0,8
9290.6,15
9291.2,24
9291.6,17
9291.6,29
9292.6,28
9292.9,21
9293.1,35
9293.3,6
9293.5,7
9294.4,5
9295.0,12
9295.2,34
9297.0,4
9297.0,30
9297.3,20
9297.5,31
9297.7,25
9298.5,37
9298.6,16
9298.8,1
9298.8,2
9298.9,26
9298.9,32
9300.0,33
9303.1,22
9303.7,0
9303.8,29
9304.9,27
9304.9,39
9305.5,13
9305.5,17
9305.7,20
9307.7,21
9308.0,1
9308.6,6
9308.7,12
9308.9,7
9309.1,25
9310.2,29
9310.6,15
9310.8,33
9311.6,23
9312.8,31
9312.9,17
9314.6,28
9315.1,8
9315.4,14
9315.5,27
9316.7,3
9316.7,20
9317.0,24
9317.7,16
9318.3,1
9318.3,30
9318.8,13
9318.8,37
9318.9,25
9320.0,32
9320.4,4
9320.6,34
9321.2,35
9321.9,29
9322.7,22
9325.4,33
9326.4,26
9326.8,20
9327.3,31
9327.7,9
9328.0,39
9328.1,17
9328.5,27
9328.8,14
9328.9,23
9329.2,12
9329.4,29
9331.4,16
9332.4,1
9333.1,7
9333.1,25
9333.1,15
9333.1,21
9333.6,28
9333.7,6
9333.7,13
9333.7,32
9334.9,30
9335.9,20
9339.6,1
9340.3,29
9341.4,12
9341.4,35
9341.6,33
9342.0,25
9342.1,20
9342.5,23
9342.5,27
9342.6,5
9342.7,3
9342.7,13
9342.9,31
9343.2,4
9343.3,8
9343.3,17
9343.3,34
9346.8,32
9347.2,16
9347.4,14
9347.8,39
9348.3,24
9349.0,20
9350.0,6
9353.0,29
9353.2,7
9353.4,22
9353.5,30
9354.2,1
9354.7,33
9354.9,37
9355.4,0
9356.0,21
9357.5,20
9357.7,23
9357.9,17
9358.3,13
9358.4,25
9359.2,12
9359.3,31
9359.4,27
9359.5,11
9359.5,28
9360.0,16
9362.8,35
9363.4,32
9364.0,15
9364.8,1
9366.9,30
9367.0,7
9367.9,4
9368.8,12
9368.8,13
9368.8,33
9369.5,6
9369.5,14
9369.7,23
9369.7,29
9370.4,34
9370.5,16
9370.5,20
9370.9,25
9370.9,31
9371.4,17
9372.2,21
9373.1,8
9374.2,27
9374.6,1
9374.7,32
9374.9,29
9374.9,39
9375.1,37
9375.2,10
9376.7,3
9377.7,30
9378.6,13
9379.3,33
9379.8,23
9380.4,22
9381.2,12
9381.5,20
9381.6,35
9381.8,16
9382.3,24
9383.3,26
9383.4,7
9383.6,25
9384.1,1
9384.9,15
9386.8,17
9386.9,27
9386.9,29
9387.6,31
9388.3,39
9390.2,2
9391.0,5
9391.2,32
9391.4,28
9391.4,30
9391.5,21
9391.6,13
9391.6,14
9392.0,20
9392.2,0
9392.2,34
9392.3,6
9393.2,8
9393.4,25
9393.6,1
9393.8,16
9394.3,33
9394.9,17
9397.5,27
9398.5,29
9399.0,23
9399.8,37
9401.1,7
9401.8,13
9401.8,20
9401.9,12
9401.9,32
9402.1,25
9402.3,22
9402.5,35
9403.4,3
9405.3,17
9405.3,31
9406.9,24
9407.5,1
9408.0,26
9408.2,6
9408.6,5
9409.2,38
9409.3,30
9409.6,29
9409.9,34
9409.9,4
9410.4,12
9410.4,16
9410.6,20
9410.8,33
9411.1,25
9411.6,27
9413.0,28
9413.4,21
9413.5,23
9414.5,10
9415.0,13
9415.2,15
9417.0,32
9417.6,1
9418.9,6
9418.9,35
9419.1,17
9419.6,31
9419.9,9
9420.5,20
9420.6,29
9421.7,7
9422.2,14
9423.0,16
9423.7,4
9424.0,27
9424.2,37
9425.0,0
9425.1,30
9425.1,39
9425.2,13
9425.5,19
9426.0,3
9426.0,33
9426.1,2
9426.5,12
9426.5,22
9426.6,32
9426.7,25
9428.0,21
9429.1,29
9430.1,1
9430.1,17
9431.1,24
9431.2,20
9432.8,6
9433.4,31
9435.2,8
9435.7,15
9436.4,25
9436.8,26
9438.0,16
9438.0,29
9438.2,12
9438.5,34
9439.2,39
9439.4,20
9439.6,30
9439.8,23
9440.0,35
9440.7,13
9440.7,33
9442.0,27
9443.3,17
9443.4,7
9444.0,5
9445.3,6
9445.4,1
9445.4,21
9445.9,14
9446.2,29
9447.1,32
9449.0,4
9449.3,20
9452.3,24
9452.5,38
9452.6,1
9453.0,37
9453.3,31
9453.6,35
9453.7,12
9453.7,28
9453.7,32
9453.9,3
9453.9,16
9454.1,13
9454.2,30
9454.5,25
9454.9,34
9455.1,33
9455.4,29
9455.7,8
9456.2,23
9457.2,27
9459.6,17
9461.4,1
9462.7,20
9463.8,13
9464.3,6
9464.4,39
9464.7,22
9465.3,15
9465.6,7
9467.1,23
9467.3,16
9467.3,33
9468.0,4
9468.1,21
9468.6,29
9470.5,25
9471.0,12
9472.4,31
9473.2,1
9473.6,32
9474.0,11
9474.0,20
9474.0,27
9474.3,2
9474.9,30
9475.1,5
9475.4,7
9475.5,14
9475.7,13
9475.9,28
9476.3,17
9476.3,35
9476.4,24
9476.7,0
9478.3,4
9480.6,16
9481.5,33
9482.5,25
9482.7,29
9483.0,1
9483.0,8
9483.7,21
9483.8,15
9484.6,31
9485.0,9
9485.1,20
9485.2,12
9485.7,28
9485.9,30
9486.0,7
9486.0,17
9486.4,13
9486.8,26
9487.2,32
9487.7,37
9488.8,35
9489.6,29
9491.5,6
9493.1,34
9494.2,23
9494.4,27
9494.6,16
9494.7,1
9495.1,14
9495.2,39
9495.3,3
9495.7,18
9495.7,20
9496.2,33
9496.5,25
9499.3,17
9499.6,7
9500.1,21
9501.7,10
9501.9,12
9502.1,29
9502.5,30
9502.6,32
9502.6,35
9502.8,13
9503.1,22
9503.3,20
9504.9,1
9504.9,15
9505.1,6
9505.4,4
9506.1,27
9506.1,39
9506.9,5
9507.5,8
9507.7,16
9507.7,31
9508.2,24
9509.1,25
9509.9,29
9511.2,35
9511.7,37
9511.8,12
9511.8,20
9512.2,17
9512.7,1
9512.9,28
9513.4,33
9513.7,26
9513.8,27
9515.1,13
9515.2,6
9515.8,23
9517.3,32
9517.5,39
9518.0,21
9518.2,30
9519.1,20
9521.0,7
9522.1,31
9522.1,15
9522.5,10
9522.9,3
9523.1,4
9523.3,25
9523.5,22
9523.7,13
9523.7,29
9524.1,33
9524.8,12
9524.9,38
9525.1,1
9525.1,35
9526.8,16
9529.3,28
9530.0,34
9530.4,20
9530.6,27
9531.3,17
9531.8,32
9533.5,29
9533.6,14
9534.0,30
9535.2,23
9535.3,1
9535.3,31
9535.4,0
9536.4,35
9536.6,12
9536.8,21
9536.9,13
9537.0,39
9537.1,7
9537.6,20
9537.6,25
9541.5,4
9541.5,22
9541.6,8
9542.0,17
9542.0,37
9542.3,27
9542.6,24
9542.8,2
9543.4,5
9543.5,26
9544.2,16
9544.2,33
9544.5,28
9544.9,3
9545.9,6
9546.9,29
9547.0,20
9548.8,1
9550.3,25
9551.0,12
9551.9,30
9551.9,32
9553.3,7
9554.1,21
9554.2,10
9554.8,8
9554.8,28
9554.8,31
9555.7,33
9556.1,15
9557.8,20
9558.0,1
9558.0,23
9558.0,27
9558.7,29
9559.0,3
9559.5,13
9559.7,17
9559.8,24
9560.1,39
9560.2,4
9560.2,35
9560.5,34
9561.3,16
9563.4,12
9564.7,32
9565.3,11
9565.6,25
9565.6,30
9565.8,6
9566.7,20
9567.7,1
9569.8,29
9570.3,21
9571.4,16
9571.9,7
9572.1,27
9572.3,33
9572.4,0
9572.6,4
9572.7,32
9572.7,37
9572.9,15
9573.2,26
9573.4,13
9573.7,25
9574.0,17
9574.6,20
9575.3,31
9575.9,35
9577.0,29
9577.4,28
9577.6,30
9579.0,1
9579.7,9
9579.8,6
9580.5,12
9581.1,22
9581.1,23
9581.9,2
9582.3,39
9582.4,5
9583.0,25
9583.4,3
9583.6,34
9584.2,24
9584.5,38
9584.6,7
9584.8,10
9586.0,20
9586.6,14
9587.1,33
9588.1,1
9588.9,27
9589.2,32
9589.3,16
9589.6,30
9590.7,17
9592.5,15
9593.3,21
9593.7,13
9593.7,29
9593.8,31
9594.4,12
9595.8,0
9596.1,1
9596.3,23
9596.3,35
9596.4,39
9597.2,6
9597.4,20
9599.1,37
9600.3,4
9600.5,25
9601.0,29
9601.1,28
9601.5,32
9602.0,27
9602.5,7
9602.5,33
9603.5,17
9603.6,24
9603.9,13
9605.1,16
9606.4,8
9606.9,20
9608.1,1
9608.1,21
9608.1,39
9608.9,31
9609.7,14
9609.8,30
9613.0,29
9613.8,25
9614.9,15
9615.6,35
9615.8,20
9616.0,16
9616.1,34
9616.4,1
9616.5,17
9616.6,13
9616.9,3
9617.0,7
9617.2,6
9617.5,0
9618.1,12
9618.1,23
9618.2,10
9618.8,27
9619.9,2
9620.1,32
9620.4,30
9620.5,33
9621.2,24
9621.8,8
9622.9,9
9623.1,25
9623.3,39
9623.7,28
9624.4,20
9624.4,21
9624.5,12
9624.9,29
9625.0,26
9625.3,14
9625.5,16
9625.7,31
9626.5,11
9627.0,17
9627.2,1
9627.5,37
9627.7,22
9628.2,4
9628.6,27
9628.7,5
9628.7,7
9629.0,33
9629.4,15
9629.4,30
9629.5,13
9629.7,32
9629.7,35
9631.2,20
9635.5,6
9635.8,25
9635.9,34
9636.1,29
9637.4,32
9637.8,3
9638.0,12
9638.1,15
9639.7,1
9639.7,21
9640.2,17
9640.7,16
9640.7,20
9642.2,13
9642.2,27
9642.5,35
9644.0,4
9644.5,23
9644.9,29
9645.0,7
9645.1,31
9645.6,33
9647.5,28
9648.7,32
9649.5,20
9650.8,6
9650.8,26
9650.9,5
9650.9,30
9651.7,1
9651.8,22
9652.9,0
9653.8,12
9653.8,25
9653.9,9
9655.4,17
9655.4,34
9655.6,7
9655.6,16
9655.6,21
9655.6,29
9655.8,27
9656.7,20
9657.2,37
9657.4,39
9658.4,13
9659.0,38
9660.2,33
9660.5,22
9660.5,23
9660.6,31
9660.8,4
9661.0,8
9661.0,27
9661.1,35
9661.3,5
9661.5,10
9662.0,28
9662.1,6
9662.3,25
9662.5,1
9666.4,32
9667.9,29
9668.1,3
9668.1,15
9668.7,12
9669.0,20
9670.2,6
9670.3,14
9671.3,2
9671.7,17
9672.0,1
9672.0,26
9672.2,4
9672.2,33
9673.4,13
9674.2,16
9674.5,21
9674.8,30
9675.3,7
9675.3,25
9676.1,29
9676.1,35
9676.2,27
9676.3,20
9677.6,31
9680.3,22
9680.7,34
9680.9,1
9682.0,24
9682.0,28
9682.2,37
9682.4,12
9682.6,8
9683.7,0
9684.3,39
9685.5,32
9685.6,2
9685.7,13
9685.9,23
9686.0,20
9686.9,6
9688.6,31
9688.7,17
9688.8,27
9688.9,25
9689.0,30
9689.7,21
9690.7,29
9691.1,3
9691.2,5
9691.7,16
9691.8,33
9692.0,15
9692.3,7
9692.5,20
9692.6,35
9693.9,1
9694.0,14
9698.6,12
9698.7,23
9699.1,4
9699.1,6
9699.2,25
9699.7,17
9699.9,13
9700.5,30
9700.7,20
9701.7,0
9702.5,32
9703.2,1
9704.0,15
9704.7,31
9705.0,27
9705.3,29
9705.6,28
9705.7,7
9705.9,34
9706.3,8
9706.3,9
9707.4,35
9708.7,12
9709.8,6
9709.9,20
9710.6,14
9711.0,39
9711.3,16
9711.4,25
9712.4,33
9712.4,37
9712.5,17
9712.7,13
9712.7,29
9712.9,26
9713.8,22
9713.8,23
9713.9,1
9714.4,3
9714.7,32
9715.6,27
9715.8,31
9716.3,21
9719.9,20
9720.8,24
9724.5,1
9724.5,28
9724.5,29
9724.6,34
9724.9,30
9725.0,33
9725.5,5
9726.1,16
9726.1,35
9726.2,7
9726.3,17
9726.4,32
9726.8,37
9727.0,6
9727.1,12
9727.3,4
9727.4,15
9727.4,25
9727.8,21
9728.1,20
9728.5,13
9729.2,31
9729.8,39
9730.1,23
9731.8,0
9732.2,27
9733.0,33
9733.4,2
9735.5,1
9736.3,29
9736.8,30
9737.0,17
9737.4,8
9737.5,28
9738.0,16
9738.9,9
9739.5,20
9740.1,25
9741.0,7
9741.2,6
9741.3,35
9741.5,21
9741.7,4
9741.7,24
9742.0,13
9742.1,3
9742.4,12
9744.7,30
9745.5,27
9746.2,22
9746.6,32
9746.8,16
9747.1,25
9747.3,1
9748.1,39
9748.2,23
9748.2,31
9748.8,33
9749.3,20
9751.5,34
9752.2,12
9753.1,17
9753.2,29
9754.5,7
9755.7,37
9756.4,27
9756.7,15
9756.8,3
9756.8,5
9756.8,28
9756.9,13
9756.9,35
9756.9,38
9757.1,32
9757.2,0
9757.3,10
9757.3,21
9757.5,2
9757.7,30
9758.0,4
9758.0,26
9758.1,11
9758.8,31
9758.9,6
9759.5,20
9761.7,25
9763.0,1
9763.3,12
9765.4,34
9765.4,39
9766.3,17
9766.6,33
9766.9,7
9767.8,26
9768.2,14
9768.4,23
9768.6,8
9769.0,27
9769.7,6
9770.0,25
9772.1,29
9772.7,32
9772.8,4
9772.9,21
9773.3,13
9773.5,16
9773.5,20
9774.2,1
9774.6,10
9776.5,7
9776.5,30
9777.0,15
9777.3,3
9777.4,31
9780.1,12
9780.4,28
9781.0,25
9781.5,13
9781.7,16
9781.7,35
9781.9,33
9781.9,14
9782.1,37
9783.0,20
9783.1,27
9783.5,6
9783.9,21
9784.2,31
9784.9,39
9784.9,1
9784.9,22
9785.6,0
9785.6,17
9786.0,29
9790.2,4
9790.6,9
9790.6,35
9790.7,12
9790.7,27
9791.1,20
9791.1,23
9791.5,30
9793.2,13
9793.7,15
9794.0,6
9794.0,26
9794.6,32
9795.0,24
9795.0,25
9795.0,7
9795.2,29
9795.9,17
9796.2,16
9797.2,20
9797.3,33
9797.5,1
9801.1,3
9801.3,27
9802.3,12
9802.3,35
9803.0,8
9803.0,30
9803.3,5
9804.3,38
9804.6,2
9804.8,24
9805.0,21
9805.2,10
9805.6,17
9805.6,25
9805.9,14
9806.1,34
9806.5,33
9806.7,20
9807.9,28
9808.3,29
9808.4,0
9808.5,7
9809.5,1
9809.9,4
9810.4,31
9810.9,6
9811.2,13
9811.2,39
9811.7,37
9813.6,27
9813.9,20
9814.6,32
9815.2,16
9815.8,35
9818.2,8
9818.3,29
9818.5,25
9818.6,12
9819.0,15
9819.1,30
9819.3,23
9819.6,22
9820.0,1
9820.9,33
9821.5,21
9821.7,17
9821.7,20
9824.1,5
9825.2,31
9825.4,32
9826.2,25
9826.4,13
9826.8,27
9827.0,16
9827.3,4
9828.2,38
9828.3,3
9828.9,35
9829.0,24
9829.4,7
9829.5,6
9829.8,29
9831.0,2
9831.4,26
9832.3,12
9832.6,20
9833.6,28
9833.7,30
9834.4,34
9834.8,17
9835.0,1
9835.0,21
9835.4,33
9836.1,15
9836.1,37
9836.6,22
9838.0,39
9839.2,31
9839.3,25
9840.7,29
9841.3,8
9841.9,32
9842.1,20
9842.2,16
9842.3,27
9842.9,14
9843.2,4
9843.8,23
9844.1,12
9844.1,13
9844.3,0
9845.0,10
9845.5,7
9846.0,35
9847.1,21
9847.7,1
9848.0,6
9848.9,29
9848.9,30
9849.0,17
9849.7,38
9850.3,33
9850.4,20
9853.7,25
9855.1,2
9855.1,28
9855.1,32
9855.4,7
9855.9,17
9856.0,6
9857.5,27
9858.5,16
9859.4,31
9859.5,3
9859.5,29
9859.8,12
9859.8,20
9860.0,34
9860.5,13
9860.9,1
9861.1,23
9861.6,15
9862.0,26
9863.4,30
9863.5,24
9864.2,4
9864.7,33
9864.8,22
9865.6,25
9867.9,21
9868.6,5
9868.8,7
9869.0,35
9869.7,32
9870.0,13
9870.1,29
9870.3,20
9870.3,39
9870.4,12
9870.4,17
9870.7,1
9870.7,28
9871.1,31
9872.0,8
9872.1,6
9872.2,15
9875.8,27
9876.4,16
9876.4,20
9876.7,25
9879.7,30
9879.8,9
9880.0,3
9880.0,17
9880.0,34
9880.6,38
9881.1,13
9881.5,2
9882.4,32
9882.5,12
9882.5,26
9882.9,7
9882.9,33
9883.2,1
9883.2,37
9883.4,29
9883.4,21
9884.0,31
9885.2,4
9886.0,39
9886.6,25
9887.5,0
9887.6,20
9888.1,28
9889.4,35
9890.0,24
9890.2,27
9890.7,1
9891.7,16
9892.0,13
9892.5,6
9892.8,23
9893.5,8
9893.7,34
9895.5,22
9896.0,20
9896.8,17
9897.1,10
9897.1,30
9897.6,25
9897.6,32
9897.9,29
9898.6,7
9898.6,12
9898.9,31
9899.4,28
9900.4,27
9900.8,15
9902.1,1
9902.9,21
9902.9,33
9904.6,29
9904.8,6
9904.8,16
9905.3,14
9906.8,20
9906.9,11
9907.1,4
9908.6,35
9908.6,37
9908.9,27
9910.1,32
9910.2,9
9910.4,23
9910.5,34
9910.8,26
9910.8,30
9910.8,31
9911.1,39
9912.4,3
9912.8,7
9914.6,17
9915.1,13
9915.3,0
9915.4,25
9915.4,33
9916.2,20
9916.5,1
9918.3,29
9918.9,12
9918.9,22
9919.1,15
9919.6,2
9919.9,5
9920.5,6
9920.5,28
9921.3,31
9921.5,21
9922.2,8
9922.3,7
9922.5,1
9922.6,23
9922.7,27
9923.2,32
9924.6,16
9924.7,17
9924.7,20
9924.7,35
9925.9,26
9926.6,34
9926.7,24
9926.9,25
9927.7,30
9928.1,33
9928.7,1
9928.7,4
9929.4,29
9930.4,20
9932.5,27
9933.2,37
9935.4,12
9935.9,6
9935.9,31
9936.5,22
9936.9,5
9937.2,13
9937.8,20
9938.1,15
9938.2,14
9938.3,3
9938.6,10
9939.7,30
9940.3,35
9940.7,23
9940.8,17
9941.3,32
9942.0,28
9942.7,16
9943.1,39
9943.7,21
9944.0,7
9944.2,1
9944.2,29
9944.4,27
9945.4,33
9946.1,31
9946.2,12
9946.7,25
9948.7,2
9948.7,6
9949.3,13
9952.3,20
9953.4,16
9953.5,35
9954.2,1
9954.2,9
9954.3,17
9955.7,37
9955.9,4
9956.0,13
9956.0,27
9956.2,25
9956.6,14
9956.6,33
9956.9,32
9957.0,34
9957.8,7
9958.0,0
9958.5,20
9958.9,30
9959.1,8
9959.1,39
9959.2,29
9960.1,12
9960.2,21
9961.0,28
9961.8,17
9962.0,3
9962.5,31
9964.3,23
9964.9,6
9965.4,22
9966.2,27
9967.3,20
9968.8,29
9969.4,1
9969.4,16
9969.7,35
9969.9,7
9970.3,12
9970.5,37
9970.9,32
9971.1,21
9971.1,25
9971.3,24
9973.6,13
9974.1,33
9975.2,34
9975.4,23
9975.6,31
9975.8,4
9976.5,20
9977.1,8
9978.2,17
9979.2,1
9979.2,9
9979.2,30
9979.2,38
9979.5,5
9980.0,3
9980.6,28
9981.4,29
9982.5,27
9982.8,32
9983.1,11
9983.7,0
9985.5,14
9985.9,25
9986.3,7
9986.3,10
9986.5,15
9986.6,20
9986.7,6
9986.7,35
9987.0,13
9987.1,16
9987.2,33
9987.6,21
9987.8,26
9988.1,22
9988.3,12
9988.5,1
9988.7,29
9989.3,31
9995.4,27
9995.4,32
9995.8,30
9996.6,25
9996.8,4
9996.8,23
9997.4,6
9997.4,17
9997.7,28
9997.7,20
9998.0,35
9998.1,31
9998.3,29
9998.9,34
9999.4,1
