11.0,37
11.3,32
12.2,0
12.2,5
12.6,3
12.7,9
12.9,16
13.2,36
13.3,21
13.5,12
13.6,26
13.7,34
13.9,24
13.9,35
14.1,27
14.2,8
14.2,14
14.2,39
14.7,28
14.8,33
14.9,25
15.1,18
17.1,10
17.8,13
19.0,30
19.6,17
19.8,0
21.1,3
21.1,19
21.8,7
22.2,2
22.3,11
22.3,26
22.9,23
22.9,38
23.2,24
23.4,8
23.4,6
24.9,28
25.0,13
25.1,16
25.5,27
25.7,18
25.9,10
26.2,1
26.8,31
27.0,25
27.8,4
27.9,36
29.3,39
29.8,35
30.6,0
31.3,17
31.5,3
31.5,29
31.6,23
32.1,22
33.1,19
35.3,8
35.7,26
36.8,2
37.5,13
37.7,12
37.9,16
38.5,11
38.9,24
39.0,28
39.1,20
39.3,25
39.4,18
39.4,37
40.1,10
40.5,0
40.6,30
42.1,5
42.4,33
42.5,23
42.8,3
43.0,14
43.4,6
43.4,26
44.7,19
45.0,17
45.4,39
45.7,8
45.9,31
46.3,2
47.1,7
48.0,22
48.1,13
48.4,25
49.1,4
49.3,24
50.6,18
50.7,10
50.9,35
50.9,36
51.0,30
51.1,16
52.4,0
54.4,34
55.4,3
55.6,39
56.1,12
56.4,26
57.1,23
57.3,2
57.5,6
58.2,8
58.7,25
59.6,28
59.6,31
59.9,19
60.7,13
61.0,29
61.5,16
61.7,24
61.8,18
61.8,33
62.9,38
63.5,0
63.6,10
64.1,3
64.4,5
65.1,11
65.3,17
65.4,37
66.5,23
67.0,14
67.4,27
68.1,2
68.1,7
68.1,35
68.4,8
68.6,26
69.7,9
69.7,25
70.8,19
71.1,1
72.4,4
73.0,39
73.1,12
73.1,13
73.4,30
74.6,33
75.5,16
75.7,22
77.0,11
77.2,10
77.2,20
77.4,18
77.5,8
78.1,6
78.1,31
78.5,0
79.5,28
79.8,35
80.1,3
80.3,36
80.5,26
80.6,17
81.2,23
81.8,24
81.8,39
82.0,25
83.0,34
83.4,5
83.4,27
83.7,2
85.6,13
87.4,8
87.5,3
87.7,29
87.7,37
87.8,19
88.1,4
88.3,11
88.8,16
89.4,1
90.0,23
90.2,10
90.2,12
90.5,24
91.6,39
91.7,26
94.3,13
94.6,18
94.9,0
95.2,2
95.3,30
95.3,25
95.6,6
96.3,38
96.4,14
96.9,28
97.7,31
98.0,35
98.3,3
100.7,5
102.2,17
102.4,8
103.6,12
104.5,16
104.7,19
105.0,6
105.0,26
105.1,33
105.5,24
105.8,10
106.7,18
106.8,4
107.2,2
107.2,32
107.5,0
108.0,39
108.1,23
108.2,13
108.3,28
109.0,3
109.6,25
110.4,36
111.7,22
112.0,14
112.0,37
112.5,8
113.1,16
113.3,15
113.8,20
114.7,35
115.0,26
115.6,0
115.6,11
115.8,1
116.2,17
116.3,21
116.4,13
116.5,30
116.6,31
116.7,19
117.1,9
117.2,2
117.2,18
118.3,25
119.4,3
119.4,10
119.9,5
120.6,39
121.2,24
121.4,12
123.0,23
123.9,7
124.2,8
124.2,29
124.3,31
124.4,28
124.8,6
124.8,26
125.0,2
125.0,22
125.8,16
125.8,35
126.2,11
126.7,36
128.7,34
128.9,13
129.4,14
129.5,4
129.5,3
129.5,33
129.9,0
130.6,25
131.2,10
131.5,17
132.0,19
132.9,24
133.5,30
134.0,23
134.2,20
134.4,39
134.9,2
134.9,35
135.0,27
135.1,18
135.7,16
136.0,13
136.1,37
136.3,26
136.3,8
137.0,28
137.3,25
138.1,31
139.9,10
141.1,19
141.6,3
142.0,11
142.7,0
143.6,4
143.6,17
144.2,12
144.6,22
144.9,13
145.0,39
145.2,24
145.5,35
145.9,18
147.0,26
147.2,1
148.4,16
148.8,6
149.0,2
149.3,14
150.1,10
150.6,23
150.7,29
151.4,25
151.6,8
152.4,18
152.4,28
153.2,33
153.8,31
154.0,19
154.2,5
154.5,3
154.8,17
154.9,37
155.0,39
156.1,24
156.2,38
156.5,0
157.3,13
158.1,16
158.9,11
158.9,12
159.4,4
159.9,26
159.9,35
160.3,8
162.0,10
162.1,2
162.5,25
163.9,20
164.4,24
165.7,3
165.7,23
165.9,18
167.1,16
167.5,1
167.9,13
167.9,31
168.1,30
168.2,0
169.5,34
169.6,19
169.8,28
170.4,27
170.8,8
171.3,26
171.4,10
172.7,6
173.3,29
173.4,11
173.4,25
173.8,14
174.0,12
175.0,9
175.1,13
175.4,36
175.4,37
175.5,39
176.1,18
176.6,22
177.3,2
177.4,17
178.1,35
179.8,33
180.4,24
181.0,28
181.1,26
181.2,20
181.2,31
181.4,19
181.7,4
182.3,0
182.3,15
182.4,5
182.4,8
182.5,10
182.5,23
183.3,25
183.7,3
185.5,1
185.8,16
185.9,13
186.2,18
186.5,17
187.7,0
188.7,6
189.1,14
189.6,30
190.2,7
190.3,39
190.4,2
191.5,24
191.9,35
192.1,23
192.2,19
192.2,36
192.5,38
192.7,8
192.8,13
193.0,10
193.6,26
193.9,27
194.1,12
194.2,3
194.2,11
194.9,29
195.3,31
195.4,37
195.9,25
197.2,16
197.9,28
198.0,0
199.0,9
200.0,26
201.0,22
201.4,24
202.2,4
202.7,13
202.8,39
202.8,18
203.9,12
203.9,35
204.3,10
204.3,33
204.4,16
204.5,23
205.1,2
206.6,3
206.9,17
207.0,14
207.6,25
207.8,8
207.9,6
208.0,30
208.6,29
208.6,19
210.1,26
210.2,0
210.4,24
211.9,27
211.9,28
212.3,5
212.3,37
213.2,16
214.9,36
215.0,35
215.1,39
216.8,18
216.9,4
217.5,1
217.6,6
217.7,10
218.0,12
218.4,13
218.5,2
218.5,31
218.9,23
219.1,25
219.3,26
219.4,22
220.1,3
220.3,8
221.0,24
221.3,0
221.6,19
222.1,33
222.3,16
223.6,17
224.7,11
228.8,28
229.0,18
229.1,2
229.5,31
229.5,3
229.5,25
229.8,34
230.1,0
230.3,10
230.7,13
230.8,15
230.8,29
230.9,35
230.9,36
231.1,37
231.6,27
232.0,26
232.2,16
232.4,24
232.5,6
232.5,23
233.2,30
234.3,39
235.4,8
235.5,19
236.2,11
236.2,17
236.6,4
236.8,7
237.5,3
238.1,5
238.2,1
238.8,20
240.4,12
240.8,14
241.4,0
242.3,22
243.1,18
243.2,25
243.4,13
243.4,16
243.7,2
243.9,26
244.0,38
244.3,10
244.7,39
244.9,8
245.1,35
245.6,31
247.0,24
248.4,23
249.0,25
250.2,19
250.7,33
250.8,17
250.9,4
251.1,13
251.8,3
251.8,28
251.9,37
252.0,0
252.3,16
253.0,6
253.3,18
253.3,26
253.9,2
254.1,10
254.5,24
254.8,31
255.1,11
255.6,1
255.6,36
255.7,8
255.8,30
256.3,7
256.9,29
258.5,25
258.6,32
260.1,23
260.6,0
260.6,14
260.8,39
261.0,28
262.2,19
262.6,22
262.8,26
262.9,35
263.8,16
264.2,10
264.3,13
264.4,27
264.5,12
265.3,8
265.5,17
265.6,6
266.4,18
266.8,20
267.0,2
267.1,39
267.1,5
267.4,33
267.6,24
268.1,3
268.4,34
268.5,31
268.9,23
269.1,25
269.7,37
273.8,1
274.7,14
274.9,11
275.5,8
276.7,28
276.7,13
276.9,0
276.9,10
277.6,18
277.7,16
277.7,23
277.8,4
277.9,22
278.7,9
279.3,26
279.3,35
279.4,2
279.5,17
279.8,39
279.9,19
279.9,38
281.1,36
281.2,24
281.7,12
282.4,29
282.5,25
282.8,3
283.2,13
283.9,0
284.1,30
284.1,37
284.5,31
285.2,8
286.2,18
288.2,7
288.5,10
289.2,15
289.9,27
290.6,28
290.8,24
291.2,6
291.3,35
291.3,33
292.1,19
292.4,0
292.4,25
293.0,13
293.6,16
293.7,8
293.9,26
294.0,3
295.6,23
295.8,2
296.1,11
296.9,31
297.0,17
297.1,39
297.4,4
298.9,12
299.3,18
299.8,36
300.4,14
300.7,25
300.9,32
301.4,37
301.7,10
301.9,3
302.5,22
302.6,1
302.6,8
303.3,0
303.9,35
304.0,24
305.2,2
305.2,16
305.3,13
305.7,26
306.3,23
306.6,39
306.9,19
307.3,18
308.1,33
308.2,28
308.5,17
308.8,5
308.9,29
311.9,3
312.3,25
312.7,14
312.8,10
313.0,8
313.3,31
314.3,12
314.3,13
314.9,6
315.5,4
316.0,16
317.0,0
317.4,24
317.4,23
317.4,26
317.4,35
319.7,9
320.1,11
320.7,7
321.2,25
321.8,27
322.0,13
322.6,30
322.9,22
323.5,2
323.5,17
323.7,39
324.1,19
324.2,20
324.9,31
324.9,36
325.4,10
325.4,18
325.5,24
326.6,8
326.6,28
326.7,33
327.1,23
327.1,35
327.4,3
328.3,0
328.3,26
328.7,6
328.7,29
328.8,14
329.1,34
329.8,1
331.3,25
331.3,38
331.8,12
331.9,13
332.0,16
332.3,37
333.2,5
333.4,8
334.7,39
335.0,11
335.1,10
335.7,23
337.2,19
337.5,31
337.9,0
337.9,24
338.3,17
338.7,1
339.2,18
339.4,22
340.5,3
341.9,25
342.0,26
342.1,28
342.8,2
343.6,16
344.5,4
345.0,7
345.0,8
345.7,30
345.8,39
345.9,6
346.0,35
346.1,0
346.6,10
346.8,13
347.3,19
347.6,31
349.8,3
350.0,25
350.4,23
350.5,18
350.5,26
350.7,12
350.8,14
351.7,11
351.7,37
352.3,24
352.5,20
352.5,32
352.5,36
353.2,38
353.6,5
353.8,2
354.8,19
355.2,0
355.7,13
356.1,33
356.5,22
356.7,28
356.9,8
357.3,10
357.8,3
358.3,17
358.5,16
360.0,25
361.1,2
361.6,26
362.6,30
362.7,29
363.4,31
364.6,4
364.6,37
364.7,35
364.9,18
365.3,39
366.0,27
366.6,8
367.8,3
368.3,0
368.3,6
368.4,1
368.9,22
369.0,15
369.2,24
369.6,10
370.1,25
370.3,16
370.3,20
370.5,17
370.6,13
370.9,23
371.0,12
372.9,31
373.6,5
373.8,19
374.3,18
374.7,2
374.7,39
374.9,9
375.0,35
375.3,28
375.4,37
376.4,26
376.5,11
376.7,8
378.6,25
378.8,4
379.5,0
379.5,14
379.7,3
381.0,10
381.4,13
382.8,34
383.4,28
383.7,16
384.6,23
384.6,33
385.0,6
385.6,12
386.0,18
386.2,24
386.2,37
386.5,35
387.4,26
388.0,30
388.7,3
389.2,8
389.2,25
389.5,2
389.7,13
389.7,39
390.9,19
391.5,20
391.6,17
392.1,0
393.1,5
393.9,10
394.3,1
394.7,11
395.3,24
395.4,31
396.3,22
396.5,4
396.9,7
397.0,36
397.2,21
398.1,28
398.2,26
399.2,25
399.4,16
399.6,2
399.6,6
399.8,29
400.1,19
400.3,13
401.1,3
401.8,18
401.8,23
401.9,14
402.4,8
403.5,0
404.3,33
404.4,10
406.2,35
406.2,27
406.5,39
407.0,31
407.5,12
407.6,25
409.1,17
409.5,8
409.5,28
409.6,11
410.1,37
411.0,26
411.1,2
411.1,19
411.2,1
411.4,3
411.4,30
411.6,24
412.1,23
412.5,9
412.7,0
412.9,13
413.2,16
415.3,18
416.0,25
416.6,5
416.8,34
416.8,35
419.0,4
419.0,28
419.1,7
419.1,10
419.7,16
420.0,31
420.0,39
420.1,6
420.1,36
420.6,13
420.8,22
422.6,8
422.7,26
423.4,19
424.3,3
424.3,24
424.8,2
425.0,12
425.0,17
425.6,23
426.0,0
426.8,33
427.1,25
427.1,31
427.3,14
427.3,29
427.5,27
429.3,16
430.5,11
430.6,30
430.7,13
430.7,18
430.8,39
431.4,10
431.4,26
431.9,8
432.8,15
432.8,28
432.9,37
433.9,6
436.3,25
436.7,19
437.2,35
437.7,1
437.9,24
438.1,16
438.3,2
438.4,4
438.4,14
438.4,32
438.8,3
439.0,0
439.1,12
439.6,13
439.8,17
440.4,8
441.5,5
441.8,23
441.9,18
442.4,31
443.6,26
443.9,10
445.3,22
445.3,30
446.0,0
446.1,20
446.2,25
446.7,6
446.7,33
447.1,11
447.3,39
447.4,7
447.8,37
448.3,28
448.7,8
448.8,36
449.2,3
449.4,24
451.4,2
453.0,10
453.0,23
453.3,13
453.8,16
454.0,19
454.2,29
454.4,35
454.5,26
455.1,31
456.9,25
457.7,18
458.5,9
458.6,12
459.5,38
460.1,0
460.1,24
460.7,8
460.7,14
462.6,3
462.9,39
463.2,17
463.3,2
463.4,4
464.3,13
464.7,10
465.1,5
465.5,1
465.7,23
466.1,28
466.3,26
466.5,30
466.7,18
467.5,25
467.5,35
468.4,37
468.5,16
469.7,36
469.8,12
470.5,22
470.5,31
471.0,33
471.9,15
472.6,2
472.8,0
472.8,19
473.6,3
473.6,10
473.7,8
474.0,6
474.2,29
474.5,39
476.1,14
476.2,27
476.3,13
476.9,24
477.1,11
477.9,25
478.7,32
479.2,23
479.4,26
479.8,1
480.7,28
481.0,18
481.0,36
482.2,8
482.3,4
482.8,2
483.8,16
484.0,3
484.4,22
484.5,35
484.6,20
484.7,19
485.2,0
485.9,39
486.0,17
486.3,5
486.3,10
486.3,25
486.9,26
487.0,13
487.1,31
487.3,30
489.0,34
489.2,37
491.0,12
492.9,24
494.3,28
494.5,36
494.8,2
495.0,8
495.1,6
495.2,1
495.2,11
495.4,4
495.4,9
495.6,0
496.1,10
496.2,23
496.3,19
497.0,25
497.1,3
497.9,26
499.3,30
499.9,18
500.2,16
500.5,17
501.1,39
501.1,33
501.9,7
501.9,27
503.0,24
503.1,34
503.7,13
503.8,29
504.5,14
504.9,35
505.9,8
506.8,3
507.0,12
507.1,10
507.1,31
508.2,37
509.1,2
509.1,16
509.1,22
509.1,28
509.5,25
509.5,26
509.9,20
510.4,0
510.6,36
510.7,19
511.1,6
511.2,11
511.6,23
511.9,1
514.3,3
515.0,24
515.2,13
515.4,35
515.5,4
515.7,18
516.2,39
516.9,21
517.0,10
517.9,8
519.6,25
520.8,17
521.1,26
521.6,14
521.6,16
521.7,37
523.1,13
523.2,15
523.4,0
523.7,36
524.1,32
524.2,2
524.2,38
524.7,11
526.0,18
526.2,3
526.6,33
527.0,19
527.0,39
527.1,12
527.5,8
528.0,28
528.6,5
528.6,25
528.8,31
529.0,23
529.3,26
530.4,6
530.7,24
531.1,16
531.2,0
531.4,1
531.4,27
531.7,10
532.0,2
532.1,30
533.0,13
533.6,29
534.6,35
535.1,8
536.9,25
537.1,3
537.6,37
538.4,17
539.0,7
539.2,39
539.4,22
539.9,0
540.4,18
540.8,4
540.8,26
541.6,20
542.3,23
543.4,12
543.6,35
544.0,1
544.1,33
544.5,31
545.5,25
545.5,24
545.7,14
545.9,28
546.0,34
546.5,16
547.2,30
547.3,8
547.6,11
547.7,36
547.9,19
549.2,2
549.2,13
549.5,0
549.9,6
550.1,3
550.8,10
550.8,23
551.4,18
552.6,5
553.0,17
554.3,25
554.8,39
555.9,26
555.9,31
557.9,37
558.0,33
558.3,13
558.3,14
558.9,4
559.6,24
559.6,16
559.9,35
561.5,0
561.5,3
561.8,8
561.8,10
562.0,9
562.5,2
563.4,34
563.6,28
564.3,19
564.3,23
564.6,12
565.4,36
565.5,18
566.2,25
566.2,30
566.3,39
566.5,13
566.6,26
569.1,11
569.1,22
569.2,31
569.7,17
570.3,7
570.3,24
571.3,38
571.6,29
571.8,27
572.1,16
572.2,0
572.2,6
572.8,8
573.1,3
574.3,13
574.4,10
575.8,14
576.0,2
576.4,25
577.1,12
577.6,35
578.8,37
579.4,4
579.6,23
579.9,16
580.3,19
580.4,0
580.5,39
580.8,1
580.8,6
581.2,28
582.3,18
582.6,24
582.7,26
583.8,20
584.2,8
584.2,32
585.3,19
585.4,3
585.4,4
585.4,10
585.7,31
586.0,13
586.5,17
586.7,22
587.0,33
587.3,5
587.5,11
588.2,25
592.4,28
592.6,18
593.4,16
593.9,3
593.9,12
594.2,2
594.2,35
594.9,7
595.3,0
595.4,8
595.5,14
595.8,23
596.3,36
596.5,26
596.6,11
596.6,25
596.8,37
596.8,39
597.6,30
597.9,10
597.9,24
598.7,31
598.9,13
600.9,19
603.2,4
603.7,18
603.9,12
604.4,38
605.6,3
605.6,8
605.9,16
605.9,17
606.4,2
606.4,25
606.7,0
607.2,26
607.4,10
608.7,23
608.8,13
609.5,29
609.6,22
610.2,33
610.4,28
611.6,18
612.4,35
612.6,6
612.8,24
613.1,16
613.2,11
613.4,8
614.1,39
614.3,31
614.4,1
614.5,5
615.0,20
615.0,26
615.6,30
617.4,0
617.4,13
617.4,17
617.8,14
618.9,25
619.5,2
620.0,37
620.2,3
621.1,28
622.1,10
623.3,24
623.8,1
624.0,4
624.4,8
624.5,19
624.5,23
624.6,39
625.0,26
625.0,9
625.0,15
625.7,12
625.9,34
626.6,33
626.8,0
626.8,18
626.9,16
627.5,6
627.7,25
627.8,22
628.7,35
628.8,11
629.0,2
631.8,10
632.2,17
632.6,36
633.0,3
634.6,31
634.7,4
634.7,13
635.3,19
636.1,0
636.2,24
636.4,23
636.6,28
636.9,14
637.1,8
637.2,25
637.5,26
637.7,18
639.0,16
640.1,3
640.8,2
642.1,39
642.5,30
642.7,27
642.8,29
642.8,35
642.9,22
643.0,6
644.2,10
644.4,11
645.5,25
646.1,19
646.3,8
647.1,13
647.4,0
647.4,12
647.5,7
647.5,37
647.6,5
648.2,28
648.4,16
648.4,17
650.1,24
650.3,26
650.9,31
651.7,1
651.8,9
652.1,18
652.3,39
653.8,3
654.7,23
654.8,21
655.5,33
656.4,16
656.4,35
656.4,38
657.3,10
657.4,8
657.5,36
657.6,0
657.6,14
659.1,4
659.5,25
660.2,24
660.4,13
660.7,2
661.5,6
661.6,20
662.6,19
663.7,12
664.0,31
664.6,26
665.4,17
665.9,18
665.9,30
665.9,39
666.2,28
666.4,3
667.6,13
668.0,22
669.0,29
669.4,25
669.6,2
669.6,5
670.3,10
670.4,11
670.6,8
670.8,16
671.0,0
671.1,36
672.2,37
672.3,24
673.2,23
673.7,7
674.1,26
675.2,20
675.7,14
675.9,19
676.6,33
676.8,35
677.0,25
678.1,3
679.0,2
679.4,13
680.0,0
680.0,4
680.0,16
680.1,17
681.1,31
681.4,12
681.6,38
681.9,39
682.4,28
682.7,18
685.1,10
685.8,19
685.9,26
686.3,8
686.5,34
686.9,6
686.9,23
687.4,36
687.5,25
687.9,24
688.0,35
688.1,11
688.1,15
688.4,27
689.1,1
690.5,3
691.2,5
691.4,13
692.3,30
692.4,29
692.4,37
692.4,39
692.5,9
692.9,17
693.8,16
695.5,0
696.6,18
697.4,2
697.4,4
697.4,28
697.7,31
697.9,12
698.4,25
698.7,10
698.7,26
698.9,20
699.0,8
699.0,19
699.8,24
699.9,14
701.5,13
701.5,21
701.6,33
701.6,3
703.7,39
704.2,36
704.5,0
706.3,6
706.4,11
706.5,35
707.0,2
707.6,16
707.7,23
707.9,38
708.1,25
708.3,10
708.3,22
708.7,18
710.3,12
710.3,30
710.7,4
710.7,17
710.7,24
711.0,8
711.0,28
712.7,26
713.8,13
713.8,31
715.4,3
715.6,1
715.7,0
715.9,9
715.9,25
715.9,39
716.0,14
716.1,5
716.4,29
719.2,13
719.8,8
720.3,16
720.7,28
721.0,24
721.1,2
721.2,19
721.5,32
722.0,18
722.3,35
722.4,23
722.5,10
723.3,30
723.4,11
723.5,31
724.5,25
726.2,37
726.9,12
727.5,26
727.6,14
728.4,0
728.7,17
729.0,30
729.4,3
729.7,36
729.8,16
730.0,8
730.0,23
730.2,33
730.5,27
731.2,10
731.7,2
733.0,13
733.1,4
733.4,19
734.4,31
734.4,39
734.7,5
734.8,25
736.3,3
736.3,26
737.0,6
738.9,1
739.9,0
740.1,18
740.4,22
740.7,24
740.7,29
740.8,9
740.8,20
741.0,8
741.8,10
741.8,16
742.0,37
742.5,11
742.7,2
743.3,14
743.9,23
743.9,36
744.1,35
744.4,25
745.0,13
745.0,28
745.0,39
745.2,3
745.8,31
747.0,26
747.1,0
748.3,17
748.7,4
750.7,30
751.5,16
752.1,6
752.9,8
753.0,12
753.3,10
753.6,19
753.6,25
753.6,33
754.0,34
755.5,18
755.6,39
755.8,23
756.4,3
756.6,2
756.7,5
756.9,13
756.9,28
757.0,7
757.1,37
757.3,21
757.6,38
758.3,24
758.6,0
758.7,1
758.7,16
759.0,14
763.1,25
763.8,11
763.9,26
764.1,35
764.6,31
765.1,8
765.4,4
765.6,30
767.1,13
767.1,20
767.4,12
767.5,24
768.6,3
768.9,19
769.7,27
769.9,0
769.9,23
770.5,16
771.3,10
771.7,33
772.1,18
772.3,39
772.6,2
774.5,37
774.6,17
775.0,28
775.6,25
777.1,9
777.1,26
777.6,13
777.7,22
778.1,36
778.4,0
778.6,31
778.8,29
779.4,8
780.0,11
780.8,39
781.0,2
781.0,24
781.3,3
781.5,16
781.6,6
782.7,10
783.5,35
784.3,18
785.2,5
786.2,19
786.5,1
786.5,23
787.5,25
787.5,30
788.1,14
788.3,12
788.4,26
788.4,27
789.0,13
789.2,8
789.6,0
789.8,16
790.1,17
790.1,34
790.8,28
790.9,4
791.6,37
794.2,39
794.4,3
794.4,11
794.5,2
795.1,24
795.2,25
795.5,10
796.1,23
796.5,6
797.0,36
797.1,0
797.4,8
798.3,7
798.9,35
799.4,31
800.3,18
800.3,19
800.8,33
801.2,3
801.3,26
801.6,17
801.9,13
803.2,16
804.6,2
805.1,14
805.8,30
805.9,25
806.0,12
806.4,10
806.7,1
807.4,4
808.0,28
808.0,29
808.0,39
808.7,3
808.8,27
809.2,13
809.5,18
809.6,36
810.1,24
810.7,0
812.0,8
812.5,26
813.1,19
813.4,31
813.7,16
816.2,5
816.3,10
816.9,2
816.9,35
817.3,14
817.5,6
818.2,37
818.3,23
819.0,13
819.1,25
819.2,33
819.3,39
820.4,17
820.4,28
821.7,11
821.7,22
821.7,24
822.1,0
822.1,26
822.2,18
823.0,4
823.4,3
823.7,16
823.9,8
824.2,12
825.3,38
826.1,13
826.5,6
826.7,19
827.1,36
828.8,20
829.8,10
831.9,2
832.0,18
832.4,14
832.4,25
832.4,39
832.6,17
832.6,27
833.1,26
833.3,3
833.4,16
833.6,23
834.1,5
836.5,22
837.2,24
837.4,30
837.7,1
837.8,21
838.1,28
838.9,0
839.2,8
839.4,29
839.4,31
839.5,35
839.9,25
839.9,38
840.1,11
840.1,13
840.4,10
842.0,37
844.0,12
844.2,19
844.2,26
844.3,18
844.5,2
844.6,34
844.8,23
845.4,4
845.5,39
846.7,33
847.0,3
847.1,16
847.4,28
848.6,7
848.9,25
849.0,6
849.0,17
849.1,8
849.4,20
850.7,0
850.9,10
851.3,11
851.3,36
852.1,14
852.5,24
852.5,26
852.7,13
854.6,18
855.9,30
856.1,23
856.1,35
857.0,19
858.0,31
858.1,2
858.1,17
858.7,3
859.0,12
859.6,16
859.8,39
860.4,25
860.7,33
861.3,5
861.9,6
861.9,8
861.9,24
863.6,7
864.3,13
865.5,9
865.5,29
865.9,28
866.3,0
866.9,23
867.1,26
867.5,1
867.5,2
867.5,11
867.5,37
868.5,16
868.9,3
869.1,4
869.5,14
870.0,10
870.3,22
870.4,18
870.9,27
871.2,30
871.7,19
872.5,24
872.5,25
872.7,35
872.8,38
873.2,13
873.3,8
873.5,31
876.3,0
877.4,17
877.5,26
878.0,16
878.3,39
879.3,12
879.5,28
879.7,36
879.8,23
880.1,10
880.5,25
880.6,2
880.8,4
882.3,3
883.9,18
884.4,6
884.6,24
884.7,5
885.5,8
885.5,19
886.4,1
886.4,28
887.0,0
887.1,35
887.4,15
887.5,31
887.9,13
890.6,11
891.6,39
892.6,26
893.1,16
893.2,3
893.2,25
893.7,14
893.8,2
893.8,33
894.3,10
894.6,8
894.6,32
894.8,30
895.7,22
896.1,23
896.3,13
896.4,27
896.5,19
896.7,17
896.9,28
897.0,4
897.9,18
899.7,0
900.2,26
900.6,3
901.0,37
901.5,29
902.1,24
903.7,2
904.0,7
904.0,39
906.1,16
906.2,8
907.3,20
907.5,11
908.1,25
908.8,18
908.8,28
908.9,10
909.1,5
909.4,13
909.4,31
909.5,0
909.6,14
909.7,12
909.7,30
910.1,6
910.4,19
910.5,23
910.6,35
910.8,36
910.8,38
911.0,24
911.1,33
912.0,1
912.3,26
913.9,4
913.9,16
914.1,10
914.8,2
915.0,3
915.4,31
915.8,22
917.1,8
918.5,0
918.8,17
919.6,29
919.6,39
920.3,18
920.4,23
920.6,25
921.1,11
921.1,24
921.6,38
922.9,6
923.4,16
923.4,19
923.7,26
924.2,13
925.3,28
925.7,21
925.8,37
926.0,10
926.1,5
927.2,30
927.3,33
927.5,12
927.9,14
928.5,34
928.6,3
928.8,2
929.1,0
929.5,18
929.8,35
931.1,8
932.2,4
932.2,31
932.5,25
932.7,36
933.7,11
934.1,19
934.4,1
934.9,13
935.1,16
935.1,22
935.1,39
935.7,26
936.4,23
936.7,24
937.0,18
937.0,28
937.6,10
937.8,8
940.7,17
941.0,20
941.1,35
941.6,0
942.2,3
942.7,14
943.3,2
943.5,25
944.1,26
945.3,12
945.4,8
946.4,13
946.6,39
946.8,16
947.0,4
947.4,10
947.5,3
948.2,37
948.5,27
948.7,23
948.7,24
949.1,28
949.4,29
949.6,31
950.4,11
950.9,18
950.9,25
952.9,19
953.3,33
953.6,35
954.6,36
954.7,22
954.9,6
955.1,0
955.2,8
955.5,30
955.7,13
955.8,32
956.6,26
956.7,7
956.8,5
957.3,3
957.7,2
958.9,11
958.9,39
960.0,16
960.3,12
960.5,25
960.7,28
960.9,1
960.9,10
962.1,31
962.3,24
963.1,18
963.5,0
963.9,8
963.9,17
964.6,23
965.1,3
965.1,37
966.3,14
968.1,13
969.2,6
969.4,4
969.6,35
969.6,26
969.8,25
969.9,19
970.2,10
970.2,28
970.2,29
970.4,2
972.7,16
973.9,11
974.0,20
974.3,23
974.4,0
974.5,22
974.7,8
974.8,24
975.9,38
975.9,39
976.0,17
977.0,30
977.3,33
977.4,26
977.8,13
978.2,12
979.4,3
979.9,4
980.0,5
980.5,19
980.7,36
981.2,18
981.3,0
982.1,25
982.3,10
984.1,39
984.4,31
984.9,2
984.9,28
985.2,1
986.2,13
986.8,14
986.8,16
986.9,24
987.4,26
987.7,7
987.8,8
988.5,37
989.4,35
989.8,11
990.5,23
991.0,25
992.0,3
992.2,22
992.7,6
993.3,17
994.0,13
994.3,0
994.9,30
996.9,19
998.4,8
998.9,27
999.0,10
999.5,24
999.6,20
999.8,4
999.9,14
1000.0,12
1000.3,2
1001.3,26
1002.3,25
1002.4,28
1002.7,35
1002.8,34
1002.9,16
1003.0,18
1003.1,31
1003.3,39
1003.9,23
1004.1,0
1004.1,13
1004.4,3
1005.4,36
1005.6,19
1006.0,6
1007.2,17
1008.4,16
1009.1,29
1009.5,2
1009.9,10
1010.6,5
1010.7,8
1011.7,25
1011.8,33
1012.5,37
1013.0,4
1013.9,3
1014.1,1
1014.5,7
1014.7,24
1015.6,12
1015.7,21
1015.8,30
1016.7,0
1016.7,18
1016.7,26
1016.9,14
1017.0,11
1017.0,28
1017.2,31
1017.4,13
1017.4,39
1018.1,19
1018.3,38
1018.3,15
1019.2,10
1019.8,8
1021.3,22
1022.1,35
1022.4,6
1023.1,23
1023.7,16
1024.2,27
1025.5,36
1025.8,3
1025.9,25
1025.9,31
1026.0,2
1026.0,0
1027.1,17
1027.1,26
1027.5,1
1028.5,24
1029.2,28
1031.4,13
1031.8,18
1032.6,8
1033.4,39
1033.6,19
1034.7,10
1034.9,4
1035.2,14
1035.4,35
1035.6,12
1035.6,25
1035.8,26
1035.8,38
1035.9,29
1036.1,11
1036.5,5
1036.6,20
1037.2,16
1037.5,2
1037.7,3
1037.8,31
1038.4,23
1039.6,0
1040.2,24
1041.7,30
1042.0,6
1042.5,17
1043.3,34
1043.9,13
1045.2,8
1046.5,33
1046.8,28
1048.2,3
1048.2,22
1048.2,31
1048.5,39
1048.8,19
1049.3,25
1049.9,2
1049.9,18
1049.9,35
1050.0,5
1050.1,26
1050.2,16
1051.7,10
1051.8,7
1051.8,23
1051.9,8
1052.1,11
1052.2,0
1052.7,24
1053.0,13
1053.1,14
1054.6,15
1055.4,36
1055.5,12
1055.5,28
1056.1,1
1056.1,37
1057.0,25
1057.1,17
1058.6,3
1059.7,33
1060.2,9
1060.7,19
1061.9,13
1061.9,22
1062.0,16
1062.9,10
1063.2,8
1063.6,18
1063.7,35
1064.1,39
1064.4,31
1064.8,2
1064.8,26
1065.3,6
1065.7,29
1066.1,0
1066.2,25
1066.7,12
1068.6,24
1068.9,14
1069.2,1
1069.7,4
1070.2,27
1071.3,20
1071.4,3
1071.4,28
1072.0,23
1072.1,17
1073.1,13
1073.9,8
1075.3,11
1077.0,37
1077.0,26
1077.2,22
1077.4,16
1077.9,30
1078.0,10
1078.6,0
1078.6,12
1078.6,38
1079.2,25
1079.5,18
1079.6,2
1079.7,3
1079.7,31
1079.7,34
1080.0,19
1080.2,24
1080.5,28
1082.0,35
1082.3,5
1083.8,23
1083.9,1
1083.9,8
1083.9,39
1084.4,6
1084.9,13
1085.3,4
1086.1,33
1086.6,25
1086.7,26
1087.4,11
1087.9,16
1088.7,3
1088.7,36
1088.9,0
1089.9,18
1090.8,17
1091.3,30
1091.4,10
1091.5,2
1091.8,31
1091.9,14
1091.9,19
1092.9,13
1093.0,8
1093.4,24
1094.0,7
1094.1,28
1094.4,39
1094.5,12
1094.5,35
1094.8,23
1095.1,29
1095.4,3
1095.6,26
1096.3,22
1097.1,0
1099.9,25
1101.4,6
1101.4,27
1101.5,11
1102.0,9
1102.2,5
1102.4,36
1102.6,33
1102.8,17
1103.3,16
1103.4,18
1103.8,3
1104.6,24
1105.1,39
1105.2,13
1105.5,0
1105.9,28
1106.2,2
1106.3,4
1106.8,19
1106.8,31
1106.8,10
1107.5,35
1107.9,14
1108.0,8
1108.1,25
1108.1,38
1108.8,20
1109.5,15
1110.2,37
1110.8,18
1111.2,23
1112.5,34
1112.9,26
1113.1,1
1113.2,29
1115.1,17
1115.1,30
1115.2,13
1115.4,16
1116.3,11
1117.1,5
1117.2,3
1117.8,25
1118.3,19
1118.4,24
1119.0,6
1120.2,12
1120.4,2
1120.7,0
1121.7,31
1121.9,8
1122.8,10
1123.5,21
1123.8,33
1124.0,3
1124.0,39
1124.2,26
1124.6,17
1124.8,38
1124.9,16
1125.4,18
1125.4,12
1125.6,20
1125.8,22
1126.0,13
1127.4,28
1128.6,23
1129.2,25
1129.4,14
1129.7,2
1129.7,35
1129.9,3
1130.0,19
1130.5,30
1130.6,0
1130.6,29
1130.6,37
1131.6,26
1133.6,10
1134.7,4
1135.0,1
1135.9,39
1136.1,8
1136.3,24
1138.3,16
1138.7,31
1139.2,22
1139.7,27
1139.8,2
1139.9,25
1140.1,35
1140.3,13
1140.5,3
1140.6,11
1141.0,36
1141.1,6
1142.5,0
1143.8,38
1144.0,23
1144.1,18
1144.1,26
1144.9,28
1145.2,5
1145.2,24
1145.3,12
1145.5,17
1145.6,10
1145.9,7
1146.5,33
1146.8,19
1147.2,8
1147.2,39
1147.9,31
1148.5,16
1148.6,3
1148.7,14
1149.8,25
1152.0,35
1152.6,26
1153.3,30
1153.6,36
1153.6,0
1154.0,6
1154.0,13
1154.4,20
1154.6,37
1155.6,24
1158.5,11
1158.5,28
1159.2,10
1159.4,4
1159.4,8
1159.4,39
1159.8,18
1159.9,16
1160.6,2
1161.0,29
1161.5,12
1161.8,19
1161.9,3
1161.9,13
1162.2,33
1162.4,26
1162.5,15
1162.5,25
1162.5,27
1163.4,1
1163.8,17
1164.2,0
1164.7,24
1165.3,23
1165.4,8
1166.3,31
1166.7,16
1168.4,14
1169.2,35
1169.3,6
1170.6,10
1170.7,39
1171.0,36
1171.9,18
1172.2,28
1172.5,11
1172.8,13
1173.7,25
1174.0,3
1174.6,24
1174.7,22
1175.1,4
1175.3,5
1176.1,19
1176.2,2
1176.3,17
1176.5,0
1177.0,10
1177.1,23
1177.2,7
1177.3,26
1177.5,37
1177.6,9
1177.7,31
1179.2,34
1180.2,30
1180.8,8
1181.3,39
1182.3,12
1183.0,16
1183.7,3
1184.3,11
1184.5,27
1184.9,35
1185.2,25
1185.5,20
1185.5,24
1185.6,0
1185.6,13
1186.0,19
1187.3,17
1187.3,18
1187.9,10
1188.3,14
1188.3,28
1188.8,39
1189.8,26
1189.8,36
1190.7,33
1190.9,31
1191.7,1
1191.7,2
1191.7,23
1192.4,29
1192.6,3
1194.1,30
1194.3,16
1194.8,22
1195.5,8
1195.8,25
1198.1,6
1198.1,10
1198.3,4
1198.6,0
1198.7,11
1198.7,24
1200.1,13
1200.3,26
1200.4,3
1200.4,23
1203.0,19
1203.1,37
1203.2,12
1203.5,35
1203.6,2
1203.8,18
1204.2,1
1204.2,17
1204.5,32
1204.8,14
1205.1,31
1206.4,25
1208.6,39
1208.7,13
1208.7,16
1209.0,38
1209.7,28
1210.3,4
1210.3,8
1210.3,22
1210.3,36
1211.0,3
1211.0,5
1211.9,0
1211.9,7
1211.9,26
1212.2,10
1212.3,18
1214.3,24
1214.7,33
1214.8,2
1215.2,23
1215.4,9
1215.5,17
1215.8,6
1216.0,27
1216.1,19
1217.7,13
1218.0,35
1218.6,25
1219.1,30
1220.2,39
1220.5,29
1220.9,3
1221.1,20
1221.4,24
1221.5,8
1221.5,26
1223.9,11
1223.9,12
1223.9,31
1224.5,1
1224.5,7
1224.5,10
1224.6,16
1224.7,18
1225.3,0
1225.5,14
1226.2,22
1227.5,28
1227.7,25
1227.7,37
1228.0,19
1228.5,13
1229.1,17
1229.7,3
1230.2,6
1230.2,8
1230.4,36
1230.7,4
1230.9,2
1232.3,23
1233.3,10
1233.4,18
1234.4,16
1234.9,26
1235.4,35
1235.6,24
1235.6,39
1235.8,30
1236.2,38
1236.9,13
1237.6,25
1239.3,31
1240.0,11
1240.0,37
1240.1,3
1240.4,14
1241.2,28
1241.3,0
1241.7,10
1242.2,12
1242.3,2
1242.3,8
1242.4,1
1242.8,39
1243.1,26
1243.2,32
1243.4,34
1243.7,33
1243.8,25
1244.7,19
1245.4,16
1247.8,13
1248.1,35
1248.3,18
1248.6,22
1249.9,23
1250.1,3
1250.1,24
1250.5,6
1250.8,27
1250.9,17
1252.3,4
1252.7,39
1252.8,29
1253.1,8
1253.6,16
1253.8,31
1254.2,19
1254.2,26
1254.6,2
1254.7,10
1254.7,25
1256.8,20
1257.3,30
1258.6,0
1258.9,35
1259.4,36
1259.6,13
1260.3,14
1260.6,18
1260.7,5
1260.7,11
1261.2,28
1261.5,16
1262.3,23
1262.8,17
1263.1,1
1263.2,37
1263.3,24
1263.7,10
1264.1,25
1264.9,8
1265.3,26
1266.0,19
1266.1,3
1266.7,2
1266.9,7
1267.3,31
1267.9,35
1268.1,13
1269.3,6
1269.8,12
1271.8,14
1271.9,0
1272.2,4
1272.2,28
1272.4,39
1273.8,33
1273.9,25
1274.3,16
1274.4,23
1274.9,30
1275.1,24
1275.3,34
1275.4,10
1275.4,17
1275.5,18
1275.9,26
1276.0,3
1276.5,1
1276.8,22
1277.4,8
1277.4,35
1279.8,36
1280.0,2
1281.3,0
1282.1,11
1282.1,19
1282.7,25
1282.9,13
1283.5,12
1283.5,28
1283.5,31
1283.8,26
1284.0,18
1285.3,8
1285.8,3
1286.5,16
1286.6,20
1286.6,27
1286.6,37
1287.1,24
1287.1,39
1288.2,6
1289.0,2
1289.0,23
1289.1,0
1289.5,35
1290.8,19
1291.1,33
1291.8,10
1292.3,25
1293.3,14
1293.4,29
1293.7,13
1294.3,4
1295.0,28
1295.4,34
1295.7,31
1296.3,11
1296.3,17
1296.4,16
1296.5,22
1297.1,26
1297.5,24
1297.8,1
1298.1,3
1298.5,35
1299.3,8
1299.3,18
1299.3,23
1299.7,5
1300.9,39
1302.6,36
1303.0,25
1303.3,2
1303.9,19
1304.1,0
1304.1,12
1304.9,13
1305.4,10
1307.1,31
1307.1,38
1308.3,30
1308.5,23
1308.6,8
1309.0,3
1309.0,24
1309.2,26
1309.4,11
1309.4,33
1309.6,25
1310.0,14
1310.6,6
1310.6,28
1312.3,27
1312.5,7
1314.0,18
1314.1,16
1315.2,1
1316.0,39
1316.4,0
1317.0,13
1317.1,2
1317.2,20
1317.3,17
1317.6,4
1317.6,26
1317.7,15
1318.2,3
1319.6,23
1319.7,19
1319.8,25
1320.0,10
1320.4,35
1321.7,12
1321.7,14
1321.9,29
1322.4,24
1323.7,8
1323.7,16
1324.0,31
1324.4,37
1324.6,18
1325.2,0
1325.5,9
1325.7,13
1328.3,11
1328.8,28
1328.9,19
1330.7,23
1330.8,25
1330.9,3
1331.3,39
1331.4,22
1331.4,35
1332.0,26
1332.2,8
1332.3,6
1332.3,16
1332.6,2
1333.0,30
1333.2,1
1333.5,10
1333.8,34
1334.0,4
1334.2,33
1334.4,13
1335.0,18
1336.9,17
1337.6,0
1337.6,31
1338.0,36
1338.2,24
1338.3,14
1338.4,25
1338.5,23
1341.5,5
1342.5,8
1342.5,37
1342.8,26
1342.8,29
1343.0,39
1343.2,3
1343.7,12
1343.9,7
1343.9,9
1344.6,10
1345.2,18
1345.3,11
1345.4,0
1345.7,13
1346.0,17
1346.1,2
1346.9,16
1346.9,19
1347.9,33
1348.1,20
1348.4,6
1348.9,31
1349.3,25
1350.0,28
1351.0,26
1352.0,24
1352.6,35
1352.8,30
1354.3,3
1354.4,1
1354.7,23
1354.9,8
1355.0,22
1355.5,39
1355.6,17
1355.9,13
1356.3,2
1356.7,10
1356.7,11
1356.8,0
1357.0,18
1359.0,25
1360.3,12
1360.8,38
1360.9,4
1361.9,24
1362.0,16
1362.2,19
1362.8,13
1362.9,37
1363.2,26
1365.0,3
1365.0,28
1366.0,2
1366.4,35
1366.5,23
1367.0,0
1367.3,10
1367.4,34
1367.6,39
1368.4,14
1368.5,22
1369.0,31
1369.3,33
1369.8,27
1370.0,36
1370.3,18
1370.4,25
1370.8,1
1371.4,8
1372.0,26
1372.2,5
1372.8,3
1373.1,17
1373.3,16
1373.5,37
1374.7,12
1375.1,7
1375.5,24
1375.7,13
1376.0,9
1376.2,35
1376.3,19
1376.4,28
1376.5,6
1376.5,11
1376.9,20
1377.5,15
1378.9,10
1378.9,0
1379.5,30
1380.5,2
1380.7,29
1381.2,25
1381.9,14
1382.4,4
1383.2,31
1384.0,39
1384.1,3
1384.6,8
1384.7,18
1385.2,23
1385.6,13
1386.0,24
1387.5,33
1388.0,26
1388.1,27
1388.3,10
1388.4,16
1389.4,11
1391.7,2
1392.5,0
1392.6,15
1392.7,17
1392.7,36
1393.1,3
1393.8,30
1393.9,19
1394.6,6
1395.6,31
1396.2,38
1396.6,24
1396.9,8
1396.9,25
1397.1,28
1397.6,35
1397.7,13
1398.0,1
1398.0,22
1398.8,26
1398.9,12
1399.2,39
1399.4,4
1399.8,18
1400.7,0
1400.8,16
1400.8,37
1400.9,10
1401.0,33
1402.9,23
1405.3,14
1405.5,3
1405.7,19
1406.2,20
1407.8,24
1408.0,29
1408.1,18
1408.5,28
1408.6,31
1408.7,17
1408.9,2
1408.9,5
1408.9,6
1409.0,25
1409.2,12
1409.4,13
1409.6,36
1409.7,27
1410.5,26
1411.2,0
1412.2,4
1412.8,16
1413.2,22
1414.4,10
1414.7,3
1415.2,23
1416.5,35
1416.9,37
1417.0,8
1417.2,19
1418.5,5
1418.7,31
1419.8,25
1420.8,11
1420.9,7
1420.9,16
1421.4,12
1421.8,14
1422.3,1
1422.4,2
1422.8,13
1423.5,39
1423.7,18
1423.8,3
1424.1,24
1424.6,0
1424.7,26
1424.8,22
1425.0,10
1425.3,33
1426.0,28
1426.9,6
1428.7,25
1429.2,30
1429.8,8
1430.4,4
1431.3,9
1431.4,17
1431.9,3
1432.0,36
1432.5,37
1432.6,26
1433.0,34
1433.1,14
1433.5,23
1433.7,16
1433.7,19
1434.0,31
1434.2,13
1434.5,27
1434.9,39
1435.0,11
1435.3,10
1436.3,35
1436.4,2
1436.8,0
1437.0,24
1437.5,5
1437.6,12
1438.0,18
1438.1,25
1439.3,28
1440.2,38
1440.5,26
1441.2,8
1441.4,3
1441.4,6
1441.4,16
1442.7,20
1445.3,31
1445.8,33
1446.1,1
1446.2,35
1446.3,25
1446.6,13
1446.9,10
1447.2,23
1447.3,17
1447.3,30
1447.7,0
1448.3,18
1448.5,24
1450.0,22
1450.3,4
1450.4,2
1450.6,16
1450.9,19
1451.1,3
1451.3,26
1452.0,8
1454.4,0
1454.7,36
1455.0,12
1455.5,14
1455.8,39
1457.2,29
1457.4,11
1457.4,25
1457.6,37
1457.8,28
1458.2,13
1458.4,33
1458.5,10
1459.6,35
1460.1,6
1460.2,26
1460.9,2
1461.0,34
1461.1,20
1461.2,8
1461.2,17
1461.7,3
1461.8,22
1461.9,16
1461.9,18
1461.9,19
1461.9,31
1461.9,23
1462.1,0
1462.6,24
1462.7,1
1467.4,25
1467.6,5
1468.7,27
1469.4,39
1471.0,12
1471.0,30
1471.1,31
1471.2,0
1471.2,7
1471.2,38
1471.3,36
1471.5,3
1471.5,13
1471.6,28
1471.7,4
1471.9,23
1472.3,37
1472.9,16
1472.9,18
1473.3,2
1473.6,26
1474.5,6
1475.2,11
1475.4,10
1476.2,1
1476.3,14
1476.6,8
1477.5,35
1477.7,17
1478.3,19
1478.7,24
1480.3,13
1480.4,22
1481.0,39
1481.2,5
1481.4,16
1481.4,25
1481.4,33
1482.5,0
1482.9,3
1485.6,12
1485.8,23
1486.1,10
1487.2,31
1487.6,25
1487.6,28
1488.3,18
1488.4,1
1488.5,2
1488.5,29
1489.2,24
1489.2,36
1489.6,27
1489.7,26
1489.9,3
1490.1,8
1490.3,11
1490.9,6
1491.0,34
1491.6,17
1492.0,21
1492.4,9
1492.5,35
1493.7,13
1494.6,0
1494.7,16
1496.2,22
1496.4,30
1496.4,39
1496.7,19
1496.9,15
1497.0,10
1497.3,14
1497.4,24
1498.1,3
1498.5,28
1499.2,8
1499.3,25
1499.4,31
1499.5,37
1500.1,18
1500.3,33
1500.9,23
1501.3,35
1503.3,26
1504.1,2
1504.6,38
1506.4,11
1506.5,13
1506.6,0
1507.2,17
1507.6,16
1507.7,7
1507.9,24
1508.1,25
1508.9,10
1509.0,4
1509.1,39
1509.2,12
1509.4,1
1509.6,9
1509.6,19
1509.6,28
1510.0,20
1511.3,3
1511.5,26
1511.6,8
1511.7,36
1514.4,18
1514.8,5
1515.1,31
1516.1,23
1517.7,22
1517.9,0
1518.2,2
1519.1,35
1519.2,13
1520.5,25
1521.5,3
1521.8,14
1522.2,4
1522.7,6
1522.7,16
1522.9,26
1523.2,8
1523.4,18
1524.2,12
1525.4,10
1526.2,1
1526.7,39
1526.9,36
1527.0,24
1527.7,11
1527.8,17
1527.9,2
1527.9,19
1529.0,30
1529.1,25
1529.1,29
1529.3,23
1529.4,31
1529.8,8
1530.0,13
1530.8,33
1531.4,37
1532.1,0
1532.3,28
1532.4,10
1532.4,35
1533.4,16
1533.5,3
1534.1,18
1535.7,39
1537.5,6
1537.9,25
1539.0,26
1539.1,15
1539.8,13
1540.0,4
1540.4,17
1541.5,8
1541.5,31
1542.0,22
1542.5,24
1542.7,18
1543.0,5
1543.0,28
1543.1,19
1544.1,7
1544.3,34
1544.6,2
1545.1,14
1546.1,11
1546.2,0
1546.4,3
1546.5,23
1546.9,35
1547.7,16
1549.1,25
1549.1,39
1550.8,30
1551.7,13
1551.7,36
1551.8,33
1552.3,20
1552.4,10
1552.8,12
1553.0,4
1553.3,6
1553.3,19
1553.6,8
1553.9,1
1553.9,37
1554.0,26
1554.2,17
1554.8,31
1555.0,22
1555.1,0
1555.7,24
1556.1,3
1556.3,25
1559.1,16
1559.3,2
1560.1,18
1560.6,29
1560.8,35
1561.0,28
1561.1,13
1562.9,14
1564.6,26
1564.7,8
1564.9,15
1565.7,23
1565.7,31
1566.0,11
1566.0,12
1566.1,22
1566.4,39
1566.7,3
1567.3,0
1567.7,25
1567.9,10
1568.1,19
1568.2,36
1568.6,18
1568.7,17
1570.2,24
1571.1,30
1571.6,38
1571.8,4
1571.9,1
1571.9,16
1573.0,27
1573.1,35
1573.8,5
1574.3,23
1574.5,6
1574.5,13
1574.7,25
1574.8,8
1575.4,37
1575.9,2
1576.5,33
1578.2,0
1578.2,11
1579.1,28
1579.6,10
1579.8,3
1580.6,19
1581.1,31
1581.8,39
1582.2,26
1582.6,16
1584.5,24
1584.7,18
1584.9,17
1585.3,35
1585.4,25
1586.8,2
1586.8,23
1587.1,13
1587.2,8
1587.6,30
1588.2,10
1588.2,14
1588.7,6
1589.0,3
1589.3,34
1590.8,1
1590.8,29
1591.2,0
1591.4,36
1591.8,26
1592.0,37
1592.1,16
1592.9,28
1594.6,18
1594.8,19
1595.3,8
1596.0,22
1596.0,24
1596.0,31
1596.1,20
1596.6,13
1596.8,33
1597.2,4
1597.3,25
1597.9,7
1598.0,12
1599.2,39
1599.6,2
1599.7,5
1600.7,0
1601.0,17
1601.4,23
1601.7,3
1601.8,14
1602.9,6
1603.0,18
1603.0,25
1603.2,10
1603.2,30
1603.8,13
1603.9,11
1605.0,16
1605.7,8
1606.8,35
1607.0,1
1607.3,28
1607.8,3
1608.1,26
1609.1,21
1609.8,32
1610.0,23
1610.2,33
1610.3,4
1610.6,25
1610.6,13
1610.8,39
1610.9,31
1611.9,24
1613.1,19
1613.3,11
1614.0,2
1614.2,27
1614.4,34
1614.5,10
1614.6,0
1614.6,16
1615.2,18
1615.2,22
1615.4,12
1615.8,36
1616.0,15
1616.4,29
1617.7,8
1618.5,35
1618.9,28
1620.0,26
1621.8,30
1621.9,3
1622.0,25
1622.5,38
1622.8,14
1623.0,0
1623.0,1
1623.1,23
1623.4,17
1623.8,18
1623.9,31
1624.2,13
1624.5,19
1624.6,37
1625.4,8
1626.3,24
1626.6,16
1627.4,6
1627.4,11
1627.8,39
1629.5,10
1630.4,36
1631.1,35
1632.1,2
1632.6,12
1632.6,26
1633.1,3
1633.2,0
1633.5,18
1633.5,25
1633.7,9
1634.3,4
1634.3,34
1634.9,13
1635.0,8
1636.6,7
1637.3,16
1637.3,22
1637.6,19
1637.8,5
1638.1,10
1638.2,28
1638.9,23
1639.0,29
1639.2,31
1639.9,6
1639.9,17
1640.6,24
1641.3,39
1642.9,11
1643.0,25
1643.4,8
1643.5,1
1644.3,18
1645.1,13
1645.9,14
1646.3,0
1646.3,33
1646.5,30
1647.0,3
1647.4,2
1647.6,28
1648.0,22
1648.1,26
1648.8,35
1649.6,12
1649.8,16
1649.8,39
1649.9,24
1650.7,15
1651.5,23
1652.2,10
1652.8,6
1653.2,13
1653.2,31
1653.5,25
1655.2,18
1655.3,19
1656.1,8
1656.8,17
1657.5,11
1657.7,0
1657.7,3
1657.9,26
1658.6,16
1658.9,2
1660.0,25
1660.2,39
1660.6,10
1663.0,24
1663.2,19
1663.2,37
1663.6,35
1664.4,20
1664.6,4
1664.8,36
1665.3,27
1665.5,1
1665.5,12
1665.5,28
1665.6,3
1665.8,8
1665.9,23
1666.1,33
1666.2,13
1666.2,14
1666.3,31
1667.1,26
1667.2,5
1667.9,16
1667.9,22
1669.1,10
1669.5,2
1669.7,25
1670.6,18
1670.6,24
1670.8,17
1671.6,0
1673.6,6
1675.2,33
1675.6,39
1676.6,13
1677.4,8
1677.6,23
1677.8,31
1678.0,7
1679.1,18
1679.2,14
1679.4,3
1679.9,11
1680.2,30
1680.2,38
1680.7,16
1681.0,26
1681.3,25
1681.6,5
1682.3,19
1682.3,22
1682.4,0
1682.5,10
1682.5,12
1682.9,35
1683.1,28
1683.4,1
1683.5,37
1683.9,2
1684.2,9
1684.6,21
1684.7,29
1684.8,4
1684.8,6
1685.2,3
1685.2,8
1685.2,24
1685.5,13
1686.7,20
1687.3,23
1689.0,39
1690.2,25
1690.8,18
1691.7,16
1692.0,26
1692.5,32
1693.2,10
1693.2,12
1693.9,22
1693.9,30
1694.3,0
1694.6,35
1694.7,8
1695.6,2
1696.2,3
1696.3,28
1696.8,36
1697.1,24
1697.5,11
1697.6,17
1697.9,13
1697.9,23
1698.1,19
1698.1,33
1698.4,14
1699.7,39
1699.9,34
1700.4,37
1700.8,31
1702.4,16
1702.9,18
1704.1,6
1704.2,8
1704.3,25
1704.6,26
1704.9,0
1705.1,24
1705.5,38
1705.9,2
1706.0,1
1706.0,3
1706.1,10
1706.1,23
1706.8,13
1710.4,28
1710.6,4
1711.1,30
1712.3,17
1713.1,16
1715.3,0
1715.3,22
1715.6,12
1715.8,18
1715.8,25
1715.8,27
1716.5,26
1716.6,19
1717.0,31
1717.4,14
1717.4,39
1717.6,7
1717.7,8
1717.8,35
1718.8,2
1718.8,20
1718.9,23
1719.0,28
1719.1,24
1720.4,5
1720.5,3
1720.6,11
1722.5,10
1723.7,13
1724.8,6
1724.8,33
1724.9,29
1725.5,25
1726.1,8
1726.6,37
1727.0,26
1727.5,17
1728.2,18
1728.3,16
1729.2,36
1730.3,3
1730.6,0
1730.6,19
1730.9,28
1731.2,34
1732.2,14
1732.3,12
1732.4,2
1732.7,24
1732.8,31
1733.3,10
1733.8,4
1734.6,13
1734.6,25
1734.9,35
1735.0,32
1736.1,30
1738.3,5
1738.3,39
1738.7,23
1738.8,18
1740.2,16
1740.5,0
1740.5,8
1740.7,11
1741.0,26
1742.1,9
1742.4,24
1742.6,1
1743.8,19
1744.4,3
1744.6,13
1744.9,22
1745.1,2
1745.4,14
1745.5,29
1745.7,25
1745.7,28
1746.2,31
1746.6,10
1747.0,7
1747.4,27
1748.4,26
1748.8,8
1749.7,12
1750.0,20
1750.1,17
1750.2,38
1750.4,18
1751.0,33
1752.5,6
1752.8,0
1752.8,16
1754.8,13
1755.3,25
1755.4,35
1755.7,36
1756.0,30
1756.2,3
1757.1,14
1757.6,10
1758.1,23
1758.7,11
1758.9,24
1759.1,19
1759.8,39
1760.3,37
1760.4,4
1760.4,31
1760.7,8
1761.0,1
1761.1,5
1761.2,2
1761.5,28
1762.1,18
1762.6,26
1763.7,17
1764.4,0
1764.6,3
1766.0,13
1766.1,16
1766.2,25
1766.6,22
1770.1,23
1771.2,12
1771.6,24
1771.8,39
1772.0,36
1772.1,2
1772.2,8
1772.3,17
1772.5,15
1772.5,18
1772.5,30
1772.7,1
1772.7,10
1772.7,35
1773.1,4
1773.1,33
1773.5,11
1773.6,19
1774.0,28
1774.3,26
1774.6,14
1774.7,29
1774.8,0
1775.0,3
1775.1,25
1775.7,13
1775.7,16
1778.1,6
1780.2,34
1781.5,8
1784.1,24
1784.3,38
1784.5,31
1784.6,25
1784.8,3
1785.2,39
1785.3,19
1785.5,10
1785.5,37
1785.6,22
1786.0,5
1786.6,0
1786.6,23
1786.7,26
1787.0,17
1787.5,35
1787.8,16
1788.0,2
1789.8,12
1790.3,27
1790.9,6
1791.0,8
1792.1,18
1792.5,13
1793.7,28
1794.0,3
1795.7,25
1795.8,2
1798.4,11
1798.4,24
1798.7,23
1798.9,18
1799.0,31
1799.2,10
1799.2,26
1799.3,13
1799.5,35
1799.8,30
1800.2,0
1800.4,33
1800.6,14
1801.5,17
1801.6,19
1801.7,16
1802.0,1
1802.0,3
1802.4,39
1802.9,37
1803.1,38
1803.6,29
1804.0,22
1804.3,12
1804.5,8
1806.6,6
1807.3,4
1807.9,2
1808.2,28
1809.1,25
1811.2,3
1811.4,26
1811.5,13
1811.6,11
1811.8,36
1812.0,0
1812.2,10
1813.4,34
1813.8,24
1814.8,39
1815.0,9
1815.0,35
1815.4,30
1816.0,18
1816.4,8
1816.7,23
1817.4,19
1817.7,31
1817.9,25
1818.6,12
1818.6,28
1820.0,16
1820.1,5
1820.1,6
1820.3,2
1820.4,3
1820.4,37
1820.6,13
1820.8,27
1821.3,14
1821.3,33
1821.5,26
1823.3,22
1824.6,0
1824.8,24
1826.0,35
1826.4,1
1826.5,17
1828.2,10
1828.2,23
1828.3,39
1828.4,25
1830.4,19
1831.4,8
1832.0,13
1832.0,18
1832.6,16
1834.0,37
1834.1,3
1834.2,0
1834.2,26
1834.7,11
1835.1,20
1835.4,33
1835.5,24
1835.6,4
1835.7,2
1836.0,25
1837.7,28
1838.0,31
1838.3,10
1839.3,3
1840.6,5
1840.6,29
1840.7,12
1841.0,13
1841.5,32
1841.7,8
1841.7,35
1842.5,2
1842.5,24
1842.5,38
1843.1,34
1843.2,18
1844.3,22
1844.8,25
1845.6,26
1845.9,0
1846.7,16
1847.1,17
1847.7,39
1848.4,19
1848.9,6
1849.2,30
1850.0,1
1850.5,7
1850.9,3
1851.7,23
1851.8,14
1851.9,33
1852.5,10
1853.2,24
1853.3,13
1853.8,8
1853.9,18
1854.3,11
1854.3,22
1855.9,26
1856.4,12
1856.7,25
1856.8,0
1857.7,30
1857.8,31
1858.4,2
1859.0,28
1860.2,4
1860.6,16
1861.5,3
1861.9,36
1862.0,9
1862.2,6
1862.5,39
1862.8,19
1863.3,17
1863.8,33
1864.5,10
1864.9,8
1865.0,13
1865.0,23
1865.1,35
1865.3,37
1865.9,25
1866.3,2
1866.3,38
1866.4,29
1866.6,18
1866.6,26
1866.9,24
1867.1,39
1867.3,1
1867.6,31
1868.3,15
1869.1,12
1870.9,19
1871.3,3
1872.6,5
1872.7,6
1873.7,0
1874.1,13
1874.6,10
1874.8,16
1875.0,26
1876.0,28
1876.6,8
1877.7,39
1878.6,11
1878.8,24
1879.0,2
1879.6,3
1880.7,14
1880.8,25
1881.6,0
1882.1,18
1883.8,31
1884.4,17
1884.4,36
1884.6,22
1884.7,30
1884.8,13
1885.1,12
1885.5,6
1885.5,19
1885.6,35
1887.2,29
1887.4,26
1887.7,33
1888.1,23
1888.3,10
1889.4,34
1889.6,16
1889.8,4
1889.9,8
1890.7,3
1891.3,28
1891.4,1
1892.4,0
1893.0,2
1893.1,25
1893.6,32
1894.3,13
1894.7,37
1895.8,5
1895.9,39
1896.4,23
1896.6,19
1897.0,24
1897.0,26
1897.3,10
1898.2,18
1898.9,6
1898.9,20
1899.2,27
1899.7,31
1899.9,9
1899.9,35
1900.2,12
1900.2,17
1900.5,0
1901.0,36
1901.2,8
1901.2,28
1901.9,25
1902.4,16
1903.1,11
1904.0,14
1904.1,4
1904.6,38
1904.8,3
1905.3,24
1906.2,18
1906.7,2
1907.0,33
1907.5,7
1907.5,10
1907.8,8
1909.4,35
1909.7,0
1910.5,13
1910.5,26
1910.9,30
1911.3,1
1912.2,23
1912.4,22
1912.8,17
1913.3,25
1913.6,4
1913.6,16
1913.9,19
1913.9,28
1914.2,39
1915.2,3
1919.1,26
1919.8,10
1920.0,13
1920.3,2
1920.4,0
1920.6,5
1921.0,37
1921.3,12
1921.4,31
1921.5,24
1921.5,35
1921.8,23
1921.9,11
1922.4,16
1922.6,18
1923.8,8
1923.9,9
1924.3,30
1924.3,36
1924.4,6
1924.6,14
1924.7,19
1924.7,25
1926.7,39
1927.6,28
1928.1,29
1928.5,26
1930.0,2
1930.8,0
1931.2,3
1931.8,27
1931.9,19
1932.8,10
1933.4,31
1934.4,1
1934.9,25
1935.0,8
1935.9,17
1936.7,33
1937.2,11
1937.2,24
1937.3,18
1937.6,36
1937.7,13
1938.4,22
1939.0,4
1939.1,20
1939.2,23
1939.3,34
1940.1,16
1940.8,35
1941.4,7
1941.5,19
1941.6,3
1942.0,39
1942.6,10
1942.6,14
1942.7,26
1943.4,2
1945.7,28
1945.8,0
1945.9,9
1946.0,12
1946.1,25
1946.3,29
1947.5,18
1947.6,8
1947.7,31
1947.7,37
1948.4,5
1948.7,17
1949.2,3
1950.4,24
1951.4,23
1951.5,13
1953.3,35
1955.0,11
1955.1,0
1955.3,16
1955.7,38
1955.9,2
1955.9,4
1955.9,19
1955.9,26
1956.1,10
1956.6,22
1956.7,39
1957.0,28
1957.3,30
1958.1,8
1959.3,14
1960.0,12
1960.4,25
1962.1,3
1964.1,6
1964.2,13
1964.2,18
1965.0,7
1965.2,10
1965.4,17
1965.8,31
1965.9,24
1967.3,23
1967.6,8
1967.6,16
1967.6,28
1967.7,11
1968.4,26
1968.6,0
1969.3,22
1969.3,25
1969.3,33
1969.5,36
1969.7,2
1971.0,20
1971.5,27
1971.9,35
1972.2,3
1972.5,13
1973.0,5
1973.4,18
1973.5,19
1973.6,39
1976.0,14
1976.7,8
1977.7,9
1978.6,6
1979.9,23
1980.2,24
1980.3,10
1980.5,28
1980.7,29
1980.8,2
1981.4,16
1981.9,25
1982.1,26
1982.2,12
1983.5,13
1984.9,11
1985.6,8
1985.6,31
1986.1,0
1986.1,17
1986.2,30
1986.7,19
1986.8,35
1987.3,6
1987.3,37
1987.5,10
1987.7,3
1988.3,18
1988.4,1
1988.7,16
1988.9,23
1990.4,38
1991.2,28
1991.3,26
1991.3,33
1991.8,13
1992.4,25
1992.5,39
1993.0,22
1993.3,27
1994.2,24
1994.3,4
1996.5,8
1996.8,0
1997.5,11
1998.2,31
1998.8,12
1999.1,3
1999.4,14
1999.5,2
1999.6,10
1999.8,30
1999.8,36
2000.0,16
2000.2,19
2000.9,1
2001.5,18
2001.8,26
2001.8,35
2003.3,17
2003.5,0
2003.5,25
2003.6,6
2004.3,34
2004.7,13
2006.2,23
2006.3,37
2006.8,8
2007.0,28
2007.4,29
2007.9,10
2007.9,24
2009.2,11
2009.7,22
2011.4,18
2011.8,39
2012.8,31
2013.0,26
2013.3,19
2013.4,7
2013.6,5
2014.0,4
2014.3,3
2015.1,2
2015.3,36
2015.4,25
2015.5,33
2015.7,16
2017.1,13
2017.4,0
2017.4,17
2018.4,20
2018.6,35
2018.9,8
2020.1,24
2020.5,23
2020.7,12
2021.1,11
2021.3,6
2022.1,30
2022.8,26
2023.0,3
2023.2,25
2023.2,27
2023.5,39
2024.0,13
2024.1,14
2024.2,10
2024.4,18
2024.4,28
2025.8,37
2026.1,19
2029.0,0
2029.1,1
2029.1,2
2029.3,31
2029.5,8
2029.8,4
2030.0,16
2031.0,34
2031.6,24
2031.7,28
2032.3,35
2032.5,13
2032.6,3
2034.1,17
2034.4,25
2034.6,29
2034.9,26
2035.0,10
2035.0,18
2035.0,23
2036.2,22
2037.9,12
2037.9,33
2039.9,2
2040.9,19
2041.0,9
2041.1,39
2042.0,0
2042.3,31
2043.5,8
2044.0,24
2044.1,18
2044.1,28
2044.2,3
2044.7,4
2044.9,14
2045.3,16
2045.7,25
2046.0,13
2046.4,35
2046.7,11
2048.2,23
2048.9,6
2049.4,26
2049.9,1
2050.4,10
2050.5,37
2051.1,29
2051.2,30
2052.4,33
2052.6,24
2052.6,36
2053.1,13
2053.2,5
2053.3,2
2053.3,22
2053.4,17
2053.6,19
2053.9,15
2054.2,0
2054.6,39
2054.7,3
2054.7,38
2055.0,18
2055.0,25
2055.2,7
2055.6,21
2055.8,28
2055.9,4
2056.0,35
2056.2,16
2057.3,8
2057.9,26
2059.5,11
2059.6,23
2060.1,20
2060.5,12
2061.8,31
2062.2,3
2063.1,10
2063.3,25
2064.8,27
2065.6,14
2065.8,19
2067.1,0
2067.4,24
2067.4,26
2067.8,5
2067.8,16
2068.0,39
2068.1,13
2068.5,28
2068.6,6
2068.8,2
2069.5,8
2069.9,4
2070.0,23
2070.7,31
2072.0,37
2072.3,25
2072.4,29
2072.5,1
2072.9,3
2073.1,18
2073.5,0
2073.9,17
2074.9,30
2075.5,28
2076.1,33
2076.3,10
2078.1,35
2078.2,16
2078.3,38
2078.3,39
2078.7,11
2078.7,24
2078.8,2
2078.8,34
2079.3,22
2079.6,5
2079.6,12
2080.1,13
2080.1,26
2080.5,8
2081.0,14
2081.1,36
2081.4,20
2081.6,19
2081.9,7
2082.6,25
2084.4,9
2084.7,23
2085.7,3
2087.2,18
2087.4,31
2087.8,17
2088.5,30
2088.9,27
2089.3,26
2090.2,13
2090.7,0
2091.1,24
2091.2,8
2091.6,25
2092.1,4
2093.0,10
2093.0,39
2094.0,33
2094.5,16
2095.0,29
2095.1,3
2095.3,35
2095.8,1
2096.7,2
2096.8,19
2096.9,18
2097.0,13
2097.6,12
2097.7,6
2097.9,22
2097.9,37
2099.8,23
2100.0,28
2100.7,31
2101.2,11
2101.5,24
2102.3,5
2102.3,26
2102.4,36
2102.6,17
2103.3,10
2103.4,25
2104.6,13
2104.8,8
2106.3,19
2106.5,4
2106.6,32
2107.0,0
2107.6,6
2108.3,16
2109.2,3
2110.8,39
2111.4,18
2113.7,2
2113.7,25
2114.0,37
2114.3,26
2114.5,14
2114.6,8
2114.9,24
2115.2,12
2115.3,10
2116.3,9
2116.3,28
2116.4,35
2116.5,31
2117.0,11
2117.4,0
2117.5,13
2117.7,23
2117.7,29
2117.7,17
2117.9,16
2117.9,19
2119.0,33
2119.8,22
2120.0,1
2120.3,3
2121.1,34
2122.5,26
2122.7,39
2123.3,27
2124.8,2
2124.8,4
2124.8,30
2125.1,8
2125.3,18
2125.3,25
2126.1,6
2126.3,20
2126.8,14
2127.1,5
2127.7,0
2127.9,24
2129.0,11
2129.0,36
2129.5,38
2129.9,10
2130.2,17
2130.9,13
2131.9,3
2132.0,31
2132.6,16
2132.6,19
2133.3,23
2133.7,39
2134.8,28
2135.2,18
2135.3,26
2135.3,37
2136.5,7
2136.7,8
2137.2,0
2137.5,35
2137.7,32
2137.8,25
2138.6,24
2139.0,10
2139.8,2
2140.6,13
2143.4,34
2143.9,3
2144.6,8
2144.7,39
2144.8,12
2144.8,33
2144.9,5
2144.9,30
2145.0,23
2145.1,18
2145.5,17
2145.7,1
2145.7,14
2145.7,28
2145.7,31
2146.2,16
2146.5,4
2146.9,26
2148.7,6
2148.7,25
2148.9,0
2148.9,24
2149.7,9
2149.7,10
2150.8,27
2151.2,22
2151.2,19
2152.4,35
2154.1,13
2154.4,37
2154.5,2
2154.6,3
2154.6,23
2154.7,16
2154.8,15
2154.9,11
2155.0,18
2156.0,8
2157.3,30
2158.7,25
2158.8,6
2158.8,24
2159.2,28
2159.6,14
2159.8,36
2159.9,26
2160.5,29
2161.5,0
2162.8,12
2162.9,10
2162.9,39
2163.6,22
2164.5,17
2164.6,3
2164.6,31
2164.7,8
2164.9,1
2164.9,4
2165.3,18
2166.0,13
2166.0,19
2166.0,38
2167.0,33
2167.2,25
2167.5,23
2167.7,2
2167.8,26
2167.8,7
2168.9,16
2169.5,27
2170.4,28
2170.4,35
2171.3,24
2172.2,36
2173.3,8
2173.4,0
2174.1,39
2175.6,13
2175.6,18
2176.2,2
2177.1,3
2177.1,14
2177.6,11
2179.4,4
2179.4,5
2179.4,22
2179.8,10
2179.8,31
2180.4,25
2180.6,23
2180.7,29
2182.5,26
2182.6,6
2182.6,19
2183.1,13
2183.2,12
2183.4,0
2184.1,30
2184.2,8
2184.2,37
2184.6,28
2184.8,20
2185.3,16
2185.5,3
2185.7,25
2185.8,35
2186.1,24
2186.6,2
2187.2,15
2187.3,17
2188.8,33
2189.6,18
2189.7,26
2190.7,39
2190.8,13
2192.2,10
2192.2,1
2193.6,27
2193.8,34
2193.9,38
2194.2,25
2194.3,11
2194.3,22
2194.3,28
2194.8,31
2195.1,9
2195.4,29
2195.7,24
2195.9,16
2196.2,3
2196.3,2
2196.4,23
2196.8,8
2197.0,14
2197.2,17
2197.9,0
2198.3,19
2199.0,26
2200.0,10
2201.9,12
2202.5,13
2202.7,39
2202.9,4
2202.9,37
2203.0,35
2203.4,6
2203.4,36
2203.6,5
2203.7,30
2205.4,20
2205.4,23
2205.8,8
2205.9,25
2206.1,33
2206.6,16
2206.6,19
2206.9,18
2208.0,3
2208.2,0
2208.2,24
2210.1,26
2210.5,1
2211.1,2
2211.8,10
2212.0,17
2212.2,31
2213.7,11
2213.7,13
2214.0,28
2214.3,27
2214.9,15
2215.2,23
2215.9,35
2216.5,14
2216.6,25
2216.8,33
2217.2,7
2217.6,3
2217.9,39
2219.0,37
2219.2,19
2219.5,0
2220.4,16
2220.9,10
2221.2,8
2221.6,18
2222.0,24
2222.7,29
2222.9,13
2224.1,22
2224.4,2
2224.4,26
2224.9,36
2225.8,31
2225.9,30
2226.3,6
2226.4,17
2226.8,23
2227.7,25
2228.8,12
2230.5,4
2230.5,28
2231.0,8
2231.1,39
2231.2,3
2231.2,11
2231.5,18
2232.0,10
2232.0,35
2232.8,26
2233.1,0
2233.1,25
2233.5,5
2233.7,2
2233.9,13
2234.1,33
2234.6,19
2234.7,16
2235.5,24
2236.2,9
2239.6,3
2239.8,36
2240.0,12
2240.7,13
2240.7,20
2240.7,23
2241.0,35
2241.8,28
2242.5,0
2242.9,37
2243.4,8
2243.4,26
2243.6,16
2244.8,17
2245.5,6
2245.7,18
2245.9,10
2246.0,29
2246.2,22
2246.6,27
2247.2,14
2248.4,24
2248.8,2
2250.1,19
2250.3,3
2250.5,31
2250.7,4
2251.1,39
2251.4,1
2251.8,23
2251.8,13
2252.7,25
2252.8,12
2253.4,35
2254.3,7
2254.9,8
2257.1,26
2257.2,11
2257.2,16
2257.3,0
2257.3,22
2257.9,18
2257.9,28
2258.5,17
2258.8,30
2258.8,33
2259.0,5
2259.5,38
2259.7,19
2259.8,3
2260.3,23
2260.3,25
2260.5,10
2260.6,2
2261.3,24
2261.5,13
2262.0,31
2262.2,8
2264.3,4
2265.5,6
2266.3,29
2266.5,27
2266.7,39
2266.9,1
2266.9,0
2267.1,16
2267.2,35
2268.6,36
2270.1,26
2270.4,8
2270.5,11
2270.7,19
2271.9,12
2271.9,30
2272.6,34
2272.6,37
2272.7,2
2273.8,14
2274.0,25
2274.1,13
2275.2,28
2275.3,3
2276.0,16
2276.2,24
2276.8,18
2277.0,8
2277.3,23
2277.8,0
2278.1,9
2278.4,17
2278.7,10
2279.9,39
2280.3,5
2280.4,22
2280.5,31
2281.2,26
2281.9,2
2282.9,19
2284.2,13
2284.5,24
2284.6,35
2284.8,4
2284.8,25
2285.3,3
2285.6,28
2286.0,8
2286.0,23
2286.2,20
2286.7,16
2287.2,12
2287.7,6
2287.8,18
2288.1,14
2288.1,33
2289.0,10
2290.2,11
2290.3,25
2290.4,0
2290.7,29
2291.0,19
2291.1,39
2291.2,17
2291.5,30
2293.5,24
2294.2,22
2294.8,26
2295.9,36
2296.3,1
2296.3,3
2296.3,8
2297.8,35
2298.1,38
2298.3,27
2299.3,13
2299.6,2
2299.6,25
2300.6,21
2300.9,0
2301.0,6
2301.0,28
2301.6,23
2303.8,3
2304.4,31
2304.6,18
2305.7,12
2306.0,8
2306.0,10
2306.5,24
2306.5,26
2306.9,11
2307.3,16
2307.5,37
2308.0,25
2308.0,39
2308.4,17
2308.8,19
2308.8,4
2309.4,35
2310.0,33
2310.1,34
2310.7,3
2310.7,9
2310.9,0
2311.8,30
2312.1,13
2312.3,2
2312.3,5
2312.6,22
2313.0,36
2316.1,26
2317.1,8
2317.2,16
2318.4,10
2318.4,39
2319.1,0
2319.5,23
2319.7,25
2320.2,13
2320.2,18
2320.2,24
2320.3,31
2320.6,3
2320.8,12
2320.9,14
2320.9,29
2321.0,20
2322.0,28
2322.4,2
2322.6,35
2322.9,11
2324.5,7
2325.4,19
2325.6,8
2326.1,26
2326.7,10
2326.8,33
2327.0,4
2327.1,38
2328.6,16
2328.7,6
2329.8,17
2330.4,25
2330.6,18
2330.6,36
2331.1,13
2331.1,23
2331.9,3
2333.2,1
2333.2,24
2333.2,35
2333.5,2
2333.5,27
2334.1,28
2334.5,30
2334.5,39
2335.1,0
2335.2,37
2335.8,8
2336.3,5
2337.7,12
2338.7,14
2339.6,26
2341.0,10
2341.0,31
2341.1,13
2341.1,25
2341.3,18
2342.2,4
2342.3,22
2343.6,3
2343.7,8
2343.9,0
2343.9,19
2344.0,35
2344.8,39
2345.4,16
2345.4,1
2345.9,11
2346.2,30
2347.2,2
2347.2,28
2348.6,25
2348.8,23
2349.4,24
2349.7,17
2350.8,26
2350.9,18
2352.2,10
2353.0,13
2353.0,32
2353.4,12
2353.7,16
2353.8,37
2354.0,29
2354.5,33
2354.5,35
2354.6,6
2354.7,20
2355.0,3
2355.0,25
2355.0,36
2355.3,31
2355.8,7
2356.0,0
2356.3,14
2357.4,8
2357.5,2
2358.3,26
2358.7,13
2359.3,5
2359.9,24
2360.0,11
2360.1,19
2360.2,10
2362.5,39
2362.6,4
2362.6,23
2363.5,28
2364.4,27
2364.6,3
2364.6,17
2364.8,33
2365.5,34
2365.8,9
2366.7,18
2367.1,22
2367.7,31
2367.7,16
2367.7,30
2368.9,2
2369.1,8
2370.6,0
2370.7,26
2371.0,25
2371.8,12
2372.2,39
2372.7,38
2372.8,5
2373.1,24
2373.6,13
2373.8,10
2373.8,1
2374.2,35
2374.7,6
2374.7,7
2376.2,3
2376.3,19
2376.4,4
2376.4,17
2376.5,28
2376.6,23
2376.8,14
2377.0,8
2377.4,18
2377.6,29
2377.8,21
2377.8,37
2377.9,11
2377.9,16
2378.3,25
2379.9,26
2382.4,0
2382.6,35
2383.2,13
2383.9,24
2384.2,31
2384.4,22
2384.6,20
2384.9,39
2385.8,10
2386.5,12
2386.5,16
2386.9,2
2387.3,18
2390.0,26
2390.8,4
2390.9,19
2391.8,25
2392.3,32
2392.5,1
2392.5,6
2393.4,8
2393.6,30
2393.9,28
2393.9,33
2394.0,13
2394.0,37
2394.1,3
2394.1,23
2394.3,5
2394.5,36
2394.7,18
2394.9,39
2395.5,0
2397.0,11
2397.6,2
2399.2,10
2399.5,35
2399.5,15
2399.9,16
2400.1,24
2400.1,31
2401.0,26
2401.5,17
2401.8,8
2403.4,3
2403.4,25
2403.8,14
2405.5,18
2406.0,28
2406.1,19
2406.9,0
2407.2,13
2407.5,2
2407.9,12
2408.5,20
2408.5,29
2408.6,34
2408.8,23
2409.1,33
2409.2,1
2410.2,24
2411.6,4
2411.7,6
2412.5,8
2412.5,10
2412.6,17
2413.6,26
2414.0,3
2414.6,16
2414.7,18
2415.5,39
2415.7,22
2416.3,30
2416.5,25
2416.5,35
2417.0,13
2417.1,37
2417.2,5
2417.2,38
2417.3,0
2417.3,11
2419.5,31
2420.6,36
2422.4,24
2422.5,23
2422.7,9
2423.2,2
2423.9,3
2424.1,26
2424.5,25
2424.8,12
2425.0,13
2425.3,39
2425.5,6
2425.6,19
2426.1,4
2426.2,28
2426.9,8
2427.8,11
2428.1,10
2428.8,16
2429.1,7
2429.2,0
2429.6,14
2429.9,33
2430.0,17
2430.2,27
2430.2,29
2431.0,18
2431.9,26
2431.9,35
2432.9,24
2434.0,5
2434.1,25
2434.5,37
2434.8,13
2436.3,8
2436.5,31
2436.9,36
2438.5,2
2438.6,3
2439.3,1
2439.3,28
2439.3,39
2439.9,23
2440.2,0
2441.2,6
2441.8,19
2442.4,30
2443.9,26
2445.0,24
2446.2,17
2446.4,22
2446.5,14
2446.6,25
2446.8,8
2446.8,10
2447.0,13
2447.1,12
2448.8,0
2448.8,16
2449.5,18
2450.6,4
2451.5,37
2452.1,31
2452.1,2
2452.1,20
2453.2,19
2453.6,3
2453.6,35
2453.9,23
2454.0,7
2454.8,33
2455.1,28
2455.5,26
2455.6,39
2456.1,13
2456.3,10
2456.5,27
2456.9,8
2456.9,38
2457.9,1
2458.7,25
2458.9,2
2459.1,6
2459.8,9
2460.7,16
2460.8,14
2461.0,18
2461.2,32
2461.5,11
2461.8,0
2461.8,24
2462.5,5
2463.1,8
2463.2,4
2463.5,31
2463.6,26
2465.2,13
2465.7,3
2466.2,30
2466.8,10
2467.3,22
2467.7,12
2468.0,20
2468.3,36
2470.6,35
2470.7,23
2470.7,25
2470.8,29
2470.8,38
2470.9,0
2472.3,39
2472.4,18
2472.6,19
2473.0,28
2473.5,17
2475.2,37
2475.3,2
2475.6,3
2475.7,1
2475.7,16
2476.2,11
2476.5,8
2476.5,13
2476.7,6
2476.8,7
2477.0,26
2477.3,31
2478.1,14
2478.3,33
2479.0,4
2479.9,12
2480.0,10
2480.5,0
2481.1,25
2481.3,27
2482.5,35
2483.1,18
2483.1,39
2483.8,24
2485.3,23
2485.7,8
2486.2,2
2486.6,19
2486.6,3
2486.6,17
2486.9,26
2487.9,10
2488.3,25
2488.7,28
2489.6,16
2489.9,0
2490.5,13
2490.6,38
2491.9,24
2492.7,2
2494.2,6
2494.6,12
2495.0,36
2495.1,14
2495.2,5
2495.2,30
2495.2,31
2496.5,33
2496.8,35
2496.9,8
2497.0,34
2497.1,11
2497.2,18
2497.3,13
2497.4,29
2497.8,26
2498.1,39
2498.4,25
2498.5,19
2498.6,16
2499.0,4
2500.5,0
2500.5,3
2500.7,37
2500.9,10
2501.6,24
2502.7,28
2503.2,17
2504.6,9
2504.9,2
2505.3,25
2506.7,23
2507.7,26
2507.9,39
2508.5,18
2508.8,8
2509.8,12
2509.8,13
2509.8,31
2509.8,33
2510.1,16
2510.3,7
2510.7,10
2511.3,3
2511.3,24
2511.6,35
2512.5,4
2512.5,28
2513.4,0
2514.0,30
2515.5,19
2515.7,25
2515.8,6
2516.3,26
2516.5,5
2516.6,10
2517.6,22
2517.9,27
2518.1,23
2518.2,2
2518.4,8
2519.0,1
2520.0,3
2520.1,36
2520.5,17
2520.6,29
2521.8,11
2522.2,16
2522.9,39
2523.0,18
2523.3,14
2524.2,31
2524.5,0
2524.5,13
2524.7,28
2524.9,24
2525.1,25
2526.1,5
2526.2,12
2527.3,26
2527.7,37
2528.1,8
2529.2,23
2529.4,10
2529.5,35
2530.4,6
2530.4,19
2530.8,38
2530.8,3
2531.7,32
2533.3,2
2533.3,4
2533.7,0
2533.8,13
2533.8,24
2534.0,18
2534.8,20
2534.8,25
2536.0,7
2536.1,12
2536.4,16
2536.9,23
2537.3,3
2537.3,31
2537.5,8
2538.0,26
2538.2,11
2538.2,33
2538.7,34
2539.4,39
2539.9,28
2540.5,27
2541.0,30
2541.1,10
2541.1,14
2541.8,19
2542.0,36
2542.6,17
2542.7,24
2543.7,16
2544.7,22
2544.8,13
2545.4,6
2546.0,35
2546.0,18
2546.3,25
2546.5,3
2546.7,5
2547.1,0
2547.3,26
2547.4,1
2548.2,37
2548.3,12
2548.6,8
2549.8,4
2550.0,2
2550.0,10
2551.2,23
2553.8,16
2554.1,0
2554.4,31
2554.5,19
2555.2,13
2555.7,39
2556.3,24
2556.7,11
2556.9,25
2557.5,18
2557.9,29
2558.2,33
2558.2,8
2558.8,35
2559.9,2
2560.1,12
2560.2,15
2560.4,17
2560.5,6
2560.6,3
2560.8,26
2561.1,28
2561.4,31
2564.9,16
2564.9,10
2565.1,19
2565.4,4
2565.6,25
2565.7,0
2565.7,39
2565.9,13
2566.4,37
2566.7,22
2567.2,14
2567.5,23
2568.3,12
2568.5,26
2568.6,27
2570.3,21
2570.4,8
2572.7,3
2573.0,18
2573.2,6
2574.0,30
2574.3,2
2574.8,13
2574.8,36
2575.2,28
2575.2,31
2575.3,5
2575.5,7
2575.7,23
2576.0,24
2576.3,25
2576.4,10
2576.5,34
2576.7,17
2577.3,0
2577.6,8
2578.4,16
2578.7,35
2579.1,39
2580.3,19
2580.9,26
2581.1,3
2581.4,1
2581.6,33
2582.1,11
2582.2,12
2582.3,32
2584.0,25
2584.1,38
2585.2,30
2585.2,37
2586.1,10
2586.7,0
2587.7,17
2587.8,2
2588.3,18
2588.6,4
2588.9,8
2588.9,13
2589.2,24
2589.5,23
2589.7,26
2590.2,31
2590.2,19
2590.5,14
2590.6,16
2590.9,39
2591.3,22
2591.7,6
2592.5,28
2594.7,25
2596.0,34
2596.3,3
2596.3,20
2597.4,10
2597.4,17
2597.5,12
2597.5,30
2598.1,15
2599.4,8
2599.9,29
2600.9,19
2601.3,0
2601.4,24
2601.7,13
2602.4,2
2602.4,35
2603.1,16
2603.4,11
2603.9,14
2603.9,18
2604.0,23
2604.0,31
2604.2,37
2604.3,26
2604.4,39
2604.7,25
2604.9,5
2605.3,17
2605.5,3
2606.1,33
2606.2,9
2607.2,28
2607.4,4
2607.6,12
2608.1,7
2608.5,10
2609.3,0
2610.9,18
2610.9,24
2612.2,8
2613.0,13
2613.0,19
2613.6,27
2614.4,1
2614.6,36
2614.6,17
2614.8,22
2614.9,2
2615.0,3
2615.6,16
2615.9,20
2616.2,6
2616.4,37
2617.4,31
2617.5,25
2618.9,0
2618.9,32
2619.0,14
2619.1,23
2619.4,35
2619.7,39
2620.0,18
2620.1,11
2620.5,26
2620.5,28
2621.0,24
2621.7,10
2621.7,30
2621.7,33
2622.2,29
2623.6,13
2623.8,2
2624.5,8
2625.2,4
2625.2,38
2625.8,31
2626.0,19
2627.4,25
2627.4,16
2627.9,39
2628.2,17
2628.4,3
2628.6,15
2629.2,5
2629.4,0
2629.6,12
2632.2,24
2632.3,1
2632.3,23
2633.7,18
2633.7,35
2634.8,26
2634.8,34
2635.1,13
2635.2,11
2636.3,10
2636.6,6
2636.8,25
2637.7,22
2638.1,2
2638.3,8
2639.0,28
2639.3,14
2640.3,0
2640.3,19
2640.5,37
2641.2,31
2641.7,3
2642.1,26
2642.3,17
2642.8,5
2642.8,39
2643.4,16
2644.2,4
2644.7,33
2644.9,25
2645.1,24
2645.9,38
2646.1,1
2646.1,13
2646.8,23
2647.5,0
2647.6,18
2647.9,36
2648.0,12
2648.1,2
2648.3,11
2648.5,10
2651.2,3
2653.7,8
2653.8,19
2653.9,35
2654.0,25
2654.1,26
2654.4,28
2654.8,31
2655.4,6
2656.0,20
2656.0,39
2656.3,16
2657.0,30
2657.2,13
2657.5,29
2657.7,14
2658.2,22
2658.2,24
2658.5,18
2659.7,23
2659.7,33
2660.0,3
2660.1,15
2660.3,0
2660.5,2
2660.7,10
2660.9,37
2661.1,21
2661.7,8
2661.7,25
2662.9,17
2663.1,7
2663.1,11
2663.4,36
2664.0,19
2664.5,27
2664.8,26
2664.9,35
2665.9,28
2667.5,5
2667.5,16
2667.5,24
2667.8,13
2668.4,0
2668.4,6
2669.5,4
2670.1,39
2670.4,31
2671.4,11
2671.9,14
2672.0,17
2672.0,18
2672.2,12
2672.3,1
2673.7,23
2674.1,2
2674.3,3
2675.2,10
2675.3,29
2675.6,25
2675.6,16
2676.0,30
2676.5,26
2676.8,8
2676.8,22
2677.3,13
2677.6,38
2679.0,19
2680.0,39
2680.7,11
2681.9,24
2683.4,0
2683.7,28
2683.8,18
2684.1,36
2684.2,3
2684.2,23
2684.6,12
2684.8,13
2684.9,4
2687.1,26
2687.3,37
2687.8,31
2688.5,33
2689.1,6
2689.3,8
2689.6,32
2689.7,25
2689.7,35
2689.9,16
2690.4,24
2690.5,2
2690.5,5
2691.3,17
2691.9,30
2692.7,1
2693.6,0
2693.7,19
2693.9,10
2696.3,13
2697.3,3
2697.3,39
2698.3,8
2698.3,18
2698.8,22
2698.9,26
2699.2,23
2699.7,24
2700.0,28
2700.3,0
2700.3,12
2701.7,2
2703.0,25
2703.5,14
2704.3,35
2704.9,3
2705.3,10
2705.4,20
2706.1,19
2706.1,31
2706.7,6
2706.9,16
2707.4,4
2707.6,11
2707.9,13
2708.2,37
2709.8,18
2710.6,8
2710.7,32
2710.8,33
2711.4,26
2711.6,17
2712.0,36
2712.2,39
2712.7,25
2713.3,10
2713.5,24
2714.1,23
2714.3,29
2715.7,1
2716.0,0
2716.7,3
2718.1,2
2718.6,16
2718.6,18
2719.0,13
2719.0,28
2719.7,8
2720.6,6
2720.9,11
2721.1,31
2721.8,19
2721.9,12
2722.1,4
2722.2,14
2723.8,25
2724.2,23
2724.4,7
2725.2,13
2725.3,37
2725.4,26
2725.6,33
2726.2,22
2726.3,0
2726.4,39
2727.1,5
2727.2,35
2729.4,3
2730.5,31
2730.5,17
2730.8,8
2730.8,16
2731.1,24
2731.2,10
2731.4,36
2731.5,30
2731.8,2
2731.8,18
2732.0,27
2732.0,34
2732.2,28
2732.8,15
2732.8,25
2733.2,9
2733.3,29
2733.4,12
2733.4,26
2735.6,13
2738.0,19
2738.1,39
2739.0,28
2739.3,4
2739.3,23
2739.8,22
2739.9,33
2740.0,11
2740.4,0
2740.7,26
2740.9,8
2740.9,14
2741.2,35
2741.4,3
2742.3,21
2742.7,16
2742.8,6
2742.8,10
2743.2,1
2743.7,25
2744.6,30
2745.3,13
2746.2,2
2747.3,31
2747.6,19
2748.5,29
2749.3,17
2749.6,38
2750.5,39
2751.3,0
2751.8,24
2752.0,23
2752.4,16
2752.6,18
2753.2,26
2753.6,36
2754.1,12
2754.2,8
2754.9,25
2755.6,1
2755.6,6
2755.6,20
2755.9,10
2756.4,33
2757.1,37
2757.2,28
2757.4,13
2757.7,35
2757.8,0
2757.9,3
2757.9,14
2758.7,5
2758.9,27
2759.3,26
2759.3,34
2760.5,11
2761.7,4
2762.2,19
2763.5,8
2763.8,16
2764.4,24
2764.9,23
2765.4,31
2765.5,2
2765.9,25
2768.4,39
2768.6,3
2768.6,18
2769.7,10
2769.7,17
2769.9,0
2770.0,38
2771.0,36
2771.6,6
2771.8,7
2772.0,30
2772.1,13
2772.1,22
2772.3,28
2772.4,26
2772.7,24
2774.3,12
2775.1,11
2775.5,8
2775.7,19
2775.9,4
2776.2,39
2776.4,35
2776.7,31
2777.2,1
2777.4,16
2777.7,23
2777.7,25
2778.7,18
2779.8,2
2779.8,14
2780.6,3
2782.5,0
2782.8,13
2782.8,27
2782.9,10
2783.1,37
2784.6,26
2784.6,33
2784.9,28
2785.4,29
2785.5,24
2785.9,22
2786.4,19
2786.7,8
2786.9,11
2787.3,3
2788.2,20
2788.4,35
2788.7,2
2788.7,23
2788.9,17
2788.9,25
2789.8,6
2790.3,4
2790.5,18
2792.1,10
2793.4,0
2793.7,13
2793.7,16
2793.8,1
2794.2,26
2795.5,39
2795.7,30
2795.9,19
2796.5,7
2797.0,38
2797.2,31
2798.1,8
2798.1,37
2798.4,28
2798.5,34
2798.9,23
2798.9,24
2799.3,12
2799.4,11
2799.5,20
2799.5,36
2799.9,3
2800.1,18
2800.2,35
2800.6,5
2800.8,14
2801.5,0
2801.7,2
2804.0,22
2804.7,25
2806.9,9
2807.6,17
2807.7,4
2807.9,13
2808.1,33
2808.2,16
2808.8,10
2809.0,31
2809.4,1
2809.9,24
2810.0,25
2810.3,23
2810.4,26
2811.9,0
2812.3,3
2812.3,19
2813.4,8
2815.3,12
2816.5,6
2817.2,22
2817.2,39
2817.4,13
2817.6,18
2817.7,2
2817.7,28
2818.1,16
2818.5,27
2819.1,37
2819.7,11
2820.2,32
2820.3,0
2820.4,33
2820.4,35
2820.7,3
2820.9,23
2821.0,17
2821.7,25
2821.7,29
2821.8,31
2822.0,19
2822.4,24
2822.5,14
2824.0,8
2824.4,26
2824.6,10
2825.2,4
2826.1,30
2826.3,1
2826.7,13
2829.7,25
2830.4,22
2830.8,2
2831.4,39
2832.1,11
2832.9,0
2832.9,5
2832.9,34
2833.0,13
2833.1,3
2833.1,8
2833.2,38
2833.4,36
2833.5,18
2833.5,26
2833.7,28
2834.7,23
2835.0,35
2835.9,31
2836.0,17
2837.2,10
2838.2,19
2838.7,24
2839.1,37
2839.3,16
2839.5,12
2841.0,25
2841.5,33
2841.8,8
2841.8,26
2841.9,14
2842.4,29
2843.3,3
2843.8,13
2844.3,28
2844.5,2
2845.2,0
2845.7,20
2846.2,4
2846.3,18
2846.3,7
2846.6,23
2846.9,6
2847.5,35
2848.8,11
2849.0,39
2849.8,1
2850.7,13
2851.5,14
2851.7,25
2851.7,31
2853.1,24
2853.2,22
2853.6,10
2853.9,3
2854.5,8
2855.5,38
2856.5,16
2856.5,19
2856.7,0
2857.0,4
2857.2,17
2857.7,26
2858.0,13
2858.3,36
2858.8,27
2858.8,39
2859.4,2
2859.4,5
2859.7,12
2860.0,23
2860.3,24
2860.8,25
2861.6,28
2862.0,18
2862.8,6
2863.4,8
2863.4,29
2863.4,35
2865.1,26
2865.2,3
2866.0,10
2867.5,37
2869.0,19
2869.9,17
2871.1,25
2871.8,16
2871.9,31
2872.0,0
2872.9,30
2873.1,2
2873.4,13
2873.6,22
2873.8,39
2874.7,23
2874.9,10
2875.0,4
2875.2,28
2876.3,8
2876.5,36
2876.6,3
2876.6,33
2876.8,26
2877.1,1
2877.1,15
2877.2,24
2877.3,32
2877.3,35
2878.8,11
2878.8,12
2879.0,0
2879.2,37
2879.9,18
2880.3,2
2880.4,16
2880.4,30
2882.0,13
2883.3,19
2883.4,25
2884.4,6
2886.2,3
2886.9,9
2888.0,39
2888.4,10
2888.5,4
2888.7,8
2888.8,18
2889.3,34
2889.5,14
2889.6,5
2889.6,29
2890.2,26
2890.2,28
2890.4,36
2890.5,17
2890.8,11
2891.0,0
2891.2,31
2892.2,25
2892.4,13
2893.2,12
2893.9,24
2894.2,1
2894.5,7
2894.9,23
2895.0,35
2895.1,16
2896.2,39
2896.3,19
2897.4,2
2899.1,3
2899.2,8
2901.1,37
2901.2,0
2901.6,10
2901.7,24
2901.8,30
2901.8,26
2901.8,28
2902.0,14
2902.6,27
2903.3,22
2903.5,23
2903.7,25
2903.9,33
2903.9,38
2904.1,5
2904.6,13
2904.6,32
2904.8,17
2906.3,6
2906.4,4
2907.0,18
2907.2,31
2907.9,16
2908.2,2
2908.7,11
2908.7,29
2908.8,8
2909.1,39
2909.6,26
2909.9,36
2911.2,19
2911.4,25
2911.7,3
2911.9,35
2912.3,10
2912.4,20
2912.5,0
2912.6,24
2912.8,1
2913.4,17
2914.2,37
2914.9,13
2916.8,12
2917.7,14
2919.0,16
2919.1,4
2919.3,38
2919.5,6
2919.5,28
2920.0,23
2920.0,31
2920.7,3
2920.9,8
2921.6,2
2922.0,25
2922.3,33
2922.6,26
2922.7,0
2922.7,19
2922.9,39
2924.4,18
2926.0,24
2927.3,23
2927.4,10
2927.4,17
2928.2,13
2928.8,12
2929.0,11
2929.3,25
2929.7,29
2930.2,36
2930.3,16
2931.0,0
2932.1,3
2932.4,8
2932.5,31
2933.8,35
2934.0,30
2934.9,2
2934.9,22
2934.9,28
2935.3,24
2935.3,37
2935.6,26
2936.3,14
2936.7,5
2937.5,13
2938.0,39
2938.2,19
2939.1,18
2939.5,1
2939.5,4
2939.7,33
2939.9,27
2941.1,8
2941.9,0
2942.1,25
2942.4,23
2942.4,36
2942.6,3
2943.2,20
2943.9,34
2944.5,16
2945.9,29
2946.0,10
2946.2,11
2947.2,31
2947.9,6
2948.4,8
2948.8,7
2948.8,18
2949.2,13
2949.5,17
2949.7,26
2949.7,30
2950.5,24
2952.1,2
2953.1,12
2953.2,0
2953.2,33
2953.8,19
2954.5,28
2954.6,35
2954.8,3
2954.9,23
2955.0,25
2956.1,16
2957.9,39
2958.6,13
2958.7,1
2959.5,14
2959.9,18
2960.6,4
2961.1,10
2961.2,37
2961.6,24
2961.7,3
2961.8,36
2961.9,26
2962.0,31
2962.2,8
2962.9,6
2962.9,38
2963.3,16
2963.5,5
2964.1,9
2964.1,11
2964.1,33
2964.2,22
2965.0,19
2965.4,0
2966.0,13
2966.6,25
2966.9,35
2967.3,2
2967.8,20
2968.5,12
2969.3,28
2969.4,14
2969.8,39
2970.9,17
2971.1,8
2971.1,24
2971.6,23
2972.0,1
2972.7,26
2972.8,3
2973.3,16
2973.6,31
2975.7,10
2975.8,2
2975.8,18
2976.7,0
2976.7,30
2977.4,4
2977.4,13
2977.7,6
2979.5,37
2979.9,25
2980.2,36
2980.9,35
2981.3,19
2982.0,22
2982.9,3
2983.1,8
2983.3,11
2983.3,16
2983.9,24
2984.1,33
2984.4,26
2984.5,27
2984.7,10
2984.8,17
2986.2,29
2986.2,39
2986.4,28
2986.7,12
2987.1,35
2987.7,0
2987.8,4
2987.8,14
2987.8,23
2988.7,13
2989.5,20
2989.5,25
2989.6,30
2990.0,18
2990.5,2
2990.5,34
2991.9,3
2992.9,31
2993.4,16
2993.9,32
2994.2,8
2995.5,39
2996.3,6
2996.5,19
2997.2,5
2997.2,10
2997.2,24
2997.3,37
2997.4,26
2997.6,13
2998.2,11
2998.2,17
2998.5,22
2998.5,23
2998.6,33
2998.7,21
2998.8,25
2999.1,12
2999.1,28
2999.2,36
2999.4,14
2999.6,0
3000.0,8
3000.1,18
3001.8,35
3003.5,3
3003.6,7
3004.8,2
3004.9,16
3006.3,31
3006.6,38
3006.7,25
3007.8,19
3008.1,39
3008.5,4
3008.9,23
3010.2,10
3010.3,3
3010.6,8
3010.7,13
3010.8,0
3010.8,26
3010.8,36
3010.9,24
3011.1,11
3012.0,1
3012.1,28
3012.2,18
3012.3,14
3012.3,33
3012.3,17
3015.1,39
3015.5,25
3018.0,16
3018.4,19
3018.6,30
3019.5,35
3020.7,26
3021.0,2
3021.1,6
3022.0,12
3022.3,28
3022.9,13
3023.1,31
3023.2,8
3023.8,29
3024.2,0
3024.2,22
3024.4,14
3024.5,25
3024.7,23
3025.2,39
3025.8,3
3025.9,24
3026.4,10
3027.3,16
3028.2,4
3028.5,18
3030.3,37
3030.8,35
3031.4,1
3031.6,26
3032.1,33
3032.3,27
3032.3,17
3032.8,20
3033.0,2
3033.2,28
3033.3,32
3033.6,8
3033.8,19
3033.8,36
3034.2,5
3034.6,11
3035.0,3
3036.4,13
3036.7,23
3037.8,10
3038.1,25
3038.1,30
3038.2,18
3038.3,7
3038.4,31
3040.1,39
3040.2,0
3041.3,26
3041.6,6
3041.9,4
3042.1,16
3042.2,24
3042.8,12
3043.7,36
3043.8,8
3043.8,13
3044.5,28
3044.7,2
3044.9,3
3045.2,14
3046.2,22
3047.1,11
3048.9,10
3049.5,5
3049.9,19
3049.9,25
3050.0,23
3050.8,35
3050.9,31
3052.3,26
3053.2,0
3053.6,24
3054.6,20
3054.9,30
3054.9,39
3055.0,17
3055.0,18
3056.5,15
3056.7,16
3057.0,8
3057.4,38
3057.8,29
3057.9,13
3058.2,3
3058.8,23
3059.0,2
3059.4,6
3059.7,9
3059.9,14
3060.0,34
3060.0,37
3060.5,11
3060.7,10
3060.7,12
3061.0,36
3061.1,28
3061.4,35
3061.5,26
3062.1,24
3062.1,25
3062.4,0
3062.4,4
3062.4,18
3066.0,16
3066.1,17
3066.1,19
3066.3,39
3066.6,2
3067.5,7
3067.8,27
3069.3,8
3069.4,33
3070.4,10
3070.7,31
3070.8,3
3071.6,13
3071.7,4
3071.9,25
3072.8,1
3073.0,6
3073.0,24
3073.1,22
3073.2,30
3073.3,28
3073.6,37
3074.7,0
3076.1,16
3076.3,8
3077.7,18
3079.0,14
3079.0,26
3079.2,2
3079.2,39
3079.3,23
3080.9,11
3080.9,13
3080.9,17
3081.1,3
3081.9,36
3082.6,5
3083.1,7
3083.9,10
3084.5,19
3084.9,35
3085.0,24
3086.2,6
3086.3,8
3086.5,1
3087.0,0
3087.5,34
3087.8,20
3087.9,25
3088.0,29
3088.5,31
3088.6,18
3089.3,16
3089.5,28
3089.6,23
3091.2,13
3091.3,33
3091.8,11
3092.0,2
3092.2,39
3093.5,30
3093.6,9
3093.8,17
3093.8,26
3094.0,3
3094.0,24
3094.1,12
3094.2,10
3094.7,8
3094.8,37
3095.1,4
3096.7,25
3099.4,16
3099.9,22
3099.9,35
3100.7,0
3100.9,19
3102.1,36
3103.0,3
3103.5,13
3103.8,31
3104.7,11
3105.0,23
3105.5,32
3105.6,8
3105.9,18
3106.0,1
3106.0,9
3106.6,14
3106.6,28
3106.7,12
3106.7,25
3107.6,6
3107.8,4
3108.8,2
3109.3,37
3109.4,10
3109.7,19
3110.3,29
3110.6,26
3110.9,39
3111.3,30
3112.5,0
3113.3,24
3114.3,25
3114.6,5
3115.1,31
3116.8,33
3117.2,16
3117.3,8
3117.5,3
3117.5,13
3117.7,17
3118.9,4
3119.2,28
3119.2,37
3120.5,14
3120.7,18
3121.7,27
3122.0,26
3123.0,39
3123.8,12
3124.3,2
3125.2,0
3125.3,35
3126.1,10
3126.2,25
3126.8,38
3126.8,1
3127.2,24
3127.4,6
3127.4,16
3127.6,23
3127.9,19
3128.1,8
3128.6,3
3128.6,20
3130.1,28
3130.8,18
3130.8,22
3130.9,2
3130.9,36
3131.7,30
3131.7,31
3131.7,33
3131.8,11
3132.9,13
3132.9,34
3133.8,26
3134.6,7
3135.0,5
3135.0,23
3135.8,15
3136.4,17
3136.6,25
3136.7,10
3136.9,0
3137.5,14
3138.5,16
3138.9,9
3138.9,35
3139.0,8
3139.4,24
3139.9,39
3140.2,12
3141.1,18
3141.6,13
3143.3,4
3143.4,3
3144.3,27
3144.5,2
3144.8,19
3145.6,25
3146.1,0
3146.1,28
3146.2,10
3146.2,11
3146.6,31
3147.6,6
3148.3,8
3148.8,23
3149.2,29
3149.5,17
3149.9,26
3149.9,36
3150.0,16
3150.0,37
3151.6,13
3151.9,3
3152.1,1
3153.0,39
3153.1,18
3153.3,14
3153.6,24
3154.0,12
3155.5,2
3156.1,22
3156.1,30
3157.3,38
3158.5,25
3158.6,26
3158.8,0
3159.1,35
3159.6,7
3160.1,21
3160.3,5
3160.9,19
3161.1,10
3161.1,28
3161.4,11
3161.7,8
3162.5,31
3162.9,13
3162.9,16
3163.3,1
3164.4,3
3166.2,23
3166.3,24
3166.3,33
3166.5,25
3167.0,2
3167.1,17
3167.4,39
3167.8,6
3168.3,4
3168.4,0
3170.2,26
3170.7,18
3170.8,3
3171.5,14
3173.1,16
3173.4,27
3173.4,28
3173.7,8
3173.8,35
3173.9,12
3174.8,29
3174.9,1
3175.5,11
3175.6,20
3176.1,31
3176.7,13
3177.7,10
3177.7,23
3177.9,33
3178.1,22
3178.7,3
3179.0,30
3180.6,24
3181.2,39
3181.5,0
3181.7,19
3181.9,25
3182.5,2
3184.3,7
3184.5,18
3185.1,17
3185.5,5
3185.6,26
3187.4,15
3187.6,8
3187.8,12
3188.2,35
3188.2,37
3188.3,11
3188.6,16
3188.9,10
3188.9,36
3189.2,28
3189.3,25
3189.5,13
3189.5,14
3190.5,24
3190.9,31
3191.0,0
3192.0,19
3192.2,2
3193.1,23
3196.0,38
3196.6,6
3196.8,39
3197.1,8
3197.1,26
3197.3,3
3197.7,4
3197.7,16
3198.0,33
3198.4,18
3199.0,27
3199.3,25
3199.6,0
3199.6,10
3201.9,28
3202.1,30
3202.9,13
3203.8,35
3204.5,2
3204.7,1
3205.1,11
3205.1,17
3205.1,22
3205.1,24
3205.4,12
3205.4,19
3205.4,20
3205.5,34
3205.8,23
3207.2,0
3208.1,18
3208.2,25
3208.5,31
3210.8,39
3211.0,10
3211.0,16
3212.2,36
3213.0,8
3213.1,5
3213.1,26
3213.5,3
3213.5,29
3214.4,4
3215.2,13
3218.3,37
3218.4,25
3218.5,2
3218.8,23
3218.9,28
3219.1,6
3219.4,24
3219.8,0
3220.6,35
3221.1,26
3221.2,39
3221.6,3
3221.9,16
3222.4,11
3222.6,19
3224.0,8
3224.0,10
3224.4,17
3225.0,22
3225.3,13
3225.3,14
3225.6,12
3228.0,2
3228.4,30
3228.4,31
3229.2,18
3229.3,33
3230.1,37
3230.5,16
3230.6,23
3231.7,1
3232.0,20
3232.8,8
3233.5,13
3233.5,25
3233.7,0
3234.3,3
3234.4,11
3234.5,28
3234.7,36
3234.8,24
3235.0,35
3235.1,26
3235.3,4
3236.4,29
3236.5,14
3236.6,39
3237.7,17
3238.0,10
3238.1,19
3239.6,31
3239.6,38
3240.0,34
3240.2,27
3240.5,25
3241.1,6
3241.7,2
3242.1,13
3242.7,0
3242.7,18
3243.5,16
3243.8,30
3243.9,5
3243.9,12
3245.0,3
3245.5,28
3246.6,8
3247.0,26
3247.6,2
3248.2,19
3248.4,17
3248.6,35
3249.2,10
3250.3,37
3251.0,11
3251.0,24
3251.2,25
3251.2,0
3251.6,29
3251.7,3
3251.7,33
3252.2,23
3252.4,38
3252.6,1
3253.2,6
3253.5,36
3253.7,13
3253.7,16
3255.2,39
3256.4,18
3256.6,19
3256.9,22
3257.8,4
3257.9,26
3258.5,31
3259.1,10
3259.9,12
3260.3,28
3260.8,8
3261.6,35
3262.2,0
3262.2,25
3263.7,3
3264.3,24
3264.6,30
3265.2,16
3266.2,18
3266.2,39
3266.7,23
3266.8,7
3267.2,17
3267.3,9
3267.4,10
3267.4,33
3267.4,2
3267.6,13
3267.9,28
3268.6,31
3268.6,25
3269.5,11
3269.5,4
3270.3,3
3271.2,19
3271.6,0
3271.8,6
3273.1,14
3274.1,26
3274.5,5
3275.0,29
3275.1,1
3275.2,24
3275.4,8
3275.4,37
3275.6,2
3275.6,16
3275.6,18
3276.0,20
3276.1,32
3276.2,27
3276.2,35
3276.5,36
3277.0,25
3277.1,13
3278.3,39
3280.2,23
3282.2,10
3282.4,11
3283.8,3
3284.0,22
3284.5,26
3284.7,31
3285.2,4
3286.5,8
3286.9,13
3287.0,38
3287.4,0
3287.9,19
3288.8,24
3289.0,20
3289.7,14
3289.8,25
3290.2,2
3290.2,12
3290.2,18
3290.3,17
3290.5,28
3290.8,35
3290.9,6
3291.4,16
3291.6,10
3295.3,23
3296.2,39
3296.7,3
3296.8,29
3297.4,26
3297.8,0
3297.8,13
3297.8,33
3298.5,8
3298.8,25
3299.6,4
3300.1,1
3300.3,5
3300.9,24
3301.3,22
3301.3,31
3301.6,30
3302.4,19
3302.5,7
3302.5,35
3302.9,2
3303.1,10
3303.1,12
3303.4,16
3303.6,26
3305.9,37
3306.0,36
3306.3,13
3306.6,3
3306.9,11
3307.0,18
3307.3,28
3308.7,6
3308.9,17
3309.0,25
3310.0,22
3310.3,14
3310.3,39
3310.4,0
3310.5,33
3310.9,27
3311.0,10
3311.2,38
3312.5,23
3313.4,13
3313.7,16
3313.9,8
3314.0,2
3314.2,18
3314.5,24
3315.3,19
3315.4,26
3316.4,12
3317.2,10
3317.9,5
3318.0,3
3318.0,35
3318.8,29
3319.0,4
3319.3,0
3319.3,31
3319.6,38
3319.7,30
3320.3,16
3320.7,20
3322.5,39
3322.9,13
3324.1,28
3324.2,15
3324.3,23
3324.3,25
3324.9,37
3325.3,2
3325.3,17
3325.9,11
3326.5,8
3326.6,26
3328.3,6
3328.4,19
3328.7,3
3329.6,36
3330.2,13
3330.6,31
3330.7,33
3331.2,10
3331.3,18
3331.6,0
3333.2,7
3333.6,16
3333.7,24
3334.3,25
3335.9,4
3336.2,28
3336.4,22
3336.5,12
3337.2,8
3337.8,2
3338.0,14
3338.9,10
3340.1,9
3340.6,39
3340.8,26
3341.0,11
3341.6,23
3341.8,3
3342.5,17
3342.7,0
3343.0,18
3343.0,24
3343.2,29
3343.5,13
3343.6,37
3343.8,19
3343.8,20
3343.8,25
3343.9,33
3344.1,16
3344.3,1
3347.9,12
3348.2,6
3348.4,8
3348.8,4
3348.9,30
3349.3,36
3350.2,35
3351.4,31
3351.8,2
3352.1,22
3352.2,5
3353.3,10
3353.5,0
3353.5,25
3354.6,24
3354.8,37
3355.3,23
3356.1,11
3356.2,26
3356.4,3
3356.4,8
3356.4,16
3356.5,28
3356.6,14
3356.6,38
3357.5,17
3358.3,18
3358.7,13
3359.6,2
3361.6,39
3362.2,24
3362.9,3
3363.2,34
3363.6,10
3363.7,6
3363.9,19
3364.5,30
3364.8,0
3364.9,25
3364.9,35
3365.0,26
3365.7,36
3367.0,22
3367.1,4
3367.1,38
3367.1,16
3368.1,33
3368.3,8
3368.6,7
3368.7,18
3369.1,2
3370.2,28
3370.3,11
3370.4,31
3370.7,13
3371.2,14
3371.7,23
3373.0,27
3373.4,25
3373.5,17
3374.2,3
3374.4,19
3374.4,29
3374.5,10
3374.5,37
3376.1,0
3376.2,16
3376.5,24
3376.8,30
3377.1,8
3377.5,1
3377.5,6
3377.8,26
3378.1,18
3378.2,39
3378.3,12
3379.1,32
3380.6,2
3380.6,14
3382.9,13
3383.0,31
3384.5,10
3385.0,3
3385.1,25
3385.4,19
3385.7,35
3385.8,24
3385.9,8
3386.1,28
3386.8,0
3386.8,20
3387.7,11
3388.1,26
3388.2,30
3388.4,18
3388.6,7
3388.6,23
3388.9,16
3389.3,34
3389.4,22
3389.7,17
3389.8,39
3390.2,5
3391.9,13
3392.5,2
3392.5,36
3393.0,33
3393.1,4
3393.9,6
3395.5,38
3395.6,14
3395.7,8
3395.7,37
3396.0,10
3396.3,9
3396.4,24
3396.8,25
3397.0,0
3397.0,12
3397.6,3
3397.6,35
3397.6,26
3399.4,29
3399.8,19
3400.6,23
3400.7,16
3403.9,39
3404.1,31
3404.6,18
3405.4,10
3405.6,11
3405.8,13
3406.5,1
3406.7,36
3406.8,25
3407.6,2
3407.6,8
3407.7,0
3407.8,28
3407.9,37
3408.2,5
3408.5,12
3409.9,3
3409.9,26
3410.0,24
3411.0,14
3411.4,17
3412.1,23
3413.5,16
3413.7,19
3414.7,33
3415.2,30
3415.3,4
3415.3,25
3415.5,6
3417.0,8
3417.5,13
3417.9,31
3418.3,18
3418.7,0
3418.9,39
3419.0,10
3419.0,34
3419.7,26
3419.8,7
3420.9,23
3420.9,35
3421.4,22
3421.8,2
3422.4,20
3423.3,36
3423.8,3
3424.3,13
3424.4,5
3424.5,19
3424.6,28
3424.8,12
3425.3,17
3426.1,25
3426.2,24
3426.5,26
3426.6,27
3426.7,16
3426.8,11
3427.2,0
3428.0,29
3428.3,1
3428.3,8
3430.2,10
3431.2,18
3432.0,33
3433.3,6
3433.4,13
3433.6,35
3433.8,38
3434.0,3
3434.2,14
3434.8,37
3435.1,31
3435.7,2
3435.7,9
3436.0,23
3436.6,39
3436.7,24
3436.9,16
3437.7,0
3437.9,28
3438.5,19
3439.4,26
3439.6,4
3440.2,11
3440.4,25
3440.4,36
3441.0,17
3442.1,8
3442.7,34
3443.1,18
3443.6,10
3443.6,13
3446.0,22
3446.6,20
3446.7,35
3446.8,5
3447.1,2
3447.5,39
3447.6,3
3448.1,16
3449.6,24
3449.8,23
3450.6,0
3450.7,19
3450.7,28
3451.4,26
3451.9,13
3451.9,1
3452.9,25
3452.9,27
3453.2,30
3453.3,18
3453.4,31
3454.2,17
3454.3,37
3455.0,10
3457.6,6
3457.9,21
3458.0,12
3458.2,2
3458.3,8
3459.1,28
3459.8,3
3460.9,29
3461.0,13
3461.1,39
3461.3,4
3461.9,24
3461.9,26
3462.0,14
3462.5,36
3462.6,33
3462.9,11
3463.3,0
3463.4,23
3463.4,25
3463.7,35
3464.0,16
3465.8,10
3465.9,19
3469.0,18
3469.5,12
3469.8,22
3470.2,31
3470.8,8
3470.9,5
3470.9,30
3471.1,13
3472.1,25
3472.3,3
3473.2,0
3473.6,19
3473.9,38
3474.3,35
3474.6,17
3474.6,26
3474.7,39
3475.2,2
3476.0,28
3476.2,1
3476.2,24
3476.3,10
3476.3,15
3476.4,34
3476.9,13
3477.1,9
3477.1,16
3477.5,25
3477.8,37
3478.3,11
3479.0,23
3480.0,6
3480.6,4
3481.9,3
3481.9,18
3482.9,0
3482.9,27
3483.5,7
3485.7,8
3487.6,26
3487.9,2
3488.1,14
3488.2,20
3488.3,24
3488.4,25
3488.4,31
3488.5,1
3488.6,16
3489.1,23
3489.4,13
3489.5,5
3489.9,10
3490.0,19
3490.3,3
3491.1,12
3491.5,18
3491.8,0
3492.5,39
3493.0,29
3493.3,36
3493.4,17
3493.9,8
3494.5,30
3495.0,37
3495.1,28
3495.6,33
3496.0,35
3496.7,6
3496.9,2
3497.2,16
3497.5,11
3498.1,22
3498.1,26
3498.2,4
3498.2,25
3498.6,18
3500.1,13
3501.7,24
3503.3,31
3503.7,23
3504.0,0
3504.3,3
3505.3,10
3505.4,8
3506.3,14
3506.3,19
3506.4,12
3506.4,39
3506.7,26
3507.5,25
3507.7,2
3508.4,16
3508.7,28
3510.4,13
3510.4,17
3511.1,35
3511.8,11
3511.9,38
3512.7,24
3513.2,36
3514.1,0
3514.1,37
3515.1,3
3516.3,4
3516.5,6
3517.1,18
3517.5,8
3517.7,25
3517.9,10
3518.4,14
3518.6,31
3518.7,28
3519.5,1
3519.5,35
3519.7,33
3519.9,27
3519.9,39
3520.0,22
3520.2,11
3520.3,13
3520.3,30
3520.5,26
3520.8,23
3520.9,9
3521.4,3
3521.4,7
3521.4,19
3523.0,2
3523.2,0
3524.2,16
3524.7,10
3525.4,29
3525.6,25
3526.2,8
3526.5,17
3526.9,24
3527.3,12
3527.3,35
3527.9,6
3528.8,18
3529.1,19
3529.3,5
3529.8,13
3530.4,31
3530.4,36
3532.6,26
3532.7,4
3533.5,8
3534.9,16
3535.3,3
3535.5,25
3535.8,13
3536.0,39
3536.4,12
3536.7,10
3536.9,23
3538.1,18
3539.2,2
3539.8,0
3540.8,17
3540.8,28
3540.8,30
3541.4,20
3541.4,38
3541.6,35
3541.8,33
3541.8,1
3541.8,26
3542.0,24
3542.1,11
3542.7,19
3543.2,6
3543.6,9
3543.7,16
3543.8,27
3543.9,39
3544.3,37
3544.6,14
3545.1,4
3545.4,31
3545.5,25
3545.9,8
3547.1,7
3547.8,0
3548.0,10
3549.4,13
3550.1,2
3550.1,3
3550.3,22
3552.7,25
3553.0,23
3554.0,26
3555.5,36
3556.0,18
3556.2,12
3556.4,8
3557.8,6
3558.0,16
3558.3,33
3558.3,39
3558.9,10
3559.1,24
3559.4,13
3559.6,19
3559.8,29
3560.0,0
3560.0,31
3560.2,3
3560.2,4
3560.5,37
3561.9,2
3562.0,28
3562.6,11
3562.6,34
3563.0,25
3563.9,35
3565.2,26
3565.3,17
3566.2,36
3566.2,5
3566.2,20
3566.2,23
3567.1,14
3567.7,30
3568.2,3
3568.8,10
3571.0,24
3571.0,38
3571.2,12
3571.8,16
3572.3,8
3572.4,27
3572.6,0
3572.8,18
3573.3,2
3573.9,7
3574.0,37
3574.3,13
3574.3,19
3575.1,31
3575.9,23
3575.9,25
3576.5,3
3576.6,39
3578.0,4
3578.3,5
3578.8,8
3580.3,22
3580.6,10
3580.9,1
3581.0,26
3581.3,28
3581.8,11
3582.2,13
3582.9,25
3583.0,35
3583.2,34
3583.3,16
3583.7,24
3583.9,33
3584.1,12
3584.6,17
3584.9,18
3585.2,6
3585.5,2
3585.8,14
3586.3,39
3586.5,23
3586.8,29
3586.9,0
3587.0,37
3587.3,3
3589.9,8
3590.3,31
3590.4,30
3591.2,26
3591.5,19
3591.8,36
3592.5,10
3592.5,25
3592.8,22
3592.8,24
3593.4,5
3593.4,13
3595.9,16
3595.9,35
3596.3,28
3596.7,0
3597.4,39
3597.5,12
3598.6,2
3599.0,33
3599.4,38
3599.7,3
3600.9,14
3601.0,8
3601.1,18
3601.2,4
3601.4,26
3601.5,11
3602.1,17
3602.1,37
3602.2,24
3602.4,25
3602.7,23
3602.8,20
3603.4,27
3604.3,13
3605.4,1
3605.5,9
3605.5,19
3606.8,2
3607.5,10
3608.4,34
3608.5,39
3609.5,0
3609.7,15
3610.3,16
3611.0,8
3611.0,17
3611.7,36
3611.9,35
3613.3,3
3613.8,26
3614.5,25
3616.1,5
3616.1,28
3616.3,19
3616.5,24
3616.5,31
3617.7,13
3617.8,2
3618.3,12
3618.4,22
3619.2,11
3619.3,10
3619.3,21
3619.5,8
3620.0,6
3620.0,18
3620.5,1
3620.6,23
3620.8,30
3621.0,26
3621.2,16
3622.1,3
3622.1,7
3623.5,4
3623.6,0
3623.7,20
3623.9,25
3625.3,39
3626.5,14
3627.2,35
3627.5,19
3628.9,17
3628.9,28
3629.1,13
3629.2,2
3629.3,27
3629.9,23
3630.0,38
3630.1,24
3630.8,3
3631.8,8
3632.1,31
3632.7,0
3633.3,10
3633.8,18
3633.9,12
3634.1,33
3634.1,37
3634.6,25
3635.4,16
3636.4,29
3637.2,26
3638.4,22
3638.5,39
3639.2,20
3639.4,36
3640.6,7
3640.8,19
3640.8,23
3641.6,3
3641.6,24
3642.0,25
3642.1,18
3642.2,2
3642.5,13
3642.6,35
3643.6,31
3644.4,5
3644.5,14
3644.8,0
3645.4,8
3646.1,37
3646.2,16
3646.3,11
3646.6,30
3647.0,4
3647.2,6
3647.2,17
3647.3,28
3647.3,34
3648.7,10
3651.8,1
3652.4,18
3652.8,3
3652.8,39
3653.1,13
3653.1,26
3653.5,23
3653.8,15
3654.0,16
3654.8,9
3655.0,25
3655.1,19
3655.4,22
3655.6,33
3655.8,12
3656.3,2
3656.8,8
3657.0,24
3657.7,0
3658.7,37
3658.8,27
3659.0,36
3659.0,38
3659.8,17
3660.1,10
3660.2,6
3661.1,35
3662.3,11
3663.0,18
3663.5,29
3663.6,31
3664.0,3
3664.1,14
3664.4,26
3664.5,28
3664.7,13
3664.8,39
3665.0,0
3666.5,30
3666.7,8
3666.8,25
3667.7,19
3669.5,24
3669.8,16
3670.8,5
3670.9,9
3670.9,23
3671.0,2
3672.1,10
3672.3,13
3672.7,11
3672.8,35
3673.3,1
3673.9,8
3674.6,0
3675.1,20
3675.4,12
3675.4,25
3676.5,6
3676.6,3
3676.6,33
3677.8,31
3678.1,19
3678.1,39
3678.9,26
3678.9,36
3679.0,4
3679.0,17
3680.1,13
3680.1,18
3681.0,23
3682.3,16
3682.8,30
3682.8,37
3684.6,10
3685.0,22
3685.3,28
3685.7,25
3686.1,2
3686.2,8
3686.6,24
3686.9,1
3687.2,35
3687.4,15
3687.7,12
3687.7,26
3689.4,14
3690.4,18
3690.9,0
3691.7,3
3691.8,17
3691.8,13
3692.3,7
3692.5,20
3692.6,16
3692.8,31
3693.5,39
3693.6,25
3694.2,19
3695.8,8
3696.0,4
3696.1,27
3696.7,36
3697.2,11
3697.4,22
3697.5,5
3697.8,10
3699.2,6
3699.4,2
3699.8,23
3700.0,28
3701.3,3
3702.5,24
3703.6,33
3703.8,12
3703.8,35
3703.9,26
3704.2,18
3704.4,1
3704.5,19
3704.6,0
3704.9,17
3704.9,39
3705.5,13
3705.7,25
3706.1,37
3706.4,30
3706.8,29
3707.4,31
3708.5,8
3710.2,34
3710.6,16
3711.0,2
3712.1,9
3712.2,26
3712.3,3
3712.6,10
3713.0,38
3713.4,4
3713.5,14
3713.5,18
3713.5,19
3714.3,28
3714.4,6
3714.5,15
3714.5,24
3714.5,32
3714.8,23
3715.1,22
3716.3,25
3718.9,16
3719.2,36
3719.6,3
3720.0,12
3720.2,11
3720.8,13
3721.4,20
3721.5,37
3721.6,0
3722.0,6
3722.3,8
3723.1,14
3723.1,27
3723.5,35
3723.7,25
3724.4,17
3724.6,31
3724.8,26
3725.4,39
3725.6,30
3726.1,10
3726.9,23
3727.2,5
3727.3,24
3727.8,1
3728.0,2
3730.1,13
3731.1,29
3731.9,3
3731.9,18
3731.9,28
3732.2,19
3733.4,0
3733.4,8
3733.7,4
3734.0,25
3734.6,35
3735.1,31
3735.2,33
3735.6,14
3736.7,16
3736.8,23
3736.9,2
3736.9,26
3736.9,36
3739.0,17
3739.8,11
3740.0,24
3740.3,39
3740.5,10
3741.1,6
3742.0,3
3742.0,13
3742.3,8
3742.3,18
3743.5,31
3743.6,19
3744.0,12
3744.0,28
3744.8,0
3745.3,22
3745.7,25
3747.3,7
3747.3,16
3747.6,35
3748.9,34
3749.4,2
3750.7,26
3752.0,8
3752.2,30
3752.4,23
3753.1,24
3756.4,17
3756.7,37
3757.1,18
3757.1,26
3757.3,0
3757.4,10
3757.7,33
3758.4,29
3758.4,39
3758.5,25
3758.6,19
3758.6,31
3758.7,13
3759.2,3
3760.0,14
3760.2,28
3761.0,16
3761.7,11
3761.7,24
3762.9,4
3762.9,6
3763.3,1
3763.4,8
3763.4,12
3764.0,2
3766.6,0
3767.0,35
3767.6,5
3768.5,25
3768.6,10
3769.0,3
3769.2,22
3769.7,8
3769.9,26
3770.0,18
3770.0,39
3770.1,30
3770.8,38
3771.3,4
3771.5,19
3771.9,13
3772.5,36
3773.2,23
3774.4,16
3774.7,2
3775.4,9
3776.8,24
3777.0,33
3777.5,25
3778.5,31
3778.9,11
3779.1,27
3779.5,39
3779.9,0
3780.0,35
3780.2,10
3780.4,17
3780.6,20
3780.7,37
3780.8,19
3781.0,8
3781.5,13
3784.4,6
3784.8,23
3784.9,28
3785.1,26
3785.2,30
3785.4,16
3785.8,12
3785.8,18
3786.0,0
3786.0,24
3786.7,3
3786.9,22
3787.0,33
3787.3,14
3788.2,25
3790.5,37
3790.7,13
3791.4,1
3791.8,2
3791.8,34
3791.8,35
3794.6,39
3795.2,3
3795.4,4
3795.4,8
3795.4,36
3795.7,19
3796.0,25
3796.1,31
3797.2,23
3797.6,10
3797.7,17
3797.8,30
3798.1,26
3798.4,29
3798.5,16
3799.2,24
3799.4,0
3799.5,12
3799.7,20
3799.8,13
3800.0,28
3801.0,5
3801.1,18
3802.2,2
3805.4,8
3805.5,15
3805.8,39
3806.6,14
3806.7,25
3807.2,35
3807.3,33
3808.0,26
3808.4,11
3808.4,38
3808.5,19
3808.6,1
3808.7,16
3808.8,7
3809.4,24
3809.6,0
3810.0,10
3810.1,23
3810.2,13
3811.1,37
3812.6,36
3812.7,12
3812.8,22
3813.1,3
3813.9,14
3814.1,31
3814.3,2
3814.4,6
3814.6,8
3815.4,25
3816.0,30
3816.1,17
3816.6,27
3816.7,18
3816.9,10
3819.0,16
3819.1,13
3819.4,26
3819.6,0
3820.7,24
3820.8,39
3821.3,23
3822.1,34
3822.2,5
3822.4,4
3822.5,11
3822.8,6
3823.0,3
3824.0,35
3824.8,28
3825.2,19
3825.4,22
3825.8,37
3825.9,8
3826.4,26
3828.0,29
3828.4,25
3829.6,18
3829.8,10
3829.8,13
3830.8,17
3831.1,9
3832.2,2
3832.2,36
3832.3,33
3832.4,1
3832.4,15
3832.6,39
3832.7,16
3833.0,12
3833.6,24
3833.6,31
3833.7,0
3833.9,30
3835.2,8
3835.5,14
3835.5,25
3835.7,23
3837.2,26
3838.0,11
3838.3,2
3838.4,19
3838.6,10
3840.0,18
3840.4,16
3840.6,4
3841.1,3
3841.5,35
3842.0,0
3842.0,13
3844.0,28
3844.2,7
3845.6,17
3846.6,22
3846.6,26
3846.9,6
3847.5,12
3847.5,25
3847.6,14
3848.4,23
3849.0,19
3849.4,24
3849.9,29
3850.1,8
3850.1,39
3850.8,5
3850.9,31
3851.0,1
3851.0,3
3851.4,11
3851.4,18
3851.6,10
3851.6,36
3851.8,13
3852.0,27
3852.3,38
3853.2,0
3854.0,30
3854.3,4
3854.3,37
3854.6,16
3854.7,35
3854.8,2
3855.1,33
3856.7,20
3858.0,8
3858.7,26
3859.7,24
3860.0,25
3860.3,13
3861.0,18
3862.3,23
3862.4,10
3862.8,39
3862.9,19
3863.3,28
3864.5,32
3864.8,6
3866.0,8
3867.0,17
3867.4,3
3868.2,16
3868.8,24
3868.9,22
3869.6,31
3869.7,25
3870.3,0
3870.7,26
3871.0,11
3871.3,35
3873.2,14
3873.2,23
3873.2,13
3873.6,2
3874.3,4
3874.3,10
3874.3,18
3874.5,39
3874.7,30
3874.9,12
3875.2,7
3875.3,28
3875.8,8
3879.2,1
3881.1,33
3881.4,0
3881.6,16
3881.6,25
3881.6,35
3882.0,26
3882.6,17
3882.8,36
3882.9,31
3883.2,13
3883.8,19
3884.0,11
3885.7,21
3885.9,3
3885.9,5
3887.6,23
3888.6,18
3888.6,29
3889.0,27
3889.1,20
3889.1,24
3889.2,39
3890.4,25
3890.5,6
3890.5,10
3891.1,2
3891.9,35
3891.9,38
3892.1,4
3892.4,13
3893.0,0
3893.0,26
3893.5,22
3893.8,28
3893.9,3
3894.0,8
3894.1,31
3894.3,16
3894.3,37
3895.1,17
3895.9,1
3895.9,19
3895.9,23
3896.5,12
3897.1,25
3898.7,30
3901.1,0
3901.7,24
3901.8,14
3901.9,39
3902.0,10
3902.6,11
3903.1,26
3903.1,34
3904.8,36
3905.1,8
3906.2,2
3906.2,3
3906.2,25
3906.3,13
3906.3,29
3906.9,18
3907.1,33
3907.1,35
3907.6,12
3909.2,16
3910.1,20
3910.1,23
3910.6,31
3910.8,10
3911.4,0
3911.5,17
3911.7,28
3911.7,39
3913.3,11
3913.6,22
3914.2,6
3914.7,35
3914.8,4
3915.0,13
3915.0,24
3915.1,9
3915.3,1
3915.9,18
3916.1,2
3916.6,19
3916.6,25
3916.6,26
3918.2,37
3919.3,8
3920.0,30
3920.7,16
3921.0,3
3921.8,23
3922.8,28
3923.0,27
3923.1,31
3923.4,0
3923.5,39
3924.6,10
3925.5,12
3925.8,26
3927.1,13
3927.5,2
3928.0,16
3929.5,25
3929.6,11
3929.8,37
3930.1,35
3930.5,8
3930.9,23
3930.9,29
3931.2,18
3931.3,19
3931.7,14
3932.0,24
3932.4,3
3932.5,22
3934.7,33
3935.8,5
3935.9,39
3936.0,31
3936.2,26
3936.3,10
3936.4,4
3936.7,16
3937.2,0
3937.2,1
3937.2,25
3937.7,8
3937.7,17
3938.3,30
3938.6,6
3939.5,2
3939.7,13
3940.6,28
3941.8,20
3942.2,18
3942.8,35
3943.4,3
3943.4,36
3943.9,0
3943.9,15
3944.3,17
3944.5,19
3945.3,12
3945.5,24
3947.7,16
3947.9,11
3948.6,4
3948.7,23
3948.9,31
3949.5,28
3949.7,10
3950.1,37
3950.2,13
3950.3,7
3950.4,18
3950.6,25
3950.6,29
3950.6,39
3950.7,27
3951.0,8
3952.1,22
3952.2,14
3952.3,26
3952.6,33
3953.7,2
3953.8,3
3954.9,0
3955.6,24
3956.0,35
3959.5,6
3960.3,9
3960.3,17
3960.3,26
3961.3,31
3961.4,13
3961.6,36
3961.9,25
3962.0,18
3962.3,28
3962.8,20
3963.3,1
3963.4,12
3963.4,16
3963.5,39
3963.7,3
3963.9,10
3965.3,23
3965.8,30
3966.7,8
3966.9,19
3967.0,14
3967.3,11
3967.5,24
3968.4,0
3970.3,7
3971.0,36
3971.1,13
3971.5,26
3971.7,4
3972.0,10
3972.0,33
3972.1,5
3972.8,32
3972.9,18
3974.2,2
3974.2,25
3974.9,28
3975.0,8
3975.4,3
3975.6,31
3976.4,16
3977.4,19
3977.6,35
3978.4,23
3979.8,39
3980.8,17
3981.0,37
3981.8,26
3982.9,29
3983.3,24
3983.6,0
3983.6,14
3983.9,25
3984.3,3
3984.5,33
3985.2,12
3985.6,13
3985.9,18
3986.3,27
3986.5,1
3986.6,30
3986.7,10
3987.1,8
3987.4,16
3987.4,36
3987.5,22
3987.6,23
3987.8,20
3988.7,19
3988.8,4
3989.6,31
3990.0,26
3990.0,17
3990.0,35
3990.8,28
3990.9,2
3992.1,3
3992.5,39
3993.3,11
3993.7,0
3993.7,18
3994.8,24
3995.3,25
3995.7,23
3997.5,29
3998.1,13
3998.6,8
3999.0,37
3999.6,35
3999.8,39
4000.2,10
4000.4,16
4000.4,30
4001.3,19
4001.8,26
4002.4,31
4003.0,6
4003.1,12
4003.2,3
4003.7,2
4004.5,5
4005.2,17
4005.5,14
4006.0,18
4006.0,25
4006.5,33
4006.6,24
4006.8,10
4007.2,1
4007.6,4
4007.7,13
4008.6,0
4008.7,34
4009.2,38
4011.6,16
4011.6,28
4012.9,8
4013.5,26
4013.8,39
4013.9,35
4014.0,25
4014.4,3
4014.4,11
4014.6,19
4014.8,22
4014.8,37
4015.2,18
4015.6,23
4016.3,12
4016.6,2
4017.8,10
4018.7,5
4018.8,36
4018.9,0
4018.9,27
4019.4,30
4019.5,16
4021.5,13
4021.7,35
4022.1,26
4022.3,8
4022.4,28
4023.2,2
4024.1,24
4024.5,3
4024.5,31
4024.8,39
4025.3,29
4025.7,4
4026.0,17
4026.3,11
4026.6,6
4026.6,9
4026.8,25
4030.0,33
4030.8,19
4031.2,23
4031.5,18
4032.1,0
4032.1,2
4032.4,10
4032.4,26
4032.6,24
4032.8,14
4033.4,3
4033.4,8
4034.2,5
4034.2,16
4034.3,13
4035.4,25
4036.4,35
4039.4,12
4041.1,7
4041.3,37
4041.8,6
4042.0,22
4042.0,30
4042.2,2
4042.4,28
4042.5,26
4042.5,34
4042.6,36
4043.0,0
4043.2,16
4043.2,17
4043.5,33
4043.6,3
4044.0,24
4044.2,19
4044.5,10
4044.9,8
4045.2,9
4045.2,29
4045.3,1
4045.7,39
4046.1,31
4046.5,25
4046.9,23
4047.1,35
4048.6,13
4050.2,20
4051.0,4
4051.5,18
4052.1,38
4052.2,2
4052.5,0
4053.0,11
4053.1,3
4053.1,16
4053.2,6
4053.2,10
4053.2,12
4053.4,14
4054.0,5
4054.8,25
4054.8,27
4054.9,8
4055.0,23
4055.3,24
4055.4,15
4055.4,26
4055.6,39
4056.2,13
4056.7,1
4057.6,31
4059.1,28
4060.9,19
4061.5,37
4062.7,25
4062.7,35
4063.6,18
4063.8,36
4064.4,2
4064.6,0
4065.1,8
4066.2,3
4066.8,24
4066.8,30
4067.2,10
4068.0,14
4068.2,13
4068.2,39
4068.3,6
4068.7,17
4069.2,26
4069.5,23
4069.8,4
4070.0,11
4070.1,25
4070.5,29
4070.7,20
4071.6,22
4071.8,16
4072.2,19
4073.4,31
4073.9,33
4074.1,2
4075.8,28
4076.5,8
4076.6,0
4077.5,1
4077.8,10
4078.0,3
4078.0,12
4078.1,14
4078.1,26
4078.3,25
4078.4,37
4078.9,24
4079.2,18
4080.3,13
4080.5,38
4080.6,27
4081.4,23
4081.8,39
4082.6,16
4083.0,5
4084.2,35
4084.6,11
4085.5,31
4085.9,2
4086.3,3
4086.6,19
4088.2,15
4088.4,10
4088.8,28
4089.1,36
4089.6,26
4089.7,17
4089.8,22
4089.8,25
4090.1,30
4090.3,13
4091.0,0
4091.7,6
4091.7,8
4092.4,7
4092.9,18
4094.3,1
4095.5,24
4096.2,35
4096.3,14
4096.4,12
4096.7,2
4096.7,3
4097.0,16
4098.9,39
4100.3,0
4100.5,31
4100.8,4
4100.9,23
4102.2,37
4102.5,19
4102.8,10
4102.8,13
4102.8,34
4103.1,33
4103.7,28
4103.8,25
4104.0,18
4104.0,26
4104.2,5
4104.2,11
4104.2,36
4105.0,8
4105.2,17
4105.4,38
4105.6,16
4105.8,3
4105.9,24
4106.3,6
4107.1,35
4107.3,2
4108.9,29
4109.2,0
4110.1,23
4110.1,30
4111.3,31
4111.5,39
4112.0,22
4114.7,25
4115.4,14
4116.5,24
4116.5,20
4116.8,12
4116.8,13
4116.9,8
4117.0,3
4117.0,26
4117.2,34
4117.4,15
4117.6,10
4117.6,19
4117.7,27
4118.3,1
4118.8,6
4119.0,0
4119.4,35
4119.8,28
4120.1,16
4120.8,17
4121.1,4
4122.0,2
4122.7,23
4123.3,39
4124.2,33
4124.4,25
4124.8,18
4125.2,31
4126.7,35
4127.9,13
4129.0,3
4129.2,8
4129.2,11
4129.3,26
4129.6,36
4130.8,28
4131.1,16
4131.8,24
4131.9,25
4131.9,37
4133.4,0
4134.4,10
4135.6,18
4136.0,14
4136.0,23
4136.4,2
4137.6,5
4137.7,6
4138.7,17
4138.7,26
4138.8,13
4138.8,30
4139.1,39
4139.3,3
4139.6,9
4140.4,19
4140.5,8
4140.5,11
4140.5,24
4140.6,31
4140.9,33
4142.3,1
4142.4,12
4142.8,25
4143.2,35
4143.4,16
4143.4,29
4143.5,0
4143.6,36
4144.1,28
4144.8,10
4145.2,4
4146.1,2
4146.9,38
4147.1,23
4148.8,3
4149.4,18
4150.1,16
4150.5,13
4151.1,7
4151.8,20
4151.8,25
4151.8,39
4152.4,37
4152.5,30
4154.1,11
4154.3,24
4154.3,26
4154.8,8
4155.1,14
4155.2,21
4155.4,17
4155.9,27
4156.3,19
4156.7,22
4156.8,34
4157.7,23
4158.0,2
4158.2,13
4158.3,31
4158.6,0
4158.6,10
4158.9,12
4160.1,6
4160.4,33
4160.7,28
4160.8,29
4161.0,5
4161.6,18
4162.0,3
4162.9,35
4163.7,25
4163.8,39
4164.1,8
4164.7,9
4164.8,32
4165.0,26
4165.3,19
4165.8,1
4166.4,10
4166.8,23
4167.0,4
4167.0,16
4167.3,0
4168.2,13
4168.2,24
4168.8,3
4168.9,12
4169.0,36
4170.5,17
4171.7,2
4173.4,11
4173.4,31
4174.5,10
4174.9,25
4175.0,26
4175.8,6
4175.8,23
4176.5,18
4176.6,8
4177.2,35
4178.0,30
4179.2,5
4179.3,14
4179.6,28
4180.1,7
4180.5,13
4181.4,16
4181.6,15
4181.6,24
4181.7,36
4181.7,38
4181.7,39
4182.3,19
4182.4,2
4182.8,20
4182.9,33
4183.3,0
4183.3,3
4183.3,10
4183.3,25
4183.3,27
4183.8,26
4183.8,37
4185.2,1
4185.6,18
4186.7,11
4187.4,4
4187.8,17
4188.2,12
4189.3,31
4189.6,23
4190.1,8
4190.2,35
4190.4,3
4190.5,28
4190.9,16
4190.9,10
4191.1,6
4191.2,39
4191.5,5
4191.7,34
4192.3,26
4192.4,0
4193.8,25
4194.4,18
4194.5,24
4194.8,29
4194.9,22
4195.5,8
4196.1,2
4196.7,31
4196.8,13
4196.9,27
4197.0,23
4198.0,19
4200.6,1
4200.8,11
4201.3,14
4201.6,28
4202.5,0
4202.7,33
4202.9,17
4203.4,10
4204.0,18
4204.1,3
4204.1,24
4204.3,16
4204.5,39
4204.8,35
4204.9,36
4205.5,25
4205.8,4
4206.4,26
4208.3,30
4208.4,8
4209.0,12
4209.4,13
4210.2,23
4210.3,5
4210.9,0
4210.9,6
4211.4,37
4211.5,29
4212.2,19
4212.3,24
4212.5,16
4213.1,9
4213.8,10
4213.9,39
4214.0,2
4214.1,31
4214.5,18
4214.7,25
4215.3,35
4216.2,26
4216.5,17
4217.7,11
4217.7,22
4218.6,3
4218.8,0
4219.8,8
4220.5,4
4222.2,12
4222.7,37
4222.8,13
4224.8,36
4225.3,1
4225.7,25
4225.9,23
4226.0,24
4226.2,6
4226.2,16
4226.6,18
4226.7,20
4226.8,35
4227.2,32
4227.2,39
4227.5,26
4227.5,33
4227.5,2
4227.7,8
4228.3,19
4228.6,10
4228.6,14
4229.0,0
4229.2,28
4231.3,3
4232.2,13
4232.3,25
4232.5,31
4232.7,23
4232.8,17
4235.1,30
4235.1,22
4235.5,8
4236.8,26
4237.4,16
4237.8,39
4238.4,18
4239.4,24
4239.7,11
4240.0,14
4240.0,15
4240.0,27
4240.4,29
4241.4,12
4241.5,13
4241.5,19
4242.4,2
4242.6,0
4242.8,10
4243.2,3
4243.7,7
4243.7,25
4243.8,22
4244.0,6
4244.1,36
4244.5,23
4244.7,9
4244.8,38
4245.5,1
4245.6,5
4245.6,30
4248.0,26
4249.1,8
4249.7,28
4250.2,16
4250.3,31
4250.3,37
4250.7,39
4251.3,4
4251.3,24
4252.2,2
4252.4,3
4252.7,10
4252.7,11
4252.9,13
4253.0,34
4253.1,0
4253.2,17
4253.4,25
4253.6,18
4254.5,35
4256.1,19
4257.4,39
4258.0,8
4258.6,6
4259.7,20
4262.1,14
4262.3,24
4262.7,28
4262.8,0
4263.2,36
4263.3,13
4263.4,10
4263.4,12
4263.5,26
4263.7,18
4263.9,25
4263.9,30
4264.1,15
4264.4,3
4264.7,23
4264.8,8
4265.6,2
4265.8,33
4267.7,17
4267.7,19
4270.0,35
4270.4,16
4270.6,22
4271.2,11
4271.2,27
4271.3,31
4271.6,25
4272.1,23
4272.1,29
4272.5,0
4272.8,13
4274.1,26
4275.5,3
4275.5,39
4276.2,10
4276.5,24
4276.8,5
4277.3,1
4278.4,4
4278.4,37
4278.5,8
4278.5,18
4279.1,12
4279.9,19
4280.0,17
4280.4,28
4280.5,2
4280.8,16
4282.5,25
4282.6,13
4283.2,11
4283.8,23
4284.2,6
4285.2,18
4285.7,3
4286.8,9
4287.2,24
4287.3,26
4287.8,0
4288.3,8
4288.4,10
4288.5,14
4289.1,39
4289.2,35
4289.3,7
4289.9,2
4290.3,31
4290.5,33
4290.7,22
4290.9,30
4293.6,29
4294.5,36
4294.6,16
4295.3,25
4295.6,6
4297.1,13
4297.5,0
4297.9,3
4298.2,4
4298.4,8
4298.4,10
4298.7,12
4298.8,37
4299.4,2
4299.4,19
4300.2,35
4300.3,11
4300.8,1
4300.8,24
4300.8,26
4301.0,14
4301.2,23
4301.2,28
4301.5,33
4303.2,31
4304.5,17
4306.2,16
4306.4,38
4306.6,18
4306.9,25
4307.0,13
4307.3,30
4307.4,0
4307.5,3
4307.7,35
4308.3,10
4308.3,34
4309.0,2
4309.0,28
4311.6,5
4311.6,39
4311.7,26
4312.4,8
4313.0,19
4313.5,14
4313.6,24
4313.9,36
4315.6,6
4315.7,17
4316.4,37
4316.5,11
4317.3,31
4318.3,10
4318.5,16
4318.5,23
4318.7,25
4319.1,3
4319.1,18
4319.4,0
4319.6,28
4320.0,13
4320.4,12
4320.4,39
4320.7,4
4320.9,2
4321.1,1
4321.5,22
4323.7,8
4324.1,26
4326.3,33
4327.1,30
4327.5,35
4327.8,19
4328.0,25
4328.1,3
4328.1,16
4328.7,39
4329.3,13
4329.8,10
4329.8,24
4330.6,5
4331.0,0
4331.2,11
4331.2,31
4332.3,23
4332.3,36
4332.3,38
4333.2,26
4333.3,17
4333.6,2
4333.8,28
4333.9,8
4333.9,18
4335.7,29
4336.0,6
4336.4,37
4337.2,1
4337.6,20
4338.6,25
4338.9,39
4339.1,22
4339.4,0
4339.9,10
4340.3,16
4340.6,3
4340.8,27
4341.0,7
4341.2,13
4341.3,35
4341.4,14
4342.0,26
4342.3,11
4342.5,24
4343.3,19
4343.8,33
4344.8,9
4345.1,31
4345.5,18
4346.4,4
4346.8,8
4347.8,36
4347.9,28
4348.6,12
4349.5,13
4350.4,25
4350.7,0
4351.9,22
4352.2,17
4352.5,24
4353.3,10
4353.3,23
4353.4,2
4353.8,6
4353.9,16
4354.8,8
4354.9,3
4355.2,33
4355.4,35
4355.6,34
4355.7,26
4355.9,18
4356.0,30
4356.7,15
4356.7,39
4357.2,11
4357.2,14
4357.6,28
4359.0,13
4360.0,19
4361.0,25
4361.4,37
4361.8,0
4362.7,1
4363.3,4
4363.9,12
4363.9,16
4364.0,24
4364.9,3
4365.0,17
4365.0,31
4365.5,10
4366.4,8
4366.5,11
4366.9,2
4367.0,18
4367.6,23
4368.2,28
4369.0,13
4369.1,39
4369.3,25
4369.7,29
4369.8,26
4370.4,33
4372.5,3
4374.1,0
4374.2,7
4374.2,10
4374.2,30
4374.2,36
4374.6,16
4374.8,6
4375.2,14
4375.5,19
4376.1,38
4376.2,24
4377.2,1
4378.4,8
4378.9,13
4378.9,22
4379.0,27
4379.3,23
4379.4,25
4379.9,2
4380.2,11
4380.2,35
4381.1,3
4381.1,31
4381.5,18
4381.7,28
4381.8,17
4382.5,26
4382.7,37
4383.2,0
4384.9,24
4385.4,39
4386.4,32
4386.8,8
4387.3,4
4387.6,16
4388.4,5
4388.5,19
4388.6,6
4388.6,20
4388.8,12
4389.0,33
4390.4,3
4390.9,25
4391.4,13
4392.1,10
4392.8,14
4393.5,30
4393.9,26
4394.4,28
4395.2,29
4395.3,2
4395.4,35
4395.8,24
4396.6,31
4396.7,23
4398.2,0
4400.1,13
4400.3,17
4400.9,10
4401.6,39
4401.8,8
4401.9,25
4402.0,18
4402.1,7
4402.1,16
4402.1,19
4402.2,6
4402.2,22
4402.7,1
4403.0,37
4403.1,12
4403.7,11
4404.1,4
4404.9,3
4405.8,36
4407.5,26
4408.2,23
4408.5,0
4408.7,24
4408.7,28
4410.4,5
4410.8,13
4411.2,15
4411.3,29
4411.9,8
4411.9,10
4412.0,33
4412.1,25
4412.3,31
4412.7,2
4412.8,30
4413.3,12
4415.0,3
4415.5,17
4415.6,6
4415.7,19
4415.9,16
4416.7,18
4417.1,22
4417.4,23
4418.5,26
4418.6,35
4419.0,14
4419.2,27
4419.5,13
4419.9,39
4421.0,11
4421.8,2
4422.0,0
4422.3,38
4422.6,1
4422.6,10
4423.3,24
4423.3,25
4423.6,19
4423.7,28
4424.0,33
4424.4,8
4424.5,3
4424.7,20
4425.8,29
4426.0,31
4426.5,18
4429.8,36
4430.2,26
4430.4,37
4430.8,34
4431.3,0
4431.4,6
4432.2,17
4432.8,13
4433.0,16
4433.8,23
4434.0,22
4434.2,35
4434.6,19
4434.7,2
4435.4,3
4435.7,7
4435.9,5
4436.0,8
4436.1,25
4436.6,12
4437.4,4
4437.6,24
4437.6,39
4440.0,14
4440.8,0
4441.4,10
4441.7,28
4441.8,33
4443.0,27
4443.0,31
4443.2,37
4443.9,6
4444.0,2
4444.2,13
4444.5,26
4444.6,18
4445.2,30
4446.0,19
4446.5,39
4447.3,23
4447.7,25
4448.1,24
4448.3,35
4448.4,8
4449.8,22
4449.9,7
4449.9,36
4450.1,1
4450.3,3
4451.1,31
4451.8,18
4452.2,0
4452.2,15
4453.3,10
4453.4,13
4453.9,12
4453.9,16
4455.5,6
4456.0,11
4456.1,26
4456.5,17
4457.2,8
4457.8,2
4457.9,29
4458.5,24
4458.8,23
4458.9,20
4459.6,25
4459.6,28
4460.0,4
4460.1,35
4460.1,38
4460.5,19
4460.9,9
4461.1,5
4461.7,14
4462.0,3
4462.6,26
4463.1,10
4463.6,30
4463.7,37
4464.1,0
4464.4,22
4465.6,13
4465.6,39
4466.4,8
4466.6,18
4466.7,36
4467.3,27
4467.3,31
4469.0,1
4469.0,3
4469.1,16
4469.6,28
4469.7,24
4469.7,33
4469.9,25
4470.1,12
4470.5,2
4471.1,0
4471.1,13
4471.1,26
4471.2,11
4471.8,17
4475.1,23
4476.0,14
4476.3,10
4477.0,8
4477.1,37
4477.2,39
4477.4,19
4477.7,25
4477.8,6
4479.2,26
4479.2,29
4479.3,21
4479.3,24
4479.6,7
4480.8,13
4481.3,0
4482.2,18
4482.5,28
4482.6,4
4483.0,36
4483.5,3
4483.5,5
4483.6,16
4483.8,31
4484.1,22
4484.3,2
4484.7,12
4484.7,38
4484.8,8
4484.9,11
4485.1,25
4485.5,1
4485.5,39
4486.2,24
4486.4,35
4486.6,33
4487.0,23
4487.9,9
4488.3,17
4490.5,37
4490.7,10
4492.7,30
4492.9,18
4493.5,0
4493.6,13
4493.8,14
4493.9,34
4494.5,6
4494.9,26
4495.0,19
4495.0,25
4495.1,3
4495.8,27
4495.8,32
4496.2,12
4497.0,31
4497.1,8
4497.3,24
4498.6,16
4498.8,2
4499.7,17
4500.6,11
4501.1,4
4501.4,0
4501.8,3
4501.8,39
4502.7,28
4503.2,35
4503.4,23
4504.2,25
4504.4,33
4504.8,10
4506.4,22
4507.3,36
4507.4,29
4507.7,18
4508.3,13
4508.9,31
4509.0,24
4509.8,14
4511.7,12
4512.9,19
4513.1,26
4513.2,16
4513.6,2
4513.8,8
4514.2,1
4514.4,0
4514.4,39
4514.4,30
4514.7,3
4514.9,5
4515.0,25
4515.1,13
4515.1,21
4515.2,37
4515.5,11
4515.6,28
4516.7,23
4517.4,4
4517.7,17
4518.4,10
4519.1,35
4522.7,18
4523.1,8
4523.5,31
4523.8,16
4523.9,22
4524.0,6
4524.3,33
4525.0,24
4525.0,25
4525.8,7
4526.4,3
4528.4,12
4528.5,26
4528.9,0
4529.5,27
4530.2,13
4530.2,39
4530.5,28
4530.7,1
4530.8,36
4530.9,17
4531.2,22
4531.3,8
4531.3,16
4531.3,30
4531.4,2
4531.6,14
4531.7,18
4531.7,19
4531.8,37
4532.1,23
4532.2,10
4532.6,33
4533.1,3
4533.1,20
4533.7,24
4533.8,29
4534.2,25
4534.4,11
4535.4,5
4537.2,6
4538.2,9
4538.3,4
4538.4,13
4539.8,0
4539.9,35
4540.7,28
4541.0,12
4541.5,26
4541.7,8
4542.4,3
4542.4,16
4542.5,2
4544.3,18
4545.0,11
4545.0,23
4545.0,31
4546.6,37
4546.7,10
4547.0,24
4547.3,19
4548.0,39
4548.7,33
4549.0,17
4549.5,25
4550.0,14
4550.3,1
4550.3,13
4552.2,0
4552.5,8
4554.2,12
4555.0,15
4555.2,3
4555.5,26
4555.6,4
4556.1,28
4556.6,16
4556.6,36
4557.8,31
4557.9,10
4558.1,25
4558.2,2
4558.3,35
4558.5,5
4558.5,18
4558.5,23
4559.0,13
4559.1,17
4559.1,34
4559.3,6
4559.4,29
4559.4,30
4559.6,22
4559.7,24
4559.8,8
4561.0,11
4561.2,0
4565.2,3
4565.2,39
4565.3,28
4565.9,19
4568.0,24
4569.4,26
4569.5,25
4569.7,10
4569.9,20
4570.2,0
4570.5,16
4571.2,13
4571.3,17
4571.6,2
4571.6,23
4571.6,35
4572.2,5
4574.1,18
4575.0,8
4575.3,38
4575.4,31
4575.9,7
4575.9,30
4576.4,14
4576.6,25
4576.8,3
4576.8,6
4576.9,19
4576.9,34
4577.1,33
4577.2,36
4577.6,26
4578.1,24
4580.7,1
4581.0,12
4581.0,16
4581.2,2
4581.7,22
4581.9,37
4582.6,13
4582.7,0
4582.8,39
4583.1,18
4583.2,11
4583.4,8
4583.4,27
4583.6,23
4584.2,32
4584.2,4
4584.4,17
4584.6,10
4584.7,28
4585.4,35
4585.7,25
4587.1,3
4589.0,24
4589.0,33
4590.2,26
4590.3,31
4590.3,17
4590.9,5
4591.1,6
4591.1,29
4591.3,2
4591.7,14
4591.8,13
4592.1,16
4592.1,25
4593.0,4
4593.3,0
4595.0,10
4595.0,39
4595.6,11
4597.1,8
4597.3,20
4597.4,19
4597.9,3
4597.9,18
4598.3,23
4598.7,22
4598.8,1
4598.9,35
4600.9,24
4602.5,26
4602.5,0
4602.5,25
4602.7,13
4603.1,37
4603.6,36
4603.8,12
4604.3,28
4604.3,39
4604.5,3
4604.5,14
4604.6,33
4605.3,8
4606.8,2
4606.9,10
4607.6,16
4608.4,17
4608.5,19
4608.6,9
4608.8,31
4610.7,24
4611.2,13
4611.7,6
4611.7,18
4612.9,23
4613.4,35
4613.8,26
4614.4,30
4616.0,11
4616.4,25
4616.7,0
4616.7,5
4616.8,28
4617.5,3
4618.5,10
4618.5,31
4618.9,34
4619.1,14
4619.5,7
4619.6,1
4619.9,2
4619.9,8
4620.0,29
4620.3,4
4620.4,12
4620.8,37
4621.3,13
4622.1,33
4622.7,26
4623.7,23
4624.4,39
4625.2,35
4625.3,20
4625.7,16
4625.9,24
4626.3,19
4626.5,17
4626.7,0
4626.7,6
4626.9,18
4628.0,25
4628.7,3
4630.5,14
4630.7,8
4631.4,13
4632.0,2
4632.7,22
4632.9,26
4633.2,0
4633.2,32
4633.3,11
4633.8,28
4634.2,10
4634.4,24
4634.5,27
4634.5,18
4634.7,3
4634.7,4
4634.8,23
4635.4,25
4636.2,31
4638.7,30
4639.4,16
4640.5,36
4640.6,6
4640.9,2
4641.1,19
4641.5,39
4641.6,1
4642.9,13
4643.5,0
4643.6,5
4644.1,35
4644.2,8
4644.3,12
4644.4,25
4645.4,17
4645.4,37
4645.6,26
4645.7,24
4645.8,10
4646.2,11
4646.4,3
4646.4,38
4647.0,23
4647.3,18
4647.9,29
4648.6,19
4648.9,28
4650.7,4
4652.3,21
4653.3,12
4653.4,16
4654.2,8
4654.3,2
4654.3,14
4654.8,13
4655.2,25
4655.6,26
4655.7,31
4656.0,39
4656.7,0
4657.0,22
4657.0,35
4657.2,33
4658.0,9
4658.2,17
4659.9,20
4660.8,24
4661.5,6
4661.5,10
4661.6,11
4662.3,23
4662.3,18
4662.5,30
4662.7,3
4662.8,1
4662.9,15
4663.0,19
4663.8,28
4663.8,38
4664.5,25
4664.7,7
4665.5,16
4666.5,26
4666.8,2
4667.0,8
4667.2,34
4668.2,13
4668.5,37
4669.5,12
4669.9,3
4670.4,17
4670.5,35
4670.8,22
4670.9,0
4670.9,4
4671.7,10
4672.4,31
4672.4,39
4673.6,28
4674.3,29
4674.4,36
4674.5,18
4674.7,24
4674.8,26
4674.9,23
4675.0,25
4675.4,33
4676.0,16
4678.7,30
4679.0,0
4679.3,19
4679.6,2
4679.6,14
4679.8,12
4680.2,35
4680.5,8
4681.4,3
4681.6,5
4681.9,13
4683.2,6
4683.5,10
4684.2,26
4684.5,27
4684.8,4
4684.8,28
4685.0,32
4685.8,17
4686.0,39
4687.6,18
4687.6,24
4688.1,1
4688.1,11
4688.1,16
4688.4,25
4689.2,8
4689.2,38
4689.4,0
4690.6,20
4691.1,37
4692.1,2
4692.9,13
4694.6,35
4694.7,36
4695.3,19
4695.3,31
4695.5,22
4695.7,10
4696.0,23
4696.1,26
4696.3,17
4696.7,12
4696.7,39
4696.8,3
4697.7,0
4699.8,9
4699.9,14
4700.2,25
4700.6,24
4700.8,11
4701.7,16
4701.9,6
4701.9,15
4702.3,5
4702.4,8
4703.1,29
4703.4,39
4704.9,10
4705.2,28
4706.2,26
4706.5,20
4707.4,3
4707.4,13
4707.9,17
4708.2,4
4708.2,19
4708.4,18
4709.6,25
4709.8,0
4709.9,33
4710.3,37
4710.6,35
4710.7,23
4711.1,6
4711.8,1
4712.1,16
4712.1,22
4712.1,38
4712.2,12
4712.3,30
4712.6,2
4713.5,36
4715.2,31
4715.5,8
4717.4,18
4717.8,13
4717.8,14
4718.0,24
4718.2,39
4718.3,26
4718.4,11
4718.5,28
4719.5,3
4719.5,17
4719.5,25
4719.8,0
4719.9,7
4721.4,10
4722.2,2
4722.4,23
4722.7,4
4722.7,8
4722.9,19
4723.1,1
4725.4,12
4726.2,18
4726.3,16
4727.5,35
4727.8,9
4728.5,13
4728.6,3
4729.3,27
4729.3,0
4729.9,25
4730.1,36
4730.2,29
4730.2,31
4731.7,26
4732.2,24
4733.3,17
4734.1,15
4735.7,14
4735.8,8
4736.1,20
4736.1,23
4736.1,39
4736.4,10
4736.4,22
4736.5,25
4736.5,33
4737.0,13
4737.3,6
4737.9,16
4738.0,19
4738.3,2
4738.4,37
4739.0,1
4739.0,26
4739.7,18
4740.0,11
4741.0,3
4741.0,12
4741.5,28
4742.5,35
4742.9,24
4743.5,0
4744.2,30
4746.7,17
4746.8,31
4748.0,4
4748.0,25
4748.3,23
4749.2,34
4749.4,39
4749.5,16
4749.5,38
4749.9,29
4750.1,26
4750.3,13
4750.3,18
4750.3,36
4750.5,3
4750.6,10
4750.7,5
4750.7,7
4751.3,8
4751.3,12
4752.7,0
4753.0,22
4754.5,19
4754.8,30
4755.2,2
4756.4,24
4756.4,37
4756.6,14
4758.4,25
4758.5,6
4758.5,10
4758.8,28
4758.9,35
4759.2,16
4759.2,23
4761.2,8
4761.8,13
4762.4,3
4762.4,19
4762.5,26
4762.6,33
4762.9,31
4763.4,39
4763.9,18
4764.3,17
4764.7,1
4765.2,11
4765.6,20
4765.6,0
4766.9,25
4767.1,35
4768.9,2
4768.9,24
4770.2,4
4770.7,28
4771.2,3
4772.0,8
4773.2,6
4773.2,10
4773.4,30
4773.5,13
4773.5,18
4773.6,16
4774.2,36
4774.3,39
4774.9,9
4775.3,0
4775.7,12
4775.9,26
4776.3,34
4776.8,25
4777.4,31
4778.3,19
4778.7,11
4779.2,23
4779.3,22
4780.0,7
4780.1,35
4780.3,14
4780.8,28
4781.5,2
4781.8,20
4782.0,17
4783.6,33
4783.8,3
4784.1,24
4784.3,4
4784.6,13
4786.4,10
4786.6,0
4787.0,1
4787.3,25
4787.3,31
4787.8,29
4787.9,39
4788.2,12
4788.2,38
4788.3,18
4788.4,16
4788.4,30
4788.5,26
4788.6,37
4788.7,8
4789.2,35
4789.7,22
4789.7,23
4790.0,6
4790.8,5
4790.8,13
4791.1,19
4791.5,0
4791.8,24
4793.7,2
4793.8,14
4794.2,3
4794.3,25
4794.4,11
4794.5,39
4794.6,28
4795.0,15
4796.1,17
4796.5,8
4797.9,16
4798.3,18
4800.6,10
4800.9,1
4801.2,13
4801.3,4
4801.3,36
4801.5,27
4801.9,20
4801.9,31
4802.0,26
4802.2,29
4802.7,3
4802.8,19
4802.9,0
4803.7,25
4806.1,33
4807.0,30
4807.1,23
4808.0,12
4809.6,2
4809.6,8
4809.6,18
4809.6,37
4810.2,6
4810.2,26
4810.5,0
4810.5,22
4810.6,35
4810.9,13
4811.2,9
4811.3,24
4811.3,39
4811.5,19
4811.7,10
4811.7,21
4812.3,16
4812.3,17
4812.6,7
4812.8,3
4813.4,31
4813.4,38
4813.6,11
4816.7,25
4818.7,23
4819.2,29
4820.6,28
4820.7,19
4821.6,17
4821.6,31
4821.9,2
4822.0,10
4822.3,24
4822.7,1
4823.0,26
4823.1,3
4823.5,20
4823.7,14
4823.8,0
4824.3,39
4824.7,5
4825.0,32
4825.1,25
4825.2,36
4825.4,18
4825.6,13
4825.6,16
4826.3,8
4827.5,12
4827.7,35
4828.3,33
4828.4,11
4829.4,37
4829.8,4
4831.2,6
4831.7,23
4832.4,0
4833.0,34
4833.3,30
4833.4,24
4833.4,25
4833.7,13
4833.8,19
4834.7,31
4834.8,3
4836.1,10
4836.8,1
4837.0,39
4837.8,27
4838.1,18
4838.2,16
4838.2,26
4838.3,2
4838.4,8
4838.7,7
4839.0,28
4839.3,17
4841.2,4
4842.5,22
4842.7,6
4842.7,11
4842.9,29
4843.0,12
4843.1,0
4843.5,19
4843.6,3
4843.9,35
4844.0,38
4844.3,25
4845.5,13
4845.6,36
4846.7,10
4847.5,23
4847.5,28
4847.7,14
4848.7,24
4850.1,16
4850.4,26
4850.5,5
4850.8,8
4852.0,31
4852.3,33
4852.4,39
4853.1,18
4853.4,9
4854.2,6
4854.9,0
4855.3,25
4855.5,3
4856.0,2
4856.0,30
4856.2,19
4856.4,1
4857.8,17
4858.1,37
4858.2,11
4858.6,4
4859.2,13
4860.1,8
4860.5,22
4860.7,14
4860.9,12
4861.0,24
4861.3,10
4861.4,25
4862.4,35
4862.7,26
4864.0,7
4864.4,39
4864.7,3
4865.0,23
4865.6,0
4866.4,16
4866.7,18
4868.0,13
4868.6,1
4869.1,30
4869.2,2
4870.1,38
4870.3,28
4871.1,35
4871.5,31
4871.6,19
4872.1,6
4872.3,33
4872.5,26
4872.7,29
4873.4,8
4873.6,11
4873.8,23
4874.2,20
4874.6,24
4875.1,12
4875.7,0
4875.9,25
4877.2,13
4877.2,16
4877.4,3
4878.0,4
4878.3,36
4878.3,39
4878.4,34
4878.7,10
4879.1,9
4880.8,17
4882.0,26
4882.8,8
4883.1,15
4883.5,14
4883.7,30
4883.9,2
4884.2,18
4884.2,19
4884.3,0
4884.4,31
4884.4,33
4884.5,24
4884.7,35
4884.9,5
4885.1,3
4885.5,6
4886.2,13
4886.4,28
4887.1,25
4889.1,7
4889.2,22
4890.6,32
4890.6,12
4890.6,37
4890.8,11
4890.9,23
4890.9,29
4892.0,10
4892.4,16
4892.4,39
4892.4,2
4892.6,8
4893.0,0
4893.6,3
4893.7,26
4894.1,19
4896.1,1
4896.2,36
4896.3,17
4896.4,18
4897.2,25
4898.0,13
4899.6,35
4899.8,24
4900.4,27
4900.6,23
4901.0,3
4902.2,19
4902.3,28
4902.7,8
4902.8,0
4903.0,31
4903.6,15
4904.0,5
4904.5,16
4904.6,10
4904.6,26
4905.0,30
4905.2,13
4905.7,2
4905.8,20
4906.0,4
4906.2,39
4906.7,37
4907.0,6
4907.0,11
4907.2,25
4907.9,14
4908.4,33
4909.8,24
4912.0,16
4912.2,18
4912.3,10
4912.5,8
4912.8,17
4913.1,1
4913.2,22
4913.8,29
4913.8,38
4914.6,31
4914.7,19
4914.8,3
4915.0,0
4915.2,12
4915.6,23
4915.9,35
4916.5,26
4916.7,36
4917.5,30
4918.8,13
4920.9,4
4921.6,39
4922.0,24
4922.2,25
4922.6,14
4923.0,3
4923.2,11
4923.4,5
4923.7,0
4923.8,2
4923.9,32
4924.1,28
4924.4,18
4924.4,31
4924.9,9
4925.1,6
4925.3,10
4926.0,37
4927.2,8
4927.5,33
4928.9,36
4930.0,16
4930.2,23
4930.2,7
4930.4,34
4930.5,1
4931.1,35
4931.2,25
4931.4,22
4931.6,19
4931.7,26
4932.0,17
4932.6,3
4932.7,12
4933.0,13
4933.0,14
4933.2,2
4933.2,39
4933.4,30
4933.7,31
4934.7,6
4935.0,0
4936.3,24
4936.3,28
4937.5,18
4938.7,8
4938.7,10
4939.0,20
4940.9,19
4940.9,16
4941.1,15
4941.5,25
4942.4,4
4942.7,29
4943.2,26
4943.3,37
4943.4,38
4944.2,7
4944.5,13
4945.4,35
4945.5,31
4945.6,12
4945.7,2
4945.8,11
4946.2,39
4946.6,0
4946.6,24
4948.1,36
4948.8,27
4949.5,3
4950.3,10
4950.4,23
4950.8,8
4951.6,28
4951.9,16
4952.5,18
4953.6,22
4954.2,26
4954.3,14
4954.3,25
4954.5,2
4954.9,1
4955.3,5
4956.2,19
4957.3,17
4959.0,6
4959.5,13
4959.6,12
4959.6,31
4960.2,37
4960.6,24
4960.6,30
4960.7,9
4960.9,3
4961.3,0
4961.5,8
4962.2,16
4962.3,39
4963.1,4
4964.3,25
4964.8,23
4964.8,26
4964.9,33
4965.2,18
4966.7,35
4967.4,11
4967.8,2
4969.4,10
4970.3,19
4970.8,36
4971.2,24
4971.4,13
4971.9,1
4972.2,7
4972.6,16
4972.8,0
4973.3,3
4974.2,25
4974.8,8
4975.5,26
4975.8,28
4977.0,17
4978.0,31
4978.1,14
4978.1,22
4978.2,23
4978.3,29
4979.0,2
4979.2,11
4979.2,24
4979.3,4
4979.8,6
4979.8,27
4979.9,12
4980.1,18
4980.7,10
4981.2,21
4981.2,39
4981.7,25
4981.7,33
4981.8,3
4981.8,35
4981.9,30
4982.5,0
4982.6,13
4983.8,32
4984.5,19
4984.9,16
4985.1,2
4985.8,26
4989.1,37
4989.3,8
4989.4,31
4989.5,10
4989.7,17
4990.5,25
4990.5,34
4990.5,38
4991.0,5
4991.2,9
4992.6,28
4994.3,0
4994.8,13
4994.9,18
4994.9,23
4995.1,11
4995.2,3
4995.3,30
4996.0,1
4996.0,16
4996.1,24
4996.8,4
4997.3,2
4997.3,39
4997.6,26
4998.1,6
4998.3,33
4998.4,8
4999.2,29
4999.4,27
4999.5,25
4999.6,7
4999.6,14
4999.8,19
5001.3,12
5001.8,35
5002.1,10
5002.2,36
5003.4,20
5003.7,16
5005.8,18
5006.0,23
5006.5,26
5007.0,13
5007.6,3
5008.0,22
5008.1,1
5008.1,24
5008.1,28
5008.2,2
5008.6,8
5008.6,17
5011.0,5
5011.0,10
5011.2,31
5011.3,0
5011.4,39
5012.0,25
5012.2,19
5012.3,34
5014.4,11
5014.7,26
5014.8,3
5015.2,33
5015.4,35
5015.6,16
5016.9,30
5017.3,13
5017.7,6
5017.8,36
5018.1,12
5018.4,24
5019.8,8
5020.5,2
5020.8,4
5021.5,25
5021.6,31
5021.7,0
5022.1,15
5022.7,17
5023.0,37
5023.1,18
5023.6,3
5024.0,28
5024.1,14
5025.3,19
5025.4,11
5025.4,38
5026.0,16
5026.1,23
5026.2,26
5027.8,10
5028.1,24
5028.4,1
5031.8,33
5032.0,13
5033.0,25
5033.8,0
5034.1,12
5034.1,26
5034.2,35
5034.5,39
5035.1,18
5035.2,2
5035.4,8
5035.6,28
5035.8,30
5036.0,6
5036.5,31
5036.9,37
5037.7,22
5038.8,19
5038.8,27
5039.7,3
5041.3,17
5041.5,29
5041.8,9
5042.4,4
5042.4,10
5043.2,24
5043.2,36
5043.4,20
5043.7,13
5043.9,25
5044.0,16
5044.2,14
5044.2,26
5044.3,23
5044.4,5
5044.4,11
5044.4,34
5044.6,0
5044.7,7
5044.9,39
5045.6,1
5046.9,18
5047.3,2
5048.9,8
5048.9,33
5050.0,3
5050.9,12
5051.7,28
5052.3,24
5053.0,35
5053.5,23
5053.6,37
5054.0,0
5054.3,6
5054.9,13
5055.0,31
5055.2,19
5055.4,26
5055.4,38
5055.5,10
5055.8,25
5056.3,22
5056.4,11
5056.7,39
5057.5,18
5057.8,8
5058.2,4
5058.6,16
5059.2,36
5059.7,2
5059.8,3
5060.4,27
5062.2,25
5064.0,17
5064.1,0
5064.3,14
5064.4,12
5065.1,1
5065.1,29
5065.6,24
5065.9,13
5067.1,26
5067.3,10
5068.1,19
5068.1,28
5068.1,34
5068.5,7
5068.5,8
5068.5,35
5068.5,38
5068.7,33
5068.7,39
5069.1,3
5069.3,30
5071.8,23
5071.8,31
5071.9,2
5072.2,37
5072.3,16
5072.5,4
5072.5,18
5073.1,11
5073.7,13
5074.6,17
5075.1,9
5075.2,25
5076.0,0
5076.2,3
5076.2,39
5076.9,5
5077.2,36
5077.4,6
5077.6,24
5078.4,22
5080.8,2
5081.0,26
5081.4,23
5081.9,8
5082.9,16
5083.8,19
5083.9,10
5083.9,25
5084.0,14
5084.2,18
5084.2,7
5084.9,35
5085.2,1
5085.5,33
5085.6,28
5085.7,4
5085.7,30
5086.0,12
5086.1,11
5086.4,39
5086.9,13
5087.6,17
5088.2,0
5089.1,3
5089.9,26
5091.2,37
5091.3,31
5092.8,8
5094.4,27
5095.0,23
5095.1,24
5095.3,18
5095.9,19
5095.9,22
5096.3,13
5096.7,2
5097.2,25
5097.4,0
5097.7,21
5097.7,29
5098.3,6
5099.6,28
5099.7,4
5099.7,16
5099.8,12
5099.8,10
5099.8,39
5100.0,38
5100.3,30
5100.5,17
5102.5,2
5103.4,14
5103.5,11
5103.6,26
5104.2,36
5105.1,33
5105.9,37
5106.2,35
5106.3,3
5106.9,8
5107.1,25
5107.7,23
5108.0,24
5108.4,13
5108.5,0
5108.5,1
5109.0,19
5109.3,20
5109.4,31
5109.5,10
5109.5,18
5110.7,39
5111.4,16
5111.8,5
5114.6,8
5114.6,30
5114.7,26
5115.8,17
5116.0,2
5117.7,3
5118.4,4
5118.5,27
5119.0,0
5119.0,24
5119.5,25
5119.9,11
5120.3,16
5120.5,1
5120.7,22
5121.2,23
5121.3,35
5121.4,10
5121.4,36
5122.6,13
5122.9,12
5123.0,28
5123.5,37
5123.7,19
5123.8,34
5124.2,31
5124.6,3
5124.8,6
5125.1,26
5125.3,33
5126.0,8
5126.1,18
5126.4,14
5126.4,25
5127.4,7
5127.7,2
5129.6,10
5130.2,38
5130.2,16
5130.5,0
5130.9,24
5131.2,17
5131.3,39
5132.5,29
5133.8,26
5134.9,9
5134.9,35
5135.4,23
5135.8,5
5135.8,8
5135.9,36
5136.0,32
5136.0,13
5137.1,31
5137.2,4
5137.3,18
5137.3,19
5137.4,12
5137.5,1
5137.9,0
5138.3,25
5139.2,3
5139.4,22
5139.4,27
5139.6,28
5139.6,33
5139.8,30
5139.9,10
5140.1,37
5140.8,39
5142.4,2
5142.6,20
5142.7,16
5143.8,11
5144.0,6
5146.0,8
5146.4,14
5147.1,24
5147.2,13
5147.9,35
5148.0,25
5148.2,17
5150.0,0
5150.9,31
5151.4,4
5151.5,3
5152.3,26
5152.4,30
5152.6,10
5152.7,19
5153.6,33
5154.6,25
5154.6,39
5154.8,8
5154.9,2
5154.9,16
5155.0,23
5155.3,24
5155.4,7
5156.0,18
5156.5,28
5158.1,0
5158.1,1
5158.2,35
5158.7,37
5158.9,11
5159.2,12
5159.5,3
5161.9,13
5162.0,14
5163.0,22
5163.6,36
5164.2,26
5164.8,10
5165.7,29
5166.1,9
5166.1,27
5166.2,8
5166.3,24
5166.5,25
5167.5,4
5167.5,38
5168.0,18
5168.2,35
5168.7,2
5168.8,31
5170.4,16
5170.4,28
5170.6,0
5170.9,23
5171.0,39
5171.2,6
5171.6,13
5172.1,17
5173.5,5
5173.9,19
5174.1,3
5174.1,8
5174.3,24
5174.4,26
5174.5,12
5175.1,1
5175.1,15
5175.1,34
5175.2,20
5175.8,11
5175.8,25
5175.8,33
5175.9,30
5176.0,10
5177.3,31
5178.0,0
5180.2,13
5180.2,16
5182.8,32
5183.6,14
5183.8,23
5183.9,18
5184.1,8
5184.2,2
5184.4,4
5184.8,37
5184.8,28
5185.0,35
5185.2,3
5185.5,25
5185.5,39
5186.2,26
5186.3,31
5187.0,13
5188.0,24
5190.0,17
5190.5,36
5191.4,29
5192.1,11
5192.2,0
5192.4,3
5192.9,19
5193.0,1
5193.0,25
5193.4,18
5193.5,8
5194.2,16
5194.4,6
5194.7,13
5196.0,14
5196.0,28
5196.6,39
5197.2,30
5197.7,31
5197.9,12
5199.1,10
5199.2,26
5199.5,2
5200.2,24
5201.2,3
5201.2,5
5201.2,33
5203.0,17
5203.3,18
5203.4,29
5204.1,7
5204.4,13
5205.6,0
5205.8,25
5206.0,23
5206.8,28
5207.0,27
5207.1,8
5207.1,10
5207.7,6
5207.7,16
5208.0,35
5208.2,19
5208.2,37
5208.2,39
5208.8,4
5209.1,20
5209.8,11
5210.9,2
5212.4,26
5212.6,3
5212.6,30
5213.6,24
5215.2,13
5215.5,22
5216.5,0
5216.5,1
5217.7,18
5217.9,17
5218.1,31
5218.3,25
5218.7,14
5219.1,8
5219.2,23
5219.5,35
5219.8,10
5220.1,11
5220.5,39
5220.7,19
5222.2,2
5222.7,13
5222.9,12
5223.3,16
5223.5,36
5224.3,28
5225.3,26
5226.1,3
5226.1,5
5226.7,4
5227.0,7
5227.0,25
5227.5,37
5228.0,10
5228.2,24
5228.3,33
5228.5,0
5229.7,38
5229.8,39
5230.0,31
5230.5,14
5231.3,23
5231.9,2
5232.1,8
5233.4,6
5233.5,26
5233.7,19
5234.0,16
5235.3,18
5236.6,13
5237.3,35
5237.4,25
5237.5,12
5237.6,30
5238.0,11
5238.0,20
5238.1,3
5238.1,29
5238.5,0
5238.5,24
5238.7,17
5239.4,9
5239.8,10
5241.1,37
5242.2,28
5243.5,23
5244.6,8
5244.6,16
5245.0,3
5245.4,4
5245.6,2
5246.0,39
5246.3,13
5246.4,25
5246.8,1
5246.8,14
5246.8,31
5246.9,18
5248.0,26
5249.0,0
5249.4,22
5250.0,34
5250.2,12
5250.5,36
5250.6,10
5250.9,16
5252.7,35
5253.4,5
5253.4,6
5253.6,19
5253.7,30
5254.1,33
5254.8,25
5255.1,22
5256.1,20
5256.4,18
5256.5,23
5257.2,3
5257.3,15
5257.5,28
5257.7,39
5258.0,2
5258.2,29
5258.3,11
5258.8,24
5259.0,38
5259.2,4
5259.2,17
5260.0,0
5260.5,36
5260.6,8
5260.8,16
5260.9,13
5260.9,31
5264.1,26
5265.1,1
5265.1,37
5265.4,14
5265.6,25
5265.8,35
5265.9,12
5266.2,10
5266.7,27
5267.7,3
5268.1,24
5268.4,0
5268.5,2
5268.6,23
5268.7,6
5270.5,8
5270.8,18
5271.6,13
5273.0,17
5273.5,33
5273.8,16
5273.8,39
5274.0,19
5274.0,28
5274.2,26
5275.0,30
5275.4,25
5275.4,31
5275.8,20
5276.1,4
5277.0,36
5277.8,10
5279.3,2
5279.5,23
5279.8,3
5279.9,8
5281.1,24
5281.4,9
5281.6,12
5282.3,6
5282.9,0
5282.9,13
5282.9,14
5283.5,22
5283.6,21
5283.7,35
5284.1,5
5284.7,18
5285.8,16
5286.0,25
5286.9,11
5286.9,26
5286.9,37
5288.2,3
5288.8,10
5288.8,30
5290.6,1
5290.6,28
5291.0,29
5291.4,19
5291.5,24
5291.8,8
5291.8,17
5292.2,27
5292.5,0
5292.5,34
5292.6,33
5292.8,39
5293.0,2
5293.0,7
5293.6,4
5294.3,31
5294.8,25
5295.2,11
5295.3,13
5295.8,23
5296.6,18
5297.0,26
5297.6,35
5299.0,8
5299.3,16
5300.1,12
5300.6,36
5300.7,10
5301.0,0
5301.5,5
5301.9,6
5302.3,39
5302.8,24
5302.8,25
5302.8,37
5302.9,3
5303.7,28
5304.0,20
5304.2,2
5304.2,14
5306.8,18
5307.2,19
5307.6,22
5307.9,16
5308.0,31
5308.6,7
5308.8,10
5308.9,13
5309.0,23
5309.0,26
5309.6,38
5311.2,35
5311.3,3
5311.3,17
5311.6,0
5314.1,30
5314.3,1
5314.9,39
5315.0,8
5315.0,25
5316.2,28
5316.5,11
5316.6,4
5316.7,34
5316.8,24
5317.0,20
5317.7,2
5318.4,13
5318.4,19
5319.2,26
5320.0,3
5320.4,33
5321.1,0
5321.5,14
5321.8,12
5322.9,16
5323.3,18
5323.3,25
5323.4,31
5324.7,17
5325.1,27
5325.4,23
5327.3,1
5327.3,39
5327.8,10
5328.8,3
5329.2,36
5329.3,13
5329.6,8
5329.9,25
5330.2,28
5330.4,26
5330.7,11
5330.8,35
5331.2,2
5331.9,29
5332.6,31
5333.7,14
5333.9,24
5334.2,33
5334.5,16
5335.2,0
5336.1,6
5336.7,19
5337.6,30
5338.9,23
5339.0,13
5339.6,10
5339.8,4
5340.0,12
5340.3,18
5340.5,25
5340.6,39
5341.0,3
5341.4,34
5341.5,1
5341.5,31
5342.0,11
5342.1,37
5343.5,17
5344.1,0
5344.9,35
5345.7,8
5346.1,38
5346.8,16
5346.9,26
5346.9,30
5347.5,22
5347.7,2
5347.7,3
5348.5,19
5348.6,28
5348.9,5
5349.0,10
5349.2,18
5349.8,25
5351.5,13
5351.5,17
5351.5,24
5351.8,9
5351.9,20
5352.0,0
5353.1,6
5353.2,23
5354.7,12
5355.0,33
5356.6,8
5356.7,39
5356.9,36
5357.2,26
5357.3,4
5357.4,31
5357.5,7
5358.3,14
5358.8,13
5358.9,32
5359.1,2
5359.1,10
5359.1,27
5359.7,25
5359.9,16
5361.6,3
5362.0,18
5362.7,17
5363.2,11
5363.3,24
5364.1,22
5364.2,0
5364.2,1
5364.3,19
5365.0,29
5366.7,23
5367.1,34
5367.3,35
5367.3,37
5368.5,28
5368.9,13
5369.6,12
5371.3,8
5371.6,2
5372.2,4
5372.3,25
5372.5,3
5372.6,24
5372.7,39
5372.9,5
5372.9,16
5373.3,26
5373.4,6
5373.7,9
5373.8,33
5374.2,18
5375.0,0
5375.2,31
5375.4,10
5375.6,30
5377.2,23
5377.4,36
5377.9,17
5378.7,20
5378.9,19
5379.9,13
5380.7,16
5380.8,11
5382.5,2
5382.6,24
5383.8,25
5383.9,28
5384.1,4
5384.3,8
5384.4,14
5384.9,3
5385.0,0
5385.2,39
5386.8,19
5387.0,13
5387.1,10
5387.2,29
5387.4,26
5387.7,33
5388.1,22
5388.3,18
5388.7,7
5391.2,12
5391.2,23
5391.2,35
5392.0,17
5392.1,1
5392.4,8
5393.9,30
5394.0,19
5394.6,11
5394.6,13
5395.2,16
5395.9,0
5396.7,31
5397.8,2
5397.9,4
5398.0,24
5398.2,26
5398.5,6
5398.5,37
5399.2,22
5399.8,25
5400.3,3
5400.3,10
5401.2,39
5401.5,28
5402.6,35
5403.1,14
5403.4,18
5403.6,8
5403.9,12
5404.0,5
5404.3,20
5404.8,27
5405.2,38
5405.7,32
5405.8,25
5405.9,16
5406.3,0
5406.3,17
5406.9,13
5407.1,3
5407.1,36
5407.3,31
5407.4,19
5407.4,24
5407.6,33
5408.6,23
5408.8,28
5408.9,26
5409.2,10
5409.2,18
5411.1,8
5411.2,11
5411.6,2
5411.6,39
5412.2,30
5412.3,7
5413.7,9
5413.8,22
5414.2,35
5415.1,17
5415.2,24
5415.3,4
5415.8,0
5415.8,34
5416.1,31
5416.3,25
5416.5,37
5416.7,6
5416.8,13
5417.4,23
5418.5,3
5419.3,10
5420.9,16
5422.0,12
5422.3,19
5423.9,1
5423.9,28
5424.0,27
5424.1,23
5424.1,2
5424.5,30
5425.0,26
5425.9,18
5425.9,29
5426.0,8
5426.4,39
5426.5,0
5427.5,3
5428.9,35
5429.7,13
5429.9,19
5430.5,16
5430.7,10
5431.2,14
5431.3,25
5431.9,5
5431.9,11
5432.1,17
5432.1,36
5432.2,24
5432.6,33
5433.7,4
5434.1,8
5434.1,31
5436.2,18
5437.1,2
5437.2,39
5437.3,0
5437.6,26
5438.8,13
5438.8,20
5440.7,28
5442.1,10
5442.1,35
5442.7,3
5444.5,1
5445.0,25
5445.2,30
5445.4,23
5446.6,9
5446.9,29
5447.0,14
5447.0,11
5447.2,0
5447.4,12
5447.6,37
5447.7,6
5447.8,22
5447.8,26
5448.4,8
5448.5,16
5448.8,31
5448.9,19
5449.2,13
5449.7,2
5450.1,35
5450.1,39
5450.3,3
5450.4,18
5450.4,24
5451.9,28
5454.1,36
5454.5,10
5454.9,25
5454.9,17
5455.6,30
5456.1,5
5456.2,3
5456.3,34
5456.5,4
5457.1,23
5457.3,33
5458.3,0
5459.0,7
5459.0,38
5459.5,8
5459.9,13
5460.4,15
5460.5,1
5460.5,11
5460.7,31
5462.8,26
5463.3,18
5463.6,27
5463.9,2
5463.9,19
5464.5,16
5464.5,25
5466.4,14
5466.7,24
5467.6,35
5467.8,28
5468.1,30
5469.5,12
5469.9,39
5470.0,3
5470.1,8
5470.5,13
5470.6,0
5470.6,22
5470.7,23
5471.1,10
5471.6,26
5473.5,37
5473.8,29
5474.4,6
5475.0,17
5476.2,16
5476.9,18
5477.0,11
5477.2,25
5478.0,31
5478.4,2
5478.4,5
5479.2,24
5479.5,39
5480.3,14
5480.5,0
5481.0,13
5481.0,26
5481.2,7
5481.3,33
5481.4,1
5482.4,8
5483.1,3
5483.1,10
5483.1,19
5483.4,35
5484.0,28
5484.1,9
5484.1,32
5484.4,4
5484.4,6
5485.9,25
5486.1,17
5486.6,23
5486.8,16
5487.0,18
5487.0,22
5487.8,36
5488.3,13
5491.7,27
5492.3,31
5492.7,25
5493.3,0
5493.4,24
5493.5,12
5493.5,14
5493.6,11
5493.7,26
5494.2,10
5494.5,38
5494.8,2
5494.9,39
5495.2,19
5495.7,34
5495.8,3
5496.6,13
5497.1,30
5497.3,28
5497.3,20
5497.5,8
5499.2,35
5499.2,16
5499.4,33
5499.7,37
5501.4,24
5502.2,0
5502.5,26
5503.1,17
5504.0,6
5505.2,25
5505.2,36
5505.5,23
5505.7,3
5506.1,10
5507.1,31
5507.6,8
5507.6,14
5507.8,16
5508.1,2
5508.1,39
5508.7,4
5508.9,13
5509.9,18
5510.3,19
5510.3,24
5511.8,0
5512.0,5
5512.5,28
5512.9,25
5513.1,29
5513.2,35
5514.1,1
5514.1,26
5514.2,30
5514.4,9
5514.4,17
5514.4,22
5515.4,27
5516.4,8
5516.5,3
5516.8,12
5516.9,11
5519.1,23
5519.7,0
5520.0,37
5520.8,2
5520.8,13
5521.0,39
5521.7,4
5522.3,6
5522.5,10
5522.7,16
5523.2,18
5524.0,24
5524.1,14
5524.2,25
5524.3,19
5525.6,17
5525.7,7
5525.8,31
5525.9,0
5526.4,26
5526.4,28
5526.5,35
5526.9,33
5527.6,8
5528.4,3
5528.7,13
5531.3,36
5531.4,23
5531.5,30
5532.1,10
5532.8,16
5533.5,1
5534.1,5
5535.1,37
5535.2,25
5535.4,3
5535.4,11
5535.7,24
5536.5,26
5538.1,20
5538.2,2
5538.2,14
5538.3,4
5538.8,13
5538.8,18
5539.3,8
5540.3,39
5541.5,19
5541.8,0
5542.3,28
5542.7,10
5543.3,17
5543.6,34
5543.7,29
5544.0,22
5544.0,31
5544.0,38
5544.1,35
5544.4,23
5545.1,2
5545.3,24
5545.4,6
5546.0,8
5548.4,13
5549.3,3
5549.4,5
5549.4,27
5549.5,12
5549.7,4
5549.9,11
5550.0,25
5550.8,16
5551.4,18
5551.6,0
5552.0,31
5552.0,36
5552.5,1
5552.5,2
5552.9,26
5553.2,28
5554.0,23
5554.3,33
5555.1,6
5555.2,8
5556.1,19
5556.1,37
5556.4,24
5556.4,39
5556.7,10
5557.3,22
5558.9,16
5559.7,0
5559.8,13
5559.8,35
5560.6,25
5560.7,30
5562.1,14
5564.2,18
5564.3,26
5564.6,17
5564.9,3
5565.1,12
5565.3,38
5565.6,4
5565.6,24
5565.7,20
5566.5,2
5566.5,11
5566.6,7
5567.1,23
5568.1,10
5568.3,39
5568.5,37
5570.1,19
5570.3,8
5570.6,9
5570.7,31
5571.1,16
5571.1,36
5571.2,0
5571.5,3
5571.6,29
5572.0,25
5572.0,28
5572.7,13
5573.3,33
5574.3,6
5575.6,14
5576.1,2
5576.1,17
5576.1,24
5576.4,5
5577.1,1
5577.6,35
5577.7,18
5577.8,30
5578.1,10
5578.1,26
5578.4,11
5578.7,12
5580.1,28
5580.6,25
5582.4,8
5582.8,3
5582.8,23
5583.0,16
5583.7,36
5584.1,27
5584.2,39
5584.3,0
5584.5,19
5585.1,4
5585.1,13
5585.2,26
5586.1,22
5587.4,31
5587.5,10
5588.7,2
5592.1,18
5592.5,24
5592.6,17
5593.0,25
5593.8,16
5594.0,35
5594.5,37
5594.7,8
5594.8,3
5595.2,13
5595.3,11
5595.4,19
5595.6,20
5595.9,7
5596.1,29
5596.6,12
5596.7,28
5597.0,4
5597.4,39
5597.7,0
5597.7,10
5598.3,14
5598.6,26
5599.4,23
5601.3,33
5602.3,25
5603.4,13
5603.5,24
5603.6,2
5603.8,8
5606.1,16
5607.6,31
5607.7,28
5608.4,3
5608.9,0
5609.5,22
5609.5,35
5609.6,6
5609.7,34
5609.8,19
5610.6,36
5611.1,18
5611.3,10
5611.3,11
5611.5,12
5613.0,25
5613.2,2
5613.3,26
5613.4,39
5613.5,38
5614.0,8
5614.1,0
5614.2,13
5614.4,23
5615.0,17
5615.4,4
5615.7,29
5615.8,24
5616.0,3
5616.7,16
5617.0,5
5617.3,14
5617.3,37
5617.4,30
5618.2,19
5620.7,1
5620.8,26
5621.2,31
5621.7,33
5622.0,18
5623.1,9
5624.7,35
5625.0,13
5625.2,25
5625.3,28
5626.5,2
5626.7,7
5627.1,11
5627.2,8
5627.4,3
5627.4,22
5627.7,0
5628.0,10
5628.9,36
5629.9,24
5630.2,12
5630.6,19
5630.7,39
5631.1,17
5631.6,16
5632.0,6
5632.4,26
5633.6,28
5633.6,34
5633.7,4
5634.9,13
5635.0,3
5636.2,8
5636.4,25
5636.6,29
5637.0,23
5638.9,2
5639.0,30
5639.2,11
5639.4,35
5639.7,0
5639.8,18
5640.8,10
5641.4,27
5642.0,1
5642.0,31
5642.0,38
5642.1,37
5642.6,26
5643.0,24
5643.6,3
5643.6,16
5643.7,19
5644.2,13
5644.3,5
5644.5,25
5644.9,22
5645.4,33
5645.8,17
5646.2,0
5646.7,8
5647.9,14
5649.1,39
5649.3,19
5650.0,20
5651.0,10
5651.2,23
5651.2,28
5651.3,4
5651.6,12
5653.0,18
5653.1,13
5653.3,6
5653.8,36
5654.5,25
5654.9,16
5655.1,2
5655.4,3
5655.8,9
5656.1,11
5656.8,15
5657.1,0
5657.2,35
5657.4,26
5657.7,8
5658.3,31
5659.8,1
5660.4,28
5661.0,19
5661.2,5
5661.9,17
5661.9,29
5662.3,23
5662.3,24
5664.9,39
5665.6,16
5666.0,25
5666.1,4
5666.4,13
5666.8,30
5667.0,10
5667.7,8
5667.7,18
5668.0,27
5668.0,33
5668.3,3
5668.7,0
5668.8,35
5668.8,38
5668.9,31
5669.4,7
5670.2,2
5670.4,37
5671.0,26
5671.5,22
5672.3,25
5673.0,12
5674.7,28
5674.8,36
5675.5,19
5675.8,23
5676.3,39
5676.4,10
5676.4,24
5677.1,18
5677.5,13
5677.8,16
5678.7,35
5678.9,29
5679.0,17
5679.2,8
5679.3,0
5679.8,1
5680.7,3
5681.0,2
5681.6,11
5681.7,26
5683.0,25
5683.9,33
5685.0,13
5685.5,12
5685.8,6
5686.5,19
5687.5,14
5687.9,10
5688.2,4
5688.8,23
5689.6,16
5690.0,31
5690.2,0
5690.4,20
5691.2,8
5691.2,39
5691.2,3
5691.2,18
5691.6,5
5691.6,30
5691.7,24
5691.9,28
5692.4,25
5692.7,17
5692.7,36
5692.7,34
5693.3,2
5693.4,26
5693.8,13
5693.9,37
5695.4,27
5697.2,22
5697.5,15
5698.0,35
5698.5,10
5699.1,1
5699.7,3
5699.9,25
5700.1,14
5701.1,23
5701.4,7
5701.5,16
5701.9,12
5701.9,20
5701.9,24
5702.3,13
5702.3,18
5702.5,29
5702.8,26
5703.4,11
5703.7,8
5703.9,19
5705.1,0
5705.1,2
5705.1,9
5705.8,4
5706.3,6
5706.7,35
5708.5,28
5708.7,25
5709.4,10
5709.8,3
5709.8,33
5710.5,39
5710.6,13
5710.9,16
5711.0,31
5712.2,14
5713.2,26
5713.5,8
5714.9,36
5715.2,27
5715.5,17
5715.9,24
5716.6,30
5716.7,0
5717.7,23
5717.9,18
5718.1,37
5719.2,12
5720.0,33
5720.5,10
5720.7,3
5720.9,1
5721.3,4
5721.7,25
5722.4,13
5722.4,31
5722.7,38
5722.9,19
5723.2,2
5723.4,5
5723.6,22
5723.8,28
5724.3,24
5724.6,16
5724.6,29
5725.2,26
5725.4,35
5725.5,8
5725.5,11
5727.6,17
5727.8,39
5728.5,25
5728.8,6
5728.9,0
5729.0,37
5730.5,14
5730.7,27
5731.5,10
5731.7,30
5732.6,3
5732.6,13
5733.0,18
5733.6,23
5734.1,21
5734.6,28
5734.9,24
5735.0,20
5735.7,16
5736.2,2
5736.6,8
5737.0,26
5737.7,31
5737.9,32
5738.5,35
5739.0,36
5739.1,0
5739.7,15
5740.3,12
5740.3,33
5740.8,17
5741.1,39
5741.4,19
5741.5,25
5743.4,6
5743.8,4
5744.6,18
5744.8,34
5744.9,11
5745.2,13
5745.5,2
5745.7,10
5745.7,23
5746.0,3
5746.1,9
5746.2,7
5746.3,24
5746.4,30
5746.5,5
5746.6,16
5747.2,26
5747.3,14
5747.3,35
5747.6,8
5748.7,27
5749.8,0
5750.1,33
5751.0,12
5751.5,25
5752.1,13
5752.2,29
5752.4,31
5752.9,22
5753.2,23
5753.3,28
5753.7,19
5755.6,39
5755.8,3
5756.0,18
5757.1,2
5757.2,1
5757.2,8
5758.0,26
5758.6,16
5758.8,24
5759.4,25
5759.6,4
5760.9,17
5761.3,0
5762.6,10
5762.7,20
5762.8,6
5764.2,30
5764.3,14
5764.6,37
5765.0,36
5765.6,26
5765.6,35
5765.9,13
5766.9,11
5767.7,28
5769.0,3
5770.0,19
5770.0,25
5770.6,12
5770.8,18
5771.6,31
5771.7,8
5771.8,16
5772.0,23
5772.4,33
5772.5,38
5772.5,39
5772.9,2
5773.5,27
5773.6,10
5773.8,7
5774.0,17
5774.0,24
5774.4,0
5775.0,13
5775.1,22
5775.3,5
5775.6,3
5775.9,26
5776.3,36
5776.8,1
5776.8,15
5781.3,8
5781.8,29
5782.2,23
5782.5,6
5782.7,16
5782.9,18
5782.9,37
5783.0,35
5783.2,12
5783.2,25
5783.7,28
5784.0,34
5784.1,14
5784.4,24
5785.0,2
5786.2,31
5786.4,39
5789.6,26
5789.7,0
5789.7,13
5789.7,30
5790.1,19
5791.2,21
5791.5,3
5791.5,11
5792.2,8
5792.2,10
5792.4,18
5792.7,22
5792.9,35
5793.3,23
5793.6,17
5795.6,16
5795.9,5
5797.3,9
5797.6,4
5797.9,2
5798.4,3
5798.5,24
5798.6,1
5798.7,25
5799.1,28
5799.1,0
5800.0,26
5800.5,6
5800.6,36
5800.8,33
5800.9,31
5801.3,12
5802.0,30
5802.7,13
5803.3,18
5803.5,19
5803.7,39
5804.0,8
5804.3,37
5805.1,14
5806.0,10
5807.2,13
5807.9,20
5809.2,29
5810.1,3
5810.4,26
5810.8,35
5810.9,28
5811.0,16
5811.0,24
5811.3,33
5811.6,11
5811.7,31
5812.2,22
5812.4,17
5812.4,23
5812.4,25
5812.5,2
5812.9,5
5813.2,8
5814.0,18
5814.5,0
5816.6,10
5816.8,6
5816.9,19
5817.3,1
5819.6,3
5819.7,13
5819.9,37
5822.1,4
5822.1,25
5822.8,24
5823.2,0
5823.2,12
5823.2,26
5823.3,35
5823.7,8
5824.3,17
5824.4,39
5824.8,16
5824.9,14
5825.1,18
5825.3,7
5825.9,30
5826.0,31
5828.1,2
5828.8,36
5829.6,20
5829.8,10
5829.9,11
5829.9,13
5830.7,19
5831.1,28
5831.6,8
5832.5,23
5832.9,34
5833.1,3
5833.3,25
5833.6,24
5833.8,18
5834.3,26
5834.3,33
5834.5,0
5834.6,6
5835.3,38
5838.0,13
5838.8,31
5838.9,4
5839.3,2
5839.4,35
5840.2,16
5840.5,17
5840.9,5
5841.0,8
5841.0,39
5841.7,23
5841.8,1
5842.1,37
5842.7,25
5842.9,11
5843.1,30
5843.3,26
5843.8,14
5843.8,19
5843.9,3
5844.2,24
5844.5,9
5844.7,36
5845.1,7
5845.6,10
5845.9,28
5846.4,18
5847.5,12
5847.6,0
5848.1,20
5851.0,22
5851.1,13
5852.2,25
5852.6,23
5852.7,15
5852.8,24
5852.8,31
5853.0,16
5853.3,26
5853.8,39
5854.0,2
5854.0,11
5854.0,35
5854.3,17
5855.0,8
5857.8,10
5858.0,29
5858.5,19
5859.3,27
5859.5,3
5859.6,4
5860.1,12
5860.3,0
5860.3,33
5860.5,21
5861.0,6
5862.0,25
5862.3,36
5862.4,16
5863.0,18
5863.4,23
5863.8,28
5864.4,13
5864.9,26
5866.5,39
5867.1,10
5867.2,1
5867.4,8
5867.9,17
5868.5,2
5868.6,14
5868.8,24
5869.7,31
5870.4,11
5870.6,4
5870.6,30
5870.7,19
5871.1,0
5871.1,3
5871.1,5
5872.3,13
5873.0,37
5873.2,7
5873.6,35
5873.7,34
5873.8,23
5874.0,25
5874.5,18
5874.8,16
5875.7,28
5876.9,38
5879.8,8
5879.9,36
5880.1,10
5880.2,3
5880.2,22
5881.0,2
5882.0,0
5882.0,25
5882.0,35
5882.0,39
5882.2,5
5882.2,12
5882.2,26
5883.6,6
5883.6,11
5883.8,19
5883.9,18
5884.0,17
5884.6,13
5884.7,24
5885.1,31
5885.9,1
5887.1,16
5888.5,29
5888.9,3
5889.0,4
5889.1,14
5889.4,25
5890.6,8
5891.1,28
5891.8,10
5892.3,20
5892.4,19
5893.0,0
5893.1,26
5893.4,18
5893.4,23
5894.0,6
5894.0,13
5894.3,9
5894.5,30
5894.9,33
5895.0,24
5895.1,2
5895.3,27
5896.0,1
5896.2,35
5896.2,37
5896.9,8
5897.4,16
5898.2,34
5899.0,17
5899.1,3
5899.4,12
5900.7,25
5901.5,31
5902.4,7
5903.1,11
5904.3,26
5904.5,13
5905.1,18
5905.7,36
5906.2,10
5906.3,22
5906.6,19
5906.6,33
5906.7,0
5906.8,39
5907.7,23
5908.0,16
5908.3,28
5908.4,25
5908.4,38
5908.6,2
5908.6,5
5909.0,3
5909.0,24
5909.0,30
5909.1,14
5909.3,8
5909.6,17
5909.7,32
5910.6,26
5914.0,1
5914.7,13
5914.9,35
5916.1,15
5917.1,22
5917.8,23
5918.0,7
5918.3,10
5918.6,0
5919.0,6
5919.1,18
5919.3,39
5919.8,16
5921.0,26
5921.1,12
5921.1,25
5922.5,3
5922.8,2
5922.8,4
5923.0,35
5923.3,1
5923.5,19
5923.6,17
5923.7,13
5923.7,31
5923.7,37
5924.0,8
5924.9,29
5925.6,28
5926.0,24
5926.9,5
5927.4,16
5927.5,18
5928.7,14
5930.1,27
5931.1,25
5931.3,0
5932.7,3
5932.9,8
5932.9,10
5932.9,19
5933.1,2
5933.1,11
5933.1,26
5933.2,13
5933.3,12
5933.4,7
5934.6,23
5934.6,31
5934.7,30
5936.2,33
5936.7,22
5937.3,6
5938.7,24
5939.6,9
5939.7,39
5939.9,35
5940.1,4
5941.2,8
5941.8,28
5941.9,1
5942.0,13
5942.1,16
5942.2,10
5942.2,18
5942.6,20
5942.7,25
5943.3,36
5943.4,17
5944.0,26
5944.1,0
5944.1,3
5945.0,21
5945.3,2
5946.3,37
5948.3,14
5948.5,19
5949.9,23
5950.2,6
5950.2,15
5950.9,39
5951.4,12
5951.4,16
5951.5,31
5951.5,33
5951.6,5
5951.7,18
5952.5,11
5953.0,8
5953.8,25
5954.0,24
5954.2,10
5954.2,38
5954.3,13
5954.6,35
5955.6,3
5955.9,2
5956.6,7
5956.7,26
5957.3,0
5957.5,19
5958.6,22
5960.7,8
5960.7,6
5961.2,1
5961.4,23
5962.0,31
5962.2,28
5962.4,14
5963.1,34
5963.3,12
5963.3,37
5963.4,17
5963.9,13
5964.5,3
5964.5,24
5966.0,26
5966.1,39
5966.4,19
5966.6,16
5966.6,25
5966.8,36
5967.7,33
5968.1,0
5968.1,35
5968.2,10
5968.2,30
5968.8,11
5969.6,2
5970.9,28
5971.9,4
5972.2,18
5972.5,29
5973.6,14
5974.1,0
5974.1,8
5974.4,13
5975.3,3
5975.9,23
5975.9,31
5976.2,35
5976.3,25
5977.2,24
5977.8,38
5978.5,10
5978.9,16
5979.3,26
5979.9,17
5980.0,20
5981.1,19
5981.1,39
5981.3,12
5981.4,8
5981.9,11
5982.1,2
5982.5,6
5983.4,13
5984.2,18
5984.3,5
5984.9,37
5986.6,0
5987.0,3
5987.8,28
5988.3,29
5988.5,16
5988.9,1
5988.9,25
5989.4,10
5989.4,19
5989.4,22
5989.6,24
5989.6,33
5989.8,4
5990.0,31
5992.4,7
5992.4,14
5992.7,17
5993.0,26
5993.2,39
5993.5,27
5993.7,2
5993.8,0
5994.1,35
5994.2,23
5994.4,18
5994.6,20
5994.6,36
5995.2,30
5996.7,12
5996.7,13
5996.8,3
5997.2,25
5997.9,16
5998.1,8
5999.2,9
6001.7,31
6002.2,24
6003.1,29
6003.9,28
6004.0,18
6004.3,6
6004.6,35
6004.9,11
6005.2,2
6005.2,34
6005.6,23
6006.0,13
6006.4,16
6006.9,0
6007.4,8
6007.4,10
6008.2,39
6008.5,15
6008.8,25
6009.0,24
6010.1,26
6010.5,19
6010.9,21
6010.9,36
6011.0,38
6011.8,3
6011.9,37
6012.2,17
6012.8,1
6013.4,30
6014.1,28
6016.2,18
6016.8,4
6017.0,0
6017.1,5
6017.1,31
6017.4,22
6018.8,33
6019.1,6
6019.6,12
6020.5,10
6020.8,24
6021.0,25
6021.1,16
6021.2,3
6021.8,29
6021.9,23
6021.9,35
6022.3,8
6022.5,2
6022.6,19
6022.7,13
6022.9,17
6023.0,39
6023.2,20
6023.6,14
6023.8,26
6024.0,11
6024.1,28
6026.3,34
6027.1,0
6029.8,31
6030.3,13
6031.1,10
6031.6,16
6031.7,24
6032.1,7
6032.1,18
6032.8,25
6033.1,5
6033.2,8
6033.3,3
6033.4,6
6034.1,26
6034.3,2
6034.5,37
6035.8,23
6036.7,39
6036.9,12
6036.9,22
6039.3,13
6039.7,17
6039.7,19
6040.1,36
6040.7,4
6040.7,33
6040.8,35
6041.1,28
6041.3,0
6041.3,38
6042.0,30
6042.3,25
6042.5,24
6043.0,3
6043.3,14
6044.6,10
6044.9,8
6045.5,18
6046.8,11
6047.1,16
6048.0,26
6048.1,37
6049.1,2
6049.1,27
6049.5,39
6049.7,31
6051.0,25
6051.8,13
6052.0,1
6052.0,3
6052.0,23
6053.0,6
6053.2,28
6053.7,0
6053.7,29
6053.9,12
6054.0,9
6054.0,19
6054.2,24
6054.6,10
6054.6,35
6054.9,16
6055.5,17
6055.7,8
6056.4,36
6057.4,2
6057.7,4
6057.9,26
6058.2,20
6058.3,11
6058.5,25
6059.2,5
6059.7,18
6059.8,39
6061.1,22
6061.2,6
6061.2,33
6061.7,19
6063.8,13
6064.3,3
6065.4,27
6065.6,30
6066.0,26
6066.2,37
6066.6,16
6066.7,0
6067.6,10
6068.1,8
6068.4,28
6068.6,1
6068.7,11
6068.9,14
6069.5,24
6069.7,23
6070.1,31
6070.3,18
6070.8,25
6072.0,12
6072.2,13
6073.3,2
6073.4,35
6074.6,39
6075.7,4
6076.9,26
6077.6,34
6077.7,3
6078.4,19
6078.4,0
6078.9,16
6079.2,17
6079.4,25
6079.5,10
6079.6,23
6079.8,6
6079.8,8
6079.9,18
6079.9,24
6081.1,12
6082.0,31
6082.1,5
6083.7,13
6084.3,11
6085.1,28
6085.4,39
6086.2,37
6086.8,26
6087.8,8
6087.9,22
6088.1,30
6088.2,20
6088.3,36
6089.0,33
6089.8,25
6090.1,3
6090.2,2
6090.4,16
6091.2,38
6091.3,0
6091.3,24
6092.0,10
6092.1,35
6092.1,14
6092.7,31
6092.8,1
6092.9,17
6094.0,19
6094.2,13
6095.6,23
6095.9,4
6096.1,18
6096.4,7
6096.5,29
6096.6,25
6096.7,12
6096.9,26
6097.3,8
6097.5,28
6100.4,39
6101.3,35
6101.8,3
6102.2,27
6102.4,13
6102.8,11
6102.8,5
6103.3,6
6104.3,2
6104.5,16
6104.6,10
6105.0,18
6106.6,1
6106.8,24
6106.8,31
6106.9,0
6106.9,8
6106.9,33
6107.1,14
6107.1,19
6107.2,28
6107.7,36
6108.1,9
6108.1,17
6109.1,3
6109.6,26
6110.4,25
6111.0,39
6112.5,37
6113.0,22
6113.3,35
6113.7,13
6114.4,12
6114.5,30
6115.0,16
6115.0,23
6115.3,6
6116.0,18
6116.2,20
6116.9,24
6118.4,0
6118.6,25
6118.7,4
6119.1,11
6119.7,17
6120.9,10
6121.4,3
6121.9,39
6122.1,8
6122.3,26
6123.1,2
6123.1,28
6123.7,37
6124.0,33
6124.2,31
6124.5,13
6124.6,16
6125.3,5
6125.7,19
6126.4,27
6126.7,25
6129.0,23
6129.3,26
6129.7,36
6129.9,12
6129.9,38
6129.9,0
6130.5,6
6130.7,8
6131.0,7
6131.1,18
6131.6,1
6131.7,30
6131.9,17
6132.2,14
6132.5,24
6132.9,10
6133.4,16
6133.4,35
6133.9,3
6135.2,28
6135.4,13
6136.3,31
6136.4,39
6136.7,25
6137.2,2
6137.2,23
6137.4,4
6137.4,11
6139.4,0
6140.2,21
6140.4,9
6140.8,22
6140.9,19
6141.8,8
6142.4,16
6142.6,18
6142.7,26
6143.6,37
6144.5,33
6144.6,13
6144.7,10
6146.0,30
6147.0,24
6147.6,3
6148.4,29
6148.7,39
6149.4,25
6150.0,2
6150.0,15
6150.0,17
6150.6,5
6151.8,23
6152.0,16
6152.7,11
6153.4,6
6154.0,14
6154.1,31
6154.6,20
6154.6,28
6155.1,0
6155.1,19
6155.1,26
6155.2,8
6155.2,36
6156.3,35
6156.7,27
6157.1,10
6157.1,12
6157.3,3
6157.4,4
6157.5,13
6157.8,25
6159.4,18
6161.0,37
6162.1,2
6162.2,39
6163.1,30
6163.4,38
6164.2,0
6164.5,16
6164.7,17
6164.9,24
6166.8,33
6167.3,13
6168.3,19
6168.5,1
6168.7,14
6168.9,28
6169.1,35
6169.2,25
6169.4,3
6169.4,29
6169.6,23
6170.6,4
6170.7,26
6171.9,39
6172.0,8
6173.2,22
6173.4,11
6173.6,2
6173.6,36
6173.8,18
6174.8,10
6176.4,0
6176.6,12
6177.8,19
6178.1,30
6178.3,13
6178.6,16
6179.0,25
6180.0,7
6180.0,24
6181.1,31
6181.3,35
6181.6,5
6182.2,15
6182.3,8
6182.4,26
6182.5,37
6182.6,6
6182.6,23
6182.7,14
6183.1,3
6183.1,10
6183.1,18
6183.1,38
6184.3,33
6186.3,28
6187.8,13
6188.2,39
6188.6,2
6188.7,17
6189.3,25
6189.7,16
6191.4,8
6191.4,19
6191.5,14
6191.8,0
6191.8,3
6191.8,18
6191.9,11
6192.4,12
6192.4,36
6193.2,4
6194.3,24
6194.4,31
6195.2,26
6195.8,29
6196.4,34
6197.2,23
6198.3,10
6199.0,25
6199.2,0
6199.5,33
6199.7,2
6199.8,17
6200.6,3
6201.9,28
6201.9,13
6202.6,16
6202.7,24
6203.0,37
6203.3,8
6204.2,18
6205.2,1
6205.2,25
6205.2,39
6205.3,22
6205.5,6
6205.5,14
6205.5,30
6205.7,26
6206.1,19
6206.5,38
6206.8,0
6206.8,11
6207.2,35
6208.0,31
6208.6,36
6210.7,23
6211.5,3
6211.8,4
6212.1,24
6213.5,8
6213.6,2
6214.0,20
6214.1,5
6214.1,13
6215.5,12
6215.6,18
6215.9,0
6216.0,37
6216.6,27
6216.7,33
6217.5,26
6217.9,10
6218.0,30
6218.6,29
6218.9,39
6219.4,17
6219.4,25
6219.4,28
6219.6,7
6221.1,3
6221.1,16
6221.2,35
6222.0,6
6222.3,9
6223.5,19
6223.9,14
6224.1,13
6224.4,31
6224.7,4
6225.2,8
6225.5,18
6225.9,24
6226.3,10
6226.6,3
6226.8,0
6228.2,39
6228.7,25
6228.8,23
6229.3,26
6229.6,21
6229.7,2
6230.1,1
6231.2,28
6231.3,16
6232.5,13
6232.9,17
6232.9,37
6233.1,30
6234.0,31
6234.1,35
6234.8,11
6235.0,6
6235.2,10
6235.7,18
6235.8,33
6236.0,19
6237.0,0
6238.5,8
6239.0,5
6239.0,24
6239.1,26
6239.4,3
6240.2,12
6240.2,29
6240.8,23
6241.4,34
6241.4,38
6241.5,2
6242.4,22
6242.4,25
6242.6,4
6243.7,17
6243.8,39
6244.0,36
6244.1,14
6244.6,18
6244.8,13
6244.8,35
6245.3,28
6247.5,3
6248.3,24
6248.6,10
6249.0,26
6249.3,37
6249.5,31
6249.6,0
6249.8,11
6250.0,8
6250.2,20
6250.9,30
6251.4,36
6251.6,2
6251.7,19
6252.1,16
6252.9,33
6254.0,6
6254.9,25
6255.7,1
6255.8,4
6255.8,12
6256.3,18
6256.6,13
6256.6,39
6257.2,9
6257.3,3
6257.9,35
6258.1,10
6259.0,5
6259.6,23
6260.8,0
6261.2,7
6261.2,28
6261.5,26
6261.7,30
6262.0,17
6265.0,2
6265.2,31
6265.3,25
6266.5,13
6267.0,11
6267.0,39
6267.3,1
6267.4,8
6267.7,10
6268.1,18
6268.2,15
6268.2,24
6268.6,14
6268.8,16
6269.1,3
6269.2,37
6269.6,19
6269.9,0
6270.3,22
6271.1,4
6271.6,29
6272.6,26
6273.5,23
6275.1,5
6275.3,27
6275.9,2
6276.1,36
6276.6,13
6277.1,28
6277.2,10
6279.0,8
6279.3,31
6279.6,0
6280.0,19
6280.0,32
6280.2,25
6280.3,6
6280.6,30
6280.7,12
6280.7,35
6281.5,39
6282.1,3
6282.4,33
6282.7,18
6283.0,20
6283.2,4
6283.3,24
6283.4,16
6284.3,26
6285.4,14
6285.7,13
6286.4,25
6286.6,34
6286.7,2
6290.1,8
6290.1,35
6290.2,28
6290.2,37
6290.3,31
6290.3,10
6290.9,0
6291.1,39
6291.2,17
6291.8,5
6291.8,9
6291.8,22
6292.1,23
6292.7,1
6293.5,24
6294.6,18
6295.1,11
6295.2,6
6295.8,26
6296.3,13
6296.7,38
6297.0,25
6297.1,16
6297.5,3
6297.5,8
6297.7,10
6298.4,2
6298.8,36
6300.1,19
6300.2,29
6301.5,33
6302.9,0
6303.1,30
6303.2,28
6303.8,12
6303.9,14
6304.0,13
6304.0,31
6304.6,25
6304.7,4
6304.7,24
6305.4,16
6305.4,26
6305.7,35
6306.1,18
6306.3,37
6306.9,8
6307.2,3
6307.4,2
6308.4,10
6308.7,17
6309.1,7
6309.3,11
6309.3,39
6311.7,23
6312.6,6
6312.6,13
6314.6,22
6315.1,19
6315.1,34
6315.2,1
6315.9,37
6316.4,27
6316.8,8
6316.8,35
6318.4,2
6318.6,18
6318.7,24
6319.2,25
6319.2,30
6319.3,5
6319.8,28
6320.0,0
6320.2,36
6320.5,3
6320.8,26
6321.0,13
6321.1,16
6321.1,23
6322.0,31
6322.0,39
6322.2,21
6322.8,8
6323.0,10
6323.1,12
6323.5,33
6324.3,4
6325.6,17
6325.8,25
6326.5,0
6326.8,19
6328.4,38
6328.6,6
6329.5,13
6330.4,11
6330.7,16
6330.9,2
6331.1,24
6331.4,18
6331.5,3
6332.8,8
6332.9,26
6333.9,14
6334.7,25
6334.9,39
6335.2,19
6335.5,10
6336.0,28
6336.4,0
6336.4,22
6337.2,35
6337.6,23
6337.6,4
6337.9,13
6338.0,7
6338.2,12
6338.3,37
6338.6,31
6339.8,3
6340.0,1
6340.6,26
6341.0,16
6341.2,24
6342.3,2
6343.2,17
6343.3,36
6343.6,30
6343.9,11
6344.4,8
6344.5,20
6344.6,10
6344.8,6
6345.1,18
6345.8,39
6346.4,25
6347.9,5
6348.4,24
6348.6,29
6349.7,3
6349.8,27
6351.3,12
6351.3,26
6351.7,4
6352.1,31
6352.2,28
6353.0,14
6353.4,19
6353.7,13
6354.0,0
6354.3,16
6354.5,8
6354.5,35
6354.9,33
6355.1,10
6355.2,22
6356.3,2
6356.6,23
6357.3,18
6358.0,25
6358.9,36
6359.2,39
6359.3,3
6359.3,9
6359.4,24
6361.9,7
6362.0,26
6362.0,37
6362.3,13
6362.8,2
6362.8,35
6363.1,6
6363.4,12
6364.3,11
6364.9,10
6365.6,17
6366.7,29
6367.6,8
6368.0,18
6368.0,30
6368.3,16
6368.3,19
6368.3,25
6368.5,4
6368.6,0
6368.9,5
6372.2,3
6372.2,13
6372.3,23
6372.3,31
6372.8,20
6372.8,33
6372.9,28
6373.3,39
6373.8,24
6374.0,1
6374.0,35
6374.1,22
6375.0,25
6375.6,14
6375.7,26
6378.3,38
6378.5,0
6379.5,10
6379.6,6
6380.2,8
6380.5,2
6380.6,37
6381.7,12
6382.2,3
6382.4,19
6382.8,17
6382.9,31
6383.1,13
6383.1,18
6383.2,16
6383.2,26
6383.3,36
6383.6,28
6385.0,11
6386.4,4
6386.8,0
6387.1,25
6387.9,24
6388.9,39
6389.1,6
6389.1,23
6389.9,30
6391.4,13
6392.1,28
6393.0,33
6393.8,10
6393.9,3
6394.4,2
6395.4,18
6395.4,22
6395.5,0
6395.7,1
6395.9,35
6397.2,19
6397.4,17
6397.9,8
6398.6,13
6398.7,16
6398.9,23
6398.9,31
6399.1,26
6399.2,25
6400.4,11
6401.6,3
6401.9,24
6402.7,14
6402.8,37
6403.4,10
6404.6,20
6405.1,18
6406.1,30
6406.4,12
6406.8,0
6407.8,34
6408.0,32
6408.4,28
6408.7,16
6409.1,4
6409.1,8
6409.3,2
6409.3,25
6409.9,35
6410.6,39
6411.0,13
6412.1,23
6412.1,26
6412.8,17
6414.1,19
6414.3,27
6414.8,3
6414.9,22
6415.1,29
6415.3,33
6415.5,11
6416.5,24
6417.1,10
6417.1,37
6417.3,6
6417.6,5
6417.8,18
6418.5,1
6418.8,8
6418.8,26
6419.2,31
6419.3,0
6419.9,16
6420.6,14
6420.6,25
6422.5,38
6423.6,35
6424.8,28
6425.6,13
6426.0,3
6427.7,39
6428.0,19
6428.9,8
6428.9,30
6429.2,12
6429.2,17
6429.6,36
6429.9,4
6429.9,7
6430.1,2
6431.0,10
6431.1,24
6431.3,0
6431.5,23
6431.5,26
6431.8,18
6431.9,25
6432.2,11
6433.9,16
6433.9,37
6434.9,28
6435.3,29
6436.3,31
6436.4,6
6439.4,25
6439.6,0
6440.7,19
6440.7,39
6440.8,8
6440.8,20
6441.2,3
6441.2,27
6441.2,35
6441.5,14
6441.8,18
6441.8,32
6442.0,1
6442.0,24
6442.2,13
6442.2,33
6442.3,5
6442.3,12
6442.3,26
6442.4,2
6442.9,16
6443.0,9
6443.3,34
6444.5,17
6445.0,10
6445.3,22
6445.3,23
6447.9,11
6448.0,13
6448.7,36
6449.1,8
6449.4,33
6450.4,25
6450.9,3
6451.5,0
6451.9,31
6451.9,37
6452.1,24
6452.7,28
6453.1,12
6453.4,26
6453.7,15
6454.0,2
6454.3,14
6454.4,29
6454.6,4
6454.9,16
6454.9,38
6455.2,35
6455.5,39
6456.0,19
6458.4,18
6458.7,25
6459.3,30
6459.6,10
6461.7,8
6461.7,26
6462.0,6
6462.3,13
6462.4,23
6462.6,3
6464.4,0
6465.3,24
6466.4,1
6467.7,11
6467.7,22
6468.3,2
6468.3,19
6468.3,33
6468.5,35
6468.8,25
6469.1,4
6469.2,8
6469.3,17
6469.4,10
6469.8,18
6470.5,39
6470.6,16
6470.6,31
6470.8,37
6470.9,3
6471.0,20
6471.1,14
6471.6,13
6471.7,12
6472.8,24
6473.6,36
6474.5,28
6475.1,0
6475.4,9
6475.9,26
6476.6,18
6476.8,25
6477.4,23
6478.1,5
6478.7,2
6479.1,3
6479.2,8
6480.1,6
6480.7,13
6481.9,39
6482.1,28
6482.4,11
6482.7,7
6484.3,35
6484.7,24
6484.7,30
6485.4,14
6486.1,32
6486.1,10
6486.3,31
6486.5,4
6486.6,16
6487.0,25
6487.7,19
6487.8,3
6487.9,0
6488.7,17
6488.8,8
6488.8,18
6489.3,26
6490.0,22
6490.3,38
6490.5,33
6491.0,36
6491.2,23
6491.8,11
6492.1,13
6493.7,37
6493.8,29
6494.0,2
6495.6,39
6495.9,12
6495.9,24
6497.5,10
6497.7,0
6497.8,16
6498.6,28
6498.8,4
6500.4,1
6500.5,19
6500.6,18
6500.7,25
6501.3,31
6501.8,30
6501.9,23
6502.0,34
6502.1,3
6502.5,8
6502.8,9
6503.1,35
6503.5,26
6503.6,2
6503.6,39
6504.0,13
6504.4,27
6507.1,37
6507.3,33
6508.5,16
6509.3,12
6509.5,5
6509.6,17
6510.2,24
6510.5,6
6510.5,10
6511.2,25
6511.6,39
6511.7,0
6511.7,3
6512.3,8
6512.6,36
6512.8,14
6513.2,26
6513.4,13
6513.5,11
6513.5,28
6514.7,19
6515.2,22
6515.7,18
6515.7,20
6515.7,31
6516.5,2
6517.4,23
6518.9,7
6519.6,0
6520.0,25
6521.2,16
6521.6,37
6523.5,10
6524.5,18
6524.7,17
6524.8,4
6525.0,24
6525.1,8
6525.1,30
6525.1,35
6526.0,3
6526.3,32
6526.6,13
6526.8,29
6526.9,15
6526.9,26
6527.2,39
6527.5,1
6527.6,14
6527.6,23
6528.1,19
6528.1,5
6528.1,25
6528.4,28
6528.9,9
6529.3,11
6529.5,0
6529.6,16
6529.6,34
6533.3,6
6534.1,33
6534.9,12
6535.1,10
6535.2,2
6535.3,31
6536.1,8
6536.4,3
6536.9,22
6537.3,18
6537.5,26
6537.6,24
6538.1,13
6538.6,19
6538.7,0
6538.8,36
6540.0,17
6540.9,25
6543.0,30
6543.0,39
6543.5,28
6543.6,23
6544.0,1
6544.2,31
6544.3,38
6544.6,35
6544.7,8
6544.9,14
6545.3,24
6545.6,11
6546.5,10
6546.8,16
6547.0,3
6547.1,5
6547.7,2
6548.5,37
6548.6,0
6549.7,25
6550.3,20
6551.2,26
6551.3,6
6551.3,29
6551.6,13
6551.6,4
6552.4,27
6552.5,17
6552.5,18
6552.8,19
6552.8,22
6556.0,11
6556.7,8
6557.8,23
6558.0,0
6558.2,16
6558.5,3
6558.6,24
6558.6,36
6558.7,13
6558.8,35
6559.0,12
6559.0,28
6559.0,30
6559.2,39
6560.8,10
6560.9,25
6561.2,14
6561.2,31
6561.4,26
6561.8,34
6563.1,18
6564.7,8
6564.8,1
6564.9,19
6565.5,15
6565.8,0
6566.1,17
6566.2,2
6566.4,28
6566.5,16
6566.7,4
6567.8,3
6567.8,38
6568.1,6
6568.5,25
6568.5,39
6569.0,26
6570.6,13
6571.1,37
6571.6,23
6572.5,24
6573.2,35
6574.5,22
6575.4,0
6575.7,9
6575.7,14
6576.8,8
6577.3,5
6577.6,19
6578.0,10
6578.7,2
6578.8,25
6579.0,13
6580.1,11
6580.1,26
6580.4,12
6580.4,29
6580.5,17
6580.6,31
6580.7,16
6581.0,20
6581.2,33
6581.3,36
6581.8,3
6582.0,24
6582.6,18
6582.6,35
6583.2,8
6583.3,6
6584.1,0
6586.1,39
6587.6,13
6588.3,25
6588.8,1
6588.9,28
6589.5,22
6589.9,30
6590.8,23
6591.0,5
6591.2,19
6592.3,16
6592.5,2
6592.6,10
6592.6,11
6593.1,26
6593.7,35
6593.9,3
6595.1,4
6595.3,24
6595.5,8
6595.5,18
6595.6,13
6596.3,31
6596.5,7
6597.6,0
6598.1,17
6598.2,6
6598.6,27
6600.1,20
6600.3,2
6601.0,23
6601.0,38
6601.2,25
6601.3,10
6602.0,16
6602.3,13
6602.3,26
6602.4,14
6602.8,19
6602.8,34
6602.8,39
6602.9,36
6603.1,18
6603.3,8
6604.2,33
6604.4,28
6604.9,12
6607.1,37
6607.6,30
6607.8,29
6609.0,24
6609.2,0
6609.5,4
6609.5,11
6609.7,3
6610.0,17
6610.5,25
6611.9,35
6613.0,8
6614.6,16
6614.7,12
6614.8,31
6615.0,2
6615.1,13
6615.1,26
6615.3,5
6615.6,6
6618.1,18
6618.6,23
6618.6,36
6619.3,22
6619.7,3
6619.9,17
6620.2,24
6620.7,10
6620.7,19
6620.8,25
6620.9,28
6620.9,34
6620.9,39
6621.8,0
6621.8,8
6621.8,1
6623.8,16
6624.0,26
6626.0,13
6626.3,14
6627.1,20
6627.4,15
6627.5,11
6627.9,2
6628.5,3
6628.6,31
6628.7,35
6629.5,5
6629.5,9
6629.5,18
6630.5,30
6631.2,33
6631.9,10
6632.1,4
6632.1,23
6633.4,39
6634.4,8
6634.5,22
6634.5,25
6634.9,0
6635.8,28
6635.9,37
6636.4,19
6636.6,24
6636.8,17
6636.9,16
6636.9,26
6637.9,29
6638.5,3
6638.8,21
6639.4,23
6640.3,2
6640.7,8
6640.7,14
6641.3,35
6641.8,13
6642.5,6
6643.2,36
6644.7,25
6647.0,10
6647.0,12
6647.6,31
6647.7,26
6647.9,11
6648.0,39
6648.4,7
6648.5,18
6648.6,16
6648.7,0
6649.0,5
6649.1,19
6649.3,1
6649.4,33
6649.5,4
6649.6,28
6649.9,17
6650.2,13
6650.5,30
6651.2,24
6651.8,3
6652.1,20
6653.3,8
6654.5,25
6655.1,2
6656.3,23
6656.3,37
6656.8,6
6657.5,35
6657.7,10
6658.3,28
6658.4,34
6658.8,39
6660.5,3
6662.0,18
6662.5,14
6662.9,13
6662.9,17
6662.9,24
6663.2,19
6663.3,0
6663.3,36
6664.1,31
6664.8,16
6664.9,8
6665.7,12
6665.7,25
6665.9,10
6666.2,26
6666.2,29
6666.5,2
6666.9,33
6667.2,1
6667.4,11
6667.4,27
6667.9,20
6669.5,13
6669.7,30
6670.0,7
6670.3,22
6671.1,23
6671.8,3
6671.8,19
6672.3,5
6673.1,16
6673.1,17
6674.1,39
6675.2,24
6675.4,26
6675.9,28
6676.7,6
6677.0,35
6677.6,0
6677.7,18
6678.1,37
6678.5,31
6678.6,25
6678.7,8
6678.8,10
6679.0,12
6679.1,2
6683.1,9
6683.5,3
6684.5,23
6684.5,33
6685.4,13
6686.1,11
6686.6,16
6688.1,4
6688.3,26
6688.5,14
6688.6,35
6688.7,0
6688.7,1
6688.9,29
6689.0,24
6689.2,27
6689.4,2
6689.5,38
6689.6,10
6689.9,3
6690.0,18
6690.2,28
6690.3,31
6690.4,39
6690.6,36
6691.4,8
6691.5,25
6692.9,17
6693.3,19
6693.5,34
6693.8,13
6693.9,12
6694.5,22
6696.9,16
6697.0,29
6697.2,37
6697.7,5
6697.8,0
6697.8,6
6698.4,18
6698.4,32
6698.7,23
6698.7,26
6700.2,30
6702.1,2
6702.7,25
6703.0,7
6703.3,11
6703.5,24
6703.6,8
6703.9,3
6704.3,23
6704.4,10
6704.9,14
6705.3,33
6705.7,13
6706.9,35
6707.0,17
6707.4,28
6707.4,36
6707.8,39
6708.2,4
6708.9,18
6708.9,26
6710.6,16
6711.9,0
6712.3,19
6713.4,31
6714.4,12
6714.4,14
6714.7,3
6714.8,25
6715.0,8
6715.2,2
6715.6,22
6716.2,1
6716.4,9
6717.0,23
6717.2,24
6717.8,13
6719.4,26
6719.8,16
6720.0,10
6720.4,18
6720.5,15
6721.8,11
6721.9,0
6721.9,39
6722.4,36
6722.5,3
6723.2,38
6723.6,33
6723.7,19
6723.9,5
6725.2,25
6725.2,28
6725.5,13
6725.9,27
6726.2,37
6727.7,6
6728.5,2
6728.6,23
6728.7,4
6729.2,8
6730.0,18
6730.1,29
6730.8,35
6731.5,22
6731.6,30
6731.7,10
6731.7,24
6732.1,17
6732.5,26
6733.6,0
6733.9,16
6735.2,25
6735.7,31
6735.8,39
6736.4,13
6736.5,3
6737.0,27
6737.1,14
6738.3,12
6738.3,36
6739.1,10
6739.2,5
6739.5,19
6740.1,23
6741.3,18
6741.7,0
6742.1,28
6743.6,8
6743.6,24
6743.7,11
6743.8,3
6744.0,25
6744.0,26
6744.4,2
6744.6,13
6745.4,1
6745.4,37
6745.9,33
6746.0,16
6746.1,17
6747.0,4
6749.0,20
6749.5,31
6749.6,30
6750.7,10
6750.7,35
6750.8,0
6750.9,19
6751.3,14
6751.5,39
6752.1,9
6752.4,23
6752.9,3
6753.5,25
6753.6,28
6753.7,6
6754.3,13
6754.9,16
6755.7,12
6755.8,18
6757.1,8
6757.5,36
6757.7,29
6758.2,2
6758.2,37
6759.9,26
6760.4,24
6761.1,11
6761.2,31
6761.5,22
6761.7,10
6761.8,1
6761.8,23
6762.0,3
6762.0,5
6763.2,39
6764.1,13
6764.5,33
6765.0,0
6765.0,17
6765.7,28
6765.8,30
6767.0,16
6767.4,8
6768.2,35
6768.6,25
6768.8,3
6769.4,20
6769.6,6
6769.9,4
6770.0,2
6770.0,19
6770.2,27
6770.7,26
6770.9,24
6771.1,13
6771.1,18
6772.0,36
6773.0,38
6773.4,37
6774.5,7
6774.5,10
6775.0,34
6775.5,11
6775.9,0
6777.0,14
6777.2,13
6778.0,25
6778.2,17
6778.4,2
6778.5,12
6779.1,3
6779.1,8
6780.8,39
6781.2,1
6781.9,31
6782.8,5
6782.9,16
6782.9,24
6782.9,35
6783.4,18
6784.1,10
6784.4,28
6784.9,23
6785.1,29
6786.3,22
6786.4,26
6786.6,19
6787.6,11
6787.8,9
6788.0,25
6788.1,13
6788.3,3
6788.9,2
6789.6,0
6790.1,12
6791.1,33
6791.3,37
6791.4,16
6792.1,17
6792.2,4
6792.9,8
6794.2,18
6794.9,39
6795.2,3
6795.2,10
6795.6,36
6795.8,25
6795.8,28
6796.4,14
6796.7,24
6796.7,26
6797.4,6
6797.4,23
6797.5,1
6797.5,31
6797.8,35
6800.0,0
6801.1,13
6801.7,8
6802.3,16
6802.9,30
6803.6,2
6803.7,22
6804.5,7
6804.6,19
6805.3,20
6806.2,12
6806.2,27
6806.3,18
6806.7,14
6806.7,17
6806.9,11
6806.9,25
6807.1,39
6807.3,15
6807.3,38
6807.5,26
6807.9,10
6808.9,3
6810.0,0
6810.9,31
6811.0,24
6811.2,5
6811.2,35
6811.4,23
6811.5,13
6812.0,8
6812.1,37
6812.2,4
6812.5,16
6813.0,18
6813.5,25
6813.8,2
6814.9,29
6817.0,28
6817.0,0
6817.8,11
6818.9,10
6819.1,26
6819.3,6
6819.7,3
6819.7,24
6821.0,39
6821.1,19
6821.6,36
6822.0,33
6822.1,13
6822.2,17
6823.6,1
6823.7,25
6823.7,30
6823.8,8
6824.2,18
6824.4,2
6825.2,23
6825.5,37
6825.9,3
6826.5,35
6826.9,22
6827.3,12
6827.5,16
6828.3,29
6828.7,0
6830.5,31
6831.1,11
6831.1,26
6831.7,25
6831.7,39
6832.0,8
6832.2,4
6832.2,10
6832.7,13
6832.8,24
6833.4,5
6833.7,28
6834.1,3
6834.4,16
6835.7,6
6835.7,34
6836.8,35
6837.3,2
6837.3,17
6837.6,18
6837.6,19
6838.0,0
6838.5,9
6839.0,14
6840.4,30
6841.0,31
6841.1,13
6841.6,27
6841.6,37
6842.0,3
6842.0,25
6842.7,39
6842.8,8
6842.9,12
6843.3,4
6844.6,23
6844.9,24
6845.1,7
6845.4,28
6846.3,10
6846.6,26
6846.9,16
6848.1,13
6848.3,0
6848.9,36
6849.6,2
6850.7,35
6850.9,25
6851.6,15
6852.2,18
6852.3,19
6852.6,17
6853.1,31
6853.1,33
6853.2,29
6853.4,3
6853.4,23
6853.6,20
6853.8,8
6854.7,1
6855.8,39
6857.2,22
6857.4,13
6857.4,26
6858.1,0
6858.4,37
6858.8,4
6859.1,28
6859.7,30
6859.7,38
6860.1,10
6860.4,24
6860.6,2
6861.8,14
6862.1,11
6862.2,25
6863.3,6
6863.5,23
6863.7,16
6864.2,36
6864.9,8
6866.5,3
6867.0,39
6867.3,12
6867.4,19
6868.5,5
6868.6,26
6868.6,35
6869.5,33
6869.6,31
6869.8,10
6869.9,0
6870.0,34
6870.1,13
6870.4,18
6870.9,16
6870.9,27
6872.2,25
6872.3,24
6872.5,8
6873.1,30
6873.2,2
6875.3,17
6875.6,1
6875.7,28
6876.5,3
6876.9,29
6877.9,10
6878.0,4
6878.0,18
6878.3,14
6878.6,7
6878.8,11
6879.2,23
6879.5,25
6879.9,35
6880.0,26
6882.1,36
6882.8,6
6883.0,39
6883.1,0
6883.1,13
6883.1,37
6883.2,19
6883.3,24
6883.6,5
6884.2,16
6884.5,27
6884.7,31
6885.6,28
6885.8,10
6886.6,20
6886.7,8
6887.4,3
6887.6,2
6888.4,26
6888.9,22
6889.8,25
6890.3,12
6891.1,17
6891.2,7
6891.3,0
6891.6,38
6892.9,14
6893.2,24
6893.5,18
6894.5,4
6894.9,23
6895.5,35
6895.8,13
6895.9,16
6897.6,1
6897.6,10
6898.2,26
6899.1,11
6899.6,8
6899.8,0
6899.9,2
6900.0,3
6900.0,31
6901.2,39
6901.4,25
6901.8,17
6902.3,23
6903.2,24
6903.6,18
6903.7,29
6904.1,30
6904.4,13
6904.5,28
6905.5,19
6906.3,26
6906.6,0
6907.9,16
6908.6,35
6908.8,10
6909.3,33
6910.2,12
6911.7,8
6911.8,13
6912.1,3
6912.1,6
6912.3,36
6913.4,24
6913.5,2
6914.1,39
6914.2,26
6914.3,31
6914.6,25
6915.0,18
6915.8,16
6916.3,15
6916.5,4
6916.7,17
6917.0,22
6917.4,0
6918.2,23
6919.8,34
6920.9,1
6922.0,19
6922.0,38
6922.7,13
6923.0,7
6923.2,3
6923.3,8
6923.3,12
6923.3,28
6923.7,37
6924.6,9
6924.6,25
6924.8,10
6924.8,20
6925.0,35
6925.1,18
6925.4,26
6925.5,11
6926.0,14
6926.2,4
6926.9,2
6927.2,33
6927.8,24
6927.9,0
6927.9,39
6928.7,36
6929.0,16
6929.5,6
6931.3,8
6933.4,23
6933.6,5
6934.0,17
6934.3,3
6935.0,13
6935.3,19
6936.0,31
6936.1,25
6936.2,18
6938.7,39
6938.8,16
6938.8,26
6938.9,24
6939.5,2
6939.5,3
6939.8,30
6940.3,29
6940.8,0
6940.9,10
6941.4,22
6941.8,20
6942.0,7
6942.0,11
6942.3,8
6942.5,37
6942.6,12
6942.6,14
6942.8,1
6943.0,4
6943.1,36
6943.7,28
6944.0,23
6944.4,18
6945.0,35
6946.5,13
6947.6,31
6948.5,16
6949.3,6
6949.4,19
6949.5,33
6949.6,26
6950.2,21
6950.2,27
6950.3,10
6950.4,2
6950.6,0
6950.8,25
6951.7,3
6951.9,11
6952.1,8
6952.3,39
6952.7,28
6952.8,17
6953.1,24
6956.9,18
6959.3,5
6959.3,16
6959.4,13
6959.4,14
6960.1,35
6960.7,3
6960.8,31
6960.9,10
6960.9,12
6960.9,19
6961.1,36
6961.3,25
6961.4,34
6962.0,39
6962.8,30
6963.4,1
6963.4,8
6964.3,23
6964.4,24
6964.6,37
6964.9,26
6964.9,28
6966.1,11
6966.4,17
6967.5,0
6968.5,13
6968.7,3
6968.8,25
6969.1,6
6970.1,2
6971.2,20
6971.5,4
6971.7,38
6972.1,7
6972.1,22
6972.2,18
6972.5,10
6972.6,5
6973.2,29
6973.6,16
6973.6,39
6974.3,0
6975.0,31
6975.7,8
6976.2,14
6976.4,13
6976.6,26
6976.7,24
6977.0,1
6977.0,19
6977.3,23
6979.0,15
6981.1,25
6981.8,33
6982.5,28
6982.6,35
6983.6,3
6983.8,12
6984.5,10
6984.6,37
6984.8,22
6985.0,17
6985.1,36
6986.1,18
6986.1,30
6986.3,11
6986.5,0
6986.5,39
6987.0,13
6987.0,14
6987.2,16
6987.4,4
6987.5,27
6988.8,6
6989.3,26
6989.8,24
6990.2,8
6990.2,25
6990.3,19
6990.5,2
6993.5,5
6993.5,23
6993.6,31
6993.8,7
6994.9,34
6995.5,3
6996.7,16
6997.4,9
6997.8,39
6998.0,10
6998.4,28
6999.0,0
6999.3,12
6999.4,14
6999.4,25
6999.6,24
7000.1,2
7001.0,26
7001.1,13
7001.5,6
7001.5,8
7002.2,36
7002.4,33
7002.6,29
7002.7,4
7002.7,31
7002.8,35
7002.9,1
7003.5,17
7004.1,19
7004.2,27
7004.5,22
7004.5,3
7005.7,11
7005.7,30
7006.2,10
7006.6,18
7008.3,16
7009.9,37
7010.5,38
7011.1,8
7011.2,25
7012.1,7
7012.6,28
7013.5,13
7013.9,3
7014.3,0
7014.5,24
7015.4,23
7015.7,26
7015.9,39
7016.2,20
7016.6,2
7016.8,12
7017.3,35
7017.4,14
7018.7,31
7018.9,17
7019.1,19
7019.6,18
7019.9,25
7021.2,36
7021.5,13
7021.6,10
7021.7,33
7023.4,8
7023.7,3
7024.2,30
7026.3,16
7026.3,29
7026.6,11
7026.7,22
7026.8,28
7026.9,4
7027.2,24
7027.5,23
7028.0,0
7028.2,1
7028.4,19
7028.6,26
7028.6,32
7028.9,25
7029.1,2
7029.5,35
7030.4,5
7030.7,13
7032.2,14
7032.3,3
7032.6,39
7032.7,8
7032.8,36
7032.9,18
7033.0,12
7033.6,27
7033.6,37
7033.7,9
7033.7,10
7033.7,34
7033.8,38
7034.3,24
7037.7,33
7038.2,4
7038.5,17
7039.1,0
7040.0,13
7040.0,19
7040.3,31
7040.5,26
7040.6,28
7041.0,25
7041.3,6
7041.7,2
7043.1,11
7043.1,30
7043.2,23
7044.1,29
7044.3,8
7044.3,35
7044.5,39
7044.6,16
7046.8,10
7047.0,12
7047.5,3
7048.0,0
7048.6,24
7049.1,18
7050.2,14
7050.7,19
7051.2,28
7051.4,15
7051.6,13
7052.1,22
7052.2,1
7052.3,25
7053.6,26
7054.0,2
7057.5,5
7058.5,3
7058.7,8
7058.7,11
7058.8,31
7058.9,17
7059.0,37
7059.3,4
7059.3,10
7059.5,23
7059.7,36
7060.1,35
7060.2,12
7060.4,16
7060.8,13
7061.3,24
7062.0,7
7062.0,18
7062.6,25
7063.0,28
7063.5,0
7063.6,39
7064.0,19
7064.1,30
7064.7,26
7065.0,33
7065.3,2
7065.3,34
7069.1,14
7069.5,31
7069.8,3
7069.8,13
7069.9,8
7070.5,38
7070.6,9
7070.7,23
7070.8,24
7070.9,6
7071.1,4
7071.1,16
7071.8,12
7072.4,2
7072.8,5
7073.1,10
7073.2,0
7073.7,18
7074.2,11
7074.5,25
7075.6,17
7076.0,39
7077.3,1
7077.5,37
7077.6,30
7078.0,3
7078.1,33
7078.6,28
7078.7,19
7079.0,16
7080.0,31
7080.2,23
7080.5,13
7080.7,26
7080.7,35
7081.1,29
7081.3,8
7082.1,0
7082.8,24
7084.1,18
7084.6,25
7085.0,22
7085.9,2
7085.9,14
7087.3,3
7087.5,4
7087.7,36
7088.2,13
7088.3,10
7089.3,27
7090.8,16
7091.7,33
7092.6,12
7092.7,17
7093.1,0
7093.2,28
7093.3,11
7093.5,24
7093.6,26
7094.0,39
7094.2,20
7094.8,25
7094.9,31
7095.3,35
7095.6,8
7096.1,3
7096.2,6
7096.4,19
7096.5,23
7096.8,2
7097.0,10
7098.1,7
7098.5,18
7098.7,13
7098.8,37
7099.7,5
7101.4,1
7101.6,16
7103.3,26
7104.8,8
7107.4,28
7107.6,29
7107.6,39
7107.8,31
7108.1,2
7108.3,17
7108.3,23
7109.1,25
7109.2,24
7109.3,0
7109.5,10
7109.6,3
7109.9,19
7109.9,35
7110.8,18
7111.6,9
7111.8,13
7112.0,11
7112.0,30
7112.8,14
7113.1,6
7113.3,22
7113.6,26
7115.0,38
7116.0,4
7116.7,8
7117.2,20
7117.4,3
7117.4,24
7117.7,37
7117.8,12
7117.9,16
7118.5,2
7119.1,25
7119.4,23
7120.4,27
7120.5,10
7120.6,7
7120.6,39
7120.8,0
7120.8,14
7120.9,5
7120.9,19
7121.0,33
7121.1,28
7121.4,31
7121.7,13
7125.5,26
7126.1,35
7127.6,36
7127.7,25
7127.8,30
7129.2,18
7129.3,24
7130.6,4
7131.4,2
7131.4,6
7131.6,10
7131.7,8
7131.9,1
7131.9,17
7132.0,19
7132.1,0
7132.5,39
7133.4,16
7133.6,13
7134.9,3
7135.3,23
7135.6,25
7135.7,26
7135.7,28
7136.4,31
7137.0,12
7137.5,37
7138.0,29
7138.3,33
7138.4,27
7140.3,22
7141.0,5
7141.3,8
7142.2,7
7142.7,10
7143.1,24
7143.2,39
7143.2,14
7143.6,16
7143.6,18
7143.6,28
7143.7,11
7143.9,35
7144.3,0
7144.4,26
7145.2,36
7146.1,13
7146.2,17
7146.5,25
7147.5,2
7147.6,23
7148.4,30
7148.6,3
7148.7,6
7148.9,19
7150.9,20
7150.9,31
7151.0,8
7151.5,33
7152.2,34
7152.2,38
7152.5,16
7155.6,18
7155.9,0
7156.9,25
7156.9,14
7157.1,13
7157.2,11
7157.9,28
7158.1,10
7158.5,24
7158.6,39
7158.7,35
7159.0,3
7159.0,26
7159.2,12
7159.4,4
7159.8,17
7160.0,36
7160.4,23
7160.5,1
7161.1,37
7161.2,30
7161.5,2
7161.5,32
7161.7,8
7162.6,19
7163.1,22
7163.5,16
7163.8,29
7163.8,31
7164.1,33
7167.1,13
7167.2,3
7167.3,6
7167.5,24
7168.5,10
7168.6,0
7168.7,39
7169.1,18
7169.5,25
7169.5,28
7169.9,4
7170.1,26
7170.3,8
7170.4,7
7170.4,9
7170.6,11
7173.8,2
7174.4,23
7174.6,19
7174.7,36
7175.1,35
7176.8,0
7176.8,3
7177.5,5
7177.5,25
7177.9,13
7177.9,17
7178.0,16
7181.6,24
7181.8,8
7182.1,12
7182.2,33
7182.9,34
7183.5,26
7185.1,18
7185.2,14
7185.3,6
7185.4,31
7185.9,1
7186.4,22
7186.5,28
7186.6,30
7186.7,0
7186.7,25
7187.0,11
7187.5,13
7187.6,16
7187.7,23
7187.7,27
7187.9,10
7188.0,39
7188.8,2
7188.8,19
7189.0,36
7189.1,35
7192.8,8
7193.0,3
7193.5,33
7194.1,7
7195.0,4
7195.0,24
7195.9,13
7196.1,18
7196.2,26
7196.7,12
7197.3,29
7197.9,16
7198.5,25
7198.9,0
7199.1,37
7199.3,20
7201.1,30
7201.2,17
7202.0,28
7202.1,23
7202.7,2
7202.7,35
7203.6,39
7204.0,10
7205.3,8
7205.9,11
7205.9,18
7206.2,31
7206.3,26
7206.4,13
7206.7,14
7206.8,3
7207.1,6
7208.0,24
7209.0,4
7209.5,16
7210.9,19
7211.9,0
7212.3,39
7212.4,25
7212.6,37
7212.7,10
7213.1,12
7213.1,38
7215.4,18
7215.4,29
7216.4,26
7216.4,13
7216.4,22
7216.7,28
7217.5,30
7217.8,2
7219.8,8
7219.8,27
7220.7,31
7221.2,23
7221.3,35
7221.4,24
7221.4,36
7221.6,16
7221.9,3
7222.1,0
7222.1,34
7222.3,1
7222.4,6
7222.4,11
7222.5,4
7222.6,25
7223.2,9
7223.2,19
7223.7,33
7223.9,10
7224.4,26
7224.7,18
7225.0,20
7225.1,28
7226.9,13
7228.1,17
7229.8,2
7230.1,39
7230.7,12
7231.4,5
7231.7,7
7232.0,22
7232.0,25
7232.2,16
7232.9,8
7233.0,0
7233.9,26
7234.0,31
7234.3,3
7234.9,14
7235.5,18
7236.1,11
7236.4,39
7238.9,10
7239.2,13
7239.9,8
7240.2,37
7240.6,23
7240.6,28
7241.2,25
7241.3,2
7241.7,16
7241.7,19
7241.7,35
7242.2,24
7242.2,29
7243.5,1
7244.2,0
7244.8,31
7245.1,30
7245.3,6
7246.7,36
7247.2,18
7248.0,3
7248.0,17
7248.7,10
7249.1,4
7249.2,39
7249.5,26
7250.2,33
7250.8,12
7250.8,13
7250.9,14
7251.2,34
7251.3,8
7251.4,16
7252.3,11
7252.7,2
7253.1,24
7253.2,5
7253.3,25
7253.5,38
7256.7,6
7257.5,0
7257.8,28
7257.9,18
7258.0,27
7258.6,23
7259.2,3
7259.2,39
7259.6,30
7259.7,22
7259.8,32
7260.1,26
7260.2,35
7260.5,17
7260.5,25
7261.4,13
7262.0,19
7262.1,1
7262.1,36
7262.2,10
7262.3,31
7262.7,2
7264.3,8
7265.2,16
7265.4,11
7266.5,20
7266.5,24
7269.0,3
7271.2,25
7271.4,0
7271.9,13
7271.9,29
7272.0,7
7272.0,39
7272.1,26
7272.1,31
7272.2,22
7272.5,4
7273.9,28
7274.8,33
7275.0,10
7275.6,8
7275.8,17
7275.9,14
7277.3,3
7277.4,16
7277.9,12
7278.1,23
7278.4,18
7279.3,9
7279.3,34
7279.5,35
7279.6,6
7279.7,2
7279.8,19
7280.2,24
7280.4,5
7280.5,37
7281.0,11
7281.0,25
7281.5,0
7282.8,30
7283.6,8
7284.0,31
7284.4,26
7284.5,18
7284.9,15
7284.9,28
7284.9,38
7285.3,27
7285.6,39
7285.9,10
7287.0,13
7287.6,16
7288.2,3
7288.6,1
7289.8,25
7290.3,2
7290.4,19
7290.6,6
7290.6,23
7291.3,24
7291.3,35
7291.8,33
7292.8,4
7292.8,22
7293.3,26
7294.0,0
7294.1,28
7295.6,16
7295.8,12
7296.3,8
7296.3,10
7296.3,11
7297.3,39
7297.4,9
7297.8,37
7298.0,30
7299.6,5
7299.8,36
7300.7,17
7301.1,3
7301.1,25
7301.1,29
7301.3,14
7302.2,13
7302.3,31
7303.6,19
7303.9,24
7304.2,8
7304.3,1
7304.4,2
7304.4,18
7305.3,12
7306.7,4
7307.6,0
7307.6,16
7308.5,7
7308.6,26
7308.9,28
7309.0,23
7309.9,35
7311.6,22
7311.7,3
7312.4,10
7314.8,6
7314.8,13
7314.8,39
7315.2,24
7315.6,19
7316.0,11
7317.3,33
7317.6,0
7317.7,26
7318.4,8
7318.7,37
7318.9,17
7319.2,23
7319.4,25
7320.0,18
7320.0,35
7320.0,36
7320.8,2
7320.8,5
7320.9,27
7320.9,31
7321.1,29
7323.0,16
7324.0,10
7324.7,34
7324.9,28
7325.1,20
7325.9,3
7326.6,13
7326.8,14
7326.9,30
7327.2,19
7327.9,24
7328.6,6
7329.3,8
7329.9,16
7330.2,12
7330.3,39
7330.7,0
7331.5,31
7331.8,1
7332.5,18
7333.0,26
7333.3,22
7333.4,37
7333.7,25
7333.7,10
7333.9,23
7334.8,11
7335.2,35
7335.4,3
7335.6,17
7336.1,7
7336.2,2
7336.6,19
7337.1,5
7337.1,13
7338.1,33
7338.3,24
7338.6,15
7338.8,27
7338.9,14
7339.1,36
7339.4,4
7339.5,0
7340.0,26
7340.3,16
7340.8,39
7343.1,28
7343.7,25
7344.4,3
7344.9,29
7346.5,10
7346.7,8
7346.7,18
7348.0,12
7348.3,2
7348.8,37
7349.3,25
7349.4,26
7349.8,13
7349.8,23
7350.1,20
7350.1,30
7350.4,17
7350.4,29
7350.8,24
7351.1,35
7351.3,36
7351.5,38
7351.6,9
7351.8,31
7351.8,39
7351.9,33
7352.3,16
7353.2,0
7353.2,19
7355.9,6
7356.7,18
7357.0,8
7357.1,4
7357.3,5
7358.0,7
7358.7,3
7359.7,1
7359.8,2
7360.1,39
7361.5,24
7361.6,14
7361.7,13
7361.7,28
7361.9,22
7362.2,10
7362.4,25
7362.5,26
7362.7,19
7363.3,11
7364.2,0
7366.2,16
7366.6,23
7367.1,38
7367.6,35
7368.4,33
7368.5,15
7368.8,8
7369.4,13
7369.4,30
7370.2,4
7370.3,37
7370.5,12
7370.6,31
7371.2,29
7371.3,25
7372.1,18
7372.6,3
7372.6,27
7373.0,0
7373.5,17
7374.3,2
7374.5,36
7375.0,24
7375.6,28
7376.0,39
7376.2,6
7376.4,10
7376.4,19
7376.9,8
7376.9,16
7377.4,34
7378.1,20
7378.3,26
7378.5,25
7379.2,11
7379.5,0
7380.8,23
7381.0,35
7381.5,17
7381.6,3
7381.7,24
7381.9,13
7383.1,10
7383.6,8
7383.7,5
7383.7,18
7383.7,33
7383.7,37
7384.0,22
7384.4,14
7384.7,1
7387.1,19
7387.5,4
7388.4,6
7388.7,0
7388.8,12
7388.9,16
7389.1,13
7389.6,25
7389.7,26
7390.0,39
7390.1,31
7390.5,23
7391.3,2
7391.9,8
7392.1,30
7393.4,3
7394.0,11
7394.0,24
7394.2,7
7394.4,10
7394.9,9
7395.7,37
7395.9,28
7396.2,35
7396.2,36
7396.7,0
7397.1,25
7397.5,29
7398.8,18
7399.0,1
7399.1,12
7399.1,13
7399.6,5
7401.1,8
7401.3,26
7401.3,33
7401.5,31
7402.2,23
7402.8,10
7402.8,16
7402.9,39
7403.5,3
7405.8,4
7405.9,27
7406.9,25
7407.2,22
7407.4,19
7407.7,2
7407.7,14
7407.9,17
7408.3,0
7408.8,28
7408.9,34
7409.1,30
7409.3,8
7409.3,38
7409.4,6
7409.9,18
7410.3,10
7410.7,24
7411.0,23
7411.9,35
7412.4,26
7412.8,29
7413.2,3
7413.6,39
7414.3,37
7414.9,11
7415.8,13
7416.6,25
7418.7,31
7418.8,19
7419.0,12
7419.0,14
7419.5,8
7419.8,36
7420.0,16
7420.1,20
7420.6,3
7421.3,23
7421.4,33
7421.8,0
7421.8,28
7421.8,10
7422.4,39
7422.5,17
7422.7,18
7423.1,13
7423.5,24
7423.6,5
7423.9,37
7424.0,1
7424.6,25
7425.0,6
7425.1,2
7425.9,4
7426.1,7
7426.6,26
7427.2,16
7427.4,35
7429.8,10
7429.9,3
7430.3,8
7430.8,19
7431.0,0
7431.6,11
7431.9,24
7432.0,38
7434.2,9
7434.3,23
7435.0,31
7435.2,17
7435.2,33
7435.3,30
7435.4,28
7436.0,2
7437.2,39
7437.7,26
7438.4,25
7438.7,22
7439.5,13
7439.6,27
7439.7,0
7439.7,18
7439.8,12
7440.1,8
7440.4,10
7441.1,16
7442.4,2
7444.1,14
7444.3,35
7444.5,4
7444.6,3
7445.2,19
7446.2,33
7446.4,24
7446.7,13
7447.0,29
7447.4,25
7449.0,17
7449.1,36
7449.4,37
7449.7,11
7450.4,26
7450.8,28
7450.9,8
7451.3,0
7451.3,1
7451.8,31
7452.0,16
7452.2,23
7452.3,18
7452.7,5
7453.3,6
7453.3,10
7455.2,12
7456.5,25
7457.1,39
7459.2,13
7460.1,22
7460.1,24
7460.1,30
7460.2,2
7460.2,26
7460.7,3
7460.9,19
7461.0,8
7461.7,10
7461.8,4
7462.0,23
7462.2,38
7463.4,17
7463.5,0
7464.4,14
7464.4,39
7464.9,35
7466.3,33
7466.4,7
7466.8,16
7466.9,28
7467.1,3
7467.3,31
7467.6,20
7468.3,18
7468.3,25
7470.5,26
7471.2,13
7471.2,24
7471.7,37
7471.8,1
7472.4,36
7474.2,19
7475.0,0
7475.6,8
7475.7,17
7475.8,2
7476.2,5
7476.4,10
7476.8,11
7477.0,35
7478.4,3
7478.6,25
7479.1,28
7479.1,39
7479.2,4
7479.5,23
7479.9,29
7480.7,12
7481.0,13
7481.2,9
7481.6,18
7481.6,24
7482.0,30
7482.1,27
7482.2,16
7482.3,22
7484.2,31
7485.3,14
7485.6,32
7486.0,6
7486.0,11
7486.3,25
7486.4,0
7487.0,26
7487.3,33
7488.9,8
7488.9,37
7489.0,1
7489.5,10
7489.8,19
7490.8,2
7492.8,3
7493.4,16
7493.7,13
7494.4,38
7495.1,39
7495.3,35
7496.0,0
7496.2,25
7497.0,5
7497.1,36
7497.3,8
7497.3,10
7497.8,26
7498.0,23
7498.1,28
7498.9,31
7500.8,18
7500.9,24
7501.1,30
7501.2,17
7501.8,29
7502.8,2
7503.3,12
7503.4,11
7503.4,16
7503.6,34
7504.4,25
7504.5,37
7506.4,3
7507.0,0
7507.3,19
7507.9,13
7508.3,4
7508.4,22
7508.5,27
7508.6,23
7508.6,33
7508.7,26
7508.7,39
7509.0,14
7510.1,8
7510.3,20
7510.3,28
7511.3,1
7512.0,18
7512.3,2
7512.7,16
7513.0,10
7513.4,6
7514.2,24
7515.3,31
7515.7,13
7515.9,35
7516.0,7
7517.0,25
7518.2,11
7518.2,19
7518.4,5
7518.4,23
7519.0,3
7520.3,8
7520.3,10
7521.0,2
7522.0,4
7522.4,17
7522.4,39
7522.6,25
7523.1,29
7523.2,36
7523.6,0
7523.7,37
7524.2,12
7524.8,24
7524.8,33
7525.6,18
7525.8,26
7526.3,16
7526.6,14
7526.9,13
7528.2,22
7529.1,28
7530.6,19
7531.9,30
7532.1,8
7532.9,6
7533.0,3
7533.2,11
7533.3,23
7533.3,25
7533.3,35
7533.7,37
7534.2,10
7534.6,7
7534.6,9
7534.6,18
7534.6,24
7534.8,31
7534.9,0
7534.9,39
7535.1,16
7537.8,13
7539.2,1
7539.6,12
7539.9,36
7540.1,2
7540.1,27
7540.1,34
7540.8,38
7541.3,35
7541.5,26
7541.8,3
7542.1,4
7542.1,23
7543.1,17
7543.2,25
7543.8,14
7544.4,8
7545.4,24
7545.6,19
7546.0,13
7546.8,20
7548.4,18
7549.2,10
7549.5,39
7549.8,31
7549.9,0
7549.9,16
7550.1,28
7551.7,30
7551.9,3
7553.1,2
7553.1,23
7553.3,22
7553.3,26
7553.5,1
7553.8,25
7553.9,11
7554.6,7
7554.8,36
7555.5,24
7556.7,13
7556.8,6
7557.1,5
7557.1,14
7558.5,8
7558.7,18
7560.3,31
7560.8,25
7560.8,33
7560.9,16
7561.0,12
7561.5,0
7563.0,37
7563.2,30
7563.4,10
7563.5,35
7563.7,2
7563.9,26
7564.2,19
7564.5,39
7564.8,28
7565.1,11
7566.1,3
7566.1,24
7566.3,27
7566.9,23
7567.2,17
7567.4,8
7567.5,25
7568.6,13
7568.8,4
7570.4,29
7570.7,0
7571.2,18
7571.5,5
7571.9,2
7572.4,38
7574.6,3
7574.6,14
7574.7,12
7574.9,28
7575.2,10
7575.3,31
7575.4,36
7575.9,33
7575.9,39
7576.1,25
7576.4,6
7577.6,37
7578.1,8
7579.1,11
7579.3,35
7579.5,16
7579.5,17
7579.6,1
7581.0,20
7581.2,13
7581.2,26
7581.8,19
7581.9,7
7582.6,18
7583.9,0
7584.5,2
7584.5,30
7584.8,23
7585.3,24
7585.4,3
7585.7,38
7585.8,10
7585.9,8
7586.3,9
7586.5,36
7586.9,25
7592.5,28
7592.5,31
7592.6,39
7592.9,11
7593.0,0
7593.0,15
7593.2,16
7593.3,12
7593.3,14
7593.3,22
7593.4,6
7593.5,19
7593.6,13
7593.7,10
7593.9,3
7594.3,26
7594.4,24
7594.6,33
7595.1,29
7597.8,23
7597.9,25
7598.4,35
7599.7,2
7600.1,36
7600.5,0
7600.5,17
7600.5,18
7600.6,4
7600.6,8
7600.9,13
7601.0,19
7602.3,3
7602.6,22
7603.4,7
7603.7,24
7605.1,31
7606.0,37
7608.5,10
7608.8,39
7609.3,26
7609.9,33
7610.1,16
7610.1,25
7610.3,1
7610.5,11
7610.5,30
7611.4,23
7611.9,5
7611.9,28
7612.1,13
7612.6,0
7613.0,18
7613.2,12
7613.2,24
7613.6,17
7614.3,2
7615.6,10
7615.7,14
7616.0,8
7616.7,35
7616.8,6
7617.4,39
7617.6,3
7617.9,19
7618.4,25
7618.5,33
7619.2,26
7619.3,16
7620.1,37
7622.2,4
7622.6,22
7622.8,18
7623.1,1
7623.4,0
7623.5,7
7623.5,23
7624.0,2
7624.3,13
7624.4,38
7625.2,9
7625.3,39
7625.8,24
7625.8,28
7627.0,35
7627.3,30
7627.4,3
7627.7,17
7627.9,20
7628.0,31
7628.3,29
7628.5,11
7628.5,12
7628.6,8
7629.2,25
7629.4,5
7629.5,16
7630.7,14
7631.2,26
7633.0,19
7633.5,27
7633.6,10
7634.7,0
7635.2,3
7635.4,8
7635.4,18
7635.7,23
7637.8,13
7638.6,2
7638.8,28
7639.0,25
7639.4,12
7639.4,31
7639.4,37
7639.8,22
7639.8,39
7641.6,17
7642.0,24
7642.1,35
7642.4,14
7642.9,8
7643.4,6
7643.9,1
7644.3,34
7644.8,16
7645.3,23
7645.6,3
7645.7,18
7645.9,26
7646.6,19
7646.8,13
7647.4,0
7648.4,25
7648.5,33
7648.5,36
7648.7,30
7649.5,4
7649.7,10
7650.0,11
7651.4,2
7651.9,24
7652.0,17
7652.1,38
7652.4,29
7652.9,27
7653.0,12
7653.4,31
7653.5,8
7654.0,25
7654.3,28
7654.6,13
7655.8,14
7655.8,18
7656.3,3
7657.4,9
7658.5,16
7658.8,10
7659.2,26
7659.8,0
7659.9,19
7660.5,39
7660.6,6
7661.0,23
7661.1,8
7661.9,35
7662.3,5
7662.7,7
7662.8,28
7662.9,2
7663.2,37
7663.3,31
7663.7,3
7664.2,11
7664.3,24
7664.9,13
7666.6,18
7666.7,22
7667.5,0
7667.6,19
7668.2,16
7669.1,26
7669.6,25
7670.5,29
7671.0,17
7671.1,30
7671.3,12
7671.5,10
7673.2,8
7673.4,23
7673.5,32
7674.0,2
7674.6,35
7675.2,31
7675.6,3
7675.7,4
7675.9,13
7676.0,25
7676.8,33
7677.1,19
7677.2,18
7678.5,1
7678.7,24
7678.7,39
7679.1,28
7679.7,26
7681.1,20
7681.3,16
7681.5,14
7681.8,15
7682.0,6
7683.1,0
7683.1,8
7683.2,10
7683.5,12
7683.5,36
7686.2,13
7686.6,22
7686.8,24
7686.9,29
7687.0,25
7687.1,23
7688.1,11
7688.6,3
7688.6,31
7688.9,37
7689.1,2
7689.4,28
7690.7,8
7690.7,17
7691.3,27
7691.6,0
7691.9,30
7693.7,26
7693.8,38
7694.0,5
7694.0,18
7694.1,16
7694.5,1
7694.7,4
7695.0,34
7695.6,12
7696.4,39
7696.9,13
7698.0,10
7698.1,17
7698.1,35
7698.4,3
7698.4,19
7698.5,25
7701.2,14
7701.3,24
7701.9,11
7702.0,23
7702.3,31
7703.2,8
7704.8,18
7705.2,0
7705.2,22
7705.2,28
7705.3,13
7705.7,4
7705.9,2
7705.9,33
7706.0,6
7706.0,26
7707.0,16
7707.9,3
7708.1,7
7709.8,25
7711.7,24
7712.1,20
7712.4,19
7712.5,17
7712.9,12
7714.1,35
7714.6,39
7714.8,26
7715.6,37
7715.7,18
7715.9,8
7715.9,14
7716.4,2
7716.9,3
7717.8,28
7717.9,0
7718.2,23
7718.5,10
7719.7,16
7720.1,31
7720.2,13
7721.0,25
7721.1,6
7722.0,24
7722.4,30
7723.0,29
7723.7,33
7724.5,1
7724.5,9
7724.7,3
7725.4,8
7725.4,26
7725.5,19
7725.7,11
7727.0,34
7727.6,36
7727.9,22
7728.4,18
7728.8,2
7729.0,38
7730.8,0
7731.2,5
7731.2,35
7732.1,31
7732.2,17
7732.4,16
7732.4,24
7732.5,28
7733.1,10
7733.3,23
7733.9,13
7735.1,39
7735.2,25
7735.4,3
7736.1,19
7736.3,4
7737.5,37
7739.2,26
7739.3,8
7739.4,2
7740.1,14
7740.5,6
7740.5,10
7741.3,18
7742.2,25
7742.2,27
7742.4,24
7742.5,29
7742.6,11
7743.4,13
7743.5,35
7743.6,0
7744.2,32
7745.0,16
7746.2,3
7746.8,30
7748.2,1
7749.4,22
7749.6,17
7749.6,23
7750.3,0
7750.4,12
7750.5,26
7750.8,7
7751.2,39
7751.6,28
7751.8,18
7752.5,15
7752.6,37
7753.4,19
7753.5,33
7753.6,31
7754.4,8
7754.5,10
7754.5,13
7755.3,2
7755.8,36
7755.9,35
7756.0,4
7756.0,38
7756.1,25
7757.4,11
7757.4,23
7757.5,3
7757.5,16
7760.5,0
7763.8,24
7764.5,10
7764.8,18
7764.8,39
7765.4,13
7765.7,1
7766.2,2
7766.2,3
7766.3,5
7766.4,19
7766.5,28
7766.6,26
7766.8,8
7766.8,25
7767.0,34
7767.1,31
7767.4,27
7767.8,6
7768.2,35
7768.4,16
7768.9,12
7769.1,0
7769.1,14
7769.2,17
7769.6,20
7770.0,33
7771.8,22
7773.1,3
7774.0,18
7774.0,24
7774.6,11
7774.9,30
7775.1,4
7775.2,13
7775.3,36
7775.9,23
7776.2,10
7776.2,37
7777.0,19
7777.8,25
7778.1,0
7779.0,26
7779.1,2
7779.1,8
7779.8,16
7779.9,39
7780.3,28
7781.1,3
7782.8,9
7783.1,29
7783.4,31
7783.8,12
7783.8,17
7784.2,27
7784.3,5
7784.3,13
7785.3,1
7785.4,7
7786.8,14
7787.1,26
7788.5,0
7788.9,6
7788.9,18
7789.2,8
7789.9,39
7790.6,28
7790.8,10
7791.0,33
7791.1,19
7791.2,16
7791.3,24
7791.6,3
7791.9,22
7792.0,25
7792.8,23
7793.3,11
7796.8,35
7797.5,36
7797.8,4
7798.7,30
7798.8,2
7798.8,8
7799.6,12
7799.7,0
7799.8,13
7800.0,26
7800.6,3
7800.6,28
7801.3,14
7801.3,18
7801.3,31
7801.3,37
7801.6,20
7801.6,25
7801.9,39
7802.0,10
7802.0,16
7802.0,17
7802.7,11
7803.2,6
7804.3,27
7806.5,21
7806.7,24
7806.8,13
7808.1,23
7808.5,19
7809.3,1
7809.5,8
7809.9,25
7811.1,5
7811.4,35
7811.5,4
7811.8,17
7811.8,26
7812.1,2
7812.1,22
7813.0,29
7813.9,36
7814.2,0
7814.2,3
7814.4,11
7815.2,30
7815.2,38
7815.6,10
7815.8,15
7815.8,28
7816.2,8
7816.2,39
7816.7,24
7816.8,13
7816.8,23
7818.3,26
7818.4,16
7818.7,31
7819.5,12
7820.0,6
7820.3,25
7820.7,37
7822.1,3
7822.6,2
7822.6,22
7822.7,35
7824.5,0
7825.7,24
7826.4,8
7826.4,18
7827.4,33
7827.7,10
7828.2,14
7828.4,34
7828.7,17
7828.7,28
7828.8,13
7828.9,19
7829.6,25
7829.8,23
7830.3,1
7830.3,11
7830.7,12
7831.1,39
7831.2,16
7831.5,26
7832.2,4
7832.2,27
7832.6,31
7832.7,3
7832.8,6
7833.7,35
7836.4,8
7836.7,0
7836.9,5
7837.4,7
7838.6,19
7838.6,24
7839.8,2
7839.9,36
7840.1,13
7840.4,18
7840.4,26
7840.5,25
7840.7,10
7841.1,15
7841.5,22
7841.7,30
7841.9,39
7842.2,16
7842.3,33
7842.5,14
7842.8,17
7842.8,37
7843.8,3
7844.0,23
7844.0,29
7845.1,31
7845.6,0
7846.6,20
7847.4,38
7847.7,4
7848.6,8
7849.0,19
7849.2,2
7849.2,12
7849.9,27
7850.0,28
7850.3,1
7851.1,35
7851.3,18
7852.8,16
7853.5,3
7853.6,39
7853.7,17
7853.7,26
7854.0,24
7854.0,25
7854.1,32
7854.3,10
7854.7,13
7855.4,34
7856.0,11
7856.5,9
7857.3,37
7857.4,8
7858.0,0
7858.6,4
7858.6,31
7858.8,6
7858.8,36
7859.1,33
7860.0,30
7860.4,2
7860.7,28
7860.9,23
7861.6,24
7861.6,26
7862.1,14
7864.2,18
7864.4,19
7865.0,3
7865.1,13
7865.1,16
7865.1,17
7865.1,25
7865.4,5
7866.1,8
7866.4,10
7868.8,26
7869.6,35
7869.8,22
7869.9,12
7871.1,31
7871.3,23
7871.4,0
7871.7,2
7872.1,11
7872.1,39
7872.3,24
7872.4,29
7872.9,15
7874.4,6
7875.6,7
7876.0,3
7876.1,4
7876.5,1
7876.6,20
7876.7,13
7877.2,8
7877.6,30
7878.2,33
7878.6,10
7878.6,37
7878.7,25
7878.8,16
7879.3,18
7879.3,39
7880.1,0
7880.6,14
7881.6,27
7881.8,19
7882.0,36
7883.3,28
7883.6,17
7884.2,10
7886.1,26
7886.2,2
7886.6,22
7888.0,25
7888.3,24
7888.8,38
7889.3,0
7889.4,30
7889.5,18
7889.8,23
7890.0,5
7890.0,35
7890.3,11
7890.4,3
7890.7,4
7891.2,1
7891.4,16
7891.7,31
7892.0,8
7892.1,13
7892.9,33
7893.0,26
7893.5,12
7894.9,10
7896.0,24
7896.2,19
7896.8,37
7897.1,2
7897.1,39
7897.2,28
7897.4,6
7898.1,18
7898.3,17
7898.9,29
7899.7,25
7899.8,10
7900.8,13
7901.4,3
7903.4,0
7903.4,20
7904.0,23
7904.2,36
7904.5,24
7904.6,35
7904.8,8
7904.8,31
7905.3,4
7905.4,27
7906.1,26
7906.6,16
7906.9,13
7907.1,25
7907.2,2
7907.4,11
7908.1,39
7908.8,6
7908.8,19
7909.4,5
7909.4,12
7910.6,22
7912.0,18
7912.5,10
7913.9,8
7913.9,30
7914.3,3
7914.3,14
7914.9,37
7915.0,28
7915.6,26
7915.7,7
7915.8,0
7915.9,16
7916.5,1
7916.6,29
7917.0,25
7917.2,24
7918.2,17
7919.6,35
7919.7,2
7919.7,23
7921.5,13
7922.0,39
7922.3,34
7922.9,33
7923.2,3
7923.3,19
7924.4,18
7924.5,10
7924.6,26
7924.8,0
7925.2,8
7925.3,11
7926.3,25
7926.7,4
7927.6,6
7927.6,24
7927.6,38
7928.8,37
7929.1,13
7930.0,12
7930.5,16
7930.5,17
7931.1,14
7931.2,31
7931.3,5
7932.3,30
7933.0,23
7933.1,2
7934.1,35
7935.9,25
7936.0,28
7936.1,0
7936.1,22
7936.2,39
7936.4,10
7936.4,26
7936.9,3
7937.2,20
7937.3,18
7938.4,13
7938.8,8
7939.0,19
7939.5,24
7940.3,29
7941.5,23
7941.7,14
7941.7,33
7942.0,9
7942.0,11
7942.0,27
7942.0,36
7942.5,4
7942.8,16
7943.0,6
7944.0,31
7944.2,1
7944.4,25
7945.2,10
7945.4,13
7945.5,7
7945.6,28
7946.0,12
7946.1,2
7946.4,26
7946.4,37
7946.6,3
7947.5,30
7948.5,35
7949.6,8
7949.8,0
7950.7,18
7951.1,19
7951.2,39
7952.4,17
7952.8,25
7953.1,24
7953.9,5
7954.0,23
7954.1,11
7954.3,35
7954.6,31
7954.7,13
7954.7,26
7955.2,4
7955.5,3
7955.7,2
7956.5,16
7957.3,0
7960.4,10
7961.5,34
7961.6,8
7961.6,19
7961.6,38
7961.9,13
7962.4,22
7963.4,29
7963.7,23
7964.0,39
7964.2,17
7964.4,14
7964.5,25
7965.8,16
7966.2,12
7966.5,18
7967.4,2
7968.8,28
7969.4,24
7969.4,31
7969.8,6
7969.8,33
7969.9,10
7969.9,11
7970.1,3
7971.0,26
7971.4,30
7971.5,27
7971.6,0
7971.6,7
7971.7,13
7972.0,8
7972.8,19
7973.6,5
7974.1,22
7974.1,35
7974.1,36
7975.6,25
7975.8,37
7976.1,3
7979.3,16
7979.7,18
7979.8,2
7980.7,4
7981.2,29
7981.3,23
7981.4,17
7981.5,26
7981.8,8
7981.8,14
7983.1,24
7983.4,19
7983.8,13
7984.0,0
7984.1,3
7984.1,10
7984.1,39
7984.5,12
7985.5,38
7986.2,25
7986.5,21
7986.7,1
7987.1,28
7987.3,33
7988.1,11
7989.4,35
7991.4,24
7991.6,26
7992.0,31
7992.1,18
7993.0,14
7993.2,16
7993.5,30
7994.3,0
7994.4,2
7994.5,22
7994.7,25
7995.1,6
7995.5,8
7995.8,3
7996.0,27
7996.6,13
7997.1,19
7998.7,10
7998.7,23
7998.7,39
7998.9,35
7999.2,17
7999.6,20
8001.3,16
8001.9,18
8002.9,12
8003.1,13
8003.3,0
8005.2,28
8005.3,32
8005.4,26
8006.0,24
8006.2,25
8006.8,3
8007.5,8
8007.5,11
8008.9,2
8009.2,23
8010.3,35
8010.4,33
8010.6,19
8010.9,4
8011.8,31
8012.2,17
8012.6,37
8013.5,14
8014.0,0
8014.3,5
8014.4,36
8014.6,29
8015.0,10
8015.2,34
8015.7,16
8016.1,39
8016.3,18
8016.5,26
8016.7,6
8017.3,2
8018.4,25
8018.8,23
8018.9,3
8018.9,13
8019.1,12
8019.9,28
8020.6,8
8020.6,30
8021.1,1
8021.2,22
8021.5,35
8021.6,9
8021.7,24
8022.5,11
8023.2,0
8026.9,7
8027.5,25
8028.7,16
8028.8,3
8028.8,4
8028.9,10
8029.3,17
8029.5,19
8029.5,36
8029.8,14
8030.3,2
8030.4,6
8030.4,31
8030.6,5
8030.6,33
8031.2,26
8031.7,13
8032.4,24
8032.7,23
8032.8,18
8032.8,35
8033.0,28
8033.5,11
8034.6,39
8034.7,8
8034.7,25
8035.7,0
8037.4,38
8039.5,12
8040.5,2
8040.5,13
8040.9,31
8041.2,10
8041.4,16
8041.9,6
8042.3,3
8042.5,27
8042.6,22
8042.6,37
8042.8,18
8042.8,24
8043.5,30
8043.5,36
8043.9,26
8044.0,14
8044.3,15
8044.3,21
8044.7,1
8044.7,4
8044.7,25
8044.7,34
8045.0,23
8045.3,19
8045.3,35
8046.3,8
8046.4,29
8048.1,39
8048.6,0
8048.7,28
8049.1,13
8049.7,11
8050.7,17
8051.4,2
8051.7,24
8052.0,16
8052.0,26
8052.2,3
8052.9,23
8055.1,33
8055.6,6
8055.7,25
8056.3,12
8056.6,31
8056.7,10
8057.0,37
8057.2,20
8057.7,19
8058.4,8
8059.2,0
8059.7,27
8061.0,18
8061.0,5
8062.2,2
8062.3,26
8062.4,39
8063.7,14
8064.3,30
8064.6,16
8064.7,11
8065.4,17
8066.3,0
8066.3,3
8066.9,35
8067.0,24
8067.3,8
8067.4,10
8067.6,28
8067.8,1
8067.9,25
8069.7,23
8070.2,18
8070.7,19
8070.8,12
8071.1,31
8072.1,13
8072.3,37
8072.4,4
8076.7,29
8076.8,26
8077.0,8
8077.2,3
8077.5,25
8077.6,0
8077.7,38
8078.6,9
8078.8,7
8078.8,22
8078.8,24
8079.0,2
8079.4,10
8079.6,30
8080.1,13
8081.3,39
8081.6,19
8083.1,23
8083.1,16
8083.5,5
8083.7,14
8083.9,17
8084.0,35
8085.4,26
8086.2,25
8086.3,33
8086.4,18
8087.1,6
8087.4,34
8087.7,11
8088.4,4
8088.9,36
8089.7,3
8089.8,0
8089.8,10
8090.0,8
8090.0,15
8091.4,28
8091.6,31
8092.2,2
8092.3,1
8092.3,13
8092.8,27
8093.7,22
8093.8,12
8094.3,25
8094.4,39
8094.6,24
8094.6,26
8094.7,17
8094.8,37
8097.3,8
8097.8,16
8097.9,19
8098.0,18
8099.1,30
8100.4,13
8100.4,28
8101.3,23
8101.3,35
8101.5,0
8102.1,3
8102.3,2
8102.5,14
8102.8,20
8103.4,10
8104.3,24
8104.7,4
8104.8,36
8104.9,26
8106.3,31
8106.5,11
8106.8,25
8107.0,6
8107.3,39
8108.7,8
8108.8,16
8109.2,9
8109.3,17
8109.4,13
8109.5,19
8110.9,18
8111.0,32
8112.4,33
8112.5,2
8113.2,22
8113.2,29
8113.6,7
8113.7,3
8114.0,38
8114.8,1
8115.2,35
8115.7,26
8115.8,0
8116.1,23
8116.1,25
8116.3,13
8116.3,30
8116.4,12
8116.6,28
8116.7,16
8118.1,14
8118.5,18
8119.6,4
8119.7,10
8120.7,3
8121.4,39
8121.5,8
8121.6,17
8122.3,27
8122.7,24
8122.9,31
8123.1,6
8123.1,19
8124.2,18
8124.7,23
8124.9,0
8125.5,37
8125.6,29
8126.0,13
8126.0,25
8126.5,5
8126.5,2
8128.6,26
8128.9,36
8129.5,11
8129.5,12
8129.7,10
8130.1,15
8131.2,8
8131.9,30
8131.9,33
8131.9,34
8132.4,28
8132.5,14
8132.7,16
8133.4,4
8133.4,39
8133.6,3
8133.9,29
8134.1,25
8134.5,0
8136.5,31
8136.7,13
8137.2,26
8137.4,35
8137.6,1
8138.1,19
8138.2,23
8139.3,7
8139.8,2
8139.8,24
8141.4,18
8144.9,8
8145.4,26
8145.8,12
8145.9,3
8145.9,16
8146.1,27
8146.2,0
8146.4,10
8146.9,13
8146.9,19
8147.0,37
8147.1,25
8147.1,28
8147.1,39
8147.7,30
8147.7,35
8148.1,17
8148.2,22
8148.7,5
8149.4,9
8149.5,24
8149.7,6
8150.3,23
8151.7,0
8153.7,4
8154.3,11
8154.6,18
8155.0,2
8155.3,25
8155.5,8
8155.6,3
8155.6,14
8157.5,29
8157.5,33
8157.8,31
8158.2,24
8158.3,1
8158.3,23
8158.5,34
8159.5,20
8159.9,6
8159.9,13
8159.9,15
8159.9,19
8160.4,37
8160.4,39
8160.6,26
8160.8,17
8161.0,35
8161.5,16
8162.0,28
8163.7,0
8163.9,12
8164.0,3
8164.1,10
8165.3,2
8165.5,22
8165.7,25
8167.3,7
8167.5,30
8168.7,4
8168.7,38
8169.0,8
8169.5,31
8170.6,13
8170.6,23
8170.8,11
8170.8,18
8170.9,19
8170.9,26
8171.3,36
8171.4,9
8171.5,24
8171.5,39
8172.2,17
8172.3,0
8172.9,25
8173.1,27
8173.4,10
8173.4,33
8174.2,16
8174.6,3
8175.3,1
8177.2,2
8178.6,23
8180.7,37
8181.2,15
8181.5,5
8181.5,14
8181.7,12
8181.9,13
8181.9,26
8182.2,6
8182.2,19
8182.2,35
8182.2,30
8182.4,8
8182.4,29
8183.6,24
8183.7,16
8183.7,18
8183.9,28
8184.0,11
8184.1,3
8184.8,0
8184.8,20
8184.9,39
8185.0,10
8185.1,25
8185.4,4
8187.9,2
8189.2,23
8189.7,17
8190.5,31
8191.8,8
8192.7,35
8192.8,3
8194.1,25
8194.4,24
8194.4,0
8195.0,26
8196.4,11
8197.0,13
8197.6,16
8197.9,10
8197.9,12
8198.3,19
8198.7,1
8198.7,36
8199.2,39
8199.3,14
8199.6,18
8200.4,5
8200.9,22
8201.1,3
8201.1,17
8201.3,2
8201.5,29
8202.2,28
8202.3,23
8202.7,37
8202.7,30
8203.1,20
8203.6,6
8203.6,24
8204.7,26
8204.9,21
8205.1,4
8205.5,7
8205.7,11
8206.1,8
8206.4,10
8206.5,35
8207.4,0
8207.4,13
8207.6,25
8208.3,31
8208.3,34
8209.1,16
8209.1,39
8209.2,15
8209.6,9
8212.9,28
8213.2,18
8213.2,38
8213.7,2
8213.7,19
8213.8,3
8213.8,33
8216.8,12
8216.8,23
8216.9,13
8216.9,14
8217.7,8
8218.4,10
8218.7,6
8218.7,26
8219.1,24
8219.7,25
8220.5,0
8220.5,11
8220.8,30
8220.8,31
8221.5,39
8221.8,3
8222.2,19
8222.3,36
8222.4,17
8222.9,22
8223.5,29
8223.7,16
8223.9,35
8224.5,2
8224.6,37
8225.5,24
8226.9,4
8226.9,18
8227.9,1
8228.2,28
8228.5,26
8229.7,5
8229.9,13
8230.4,8
8231.5,25
8232.0,16
8232.1,10
8232.5,6
8232.8,39
8233.0,15
8233.4,11
8234.0,33
8234.0,31
8234.2,14
8234.7,0
8235.5,37
8235.9,27
8236.1,3
8236.9,35
8237.5,32
8238.1,19
8238.5,2
8238.5,18
8238.5,23
8239.1,30
8239.2,25
8239.8,12
8239.8,28
8242.1,26
8242.4,3
8242.6,17
8242.8,10
8243.4,0
8244.0,13
8244.4,16
8244.6,20
8245.2,4
8245.2,8
8245.5,31
8245.7,14
8245.8,24
8246.8,39
8248.9,19
8249.3,11
8249.5,9
8250.3,25
8251.3,23
8251.4,5
8252.2,13
8252.3,33
8252.6,35
8252.9,30
8253.3,29
8253.9,3
8254.5,18
8254.5,2
8254.8,22
8254.9,0
8254.9,31
8255.4,26
8255.9,6
8257.3,1
8257.5,16
8257.9,12
8258.0,28
8258.2,36
8258.3,10
8258.6,19
8258.7,11
8258.9,37
8259.0,8
8259.2,38
8259.2,24
8260.3,39
8262.0,13
8262.1,25
8263.1,3
8265.0,23
8266.1,4
8266.3,20
8266.3,35
8266.9,7
8267.2,24
8267.5,2
8268.2,0
8268.5,18
8268.7,10
8269.1,14
8269.4,31
8269.6,26
8270.5,16
8271.2,30
8272.7,13
8273.1,8
8273.7,11
8273.8,25
8275.0,28
8275.2,19
8275.2,33
8275.5,3
8275.5,39
8275.8,17
8276.2,12
8277.0,18
8277.5,6
8277.5,37
8278.3,2
8279.5,0
8279.5,4
8280.9,16
8281.0,10
8281.8,24
8282.3,25
8283.0,23
8283.8,39
8284.1,14
8284.3,35
8284.5,8
8284.6,36
8284.9,26
8284.9,38
8285.4,30
8285.8,13
8286.2,31
8286.8,22
8287.1,3
8287.2,28
8287.5,29
8288.4,1
8289.1,34
8289.6,19
8289.9,6
8291.0,11
8292.0,0
8292.0,16
8292.5,26
8293.2,5
8293.2,37
8293.5,18
8293.7,25
8293.9,21
8294.1,10
8294.5,24
8295.4,4
8295.6,12
8295.6,33
8296.1,17
8296.3,2
8296.3,8
8297.0,13
8297.3,3
8297.5,23
8297.8,31
8299.1,28
8299.8,39
8300.3,20
8300.3,18
8300.5,14
8300.6,27
8300.8,9
8301.0,30
8301.6,35
8301.8,16
8302.9,26
8303.3,0
8303.6,25
8304.2,22
8304.5,10
8304.7,8
8304.7,19
8305.2,2
8305.6,24
8306.0,13
8306.7,17
8306.9,6
8307.2,3
8308.0,1
8308.5,12
8309.3,11
8310.4,18
8310.5,31
8311.0,25
8311.7,26
8311.9,28
8313.0,35
8313.3,37
8314.5,2
8316.0,33
8317.0,24
8317.0,16
8317.3,19
8317.6,0
8317.6,30
8317.7,8
8317.7,23
8317.9,29
8318.5,7
8318.7,10
8318.7,4
8319.8,39
8319.9,25
8320.0,13
8320.3,3
8320.9,36
8321.4,18
8323.0,26
8323.2,1
8323.9,5
8324.1,17
8324.1,33
8324.2,28
8324.7,23
8324.7,31
8325.1,0
8325.2,14
8327.0,19
8329.0,13
8329.5,2
8329.8,30
8329.9,16
8330.3,27
8330.4,10
8330.5,11
8331.0,26
8331.4,39
8331.6,8
8332.4,3
8332.4,6
8333.1,24
8333.5,12
8333.7,28
8333.7,35
8333.7,17
8334.0,22
8334.2,37
8335.1,4
8335.3,38
8335.8,25
8335.9,9
8336.0,18
8336.4,0
8337.0,31
8338.4,10
8338.4,13
8339.9,16
8340.1,33
8340.7,2
8340.8,26
8341.7,36
8343.8,8
8344.4,29
8344.4,19
8345.1,23
8345.3,18
8346.0,39
8346.1,24
8348.1,10
8348.8,3
8349.1,35
8349.1,11
8349.4,25
8349.8,16
8349.9,31
8351.1,0
8351.8,26
8351.8,28
8353.0,8
8353.3,4
8353.5,13
8353.7,23
8354.5,12
8354.7,18
8355.1,6
8355.7,24
8356.0,17
8356.7,1
8356.8,2
8357.0,19
8357.3,25
8357.5,36
8359.0,20
8359.7,0
8361.4,15
8361.5,39
8361.8,28
8362.1,14
8362.3,10
8362.5,16
8362.7,5
8362.8,37
8362.8,7
8362.8,33
8363.2,22
8363.5,29
8363.7,3
8363.7,13
8364.1,2
8364.4,24
8364.4,35
8364.9,26
8367.4,11
8367.5,8
8367.6,30
8367.7,18
8368.0,19
8368.7,6
8368.7,23
8369.2,25
8370.5,17
8372.7,31
8372.7,0
8373.1,16
8373.4,3
8375.5,39
8376.2,13
8376.4,26
8376.8,34
8377.0,1
8377.3,10
8377.6,25
8377.9,8
8378.1,12
8378.2,28
8378.4,4
8378.4,27
8378.6,35
8379.3,14
8379.4,2
8379.5,24
8379.9,0
8380.7,18
8380.8,23
8381.1,37
8381.5,36
8381.6,13
8381.6,33
8381.7,29
8381.9,19
8381.9,31
8384.1,16
8384.7,3
8385.4,11
8385.9,22
8386.2,26
8386.7,28
8387.1,30
8389.6,6
8389.6,25
8390.0,17
8390.2,10
8390.2,8
8390.7,20
8391.4,29
8391.5,18
8392.4,26
8392.4,33
8392.6,36
8392.6,24
8392.8,1
8393.0,0
8393.1,13
8393.1,39
8394.0,3
8394.1,15
8394.5,19
8396.4,31
8396.7,35
8397.1,8
8398.1,12
8398.5,16
8399.0,2
8399.1,11
8399.3,37
8399.3,38
8400.1,10
8400.1,25
8400.4,23
8400.9,34
8401.6,7
8402.1,0
8402.1,39
8402.2,17
8402.5,22
8404.6,13
8405.8,4
8406.1,24
8406.2,16
8406.6,27
8406.8,14
8406.9,3
8407.2,26
8407.8,6
8407.8,35
8408.0,19
8408.5,28
8408.8,18
8408.9,30
8409.3,31
8410.2,8
8410.2,36
8410.3,5
8410.3,25
8410.8,0
8414.6,2
8415.2,3
8415.4,33
8415.5,15
8415.5,29
8415.9,1
8416.0,17
8416.2,10
8417.0,13
8417.0,26
8417.0,11
8418.2,16
8418.5,39
8419.3,19
8419.3,24
8420.6,25
8421.0,23
8421.1,8
8422.3,4
8422.3,18
8422.6,31
8423.2,35
8424.8,28
8424.9,0
8425.1,10
8425.1,13
8425.3,2
8425.5,14
8426.0,12
8426.6,22
8426.6,37
8426.8,36
8426.9,3
8426.9,6
8427.0,30
8427.2,26
8427.3,16
8427.3,19
8428.6,24
8429.8,8
8430.6,25
8431.0,23
8431.5,33
8431.7,18
8431.9,29
8432.1,17
8432.2,39
8432.7,5
8433.5,0
8433.9,11
8436.3,13
8437.2,28
8437.4,26
8437.9,19
8439.2,10
8439.6,2
8439.6,3
8439.6,16
8439.7,25
8440.0,14
8440.3,1
8440.3,6
8440.3,24
8440.7,31
8441.1,4
8441.1,17
8441.1,22
8441.6,0
8442.0,20
8442.2,35
8442.7,8
8444.6,9
8445.0,36
8445.0,13
8445.8,12
8446.1,30
8446.2,32
8446.3,18
8446.3,39
8449.7,23
8449.7,16
8450.0,11
8450.6,28
8451.0,29
8451.3,17
8451.5,31
8451.7,3
8451.7,25
8451.9,5
8452.1,26
8452.2,37
8452.4,18
8453.1,24
8453.6,15
8453.6,20
8454.0,10
8454.2,0
8454.8,33
8455.0,2
8455.7,13
8456.4,16
8457.4,4
8458.7,35
8460.4,8
8460.6,38
8461.2,25
8461.3,19
8462.1,34
8462.2,30
8462.2,31
8462.4,17
8462.6,12
8463.6,13
8463.6,39
8463.7,3
8463.7,23
8463.7,28
8463.8,26
8464.1,11
8464.1,24
8465.2,0
8466.2,18
8466.2,27
8467.7,1
8468.5,8
8468.6,10
8468.8,5
8469.7,14
8469.7,26
8470.1,25
8470.3,16
8470.7,3
8471.4,36
8471.6,2
8471.6,33
8472.4,24
8473.5,6
8476.6,39
8476.9,0
8477.0,38
8477.4,8
8477.5,13
8478.0,17
8478.0,30
8478.3,18
8478.5,23
8478.9,35
8479.2,12
8480.9,31
8481.5,28
8482.5,10
8482.5,19
8482.9,4
8483.3,22
8483.3,37
8483.4,14
8483.4,25
8484.7,3
8485.1,11
8485.6,2
8485.9,26
8486.0,13
8486.1,1
8486.4,0
8486.9,29
8487.0,6
8487.7,24
8487.8,16
8487.8,18
8488.1,20
8488.3,8
8489.0,31
8489.8,39
8491.0,25
8491.3,19
8492.0,36
8494.3,23
8495.8,17
8496.0,35
8496.2,7
8496.2,10
8496.6,12
8497.3,3
8497.5,5
8497.5,33
8498.3,18
8498.4,26
8498.5,8
8498.5,11
8498.8,13
8498.9,2
8499.1,37
8499.4,22
8500.0,0
8500.1,30
8501.4,28
8502.3,16
8503.2,24
8503.2,39
8503.6,19
8503.9,25
8504.2,4
8504.5,31
8506.5,3
8507.1,13
8507.4,12
8507.5,20
8507.5,18
8507.7,11
8508.8,14
8508.8,27
8509.2,23
8509.2,35
8509.9,2
8510.1,17
8510.2,26
8510.3,29
8510.6,6
8510.7,8
8510.9,0
8511.9,10
8513.2,25
8513.7,24
8513.7,39
8514.4,37
8514.8,28
8515.0,3
8515.0,16
8515.1,36
8515.4,15
8517.2,18
8517.6,22
8517.8,14
8518.2,0
8518.7,31
8519.1,33
8519.1,13
8519.3,26
8520.1,19
8520.6,1
8520.6,8
8521.2,30
8521.8,2
8522.1,35
8522.6,4
8524.1,23
8525.6,24
8526.4,25
8527.3,12
8528.2,16
8528.6,17
8528.7,3
8529.3,28
8529.3,39
8529.7,10
8529.8,6
8530.0,14
8530.6,11
8530.6,13
8530.7,20
8530.8,31
8532.1,0
8532.1,2
8532.3,26
8532.5,18
8532.6,29
8533.2,38
8533.4,23
8533.6,8
8533.6,19
8533.6,32
8534.5,22
8536.9,35
8538.2,3
8538.2,36
8538.4,24
8539.6,25
8539.9,5
8540.5,39
8541.1,33
8541.2,16
8542.0,13
8542.0,9
8542.4,37
8542.6,10
8542.8,0
8542.9,2
8543.3,4
8543.7,7
8543.7,17
8543.9,26
8544.3,23
8544.9,18
8546.4,12
8547.1,31
8547.2,14
8547.3,1
8547.6,30
8548.3,25
8548.5,8
8549.3,29
8549.6,35
8550.0,13
8550.6,11
8551.3,27
8551.7,24
8551.8,22
8553.0,20
8554.2,0
8554.9,18
8555.0,3
8555.0,19
8555.1,10
8555.3,26
8555.5,28
8555.5,39
8555.9,16
8556.1,34
8556.6,2
8557.1,23
8559.6,6
8560.2,8
8560.5,14
8560.6,7
8560.9,17
8560.9,25
8560.9,29
8562.3,19
8562.4,15
8562.9,4
8564.3,24
8564.4,0
8564.5,12
8565.2,13
8567.0,26
8567.3,36
8568.2,11
8568.6,2
8568.7,35
8569.2,28
8569.7,33
8569.9,3
8570.0,18
8570.0,8
8570.0,31
8570.6,10
8570.8,1
8570.8,23
8570.9,16
8571.9,22
8572.0,14
8572.0,25
8572.1,37
8573.6,39
8576.0,0
8576.1,19
8577.5,13
8577.6,24
8577.6,27
8577.9,30
8578.2,2
8578.6,17
8579.5,35
8579.9,11
8580.1,6
8580.5,8
8581.0,12
8581.4,10
8581.5,5
8581.5,18
8581.6,4
8582.7,3
8582.8,23
8583.1,26
8584.4,16
8584.5,25
8584.8,28
8585.1,39
8585.6,19
8586.5,0
8587.0,13
8589.0,2
8589.1,3
8589.9,17
8590.1,36
8590.2,22
8590.6,24
8590.7,31
8591.1,33
8591.6,30
8592.0,25
8592.3,16
8593.8,6
8594.6,35
8594.8,26
8594.9,32
8595.7,37
8596.5,18
8596.8,29
8597.3,0
8597.3,8
8597.4,5
8597.4,13
8597.7,12
8598.3,10
8599.5,14
8600.3,3
8600.9,24
8601.8,28
8602.5,25
8602.7,23
8603.2,11
8603.4,39
8603.7,20
8604.0,16
8604.5,1
8604.5,2
8604.5,9
8604.7,17
8604.9,10
8606.3,13
8607.2,0
8607.4,33
8607.9,19
8608.0,31
8608.3,38
8608.5,36
8609.0,35
8609.3,34
8609.8,26
8610.1,8
8610.7,22
8611.0,3
8611.2,4
8612.4,23
8612.6,6
8613.0,25
8613.6,1
8613.7,12
8613.8,14
8613.9,9
8613.9,18
8614.1,2
8614.2,24
8614.3,37
8615.8,0
8615.8,5
8615.8,10
8615.8,16
8617.2,30
8617.3,13
8617.8,39
8619.6,3
8620.0,17
8620.1,26
8620.1,28
8623.8,31
8623.9,0
8624.4,11
8624.9,19
8625.1,2
8625.4,4
8625.4,8
8625.4,18
8625.4,23
8625.7,13
8626.0,35
8626.0,36
8626.3,25
8627.0,26
8627.6,16
8627.8,24
8629.8,39
8629.9,6
8630.4,33
8630.6,7
8631.4,10
8631.5,3
8632.8,2
8632.9,14
8633.8,22
8635.2,0
8635.9,28
8636.4,25
8636.6,23
8637.0,35
8637.8,26
8638.0,8
8638.5,1
8639.4,24
8639.5,11
8639.8,18
8639.9,31
8640.1,37
8640.2,3
8640.2,12
8640.2,27
8640.4,30
8640.4,36
8640.5,13
8642.9,17
8643.1,29
8643.1,39
8644.4,10
8644.6,19
8645.1,5
8645.3,16
8645.9,25
8646.2,6
8646.5,3
8646.8,8
8647.3,2
8648.7,33
8649.3,18
8649.4,26
8649.6,23
8650.1,14
8650.7,0
8650.9,1
8650.9,31
8651.4,13
8652.9,28
8653.1,25
8654.3,4
8655.9,24
8656.5,12
8656.8,17
8657.2,3
8657.2,8
8657.3,30
8657.7,35
8657.8,11
8657.8,22
8657.8,39
8658.3,19
8659.1,10
8659.8,32
8659.9,16
8660.5,37
8661.4,23
8661.6,2
8662.4,25
8663.1,18
8663.2,0
8663.8,38
8664.1,36
8664.5,29
8664.6,28
8664.6,6
8665.6,26
8666.9,13
8669.1,8
8669.2,39
8669.3,3
8670.2,5
8670.8,27
8671.0,16
8671.4,7
8671.5,2
8671.5,10
8671.5,25
8672.1,1
8672.2,11
8672.3,19
8672.6,18
8672.6,30
8672.6,33
8672.7,28
8672.8,4
8672.8,24
8672.8,26
8673.0,20
8674.2,12
8675.0,31
8675.9,14
8676.6,17
8678.3,23
8678.3,0
8679.0,6
8679.5,22
8679.7,3
8680.2,8
8680.7,13
8680.9,16
8681.5,39
8681.7,24
8682.1,26
8682.4,2
8682.5,25
8682.9,35
8683.9,9
8684.2,34
8684.3,37
8684.3,10
8684.6,11
8685.4,5
8686.2,12
8687.0,19
8690.1,31
8690.4,16
8691.7,36
8692.0,18
8692.4,6
8692.5,28
8692.6,10
8693.1,4
8693.1,17
8693.2,0
8693.2,23
8693.4,15
8693.6,8
8693.6,13
8694.0,2
8694.2,3
8695.9,38
8696.2,24
8696.3,39
8696.5,22
8696.7,25
8696.7,26
8697.0,37
8698.7,14
8699.7,7
8702.6,10
8703.0,30
8703.1,33
8703.4,27
8703.5,20
8703.6,13
8703.6,16
8703.9,11
8703.9,35
8704.5,25
8704.6,0
8704.7,1
8704.7,36
8705.1,3
8705.3,12
8705.7,18
8706.0,24
8706.1,19
8706.4,31
8707.2,26
8707.9,23
8708.1,6
8708.1,17
8708.6,8
8708.7,29
8709.1,39
8711.0,2
8712.5,37
8713.4,13
8713.6,0
8713.8,28
8713.9,14
8715.0,22
8715.1,10
8715.2,25
8715.5,30
8715.7,26
8716.1,24
8716.6,19
8717.1,3
8717.3,4
8717.5,16
8719.6,35
8722.2,8
8722.2,31
8722.4,5
8722.9,12
8723.1,18
8723.2,17
8723.5,2
8723.5,11
8723.6,33
8723.6,39
8723.9,0
8723.9,1
8724.4,23
8725.5,13
8725.8,6
8726.8,36
8727.0,25
8728.7,26
8729.3,28
8729.7,16
8730.0,10
8730.8,24
8731.2,3
8731.8,7
8732.5,31
8732.9,19
8732.9,29
8733.0,9
8733.5,8
8733.6,17
8734.6,25
8735.1,22
8735.1,39
8735.9,0
8736.3,34
8736.6,18
8736.7,23
8737.2,4
8737.5,14
8737.7,13
8737.8,6
8738.1,38
8738.3,5
8738.7,35
8739.1,37
8739.4,12
8740.7,28
8741.5,2
8742.6,30
8742.8,10
8742.8,26
8743.2,16
8743.8,8
8743.8,20
8743.8,11
8744.0,24
8744.2,3
8744.2,7
8744.3,15
8744.3,27
8744.4,31
8744.7,19
8744.7,0
8744.9,39
8745.4,25
8746.2,33
8750.2,13
8750.2,17
8751.5,37
8752.3,25
8752.8,18
8753.0,14
8753.0,23
8753.7,36
8753.8,8
8753.8,28
8754.2,0
8754.5,35
8754.9,1
8755.0,3
8755.4,7
8755.6,10
8756.2,24
8756.2,39
8756.4,2
8756.5,9
8756.5,19
8756.5,26
8756.6,31
8756.6,33
8757.8,16
8758.3,22
8758.4,5
8761.2,12
8761.6,29
8761.6,38
8761.8,25
8762.2,6
8762.9,13
8763.1,18
8763.2,8
8763.9,26
8763.9,27
8764.0,2
8765.6,10
8766.1,11
8766.1,15
8766.1,30
8766.3,24
8766.8,35
8767.0,16
8767.0,20
8767.9,19
8768.0,28
8768.4,3
8769.1,39
8769.7,25
8770.3,17
8771.7,26
8772.9,23
8772.9,31
8773.5,37
8773.8,13
8774.3,36
8774.4,0
8774.8,30
8774.9,14
8775.1,4
8775.1,8
8776.4,3
8777.3,10
8777.3,33
8777.7,6
8777.8,12
8777.8,16
8777.9,24
8778.0,18
8778.1,2
8778.2,5
8778.2,22
8778.2,39
8779.8,26
8779.8,29
8780.3,25
8782.1,17
8784.3,8
8785.9,9
8785.9,38
8786.0,13
8786.1,19
8786.3,1
8786.3,3
8786.5,23
8787.5,35
8787.6,0
8787.8,30
8788.2,2
8788.3,28
8789.2,4
8789.2,11
8789.6,18
8789.6,39
8790.1,16
8790.5,10
8791.7,25
8791.7,37
8792.0,26
8793.5,36
8794.3,8
8794.3,14
8794.3,22
8794.6,5
8795.4,24
8796.5,31
8797.2,3
8797.8,34
8798.0,6
8798.0,17
8798.3,18
8798.9,13
8799.1,16
8799.3,23
8799.6,0
8799.7,12
8799.8,29
8799.9,25
8800.2,19
8800.8,27
8800.8,35
8801.9,8
8803.3,28
8803.5,30
8803.6,10
8803.9,2
8805.0,26
8805.0,39
8807.2,1
8807.5,4
8807.7,3
8807.8,21
8807.9,0
8808.2,25
8808.4,8
8808.9,11
8810.0,31
8810.4,23
8810.6,18
8811.0,16
8811.4,24
8811.8,33
8812.2,10
8813.1,13
8813.3,19
8813.3,36
8813.6,2
8813.7,28
8814.0,22
8815.7,5
8817.6,39
8817.9,20
8818.6,25
8818.7,38
8818.8,8
8819.0,14
8819.1,0
8819.1,17
8819.1,26
8819.3,12
8820.0,11
8820.0,28
8820.2,27
8820.3,10
8820.5,6
8820.9,37
8821.3,35
8821.6,31
8821.7,3
8822.3,18
8823.5,13
8824.0,24
8824.9,23
8825.2,16
8826.1,2
8827.9,4
8827.9,7
8828.6,0
8829.8,19
8830.7,25
8830.7,22
8832.0,17
8832.1,34
8832.6,15
8833.0,29
8833.1,26
8833.1,30
8833.1,3
8833.1,6
8833.6,2
8833.6,13
8833.7,39
8833.7,31
8833.9,33
8834.0,14
8834.1,24
8834.3,8
8834.5,12
8834.9,10
8834.9,28
8835.1,37
8836.5,20
8837.0,16
8840.4,36
8840.7,18
8840.7,35
8841.0,25
8841.3,0
8841.8,3
8842.2,23
8842.3,8
8842.7,27
8842.9,26
8843.6,22
8843.7,1
8844.0,24
8844.2,11
8844.8,10
8845.1,2
8845.6,5
8846.1,13
8846.4,39
8846.6,19
8847.2,28
8847.9,31
8849.3,12
8850.7,7
8850.7,16
8851.6,33
8851.7,4
8851.8,23
8852.5,17
8852.5,22
8852.7,30
8852.8,14
8852.9,3
8852.9,8
8853.1,25
8853.5,26
8853.7,6
8853.9,18
8854.1,0
8854.2,37
8854.9,1
8855.4,13
8855.9,24
8859.0,2
8861.1,35
8861.1,39
8862.3,10
8862.6,19
8863.2,26
8863.5,25
8863.6,3
8863.6,38
8864.0,16
8864.2,28
8864.5,8
8864.6,29
8864.7,18
8864.7,23
8864.7,31
8864.8,36
8865.0,4
8865.4,5
8865.8,0
8866.3,13
8866.6,24
8870.1,17
8870.1,30
8870.9,2
8871.0,10
8871.7,20
8872.1,11
8872.1,39
8872.7,33
8872.9,8
8873.0,1
8873.2,26
8874.0,19
8874.1,23
8874.2,28
8874.7,35
8874.8,13
8875.0,3
8875.2,25
8875.8,14
8875.8,31
8876.5,12
8877.1,24
8877.7,16
8878.9,0
8879.5,6
8879.5,37
8879.8,4
8879.9,22
8880.9,18
8881.3,8
8881.4,7
8882.9,11
8883.1,17
8883.9,2
8883.9,28
8884.2,10
8884.4,3
8884.5,15
8884.9,5
8885.3,39
8885.4,16
8885.7,23
8885.7,26
8886.8,0
8887.7,25
8887.7,36
8888.2,13
8889.3,9
8889.4,19
8889.4,24
8890.0,12
8892.5,14
8892.6,35
8893.1,31
8893.5,25
8894.5,8
8894.6,3
8895.9,18
8895.9,29
8896.0,10
8897.1,0
8897.5,38
8899.4,28
8900.1,4
8900.1,13
8900.8,16
8900.9,2
8900.9,39
8900.9,26
8901.1,24
8901.2,34
8901.3,17
8901.7,23
8902.1,11
8902.1,19
8903.7,33
8903.9,3
8904.1,22
8904.5,25
8905.9,1
8906.3,36
8906.3,37
8906.3,12
8906.5,35
8908.1,5
8908.4,8
8908.6,10
8908.6,13
8909.5,14
8911.4,6
8911.5,0
8912.3,31
8912.4,24
8912.7,25
8913.0,3
8913.0,16
8914.6,2
8915.0,26
8916.0,39
8916.1,18
8916.3,17
8917.0,11
8917.9,13
8918.3,28
8918.9,31
8919.0,19
8919.0,23
8919.1,10
8919.2,30
8919.8,12
8920.6,8
8920.9,7
8920.9,29
8921.8,25
8922.0,4
8922.6,22
8923.7,35
8924.3,18
8924.5,0
8925.6,3
8925.6,36
8925.7,24
8925.9,39
8926.5,5
8926.7,27
8927.0,26
8927.0,33
8927.4,32
8928.0,2
8928.3,10
8928.3,20
8928.6,25
8929.8,16
8931.0,13
8931.7,34
8932.0,8
8934.2,31
8935.4,23
8936.2,18
8936.5,1
8936.7,38
8936.8,14
8937.0,24
8937.0,30
8937.2,36
8937.5,29
8937.6,11
8937.7,35
8937.8,15
8938.0,28
8938.1,3
8938.1,12
8938.4,0
8938.7,26
8939.0,10
8939.2,39
8940.0,2
8940.0,7
8940.0,17
8940.0,37
8940.7,19
8941.3,25
8941.4,13
8941.8,22
8942.2,16
8944.0,4
8944.4,23
8944.7,8
8947.7,3
8948.3,24
8949.2,6
8949.5,10
8949.5,18
8949.6,0
8950.2,31
8950.5,17
8950.7,11
8950.7,39
8952.4,13
8953.2,30
8953.6,8
8953.8,25
8954.0,16
8954.0,26
8954.4,1
8955.5,2
8955.7,23
8955.7,37
8956.0,28
8957.2,12
8957.2,33
8957.3,3
8957.6,22
8957.7,9
8958.6,35
8959.0,14
8959.2,4
8959.3,31
8959.6,13
8960.2,39
8960.6,18
8960.6,19
8962.1,36
8962.4,25
8962.7,0
8963.1,24
8963.2,10
8964.5,5
8964.5,16
8964.5,29
8965.1,11
8965.4,15
8966.3,7
8966.7,8
8968.0,26
8968.4,2
8968.4,23
8968.6,34
8968.7,9
8968.8,28
8970.3,19
8971.4,0
8971.8,25
8972.1,3
8972.2,6
8972.2,39
8972.3,35
8972.4,31
8972.7,10
8972.7,18
8973.0,12
8973.4,27
8974.7,16
8975.7,20
8977.4,24
8978.0,13
8978.2,22
8978.7,14
8978.8,30
8979.0,25
8979.2,8
8979.3,37
8979.8,17
8981.5,33
8982.1,6
8982.5,26
8983.3,19
8984.7,2
8985.0,18
8985.1,0
8985.1,11
8985.2,36
8985.5,10
8985.5,13
8985.7,3
8985.7,39
8985.8,21
8986.0,4
8986.4,23
8986.5,28
8987.2,16
8990.8,24
8991.1,1
8992.1,35
8992.2,0
8992.5,8
8993.4,9
8993.7,31
8994.1,2
8994.2,3
8995.0,39
8995.1,26
8995.3,25
8995.4,5
8995.4,29
8995.4,38
8996.0,34
8996.2,12
8996.6,20
8997.5,18
8997.6,13
8997.6,22
8997.9,37
9000.7,17
9001.2,33
9001.8,8
9001.9,16
9002.4,14
9002.6,6
9002.7,10
9003.1,0
9003.1,26
9003.5,19
9003.5,23
9003.6,25
9004.3,11
9005.7,13
9005.9,7
9006.7,35
9006.9,24
9007.8,27
9008.0,28
9009.7,3
9010.4,2
9010.7,10
9011.3,39
9011.6,30
9012.2,4
9012.2,8
9012.6,25
9012.9,16
9012.9,26
9013.2,31
9013.8,5
9014.1,17
9014.2,18
9014.3,12
9014.5,19
9014.8,37
9014.9,22
9015.4,0
9016.0,36
9016.8,13
9017.6,35
9018.8,3
9019.1,38
9019.1,10
9020.3,26
9020.8,1
9020.8,25
9021.0,23
9021.0,28
9021.2,8
9022.1,13
9023.7,39
9024.1,2
9025.1,24
9025.2,33
9026.5,16
9026.8,18
9027.1,14
9027.5,27
9027.9,12
9029.1,19
9029.2,0
9029.2,25
9029.8,11
9030.4,17
9030.6,26
9031.2,31
9031.7,3
9031.7,22
9032.3,8
9032.7,23
9033.0,29
9033.4,30
9033.6,10
9034.5,4
9035.3,6
9035.4,37
9035.7,16
9036.0,24
9036.1,2
9036.4,1
9036.4,36
9036.6,18
9036.9,35
9037.2,25
9037.4,39
9037.5,0
9037.8,13
9037.9,5
9038.5,28
9041.2,26
9042.0,8
9042.3,3
9042.4,33
9044.3,14
9044.7,13
9045.4,10
9045.4,24
9046.0,16
9046.2,12
9046.9,18
9047.0,17
9047.0,39
9047.1,11
9047.3,19
9047.6,25
9048.8,31
9049.8,28
9050.8,0
9050.8,23
9050.9,2
9051.7,8
9054.0,3
9055.1,4
9055.3,22
9055.7,32
9055.7,37
9055.7,27
9056.0,6
9056.3,19
9056.5,13
9057.1,26
9057.4,36
9058.5,24
9058.6,16
9059.9,39
9060.2,12
9060.6,25
9060.9,1
9061.2,0
9061.6,2
9061.7,18
9062.3,10
9063.0,20
9063.5,23
9064.9,3
9065.2,7
9065.4,15
9065.6,35
9065.7,26
9065.7,31
9066.0,17
9066.4,38
9066.8,28
9066.9,8
9066.9,11
9067.3,9
9067.6,30
9067.9,0
9069.0,22
9069.6,5
9069.8,13
9070.8,4
9070.9,37
9071.3,33
9071.7,19
9072.2,24
9072.4,39
9072.6,10
9072.7,16
9072.8,14
9073.8,3
9075.5,18
9075.6,29
9075.7,35
9076.6,31
9077.1,34
9077.2,2
9077.7,26
9077.7,25
9078.1,8
9078.6,6
9079.3,0
9080.1,23
9080.6,13
9081.3,19
9081.4,28
9081.8,17
9082.3,1
9082.4,12
9083.1,36
9083.3,30
9083.4,27
9083.5,15
9083.5,25
9084.6,24
9084.8,14
9084.8,39
9085.2,20
9087.0,10
9088.1,11
9088.3,4
9088.9,16
9089.1,3
9089.6,18
9089.7,26
9090.2,13
9090.5,8
9091.7,35
9091.9,22
9092.7,17
9092.8,2
9093.8,25
9094.8,0
9094.8,23
9095.3,24
9095.3,33
9096.6,12
9096.7,39
9097.0,37
9097.6,10
9098.1,29
9098.4,8
9098.6,19
9098.6,27
9099.1,3
9100.2,28
9100.3,6
9100.3,13
9100.4,1
9100.4,11
9100.7,20
9100.8,26
9101.0,16
9101.1,18
9101.1,31
9101.8,14
9103.9,24
9104.8,25
9105.9,0
9108.0,39
9108.4,5
9108.6,13
9108.7,4
9108.9,26
9109.0,12
9109.0,2
9109.0,8
9109.8,17
9110.5,23
9111.2,35
9111.8,3
9112.7,30
9113.0,25
9113.5,36
9114.6,19
9115.0,10
9115.0,18
9115.2,22
9115.3,16
9115.4,6
9115.8,7
9116.0,0
9116.0,11
9116.2,28
9116.2,38
9116.6,2
9117.3,15
9118.0,24
9118.2,8
9119.9,23
9120.2,26
9121.5,3
9121.5,39
9121.7,13
9122.9,35
9123.4,31
9123.5,25
9125.1,34
9125.3,5
9126.2,12
9126.3,18
9126.3,29
9126.5,8
9127.0,0
9127.2,27
9127.3,19
9127.6,37
9127.7,26
9127.9,13
9128.2,33
9128.3,16
9128.3,17
9128.7,10
9128.8,4
9129.5,11
9129.7,14
9130.2,20
9131.7,25
9131.9,30
9133.6,2
9133.9,39
9134.1,1
9134.2,0
9134.6,3
9134.9,22
9135.5,5
9135.5,24
9135.9,28
9137.2,36
9137.5,19
9137.5,26
9138.4,8
9138.4,31
9139.9,6
9140.4,13
9140.9,16
9141.1,23
9142.1,35
9142.2,2
9142.4,18
9143.7,10
9144.5,25
9144.9,9
9144.9,12
9146.2,24
9146.6,29
9147.7,0
9148.6,13
9149.0,20
9149.1,3
9149.1,7
9149.1,8
9149.2,38
9149.3,17
9149.7,28
9149.8,36
9150.2,26
9150.2,39
9150.4,2
9151.3,16
9152.3,31
9152.4,1
9152.5,11
9152.9,23
9153.1,10
9154.3,4
9154.3,18
9154.8,19
9154.8,22
9155.9,14
9156.0,0
9156.1,35
9156.5,28
9156.6,37
9156.8,33
9156.9,6
9157.1,24
9157.5,13
9157.5,25
9158.0,3
9158.1,27
9158.2,21
9158.2,30
9162.1,26
9162.2,5
9162.3,10
9162.8,39
9164.1,16
9164.6,8
9166.2,25
9167.0,13
9167.3,2
9167.3,12
9168.0,18
9168.1,0
9168.1,34
9168.2,3
9168.2,17
9168.5,28
9168.9,11
9169.5,19
9169.6,31
9171.4,35
9171.8,24
9172.3,23
9172.7,26
9172.8,16
9173.2,7
9173.4,20
9173.6,8
9173.7,6
9173.7,14
9175.2,30
9175.5,13
9175.9,31
9176.0,36
9176.1,10
9176.1,28
9176.9,25
9177.9,1
9178.1,2
9178.2,3
9178.2,4
9178.2,37
9178.5,0
9179.4,39
9179.8,22
9180.7,33
9181.8,19
9182.2,8
9184.3,38
9184.6,25
9184.9,18
9185.6,12
9186.2,13
9186.6,24
9187.0,26
9187.4,23
9188.2,16
9189.7,35
9190.0,39
9190.3,27
9190.4,14
9190.6,36
9191.3,3
9191.3,19
9191.3,28
9191.4,0
9191.9,10
9193.4,2
9193.8,5
9194.3,8
9194.4,25
9194.4,30
9195.3,31
9195.7,17
9196.2,4
9197.4,11
9198.0,6
9198.2,13
9198.3,23
9198.5,26
9198.9,18
9199.0,22
9199.1,24
9199.1,33
9199.7,3
9199.9,37
9201.1,29
9201.2,2
9201.2,10
9202.1,16
9202.9,25
9204.2,0
9204.9,1
9205.1,31
9205.5,35
9205.5,39
9206.0,20
9207.6,14
9207.6,19
9208.7,8
9209.0,3
9209.2,26
9209.3,28
9210.1,17
9210.7,24
9210.7,37
9212.1,10
9212.8,12
9212.9,13
9213.0,7
9213.1,30
9213.4,18
9214.5,23
9214.8,2
9215.2,0
9215.6,25
9215.6,34
9215.7,9
9216.2,29
9216.4,4
9216.4,36
9217.1,11
9217.9,33
9219.4,19
9219.8,35
9220.0,13
9220.1,16
9220.5,3
9220.5,39
9220.7,24
9221.1,32
9221.7,28
9222.7,8
9222.7,26
9223.0,10
9225.3,18
9225.7,0
9225.9,31
9226.0,14
9226.3,38
9227.0,37
9227.3,25
9227.5,27
9227.8,6
9227.9,17
9228.7,22
9229.3,2
9229.5,39
9230.4,13
9231.5,16
9232.3,4
9232.3,30
9233.0,10
9233.8,3
9233.9,28
9234.2,8
9234.3,20
9234.4,23
9234.5,5
9234.5,36
9234.6,26
9234.7,35
9235.0,24
9235.1,17
9235.4,11
9236.1,19
9236.2,25
9237.8,18
9238.4,13
9240.0,6
9240.1,0
9241.2,12
9241.7,1
9242.4,2
9242.7,31
9243.2,8
9243.2,17
9243.6,16
9244.4,39
9244.5,38
9244.6,3
9245.7,30
9245.8,10
9245.9,33
9246.1,28
9246.6,23
9246.8,0
9247.1,24
9247.2,19
9247.5,22
9247.9,13
9248.1,14
9248.1,25
9248.7,29
9248.9,26
9249.3,37
9250.7,35
9251.2,7
9251.3,15
9251.7,8
9252.3,16
9252.6,3
9252.9,18
9252.9,20
9255.0,34
9256.0,25
9256.1,28
9256.4,13
9256.4,31
9256.6,6
9256.6,10
9257.4,36
9258.0,11
9258.7,2
9259.0,39
9259.8,30
9259.9,17
9260.8,24
9260.9,23
9261.0,26
9261.4,12
9262.0,19
9262.2,32
9262.5,0
9262.5,8
9262.6,3
9263.1,35
9264.1,9
9264.5,22
9266.3,25
9268.8,16
9270.1,4
9270.1,18
9270.3,27
9270.5,13
9270.8,1
9271.0,6
9271.1,37
9271.2,31
9271.2,39
9271.4,23
9272.1,10
9272.1,28
9272.1,3
9272.1,19
9272.3,2
9272.9,26
9273.6,17
9273.8,0
9273.8,35
9274.2,8
9275.4,29
9275.8,5
9275.8,33
9276.4,14
9276.7,21
9277.0,12
9277.4,25
9277.7,24
9278.5,11
9279.6,36
9281.2,13
9281.6,39
9283.4,26
9284.3,18
9284.3,8
9284.5,17
9284.7,23
9284.9,3
9284.9,33
9284.9,6
9285.3,10
9285.4,30
9285.7,16
9285.8,19
9285.8,25
9286.1,2
9286.3,28
9286.3,31
9286.9,24
9287.0,35
9291.0,0
9291.4,22
9291.8,13
9292.2,11
9292.2,39
9292.5,26
9295.3,8
9295.6,3
9295.9,1
9296.3,29
9296.7,17
9297.7,10
9297.7,12
9297.8,6
9298.0,25
9298.3,20
9298.4,0
9298.6,37
9299.3,38
9299.6,35
9300.0,19
9300.2,24
9300.3,15
9300.3,16
9300.3,18
9300.3,36
9300.5,13
9300.9,14
9301.7,2
9301.9,23
9302.0,5
9304.1,26
9304.8,31
9305.6,3
9305.6,28
9306.3,39
9306.5,8
9306.8,22
9307.6,33
9307.9,0
9308.3,17
9308.4,27
9308.5,4
9308.7,25
9309.9,13
9310.4,18
9310.7,10
9312.4,16
9312.6,11
9312.7,2
9312.8,8
9312.8,35
9313.6,19
9314.5,25
9314.7,24
9315.0,12
9315.0,29
9315.6,23
9315.7,31
9315.8,26
9315.9,1
9316.4,30
9317.7,3
9319.2,14
9320.4,0
9321.1,28
9321.4,10
9321.5,32
9322.3,17
9322.4,36
9322.8,20
9323.0,3
9323.0,13
9323.5,8
9323.7,16
9323.8,37
9324.5,25
9325.2,26
9325.2,34
9325.3,2
9325.3,39
9325.4,24
9325.6,15
9326.3,5
9328.8,33
9329.0,6
9329.0,19
9329.8,12
9329.9,0
9330.0,35
9330.5,23
9330.6,18
9331.4,7
9331.4,11
9331.9,8
9331.9,31
9332.2,28
9332.4,3
9333.1,13
9333.1,26
9333.5,10
9333.5,22
9333.7,29
9333.7,16
9333.7,27
9333.9,2
9334.8,4
9335.8,39
9336.5,1
9336.5,25
9336.6,0
9337.8,24
9339.4,14
9342.3,6
9342.5,5
9342.6,19
9343.0,3
9343.1,9
9343.2,26
9343.4,17
9343.6,23
9343.6,36
9344.0,10
9344.0,18
9344.0,29
9344.1,2
9344.2,8
9344.6,28
9344.6,31
9345.1,22
9345.8,16
9346.1,0
9346.4,25
9346.5,38
9347.0,35
9347.1,33
9347.9,13
9348.1,30
9348.3,24
9348.7,39
9350.8,12
9351.0,37
9351.7,3
9352.4,2
9353.5,26
9354.2,4
9354.4,10
9355.1,13
9355.7,11
9356.0,31
9356.2,18
9356.6,14
9356.6,23
9356.6,28
9357.4,0
9358.3,36
9358.6,8
9358.6,24
9359.3,17
9360.5,25
9361.1,16
9361.4,6
9361.9,20
9362.2,30
9362.3,19
9362.8,2
9363.3,7
9363.5,26
9363.7,3
9364.1,33
9364.3,13
9365.5,27
9365.6,21
9366.3,10
9367.0,12
9367.1,35
9367.2,39
9368.1,25
9368.2,0
9368.2,29
9368.2,37
9368.5,24
9369.6,1
9369.7,18
9369.7,8
9370.5,23
9370.8,31
9371.7,3
9372.0,15
9372.0,22
9372.2,28
9372.6,11
9373.0,26
9373.4,36
9373.5,14
9374.3,16
9374.6,4
9375.6,19
9376.0,13
9377.6,2
9378.0,39
9379.4,30
9380.2,5
9380.2,24
9380.2,25
9380.3,0
9380.6,8
9381.1,10
9382.1,17
9382.5,13
9384.5,14
9385.5,18
9385.5,3
9385.8,33
9385.8,34
9386.0,35
9386.1,1
9386.3,37
9386.5,2
9386.9,12
9386.9,26
9387.0,16
9387.1,28
9387.2,6
9387.4,11
9387.5,19
9387.8,23
9388.3,10
9388.4,29
9389.4,39
9390.0,25
9390.2,31
9390.9,8
9391.2,24
9392.6,0
9393.2,20
9394.6,13
9394.6,14
9395.8,4
9395.8,6
9396.2,27
9396.9,3
9396.9,18
9397.1,16
9397.4,23
9397.6,24
9397.8,17
9399.0,28
9399.3,19
9399.4,12
9399.6,2
9400.1,10
9400.2,31
9400.8,30
9401.1,37
9401.5,25
9401.9,8
9402.7,33
9403.0,0
9403.7,26
9404.8,36
9405.2,18
9405.9,11
9406.3,13
9407.2,3
9407.2,39
9407.4,22
9407.5,5
9409.0,8
9409.3,2
9409.3,16
9409.3,24
9409.9,23
9410.4,10
9411.0,25
9411.9,26
9412.1,31
9412.4,38
9412.6,35
9412.8,14
9412.8,29
9412.9,0
9413.2,7
9413.2,13
9413.2,28
9414.3,17
9415.1,3
9416.0,18
9416.9,1
9416.9,37
9417.6,16
9417.6,27
9418.1,39
9418.4,19
9419.2,33
9419.3,8
9419.7,24
9420.2,25
9420.4,31
9421.3,13
9421.5,11
9422.9,28
9423.6,2
9423.8,12
9424.2,0
9424.6,14
9425.6,35
9425.6,36
9425.8,10
9426.2,26
9426.2,30
9426.4,6
9426.9,3
9426.9,23
9428.9,39
9429.4,16
9429.5,18
9429.9,17
9430.9,8
9431.9,4
9432.1,19
9432.7,24
9433.0,25
9434.0,13
9434.3,2
9435.1,28
9435.1,37
9435.8,21
9436.0,31
9437.0,26
9438.0,1
9438.9,0
9439.0,10
9439.0,12
9440.2,5
9440.7,16
9440.7,23
9440.9,8
9441.0,24
9441.2,11
9441.9,29
9442.3,3
9442.3,15
9442.6,18
9442.9,13
9443.3,17
9443.4,22
9443.8,19
9444.0,6
9444.4,33
9444.4,39
9444.7,25
9444.8,35
9445.6,0
9445.6,14
9445.7,4
9445.7,26
9445.8,7
9445.9,36
9450.3,11
9450.6,37
9450.8,13
9450.9,30
9451.1,2
9451.1,23
9452.1,16
9452.3,27
9452.3,31
9452.4,10
9453.2,18
9453.4,24
9454.1,8
9455.1,19
9455.1,3
9455.3,12
9455.3,25
9455.3,39
9455.6,26
9458.1,13
9458.1,28
9458.3,5
9458.4,6
9458.5,0
9458.6,20
9459.4,35
9460.4,17
9461.7,10
9461.9,14
9462.0,18
9463.4,22
9463.8,2
9463.9,25
9464.1,16
9464.1,30
9464.2,24
9464.4,7
9464.6,37
9464.8,8
9465.1,19
9465.4,12
9465.6,1
9465.7,4
9465.7,11
9465.7,23
9465.8,0
9465.8,29
9466.1,26
9468.3,33
9468.8,39
9469.1,3
9469.1,17
9470.3,13
9471.3,36
9472.0,28
9473.2,31
9473.9,25
9474.1,0
9474.3,38
9475.3,6
9475.3,16
9475.3,18
9475.4,23
9475.6,8
9475.6,10
9476.4,3
9478.3,24
9478.9,30
9479.1,35
9479.3,19
9480.0,14
9480.4,39
9480.7,26
9481.0,2
9481.0,5
9481.0,13
9482.5,12
9483.9,0
9484.0,4
9484.3,20
9484.5,16
9484.6,9
9485.1,8
9485.3,18
9485.4,17
9485.4,36
9485.5,33
9486.0,1
9486.1,11
9486.4,25
9487.4,23
9488.0,31
9488.3,3
9489.0,24
9489.8,28
9490.1,19
9490.6,2
9490.6,10
9491.2,13
9491.3,37
9491.7,17
9492.1,35
9492.3,26
9492.7,39
9493.7,8
9493.7,14
9494.2,6
9495.5,0
9496.4,18
9497.0,25
9498.4,10
9499.0,16
9499.4,22
9500.4,24
9500.6,4
9501.2,31
9501.4,12
9501.7,23
9501.8,29
9501.9,8
9502.4,3
9502.8,13
9503.1,36
9504.0,2
9504.1,34
9504.8,26
9505.4,0
9507.7,28
9507.7,38
9507.9,35
9508.4,39
9508.8,19
9509.2,25
9510.2,1
9510.4,11
9511.7,6
9511.7,17
9511.8,10
9512.1,30
9512.5,27
9512.8,16
9513.2,8
9513.4,12
9513.6,3
9513.9,31
9514.1,18
9515.0,35
9515.4,23
9515.5,25
9515.6,37
9515.9,24
9516.8,4
9516.8,13
9517.0,26
9517.1,2
9517.3,0
9518.4,5
9519.1,14
9519.5,19
9520.6,10
9521.4,8
9521.8,39
9522.1,36
9524.0,11
9525.0,31
9525.2,30
9526.8,3
9526.8,33
9526.9,0
9527.0,29
9527.1,16
9527.2,22
9527.2,23
9527.3,24
9527.4,28
9527.7,13
9528.2,19
9528.3,26
9528.6,6
9528.8,18
9528.9,35
9530.7,15
9531.0,2
9531.9,10
9532.2,12
9532.6,8
9533.5,25
9533.6,14
9534.9,39
9535.2,37
9536.3,0
9536.6,13
9536.8,17
9536.9,11
9537.2,4
9538.0,27
9538.7,28
9538.7,31
9539.1,3
9539.2,16
9539.4,2
9539.6,5
9539.9,9
9541.2,22
9542.0,20
9542.3,10
9542.4,26
9542.8,19
9543.1,18
9543.2,33
9543.3,35
9543.4,24
9544.0,1
9544.0,36
9544.1,8
9544.3,25
9545.3,0
9546.4,17
9547.0,23
9547.6,13
9547.7,3
9547.9,14
9547.9,29
9548.0,39
9549.4,28
9549.5,26
9549.7,11
9551.5,30
9552.5,2
9553.0,16
9553.0,25
9553.2,31
9554.2,7
9554.2,13
9554.8,6
9554.8,24
9555.1,19
9555.3,33
9556.5,38
9556.9,18
9557.1,8
9558.2,26
9559.0,12
9559.2,36
9559.5,35
9559.8,25
9560.2,0
9560.2,3
9560.2,28
9560.6,10
9560.8,37
9561.4,22
9561.5,29
9561.8,17
9561.9,34
9562.4,8
9563.2,31
9563.4,4
9564.2,16
9565.2,39
9565.8,23
9568.1,13
9568.2,24
9569.2,11
9569.4,2
9570.0,19
9570.4,1
9570.5,25
9570.9,3
9570.9,37
9571.7,0
9571.7,5
9571.9,6
9571.9,30
9572.0,9
9572.0,26
9572.1,28
9573.8,8
9573.8,18
9574.4,10
9574.4,35
9575.2,22
9576.0,13
9577.2,39
9577.7,14
9578.4,16
9578.8,12
9579.3,24
9579.6,3
9581.0,23
9581.4,17
9581.6,25
9582.1,8
9582.2,33
9582.4,27
9582.6,19
9583.0,31
9583.1,18
9583.6,4
9583.6,10
9583.7,0
9584.3,13
9584.5,7
9584.6,11
9585.3,28
9585.9,26
9586.6,39
9586.8,16
9588.1,29
9588.2,35
9589.6,25
9589.9,2
9591.6,3
9592.0,20
9592.3,12
9592.6,5
9593.0,8
9593.1,1
9593.2,36
9593.4,24
9593.6,18
9593.6,19
9593.7,23
9594.2,10
9594.4,13
9595.1,11
9595.2,26
9595.2,38
9595.7,4
9595.8,30
9596.0,6
9596.0,16
9596.4,31
9596.6,14
9596.8,0
9596.8,37
9597.6,25
9599.1,2
9601.0,28
9601.9,39
9602.6,9
9603.1,34
9603.3,24
9603.4,35
9603.5,3
9606.4,17
9606.5,26
9607.1,10
9607.1,13
9607.5,18
9607.5,33
9608.4,11
9608.6,19
9609.0,0
9609.0,8
9609.0,30
9609.4,4
9609.5,25
9610.3,3
9610.7,2
9610.7,23
9611.6,24
9611.7,16
9612.0,31
9613.9,26
9615.3,39
9615.8,22
9616.6,6
9616.9,35
9617.0,37
9617.1,1
9617.1,8
9617.1,17
9617.4,10
9617.4,12
9617.9,28
9618.2,29
9619.0,13
9619.5,25
9620.9,0
9621.2,36
9621.5,14
9621.6,3
9621.8,18
9623.7,16
9623.8,21
9624.1,2
9624.5,24
9624.7,23
9625.3,20
9625.6,26
9625.8,11
9626.4,19
9626.5,8
9627.2,27
9628.8,4
9628.9,25
9629.1,28
9629.2,33
9630.2,13
9630.4,30
9631.3,31
9631.6,0
9631.9,22
9632.2,18
9632.3,35
9632.5,10
9633.4,39
9633.6,5
9633.6,7
9633.6,29
9633.9,14
9633.9,16
9634.1,3
9634.4,12
9634.7,17
9636.8,24
9637.0,32
9637.2,23
9637.2,2
9638.0,13
9638.6,26
9639.5,25
9641.1,19
9641.5,8
9643.8,0
9644.0,28
9644.1,34
9644.4,18
9644.4,38
9644.6,10
9644.7,3
9645.4,1
9645.9,6
9646.4,39
9647.4,14
9647.9,23
9647.9,37
9648.5,22
9648.6,4
9648.8,19
9649.4,17
9649.4,27
9649.6,13
9650.4,5
9650.7,16
9650.9,8
9650.9,35
9650.9,26
9651.4,2
9652.1,30
9652.3,24
9653.2,31
9653.3,10
9653.7,25
9654.2,0
9654.6,12
9654.7,18
9654.8,6
9655.3,13
9655.4,29
9655.5,11
9655.8,36
9658.1,7
9658.1,39
9658.2,3
9659.3,28
9660.4,37
9661.2,26
9661.9,10
9662.1,24
9662.1,25
9662.4,2
9663.3,16
9663.4,17
9663.8,18
9664.6,1
9664.8,8
9665.3,13
9665.4,33
9666.6,23
9667.0,0
9667.0,19
9667.0,35
9667.9,31
9668.2,11
9668.2,27
9669.8,5
9670.0,3
9670.5,4
9670.5,24
9671.0,34
9671.1,25
9671.8,14
9672.0,39
9672.2,26
9672.9,28
9673.8,2
9674.0,30
9674.9,0
9675.3,13
9675.7,36
9676.1,18
9676.3,12
9676.8,8
9676.9,10
9677.3,22
9677.9,24
9678.5,16
9678.6,25
9680.4,23
9682.4,6
9682.6,29
9682.7,4
9683.2,20
9683.4,39
9683.6,36
9683.7,11
9684.0,31
9684.6,13
9685.2,2
9685.2,28
9685.5,26
9685.5,38
9685.6,3
9685.6,19
9687.0,17
9687.0,33
9687.1,10
9687.8,0
9689.2,12
9689.3,8
9689.3,14
9689.6,25
9689.7,35
9690.7,18
9691.0,39
9691.3,16
9692.3,24
9693.5,13
9694.6,28
9695.0,19
9695.5,10
9695.8,23
9695.9,37
9696.1,4
9697.4,3
9697.7,26
9697.7,31
9698.5,0
9698.5,25
9699.2,30
9700.0,17
9701.1,27
9702.0,2
9702.2,1
9702.4,5
9702.5,16
9704.2,24
9704.6,35
9704.8,7
9706.2,39
9706.6,26
9707.3,8
9707.3,12
9707.3,28
9707.7,18
9707.7,25
9707.9,13
9708.1,14
9708.1,36
9708.3,3
9708.4,31
9708.5,22
9708.9,11
9709.3,10
9709.3,37
9709.6,29
9709.8,0
9710.2,19
9710.6,23
9710.7,20
9712.0,17
9713.8,2
9715.9,33
9716.3,12
9716.6,35
9716.9,8
9717.0,6
9717.3,39
9717.5,15
9717.6,25
9717.7,1
9717.7,30
9717.9,13
9718.8,5
9718.8,38
9719.4,16
9719.4,24
9719.8,0
9719.8,28
9720.1,4
9720.3,14
9720.9,18
9722.0,10
9723.0,3
9723.7,17
9723.7,22
9724.0,11
9724.0,19
9724.0,31
9725.1,23
9725.2,26
9726.9,39
9727.7,29
9728.2,37
9728.3,25
9728.4,13
9728.5,20
9728.6,34
9729.2,8
9729.5,18
9730.1,16
9730.7,2
9730.9,26
9731.6,28
9733.6,36
9734.6,24
9734.6,35
9735.5,12
9736.7,19
9736.9,3
9738.0,0
9738.1,8
9738.4,31
9738.6,5
9738.7,27
9738.8,10
9738.9,33
9739.0,1
9739.1,30
9739.6,6
9740.0,14
9740.2,4
9740.2,11
9740.3,25
9740.4,23
9740.4,37
9740.6,2
9741.1,26
9741.1,28
9741.6,16
9741.6,39
9741.7,18
9741.8,13
9741.8,17
9742.4,24
9743.1,3
9743.1,9
9745.8,12
9746.2,35
9746.7,29
9746.8,10
9747.7,20
9748.4,8
9749.6,23
9750.5,11
9750.6,25
9750.7,7
9750.8,0
9751.0,19
9751.1,36
9752.8,4
9753.2,2
9754.7,3
9754.7,18
9755.7,26
9755.9,13
9756.3,16
9756.4,39
9757.2,31
9757.5,24
9757.9,30
9758.9,10
9759.1,22
9759.2,33
9759.4,9
9759.4,28
9759.4,35
9759.5,0
9759.5,5
9759.8,37
9760.8,25
9761.3,14
9761.5,6
9761.6,8
9761.6,38
9762.1,34
9762.4,15
9762.5,17
9763.4,3
9763.5,12
9764.3,1
9765.2,26
9766.2,2
9767.3,18
9768.1,23
9768.6,16
9769.1,13
9769.4,28
9769.8,33
9769.9,0
9769.9,11
9769.9,25
9770.0,10
9770.2,8
9771.6,24
9772.3,19
9772.6,31
9772.7,36
9772.7,39
9772.9,4
9774.4,22
9775.2,30
9775.7,3
9776.6,26
9777.4,0
9777.4,35
9777.5,5
9777.8,6
9777.9,7
9778.2,37
9779.1,25
9780.8,17
9781.0,8
9781.3,18
9781.9,16
9781.9,23
9782.5,2
9782.6,36
9782.8,13
9783.0,14
9783.5,28
9783.9,1
9783.9,10
9784.1,31
9784.5,27
9786.5,29
9786.6,19
9787.5,39
9788.3,25
9788.3,26
9789.0,0
9789.0,3
9789.0,24
9789.1,12
9789.3,11
9790.3,20
9790.6,35
9791.3,13
9793.5,8
9793.5,19
9794.1,28
9794.2,2
9794.8,10
9795.8,17
9795.8,37
9796.4,16
9796.8,34
9796.9,18
9797.3,33
9798.0,30
9798.6,0
9799.8,31
9800.3,23
9800.9,22
9801.9,3
9802.0,26
9802.1,25
9802.5,4
9802.9,13
9803.1,24
9803.1,39
9803.6,27
9803.7,32
9803.8,10
9804.0,1
9804.3,8
9805.0,6
9805.7,11
9805.7,12
9806.5,35
9807.2,36
9808.6,29
9809.6,9
9810.1,2
9810.1,13
9810.4,0
9810.4,16
9810.5,38
9810.8,31
9810.9,18
9810.9,26
9811.4,7
9811.5,25
9811.5,30
9811.7,19
9811.8,8
9812.0,33
9812.2,3
9812.8,23
9813.1,10
9813.4,39
9814.3,24
9814.5,17
9815.2,14
9816.0,28
9819.8,19
9820.0,11
9820.9,13
9821.2,8
9821.9,35
9822.0,4
9822.2,2
9822.7,16
9823.0,31
9823.2,27
9823.7,6
9823.7,12
9823.8,23
9823.9,0
9823.9,22
9823.9,24
9823.9,37
9824.0,25
9824.2,26
9824.3,10
9825.4,28
9827.7,33
9828.1,1
9828.1,3
9828.7,36
9829.3,18
9829.4,16
9830.0,17
9830.6,15
9830.7,29
9831.2,9
9831.5,23
9832.9,8
9833.3,20
9833.5,14
9833.7,13
9833.9,0
9834.1,5
9834.4,39
9835.4,25
9835.8,31
9836.4,19
9837.0,26
9838.2,3
9839.6,12
9840.0,11
9840.5,6
9840.7,2
9840.9,10
9840.9,34
9841.3,28
9841.3,30
9841.7,24
9841.8,4
9842.1,37
9842.5,1
9842.6,13
9842.9,18
9843.1,22
9843.5,0
9844.2,39
9844.4,8
9845.1,25
9845.1,33
9845.5,35
9846.0,16
9846.0,19
9846.1,7
9846.7,17
9847.2,23
9848.9,31
9851.7,3
9851.9,6
9852.1,2
9852.1,36
9852.5,20
9852.5,26
9852.7,28
9852.8,38
9853.2,12
9853.4,0
9854.1,25
9854.4,16
9855.5,14
9856.7,24
9856.9,22
9857.7,27
9858.5,8
9858.6,18
9859.0,10
9859.0,30
9859.3,19
9859.3,29
9860.3,13
9860.5,11
9860.7,1
9861.1,35
9862.0,17
9862.1,39
9862.5,31
9862.6,2
9862.7,23
9863.0,33
9863.2,3
9864.3,10
9864.5,0
9865.1,5
9865.2,26
9865.4,28
9866.4,37
9866.8,8
9867.2,25
9867.5,4
9867.9,36
9868.7,13
9871.6,19
9872.1,16
9872.5,12
9872.7,24
9874.0,11
9874.0,35
9874.4,3
9874.7,18
9875.0,0
9875.0,39
9875.2,22
9875.7,23
9876.0,6
9876.3,10
9877.2,34
9877.6,13
9877.9,15
9878.3,25
9878.3,31
9879.3,28
9880.2,26
9880.8,8
9881.9,30
9882.2,2
9882.5,14
9882.5,1
9883.1,16
9883.4,17
9883.6,0
9883.9,3
9884.4,24
9884.7,6
9885.2,19
9885.5,10
9885.5,35
9885.7,37
9887.7,25
9888.9,13
9890.0,33
9890.5,7
9890.7,31
9890.9,4
9891.0,23
9891.8,9
9891.8,12
9891.8,26
9892.1,18
9892.6,28
9892.6,8
9893.7,39
9893.8,36
9894.3,20
9894.8,3
9895.1,0
9895.1,2
9896.5,10
9896.6,13
9897.1,16
9897.3,11
9898.8,24
9899.9,17
9899.9,22
9901.3,27
9901.8,37
9901.9,30
9902.1,25
9902.2,8
9902.5,26
9903.9,18
9904.3,19
9904.7,1
9905.8,29
9906.2,0
9907.2,10
9907.2,14
9907.3,4
9907.5,23
9907.6,3
9907.6,35
9908.3,33
9908.4,5
9908.4,31
9908.6,24
9909.2,16
9909.5,25
9909.5,28
9910.2,13
9912.1,12
9912.3,26
9913.7,18
9915.0,11
9915.2,20
9915.2,39
9915.4,2
9915.8,7
9915.9,19
9916.7,0
9916.7,38
9917.6,8
9918.5,17
9918.8,37
9919.0,10
9919.2,6
9920.8,23
9921.0,3
9922.2,25
9923.0,24
9923.2,39
9923.4,16
9923.5,13
9923.9,28
9924.4,8
9924.6,31
9925.0,36
9925.3,26
9925.6,4
9925.6,18
9925.7,14
9929.3,35
9930.0,9
9930.0,11
9930.3,2
9930.3,23
9930.7,8
9930.7,12
9930.9,22
9931.1,3
9932.1,30
9932.2,0
9932.2,17
9932.7,25
9933.2,28
9933.6,20
9933.9,6
9935.2,24
9936.0,31
9936.0,10
9936.3,13
9936.4,19
9936.5,14
9936.8,4
9937.2,26
9937.4,1
9937.7,33
9937.7,34
9938.2,18
9938.4,37
9938.5,16
9938.8,5
9939.5,2
9939.7,3
9939.9,29
9940.0,39
9940.4,0
9940.4,36
9940.9,8
9941.4,35
9944.7,25
9945.9,23
9945.9,24
9946.5,13
9946.5,32
9946.6,17
9946.7,30
9947.0,11
9947.4,10
9947.6,18
9948.0,28
9951.2,26
9951.6,3
9951.6,14
9952.3,0
9952.7,8
9952.9,2
9952.9,38
9953.7,16
9954.7,19
9954.7,31
9955.1,25
9955.3,6
9955.3,27
9955.3,35
9955.3,39
9955.7,13
9957.0,26
9957.3,36
9958.0,10
9960.3,33
9961.1,20
9961.1,18
9961.1,24
9961.6,23
9962.1,17
9962.7,37
9962.8,13
9963.1,22
9963.2,12
9963.7,4
9963.7,28
9964.2,1
9964.2,3
9964.8,19
9965.6,10
9965.8,2
9966.8,0
9967.1,14
9967.3,8
9967.3,25
9968.1,29
9968.2,9
9968.4,39
9969.2,16
9969.7,11
9972.6,13
9973.0,31
9973.1,26
9973.5,30
9973.8,0
9973.8,24
9974.9,36
9977.1,7
9977.5,3
9978.3,6
9978.4,2
9978.7,17
9978.7,35
9978.8,10
9978.9,18
9979.0,8
9979.5,13
9979.5,25
9979.7,33
9980.1,27
9980.1,19
9980.1,28
9980.3,23
9980.5,5
9980.7,12
9981.0,0
9981.2,16
9982.1,24
9982.7,38
9983.5,39
9983.7,10
9983.8,20
9984.0,29
9985.0,15
9985.7,3
9985.7,31
9986.5,26
9986.8,14
9987.3,1
9989.7,16
9989.8,8
9990.3,13
9990.4,4
9991.3,18
9991.4,2
9991.4,22
9991.4,25
9991.6,37
9992.2,30
9993.0,24
9993.1,11
9993.8,0
9994.4,19
9994.9,23
9995.2,28
9996.1,3
9996.6,10
9996.8,26
9996.8,6
9997.7,17
9997.9,12
9998.4,16
9999.0,36
