11.9,30
12.4,11
12.6,9
12.7,28
12.8,36
12.9,6
13.0,13
13.1,8
13.1,31
13.1,33
13.1,39
13.2,2
13.3,3
13.3,15
13.6,26
13.7,5
13.7,20
13.9,17
14.0,14
14.0,24
14.2,22
14.3,1
15.1,38
19.8,37
20.3,0
20.3,16
20.3,21
20.3,35
20.8,23
21.1,32
21.2,10
21.3,18
21.6,29
22.0,34
22.3,4
22.3,20
23.4,28
23.5,8
23.7,22
24.6,39
25.7,30
26.4,36
27.9,38
28.5,14
29.1,10
29.7,25
30.0,24
30.4,16
30.6,1
31.4,27
31.6,7
31.8,26
32.0,17
32.0,28
32.1,33
32.1,35
32.2,0
32.6,2
33.2,39
34.3,21
35.4,3
35.4,31
36.0,8
36.0,29
36.3,32
37.7,4
39.2,10
40.1,23
41.6,20
42.1,1
42.1,35
42.6,34
44.8,28
45.1,16
45.2,15
45.6,26
45.8,9
46.2,38
46.3,7
46.3,30
46.6,18
46.7,36
46.8,39
46.9,0
47.1,13
49.3,11
49.5,22
50.7,10
51.0,27
51.1,8
51.6,28
52.0,14
53.0,17
53.3,23
53.4,4
54.1,24
54.1,29
54.6,7
55.1,21
55.4,37
55.6,35
56.4,1
57.5,30
58.1,16
58.1,32
60.6,20
60.8,10
62.4,39
62.5,3
62.8,0
63.5,36
63.9,8
64.0,29
64.2,38
64.4,26
65.1,28
65.4,15
65.4,17
65.4,33
66.0,25
66.4,13
67.4,24
68.1,27
68.3,1
68.4,14
68.5,31
68.5,35
68.7,32
68.9,18
68.9,34
69.7,5
69.9,7
70.1,21
70.1,9
70.4,16
70.5,4
71.9,10
73.3,30
74.7,39
75.1,23
75.7,2
77.5,28
78.7,38
78.8,8
78.8,20
79.0,32
79.3,26
79.5,0
80.8,10
81.0,16
83.3,35
84.6,29
85.3,14
85.3,15
85.5,25
85.5,27
85.7,2
85.7,33
85.8,1
85.8,28
86.5,17
86.8,23
87.1,7
87.5,4
87.9,16
89.0,34
89.6,37
89.9,8
90.0,11
90.2,0
90.6,10
90.7,39
91.3,21
91.7,3
92.3,18
92.4,20
92.8,24
94.9,35
94.9,38
95.6,9
97.1,30
97.4,28
97.7,13
97.7,26
98.7,4
98.7,7
99.5,23
99.7,17
99.9,21
100.1,1
100.1,32
100.2,27
100.9,0
100.9,10
102.5,33
103.1,8
103.4,25
104.2,36
104.3,16
105.8,24
106.5,29
107.5,0
107.9,18
107.9,38
108.1,14
108.7,21
109.0,8
109.5,2
110.5,1
111.3,10
111.8,32
111.9,30
112.0,20
112.1,28
112.3,23
112.3,34
113.6,4
113.8,39
114.4,27
114.6,35
116.5,22
116.7,10
117.0,37
117.1,3
117.1,7
118.2,29
118.3,11
118.7,16
119.2,8
119.4,24
120.1,13
120.3,5
121.3,26
122.2,17
124.3,0
124.4,15
124.6,21
124.6,23
125.0,20
125.2,1
125.2,14
125.6,33
126.0,7
126.0,34
126.2,30
126.7,35
126.7,36
127.1,38
127.2,28
127.8,25
128.4,10
128.7,8
128.8,9
129.5,13
129.7,16
131.2,27
132.9,39
133.8,24
135.0,2
135.4,26
135.8,4
135.8,32
136.3,30
137.2,1
137.8,0
139.2,7
140.0,8
140.7,38
140.9,35
141.0,28
141.4,29
142.7,23
142.9,10
142.9,17
142.9,21
143.0,15
143.0,31
143.4,25
143.5,14
143.5,37
143.6,16
144.8,33
145.2,18
146.9,20
147.2,27
147.3,8
148.5,4
149.3,26
149.3,39
150.1,28
150.1,36
150.4,32
150.7,1
151.8,3
151.9,0
152.2,10
153.6,34
154.4,7
154.7,22
157.0,13
157.1,21
157.2,30
157.9,20
158.0,17
158.6,38
158.8,23
159.0,4
159.2,37
159.5,28
161.1,8
161.2,11
161.4,9
161.7,14
162.0,10
162.0,18
164.4,2
164.5,27
165.2,35
165.5,16
166.0,39
167.7,1
168.0,7
169.3,0
169.5,20
169.5,38
169.8,29
169.8,15
169.8,24
169.8,25
169.8,28
169.8,34
170.0,8
170.1,33
170.6,30
170.8,9
171.1,10
171.2,31
171.3,22
171.4,26
171.5,16
177.6,3
178.3,21
178.6,23
179.0,5
179.3,11
179.6,4
179.7,32
180.3,10
180.4,14
180.5,16
180.6,0
180.6,35
180.8,30
180.9,31
181.0,28
181.4,33
182.2,13
182.4,18
183.7,8
184.1,39
184.3,17
185.9,1
187.1,20
187.4,7
187.9,26
187.9,27
188.3,15
188.4,23
188.6,38
189.5,0
190.1,29
190.3,10
190.3,24
190.3,36
190.5,21
190.6,34
191.8,1
194.4,2
194.9,35
195.3,4
195.4,16
195.7,7
195.9,8
196.0,30
197.0,37
197.5,28
197.7,14
200.2,32
200.8,21
201.2,33
201.2,20
201.7,10
201.9,22
201.9,36
202.0,38
202.3,23
203.7,1
203.8,17
203.8,24
204.3,26
205.0,8
205.4,3
205.9,29
206.3,18
206.4,31
206.4,34
206.4,39
207.1,25
207.9,13
208.1,0
208.6,35
210.3,14
210.8,4
210.9,30
211.7,32
212.0,23
212.1,38
212.9,10
212.9,36
213.2,16
213.4,7
214.3,0
214.6,27
215.2,20
215.6,28
216.6,21
217.1,33
217.7,24
218.1,8
218.8,37
218.9,17
221.2,1
222.4,16
222.4,32
222.7,28
224.3,39
224.9,10
225.0,25
225.4,35
225.7,9
225.7,14
227.1,5
227.4,7
228.1,23
228.6,20
228.7,0
229.0,13
229.0,26
229.3,38
229.8,8
230.7,37
231.2,15
231.5,21
232.0,4
232.7,11
232.8,34
233.0,31
233.3,3
233.7,1
233.7,24
233.8,16
235.9,28
236.1,32
236.4,30
236.6,10
237.0,33
237.5,14
237.9,18
238.0,29
238.1,20
238.2,27
238.9,38
239.1,2
239.5,8
239.8,17
241.6,39
242.6,35
242.7,7
243.5,0
244.6,16
245.6,26
246.2,23
247.2,4
247.5,32
248.4,24
248.5,1
248.9,8
249.0,28
249.9,25
250.2,10
250.5,20
250.5,36
251.2,18
251.7,30
251.8,0
251.8,37
253.7,21
254.2,13
255.3,38
255.8,14
255.9,27
257.0,35
257.6,17
257.8,5
257.9,29
258.0,16
258.1,7
258.1,22
258.2,25
258.2,26
258.4,39
258.6,11
258.8,32
259.1,2
259.1,28
259.1,15
260.3,21
260.6,1
261.6,10
261.6,30
262.2,0
262.2,23
263.0,24
264.2,3
264.6,34
264.8,20
265.5,4
265.8,14
265.9,8
267.7,33
268.3,31
268.4,9
269.7,7
270.2,15
270.7,16
270.7,38
270.8,28
271.8,10
273.4,30
274.0,32
274.4,1
274.7,25
275.5,0
277.2,26
277.2,14
277.9,39
278.1,35
278.4,8
278.5,2
278.7,27
278.7,29
278.9,23
279.0,21
279.0,28
279.0,37
279.1,11
279.1,7
279.8,3
280.1,4
281.6,16
281.6,20
285.4,38
286.0,10
286.1,24
286.6,22
286.7,18
287.0,17
287.9,0
288.5,33
288.7,29
288.8,36
290.0,16
290.6,14
290.6,15
291.2,23
291.5,25
291.9,35
292.1,7
292.2,1
292.3,28
292.4,32
293.5,39
293.9,10
294.0,13
294.7,8
294.7,38
296.1,24
296.9,20
298.0,21
298.4,4
298.4,27
298.4,30
299.6,34
300.2,26
302.3,9
302.6,2
302.7,25
302.8,0
302.9,18
302.9,10
303.1,23
303.3,28
304.0,33
304.7,17
304.9,16
305.3,3
305.3,7
306.3,37
306.5,39
306.9,35
307.8,1
308.2,14
309.3,8
309.7,4
309.7,29
310.1,38
310.7,32
310.9,20
311.0,27
311.0,24
313.0,10
314.8,0
314.8,21
315.7,28
315.8,16
316.0,26
317.8,39
318.6,30
318.8,8
319.0,5
319.2,11
319.2,33
319.4,23
319.9,7
320.6,20
320.9,36
321.4,38
321.7,31
321.8,18
322.0,25
322.1,22
322.3,0
323.0,4
323.1,35
323.2,15
323.2,27
323.4,1
323.5,10
324.7,14
325.1,16
325.6,29
325.9,13
327.7,39
328.9,21
329.0,32
329.0,37
329.1,17
329.6,8
330.5,24
330.6,26
331.4,28
331.4,34
332.6,2
332.9,7
333.1,10
333.8,38
333.9,20
334.5,1
334.5,3
335.0,23
335.5,16
338.9,35
339.4,9
340.5,33
341.2,14
341.6,29
342.4,26
342.4,30
342.6,0
342.6,7
343.0,39
343.2,24
343.7,28
343.9,4
344.2,38
344.7,21
344.8,1
345.7,20
346.1,27
346.4,32
346.7,10
347.0,8
347.1,13
347.4,25
347.7,23
348.4,16
349.6,36
350.9,15
351.0,37
352.4,35
354.5,28
355.1,17
355.2,14
355.5,10
356.2,8
356.3,1
356.6,0
357.5,20
357.6,30
357.8,21
357.8,39
359.4,18
359.5,23
360.3,3
360.4,26
361.0,2
361.0,16
361.3,33
361.4,29
362.0,25
362.2,7
362.5,34
362.5,38
363.1,4
363.1,28
368.3,24
368.7,35
368.8,39
369.0,20
369.8,32
370.1,15
370.3,27
370.4,8
370.9,0
371.0,37
371.3,1
371.4,10
371.7,16
372.9,11
373.0,38
373.3,22
373.8,5
373.8,13
375.0,28
375.1,30
375.9,7
376.8,17
376.8,26
377.0,21
377.2,23
377.5,29
377.7,25
379.4,14
379.7,8
379.8,4
381.3,3
381.7,20
382.4,9
382.5,10
382.5,38
382.8,2
383.3,16
383.4,39
383.5,0
385.6,28
385.7,1
385.7,31
387.4,27
388.5,24
388.7,7
389.5,36
390.9,11
391.3,30
391.4,10
391.8,18
392.0,14
392.1,33
392.1,37
393.0,26
393.2,29
393.2,35
393.3,8
394.9,4
395.2,20
395.4,32
395.8,9
396.1,28
396.1,39
396.7,1
397.1,15
397.1,23
397.8,0
397.8,16
398.1,21
398.3,38
400.6,13
401.1,8
401.6,17
401.6,25
402.8,10
404.9,27
405.1,7
405.7,34
406.0,35
406.0,39
407.2,11
407.6,2
407.6,30
408.3,21
408.4,38
408.5,18
409.1,26
409.1,28
409.1,36
410.5,8
410.7,16
412.0,33
412.1,0
412.5,23
412.6,4
413.0,3
413.0,10
413.0,17
413.2,20
413.2,24
414.2,14
414.9,1
414.9,32
415.2,9
415.7,25
415.9,31
416.0,37
418.4,29
419.2,16
420.4,26
421.0,21
421.0,27
421.0,30
421.2,28
422.9,0
422.9,35
424.4,10
424.6,2
424.7,36
424.7,39
425.3,20
425.5,38
425.6,7
426.0,22
426.1,1
426.1,13
426.2,4
426.7,8
429.6,23
430.5,14
431.9,15
432.8,28
433.9,32
434.2,16
434.2,34
434.5,5
434.8,18
434.8,24
435.8,29
436.3,21
436.4,10
436.6,0
437.2,17
438.0,8
438.5,35
439.3,26
439.4,20
439.9,39
440.0,4
440.6,7
440.8,33
441.7,38
441.9,32
442.2,27
442.3,1
444.4,28
445.2,25
446.5,16
447.5,37
447.8,35
448.4,24
448.5,36
449.0,23
449.4,3
449.4,14
449.5,30
449.9,10
450.6,2
451.0,0
451.2,38
451.3,34
451.4,20
453.0,8
453.1,21
453.5,13
454.5,9
454.7,1
454.9,17
455.4,26
455.8,31
456.1,28
456.5,16
456.9,7
457.4,10
458.0,33
458.5,35
459.0,27
459.8,24
460.0,39
462.1,23
462.5,38
463.0,25
463.6,0
464.4,8
464.7,4
465.2,29
465.4,14
465.4,26
465.8,32
466.2,11
467.5,21
468.3,3
468.8,34
469.2,17
469.5,16
469.7,20
470.0,7
470.0,28
470.4,10
470.4,39
470.7,2
471.6,30
472.5,1
473.0,0
473.0,23
473.2,35
473.4,18
474.3,9
475.3,8
476.2,14
476.3,22
477.9,37
478.6,24
479.3,38
479.5,16
479.9,10
480.8,4
481.5,13
483.0,25
483.1,26
483.3,39
483.5,5
483.7,15
484.6,33
484.7,20
485.0,28
486.0,32
487.3,35
487.6,21
488.0,30
488.1,8
488.3,29
488.6,7
489.0,1
490.5,38
491.1,0
491.5,14
491.8,16
491.8,23
491.8,31
492.0,17
492.8,26
493.0,3
493.5,10
494.1,39
494.2,28
497.6,24
497.7,27
498.4,7
500.6,36
500.9,8
501.0,23
501.1,25
501.9,21
502.3,18
502.3,35
502.5,0
502.7,28
503.2,1
504.0,38
504.5,4
504.6,11
504.6,20
506.1,10
506.5,26
506.7,9
506.9,34
508.0,32
508.3,14
508.4,22
510.1,7
510.4,24
510.6,16
510.7,8
511.0,30
511.2,28
512.9,29
513.3,23
513.5,0
513.7,17
514.1,18
514.7,21
515.1,3
515.4,10
515.7,27
516.2,1
516.2,38
519.2,35
519.7,4
519.7,39
520.2,37
521.2,26
521.3,15
521.6,13
521.6,32
521.7,2
521.7,14
522.0,16
522.5,20
522.6,8
522.6,28
524.3,7
524.9,10
525.5,38
525.8,33
526.3,1
526.5,34
526.6,25
527.0,21
527.9,0
528.1,9
528.2,31
528.6,14
529.5,27
529.5,30
529.6,24
530.7,35
533.3,16
533.6,17
534.1,26
535.0,23
535.3,22
536.0,28
536.1,37
536.8,8
537.0,3
537.0,20
537.2,4
537.7,21
537.8,10
538.4,38
539.0,39
539.3,1
539.3,34
539.4,18
540.0,32
540.3,29
542.3,16
543.0,0
543.4,13
543.8,33
545.1,7
545.3,28
546.0,10
547.7,30
547.8,20
548.4,35
550.3,2
550.5,14
550.9,17
551.0,15
551.2,1
551.7,8
552.0,26
552.0,31
552.2,0
552.3,21
553.1,27
553.3,24
554.0,11
554.0,38
554.3,23
554.5,4
555.2,33
555.6,32
555.8,25
557.2,16
557.9,28
558.0,7
558.0,36
558.3,9
558.5,8
558.5,39
558.6,10
558.7,34
558.8,5
558.9,18
559.2,20
561.1,30
563.6,35
564.8,38
566.1,0
566.3,21
567.3,1
567.6,28
568.2,4
569.3,3
569.5,7
569.5,14
569.5,26
569.7,10
569.7,23
570.5,20
571.0,29
571.1,8
571.3,24
571.6,16
572.0,32
572.2,39
572.7,27
573.0,34
574.0,35
574.2,37
574.6,36
575.6,25
575.7,30
575.9,0
577.1,17
577.5,13
578.3,10
578.4,1
579.4,22
579.6,33
579.8,38
581.6,20
582.1,2
582.7,39
583.2,28
583.3,14
583.8,8
584.0,32
585.5,4
586.8,21
588.2,16
588.7,35
589.5,7
589.9,18
589.9,30
590.0,1
590.0,23
591.1,26
592.2,10
592.4,3
592.6,33
594.0,34
594.1,0
594.1,11
594.1,20
594.4,38
594.6,4
594.9,2
594.9,17
595.3,28
595.4,27
596.3,5
597.0,7
599.5,24
600.6,8
600.7,13
600.7,21
600.9,36
601.5,29
601.6,14
602.6,1
603.1,15
605.0,32
605.1,0
605.2,16
605.2,26
605.9,10
606.7,35
607.0,20
608.2,23
608.4,38
608.5,25
609.6,30
609.8,28
609.9,27
611.5,39
611.8,4
612.7,18
612.8,9
614.1,1
614.5,8
616.2,14
616.9,34
617.0,0
617.2,16
617.6,20
617.6,21
617.7,3
618.3,7
618.3,37
618.7,17
618.7,22
619.6,10
619.8,24
619.8,35
619.9,4
620.5,32
620.6,2
621.3,38
622.4,13
622.6,30
622.9,29
623.0,28
623.1,33
624.0,36
625.5,23
625.9,0
626.5,1
627.5,7
627.5,8
627.7,39
627.8,14
628.3,16
628.6,35
628.8,26
630.3,4
630.3,34
630.8,10
631.7,25
632.6,11
632.6,20
632.7,24
632.8,8
633.0,27
633.5,15
636.1,28
636.7,38
636.9,31
637.0,14
637.2,0
637.2,23
637.4,9
637.4,37
637.9,21
638.5,18
638.6,32
638.8,16
639.9,35
640.7,1
640.7,17
640.9,2
640.9,5
640.9,7
641.4,26
641.5,10
641.5,30
641.8,29
643.2,33
644.6,28
645.4,39
646.1,25
646.5,4
646.5,13
646.8,36
647.1,8
647.8,20
648.6,35
648.8,10
649.2,30
649.4,27
649.9,24
650.3,0
652.6,3
653.7,14
654.0,21
654.0,38
654.3,26
655.6,1
655.8,7
656.0,16
656.1,32
657.1,2
657.2,28
657.2,37
657.9,34
658.2,10
659.0,23
659.1,29
659.5,11
661.2,0
661.5,27
661.6,20
662.0,9
662.9,24
663.6,4
664.4,21
664.4,39
664.7,25
665.6,35
666.3,30
666.6,8
666.6,26
667.1,38
668.4,32
668.7,10
668.8,13
669.2,1
669.7,14
670.2,16
670.3,28
670.5,7
670.7,20
672.0,0
672.9,15
673.3,3
674.3,23
674.4,18
674.9,17
675.0,37
675.3,29
675.5,27
675.9,21
676.7,10
677.8,31
679.7,4
679.8,33
679.9,2
679.9,16
680.1,35
680.2,30
680.4,28
680.9,0
681.1,38
681.6,1
681.7,8
682.5,32
683.1,25
683.2,26
683.7,36
685.1,5
685.4,20
685.5,7
685.5,24
686.5,34
687.7,23
687.8,11
688.2,10
688.6,21
688.8,4
689.2,14
689.4,39
691.7,8
691.7,30
692.0,28
692.4,38
692.6,27
693.1,35
693.5,16
693.8,17
694.1,0
694.5,32
694.7,1
696.4,3
698.0,7
698.0,10
699.2,22
699.6,28
699.8,33
700.9,29
701.2,21
701.8,23
701.9,14
702.4,26
703.1,4
703.4,11
704.0,18
704.0,36
704.1,8
704.9,34
705.1,9
705.4,20
705.7,25
706.1,13
706.3,37
706.7,30
707.1,39
707.7,1
708.0,10
708.7,16
708.8,35
708.9,17
709.1,7
709.4,2
709.6,24
709.6,28
710.7,0
711.3,27
712.2,31
712.7,23
714.5,8
714.5,21
714.7,32
716.3,38
716.6,26
717.8,11
719.6,15
719.8,10
719.8,16
720.2,29
720.3,1
721.1,39
721.2,28
721.6,30
722.4,4
723.3,0
724.0,17
724.5,7
725.9,20
726.1,8
726.3,14
726.6,3
726.8,27
726.8,32
726.9,23
727.2,38
727.7,24
728.5,25
729.3,10
729.4,35
730.4,1
730.5,2
731.1,37
731.4,28
733.0,36
733.1,16
733.8,13
733.9,6
733.9,21
734.2,5
734.4,9
734.5,26
736.3,20
736.6,4
736.8,30
740.0,38
740.2,33
740.4,34
740.5,39
741.2,7
741.4,24
741.5,0
741.6,10
741.6,22
742.3,23
742.6,8
742.7,18
742.8,3
743.9,31
744.1,27
744.2,20
745.0,28
745.8,16
746.7,25
748.1,14
748.3,1
748.6,21
749.0,10
749.6,35
750.2,32
751.2,7
751.3,0
752.3,29
753.7,17
753.8,8
754.2,13
754.3,26
754.8,30
755.1,38
755.8,27
755.9,10
756.1,4
756.3,2
757.1,24
757.9,16
759.6,28
761.1,21
761.3,39
761.8,31
761.9,36
762.0,23
762.1,20
762.1,34
762.9,25
763.0,0
763.0,26
763.1,35
763.4,11
763.4,37
763.7,32
764.6,3
764.8,14
765.1,15
765.3,38
766.0,8
766.2,1
767.8,22
768.2,4
768.3,18
768.4,7
768.4,33
768.9,16
769.2,28
771.1,27
772.6,10
774.5,0
774.6,24
775.0,25
775.5,29
775.7,17
775.7,21
776.2,8
776.2,16
776.2,20
776.2,32
777.1,35
777.8,13
778.2,39
779.0,26
779.4,30
779.8,7
779.8,23
779.9,38
780.8,28
781.1,14
781.6,2
783.6,1
783.8,10
784.2,4
784.6,34
786.7,0
787.7,29
788.1,31
788.8,21
788.9,11
789.6,27
789.8,8
789.8,20
791.6,35
791.7,37
793.7,26
794.0,16
794.1,9
794.2,24
794.2,32
794.4,22
794.5,39
794.8,33
795.0,4
795.4,23
795.5,1
795.7,3
795.7,7
796.2,38
796.3,28
796.8,10
796.8,30
797.4,15
797.8,18
798.6,17
801.2,14
803.0,21
803.2,25
803.9,0
804.2,28
804.2,32
804.8,10
805.1,8
805.8,20
806.4,1
806.9,16
807.6,7
808.0,4
808.5,2
808.5,26
808.9,35
809.3,39
809.3,30
809.6,24
810.0,14
812.1,23
812.4,28
813.1,13
813.5,22
814.1,20
814.1,36
814.1,11
814.4,38
814.7,10
815.8,29
815.8,32
816.0,0
816.8,8
816.8,27
817.3,16
817.8,31
818.4,3
819.1,4
819.4,34
819.8,18
820.0,25
820.5,26
821.2,21
822.0,30
822.1,10
823.5,15
823.8,1
824.7,14
824.7,37
825.1,7
825.2,39
825.4,28
825.7,33
825.8,24
827.8,38
828.3,17
829.3,16
829.6,32
829.7,23
829.9,8
830.4,9
830.9,36
831.2,20
831.2,34
831.5,35
832.0,0
832.3,2
833.3,10
836.2,27
836.5,21
836.6,24
837.7,1
837.9,4
838.5,30
838.7,16
839.9,25
840.1,26
841.0,33
841.4,10
841.7,3
841.7,13
841.7,28
841.7,7
842.0,11
842.5,38
843.0,14
844.0,22
844.3,8
844.3,18
844.8,0
844.9,17
845.1,15
845.2,35
845.6,39
846.7,21
848.9,32
850.1,24
850.7,27
850.7,28
851.1,16
851.3,20
851.4,29
851.9,1
852.3,10
852.3,31
852.9,4
852.9,7
853.7,8
853.8,23
855.4,30
855.4,35
855.9,26
856.5,14
857.7,0
860.2,28
860.3,1
860.7,38
861.0,10
861.0,17
861.0,34
861.1,16
861.8,25
862.9,2
862.9,8
863.5,36
865.1,15
865.3,13
865.6,37
866.3,21
866.6,32
866.7,23
866.9,28
867.0,26
867.3,3
867.4,5
867.4,20
867.6,9
867.8,33
867.8,35
868.3,7
868.4,24
869.6,27
870.4,38
870.7,10
871.1,18
871.9,29
873.9,39
875.4,4
875.4,8
875.7,16
876.5,17
877.0,0
877.3,36
879.2,10
879.3,14
879.4,22
879.4,31
879.5,7
879.6,1
879.6,30
879.6,33
880.4,21
880.6,27
881.0,26
881.0,28
881.6,20
881.6,35
882.6,34
883.1,38
885.7,16
885.9,23
886.1,37
886.9,32
887.9,8
888.1,13
889.1,25
889.3,39
890.3,0
890.4,7
890.5,4
891.1,15
891.1,29
891.3,10
891.4,2
892.2,3
892.3,21
893.2,1
893.4,28
893.8,18
894.2,26
894.3,16
894.3,35
894.7,38
896.1,23
896.8,24
897.8,33
898.4,30
899.0,8
899.2,14
899.8,36
900.6,20
900.8,9
901.0,27
901.8,10
902.0,21
902.1,39
903.2,28
906.0,1
906.2,7
906.4,11
907.0,5
907.1,0
907.6,38
907.7,4
908.1,34
908.4,35
908.5,17
908.8,16
908.9,2
910.4,10
910.9,28
911.2,23
911.5,37
911.7,25
912.1,26
912.3,24
912.8,29
913.2,8
913.5,22
913.9,30
914.1,13
914.3,32
915.4,3
915.7,39
916.3,20
919.0,21
919.2,16
919.6,1
920.6,33
920.7,7
920.7,27
920.8,0
921.0,10
921.6,4
921.8,15
922.0,18
923.5,28
924.6,35
925.0,36
925.3,8
925.7,26
926.1,21
926.5,34
926.6,14
929.1,24
929.2,23
929.6,32
930.0,29
931.4,20
932.7,10
933.2,38
933.4,16
934.5,17
934.6,8
934.7,7
935.3,39
935.9,25
936.0,9
936.1,1
936.1,28
936.3,0
936.3,36
936.4,14
936.5,37
936.7,35
936.8,31
938.3,3
939.0,27
939.5,24
939.7,18
939.9,32
940.7,10
942.6,11
942.6,21
943.0,16
943.8,22
944.0,7
944.1,30
944.2,4
944.8,20
944.9,26
946.0,38
946.5,13
946.7,2
947.2,15
948.3,8
949.2,28
949.4,33
950.2,17
950.6,14
950.8,9
951.2,35
951.6,0
951.6,23
952.6,21
953.0,24
953.5,10
953.6,27
953.6,1
954.0,16
955.6,39
955.9,29
956.2,25
958.5,28
959.0,30
959.1,7
960.3,31
961.2,38
961.5,20
962.0,5
962.2,4
962.7,0
962.9,16
963.0,8
963.0,36
963.0,37
963.1,11
963.2,34
964.0,10
964.3,17
965.2,14
966.2,32
966.6,24
966.7,35
967.4,23
967.7,2
968.0,18
968.1,3
969.0,39
970.9,1
971.2,26
973.6,9
974.8,28
975.5,27
975.9,10
976.0,29
976.2,21
976.5,16
976.8,4
977.4,26
978.2,39
978.4,30
978.6,17
978.8,38
979.1,18
979.2,8
979.9,33
980.1,7
980.3,25
981.3,37
981.7,0
982.4,35
982.5,22
983.3,23
984.1,13
984.1,14
984.2,3
984.9,15
986.0,1
986.2,24
986.9,28
986.9,34
987.0,36
987.2,20
987.4,9
988.0,10
988.6,21
988.6,32
988.9,39
989.0,38
990.1,29
990.5,8
990.7,16
991.7,7
992.7,31
995.3,30
995.4,35
995.5,28
996.2,4
996.2,20
996.9,11
997.3,0
997.3,26
997.4,24
998.6,27
998.7,10
999.5,17
999.8,23
1000.1,1
1000.4,21
1000.6,38
1001.3,2
1002.0,8
1002.2,29
1002.6,16
1002.8,14
1002.8,37
1003.2,9
1003.4,15
1003.7,39
1004.2,18
1004.6,3
1005.8,33
1005.9,7
1007.0,13
1007.0,28
1007.3,32
1007.4,36
1009.0,20
1009.6,25
1009.7,10
1010.0,30
1010.2,0
1010.5,31
1010.9,26
1010.9,35
1012.2,11
1012.6,38
1012.7,24
1012.9,4
1013.1,21
1014.9,27
1015.0,6
1015.1,16
1016.8,17
1017.6,28
1018.2,8
1018.3,29
1018.7,10
1019.0,1
1019.8,14
1020.3,33
1021.4,22
1021.4,32
1021.8,0
1022.0,23
1022.4,15
1024.0,21
1024.1,7
1024.1,34
1025.2,39
1025.6,20
1026.4,5
1026.7,25
1026.8,2
1026.8,4
1027.1,16
1027.3,35
1028.0,3
1028.2,8
1028.3,37
1028.8,28
1029.3,26
1029.5,14
1030.1,38
1030.8,1
1031.1,9
1031.4,33
1032.6,30
1034.2,20
1035.7,13
1036.7,27
1037.3,16
1037.6,24
1037.7,10
1038.1,18
1038.2,17
1038.9,8
1038.9,21
1038.9,23
1039.0,0
1039.6,29
1040.0,1
1041.3,14
1041.9,39
1042.0,34
1042.6,28
1043.1,7
1043.9,4
1044.5,35
1045.4,38
1045.5,32
1047.1,26
1047.1,30
1047.7,33
1047.7,36
1048.8,9
1048.8,10
1050.3,25
1050.7,8
1051.7,18
1051.7,23
1052.1,11
1052.2,16
1052.7,28
1052.9,0
1052.9,38
1053.7,14
1053.7,21
1053.7,34
1054.1,24
1054.2,7
1054.6,20
1055.0,2
1055.1,1
1055.3,39
1055.8,5
1056.0,27
1059.5,3
1059.6,30
1059.7,10
1060.1,35
1061.3,16
1062.0,21
1062.4,4
1062.9,17
1062.9,36
1063.4,18
1063.7,13
1064.2,28
1064.5,26
1064.8,8
1064.8,29
1065.5,32
1066.0,0
1066.7,31
1067.8,39
1068.4,22
1068.7,1
1068.9,27
1069.2,21
1069.3,38
1069.4,7
1070.5,23
1070.9,14
1071.0,24
1072.5,10
1072.5,2
1072.8,20
1074.1,28
1074.5,8
1074.5,35
1074.6,34
1074.8,25
1076.6,3
1077.0,16
1077.3,0
1077.7,1
1077.8,4
1077.9,21
1079.1,17
1079.3,26
1080.3,9
1080.5,38
1081.1,30
1081.7,36
1082.4,32
1082.4,8
1082.9,13
1083.0,39
1083.1,10
1083.3,33
1083.6,37
1083.8,15
1084.4,28
1085.2,29
1086.5,7
1087.8,16
1089.6,18
1090.0,23
1090.5,11
1090.8,1
1091.0,14
1091.1,20
1091.3,10
1091.6,35
1092.6,0
1093.4,27
1093.5,21
1093.7,3
1093.7,26
1094.0,24
1094.5,4
1095.1,2
1095.7,31
1096.3,28
1096.3,38
1097.2,32
1097.5,39
1098.8,10
1099.8,9
1100.5,16
1101.6,34
1102.3,8
1102.5,13
1103.0,35
1103.2,0
1103.5,4
1103.6,1
1103.6,14
1103.7,17
1104.2,20
1104.6,7
1105.2,25
1106.8,23
1108.0,29
1108.1,24
1108.3,30
1108.4,9
1108.4,21
1109.1,31
1109.5,38
1109.8,26
1109.9,37
1110.9,10
1111.0,27
1113.8,28
1114.8,15
1115.1,14
1115.2,16
1115.2,35
1115.7,18
1116.0,39
1116.2,1
1116.4,20
1116.6,13
1117.4,7
1118.2,0
1119.2,34
1119.2,36
1119.9,8
1120.4,3
1120.7,22
1121.2,38
1121.7,28
1122.1,21
1122.3,33
1122.4,10
1123.1,2
1123.4,30
1123.7,24
1124.4,23
1124.6,16
1124.9,32
1126.2,4
1126.2,20
1126.2,26
1127.2,1
1127.3,17
1127.4,35
1128.8,5
1128.8,29
1128.9,14
1129.6,0
1129.7,11
1130.0,25
1130.1,39
1130.6,27
1131.7,9
1131.8,7
1133.1,8
1134.2,10
1134.7,37
1134.9,38
1136.4,28
1137.1,18
1137.1,22
1137.3,32
1138.2,3
1139.1,16
1140.2,36
1140.6,4
1141.0,23
1141.4,20
1142.5,14
1142.5,31
1142.8,21
1143.0,30
1144.3,1
1144.5,17
1144.8,34
1144.9,15
1145.7,35
1146.1,8
1146.1,27
1146.5,39
1147.0,28
1148.6,0
1149.7,32
1150.8,16
1151.9,24
1152.2,10
1152.9,7
1153.1,38
1153.3,26
1154.6,18
1154.9,28
1155.4,21
1155.4,25
1156.2,20
1156.5,13
1156.6,2
1156.8,1
1158.0,37
1158.8,4
1158.9,5
1159.2,35
1159.7,33
1160.0,8
1160.2,14
1161.0,29
1161.8,23
1162.1,16
1162.2,36
1162.7,10
1162.9,24
1163.5,9
1163.7,7
1164.1,34
1164.2,0
1166.4,1
1167.0,3
1167.2,30
1167.6,28
1168.3,27
1168.9,32
1169.1,20
1169.8,10
1170.1,38
1171.5,21
1172.1,8
1172.9,17
1173.0,16
1175.3,26
1175.4,14
1175.6,23
1175.7,39
1176.5,35
1176.9,10
1177.4,1
1178.3,4
1178.6,0
1178.6,7
1178.7,36
1179.2,22
1179.4,25
1180.2,28
1180.4,38
1181.3,29
1181.5,8
1181.8,33
1182.4,27
1182.8,16
1183.2,20
1183.7,21
1184.6,18
1185.0,34
1185.1,30
1186.8,32
1187.2,13
1187.3,24
1187.5,4
1187.6,9
1187.9,1
1188.0,31
1188.4,11
1188.5,14
1188.9,10
1189.4,0
1189.4,37
1189.7,20
1190.7,35
1190.9,26
1192.4,28
1192.5,38
1192.9,39
1195.3,8
1195.3,15
1195.9,16
1195.9,3
1196.7,7
1196.7,27
1196.8,2
1196.8,23
1197.5,21
1198.0,29
1198.7,22
1199.0,30
1199.7,18
1200.1,5
1200.2,4
1201.0,0
1201.5,17
1201.6,8
1203.6,38
1203.8,36
1204.2,10
1204.3,20
1204.4,32
1205.1,28
1205.5,25
1206.2,14
1207.0,16
1207.4,13
1208.5,33
1209.0,7
1209.1,26
1209.3,0
1210.0,24
1210.3,34
1211.0,1
1211.1,18
1211.3,23
1211.5,9
1211.6,8
1211.9,4
1211.9,37
1212.2,21
1212.4,35
1213.2,14
1213.5,28
1213.7,38
1216.0,16
1218.0,39
1218.7,10
1219.2,11
1219.2,15
1219.6,20
1219.9,3
1220.2,27
1220.4,2
1220.6,8
1221.1,30
1221.9,32
1222.3,25
1222.9,28
1223.2,0
1223.2,1
1223.5,17
1224.3,21
1224.5,26
1224.5,34
1224.8,24
1225.2,35
1225.4,38
1225.9,7
1227.6,16
1228.5,20
1228.8,39
1229.4,28
1229.5,31
1229.9,18
1231.3,23
1231.6,10
1232.1,8
1232.3,24
1233.4,9
1233.6,13
1234.0,4
1234.0,14
1234.3,5
1234.6,25
1234.6,27
1234.8,37
1235.2,7
1235.2,29
1235.2,30
1236.3,32
1236.7,1
1237.4,33
1239.6,36
1240.1,28
1240.1,38
1240.4,0
1240.5,26
1240.7,35
1241.7,17
1242.0,21
1242.5,16
1244.2,39
1244.3,7
1244.7,8
1245.6,20
1246.1,23
1248.7,1
1249.4,3
1250.1,10
1250.3,4
1250.3,28
1251.4,14
1252.5,15
1253.3,0
1253.9,35
1254.4,24
1254.4,27
1255.1,30
1255.9,37
1256.2,10
1256.2,26
1256.4,39
1256.6,7
1256.7,29
1256.7,38
1256.9,2
1256.9,21
1257.1,1
1257.1,20
1257.4,23
1257.5,32
1257.8,8
1258.2,34
1258.3,28
1258.4,16
1259.2,18
1259.8,4
1262.6,14
1263.1,22
1263.1,33
1263.5,39
1263.7,13
1265.5,36
1266.7,10
1266.9,11
1267.8,24
1268.4,0
1269.0,38
1269.3,16
1269.3,17
1269.3,31
1269.7,3
1269.7,9
1269.9,8
1272.2,7
1272.5,20
1272.5,23
1272.5,25
1273.3,32
1273.4,27
1274.0,35
1274.5,28
1275.1,30
1276.2,26
1277.2,1
1277.4,21
1277.9,10
1278.8,14
1278.9,4
1279.4,0
1279.5,13
1280.5,2
1281.6,8
1283.0,37
1283.3,39
1283.6,25
1284.2,7
1284.4,29
1284.7,16
1284.8,17
1284.8,38
1285.6,28
1286.0,3
1286.3,35
1287.8,10
1287.9,20
1288.1,15
1288.2,24
1288.5,21
1288.7,33
1289.3,34
1289.4,1
1289.8,4
1290.1,9
1290.3,31
1291.2,23
1292.4,27
1293.2,0
1294.2,8
1295.1,36
1295.4,18
1295.5,30
1295.7,32
1296.2,38
1296.4,26
1296.9,14
1296.9,21
1297.1,1
1297.2,28
1298.1,10
1298.4,16
1300.4,35
1301.1,23
1301.4,0
1302.7,39
1303.0,25
1303.4,37
1303.5,20
1303.9,7
1304.0,17
1305.4,4
1305.9,21
1306.5,13
1306.7,3
1307.7,28
1308.4,24
1308.6,14
1308.7,38
1309.4,8
1310.1,1
1310.5,16
1311.9,30
1312.4,0
1313.0,4
1313.3,39
1313.6,27
1314.0,10
1314.5,35
1315.5,7
1315.8,22
1316.2,26
1317.7,2
1317.7,23
1317.8,20
1318.1,5
1318.4,17
1319.0,36
1319.2,28
1319.4,16
1320.6,24
1320.8,34
1320.9,18
1321.0,0
1321.8,8
1322.0,14
1322.4,38
1323.3,21
1324.6,32
1325.1,33
1325.8,3
1326.2,15
1327.4,4
1327.6,29
1327.7,10
1328.1,31
1328.5,28
1328.6,30
1329.1,25
1329.6,13
1330.9,8
1331.2,26
1331.5,11
1331.8,20
1332.1,7
1333.0,35
1333.6,38
1333.9,1
1334.7,14
1336.8,39
1337.2,23
1337.3,0
1337.5,17
1337.9,24
1338.0,27
1338.8,32
1339.6,10
1339.6,22
1340.1,16
1340.3,28
1340.6,25
1343.0,20
1343.0,21
1343.4,34
1344.0,8
1344.3,14
1344.9,30
1345.4,9
1345.7,29
1345.9,18
1346.7,23
1347.4,4
1347.9,39
1348.4,37
1349.3,7
1349.4,35
1349.6,1
1350.1,28
1350.5,33
1350.6,38
1351.6,26
1352.1,10
1352.3,3
1352.5,6
1352.6,8
1352.7,15
1352.9,0
1353.6,16
1353.6,17
1356.7,27
1357.1,21
1357.5,25
1358.1,13
1358.6,35
1359.3,20
1359.4,32
1359.6,7
1359.7,2
1360.6,24
1361.1,14
1361.3,10
1361.3,30
1362.6,28
1362.7,4
1363.9,1
1365.1,8
1365.2,0
1365.6,39
1367.0,11
1367.9,26
1369.5,16
1369.5,38
1369.6,23
1369.6,28
1369.7,5
1369.9,33
1370.2,34
1370.3,10
1370.7,35
1371.1,7
1371.5,29
1371.8,21
1371.8,27
1371.8,31
1373.1,37
1373.7,8
1374.2,36
1374.4,24
1374.6,20
1375.1,3
1375.3,17
1375.4,18
1376.1,30
1376.8,16
1376.8,25
1376.8,32
1376.9,14
1377.2,4
1377.5,22
1377.9,28
1378.5,9
1378.9,0
1379.6,13
1381.7,1
1382.0,38
1383.8,7
1384.3,10
1385.0,5
1385.5,2
1385.7,8
1385.8,39
1386.6,23
1387.8,21
1388.5,4
1388.7,34
1389.0,16
1389.0,35
1389.1,24
1389.7,0
1389.7,26
1389.8,14
1390.1,20
1390.2,17
1390.8,11
1391.4,3
1391.4,15
1392.6,31
1393.0,30
1393.1,1
1393.8,28
1394.8,27
1394.9,10
1396.9,38
1397.4,21
1397.7,18
1398.5,32
1399.6,0
1399.6,35
1400.0,24
1400.1,16
1400.3,9
1400.6,33
1401.8,29
1401.9,1
1402.0,39
1402.2,4
1402.5,7
1403.3,30
1403.5,2
1404.4,14
1404.4,26
1404.8,8
1404.8,37
1404.9,23
1405.2,13
1405.2,28
1405.7,20
1405.8,10
1406.8,34
1407.4,35
1408.2,17
1409.1,27
1409.9,7
1409.9,38
1410.0,39
1410.2,0
1410.7,25
1411.7,36
1412.4,16
1413.5,10
1414.7,3
1415.0,15
1415.2,32
1416.2,28
1417.0,5
1419.2,8
1420.6,21
1420.8,26
1420.9,4
1421.0,14
1421.2,18
1421.4,24
1421.5,29
1421.6,20
1421.8,33
1422.2,1
1422.2,2
1422.5,0
1422.8,30
1422.8,35
1422.9,28
1423.0,10
1423.5,7
1424.2,31
1424.4,38
1424.6,9
1425.4,23
1426.1,16
1426.2,27
1426.9,39
1428.5,13
1428.6,8
1429.7,17
1430.1,29
1430.3,10
1431.1,36
1431.5,37
1431.9,14
1432.6,4
1432.7,34
1433.0,35
1433.4,32
1433.6,0
1434.5,26
1434.7,28
1434.9,22
1435.3,21
1435.8,24
1437.0,23
1437.3,20
1437.9,15
1438.2,38
1439.2,11
1440.1,7
1440.2,16
1440.3,25
1441.0,8
1441.1,18
1441.6,30
1442.3,39
1445.2,2
1445.4,10
1446.3,1
1446.4,28
1446.4,29
1447.2,14
1447.4,27
1448.3,32
1449.0,36
1449.5,13
1450.1,0
1450.7,16
1450.7,35
1450.8,3
1451.1,17
1452.2,38
1452.7,21
1452.9,8
1452.9,20
1453.8,25
1454.3,24
1454.4,6
1454.4,7
1454.9,31
1455.4,39
1455.6,4
1455.6,30
1455.9,26
1456.1,9
1457.0,23
1457.0,27
1458.7,28
1459.1,21
1459.7,10
1461.4,0
1461.8,18
1461.9,14
1461.9,16
1462.2,22
1462.7,5
1462.9,1
1462.9,34
1463.2,29
1463.8,3
1465.1,15
1465.7,33
1466.6,8
1466.8,37
1467.0,26
1467.5,38
1467.8,32
1468.0,35
1469.0,30
1469.6,20
1470.6,4
1471.1,27
1471.6,24
1471.7,0
1472.1,7
1472.7,10
1472.7,28
1472.9,36
1473.7,14
1475.6,16
1476.5,21
1477.1,23
1477.3,2
1477.6,39
1478.2,1
1478.4,29
1478.6,18
1478.6,34
1481.1,4
1481.5,26
1481.7,8
1481.8,28
1482.8,17
1483.3,10
1483.3,14
1483.3,35
1483.5,27
1483.6,30
1483.7,20
1485.0,38
1486.5,13
1486.7,31
1487.3,25
1487.4,32
1488.2,0
1488.3,1
1488.9,3
1488.9,16
1489.2,33
1489.7,24
1489.7,39
1491.1,7
1492.2,20
1493.4,21
1493.5,14
1493.6,28
1495.2,8
1495.4,26
1495.9,10
1495.9,23
1496.4,15
1497.2,22
1497.8,4
1498.0,11
1498.7,37
1499.4,35
1499.7,2
1500.8,7
1501.0,38
1501.3,29
1501.8,18
1502.0,16
1502.7,30
1503.6,28
1504.7,1
1504.7,9
1504.8,32
1505.2,34
1505.3,3
1505.4,36
1505.9,13
1506.2,10
1506.5,17
1506.8,0
1506.8,8
1507.1,27
1507.6,26
1507.9,16
1508.0,23
1508.1,25
1508.6,24
1510.7,14
1510.7,39
1514.5,7
1514.6,21
1515.1,4
1515.6,8
1515.7,10
1516.3,20
1516.3,31
1516.6,2
1516.6,36
1516.7,28
1517.4,5
1517.8,0
1517.8,26
1518.0,15
1518.0,30
1518.0,35
1518.1,37
1518.5,38
1521.4,33
1521.5,1
1522.7,39
1524.7,29
1524.9,9
1525.0,32
1525.8,16
1525.9,18
1526.3,10
1526.7,23
1527.3,24
1527.9,11
1528.3,8
1528.5,3
1528.5,20
1528.5,27
1528.8,34
1528.9,5
1529.0,13
1529.3,25
1529.6,28
1530.0,21
1530.3,35
1530.4,37
1530.6,7
1530.8,14
1530.9,38
1532.4,17
1535.4,30
1536.2,0
1536.9,4
1537.2,1
1537.7,27
1537.8,10
1538.2,20
1538.8,7
1539.0,39
1539.2,28
1541.3,15
1541.6,23
1542.0,16
1543.4,9
1543.8,29
1544.2,26
1544.7,33
1544.8,35
1545.2,14
1545.3,8
1545.5,22
1545.9,32
1546.5,21
1546.6,0
1547.4,24
1547.6,10
1549.0,36
1549.3,38
1549.4,7
1550.6,1
1550.6,17
1550.7,20
1551.4,16
1551.7,30
1552.6,2
1553.3,25
1553.4,28
1554.7,34
1554.8,10
1557.2,38
1557.6,3
1557.8,13
1557.9,39
1558.0,4
1558.0,18
1558.7,24
1559.0,26
1559.6,7
1559.6,8
1559.7,35
1559.8,1
1559.8,23
1561.1,14
1561.2,21
1561.8,27
1563.1,29
1564.1,19
1564.2,32
1564.4,0
1564.4,28
1565.0,9
1565.2,20
1565.3,37
1565.6,16
1568.3,30
1570.0,33
1570.1,8
1570.1,38
1570.2,10
1570.4,7
1571.7,39
1572.0,4
1572.0,25
1572.2,1
1573.5,26
1574.7,17
1575.1,14
1575.3,35
1575.7,15
1576.0,32
1576.1,28
1576.3,27
1576.5,0
1577.4,16
1577.5,11
1577.6,13
1577.6,23
1577.8,20
1578.1,21
1578.4,5
1578.4,24
1578.4,34
1578.8,39
1579.0,1
1579.0,10
1581.9,8
1584.1,7
1584.1,31
1584.6,2
1586.9,30
1587.3,10
1587.9,35
1588.1,16
1589.9,38
1590.0,26
1590.5,3
1590.5,9
1590.8,15
1590.8,18
1591.2,14
1591.2,27
1591.3,28
1591.4,0
1591.7,33
1592.0,20
1592.1,23
1592.5,21
1592.9,8
1593.2,4
1596.6,10
1596.6,13
1597.1,1
1598.0,32
1598.2,29
1598.8,16
1599.3,35
1600.9,39
1602.1,17
1602.1,28
1602.9,24
1603.0,20
1603.4,34
1603.7,3
1603.8,8
1603.8,23
1603.8,26
1604.2,31
1604.4,7
1605.0,14
1605.0,38
1605.2,4
1605.5,30
1606.2,0
1606.5,11
1606.8,36
1607.5,10
1607.5,33
1607.6,1
1609.9,25
1610.2,35
1610.9,21
1611.8,28
1611.8,32
1612.2,27
1612.8,16
1613.3,18
1613.7,29
1613.9,2
1614.0,39
1614.9,5
1615.1,22
1615.4,37
1616.0,38
1616.1,20
1617.2,10
1617.2,26
1617.3,8
1617.4,13
1621.9,17
1622.0,7
1622.2,4
1622.7,23
1624.0,16
1624.0,28
1625.0,0
1625.0,1
1625.3,30
1625.4,38
1625.6,36
1626.0,24
1626.1,37
1626.2,21
1626.3,9
1626.6,34
1626.7,10
1627.1,14
1627.1,27
1627.3,3
1628.2,35
1628.6,33
1628.8,32
1628.9,39
1630.6,20
1631.1,8
1632.4,7
1633.4,15
1633.6,0
1633.6,28
1634.7,18
1635.5,26
1636.2,2
1636.5,25
1636.6,31
1636.7,22
1637.6,5
1637.8,4
1637.8,11
1638.1,24
1638.1,32
1638.2,38
1638.3,30
1638.6,36
1638.7,8
1638.8,21
1638.9,10
1639.0,16
1639.0,33
1639.3,1
1639.6,35
1644.5,27
1644.6,20
1644.6,23
1644.9,9
1645.3,28
1645.9,14
1646.1,7
1646.1,29
1646.4,16
1646.5,26
1646.6,10
1646.8,0
1647.0,13
1647.4,8
1647.6,37
1648.0,17
1648.0,34
1648.5,39
1649.2,25
1652.4,35
1652.7,21
1653.1,32
1654.0,38
1655.0,18
1655.5,10
1656.1,4
1656.3,23
1656.7,16
1657.0,28
1657.3,1
1657.3,36
1657.7,7
1657.7,24
1657.9,33
1658.6,14
1658.8,8
1659.0,34
1660.5,31
1660.6,30
1660.8,3
1661.0,26
1663.4,20
1664.3,27
1665.4,21
1665.8,28
1665.8,39
1665.9,35
1666.5,0
1666.7,17
1666.9,15
1667.3,2
1667.5,22
1668.2,10
1668.5,6
1669.0,38
1669.1,5
1669.7,16
1670.2,32
1670.9,1
1671.0,7
1671.7,4
1672.7,23
1674.5,8
1674.6,0
1676.1,27
1676.2,10
1676.3,25
1677.5,28
1678.0,17
1678.1,20
1678.2,18
1678.3,24
1678.3,26
1679.6,11
1679.7,3
1679.9,35
1679.9,37
1680.0,13
1681.3,14
1681.9,16
1682.1,21
1682.7,7
1683.0,8
1683.2,29
1683.2,30
1684.5,23
1684.6,39
1684.8,28
1685.7,20
1685.9,4
1686.3,32
1687.0,38
1687.2,9
1687.3,10
1688.6,37
1689.0,26
1689.5,35
1689.6,31
1690.1,1
1690.5,8
1690.5,36
1690.6,2
1690.8,0
1690.9,33
1691.3,22
1691.4,34
1693.4,24
1694.1,21
1694.5,25
1694.5,28
1694.8,10
1694.9,7
1695.7,16
1696.1,15
1698.2,4
1700.0,39
1700.6,3
1700.9,1
1701.2,14
1701.3,27
1701.3,32
1701.3,38
1701.5,0
1701.5,26
1701.7,30
1702.4,16
1703.0,35
1703.6,18
1705.9,8
1707.4,17
1707.5,28
1708.6,37
1708.9,13
1709.1,10
1709.1,22
1710.0,29
1710.1,23
1710.5,34
1711.0,20
1711.4,21
1713.4,7
1713.6,28
1714.0,31
1714.5,33
1715.2,8
1716.1,39
1716.3,1
1716.6,16
1718.3,35
1718.5,27
1718.8,24
1718.9,0
1719.0,14
1719.2,20
1719.4,15
1719.7,22
1719.8,38
1720.1,10
1720.2,30
1721.3,4
1721.5,5
1722.1,26
1722.4,25
1722.7,3
1725.5,23
1726.2,0
1726.6,28
1726.7,32
1727.0,21
1727.6,13
1727.8,9
1727.8,39
1728.2,7
1728.5,8
1728.7,1
1729.9,31
1730.9,20
1731.1,16
1731.5,27
1732.5,26
1732.8,18
1732.8,33
1733.1,17
1733.1,37
1733.3,10
1733.5,29
1733.7,34
1734.3,24
1734.3,36
1734.8,21
1735.3,3
1735.5,4
1735.8,35
1736.8,14
1737.3,23
1737.5,8
1737.7,11
1738.1,0
1738.6,30
1739.0,2
1739.6,28
1740.2,38
1741.1,7
1742.1,16
1744.1,10
1744.3,27
1744.5,35
1744.6,17
1744.9,21
1745.0,25
1745.1,20
1746.0,1
1747.3,32
1747.3,39
1748.1,13
1749.0,28
1749.6,8
1751.2,10
1751.7,26
1752.0,18
1752.4,30
1752.9,15
1754.1,0
1754.1,4
1754.4,1
1754.7,38
1755.1,16
1756.6,34
1756.8,23
1757.0,21
1757.1,24
1757.6,37
1758.1,8
1758.1,35
1758.2,29
1758.5,7
1758.8,28
1759.2,14
1759.5,31
1759.5,32
1761.4,9
1762.2,39
1763.8,2
1763.9,10
1763.9,20
1764.2,3
1764.8,0
1764.8,16
1765.8,27
1765.9,36
1766.7,17
1767.6,30
1767.8,25
1767.8,38
1768.6,13
1768.6,26
1769.0,35
1769.3,23
1769.5,28
1770.0,21
1770.0,33
1770.1,8
1770.4,11
1771.2,24
1771.8,29
1772.2,22
1772.3,14
1772.9,4
1773.0,0
1773.1,7
1774.0,16
1775.0,20
1775.7,5
1775.8,1
1776.1,10
1776.2,26
1777.1,8
1777.4,18
1778.5,9
1778.7,32
1779.3,31
1780.6,3
1782.0,37
1782.2,21
1782.3,39
1782.9,24
1783.1,29
1783.1,38
1784.3,23
1784.5,17
1785.2,35
1785.3,10
1785.5,28
1786.1,7
1786.2,16
1786.3,36
1787.1,11
1787.2,1
1788.2,13
1790.2,25
1790.2,30
1790.4,39
1791.4,8
1791.5,14
1792.1,34
1792.4,2
1792.6,26
1792.9,4
1792.9,18
1793.0,20
1793.6,0
1794.0,38
1794.5,35
1794.6,27
1794.9,22
1795.5,21
1795.6,10
1797.3,32
1798.6,16
1799.7,17
1799.8,5
1800.6,38
1801.0,28
1801.2,1
1801.5,3
1802.8,15
1803.3,33
1803.3,37
1803.6,20
1803.7,4
1803.9,7
1804.2,0
1804.5,9
1804.7,27
1804.8,18
1805.0,35
1805.1,8
1805.1,29
1805.8,10
1806.4,39
1809.2,21
1809.2,26
1809.7,14
1810.2,2
1810.4,23
1810.4,30
1811.6,28
1811.7,38
1812.3,36
1812.6,7
1812.8,24
1813.3,13
1815.3,16
1815.3,17
1816.1,8
1816.5,31
1818.1,10
1818.5,1
1818.8,32
1819.6,15
1819.6,20
1820.1,35
1820.3,4
1820.4,29
1820.6,0
1821.3,37
1821.4,27
1821.5,3
1821.9,26
1822.3,21
1822.6,39
1822.7,28
1825.1,23
1826.1,14
1826.3,30
1826.4,16
1826.7,25
1826.8,18
1827.9,10
1828.0,9
1828.0,34
1828.3,7
1829.2,5
1829.2,38
1829.8,28
1830.0,8
1830.1,11
1830.6,4
1831.0,0
1831.5,13
1832.2,22
1832.8,33
1833.4,24
1833.5,26
1833.8,1
1834.1,15
1834.1,21
1835.0,17
1835.4,25
1836.2,16
1837.5,35
1837.6,2
1837.7,20
1838.7,36
1839.3,7
1841.0,10
1841.0,32
1842.5,27
1842.8,8
1843.1,28
1843.4,30
1843.6,23
1843.7,16
1843.7,38
1844.0,1
1844.1,26
1844.8,31
1844.8,14
1844.8,21
1845.4,18
1846.9,0
1847.9,25
1848.5,4
1849.8,20
1849.9,29
1850.6,28
1850.7,34
1851.8,8
1852.4,24
1853.1,10
1853.4,15
1853.5,26
1853.8,3
1853.9,16
1854.0,39
1855.7,35
1856.4,1
1857.1,32
1857.2,9
1857.4,0
1857.4,17
1858.3,5
1858.7,7
1859.3,38
1859.4,37
1859.7,13
1859.7,20
1860.3,27
1860.4,21
1861.0,33
1861.2,6
1861.3,16
1861.4,30
1861.8,10
1861.9,39
1864.0,15
1864.2,28
1866.1,14
1867.9,26
1868.3,8
1868.5,23
1869.7,24
1870.4,11
1870.5,22
1870.6,18
1870.9,21
1871.0,4
1871.5,2
1872.0,17
1872.1,35
1872.5,3
1872.7,39
1873.0,16
1874.2,7
1874.6,10
1874.9,29
1875.1,38
1876.1,20
1876.5,4
1876.5,36
1877.8,28
1878.1,0
1878.6,23
1879.2,1
1880.0,32
1880.6,21
1880.7,8
1881.2,25
1882.3,30
1883.3,26
1884.0,24
1884.8,14
1886.8,39
1887.1,9
1887.5,16
1887.7,28
1888.2,7
1888.3,34
1888.6,10
1888.8,35
1889.2,37
1889.2,38
1890.3,13
1891.1,0
1892.5,27
1893.6,29
1893.7,20
1893.8,3
1893.9,18
1894.0,33
1894.2,15
1894.4,21
1894.7,1
1895.8,10
1897.0,8
1897.0,17
1897.1,26
1897.3,31
1897.9,16
1898.9,28
1899.1,23
1899.8,0
1900.0,14
1900.8,25
1902.2,24
1903.2,4
1903.4,32
1903.9,35
1904.8,7
1904.9,2
1905.9,8
1906.0,30
1906.3,39
1906.4,38
1907.3,10
1909.1,18
1909.1,27
1910.0,37
1910.1,20
1910.3,22
1910.6,1
1910.7,36
1910.9,16
1911.1,29
1911.4,25
1911.5,21
1911.5,30
1911.7,14
1913.0,23
1913.1,24
1913.9,0
1914.9,34
1915.2,28
1917.5,35
1918.3,17
1918.5,26
1918.7,10
1918.9,9
1919.4,20
1920.3,7
1920.4,8
1921.9,4
1922.0,13
1922.0,28
1922.3,38
1922.8,32
1923.0,33
1924.0,0
1924.6,2
1924.7,16
1925.1,1
1926.0,15
1926.0,30
1926.1,23
1926.8,3
1929.0,10
1929.0,21
1929.4,14
1929.6,29
1930.2,24
1931.1,35
1931.7,5
1932.1,26
1932.3,7
1932.7,27
1933.0,20
1933.5,36
1934.2,34
1934.4,28
1934.9,38
1935.0,8
1935.9,25
1936.7,0
1936.7,39
1937.2,16
1939.3,10
1940.0,14
1941.8,4
1942.3,22
1942.7,1
1943.0,23
1943.4,11
1943.9,9
1944.4,24
1944.7,35
1944.9,25
1945.1,21
1945.1,30
1945.4,32
1945.6,3
1945.6,33
1947.5,16
1947.5,34
1947.9,7
1948.2,8
1948.3,28
1948.4,10
1948.7,0
1948.7,26
1948.7,39
1949.3,18
1951.7,2
1952.0,37
1952.8,31
1953.1,15
1953.1,17
1953.2,13
1955.1,27
1955.2,38
1955.5,4
1955.6,16
1956.6,23
1956.6,29
1956.8,14
1957.1,8
1957.2,20
1957.3,30
1957.3,35
1958.2,1
1958.6,10
1958.7,18
1958.7,25
1959.4,28
1960.5,39
1961.4,0
1962.2,21
1962.5,3
1963.2,7
1963.6,26
1963.7,36
1964.4,5
1964.8,2
1965.5,9
1965.6,38
1965.9,24
1966.4,10
1966.9,32
1967.6,28
1968.8,23
1968.8,33
1969.3,11
1969.8,8
1970.6,16
1971.9,21
1973.1,30
1974.7,37
1974.8,4
1974.8,27
1975.9,1
1976.1,0
1976.1,35
1976.4,20
1976.6,10
1976.6,39
1977.8,34
1978.1,14
1978.5,28
1978.7,26
1979.1,18
1980.5,7
1981.1,13
1981.8,8
1981.8,16
1984.0,39
1984.1,35
1984.2,29
1984.4,25
1984.7,38
1985.2,36
1986.5,24
1986.9,23
1987.2,17
1987.6,1
1987.7,10
1988.0,0
1988.7,32
1989.5,20
1991.0,21
1991.1,4
1991.4,30
1991.7,15
1991.8,8
1992.0,33
1992.1,2
1992.1,26
1993.0,16
1993.2,28
1994.0,5
1994.5,39
1995.0,38
1995.2,18
1995.2,27
1995.3,14
1995.5,7
1995.7,9
1995.9,35
1996.4,34
1997.5,32
1997.7,31
1998.2,0
1999.0,10
2000.2,28
2001.3,30
2001.6,8
2001.8,20
2002.7,17
2003.0,37
2004.4,13
2005.2,25
2005.3,16
2005.4,24
2006.8,26
2007.2,3
2007.9,23
2008.5,4
2009.1,21
2009.5,10
2009.8,20
2010.4,34
2010.7,14
2010.8,15
2011.4,7
2011.7,22
2012.2,38
2012.3,1
2012.5,8
2012.8,0
2013.4,32
2014.0,29
2014.0,28
2016.2,35
2016.3,33
2016.5,21
2016.8,27
2016.9,10
2017.4,18
2019.4,4
2019.6,39
2020.3,30
2020.6,16
2021.0,36
2021.2,7
2021.5,28
2021.8,2
2022.0,14
2022.2,20
2022.6,0
2023.8,26
2024.0,1
2024.9,24
2025.1,23
2025.3,8
2025.8,34
2026.1,3
2026.2,37
2026.6,35
2026.8,17
2029.7,10
2029.8,38
2032.1,15
2032.1,21
2032.6,16
2033.3,32
2033.9,13
2034.4,28
2034.5,4
2034.5,25
2034.9,39
2035.0,1
2035.0,18
2035.2,0
2035.5,31
2035.7,10
2035.9,9
2036.0,7
2036.0,27
2036.3,14
2037.1,2
2037.8,20
2039.8,26
2040.7,30
2041.2,29
2042.1,8
2043.2,21
2043.8,16
2045.3,23
2046.0,0
2047.4,38
2048.3,32
2048.7,3
2049.3,28
2049.4,24
2049.4,27
2049.6,17
2049.7,22
2050.4,35
2050.6,7
2050.8,33
2051.2,10
2051.5,4
2052.1,11
2052.1,16
2052.7,8
2052.8,31
2052.9,26
2053.1,14
2053.2,37
2053.4,36
2053.5,2
2054.1,1
2054.2,25
2054.8,20
2056.2,30
2057.1,34
2057.3,13
2058.1,21
2058.9,24
2059.5,28
2059.5,29
2060.8,10
2061.3,39
2061.3,16
2063.7,8
2065.1,0
2065.2,1
2065.8,38
2066.1,26
2066.7,15
2067.6,7
2067.8,27
2068.1,23
2068.4,35
2068.7,30
2068.8,17
2069.4,22
2069.9,9
2069.9,18
2071.0,28
2071.5,32
2072.3,2
2072.8,10
2072.8,29
2073.3,4
2074.1,33
2074.3,8
2074.4,14
2074.5,0
2074.9,3
2075.3,21
2075.6,11
2076.1,20
2079.1,39
2079.9,7
2080.2,23
2080.4,1
2080.5,16
2081.7,25
2083.0,28
2083.1,10
2083.2,24
2083.2,38
2083.5,36
2083.6,34
2083.9,17
2084.3,35
2084.7,31
2084.8,18
2085.9,29
2086.1,14
2086.1,26
2086.1,37
2086.2,30
2086.5,23
2086.5,27
2086.7,5
2086.8,2
2089.2,8
2091.0,20
2092.1,0
2092.3,10
2092.9,24
2093.1,15
2093.3,1
2093.7,4
2093.9,25
2094.2,16
2094.3,7
2094.7,22
2095.1,21
2095.4,39
2096.0,32
2096.3,28
2096.5,9
2097.2,38
2098.2,33
2099.1,29
2099.4,18
2099.7,26
2100.1,3
2100.5,11
2100.5,14
2100.9,8
2102.0,17
2102.3,16
2102.7,35
2103.1,27
2104.2,28
2104.6,1
2104.8,4
2105.8,10
2105.8,30
2106.2,2
2106.3,20
2106.3,39
2106.4,32
2106.5,21
2106.5,34
2106.7,37
2106.8,0
2108.9,38
2110.6,35
2110.7,13
2111.2,7
2111.2,8
2111.3,15
2111.6,24
2111.9,23
2112.7,16
2113.7,25
2114.9,33
2115.8,28
2116.9,10
2117.2,4
2117.7,20
2117.9,26
2118.2,31
2118.5,21
2119.2,39
2119.8,30
2120.2,18
2120.3,8
2120.3,36
2120.4,17
2120.9,37
2121.0,7
2121.2,38
2121.8,14
2122.1,1
2122.1,16
2123.2,3
2125.1,13
2125.1,27
2125.2,34
2125.3,10
2125.3,35
2125.5,28
2125.6,9
2126.4,29
2126.8,0
2128.5,8
2128.8,11
2129.2,32
2129.5,20
2129.5,23
2129.6,15
2129.7,7
2130.4,21
2132.7,25
2132.9,17
2133.5,5
2133.9,38
2134.0,4
2134.2,10
2134.3,28
2134.8,24
2134.9,26
2135.5,16
2135.5,22
2135.6,1
2136.8,30
2138.4,32
2138.6,14
2139.0,35
2139.2,39
2139.5,23
2140.2,33
2140.4,0
2142.7,28
2142.9,8
2143.4,3
2143.4,20
2143.6,2
2144.4,7
2145.4,25
2146.3,10
2146.7,26
2146.7,29
2147.0,21
2147.3,37
2147.4,36
2148.5,15
2151.0,1
2151.2,34
2151.2,8
2152.0,38
2152.7,4
2153.3,16
2153.7,30
2154.9,35
2156.1,9
2156.2,27
2156.4,17
2156.6,18
2156.8,23
2157.0,14
2157.2,7
2157.2,10
2157.2,32
2157.5,0
2157.6,39
2157.7,20
2157.7,24
2157.7,28
2159.2,31
2159.8,22
2160.1,13
2160.2,25
2160.8,21
2163.4,38
2165.2,16
2165.3,30
2166.2,8
2166.7,28
2167.2,3
2167.5,2
2168.4,1
2168.5,35
2168.5,36
2169.0,14
2169.2,10
2169.3,15
2169.5,24
2169.9,39
2170.0,27
2170.1,0
2170.4,26
2170.6,23
2170.7,17
2170.7,29
2170.8,5
2170.8,21
2170.9,20
2170.9,34
2171.4,7
2172.0,4
2172.3,37
2172.3,38
2172.7,8
2174.9,28
2175.0,16
2176.8,33
2178.9,32
2179.0,20
2179.3,13
2179.5,10
2181.5,4
2181.6,0
2181.7,30
2183.4,21
2184.1,11
2184.5,9
2185.2,8
2186.1,16
2186.1,39
2186.3,25
2186.6,17
2186.7,34
2186.9,18
2186.9,28
2187.0,1
2187.1,35
2187.5,23
2187.5,26
2187.7,14
2187.8,2
2188.4,36
2188.4,27
2189.2,38
2189.7,33
2191.2,24
2192.1,15
2192.1,20
2192.7,7
2192.7,10
2193.8,3
2194.2,29
2195.2,16
2195.4,1
2196.4,0
2196.9,4
2197.1,26
2197.3,35
2198.1,21
2198.3,28
2198.7,39
2199.0,8
2200.3,30
2201.1,22
2201.3,14
2202.0,10
2202.9,36
2203.0,23
2203.1,24
2203.4,13
2203.9,31
2204.3,25
2205.6,38
2206.1,7
2206.8,16
2208.1,27
2208.4,32
2208.5,21
2208.8,37
2209.0,34
2209.4,1
2209.7,5
2210.9,0
2211.4,8
2211.6,3
2211.6,28
2212.2,10
2212.2,26
2212.4,20
2212.4,29
2213.3,33
2213.7,7
2213.7,13
2214.1,35
2214.5,17
2216.1,39
2216.4,38
2216.5,23
2216.8,32
2217.4,11
2217.6,2
2217.8,18
2218.8,9
2219.3,27
2220.8,20
2221.3,16
2221.6,4
2221.7,28
2222.9,8
2223.1,21
2223.3,3
2223.4,1
2223.4,31
2223.5,0
2223.5,30
2223.7,36
2224.2,14
2227.8,23
2227.9,35
2229.4,24
2230.5,15
2230.8,7
2231.2,32
2231.3,10
2231.3,26
2231.8,20
2232.2,25
2232.5,27
2232.6,13
2233.3,28
2233.7,17
2233.8,9
2234.0,0
2234.0,38
2234.2,21
2234.7,8
2235.5,34
2235.6,33
2236.0,16
2236.2,14
2236.6,22
2237.0,37
2237.2,30
2238.1,10
2238.1,29
2239.6,3
2242.0,1
2242.2,39
2243.2,7
2243.4,36
2243.6,2
2244.0,4
2244.0,18
2244.8,26
2245.7,27
2245.7,35
2246.0,23
2246.5,24
2246.5,28
2247.6,38
2248.6,16
2249.1,32
2249.6,10
2249.6,20
2250.6,1
2252.2,14
2252.2,17
2252.6,21
2252.7,29
2252.8,25
2253.0,30
2253.7,15
2253.7,39
2254.4,8
2255.7,13
2255.9,26
2256.0,35
2259.1,0
2259.7,31
2260.3,4
2260.5,7
2260.5,24
2260.8,28
2261.0,34
2261.2,33
2261.6,2
2261.7,9
2261.7,37
2261.9,22
2262.1,27
2262.5,16
2262.9,10
2263.8,8
2263.9,20
2266.0,38
2266.7,21
2267.4,3
2267.5,18
2269.0,0
2269.7,36
2269.9,5
2270.1,28
2270.1,30
2270.6,1
2270.7,29
2271.0,32
2271.2,23
2271.4,26
2271.4,35
2271.6,10
2272.9,38
2273.2,8
2274.7,16
2276.8,17
2277.2,15
2277.3,14
2277.6,30
2277.7,28
2277.7,39
2277.9,13
2278.1,7
2278.3,20
2278.3,34
2278.5,21
2280.0,0
2280.0,4
2281.0,10
2282.2,24
2283.8,33
2284.0,25
2284.1,1
2284.3,37
2284.4,18
2284.5,35
2285.3,38
2286.2,28
2287.5,16
2287.9,8
2288.3,32
2288.4,23
2288.4,7
2288.7,21
2289.0,27
2289.5,2
2289.8,26
2289.9,1
2290.3,20
2290.9,0
2291.4,22
2291.5,36
2291.8,17
2292.3,10
2295.5,37
2295.9,4
2296.2,38
2296.7,19
2297.0,14
2297.8,29
2298.4,24
2298.7,6
2299.5,39
2299.8,23
2300.3,10
2300.4,28
2300.6,30
2301.2,31
2301.6,35
2302.0,21
2302.3,8
2302.5,3
2302.5,32
2302.6,0
2302.6,25
2302.8,26
2302.9,16
2303.7,1
2305.2,7
2308.6,27
2309.8,14
2309.9,4
2310.4,17
2310.5,20
2310.5,33
2311.3,39
2311.3,28
2311.6,10
2311.8,13
2312.0,9
2312.0,34
2312.1,11
2312.1,21
2312.2,30
2312.4,16
2312.6,24
2313.9,7
2314.7,38
2316.1,35
2316.4,1
2316.9,0
2317.9,8
2318.4,18
2319.7,5
2320.6,16
2320.8,10
2321.2,14
2321.2,36
2322.0,20
2322.1,3
2322.2,27
2322.4,25
2322.5,7
2323.8,15
2324.2,28
2324.4,8
2326.5,35
2327.5,23
2328.2,32
2328.3,10
2329.0,34
2329.4,26
2330.3,38
2330.4,37
2330.8,0
2331.0,24
2331.1,21
2331.3,4
2331.4,39
2332.4,30
2333.2,29
2333.7,13
2334.3,16
2334.6,17
2335.2,9
2335.4,1
2335.5,14
2336.1,8
2336.2,33
2336.3,10
2340.2,28
2340.4,2
2340.9,22
2341.6,35
2341.9,20
2342.0,18
2342.1,21
2342.8,32
2342.9,38
2344.6,3
2344.6,26
2344.8,25
2344.8,36
2345.1,0
2346.3,4
2346.6,7
2347.2,10
2347.3,1
2347.3,27
2348.1,23
2348.1,24
2348.1,39
2349.2,28
2349.2,34
2351.7,16
2352.0,14
2354.2,8
2355.0,35
2355.5,21
2356.4,30
2356.6,38
2356.8,10
2357.5,32
2357.6,31
2357.6,37
2359.2,28
2361.3,29
2361.6,7
2362.4,34
2362.9,13
2363.3,33
2363.4,20
2363.5,1
2363.5,26
2364.8,10
2365.0,16
2365.3,0
2365.4,8
2365.6,4
2366.1,14
2366.4,15
2366.8,17
2367.0,23
2367.2,11
2367.2,25
2368.2,35
2368.9,30
2369.0,18
2369.4,39
2369.5,21
2370.1,31
2370.7,2
2371.3,28
2371.3,5
2371.7,38
2372.1,36
2373.8,32
2374.0,9
2374.5,24
2374.6,3
2376.1,27
2376.2,29
2376.5,16
2376.6,20
2376.6,34
2376.8,35
2377.1,8
2377.4,18
2377.4,10
2377.6,37
2377.9,26
2378.2,1
2378.5,23
2378.8,7
2380.7,0
2380.7,4
2381.3,28
2382.1,21
2383.2,36
2384.7,33
2385.7,14
2385.8,17
2386.3,38
2386.8,35
2387.9,10
2388.6,16
2388.7,30
2389.6,1
2389.9,8
2391.3,28
2391.7,20
2393.4,26
2393.6,24
2394.6,22
2394.6,29
2395.1,39
2395.4,32
2395.5,38
2395.7,9
2395.7,14
2396.5,7
2396.8,23
2396.9,0
2397.0,21
2397.2,15
2397.4,25
2397.9,13
2398.3,30
2398.5,34
2399.3,16
2400.1,27
2400.2,10
2400.6,35
2401.8,20
2402.1,4
2402.4,8
2403.6,28
2403.7,17
2405.0,18
2405.0,37
2406.9,26
2407.1,38
2407.7,32
2408.2,0
2408.4,11
2409.7,10
2409.8,23
2409.9,7
2410.2,21
2410.8,8
2411.1,1
2411.5,31
2411.6,16
2411.9,28
2412.5,39
2413.3,38
2413.4,3
2413.4,14
2413.7,33
2415.8,30
2416.0,13
2416.2,35
2416.3,24
2416.3,25
2416.5,29
2417.8,0
2417.8,4
2417.8,10
2418.3,34
2420.3,16
2421.7,36
2421.9,15
2422.2,28
2422.2,39
2422.3,32
2422.7,8
2422.7,20
2423.2,9
2423.4,22
2423.4,27
2423.7,26
2423.9,2
2424.7,21
2424.8,18
2426.0,5
2426.4,25
2426.8,17
2428.0,1
2428.3,10
2428.3,14
2429.8,37
2430.0,38
2430.8,4
2431.7,35
2432.2,23
2432.7,0
2432.7,24
2432.9,13
2433.2,7
2433.7,30
2433.7,34
2434.1,20
2434.4,8
2434.5,11
2435.4,28
2436.1,32
2436.3,16
2437.1,33
2438.3,26
2440.1,23
2440.2,39
2440.5,27
2440.6,10
2440.6,29
2440.9,17
2441.3,25
2442.7,3
2443.3,36
2445.1,1
2445.6,20
2445.9,31
2446.5,21
2446.8,4
2447.5,28
2447.5,35
2447.8,8
2447.9,2
2448.0,15
2449.1,16
2449.2,38
2449.3,14
2450.9,39
2451.0,0
2451.8,33
2452.6,9
2452.9,13
2453.3,10
2453.7,18
2454.2,32
2454.3,24
2456.4,7
2458.0,26
2458.9,34
2459.3,21
2459.7,25
2460.0,23
2460.1,1
2460.2,16
2460.4,28
2460.7,22
2460.8,20
2460.8,27
2460.9,4
2461.4,35
2461.6,8
2461.7,10
2464.3,30
2464.5,17
2464.8,37
2466.2,0
2466.3,29
2466.5,2
2466.8,36
2466.8,39
2467.9,1
2468.3,7
2468.3,14
2468.3,16
2468.3,3
2469.8,38
2470.4,24
2470.7,28
2470.9,23
2471.3,15
2471.8,21
2471.8,27
2472.1,10
2472.1,25
2472.9,39
2473.0,20
2473.4,0
2473.7,35
2474.1,32
2474.4,8
2475.3,11
2475.9,4
2476.8,13
2478.5,16
2478.5,33
2478.6,26
2479.9,34
2480.8,0
2480.8,37
2481.9,10
2482.0,14
2482.3,20
2482.5,30
2482.6,29
2482.8,23
2483.1,18
2483.4,38
2483.7,7
2483.7,27
2484.3,21
2484.7,1
2486.3,8
2486.6,9
2487.0,28
2488.7,16
2489.0,36
2489.3,4
2489.8,15
2489.8,35
2490.2,17
2490.6,31
2491.9,39
2492.3,24
2493.0,21
2493.2,33
2493.9,26
2494.2,32
2495.0,20
2495.1,10
2495.2,13
2495.2,14
2495.3,25
2495.6,0
2495.9,37
2497.6,38
2497.8,7
2498.2,35
2498.3,1
2498.6,3
2498.8,30
2499.7,8
2501.2,23
2501.4,16
2501.4,28
2503.5,2
2504.7,29
2505.8,1
2506.3,39
2506.6,22
2507.0,20
2507.2,18
2507.6,34
2508.1,27
2508.2,33
2508.3,0
2508.9,4
2509.1,10
2509.1,24
2510.8,21
2511.1,32
2511.2,8
2511.2,16
2512.8,28
2513.0,26
2514.6,35
2515.3,37
2515.5,38
2515.7,14
2516.2,30
2517.5,31
2517.6,17
2517.9,5
2517.9,7
2518.0,3
2518.5,23
2518.6,39
2519.2,10
2519.9,29
2520.6,15
2521.6,8
2521.7,0
2522.3,1
2522.6,20
2522.8,18
2523.1,4
2523.2,13
2523.6,16
2523.6,28
2524.2,27
2524.3,11
2525.1,21
2525.4,25
2525.7,9
2525.8,26
2525.9,34
2526.4,35
2527.5,14
2529.9,8
2530.6,24
2530.8,36
2531.3,23
2531.7,33
2531.9,2
2532.5,10
2532.8,30
2533.1,39
2533.5,20
2533.5,35
2533.6,38
2533.7,22
2533.8,4
2534.5,28
2534.6,21
2535.1,16
2535.1,32
2535.7,37
2536.4,0
2536.9,1
2537.5,26
2538.8,10
2538.9,27
2539.3,29
2539.5,7
2539.8,8
2541.5,14
2542.6,24
2543.0,28
2543.4,5
2545.0,13
2545.5,17
2546.3,25
2546.3,31
2546.5,16
2546.5,35
2547.2,32
2547.6,15
2547.9,21
2548.1,20
2548.2,1
2548.4,30
2550.0,27
2550.1,2
2550.2,0
2550.9,8
2551.0,10
2551.0,18
2551.1,37
2551.5,14
2551.6,7
2551.9,39
2552.3,34
2552.4,23
2552.7,38
2555.0,3
2555.7,30
2555.8,17
2555.8,33
2556.2,28
2556.9,9
2557.9,26
2561.5,4
2561.9,1
2562.3,10
2562.7,20
2563.0,16
2563.1,0
2563.1,8
2563.2,22
2563.5,36
2563.5,38
2564.2,7
2564.2,24
2564.9,21
2565.1,32
2565.8,14
2565.8,28
2566.4,25
2566.6,35
2566.7,37
2568.5,11
2568.8,8
2568.8,23
2568.8,30
2570.1,29
2570.4,10
2571.2,27
2572.4,15
2573.8,33
2573.9,26
2574.2,16
2574.2,18
2574.6,21
2574.8,34
2575.0,17
2575.4,39
2576.0,13
2576.1,3
2576.1,38
2576.5,28
2577.5,0
2578.1,1
2578.3,20
2579.8,35
2581.0,10
2581.1,31
2581.3,25
2582.8,23
2582.9,8
2582.9,24
2585.3,36
2585.4,28
2585.6,2
2585.6,4
2585.6,14
2585.9,7
2586.1,38
2586.2,16
2586.4,39
2586.7,9
2586.9,18
2586.9,37
2587.0,34
2587.0,1
2587.0,27
2587.2,29
2587.9,26
2588.7,32
2590.1,20
2590.1,21
2592.1,0
2593.0,10
2593.1,30
2593.6,33
2595.1,3
2595.6,11
2595.8,17
2596.0,5
2596.2,35
2596.6,38
2596.7,24
2598.2,8
2598.2,13
2598.4,25
2598.7,26
2599.1,1
2600.5,28
2601.5,34
2602.4,15
2603.1,4
2603.4,29
2603.4,39
2603.6,22
2603.6,32
2603.8,23
2603.9,7
2604.5,16
2605.1,10
2605.2,21
2606.0,20
2606.1,0
2606.8,37
2609.2,35
2609.4,28
2610.1,38
2610.4,8
2611.0,25
2611.6,33
2611.9,27
2612.4,13
2612.5,14
2612.8,30
2613.6,3
2613.7,1
2615.7,24
2616.8,36
2617.2,39
2618.1,10
2618.2,23
2618.4,16
2619.8,26
2620.0,20
2620.1,4
2620.1,17
2620.4,34
2620.7,8
2621.6,9
2621.7,28
2621.9,21
2622.1,0
2622.2,32
2622.5,7
2622.7,30
2623.0,38
2623.4,29
2624.0,35
2624.7,18
2625.1,1
2626.3,37
2626.5,24
2627.4,2
2628.6,16
2628.9,10
2629.7,27
2632.0,8
2632.3,26
2632.4,14
2632.7,39
2632.9,22
2633.2,20
2633.5,31
2634.1,7
2634.8,0
2635.7,17
2638.8,28
2639.0,15
2639.5,38
2640.0,35
2640.3,10
2640.3,18
2640.4,11
2640.9,34
2641.0,21
2641.1,25
2641.2,30
2641.3,4
2641.6,33
2642.3,1
2642.6,32
2643.4,29
2644.0,6
2645.1,23
2647.1,37
2647.4,8
2648.0,16
2648.1,3
2648.9,0
2649.5,7
2649.7,28
2650.6,10
2651.5,26
2651.7,39
2652.2,27
2652.2,38
2652.6,29
2652.7,36
2653.4,1
2654.0,20
2654.4,14
2654.5,18
2657.6,2
2657.7,22
2658.2,5
2658.3,24
2658.4,30
2658.8,33
2659.2,8
2659.8,9
2660.2,25
2660.2,28
2660.3,16
2660.6,17
2661.1,35
2661.6,21
2661.7,10
2661.9,0
2662.1,39
2662.4,13
2662.8,15
2662.8,32
2663.4,7
2663.8,34
2664.4,26
2664.4,38
2665.2,4
2665.8,23
2666.4,24
2667.3,28
2667.6,14
2667.8,20
2668.5,27
2669.8,8
2670.1,36
2670.9,16
2671.0,1
2671.4,29
2671.6,3
2672.1,35
2673.7,10
2675.9,30
2676.7,7
2676.7,28
2677.1,31
2678.6,0
2679.9,38
2680.9,18
2681.3,4
2681.4,26
2681.7,21
2683.1,10
2683.2,8
2683.6,25
2683.7,39
2685.5,1
2686.9,37
2687.1,22
2687.5,24
2687.8,30
2688.4,28
2688.6,13
2688.7,34
2688.9,9
2689.0,16
2689.0,35
2689.6,17
2689.6,20
2689.9,0
2689.9,23
2690.1,15
2690.2,3
2690.4,32
2690.5,36
2690.9,27
2691.2,33
2691.3,21
2691.7,10
2691.7,14
2693.9,7
2695.4,2
2695.4,38
2695.8,31
2696.4,39
2696.6,8
2697.0,1
2697.3,4
2698.6,28
2700.2,0
2700.9,16
2701.0,11
2702.6,21
2702.9,29
2704.0,10
2704.0,17
2704.1,26
2704.3,30
2705.1,20
2705.2,23
2705.2,36
2705.6,37
2705.7,25
2707.3,7
2707.5,35
2707.6,8
2708.5,28
2708.9,18
2709.2,0
2709.5,27
2710.0,24
2710.4,21
2711.8,32
2712.4,38
2712.8,14
2713.3,10
2713.4,39
2713.7,4
2713.7,17
2713.9,1
2714.6,16
2714.8,34
2715.7,20
2716.5,33
2717.2,26
2717.5,23
2718.3,8
2718.8,3
2719.2,29
2719.7,13
2720.2,35
2721.9,28
2723.2,5
2723.9,24
2724.1,11
2724.4,0
2724.4,7
2725.2,16
2725.4,30
2725.9,10
2725.9,27
2727.1,2
2727.2,18
2727.3,38
2727.4,29
2727.6,39
2727.8,21
2727.9,8
2728.2,15
2729.3,20
2730.3,4
2732.0,33
2732.3,14
2732.6,37
2732.8,28
2733.3,1
2734.0,35
2735.0,17
2735.2,32
2736.8,36
2737.3,10
2738.1,27
2738.4,8
2738.5,26
2739.6,25
2739.8,38
2740.2,30
2740.4,3
2740.6,24
2740.9,22
2741.2,16
2741.5,13
2743.9,21
2744.1,7
2744.2,0
2744.8,28
2745.2,23
2745.2,34
2746.1,18
2746.3,31
2746.5,1
2747.1,14
2747.3,35
2747.5,8
2747.7,2
2747.8,39
2748.5,20
2748.8,4
2748.9,9
2750.0,17
2750.3,10
2751.3,32
2751.6,16
2752.1,29
2755.1,26
2756.7,21
2757.5,11
2759.1,8
2759.1,28
2760.1,1
2760.2,7
2760.4,37
2760.8,10
2760.8,16
2760.8,35
2761.5,0
2761.5,25
2761.8,27
2761.8,38
2761.9,23
2762.5,39
2762.8,36
2763.1,14
2763.3,32
2763.4,33
2764.0,4
2766.2,24
2767.1,34
2767.6,20
2767.7,13
2768.0,15
2768.2,8
2768.4,28
2768.6,26
2769.5,30
2769.7,17
2769.7,18
2769.9,10
2770.6,21
2772.0,38
2772.2,31
2772.3,7
2773.9,2
2773.9,4
2774.9,0
2775.3,35
2775.4,1
2775.4,23
2776.0,10
2776.0,16
2776.1,3
2777.0,27
2777.0,28
2777.3,14
2777.7,24
2777.7,25
2779.5,32
2779.7,30
2780.3,8
2781.7,38
2782.1,9
2782.9,17
2783.4,13
2783.6,33
2783.8,37
2783.8,21
2784.1,39
2785.8,20
2785.9,4
2786.1,26
2786.7,10
2787.3,0
2787.4,8
2787.4,29
2787.4,36
2789.0,1
2792.0,28
2792.3,2
2792.3,35
2792.4,7
2792.5,16
2792.8,3
2792.8,15
2793.4,37
2794.1,18
2794.2,25
2795.8,1
2795.8,33
2795.9,10
2797.0,32
2797.1,30
2797.8,23
2797.8,24
2798.2,27
2798.3,4
2798.4,0
2798.4,21
2801.1,29
2802.1,8
2802.1,38
2802.1,39
2802.5,14
2803.3,28
2803.9,20
2804.4,17
2805.6,16
2806.4,34
2806.4,35
2806.6,26
2807.4,2
2807.4,10
2807.5,30
2807.5,31
2807.7,7
2807.8,15
2808.1,9
2808.1,13
2809.7,1
2812.6,38
2813.3,22
2814.1,23
2814.3,21
2814.6,36
2814.8,4
2814.8,8
2814.9,24
2815.2,0
2815.3,11
2815.7,26
2815.9,28
2816.9,18
2817.0,39
2817.2,14
2817.2,16
2817.6,35
2817.8,3
2817.9,17
2818.4,27
2818.5,32
2819.3,30
2820.7,10
2820.9,7
2822.0,33
2823.4,21
2823.6,1
2823.8,25
2824.7,20
2824.7,29
2824.8,34
2824.9,26
2825.2,8
2825.2,16
2825.4,31
2825.4,38
2826.0,35
2827.1,14
2828.0,37
2828.2,13
2828.5,39
2828.9,28
2830.4,10
2830.4,27
2831.1,2
2831.7,0
2831.8,23
2832.1,20
2832.9,3
2833.7,36
2834.1,7
2834.3,32
2834.4,8
2834.7,15
2835.4,26
2835.9,16
2835.9,17
2836.6,24
2837.0,30
2838.3,4
2838.5,22
2838.5,33
2840.2,28
2840.2,18
2840.5,38
2840.6,1
2840.8,21
2840.8,39
2840.9,10
2840.9,37
2841.2,5
2841.5,0
2841.9,9
2842.0,35
2842.1,14
2843.1,20
2845.8,16
2846.0,32
2846.3,27
2846.8,26
2847.3,17
2848.8,7
2849.2,8
2849.4,13
2849.4,34
2849.9,1
2849.9,29
2850.1,28
2850.5,35
2851.4,23
2852.0,30
2852.4,0
2854.0,20
2854.9,39
2855.8,10
2856.8,21
2857.0,38
2857.3,16
2857.8,28
2859.1,3
2860.0,15
2860.4,4
2860.4,24
2860.5,27
2861.9,7
2861.9,35
2862.4,32
2862.7,14
2863.0,8
2863.4,33
2864.8,1
2864.8,10
2866.2,0
2867.5,26
2868.6,23
2868.7,39
2869.1,38
2869.5,36
2870.2,2
2870.4,25
2870.4,30
2870.5,34
2870.7,28
2871.1,4
2871.1,9
2871.1,22
2871.7,17
2872.2,16
2872.4,5
2872.8,20
2873.4,8
2874.0,21
2874.0,35
2874.0,37
2874.3,0
2875.1,10
2875.5,18
2876.0,1
2877.1,29
2877.4,27
2877.8,24
2878.3,7
2879.6,14
2879.8,33
2879.9,11
2881.3,8
2882.3,32
2882.5,26
2882.8,38
2883.2,39
2883.3,28
2883.4,15
2884.0,4
2885.2,21
2885.4,7
2885.7,3
2885.7,13
2885.7,22
2885.9,35
2886.0,36
2886.1,10
2886.3,25
2886.7,17
2888.8,16
2889.2,0
2889.3,23
2889.6,34
2890.1,31
2890.4,30
2892.3,20
2892.6,1
2893.4,28
2894.1,8
2894.9,14
2895.0,4
2895.3,27
2895.7,26
2896.3,33
2896.9,38
2897.1,35
2897.7,11
2898.1,17
2898.6,10
2898.7,9
2898.8,0
2898.8,37
2899.0,25
2899.2,18
2899.2,24
2899.3,32
2899.7,2
2900.4,16
2901.0,21
2903.4,28
2904.0,4
2904.5,7
2904.7,27
2905.1,39
2905.2,8
2905.2,10
2905.3,29
2906.6,26
2906.9,0
2907.0,30
2907.1,1
2907.3,14
2910.9,23
2911.3,36
2911.4,16
2911.6,20
2911.9,21
2912.1,13
2913.4,10
2914.7,34
2914.8,0
2914.8,37
2914.8,38
2915.2,28
2915.5,33
2915.6,35
2916.0,7
2916.1,18
2918.7,8
2919.1,22
2919.7,39
2920.4,16
2920.4,26
2920.5,17
2920.6,3
2920.8,30
2921.6,1
2921.6,4
2922.3,10
2923.3,32
2924.9,24
2925.6,2
2926.6,21
2927.9,5
2928.0,20
2928.3,23
2928.5,11
2928.5,28
2928.6,7
2928.6,27
2928.8,16
2929.0,0
2929.1,15
2929.7,38
2929.8,14
2930.8,8
2931.7,35
2932.1,26
2932.4,30
2932.5,1
2933.0,10
2933.1,25
2933.8,4
2934.7,39
2934.9,29
2937.0,37
2939.2,3
2939.2,33
2939.3,31
2939.8,36
2940.6,28
2942.0,20
2942.2,8
2942.3,9
2943.2,26
2943.2,32
2943.5,0
2943.8,1
2943.9,27
2944.1,34
2944.8,21
2945.2,38
2945.6,16
2945.8,24
2946.0,35
2946.0,18
2946.9,23
2947.0,17
2947.9,30
2948.5,4
2948.7,7
2950.0,14
2951.0,10
2951.2,28
2953.4,39
2953.6,6
2953.7,0
2954.2,32
2954.4,36
2954.5,25
2954.6,31
2954.7,17
2954.7,29
2955.0,1
2955.1,16
2955.8,8
2955.9,20
2956.1,26
2956.4,11
2957.6,10
2958.7,24
2958.9,21
2959.1,2
2960.5,35
2960.7,9
2965.2,7
2965.9,3
2966.2,37
2966.5,4
2966.7,16
2966.7,28
2966.9,27
2967.2,14
2967.4,33
2967.4,38
2967.8,13
2967.9,10
2968.0,25
2968.1,1
2968.1,30
2968.6,8
2968.9,17
2969.2,0
2969.2,26
2969.3,39
2970.0,23
2970.3,20
2970.6,18
2972.0,35
2972.7,22
2973.2,32
2974.7,34
2974.8,24
2975.7,15
2975.9,4
2976.6,8
2977.3,21
2978.0,10
2978.0,28
2978.3,7
2978.3,38
2978.5,36
2979.0,16
2979.8,35
2981.3,20
2982.3,0
2983.0,26
2983.1,29
2983.2,30
2984.1,39
2984.3,1
2985.7,27
2986.2,2
2987.0,37
2987.3,23
2987.8,10
2988.4,33
2988.6,8
2988.7,38
2989.6,25
2990.0,9
2990.0,11
2990.2,14
2990.8,5
2990.8,31
2990.8,35
2991.1,13
2991.1,16
2991.7,3
2992.1,32
2994.7,24
2995.0,28
2995.1,21
2995.5,39
2996.3,7
2996.3,29
2996.3,36
2996.5,20
2996.6,4
2996.8,0
2997.0,17
2997.4,26
2997.6,14
2998.1,38
2999.6,16
2999.9,30
3001.3,10
3001.5,1
3001.6,22
3003.0,18
3004.6,27
3004.9,34
3005.0,8
3006.4,28
3007.6,13
3008.3,35
3008.5,23
3008.8,25
3009.2,16
3009.7,0
3010.6,2
3010.6,20
3011.2,32
3011.4,21
3011.9,17
3012.3,24
3012.5,1
3013.6,11
3013.7,10
3013.8,26
3014.0,7
3014.0,14
3014.2,3
3014.3,28
3014.3,31
3014.6,8
3014.9,4
3017.0,38
3020.3,29
3020.4,33
3020.5,18
3020.7,27
3020.9,30
3021.0,16
3021.2,35
3021.3,34
3021.8,28
3022.7,39
3024.0,1
3024.3,14
3024.3,20
3025.0,37
3025.3,0
3025.7,23
3026.2,8
3026.6,10
3026.8,21
3027.1,9
3027.3,15
3027.3,32
3027.7,7
3028.5,24
3028.8,16
3029.9,28
3030.6,25
3030.8,38
3031.6,36
3033.7,3
3033.8,20
3034.2,4
3034.4,35
3035.3,26
3035.7,30
3037.1,8
3037.2,22
3037.3,1
3037.4,28
3037.5,18
3038.2,10
3038.4,27
3041.9,0
3041.9,14
3042.0,16
3042.0,21
3042.6,39
3042.8,33
3042.8,7
3043.0,13
3043.6,17
3043.6,29
3044.0,25
3044.5,24
3045.2,38
3045.3,20
3045.4,35
3046.5,23
3047.1,2
3047.3,8
3048.8,18
3048.9,34
3048.9,1
3049.5,28
3049.6,10
3050.5,0
3050.6,15
3051.2,37
3051.7,32
3052.0,4
3052.1,27
3053.4,11
3053.5,36
3053.9,39
3054.0,16
3054.6,9
3055.3,30
3055.5,24
3055.7,35
3055.8,22
3056.1,20
3056.1,38
3056.7,26
3057.2,21
3057.4,17
3057.8,31
3058.2,8
3058.7,7
3060.0,23
3060.4,14
3061.4,10
3062.4,29
3063.2,28
3063.7,0
3064.6,16
3064.9,33
3065.1,3
3065.1,4
3065.5,1
3066.0,20
3067.2,36
3067.2,38
3067.7,35
3067.9,18
3068.8,32
3069.1,39
3069.2,8
3071.2,26
3071.2,27
3071.3,15
3071.4,37
3073.7,25
3074.5,34
3074.6,10
3075.6,16
3077.0,1
3077.0,5
3077.0,30
3077.4,2
3077.7,0
3077.7,21
3077.9,17
3078.8,23
3078.8,29
3079.2,22
3079.4,7
3080.2,14
3080.6,35
3080.7,4
3080.7,20
3080.9,28
3083.0,33
3083.7,10
3084.4,27
3084.8,8
3084.8,9
3085.3,38
3085.4,39
3086.1,24
3086.6,26
3087.2,11
3087.5,13
3087.9,1
3087.9,29
3088.0,28
3088.6,2
3089.2,16
3089.3,20
3089.3,37
3089.8,25
3089.9,15
3090.1,18
3090.7,7
3090.7,21
3091.1,23
3091.9,36
3092.3,0
3093.5,3
3093.6,4
3094.3,30
3094.3,35
3094.6,17
3095.1,10
3095.3,8
3097.6,32
3098.8,31
3098.9,5
3099.2,16
3100.9,20
3101.6,9
3102.4,14
3102.4,33
3102.4,28
3102.6,1
3102.7,7
3103.7,39
3104.1,29
3104.4,27
3104.6,10
3105.1,0
3105.2,23
3105.5,34
3105.9,8
3106.8,38
3107.3,35
3107.7,21
3107.9,18
3108.3,16
3108.3,24
3109.5,37
3109.8,26
3110.5,28
3111.0,3
3111.0,25
3111.7,14
3112.0,6
3112.1,4
3112.4,30
3114.0,38
3115.9,10
3117.7,32
3117.9,20
3118.0,31
3118.8,15
3119.1,39
3119.7,11
3121.2,7
3121.3,0
3121.5,8
3122.0,35
3122.1,34
3122.3,24
3122.4,16
3122.6,1
3122.8,14
3122.9,21
3123.4,10
3124.2,33
3124.5,2
3125.1,28
3125.3,27
3127.8,23
3128.1,25
3128.9,26
3129.3,3
3129.3,4
3129.3,38
3129.5,17
3131.6,1
3131.9,13
3132.7,29
3132.9,8
3133.4,39
3134.2,37
3135.0,0
3137.0,22
3137.1,16
3137.5,20
3137.5,18
3137.8,10
3138.0,30
3138.4,28
3138.4,35
3139.0,36
3139.3,23
3139.6,2
3140.1,9
3141.1,38
3141.7,1
3141.9,27
3142.0,7
3142.5,14
3144.4,24
3144.7,26
3145.4,21
3145.6,8
3145.7,0
3146.1,4
3147.0,10
3147.2,11
3147.9,5
3149.7,16
3150.1,33
3150.2,17
3151.0,32
3151.4,31
3151.7,1
3152.2,28
3153.0,30
3153.0,38
3154.3,37
3154.8,20
3155.0,14
3155.0,35
3155.1,7
3155.1,29
3155.2,3
3155.3,34
3155.6,25
3155.6,39
3156.0,10
3156.6,8
3159.0,16
3160.0,26
3160.1,15
3161.2,21
3161.4,23
3161.7,24
3162.1,33
3162.6,13
3162.6,18
3162.7,4
3162.7,28
3163.4,2
3163.6,20
3163.7,10
3164.0,35
3167.8,1
3168.3,0
3168.5,36
3168.6,9
3168.7,32
3168.9,8
3169.0,39
3169.1,17
3169.3,14
3169.8,38
3169.9,24
3170.1,34
3171.4,16
3171.6,4
3172.6,28
3172.7,37
3172.9,23
3173.0,30
3173.4,27
3173.9,18
3173.9,20
3174.3,7
3174.5,21
3175.8,29
3176.2,10
3177.5,0
3177.6,5
3177.7,26
3178.4,35
3180.0,28
3180.9,33
3181.6,8
3181.7,36
3182.3,39
3182.8,1
3183.0,32
3183.6,4
3184.5,23
3184.5,24
3184.6,22
3185.0,2
3185.1,16
3185.6,15
3185.7,10
3186.0,7
3186.0,37
3186.6,11
3186.7,27
3187.8,0
3187.8,3
3188.8,38
3189.3,14
3192.1,8
3192.4,25
3192.8,35
3193.4,20
3193.4,33
3193.5,28
3193.5,31
3193.9,34
3195.2,26
3195.6,39
3195.7,1
3196.8,21
3197.9,17
3199.7,7
3200.2,30
3200.5,16
3200.7,13
3200.7,14
3201.4,23
3201.5,24
3201.7,10
3201.9,4
3201.9,36
3202.6,18
3203.4,9
3203.8,38
3204.0,0
3204.4,27
3205.1,8
3205.1,20
3205.2,28
3206.4,3
3207.4,21
3208.1,1
3208.5,35
3208.7,29
3209.3,25
3209.5,17
3209.7,2
3209.7,22
3209.7,34
3209.7,39
3209.9,32
3211.6,16
3212.5,28
3212.9,10
3214.6,30
3214.6,26
3214.9,8
3215.0,23
3215.6,33
3215.8,0
3216.1,7
3216.2,9
3217.9,32
3218.0,14
3218.2,38
3219.2,37
3219.2,15
3219.2,24
3219.6,20
3219.8,27
3220.0,35
3220.7,21
3221.2,5
3221.6,1
3222.9,34
3223.7,4
3223.8,39
3224.1,10
3226.7,17
3227.4,28
3228.0,3
3228.0,11
3228.0,13
3228.7,16
3228.7,18
3228.8,8
3229.1,0
3229.3,38
3229.9,7
3230.7,20
3231.0,24
3231.4,23
3232.0,25
3232.0,2
3232.3,14
3232.9,22
3232.9,26
3233.4,21
3233.7,10
3234.9,30
3234.9,31
3235.8,35
3236.0,4
3236.0,1
3236.3,33
3237.1,11
3237.2,34
3237.8,27
3238.6,8
3238.9,16
3239.0,28
3239.2,0
3240.0,29
3240.9,39
3241.9,9
3242.1,20
3242.8,7
3243.8,32
3243.9,38
3245.7,37
3246.6,3
3247.0,23
3247.8,10
3248.2,1
3248.9,34
3249.5,18
3251.4,17
3251.7,30
3251.8,14
3251.8,25
3252.2,4
3252.2,35
3252.4,28
3252.7,20
3253.7,26
3254.0,27
3254.3,13
3255.0,11
3255.4,38
3255.6,8
3256.9,24
3257.3,16
3257.9,7
3258.2,21
3258.5,0
3258.8,36
3259.2,39
3260.1,31
3260.1,33
3260.4,9
3260.8,10
3261.5,29
3261.5,35
3262.1,15
3262.2,32
3262.9,1
3264.2,28
3265.5,3
3265.5,21
3265.9,4
3267.7,11
3267.9,23
3268.3,38
3268.9,27
3269.3,16
3270.4,0
3270.6,35
3271.6,17
3271.9,8
3273.2,20
3273.4,22
3273.9,2
3274.1,7
3274.6,28
3274.6,30
3274.9,37
3275.3,25
3275.5,26
3275.8,24
3278.1,39
3278.3,14
3278.5,18
3278.6,21
3278.7,34
3279.0,32
3279.2,13
3279.4,10
3281.5,29
3282.4,36
3282.5,16
3283.3,1
3284.1,17
3284.8,8
3284.9,4
3284.9,23
3285.0,35
3285.5,15
3285.6,0
3287.2,3
3287.5,24
3287.6,10
3287.6,27
3288.5,28
3291.6,30
3292.6,7
3293.1,16
3293.3,21
3293.6,20
3293.7,38
3294.2,26
3295.2,9
3295.6,8
3295.6,39
3295.9,25
3295.9,33
3296.1,23
3296.4,4
3296.5,1
3296.9,0
3297.1,28
3297.3,14
3297.4,18
3298.0,32
3299.2,10
3300.9,2
3301.4,35
3303.0,37
3304.5,16
3304.6,13
3305.1,38
3305.8,18
3305.8,20
3306.1,28
3306.1,30
3306.5,10
3307.3,0
3307.7,24
3308.3,8
3310.2,17
3310.2,25
3310.4,21
3310.5,15
3311.5,26
3312.2,39
3312.6,1
3313.5,3
3314.3,35
3314.6,29
3315.5,7
3315.6,36
3316.0,28
3316.2,34
3316.4,14
3317.4,24
3317.5,10
3317.6,23
3318.1,16
3318.3,0
3318.3,9
3319.6,4
3319.9,22
3321.3,27
3321.4,30
3321.8,38
3325.2,11
3325.3,1
3325.4,10
3325.5,13
3325.8,35
3326.1,21
3326.1,32
3326.3,2
3326.5,28
3326.8,8
3326.9,18
3326.9,20
3328.4,39
3328.8,24
3328.9,14
3329.6,33
3330.1,16
3331.4,31
3331.5,3
3331.8,26
3332.0,7
3332.8,27
3333.0,17
3333.0,38
3333.1,23
3333.1,36
3336.1,4
3336.5,34
3337.2,10
3337.7,9
3338.1,8
3338.1,35
3338.2,21
3339.3,32
3339.5,29
3339.6,39
3340.0,30
3340.6,0
3341.5,5
3341.8,28
3342.1,25
3342.8,37
3342.9,1
3343.6,16
3344.6,20
3346.1,14
3346.6,15
3346.9,31
3347.2,8
3347.2,10
3348.0,7
3348.9,24
3349.6,21
3349.6,28
3350.1,23
3350.1,30
3350.8,35
3350.9,26
3352.1,9
3352.3,39
3353.2,0
3353.7,27
3353.9,38
3354.6,34
3354.8,32
3354.9,13
3355.2,4
3355.2,33
3355.5,11
3355.7,20
3358.0,25
3358.1,29
3359.1,10
3359.3,36
3359.6,17
3359.7,14
3359.9,37
3360.3,16
3360.3,18
3360.6,28
3361.0,1
3361.6,21
3362.8,8
3364.2,2
3365.5,7
3365.7,15
3366.0,3
3366.4,23
3366.7,30
3367.0,38
3368.0,10
3368.6,35
3368.9,0
3369.1,20
3369.8,8
3370.8,5
3371.1,32
3371.6,28
3372.1,4
3372.8,26
3373.1,24
3373.2,1
3373.5,9
3373.8,33
3374.1,34
3374.3,27
3374.9,38
3375.0,21
3375.5,36
3375.6,16
3375.7,13
3376.3,35
3377.0,14
3377.0,25
3377.2,39
3377.5,29
3378.0,10
3378.5,0
3378.5,3
3380.2,8
3380.3,11
3381.5,28
3382.0,18
3382.0,30
3382.5,22
3384.7,4
3385.4,31
3385.6,34
3385.9,7
3386.1,1
3387.0,38
3387.2,20
3387.4,17
3387.5,32
3388.3,9
3388.3,16
3388.5,0
3388.6,37
3389.0,21
3389.7,10
3390.1,35
3391.2,26
3391.4,8
3391.5,28
3393.4,23
3393.7,27
3393.9,25
3394.0,5
3394.2,24
3394.3,39
3394.6,1
3396.0,2
3396.1,3
3397.0,14
3398.6,4
3398.6,33
3399.5,20
3399.7,30
3400.5,16
3400.9,11
3401.0,7
3401.3,38
3401.4,10
3401.5,21
3401.8,36
3402.6,23
3402.8,28
3405.2,1
3405.3,13
3406.1,8
3407.4,0
3407.9,22
3407.9,25
3408.6,26
3408.9,35
3410.0,4
3410.2,18
3410.3,10
3410.4,32
3410.7,16
3411.1,17
3411.5,3
3412.2,38
3412.2,39
3412.7,31
3413.0,7
3413.2,24
3413.3,29
3413.5,2
3414.4,34
3415.1,15
3415.1,20
3416.8,21
3416.8,37
3417.1,1
3417.1,27
3417.2,28
3417.6,26
3417.7,23
3417.8,33
3418.1,10
3418.4,11
3418.6,30
3419.0,14
3420.2,0
3420.8,35
3421.0,8
3423.3,16
3426.2,39
3426.6,38
3428.3,20
3428.5,28
3428.7,10
3428.8,29
3428.9,4
3429.4,0
3430.3,13
3430.6,18
3430.8,36
3431.8,7
3432.9,1
3433.9,23
3434.1,14
3434.8,3
3434.8,8
3434.8,17
3434.9,21
3434.9,34
3435.1,16
3435.5,32
3435.6,24
3435.6,25
3435.6,26
3436.1,10
3436.2,30
3436.4,22
3436.8,15
3436.9,2
3437.7,28
3438.3,5
3438.5,35
3439.5,0
3442.1,39
3442.2,38
3442.5,4
3443.2,18
3444.1,16
3445.3,7
3445.3,21
3446.0,25
3446.5,10
3447.4,1
3447.5,9
3447.6,6
3448.1,26
3448.3,20
3448.3,28
3448.7,8
3448.8,35
3449.2,0
3449.4,23
3450.4,27
3451.3,24
3452.2,13
3452.7,32
3452.9,14
3453.1,3
3453.2,29
3453.4,16
3454.0,34
3454.6,39
3457.5,20
3458.3,10
3458.4,26
3458.6,8
3458.7,1
3458.7,31
3458.8,4
3458.8,21
3458.8,28
3459.3,0
3459.5,11
3459.5,17
3460.0,38
3460.4,30
3461.5,7
3461.9,36
3462.6,33
3463.8,16
3465.4,23
3466.5,14
3466.5,18
3466.7,28
3466.8,24
3466.9,35
3467.1,29
3467.5,2
3467.7,8
3468.0,10
3468.9,15
3468.9,22
3468.9,32
3469.1,9
3469.8,0
3470.1,37
3470.4,38
3470.4,39
3471.0,1
3471.1,13
3472.6,27
3473.3,21
3474.2,25
3475.1,17
3475.6,20
3475.7,7
3476.2,34
3476.9,3
3478.1,16
3478.4,28
3479.7,4
3480.5,8
3481.0,23
3483.2,15
3483.5,0
3483.8,1
3483.8,26
3484.2,35
3484.5,10
3484.6,2
3484.9,33
3485.6,24
3486.8,5
3487.0,29
3487.1,30
3487.2,14
3488.0,18
3488.0,28
3488.4,20
3488.8,39
3488.9,8
3488.9,32
3488.9,37
3489.3,21
3489.5,38
3490.0,36
3490.0,16
3490.8,7
3492.5,22
3493.7,10
3494.0,31
3495.1,9
3495.4,26
3495.4,33
3497.0,25
3497.0,28
3497.3,21
3497.5,23
3497.8,17
3498.1,0
3498.1,35
3498.2,20
3498.5,27
3498.5,39
3499.3,38
3499.8,1
3499.8,13
3500.2,7
3500.6,30
3500.9,8
3502.6,16
3504.1,34
3505.1,14
3505.2,29
3505.9,4
3506.2,18
3506.5,10
3506.6,32
3506.7,28
3506.9,23
3508.8,36
3510.4,24
3511.2,7
3511.6,15
3511.8,37
3512.4,39
3512.8,20
3514.0,3
3514.8,16
3515.0,8
3515.6,38
3515.8,0
3515.9,30
3516.4,1
3516.5,11
3516.5,26
3516.9,17
3517.0,25
3517.0,27
3517.6,23
3518.6,2
3519.0,21
3520.9,28
3521.0,35
3522.4,4
3522.7,33
3523.6,10
3524.1,9
3524.4,8
3524.7,32
3525.9,14
3525.9,22
3526.0,37
3526.1,0
3526.1,34
3526.4,16
3526.4,31
3526.4,36
3526.5,7
3527.2,29
3527.5,13
3529.4,1
3530.4,27
3530.7,18
3531.0,10
3531.3,28
3531.4,39
3531.5,15
3532.2,20
3532.7,23
3533.0,4
3533.0,25
3533.1,2
3533.7,21
3534.2,24
3535.1,17
3535.1,30
3535.2,16
3535.2,35
3535.5,26
3535.8,38
3537.5,0
3539.1,5
3539.7,14
3539.8,28
3539.9,3
3540.0,8
3541.6,7
3542.1,6
3542.5,10
3542.8,20
3545.1,24
3545.2,16
3545.7,30
3546.3,32
3547.1,38
3547.3,1
3548.3,26
3548.7,17
3548.7,25
3548.8,4
3548.8,35
3549.2,0
3549.3,29
3549.5,21
3550.3,27
3552.1,28
3553.4,23
3553.4,34
3553.5,16
3553.7,10
3553.8,8
3554.0,36
3554.6,9
3554.6,13
3554.9,14
3555.0,33
3555.2,37
3557.2,7
3557.2,18
3559.1,22
3559.2,1
3559.5,0
3560.4,20
3560.4,35
3561.1,11
3561.2,39
3561.7,31
3562.2,38
3563.7,8
3564.0,32
3564.4,30
3564.7,26
3565.1,2
3566.5,28
3567.2,16
3567.6,21
3567.7,25
3568.0,15
3568.2,13
3569.6,10
3570.2,18
3570.4,4
3570.5,27
3571.0,24
3571.1,35
3572.2,17
3572.5,7
3572.7,14
3573.1,0
3574.1,34
3574.3,3
3574.3,20
3574.5,29
3574.9,28
3575.9,1
3578.4,10
3578.6,16
3579.2,36
3579.4,8
3579.7,23
3579.8,38
3580.9,30
3581.0,33
3582.9,24
3584.1,26
3584.7,15
3585.3,32
3586.1,35
3587.1,21
3587.3,39
3588.6,25
3588.7,3
3588.7,7
3588.8,14
3589.0,28
3589.0,29
3589.3,16
3589.4,38
3589.5,10
3589.7,20
3589.9,31
3590.0,0
3590.3,30
3590.8,8
3592.5,23
3593.4,1
3593.4,4
3594.0,34
3594.6,37
3595.8,35
3597.5,27
3597.9,10
3598.1,18
3599.1,26
3599.8,28
3600.3,9
3600.4,8
3600.7,16
3600.7,24
3601.3,39
3601.9,21
3602.6,38
3602.8,5
3602.8,7
3602.8,14
3602.8,32
3602.8,36
3603.2,2
3603.8,17
3604.7,13
3607.9,10
3608.0,33
3609.1,30
3609.2,1
3610.5,16
3610.6,0
3610.9,26
3611.0,8
3611.3,3
3612.4,4
3612.6,28
3613.3,36
3613.4,25
3614.0,21
3614.8,35
3615.0,11
3615.0,37
3615.6,27
3615.8,14
3616.3,20
3616.5,23
3616.5,34
3617.1,38
3617.9,7
3618.8,39
3620.3,13
3620.5,0
3620.6,1
3621.9,28
3622.1,10
3622.2,24
3622.7,5
3622.9,9
3623.4,18
3623.4,35
3623.6,16
3623.8,31
3624.2,26
3626.2,8
3626.9,17
3627.9,21
3628.6,15
3628.7,38
3628.9,32
3629.1,25
3629.3,2
3629.6,4
3630.5,30
3630.8,29
3630.8,33
3631.7,14
3631.7,39
3631.8,20
3632.0,28
3632.0,36
3632.1,7
3633.0,3
3633.6,10
3634.2,0
3635.1,23
3636.3,27
3637.2,16
3637.3,24
3638.7,38
3638.8,1
3640.0,8
3640.1,34
3641.2,10
3641.7,35
3641.9,28
3642.6,26
3642.8,32
3644.1,22
3646.0,4
3646.2,7
3646.5,39
3646.8,18
3647.2,0
3647.5,21
3648.8,14
3650.3,13
3650.8,10
3651.1,30
3651.6,27
3652.1,16
3652.2,23
3652.5,2
3653.0,37
3653.1,1
3653.1,8
3653.6,38
3653.9,36
3654.0,25
3654.1,20
3654.3,28
3654.8,33
3654.8,35
3654.9,26
3655.4,31
3655.6,24
3655.8,17
3656.0,3
3656.1,9
3657.4,29
3658.5,32
3659.3,15
3659.6,7
3659.6,34
3661.1,10
3661.6,1
3662.0,14
3663.6,8
3664.5,0
3665.2,35
3665.8,28
3666.6,21
3667.1,30
3668.2,4
3668.2,7
3668.3,19
3668.3,39
3668.5,17
3668.5,20
3668.7,10
3669.5,23
3670.0,26
3670.2,18
3671.1,8
3671.2,16
3671.3,0
3672.5,13
3673.1,27
3674.3,38
3674.7,9
3674.9,32
3675.5,34
3676.5,3
3677.3,33
3677.7,28
3677.9,21
3678.0,10
3678.7,1
3678.9,4
3679.0,35
3679.6,15
3681.6,24
3681.8,39
3682.4,14
3682.8,26
3682.8,29
3683.3,8
3683.3,20
3683.4,2
3683.4,38
3684.0,5
3684.4,22
3684.6,7
3684.7,30
3685.2,23
3685.3,0
3685.3,17
3685.5,37
3685.9,6
3686.0,16
3686.9,10
3688.5,28
3689.2,25
3690.9,4
3692.0,21
3692.0,27
3692.3,1
3692.4,33
3696.0,35
3696.8,18
3697.1,23
3697.2,38
3697.6,3
3697.6,39
3697.7,20
3697.9,16
3698.6,10
3700.3,28
3700.5,7
3700.7,8
3700.9,29
3701.0,36
3701.6,32
3702.8,24
3702.9,26
3703.0,0
3703.0,11
3703.0,34
3704.2,30
3705.3,1
3707.3,8
3707.9,14
3708.3,9
3708.3,10
3708.5,27
3709.0,4
3710.4,17
3710.5,35
3710.7,31
3711.3,38
3711.6,21
3711.9,28
3712.0,16
3712.4,25
3712.7,2
3714.2,0
3714.3,24
3714.4,23
3714.8,20
3715.0,29
3715.0,39
3715.3,33
3715.4,30
3715.5,32
3715.6,8
3715.6,37
3716.2,13
3716.4,4
3716.4,15
3716.5,1
3716.6,7
3716.8,36
3719.3,38
3721.7,28
3722.0,10
3723.2,21
3724.6,14
3724.8,18
3725.0,3
3725.0,34
3725.5,7
3725.7,20
3726.3,22
3726.3,26
3728.2,35
3729.3,16
3729.3,24
3730.1,8
3730.2,17
3730.4,1
3730.6,30
3730.8,23
3730.9,28
3730.9,33
3731.0,29
3731.2,10
3731.3,4
3732.3,27
3732.3,39
3732.4,32
3732.6,38
3735.7,0
3736.5,9
3738.0,13
3739.0,20
3739.4,25
3739.6,7
3739.6,28
3739.8,14
3739.8,36
3739.9,3
3740.0,5
3740.0,8
3740.0,17
3740.0,21
3740.2,26
3740.3,35
3740.7,30
3741.1,37
3744.1,16
3744.6,1
3745.5,10
3746.3,31
3746.9,27
3747.7,23
3747.8,2
3748.4,39
3748.5,18
3748.7,21
3748.8,38
3749.2,11
3749.5,0
3749.8,8
3749.9,9
3750.2,20
3750.6,7
3751.9,24
3752.0,28
3754.0,4
3754.3,16
3754.5,35
3754.9,17
3755.3,25
3756.0,15
3756.0,34
3756.4,29
3756.4,33
3756.4,37
3756.5,38
3756.7,22
3757.2,1
3757.6,10
3758.0,26
3758.3,30
3759.0,39
3762.2,0
3762.3,3
3762.7,14
3763.0,8
3763.3,7
3763.6,21
3764.0,18
3764.5,32
3765.2,35
3765.3,23
3765.5,20
3765.5,28
3766.6,27
3766.7,13
3767.0,16
3767.0,36
3768.2,10
3771.5,8
3772.6,25
3773.5,0
3773.6,24
3774.1,2
3774.3,38
3774.5,34
3774.6,37
3775.0,30
3775.2,4
3775.3,1
3775.6,28
3776.1,17
3776.5,7
3778.8,20
3778.8,23
3779.2,14
3779.4,32
3780.0,36
3780.2,10
3780.3,21
3780.3,39
3780.5,18
3780.6,33
3781.3,26
3782.0,11
3782.0,29
3782.7,9
3782.8,30
3783.0,35
3784.4,28
3784.5,4
3784.7,16
3784.9,5
3785.7,8
3785.8,27
3785.9,13
3787.0,25
3787.1,31
3787.1,38
3787.6,7
3789.0,10
3789.6,1
3789.7,0
3789.9,34
3790.1,21
3790.2,3
3790.2,24
3792.4,20
3793.5,30
3794.0,39
3794.2,17
3794.3,32
3794.6,14
3795.3,23
3795.9,28
3796.8,8
3796.8,16
3798.8,35
3799.6,38
3799.8,22
3800.4,7
3800.5,10
3802.4,15
3803.2,1
3803.4,13
3804.3,4
3804.3,33
3804.5,27
3804.6,26
3804.8,2
3805.8,36
3806.4,24
3806.5,21
3806.7,37
3806.8,0
3807.4,23
3807.8,14
3807.8,28
3808.2,32
3808.2,39
3808.5,10
3809.8,16
3810.4,20
3813.8,34
3814.7,17
3815.0,5
3815.0,25
3815.9,35
3816.0,8
3816.2,18
3816.4,29
3816.7,38
3816.8,0
3817.3,9
3818.4,16
3819.6,7
3819.6,28
3819.6,30
3819.8,1
3820.0,39
3820.1,4
3820.9,10
3821.0,3
3821.1,23
3822.0,21
3824.2,31
3825.0,20
3825.1,15
3825.1,37
3826.3,14
3826.4,8
3826.5,33
3826.7,35
3826.9,24
3827.9,2
3827.9,18
3828.6,26
3829.0,16
3831.3,1
3832.2,38
3833.0,21
3833.4,0
3834.5,28
3834.5,36
3834.6,25
3835.0,13
3835.1,34
3835.4,10
3836.6,32
3836.7,29
3836.9,7
3837.3,14
3838.1,17
3839.0,16
3839.3,9
3839.3,27
3839.3,30
3841.3,35
3842.1,13
3842.1,20
3842.1,28
3842.8,8
3843.1,39
3843.4,26
3843.7,24
3844.2,10
3844.4,33
3845.3,38
3845.4,6
3845.6,1
3845.8,0
3847.1,23
3848.8,7
3849.3,4
3849.7,5
3851.2,14
3851.2,25
3851.7,16
3851.7,37
3851.8,22
3852.5,3
3852.8,21
3853.1,29
3853.6,2
3854.0,31
3854.2,32
3854.6,17
3855.1,34
3855.3,28
3855.5,8
3855.5,11
3857.0,33
3857.7,0
3857.9,20
3858.5,26
3858.7,27
3859.2,10
3860.0,35
3860.2,18
3860.2,30
3861.0,24
3861.2,23
3861.2,38
3861.6,34
3863.0,13
3863.2,4
3863.3,28
3864.0,1
3864.1,3
3864.2,16
3864.9,7
3865.3,15
3865.7,8
3866.1,21
3867.0,20
3869.9,9
3870.3,33
3870.4,25
3870.7,14
3871.0,10
3871.1,16
3871.7,39
3871.8,0
3872.4,35
3872.5,24
3872.6,36
3872.8,8
3873.7,26
3874.0,27
3874.2,28
3874.3,23
3876.5,4
3876.7,38
3876.8,2
3879.7,10
3879.7,14
3879.8,21
3879.9,32
3879.9,34
3880.1,7
3880.4,0
3880.6,1
3882.0,35
3883.0,13
3883.7,29
3884.9,3
3885.1,17
3885.2,16
3885.9,28
3886.6,33
3886.7,39
3886.9,8
3887.0,30
3887.4,18
3887.5,27
3887.9,37
3888.0,26
3888.4,4
3888.4,20
3889.2,38
3889.8,15
3889.9,24
3890.4,7
3891.3,34
3893.0,16
3893.6,10
3895.0,1
3895.1,23
3895.6,14
3895.8,27
3896.2,28
3896.4,35
3896.5,8
3896.5,22
3897.2,0
3897.2,9
3897.7,25
3898.1,20
3900.2,21
3900.3,26
3900.7,17
3901.3,30
3901.4,2
3901.5,31
3902.4,16
3902.9,32
3903.6,4
3904.9,10
3905.1,39
3905.7,7
3906.5,11
3907.2,38
3907.8,28
3909.0,8
3909.2,24
3909.4,0
3909.6,14
3909.8,13
3909.9,21
3910.2,18
3910.6,37
3911.3,20
3911.6,27
3912.3,29
3912.5,23
3913.2,16
3913.3,35
3913.4,15
3913.4,32
3913.4,33
3914.1,1
3914.7,36
3916.2,26
3917.4,10
3917.6,7
3917.6,22
3918.2,0
3918.7,34
3919.8,14
3920.9,21
3921.4,28
3921.8,18
3922.5,30
3923.2,38
3923.5,4
3923.5,20
3923.7,17
3924.2,8
3924.5,1
3924.6,37
3924.7,16
3924.7,39
3925.0,27
3927.9,35
3928.5,25
3928.9,15
3930.1,10
3930.3,24
3930.8,26
3932.0,29
3932.2,32
3932.8,28
3932.9,23
3933.7,7
3933.9,20
3934.3,1
3934.9,16
3935.1,34
3935.3,14
3935.9,8
3936.1,38
3937.2,30
3937.5,25
3938.3,39
3938.5,24
3939.1,21
3939.4,0
3940.5,10
3940.6,27
3940.7,4
3940.7,33
3941.0,3
3941.2,35
3941.4,31
3943.2,37
3943.3,17
3943.8,28
3944.3,13
3945.8,36
3946.4,8
3946.5,5
3947.1,38
3947.2,16
3947.3,26
3947.4,23
3948.1,0
3948.9,20
3950.1,7
3950.5,18
3950.7,15
3950.8,9
3950.9,30
3952.1,14
3953.3,39
3954.1,10
3954.9,0
3955.2,21
3955.3,1
3955.3,35
3955.9,33
3956.0,17
3956.2,29
3956.9,32
3957.3,28
3958.3,16
3958.7,24
3960.7,27
3960.8,23
3961.5,25
3962.0,3
3962.3,4
3962.3,38
3963.0,8
3964.0,10
3964.1,14
3964.3,1
3964.3,7
3964.5,2
3964.5,26
3964.8,11
3965.2,22
3967.5,35
3968.2,31
3968.2,39
3968.3,0
3968.5,20
3969.4,34
3969.5,30
3969.8,36
3970.7,16
3972.2,37
3972.3,18
3972.7,23
3973.3,10
3973.4,9
3973.8,21
3973.9,32
3974.3,28
3974.6,38
3975.3,13
3975.7,1
3976.0,20
3976.0,26
3976.2,15
3976.7,7
3977.5,8
3977.5,33
3978.6,0
3978.7,14
3978.8,2
3979.0,24
3979.3,35
3979.3,27
3980.4,17
3981.3,34
3981.4,4
3981.9,10
3983.0,39
3984.3,32
3985.1,25
3985.1,28
3985.7,16
3986.0,21
3987.6,8
3988.1,26
3989.0,0
3989.0,29
3989.2,30
3989.3,38
3990.9,23
3991.4,27
3991.7,3
3992.1,35
3993.3,24
3993.5,20
3993.5,22
3993.9,7
3994.4,1
3994.6,10
3994.6,39
3995.1,18
3996.6,14
3996.7,28
3996.8,2
3997.0,17
3997.6,31
3997.7,36
3997.8,15
3999.1,30
4000.0,16
4000.7,4
4001.0,26
4001.3,21
4001.9,32
4002.2,8
4004.3,20
4004.5,10
4004.7,7
4005.5,38
4006.0,23
4006.9,28
4007.3,0
4007.3,9
4007.3,25
4008.0,13
4008.0,1
4008.3,34
4009.9,5
4010.4,16
4010.7,14
4011.2,17
4011.6,35
4012.9,27
4013.4,39
4013.8,33
4014.1,29
4014.4,24
4015.1,30
4015.8,10
4016.3,8
4016.9,15
4017.1,0
4017.1,37
4017.6,28
4018.2,21
4018.8,26
4018.9,18
4020.7,7
4021.1,20
4021.4,38
4021.6,4
4021.9,13
4021.9,23
4022.0,1
4022.5,10
4023.5,25
4023.8,3
4025.1,35
4025.5,14
4026.3,34
4026.5,16
4027.2,2
4027.4,27
4027.7,21
4028.0,8
4029.1,39
4031.0,28
4031.8,38
4032.2,26
4033.4,23
4033.5,30
4033.6,31
4034.1,20
4034.3,7
4037.9,0
4038.0,10
4038.3,25
4038.4,22
4038.6,24
4039.1,1
4039.4,18
4039.4,37
4039.6,32
4039.7,39
4039.8,35
4040.0,16
4040.2,8
4040.6,34
4040.7,14
4040.9,17
4041.7,28
4042.1,29
4042.6,21
4042.6,36
4043.0,4
4043.7,27
4044.0,23
4044.1,24
4045.6,26
4047.5,3
4047.6,2
4047.6,0
4047.6,13
4047.9,7
4048.0,38
4048.0,11
4048.5,30
4049.4,10
4050.0,33
4050.3,16
4050.9,1
4051.4,9
4051.8,20
4052.5,28
4054.8,14
4054.9,8
4055.5,35
4055.8,21
4055.9,5
4056.4,17
4057.2,4
4059.2,32
4059.4,10
4059.6,30
4060.0,16
4060.8,24
4061.6,38
4061.7,11
4061.9,22
4061.9,36
4063.1,25
4063.1,39
4063.5,0
4064.2,1
4064.7,8
4065.0,35
4065.1,34
4065.6,23
4067.8,7
4068.1,28
4068.2,3
4068.2,37
4069.1,18
4069.2,31
4069.5,10
4069.7,26
4070.1,16
4070.5,4
4070.5,24
4070.7,39
4070.9,27
4071.7,20
4071.9,14
4072.3,21
4073.0,29
4073.7,33
4074.7,8
4074.7,13
4076.1,38
4076.2,0
4076.2,17
4076.3,28
4078.9,24
4079.1,23
4079.4,1
4079.6,15
4079.8,35
4079.9,30
4080.1,32
4080.7,21
4082.4,20
4083.2,16
4083.5,7
4083.9,36
4084.9,27
4085.0,9
4085.1,39
4085.4,10
4087.1,0
4087.4,26
4087.5,34
4088.5,18
4088.6,28
4088.7,22
4088.7,38
4088.8,30
4089.1,2
4090.0,1
4090.2,13
4090.3,8
4090.5,3
4090.6,14
4092.7,4
4093.0,21
4093.8,11
4094.3,33
4094.6,16
4094.7,32
4094.8,7
4094.8,25
4095.7,17
4096.1,10
4096.6,23
4096.8,31
4098.2,0
4098.8,28
4100.0,9
4100.0,35
4100.1,39
4100.4,20
4100.7,8
4101.0,3
4101.3,4
4101.5,1
4102.0,38
4102.1,32
4104.3,30
4105.1,16
4105.1,24
4105.9,27
4106.2,25
4106.3,29
4106.6,10
4106.7,37
4106.9,26
4108.3,28
4110.5,14
4110.9,23
4111.0,7
4111.1,33
4111.7,2
4112.2,8
4112.8,17
4112.9,15
4113.1,21
4113.5,36
4114.6,34
4114.7,0
4115.5,10
4116.8,16
4116.9,18
4117.0,39
4117.2,20
4117.3,13
4117.4,1
4117.7,28
4119.7,4
4121.8,35
4122.7,8
4123.0,24
4123.4,38
4124.4,27
4124.6,32
4124.7,29
4124.9,1
4125.7,2
4125.9,30
4126.1,23
4126.9,21
4127.9,26
4128.1,28
4128.6,16
4128.7,25
4129.1,10
4129.4,14
4129.9,3
4130.7,0
4131.4,7
4131.6,35
4131.9,4
4132.1,9
4132.1,11
4133.0,38
4133.8,1
4133.8,34
4135.4,20
4135.4,37
4135.5,8
4135.5,27
4136.0,39
4136.8,10
4136.8,23
4137.2,28
4138.3,26
4138.4,21
4138.5,30
4138.8,17
4138.9,14
4139.0,16
4139.4,36
4139.6,22
4140.9,0
4143.7,32
4143.9,13
4143.9,24
4144.7,20
4144.9,10
4145.2,18
4145.8,7
4145.9,31
4146.0,8
4146.2,35
4146.5,33
4147.5,38
4149.0,25
4149.1,1
4149.2,29
4149.3,34
4150.3,30
4150.7,4
4150.9,39
4151.3,2
4151.6,28
4151.8,0
4151.8,26
4152.0,16
4152.1,17
4156.0,23
4156.6,18
4156.7,20
4157.1,14
4157.8,10
4158.7,36
4158.9,3
4159.3,8
4159.3,35
4159.8,38
4159.9,27
4160.0,22
4160.3,1
4161.4,21
4161.9,37
4162.1,33
4162.2,7
4163.5,24
4163.8,28
4164.4,30
4165.0,16
4166.8,0
4167.3,32
4167.5,4
4167.8,39
4167.9,9
4168.4,26
4168.6,14
4168.8,15
4168.9,10
4169.0,27
4169.5,34
4170.0,29
4170.6,21
4172.1,23
4172.8,35
4173.0,28
4173.5,1
4173.5,38
4174.7,17
4175.2,20
4175.3,16
4175.4,25
4175.8,13
4176.0,10
4176.9,24
4178.1,7
4178.3,5
4179.5,8
4180.0,2
4181.2,34
4181.6,0
4182.3,33
4182.4,3
4182.5,36
4182.6,10
4182.6,32
4183.1,31
4183.5,4
4183.6,27
4183.9,38
4184.0,30
4184.4,28
4185.0,1
4185.2,21
4185.5,18
4185.6,16
4186.7,39
4187.3,23
4188.0,9
4188.0,20
4188.0,35
4188.4,17
4188.4,25
4189.4,14
4189.4,26
4192.9,8
4193.0,37
4193.7,7
4194.2,6
4194.2,28
4194.3,30
4194.8,4
4195.5,36
4195.9,0
4196.2,10
4196.4,29
4196.4,38
4196.5,35
4196.8,11
4196.8,16
4197.0,25
4197.3,2
4197.4,1
4197.4,34
4198.2,15
4199.5,32
4199.6,8
4200.7,20
4201.4,17
4201.9,18
4203.8,21
4204.0,23
4205.1,24
4205.4,16
4205.4,26
4205.5,27
4206.0,28
4207.0,25
4207.1,1
4207.1,39
4209.6,13
4210.7,14
4210.7,30
4210.7,0
4212.6,38
4212.6,3
4213.1,20
4213.6,7
4214.4,35
4214.7,31
4214.9,33
4215.0,10
4215.6,21
4215.6,28
4216.5,23
4216.8,29
4217.0,4
4217.1,18
4217.7,8
4218.1,9
4218.2,2
4218.8,16
4219.0,36
4220.1,11
4221.1,1
4221.6,15
4222.1,26
4222.6,32
4222.8,39
4222.9,0
4222.9,27
4222.9,38
4223.7,17
4226.0,14
4226.3,24
4227.0,20
4227.4,22
4227.5,37
4227.7,34
4227.8,33
4228.6,7
4228.6,16
4228.7,29
4228.8,10
4228.8,21
4229.6,8
4229.7,28
4230.0,35
4231.2,25
4232.0,26
4232.7,18
4233.3,30
4234.9,1
4235.8,0
4235.9,23
4236.3,39
4238.5,20
4238.9,4
4239.2,5
4239.5,8
4239.5,15
4240.3,27
4240.4,10
4241.1,16
4241.5,28
4242.0,35
4242.8,38
4242.9,34
4243.2,7
4243.3,0
4243.6,13
4244.7,24
4244.8,21
4246.3,3
4246.4,14
4246.7,17
4246.9,39
4247.0,9
4247.7,1
4248.3,28
4248.4,22
4249.4,8
4249.4,18
4252.5,30
4252.7,33
4252.9,29
4253.0,16
4253.6,10
4253.7,7
4253.7,20
4254.2,2
4255.3,32
4255.6,24
4256.1,28
4256.9,23
4257.6,4
4258.8,0
4259.2,14
4259.9,8
4260.2,16
4260.9,31
4261.6,35
4261.9,26
4262.0,21
4262.9,38
4263.4,36
4263.5,1
4264.6,30
4264.7,25
4265.3,10
4265.5,27
4265.9,39
4266.1,3
4266.9,17
4267.0,34
4267.6,7
4268.4,28
4268.7,20
4269.2,23
4269.7,8
4271.6,21
4272.4,35
4272.7,16
4272.8,37
4273.4,32
4273.5,10
4273.6,11
4273.9,38
4274.0,13
4274.1,18
4274.2,14
4274.5,33
4275.1,9
4275.1,2
4275.1,29
4275.3,4
4276.6,34
4277.0,20
4277.1,0
4277.3,30
4277.5,28
4277.8,27
4278.0,1
4278.8,39
4279.3,16
4280.1,26
4280.4,24
4281.7,7
4281.8,8
4282.9,17
4282.9,38
4283.2,22
4284.3,21
4284.6,23
4286.2,25
4286.6,32
4286.8,0
4287.2,10
4287.9,28
4288.4,4
4288.4,8
4288.4,30
4289.1,3
4289.3,15
4289.4,1
4289.8,35
4290.5,20
4290.9,26
4293.3,14
4294.1,16
4294.8,28
4295.0,29
4295.1,39
4295.3,36
4295.4,13
4295.4,23
4295.6,2
4295.8,10
4295.8,38
4296.1,25
4296.3,9
4296.4,37
4296.7,31
4297.0,18
4297.4,24
4297.6,33
4298.0,8
4299.5,35
4299.8,4
4301.5,11
4302.5,7
4302.5,21
4303.4,17
4303.7,30
4303.7,34
4304.8,27
4305.0,26
4305.0,32
4305.5,0
4305.8,1
4307.2,20
4307.9,10
4308.3,38
4308.9,28
4309.1,16
4309.4,23
4309.8,39
4310.1,3
4310.2,18
4310.9,31
4311.2,4
4311.7,8
4312.1,14
4312.6,35
4313.2,21
4314.4,29
4314.4,15
4315.1,36
4316.2,24
4316.5,9
4317.1,7
4318.0,10
4318.6,13
4318.6,33
4319.0,0
4319.3,20
4320.5,25
4321.3,22
4321.3,30
4321.4,37
4321.7,2
4322.3,17
4322.7,38
4323.1,8
4323.2,28
4323.2,39
4323.4,14
4323.5,35
4324.3,1
4324.6,5
4326.3,16
4327.2,26
4327.5,23
4327.7,32
4327.7,34
4328.7,7
4329.0,3
4329.1,4
4329.1,10
4329.8,29
4329.9,18
4330.2,20
4330.7,27
4332.4,24
4333.4,8
4333.7,0
4333.8,28
4335.1,39
4335.7,38
4336.3,21
4337.6,14
4338.0,10
4338.1,17
4338.8,16
4338.9,18
4339.8,7
4339.8,35
4341.4,1
4341.8,32
4342.3,27
4342.3,29
4342.3,30
4342.4,20
4342.8,15
4343.2,31
4343.3,2
4343.5,0
4343.5,36
4343.8,39
4343.9,10
4343.9,25
4344.0,26
4344.0,34
4344.3,24
4346.3,28
4346.6,21
4349.6,33
4349.7,3
4349.7,7
4349.7,8
4351.1,1
4351.3,36
4351.5,4
4351.7,0
4351.7,16
4352.2,35
4352.2,37
4352.8,24
4353.2,10
4353.3,23
4353.6,28
4353.9,38
4354.2,14
4355.6,5
4355.6,26
4355.8,13
4356.0,11
4356.1,39
4356.2,25
4356.8,2
4357.7,34
4358.0,21
4360.0,9
4361.3,27
4361.9,32
4363.2,18
4363.8,7
4364.6,30
4364.7,14
4364.7,17
4364.9,28
4365.3,20
4365.4,8
4365.4,10
4365.5,16
4365.7,1
4366.8,0
4367.0,4
4367.5,37
4368.4,33
4368.6,15
4368.7,29
4368.7,35
4370.0,23
4370.1,21
4370.5,39
4371.5,38
4372.0,26
4372.3,24
4372.5,10
4373.7,7
4374.2,16
4379.6,3
4380.1,34
4380.2,30
4380.2,35
4380.6,0
4380.7,28
4380.8,8
4381.9,20
4382.2,13
4382.3,33
4383.0,22
4383.0,27
4383.6,21
4383.6,38
4383.7,4
4383.7,14
4384.5,26
4384.5,31
4384.7,1
4385.1,23
4385.4,18
4385.4,36
4385.6,7
4386.0,29
4386.4,37
4386.4,10
4386.6,11
4386.8,32
4387.0,16
4387.4,39
4389.0,25
4391.9,8
4392.1,28
4392.4,17
4392.7,5
4392.7,35
4393.2,1
4393.2,38
4393.5,24
4394.2,0
4394.4,9
4397.5,15
4398.0,2
4398.2,16
4398.6,10
4399.0,7
4399.0,20
4399.1,13
4399.1,21
4400.6,23
4401.5,27
4402.1,14
4402.1,29
4402.3,3
4402.3,28
4402.8,8
4403.1,30
4403.6,0
4403.9,18
4404.3,4
4405.7,26
4405.8,39
4408.9,38
4409.3,35
4409.4,20
4410.0,17
4410.3,36
4410.6,1
4410.8,7
4411.0,34
4411.4,32
4412.1,24
4412.6,16
4413.6,28
4413.8,37
4414.1,14
4414.4,21
4414.7,10
4415.2,23
4415.3,33
4416.0,25
4417.4,0
4418.0,39
4418.3,8
4419.4,18
4419.6,31
4420.2,4
4420.3,15
4420.3,29
4421.4,30
4421.6,1
4423.3,26
4423.6,9
4424.4,38
4424.5,20
4425.1,2
4425.1,10
4425.8,27
4425.8,28
4426.0,13
4426.2,16
4426.5,5
4426.9,35
4427.2,24
4427.2,32
4427.5,23
4427.8,22
4428.3,7
4428.4,39
4429.2,0
4429.8,14
4432.2,34
4433.1,3
4433.2,17
4433.5,37
4434.3,16
4435.2,1
4436.7,10
4437.4,20
4437.4,25
4439.0,21
4439.4,0
4440.0,8
4440.2,4
4440.5,33
4441.2,35
4441.4,27
4441.5,24
4441.6,28
4441.7,29
4442.1,16
4442.3,14
4442.9,15
4442.9,36
4443.1,6
4443.5,11
4443.8,39
4444.1,23
4444.4,30
4447.9,1
4448.0,21
4448.1,38
4448.5,32
4449.1,10
4449.2,26
4449.5,7
4449.7,25
4450.0,9
4450.1,8
4450.4,3
4450.4,35
4451.0,18
4451.1,34
4454.1,2
4455.6,28
4455.7,20
4456.3,13
4457.2,4
4457.3,14
4457.4,8
4457.4,19
4457.6,17
4457.6,33
4457.8,0
4457.8,16
4458.0,30
4458.8,27
4459.6,1
4461.3,21
4461.4,10
4461.7,39
4461.9,32
4462.6,37
4463.2,23
4463.5,36
4463.7,15
4464.4,3
4464.5,22
4464.7,28
4464.8,31
4464.9,26
4464.9,35
4465.2,16
4465.5,38
4465.9,7
4466.0,29
4466.8,8
4467.1,0
4469.9,24
4471.1,27
4472.0,39
4472.6,34
4472.9,20
4473.2,25
4473.8,5
4473.9,21
4474.3,1
4474.4,17
4474.8,4
4475.3,28
4475.4,10
4475.8,33
4478.1,26
4478.1,35
4478.5,0
4478.7,16
4478.7,30
4481.2,8
4481.4,32
4481.9,3
4482.0,38
4482.4,23
4482.8,2
4483.0,7
4483.6,14
4483.6,18
4484.0,10
4484.0,24
4484.9,27
4485.1,21
4485.4,13
4485.8,20
4487.0,26
4487.3,4
4487.4,17
4487.4,28
4487.8,22
4489.0,25
4490.0,37
4490.2,16
4491.0,1
4491.5,39
4491.8,35
4491.9,8
4492.9,20
4493.4,15
4493.4,29
4493.6,23
4493.9,7
4493.9,33
4494.7,10
4495.1,0
4495.1,32
4495.4,5
4495.5,12
4497.9,27
4498.2,1
4498.7,28
4499.5,9
4499.6,34
4499.8,26
4499.8,36
4500.0,38
4500.5,24
4500.6,21
4500.7,30
4501.9,35
4502.4,18
4503.2,8
4503.7,14
4504.1,2
4504.5,16
4506.9,39
4507.4,23
4507.9,10
4507.9,13
4508.2,17
4508.2,33
4508.6,29
4509.5,3
4509.5,25
4509.7,20
4510.2,7
4510.9,8
4511.4,1
4511.4,28
4511.7,11
4511.8,4
4512.6,32
4512.7,14
4513.1,30
4513.2,0
4513.4,36
4514.6,26
4514.9,35
4515.5,21
4515.6,37
4516.1,10
4516.1,16
4517.6,38
4521.5,7
4521.6,9
4522.9,24
4523.2,20
4523.2,8
4525.5,27
4525.9,10
4526.0,39
4526.2,5
4526.5,4
4526.6,34
4527.0,0
4527.3,26
4527.3,28
4527.3,35
4527.4,1
4528.8,15
4529.8,3
4530.3,16
4530.5,17
4530.7,33
4530.8,30
4530.9,23
4531.3,21
4532.0,25
4532.1,18
4533.7,20
4533.7,29
4534.2,37
4535.3,38
4536.1,8
4536.3,10
4536.3,32
4536.5,2
4536.5,14
4536.9,35
4537.1,13
4538.3,28
4538.7,7
4540.8,1
4544.2,36
4544.6,0
4544.6,30
4544.7,4
4544.7,26
4545.0,24
4545.3,11
4545.4,18
4545.6,21
4545.7,16
4545.9,27
4546.1,8
4546.6,15
4546.8,31
4548.0,23
4548.0,34
4548.8,28
4549.2,14
4549.2,39
4549.8,20
4549.8,22
4550.0,7
4550.7,10
4550.8,35
4551.0,38
4551.7,17
4552.7,9
4553.1,25
4556.5,21
4556.8,33
4557.0,8
4557.0,16
4557.2,1
4557.2,11
4558.2,29
4558.7,0
4558.7,3
4558.8,30
4559.3,4
4559.6,18
4560.2,28
4561.7,7
4563.5,20
4563.9,25
4565.4,14
4565.6,10
4565.6,26
4566.6,39
4566.8,16
4567.0,27
4567.0,32
4567.4,21
4567.7,34
4568.2,23
4568.7,38
4569.3,24
4569.3,35
4569.9,36
4571.0,28
4571.4,1
4571.7,37
4571.8,0
4573.9,8
4573.9,13
4574.1,34
4574.6,15
4574.9,9
4575.4,30
4576.9,7
4576.9,23
4577.5,31
4577.7,26
4578.0,20
4578.3,17
4578.4,4
4578.9,16
4579.6,35
4581.3,10
4581.8,22
4582.7,39
4582.9,2
4582.9,18
4583.2,1
4583.2,28
4583.7,38
4584.2,14
4584.4,27
4584.5,5
4584.7,8
4585.0,25
4585.3,32
4585.7,21
4586.8,24
4586.9,7
4587.3,16
4589.4,30
4589.5,4
4589.5,34
4591.0,10
4591.1,28
4591.3,23
4591.7,0
4592.4,26
4592.8,14
4593.6,3
4593.6,37
4593.7,6
4595.4,1
4595.5,9
4596.2,33
4596.4,8
4596.4,13
4596.4,35
4597.7,20
4598.6,29
4598.8,17
4599.2,16
4599.8,38
4600.2,11
4600.9,10
4601.0,39
4603.1,32
4603.4,4
4603.7,21
4604.9,30
4605.2,18
4605.5,28
4605.6,1
4605.8,0
4606.0,24
4606.3,8
4606.3,25
4606.3,38
4607.0,26
4607.3,15
4608.6,14
4608.6,36
4608.8,23
4608.8,35
4609.3,7
4609.3,27
4609.7,17
4612.0,16
4614.0,30
4614.1,20
4614.1,32
4614.5,37
4614.7,1
4615.0,10
4615.5,21
4615.7,28
4615.8,2
4616.5,34
4617.1,22
4617.5,8
4619.9,14
4620.0,13
4620.2,39
4620.7,7
4621.0,33
4621.7,9
4621.8,3
4621.9,35
4622.6,16
4622.7,0
4622.7,4
4623.0,28
4625.0,24
4625.7,10
4625.7,23
4625.9,25
4626.1,38
4626.7,32
4626.8,29
4626.9,26
4627.1,8
4627.7,20
4629.5,1
4629.5,18
4629.9,11
4633.4,16
4633.9,17
4633.9,21
4634.9,30
4635.4,28
4635.5,4
4635.6,7
4635.6,36
4635.9,38
4637.1,10
4637.1,13
4637.1,34
4637.4,14
4637.6,15
4637.9,37
4638.2,0
4638.8,8
4639.4,35
4639.6,22
4639.7,33
4640.5,27
4641.1,39
4642.4,31
4643.5,2
4643.9,23
4644.0,26
4644.3,5
4644.5,10
4644.6,1
4645.1,29
4645.7,24
4645.9,30
4647.2,16
4647.6,21
4647.8,20
4648.5,32
4649.2,25
4649.7,28
4649.9,18
4650.0,0
4650.3,17
4650.4,38
4650.4,39
4650.6,34
4653.1,10
4653.8,8
4654.0,4
4654.9,16
4655.4,14
4655.5,28
4656.6,7
4657.1,37
4658.0,30
4658.1,3
4658.7,20
4659.7,21
4659.8,26
4659.8,38
4660.4,35
4660.6,0
4660.8,1
4661.0,11
4661.7,8
4661.7,17
4665.0,39
4665.6,23
4665.9,9
4666.0,10
4666.1,24
4666.1,34
4666.3,4
4666.3,18
4666.7,16
4666.8,36
4668.2,28
4668.3,15
4668.7,2
4669.5,27
4670.8,1
4671.0,14
4672.1,38
4672.4,0
4674.0,22
4674.1,8
4674.1,29
4674.1,33
4675.2,20
4676.4,37
4676.8,7
4677.1,16
4677.1,39
4677.2,32
4677.4,30
4677.5,21
4677.8,17
4678.3,10
4678.4,35
4678.7,28
4679.5,25
4682.1,26
4683.0,5
4683.0,27
4683.9,13
4684.3,23
4684.8,0
4684.8,24
4685.5,8
4685.6,16
4686.1,20
4686.5,4
4687.1,3
4688.5,10
4688.7,7
4690.9,28
4691.2,1
4691.4,15
4691.5,25
4691.6,21
4691.6,30
4692.0,33
4693.4,14
4693.6,35
4694.6,20
4695.3,38
4695.5,34
4695.8,39
4695.9,29
4696.0,18
4696.1,16
4696.1,26
4696.4,36
4696.9,8
4697.4,32
4699.1,23
4699.4,10
4699.5,27
4700.4,2
4700.7,9
4701.0,24
4701.9,0
4702.1,17
4702.4,21
4702.5,3
4702.5,4
4702.5,35
4703.3,31
4703.4,1
4704.2,13
4705.1,22
4705.3,28
4705.6,30
4707.0,7
4707.8,16
4708.9,11
4709.0,8
4709.0,37
4709.8,33
4709.8,34
4709.9,10
4709.9,39
4711.4,32
4712.2,0
4714.4,23
4714.5,26
4715.0,18
4715.1,20
4715.3,24
4715.6,21
4715.8,25
4715.9,28
4717.1,14
4719.1,35
4719.2,8
4719.3,38
4719.5,27
4719.7,4
4719.8,1
4720.5,36
4721.1,17
4721.4,10
4721.4,16
4721.9,29
4723.6,28
4724.8,0
4725.6,20
4725.7,5
4725.8,15
4726.1,39
4726.3,23
4726.6,3
4726.6,30
4726.7,32
4727.2,21
4727.3,7
4727.3,8
4727.4,34
4728.5,35
4729.9,16
4730.5,26
4731.0,1
4732.3,9
4732.8,13
4733.4,0
4733.4,2
4733.4,10
4734.4,25
4735.5,28
4735.7,24
4735.9,29
4735.9,31
4736.5,3
4736.6,21
4736.9,16
4737.0,22
4737.3,38
4737.5,30
4737.7,4
4738.4,36
4739.4,32
4740.0,27
4740.0,17
4740.2,14
4740.3,8
4740.3,18
4740.6,10
4741.1,35
4741.5,20
4742.4,23
4742.7,33
4743.2,1
4743.6,7
4743.7,11
4744.0,0
4744.8,37
4747.3,16
4748.1,15
4748.8,28
4749.2,26
4749.2,39
4749.2,2
4750.7,21
4751.4,34
4751.9,1
4752.2,30
4753.0,8
4753.7,32
4754.2,10
4754.3,38
4756.4,14
4757.7,35
4758.0,13
4758.2,7
4758.2,28
4758.4,20
4758.5,22
4758.6,0
4758.7,24
4759.0,11
4759.9,23
4760.6,4
4760.6,27
4761.7,9
4761.7,10
4762.0,16
4763.8,17
4765.5,33
4765.6,8
4766.7,30
4767.9,25
4768.4,18
4769.6,3
4769.6,31
4769.7,14
4770.1,38
4770.3,21
4770.3,24
4770.3,39
4770.4,2
4770.7,26
4770.7,29
4770.8,8
4771.1,37
4771.2,1
4771.7,0
4773.2,32
4773.4,28
4773.6,7
4773.6,4
4775.3,23
4775.4,27
4775.6,5
4776.0,20
4776.6,35
4778.0,10
4779.1,16
4779.2,21
4780.6,13
4781.1,38
4782.6,15
4783.0,28
4783.5,8
4784.1,30
4784.3,1
4784.3,20
4784.8,11
4785.1,17
4785.7,36
4785.8,18
4786.1,34
4787.2,39
4787.3,33
4788.4,4
4789.2,24
4789.3,0
4790.8,32
4791.1,26
4791.2,7
4791.2,10
4791.4,29
4791.5,23
4792.0,16
4792.7,25
4793.0,9
4793.1,35
4793.2,3
4793.9,14
4794.0,27
4795.1,8
4795.4,37
4796.3,28
4798.4,30
4799.8,21
4800.7,17
4801.2,1
4802.1,33
4802.5,10
4802.5,26
4802.8,0
4802.8,27
4803.0,20
4803.4,38
4803.5,22
4803.5,35
4803.9,7
4804.6,3
4805.2,2
4805.2,16
4807.2,39
4807.6,21
4807.8,8
4808.0,23
4808.1,28
4808.3,4
4808.9,32
4811.2,10
4811.2,14
4811.7,1
4811.9,18
4812.8,34
4813.1,5
4813.1,16
4813.4,0
4814.3,38
4814.7,35
4815.5,31
4815.7,9
4816.2,20
4816.8,7
4817.4,24
4817.6,29
4817.7,37
4817.9,13
4818.1,28
4818.8,26
4819.1,36
4819.8,8
4820.5,23
4820.9,30
4821.5,21
4822.5,10
4823.1,17
4823.9,1
4823.9,16
4824.2,4
4824.5,14
4824.5,27
4824.7,32
4826.3,22
4826.4,33
4827.4,20
4827.4,38
4828.3,2
4828.4,8
4828.4,28
4829.0,39
4829.1,25
4832.5,10
4832.5,26
4832.7,15
4832.9,37
4833.4,18
4834.0,30
4834.6,7
4834.8,16
4835.0,0
4836.9,4
4837.4,20
4837.4,21
4837.4,35
4837.9,23
4838.4,28
4838.5,29
4839.7,3
4839.7,38
4840.3,24
4841.0,1
4841.3,17
4841.6,10
4842.4,32
4842.5,14
4843.0,8
4843.9,34
4843.9,39
4844.8,2
4845.0,0
4845.6,4
4847.4,25
4847.9,21
4848.7,26
4849.6,15
4850.0,35
4850.1,28
4851.1,10
4851.2,20
4851.8,13
4851.9,7
4851.9,16
4851.9,38
4852.5,8
4854.0,27
4855.0,24
4855.1,39
4855.7,30
4856.2,36
4856.3,32
4856.4,1
4857.5,18
4857.5,37
4857.7,0
4857.8,33
4857.9,35
4859.2,14
4859.2,23
4859.3,17
4860.3,21
4861.4,16
4862.8,4
4864.5,2
4864.6,20
4864.7,7
4865.0,28
4865.2,10
4865.2,34
4865.3,25
4866.0,11
4866.2,8
4866.8,3
4866.8,32
4869.1,1
4869.4,26
4869.8,22
4870.1,33
4870.9,29
4871.1,0
4871.6,24
4871.9,39
4872.1,21
4872.2,16
4872.5,35
4872.7,27
4872.9,13
4872.9,17
4872.9,38
4873.0,30
4873.4,28
4874.8,14
4876.3,20
4877.2,37
4878.2,31
4878.4,7
4879.1,1
4879.1,15
4879.2,4
4879.6,23
4879.9,16
4880.5,32
4880.7,0
4881.4,10
4881.6,8
4881.6,25
4881.6,26
4881.6,36
4881.9,28
4882.4,21
4882.9,18
4885.2,5
4886.4,9
4886.6,3
4886.7,14
4887.0,38
4887.6,35
4888.5,17
4888.6,39
4888.8,27
4889.1,30
4889.4,23
4889.4,25
4889.6,20
4890.3,2
4890.4,24
4890.6,7
4892.8,8
4893.1,4
4893.1,21
4893.5,10
4894.4,28
4894.5,34
4894.9,16
4896.5,18
4897.6,1
4897.7,26
4897.9,33
4898.6,38
4899.0,29
4900.1,20
4901.5,5
4901.6,39
4902.0,35
4902.4,0
4903.0,27
4903.0,37
4903.1,7
4903.1,11
4903.1,17
4903.1,32
4903.3,8
4903.5,36
4903.6,24
4903.7,25
4904.2,23
4904.6,14
4904.8,30
4906.6,28
4907.2,10
4907.2,21
4907.9,4
4908.1,13
4908.4,34
4909.4,16
4909.9,1
4910.0,26
4910.8,20
4910.8,31
4912.1,33
4912.6,29
4914.0,23
4915.0,8
4915.2,35
4917.9,7
4917.9,14
4918.0,38
4918.2,39
4918.8,10
4918.8,28
4919.2,2
4919.9,13
4920.2,3
4920.2,15
4920.6,4
4921.5,30
4923.3,27
4923.4,0
4924.1,9
4924.9,22
4925.5,16
4925.7,20
4926.0,8
4927.1,21
4927.3,1
4927.3,10
4928.1,38
4928.7,18
4928.7,28
4929.2,25
4929.7,35
4930.5,24
4931.3,32
4931.6,26
4932.6,7
4933.6,14
4934.1,8
4934.7,17
4934.7,34
4935.2,16
4935.2,39
4935.5,0
4936.1,30
4936.5,36
4936.7,29
4937.1,37
4938.0,23
4938.5,4
4938.5,10
4938.9,28
4939.2,2
4940.7,21
4941.7,27
4942.0,1
4942.0,38
4942.9,20
4945.1,16
4945.2,3
4946.1,0
4947.4,35
4947.9,33
4948.0,8
4948.7,7
4949.3,36
4949.6,10
4950.1,25
4950.2,17
4950.9,30
4951.2,26
4951.2,28
4951.4,23
4951.7,24
4951.9,9
4953.4,15
4953.6,14
4953.8,13
4954.2,20
4954.2,22
4955.1,32
4955.7,34
4955.9,4
4956.0,39
4956.5,1
4956.5,31
4956.7,0
4956.7,21
4956.8,37
4956.9,16
4957.0,38
4957.5,8
4957.8,11
4958.0,27
4961.9,23
4961.9,24
4962.9,10
4963.2,2
4964.9,26
4965.5,29
4966.3,7
4966.3,38
4966.7,28
4966.8,16
4966.8,35
4967.4,30
4968.5,9
4968.6,4
4968.7,27
4969.8,10
4969.9,18
4970.0,3
4970.6,25
4971.2,8
4972.8,14
4972.9,1
4973.1,5
4973.7,21
4974.3,16
4974.3,32
4974.6,36
4975.9,0
4976.3,17
4976.8,20
4977.4,33
4977.5,38
4977.5,39
4979.3,13
4979.3,24
4979.3,26
4979.6,18
4979.7,28
4980.7,34
4982.5,35
4982.8,8
4983.2,21
4984.2,10
4985.0,23
4985.3,7
4985.4,30
4985.5,11
4985.8,16
4986.6,27
4987.7,3
4987.7,22
4988.1,4
4988.1,29
4988.4,1
4989.9,0
4990.0,14
4990.2,25
4990.4,37
4990.6,9
4992.5,10
4994.3,8
4994.3,35
4995.3,15
4995.3,33
4995.7,32
4995.8,39
4996.2,17
4996.3,21
4997.2,20
4997.7,16
4998.1,28
4998.4,38
4998.7,24
4999.1,23
5000.3,7
5000.7,26
5002.2,18
5002.2,31
5002.7,0
5003.3,10
5003.7,14
5004.0,37
5004.2,1
5005.4,27
5005.5,28
5005.8,36
5005.9,30
5006.6,25
5007.0,3
5007.0,8
5007.0,13
5007.0,22
5007.3,16
5008.3,20
5009.5,24
5010.7,4
5010.8,29
5011.2,21
5012.3,5
5012.4,32
5012.9,38
5013.6,17
5013.8,35
5013.9,34
5014.3,10
5015.1,7
5015.9,2
5016.4,23
5016.5,0
5017.3,14
5017.6,33
5018.6,39
5019.2,16
5019.2,28
5021.0,11
5021.3,18
5021.3,20
5021.6,1
5022.0,24
5022.2,21
5022.5,4
5023.4,26
5024.1,10
5024.9,38
5025.1,8
5025.7,29
5026.5,9
5026.6,25
5026.6,30
5026.9,3
5027.3,17
5027.5,27
5027.6,35
5028.7,15
5028.8,34
5029.1,7
5029.1,23
5029.3,16
5029.8,13
5029.9,0
5030.7,31
5033.5,28
5033.9,10
5034.4,2
5034.8,14
5036.2,39
5037.1,8
5037.3,1
5037.3,21
5037.9,38
5038.0,20
5038.1,4
5038.5,30
5040.3,32
5040.5,0
5041.4,3
5041.5,37
5041.5,7
5041.8,26
5042.7,33
5043.6,35
5044.0,10
5046.3,8
5046.5,17
5046.8,1
5047.8,16
5047.9,18
5047.9,27
5048.2,11
5048.4,23
5048.9,25
5049.1,28
5049.4,31
5050.2,34
5050.3,4
5050.3,14
5050.5,30
5050.9,39
5051.3,21
5051.4,10
5051.4,24
5051.9,7
5052.8,38
5052.9,20
5054.8,9
5056.3,1
5056.4,22
5056.4,36
5057.5,35
5058.2,15
5058.5,0
5058.7,26
5059.4,28
5059.5,16
5059.6,8
5059.7,5
5059.7,29
5059.8,32
5060.0,3
5060.9,23
5061.2,18
5062.3,10
5063.2,30
5064.4,25
5065.2,39
5065.3,7
5065.6,13
5067.0,20
5067.3,37
5068.8,4
5068.9,8
5069.0,21
5069.5,24
5069.9,17
5069.9,29
5070.0,0
5070.4,14
5070.5,33
5070.6,27
5070.6,38
5071.0,23
5072.0,10
5074.5,16
5075.0,1
5076.0,28
5076.2,7
5076.2,18
5076.7,8
5076.7,35
5079.3,3
5079.9,26
5079.9,34
5080.9,0
5081.8,27
5082.6,2
5083.4,20
5083.5,21
5083.6,22
5084.2,25
5084.2,36
5084.4,39
5084.7,32
5084.8,4
5085.1,23
5085.1,30
5085.3,14
5085.4,16
5085.6,8
5089.0,10
5089.1,24
5089.3,1
5089.3,38
5089.8,28
5090.3,7
5090.8,26
5091.0,13
5091.4,9
5092.1,21
5092.1,33
5092.1,17
5092.4,0
5092.5,29
5092.9,15
5092.9,35
5093.1,32
5093.5,4
5094.4,18
5095.1,8
5095.2,16
5097.5,39
5097.7,37
5097.8,3
5097.9,20
5098.1,10
5098.1,28
5099.5,1
5099.7,5
5099.7,30
5101.7,23
5101.9,36
5102.1,27
5102.4,14
5103.4,13
5103.6,38
5103.8,11
5105.2,21
5105.5,0
5106.1,24
5106.4,25
5108.5,16
5108.5,33
5108.8,8
5108.8,17
5109.3,4
5109.3,22
5109.4,7
5109.4,31
5109.8,10
5109.9,28
5110.4,15
5111.3,32
5111.4,35
5111.6,29
5112.5,34
5113.0,26
5114.5,1
5116.0,38
5117.1,39
5117.3,14
5117.3,30
5118.8,2
5118.8,35
5119.2,21
5119.7,7
5120.1,16
5120.1,20
5121.3,10
5122.0,37
5122.5,28
5123.5,29
5123.6,3
5123.6,18
5124.0,0
5125.9,8
5126.1,11
5126.2,17
5126.3,24
5127.0,25
5127.2,13
5127.9,1
5128.3,26
5129.0,23
5129.9,14
5130.4,27
5131.0,35
5131.4,28
5131.6,16
5131.7,4
5132.5,33
5132.9,38
5133.4,39
5133.7,10
5135.0,32
5135.4,36
5137.4,7
5137.8,0
5137.8,9
5137.9,21
5138.5,24
5139.4,20
5140.3,1
5142.0,8
5142.4,28
5143.3,6
5143.6,16
5143.7,30
5144.8,35
5144.9,37
5146.7,31
5147.1,34
5147.2,10
5147.4,26
5147.4,32
5147.7,23
5148.2,38
5148.8,29
5149.1,18
5149.2,17
5149.4,39
5150.6,20
5151.2,8
5151.3,7
5151.5,25
5151.6,14
5151.8,4
5151.9,2
5151.9,22
5152.2,15
5152.2,27
5152.5,1
5154.1,24
5155.0,21
5155.1,5
5155.1,28
5155.6,16
5156.0,20
5158.4,0
5158.6,3
5158.9,38
5159.3,30
5159.7,35
5160.4,10
5162.8,18
5163.8,7
5164.0,32
5164.3,39
5164.8,8
5165.6,26
5165.7,13
5165.9,0
5167.3,28
5167.5,29
5167.6,1
5167.7,23
5168.0,14
5168.0,20
5168.0,36
5168.9,16
5170.0,17
5170.3,11
5171.1,4
5171.1,33
5171.3,21
5172.1,10
5172.2,37
5174.7,2
5174.7,8
5174.9,7
5175.1,35
5175.8,27
5176.6,3
5176.9,30
5177.2,16
5177.7,38
5177.8,26
5178.4,24
5179.0,14
5180.2,34
5180.9,28
5181.0,9
5181.4,10
5182.5,1
5183.1,4
5183.5,0
5183.5,20
5183.5,23
5183.6,31
5185.2,21
5185.3,7
5185.3,22
5185.6,18
5186.3,25
5186.9,32
5187.8,28
5188.7,8
5189.1,38
5189.9,16
5190.0,13
5192.6,33
5192.7,10
5193.0,35
5194.1,15
5194.6,39
5195.1,23
5195.3,24
5195.6,14
5195.7,30
5195.8,1
5196.0,27
5196.7,11
5196.9,17
5197.3,8
5197.6,37
5197.8,2
5197.9,36
5198.1,21
5198.3,16
5198.3,34
5199.1,28
5199.3,3
5200.0,26
5201.1,38
5202.3,10
5203.7,14
5204.0,20
5204.6,7
5204.6,35
5204.6,9
5204.9,0
5205.2,4
5205.3,29
5206.7,8
5207.6,21
5207.7,13
5208.1,1
5208.3,33
5211.1,28
5211.3,31
5212.0,39
5212.2,23
5212.9,3
5212.9,30
5213.0,16
5213.1,32
5213.6,0
5213.6,26
5213.7,20
5213.8,25
5214.1,10
5214.3,15
5214.7,8
5215.3,18
5216.1,38
5216.2,14
5217.4,34
5217.9,35
5218.0,24
5218.0,27
5218.0,37
5220.4,22
5220.5,4
5221.3,29
5221.4,28
5221.6,21
5222.0,1
5222.3,7
5222.9,2
5222.9,39
5222.9,11
5224.8,8
5224.8,17
5225.2,10
5225.2,23
5225.3,16
5226.7,20
5227.2,33
5227.3,34
5228.0,38
5228.8,30
5230.4,0
5230.4,7
5230.4,24
5230.8,1
5231.1,26
5232.4,35
5232.5,28
5233.2,14
5233.9,32
5234.1,36
5234.3,2
5235.1,16
5235.3,27
5235.8,20
5236.0,25
5236.6,13
5237.5,3
5237.5,4
5238.3,21
5238.8,39
5239.9,8
5240.2,10
5240.2,15
5240.4,29
5241.5,37
5241.5,38
5241.9,33
5242.4,28
5243.4,27
5243.8,1
5245.4,18
5245.6,3
5245.6,14
5245.7,5
5245.7,7
5246.4,4
5246.5,0
5246.5,30
5247.0,16
5247.1,24
5247.9,8
5248.7,34
5248.8,23
5248.8,26
5248.8,39
5249.7,35
5249.8,32
5250.0,10
5250.7,22
5250.7,20
5251.6,21
5251.6,28
5252.0,17
5252.2,13
5252.5,25
5252.7,2
5256.2,38
5257.6,16
5258.1,0
5258.2,29
5259.3,7
5260.0,10
5260.4,8
5260.4,11
5260.5,1
5261.3,27
5261.4,30
5261.4,36
5261.7,37
5262.0,23
5262.1,28
5262.5,14
5262.5,26
5262.6,25
5262.7,39
5263.6,4
5264.7,35
5266.1,24
5266.5,1
5266.6,18
5266.6,20
5267.7,3
5269.3,21
5271.1,0
5271.2,29
5271.3,8
5272.6,10
5272.7,38
5273.6,33
5274.3,17
5274.5,16
5274.6,39
5275.7,4
5275.9,9
5276.0,15
5276.0,25
5276.4,20
5276.9,30
5277.2,2
5277.7,28
5278.5,35
5279.2,7
5279.8,3
5280.0,18
5280.1,1
5280.3,14
5280.5,26
5281.2,34
5281.6,27
5281.9,0
5282.0,36
5282.7,8
5283.4,37
5284.2,23
5284.3,24
5285.0,21
5285.1,10
5285.7,32
5286.5,4
5286.6,17
5288.3,22
5288.6,20
5290.1,16
5290.1,28
5290.3,29
5290.5,38
5290.8,39
5291.1,7
5292.0,35
5292.2,1
5292.5,26
5294.4,31
5295.2,5
5295.9,25
5296.4,21
5296.4,37
5297.2,10
5297.3,23
5297.4,8
5298.0,0
5298.0,30
5298.2,27
5299.9,7
5300.4,39
5300.5,9
5301.0,32
5301.4,18
5302.1,4
5302.1,38
5302.2,20
5303.0,14
5304.5,16
5304.5,34
5304.6,15
5304.9,17
5305.1,11
5305.8,10
5305.8,13
5305.8,28
5306.2,22
5306.2,33
5306.8,3
5306.9,36
5307.6,1
5308.4,35
5309.2,14
5309.3,26
5309.8,8
5312.1,23
5312.2,25
5312.9,0
5312.9,24
5313.9,21
5314.4,7
5314.5,20
5314.7,2
5315.5,30
5316.1,4
5316.7,16
5316.7,29
5317.2,38
5317.4,9
5318.0,39
5320.3,10
5321.1,35
5321.5,28
5321.8,31
5325.2,26
5325.3,17
5325.4,1
5325.4,4
5325.4,7
5325.4,21
5325.8,5
5325.8,18
5326.3,25
5326.4,8
5326.5,36
5326.9,0
5327.4,27
5327.5,15
5328.0,30
5328.1,11
5328.1,23
5328.4,39
5328.6,33
5329.0,32
5329.1,16
5329.5,20
5330.4,3
5331.3,14
5331.6,10
5333.9,28
5334.8,24
5336.1,21
5337.4,0
5337.8,38
5338.2,8
5338.2,35
5338.3,10
5338.6,16
5338.7,29
5338.8,1
5338.9,4
5339.0,13
5339.0,31
5339.1,26
5339.1,37
5339.3,20
5339.6,32
5339.8,22
5340.0,30
5343.8,27
5344.8,7
5346.6,23
5346.7,38
5347.4,28
5348.3,1
5348.3,33
5348.6,14
5349.1,18
5349.8,10
5349.8,21
5351.8,30
5352.2,8
5352.5,0
5352.8,9
5352.8,24
5353.4,34
5353.6,26
5353.7,25
5353.7,29
5354.0,13
5354.2,16
5354.2,36
5354.5,3
5354.6,32
5355.0,20
5356.1,17
5358.5,2
5358.6,28
5359.2,21
5360.1,7
5360.1,35
5361.8,4
5362.2,10
5362.2,39
5362.5,14
5363.5,5
5363.5,38
5364.0,32
5364.4,31
5364.5,28
5365.4,8
5366.2,1
5367.3,23
5368.9,21
5369.0,20
5369.3,30
5370.0,24
5370.2,27
5370.7,26
5371.1,25
5371.3,10
5371.5,37
5371.6,16
5371.8,35
5372.2,8
5372.3,33
5373.6,0
5376.4,7
5376.7,38
5377.2,29
5377.4,39
5378.0,34
5378.2,18
5378.4,1
5379.7,22
5379.8,28
5380.1,4
5380.7,15
5380.9,8
5381.7,19
5382.7,14
5383.8,13
5384.3,17
5384.5,16
5385.3,21
5385.3,26
5385.6,35
5385.9,23
5385.9,32
5386.0,25
5386.0,20
5386.3,3
5386.8,28
5387.2,10
5387.3,7
5388.1,30
5388.6,24
5389.8,0
5390.3,5
5390.6,39
5392.1,27
5392.4,1
5394.7,38
5394.9,8
5395.3,28
5395.4,34
5395.8,36
5396.2,31
5397.1,16
5398.4,4
5398.6,20
5398.6,26
5399.1,33
5399.3,29
5399.5,25
5399.7,2
5400.4,9
5400.9,17
5401.1,15
5401.3,14
5401.3,32
5401.4,7
5401.4,10
5401.4,24
5401.8,21
5402.0,30
5402.6,0
5403.4,37
5403.5,1
5404.3,39
5406.4,35
5406.6,8
5406.7,28
5406.7,38
5407.1,22
5408.3,3
5408.5,18
5409.2,27
5409.4,23
5409.4,36
5409.9,34
5410.2,20
5411.1,13
5411.3,16
5411.9,4
5412.5,29
5412.8,14
5414.1,21
5415.1,26
5415.2,10
5415.5,8
5415.6,24
5415.7,1
5415.7,11
5415.7,17
5416.2,0
5418.8,38
5418.9,37
5419.1,28
5419.2,35
5420.4,16
5420.7,39
5421.5,2
5421.5,31
5423.7,29
5424.3,7
5424.5,14
5424.5,30
5424.9,25
5425.2,1
5425.7,4
5426.4,23
5426.6,20
5427.5,10
5428.4,28
5428.7,9
5428.7,36
5429.4,17
5429.7,16
5429.8,8
5429.9,34
5430.0,3
5430.4,35
5431.3,13
5431.7,26
5432.4,18
5432.5,21
5433.2,0
5433.5,24
5434.2,27
5434.3,1
5435.0,32
5435.3,14
5435.8,38
5436.1,10
5436.7,29
5436.7,39
5436.9,15
5437.4,8
5437.4,30
5438.5,33
5438.6,22
5438.9,7
5439.3,4
5439.7,16
5440.2,28
5440.3,17
5440.8,20
5441.2,21
5444.8,23
5445.3,25
5445.4,35
5445.8,1
5445.9,34
5446.5,10
5447.5,0
5448.1,30
5448.5,26
5448.9,8
5449.3,36
5449.7,18
5449.9,11
5450.4,16
5450.7,7
5450.8,24
5451.5,39
5451.6,5
5452.2,4
5452.3,38
5452.4,33
5453.7,28
5454.1,14
5455.6,21
5456.1,13
5457.6,2
5457.6,29
5458.9,20
5459.4,31
5459.5,32
5459.5,37
5459.8,27
5460.5,8
5460.9,0
5461.0,1
5461.0,10
5461.0,17
5461.7,35
5462.1,3
5462.1,23
5463.7,16
5463.7,26
5464.4,28
5466.0,38
5466.7,7
5467.1,9
5467.5,10
5468.0,25
5468.7,14
5469.0,21
5469.2,4
5469.3,22
5469.5,30
5469.7,36
5470.7,1
5471.3,20
5471.4,24
5472.2,34
5473.7,0
5473.7,17
5473.9,29
5474.4,28
5474.4,32
5474.8,26
5475.1,8
5475.3,7
5477.3,35
5478.0,27
5478.8,16
5478.9,24
5479.3,18
5479.5,5
5479.8,10
5479.8,13
5479.8,33
5480.1,39
5481.0,23
5482.5,36
5482.5,38
5483.6,28
5484.4,21
5484.5,2
5484.8,25
5484.9,20
5485.8,4
5486.0,8
5486.0,30
5486.0,32
5486.1,29
5486.2,26
5486.4,7
5486.6,15
5486.8,0
5487.7,10
5487.9,1
5488.4,17
5489.8,33
5490.0,31
5490.9,35
5491.2,16
5491.5,3
5491.7,38
5492.6,21
5493.0,14
5493.0,27
5493.3,37
5495.4,30
5495.4,39
5496.4,9
5496.5,13
5497.1,8
5497.2,28
5497.3,23
5497.7,24
5499.6,26
5500.3,29
5501.0,4
5501.0,32
5501.3,16
5501.4,10
5502.4,34
5502.6,7
5503.2,11
5503.9,1
5504.5,0
5504.5,3
5504.9,21
5505.7,25
5506.5,38
5506.9,8
5507.3,20
5508.6,17
5508.8,2
5508.9,35
5509.0,30
5509.3,18
5510.6,27
5510.7,36
5510.9,14
5511.0,23
5511.0,28
5511.2,9
5511.4,22
5511.4,39
5512.0,7
5514.0,15
5514.4,10
5514.7,1
5515.9,21
5516.4,29
5516.5,33
5516.8,26
5517.0,0
5517.1,32
5517.4,20
5517.4,16
5517.7,4
5518.6,31
5520.0,8
5521.4,28
5521.9,14
5522.1,10
5522.9,13
5522.9,37
5523.0,38
5523.1,24
5523.1,34
5523.1,39
5523.2,27
5523.8,23
5524.5,7
5524.6,0
5524.6,17
5524.9,26
5525.5,1
5525.8,35
5526.3,21
5529.0,16
5529.5,30
5530.5,2
5530.5,28
5530.8,20
5531.7,36
5532.7,4
5532.8,3
5533.4,10
5533.8,33
5534.5,27
5535.3,38
5535.7,0
5535.8,1
5535.9,25
5536.0,32
5536.2,8
5538.1,18
5538.6,24
5538.7,39
5539.0,23
5540.0,35
5540.3,22
5540.7,26
5541.0,28
5542.0,13
5542.8,7
5542.9,14
5543.2,21
5543.8,10
5544.4,20
5545.3,34
5546.1,8
5546.7,16
5546.9,9
5547.2,27
5547.6,23
5547.8,30
5549.4,38
5549.7,0
5550.1,29
5550.7,4
5551.0,17
5552.1,1
5552.3,7
5552.8,3
5552.9,37
5553.0,5
5553.0,10
5553.2,35
5553.4,16
5553.6,2
5553.6,26
5554.2,28
5556.5,21
5557.1,25
5557.6,14
5558.0,39
5558.5,18
5559.7,23
5560.5,24
5561.3,0
5562.3,28
5562.4,20
5562.5,15
5562.6,13
5562.6,30
5563.0,38
5563.5,32
5563.6,7
5563.9,33
5564.1,36
5564.3,10
5564.4,4
5564.6,29
5564.7,8
5564.7,25
5564.9,35
5567.7,14
5567.9,27
5568.3,17
5569.1,26
5569.7,21
5570.3,0
5571.2,1
5572.7,10
5573.0,32
5573.4,28
5573.5,16
5573.7,20
5575.4,37
5575.6,3
5575.7,9
5577.1,23
5578.1,8
5578.1,38
5578.3,39
5578.8,7
5579.9,29
5580.3,2
5580.8,35
5581.3,4
5581.3,21
5582.2,18
5582.7,16
5583.8,14
5584.7,17
5585.7,10
5585.7,26
5585.7,36
5585.9,0
5585.9,1
5585.9,27
5586.0,24
5589.0,30
5589.5,31
5589.7,25
5590.4,13
5591.4,28
5591.5,3
5591.5,11
5592.0,20
5592.1,8
5592.3,34
5592.7,15
5592.9,7
5593.3,22
5593.5,33
5593.5,38
5594.3,21
5595.0,35
5595.1,4
5595.4,23
5595.5,10
5595.7,16
5596.6,26
5599.3,27
5600.5,39
5600.6,24
5600.8,21
5600.8,32
5601.1,1
5602.1,14
5602.2,0
5602.8,29
5604.3,8
5604.9,16
5604.9,36
5605.0,38
5605.5,28
5606.3,15
5607.3,10
5607.4,7
5607.9,34
5608.4,37
5608.7,9
5608.9,33
5610.3,25
5611.1,23
5611.2,20
5611.9,21
5611.9,35
5612.2,4
5612.5,17
5613.5,27
5613.9,0
5614.8,2
5614.8,18
5615.0,16
5615.3,31
5615.8,8
5616.7,39
5616.9,22
5617.0,28
5617.3,10
5617.4,1
5617.4,14
5617.9,30
5619.7,29
5620.3,26
5620.7,13
5621.5,7
5622.1,24
5622.3,32
5623.5,37
5623.6,28
5625.7,20
5626.3,17
5626.3,21
5626.4,35
5626.7,0
5626.7,10
5626.7,25
5627.1,33
5627.6,8
5627.7,38
5628.0,36
5628.1,23
5628.3,3
5628.6,16
5629.9,5
5630.9,34
5632.3,30
5633.9,26
5634.1,39
5634.7,18
5635.2,27
5635.4,1
5635.4,15
5635.6,4
5636.0,8
5636.0,24
5636.2,10
5636.9,28
5637.5,35
5637.9,21
5638.8,0
5639.2,16
5640.1,14
5643.2,38
5644.4,23
5644.4,33
5644.6,31
5644.9,11
5646.7,28
5646.8,36
5647.0,20
5647.2,25
5648.0,10
5648.4,14
5648.6,8
5648.8,34
5649.0,7
5649.0,9
5649.2,13
5649.2,37
5649.6,17
5649.7,21
5649.7,32
5650.0,27
5650.0,29
5650.1,39
5650.1,0
5650.5,16
5652.4,4
5652.5,1
5653.7,2
5655.0,35
5656.7,24
5656.9,5
5657.1,26
5657.1,28
5657.7,3
5657.8,38
5658.0,30
5658.2,17
5658.6,8
5659.4,16
5659.7,23
5660.4,0
5660.4,10
5661.2,1
5661.2,20
5661.2,27
5661.3,22
5661.3,25
5662.9,18
5663.2,9
5663.2,11
5663.4,35
5663.8,21
5664.2,4
5664.9,14
5664.9,37
5665.3,13
5666.5,30
5666.5,33
5666.5,32
5666.8,28
5666.8,39
5667.5,8
5667.8,29
5668.3,7
5668.9,26
5670.5,0
5671.9,10
5673.5,16
5673.6,24
5674.1,34
5675.6,1
5676.6,38
5677.7,21
5678.0,4
5678.7,27
5678.9,17
5679.0,14
5679.2,28
5679.7,36
5681.2,0
5681.8,23
5682.4,10
5682.5,7
5683.5,26
5684.0,35
5684.2,5
5684.6,8
5684.6,29
5685.7,20
5686.0,3
5686.0,30
5686.1,2
5686.2,16
5686.2,18
5686.5,27
5686.5,34
5687.4,32
5687.4,39
5687.9,1
5690.4,25
5691.7,38
5691.8,9
5692.0,14
5692.4,15
5692.4,11
5693.1,26
5693.2,0
5693.3,28
5693.7,21
5693.8,4
5694.0,31
5694.1,7
5694.4,37
5695.6,10
5697.2,8
5697.3,16
5697.5,13
5698.1,35
5700.3,22
5701.6,17
5701.8,20
5701.9,39
5702.2,24
5702.6,23
5703.1,10
5703.6,1
5703.7,3
5703.9,2
5705.2,4
5706.0,28
5706.3,0
5706.3,16
5707.2,33
5707.5,35
5707.7,30
5707.9,7
5708.0,34
5708.1,14
5708.3,21
5708.7,38
5709.1,26
5709.5,29
5709.7,8
5711.1,23
5712.8,36
5713.3,13
5713.8,32
5713.8,37
5714.1,20
5714.4,27
5714.5,31
5714.6,10
5715.4,28
5718.3,1
5718.3,18
5718.9,16
5718.9,25
5719.5,0
5719.8,21
5719.9,8
5720.5,15
5720.7,7
5720.7,14
5720.8,39
5721.5,30
5722.3,17
5724.6,38
5725.4,4
5726.3,35
5726.7,24
5726.8,10
5727.0,9
5727.4,3
5727.8,28
5728.1,31
5728.2,27
5728.9,20
5729.0,8
5729.2,14
5730.2,29
5730.5,33
5730.8,1
5731.2,39
5732.3,16
5732.7,34
5733.2,5
5733.7,26
5735.4,22
5735.8,11
5735.8,21
5736.1,0
5736.6,23
5737.9,10
5738.3,7
5738.3,28
5738.3,35
5738.5,38
5739.1,2
5741.1,4
5741.8,8
5742.5,17
5742.7,30
5743.7,32
5743.8,37
5744.0,16
5744.4,14
5744.4,36
5744.6,27
5744.8,13
5745.0,0
5745.3,25
5745.4,3
5745.9,20
5746.1,10
5746.1,23
5746.6,18
5747.1,24
5747.6,1
5747.9,33
5747.9,34
5748.1,26
5748.3,7
5749.2,28
5749.6,15
5749.9,21
5750.1,39
5750.7,8
5753.7,35
5753.9,9
5754.8,29
5755.2,27
5755.4,4
5755.4,38
5756.1,14
5756.2,32
5756.4,20
5756.5,10
5759.6,7
5759.7,16
5761.2,0
5761.4,11
5761.6,28
5761.8,23
5762.0,17
5762.3,21
5762.4,8
5762.5,5
5763.2,38
5763.3,1
5765.5,30
5767.1,39
5767.3,10
5767.9,35
5768.4,27
5768.4,34
5769.6,26
5769.7,20
5770.3,16
5770.8,3
5771.3,2
5771.3,4
5772.2,14
5772.7,18
5772.7,24
5773.2,0
5773.4,28
5773.8,22
5774.6,29
5774.7,8
5775.1,23
5775.6,33
5776.5,38
5776.6,10
5777.7,32
5779.1,7
5780.4,20
5780.5,35
5780.6,36
5781.0,16
5781.6,39
5783.5,30
5784.0,1
5784.2,21
5784.3,13
5784.4,4
5785.0,37
5785.4,9
5785.9,27
5786.0,31
5786.2,8
5786.3,28
5786.6,17
5786.7,25
5786.9,15
5786.9,18
5787.3,33
5787.6,10
5787.6,14
5789.4,7
5790.3,34
5791.0,0
5791.7,3
5791.8,38
5792.8,26
5793.2,4
5793.3,20
5793.8,21
5793.9,1
5794.4,16
5794.6,35
5795.5,32
5795.7,8
5796.3,29
5796.8,23
5797.0,28
5798.4,2
5799.0,14
5800.7,11
5801.0,10
5801.3,0
5801.5,39
5801.6,24
5801.8,33
5802.2,17
5802.8,8
5803.0,20
5804.5,7
5804.6,27
5805.9,16
5806.3,30
5806.3,35
5807.2,1
5807.3,25
5807.4,28
5807.6,32
5807.8,9
5807.8,23
5808.1,4
5808.6,13
5808.7,38
5808.9,36
5809.0,21
5810.4,3
5811.1,18
5811.2,10
5811.5,34
5812.8,8
5813.4,0
5815.8,14
5816.2,28
5817.3,20
5817.7,10
5817.7,16
5818.3,2
5818.3,22
5818.8,26
5819.3,27
5819.4,35
5820.3,39
5821.0,1
5821.0,38
5821.1,4
5821.1,17
5821.5,24
5821.8,37
5822.4,31
5823.9,25
5824.4,9
5824.7,30
5824.9,23
5825.1,0
5825.4,8
5825.6,7
5826.0,13
5826.4,21
5826.5,3
5827.8,10
5828.1,32
5828.1,33
5830.7,38
5831.0,29
5831.7,14
5832.1,28
5832.7,35
5832.8,36
5832.9,24
5832.9,34
5833.8,16
5834.5,39
5834.6,26
5835.1,0
5835.3,15
5835.3,20
5835.6,1
5835.6,11
5835.6,27
5835.7,31
5835.7,5
5836.3,17
5836.9,10
5839.4,30
5840.0,4
5840.5,18
5840.6,21
5841.0,8
5841.3,37
5841.8,7
5842.1,32
5843.3,25
5843.8,14
5843.9,31
5843.9,35
5844.2,33
5844.6,38
5844.8,28
5845.6,10
5845.7,29
5847.4,21
5848.6,0
5848.6,23
5848.9,8
5850.3,20
5851.7,1
5852.1,3
5852.2,9
5852.2,22
5852.2,28
5852.3,27
5852.4,16
5852.8,26
5853.6,2
5853.6,13
5855.5,0
5855.8,17
5856.0,39
5856.7,35
5856.9,10
5857.0,30
5857.3,24
5859.9,8
5859.9,14
5860.3,7
5860.9,15
5862.0,4
5862.0,16
5862.4,5
5863.0,38
5863.1,11
5863.8,33
5864.9,1
5865.0,18
5865.2,20
5865.5,39
5865.6,28
5866.2,21
5867.7,10
5867.9,34
5868.2,25
5868.2,36
5868.5,26
5869.4,32
5869.6,7
5869.9,24
5870.0,35
5870.1,23
5870.9,30
5871.0,0
5871.2,8
5874.0,27
5875.7,16
5877.0,4
5877.0,20
5877.2,1
5877.4,21
5877.9,10
5878.7,17
5878.7,38
5879.2,14
5879.8,28
5880.4,22
5880.5,8
5880.7,29
5881.1,24
5881.5,0
5881.5,9
5882.4,3
5884.8,7
5885.1,13
5885.2,16
5885.5,35
5886.3,6
5886.4,23
5886.6,39
5886.9,28
5887.8,38
5888.8,10
5889.3,1
5889.6,26
5889.8,20
5891.8,8
5892.4,37
5892.9,27
5892.9,30
5893.5,4
5893.5,21
5894.4,5
5894.4,14
5894.4,25
5894.5,34
5894.6,31
5896.6,36
5897.2,32
5897.2,39
5897.7,38
5897.8,0
5898.8,18
5898.9,20
5899.1,16
5899.2,10
5899.2,28
5900.1,29
5900.1,3
5900.4,7
5901.8,1
5901.9,8
5902.4,35
5902.8,11
5903.6,24
5904.8,21
5905.2,37
5905.4,2
5905.5,23
5905.6,26
5906.6,22
5906.9,9
5907.1,15
5908.6,10
5908.7,27
5908.8,20
5910.1,14
5910.4,7
5910.9,4
5911.1,32
5911.4,30
5911.5,17
5911.7,39
5911.8,28
5912.2,1
5912.3,0
5912.9,16
5913.6,33
5913.7,34
5913.8,8
5914.3,35
5914.8,38
5915.7,13
5918.2,26
5918.2,30
5919.1,3
5919.3,24
5919.4,23
5919.8,21
5920.5,18
5921.9,37
5922.4,0
5922.5,16
5923.0,25
5923.1,27
5923.3,32
5924.1,4
5924.5,29
5925.5,28
5925.7,39
5925.9,10
5926.6,20
5926.8,35
5926.9,7
5926.9,31
5927.1,14
5927.5,8
5928.0,1
5928.4,38
5930.1,17
5932.0,2
5932.4,37
5933.5,33
5934.0,3
5934.3,29
5934.4,30
5934.6,15
5934.8,9
5934.8,7
5935.0,10
5935.2,0
5935.6,13
5935.6,21
5935.8,36
5936.1,23
5936.3,16
5936.6,28
5936.7,34
5937.7,5
5939.1,27
5939.2,38
5939.7,8
5940.3,1
5940.3,24
5941.8,39
5942.1,25
5942.7,21
5942.9,30
5944.9,26
5945.2,11
5945.3,35
5945.7,4
5945.9,0
5946.1,23
5946.4,28
5946.6,16
5947.6,8
5947.6,20
5947.8,10
5948.2,7
5948.2,14
5949.2,32
5949.9,27
5951.6,17
5953.8,29
5953.9,1
5954.5,22
5954.9,24
5954.9,25
5954.9,39
5955.1,30
5955.2,2
5956.8,18
5957.0,14
5957.1,28
5957.1,36
5957.3,10
5959.2,33
5959.8,34
5960.2,7
5960.3,15
5960.7,16
5960.9,4
5961.0,21
5962.8,13
5963.3,38
5963.6,31
5964.1,35
5964.4,8
5965.3,22
5965.3,24
5965.9,1
5966.0,0
5967.3,17
5967.3,19
5967.4,30
5968.2,9
5968.6,26
5968.9,28
5969.0,3
5969.0,10
5969.2,27
5969.5,20
5970.0,23
5970.8,7
5971.0,16
5973.2,4
5973.3,39
5974.1,32
5974.4,34
5975.2,25
5976.2,37
5976.3,21
5976.9,0
5977.1,8
5977.1,24
5977.4,5
5977.5,28
5977.5,38
5977.6,29
5977.8,35
5978.2,10
5978.2,15
5978.4,1
5978.6,26
5978.9,14
5980.0,18
5980.8,27
5982.4,4
5982.8,16
5983.2,17
5983.5,23
5983.8,22
5983.9,9
5984.3,36
5985.4,0
5985.6,20
5987.6,8
5988.2,10
5989.5,26
5989.6,3
5990.4,7
5990.8,32
5990.9,28
5992.0,13
5992.0,25
5992.0,29
5992.0,30
5992.1,39
5992.9,21
5993.0,1
5993.0,33
5993.7,4
5993.9,16
5995.2,31
5996.8,20
5996.8,35
5997.2,24
5998.1,38
5998.3,10
5999.2,0
6000.7,14
6003.0,22
6003.1,34
6003.7,8
6004.9,28
6004.9,17
6005.7,36
6006.4,23
6006.6,32
6006.7,7
6006.7,11
6006.9,9
6006.9,18
6007.1,3
6007.1,27
6007.5,10
6008.3,26
6008.6,16
6009.1,20
6010.2,25
6011.0,14
6011.3,4
6011.4,21
6012.3,0
6013.1,35
6013.5,39
6013.7,1
6015.0,2
6015.3,8
6015.3,27
6015.3,32
6015.9,17
6016.6,30
6017.0,24
6017.6,37
6017.7,16
6017.8,28
6018.0,10
6020.0,33
6020.0,38
6021.2,7
6021.7,39
6022.2,4
6022.6,23
6024.5,29
6024.9,18
6025.3,21
6025.4,5
6026.5,28
6026.9,1
6027.4,10
6027.9,8
6027.9,20
6027.9,35
6028.1,9
6028.6,36
6029.2,34
6029.3,0
6029.9,39
6030.0,26
6030.0,32
6030.1,25
6030.3,16
6030.8,14
6031.1,2
6031.5,24
6031.5,30
6031.8,38
6032.2,15
6033.6,37
6034.2,11
6035.1,10
6035.6,17
6036.0,27
6036.6,21
6038.7,31
6038.8,4
6039.3,28
6040.1,3
6040.1,7
6040.3,29
6040.7,13
6040.9,35
6042.0,22
6042.5,20
6043.0,16
6043.0,8
6044.9,1
6045.3,25
6046.9,38
6048.1,39
6049.1,17
6049.1,23
6049.1,26
6049.5,10
6049.5,9
6049.5,34
6049.7,0
6049.7,36
6050.0,7
6050.2,33
6050.3,18
6050.3,27
6050.7,24
6051.3,15
6052.5,21
6053.3,30
6053.7,28
6054.0,20
6054.2,32
6055.2,38
6055.5,8
6056.4,2
6056.4,14
6057.3,1
6057.5,35
6058.1,13
6058.3,11
6058.5,3
6058.5,39
6058.6,31
6058.7,16
6060.6,29
6061.2,10
6062.0,7
6062.3,4
6063.2,23
6064.3,33
6064.6,24
6064.9,26
6065.1,20
6065.1,36
6065.3,1
6065.3,28
6065.4,0
6065.5,18
6065.9,37
6066.1,8
6067.1,30
6067.6,10
6068.3,39
6069.4,25
6070.2,27
6070.6,21
6071.6,34
6072.2,35
6072.4,16
6072.9,22
6073.3,14
6073.5,4
6073.7,26
6073.7,38
6074.2,28
6075.4,17
6075.4,23
6079.4,1
6079.8,10
6079.9,8
6080.3,7
6080.6,32
6081.1,18
6081.1,20
6082.2,27
6082.5,9
6082.7,5
6082.8,0
6083.2,2
6083.2,28
6083.3,29
6083.3,35
6083.7,30
6083.9,25
6084.1,15
6084.1,24
6084.4,13
6084.4,16
6084.5,3
6084.5,33
6084.6,4
6085.4,38
6085.9,14
6089.0,36
6089.1,37
6089.3,39
6089.7,17
6089.9,26
6090.1,10
6090.1,23
6090.5,11
6090.8,21
6091.6,1
6092.0,8
6093.0,0
6093.2,35
6093.3,7
6095.7,16
6096.0,28
6097.1,34
6097.3,24
6097.9,14
6098.3,20
6098.6,13
6099.4,33
6100.4,27
6101.0,32
6101.0,39
6101.3,21
6101.6,3
6102.2,38
6102.5,0
6103.0,30
6103.4,10
6104.0,1
6104.3,29
6104.3,23
6106.4,25
6106.6,28
6107.1,8
6107.7,35
6108.4,17
6110.5,18
6110.8,16
6110.8,26
6111.5,15
6111.8,7
6112.8,20
6113.7,38
6113.9,10
6113.9,31
6114.4,2
6114.4,28
6114.8,4
6116.1,1
6116.1,24
6116.3,21
6116.8,14
6117.2,13
6117.4,0
6118.8,25
6118.8,34
6119.4,9
6119.4,35
6119.8,8
6122.6,27
6122.7,23
6122.8,37
6123.2,16
6123.6,33
6123.7,30
6124.2,10
6124.4,39
6124.5,29
6124.7,7
6124.8,28
6124.9,5
6125.7,32
6126.0,26
6126.1,6
6126.1,20
6126.9,0
6127.8,38
6129.3,24
6129.9,8
6131.4,4
6131.4,11
6132.0,2
6132.5,10
6132.8,18
6133.2,3
6134.1,14
6134.1,25
6134.5,28
6134.6,16
6135.0,21
6135.4,39
6137.2,30
6137.8,1
6137.9,32
6138.4,34
6140.0,20
6140.0,35
6140.4,17
6141.2,0
6142.8,38
6143.6,28
6143.8,8
6144.2,22
6144.7,7
6144.7,26
6145.5,4
6145.9,9
6146.1,33
6146.2,13
6146.3,24
6146.8,10
6146.9,14
6147.2,1
6147.2,27
6147.6,16
6147.6,23
6148.4,36
6148.6,25
6148.9,15
6152.1,0
6152.6,21
6153.8,8
6153.9,39
6154.1,35
6154.6,20
6154.6,34
6155.0,28
6155.1,38
6155.8,29
6156.1,32
6156.4,7
6157.7,16
6159.1,30
6159.6,17
6159.6,26
6160.0,1
6160.1,3
6160.9,10
6162.8,11
6163.2,27
6163.3,4
6163.5,14
6163.7,37
6164.1,21
6164.4,16
6164.9,13
6165.6,18
6165.8,8
6167.1,35
6167.6,5
6168.2,24
6169.3,0
6169.3,23
6169.3,38
6170.2,31
6170.5,7
6170.5,25
6170.7,28
6170.9,34
6171.1,1
6171.4,39
6171.8,20
6171.8,30
6172.9,2
6173.6,33
6175.9,10
6178.1,35
6178.2,21
6178.4,16
6179.2,32
6179.5,15
6179.8,28
6179.9,4
6180.0,29
6180.2,26
6180.4,14
6180.5,8
6180.5,36
6181.8,23
6182.5,37
6182.8,0
6183.1,17
6183.2,13
6183.4,38
6185.3,7
6187.6,10
6187.8,16
6187.9,20
6188.2,2
6188.5,9
6188.8,25
6189.2,18
6189.2,24
6189.5,3
6189.7,39
6190.7,1
6190.7,27
6190.7,30
6191.4,34
6193.4,28
6193.4,29
6193.5,26
6194.0,0
6194.6,8
6195.2,22
6195.6,20
6196.8,35
6197.2,38
6197.4,37
6197.8,4
6198.1,23
6198.2,33
6198.4,21
6199.1,14
6199.7,36
6199.8,13
6200.4,16
6200.6,10
6201.7,18
6201.8,39
6203.3,17
6203.6,32
6204.9,7
6206.1,30
6207.5,1
6208.9,34
6209.2,28
6209.4,8
6209.7,26
6209.8,0
6210.1,24
6210.5,25
6210.7,11
6211.0,35
6211.2,2
6211.2,4
6211.8,21
6212.0,10
6212.2,27
6212.8,33
6213.1,9
6213.1,38
6213.6,7
6213.7,31
6213.9,5
6213.9,16
6214.0,32
6214.6,3
6215.6,29
6217.1,39
6219.2,28
6220.0,20
6220.7,35
6220.8,14
6221.8,10
6223.2,8
6224.2,1
6224.3,4
6224.3,23
6224.4,17
6224.6,18
6224.7,37
6224.7,38
6224.8,22
6225.8,0
6226.2,24
6227.3,21
6227.8,26
6228.1,7
6228.7,15
6229.3,16
6230.2,27
6230.3,1
6230.7,30
6232.0,28
6232.0,29
6232.5,20
6233.7,39
6234.1,10
6234.9,14
6235.1,25
6236.0,24
6236.1,21
6236.6,34
6237.0,0
6238.2,35
6238.4,8
6238.8,3
6239.0,38
6239.3,32
6240.0,4
6240.0,18
6240.4,16
6240.4,27
6240.8,17
6241.8,10
6241.8,13
6242.7,31
6243.0,28
6243.7,33
6244.2,23
6245.0,30
6245.9,21
6246.1,20
6246.2,7
6246.5,9
6247.3,29
6247.6,8
6247.7,1
6248.2,24
6249.7,0
6249.7,16
6249.8,26
6249.9,2
6250.0,4
6250.3,36
6251.9,39
6252.5,35
6253.6,28
6254.4,10
6254.7,38
6255.2,8
6255.4,29
6255.5,3
6256.2,25
6256.2,32
6256.2,37
6256.4,14
6256.4,27
6256.8,23
6257.8,21
6259.2,20
6260.0,18
6260.1,26
6260.7,24
6263.2,1
6264.4,17
6264.4,28
6264.7,30
6265.1,34
6265.7,7
6265.9,4
6265.9,33
6266.3,22
6266.6,0
6266.7,16
6266.8,8
6266.9,10
6267.1,39
6269.1,1
6269.3,29
6272.5,27
6272.6,2
6272.7,20
6272.7,23
6272.9,25
6273.4,11
6273.6,3
6273.6,38
6273.8,31
6273.9,35
6274.3,32
6274.9,26
6275.4,13
6276.0,10
6276.4,16
6276.6,21
6276.6,28
6277.1,8
6277.1,14
6277.9,9
6277.9,15
6278.1,36
6279.1,7
6279.3,0
6280.8,1
6282.0,39
6282.2,37
6283.0,24
6284.1,17
6284.8,30
6285.1,22
6285.9,38
6286.0,2
6286.1,3
6286.3,18
6286.3,26
6286.3,28
6286.4,4
6286.4,8
6286.4,31
6286.4,34
6286.5,10
6287.3,16
6288.2,21
6288.3,20
6288.4,35
6289.7,0
6290.5,23
6291.0,27
6293.3,1
6294.2,4
6294.2,29
6294.4,7
6295.4,13
6295.4,33
6295.5,8
6295.8,10
6296.0,39
6298.3,32
6299.1,28
6301.5,25
6301.5,38
6301.9,14
6302.3,24
6302.5,0
6302.8,16
6302.9,9
6303.7,23
6305.9,7
6306.5,17
6306.8,21
6307.6,37
6307.7,33
6308.1,1
6308.9,20
6309.0,27
6309.1,8
6309.1,35
6309.3,2
6309.6,3
6310.1,31
6310.3,26
6310.3,34
6310.5,4
6310.6,10
6310.7,18
6310.8,28
6310.9,36
6311.1,39
6311.5,30
6311.6,38
6312.1,0
6312.8,5
6313.2,16
6313.2,32
6317.2,14
6317.7,11
6318.0,23
6318.1,22
6318.4,29
6318.5,25
6319.0,4
6319.8,13
6320.6,1
6320.6,15
6322.2,21
6322.4,20
6322.6,0
6322.6,7
6322.6,38
6323.4,8
6324.1,28
6324.6,35
6324.8,17
6325.0,27
6326.0,16
6327.2,10
6327.5,26
6329.5,18
6329.6,39
6331.4,1
6331.4,9
6331.9,36
6332.5,37
6333.0,32
6333.1,31
6333.4,30
6333.7,24
6334.3,10
6335.1,28
6335.3,8
6336.1,20
6336.5,16
6336.9,14
6337.1,0
6337.1,38
6337.2,21
6337.6,7
6338.8,3
6339.3,17
6342.1,28
6342.5,23
6342.8,10
6343.0,33
6343.6,25
6344.0,32
6344.9,8
6345.2,13
6345.2,35
6345.8,4
6345.8,34
6345.9,16
6346.8,14
6346.9,15
6347.1,22
6347.1,27
6347.4,26
6347.6,7
6347.9,0
6347.9,1
6349.2,38
6349.4,24
6349.7,39
6350.2,18
6351.2,29
6351.3,2
6351.3,21
6351.6,10
6352.0,28
6354.7,20
6355.5,37
6355.8,3
6356.0,36
6356.1,8
6356.1,23
6356.1,30
6356.5,16
6356.5,17
6357.5,5
6358.0,35
6358.3,25
6358.7,11
6358.8,26
6359.7,32
6359.9,0
6360.4,33
6360.4,38
6363.2,21
6364.1,24
6365.3,1
6365.9,39
6366.2,28
6366.5,7
6366.7,14
6367.1,17
6367.6,8
6367.7,10
6367.9,20
6368.6,13
6369.2,18
6369.2,35
6369.3,0
6369.6,27
6369.7,4
6369.7,26
6369.8,34
6370.5,9
6371.1,25
6372.2,16
6372.3,23
6373.1,31
6373.4,15
6374.1,29
6374.4,30
6375.0,28
6375.7,7
6376.6,2
6376.7,18
6376.8,37
6377.2,8
6377.9,32
6378.0,33
6378.2,1
6378.2,10
6378.3,39
6378.5,38
6378.7,21
6380.2,24
6382.9,26
6383.1,17
6383.4,23
6383.5,14
6383.7,3
6383.7,16
6384.5,22
6384.6,20
6384.8,36
6384.9,35
6385.1,0
6385.8,32
6386.0,4
6386.4,28
6387.3,27
6387.9,9
6388.4,10
6389.8,1
6389.9,7
6390.3,24
6390.9,13
6391.4,38
6392.0,29
6392.3,34
6393.0,0
6393.0,11
6393.1,30
6393.6,37
6393.8,8
6393.8,21
6394.1,18
6394.2,28
6394.6,39
6394.9,16
6395.4,20
6395.5,26
6396.1,15
6397.1,23
6398.2,10
6399.6,14
6400.1,35
6403.1,21
6404.1,32
6404.3,11
6404.6,30
6404.6,1
6405.2,7
6405.2,16
6406.4,8
6406.5,28
6406.8,17
6407.3,25
6407.4,2
6407.7,3
6408.5,27
6408.6,26
6408.8,0
6409.9,4
6410.3,10
6410.3,38
6410.4,9
6410.7,36
6412.5,14
6412.6,39
6412.9,23
6414.9,33
6415.3,24
6415.3,35
6415.9,18
6416.4,21
6416.8,20
6416.8,28
6418.3,34
6418.6,5
6419.5,13
6419.5,30
6419.7,38
6420.3,31
6420.5,1
6420.5,7
6420.5,16
6420.6,36
6420.9,37
6421.0,8
6421.1,29
6422.0,10
6422.2,22
6422.3,15
6422.4,14
6422.6,0
6422.6,32
6422.8,26
6423.0,3
6423.0,39
6423.5,25
6424.1,20
6425.7,4
6426.3,27
6426.9,24
6428.6,17
6428.7,21
6429.2,28
6429.6,1
6429.6,23
6430.0,16
6431.3,9
6431.5,8
6431.6,35
6433.0,10
6433.4,30
6435.8,0
6436.6,32
6438.1,38
6438.5,7
6439.0,4
6439.0,21
6439.1,14
6439.2,39
6439.3,28
6439.6,5
6439.6,27
6439.7,2
6439.7,16
6440.0,10
6440.5,34
6440.5,37
6443.3,29
6443.5,1
6443.8,26
6444.9,24
6446.5,8
6446.7,15
6446.9,20
6446.9,33
6447.1,6
6447.7,31
6447.9,17
6448.7,18
6449.8,35
6450.7,28
6452.4,25
6452.5,23
6452.9,10
6453.4,11
6454.3,16
6454.4,21
6454.4,30
6454.6,0
6454.6,39
6454.8,38
6455.4,8
6455.4,32
6455.6,22
6455.7,7
6456.0,3
6456.3,4
6456.5,20
6457.2,26
6457.4,24
6457.6,1
6458.1,27
6460.7,14
6462.1,28
6464.1,36
6464.7,34
6465.6,30
6465.6,23
6465.9,37
6466.4,29
6466.6,8
6466.7,17
6466.7,18
6467.4,3
6467.4,35
6467.4,39
6467.7,16
6468.5,13
6468.5,38
6468.8,10
6469.8,1
6470.9,21
6471.1,0
6471.5,4
6471.8,7
6472.1,20
6473.6,24
6473.8,5
6474.8,28
6475.7,25
6476.8,8
6477.0,27
6477.0,33
6477.1,26
6477.6,11
6478.1,14
6478.6,9
6479.3,16
6480.3,15
6480.5,32
6480.5,17
6480.8,0
6481.8,35
6482.4,10
6482.6,29
6482.8,1
6482.8,23
6483.4,30
6483.5,34
6483.6,22
6483.9,7
6484.7,8
6485.8,4
6486.3,28
6487.0,38
6487.1,21
6488.4,2
6488.7,36
6489.3,31
6489.7,39
6490.0,13
6490.8,24
6491.0,16
6491.2,3
6492.4,20
6492.6,9
6493.0,0
6493.2,14
6494.1,1
6494.4,35
6495.8,26
6497.3,27
6498.0,23
6498.0,30
6498.5,7
6498.6,21
6498.7,28
6499.5,10
6499.8,17
6499.8,38
6500.0,37
6500.2,8
6500.3,11
6501.0,18
6501.6,34
6502.8,32
6503.3,0
6503.5,4
6503.6,25
6503.7,14
6503.9,33
6504.0,20
6504.8,24
6506.7,16
6506.7,36
6506.8,26
6506.8,35
6507.9,1
6510.5,28
6512.1,21
6512.1,30
6512.7,8
6512.9,29
6513.2,10
6514.1,3
6514.4,16
6515.1,7
6515.2,38
6516.4,34
6517.3,17
6517.4,37
6517.7,0
6517.7,35
6517.7,28
6518.2,1
6518.9,23
6518.9,26
6519.1,14
6519.4,39
6519.8,27
6519.9,10
6519.9,13
6519.9,20
6519.9,24
6520.4,25
6520.7,4
6521.1,32
6521.2,33
6522.0,21
6522.1,5
6523.9,7
6524.8,28
6525.0,16
6527.9,8
6528.1,18
6528.4,36
6528.7,38
6529.5,9
6530.2,20
6530.4,2
6530.5,0
6530.8,10
6532.4,30
6532.7,13
6533.1,35
6533.5,1
6533.7,26
6534.0,21
6534.6,23
6534.6,28
6534.9,3
6535.1,32
6536.1,14
6536.3,29
6536.5,8
6536.6,24
6536.8,16
6537.0,22
6537.8,15
6539.1,4
6539.4,25
6540.1,20
6540.3,10
6540.3,37
6541.3,27
6542.1,0
6542.6,34
6542.9,33
6543.3,7
6544.1,38
6545.3,17
6545.9,28
6547.2,8
6547.4,39
6548.2,11
6548.3,26
6548.5,16
6548.8,27
6548.8,35
6548.9,1
6549.0,2
6550.0,32
6550.6,18
6550.9,23
6551.0,36
6551.3,0
6552.4,14
6552.4,30
6553.3,10
6553.8,24
6554.1,25
6556.8,7
6556.8,21
6557.0,34
6557.9,20
6557.9,35
6558.1,38
6558.6,16
6558.8,13
6559.0,28
6560.2,4
6561.2,15
6561.4,1
6563.1,14
6563.4,39
6563.7,26
6564.1,10
6564.8,0
6565.3,8
6565.3,30
6565.4,33
6565.7,3
6567.0,37
6567.5,31
6568.0,29
6568.1,16
6568.1,23
6569.2,9
6569.5,28
6570.6,32
6571.0,25
6571.5,7
6571.5,22
6572.4,35
6572.8,18
6572.8,21
6574.8,38
6575.5,17
6575.6,20
6576.1,27
6576.3,24
6577.1,4
6577.8,0
6577.8,10
6577.9,14
6578.6,26
6578.7,39
6579.7,33
6580.1,1
6580.5,8
6580.9,32
6581.1,23
6581.2,11
6581.2,36
6581.4,21
6581.6,2
6581.8,15
6582.4,7
6582.6,16
6583.1,28
6586.1,3
6586.2,38
6587.3,34
6588.9,8
6589.2,10
6589.6,0
6589.8,20
6590.8,13
6591.3,16
6592.3,30
6592.7,24
6592.8,17
6592.8,35
6592.9,4
6593.5,23
6593.6,27
6593.7,22
6594.3,18
6594.4,1
6595.1,21
6595.2,39
6595.3,7
6595.6,28
6595.6,26
6599.1,14
6599.2,11
6599.2,38
6600.0,10
6600.5,0
6601.1,25
6601.2,1
6601.2,37
6601.4,20
6601.9,29
6602.0,8
6602.2,32
6602.5,16
6604.6,5
6605.5,28
6606.0,0
6607.0,39
6607.5,4
6607.5,24
6607.8,7
6608.0,33
6608.7,30
6608.8,2
6609.1,35
6609.5,23
6610.4,3
6610.5,10
6610.6,27
6610.8,26
6612.0,16
6612.5,21
6613.1,22
6613.6,34
6613.9,15
6614.4,39
6614.6,17
6614.7,18
6616.0,1
6616.1,38
6616.6,29
6618.3,8
6619.3,28
6620.0,10
6620.4,0
6620.9,36
6621.1,14
6621.2,4
6622.1,16
6624.2,9
6624.4,20
6624.5,7
6624.5,35
6624.8,25
6625.3,21
6625.3,32
6625.8,5
6626.0,30
6626.3,1
6626.5,13
6627.4,24
6627.7,37
6627.8,11
6628.6,8
6628.6,38
6629.3,28
6629.5,0
6629.5,26
6630.2,17
6631.4,23
6631.8,2
6632.1,29
6632.3,39
6632.5,33
6632.9,10
6633.7,20
6634.4,27
6634.7,16
6635.6,7
6635.6,30
6635.7,35
6636.0,34
6638.5,28
6638.8,21
6638.9,14
6639.2,31
6640.0,18
6640.3,38
6640.9,1
6641.4,32
6641.7,8
6641.9,0
6641.9,16
6642.0,4
6643.5,3
6644.2,10
6645.1,20
6645.9,39
6646.1,24
6646.2,23
6646.4,26
6648.1,36
6648.8,30
6649.5,16
6649.7,25
6649.9,38
6651.1,35
6652.5,28
6653.0,13
6653.7,7
6653.9,21
6654.2,33
6654.3,10
6655.6,8
6656.1,22
6656.2,29
6656.6,0
6656.9,4
6657.1,14
6657.2,2
6657.2,34
6657.7,1
6657.9,15
6658.0,23
6660.1,37
6660.6,36
6660.8,16
6661.9,27
6662.0,32
6662.4,17
6662.4,26
6662.4,35
6662.6,11
6662.8,30
6663.2,3
6663.2,10
6663.8,18
6664.0,38
6664.6,9
6665.1,39
6665.2,8
6665.3,20
6666.7,21
6667.6,7
6668.1,28
6669.2,0
6670.6,31
6671.4,25
6671.8,5
6672.2,16
6672.3,1
6672.5,10
6672.9,24
6673.0,14
6673.0,29
6673.0,33
6673.9,23
6675.2,8
6675.6,30
6676.0,34
6676.3,22
6677.4,0
6677.5,38
6678.0,28
6678.6,20
6679.3,2
6679.6,35
6679.7,32
6679.8,13
6680.5,17
6680.7,16
6681.5,37
6681.8,21
6682.2,7
6682.4,1
6682.7,11
6683.8,26
6683.8,39
6685.0,4
6685.1,27
6685.7,10
6686.5,23
6687.3,20
6687.4,9
6687.5,3
6687.5,29
6688.8,8
6688.9,25
6689.1,15
6689.2,36
6689.3,7
6689.6,0
6691.9,14
6692.6,21
6692.6,35
6692.9,16
6693.0,38
6694.0,28
6694.1,30
6694.4,5
6694.4,18
6694.4,33
6694.6,22
6695.2,10
6695.3,34
6695.4,24
6698.0,1
6699.5,11
6699.8,32
6700.0,4
6700.8,0
6702.0,8
6702.3,2
6702.4,17
6702.4,36
6703.0,26
6703.0,39
6703.1,9
6703.3,23
6703.6,18
6703.8,13
6706.0,28
6706.1,30
6706.5,7
6706.8,10
6706.9,14
6707.2,20
6707.8,3
6707.8,16
6708.2,37
6709.7,25
6710.2,27
6712.0,35
6712.4,39
6713.3,8
6713.3,10
6713.4,0
6713.5,33
6714.0,29
6714.1,32
6714.5,4
6714.7,15
6715.3,24
6715.7,1
6715.7,38
6715.8,21
6716.0,16
6717.4,17
6717.4,23
6717.6,34
6720.0,26
6720.8,28
6721.1,22
6722.0,7
6722.2,31
6723.8,35
6724.1,20
6724.4,30
6724.5,8
6724.6,14
6725.0,25
6725.1,38
6725.4,27
6725.6,21
6725.7,1
6727.4,10
6728.0,0
6728.8,5
6730.4,33
6731.6,28
6731.7,32
6731.8,2
6731.9,16
6732.7,9
6733.1,4
6733.4,23
6734.0,20
6735.0,10
6735.7,15
6735.9,34
6736.2,36
6736.3,35
6736.6,24
6736.6,38
6736.9,39
6737.2,1
6737.8,0
6738.0,26
6738.1,8
6738.4,17
6738.4,18
6738.6,6
6738.6,14
6738.7,27
6739.1,13
6739.3,28
6740.3,29
6741.7,37
6742.2,25
6742.2,30
6743.8,3
6744.3,7
6745.1,16
6745.6,21
6746.1,10
6748.9,23
6749.2,28
6749.3,9
6751.3,19
6751.6,0
6751.8,27
6751.8,32
6751.9,4
6752.2,35
6753.0,20
6753.6,29
6754.5,1
6754.5,38
6754.9,8
6755.6,17
6756.3,26
6756.6,39
6757.9,14
6758.1,16
6758.3,21
6758.4,10
6759.2,18
6759.2,36
6759.8,25
6760.1,24
6761.4,30
6762.4,7
6763.6,0
6764.2,28
6764.6,35
6765.0,4
6765.3,13
6765.4,2
6765.6,34
6765.9,8
6766.2,9
6766.8,16
6766.8,32
6766.8,33
6767.1,15
6767.3,20
6767.6,23
6768.7,14
6769.7,10
6770.1,21
6770.6,38
6770.7,39
6771.5,27
6771.5,29
6771.8,1
6771.8,3
6772.5,11
6772.5,17
6772.7,24
6773.5,18
6773.6,37
6773.7,35
6774.2,31
6774.3,28
6774.7,22
6774.8,20
6775.5,0
6776.6,16
6776.8,30
6777.8,26
6779.9,32
6780.2,7
6780.9,8
6781.9,10
6782.8,24
6783.0,38
6783.5,1
6784.9,25
6785.7,5
6785.9,17
6786.2,23
6786.8,34
6787.0,35
6787.7,39
6788.0,28
6788.3,4
6788.9,0
6788.9,18
6789.1,16
6789.7,21
6789.9,30
6790.3,37
6790.8,36
6790.9,2
6791.4,11
6792.0,14
6793.0,13
6794.1,15
6794.6,20
6794.7,10
6794.7,24
6794.8,27
6795.2,9
6795.6,32
6796.4,26
6796.5,8
6797.0,33
6797.9,29
6798.5,28
6798.7,38
6799.6,1
6799.8,7
6800.2,0
6801.2,17
6801.7,21
6801.9,4
6803.9,8
6803.9,16
6804.7,23
6804.9,3
6805.0,35
6806.2,39
6806.3,2
6806.3,10
6806.5,14
6808.3,13
6808.9,0
6809.9,20
6809.9,34
6810.1,25
6810.3,28
6811.1,18
6811.4,27
6811.6,21
6811.7,37
6811.9,38
6812.5,26
6812.7,1
6813.2,32
6813.3,16
6813.8,30
6814.8,7
6814.9,23
6815.4,22
6816.2,24
6817.5,11
6817.7,8
6818.1,0
6818.1,10
6818.7,35
6819.4,25
6819.7,27
6820.6,4
6820.6,15
6820.9,36
6822.1,14
6822.7,33
6823.0,9
6823.0,31
6823.3,39
6824.2,28
6825.0,5
6825.4,26
6825.4,38
6826.5,8
6826.5,17
6827.4,35
6827.5,21
6827.6,20
6827.7,16
6827.8,18
6828.3,29
6828.3,32
6828.5,0
6828.7,10
6829.5,37
6829.8,1
6832.8,24
6833.2,3
6834.1,30
6834.3,4
6834.4,28
6835.1,2
6835.3,7
6835.8,23
6836.1,8
6836.3,34
6836.5,14
6838.3,13
6839.0,16
6839.0,26
6839.3,35
6839.3,38
6839.3,39
6839.4,27
6839.6,0
6839.7,22
6840.0,10
6843.6,20
6844.1,21
6844.2,28
6844.4,24
6845.1,32
6845.6,29
6846.6,8
6846.6,25
6847.1,9
6847.3,7
6848.0,1
6848.7,30
6849.6,10
6850.3,37
6850.6,17
6852.2,16
6852.3,18
6852.8,4
6852.9,39
6853.0,11
6853.0,15
6853.0,33
6853.2,26
6853.4,27
6853.5,14
6853.5,38
6853.9,5
6854.0,23
6854.0,35
6855.0,0
6855.0,28
6857.0,36
6857.1,8
6857.3,21
6858.4,3
6858.9,10
6859.3,7
6860.2,35
6861.6,30
6863.1,0
6865.1,24
6865.4,23
6865.5,20
6866.2,16
6866.2,34
6866.4,32
6866.8,4
6867.7,1
6867.8,26
6868.1,8
6868.7,10
6868.7,38
6869.0,25
6869.5,14
6869.7,2
6869.8,28
6870.5,35
6870.9,0
6871.8,13
6872.3,39
6872.6,21
6872.6,31
6873.6,17
6874.5,29
6875.4,27
6875.5,18
6876.1,30
6876.3,1
6876.8,7
6876.8,10
6877.3,16
6878.5,20
6879.2,33
6882.4,24
6882.5,4
6883.2,14
6883.3,25
6883.4,28
6883.6,23
6884.1,8
6884.1,9
6884.3,38
6885.0,0
6888.1,1
6888.4,29
6888.4,35
6888.9,36
6889.2,26
6889.2,39
6889.7,37
6889.8,15
6889.9,3
6890.9,2
6891.0,10
6891.5,22
6891.5,31
6891.7,21
6892.2,16
6892.9,20
6893.0,34
6893.2,17
6893.4,23
6894.0,5
6894.0,9
6894.5,28
6895.0,11
6895.5,7
6895.7,0
6895.8,32
6896.2,30
6897.2,39
6897.4,8
6897.5,38
6898.0,14
6898.9,24
6898.9,25
6899.1,18
6899.3,21
6899.8,10
6899.8,35
6900.1,13
6900.2,1
6901.1,4
6901.5,27
6903.1,28
6905.7,16
6906.9,20
6907.8,8
6907.9,23
6908.9,29
6909.2,10
6909.3,5
6909.3,7
6909.5,28
6909.7,17
6910.0,33
6910.3,0
6910.7,26
6910.7,32
6911.1,18
6911.9,35
6912.1,14
6912.3,4
6913.4,22
6913.8,24
6915.2,38
6915.4,2
6915.5,15
6915.6,1
6916.3,21
6916.5,31
6917.1,39
6917.2,3
6917.4,30
6917.5,16
6918.4,27
6918.8,36
6919.0,28
6919.2,23
6919.6,34
6920.5,8
6921.2,25
6922.1,7
6922.1,37
6922.6,0
6923.2,35
6924.4,4
6924.9,20
6925.6,13
6925.8,17
6925.8,32
6926.4,10
6927.9,30
6928.9,28
6930.0,14
6930.5,8
6930.8,1
6931.0,16
6931.0,38
6931.3,21
6931.9,9
6932.0,24
6932.1,29
6933.5,7
6933.6,26
6933.7,15
6933.9,23
6934.5,0
6935.0,27
6935.5,10
6935.9,35
6938.9,2
6939.3,33
6939.5,39
6939.6,28
6940.4,16
6940.7,20
6941.8,32
6942.0,38
6942.0,17
6942.3,31
6942.9,4
6943.4,18
6943.6,22
6943.6,30
6945.9,26
6946.1,8
6946.1,25
6946.2,29
6946.4,21
6946.5,14
6947.1,23
6947.2,1
6948.4,0
6948.5,10
6950.9,20
6951.5,34
6952.3,38
6952.6,37
6952.9,28
6953.5,16
6953.8,35
6954.1,4
6954.8,3
6955.1,5
6955.9,15
6956.2,32
6956.8,8
6956.9,7
6957.6,21
6957.9,27
6958.7,24
6959.4,18
6959.5,1
6959.7,33
6959.9,29
6960.7,23
6961.5,26
6961.9,13
6962.1,35
6962.4,11
6962.5,0
6962.5,22
6962.6,30
6962.7,10
6962.7,36
6962.8,16
6963.7,28
6963.9,20
6964.1,14
6964.2,9
6964.3,39
6964.7,17
6966.9,38
6968.1,8
6968.4,34
6970.6,1
6970.6,10
6971.6,4
6971.8,25
6972.2,16
6972.6,7
6972.8,21
6973.3,31
6973.8,0
6976.3,27
6976.8,28
6977.1,18
6977.7,20
6977.7,32
6978.4,33
6979.7,10
6980.5,29
6980.7,30
6980.9,23
6981.6,7
6981.6,38
6981.7,14
6981.9,26
6982.0,8
6982.1,35
6982.5,21
6983.6,4
6984.3,3
6985.0,0
6985.3,37
6986.7,1
6986.7,13
6986.8,5
6986.8,16
6986.8,28
6986.9,2
6987.2,15
6987.6,24
6988.5,17
6989.1,20
6990.0,31
6990.2,25
6990.4,9
6990.5,18
6990.7,8
6991.5,39
6991.8,7
6991.9,10
6992.7,35
6992.9,30
6993.3,34
6993.8,4
6995.1,14
6995.2,32
6995.2,36
6996.5,29
6996.8,26
6997.0,0
6997.0,16
6997.9,27
6998.0,23
6998.2,22
6998.4,11
6999.4,38
7000.0,21
7002.2,28
7002.8,35
7003.0,7
7003.2,24
7003.6,1
7004.4,10
7004.9,20
7005.1,25
7005.4,37
7005.7,17
7006.9,33
7007.5,30
7007.8,18
7008.3,3
7008.4,8
7011.4,28
7011.5,16
7011.5,39
7011.8,0
7012.0,10
7012.6,14
7012.6,15
7013.6,32
7013.8,26
7013.9,11
7014.3,21
7014.4,24
7014.4,35
7015.0,4
7019.2,27
7019.4,1
7019.7,38
7020.1,34
7020.3,28
7020.3,30
7020.4,7
7020.6,23
7020.8,36
7021.1,13
7021.2,29
7021.2,20
7021.7,35
7022.7,9
7023.5,4
7023.7,8
7023.7,10
7024.1,16
7025.1,2
7025.4,18
7025.4,37
7025.5,0
7025.5,17
7026.1,33
7026.4,32
7026.7,31
7027.4,24
7030.1,39
7030.9,15
7031.8,21
7031.9,26
7032.2,1
7034.8,30
7035.7,3
7036.0,14
7036.3,20
7037.1,29
7037.2,38
7037.6,27
7038.0,10
7038.1,8
7038.2,16
7038.3,25
7038.3,35
7038.3,37
7038.8,9
7038.9,0
7039.2,28
7040.1,34
7040.5,7
7042.9,23
7043.8,1
7043.9,4
7043.9,17
7044.8,24
7047.4,26
7047.7,8
7048.3,39
7048.8,2
7048.8,11
7048.8,14
7048.9,10
7049.2,16
7050.6,20
7050.7,30
7050.9,21
7051.1,38
7051.4,28
7051.6,15
7052.3,7
7052.3,13
7052.6,36
7052.7,32
7053.7,3
7053.9,0
7054.8,22
7055.1,1
7055.2,18
7057.7,31
7058.1,35
7058.2,37
7059.3,9
7059.3,39
7059.6,25
7059.8,10
7059.8,24
7060.1,8
7061.2,33
7061.8,23
7062.0,16
7062.0,28
7064.3,5
7064.4,27
7064.7,29
7065.1,17
7066.0,26
7067.3,1
7069.0,32
7069.2,14
7069.2,20
7069.3,4
7069.4,34
7069.5,3
7069.6,24
7069.7,0
7070.3,10
7070.6,18
7070.6,38
7070.8,8
7071.4,21
7071.6,25
7071.6,35
7072.7,16
7073.8,7
7076.0,28
7076.2,2
7076.3,39
7077.5,30
7077.7,23
7077.8,13
7078.7,1
7078.9,36
7079.3,24
7079.3,27
7079.4,0
7079.8,17
7080.0,21
7080.7,10
7080.9,38
7081.4,8
7081.7,14
7084.7,16
7084.8,15
7085.0,33
7085.2,7
7085.2,28
7085.3,35
7086.0,20
7089.4,1
7089.8,26
7089.8,37
7090.6,32
7090.9,9
7091.4,24
7091.6,31
7091.9,29
7092.1,3
7092.2,25
7092.3,34
7092.5,10
7092.8,39
7093.0,27
7093.3,30
7093.5,16
7093.7,0
7093.8,28
7094.1,4
7094.2,17
7094.8,22
7096.8,18
7097.0,23
7097.0,38
7097.7,8
7098.2,35
7098.3,21
7098.7,37
7098.8,1
7099.3,14
7099.3,20
7100.8,36
7100.9,28
7105.5,16
7105.9,26
7106.9,27
7107.9,7
7108.3,10
7108.7,0
7108.7,30
7108.7,39
7109.0,1
7109.2,8
7109.6,32
7109.7,4
7109.9,15
7109.9,25
7110.8,13
7111.0,21
7111.2,5
7111.4,29
7111.7,38
7112.0,34
7113.7,18
7114.3,26
7114.7,2
7114.7,10
7114.8,20
7115.1,23
7115.5,24
7115.9,35
7116.0,9
7117.0,14
7117.2,33
7118.8,37
7119.3,28
7119.6,7
7119.6,8
7120.4,16
7120.6,0
7120.6,38
7122.2,11
7122.8,4
7123.0,30
7123.2,13
7123.5,1
7127.0,20
7127.3,10
7127.4,21
7127.7,17
7127.8,32
7128.3,28
7129.5,29
7129.7,8
7129.7,23
7130.6,39
7130.9,27
7131.1,3
7131.1,16
7131.6,14
7131.7,0
7132.1,35
7132.4,25
7132.4,26
7134.6,2
7134.8,38
7135.2,4
7135.6,1
7135.6,33
7135.7,18
7135.9,34
7136.7,10
7137.1,31
7137.4,36
7138.4,7
7138.5,24
7138.6,16
7139.2,28
7139.8,9
7140.0,32
7140.2,30
7140.9,14
7141.2,21
7141.6,37
7141.6,39
7142.5,20
7143.6,8
7143.7,15
7144.4,35
7144.5,13
7144.5,17
7145.0,23
7145.4,3
7146.6,0
7146.6,1
7146.6,22
7147.8,10
7148.5,4
7149.1,28
7152.1,11
7152.2,38
7152.7,26
7153.2,7
7153.5,16
7153.6,24
7154.5,8
7154.5,39
7155.3,37
7155.7,14
7156.4,25
7157.7,30
7159.4,1
7159.9,21
7160.4,3
7160.6,10
7160.8,0
7161.0,20
7161.1,18
7161.1,35
7161.8,38
7162.3,28
7162.4,27
7162.8,17
7163.4,23
7163.7,32
7164.0,34
7165.0,8
7165.0,14
7167.0,4
7167.1,16
7167.6,29
7169.5,33
7170.4,7
7170.4,10
7170.8,5
7171.0,9
7171.2,6
7171.8,2
7172.0,22
7172.0,39
7172.1,30
7172.2,26
7172.3,8
7172.4,0
7172.4,1
7172.5,25
7172.9,31
7173.0,28
7173.7,24
7175.2,18
7175.9,17
7176.5,13
7176.5,21
7176.6,15
7176.7,23
7177.1,20
7177.8,35
7178.4,4
7179.1,37
7179.3,36
7179.7,3
7181.2,0
7181.2,14
7181.3,16
7182.6,10
7182.6,32
7184.3,21
7184.3,28
7184.3,38
7184.7,7
7185.4,25
7185.5,1
7185.8,30
7186.6,34
7186.8,8
7188.4,27
7188.6,18
7188.7,39
7189.6,20
7189.6,26
7190.5,35
7191.7,23
7193.9,17
7194.0,33
7194.4,16
7194.5,28
7195.2,0
7196.2,10
7197.0,24
7197.3,29
7197.8,37
7198.1,1
7198.2,4
7198.8,3
7201.4,7
7201.6,30
7202.2,21
7202.5,23
7202.8,14
7202.9,2
7202.9,16
7203.0,8
7203.4,13
7203.6,35
7204.0,38
7204.3,32
7205.0,18
7205.3,36
7206.4,22
7206.7,26
7207.3,20
7207.7,0
7207.8,28
7208.0,9
7208.0,31
7209.2,27
7209.4,10
7209.5,21
7209.5,34
7210.6,16
7211.0,39
7212.3,24
7213.5,7
7213.6,8
7214.2,1
7215.0,4
7216.1,35
7216.2,14
7216.3,29
7216.7,34
7216.7,38
7217.0,10
7217.0,17
7217.1,33
7217.2,23
7217.2,25
7217.4,37
7217.9,28
7220.9,2
7221.8,20
7222.1,27
7222.3,18
7222.3,39
7222.9,0
7222.9,21
7223.4,36
7223.6,30
7224.3,16
7224.7,8
7225.5,38
7225.8,26
7226.2,25
7228.3,10
7228.5,28
7229.0,22
7229.4,1
7229.6,4
7229.7,3
7229.9,7
7230.4,32
7230.6,11
7231.6,15
7234.6,14
7234.9,23
7236.9,35
7237.2,24
7237.4,2
7237.8,16
7238.0,8
7238.2,7
7239.3,21
7239.3,30
7239.5,20
7239.6,28
7239.7,0
7240.2,10
7240.8,17
7241.2,13
7241.5,1
7241.6,37
7243.2,38
7243.3,29
7243.4,31
7243.7,26
7243.8,39
7244.2,9
7244.6,34
7245.9,33
7246.8,25
7247.3,32
7247.4,4
7247.4,35
7247.7,14
7247.8,8
7248.9,16
7249.7,17
7249.7,27
7249.8,7
7250.0,28
7251.0,10
7252.7,21
7252.9,15
7253.4,23
7255.6,3
7255.6,35
7256.4,0
7256.4,5
7257.9,38
7258.3,4
7258.4,39
7258.7,16
7258.9,1
7260.0,31
7262.0,18
7262.6,20
7263.4,26
7263.7,11
7263.7,30
7263.9,8
7263.9,36
7264.0,28
7264.2,10
7265.9,25
7266.2,37
7266.7,14
7266.9,21
7266.9,24
7267.0,32
7267.0,33
7268.9,1
7269.0,38
7269.8,0
7270.3,4
7270.6,2
7270.9,20
7271.5,27
7271.8,7
7272.0,16
7272.0,17
7273.0,35
7273.3,9
7273.8,29
7274.6,23
7274.9,22
7276.0,39
7276.3,3
7276.4,8
7276.5,10
7277.5,28
7279.6,30
7279.7,13
7279.9,0
7280.2,21
7280.5,34
7280.8,31
7281.8,17
7281.9,16
7282.1,1
7282.1,26
7282.2,15
7283.3,24
7283.6,38
7283.7,25
7284.1,33
7284.2,10
7284.9,14
7286.7,32
7287.1,7
7287.6,6
7288.3,20
7288.8,4
7288.8,27
7288.9,8
7289.4,37
7289.4,39
7289.5,18
7289.5,29
7290.0,23
7290.4,28
7290.7,26
7290.9,1
7291.9,21
7292.5,35
7293.1,3
7293.3,30
7294.3,0
7294.7,24
7295.3,38
7295.6,10
7295.8,16
7297.8,28
7298.2,7
7299.0,4
7299.7,27
7300.0,13
7300.1,20
7300.6,1
7300.8,8
7301.0,17
7301.2,32
7301.4,9
7301.5,14
7301.6,2
7301.6,29
7301.9,35
7303.0,10
7304.4,39
7304.6,23
7305.7,5
7307.1,33
7307.3,36
7307.5,22
7308.6,26
7308.7,0
7308.9,16
7308.9,34
7309.3,21
7309.3,28
7309.9,38
7310.7,1
7311.0,8
7311.2,25
7311.8,4
7312.6,31
7313.1,30
7313.5,10
7313.8,13
7314.1,37
7316.1,7
7316.2,29
7316.3,18
7317.0,14
7317.5,35
7317.6,20
7317.9,11
7318.0,23
7318.8,39
7318.9,15
7319.1,26
7319.3,0
7319.3,24
7319.5,34
7319.8,17
7320.0,3
7320.8,10
7321.0,36
7322.3,32
7324.1,27
7324.4,28
7324.6,38
7324.8,21
7324.9,6
7326.0,4
7327.5,33
7327.6,16
7327.8,8
7327.9,0
7329.4,30
7330.2,9
7330.5,35
7331.9,10
7331.9,17
7332.1,7
7333.9,24
7334.1,14
7335.2,1
7335.3,2
7336.0,39
7336.2,18
7336.2,38
7336.7,32
7336.8,20
7336.9,22
7337.0,29
7337.5,26
7337.5,31
7337.6,5
7337.6,13
7338.0,36
7338.1,8
7338.4,28
7338.6,23
7339.0,16
7339.1,10
7339.4,0
7339.5,21
7340.4,37
7340.5,34
7341.4,17
7341.7,35
7342.5,15
7342.5,25
7343.2,3
7343.4,1
7343.5,4
7343.7,30
7344.2,7
7344.6,27
7345.4,16
7345.7,21
7347.5,14
7348.2,10
7348.8,8
7349.9,38
7350.2,0
7351.0,26
7351.0,39
7351.2,28
7351.6,33
7352.9,7
7353.1,23
7353.4,2
7356.0,11
7356.0,20
7356.1,22
7356.1,34
7356.2,30
7356.3,35
7356.4,24
7358.5,16
7358.6,21
7358.8,17
7359.3,32
7360.2,18
7360.4,29
7361.0,0
7361.0,10
7362.5,13
7362.6,1
7363.0,8
7365.3,9
7365.5,4
7365.5,27
7366.1,28
7368.2,23
7369.1,33
7370.0,39
7370.3,20
7370.7,14
7370.9,38
7371.8,24
7372.3,0
7372.5,30
7372.5,37
7372.7,7
7373.2,15
7373.2,16
7373.7,31
7373.8,10
7373.9,28
7374.2,35
7374.9,8
7375.4,26
7375.5,1
7376.0,13
7376.2,25
7376.3,3
7376.4,34
7379.5,20
7379.9,4
7380.3,21
7381.1,27
7381.2,5
7382.2,2
7382.2,14
7382.5,32
7382.7,18
7382.8,10
7383.5,23
7384.2,29
7385.4,11
7386.5,8
7386.9,16
7387.1,0
7387.2,33
7387.5,30
7387.6,34
7387.8,38
7387.9,28
7388.6,39
7389.6,7
7389.7,1
7391.8,21
7392.3,17
7393.7,24
7393.9,9
7393.9,22
7394.2,27
7395.2,35
7395.4,26
7395.5,31
7395.7,10
7396.0,25
7396.1,28
7396.7,13
7397.7,0
7397.9,4
7398.4,39
7398.8,23
7398.8,37
7399.1,8
7399.5,20
7399.6,29
7399.8,38
7399.9,1
7400.7,30
7401.3,7
7401.5,14
7401.9,18
7402.0,16
7402.4,36
7402.9,2
7403.0,3
7403.9,32
7404.9,27
7405.0,10
7405.4,28
7405.9,0
7406.3,15
7406.3,26
7408.3,34
7408.4,21
7409.6,35
7411.3,17
7411.4,25
7411.7,1
7411.9,3
7411.9,24
7412.4,23
7412.8,8
7413.1,16
7413.2,10
7413.6,38
7413.7,39
7417.0,4
7417.2,28
7418.2,0
7419.2,14
7419.3,18
7419.6,20
7420.0,30
7420.6,7
7420.6,15
7421.0,27
7423.8,13
7424.1,21
7424.3,11
7424.4,33
7424.7,9
7424.7,23
7424.8,38
7425.2,10
7425.4,29
7425.4,32
7426.2,17
7426.3,3
7426.3,24
7426.4,35
7427.0,28
7428.0,25
7428.8,16
7429.1,26
7429.9,7
7429.9,8
7429.9,39
7430.0,0
7430.3,1
7430.7,20
7430.7,30
7431.1,14
7431.2,36
7433.7,10
7434.2,2
7435.0,4
7436.1,35
7438.3,23
7438.7,34
7439.9,5
7440.7,9
7441.6,7
7441.9,17
7442.3,24
7442.5,21
7442.6,30
7442.8,22
7443.4,15
7443.5,1
7443.6,0
7443.7,38
7444.5,8
7444.6,16
7444.6,28
7445.3,31
7445.7,13
7446.5,32
7447.3,27
7447.5,20
7447.9,10
7448.3,26
7449.0,29
7449.1,18
7449.1,39
7449.3,25
7450.4,11
7450.5,36
7450.8,14
7452.8,8
7453.4,24
7453.6,3
7455.0,33
7455.3,4
7455.6,0
7456.0,10
7456.4,23
7456.5,1
7457.4,28
7457.6,30
7457.9,7
7457.9,20
7458.5,16
7458.5,35
7458.7,14
7458.9,32
7460.7,21
7460.8,25
7460.8,38
7461.3,8
7462.0,24
7462.5,26
7465.1,17
7465.7,20
7467.5,14
7467.5,29
7468.1,9
7468.1,39
7469.0,10
7470.5,28
7471.6,0
7471.6,27
7471.6,37
7472.5,22
7473.3,1
7473.5,30
7474.1,4
7474.2,16
7475.3,23
7475.3,38
7475.5,18
7475.5,35
7476.2,8
7476.2,33
7476.4,34
7476.5,32
7476.6,21
7476.7,3
7476.7,7
7476.9,10
7477.7,2
7477.9,13
7477.9,26
7481.7,28
7481.8,20
7482.4,24
7483.4,0
7484.6,8
7486.4,25
7486.7,30
7486.8,27
7487.1,11
7487.3,7
7487.3,9
7487.7,4
7487.8,14
7489.1,10
7489.2,38
7489.5,17
7489.5,29
7490.1,21
7490.4,23
7491.0,0
7491.0,28
7491.0,35
7491.2,20
7491.2,39
7491.3,16
7493.0,3
7494.5,1
7495.1,26
7495.4,33
7495.5,34
7495.7,32
7495.7,36
7496.1,8
7496.4,31
7497.0,13
7497.8,15
7497.8,17
7500.1,10
7500.5,14
7500.8,37
7502.7,20
7502.7,24
7502.7,30
7504.2,4
7504.3,18
7504.8,38
7505.3,0
7505.6,7
7505.7,21
7506.2,16
7506.4,27
7507.1,28
7507.2,25
7507.5,35
7508.1,1
7508.3,39
7508.7,9
7508.7,8
7510.4,10
7510.7,26
7511.1,17
7512.1,33
7512.3,32
7513.1,23
7513.1,29
7514.2,2
7516.4,30
7517.1,16
7518.5,0
7519.6,1
7519.8,7
7520.1,11
7520.4,24
7520.6,5
7520.8,37
7521.1,36
7521.5,34
7521.9,35
7521.9,39
7522.1,26
7522.2,14
7522.2,22
7522.3,13
7522.7,4
7522.7,20
7522.9,28
7523.0,21
7523.2,3
7523.3,17
7523.5,10
7528.2,8
7529.1,18
7530.3,23
7530.4,0
7530.4,16
7530.4,25
7531.1,15
7531.1,33
7531.1,39
7531.2,38
7531.3,27
7531.4,10
7531.5,1
7531.7,30
7531.9,29
7532.1,9
7532.2,7
7532.2,35
7532.5,19
7537.2,4
7537.9,32
7538.0,14
7538.9,21
7539.2,20
7539.5,24
7540.0,28
7540.3,26
7541.0,36
7541.2,8
7541.3,10
7541.5,2
7541.8,37
7541.9,16
7542.6,23
7543.8,38
7543.9,29
7544.8,7
7545.0,13
7545.1,17
7545.4,34
7545.8,1
7546.1,3
7547.2,0
7547.5,27
7548.0,16
7548.2,31
7549.0,4
7549.4,39
7550.2,35
7550.5,32
7551.3,10
7551.3,20
7551.8,30
7552.8,21
7552.8,26
7553.1,8
7553.4,33
7553.5,11
7554.7,14
7555.6,25
7556.3,22
7557.0,23
7558.2,28
7558.4,24
7559.5,5
7559.6,3
7559.8,7
7560.0,10
7560.6,1
7561.9,9
7562.4,16
7563.2,8
7563.3,15
7563.3,38
7565.1,4
7565.1,18
7565.5,29
7565.6,0
7565.8,34
7566.5,20
7567.0,32
7567.2,26
7567.2,39
7568.0,17
7568.0,35
7568.4,30
7568.5,22
7569.0,21
7571.2,28
7572.7,37
7573.1,27
7573.4,8
7573.5,4
7574.6,10
7575.4,7
7575.4,25
7575.6,14
7575.9,16
7575.9,36
7576.0,1
7576.4,38
7577.6,2
7578.5,0
7578.5,20
7580.7,34
7581.2,28
7581.8,21
7582.1,13
7582.4,15
7582.4,24
7582.7,33
7582.9,26
7582.9,29
7583.0,3
7583.1,32
7584.0,16
7584.1,31
7584.2,17
7585.0,8
7585.7,6
7586.1,1
7589.1,10
7590.7,9
7592.1,0
7592.4,35
7593.1,14
7593.4,30
7593.5,15
7593.6,11
7593.7,28
7593.8,4
7593.8,20
7594.1,3
7594.3,21
7594.6,2
7594.9,38
7595.2,27
7595.2,37
7595.5,7
7595.6,23
7595.6,39
7596.1,18
7596.4,8
7597.1,25
7597.1,1
7598.1,10
7598.5,16
7598.5,32
7599.1,5
7599.4,17
7600.5,35
7600.7,26
7601.9,13
7602.3,29
7602.3,36
7602.7,0
7603.0,14
7603.9,28
7604.5,3
7605.9,8
7606.3,33
7607.3,20
7608.4,22
7608.4,24
7609.2,9
7609.3,10
7609.3,16
7609.3,17
7609.3,21
7609.3,38
7609.8,4
7610.7,23
7611.2,11
7611.7,15
7611.7,25
7611.8,28
7611.8,34
7612.4,30
7612.7,1
7612.9,18
7613.9,37
7614.5,7
7614.9,26
7615.9,5
7617.1,27
7617.3,39
7618.5,8
7618.7,0
7618.8,10
7619.9,35
7620.8,31
7621.5,14
7622.3,24
7622.3,29
7622.5,32
7622.9,4
7623.1,36
7623.3,16
7623.4,38
7623.7,23
7623.8,28
7624.1,20
7624.6,21
7624.7,22
7624.8,17
7625.8,7
7627.4,0
7627.9,27
7628.3,1
7628.3,35
7628.7,8
7629.5,33
7630.8,30
7631.6,3
7631.8,13
7631.8,26
7632.2,10
7632.4,25
7632.7,16
7633.0,28
7633.5,18
7635.7,4
7637.9,21
7637.9,24
7637.9,39
7638.6,14
7638.7,8
7639.0,38
7639.7,7
7639.7,34
7640.1,15
7640.1,35
7640.3,36
7640.5,20
7640.6,23
7640.8,0
7640.8,10
7641.0,9
7641.0,37
7641.2,1
7641.2,16
7641.4,30
7641.5,2
7641.5,28
7641.7,29
7641.9,25
7641.9,27
7646.1,17
7646.7,33
7646.8,26
7649.8,4
7649.8,11
7650.2,13
7651.0,16
7651.0,38
7651.2,0
7651.2,39
7651.5,3
7651.5,8
7652.3,10
7652.3,20
7653.2,28
7654.8,1
7654.8,32
7654.9,21
7655.1,17
7655.4,23
7655.4,24
7655.8,7
7656.4,27
7656.9,35
7657.3,18
7657.6,26
7658.7,38
7658.9,14
7660.7,25
7661.0,4
7661.3,2
7661.3,29
7661.6,8
7661.9,39
7662.3,34
7662.9,0
7663.3,10
7664.4,28
7664.7,16
7665.3,21
7665.5,30
7666.1,1
7666.2,36
7667.1,24
7667.8,20
7667.8,35
7668.9,8
7669.3,4
7669.3,37
7670.2,17
7670.4,31
7670.8,7
7671.0,27
7671.0,33
7672.0,3
7672.9,10
7673.2,32
7673.7,15
7673.7,22
7675.1,16
7675.1,29
7675.3,23
7675.7,28
7675.9,9
7676.7,0
7676.9,18
7676.9,26
7677.4,14
7677.4,38
7678.8,13
7679.1,10
7679.1,35
7679.6,1
7681.3,39
7682.0,28
7682.0,30
7682.1,20
7682.4,33
7682.8,21
7684.9,8
7685.5,34
7685.6,2
7685.9,16
7686.6,25
7687.5,4
7687.9,37
7688.6,7
7688.8,10
7689.0,26
7690.1,17
7690.3,1
7690.3,35
7690.5,27
7691.7,28
7691.8,20
7691.9,0
7692.0,3
7692.2,8
7692.5,24
7692.9,38
7693.3,14
7693.6,34
7693.9,16
7695.2,32
7696.2,5
7696.5,36
7698.8,23
7699.6,21
7699.8,4
7700.2,31
7700.4,39
7701.3,25
7701.3,30
7701.5,10
7702.4,0
7702.5,8
7702.9,7
7703.8,24
7704.3,38
7704.4,35
7705.3,14
7705.7,32
7706.0,18
7706.0,28
7706.1,29
7706.3,27
7706.5,16
7706.6,1
7707.1,17
7707.1,20
7707.1,36
7707.5,19
7709.2,26
7711.1,4
7711.3,7
7712.8,10
7714.0,8
7714.8,22
7715.7,0
7715.7,34
7715.8,32
7716.7,16
7717.6,28
7717.9,25
7718.8,38
7718.9,20
7720.0,17
7720.1,37
7720.4,21
7720.5,23
7721.0,33
7721.2,2
7721.2,9
7721.5,35
7722.3,3
7722.6,11
7722.6,15
7722.7,14
7724.1,10
7724.7,8
7725.5,39
7726.0,30
7726.2,18
7726.3,1
7726.3,24
7726.6,16
7727.3,28
7727.3,29
7727.7,4
7727.8,26
7727.9,23
7728.1,0
7729.0,38
7730.8,25
7732.3,35
7733.3,27
7733.5,7
7733.5,8
7734.5,9
7734.8,2
7735.3,32
7736.3,10
7736.4,14
7737.3,28
7737.4,31
7737.6,20
7737.7,13
7738.9,16
7739.0,34
7739.0,37
7739.1,24
7739.1,26
7739.2,21
7739.3,17
7739.4,30
7740.9,39
7741.2,22
7741.3,33
7741.7,0
7742.8,7
7742.9,1
7743.1,11
7743.8,38
7744.5,28
7745.2,4
7745.2,20
7745.5,10
7745.8,18
7745.9,8
7746.7,21
7746.7,36
7747.4,29
7747.6,23
7750.7,3
7751.3,25
7751.7,35
7752.2,1
7752.5,15
7752.8,2
7752.9,16
7753.2,24
7753.4,27
7754.3,8
7754.5,30
7754.9,14
7757.3,28
7757.4,17
7757.7,0
7757.9,38
7758.4,39
7758.6,10
7758.8,7
7759.8,20
7759.8,23
7759.8,26
7759.9,13
7760.4,4
7760.4,16
7761.3,21
7761.6,32
7762.0,3
7765.6,9
7765.7,34
7765.9,37
7767.0,28
7767.6,18
7767.7,1
7768.7,35
7768.8,24
7769.0,25
7769.1,5
7769.3,2
7769.3,33
7769.6,23
7769.6,29
7769.8,16
7770.0,39
7770.4,27
7770.6,10
7771.0,8
7771.2,14
7771.2,30
7772.4,0
7773.0,38
7773.2,36
7774.2,21
7774.8,17
7775.8,7
7778.2,20
7778.6,10
7778.9,28
7780.7,8
7781.1,4
7783.2,16
7783.3,23
7784.2,26
7784.4,0
7784.6,7
7784.9,35
7785.5,31
7785.9,11
7786.0,38
7786.3,18
7786.3,22
7786.5,24
7786.9,3
7787.3,32
7787.5,20
7787.5,34
7787.7,28
7788.3,17
7788.3,30
7788.4,27
7788.7,29
7789.0,13
7789.2,14
7789.7,8
7789.9,1
7790.2,25
7790.3,37
7790.5,10
7790.8,21
7790.9,33
7791.9,35
7792.0,16
7792.8,39
7795.8,2
7796.3,7
7797.3,0
7799.3,4
7800.9,10
7802.0,15
7802.3,8
7802.5,20
7802.7,28
7802.8,25
7803.8,26
7803.9,36
7804.0,17
7804.1,3
7804.6,5
7804.6,14
7804.7,30
7804.7,38
7804.9,13
7805.2,24
7805.6,16
7805.9,21
7805.9,32
7806.7,35
7806.9,9
7807.3,22
7807.9,1
7808.1,23
7808.8,18
7809.0,34
7810.2,39
7810.3,10
7810.7,28
7810.8,4
7811.5,7
7811.5,33
7812.1,37
7812.4,29
7813.0,8
7814.1,16
7815.3,20
7815.7,0
7816.2,11
7816.5,26
7816.6,38
7816.8,21
7816.9,27
7818.6,2
7819.6,1
7820.0,35
7820.0,39
7820.2,14
7820.3,36
7821.3,10
7821.8,5
7822.5,30
7823.5,31
7824.2,16
7824.3,28
7826.7,27
7827.2,24
7827.4,15
7828.0,7
7828.4,8
7828.4,21
7828.6,34
7829.0,1
7829.2,38
7829.4,17
7829.7,37
7830.2,18
7830.2,23
7830.4,25
7830.6,22
7831.1,3
7831.1,4
7831.3,9
7831.4,0
7832.6,20
7834.4,10
7834.6,39
7835.4,29
7835.9,26
7836.4,35
7836.6,16
7837.1,32
7838.2,30
7838.4,28
7839.9,27
7840.0,7
7841.3,8
7841.8,38
7842.0,0
7844.0,21
7845.6,24
7846.1,1
7846.8,10
7847.1,33
7847.6,26
7847.9,28
7848.2,14
7848.2,25
7848.4,16
7849.0,13
7849.2,29
7849.4,20
7849.5,4
7849.5,35
7850.1,8
7851.6,0
7853.7,30
7854.2,39
7854.8,18
7854.8,37
7855.9,22
7855.9,23
7856.0,34
7856.2,2
7856.4,32
7856.5,5
7856.5,11
7857.4,17
7857.5,1
7860.3,38
7860.6,27
7861.0,28
7861.2,21
7861.5,16
7861.8,14
7861.8,36
7862.3,10
7862.6,3
7864.1,7
7864.6,0
7864.9,35
7866.3,8
7866.3,26
7866.7,20
7866.8,9
7868.0,21
7868.4,24
7868.7,33
7868.8,4
7869.3,15
7869.7,13
7870.0,27
7870.3,10
7870.3,31
7870.8,7
7870.8,37
7872.0,16
7874.1,32
7874.2,39
7874.5,30
7874.8,8
7875.1,17
7875.4,1
7875.4,25
7876.5,23
7877.1,28
7877.3,5
7878.6,0
7878.7,29
7879.4,3
7879.4,18
7880.3,7
7880.3,21
7880.3,35
7880.7,2
7880.7,34
7880.8,14
7881.1,38
7882.8,28
7883.1,16
7884.0,20
7885.7,8
7886.4,33
7886.5,10
7887.3,36
7887.9,26
7888.6,30
7889.1,4
7890.1,1
7891.2,24
7891.4,27
7891.4,32
7893.2,39
7894.2,7
7894.5,23
7894.6,16
7894.6,25
7894.7,21
7894.8,0
7895.2,28
7895.7,31
7895.9,38
7897.1,10
7898.3,8
7899.8,22
7900.0,20
7900.2,4
7901.0,11
7901.2,35
7901.6,30
7902.0,1
7903.1,37
7903.3,2
7904.4,29
7904.7,28
7904.8,26
7905.4,14
7905.5,17
7906.5,3
7906.5,16
7906.9,39
7907.8,27
7908.4,18
7908.5,8
7909.1,0
7909.6,7
7911.0,15
7911.0,21
7911.3,10
7912.0,34
7912.1,36
7912.3,35
7913.1,9
7913.8,24
7914.3,38
7914.6,23
7914.6,32
7915.6,26
7916.5,28
7916.5,31
7917.4,5
7918.5,1
7918.6,39
7919.1,4
7919.7,0
7920.6,20
7920.6,34
7920.8,16
7920.9,25
7921.1,13
7921.2,8
7922.2,7
7922.4,17
7922.4,30
7922.5,37
7923.1,10
7923.5,3
7923.7,14
7924.6,35
7925.6,21
7926.3,38
7926.4,27
7927.1,29
7927.5,26
7928.3,24
7928.5,33
7929.9,18
7930.0,28
7930.2,36
7931.1,9
7931.7,32
7932.0,0
7932.9,8
7933.4,4
7933.7,1
7933.9,23
7934.5,20
7936.3,11
7936.5,16
7936.7,17
7937.0,10
7937.4,39
7938.4,22
7939.0,14
7939.3,15
7939.9,29
7939.9,31
7940.5,38
7940.7,28
7940.9,30
7941.2,7
7941.3,1
7942.7,2
7942.9,3
7943.0,0
7943.4,21
7943.4,35
7943.9,37
7944.0,20
7944.6,4
7944.8,25
7945.0,34
7946.0,10
7948.6,26
7948.8,16
7950.4,27
7950.7,8
7951.5,39
7952.7,28
7953.1,0
7953.1,33
7953.2,7
7953.3,23
7955.0,13
7956.3,5
7956.9,14
7957.2,35
7957.3,21
7957.8,24
7958.2,10
7958.6,1
7958.9,30
7959.6,17
7959.9,4
7960.2,16
7961.0,8
7961.0,38
7961.1,18
7961.1,34
7961.9,26
7963.5,20
7964.2,37
7964.3,27
7964.5,25
7964.6,9
7964.9,0
7964.9,11
7965.5,23
7965.7,31
7965.8,32
7966.0,21
7966.1,1
7967.5,10
7968.3,36
7968.7,39
7969.8,28
7970.1,3
7970.1,15
7970.2,7
7971.8,38
7974.6,8
7974.6,20
7974.6,30
7975.7,26
7975.8,28
7976.1,32
7976.2,13
7976.2,35
7976.4,17
7976.6,2
7976.7,16
7977.0,10
7977.1,14
7977.2,7
7977.2,33
7977.5,21
7977.6,18
7978.5,4
7980.0,9
7980.9,0
7981.1,24
7981.5,39
7982.0,36
7982.1,1
7982.1,29
7982.9,16
7984.6,10
7984.6,27
7985.8,35
7986.6,22
7986.8,8
7987.0,25
7987.4,26
7987.5,21
7987.6,23
7987.9,38
7988.0,32
7989.0,20
7989.8,28
7990.5,7
7990.8,4
7991.1,14
7991.1,33
7991.3,1
7991.4,0
7991.4,3
7991.4,30
7991.7,31
7991.8,24
7992.2,34
7994.2,37
7994.8,16
7995.8,10
7996.8,39
7998.0,11
7999.8,8
8000.5,28
8001.3,17
8001.9,26
8002.0,13
8002.2,27
8002.3,20
8002.3,21
8002.4,38
8002.7,9
8003.1,1
8003.2,23
8003.7,0
8003.7,29
8003.7,35
8003.9,36
8004.2,14
8005.3,24
8006.2,16
8006.2,34
8006.6,10
8007.5,25
8007.5,39
8008.0,4
8009.4,8
8009.8,28
8010.1,7
8010.3,18
8010.7,15
8011.6,30
8011.6,32
8013.2,3
8015.7,35
8016.4,2
8016.8,1
8016.8,20
8017.0,10
8017.1,21
8017.6,37
8018.7,8
8018.7,17
8018.8,33
8019.6,27
8020.2,23
8020.5,36
8020.6,0
8020.6,26
8020.8,38
8021.7,14
8021.8,22
8022.0,7
8022.0,28
8023.3,4
8024.0,16
8024.4,10
8024.4,18
8024.6,39
8025.9,2
8026.4,29
8026.5,30
8026.9,21
8027.1,5
8027.2,35
8027.3,25
8028.7,13
8030.2,17
8030.4,15
8030.4,20
8030.9,1
8031.7,0
8031.8,32
8032.1,24
8032.2,9
8032.4,8
8032.4,28
8032.4,31
8033.1,10
8033.6,27
8033.6,38
8034.1,14
8034.2,34
8035.4,16
8037.1,21
8037.3,39
8037.7,26
8040.9,8
8041.1,4
8041.2,3
8041.7,7
8042.2,30
8043.1,35
8043.2,37
8043.3,29
8043.7,23
8043.8,1
8044.3,18
8044.3,39
8045.8,38
8046.9,25
8047.3,10
8047.5,28
8048.2,16
8049.0,7
8049.8,20
8050.6,0
8051.5,36
8052.2,8
8052.7,24
8053.3,21
8053.7,32
8054.2,26
8055.3,33
8055.4,17
8055.5,9
8056.3,4
8056.5,35
8056.9,15
8057.5,14
8057.7,1
8057.7,27
8058.7,34
8060.2,20
8060.8,38
8061.0,16
8061.4,2
8061.6,8
8061.6,10
8062.2,39
8062.5,7
8062.6,37
8063.0,21
8063.3,23
8063.8,30
8065.4,1
8065.4,25
8065.6,0
8065.7,11
8065.7,24
8065.7,32
8066.2,14
8066.2,28
8070.2,35
8071.9,16
8072.1,17
8072.1,34
8072.4,10
8072.8,29
8072.8,38
8073.3,0
8073.3,18
8073.5,20
8073.6,26
8074.1,3
8074.4,8
8074.6,31
8076.0,13
8076.0,21
8076.8,32
8076.9,24
8077.3,27
8077.4,28
8078.6,4
8078.9,1
8079.6,7
8081.8,10
8081.9,30
8082.7,39
8082.8,23
8083.3,14
8083.3,36
8084.6,16
8084.9,18
8086.6,2
8087.4,0
8087.4,33
8087.5,29
8087.5,37
8087.8,5
8087.8,21
8087.8,26
8088.0,8
8088.1,32
8088.2,17
8088.4,22
8088.4,25
8089.4,20
8089.7,38
8090.1,28
8090.4,13
8090.7,9
8091.0,11
8091.0,35
8093.0,1
8093.1,14
8093.5,4
8094.4,10
8094.4,7
8094.4,15
8096.6,24
8097.6,39
8097.7,8
8098.0,34
8098.5,16
8098.9,27
8100.1,30
8100.4,18
8101.0,28
8101.8,23
8102.3,0
8102.9,21
8103.0,3
8103.2,25
8103.2,38
8103.3,2
8105.0,26
8105.5,1
8105.6,8
8105.7,10
8107.7,35
8108.5,20
8109.2,29
8110.4,14
8110.6,7
8111.3,32
8111.4,16
8112.2,39
8112.7,34
8113.0,28
8113.3,38
8113.8,21
8115.1,3
8115.1,17
8115.8,4
8116.6,36
8118.4,0
8119.4,30
8119.7,1
8119.7,8
8122.0,10
8123.0,5
8123.5,35
8124.2,27
8124.3,2
8124.4,7
8124.7,16
8124.9,24
8125.1,18
8125.2,20
8125.3,9
8125.3,13
8125.5,37
8125.6,11
8125.7,14
8125.9,38
8126.5,33
8126.7,26
8127.7,0
8127.7,25
8128.5,28
8128.8,39
8129.1,8
8129.3,22
8129.3,29
8129.4,34
8130.9,4
8131.8,21
8131.9,23
8132.3,1
8132.3,35
8133.1,30
8133.7,17
8134.2,32
8135.2,24
8136.2,36
8136.5,10
8137.4,38
8137.6,14
8137.6,26
8138.9,20
8139.2,16
8139.9,8
8140.6,28
8141.3,0
8141.6,27
8141.9,18
8142.1,23
8142.2,1
8142.6,3
8143.2,30
8143.2,7
8143.5,32
8144.5,21
8144.9,2
8145.8,39
8146.1,15
8146.2,4
8146.2,10
8146.9,29
8147.7,8
8147.9,35
8150.7,14
8150.8,26
8153.0,28
8153.2,11
8153.6,33
8153.9,16
8153.9,25
8154.1,0
8154.2,38
8155.0,34
8155.2,22
8155.3,37
8156.2,21
8156.8,31
8156.9,20
8156.9,5
8157.7,17
8157.8,18
8157.8,1
8158.0,4
8158.9,10
8159.3,32
8160.4,8
8160.8,7
8162.2,30
8162.9,38
8163.4,36
8163.5,0
8163.5,35
8164.9,24
8165.5,9
8165.9,3
8166.2,26
8166.7,16
8166.8,23
8167.2,28
8167.3,33
8167.6,39
8167.9,1
8168.0,27
8168.2,14
8168.7,32
8169.2,10
8170.2,20
8170.6,21
8170.9,7
8171.0,15
8172.2,8
8172.5,38
8172.9,17
8174.3,22
8174.4,24
8175.7,11
8176.1,3
8176.1,29
8176.3,23
8176.3,25
8176.3,37
8176.4,10
8176.6,0
8177.9,4
8179.0,16
8179.4,30
8179.4,35
8179.7,28
8179.7,34
8180.0,18
8180.4,13
8181.8,2
8182.4,27
8182.7,1
8183.0,21
8184.5,17
8184.6,7
8187.3,10
8188.8,39
8189.5,8
8189.6,36
8189.9,4
8189.9,20
8190.1,32
8190.1,35
8190.2,0
8190.4,5
8190.4,26
8190.4,28
8190.5,14
8190.8,23
8190.9,38
8191.0,24
8192.0,25
8192.9,16
8193.6,30
8196.6,13
8196.6,33
8196.7,34
8197.8,18
8198.9,10
8199.0,37
8199.6,20
8199.7,8
8200.2,35
8200.6,7
8201.0,1
8201.0,2
8201.7,17
8201.9,27
8202.0,39
8202.1,4
8202.7,28
8203.8,30
8203.9,16
8204.9,31
8205.1,21
8205.7,14
8207.7,29
8208.0,10
8208.1,0
8208.4,3
8208.4,38
8209.2,15
8209.4,8
8211.7,34
8211.7,35
8212.0,32
8213.0,23
8213.6,25
8215.1,26
8215.2,4
8215.3,10
8215.5,24
8215.5,33
8215.6,20
8215.8,22
8216.2,21
8216.4,9
8217.6,13
8217.7,7
8218.2,28
8218.3,36
8218.4,8
8218.8,27
8219.4,39
8219.8,1
8219.9,0
8221.1,16
8222.6,14
8223.1,20
8223.5,23
8223.6,3
8224.0,17
8224.1,30
8224.5,10
8224.6,18
8225.1,37
8226.3,34
8226.4,29
8226.8,21
8226.8,38
8227.3,35
8229.1,0
8229.7,2
8229.8,33
8229.9,7
8229.9,28
8232.7,16
8232.7,32
8232.8,4
8232.9,1
8233.0,10
8233.1,24
8233.8,5
8233.9,27
8234.3,11
8234.8,17
8235.1,8
8236.1,39
8236.2,20
8236.5,26
8237.7,35
8237.8,25
8238.7,21
8238.8,36
8238.9,14
8239.7,38
8241.3,30
8242.6,23
8243.6,13
8244.3,8
8244.4,10
8244.5,27
8245.0,16
8245.2,0
8245.2,28
8245.3,9
8245.4,1
8245.5,34
8246.8,3
8248.7,39
8249.2,24
8250.9,31
8251.0,7
8251.1,35
8251.7,4
8252.0,33
8252.3,17
8252.4,15
8252.8,21
8253.8,8
8253.8,32
8254.1,20
8254.8,14
8255.0,16
8256.1,1
8256.2,10
8256.7,37
8257.4,38
8257.5,23
8257.7,28
8257.9,30
8259.1,0
8261.2,18
8261.8,25
8261.8,26
8261.8,36
8262.5,7
8263.2,27
8263.6,29
8263.9,11
8264.3,35
8264.6,24
8267.1,8
8267.1,16
8267.3,2
8267.4,17
8267.5,3
8268.5,0
8269.1,32
8269.5,1
8269.9,38
8269.9,10
8270.1,21
8270.6,9
8270.9,28
8272.1,20
8272.7,4
8272.7,14
8273.1,39
8273.9,5
8274.1,23
8274.8,34
8275.4,13
8276.1,25
8276.5,26
8276.7,1
8277.4,8
8278.5,27
8278.7,15
8278.7,33
8278.8,24
8278.9,7
8279.8,37
8280.2,0
8280.3,10
8280.3,29
8280.4,30
8280.5,16
8280.7,28
8281.8,32
8283.4,35
8283.5,2
8284.9,38
8284.9,39
8285.5,4
8286.0,14
8286.1,20
8287.4,22
8287.8,18
8288.1,17
8288.2,26
8288.6,23
8288.7,21
8289.0,7
8290.0,8
8290.5,24
8291.4,34
8291.5,10
8293.2,1
8294.2,25
8295.6,3
8296.3,28
8296.9,16
8297.0,30
8297.3,0
8297.5,37
8298.5,27
8298.5,38
8299.0,35
8299.5,33
8299.9,4
8300.5,8
8300.7,10
8300.8,23
8302.5,29
8304.0,32
8304.6,2
8305.9,39
8306.3,20
8306.5,28
8307.2,7
8307.6,15
8307.9,1
8307.9,14
8308.0,24
8308.0,31
8308.0,35
8308.5,17
8309.2,16
8309.3,21
8309.5,0
8309.5,26
8310.0,3
8310.2,11
8310.2,10
8310.2,25
8310.2,27
8310.4,18
8310.9,8
8310.9,36
8313.3,30
8316.0,38
8317.6,9
8318.1,23
8318.6,34
8318.7,17
8319.2,32
8319.4,3
8319.4,28
8320.2,29
8320.7,37
8320.8,4
8320.9,35
8321.2,13
8321.3,24
8321.6,0
8321.9,1
8322.8,7
8322.9,20
8323.3,16
8324.7,10
8327.6,18
8327.6,39
8328.4,28
8328.5,27
8328.8,14
8329.4,26
8329.5,30
8330.5,8
8331.0,7
8331.4,38
8331.5,21
8332.6,25
8332.6,33
8332.7,4
8332.7,23
8332.9,15
8333.0,0
8334.1,32
8334.2,1
8334.4,16
8334.6,35
8335.8,3
8336.6,20
8337.1,10
8338.4,31
8338.6,22
8340.3,28
8340.6,2
8340.6,27
8341.0,26
8341.2,30
8341.3,39
8341.4,36
8342.5,14
8343.4,18
8343.8,29
8344.4,13
8344.7,32
8344.8,5
8345.0,38
8345.3,7
8345.3,10
8345.3,25
8345.5,35
8345.5,37
8345.9,8
8346.3,34
8346.8,17
8348.9,0
8349.7,21
8349.8,9
8349.8,16
8349.9,24
8350.8,4
8351.3,28
8351.4,23
8352.1,20
8352.4,39
8352.7,1
8353.0,14
8354.2,38
8357.8,2
8358.0,8
8358.1,30
8358.7,27
8358.8,10
8359.7,3
8360.2,35
8360.3,15
8360.7,11
8360.7,28
8362.1,1
8362.4,20
8362.6,16
8364.4,29
8365.0,14
8365.0,39
8365.2,21
8365.2,23
8365.6,36
8365.7,17
8366.4,13
8366.6,0
8366.7,26
8367.2,33
8367.8,7
8368.4,10
8370.9,30
8371.4,38
8371.5,31
8371.6,8
8372.1,4
8372.6,28
8372.7,18
8374.2,27
8374.6,25
8374.7,37
8374.8,32
8375.0,35
8375.1,11
8375.3,24
8375.3,34
8375.5,23
8375.9,5
8375.9,16
8376.0,0
8376.3,39
8376.4,6
8376.9,10
8377.9,1
8378.7,20
8378.9,15
8379.9,22
8382.4,4
8382.4,9
8382.8,7
8382.9,26
8383.2,8
8383.2,14
8383.4,30
8383.6,33
8383.7,3
8385.4,16
8385.5,28
8386.2,29
8386.3,13
8386.5,17
8386.8,2
8388.0,21
8389.1,0
8389.2,10
8390.7,32
8391.1,24
8392.0,1
8393.2,25
8393.2,39
8393.6,38
8393.8,23
8393.9,36
8394.6,20
8396.1,10
8397.1,7
8397.1,15
8397.7,26
8398.2,8
8398.3,35
8400.1,3
8400.1,28
8400.3,18
8400.6,27
8401.3,30
8402.5,34
8402.7,0
8404.3,4
8404.4,29
8404.8,38
8405.0,14
8405.0,16
8405.9,11
8406.5,33
8406.6,17
8408.1,21
8408.6,8
8408.8,1
8409.0,32
8409.5,27
8409.6,13
8409.6,37
8409.8,28
8409.9,39
8409.9,10
8410.2,31
8410.6,20
8411.0,24
8411.3,3
8411.5,5
8411.5,23
8411.5,26
8411.6,22
8411.9,7
8414.5,16
8415.3,0
8416.0,21
8416.4,25
8416.9,9
8416.9,35
8417.4,30
8417.9,34
8418.7,32
8418.8,10
8418.8,24
8418.9,38
8419.2,4
8419.7,14
8420.5,29
8421.9,36
8422.3,1
8422.7,2
8422.7,20
8423.0,18
8425.5,7
8426.1,3
8426.5,26
8427.3,39
8427.5,0
8428.2,17
8428.5,8
8429.1,28
8429.9,16
8430.0,38
8430.2,25
8432.2,14
8432.7,23
8433.2,21
8434.5,10
8435.1,35
8435.5,5
8436.4,20
8436.8,33
8437.1,27
8437.6,37
8438.4,24
8438.7,7
8438.9,36
8439.0,4
8439.0,8
8439.0,15
8439.2,2
8439.2,30
8439.2,32
8440.4,28
8440.9,1
8440.9,34
8441.4,0
8441.4,16
8442.7,39
8443.2,13
8443.3,26
8446.9,23
8447.2,38
8447.4,21
8447.4,29
8448.4,17
8448.5,35
8448.8,25
8448.9,10
8449.5,8
8450.8,7
8451.2,20
8452.6,18
8452.9,4
8453.0,13
8453.2,9
8453.3,3
8454.3,30
8454.4,28
8454.5,14
8454.7,10
8454.8,0
8454.8,22
8455.3,27
8456.1,31
8456.1,38
8456.8,39
8457.4,8
8457.4,15
8457.7,16
8458.3,23
8459.3,24
8461.1,2
8461.2,21
8461.6,26
8461.9,1
8463.9,30
8465.3,20
8465.4,33
8465.5,17
8465.5,38
8465.6,28
8465.7,35
8466.0,32
8466.2,8
8466.2,14
8466.4,7
8467.3,0
8467.5,10
8467.9,36
8469.0,1
8469.4,16
8469.8,39
8470.3,21
8471.1,4
8471.6,27
8475.9,24
8476.9,20
8476.9,38
8477.3,9
8477.3,26
8477.6,11
8477.6,25
8477.7,3
8478.3,28
8478.7,23
8479.9,10
8480.1,22
8481.2,37
8481.6,0
8481.6,34
8481.7,21
8481.8,29
8482.1,8
8482.2,16
8482.5,14
8482.5,35
8482.8,27
8483.0,1
8483.7,30
8483.9,32
8484.0,31
8484.7,13
8484.8,28
8485.7,4
8487.1,7
8487.2,39
8487.6,33
8487.8,17
8489.0,25
8490.5,10
8490.6,5
8490.6,24
8491.1,20
8492.2,2
8492.3,26
8492.7,8
8492.8,18
8492.9,16
8493.5,15
8495.9,0
8496.6,35
8496.8,1
8496.8,21
8498.4,7
8498.7,10
8498.7,38
8499.2,28
8499.8,39
8500.0,14
8500.1,30
8500.2,36
8501.1,34
8501.5,4
8502.3,16
8502.7,23
8503.0,8
8503.2,20
8503.4,9
8503.5,32
8504.7,24
8505.0,26
8505.4,27
8505.9,29
8506.2,10
8506.2,17
8506.7,0
8507.9,28
8508.3,37
8509.2,21
8509.4,3
8510.9,2
8511.1,35
8511.4,11
8511.4,39
8511.8,18
8512.2,1
8512.2,30
8512.9,13
8513.4,14
8513.8,4
8513.9,15
8515.4,38
8516.4,8
8516.7,32
8516.8,34
8517.2,16
8517.3,0
8517.6,7
8517.8,10
8517.9,33
8518.6,25
8519.9,23
8520.9,26
8521.2,21
8521.7,20
8522.3,1
8522.8,24
8523.2,35
8523.8,28
8525.1,9
8525.3,17
8525.8,27
8527.4,37
8528.6,38
8528.9,30
8529.1,16
8529.6,14
8530.2,36
8530.4,39
8531.0,22
8531.1,10
8531.3,4
8532.3,0
8532.6,29
8533.4,3
8533.5,18
8533.6,8
8534.1,7
8534.1,32
8534.5,28
8534.8,26
8534.8,31
8535.6,23
8537.1,33
8537.3,10
8537.4,21
8537.6,2
8537.7,20
8539.1,1
8539.1,25
8541.0,17
8542.0,16
8542.6,27
8544.0,28
8544.2,38
8544.3,13
8544.9,35
8545.3,7
8545.4,0
8546.4,24
8546.4,37
8547.6,4
8547.8,34
8548.7,21
8548.8,8
8551.1,10
8551.2,9
8551.4,20
8551.4,26
8551.4,29
8551.6,14
8553.2,39
8553.3,1
8553.3,30
8554.9,28
8555.1,36
8556.0,16
8556.5,32
8556.7,23
8556.8,3
8557.2,0
8557.5,38
8557.6,24
8557.8,18
8558.0,5
8558.5,31
8559.3,17
8559.9,8
8560.1,4
8560.1,21
8560.2,25
8560.5,39
8560.6,7
8560.7,10
8560.7,35
8561.8,27
8562.0,33
8563.1,14
8565.0,6
8565.0,32
8565.9,37
8566.1,26
8566.4,20
8567.0,2
8567.4,1
8568.1,30
8568.7,15
8568.7,16
8569.3,28
8571.4,11
8571.6,8
8571.6,29
8572.3,0
8572.8,21
8572.9,38
8573.5,27
8573.8,9
8573.8,25
8573.8,35
8575.3,10
8576.0,7
8577.7,28
8578.9,13
8579.2,34
8579.3,24
8579.4,23
8579.5,4
8579.8,1
8579.9,14
8580.1,0
8580.3,39
8580.4,3
8581.3,33
8581.4,16
8581.5,36
8582.2,30
8584.4,26
8584.4,38
8584.6,8
8585.7,35
8585.9,28
8586.2,32
8586.3,27
8587.0,20
8587.2,10
8588.6,9
8589.0,17
8589.3,2
8589.5,1
8590.4,7
8591.9,21
8592.2,25
8594.1,37
8594.2,0
8594.3,18
8595.3,15
8595.5,23
8596.1,36
8596.6,31
8596.8,29
8597.1,13
8597.3,35
8598.1,30
8598.7,16
8598.9,39
8599.4,28
8599.7,4
8600.0,14
8600.1,26
8600.3,3
8601.4,8
8602.5,7
8603.6,27
8604.3,10
8605.3,1
8605.6,21
8605.6,34
8606.3,9
8606.3,24
8606.8,38
8607.3,2
8607.8,16
8607.8,18
8608.0,20
8608.1,35
8608.8,37
8609.5,0
8609.6,28
8610.4,4
8610.9,8
8614.1,32
8614.3,23
8614.9,17
8615.0,14
8615.2,39
8615.7,30
8615.8,10
8615.8,27
8615.8,11
8616.3,25
8616.7,24
8617.9,21
8617.9,26
8618.6,2
8618.8,5
8619.2,16
8620.8,1
8621.7,4
8621.7,22
8623.3,28
8623.5,36
8623.8,38
8624.2,7
8624.3,8
8624.7,13
8624.7,20
8624.9,0
8625.2,9
8625.6,35
8625.7,3
8627.6,10
8628.7,34
8629.5,33
8630.8,23
8630.8,28
8631.5,17
8631.6,39
8631.7,11
8631.8,32
8632.2,16
8632.7,25
8634.2,24
8634.6,27
8635.3,21
8635.9,14
8636.5,26
8636.9,38
8637.4,1
8637.7,20
8637.9,3
8638.6,31
8639.0,10
8639.7,30
8639.9,37
8640.1,15
8640.2,18
8640.2,35
8640.5,7
8640.6,2
8640.6,8
8641.0,29
8641.7,28
8641.8,0
8644.8,39
8645.1,4
8645.9,27
8647.3,21
8648.1,9
8648.5,10
8648.5,23
8649.1,1
8649.5,20
8649.8,38
8651.1,34
8652.1,8
8652.6,28
8652.8,26
8653.0,32
8653.3,7
8653.3,22
8653.7,16
8654.8,25
8655.2,33
8656.6,0
8656.7,11
8656.7,18
8656.8,14
8657.7,39
8658.1,24
8658.5,23
8658.6,30
8660.1,27
8660.7,5
8661.1,35
8661.6,3
8662.3,20
8662.5,13
8662.6,4
8663.1,29
8663.2,17
8663.5,16
8663.5,38
8663.7,10
8663.8,8
8664.0,28
8664.1,32
8664.6,1
8665.2,7
8666.8,21
8667.4,2
8668.3,25
8668.7,31
8668.8,26
8669.5,0
8670.2,30
8670.5,14
8672.9,27
8673.6,8
8674.1,34
8674.1,39
8674.8,33
8675.7,10
8675.9,7
8676.0,38
8676.2,35
8676.8,15
8677.5,1
8677.6,23
8677.7,4
8678.3,28
8678.7,36
8679.2,16
8680.9,20
8681.3,22
8682.5,17
8682.7,0
8682.7,18
8683.4,21
8683.7,32
8685.1,37
8685.2,8
8685.7,10
8685.8,30
8687.7,25
8687.9,27
8687.9,28
8688.0,16
8688.1,14
8688.1,29
8688.8,24
8689.0,38
8689.0,39
8689.4,35
8689.8,13
8690.4,26
8691.0,4
8691.4,21
8691.9,1
8692.0,7
8694.4,31
8694.4,34
8695.7,3
8696.7,2
8696.9,16
8697.1,0
8697.4,10
8697.7,9
8697.9,32
8698.9,30
8699.2,20
8699.2,23
8700.0,24
8700.1,8
8700.4,14
8700.4,18
8700.5,37
8702.0,1
8702.2,4
8702.3,36
8702.4,38
8702.7,25
8702.7,39
8703.9,28
8705.1,27
8705.6,11
8706.6,17
8708.3,35
8709.1,33
8709.2,29
8709.6,10
8710.3,13
8710.7,7
8710.8,21
8711.2,8
8711.4,16
8711.7,0
8712.3,32
8712.7,22
8713.0,5
8713.1,1
8713.1,26
8714.8,30
8716.6,20
8717.6,15
8717.6,28
8718.4,38
8718.5,18
8718.8,4
8718.8,16
8719.2,39
8719.7,35
8721.1,23
8721.3,10
8722.2,25
8722.7,0
8722.7,24
8722.7,37
8722.9,34
8723.1,26
8723.8,21
8724.4,2
8724.7,1
8724.7,28
8724.8,8
8724.9,7
8725.3,14
8729.7,16
8729.7,27
8730.0,9
8730.3,18
8730.3,20
8730.4,32
8730.6,10
8730.8,38
8730.9,36
8731.0,3
8731.0,4
8731.2,17
8731.6,23
8732.0,35
8732.3,8
8733.1,39
8733.5,28
8735.9,26
8737.0,1
8737.5,14
8737.8,30
8738.1,0
8738.1,22
8739.0,33
8739.3,21
8739.9,13
8740.0,2
8740.0,10
8740.4,7
8740.8,25
8740.8,16
8741.2,11
8741.2,38
8741.6,15
8741.7,20
8741.7,31
8742.3,29
8742.4,5
8742.8,4
8742.8,37
8743.1,1
8743.1,39
8743.2,8
8743.2,23
8743.7,28
8746.0,24
8746.8,35
8747.4,7
8748.5,3
8749.1,27
8749.2,18
8749.6,14
8750.8,26
8751.1,0
8752.0,17
8752.2,39
8752.3,10
8752.3,28
8752.6,16
8752.6,34
8752.9,13
8753.3,4
8753.7,37
8754.9,8
8755.4,32
8757.7,30
8758.2,1
8758.7,38
8759.2,35
8759.7,21
8759.8,10
8760.9,28
8761.6,7
8761.7,27
8761.7,33
8762.4,16
8762.8,20
8762.9,23
8763.3,36
8764.4,2
8766.1,4
8766.9,0
8768.7,39
8768.9,24
8769.6,14
8769.8,26
8770.5,5
8770.9,8
8771.1,3
8771.2,25
8771.5,9
8771.5,38
8771.6,16
8771.8,30
8771.9,32
8772.1,10
8772.8,1
8773.8,17
8774.0,13
8774.1,21
8774.5,18
8774.6,35
8777.0,28
8777.1,31
8778.6,8
8778.7,29
8778.9,24
8778.9,34
8779.1,20
8779.5,0
8780.1,15
8780.3,10
8780.8,37
8781.0,1
8781.3,14
8781.5,33
8781.8,22
8781.8,26
8782.1,11
8782.7,27
8782.8,39
8783.0,35
8783.2,4
8783.6,36
8784.8,7
8784.8,16
8785.3,38
8785.5,2
8787.2,30
8787.9,32
8789.2,28
8789.8,0
8790.6,10
8792.0,8
8792.0,23
8792.2,21
8792.6,6
8794.2,7
8795.6,37
8797.1,1
8797.9,20
8798.3,34
8799.1,24
8799.5,25
8799.8,4
8799.8,16
8799.8,35
8799.8,39
8800.0,8
8801.1,31
8801.4,17
8801.6,38
8802.2,9
8802.6,18
8802.8,27
8803.0,14
8804.2,3
8804.2,26
8804.2,28
8804.4,30
8804.6,10
8804.7,1
8804.8,29
8807.0,36
8807.2,23
8807.4,20
8807.5,33
8808.0,0
8808.2,7
8808.7,21
8809.0,16
8809.6,35
8809.7,11
8810.1,39
8810.2,8
8810.2,32
8813.2,15
8814.2,28
8815.4,34
8815.5,24
8816.0,37
8816.1,29
8816.1,38
8817.0,4
8817.0,25
8817.4,2
8817.5,35
8818.5,30
8818.8,10
8819.8,17
8820.6,14
8820.6,16
8820.8,1
8821.9,28
8822.2,8
8822.3,26
8822.4,23
8823.2,27
8823.5,20
8823.8,0
8825.4,3
8825.5,21
8825.8,7
8826.0,34
8826.0,38
8826.4,31
8826.4,39
8827.7,5
8827.7,10
8828.2,25
8829.0,4
8829.9,18
8830.4,24
8830.6,16
8830.6,33
8831.9,36
8832.6,1
8832.9,8
8832.9,9
8833.7,22
8834.3,28
8835.3,35
8835.4,14
8835.8,23
8836.6,26
8838.1,0
8838.6,20
8838.6,32
8838.7,39
8839.2,21
8839.4,17
8840.0,10
8840.2,29
8840.8,7
8842.6,30
8842.6,38
8842.7,27
8843.5,16
8844.0,28
8844.2,37
8844.3,13
8845.7,1
8846.3,8
8847.0,15
8848.0,3
8849.1,34
8849.1,35
8849.3,4
8849.6,21
8849.6,36
8849.9,5
8850.7,28
8851.0,17
8851.2,0
8852.1,10
8852.3,33
8852.5,7
8852.5,24
8852.6,23
8853.1,16
8853.2,8
8853.2,32
8853.6,20
8854.9,14
8855.1,39
8857.0,1
8857.5,25
8857.5,2
8858.9,26
8860.5,22
8861.1,4
8861.7,38
8862.1,30
8862.7,27
8862.8,13
8863.2,8
8863.9,11
8864.0,9
8864.1,10
8864.2,29
8864.2,37
8864.4,24
8864.5,0
8864.5,28
8864.5,36
8864.6,14
8864.8,16
8864.8,23
8865.2,31
8865.5,20
8866.7,7
8867.0,26
8867.0,35
8867.1,5
8868.0,18
8868.1,3
8868.6,39
8870.3,21
8872.3,1
8875.7,15
8875.8,34
8875.8,38
8876.1,32
8876.5,16
8876.8,28
8877.3,4
8878.0,10
8878.4,35
8879.1,0
8879.1,30
8880.4,21
8880.4,1
8880.8,7
8881.1,25
8881.5,17
8882.3,2
8882.4,27
8882.5,8
8883.0,24
8883.1,23
8884.1,22
8884.2,39
8884.4,20
8884.9,26
8885.4,38
8885.5,28
8885.7,33
8887.8,14
8888.5,13
8889.0,10
8889.4,1
8889.7,4
8890.2,29
8890.2,35
8890.4,0
8890.9,16
8892.8,34
8893.7,32
8894.4,7
8894.6,8
8894.8,23
8895.5,17
8895.6,21
8896.2,20
8897.6,15
8897.8,9
8897.8,39
8898.9,28
8899.0,10
8899.4,4
8899.5,27
8899.8,38
8899.9,18
8900.5,25
8900.6,0
8900.6,37
8900.7,26
8900.9,1
8901.4,14
8901.4,31
8901.6,24
8902.5,8
8902.5,33
8903.5,7
8904.1,30
8904.5,16
8906.3,23
8907.6,35
8907.8,5
8907.8,36
8908.2,2
8908.3,3
8908.4,21
8909.5,11
8910.3,10
8911.0,28
8911.1,17
8911.3,13
8911.4,18
8912.0,27
8912.0,29
8913.4,7
8913.5,38
8913.9,9
8914.5,20
8914.6,4
8914.8,26
8915.8,16
8915.8,32
8916.4,35
8916.6,39
8916.7,15
8916.8,0
8917.0,1
8917.0,24
8917.4,3
8919.2,8
8922.0,37
8922.1,14
8922.6,21
8922.8,30
8923.7,10
8924.0,28
8924.1,39
8924.2,16
8924.6,23
8925.1,38
8925.5,20
8928.8,34
8928.9,17
8929.0,7
8929.8,0
8929.9,8
8931.3,29
8931.6,35
8932.2,1
8932.4,25
8932.9,22
8933.5,18
8933.9,33
8934.5,4
8934.6,24
8935.2,26
8935.2,27
8935.7,3
8935.8,14
8936.6,30
8936.7,11
8937.2,10
8937.3,28
8937.6,2
8937.6,39
8938.8,21
8938.9,8
8939.9,16
8940.3,23
8941.0,32
8942.5,20
8943.7,37
8944.2,9
8944.4,35
8946.4,31
8946.5,10
8946.9,7
8947.4,4
8947.6,38
8947.8,0
8947.8,1
8948.3,13
8948.4,36
8948.6,34
8948.8,16
8949.1,39
8949.3,18
8949.5,28
8949.6,14
8949.7,21
8950.0,27
8950.1,5
8950.4,24
8951.0,3
8951.6,8
8952.1,29
8953.8,25
8954.6,35
8955.7,17
8955.9,26
8956.2,11
8956.4,0
8956.6,10
8956.8,30
8958.1,20
8960.6,32
8960.7,28
8961.9,1
8961.9,7
8962.2,38
8962.3,16
8962.3,21
8963.0,14
8963.4,18
8963.7,27
8963.9,39
8964.9,26
8965.5,4
8965.9,24
8966.4,34
8966.6,25
8966.8,10
8966.9,15
8967.5,37
8967.8,30
8968.0,2
8968.4,0
8968.6,13
8969.3,35
8971.1,8
8973.0,28
8973.9,23
8974.0,20
8974.3,21
8974.3,29
8976.2,38
8976.4,39
8977.0,17
8977.1,11
8979.1,16
8979.8,33
8980.4,10
8980.7,7
8980.7,36
8980.8,0
8981.0,4
8981.4,27
8981.6,24
8981.7,28
8981.8,26
8982.4,1
8983.4,8
8983.9,32
8984.0,35
8984.0,14
8985.0,3
8985.8,13
8986.3,9
8987.1,30
8988.3,23
8988.6,20
8989.7,2
8990.0,5
8990.5,29
8991.6,16
8993.0,37
8993.4,31
8994.1,4
8994.3,0
8994.3,17
8994.5,38
8995.1,1
8995.9,28
8996.2,10
8996.2,21
8996.2,8
8996.4,18
8996.5,32
8996.5,34
8997.2,33
8997.6,7
8999.2,20
8999.9,30
9000.0,14
9001.2,36
9001.4,39
9001.5,22
9001.5,24
9001.5,25
9001.7,13
9003.0,3
9003.1,15
9004.3,11
9004.9,27
9005.4,16
9007.1,10
9007.4,35
9007.7,0
9007.9,4
9008.1,1
9008.4,28
9009.0,21
9009.4,38
9009.6,8
9009.8,26
9010.7,7
9010.9,29
9011.1,18
9011.6,23
9012.9,20
9015.2,24
9016.1,39
9017.6,10
9017.6,17
9018.0,3
9018.2,25
9019.8,8
9019.9,34
9020.5,28
9020.9,16
9021.2,33
9021.2,32
9021.5,13
9022.1,14
9022.6,2
9022.6,38
9022.9,21
9023.9,30
9025.2,9
9025.5,0
9025.5,1
9026.4,36
9026.6,29
9027.1,18
9027.3,26
9027.5,7
9027.6,27
9027.7,22
9028.7,35
9029.8,4
9031.1,23
9031.2,39
9031.5,10
9031.5,20
9032.5,28
9033.0,24
9033.2,11
9033.3,31
9034.7,8
9034.8,30
9036.0,16
9037.3,1
9037.5,21
9037.7,28
9038.1,25
9038.5,0
9039.0,5
9039.0,7
9039.0,32
9039.1,14
9039.1,38
9039.6,17
9039.9,37
9040.4,29
9040.4,34
9040.7,35
9040.9,3
9042.3,15
9042.8,4
9044.1,10
9044.9,16
9044.9,23
9045.9,33
9046.3,8
9047.0,26
9047.7,24
9048.0,20
9048.0,28
9048.2,27
9048.3,1
9048.3,30
9048.4,39
9049.8,2
9050.3,21
9050.8,38
9051.0,6
9051.9,14
9052.2,7
9052.7,35
9053.3,29
9053.9,10
9054.1,0
9055.4,3
9056.2,16
9056.5,22
9056.7,23
9057.1,32
9057.9,20
9057.9,37
9058.0,9
9058.0,18
9058.3,15
9059.0,33
9059.1,8
9059.2,26
9059.3,28
9059.6,4
9060.7,27
9060.7,34
9061.4,36
9061.6,1
9061.8,11
9062.0,21
9063.0,25
9064.0,39
9064.2,17
9064.5,0
9064.9,14
9065.5,24
9066.0,35
9066.1,31
9066.4,16
9066.6,38
9066.8,7
9066.9,10
9067.6,8
9068.7,13
9069.8,37
9071.4,1
9072.0,21
9072.0,30
9072.1,28
9074.9,5
9075.4,27
9075.5,16
9076.0,20
9076.3,23
9076.4,10
9076.5,4
9076.7,22
9076.8,14
9077.1,2
9077.7,38
9078.3,8
9078.5,26
9078.6,0
9079.1,28
9079.6,1
9079.7,35
9080.0,18
9080.0,34
9080.9,17
9081.3,3
9081.4,24
9081.4,29
9081.6,33
9082.1,7
9082.2,39
9083.1,36
9084.2,21
9084.6,15
9087.7,10
9087.8,38
9088.0,25
9088.0,32
9088.1,13
9088.4,30
9090.2,35
9091.4,8
9091.7,0
9091.8,16
9092.3,4
9092.3,34
9092.8,9
9093.1,28
9093.5,26
9094.1,20
9094.8,1
9095.7,7
9096.5,23
9097.1,18
9097.6,24
9099.0,33
9099.1,14
9099.3,38
9099.4,10
9099.8,21
9099.8,27
9100.9,29
9101.1,36
9101.2,37
9101.3,39
9102.3,5
9102.7,17
9102.7,30
9103.6,16
9105.1,4
9106.0,8
9106.5,28
9106.5,32
9106.8,26
9107.0,0
9107.0,22
9107.1,25
9107.2,20
9107.9,2
9107.9,18
9108.1,3
9109.0,10
9109.5,7
9109.8,9
9109.8,35
9110.9,1
9111.8,13
9113.0,21
9113.1,34
9113.7,14
9114.7,8
9115.3,24
9115.6,36
9116.5,16
9116.5,20
9117.9,37
9119.7,38
9120.1,0
9120.2,23
9120.3,17
9120.4,39
9120.5,4
9120.8,10
9120.9,35
9121.2,28
9121.8,32
9121.8,33
9123.3,7
9124.1,27
9124.9,29
9125.3,25
9125.4,30
9126.0,5
9126.5,15
9126.8,26
9127.6,31
9127.8,1
9128.4,8
9128.6,14
9129.1,21
9130.4,10
9131.4,16
9132.1,28
9132.5,13
9133.4,7
9134.0,0
9134.1,18
9134.2,3
9135.3,4
9135.5,33
9135.5,38
9135.5,34
9137.2,37
9137.2,2
9137.6,36
9138.1,39
9138.2,23
9138.3,9
9138.6,17
9139.0,20
9140.0,24
9140.5,10
9140.6,35
9140.7,25
9141.0,11
9141.9,29
9143.2,16
9144.0,22
9145.8,1
9147.1,8
9147.9,27
9147.9,32
9148.1,28
9148.4,15
9148.4,23
9148.7,14
9148.7,21
9148.9,26
9149.5,0
9151.9,30
9152.4,37
9153.3,1
9153.5,5
9153.5,39
9153.8,10
9153.9,7
9154.3,38
9154.7,16
9155.6,20
9156.8,17
9156.8,34
9158.3,35
9158.8,0
9158.9,33
9159.3,3
9159.3,21
9159.5,4
9159.9,18
9160.3,28
9160.5,13
9160.5,23
9161.8,14
9162.1,8
9162.2,24
9162.8,38
9163.1,2
9163.1,29
9163.6,1
9164.0,25
9164.3,10
9164.8,9
9165.9,27
9166.3,32
9166.4,28
9167.2,7
9167.2,20
9168.0,15
9168.4,16
9168.5,26
9169.9,30
9173.7,13
9175.0,17
9175.1,8
9175.3,0
9175.3,39
9176.3,1
9176.6,29
9176.6,38
9176.7,4
9176.7,16
9176.8,20
9177.4,10
9178.3,22
9178.6,14
9178.6,25
9178.9,3
9179.6,35
9180.6,37
9181.2,24
9182.2,23
9182.2,21
9182.4,28
9182.8,26
9184.8,7
9185.8,11
9186.4,8
9187.8,33
9188.8,36
9188.9,0
9189.2,31
9189.9,4
9190.5,34
9190.7,30
9191.0,10
9191.0,38
9191.2,16
9191.4,20
9191.4,28
9191.4,21
9192.5,32
9192.6,18
9193.3,1
9195.7,27
9196.5,8
9196.9,15
9197.1,14
9198.5,17
9198.9,0
9199.2,2
9199.7,7
9200.0,10
9200.4,23
9200.7,13
9200.8,9
9200.8,35
9200.9,29
9201.6,39
9202.1,38
9203.4,28
9204.1,24
9204.3,8
9204.4,22
9205.0,32
9205.1,1
9205.6,18
9205.6,21
9205.7,37
9206.0,16
9206.0,33
9206.5,20
9206.9,25
9207.0,34
9209.6,26
9210.1,7
9210.4,30
9210.7,27
9210.8,29
9211.2,10
9211.7,0
9212.0,36
9212.6,31
9213.4,6
9214.2,9
9214.6,5
9215.8,23
9216.8,14
9217.3,8
9217.5,35
9217.7,16
9218.0,4
9218.1,28
9218.2,10
9218.5,21
9218.7,25
9218.8,24
9219.2,3
9219.3,32
9220.0,15
9220.2,20
9220.3,39
9220.5,1
9221.3,38
9222.4,22
9223.4,11
9224.0,2
9225.9,17
9228.2,18
9228.4,7
9228.5,26
9228.6,0
9228.8,27
9229.5,9
9229.5,10
9229.5,8
9230.1,28
9230.3,29
9230.6,30
9232.0,35
9232.1,1
9232.1,23
9233.1,16
9233.9,14
9234.0,38
9234.2,34
9235.7,32
9236.0,21
9237.8,20
9238.2,36
9238.6,15
9238.6,39
9239.3,31
9239.4,33
9239.7,10
9240.1,4
9240.4,28
9240.5,13
9240.7,3
9241.2,7
9245.4,0
9245.4,24
9245.5,8
9245.5,25
9245.8,17
9245.9,16
9246.8,30
9247.1,1
9247.4,26
9248.2,23
9248.8,14
9249.0,4
9249.1,35
9249.3,37
9250.1,28
9250.2,27
9251.2,32
9251.3,21
9252.9,10
9253.5,20
9253.6,38
9256.1,22
9256.7,0
9256.7,7
9256.8,33
9256.8,39
9257.8,2
9258.4,18
9258.9,5
9259.2,30
9259.2,3
9259.6,8
9259.8,29
9260.2,16
9260.9,28
9261.4,10
9261.4,24
9261.6,26
9261.7,13
9262.5,11
9264.2,34
9264.8,7
9265.0,1
9265.2,38
9266.0,35
9266.3,4
9266.5,36
9268.6,9
9268.7,32
9269.7,20
9270.3,0
9270.6,16
9270.6,21
9270.6,23
9270.9,10
9271.4,8
9271.9,27
9274.3,14
9274.7,25
9274.9,39
9275.4,30
9275.5,38
9275.6,28
9275.9,1
9275.9,37
9276.1,17
9276.7,3
9277.9,11
9277.9,16
9277.9,26
9278.5,21
9279.3,31
9280.6,7
9281.0,35
9282.6,2
9282.8,0
9283.1,20
9283.9,23
9284.0,13
9284.2,29
9284.7,32
9284.9,39
9284.9,38
9285.3,8
9285.4,4
9285.4,10
9285.8,28
9286.3,30
9286.9,14
9288.0,1
9288.8,34
9289.3,36
9289.6,0
9289.6,27
9289.8,16
9290.0,24
9290.9,22
9291.6,33
9293.5,3
9295.0,10
9295.6,7
9296.0,15
9296.5,17
9296.7,8
9297.5,28
9297.9,26
9297.9,35
9298.0,9
9299.1,38
9300.1,21
9300.3,1
9300.6,14
9300.6,39
9300.7,5
9301.1,18
9301.6,0
9302.0,20
9302.6,30
9303.3,16
9304.1,24
9304.2,25
9304.6,23
9304.8,10
9304.9,4
9305.1,11
9306.0,37
9307.2,32
9308.3,8
9311.6,21
9312.1,1
9312.5,0
9312.5,28
9312.6,2
9312.9,26
9312.9,34
9313.4,35
9314.0,17
9314.7,22
9314.7,38
9315.1,10
9315.9,23
9315.9,29
9316.1,31
9316.7,4
9316.8,16
9318.2,7
9318.3,8
9318.4,3
9318.5,21
9318.7,39
9320.0,24
9321.4,33
9321.6,36
9322.0,27
9322.0,30
9323.2,20
9323.5,35
9323.8,18
9324.0,28
9324.0,32
9324.4,26
9324.5,14
9325.2,25
9325.3,10
9325.6,0
9325.7,15
9327.3,16
9327.5,38
9328.1,7
9328.9,17
9329.2,27
9329.3,9
9330.6,8
9333.0,4
9333.1,39
9334.1,13
9335.1,24
9335.2,10
9335.2,37
9335.8,28
9336.2,1
9336.2,23
9336.5,21
9337.0,20
9337.0,33
9337.6,35
9337.8,11
9337.8,30
9338.0,16
9338.4,25
9340.1,27
9341.8,32
9341.8,38
9342.6,8
9342.8,2
9342.8,14
9342.8,34
9342.9,7
9343.1,28
9346.3,4
9346.6,10
9346.7,17
9347.0,26
9347.2,39
9347.6,0
9347.6,9
9347.6,18
9348.2,16
9348.7,29
9350.8,8
9352.4,28
9353.5,7
9353.8,14
9353.9,35
9355.6,21
9355.6,30
9355.9,20
9356.2,3
9356.9,10
9357.1,1
9357.2,31
9357.2,34
9357.5,25
9357.9,23
9358.6,15
9358.6,38
9359.0,5
9359.3,4
9360.1,13
9360.1,36
9360.2,24
9360.3,18
9360.3,33
9360.5,16
9360.5,28
9361.1,26
9361.2,2
9361.7,0
9361.7,8
9361.9,30
9362.8,35
9362.8,32
9363.8,11
9365.8,27
9366.0,9
9366.6,39
9368.4,37
9369.6,7
9369.9,17
9370.0,16
9370.2,22
9370.3,1
9370.4,10
9371.2,29
9371.5,31
9371.7,38
9371.8,24
9372.0,21
9372.5,0
9372.5,8
9372.5,20
9372.7,28
9373.0,23
9375.3,25
9377.1,14
9378.9,10
9378.9,27
9380.1,2
9380.2,16
9380.3,39
9381.9,35
9382.9,32
9383.2,20
9383.8,38
9383.9,1
9384.1,30
9384.2,7
9384.2,18
9384.4,36
9384.5,3
9384.6,21
9384.6,26
9384.9,8
9384.9,31
9384.9,24
9385.3,13
9386.2,0
9386.7,4
9386.8,28
9387.7,17
9390.9,37
9391.2,15
9391.2,23
9391.6,10
9392.4,29
9392.8,35
9393.2,16
9393.7,22
9394.1,34
9394.1,30
9394.5,20
9394.6,14
9394.8,8
9394.9,11
9395.3,1
9396.1,0
9396.2,9
9396.8,28
9396.8,38
9396.8,39
9400.0,27
9400.2,10
9400.5,16
9400.9,20
9401.3,14
9401.4,8
9401.4,21
9401.7,25
9401.8,26
9405.6,36
9405.7,7
9405.8,4
9407.7,2
9408.0,32
9408.3,28
9408.6,0
9408.6,23
9409.3,39
9409.6,1
9409.7,24
9409.8,37
9409.9,35
9410.1,38
9410.8,34
9411.6,25
9412.0,10
9412.0,16
9412.4,13
9412.9,8
9414.4,21
9415.4,17
9415.7,14
9415.8,29
9416.3,3
9416.4,22
9417.0,27
9417.8,15
9417.8,20
9417.9,18
9419.1,39
9419.3,33
9419.4,26
9419.9,30
9420.4,9
9421.1,23
9421.1,28
9422.3,36
9422.5,4
9422.5,7
9423.4,0
9423.4,35
9423.6,1
9423.8,8
9424.2,24
9424.7,27
9424.7,38
9424.9,10
9425.0,16
9425.0,31
9427.0,25
9427.1,5
9430.1,16
9430.2,32
9430.3,14
9430.6,34
9430.9,3
9431.0,26
9431.6,21
9432.5,18
9433.7,28
9434.8,7
9436.0,8
9436.5,0
9436.5,2
9436.5,20
9436.7,38
9437.0,10
9437.2,23
9437.9,30
9437.9,39
9438.0,29
9439.9,32
9440.2,35
9441.5,1
9441.7,17
9442.0,36
9443.2,4
9443.3,27
9443.8,13
9443.8,24
9443.8,33
9443.9,25
9444.0,7
9444.1,10
9444.1,16
9444.4,28
9444.7,14
9444.8,38
9445.0,37
9445.3,15
9445.9,8
9448.0,20
9448.2,11
9451.2,21
9451.7,10
9452.0,26
9452.2,34
9453.0,5
9453.0,9
9453.7,39
9454.6,3
9455.3,23
9455.3,28
9455.4,16
9455.6,8
9456.4,0
9456.5,17
9456.9,21
9457.3,1
9457.3,7
9458.6,25
9458.6,35
9459.0,14
9460.2,30
9460.4,37
9460.8,20
9460.8,27
9461.1,38
9461.3,32
9461.9,10
9463.4,24
9464.0,39
9464.9,18
9465.3,4
9465.5,13
9465.9,29
9466.2,23
9466.4,1
9466.8,36
9466.9,16
9467.1,28
9467.8,8
9467.8,17
9469.4,7
9470.3,0
9470.3,26
9470.9,3
9471.0,2
9471.0,14
9471.4,10
9471.8,37
9475.8,35
9476.2,9
9477.3,21
9477.4,30
9478.0,28
9478.4,8
9478.7,31
9478.9,33
9479.0,32
9479.9,10
9479.9,38
9480.6,16
9480.6,23
9481.4,27
9481.5,20
9481.9,7
9482.5,15
9482.9,18
9483.8,4
9483.9,1
9484.7,0
9484.8,26
9485.0,37
9485.3,24
9485.4,11
9485.4,13
9486.0,8
9486.5,39
9486.7,25
9490.0,10
9490.8,34
9491.9,16
9491.9,22
9492.1,28
9492.1,29
9492.5,3
9492.6,38
9492.8,21
9493.1,14
9493.5,23
9494.0,2
9494.0,17
9494.1,30
9495.4,20
9496.1,4
9496.2,36
9496.5,5
9497.0,35
9497.5,1
9497.6,8
9499.1,0
9500.2,24
9502.1,26
9502.2,10
9502.8,27
9502.9,39
9503.4,7
9503.7,28
9503.8,32
9504.3,25
9504.4,17
9504.5,16
9505.1,38
9506.2,21
9506.3,4
9506.4,29
9506.7,37
9506.8,30
9506.9,1
9507.8,0
9507.8,35
9509.1,8
9509.1,23
9509.5,20
9510.5,7
9512.2,14
9512.6,33
9513.4,15
9514.0,10
9514.9,13
9515.9,34
9516.2,9
9517.4,24
9517.5,16
9518.4,28
9519.0,2
9519.1,26
9519.7,3
9519.9,36
9520.4,8
9520.4,30
9520.6,7
9520.6,38
9521.2,39
9521.5,21
9521.7,35
9522.0,0
9525.0,29
9525.3,1
9526.2,20
9526.6,14
9527.9,10
9527.9,18
9528.4,16
9528.6,28
9528.9,4
9530.0,25
9530.1,23
9530.8,8
9530.9,27
9531.2,17
9532.8,37
9533.0,24
9533.3,3
9533.3,39
9533.8,30
9535.8,38
9536.3,7
9537.1,35
9537.7,1
9538.2,15
9538.4,10
9538.8,34
9539.5,16
9539.6,21
9539.8,26
9540.1,32
9541.8,8
9542.5,0
9542.6,20
9542.8,23
9543.3,39
9543.5,36
9543.7,13
9543.9,35
9544.2,5
9544.3,38
9544.4,17
9544.7,28
9544.9,11
9545.0,4
9545.5,25
9547.3,27
9549.2,30
9549.3,29
9549.5,33
9550.9,21
9551.0,1
9551.9,16
9552.1,2
9552.1,20
9552.2,8
9552.5,10
9552.6,22
9552.7,18
9552.9,14
9553.0,7
9553.2,0
9553.8,36
9553.9,3
9554.0,31
9554.2,24
9554.2,15
9554.8,28
9555.7,9
9557.9,26
9558.0,32
9558.2,34
9558.3,35
9559.7,13
9560.4,23
9560.6,37
9563.4,38
9563.6,39
9564.0,7
9564.5,11
9564.6,30
9564.9,25
9565.2,28
9565.7,16
9566.1,29
9566.4,10
9566.9,27
9567.9,8
9568.1,23
9568.2,18
9568.4,20
9568.9,21
9571.7,1
9572.3,4
9573.0,17
9573.2,31
9574.4,14
9574.5,0
9574.7,3
9575.1,34
9575.4,2
9575.5,10
9575.8,26
9576.3,38
9576.6,24
9577.4,33
9577.9,39
9578.5,35
9578.6,9
9578.8,36
9579.5,30
9579.6,20
9579.8,8
9579.9,16
9580.1,32
9580.1,28
9580.5,7
9581.6,21
9582.8,23
9583.7,10
9584.1,27
9584.6,25
9584.8,4
9585.4,13
9586.0,5
9586.0,14
9586.1,18
9586.7,22
9587.3,16
9587.7,38
9589.4,26
9589.5,1
9590.9,11
9592.5,24
9592.5,28
9592.6,6
9592.7,39
9593.1,30
9593.3,20
9593.6,9
9594.1,0
9595.6,35
9596.7,8
9597.9,36
9598.3,16
9598.6,27
9598.6,32
9598.8,31
9599.1,29
9599.8,7
9600.3,21
9600.5,10
9600.5,15
9600.6,17
9600.6,22
9602.0,38
9602.3,13
9602.7,28
9603.4,30
9603.6,24
9604.4,8
9604.7,34
9605.1,1
9605.7,39
9606.3,0
9606.4,14
9606.5,25
9607.3,16
9607.3,23
9608.1,4
9608.6,35
9610.1,2
9611.1,3
9611.2,20
9611.2,32
9611.2,37
9611.8,21
9611.9,11
9612.1,27
9612.2,10
9612.4,28
9612.6,13
9613.6,38
9615.1,30
9615.8,7
9617.8,33
9618.0,29
9619.1,8
9619.5,1
9619.5,22
9619.6,26
9620.0,39
9620.5,35
9620.7,23
9621.7,0
9621.8,21
9622.0,10
9622.1,14
9622.9,16
9623.5,17
9624.7,28
9626.2,20
9626.8,9
9627.5,18
9627.7,7
9628.3,8
9628.5,36
9628.6,24
9628.8,23
9629.5,4
9629.9,27
9631.0,38
9631.1,10
9632.8,25
9632.9,0
9632.9,30
9633.2,15
9633.3,29
9633.4,3
9633.9,33
9634.5,32
9634.7,16
9635.1,13
9635.2,37
9635.5,1
9636.2,26
9636.4,35
9636.7,31
9636.9,39
9637.5,21
9637.7,17
9638.0,14
9638.1,8
9638.8,22
9638.8,38
9638.9,20
9639.6,28
9640.6,2
9640.6,4
9640.6,7
9641.4,18
9642.4,0
9642.6,34
9643.5,10
9644.4,24
9646.9,16
9646.9,25
9647.0,17
9647.1,1
9649.0,11
9649.4,20
9650.5,8
9650.5,30
9652.4,32
9652.8,35
9652.9,23
9653.3,14
9653.3,26
9653.8,10
9654.4,7
9654.5,28
9655.0,27
9655.1,39
9655.5,37
9655.7,0
9656.5,36
9657.4,5
9657.5,33
9658.3,38
9659.5,1
9659.6,13
9659.9,21
9661.6,16
9661.9,28
9662.0,30
9662.6,8
9663.3,29
9663.4,15
9663.5,4
9664.1,25
9664.3,17
9664.4,10
9664.5,0
9664.6,3
9665.9,31
9666.7,20
9669.3,14
9670.2,32
9670.9,2
9670.9,8
9671.1,24
9671.1,35
9671.2,7
9671.4,23
9672.7,39
9673.0,18
9673.4,20
9673.4,26
9673.9,21
9674.3,28
9674.7,27
9674.8,16
9674.9,1
9675.3,36
9675.6,38
9676.5,10
9677.0,4
9677.8,34
9680.6,0
9683.0,31
9683.2,9
9683.2,17
9683.7,15
9683.7,14
9683.7,23
9684.0,24
9684.0,30
9684.1,7
9684.2,8
9684.7,28
9684.9,16
9685.5,29
9686.3,13
9686.4,35
9686.6,25
9687.3,32
9687.4,37
9688.1,33
9688.2,38
9688.5,39
9689.0,10
9689.6,3
9689.7,20
9689.8,4
9690.5,14
9690.7,1
9692.9,5
9693.4,28
9693.9,36
9694.1,21
9694.9,0
9695.0,18
9695.7,24
9695.8,2
9696.7,22
9696.7,27
9697.0,8
9698.2,38
9699.9,4
9700.1,1
9700.1,23
9700.3,16
9701.1,10
9702.9,35
9703.5,7
9703.8,25
9704.3,34
9704.7,28
9704.9,20
9705.7,39
9705.9,26
9706.4,37
9706.6,14
9706.9,3
9707.2,0
9707.9,29
9708.0,30
9708.1,17
9708.4,24
9709.8,10
9709.9,9
9710.1,8
9710.3,38
9711.4,31
9711.7,16
9711.8,13
9712.1,32
9712.8,23
9714.6,21
9715.6,14
9716.0,7
9716.4,0
9716.9,2
9717.2,29
9717.9,30
9719.2,1
9719.3,28
9719.6,10
9720.1,35
9720.9,20
9721.0,38
9721.1,33
9722.6,27
9722.9,16
9723.1,18
9723.1,39
9723.3,4
9723.5,24
9723.5,36
9723.6,34
9723.8,37
9724.0,7
9724.6,8
9725.0,13
9725.4,28
9725.6,5
9725.9,25
9726.0,0
9726.6,26
9726.8,21
9729.8,32
9731.6,1
9732.2,23
9732.3,10
9732.4,3
9733.4,17
9734.2,35
9734.3,14
9734.8,29
9735.0,30
9735.1,20
9736.0,36
9736.1,16
9736.1,28
9736.3,8
9737.5,0
9737.5,24
9739.1,39
9739.3,15
9739.8,7
9741.2,31
9741.4,4
9741.5,1
9741.5,38
9742.5,10
9742.7,26
9743.4,9
9743.8,33
9744.3,21
9744.9,23
9745.0,22
9745.7,0
9745.7,27
9745.8,32
9745.9,28
9746.2,11
9746.7,2
9746.8,25
9747.2,37
9750.2,30
9750.5,14
9750.5,34
9750.6,16
9751.3,35
9751.4,20
9751.9,17
9752.0,1
9753.3,10
9754.0,38
9754.7,8
9755.4,21
9755.8,39
9756.1,7
9756.4,18
9756.9,0
9758.4,4
9758.7,32
9759.7,35
9760.5,28
9761.2,36
9761.6,23
9761.8,26
9762.4,25
9762.8,14
9762.8,33
9763.0,13
9763.0,24
9763.2,27
9763.3,16
9763.8,20
9763.9,22
9764.0,17
9764.9,3
9765.4,30
9766.0,10
9766.2,0
9766.3,38
9766.9,1
9766.9,2
9767.1,7
9767.8,4
9768.5,21
9770.4,15
9770.8,37
9771.1,27
9771.2,16
9771.5,8
9771.8,29
9772.1,28
9772.3,35
9772.9,10
9774.9,34
9775.2,39
9776.8,26
9779.2,14
9779.8,23
9780.4,0
9780.5,9
9780.5,28
9780.5,31
9781.2,8
9781.8,30
9782.1,24
9782.5,7
9782.6,1
9782.6,38
9782.8,17
9782.8,20
9783.3,4
9783.6,21
9784.3,16
9784.6,32
9785.8,35
9787.0,13
9787.5,11
9787.5,39
9787.8,3
9788.3,10
9788.7,33
9789.2,27
9790.3,1
9791.0,2
9791.0,36
9792.3,24
9792.5,8
9793.8,18
9794.2,5
9794.2,23
9794.7,26
9794.9,25
9795.8,0
9795.9,20
9796.0,29
9796.4,28
9796.5,21
9797.0,34
9797.2,14
9797.3,4
9798.0,16
9798.0,32
9798.0,38
9798.2,39
9800.0,7
9801.8,35
9802.7,8
9803.7,24
9804.1,22
9804.5,1
9804.5,10
9805.1,15
9805.5,30
9806.7,33
9808.0,17
9808.3,28
9809.1,27
9809.3,21
9809.6,3
9810.2,23
9810.4,16
9810.6,0
9810.6,26
9811.6,37
9811.6,39
9812.3,7
9812.4,4
9812.5,11
9814.2,13
9814.2,20
9814.5,30
9814.6,8
9814.7,6
9814.7,36
9815.5,10
9816.0,35
9816.2,38
9816.9,14
9817.4,17
9817.5,1
9817.8,29
9818.3,9
9819.4,25
9819.6,31
9820.0,28
9820.3,18
9820.3,32
9820.9,8
9820.9,22
9821.3,34
9823.0,4
9824.4,24
9824.5,33
9824.9,10
9825.8,16
9826.5,3
9826.9,0
9827.3,39
9827.7,21
9827.7,25
9828.0,20
9828.1,7
9828.6,38
9828.7,27
9828.9,26
9829.0,8
9829.8,1
9829.8,36
9830.5,2
9830.5,11
9831.1,35
9831.9,23
9834.3,17
9835.4,13
9835.4,15
9835.7,14
9836.0,29
9836.1,30
9836.1,28
9836.5,16
9836.7,10
9839.3,37
9839.9,35
9841.3,7
9841.4,23
9841.4,21
9841.4,32
9841.6,0
9842.0,39
9842.1,26
9842.3,1
9842.5,38
9842.6,36
9842.8,28
9842.9,34
9843.1,4
9843.6,14
9843.6,24
9846.5,20
9847.1,3
9847.3,8
9848.1,10
9850.3,16
9852.1,18
9852.4,13
9852.5,4
9852.8,25
9853.2,28
9853.3,1
9853.3,21
9854.2,9
9854.9,17
9855.5,35
9855.6,10
9855.7,31
9856.3,8
9856.3,30
9857.4,0
9859.0,27
9859.0,22
9859.8,7
9861.1,38
9862.5,29
9862.5,39
9862.8,33
9863.5,4
9863.9,24
9864.3,23
9864.4,32
9864.5,14
9864.5,20
9864.7,10
9866.3,3
9866.3,16
9866.3,36
9866.8,21
9866.9,28
9868.6,0
9871.0,38
9871.6,8
9872.5,35
9872.6,2
9872.6,18
9873.1,15
9873.1,20
9873.4,1
9873.5,9
9873.9,26
9873.9,27
9874.0,30
9874.2,14
9874.3,39
9874.4,23
9874.4,34
9877.0,16
9877.2,7
9877.6,10
9878.2,36
9878.5,28
9879.7,8
9881.0,25
9881.1,24
9884.9,32
9884.9,20
9885.2,21
9885.3,4
9885.3,26
9885.9,17
9886.3,13
9886.3,35
9886.4,0
9886.9,30
9887.1,28
9887.2,29
9887.2,33
9889.0,1
9889.1,38
9890.4,27
9891.7,14
9891.8,16
9891.9,8
9892.1,10
9893.0,7
9893.7,25
9893.7,39
9894.4,22
9894.4,23
9895.5,0
9895.9,21
9898.6,35
9898.8,15
9899.1,31
9899.9,2
9900.4,34
9900.8,24
9901.5,20
9901.6,28
9901.6,37
9901.8,18
9901.8,32
9901.9,16
9902.0,38
9902.8,10
9902.9,29
9903.0,3
9903.1,11
9904.7,27
9904.8,26
9904.8,30
9906.0,0
9906.2,17
9907.1,1
9907.5,8
9908.1,7
9908.1,23
9909.3,25
9909.5,4
9909.7,21
9910.4,33
9910.5,14
9910.8,36
9911.1,24
9911.3,32
9911.8,39
9912.2,11
9913.5,28
9914.0,16
9915.7,34
9915.9,38
9916.3,13
9916.7,10
9917.2,29
9919.2,35
9919.9,0
9920.2,9
9920.4,8
9921.3,14
9921.4,26
9921.5,7
9921.5,17
9921.5,30
9922.3,1
9922.5,3
9922.6,15
9922.9,5
9922.9,20
9922.9,27
9923.8,23
9923.8,39
9923.9,16
9924.5,28
9924.6,4
9925.9,22
9926.0,38
9926.2,2
9927.2,24
9929.5,10
9930.2,33
9931.0,35
9931.9,0
9932.2,21
9932.4,18
9933.4,32
9933.9,8
9934.1,25
9934.5,20
9934.8,26
9935.0,28
9935.5,30
9938.4,10
9939.0,1
9939.3,7
9939.4,17
9940.6,29
9940.6,38
9941.0,13
9941.2,16
9941.2,39
9941.8,34
9942.5,14
9942.5,27
9942.6,6
9943.3,0
9944.1,4
9944.1,35
9945.4,23
9945.5,21
9945.8,26
9946.1,24
9946.7,22
9948.5,28
9948.7,25
9948.9,2
9948.9,32
9949.3,36
9949.4,8
9951.0,20
9951.7,30
9951.9,10
9952.2,18
9952.3,33
9952.6,1
9952.6,7
9952.7,31
9953.4,16
9954.6,15
9954.8,39
9954.9,3
9955.1,28
9955.7,34
9955.9,38
9956.8,35
9959.4,24
9959.9,14
9960.0,5
9960.0,9
9960.0,25
9960.7,0
9961.0,27
9961.5,10
9961.5,26
9962.1,8
9962.2,32
9962.9,23
9963.1,21
9964.0,20
9964.8,37
9965.1,16
9965.2,38
9965.6,4
9965.9,17
9967.8,39
9968.5,34
9969.3,13
9970.1,7
9970.5,33
9970.8,1
9972.1,0
9972.2,28
9972.3,10
9972.7,14
9972.8,30
9974.5,24
9974.5,27
9975.3,8
9975.6,29
9975.8,9
9975.8,18
9976.1,2
9976.4,35
9977.7,16
9979.5,38
9979.8,36
9979.9,21
9980.8,20
9980.8,31
9980.9,4
9981.0,7
9981.5,3
9981.8,23
9982.3,10
9982.4,26
9982.4,28
9983.7,17
9984.3,11
9984.6,39
9985.1,29
9985.5,22
9985.7,8
9986.1,0
9986.5,15
9987.4,1
9989.7,5
9990.8,20
9991.1,37
9991.8,27
9991.8,32
9992.1,16
9992.2,7
9992.7,28
9993.2,24
9993.4,21
9994.4,0
9994.5,35
9994.6,23
9995.0,8
9995.0,33
9995.3,14
9995.4,34
9996.5,10
9996.8,4
9998.5,6
9998.5,25
9998.9,22
9999.0,18
9999.1,13
9999.3,26
9999.5,38
