12.1,19
12.1,39
12.2,10
12.3,29
12.4,21
12.5,38
12.6,11
12.9,36
13.0,3
13.1,12
13.2,0
13.2,20
13.4,16
13.4,27
13.5,17
13.9,4
14.0,9
14.0,35
14.2,18
14.5,37
14.7,13
15.1,28
15.8,1
19.3,34
21.5,7
21.5,23
21.8,30
22.2,6
22.2,28
22.9,8
23.1,16
23.4,26
24.0,1
24.3,21
24.4,14
24.9,12
25.2,11
25.3,20
25.5,33
26.0,15
26.5,13
27.2,32
27.5,0
27.9,4
29.6,9
29.8,35
31.2,18
31.9,39
32.1,22
32.3,34
32.6,2
32.6,31
32.7,21
32.8,36
33.0,37
33.5,3
33.5,27
34.0,11
34.3,25
35.9,0
36.1,1
36.3,29
36.9,28
38.2,16
38.7,20
38.9,5
39.4,8
39.7,17
41.3,6
41.9,13
42.2,35
42.3,7
43.0,23
43.1,1
43.2,12
43.7,26
43.7,38
43.9,0
44.6,3
44.6,9
45.1,21
45.2,15
45.4,28
45.7,10
45.9,36
46.4,16
47.6,34
50.5,20
51.2,6
51.3,25
51.9,13
52.0,14
52.8,37
53.2,12
53.5,22
53.6,31
54.3,21
54.8,32
55.9,0
56.4,11
56.6,34
57.2,1
57.3,8
57.3,28
57.3,39
57.5,18
58.0,29
59.7,23
60.0,9
60.1,4
60.2,3
60.5,36
60.8,16
60.8,17
62.0,7
64.7,6
65.4,21
65.5,20
66.1,33
66.3,2
66.4,0
66.7,13
66.7,35
68.3,26
69.4,38
69.6,8
70.0,1
70.1,23
70.3,12
70.6,19
70.7,28
70.7,34
70.9,25
71.6,16
73.1,5
73.9,13
74.0,9
74.6,21
74.9,7
75.1,3
75.7,31
75.8,6
75.8,10
76.3,32
76.7,11
76.7,37
76.9,2
77.1,4
77.4,36
78.0,15
78.3,0
78.4,20
78.5,28
78.7,18
79.0,34
79.6,35
80.5,14
80.5,29
81.5,1
82.5,17
83.7,16
84.4,12
84.7,3
85.7,13
85.7,21
86.3,39
87.4,34
87.8,23
89.3,33
91.1,9
91.4,4
91.4,6
91.5,8
91.6,28
91.8,0
92.4,37
94.1,26
95.3,7
95.3,20
95.7,36
95.9,35
96.1,15
96.6,31
97.3,21
97.4,16
98.0,34
98.5,1
98.5,5
98.6,12
100.7,13
101.0,25
101.9,23
102.3,3
102.6,11
102.6,38
103.2,28
104.2,2
104.7,9
104.7,19
105.6,18
106.2,39
106.4,29
106.5,4
106.5,37
106.6,0
106.8,14
107.1,12
107.1,26
107.6,32
107.8,16
108.2,8
108.5,10
108.9,1
109.0,34
109.2,20
109.9,17
110.4,21
112.1,28
112.2,36
113.3,3
113.3,6
114.7,35
114.9,4
116.9,13
118.1,11
118.1,34
118.3,14
119.1,33
119.8,0
120.2,29
122.9,21
123.2,3
123.2,23
123.3,9
123.7,28
123.9,16
124.3,35
124.5,7
124.6,12
124.8,1
124.8,31
124.8,38
125.1,18
125.2,37
125.8,8
125.9,20
126.6,15
128.3,39
128.6,26
128.7,5
129.3,6
129.5,2
130.1,13
130.6,0
130.7,34
132.1,17
134.2,8
134.6,16
135.0,4
135.7,20
135.9,28
137.1,3
137.1,13
137.2,21
137.5,19
138.5,12
138.6,37
139.2,1
140.0,36
140.7,9
141.0,7
141.1,11
142.0,14
142.0,18
142.3,22
142.5,35
142.9,32
143.6,29
143.9,0
143.9,39
144.0,34
144.2,25
144.8,4
146.1,26
147.1,6
148.0,1
148.1,28
148.3,16
148.4,13
150.4,23
150.4,31
151.0,33
151.6,20
151.6,21
152.1,3
152.4,2
152.9,0
153.7,12
154.0,35
154.1,34
155.6,9
156.4,36
156.7,18
156.9,38
157.5,37
157.6,28
158.0,5
159.7,13
160.7,39
161.6,34
161.7,11
162.3,26
162.4,23
162.5,10
162.5,16
162.5,30
162.7,8
163.2,1
163.3,6
163.3,21
164.1,37
164.2,7
164.2,19
166.0,28
167.6,0
168.2,3
168.4,4
168.4,29
168.8,15
169.4,13
169.6,14
169.6,20
170.6,21
170.9,36
171.0,35
172.7,17
172.9,12
173.1,9
173.5,31
173.8,28
174.5,16
177.1,2
177.5,27
177.6,39
177.8,23
178.3,6
178.6,0
178.8,20
178.9,37
179.0,32
179.0,33
179.1,18
180.2,26
180.2,34
180.9,7
181.9,1
181.9,3
183.0,5
183.3,35
183.6,8
183.6,38
184.3,13
184.4,9
184.5,21
185.3,4
187.0,28
187.5,17
189.2,19
189.5,14
190.1,34
190.2,10
190.9,25
191.7,12
191.8,0
192.3,29
192.5,1
192.6,16
192.9,6
192.9,21
193.1,13
193.2,18
193.4,11
194.2,9
195.5,36
195.7,7
195.7,28
196.0,39
196.2,15
197.1,2
198.0,20
199.9,37
200.2,34
200.4,4
201.2,8
202.5,31
203.1,26
203.3,3
203.9,35
204.0,13
204.5,21
204.6,1
205.0,14
205.4,0
206.0,32
206.3,33
206.4,23
206.5,16
206.5,38
207.3,28
208.0,6
208.0,12
209.2,34
209.6,10
210.7,20
211.0,5
212.2,17
212.8,0
213.1,15
213.5,4
214.3,1
215.4,3
215.9,21
216.4,16
216.8,7
217.1,23
217.5,29
217.7,36
218.2,11
218.3,2
218.4,37
218.4,39
218.7,9
218.8,13
219.1,26
219.6,14
220.1,28
222.0,22
222.4,20
222.7,18
223.2,25
223.3,35
223.5,34
224.1,12
224.7,19
225.3,8
225.8,9
227.7,0
228.2,33
229.1,4
229.5,1
229.5,37
229.7,13
229.7,32
229.8,38
229.9,21
230.5,6
231.9,28
232.1,23
232.3,10
233.1,31
234.0,11
234.3,5
234.3,39
234.4,34
234.6,20
235.1,3
235.4,17
237.0,16
239.0,2
239.2,14
239.4,37
239.6,26
240.1,12
240.5,21
241.0,9
241.0,23
241.3,1
241.6,36
241.8,34
242.4,28
242.8,0
242.9,18
243.0,13
243.2,6
243.3,8
244.1,7
245.3,4
247.8,16
248.0,3
248.2,15
248.2,35
249.0,20
249.0,25
249.5,0
250.3,19
250.5,2
250.5,5
250.8,28
250.9,6
250.9,34
252.1,21
254.1,1
254.5,13
257.3,8
257.3,9
257.6,17
258.1,26
258.3,14
258.6,7
258.9,39
259.1,11
259.1,28
259.4,12
259.4,31
259.5,23
259.6,10
259.9,4
260.0,25
260.1,18
260.1,37
260.2,32
260.4,3
260.8,20
260.8,21
260.8,36
261.0,34
261.0,16
261.5,0
265.0,13
266.2,6
266.2,38
266.6,29
266.9,35
267.9,26
268.2,1
269.7,9
269.7,21
270.4,34
271.5,3
274.6,7
274.7,28
274.9,35
275.1,0
275.6,8
275.9,15
276.3,20
276.4,12
277.0,4
278.2,16
278.7,34
279.1,19
279.3,13
280.3,11
280.7,21
281.2,2
281.2,23
281.2,33
281.5,1
282.2,14
282.6,10
282.7,5
282.9,36
283.1,3
283.1,30
283.2,6
283.7,26
283.7,37
284.0,25
284.0,39
284.1,28
284.4,31
284.5,18
285.2,17
285.2,29
286.5,21
288.1,16
289.6,0
289.7,38
290.1,20
291.3,32
291.3,1
291.5,8
291.7,9
291.8,28
291.9,7
292.1,13
292.7,34
293.5,3
293.8,35
294.8,6
295.7,4
296.6,21
297.1,11
297.6,12
297.6,23
298.6,25
299.5,31
300.7,18
300.9,13
301.1,28
301.8,34
302.0,1
302.2,36
302.8,0
302.8,14
302.9,6
303.2,20
303.7,2
303.7,39
304.6,19
304.8,15
305.4,33
307.5,37
307.6,29
307.7,21
307.8,35
308.5,24
308.8,7
309.2,3
309.9,16
310.2,9
310.2,26
310.2,32
310.2,38
310.9,11
311.0,8
311.4,17
311.5,23
312.4,14
312.6,4
312.9,0
313.4,28
313.6,13
313.7,18
315.9,6
316.5,12
316.8,34
317.3,5
317.4,1
317.6,20
317.7,31
317.7,33
317.8,36
318.1,21
322.6,25
322.7,3
322.7,13
322.7,16
322.7,19
322.7,28
323.5,2
323.5,4
323.5,11
325.1,0
325.1,18
325.5,39
325.8,7
326.6,36
326.7,34
327.8,8
327.9,37
328.2,23
328.2,29
329.1,10
329.1,35
329.3,17
329.3,38
330.7,1
330.9,21
331.1,6
331.1,9
331.4,12
332.3,28
333.5,26
333.9,3
334.2,0
335.1,13
335.4,16
335.9,14
336.2,15
336.3,34
336.4,20
336.9,27
337.8,18
338.5,39
339.7,5
340.2,1
340.7,21
342.3,37
343.6,28
344.0,23
344.1,9
344.2,35
344.9,31
345.7,7
345.8,34
345.9,36
346.4,11
346.9,12
347.3,16
347.4,13
348.0,6
348.1,3
349.0,0
349.1,8
349.5,32
349.9,26
350.1,14
350.6,20
350.7,22
351.3,33
351.5,4
351.6,28
354.9,15
355.7,21
355.7,38
356.3,9
356.3,18
356.4,30
356.6,7
356.9,37
357.6,1
357.8,10
358.0,29
358.5,2
358.7,13
358.7,35
359.7,8
359.7,23
360.5,39
361.4,31
362.2,25
362.3,6
362.4,11
362.7,34
363.0,3
363.1,16
364.9,0
364.9,28
366.9,19
367.4,17
367.4,37
367.8,20
367.8,21
367.9,32
368.3,9
368.5,12
368.7,36
369.4,33
372.4,1
372.7,4
374.2,26
374.9,18
375.0,16
375.3,25
375.7,34
375.8,13
376.3,3
376.3,35
376.9,23
377.2,28
377.7,14
378.4,0
378.4,10
378.6,20
378.7,6
379.0,21
379.5,38
379.9,36
380.3,5
380.5,29
381.5,37
382.9,13
383.0,7
384.0,9
385.5,12
386.7,28
387.0,39
387.1,1
388.5,16
388.6,2
388.9,34
389.7,20
389.9,17
390.2,0
390.2,3
390.2,11
390.5,35
390.5,38
391.8,23
392.4,4
392.7,15
392.7,21
392.9,18
393.2,6
393.2,28
393.6,33
394.8,31
395.0,26
395.1,34
395.4,1
395.5,8
395.6,29
396.5,9
397.1,16
398.0,37
398.7,7
399.1,3
399.5,13
401.6,32
402.5,20
402.5,12
402.9,5
403.4,36
404.3,2
404.3,19
404.4,18
404.8,21
405.0,4
405.0,28
406.7,0
406.9,39
407.9,7
409.0,23
409.1,35
409.5,16
409.6,26
409.7,34
410.3,6
410.9,9
411.1,1
411.2,17
411.2,3
411.5,12
411.8,11
411.9,25
412.3,13
412.5,14
414.3,8
414.3,37
414.8,21
414.9,29
415.8,28
418.6,32
419.2,0
419.2,1
419.2,31
420.0,4
421.8,16
421.9,6
421.9,9
423.1,18
423.7,13
423.8,7
423.9,20
423.9,28
424.2,19
426.9,8
427.0,26
427.2,12
427.2,34
427.3,21
428.3,33
428.4,17
428.4,35
428.9,2
429.3,1
429.5,3
429.6,39
429.9,6
429.9,29
430.0,0
430.0,36
430.1,14
431.3,38
431.8,37
432.8,4
432.8,25
433.3,11
433.6,28
434.8,9
434.8,31
434.9,13
435.2,23
435.9,10
436.0,34
436.1,32
436.2,0
436.2,16
436.2,18
436.2,21
436.8,15
437.8,20
440.5,1
443.2,28
443.8,21
444.9,39
446.7,27
447.0,37
447.4,35
447.7,22
447.9,26
448.1,3
448.3,7
448.4,8
448.8,29
449.0,34
449.1,6
449.1,12
449.8,0
449.8,4
449.8,9
450.0,13
450.2,5
450.2,14
451.4,28
454.4,16
455.0,23
456.0,31
456.5,38
456.8,1
457.3,20
457.9,19
458.6,39
458.9,35
459.3,21
460.4,2
460.5,17
460.7,33
461.2,0
461.2,11
461.3,30
461.7,28
461.9,34
462.1,10
462.6,3
462.9,9
463.3,12
463.5,18
463.7,25
464.2,13
464.5,6
464.5,32
464.6,20
465.2,23
465.2,36
466.2,37
467.2,26
468.2,38
470.2,29
471.4,4
471.4,16
471.5,21
471.9,7
472.3,1
472.9,14
473.7,23
474.5,3
474.5,28
474.9,34
475.1,31
475.9,0
476.1,6
476.5,9
477.8,2
478.6,13
478.6,35
479.4,12
479.6,20
480.9,39
482.4,8
482.6,21
483.0,17
483.3,36
484.0,18
484.3,1
484.3,16
484.5,37
484.9,25
485.2,11
485.5,26
485.7,3
486.1,30
486.3,38
487.0,5
487.8,34
489.1,4
489.6,28
490.3,0
491.3,19
491.7,35
492.0,13
492.1,33
492.2,1
492.9,9
493.4,7
494.4,37
495.4,10
495.4,15
498.1,6
498.2,20
498.8,14
499.7,8
500.0,16
500.6,39
501.8,12
501.9,34
501.9,26
502.1,28
502.3,31
503.1,21
503.6,13
503.6,17
503.7,32
503.9,23
504.4,11
505.0,0
505.1,22
505.1,18
505.1,36
506.9,20
509.8,37
509.9,16
510.1,3
510.5,1
511.5,9
511.6,35
512.2,29
512.2,5
513.8,7
514.1,12
514.5,4
514.7,38
514.8,6
515.0,27
515.0,28
515.4,0
515.7,2
516.4,14
516.5,21
516.6,1
518.0,13
518.5,20
518.7,23
518.8,39
519.5,34
519.6,35
520.1,16
523.8,18
523.9,8
524.1,26
525.0,10
525.5,9
525.6,3
525.6,31
525.7,25
525.8,11
526.0,0
526.1,29
526.3,33
526.8,6
528.6,28
530.0,37
530.5,4
530.5,21
530.6,19
530.8,13
530.9,38
531.8,7
531.9,20
532.2,15
532.3,32
533.0,31
533.3,34
533.6,17
533.8,22
534.0,1
534.2,16
534.2,35
535.2,23
535.3,12
536.0,14
536.9,0
540.1,34
541.4,2
541.7,13
541.7,21
542.3,3
542.5,28
542.8,36
543.7,29
543.8,9
544.5,38
544.8,39
545.5,6
545.8,11
546.0,16
546.5,20
547.1,35
547.3,10
547.9,4
548.1,0
548.3,1
548.4,26
549.5,18
549.5,23
549.8,17
550.1,7
550.3,33
551.0,5
551.2,19
551.4,12
551.5,8
551.9,37
552.3,13
552.7,21
552.7,32
553.4,34
553.5,14
554.0,28
555.8,0
556.1,25
556.7,9
556.7,31
557.0,3
558.2,35
558.6,20
560.5,23
561.0,6
562.0,7
562.5,13
562.9,4
563.5,2
563.6,15
563.6,26
564.4,1
564.6,34
564.8,12
565.1,22
565.4,16
565.4,36
565.6,28
565.9,11
567.0,3
567.5,38
567.6,39
569.1,5
569.1,10
570.8,21
570.9,1
571.4,8
573.1,9
573.3,0
573.6,37
573.7,23
573.7,18
574.2,29
574.6,20
574.6,32
574.7,6
575.5,19
575.5,35
575.9,16
576.2,26
576.8,7
576.8,33
577.0,13
577.0,17
577.3,36
577.7,31
578.2,38
578.4,14
579.0,28
580.7,1
580.7,27
582.0,30
582.4,11
582.6,3
582.6,4
582.7,12
582.9,32
583.1,21
583.5,39
583.6,25
584.3,34
587.3,15
587.4,9
588.2,28
588.3,0
589.2,13
589.2,31
589.3,20
589.4,37
590.6,16
590.7,6
590.7,21
591.5,2
591.6,23
591.8,8
592.4,34
593.7,35
594.2,18
594.6,7
594.8,3
594.8,26
595.5,1
595.5,10
595.7,19
597.5,29
599.5,36
599.8,28
600.1,21
600.6,14
600.7,13
601.3,20
601.5,38
601.6,16
602.7,0
604.1,6
604.4,4
605.3,34
605.4,22
606.5,39
606.6,12
606.9,31
607.6,9
608.4,8
608.4,33
608.5,11
608.5,26
609.3,23
609.3,35
609.9,25
610.1,32
610.2,16
610.3,28
610.6,1
610.9,17
611.1,3
611.8,13
612.0,18
612.8,37
612.8,0
614.9,21
616.9,29
617.0,10
617.0,34
617.6,7
618.3,26
619.2,2
619.7,20
619.9,13
620.2,6
620.2,24
620.2,28
620.8,16
621.0,4
621.7,25
622.0,19
622.4,23
622.8,31
623.1,21
623.3,36
623.5,12
623.6,11
624.0,18
624.3,5
624.6,0
624.8,37
625.0,14
625.8,39
626.5,28
628.3,35
628.4,32
628.9,34
630.9,8
631.0,3
631.5,1
632.0,6
632.2,9
632.8,26
633.4,38
633.7,30
634.1,16
634.5,2
634.6,20
634.9,23
635.3,13
635.6,4
637.1,17
637.8,0
638.3,28
638.6,21
639.7,33
639.8,10
641.3,3
641.7,22
642.1,7
642.8,6
643.4,11
643.5,29
644.5,34
644.5,37
644.7,15
645.1,1
645.1,39
645.5,23
645.7,0
645.7,12
645.7,14
645.7,32
646.0,25
646.1,36
646.5,21
647.6,13
647.7,16
647.7,31
647.8,18
648.7,20
649.0,9
649.0,28
650.1,4
651.9,8
652.1,35
652.6,26
653.5,19
654.3,6
656.3,3
656.6,1
656.7,34
656.8,23
656.9,21
658.0,16
658.6,2
659.6,13
659.7,4
660.6,28
660.6,36
661.4,20
662.5,34
662.7,31
664.1,10
664.7,0
664.7,37
666.8,18
667.1,35
667.3,7
667.5,9
668.7,6
669.6,3
669.7,33
669.8,1
669.8,14
670.4,26
670.8,21
671.4,16
671.8,17
672.4,36
672.4,12
673.0,38
673.2,11
673.4,25
673.9,39
674.5,34
674.7,8
675.0,13
675.7,29
676.6,9
676.7,0
676.8,32
677.3,37
677.9,28
678.2,24
678.5,20
679.1,4
679.8,23
680.6,2
680.8,21
681.7,1
683.0,3
684.0,28
684.8,11
685.0,26
686.5,19
686.8,16
687.3,10
688.0,14
688.0,34
688.1,6
689.3,5
689.7,33
690.0,12
690.0,13
690.2,0
690.8,21
691.3,7
691.5,20
692.8,37
693.0,31
693.0,36
693.8,4
694.0,35
694.5,38
694.7,8
694.8,18
695.1,1
695.5,39
695.5,30
695.8,23
696.4,9
697.1,16
697.4,28
697.4,26
698.1,29
699.2,34
699.4,3
700.2,21
701.4,6
701.8,13
701.9,14
701.9,15
702.0,27
702.6,0
704.1,4
705.1,11
705.5,1
705.8,25
707.3,7
707.5,19
708.4,2
708.8,16
709.3,28
709.6,5
709.8,32
710.1,12
710.7,26
711.3,6
711.3,20
711.5,34
711.5,36
712.2,31
712.2,37
712.3,13
712.4,35
713.8,23
714.1,3
714.6,8
715.0,0
715.7,21
716.6,17
719.8,14
720.0,39
720.1,16
721.2,38
721.6,1
721.8,9
722.0,10
723.7,13
724.1,28
724.2,19
724.2,35
724.4,34
724.8,4
725.1,23
725.4,26
725.5,33
725.8,29
726.6,3
726.7,11
726.7,21
726.8,7
726.9,25
727.1,0
727.9,20
729.8,6
729.8,12
731.1,37
731.4,18
731.9,1
731.9,16
733.1,36
733.4,5
733.9,34
735.1,2
735.7,35
735.8,13
735.9,9
736.9,14
737.1,39
738.5,23
739.4,31
740.1,0
740.1,21
741.2,3
741.5,28
741.7,20
742.0,8
742.8,7
743.0,25
743.0,26
743.4,16
744.7,35
745.3,1
745.3,34
747.3,4
747.8,17
748.2,19
748.9,11
748.9,13
749.5,32
749.6,9
751.0,0
751.9,10
752.1,29
752.7,37
753.0,23
753.2,21
753.2,22
753.2,26
753.3,3
753.3,18
753.4,6
753.4,38
753.6,28
754.5,5
755.4,7
755.4,20
755.6,2
755.9,36
756.1,16
756.5,1
759.5,12
759.8,39
760.5,35
760.7,15
760.8,34
761.2,31
761.6,8
761.6,21
764.1,14
765.2,20
766.6,23
766.8,4
767.7,28
767.8,6
768.7,33
769.0,18
769.2,0
769.2,13
769.7,16
770.1,3
770.5,36
770.6,1
770.7,9
770.8,26
772.5,21
772.6,34
773.1,37
773.2,25
774.4,5
774.6,38
775.1,17
776.6,32
777.2,11
777.4,26
777.5,14
777.8,12
778.7,20
778.7,35
778.9,6
779.0,29
779.3,2
779.6,21
779.8,0
780.4,28
781.8,3
782.3,16
782.6,4
782.8,13
783.8,7
784.1,1
784.5,31
786.4,33
786.5,18
786.8,19
787.0,23
788.0,34
788.1,39
788.3,9
790.6,20
790.7,36
790.9,28
791.8,15
791.9,3
791.9,10
792.3,7
792.7,6
792.8,13
792.8,26
793.3,37
793.4,12
793.4,17
794.2,35
795.6,21
795.7,1
795.9,22
796.0,0
797.1,38
797.4,8
797.6,25
798.4,16
798.7,29
799.3,9
799.7,23
799.8,39
802.7,26
802.9,32
803.2,34
803.9,4
804.0,18
804.4,21
804.4,28
805.5,5
805.7,1
805.8,27
806.4,0
806.4,2
807.3,31
807.4,3
807.7,11
807.9,20
808.6,9
809.1,6
811.0,28
812.0,13
812.5,14
813.1,16
813.3,7
814.3,34
814.7,36
815.2,12
815.8,35
816.1,0
816.2,17
816.2,18
816.2,30
816.3,38
817.1,3
817.1,21
817.5,23
819.8,8
820.3,1
820.9,39
821.7,31
821.7,37
822.9,28
823.2,26
823.3,20
823.4,11
823.8,6
824.6,4
824.9,13
825.4,34
826.5,16
827.0,9
829.1,33
829.3,22
830.6,29
830.7,21
830.8,0
830.9,10
830.9,12
831.0,32
831.3,1
832.0,2
832.2,36
832.3,17
832.6,6
832.7,38
833.1,35
833.2,15
835.6,28
837.4,23
837.5,7
837.6,34
837.7,3
838.4,37
838.5,14
838.9,16
839.0,4
839.0,13
839.1,25
841.1,21
841.3,26
841.4,18
841.6,19
841.6,20
843.7,11
843.9,39
844.4,28
845.0,0
845.1,36
845.2,9
846.3,12
846.4,6
846.5,2
847.6,13
849.5,16
849.9,1
850.4,4
850.7,8
851.4,7
852.3,34
852.4,26
852.7,35
853.4,17
855.2,29
855.3,21
855.8,28
856.1,3
856.5,14
857.0,38
857.3,0
857.7,31
857.9,37
858.7,32
858.9,9
858.9,18
859.4,33
860.2,20
860.3,6
860.3,15
860.9,5
860.9,12
861.0,23
861.3,13
861.9,21
862.5,16
862.8,1
863.3,7
864.4,2
865.9,28
866.0,36
866.1,34
866.9,29
867.9,26
868.0,0
870.2,35
870.6,21
871.2,13
871.6,9
873.8,3
874.6,39
875.0,14
875.3,4
875.5,1
875.7,20
876.0,32
876.2,11
879.1,34
879.6,37
879.9,16
880.2,0
880.4,28
880.5,6
880.5,38
880.7,25
880.9,21
881.2,7
881.2,29
881.5,35
881.9,12
882.3,9
883.5,23
884.4,13
886.1,18
886.6,36
888.0,26
888.4,10
888.5,3
889.4,5
890.1,8
890.5,22
890.8,31
890.9,28
891.4,20
891.5,1
891.6,21
892.3,13
893.2,34
893.3,0
893.3,4
893.4,19
893.9,35
894.1,11
894.4,12
894.9,7
895.5,33
895.8,16
896.6,32
896.7,37
896.9,17
898.0,9
898.1,14
898.5,23
900.0,2
900.0,6
901.7,15
903.4,39
903.5,13
903.6,21
904.2,29
904.2,38
904.4,28
904.5,1
904.6,0
905.1,3
905.6,8
905.7,34
906.2,20
906.4,11
906.4,26
906.9,25
907.1,16
911.1,6
911.1,35
912.7,32
912.8,1
912.8,14
913.0,9
913.0,30
913.0,37
913.7,7
915.5,28
915.6,21
915.9,18
916.1,23
916.7,10
917.9,13
918.3,34
918.3,2
918.3,3
918.6,4
918.7,0
919.1,36
919.3,29
920.6,16
920.6,20
921.3,9
921.5,12
921.5,39
921.6,28
921.8,11
922.0,26
922.2,1
922.4,31
922.6,15
924.8,6
925.3,19
925.4,35
926.1,7
926.6,8
926.9,21
927.8,38
928.4,13
928.8,17
929.7,16
929.7,33
930.1,28
930.2,1
930.2,5
932.8,25
933.0,18
933.1,0
933.8,9
934.1,34
934.8,4
935.6,17
935.8,6
936.5,20
936.8,37
937.3,3
937.3,12
937.4,35
939.0,28
939.3,21
941.0,29
941.1,1
942.5,36
942.6,0
942.7,11
942.7,16
943.0,26
943.2,2
943.5,34
943.6,14
943.8,8
944.0,13
944.0,32
944.1,23
944.1,31
944.4,9
944.5,38
945.8,7
948.3,4
948.7,3
949.1,39
949.5,28
949.6,33
950.2,20
950.3,18
950.9,6
951.0,34
952.5,13
953.2,10
953.6,16
954.0,37
954.3,21
955.3,35
958.4,1
958.9,15
959.5,11
960.2,8
960.4,28
960.8,0
961.2,20
962.6,31
962.9,19
962.9,32
963.3,3
964.0,26
964.1,18
964.2,2
964.3,21
964.5,38
965.3,16
965.5,25
965.9,13
966.3,34
966.4,4
966.7,12
967.0,9
967.2,22
967.7,28
968.4,6
968.4,17
968.9,35
969.1,14
969.2,29
969.3,1
969.3,7
969.6,37
971.8,36
972.7,16
974.4,5
974.6,3
974.9,20
975.4,21
975.7,39
976.2,35
977.0,0
977.2,13
977.5,23
978.5,7
979.1,26
979.4,2
980.3,11
980.4,6
980.8,28
981.3,34
981.4,4
982.0,33
982.1,1
982.2,29
982.4,22
983.1,37
984.3,12
984.9,21
985.0,9
986.3,3
987.3,18
987.3,32
988.8,20
988.9,16
989.0,24
989.0,38
989.6,0
989.7,25
990.2,8
990.2,23
990.3,14
990.4,13
990.5,31
990.9,1
991.0,35
991.4,10
991.7,19
992.0,36
992.8,6
993.0,34
994.9,3
995.1,4
995.3,39
996.7,7
997.8,12
998.4,0
998.7,28
999.3,21
999.8,37
1000.3,16
1001.7,20
1001.8,11
1001.9,2
1002.6,18
1003.0,13
1003.5,9
1004.4,26
1004.8,29
1004.8,34
1005.8,8
1005.9,35
1006.1,38
1006.8,6
1006.9,4
1007.0,14
1007.2,1
1007.3,28
1008.3,23
1008.7,10
1010.2,0
1010.3,3
1010.3,21
1010.9,27
1011.2,12
1011.3,33
1011.6,17
1012.0,15
1015.3,34
1015.6,5
1015.6,31
1015.7,13
1015.8,39
1016.4,16
1016.4,7
1016.7,11
1016.7,18
1017.2,25
1017.8,20
1018.4,28
1019.2,37
1020.3,32
1020.5,35
1020.9,8
1021.0,26
1021.1,9
1021.9,21
1022.2,2
1022.5,29
1023.0,1
1023.3,0
1025.4,6
1026.3,14
1027.8,34
1028.9,21
1030.2,12
1030.4,23
1030.5,7
1030.5,18
1030.5,28
1030.8,4
1030.8,20
1030.9,13
1030.9,39
1031.7,3
1032.6,36
1032.8,9
1034.0,8
1034.1,34
1035.8,1
1035.9,0
1036.5,35
1036.7,2
1037.3,10
1037.3,26
1038.2,11
1038.2,16
1039.6,21
1040.2,6
1041.2,37
1041.3,29
1041.8,31
1042.0,32
1042.6,19
1042.7,14
1043.2,13
1043.7,38
1044.0,9
1044.2,34
1044.5,7
1044.5,15
1044.6,20
1045.2,28
1046.4,23
1046.6,35
1047.2,4
1047.3,16
1047.7,3
1047.9,33
1048.5,17
1048.7,39
1049.1,1
1049.2,25
1050.0,29
1052.0,18
1052.6,0
1052.6,21
1052.6,12
1054.0,5
1054.1,11
1055.2,26
1055.4,2
1056.1,8
1056.2,37
1057.1,13
1057.2,28
1057.7,6
1058.7,35
1060.1,38
1060.3,9
1060.5,16
1060.6,30
1060.8,31
1060.9,0
1061.6,36
1061.9,21
1062.6,34
1062.9,10
1062.9,23
1063.3,20
1063.8,1
1064.6,4
1064.8,7
1066.2,13
1066.3,14
1066.3,32
1067.5,3
1067.6,11
1067.8,28
1068.0,12
1070.0,19
1070.9,37
1071.4,9
1071.6,22
1072.0,0
1072.1,34
1072.2,8
1073.1,39
1073.2,5
1073.5,6
1074.0,15
1074.1,21
1074.4,35
1074.8,23
1075.1,1
1076.2,16
1077.8,13
1077.8,17
1077.8,26
1077.9,4
1078.1,36
1082.0,29
1082.2,7
1083.0,20
1083.2,34
1083.4,30
1083.5,2
1084.5,0
1084.6,3
1084.7,28
1084.9,12
1085.0,24
1085.3,25
1085.3,38
1085.4,9
1086.0,18
1086.3,8
1086.6,23
1089.5,37
1090.8,13
1090.8,21
1090.8,34
1091.1,31
1091.5,39
1091.6,10
1092.0,1
1092.8,4
1092.8,16
1093.0,11
1093.0,26
1093.4,36
1093.7,35
1093.8,6
1093.8,15
1093.8,25
1095.2,20
1097.9,7
1098.2,28
1099.1,13
1100.7,12
1100.7,29
1100.7,17
1100.9,14
1101.2,36
1101.4,9
1101.8,0
1101.8,1
1101.9,34
1102.7,23
1103.0,19
1103.7,37
1105.7,3
1105.7,21
1106.2,33
1106.4,16
1107.0,6
1107.3,18
1107.5,8
1107.6,4
1107.7,35
1108.9,32
1109.4,13
1109.7,28
1110.0,20
1110.4,26
1111.7,0
1112.4,34
1113.4,7
1114.0,14
1115.1,9
1115.1,29
1115.1,39
1115.4,5
1115.6,27
1115.9,13
1116.1,37
1116.5,21
1116.7,15
1117.2,1
1117.4,28
1118.0,0
1118.5,11
1118.7,23
1119.3,2
1119.3,31
1121.0,16
1121.6,6
1121.8,20
1122.5,38
1122.8,12
1123.0,26
1123.9,18
1124.1,4
1124.2,25
1124.6,3
1126.3,35
1126.7,36
1128.5,22
1128.6,7
1128.7,23
1129.2,34
1129.6,1
1129.8,8
1129.9,21
1130.2,13
1130.9,32
1131.2,10
1131.6,12
1132.7,37
1133.0,17
1133.2,19
1133.3,16
1134.0,26
1134.1,0
1134.1,14
1134.2,28
1135.8,9
1136.3,6
1136.8,3
1138.8,13
1138.9,5
1139.1,34
1140.8,31
1140.9,21
1141.0,29
1142.3,0
1142.8,33
1142.9,16
1143.1,7
1143.3,4
1143.3,35
1143.7,12
1143.9,23
1144.0,15
1144.1,20
1144.2,11
1144.2,25
1144.3,28
1144.3,38
1144.4,3
1144.7,1
1145.5,32
1146.5,2
1147.2,39
1147.8,37
1148.3,13
1148.7,21
1148.8,10
1149.5,36
1150.1,8
1151.0,26
1151.2,9
1151.6,34
1151.8,18
1153.3,16
1153.9,11
1154.2,6
1154.6,0
1154.7,19
1155.6,14
1157.6,1
1157.9,7
1159.3,20
1159.4,3
1159.4,28
1159.8,21
1160.4,13
1160.8,23
1161.8,4
1162.5,35
1163.5,8
1163.7,12
1164.9,10
1165.2,27
1166.1,22
1166.2,9
1166.3,39
1166.5,16
1166.5,18
1166.5,34
1166.7,25
1166.8,38
1166.9,26
1167.1,6
1168.1,5
1168.8,21
1168.8,28
1169.2,2
1169.9,0
1170.2,31
1170.3,36
1171.2,35
1171.3,37
1171.5,32
1172.6,1
1174.0,4
1174.0,20
1174.4,34
1174.5,13
1175.2,14
1175.3,3
1175.3,33
1175.6,17
1175.7,11
1175.7,9
1176.2,23
1178.8,16
1179.9,12
1180.0,0
1181.0,6
1181.4,18
1181.4,19
1181.8,28
1183.0,7
1183.3,38
1183.8,30
1184.0,29
1184.2,21
1184.3,39
1184.7,4
1185.6,37
1185.6,1
1186.1,31
1186.4,35
1187.9,8
1188.0,13
1188.4,9
1188.6,0
1188.9,34
1189.3,3
1189.6,26
1190.4,28
1190.7,11
1190.8,25
1191.2,16
1191.4,17
1191.6,23
1193.7,20
1194.3,21
1194.9,6
1196.5,15
1197.0,0
1197.0,36
1197.2,8
1198.1,18
1198.5,2
1199.2,7
1199.2,13
1199.4,5
1199.5,19
1199.7,22
1199.7,16
1199.7,28
1200.4,10
1200.5,1
1201.1,26
1201.2,14
1201.3,9
1203.0,35
1203.8,32
1203.9,21
1204.4,37
1204.5,31
1205.4,12
1205.6,34
1205.8,20
1206.3,4
1207.0,13
1207.3,38
1207.6,29
1207.7,39
1208.1,3
1208.3,6
1208.8,8
1209.3,0
1209.9,22
1210.2,28
1211.2,23
1211.9,33
1212.3,1
1212.9,16
1213.1,2
1214.2,26
1214.7,13
1215.0,7
1215.0,17
1215.1,21
1215.3,9
1217.7,11
1218.0,34
1219.6,6
1219.9,4
1220.7,20
1221.1,35
1221.3,25
1221.6,18
1221.9,10
1221.9,13
1221.9,28
1222.4,14
1222.6,1
1222.8,0
1226.0,37
1226.6,34
1226.7,3
1227.0,12
1227.1,39
1227.3,33
1227.3,36
1227.4,23
1228.5,19
1228.7,21
1229.1,16
1230.2,7
1230.2,9
1231.4,38
1233.2,20
1233.4,31
1234.3,28
1235.2,4
1235.6,6
1235.9,32
1236.0,35
1236.2,0
1236.8,29
1237.1,13
1237.7,5
1238.1,1
1238.1,25
1238.2,16
1239.0,14
1239.4,11
1240.1,9
1240.5,2
1240.5,18
1241.7,26
1242.1,8
1243.1,3
1243.9,17
1244.2,34
1244.3,21
1244.7,13
1245.5,28
1245.5,38
1245.9,23
1246.2,39
1246.3,20
1247.7,0
1248.9,7
1249.0,33
1249.5,11
1249.9,37
1250.5,29
1251.6,4
1251.6,35
1251.6,36
1252.2,1
1252.5,12
1253.7,13
1254.1,6
1255.9,2
1255.9,28
1257.5,21
1257.8,8
1258.4,18
1259.0,26
1259.3,34
1259.4,16
1259.5,20
1260.0,10
1260.0,14
1260.0,31
1260.2,27
1260.3,0
1260.7,35
1261.5,9
1261.8,32
1262.8,3
1263.8,13
1265.8,28
1266.3,37
1266.4,23
1266.4,20
1266.7,1
1266.7,17
1267.8,7
1268.2,4
1268.2,34
1268.8,16
1269.2,6
1269.3,38
1269.9,21
1272.0,11
1274.4,9
1274.8,0
1275.2,12
1275.2,36
1275.4,39
1275.6,29
1275.9,26
1275.9,33
1276.0,1
1276.0,3
1276.0,28
1276.5,13
1277.7,16
1277.7,34
1277.8,18
1278.2,31
1278.3,4
1279.0,37
1279.1,35
1279.7,20
1281.7,19
1283.3,2
1284.1,21
1284.3,6
1284.4,0
1284.6,8
1285.5,28
1287.3,5
1287.3,9
1287.3,23
1287.4,15
1287.5,14
1288.2,7
1288.4,13
1288.5,34
1288.9,17
1289.3,3
1289.3,29
1289.7,16
1289.8,1
1290.0,11
1292.4,26
1293.2,39
1293.5,18
1294.2,31
1294.3,37
1295.1,20
1296.4,28
1297.1,4
1297.2,21
1297.4,10
1297.7,2
1297.7,25
1298.0,32
1298.3,35
1299.4,12
1299.4,34
1299.6,13
1300.0,8
1300.7,6
1300.9,0
1301.1,36
1301.3,30
1301.6,16
1302.0,23
1303.2,38
1303.4,1
1304.2,19
1305.8,17
1305.8,20
1305.9,3
1305.9,11
1306.4,26
1306.4,28
1306.5,9
1306.8,21
1308.3,14
1308.6,4
1310.1,34
1310.8,13
1310.9,15
1311.3,0
1311.6,37
1312.2,29
1312.3,35
1312.9,33
1313.5,31
1315.0,7
1316.7,6
1317.8,16
1318.0,11
1318.1,2
1318.7,18
1319.0,1
1319.1,36
1319.2,23
1319.2,28
1319.3,12
1319.3,21
1319.7,39
1320.1,8
1320.9,22
1320.9,34
1321.5,9
1321.7,35
1322.0,13
1322.1,3
1324.7,17
1326.7,10
1328.0,20
1328.2,0
1328.8,16
1329.7,6
1329.8,7
1330.5,32
1330.8,26
1331.3,25
1331.4,29
1331.7,14
1331.9,1
1332.4,19
1332.4,23
1332.4,21
1332.6,37
1333.0,28
1333.2,5
1333.4,2
1333.7,12
1333.8,4
1333.8,35
1334.0,34
1334.1,31
1334.1,36
1334.3,8
1334.7,3
1335.3,13
1335.5,20
1337.4,16
1341.1,9
1341.2,11
1341.4,32
1341.5,18
1341.9,6
1341.9,37
1342.1,33
1342.5,29
1343.2,28
1343.3,0
1343.5,21
1343.6,1
1343.9,34
1344.5,16
1344.9,39
1345.2,13
1346.4,23
1347.3,4
1347.3,17
1347.5,38
1348.0,5
1348.0,35
1348.3,30
1348.7,20
1352.7,8
1353.0,3
1353.2,28
1353.4,26
1354.6,9
1354.7,36
1354.8,14
1355.1,0
1355.2,1
1355.3,34
1355.4,10
1355.9,7
1356.1,6
1356.2,13
1356.4,17
1357.1,4
1357.3,23
1357.8,21
1358.0,11
1358.4,16
1359.6,32
1360.3,20
1361.7,35
1362.3,12
1362.4,18
1364.1,29
1364.5,37
1364.9,3
1364.9,25
1364.9,38
1365.7,1
1365.8,36
1366.4,2
1368.2,23
1368.8,21
1369.2,28
1369.7,9
1370.0,26
1370.2,34
1370.3,0
1371.0,8
1371.1,31
1371.7,19
1371.9,7
1371.9,17
1372.0,5
1372.0,6
1372.2,39
1372.4,10
1372.5,27
1372.5,30
1372.8,14
1373.3,16
1373.4,1
1373.4,35
1375.1,13
1377.3,37
1377.5,20
1378.8,34
1379.7,6
1380.7,23
1380.8,28
1380.9,0
1381.5,12
1381.6,21
1382.3,11
1382.3,16
1382.4,1
1382.4,3
1382.4,32
1382.5,38
1382.7,25
1383.4,9
1383.5,2
1383.5,26
1383.9,13
1388.8,7
1389.1,14
1389.9,10
1390.3,4
1390.3,35
1390.6,20
1390.9,34
1391.3,36
1391.4,18
1391.4,39
1392.2,31
1392.5,28
1392.5,29
1392.6,37
1393.0,1
1393.0,15
1393.7,21
1393.8,2
1394.3,16
1394.8,13
1394.9,3
1395.4,0
1395.5,9
1396.3,8
1397.7,26
1397.9,12
1398.8,23
1399.6,5
1399.8,34
1400.0,32
1400.6,28
1400.8,20
1402.2,6
1402.7,35
1403.1,4
1403.3,13
1403.9,16
1404.1,38
1404.2,7
1405.3,37
1406.0,21
1406.0,36
1407.8,25
1408.2,33
1409.2,1
1409.7,34
1409.8,0
1410.2,28
1410.5,9
1410.8,3
1411.2,2
1412.4,14
1412.4,39
1412.5,6
1413.2,26
1413.2,11
1413.5,22
1413.9,21
1414.3,15
1414.3,35
1414.8,18
1415.5,7
1415.5,16
1416.4,4
1417.0,13
1418.1,23
1418.1,31
1418.4,12
1419.2,20
1419.6,28
1419.9,29
1420.7,37
1421.5,0
1422.1,19
1422.3,8
1422.9,9
1422.9,26
1423.3,1
1423.7,38
1424.1,36
1424.5,25
1424.6,5
1425.4,14
1426.8,21
1427.1,34
1427.7,20
1428.0,13
1428.5,3
1429.0,6
1431.2,35
1431.9,11
1431.9,16
1432.0,33
1432.5,7
1432.9,28
1433.1,1
1434.7,23
1435.3,12
1435.8,17
1435.9,4
1436.3,32
1436.4,20
1436.8,0
1437.4,39
1437.5,18
1438.2,34
1438.6,37
1439.2,2
1439.2,8
1439.8,15
1439.9,26
1440.5,21
1440.6,13
1441.4,29
1442.1,31
1443.2,28
1445.6,35
1445.9,1
1446.2,3
1447.0,10
1447.7,4
1447.7,16
1447.7,19
1449.0,9
1449.2,11
1449.7,0
1450.1,34
1450.5,6
1451.3,21
1451.5,23
1451.6,20
1451.8,39
1452.6,18
1452.9,28
1453.8,7
1454.2,14
1454.5,13
1454.6,22
1454.6,38
1455.4,36
1456.1,8
1456.4,37
1458.6,12
1459.9,26
1460.6,28
1460.9,1
1461.0,29
1461.6,25
1461.9,17
1462.5,5
1462.7,3
1462.7,4
1462.9,6
1462.9,35
1463.3,2
1463.7,21
1464.1,0
1464.1,8
1464.6,20
1464.7,16
1464.9,34
1465.0,37
1466.3,33
1466.8,9
1467.8,12
1468.9,13
1470.7,14
1471.5,27
1471.5,39
1471.8,18
1472.1,31
1472.2,23
1472.5,28
1473.4,26
1473.7,32
1473.8,36
1474.3,10
1474.5,7
1474.9,4
1474.9,16
1475.0,6
1476.2,1
1477.1,37
1477.3,0
1478.3,11
1478.4,34
1479.1,20
1479.7,21
1481.7,35
1481.8,13
1484.1,9
1484.4,12
1486.1,34
1486.2,6
1486.3,7
1486.3,8
1486.4,3
1486.4,23
1486.4,28
1486.4,29
1486.6,39
1486.7,1
1486.7,37
1486.9,17
1487.0,16
1487.2,38
1487.4,30
1487.8,25
1488.5,26
1490.1,2
1490.3,21
1490.6,20
1491.1,14
1491.5,15
1491.6,13
1491.7,0
1493.8,9
1493.8,18
1494.6,16
1494.7,12
1494.8,4
1495.0,19
1496.1,26
1497.0,11
1497.1,34
1497.2,22
1497.7,1
1500.1,32
1501.8,8
1501.9,35
1502.4,25
1502.5,13
1502.7,31
1503.0,21
1503.1,3
1503.5,2
1503.5,28
1504.2,20
1504.2,37
1504.6,15
1505.0,23
1505.0,34
1505.6,5
1505.8,18
1506.1,0
1506.1,6
1507.0,38
1507.4,16
1508.5,11
1508.9,9
1509.4,33
1509.5,10
1510.7,26
1511.1,36
1511.5,1
1512.7,29
1514.6,13
1515.1,21
1515.1,31
1515.4,28
1516.5,39
1517.0,23
1517.2,19
1518.0,35
1518.3,14
1518.5,34
1519.5,20
1519.7,8
1519.9,16
1520.2,0
1520.2,7
1520.4,9
1520.5,17
1520.8,4
1520.8,12
1522.2,5
1522.8,3
1522.9,6
1522.9,37
1523.4,38
1523.5,1
1526.5,13
1527.0,18
1527.4,11
1527.9,21
1529.0,34
1529.0,36
1530.0,7
1531.1,1
1531.4,28
1532.1,3
1533.0,29
1533.9,33
1533.9,39
1534.3,0
1534.3,25
1534.4,12
1534.7,23
1534.8,16
1534.9,9
1535.1,32
1536.4,14
1536.9,15
1537.0,4
1537.0,10
1537.6,6
1537.7,20
1538.5,35
1538.7,2
1538.9,8
1539.3,21
1539.7,13
1539.9,26
1539.9,31
1540.0,28
1541.0,34
1541.4,18
1543.6,0
1543.7,1
1544.5,29
1544.9,36
1545.0,3
1545.2,38
1545.4,37
1546.1,16
1549.7,19
1549.7,26
1549.9,13
1550.4,34
1551.6,17
1551.8,28
1552.0,7
1552.3,39
1552.6,23
1552.6,20
1552.9,9
1553.0,30
1553.2,5
1553.2,11
1553.2,35
1553.5,6
1554.4,21
1554.5,14
1555.6,4
1555.9,2
1555.9,12
1556.8,1
1557.5,0
1557.5,15
1557.6,37
1557.8,3
1559.4,32
1560.0,16
1560.3,8
1560.6,13
1560.6,7
1561.0,29
1561.3,28
1561.9,34
1562.4,10
1562.4,36
1564.0,21
1564.2,18
1565.5,35
1566.3,20
1567.2,11
1567.7,23
1568.0,31
1568.5,25
1568.7,9
1568.9,37
1568.9,38
1569.3,33
1570.4,0
1570.5,3
1571.2,12
1571.2,17
1571.3,28
1573.2,34
1574.0,2
1574.1,16
1574.5,26
1574.8,18
1575.0,6
1575.3,8
1575.3,13
1575.6,20
1576.2,4
1576.2,15
1576.2,21
1578.5,1
1578.6,28
1581.0,14
1581.1,31
1581.5,7
1582.4,36
1583.1,0
1583.5,16
1583.5,35
1584.5,9
1584.7,28
1584.7,37
1584.9,10
1584.9,21
1585.0,34
1585.1,39
1585.5,19
1585.6,38
1585.8,11
1586.4,29
1586.9,3
1586.9,13
1587.3,23
1587.6,20
1588.0,17
1588.0,33
1588.3,14
1590.8,8
1592.7,1
1593.0,12
1593.0,25
1593.9,2
1595.4,16
1597.3,28
1597.6,35
1598.0,26
1598.1,3
1598.2,21
1598.3,6
1599.4,31
1599.9,34
1600.0,4
1601.0,13
1601.6,12
1602.2,0
1603.3,20
1603.7,37
1603.9,18
1604.4,14
1604.5,38
1605.0,1
1605.2,9
1605.3,11
1605.6,23
1605.8,16
1605.9,7
1606.0,10
1606.8,8
1607.4,28
1608.0,29
1609.3,36
1610.2,5
1610.6,21
1611.4,3
1612.1,34
1613.5,19
1614.0,38
1614.4,26
1614.8,39
1615.1,35
1615.9,6
1616.1,16
1616.1,23
1616.4,37
1616.6,1
1617.0,31
1617.3,28
1617.7,9
1617.7,18
1617.7,32
1618.1,13
1618.6,10
1619.2,7
1620.7,0
1620.7,34
1621.7,2
1623.4,21
1623.8,12
1624.2,8
1624.6,14
1624.8,38
1625.4,25
1625.7,20
1626.1,33
1626.5,11
1626.6,17
1627.3,3
1627.7,4
1627.7,31
1629.6,1
1630.1,16
1630.3,19
1630.4,13
1630.4,28
1631.2,23
1631.6,9
1632.0,6
1632.3,18
1632.4,21
1632.6,0
1632.9,35
1633.2,34
1633.2,37
1633.6,2
1633.7,26
1633.9,8
1637.3,15
1637.8,7
1638.0,29
1638.6,13
1639.3,20
1641.7,12
1641.7,32
1641.7,38
1641.8,9
1642.1,0
1642.1,36
1642.2,5
1642.2,28
1642.3,4
1642.8,11
1642.8,25
1643.1,1
1643.1,3
1643.4,21
1643.7,10
1644.1,34
1644.5,39
1645.7,16
1646.5,14
1647.9,7
1648.1,37
1648.7,8
1648.8,6
1649.1,26
1649.2,23
1649.2,35
1649.7,2
1650.2,17
1650.5,31
1651.4,13
1653.5,34
1654.6,4
1655.3,19
1656.8,20
1657.2,28
1657.3,29
1657.3,1
1658.1,18
1658.4,0
1659.3,21
1661.4,16
1661.4,26
1662.1,3
1663.1,36
1663.2,37
1663.4,6
1663.6,9
1663.9,13
1663.9,35
1664.0,28
1664.5,25
1664.8,7
1664.8,10
1664.9,12
1664.9,15
1664.9,33
1665.2,38
1665.4,4
1665.4,14
1665.4,23
1665.8,11
1666.1,20
1666.3,32
1666.4,0
1669.8,34
1670.4,21
1671.5,1
1671.6,8
1672.6,31
1672.7,2
1674.6,39
1674.7,11
1675.5,28
1675.7,16
1675.8,26
1677.3,20
1677.5,23
1677.9,3
1677.9,9
1677.9,34
1678.6,17
1678.9,0
1679.4,35
1679.6,5
1679.7,37
1679.8,13
1680.0,1
1680.4,19
1681.1,18
1681.5,7
1681.7,29
1684.1,28
1684.4,32
1685.9,6
1685.9,11
1685.9,21
1686.0,4
1686.0,38
1686.7,36
1686.8,16
1687.2,12
1687.4,31
1687.5,25
1687.8,3
1688.2,7
1688.2,34
1688.5,37
1690.0,20
1690.9,14
1691.0,9
1691.3,23
1692.9,0
1695.7,6
1695.7,13
1695.7,35
1695.9,29
1696.3,26
1696.8,2
1696.8,28
1697.0,12
1697.1,8
1697.9,1
1698.9,3
1699.3,16
1700.2,21
1700.3,34
1700.6,11
1701.3,10
1702.4,20
1702.6,32
1702.9,13
1703.8,9
1704.0,33
1704.3,0
1705.0,7
1706.1,28
1706.5,17
1707.8,35
1708.2,23
1708.2,39
1708.3,18
1708.3,36
1709.0,37
1710.7,22
1711.7,1
1711.8,38
1712.4,3
1713.1,6
1713.9,31
1714.9,16
1715.0,0
1715.1,34
1715.8,14
1716.6,28
1716.8,4
1717.0,2
1717.3,13
1717.8,29
1719.2,21
1719.7,3
1720.1,9
1720.7,35
1720.8,11
1721.0,26
1721.3,5
1721.4,25
1721.5,20
1722.4,19
1723.1,7
1723.1,8
1723.3,12
1723.5,16
1723.8,37
1724.8,0
1724.8,36
1725.2,32
1727.7,21
1727.8,17
1728.1,22
1728.2,28
1728.3,6
1728.3,23
1728.6,14
1728.9,34
1729.3,10
1729.4,15
1729.5,13
1731.0,39
1732.8,0
1733.0,1
1733.8,29
1733.9,4
1733.9,8
1734.0,16
1734.2,18
1735.8,38
1736.9,7
1737.4,3
1737.8,35
1738.1,12
1738.1,28
1738.3,20
1738.8,31
1739.2,9
1739.4,30
1741.0,6
1741.1,27
1741.5,21
1744.9,0
1745.4,13
1745.7,23
1746.0,18
1746.2,25
1746.8,1
1746.8,26
1747.0,11
1747.1,33
1747.2,2
1747.2,34
1747.6,4
1747.9,29
1748.3,32
1748.4,19
1748.4,20
1749.0,6
1749.0,16
1750.7,9
1752.8,3
1753.2,38
1754.0,17
1754.3,15
1754.3,37
1754.8,8
1754.9,5
1755.1,36
1755.9,14
1756.0,12
1756.1,34
1756.3,21
1756.3,28
1756.5,0
1756.9,13
1758.9,1
1758.9,20
1760.0,35
1761.2,11
1761.3,2
1761.4,39
1761.6,16
1762.0,7
1762.1,28
1762.3,4
1762.3,26
1762.4,29
1762.6,9
1762.6,19
1762.8,37
1763.3,23
1763.8,34
1763.9,32
1764.0,31
1764.2,21
1764.5,3
1765.3,6
1768.1,18
1769.8,38
1770.7,13
1771.2,8
1771.9,1
1771.9,32
1772.0,36
1772.7,0
1772.8,14
1772.9,12
1773.3,16
1773.5,34
1773.9,35
1774.0,25
1774.2,20
1774.3,9
1774.7,26
1774.7,28
1775.0,7
1775.2,10
1777.1,11
1777.4,3
1777.9,17
1780.9,21
1782.3,2
1782.8,23
1782.8,39
1783.1,4
1783.1,29
1783.2,37
1783.4,6
1783.5,31
1783.9,16
1784.5,13
1785.2,36
1786.0,34
1786.0,38
1786.1,22
1786.2,9
1786.4,35
1788.4,20
1788.8,18
1789.6,28
1789.9,1
1790.2,5
1791.4,0
1791.5,33
1791.9,14
1792.0,7
1792.4,10
1792.6,8
1792.9,26
1793.0,12
1793.1,13
1793.1,21
1794.5,23
1794.8,6
1794.9,16
1795.7,11
1796.0,32
1796.6,3
1798.3,1
1798.6,4
1798.9,20
1799.8,29
1802.3,34
1802.3,37
1802.5,27
1802.6,17
1803.1,0
1803.8,16
1803.9,9
1804.2,7
1804.8,2
1804.8,15
1804.8,19
1805.5,13
1805.5,28
1807.1,21
1807.2,35
1808.0,12
1808.2,6
1808.2,31
1808.8,39
1809.6,8
1810.1,5
1810.6,23
1811.1,1
1811.5,22
1811.7,14
1811.8,34
1811.8,38
1811.9,11
1811.9,18
1811.9,25
1813.8,3
1814.6,13
1814.9,7
1815.0,9
1815.6,0
1815.6,26
1816.1,28
1818.0,16
1819.6,20
1820.3,30
1820.4,2
1820.4,4
1820.4,36
1820.4,1
1820.4,32
1821.3,37
1821.6,29
1821.8,12
1822.0,10
1823.3,11
1823.3,35
1823.4,21
1824.2,13
1824.7,6
1825.8,34
1826.5,3
1826.7,19
1827.9,23
1828.0,0
1828.0,17
1828.5,16
1830.0,28
1831.2,14
1831.4,9
1831.6,39
1831.7,7
1831.8,1
1832.2,31
1832.6,18
1833.6,21
1835.2,26
1835.4,34
1836.3,20
1836.9,37
1837.0,12
1837.2,6
1837.9,3
1838.4,38
1838.9,28
1839.3,35
1839.5,16
1839.6,15
1841.2,8
1841.4,13
1841.8,0
1841.9,36
1844.5,34
1844.8,9
1845.5,4
1846.3,1
1846.4,14
1847.3,29
1848.7,10
1848.7,20
1849.3,18
1849.7,11
1850.2,33
1850.4,13
1850.4,21
1850.6,0
1850.6,23
1850.6,37
1850.9,39
1851.1,17
1851.4,7
1851.6,35
1851.7,2
1851.7,28
1852.0,12
1852.3,5
1852.3,26
1852.8,9
1853.0,25
1853.1,8
1853.9,16
1854.3,32
1854.5,3
1855.9,6
1856.4,1
1857.7,31
1857.9,4
1860.0,21
1861.2,34
1862.7,29
1862.9,18
1863.0,13
1863.0,28
1863.6,0
1864.1,1
1864.1,23
1864.5,38
1864.6,17
1866.1,14
1867.0,9
1867.3,12
1867.6,3
1868.8,7
1869.0,8
1869.0,37
1869.1,20
1869.1,21
1869.3,35
1870.3,16
1871.3,39
1872.1,26
1872.7,6
1873.5,36
1873.7,33
1874.2,10
1874.2,13
1874.8,11
1875.4,22
1875.8,1
1876.0,34
1876.6,0
1877.1,19
1877.1,20
1877.3,32
1877.8,23
1878.2,28
1878.9,4
1879.5,9
1879.6,31
1879.8,18
1880.5,37
1881.0,30
1881.4,21
1881.6,12
1881.7,13
1881.8,6
1882.8,2
1882.9,3
1883.1,16
1883.9,35
1884.2,25
1884.6,29
1885.7,17
1887.0,0
1887.0,28
1887.1,34
1887.8,1
1888.1,38
1889.0,20
1889.2,31
1889.4,15
1890.0,36
1890.5,11
1891.3,39
1891.8,13
1892.6,26
1893.0,21
1893.3,5
1894.1,16
1894.7,8
1894.9,37
1895.4,29
1896.7,9
1897.0,34
1897.1,19
1897.9,35
1898.0,14
1898.1,28
1898.2,4
1899.0,1
1899.0,3
1899.2,23
1899.4,0
1899.4,12
1899.6,18
1899.8,6
1899.9,32
1900.2,7
1902.7,20
1903.6,2
1903.7,13
1904.2,36
1906.7,26
1907.6,39
1910.8,0
1911.1,37
1911.9,21
1912.3,3
1912.3,11
1913.1,9
1913.1,19
1913.2,28
1913.5,8
1913.6,38
1913.8,15
1914.2,34
1914.3,16
1914.4,10
1914.4,25
1914.4,29
1914.8,13
1914.9,18
1915.6,1
1915.6,12
1916.3,4
1916.7,31
1916.8,35
1917.7,23
1918.9,6
1919.3,20
1922.7,0
1923.3,7
1924.6,28
1924.6,37
1924.9,9
1925.0,1
1925.1,21
1926.1,3
1926.1,32
1926.6,16
1926.7,29
1926.9,13
1927.3,12
1927.4,14
1928.0,2
1928.1,34
1928.8,11
1929.1,26
1930.1,17
1930.8,0
1931.6,4
1932.4,39
1933.5,6
1934.0,36
1934.4,23
1935.0,21
1935.0,34
1935.4,35
1935.6,8
1935.6,25
1936.2,18
1936.7,28
1936.8,38
1937.2,16
1937.2,20
1937.2,31
1937.7,13
1938.1,1
1938.7,9
1940.2,19
1941.2,37
1943.3,7
1944.3,36
1944.6,28
1944.8,26
1944.9,5
1945.0,32
1945.3,11
1945.8,9
1945.9,3
1946.1,6
1947.6,0
1947.7,21
1947.9,14
1947.9,34
1948.4,16
1948.9,12
1948.9,29
1949.2,15
1949.3,23
1949.5,17
1949.5,39
1950.0,13
1950.4,33
1950.6,4
1950.7,20
1950.9,2
1951.0,35
1951.5,37
1952.6,28
1953.7,1
1954.5,10
1956.4,26
1957.4,8
1958.6,0
1958.6,32
1959.0,34
1959.3,31
1959.3,38
1960.3,6
1961.0,9
1961.3,25
1961.6,21
1962.5,16
1963.5,20
1963.9,1
1964.1,39
1964.3,3
1964.6,28
1964.6,35
1964.8,7
1965.0,18
1965.2,14
1966.0,37
1966.8,2
1966.9,11
1968.1,4
1968.4,36
1969.0,0
1969.3,19
1970.4,13
1971.2,26
1972.0,23
1972.6,34
1973.1,15
1973.4,12
1974.1,21
1974.3,8
1974.4,3
1974.5,1
1975.4,29
1975.5,33
1976.2,6
1976.2,16
1976.9,9
1979.0,36
1979.3,22
1980.2,0
1980.3,28
1980.4,20
1981.7,11
1982.1,14
1982.1,31
1982.6,21
1983.1,35
1983.4,13
1985.8,17
1986.6,37
1987.5,4
1987.7,1
1988.0,26
1988.2,38
1988.3,0
1988.3,12
1988.8,18
1989.0,6
1989.0,28
1989.4,32
1989.5,16
1989.8,7
1989.9,34
1990.6,9
1990.7,23
1990.9,36
1991.8,3
1994.6,2
1994.7,39
1995.4,21
1997.6,37
1998.0,8
1998.1,13
2000.1,20
2000.2,35
2000.6,1
2001.7,10
2001.7,28
2001.8,9
2002.1,29
2002.1,34
2002.4,25
2002.8,31
2002.9,16
2003.0,15
2003.5,33
2003.6,19
2004.2,21
2004.6,13
2004.7,14
2004.7,0
2005.2,23
2005.8,7
2008.9,4
2009.1,6
2010.4,8
2010.8,3
2011.3,26
2012.0,18
2013.7,28
2013.9,16
2013.9,36
2014.2,12
2014.3,34
2014.6,1
2014.9,11
2015.0,27
2016.4,17
2016.5,5
2016.8,29
2017.4,21
2017.5,20
2017.7,9
2017.8,31
2018.5,13
2018.5,23
2018.5,39
2019.1,35
2019.4,38
2020.0,0
2021.0,6
2021.1,37
2021.5,32
2023.2,21
2023.6,14
2024.3,15
2024.7,7
2024.7,19
2025.0,1
2025.6,3
2025.6,10
2025.8,28
2026.6,34
2027.6,2
2028.8,16
2028.8,23
2029.9,20
2030.3,9
2031.2,8
2031.4,13
2031.6,26
2032.8,17
2032.9,12
2033.6,1
2033.8,18
2034.0,25
2034.1,35
2034.9,4
2035.2,37
2035.4,3
2035.6,31
2035.9,0
2036.1,21
2036.2,36
2036.5,28
2036.7,11
2036.7,30
2036.9,7
2038.8,33
2039.9,16
2040.1,6
2040.5,2
2041.3,29
2042.2,20
2042.8,23
2043.5,9
2043.6,0
2043.8,5
2045.0,14
2045.1,34
2045.4,13
2045.8,32
2046.6,1
2046.7,35
2049.1,28
2049.1,19
2049.9,6
2050.1,21
2050.8,3
2050.8,38
2051.1,37
2052.7,12
2052.7,39
2052.9,4
2053.0,18
2053.3,16
2054.8,29
2055.0,17
2055.2,9
2055.2,34
2055.4,1
2055.4,10
2055.9,31
2056.2,20
2056.2,23
2056.5,8
2057.3,35
2057.9,32
2058.0,13
2058.9,7
2059.8,0
2059.9,26
2063.1,28
2064.7,21
2064.7,34
2064.7,37
2065.6,6
2066.2,11
2066.3,30
2066.5,15
2066.6,13
2066.8,3
2067.8,2
2068.0,5
2068.0,20
2068.3,16
2068.5,4
2069.3,7
2071.6,0
2071.9,8
2072.4,28
2072.4,38
2073.5,1
2073.7,26
2074.0,17
2074.2,35
2074.3,14
2074.4,29
2074.5,9
2075.9,23
2076.8,21
2077.1,33
2077.1,36
2078.2,16
2078.3,34
2078.4,31
2081.1,12
2081.4,11
2081.5,6
2081.7,13
2082.1,25
2082.6,19
2082.9,20
2083.0,5
2083.2,39
2083.4,18
2084.0,28
2084.6,37
2084.8,1
2084.8,21
2085.5,3
2085.5,38
2086.5,32
2087.6,0
2090.2,4
2090.4,35
2091.4,13
2092.4,26
2093.1,16
2093.3,23
2093.9,8
2094.2,34
2094.4,9
2095.3,20
2095.7,21
2096.0,28
2097.5,6
2097.6,3
2097.6,29
2097.7,18
2098.0,1
2098.0,36
2098.5,0
2098.7,12
2099.0,5
2099.9,16
2100.0,2
2100.1,7
2100.6,37
2101.7,13
2103.3,32
2103.4,39
2103.8,22
2103.8,15
2104.0,4
2104.5,26
2104.6,33
2105.0,34
2105.0,38
2105.2,35
2105.3,14
2105.5,23
2105.5,31
2105.8,21
2106.6,1
2106.8,11
2107.3,17
2107.4,9
2108.4,28
2109.2,20
2110.4,0
2110.4,36
2111.4,5
2111.6,37
2112.0,16
2113.3,13
2113.4,8
2113.7,6
2114.4,34
2114.9,25
2115.1,19
2115.3,12
2115.4,21
2116.2,3
2117.1,26
2119.5,10
2119.6,35
2119.7,0
2119.8,9
2119.8,28
2121.6,34
2121.9,32
2123.1,1
2123.3,38
2123.4,13
2123.5,23
2123.6,29
2123.8,16
2124.8,31
2124.8,39
2125.3,7
2125.3,20
2125.8,14
2126.1,4
2127.0,37
2128.3,21
2129.2,27
2129.3,33
2129.4,28
2131.1,2
2131.1,3
2131.9,34
2132.0,0
2132.5,35
2133.3,12
2133.4,13
2133.4,15
2133.5,11
2133.7,1
2134.3,9
2134.7,6
2134.9,7
2136.8,16
2137.1,36
2137.3,21
2138.0,8
2138.4,17
2140.0,25
2140.2,20
2140.8,14
2141.0,26
2141.3,4
2141.6,18
2141.9,28
2142.3,19
2142.4,12
2142.9,29
2143.0,0
2144.6,16
2144.7,35
2145.1,37
2145.5,23
2145.6,39
2146.3,1
2147.3,3
2148.0,5
2148.4,9
2148.7,36
2148.9,7
2149.3,13
2149.5,34
2149.9,2
2149.9,31
2150.6,32
2150.8,21
2152.3,38
2152.5,28
2154.8,6
2155.8,0
2157.1,4
2157.3,35
2157.5,12
2157.8,34
2158.1,9
2158.1,37
2158.3,16
2158.8,1
2159.1,18
2159.3,33
2159.5,23
2159.7,26
2160.1,20
2160.2,13
2160.5,10
2161.1,2
2161.2,3
2161.2,29
2161.3,30
2163.3,8
2163.9,28
2164.8,21
2166.4,7
2166.9,39
2167.0,34
2167.1,25
2168.0,14
2168.5,16
2170.7,32
2170.8,20
2170.9,6
2172.1,11
2172.8,29
2173.1,36
2173.3,17
2173.4,9
2173.4,21
2173.8,4
2173.8,15
2173.9,28
2174.6,0
2175.6,37
2177.8,34
2178.0,12
2178.3,35
2178.4,1
2178.4,13
2178.4,23
2178.9,26
2179.3,3
2179.5,19
2181.4,8
2181.5,14
2182.0,16
2182.0,39
2182.3,28
2182.6,5
2183.2,18
2184.5,0
2185.0,21
2185.7,2
2186.6,7
2186.6,20
2187.7,4
2188.9,9
2189.0,34
2189.2,38
2190.7,6
2191.3,11
2192.4,1
2194.1,32
2194.1,36
2194.2,20
2194.3,39
2194.4,23
2194.5,35
2194.5,3
2194.5,12
2194.5,28
2194.5,33
2194.8,13
2194.8,37
2194.9,8
2195.0,16
2195.2,15
2195.4,29
2195.4,10
2195.6,21
2195.8,0
2196.2,18
2199.6,34
2201.1,14
2201.9,1
2201.9,31
2202.5,9
2203.3,4
2203.5,5
2203.7,7
2203.8,16
2204.0,17
2204.0,35
2206.0,21
2206.1,13
2207.0,11
2207.8,25
2208.0,6
2208.4,19
2208.4,36
2208.7,3
2208.9,26
2209.2,39
2209.4,33
2209.6,20
2210.1,8
2211.1,28
2212.1,18
2214.7,1
2215.1,37
2215.2,5
2215.6,0
2215.6,34
2216.1,29
2216.9,32
2217.0,4
2217.3,16
2217.3,21
2218.1,23
2218.6,13
2218.7,35
2218.8,15
2218.8,38
2219.4,20
2219.8,2
2220.3,12
2221.5,28
2221.7,6
2221.7,26
2221.9,3
2221.9,33
2222.6,1
2223.4,7
2224.0,34
2224.7,8
2225.8,36
2226.1,9
2228.3,0
2228.8,14
2228.9,11
2229.2,16
2230.0,5
2230.1,10
2230.3,13
2230.3,37
2231.7,21
2231.7,28
2231.8,20
2232.0,18
2232.6,29
2232.6,31
2233.2,35
2233.9,26
2235.4,23
2235.6,0
2236.3,22
2237.8,9
2238.4,38
2239.0,39
2239.8,7
2240.0,16
2240.1,25
2240.1,32
2240.2,34
2240.3,6
2241.5,8
2242.0,3
2242.4,1
2243.8,28
2244.5,12
2244.5,36
2244.6,4
2245.0,21
2245.3,19
2246.0,13
2246.3,29
2246.5,17
2247.1,27
2247.3,18
2247.7,0
2247.8,20
2248.4,37
2248.6,9
2249.5,34
2250.3,35
2251.1,6
2251.2,23
2251.3,2
2251.8,21
2252.4,14
2253.4,11
2254.4,16
2255.5,32
2256.1,28
2257.0,1
2257.0,38
2257.3,0
2257.3,4
2257.5,3
2258.1,10
2258.1,31
2258.7,15
2259.3,26
2259.3,34
2259.4,9
2259.6,7
2261.7,8
2261.8,20
2262.0,39
2263.2,21
2263.3,13
2263.4,25
2264.9,36
2265.1,28
2265.3,18
2265.9,17
2266.0,23
2267.7,12
2268.2,1
2268.4,0
2268.8,29
2268.9,16
2269.3,37
2270.1,4
2270.7,34
2272.8,6
2273.7,14
2273.8,20
2274.2,7
2274.2,28
2274.7,3
2274.7,11
2275.0,2
2275.1,26
2276.2,9
2276.2,35
2277.3,13
2277.7,19
2279.4,23
2279.6,39
2280.3,0
2280.3,21
2280.6,37
2281.1,28
2281.3,8
2281.3,32
2281.5,1
2281.5,12
2282.0,38
2282.9,16
2283.5,34
2283.7,22
2284.1,18
2284.1,36
2284.5,6
2284.7,31
2284.9,13
2284.9,17
2285.8,20
2286.9,15
2286.9,25
2287.3,3
2288.7,9
2289.0,35
2290.4,28
2291.0,4
2292.7,21
2293.0,0
2293.4,34
2294.3,13
2294.3,14
2294.5,38
2294.8,16
2295.1,23
2295.4,7
2295.5,1
2295.8,37
2296.2,8
2296.8,26
2299.3,20
2299.4,10
2299.4,11
2299.7,6
2300.0,29
2301.8,28
2301.8,33
2302.1,39
2302.5,32
2302.8,4
2303.0,9
2303.5,3
2303.5,36
2303.9,0
2305.0,18
2305.2,8
2305.2,34
2305.2,12
2306.0,37
2308.8,21
2309.6,16
2311.1,28
2311.3,34
2312.1,1
2312.1,15
2312.6,35
2312.8,13
2313.0,23
2313.2,7
2313.6,5
2313.7,20
2313.7,22
2313.8,17
2314.8,26
2315.3,6
2316.2,2
2316.3,31
2317.2,21
2317.2,38
2317.4,4
2317.8,19
2317.9,18
2318.5,25
2318.7,9
2318.8,28
2318.9,0
2318.9,1
2319.4,3
2320.4,14
2320.9,33
2321.0,12
2321.0,37
2322.6,16
2322.8,34
2322.9,32
2323.3,6
2323.7,35
2323.9,11
2324.1,36
2324.4,7
2325.0,13
2326.3,29
2330.0,8
2330.9,20
2331.3,39
2331.4,28
2331.5,21
2331.8,30
2331.9,31
2332.3,16
2332.5,9
2333.2,26
2333.2,14
2333.2,34
2333.7,37
2334.1,0
2334.8,17
2335.2,3
2335.3,18
2335.5,13
2335.7,1
2335.7,6
2335.9,4
2337.7,20
2338.3,28
2340.0,38
2340.7,7
2341.0,21
2341.5,23
2341.6,11
2343.0,29
2343.7,35
2343.8,13
2344.7,34
2345.0,12
2346.3,16
2346.3,28
2347.4,1
2347.6,39
2347.8,3
2347.8,36
2348.0,8
2348.2,19
2348.3,6
2348.5,9
2350.8,29
2351.5,2
2352.0,22
2352.0,33
2352.1,21
2352.3,5
2352.9,25
2353.0,26
2353.4,17
2353.9,28
2354.5,20
2354.8,0
2354.9,37
2355.2,38
2355.5,4
2356.1,14
2356.2,36
2356.7,15
2356.7,31
2357.3,3
2357.5,13
2357.9,34
2358.3,18
2359.9,1
2360.9,21
2361.6,7
2362.1,16
2362.3,23
2363.0,11
2363.4,8
2363.6,26
2364.6,0
2365.7,35
2366.6,6
2366.8,39
2367.0,9
2367.7,20
2367.9,3
2368.9,34
2369.4,28
2369.8,10
2370.1,12
2370.3,32
2370.7,37
2371.9,13
2372.5,19
2372.6,29
2373.4,33
2373.8,21
2374.7,16
2374.9,31
2375.1,38
2375.6,4
2376.0,6
2376.7,11
2376.8,23
2377.2,1
2377.4,24
2377.7,0
2377.8,25
2378.0,35
2378.3,3
2378.3,9
2378.3,34
2378.7,17
2378.9,26
2379.0,37
2379.1,8
2379.2,13
2379.7,12
2379.7,14
2381.6,28
2382.0,2
2382.1,20
2384.8,36
2385.6,7
2385.8,21
2386.0,32
2386.1,30
2386.4,16
2386.5,26
2387.2,34
2387.3,18
2387.4,10
2388.7,6
2389.2,1
2391.7,13
2391.9,28
2392.2,15
2392.4,23
2392.7,5
2393.6,8
2393.6,0
2394.0,3
2394.2,14
2394.8,9
2395.0,21
2395.0,31
2395.3,20
2395.5,4
2395.6,18
2395.7,38
2398.0,39
2399.2,35
2399.7,16
2399.9,28
2400.9,29
2401.2,34
2401.6,36
2402.1,26
2403.4,11
2405.6,13
2406.0,6
2406.7,20
2406.7,32
2406.8,0
2406.9,7
2407.0,23
2407.1,19
2407.2,1
2407.2,12
2408.4,9
2408.5,37
2409.0,16
2410.2,28
2410.4,2
2410.4,31
2410.5,33
2410.6,18
2410.8,21
2411.3,25
2412.9,35
2413.4,10
2413.7,4
2413.8,17
2415.1,8
2415.7,34
2417.3,1
2418.0,3
2418.3,14
2418.4,26
2419.1,15
2420.1,13
2420.8,30
2420.9,11
2421.0,36
2421.7,0
2421.7,16
2422.2,6
2422.7,23
2423.4,21
2423.6,20
2423.7,9
2423.9,7
2424.7,39
2425.5,28
2426.6,37
2426.8,38
2427.3,29
2428.0,19
2428.2,34
2428.5,32
2429.2,1
2429.7,12
2429.9,13
2430.4,35
2431.1,31
2431.3,10
2431.4,6
2431.4,17
2432.5,3
2432.5,8
2432.8,0
2432.9,21
2433.6,16
2435.9,14
2436.8,20
2436.9,18
2437.5,28
2438.4,4
2439.1,11
2439.5,13
2439.9,2
2439.9,26
2441.1,35
2441.5,21
2441.6,36
2442.6,7
2442.6,10
2443.7,8
2444.2,23
2444.7,6
2445.4,34
2445.6,9
2445.7,16
2445.8,15
2446.3,0
2446.4,12
2446.5,1
2446.5,20
2446.7,37
2447.8,33
2450.0,5
2450.0,28
2450.3,3
2451.3,39
2451.4,19
2451.4,21
2453.2,13
2454.9,31
2455.0,12
2455.3,36
2455.8,16
2455.9,9
2456.1,17
2456.3,18
2456.4,29
2456.5,14
2456.5,23
2456.6,7
2456.6,35
2457.4,34
2458.5,11
2459.0,20
2459.1,0
2459.2,28
2459.7,6
2459.9,26
2460.3,25
2461.7,38
2462.2,10
2462.2,21
2462.2,37
2463.7,31
2464.2,4
2464.6,2
2464.9,8
2465.0,3
2465.1,32
2465.4,35
2466.3,16
2466.8,1
2467.6,9
2467.6,13
2470.4,28
2472.8,0
2472.9,7
2473.0,23
2473.0,29
2473.0,33
2473.5,39
2473.6,6
2474.4,34
2475.9,26
2475.9,21
2476.2,11
2476.2,13
2476.3,19
2476.5,16
2476.7,3
2477.0,20
2477.7,37
2478.2,10
2478.2,14
2478.4,4
2478.4,15
2478.4,18
2478.4,28
2478.6,8
2478.8,5
2479.4,27
2479.5,17
2479.6,25
2480.0,0
2480.0,35
2480.2,1
2482.4,9
2484.1,21
2484.9,32
2485.0,12
2485.3,29
2486.2,36
2486.8,34
2487.4,28
2487.5,23
2487.6,13
2487.7,6
2488.0,38
2489.2,20
2489.6,16
2490.2,9
2490.2,39
2490.6,31
2491.2,3
2492.4,2
2492.5,7
2492.5,4
2492.5,8
2492.7,18
2493.2,21
2493.3,0
2493.7,1
2494.6,37
2494.7,35
2494.8,30
2495.3,36
2498.8,28
2499.4,6
2500.0,34
2500.3,27
2500.5,17
2501.1,16
2501.3,13
2502.1,35
2502.2,14
2502.6,26
2502.8,0
2503.9,23
2504.2,29
2504.4,11
2505.1,3
2505.5,12
2508.4,7
2509.2,21
2509.8,9
2510.0,19
2510.0,38
2510.8,37
2511.1,1
2512.2,34
2512.4,13
2512.5,16
2512.9,20
2513.1,6
2513.6,35
2513.9,28
2514.3,3
2514.5,18
2514.5,36
2515.6,4
2515.9,8
2516.0,33
2516.9,0
2517.2,30
2518.6,32
2518.6,39
2519.3,11
2519.7,15
2519.8,25
2521.1,31
2521.9,10
2522.5,7
2523.4,12
2523.8,29
2524.3,9
2524.5,28
2524.5,1
2525.3,6
2525.9,34
2526.2,21
2526.2,13
2526.4,22
2526.4,35
2526.6,0
2526.7,3
2526.7,16
2527.0,33
2527.1,26
2527.1,37
2528.6,14
2528.7,36
2528.8,38
2529.5,23
2531.0,20
2532.9,4
2533.5,8
2533.7,5
2535.0,39
2535.8,2
2536.5,9
2537.2,34
2537.8,6
2538.2,0
2538.4,13
2538.4,19
2538.6,7
2539.0,18
2539.2,3
2539.2,16
2539.6,21
2539.6,28
2539.9,12
2541.7,17
2542.1,31
2542.3,1
2543.0,29
2543.2,20
2543.5,23
2545.1,13
2545.7,35
2546.3,37
2547.6,28
2548.0,39
2548.1,15
2548.4,8
2549.3,6
2549.4,10
2549.8,34
2550.0,36
2550.6,32
2551.6,0
2551.9,13
2551.9,14
2552.1,20
2552.9,21
2553.2,16
2553.4,2
2553.9,4
2554.9,9
2555.4,33
2555.6,11
2556.4,3
2556.7,25
2558.2,26
2558.6,34
2559.0,7
2559.1,6
2559.3,12
2559.5,18
2559.7,0
2560.7,28
2561.0,37
2561.1,31
2561.3,1
2561.3,35
2561.4,29
2561.7,38
2562.2,5
2562.6,16
2562.7,23
2562.7,30
2563.3,21
2563.8,4
2564.1,8
2564.3,19
2564.5,13
2566.4,17
2566.5,39
2567.7,14
2567.7,32
2567.8,3
2568.0,2
2569.8,34
2570.0,20
2570.2,6
2571.4,11
2571.7,28
2571.9,9
2572.7,21
2572.8,37
2573.3,31
2573.3,0
2573.5,1
2573.7,13
2573.7,15
2573.9,26
2574.1,4
2574.5,18
2576.0,36
2576.1,16
2579.7,29
2579.8,35
2580.4,5
2580.7,10
2581.0,23
2581.9,8
2582.2,38
2582.5,2
2582.5,6
2582.8,7
2582.9,21
2583.2,28
2583.7,13
2583.9,12
2585.3,3
2585.6,31
2586.1,16
2586.1,34
2586.6,1
2587.0,0
2587.9,20
2589.6,9
2589.7,26
2590.2,37
2590.6,14
2591.3,17
2591.8,39
2592.4,11
2593.1,21
2593.3,18
2593.6,5
2593.6,19
2594.0,4
2594.0,32
2594.6,28
2594.8,34
2595.7,35
2598.8,23
2599.4,16
2599.6,36
2600.2,0
2600.4,6
2600.7,13
2601.1,9
2601.3,20
2601.8,7
2602.0,29
2602.4,3
2602.4,26
2602.4,1
2602.4,19
2602.7,38
2602.9,35
2604.3,25
2604.4,21
2604.9,2
2605.5,37
2606.6,28
2606.7,15
2607.0,36
2608.0,33
2608.7,12
2608.9,34
2610.3,14
2610.7,8
2611.1,10
2611.2,23
2611.4,17
2611.6,4
2612.0,35
2612.4,13
2612.7,18
2612.9,20
2613.0,6
2613.1,0
2613.9,21
2613.9,31
2614.1,1
2614.3,16
2618.0,11
2618.3,28
2619.0,9
2619.0,39
2619.1,5
2619.8,32
2619.9,3
2620.1,7
2620.6,26
2620.7,34
2620.7,38
2620.7,6
2621.0,36
2621.1,29
2621.5,2
2623.6,23
2624.8,14
2625.2,37
2625.3,0
2625.3,20
2625.7,4
2625.7,21
2628.1,16
2628.2,18
2629.3,31
2629.4,1
2629.5,8
2629.9,9
2630.0,28
2630.2,35
2631.9,34
2632.1,13
2632.1,17
2632.2,33
2632.7,12
2632.9,29
2633.5,7
2635.0,21
2635.0,25
2635.7,3
2635.8,0
2635.8,37
2636.0,23
2636.1,6
2637.5,19
2638.5,1
2638.6,26
2639.2,20
2640.5,28
2640.8,16
2641.1,11
2641.3,22
2641.5,13
2642.0,2
2642.0,18
2642.1,10
2642.4,38
2642.7,4
2642.7,15
2643.1,8
2643.2,12
2643.4,5
2643.6,7
2643.6,34
2643.8,39
2644.0,35
2645.1,14
2645.3,36
2647.0,21
2648.2,17
2648.3,29
2648.9,32
2649.0,9
2649.7,0
2649.7,3
2650.8,26
2651.2,6
2653.1,8
2653.1,28
2653.1,33
2653.3,30
2653.5,11
2654.0,1
2654.5,13
2655.3,25
2655.8,16
2656.3,37
2656.7,0
2657.2,4
2659.7,23
2660.1,20
2660.2,34
2660.6,28
2660.7,12
2660.9,31
2661.3,14
2661.7,6
2661.9,9
2662.2,3
2662.3,13
2662.6,21
2664.5,1
2664.6,36
2664.9,7
2665.6,35
2666.0,38
2668.5,39
2669.5,18
2669.8,19
2670.1,16
2670.7,14
2671.0,28
2671.9,4
2671.9,34
2672.0,13
2672.1,30
2673.4,5
2673.4,31
2673.6,6
2674.5,0
2674.7,1
2675.0,17
2675.2,37
2675.6,8
2675.6,3
2676.0,29
2676.7,9
2676.8,26
2677.0,20
2677.1,21
2677.3,28
2678.9,35
2679.8,32
2681.2,11
2681.5,16
2681.7,38
2682.8,34
2682.9,12
2683.0,13
2684.4,33
2684.6,19
2684.8,25
2684.9,7
2685.2,36
2685.3,21
2685.5,22
2687.4,6
2687.6,0
2688.4,4
2688.6,23
2688.9,2
2689.2,28
2689.5,9
2690.9,8
2691.1,26
2691.4,14
2692.1,39
2692.2,18
2693.0,29
2693.1,16
2693.2,13
2693.3,17
2693.6,6
2694.3,20
2694.8,34
2695.2,21
2695.4,12
2695.7,1
2696.3,37
2697.1,31
2697.8,11
2698.8,5
2700.2,7
2700.2,28
2700.6,3
2701.2,13
2702.0,0
2702.9,34
2705.1,23
2705.2,16
2705.2,33
2705.3,1
2705.4,36
2705.6,8
2705.6,10
2705.7,9
2706.5,35
2706.6,21
2706.8,2
2706.8,15
2707.0,28
2708.0,39
2712.2,26
2712.8,6
2712.8,37
2713.1,11
2713.6,18
2714.1,4
2714.3,25
2714.5,13
2714.6,3
2714.9,17
2715.0,20
2715.1,12
2715.2,31
2715.2,34
2715.4,38
2716.0,0
2716.1,7
2716.4,14
2717.6,29
2717.8,1
2717.8,32
2718.1,16
2719.4,28
2720.7,21
2723.6,6
2724.4,34
2724.7,8
2724.7,35
2726.9,3
2728.0,16
2728.3,0
2728.3,13
2728.5,10
2728.9,26
2729.2,22
2729.3,28
2730.1,12
2730.5,21
2730.5,23
2730.5,2
2730.5,9
2730.8,7
2730.8,37
2731.9,1
2732.0,36
2733.3,4
2734.7,18
2734.8,20
2734.9,8
2735.5,39
2735.7,35
2736.2,30
2736.9,38
2737.7,17
2737.7,31
2737.8,6
2738.4,19
2738.9,34
2741.0,13
2741.4,26
2742.2,9
2742.4,11
2742.9,16
2743.5,1
2743.7,25
2743.8,21
2743.9,14
2744.2,20
2744.2,23
2744.4,15
2744.7,37
2745.0,5
2745.1,32
2745.2,3
2745.7,7
2746.7,8
2747.0,0
2747.5,28
2747.5,29
2748.4,34
2751.5,18
2752.0,13
2752.2,2
2752.2,16
2754.2,36
2755.0,4
2755.2,35
2755.4,12
2755.4,28
2755.7,1
2756.7,8
2757.0,0
2757.4,9
2757.4,14
2757.4,39
2757.9,17
2757.9,38
2758.2,21
2758.4,19
2758.8,20
2760.4,6
2761.5,26
2761.8,3
2761.8,31
2762.0,7
2762.4,11
2762.5,15
2763.1,16
2763.4,30
2764.0,13
2765.5,23
2765.6,18
2765.7,0
2766.1,28
2766.1,37
2766.4,8
2767.3,10
2767.4,34
2769.1,20
2769.3,35
2769.5,2
2769.5,9
2769.5,32
2769.7,1
2769.7,4
2770.1,14
2770.1,21
2770.6,5
2770.9,39
2771.0,29
2771.3,25
2771.8,13
2772.2,12
2773.4,28
2775.4,16
2775.9,6
2776.2,17
2776.6,38
2776.8,19
2777.0,3
2777.4,37
2777.5,36
2778.0,0
2778.4,26
2779.1,34
2779.7,2
2781.0,23
2781.6,1
2781.9,7
2782.5,11
2782.9,35
2783.2,18
2783.5,29
2783.8,21
2783.8,28
2784.0,6
2784.1,8
2785.0,31
2785.2,13
2785.5,4
2785.7,20
2785.8,9
2786.7,16
2788.0,34
2788.8,37
2790.5,3
2791.3,0
2793.3,36
2793.5,13
2793.6,32
2793.8,15
2793.8,21
2794.1,39
2794.4,38
2794.8,12
2794.9,25
2795.7,9
2795.7,28
2797.0,1
2800.4,7
2800.6,35
2801.5,4
2801.7,34
2801.8,17
2801.8,23
2801.9,26
2802.1,8
2802.1,16
2802.7,0
2802.7,20
2804.0,5
2804.2,3
2804.3,19
2804.3,21
2804.5,6
2804.6,33
2805.7,28
2806.7,13
2807.5,11
2807.6,18
2807.7,14
2808.4,39
2809.4,31
2809.7,29
2810.0,12
2810.4,16
2810.5,1
2810.5,37
2810.8,20
2810.8,30
2811.0,26
2811.1,0
2812.3,9
2812.3,35
2812.7,34
2814.3,21
2815.5,32
2815.7,3
2816.1,28
2818.5,23
2818.5,38
2818.8,10
2819.5,7
2819.8,8
2820.3,2
2821.6,6
2821.8,16
2822.2,4
2822.6,1
2822.9,35
2823.0,13
2823.0,20
2823.4,0
2824.7,34
2825.0,21
2825.5,22
2826.2,3
2827.4,9
2828.3,28
2828.5,39
2829.3,36
2830.1,15
2830.6,38
2830.7,33
2830.9,29
2831.3,23
2831.4,16
2831.4,35
2832.0,11
2832.9,32
2833.0,31
2833.2,14
2833.4,13
2833.6,18
2834.3,1
2834.6,25
2835.1,6
2836.7,4
2837.0,34
2837.4,0
2838.0,37
2838.1,7
2839.0,8
2839.6,17
2839.8,9
2840.4,21
2840.7,16
2840.9,20
2841.3,3
2841.5,12
2841.8,13
2843.0,10
2843.3,26
2843.3,28
2844.5,11
2844.6,5
2845.1,1
2845.8,0
2845.8,29
2846.3,19
2846.8,6
2847.5,23
2848.3,32
2848.6,9
2848.8,39
2849.1,14
2850.7,8
2851.7,35
2852.4,28
2852.8,2
2852.8,4
2853.2,13
2853.7,37
2853.8,16
2853.9,34
2854.2,38
2854.4,21
2854.9,20
2854.9,25
2855.8,30
2855.8,36
2856.1,7
2856.7,1
2856.8,0
2857.2,3
2857.9,6
2860.3,34
2861.4,23
2861.8,9
2862.6,33
2862.7,26
2862.9,17
2863.0,31
2863.1,28
2863.6,18
2864.4,16
2864.6,12
2866.2,35
2866.4,11
2868.1,32
2868.3,19
2868.6,37
2868.8,21
2869.2,13
2869.2,28
2869.2,29
2869.6,1
2870.2,14
2871.3,6
2871.3,20
2872.3,0
2872.3,25
2872.7,15
2872.8,3
2873.2,2
2873.2,22
2874.0,38
2874.1,36
2875.3,34
2875.6,39
2876.1,7
2876.2,4
2876.3,8
2877.7,9
2878.8,26
2880.8,29
2880.9,1
2881.4,21
2881.4,37
2881.6,12
2882.6,13
2883.4,28
2883.8,0
2884.1,16
2884.2,17
2884.2,23
2886.0,35
2886.2,3
2886.2,34
2886.4,18
2886.5,31
2887.7,11
2888.2,33
2888.4,6
2888.9,20
2890.1,9
2890.1,30
2890.2,10
2890.9,8
2891.4,4
2891.7,7
2892.3,13
2892.3,26
2892.4,21
2892.6,2
2892.6,15
2892.9,0
2893.8,16
2894.0,28
2894.3,34
2894.4,1
2896.2,14
2896.8,5
2897.5,37
2897.6,36
2897.7,32
2898.5,3
2900.2,35
2900.4,38
2900.5,20
2900.6,0
2901.1,23
2901.4,19
2901.4,29
2901.7,25
2902.1,13
2902.2,1
2902.3,39
2903.2,21
2904.2,12
2904.5,9
2904.5,31
2904.9,6
2906.4,16
2906.5,17
2906.6,18
2907.5,11
2908.7,4
2909.0,20
2910.0,34
2910.1,28
2910.9,19
2911.6,2
2911.9,14
2913.4,0
2913.4,7
2913.4,13
2913.4,23
2913.4,37
2913.8,3
2914.0,35
2914.9,21
2916.6,32
2916.9,31
2917.4,26
2917.5,8
2919.2,1
2920.3,17
2920.5,10
2920.6,0
2921.3,38
2921.8,6
2923.8,9
2923.9,28
2923.9,29
2923.9,36
2924.7,13
2924.7,15
2925.0,12
2925.4,16
2925.8,34
2926.1,37
2926.4,33
2926.4,35
2926.7,23
2926.7,27
2927.1,19
2928.3,5
2928.6,21
2929.9,25
2930.2,18
2930.5,11
2931.1,20
2931.2,3
2932.2,26
2932.3,1
2932.8,28
2933.5,14
2934.2,7
2934.2,38
2934.7,9
2935.9,23
2936.6,0
2937.7,13
2937.7,34
2937.8,16
2939.6,4
2939.9,8
2940.2,12
2940.2,29
2940.6,3
2941.0,2
2941.1,35
2941.3,10
2942.0,39
2942.1,20
2942.3,6
2942.5,28
2943.7,32
2944.5,9
2944.5,33
2944.9,21
2946.0,36
2946.0,37
2946.0,1
2946.0,26
2946.6,13
2946.6,18
2947.0,19
2947.2,0
2947.4,17
2948.2,14
2948.2,23
2948.7,16
2949.8,34
2950.8,35
2951.4,31
2953.4,13
2953.9,11
2954.5,12
2954.8,8
2955.5,20
2956.1,28
2956.8,37
2957.1,10
2958.2,4
2958.4,1
2958.9,36
2959.6,6
2959.8,29
2959.9,3
2960.0,7
2960.2,9
2960.5,25
2961.6,34
2961.8,21
2962.2,16
2962.8,18
2963.2,14
2964.2,5
2964.3,15
2964.3,19
2964.5,2
2964.5,8
2964.5,35
2964.8,0
2965.0,28
2965.2,38
2965.2,33
2968.0,1
2970.5,6
2970.6,13
2970.6,21
2971.2,32
2971.8,17
2971.9,23
2972.6,7
2972.7,11
2973.0,26
2973.4,20
2973.5,16
2974.2,29
2974.4,39
2974.9,34
2976.4,37
2976.7,0
2977.2,28
2977.3,12
2977.3,14
2977.3,35
2977.7,4
2978.6,3
2978.8,23
2978.9,13
2979.4,22
2979.7,1
2980.5,8
2981.1,21
2982.0,9
2982.2,6
2982.2,25
2982.7,36
2983.0,31
2983.3,10
2984.1,16
2986.6,26
2986.7,17
2987.2,20
2988.5,0
2988.7,34
2989.1,32
2989.3,7
2989.4,28
2989.8,2
2990.1,30
2990.1,39
2990.2,37
2990.7,19
2991.1,16
2992.5,18
2992.7,11
2993.7,13
2993.7,23
2993.8,1
2995.4,28
2995.6,4
2995.7,38
2995.7,6
2997.0,21
2997.5,29
2998.8,0
2999.0,3
2999.1,34
2999.2,35
2999.9,8
3000.0,9
3000.9,12
3001.4,7
3001.5,26
3002.2,25
3003.2,31
3003.7,37
3004.4,13
3004.9,20
3005.6,14
3005.7,15
3006.3,33
3007.4,21
3008.2,28
3009.0,3
3009.5,19
3009.6,34
3009.9,1
3010.1,16
3010.3,23
3010.4,17
3011.6,35
3011.7,9
3011.9,6
3012.0,36
3012.1,12
3012.3,4
3012.5,11
3012.8,7
3013.9,0
3015.3,39
3015.5,18
3015.8,29
3017.0,8
3017.5,32
3018.0,26
3018.1,20
3018.3,34
3018.8,2
3019.3,37
3019.7,13
3020.3,3
3020.6,38
3021.0,5
3021.1,25
3021.3,16
3021.4,28
3022.8,21
3023.0,1
3023.4,23
3024.7,35
3024.7,6
3026.5,4
3027.1,12
3027.7,14
3027.7,17
3027.7,33
3028.1,0
3028.2,36
3028.5,13
3030.8,28
3031.1,34
3032.1,19
3033.1,9
3033.6,16
3034.0,11
3034.6,6
3034.6,18
3035.2,31
3035.5,8
3036.0,20
3036.1,3
3036.2,7
3036.2,23
3037.0,1
3037.6,29
3038.3,32
3038.7,21
3038.7,37
3039.3,39
3039.8,28
3039.8,35
3040.3,12
3040.4,0
3040.8,33
3040.9,25
3041.3,38
3041.5,27
3041.5,34
3041.6,36
3042.1,26
3042.6,16
3043.3,4
3043.4,13
3045.1,8
3045.7,2
3048.8,15
3048.8,34
3048.9,1
3048.9,7
3048.9,5
3049.5,3
3049.7,9
3049.8,35
3049.9,14
3050.0,20
3050.2,10
3050.6,21
3050.9,37
3051.3,0
3053.2,17
3053.6,16
3054.1,6
3055.8,28
3056.9,13
3057.9,3
3058.4,23
3061.0,32
3061.2,20
3061.3,8
3061.5,18
3061.5,19
3061.6,21
3061.7,26
3061.7,36
3061.9,22
3062.0,34
3062.6,4
3062.8,1
3062.8,7
3063.3,9
3064.3,35
3064.9,0
3064.9,31
3065.1,14
3065.7,25
3065.8,39
3065.9,12
3065.9,38
3066.3,28
3066.8,16
3068.4,6
3069.1,13
3070.1,3
3072.2,4
3072.3,29
3073.3,2
3073.4,11
3073.5,23
3073.5,37
3074.2,20
3075.0,28
3075.5,32
3075.6,14
3075.7,34
3076.2,38
3076.9,17
3077.1,1
3077.5,9
3078.2,21
3079.0,7
3079.0,26
3079.1,0
3079.2,33
3079.7,13
3080.3,15
3080.6,10
3081.1,3
3081.3,18
3081.4,16
3081.8,36
3082.6,6
3083.1,28
3083.2,34
3083.2,35
3083.6,8
3087.2,19
3087.2,37
3087.8,12
3088.5,20
3088.6,21
3089.1,31
3090.4,29
3090.8,39
3091.5,13
3092.7,8
3093.1,14
3093.6,30
3093.7,26
3093.8,16
3094.1,35
3094.3,0
3094.3,9
3094.4,4
3094.4,7
3095.2,28
3095.3,23
3097.1,3
3097.6,1
3099.2,21
3099.4,6
3099.9,34
3101.5,4
3101.5,20
3101.8,11
3101.8,38
3101.9,32
3102.4,26
3103.0,19
3103.6,0
3103.7,2
3103.8,25
3104.1,12
3104.4,31
3106.1,28
3107.0,35
3107.0,13
3107.9,37
3108.0,16
3108.1,18
3108.3,15
3109.1,9
3109.1,23
3109.4,34
3109.5,36
3109.6,21
3110.7,1
3111.0,39
3112.4,33
3112.7,6
3113.3,7
3113.5,29
3113.6,3
3113.6,10
3113.7,17
3114.8,20
3116.1,8
3116.5,0
3118.2,12
3118.3,28
3118.4,11
3119.0,13
3119.0,14
3119.1,23
3119.1,35
3119.2,4
3119.7,19
3119.7,36
3119.8,26
3119.9,21
3120.1,37
3120.6,31
3120.7,34
3121.3,18
3122.3,16
3122.8,9
3123.4,6
3127.2,3
3127.3,5
3127.3,28
3128.4,0
3129.1,32
3130.0,39
3130.1,17
3130.3,1
3130.3,7
3130.9,2
3131.2,38
3131.3,21
3131.4,34
3131.6,20
3132.9,35
3134.2,14
3134.3,37
3134.4,26
3135.2,31
3135.7,29
3135.9,0
3136.4,9
3136.5,13
3136.9,6
3137.0,30
3137.9,34
3138.3,16
3138.5,8
3138.7,18
3139.6,21
3139.6,23
3139.6,33
3139.9,25
3140.7,4
3140.9,20
3140.9,36
3141.3,28
3141.4,15
3142.7,3
3143.0,7
3143.9,11
3145.7,19
3146.3,12
3147.3,39
3147.4,1
3147.9,35
3148.1,6
3150.3,9
3151.0,37
3151.6,13
3151.8,0
3151.9,26
3152.0,23
3152.7,10
3153.0,16
3153.3,34
3153.9,4
3153.9,20
3154.3,29
3154.6,38
3154.8,14
3155.1,31
3155.4,3
3155.4,8
3155.4,18
3155.5,21
3156.1,27
3157.8,32
3159.3,1
3159.6,28
3160.2,35
3160.5,2
3161.3,9
3162.0,7
3162.4,0
3162.8,37
3164.0,6
3164.2,11
3164.2,31
3164.3,16
3164.4,13
3164.5,17
3165.7,12
3165.8,20
3165.9,29
3166.2,39
3166.7,5
3166.7,25
3166.7,33
3166.8,21
3166.9,26
3167.3,18
3167.8,4
3167.8,36
3167.8,38
3168.1,34
3169.1,3
3169.7,23
3170.9,8
3172.8,1
3172.9,28
3173.0,16
3173.3,14
3173.3,35
3173.6,0
3173.7,13
3174.2,21
3175.8,22
3175.8,37
3176.6,9
3178.3,6
3178.6,11
3178.9,34
3179.1,19
3179.2,15
3179.4,12
3179.9,26
3181.7,2
3181.7,21
3182.0,29
3182.9,1
3182.9,18
3183.0,3
3183.2,23
3183.2,28
3183.8,20
3183.8,32
3184.1,4
3185.0,16
3185.1,31
3185.5,10
3185.8,39
3186.1,6
3186.1,36
3186.2,7
3187.2,0
3187.4,37
3187.5,13
3188.6,14
3188.6,35
3190.1,34
3192.6,29
3192.7,9
3192.7,28
3192.8,21
3193.2,8
3193.6,1
3193.7,26
3194.5,12
3195.4,23
3195.4,33
3195.8,13
3196.7,27
3196.8,16
3197.5,11
3198.0,15
3198.6,3
3199.3,20
3199.8,0
3200.9,4
3201.3,19
3201.8,37
3202.4,21
3202.4,36
3202.6,7
3202.6,25
3203.0,6
3203.0,31
3203.7,5
3203.7,34
3204.0,2
3204.2,39
3204.7,35
3206.4,18
3206.4,30
3206.6,9
3206.6,14
3206.8,0
3207.6,20
3207.9,28
3208.4,13
3209.1,38
3209.5,26
3210.3,16
3210.7,3
3211.2,1
3211.3,6
3211.6,21
3211.6,17
3211.9,15
3211.9,23
3212.8,8
3212.8,32
3212.8,33
3214.0,4
3214.1,12
3214.3,18
3217.5,28
3217.7,34
3217.7,13
3219.2,36
3219.4,7
3220.0,20
3221.0,11
3221.6,9
3222.1,39
3222.5,35
3222.8,6
3223.8,0
3223.8,29
3224.3,3
3224.3,37
3224.6,10
3225.3,16
3225.8,25
3226.3,23
3226.6,31
3227.1,1
3227.3,14
3228.4,28
3229.5,38
3229.8,21
3229.9,8
3229.9,4
3229.9,34
3232.6,18
3232.9,12
3233.7,7
3234.3,26
3234.8,0
3234.8,13
3234.8,33
3235.0,29
3235.2,39
3235.3,2
3235.8,9
3236.0,5
3236.0,20
3236.0,36
3236.2,16
3236.4,21
3236.5,19
3237.8,6
3238.9,28
3239.6,11
3241.5,1
3242.1,35
3242.1,37
3242.5,3
3244.0,0
3244.1,12
3244.8,32
3245.1,34
3245.1,8
3245.4,13
3245.4,23
3245.5,20
3246.0,38
3246.3,4
3246.3,10
3248.5,30
3249.3,9
3249.3,16
3250.5,21
3251.2,28
3252.0,26
3252.4,31
3252.7,39
3252.9,15
3253.1,25
3253.6,18
3253.6,19
3253.9,14
3254.3,34
3254.8,3
3255.2,7
3255.7,0
3255.8,20
3256.9,6
3256.9,37
3257.6,23
3258.5,17
3259.1,1
3259.3,21
3259.7,9
3261.2,36
3261.3,13
3261.4,38
3261.8,11
3262.1,28
3262.3,35
3262.5,29
3262.8,33
3263.1,16
3264.9,8
3265.5,39
3265.9,12
3265.9,0
3265.9,34
3266.5,4
3266.8,10
3267.4,20
3268.4,18
3268.8,26
3269.4,13
3269.5,1
3270.6,28
3271.5,11
3271.6,6
3272.5,16
3274.3,3
3274.5,21
3274.8,2
3274.9,5
3275.6,13
3275.8,35
3276.0,31
3276.5,9
3276.6,0
3276.9,28
3277.1,34
3277.1,37
3277.2,32
3277.6,23
3280.4,19
3281.9,20
3282.0,1
3282.2,33
3283.0,16
3284.6,4
3286.4,25
3286.5,17
3286.7,12
3287.5,7
3287.6,14
3287.8,26
3288.1,6
3288.1,39
3288.5,8
3288.6,28
3288.7,21
3288.7,22
3288.8,18
3288.8,36
3289.0,29
3289.1,1
3289.4,11
3289.8,34
3289.9,3
3290.5,13
3290.6,23
3290.8,9
3290.9,37
3291.1,16
3292.1,0
3292.2,38
3293.6,31
3296.3,21
3297.3,26
3297.7,35
3299.5,20
3302.0,6
3302.0,39
3302.5,12
3303.4,2
3303.4,28
3304.0,1
3304.0,13
3304.2,29
3304.3,10
3304.9,17
3305.1,8
3305.3,9
3305.3,14
3305.4,16
3305.6,37
3305.9,21
3306.5,19
3307.1,0
3307.1,34
3307.8,3
3308.2,23
3308.3,15
3308.9,4
3308.9,7
3309.2,32
3309.9,20
3313.4,28
3313.8,26
3313.8,36
3314.5,5
3315.0,31
3315.2,33
3315.4,17
3315.9,27
3316.2,12
3316.4,13
3316.5,9
3316.6,37
3316.7,30
3317.1,18
3317.1,21
3317.6,6
3318.1,0
3318.3,25
3318.5,11
3318.7,1
3319.7,16
3320.1,3
3322.2,28
3322.5,34
3322.5,35
3323.3,14
3323.6,4
3324.7,2
3324.7,20
3324.9,23
3325.3,13
3327.1,37
3327.5,15
3327.5,39
3327.8,9
3328.2,19
3328.6,0
3328.7,6
3330.3,38
3330.7,31
3330.8,1
3331.3,34
3331.5,21
3332.2,10
3332.4,3
3332.4,12
3332.4,26
3333.4,16
3334.0,28
3335.6,8
3335.9,13
3337.4,7
3339.1,0
3339.1,23
3339.3,29
3341.4,6
3341.5,20
3341.8,21
3342.0,1
3342.0,2
3342.6,11
3343.0,33
3343.3,4
3343.5,32
3344.0,3
3344.3,25
3344.4,17
3344.5,34
3344.8,35
3344.9,36
3345.3,28
3345.4,5
3346.3,9
3346.3,18
3348.2,0
3348.3,37
3348.8,16
3350.0,21
3350.0,23
3351.6,13
3353.5,6
3353.6,3
3353.8,14
3354.0,38
3354.9,39
3355.8,1
3356.2,9
3356.4,16
3356.6,26
3358.2,28
3358.2,29
3358.3,8
3358.8,34
3359.1,36
3359.6,15
3359.8,4
3360.2,20
3360.5,22
3360.9,7
3361.3,0
3361.3,31
3362.3,37
3362.7,21
3363.3,1
3364.4,23
3364.8,6
3365.6,13
3365.7,12
3365.7,35
3365.9,34
3366.0,19
3366.3,28
3366.7,2
3367.0,3
3367.1,18
3367.5,38
3368.1,5
3368.1,8
3368.2,9
3368.4,21
3368.6,32
3368.7,16
3368.8,11
3374.6,26
3374.9,29
3375.5,17
3376.5,23
3377.9,31
3378.4,20
3378.5,0
3378.5,7
3378.5,28
3378.6,10
3379.0,34
3379.1,39
3379.3,35
3379.5,6
3379.5,37
3380.0,21
3380.1,13
3380.7,14
3380.8,4
3381.0,3
3381.2,16
3381.3,33
3381.6,30
3382.0,8
3383.1,1
3383.7,36
3384.0,26
3384.6,12
3386.5,15
3387.1,18
3387.8,5
3389.3,0
3389.3,28
3390.1,2
3390.5,32
3391.2,9
3391.2,13
3391.4,6
3391.8,35
3391.8,38
3392.2,11
3392.3,25
3392.6,34
3393.0,17
3393.2,16
3393.2,21
3393.2,23
3394.7,22
3395.4,20
3396.0,14
3396.5,3
3396.6,4
3397.4,19
3397.8,1
3398.8,29
3399.0,28
3399.9,36
3401.0,31
3401.2,26
3401.4,37
3402.1,8
3402.1,30
3403.7,7
3403.9,16
3404.1,35
3405.1,12
3406.1,0
3406.1,21
3406.2,6
3406.2,13
3406.6,38
3407.5,34
3407.7,23
3408.1,4
3408.8,25
3408.9,28
3409.2,17
3409.5,9
3409.7,20
3410.1,18
3413.5,3
3415.1,21
3416.0,36
3416.1,6
3416.1,13
3416.1,22
3416.1,39
3416.2,11
3416.3,26
3416.6,16
3416.7,0
3416.8,14
3419.8,37
3420.2,4
3420.7,5
3420.8,31
3420.9,1
3421.2,29
3421.3,2
3421.3,20
3421.4,34
3422.2,15
3422.4,19
3422.9,28
3423.1,35
3425.3,9
3425.5,27
3425.5,37
3425.7,7
3426.4,13
3426.4,23
3426.7,0
3427.1,33
3427.2,8
3428.0,18
3428.0,21
3428.6,3
3428.7,38
3428.8,16
3429.4,26
3429.5,12
3430.3,6
3433.6,28
3433.6,29
3433.8,34
3435.5,39
3435.6,20
3435.6,35
3435.7,1
3436.5,4
3437.1,9
3438.6,11
3438.7,31
3439.0,6
3439.4,8
3439.7,0
3440.5,14
3440.6,2
3441.2,21
3441.5,3
3441.5,37
3442.6,13
3442.9,36
3443.0,10
3443.0,28
3444.1,16
3444.4,12
3444.5,17
3444.6,34
3445.1,32
3447.1,20
3447.7,7
3447.7,38
3448.8,6
3449.0,9
3449.5,35
3450.3,23
3450.3,26
3450.4,1
3450.6,25
3451.0,5
3451.1,34
3451.8,18
3453.2,21
3453.6,13
3453.8,0
3454.0,20
3454.8,28
3454.9,4
3455.0,16
3455.3,8
3456.4,31
3457.4,37
3457.9,33
3459.2,39
3460.0,38
3460.1,14
3460.2,36
3460.9,3
3461.0,30
3461.9,6
3462.6,35
3463.0,11
3463.5,29
3463.6,0
3464.1,26
3464.6,34
3464.8,21
3465.1,13
3465.4,2
3465.4,7
3465.8,32
3466.4,16
3466.5,12
3467.1,1
3467.7,28
3468.0,15
3468.3,9
3470.2,18
3470.3,4
3470.7,23
3471.2,8
3471.4,0
3472.0,10
3472.0,37
3472.1,20
3475.4,21
3476.6,34
3477.1,6
3477.5,3
3478.1,26
3478.2,31
3478.2,33
3478.2,36
3479.2,29
3479.3,13
3480.2,16
3481.1,0
3481.1,1
3481.5,12
3482.4,28
3482.4,39
3482.5,35
3482.6,9
3482.8,11
3483.7,23
3483.8,25
3484.1,38
3484.2,6
3485.3,8
3485.4,14
3485.6,2
3485.6,13
3485.6,34
3485.8,21
3486.8,15
3486.8,17
3487.2,7
3487.6,19
3490.4,4
3490.8,32
3491.3,16
3491.8,5
3491.9,30
3492.1,1
3492.4,0
3492.5,18
3492.6,20
3493.1,37
3493.4,26
3494.5,13
3494.5,21
3495.7,3
3496.4,28
3496.9,36
3497.9,27
3497.9,35
3498.6,11
3500.0,9
3500.1,34
3500.6,6
3500.9,8
3501.2,7
3501.3,12
3501.9,4
3502.0,1
3502.2,23
3502.4,39
3503.7,10
3503.7,22
3504.1,13
3505.1,16
3505.2,37
3506.4,21
3507.0,3
3507.0,14
3507.0,28
3507.7,38
3508.1,31
3508.2,33
3509.0,0
3509.2,17
3509.4,25
3509.5,26
3510.4,34
3510.4,20
3510.9,18
3511.8,29
3512.0,2
3513.0,9
3513.4,35
3514.3,13
3514.9,11
3515.0,23
3515.9,7
3517.1,1
3517.9,6
3517.9,39
3518.2,32
3518.5,12
3518.5,28
3518.8,36
3519.4,26
3519.8,21
3521.3,37
3521.6,3
3521.7,16
3521.7,34
3523.6,25
3523.8,4
3524.2,0
3524.6,18
3525.1,19
3525.4,28
3526.4,35
3528.0,7
3528.4,38
3528.5,9
3529.0,15
3529.2,26
3529.3,13
3529.5,20
3529.9,21
3530.6,5
3531.2,16
3531.6,23
3531.8,1
3532.2,14
3532.3,33
3533.5,29
3533.8,28
3534.9,8
3535.0,11
3537.8,12
3539.0,34
3539.1,21
3540.3,35
3540.5,0
3540.6,4
3540.7,32
3541.2,7
3541.4,3
3542.0,6
3542.0,25
3542.1,2
3542.1,18
3542.2,20
3542.7,17
3542.7,23
3542.8,39
3543.2,9
3543.6,36
3543.9,16
3544.4,15
3545.0,13
3545.0,37
3545.4,28
3545.5,26
3545.6,31
3546.8,1
3548.4,11
3549.0,34
3549.1,14
3550.6,29
3550.8,0
3550.9,3
3550.9,20
3551.1,33
3551.3,8
3551.3,12
3551.4,21
3551.9,39
3552.1,10
3553.3,16
3553.4,38
3553.5,22
3554.0,5
3556.1,28
3556.5,4
3558.1,18
3558.2,1
3558.4,6
3558.8,23
3558.9,36
3559.3,26
3560.4,35
3560.7,13
3561.0,34
3561.1,11
3562.3,9
3562.5,32
3563.6,21
3563.9,19
3564.2,0
3564.6,37
3564.7,16
3565.9,31
3566.8,8
3567.2,14
3567.9,17
3567.9,20
3569.1,3
3570.3,1
3570.5,6
3570.5,28
3571.0,34
3571.3,35
3571.3,39
3571.5,7
3571.6,13
3571.8,16
3572.3,2
3572.7,12
3573.3,0
3573.4,5
3574.0,25
3575.0,4
3576.0,9
3576.1,33
3576.3,23
3576.7,11
3577.3,29
3578.4,21
3579.1,34
3580.2,26
3581.5,1
3581.5,18
3582.3,13
3583.8,6
3583.9,7
3583.9,28
3586.5,16
3586.6,0
3586.8,15
3587.6,3
3587.6,23
3588.1,9
3588.1,38
3588.4,2
3588.5,37
3588.9,10
3589.0,17
3589.0,21
3589.1,32
3589.3,4
3589.4,20
3589.4,34
3589.8,11
3590.6,8
3590.6,12
3591.1,31
3591.3,5
3591.3,36
3591.7,28
3592.4,13
3593.1,35
3593.3,14
3594.9,6
3595.3,1
3595.8,18
3596.0,39
3596.1,16
3596.4,26
3596.7,25
3597.1,0
3597.6,29
3598.7,37
3599.0,30
3599.4,19
3601.1,3
3601.4,20
3601.7,23
3601.7,38
3601.8,21
3601.8,28
3604.0,13
3605.2,12
3605.3,34
3605.5,6
3606.3,9
3608.0,2
3608.1,31
3608.4,16
3608.8,1
3609.6,8
3610.2,35
3610.3,11
3610.6,10
3610.7,17
3610.8,7
3611.3,36
3611.8,4
3612.2,14
3612.3,25
3612.3,37
3612.7,28
3613.5,3
3613.8,39
3615.3,22
3615.9,0
3617.0,13
3617.7,21
3618.1,33
3618.6,18
3618.8,20
3618.8,34
3619.8,12
3619.8,29
3620.0,7
3620.2,1
3620.7,26
3620.8,6
3621.9,23
3622.0,5
3622.3,28
3623.8,31
3625.2,16
3625.6,0
3625.8,9
3626.1,13
3626.2,21
3626.8,17
3626.9,3
3626.9,15
3627.0,4
3627.1,35
3627.2,19
3627.6,8
3627.6,22
3630.5,11
3630.7,26
3632.5,23
3632.6,30
3633.0,37
3633.2,6
3633.6,1
3633.6,34
3633.7,16
3633.7,20
3634.6,28
3634.7,39
3635.8,36
3636.2,32
3636.5,7
3638.3,2
3638.3,11
3639.0,18
3639.7,29
3640.4,0
3641.2,9
3641.3,13
3641.3,21
3641.4,14
3642.2,12
3643.9,1
3644.2,16
3644.3,3
3644.7,31
3645.6,28
3645.6,34
3647.5,35
3647.7,0
3648.7,25
3648.9,26
3649.2,4
3650.2,6
3650.2,10
3650.4,38
3650.8,23
3650.9,36
3651.0,5
3651.3,20
3651.5,13
3651.9,9
3651.9,18
3652.3,37
3652.8,7
3654.2,16
3655.1,28
3656.1,8
3657.0,1
3657.0,31
3657.3,35
3657.5,34
3657.6,0
3658.0,3
3658.1,21
3659.3,19
3660.1,11
3660.5,26
3660.8,32
3660.9,33
3661.7,14
3662.4,20
3662.5,38
3663.1,29
3663.8,13
3663.9,12
3663.9,15
3664.7,17
3666.4,39
3666.7,23
3667.0,1
3667.7,28
3669.4,6
3669.4,21
3670.2,37
3670.7,9
3671.0,4
3671.3,12
3671.3,16
3671.4,10
3671.4,36
3671.7,0
3671.9,35
3672.0,34
3672.4,2
3672.4,7
3674.6,20
3675.5,1
3676.1,25
3676.7,8
3676.9,18
3677.1,13
3677.2,26
3677.8,29
3678.1,28
3678.6,32
3678.7,31
3680.3,9
3680.3,23
3680.8,3
3682.6,21
3682.6,22
3683.4,12
3683.5,34
3684.0,19
3684.1,13
3684.1,39
3684.7,6
3685.0,16
3685.0,35
3685.4,36
3685.6,7
3685.6,11
3686.0,17
3686.2,5
3686.4,14
3687.0,0
3687.9,37
3688.0,15
3688.5,1
3688.5,4
3688.6,10
3690.2,20
3692.7,29
3692.9,2
3692.9,28
3693.9,3
3694.6,8
3694.9,38
3695.0,21
3695.4,13
3695.7,33
3695.8,23
3696.0,16
3696.2,34
3696.5,0
3698.5,1
3698.5,31
3698.6,35
3699.1,12
3699.4,32
3700.2,26
3703.2,9
3703.8,21
3704.7,37
3705.6,28
3705.8,13
3705.8,20
3706.0,7
3706.1,3
3706.2,19
3707.0,14
3707.2,23
3707.5,16
3707.6,39
3707.7,18
3707.8,0
3707.8,6
3708.1,35
3708.3,25
3708.8,34
3709.1,1
3709.7,8
3710.1,29
3710.4,26
3710.8,36
3713.0,32
3713.5,9
3713.5,11
3714.1,4
3714.1,31
3714.5,13
3714.6,28
3715.6,30
3716.3,17
3718.5,21
3719.2,2
3719.9,38
3720.3,12
3720.7,5
3720.7,7
3720.7,27
3720.8,34
3721.0,1
3721.2,3
3721.2,16
3722.2,37
3722.6,20
3723.0,23
3723.1,10
3725.0,21
3725.3,0
3726.5,6
3727.2,26
3727.4,14
3727.4,35
3727.5,28
3728.1,4
3728.4,13
3728.6,9
3728.6,34
3730.0,18
3730.0,36
3730.3,11
3730.6,15
3731.6,32
3732.0,20
3732.2,29
3734.5,39
3735.3,37
3735.4,16
3735.5,33
3735.8,1
3735.9,12
3736.0,23
3736.3,8
3736.8,21
3737.6,31
3739.2,17
3740.3,3
3740.3,19
3741.1,2
3741.5,0
3741.5,7
3741.9,28
3742.4,25
3742.7,9
3743.6,11
3743.6,35
3743.9,34
3744.2,6
3745.9,13
3746.1,29
3746.1,39
3746.2,15
3746.2,16
3746.9,4
3748.4,10
3748.7,5
3749.4,26
3749.8,21
3750.3,34
3750.4,20
3750.7,38
3750.9,18
3751.2,14
3751.2,37
3752.7,12
3752.7,23
3752.9,28
3752.9,31
3753.2,0
3753.4,1
3754.7,9
3754.7,36
3755.0,32
3756.3,13
3756.5,16
3756.6,3
3756.6,8
3757.7,33
3759.0,2
3760.1,7
3760.6,34
3761.5,4
3761.7,11
3762.2,21
3762.3,0
3763.3,39
3763.8,28
3764.1,6
3764.3,13
3764.3,35
3767.0,26
3767.1,20
3767.2,16
3767.9,36
3768.0,19
3768.2,9
3769.3,1
3769.4,17
3769.6,37
3769.7,23
3770.1,34
3770.3,31
3771.5,28
3772.5,18
3772.7,12
3772.7,25
3773.2,8
3774.3,3
3774.3,4
3774.4,13
3774.5,21
3775.1,14
3775.5,0
3776.4,2
3776.4,35
3776.5,16
3778.9,7
3779.1,20
3779.6,10
3780.5,1
3781.4,38
3781.6,6
3782.1,29
3782.3,23
3782.3,37
3782.9,34
3783.0,9
3783.1,21
3783.1,33
3783.4,26
3783.8,28
3784.5,5
3786.2,0
3787.1,12
3787.1,18
3787.5,16
3789.4,8
3789.5,13
3789.7,36
3789.8,32
3790.8,3
3790.8,4
3790.9,39
3791.0,11
3791.0,28
3791.4,22
3792.3,20
3793.1,35
3794.4,34
3794.7,9
3796.6,21
3797.3,26
3798.4,14
3799.3,25
3799.6,6
3799.9,13
3800.0,31
3800.6,2
3801.9,7
3802.3,0
3802.5,15
3803.4,1
3803.8,35
3803.8,37
3803.9,16
3804.2,3
3804.2,10
3804.2,28
3804.5,30
3805.2,23
3805.5,29
3805.8,17
3806.7,8
3807.0,20
3807.5,18
3809.3,34
3810.0,4
3811.0,19
3811.1,21
3811.4,38
3811.5,29
3811.7,9
3812.7,33
3812.8,13
3813.0,6
3814.4,39
3814.6,16
3814.9,2
3815.0,34
3815.5,28
3816.4,35
3816.5,0
3816.5,14
3816.9,12
3816.9,37
3820.2,21
3820.4,23
3820.8,3
3821.1,36
3821.5,11
3821.9,7
3822.0,25
3822.1,8
3822.1,32
3822.2,9
3823.4,1
3824.6,20
3824.9,18
3824.9,26
3825.1,31
3825.9,0
3826.6,5
3826.7,34
3827.7,13
3827.7,16
3829.8,6
3832.0,28
3832.8,9
3833.0,35
3834.5,4
3834.7,13
3834.8,3
3834.8,34
3835.2,22
3835.5,12
3835.9,21
3836.1,15
3836.1,17
3836.5,1
3836.6,23
3836.8,8
3836.8,36
3837.0,14
3837.1,29
3837.4,37
3837.9,0
3840.1,16
3840.5,20
3841.5,10
3841.5,31
3841.6,32
3841.7,39
3841.8,28
3843.0,38
3843.5,11
3844.2,9
3844.7,34
3845.2,19
3845.6,21
3848.3,26
3848.4,33
3848.7,1
3848.9,23
3849.4,0
3849.5,7
3849.7,18
3849.9,13
3849.9,25
3850.2,2
3853.3,4
3854.3,3
3854.5,6
3854.7,35
3855.4,12
3856.2,34
3856.4,14
3856.6,8
3856.9,21
3857.1,37
3857.3,9
3857.3,28
3857.3,38
3857.5,29
3858.1,20
3858.1,39
3858.2,16
3859.5,5
3859.6,0
3859.9,17
3861.5,10
3863.3,13
3863.4,23
3863.7,1
3864.1,25
3864.3,11
3864.9,36
3865.8,7
3866.7,21
3867.6,6
3867.6,28
3867.7,34
3867.8,15
3867.8,31
3868.0,18
3869.5,32
3869.7,9
3870.0,4
3870.7,20
3871.1,0
3871.2,2
3871.5,26
3871.9,13
3872.2,16
3872.2,30
3872.4,3
3872.5,33
3873.1,8
3873.6,12
3873.7,35
3873.8,37
3874.6,14
3875.1,28
3875.3,17
3876.7,19
3878.3,34
3878.3,39
3879.4,1
3879.4,16
3880.4,6
3881.0,9
3881.3,0
3881.4,21
3881.6,23
3881.6,32
3882.5,11
3882.6,31
3885.3,7
3885.9,13
3886.1,25
3886.8,3
3886.8,4
3887.2,10
3887.2,20
3887.5,28
3887.6,26
3887.8,1
3888.2,8
3888.3,16
3888.6,38
3888.7,37
3888.8,5
3888.8,14
3889.0,35
3889.3,21
3890.3,2
3892.4,34
3893.2,15
3893.5,9
3893.6,36
3894.2,29
3894.3,12
3895.4,13
3895.5,23
3895.6,31
3895.9,37
3896.2,0
3896.2,18
3898.7,6
3900.1,33
3900.6,22
3900.8,27
3901.1,17
3901.2,1
3901.5,11
3902.5,28
3902.7,0
3902.8,20
3902.9,16
3902.9,21
3903.4,19
3903.6,3
3903.8,8
3904.6,26
3905.7,35
3907.0,34
3907.2,9
3907.2,13
3907.6,25
3907.9,7
3908.0,14
3908.1,6
3908.8,18
3909.8,4
3909.8,32
3910.3,21
3910.8,12
3911.4,37
3912.8,2
3913.8,23
3913.8,28
3916.3,1
3916.6,34
3916.8,3
3917.0,13
3917.1,0
3917.2,16
3917.4,36
3917.7,26
3918.6,39
3918.9,21
3919.3,38
3919.4,27
3919.8,4
3919.8,20
3919.9,8
3920.2,10
3920.7,9
3922.6,28
3923.0,11
3923.5,33
3924.0,18
3924.4,7
3926.3,35
3927.3,6
3927.4,29
3927.5,14
3928.1,13
3928.5,34
3929.6,0
3929.8,20
3929.8,37
3929.9,36
3930.2,1
3930.6,32
3931.0,16
3931.0,30
3931.1,17
3931.2,21
3931.2,25
3931.5,12
3931.7,3
3931.7,23
3932.2,9
3932.5,28
3932.6,5
3933.2,31
3935.2,26
3937.8,35
3938.3,11
3938.4,13
3939.0,20
3939.5,4
3939.7,12
3940.4,2
3940.8,28
3941.7,3
3943.7,1
3943.7,32
3943.8,34
3944.2,18
3944.5,9
3944.5,38
3944.7,0
3945.5,7
3945.9,6
3946.2,21
3946.3,33
3946.9,13
3947.0,16
3948.2,23
3949.5,14
3949.8,12
3950.3,10
3950.3,39
3951.0,28
3951.5,19
3951.5,36
3952.5,35
3953.0,37
3954.5,21
3954.9,29
3955.2,26
3955.8,31
3956.0,16
3956.3,20
3956.9,28
3957.6,0
3957.7,15
3958.9,3
3959.1,6
3959.5,13
3959.6,34
3959.7,8
3959.9,22
3960.5,7
3961.3,9
3961.7,1
3962.3,11
3962.4,4
3963.0,18
3963.3,35
3964.3,25
3964.9,21
3965.4,5
3965.4,36
3965.5,20
3965.9,28
3966.2,2
3967.1,26
3967.4,12
3968.2,0
3968.5,23
3969.6,14
3970.1,34
3970.9,13
3971.4,9
3971.7,16
3972.9,38
3973.2,3
3973.2,17
3973.3,39
3973.4,37
3974.8,8
3975.1,21
3975.1,28
3976.6,35
3976.7,1
3976.9,32
3977.2,12
3977.6,7
3978.0,6
3978.1,4
3978.7,31
3978.9,34
3979.0,13
3979.1,18
3979.6,30
3979.7,33
3980.2,0
3980.9,2
3981.3,9
3981.3,11
3981.8,20
3981.9,27
3983.4,14
3983.6,39
3983.8,19
3983.8,25
3984.9,1
3984.9,22
3984.9,35
3984.9,36
3985.5,28
3985.8,16
3987.0,3
3987.8,21
3987.9,23
3989.0,15
3990.2,8
3990.9,0
3991.2,6
3991.8,26
3991.9,4
3992.1,13
3992.4,12
3993.3,14
3993.3,17
3993.3,20
3993.3,32
3993.4,34
3993.5,9
3993.8,31
3993.8,37
3994.0,18
3994.7,7
3994.7,29
3994.8,1
3995.0,28
3997.0,35
3998.1,10
3999.1,16
3999.8,5
4001.0,38
4001.2,3
4001.6,2
4001.7,6
4002.9,25
4003.2,11
4004.5,12
4005.6,23
4005.9,9
4006.4,20
4006.5,13
4007.6,21
4008.0,39
4008.4,8
4008.6,18
4008.9,28
4008.9,35
4009.5,33
4009.7,4
4009.9,0
4009.9,16
4010.2,1
4010.5,34
4010.8,7
4011.9,30
4011.9,31
4011.9,36
4012.0,29
4012.3,9
4012.3,37
4012.4,3
4013.3,21
4013.4,6
4017.4,26
4017.8,19
4018.7,13
4018.8,28
4019.5,8
4019.6,17
4020.2,6
4020.2,35
4020.8,11
4021.0,27
4021.3,21
4021.7,39
4021.9,34
4022.1,0
4022.1,32
4022.1,3
4022.4,2
4022.7,29
4024.9,16
4025.5,20
4026.0,14
4026.6,1
4026.9,10
4028.4,37
4029.1,36
4029.5,9
4029.9,15
4030.7,23
4031.4,31
4031.5,7
4031.6,6
4031.7,12
4032.1,32
4032.4,28
4032.7,21
4033.4,0
4033.5,13
4033.8,19
4033.9,26
4033.9,16
4034.3,35
4035.4,25
4035.6,34
4035.8,4
4036.3,3
4036.7,18
4038.2,1
4039.1,36
4040.6,38
4041.3,11
4041.5,39
4041.7,20
4042.2,8
4042.4,37
4043.0,22
4043.4,12
4043.6,34
4043.8,13
4043.9,17
4043.9,33
4044.3,28
4044.7,9
4045.1,6
4045.4,21
4045.7,16
4047.0,14
4047.6,0
4047.9,35
4048.0,32
4048.0,1
4048.2,23
4049.2,2
4053.0,13
4053.1,29
4054.0,3
4054.5,16
4054.6,5
4055.3,28
4055.7,7
4056.0,0
4056.9,20
4057.2,9
4057.8,19
4058.2,4
4058.3,15
4058.5,37
4058.8,36
4060.8,18
4061.9,31
4062.3,21
4062.4,26
4063.2,6
4063.6,38
4064.1,35
4064.4,34
4064.9,23
4065.0,1
4065.5,39
4065.8,28
4065.9,12
4065.9,11
4066.2,0
4066.2,10
4066.6,17
4067.0,14
4068.0,22
4068.4,13
4068.7,8
4069.0,21
4070.5,2
4070.5,20
4070.5,25
4071.7,36
4072.8,37
4072.9,4
4073.5,19
4073.5,35
4073.9,32
4074.2,9
4074.4,1
4075.0,34
4075.7,3
4075.8,28
4077.8,6
4077.8,7
4079.8,0
4080.7,18
4080.8,11
4081.1,16
4081.2,15
4081.6,21
4081.7,13
4082.2,12
4082.6,9
4083.3,20
4084.6,38
4084.6,17
4085.0,14
4085.7,33
4086.0,5
4086.1,1
4086.3,23
4086.8,29
4086.9,3
4087.0,35
4087.2,26
4087.6,4
4087.9,34
4088.3,31
4088.6,28
4089.4,2
4091.1,0
4091.1,37
4092.9,16
4093.3,8
4093.5,39
4093.8,13
4094.8,18
4094.9,6
4096.8,9
4097.2,36
4097.5,7
4097.6,25
4097.8,28
4097.9,11
4098.5,10
4098.5,21
4098.6,34
4099.0,33
4099.4,20
4099.4,26
4099.5,16
4099.7,3
4099.7,23
4102.0,0
4102.7,1
4103.1,29
4103.9,17
4104.3,12
4104.6,35
4104.7,13
4104.9,28
4105.1,19
4105.7,21
4106.3,32
4107.5,4
4107.5,37
4108.6,18
4110.8,3
4111.0,34
4111.1,0
4111.5,26
4111.6,9
4111.8,20
4112.0,6
4112.7,13
4113.0,36
4113.4,28
4113.4,38
4113.5,16
4113.9,11
4114.0,2
4114.2,30
4114.3,23
4116.5,1
4118.2,5
4118.3,35
4118.7,39
4118.8,33
4119.2,8
4119.8,7
4121.2,21
4121.3,4
4121.4,37
4123.3,0
4123.6,3
4124.2,16
4124.4,29
4124.8,31
4125.2,13
4125.7,25
4125.7,34
4126.1,20
4126.4,11
4128.0,6
4128.1,12
4128.1,23
4128.7,1
4128.7,9
4129.6,28
4130.4,15
4130.8,18
4130.9,32
4131.3,17
4131.3,21
4132.2,10
4132.2,36
4132.3,39
4133.7,37
4134.5,35
4135.2,13
4135.2,34
4135.4,14
4135.7,0
4135.8,30
4139.3,6
4139.6,38
4139.7,2
4139.7,16
4140.1,29
4140.2,4
4140.3,7
4141.8,23
4142.6,1
4142.8,28
4142.9,20
4143.4,26
4143.6,8
4144.1,21
4144.6,9
4145.2,3
4145.4,13
4146.3,19
4147.7,0
4148.2,12
4148.5,16
4149.4,4
4150.3,34
4152.3,17
4154.5,25
4154.8,37
4154.9,14
4154.9,18
4155.1,1
4155.4,28
4155.6,36
4156.3,11
4157.2,5
4157.2,21
4157.3,6
4157.3,9
4157.3,22
4157.4,32
4157.5,29
4157.9,35
4158.0,3
4158.4,2
4158.9,0
4158.9,13
4159.1,38
4159.3,34
4159.3,15
4159.3,26
4159.7,31
4159.9,33
4160.6,23
4160.8,20
4161.0,4
4162.3,16
4164.1,12
4165.3,8
4165.8,39
4166.2,28
4166.4,6
4167.0,19
4169.0,1
4169.8,10
4170.1,13
4170.5,35
4170.9,21
4171.3,34
4171.3,37
4171.8,4
4173.0,23
4173.9,36
4174.3,7
4174.9,3
4174.9,14
4175.4,0
4175.4,11
4175.7,9
4175.8,20
4176.3,25
4176.5,28
4176.8,26
4176.8,38
4178.4,31
4179.0,6
4179.0,16
4179.2,8
4179.3,21
4179.5,1
4179.6,37
4180.3,32
4182.9,14
4183.3,9
4183.7,12
4183.9,2
4184.1,28
4184.1,29
4184.4,34
4184.5,13
4184.7,20
4184.8,3
4187.1,18
4187.4,17
4187.4,23
4188.0,16
4188.1,0
4188.7,19
4189.6,35
4190.8,5
4190.9,28
4191.1,6
4191.7,21
4191.9,13
4192.4,36
4192.6,4
4194.0,33
4194.7,34
4194.9,1
4195.4,37
4195.5,26
4196.1,16
4196.3,31
4196.5,7
4196.9,15
4198.9,8
4199.2,39
4199.8,32
4199.9,11
4200.3,3
4200.4,6
4200.9,0
4200.9,20
4202.4,35
4202.5,13
4202.7,12
4202.8,25
4202.9,9
4203.4,23
4204.1,21
4204.1,28
4204.3,34
4208.2,14
4208.5,16
4208.6,19
4208.6,22
4208.7,1
4208.7,30
4209.2,0
4209.2,10
4210.0,18
4210.1,36
4210.4,28
4210.5,29
4211.3,37
4211.4,26
4212.0,13
4212.6,4
4212.6,20
4215.2,6
4216.3,21
4216.6,7
4216.7,3
4217.4,33
4217.5,23
4217.8,8
4218.0,17
4218.0,34
4218.1,9
4218.1,31
4218.3,38
4218.6,11
4219.7,39
4220.3,2
4221.1,28
4221.4,15
4221.4,35
4221.4,13
4221.7,12
4222.1,16
4222.9,6
4224.8,3
4225.0,0
4225.2,1
4227.8,29
4228.5,20
4228.7,9
4230.0,34
4231.3,23
4231.7,13
4233.5,26
4234.2,36
4235.0,19
4235.1,14
4235.4,7
4235.5,37
4235.5,28
4235.8,18
4235.9,25
4236.0,8
4236.3,5
4236.4,6
4236.6,21
4236.6,39
4237.3,9
4237.4,11
4237.6,4
4237.6,10
4237.7,12
4237.7,32
4237.8,0
4237.9,3
4238.3,16
4238.9,38
4239.3,1
4239.6,34
4239.9,20
4240.4,13
4244.0,17
4244.6,35
4244.9,28
4245.2,33
4245.7,6
4247.9,0
4248.2,1
4248.2,21
4248.5,3
4248.6,16
4249.6,31
4249.8,7
4250.9,15
4251.6,22
4252.2,10
4252.2,34
4252.8,26
4252.9,29
4253.2,2
4253.3,23
4253.7,8
4253.7,0
4253.7,9
4254.5,37
4254.7,13
4254.8,12
4254.8,20
4255.5,36
4257.8,6
4258.0,28
4258.2,39
4258.6,4
4259.0,1
4259.1,19
4259.1,21
4259.2,14
4259.2,18
4262.7,17
4262.9,16
4263.1,35
4263.9,32
4264.1,38
4265.1,20
4265.6,23
4265.8,13
4268.6,25
4270.2,7
4270.2,0
4270.6,37
4270.8,6
4270.8,9
4270.8,28
4270.9,12
4272.1,3
4272.1,4
4272.4,34
4273.1,21
4273.6,20
4274.8,16
4274.9,31
4275.0,11
4275.7,33
4275.9,26
4275.9,39
4276.0,10
4277.1,1
4277.7,35
4277.8,13
4279.8,21
4281.0,8
4281.6,28
4281.8,34
4281.9,0
4282.8,18
4283.1,14
4283.5,5
4283.7,29
4284.3,23
4284.5,37
4284.6,7
4285.4,9
4285.6,4
4286.2,2
4286.2,6
4286.4,1
4287.3,32
4287.3,35
4287.5,16
4288.1,20
4288.5,38
4289.2,10
4292.3,13
4292.4,21
4292.7,12
4292.8,3
4294.0,17
4294.3,28
4294.4,15
4296.7,36
4296.9,23
4297.2,0
4297.6,26
4297.8,31
4298.0,34
4298.4,9
4299.1,11
4299.2,22
4299.3,7
4299.4,25
4300.3,8
4300.5,14
4300.9,20
4301.3,16
4302.2,13
4303.4,4
4304.5,12
4304.6,1
4305.1,35
4305.5,3
4306.1,21
4306.2,18
4306.3,29
4306.3,33
4306.6,39
4307.0,5
4307.2,2
4307.3,6
4307.6,8
4307.7,28
4307.8,10
4308.6,0
4308.7,34
4309.3,9
4312.6,16
4312.8,23
4313.6,36
4313.9,19
4314.6,37
4314.9,4
4315.3,17
4315.6,34
4317.3,6
4317.3,12
4317.4,28
4317.9,13
4319.0,7
4320.1,20
4320.1,21
4320.7,1
4320.8,14
4322.0,11
4322.6,16
4322.6,38
4323.3,25
4323.7,15
4324.3,26
4324.3,32
4324.7,35
4324.8,13
4325.0,3
4325.2,31
4325.7,9
4326.9,28
4329.5,34
4330.3,17
4330.7,6
4330.7,22
4330.8,8
4330.9,1
4331.0,0
4331.9,37
4332.1,21
4332.4,36
4334.6,3
4335.5,13
4337.2,18
4337.4,4
4337.6,20
4337.6,35
4337.8,28
4338.1,9
4339.3,21
4339.3,23
4339.3,26
4339.5,0
4339.7,12
4340.0,7
4340.1,29
4340.2,16
4341.0,10
4341.4,34
4342.0,39
4342.1,8
4342.7,1
4342.8,3
4343.3,31
4345.9,14
4347.4,28
4347.4,36
4347.5,15
4348.6,11
4349.8,5
4350.0,6
4350.2,33
4350.4,13
4350.4,32
4350.8,17
4351.0,4
4351.1,12
4351.1,38
4351.2,9
4351.6,21
4351.6,35
4352.8,0
4353.2,37
4354.2,2
4354.6,1
4354.6,16
4354.9,23
4355.0,18
4356.2,20
4356.3,34
4356.8,3
4357.1,26
4358.6,7
4358.8,14
4358.9,39
4359.2,28
4359.5,21
4360.4,13
4361.4,29
4361.9,25
4362.0,8
4363.1,0
4363.7,9
4364.4,19
4364.7,16
4365.2,36
4366.2,6
4366.7,31
4368.3,34
4368.6,23
4368.6,37
4369.1,12
4369.1,35
4369.2,28
4369.8,13
4370.4,11
4370.6,17
4370.8,1
4373.1,4
4374.0,10
4374.6,21
4374.7,30
4375.1,26
4375.9,38
4376.6,28
4376.8,20
4377.2,32
4377.4,16
4377.5,33
4377.8,9
4377.9,12
4377.9,39
4378.0,3
4378.0,7
4378.0,37
4378.4,2
4378.9,14
4380.2,8
4380.4,13
4381.7,34
4383.0,0
4383.5,6
4384.0,35
4384.4,21
4384.9,5
4384.9,17
4385.3,28
4385.5,1
4385.5,36
4386.0,31
4386.3,18
4386.7,29
4389.6,11
4390.6,20
4390.6,14
4390.9,3
4391.7,13
4392.3,22
4393.0,25
4393.3,9
4393.3,16
4393.8,34
4394.1,4
4394.4,38
4394.8,0
4395.1,10
4395.7,23
4395.8,32
4395.9,37
4396.2,1
4396.6,21
4397.7,7
4398.1,28
4398.4,8
4398.4,26
4399.3,31
4400.1,35
4400.9,39
4401.3,15
4401.6,13
4402.2,6
4402.3,12
4404.3,33
4406.2,4
4406.5,16
4407.3,23
4407.3,34
4407.8,29
4408.0,1
4408.2,19
4408.2,28
4408.7,3
4409.1,21
4409.5,2
4409.5,18
4409.9,20
4410.2,5
4410.2,30
4410.2,31
4410.3,0
4410.4,36
4410.6,37
4411.0,11
4411.6,38
4411.9,14
4412.1,9
4412.1,35
4412.2,12
4412.3,13
4412.3,33
4413.0,6
4413.6,26
4417.9,34
4418.4,1
4418.4,21
4419.4,16
4420.2,28
4420.9,8
4421.0,32
4421.1,7
4422.2,17
4423.3,0
4423.3,3
4423.8,23
4424.0,25
4424.5,13
4424.7,14
4426.4,4
4426.8,9
4428.3,35
4428.7,20
4429.3,18
4429.4,33
4430.0,21
4430.6,31
4430.7,39
4430.8,26
4431.1,11
4431.5,6
4431.9,3
4432.0,12
4432.3,7
4432.3,16
4432.6,10
4432.8,22
4433.0,37
4433.1,1
4433.1,34
4433.3,0
4433.5,29
4434.0,15
4434.0,36
4435.4,28
4435.7,13
4438.7,20
4439.1,9
4440.3,2
4440.9,23
4441.4,26
4442.7,21
4443.2,38
4443.7,28
4444.2,35
4445.1,1
4445.2,17
4445.9,6
4446.0,14
4446.1,32
4447.3,5
4447.6,0
4447.9,19
4448.1,16
4448.2,34
4448.5,13
4448.7,12
4448.9,37
4450.2,8
4450.3,31
4450.4,4
4451.2,3
4451.3,11
4451.4,23
4451.4,27
4451.5,25
4451.5,36
4451.6,39
4451.7,15
4451.8,9
4451.8,18
4452.8,28
4454.4,30
4454.9,21
4455.1,29
4455.4,20
4455.7,7
4456.0,16
4456.9,26
4457.3,1
4458.4,6
4459.0,23
4459.4,35
4459.6,34
4460.4,0
4460.6,14
4460.7,3
4461.6,10
4462.0,13
4462.5,37
4464.5,9
4465.1,17
4465.8,21
4466.5,32
4466.7,28
4466.8,38
4467.1,8
4467.1,11
4470.8,1
4471.7,20
4472.4,26
4472.8,2
4473.8,31
4474.4,28
4475.2,4
4475.4,12
4475.4,13
4475.6,23
4475.7,16
4475.9,37
4476.2,39
4476.3,0
4476.5,36
4476.6,3
4476.7,6
4476.8,14
4476.8,22
4477.1,34
4479.6,35
4479.8,1
4481.1,21
4481.6,19
4482.0,9
4483.5,7
4483.6,17
4483.8,26
4484.0,28
4484.0,32
4485.4,8
4485.5,18
4486.1,0
4486.2,29
4486.3,33
4486.7,13
4487.0,16
4487.5,11
4488.2,25
4489.6,34
4489.9,20
4490.0,23
4490.7,4
4490.7,6
4490.8,12
4490.8,28
4491.9,21
4491.9,38
4492.2,35
4492.6,1
4492.9,2
4493.4,15
4493.6,36
4493.9,37
4495.8,39
4496.3,31
4497.0,28
4497.2,26
4498.3,0
4500.7,18
4501.0,29
4501.2,5
4501.4,3
4501.4,16
4501.6,13
4501.8,10
4501.9,9
4501.9,20
4502.2,8
4502.7,23
4503.6,14
4503.7,21
4503.9,11
4504.0,6
4504.6,32
4504.6,34
4504.7,25
4504.9,30
4507.0,4
4507.3,1
4507.8,37
4508.0,35
4508.8,26
4508.9,17
4511.2,38
4513.1,28
4514.6,18
4514.6,19
4514.7,2
4514.7,7
4514.9,13
4514.9,21
4515.2,31
4515.3,0
4515.6,29
4516.6,34
4516.7,3
4517.3,9
4517.3,39
4517.9,6
4517.9,33
4518.0,20
4518.6,16
4519.1,12
4519.9,32
4520.1,14
4521.2,37
4521.3,11
4522.1,36
4522.3,15
4522.7,4
4522.8,1
4523.6,28
4523.9,21
4524.8,23
4525.6,34
4525.7,13
4526.3,26
4527.8,18
4527.8,6
4528.3,35
4529.1,7
4530.2,28
4531.1,0
4532.1,5
4532.3,16
4533.2,20
4533.5,8
4533.8,9
4533.9,12
4534.3,37
4534.5,25
4535.4,2
4536.2,29
4536.6,22
4536.9,17
4537.3,3
4537.9,1
4538.4,31
4539.7,28
4539.7,34
4539.9,4
4540.0,21
4540.3,13
4541.1,10
4541.8,26
4541.8,39
4542.1,14
4542.2,32
4542.4,38
4542.7,18
4542.8,9
4543.0,35
4543.1,23
4543.2,0
4544.1,7
4544.3,37
4544.8,6
4546.6,16
4547.0,3
4548.3,19
4548.7,8
4549.2,33
4549.2,34
4549.2,36
4549.5,13
4549.9,1
4550.0,12
4550.3,28
4551.2,21
4551.7,25
4552.7,29
4555.2,0
4555.4,20
4555.9,2
4557.2,1
4557.2,26
4557.8,6
4557.9,11
4557.9,23
4558.1,15
4558.2,9
4558.3,10
4558.3,32
4558.3,38
4558.5,4
4559.3,37
4559.5,3
4559.7,28
4560.0,7
4560.4,14
4561.3,13
4563.0,35
4564.0,21
4564.1,16
4564.7,34
4565.9,17
4565.9,36
4566.6,18
4566.6,31
4567.2,8
4568.3,0
4568.6,6
4569.1,29
4569.4,39
4569.8,20
4570.5,1
4571.6,16
4571.9,12
4572.0,21
4572.4,14
4572.7,4
4573.1,34
4573.4,26
4573.7,13
4573.8,28
4574.8,7
4575.6,37
4575.9,30
4576.3,10
4576.7,23
4576.9,3
4576.9,35
4577.1,17
4577.3,22
4577.3,27
4577.7,5
4577.8,25
4578.7,9
4580.6,0
4580.8,20
4582.5,16
4582.7,11
4583.0,1
4583.0,19
4583.3,38
4583.8,39
4583.9,13
4584.2,6
4584.2,12
4584.5,2
4584.8,18
4584.8,34
4584.9,4
4585.4,21
4585.6,32
4585.7,37
4585.9,33
4586.0,15
4588.0,31
4588.3,14
4589.1,28
4589.9,3
4591.0,26
4591.1,36
4591.3,9
4591.4,8
4591.4,35
4591.7,25
4593.9,0
4594.2,1
4594.7,7
4595.0,13
4595.1,5
4595.3,16
4596.4,2
4596.9,6
4597.0,20
4597.6,23
4600.7,28
4601.6,35
4602.1,12
4602.4,36
4602.5,39
4603.1,4
4603.8,29
4603.9,21
4605.0,10
4605.3,20
4605.3,34
4605.6,16
4606.0,17
4606.3,8
4606.7,33
4606.9,3
4607.1,9
4608.1,23
4608.5,18
4608.6,31
4609.4,19
4609.5,1
4609.7,26
4610.8,13
4611.6,28
4612.0,14
4612.2,0
4612.9,37
4613.8,38
4614.5,32
4615.0,11
4615.9,34
4616.8,7
4616.9,39
4617.4,3
4617.7,6
4618.1,21
4618.2,25
4618.5,13
4618.6,35
4618.8,26
4619.4,0
4620.3,16
4621.5,12
4623.0,36
4623.6,1
4624.2,28
4624.8,4
4624.9,29
4625.3,20
4625.5,18
4626.8,21
4626.8,23
4627.4,9
4627.8,35
4627.9,8
4627.9,37
4628.7,34
4628.7,11
4628.9,2
4629.1,17
4629.2,13
4629.5,14
4631.3,15
4631.4,28
4632.2,38
4632.3,26
4632.7,31
4633.4,0
4634.1,12
4634.4,3
4635.4,1
4635.9,6
4636.0,18
4636.0,19
4636.6,34
4636.9,16
4637.3,20
4637.4,33
4637.7,7
4637.7,9
4637.7,29
4638.4,10
4638.7,4
4639.4,36
4639.7,39
4640.4,21
4641.3,13
4641.6,28
4642.3,35
4642.4,17
4642.6,0
4643.7,31
4643.8,5
4644.2,25
4644.4,23
4644.7,14
4644.7,32
4644.7,37
4645.2,16
4645.5,11
4646.2,1
4646.2,34
4646.9,12
4650.9,26
4651.1,28
4652.0,4
4652.6,18
4652.8,35
4653.1,6
4653.4,21
4653.6,24
4653.9,13
4654.3,0
4654.8,3
4655.9,29
4656.0,23
4656.4,20
4657.0,8
4657.3,1
4657.6,11
4657.6,39
4657.9,22
4658.5,14
4658.9,16
4658.9,12
4659.2,28
4659.3,36
4660.2,9
4661.1,34
4661.4,38
4663.2,37
4663.3,19
4663.6,7
4664.8,21
4665.0,4
4665.9,2
4665.9,13
4668.4,1
4669.3,32
4669.8,20
4669.8,28
4670.1,3
4670.8,34
4671.3,0
4672.1,8
4672.2,35
4672.6,18
4673.0,33
4673.3,9
4673.6,26
4674.5,12
4674.7,6
4675.0,15
4675.0,21
4675.4,16
4675.8,10
4676.5,39
4677.2,25
4677.4,13
4677.8,0
4677.8,20
4678.6,1
4678.6,36
4678.7,31
4680.1,18
4682.0,7
4682.1,11
4682.2,23
4683.0,34
4683.1,37
4683.6,29
4684.1,28
4685.1,3
4685.1,32
4685.2,16
4685.6,12
4685.7,21
4686.0,14
4686.2,6
4686.3,17
4687.0,30
4687.1,5
4687.2,9
4687.3,35
4687.5,4
4690.8,13
4691.4,37
4691.8,0
4692.4,1
4693.6,20
4693.9,26
4694.3,19
4695.1,34
4696.6,21
4697.0,39
4697.3,12
4697.4,36
4697.7,28
4697.8,6
4698.3,18
4698.5,9
4698.8,10
4699.2,25
4699.4,14
4699.6,38
4700.3,8
4700.8,13
4701.4,7
4701.4,22
4701.7,26
4701.8,11
4701.8,29
4701.9,23
4702.1,31
4702.4,3
4702.8,33
4702.9,0
4703.1,1
4703.1,2
4703.9,15
4704.2,35
4704.6,28
4704.9,16
4707.0,37
4707.1,17
4708.0,4
4708.1,9
4708.9,21
4709.8,34
4710.2,32
4712.5,6
4712.6,20
4712.6,0
4713.4,3
4713.5,1
4713.7,13
4714.3,5
4714.8,14
4715.3,16
4715.6,28
4715.9,35
4716.1,18
4717.6,21
4718.2,12
4718.6,4
4719.3,23
4719.7,19
4720.1,38
4720.5,39
4720.6,36
4720.9,31
4721.3,11
4721.4,34
4721.7,7
4721.7,10
4721.8,2
4722.9,13
4723.2,26
4723.3,9
4723.3,28
4723.6,20
4723.6,25
4723.6,29
4724.8,16
4726.1,1
4726.5,0
4726.6,37
4727.8,35
4728.3,3
4729.6,33
4729.8,6
4729.9,15
4730.3,21
4730.4,18
4731.0,30
4735.1,14
4735.5,32
4735.5,34
4735.9,28
4736.0,36
4736.2,8
4736.4,17
4736.5,4
4736.5,7
4736.6,12
4736.6,23
4737.2,16
4737.5,0
4738.1,9
4739.4,1
4740.8,5
4741.5,13
4741.5,31
4742.1,20
4742.2,21
4743.0,39
4743.3,10
4743.8,26
4744.3,2
4744.4,37
4744.9,38
4745.5,35
4745.6,3
4747.3,34
4747.7,16
4748.5,6
4749.1,28
4749.8,8
4750.7,0
4751.5,12
4751.8,7
4752.2,18
4752.2,19
4752.4,4
4752.4,26
4752.5,1
4752.5,33
4752.7,13
4753.7,11
4754.0,23
4754.0,35
4754.1,9
4754.1,34
4754.3,29
4755.4,21
4755.6,14
4756.7,20
4757.3,3
4757.7,6
4758.1,0
4758.4,5
4758.6,39
4758.7,37
4759.5,32
4759.5,25
4761.8,16
4762.2,13
4762.5,15
4762.6,22
4762.6,28
4763.4,36
4765.1,20
4765.1,26
4765.9,21
4765.9,1
4767.6,19
4768.2,23
4768.4,12
4769.1,10
4769.7,4
4769.7,14
4770.2,17
4770.3,9
4770.3,35
4770.6,34
4771.5,2
4771.5,6
4772.6,28
4772.6,31
4773.1,18
4773.6,8
4775.0,29
4775.8,0
4776.5,21
4776.6,38
4776.6,7
4776.9,33
4778.1,13
4778.1,36
4778.1,37
4778.1,25
4778.5,1
4778.7,3
4778.9,11
4779.2,22
4781.0,9
4782.8,32
4783.7,20
4784.2,28
4784.2,35
4784.5,23
4784.7,12
4784.7,34
4784.9,14
4785.0,6
4785.6,16
4785.8,26
4787.6,0
4787.6,39
4788.7,31
4788.8,13
4789.0,15
4789.4,19
4791.8,10
4791.8,4
4792.7,30
4794.0,8
4794.4,21
4795.6,13
4797.0,37
4797.4,25
4797.9,3
4798.0,9
4798.2,28
4798.7,33
4799.0,6
4799.1,2
4799.1,20
4799.1,34
4799.3,1
4799.5,23
4799.8,7
4800.2,36
4800.8,18
4801.4,5
4802.1,35
4802.7,11
4802.8,14
4802.9,16
4803.2,17
4803.2,19
4803.3,29
4803.7,0
4803.7,26
4806.2,38
4806.3,13
4806.8,21
4808.2,34
4809.0,9
4811.3,23
4811.3,39
4811.7,12
4811.7,28
4811.9,31
4812.3,4
4812.8,20
4812.9,1
4812.9,6
4814.3,13
4814.3,21
4814.4,8
4814.9,10
4815.3,16
4815.3,37
4817.4,22
4817.6,7
4818.0,3
4818.9,28
4819.4,0
4819.6,34
4819.8,20
4820.0,14
4820.7,11
4820.8,35
4821.7,19
4821.8,26
4822.0,9
4822.4,13
4823.0,18
4824.7,21
4824.8,5
4825.2,36
4825.4,17
4825.9,16
4826.1,23
4826.6,28
4827.5,1
4829.9,2
4830.8,3
4830.9,6
4831.2,32
4831.8,12
4832.0,8
4832.6,31
4832.7,34
4832.8,39
4833.0,7
4833.1,29
4833.2,4
4833.3,0
4833.3,27
4833.6,25
4833.9,37
4834.1,15
4834.4,35
4834.6,22
4835.0,20
4835.2,9
4837.1,38
4838.8,13
4839.7,1
4840.6,11
4840.8,39
4840.9,18
4841.6,28
4842.1,26
4842.6,16
4842.7,21
4843.3,14
4843.7,19
4843.8,6
4844.2,23
4844.4,34
4847.8,7
4847.9,0
4847.9,36
4848.2,17
4849.7,9
4849.7,31
4849.8,10
4850.7,16
4851.2,35
4851.3,3
4851.3,30
4851.5,37
4851.6,4
4852.1,8
4852.1,15
4852.3,13
4852.3,20
4852.7,28
4852.8,21
4853.2,1
4853.5,12
4854.2,33
4856.8,23
4857.0,2
4857.7,18
4858.3,34
4858.6,6
4859.1,25
4859.9,13
4860.1,14
4861.0,38
4861.3,0
4861.8,21
4861.8,27
4863.2,29
4863.4,28
4863.4,35
4864.1,26
4864.5,37
4864.9,4
4865.0,16
4865.5,1
4867.2,32
4867.5,7
4867.6,20
4867.7,8
4867.7,9
4867.7,36
4867.9,12
4868.8,34
4869.4,6
4869.7,11
4870.1,15
4871.7,0
4874.1,28
4874.4,13
4874.5,3
4874.7,18
4875.1,23
4875.3,24
4875.7,21
4875.9,1
4876.8,39
4876.9,25
4877.0,9
4877.4,10
4877.4,14
4877.7,17
4877.9,16
4878.2,12
4878.3,33
4879.2,8
4882.6,5
4883.2,22
4883.5,35
4884.0,31
4884.2,29
4884.3,26
4884.5,13
4884.5,28
4884.7,20
4884.9,4
4885.1,7
4885.2,6
4885.6,2
4885.6,34
4886.0,19
4886.0,21
4886.7,0
4887.0,37
4887.8,16
4887.9,12
4890.9,32
4891.1,3
4891.3,15
4891.6,9
4892.1,1
4892.1,8
4892.6,18
4892.6,23
4892.9,28
4893.0,30
4893.6,14
4893.7,36
4893.9,39
4894.1,34
4894.2,21
4894.4,10
4894.4,38
4895.1,11
4895.3,0
4896.6,33
4896.7,6
4896.7,20
4897.8,13
4899.3,26
4900.1,16
4900.1,37
4900.4,35
4901.0,17
4903.5,4
4905.4,39
4905.8,9
4906.0,1
4906.1,3
4906.5,34
4907.2,2
4907.7,36
4908.1,28
4908.4,32
4908.5,23
4908.6,21
4908.8,16
4908.9,14
4909.1,31
4909.5,0
4909.6,8
4909.7,7
4909.9,12
4910.7,20
4911.2,25
4912.0,37
4914.1,38
4914.3,11
4915.7,1
4916.8,28
4917.0,26
4917.3,35
4918.5,13
4918.9,18
4919.0,16
4919.2,29
4919.5,34
4919.7,9
4920.1,4
4920.1,21
4920.3,6
4920.8,12
4921.0,23
4921.1,32
4922.6,36
4923.2,17
4924.3,14
4925.0,31
4926.2,0
4926.6,20
4927.1,19
4927.3,13
4927.5,1
4927.8,7
4928.4,37
4929.2,8
4929.5,5
4929.6,3
4929.6,35
4930.0,28
4930.4,16
4930.4,29
4930.5,33
4933.6,9
4933.8,21
4934.8,6
4935.2,0
4935.9,11
4937.5,34
4937.8,4
4938.0,13
4938.2,26
4938.4,39
4938.5,2
4939.1,37
4939.4,30
4939.6,12
4939.9,20
4939.9,23
4940.0,16
4940.1,31
4940.5,3
4940.6,15
4940.7,10
4941.4,28
4941.7,1
4942.4,21
4943.7,18
4945.6,36
4945.7,9
4946.3,35
4947.0,6
4947.0,38
4947.5,34
4947.7,25
4947.8,7
4948.0,8
4948.3,32
4948.8,17
4949.2,14
4949.3,0
4949.5,11
4951.4,12
4951.9,13
4952.2,4
4952.3,37
4952.5,28
4952.8,20
4953.0,29
4953.3,3
4954.3,1
4954.8,33
4955.8,18
4956.6,31
4956.7,9
4957.3,6
4957.6,0
4958.5,16
4958.5,23
4958.7,26
4959.7,34
4959.8,21
4959.9,35
4961.4,10
4961.8,28
4961.9,13
4963.2,19
4963.3,39
4963.8,14
4964.1,4
4965.2,27
4965.3,7
4965.8,32
4966.3,1
4966.5,6
4966.8,37
4966.8,38
4967.1,18
4967.5,20
4967.9,16
4968.2,30
4969.4,2
4969.8,21
4970.2,11
4970.4,9
4971.0,13
4971.4,35
4971.9,25
4972.6,5
4972.7,12
4972.9,0
4972.9,23
4973.1,34
4973.8,8
4974.1,15
4974.2,3
4974.3,28
4975.6,4
4975.8,17
4976.1,16
4976.3,33
4976.9,36
4977.3,37
4977.5,26
4978.0,20
4981.0,7
4982.4,31
4983.6,29
4983.9,39
4985.1,18
4985.3,35
4985.5,1
4985.8,14
4986.0,19
4986.0,21
4986.3,28
4986.5,13
4986.8,10
4986.9,0
4986.9,12
4987.6,4
4987.6,34
4988.0,3
4988.1,9
4988.5,16
4989.3,32
4989.6,11
4989.7,23
4991.2,20
4992.9,8
4993.7,17
4993.7,37
4993.8,30
4993.9,1
4994.5,35
4995.3,6
4995.7,7
4996.3,2
4996.4,25
4996.5,22
4996.7,29
4997.5,14
4997.9,13
4998.0,16
4998.3,21
4999.2,5
4999.5,28
5000.3,0
5001.0,9
5001.6,26
5001.6,31
5001.9,3
5002.0,36
5002.1,4
5003.9,23
5004.0,34
5004.5,35
5006.0,14
5006.0,18
5006.3,20
5007.4,6
5007.4,39
5007.8,33
5008.3,16
5008.4,1
5008.7,37
5008.9,8
5010.3,0
5010.6,21
5011.3,38
5013.4,13
5014.1,32
5015.2,25
5016.4,12
5017.3,28
5017.4,35
5018.1,34
5018.9,29
5019.4,9
5019.5,11
5019.6,17
5020.3,36
5020.5,23
5020.6,0
5020.8,7
5021.0,8
5021.1,26
5021.5,3
5021.6,16
5022.0,21
5022.3,18
5023.6,20
5024.8,1
5025.1,15
5025.4,13
5026.2,37
5028.0,28
5028.9,4
5029.5,6
5029.5,39
5030.1,0
5030.1,29
5031.5,2
5031.8,34
5032.3,3
5032.3,14
5032.6,32
5032.8,12
5033.0,9
5033.4,19
5033.5,21
5033.9,16
5034.6,7
5035.3,36
5036.0,28
5036.1,33
5036.3,35
5036.3,38
5037.7,8
5037.8,11
5037.8,23
5038.2,26
5038.3,1
5038.5,10
5038.5,18
5038.7,31
5039.3,20
5039.9,13
5041.1,21
5041.5,34
5045.4,37
5045.9,0
5046.6,25
5047.3,3
5047.5,7
5048.0,16
5048.2,5
5048.3,4
5048.5,6
5048.9,28
5049.0,13
5051.5,12
5051.6,17
5051.8,1
5051.8,35
5052.1,32
5052.5,15
5053.2,34
5053.4,14
5053.5,26
5054.0,23
5054.3,20
5054.6,39
5054.7,18
5054.9,21
5054.9,27
5055.4,9
5055.4,19
5056.0,37
5056.1,28
5056.6,4
5056.9,31
5058.0,11
5058.3,0
5058.5,8
5059.0,1
5059.5,34
5060.3,6
5060.4,16
5061.3,10
5062.0,3
5062.1,7
5062.8,35
5063.4,13
5064.7,20
5064.7,29
5066.7,21
5067.0,14
5067.3,0
5067.9,22
5068.1,36
5068.6,9
5068.7,28
5068.8,12
5069.3,23
5069.5,18
5069.7,38
5070.6,39
5070.8,16
5071.3,10
5071.6,2
5072.0,37
5073.5,31
5073.5,3
5074.6,25
5074.8,8
5075.2,34
5075.4,20
5075.9,13
5076.0,15
5076.2,26
5077.1,6
5077.4,1
5077.4,21
5077.6,17
5077.8,4
5078.3,35
5078.4,0
5078.7,11
5078.9,7
5078.9,39
5079.1,32
5082.7,28
5083.1,36
5084.2,3
5084.2,26
5084.4,12
5084.7,14
5085.1,1
5085.1,37
5085.2,19
5085.3,16
5085.3,21
5085.5,9
5086.3,34
5087.5,23
5089.1,0
5090.6,13
5091.0,38
5091.0,39
5092.7,10
5092.7,20
5093.1,4
5093.3,29
5093.4,28
5094.9,33
5095.2,9
5096.1,23
5097.4,2
5097.5,18
5098.9,35
5099.1,1
5099.1,34
5099.2,12
5099.3,6
5099.4,0
5099.4,3
5099.6,31
5100.7,16
5100.9,21
5102.1,8
5102.1,11
5102.1,28
5102.3,36
5102.4,32
5103.6,37
5103.9,27
5104.2,14
5104.3,26
5105.0,20
5106.3,7
5107.2,34
5108.2,5
5108.3,13
5108.5,4
5110.8,23
5111.8,28
5112.3,38
5112.7,36
5113.5,9
5113.8,6
5114.0,25
5114.5,39
5114.7,0
5115.4,3
5115.4,12
5117.2,1
5118.0,21
5118.3,29
5119.0,35
5119.5,19
5119.6,20
5120.5,7
5120.8,28
5121.0,16
5121.1,32
5121.2,37
5121.4,14
5121.4,17
5121.9,18
5122.0,13
5122.2,10
5122.9,34
5123.2,11
5123.4,4
5123.8,6
5124.4,8
5125.1,1
5125.4,12
5125.4,26
5127.0,21
5127.8,9
5128.1,0
5129.3,31
5130.8,13
5132.2,3
5132.4,23
5132.9,8
5133.3,15
5133.4,34
5133.9,39
5134.2,6
5134.2,16
5134.8,35
5135.4,28
5136.0,14
5138.4,1
5138.4,18
5138.5,20
5138.9,38
5139.3,2
5139.7,9
5139.8,29
5140.0,37
5140.1,0
5140.8,21
5141.1,13
5141.2,10
5141.8,25
5142.0,36
5142.1,26
5142.3,12
5144.7,31
5144.8,19
5145.0,30
5145.2,5
5145.3,4
5145.3,32
5145.4,28
5146.3,6
5146.3,7
5147.6,35
5147.8,16
5147.8,34
5149.1,21
5149.8,0
5149.9,3
5149.9,23
5150.3,13
5150.3,33
5150.4,8
5151.5,37
5152.2,11
5153.6,14
5157.7,34
5158.1,9
5158.6,1
5158.6,20
5158.7,28
5158.9,16
5159.2,39
5159.3,29
5159.5,26
5159.6,4
5159.9,6
5160.7,15
5160.8,12
5161.1,21
5161.3,17
5161.3,36
5162.0,0
5162.3,35
5162.9,2
5163.2,19
5165.0,8
5166.3,23
5166.3,38
5166.5,32
5167.6,33
5167.7,31
5167.8,13
5167.8,34
5167.9,11
5168.3,3
5168.5,37
5168.7,25
5168.8,20
5170.3,18
5171.7,28
5171.8,0
5172.3,29
5172.4,35
5172.6,14
5173.3,4
5175.0,1
5175.7,21
5176.0,6
5176.5,9
5176.8,16
5177.9,5
5178.9,7
5179.6,28
5179.8,34
5180.9,12
5181.3,2
5181.3,8
5181.5,17
5182.0,3
5182.3,6
5183.0,39
5183.2,19
5183.7,13
5184.4,26
5184.5,20
5185.1,0
5185.5,11
5186.0,1
5186.0,23
5186.0,38
5186.2,35
5186.5,21
5186.9,37
5188.2,18
5189.5,36
5190.6,33
5190.9,4
5190.9,31
5191.9,22
5192.2,28
5193.2,16
5193.4,14
5194.0,15
5194.2,20
5194.5,3
5194.7,26
5194.7,34
5195.7,10
5196.4,8
5196.5,7
5197.8,25
5197.9,39
5198.0,12
5199.4,0
5199.6,9
5199.7,23
5199.7,35
5200.3,13
5200.6,1
5200.7,6
5200.7,37
5202.2,32
5202.8,21
5202.9,30
5204.2,17
5205.3,16
5207.3,13
5208.3,23
5208.5,2
5208.5,34
5208.6,18
5208.6,28
5209.4,29
5209.5,3
5209.7,20
5209.9,21
5210.7,36
5210.7,7
5211.1,0
5214.6,4
5216.8,14
5216.8,35
5218.0,9
5218.1,6
5218.3,26
5218.4,11
5218.9,16
5219.1,13
5219.4,0
5219.7,5
5220.4,34
5220.6,1
5221.0,28
5221.4,38
5221.8,31
5221.9,33
5222.2,37
5222.5,20
5222.9,18
5222.9,21
5224.4,8
5224.6,17
5225.4,3
5225.4,19
5225.6,7
5225.7,9
5226.3,0
5226.3,13
5226.3,10
5227.0,1
5227.7,16
5227.8,12
5227.8,28
5228.9,34
5229.0,23
5230.3,21
5230.3,26
5230.8,4
5231.0,15
5231.3,29
5231.4,6
5234.4,32
5234.6,39
5235.1,35
5235.3,20
5235.7,14
5235.7,36
5235.9,11
5236.5,7
5236.8,2
5236.9,16
5237.2,3
5237.5,37
5237.7,22
5237.8,25
5238.0,15
5238.0,23
5239.4,28
5239.6,13
5241.1,1
5241.2,0
5241.2,18
5241.2,38
5243.0,29
5243.0,35
5243.0,34
5243.3,31
5243.5,19
5245.4,9
5246.7,33
5247.1,21
5247.9,6
5247.9,26
5249.0,7
5249.6,3
5250.2,16
5250.2,20
5250.9,37
5251.7,32
5251.9,14
5252.2,28
5252.5,36
5252.6,11
5253.9,17
5254.0,1
5254.6,0
5254.9,2
5255.2,12
5255.2,23
5255.4,34
5255.9,10
5257.0,9
5257.5,39
5258.1,35
5259.2,16
5259.5,13
5259.5,38
5260.0,21
5260.1,4
5260.5,18
5261.6,8
5262.0,6
5262.5,25
5263.2,28
5263.7,20
5264.0,3
5264.1,1
5264.8,37
5265.1,0
5265.1,29
5266.7,15
5269.5,7
5270.4,13
5270.5,31
5270.7,34
5270.8,16
5271.4,11
5271.4,26
5272.2,23
5272.3,32
5272.4,35
5272.6,28
5272.7,4
5273.0,14
5273.0,33
5274.3,17
5276.0,3
5276.3,20
5276.6,18
5276.8,2
5277.6,6
5278.1,21
5278.5,39
5279.1,9
5279.3,1
5280.1,0
5280.8,19
5280.8,29
5280.9,34
5282.1,12
5282.2,23
5282.4,8
5282.9,38
5283.4,13
5283.8,36
5284.1,16
5284.3,10
5284.3,22
5284.3,28
5285.8,4
5287.3,37
5289.1,3
5289.1,35
5289.4,0
5290.0,21
5290.1,5
5290.2,25
5290.7,2
5290.7,26
5291.8,20
5291.8,13
5292.0,28
5292.3,7
5294.7,14
5295.4,1
5295.4,6
5295.4,34
5295.5,18
5296.2,17
5296.5,23
5296.6,15
5298.2,21
5298.9,39
5299.3,16
5299.7,9
5299.8,11
5302.5,0
5303.1,35
5304.3,31
5304.7,8
5304.7,28
5305.1,36
5305.5,29
5305.7,13
5306.6,34
5307.1,3
5307.1,4
5307.6,20
5307.8,12
5308.3,5
5308.6,14
5309.4,32
5309.8,21
5310.0,26
5310.1,37
5310.8,1
5311.1,9
5311.1,16
5311.2,6
5311.2,33
5312.4,28
5312.7,13
5313.2,38
5313.2,0
5313.7,19
5314.1,10
5315.2,17
5315.3,35
5315.8,4
5316.8,23
5317.0,3
5317.4,12
5317.7,34
5318.0,2
5318.3,18
5319.6,25
5319.6,31
5320.2,7
5321.2,13
5321.3,39
5321.9,6
5322.0,36
5322.3,29
5322.4,16
5322.5,8
5322.8,15
5323.0,11
5323.9,20
5324.1,1
5324.4,28
5326.2,3
5326.9,37
5327.1,14
5327.3,9
5328.8,26
5328.9,21
5330.1,34
5330.2,4
5330.8,0
5332.2,16
5332.9,28
5333.0,25
5334.0,12
5334.4,20
5335.1,6
5335.5,3
5337.4,36
5337.6,8
5337.6,35
5338.0,29
5338.7,23
5338.8,21
5339.1,13
5339.1,38
5339.8,1
5339.9,17
5340.9,10
5341.0,18
5341.2,7
5341.5,28
5341.6,37
5342.1,16
5342.3,32
5342.7,39
5343.0,11
5343.0,34
5343.1,4
5343.3,26
5343.3,31
5343.4,14
5345.1,20
5345.7,9
5347.5,0
5347.8,19
5349.8,21
5351.3,13
5353.1,1
5353.1,2
5353.2,36
5353.3,3
5353.3,8
5353.7,28
5353.9,35
5354.0,6
5354.3,33
5354.5,23
5355.3,15
5355.5,5
5355.9,34
5356.8,38
5356.9,25
5357.8,0
5358.3,12
5359.0,20
5359.7,16
5359.8,37
5360.0,35
5361.1,4
5361.4,31
5362.2,7
5362.3,18
5362.6,29
5363.2,13
5364.1,11
5364.5,21
5364.6,23
5364.6,39
5364.7,28
5364.7,30
5365.2,17
5365.5,14
5365.9,1
5366.2,25
5366.4,3
5367.4,26
5368.2,32
5370.1,9
5370.5,6
5370.6,20
5371.8,8
5372.3,37
5372.7,34
5373.1,28
5373.4,16
5374.1,36
5374.2,12
5374.8,4
5374.9,10
5375.1,0
5375.5,13
5376.8,3
5376.9,7
5377.2,21
5377.5,11
5377.6,1
5378.3,31
5378.7,23
5379.0,16
5379.0,35
5379.2,19
5380.2,22
5380.7,33
5381.8,17
5382.3,18
5383.8,0
5383.8,9
5383.8,26
5384.0,14
5384.3,8
5384.5,28
5385.5,32
5385.6,34
5385.6,37
5385.7,29
5386.4,38
5388.3,13
5388.3,21
5388.4,20
5388.5,2
5388.6,1
5388.8,6
5389.8,11
5389.9,12
5390.1,15
5390.3,39
5390.5,5
5390.5,25
5390.6,36
5390.6,35
5391.1,23
5391.5,16
5392.7,3
5392.8,4
5393.9,21
5395.7,26
5396.7,7
5398.2,28
5399.0,1
5399.4,31
5399.6,34
5401.6,0
5401.6,9
5403.1,13
5403.1,6
5403.5,37
5403.7,29
5403.9,8
5404.0,23
5405.1,20
5405.2,28
5405.3,18
5405.4,14
5406.5,19
5408.7,9
5408.9,1
5408.9,2
5409.1,34
5409.3,38
5409.5,35
5409.6,4
5409.7,12
5410.1,16
5410.3,17
5410.4,32
5410.6,21
5410.8,0
5410.8,3
5411.9,10
5411.9,13
5412.2,26
5412.7,39
5413.8,11
5413.8,33
5416.0,34
5417.8,20
5418.0,28
5420.4,6
5420.6,3
5420.8,31
5420.8,37
5421.0,1
5421.0,23
5421.6,16
5421.8,7
5422.1,0
5422.3,12
5422.6,13
5422.6,18
5422.8,30
5424.0,14
5424.3,35
5425.4,9
5426.4,21
5427.0,34
5427.8,4
5428.3,15
5428.9,36
5429.0,25
5429.3,8
5429.4,26
5430.1,31
5430.8,28
5431.1,5
5431.5,7
5432.2,3
5432.3,20
5432.7,13
5433.1,19
5433.7,22
5433.8,37
5434.2,17
5434.6,16
5434.8,23
5435.4,34
5435.5,1
5435.7,6
5436.3,35
5436.6,0
5437.0,11
5437.4,2
5437.7,21
5438.2,10
5439.1,38
5439.9,9
5440.4,18
5440.7,14
5440.7,32
5442.0,33
5443.7,13
5443.8,26
5444.2,29
5445.0,12
5445.1,3
5445.8,39
5445.9,28
5446.4,31
5446.6,34
5447.3,4
5448.3,6
5449.4,1
5450.7,21
5451.2,16
5451.9,0
5451.9,37
5452.3,7
5452.9,23
5454.1,20
5454.1,35
5454.4,28
5454.5,8
5455.3,15
5455.4,9
5457.2,13
5458.0,25
5459.6,29
5460.7,36
5461.1,34
5461.1,2
5461.4,33
5461.8,5
5462.3,37
5462.6,0
5462.6,21
5462.6,31
5462.8,6
5463.2,12
5463.2,20
5463.3,11
5463.5,18
5463.9,32
5464.1,9
5465.1,28
5465.3,16
5465.6,3
5466.0,26
5466.6,1
5468.0,39
5469.9,38
5470.6,13
5470.7,14
5471.0,7
5472.2,0
5472.2,35
5473.1,8
5473.5,34
5473.6,28
5473.8,4
5473.9,21
5474.1,12
5474.7,10
5475.1,1
5476.8,17
5477.1,15
5477.5,31
5479.2,25
5480.5,6
5480.8,20
5481.1,9
5481.3,16
5481.3,37
5481.7,3
5481.7,33
5481.9,13
5482.3,0
5483.4,2
5483.4,23
5483.8,27
5483.9,1
5483.9,39
5484.0,32
5484.2,34
5484.2,36
5484.5,29
5484.9,11
5486.3,26
5486.6,19
5487.8,28
5488.0,21
5488.2,7
5488.4,13
5488.4,38
5492.6,34
5492.7,12
5493.2,8
5494.3,18
5494.8,4
5495.1,23
5495.5,9
5496.3,17
5496.4,20
5496.6,38
5497.5,6
5497.6,1
5497.6,14
5497.6,16
5497.6,21
5497.7,36
5498.3,37
5498.4,0
5499.1,28
5499.2,13
5499.4,35
5500.7,29
5501.3,7
5501.6,39
5501.7,10
5501.7,34
5502.2,31
5502.9,3
5506.1,5
5506.1,21
5506.1,23
5506.4,26
5507.5,32
5508.1,16
5508.4,3
5509.3,12
5509.4,9
5509.7,11
5509.9,28
5510.4,0
5511.0,18
5511.3,6
5511.3,19
5511.4,13
5511.9,20
5512.8,8
5513.1,35
5513.6,33
5514.3,1
5514.6,36
5514.9,34
5515.2,2
5516.1,4
5516.2,14
5516.3,37
5516.8,12
5516.8,17
5516.9,26
5517.0,16
5517.0,38
5518.0,31
5519.2,28
5519.6,21
5519.6,29
5520.6,23
5521.4,0
5521.7,7
5523.2,6
5523.4,22
5523.9,32
5524.0,5
5524.3,20
5524.8,13
5524.8,34
5524.9,3
5524.9,9
5527.3,35
5528.0,2
5528.3,8
5529.0,19
5529.1,15
5529.3,37
5529.3,39
5529.5,21
5531.1,26
5531.4,11
5531.9,25
5532.0,4
5532.2,18
5532.2,28
5533.1,20
5533.8,16
5533.9,12
5534.3,0
5534.4,17
5534.4,34
5534.6,1
5534.6,10
5534.6,29
5535.9,3
5536.9,13
5538.0,36
5539.0,22
5539.7,23
5540.1,14
5540.6,33
5540.8,6
5541.5,7
5541.7,21
5541.8,16
5542.8,1
5543.0,9
5543.2,31
5543.3,28
5545.3,26
5545.4,2
5545.4,38
5546.1,35
5546.3,0
5547.0,11
5547.3,3
5548.2,12
5548.3,17
5548.6,34
5548.7,8
5549.4,32
5549.8,4
5549.8,13
5550.0,37
5551.0,25
5551.3,20
5551.5,16
5551.7,23
5552.0,36
5552.5,7
5552.8,6
5553.4,28
5553.5,21
5553.7,19
5554.6,18
5554.7,39
5554.9,10
5555.0,0
5556.4,9
5557.5,1
5557.5,29
5558.8,16
5561.3,27
5561.6,35
5561.7,30
5561.9,14
5562.2,11
5562.2,13
5562.3,31
5562.4,3
5562.6,33
5562.9,34
5563.0,12
5563.1,2
5563.2,38
5563.5,37
5563.6,6
5564.7,0
5566.4,4
5566.9,20
5567.7,18
5568.3,8
5568.3,28
5568.8,21
5569.6,5
5569.8,26
5570.5,1
5570.8,9
5572.5,16
5572.6,23
5572.7,7
5573.3,36
5573.9,13
5575.4,0
5575.6,25
5575.7,34
5576.6,11
5576.9,37
5578.3,19
5578.4,29
5578.7,38
5579.2,35
5579.3,28
5579.6,6
5579.8,10
5579.9,3
5580.7,20
5580.7,39
5581.3,21
5583.9,4
5583.9,13
5584.0,26
5584.0,34
5584.4,18
5584.5,14
5584.6,9
5584.9,17
5585.4,12
5585.4,32
5585.7,7
5585.9,1
5587.4,16
5588.4,23
5590.2,8
5590.4,0
5593.3,33
5594.2,28
5594.5,35
5596.8,20
5596.9,26
5597.0,37
5597.9,11
5597.9,36
5597.9,39
5597.9,12
5597.9,25
5598.1,34
5598.5,9
5598.7,21
5598.8,6
5599.4,13
5599.4,31
5599.4,0
5599.6,14
5599.7,23
5599.8,1
5599.8,2
5599.8,16
5600.0,18
5601.0,3
5601.3,38
5604.6,5
5606.0,8
5606.2,28
5606.3,4
5607.5,7
5607.6,34
5607.6,35
5608.6,29
5609.0,12
5610.1,19
5610.5,15
5610.5,20
5611.0,22
5611.0,30
5611.0,37
5611.5,0
5611.5,2
5611.9,16
5612.0,6
5612.2,1
5612.9,14
5613.0,17
5614.1,21
5614.1,31
5614.8,13
5615.7,26
5617.3,9
5617.5,23
5617.5,34
5618.9,28
5619.4,39
5619.6,29
5619.8,3
5620.4,8
5620.5,27
5620.9,32
5621.4,18
5621.7,16
5622.6,21
5622.7,4
5623.2,6
5623.2,35
5623.4,0
5623.8,17
5624.1,34
5625.2,1
5627.4,38
5627.8,36
5627.9,33
5628.1,7
5628.2,28
5628.6,10
5629.4,11
5629.4,12
5630.9,13
5631.5,0
5632.3,16
5632.9,26
5633.8,8
5633.9,3
5634.1,20
5634.3,14
5634.5,39
5634.7,9
5634.8,21
5634.8,23
5635.2,6
5635.5,35
5635.6,4
5636.9,34
5637.0,37
5639.9,28
5640.6,2
5641.2,19
5641.2,25
5641.3,11
5641.7,13
5642.1,0
5642.6,31
5642.7,18
5642.8,32
5643.6,21
5644.3,12
5646.0,4
5647.0,1
5647.3,36
5647.8,6
5648.2,9
5649.7,3
5649.7,35
5650.6,23
5650.8,28
5651.5,26
5651.6,7
5651.6,13
5651.8,16
5651.9,34
5652.4,0
5652.4,11
5653.0,20
5653.8,10
5653.8,14
5656.4,37
5657.4,17
5658.1,21
5659.2,18
5659.2,30
5660.7,16
5660.8,0
5660.8,28
5661.4,39
5663.0,1
5663.0,31
5663.1,38
5663.3,2
5663.5,13
5664.4,29
5664.5,25
5664.8,32
5664.9,24
5665.0,20
5665.2,23
5665.6,34
5665.7,36
5666.1,8
5666.2,26
5666.3,19
5667.0,6
5667.0,7
5668.3,12
5669.0,35
5669.4,37
5671.1,15
5671.4,3
5671.7,4
5671.9,33
5673.0,9
5673.4,28
5674.0,23
5674.1,21
5675.5,0
5676.5,22
5677.1,34
5677.2,13
5678.3,18
5678.7,6
5679.0,16
5679.2,11
5679.2,39
5680.0,20
5681.5,1
5682.1,9
5682.2,7
5682.3,38
5683.0,3
5683.3,2
5683.4,14
5684.0,21
5684.1,28
5684.6,35
5685.2,5
5685.6,26
5685.7,0
5686.2,36
5686.6,37
5687.3,17
5687.4,13
5687.5,29
5687.7,16
5688.5,12
5688.7,19
5689.2,4
5691.2,18
5691.2,25
5691.4,34
5692.1,28
5694.0,11
5694.2,33
5695.2,39
5695.6,23
5696.1,1
5696.3,3
5696.5,6
5696.7,14
5696.7,21
5697.3,35
5697.5,32
5697.7,8
5697.7,31
5698.2,28
5698.5,20
5698.5,0
5698.8,13
5699.4,16
5699.7,34
5700.4,10
5701.5,9
5702.9,4
5703.2,15
5703.7,12
5704.2,7
5705.8,6
5705.8,37
5706.2,28
5706.7,18
5707.9,13
5708.1,1
5708.1,38
5710.2,2
5711.3,3
5711.3,27
5711.4,0
5711.5,21
5711.5,26
5711.7,9
5712.0,34
5712.4,14
5712.5,16
5712.6,23
5713.1,29
5713.3,5
5713.3,35
5713.8,31
5714.5,20
5715.6,13
5717.9,28
5718.3,39
5718.3,10
5719.5,37
5719.8,16
5720.0,1
5720.5,36
5720.9,25
5721.1,33
5721.9,21
5722.0,34
5722.7,32
5722.8,0
5723.1,35
5723.6,7
5723.7,12
5724.4,15
5725.2,6
5725.7,9
5725.8,28
5725.9,3
5726.0,14
5726.1,31
5726.2,8
5726.6,13
5727.3,5
5727.4,11
5727.4,19
5728.9,4
5729.0,20
5729.7,26
5731.5,21
5732.5,16
5733.2,0
5733.2,18
5733.7,34
5735.5,1
5736.8,13
5737.7,35
5738.8,7
5738.9,28
5739.1,14
5739.1,36
5739.9,23
5740.0,39
5740.2,26
5740.6,9
5741.5,20
5741.9,4
5741.9,17
5742.0,6
5742.1,29
5742.2,37
5742.3,2
5742.5,18
5742.7,3
5743.3,1
5743.3,38
5743.4,12
5743.5,34
5744.1,11
5744.2,21
5744.4,32
5746.5,0
5746.5,16
5747.3,28
5749.4,8
5750.7,5
5750.9,25
5751.4,9
5752.1,13
5752.2,19
5752.5,20
5753.7,31
5754.4,34
5754.9,33
5754.9,36
5756.3,21
5757.1,35
5757.4,3
5757.7,23
5757.8,1
5758.0,4
5758.5,32
5758.8,39
5759.0,38
5759.2,28
5759.2,29
5759.9,30
5760.2,37
5760.3,16
5760.6,6
5760.8,2
5760.9,11
5761.4,0
5761.7,7
5763.1,13
5764.6,26
5764.6,34
5765.1,14
5765.6,12
5767.3,20
5767.8,31
5768.3,8
5768.7,28
5769.3,21
5769.3,35
5769.5,7
5769.7,9
5770.6,18
5770.8,3
5772.1,23
5773.2,6
5773.2,10
5773.4,1
5774.6,0
5774.7,36
5775.6,13
5776.9,4
5777.0,19
5777.1,14
5777.1,16
5777.3,20
5778.1,15
5778.3,37
5778.6,2
5778.9,39
5779.1,28
5780.0,17
5780.4,34
5781.4,33
5781.7,18
5781.9,21
5782.3,9
5782.3,32
5784.8,7
5785.1,12
5786.2,11
5786.3,8
5786.5,23
5786.8,5
5786.9,6
5786.9,35
5787.5,1
5787.5,25
5787.8,26
5787.9,0
5787.9,29
5788.0,4
5788.1,13
5788.5,31
5789.3,28
5790.5,3
5790.7,16
5790.8,36
5793.7,34
5794.0,21
5794.8,14
5795.3,38
5796.7,20
5797.9,10
5798.0,23
5798.4,17
5798.9,39
5799.3,28
5799.5,9
5800.0,19
5800.4,33
5800.5,26
5800.5,37
5800.7,18
5800.8,1
5801.9,13
5802.5,6
5802.7,35
5803.4,16
5803.5,34
5803.6,0
5803.6,12
5803.9,31
5804.2,32
5804.9,21
5805.0,7
5805.4,3
5806.8,28
5807.7,29
5809.6,25
5810.4,15
5811.6,8
5812.0,20
5812.5,30
5812.6,14
5813.2,4
5813.8,2
5814.0,6
5814.0,16
5814.1,0
5814.1,35
5814.7,11
5814.7,26
5815.0,17
5815.4,37
5815.6,13
5815.6,36
5816.6,21
5817.2,34
5817.9,3
5818.0,12
5818.1,23
5818.2,28
5819.7,1
5820.4,9
5821.9,7
5822.2,39
5822.3,18
5822.8,16
5823.9,19
5824.8,8
5824.9,13
5825.7,33
5825.8,31
5826.2,34
5826.4,4
5826.5,21
5826.9,35
5827.2,26
5827.2,28
5827.3,23
5828.9,9
5829.3,32
5829.4,0
5830.2,20
5830.3,37
5832.4,25
5832.5,6
5832.5,38
5832.6,1
5832.9,10
5834.4,28
5835.0,12
5835.7,34
5836.5,29
5836.6,5
5836.6,11
5837.6,3
5838.2,0
5838.3,13
5838.5,16
5839.1,2
5839.1,7
5839.4,36
5840.5,14
5840.5,21
5841.3,4
5841.3,35
5842.1,23
5842.8,18
5842.9,17
5844.8,28
5845.3,31
5845.4,34
5845.7,9
5846.3,10
5846.3,26
5846.4,20
5847.1,6
5847.7,1
5848.2,39
5851.3,14
5851.7,15
5851.8,21
5853.2,3
5853.6,13
5853.6,16
5854.0,8
5854.3,0
5854.3,23
5854.5,25
5855.7,19
5855.8,9
5855.8,34
5855.8,20
5856.0,33
5856.4,32
5856.6,37
5856.6,38
5857.0,35
5857.7,28
5857.9,2
5859.1,12
5859.5,21
5859.6,11
5859.6,26
5860.5,4
5861.8,6
5862.6,36
5862.8,39
5863.0,1
5863.1,5
5864.3,22
5864.4,17
5864.7,16
5864.8,34
5865.2,7
5865.6,29
5866.2,13
5866.7,20
5867.0,31
5868.5,9
5868.7,28
5869.7,3
5869.8,0
5870.7,30
5870.8,35
5871.7,14
5872.3,10
5872.6,37
5872.9,34
5873.7,21
5873.7,23
5876.3,32
5876.5,1
5876.8,16
5876.8,26
5877.0,19
5877.1,18
5877.2,4
5877.5,11
5877.6,13
5877.8,9
5877.8,12
5877.9,6
5877.9,8
5878.3,28
5878.4,7
5878.7,25
5879.0,0
5880.2,20
5882.2,21
5883.3,3
5883.7,17
5884.0,34
5884.2,38
5885.0,33
5886.4,35
5886.7,39
5887.0,28
5887.3,15
5887.4,36
5887.6,4
5887.6,31
5888.6,2
5888.9,12
5889.1,29
5889.8,18
5890.0,23
5890.6,13
5891.8,19
5892.1,6
5893.9,1
5894.4,37
5894.6,9
5894.7,0
5895.1,3
5895.1,16
5895.2,34
5895.4,20
5895.4,21
5895.6,8
5895.6,32
5896.0,22
5896.2,11
5897.2,14
5899.0,28
5900.1,23
5900.9,25
5901.4,1
5901.9,29
5902.2,13
5902.4,35
5902.7,7
5903.4,0
5903.5,9
5903.8,17
5903.9,12
5903.9,16
5903.9,26
5905.3,4
5906.9,34
5908.5,21
5911.1,36
5911.3,3
5912.8,18
5912.8,28
5912.8,31
5913.1,23
5913.3,14
5913.4,35
5913.4,39
5913.6,6
5914.1,29
5914.3,2
5915.0,0
5916.0,13
5916.7,33
5917.1,20
5917.2,26
5917.5,1
5917.8,34
5917.9,21
5918.0,11
5919.1,5
5919.4,7
5919.6,38
5919.7,37
5920.2,9
5920.2,10
5920.6,16
5921.0,32
5921.2,4
5923.3,8
5923.8,28
5925.7,0
5926.3,3
5926.5,12
5926.9,35
5927.8,13
5928.3,25
5928.6,6
5928.9,21
5929.0,1
5930.9,7
5931.2,4
5931.5,19
5931.5,23
5932.3,37
5933.2,31
5933.6,34
5934.1,29
5934.3,39
5934.4,26
5934.4,28
5935.7,9
5936.6,0
5936.9,25
5937.1,27
5938.2,16
5938.7,20
5939.6,8
5939.6,13
5939.6,15
5939.6,36
5939.7,6
5939.7,14
5939.7,24
5940.0,18
5940.1,21
5940.5,32
5940.6,3
5940.6,17
5942.4,1
5943.3,34
5943.7,11
5945.1,28
5947.7,26
5948.7,10
5948.8,0
5948.9,22
5949.3,35
5949.4,12
5949.8,13
5950.1,9
5950.8,18
5950.9,7
5950.9,16
5951.2,4
5951.3,20
5951.8,23
5952.1,6
5952.5,33
5953.0,28
5953.2,37
5953.4,2
5953.7,38
5953.8,14
5955.7,1
5955.7,34
5955.9,21
5956.2,29
5956.4,3
5957.1,12
5957.4,36
5957.5,39
5958.2,31
5958.7,0
5960.1,23
5960.2,2
5960.4,7
5960.6,11
5960.6,30
5960.7,13
5960.9,16
5961.8,8
5962.9,17
5964.1,26
5964.4,32
5964.7,35
5965.0,9
5965.4,28
5965.9,19
5966.6,6
5966.6,20
5966.8,1
5966.8,0
5966.8,37
5967.1,21
5967.4,34
5967.6,18
5968.3,4
5970.8,3
5971.4,16
5971.7,36
5972.6,13
5973.2,2
5975.5,5
5976.0,34
5976.5,12
5976.7,21
5977.8,28
5978.1,29
5978.3,39
5978.7,7
5978.8,38
5979.2,0
5979.9,31
5980.4,1
5980.4,9
5981.5,33
5982.3,23
5982.7,11
5983.2,20
5984.3,10
5984.8,21
5984.9,37
5985.4,6
5985.4,18
5985.6,4
5985.6,16
5985.9,13
5985.9,35
5986.0,32
5986.5,17
5986.6,8
5986.6,19
5986.6,3
5986.6,14
5987.0,22
5987.2,15
5987.2,26
5987.3,12
5988.7,1
5988.7,28
5989.1,34
5990.4,0
5992.2,2
5993.0,9
5994.3,7
5994.4,33
5994.4,36
5994.7,13
5996.3,20
5997.7,25
5998.3,16
5998.6,38
5999.1,28
5999.8,29
6000.7,17
6000.7,21
6000.7,4
6001.1,23
6001.2,3
6001.2,35
6001.5,0
6001.7,8
6001.7,31
6002.1,6
6002.1,18
6002.2,1
6003.4,14
6004.3,34
6005.2,37
6005.8,11
6006.4,39
6006.8,26
6007.2,20
6008.6,10
6008.7,9
6010.0,12
6010.2,16
6010.5,13
6010.7,18
6010.8,0
6010.9,1
6011.5,17
6011.5,28
6013.8,34
6014.4,7
6014.8,2
6014.8,21
6015.0,23
6015.3,37
6015.7,3
6015.7,29
6015.8,33
6016.8,4
6017.0,5
6017.1,0
6017.4,20
6018.0,1
6018.4,38
6019.0,32
6021.3,13
6021.8,36
6022.2,21
6022.3,28
6022.6,16
6023.6,31
6023.6,35
6024.1,30
6024.2,6
6024.2,14
6024.2,15
6024.5,19
6024.5,34
6025.3,26
6025.8,11
6026.0,8
6026.0,9
6026.8,0
6027.0,7
6028.5,39
6029.3,1
6030.4,12
6031.3,3
6031.8,36
6032.4,20
6033.7,28
6033.8,38
6033.9,13
6033.9,25
6034.3,23
6034.6,2
6034.8,4
6034.9,16
6035.0,29
6035.4,21
6035.6,9
6035.7,8
6035.7,34
6036.7,32
6037.1,37
6037.3,6
6038.3,18
6039.7,0
6040.8,28
6042.6,13
6043.0,35
6043.2,11
6043.3,16
6043.5,7
6043.6,14
6044.7,1
6045.7,3
6046.3,10
6048.0,23
6048.2,20
6049.1,26
6049.5,0
6049.5,37
6050.0,12
6050.0,39
6050.4,21
6050.5,33
6050.9,34
6051.6,16
6053.1,4
6053.2,17
6053.6,28
6053.7,36
6054.9,31
6055.5,1
6055.5,6
6055.8,8
6056.1,19
6056.9,13
6057.4,21
6057.7,9
6058.2,3
6058.3,5
6058.6,20
6058.8,14
6059.2,35
6059.4,2
6059.7,37
6059.9,26
6060.2,32
6063.2,34
6063.4,7
6063.4,8
6063.4,25
6064.1,16
6064.3,0
6064.7,29
6065.0,4
6065.3,23
6065.4,1
6065.6,18
6066.1,9
6066.1,11
6066.7,28
6067.0,13
6067.2,12
6070.4,35
6070.5,6
6071.3,21
6072.5,38
6072.8,20
6072.9,15
6073.4,33
6074.5,26
6074.6,10
6074.7,27
6074.9,0
6075.2,34
6075.4,31
6075.6,39
6075.8,19
6075.9,28
6078.3,7
6078.9,16
6079.0,14
6079.6,13
6080.2,9
6080.5,8
6080.6,30
6081.3,18
6081.8,32
6081.9,3
6081.9,37
6082.9,17
6083.2,21
6084.1,4
6084.5,36
6085.0,1
6085.6,6
6087.6,0
6087.9,35
6088.1,20
6088.2,34
6089.3,23
6089.3,26
6089.6,31
6089.7,2
6091.2,11
6091.2,21
6091.2,25
6091.4,16
6091.5,28
6091.6,12
6091.8,13
6092.5,9
6092.8,29
6093.0,3
6093.5,1
6095.7,0
6096.0,6
6096.8,14
6097.6,7
6098.2,32
6098.6,5
6098.7,4
6098.7,34
6099.7,28
6100.7,19
6100.8,37
6101.0,38
6101.3,35
6101.8,16
6102.0,21
6102.1,23
6102.2,3
6102.3,20
6102.5,13
6103.0,15
6103.2,8
6103.3,17
6103.6,39
6103.7,1
6104.9,26
6105.1,11
6106.0,12
6107.7,9
6108.8,0
6109.0,6
6109.5,36
6110.8,28
6111.4,18
6111.6,34
6111.9,30
6112.4,23
6113.4,31
6114.4,7
6114.7,13
6114.8,14
6114.8,29
6114.9,1
6117.4,4
6117.4,16
6118.8,35
6119.2,0
6119.7,21
6121.0,20
6121.5,3
6121.5,9
6121.6,26
6122.3,19
6122.3,28
6122.3,33
6122.4,2
6122.9,6
6123.4,12
6123.4,37
6124.8,1
6125.5,15
6125.7,38
6125.9,22
6126.2,23
6127.2,10
6127.2,14
6127.5,34
6127.7,17
6128.4,21
6129.3,13
6129.9,26
6129.9,32
6130.8,7
6131.9,0
6132.0,25
6132.2,28
6134.0,18
6134.2,16
6134.5,4
6135.1,31
6135.2,27
6135.9,35
6136.7,8
6137.4,9
6137.9,29
6138.1,11
6139.1,39
6139.2,23
6139.4,20
6139.6,6
6140.1,13
6140.5,34
6140.8,1
6140.8,3
6141.1,37
6141.4,19
6141.4,36
6142.0,21
6142.0,38
6143.1,26
6143.1,33
6143.2,0
6143.8,2
6143.9,5
6144.0,28
6147.1,12
6148.2,29
6148.4,7
6148.8,14
6149.5,4
6149.6,23
6150.3,6
6150.4,0
6150.9,20
6151.1,16
6153.1,13
6153.1,9
6153.6,1
6154.0,10
6154.3,21
6154.6,3
6155.0,35
6155.2,34
6155.4,38
6155.7,17
6156.1,28
6156.1,37
6157.1,18
6157.9,25
6158.1,2
6158.1,26
6158.2,8
6158.2,36
6159.1,16
6159.2,22
6160.0,6
6161.3,12
6161.5,0
6161.9,4
6162.3,21
6162.6,14
6162.9,13
6163.0,20
6163.2,30
6163.6,1
6163.6,32
6164.3,7
6164.7,5
6165.2,31
6165.2,39
6165.7,15
6166.1,28
6166.5,26
6166.5,23
6166.8,34
6168.0,29
6169.5,3
6169.7,10
6170.1,19
6171.1,33
6171.2,37
6172.1,13
6172.2,9
6172.3,11
6172.3,21
6173.0,35
6173.2,16
6173.6,34
6174.4,17
6174.5,0
6174.5,20
6174.5,36
6175.0,18
6175.4,2
6175.8,6
6177.5,28
6178.1,12
6178.2,26
6178.5,7
6179.8,4
6180.2,38
6180.2,14
6180.7,8
6180.7,23
6181.7,1
6183.0,21
6183.2,39
6183.5,31
6184.8,34
6185.7,3
6185.8,20
6186.0,35
6186.3,9
6186.7,0
6186.7,37
6187.6,25
6187.9,6
6187.9,11
6187.9,13
6187.9,28
6188.0,32
6188.5,21
6188.9,16
6189.4,26
6190.0,2
6193.6,23
6194.6,34
6195.6,14
6196.3,19
6196.4,36
6196.7,31
6196.8,29
6197.1,1
6197.4,16
6197.7,13
6197.9,20
6198.8,35
6198.9,28
6198.9,37
6199.4,6
6199.6,18
6200.0,12
6200.3,0
6200.9,3
6200.9,39
6201.1,15
6201.1,21
6201.9,22
6202.7,10
6203.2,9
6203.6,34
6204.3,2
6204.5,11
6204.6,8
6205.4,26
6205.6,7
6206.7,23
6206.8,13
6206.9,25
6207.1,17
6207.7,33
6209.9,4
6210.5,20
6210.5,28
6210.7,0
6211.2,38
6211.6,35
6211.9,5
6212.1,1
6212.2,16
6213.2,18
6215.6,3
6215.6,6
6216.0,21
6217.3,9
6217.6,34
6218.3,28
6218.8,14
6219.1,23
6219.1,29
6219.2,12
6219.2,31
6219.7,25
6219.7,37
6219.9,13
6220.4,11
6222.4,1
6222.9,32
6223.1,16
6224.1,26
6224.4,19
6224.7,21
6226.3,39
6226.6,35
6226.9,8
6227.0,0
6227.0,2
6227.4,20
6227.6,7
6228.1,34
6228.8,3
6229.0,36
6229.7,28
6230.5,6
6230.8,5
6231.9,29
6232.8,13
6234.0,31
6234.3,12
6234.4,4
6235.8,1
6235.8,10
6236.1,16
6236.4,35
6236.6,38
6237.0,20
6237.2,0
6238.2,34
6238.5,21
6239.0,11
6240.7,9
6241.2,23
6241.5,28
6241.7,8
6242.4,39
6242.7,17
6242.7,37
6242.9,18
6243.0,26
6243.2,14
6243.7,36
6243.8,13
6244.6,6
6244.6,19
6244.6,33
6245.6,3
6246.1,34
6246.4,7
6247.1,0
6247.2,25
6247.4,32
6247.6,12
6247.9,21
6248.4,1
6249.2,23
6250.3,20
6251.3,9
6251.3,35
6251.6,28
6251.9,11
6251.9,16
6255.2,13
6255.2,22
6256.3,5
6257.0,17
6257.1,4
6257.1,39
6258.1,3
6258.1,8
6258.2,14
6258.7,10
6258.7,26
6258.8,0
6259.2,12
6259.5,6
6259.5,29
6259.9,34
6260.0,21
6260.0,38
6261.3,35
6263.6,2
6265.6,28
6265.8,20
6265.9,1
6265.9,9
6265.9,13
6265.9,18
6265.9,23
6266.7,15
6267.4,16
6268.2,25
6268.6,36
6269.5,7
6269.8,37
6270.1,11
6270.8,21
6271.0,19
6271.0,34
6271.1,31
6271.7,3
6272.7,4
6273.0,0
6273.0,32
6273.2,14
6273.2,26
6273.5,2
6274.2,13
6274.3,8
6275.7,28
6276.1,20
6276.4,6
6276.6,17
6276.9,9
6277.6,35
6277.6,37
6278.8,33
6278.9,1
6279.2,29
6279.6,12
6280.7,23
6280.7,39
6280.8,36
6280.8,16
6282.3,31
6282.7,21
6284.8,13
6285.2,7
6285.2,34
6286.0,18
6287.8,26
6287.9,20
6288.8,0
6289.3,28
6289.4,8
6289.5,11
6289.9,25
6290.1,3
6291.1,9
6291.2,14
6291.8,4
6292.2,6
6292.2,16
6292.6,19
6292.8,34
6293.2,35
6293.8,23
6293.9,5
6294.7,37
6295.2,21
6296.4,32
6297.0,1
6297.9,0
6298.1,38
6298.2,13
6298.2,17
6299.7,12
6300.6,20
6301.7,28
6302.7,16
6303.1,26
6303.7,29
6304.2,35
6304.3,39
6304.8,14
6304.9,34
6305.1,1
6305.7,36
6306.0,7
6306.1,21
6306.3,15
6306.4,2
6306.5,4
6306.5,8
6306.9,18
6306.9,23
6307.5,6
6307.7,9
6308.5,3
6308.8,37
6309.4,0
6310.3,31
6310.4,13
6312.1,28
6313.0,34
6313.1,11
6313.1,12
6315.3,16
6317.3,0
6317.3,21
6317.6,19
6317.7,20
6318.7,6
6319.5,14
6320.8,33
6321.2,17
6321.7,10
6322.1,28
6322.1,35
6322.3,23
6322.4,25
6323.3,39
6323.5,2
6323.9,1
6323.9,18
6324.1,29
6324.3,7
6324.4,26
6324.8,36
6324.9,3
6325.0,37
6325.4,4
6325.4,8
6326.2,13
6326.2,15
6326.3,0
6326.3,11
6328.2,16
6329.2,21
6329.9,34
6329.9,6
6330.7,9
6332.3,32
6333.0,20
6333.5,12
6334.2,14
6334.2,28
6334.6,36
6334.7,5
6334.9,13
6337.0,38
6337.8,33
6338.3,37
6338.6,23
6338.6,39
6339.5,35
6340.0,16
6340.2,4
6340.6,0
6341.4,7
6341.4,11
6341.5,1
6341.5,3
6341.7,18
6342.8,19
6343.2,29
6344.3,2
6344.7,28
6345.0,21
6345.7,14
6345.8,26
6346.0,9
6346.2,31
6346.4,34
6346.5,13
6346.7,25
6346.8,36
6347.6,20
6347.9,35
6348.3,6
6348.4,17
6348.5,37
6348.9,8
6349.6,12
6350.9,23
6352.3,27
6353.2,1
6354.1,34
6354.3,3
6354.3,16
6354.3,30
6354.5,0
6354.6,10
6354.6,21
6355.4,13
6355.8,28
6357.1,7
6357.3,11
6359.0,36
6359.2,32
6359.9,8
6360.0,38
6360.1,4
6361.0,18
6361.3,39
6361.4,16
6361.9,33
6362.0,9
6362.4,1
6362.5,34
6362.6,20
6363.0,35
6363.8,6
6363.8,12
6365.0,2
6365.0,13
6365.3,23
6365.5,0
6365.8,26
6366.4,21
6367.0,15
6367.0,29
6367.3,28
6367.7,3
6367.9,5
6371.3,37
6371.9,25
6372.6,13
6373.0,31
6373.7,7
6374.1,12
6374.2,16
6374.3,14
6374.3,19
6375.4,39
6377.2,28
6377.4,1
6378.6,34
6379.3,9
6379.7,8
6379.8,20
6379.8,37
6381.4,35
6381.9,0
6382.1,6
6382.4,17
6383.7,3
6384.3,21
6384.9,11
6385.2,29
6387.1,18
6387.1,32
6387.3,10
6387.5,13
6388.1,39
6388.8,16
6389.2,34
6390.0,36
6391.3,7
6392.3,4
6392.4,28
6392.8,31
6393.4,20
6394.2,1
6394.3,0
6394.3,23
6394.5,9
6394.5,25
6395.0,22
6395.1,38
6395.3,26
6395.6,2
6396.1,6
6396.5,12
6396.5,37
6396.6,33
6396.6,34
6396.7,8
6397.4,14
6398.4,21
6401.0,3
6401.3,28
6401.4,13
6401.6,16
6402.6,35
6403.4,1
6403.4,32
6403.6,11
6404.5,29
6405.2,18
6406.3,0
6406.3,5
6406.7,38
6406.9,19
6407.9,21
6409.9,9
6410.3,20
6410.8,13
6411.0,2
6411.4,17
6412.0,28
6412.1,34
6412.6,6
6412.6,7
6412.9,37
6413.2,4
6413.3,14
6413.3,15
6414.4,22
6414.6,31
6414.6,33
6415.0,39
6415.2,0
6415.3,23
6415.6,21
6415.6,26
6415.9,8
6416.2,36
6416.8,3
6418.3,12
6419.5,28
6419.5,35
6419.7,1
6421.3,16
6422.4,25
6422.5,11
6423.3,10
6423.9,13
6424.8,6
6425.2,18
6425.4,7
6425.4,9
6425.5,29
6425.6,21
6425.9,38
6426.0,20
6426.3,37
6426.5,4
6426.6,26
6426.6,34
6427.4,0
6427.8,8
6429.0,3
6429.3,39
6430.8,16
6431.3,23
6431.7,1
6432.1,28
6432.9,31
6433.8,5
6434.3,14
6434.8,32
6437.3,19
6438.1,9
6438.5,12
6438.9,34
6439.1,26
6439.1,35
6439.5,0
6439.7,17
6439.7,13
6440.5,37
6440.9,6
6440.9,21
6441.5,2
6441.8,4
6441.8,7
6443.0,8
6443.0,28
6443.7,20
6444.2,11
6444.6,16
6445.4,36
6445.8,9
6446.0,1
6446.0,31
6446.1,18
6446.1,25
6447.7,15
6448.5,23
6449.8,4
6450.2,0
6450.4,34
6450.6,12
6451.7,35
6452.7,2
6452.7,6
6453.1,3
6453.1,29
6453.7,13
6453.7,33
6454.6,14
6454.9,28
6454.9,5
6455.7,21
6456.0,23
6459.3,7
6459.6,16
6459.8,32
6459.9,10
6460.6,37
6460.9,9
6461.0,31
6461.4,1
6461.6,18
6461.7,8
6461.7,39
6462.2,34
6463.1,36
6463.6,20
6464.1,0
6464.7,38
6465.4,26
6465.8,13
6465.9,17
6466.2,2
6466.4,21
6467.0,23
6467.1,4
6467.3,19
6467.4,6
6468.1,11
6468.8,3
6468.8,12
6468.9,35
6469.7,1
6470.1,28
6470.3,16
6470.6,37
6472.1,14
6473.2,7
6474.6,25
6475.0,29
6475.8,34
6476.2,38
6476.5,28
6477.6,13
6478.6,9
6478.9,26
6479.6,16
6480.1,0
6480.3,3
6480.5,8
6480.8,1
6481.1,21
6481.6,22
6482.4,5
6482.4,12
6482.5,20
6482.7,36
6482.8,6
6483.0,31
6483.3,35
6483.7,18
6483.9,33
6484.9,23
6485.0,32
6485.1,28
6485.2,39
6486.8,15
6487.5,11
6488.0,13
6488.8,37
6489.1,34
6490.0,4
6490.6,26
6491.3,1
6491.5,14
6491.5,16
6491.8,0
6492.1,21
6492.6,23
6493.2,28
6494.9,9
6496.8,12
6497.1,35
6497.4,20
6497.5,2
6497.7,10
6499.0,39
6499.2,3
6499.4,38
6499.5,7
6499.8,17
6500.1,19
6500.3,6
6501.0,13
6503.2,1
6503.3,28
6503.3,37
6504.0,21
6504.3,8
6504.3,36
6505.5,16
6505.8,0
6506.3,14
6506.8,20
6507.0,31
6507.4,4
6508.6,3
6509.6,34
6510.4,26
6511.0,18
6511.1,13
6511.7,15
6512.1,9
6512.1,25
6512.6,11
6512.8,23
6512.9,16
6513.2,6
6513.7,29
6514.3,12
6515.1,1
6515.1,10
6515.6,33
6515.9,35
6516.2,37
6517.0,32
6517.1,28
6517.4,7
6517.7,0
6517.9,17
6518.1,13
6519.8,8
6519.8,20
6520.9,21
6521.1,5
6522.2,34
6523.6,14
6524.4,2
6526.2,36
6526.3,9
6526.5,28
6527.5,16
6528.1,7
6528.4,3
6528.7,35
6528.9,0
6528.9,13
6529.1,6
6529.3,21
6529.5,30
6529.5,38
6529.8,4
6531.8,26
6532.6,33
6533.1,18
6533.1,20
6533.6,1
6533.8,29
6535.3,25
6536.1,23
6537.0,39
6537.3,12
6537.8,21
6538.1,35
6538.3,37
6538.5,13
6538.5,34
6538.7,0
6539.3,3
6539.4,27
6539.5,14
6540.1,6
6540.1,11
6540.1,17
6540.2,31
6540.5,8
6540.5,15
6541.2,28
6541.7,32
6541.7,38
6542.1,4
6542.1,36
6544.7,9
6545.9,18
6546.5,21
6547.0,7
6547.2,16
6547.3,20
6547.5,10
6548.6,5
6549.3,19
6549.8,34
6550.3,37
6551.5,13
6551.9,28
6552.0,0
6552.0,1
6553.1,2
6554.2,39
6554.4,26
6554.4,29
6554.4,35
6554.6,11
6555.0,8
6555.8,17
6556.0,14
6556.6,33
6556.9,6
6557.3,12
6557.4,3
6557.8,28
6557.9,9
6558.4,22
6558.5,23
6559.0,25
6559.6,0
6560.1,20
6561.9,16
6561.9,21
6562.2,38
6562.4,4
6562.6,1
6563.4,34
6564.5,7
6564.6,13
6566.0,18
6566.9,11
6567.5,29
6567.7,33
6567.7,36
6568.0,26
6568.5,6
6568.5,32
6568.6,9
6569.2,28
6570.7,14
6570.7,23
6570.8,35
6571.7,12
6571.8,16
6572.2,21
6572.6,34
6573.7,13
6574.4,20
6574.4,31
6574.7,3
6575.5,0
6575.5,37
6577.3,17
6577.3,39
6577.7,36
6577.9,8
6579.3,1
6579.3,25
6579.3,26
6579.3,28
6579.7,10
6579.7,38
6580.1,4
6580.1,9
6580.3,5
6580.9,2
6580.9,6
6583.7,19
6584.1,7
6584.1,16
6584.9,32
6586.4,29
6586.7,13
6587.0,35
6588.0,28
6588.1,15
6588.5,12
6588.6,0
6588.6,37
6588.9,21
6589.6,23
6589.6,34
6589.7,1
6589.8,14
6590.2,3
6590.2,5
6591.0,18
6591.4,16
6592.6,26
6593.2,20
6593.5,4
6594.7,8
6594.7,25
6594.9,6
6596.4,1
6597.2,21
6599.0,2
6599.1,36
6599.4,0
6599.8,10
6599.9,11
6600.3,34
6600.8,13
6601.2,7
6601.9,28
6602.5,31
6602.6,9
6604.0,35
6604.4,23
6604.4,29
6604.6,12
6604.7,37
6605.1,33
6605.4,19
6605.6,8
6605.6,20
6606.8,1
6607.7,16
6607.8,3
6608.4,0
6608.7,5
6608.7,18
6608.8,17
6609.1,38
6609.6,26
6609.8,39
6611.3,21
6612.3,28
6612.9,7
6613.3,13
6613.3,14
6613.3,25
6615.8,24
6616.4,6
6616.5,34
6616.5,35
6616.8,15
6616.8,37
6617.1,9
6618.7,4
6620.0,20
6621.0,31
6621.7,19
6622.0,0
6622.2,11
6622.6,13
6622.7,32
6622.9,10
6623.0,22
6623.3,36
6623.6,23
6623.7,1
6625.5,39
6626.4,3
6626.5,26
6626.7,28
6627.0,29
6627.2,16
6627.3,21
6628.0,9
6628.1,33
6628.3,35
6628.4,12
6629.2,4
6629.2,8
6629.4,6
6629.7,7
6629.7,34
6629.9,14
6630.0,20
6630.3,27
6630.6,0
6631.8,18
6635.5,1
6635.8,13
6636.5,31
6636.8,2
6636.8,23
6637.3,37
6637.4,25
6637.7,28
6638.3,34
6639.4,16
6640.2,21
6640.6,11
6640.7,7
6640.8,12
6641.3,20
6641.3,26
6641.4,0
6641.5,17
6642.9,35
6644.1,3
6644.2,18
6646.4,38
6647.1,10
6647.4,32
6647.6,4
6647.9,39
6648.0,37
6649.2,28
6650.0,36
6650.3,16
6650.9,6
6650.9,14
6652.0,20
6652.2,21
6652.3,0
6652.8,15
6653.4,34
6653.6,29
6653.8,9
6654.2,8
6654.6,23
6655.0,1
6655.0,31
6656.6,13
6656.9,12
6657.7,26
6657.9,28
6658.0,19
6659.4,35
6659.8,3
6662.1,20
6662.5,5
6662.6,36
6663.0,39
6663.1,16
6663.1,33
6663.2,4
6663.2,37
6663.8,9
6663.8,21
6664.1,11
6664.4,7
6664.4,14
6665.7,0
6665.8,13
6665.8,30
6666.0,34
6666.1,29
6666.2,6
6666.8,2
6667.4,23
6668.0,32
6668.6,17
6668.8,1
6669.0,28
6670.3,26
6670.5,18
6671.3,38
6672.7,35
6673.8,3
6675.1,31
6675.1,37
6675.3,16
6675.4,8
6676.0,4
6676.2,22
6676.5,21
6676.9,20
6677.4,25
6677.5,34
6677.6,0
6678.2,28
6678.7,1
6679.1,23
6679.6,13
6679.9,18
6680.3,12
6680.4,19
6681.0,6
6681.1,9
6683.6,29
6685.8,14
6685.9,3
6685.9,7
6686.1,10
6686.1,26
6687.1,34
6687.2,11
6687.6,21
6687.7,8
6687.7,35
6687.8,20
6688.1,15
6688.1,36
6689.3,9
6689.3,39
6689.9,28
6690.1,37
6690.8,4
6690.9,0
6691.3,16
6692.0,30
6692.5,13
6694.9,12
6695.2,6
6695.2,32
6695.8,1
6695.9,17
6696.2,24
6697.0,33
6698.9,31
6699.1,2
6699.2,38
6699.4,23
6700.9,13
6702.1,29
6702.1,35
6702.9,28
6703.0,9
6703.5,34
6703.9,16
6704.4,6
6704.8,21
6704.9,37
6705.0,10
6706.2,3
6706.2,39
6706.5,20
6706.9,18
6707.7,0
6707.7,1
6707.9,26
6708.6,8
6708.7,4
6708.7,7
6711.4,23
6712.0,34
6712.3,25
6713.8,36
6713.9,28
6714.6,12
6715.2,5
6715.4,38
6716.0,14
6717.0,26
6717.2,9
6717.6,21
6717.8,16
6718.6,3
6719.1,35
6719.6,20
6719.8,11
6720.6,1
6721.2,13
6721.6,29
6721.9,4
6722.1,39
6722.6,6
6722.7,7
6722.8,32
6723.5,2
6723.5,19
6723.5,33
6724.1,31
6724.4,17
6724.5,0
6725.1,34
6725.5,15
6725.9,21
6726.2,16
6726.8,23
6727.9,28
6728.4,13
6728.8,8
6730.6,35
6731.3,20
6732.3,18
6733.1,9
6734.5,0
6734.8,6
6735.1,38
6735.2,26
6737.5,3
6738.3,2
6738.8,1
6739.6,7
6739.7,28
6739.7,31
6740.1,21
6740.7,12
6740.7,20
6740.7,34
6741.6,13
6742.9,4
6743.5,23
6743.6,39
6743.7,33
6743.8,14
6743.8,3
6743.8,8
6743.8,16
6744.6,0
6744.9,36
6744.9,37
6745.2,9
6745.3,11
6745.6,32
6746.1,10
6746.8,25
6747.8,34
6748.4,1
6749.9,28
6750.0,35
6750.3,18
6750.7,20
6750.7,21
6750.9,6
6751.1,0
6752.0,23
6752.1,26
6752.2,12
6752.6,29
6753.0,4
6753.8,13
6754.0,19
6754.5,7
6755.1,31
6755.5,9
6756.6,37
6756.9,34
6757.0,16
6757.8,14
6757.9,15
6758.0,17
6758.2,8
6758.4,5
6758.6,27
6758.6,28
6758.7,21
6760.7,3
6762.4,36
6763.9,2
6764.9,13
6765.8,35
6766.3,20
6766.8,23
6767.0,0
6767.6,26
6767.7,1
6767.9,18
6767.9,38
6768.0,10
6768.7,6
6769.2,4
6769.5,19
6769.5,34
6769.8,16
6770.1,33
6770.2,8
6770.2,12
6771.6,9
6771.7,28
6772.2,37
6772.6,7
6774.1,25
6774.9,14
6775.0,13
6775.2,32
6775.3,21
6775.8,1
6776.1,11
6777.7,20
6778.1,15
6778.2,9
6778.4,36
6778.6,3
6779.5,5
6779.5,29
6779.6,16
6779.6,31
6779.8,0
6779.8,28
6780.8,6
6782.2,34
6782.9,21
6784.0,37
6784.3,39
6784.7,35
6785.2,12
6785.6,13
6787.7,26
6788.0,27
6788.2,8
6788.5,23
6789.1,1
6789.2,33
6789.3,20
6790.7,4
6791.0,0
6793.3,2
6793.4,29
6794.3,10
6795.2,7
6795.2,38
6795.3,14
6795.3,36
6795.6,19
6795.6,34
6796.1,16
6796.2,1
6797.2,18
6797.2,21
6797.7,28
6797.7,31
6798.1,11
6798.4,5
6798.6,30
6798.8,3
6799.0,32
6799.3,22
6799.3,35
6799.6,13
6800.1,23
6800.4,17
6800.5,27
6801.0,0
6803.7,37
6806.1,6
6807.4,1
6807.4,12
6808.3,20
6808.6,4
6808.6,13
6808.7,34
6808.8,8
6808.8,9
6810.0,15
6810.0,21
6810.7,25
6810.7,28
6810.9,31
6811.0,26
6811.1,39
6811.8,7
6812.2,0
6813.8,16
6815.7,2
6816.1,19
6817.4,37
6818.0,9
6818.5,34
6818.6,18
6818.9,38
6819.2,35
6819.4,12
6819.8,0
6819.9,1
6821.0,3
6821.0,20
6821.2,23
6822.1,13
6822.8,17
6822.9,16
6822.9,21
6822.9,28
6823.1,29
6823.9,8
6824.3,36
6825.2,4
6825.7,11
6827.5,14
6828.6,6
6830.1,7
6830.1,26
6831.2,1
6831.3,9
6831.4,0
6831.6,3
6832.6,34
6832.9,28
6833.1,10
6833.3,16
6833.4,18
6833.9,21
6834.1,13
6834.2,31
6834.3,37
6834.8,33
6834.9,39
6835.2,32
6835.7,35
6835.8,20
6836.4,12
6837.4,0
6839.0,4
6839.3,17
6840.2,11
6841.8,34
6842.0,5
6842.8,36
6843.1,8
6843.3,38
6843.4,1
6844.2,14
6844.4,7
6844.4,28
6845.0,26
6845.1,19
6845.1,23
6845.6,25
6845.8,22
6846.0,3
6846.0,6
6846.0,21
6846.0,29
6846.4,13
6846.5,12
6847.1,37
6847.6,9
6847.9,35
6848.2,2
6848.2,4
6848.4,16
6848.4,20
6849.5,0
6850.3,18
6851.6,34
6852.1,31
6854.4,23
6854.6,39
6855.3,32
6855.5,15
6856.7,1
6857.8,3
6858.4,9
6859.0,28
6859.3,13
6859.3,5
6859.6,36
6859.8,4
6860.3,6
6862.0,26
6862.3,20
6863.2,16
6863.3,0
6863.6,21
6863.7,7
6863.7,35
6864.1,18
6865.3,8
6865.3,27
6865.5,14
6866.7,34
6867.0,23
6867.0,30
6867.2,37
6867.7,11
6869.5,33
6870.7,29
6870.8,28
6871.7,39
6872.1,1
6872.2,2
6872.6,20
6873.1,12
6873.1,21
6874.0,16
6874.2,13
6874.2,31
6874.9,34
6875.9,6
6876.4,22
6877.0,9
6877.2,26
6877.5,0
6877.5,23
6877.6,3
6877.6,19
6877.9,28
6878.1,10
6878.8,7
6879.3,8
6879.9,14
6880.2,37
6880.9,32
6881.4,18
6881.4,20
6883.0,35
6883.1,4
6883.5,17
6883.6,21
6883.7,13
6884.1,1
6884.3,38
6884.5,3
6885.3,16
6885.6,6
6887.9,28
6888.6,11
6889.6,0
6889.6,9
6890.7,34
6892.1,2
6892.5,21
6893.0,31
6893.1,15
6893.1,29
6893.2,23
6893.7,14
6893.9,7
6895.0,1
6895.3,19
6895.7,6
6896.6,13
6897.3,37
6897.4,25
6897.4,39
6897.5,18
6897.8,8
6898.0,16
6898.3,20
6898.7,26
6899.0,12
6899.4,38
6900.1,10
6900.5,3
6900.6,34
6900.7,9
6900.9,36
6901.1,28
6902.3,35
6902.5,33
6902.7,5
6904.4,7
6907.2,0
6907.3,16
6908.6,31
6908.7,23
6909.0,17
6909.2,6
6909.7,13
6910.0,1
6910.1,32
6910.3,4
6910.3,21
6910.7,8
6911.5,28
6914.3,20
6915.5,29
6915.9,14
6916.3,12
6916.3,34
6916.3,37
6916.3,39
6916.5,26
6917.3,9
6917.8,35
6918.0,13
6918.2,36
6918.3,11
6918.8,0
6919.2,38
6919.3,7
6919.5,6
6921.6,3
6923.0,17
6923.0,28
6923.1,8
6923.1,21
6923.8,4
6924.0,2
6924.5,16
6925.0,25
6925.8,18
6926.7,34
6927.1,20
6927.2,1
6929.1,28
6929.6,0
6929.6,13
6929.7,14
6929.8,36
6930.0,37
6930.4,26
6930.5,35
6930.6,32
6930.7,9
6930.9,23
6931.3,38
6931.3,16
6932.2,12
6934.2,11
6934.9,7
6935.7,19
6936.4,34
6936.8,3
6936.9,4
6937.0,29
6937.5,21
6938.5,10
6938.9,28
6939.5,39
6939.8,6
6940.0,1
6940.7,8
6940.7,23
6941.0,31
6941.1,0
6941.3,9
6941.3,13
6943.0,25
6947.1,2
6947.4,20
6947.7,34
6947.9,37
6948.1,16
6948.7,21
6949.2,36
6949.3,28
6949.3,35
6949.4,4
6949.4,12
6949.7,3
6949.9,33
6950.1,17
6950.2,1
6950.8,0
6950.8,18
6951.9,11
6952.0,13
6952.2,14
6952.5,39
6954.4,32
6954.7,6
6956.7,23
6957.0,26
6958.0,7
6958.0,21
6958.0,34
6958.4,9
6958.4,28
6959.6,20
6961.7,31
6962.0,8
6962.7,1
6962.8,16
6963.2,0
6963.2,3
6963.5,29
6963.5,38
6963.6,19
6964.2,10
6964.9,13
6965.0,37
6965.2,36
6966.1,21
6966.1,35
6967.2,6
6967.4,12
6967.6,34
6968.0,28
6969.0,2
6969.1,39
6969.6,7
6969.6,9
6970.1,18
6972.4,16
6972.8,11
6973.0,33
6973.1,32
6973.4,23
6973.5,26
6973.7,14
6974.1,20
6974.2,13
6974.3,1
6974.5,4
6975.0,27
6975.1,0
6976.0,35
6976.5,22
6976.7,15
6978.8,21
6979.6,28
6980.1,25
6980.3,34
6980.8,5
6980.8,17
6981.3,37
6983.6,38
6983.8,13
6984.2,8
6984.5,0
6984.5,6
6985.2,7
6986.2,23
6986.3,16
6988.0,36
6988.1,31
6988.2,11
6988.8,3
6989.5,26
6989.6,9
6990.0,1
6990.1,18
6991.1,34
6991.2,35
6991.5,21
6991.5,28
6992.0,29
6992.3,13
6992.7,20
6995.4,39
6996.7,0
6996.8,2
6997.7,12
6997.7,14
6999.1,16
6999.2,32
6999.5,4
6999.8,1
7000.2,23
7000.5,9
7000.7,10
7000.7,37
7000.8,6
7000.8,15
7001.3,20
7001.4,8
7001.7,36
7002.7,3
7002.8,13
7003.3,25
7003.5,33
7004.1,19
7004.1,21
7004.2,38
7004.5,28
7004.9,31
7005.7,5
7005.8,30
7006.1,35
7006.9,0
7006.9,18
7008.6,34
7010.0,16
7010.3,20
7010.9,17
7011.8,23
7012.5,4
7012.6,26
7012.9,39
7013.1,28
7013.3,1
7013.5,7
7016.6,21
7016.8,0
7016.8,12
7017.2,6
7017.7,13
7017.8,8
7017.8,31
7018.2,14
7019.3,36
7019.7,9
7020.1,35
7020.4,29
7020.5,2
7021.9,37
7022.1,16
7022.9,11
7023.2,3
7023.7,20
7023.8,21
7023.9,28
7024.3,32
7024.7,7
7024.7,34
7025.0,0
7026.6,1
7027.6,38
7028.8,26
7029.4,6
7029.6,30
7030.3,18
7031.2,23
7031.4,13
7032.5,4
7032.8,10
7033.4,20
7034.5,11
7034.8,16
7035.4,8
7035.6,5
7035.9,7
7036.1,28
7036.2,33
7037.0,12
7037.1,34
7037.7,35
7038.4,6
7038.4,36
7038.9,1
7039.2,21
7039.4,37
7040.1,3
7040.5,0
7040.5,14
7041.4,39
7041.9,19
7043.2,2
7043.3,9
7044.4,27
7044.5,13
7044.5,38
7045.0,26
7045.6,25
7045.6,17
7047.6,15
7047.6,16
7047.9,20
7048.0,32
7048.5,28
7048.6,7
7049.0,8
7049.2,29
7049.4,0
7049.4,18
7049.4,23
7050.1,6
7050.6,3
7050.8,34
7051.6,21
7051.9,35
7053.5,1
7055.4,9
7055.5,37
7056.0,39
7056.1,12
7056.6,13
7057.4,28
7057.5,5
7057.9,23
7058.2,19
7058.6,14
7058.7,34
7058.9,21
7059.6,25
7059.9,4
7060.2,11
7060.3,0
7060.5,26
7060.8,16
7061.5,36
7062.9,20
7064.6,12
7064.8,6
7064.9,3
7065.3,38
7066.1,31
7066.6,13
7068.7,9
7068.9,7
7070.2,32
7070.3,21
7070.5,17
7070.8,35
7070.9,0
7071.2,23
7071.2,8
7072.3,28
7072.4,30
7072.7,4
7073.0,1
7073.0,15
7073.4,34
7073.6,11
7073.6,39
7073.9,16
7073.9,18
7074.4,29
7075.0,3
7075.8,12
7075.9,37
7076.6,33
7077.0,13
7077.9,26
7078.0,20
7078.1,2
7078.7,14
7079.6,5
7079.7,21
7079.9,10
7080.2,1
7080.3,6
7080.5,9
7081.6,36
7083.7,28
7083.9,38
7084.1,0
7084.3,23
7084.6,18
7085.2,25
7085.5,13
7085.5,16
7085.5,35
7085.6,29
7085.8,31
7086.0,39
7086.1,4
7086.1,34
7090.9,19
7091.9,3
7092.8,12
7093.0,9
7093.1,7
7093.1,20
7093.8,17
7094.1,26
7094.4,1
7094.6,11
7094.7,37
7095.1,16
7095.6,6
7096.5,21
7096.7,14
7097.4,28
7098.9,22
7099.1,13
7099.3,23
7099.8,35
7099.8,36
7100.7,2
7100.9,39
7101.1,0
7101.2,1
7101.2,34
7101.3,4
7101.7,29
7102.2,31
7102.2,32
7102.7,10
7102.9,6
7105.1,16
7105.1,9
7105.7,8
7108.1,15
7109.5,3
7109.6,12
7109.8,21
7110.3,11
7110.7,20
7110.9,13
7111.0,7
7111.0,26
7111.0,38
7111.2,37
7111.3,5
7112.0,25
7112.9,34
7113.6,0
7114.1,28
7115.4,35
7115.9,1
7115.9,31
7116.1,16
7116.5,17
7118.2,23
7120.2,39
7120.4,22
7120.5,18
7120.9,9
7121.2,7
7121.2,19
7121.4,3
7121.8,13
7121.8,21
7122.2,14
7122.2,30
7122.4,6
7122.8,28
7123.6,2
7123.8,4
7124.2,16
7124.8,29
7124.8,34
7124.8,36
7127.3,20
7127.8,37
7128.6,0
7128.7,10
7129.4,5
7130.0,18
7130.9,8
7131.0,1
7131.8,28
7132.5,26
7132.5,35
7133.1,23
7133.2,11
7133.4,14
7133.4,21
7133.7,38
7134.0,31
7134.0,34
7134.2,3
7134.6,9
7134.6,32
7134.9,33
7136.4,7
7136.5,39
7138.0,4
7138.8,16
7139.5,0
7140.1,13
7140.3,6
7141.7,23
7142.2,12
7142.5,1
7142.6,2
7142.7,20
7142.8,25
7143.0,15
7144.4,17
7144.6,37
7145.3,28
7145.9,0
7146.6,21
7146.7,29
7148.7,8
7148.9,19
7148.9,34
7150.3,20
7151.1,3
7151.3,38
7151.9,14
7151.9,36
7152.0,35
7152.1,26
7152.3,13
7152.9,9
7153.3,12
7153.5,16
7153.6,18
7154.1,1
7154.3,6
7154.4,7
7154.7,28
7155.2,33
7155.5,23
7155.6,39
7157.7,29
7159.2,31
7159.5,0
7159.6,21
7159.6,34
7161.5,4
7161.6,37
7162.1,5
7162.2,20
7162.6,19
7163.4,13
7163.7,2
7163.7,3
7163.7,28
7164.4,18
7164.5,7
7165.0,30
7168.3,17
7169.1,32
7169.2,9
7169.7,16
7170.0,11
7170.1,6
7170.2,14
7170.3,26
7170.5,0
7171.0,12
7172.2,1
7172.2,35
7172.4,13
7172.4,25
7172.5,34
7174.0,8
7174.9,21
7175.1,10
7175.1,28
7175.1,36
7175.8,23
7178.4,20
7179.2,38
7179.4,29
7180.1,16
7180.4,34
7180.9,13
7181.3,3
7181.9,31
7182.9,2
7183.3,37
7183.8,21
7184.0,7
7184.5,9
7184.5,19
7184.5,28
7184.7,27
7184.8,18
7185.2,15
7185.8,4
7185.8,32
7186.0,6
7186.4,1
7186.7,26
7186.9,11
7187.1,39
7187.5,0
7188.4,12
7189.8,35
7190.2,16
7190.3,23
7192.0,28
7192.2,3
7194.2,8
7194.6,29
7194.7,21
7195.0,13
7195.2,17
7195.3,9
7195.3,34
7195.4,4
7196.4,30
7196.7,25
7197.1,14
7197.5,36
7198.1,39
7198.6,10
7198.8,32
7198.8,33
7199.1,11
7199.7,20
7199.9,1
7200.0,0
7200.7,12
7200.8,7
7201.0,37
7201.2,35
7201.5,26
7202.0,6
7202.0,34
7202.2,28
7202.4,2
7202.5,5
7203.3,18
7205.4,16
7206.3,38
7208.6,3
7209.2,13
7210.7,28
7210.9,23
7211.1,1
7211.5,0
7211.5,4
7212.2,31
7212.7,21
7213.2,9
7213.2,35
7213.5,12
7213.9,20
7214.0,16
7214.5,8
7215.0,37
7216.0,6
7216.3,15
7216.4,18
7216.6,34
7216.8,11
7217.0,26
7217.3,5
7218.2,29
7218.7,7
7222.1,13
7222.1,22
7222.3,28
7222.4,0
7223.3,25
7223.4,3
7223.9,9
7224.8,36
7225.1,17
7225.4,1
7225.4,34
7226.0,21
7226.0,38
7226.1,16
7226.9,14
7226.9,39
7227.0,4
7227.2,23
7227.4,10
7228.4,20
7228.8,35
7230.6,2
7230.7,28
7230.8,6
7230.8,12
7231.3,13
7232.4,0
7233.0,21
7234.3,19
7234.7,33
7234.7,37
7235.4,34
7235.5,5
7235.6,8
7236.5,18
7236.6,16
7237.9,36
7239.5,7
7239.9,9
7240.0,14
7240.2,1
7240.6,29
7241.3,20
7241.3,28
7241.6,23
7241.8,26
7242.2,13
7244.2,12
7244.4,2
7245.3,0
7245.4,3
7246.0,11
7246.2,15
7246.2,25
7246.4,31
7246.7,16
7247.0,37
7247.5,1
7248.4,6
7248.8,34
7249.1,35
7249.4,4
7249.5,21
7249.9,28
7250.6,32
7251.0,39
7251.1,17
7252.2,7
7254.9,20
7255.2,13
7255.6,0
7255.6,19
7255.9,9
7256.7,18
7256.8,8
7257.4,29
7257.5,23
7257.8,16
7257.8,26
7259.5,34
7259.7,6
7260.1,38
7260.4,12
7260.6,2
7261.5,28
7261.6,3
7262.6,35
7262.7,36
7263.7,14
7264.3,13
7264.7,37
7265.1,33
7265.2,1
7266.0,4
7266.4,10
7266.5,31
7267.5,8
7268.2,21
7268.2,34
7268.6,16
7268.6,17
7268.7,7
7269.9,0
7270.2,20
7270.4,26
7271.2,5
7272.0,9
7272.1,28
7273.0,1
7274.9,11
7275.1,25
7276.0,39
7277.1,22
7277.3,18
7277.5,6
7277.9,32
7277.9,34
7278.9,37
7278.9,21
7279.9,13
7280.1,35
7280.2,0
7280.4,20
7280.6,23
7280.7,3
7281.2,29
7281.4,16
7282.3,14
7282.8,30
7283.0,12
7284.3,28
7284.8,7
7285.7,4
7286.2,26
7286.6,19
7286.8,2
7286.8,36
7287.0,1
7287.0,8
7287.8,13
7287.9,6
7288.6,18
7288.6,21
7289.9,10
7290.3,33
7290.4,31
7290.5,34
7291.0,23
7292.0,16
7292.1,0
7292.2,35
7292.6,9
7292.8,20
7293.9,37
7294.0,12
7294.2,17
7294.4,28
7294.4,38
7295.4,39
7298.3,1
7298.3,3
7299.4,11
7300.4,14
7300.5,25
7300.6,26
7301.4,5
7301.5,13
7301.6,7
7301.8,36
7302.2,4
7302.7,6
7304.3,23
7305.0,21
7305.1,32
7305.3,10
7305.3,35
7306.3,16
7306.6,34
7306.7,12
7307.6,20
7307.8,8
7308.8,2
7309.2,0
7309.5,3
7309.9,19
7310.6,37
7311.1,28
7311.1,29
7311.4,1
7312.0,9
7312.4,6
7312.9,38
7313.2,18
7313.9,39
7317.7,23
7318.7,15
7318.7,16
7319.8,7
7320.3,4
7320.3,14
7320.7,36
7321.0,13
7321.4,34
7321.7,1
7322.5,28
7322.8,21
7323.5,35
7323.6,20
7323.7,37
7324.6,26
7325.2,3
7325.6,17
7326.2,31
7326.3,2
7326.8,11
7326.9,0
7327.6,9
7328.5,12
7329.9,14
7330.3,13
7332.0,16
7332.3,28
7332.6,23
7332.8,35
7332.9,6
7333.0,8
7333.2,29
7333.2,32
7333.3,39
7333.9,18
7334.4,5
7335.2,34
7335.7,1
7335.7,33
7337.5,36
7337.8,10
7339.4,3
7339.6,21
7339.9,20
7340.1,19
7340.2,25
7340.4,26
7341.0,28
7341.3,0
7342.1,12
7342.1,13
7342.7,9
7343.5,27
7345.1,4
7345.9,1
7346.6,37
7347.1,23
7348.0,16
7349.1,6
7349.1,15
7349.4,35
7349.5,14
7349.5,30
7349.5,34
7349.9,18
7350.4,7
7350.4,21
7350.7,9
7351.2,31
7351.5,8
7351.8,36
7352.0,11
7352.1,38
7352.4,10
7352.9,17
7352.9,28
7354.1,0
7354.1,13
7354.1,29
7357.0,7
7358.0,3
7359.0,4
7359.0,39
7359.2,20
7359.7,23
7360.0,34
7360.3,2
7361.1,37
7361.5,16
7362.0,1
7362.2,32
7362.7,8
7362.7,26
7363.7,12
7363.8,13
7363.9,11
7364.0,35
7364.6,21
7364.7,28
7365.1,19
7366.9,25
7367.1,0
7367.6,20
7367.9,1
7368.5,14
7368.5,17
7369.0,5
7369.2,34
7369.3,6
7369.4,23
7369.7,9
7369.7,38
7369.9,3
7372.1,21
7373.2,16
7374.9,29
7375.3,28
7375.8,31
7376.6,22
7376.8,18
7377.1,36
7377.9,0
7378.5,7
7378.5,26
7378.9,39
7379.0,4
7379.9,1
7379.9,25
7380.3,16
7380.6,13
7380.6,23
7380.7,11
7381.2,20
7382.7,2
7382.9,32
7383.0,28
7383.7,21
7384.1,34
7384.3,12
7384.3,37
7385.1,3
7385.4,6
7385.4,9
7386.0,35
7386.4,33
7386.6,17
7386.7,18
7386.9,8
7388.6,31
7389.4,13
7390.5,0
7390.9,29
7392.8,16
7393.4,4
7393.6,10
7394.1,34
7394.2,25
7394.2,28
7396.2,1
7396.2,19
7396.4,21
7397.2,20
7398.4,13
7398.6,14
7399.2,9
7399.3,8
7399.4,37
7399.7,36
7399.8,6
7400.5,7
7400.7,23
7400.7,26
7401.2,34
7401.3,11
7401.7,35
7402.5,0
7406.0,3
7406.6,2
7407.3,21
7407.4,5
7407.6,28
7408.3,16
7408.5,4
7408.8,1
7409.0,18
7409.1,12
7410.0,20
7410.3,9
7410.5,34
7410.6,13
7410.6,39
7411.2,38
7412.2,6
7412.2,23
7412.9,29
7415.1,21
7416.3,7
7416.8,0
7416.8,13
7416.8,17
7417.3,37
7417.5,8
7417.9,26
7418.8,28
7419.0,33
7419.3,3
7419.3,39
7420.0,31
7420.0,32
7421.7,35
7422.0,14
7422.2,1
7422.2,9
7422.5,11
7422.5,34
7422.7,16
7422.7,19
7423.4,4
7423.7,12
7424.3,8
7424.8,21
7426.4,20
7428.5,36
7428.7,6
7429.3,0
7429.7,29
7430.2,15
7430.4,28
7430.8,37
7430.9,23
7431.0,1
7431.1,13
7431.1,34
7432.2,21
7432.5,25
7433.2,32
7433.3,7
7433.5,3
7433.5,10
7434.0,4
7434.7,18
7434.7,26
7435.0,27
7435.0,35
7435.7,2
7436.7,6
7437.0,28
7437.7,14
7439.0,12
7439.9,16
7440.4,39
7441.0,36
7441.4,9
7441.4,20
7442.0,0
7442.0,38
7443.5,37
7443.8,21
7443.9,31
7444.3,34
7445.2,13
7445.2,19
7445.3,26
7445.5,8
7445.6,7
7445.6,11
7445.8,28
7446.2,6
7446.5,10
7446.7,1
7447.1,29
7449.9,23
7450.8,25
7451.0,33
7451.5,0
7451.7,16
7452.6,35
7453.3,17
7454.5,3
7454.5,12
7454.7,32
7454.9,13
7455.3,4
7455.6,38
7456.0,21
7456.9,2
7456.9,18
7457.0,14
7457.0,26
7457.1,6
7457.2,20
7458.7,34
7461.1,29
7461.7,28
7462.6,1
7462.9,8
7463.0,37
7463.4,16
7463.6,36
7465.1,0
7465.4,11
7465.5,9
7465.7,7
7466.0,4
7466.3,39
7466.4,35
7466.6,31
7466.7,17
7466.7,34
7467.1,23
7467.4,21
7467.9,14
7468.0,13
7468.7,6
7471.8,10
7473.4,1
7473.5,16
7473.5,28
7473.8,3
7473.9,20
7474.6,15
7475.7,0
7477.5,8
7477.5,37
7478.7,23
7479.2,5
7479.2,35
7479.7,33
7479.9,25
7479.9,26
7480.0,31
7480.7,12
7480.8,2
7481.2,6
7481.3,34
7481.8,39
7482.2,22
7483.3,19
7483.5,28
7483.6,18
7483.8,13
7484.6,32
7485.5,16
7486.0,4
7486.4,21
7487.3,10
7487.6,9
7487.8,11
7487.9,1
7488.7,20
7488.8,3
7489.4,34
7492.1,14
7492.4,0
7492.8,29
7493.0,7
7493.0,35
7493.4,38
7494.3,26
7494.4,17
7494.6,13
7495.4,6
7495.4,37
7495.9,8
7496.0,3
7496.0,28
7497.5,21
7498.2,9
7498.4,1
7499.3,11
7500.6,36
7502.1,16
7502.1,20
7503.5,0
7503.7,39
7504.1,34
7505.0,12
7505.1,28
7505.2,31
7505.4,25
7505.7,5
7505.8,13
7506.5,23
7507.9,6
7508.7,2
7509.2,4
7509.2,29
7510.5,35
7510.8,1
7511.4,21
7511.5,3
7511.8,33
7512.2,19
7512.3,15
7512.3,18
7513.1,34
7513.2,16
7514.1,8
7514.6,0
7515.7,13
7516.1,28
7516.4,38
7516.6,9
7517.3,26
7517.8,14
7518.0,7
7519.0,36
7519.9,20
7519.9,37
7520.2,11
7520.5,29
7520.6,23
7520.7,22
7521.2,32
7522.1,1
7522.9,17
7523.3,16
7523.3,21
7524.7,39
7525.7,28
7526.4,9
7527.2,12
7527.3,0
7527.5,13
7528.0,3
7528.1,35
7528.6,6
7530.7,5
7530.7,34
7531.7,10
7532.2,4
7532.4,20
7533.9,33
7534.6,18
7535.9,16
7536.4,12
7536.4,28
7536.5,17
7536.5,21
7537.0,14
7537.1,26
7537.3,31
7537.7,37
7537.8,9
7538.1,7
7538.1,13
7538.6,2
7538.6,23
7538.7,1
7539.8,34
7539.9,38
7540.3,29
7540.4,11
7540.5,8
7540.6,35
7540.9,39
7543.0,15
7543.4,6
7543.5,4
7543.5,32
7543.9,36
7544.0,0
7544.0,25
7544.8,21
7546.3,3
7546.6,28
7547.8,27
7548.2,18
7548.9,9
7549.0,23
7550.5,20
7550.7,35
7551.7,38
7552.6,2
7553.8,6
7554.5,16
7554.7,26
7554.9,34
7555.1,7
7555.1,11
7555.1,28
7555.1,39
7555.2,13
7555.5,0
7555.8,1
7556.0,12
7556.0,37
7556.2,14
7557.4,19
7557.6,8
7557.9,21
7559.3,3
7560.0,9
7562.7,31
7563.7,20
7563.8,17
7564.1,4
7564.2,32
7565.5,14
7565.5,35
7566.0,18
7566.1,5
7566.1,28
7566.4,34
7566.5,33
7567.3,2
7567.4,6
7567.4,36
7567.5,16
7568.1,12
7568.4,10
7568.5,29
7569.0,13
7569.9,37
7570.2,23
7571.5,39
7571.8,21
7571.9,1
7572.2,3
7572.5,0
7573.2,26
7573.7,9
7576.5,13
7578.4,15
7578.7,31
7578.8,8
7579.1,11
7579.1,16
7579.2,20
7579.2,34
7580.0,25
7580.5,28
7580.7,38
7580.9,6
7581.7,35
7582.3,4
7582.3,29
7583.4,7
7584.1,36
7584.9,12
7584.9,23
7585.0,14
7585.0,26
7586.2,3
7587.0,0
7587.8,21
7588.0,1
7588.1,4
7588.4,13
7588.9,28
7590.0,18
7590.1,16
7590.9,9
7591.7,22
7591.8,10
7592.2,33
7592.3,32
7592.4,37
7593.9,34
7595.9,19
7596.0,2
7596.3,20
7597.1,35
7598.8,13
7600.3,6
7600.4,0
7600.7,16
7600.7,21
7600.9,1
7600.9,30
7601.0,28
7601.5,11
7601.6,7
7601.7,38
7601.7,39
7601.8,8
7601.8,15
7601.9,31
7602.4,12
7602.5,23
7602.9,29
7604.9,36
7605.0,17
7605.6,34
7605.7,26
7607.2,9
7607.9,0
7608.1,18
7608.8,21
7610.5,16
7610.8,14
7611.3,35
7611.8,4
7612.1,37
7612.4,20
7612.8,28
7613.5,31
7613.7,13
7613.9,3
7614.3,38
7614.7,2
7614.7,6
7614.7,39
7615.2,0
7615.9,26
7616.0,1
7616.0,34
7616.3,23
7616.4,7
7616.8,19
7616.9,25
7619.7,11
7620.6,8
7621.0,20
7621.5,14
7622.1,18
7622.2,21
7622.5,9
7622.5,32
7622.9,16
7623.9,37
7624.0,33
7624.4,12
7626.5,15
7626.7,35
7627.3,26
7628.2,13
7628.2,29
7628.3,34
7628.7,0
7628.7,6
7628.8,4
7629.7,28
7629.9,36
7633.7,31
7634.2,16
7635.1,39
7635.2,17
7635.3,23
7635.4,3
7635.5,21
7635.6,1
7636.7,0
7637.5,11
7637.7,13
7637.8,20
7638.1,7
7638.2,5
7639.0,37
7639.2,28
7639.3,22
7639.5,9
7640.1,12
7641.5,2
7641.5,10
7641.6,8
7641.6,34
7643.6,35
7644.0,1
7644.3,38
7644.9,4
7645.3,14
7646.1,27
7646.4,25
7646.6,18
7646.8,28
7647.2,26
7647.8,0
7648.4,32
7648.8,3
7648.8,16
7649.0,6
7650.0,21
7651.2,19
7651.4,13
7651.9,31
7651.9,34
7652.0,23
7653.0,20
7653.1,36
7654.4,11
7654.7,33
7655.8,29
7656.4,9
7656.4,37
7658.0,21
7658.1,28
7659.2,12
7659.4,13
7660.1,35
7661.2,7
7662.1,1
7662.2,0
7663.2,16
7663.3,39
7663.6,18
7663.7,23
7663.8,4
7664.0,6
7664.5,15
7664.6,20
7664.7,2
7665.0,17
7666.3,34
7667.4,26
7667.5,25
7667.6,3
7667.8,13
7668.4,9
7669.2,0
7670.2,12
7670.3,8
7670.6,28
7671.2,21
7671.2,35
7671.6,10
7671.8,37
7672.4,16
7674.0,5
7675.2,1
7675.4,14
7676.1,36
7676.5,20
7676.9,4
7678.2,3
7678.2,11
7678.2,32
7678.2,34
7678.3,13
7678.3,26
7678.4,6
7678.5,30
7678.7,9
7679.1,28
7679.6,19
7680.0,29
7682.4,23
7682.4,38
7685.5,0
7686.1,17
7686.4,20
7686.5,7
7686.5,12
7686.6,35
7686.7,21
7686.9,31
7687.0,25
7687.7,8
7688.1,16
7688.1,39
7688.3,10
7688.9,1
7689.0,11
7689.3,28
7689.7,33
7690.3,34
7690.8,3
7690.8,37
7691.6,9
7692.5,5
7693.6,13
7694.4,22
7694.9,6
7695.4,23
7695.9,14
7696.0,0
7696.2,21
7696.3,4
7697.6,34
7697.9,7
7698.4,29
7699.8,27
7700.1,13
7700.2,19
7700.3,18
7700.6,2
7700.8,9
7701.8,20
7701.9,39
7702.0,12
7702.6,1
7703.3,35
7704.3,28
7704.5,34
7706.7,6
7707.2,21
7708.2,8
7708.7,32
7709.1,3
7709.1,31
7709.1,38
7709.4,17
7709.6,23
7709.8,0
7709.8,10
7709.8,26
7710.2,16
7712.1,13
7712.5,4
7712.6,37
7712.8,28
7715.1,34
7715.6,1
7715.7,9
7715.8,36
7716.2,33
7717.8,7
7717.9,20
7718.0,0
7718.6,35
7719.1,11
7719.1,29
7720.2,25
7720.4,21
7720.6,18
7720.6,19
7721.6,15
7721.8,6
7722.1,13
7723.6,23
7724.8,28
7724.9,2
7724.9,14
7725.1,12
7725.3,16
7725.5,26
7725.7,37
7726.4,39
7727.2,34
7727.7,20
7727.9,4
7728.6,22
7729.2,3
7729.3,8
7729.3,31
7729.7,32
7730.1,0
7730.5,1
7730.6,21
7731.2,30
7731.5,13
7731.9,6
7734.9,38
7735.2,35
7735.3,17
7735.4,16
7735.6,28
7736.0,2
7736.3,26
7736.9,34
7737.0,5
7737.2,10
7737.6,9
7737.9,11
7739.6,23
7739.7,37
7740.6,18
7741.3,0
7741.3,3
7742.5,21
7743.0,33
7743.1,1
7743.3,4
7743.3,36
7743.4,14
7743.6,8
7743.7,20
7743.7,35
7743.8,7
7744.1,28
7744.3,13
7744.7,34
7745.2,16
7746.0,6
7748.1,12
7749.2,25
7750.0,9
7751.1,19
7752.4,34
7752.8,11
7752.9,29
7752.9,37
7753.3,32
7753.6,0
7753.9,15
7754.3,39
7754.4,21
7754.5,31
7754.8,18
7754.9,1
7754.9,20
7755.2,35
7755.3,2
7755.5,16
7755.5,28
7755.6,13
7755.6,36
7757.4,22
7757.7,3
7757.7,7
7758.0,23
7760.8,12
7761.8,6
7762.2,21
7762.7,17
7763.8,4
7764.5,8
7764.7,38
7765.1,20
7765.6,14
7765.9,33
7765.9,35
7766.0,34
7766.4,9
7766.4,28
7766.8,26
7766.9,1
7767.6,0
7767.7,25
7767.9,23
7768.2,13
7768.4,21
7768.6,5
7770.4,2
7771.2,3
7773.0,6
7773.2,32
7773.3,37
7774.0,10
7774.2,18
7774.2,29
7774.6,8
7774.9,34
7775.1,4
7775.1,16
7775.6,1
7775.6,12
7775.8,30
7776.4,31
7777.1,28
7777.2,21
7777.4,0
7777.4,20
7778.5,9
7778.6,13
7778.7,17
7781.5,3
7781.8,26
7782.4,19
7782.4,38
7782.5,11
7782.7,34
7783.1,35
7783.4,36
7783.6,14
7783.8,25
7784.4,15
7785.1,23
7785.3,39
7786.1,16
7787.0,2
7787.1,28
7787.5,7
7787.6,21
7788.0,20
7788.2,6
7788.3,4
7788.9,37
7791.7,1
7791.8,0
7791.9,8
7792.3,34
7792.6,13
7794.5,10
7795.1,18
7795.4,9
7796.1,31
7796.1,32
7797.3,11
7797.5,21
7797.7,3
7798.9,23
7799.0,29
7799.5,28
7802.3,39
7802.8,12
7803.9,38
7804.0,14
7804.1,13
7804.2,36
7804.5,16
7804.7,34
7805.6,21
7805.7,15
7805.8,0
7806.0,24
7806.2,20
7806.3,5
7806.3,25
7806.5,1
7806.6,4
7807.0,19
7807.7,35
7808.7,2
7809.0,28
7809.0,37
7809.0,26
7809.2,3
7809.6,17
7810.0,33
7810.7,22
7813.3,6
7813.8,12
7814.7,7
7815.5,13
7816.4,9
7816.6,20
7816.8,23
7816.9,8
7816.9,21
7817.4,28
7817.5,0
7817.5,11
7818.0,31
7818.1,1
7818.7,18
7819.1,34
7819.5,36
7819.8,16
7819.9,25
7820.0,38
7820.0,7
7820.9,10
7821.2,37
7821.8,4
7825.2,32
7825.7,34
7825.7,35
7825.7,39
7826.1,33
7827.5,3
7828.2,6
7828.2,20
7829.1,0
7829.3,21
7829.7,12
7829.8,23
7829.9,28
7830.0,9
7830.0,26
7830.2,14
7830.2,16
7830.4,13
7830.4,29
7831.1,2
7831.2,8
7834.8,1
7835.4,34
7835.7,37
7835.8,18
7836.4,7
7837.5,5
7837.7,19
7837.7,35
7838.1,11
7838.5,17
7839.6,4
7839.6,31
7840.7,32
7841.3,36
7841.9,38
7842.5,28
7842.9,21
7843.1,1
7843.2,10
7843.8,0
7844.0,13
7844.4,16
7844.9,3
7846.5,6
7847.3,12
7847.8,20
7847.9,39
7848.8,9
7849.0,30
7849.7,15
7850.0,35
7851.3,26
7851.7,34
7853.0,8
7854.0,28
7854.1,1
7854.3,0
7854.5,23
7854.6,29
7854.7,7
7854.8,37
7855.3,33
7855.9,14
7856.9,2
7857.1,21
7858.9,3
7858.9,19
7859.0,16
7859.1,20
7860.4,34
7860.6,18
7861.0,31
7861.1,38
7862.0,13
7862.2,4
7862.7,39
7863.5,28
7863.9,9
7863.9,35
7864.1,17
7864.6,26
7864.8,11
7865.0,25
7868.0,21
7868.8,16
7869.2,12
7869.6,1
7870.3,36
7870.8,6
7871.0,7
7871.7,34
7871.8,31
7872.2,28
7872.6,32
7872.8,8
7872.9,23
7873.2,18
7873.2,20
7873.6,14
7873.7,27
7874.7,0
7875.2,37
7878.6,9
7878.8,3
7879.0,19
7879.2,21
7879.7,16
7880.2,4
7880.2,11
7880.2,13
7880.5,15
7882.5,6
7883.1,2
7883.5,35
7883.6,34
7885.0,1
7885.4,12
7886.1,0
7888.1,5
7888.5,26
7888.6,20
7888.6,22
7888.8,23
7889.0,4
7889.0,25
7889.0,28
7889.0,39
7889.4,21
7889.5,29
7889.8,13
7889.9,17
7890.7,10
7891.8,33
7891.9,14
7893.6,38
7894.6,31
7895.1,7
7895.2,3
7895.5,37
7895.8,0
7896.0,6
7896.1,34
7897.4,16
7897.6,35
7897.7,36
7898.0,12
7898.1,30
7898.2,28
7898.3,1
7898.3,11
7899.9,8
7900.4,19
7901.0,9
7901.3,21
7901.6,32
7901.7,0
7902.6,13
7904.9,37
7905.3,20
7905.6,6
7905.6,26
7905.7,23
7905.9,14
7906.2,1
7906.3,35
7906.6,18
7906.7,5
7906.7,34
7907.7,39
7908.4,16
7910.2,4
7910.7,28
7910.9,15
7911.4,21
7912.0,7
7912.1,0
7912.2,3
7912.7,38
7913.1,13
7914.0,1
7914.6,36
7915.5,8
7915.7,17
7915.9,29
7916.7,30
7917.0,25
7917.4,19
7917.8,34
7918.5,20
7918.5,28
7918.8,12
7919.6,0
7919.8,35
7920.1,26
7920.8,16
7921.0,2
7921.1,9
7921.5,10
7921.5,23
7921.5,31
7921.8,32
7922.9,21
7924.5,39
7924.6,33
7925.9,6
7926.1,37
7926.7,4
7927.4,20
7927.8,36
7928.6,14
7930.0,7
7930.0,9
7930.2,1
7930.3,5
7930.3,15
7930.4,28
7930.9,3
7931.0,0
7931.1,13
7931.3,34
7931.6,11
7932.7,21
7932.9,16
7933.8,8
7937.0,29
7937.8,2
7937.8,22
7937.9,26
7938.4,17
7938.5,12
7938.9,10
7939.2,23
7939.3,28
7940.5,37
7940.6,13
7941.0,20
7941.0,35
7941.1,34
7941.3,1
7942.5,31
7942.6,18
7942.9,25
7943.1,7
7943.4,33
7943.5,11
7943.7,19
7943.7,21
7943.9,39
7944.0,30
7944.3,14
7944.3,36
7944.5,0
7944.7,6
7945.4,4
7945.6,9
7946.1,16
7947.1,3
7947.6,34
7948.6,17
7949.9,38
7950.5,29
7950.8,1
7951.1,20
7951.6,8
7952.6,28
7952.7,13
7953.1,23
7953.9,21
7954.0,0
7954.3,32
7954.4,35
7955.7,31
7958.7,37
7958.9,3
7959.0,4
7959.2,34
7959.8,26
7959.9,12
7960.1,16
7960.1,25
7961.0,6
7962.1,20
7962.3,36
7962.9,0
7963.2,28
7963.3,2
7963.4,15
7963.5,13
7963.6,5
7964.2,1
7964.2,19
7964.5,9
7965.8,7
7968.3,21
7969.6,23
7970.7,33
7971.0,16
7971.2,34
7971.9,17
7972.0,3
7972.1,39
7972.6,29
7973.0,15
7973.0,28
7973.3,4
7973.5,8
7973.5,12
7973.6,0
7973.6,11
7973.6,18
7973.6,19
7975.2,1
7975.4,35
7976.8,13
7977.3,21
7977.3,31
7977.8,6
7977.8,20
7978.1,9
7978.8,37
7978.9,10
7980.4,34
7981.0,27
7981.7,28
7982.3,38
7982.7,2
7983.4,36
7984.5,7
7984.6,14
7984.8,23
7985.1,21
7985.2,18
7985.2,26
7985.5,20
7985.7,5
7985.8,0
7985.8,11
7985.9,3
7986.5,32
7987.3,16
7989.2,1
7990.1,34
7990.6,8
7991.6,12
7991.6,13
7992.5,37
7992.7,9
7992.9,35
7993.5,29
7994.6,6
7995.9,31
7996.3,16
7996.7,28
7996.8,4
7997.1,26
7997.4,3
7997.6,30
7997.8,39
7999.2,0
8001.7,15
8001.7,21
8001.7,25
8001.7,34
8002.1,20
8003.1,7
8003.3,1
8003.3,13
8003.8,28
8003.9,18
8005.7,36
8006.4,35
8006.9,8
8007.3,23
8007.7,26
8007.8,6
8008.1,12
8009.2,2
8011.1,16
8011.2,17
8011.7,33
8012.1,38
8012.4,0
8012.9,20
8013.0,34
8013.0,37
8013.5,14
8014.1,9
8014.3,21
8015.1,4
8015.4,3
8017.1,11
8017.2,28
8018.5,1
8019.0,13
8019.4,10
8019.4,39
8019.8,20
8019.9,23
8020.4,29
8020.5,30
8020.5,35
8021.0,21
8022.4,16
8022.9,32
8023.5,34
8023.7,8
8023.9,5
8024.0,0
8024.0,6
8024.9,18
8025.1,25
8025.2,12
8025.7,19
8026.1,26
8026.2,28
8026.4,7
8027.1,13
8027.2,20
8028.2,9
8029.2,36
8029.8,37
8030.4,35
8030.9,31
8031.6,1
8032.3,2
8032.3,3
8032.3,4
8032.4,16
8033.4,8
8034.0,21
8034.2,33
8034.8,14
8034.8,34
8034.9,23
8037.2,39
8037.3,28
8038.5,12
8038.6,9
8038.6,13
8038.7,0
8038.8,25
8039.5,5
8039.9,6
8040.2,11
8040.2,38
8041.1,19
8041.2,17
8041.7,26
8042.2,7
8043.3,1
8043.3,29
8043.5,18
8044.9,21
8045.0,37
8045.0,28
8046.4,20
8046.4,34
8047.3,35
8047.3,16
8048.0,0
8048.1,3
8048.2,8
8048.4,13
8049.3,10
8049.8,31
8050.3,4
8052.0,14
8053.1,15
8053.8,27
8054.1,23
8054.2,9
8054.4,21
8054.4,28
8054.5,16
8054.5,37
8054.7,6
8057.0,18
8059.3,36
8059.8,34
8060.1,1
8060.9,0
8061.3,12
8061.3,13
8061.3,28
8061.8,33
8061.9,7
8062.3,26
8062.4,3
8062.4,11
8062.5,16
8062.5,39
8062.7,21
8062.7,32
8062.9,20
8063.1,29
8063.3,2
8063.3,38
8065.5,37
8065.6,35
8067.5,22
8067.8,14
8068.7,9
8069.2,5
8069.6,23
8071.5,21
8072.6,4
8072.6,12
8073.4,34
8073.5,6
8073.5,8
8073.8,20
8073.9,7
8074.0,17
8074.0,31
8074.6,0
8074.7,3
8074.7,16
8075.0,28
8075.8,1
8078.3,13
8078.6,35
8079.0,10
8079.9,11
8080.4,25
8080.7,26
8082.0,21
8083.0,29
8083.5,6
8083.6,36
8084.0,30
8084.8,28
8085.0,37
8085.2,23
8085.6,4
8086.1,32
8086.2,18
8086.5,0
8087.1,12
8087.4,34
8087.9,16
8088.0,17
8088.1,39
8088.7,15
8088.9,1
8089.2,9
8089.5,13
8089.6,3
8089.7,8
8089.7,20
8089.8,2
8091.1,35
8091.9,33
8092.7,28
8092.7,31
8093.8,7
8094.4,14
8096.1,37
8096.6,21
8096.7,25
8097.0,38
8097.2,6
8097.3,0
8097.7,16
8097.8,3
8100.8,22
8101.2,29
8101.8,23
8102.0,34
8102.3,26
8102.3,36
8102.6,13
8102.9,28
8103.6,19
8104.4,6
8105.6,9
8105.6,21
8105.7,12
8106.3,18
8106.8,1
8107.0,7
8107.1,10
8107.2,4
8108.1,0
8108.1,32
8109.5,3
8109.5,20
8110.3,16
8110.5,17
8111.5,35
8111.8,39
8112.1,21
8112.8,11
8113.4,34
8113.7,13
8113.8,14
8114.1,28
8114.7,26
8115.0,36
8115.5,29
8116.6,8
8116.7,38
8118.0,20
8119.0,5
8119.9,0
8120.1,16
8120.8,1
8120.9,6
8121.4,3
8121.6,37
8122.3,23
8123.2,21
8123.3,4
8123.5,28
8123.9,2
8125.6,9
8126.7,22
8126.8,26
8126.9,25
8127.1,12
8127.3,17
8127.6,35
8128.5,18
8130.4,7
8130.4,13
8131.2,37
8131.4,0
8132.2,1
8132.2,16
8132.3,11
8132.5,28
8132.8,39
8132.9,31
8132.9,34
8133.0,3
8133.9,36
8134.1,5
8134.2,21
8134.4,19
8134.6,6
8134.8,14
8134.8,33
8134.9,4
8135.1,20
8136.5,9
8137.8,13
8139.7,10
8140.9,23
8141.0,16
8141.3,8
8141.4,35
8141.5,26
8141.8,34
8142.2,28
8142.6,32
8142.9,3
8143.2,6
8143.2,18
8144.6,5
8144.6,12
8145.1,1
8145.1,7
8148.2,4
8148.4,29
8148.5,13
8149.6,37
8149.8,19
8149.9,0
8150.1,9
8150.4,38
8150.5,17
8150.7,25
8151.3,21
8151.7,28
8152.2,20
8153.1,30
8153.3,34
8153.9,2
8154.1,16
8154.6,31
8154.8,11
8154.8,15
8155.4,14
8155.4,39
8156.5,1
8158.6,13
8158.6,23
8158.8,35
8160.3,6
8160.4,3
8160.8,0
8161.6,8
8161.8,26
8162.1,36
8162.4,21
8163.2,10
8163.2,29
8163.4,37
8163.5,16
8163.9,7
8165.2,1
8165.5,4
8166.0,28
8166.2,12
8166.3,9
8166.3,34
8166.8,13
8169.2,18
8170.3,6
8170.3,20
8172.7,32
8172.8,16
8173.2,3
8173.4,7
8174.0,28
8174.3,21
8174.3,34
8174.5,35
8174.7,25
8175.0,0
8175.1,39
8175.5,31
8175.7,17
8176.7,13
8177.2,23
8177.4,4
8178.2,11
8178.6,14
8179.8,29
8180.5,20
8181.3,1
8181.7,8
8182.5,6
8182.7,38
8183.0,37
8183.3,12
8183.5,19
8183.9,9
8184.1,2
8184.9,15
8185.0,26
8185.8,5
8186.7,0
8186.7,16
8187.6,7
8187.6,21
8188.3,34
8189.2,28
8189.5,18
8191.1,3
8191.2,13
8192.4,38
8193.1,31
8193.1,36
8193.3,14
8193.3,25
8193.4,35
8193.5,23
8193.6,11
8193.6,39
8193.7,4
8194.1,20
8194.4,1
8195.0,15
8195.8,17
8197.4,12
8197.8,22
8198.5,21
8198.5,26
8198.6,10
8198.7,37
8199.7,8
8199.7,16
8199.9,28
8201.3,0
8201.8,6
8202.3,13
8202.6,32
8203.1,34
8203.2,33
8204.0,35
8204.3,9
8204.6,7
8205.0,1
8205.3,29
8205.7,3
8206.3,38
8208.4,21
8208.6,11
8209.8,6
8209.8,23
8210.3,20
8210.4,28
8210.8,13
8211.5,4
8211.6,34
8213.4,18
8213.6,0
8213.9,12
8214.5,17
8214.9,19
8215.7,16
8216.7,8
8217.1,9
8217.2,31
8217.2,37
8218.0,35
8218.2,39
8218.4,32
8218.6,26
8218.8,7
8219.0,30
8219.2,1
8219.4,14
8220.1,13
8220.3,21
8221.8,34
8222.9,3
8223.1,28
8223.3,29
8224.4,0
8225.2,36
8225.8,23
8226.1,20
8227.8,6
8228.0,10
8228.0,11
8228.7,35
8230.3,2
8231.2,21
8231.5,13
8232.0,1
8233.1,9
8234.2,16
8234.5,25
8234.8,12
8235.3,7
8235.8,4
8235.8,18
8236.3,33
8236.4,28
8236.9,14
8237.0,26
8237.0,34
8237.3,20
8237.3,38
8237.6,0
8238.4,19
8238.5,3
8238.8,15
8239.0,6
8239.0,13
8239.0,37
8239.1,5
8241.4,8
8241.4,39
8241.5,32
8242.6,29
8243.8,28
8244.0,22
8244.2,31
8244.4,35
8244.7,7
8245.0,23
8245.1,17
8245.1,36
8245.5,11
8247.1,1
8247.1,9
8247.3,16
8249.5,13
8249.5,21
8250.4,0
8251.4,18
8251.5,3
8251.8,33
8252.1,25
8252.5,34
8252.6,20
8252.7,37
8252.7,38
8253.9,6
8254.7,2
8254.7,26
8255.2,14
8256.2,28
8256.9,35
8257.3,23
8257.7,4
8257.7,12
8257.9,8
8257.9,11
8258.0,39
8259.7,1
8260.2,34
8261.6,0
8262.7,3
8263.1,9
8263.3,21
8263.3,31
8263.8,10
8264.0,18
8264.3,13
8264.3,16
8266.1,7
8266.4,14
8267.0,17
8267.1,5
8267.5,28
8267.8,4
8269.3,6
8269.5,15
8269.8,34
8270.2,11
8270.3,20
8270.5,32
8270.6,23
8270.6,26
8270.8,1
8270.8,29
8271.0,25
8271.4,33
8271.4,36
8272.9,35
8272.9,12
8273.2,0
8273.2,38
8273.4,37
8274.1,16
8274.7,7
8276.6,28
8277.3,20
8278.0,19
8278.2,9
8278.2,13
8278.3,6
8278.7,21
8279.7,39
8280.1,3
8281.9,26
8281.9,34
8282.6,4
8282.8,1
8283.3,29
8283.6,14
8283.6,32
8283.9,23
8284.3,18
8284.5,2
8284.8,27
8285.8,31
8286.4,0
8287.7,28
8289.0,15
8289.5,12
8291.3,8
8291.3,24
8291.7,11
8291.7,35
8292.8,36
8293.3,9
8293.5,20
8293.5,6
8293.5,13
8293.5,37
8293.5,38
8293.8,3
8293.9,21
8294.2,16
8294.3,7
8294.3,34
8294.9,25
8295.6,2
8298.6,33
8298.9,10
8299.3,1
8300.5,31
8300.5,39
8300.6,0
8300.8,23
8301.2,26
8301.4,28
8301.9,4
8302.6,37
8302.9,12
8303.1,13
8304.1,35
8304.6,16
8304.9,32
8305.2,8
8305.7,11
8306.0,14
8306.1,29
8306.3,3
8306.6,17
8308.7,26
8308.9,18
8309.2,20
8309.6,28
8310.2,21
8310.7,9
8311.0,34
8311.0,6
8311.2,19
8311.3,1
8312.2,36
8312.6,38
8312.9,30
8313.0,0
8313.4,13
8313.7,2
8314.4,4
8314.4,23
8315.1,21
8315.3,7
8316.2,5
8316.2,16
8317.5,15
8318.2,8
8319.0,27
8319.7,35
8320.9,3
8321.7,12
8322.1,26
8322.8,28
8322.9,34
8324.5,37
8325.8,20
8325.9,32
8326.4,6
8326.5,13
8326.7,31
8327.2,1
8327.2,11
8327.5,18
8328.2,39
8328.6,0
8328.6,25
8328.9,16
8329.3,4
8329.7,36
8329.8,23
8330.1,21
8330.3,9
8330.4,8
8330.6,29
8331.1,14
8331.4,7
8332.4,34
8332.8,33
8333.7,26
8334.3,22
8334.3,35
8334.5,28
8335.3,3
8335.8,10
8335.8,13
8336.2,1
8336.4,19
8336.6,5
8337.2,37
8337.4,17
8338.4,0
8341.4,38
8341.9,4
8342.6,21
8343.7,18
8343.7,25
8344.2,6
8344.9,16
8345.3,20
8345.8,34
8347.4,35
8347.4,39
8347.4,14
8348.1,23
8349.0,13
8349.4,7
8349.7,1
8349.9,9
8350.0,28
8350.2,3
8350.8,29
8351.1,12
8351.1,31
8351.2,36
8351.4,8
8352.5,11
8352.9,16
8353.0,2
8353.4,0
8354.1,4
8354.8,34
8355.4,18
8355.6,21
8357.4,35
8357.5,26
8358.4,19
8358.4,28
8358.5,13
8359.2,32
8360.1,30
8360.2,6
8361.5,37
8362.4,1
8362.7,23
8363.1,20
8363.6,0
8365.0,10
8365.5,14
8365.7,3
8366.7,21
8367.0,7
8367.6,13
8368.1,11
8368.7,16
8369.1,4
8369.4,1
8369.5,12
8369.6,28
8369.7,17
8370.0,33
8370.1,29
8370.8,34
8371.2,15
8371.2,25
8372.0,8
8372.1,39
8372.4,6
8374.3,31
8375.1,26
8375.4,20
8375.6,9
8376.8,36
8377.3,35
8377.8,3
8378.3,37
8378.4,2
8380.1,21
8380.4,23
8381.0,13
8381.7,18
8381.8,1
8382.7,7
8382.9,38
8383.8,28
8384.1,6
8384.1,16
8384.2,34
8384.2,14
8384.4,20
8384.7,5
8385.9,39
8386.5,9
8386.7,0
8386.9,8
8387.6,35
8388.1,4
8388.8,32
8389.0,11
8389.1,21
8389.3,3
8389.6,29
8390.1,15
8390.4,36
8390.7,26
8390.8,12
8391.4,7
8393.6,6
8394.1,20
8394.4,34
8394.7,19
8395.6,28
8395.8,13
8396.6,0
8396.9,37
8397.0,1
8397.1,2
8397.9,25
8398.1,23
8398.4,16
8399.5,9
8400.2,21
8400.4,8
8401.4,38
8402.0,18
8402.3,3
8403.3,10
8403.5,4
8403.8,39
8403.9,31
8403.9,35
8404.8,22
8404.8,11
8404.8,14
8405.2,28
8405.5,17
8405.5,20
8407.6,0
8407.7,7
8407.7,16
8408.4,15
8408.4,26
8408.6,23
8409.1,6
8409.3,1
8409.5,34
8409.8,13
8409.9,33
8410.3,5
8410.5,29
8412.2,36
8413.0,21
8416.4,9
8416.8,20
8416.8,34
8417.0,1
8417.2,12
8417.2,28
8417.5,18
8417.6,32
8417.8,14
8417.9,38
8418.1,13
8418.9,35
8419.2,3
8419.2,33
8419.3,16
8419.9,37
8420.2,0
8421.9,8
8423.8,39
8425.5,6
8425.5,26
8425.6,25
8426.4,23
8426.7,19
8426.9,21
8427.1,2
8427.8,9
8428.8,34
8428.9,38
8429.2,1
8429.2,16
8429.7,28
8430.0,4
8431.7,3
8431.8,20
8431.9,10
8432.0,29
8432.6,36
8433.2,7
8434.1,31
8434.2,35
8435.8,11
8436.0,13
8436.4,14
8436.5,0
8437.3,17
8437.4,5
8438.6,23
8440.0,32
8440.2,18
8440.3,16
8440.3,39
8440.4,21
8440.5,3
8441.1,28
8441.1,34
8441.9,6
8442.0,26
8442.5,9
8445.2,1
8445.3,20
8446.6,37
8447.1,38
8447.3,36
8447.4,11
8447.8,13
8448.5,0
8449.0,12
8449.7,29
8449.7,7
8449.9,35
8450.6,22
8450.7,21
8451.3,6
8451.8,16
8452.0,28
8452.5,4
8452.5,34
8452.7,10
8453.0,39
8453.6,8
8455.0,31
8455.9,3
8457.4,23
8457.7,1
8459.2,33
8459.6,18
8460.9,21
8461.0,9
8461.2,37
8461.3,35
8461.5,16
8461.5,38
8461.6,15
8461.6,17
8461.6,26
8461.8,6
8461.8,28
8461.9,25
8462.7,12
8462.9,13
8463.0,20
8463.6,34
8463.7,0
8464.9,14
8465.8,2
8468.5,3
8469.9,1
8470.0,28
8470.1,37
8470.5,8
8470.6,18
8470.8,29
8471.8,11
8472.0,32
8472.1,5
8472.3,36
8472.4,23
8473.0,31
8475.5,21
8475.6,20
8475.9,7
8476.7,35
8477.0,6
8477.1,0
8477.1,13
8477.6,9
8477.6,25
8477.6,39
8477.9,34
8478.0,15
8478.3,10
8478.6,16
8480.0,38
8480.3,26
8481.0,4
8481.8,17
8482.3,14
8482.9,1
8483.7,19
8484.3,12
8484.6,37
8484.8,3
8485.2,34
8485.4,13
8485.4,28
8486.3,11
8487.2,29
8488.6,2
8488.6,21
8489.4,23
8489.7,9
8490.5,20
8490.6,6
8490.6,7
8491.5,16
8491.7,26
8492.1,17
8492.1,35
8493.0,0
8493.2,33
8493.7,8
8494.9,34
8495.7,1
8496.0,36
8496.6,28
8497.2,4
8497.4,18
8497.5,5
8497.9,37
8499.0,13
8499.5,32
8500.2,39
8500.4,9
8501.5,21
8502.6,25
8502.8,16
8503.0,31
8503.1,23
8503.6,3
8503.7,14
8504.4,26
8504.7,22
8505.6,34
8505.8,0
8505.8,6
8505.8,35
8506.1,7
8506.2,2
8506.9,29
8508.4,8
8510.7,20
8510.9,1
8511.6,38
8511.9,28
8512.7,4
8513.2,36
8513.3,11
8513.5,21
8513.7,13
8513.8,12
8514.0,15
8514.0,16
8514.7,0
8516.4,19
8516.4,33
8516.7,26
8517.1,18
8517.4,9
8518.0,28
8518.2,23
8518.9,30
8519.3,35
8519.7,8
8519.7,37
8519.8,7
8519.9,6
8520.6,34
8520.9,10
8521.2,3
8522.0,17
8523.4,39
8524.0,1
8524.2,31
8525.3,21
8526.1,16
8526.9,38
8527.1,0
8527.6,32
8529.1,35
8530.7,9
8530.7,28
8531.0,14
8531.1,4
8531.1,20
8531.3,23
8531.3,36
8531.3,37
8532.5,8
8532.6,12
8533.0,6
8533.0,13
8534.1,26
8534.3,16
8534.3,34
8534.8,3
8535.3,21
8539.2,1
8539.3,25
8540.1,0
8540.5,29
8541.5,2
8541.9,11
8542.4,14
8543.3,6
8544.1,13
8544.9,28
8545.3,18
8545.3,23
8545.6,20
8546.2,31
8546.4,37
8546.5,34
8547.1,9
8547.2,15
8547.3,7
8547.3,16
8547.7,21
8547.9,8
8548.2,4
8548.6,1
8549.2,35
8550.2,3
8550.7,0
8552.2,33
8553.1,38
8554.0,29
8554.8,12
8554.8,13
8554.9,32
8555.3,5
8555.3,28
8555.6,6
8555.6,26
8555.7,39
8556.6,10
8556.7,36
8557.0,16
8557.1,19
8557.6,37
8557.7,20
8558.4,2
8558.4,21
8559.2,34
8559.7,23
8560.5,1
8560.9,17
8561.8,9
8561.8,18
8562.7,11
8562.7,25
8564.5,14
8564.9,13
8565.5,28
8566.0,0
8566.4,35
8569.2,22
8569.6,4
8569.9,7
8570.0,6
8570.2,1
8570.5,3
8570.7,16
8570.7,39
8570.8,20
8571.3,12
8571.4,26
8572.4,18
8572.7,8
8573.0,37
8573.1,2
8573.3,38
8573.5,9
8573.7,13
8574.0,21
8574.7,34
8575.6,23
8575.7,28
8576.3,36
8576.9,31
8577.7,32
8578.6,6
8578.6,19
8579.0,0
8579.0,17
8579.0,35
8580.1,26
8581.8,11
8582.4,14
8582.7,25
8583.0,13
8583.9,12
8584.1,18
8584.2,16
8584.3,21
8584.6,1
8585.3,28
8586.0,3
8586.4,4
8587.8,0
8588.3,20
8589.4,29
8589.8,7
8589.8,37
8589.9,39
8590.0,6
8590.0,35
8590.6,8
8590.6,34
8590.8,36
8591.3,23
8591.4,21
8592.5,2
8594.3,16
8594.6,15
8595.2,5
8596.7,1
8596.7,4
8596.7,22
8596.8,13
8597.7,26
8598.8,28
8598.8,38
8599.1,0
8599.3,17
8599.7,21
8600.3,6
8600.5,3
8600.9,9
8601.6,20
8603.8,35
8604.0,34
8606.8,11
8606.8,16
8607.2,13
8607.4,12
8607.7,18
8608.1,19
8608.3,29
8608.6,23
8609.0,1
8610.1,28
8610.4,33
8610.9,34
8611.1,21
8611.5,10
8612.3,14
8612.4,7
8612.4,25
8612.4,32
8612.4,39
8612.5,13
8612.7,31
8612.7,37
8612.8,26
8613.2,6
8613.4,5
8613.6,36
8614.0,3
8614.0,20
8615.2,8
8615.5,30
8615.6,4
8616.1,35
8616.9,9
8616.9,21
8618.8,0
8620.9,1
8621.0,2
8621.5,16
8621.8,18
8622.0,23
8622.7,34
8623.5,28
8624.7,13
8625.6,26
8626.3,21
8626.5,39
8627.2,20
8627.3,14
8627.9,6
8628.1,3
8628.1,37
8628.9,35
8629.9,29
8630.4,12
8630.6,11
8631.0,17
8631.0,19
8632.2,0
8632.7,1
8632.9,9
8633.2,7
8633.4,36
8633.6,38
8633.7,23
8634.4,34
8634.6,16
8634.6,28
8635.6,4
8636.3,20
8636.8,13
8637.2,21
8640.1,25
8640.8,33
8641.4,0
8641.4,5
8641.6,1
8641.6,3
8641.6,6
8641.7,18
8641.7,37
8644.1,39
8644.4,13
8645.1,8
8645.2,2
8645.3,31
8645.3,35
8645.8,12
8646.7,21
8647.0,16
8648.2,15
8648.3,9
8648.5,34
8649.0,1
8649.0,28
8649.3,38
8649.4,20
8653.1,33
8653.5,23
8653.6,14
8655.1,26
8655.2,32
8655.5,7
8655.8,3
8656.5,6
8656.6,36
8656.8,11
8656.8,21
8656.9,4
8657.1,29
8657.2,0
8657.2,13
8657.5,19
8657.7,8
8657.8,28
8658.4,20
8658.8,1
8658.8,35
8659.3,16
8659.6,9
8659.8,34
8660.1,12
8660.5,15
8660.5,18
8662.4,25
8664.2,13
8665.6,0
8665.9,31
8666.2,10
8666.9,2
8667.5,36
8667.6,17
8668.1,37
8668.3,23
8668.4,20
8669.3,39
8669.7,28
8669.9,16
8670.0,4
8670.0,21
8670.2,3
8670.6,9
8671.5,26
8671.9,1
8672.1,38
8672.5,32
8673.7,35
8673.8,13
8674.1,6
8674.1,30
8674.2,7
8674.6,0
8675.3,34
8675.5,14
8679.6,3
8679.6,28
8679.9,12
8680.3,23
8680.6,8
8680.9,11
8680.9,22
8681.3,21
8682.5,6
8683.0,33
8683.2,16
8683.7,2
8684.9,9
8685.0,17
8685.4,20
8685.5,37
8685.9,4
8686.6,13
8686.7,29
8687.3,1
8689.5,26
8689.5,34
8690.1,0
8690.3,28
8690.8,38
8691.0,7
8691.3,39
8691.6,3
8691.9,19
8692.0,21
8692.0,25
8692.8,16
8692.8,35
8692.9,36
8693.3,23
8694.9,37
8695.4,6
8695.9,20
8697.2,31
8697.3,13
8697.4,18
8698.7,8
8699.0,32
8699.1,22
8699.2,21
8699.3,15
8700.0,1
8700.2,0
8700.5,9
8700.6,12
8702.0,11
8702.0,14
8702.1,26
8702.3,3
8702.4,7
8702.4,28
8705.4,35
8705.6,4
8706.1,13
8707.0,2
8707.0,34
8707.1,29
8707.4,21
8707.6,6
8707.9,23
8708.4,16
8708.6,37
8709.6,8
8710.4,5
8711.8,28
8712.8,1
8713.7,20
8713.7,29
8713.9,36
8714.0,9
8714.6,33
8715.3,0
8715.4,38
8716.0,14
8716.7,18
8717.3,34
8718.4,3
8718.4,23
8718.8,39
8719.2,7
8719.3,31
8719.9,17
8720.1,21
8720.7,11
8721.1,4
8721.1,13
8722.0,16
8722.4,6
8725.0,26
8725.3,20
8727.0,8
8727.0,28
8727.7,34
8727.9,1
8727.9,35
8728.2,10
8728.9,12
8730.6,25
8731.0,21
8731.0,30
8731.0,37
8731.5,14
8732.1,0
8732.2,13
8732.3,19
8732.5,16
8732.8,9
8734.2,3
8734.3,32
8734.8,18
8735.0,7
8735.2,23
8735.2,29
8735.5,1
8735.6,31
8735.7,2
8735.8,6
8736.7,20
8736.9,28
8737.8,34
8739.8,21
8740.5,11
8740.6,26
8740.8,39
8741.4,10
8741.4,33
8741.7,36
8742.1,12
8742.8,5
8742.9,38
8743.2,29
8743.2,13
8744.1,0
8745.0,16
8745.1,28
8745.4,35
8745.7,9
8745.8,1
8745.8,17
8745.9,6
8746.7,14
8747.2,8
8747.5,37
8748.8,3
8750.1,4
8750.6,23
8751.3,34
8751.4,13
8751.7,20
8752.8,7
8753.0,31
8755.0,16
8755.2,0
8757.1,6
8757.1,19
8757.7,18
8758.1,21
8758.3,28
8758.8,32
8758.9,8
8759.0,9
8759.1,2
8759.6,1
8759.6,26
8760.9,23
8761.6,35
8762.4,13
8763.1,34
8763.2,36
8763.3,3
8763.5,20
8763.5,37
8764.0,4
8764.4,39
8766.1,16
8767.1,14
8767.1,25
8767.4,12
8767.5,0
8767.5,21
8768.9,31
8769.0,28
8769.1,17
8769.3,5
8769.8,23
8771.2,18
8771.2,20
8771.7,1
8771.8,8
8771.9,37
8772.0,6
8772.0,13
8772.5,32
8772.9,38
8773.1,9
8773.3,34
8775.3,35
8775.7,11
8776.4,26
8776.9,7
8777.0,4
8778.3,3
8778.7,29
8778.9,16
8779.3,1
8779.5,19
8779.6,0
8779.7,15
8780.1,25
8783.4,6
8783.6,8
8785.3,21
8785.9,13
8785.9,31
8786.2,28
8786.6,39
8786.8,20
8787.5,2
8787.5,10
8787.5,18
8787.6,37
8787.8,26
8787.8,34
8788.0,14
8788.3,5
8789.0,17
8789.0,36
8789.6,12
8789.6,23
8790.3,4
8790.4,9
8790.7,33
8792.3,1
8792.4,7
8792.5,0
8793.3,38
8793.5,3
8793.7,16
8794.3,21
8794.5,28
8795.0,13
8795.2,39
8795.4,26
8795.6,35
8795.8,34
8796.5,19
8796.7,2
8799.6,18
8802.2,23
8802.3,20
8802.4,9
8802.7,30
8802.9,21
8804.2,4
8804.2,12
8805.3,28
8806.1,32
8806.2,15
8806.8,6
8806.8,22
8807.0,5
8807.0,11
8807.2,16
8807.5,8
8807.5,25
8807.6,31
8808.0,14
8808.2,37
8808.3,34
8808.6,3
8808.7,1
8808.7,0
8809.0,7
8809.7,36
8810.1,29
8810.4,35
8810.5,19
8811.5,39
8813.1,21
8813.6,13
8815.9,20
8817.5,28
8818.9,23
8819.0,9
8819.3,1
8819.7,34
8820.0,35
8821.3,16
8821.6,26
8821.9,3
8822.8,4
8823.0,13
8823.3,6
8824.4,0
8825.5,8
8826.2,7
8826.4,18
8826.8,28
8827.2,37
8827.3,17
8827.3,21
8828.3,12
8828.6,36
8828.9,9
8830.0,33
8830.1,26
8830.1,29
8830.6,10
8831.6,20
8832.4,14
8832.6,34
8832.8,32
8832.9,2
8833.1,3
8833.6,11
8833.6,35
8834.4,23
8834.5,1
8836.8,13
8837.6,21
8838.6,5
8838.7,16
8839.4,39
8839.8,17
8840.8,28
8841.4,0
8841.4,38
8841.6,6
8841.9,4
8842.3,31
8843.1,19
8843.4,9
8845.2,20
8847.0,16
8847.0,37
8847.3,34
8847.4,26
8847.6,1
8848.2,2
8848.7,15
8848.9,12
8849.1,35
8849.3,13
8849.3,22
8849.7,3
8850.0,14
8850.2,36
8850.3,10
8850.3,25
8850.4,28
8850.6,7
8851.5,23
8853.8,6
8854.0,29
8854.5,21
8854.5,8
8856.0,13
8856.0,17
8856.0,38
8856.8,0
8857.9,18
8858.1,16
8859.8,4
8859.8,31
8859.8,32
8860.0,34
8860.2,1
8860.3,3
8860.4,19
8861.3,9
8862.0,11
8862.3,37
8862.5,28
8862.6,20
8864.0,35
8864.6,21
8864.6,33
8865.7,26
8866.5,8
8866.5,23
8867.4,12
8867.7,39
8868.1,13
8868.2,14
8868.6,2
8868.8,0
8868.8,38
8870.1,36
8871.7,16
8872.1,7
8872.1,21
8872.3,6
8872.6,5
8872.7,32
8873.2,34
8873.3,28
8873.7,3
8874.0,29
8874.5,1
8874.8,18
8877.2,4
8877.3,35
8877.6,31
8877.8,25
8878.1,20
8878.3,13
8878.8,9
8879.3,16
8879.7,34
8879.8,17
8879.8,26
8880.3,0
8883.4,28
8884.2,14
8884.9,6
8884.9,21
8886.2,13
8886.2,20
8886.5,39
8886.6,36
8886.7,23
8886.8,35
8887.2,29
8887.2,9
8887.5,11
8887.5,33
8887.7,37
8888.4,3
8888.4,18
8890.2,12
8891.1,34
8891.1,38
8891.6,0
8891.6,8
8892.2,2
8892.2,10
8892.6,4
8893.5,17
8894.1,26
8894.3,21
8894.4,16
8894.9,1
8895.1,15
8895.3,7
8896.1,28
8896.9,25
8896.9,37
8897.3,19
8897.9,13
8898.5,18
8898.8,34
8899.0,29
8899.1,20
8899.5,23
8901.1,9
8902.0,31
8902.3,35
8902.6,14
8903.0,11
8903.3,6
8903.5,0
8904.8,3
8904.8,8
8905.8,16
8906.7,7
8906.7,23
8908.2,21
8908.9,26
8909.0,1
8909.0,13
8909.3,36
8909.3,32
8909.6,20
8909.6,28
8909.6,38
8910.2,34
8910.8,5
8911.6,12
8912.5,37
8913.3,4
8913.3,35
8914.6,16
8915.9,1
8917.5,18
8918.5,3
8918.7,0
8918.7,29
8919.2,10
8920.0,6
8920.2,25
8920.6,15
8921.0,11
8921.1,20
8921.9,31
8922.3,39
8922.5,14
8922.5,22
8922.7,28
8922.9,8
8922.9,21
8923.2,2
8923.3,35
8923.5,13
8925.3,26
8925.7,27
8925.8,4
8926.8,23
8926.9,16
8927.2,34
8927.7,7
8928.0,9
8928.0,37
8929.5,1
8929.8,3
8930.1,38
8931.0,6
8931.6,19
8932.0,21
8932.5,12
8933.2,18
8933.7,0
8934.3,28
8935.0,11
8935.0,36
8935.2,17
8935.5,31
8935.9,35
8936.7,34
8937.3,7
8937.3,20
8938.9,16
8940.2,1
8940.2,13
8940.8,33
8941.4,21
8941.4,23
8941.7,6
8941.9,3
8941.9,29
8944.3,25
8944.9,28
8945.7,2
8945.7,8
8945.9,26
8946.4,12
8946.9,36
8947.0,9
8947.8,37
8947.9,34
8948.9,20
8949.2,10
8949.4,4
8950.2,14
8950.2,39
8952.9,18
8953.2,32
8953.3,35
8953.4,38
8954.3,21
8954.4,30
8954.5,9
8954.6,28
8954.6,31
8954.8,0
8954.8,29
8955.0,6
8956.0,16
8956.6,1
8957.4,13
8957.4,3
8957.7,33
8957.9,37
8958.1,19
8958.1,26
8959.0,17
8959.5,11
8959.6,7
8960.8,23
8960.9,8
8962.6,34
8965.5,20
8966.1,1
8967.0,21
8967.1,28
8967.6,13
8967.8,12
8968.0,36
8968.4,16
8968.7,9
8968.7,15
8968.8,4
8969.4,18
8970.0,35
8973.2,14
8973.3,29
8973.5,6
8974.3,39
8975.0,34
8975.3,0
8975.9,3
8976.0,7
8976.3,2
8976.5,5
8977.0,37
8977.1,11
8977.1,13
8977.1,26
8977.1,25
8977.3,9
8977.5,28
8978.1,1
8978.6,20
8980.1,21
8980.9,23
8982.9,18
8982.9,35
8984.0,32
8984.0,38
8984.5,0
8986.1,8
8986.5,16
8986.8,3
8986.9,31
8986.9,36
8987.8,34
8988.1,12
8989.3,6
8990.2,28
8991.7,21
8992.2,4
8992.2,9
8993.0,1
8993.4,10
8993.6,20
8993.8,13
8994.0,29
8994.6,17
8994.6,33
8994.7,19
8996.8,23
8997.7,35
8998.3,37
8998.4,11
8998.4,16
8998.5,0
8998.5,34
8999.3,8
8999.4,15
8999.9,14
9000.1,39
9000.2,36
9000.7,3
9000.7,5
9000.9,38
9002.0,25
9002.1,28
9002.2,7
9002.9,26
9003.2,22
9003.9,29
9004.8,12
9006.2,9
9006.4,6
9006.4,21
9006.5,1
9006.7,13
9006.7,16
9006.8,2
9007.5,31
9008.1,20
9008.9,4
9008.9,18
9011.5,26
9011.6,37
9012.1,28
9012.2,0
9012.6,34
9013.6,39
9014.1,3
9014.4,30
9014.5,1
9015.2,17
9015.6,11
9016.1,32
9016.5,36
9016.6,21
9016.8,35
9017.0,23
9017.2,13
9018.8,6
9018.9,25
9019.0,9
9019.4,16
9020.3,15
9020.6,20
9020.6,7
9020.8,8
9022.1,0
9022.6,28
9023.9,29
9024.2,4
9024.3,34
9024.6,19
9025.6,14
9026.6,39
9026.8,38
9027.1,7
9027.7,18
9027.7,33
9027.9,12
9028.2,31
9028.4,10
9028.4,35
9028.6,21
9028.7,9
9029.2,26
9029.5,1
9031.3,6
9031.7,11
9031.9,13
9032.2,37
9032.8,3
9033.2,16
9033.2,23
9033.6,36
9033.9,28
9035.2,0
9036.6,20
9036.6,34
9039.0,17
9039.6,4
9041.0,21
9041.6,29
9042.2,18
9042.8,13
9043.2,35
9043.7,1
9043.7,6
9043.7,37
9044.3,9
9044.8,0
9044.9,23
9045.3,34
9046.4,32
9047.1,28
9047.3,16
9047.5,12
9047.8,8
9048.2,7
9048.8,14
9049.4,3
9049.7,36
9050.1,2
9050.5,20
9051.8,33
9051.9,13
9052.3,26
9052.4,19
9052.6,5
9053.1,21
9053.2,1
9053.3,39
9054.1,38
9054.6,9
9054.7,25
9055.1,11
9055.6,28
9055.7,31
9057.1,27
9057.5,35
9058.2,0
9058.2,37
9058.5,4
9058.5,34
9059.0,6
9059.3,15
9060.8,16
9061.0,7
9062.4,20
9063.0,13
9063.5,8
9063.6,1
9063.8,3
9063.9,30
9065.4,18
9065.4,28
9065.7,39
9067.3,26
9067.4,29
9067.9,21
9067.9,9
9068.1,23
9068.3,14
9068.4,12
9068.6,10
9068.6,17
9069.0,33
9069.3,16
9069.4,34
9070.0,4
9070.5,11
9070.9,0
9071.6,37
9072.7,1
9074.3,36
9074.4,28
9074.7,2
9075.3,25
9075.8,20
9077.4,19
9077.6,13
9077.7,7
9078.1,35
9078.5,21
9078.6,9
9078.9,31
9079.1,6
9079.9,8
9080.5,3
9081.0,18
9081.1,38
9081.3,39
9081.5,16
9081.6,34
9081.6,37
9081.6,32
9081.9,1
9082.4,26
9082.6,28
9084.6,4
9085.4,33
9087.0,0
9087.1,20
9088.4,1
9088.9,23
9089.4,16
9089.6,13
9090.9,3
9092.0,14
9092.7,7
9094.7,9
9094.8,35
9095.3,17
9095.3,31
9095.5,12
9095.5,36
9095.6,21
9095.8,28
9097.1,8
9097.4,6
9099.0,11
9099.0,26
9099.1,37
9099.1,0
9099.1,20
9099.9,5
9100.2,1
9100.7,3
9101.1,34
9101.7,39
9101.8,18
9102.1,29
9103.0,2
9103.2,13
9103.2,14
9103.6,23
9104.0,22
9104.5,10
9104.7,32
9106.8,19
9107.3,4
9108.7,21
9108.8,35
9109.0,1
9109.0,9
9109.0,28
9110.5,15
9110.9,20
9111.5,6
9111.5,16
9112.4,34
9113.0,38
9114.7,31
9114.9,37
9115.5,0
9115.6,36
9115.7,17
9115.8,3
9116.6,26
9119.1,1
9119.7,21
9120.2,25
9120.8,28
9121.2,32
9121.2,11
9121.4,8
9121.5,7
9121.8,23
9122.1,18
9122.2,12
9122.3,35
9122.7,13
9122.9,6
9123.1,22
9123.2,34
9123.4,9
9123.5,27
9123.5,14
9124.2,33
9125.9,0
9126.2,16
9128.0,38
9129.3,21
9129.8,29
9130.3,28
9130.4,13
9131.5,20
9132.1,2
9133.6,23
9133.8,18
9134.5,15
9134.6,4
9134.7,31
9134.9,3
9135.1,37
9135.4,26
9135.5,6
9135.5,1
9135.5,34
9135.5,39
9135.8,30
9135.8,36
9137.5,10
9138.1,9
9138.4,0
9139.0,35
9139.3,7
9139.9,28
9141.5,21
9141.7,11
9142.0,13
9142.0,16
9142.8,19
9144.0,17
9144.3,38
9144.9,1
9145.6,12
9145.9,3
9146.2,29
9147.1,5
9147.1,37
9147.4,34
9149.1,20
9149.1,28
9149.4,39
9149.6,8
9150.0,15
9150.1,6
9150.2,25
9150.3,18
9150.5,21
9150.9,33
9150.9,36
9151.5,14
9151.6,16
9151.7,9
9153.1,13
9153.9,23
9155.2,0
9156.3,7
9156.6,1
9156.6,26
9156.9,4
9156.9,22
9157.2,35
9157.7,38
9158.5,3
9158.8,11
9159.1,16
9159.3,6
9159.5,32
9160.2,34
9163.3,21
9164.2,37
9164.6,20
9164.6,9
9165.2,12
9165.2,19
9166.0,13
9166.1,29
9166.1,39
9166.2,0
9166.5,28
9167.3,26
9167.8,17
9168.3,18
9168.5,4
9168.8,2
9169.6,1
9169.6,34
9170.4,25
9170.6,6
9170.8,3
9171.3,5
9171.3,23
9172.1,16
9172.5,8
9172.8,35
9174.1,17
9174.1,38
9174.4,7
9174.4,14
9175.3,10
9175.3,21
9175.3,0
9176.7,31
9177.0,28
9177.2,9
9179.7,32
9179.9,36
9180.2,13
9180.4,12
9180.4,34
9180.7,11
9181.1,20
9181.8,6
9182.2,1
9183.2,4
9183.2,28
9184.5,3
9184.7,26
9185.4,18
9186.8,0
9187.0,16
9188.5,21
9189.3,2
9189.6,29
9190.1,23
9190.1,35
9190.3,17
9192.2,19
9192.3,8
9192.7,39
9192.8,6
9193.9,32
9194.9,13
9195.0,20
9195.9,12
9196.3,9
9196.5,28
9196.6,1
9196.7,14
9196.7,38
9196.9,27
9196.9,34
9197.2,11
9197.2,26
9197.7,33
9198.0,21
9198.6,16
9198.8,3
9199.4,7
9199.4,37
9202.0,18
9202.3,13
9203.2,4
9203.2,35
9204.2,6
9204.5,0
9205.9,36
9206.5,20
9207.2,28
9207.6,5
9208.3,30
9208.5,15
9209.8,34
9210.0,25
9210.1,12
9210.1,13
9210.2,23
9210.3,9
9210.4,10
9210.7,1
9210.7,39
9210.9,7
9211.0,11
9211.2,0
9211.4,21
9212.6,31
9213.1,16
9213.7,37
9214.6,8
9214.8,26
9215.8,35
9217.7,28
9218.8,3
9219.1,4
9219.2,6
9220.0,13
9220.1,38
9220.6,32
9221.1,17
9221.1,20
9221.1,21
9222.1,0
9222.3,29
9223.0,37
9223.1,34
9223.6,7
9223.9,14
9224.3,11
9224.3,28
9224.7,2
9225.1,36
9225.7,9
9225.9,18
9226.5,23
9226.6,16
9227.1,33
9228.8,6
9230.9,1
9231.7,35
9232.9,13
9233.4,0
9233.6,3
9234.2,21
9234.3,10
9234.5,31
9235.5,8
9235.7,16
9235.7,36
9235.8,34
9236.0,7
9236.4,28
9237.4,12
9237.8,26
9238.2,19
9238.5,6
9239.1,20
9239.4,39
9240.8,35
9242.0,23
9242.9,1
9243.1,37
9243.7,25
9244.2,0
9244.2,3
9244.2,4
9244.2,9
9245.1,21
9245.5,28
9245.7,17
9247.2,29
9247.5,13
9248.3,34
9248.5,11
9249.0,18
9249.5,14
9249.8,7
9250.2,16
9250.6,20
9250.6,33
9251.0,6
9251.1,10
9251.3,26
9251.5,15
9251.8,8
9252.2,23
9252.4,35
9253.8,32
9253.9,1
9253.9,31
9255.1,0
9255.4,2
9255.8,21
9258.0,16
9258.0,19
9258.4,28
9259.8,3
9259.9,39
9260.3,5
9261.2,9
9261.5,35
9262.1,12
9262.7,38
9262.8,11
9263.1,1
9263.5,13
9264.0,0
9264.0,37
9264.1,6
9264.5,36
9264.6,17
9265.1,29
9265.7,26
9265.8,25
9265.8,34
9266.3,7
9267.2,20
9267.4,23
9267.6,4
9268.4,18
9269.1,28
9269.9,31
9270.4,21
9271.2,22
9271.7,8
9272.6,16
9272.9,9
9272.9,14
9273.2,1
9273.2,3
9273.6,30
9273.7,0
9273.7,35
9274.4,6
9277.2,34
9277.5,13
9278.4,39
9279.5,38
9280.3,28
9280.4,3
9280.9,19
9281.3,11
9281.6,29
9281.7,27
9281.8,20
9282.1,18
9283.1,1
9283.6,23
9283.6,33
9284.1,21
9284.2,15
9284.3,0
9284.8,37
9284.9,26
9285.2,16
9285.6,17
9285.8,32
9286.8,9
9287.3,12
9287.5,6
9289.0,31
9289.2,25
9289.3,28
9290.2,34
9291.5,7
9291.5,13
9291.5,36
9293.9,0
9294.3,35
9294.7,8
9295.3,4
9295.6,14
9296.5,20
9296.7,1
9296.8,3
9296.9,37
9297.0,38
9297.6,28
9298.3,21
9298.5,16
9298.8,26
9299.8,29
9300.1,2
9300.8,10
9300.9,34
9301.1,13
9301.4,9
9302.1,19
9302.3,23
9303.2,33
9303.6,6
9304.4,18
9305.2,0
9305.4,35
9305.5,32
9307.8,11
9308.2,12
9308.3,7
9308.4,39
9308.6,21
9309.2,8
9309.3,1
9309.8,17
9310.0,20
9310.0,31
9310.5,5
9312.6,4
9313.3,3
9313.8,13
9314.0,37
9314.3,28
9314.4,16
9315.6,6
9316.4,0
9316.9,34
9317.0,9
9317.2,26
9317.7,36
9317.8,10
9318.5,29
9318.6,14
9319.2,25
9320.2,2
9320.2,7
9320.4,21
9321.4,22
9321.7,27
9322.2,28
9322.4,35
9322.6,20
9323.7,38
9323.8,4
9324.5,16
9324.5,34
9325.2,6
9325.3,1
9325.7,13
9325.9,12
9326.2,23
9327.3,18
9327.6,39
9327.7,5
9328.1,33
9328.2,0
9329.8,17
9332.2,11
9332.6,32
9333.7,9
9333.7,29
9333.7,31
9334.5,8
9334.5,28
9334.9,3
9335.4,23
9336.6,4
9336.9,21
9336.9,25
9336.9,37
9337.7,2
9337.9,35
9338.2,13
9338.7,0
9339.2,1
9339.2,34
9339.5,20
9342.2,16
9342.3,18
9342.7,14
9342.7,26
9343.1,38
9343.2,7
9343.3,19
9343.7,6
9343.8,15
9344.4,28
9344.4,30
9345.0,11
9345.1,31
9346.7,27
9347.3,39
9348.6,8
9349.4,13
9349.8,0
9349.9,3
9350.4,21
9350.6,1
9350.8,12
9351.1,4
9351.4,36
9351.6,37
9352.6,9
9352.7,34
9353.2,25
9354.2,28
9354.9,16
9355.6,35
9355.8,5
9355.9,20
9356.0,6
9357.0,2
9357.0,18
9357.8,0
9357.9,7
9358.7,38
9359.5,29
9360.8,23
9361.3,17
9361.6,14
9361.9,34
9363.3,13
9363.5,8
9363.7,4
9365.0,21
9366.3,28
9367.2,1
9368.2,33
9368.8,20
9369.2,26
9369.7,16
9369.9,10
9369.9,37
9370.0,24
9370.1,3
9370.3,32
9370.5,12
9370.8,0
9370.8,6
9371.4,23
9371.6,9
9371.6,39
9373.5,11
9376.0,34
9376.1,4
9376.1,13
9376.4,35
9377.7,1
9378.0,21
9378.9,28
9379.4,19
9380.4,16
9380.6,8
9380.7,38
9381.0,9
9381.2,2
9381.2,25
9381.2,31
9381.3,18
9381.6,6
9381.6,14
9382.3,29
9382.7,36
9382.9,0
9384.1,23
9386.1,21
9386.3,12
9387.5,3
9387.8,20
9388.1,5
9388.2,1
9388.2,34
9388.7,7
9389.6,26
9390.1,28
9391.1,6
9392.4,16
9392.6,35
9393.2,0
9393.4,13
9393.6,37
9394.3,39
9394.6,30
9395.1,8
9395.6,18
9396.1,4
9397.1,9
9397.7,31
9398.7,35
9399.7,1
9399.9,34
9400.3,28
9400.5,36
9401.7,3
9401.8,16
9401.8,20
9402.0,11
9402.2,23
9402.7,21
9402.8,0
9402.8,25
9402.9,13
9403.0,15
9403.1,14
9403.2,6
9403.5,17
9403.6,32
9403.9,37
9404.8,8
9404.8,29
9406.9,26
9407.5,38
9407.6,18
9408.2,2
9408.2,12
9408.5,4
9410.2,34
9410.7,1
9411.6,39
9412.0,5
9412.2,28
9413.9,31
9414.9,16
9415.5,3
9415.7,9
9416.3,7
9416.5,10
9417.0,21
9417.5,33
9418.1,37
9418.5,0
9418.7,20
9418.8,6
9418.9,13
9419.6,35
9421.0,22
9422.1,12
9422.3,26
9422.5,14
9422.7,11
9422.8,23
9422.9,4
9422.9,15
9423.0,34
9423.4,2
9423.4,29
9423.7,1
9423.7,18
9423.7,28
9424.1,8
9424.1,36
9424.9,13
9425.0,16
9425.6,6
9425.6,19
9428.2,9
9428.5,7
9428.5,25
9429.5,3
9429.7,0
9430.7,21
9432.4,39
9432.7,34
9433.0,20
9433.2,12
9434.3,13
9434.5,17
9435.2,1
9435.6,5
9435.7,23
9435.7,35
9436.4,28
9436.5,6
9436.9,31
9436.9,32
9437.1,37
9437.2,11
9438.1,21
9438.3,26
9438.5,36
9438.7,4
9439.9,33
9440.0,16
9442.6,9
9444.4,34
9444.6,30
9445.0,0
9445.6,8
9445.9,38
9448.5,10
9448.7,23
9449.2,2
9449.3,28
9449.4,20
9449.7,12
9449.7,13
9449.7,14
9449.7,21
9449.7,31
9451.3,19
9451.3,35
9451.5,29
9451.6,11
9452.0,26
9452.4,3
9452.7,18
9453.6,7
9454.1,1
9454.3,16
9454.6,6
9455.0,27
9455.7,15
9456.6,37
9456.8,39
9457.0,9
9457.4,0
9459.6,28
9460.1,34
9461.2,1
9461.2,13
9461.5,36
9462.0,38
9462.2,23
9462.4,20
9463.4,21
9463.7,32
9464.5,5
9464.8,35
9465.6,12
9466.2,29
9466.3,16
9466.4,4
9466.4,8
9466.4,26
9466.6,3
9466.9,17
9466.9,28
9467.1,11
9468.2,9
9468.8,0
9469.6,6
9471.1,13
9473.1,18
9473.2,20
9473.3,2
9473.3,7
9474.0,1
9474.5,10
9474.5,25
9474.7,34
9475.8,14
9475.9,37
9476.0,15
9476.9,21
9478.4,31
9478.6,29
9478.7,3
9478.7,28
9479.8,35
9480.0,8
9480.4,13
9480.4,16
9480.4,38
9481.8,27
9482.5,0
9482.5,6
9482.5,23
9483.0,32
9483.4,1
9483.6,20
9484.3,36
9484.4,11
9484.8,7
9485.0,34
9485.4,4
9486.0,19
9486.7,39
9487.1,21
9487.8,17
9487.8,26
9488.2,28
9489.7,2
9490.5,3
9491.1,9
9493.5,37
9494.1,33
9494.4,0
9494.7,1
9495.2,13
9495.3,12
9495.3,23
9496.2,7
9497.0,30
9497.2,4
9497.7,35
9498.3,28
9498.4,16
9498.7,18
9499.1,20
9499.5,6
9501.1,34
9501.9,26
9502.5,21
9503.7,36
9504.5,8
9504.5,11
9504.9,31
9505.3,25
9505.4,39
9505.7,14
9506.3,1
9506.4,0
9506.6,9
9506.9,6
9507.2,5
9507.5,13
9507.9,3
9507.9,12
9507.9,28
9508.2,16
9508.6,32
9509.2,2
9509.2,19
9509.2,37
9509.2,29
9511.8,23
9514.4,20
9514.6,21
9514.9,10
9515.2,8
9515.2,26
9515.2,9
9515.2,34
9515.2,35
9516.6,12
9516.6,38
9517.0,4
9517.6,18
9518.2,15
9519.0,28
9519.1,7
9519.3,3
9519.4,37
9519.7,1
9520.5,0
9521.2,13
9521.7,11
9522.1,29
9522.7,6
9523.2,17
9523.3,36
9523.8,20
9524.6,33
9525.9,21
9527.8,16
9528.2,34
9528.3,28
9529.1,14
9529.4,9
9529.5,1
9529.6,35
9529.7,4
9530.2,0
9530.3,3
9530.4,13
9530.5,31
9530.7,26
9531.6,23
9531.9,7
9532.3,5
9532.5,37
9532.7,2
9533.4,8
9534.7,21
9535.5,20
9535.8,39
9537.1,17
9537.4,6
9537.9,10
9538.0,32
9538.3,29
9538.6,34
9538.7,38
9539.4,19
9539.6,18
9540.3,0
9540.4,16
9540.8,3
9541.7,28
9542.0,12
9542.2,1
9543.5,4
9543.5,26
9544.0,36
9544.2,13
9544.2,21
9544.3,20
9545.6,37
9546.7,23
9546.8,34
9548.3,7
9548.8,28
9549.0,12
9551.0,18
9551.1,0
9551.1,2
9551.2,9
9551.5,31
9551.8,6
9552.0,16
9552.0,32
9552.4,35
9552.6,27
9552.7,1
9554.6,39
9555.0,8
9555.2,3
9555.7,26
9555.9,5
9556.0,21
9557.0,13
9557.9,14
9558.0,22
9558.5,28
9558.6,25
9559.5,7
9559.5,11
9559.9,4
9559.9,34
9560.7,16
9561.0,33
9563.1,37
9563.2,17
9564.7,36
9564.8,20
9564.9,9
9565.2,8
9565.3,19
9565.4,15
9565.6,21
9565.8,23
9565.9,6
9566.3,0
9566.6,38
9566.9,34
9567.0,28
9567.2,12
9568.3,35
9568.6,10
9569.0,3
9569.4,29
9569.7,1
9570.0,30
9571.3,13
9571.3,16
9571.5,31
9571.6,18
9572.7,32
9574.7,20
9575.2,4
9575.2,7
9576.9,37
9577.1,6
9577.1,39
9577.3,14
9577.6,3
9577.6,33
9578.4,26
9578.6,21
9578.6,25
9579.1,34
9579.3,28
9579.4,11
9579.5,16
9579.5,23
9579.6,0
9579.6,13
9579.7,1
9580.3,2
9581.5,9
9584.0,35
9586.8,19
9587.0,18
9587.4,36
9587.8,13
9587.9,4
9588.0,10
9588.3,0
9588.3,12
9588.4,28
9589.1,17
9589.2,6
9589.2,8
9589.4,29
9589.8,32
9589.9,3
9590.0,20
9590.0,21
9590.4,26
9591.3,5
9591.4,16
9591.8,38
9593.3,39
9594.7,34
9596.4,33
9596.5,1
9596.8,37
9597.0,2
9597.0,9
9597.1,31
9597.3,23
9597.7,28
9597.9,35
9598.6,11
9600.1,13
9601.3,15
9602.4,0
9602.4,17
9603.1,21
9603.8,34
9604.2,29
9604.3,26
9604.5,16
9604.7,37
9605.4,4
9606.4,18
9606.9,27
9606.9,28
9608.4,1
9608.5,20
9608.6,3
9608.7,14
9609.3,32
9610.0,36
9610.2,8
9610.4,35
9611.0,30
9611.4,6
9611.7,12
9612.8,0
9613.6,7
9614.0,21
9614.3,39
9614.5,13
9614.5,19
9616.5,34
9618.0,9
9618.0,22
9619.0,16
9620.4,28
9620.5,38
9620.7,18
9621.0,23
9621.6,20
9622.1,12
9622.7,10
9622.7,21
9622.9,3
9622.9,17
9622.9,29
9623.1,11
9624.6,2
9625.1,0
9625.1,1
9625.1,34
9626.1,37
9626.2,6
9626.8,26
9627.7,35
9628.0,8
9628.0,14
9628.8,13
9628.9,4
9629.3,28
9629.8,25
9629.9,9
9630.4,31
9631.6,32
9631.7,16
9631.7,33
9632.9,20
9633.6,1
9635.8,15
9637.5,21
9637.6,3
9638.0,28
9638.8,6
9639.7,23
9639.9,16
9640.0,34
9640.2,36
9640.5,7
9640.5,29
9640.6,0
9640.8,18
9641.9,30
9641.9,39
9642.6,11
9642.9,5
9642.9,17
9642.9,35
9643.1,13
9643.1,14
9643.2,37
9643.8,12
9643.8,38
9644.1,9
9645.2,4
9645.9,28
9646.6,26
9646.9,20
9647.0,34
9650.0,21
9650.4,1
9651.4,13
9651.4,31
9651.9,8
9652.1,2
9652.8,38
9653.0,9
9653.0,10
9653.1,16
9653.3,6
9653.8,23
9654.2,29
9654.4,0
9654.4,32
9654.4,35
9654.5,33
9655.2,28
9655.8,20
9656.1,18
9656.8,26
9656.9,37
9657.3,3
9657.7,36
9658.1,12
9658.8,21
9659.5,7
9663.7,1
9663.9,25
9664.1,28
9664.9,11
9665.5,19
9665.7,13
9665.8,2
9666.3,17
9666.4,34
9668.7,4
9669.9,20
9670.6,37
9671.4,35
9671.5,16
9672.0,0
9672.1,9
9672.2,8
9672.3,23
9672.5,14
9672.8,6
9674.0,10
9674.0,39
9674.2,7
9674.3,11
9674.5,28
9675.0,38
9675.2,26
9675.3,29
9675.5,3
9675.5,18
9675.8,13
9675.9,21
9676.2,36
9676.3,33
9676.5,1
9677.3,34
9680.2,12
9680.3,4
9680.4,16
9680.5,15
9680.9,20
9681.3,25
9682.1,31
9682.9,19
9682.9,23
9684.0,32
9684.2,6
9684.2,37
9686.2,21
9686.5,35
9687.3,30
9687.8,0
9688.3,28
9688.5,29
9688.6,11
9689.9,13
9690.3,9
9690.9,16
9691.0,1
9691.0,17
9691.4,26
9691.5,2
9692.6,3
9693.6,34
9693.9,18
9694.4,7
9695.9,8
9697.9,21
9698.0,28
9698.2,31
9698.3,33
9698.5,10
9698.5,39
9698.7,20
9699.0,0
9699.7,6
9700.5,37
9701.3,38
9701.7,11
9702.2,1
9702.2,16
9703.3,13
9703.6,35
9703.7,4
9703.7,12
9704.1,14
9704.3,15
9704.8,23
9705.1,25
9705.1,36
9705.3,9
9705.3,34
9705.5,0
9705.6,26
9706.1,19
9706.4,3
9706.4,5
9706.9,7
9707.3,28
9707.4,2
9708.1,20
9708.3,29
9709.2,21
9710.1,8
9710.1,18
9710.6,6
9712.3,16
9714.1,1
9715.5,39
9715.7,11
9715.8,13
9716.3,28
9717.3,3
9718.8,12
9719.4,4
9719.4,34
9719.4,9
9719.8,31
9720.6,21
9721.1,7
9721.3,0
9721.5,17
9721.6,37
9722.0,35
9722.8,26
9723.3,20
9724.1,8
9726.3,16
9727.5,1
9727.5,28
9727.6,18
9728.5,6
9728.5,33
9729.5,34
9729.8,19
9730.5,3
9730.7,13
9732.3,23
9732.7,32
9733.1,9
9733.3,36
9733.8,20
9734.0,0
9734.0,29
9734.3,21
9734.7,11
9736.2,38
9737.1,37
9737.5,8
9738.1,5
9738.2,10
9738.2,25
9738.3,14
9738.4,35
9738.6,16
9739.2,28
9739.5,12
9739.7,26
9739.9,39
9741.4,31
9741.7,34
9741.8,3
9742.4,1
9742.7,4
9743.1,21
9743.2,17
9743.4,6
9743.8,20
9744.4,0
9744.5,13
9744.5,23
9744.7,32
9745.1,2
9746.4,7
9747.6,28
9748.1,29
9748.5,14
9748.9,15
9749.3,16
9752.3,1
9752.4,8
9752.4,26
9752.5,30
9752.7,35
9753.1,9
9753.6,21
9754.2,33
9754.4,25
9754.5,18
9755.3,39
9755.4,13
9756.9,12
9756.9,34
9757.2,20
9757.3,0
9757.4,27
9758.2,3
9758.4,32
9758.8,16
9758.8,17
9760.3,6
9761.2,14
9761.3,38
9761.5,21
9762.2,11
9762.8,13
9763.1,23
9763.3,19
9763.5,34
9764.3,37
9764.5,20
9764.6,28
9764.9,1
9764.9,7
9765.0,3
9765.7,4
9765.7,36
9766.6,9
9766.6,33
9766.9,5
9767.2,35
9767.4,31
9768.7,0
9769.1,26
9769.6,2
9769.9,16
9770.6,28
9772.5,12
9774.8,21
9774.8,23
9774.9,14
9774.9,29
9775.0,13
9775.2,38
9775.5,25
9776.2,4
9776.2,36
9776.4,18
9776.6,8
9776.7,6
9776.8,11
9777.4,35
9778.4,39
9778.6,9
9778.8,17
9778.8,20
9778.9,19
9779.4,7
9779.7,1
9780.0,34
9780.1,28
9780.4,31
9781.2,3
9781.3,16
9782.6,32
9783.6,0
9786.0,10
9786.3,37
9787.0,12
9787.9,21
9787.9,23
9789.6,5
9790.0,18
9791.1,13
9791.1,28
9791.3,26
9791.5,6
9792.6,20
9792.9,34
9793.0,25
9793.1,1
9793.2,3
9793.4,16
9793.5,0
9794.0,39
9794.2,36
9794.3,2
9794.8,38
9794.9,15
9795.2,35
9796.3,14
9796.7,9
9797.1,23
9797.9,32
9798.0,4
9798.5,33
9798.7,7
9798.7,11
9799.7,30
9800.0,37
9800.9,29
9801.3,12
9802.3,28
9802.6,21
9803.3,8
9803.3,13
9804.0,19
9804.2,34
9804.8,1
9805.1,17
9805.4,20
9806.2,36
9806.8,3
9807.1,0
9807.8,6
9809.6,23
9810.0,26
9810.4,38
9810.8,18
9811.8,16
9812.5,31
9813.5,28
9813.8,9
9813.8,27
9814.0,13
9814.7,35
9814.8,22
9814.9,8
9815.1,34
9816.1,10
9816.4,4
9816.4,21
9817.2,20
9817.4,2
9817.7,7
9817.9,6
9818.2,39
9818.8,37
9819.1,0
9819.4,1
9819.9,11
9819.9,23
9819.9,29
9820.9,28
9821.9,13
9822.9,12
9823.8,5
9824.7,21
9826.7,3
9826.7,16
9827.5,0
9827.9,17
9828.1,28
9828.1,34
9829.1,6
9829.4,1
9829.9,7
9830.1,26
9830.1,31
9830.3,25
9830.7,14
9831.1,38
9832.2,35
9832.3,13
9832.8,9
9833.1,37
9833.3,20
9833.9,33
9834.6,21
9835.8,4
9835.8,19
9836.5,39
9837.1,23
9837.9,34
9838.4,0
9839.4,8
9839.8,10
9839.9,15
9840.2,28
9840.8,2
9840.9,12
9840.9,16
9841.0,11
9841.2,18
9842.0,3
9842.3,1
9842.5,6
9842.7,7
9842.8,26
9842.8,36
9843.3,32
9846.7,20
9847.2,4
9848.1,29
9848.2,13
9848.3,34
9849.8,9
9850.0,35
9850.6,23
9850.6,37
9850.7,21
9850.8,0
9851.0,7
9851.3,16
9851.4,1
9851.5,25
9851.6,27
9852.3,3
9852.4,38
9856.2,28
9856.7,14
9856.7,39
9857.1,34
9857.8,33
9858.1,11
9858.9,6
9859.2,5
9861.6,16
9861.8,36
9862.8,21
9863.6,8
9863.8,13
9864.0,26
9864.3,0
9864.3,3
9864.7,17
9864.8,4
9865.1,31
9865.2,23
9865.6,9
9866.7,35
9866.9,28
9867.1,20
9867.2,2
9867.6,37
9869.2,25
9869.2,34
9869.5,7
9870.0,1
9870.3,21
9871.0,18
9871.4,6
9871.8,29
9873.0,28
9873.5,23
9873.9,12
9874.1,0
9874.3,10
9874.3,39
9874.9,14
9875.4,16
9875.5,9
9875.6,13
9876.4,32
9876.8,26
9877.0,4
9877.2,20
9878.4,15
9878.6,34
9878.8,1
9879.0,3
9879.0,35
9880.4,31
9880.6,19
9882.9,37
9883.3,0
9883.3,21
9883.4,28
9885.5,34
9885.9,38
9886.3,7
9887.0,13
9887.4,6
9887.4,17
9887.8,36
9888.5,8
9888.7,11
9889.2,9
9889.8,16
9890.1,5
9890.5,2
9890.6,18
9891.0,4
9891.2,29
9891.5,20
9891.6,28
9892.3,23
9892.4,26
9892.4,35
9894.1,12
9894.3,0
9894.4,1
9895.1,3
9895.3,34
9898.8,7
9898.8,38
9899.0,13
9899.5,32
9899.9,33
9900.0,21
9901.3,14
9901.3,37
9902.3,6
9902.4,19
9902.8,9
9903.3,16
9905.0,28
9905.4,8
9906.3,20
9906.7,15
9907.3,3
9908.0,0
9908.0,39
9908.1,1
9908.2,18
9908.3,10
9908.4,12
9908.8,25
9909.3,23
9909.3,34
9909.7,17
9909.9,35
9910.2,4
9910.3,36
9910.6,31
9910.7,13
9910.8,21
9911.0,7
9911.3,28
9911.6,16
9912.1,5
9914.6,26
9915.5,0
9915.5,29
9916.1,6
9917.8,37
9918.2,33
9918.5,11
9918.8,20
9918.9,22
9919.9,12
9920.0,0
9920.6,23
9920.8,1
9920.8,17
9921.2,34
9921.8,13
9922.1,28
9922.3,21
9924.9,35
9925.2,16
9925.3,8
9925.8,2
9925.8,9
9925.9,3
9927.3,32
9928.2,19
9928.6,14
9928.6,18
9928.7,29
9929.3,30
9929.5,6
9930.6,11
9931.2,34
9931.9,4
9933.2,1
9933.3,39
9933.9,28
9934.0,20
9934.8,23
9934.8,31
9935.4,0
9935.5,7
9936.0,37
9936.0,25
9936.3,22
9936.4,33
9937.5,16
9937.5,21
9937.6,3
9937.7,13
9938.8,38
9939.2,9
9939.2,36
9939.5,6
9940.6,12
9940.8,15
9940.8,26
9940.9,32
9941.5,4
9941.5,35
9941.6,20
9941.8,2
9942.3,34
9942.7,17
9942.9,5
9943.8,1
9944.3,28
9944.4,10
9946.1,11
9946.4,21
9946.4,29
9946.7,13
9947.6,0
9948.4,19
9949.0,31
9949.2,23
9949.9,18
9950.0,25
9950.7,8
9951.3,37
9951.5,6
9951.6,16
9951.9,3
9953.1,9
9953.2,34
9953.9,21
9954.3,35
9954.8,7
9954.8,28
9955.7,39
9958.1,20
9958.4,4
9958.6,0
9959.6,36
9959.6,38
9959.8,1
9960.2,26
9960.4,13
9960.6,14
9960.9,23
9961.3,17
9961.3,21
9961.9,15
9962.5,16
9962.6,28
9963.3,35
9963.4,8
9963.9,6
9964.3,9
9966.0,3
9966.4,7
9966.6,34
9967.1,11
9968.1,20
9968.8,18
9970.3,12
9970.8,37
9971.1,13
9971.8,28
9972.0,1
9972.4,21
9973.8,5
9974.5,36
9974.7,2
9975.0,8
9975.1,31
9975.2,23
9975.3,35
9975.4,33
9975.8,29
9976.5,9
9977.0,0
9977.0,39
9977.7,6
9978.0,16
9978.3,4
9978.3,10
9980.5,26
9981.3,34
9981.9,20
9982.9,13
9983.3,7
9984.0,3
9985.5,28
9986.5,38
9988.7,24
9988.8,21
9988.9,19
9989.0,36
9989.1,0
9989.2,11
9990.2,29
9990.5,1
9991.0,35
9991.7,37
9991.9,22
9992.2,12
9992.3,33
9992.6,6
9993.0,4
9993.2,16
9993.7,18
9994.6,13
9994.6,34
9997.0,8
9997.2,17
9998.2,28
9999.3,1
