12.0,0
12.2,17
12.3,8
12.4,6
12.4,12
12.6,30
12.7,29
12.8,18
12.8,35
12.8,39
12.9,4
13.0,10
13.1,19
13.2,15
13.2,34
13.3,23
13.3,27
13.3,38
13.4,11
13.7,9
13.7,26
13.7,28
13.7,33
13.8,21
13.8,22
13.8,31
13.9,37
14.6,5
15.1,36
20.1,1
20.2,4
20.2,14
20.6,15
20.9,7
21.9,33
22.0,38
22.3,5
23.2,17
23.3,18
23.3,19
23.8,2
24.5,27
25.7,20
26.2,35
26.4,11
26.6,12
26.7,22
27.6,10
27.7,26
27.8,39
29.0,0
29.3,24
29.5,28
29.8,6
29.9,9
30.2,29
30.5,21
30.5,30
30.8,13
30.8,37
31.1,4
31.1,15
31.1,25
31.3,23
31.4,3
31.5,34
31.8,38
32.0,16
32.3,14
34.3,7
35.0,17
36.0,33
36.1,26
36.5,19
36.6,8
37.4,1
38.4,2
38.8,0
39.0,11
39.8,4
40.0,15
40.1,28
41.2,18
41.8,37
41.9,39
42.1,5
42.8,20
44.2,12
44.2,22
44.5,10
44.8,35
45.0,23
45.3,21
45.7,6
45.7,34
45.9,15
46.6,17
46.8,38
47.4,33
48.0,14
48.3,30
49.1,19
49.8,28
51.2,3
51.5,26
52.2,36
52.8,37
53.4,15
53.7,7
53.7,31
53.8,0
53.8,4
53.8,39
54.1,8
54.6,2
54.8,27
55.6,38
56.1,33
56.2,18
56.5,1
57.3,5
57.3,19
57.8,11
58.5,17
58.8,35
59.6,21
60.8,20
61.6,9
61.8,28
62.6,34
62.8,22
62.9,10
62.9,15
63.2,24
64.1,6
64.3,14
64.4,0
64.4,13
64.7,38
64.7,23
65.2,37
65.5,2
65.5,4
68.1,33
68.3,19
68.6,12
68.6,39
70.1,25
70.6,11
70.9,7
71.2,5
71.4,9
71.8,18
71.9,28
72.4,15
73.8,26
73.9,30
74.2,17
74.4,2
74.6,20
75.2,22
75.2,34
75.6,8
76.5,0
76.8,38
76.9,10
77.5,27
77.7,36
78.2,29
78.4,21
78.8,39
79.2,5
79.3,4
79.8,14
81.0,17
82.0,15
82.2,19
82.7,37
83.6,28
83.8,35
84.2,1
85.1,33
85.2,6
85.7,21
85.8,13
85.8,30
86.5,10
86.6,9
87.0,31
87.1,3
87.1,38
87.7,24
88.0,2
88.0,5
88.3,18
89.1,22
89.3,15
90.3,34
90.5,17
90.6,12
90.7,20
90.8,26
91.1,7
91.4,39
92.2,4
92.8,11
93.5,8
94.1,37
94.3,0
94.8,28
95.2,14
95.3,10
95.7,29
96.4,38
96.5,15
96.7,33
97.7,19
98.0,2
100.8,39
101.0,17
101.0,21
101.6,9
101.6,25
102.4,34
102.5,4
102.6,15
102.6,35
103.2,14
103.2,24
104.0,18
104.6,13
104.7,23
104.8,20
104.8,33
105.1,5
105.4,22
106.2,10
106.3,7
106.3,28
106.5,26
106.5,37
107.2,11
107.8,30
108.5,15
108.9,38
109.3,0
109.6,19
110.2,6
110.3,21
111.7,1
111.8,29
111.9,2
112.2,17
112.4,18
113.7,28
113.7,35
113.8,39
114.4,4
116.8,14
117.3,7
117.6,0
118.7,12
119.0,34
119.0,37
120.0,20
120.1,17
120.2,33
120.9,10
121.2,15
121.6,38
122.1,8
122.7,5
122.8,21
122.8,24
123.9,26
124.3,27
124.4,1
124.4,28
124.7,19
125.1,9
126.4,6
127.1,39
127.2,11
127.4,2
127.6,31
127.9,22
128.3,15
128.8,4
128.9,17
129.2,18
129.3,0
129.9,35
130.2,25
130.3,30
130.3,37
130.9,33
130.9,36
131.5,16
132.0,23
132.3,34
133.0,38
133.1,5
135.4,21
135.5,7
135.8,28
136.2,29
136.8,8
136.9,14
136.9,19
137.0,3
137.8,20
139.1,0
139.2,4
139.5,12
139.5,1
139.8,10
140.3,15
140.8,17
140.8,24
141.2,11
141.2,13
143.0,26
144.0,18
144.2,2
144.5,30
144.8,39
146.2,27
146.5,15
146.6,33
146.6,37
146.6,38
146.7,28
147.1,22
147.4,6
149.6,35
149.6,5
149.9,4
151.2,31
151.3,9
151.6,7
152.2,10
152.4,34
152.6,8
153.1,17
153.8,39
154.0,14
154.0,19
154.3,16
154.6,26
155.3,15
156.0,25
156.4,36
156.6,2
156.8,1
156.9,33
157.2,21
157.6,29
157.9,28
158.0,0
158.3,11
159.0,38
159.7,20
159.9,24
160.3,6
160.8,13
162.0,18
163.7,19
163.9,27
164.2,15
165.0,3
165.1,37
165.5,17
166.2,5
166.8,10
166.9,4
167.0,9
167.0,23
167.1,2
167.5,21
167.7,39
167.8,7
167.8,22
167.9,38
168.4,8
168.6,28
169.1,6
170.2,35
170.7,34
171.1,12
171.8,0
172.0,1
172.6,30
173.5,14
174.2,15
175.8,20
177.0,38
177.1,26
177.5,19
177.8,8
177.8,18
178.5,28
178.6,11
178.9,2
179.1,37
179.4,17
179.7,4
179.7,24
180.6,22
180.7,10
180.7,29
180.8,16
181.3,39
184.1,21
184.6,15
185.6,9
186.1,7
187.0,34
187.7,33
187.7,35
187.8,6
189.1,26
189.4,0
189.9,5
191.0,38
191.1,11
191.1,39
191.2,1
191.4,30
191.6,2
192.1,28
192.2,10
192.2,22
192.3,18
192.6,17
192.6,23
192.8,24
193.0,19
193.0,36
193.5,12
193.7,13
194.0,4
194.3,15
196.9,31
197.2,20
197.3,7
197.4,6
197.4,37
198.5,29
198.7,9
198.7,14
199.3,27
200.2,17
200.2,21
200.4,35
200.6,24
201.2,8
201.5,0
202.0,39
202.5,1
202.7,38
203.1,28
203.2,15
203.5,2
203.8,4
204.5,10
204.5,22
205.0,33
205.9,30
206.7,18
207.2,12
207.8,19
207.9,36
209.5,26
209.8,34
210.3,1
210.8,38
211.0,11
211.4,20
211.4,28
211.7,13
212.1,5
212.3,37
212.6,39
213.0,3
213.1,14
213.3,17
213.5,15
213.7,22
215.1,9
215.1,33
215.3,8
216.3,2
216.4,29
216.8,0
217.0,6
217.0,10
217.5,7
219.5,21
221.5,15
221.6,12
221.7,18
222.7,19
223.2,4
224.4,27
224.7,8
224.8,26
224.9,11
225.0,37
225.2,5
225.2,38
225.7,17
226.7,0
226.9,33
227.0,39
227.4,13
227.6,15
227.7,28
228.1,10
228.1,25
229.9,35
230.2,7
230.6,34
230.7,30
231.1,20
231.1,22
232.1,3
232.3,29
233.3,2
233.5,18
233.6,37
233.8,31
234.4,17
234.7,5
236.4,19
236.5,24
237.1,4
237.2,15
237.3,1
237.4,33
237.8,0
237.8,26
238.2,9
238.2,11
238.4,14
238.5,28
239.4,8
239.6,10
239.8,21
240.0,38
241.3,6
241.5,7
243.3,22
244.0,12
244.2,17
244.3,39
244.5,20
246.0,15
246.3,8
246.5,34
247.1,36
247.1,37
247.3,18
248.6,19
249.7,27
250.3,38
250.5,0
250.5,2
251.7,4
251.9,35
252.2,9
252.7,10
252.8,33
253.2,28
253.2,29
254.1,5
254.7,17
255.7,39
256.1,26
256.2,15
256.4,21
256.9,11
257.0,31
257.8,38
257.9,14
258.2,6
258.6,25
259.1,37
259.7,1
259.8,8
259.8,34
260.4,13
260.8,18
260.9,3
261.0,30
261.2,20
261.7,4
262.0,0
262.4,7
263.4,10
265.5,19
266.5,9
266.6,17
266.6,22
267.1,24
267.3,12
267.7,33
267.9,2
268.1,15
269.5,6
269.7,38
269.7,39
269.8,28
270.3,5
270.7,7
272.6,35
273.4,18
273.9,30
274.3,27
274.3,29
274.5,0
274.7,1
275.0,3
275.0,11
275.1,4
275.5,2
275.6,17
275.7,21
276.4,34
277.2,15
277.5,38
277.8,10
279.0,37
280.1,14
280.9,20
280.9,39
281.2,26
281.5,9
282.2,28
282.4,19
282.8,33
283.1,25
283.3,0
285.0,6
285.4,31
285.6,27
286.5,15
286.8,7
287.0,8
288.5,5
288.8,2
289.2,1
289.2,4
289.5,21
289.5,22
289.8,38
289.9,36
290.2,23
290.3,29
290.3,34
290.4,18
290.7,24
290.8,35
291.7,28
291.7,37
292.7,19
292.8,15
293.0,17
293.9,39
294.0,10
294.1,14
294.4,13
296.7,33
296.8,12
297.0,30
297.2,6
298.4,11
298.9,20
299.3,27
299.8,2
301.1,0
301.2,9
301.3,7
301.4,26
301.8,31
302.9,15
302.9,28
303.3,38
303.6,22
303.6,32
303.9,37
304.7,21
305.6,4
306.9,17
307.6,35
308.1,25
309.3,1
309.8,18
310.0,29
310.9,0
311.0,6
311.4,5
311.7,33
311.8,34
312.1,14
312.8,19
312.9,15
313.0,10
313.0,28
313.2,39
313.4,7
313.4,8
313.7,38
314.4,11
315.0,36
315.5,31
315.7,13
317.0,9
317.3,37
318.1,24
319.5,12
319.8,22
320.3,4
320.4,0
320.5,17
320.6,15
320.7,2
321.2,20
321.2,27
321.3,19
321.4,14
322.6,21
323.4,18
324.6,10
324.8,26
324.9,38
325.3,23
325.8,1
326.6,15
326.7,39
327.5,35
328.0,30
329.1,6
329.5,7
329.5,34
330.6,33
330.9,5
331.1,17
331.1,28
331.9,37
332.3,10
332.3,31
332.6,3
332.6,8
332.8,20
333.1,21
333.3,9
333.4,4
333.6,38
333.8,0
333.9,11
334.6,29
336.1,15
336.2,2
336.6,39
336.8,25
336.9,26
337.4,1
337.8,18
338.1,28
338.2,22
338.3,19
338.6,12
339.0,24
342.2,14
342.7,7
343.5,37
344.0,17
344.3,15
344.3,18
344.9,33
345.4,5
346.1,20
346.5,8
346.7,0
346.7,10
346.8,38
347.5,28
347.7,4
348.5,9
348.9,35
349.0,1
349.2,21
349.7,2
350.6,19
350.7,13
351.0,39
352.0,15
352.8,6
353.2,27
353.3,30
353.7,17
354.6,12
356.0,33
356.2,7
356.2,36
356.7,38
356.9,23
356.9,34
357.0,22
357.3,0
357.5,10
357.8,24
358.5,29
358.9,18
359.2,5
359.2,9
359.6,28
359.9,20
360.0,37
360.2,19
360.3,26
360.6,15
360.8,2
364.5,14
364.5,17
364.8,8
365.4,25
365.4,38
365.6,1
365.7,3
366.0,39
366.6,6
366.7,32
366.9,27
367.7,4
368.2,10
368.2,11
368.4,21
368.5,22
369.4,15
369.8,2
370.1,20
371.4,28
371.5,35
371.6,7
372.5,17
372.6,33
373.4,31
373.6,37
373.9,30
374.3,18
374.3,26
374.5,0
374.5,19
375.2,38
375.5,23
375.5,34
375.6,13
376.1,39
376.3,15
376.7,9
377.4,20
379.3,29
381.5,5
381.7,4
381.9,11
382.8,0
382.9,8
383.8,19
384.0,1
384.2,18
384.6,17
384.7,38
384.8,24
385.2,12
385.5,10
385.5,28
385.6,27
386.3,2
386.5,34
386.6,37
387.7,21
388.3,15
388.4,14
388.8,33
388.9,7
389.5,6
390.0,5
393.1,26
393.2,17
393.2,35
393.5,38
393.6,4
394.7,12
394.9,20
395.4,9
395.6,11
395.9,15
396.1,39
397.1,22
397.3,3
397.4,2
397.9,37
398.5,19
398.5,21
398.9,18
398.9,36
399.8,10
399.8,28
402.1,13
402.3,34
402.7,5
402.8,16
402.9,1
403.2,0
403.2,6
403.9,14
403.9,17
403.9,24
404.1,38
404.8,15
405.1,7
408.1,26
408.3,4
409.2,9
409.8,19
409.8,30
410.7,39
411.4,18
411.7,10
411.7,17
411.7,27
411.7,33
411.8,29
412.0,8
412.3,20
412.6,11
413.0,28
413.1,15
413.1,21
413.9,38
414.1,2
414.1,37
414.2,36
414.4,7
414.6,25
414.7,1
416.8,13
418.1,0
418.3,34
419.0,5
420.1,17
420.5,31
421.0,3
421.1,35
421.5,6
421.9,22
422.3,26
422.6,23
422.6,38
422.9,4
423.6,8
424.6,28
425.3,15
425.5,27
425.7,10
426.3,14
426.7,33
426.8,39
427.4,20
427.4,29
427.6,9
427.6,18
428.0,19
428.2,12
429.5,7
429.6,21
430.5,2
430.6,30
431.8,11
432.2,0
432.3,26
433.7,37
434.1,6
434.2,4
435.5,15
435.6,17
436.3,22
437.1,39
437.2,1
437.5,38
438.2,24
438.4,28
438.4,33
438.6,5
439.4,35
441.5,10
441.8,19
441.8,34
442.0,25
442.4,18
442.9,2
443.5,15
444.4,6
444.9,28
445.0,14
445.0,26
445.3,4
445.3,9
446.2,37
446.9,7
446.9,17
447.7,0
448.1,13
449.1,39
449.6,8
449.6,35
449.8,5
449.9,38
450.5,10
450.9,29
451.3,27
451.4,3
451.4,21
452.9,19
453.2,22
453.5,11
453.5,20
454.6,33
455.1,18
455.3,34
455.5,37
455.6,15
455.8,28
455.9,30
456.1,12
456.1,14
456.2,1
458.0,7
458.2,4
458.5,17
460.6,26
460.9,19
460.9,38
461.3,0
461.4,39
462.0,24
462.5,10
462.8,6
462.8,31
463.8,35
463.9,2
463.9,5
464.6,21
465.2,15
465.4,36
465.4,37
465.9,28
466.1,8
466.2,14
466.7,17
467.4,33
467.6,3
467.8,25
468.0,22
468.5,38
469.0,20
469.1,11
469.1,29
471.2,39
471.5,27
471.8,9
472.6,34
472.9,18
474.1,13
474.6,15
474.8,19
475.0,10
475.5,2
475.5,7
475.9,12
477.0,1
477.1,28
478.4,26
478.5,23
478.6,35
478.7,0
478.8,38
478.9,21
479.0,4
479.5,6
479.5,17
480.0,30
480.8,5
482.2,10
483.7,37
484.8,39
485.3,33
485.9,15
485.9,31
486.2,18
486.7,2
487.1,9
487.8,38
488.3,22
489.0,11
489.3,24
489.4,17
489.6,1
490.2,7
490.3,14
490.4,8
490.4,19
490.5,28
491.6,26
491.6,35
492.1,4
492.3,15
492.5,10
492.8,20
493.0,13
493.1,29
493.3,30
494.8,34
496.5,38
496.9,5
497.9,33
498.8,6
498.8,21
499.2,25
499.4,0
499.4,39
499.7,12
500.3,26
500.5,27
501.5,37
501.6,10
501.9,11
501.9,18
502.7,2
502.8,4
503.0,14
503.1,15
503.2,17
504.1,7
504.5,3
505.1,24
506.1,28
506.1,38
506.4,9
506.9,6
507.4,31
507.5,36
507.6,39
507.7,1
507.9,33
508.7,20
510.3,19
510.4,15
511.0,8
511.2,30
512.4,34
512.5,10
513.2,22
513.8,13
513.8,23
514.0,17
514.0,26
514.1,7
514.3,5
514.6,35
514.7,38
515.5,4
517.0,33
517.1,19
517.2,0
517.9,2
518.0,37
518.1,28
518.5,18
518.6,15
519.0,21
519.1,29
519.2,39
519.6,11
520.1,27
520.2,20
520.6,1
520.6,12
525.0,38
525.8,4
526.3,15
526.8,5
526.8,6
526.8,9
526.8,28
526.9,10
527.4,14
527.6,35
527.7,12
527.8,34
528.2,0
529.2,17
530.3,23
530.4,36
530.7,19
530.8,30
530.9,7
531.0,8
531.1,24
532.8,33
533.1,11
533.3,39
534.3,37
535.7,15
536.1,26
536.2,28
536.5,18
536.6,3
537.2,2
538.7,21
538.7,22
538.8,6
539.0,17
539.7,4
540.4,10
540.8,1
541.3,31
541.4,38
541.6,0
541.7,15
541.7,39
542.0,20
542.2,19
542.5,9
542.8,33
543.6,7
544.0,8
545.5,27
546.1,29
546.3,13
547.2,12
547.4,37
547.8,6
548.0,28
548.9,15
549.0,25
549.1,14
549.1,30
549.4,35
549.9,2
549.9,5
550.7,34
551.2,17
551.4,18
552.1,11
552.7,26
553.2,7
553.4,4
555.5,20
555.6,0
556.1,37
556.1,38
556.7,1
557.0,10
557.2,33
557.5,22
558.2,36
559.0,28
559.1,15
559.8,19
560.4,39
561.4,31
562.7,5
562.7,17
562.7,21
563.6,4
564.8,24
565.4,26
565.5,13
566.5,27
566.7,15
568.6,18
569.1,0
569.1,9
569.3,2
569.6,6
570.0,8
570.0,11
570.0,38
570.9,12
571.5,7
572.0,35
572.2,34
572.3,28
572.3,30
572.3,33
572.3,37
572.4,14
573.0,39
573.6,19
574.0,17
574.1,1
574.6,20
575.2,10
575.9,21
577.0,4
578.4,15
579.0,23
579.1,18
580.1,2
580.7,9
580.7,38
581.3,24
581.7,28
581.9,5
582.3,39
582.9,17
583.0,0
584.9,22
585.1,14
585.2,7
585.7,26
585.9,29
586.3,37
587.1,31
587.3,8
587.4,25
588.6,15
588.6,27
588.7,35
588.8,21
589.2,28
589.5,20
589.6,6
589.7,2
589.7,4
590.0,10
590.1,38
590.2,3
590.4,33
592.1,19
592.2,34
594.5,1
595.1,12
595.3,17
596.0,18
596.8,5
597.0,11
597.4,7
597.4,15
597.4,21
597.4,26
597.4,36
597.5,29
597.9,37
598.7,22
598.7,39
599.0,24
599.5,28
599.6,30
599.8,4
600.0,13
600.4,0
600.4,2
600.5,14
600.9,9
601.3,10
601.6,8
601.7,19
601.8,38
602.2,6
604.0,15
604.8,17
605.6,33
606.3,1
607.2,20
607.2,34
607.6,11
607.6,31
607.6,35
607.9,30
608.5,37
608.6,18
608.9,21
609.0,27
610.1,0
610.2,5
610.4,28
610.8,2
612.6,4
612.7,12
612.8,10
612.8,15
613.5,7
613.6,39
614.3,1
614.5,29
615.2,8
615.4,19
616.0,18
617.4,26
617.6,38
619.2,17
619.4,22
619.6,6
620.2,3
620.4,33
620.5,24
620.8,23
621.2,0
621.3,9
621.4,2
621.4,37
621.6,4
621.9,28
622.3,31
622.4,39
622.6,15
622.7,21
622.9,14
623.4,19
623.5,30
627.9,7
628.4,36
628.5,10
629.1,5
629.1,11
629.6,26
629.8,35
630.4,15
630.4,38
630.7,27
631.0,34
631.1,18
631.1,25
631.8,39
632.1,20
632.3,33
633.0,17
633.4,0
634.1,21
634.5,37
635.2,2
635.7,1
636.1,19
636.2,28
636.9,4
639.3,15
640.1,29
640.2,6
641.5,14
641.6,12
641.6,13
641.7,8
641.9,1
641.9,24
642.0,7
642.2,38
642.4,22
642.6,4
643.4,10
643.4,18
643.5,16
643.8,20
644.0,11
644.0,26
644.1,9
644.2,17
645.5,30
645.8,25
646.0,19
647.1,5
647.3,2
648.9,15
649.0,31
649.0,39
649.8,33
650.1,28
650.1,35
650.2,37
650.8,0
651.1,34
651.6,4
652.6,21
652.7,10
652.7,14
655.6,20
655.9,17
656.6,38
657.0,39
657.7,1
657.8,12
658.5,6
658.5,18
658.6,15
658.6,26
658.7,7
658.8,24
658.8,37
659.2,11
659.8,29
659.8,36
660.0,5
660.0,28
660.4,19
661.5,27
661.9,2
662.2,30
662.3,35
662.3,0
662.6,4
664.0,21
664.2,33
664.4,15
664.7,22
665.3,10
666.9,34
667.9,28
668.3,17
668.7,18
669.4,2
670.1,20
670.1,39
670.4,38
671.1,8
671.2,26
671.3,9
672.0,37
672.2,11
673.2,33
674.5,15
675.0,21
675.5,5
675.6,7
675.7,6
676.3,4
679.3,12
679.4,26
679.7,14
679.7,17
679.7,23
680.0,0
680.1,30
680.2,31
680.6,10
681.2,35
682.1,1
682.2,28
683.3,19
683.5,29
683.7,13
683.9,15
684.9,38
685.2,7
685.2,39
685.4,2
685.6,22
687.5,20
687.8,18
688.0,21
688.1,3
688.4,8
689.2,27
689.2,33
689.7,17
690.1,34
690.3,4
690.8,28
691.5,25
691.8,6
692.0,37
692.1,11
692.2,19
692.4,10
692.5,9
692.6,12
692.8,14
692.8,15
693.0,32
693.2,0
693.6,1
694.4,30
694.5,5
694.9,26
695.1,35
695.3,38
695.7,39
697.8,24
699.0,18
699.0,20
700.1,17
700.3,2
700.6,7
701.3,15
702.1,36
702.2,33
702.9,22
703.5,8
704.0,0
704.4,11
704.6,4
705.9,37
706.1,13
707.0,19
707.1,39
707.5,21
707.5,26
707.7,10
708.2,38
709.3,35
709.6,31
709.6,17
709.6,28
709.9,18
710.1,7
710.1,30
710.4,33
710.5,34
710.7,1
710.7,6
711.0,15
711.2,23
711.7,20
713.0,2
713.3,27
714.3,37
714.4,25
715.6,29
715.7,4
715.7,9
716.2,38
719.0,19
719.1,3
719.1,5
719.3,21
719.6,24
720.0,22
720.1,0
720.6,16
720.6,17
720.7,14
721.5,39
721.8,28
722.4,11
723.2,34
723.3,35
723.7,33
724.2,20
724.4,18
724.8,7
724.8,9
724.8,15
725.8,2
725.8,10
726.5,38
728.2,13
728.3,1
728.4,19
728.7,4
728.8,0
728.9,26
728.9,28
729.2,12
730.0,6
730.6,5
730.9,8
731.5,15
734.1,18
734.3,14
734.4,17
734.7,22
734.9,11
734.9,37
735.1,21
735.1,27
735.2,36
735.8,23
736.1,29
736.9,39
737.2,20
737.2,38
738.4,33
739.3,7
739.7,10
739.9,34
740.6,35
742.0,2
743.4,30
743.5,6
744.1,12
744.9,4
745.2,24
745.2,25
745.2,28
745.6,15
745.8,5
747.2,26
747.9,9
748.6,0
749.6,8
750.0,37
750.2,18
750.2,33
750.5,38
750.5,39
751.0,21
751.2,1
751.2,23
751.9,10
751.9,28
751.9,17
752.1,7
753.5,4
754.8,14
755.1,20
756.0,15
758.6,29
758.9,2
759.0,6
759.0,19
759.0,38
759.9,27
760.4,34
761.5,37
762.1,17
762.3,12
762.6,31
762.7,18
762.8,26
763.1,0
763.4,11
763.6,1
763.9,15
764.3,39
764.8,35
765.5,5
765.6,28
765.7,10
766.3,3
766.7,13
767.0,4
767.0,7
767.3,21
768.0,38
768.2,22
768.6,30
768.8,20
770.0,9
771.0,14
771.1,32
771.7,29
771.8,19
771.9,4
772.1,18
772.1,33
772.3,2
772.3,24
772.4,17
772.6,8
772.7,15
772.8,35
775.2,6
777.5,39
777.6,28
778.0,0
778.7,26
778.9,11
778.9,21
779.4,22
780.0,25
780.3,37
781.1,33
781.1,38
781.4,5
781.8,34
782.0,8
782.3,15
782.9,10
783.2,35
783.5,12
783.6,28
783.7,2
784.0,19
784.3,17
784.6,20
784.6,29
784.8,1
784.8,4
785.6,13
786.1,7
786.2,14
787.5,9
788.3,30
788.6,36
788.8,39
789.1,18
789.4,24
790.0,11
790.2,15
790.8,26
790.9,23
791.3,21
791.6,27
792.1,37
792.3,0
792.8,6
794.7,8
795.5,1
795.5,2
795.8,33
796.0,17
796.3,38
796.4,22
796.5,15
796.6,5
796.7,28
796.8,10
797.0,12
797.1,31
797.3,18
797.4,4
798.0,7
798.2,35
800.3,34
801.2,25
802.1,19
803.0,15
803.2,20
803.2,29
804.2,26
804.7,14
806.0,13
807.0,38
808.0,17
808.0,6
808.3,28
808.3,39
809.0,24
809.1,9
809.2,2
809.5,5
809.6,8
809.9,21
810.0,0
810.0,4
810.0,37
810.1,33
810.2,10
810.3,19
810.6,27
814.6,15
814.8,11
815.2,20
815.4,35
816.3,14
816.7,38
817.1,18
817.3,21
817.6,26
817.7,34
818.2,7
818.4,39
819.0,12
819.0,17
820.3,28
820.7,2
822.2,3
822.9,10
822.9,15
824.0,36
824.1,4
824.2,5
824.4,37
825.4,1
825.4,33
825.8,0
825.9,22
826.0,6
826.0,29
826.1,21
826.1,23
826.6,8
826.8,26
826.9,30
827.0,38
827.4,20
829.0,11
829.7,17
829.8,39
830.7,19
831.0,9
831.2,15
831.6,27
831.7,28
832.3,13
833.7,33
833.7,35
834.0,14
834.4,31
834.7,2
835.1,34
835.2,22
835.5,37
835.7,4
836.6,12
836.8,7
836.9,1
837.5,18
838.0,10
839.3,15
839.6,38
841.6,6
841.7,20
841.9,26
842.4,0
842.5,5
843.1,17
843.4,30
844.1,24
844.9,36
845.0,21
845.1,39
845.7,28
845.9,18
846.0,19
846.7,37
848.3,29
848.7,33
849.9,2
851.1,35
851.3,14
851.4,15
852.6,8
852.9,11
853.3,38
853.4,22
853.7,10
854.3,3
854.4,7
854.5,25
854.8,34
855.4,4
856.1,0
856.5,37
856.8,5
857.2,39
857.4,27
857.7,28
857.8,9
858.0,26
858.3,12
858.4,17
858.4,20
858.7,1
858.8,21
860.7,15
861.2,6
861.5,32
861.6,24
862.4,19
862.5,13
863.5,31
863.5,38
863.9,14
864.0,4
864.2,33
864.5,22
865.0,8
865.1,23
865.3,10
865.9,5
866.0,30
866.7,18
867.8,27
869.3,2
869.3,17
870.2,28
870.3,26
870.6,20
870.6,34
870.7,37
871.8,15
871.9,36
872.2,39
872.4,7
873.2,9
873.4,21
873.5,1
873.6,18
874.1,8
874.3,12
874.3,19
874.8,31
874.9,35
875.2,0
875.9,38
876.2,11
876.4,33
876.6,4
878.2,10
879.4,24
879.5,17
879.9,22
880.0,15
880.1,5
880.3,2
880.8,7
881.6,29
882.4,28
882.8,37
884.5,26
885.3,4
885.6,19
887.3,39
887.8,35
887.8,38
888.9,11
888.9,21
888.9,23
888.9,33
889.1,9
889.7,20
890.1,1
890.3,6
890.3,7
890.4,14
890.5,25
890.6,0
890.8,15
891.0,34
891.1,18
891.9,8
892.8,17
893.3,31
894.1,10
894.2,24
894.5,28
895.2,13
897.1,19
897.5,2
897.7,22
898.4,5
899.2,38
899.3,30
899.6,15
899.6,37
899.6,39
900.9,4
901.4,12
901.4,26
902.5,29
903.5,0
904.0,21
904.1,7
904.1,27
904.1,33
904.2,17
904.7,8
905.0,18
905.5,10
905.9,15
906.1,6
906.4,14
906.4,28
906.4,38
907.5,20
907.8,9
908.7,34
908.8,11
910.1,1
910.3,2
911.9,4
912.9,33
913.6,7
913.6,24
913.7,3
913.7,26
914.3,39
915.0,19
916.0,35
916.1,37
916.5,31
916.7,38
917.6,0
917.8,36
918.2,22
918.3,15
918.6,28
918.9,5
919.3,12
919.5,21
919.6,2
919.6,18
919.7,17
920.4,14
920.5,20
920.6,29
920.9,8
921.0,9
921.2,10
921.8,13
922.9,6
925.8,4
926.1,11
927.1,26
927.3,34
927.4,7
927.4,33
927.5,37
927.8,19
928.1,14
928.1,25
929.2,1
929.5,30
930.0,2
930.1,39
931.1,38
931.3,15
931.5,0
931.6,28
932.1,27
932.3,18
932.7,17
933.1,10
934.7,5
935.0,34
936.4,24
936.8,22
937.2,8
937.5,36
938.0,35
938.3,12
938.3,29
938.5,38
938.9,20
939.0,6
939.8,4
940.6,21
941.2,15
941.4,30
941.6,18
943.0,1
943.0,9
943.2,7
944.2,2
944.2,11
944.3,19
944.3,31
944.4,26
944.6,17
944.6,37
945.2,35
945.4,33
945.6,28
945.8,14
946.2,10
947.3,21
947.4,34
947.8,39
950.3,38
950.7,0
951.4,28
951.8,22
952.2,15
952.5,24
952.6,4
952.9,11
953.0,23
953.2,8
953.6,33
954.3,7
954.4,6
954.6,20
954.7,19
954.8,12
955.4,26
956.4,17
957.3,37
957.4,27
957.8,1
957.8,39
958.3,14
959.3,18
959.4,28
960.8,5
960.8,38
962.0,9
962.1,35
962.3,2
962.4,33
962.5,0
962.6,15
962.9,10
964.0,34
964.9,12
965.5,13
965.9,39
966.9,19
967.0,3
967.0,30
967.1,16
967.2,4
967.9,8
967.9,11
967.9,31
968.0,6
968.1,22
968.5,36
968.8,26
969.6,7
969.6,17
969.8,10
969.8,25
969.9,38
971.3,15
971.3,28
971.7,29
972.6,21
973.5,5
974.2,2
974.5,18
974.5,33
974.6,1
976.3,14
976.3,20
977.3,37
977.5,27
977.7,0
978.0,38
978.2,15
978.4,4
978.6,34
979.5,35
982.1,17
982.1,33
982.3,9
982.8,39
983.1,10
984.1,5
984.1,19
984.3,37
984.5,8
985.5,28
985.6,18
985.7,11
985.8,26
986.9,24
987.6,15
987.8,12
988.1,38
988.7,13
989.1,6
990.0,23
990.3,7
990.4,4
990.6,2
991.4,34
991.6,1
991.6,21
992.2,29
992.7,3
993.9,0
994.2,17
994.8,28
994.9,10
995.7,20
995.8,15
996.6,35
997.0,5
997.2,26
997.4,30
997.8,19
998.9,22
998.9,33
999.4,9
999.8,39
999.9,12
1000.1,25
1000.1,38
1000.3,37
1000.4,18
1001.1,14
1001.9,27
1002.2,8
1002.6,11
1003.0,6
1003.9,4
1004.4,36
1005.2,17
1005.4,2
1005.8,31
1005.9,15
1006.7,20
1007.5,1
1008.3,18
1008.7,28
1009.3,33
1009.6,19
1010.0,26
1010.5,24
1010.6,0
1010.6,21
1010.8,10
1011.3,23
1011.5,7
1011.7,39
1012.0,5
1012.8,14
1013.0,15
1013.1,38
1014.2,28
1015.5,9
1016.0,22
1016.1,11
1016.6,4
1017.7,35
1018.0,37
1018.9,17
1019.2,21
1019.3,30
1019.4,34
1019.5,29
1019.9,1
1020.4,15
1021.5,10
1022.5,8
1022.7,18
1022.7,39
1022.8,3
1022.9,19
1023.9,16
1024.3,26
1024.4,2
1024.4,6
1024.8,12
1024.8,33
1025.2,20
1025.4,0
1025.5,38
1026.0,5
1026.0,28
1026.2,4
1026.2,13
1028.9,17
1029.0,11
1033.0,37
1033.5,18
1033.7,1
1033.8,14
1033.9,34
1034.0,15
1034.3,19
1034.3,22
1034.3,35
1034.4,7
1034.4,27
1034.4,38
1034.6,29
1034.9,10
1037.6,28
1037.9,2
1038.2,9
1038.5,33
1038.9,21
1039.4,4
1039.9,0
1040.4,24
1040.7,8
1040.7,20
1040.8,15
1040.9,39
1041.0,25
1041.0,31
1041.7,17
1042.0,11
1042.2,6
1042.3,30
1042.4,38
1042.9,23
1043.0,12
1043.4,37
1043.8,26
1044.1,7
1048.7,15
1049.5,2
1050.3,28
1050.4,1
1050.4,33
1050.7,13
1051.3,3
1051.3,18
1051.4,5
1051.8,4
1051.9,39
1052.1,10
1052.1,35
1052.2,14
1052.3,22
1053.2,38
1054.2,19
1054.9,34
1055.2,29
1055.4,6
1055.4,17
1055.9,37
1056.2,21
1056.3,12
1056.8,15
1057.7,23
1058.4,18
1059.0,27
1059.0,33
1059.1,0
1059.2,7
1059.3,30
1059.6,9
1060.6,36
1060.7,10
1061.3,8
1062.6,17
1062.9,4
1062.9,2
1063.7,28
1064.8,26
1066.0,31
1066.1,38
1066.2,11
1066.3,1
1066.7,21
1067.2,24
1067.2,35
1067.3,5
1067.4,15
1067.5,20
1067.5,39
1068.7,14
1069.2,6
1069.3,37
1069.8,34
1072.2,33
1073.7,17
1074.7,26
1075.1,15
1075.2,28
1075.4,19
1075.7,0
1076.1,30
1076.6,27
1077.3,38
1077.5,22
1077.7,10
1077.8,9
1077.8,18
1078.2,4
1078.4,2
1078.6,39
1078.9,5
1080.1,7
1080.2,37
1081.5,21
1081.6,35
1082.4,14
1082.6,8
1083.7,29
1083.8,3
1084.0,17
1084.2,15
1084.4,6
1084.6,12
1084.6,36
1084.9,28
1085.3,18
1085.4,24
1086.2,20
1086.4,0
1087.2,1
1087.2,16
1087.3,38
1088.8,33
1088.9,9
1089.5,11
1089.5,13
1090.4,5
1090.8,4
1091.0,39
1092.6,35
1093.0,34
1094.3,28
1094.5,37
1094.8,15
1094.8,19
1095.1,10
1095.6,7
1095.9,30
1096.3,2
1097.2,17
1097.6,26
1098.0,23
1098.0,38
1098.3,22
1099.0,25
1099.7,12
1100.0,21
1100.7,18
1101.2,4
1101.2,39
1102.1,15
1102.4,34
1102.5,14
1103.5,0
1103.6,29
1104.0,27
1104.4,6
1104.6,8
1105.2,11
1105.4,24
1105.5,28
1106.6,33
1106.8,37
1107.1,7
1107.3,17
1107.7,19
1108.2,38
1108.4,1
1109.7,31
1110.0,20
1110.5,9
1110.8,15
1110.8,36
1111.0,2
1111.7,10
1112.2,5
1112.9,13
1112.9,39
1114.3,4
1114.4,18
1114.5,26
1115.2,21
1115.4,0
1115.5,14
1115.7,17
1116.0,28
1116.1,38
1117.6,6
1118.4,3
1118.5,33
1118.9,39
1119.3,22
1119.3,19
1119.5,24
1119.9,12
1120.5,2
1121.2,15
1121.2,11
1121.3,20
1122.0,34
1122.3,37
1123.1,10
1123.6,27
1124.1,30
1124.1,35
1124.4,7
1125.8,8
1125.9,29
1126.1,28
1126.8,38
1127.3,4
1127.4,18
1128.2,1
1128.5,0
1128.6,5
1128.7,31
1128.9,15
1129.1,9
1129.2,19
1130.3,17
1130.6,26
1134.0,39
1134.5,37
1134.8,21
1135.5,6
1135.8,33
1136.4,20
1136.9,14
1137.2,10
1137.2,15
1137.3,25
1137.3,27
1137.3,35
1137.3,28
1138.0,22
1138.1,38
1138.5,32
1139.3,34
1139.4,17
1139.7,18
1139.8,24
1141.1,2
1142.7,7
1144.3,9
1144.3,11
1144.8,0
1144.8,15
1145.8,5
1146.0,19
1146.3,30
1146.7,26
1146.9,12
1146.9,36
1146.9,38
1146.9,39
1147.7,1
1149.0,17
1149.2,4
1151.6,13
1151.7,29
1151.8,8
1151.8,37
1152.3,6
1152.7,33
1153.1,28
1153.3,10
1153.3,31
1153.9,7
1153.9,14
1155.3,18
1155.5,21
1155.8,20
1156.1,15
1156.4,38
1156.6,17
1156.9,3
1158.4,39
1158.9,2
1159.2,0
1159.7,4
1160.0,35
1161.4,7
1163.5,28
1165.0,6
1165.4,34
1165.7,37
1165.9,24
1166.2,9
1166.3,5
1166.3,26
1166.4,11
1166.4,18
1166.4,19
1166.4,23
1167.0,15
1167.3,25
1167.5,10
1168.1,33
1168.2,12
1168.2,14
1168.6,21
1168.9,38
1169.2,22
1169.8,17
1169.9,2
1170.0,4
1170.2,13
1171.5,8
1172.6,20
1172.9,36
1173.4,1
1173.6,39
1174.4,35
1175.6,28
1176.1,29
1176.9,0
1176.9,31
1178.0,15
1178.3,17
1178.8,33
1179.0,7
1179.8,38
1180.2,34
1180.6,10
1180.8,16
1180.8,30
1181.3,5
1181.4,27
1181.5,19
1181.8,26
1182.9,6
1184.0,4
1184.2,37
1184.6,14
1184.7,15
1184.7,28
1184.8,2
1185.3,32
1185.6,22
1185.9,35
1186.1,0
1186.1,18
1186.2,21
1186.6,17
1186.8,20
1186.9,11
1187.6,8
1188.3,9
1191.6,10
1192.3,24
1192.4,39
1193.4,38
1194.0,21
1194.2,5
1194.2,34
1194.4,19
1194.4,33
1194.7,2
1195.0,4
1195.6,37
1196.1,7
1196.9,28
1197.1,15
1198.2,29
1199.2,31
1199.4,8
1199.6,0
1199.7,12
1200.4,6
1201.0,9
1201.5,17
1201.6,38
1202.3,39
1203.4,30
1204.1,1
1204.1,18
1204.1,37
1204.5,26
1205.7,28
1205.9,13
1205.9,21
1206.5,36
1207.4,15
1207.4,4
1207.6,19
1208.0,35
1208.3,14
1208.4,25
1208.7,10
1209.3,3
1209.5,17
1210.0,33
1210.3,11
1211.0,38
1211.4,5
1212.0,39
1212.4,22
1212.6,18
1212.7,2
1213.3,9
1214.1,15
1214.2,7
1214.5,24
1214.8,27
1216.5,0
1216.8,20
1218.1,34
1218.8,28
1219.6,38
1219.8,19
1219.9,17
1219.9,12
1220.3,6
1220.6,10
1220.7,1
1221.2,8
1221.4,37
1221.7,4
1221.9,31
1222.1,29
1222.3,27
1222.9,21
1223.5,26
1223.6,15
1224.0,39
1224.7,11
1225.0,33
1225.9,2
1226.0,30
1226.3,5
1226.7,18
1227.4,14
1228.0,0
1229.5,28
1230.5,38
1230.6,19
1230.8,34
1230.9,15
1231.0,22
1231.4,12
1232.3,6
1233.2,24
1233.4,17
1235.0,37
1235.4,35
1236.3,20
1237.7,27
1237.9,7
1238.5,5
1238.5,33
1239.1,9
1239.1,10
1239.2,28
1239.3,0
1239.8,4
1240.1,13
1240.1,39
1240.1,11
1240.2,26
1240.4,22
1240.5,30
1240.6,1
1240.9,29
1241.1,21
1241.5,18
1241.5,34
1241.7,2
1241.7,38
1241.7,15
1241.9,12
1242.1,8
1243.1,6
1243.5,14
1245.9,17
1246.2,3
1247.2,35
1247.4,10
1247.4,37
1248.1,28
1248.3,19
1248.5,0
1249.6,15
1251.2,20
1252.5,18
1252.5,30
1252.6,36
1252.6,38
1252.9,27
1253.0,24
1253.1,11
1253.1,31
1253.3,33
1253.3,39
1253.8,21
1254.4,7
1254.9,26
1255.4,34
1255.5,1
1255.6,4
1257.2,0
1257.4,23
1257.6,6
1257.7,17
1257.8,5
1258.6,2
1258.9,9
1259.0,20
1259.1,28
1259.5,8
1260.3,15
1261.8,39
1262.1,14
1262.1,19
1262.3,29
1262.5,22
1262.7,33
1263.2,35
1263.2,37
1264.6,10
1264.6,12
1265.6,15
1266.4,38
1267.0,18
1267.2,0
1268.2,28
1269.0,26
1269.6,13
1269.6,16
1269.9,21
1270.4,4
1270.6,34
1270.8,7
1270.9,37
1271.5,30
1271.6,17
1271.8,6
1272.0,38
1273.3,19
1274.1,9
1274.4,39
1275.1,10
1275.2,12
1275.9,23
1276.0,2
1276.3,33
1276.3,11
1276.7,15
1277.3,31
1277.5,0
1277.5,14
1280.0,20
1280.3,17
1281.4,35
1281.8,22
1282.6,3
1283.5,21
1283.5,26
1283.5,27
1283.6,4
1283.8,38
1283.9,39
1284.1,7
1284.3,5
1284.4,24
1284.4,28
1285.0,37
1285.1,6
1285.6,15
1285.8,29
1286.1,18
1287.5,2
1287.5,8
1287.6,1
1287.6,17
1287.7,19
1288.2,33
1288.7,34
1289.4,9
1291.4,30
1293.2,28
1294.1,10
1294.5,1
1294.6,38
1295.2,4
1296.2,15
1296.3,25
1296.4,0
1296.6,11
1297.4,26
1297.5,3
1297.6,19
1297.6,21
1297.6,39
1297.8,13
1298.1,22
1298.4,37
1298.7,20
1298.8,29
1301.1,18
1301.7,14
1301.8,2
1303.0,7
1303.0,10
1303.1,27
1303.5,33
1303.9,12
1304.5,35
1305.0,24
1305.5,38
1305.8,9
1305.8,28
1306.4,17
1306.4,20
1307.9,31
1308.4,15
1309.1,36
1309.6,1
1309.7,18
1309.8,37
1309.9,30
1310.1,39
1310.3,34
1310.3,26
1310.5,11
1310.6,21
1311.1,6
1311.5,5
1312.1,19
1312.3,8
1312.4,22
1313.2,2
1313.3,4
1313.5,29
1314.0,28
1314.5,0
1314.8,13
1316.4,15
1316.7,38
1317.1,14
1320.6,17
1321.3,10
1321.8,35
1322.1,39
1322.2,7
1322.2,20
1322.2,33
1322.7,26
1323.0,24
1323.2,9
1323.6,4
1324.5,37
1325.1,1
1325.4,18
1325.4,28
1325.8,15
1326.6,5
1327.1,34
1327.2,3
1327.5,0
1327.9,11
1328.2,6
1328.3,21
1328.9,2
1329.1,31
1329.1,38
1329.2,12
1329.8,19
1330.1,8
1330.1,39
1330.9,13
1331.2,27
1334.3,15
1335.0,26
1335.5,28
1335.9,4
1336.5,10
1336.5,17
1336.7,7
1336.9,30
1337.0,9
1337.6,38
1337.8,33
1338.2,18
1338.2,36
1338.8,35
1339.7,37
1339.8,20
1340.0,14
1343.4,24
1343.9,15
1344.3,2
1344.8,34
1345.5,7
1345.8,1
1345.9,19
1346.0,6
1346.3,4
1346.5,25
1347.3,0
1347.3,29
1347.4,22
1347.5,17
1347.5,39
1349.0,38
1349.1,5
1349.1,28
1349.6,10
1349.7,11
1349.9,16
1350.0,15
1350.3,12
1350.7,8
1351.0,21
1351.3,18
1351.4,37
1352.5,35
1352.9,26
1353.5,9
1353.8,13
1353.8,14
1353.8,33
1355.7,20
1356.2,0
1356.2,6
1356.8,31
1358.5,38
1358.9,28
1359.0,4
1359.3,15
1359.6,7
1359.9,19
1360.0,2
1360.8,23
1360.8,39
1361.2,10
1361.2,36
1361.3,27
1362.2,5
1362.7,1
1363.2,18
1363.2,17
1363.5,30
1364.2,24
1368.1,26
1368.2,11
1368.3,38
1368.9,15
1369.8,9
1369.9,12
1369.9,17
1370.0,29
1370.2,21
1370.7,25
1370.8,37
1371.1,2
1371.2,6
1371.4,4
1371.4,31
1371.5,22
1371.5,33
1371.6,20
1371.6,34
1371.7,39
1371.9,28
1372.2,0
1372.2,10
1372.8,3
1375.5,35
1376.4,7
1377.2,19
1377.5,18
1378.5,38
1378.9,30
1380.7,15
1380.8,8
1380.9,27
1380.9,33
1381.1,10
1382.7,17
1383.0,14
1383.0,39
1383.5,21
1383.5,29
1383.8,2
1384.4,28
1384.6,5
1384.8,37
1385.3,4
1385.8,0
1386.9,11
1386.9,26
1386.9,34
1387.6,15
1389.9,18
1390.4,38
1390.7,36
1391.1,20
1391.8,9
1394.0,6
1395.3,19
1395.3,21
1395.3,39
1395.4,10
1395.4,17
1396.6,37
1396.7,22
1396.9,15
1397.0,1
1397.0,7
1397.2,31
1397.5,28
1397.6,8
1397.6,33
1398.1,34
1398.7,2
1398.8,12
1399.0,4
1399.2,30
1400.2,5
1400.4,24
1400.5,16
1400.5,18
1400.9,35
1401.3,6
1403.3,0
1403.5,38
1403.6,39
1405.0,20
1405.1,14
1405.1,27
1405.2,15
1406.2,17
1407.1,11
1407.3,28
1408.6,1
1409.1,2
1409.9,39
1410.1,26
1410.4,4
1410.8,33
1410.9,7
1411.5,19
1411.5,21
1411.8,18
1412.5,15
1413.4,25
1413.9,5
1414.6,37
1414.8,38
1414.9,34
1415.0,10
1415.0,20
1415.1,28
1416.2,9
1417.2,36
1417.6,22
1417.7,0
1418.5,30
1419.2,6
1419.5,12
1419.6,29
1420.5,4
1421.3,17
1421.5,35
1422.4,15
1422.4,19
1422.9,39
1423.3,2
1424.1,24
1426.8,28
1427.0,38
1427.1,1
1427.2,7
1427.5,8
1427.6,23
1428.0,3
1428.2,18
1428.5,13
1428.5,21
1428.6,26
1428.9,9
1429.0,14
1429.2,33
1429.5,15
1430.2,10
1430.3,11
1431.1,39
1431.2,0
1431.2,5
1433.6,22
1434.5,2
1434.9,27
1435.3,19
1435.3,38
1436.1,6
1436.3,17
1436.6,34
1437.1,20
1438.3,35
1438.4,26
1439.2,7
1439.2,24
1439.2,29
1439.2,30
1439.5,37
1440.0,12
1440.7,0
1440.8,28
1440.9,4
1440.9,15
1441.7,14
1443.3,25
1444.2,39
1445.0,10
1445.1,33
1446.3,11
1446.3,21
1446.7,1
1447.2,13
1447.5,38
1447.8,8
1448.0,18
1448.1,5
1448.5,22
1448.8,2
1450.3,9
1450.8,19
1451.0,28
1451.3,29
1452.3,0
1452.7,15
1453.1,20
1453.2,7
1453.3,12
1453.4,26
1453.9,17
1454.6,37
1455.6,34
1455.8,39
1455.9,6
1456.4,33
1456.8,10
1457.1,27
1458.1,4
1459.0,38
1459.5,0
1459.7,21
1460.5,1
1460.9,2
1461.1,15
1461.2,36
1461.8,5
1462.2,35
1462.5,19
1462.8,14
1463.1,11
1464.0,8
1464.3,28
1464.8,31
1465.3,9
1465.3,18
1465.6,17
1466.2,10
1466.3,7
1466.3,39
1466.6,3
1467.8,20
1469.8,30
1469.9,15
1469.9,26
1470.6,6
1470.6,22
1471.0,38
1471.8,2
1471.9,33
1473.0,34
1473.4,11
1474.0,4
1475.0,18
1475.9,0
1476.0,35
1476.3,15
1476.6,25
1476.7,39
1476.8,37
1476.9,38
1477.3,7
1477.3,28
1477.9,17
1478.2,10
1478.3,24
1478.4,14
1478.4,29
1479.0,5
1479.5,12
1480.1,1
1480.2,9
1481.6,2
1482.7,21
1483.2,27
1484.0,8
1484.0,18
1485.2,33
1485.5,26
1486.1,4
1486.4,15
1486.5,30
1486.9,6
1486.9,19
1486.9,23
1488.8,10
1489.5,34
1489.5,38
1489.6,20
1489.7,28
1490.7,37
1490.9,22
1491.3,0
1491.7,36
1492.2,31
1493.1,15
1493.5,39
1493.6,29
1493.7,13
1494.2,7
1497.1,26
1497.5,5
1497.8,8
1498.1,33
1498.1,17
1498.8,2
1498.8,11
1498.8,28
1499.1,19
1499.3,25
1499.7,18
1500.7,39
1500.8,14
1500.9,21
1501.2,35
1501.3,38
1502.5,4
1503.5,10
1503.9,15
1504.2,30
1504.6,1
1505.5,37
1505.7,24
1506.1,34
1506.4,12
1506.5,0
1506.6,6
1506.7,20
1506.7,29
1507.4,18
1507.7,5
1508.2,9
1508.2,28
1508.8,19
1508.8,38
1509.0,11
1509.9,35
1510.0,33
1510.3,3
1510.3,17
1511.7,39
1512.1,7
1512.2,14
1513.0,22
1513.5,10
1514.5,15
1514.5,21
1514.7,26
1514.7,27
1515.0,30
1515.2,2
1516.5,4
1516.7,28
1518.7,0
1519.0,1
1520.4,18
1520.6,19
1521.0,25
1521.8,15
1521.9,5
1522.2,37
1522.4,8
1523.2,29
1523.2,34
1523.2,39
1523.5,17
1525.7,7
1526.0,2
1526.8,33
1527.1,38
1527.2,30
1527.8,20
1528.7,28
1528.8,4
1529.2,15
1530.1,14
1530.4,12
1530.6,10
1530.7,29
1530.9,9
1530.9,17
1531.7,24
1532.1,26
1532.1,31
1532.1,27
1532.3,35
1532.4,6
1533.3,13
1534.3,0
1534.3,19
1535.5,8
1536.6,22
1536.8,15
1536.9,18
1537.5,7
1537.7,3
1537.8,38
1538.2,34
1538.4,5
1538.9,36
1539.8,28
1539.9,30
1539.9,37
1540.3,39
1540.5,26
1541.2,2
1541.2,17
1541.4,10
1542.0,11
1542.5,20
1542.7,4
1542.7,21
1545.7,33
1545.8,12
1546.6,19
1546.9,6
1546.9,9
1546.9,38
1547.0,0
1547.9,15
1548.4,28
1548.4,29
1548.8,23
1548.9,1
1549.0,13
1549.0,24
1549.6,18
1550.6,22
1550.6,35
1553.3,37
1553.6,39
1553.7,17
1554.2,5
1554.9,10
1554.9,20
1555.0,26
1555.4,21
1555.5,8
1555.6,2
1555.7,7
1555.7,14
1556.1,38
1556.4,9
1556.7,34
1557.1,11
1557.4,0
1557.4,28
1558.1,4
1560.6,15
1560.6,27
1561.3,39
1562.1,18
1563.0,30
1563.2,3
1563.2,17
1563.5,4
1563.5,35
1563.6,31
1564.3,19
1564.3,20
1564.7,33
1564.8,6
1564.9,15
1565.1,10
1569.1,25
1569.5,1
1570.4,34
1570.5,5
1570.8,2
1570.9,12
1571.2,29
1572.5,22
1572.7,33
1572.8,8
1572.8,21
1572.8,38
1573.3,7
1573.4,11
1573.6,28
1573.9,0
1574.0,37
1574.4,15
1574.8,39
1575.0,32
1575.2,9
1576.8,17
1577.0,26
1577.1,14
1577.8,10
1578.6,13
1578.6,24
1580.4,19
1580.4,28
1580.6,2
1580.8,4
1581.0,35
1582.0,18
1582.7,6
1583.2,38
1583.6,20
1583.7,37
1584.0,15
1584.4,7
1584.7,30
1586.2,34
1586.4,5
1587.3,39
1588.0,17
1588.1,0
1588.5,36
1589.7,8
1590.7,31
1590.8,28
1591.7,1
1591.8,13
1591.8,27
1592.2,4
1593.3,14
1594.2,15
1595.1,10
1595.3,25
1595.8,33
1595.8,38
1596.0,9
1596.1,18
1596.3,26
1596.4,35
1596.6,39
1596.8,22
1596.8,21
1597.2,11
1597.9,2
1599.5,37
1600.2,23
1600.7,4
1601.0,19
1601.3,12
1601.8,17
1602.7,28
1602.7,7
1603.5,30
1603.6,15
1604.2,24
1605.0,5
1605.0,14
1605.5,29
1606.2,33
1606.5,8
1606.5,0
1606.5,38
1606.5,39
1606.8,2
1607.3,34
1607.4,6
1607.7,20
1607.9,10
1608.1,18
1609.9,26
1610.9,28
1611.0,35
1612.1,37
1612.4,22
1612.8,15
1612.9,7
1613.1,21
1614.0,17
1614.3,3
1615.9,29
1615.9,39
1616.6,19
1617.0,0
1617.0,8
1617.5,4
1617.5,31
1617.6,23
1618.4,2
1618.4,27
1619.5,24
1619.8,11
1620.5,38
1620.7,1
1621.2,15
1621.3,5
1621.6,18
1621.9,14
1622.1,9
1622.5,22
1622.5,33
1622.5,34
1622.7,10
1623.0,28
1624.0,17
1624.3,6
1624.5,37
1625.0,20
1625.9,7
1626.5,26
1626.7,4
1628.0,19
1628.1,13
1628.5,21
1628.9,36
1630.4,2
1630.6,1
1630.9,15
1631.1,39
1631.4,16
1631.5,30
1631.6,29
1632.7,8
1632.7,0
1632.9,12
1633.2,38
1633.2,28
1634.9,17
1636.1,10
1636.4,26
1637.2,18
1637.4,14
1637.5,25
1637.7,22
1637.8,4
1638.1,15
1638.8,7
1639.2,24
1639.3,35
1639.5,33
1639.9,11
1640.0,9
1640.7,34
1640.8,37
1640.9,5
1641.0,20
1641.0,31
1641.2,12
1641.5,38
1642.2,21
1642.3,19
1642.7,2
1643.5,3
1644.8,17
1646.1,10
1646.1,39
1646.9,6
1646.9,27
1647.1,0
1647.1,26
1647.3,8
1647.4,15
1647.4,28
1647.5,38
1649.6,18
1650.1,1
1651.2,22
1651.2,4
1652.0,7
1652.3,23
1653.6,11
1654.2,5
1654.7,9
1655.1,37
1655.3,10
1655.3,19
1655.6,20
1655.6,36
1655.8,39
1655.9,33
1656.3,15
1656.4,34
1656.7,17
1656.9,21
1657.2,24
1657.3,14
1657.7,30
1657.8,38
1658.7,2
1659.4,18
1659.6,28
1663.4,35
1664.3,0
1665.0,1
1665.8,6
1665.8,7
1665.9,4
1666.1,15
1666.1,17
1666.2,11
1666.3,5
1666.6,19
1666.6,31
1666.7,36
1667.0,22
1667.5,26
1670.4,20
1670.5,29
1670.8,28
1670.8,37
1670.9,38
1671.0,10
1671.2,14
1671.2,34
1671.4,12
1672.0,3
1672.1,33
1672.4,9
1672.5,1
1673.3,39
1674.2,0
1674.2,2
1674.6,8
1674.6,15
1675.4,21
1675.5,17
1675.7,18
1676.9,5
1677.5,19
1679.5,34
1680.8,4
1681.3,26
1681.5,37
1682.6,7
1682.6,14
1682.8,13
1683.8,39
1684.1,27
1684.3,30
1684.6,35
1685.1,24
1685.2,33
1685.4,15
1685.7,17
1685.7,28
1685.7,38
1686.9,6
1687.6,0
1687.7,10
1687.8,20
1687.9,29
1688.2,2
1688.3,5
1689.0,23
1689.2,3
1689.3,21
1689.5,8
1689.5,18
1690.0,26
1690.3,22
1690.7,9
1690.8,4
1691.1,19
1691.6,38
1693.2,31
1693.6,7
1694.2,1
1694.2,28
1695.2,17
1695.7,39
1697.6,15
1698.0,37
1698.1,12
1699.5,34
1700.0,25
1700.5,10
1700.8,19
1700.9,20
1701.1,11
1701.2,24
1701.5,4
1702.9,5
1703.0,18
1703.7,21
1704.3,2
1704.3,6
1704.7,9
1705.0,15
1705.1,38
1705.3,8
1705.3,17
1705.4,0
1705.4,14
1705.5,33
1705.6,28
1705.8,26
1706.2,39
1707.1,1
1707.2,27
1707.4,22
1707.6,31
1707.6,35
1707.6,30
1708.0,23
1710.2,7
1711.9,11
1713.4,19
1713.6,16
1714.3,34
1714.6,4
1715.0,10
1715.1,0
1715.4,37
1715.5,20
1715.6,18
1715.7,3
1716.2,13
1716.6,15
1717.2,38
1717.3,36
1717.8,2
1718.3,17
1719.0,6
1719.6,21
1719.7,26
1719.7,39
1720.5,1
1720.5,28
1720.5,33
1720.6,9
1723.4,29
1723.8,24
1724.2,4
1724.7,15
1724.8,0
1725.2,10
1725.3,8
1725.4,14
1725.4,30
1726.1,26
1726.5,31
1726.6,22
1726.7,12
1726.9,7
1728.0,19
1728.3,17
1728.5,27
1730.4,33
1731.2,38
1731.4,5
1731.4,25
1731.7,11
1732.7,18
1732.8,21
1732.8,37
1732.9,28
1733.1,20
1733.5,39
1733.7,34
1734.1,6
1734.2,29
1734.9,15
1735.3,2
1735.6,4
1737.1,35
1737.8,0
1738.1,1
1738.2,23
1738.6,17
1739.8,30
1740.6,10
1741.9,28
1742.6,7
1743.1,26
1743.6,5
1743.7,38
1743.9,9
1744.0,18
1744.5,19
1744.6,15
1744.6,33
1745.1,24
1745.1,31
1745.3,14
1745.4,13
1745.6,27
1745.7,21
1746.0,22
1746.2,6
1747.2,8
1747.8,37
1748.6,39
1749.1,2
1751.2,10
1751.3,35
1752.1,4
1752.4,34
1753.1,12
1753.2,17
1753.8,28
1754.5,0
1754.6,29
1754.9,15
1755.0,20
1755.2,36
1755.6,3
1755.9,26
1756.1,38
1756.6,1
1756.8,11
1757.4,7
1757.6,33
1757.8,5
1757.8,19
1758.1,9
1759.8,21
1759.8,30
1760.1,39
1761.1,16
1761.7,22
1761.7,37
1761.9,4
1762.0,18
1762.5,6
1762.5,28
1763.0,0
1763.4,17
1764.2,2
1764.7,15
1765.5,25
1767.3,26
1767.4,7
1767.7,10
1768.0,31
1768.1,38
1768.4,8
1768.8,19
1769.1,20
1770.5,11
1771.3,5
1771.3,34
1771.8,14
1771.9,15
1772.0,23
1772.4,33
1772.7,10
1773.6,39
1774.0,30
1774.4,24
1774.5,17
1774.5,29
1775.3,1
1775.4,35
1776.0,22
1776.1,18
1776.2,38
1776.7,2
1776.8,21
1777.1,37
1777.3,6
1777.3,28
1777.7,4
1778.4,13
1779.1,19
1779.5,9
1780.1,10
1780.2,15
1780.7,3
1781.6,12
1782.3,20
1782.8,0
1784.3,7
1784.5,26
1784.6,17
1786.3,8
1787.0,38
1787.5,1
1787.5,34
1787.9,28
1788.0,11
1788.4,16
1788.4,39
1788.6,4
1788.6,18
1788.7,15
1788.9,21
1789.3,36
1791.8,19
1793.4,10
1793.4,33
1794.4,35
1795.6,27
1795.7,6
1796.0,26
1796.5,2
1796.5,5
1796.6,37
1796.7,0
1796.9,14
1797.1,20
1797.3,30
1797.4,25
1797.8,38
1798.2,15
1798.3,7
1798.5,18
1798.7,22
1798.9,12
1799.0,8
1799.0,17
1799.4,1
1800.0,28
1800.0,29
1800.2,4
1800.8,19
1801.4,39
1803.2,9
1803.2,24
1803.3,34
1804.1,10
1804.5,2
1805.8,3
1806.0,38
1807.5,33
1807.7,13
1808.1,15
1808.1,21
1809.0,6
1810.1,17
1810.3,11
1810.5,22
1810.8,28
1810.8,37
1811.0,35
1811.3,26
1811.5,18
1812.0,5
1812.2,19
1812.9,0
1813.2,29
1814.1,4
1814.2,34
1814.8,14
1814.8,39
1814.9,31
1815.3,12
1815.6,27
1815.8,10
1816.1,8
1817.1,1
1817.2,2
1817.6,7
1818.0,20
1818.8,15
1819.6,9
1819.6,33
1820.1,23
1820.4,17
1822.3,38
1822.4,26
1822.6,28
1823.8,30
1823.9,36
1824.1,21
1824.2,6
1824.5,18
1825.5,0
1827.3,4
1827.7,24
1827.8,11
1827.8,34
1827.8,35
1827.9,37
1828.2,2
1828.2,22
1828.4,1
1828.4,3
1828.4,10
1828.4,39
1828.8,7
1828.9,38
1829.1,17
1830.1,15
1830.2,20
1830.3,19
1830.6,9
1830.9,8
1831.8,21
1833.9,14
1834.5,29
1835.1,28
1835.1,31
1835.2,33
1835.4,5
1837.4,4
1838.7,38
1839.0,6
1839.1,17
1839.5,22
1839.6,15
1839.6,23
1839.7,18
1840.1,37
1840.2,27
1840.3,39
1840.4,26
1840.8,7
1840.9,30
1841.3,2
1841.3,11
1841.8,34
1841.9,19
1842.4,9
1842.4,21
1842.5,12
1843.5,0
1845.0,10
1845.2,20
1845.9,1
1847.5,25
1848.1,28
1848.3,35
1848.3,38
1848.5,14
1849.0,15
1849.5,24
1850.1,8
1850.3,17
1850.5,22
1850.9,18
1851.4,33
1851.6,5
1851.8,4
1853.0,19
1853.3,2
1853.4,39
1854.0,13
1854.1,11
1854.6,6
1855.6,15
1855.7,34
1856.2,28
1856.8,29
1857.0,0
1857.8,37
1857.9,10
1858.0,26
1858.5,38
1859.2,7
1860.7,27
1860.8,4
1861.2,1
1861.5,21
1862.4,20
1862.9,15
1863.2,9
1863.8,18
1865.3,39
1865.4,17
1865.6,12
1865.7,11
1866.2,19
1866.2,28
1866.5,38
1867.0,8
1867.1,6
1867.1,33
1867.2,0
1868.1,24
1868.8,34
1868.8,35
1869.0,30
1869.4,22
1869.6,5
1870.3,7
1870.6,10
1870.6,37
1872.9,31
1873.9,14
1874.1,4
1874.1,15
1874.2,2
1875.6,33
1876.1,26
1876.4,18
1876.6,21
1877.1,20
1877.6,39
1877.7,27
1877.9,29
1878.8,5
1878.8,28
1879.0,17
1879.2,23
1879.6,24
1879.7,0
1880.1,13
1880.3,38
1880.5,6
1885.6,35
1885.9,19
1886.1,10
1886.1,34
1886.3,11
1886.5,15
1888.0,9
1888.3,12
1889.3,37
1890.4,26
1890.6,21
1890.6,28
1890.9,7
1891.0,2
1891.0,17
1891.0,33
1891.1,0
1891.1,8
1891.1,38
1891.2,39
1891.5,5
1892.4,22
1892.6,18
1893.0,1
1893.6,4
1893.8,15
1894.2,6
1895.7,3
1896.7,27
1897.1,19
1897.5,20
1898.1,25
1898.3,38
1898.7,12
1898.7,29
1898.8,34
1899.0,24
1899.1,14
1899.6,28
1900.2,8
1900.3,30
1900.3,37
1900.5,11
1902.1,26
1902.6,4
1902.8,39
1903.3,10
1904.9,33
1905.0,2
1905.3,17
1906.0,1
1906.1,15
1906.1,36
1906.3,5
1906.5,0
1907.5,21
1908.0,9
1908.0,11
1908.6,31
1909.1,7
1909.4,28
1909.5,6
1910.6,37
1910.7,22
1910.7,35
1913.8,18
1914.1,27
1914.2,16
1914.3,19
1914.6,4
1914.8,33
1914.9,14
1914.9,23
1914.9,2
1915.5,29
1915.7,38
1915.8,17
1916.8,6
1916.9,39
1917.4,3
1917.8,10
1918.4,8
1918.5,25
1919.1,13
1919.3,5
1919.5,34
1919.6,15
1919.8,9
1920.0,20
1920.9,30
1921.0,24
1921.7,12
1921.9,28
1923.1,1
1923.8,0
1925.5,2
1925.6,7
1925.6,37
1925.6,39
1925.8,36
1926.0,26
1926.1,17
1926.3,4
1926.3,38
1927.0,31
1927.3,15
1927.4,22
1927.7,19
1927.8,14
1928.8,21
1929.6,10
1930.6,30
1930.8,5
1932.0,28
1932.1,11
1932.2,35
1933.0,33
1933.0,34
1934.3,18
1934.4,24
1934.8,39
1935.0,26
1935.6,1
1935.6,15
1936.6,8
1939.5,7
1939.9,38
1940.2,17
1940.3,9
1941.1,12
1941.1,29
1941.4,20
1941.7,31
1941.8,27
1941.9,4
1941.9,6
1942.3,2
1942.5,0
1943.8,37
1944.7,28
1944.8,14
1945.0,5
1945.2,19
1945.2,34
1945.8,22
1946.9,35
1947.0,26
1947.1,10
1947.2,21
1947.3,3
1947.3,13
1947.3,15
1948.1,39
1949.7,11
1950.7,4
1950.8,33
1953.7,1
1953.7,25
1953.8,38
1953.9,18
1954.9,6
1955.7,2
1955.8,28
1956.0,0
1956.3,24
1956.6,8
1956.7,17
1957.2,15
1957.5,7
1957.5,9
1957.6,14
1957.9,26
1958.8,27
1959.0,19
1959.0,37
1959.1,35
1959.2,39
1959.3,21
1959.3,23
1959.4,20
1959.5,10
1961.5,4
1961.9,33
1962.2,30
1963.1,12
1963.6,38
1963.7,13
1964.2,34
1964.4,5
1965.5,29
1965.7,22
1966.0,1
1966.6,18
1967.1,31
1967.2,17
1967.3,6
1967.3,15
1968.7,2
1969.4,8
1971.2,28
1973.8,37
1973.8,39
1973.9,4
1974.2,3
1974.8,26
1975.3,0
1975.5,19
1975.6,38
1975.8,35
1976.1,27
1976.5,23
1976.6,15
1976.8,7
1976.9,22
1977.3,10
1977.6,29
1978.3,17
1978.4,24
1978.6,18
1978.9,33
1979.1,5
1980.5,11
1980.5,21
1982.0,34
1982.0,39
1983.5,2
1984.1,28
1984.2,12
1984.7,9
1985.8,10
1985.8,14
1986.8,26
1986.9,15
1988.0,7
1988.6,17
1989.6,20
1989.6,4
1989.6,19
1989.6,30
1989.9,27
1990.3,0
1990.7,3
1990.8,28
1991.3,1
1991.3,38
1991.5,24
1991.6,29
1991.8,6
1992.3,31
1993.1,22
1993.4,13
1993.9,15
1995.0,10
1995.0,37
1995.2,34
1995.5,21
1995.7,2
1995.9,8
1996.0,18
1996.2,39
1997.9,5
1999.3,35
1999.3,38
1999.7,4
1999.9,11
2000.0,20
2000.0,26
2000.5,9
2000.7,19
2000.9,28
2000.9,14
2000.9,33
2001.2,17
2001.4,6
2001.4,7
2001.6,15
2003.9,8
2004.1,12
2004.4,0
2005.8,1
2005.9,39
2006.4,36
2006.9,27
2009.1,29
2009.3,21
2010.1,25
2010.3,11
2010.4,28
2010.5,19
2010.6,10
2010.8,4
2011.0,26
2011.2,18
2011.2,34
2011.7,33
2011.7,37
2012.7,15
2012.9,6
2013.8,24
2013.9,2
2015.3,38
2015.6,35
2015.7,8
2016.5,7
2016.6,31
2016.7,30
2017.1,0
2017.1,5
2017.4,13
2018.2,17
2019.7,20
2019.8,22
2020.0,14
2021.3,4
2023.2,28
2023.5,1
2024.4,9
2024.5,0
2024.6,33
2024.7,38
2025.0,12
2025.9,18
2026.0,15
2026.2,10
2026.2,37
2026.2,39
2026.2,2
2026.5,21
2027.0,3
2027.1,17
2027.2,19
2027.2,34
2027.3,26
2029.6,11
2030.8,38
2031.6,6
2031.7,28
2031.9,35
2032.1,4
2032.5,25
2033.1,14
2033.6,8
2033.7,0
2033.9,15
2034.4,21
2034.6,22
2035.0,20
2035.6,7
2035.9,10
2037.8,5
2038.0,2
2038.1,33
2038.4,36
2038.4,18
2040.7,30
2041.0,39
2041.3,19
2041.3,15
2042.1,37
2042.6,17
2042.6,34
2042.6,38
2042.7,1
2042.8,12
2043.2,29
2043.9,27
2044.9,24
2045.1,20
2046.3,28
2046.8,10
2046.9,26
2047.2,9
2047.7,0
2048.0,13
2048.4,11
2049.4,3
2049.6,2
2049.6,35
2049.9,19
2050.0,4
2050.3,5
2050.4,15
2050.6,25
2051.1,18
2052.3,6
2053.2,7
2054.7,37
2055.2,38
2055.5,1
2056.1,17
2057.1,20
2057.2,23
2057.5,33
2057.7,21
2057.7,28
2057.8,12
2058.0,15
2058.6,10
2058.8,39
2059.1,22
2060.1,26
2060.6,6
2060.7,2
2060.7,4
2061.8,0
2062.0,31
2062.3,8
2063.4,14
2063.6,30
2064.6,19
2064.7,18
2066.9,3
2067.9,9
2068.1,13
2068.4,5
2069.1,35
2069.2,24
2069.3,7
2069.3,38
2069.4,34
2069.7,15
2069.8,10
2069.9,28
2070.3,17
2070.6,4
2071.6,37
2073.1,21
2073.3,2
2075.5,29
2076.0,39
2076.5,8
2077.1,33
2077.1,0
2077.5,19
2077.6,11
2077.6,27
2077.7,26
2078.1,12
2078.1,14
2078.4,17
2078.9,18
2079.6,10
2079.6,22
2080.4,38
2080.7,6
2080.8,15
2081.3,37
2082.3,2
2083.1,35
2083.4,28
2083.6,23
2083.8,4
2083.9,7
2084.5,1
2084.6,20
2085.2,5
2085.5,34
2085.7,29
2086.0,33
2086.3,11
2087.1,21
2087.4,19
2087.8,15
2088.1,9
2088.7,13
2089.2,17
2089.3,0
2090.1,39
2090.9,37
2092.1,38
2092.3,28
2093.5,8
2093.5,25
2095.9,4
2096.2,26
2096.3,16
2097.1,33
2098.0,2
2098.6,10
2099.0,15
2099.2,18
2099.8,34
2099.9,39
2100.4,0
2100.9,6
2100.9,21
2101.8,5
2102.4,17
2102.7,1
2102.8,7
2102.9,38
2103.1,33
2103.2,37
2103.3,27
2103.6,20
2103.7,22
2105.1,14
2105.3,19
2106.1,30
2106.6,11
2106.8,15
2107.0,4
2107.4,28
2108.8,29
2109.1,2
2109.3,24
2109.3,33
2109.4,3
2109.4,13
2109.7,8
2110.2,12
2110.2,35
2110.2,39
2111.6,31
2112.3,38
2112.9,26
2113.0,0
2113.1,17
2113.5,25
2115.0,10
2116.2,16
2116.6,34
2116.8,7
2116.8,27
2117.0,9
2117.5,18
2118.3,1
2118.3,15
2118.5,37
2119.1,21
2119.4,19
2120.1,4
2120.5,6
2120.9,11
2121.0,28
2121.1,39
2121.3,38
2121.4,2
2122.0,20
2122.6,23
2122.9,0
2122.9,33
2123.1,5
2123.1,36
2123.3,8
2124.5,22
2126.3,15
2126.8,14
2127.4,17
2127.6,24
2127.7,12
2128.1,35
2129.0,29
2129.4,4
2129.6,19
2129.9,10
2131.6,18
2132.3,38
2132.5,30
2132.9,25
2132.9,2
2133.5,34
2133.5,9
2134.1,39
2134.7,26
2134.7,28
2134.8,15
2134.8,37
2134.9,7
2135.1,17
2136.2,6
2138.2,35
2138.5,12
2139.6,21
2140.5,11
2141.2,8
2141.5,3
2141.8,0
2141.9,33
2143.2,38
2144.5,1
2144.7,20
2145.0,18
2145.1,19
2145.1,5
2145.1,13
2145.1,15
2145.5,4
2145.7,27
2146.3,10
2146.4,17
2146.8,37
2147.6,14
2147.6,34
2147.6,39
2148.2,28
2151.0,26
2151.4,2
2151.8,24
2152.3,7
2152.3,9
2152.3,21
2152.9,23
2153.1,22
2153.3,33
2153.7,38
2155.8,35
2156.3,6
2156.5,30
2156.7,15
2157.0,14
2158.2,0
2158.2,8
2158.3,4
2159.0,39
2159.3,28
2159.4,17
2160.9,11
2161.0,5
2161.2,25
2161.4,19
2161.4,20
2162.3,1
2162.5,26
2162.8,18
2162.8,38
2163.1,29
2163.3,10
2164.3,2
2164.5,15
2165.3,34
2165.4,6
2166.0,37
2166.1,21
2166.2,7
2167.1,33
2167.3,3
2168.2,39
2169.0,17
2169.3,22
2170.6,4
2170.9,12
2171.7,27
2171.8,28
2172.0,15
2172.2,10
2172.3,19
2172.4,26
2173.0,9
2173.2,38
2173.7,5
2174.1,23
2174.1,14
2174.4,11
2174.6,8
2175.4,18
2176.2,13
2177.1,0
2177.1,24
2177.1,33
2177.9,7
2178.4,39
2178.6,6
2178.9,29
2179.0,36
2179.2,1
2179.8,2
2180.2,30
2180.2,37
2180.2,38
2180.8,21
2181.0,31
2181.4,20
2181.9,35
2182.5,17
2182.6,34
2183.2,4
2183.2,15
2184.7,10
2185.5,22
2185.8,3
2185.9,28
2187.5,7
2187.5,39
2188.8,18
2188.8,33
2189.3,19
2191.2,16
2191.5,29
2191.7,15
2192.1,0
2192.1,26
2192.2,12
2192.2,35
2194.1,2
2194.1,20
2194.2,4
2194.4,11
2194.7,38
2194.8,9
2195.0,7
2195.7,8
2196.8,6
2197.1,34
2197.3,5
2197.4,27
2197.7,1
2197.8,17
2197.8,24
2198.1,37
2198.3,28
2198.7,30
2199.0,39
2199.5,15
2200.6,19
2201.0,10
2201.0,14
2201.1,38
2201.4,21
2201.5,36
2203.4,26
2203.6,33
2205.0,4
2205.6,22
2205.8,18
2206.1,13
2206.8,3
2207.6,0
2208.4,29
2208.6,28
2208.6,31
2208.7,17
2209.0,2
2209.1,11
2209.6,7
2209.6,8
2209.8,15
2209.9,12
2210.4,39
2210.9,5
2213.4,36
2214.2,9
2214.3,35
2214.8,19
2214.9,37
2215.2,38
2215.4,14
2215.7,1
2215.9,34
2216.2,15
2216.6,17
2216.8,6
2217.2,25
2217.5,4
2219.2,33
2220.4,12
2221.3,39
2221.5,2
2221.5,11
2221.5,24
2221.5,28
2222.5,21
2222.7,10
2222.9,5
2223.0,18
2223.1,0
2223.2,23
2223.3,38
2223.4,20
2224.0,26
2224.6,7
2225.0,35
2225.2,15
2225.3,37
2226.4,17
2227.8,27
2229.4,9
2229.8,16
2230.0,31
2230.2,3
2230.2,19
2231.0,2
2231.0,13
2231.5,4
2231.6,21
2231.9,0
2232.0,30
2232.3,34
2232.4,6
2232.8,38
2233.1,28
2233.4,22
2233.4,33
2233.5,10
2233.9,8
2234.4,18
2234.8,39
2235.3,15
2235.4,17
2236.6,37
2238.4,5
2239.1,14
2239.5,12
2240.0,29
2240.7,20
2240.8,15
2241.0,0
2241.2,11
2241.2,30
2241.4,26
2242.5,27
2245.0,35
2245.2,24
2246.1,19
2246.3,21
2246.5,1
2246.6,37
2246.7,10
2246.8,4
2246.8,36
2246.9,7
2246.9,38
2247.3,18
2247.4,28
2247.5,17
2247.9,2
2248.8,6
2248.8,34
2250.3,3
2250.6,33
2250.7,8
2250.9,15
2251.4,39
2251.5,9
2252.0,20
2252.7,17
2254.6,0
2255.3,2
2255.4,28
2255.9,5
2256.1,14
2256.2,11
2256.4,22
2257.5,4
2257.7,38
2257.9,7
2258.5,37
2259.0,10
2259.1,15
2259.3,31
2260.2,17
2260.5,1
2260.8,19
2261.0,35
2261.0,33
2262.3,21
2262.3,34
2263.1,9
2263.5,13
2263.5,26
2264.5,4
2265.5,20
2265.6,25
2265.8,18
2265.9,27
2266.1,30
2266.3,39
2267.8,6
2267.9,0
2268.6,10
2268.8,11
2268.8,22
2269.1,14
2269.4,24
2269.6,15
2270.1,28
2270.6,38
2271.3,2
2271.4,37
2272.1,17
2272.5,7
2272.6,8
2272.8,12
2276.8,39
2277.4,35
2277.5,28
2278.3,15
2279.0,19
2279.1,22
2279.5,1
2280.1,33
2280.4,10
2280.5,5
2280.6,17
2280.8,9
2281.1,4
2281.1,13
2281.2,36
2281.7,34
2283.4,21
2283.5,11
2284.2,26
2284.5,29
2284.6,24
2286.4,20
2287.3,7
2287.5,18
2287.8,38
2287.9,15
2288.0,39
2288.3,28
2288.8,23
2289.2,8
2289.5,32
2290.2,12
2290.3,0
2290.4,2
2290.4,30
2290.7,10
2290.8,6
2290.8,37
2291.7,27
2292.2,14
2292.3,33
2293.3,17
2293.7,19
2294.1,15
2294.2,1
2294.5,4
2294.9,5
2296.0,39
2296.3,9
2296.3,26
2296.4,35
2296.6,21
2298.0,31
2298.2,22
2298.4,38
2298.5,0
2298.8,3
2298.8,34
2299.1,16
2299.4,7
2300.2,18
2302.5,10
2303.3,2
2303.3,4
2303.3,17
2303.8,33
2304.7,19
2305.0,30
2305.0,15
2305.0,28
2305.2,13
2305.4,5
2306.5,12
2306.7,38
2308.1,37
2308.8,39
2309.6,34
2309.7,26
2309.8,7
2310.2,24
2310.2,25
2310.9,11
2312.4,0
2315.1,28
2315.3,1
2315.4,2
2315.4,18
2315.4,20
2315.5,21
2315.7,22
2315.8,8
2316.1,29
2316.2,3
2316.5,9
2316.6,4
2316.6,15
2316.7,14
2316.9,6
2317.2,38
2317.4,35
2318.7,10
2318.9,17
2318.9,23
2319.8,33
2320.3,39
2322.9,36
2323.3,5
2323.6,34
2323.8,37
2324.5,38
2324.7,27
2325.0,7
2325.4,26
2325.5,19
2326.2,4
2326.2,28
2326.2,30
2326.3,12
2326.7,15
2327.1,31
2327.3,9
2327.8,0
2328.4,10
2328.5,1
2329.0,18
2329.1,11
2329.3,22
2333.4,6
2333.4,35
2334.1,14
2334.2,2
2334.2,39
2334.5,13
2334.5,21
2334.6,26
2334.7,38
2334.9,24
2334.9,30
2335.3,15
2335.7,33
2335.9,17
2336.3,20
2336.5,37
2336.6,8
2336.8,4
2337.2,12
2337.5,7
2338.3,19
2338.4,0
2338.4,10
2338.9,28
2340.0,38
2341.5,39
2344.6,11
2344.7,5
2344.7,34
2345.3,17
2345.4,18
2345.8,9
2346.3,15
2346.6,1
2347.2,29
2347.4,2
2347.5,0
2347.5,19
2348.0,33
2348.6,4
2348.8,27
2349.1,22
2349.2,12
2350.9,38
2351.5,6
2351.5,23
2352.2,35
2352.4,28
2353.0,14
2353.2,25
2353.3,7
2353.4,21
2353.6,37
2354.0,8
2354.0,15
2354.4,30
2355.0,17
2355.2,26
2355.3,18
2355.3,2
2355.3,10
2355.9,0
2356.0,20
2356.6,33
2356.6,39
2357.3,31
2357.4,24
2359.3,4
2360.9,16
2363.0,3
2363.1,22
2363.3,19
2363.3,34
2363.4,11
2363.4,38
2363.7,5
2363.7,2
2363.9,14
2364.5,15
2365.0,17
2365.0,28
2366.1,1
2366.2,6
2366.3,29
2366.7,27
2367.7,20
2368.1,18
2368.1,39
2368.4,26
2368.8,33
2368.9,7
2369.0,35
2370.1,0
2370.6,21
2370.7,10
2370.9,9
2371.0,28
2371.7,15
2372.3,8
2374.0,37
2375.6,12
2376.1,30
2376.7,6
2377.6,17
2378.1,14
2378.3,5
2378.4,24
2378.5,38
2378.8,2
2378.8,19
2378.9,18
2379.0,29
2379.1,11
2379.2,33
2379.5,15
2379.5,27
2379.6,10
2379.9,22
2380.6,4
2380.6,37
2380.7,7
2381.0,28
2381.7,26
2382.1,31
2385.5,9
2386.2,34
2386.4,36
2386.6,39
2387.2,0
2387.5,1
2387.5,15
2387.5,21
2388.0,20
2388.4,8
2388.6,26
2389.0,17
2389.0,38
2389.3,25
2390.1,37
2391.5,4
2391.6,19
2392.2,2
2392.5,28
2392.6,5
2392.6,33
2392.9,10
2393.2,14
2393.4,6
2394.8,7
2395.9,30
2396.0,3
2396.0,35
2396.6,11
2398.0,18
2398.3,29
2398.5,1
2399.1,12
2399.1,39
2399.7,8
2399.7,13
2400.2,2
2400.7,9
2400.9,22
2401.2,31
2401.6,37
2402.3,28
2402.9,32
2403.9,34
2404.3,15
2404.8,38
2404.9,17
2404.9,33
2405.5,4
2405.6,26
2405.6,0
2405.8,21
2405.8,27
2406.7,39
2406.8,20
2407.0,19
2408.3,6
2410.1,30
2410.2,7
2411.2,3
2411.7,5
2411.7,28
2411.7,15
2412.4,1
2412.8,10
2413.7,18
2414.0,17
2414.7,11
2414.7,25
2415.3,19
2415.5,36
2416.1,0
2416.3,29
2416.4,24
2416.4,33
2416.7,38
2416.9,23
2417.3,39
2418.0,4
2418.0,22
2418.0,37
2418.0,2
2418.0,12
2418.4,8
2418.7,14
2418.9,9
2419.5,20
2419.5,15
2420.5,28
2420.8,21
2421.7,7
2422.1,26
2422.2,27
2422.5,13
2424.8,17
2425.1,1
2426.2,5
2428.3,6
2428.4,0
2428.4,4
2428.6,10
2429.3,15
2429.4,11
2429.9,28
2430.2,38
2430.5,19
2430.6,25
2430.6,39
2432.0,33
2432.1,18
2432.5,35
2432.6,2
2433.2,20
2434.9,34
2435.9,7
2436.0,17
2436.8,8
2436.8,30
2436.9,5
2437.5,26
2437.5,29
2437.7,15
2437.8,14
2438.1,3
2438.1,21
2438.1,39
2438.7,28
2439.3,9
2439.3,37
2439.3,38
2440.7,1
2441.4,12
2442.1,27
2442.5,13
2442.5,22
2442.6,4
2443.5,19
2444.2,33
2445.6,0
2445.9,10
2446.6,37
2446.9,15
2446.9,18
2447.0,26
2447.0,38
2447.4,8
2447.5,20
2447.9,11
2448.1,2
2448.2,6
2448.5,17
2448.8,39
2449.7,35
2450.0,28
2450.0,34
2450.3,31
2450.7,1
2450.7,5
2450.9,21
2451.2,24
2451.4,14
2451.4,16
2451.5,7
2454.3,9
2454.4,33
2455.0,12
2455.3,15
2456.1,29
2456.4,10
2456.8,4
2457.8,26
2458.0,38
2458.8,17
2459.3,2
2459.5,18
2459.8,0
2459.9,27
2461.6,39
2461.7,11
2461.8,22
2461.9,7
2462.2,15
2462.2,37
2462.9,28
2463.2,31
2464.0,25
2465.2,19
2465.5,6
2466.7,18
2467.9,24
2468.0,0
2468.1,14
2468.1,30
2468.3,36
2468.5,21
2468.6,34
2468.9,4
2469.0,5
2469.1,33
2469.2,17
2469.7,38
2469.8,1
2470.1,23
2471.0,20
2472.5,35
2472.8,15
2473.2,2
2473.6,26
2473.7,11
2474.2,8
2474.2,9
2475.2,10
2475.7,28
2476.3,18
2476.5,39
2477.0,36
2477.4,19
2477.6,37
2477.7,27
2477.9,7
2477.9,12
2477.9,24
2478.6,15
2479.6,4
2479.7,17
2480.2,22
2481.6,29
2482.5,0
2483.3,21
2483.8,3
2484.3,38
2485.4,34
2485.7,33
2486.3,5
2486.3,39
2486.4,7
2486.4,28
2486.4,13
2486.6,2
2487.6,15
2487.9,8
2488.1,19
2488.1,20
2488.9,30
2489.4,1
2490.0,4
2490.1,6
2490.1,10
2490.1,17
2490.2,18
2490.5,26
2490.8,16
2491.1,0
2493.2,31
2493.9,21
2494.4,25
2494.7,12
2494.7,38
2494.8,37
2494.9,14
2494.9,34
2495.4,24
2496.7,35
2496.8,11
2497.5,15
2497.8,28
2498.2,9
2500.6,2
2501.0,33
2501.4,22
2502.3,23
2503.2,38
2503.3,27
2504.4,19
2504.9,39
2505.0,7
2505.4,10
2506.4,17
2506.7,0
2506.8,15
2506.8,28
2507.7,8
2507.8,20
2507.9,6
2508.1,18
2508.2,1
2508.2,21
2508.9,5
2509.1,35
2510.0,29
2510.6,13
2510.8,24
2511.0,38
2511.5,4
2511.7,26
2512.8,9
2513.8,15
2513.9,36
2514.4,37
2514.5,2
2515.7,10
2515.8,39
2516.2,17
2516.4,7
2517.2,11
2517.2,33
2517.4,34
2517.5,21
2517.9,28
2518.0,31
2518.9,30
2519.5,12
2519.5,14
2521.2,0
2523.5,3
2523.7,8
2523.9,25
2524.3,5
2524.3,18
2524.3,22
2524.7,29
2525.0,15
2525.0,35
2525.1,6
2525.7,33
2525.9,20
2526.4,4
2526.8,26
2527.2,19
2527.5,28
2527.5,34
2527.9,39
2528.2,37
2529.2,13
2529.6,38
2530.8,11
2530.8,17
2530.8,7
2532.5,2
2532.6,27
2533.2,10
2534.6,9
2535.0,15
2535.5,23
2536.3,21
2536.5,1
2537.6,8
2538.7,17
2538.8,0
2539.0,5
2539.5,18
2539.5,33
2539.9,4
2540.1,20
2540.1,39
2540.2,38
2540.5,24
2540.7,22
2540.9,26
2541.3,12
2541.8,15
2542.0,6
2542.0,37
2543.7,11
2544.2,28
2544.7,14
2545.5,34
2546.0,19
2546.2,2
2546.3,7
2546.5,30
2547.9,13
2548.5,29
2548.8,10
2549.1,33
2549.5,37
2549.6,17
2550.1,9
2550.1,15
2551.6,31
2552.0,21
2552.0,28
2552.1,38
2552.1,16
2552.6,24
2552.9,18
2553.1,1
2553.1,39
2553.9,35
2554.6,8
2555.0,22
2555.2,25
2555.6,20
2555.9,4
2556.1,0
2556.2,12
2556.4,27
2557.7,33
2557.7,36
2557.9,17
2558.2,15
2558.2,26
2558.4,6
2559.3,2
2559.8,7
2560.0,10
2560.3,38
2560.5,19
2561.3,5
2561.6,34
2562.5,28
2562.8,18
2563.1,30
2564.7,3
2564.7,12
2565.6,39
2565.7,14
2565.7,37
2565.8,9
2565.9,1
2566.5,11
2566.9,35
2567.2,2
2567.4,6
2567.5,33
2568.1,15
2568.9,0
2568.9,38
2569.1,29
2569.6,17
2569.6,22
2569.7,20
2570.3,4
2570.4,19
2571.5,24
2572.0,8
2572.8,21
2574.5,28
2575.9,23
2576.7,10
2576.8,30
2577.5,38
2577.7,26
2578.0,5
2578.0,37
2578.3,7
2578.4,33
2578.8,39
2578.9,2
2579.7,15
2580.3,18
2580.5,22
2581.5,19
2581.5,28
2581.7,27
2582.8,17
2583.7,1
2584.0,9
2584.0,14
2584.1,0
2584.4,4
2584.8,38
2585.1,20
2585.6,15
2586.2,11
2586.6,34
2586.9,6
2587.4,21
2587.7,35
2588.4,31
2589.5,10
2590.9,12
2591.5,17
2591.5,26
2591.6,33
2591.8,8
2593.1,28
2593.5,4
2594.1,0
2595.7,19
2595.9,39
2596.1,34
2596.2,15
2596.5,7
2596.7,5
2597.8,13
2597.9,22
2598.0,2
2598.3,14
2598.5,18
2598.5,37
2598.9,30
2598.9,38
2600.0,20
2601.1,3
2601.4,28
2601.9,24
2602.1,11
2602.1,15
2603.4,21
2603.7,29
2605.0,19
2605.1,9
2605.3,10
2605.3,17
2605.3,6
2605.9,38
2606.0,33
2606.1,8
2606.6,18
2606.8,35
2607.0,39
2607.4,0
2608.1,31
2608.2,37
2608.8,36
2609.7,23
2610.9,28
2611.1,15
2611.3,4
2612.2,1
2612.5,25
2613.5,26
2614.2,12
2614.3,7
2614.6,14
2615.1,5
2615.1,38
2615.5,10
2615.6,19
2615.9,9
2616.1,22
2616.3,0
2616.9,20
2617.1,33
2617.5,2
2617.5,34
2618.2,11
2618.8,27
2620.3,21
2620.5,17
2620.7,28
2620.7,39
2621.5,24
2621.7,18
2622.0,3
2622.8,15
2623.2,4
2623.3,29
2623.6,37
2624.1,10
2624.8,19
2626.3,38
2626.6,1
2626.8,8
2627.2,22
2627.4,13
2628.5,2
2628.5,6
2628.8,20
2629.2,26
2629.7,5
2629.9,39
2630.4,30
2631.6,31
2632.2,4
2632.2,21
2632.5,28
2633.1,15
2633.2,33
2633.4,9
2633.4,35
2633.5,34
2634.0,12
2634.4,7
2634.7,10
2635.4,17
2635.8,37
2636.2,0
2637.7,14
2637.7,38
2639.5,25
2640.5,2
2640.7,1
2641.7,28
2641.9,18
2642.1,15
2643.0,39
2644.1,4
2645.1,22
2645.3,24
2645.6,34
2646.0,6
2646.1,5
2646.3,7
2647.2,37
2647.6,19
2647.8,36
2648.0,17
2648.0,29
2648.2,10
2649.4,26
2649.5,13
2649.5,27
2649.5,0
2649.7,11
2649.7,33
2650.2,21
2650.4,38
2650.5,30
2651.0,20
2651.1,23
2651.5,15
2651.5,28
2651.8,2
2652.2,9
2655.0,39
2655.3,5
2656.1,35
2656.3,1
2656.9,12
2656.9,34
2657.2,4
2657.6,14
2658.4,26
2658.5,8
2658.8,37
2658.8,38
2659.3,17
2660.4,7
2660.6,9
2660.6,18
2660.6,19
2660.7,15
2661.0,33
2661.6,24
2661.6,28
2661.9,31
2661.9,29
2663.8,11
2664.8,2
2665.2,0
2665.8,21
2667.3,33
2667.3,38
2667.7,22
2667.8,4
2668.0,17
2668.0,15
2668.3,39
2669.3,35
2670.5,10
2670.8,7
2670.8,30
2671.4,6
2671.9,27
2671.9,37
2673.2,19
2673.4,20
2675.0,28
2676.5,26
2676.7,5
2676.9,14
2677.3,33
2677.5,3
2678.0,15
2678.4,34
2678.6,1
2678.9,39
2679.1,0
2679.2,12
2679.4,18
2680.9,22
2680.9,38
2681.5,2
2681.6,13
2681.7,35
2681.9,8
2682.4,10
2682.6,6
2682.7,17
2682.7,19
2682.7,31
2683.0,11
2683.8,15
2684.3,21
2684.6,29
2686.1,30
2686.1,4
2686.3,37
2686.6,24
2687.4,39
2687.8,26
2688.0,28
2688.6,7
2690.5,33
2690.9,9
2691.5,5
2692.1,22
2692.6,6
2692.7,18
2693.0,34
2693.5,38
2694.1,27
2694.2,8
2694.6,1
2694.7,0
2694.8,4
2694.8,10
2694.9,19
2695.0,2
2695.0,31
2695.3,15
2695.9,36
2696.2,17
2696.5,20
2696.9,12
2698.2,11
2699.9,28
2699.9,37
2701.5,23
2702.1,15
2702.4,21
2702.5,35
2702.7,7
2704.3,39
2705.3,13
2705.3,26
2705.3,33
2705.4,0
2705.4,5
2705.6,28
2706.3,38
2707.2,14
2708.0,4
2709.7,17
2710.2,19
2710.3,2
2711.1,10
2711.2,9
2711.8,25
2712.2,21
2712.2,37
2712.5,15
2712.7,22
2712.8,6
2713.1,29
2713.6,1
2713.6,34
2713.7,20
2714.5,11
2714.6,8
2715.9,30
2716.0,4
2716.0,39
2716.2,38
2717.7,7
2717.7,33
2718.0,28
2718.1,3
2718.1,18
2718.3,31
2718.6,12
2718.6,24
2718.7,0
2718.7,16
2718.9,17
2719.1,15
2719.8,27
2723.2,26
2724.9,5
2725.0,36
2725.2,11
2725.3,19
2725.4,35
2725.5,29
2725.8,2
2725.9,14
2726.3,10
2726.4,9
2726.4,21
2726.7,17
2728.1,38
2728.2,15
2728.3,22
2728.3,39
2728.8,13
2728.9,33
2729.0,28
2729.4,23
2729.9,4
2729.9,6
2730.1,8
2730.1,34
2731.3,0
2731.4,24
2732.5,7
2733.4,30
2733.5,20
2734.1,12
2734.8,37
2735.0,18
2737.0,31
2737.5,27
2737.6,2
2737.6,19
2737.6,26
2737.9,17
2738.0,1
2738.0,10
2738.7,15
2739.4,5
2739.4,28
2739.5,33
2741.1,39
2741.4,13
2742.4,38
2743.2,6
2744.7,18
2746.3,0
2746.3,4
2746.7,8
2747.0,34
2747.1,1
2747.1,9
2747.6,3
2747.9,15
2748.4,19
2748.6,2
2748.6,35
2748.6,37
2748.8,11
2749.0,14
2749.3,10
2749.7,38
2750.6,7
2750.9,21
2751.2,5
2751.7,17
2752.7,33
2753.6,29
2753.7,39
2753.9,4
2754.0,6
2754.3,28
2754.6,26
2755.5,12
2756.2,15
2756.6,18
2757.9,35
2757.9,14
2758.1,22
2758.4,19
2758.5,20
2759.1,30
2759.2,1
2760.2,27
2760.2,31
2760.3,10
2760.5,37
2761.0,38
2761.2,0
2761.2,13
2761.3,17
2762.1,2
2762.2,34
2762.9,8
2763.9,7
2764.8,39
2765.5,28
2766.5,4
2766.7,21
2767.8,11
2767.9,33
2768.2,18
2768.2,36
2768.8,23
2768.9,5
2768.9,15
2769.1,26
2769.6,9
2769.9,20
2770.1,38
2773.1,10
2773.8,24
2774.0,2
2774.0,6
2775.2,35
2775.4,34
2775.5,1
2775.6,18
2775.8,14
2775.9,17
2775.9,28
2775.9,30
2776.0,25
2776.1,7
2776.2,22
2776.4,15
2776.6,13
2776.7,3
2777.7,39
2778.3,37
2778.5,12
2778.7,0
2778.7,19
2779.0,5
2781.1,33
2781.1,38
2781.2,29
2781.8,20
2782.1,8
2782.5,26
2784.7,27
2785.8,15
2786.4,2
2786.7,28
2786.9,11
2787.1,17
2787.5,18
2787.8,1
2788.1,21
2788.4,4
2788.4,7
2788.6,39
2790.2,19
2790.3,37
2790.5,14
2790.7,10
2790.9,38
2792.0,31
2792.4,15
2793.2,0
2794.0,13
2795.4,5
2795.7,33
2796.4,26
2796.4,28
2796.6,12
2796.6,35
2797.0,34
2797.1,11
2797.2,6
2797.9,4
2797.9,8
2798.1,22
2798.9,9
2799.6,30
2801.2,15
2801.4,39
2801.6,10
2801.7,27
2802.5,17
2802.5,18
2803.4,19
2803.6,36
2804.5,2
2804.5,3
2804.6,29
2805.0,38
2805.4,1
2805.8,7
2806.9,21
2806.9,37
2807.1,22
2807.2,24
2809.0,0
2809.5,15
2810.1,20
2810.1,28
2811.1,39
2811.4,33
2812.3,26
2812.4,5
2812.8,17
2812.8,34
2813.3,14
2813.9,11
2814.2,9
2814.6,4
2814.7,6
2814.9,2
2814.9,8
2816.2,13
2816.6,10
2816.6,21
2816.9,7
2817.1,35
2817.2,15
2817.2,19
2817.6,38
2818.2,12
2818.3,30
2819.2,37
2819.8,24
2819.9,33
2820.7,0
2820.7,22
2820.7,29
2821.5,28
2822.0,39
2822.9,17
2823.2,18
2824.7,31
2825.3,38
2825.6,4
2826.0,26
2826.2,11
2826.3,27
2826.7,25
2827.0,15
2827.1,2
2828.6,19
2829.1,1
2830.1,0
2831.3,9
2831.8,29
2832.2,20
2833.4,10
2834.7,33
2834.8,4
2835.5,28
2836.0,6
2836.8,8
2836.9,5
2836.9,7
2836.9,34
2837.2,16
2837.5,15
2837.5,39
2837.8,17
2837.9,24
2838.4,21
2839.9,22
2840.4,2
2840.7,30
2840.7,37
2840.8,9
2841.2,38
2841.5,18
2842.2,19
2842.3,31
2843.3,10
2843.6,12
2843.7,3
2843.9,26
2844.1,28
2844.2,0
2844.3,11
2845.6,14
2845.8,1
2846.8,15
2846.8,35
2847.1,17
2848.1,33
2848.2,4
2849.2,5
2850.4,39
2851.1,8
2851.1,20
2851.6,2
2851.7,6
2852.1,36
2852.7,7
2852.9,27
2853.9,29
2854.7,38
2854.9,10
2854.9,21
2855.1,0
2855.3,17
2855.5,9
2856.0,34
2856.3,18
2856.6,25
2856.9,28
2857.0,15
2857.0,26
2860.2,13
2860.3,22
2861.4,14
2862.4,37
2862.5,19
2862.6,12
2862.7,33
2862.9,11
2863.3,39
2863.5,27
2863.8,24
2863.9,1
2864.4,17
2865.1,4
2865.1,15
2865.4,38
2865.5,20
2866.5,2
2866.6,30
2866.7,0
2867.5,10
2868.8,28
2869.9,6
2870.2,7
2870.3,5
2870.5,13
2870.5,34
2872.9,21
2873.0,29
2873.4,11
2873.9,18
2874.2,15
2874.4,19
2874.6,27
2875.7,26
2875.8,35
2875.9,39
2876.1,25
2876.5,23
2876.6,8
2876.7,4
2876.7,9
2877.6,10
2877.8,33
2878.0,17
2878.1,6
2878.3,1
2878.6,22
2879.8,2
2879.9,0
2880.0,5
2880.6,7
2880.9,12
2880.9,14
2880.9,28
2881.3,20
2881.6,38
2882.9,3
2882.9,37
2883.5,9
2883.8,36
2883.9,19
2884.4,15
2887.0,39
2887.1,31
2887.5,4
2887.8,18
2888.0,34
2888.7,11
2888.7,21
2889.0,10
2889.0,35
2889.2,24
2889.2,29
2889.6,17
2890.0,30
2890.3,6
2890.4,38
2890.7,26
2890.7,33
2891.0,2
2891.8,1
2891.8,15
2891.8,28
2891.9,37
2892.8,0
2893.4,5
2894.3,39
2895.5,19
2896.4,8
2896.4,20
2898.6,4
2898.9,14
2900.1,7
2900.2,35
2900.6,24
2901.8,15
2902.0,21
2902.7,12
2903.0,18
2903.5,3
2903.6,17
2904.4,22
2904.4,38
2905.1,28
2905.8,39
2906.0,33
2906.8,9
2907.5,10
2907.8,37
2907.9,30
2908.1,23
2909.1,15
2909.1,27
2909.3,19
2909.4,34
2909.5,31
2909.5,36
2909.6,2
2909.9,0
2910.1,32
2910.6,26
2911.1,25
2911.4,7
2911.7,1
2911.7,4
2912.1,17
2912.3,5
2912.7,20
2912.8,29
2912.9,6
2913.2,38
2915.1,11
2915.1,13
2917.8,33
2917.8,12
2918.2,39
2918.7,28
2919.1,15
2919.1,18
2919.5,8
2920.1,21
2920.8,10
2920.8,14
2921.5,17
2923.0,2
2923.3,26
2924.4,19
2924.4,39
2925.2,5
2925.3,6
2925.3,22
2925.5,35
2926.1,34
2926.2,0
2926.2,38
2926.3,9
2926.5,4
2926.5,15
2926.8,7
2927.7,1
2927.7,37
2928.1,24
2928.7,28
2929.5,20
2931.7,31
2932.0,17
2933.2,27
2933.5,10
2935.8,15
2936.8,25
2936.9,30
2937.3,12
2937.3,39
2937.4,35
2937.6,38
2937.8,33
2938.0,2
2938.0,8
2938.1,21
2938.2,13
2938.3,26
2938.4,0
2938.6,3
2938.7,6
2939.1,19
2939.1,28
2939.5,36
2939.7,18
2940.1,11
2940.1,37
2940.2,10
2941.4,22
2941.7,4
2942.0,15
2942.4,29
2942.6,14
2943.7,17
2943.9,34
2944.4,7
2944.5,24
2946.0,20
2947.2,38
2947.6,33
2947.9,28
2948.1,16
2948.2,9
2948.7,37
2949.8,18
2951.3,31
2951.7,2
2952.0,27
2952.1,39
2953.3,5
2953.5,10
2953.9,19
2954.2,15
2954.8,11
2955.3,7
2955.3,22
2955.4,35
2955.7,4
2955.8,26
2956.1,0
2956.7,21
2956.8,28
2956.9,8
2957.0,17
2958.2,1
2958.7,34
2959.0,37
2959.8,38
2959.9,12
2960.0,14
2961.0,13
2962.2,15
2962.6,24
2962.6,33
2964.0,6
2964.3,8
2965.2,2
2965.5,9
2966.0,4
2966.0,20
2966.0,23
2966.0,28
2966.6,39
2967.0,10
2967.2,17
2967.3,5
2967.6,30
2967.9,19
2968.1,22
2968.1,29
2968.1,7
2968.7,18
2968.7,34
2968.8,21
2969.0,38
2970.4,11
2970.7,26
2972.5,15
2972.6,37
2973.5,0
2974.4,25
2975.7,39
2976.4,12
2977.1,33
2977.4,1
2977.7,8
2978.2,6
2978.3,17
2978.6,28
2978.6,38
2978.8,35
2978.9,4
2981.5,2
2981.7,9
2983.2,15
2983.2,27
2983.5,0
2984.0,29
2984.6,7
2985.0,10
2985.1,31
2985.4,39
2985.6,5
2985.6,37
2985.9,14
2986.4,24
2986.8,20
2987.1,18
2987.1,22
2987.3,2
2987.5,16
2987.5,19
2987.6,4
2988.1,13
2988.1,11
2989.0,38
2989.8,26
2989.8,28
2990.2,35
2990.7,15
2991.4,34
2992.0,33
2992.2,17
2993.5,1
2994.4,30
2994.5,10
2995.0,21
2995.6,3
2996.0,8
2997.4,39
2997.6,6
2997.8,18
2997.9,15
2998.1,7
2998.4,11
2998.5,19
2998.7,4
2999.2,0
2999.7,9
2999.7,27
2999.9,38
3000.2,2
3001.3,33
3001.5,17
3001.7,28
3002.1,37
3002.6,22
3002.8,26
3003.0,36
3003.3,5
3003.6,13
3005.2,30
3006.0,29
3006.2,21
3008.2,0
3008.5,19
3008.5,10
3008.7,15
3009.0,14
3009.6,38
3009.8,20
3009.9,39
3010.0,1
3010.0,35
3010.1,24
3011.9,31
3013.1,17
3013.7,4
3013.7,6
3014.0,2
3014.2,9
3014.2,34
3014.6,33
3016.1,8
3016.3,37
3016.7,38
3016.9,18
3017.3,28
3017.4,12
3018.8,7
3019.2,15
3019.2,27
3019.6,19
3020.5,21
3020.5,26
3020.6,5
3021.6,39
3022.1,11
3022.7,20
3022.8,1
3023.0,14
3023.6,0
3023.6,3
3024.4,2
3024.4,17
3024.5,30
3025.7,10
3026.6,7
3026.8,33
3027.1,4
3027.9,22
3028.4,24
3028.6,9
3028.9,37
3029.0,28
3029.1,25
3030.4,15
3030.8,12
3031.4,38
3031.5,1
3032.0,35
3033.0,18
3033.0,31
3033.0,39
3033.5,23
3033.7,8
3034.8,34
3034.9,20
3035.1,6
3036.1,0
3036.5,4
3036.7,7
3036.7,17
3036.9,5
3036.9,26
3037.0,11
3037.8,29
3038.0,33
3038.7,14
3039.7,15
3040.7,19
3041.4,28
3042.0,10
3042.7,27
3043.1,36
3044.0,9
3044.3,37
3044.3,38
3044.7,2
3045.5,13
3046.0,22
3046.6,21
3047.1,0
3047.8,34
3048.2,12
3048.4,30
3048.7,18
3049.4,39
3050.1,8
3050.4,4
3050.5,1
3050.5,11
3050.8,7
3050.8,15
3051.6,29
3052.7,17
3053.1,6
3053.1,20
3053.2,38
3053.3,14
3053.5,37
3053.9,28
3054.0,35
3054.1,33
3054.7,2
3054.8,25
3055.0,9
3055.8,10
3059.0,0
3059.3,26
3059.9,3
3060.4,15
3060.6,19
3061.0,5
3061.8,39
3062.0,28
3062.1,16
3062.2,4
3063.2,10
3063.8,21
3064.0,18
3066.0,22
3066.1,17
3066.1,38
3067.4,24
3068.0,2
3068.5,15
3068.8,1
3068.9,37
3069.6,8
3069.8,33
3069.9,36
3070.2,9
3070.7,7
3070.7,34
3070.7,39
3072.0,23
3072.7,11
3073.4,4
3074.1,14
3074.2,31
3074.6,6
3074.6,27
3074.7,17
3074.8,20
3075.3,28
3075.6,0
3075.9,38
3076.3,3
3076.4,10
3076.9,15
3077.1,35
3077.7,26
3077.8,5
3078.0,37
3078.5,18
3079.0,12
3079.0,30
3080.1,29
3080.5,1
3081.3,2
3082.1,19
3082.5,7
3083.6,33
3083.8,4
3083.9,15
3084.1,28
3084.9,24
3085.1,10
3085.2,22
3085.3,8
3085.6,11
3085.6,17
3085.7,21
3085.9,39
3086.3,13
3086.9,25
3087.6,18
3087.6,38
3089.8,0
3090.0,34
3091.5,14
3092.2,20
3092.3,26
3092.6,15
3092.6,35
3093.1,31
3094.1,9
3095.1,37
3096.3,4
3096.5,17
3096.6,28
3096.8,6
3096.8,33
3097.0,19
3097.5,39
3097.6,27
3098.6,22
3099.5,38
3099.6,2
3099.9,18
3100.0,30
3100.8,10
3100.9,15
3102.1,1
3103.4,7
3104.0,36
3104.5,8
3105.6,5
3105.9,29
3105.9,34
3106.2,9
3106.4,0
3106.4,11
3106.5,21
3106.5,28
3106.6,37
3106.9,12
3107.6,39
3107.8,20
3108.0,26
3109.0,17
3109.1,33
3109.1,38
3109.3,22
3111.4,4
3112.6,15
3112.8,19
3113.8,2
3113.8,35
3114.5,10
3116.0,6
3116.0,25
3116.5,18
3116.8,38
3117.4,24
3117.4,37
3117.4,39
3117.7,7
3118.0,3
3118.1,8
3118.1,28
3118.2,14
3119.4,17
3119.5,15
3120.2,27
3120.7,4
3121.1,1
3121.1,30
3121.5,19
3121.5,33
3121.6,20
3122.0,31
3123.7,0
3124.2,2
3124.4,21
3124.8,16
3125.5,34
3126.5,15
3126.8,13
3127.0,9
3127.6,11
3127.8,10
3128.0,38
3128.2,5
3128.5,26
3128.8,6
3129.1,39
3129.3,29
3129.8,28
3130.1,37
3131.3,24
3131.9,7
3132.0,18
3132.6,1
3132.6,4
3133.1,8
3134.0,17
3136.0,15
3136.5,0
3136.7,21
3136.9,19
3137.0,22
3137.3,14
3137.5,34
3137.8,11
3138.1,20
3138.1,38
3138.3,10
3138.9,33
3139.0,5
3139.0,30
3139.4,6
3139.6,39
3140.1,35
3140.2,2
3140.9,27
3141.6,12
3142.3,18
3143.0,28
3144.3,9
3145.1,17
3145.4,26
3146.4,4
3146.4,15
3146.6,3
3147.3,31
3148.1,25
3148.1,36
3148.8,13
3149.0,33
3150.2,1
3150.3,34
3150.9,0
3151.4,29
3152.4,37
3152.5,23
3152.9,7
3153.0,27
3153.3,2
3153.5,38
3153.7,8
3154.6,11
3154.7,15
3154.8,22
3154.8,39
3154.9,10
3155.0,6
3156.1,5
3156.4,19
3157.5,17
3157.7,16
3158.0,18
3158.0,28
3158.5,26
3159.1,0
3159.1,4
3159.5,21
3159.6,24
3159.7,35
3159.9,30
3160.3,14
3162.4,33
3162.7,37
3162.8,38
3162.9,12
3163.4,1
3163.4,20
3163.9,10
3164.2,34
3164.9,29
3164.9,6
3164.9,39
3165.2,25
3165.4,32
3165.4,36
3165.8,4
3165.8,7
3165.8,9
3165.8,19
3166.1,15
3167.4,8
3169.3,28
3169.5,5
3171.0,17
3172.4,2
3173.1,18
3173.6,39
3173.9,24
3174.2,15
3174.4,26
3174.6,13
3175.0,11
3175.4,19
3175.4,21
3175.6,38
3175.8,0
3177.1,4
3179.8,22
3179.9,25
3180.0,37
3180.1,28
3180.9,33
3181.5,29
3181.7,7
3182.0,10
3182.2,8
3182.3,35
3183.0,2
3183.4,14
3183.6,18
3184.9,34
3186.6,17
3187.1,5
3187.1,19
3187.1,39
3187.4,15
3187.6,38
3188.1,26
3188.2,1
3188.3,36
3188.7,0
3188.7,30
3188.9,9
3189.7,3
3189.9,10
3189.9,20
3190.1,6
3190.5,11
3190.9,28
3191.7,23
3192.0,16
3192.2,35
3192.8,21
3192.8,37
3193.1,27
3193.2,4
3193.2,12
3194.2,33
3196.2,31
3196.5,13
3197.0,38
3197.2,2
3197.3,15
3197.4,18
3197.5,19
3197.8,22
3198.2,7
3198.4,39
3199.0,28
3199.7,17
3201.5,35
3201.9,33
3202.3,0
3202.4,8
3202.4,10
3202.6,34
3203.0,4
3203.4,37
3204.0,26
3204.4,14
3205.3,15
3206.1,11
3207.9,28
3208.9,30
3210.3,6
3210.4,17
3210.7,1
3210.9,38
3211.6,18
3211.9,2
3211.9,5
3212.2,4
3212.2,9
3212.2,19
3213.9,23
3214.3,3
3214.5,0
3214.6,15
3215.2,26
3215.2,34
3215.6,37
3215.6,13
3216.1,27
3216.2,24
3216.2,20
3216.7,7
3216.8,33
3216.8,39
3216.9,25
3217.0,8
3217.4,10
3218.0,12
3218.2,29
3219.2,31
3219.6,22
3219.8,2
3220.0,38
3220.1,19
3220.3,28
3221.1,14
3221.9,35
3222.0,15
3222.5,21
3222.7,4
3223.4,39
3223.8,33
3224.0,11
3225.1,6
3225.3,18
3225.5,0
3225.9,17
3226.1,13
3226.5,1
3226.7,36
3226.8,5
3227.3,37
3228.2,16
3229.3,30
3230.2,8
3230.4,38
3230.6,2
3230.8,21
3231.1,12
3231.9,34
3232.0,9
3232.0,10
3232.7,28
3233.5,20
3234.1,7
3234.9,26
3235.0,18
3235.4,15
3236.4,0
3236.6,27
3236.6,33
3236.7,19
3237.0,35
3238.7,4
3238.7,22
3239.6,39
3240.4,17
3240.8,6
3240.8,24
3241.8,29
3242.1,37
3242.5,28
3243.2,15
3243.6,10
3243.6,38
3243.6,0
3243.8,1
3244.0,21
3244.8,5
3246.2,11
3246.5,18
3247.4,20
3247.6,14
3247.7,2
3248.4,30
3248.5,8
3249.3,7
3249.4,22
3249.7,12
3250.0,26
3250.5,36
3250.9,17
3251.1,23
3251.8,31
3251.8,4
3252.6,13
3252.6,33
3253.2,19
3254.2,35
3254.7,9
3254.9,0
3255.5,34
3255.7,15
3256.0,37
3256.4,38
3256.6,25
3256.7,39
3257.2,28
3257.7,22
3257.8,5
3258.4,6
3258.5,17
3259.3,29
3259.4,2
3259.4,27
3259.9,10
3261.2,1
3263.2,20
3263.4,18
3263.6,15
3264.4,24
3265.1,37
3265.3,11
3265.4,12
3265.5,31
3265.8,19
3265.9,21
3265.9,33
3266.1,35
3266.2,38
3266.4,7
3266.4,9
3266.8,34
3267.0,39
3267.1,30
3268.0,17
3268.2,4
3269.3,2
3270.9,26
3271.0,8
3271.9,28
3272.3,10
3272.6,14
3272.9,36
3273.5,0
3273.6,22
3273.9,6
3274.6,27
3275.3,13
3275.4,15
3275.6,21
3276.1,29
3276.2,19
3277.1,39
3277.2,5
3278.7,38
3279.6,17
3279.8,9
3280.0,7
3280.0,23
3281.0,10
3281.2,18
3281.2,20
3281.4,4
3281.5,33
3282.0,37
3282.2,2
3283.7,15
3283.8,19
3283.9,3
3284.1,1
3284.3,28
3284.8,11
3286.3,35
3287.8,39
3288.1,17
3288.1,38
3289.2,33
3290.2,30
3290.5,34
3291.0,0
3291.1,18
3291.2,26
3291.8,8
3293.0,21
3293.7,22
3293.8,12
3293.8,29
3293.8,37
3294.1,4
3294.5,6
3294.8,20
3295.1,16
3295.2,2
3295.3,14
3295.4,24
3295.4,28
3296.1,31
3296.2,15
3297.2,7
3297.4,1
3297.5,38
3298.1,13
3299.5,25
3299.6,5
3299.9,9
3300.2,17
3300.7,26
3300.9,10
3301.7,18
3303.1,28
3303.5,15
3303.5,39
3303.9,33
3304.0,27
3304.3,3
3304.5,0
3305.2,8
3305.2,21
3305.9,19
3307.3,35
3307.6,4
3308.6,11
3308.8,7
3309.1,2
3309.7,6
3310.2,22
3310.6,38
3311.9,34
3312.1,1
3314.9,30
3315.1,5
3315.5,20
3316.2,15
3316.5,17
3317.1,14
3317.5,37
3317.6,10
3318.5,8
3318.8,24
3319.7,28
3319.8,26
3319.9,18
3321.1,33
3321.4,7
3321.6,0
3322.1,19
3322.2,12
3322.2,29
3322.4,38
3322.6,23
3322.7,9
3322.9,39
3323.8,4
3323.9,15
3324.3,36
3324.6,11
3324.9,2
3325.0,21
3325.9,6
3327.2,17
3328.1,20
3328.3,35
3328.6,28
3328.8,5
3329.2,38
3330.2,19
3330.8,7
3330.8,27
3331.0,37
3331.1,1
3331.1,22
3331.1,31
3333.5,10
3333.5,33
3333.9,13
3334.1,15
3334.2,34
3334.7,18
3335.8,8
3336.1,26
3336.9,2
3337.6,0
3338.0,11
3338.7,39
3338.8,9
3338.9,24
3339.6,28
3341.7,17
3342.7,6
3343.0,4
3343.1,38
3343.4,5
3343.9,37
3345.1,10
3345.5,19
3345.6,21
3345.9,34
3346.5,15
3346.7,25
3346.9,7
3347.0,18
3347.1,30
3347.4,26
3347.6,20
3347.8,14
3348.1,39
3349.2,12
3351.2,29
3351.3,28
3352.1,31
3352.8,11
3353.1,17
3353.3,1
3353.7,38
3353.8,22
3354.0,24
3354.2,0
3354.3,9
3354.3,13
3354.6,2
3354.6,33
3354.6,35
3354.8,15
3355.3,10
3355.5,5
3355.7,4
3357.7,19
3358.7,6
3359.2,21
3359.3,28
3360.4,18
3360.6,12
3360.7,8
3361.2,37
3361.3,9
3362.7,38
3363.1,39
3363.2,34
3363.8,33
3364.7,15
3364.7,17
3365.7,25
3366.1,27
3366.2,2
3366.5,26
3366.8,36
3367.5,0
3367.5,29
3367.9,4
3368.3,35
3368.5,14
3369.4,7
3369.9,28
3370.8,19
3370.8,37
3371.1,5
3371.7,13
3371.7,24
3372.1,1
3372.4,20
3372.4,38
3373.4,6
3373.4,18
3374.0,10
3374.2,33
3374.3,22
3374.4,15
3376.3,34
3377.5,26
3377.8,3
3378.0,11
3378.1,8
3379.7,17
3380.3,37
3380.4,39
3381.0,9
3381.1,4
3381.2,28
3381.4,2
3383.1,30
3383.3,21
3383.3,38
3383.5,10
3383.8,15
3384.4,19
3384.6,5
3384.9,35
3385.4,0
3386.5,12
3386.7,14
3388.3,4
3388.3,18
3388.4,34
3388.6,7
3388.6,20
3388.6,27
3390.1,22
3390.2,6
3390.4,26
3390.5,25
3390.8,2
3391.2,11
3391.4,33
3392.0,28
3392.9,24
3394.3,17
3394.4,39
3395.3,9
3395.4,10
3395.9,19
3396.0,31
3396.4,21
3396.5,14
3396.8,37
3396.9,15
3397.0,13
3398.1,38
3401.6,0
3401.6,4
3402.5,8
3403.3,20
3404.2,5
3404.2,33
3404.3,28
3404.3,34
3404.4,26
3404.6,3
3404.6,35
3404.6,10
3404.6,15
3404.8,18
3405.0,23
3405.4,11
3405.4,30
3406.0,2
3406.1,17
3406.4,22
3406.7,19
3406.7,29
3406.8,6
3406.9,1
3408.8,38
3410.1,39
3410.3,28
3410.4,37
3411.1,7
3412.2,24
3412.7,21
3413.0,4
3413.1,14
3414.0,33
3414.8,0
3416.4,5
3416.5,15
3416.8,18
3416.8,12
3416.8,34
3417.3,9
3417.9,38
3418.9,2
3419.3,27
3420.1,6
3420.6,1
3420.7,10
3421.7,7
3422.9,33
3423.4,17
3423.5,20
3423.8,39
3423.9,4
3424.1,28
3425.0,15
3425.1,8
3425.1,26
3426.0,37
3426.4,19
3427.0,18
3427.5,21
3427.5,22
3427.7,35
3429.6,34
3430.0,23
3430.3,16
3430.6,0
3430.9,11
3431.2,30
3431.3,15
3431.5,5
3431.6,14
3431.7,4
3431.8,12
3432.4,2
3432.6,9
3432.7,24
3433.2,10
3434.3,38
3434.8,7
3435.9,20
3435.9,36
3437.3,25
3437.5,14
3437.5,17
3437.6,3
3437.6,29
3437.9,39
3438.1,31
3438.2,33
3439.0,27
3439.1,28
3439.5,37
3439.7,19
3439.7,6
3441.0,15
3443.2,34
3443.3,18
3443.8,2
3444.1,1
3444.2,22
3444.6,4
3444.8,21
3445.6,10
3446.5,0
3447.7,15
3447.7,26
3447.7,35
3447.9,7
3448.1,17
3448.5,5
3448.5,38
3449.1,9
3449.2,8
3449.3,19
3449.5,39
3450.5,28
3452.3,12
3452.4,14
3453.4,37
3454.0,36
3455.1,6
3455.2,33
3455.3,13
3455.4,1
3455.4,20
3455.4,30
3455.6,4
3456.3,11
3456.8,22
3457.1,15
3457.4,17
3458.0,2
3458.4,10
3458.5,38
3458.6,28
3458.7,18
3459.0,8
3459.0,26
3459.2,24
3459.3,39
3459.4,34
3459.7,29
3460.4,5
3460.4,19
3461.5,0
3461.7,7
3461.7,25
3461.8,9
3461.8,21
3465.0,15
3466.6,33
3466.9,35
3467.6,6
3468.0,11
3468.2,37
3468.6,4
3469.0,38
3469.7,10
3469.8,1
3469.9,14
3470.0,26
3470.6,28
3470.7,17
3470.7,31
3471.6,2
3472.0,20
3472.4,5
3472.6,27
3472.9,18
3472.9,22
3473.9,15
3475.5,39
3475.6,0
3476.1,9
3476.1,24
3477.6,19
3477.8,21
3478.6,23
3478.7,33
3478.9,38
3479.0,4
3479.0,12
3479.0,13
3479.1,29
3479.8,34
3480.4,20
3480.5,22
3481.2,6
3482.6,10
3483.1,28
3484.7,17
3485.3,7
3485.4,2
3485.9,37
3486.2,30
3486.6,26
3486.9,36
3487.0,27
3487.0,35
3487.1,5
3487.6,15
3487.7,19
3487.8,4
3487.9,14
3488.1,0
3488.1,38
3489.5,8
3492.5,28
3492.9,39
3493.2,1
3494.2,18
3494.5,20
3495.3,25
3495.4,22
3495.6,33
3495.9,24
3496.1,13
3496.2,3
3496.5,12
3496.5,29
3496.5,35
3496.6,11
3497.3,15
3497.3,17
3497.3,19
3497.3,34
3497.8,37
3498.2,9
3498.2,10
3498.9,6
3499.5,38
3499.7,5
3499.8,4
3499.8,23
3499.9,2
3499.9,7
3500.0,21
3501.7,0
3501.9,18
3502.8,31
3503.0,30
3503.9,15
3503.9,28
3504.6,26
3505.4,39
3506.5,38
3506.9,17
3507.3,27
3507.4,19
3508.5,8
3508.8,7
3509.6,1
3509.6,34
3510.0,22
3510.4,24
3510.6,20
3510.7,10
3511.3,33
3511.5,37
3511.6,14
3511.9,30
3512.7,11
3513.3,4
3514.4,15
3516.5,21
3516.7,9
3516.9,28
3517.2,5
3517.9,0
3518.7,2
3518.8,17
3519.3,38
3519.4,35
3519.5,12
3519.8,15
3520.0,6
3520.5,18
3520.9,7
3521.0,26
3521.4,29
3521.6,39
3521.7,8
3521.8,27
3522.7,10
3523.6,25
3523.7,37
3523.9,36
3524.9,20
3525.0,19
3525.5,31
3525.6,14
3525.7,28
3526.3,24
3526.3,34
3527.6,4
3528.1,0
3528.3,33
3528.5,9
3528.6,38
3529.0,23
3529.2,5
3530.6,13
3530.7,15
3530.7,17
3530.7,22
3531.1,2
3531.6,26
3531.7,10
3531.7,18
3531.9,11
3531.9,30
3533.3,35
3534.6,16
3534.7,7
3535.4,21
3535.5,37
3535.7,33
3536.4,3
3536.9,1
3537.8,6
3538.1,12
3538.1,28
3538.5,8
3538.5,38
3538.6,39
3539.1,15
3539.6,19
3541.3,29
3541.8,18
3542.5,22
3543.5,27
3543.6,5
3543.7,17
3544.5,0
3544.9,4
3545.9,39
3546.9,14
3547.0,15
3547.1,24
3547.3,2
3547.4,21
3547.6,20
3547.7,34
3548.4,33
3549.1,35
3549.3,26
3550.2,10
3550.7,37
3551.0,28
3551.1,17
3551.2,38
3551.9,31
3552.5,6
3552.5,7
3552.5,0
3553.6,18
3553.6,19
3553.8,15
3556.1,4
3556.5,30
3557.5,36
3558.2,1
3558.5,5
3558.5,13
3558.6,9
3558.8,26
3558.8,39
3558.9,21
3560.0,28
3560.1,2
3560.1,8
3560.2,25
3560.3,33
3560.5,34
3561.0,22
3562.0,17
3562.0,38
3562.1,6
3562.1,11
3562.7,15
3563.3,12
3564.7,3
3564.7,0
3565.0,14
3565.0,29
3565.8,37
3566.0,10
3566.2,18
3568.5,24
3569.1,20
3569.3,4
3569.4,19
3569.4,35
3569.5,21
3570.4,15
3570.4,27
3570.5,7
3571.8,39
3572.1,9
3572.6,38
3573.6,23
3574.1,5
3574.1,28
3574.6,2
3575.5,10
3575.8,8
3575.8,17
3576.6,1
3576.6,32
3577.2,6
3578.1,37
3578.3,33
3578.3,34
3578.7,26
3578.8,15
3579.1,19
3579.2,4
3579.4,14
3579.9,0
3580.1,29
3581.7,22
3582.6,31
3582.8,7
3584.0,35
3584.3,17
3584.4,25
3584.5,18
3584.9,13
3584.9,39
3585.3,38
3585.4,2
3585.4,12
3585.6,28
3585.8,11
3586.2,21
3586.3,24
3586.4,30
3586.8,33
3588.5,20
3589.1,9
3589.5,26
3590.1,23
3590.3,15
3590.5,5
3591.4,8
3591.4,19
3591.4,27
3592.1,10
3592.1,37
3592.5,0
3592.5,6
3593.7,4
3595.7,28
3595.7,38
3597.5,2
3597.5,17
3597.6,1
3597.7,29
3597.8,34
3597.9,39
3599.3,14
3599.3,15
3599.3,16
3599.9,18
3599.9,22
3600.0,7
3600.2,33
3600.8,9
3601.7,3
3602.2,11
3603.1,30
3605.2,4
3605.5,21
3605.6,10
3606.0,26
3606.6,5
3606.6,35
3607.0,25
3607.4,0
3607.4,8
3607.6,37
3607.7,17
3608.0,6
3608.4,38
3609.0,28
3609.1,15
3609.6,2
3610.0,19
3610.1,33
3610.3,36
3610.4,13
3610.5,39
3611.9,20
3611.9,24
3612.1,12
3612.2,14
3612.9,18
3617.7,1
3617.8,7
3618.8,28
3618.9,17
3618.9,21
3619.0,9
3619.5,4
3619.5,5
3619.6,11
3620.2,2
3620.4,15
3620.4,22
3621.0,8
3621.1,19
3621.2,26
3621.9,37
3622.6,30
3623.2,10
3623.8,0
3624.0,23
3624.3,6
3624.6,39
3624.7,33
3625.1,27
3625.9,38
3626.0,36
3626.2,34
3627.1,28
3627.2,15
3627.7,35
3628.2,31
3629.2,4
3629.3,20
3630.0,17
3631.0,12
3631.1,3
3631.2,7
3631.2,18
3631.3,1
3631.7,29
3632.0,9
3632.8,2
3632.8,22
3633.1,14
3633.6,37
3634.2,5
3635.1,19
3635.8,13
3636.6,28
3636.7,11
3637.3,10
3637.4,15
3637.4,26
3638.4,39
3639.6,8
3639.7,33
3639.9,27
3640.5,38
3640.6,0
3640.6,21
3640.6,24
3640.9,18
3642.8,17
3642.8,35
3643.2,4
3643.4,2
3643.7,6
3643.8,20
3643.9,7
3645.2,37
3646.3,25
3646.6,1
3648.0,15
3648.1,10
3648.2,39
3648.5,5
3649.0,26
3649.4,33
3649.4,38
3649.7,34
3649.9,14
3650.0,19
3650.3,28
3650.8,17
3651.3,23
3651.4,9
3652.0,11
3652.7,30
3653.1,24
3653.6,12
3654.6,7
3655.1,2
3655.2,22
3655.2,31
3655.4,0
3656.0,10
3656.9,4
3656.9,20
3657.5,17
3658.4,15
3658.8,21
3659.4,5
3659.5,29
3660.6,38
3660.7,18
3660.8,28
3661.0,39
3661.7,37
3661.9,14
3662.8,33
3663.3,35
3663.5,34
3664.1,2
3665.2,8
3665.3,6
3666.4,19
3666.5,0
3667.6,9
3667.9,17
3668.1,26
3668.5,10
3668.7,22
3669.2,37
3669.3,38
3669.5,15
3670.6,3
3670.7,11
3670.9,7
3671.0,21
3671.3,12
3671.8,36
3672.2,13
3672.9,27
3673.4,32
3673.7,4
3673.8,28
3674.1,1
3675.0,5
3675.0,39
3676.9,18
3677.5,33
3678.4,2
3678.7,20
3679.0,10
3679.2,35
3679.3,38
3679.4,0
3679.4,15
3679.8,17
3680.0,9
3680.2,30
3680.3,14
3680.3,34
3681.2,26
3681.3,29
3681.7,6
3682.9,8
3683.8,19
3685.3,24
3685.4,4
3685.5,1
3685.5,7
3685.7,37
3686.1,22
3686.2,5
3686.3,21
3686.9,11
3687.3,38
3687.8,28
3688.4,39
3689.0,10
3689.7,15
3691.0,12
3691.4,30
3692.8,36
3693.1,2
3693.1,14
3693.7,33
3694.5,18
3694.5,19
3695.7,17
3696.0,8
3697.4,38
3697.9,4
3698.4,0
3699.2,20
3699.4,25
3699.6,21
3699.6,27
3699.7,13
3699.7,15
3699.8,28
3700.1,9
3700.7,37
3700.8,35
3701.4,39
3701.7,6
3702.5,5
3702.7,26
3702.8,10
3702.9,2
3703.0,34
3703.3,19
3703.4,17
3703.8,23
3704.0,31
3705.8,12
3706.6,7
3706.7,38
3707.1,33
3708.4,22
3709.9,1
3709.9,15
3710.2,9
3711.0,4
3711.0,11
3711.7,0
3712.6,10
3712.8,21
3713.4,17
3713.5,39
3713.7,28
3714.8,13
3715.5,7
3715.9,33
3717.1,29
3717.4,18
3717.4,37
3717.7,19
3717.9,14
3718.4,30
3718.4,38
3718.5,15
3718.5,20
3718.8,3
3719.2,5
3719.9,10
3720.5,25
3721.6,34
3722.7,2
3723.1,8
3724.1,36
3725.2,28
3725.4,22
3725.5,26
3725.6,6
3725.8,4
3726.3,15
3726.8,0
3727.3,1
3727.3,24
3727.7,35
3728.5,27
3729.0,7
3729.1,21
3729.2,39
3729.3,12
3729.8,33
3730.4,8
3731.5,17
3731.6,14
3732.7,2
3733.1,11
3733.4,38
3733.5,19
3733.6,4
3733.7,29
3734.2,15
3734.5,37
3734.6,28
3734.9,18
3735.0,34
3735.1,13
3735.2,31
3735.7,10
3735.7,27
3736.8,6
3737.1,20
3739.0,0
3739.9,17
3740.0,39
3740.2,3
3740.2,38
3740.3,5
3740.9,24
3741.5,9
3741.5,33
3741.8,26
3743.6,1
3743.8,12
3746.2,15
3746.6,28
3746.8,7
3746.9,37
3747.1,2
3748.1,35
3748.2,4
3748.2,10
3748.4,19
3748.9,11
3749.2,6
3749.2,34
3749.3,18
3749.7,22
3750.1,21
3750.1,31
3750.4,20
3750.5,30
3750.9,14
3751.1,27
3753.7,29
3754.5,8
3754.8,17
3755.2,0
3755.2,33
3755.2,38
3755.6,15
3755.6,39
3756.1,5
3757.0,9
3757.2,28
3757.8,37
3758.4,36
3759.4,26
3760.8,13
3761.6,7
3761.9,15
3762.3,11
3763.8,10
3764.0,2
3764.5,18
3764.9,19
3765.0,27
3765.1,1
3765.4,4
3765.9,38
3766.1,0
3766.2,21
3766.3,3
3766.3,12
3766.4,8
3766.4,33
3766.7,6
3766.7,25
3767.0,22
3768.9,17
3770.8,28
3770.8,34
3771.9,20
3772.2,39
3772.4,35
3772.6,15
3773.4,30
3773.7,31
3774.0,14
3774.5,0
3774.9,5
3775.0,26
3775.1,29
3775.3,10
3775.7,7
3776.3,37
3776.4,28
3776.6,16
3776.6,33
3776.8,18
3776.8,38
3777.4,2
3777.8,11
3778.1,12
3778.1,19
3778.5,9
3779.6,1
3780.0,4
3780.9,6
3781.5,15
3782.2,21
3782.2,22
3782.3,25
3782.6,17
3783.1,14
3783.8,34
3783.8,39
3783.9,8
3786.0,37
3786.1,20
3787.2,0
3787.4,28
3787.6,33
3787.7,38
3788.3,30
3788.7,9
3789.3,2
3789.3,19
3789.4,15
3791.0,10
3791.6,4
3792.1,27
3792.2,39
3792.7,26
3793.1,24
3793.3,17
3794.7,18
3795.1,5
3795.3,20
3795.8,7
3796.1,6
3797.1,38
3797.6,12
3797.7,35
3798.1,21
3798.1,22
3798.5,8
3798.9,15
3799.0,28
3800.0,11
3800.3,2
3801.1,13
3801.8,19
3802.4,1
3802.5,23
3803.0,0
3803.5,4
3803.7,37
3803.9,29
3803.9,31
3804.0,17
3804.5,7
3804.8,14
3804.8,18
3804.9,9
3805.6,10
3805.7,33
3806.4,15
3808.0,36
3809.5,38
3809.9,39
3810.4,5
3811.0,21
3811.7,2
3812.3,26
3812.5,0
3812.5,30
3813.0,28
3813.2,11
3813.8,12
3813.8,22
3813.9,4
3814.1,1
3814.2,19
3814.3,8
3815.4,37
3816.5,17
3816.8,10
3817.3,27
3817.9,6
3818.2,14
3818.2,34
3818.7,7
3818.9,15
3819.1,33
3819.9,9
3820.0,25
3820.1,18
3820.2,35
3820.4,3
3820.4,29
3821.7,38
3821.7,39
3823.7,8
3824.2,2
3824.4,21
3825.1,20
3825.7,28
3826.4,15
3827.6,10
3827.6,33
3828.4,4
3828.4,37
3829.3,5
3829.3,24
3829.9,18
3829.9,26
3830.1,0
3830.9,1
3831.0,19
3831.1,12
3831.2,38
3831.7,17
3832.2,11
3832.3,28
3832.7,30
3834.7,39
3835.1,13
3836.5,34
3836.9,21
3838.3,8
3838.4,14
3839.3,29
3839.8,35
3840.6,20
3840.8,0
3840.8,31
3841.0,15
3841.2,10
3841.2,22
3842.1,6
3842.5,37
3842.9,9
3843.1,2
3843.1,36
3843.8,33
3844.1,4
3844.1,7
3844.1,17
3844.3,28
3844.5,38
3844.6,5
3844.8,18
3845.0,39
3845.5,12
3845.8,19
3845.8,26
3845.9,21
3846.2,1
3846.6,15
3847.0,16
3850.0,27
3850.3,24
3850.7,14
3851.5,11
3852.0,35
3852.5,23
3853.1,0
3853.1,10
3853.2,17
3853.3,2
3853.3,30
3853.5,28
3853.8,5
3854.1,3
3855.8,15
3857.0,18
3857.2,26
3857.5,37
3859.0,4
3859.1,6
3859.1,9
3859.1,34
3859.3,38
3860.6,8
3860.6,13
3860.7,19
3860.9,29
3863.2,21
3863.6,7
3864.0,1
3864.1,0
3864.4,33
3864.8,5
3864.8,12
3864.9,2
3865.5,17
3865.8,20
3865.8,39
3866.0,25
3866.1,28
3867.6,4
3868.0,14
3868.0,15
3868.0,22
3869.0,35
3869.6,10
3870.2,38
3870.5,18
3870.7,37
3873.2,39
3873.5,27
3874.4,19
3875.4,7
3876.1,26
3876.2,8
3876.3,17
3876.9,28
3877.2,4
3877.2,15
3877.4,2
3878.2,30
3878.2,33
3878.5,6
3879.3,5
3879.4,11
3879.5,21
3879.9,29
3880.1,31
3881.1,9
3883.0,0
3883.0,34
3883.2,38
3883.8,1
3884.7,10
3885.0,20
3885.5,18
3885.8,15
3886.4,13
3886.5,35
3886.6,37
3886.7,39
3887.7,7
3887.8,28
3888.2,14
3888.3,22
3888.5,30
3888.7,2
3889.2,19
3889.7,3
3889.7,17
3890.1,33
3892.8,1
3893.0,6
3893.2,16
3893.3,4
3893.5,8
3893.6,15
3893.7,34
3894.4,26
3894.9,5
3895.1,18
3895.2,38
3895.8,10
3895.8,21
3896.5,37
3896.6,12
3897.7,24
3898.1,2
3898.5,14
3898.9,11
3899.5,22
3899.5,27
3899.8,29
3900.1,33
3900.2,9
3900.4,28
3902.5,31
3902.6,0
3903.0,36
3903.1,7
3903.1,23
3904.1,39
3904.2,4
3904.6,19
3904.6,8
3904.6,15
3904.9,26
3906.3,38
3906.7,20
3906.9,17
3907.7,18
3908.3,1
3908.8,35
3911.1,15
3913.0,30
3913.1,5
3913.5,33
3913.6,13
3914.1,29
3914.3,10
3914.6,34
3914.7,2
3914.9,25
3915.1,6
3915.2,37
3915.6,28
3916.8,19
3917.0,21
3917.3,27
3917.4,14
3917.4,0
3917.8,39
3918.0,7
3918.6,9
3918.7,11
3918.8,18
3919.0,17
3919.2,38
3920.0,8
3920.3,35
3920.8,24
3920.9,22
3921.5,15
3921.9,26
3922.0,28
3922.3,2
3923.5,20
3924.8,4
3926.3,1
3926.6,5
3927.5,15
3927.8,12
3928.0,19
3928.1,31
3928.3,10
3928.9,39
3929.3,38
3929.9,21
3930.1,3
3930.3,7
3930.4,33
3931.2,36
3931.6,17
3931.6,23
3931.7,11
3931.7,28
3932.1,22
3933.2,30
3934.3,0
3934.4,26
3934.7,37
3935.1,35
3935.3,2
3935.5,9
3935.6,6
3935.8,10
3935.9,5
3936.2,14
3936.7,4
3937.2,13
3938.0,15
3938.7,34
3939.3,18
3939.3,20
3939.7,38
3939.7,29
3940.2,24
3940.3,27
3942.3,17
3942.5,8
3943.9,7
3943.9,33
3944.6,19
3944.9,21
3945.5,28
3945.9,39
3946.2,12
3947.5,15
3948.8,5
3948.9,18
3949.0,10
3949.4,2
3949.8,16
3949.9,37
3950.8,17
3952.0,26
3952.1,4
3952.6,38
3953.1,25
3953.9,11
3954.5,1
3954.8,29
3954.9,14
3955.1,22
3955.3,27
3955.8,28
3956.2,8
3956.2,36
3956.9,0
3956.9,35
3957.5,15
3958.2,7
3958.2,20
3958.4,19
3959.1,30
3959.1,37
3959.3,6
3959.5,33
3959.7,34
3960.3,9
3960.3,23
3960.7,38
3961.7,5
3962.3,4
3964.7,10
3965.0,21
3965.4,18
3965.5,2
3966.4,17
3966.6,39
3967.1,0
3967.3,28
3969.1,24
3969.8,3
3969.9,26
3970.2,11
3970.5,33
3970.7,35
3970.8,37
3971.0,7
3971.7,15
3971.7,38
3975.4,9
3976.2,12
3976.3,14
3976.8,8
3977.0,19
3977.0,34
3977.2,28
3977.3,22
3977.3,31
3977.7,2
3977.7,29
3977.7,39
3977.8,4
3977.8,17
3977.8,1
3978.6,0
3978.6,13
3978.7,10
3978.8,5
3978.8,20
3978.9,15
3979.0,16
3981.5,38
3981.7,18
3981.8,33
3981.9,21
3981.9,30
3982.4,6
3983.4,36
3983.5,35
3984.7,0
3985.0,23
3985.1,15
3985.2,37
3986.0,11
3986.7,5
3986.8,7
3986.9,39
3987.3,2
3987.4,10
3988.5,4
3988.7,26
3988.8,28
3989.6,1
3989.6,17
3991.5,27
3992.8,19
3992.9,21
3992.9,33
3993.4,15
3993.4,24
3993.5,34
3994.8,2
3996.9,22
3997.6,38
3997.7,6
3997.8,20
3998.1,13
3998.7,14
3998.9,4
3998.9,28
3999.3,39
3999.8,35
4000.2,9
4001.1,30
4001.8,37
4002.4,33
4002.8,25
4003.0,29
4003.6,11
4003.6,15
4003.7,8
4003.7,17
4003.9,38
4004.6,18
4004.7,21
4004.9,5
4005.3,19
4005.4,7
4005.7,10
4005.8,0
4005.8,12
4006.2,1
4008.5,2
4008.5,36
4008.7,39
4011.4,26
4011.7,28
4011.8,4
4012.4,14
4012.9,34
4013.1,3
4013.1,17
4013.3,19
4013.8,33
4013.8,38
4013.9,15
4014.0,31
4014.7,24
4015.0,20
4015.6,37
4015.6,1
4015.9,7
4015.9,22
4017.1,10
4017.9,8
4018.0,28
4019.1,6
4019.6,2
4021.2,35
4021.6,4
4021.7,0
4021.9,5
4022.5,17
4022.5,18
4022.7,30
4022.9,27
4023.2,33
4023.4,13
4023.5,11
4023.6,9
4023.8,26
4023.8,39
4023.9,34
4024.8,15
4028.1,38
4028.5,19
4028.6,21
4029.0,14
4029.2,28
4029.8,35
4029.9,8
4029.9,29
4030.2,37
4031.8,12
4031.9,23
4032.4,31
4033.0,1
4033.9,7
4035.7,17
4035.7,38
4036.0,5
4036.0,30
4036.1,20
4036.2,10
4037.0,4
4037.0,15
4037.1,24
4037.6,3
4038.3,11
4038.4,33
4038.6,19
4038.8,34
4039.5,6
4039.5,39
4039.6,0
4039.7,2
4039.7,22
4041.1,26
4042.4,35
4042.6,10
4043.2,18
4043.3,28
4043.5,9
4043.6,36
4044.3,15
4044.8,29
4045.4,21
4045.9,5
4046.8,8
4048.0,12
4048.7,38
4049.3,4
4049.5,17
4049.8,14
4050.2,37
4051.0,13
4051.0,39
4051.3,33
4051.9,16
4052.0,0
4052.0,25
4052.0,27
4052.2,1
4052.7,18
4052.8,2
4052.9,7
4053.1,15
4053.5,10
4054.0,19
4054.2,31
4054.2,34
4054.6,28
4055.5,8
4055.6,24
4057.6,11
4058.3,6
4058.6,26
4059.2,4
4060.1,37
4060.2,39
4060.7,9
4060.7,22
4060.7,38
4061.4,15
4061.5,33
4061.7,17
4061.7,18
4062.7,35
4063.2,30
4063.4,20
4063.8,0
4066.6,14
4067.0,19
4067.3,3
4067.3,5
4067.3,21
4068.0,28
4068.0,29
4068.8,12
4070.2,7
4070.3,17
4071.1,2
4071.3,1
4071.3,26
4071.5,38
4071.6,10
4071.9,39
4072.0,15
4072.0,4
4074.9,37
4075.0,0
4076.1,19
4077.3,33
4077.8,9
4078.4,11
4078.7,20
4079.1,8
4079.3,28
4079.6,18
4080.1,15
4080.2,35
4080.5,6
4081.1,22
4081.3,2
4081.4,27
4081.8,7
4082.5,38
4082.7,30
4082.9,10
4082.9,31
4083.5,4
4083.9,21
4083.9,34
4084.0,39
4084.4,36
4086.3,37
4086.8,17
4088.1,14
4089.0,25
4089.4,12
4089.9,5
4090.0,19
4090.0,24
4090.3,15
4090.5,26
4090.6,23
4091.2,0
4091.5,28
4092.7,18
4092.8,29
4093.2,33
4093.4,4
4093.4,9
4093.8,39
4094.1,20
4094.1,38
4094.2,10
4094.3,6
4094.6,2
4094.7,11
4095.8,8
4096.4,13
4097.9,17
4098.8,7
4099.5,37
4100.0,1
4100.2,30
4101.0,15
4101.2,3
4101.3,34
4102.1,22
4103.2,4
4103.6,14
4103.6,38
4103.8,33
4103.9,39
4104.0,12
4105.4,28
4105.6,0
4105.8,35
4106.1,10
4106.2,5
4106.2,31
4106.3,27
4106.9,19
4107.8,17
4107.9,26
4108.9,11
4109.0,2
4109.2,18
4109.6,21
4110.1,4
4110.5,8
4112.2,15
4112.6,39
4113.2,9
4114.4,33
4114.7,37
4114.9,14
4115.0,7
4115.4,30
4115.5,0
4115.9,28
4116.1,38
4116.2,6
4118.7,10
4119.3,2
4119.6,4
4119.8,21
4119.9,34
4120.6,19
4121.4,27
4121.6,1
4121.6,17
4121.8,15
4121.8,35
4122.1,5
4122.5,39
4122.6,12
4122.7,24
4123.3,20
4123.6,11
4125.0,29
4125.1,18
4125.1,28
4126.2,38
4126.4,22
4126.8,33
4126.9,8
4127.1,26
4127.2,9
4127.6,3
4127.9,14
4128.4,7
4128.7,2
4129.0,13
4129.7,15
4129.8,6
4129.9,16
4131.5,37
4131.7,0
4133.5,4
4134.1,1
4134.2,10
4134.3,5
4134.7,28
4134.8,21
4135.1,25
4135.2,18
4135.5,39
4136.4,15
4136.6,30
4136.7,19
4136.8,33
4136.8,38
4136.9,26
4137.1,17
4137.3,8
4137.8,11
4137.9,20
4138.3,7
4138.7,12
4140.2,36
4142.0,31
4142.4,14
4143.2,34
4143.5,9
4143.8,2
4143.8,22
4144.2,0
4144.3,4
4144.4,28
4144.6,7
4144.9,37
4145.7,24
4146.5,27
4146.7,5
4146.7,15
4146.7,39
4147.4,1
4147.5,6
4147.5,35
4148.5,18
4149.2,38
4151.5,26
4152.3,19
4152.7,17
4152.8,33
4154.5,10
4154.6,23
4154.6,4
4154.9,21
4155.4,11
4155.5,0
4155.5,28
4156.1,22
4157.8,30
4158.2,15
4158.3,13
4158.5,7
4159.6,37
4159.8,6
4160.2,2
4160.3,9
4160.4,20
4160.8,25
4161.2,34
4161.3,39
4161.4,27
4161.6,8
4161.8,38
4161.9,14
4162.1,33
4162.2,19
4162.6,5
4162.6,35
4162.9,0
4163.0,28
4163.0,31
4163.3,29
4163.4,12
4167.3,1
4167.6,18
4167.6,26
4168.4,4
4169.4,17
4169.7,15
4170.0,21
4170.2,2
4170.4,33
4170.7,35
4170.8,14
4170.9,11
4171.1,38
4172.3,19
4172.8,24
4173.4,8
4173.5,39
4173.6,10
4174.1,37
4174.5,28
4174.5,6
4174.5,7
4175.1,20
4175.5,4
4176.7,22
4176.9,30
4177.4,15
4177.9,0
4177.9,17
4177.9,27
4181.9,26
4182.5,12
4183.1,38
4183.2,2
4183.3,35
4183.7,5
4184.1,39
4184.2,9
4184.2,18
4184.3,10
4184.3,33
4184.4,14
4184.4,21
4184.7,3
4184.8,11
4185.2,7
4185.2,34
4185.4,4
4185.4,19
4185.5,13
4186.7,37
4186.9,0
4187.7,28
4189.7,17
4189.7,25
4190.4,15
4191.9,38
4193.3,19
4193.4,1
4193.6,6
4193.6,36
4194.0,20
4194.7,27
4195.0,30
4195.0,34
4195.5,10
4196.6,2
4196.8,22
4197.0,28
4197.3,21
4197.7,4
4197.7,5
4198.3,29
4198.7,37
4198.9,14
4198.9,26
4198.9,33
4199.1,7
4199.7,18
4199.9,15
4199.9,39
4200.4,8
4200.7,0
4201.3,17
4202.3,19
4202.5,38
4203.3,35
4203.6,3
4204.0,24
4204.1,6
4204.1,11
4208.7,2
4208.8,34
4209.4,4
4209.5,9
4209.5,12
4209.6,15
4209.8,37
4210.0,31
4210.1,14
4211.1,30
4211.3,10
4212.4,18
4212.8,39
4213.0,26
4213.6,28
4213.7,33
4214.1,19
4214.5,22
4215.6,17
4215.6,38
4216.0,21
4216.2,0
4216.2,7
4216.7,4
4217.0,13
4217.1,15
4219.2,5
4219.6,2
4220.0,11
4220.4,20
4221.1,6
4221.2,10
4221.4,27
4222.0,28
4222.5,8
4222.8,18
4222.8,37
4224.3,1
4225.7,38
4225.8,19
4226.7,26
4226.8,14
4226.8,17
4227.2,15
4227.2,39
4228.0,24
4228.1,35
4228.2,25
4228.2,33
4228.3,4
4228.5,9
4229.3,30
4229.6,34
4229.8,32
4230.6,16
4230.6,21
4230.6,31
4230.9,12
4231.1,36
4231.5,7
4231.6,0
4232.2,8
4232.2,38
4233.2,22
4233.8,28
4234.3,19
4234.5,6
4234.6,3
4234.9,15
4235.7,2
4236.5,26
4236.5,29
4237.2,33
4237.3,27
4238.4,23
4238.9,18
4239.0,37
4239.1,17
4239.5,13
4240.4,7
4240.7,4
4241.1,1
4241.2,39
4241.5,20
4241.5,10
4242.4,5
4242.7,15
4244.4,19
4244.7,38
4244.9,28
4246.2,30
4246.4,0
4246.8,9
4248.0,35
4248.4,18
4249.6,26
4249.7,17
4249.7,24
4249.7,33
4249.8,2
4249.9,6
4250.0,11
4250.3,12
4250.3,21
4250.5,15
4251.0,38
4251.3,10
4251.4,27
4251.7,20
4252.4,8
4252.9,4
4253.4,39
4253.7,34
4255.9,29
4256.0,28
4256.2,7
4256.8,37
4257.7,19
4258.7,15
4259.1,1
4259.2,5
4259.7,17
4259.8,36
4260.2,3
4260.6,30
4260.6,31
4261.8,14
4261.8,35
4262.2,0
4262.2,24
4262.2,33
4263.4,9
4264.4,39
4265.1,6
4265.3,38
4266.9,2
4266.9,18
4267.9,15
4268.2,11
4268.3,4
4268.4,8
4268.4,26
4268.6,22
4268.6,23
4269.0,37
4269.5,19
4269.8,17
4270.0,13
4270.1,34
4271.4,10
4271.9,29
4272.1,28
4273.4,21
4273.4,39
4274.2,20
4274.8,16
4275.1,27
4275.4,7
4275.4,14
4275.7,33
4276.1,0
4277.7,12
4279.3,2
4279.9,5
4280.1,10
4280.4,18
4280.4,19
4280.8,17
4281.0,15
4281.7,9
4281.7,39
4281.8,6
4281.8,30
4281.9,37
4282.0,38
4283.1,14
4283.2,28
4283.5,4
4283.6,35
4283.9,1
4284.3,24
4285.3,34
4286.5,0
4287.2,11
4287.6,26
4287.8,7
4288.2,2
4288.8,27
4288.8,33
4289.8,17
4289.8,21
4290.3,15
4290.5,38
4290.6,3
4291.5,10
4291.5,25
4291.8,22
4292.0,8
4293.1,18
4293.1,20
4293.4,12
4294.6,1
4294.6,9
4294.7,19
4294.7,29
4294.7,35
4296.6,36
4296.8,28
4296.8,37
4297.9,26
4298.0,4
4298.0,38
4298.4,0
4298.8,39
4300.1,17
4300.5,21
4300.8,15
4301.0,33
4301.5,2
4301.5,6
4301.9,10
4301.9,13
4302.5,5
4302.5,14
4302.8,24
4303.6,23
4304.4,34
4305.0,28
4305.4,7
4305.7,31
4306.5,11
4307.6,9
4308.3,8
4309.4,22
4309.4,27
4309.7,37
4310.5,30
4310.9,15
4311.0,18
4311.1,17
4311.2,39
4312.6,1
4312.8,28
4313.0,6
4313.2,19
4313.2,29
4313.8,38
4314.2,35
4315.0,10
4315.5,4
4315.6,5
4315.9,24
4316.2,21
4316.8,20
4317.0,34
4317.8,26
4318.2,37
4318.3,12
4319.0,15
4319.5,7
4319.6,2
4320.5,0
4321.1,28
4322.2,8
4322.2,22
4322.8,17
4323.4,33
4323.5,39
4324.4,14
4324.5,6
4324.8,4
4326.4,19
4326.4,35
4326.6,2
4326.8,18
4327.9,15
4328.1,9
4329.2,30
4329.3,21
4329.3,31
4329.9,12
4330.3,7
4330.8,29
4330.8,38
4331.2,26
4332.1,23
4332.7,27
4332.8,17
4332.8,19
4332.8,20
4332.9,0
4333.0,28
4333.0,37
4333.1,11
4335.2,1
4335.3,33
4335.7,5
4336.1,39
4337.4,2
4337.4,15
4337.4,34
4337.9,35
4338.7,4
4338.9,13
4339.0,38
4340.3,10
4342.1,6
4342.7,7
4343.3,22
4343.8,18
4344.4,17
4344.4,39
4345.7,38
4346.6,20
4346.8,28
4346.9,19
4347.0,3
4347.2,26
4347.7,0
4348.6,21
4348.8,33
4348.9,15
4349.0,14
4349.2,29
4349.6,9
4349.7,25
4349.8,4
4350.2,8
4350.3,1
4350.3,37
4351.0,36
4351.2,12
4351.3,30
4351.3,2
4353.1,35
4354.0,24
4354.3,34
4354.5,27
4356.1,17
4356.3,15
4357.2,7
4357.3,22
4357.4,18
4357.6,10
4357.6,28
4358.5,39
4358.6,5
4360.5,20
4361.3,0
4361.4,13
4361.5,4
4361.6,8
4361.6,38
4361.8,6
4362.0,19
4362.2,12
4362.8,11
4363.0,2
4363.3,37
4363.7,10
4364.1,14
4365.0,33
4365.4,16
4365.4,28
4365.6,9
4365.7,17
4365.9,26
4366.2,15
4367.1,18
4367.5,21
4369.7,24
4370.4,34
4371.0,7
4372.7,3
4373.2,5
4373.5,23
4373.8,1
4374.1,39
4374.7,2
4374.8,38
4375.2,19
4375.2,22
4375.3,15
4375.5,4
4376.0,9
4376.1,30
4376.2,33
4377.2,28
4378.4,17
4379.1,18
4379.4,20
4379.6,35
4379.9,27
4380.4,0
4380.6,8
4380.7,6
4381.1,10
4381.1,14
4381.4,34
4381.5,7
4381.7,5
4382.5,21
4382.8,26
4383.0,37
4383.7,15
4384.4,29
4385.7,1
4386.2,38
4387.5,4
4388.6,33
4389.0,18
4389.3,13
4389.6,2
4390.0,39
4391.5,24
4391.7,11
4392.0,0
4392.1,15
4392.7,14
4392.7,28
4393.2,19
4393.6,17
4394.2,35
4394.5,8
4394.7,12
4395.4,20
4395.5,31
4395.7,38
4396.2,4
4396.3,2
4396.3,37
4396.9,34
4397.1,9
4397.1,5
4397.5,7
4399.7,21
4400.1,27
4400.4,11
4400.5,10
4400.7,22
4401.1,33
4401.2,6
4401.4,15
4402.5,19
4403.5,0
4404.6,17
4404.6,4
4404.6,39
4405.0,28
4405.2,26
4405.3,12
4407.0,1
4407.0,29
4407.4,38
4407.7,8
4408.1,5
4408.2,20
4408.2,25
4408.5,30
4409.6,15
4410.4,33
4410.7,2
4411.2,37
4411.4,10
4412.3,14
4412.3,18
4412.8,13
4413.8,6
4414.3,28
4415.0,36
4415.3,4
4415.3,9
4415.7,11
4415.7,34
4416.1,19
4416.3,17
4416.3,26
4416.3,39
4417.2,3
4417.3,21
4417.4,24
4417.8,35
4417.9,7
4420.2,15
4420.4,0
4422.3,38
4422.5,20
4423.3,18
4425.3,37
4425.6,16
4425.7,31
4425.8,1
4426.5,28
4427.5,2
4429.0,26
4429.2,12
4429.7,33
4429.9,10
4430.4,4
4430.4,6
4430.4,27
4431.1,7
4431.1,21
4431.1,25
4431.4,15
4431.5,38
4431.6,39
4432.1,29
4432.2,5
4432.4,17
4432.5,19
4432.6,22
4432.7,34
4433.3,30
4433.7,14
4433.8,28
4435.6,9
4435.7,0
4435.7,11
4435.8,3
4436.0,18
4437.4,37
4439.0,2
4439.0,8
4439.0,35
4439.0,38
4439.7,10
4440.3,20
4442.1,15
4442.1,33
4442.2,4
4442.4,6
4443.3,23
4443.6,36
4444.0,1
4444.0,17
4444.9,19
4445.0,11
4445.1,28
4445.7,22
4446.0,7
4446.5,39
4447.4,26
4447.8,0
4448.5,35
4448.9,5
4448.9,9
4449.4,14
4449.4,24
4449.7,18
4449.8,34
4450.2,31
4450.2,38
4450.6,15
4451.0,2
4451.3,13
4451.4,37
4451.9,33
4452.1,3
4452.3,21
4452.7,4
4454.3,1
4454.5,12
4454.6,7
4455.1,17
4456.2,20
4456.6,11
4456.9,29
4457.5,39
4457.6,28
4460.7,5
4460.7,15
4460.7,30
4460.9,26
4461.5,10
4462.0,22
4462.2,0
4462.3,4
4462.4,19
4462.8,6
4463.4,38
4463.6,34
4464.5,33
4464.7,37
4465.0,8
4465.8,18
4466.1,17
4466.4,21
4466.7,2
4467.4,27
4468.0,14
4468.3,28
4468.6,15
4469.9,10
4470.0,29
4471.4,19
4471.6,12
4471.6,23
4471.9,31
4472.2,39
4472.4,24
4472.5,7
4474.2,38
4474.4,3
4474.6,1
4474.7,17
4474.8,0
4474.8,4
4474.8,18
4476.3,9
4477.1,6
4477.5,20
4477.5,28
4477.7,13
4478.0,26
4478.0,34
4478.2,22
4478.3,5
4478.3,35
4478.6,30
4478.9,36
4479.3,19
4479.3,21
4480.2,11
4481.2,33
4481.5,10
4481.9,25
4482.2,2
4482.5,15
4483.6,39
4483.9,7
4484.3,38
4484.7,8
4485.7,1
4486.8,17
4489.2,5
4489.3,28
4490.2,22
4490.4,29
4491.0,0
4491.2,4
4491.4,15
4491.7,37
4491.9,9
4492.5,34
4492.9,21
4493.0,19
4493.1,33
4493.2,38
4493.9,14
4494.2,18
4494.6,27
4494.6,39
4495.0,12
4495.5,26
4495.8,11
4496.1,17
4496.3,1
4497.3,10
4497.6,30
4498.5,2
4498.8,7
4499.2,35
4499.4,0
4500.2,13
4500.4,4
4501.9,31
4503.6,8
4503.6,15
4506.1,38
4506.1,39
4506.2,3
4506.3,20
4506.9,6
4507.0,23
4507.2,28
4507.3,33
4507.8,5
4507.8,19
4508.2,29
4508.7,9
4509.0,24
4509.5,21
4510.1,37
4510.6,2
4512.0,15
4512.1,13
4512.4,18
4512.5,11
4512.5,34
4512.6,4
4513.7,17
4513.8,0
4513.8,14
4513.9,26
4514.0,10
4514.7,22
4515.8,16
4516.8,38
4517.1,27
4517.3,28
4518.7,7
4518.7,36
4518.9,37
4519.2,15
4519.5,35
4521.0,30
4521.4,12
4521.7,5
4521.7,39
4522.0,33
4522.1,1
4522.1,20
4522.7,19
4523.4,31
4524.3,18
4525.0,14
4525.7,6
4525.8,26
4526.0,4
4526.5,9
4527.0,13
4527.0,29
4528.1,10
4528.9,11
4528.9,17
4529.2,15
4529.2,38
4529.6,8
4529.6,20
4530.3,2
4531.1,28
4531.5,0
4531.5,34
4532.9,5
4532.9,19
4533.9,7
4534.1,37
4535.0,24
4535.4,3
4536.5,21
4536.7,1
4537.0,22
4537.2,39
4537.3,18
4537.5,15
4537.5,35
4537.6,33
4538.8,17
4539.0,10
4539.9,4
4540.6,12
4541.0,28
4541.2,14
4541.7,38
4542.1,26
4543.3,7
4543.9,8
4544.0,6
4544.1,29
4544.2,2
4544.2,37
4544.3,25
4544.4,36
4544.5,11
4544.5,15
4544.5,30
4544.8,13
4546.8,0
4546.8,27
4547.0,19
4548.6,35
4548.9,18
4548.9,33
4549.0,5
4549.8,17
4550.1,38
4550.6,10
4550.9,20
4551.5,39
4552.1,21
4552.5,8
4552.7,15
4553.1,4
4553.6,1
4554.5,9
4554.5,24
4554.7,14
4554.7,28
4556.0,23
4556.2,11
4556.9,7
4557.0,34
4558.0,2
4558.5,29
4559.4,30
4559.7,22
4559.8,0
4560.9,17
4560.9,37
4561.1,15
4561.7,20
4562.0,13
4562.2,4
4562.3,6
4562.4,33
4563.0,39
4563.4,26
4563.6,19
4564.3,38
4565.4,12
4565.5,18
4566.7,3
4566.8,35
4566.9,31
4568.0,28
4568.2,29
4568.8,15
4568.9,10
4569.4,7
4569.8,2
4571.3,9
4571.3,17
4571.4,0
4573.0,8
4573.2,21
4574.7,5
4575.1,33
4575.6,38
4576.5,4
4577.4,18
4578.3,37
4578.4,15
4578.4,39
4580.1,10
4580.3,6
4580.4,14
4580.7,34
4581.2,1
4581.3,19
4582.1,28
4582.3,27
4582.8,36
4583.0,24
4584.1,22
4584.4,0
4584.6,35
4585.2,26
4585.6,38
4585.7,12
4586.4,7
4586.4,11
4586.8,20
4587.0,33
4587.1,4
4587.1,30
4587.2,17
4587.4,10
4587.6,2
4588.0,15
4589.1,37
4589.3,5
4591.4,39
4593.0,21
4593.5,28
4593.8,8
4594.0,23
4594.1,18
4594.5,9
4594.5,13
4596.3,14
4596.4,6
4596.8,2
4596.9,26
4598.1,17
4598.3,0
4598.7,4
4599.0,15
4599.3,7
4600.0,10
4600.0,33
4600.4,19
4600.7,20
4600.9,16
4601.0,34
4601.3,25
4601.5,28
4601.8,38
4602.8,30
4603.4,1
4605.8,22
4605.8,24
4606.1,2
4606.5,12
4606.6,9
4606.8,39
4607.1,37
4607.4,15
4607.6,29
4607.7,18
4608.1,5
4608.1,11
4608.1,17
4608.5,21
4608.6,6
4608.6,35
4608.8,0
4610.1,38
4610.5,8
4612.3,7
4612.6,4
4612.8,13
4613.1,26
4613.2,31
4614.2,10
4614.6,27
4615.4,1
4615.4,33
4616.2,15
4616.5,28
4617.5,17
4617.7,37
4617.7,22
4617.9,19
4619.8,14
4620.5,11
4621.3,2
4621.4,5
4621.9,18
4622.5,7
4622.7,6
4623.5,39
4624.1,36
4624.5,0
4624.8,10
4625.1,38
4625.5,34
4625.7,4
4626.0,21
4626.1,17
4626.3,20
4626.9,30
4627.2,28
4627.2,9
4627.5,15
4628.7,19
4629.0,26
4630.9,14
4631.3,2
4632.2,27
4632.7,12
4633.0,8
4633.4,24
4634.3,37
4634.9,35
4634.9,38
4634.9,33
4635.2,22
4635.9,1
4635.9,31
4636.0,11
4636.2,39
4636.9,15
4637.3,0
4637.4,4
4637.5,10
4637.5,17
4637.5,28
4637.6,3
4637.6,20
4637.8,29
4637.9,25
4637.9,26
4638.7,13
4640.5,18
4640.6,7
4642.4,5
4643.0,19
4643.6,6
4643.6,39
4644.1,21
4644.6,38
4645.1,17
4646.2,15
4646.5,0
4647.5,34
4647.8,2
4648.1,22
4648.5,37
4649.0,28
4650.4,4
4650.4,8
4650.4,9
4650.4,23
4650.8,33
4650.9,26
4652.0,35
4652.2,30
4652.8,18
4653.1,17
4653.7,12
4653.7,14
4654.6,7
4655.3,20
4655.3,36
4655.5,19
4656.1,5
4656.1,15
4656.1,38
4657.1,10
4657.3,1
4657.5,2
4658.1,21
4658.5,33
4658.6,31
4660.0,34
4661.6,29
4662.6,11
4662.9,39
4663.0,0
4663.0,28
4663.1,27
4664.0,26
4664.5,6
4665.2,24
4665.3,4
4665.9,17
4666.3,37
4666.4,15
4666.8,18
4667.0,20
4667.2,22
4667.3,38
4667.4,35
4668.4,5
4668.4,30
4669.1,10
4669.3,7
4669.3,11
4669.3,23
4670.3,0
4670.7,39
4671.9,8
4673.0,15
4673.8,12
4673.9,33
4674.0,13
4674.0,36
4674.1,9
4674.4,31
4675.2,19
4675.5,2
4675.8,28
4676.4,34
4676.7,4
4676.9,1
4677.1,21
4677.8,3
4677.9,37
4678.0,17
4678.3,38
4679.0,7
4679.4,18
4679.9,25
4680.0,10
4680.1,20
4680.2,26
4680.7,6
4681.4,5
4681.9,14
4683.5,30
4684.6,15
4685.0,35
4685.5,27
4685.7,19
4686.3,4
4687.2,33
4687.8,39
4688.5,22
4689.7,2
4689.7,28
4690.3,29
4690.8,17
4691.1,10
4691.2,38
4691.5,37
4692.0,15
4692.2,18
4692.6,34
4693.9,0
4695.0,24
4695.2,19
4695.2,26
4696.0,8
4696.4,33
4697.0,30
4697.4,21
4697.9,4
4698.3,6
4698.3,7
4698.3,14
4698.5,23
4698.5,17
4699.3,20
4699.6,13
4700.0,11
4700.6,39
4700.7,0
4701.1,28
4701.9,1
4702.4,10
4702.6,5
4702.6,18
4703.0,15
4703.1,9
4704.0,12
4704.0,37
4705.5,38
4706.1,2
4706.8,4
4707.7,27
4708.5,35
4708.6,34
4708.9,15
4709.9,14
4710.1,36
4710.3,22
4710.5,19
4710.9,21
4711.1,11
4711.1,23
4711.6,25
4711.9,17
4712.2,28
4712.6,6
4713.7,7
4714.1,29
4714.5,0
4715.6,33
4715.6,39
4716.4,18
4716.5,26
4716.7,31
4717.1,4
4717.7,2
4717.7,10
4718.2,15
4718.3,24
4718.4,3
4718.4,8
4718.7,13
4718.7,38
4719.2,11
4719.6,9
4722.1,37
4722.6,1
4723.3,30
4723.3,28
4723.7,22
4724.5,34
4724.6,5
4724.6,21
4724.8,12
4725.5,26
4726.1,20
4726.3,19
4727.2,15
4728.5,17
4729.3,0
4729.9,6
4729.9,38
4730.0,35
4730.5,7
4730.8,2
4730.8,18
4730.9,39
4731.4,4
4731.6,33
4731.7,10
4732.4,27
4733.4,8
4734.0,14
4734.1,25
4736.0,37
4736.1,15
4737.0,12
4737.2,28
4737.5,19
4737.5,23
4737.5,30
4738.1,21
4738.8,22
4738.8,29
4738.9,38
4739.1,7
4739.5,34
4740.3,11
4741.2,2
4742.2,26
4743.1,33
4743.5,20
4743.9,17
4743.9,18
4744.1,10
4744.1,31
4744.2,5
4744.2,9
4744.2,21
4745.2,0
4746.0,4
4746.3,35
4746.7,39
4746.8,15
4747.3,8
4747.6,24
4749.2,1
4749.8,6
4750.0,14
4750.7,30
4750.9,13
4751.4,27
4751.4,28
4751.8,37
4752.8,38
4753.3,15
4753.4,19
4753.7,34
4755.6,2
4755.6,11
4755.7,17
4755.7,20
4756.6,3
4756.8,18
4756.9,39
4758.0,22
4758.3,35
4758.7,5
4758.9,29
4759.5,28
4759.7,33
4759.8,26
4759.9,10
4759.9,31
4760.8,4
4760.8,16
4761.2,0
4761.2,21
4761.8,12
4761.8,15
4762.0,9
4765.1,7
4765.2,24
4765.6,36
4767.0,14
4768.4,6
4768.4,38
4768.6,17
4769.4,39
4770.9,22
4771.1,19
4771.2,8
4771.2,15
4771.2,34
4771.4,37
4771.9,2
4771.9,4
4772.9,1
4773.9,33
4774.0,13
4774.0,28
4774.2,23
4774.2,30
4774.7,0
4774.7,11
4775.0,18
4775.0,26
4775.3,10
4775.3,20
4775.3,38
4776.9,39
4777.7,7
4778.3,15
4778.5,5
4778.9,29
4779.6,28
4781.7,21
4782.8,37
4783.4,19
4783.6,18
4784.2,38
4784.3,14
4784.7,6
4784.9,4
4785.0,17
4785.2,2
4785.7,7
4786.0,27
4786.0,33
4786.4,35
4786.6,25
4787.0,0
4787.8,9
4787.8,24
4788.1,3
4788.1,15
4788.3,10
4790.3,8
4790.3,28
4790.9,11
4792.6,39
4792.7,34
4792.9,12
4793.4,26
4793.8,15
4793.9,1
4794.2,17
4794.5,38
4795.5,18
4796.1,19
4797.0,35
4798.4,37
4798.5,5
4798.8,21
4798.9,22
4799.0,27
4799.7,20
4799.8,15
4800.4,4
4800.8,30
4801.9,8
4802.1,7
4802.7,28
4803.4,33
4804.7,0
4805.1,2
4805.1,26
4805.2,13
4805.5,9
4805.7,17
4805.9,10
4806.0,38
4806.1,11
4806.4,19
4806.7,29
4806.9,31
4807.0,18
4807.1,14
4807.2,24
4807.4,6
4808.5,39
4808.7,1
4809.1,23
4809.2,21
4811.2,15
4811.3,28
4812.0,37
4813.2,34
4813.4,36
4813.7,4
4813.8,27
4814.0,17
4814.1,35
4814.3,20
4814.5,2
4814.9,10
4815.9,12
4816.2,0
4817.4,39
4817.9,15
4818.0,38
4818.4,18
4818.4,22
4818.6,33
4818.7,9
4819.0,8
4819.9,21
4820.2,26
4820.4,19
4820.6,37
4820.8,28
4821.0,7
4821.3,5
4821.3,11
4821.3,14
4821.4,3
4821.9,31
4823.1,24
4825.4,4
4826.9,25
4827.1,27
4827.7,17
4828.1,15
4828.6,2
4828.8,38
4830.1,10
4830.6,1
4830.7,0
4831.0,35
4831.2,30
4831.3,5
4831.6,18
4832.2,33
4832.4,28
4832.7,22
4833.6,6
4833.6,11
4833.8,19
4834.1,7
4834.6,34
4834.6,39
4836.1,26
4836.1,15
4836.5,17
4836.8,4
4837.6,38
4838.1,24
4838.1,37
4839.8,2
4840.1,13
4840.3,21
4841.0,10
4841.2,28
4842.1,1
4842.4,31
4843.2,9
4844.7,20
4845.0,18
4845.4,14
4845.5,0
4845.8,38
4846.2,4
4846.2,5
4846.4,35
4846.6,29
4846.8,27
4847.1,39
4847.4,6
4847.5,15
4847.7,12
4847.7,33
4847.8,2
4847.9,30
4848.5,7
4848.5,19
4848.9,8
4849.1,36
4849.3,11
4850.1,17
4850.2,10
4852.4,34
4853.8,25
4854.0,3
4854.3,37
4854.9,28
4855.5,16
4855.6,23
4855.7,38
4856.8,14
4856.8,21
4857.1,39
4857.3,22
4857.5,1
4857.5,26
4858.0,24
4858.2,12
4858.4,18
4858.8,4
4860.5,17
4860.7,0
4860.9,15
4861.1,2
4861.3,19
4861.4,33
4861.9,7
4862.8,20
4862.8,35
4863.2,9
4863.3,10
4863.4,5
4864.1,6
4864.1,29
4865.6,8
4867.1,37
4867.9,15
4868.9,28
4869.1,38
4869.3,39
4869.6,13
4869.6,31
4870.2,18
4870.3,1
4870.5,11
4870.7,14
4871.1,4
4872.1,17
4872.1,34
4872.3,20
4872.6,9
4872.7,30
4873.4,26
4873.7,27
4874.0,2
4874.4,6
4874.7,19
4875.2,7
4877.2,28
4877.2,21
4877.6,22
4877.7,18
4877.8,10
4878.3,15
4879.2,0
4879.2,5
4879.4,33
4879.6,36
4880.2,24
4880.5,20
4881.3,35
4881.8,37
4883.4,17
4883.9,39
4884.4,25
4884.8,12
4885.5,14
4885.6,38
4886.0,4
4886.0,15
4886.2,19
4886.7,9
4887.5,16
4887.9,34
4888.3,1
4888.4,3
4888.5,18
4889.0,33
4889.4,13
4889.4,30
4890.8,7
4890.8,23
4891.5,37
4891.7,21
4891.8,26
4891.8,38
4891.8,39
4892.3,28
4892.6,10
4892.8,2
4893.2,11
4893.4,0
4893.4,6
4893.4,17
4893.8,9
4894.1,15
4895.5,4
4896.2,8
4896.5,20
4897.0,5
4897.2,27
4899.7,19
4899.8,29
4900.0,14
4900.1,18
4900.6,33
4900.9,2
4901.0,38
4901.1,36
4901.8,35
4902.5,4
4902.6,15
4902.8,17
4902.8,12
4903.0,37
4903.5,21
4903.5,22
4904.3,1
4904.3,28
4905.3,34
4906.0,31
4906.2,39
4907.2,7
4907.5,5
4907.5,10
4907.5,20
4907.6,6
4908.2,24
4908.5,38
4908.9,0
4909.2,15
4909.3,26
4909.3,29
4909.9,25
4910.2,27
4910.8,8
4912.8,18
4912.9,30
4913.6,13
4913.7,19
4913.8,4
4914.8,11
4914.9,3
4915.6,9
4915.7,2
4915.7,14
4915.9,17
4916.0,7
4916.0,34
4916.7,15
4916.7,21
4917.9,22
4917.9,39
4918.3,33
4919.0,10
4919.4,28
4919.9,38
4922.1,4
4922.3,37
4923.2,0
4923.5,5
4924.8,20
4925.5,19
4926.0,27
4926.0,35
4927.3,29
4927.8,2
4928.1,6
4928.2,23
4928.4,14
4928.4,24
4928.7,15
4928.7,26
4929.0,17
4929.7,28
4930.0,1
4930.4,39
4930.9,38
4931.0,7
4931.0,10
4931.4,30
4931.5,18
4931.8,9
4931.8,22
4931.9,11
4933.2,33
4936.7,21
4937.3,25
4937.6,12
4937.7,5
4937.8,0
4938.0,8
4938.0,34
4938.1,31
4938.6,7
4938.6,15
4938.7,37
4938.8,4
4939.4,19
4939.7,28
4939.7,17
4940.3,13
4941.4,20
4941.6,2
4943.6,33
4943.8,38
4944.4,3
4944.7,29
4944.8,10
4944.9,39
4945.3,26
4947.2,31
4947.3,6
4947.3,30
4947.7,1
4948.1,11
4948.5,15
4948.8,18
4949.2,9
4949.2,22
4949.5,28
4949.6,2
4949.7,5
4952.3,24
4953.1,21
4953.4,0
4953.4,27
4954.0,35
4954.3,14
4954.6,4
4955.1,38
4955.3,15
4955.4,10
4955.9,19
4956.1,17
4956.3,39
4957.0,7
4957.1,33
4958.3,34
4958.3,37
4958.5,28
4959.0,8
4961.4,1
4961.7,11
4961.7,38
4962.0,2
4962.2,13
4962.9,12
4963.9,30
4964.0,20
4964.6,4
4964.9,21
4964.9,22
4964.9,35
4966.2,5
4966.4,15
4966.5,33
4966.8,26
4967.0,6
4967.9,0
4967.9,18
4968.5,24
4969.1,10
4969.4,9
4969.6,7
4969.7,17
4969.7,19
4970.0,14
4970.2,37
4970.7,25
4970.8,3
4971.2,23
4971.2,29
4971.3,39
4971.7,28
4973.2,4
4973.7,38
4974.8,34
4975.5,2
4976.3,15
4976.3,18
4976.6,27
4976.9,10
4977.2,26
4978.7,7
4979.0,8
4979.2,20
4979.5,17
4980.0,31
4980.1,33
4980.5,21
4980.7,36
4980.9,11
4981.0,1
4981.4,6
4981.6,24
4981.8,5
4983.1,12
4983.3,0
4984.9,15
4985.1,28
4985.4,4
4986.0,38
4986.1,9
4986.4,13
4986.4,39
4987.0,19
4987.0,35
4987.3,8
4987.3,22
4987.8,30
4988.4,37
4989.3,17
4991.5,16
4991.7,2
4991.8,10
4992.4,18
4992.6,20
4992.7,7
4993.7,26
4994.3,33
4994.8,15
4996.1,29
4996.3,34
4996.5,23
4996.7,1
4996.7,38
4997.2,4
4997.3,3
4997.6,21
4997.9,0
4998.5,9
4998.6,28
4998.8,25
4999.1,6
5000.2,37
5000.5,11
5001.8,17
5001.9,15
5001.9,22
5002.0,5
5002.0,39
5002.1,8
5002.1,14
5003.0,27
5003.4,31
5003.7,19
5003.9,2
5004.5,18
5004.9,38
5006.6,10
5007.8,0
5008.8,28
5008.9,30
5008.9,35
5009.3,12
5009.5,1
5009.7,24
5009.8,33
5010.1,13
5010.9,6
5011.2,21
5011.4,7
5011.4,15
5011.6,26
5012.2,2
5012.3,4
5013.5,17
5013.9,5
5014.2,37
5016.6,20
5017.1,18
5017.1,22
5017.3,19
5017.4,38
5020.0,39
5020.1,28
5020.7,2
5021.0,15
5022.5,29
5023.0,14
5023.1,8
5023.2,11
5023.5,33
5023.5,37
5023.6,7
5023.8,9
5023.9,10
5023.9,34
5024.2,1
5025.1,0
5025.1,36
5025.3,32
5025.5,20
5025.9,4
5026.9,17
5027.2,38
5027.8,26
5029.2,28
5029.3,21
5030.2,24
5030.4,30
5031.3,6
5031.5,5
5033.1,19
5034.3,2
5034.5,15
5035.2,12
5035.6,18
5035.6,39
5036.2,37
5036.5,17
5037.2,3
5037.6,22
5037.8,27
5038.2,10
5038.7,35
5038.8,7
5039.4,13
5039.6,38
5040.3,4
5040.3,9
5040.5,25
5040.8,33
5040.9,15
5041.2,29
5042.2,6
5043.5,20
5044.0,14
5044.4,28
5044.5,2
5044.6,8
5045.4,0
5045.6,34
5045.8,11
5046.1,36
5046.2,21
5046.3,19
5046.8,1
5047.1,31
5047.2,39
5047.9,35
5048.2,10
5048.3,5
5049.1,17
5049.9,4
5050.2,38
5050.4,33
5051.0,15
5052.2,0
5052.2,18
5053.2,26
5053.5,28
5053.7,37
5054.0,2
5056.0,6
5057.7,30
5058.5,20
5058.5,39
5059.1,23
5059.4,15
5059.5,7
5059.5,17
5059.8,14
5060.9,10
5061.0,4
5061.1,22
5061.3,9
5061.3,19
5061.3,24
5061.5,21
5062.3,27
5062.7,28
5062.7,37
5063.0,8
5063.0,34
5063.6,3
5063.9,38
5064.1,25
5065.0,5
5065.5,0
5065.9,12
5066.2,15
5068.1,1
5068.2,11
5068.2,13
5069.5,17
5069.5,35
5069.8,2
5069.9,10
5069.9,22
5070.8,33
5071.4,37
5071.8,0
5071.8,20
5071.9,19
5072.6,26
5072.7,18
5073.0,36
5073.1,6
5073.5,21
5074.1,28
5074.8,7
5074.8,27
5075.4,38
5075.8,9
5075.8,12
5075.9,4
5076.2,39
5076.3,15
5076.5,11
5077.1,29
5077.1,31
5078.4,30
5080.4,34
5080.6,8
5081.1,1
5081.3,3
5081.6,10
5081.9,17
5082.8,2
5083.4,37
5084.0,5
5084.5,33
5084.9,0
5085.2,28
5086.1,39
5087.3,14
5088.1,35
5088.5,19
5089.7,18
5090.3,16
5090.5,38
5091.2,26
5091.7,4
5091.8,15
5091.8,21
5091.8,24
5092.0,20
5092.6,6
5093.2,7
5093.3,28
5093.9,22
5094.0,29
5096.2,9
5096.3,17
5097.9,0
5098.5,8
5098.5,34
5098.8,2
5099.1,13
5099.2,1
5099.3,33
5099.4,37
5099.8,39
5100.0,5
5100.0,11
5100.4,10
5100.4,38
5100.5,25
5100.9,7
5100.9,28
5101.3,23
5101.9,4
5101.9,15
5102.4,12
5102.8,30
5105.1,17
5105.8,18
5106.2,14
5106.7,27
5107.4,36
5107.7,33
5107.9,19
5107.9,22
5108.0,35
5108.1,20
5108.5,31
5108.6,3
5108.6,21
5109.1,15
5110.3,9
5110.4,2
5111.9,5
5112.5,29
5113.2,38
5113.4,0
5114.1,10
5114.5,26
5115.5,13
5115.9,39
5116.5,4
5116.9,6
5117.7,28
5117.9,17
5118.4,1
5118.4,19
5119.4,15
5120.4,7
5122.7,30
5123.0,33
5123.5,23
5123.8,8
5123.8,11
5124.0,22
5124.2,35
5124.2,37
5124.4,36
5125.0,5
5125.7,29
5125.7,21
5125.9,12
5126.2,17
5127.0,18
5127.6,19
5127.8,20
5127.9,38
5128.0,14
5128.2,24
5128.4,28
5129.2,9
5129.7,0
5129.8,39
5130.2,15
5130.2,2
5130.7,10
5130.8,6
5130.8,34
5130.9,30
5131.0,16
5131.4,26
5132.4,4
5134.0,17
5135.0,38
5135.2,33
5135.7,37
5135.9,7
5136.7,11
5136.8,18
5137.1,8
5137.3,21
5137.4,3
5137.9,1
5137.9,22
5138.4,27
5138.5,2
5140.3,9
5140.4,0
5140.9,15
5141.1,31
5141.5,28
5141.6,10
5142.1,5
5142.4,20
5142.7,6
5142.9,35
5143.4,39
5144.7,17
5145.0,14
5145.1,13
5146.3,26
5147.4,4
5148.2,19
5148.2,38
5148.6,34
5151.0,12
5151.6,2
5152.8,30
5153.1,18
5153.1,1
5153.4,15
5154.0,33
5154.1,0
5154.3,37
5154.8,22
5155.1,8
5155.5,28
5155.7,7
5156.6,38
5156.7,4
5156.7,5
5156.7,6
5156.7,17
5156.9,10
5157.0,9
5157.0,27
5157.2,39
5157.6,35
5158.0,21
5159.1,15
5159.6,2
5160.1,11
5161.0,23
5161.6,29
5164.0,25
5164.1,26
5164.3,31
5164.5,28
5164.9,0
5165.0,19
5165.1,15
5165.3,24
5165.6,9
5165.6,13
5165.9,1
5165.9,4
5166.0,38
5166.2,33
5166.4,17
5166.8,18
5167.2,7
5168.5,12
5168.6,37
5168.8,34
5169.8,8
5169.8,36
5171.3,39
5172.2,10
5172.9,6
5173.9,2
5174.0,14
5174.3,15
5174.8,33
5175.0,22
5175.1,11
5175.3,16
5176.2,26
5176.8,35
5177.9,28
5178.7,0
5179.7,5
5179.7,17
5179.8,19
5179.9,34
5180.0,20
5180.2,18
5180.5,4
5180.5,38
5181.1,8
5181.1,39
5181.2,21
5181.7,27
5182.7,22
5183.0,30
5183.2,7
5183.8,9
5183.8,31
5184.2,37
5184.4,15
5184.5,1
5186.1,13
5186.3,38
5186.5,33
5187.6,2
5188.2,6
5188.4,17
5189.1,10
5189.4,14
5189.6,24
5190.3,25
5190.8,28
5190.8,34
5191.4,19
5192.0,11
5192.6,0
5192.6,35
5192.7,12
5192.7,29
5192.7,37
5192.9,39
5193.1,4
5193.7,18
5194.2,15
5194.3,38
5196.1,5
5197.3,33
5197.5,9
5198.3,26
5199.1,2
5199.6,3
5199.6,30
5199.9,8
5200.4,17
5200.4,28
5201.5,21
5202.1,7
5202.3,31
5203.3,10
5204.5,15
5204.6,23
5204.8,2
5205.2,0
5205.5,1
5206.2,22
5208.0,6
5208.2,34
5208.5,11
5209.2,4
5209.5,28
5209.5,33
5209.5,39
5209.7,18
5210.3,38
5210.5,19
5210.7,37
5211.0,12
5211.1,26
5211.5,17
5211.8,10
5212.3,5
5212.4,27
5212.6,14
5213.8,20
5214.0,15
5214.3,35
5214.9,24
5215.6,3
5218.3,36
5218.4,2
5218.7,6
5219.6,7
5220.0,9
5220.5,39
5220.7,8
5221.4,21
5221.9,4
5222.1,1
5222.1,16
5222.3,29
5222.3,34
5223.1,28
5223.1,38
5223.3,0
5223.5,26
5223.8,17
5224.3,19
5224.4,18
5224.8,20
5225.6,10
5225.6,15
5225.9,31
5228.4,14
5230.4,11
5230.7,39
5231.0,37
5231.3,22
5231.4,30
5231.9,12
5232.0,23
5232.2,28
5232.7,33
5233.1,2
5233.6,17
5233.8,9
5234.4,5
5235.1,7
5235.4,0
5236.1,4
5236.1,15
5236.4,24
5236.5,38
5238.3,13
5239.1,18
5239.4,35
5239.5,20
5239.9,10
5240.0,26
5240.3,21
5240.5,8
5240.6,19
5240.9,1
5241.2,14
5241.8,33
5242.2,31
5242.3,27
5242.3,36
5242.5,11
5242.6,34
5243.4,37
5244.0,6
5244.8,38
5245.9,15
5246.7,39
5246.8,4
5247.9,17
5247.9,28
5249.2,7
5249.4,25
5250.1,2
5251.8,9
5252.2,0
5252.4,5
5252.7,29
5253.4,18
5253.4,11
5254.3,26
5254.5,22
5254.9,13
5255.1,30
5255.9,39
5256.3,12
5256.8,3
5256.9,16
5257.1,15
5257.1,33
5257.3,10
5257.3,34
5257.4,17
5257.5,19
5258.1,28
5258.4,21
5259.2,4
5260.7,20
5261.6,38
5262.0,7
5263.2,0
5263.2,14
5263.5,15
5263.7,18
5263.7,23
5263.8,17
5264.4,6
5264.8,2
5266.3,33
5267.7,39
5268.2,27
5268.7,20
5269.4,28
5269.7,29
5270.1,19
5270.2,9
5270.5,8
5270.6,24
5270.6,37
5270.7,22
5270.8,4
5270.8,10
5270.9,11
5270.9,21
5271.7,5
5271.7,34
5271.9,35
5272.2,1
5272.8,7
5273.1,38
5273.6,17
5273.6,15
5274.3,26
5274.7,0
5276.0,30
5276.6,18
5276.9,33
5277.0,31
5277.5,3
5278.5,25
5279.3,12
5280.4,14
5280.4,28
5280.6,2
5281.0,39
5281.4,6
5281.4,32
5282.1,10
5282.7,21
5283.6,35
5283.9,4
5285.3,13
5285.6,15
5285.7,27
5286.0,37
5286.3,5
5286.4,11
5286.5,17
5286.6,34
5286.7,36
5287.3,20
5287.3,38
5287.7,10
5289.4,6
5289.7,19
5290.3,0
5290.8,7
5291.0,28
5291.7,9
5291.8,24
5291.8,2
5292.2,8
5292.7,5
5292.8,33
5293.4,15
5293.6,18
5294.8,17
5295.7,39
5296.2,35
5296.5,1
5296.8,4
5296.9,21
5297.2,22
5297.6,37
5298.0,14
5298.0,26
5298.1,10
5298.2,29
5298.4,11
5298.4,19
5299.5,38
5300.3,28
5300.7,34
5301.3,7
5301.4,30
5302.5,2
5303.4,12
5304.5,33
5305.1,15
5305.4,4
5305.4,6
5305.9,10
5305.9,27
5306.0,18
5306.1,25
5306.1,31
5306.7,39
5307.0,8
5307.4,20
5307.6,0
5307.7,26
5307.8,17
5308.2,5
5308.4,36
5310.3,21
5310.5,28
5311.3,38
5312.0,9
5312.8,15
5313.4,13
5313.6,19
5314.4,11
5315.0,7
5315.0,35
5315.3,37
5315.5,17
5315.9,18
5316.1,4
5316.4,3
5316.5,34
5316.7,2
5316.9,22
5319.4,38
5319.6,33
5320.0,28
5320.7,1
5321.7,24
5321.9,5
5321.9,8
5322.4,20
5322.5,10
5322.6,0
5322.6,30
5322.8,15
5322.8,39
5323.9,26
5324.7,17
5324.9,27
5325.1,9
5325.2,14
5325.4,19
5325.8,11
5326.1,7
5326.7,28
5327.3,15
5327.5,18
5328.4,37
5328.9,21
5329.8,4
5330.3,25
5330.3,33
5330.5,34
5331.1,35
5331.6,2
5331.6,23
5331.7,17
5332.0,6
5332.1,5
5333.5,38
5333.7,31
5334.2,39
5335.9,10
5336.0,9
5336.0,13
5336.4,7
5336.7,19
5337.8,1
5338.1,22
5338.3,20
5338.3,29
5338.3,30
5339.0,15
5339.0,34
5339.0,37
5339.1,11
5339.4,17
5339.5,0
5339.9,38
5340.0,4
5340.1,28
5340.3,12
5340.3,5
5341.0,8
5343.7,26
5344.2,14
5344.6,39
5345.2,18
5345.5,27
5345.6,21
5346.2,3
5347.3,6
5347.7,33
5347.8,0
5347.9,2
5348.6,1
5349.4,10
5349.6,28
5349.7,38
5350.2,7
5350.3,15
5350.7,4
5350.7,19
5350.9,37
5351.1,31
5351.6,17
5355.2,26
5355.5,18
5356.4,8
5357.0,24
5357.0,36
5357.2,9
5357.3,2
5358.2,34
5358.4,25
5358.6,15
5358.9,19
5358.9,39
5359.0,35
5360.0,0
5360.5,33
5360.9,28
5361.1,17
5361.6,11
5361.9,14
5362.2,5
5362.2,22
5362.5,29
5362.7,20
5363.3,4
5363.5,37
5364.0,38
5364.7,7
5366.1,12
5366.9,13
5367.1,10
5367.2,6
5367.2,15
5368.5,21
5368.8,0
5369.8,26
5369.8,30
5369.9,18
5370.1,2
5371.0,28
5371.4,34
5371.6,1
5371.7,17
5371.7,38
5372.0,4
5372.0,39
5372.5,9
5372.6,33
5372.8,15
5373.6,22
5373.8,27
5376.4,37
5377.0,19
5377.7,16
5378.3,11
5378.4,14
5379.0,7
5379.1,26
5379.6,38
5380.2,28
5380.5,10
5380.7,35
5381.0,8
5381.0,20
5381.3,39
5381.5,5
5381.5,17
5381.6,0
5381.8,25
5383.5,15
5384.3,18
5384.5,6
5384.5,31
5385.5,2
5386.0,4
5386.6,13
5386.8,29
5387.2,21
5387.3,22
5388.2,12
5388.7,30
5388.9,37
5389.4,17
5390.4,5
5390.5,15
5390.5,24
5390.8,33
5390.9,20
5391.2,11
5391.5,28
5391.7,10
5391.8,1
5392.0,38
5392.4,39
5393.5,3
5394.0,19
5394.6,8
5394.6,34
5394.8,2
5395.9,7
5396.2,9
5396.3,26
5397.0,35
5397.8,36
5398.9,0
5399.2,4
5399.3,21
5399.6,30
5399.7,37
5399.9,27
5400.0,12
5400.0,14
5400.1,17
5400.8,6
5401.2,18
5401.3,15
5401.6,10
5402.7,25
5403.0,39
5403.8,28
5404.5,38
5404.6,1
5405.2,22
5405.5,20
5405.6,29
5405.7,5
5406.6,14
5406.7,19
5407.2,26
5407.6,33
5409.0,23
5409.2,11
5410.4,17
5410.4,34
5411.3,4
5411.4,15
5411.4,27
5411.7,8
5411.9,31
5413.0,2
5413.4,16
5413.8,35
5414.5,21
5414.6,12
5414.8,7
5414.8,38
5415.1,1
5415.2,9
5415.3,37
5415.9,0
5416.8,28
5417.4,22
5418.6,39
5418.7,13
5419.0,5
5419.2,10
5419.5,20
5419.8,18
5421.2,15
5422.4,33
5422.8,28
5423.7,4
5424.3,26
5424.5,6
5424.7,10
5425.0,8
5425.0,24
5425.3,17
5425.3,19
5425.3,38
5426.0,37
5427.1,30
5428.6,15
5429.3,34
5429.5,7
5430.8,11
5431.0,0
5431.7,21
5431.7,39
5432.2,35
5432.6,2
5433.0,9
5433.2,14
5433.5,4
5433.7,36
5434.0,27
5434.3,22
5435.8,18
5436.2,33
5436.3,1
5436.3,31
5436.6,3
5437.4,12
5437.9,15
5438.4,17
5438.5,28
5439.3,10
5439.3,38
5440.5,26
5440.7,29
5440.9,5
5441.8,39
5443.0,6
5443.4,34
5443.6,0
5443.7,37
5444.0,15
5444.1,19
5444.4,21
5444.5,17
5444.8,14
5445.0,7
5446.0,20
5447.2,2
5447.2,11
5447.3,38
5448.3,33
5449.6,10
5450.1,28
5451.2,4
5451.6,22
5451.9,12
5452.2,30
5452.4,3
5452.6,5
5452.6,8
5452.6,18
5452.8,35
5452.9,9
5453.0,19
5453.4,26
5453.8,27
5454.0,13
5454.2,15
5454.9,0
5454.9,39
5454.9,38
5455.8,37
5456.6,21
5457.8,17
5458.1,2
5459.4,1
5459.5,7
5461.0,14
5461.1,24
5462.2,34
5463.5,23
5463.8,15
5463.9,11
5464.0,20
5464.0,28
5464.6,17
5464.6,33
5464.7,6
5464.8,31
5464.9,35
5465.3,4
5465.3,38
5465.4,8
5465.6,29
5465.6,19
5465.9,37
5466.3,39
5466.6,26
5466.8,25
5467.6,10
5467.7,1
5467.9,0
5468.2,9
5470.2,5
5470.7,22
5472.9,15
5472.9,18
5472.9,28
5473.7,2
5473.9,21
5474.6,24
5474.7,38
5475.6,30
5476.2,12
5476.2,36
5476.3,17
5476.8,26
5478.0,11
5478.0,34
5478.3,39
5478.5,8
5478.6,27
5478.9,4
5479.8,7
5480.8,14
5481.1,3
5481.3,37
5481.5,33
5481.6,10
5481.6,22
5481.8,15
5482.3,6
5482.3,19
5482.9,9
5483.1,0
5483.2,18
5484.9,28
5486.2,20
5486.4,1
5487.0,29
5487.2,38
5487.9,39
5488.0,35
5488.3,2
5488.5,21
5488.8,4
5488.9,19
5489.0,18
5489.2,15
5489.4,31
5491.7,5
5491.7,11
5491.9,17
5492.9,34
5493.0,37
5494.5,6
5494.6,10
5494.9,8
5495.0,14
5495.2,7
5495.5,12
5495.7,28
5496.1,26
5496.5,33
5496.6,22
5497.0,30
5497.9,15
5498.7,38
5499.1,19
5499.5,27
5499.5,39
5500.0,1
5500.1,35
5501.1,2
5501.3,4
5501.3,16
5502.5,0
5503.0,3
5503.1,28
5503.3,18
5504.1,37
5504.3,13
5505.2,5
5505.4,17
5505.7,20
5506.4,9
5506.4,21
5506.7,29
5506.8,11
5507.4,15
5507.4,24
5507.7,7
5508.2,34
5509.1,10
5509.1,38
5509.5,39
5511.4,6
5511.6,2
5513.2,30
5513.5,19
5513.7,14
5514.1,33
5515.6,35
5515.9,22
5516.3,15
5516.8,18
5516.8,21
5516.9,12
5517.0,17
5517.3,0
5517.3,28
5517.4,4
5517.7,10
5517.7,34
5518.1,37
5519.6,36
5520.0,26
5520.7,27
5521.6,8
5522.1,9
5523.2,15
5523.9,38
5524.3,1
5524.4,11
5524.5,23
5525.4,0
5525.5,7
5525.6,39
5525.7,31
5526.2,2
5526.8,5
5526.9,33
5527.1,20
5527.6,6
5527.6,17
5527.6,19
5527.6,28
5528.6,10
5529.2,37
5529.3,22
5530.2,24
5530.5,14
5531.0,21
5532.2,18
5532.3,3
5533.3,4
5533.4,38
5533.6,15
5533.9,26
5534.4,35
5534.7,9
5534.9,39
5535.1,25
5535.3,13
5535.9,28
5537.3,2
5538.6,12
5538.8,30
5539.0,27
5539.3,8
5540.6,17
5541.0,6
5541.5,1
5541.7,34
5542.6,7
5542.8,33
5543.0,19
5543.0,29
5543.0,31
5543.0,37
5543.6,10
5544.0,18
5544.0,36
5544.3,0
5544.3,22
5545.3,4
5545.3,15
5546.4,5
5546.4,16
5547.3,39
5547.5,28
5548.1,21
5548.1,38
5549.3,26
5550.7,14
5551.2,15
5551.9,2
5551.9,9
5552.5,33
5552.5,11
5555.4,10
5555.9,17
5555.9,20
5557.1,4
5557.1,8
5557.4,0
5558.1,28
5558.3,38
5558.9,7
5559.3,39
5559.6,35
5560.1,37
5561.6,24
5561.7,15
5561.7,2
5561.9,1
5562.0,30
5562.2,31
5562.3,33
5562.4,6
5563.2,18
5563.4,5
5563.5,22
5563.6,25
5563.8,34
5563.9,10
5563.9,21
5563.9,27
5564.1,19
5564.2,36
5564.9,38
5565.4,17
5565.5,11
5566.2,14
5567.2,4
5568.4,26
5568.4,28
5568.6,3
5569.5,20
5572.6,15
5572.8,38
5572.8,39
5573.3,2
5573.8,13
5574.4,9
5575.2,37
5575.4,7
5575.7,0
5576.1,1
5576.1,6
5576.2,22
5576.6,10
5576.6,35
5576.9,34
5577.1,27
5577.1,33
5577.3,17
5577.5,18
5577.7,5
5577.9,19
5578.1,32
5578.3,4
5578.8,11
5578.9,29
5579.0,23
5579.0,28
5579.1,8
5579.1,15
5581.6,30
5583.1,21
5583.9,14
5583.9,20
5584.0,31
5584.0,39
5585.1,2
5585.1,26
5585.3,38
5586.0,33
5586.1,9
5586.5,24
5586.7,12
5586.9,10
5588.4,25
5588.6,0
5588.8,28
5589.4,15
5589.8,19
5589.9,36
5590.3,1
5591.2,6
5591.3,37
5591.5,17
5591.5,18
5592.1,7
5592.9,4
5592.9,38
5593.0,8
5593.0,34
5593.1,39
5593.9,21
5594.2,11
5596.9,33
5597.0,28
5597.1,24
5597.3,5
5598.2,15
5598.4,22
5599.1,9
5600.2,19
5600.3,26
5601.0,0
5601.9,10
5602.0,2
5602.6,17
5602.8,14
5602.8,29
5603.3,34
5603.3,35
5603.8,18
5604.7,20
5605.2,38
5606.0,15
5606.1,37
5607.7,28
5608.1,4
5608.2,39
5608.7,1
5608.8,7
5609.2,12
5609.2,30
5609.7,33
5611.3,3
5611.9,6
5612.2,13
5612.3,9
5613.8,10
5614.2,19
5614.9,0
5615.0,21
5615.4,28
5615.5,15
5617.5,17
5618.0,20
5618.0,5
5618.2,2
5618.6,34
5619.2,39
5619.5,11
5619.5,36
5620.2,18
5620.4,25
5620.7,7
5620.7,8
5620.9,14
5621.0,26
5621.0,27
5621.1,38
5621.2,37
5621.7,4
5621.8,35
5622.6,6
5622.7,23
5623.1,1
5623.1,33
5624.0,22
5625.7,29
5626.3,28
5626.6,10
5626.6,17
5627.2,15
5627.6,0
5628.0,24
5628.0,31
5628.4,30
5629.0,9
5629.6,13
5630.5,19
5630.7,21
5630.9,18
5631.9,39
5633.2,7
5633.9,8
5634.5,38
5634.7,37
5634.8,3
5634.9,15
5635.5,25
5636.0,28
5636.0,35
5636.6,1
5636.6,10
5637.2,5
5637.4,26
5637.9,11
5637.9,20
5637.9,6
5638.1,34
5638.2,17
5638.6,33
5639.1,12
5639.3,4
5639.8,29
5640.1,23
5640.2,22
5640.5,0
5640.6,2
5643.1,21
5643.1,39
5643.4,36
5644.3,9
5644.4,28
5645.0,18
5645.3,1
5647.5,15
5648.1,10
5648.4,20
5648.6,14
5649.8,19
5650.3,16
5650.7,7
5651.3,28
5651.3,38
5651.6,2
5652.1,17
5652.2,0
5653.5,4
5653.7,8
5653.7,26
5653.8,37
5654.0,11
5654.2,27
5654.2,30
5654.3,15
5654.6,29
5654.8,18
5655.4,6
5656.8,33
5657.0,5
5657.1,9
5657.3,38
5657.4,35
5658.0,14
5659.8,34
5660.1,23
5661.3,22
5662.7,7
5662.7,15
5663.5,39
5664.0,24
5664.2,28
5664.6,4
5664.7,37
5665.0,3
5665.0,29
5665.3,12
5665.5,19
5665.6,31
5666.2,0
5666.5,33
5667.1,21
5668.0,13
5668.6,2
5668.8,17
5669.7,26
5670.4,8
5670.8,38
5671.0,1
5671.1,20
5671.3,18
5671.6,10
5671.9,5
5672.2,35
5672.3,25
5672.4,14
5672.4,15
5672.6,39
5672.9,30
5673.5,34
5673.8,6
5675.0,9
5675.2,28
5676.5,37
5677.9,4
5678.3,27
5678.4,19
5679.4,0
5680.1,22
5680.2,15
5680.5,17
5680.9,31
5681.0,7
5681.5,11
5681.8,3
5682.0,18
5682.0,38
5682.1,21
5682.4,1
5682.4,20
5683.0,5
5684.4,33
5685.9,34
5687.6,8
5688.0,36
5688.4,28
5688.4,39
5688.5,4
5688.7,13
5688.8,12
5688.8,15
5688.9,17
5689.0,2
5689.1,30
5689.2,35
5691.2,10
5692.0,37
5692.6,6
5692.7,29
5693.4,26
5694.2,5
5694.3,27
5694.8,24
5694.9,11
5694.9,14
5694.9,18
5695.7,9
5695.9,21
5696.2,38
5696.4,19
5696.8,7
5697.0,4
5697.2,33
5697.5,15
5698.5,20
5698.7,0
5699.7,39
5700.6,28
5701.0,22
5701.6,16
5701.8,1
5701.8,34
5702.5,17
5702.8,37
5703.1,31
5706.7,38
5707.4,12
5707.7,4
5708.4,15
5708.4,18
5708.4,26
5708.4,30
5708.6,19
5708.9,14
5709.0,6
5709.3,23
5709.8,2
5709.8,33
5709.9,25
5710.0,11
5710.2,10
5711.1,28
5713.5,17
5713.6,7
5713.6,9
5713.8,37
5714.1,5
5714.5,1
5714.5,8
5714.8,0
5714.9,35
5715.1,15
5715.4,33
5715.8,38
5716.5,39
5717.1,13
5717.3,22
5717.9,19
5718.0,2
5718.3,21
5718.9,29
5719.5,20
5719.7,24
5720.4,34
5720.8,18
5721.3,11
5721.6,27
5721.7,10
5721.7,26
5721.9,28
5722.4,25
5722.7,4
5722.7,6
5723.1,17
5723.2,15
5723.6,38
5725.6,12
5726.1,37
5727.4,0
5727.8,14
5728.5,5
5728.7,18
5728.8,1
5729.0,31
5729.0,19
5729.6,7
5729.6,30
5730.3,2
5730.3,21
5730.4,35
5730.5,33
5731.1,39
5731.2,36
5731.3,8
5731.5,28
5732.4,38
5733.4,17
5733.7,34
5735.0,10
5735.1,4
5736.6,15
5736.8,7
5738.4,9
5738.9,22
5739.8,24
5739.9,6
5740.2,39
5740.5,3
5740.9,37
5741.2,20
5741.8,29
5742.2,0
5742.2,33
5742.4,5
5742.4,11
5742.6,8
5742.7,26
5743.3,4
5744.7,18
5745.3,14
5745.3,28
5745.5,17
5746.4,23
5746.4,27
5746.7,15
5747.0,2
5747.2,21
5747.3,25
5747.6,38
5748.3,35
5748.4,10
5748.7,19
5749.9,12
5750.6,30
5750.9,26
5751.1,13
5751.2,7
5751.2,33
5752.9,0
5753.7,9
5754.2,28
5754.3,17
5754.6,3
5754.7,37
5754.8,4
5754.9,15
5755.6,34
5758.4,8
5759.0,29
5760.0,27
5760.4,10
5760.6,5
5760.9,39
5761.4,33
5761.6,21
5762.3,22
5762.6,2
5762.6,36
5762.7,38
5763.1,26
5763.1,31
5763.2,1
5763.2,14
5763.3,6
5763.3,20
5763.4,11
5763.4,18
5763.5,24
5764.4,28
5765.0,15
5765.5,35
5765.6,4
5765.6,37
5767.1,17
5767.8,0
5768.7,19
5769.6,12
5770.2,5
5770.7,7
5771.0,30
5771.2,32
5771.3,25
5771.6,39
5772.2,28
5772.3,4
5772.9,13
5773.1,34
5774.9,20
5775.4,10
5775.6,1
5775.6,15
5775.8,38
5776.0,33
5776.6,8
5776.6,35
5777.3,27
5777.6,9
5777.6,17
5778.6,2
5778.9,19
5779.0,21
5780.0,0
5780.0,26
5780.0,37
5780.3,28
5781.8,39
5782.0,11
5782.2,22
5782.8,6
5783.4,31
5783.7,14
5783.7,15
5785.1,3
5785.3,4
5785.4,7
5787.1,18
5787.3,12
5787.3,10
5787.6,38
5788.6,28
5791.3,29
5791.5,37
5791.8,20
5792.1,17
5792.2,25
5792.8,35
5792.9,39
5793.0,0
5793.0,15
5793.7,8
5795.4,19
5796.2,33
5796.3,1
5796.3,4
5796.5,5
5796.6,9
5796.7,13
5796.8,14
5797.0,26
5797.1,34
5797.8,27
5798.1,2
5798.3,16
5798.4,21
5798.5,36
5798.9,11
5799.1,30
5799.1,38
5799.5,15
5799.5,28
5799.9,10
5800.1,6
5800.7,17
5803.1,35
5804.0,37
5804.3,18
5804.4,7
5804.7,8
5806.1,21
5807.9,1
5807.9,28
5808.9,15
5808.9,20
5809.4,38
5810.4,12
5810.5,29
5811.3,31
5811.3,26
5812.5,2
5812.9,0
5812.9,39
5813.0,22
5813.5,4
5813.5,33
5813.6,9
5813.6,17
5814.2,3
5814.4,19
5815.1,10
5815.4,18
5815.7,34
5815.7,37
5815.8,24
5816.4,15
5817.6,30
5818.2,6
5822.5,7
5822.5,14
5822.5,35
5822.7,8
5823.0,38
5823.9,4
5824.5,26
5824.7,28
5825.0,5
5825.7,11
5825.7,20
5825.8,29
5826.3,0
5826.5,27
5827.4,2
5827.4,17
5827.4,39
5827.9,37
5828.2,15
5828.7,13
5829.2,8
5829.5,21
5829.8,1
5829.8,34
5829.9,19
5830.3,18
5830.8,33
5832.2,38
5832.9,10
5833.4,9
5833.4,28
5834.0,30
5834.8,14
5834.8,15
5835.2,4
5835.3,6
5836.3,36
5837.8,23
5841.1,33
5841.2,17
5841.2,29
5841.4,22
5842.5,30
5842.7,26
5842.7,31
5842.8,2
5842.8,7
5843.2,12
5843.2,37
5843.3,34
5843.5,35
5844.2,19
5844.6,0
5844.6,15
5844.6,38
5844.7,28
5844.9,25
5845.0,4
5845.1,14
5845.3,18
5845.4,21
5845.9,24
5846.2,20
5846.3,5
5846.6,27
5846.7,8
5846.9,1
5847.0,17
5847.1,39
5847.3,6
5848.1,10
5849.2,9
5849.7,3
5850.2,11
5850.2,15
5850.3,33
5853.3,28
5853.4,37
5854.3,29
5855.3,19
5855.5,36
5855.7,39
5856.4,2
5856.6,26
5858.4,0
5858.6,17
5859.0,38
5859.5,4
5859.5,12
5861.0,21
5861.1,5
5861.1,31
5861.2,22
5861.6,30
5861.9,15
5862.3,6
5862.4,7
5862.4,20
5862.6,8
5862.6,18
5862.8,33
5862.9,10
5864.2,34
5865.9,28
5866.1,23
5866.4,13
5867.3,35
5867.5,17
5869.3,15
5869.7,11
5869.8,25
5869.9,14
5869.9,19
5870.4,38
5870.6,37
5870.8,16
5871.1,24
5871.2,9
5871.2,22
5871.3,0
5871.4,39
5871.6,4
5871.9,1
5872.0,27
5872.1,2
5874.1,26
5874.7,7
5874.8,33
5875.7,21
5876.3,10
5876.3,20
5877.0,29
5877.1,12
5877.5,28
5877.8,18
5878.0,38
5878.7,6
5879.2,17
5879.9,15
5882.3,39
5883.4,4
5883.6,5
5884.0,0
5884.3,35
5884.6,37
5886.0,33
5886.2,36
5886.3,9
5886.4,21
5886.4,30
5886.7,2
5886.9,13
5887.4,34
5887.5,19
5887.9,8
5888.4,3
5889.3,10
5889.4,15
5889.6,17
5889.7,22
5890.4,1
5890.4,28
5890.9,6
5891.6,38
5891.6,39
5891.7,31
5892.1,7
5892.6,24
5892.9,26
5894.1,35
5894.3,15
5894.3,18
5894.4,2
5894.5,20
5894.8,29
5896.3,5
5896.4,14
5897.3,4
5898.4,33
5898.5,37
5898.8,17
5898.8,21
5898.9,0
5900.4,28
5900.5,11
5900.5,38
5901.9,19
5903.3,34
5903.6,27
5903.7,7
5903.8,10
5904.6,15
5904.6,39
5905.3,12
5905.6,26
5906.4,9
5906.5,4
5907.2,8
5907.4,30
5907.9,18
5908.7,6
5908.7,20
5909.2,38
5909.4,33
5909.6,2
5909.8,25
5910.4,1
5910.8,28
5911.3,22
5911.7,17
5912.1,13
5912.9,16
5912.9,19
5913.0,36
5913.3,34
5913.7,35
5913.8,37
5914.5,10
5915.2,39
5915.5,31
5916.5,14
5916.5,26
5916.8,0
5917.1,23
5917.4,15
5917.5,6
5918.3,4
5919.0,38
5919.3,11
5919.4,7
5919.4,17
5919.6,21
5919.6,33
5919.9,5
5920.6,18
5921.7,2
5921.9,9
5923.0,24
5925.1,1
5925.7,37
5925.8,27
5925.8,36
5926.5,8
5927.0,15
5927.1,0
5927.2,26
5927.4,19
5927.7,12
5927.7,30
5928.6,3
5928.7,39
5928.9,28
5929.0,20
5930.7,38
5931.7,17
5932.2,4
5932.3,22
5932.7,5
5933.0,10
5933.0,33
5933.5,21
5934.5,29
5934.8,13
5935.5,35
5937.8,18
5938.2,2
5938.6,6
5938.9,37
5939.0,19
5939.4,7
5939.7,11
5939.7,20
5939.9,1
5940.0,39
5940.4,0
5940.5,30
5940.7,4
5940.7,28
5941.2,15
5941.2,26
5941.7,31
5941.7,34
5941.9,9
5942.2,24
5943.1,38
5943.9,17
5944.6,14
5944.9,10
5945.2,8
5946.8,7
5948.5,15
5948.9,21
5948.9,27
5949.8,2
5949.8,12
5949.8,22
5949.8,36
5950.2,33
5950.8,18
5951.1,28
5951.1,37
5951.3,13
5951.5,0
5951.7,6
5952.5,30
5952.6,38
5953.0,4
5953.1,17
5953.1,19
5954.1,39
5954.3,5
5955.5,29
5955.7,11
5955.7,15
5955.7,35
5955.9,26
5959.9,10
5960.2,1
5960.7,20
5961.6,8
5961.8,6
5961.9,14
5962.0,7
5962.1,38
5962.2,2
5962.2,28
5962.6,31
5962.8,25
5963.1,37
5963.3,34
5963.5,33
5964.0,0
5964.3,3
5964.5,9
5964.7,19
5964.9,15
5964.9,24
5965.6,18
5966.0,17
5966.4,20
5966.4,39
5968.2,28
5968.3,35
5969.9,38
5970.6,22
5971.5,11
5971.8,10
5972.0,4
5972.1,21
5972.4,12
5973.1,5
5973.2,29
5973.5,34
5973.7,15
5973.7,24
5974.3,23
5974.8,9
5975.2,30
5975.3,6
5975.9,26
5977.0,19
5977.1,2
5977.5,0
5979.2,17
5979.3,7
5980.0,8
5981.2,1
5982.1,15
5982.1,18
5982.6,3
5982.7,37
5982.8,39
5982.9,38
5983.2,20
5983.2,28
5983.2,33
5983.4,14
5983.5,13
5983.9,6
5984.3,34
5984.7,4
5985.0,35
5985.1,21
5985.1,22
5985.6,27
5986.4,10
5986.9,9
5987.2,36
5987.9,31
5988.5,19
5989.0,2
5989.6,15
5991.8,12
5991.8,17
5992.2,0
5992.5,38
5993.0,11
5995.0,33
5995.2,7
5995.3,24
5996.4,8
5996.4,18
5996.6,37
5996.6,39
5996.8,15
5997.8,4
5997.9,5
5998.0,20
5998.0,28
5998.1,19
5998.4,29
5998.5,10
5998.6,1
5998.8,26
5999.0,17
5999.1,27
5999.2,2
6000.2,34
6001.4,6
6001.9,30
6003.3,21
6003.9,0
6006.1,33
6006.3,38
6006.4,37
6007.2,14
6007.3,16
6007.8,9
6008.0,35
6009.0,11
6009.7,13
6009.8,15
6010.1,7
6010.5,12
6010.6,19
6010.7,4
6011.0,21
6011.9,3
6012.1,18
6012.3,28
6012.7,17
6012.8,10
6013.6,20
6014.3,6
6014.4,8
6014.4,22
6014.7,5
6015.6,34
6016.2,2
6016.2,39
6016.3,0
6016.3,14
6016.5,25
6016.6,15
6016.7,31
6016.9,23
6017.3,9
6018.0,38
6019.4,33
6020.0,36
6020.7,28
6021.4,26
6021.9,17
6021.9,37
6022.6,11
6023.2,35
6024.1,4
6024.4,19
6024.4,24
6025.1,29
6025.3,10
6025.4,7
6025.8,20
6025.9,1
6026.5,21
6026.6,30
6026.6,39
6027.0,2
6027.4,15
6028.4,33
6028.8,38
6028.9,9
6030.7,22
6030.8,5
6030.8,8
6030.8,13
6031.0,18
6032.6,28
6033.3,0
6034.0,17
6034.6,4
6035.3,1
6035.9,15
6036.0,31
6036.6,37
6036.9,11
6036.9,6
6037.3,26
6037.6,7
6037.8,19
6037.8,39
6038.3,12
6039.4,10
6039.9,38
6040.8,27
6041.5,5
6041.5,14
6041.7,35
6042.2,34
6042.4,21
6042.5,20
6043.0,2
6043.0,29
6043.3,9
6043.3,28
6043.3,4
6043.8,15
6043.9,8
6044.6,19
6045.6,33
6046.4,0
6046.4,3
6047.4,17
6047.6,37
6048.5,38
6049.1,24
6049.3,22
6049.5,18
6049.5,35
6050.3,39
6050.4,6
6050.9,14
6050.9,36
6051.3,23
6051.7,7
6051.8,15
6052.1,10
6052.1,30
6052.2,1
6052.2,13
6052.4,2
6052.4,11
6052.4,31
6052.8,28
6054.8,19
6056.2,21
6057.4,20
6057.5,4
6057.5,26
6057.6,38
6058.1,17
6059.2,9
6059.7,0
6060.5,34
6060.5,37
6061.3,29
6061.6,5
6061.6,11
6061.6,33
6062.9,15
6063.2,7
6065.5,12
6066.2,27
6066.4,39
6066.9,10
6067.2,28
6067.7,2
6067.9,24
6068.0,1
6068.2,18
6068.9,4
6069.0,22
6069.0,38
6069.7,8
6069.9,17
6070.0,6
6070.0,19
6070.2,33
6070.6,35
6070.9,15
6071.5,36
6071.7,21
6072.3,7
6072.8,34
6074.1,14
6075.1,2
6075.1,30
6076.8,37
6076.9,27
6076.9,5
6077.8,10
6077.8,26
6078.1,28
6079.1,20
6079.8,9
6081.4,3
6081.8,13
6082.0,15
6082.2,4
6082.6,18
6082.8,39
6083.4,0
6084.1,2
6084.2,17
6084.4,38
6084.6,31
6084.8,19
6085.4,6
6085.7,28
6085.9,16
6086.2,14
6086.5,5
6086.8,12
6087.2,22
6087.2,29
6087.8,21
6088.1,8
6089.0,11
6089.1,15
6090.3,7
6090.3,35
6091.0,0
6091.0,10
6091.3,33
6091.8,23
6092.1,24
6092.1,26
6092.3,17
6092.6,18
6092.6,34
6092.8,9
6092.8,37
6093.5,20
6095.5,4
6095.8,2
6096.3,38
6097.4,39
6097.9,1
6098.4,30
6098.8,28
6099.0,34
6099.6,19
6099.8,15
6100.6,10
6101.0,17
6101.5,18
6102.3,5
6102.5,13
6102.8,26
6103.6,7
6104.0,6
6104.7,27
6105.0,22
6105.5,21
6105.8,9
6105.8,33
6106.6,2
6106.6,8
6106.7,20
6106.9,1
6107.0,29
6107.1,11
6108.2,14
6109.2,15
6109.3,39
6109.4,4
6109.8,0
6110.1,38
6110.6,10
6110.6,17
6110.7,12
6111.8,37
6111.9,31
6112.0,34
6112.7,23
6112.7,24
6112.8,28
6112.8,30
6113.1,33
6113.5,35
6113.5,19
6114.3,3
6115.5,36
6118.9,18
6119.0,39
6119.3,7
6119.6,26
6120.3,15
6121.6,10
6122.1,21
6122.2,2
6122.3,20
6122.7,5
6122.9,17
6123.2,38
6123.3,6
6123.5,0
6123.5,4
6123.7,1
6124.1,28
6124.4,33
6124.8,37
6125.0,30
6127.2,11
6127.8,22
6128.0,29
6128.4,19
6129.5,14
6131.0,7
6131.1,34
6131.2,15
6131.2,35
6132.1,5
6132.4,26
6132.5,8
6132.5,28
6132.6,39
6133.3,12
6133.5,0
6133.6,31
6133.7,17
6134.3,4
6135.8,38
6136.0,6
6136.7,18
6136.9,27
6137.2,2
6137.7,37
6137.9,19
6138.2,25
6138.6,9
6139.3,20
6139.4,10
6139.6,21
6139.6,39
6141.2,1
6142.4,5
6143.0,22
6143.2,7
6143.9,3
6143.9,16
6144.3,38
6144.4,15
6144.6,17
6144.9,4
6145.1,36
6145.5,26
6145.6,33
6145.8,24
6146.5,11
6147.4,2
6147.4,13
6147.5,30
6147.7,0
6147.9,29
6148.1,28
6148.6,8
6148.8,14
6149.0,35
6149.1,18
6150.1,34
6150.3,12
6152.1,21
6152.9,20
6153.5,19
6153.8,9
6154.6,15
6154.9,17
6155.0,37
6155.1,10
6155.5,39
6156.1,33
6156.3,22
6156.4,6
6156.6,0
6157.1,38
6157.3,28
6157.5,14
6158.1,4
6158.6,34
6159.0,7
6159.1,11
6159.1,12
6159.3,8
6160.1,13
6160.4,2
6162.7,10
6164.5,15
6164.7,31
6164.8,26
6165.2,23
6165.3,29
6165.8,19
6166.1,18
6166.1,22
6166.4,24
6166.5,20
6167.2,1
6167.6,17
6167.6,38
6167.9,27
6168.0,6
6168.0,28
6168.0,3
6168.3,21
6168.9,2
6169.0,4
6169.1,33
6169.5,9
6170.5,5
6170.5,39
6171.1,0
6171.5,35
6172.5,15
6172.6,10
6172.8,37
6174.1,34
6174.1,7
6175.6,8
6176.2,30
6177.0,26
6177.3,17
6177.3,36
6177.7,12
6178.0,33
6178.8,4
6179.3,2
6179.4,1
6179.8,18
6179.9,11
6179.9,38
6180.7,15
6181.8,28
6182.7,19
6183.4,5
6183.7,39
6184.3,37
6184.6,22
6184.7,10
6185.0,17
6185.3,6
6185.3,9
6187.2,0
6187.2,12
6187.3,20
6187.6,24
6187.8,38
6187.9,26
6188.1,27
6188.5,4
6188.7,15
6189.1,18
6189.2,25
6189.6,28
6189.7,21
6192.3,8
6192.9,14
6192.9,34
6193.8,7
6194.4,11
6194.6,22
6195.1,38
6195.3,10
6195.5,2
6195.5,19
6196.2,39
6196.4,37
6196.7,33
6196.9,17
6198.1,5
6198.3,35
6198.4,4
6199.0,23
6199.8,15
6201.5,28
6202.3,30
6202.6,26
6203.2,1
6204.0,38
6204.1,31
6204.3,18
6204.8,9
6204.9,0
6205.1,20
6205.1,21
6205.4,10
6205.8,15
6207.4,6
6207.5,7
6207.9,39
6208.1,29
6209.7,12
6209.8,11
6209.9,14
6210.4,22
6210.4,28
6211.0,8
6211.5,17
6211.7,34
6212.1,2
6212.2,4
6212.4,24
6212.5,13
6212.6,33
6212.6,37
6213.2,19
6214.6,36
6215.6,27
6215.6,35
6215.6,38
6216.1,26
6217.1,18
6217.4,0
6218.5,5
6218.8,2
6219.4,10
6219.4,15
6221.4,30
6222.2,20
6222.5,39
6222.9,31
6223.1,28
6223.2,19
6223.3,3
6223.4,21
6223.5,7
6223.6,1
6223.7,23
6225.3,11
6225.7,17
6226.8,6
6227.2,37
6227.6,13
6227.8,4
6228.5,25
6228.5,38
6229.3,34
6229.5,9
6229.5,26
6229.8,14
6229.8,33
6229.9,28
6230.0,0
6230.1,18
6230.3,15
6230.4,35
6230.8,8
6231.4,10
6232.8,39
6232.9,2
6233.0,21
6233.2,17
6233.6,5
6233.8,24
6234.6,38
6235.2,22
6236.2,11
6237.7,12
6237.9,7
6238.0,33
6238.1,20
6239.6,37
6239.9,4
6240.4,19
6240.5,14
6240.6,15
6241.0,1
6241.8,26
6242.4,28
6242.5,30
6242.6,36
6243.4,0
6243.4,18
6243.6,10
6245.0,35
6245.5,27
6246.8,29
6246.8,38
6246.9,6
6247.8,17
6248.8,15
6249.1,5
6249.2,28
6249.3,2
6249.3,20
6249.3,39
6249.8,9
6250.1,31
6250.7,3
6250.9,37
6251.0,34
6251.1,13
6252.1,7
6252.7,10
6253.1,21
6254.1,38
6254.5,4
6254.6,14
6254.8,22
6255.2,26
6255.4,8
6256.6,0
6256.7,19
6256.7,24
6257.7,15
6258.1,18
6258.3,11
6258.8,33
6260.2,17
6261.0,29
6261.7,38
6262.0,37
6262.3,39
6262.4,28
6262.5,6
6263.2,2
6263.4,9
6263.4,10
6263.7,12
6263.9,23
6264.0,7
6264.4,35
6265.0,5
6265.4,25
6267.3,21
6267.8,34
6268.1,15
6268.4,0
6268.6,4
6269.0,1
6269.0,19
6270.3,13
6270.4,36
6271.2,17
6271.2,20
6271.2,24
6271.8,33
6273.2,26
6273.2,5
6274.4,2
6274.4,18
6274.4,28
6274.7,10
6274.7,14
6274.7,37
6274.9,30
6275.0,38
6277.1,11
6277.2,3
6277.2,22
6277.5,27
6277.6,12
6278.0,39
6278.5,0
6278.7,8
6279.0,7
6279.3,29
6279.5,15
6279.6,35
6279.9,31
6280.6,19
6281.0,9
6282.4,4
6283.5,28
6283.9,26
6283.9,34
6285.3,6
6285.7,17
6286.7,38
6288.8,5
6288.8,22
6289.3,30
6289.4,1
6289.9,16
6290.2,2
6290.5,10
6290.5,15
6290.9,21
6291.0,28
6291.1,33
6291.5,8
6291.8,12
6292.1,37
6292.6,18
6292.8,0
6292.8,20
6293.2,39
6293.9,4
6295.2,14
6295.4,17
6295.7,7
6296.2,35
6296.4,9
6297.2,19
6298.2,38
6299.7,11
6299.8,24
6300.3,29
6301.0,26
6301.0,27
6301.0,13
6301.4,15
6301.9,33
6301.9,37
6302.0,6
6302.5,10
6302.5,28
6303.5,0
6303.6,3
6303.6,5
6303.8,34
6304.4,39
6304.7,30
6305.4,2
6305.4,22
6307.2,35
6307.5,38
6307.6,21
6307.7,7
6307.7,19
6308.4,8
6308.4,15
6308.4,36
6308.7,17
6309.2,18
6309.8,4
6310.1,28
6310.5,1
6310.5,12
6311.6,23
6312.6,34
6313.0,26
6313.5,0
6314.1,20
6314.7,33
6315.0,29
6315.3,18
6315.5,37
6316.7,10
6318.4,7
6318.4,9
6318.5,39
6319.2,15
6319.8,24
6320.1,14
6320.3,38
6320.5,17
6321.0,2
6321.0,31
6321.2,22
6322.0,6
6322.5,25
6323.4,30
6324.2,4
6324.5,19
6324.8,8
6324.9,20
6325.0,37
6325.9,27
6326.0,11
6326.0,39
6326.1,18
6326.1,21
6326.5,5
6326.9,10
6326.9,13
6326.9,15
6327.5,28
6327.7,12
6328.4,1
6328.7,17
6329.0,33
6329.5,22
6329.9,35
6331.0,26
6331.1,7
6331.7,0
6331.7,29
6332.9,2
6333.0,9
6333.4,34
6333.5,38
6334.5,3
6335.6,15
6335.7,6
6336.4,4
6336.8,21
6337.0,10
6338.8,24
6340.0,28
6340.4,18
6340.6,11
6340.6,38
6341.2,5
6341.4,1
6341.4,19
6341.6,14
6341.7,23
6341.8,26
6342.8,17
6343.6,6
6343.6,7
6344.5,13
6344.5,37
6344.6,8
6345.0,39
6345.1,22
6346.1,0
6346.3,20
6346.9,35
6347.1,33
6347.4,15
6347.5,2
6349.4,10
6350.1,17
6350.7,28
6350.8,12
6351.1,21
6351.6,38
6352.1,19
6352.3,4
6352.7,18
6353.5,5
6354.0,14
6354.6,26
6355.1,39
6355.2,27
6355.5,22
6355.5,24
6355.7,30
6356.0,29
6356.3,20
6356.5,7
6356.5,37
6356.7,0
6356.7,9
6359.7,15
6360.1,36
6360.4,13
6360.6,6
6360.7,11
6361.2,33
6361.3,2
6361.4,38
6362.0,19
6362.4,34
6362.5,4
6362.5,28
6363.3,17
6363.4,31
6364.4,10
6365.8,35
6366.4,26
6366.9,15
6366.9,25
6367.4,8
6367.7,18
6369.3,20
6369.3,39
6369.5,12
6369.7,16
6370.3,21
6370.9,24
6371.3,0
6371.3,38
6371.9,5
6372.2,1
6372.8,37
6373.8,7
6373.8,17
6374.2,19
6374.3,4
6374.6,33
6374.7,10
6374.9,9
6375.1,27
6376.0,14
6376.3,28
6377.0,15
6377.2,30
6377.9,11
6378.4,29
6378.7,2
6379.5,3
6380.1,6
6382.1,34
6383.8,21
6383.9,8
6383.9,39
6384.1,38
6384.2,22
6384.3,33
6384.4,35
6384.6,26
6385.2,0
6385.4,15
6385.4,18
6385.8,2
6386.6,31
6386.7,4
6387.4,7
6387.5,17
6388.3,24
6389.0,37
6389.1,28
6389.9,19
6390.2,13
6391.2,1
6391.7,27
6391.8,10
6393.0,15
6393.2,5
6393.3,34
6394.2,32
6394.4,39
6394.9,25
6395.1,6
6395.2,20
6395.6,8
6396.0,9
6396.1,18
6396.2,2
6396.4,11
6396.4,38
6396.8,33
6397.1,30
6397.2,4
6397.2,12
6397.5,28
6397.7,26
6399.5,17
6399.5,35
6399.7,1
6400.4,7
6403.1,22
6403.7,36
6403.8,15
6403.9,21
6403.9,37
6404.9,0
6406.0,28
6406.4,10
6406.5,19
6407.9,34
6408.3,33
6408.4,39
6409.1,8
6409.1,38
6409.3,13
6409.6,20
6409.6,5
6410.4,14
6410.6,2
6410.6,29
6410.8,26
6411.6,31
6411.7,15
6411.9,18
6412.0,7
6412.2,4
6412.3,9
6412.3,11
6412.3,17
6412.3,35
6414.3,24
6414.7,27
6415.0,12
6417.1,8
6417.6,21
6417.9,6
6418.2,10
6418.5,28
6418.6,37
6419.4,1
6419.7,38
6420.1,15
6420.3,5
6420.6,22
6421.0,0
6422.2,14
6422.6,19
6422.8,4
6422.8,39
6423.0,2
6423.3,7
6423.8,30
6423.8,34
6426.6,25
6426.6,17
6426.8,18
6427.3,37
6427.5,33
6428.0,38
6429.8,9
6430.5,6
6430.5,12
6430.5,28
6431.9,15
6431.9,24
6432.3,3
6432.8,11
6433.1,10
6433.6,26
6433.8,29
6433.9,5
6434.0,39
6434.2,35
6434.3,21
6434.3,8
6434.6,2
6434.6,20
6435.5,13
6435.9,4
6436.1,17
6436.7,23
6437.5,0
6437.8,14
6439.2,38
6439.5,19
6440.2,22
6440.3,33
6440.8,7
6442.3,39
6442.6,27
6442.7,37
6442.7,6
6442.9,16
6443.0,15
6443.3,1
6443.3,17
6444.6,31
6444.8,2
6444.8,28
6445.5,10
6446.2,12
6447.1,18
6447.5,34
6447.7,9
6449.4,11
6449.7,15
6450.3,13
6450.3,14
6450.4,26
6450.4,7
6450.4,20
6450.4,36
6451.0,19
6451.0,8
6452.2,4
6452.4,1
6452.4,30
6452.7,38
6453.3,21
6453.4,0
6453.7,28
6454.0,6
6454.2,33
6455.6,17
6455.7,5
6456.0,35
6456.3,39
6457.2,15
6457.3,24
6458.0,29
6458.7,18
6458.7,22
6459.4,37
6459.8,2
6460.1,10
6461.6,11
6461.7,30
6462.0,12
6462.0,38
6462.4,34
6463.2,4
6463.9,0
6464.1,9
6466.4,1
6466.6,19
6466.6,39
6466.8,17
6467.0,15
6467.0,20
6467.3,7
6467.4,6
6468.0,26
6468.0,31
6468.3,28
6469.1,3
6469.4,33
6469.8,21
6469.9,38
6471.2,27
6471.6,8
6472.1,18
6472.4,37
6473.2,14
6475.1,4
6475.1,35
6476.6,2
6477.0,0
6477.4,30
6477.4,34
6477.7,15
6477.8,28
6478.1,10
6478.4,29
6479.1,11
6479.2,5
6480.3,24
6480.8,17
6480.8,25
6481.7,38
6481.8,36
6482.0,9
6482.7,6
6483.5,13
6483.7,19
6483.9,18
6484.3,39
6484.9,3
6484.9,12
6485.2,33
6485.2,37
6485.3,1
6485.3,20
6485.6,21
6486.1,2
6486.1,26
6487.1,22
6487.7,7
6487.7,8
6487.9,28
6488.0,27
6488.5,15
6488.7,10
6488.8,0
6488.8,38
6489.0,30
6490.3,17
6490.7,23
6491.5,35
6491.5,24
6495.0,14
6495.4,33
6495.7,34
6495.9,5
6495.9,19
6496.1,4
6496.1,15
6496.1,39
6496.8,29
6497.6,26
6498.0,27
6498.0,31
6498.0,21
6498.2,18
6501.7,1
6501.9,0
6502.1,38
6502.2,11
6502.2,37
6502.8,10
6503.0,2
6503.1,25
6503.3,22
6503.6,17
6503.6,33
6504.0,12
6504.0,28
6504.3,20
6504.9,7
6505.5,15
6505.5,6
6511.0,5
6511.0,8
6511.0,9
6511.6,21
6511.9,38
6512.0,18
6512.0,34
6512.2,35
6512.4,39
6513.1,24
6513.2,4
6513.9,14
6514.1,3
6514.7,29
6516.2,15
6516.2,37
6516.4,33
6516.5,26
6516.7,19
6517.1,28
6517.1,10
6517.9,13
6518.4,7
6518.4,27
6519.3,1
6519.4,0
6519.4,17
6519.9,38
6520.5,23
6520.9,2
6521.7,30
6522.6,15
6522.7,4
6523.1,22
6523.5,39
6524.9,9
6525.0,20
6526.5,34
6526.9,11
6527.2,36
6527.4,37
6527.9,28
6528.1,8
6528.3,18
6528.4,6
6529.9,10
6530.1,33
6530.2,14
6530.2,0
6530.4,25
6530.8,15
6531.1,17
6531.4,35
6531.5,7
6531.6,38
6531.9,19
6531.9,24
6531.9,31
6533.6,26
6533.8,5
6534.1,12
6535.8,6
6536.3,29
6537.2,2
6537.2,21
6537.6,15
6537.8,4
6538.8,22
6539.6,28
6540.3,39
6540.6,8
6541.8,37
6542.1,1
6542.6,34
6543.0,17
6543.3,10
6543.3,13
6543.6,27
6543.9,0
6543.9,9
6543.9,33
6544.3,35
6544.9,4
6545.1,20
6545.6,7
6546.2,30
6546.6,26
6546.7,5
6547.7,38
6548.0,15
6548.8,21
6548.9,2
6549.7,19
6550.0,28
6550.5,18
6550.8,11
6551.3,31
6552.1,22
6552.5,24
6552.5,29
6552.8,37
6553.0,39
6553.1,8
6553.1,15
6553.3,23
6553.8,36
6554.2,17
6554.7,1
6554.9,6
6554.9,10
6555.8,4
6556.0,7
6556.3,9
6556.8,38
6558.1,33
6558.2,14
6559.7,20
6559.9,0
6560.7,37
6561.2,28
6561.9,15
6562.8,34
6563.6,35
6564.0,13
6565.4,17
6565.7,10
6565.9,19
6566.2,4
6566.5,18
6567.8,26
6568.4,24
6569.1,11
6569.1,39
6569.6,3
6569.9,5
6569.9,21
6570.0,9
6570.9,33
6571.2,2
6571.5,15
6571.5,28
6571.9,22
6572.0,38
6572.1,6
6572.1,12
6572.2,0
6572.2,17
6572.2,27
6572.5,7
6572.6,18
6573.0,19
6575.2,14
6575.6,10
6576.6,4
6577.0,30
6577.3,37
6577.6,16
6577.9,29
6578.3,20
6578.3,34
6578.4,1
6578.8,8
6578.8,38
6579.4,25
6581.4,11
6581.8,5
6581.9,19
6582.0,15
6582.8,9
6582.9,28
6583.3,0
6583.7,39
6584.3,2
6584.7,7
6584.8,17
6585.3,36
6585.4,10
6586.2,26
6587.3,33
6587.5,18
6587.6,4
6588.0,34
6588.1,24
6589.0,12
6590.2,31
6590.7,21
6590.7,35
6591.3,15
6591.4,28
6591.7,6
6592.5,29
6592.7,9
6592.7,37
6593.1,2
6593.1,13
6593.3,14
6594.4,27
6594.4,38
6594.9,22
6595.1,39
6595.9,19
6596.7,10
6597.2,33
6597.3,17
6598.7,4
6598.7,20
6598.8,0
6599.0,3
6599.5,21
6599.9,1
6600.1,18
6600.2,8
6600.2,15
6600.5,5
6600.7,7
6601.7,23
6603.8,26
6604.1,2
6604.8,35
6605.1,28
6605.1,37
6605.4,38
6606.3,6
6606.9,11
6606.9,12
6606.9,30
6607.0,10
6607.2,14
6607.2,22
6607.3,31
6607.3,39
6607.8,15
6609.8,4
6610.3,17
6610.8,1
6611.4,0
6611.8,9
6612.0,7
6612.0,20
6612.0,34
6612.5,19
6612.5,33
6613.2,18
6615.1,21
6615.8,36
6617.0,15
6617.3,27
6617.9,4
6618.1,2
6618.8,8
6620.0,38
6620.2,28
6621.3,24
6621.4,19
6621.4,30
6621.4,35
6622.0,33
6622.2,11
6623.4,22
6623.4,29
6624.1,17
6625.1,26
6625.4,39
6625.6,10
6625.6,37
6625.9,20
6626.6,7
6626.8,0
6626.8,14
6626.8,21
6627.1,34
6627.3,3
6627.3,12
6627.3,15
6627.6,6
6627.7,18
6629.0,5
6629.3,1
6629.5,38
6629.8,28
6630.2,13
6630.3,4
6630.7,33
6634.0,11
6634.3,24
6634.4,39
6635.8,35
6636.0,2
6636.9,9
6636.9,19
6638.0,27
6638.3,16
6638.3,17
6638.4,14
6638.9,29
6639.7,0
6639.9,6
6640.1,28
6640.6,38
6640.9,18
6641.6,7
6641.6,23
6642.0,10
6642.0,26
6642.1,15
6642.2,8
6642.3,11
6642.5,36
6642.6,12
6642.6,31
6642.8,4
6643.7,22
6644.6,21
6645.5,37
6646.2,17
6646.6,39
6646.7,1
6647.5,35
6647.6,19
6649.1,33
6650.1,15
6651.5,2
6651.6,30
6651.8,28
6652.1,5
6652.3,18
6652.4,4
6652.4,13
6652.6,0
6652.7,38
6652.9,20
6653.2,9
6654.3,6
6654.9,14
6655.0,24
6655.2,34
6656.7,11
6656.7,27
6656.8,10
6656.9,12
6657.3,26
6657.6,7
6657.7,15
6657.8,17
6658.0,1
6658.0,39
6659.2,33
6659.3,19
6660.6,21
6660.6,37
6661.7,28
6661.9,4
6662.5,25
6662.6,22
6662.7,38
6663.0,2
6664.3,16
6664.3,29
6664.8,5
6665.1,3
6665.3,18
6666.1,8
6667.2,24
6667.2,34
6668.5,39
6668.8,15
6668.9,35
6669.2,0
6669.9,1
6669.9,6
6670.0,20
6670.9,10
6671.5,12
6672.3,33
6673.6,37
6673.7,17
6674.4,30
6675.3,26
6675.4,14
6675.7,38
6676.1,19
6676.3,28
6676.7,31
6676.8,2
6676.8,9
6678.1,21
6679.2,34
6679.4,4
6679.5,7
6679.7,36
6680.9,5
6681.5,15
6683.0,0
6683.7,10
6684.3,6
6684.8,18
6685.4,8
6685.7,11
6685.7,23
6685.7,29
6685.8,20
6685.8,22
6685.8,39
6686.2,17
6686.2,35
6686.5,27
6687.1,33
6687.2,24
6687.6,2
6687.7,1
6687.7,7
6687.7,13
6688.0,15
6688.0,38
6688.2,28
6688.5,19
6689.0,37
6690.1,21
6690.4,9
6692.5,3
6692.5,4
6693.4,0
6693.4,26
6693.8,17
6693.9,39
6695.5,15
6696.2,30
6696.5,28
6697.6,1
6697.8,5
6698.2,12
6699.1,18
6699.4,27
6699.8,22
6700.4,19
6700.8,2
6701.3,34
6701.4,33
6701.5,10
6701.7,21
6701.9,14
6701.9,38
6702.5,4
6702.8,20
6702.8,37
6703.3,7
6703.3,17
6703.5,31
6703.9,11
6704.1,35
6704.3,8
6704.9,6
6705.2,9
6705.4,15
6705.7,26
6706.8,25
6707.5,28
6708.1,13
6708.7,19
6708.7,24
6708.9,39
6710.9,0
6711.5,1
6711.6,18
6712.7,2
6712.9,33
6713.0,17
6713.0,29
6713.3,36
6713.4,37
6713.4,38
6714.0,30
6714.3,3
6714.4,14
6714.5,10
6715.7,4
6715.8,15
6716.4,6
6716.6,39
6717.2,20
6717.7,22
6717.9,21
6717.9,28
6718.1,19
6719.9,12
6720.0,5
6720.5,18
6720.8,0
6721.3,26
6721.8,7
6722.7,38
6725.3,17
6725.4,11
6725.7,1
6725.9,15
6726.3,33
6726.3,35
6726.4,27
6726.6,4
6726.8,6
6726.8,8
6726.9,9
6727.5,24
6729.3,2
6729.4,28
6730.1,31
6730.3,10
6730.8,13
6731.4,37
6731.5,29
6731.7,30
6732.0,39
6732.8,25
6732.8,34
6733.3,14
6733.4,12
6733.8,19
6734.6,33
6734.7,20
6735.2,0
6735.3,15
6736.4,38
6737.3,10
6737.5,7
6738.3,28
6738.5,17
6738.6,26
6738.7,18
6739.1,4
6739.2,5
6739.4,35
6739.9,6
6739.9,22
6740.4,21
6740.5,9
6741.1,2
6741.4,29
6741.6,23
6741.7,39
6741.9,24
6742.2,11
6746.7,19
6747.2,8
6747.2,38
6747.3,34
6747.6,33
6748.9,0
6749.1,17
6749.2,36
6749.2,37
6749.4,10
6749.5,4
6749.5,15
6749.9,1
6749.9,31
6750.4,28
6750.8,14
6751.9,20
6752.1,39
6753.6,22
6754.0,2
6754.7,27
6755.1,38
6755.3,18
6755.6,15
6756.1,3
6756.8,26
6757.0,8
6758.4,25
6758.5,6
6759.3,29
6759.5,7
6759.7,35
6759.9,5
6760.4,4
6760.9,33
6761.2,17
6761.3,28
6761.3,37
6761.4,24
6761.6,39
6761.7,21
6761.9,13
6762.0,10
6762.0,19
6762.3,12
6762.6,11
6763.3,9
6763.4,34
6764.0,31
6764.6,2
6765.6,38
6765.9,15
6766.4,1
6766.5,20
6766.7,0
6769.2,16
6770.9,14
6771.2,4
6771.4,30
6772.5,21
6772.7,0
6772.7,5
6773.4,17
6774.6,19
6775.1,39
6775.5,26
6775.8,15
6776.1,38
6776.3,9
6776.3,10
6777.1,6
6777.2,37
6777.5,2
6777.6,18
6777.9,23
6778.1,28
6778.4,7
6778.6,27
6778.7,34
6779.2,8
6779.4,11
6779.6,22
6779.8,33
6780.8,1
6781.7,3
6781.8,35
6782.5,39
6782.8,20
6782.8,36
6784.4,15
6784.4,24
6785.1,13
6785.3,29
6785.4,14
6785.4,17
6787.8,4
6787.9,34
6788.0,26
6788.3,5
6788.5,10
6788.7,12
6788.7,19
6789.2,0
6789.2,38
6789.8,37
6790.4,30
6791.1,21
6791.2,28
6792.8,18
6793.0,7
6793.6,6
6794.8,39
6795.3,33
6795.5,15
6796.0,8
6797.0,9
6797.0,17
6797.0,35
6797.3,11
6797.8,2
6799.7,5
6799.8,22
6800.0,19
6800.3,26
6801.0,38
6801.6,4
6801.8,28
6801.9,25
6802.3,10
6803.3,20
6803.6,6
6803.6,24
6804.1,12
6804.2,1
6804.3,15
6804.5,37
6804.7,0
6805.0,14
6805.1,34
6805.7,13
6806.0,23
6806.2,29
6806.3,17
6806.3,39
6806.3,33
6806.9,30
6808.7,21
6809.7,31
6809.9,2
6810.4,18
6811.2,4
6811.4,28
6811.7,38
6812.1,7
6814.0,8
6814.1,15
6814.6,9
6817.0,19
6817.9,3
6817.9,4
6819.2,39
6820.5,30
6821.2,10
6821.4,38
6821.5,22
6822.0,11
6822.2,26
6822.4,15
6822.4,17
6822.6,37
6823.0,5
6823.1,16
6823.1,20
6823.2,0
6823.3,35
6823.7,2
6823.7,12
6823.7,18
6823.7,28
6823.9,34
6824.1,7
6824.2,33
6824.6,27
6827.1,1
6827.3,19
6828.3,39
6828.5,21
6828.5,25
6828.5,29
6828.8,15
6829.6,4
6830.4,14
6830.5,6
6831.9,24
6832.1,2
6832.4,18
6832.5,17
6833.2,20
6833.4,35
6833.7,5
6833.7,28
6833.7,37
6833.7,38
6834.8,26
6835.4,9
6836.6,10
6836.7,19
6838.9,30
6839.0,0
6839.2,11
6839.3,8
6840.1,15
6840.6,28
6840.8,33
6841.4,34
6842.3,39
6843.3,38
6843.4,4
6844.4,22
6844.4,36
6844.6,2
6844.8,17
6844.9,7
6846.0,5
6846.2,21
6846.6,18
6847.0,12
6847.1,27
6847.6,15
6848.1,1
6848.9,6
6848.9,20
6849.0,29
6849.7,37
6850.1,10
6850.6,23
6850.7,11
6851.1,9
6851.6,8
6851.8,26
6851.9,28
6852.7,38
6852.8,0
6853.0,39
6853.1,2
6853.1,14
6853.4,24
6853.6,3
6853.9,19
6854.9,30
6856.2,33
6856.4,35
6857.2,13
6857.3,4
6857.7,17
6857.8,15
6858.3,34
6858.5,37
6858.6,7
6859.0,5
6859.1,25
6859.8,18
6861.2,19
6861.7,38
6861.8,29
6862.0,6
6862.0,39
6863.1,21
6863.4,20
6865.0,0
6865.3,15
6865.6,27
6865.6,28
6865.8,17
6866.2,37
6866.3,11
6866.4,2
6866.5,4
6866.6,12
6866.9,26
6867.1,35
6868.0,10
6868.3,22
6870.0,36
6871.8,28
6872.2,38
6872.4,3
6873.3,9
6873.5,15
6875.0,0
6875.0,33
6875.4,21
6875.7,18
6876.1,8
6876.2,39
6876.4,24
6876.6,30
6877.2,34
6877.6,1
6877.6,17
6879.0,14
6879.9,7
6880.4,2
6880.6,6
6881.1,10
6881.3,4
6882.5,5
6882.5,15
6882.5,20
6882.7,19
6883.1,35
6883.4,38
6884.2,25
6885.3,18
6885.3,28
6885.7,33
6886.1,0
6886.5,37
6887.6,26
6887.8,29
6887.9,22
6888.2,9
6888.3,39
6888.4,31
6889.6,27
6890.3,2
6890.8,12
6891.6,17
6892.0,38
6892.5,11
6893.5,14
6894.0,15
6894.0,30
6894.3,13
6894.5,1
6894.6,19
6894.7,6
6894.8,23
6894.8,34
6895.0,4
6895.4,10
6895.7,24
6895.8,7
6896.1,39
6896.6,21
6897.0,18
6897.6,29
6898.0,8
6899.1,0
6899.2,28
6901.2,33
6902.0,2
6902.1,38
6902.4,17
6902.7,22
6902.9,35
6903.2,15
6904.3,26
6904.7,20
6905.3,5
6905.4,37
6906.5,4
6908.3,21
6908.7,15
6908.9,28
6909.5,19
6909.6,3
6909.6,8
6910.1,6
6910.3,18
6910.7,0
6911.0,9
6911.0,39
6911.4,11
6911.5,34
6911.6,7
6911.7,38
6912.9,10
6913.2,36
6914.1,1
6915.4,17
6916.7,2
6917.1,29
6917.4,33
6918.2,14
6918.4,12
6918.4,15
6918.5,28
6918.6,4
6919.8,27
6920.0,26
6921.8,22
6922.4,0
6923.0,37
6923.5,6
6923.7,24
6924.3,9
6924.5,18
6924.5,38
6924.6,21
6924.9,5
6925.2,11
6925.3,30
6926.1,1
6926.2,17
6927.4,39
6928.3,35
6928.7,12
6928.8,7
6928.8,8
6929.0,34
6929.5,15
6929.6,10
6929.6,28
6929.6,33
6929.9,13
6929.9,14
6930.2,2
6930.7,4
6930.7,20
6931.1,19
6932.5,38
6933.6,21
6933.6,26
6935.5,15
6936.0,37
6936.1,14
6936.4,18
6936.7,28
6937.6,6
6937.9,17
6938.1,25
6938.3,27
6938.9,30
6940.2,2
6940.5,0
6940.5,29
6941.0,22
6941.3,39
6941.7,38
6941.8,34
6942.0,11
6942.4,10
6942.5,1
6942.7,13
6943.0,31
6943.1,4
6944.4,8
6944.5,15
6945.3,33
6946.2,28
6946.4,7
6947.2,19
6947.3,21
6949.0,2
6950.0,20
6950.3,5
6950.3,17
6951.2,35
6951.3,39
6951.7,16
6952.6,9
6952.6,37
6952.8,26
6954.3,3
6954.4,24
6955.2,6
6955.2,22
6955.2,34
6955.4,14
6955.9,38
6956.1,30
6956.2,18
6956.3,0
6956.8,15
6957.4,4
6957.4,17
6957.8,10
6958.1,23
6958.4,28
6958.6,19
6959.2,7
6959.4,1
6959.9,25
6961.0,12
6961.5,26
6962.3,8
6963.4,33
6963.8,2
6964.0,38
6964.6,15
6964.6,27
6965.3,14
6966.1,36
6968.8,29
6969.0,21
6970.0,6
6970.2,37
6970.6,0
6970.9,31
6971.4,4
6971.6,5
6971.6,18
6971.7,20
6972.0,28
6972.1,13
6972.2,39
6972.3,17
6972.5,9
6973.0,11
6973.2,15
6973.7,10
6974.1,38
6974.2,19
6974.3,22
6975.0,35
6975.3,8
6975.5,7
6975.7,30
6977.1,33
6977.6,34
6977.7,24
6980.5,4
6981.0,12
6982.1,37
6982.3,1
6982.3,15
6982.9,14
6983.0,21
6983.1,11
6983.3,22
6983.5,19
6984.2,2
6984.3,20
6985.2,5
6985.3,29
6985.5,28
6985.6,8
6986.8,18
6987.1,26
6987.3,6
6987.3,39
6987.9,17
6987.9,25
6989.7,35
6990.4,9
6990.4,38
6991.9,15
6992.2,10
6993.1,27
6993.5,14
6994.1,33
6994.9,0
6995.2,37
6996.1,4
6996.8,36
6997.2,7
6997.2,20
6997.3,17
6997.5,2
6997.9,21
6998.3,19
6998.6,13
6998.7,3
6998.9,24
6999.0,5
6999.1,39
6999.4,28
6999.6,30
7000.2,15
7001.5,12
7002.4,18
7003.2,34
7004.2,10
7005.3,38
7005.4,0
7005.6,22
7005.6,35
7006.1,4
7006.9,6
7007.0,17
7007.3,11
7007.3,28
7007.7,33
7007.8,37
7008.1,19
7008.4,1
7008.7,21
7008.7,26
7009.3,31
7009.9,15
7010.0,8
7010.4,9
7010.5,29
7010.7,24
7011.2,2
7011.2,39
7012.2,14
7012.4,20
7014.8,38
7015.7,7
7016.1,10
7016.4,5
7017.2,18
7018.2,33
7018.6,39
7019.0,17
7019.3,22
7019.9,0
7020.0,28
7020.0,30
7020.1,15
7021.1,37
7021.2,1
7021.2,27
7021.5,26
7021.6,19
7022.8,7
7023.0,12
7024.3,4
7024.6,6
7024.8,10
7024.8,28
7024.9,25
7025.2,13
7025.4,21
7025.8,35
7026.0,2
7027.2,14
7027.4,15
7027.4,33
7027.4,36
7027.5,8
7027.6,34
7028.9,38
7030.6,24
7030.9,5
7031.5,20
7032.2,11
7032.2,27
7033.0,30
7033.1,17
7033.8,3
7033.9,39
7034.2,23
7034.6,0
7035.4,28
7035.5,26
7036.5,15
7037.1,19
7038.6,7
7038.9,33
7039.0,9
7039.0,18
7039.4,4
7039.4,37
7039.6,2
7039.9,21
7040.1,38
7040.6,1
7040.9,22
7041.2,12
7041.3,10
7041.6,35
7041.8,34
7042.3,0
7042.5,17
7042.6,29
7044.1,15
7046.6,33
7047.0,5
7048.5,14
7049.0,39
7049.1,19
7049.2,28
7049.6,6
7049.6,7
7049.6,38
7050.8,4
7050.9,37
7051.0,17
7051.0,20
7051.0,26
7051.3,11
7051.3,21
7051.9,9
7052.7,36
7053.1,18
7053.5,8
7053.8,2
7054.3,15
7054.6,0
7055.7,34
7056.0,10
7057.0,30
7057.1,1
7057.2,38
7057.7,17
7059.0,25
7059.0,33
7059.0,35
7059.3,39
7059.3,28
7060.8,23
7061.8,22
7062.2,5
7062.3,6
7062.8,10
7063.6,7
7063.7,4
7063.8,19
7064.6,24
7065.0,15
7065.0,21
7066.4,26
7067.2,37
7067.4,2
7067.8,14
7067.8,28
7068.1,29
7068.7,39
7068.9,9
7070.2,4
7070.4,27
7070.5,18
7070.5,38
7070.8,15
7071.6,8
7071.7,0
7072.2,13
7072.5,7
7072.6,12
7073.5,19
7073.7,34
7074.3,11
7074.7,35
7075.4,31
7075.8,17
7076.1,33
7076.2,20
7077.2,10
7077.3,2
7079.2,39
7079.3,15
7079.4,3
7080.3,22
7081.3,30
7081.4,1
7082.1,38
7082.6,34
7082.8,16
7083.0,24
7083.0,28
7083.4,7
7083.4,18
7083.6,25
7083.6,26
7085.3,21
7085.9,8
7086.2,0
7086.5,27
7086.7,2
7086.7,14
7087.3,15
7087.7,6
7087.9,35
7088.0,17
7090.1,19
7090.2,5
7090.2,37
7090.4,4
7091.4,11
7092.2,28
7092.4,10
7092.6,7
7092.8,9
7093.4,29
7093.4,39
7093.6,33
7093.7,3
7093.7,38
7093.9,23
7094.1,22
7095.2,17
7095.3,15
7096.8,30
7097.2,18
7097.8,19
7100.5,4
7101.1,26
7101.4,14
7102.2,13
7102.5,8
7102.7,1
7103.0,15
7103.3,0
7103.4,6
7103.9,35
7104.0,31
7104.1,20
7104.1,21
7104.3,2
7104.6,5
7104.6,25
7104.6,28
7104.9,11
7105.3,17
7105.7,12
7106.2,34
7106.9,33
7107.0,38
7107.9,37
7108.1,19
7108.3,7
7108.6,18
7110.8,10
7111.1,24
7111.2,9
7111.5,22
7111.9,1
7112.1,4
7112.4,15
7112.4,39
7112.6,17
7114.3,38
7114.8,29
7114.8,30
7115.0,16
7115.2,36
7115.4,27
7115.6,0
7115.9,28
7116.9,6
7117.0,26
7117.9,14
7118.1,20
7118.7,8
7118.8,2
7120.0,39
7120.2,19
7120.3,15
7120.6,4
7121.7,33
7121.8,10
7122.9,0
7123.1,37
7123.7,31
7123.9,7
7124.2,34
7124.4,35
7124.7,17
7124.9,5
7126.0,22
7127.0,9
7127.4,38
7128.0,15
7128.3,28
7128.6,18
7129.0,6
7129.5,21
7129.7,12
7129.9,11
7129.9,14
7130.8,8
7130.8,26
7132.1,30
7132.7,35
7133.2,19
7133.2,29
7133.7,39
7134.3,33
7134.8,13
7135.1,4
7135.3,2
7135.4,27
7135.5,7
7135.6,1
7136.6,20
7136.7,17
7136.7,34
7137.1,10
7137.2,15
7137.4,14
7137.4,38
7137.9,0
7137.9,16
7138.0,23
7139.3,31
7139.6,5
7140.2,37
7140.3,26
7141.6,24
7142.3,6
7142.7,28
7142.8,22
7144.2,17
7144.2,18
7144.3,8
7144.4,4
7144.5,7
7144.6,29
7144.6,30
7144.8,15
7147.8,35
7148.7,39
7148.8,10
7149.5,19
7149.5,21
7150.4,37
7150.6,33
7151.1,0
7151.6,5
7151.7,2
7151.8,20
7152.1,34
7152.4,15
7152.4,38
7152.7,17
7154.2,1
7156.1,10
7156.6,13
7157.2,14
7158.0,7
7158.1,9
7158.2,11
7158.2,12
7158.3,36
7158.5,8
7158.5,28
7158.7,21
7158.8,18
7159.1,26
7160.0,3
7160.0,39
7160.2,22
7160.4,4
7161.3,38
7162.4,33
7162.5,15
7162.7,35
7163.0,5
7163.2,37
7164.1,17
7164.3,23
7164.8,2
7165.2,19
7165.3,6
7166.7,7
7167.2,0
7167.2,29
7168.7,27
7168.8,28
7169.3,39
7169.8,15
7169.8,25
7170.1,1
7170.1,10
7170.6,22
7170.9,24
7171.0,4
7171.1,9
7172.5,34
7173.1,17
7173.1,38
7173.6,8
7173.9,33
7174.6,2
7174.8,21
7174.9,18
7175.2,37
7175.9,20
7176.1,31
7176.6,15
7178.0,14
7179.0,35
7180.0,19
7180.3,26
7180.3,28
7180.6,11
7181.2,5
7181.6,10
7181.9,22
7181.9,29
7181.9,30
7182.0,17
7182.2,7
7182.3,0
7182.3,3
7183.0,4
7183.1,9
7183.2,6
7183.2,27
7183.2,38
7183.2,39
7183.5,24
7183.9,15
7184.3,33
7189.5,8
7190.1,12
7190.2,18
7190.2,37
7190.3,17
7190.6,2
7190.6,34
7190.8,21
7191.8,16
7192.0,28
7192.0,36
7192.4,35
7192.9,39
7193.1,22
7193.2,15
7193.4,0
7193.5,38
7194.1,19
7194.2,10
7194.7,6
7195.2,13
7195.5,27
7197.5,1
7198.2,26
7198.3,9
7199.3,30
7199.4,23
7199.7,4
7200.4,14
7200.5,5
7200.5,37
7201.4,11
7201.6,33
7201.8,7
7202.1,22
7203.1,2
7203.3,28
7203.7,39
7204.2,15
7204.7,38
7205.3,21
7205.5,0
7205.5,20
7205.7,10
7205.7,17
7205.7,18
7206.5,8
7209.6,1
7210.6,12
7211.4,19
7212.4,15
7212.5,29
7213.3,33
7213.4,21
7213.6,6
7213.8,9
7213.8,31
7213.9,17
7213.9,34
7214.4,37
7214.9,4
7214.9,7
7215.1,28
7215.3,24
7215.3,38
7216.1,5
7216.3,2
7216.8,30
7216.9,26
7217.1,22
7217.2,10
7217.7,27
7217.7,39
7218.4,35
7218.8,14
7220.2,18
7222.1,38
7222.6,4
7223.0,13
7223.2,15
7223.5,8
7223.8,33
7224.6,19
7225.4,11
7225.5,37
7225.9,17
7226.1,12
7226.4,0
7226.7,1
7226.7,39
7227.1,20
7227.1,26
7227.6,25
7228.2,28
7228.6,21
7229.7,2
7231.9,30
7232.2,38
7232.6,27
7232.7,23
7233.0,15
7235.4,37
7235.5,10
7236.1,34
7236.6,6
7236.7,9
7236.9,4
7236.9,14
7237.7,28
7237.8,17
7237.9,18
7238.0,5
7239.1,1
7239.2,7
7239.4,24
7239.6,20
7239.8,22
7239.8,29
7239.8,35
7239.9,19
7239.9,39
7240.2,2
7241.1,11
7241.2,21
7241.5,33
7241.6,0
7242.8,38
7244.0,15
7245.6,8
7245.6,28
7245.9,26
7246.2,4
7246.8,30
7247.0,7
7247.0,17
7247.8,39
7248.4,34
7248.5,3
7248.6,37
7248.8,14
7248.9,31
7250.0,10
7250.4,5
7250.6,35
7251.0,18
7252.4,15
7253.0,29
7253.2,12
7253.3,33
7254.5,19
7255.4,22
7255.5,38
7255.6,13
7255.7,2
7255.8,27
7256.0,0
7256.0,1
7256.0,28
7256.8,11
7256.9,23
7257.0,6
7257.1,17
7258.1,4
7258.5,26
7258.6,15
7259.1,20
7259.2,8
7262.0,25
7262.4,21
7262.8,37
7263.4,24
7263.7,9
7264.0,19
7264.7,39
7265.0,18
7265.5,30
7267.0,7
7267.4,1
7267.4,29
7268.0,33
7268.2,28
7269.1,38
7269.2,10
7269.7,34
7270.7,4
7270.8,15
7270.9,17
7271.8,2
7272.5,6
7273.0,14
7273.1,0
7273.6,5
7274.2,19
7274.9,8
7276.3,11
7277.0,12
7277.0,27
7277.3,18
7277.4,20
7277.4,37
7277.5,39
7278.2,28
7278.3,36
7278.5,26
7279.2,21
7279.6,10
7279.9,7
7280.2,9
7280.9,34
7281.3,23
7281.4,15
7281.4,31
7281.6,22
7281.9,33
7282.8,3
7283.1,1
7283.1,17
7283.1,35
7283.3,4
7284.1,38
7286.9,13
7288.7,0
7288.7,15
7289.7,18
7289.7,28
7289.8,2
7289.8,14
7289.9,24
7290.0,37
7290.5,20
7290.6,39
7290.8,30
7291.1,6
7291.2,21
7291.5,5
7291.5,7
7291.5,9
7291.6,10
7291.9,19
7292.5,38
7293.0,11
7293.7,4
7296.2,28
7296.6,17
7296.8,26
7297.4,8
7297.4,27
7297.7,15
7298.2,33
7298.3,6
7299.2,1
7299.9,38
7300.4,0
7300.8,35
7301.1,3
7302.0,18
7302.3,37
7302.9,29
7303.0,2
7303.6,5
7304.2,14
7304.3,4
7304.5,34
7304.6,25
7305.7,28
7306.2,15
7306.3,6
7306.6,10
7306.6,22
7307.8,20
7308.3,16
7308.9,17
7309.2,39
7309.6,24
7309.9,19
7310.8,38
7311.3,21
7311.8,37
7312.0,26
7312.1,33
7313.1,11
7313.4,30
7313.5,7
7313.5,29
7313.6,13
7314.6,12
7314.7,31
7314.8,1
7315.3,15
7315.4,28
7317.3,10
7317.3,18
7318.8,2
7320.2,14
7320.3,35
7320.4,36
7320.6,19
7321.0,4
7321.4,0
7321.4,6
7321.7,5
7322.0,8
7322.3,9
7322.4,17
7323.1,28
7323.4,13
7324.0,20
7324.2,22
7324.6,21
7324.9,11
7326.1,38
7326.3,15
7327.4,33
7327.8,12
7328.1,26
7328.2,34
7329.2,19
7329.3,27
7330.1,39
7330.4,24
7330.9,2
7331.0,7
7332.4,18
7332.6,1
7335.2,25
7335.3,0
7335.7,38
7335.8,37
7335.9,28
7336.0,15
7336.3,22
7336.5,8
7337.7,4
7337.7,39
7338.0,10
7338.7,17
7338.9,2
7339.2,7
7339.2,14
7339.2,20
7341.2,26
7341.7,11
7341.8,33
7341.9,30
7342.1,29
7342.3,6
7342.3,15
7342.9,35
7343.6,34
7345.0,28
7346.4,4
7346.6,37
7347.8,10
7348.2,9
7348.7,38
7348.9,13
7348.9,18
7349.0,12
7349.3,5
7349.4,19
7349.4,39
7349.7,23
7349.8,21
7349.9,22
7350.1,7
7350.3,2
7350.6,0
7351.0,15
7351.1,3
7352.1,17
7352.5,8
7353.2,36
7356.1,1
7356.3,28
7356.9,33
7357.8,26
7358.4,35
7359.0,20
7359.3,29
7359.9,5
7359.9,6
7360.0,9
7360.5,4
7360.5,38
7360.6,15
7360.9,34
7361.1,37
7361.7,21
7361.8,39
7361.9,11
7362.0,18
7363.8,10
7364.3,27
7364.4,26
7365.1,31
7365.2,24
7365.7,7
7366.7,28
7366.9,30
7368.2,38
7369.2,1
7369.4,33
7369.7,17
7369.9,4
7370.1,19
7370.3,2
7370.3,20
7370.4,5
7370.5,9
7370.7,22
7373.2,29
7373.8,12
7374.1,14
7374.4,15
7374.5,37
7374.9,11
7375.0,18
7375.3,10
7375.4,25
7375.5,3
7375.5,28
7375.5,39
7375.6,0
7376.3,8
7376.3,35
7376.6,6
7377.4,7
7377.4,34
7377.5,21
7378.1,38
7378.3,23
7383.2,17
7383.9,33
7384.0,4
7384.0,26
7384.5,6
7384.6,15
7385.0,24
7386.0,2
7386.3,9
7386.5,35
7386.9,38
7387.0,39
7387.5,30
7387.9,10
7388.1,14
7388.2,19
7388.4,12
7388.7,28
7389.1,0
7389.1,7
7389.6,18
7389.9,11
7390.7,20
7390.8,22
7390.8,37
7391.0,15
7392.6,8
7393.9,17
7394.1,21
7394.1,26
7394.1,38
7394.3,2
7394.6,5
7395.2,39
7395.7,31
7396.2,1
7396.2,33
7396.6,36
7398.3,4
7398.7,24
7399.0,15
7400.5,27
7400.9,18
7402.1,19
7402.2,9
7404.3,6
7404.4,29
7404.4,37
7405.9,21
7405.9,28
7406.1,11
7406.5,10
7406.5,12
7406.9,35
7407.6,17
7407.8,7
7407.9,34
7408.0,38
7408.1,30
7408.2,13
7408.3,2
7408.3,4
7409.2,14
7409.4,15
7409.6,0
7409.6,3
7409.8,26
7412.1,20
7412.6,25
7413.5,8
7414.1,33
7414.3,9
7414.8,5
7415.0,27
7415.0,28
7415.1,39
7415.3,2
7415.9,1
7416.7,22
7417.2,18
7418.3,15
7419.1,10
7419.1,12
7419.2,30
7419.9,38
7420.8,19
7421.8,24
7422.3,37
7422.4,21
7423.1,0
7423.2,31
7423.2,34
7423.6,17
7423.9,6
7425.0,11
7425.0,15
7425.1,4
7426.6,28
7426.7,29
7427.0,7
7427.7,13
7428.1,33
7428.1,35
7428.1,39
7428.2,1
7428.4,18
7429.1,5
7429.2,36
7429.7,10
7430.1,14
7430.2,2
7430.2,19
7432.4,26
7432.7,15
7433.7,17
7433.8,9
7433.9,0
7435.0,38
7435.9,25
7436.3,8
7436.9,22
7438.0,6
7438.0,28
7438.2,20
7438.8,11
7439.1,4
7439.2,12
7439.4,37
7440.4,31
7440.9,5
7440.9,17
7441.6,39
7442.0,10
7442.3,15
7442.6,21
7442.7,27
7443.1,34
7443.4,29
7443.5,30
7443.9,33
7445.3,14
7445.3,38
7446.2,7
7447.4,2
7447.8,0
7448.5,36
7448.6,16
7449.6,19
7450.2,8
7450.2,35
7450.3,37
7450.7,4
7450.7,18
7451.2,28
7451.9,15
7452.0,26
7452.6,1
7452.8,3
7453.2,17
7454.4,38
7455.3,39
7455.5,10
7456.6,24
7456.8,5
7457.0,12
7457.1,20
7458.6,6
7459.0,34
7459.1,9
7460.0,22
7460.0,33
7460.2,4
7460.7,28
7460.8,17
7461.0,0
7461.0,13
7461.4,21
7461.5,2
7461.8,27
7461.8,30
7463.1,29
7463.5,15
7463.6,14
7464.7,1
7465.3,19
7465.9,26
7465.9,38
7466.1,37
7466.8,18
7467.2,7
7467.3,39
7467.7,28
7467.8,35
7468.6,11
7469.6,10
7470.4,15
7470.5,0
7471.4,22
7471.5,17
7471.5,31
7471.7,21
7471.8,8
7472.5,2
7472.5,5
7472.6,9
7472.6,34
7472.7,4
7474.1,24
7475.2,33
7475.2,38
7475.5,7
7475.6,12
7475.8,18
7475.9,28
7476.2,20
7476.5,16
7476.8,14
7476.9,37
7477.0,15
7477.0,27
7477.3,23
7477.8,10
7478.5,19
7479.3,39
7481.0,30
7481.8,17
7482.0,26
7482.1,29
7482.4,13
7483.4,36
7485.0,18
7485.5,9
7485.6,0
7486.1,6
7486.3,33
7486.5,2
7486.5,4
7486.6,31
7487.0,5
7487.0,28
7487.0,35
7487.2,34
7487.5,20
7487.6,10
7487.6,11
7487.9,21
7489.1,38
7489.5,22
7489.6,15
7491.0,8
7491.9,26
7492.0,17
7492.1,7
7492.3,1
7492.4,37
7492.7,0
7493.6,24
7494.1,39
7496.4,19
7497.5,15
7497.5,18
7499.0,2
7499.1,5
7499.4,4
7499.6,20
7499.8,28
7501.1,17
7501.1,29
7501.2,11
7501.2,38
7501.4,22
7501.5,10
7502.0,34
7502.1,9
7502.1,33
7502.8,1
7503.6,15
7503.7,6
7504.0,12
7504.4,14
7504.7,7
7504.8,21
7506.0,26
7506.6,35
7507.1,37
7507.5,0
7507.5,24
7508.0,39
7508.4,28
7509.0,30
7509.2,4
7509.4,8
7509.4,13
7509.8,15
7510.5,18
7510.7,31
7511.3,38
7511.4,23
7511.5,19
7514.5,10
7514.6,17
7516.6,34
7516.7,36
7517.0,3
7517.6,5
7517.6,14
7517.7,2
7518.2,33
7518.5,20
7518.6,1
7518.6,4
7518.7,22
7519.0,37
7519.0,38
7519.1,29
7519.7,27
7519.7,28
7519.7,39
7520.2,15
7520.3,6
7521.4,7
7522.4,9
7523.5,35
7524.1,10
7524.6,0
7524.8,11
7524.8,16
7524.9,18
7525.1,21
7525.5,33
7525.6,13
7525.9,17
7525.9,19
7526.3,26
7530.2,30
7530.7,39
7530.9,28
7531.1,12
7531.2,37
7531.8,34
7531.9,4
7532.3,20
7532.8,15
7533.8,2
7534.6,24
7534.8,14
7534.8,31
7535.1,19
7535.1,38
7536.4,8
7536.7,11
7536.9,17
7537.4,0
7537.8,18
7537.8,22
7538.1,1
7538.1,5
7538.1,7
7539.3,29
7539.5,10
7539.5,37
7539.6,39
7539.9,21
7541.3,15
7541.8,13
7541.8,27
7541.8,33
7542.6,38
7542.6,28
7542.8,35
7543.1,4
7543.3,6
7543.3,26
7543.5,2
7547.6,9
7548.1,34
7548.2,19
7548.2,25
7548.6,15
7549.5,21
7549.9,37
7550.3,0
7550.3,30
7550.5,8
7551.0,20
7551.5,4
7552.3,31
7552.6,12
7552.6,36
7552.6,39
7552.7,38
7552.8,17
7553.2,7
7553.4,28
7553.5,10
7553.5,14
7553.8,22
7554.2,18
7554.4,11
7554.7,23
7555.4,24
7555.8,5
7556.3,26
7556.9,6
7557.0,32
7557.2,27
7557.3,33
7557.6,15
7558.7,1
7560.4,2
7560.4,19
7561.1,3
7561.9,0
7562.6,28
7563.1,38
7563.3,17
7564.3,4
7564.5,9
7566.2,37
7566.4,7
7567.0,21
7567.0,29
7567.2,10
7567.5,5
7568.0,39
7568.3,18
7568.3,35
7568.5,15
7569.0,34
7569.2,20
7569.3,14
7570.2,8
7570.4,12
7571.2,38
7571.4,22
7571.6,0
7572.3,30
7572.7,33
7573.4,13
7574.4,2
7574.9,35
7575.0,26
7575.5,9
7575.8,19
7575.8,28
7575.9,11
7576.6,17
7576.8,1
7577.0,4
7577.1,15
7577.3,18
7577.5,24
7578.2,6
7578.8,10
7579.0,39
7579.3,38
7580.3,37
7581.8,34
7582.9,33
7583.5,29
7583.7,28
7583.9,21
7584.4,31
7584.8,17
7584.9,7
7585.0,9
7585.4,15
7585.7,20
7585.7,25
7585.8,12
7588.2,8
7588.4,23
7589.2,5
7590.1,2
7591.2,10
7591.3,15
7591.3,22
7591.4,4
7591.4,39
7591.6,26
7592.0,18
7592.3,16
7592.5,0
7592.6,38
7593.2,14
7594.1,30
7594.2,28
7595.5,6
7595.6,33
7596.0,37
7596.2,19
7596.8,20
7597.3,1
7598.2,24
7598.7,11
7599.1,13
7601.0,7
7601.0,27
7601.6,15
7601.7,36
7602.0,21
7602.2,22
7602.6,10
7602.9,17
7602.9,18
7602.9,35
7603.0,5
7603.2,29
7603.3,4
7603.9,39
7604.3,34
7605.1,38
7605.6,2
7606.5,28
7607.1,0
7607.1,33
7607.3,9
7607.8,25
7609.0,26
7609.5,8
7610.8,1
7610.9,19
7611.0,15
7611.1,24
7611.4,14
7611.5,38
7612.8,11
7612.8,17
7612.8,37
7613.8,6
7613.8,13
7614.0,0
7614.0,30
7614.3,12
7614.5,39
7614.7,20
7615.5,5
7615.9,4
7617.1,21
7617.7,34
7618.6,35
7619.5,28
7619.5,38
7620.3,10
7620.6,22
7621.1,15
7621.3,7
7621.8,18
7621.8,29
7622.0,31
7623.4,2
7625.2,8
7625.3,26
7626.1,19
7627.2,33
7627.4,39
7627.6,14
7628.0,28
7628.1,3
7628.3,38
7628.8,4
7628.8,15
7628.9,24
7628.9,30
7629.0,36
7629.3,21
7629.4,9
7629.4,37
7630.8,17
7630.9,0
7631.3,20
7631.6,1
7632.5,11
7633.2,18
7633.5,27
7633.7,13
7634.2,2
7634.7,7
7634.8,6
7634.8,12
7634.9,22
7636.2,10
7636.2,31
7636.3,5
7636.4,38
7636.5,16
7636.8,35
7637.2,17
7637.9,15
7638.1,19
7639.6,39
7639.8,4
7639.8,26
7640.0,0
7640.2,9
7640.6,28
7642.0,7
7642.0,34
7642.4,37
7643.5,33
7644.0,11
7644.8,8
7645.3,38
7645.5,18
7645.7,30
7646.2,17
7646.2,21
7646.4,6
7646.7,15
7646.8,14
7647.6,1
7648.6,25
7649.5,29
7649.6,2
7650.4,0
7650.5,4
7650.8,27
7651.2,24
7651.6,34
7651.8,28
7651.9,38
7652.2,39
7652.3,10
7652.4,5
7652.4,15
7653.4,22
7654.0,35
7654.4,37
7655.8,8
7656.0,7
7656.0,19
7656.9,17
7657.8,20
7658.1,33
7659.0,2
7659.1,26
7659.6,13
7660.4,10
7660.5,9
7661.0,6
7661.2,4
7661.4,23
7661.6,12
7662.0,14
7662.3,11
7662.6,15
7662.8,5
7662.8,37
7662.9,36
7663.4,29
7663.4,39
7663.7,21
7664.7,18
7664.8,28
7665.5,38
7667.4,34
7668.8,19
7669.3,17
7669.4,35
7669.5,1
7670.2,0
7670.9,2
7670.9,33
7671.0,31
7671.1,7
7671.3,28
7671.5,22
7671.6,37
7671.8,30
7673.2,38
7673.6,3
7673.6,15
7674.6,24
7675.6,39
7676.1,8
7676.1,10
7676.3,20
7677.8,4
7679.3,17
7679.6,26
7679.7,6
7679.9,13
7680.7,0
7681.1,2
7681.5,5
7682.2,36
7682.3,28
7682.5,21
7682.9,18
7683.2,15
7683.7,11
7683.8,38
7684.7,33
7685.1,10
7685.3,19
7686.4,37
7686.7,35
7687.7,1
7687.7,4
7687.7,14
7688.1,39
7688.2,9
7688.6,17
7688.8,27
7690.0,34
7690.3,22
7690.3,24
7690.4,29
7690.9,15
7691.2,23
7691.4,6
7691.7,2
7692.7,20
7694.2,7
7694.6,0
7694.9,18
7695.0,28
7695.3,33
7695.7,39
7695.9,30
7696.2,3
7696.4,10
7696.5,21
7696.7,19
7696.7,31
7696.8,37
7697.1,38
7697.3,15
7697.3,17
7701.2,5
7701.7,9
7702.1,4
7702.5,14
7702.8,26
7703.6,13
7703.6,34
7704.9,24
7705.0,12
7705.2,8
7705.2,15
7705.5,37
7706.3,35
7706.9,2
7707.1,25
7707.8,39
7707.9,36
7707.9,38
7708.1,22
7708.2,17
7708.3,19
7708.3,28
7708.4,21
7708.7,10
7709.3,7
7710.6,6
7712.1,18
7712.7,11
7712.8,31
7713.1,27
7713.5,0
7713.7,14
7714.6,1
7714.6,26
7714.8,33
7714.9,8
7714.9,20
7715.3,15
7715.7,4
7715.9,9
7716.1,5
7716.1,23
7718.1,34
7718.5,28
7719.7,37
7719.8,16
7720.2,21
7720.6,19
7721.5,10
7721.5,36
7721.5,38
7723.0,29
7723.2,22
7723.3,39
7723.4,17
7724.1,11
7724.3,7
7725.3,2
7725.4,3
7725.4,15
7725.5,4
7725.6,35
7725.8,33
7725.9,28
7726.2,12
7726.4,5
7726.9,6
7726.9,18
7727.2,24
7728.4,1
7730.6,0
7730.8,14
7732.1,26
7732.3,34
7732.5,8
7732.6,28
7733.3,19
7733.4,39
7734.3,30
7734.5,38
7735.6,20
7735.7,13
7735.8,37
7735.9,17
7736.5,33
7737.3,4
7737.4,9
7737.4,15
7737.6,7
7737.6,10
7737.8,31
7738.3,22
7738.7,26
7739.4,5
7739.8,18
7740.1,27
7742.8,35
7744.2,15
7744.4,12
7744.6,1
7744.6,28
7744.8,11
7745.3,6
7745.4,0
7745.4,21
7745.5,2
7745.6,14
7745.6,24
7745.7,23
7745.7,38
7746.0,9
7746.0,39
7746.1,29
7746.8,20
7747.3,19
7749.0,17
7751.3,33
7751.4,10
7752.3,26
7752.8,34
7754.4,8
7754.8,39
7754.9,31
7755.0,28
7755.1,15
7755.5,38
7755.7,37
7756.1,4
7756.9,17
7757.5,0
7757.9,5
7758.1,9
7758.6,19
7758.8,30
7759.1,7
7759.3,18
7760.1,6
7760.1,35
7760.6,2
7761.6,25
7761.7,3
7763.0,10
7763.2,21
7764.4,38
7764.7,33
7765.4,22
7766.3,13
7766.5,15
7766.5,28
7766.7,14
7766.8,29
7767.2,27
7767.5,24
7768.4,37
7768.5,20
7769.2,8
7769.6,1
7770.8,0
7770.9,19
7771.2,23
7771.6,17
7771.8,4
7771.9,39
7772.2,21
7772.6,26
7772.8,11
7773.3,12
7773.6,35
7774.4,5
7775.5,9
7776.0,38
7776.2,33
7776.3,7
7776.5,6
7776.7,15
7776.7,28
7777.1,29
7777.2,18
7777.3,2
7777.4,10
7777.8,14
7779.8,24
7780.6,20
7780.8,19
7780.8,22
7780.8,34
7780.9,3
7781.0,21
7782.3,0
7783.4,17
7783.4,37
7783.5,39
7783.6,4
7784.0,2
7785.4,15
7786.7,1
7786.9,26
7787.0,31
7787.0,36
7787.0,38
7787.3,35
7787.4,8
7787.7,30
7788.2,10
7788.2,23
7789.5,5
7789.8,18
7790.0,7
7790.2,28
7790.3,6
7791.4,17
7792.0,15
7792.3,39
7793.4,33
7793.7,19
7795.5,27
7797.1,11
7798.0,21
7798.1,0
7798.1,34
7798.2,14
7798.5,8
7798.6,12
7798.7,4
7799.2,38
7799.5,24
7799.5,28
7799.8,2
7800.2,37
7800.3,9
7800.5,1
7800.6,20
7800.6,29
7800.8,3
7801.1,10
7801.1,13
7801.7,31
7802.6,26
7802.6,30
7803.3,17
7804.1,15
7804.2,25
7805.3,22
7805.6,33
7805.7,5
7805.8,39
7806.8,19
7807.6,7
7807.6,35
7808.6,18
7808.8,4
7808.9,0
7809.0,34
7809.0,36
7809.6,21
7811.1,38
7811.7,17
7812.4,10
7812.6,15
7813.3,28
7813.7,8
7814.1,14
7814.3,2
7814.4,1
7815.9,37
7816.1,23
7817.2,20
7817.3,6
7817.5,21
7818.1,39
7818.6,22
7819.4,15
7820.3,19
7821.3,26
7822.5,11
7822.7,9
7823.0,18
7823.2,5
7823.2,31
7823.5,35
7824.1,7
7824.6,2
7824.8,10
7825.0,0
7825.2,28
7825.3,4
7825.3,17
7825.3,38
7825.6,34
7825.9,30
7826.2,33
7826.7,36
7826.8,12
7829.6,15
7830.9,29
7831.4,16
7832.0,14
7832.1,18
7832.4,21
7832.4,27
7833.1,37
7833.2,17
7833.4,1
7834.0,11
7834.3,33
7834.4,6
7834.6,13
7834.8,10
7834.9,39
7836.3,4
7836.5,26
7836.9,20
7837.2,24
7837.2,38
7837.4,19
7837.7,0
7838.1,28
7838.6,5
7839.2,12
7841.4,30
7841.7,2
7841.9,22
7842.0,15
7842.6,35
7843.0,7
7843.2,8
7843.2,17
7843.3,9
7844.1,3
7844.2,29
7845.1,19
7845.1,31
7845.6,4
7845.6,6
7846.3,34
7846.7,39
7846.9,0
7847.7,23
7847.9,38
7848.1,21
7848.1,28
7848.4,18
7848.8,10
7848.8,15
7849.0,25
7850.2,11
7850.9,37
7851.4,27
7851.4,33
7852.3,20
7852.5,5
7853.6,1
7854.0,14
7856.1,13
7856.3,19
7856.7,39
7856.8,6
7857.2,26
7857.7,17
7858.0,30
7858.3,4
7858.3,34
7858.4,24
7858.9,15
7859.1,36
7859.2,28
7859.3,35
7859.9,2
7860.1,8
7860.3,7
7860.4,38
7860.8,10
7860.9,37
7862.5,0
7862.6,5
7863.0,18
7863.0,22
7864.0,29
7864.9,9
7865.2,11
7865.2,21
7865.5,33
7867.4,17
7868.0,28
7868.1,20
7868.5,26
7868.8,15
7869.1,7
7869.1,39
7870.6,38
7870.7,1
7870.7,25
7870.9,4
7871.8,12
7872.3,27
7873.8,6
7874.6,37
7875.8,10
7876.1,18
7876.4,19
7876.6,8
7876.9,14
7876.9,15
7877.8,28
7878.3,35
7878.5,38
7878.7,0
7879.0,36
7879.2,4
7879.2,17
7879.9,34
7880.4,31
7880.7,33
7882.2,24
7882.3,2
7883.5,9
7883.6,5
7884.0,39
7884.7,21
7885.2,7
7885.2,11
7885.6,6
7886.0,18
7886.0,22
7886.1,27
7887.4,26
7887.6,38
7887.9,15
7889.3,13
7889.6,1
7889.7,19
7890.1,20
7890.1,28
7890.6,14
7890.7,4
7890.8,30
7891.1,23
7891.1,37
7891.7,0
7891.9,8
7892.5,34
7894.0,10
7894.2,15
7894.3,35
7895.1,7
7895.1,33
7895.9,2
7896.0,17
7896.0,29
7896.2,39
7896.4,18
7897.2,1
7898.3,3
7898.3,11
7899.7,27
7900.0,22
7900.1,0
7900.4,38
7900.7,9
7900.9,28
7901.3,5
7901.3,25
7901.4,35
7901.6,19
7902.2,4
7902.2,36
7902.2,37
7902.4,21
7902.4,26
7902.7,12
7903.8,33
7904.5,8
7905.8,17
7906.2,10
7906.5,15
7907.9,2
7907.9,6
7908.4,34
7910.3,24
7911.2,18
7911.6,39
7912.0,29
7912.4,30
7912.5,7
7912.6,19
7912.7,28
7913.8,4
7914.2,9
7914.3,20
7914.4,0
7914.4,33
7914.5,38
7914.7,22
7915.1,14
7915.1,31
7915.2,1
7915.4,15
7916.5,37
7916.8,17
7916.8,25
7916.9,11
7917.5,5
7917.8,23
7919.6,34
7920.1,13
7920.4,6
7920.8,8
7921.1,21
7921.1,26
7921.5,19
7921.5,27
7921.8,15
7922.1,2
7923.7,10
7924.1,18
7924.1,28
7924.2,38
7925.8,4
7925.8,39
7926.4,35
7926.7,7
7926.8,33
7927.2,17
7928.5,12
7928.7,0
7928.7,22
7929.3,20
7930.4,14
7932.1,30
7932.2,15
7932.2,37
7933.2,19
7933.3,26
7934.3,6
7936.7,11
7936.7,38
7937.2,28
7937.8,34
7938.0,17
7938.0,21
7938.3,1
7939.3,29
7939.8,5
7940.4,39
7941.0,10
7941.2,15
7941.2,20
7941.3,3
7941.5,7
7941.5,25
7942.3,9
7942.4,18
7942.6,4
7942.9,2
7943.7,37
7943.8,24
7945.9,27
7946.7,0
7946.9,11
7947.0,35
7947.1,8
7947.6,19
7947.7,15
7947.7,33
7947.9,6
7948.5,38
7948.7,12
7949.1,22
7949.1,26
7949.4,30
7949.9,28
7950.2,10
7951.2,17
7952.1,39
7953.1,34
7953.6,7
7954.0,18
7954.1,37
7954.6,21
7954.9,5
7957.0,4
7957.1,31
7958.4,11
7958.5,23
7958.6,2
7959.1,19
7959.6,15
7959.7,13
7959.9,28
7960.3,36
7960.5,0
7960.6,14
7961.2,24
7961.2,29
7961.5,10
7962.3,6
7962.5,17
7962.8,16
7962.9,1
7962.9,22
7963.1,9
7963.4,5
7963.4,38
7963.9,33
7964.7,35
7966.1,15
7966.3,39
7968.7,2
7969.9,20
7970.1,3
7970.4,26
7970.6,28
7971.2,7
7971.3,37
7971.4,18
7971.5,8
7971.7,17
7972.3,4
7972.7,27
7973.8,30
7974.0,19
7974.0,25
7974.1,38
7974.2,21
7974.4,11
7974.4,15
7976.4,33
7977.6,35
7978.0,39
7978.7,22
7979.1,0
7979.4,14
7979.7,2
7979.9,23
7980.3,12
7980.4,10
7981.3,5
7981.3,34
7981.4,17
7981.9,21
7982.0,18
7982.3,1
7982.3,9
7982.3,15
7982.8,29
7983.5,4
7984.3,24
7984.3,38
7984.9,8
7985.6,6
7985.6,13
7985.9,37
7986.4,20
7986.6,28
7986.7,27
7988.2,11
7988.6,7
7988.9,19
7989.1,33
7989.8,26
7990.8,39
7991.0,10
7991.4,18
7991.6,9
7993.4,22
7995.6,15
7995.7,5
7996.1,7
7996.2,2
7996.7,0
7996.7,17
7997.2,11
7997.3,6
7998.5,21
7999.1,14
7999.2,38
7999.3,30
8000.0,37
8000.9,4
8001.4,31
8001.4,35
8001.8,33
8001.8,34
8002.1,28
8002.6,26
8002.7,1
8002.9,10
8003.5,18
8003.5,25
8003.8,3
8003.8,15
8003.8,39
8003.9,20
8003.9,29
8004.5,19
8004.5,12
8004.8,36
8005.9,0
8006.5,8
8006.7,9
8007.9,24
8009.2,13
8009.4,17
8009.7,21
8009.9,6
8010.3,28
8011.0,37
8011.5,5
8011.5,7
8011.8,15
8012.2,39
8013.4,22
8013.4,38
8013.9,4
8014.3,2
8015.4,19
8016.0,18
8016.7,33
8016.8,29
8017.0,8
8017.0,11
8017.3,14
8017.3,35
8018.1,26
8018.2,17
8018.7,10
8018.8,30
8019.1,23
8019.1,27
8019.1,1
8019.6,6
8019.8,15
8022.1,28
8022.3,4
8022.6,9
8023.5,38
8023.6,20
8024.7,21
8024.8,0
8024.9,5
8025.6,37
8027.1,12
8027.7,34
8027.8,33
8028.7,39
8029.4,17
8029.4,24
8029.5,2
8029.8,35
8030.6,18
8032.4,38
8032.5,15
8032.8,22
8032.8,36
8033.4,19
8034.0,30
8034.2,10
8035.7,23
8035.8,11
8036.2,20
8036.9,31
8037.0,26
8037.1,28
8037.3,21
8038.3,7
8039.6,0
8040.3,5
8040.4,4
8042.4,37
8042.5,13
8042.6,27
8042.6,10
8042.8,6
8042.9,38
8043.2,15
8043.5,9
8043.5,39
8043.8,14
8043.8,17
8043.9,33
8044.0,34
8044.0,35
8044.1,19
8044.2,2
8045.2,12
8045.6,25
8045.6,26
8046.8,1
8046.8,28
8049.1,0
8049.1,8
8049.3,21
8049.7,18
8050.1,29
8050.3,4
8051.4,15
8051.8,33
8052.2,11
8052.9,7
8052.9,14
8053.0,19
8053.2,3
8053.2,20
8053.2,31
8054.0,10
8054.4,22
8055.1,39
8056.1,28
8056.2,27
8056.3,24
8056.7,6
8056.8,37
8056.9,26
8057.2,17
8057.9,15
8058.7,18
8059.2,13
8059.3,5
8059.5,1
8060.4,12
8061.9,38
8062.0,2
8062.1,19
8062.8,9
8063.3,0
8063.7,10
8064.0,25
8064.2,35
8064.4,29
8064.4,36
8065.1,4
8066.4,21
8066.8,17
8067.0,11
8067.6,15
8067.9,14
8067.9,30
8068.2,38
8068.5,20
8069.1,37
8070.0,34
8070.5,8
8070.6,28
8070.9,26
8071.2,22
8071.2,39
8071.3,5
8071.6,18
8072.0,7
8072.3,6
8072.4,2
8072.6,1
8072.7,33
8074.4,12
8074.9,21
8075.1,0
8075.6,15
8075.7,9
8077.0,19
8078.1,38
8078.6,37
8078.8,28
8079.8,4
8079.8,17
8080.1,13
8081.8,10
8082.3,35
8082.6,3
8084.0,11
8084.2,31
8084.5,23
8084.9,39
8085.2,17
8085.4,18
8085.7,5
8085.9,33
8086.7,7
8087.3,20
8088.0,2
8088.2,4
8088.2,14
8088.3,24
8088.6,26
8088.7,1
8088.8,30
8088.9,9
8089.0,6
8089.2,38
8089.4,28
8089.5,15
8089.8,21
8090.8,29
8092.8,19
8093.1,0
8093.6,12
8093.6,34
8093.7,36
8094.9,25
8095.2,17
8096.5,39
8096.6,8
8097.4,37
8097.7,16
8098.3,10
8098.5,33
8098.8,15
8098.9,22
8099.0,31
8099.6,27
8099.9,18
8100.0,6
8100.1,9
8100.1,20
8100.4,2
8101.0,7
8101.6,17
8102.3,5
8102.3,38
8102.4,4
8102.6,35
8105.4,11
8105.5,26
8106.0,19
8106.6,14
8107.0,28
8107.1,0
8107.4,39
8108.7,24
8108.8,1
8108.8,13
8110.1,21
8110.4,15
8111.0,29
8111.6,2
8111.7,6
8112.1,7
8112.4,38
8113.9,12
8114.0,33
8114.4,30
8114.6,22
8114.9,25
8115.0,8
8115.5,4
8115.6,37
8116.0,5
8116.6,10
8116.6,18
8116.7,17
8117.2,34
8117.3,9
8117.4,28
8117.9,27
8118.7,39
8118.8,35
8119.2,2
8119.3,0
8119.4,15
8119.9,20
8120.2,19
8122.2,38
8122.9,11
8122.9,22
8124.4,31
8124.8,1
8125.7,14
8125.9,33
8126.9,26
8127.0,15
8127.4,4
8128.9,21
8129.2,34
8130.1,39
8131.4,7
8131.4,37
8131.5,18
8131.7,35
8131.9,10
8132.2,2
8132.2,6
8132.3,17
8132.3,28
8132.8,0
8132.8,29
8133.3,5
8133.4,24
8134.1,15
8134.9,30
8135.6,3
8136.0,23
8136.4,19
8136.5,11
8136.5,38
8136.9,8
8137.7,9
8138.4,12
8139.6,36
8140.7,31
8141.1,39
8141.9,4
8142.4,2
8142.8,15
8143.1,1
8144.1,33
8144.4,20
8144.6,18
8145.3,22
8145.3,25
8145.4,14
8145.5,5
8145.5,38
8145.6,27
8146.0,0
8146.2,3
8146.2,21
8146.2,30
8146.4,28
8147.0,10
8147.1,19
8147.1,17
8148.8,7
8149.2,26
8149.8,24
8149.9,37
8150.0,6
8151.3,8
8151.3,34
8151.6,15
8151.8,4
8151.9,13
8153.1,39
8154.3,11
8156.7,2
8156.8,7
8158.1,35
8158.3,0
8159.1,38
8159.2,20
8159.3,18
8159.6,15
8159.7,33
8159.8,21
8159.9,3
8159.9,29
8160.1,19
8160.3,5
8160.4,30
8160.6,36
8161.0,10
8161.0,17
8161.1,28
8162.3,37
8163.0,1
8164.0,9
8165.0,24
8165.5,14
8166.3,4
8166.3,27
8166.6,6
8167.0,12
8168.1,34
8168.7,28
8169.0,2
8169.0,39
8169.5,15
8169.6,26
8169.8,22
8170.0,38
8170.4,17
8171.2,23
8171.3,11
8171.5,5
8172.0,8
8172.2,19
8173.3,18
8173.9,7
8174.7,33
8175.7,0
8177.2,4
8177.7,10
8177.7,13
8177.9,15
8178.5,1
8178.6,6
8178.8,29
8179.2,37
8179.6,2
8180.1,25
8180.1,39
8180.3,30
8180.4,38
8180.5,31
8180.6,20
8180.6,21
8181.3,26
8181.3,9
8181.3,22
8181.8,35
8181.9,14
8182.0,28
8182.2,24
8182.4,17
8182.7,5
8183.0,34
8183.4,0
8185.1,15
8185.8,11
8186.0,36
8189.5,3
8189.8,1
8189.9,33
8191.0,20
8191.1,18
8191.1,38
8191.3,17
8191.6,32
8191.8,10
8191.9,37
8192.0,8
8192.0,12
8192.2,19
8192.4,7
8192.9,4
8192.9,5
8193.2,21
8193.4,2
8193.5,28
8193.6,27
8194.4,6
8194.8,15
8195.9,9
8196.4,35
8196.9,14
8196.9,33
8197.6,39
8200.0,0
8201.0,26
8201.6,38
8202.3,10
8202.7,15
8203.8,17
8203.9,11
8204.0,37
8205.1,1
8205.1,34
8205.4,25
8205.6,23
8205.7,7
8206.2,5
8206.6,4
8206.6,13
8206.6,31
8206.6,28
8207.0,21
8207.0,30
8207.1,8
8207.1,12
8207.2,22
8207.4,19
8207.6,35
8207.8,6
8207.9,0
8208.1,20
8208.7,2
8209.0,14
8209.8,18
8210.9,33
8211.3,36
8211.9,15
8212.5,17
8212.5,38
8213.1,24
8213.2,39
8214.8,29
8216.3,10
8216.4,26
8216.8,3
8217.2,19
8218.2,9
8218.4,0
8218.4,28
8219.8,35
8220.0,7
8220.1,5
8220.1,22
8220.8,11
8220.8,33
8221.4,21
8221.6,37
8221.7,39
8222.4,34
8223.1,2
8223.1,17
8223.1,38
8224.0,15
8225.7,4
8226.1,6
8226.8,18
8227.0,14
8227.0,25
8227.8,19
8227.9,10
8227.9,20
8228.2,27
8228.2,29
8228.3,7
8230.6,28
8231.8,0
8233.1,35
8233.7,39
8234.0,1
8234.0,8
8235.2,15
8235.6,17
8235.6,31
8235.8,26
8235.9,4
8236.1,30
8236.4,21
8236.5,12
8236.6,18
8236.7,38
8237.0,2
8237.4,22
8237.8,7
8237.8,33
8238.4,9
8238.5,37
8238.7,28
8239.6,36
8242.0,15
8243.2,0
8244.4,5
8244.5,10
8244.5,20
8244.7,29
8245.1,34
8247.3,11
8247.7,23
8247.9,35
8247.9,39
8248.2,33
8248.2,38
8248.3,14
8248.7,13
8248.9,17
8248.9,18
8249.3,2
8249.3,26
8249.4,6
8250.2,8
8250.3,19
8250.4,4
8250.5,15
8250.6,28
8250.8,27
8251.1,32
8253.9,3
8255.3,17
8255.3,21
8255.3,25
8256.2,37
8256.5,1
8256.9,22
8257.4,10
8257.5,20
8257.8,9
8257.8,26
8257.9,7
8258.0,4
8258.1,15
8258.4,5
8258.8,12
8259.2,18
8259.7,34
8259.9,31
8260.4,28
8261.0,8
8261.4,19
8261.9,30
8262.2,39
8262.5,38
8263.2,0
8263.4,33
8263.7,24
8263.8,6
8264.6,2
8264.6,15
8265.2,11
8265.4,7
8265.5,13
8266.0,29
8266.1,5
8266.5,4
8266.9,10
8267.1,36
8267.2,17
8267.6,21
8271.4,1
8271.8,33
8272.8,18
8272.8,28
8274.5,20
8275.3,22
8275.7,0
8275.7,37
8275.7,39
8275.8,14
8275.8,15
8276.4,38
8276.5,26
8279.1,35
8279.3,10
8279.4,19
8279.8,34
8279.8,17
8280.1,4
8280.3,12
8281.3,8
8281.9,28
8282.8,2
8283.3,7
8283.9,6
8284.2,21
8285.1,24
8285.2,5
8285.4,9
8285.4,23
8285.7,22
8285.8,15
8286.6,11
8287.0,4
8287.2,10
8287.4,1
8287.4,13
8288.0,29
8288.1,14
8288.2,39
8288.3,38
8288.7,18
8288.8,20
8288.8,30
8289.5,17
8289.6,33
8290.9,19
8291.7,28
8293.3,35
8293.4,2
8293.4,34
8293.5,37
8293.7,0
8293.9,8
8294.0,26
8294.0,31
8295.6,15
8296.1,27
8296.7,12
8298.7,14
8298.9,38
8299.4,4
8300.5,7
8301.3,9
8301.3,39
8301.4,18
8302.0,30
8302.3,6
8302.3,17
8303.7,19
8304.5,20
8304.6,28
8304.7,35
8305.2,24
8305.7,1
8305.7,33
8305.7,37
8306.1,15
8306.3,21
8306.5,25
8306.7,0
8308.7,29
8309.5,38
8310.0,5
8310.2,11
8310.2,34
8310.8,10
8311.0,22
8311.5,15
8312.5,2
8312.9,17
8313.4,39
8313.8,6
8314.8,4
8315.2,28
8315.8,18
8316.1,33
8316.8,7
8317.0,8
8317.0,30
8317.3,9
8317.5,19
8317.6,38
8317.9,34
8318.1,1
8319.3,26
8319.9,17
8321.1,15
8321.5,37
8322.0,27
8323.6,5
8324.3,21
8324.4,39
8324.5,0
8324.6,3
8324.7,28
8324.9,12
8325.2,24
8325.3,35
8325.4,13
8325.5,11
8325.5,31
8325.7,22
8325.8,14
8325.8,20
8326.9,36
8327.3,2
8327.9,10
8329.8,7
8330.0,38
8330.1,17
8330.1,19
8330.6,33
8331.0,6
8331.2,15
8333.7,29
8333.7,18
8334.6,34
8335.0,9
8335.1,8
8335.2,26
8336.1,20
8336.6,11
8336.7,4
8336.8,1
8337.2,35
8337.4,30
8337.6,0
8337.9,12
8338.3,2
8339.0,39
8339.6,37
8339.7,15
8340.3,21
8340.5,33
8340.6,28
8341.4,14
8342.9,38
8344.2,10
8344.2,18
8345.3,5
8345.5,29
8346.3,22
8346.4,17
8346.6,7
8347.3,27
8347.6,1
8347.7,15
8347.9,26
8348.1,6
8348.2,39
8349.7,0
8349.8,19
8350.1,34
8350.8,2
8350.8,13
8351.9,8
8352.0,30
8352.7,17
8353.0,37
8353.5,25
8353.6,28
8354.0,4
8354.1,31
8354.1,33
8355.0,38
8355.1,15
8356.7,10
8357.0,11
8357.1,21
8357.2,5
8357.4,9
8357.7,39
8358.0,7
8358.7,19
8359.6,20
8359.8,14
8360.6,28
8360.7,24
8361.0,36
8362.2,26
8362.5,18
8363.3,38
8363.7,4
8363.9,17
8364.5,0
8364.6,2
8364.7,34
8365.6,13
8365.8,1
8366.3,12
8367.3,10
8367.3,27
8368.5,35
8368.6,6
8368.7,15
8368.7,39
8369.7,22
8369.7,8
8369.9,37
8370.4,30
8371.2,28
8371.5,11
8371.6,38
8371.7,31
8371.8,33
8371.8,20
8372.0,29
8372.1,23
8372.7,21
8373.0,7
8373.5,17
8373.9,4
8374.6,9
8375.4,16
8375.9,2
8376.5,0
8377.2,19
8377.4,18
8377.4,26
8379.9,6
8380.1,14
8380.2,34
8380.4,15
8380.6,39
8380.8,35
8381.0,3
8381.8,5
8381.9,24
8381.9,28
8382.7,17
8382.7,38
8382.8,10
8383.9,19
8384.1,11
8384.2,22
8384.2,21
8384.9,20
8385.2,1
8385.2,33
8385.9,2
8385.9,8
8386.4,12
8386.5,37
8386.7,13
8387.6,0
8388.5,39
8389.4,28
8390.2,7
8390.2,35
8390.2,27
8392.3,26
8392.6,15
8392.8,30
8393.0,17
8393.1,18
8393.4,6
8393.6,4
8393.7,38
8394.8,14
8394.8,29
8395.8,11
8396.2,10
8396.8,9
8397.5,2
8397.6,20
8399.0,5
8399.1,33
8400.6,28
8400.8,31
8400.9,0
8401.2,39
8401.5,37
8401.6,25
8401.8,21
8401.9,34
8402.5,15
8403.3,38
8403.5,4
8403.7,1
8403.9,18
8403.9,19
8405.0,10
8405.6,8
8406.8,17
8408.1,22
8408.5,28
8409.2,7
8409.3,24
8409.5,3
8410.2,2
8410.2,9
8411.8,30
8411.9,15
8412.1,12
8413.2,0
8413.2,4
8413.6,26
8413.7,6
8414.3,27
8414.3,33
8414.6,11
8415.0,37
8415.1,18
8415.2,38
8415.4,13
8415.5,39
8415.8,19
8416.1,20
8416.1,31
8416.8,2
8417.0,34
8417.3,17
8418.1,29
8420.9,10
8421.1,14
8421.2,15
8422.8,1
8422.8,5
8424.4,28
8424.8,33
8425.1,9
8425.1,21
8425.6,24
8426.3,39
8426.6,31
8426.7,37
8426.9,11
8427.1,6
8427.2,38
8427.4,22
8427.5,7
8427.7,0
8428.0,4
8429.1,8
8429.7,15
8429.9,17
8430.1,26
8431.0,35
8431.1,18
8432.0,25
8432.7,34
8434.3,20
8436.2,38
8436.3,33
8436.5,19
8437.0,30
8437.3,5
8437.3,28
8437.5,23
8437.6,0
8437.8,10
8438.1,2
8438.5,26
8438.6,27
8438.7,9
8438.8,21
8439.3,39
8439.7,15
8439.8,37
8441.1,12
8441.6,13
8441.9,7
8441.9,29
8442.2,4
8442.3,17
8443.1,1
8444.3,35
8444.3,36
8444.9,14
8446.1,20
8447.0,18
8447.7,0
8447.9,28
8448.3,38
8448.7,26
8449.4,19
8449.9,2
8450.1,39
8451.5,22
8451.6,10
8451.8,8
8452.1,15
8452.2,33
8452.6,3
8452.6,6
8452.7,4
8453.0,37
8453.2,34
8453.5,7
8453.5,21
8455.1,12
8455.4,11
8455.4,24
8455.7,5
8459.4,0
8459.4,35
8460.1,17
8460.6,38
8461.3,19
8461.6,29
8462.0,4
8462.3,39
8462.6,28
8463.0,15
8463.2,2
8463.4,31
8464.1,18
8464.1,30
8464.2,1
8464.5,22
8464.8,9
8465.1,14
8465.3,16
8466.6,27
8466.8,20
8466.8,34
8467.7,8
8467.9,12
8468.0,17
8469.1,26
8469.6,33
8469.8,7
8470.0,6
8470.0,11
8470.6,10
8470.7,25
8470.8,23
8470.8,37
8471.0,19
8471.1,0
8471.4,15
8471.4,28
8472.4,13
8473.1,21
8473.2,4
8473.5,5
8473.8,38
8473.9,2
8474.6,30
8476.2,1
8477.0,20
8477.9,39
8478.2,15
8479.8,19
8480.1,18
8480.6,17
8480.8,29
8481.2,10
8481.2,24
8482.0,4
8482.0,7
8482.5,28
8482.9,38
8483.3,27
8483.8,14
8484.2,33
8484.3,36
8485.0,35
8485.1,15
8485.2,0
8485.5,9
8485.7,6
8487.1,5
8487.7,37
8488.9,34
8489.5,8
8489.9,22
8490.6,2
8491.0,20
8491.3,21
8492.8,26
8493.2,17
8493.2,19
8494.5,39
8494.7,38
8494.9,3
8495.0,4
8495.2,28
8495.3,11
8496.0,12
8496.1,7
8496.2,13
8496.2,18
8496.7,15
8497.4,33
8497.7,9
8498.5,10
8498.7,31
8499.1,25
8499.7,0
8499.7,29
8500.1,14
8500.4,2
8500.8,1
8501.7,30
8501.8,5
8502.6,39
8502.9,15
8503.4,37
8503.5,17
8503.8,38
8503.9,22
8504.1,34
8504.9,21
8505.1,26
8505.3,6
8505.3,35
8505.9,23
8506.0,8
8506.9,19
8507.4,28
8508.2,29
8508.4,20
8509.1,4
8509.6,11
8510.9,24
8511.0,38
8511.3,0
8511.9,10
8512.2,39
8512.7,7
8513.3,18
8514.1,15
8514.1,34
8514.7,12
8514.8,17
8514.8,37
8515.9,33
8516.0,1
8516.0,2
8516.0,20
8517.1,28
8518.1,27
8518.7,16
8518.8,13
8518.9,5
8519.6,8
8519.9,22
8520.1,21
8520.2,18
8520.4,38
8520.8,25
8521.2,11
8521.6,4
8523.4,14
8524.2,29
8524.7,35
8524.8,10
8525.1,0
8525.6,39
8525.7,6
8525.7,7
8525.9,15
8526.1,19
8526.2,30
8526.4,17
8527.4,20
8528.5,9
8528.5,33
8528.9,28
8529.2,26
8530.3,4
8531.8,38
8533.0,37
8533.6,8
8533.8,2
8535.9,5
8536.0,1
8536.1,34
8536.2,14
8536.3,18
8536.6,15
8537.4,19
8537.6,10
8538.3,17
8538.3,36
8538.4,38
8538.5,3
8538.6,35
8538.7,0
8538.7,7
8538.7,25
8538.7,30
8539.1,28
8539.2,39
8539.5,20
8541.3,2
8542.6,9
8543.3,31
8545.0,21
8545.2,4
8546.0,33
8546.7,17
8547.0,22
8547.1,12
8547.3,6
8547.5,15
8547.6,27
8548.4,19
8549.0,26
8549.2,11
8550.3,13
8551.6,29
8551.8,37
8551.9,18
8551.9,23
8552.0,0
8552.3,39
8552.6,35
8553.1,24
8554.4,1
8554.5,10
8554.8,38
8555.2,7
8555.2,30
8556.0,14
8556.1,28
8556.3,9
8557.1,20
8557.1,21
8557.6,15
8557.7,5
8558.0,4
8558.5,33
8559.5,8
8559.6,2
8560.2,17
8560.2,37
8561.2,6
8561.9,26
8562.8,38
8563.9,0
8564.7,10
8564.7,15
8566.9,34
8567.0,22
8567.0,19
8567.5,12
8567.9,39
8568.5,28
8568.7,1
8568.7,18
8568.7,21
8569.6,27
8570.9,9
8571.9,4
8572.1,31
8572.1,33
8573.2,26
8573.3,37
8573.7,38
8573.8,17
8573.9,29
8574.2,7
8574.5,2
8574.6,20
8574.7,6
8574.7,11
8574.9,5
8575.4,24
8575.7,30
8575.8,0
8576.5,39
8577.1,15
8577.4,3
8577.5,28
8577.6,35
8578.0,14
8578.4,19
8581.8,17
8582.3,12
8582.4,8
8582.7,18
8583.1,10
8584.4,38
8584.6,15
8585.1,34
8585.3,4
8585.6,25
8586.5,21
8587.3,37
8587.9,28
8588.0,39
8588.2,7
8588.4,1
8588.8,14
8589.0,6
8589.3,2
8589.3,17
8589.4,11
8589.8,5
8589.8,19
8589.9,32
8590.2,20
8590.7,22
8591.1,33
8592.1,4
8592.5,10
8592.6,38
8594.8,27
8595.2,12
8595.3,15
8595.5,0
8597.0,23
8597.0,26
8597.3,8
8597.4,31
8597.8,21
8598.2,24
8598.2,39
8598.4,37
8598.5,19
8598.5,30
8599.8,36
8600.0,28
8601.0,38
8601.3,4
8601.4,9
8601.6,17
8602.0,18
8602.4,35
8602.5,2
8602.5,33
8603.4,15
8604.1,13
8604.3,10
8604.5,14
8605.3,34
8608.0,39
8608.1,6
8608.4,25
8608.6,11
8609.3,5
8609.5,7
8610.4,22
8610.4,26
8610.7,0
8611.1,29
8611.2,1
8611.8,33
8612.0,38
8612.2,15
8612.4,19
8612.8,28
8613.7,21
8613.7,27
8614.5,4
8614.7,17
8614.9,20
8615.1,10
8615.6,8
8615.7,37
8615.8,18
8616.2,2
8616.6,31
8617.2,30
8617.3,39
8617.5,6
8617.5,12
8617.6,7
8617.7,3
8617.8,38
8619.4,28
8620.5,14
8620.5,24
8621.8,22
8623.3,15
8623.4,35
8624.2,33
8625.0,34
8625.7,4
8625.8,17
8625.8,37
8627.9,21
8628.0,26
8628.2,6
8628.3,39
8628.4,19
8628.9,5
8629.5,11
8629.7,1
8629.7,2
8629.8,9
8630.4,18
8630.6,13
8630.7,8
8630.7,38
8630.9,0
8631.5,23
8631.8,15
8631.9,20
8632.2,10
8632.2,28
8632.4,30
8632.5,36
8633.4,7
8633.4,17
8634.5,14
8637.0,33
8637.1,12
8638.2,29
8638.4,35
8639.0,34
8639.1,37
8639.2,2
8639.4,26
8639.4,31
8639.4,39
8639.5,11
8639.8,19
8640.0,15
8640.8,18
8641.1,4
8641.8,38
8642.5,16
8643.6,7
8644.4,5
8644.5,21
8644.5,22
8644.5,28
8645.5,24
8645.9,8
8646.4,10
8646.6,27
8646.9,33
8647.0,9
8647.1,3
8647.1,6
8647.6,0
8647.9,25
8649.3,35
8649.4,2
8650.3,17
8651.8,38
8652.3,30
8652.4,15
8653.9,20
8654.5,39
8655.5,4
8655.5,37
8656.0,21
8656.3,18
8656.5,10
8656.7,13
8656.9,26
8657.3,7
8657.5,11
8657.6,17
8657.8,23
8657.8,28
8658.0,1
8658.5,8
8658.6,14
8658.6,34
8658.6,19
8658.8,32
8659.3,27
8659.9,2
8660.8,22
8661.3,6
8661.4,33
8662.4,4
8662.4,12
8663.3,15
8664.6,38
8665.0,5
8665.1,29
8665.2,0
8665.8,10
8665.8,16
8666.2,17
8666.3,9
8666.7,36
8667.0,35
8668.5,39
8669.2,4
8669.2,21
8669.3,37
8669.6,28
8669.8,7
8670.9,2
8670.9,11
8671.0,19
8671.1,15
8672.2,30
8672.5,24
8672.7,14
8672.7,33
8673.0,38
8673.6,18
8673.9,22
8675.2,20
8676.4,1
8676.9,6
8677.1,10
8677.4,8
8678.3,9
8678.3,31
8678.5,17
8679.5,28
8680.3,26
8681.8,15
8681.9,19
8681.9,30
8682.0,12
8682.0,13
8682.0,34
8682.4,0
8682.5,37
8682.7,39
8683.0,21
8683.0,38
8683.2,4
8683.2,25
8683.4,33
8683.5,7
8686.6,20
8686.7,2
8687.2,5
8689.2,8
8689.2,11
8689.3,17
8689.4,28
8689.8,35
8691.2,33
8691.4,38
8692.5,15
8693.9,18
8694.6,3
8694.7,6
8694.7,22
8695.0,29
8695.2,26
8696.2,27
8696.3,14
8696.4,10
8696.9,19
8697.0,1
8697.2,37
8698.0,4
8698.1,7
8698.5,39
8699.1,15
8699.4,34
8699.6,17
8699.9,2
8699.9,38
8700.4,30
8700.5,0
8701.2,35
8701.4,21
8702.4,9
8703.8,5
8704.1,8
8704.9,28
8705.3,10
8706.6,22
8706.9,12
8707.0,13
8707.9,18
8708.1,31
8708.1,39
8708.5,11
8709.9,25
8710.1,20
8710.4,17
8710.6,6
8710.8,24
8711.7,15
8711.9,29
8711.9,37
8712.0,4
8712.3,19
8712.9,2
8713.3,27
8713.4,0
8713.8,33
8713.9,28
8714.2,14
8716.1,21
8717.1,26
8717.1,38
8717.7,12
8717.9,36
8718.1,34
8718.6,7
8718.7,10
8719.4,1
8720.0,0
8720.2,18
8720.3,15
8720.5,35
8720.6,4
8721.1,13
8721.3,9
8721.8,3
8721.8,28
8722.6,39
8724.1,2
8724.1,17
8725.0,5
8725.0,19
8725.1,22
8725.1,38
8725.7,30
8726.0,37
8728.2,24
8728.6,15
8729.3,4
8729.3,20
8729.9,27
8730.1,6
8730.1,21
8730.1,33
8730.5,14
8731.2,7
8731.2,23
8731.5,8
8731.8,0
8732.8,10
8733.8,34
8733.9,38
8734.7,11
8734.7,18
8735.5,26
8735.6,9
8735.6,39
8737.0,17
8737.1,28
8737.1,29
8737.6,2
8737.8,19
8738.2,15
8738.7,12
8740.7,4
8740.7,37
8741.2,25
8741.4,5
8742.1,1
8742.2,0
8742.2,35
8743.0,20
8743.0,38
8745.7,33
8745.9,6
8747.0,10
8747.1,28
8747.3,21
8747.7,30
8747.7,34
8747.9,22
8748.0,15
8748.2,7
8748.5,18
8749.4,26
8751.1,19
8751.5,9
8751.8,14
8752.2,17
8753.3,8
8753.9,37
8754.2,39
8754.5,38
8754.7,15
8755.4,4
8755.4,31
8755.6,11
8756.2,5
8756.3,10
8756.4,25
8756.6,27
8756.9,35
8757.1,2
8757.1,33
8757.4,21
8758.4,7
8758.8,0
8759.2,28
8759.6,24
8760.4,22
8760.5,29
8761.7,17
8762.0,6
8762.5,39
8762.6,12
8763.0,34
8764.6,26
8765.4,15
8765.5,10
8765.7,38
8765.8,33
8766.9,37
8767.4,1
8768.5,16
8768.8,18
8769.3,30
8770.1,4
8770.2,19
8770.4,20
8771.2,9
8771.6,39
8771.9,7
8772.4,28
8772.6,35
8772.7,8
8773.6,2
8773.6,37
8773.8,17
8773.8,23
8773.8,36
8774.0,5
8774.0,13
8774.1,15
8774.5,10
8774.9,0
8775.0,14
8775.2,33
8775.7,3
8776.5,21
8778.3,38
8778.8,6
8778.8,11
8778.9,24
8779.2,19
8779.8,26
8781.2,12
8781.7,29
8783.2,15
8784.0,4
8784.2,9
8784.2,31
8784.2,39
8784.3,18
8784.5,22
8784.6,20
8785.4,27
8785.9,17
8788.3,1
8788.3,10
8788.6,38
8788.7,28
8788.9,8
8789.4,34
8789.6,37
8790.2,2
8790.4,0
8791.1,35
8791.9,21
8792.0,7
8792.6,5
8792.6,15
8792.6,33
8792.8,6
8792.8,17
8793.3,13
8793.7,26
8794.0,30
8794.3,22
8795.6,18
8795.9,10
8796.0,19
8797.8,4
8798.0,38
8798.8,28
8798.8,34
8799.5,3
8800.1,20
8800.2,21
8800.2,37
8800.3,39
8800.5,0
8800.6,25
8800.7,33
8801.1,27
8801.3,11
8801.3,29
8801.4,15
8802.2,31
8802.3,2
8804.5,1
8804.5,12
8805.1,6
8805.2,17
8806.3,19
8806.8,14
8806.9,5
8807.0,9
8807.6,28
8807.7,4
8807.8,24
8808.7,7
8808.9,10
8809.3,35
8809.3,38
8809.3,39
8810.4,26
8810.6,13
8812.1,18
8812.2,37
8812.4,15
8813.6,8
8814.9,0
8815.7,17
8815.7,22
8816.7,6
8818.4,34
8819.4,2
8819.4,21
8819.6,30
8820.0,11
8820.2,38
8820.4,4
8820.8,28
8820.9,9
8821.6,20
8821.7,23
8822.1,15
8822.2,19
8822.6,27
8823.6,33
8823.8,7
8824.4,12
8824.7,17
8825.2,35
8825.6,29
8826.0,5
8826.0,14
8826.1,10
8826.9,39
8827.7,24
8827.9,37
8828.1,26
8828.3,0
8828.3,28
8829.9,3
8829.9,18
8830.3,21
8831.2,8
8831.5,31
8831.6,6
8831.9,1
8832.2,4
8832.4,13
8832.4,15
8832.4,36
8832.4,38
8832.8,22
8832.8,25
8833.1,34
8833.6,2
8833.7,19
8833.9,33
8835.3,28
8835.4,17
8836.1,20
8838.1,7
8838.8,37
8839.7,9
8839.9,10
8840.4,29
8841.4,30
8841.6,18
8842.1,39
8843.0,0
8843.7,15
8844.4,19
8844.7,21
8845.2,4
8845.3,33
8846.3,11
8846.5,12
8846.5,38
8846.8,2
8848.0,39
8848.3,17
8848.4,8
8848.5,26
8848.6,28
8849.1,6
8849.6,5
8849.7,10
8849.8,35
8850.4,7
8850.6,1
8851.2,34
8851.4,37
8851.6,27
8852.3,14
8852.3,20
8852.8,19
8854.5,15
8856.0,0
8856.2,38
8857.0,22
8857.5,11
8857.5,24
8857.8,4
8858.0,39
8858.5,26
8858.5,28
8858.7,21
8858.9,9
8859.0,17
8859.2,30
8859.3,5
8860.5,2
8860.5,23
8860.7,18
8862.8,35
8863.4,38
8863.5,29
8863.6,37
8864.1,31
8864.3,13
8864.4,10
8865.2,6
8865.6,0
8865.7,33
8865.8,15
8865.8,20
8866.5,19
8866.6,8
8867.0,3
8868.4,7
8868.5,34
8869.3,2
8869.3,25
8869.7,22
8870.5,39
8870.5,28
8870.8,1
8871.8,4
8873.5,30
8873.9,21
8874.8,14
8874.8,18
8875.5,17
8875.6,38
8875.7,0
8876.1,24
8876.2,36
8876.9,37
8877.3,15
8877.3,23
8877.4,5
8877.7,26
8877.8,12
8877.8,33
8878.6,6
8880.1,10
8880.1,19
8882.9,2
8883.1,7
8883.4,11
8884.0,28
8884.2,9
8885.3,20
8885.5,15
8885.5,18
8885.7,17
8887.2,39
8887.4,38
8888.0,0
8888.6,22
8889.1,21
8890.1,8
8891.7,10
8891.8,4
8892.1,35
8892.6,19
8893.8,37
8894.3,13
8894.7,34
8894.8,5
8895.1,26
8895.1,29
8895.2,27
8895.2,31
8895.4,14
8895.6,1
8895.6,33
8896.2,38
8896.8,2
8897.6,7
8897.9,28
8898.1,30
8898.3,24
8898.8,18
8899.5,39
8899.8,15
8900.1,17
8900.7,9
8900.8,12
8901.2,6
8901.4,20
8901.7,23
8902.2,11
8902.8,4
8903.4,10
8903.8,19
8903.9,26
8904.6,33
8904.7,22
8905.6,0
8906.9,15
8908.2,14
8908.9,2
8909.0,28
8909.1,37
8909.5,7
8909.7,35
8911.1,5
8911.1,38
8912.5,21
8912.6,39
8912.7,8
8913.7,36
8914.2,34
8914.3,24
8915.0,17
8915.4,1
8915.6,4
8915.8,12
8916.0,3
8916.2,31
8916.2,33
8916.3,9
8916.4,18
8916.7,26
8917.6,0
8917.8,28
8918.0,13
8918.3,14
8919.2,25
8919.3,20
8919.8,15
8919.9,22
8920.0,10
8921.5,19
8922.5,17
8923.9,30
8923.9,38
8923.9,39
8924.6,5
8924.7,11
8925.3,4
8925.3,2
8926.3,27
8927.6,23
8927.6,37
8927.9,15
8928.2,35
8928.3,0
8928.9,6
8929.2,21
8930.5,14
8930.6,34
8930.7,29
8931.0,18
8931.1,7
8931.7,8
8932.0,28
8932.1,10
8932.1,16
8932.6,9
8932.8,20
8933.0,33
8933.2,39
8933.9,19
8934.2,22
8935.4,17
8935.5,38
8935.6,4
8936.8,15
8937.2,2
8938.4,12
8939.0,26
8941.1,28
8941.4,10
8941.8,24
8942.0,5
8942.9,8
8943.3,1
8943.5,37
8943.8,14
8944.2,38
8944.3,29
8944.8,0
8945.0,3
8945.2,33
8945.3,15
8945.8,27
8946.1,9
8946.1,11
8946.4,18
8946.4,35
8946.4,39
8946.6,19
8946.7,4
8946.7,17
8946.7,22
8947.8,21
8948.0,7
8948.5,20
8948.6,13
8949.3,6
8950.1,2
8950.5,28
8951.9,5
8953.6,10
8954.3,38
8954.4,0
8955.1,15
8955.7,23
8956.0,31
8957.1,4
8958.0,29
8958.6,18
8958.7,14
8959.1,26
8959.6,37
8960.0,19
8962.3,1
8962.3,30
8962.5,39
8963.0,7
8963.1,17
8963.3,21
8963.4,8
8963.4,36
8963.6,27
8964.1,28
8964.2,15
8964.5,12
8964.7,6
8965.5,2
8965.5,33
8965.8,10
8967.3,11
8968.7,20
8969.4,0
8969.4,5
8969.4,38
8970.3,9
8970.3,16
8970.8,14
8970.9,37
8971.3,13
8971.6,4
8971.6,19
8972.6,34
8973.3,22
8973.8,35
8974.1,26
8974.4,17
8974.5,21
8975.0,29
8975.2,39
8975.8,15
8975.9,24
8976.1,2
8976.7,18
8976.9,12
8976.9,20
8977.1,6
8977.1,28
8977.1,33
8977.8,7
8978.0,11
8978.4,3
8978.7,38
8980.9,37
8982.0,1
8982.9,0
8983.1,10
8983.8,19
8984.7,15
8986.2,27
8986.4,31
8986.8,4
8987.6,28
8987.8,8
8988.6,6
8988.6,14
8988.7,17
8988.7,33
8989.3,38
8989.5,35
8989.6,39
8991.0,13
8991.3,21
8991.7,20
8991.9,15
8992.9,18
8993.6,19
8993.8,25
8994.5,37
8995.0,9
8995.5,10
8995.8,0
8995.8,7
8996.1,2
8997.5,5
8998.2,12
8998.2,39
8999.3,34
8999.4,38
8999.5,11
8999.6,6
8999.6,24
8999.6,29
8999.9,26
9000.0,4
9000.2,33
9000.3,17
9000.3,28
9000.4,1
9000.9,15
9001.0,30
9001.1,31
9001.2,8
9001.5,14
9001.8,19
9002.2,22
9003.6,18
9003.6,35
9004.2,20
9006.6,36
9007.1,27
9007.9,15
9008.0,16
9008.4,37
9008.6,10
9008.8,17
9009.4,23
9009.9,0
9010.3,28
9010.5,7
9010.5,39
9011.4,5
9012.6,2
9012.6,38
9013.2,4
9014.4,19
9015.8,9
9016.0,8
9016.0,11
9016.4,15
9016.4,21
9016.4,34
9016.6,33
9016.9,26
9017.6,20
9017.6,29
9017.8,7
9018.0,18
9018.4,2
9018.4,10
9018.5,27
9018.7,39
9019.1,12
9019.1,13
9019.5,1
9019.9,30
9020.1,28
9020.9,6
9020.9,37
9021.4,22
9022.4,25
9024.5,17
9025.2,38
9026.4,24
9026.7,15
9026.9,0
9028.6,7
9030.4,14
9030.4,19
9030.6,34
9030.9,4
9031.3,5
9031.3,11
9031.3,28
9031.7,29
9031.9,2
9032.4,6
9032.5,18
9032.7,33
9032.8,27
9032.8,35
9033.0,21
9033.3,37
9033.5,12
9034.3,10
9035.2,17
9035.6,3
9036.6,26
9036.6,38
9037.0,22
9037.3,1
9037.3,15
9037.3,20
9038.1,9
9038.4,39
9038.7,35
9040.2,28
9040.5,31
9040.7,8
9043.1,0
9044.1,7
9044.9,21
9045.0,19
9045.5,14
9045.9,13
9046.0,24
9046.1,29
9046.3,5
9046.9,18
9047.0,15
9047.1,17
9047.2,4
9047.8,35
9047.9,33
9047.9,37
9048.7,11
9048.7,39
9048.8,10
9048.8,38
9049.0,12
9049.1,25
9049.4,6
9049.8,26
9050.3,34
9051.4,28
9053.3,30
9054.5,2
9056.1,9
9056.1,17
9056.2,1
9056.3,19
9056.3,4
9056.5,0
9058.3,27
9058.5,7
9058.9,15
9060.8,33
9061.3,10
9061.7,20
9061.7,38
9063.3,11
9063.5,37
9063.9,22
9064.2,26
9064.3,12
9064.3,15
9064.9,4
9064.9,28
9065.2,17
9065.6,39
9065.7,35
9066.0,21
9066.4,18
9067.2,13
9067.5,6
9067.6,2
9068.2,23
9068.4,5
9068.7,19
9069.1,9
9070.0,14
9070.2,29
9070.5,1
9071.1,28
9071.4,34
9071.9,33
9072.0,0
9073.0,25
9073.6,15
9073.9,8
9074.1,20
9074.9,17
9074.9,38
9075.0,10
9075.6,3
9075.7,39
9076.1,36
9076.7,24
9077.3,30
9077.5,18
9077.7,37
9078.1,27
9079.2,35
9079.7,4
9079.8,7
9080.1,21
9081.2,2
9081.2,19
9081.6,0
9082.0,1
9082.4,22
9082.4,15
9083.1,5
9083.6,16
9083.6,28
9083.7,12
9084.6,33
9085.3,14
9085.7,6
9085.8,26
9087.3,11
9087.4,17
9088.9,13
9088.9,31
9088.9,34
9088.9,39
9089.2,8
9089.4,30
9089.5,37
9089.7,38
9089.9,10
9090.3,15
9090.4,19
9091.0,4
9093.8,18
9094.0,35
9094.4,28
9094.6,5
9095.1,17
9095.5,9
9095.7,2
9095.9,21
9096.8,12
9096.8,27
9096.8,22
9097.2,25
9097.3,7
9097.6,0
9098.7,8
9098.8,3
9098.9,24
9099.1,33
9099.1,15
9099.7,4
9100.2,10
9100.6,20
9100.8,14
9101.0,19
9101.2,38
9101.4,39
9102.4,26
9102.5,30
9102.8,28
9103.0,29
9103.8,37
9104.3,5
9104.5,11
9107.5,2
9107.9,18
9108.3,17
9108.9,6
9109.2,4
9109.5,1
9109.6,34
9109.7,10
9110.5,7
9110.5,33
9110.5,38
9110.9,15
9111.6,0
9112.2,28
9112.8,21
9113.0,8
9114.7,31
9115.8,23
9116.3,24
9116.4,39
9116.6,22
9116.9,15
9117.1,16
9117.3,9
9117.8,13
9118.8,37
9119.3,26
9119.6,17
9120.0,20
9120.1,18
9120.1,19
9120.1,27
9120.3,12
9120.9,7
9121.2,2
9121.5,14
9121.7,6
9121.8,3
9122.0,35
9122.1,30
9122.5,4
9122.9,29
9123.1,34
9123.4,38
9123.7,10
9124.4,5
9124.5,28
9125.4,31
9125.5,8
9125.9,39
9126.9,33
9127.0,15
9127.1,0
9128.8,11
9130.8,4
9131.7,18
9132.3,17
9132.9,1
9133.1,19
9133.4,9
9133.8,7
9133.8,24
9134.0,21
9134.2,13
9134.2,32
9134.7,2
9134.9,28
9136.0,26
9136.5,37
9137.2,10
9137.4,22
9137.8,36
9138.5,15
9138.7,35
9138.8,34
9138.9,20
9138.9,38
9139.5,39
9139.6,14
9140.2,33
9140.7,0
9141.0,5
9141.3,6
9141.4,29
9142.3,8
9142.6,17
9144.0,4
9144.6,27
9144.7,3
9144.8,23
9145.8,28
9146.2,2
9146.2,12
9146.2,19
9147.7,38
9148.9,15
9149.0,10
9150.7,18
9150.7,37
9151.4,21
9151.4,30
9151.8,22
9151.8,26
9152.3,7
9152.3,17
9152.7,11
9152.9,1
9153.3,39
9153.7,9
9155.8,4
9156.3,15
9156.8,2
9157.1,20
9157.2,24
9157.2,35
9158.6,34
9158.6,28
9159.0,0
9159.0,19
9159.5,29
9159.6,33
9159.9,13
9161.0,5
9161.0,38
9161.1,18
9162.0,17
9162.1,14
9163.4,9
9163.5,31
9163.8,10
9164.1,15
9165.8,21
9165.9,8
9165.9,11
9166.3,0
9166.5,36
9167.0,6
9167.3,26
9167.5,2
9167.9,39
9168.5,1
9169.6,37
9169.7,12
9170.6,30
9170.9,33
9171.9,4
9172.0,29
9172.3,34
9172.7,28
9172.8,15
9173.0,17
9173.0,19
9173.0,38
9173.6,7
9174.5,20
9174.7,0
9176.9,5
9177.0,18
9177.6,35
9177.8,25
9178.5,14
9178.6,10
9179.7,22
9180.1,9
9181.7,21
9181.7,23
9182.2,28
9183.0,37
9183.3,38
9183.5,6
9183.6,24
9183.7,39
9183.9,2
9184.1,8
9184.1,27
9184.2,19
9184.7,13
9185.2,4
9185.2,26
9185.2,33
9185.6,15
9187.1,0
9187.4,7
9188.1,12
9189.2,30
9190.0,34
9190.9,17
9192.0,10
9192.0,19
9192.2,35
9192.5,20
9192.6,18
9192.9,15
9193.1,29
9193.7,11
9193.9,1
9194.4,14
9194.9,2
9195.9,28
9196.2,39
9196.3,4
9196.5,5
9196.5,7
9196.7,6
9197.2,17
9197.2,33
9197.6,37
9198.0,0
9198.4,38
9198.7,12
9202.0,24
9202.3,26
9203.5,13
9204.2,27
9204.4,15
9205.1,3
9205.5,22
9205.6,18
9206.2,11
9206.2,25
9206.9,31
9207.0,10
9207.0,19
9207.1,9
9207.2,33
9207.3,21
9207.4,39
9207.8,2
9207.9,7
9207.9,28
9208.4,0
9208.5,14
9208.5,38
9209.8,30
9210.6,37
9211.5,8
9212.0,17
9212.4,23
9212.7,15
9213.4,29
9213.9,4
9215.6,5
9217.2,35
9217.8,28
9218.3,20
9218.3,39
9218.5,10
9218.5,38
9219.2,18
9219.4,19
9219.6,1
9220.0,26
9220.0,34
9220.1,14
9220.3,33
9220.6,11
9220.7,17
9220.8,0
9221.5,12
9222.7,7
9223.0,16
9223.4,6
9224.0,22
9224.1,15
9224.4,2
9225.3,5
9225.8,21
9225.9,8
9226.4,38
9227.1,4
9227.1,18
9227.9,37
9228.0,28
9228.3,36
9231.5,15
9231.5,33
9231.9,27
9231.9,39
9232.1,9
9232.4,10
9232.4,21
9232.4,24
9232.7,20
9233.3,34
9233.6,7
9234.0,4
9234.0,17
9234.3,30
9234.4,22
9234.8,23
9235.0,0
9235.0,1
9236.2,13
9236.7,26
9237.1,12
9238.4,2
9239.7,11
9240.0,19
9240.6,28
9241.0,6
9242.0,15
9243.2,17
9243.7,18
9244.0,14
9244.1,39
9244.2,20
9244.6,37
9244.7,35
9245.1,7
9245.1,8
9246.2,10
9246.6,38
9246.8,0
9247.1,30
9248.3,19
9249.1,5
9249.2,4
9249.5,2
9249.6,9
9251.5,28
9251.5,33
9253.0,27
9253.7,26
9253.8,15
9254.9,34
9255.2,18
9255.4,22
9255.6,21
9256.3,10
9256.6,20
9257.1,17
9257.1,31
9257.2,29
9258.0,1
9258.0,24
9258.1,6
9258.7,7
9258.7,23
9258.7,38
9258.8,0
9258.8,4
9259.6,15
9260.8,16
9261.0,30
9261.0,33
9261.1,13
9261.5,11
9261.6,37
9262.2,2
9262.7,39
9264.0,28
9264.3,14
9264.4,19
9265.1,25
9265.5,26
9265.7,21
9266.1,8
9266.3,5
9267.8,18
9268.4,35
9268.5,15
9268.5,27
9268.7,9
9268.8,0
9268.8,17
9268.9,4
9268.9,22
9269.1,10
9269.3,34
9271.4,28
9271.4,38
9271.5,36
9272.4,39
9274.9,12
9276.3,6
9276.3,7
9276.4,8
9276.6,37
9276.7,2
9276.7,15
9277.3,31
9277.4,11
9278.0,3
9278.1,0
9278.1,33
9278.2,5
9280.1,23
9280.2,21
9280.3,30
9280.4,4
9280.5,26
9280.9,17
9281.5,19
9281.6,20
9281.9,15
9282.2,38
9283.9,28
9284.6,22
9284.9,24
9285.1,39
9285.6,10
9285.8,18
9286.2,9
9287.2,1
9287.9,38
9288.3,17
9288.7,37
9289.6,35
9289.9,14
9290.6,8
9290.6,33
9290.6,34
9290.7,2
9290.8,13
9291.1,3
9291.4,19
9291.6,22
9291.7,7
9292.0,0
9292.0,15
9293.0,4
9293.2,21
9293.9,12
9294.2,6
9294.5,27
9294.7,26
9295.8,11
9296.3,5
9297.0,28
9297.3,38
9297.3,18
9297.7,29
9300.5,10
9300.5,39
9300.7,9
9300.7,15
9300.9,1
9301.7,31
9302.3,37
9302.6,4
9302.7,17
9302.8,33
9302.9,25
9303.0,2
9303.0,20
9303.3,19
9304.1,38
9306.0,13
9307.5,15
9308.2,18
9308.3,28
9308.6,8
9308.9,6
9309.5,22
9309.8,0
9309.9,33
9310.0,14
9310.2,10
9310.2,12
9311.0,38
9311.4,5
9311.5,11
9311.8,23
9312.2,17
9312.4,24
9312.5,37
9312.7,35
9313.9,7
9314.0,26
9314.2,1
9314.2,21
9314.3,29
9314.6,34
9314.6,36
9314.8,30
9315.9,16
9316.6,19
9317.5,2
9318.5,39
9318.6,15
9319.8,17
9321.3,0
9321.4,20
9321.4,28
9321.5,9
9321.7,35
9322.8,4
9324.1,38
9324.5,19
9324.9,30
9325.1,18
9325.5,22
9325.7,8
9325.7,10
9325.7,33
9326.0,6
9326.0,7
9326.3,14
9326.6,15
9326.8,24
9327.3,1
9329.8,5
9330.4,3
9330.5,17
9330.7,26
9332.0,39
9332.2,37
9332.3,29
9332.4,34
9333.0,13
9333.0,38
9333.1,0
9333.3,12
9333.4,28
9334.2,11
9334.6,35
9334.9,2
9335.2,20
9336.4,9
9336.4,21
9336.7,27
9337.6,4
9338.3,18
9339.1,15
9339.3,7
9339.6,17
9340.1,14
9340.2,25
9340.7,33
9341.0,31
9341.2,6
9341.3,8
9341.3,22
9341.4,5
9343.0,10
9343.2,37
9343.2,39
9343.4,28
9343.7,19
9344.8,2
9345.7,15
9346.3,16
9346.3,24
9346.3,26
9346.8,38
9347.1,34
9347.3,30
9347.6,1
9348.3,17
9350.0,18
9350.4,0
9351.1,4
9351.2,11
9351.9,33
9352.0,21
9352.4,12
9352.4,20
9352.7,37
9353.3,5
9353.7,14
9353.8,8
9353.9,38
9354.1,7
9354.4,28
9354.5,15
9355.1,39
9355.7,9
9357.8,3
9358.8,13
9358.9,34
9359.5,27
9359.7,36
9359.8,17
9359.8,19
9360.5,0
9360.7,30
9360.8,10
9360.8,33
9361.1,2
9361.1,21
9361.5,1
9361.7,22
9361.9,6
9362.4,15
9363.2,35
9363.4,28
9364.2,4
9364.3,29
9366.3,26
9366.7,38
9367.5,8
9368.5,18
9369.4,39
9370.1,11
9370.4,31
9370.5,37
9371.8,5
9371.8,7
9372.2,12
9372.3,20
9372.5,21
9372.9,0
9372.9,34
9373.2,17
9373.5,19
9374.9,14
9375.5,30
9375.6,9
9375.7,15
9376.1,10
9376.4,28
9376.5,4
9376.5,6
9377.1,22
9377.9,2
9378.0,33
9379.5,38
9379.5,39
9380.8,24
9382.1,26
9382.1,37
9383.0,1
9383.1,17
9384.8,15
9384.8,25
9384.9,13
9385.4,18
9385.4,21
9386.3,4
9386.3,19
9386.9,6
9387.5,8
9388.1,20
9388.1,35
9388.1,39
9389.0,11
9389.2,33
9389.6,29
9389.6,38
9389.8,5
9390.2,7
9391.2,0
9391.3,14
9391.9,28
9393.5,31
9394.1,9
9394.1,10
9394.8,1
9394.9,26
9395.2,13
9395.5,2
9395.6,34
9395.6,15
9395.6,17
9396.0,18
9396.2,36
9396.2,5
9396.7,12
9398.2,30
9398.3,4
9399.1,38
9400.4,7
9400.7,19
9400.9,6
9401.5,8
9401.6,27
9401.8,23
9402.2,15
9402.3,20
9402.4,21
9403.1,0
9403.5,33
9404.2,28
9404.3,39
9404.7,3
9404.8,11
9406.0,22
9406.3,1
9406.3,17
9406.6,24
9408.6,37
9409.0,9
9409.0,38
9409.9,18
9409.9,35
9410.1,26
9411.5,10
9412.1,2
9412.1,12
9412.5,4
9412.6,15
9413.7,19
9414.1,28
9414.3,25
9415.2,7
9415.6,17
9416.4,6
9416.9,5
9417.4,39
9417.9,21
9418.0,14
9418.1,37
9418.3,38
9418.4,34
9418.5,33
9419.3,0
9419.4,8
9419.8,11
9420.8,24
9421.7,13
9422.3,15
9422.9,9
9423.3,26
9424.8,4
9425.3,31
9425.7,1
9425.9,10
9425.9,22
9426.0,30
9426.3,18
9426.7,29
9426.9,27
9427.6,2
9427.8,38
9427.9,16
9428.1,12
9428.5,14
9428.8,5
9428.8,28
9429.0,21
9429.7,20
9429.7,39
9430.9,7
9431.2,15
9431.2,19
9431.3,37
9432.1,17
9432.5,0
9434.3,6
9434.5,35
9434.9,36
9435.2,26
9435.4,23
9435.7,8
9436.0,9
9437.3,2
9437.3,18
9437.3,33
9437.7,4
9437.7,15
9438.1,7
9438.9,34
9440.8,38
9441.3,24
9442.0,1
9442.0,28
9442.9,5
9443.1,3
9443.1,20
9443.4,11
9444.0,39
9444.2,19
9444.6,30
9445.6,0
9445.7,10
9445.8,37
9446.2,12
9446.7,4
9447.0,35
9447.1,13
9447.2,18
9447.7,15
9448.0,27
9449.0,17
9449.5,2
9449.6,21
9449.6,26
9449.7,6
9450.4,8
9451.0,28
9451.1,38
9451.9,14
9452.7,7
9453.3,22
9453.5,33
9454.6,9
9454.8,39
9455.3,29
9455.4,24
9456.0,31
9456.0,32
9456.2,15
9456.2,34
9456.4,10
9456.5,19
9456.6,1
9457.4,0
9457.9,17
9458.6,6
9459.2,4
9459.9,30
9460.0,20
9460.4,5
9460.8,27
9461.1,28
9461.2,11
9461.8,38
9461.9,25
9462.1,2
9462.5,8
9464.8,13
9465.0,18
9465.5,21
9465.9,37
9466.3,17
9466.4,15
9466.4,35
9466.8,22
9466.8,26
9467.0,3
9467.8,33
9468.7,24
9468.8,39
9469.1,0
9469.9,14
9470.0,8
9470.1,4
9470.3,7
9470.6,9
9471.6,28
9472.3,11
9472.9,10
9473.1,5
9473.1,38
9473.8,12
9474.0,6
9474.4,34
9474.5,23
9474.6,1
9475.0,20
9475.3,37
9476.7,15
9478.0,19
9479.5,4
9479.7,2
9480.7,17
9480.7,36
9481.2,30
9481.3,21
9481.4,31
9481.7,33
9482.2,14
9482.4,39
9483.4,0
9483.4,38
9483.8,15
9484.3,27
9484.5,7
9485.0,10
9485.1,28
9485.5,18
9485.5,35
9486.5,8
9487.4,19
9487.5,37
9487.8,6
9489.0,20
9489.4,3
9489.6,5
9490.2,29
9490.8,39
9491.0,22
9491.7,4
9492.2,2
9492.6,38
9492.8,17
9493.1,26
9493.6,12
9494.1,9
9494.7,28
9495.4,15
9496.2,13
9497.0,34
9497.7,11
9497.9,0
9498.0,24
9498.4,30
9498.5,33
9498.9,25
9499.5,14
9499.6,3
9499.7,10
9499.7,37
9499.8,21
9500.1,1
9500.4,19
9501.1,39
9501.5,17
9501.7,38
9503.4,5
9503.6,15
9503.8,7
9504.0,28
9504.2,8
9504.8,18
9505.0,22
9505.6,2
9506.1,4
9507.1,32
9507.9,6
9508.9,1
9509.6,27
9511.4,26
9511.4,35
9512.0,0
9512.1,21
9512.2,30
9512.4,20
9512.5,15
9512.8,10
9514.2,33
9514.2,38
9515.5,9
9515.8,34
9516.0,17
9516.2,18
9516.8,39
9517.6,28
9517.9,37
9518.2,2
9518.2,7
9518.5,19
9519.0,5
9519.0,31
9519.4,11
9520.2,8
9520.3,15
9520.5,4
9520.5,14
9520.9,24
9521.6,6
9522.1,22
9523.1,35
9524.9,0
9525.2,33
9525.3,10
9526.1,17
9527.3,29
9528.0,27
9528.0,39
9528.3,30
9528.6,28
9529.3,3
9529.5,26
9529.8,1
9530.4,5
9530.5,4
9531.1,2
9531.3,38
9531.5,21
9531.6,15
9531.7,13
9533.4,37
9534.6,18
9535.7,11
9535.8,25
9536.0,19
9536.1,7
9536.2,12
9536.9,8
9536.9,20
9536.9,34
9537.2,0
9537.4,9
9538.4,17
9538.4,39
9538.5,28
9538.7,10
9540.4,6
9540.6,2
9540.7,14
9540.9,4
9541.0,38
9541.9,33
9542.0,23
9543.1,15
9543.5,5
9544.4,13
9544.5,22
9544.6,21
9544.7,18
9544.8,36
9544.9,35
9545.0,26
9546.4,10
9546.5,1
9546.5,31
9546.9,0
9547.9,34
9547.9,37
9548.0,9
9548.0,17
9548.7,3
9548.8,16
9549.0,39
9549.1,7
9549.5,12
9549.5,15
9549.5,29
9549.5,30
9549.6,38
9550.3,19
9551.0,28
9551.2,24
9551.9,33
9553.6,8
9554.8,11
9556.0,18
9556.1,32
9557.2,1
9558.0,15
9558.3,4
9558.3,6
9558.7,20
9558.7,38
9558.9,5
9558.9,23
9559.1,2
9559.1,35
9560.4,0
9560.8,10
9561.4,27
9561.7,34
9561.8,17
9561.8,26
9562.8,9
9562.9,37
9564.6,30
9565.1,14
9565.8,19
9566.6,39
9566.9,13
9567.4,21
9567.8,33
9567.9,7
9568.1,18
9568.1,25
9568.3,12
9568.4,29
9568.7,22
9568.8,11
9568.8,28
9569.1,15
9570.7,2
9570.9,6
9572.0,1
9572.0,34
9572.4,36
9573.0,5
9573.3,0
9573.8,4
9574.2,38
9574.7,15
9575.4,9
9575.4,26
9575.5,10
9575.6,17
9576.3,28
9577.2,8
9579.2,20
9579.8,18
9579.8,37
9580.3,19
9580.4,33
9580.7,39
9581.2,31
9582.6,11
9582.9,7
9582.9,35
9583.7,15
9583.7,14
9584.1,21
9584.1,29
9584.3,1
9584.6,24
9584.6,28
9585.6,6
9586.0,0
9586.3,17
9586.4,22
9586.7,26
9586.9,38
9589.8,3
9590.0,30
9590.1,4
9590.2,2
9590.6,34
9591.6,37
9591.9,5
9592.0,33
9592.3,39
9592.5,12
9592.7,18
9592.8,15
9593.6,23
9594.1,10
9594.4,17
9594.8,27
9595.1,25
9595.2,14
9596.5,19
9596.5,31
9597.6,6
9597.7,29
9598.0,9
9598.5,20
9598.5,38
9599.0,7
9599.1,8
9599.4,0
9599.5,35
9600.0,2
9600.2,21
9600.6,24
9601.3,15
9601.3,22
9601.6,28
9602.7,13
9603.1,26
9603.9,4
9604.0,1
9605.5,10
9605.6,17
9605.8,5
9606.4,38
9606.7,34
9606.9,33
9607.1,39
9607.8,18
9607.9,11
9609.0,15
9610.1,2
9611.3,3
9611.8,0
9613.5,36
9613.6,19
9613.6,37
9613.8,7
9613.9,26
9614.1,27
9614.3,18
9614.9,28
9615.4,6
9615.6,21
9616.0,15
9616.3,12
9616.8,35
9617.0,5
9617.1,10
9617.8,17
9618.1,9
9618.1,29
9618.2,30
9618.6,24
9618.6,39
9619.2,14
9619.9,4
9621.2,2
9623.2,33
9623.3,37
9624.2,8
9624.5,1
9624.6,13
9624.8,0
9625.3,7
9625.6,22
9626.0,20
9626.0,39
9626.1,15
9626.2,38
9627.4,19
9627.4,34
9627.6,28
9628.7,18
9628.8,4
9628.8,25
9630.0,17
9630.4,0
9630.6,9
9630.6,11
9630.8,6
9631.7,26
9631.9,2
9634.7,10
9634.7,14
9634.9,5
9635.2,30
9635.9,35
9636.0,13
9637.2,37
9637.7,38
9637.9,21
9638.1,33
9638.3,39
9638.7,15
9639.4,12
9639.6,19
9640.0,7
9640.1,22
9640.1,27
9640.5,0
9640.5,17
9641.1,31
9641.5,1
9642.1,8
9642.3,34
9642.6,4
9643.2,28
9646.2,10
9646.2,15
9646.8,18
9646.9,20
9647.7,9
9647.9,38
9648.1,33
9648.2,39
9648.5,2
9648.7,35
9648.8,11
9648.8,24
9649.2,19
9649.7,14
9650.2,6
9650.9,29
9650.9,30
9651.4,21
9651.6,0
9652.0,28
9652.9,4
9653.7,22
9654.5,15
9654.5,38
9655.3,5
9655.6,34
9656.7,1
9657.4,7
9658.1,27
9658.3,8
9658.3,31
9658.6,39
9659.6,37
9659.8,26
9660.3,17
9660.4,28
9660.7,2
9660.8,15
9661.1,3
9662.0,33
9662.1,35
9663.3,4
9664.1,18
9664.2,25
9664.6,0
9664.6,10
9664.6,21
9665.4,12
9665.4,20
9666.3,34
9666.7,38
9667.6,7
9667.6,23
9668.1,11
9668.4,19
9669.5,28
9670.2,17
9670.8,9
9670.8,36
9670.9,16
9671.5,15
9671.5,10
9672.0,37
9672.6,4
9672.6,6
9673.3,39
9673.5,30
9674.7,33
9675.5,2
9676.5,5
9676.7,26
9676.8,24
9677.0,21
9677.2,38
9677.4,8
9677.7,22
9678.2,0
9678.3,1
9678.9,14
9679.1,29
9679.4,20
9679.5,3
9679.6,19
9680.0,4
9680.5,6
9680.6,18
9680.6,35
9680.7,15
9681.5,7
9682.7,37
9683.5,17
9683.7,9
9683.9,11
9684.5,28
9685.2,30
9685.9,33
9686.0,39
9686.2,21
9686.6,25
9687.7,13
9687.8,15
9687.8,27
9688.1,12
9688.2,38
9688.7,0
9689.5,2
9689.7,26
9690.4,5
9690.9,6
9690.9,10
9691.1,4
9691.7,31
9692.6,24
9693.6,19
9693.6,34
9694.4,17
9695.2,22
9695.5,28
9696.4,15
9696.4,37
9697.0,7
9697.2,18
9697.4,11
9697.4,33
9697.8,23
9698.0,35
9698.5,30
9698.7,1
9698.7,8
9698.7,20
9699.1,39
9700.6,10
9700.7,9
9700.7,27
9701.0,0
9701.3,2
9701.3,21
9701.4,38
9701.5,25
9701.9,17
9702.2,26
9703.0,19
9704.1,5
9704.2,15
9704.2,29
9705.1,4
9706.1,28
9707.2,14
9709.5,18
9710.0,26
9710.7,34
9711.4,39
9711.9,8
9712.4,10
9712.7,22
9712.7,24
9712.7,33
9713.3,15
9713.4,6
9713.7,17
9714.0,37
9714.9,7
9715.2,2
9716.7,38
9717.3,0
9718.2,20
9718.2,25
9718.8,19
9720.0,21
9720.3,9
9720.5,1
9720.8,18
9721.8,30
9722.3,11
9722.4,15
9722.9,13
9723.7,4
9723.7,12
9723.8,26
9723.9,10
9724.6,14
9725.1,5
9725.1,28
9726.0,34
9726.0,37
9726.1,33
9726.3,21
9726.5,22
9727.1,35
9727.4,39
9727.9,38
9728.4,17
9728.7,0
9728.9,29
9729.2,6
9729.8,15
9729.9,27
9730.0,1
9731.8,4
9731.8,19
9734.0,2
9734.0,10
9734.2,33
9734.8,20
9734.8,18
9735.0,24
9735.1,7
9735.3,26
9736.1,28
9736.9,9
9737.8,8
9737.8,17
9738.4,38
9738.5,22
9738.9,39
9739.1,34
9739.2,37
9740.2,35
9740.6,30
9741.1,0
9741.4,15
9741.6,14
9742.5,21
9743.8,2
9744.1,12
9745.0,11
9745.3,36
9745.4,3
9745.5,19
9745.8,4
9746.2,5
9746.8,33
9747.2,7
9747.5,28
9747.6,38
9748.1,39
9748.3,6
9748.5,31
9749.2,1
9749.3,37
9749.4,10
9750.0,18
9750.8,15
9751.0,17
9751.1,34
9751.5,0
9751.9,35
9752.5,27
9753.6,2
9753.6,29
9753.7,23
9755.6,5
9755.8,15
9756.0,26
9756.5,8
9757.5,9
9757.7,4
9758.1,17
9758.2,37
9758.4,28
9758.4,19
9759.6,20
9760.3,13
9761.2,38
9761.6,21
9763.3,10
9763.3,22
9763.4,0
9763.7,39
9764.4,30
9764.8,33
9765.2,35
9766.0,11
9766.1,34
9766.2,25
9766.5,14
9767.3,15
9767.4,29
9767.6,7
9767.6,26
9769.4,18
9769.5,4
9769.5,9
9769.6,1
9769.6,12
9769.8,28
9770.8,39
9771.2,24
9771.6,2
9772.9,20
9774.1,38
9775.1,27
9775.5,17
9775.6,5
9775.7,6
9775.8,13
9776.1,15
9776.2,8
9776.2,10
9776.8,21
9777.3,0
9778.6,19
9779.3,34
9780.3,31
9780.6,33
9780.8,35
9780.9,11
9781.0,7
9781.1,28
9781.2,37
9781.8,1
9782.1,18
9782.1,26
9782.5,9
9783.1,22
9783.3,30
9783.3,39
9784.2,36
9784.8,29
9786.4,4
9786.5,38
9787.4,2
9788.0,15
9789.1,28
9789.4,8
9789.5,17
9789.8,14
9790.2,12
9790.9,5
9791.5,0
9791.9,19
9792.3,16
9793.5,9
9794.0,10
9794.5,34
9794.9,26
9795.0,21
9795.4,33
9796.0,20
9796.2,27
9796.4,3
9796.5,7
9797.7,15
9798.0,38
9798.2,1
9798.7,37
9799.0,28
9799.6,2
9799.9,11
9800.0,31
9800.3,4
9800.3,18
9800.5,6
9800.6,35
9800.7,24
9801.4,39
9801.9,0
9802.8,17
9802.8,25
9803.2,22
9803.3,19
9806.6,15
9806.8,23
9807.8,14
9807.9,33
9808.2,38
9808.5,30
9808.6,26
9808.7,10
9808.7,28
9809.0,7
9809.8,2
9810.9,8
9811.9,21
9812.4,13
9812.5,5
9812.8,20
9812.9,29
9813.0,6
9813.0,18
9813.7,4
9814.3,17
9814.9,37
9815.1,15
9815.5,34
9815.6,9
9815.8,1
9815.8,12
9816.1,39
9817.2,19
9817.7,0
9817.8,11
9818.9,28
9819.0,38
9821.7,22
9822.1,35
9822.4,33
9822.7,30
9822.8,36
9823.5,27
9823.8,18
9826.1,28
9826.3,21
9826.5,4
9826.6,7
9826.7,38
9826.8,31
9827.3,5
9827.3,17
9827.4,15
9828.1,20
9828.3,2
9829.7,10
9830.6,19
9830.6,26
9830.7,39
9831.2,9
9831.5,1
9831.8,37
9833.3,14
9833.3,18
9834.8,12
9834.8,15
9835.2,0
9835.4,6
9835.4,33
9835.8,34
9835.9,11
9836.1,8
9837.9,25
9838.4,26
9838.6,28
9838.7,3
9838.9,4
9839.1,7
9839.1,17
9839.2,23
9839.6,38
9840.1,21
9840.6,15
9842.0,10
9842.1,39
9843.2,18
9843.3,20
9843.5,2
9843.5,22
9843.8,27
9844.1,1
9844.4,0
9844.4,31
9844.9,35
9845.8,29
9847.2,30
9847.4,19
9847.6,28
9847.7,11
9848.0,24
9848.1,9
9848.2,37
9848.6,5
9848.9,8
9849.6,17
9849.8,15
9850.0,6
9850.0,33
9850.3,12
9850.4,14
9850.8,21
9851.0,34
9851.0,39
9851.1,4
9851.4,38
9853.5,0
9854.8,22
9854.8,26
9854.9,2
9856.4,10
9858.1,18
9858.4,20
9858.8,15
9860.3,7
9861.7,13
9862.4,16
9862.8,4
9862.8,38
9862.8,3
9862.8,28
9862.8,35
9863.1,37
9863.1,39
9863.9,5
9863.9,34
9864.5,33
9864.9,26
9865.2,0
9865.3,1
9865.7,15
9865.7,17
9866.5,2
9866.8,30
9868.0,11
9868.2,9
9868.2,36
9868.4,7
9868.8,6
9868.8,8
9869.7,31
9869.9,19
9870.0,18
9871.2,22
9871.6,14
9871.8,12
9872.4,23
9872.7,33
9873.0,38
9873.2,35
9873.7,10
9873.8,28
9874.3,17
9874.4,21
9875.3,15
9875.4,29
9875.8,5
9876.0,4
9876.7,37
9877.1,20
9877.3,27
9878.5,7
9878.7,2
9879.8,6
9879.8,39
9880.2,19
9880.4,0
9880.8,15
9881.2,3
9881.8,24
9881.9,22
9882.5,18
9882.7,1
9882.7,26
9883.8,38
9884.2,30
9884.5,8
9884.9,33
9884.9,28
9885.1,4
9885.3,34
9885.5,25
9885.7,10
9886.1,17
9887.5,5
9888.2,14
9888.2,15
9888.4,35
9889.0,11
9889.5,12
9890.4,26
9890.5,7
9890.8,9
9891.0,0
9891.0,29
9891.2,6
9891.7,18
9892.3,19
9893.8,39
9894.3,8
9894.3,20
9895.0,28
9895.1,37
9895.2,24
9895.9,38
9896.0,17
9896.1,27
9896.8,21
9897.3,10
9897.6,31
9898.2,4
9898.5,36
9898.6,33
9898.6,13
9899.1,5
9899.2,2
9899.2,16
9899.5,15
9899.6,30
9900.9,34
9901.1,0
9904.2,9
9905.0,7
9905.0,39
9905.7,28
9906.6,6
9906.6,17
9906.7,20
9906.8,18
9906.9,11
9907.2,10
9908.0,1
9908.2,22
9908.4,21
9910.5,19
9910.7,14
9910.8,15
9911.3,38
9912.1,37
9912.8,8
9913.6,2
9913.6,29
9915.4,23
9916.0,28
9916.1,4
9916.2,35
9916.5,25
9916.5,34
9917.1,5
9917.6,17
9918.5,27
9918.5,33
9918.8,10
9919.2,39
9919.3,9
9919.4,15
9919.4,38
9919.8,37
9919.9,30
9920.0,0
9920.0,18
9920.0,24
9920.2,26
9921.0,20
9921.4,21
9922.9,7
9923.0,11
9923.0,6
9924.4,3
9924.5,8
9925.1,28
9925.3,12
9925.7,1
9926.8,19
9928.3,13
9928.3,17
9928.3,38
9928.8,4
9929.5,29
9929.8,15
9929.8,22
9929.9,2
9930.3,26
9931.3,37
9931.3,39
9931.3,0
9931.3,10
9931.8,14
9934.0,33
9935.6,21
9937.4,35
9937.5,5
9937.5,16
9938.1,9
9938.6,20
9938.9,15
9938.9,17
9938.9,22
9939.0,34
9939.0,38
9939.0,25
9939.2,24
9939.3,18
9940.1,31
9940.6,11
9941.0,7
9942.0,19
9942.0,30
9942.2,28
9942.9,10
9943.6,2
9944.2,26
9944.3,0
9944.4,4
9944.8,37
9945.0,39
9945.2,27
9946.4,1
9946.4,8
9946.4,36
9946.6,14
9946.7,15
9947.2,21
9947.7,20
9947.9,29
9949.2,38
9949.6,17
9950.4,33
9952.7,18
9953.3,2
9953.3,13
9953.5,30
9953.8,6
9954.4,28
9954.5,34
9955.1,12
9956.2,0
9956.2,35
9956.4,24
9956.5,4
9957.0,10
9957.3,9
9957.6,15
9958.3,17
9958.7,19
9958.7,25
9959.5,7
9960.4,39
9961.0,37
9961.1,22
9961.1,26
9961.4,33
9961.8,18
9962.2,14
9962.4,5
9962.5,38
9963.4,3
9963.4,11
9964.0,1
9964.6,21
9964.6,28
9965.5,8
9965.6,2
9965.7,23
9966.0,15
9968.1,10
9968.3,29
9968.4,20
9970.0,33
9970.2,4
9970.3,26
9970.5,19
9970.8,6
9970.8,9
9970.8,34
9971.1,17
9971.8,38
9972.3,27
9972.4,18
9972.9,12
9972.9,37
9973.2,39
9973.8,15
9973.9,28
9975.8,29
9976.1,8
9977.1,0
9977.5,24
9978.1,2
9978.5,17
9979.7,7
9980.3,13
9981.3,10
9981.4,5
9982.2,19
9983.0,21
9983.6,14
9983.7,15
9984.0,3
9984.2,4
9984.4,36
9984.6,35
9984.7,38
9985.2,1
9985.3,6
9985.4,12
9985.8,8
9986.6,22
9986.7,30
9987.0,37
9987.8,34
9988.0,17
9988.1,33
9988.3,28
9988.7,39
9989.1,26
9989.5,0
9989.7,18
9989.9,27
9991.8,9
9992.9,2
9992.9,31
9993.0,15
9993.2,7
9994.2,5
9995.2,1
9995.8,11
9995.9,20
9996.0,38
9996.6,28
9997.7,10
9998.0,4
9998.0,8
9998.8,6
9998.8,39
9999.3,14
9999.6,15
9999.9,21
9999.9,22
