11.2,31
12.6,5
12.6,13
12.6,22
12.8,2
12.8,28
12.8,39
13.0,36
13.1,19
13.2,6
13.2,27
13.2,32
13.3,8
13.3,9
13.4,34
13.5,12
13.5,37
13.7,26
14.2,14
14.2,17
14.3,18
14.3,23
14.8,1
16.3,35
19.2,3
19.4,32
19.4,38
20.4,10
21.6,29
21.8,34
22.1,8
22.5,1
22.8,4
23.4,12
23.4,13
23.8,33
24.2,36
24.6,31
24.8,9
25.2,15
25.5,14
25.9,27
26.0,5
26.0,18
26.4,30
26.9,38
28.0,19
28.4,28
28.4,34
29.3,17
30.3,11
31.0,1
31.6,21
32.0,3
32.2,32
32.3,26
32.7,35
32.8,8
33.8,23
34.0,20
34.0,18
35.5,13
35.6,22
35.7,5
36.0,2
36.3,29
37.4,12
37.4,16
39.1,38
39.5,14
39.6,19
39.8,34
40.2,36
40.8,28
40.8,4
40.8,9
41.0,10
41.3,39
41.3,1
42.0,26
42.0,37
42.4,8
42.5,31
44.5,18
44.6,27
47.6,13
48.4,38
48.6,1
48.6,24
48.6,29
48.8,32
49.0,14
49.7,5
50.0,3
50.1,33
50.5,15
50.8,10
54.1,35
54.4,34
54.9,8
55.2,23
56.3,30
56.4,12
56.4,17
57.0,28
57.5,1
57.8,9
57.9,2
58.0,18
58.0,22
58.0,27
58.7,26
58.8,13
59.0,19
59.1,37
59.8,4
60.1,38
60.5,5
60.7,31
61.8,36
62.1,34
63.4,32
63.6,1
64.5,3
64.7,14
65.0,35
65.9,10
66.1,39
66.3,16
67.2,8
67.4,15
67.5,33
67.6,21
67.6,29
68.4,26
68.7,23
70.5,18
71.1,12
71.3,13
71.4,9
71.4,27
71.9,1
72.1,28
72.2,0
72.6,2
72.6,14
72.7,4
73.5,17
73.5,30
73.6,34
74.2,38
74.3,5
75.8,32
76.6,19
78.4,8
79.7,37
80.2,18
80.8,31
81.4,12
82.2,14
82.5,13
82.6,10
83.0,35
83.1,1
83.1,26
83.2,23
83.7,29
84.9,24
84.9,38
85.0,32
85.0,34
85.4,5
85.5,30
86.1,4
86.4,19
86.5,36
86.8,27
87.0,9
88.6,3
89.5,39
89.7,18
91.2,8
91.6,28
91.8,7
92.1,35
92.1,38
92.3,17
92.9,1
95.2,13
96.4,20
96.4,23
96.8,5
97.1,14
97.2,34
97.4,31
97.7,16
98.1,15
98.5,10
98.6,2
98.6,32
98.7,28
99.2,4
99.3,8
99.8,18
101.0,33
101.2,1
101.4,27
101.8,26
102.0,17
103.3,9
103.9,37
104.3,12
104.5,36
104.6,38
104.7,29
104.9,22
105.4,30
106.2,13
106.3,14
107.8,2
108.1,19
108.7,35
109.4,1
109.4,32
110.4,8
111.0,24
111.3,28
111.3,4
112.1,27
112.3,16
112.7,34
112.8,18
113.2,31
113.3,11
113.3,23
114.5,39
114.7,33
114.9,9
115.2,5
117.7,13
118.2,21
118.4,29
118.9,26
119.1,14
119.3,17
119.3,38
119.7,1
120.0,15
120.4,19
120.8,10
121.5,8
121.5,12
123.0,3
123.2,28
123.2,32
123.4,23
125.4,36
126.0,27
126.0,35
126.1,2
127.8,1
127.9,34
128.6,13
128.6,38
128.8,18
129.0,4
130.0,5
130.5,9
131.5,33
131.8,14
131.9,30
132.1,31
133.3,32
133.8,29
133.9,8
134.1,19
134.6,28
134.9,34
136.3,23
136.5,37
136.6,39
136.7,26
136.8,16
137.1,13
137.8,17
138.1,10
139.0,1
139.1,18
139.3,36
140.3,35
140.7,12
141.4,15
142.2,2
142.3,14
142.4,4
142.4,29
142.4,38
142.9,8
143.3,32
144.5,1
144.5,5
145.9,24
146.1,34
148.5,33
148.6,22
149.2,9
149.8,26
149.9,8
149.9,13
150.0,21
150.4,14
150.4,18
150.4,19
150.4,28
150.9,27
152.4,31
154.1,4
154.3,12
154.4,1
154.4,23
154.6,5
154.6,38
156.0,30
156.8,29
156.9,3
157.0,34
158.5,9
159.0,0
159.1,7
159.7,36
159.9,2
160.0,17
160.3,8
161.7,32
161.7,33
162.0,35
162.1,11
163.0,1
163.0,10
163.1,27
163.3,13
163.3,14
164.2,18
164.5,37
165.9,5
166.2,38
166.7,23
167.1,15
167.7,34
168.1,28
168.8,26
169.4,8
169.4,39
169.8,4
170.6,3
170.6,19
170.6,32
170.7,16
171.4,14
171.8,29
172.0,12
172.1,1
172.4,18
172.9,31
173.2,27
173.4,17
176.5,13
176.5,33
177.2,34
177.4,30
177.6,5
177.6,9
179.0,38
179.7,36
180.1,8
180.2,23
181.5,1
181.9,2
181.9,28
183.2,4
183.3,14
183.4,27
183.7,32
183.9,18
184.1,24
185.1,0
185.4,10
185.6,26
185.8,13
186.3,34
187.0,29
187.2,5
188.6,35
188.9,8
188.9,12
188.9,21
189.2,31
190.2,19
190.4,1
191.9,23
192.1,7
192.1,38
192.6,22
193.8,9
194.0,17
194.1,20
194.3,34
194.4,18
194.4,32
194.9,26
195.7,4
196.7,8
196.9,14
197.0,15
197.5,29
198.5,28
199.4,13
200.0,1
202.3,3
202.3,27
202.4,16
202.5,2
202.5,10
204.3,38
204.5,18
205.6,5
205.6,33
205.9,37
206.0,23
206.0,26
206.0,31
206.1,9
206.9,36
207.1,35
207.2,12
207.5,30
207.6,29
207.7,19
208.1,17
208.1,34
208.6,39
209.2,8
209.3,1
209.8,32
210.6,13
213.3,4
213.7,15
214.5,26
214.6,18
214.8,28
215.1,14
215.4,38
216.8,2
217.2,24
217.4,32
217.8,23
218.1,12
218.2,5
218.9,1
219.4,9
219.4,29
219.6,34
220.0,8
220.0,27
220.0,33
220.2,13
220.4,36
220.8,39
223.8,0
223.8,4
224.0,31
224.5,17
225.8,1
225.8,38
226.0,10
226.7,18
228.2,22
228.2,26
229.4,3
229.4,30
229.9,28
230.9,14
231.2,8
231.2,21
231.2,35
231.6,27
232.7,19
232.9,5
232.9,32
233.1,2
233.5,23
233.8,13
234.0,12
234.1,1
234.1,39
234.2,15
234.5,34
234.7,38
234.9,0
236.0,31
236.2,7
236.2,18
236.6,9
238.0,29
238.1,8
239.9,26
240.8,10
241.9,4
242.5,35
243.6,1
243.6,17
244.9,36
245.2,32
245.8,13
245.9,15
245.9,34
247.7,14
247.8,33
248.1,31
248.2,18
248.3,27
248.4,38
248.9,9
249.6,5
249.6,12
249.9,1
249.9,28
250.3,3
250.5,2
250.8,8
251.4,29
251.5,37
251.6,16
253.0,23
253.7,26
254.1,30
254.9,1
256.0,35
256.4,34
257.0,18
257.2,4
257.6,13
257.8,21
258.2,19
258.3,32
259.0,17
259.9,8
260.2,14
260.3,1
260.6,28
261.3,38
261.6,9
262.5,27
262.6,23
262.9,26
263.8,10
264.0,12
265.2,29
266.6,13
267.9,18
268.0,5
268.6,1
268.8,34
269.7,8
269.7,11
270.3,39
270.5,33
270.6,14
271.1,27
271.6,25
271.7,35
271.8,38
272.1,19
272.5,3
272.9,2
272.9,31
273.0,36
273.1,30
273.5,12
273.9,4
273.9,32
276.0,1
276.0,17
276.0,24
276.7,9
277.5,26
277.5,34
278.5,5
279.1,14
279.1,23
279.5,18
279.6,13
280.3,28
280.9,0
281.1,15
281.1,38
282.5,8
284.0,10
285.6,31
285.9,1
285.9,27
286.1,39
286.3,33
287.8,4
287.8,23
288.4,13
288.6,16
288.8,29
288.8,34
289.0,12
289.2,17
289.4,18
290.5,19
290.8,32
291.5,14
292.0,26
292.2,0
292.7,3
292.8,9
293.1,8
293.9,36
294.8,1
295.1,34
295.5,5
295.5,35
295.5,38
295.8,30
296.2,28
297.4,18
297.4,27
297.9,31
298.4,10
298.9,33
299.7,7
299.7,15
301.4,1
301.6,13
302.0,32
302.2,26
302.9,8
304.3,2
304.3,22
304.6,14
305.1,35
305.3,20
305.6,23
305.7,9
305.9,5
305.9,38
306.0,4
306.0,34
306.8,19
306.8,36
307.2,18
311.8,37
312.1,12
312.4,27
312.5,14
312.8,1
312.8,29
313.2,31
314.3,3
314.7,21
315.0,8
315.7,28
315.9,13
316.1,19
316.3,16
316.8,38
317.0,33
317.0,32
317.8,4
318.8,9
319.5,1
320.0,18
320.1,34
320.4,17
320.8,15
321.6,14
321.6,26
321.6,39
321.8,23
321.8,27
322.2,30
322.4,12
322.7,36
323.2,8
324.6,5
324.9,38
325.5,4
326.0,10
326.0,13
326.4,29
326.6,35
326.7,24
328.0,2
328.6,1
329.0,34
329.4,8
329.8,33
329.9,32
329.9,37
330.1,27
330.7,28
330.8,9
332.0,31
332.9,12
334.0,18
334.6,17
335.6,1
335.7,14
336.0,38
336.2,23
336.5,5
336.5,19
336.6,26
337.0,16
337.4,29
338.0,3
338.4,13
338.5,4
340.0,34
340.2,20
343.0,10
343.4,8
343.5,0
343.7,32
343.9,36
344.1,1
345.0,39
345.4,33
345.6,9
345.6,25
345.6,35
346.5,15
347.9,18
348.0,5
348.0,13
348.1,3
348.5,38
348.7,14
348.7,29
349.9,31
350.2,19
350.3,12
350.4,34
350.7,30
351.3,1
351.6,21
351.6,32
351.7,8
352.1,26
352.2,2
352.4,27
352.7,4
353.6,28
354.5,23
356.9,13
356.9,22
356.9,36
359.0,18
359.4,17
360.1,5
361.5,9
361.8,7
362.9,10
363.2,1
363.2,31
363.3,38
363.4,8
363.4,24
363.4,39
363.9,16
363.9,14
364.2,29
364.4,33
364.5,12
364.9,23
365.2,34
365.3,37
365.4,27
365.4,35
366.6,4
366.8,28
369.3,18
369.3,32
370.8,1
371.6,9
371.7,13
372.1,17
372.9,3
373.2,30
373.3,19
373.5,26
374.0,29
374.1,8
374.6,14
375.3,38
377.0,31
377.0,34
377.5,18
377.9,5
379.9,16
380.5,1
380.5,15
380.5,21
380.8,2
380.8,9
381.5,36
382.0,33
382.3,13
382.5,10
382.7,23
383.2,20
384.3,34
385.0,19
385.1,29
386.0,12
386.0,38
386.4,8
386.4,32
387.3,14
387.4,1
388.4,26
388.6,18
388.9,31
389.4,35
391.1,5
391.4,22
391.6,4
392.0,27
392.7,0
392.9,28
393.3,23
393.5,39
393.6,9
394.4,3
394.7,17
395.8,38
396.1,34
396.1,18
396.3,1
396.3,2
396.7,13
396.8,8
397.6,12
397.6,24
398.0,31
398.8,29
399.5,32
399.9,19
401.4,30
401.5,14
403.8,27
404.6,5
405.1,35
405.4,28
405.6,1
405.6,26
405.7,33
406.2,8
406.2,15
407.2,34
407.5,37
408.1,10
408.6,16
408.9,29
409.5,38
410.0,36
410.2,3
410.3,18
410.8,32
410.9,4
411.9,2
411.9,8
411.9,13
413.0,19
413.2,17
413.4,31
414.2,12
414.7,5
414.8,9
415.0,21
415.0,23
415.2,14
415.3,1
416.1,34
416.6,26
418.7,35
418.9,36
419.2,20
419.8,38
420.1,13
420.1,30
420.5,28
421.7,32
421.8,8
422.1,4
423.1,18
424.5,27
424.6,29
424.7,39
425.2,0
425.2,14
425.6,1
425.9,34
426.1,9
427.1,19
428.2,31
430.3,5
430.8,12
430.8,17
430.8,33
431.4,22
431.4,23
431.4,21
431.6,13
431.6,16
431.9,32
432.0,3
432.4,30
433.0,38
433.1,1
433.6,29
433.8,8
433.9,11
434.2,7
434.4,26
436.6,2
436.8,28
437.0,10
437.3,27
437.4,4
437.4,9
437.8,14
438.1,35
439.4,18
439.7,34
441.0,31
442.2,1
442.9,38
443.8,5
444.1,12
444.1,33
444.4,15
444.7,36
444.9,13
444.9,39
445.3,8
446.9,32
447.9,9
448.4,1
449.6,21
450.4,17
450.4,23
450.7,26
451.1,14
451.1,19
451.3,34
451.3,35
451.6,4
451.6,27
451.6,28
451.6,31
451.9,37
453.1,30
454.8,38
455.7,3
455.7,13
456.5,24
456.6,29
456.9,8
457.0,1
457.6,10
457.9,2
458.1,18
458.2,15
460.2,5
460.2,14
460.5,0
460.7,12
460.8,16
460.9,33
461.2,32
463.3,8
463.3,22
463.3,26
463.8,35
464.1,13
464.3,23
464.4,9
464.5,19
464.8,4
465.5,36
465.9,34
466.1,1
466.5,31
466.7,20
467.5,28
467.8,18
467.8,38
469.9,2
469.9,39
470.0,17
471.0,12
471.8,14
472.1,32
472.3,26
472.4,9
472.7,29
473.6,5
473.7,8
474.0,1
474.1,37
475.1,30
476.8,27
477.0,13
477.0,35
477.2,33
477.2,38
477.9,18
478.5,10
478.7,0
479.0,19
479.2,28
479.3,34
480.6,36
480.7,21
480.7,32
481.4,1
481.6,4
482.3,8
482.4,23
483.3,5
484.0,14
484.7,3
484.8,31
485.4,29
485.9,12
486.3,18
486.5,15
486.8,2
486.8,9
486.9,20
487.1,35
487.2,26
487.8,10
487.8,13
487.8,17
487.8,27
490.5,38
491.1,16
491.9,11
492.3,1
493.1,23
493.5,4
493.6,8
493.6,25
493.6,33
494.1,34
494.4,24
494.7,28
494.8,18
495.4,19
495.6,14
495.8,5
497.3,30
497.4,32
497.6,1
497.9,15
498.9,13
498.9,39
499.1,38
499.6,31
501.1,36
501.1,27
501.4,2
503.0,12
503.8,10
504.4,26
505.1,23
505.5,14
505.9,32
506.0,29
506.1,8
506.1,9
506.7,21
507.0,0
507.2,5
507.2,7
507.4,34
507.7,1
508.4,17
508.4,18
509.3,13
509.3,33
509.6,3
509.9,28
510.1,38
510.6,31
510.7,22
511.5,4
512.9,35
514.1,19
514.6,16
514.9,1
515.8,8
517.0,23
517.3,14
517.8,34
518.1,9
518.6,38
519.7,10
519.8,12
520.0,29
520.1,15
520.2,39
520.4,13
520.6,18
521.3,17
521.8,32
522.0,26
522.1,1
522.3,27
522.4,2
523.2,22
524.2,28
525.6,8
527.4,24
528.0,19
528.2,30
528.4,4
529.0,5
529.3,35
529.8,15
529.9,12
530.1,33
530.5,31
530.7,38
530.9,34
531.0,26
531.6,36
532.2,1
532.4,14
532.4,18
533.3,37
533.5,23
534.0,9
535.0,27
535.2,32
535.4,13
536.2,29
537.2,8
537.7,3
537.9,16
538.7,28
539.4,38
539.4,22
539.7,2
540.0,33
540.2,17
540.4,34
541.3,14
542.1,10
542.1,21
542.2,1
542.3,18
542.3,19
545.5,25
546.4,28
546.9,32
547.4,13
547.7,26
548.2,5
548.3,4
548.9,0
549.2,8
550.2,33
550.5,27
550.6,9
550.7,12
551.4,11
551.6,34
551.9,35
551.9,38
552.3,18
552.5,36
553.1,23
553.5,1
554.7,39
554.8,30
554.9,2
555.0,29
555.5,13
556.4,20
556.8,14
557.0,8
557.5,17
559.2,31
559.6,32
559.9,28
560.0,37
560.6,1
560.8,26
561.4,5
561.8,34
562.4,19
562.8,38
563.1,0
563.3,4
563.3,16
564.8,23
566.8,12
567.0,10
567.1,13
568.2,14
568.3,1
568.3,15
569.0,8
569.1,22
569.4,3
569.9,30
570.1,18
570.5,32
570.5,38
571.0,27
571.5,28
571.6,26
572.2,21
572.4,24
573.1,36
573.5,9
575.3,33
575.4,2
575.6,17
575.7,1
576.2,31
576.5,19
576.6,29
577.7,4
577.7,34
578.4,5
579.0,35
580.3,8
580.3,37
580.4,14
580.7,7
582.1,1
582.2,13
582.6,10
582.7,32
582.9,16
583.1,18
583.4,38
584.1,23
584.3,12
584.5,26
587.6,34
587.7,20
588.5,27
589.5,39
589.6,15
589.8,28
590.4,9
590.7,8
591.2,33
592.1,0
592.1,10
593.1,18
593.2,1
593.5,19
594.0,4
594.2,14
595.3,38
595.4,5
595.4,30
595.7,32
595.8,3
596.4,29
596.5,2
596.5,34
597.3,23
597.6,22
597.9,26
598.4,13
598.5,35
598.9,17
599.5,36
599.7,31
600.1,16
600.1,28
600.2,12
600.6,38
600.8,8
601.4,9
602.6,18
603.8,1
604.5,24
605.4,14
606.4,34
606.7,11
606.9,4
607.5,10
607.8,13
608.0,21
608.5,19
608.9,33
610.1,39
610.3,32
610.6,23
611.1,5
611.1,27
611.4,1
611.6,29
612.0,8
612.4,31
612.5,12
612.6,2
612.6,20
613.2,14
613.2,38
613.3,3
614.1,28
614.5,16
615.2,18
615.2,26
615.7,17
616.0,34
617.3,4
617.9,9
618.3,13
619.3,35
620.4,8
620.4,24
621.5,33
623.0,32
623.1,36
623.3,1
624.0,38
624.4,23
625.7,7
625.7,10
626.0,5
626.3,31
626.5,29
626.5,34
626.7,14
627.5,18
629.5,21
629.6,13
630.0,12
630.1,1
630.3,39
630.5,32
630.6,22
630.7,27
630.9,15
632.0,26
632.2,8
632.3,9
632.9,3
633.3,33
634.1,28
634.8,38
635.5,19
635.6,37
637.0,34
637.1,2
637.2,18
637.5,1
637.7,4
638.7,36
638.8,23
638.8,29
639.1,35
639.5,30
639.8,17
640.1,0
640.2,14
641.2,38
641.4,31
642.3,21
642.6,8
642.8,32
643.5,12
644.0,13
645.2,5
645.2,20
646.6,26
647.4,33
647.6,1
647.6,18
647.6,19
647.9,34
648.0,10
648.9,25
649.0,8
650.0,29
651.6,27
652.2,4
652.4,32
652.7,9
653.7,23
653.9,13
653.9,34
654.0,2
654.9,36
655.3,17
655.8,14
655.9,28
656.4,35
656.7,31
657.1,8
657.1,39
657.8,18
658.9,26
659.2,1
659.2,38
659.8,3
660.6,30
660.7,7
661.0,4
661.0,19
662.3,22
662.6,0
663.1,33
664.0,12
664.0,23
665.0,34
665.3,9
665.7,15
665.7,37
666.2,14
666.5,5
666.5,32
666.6,16
666.9,8
667.1,18
667.3,1
667.6,21
667.7,27
668.3,29
669.4,26
669.5,17
670.3,38
672.3,36
673.3,10
673.8,28
673.8,31
674.0,13
675.5,4
675.5,19
676.0,14
676.3,2
676.4,34
677.5,18
678.2,9
678.3,1
679.3,32
679.5,3
679.5,12
679.5,27
679.5,35
682.3,8
682.8,23
683.3,5
683.3,38
683.3,33
683.6,39
684.2,26
684.3,15
684.5,13
684.5,16
684.7,28
685.0,22
685.0,29
685.4,34
686.2,1
686.2,14
686.3,30
686.5,17
687.0,21
689.3,4
689.7,18
691.0,38
691.2,24
691.6,31
691.9,32
692.4,8
692.6,26
693.6,9
694.6,36
695.4,1
695.4,2
695.5,35
695.5,19
695.7,14
696.4,12
696.4,15
696.6,13
696.8,27
697.4,34
697.9,3
697.9,23
699.1,18
699.2,5
700.1,38
700.4,28
700.4,29
702.5,10
702.7,8
703.0,20
704.1,32
704.2,1
704.4,0
704.8,17
705.0,9
705.5,33
706.0,12
706.3,31
706.9,14
707.7,11
707.7,39
708.4,34
708.7,26
709.4,13
709.4,23
709.8,4
710.9,27
710.9,38
711.0,8
712.2,5
713.0,1
713.8,32
714.7,18
715.0,37
715.1,30
715.2,28
715.6,19
715.7,21
715.7,34
716.1,36
716.2,33
716.8,3
717.3,29
717.6,7
717.8,27
717.8,35
717.9,2
718.0,22
718.2,15
718.7,10
718.7,16
718.7,17
719.5,9
719.6,26
720.0,31
720.7,8
720.8,12
722.0,13
722.3,14
723.6,1
724.3,34
724.3,39
724.6,23
725.1,28
725.3,32
725.6,21
727.2,4
728.8,35
729.0,8
729.0,38
730.1,22
730.2,26
730.5,18
731.7,13
732.3,5
732.3,14
732.7,24
732.8,34
733.0,19
733.2,20
733.5,0
733.9,1
734.0,11
734.1,33
734.4,9
734.6,36
735.4,38
736.5,32
738.3,29
738.8,8
738.9,28
739.2,10
739.7,27
739.9,31
740.2,12
740.3,17
741.3,34
742.0,26
742.2,15
742.7,1
743.2,13
743.2,23
743.4,18
743.4,37
743.5,38
743.5,39
744.4,14
745.3,8
745.4,33
746.5,22
747.3,3
748.8,30
750.3,4
750.3,28
750.4,2
751.3,29
751.5,32
751.7,5
751.9,34
752.7,1
752.8,9
752.8,19
753.8,31
753.8,35
754.4,23
754.5,8
754.7,21
755.3,36
755.5,12
755.5,38
755.6,13
757.2,27
757.4,16
757.6,28
758.7,18
759.1,17
759.5,39
759.9,26
759.9,34
760.3,32
760.7,14
760.9,10
761.5,33
762.1,9
763.6,5
763.7,4
764.0,1
764.3,8
766.0,29
767.1,38
767.5,28
768.3,3
768.7,20
769.0,23
769.2,2
769.8,13
770.4,18
770.6,15
770.6,37
770.7,14
770.7,31
770.9,34
771.1,30
771.3,1
771.9,35
772.1,36
772.6,27
772.8,19
773.1,11
773.8,8
774.5,12
775.7,22
776.1,32
776.7,26
776.9,0
777.2,9
779.8,35
780.1,23
780.8,1
780.9,13
781.4,18
781.5,24
781.7,5
781.8,29
782.4,28
782.5,16
782.7,14
782.9,17
783.0,38
783.3,2
783.3,19
784.3,4
784.3,34
785.4,8
785.4,32
785.5,10
786.2,33
786.4,27
786.4,31
786.8,30
789.0,7
789.4,15
789.5,1
789.8,26
789.9,18
790.0,12
790.0,13
790.1,21
790.3,36
791.7,3
791.9,9
791.9,35
793.0,34
793.1,20
795.0,8
795.3,29
796.0,38
796.6,23
796.9,32
797.2,5
797.4,19
797.7,39
798.1,1
798.2,4
800.7,14
801.3,28
802.7,0
803.1,18
803.4,17
803.5,34
803.7,12
803.7,13
804.2,27
804.5,9
804.5,10
805.0,26
805.1,8
805.1,31
805.6,29
805.8,7
805.8,22
805.9,30
807.4,1
807.4,37
808.8,38
808.9,33
810.7,34
811.1,32
811.7,13
811.7,23
812.0,8
812.0,16
812.9,3
813.1,4
813.1,35
814.9,5
815.1,14
815.4,28
815.7,18
816.0,36
817.3,2
817.3,26
817.5,15
817.8,31
818.0,38
818.3,1
818.3,34
820.1,27
820.4,9
821.7,21
823.7,24
824.0,13
824.6,1
824.8,25
824.9,19
824.9,29
826.0,23
826.1,8
826.2,10
826.3,32
826.5,4
827.1,17
827.2,14
827.3,18
827.3,39
827.4,33
827.9,34
828.4,12
828.6,3
829.1,38
829.3,5
829.3,26
829.6,35
829.7,30
831.0,27
834.6,8
834.7,1
835.0,13
836.2,20
836.7,16
836.9,0
836.9,4
836.9,22
837.9,28
838.2,14
838.3,38
839.0,2
839.4,34
840.0,15
840.1,18
840.9,19
841.3,17
841.4,10
841.6,26
842.0,9
842.6,29
843.8,36
843.9,1
844.0,30
844.0,35
844.6,13
844.6,16
844.6,31
845.2,32
845.7,12
846.2,23
847.0,8
847.1,33
847.5,27
847.7,5
847.8,21
848.2,38
849.3,28
850.0,14
850.3,3
850.7,2
851.7,34
852.9,18
853.3,9
854.4,38
855.4,37
856.0,1
856.8,23
857.4,32
858.1,8
859.1,4
860.5,26
860.6,22
860.6,31
860.8,13
860.8,35
861.0,24
861.7,17
861.8,27
862.1,36
862.2,12
862.9,34
863.3,0
863.4,1
863.5,14
863.5,18
864.0,30
864.3,19
864.6,5
865.0,38
866.5,29
866.9,16
867.0,8
867.5,39
868.4,23
869.5,4
869.5,9
870.4,28
870.6,13
871.3,1
871.3,33
871.6,15
872.5,32
872.8,18
873.3,7
873.7,34
873.9,27
874.0,17
874.3,37
874.5,26
876.3,14
876.3,29
876.6,31
876.8,2
877.1,19
877.3,8
878.4,38
879.5,9
879.7,3
879.7,36
880.0,1
880.1,5
880.9,32
881.5,22
881.7,30
881.8,18
881.9,21
882.1,27
882.8,34
883.3,10
886.0,4
886.4,8
886.5,12
888.0,28
888.3,33
888.5,35
888.6,13
888.7,26
888.8,1
889.3,14
889.4,15
889.9,23
890.1,16
891.1,38
891.8,19
892.2,34
892.2,39
892.3,18
893.0,0
893.3,2
893.5,31
893.7,8
893.8,17
893.8,22
893.9,29
894.3,5
895.1,1
895.3,20
895.6,27
896.9,32
897.4,30
898.4,38
898.5,12
899.3,13
900.2,9
900.4,4
900.5,14
901.2,3
901.6,34
902.6,23
902.8,8
903.5,35
904.2,1
904.5,32
905.3,18
905.3,36
905.4,26
907.1,29
907.1,28
908.7,19
909.0,5
909.6,33
909.6,34
909.9,38
910.3,13
910.3,21
910.9,14
911.5,1
914.2,15
914.3,8
914.8,10
915.1,18
915.4,16
915.6,32
915.8,4
915.8,17
916.1,27
916.3,9
917.0,23
917.3,19
917.3,31
917.6,26
917.7,2
917.7,12
918.3,24
918.6,38
919.2,3
919.8,34
920.7,13
921.5,1
921.7,39
922.0,5
922.1,30
922.5,35
922.8,28
923.0,33
923.1,8
923.4,14
924.3,0
925.4,37
925.8,36
926.1,9
926.5,29
926.8,27
927.0,2
927.8,38
928.1,12
928.2,18
928.8,34
929.5,4
929.8,1
930.4,13
930.8,26
931.1,32
932.2,23
933.7,17
934.1,31
934.3,16
934.7,15
935.3,14
935.8,22
935.9,5
936.2,3
936.3,1
936.5,10
937.1,35
937.7,8
937.7,21
938.1,19
938.9,37
939.8,9
940.4,29
940.5,23
940.9,20
941.0,38
941.4,33
941.6,30
942.2,34
942.3,18
942.9,26
943.2,27
943.4,28
943.5,2
945.1,13
945.1,35
945.4,4
945.7,1
946.8,14
947.5,31
947.5,32
948.2,8
949.2,36
949.5,17
950.8,18
951.0,0
951.0,5
951.0,16
951.0,24
951.0,38
951.1,29
951.2,10
951.2,26
951.2,39
951.3,1
951.3,34
951.6,19
952.0,7
952.0,12
952.4,3
952.6,11
955.3,8
955.9,13
955.9,14
957.4,23
958.0,9
959.0,28
960.7,4
961.1,0
961.8,1
962.0,33
962.3,27
962.5,18
962.5,35
962.9,26
962.9,32
963.5,19
964.0,38
964.1,15
964.4,12
964.5,31
965.2,37
966.0,13
966.6,8
966.7,34
967.6,2
967.8,14
968.5,1
968.5,21
968.6,5
971.0,32
971.6,36
971.8,26
972.3,23
972.5,29
972.8,17
973.2,10
973.7,18
973.9,4
974.1,9
975.4,38
975.6,33
975.7,8
976.3,22
976.6,1
977.1,28
977.2,30
977.5,13
977.7,27
977.9,16
977.9,35
978.2,34
979.9,14
980.0,7
980.0,19
980.5,31
981.1,0
983.8,5
984.0,24
985.0,23
985.2,20
986.1,32
986.6,12
986.9,8
987.0,13
987.2,9
987.3,25
987.4,1
988.1,18
988.5,38
988.7,29
989.3,34
990.4,3
991.9,26
992.0,31
992.3,15
992.9,17
992.9,28
993.2,39
993.5,35
993.8,4
994.0,10
994.8,1
995.4,38
995.6,14
996.0,8
996.3,2
996.6,21
996.9,13
997.5,23
998.1,9
998.5,5
998.5,18
998.6,37
999.6,33
999.8,12
1000.9,27
1001.0,26
1001.2,1
1001.3,32
1001.4,28
1001.6,19
1004.2,13
1004.2,34
1004.6,4
1005.3,8
1005.5,22
1006.0,31
1008.2,9
1008.3,36
1009.6,0
1009.9,38
1010.0,16
1010.0,1
1010.0,3
1010.3,29
1010.3,30
1010.5,10
1010.5,27
1010.8,11
1010.8,14
1010.9,26
1011.1,32
1011.2,23
1011.3,7
1011.7,2
1011.7,35
1012.0,19
1012.2,34
1012.5,17
1012.7,18
1014.0,12
1014.1,5
1015.5,33
1017.1,1
1017.3,13
1017.4,8
1020.8,4
1020.9,15
1020.9,39
1021.1,26
1021.4,28
1021.6,2
1021.7,31
1022.7,9
1022.9,14
1023.2,34
1023.6,38
1025.5,29
1025.7,18
1025.8,19
1026.5,13
1026.6,1
1027.1,27
1027.4,32
1027.6,20
1028.0,8
1028.0,35
1028.3,10
1030.3,12
1030.4,14
1030.5,23
1031.2,7
1032.0,24
1033.0,5
1033.0,21
1033.1,34
1033.3,22
1033.5,36
1033.7,1
1033.8,33
1034.0,28
1036.4,26
1036.6,38
1036.7,13
1038.0,15
1038.0,32
1038.5,31
1038.8,30
1039.1,18
1039.5,8
1039.9,27
1040.2,9
1040.9,17
1041.0,0
1041.3,14
1041.5,39
1041.7,2
1041.7,4
1041.8,19
1041.8,29
1042.0,34
1042.9,3
1043.4,1
1043.7,35
1044.0,5
1045.6,12
1045.6,13
1046.5,23
1046.8,18
1048.2,16
1048.5,32
1048.8,11
1048.8,8
1049.6,37
1049.8,26
1049.8,38
1050.3,4
1050.4,10
1050.6,28
1050.7,1
1051.7,24
1052.7,21
1053.1,14
1053.1,22
1053.5,19
1053.7,27
1053.8,15
1054.1,5
1054.7,9
1055.9,34
1056.5,31
1057.4,1
1057.4,12
1057.6,18
1058.1,8
1058.2,35
1058.7,13
1059.0,33
1059.6,26
1060.6,29
1060.6,36
1060.7,2
1061.3,20
1062.2,23
1063.4,34
1064.2,19
1064.3,4
1065.5,8
1066.1,38
1066.4,9
1066.9,14
1067.9,28
1068.0,30
1068.4,32
1068.6,1
1068.6,3
1069.1,39
1069.4,18
1069.8,17
1071.0,5
1072.7,27
1073.6,26
1075.0,12
1075.1,13
1075.1,15
1075.2,16
1075.3,7
1075.3,14
1075.3,36
1075.4,10
1075.4,19
1075.4,29
1075.5,34
1076.0,31
1076.3,4
1076.3,24
1076.5,9
1076.5,35
1077.0,0
1077.0,1
1077.5,8
1077.5,38
1078.1,33
1078.4,23
1079.2,18
1083.1,5
1083.5,32
1084.0,34
1085.2,13
1086.2,35
1086.3,12
1086.3,14
1086.6,28
1086.9,31
1087.2,22
1087.2,27
1087.2,38
1087.2,39
1087.8,1
1088.1,8
1088.2,26
1088.9,3
1089.2,2
1089.4,17
1089.5,19
1090.0,24
1090.4,4
1091.3,23
1091.6,9
1091.6,18
1092.3,34
1093.5,29
1093.8,36
1094.2,32
1095.9,30
1097.2,13
1097.4,8
1097.8,10
1098.1,37
1098.4,19
1098.5,1
1099.1,14
1099.6,33
1099.8,18
1100.0,5
1100.2,38
1102.9,27
1103.3,16
1104.3,31
1104.5,34
1105.2,1
1105.5,7
1105.5,26
1106.2,22
1106.4,23
1106.5,9
1106.5,28
1107.0,13
1107.4,8
1107.5,15
1108.3,32
1108.5,12
1110.2,29
1110.4,2
1110.5,39
1110.6,17
1111.3,35
1111.9,4
1112.0,38
1112.7,1
1113.5,19
1113.7,36
1113.9,18
1114.4,14
1115.0,34
1116.3,5
1117.6,26
1118.1,33
1118.3,23
1118.9,21
1120.7,8
1120.8,13
1121.5,9
1121.5,30
1121.9,4
1122.0,31
1122.0,32
1122.4,28
1122.5,1
1122.7,3
1122.8,10
1123.1,29
1123.1,38
1123.9,17
1124.0,2
1124.4,36
1125.0,16
1125.0,18
1125.1,12
1126.2,27
1127.6,14
1127.6,20
1127.6,34
1127.9,1
1128.2,35
1128.4,23
1128.9,5
1129.1,19
1130.5,26
1131.9,8
1132.3,33
1132.9,9
1134.1,39
1134.6,3
1134.8,29
1135.0,32
1135.0,38
1135.2,1
1135.3,28
1135.3,18
1136.3,17
1137.1,13
1138.1,34
1139.8,21
1140.9,24
1141.1,37
1141.6,14
1141.6,22
1142.0,5
1142.1,27
1142.3,8
1142.5,12
1142.6,31
1142.7,23
1143.0,2
1143.2,1
1143.7,16
1144.6,18
1145.2,32
1145.3,0
1145.6,10
1145.7,34
1145.8,13
1146.2,26
1147.7,38
1147.9,4
1148.1,35
1149.9,28
1150.4,19
1150.7,30
1151.0,36
1152.0,21
1152.5,1
1152.6,5
1152.8,18
1153.3,9
1154.0,17
1154.2,8
1154.3,39
1154.7,12
1154.7,20
1154.7,31
1154.7,33
1155.0,15
1155.0,29
1155.2,2
1155.5,14
1155.6,32
1155.8,23
1155.8,26
1156.0,3
1156.0,13
1156.5,34
1158.6,16
1158.7,38
1159.7,35
1161.4,4
1161.5,27
1162.3,29
1162.4,22
1162.5,1
1163.2,14
1163.2,21
1163.5,18
1163.9,19
1164.6,12
1164.8,8
1164.9,31
1165.1,9
1165.2,28
1165.8,32
1166.3,34
1167.4,5
1168.1,30
1169.2,13
1169.6,1
1169.6,38
1171.5,33
1172.4,18
1172.7,23
1173.7,12
1174.0,26
1174.2,14
1174.6,10
1175.7,2
1176.0,17
1176.1,19
1176.8,8
1177.0,34
1177.2,5
1177.4,29
1177.5,35
1177.9,4
1177.9,27
1178.1,13
1178.4,11
1178.5,16
1178.8,15
1179.0,36
1179.2,1
1179.4,38
1179.6,9
1179.6,31
1179.8,32
1181.5,3
1182.7,39
1183.2,23
1184.5,13
1185.0,34
1185.8,18
1185.8,28
1186.0,0
1186.7,14
1187.9,1
1187.9,33
1188.6,8
1189.1,26
1189.2,32
1189.8,5
1190.8,38
1191.7,29
1192.8,10
1193.9,27
1194.0,9
1194.4,19
1194.6,12
1195.2,34
1195.3,4
1196.8,1
1197.1,35
1197.2,36
1197.4,13
1197.7,17
1198.2,22
1198.4,2
1198.4,15
1198.4,30
1198.4,37
1198.8,18
1199.2,14
1199.2,21
1199.5,24
1199.7,8
1199.7,29
1200.2,38
1200.7,28
1200.9,3
1201.0,32
1202.7,33
1203.9,31
1204.5,5
1206.2,9
1206.3,34
1206.7,1
1207.4,26
1207.7,23
1208.0,14
1208.6,19
1208.7,17
1208.9,39
1209.0,8
1209.4,27
1211.0,13
1211.5,18
1211.9,29
1214.0,38
1214.6,4
1214.8,16
1215.0,1
1215.0,15
1215.1,32
1215.5,31
1215.7,12
1216.1,34
1216.6,8
1216.7,28
1219.3,35
1219.9,30
1220.4,2
1221.0,5
1222.2,9
1222.5,36
1222.8,13
1223.1,14
1224.0,26
1224.1,27
1224.1,1
1224.8,34
1224.9,10
1225.7,18
1225.7,23
1226.0,17
1226.4,20
1226.5,8
1226.5,19
1227.0,3
1227.1,7
1227.1,38
1227.2,29
1230.6,5
1231.1,15
1231.1,22
1231.5,4
1231.8,30
1232.1,31
1232.1,32
1232.7,12
1233.8,33
1234.0,1
1234.7,2
1234.7,14
1234.9,0
1235.0,34
1235.1,9
1235.1,24
1235.2,13
1235.3,28
1235.6,23
1235.9,39
1236.2,8
1236.2,27
1236.6,35
1236.7,18
1236.9,26
1237.4,21
1241.0,16
1242.0,12
1243.2,29
1243.4,37
1243.6,19
1244.0,27
1244.7,38
1245.1,1
1245.3,32
1245.6,8
1245.8,17
1245.9,10
1246.6,31
1247.3,36
1248.1,9
1248.3,3
1248.3,14
1248.3,34
1248.7,35
1248.9,26
1249.3,18
1250.0,13
1250.1,22
1250.1,5
1250.4,4
1251.8,1
1252.6,39
1252.7,8
1254.5,15
1254.5,38
1255.2,2
1256.5,33
1257.5,34
1257.6,18
1257.7,19
1258.9,32
1259.5,1
1259.9,35
1260.3,27
1261.3,8
1261.3,10
1261.6,23
1261.7,20
1262.1,30
1262.2,14
1262.9,7
1262.9,12
1263.4,31
1264.5,5
1264.6,16
1265.0,29
1265.3,17
1265.4,13
1265.5,26
1265.8,9
1265.9,1
1266.1,38
1266.1,4
1267.2,18
1267.8,32
1269.7,34
1270.3,28
1271.8,36
1272.0,33
1273.2,14
1273.5,2
1273.6,21
1274.0,8
1274.8,3
1275.5,23
1276.0,1
1276.2,34
1276.3,17
1276.3,39
1276.7,24
1277.1,38
1277.5,9
1277.7,5
1277.7,12
1277.9,13
1279.2,27
1279.4,19
1279.6,29
1280.1,18
1280.1,35
1281.4,32
1282.7,4
1282.8,15
1283.8,26
1284.4,33
1285.0,16
1285.1,34
1285.9,10
1287.1,1
1287.2,38
1288.2,0
1288.5,8
1288.7,19
1288.7,23
1289.0,30
1289.2,28
1289.7,18
1289.9,14
1290.0,39
1291.1,13
1291.3,31
1292.1,5
1292.5,3
1293.1,1
1293.4,9
1294.3,32
1294.6,27
1294.6,35
1295.1,22
1295.3,34
1295.5,38
1295.8,36
1296.5,2
1297.4,11
1297.9,37
1298.1,17
1298.5,26
1298.5,33
1298.7,12
1299.9,25
1300.0,8
1300.4,14
1300.9,28
1302.1,29
1302.4,4
1302.5,13
1303.3,18
1303.7,1
1303.8,5
1304.8,23
1305.1,38
1305.4,32
1305.7,34
1306.2,9
1306.3,10
1306.5,20
1306.7,16
1306.8,21
1306.8,39
1307.0,7
1307.5,31
1308.2,35
1308.5,8
1309.2,19
1309.9,13
1309.9,18
1310.0,15
1310.0,30
1310.5,14
1310.6,1
1311.6,32
1313.1,0
1313.1,26
1314.1,3
1314.6,12
1315.4,28
1315.7,23
1316.2,13
1316.4,34
1316.4,38
1319.0,27
1319.3,1
1319.8,19
1319.9,4
1320.9,5
1321.9,10
1322.2,22
1322.5,30
1322.7,9
1323.3,18
1323.7,14
1323.7,24
1323.8,32
1324.1,3
1324.1,29
1324.4,2
1324.5,12
1324.6,31
1324.7,26
1324.7,39
1325.0,8
1325.3,37
1325.6,33
1326.0,27
1326.5,13
1326.6,35
1326.7,17
1326.7,34
1326.9,28
1327.4,1
1328.6,16
1328.6,38
1329.5,21
1332.1,5
1333.5,34
1334.1,1
1334.9,36
1335.2,8
1335.4,18
1336.9,19
1337.2,23
1337.3,10
1337.8,5
1338.2,14
1338.2,32
1339.6,4
1340.1,29
1340.5,1
1340.5,13
1341.2,2
1342.1,26
1342.4,38
1342.5,27
1342.7,20
1342.8,22
1342.9,0
1343.4,34
1343.8,31
1344.5,9
1344.9,35
1345.4,12
1345.4,39
1346.3,8
1346.4,33
1346.5,18
1348.0,17
1348.1,15
1348.2,28
1348.9,16
1349.7,30
1350.3,23
1350.4,38
1351.6,1
1351.6,5
1352.9,13
1353.2,14
1353.3,37
1353.7,4
1354.8,3
1355.2,18
1355.3,34
1355.5,19
1355.8,32
1356.8,9
1357.0,36
1357.1,35
1357.4,8
1357.7,29
1358.5,2
1359.5,17
1359.5,26
1359.7,13
1359.9,21
1360.3,1
1360.4,31
1360.9,12
1361.4,7
1361.5,24
1362.1,34
1363.9,19
1363.9,23
1364.0,38
1364.5,28
1364.7,5
1365.8,8
1365.8,14
1366.3,18
1367.0,27
1367.0,30
1367.6,33
1368.0,4
1368.3,16
1368.5,13
1369.2,3
1369.8,39
1370.9,32
1372.1,37
1372.3,1
1372.7,22
1373.4,17
1373.6,29
1374.7,36
1375.0,10
1375.1,9
1375.3,31
1375.7,34
1375.8,18
1376.1,8
1376.1,38
1376.2,12
1377.8,28
1377.9,23
1378.5,2
1378.5,16
1378.7,15
1379.2,19
1379.8,4
1379.8,26
1380.5,13
1380.9,14
1381.4,1
1381.7,21
1381.8,37
1381.9,35
1383.3,5
1383.8,29
1385.8,8
1386.7,38
1387.3,7
1388.3,27
1388.4,18
1388.5,32
1388.6,12
1388.8,30
1389.1,33
1389.7,9
1390.1,34
1390.3,26
1390.5,17
1390.9,1
1391.1,0
1391.3,3
1391.4,11
1391.6,13
1392.0,5
1392.0,23
1392.0,25
1392.0,28
1392.6,14
1394.5,8
1395.2,38
1397.2,15
1398.1,24
1398.3,16
1398.7,4
1398.7,21
1398.8,1
1398.9,18
1399.4,19
1399.6,13
1399.8,10
1399.9,27
1400.0,2
1400.0,31
1400.1,35
1400.7,32
1400.8,14
1400.8,17
1400.8,36
1401.0,39
1401.6,34
1401.8,8
1402.0,29
1404.1,37
1405.1,23
1405.4,5
1405.5,20
1406.1,12
1406.7,1
1408.1,38
1408.2,3
1409.2,9
1409.4,14
1410.0,32
1411.6,4
1411.8,13
1412.2,18
1412.7,28
1412.7,34
1413.5,22
1413.5,33
1413.7,26
1414.0,1
1414.3,35
1415.0,5
1415.8,8
1415.9,30
1416.1,31
1417.6,15
1417.9,29
1418.2,23
1418.3,38
1418.5,7
1418.6,12
1420.1,2
1420.7,13
1421.2,27
1421.9,19
1422.2,18
1422.5,36
1422.8,9
1423.4,14
1425.0,28
1425.3,34
1425.4,32
1426.0,10
1426.3,8
1426.4,1
1427.6,17
1428.0,26
1428.9,31
1429.9,3
1430.0,5
1430.4,33
1430.4,39
1431.1,38
1431.8,29
1432.2,12
1432.5,18
1432.6,14
1432.8,23
1433.0,13
1433.2,27
1433.3,35
1433.4,4
1433.6,2
1434.4,22
1434.5,34
1434.8,1
1434.8,37
1435.2,8
1435.2,24
1438.0,9
1438.8,19
1439.1,32
1440.2,28
1440.3,16
1440.5,0
1440.7,20
1440.8,21
1441.1,5
1441.1,33
1441.7,15
1442.8,14
1445.0,36
1445.1,29
1445.2,8
1445.4,10
1445.4,26
1445.7,13
1446.0,30
1446.5,18
1446.5,39
1446.6,1
1446.7,34
1446.8,35
1446.8,38
1447.4,5
1447.7,2
1448.0,4
1448.2,23
1453.1,3
1453.1,31
1454.1,12
1454.1,16
1454.3,1
1454.4,32
1455.0,13
1455.2,9
1455.7,11
1455.7,27
1455.7,38
1456.3,4
1456.3,19
1456.3,28
1456.8,17
1457.2,14
1457.9,34
1458.6,18
1459.2,26
1460.8,8
1461.5,15
1461.9,37
1463.4,33
1463.7,22
1465.4,13
1465.8,10
1466.0,30
1466.2,5
1466.9,1
1466.9,23
1466.9,29
1467.1,32
1468.0,35
1468.0,2
1468.2,4
1468.2,21
1468.5,8
1468.5,31
1468.5,38
1468.6,36
1468.8,34
1469.0,14
1469.0,19
1469.2,18
1469.3,9
1469.3,24
1471.9,1
1473.4,3
1473.8,13
1474.2,15
1474.3,27
1474.5,12
1476.3,7
1476.3,26
1477.2,28
1478.0,38
1479.0,17
1479.1,25
1479.4,8
1479.8,39
1480.0,29
1480.3,16
1480.5,23
1480.8,1
1480.8,9
1480.8,14
1481.0,32
1481.5,4
1481.7,34
1481.8,35
1481.8,0
1482.1,5
1483.2,18
1484.3,13
1486.8,38
1487.3,37
1487.4,27
1487.8,19
1487.9,30
1488.3,1
1488.3,31
1490.5,12
1491.2,8
1491.2,34
1491.4,32
1491.7,18
1492.2,2
1492.5,14
1492.6,3
1492.8,33
1492.9,10
1493.0,36
1493.2,35
1494.6,4
1494.6,9
1494.9,21
1495.9,38
1496.2,13
1496.4,23
1497.4,29
1497.8,26
1498.5,1
1499.2,17
1499.4,16
1499.5,8
1499.9,31
1500.1,28
1500.3,15
1500.8,14
1501.8,32
1502.0,27
1502.4,5
1503.2,18
1503.6,3
1503.8,12
1504.2,13
1504.4,39
1504.5,37
1504.6,1
1504.8,30
1504.8,34
1505.8,10
1505.8,19
1506.1,9
1508.5,38
1508.8,26
1509.7,23
1510.0,31
1510.2,8
1510.6,4
1510.6,20
1510.6,29
1510.6,35
1511.6,2
1511.7,21
1512.1,32
1512.3,1
1512.3,25
1514.9,34
1515.4,14
1516.6,27
1516.7,5
1516.7,13
1516.7,28
1516.7,38
1516.9,18
1517.1,33
1517.5,24
1518.1,10
1518.2,16
1518.8,17
1519.3,36
1520.1,8
1521.0,1
1521.6,37
1521.7,9
1522.0,12
1522.5,22
1522.5,30
1522.5,35
1523.3,31
1523.6,38
1524.1,26
1524.2,0
1524.4,34
1525.5,15
1525.8,13
1526.3,23
1526.9,14
1527.3,3
1527.4,2
1527.4,32
1527.6,29
1529.3,1
1529.5,8
1529.5,18
1530.7,19
1531.3,5
1531.5,28
1531.7,4
1532.3,21
1534.7,12
1535.4,10
1536.1,33
1536.8,16
1537.2,27
1537.7,23
1537.9,34
1538.2,13
1538.2,38
1538.4,9
1538.7,0
1538.8,26
1539.1,14
1539.3,35
1539.6,36
1539.8,1
1540.7,29
1541.4,5
1541.9,39
1542.7,25
1542.7,30
1542.8,31
1542.9,18
1543.3,8
1544.0,3
1544.0,19
1544.8,32
1544.9,34
1545.8,4
1546.2,28
1546.5,20
1548.1,17
1548.5,27
1548.6,23
1549.2,2
1549.3,22
1549.4,13
1549.6,9
1549.6,14
1549.8,12
1550.1,15
1550.2,24
1550.4,1
1551.0,35
1551.3,5
1551.4,38
1552.0,8
1552.6,18
1553.6,32
1555.5,26
1555.9,16
1556.8,1
1556.8,28
1557.1,33
1557.4,11
1557.7,34
1558.6,38
1558.7,31
1558.9,21
1559.9,27
1560.6,17
1560.6,10
1561.0,19
1561.1,5
1561.4,14
1562.0,13
1562.0,18
1562.1,4
1562.1,29
1563.5,36
1564.0,2
1564.0,9
1564.2,8
1564.4,23
1564.5,12
1564.6,22
1564.8,1
1565.1,39
1565.5,34
1568.0,31
1569.0,15
1569.8,3
1570.1,26
1570.2,18
1570.6,38
1570.7,35
1570.9,14
1571.2,37
1572.0,25
1572.5,32
1572.7,27
1572.8,7
1573.0,0
1573.7,4
1573.7,13
1574.2,5
1574.6,12
1575.0,8
1576.1,16
1576.7,34
1577.1,19
1577.1,23
1577.7,39
1577.9,2
1578.6,33
1578.6,1
1578.9,10
1579.1,21
1579.5,9
1579.9,17
1580.3,28
1580.4,18
1580.8,30
1580.8,32
1581.1,13
1582.0,5
1582.2,14
1582.7,38
1583.5,8
1583.7,34
1583.8,22
1584.9,35
1585.8,31
1586.9,1
1587.1,29
1588.4,4
1590.1,9
1590.7,3
1591.3,12
1591.6,27
1591.7,13
1591.8,23
1591.9,18
1592.1,38
1592.2,20
1592.5,26
1592.8,19
1593.7,8
1593.7,34
1594.8,1
1594.8,5
1595.3,32
1596.3,36
1596.8,14
1597.9,33
1598.8,16
1599.8,4
1599.9,28
1600.0,0
1600.1,10
1600.3,17
1600.4,27
1600.6,15
1600.9,34
1601.0,13
1601.4,18
1602.3,8
1602.4,29
1602.7,31
1603.8,26
1603.9,1
1603.9,35
1604.1,9
1604.1,12
1604.4,5
1605.6,38
1608.7,2
1609.0,32
1610.6,14
1610.6,34
1610.9,39
1612.3,8
1612.3,29
1612.6,1
1612.8,33
1612.9,38
1613.1,19
1613.3,3
1613.4,36
1613.7,35
1614.5,18
1614.6,13
1615.2,22
1615.2,28
1615.4,5
1615.6,27
1615.9,23
1615.9,37
1616.0,31
1617.5,9
1617.6,34
1617.7,10
1618.1,16
1618.7,4
1618.9,32
1619.9,15
1620.1,20
1620.4,11
1620.6,24
1621.4,14
1622.0,17
1622.0,30
1622.5,1
1623.3,26
1623.6,23
1624.1,12
1624.2,2
1624.2,33
1624.3,8
1624.8,3
1625.5,38
1626.3,13
1626.3,27
1626.5,18
1627.7,34
1628.5,39
1629.5,37
1629.6,32
1629.7,4
1630.2,5
1630.7,19
1630.9,9
1631.1,29
1633.4,1
1633.6,21
1633.8,7
1633.8,35
1634.1,31
1634.4,8
1634.7,14
1635.2,16
1636.7,10
1636.8,13
1637.9,36
1638.1,28
1638.2,12
1638.6,34
1639.2,38
1639.6,17
1639.7,2
1639.8,23
1639.9,19
1640.3,30
1640.3,32
1640.5,1
1641.6,14
1641.8,18
1643.0,4
1645.1,26
1645.3,8
1646.1,13
1646.3,9
1647.2,24
1647.5,33
1648.1,10
1648.4,35
1648.5,5
1649.3,31
1649.6,28
1650.3,1
1650.6,38
1650.9,18
1651.2,15
1652.4,23
1652.7,8
1652.7,22
1653.0,34
1653.2,3
1653.4,36
1654.2,14
1654.4,27
1654.4,29
1655.5,5
1655.7,17
1655.8,12
1655.9,2
1656.5,37
1656.6,32
1658.2,26
1658.6,39
1659.0,4
1660.0,38
1660.3,13
1661.3,35
1661.4,10
1661.7,21
1662.4,28
1662.5,1
1662.5,18
1663.0,31
1663.2,9
1663.4,30
1664.0,19
1664.6,23
1664.6,33
1664.7,8
1665.4,14
1665.4,34
1666.8,16
1667.3,29
1669.0,17
1670.8,32
1671.3,38
1672.2,1
1673.0,34
1673.2,24
1673.5,5
1673.6,18
1673.8,3
1674.1,4
1674.1,15
1674.3,2
1674.5,10
1674.5,26
1674.7,7
1674.8,12
1675.5,8
1675.9,27
1676.7,13
1676.7,20
1676.7,25
1677.1,23
1678.1,35
1678.9,38
1679.5,1
1679.5,29
1680.7,14
1681.8,34
1682.1,18
1682.2,26
1682.3,39
1682.4,36
1682.9,0
1683.0,32
1683.5,9
1683.5,17
1684.0,16
1684.2,30
1684.6,19
1685.8,31
1686.2,28
1687.2,13
1687.3,1
1687.5,5
1688.2,8
1688.6,23
1689.6,22
1690.0,38
1690.2,12
1690.4,34
1691.1,32
1691.6,27
1691.7,33
1691.8,3
1693.2,35
1693.4,14
1693.9,18
1693.9,21
1694.6,39
1695.0,26
1695.4,10
1695.4,9
1695.7,1
1696.2,8
1697.3,13
1697.5,2
1697.9,38
1698.0,34
1698.1,23
1698.4,29
1699.0,4
1699.8,37
1700.6,15
1702.8,5
1703.5,28
1704.0,16
1704.0,19
1704.0,31
1704.1,32
1704.2,1
1705.2,12
1705.6,17
1705.6,18
1706.1,3
1707.0,27
1707.2,36
1707.4,8
1707.4,33
1707.8,30
1708.3,24
1708.3,38
1708.5,14
1708.6,9
1708.8,34
1709.0,7
1709.0,13
1710.3,21
1710.7,22
1711.9,35
1712.5,23
1713.9,1
1714.5,26
1714.5,31
1714.8,28
1715.3,29
1716.8,11
1717.0,4
1717.2,5
1717.3,38
1717.4,22
1717.5,10
1718.7,12
1718.7,32
1719.4,18
1719.4,34
1719.8,8
1719.8,0
1719.8,19
1719.8,39
1720.7,9
1721.0,2
1721.2,13
1721.3,27
1723.3,1
1724.2,14
1724.7,23
1726.1,28
1726.4,35
1726.5,3
1726.7,17
1727.9,26
1728.0,38
1729.1,20
1729.7,15
1730.0,31
1730.1,18
1730.4,34
1730.7,32
1730.9,1
1731.0,36
1732.3,29
1732.5,10
1732.7,5
1732.7,27
1732.8,13
1734.1,9
1734.3,8
1734.9,12
1734.9,14
1734.9,16
1735.7,2
1735.7,39
1735.9,24
1735.9,37
1736.1,23
1736.3,33
1736.6,19
1736.6,30
1736.6,34
1737.6,18
1737.7,32
1738.0,4
1738.6,1
1738.9,17
1739.2,13
1739.3,28
1741.8,35
1742.0,38
1743.5,15
1743.7,3
1744.6,9
1745.3,26
1745.3,31
1746.7,34
1747.1,8
1747.3,18
1747.4,1
1749.0,21
1749.1,20
1750.1,17
1750.4,14
1751.0,33
1751.2,13
1751.3,29
1751.6,5
1751.8,4
1752.9,19
1753.0,9
1753.5,38
1754.1,32
1754.4,34
1754.6,16
1755.5,23
1755.6,28
1755.8,27
1756.0,1
1756.1,30
1756.4,12
1757.2,35
1757.4,18
1757.6,8
1757.8,10
1757.8,36
1758.2,2
1759.2,3
1759.2,26
1759.4,31
1760.8,14
1760.9,0
1760.9,39
1761.0,22
1762.0,1
1763.0,34
1763.7,23
1763.7,27
1765.6,5
1766.6,13
1766.7,24
1768.2,18
1768.2,38
1768.3,1
1768.8,16
1769.3,9
1769.4,4
1769.6,8
1769.8,29
1769.9,37
1770.4,12
1770.6,34
1771.3,32
1771.4,15
1772.1,14
1774.0,33
1775.1,26
1775.1,28
1775.5,19
1775.7,17
1776.5,38
1776.7,35
1777.1,9
1777.6,31
1777.9,1
1778.2,2
1778.2,13
1778.5,7
1778.6,8
1778.6,10
1780.7,27
1780.8,5
1780.8,23
1780.9,32
1781.5,18
1781.6,36
1781.7,0
1782.6,21
1782.6,34
1784.5,14
1785.0,1
1785.6,4
1785.7,22
1786.9,26
1787.7,8
1787.8,3
1787.8,38
1788.3,19
1788.4,13
1789.3,29
1789.4,9
1789.8,12
1790.0,34
1791.0,18
1792.6,27
1792.8,17
1793.3,31
1793.7,1
1793.9,32
1794.9,30
1795.4,39
1796.0,8
1796.0,33
1797.4,14
1797.5,16
1797.7,2
1797.7,26
1797.9,10
1798.0,19
1798.4,28
1799.1,23
1800.7,9
1800.9,38
1801.6,13
1801.9,5
1801.9,37
1802.0,34
1804.0,36
1804.2,12
1804.2,31
1804.4,29
1804.9,20
1804.9,35
1805.2,18
1805.5,1
1806.2,15
1806.3,0
1806.4,4
1806.5,8
1807.6,21
1807.9,13
1808.0,32
1808.2,17
1808.8,14
1809.2,34
1809.5,27
1809.6,38
1811.2,28
1813.7,1
1813.8,3
1814.5,19
1815.0,10
1815.2,23
1815.3,9
1816.2,5
1816.8,35
1816.9,26
1817.0,18
1817.2,33
1817.5,24
1818.2,8
1818.6,13
1819.0,2
1819.9,34
1820.4,17
1820.4,31
1820.7,27
1820.9,29
1821.0,25
1821.4,4
1821.9,14
1822.0,20
1822.2,18
1822.4,11
1823.1,32
1823.3,1
1824.1,30
1824.4,38
1825.8,13
1825.8,15
1825.9,35
1826.2,28
1826.3,12
1827.4,8
1828.0,34
1828.1,9
1828.1,22
1828.2,39
1828.3,26
1828.4,37
1828.6,7
1829.5,3
1829.9,19
1830.3,1
1831.9,23
1832.1,18
1833.9,29
1834.0,14
1834.3,16
1834.3,36
1834.4,5
1834.5,2
1836.3,30
1837.0,34
1837.3,38
1839.4,13
1839.8,17
1839.9,4
1840.0,27
1840.0,31
1840.0,32
1840.1,8
1841.3,3
1841.3,12
1841.8,10
1841.9,1
1842.8,26
1843.6,9
1843.7,18
1843.7,34
1844.1,33
1844.4,19
1845.0,38
1847.5,14
1848.4,15
1848.8,13
1849.5,2
1849.5,5
1849.7,35
1850.9,1
1851.1,23
1851.4,32
1851.9,26
1851.9,29
1852.0,12
1852.1,34
1852.2,18
1852.3,3
1852.4,17
1852.4,39
1852.6,8
1852.8,28
1853.2,9
1853.5,21
1854.1,4
1854.1,24
1854.2,7
1855.0,13
1855.0,16
1855.0,19
1855.3,36
1855.6,1
1855.7,30
1856.3,31
1857.5,14
1858.1,38
1858.2,33
1861.2,27
1861.7,5
1862.5,11
1863.3,18
1863.8,32
1863.8,37
1864.0,22
1864.0,34
1864.6,20
1865.1,26
1865.8,4
1865.8,8
1866.0,1
1866.0,10
1866.0,35
1866.1,3
1866.1,13
1866.3,31
1868.2,12
1868.8,2
1869.0,28
1869.2,16
1870.1,15
1870.7,38
1871.2,33
1871.9,29
1872.0,7
1872.4,1
1872.4,5
1872.8,18
1873.3,34
1874.4,17
1874.6,9
1876.0,19
1876.3,14
1877.0,8
1879.9,32
1880.0,27
1881.1,23
1881.5,28
1881.5,36
1881.7,26
1881.9,34
1882.5,38
1883.9,13
1884.1,24
1884.3,39
1884.4,5
1884.7,1
1885.1,16
1885.1,30
1885.6,4
1885.6,18
1885.6,29
1886.1,9
1886.2,0
1887.2,12
1887.2,15
1887.3,17
1888.2,8
1888.6,31
1889.4,34
1889.6,14
1890.4,10
1891.4,32
1891.9,38
1892.2,1
1892.7,3
1893.0,2
1894.0,13
1894.3,19
1894.6,23
1894.6,35
1895.1,18
1896.7,26
1897.3,8
1897.3,22
1897.3,37
1898.4,33
1899.4,27
1900.1,9
1900.6,1
1901.1,5
1901.2,14
1902.3,36
1902.5,4
1903.0,30
1903.1,21
1903.1,38
1903.3,28
1903.4,13
1903.8,32
1903.9,12
1904.9,34
1907.3,26
1907.7,3
1908.0,15
1908.1,1
1908.5,18
1908.5,29
1908.8,8
1909.1,0
1910.4,10
1911.7,31
1912.5,28
1912.6,34
1912.8,9
1913.0,20
1913.2,23
1913.3,35
1913.5,32
1913.7,16
1913.8,14
1914.1,12
1914.3,2
1914.5,38
1914.9,33
1914.9,27
1915.5,22
1915.7,1
1916.6,5
1916.8,17
1917.2,19
1918.7,4
1921.0,13
1921.2,3
1921.4,8
1922.6,18
1923.1,1
1923.4,26
1924.3,14
1924.6,38
1924.8,34
1925.3,12
1926.1,32
1926.3,21
1926.4,31
1926.7,29
1926.8,10
1927.4,9
1928.7,5
1929.0,7
1929.4,4
1929.7,37
1929.8,27
1929.9,19
1930.8,23
1931.6,13
1933.0,8
1933.5,18
1934.3,39
1934.4,17
1934.5,33
1935.1,1
1935.3,28
1935.9,15
1936.9,3
1937.1,34
1937.7,2
1937.8,16
1937.9,32
1938.9,14
1939.0,38
1939.1,35
1940.0,12
1940.0,31
1940.7,27
1940.9,8
1940.9,9
1942.1,23
1942.2,1
1942.3,13
1942.5,26
1943.0,36
1943.1,24
1944.7,29
1945.4,18
1945.7,5
1945.9,19
1946.2,37
1947.2,38
1947.9,30
1948.2,32
1949.1,34
1949.3,12
1949.7,28
1949.8,21
1949.9,8
1950.4,13
1951.8,22
1952.9,26
1953.5,1
1954.9,9
1955.3,4
1955.7,14
1955.7,33
1956.4,10
1956.4,18
1957.5,2
1957.6,31
1957.8,3
1958.1,34
1958.9,8
1959.1,19
1959.6,17
1959.6,35
1959.7,15
1960.2,32
1960.2,38
1960.9,27
1961.4,5
1961.7,1
1962.5,28
1963.3,23
1963.7,0
1963.9,29
1964.2,13
1964.6,12
1965.4,30
1966.2,24
1966.4,16
1966.4,18
1966.6,9
1967.7,34
1968.1,14
1968.3,1
1968.6,8
1970.5,36
1971.9,21
1972.3,27
1972.9,26
1972.9,39
1973.0,19
1973.1,18
1973.4,13
1973.5,23
1973.7,4
1974.1,20
1974.1,32
1974.4,3
1974.6,10
1974.7,38
1975.6,12
1975.7,8
1976.2,29
1976.8,14
1977.4,5
1977.4,34
1978.2,2
1978.4,30
1978.6,28
1978.8,17
1979.5,1
1979.6,35
1981.1,33
1981.7,38
1982.5,9
1982.9,13
1983.2,10
1983.2,18
1983.2,27
1984.5,23
1984.6,16
1984.7,26
1985.2,31
1986.3,12
1986.4,8
1987.0,37
1987.1,32
1987.7,34
1987.7,36
1987.8,19
1988.0,14
1988.5,1
1989.9,38
1991.0,9
1992.2,5
1992.8,33
1993.0,4
1993.7,39
1995.3,15
1995.3,29
1995.7,8
1996.0,24
1996.4,18
1996.6,26
1996.7,34
1997.0,28
1997.4,13
1997.5,27
1997.7,20
1997.8,1
1998.3,35
2000.2,32
2000.8,17
2000.8,23
2000.9,11
2001.6,38
2002.1,16
2002.3,31
2002.8,14
2003.0,10
2003.0,18
2003.6,3
2003.8,13
2003.9,1
2004.1,9
2004.7,12
2005.1,19
2006.6,8
2007.4,28
2007.7,22
2007.9,2
2009.2,30
2009.6,4
2009.6,34
2009.9,5
2010.1,38
2010.3,37
2011.2,1
2011.3,29
2011.9,23
2013.1,32
2013.4,17
2013.7,33
2013.8,36
2015.0,26
2015.2,18
2015.9,14
2016.3,27
2016.9,35
2018.4,7
2019.1,13
2019.2,31
2019.4,3
2019.6,8
2020.1,0
2020.1,19
2021.5,1
2022.0,28
2022.3,39
2023.2,10
2023.2,34
2023.8,12
2024.7,5
2025.0,9
2025.4,38
2025.5,24
2025.5,32
2025.6,14
2025.7,4
2026.0,2
2026.0,18
2026.1,11
2026.2,30
2026.8,23
2027.0,15
2027.2,17
2027.4,21
2028.4,29
2028.7,27
2029.7,1
2029.7,8
2030.1,19
2030.2,34
2030.2,35
2031.4,37
2031.7,13
2033.5,0
2034.7,5
2035.2,18
2035.9,28
2036.1,26
2036.3,20
2036.9,38
2037.7,4
2037.7,32
2038.3,16
2038.4,1
2038.4,33
2038.6,17
2038.9,14
2039.0,12
2039.7,34
2039.9,8
2040.6,9
2041.2,27
2041.5,36
2042.8,10
2043.8,23
2044.1,13
2044.5,31
2045.3,1
2046.2,14
2046.2,22
2046.4,29
2046.7,19
2046.8,3
2048.5,2
2048.8,8
2049.1,34
2049.4,5
2049.7,26
2049.8,38
2050.0,18
2051.2,9
2052.1,35
2052.1,39
2053.0,12
2053.1,1
2053.1,4
2054.5,32
2056.5,31
2057.8,13
2058.0,23
2058.2,28
2058.5,37
2060.3,18
2060.5,26
2060.6,36
2061.6,3
2061.6,10
2061.7,15
2061.7,30
2061.9,17
2061.9,27
2062.3,34
2063.6,8
2063.9,19
2064.1,1
2064.1,14
2064.6,5
2065.5,13
2065.5,38
2065.8,9
2069.1,16
2069.1,21
2069.5,29
2069.5,32
2070.7,33
2070.8,4
2070.8,8
2070.9,1
2072.8,18
2073.0,14
2073.8,39
2073.9,23
2075.0,12
2075.3,35
2075.6,7
2075.6,13
2075.8,2
2075.9,34
2076.0,28
2076.1,38
2076.4,27
2076.4,32
2076.8,26
2078.0,30
2078.1,20
2078.2,5
2078.8,1
2079.0,9
2079.1,31
2080.4,19
2081.1,0
2082.5,33
2082.9,29
2083.5,8
2084.0,14
2084.3,3
2085.1,4
2085.4,37
2085.8,34
2085.8,36
2086.5,27
2086.8,18
2087.0,24
2087.2,1
2087.6,38
2087.9,17
2088.1,12
2088.4,13
2088.7,22
2088.7,21
2089.6,32
2089.9,5
2091.6,23
2091.6,26
2091.6,9
2092.1,8
2095.0,10
2095.1,2
2095.2,4
2095.3,3
2095.7,28
2095.7,31
2095.8,1
2096.1,35
2096.5,14
2097.1,15
2097.1,34
2098.0,12
2098.2,19
2098.6,27
2098.7,39
2099.1,9
2099.1,18
2099.8,36
2099.8,38
2100.1,16
2101.5,13
2102.4,29
2102.9,26
2103.3,30
2104.2,5
2104.7,8
2105.2,33
2105.3,23
2105.5,4
2106.1,1
2106.9,14
2108.1,34
2108.7,13
2108.7,32
2109.1,18
2109.9,10
2109.9,28
2110.8,22
2110.8,38
2112.4,17
2113.4,37
2113.9,19
2114.1,3
2114.1,8
2114.6,16
2114.6,15
2115.0,35
2115.5,31
2117.2,5
2117.4,20
2117.5,1
2118.4,12
2118.9,33
2119.4,2
2119.7,14
2119.7,36
2120.3,34
2120.6,9
2120.7,29
2121.6,13
2121.6,27
2122.4,26
2122.4,32
2123.1,0
2123.2,8
2123.2,28
2123.5,18
2123.6,23
2123.8,4
2124.0,24
2124.9,11
2125.6,38
2126.3,21
2126.7,1
2128.0,31
2128.3,3
2128.3,10
2128.6,19
2129.6,5
2129.7,14
2129.7,29
2129.7,34
2129.7,35
2129.9,15
2132.7,1
2132.7,32
2132.9,8
2134.2,12
2134.5,13
2134.9,17
2135.6,9
2135.6,38
2136.2,36
2137.2,18
2137.3,2
2137.8,23
2138.9,33
2140.8,28
2142.6,8
2142.6,30
2143.4,27
2144.5,35
2144.8,31
2145.3,1
2145.3,4
2145.3,14
2145.3,19
2145.6,3
2145.9,34
2146.1,32
2146.3,13
2146.3,16
2146.3,39
2146.4,9
2146.7,10
2146.7,38
2146.9,5
2148.5,26
2148.8,29
2149.1,12
2149.2,18
2150.5,15
2153.0,17
2153.2,8
2154.4,1
2154.4,23
2154.6,28
2155.0,20
2156.9,34
2157.0,16
2157.3,5
2157.3,18
2157.7,38
2157.9,14
2158.7,22
2158.8,32
2159.1,4
2159.1,21
2159.5,13
2159.5,19
2160.4,33
2160.6,9
2160.9,2
2160.9,23
2161.6,8
2162.3,27
2162.5,29
2162.6,31
2163.1,26
2164.0,1
2164.4,30
2164.9,0
2165.6,28
2165.8,35
2167.3,34
2168.3,14
2168.7,10
2169.2,36
2170.0,11
2170.1,3
2170.3,39
2170.9,32
2171.0,18
2171.0,38
2171.2,8
2172.0,25
2172.2,9
2172.3,7
2172.4,1
2172.6,12
2173.1,27
2173.3,33
2174.1,37
2174.7,29
2175.0,17
2175.2,26
2176.1,19
2176.2,16
2176.2,5
2176.4,4
2176.6,15
2176.7,13
2176.8,28
2176.9,23
2177.9,8
2179.1,14
2180.4,34
2181.0,18
2181.2,31
2182.0,27
2182.3,32
2182.5,1
2182.8,38
2184.6,22
2184.9,29
2185.1,3
2185.8,26
2185.8,35
2186.8,8
2187.7,30
2188.1,36
2188.9,5
2189.6,28
2189.7,19
2189.9,34
2190.2,12
2190.7,18
2190.7,23
2191.8,33
2192.0,14
2192.1,4
2192.2,2
2192.2,38
2192.9,9
2193.1,13
2193.2,10
2193.9,1
2195.4,32
2195.7,8
2197.2,17
2198.3,24
2198.7,34
2199.1,15
2199.4,39
2199.6,0
2199.6,18
2200.5,31
2201.1,26
2201.3,3
2202.1,21
2202.1,1
2202.3,9
2202.5,27
2202.7,38
2202.8,29
2203.8,19
2203.8,23
2204.0,35
2205.3,5
2205.5,34
2205.8,8
2206.1,28
2206.7,13
2208.0,36
2210.0,2
2210.3,4
2210.3,32
2210.5,1
2210.5,14
2210.5,18
2211.2,12
2211.7,11
2212.1,38
2212.6,26
2212.7,17
2212.7,22
2213.1,33
2213.7,31
2214.3,16
2215.1,29
2215.7,28
2215.8,5
2216.3,7
2216.4,10
2216.6,8
2217.0,39
2217.2,13
2217.5,9
2218.1,23
2218.5,27
2219.4,35
2220.4,34
2220.9,1
2221.2,14
2222.6,38
2224.1,31
2224.2,2
2224.6,30
2225.5,19
2225.6,20
2226.1,36
2226.4,18
2226.5,12
2226.5,15
2226.5,32
2226.9,23
2227.0,26
2227.2,3
2227.3,0
2227.9,21
2227.9,34
2228.1,13
2228.2,1
2228.2,29
2229.1,5
2229.5,8
2231.9,39
2232.3,28
2232.4,38
2233.4,14
2235.1,4
2235.1,17
2235.2,1
2235.4,9
2235.4,10
2235.4,27
2235.5,35
2235.6,33
2235.7,18
2235.8,26
2236.6,31
2237.0,19
2237.6,16
2237.9,13
2239.6,36
2239.9,34
2240.3,5
2240.6,32
2241.6,22
2241.9,29
2242.1,8
2242.2,7
2242.2,15
2242.2,23
2242.4,25
2243.4,3
2244.0,1
2244.0,38
2245.2,12
2247.5,14
2247.5,18
2247.7,26
2247.9,2
2248.2,24
2248.3,9
2248.3,13
2249.4,28
2250.0,30
2250.3,4
2250.6,34
2250.7,39
2252.4,1
2252.6,35
2253.1,8
2253.1,16
2253.3,29
2253.7,17
2254.7,5
2255.2,38
2255.3,33
2256.0,19
2257.0,10
2257.5,21
2257.6,31
2258.5,23
2258.5,27
2258.7,37
2259.1,32
2259.4,0
2259.4,14
2259.5,18
2260.6,12
2260.8,39
2260.8,13
2261.0,30
2261.7,34
2262.5,1
2264.6,38
2265.7,15
2266.4,28
2266.7,35
2266.8,3
2266.8,8
2267.3,36
2267.7,22
2267.9,9
2268.0,26
2268.5,4
2269.2,29
2269.6,18
2269.6,31
2269.8,2
2269.9,1
2270.0,34
2271.3,17
2271.4,14
2271.6,21
2271.7,5
2272.2,19
2273.0,27
2273.9,33
2274.2,8
2274.7,13
2274.9,32
2274.9,38
2276.2,30
2276.8,11
2277.6,1
2277.9,23
2280.4,10
2280.8,35
2281.0,26
2281.6,14
2281.7,34
2282.1,15
2282.3,7
2282.3,28
2282.6,19
2283.3,38
2283.5,36
2284.0,1
2284.0,12
2284.0,37
2284.1,18
2284.7,4
2286.7,17
2288.1,5
2288.4,29
2288.8,27
2289.8,8
2290.2,13
2290.4,14
2292.4,32
2293.4,9
2293.5,34
2293.6,39
2294.4,1
2294.5,31
2294.7,23
2294.8,18
2295.4,0
2295.5,33
2295.8,2
2296.0,16
2296.0,28
2296.5,38
2296.9,30
2297.1,12
2300.0,35
2300.8,19
2301.5,1
2301.5,8
2303.0,13
2303.0,23
2303.2,3
2303.2,26
2304.0,32
2304.5,36
2304.8,34
2305.0,4
2305.0,9
2305.7,14
2305.8,27
2306.3,5
2306.5,29
2307.3,22
2307.9,10
2308.6,38
2308.7,18
2308.7,37
2309.1,8
2310.2,33
2310.7,1
2310.8,17
2312.0,31
2313.3,30
2313.4,28
2313.8,13
2313.8,34
2314.6,2
2314.6,12
2315.8,21
2316.0,35
2316.2,19
2316.2,24
2317.6,27
2318.0,23
2318.8,5
2319.3,18
2319.4,1
2319.8,32
2320.7,14
2320.8,29
2321.0,9
2321.6,38
2321.9,13
2321.9,15
2322.1,8
2322.4,34
2325.7,4
2327.1,31
2327.3,26
2327.8,33
2327.8,35
2328.0,0
2328.3,16
2329.4,3
2330.1,1
2330.2,34
2330.4,2
2330.4,19
2330.5,20
2330.9,18
2331.0,10
2331.0,36
2331.1,17
2331.3,38
2331.9,12
2332.6,27
2332.9,5
2332.9,32
2333.2,14
2333.4,7
2333.7,8
2333.9,28
2334.7,13
2334.7,23
2334.7,30
2335.0,26
2335.5,29
2336.3,9
2337.5,15
2338.6,38
2339.2,34
2339.8,1
2340.3,39
2341.6,32
2341.8,22
2342.0,31
2342.6,18
2342.7,3
2342.8,23
2343.8,27
2343.8,37
2344.1,19
2344.5,4
2344.5,14
2345.6,8
2346.5,29
2347.5,10
2347.5,11
2347.9,1
2348.2,12
2348.8,13
2348.9,28
2350.3,9
2350.3,18
2350.9,5
2352.0,33
2352.1,26
2352.2,34
2352.2,38
2352.9,35
2353.1,14
2353.1,16
2353.5,2
2354.4,13
2354.8,17
2356.0,36
2356.1,1
2356.4,24
2356.8,18
2358.1,22
2358.9,32
2359.4,12
2359.4,15
2360.1,31
2361.1,10
2361.3,3
2361.3,27
2361.4,14
2361.4,4
2361.6,19
2361.6,38
2361.9,23
2362.1,8
2362.4,21
2362.8,35
2364.6,18
2364.6,28
2364.9,1
2365.0,0
2365.5,5
2368.5,29
2368.8,13
2369.1,34
2370.5,2
2370.6,26
2371.3,9
2372.0,8
2372.7,16
2374.1,32
2374.2,30
2374.2,37
2374.5,20
2374.5,34
2374.6,1
2374.9,31
2375.0,38
2375.3,39
2375.3,18
2375.3,23
2375.3,27
2375.5,17
2375.5,19
2375.6,12
2375.7,33
2375.8,10
2376.0,3
2376.1,35
2376.1,36
2377.1,14
2377.2,5
2379.1,13
2380.2,9
2380.4,26
2382.1,1
2382.1,29
2383.2,8
2383.5,15
2383.8,16
2383.9,21
2384.1,7
2384.1,23
2384.7,0
2384.7,28
2384.9,4
2384.9,36
2385.2,38
2385.6,2
2386.1,34
2386.5,17
2386.5,22
2387.0,12
2387.3,27
2387.5,18
2387.9,13
2388.3,14
2391.3,5
2391.5,32
2391.7,1
2392.1,19
2392.1,39
2392.9,8
2393.1,3
2393.3,33
2393.6,10
2393.6,24
2394.0,9
2394.6,27
2394.6,31
2395.0,35
2395.4,14
2395.5,30
2396.5,29
2396.9,15
2397.0,16
2397.0,38
2397.8,34
2397.9,18
2400.0,11
2400.4,13
2400.4,26
2400.5,1
2401.2,23
2402.8,28
2403.7,2
2403.8,32
2404.5,12
2404.9,14
2406.2,4
2406.3,8
2406.6,19
2406.8,21
2406.8,34
2407.1,37
2408.5,1
2408.7,5
2409.1,38
2409.3,18
2409.3,20
2409.6,17
2409.8,27
2409.8,36
2411.2,13
2411.2,35
2411.4,31
2412.6,32
2413.4,23
2414.9,33
2415.8,22
2416.0,14
2416.2,26
2416.3,1
2416.5,28
2416.5,29
2417.2,34
2417.3,16
2417.5,3
2417.6,7
2418.3,12
2419.0,8
2419.0,10
2419.0,38
2419.1,4
2419.2,19
2419.3,9
2419.4,18
2419.4,30
2421.6,15
2422.9,13
2423.7,1
2423.8,5
2423.9,31
2425.2,32
2425.4,2
2426.5,23
2427.0,38
2427.1,26
2429.5,14
2430.2,35
2430.5,18
2430.9,8
2431.0,27
2431.0,34
2431.2,13
2431.4,0
2431.4,9
2432.6,19
2432.8,10
2433.1,28
2433.5,1
2434.8,31
2435.0,4
2435.1,17
2435.4,29
2435.8,33
2436.1,39
2436.5,22
2438.1,3
2438.5,8
2438.8,13
2439.0,6
2439.2,12
2440.4,34
2440.8,38
2441.1,11
2441.2,2
2441.2,15
2441.9,1
2441.9,36
2442.0,16
2442.2,23
2442.9,32
2443.4,5
2443.5,26
2444.1,18
2445.7,14
2445.8,29
2446.7,20
2447.1,4
2447.6,10
2447.9,19
2448.1,1
2448.2,9
2448.3,27
2448.7,30
2448.9,34
2449.3,37
2451.0,8
2451.3,13
2451.3,17
2451.3,35
2453.2,38
2453.6,33
2453.9,5
2454.7,2
2454.7,12
2455.0,21
2455.2,28
2455.5,26
2455.8,7
2455.9,18
2455.9,23
2456.1,3
2456.4,22
2456.5,14
2456.5,31
2456.7,32
2457.0,27
2457.2,36
2459.1,39
2459.8,34
2461.0,1
2462.6,4
2462.6,38
2462.8,15
2462.9,9
2463.5,19
2463.7,13
2464.0,8
2464.5,16
2465.2,23
2465.5,31
2465.9,18
2466.2,35
2467.8,14
2468.1,29
2468.8,32
2469.6,12
2469.8,1
2470.3,34
2471.0,28
2471.1,26
2471.6,25
2471.8,8
2472.2,17
2472.3,13
2472.9,36
2473.2,21
2473.2,39
2473.7,24
2474.4,0
2474.8,4
2474.9,5
2475.0,33
2475.2,18
2475.7,38
2476.3,9
2477.2,27
2478.4,1
2478.8,30
2480.0,3
2480.1,22
2481.1,8
2481.4,13
2481.5,2
2481.7,10
2482.4,19
2482.4,31
2482.4,32
2482.4,34
2482.6,20
2482.6,37
2484.9,38
2485.3,17
2485.5,14
2487.0,1
2487.1,35
2487.5,23
2487.5,28
2487.6,29
2487.8,5
2487.9,26
2489.0,16
2489.1,4
2489.3,9
2489.4,12
2490.5,18
2491.3,34
2492.3,8
2493.6,15
2493.9,36
2494.2,13
2495.0,33
2495.4,1
2495.6,19
2496.6,3
2496.6,10
2497.1,14
2497.3,27
2497.3,32
2497.4,35
2497.6,38
2498.0,30
2499.0,18
2499.8,7
2500.1,2
2500.8,21
2501.0,39
2501.2,26
2501.4,5
2501.7,34
2501.8,12
2503.0,8
2503.6,31
2504.3,13
2504.6,4
2504.6,19
2505.8,24
2506.4,23
2507.0,17
2507.4,22
2507.4,37
2507.7,1
2507.9,14
2507.9,35
2508.3,9
2508.3,32
2509.1,28
2509.2,20
2509.4,18
2509.4,39
2510.2,34
2510.5,33
2510.8,16
2512.3,5
2512.7,38
2513.3,0
2514.4,15
2515.1,1
2515.1,8
2515.6,4
2516.1,14
2516.5,13
2516.6,27
2516.7,29
2517.1,10
2518.2,9
2518.3,26
2520.1,17
2520.1,35
2520.6,5
2520.6,34
2521.2,18
2521.4,32
2521.7,19
2521.9,1
2521.9,31
2522.1,8
2522.2,3
2522.2,12
2522.8,38
2523.4,23
2525.8,2
2527.3,24
2527.5,13
2527.7,36
2527.9,33
2528.4,4
2528.7,26
2528.9,28
2530.2,39
2530.3,9
2530.3,14
2530.5,1
2532.3,34
2533.7,22
2533.8,8
2534.0,38
2534.1,5
2534.1,27
2535.3,18
2535.6,12
2536.2,29
2536.3,10
2536.7,17
2537.2,14
2537.4,13
2538.7,1
2539.0,32
2539.6,30
2539.7,23
2540.6,19
2540.8,31
2541.5,26
2541.8,15
2541.8,38
2542.1,4
2542.3,36
2543.8,8
2543.9,9
2545.0,3
2545.3,34
2546.2,5
2546.3,16
2546.6,20
2546.6,35
2546.9,13
2548.1,28
2548.2,27
2548.3,18
2549.4,1
2550.5,2
2551.7,32
2551.8,33
2552.3,38
2552.4,17
2552.5,12
2553.3,29
2553.3,34
2553.6,37
2554.7,10
2555.0,26
2555.2,8
2555.4,14
2555.5,19
2555.6,15
2555.8,13
2555.9,21
2556.6,39
2557.7,23
2558.1,1
2558.2,31
2558.4,4
2559.3,9
2559.6,27
2559.6,38
2559.9,5
2561.0,28
2561.1,18
2562.0,32
2562.7,35
2563.7,8
2563.7,36
2564.5,14
2564.9,3
2565.3,12
2566.3,13
2566.4,26
2566.7,1
2566.9,34
2567.0,30
2567.5,17
2569.2,38
2569.3,10
2569.3,23
2569.6,22
2569.7,29
2569.8,16
2570.1,0
2570.6,2
2572.7,5
2573.3,31
2573.6,4
2574.2,18
2575.0,32
2575.5,13
2575.5,15
2575.8,9
2575.9,14
2575.9,19
2576.3,27
2576.3,33
2577.1,34
2577.8,8
2577.8,23
2577.9,1
2578.8,28
2580.8,20
2581.1,26
2583.5,18
2584.8,10
2585.0,13
2585.3,1
2585.5,5
2585.5,38
2585.6,32
2586.6,17
2586.7,12
2586.8,30
2586.9,33
2586.9,35
2587.6,9
2587.9,8
2588.2,34
2588.7,3
2589.7,4
2590.1,14
2591.0,23
2591.0,36
2591.6,31
2592.1,2
2592.2,37
2592.7,27
2592.7,29
2593.1,39
2593.3,28
2593.9,26
2594.3,1
2594.3,34
2594.8,19
2597.3,18
2598.2,16
2598.9,5
2599.2,32
2599.6,8
2599.8,24
2599.9,38
2600.7,10
2600.7,13
2600.9,1
2602.2,29
2602.7,15
2603.6,22
2604.2,33
2604.4,28
2604.6,26
2604.9,34
2605.1,21
2605.3,4
2606.0,18
2606.1,30
2606.8,0
2606.8,9
2606.8,14
2606.8,35
2606.9,3
2608.1,1
2608.1,8
2608.3,17
2608.4,12
2608.4,19
2608.9,23
2609.2,13
2609.7,31
2609.9,38
2610.0,32
2612.1,39
2612.2,34
2612.8,5
2615.8,1
2615.8,29
2615.9,2
2615.9,27
2617.2,10
2617.5,8
2617.9,19
2618.1,18
2618.7,15
2619.2,14
2619.8,13
2620.2,26
2620.5,23
2620.9,38
2621.3,36
2621.8,28
2621.9,33
2622.0,35
2622.3,24
2622.9,9
2623.1,5
2623.5,34
2623.6,32
2623.8,4
2624.1,1
2624.7,31
2625.3,8
2626.5,18
2626.7,16
2627.1,38
2628.2,37
2628.4,12
2629.2,14
2629.9,10
2630.8,29
2630.9,35
2631.1,17
2631.2,13
2631.4,27
2632.1,30
2632.2,1
2632.5,3
2632.9,26
2633.5,25
2635.3,15
2635.8,21
2636.6,9
2636.8,5
2637.0,39
2637.5,2
2637.8,19
2638.2,4
2638.2,8
2638.2,18
2638.2,34
2638.2,38
2638.4,22
2639.3,14
2639.3,28
2639.6,23
2640.8,7
2641.5,26
2641.5,31
2641.9,17
2641.9,27
2642.5,33
2642.8,32
2644.5,13
2644.5,29
2644.7,1
2645.3,8
2647.3,3
2647.8,34
2648.7,12
2649.1,10
2649.3,5
2650.4,9
2650.4,21
2650.4,36
2651.0,18
2651.6,14
2651.7,38
2652.3,1
2652.6,28
2652.7,35
2653.0,23
2653.2,13
2653.2,15
2653.3,4
2654.0,30
2654.2,8
2656.2,19
2656.6,31
2656.6,32
2656.9,26
2657.5,20
2658.4,27
2659.0,16
2660.1,29
2660.7,38
2660.9,37
2661.0,1
2661.0,34
2661.1,5
2661.2,33
2661.9,3
2661.9,18
2662.5,22
2662.9,30
2663.0,24
2663.1,2
2663.2,23
2664.4,12
2664.7,39
2665.6,9
2665.6,13
2666.0,27
2666.1,8
2666.9,14
2666.9,17
2667.7,4
2668.2,28
2669.2,32
2669.3,1
2670.5,11
2670.6,10
2670.6,26
2670.7,2
2670.7,31
2670.8,35
2671.0,21
2671.3,19
2671.7,15
2671.8,38
2674.9,29
2675.8,34
2675.9,1
2675.9,14
2676.0,5
2676.1,3
2676.2,25
2676.3,8
2676.4,9
2676.6,18
2677.3,23
2677.3,33
2677.6,13
2677.7,12
2677.9,0
2678.8,31
2679.9,27
2681.5,19
2682.9,17
2683.2,4
2684.4,28
2685.1,38
2685.2,32
2685.2,36
2685.3,1
2685.3,18
2685.6,5
2685.7,24
2686.6,16
2687.2,9
2687.4,26
2688.4,8
2689.0,34
2690.4,23
2690.9,2
2690.9,10
2691.0,35
2691.2,22
2691.4,29
2691.7,15
2692.0,13
2692.2,27
2693.2,1
2693.8,39
2693.9,18
2695.4,14
2696.0,8
2696.9,30
2697.2,0
2697.4,32
2697.8,3
2697.9,12
2697.9,17
2698.3,34
2698.3,29
2698.5,26
2698.6,20
2698.6,38
2699.0,21
2700.7,33
2701.1,1
2702.4,37
2703.1,4
2703.3,5
2704.4,9
2704.5,31
2704.8,13
2705.9,7
2706.1,15
2706.1,27
2706.1,18
2706.3,2
2706.8,14
2706.9,25
2707.2,19
2707.3,34
2707.3,36
2708.0,28
2708.8,8
2709.7,29
2710.4,1
2711.4,23
2711.7,5
2712.6,38
2712.7,32
2712.7,35
2714.2,3
2714.5,12
2715.6,26
2715.8,14
2716.3,30
2717.0,17
2717.1,9
2717.5,13
2717.5,22
2717.9,10
2718.9,1
2719.7,8
2720.0,15
2720.1,4
2721.3,16
2721.5,38
2721.6,31
2722.3,19
2722.7,34
2723.1,18
2724.0,5
2724.9,3
2725.8,29
2725.9,0
2727.0,28
2727.4,38
2727.7,24
2727.9,1
2727.9,35
2728.3,21
2728.4,33
2728.6,13
2729.2,12
2729.4,9
2729.5,26
2729.8,10
2729.9,14
2729.9,18
2730.0,32
2730.2,8
2730.3,2
2730.5,23
2730.8,39
2732.3,27
2733.2,17
2735.6,22
2736.4,4
2736.6,36
2736.6,37
2736.6,19
2736.8,34
2736.9,38
2738.1,1
2738.3,30
2738.4,14
2738.5,18
2739.0,5
2739.6,20
2740.5,31
2741.0,13
2741.2,32
2741.3,8
2741.6,3
2741.9,33
2742.8,29
2742.9,26
2743.4,15
2744.7,28
2745.4,9
2746.0,12
2746.2,23
2746.3,2
2746.3,34
2746.9,1
2747.1,0
2747.4,13
2747.8,27
2748.8,35
2749.1,16
2749.7,8
2749.8,38
2749.9,10
2750.1,14
2750.3,5
2752.1,18
2752.4,32
2753.2,1
2753.4,34
2753.5,19
2753.9,17
2754.7,36
2755.2,13
2755.8,28
2756.3,33
2756.4,23
2758.2,4
2758.3,8
2759.2,9
2760.0,29
2760.7,18
2761.1,20
2761.1,24
2761.2,1
2761.2,38
2761.3,3
2761.3,12
2762.0,39
2762.1,30
2762.4,28
2762.8,13
2763.8,26
2764.0,27
2764.2,22
2764.5,14
2764.6,31
2765.0,15
2766.2,5
2766.4,35
2766.5,19
2767.5,9
2768.4,8
2768.9,34
2769.5,16
2770.0,38
2770.1,0
2770.1,2
2770.1,21
2770.1,23
2770.7,33
2771.8,1
2772.0,32
2774.7,4
2775.6,13
2775.7,12
2776.1,17
2776.5,18
2776.6,22
2776.7,29
2777.6,31
2778.3,34
2778.8,28
2778.9,1
2779.3,5
2779.7,36
2780.5,19
2780.6,10
2780.8,11
2781.3,2
2781.3,14
2781.5,37
2781.8,26
2781.8,38
2781.9,32
2782.2,23
2782.9,15
2783.2,8
2783.2,33
2783.6,27
2783.8,3
2784.0,18
2784.9,34
2786.4,1
2787.3,9
2789.7,30
2790.9,39
2791.1,3
2791.1,4
2791.6,14
2791.7,13
2792.0,1
2792.0,5
2792.2,38
2792.3,21
2792.4,8
2792.7,16
2793.3,35
2794.7,12
2794.8,18
2795.1,26
2796.6,23
2797.4,31
2797.5,28
2797.7,19
2798.2,17
2799.4,27
2799.8,34
2800.0,32
2800.6,0
2801.2,24
2801.5,29
2801.7,15
2802.0,1
2802.1,8
2802.5,10
2802.5,33
2803.3,13
2804.3,9
2805.2,38
2805.7,18
2805.8,4
2805.9,16
2806.2,20
2806.9,23
2807.9,34
2808.6,12
2808.8,14
2810.1,26
2810.5,17
2811.8,2
2812.1,1
2812.2,5
2812.2,28
2812.8,29
2813.1,30
2813.8,22
2814.1,8
2814.1,31
2814.5,3
2814.6,39
2814.9,19
2814.9,32
2815.2,35
2815.3,36
2815.5,9
2815.6,33
2815.9,18
2816.1,37
2816.3,13
2816.3,38
2816.5,7
2816.5,27
2816.6,23
2817.2,24
2817.6,34
2818.5,1
2818.5,14
2821.7,10
2822.3,26
2823.2,5
2823.3,8
2823.9,4
2823.9,21
2824.2,11
2824.3,13
2824.4,16
2824.7,12
2825.8,9
2825.8,27
2825.9,34
2826.0,29
2827.1,15
2827.1,18
2828.1,14
2828.5,1
2828.8,31
2829.0,30
2829.6,3
2830.9,2
2831.7,19
2832.1,23
2832.1,28
2832.2,0
2832.5,35
2832.8,8
2833.0,32
2833.2,38
2833.2,34
2836.2,18
2836.8,26
2836.8,33
2836.9,13
2837.4,1
2837.4,17
2838.7,14
2838.7,4
2840.6,20
2841.6,38
2842.5,27
2843.1,9
2843.1,8
2843.6,5
2844.8,35
2844.8,37
2845.0,23
2845.2,28
2845.4,31
2845.4,39
2845.6,22
2845.7,1
2846.1,34
2846.6,29
2846.7,12
2846.7,32
2846.9,10
2847.7,30
2849.2,13
2850.7,17
2851.4,8
2851.6,14
2851.8,16
2851.9,19
2852.3,5
2852.7,18
2853.1,21
2853.3,2
2853.8,12
2853.9,23
2853.9,26
2854.0,33
2854.0,38
2854.4,15
2854.7,1
2854.7,7
2855.9,9
2856.4,4
2856.5,34
2856.8,3
2858.9,31
2859.1,13
2859.3,30
2859.3,32
2859.7,28
2861.4,35
2862.1,5
2862.5,29
2862.8,1
2863.3,39
2863.8,8
2863.8,18
2864.1,14
2864.4,38
2864.5,36
2864.9,23
2865.1,15
2865.1,27
2865.2,19
2867.2,12
2867.4,34
2868.3,10
2868.5,17
2868.6,20
2869.6,26
2869.8,9
2869.8,16
2869.8,33
2870.0,3
2870.4,32
2871.7,1
2872.5,13
2873.0,8
2873.5,37
2873.6,0
2873.9,18
2874.0,21
2874.0,28
2874.2,35
2874.8,38
2875.5,2
2875.8,24
2876.0,6
2877.1,31
2878.5,14
2878.6,4
2878.7,1
2878.8,34
2879.7,17
2879.7,29
2879.8,30
2880.0,5
2880.2,8
2880.2,23
2880.9,27
2881.2,9
2881.4,39
2881.9,32
2882.8,12
2882.9,19
2882.9,18
2883.8,26
2884.1,13
2884.6,22
2884.9,33
2885.2,34
2886.0,28
2886.5,10
2886.6,38
2886.7,11
2887.0,15
2888.7,31
2889.2,1
2892.5,3
2892.8,9
2893.0,8
2893.2,18
2894.1,29
2894.3,16
2894.7,23
2895.1,4
2895.7,27
2895.7,5
2895.9,34
2896.0,12
2896.1,36
2896.2,35
2896.3,13
2896.3,17
2896.4,0
2896.4,14
2896.4,38
2896.6,32
2896.6,7
2896.8,2
2896.9,19
2897.7,28
2899.7,1
2903.4,38
2903.5,8
2903.8,26
2904.3,31
2904.6,10
2904.8,5
2905.0,15
2905.0,39
2905.2,21
2905.6,18
2906.1,13
2906.1,30
2907.1,32
2907.2,35
2907.5,23
2907.5,34
2907.6,4
2907.9,14
2907.9,9
2907.9,29
2908.7,12
2908.7,26
2909.3,19
2909.4,8
2909.4,33
2909.6,1
2909.7,22
2909.9,2
2911.9,28
2912.8,37
2914.2,17
2915.5,34
2915.7,38
2915.9,1
2916.8,20
2916.8,27
2916.9,12
2916.9,16
2917.3,5
2917.4,31
2918.3,24
2918.8,8
2918.8,33
2919.4,9
2919.7,32
2919.9,14
2920.0,22
2920.0,25
2920.1,13
2920.4,35
2920.8,18
2921.8,29
2923.0,28
2923.5,10
2923.8,3
2924.3,2
2925.2,1
2925.8,19
2926.3,30
2926.3,32
2926.6,15
2926.7,23
2926.7,38
2926.9,36
2927.1,26
2927.3,34
2928.7,33
2928.8,0
2929.0,18
2929.1,14
2929.1,21
2929.5,8
2929.7,37
2929.9,4
2930.9,11
2930.9,17
2931.2,12
2931.5,1
2933.5,13
2934.0,9
2934.3,29
2934.6,5
2934.8,24
2934.9,32
2935.0,2
2935.2,38
2936.1,27
2936.6,34
2937.4,31
2939.3,3
2940.6,8
2941.7,10
2942.2,18
2942.3,1
2942.5,28
2942.5,36
2942.7,23
2943.1,19
2943.4,35
2944.4,32
2944.4,38
2944.5,14
2945.1,20
2945.1,26
2945.9,13
2946.3,12
2947.0,5
2947.0,34
2947.6,7
2947.6,8
2947.8,29
2948.7,9
2949.0,31
2949.2,4
2951.1,18
2952.3,17
2952.6,16
2953.5,39
2954.0,27
2954.5,1
2954.7,30
2955.1,33
2955.3,3
2955.3,37
2955.5,12
2955.6,19
2955.9,23
2956.3,13
2956.4,14
2956.4,22
2957.0,2
2957.5,34
2958.7,38
2959.1,15
2959.5,8
2959.7,32
2960.0,5
2960.8,31
2961.7,18
2961.9,28
2963.1,35
2963.2,4
2963.4,10
2963.6,1
2964.0,3
2964.5,26
2965.4,29
2965.9,17
2966.0,14
2966.8,9
2967.9,19
2968.5,12
2969.3,34
2969.7,13
2970.1,27
2970.2,8
2970.5,5
2970.6,18
2970.8,33
2971.9,38
2972.4,23
2973.3,28
2974.2,1
2976.3,2
2976.5,31
2976.6,32
2976.7,14
2976.8,34
2977.0,30
2977.2,16
2977.9,26
2978.2,20
2978.2,21
2978.3,8
2978.7,15
2979.0,4
2979.4,7
2980.1,36
2980.7,1
2981.4,10
2981.7,38
2982.2,35
2982.7,9
2982.7,39
2984.1,29
2984.5,13
2985.4,12
2985.9,23
2986.4,33
2986.4,19
2986.6,18
2987.1,5
2987.1,31
2987.2,3
2987.8,37
2987.9,27
2988.0,8
2988.0,14
2988.1,34
2988.3,2
2988.4,26
2988.7,32
2989.2,22
2990.4,1
2993.6,4
2993.6,12
2993.6,38
2994.0,35
2994.1,17
2994.7,13
2996.2,27
2996.3,9
2997.0,28
2997.0,34
2997.6,1
2999.0,5
2999.3,8
2999.7,29
3000.0,14
3000.1,36
3001.3,18
3001.5,31
3001.6,19
3002.2,15
3002.4,0
3003.1,24
3003.3,26
3003.5,22
3003.5,32
3003.6,30
3004.0,10
3004.0,33
3004.5,7
3005.9,1
3006.0,23
3006.3,8
3006.3,13
3007.4,16
3007.9,18
3007.9,34
3008.3,39
3008.7,12
3008.8,9
3008.8,38
3009.5,14
3010.5,35
3010.6,2
3011.5,27
3012.5,4
3014.0,8
3014.6,17
3014.6,5
3014.6,26
3014.8,3
3014.8,10
3014.9,37
3015.1,29
3015.7,32
3015.8,33
3016.7,13
3017.2,31
3017.3,1
3017.8,34
3018.6,38
3019.0,19
3019.3,28
3020.5,11
3020.9,30
3021.0,18
3022.6,4
3022.7,9
3023.9,23
3024.5,35
3024.7,13
3024.7,14
3027.1,34
3027.7,1
3027.9,8
3028.1,26
3028.2,5
3028.8,20
3029.8,15
3030.5,12
3030.8,18
3031.2,10
3031.3,16
3031.4,38
3031.7,39
3032.0,24
3032.0,27
3032.0,33
3032.1,32
3032.5,19
3033.0,22
3033.0,28
3033.1,29
3033.6,1
3033.7,31
3034.4,17
3034.6,34
3035.7,13
3035.8,9
3036.0,14
3036.2,23
3037.1,21
3038.4,8
3038.6,5
3038.7,2
3039.8,32
3040.9,26
3041.0,4
3041.5,10
3041.8,36
3042.2,33
3042.8,29
3042.8,38
3043.1,3
3043.5,18
3043.8,1
3044.0,34
3044.5,35
3045.2,8
3045.3,13
3045.8,5
3045.9,19
3046.4,12
3047.3,23
3047.7,9
3047.9,31
3050.1,16
3050.5,32
3050.6,28
3051.6,27
3052.1,1
3053.2,37
3054.1,10
3054.7,39
3054.8,2
3055.0,38
3055.9,14
3055.9,26
3056.7,8
3057.2,22
3057.9,21
3058.0,18
3058.1,33
3058.2,4
3058.2,12
3058.8,36
3059.3,3
3059.3,29
3059.7,35
3059.9,13
3059.9,17
3060.0,34
3062.3,5
3062.5,1
3063.2,30
3063.4,27
3063.7,9
3064.3,19
3064.6,31
3064.8,20
3065.2,23
3065.3,38
3066.2,15
3066.4,32
3066.9,28
3067.6,34
3067.8,2
3068.5,14
3068.8,18
3068.8,26
3068.9,1
3069.6,13
3070.1,8
3071.7,29
3072.7,10
3073.1,16
3074.2,36
3074.8,17
3076.5,34
3077.0,19
3077.0,35
3077.1,38
3077.4,4
3077.5,9
3077.6,33
3078.0,26
3078.2,3
3078.5,1
3078.9,31
3079.6,14
3080.1,23
3080.2,24
3080.5,32
3080.8,18
3080.8,22
3081.3,5
3081.5,8
3081.5,27
3081.7,12
3081.7,13
3083.2,21
3084.1,0
3084.1,38
3084.5,2
3084.5,28
3085.0,30
3085.1,34
3087.4,37
3088.2,9
3088.2,15
3088.7,29
3089.7,35
3089.8,1
3091.3,19
3091.6,12
3091.8,33
3091.9,10
3092.1,31
3092.7,13
3092.8,18
3092.9,36
3093.0,26
3093.0,39
3093.5,32
3093.6,17
3093.7,27
3093.9,8
3094.6,5
3094.6,38
3094.7,14
3094.8,34
3095.1,4
3096.7,20
3098.1,1
3099.7,16
3099.7,29
3100.9,8
3100.9,9
3102.0,14
3102.1,28
3102.2,13
3102.8,23
3103.0,0
3103.4,3
3103.7,38
3104.9,27
3105.1,34
3106.2,10
3106.8,22
3107.0,35
3107.4,17
3107.5,1
3107.6,18
3108.7,26
3108.9,33
3109.3,5
3111.2,4
3111.4,15
3111.6,12
3111.8,2
3112.1,8
3112.3,7
3112.7,31
3112.7,32
3112.9,30
3113.3,11
3113.9,21
3114.1,18
3114.2,13
3114.2,34
3114.8,23
3115.2,19
3115.2,36
3115.5,1
3115.7,26
3116.1,29
3116.5,38
3117.0,14
3117.7,8
3119.2,3
3120.2,12
3120.9,9
3121.7,28
3122.6,10
3123.1,13
3124.7,5
3125.0,4
3125.3,39
3125.5,18
3126.0,34
3126.7,1
3127.1,24
3127.2,19
3127.6,27
3127.7,33
3127.9,2
3127.9,31
3128.0,38
3128.4,32
3128.5,17
3128.6,21
3128.6,30
3129.9,35
3130.3,15
3130.5,14
3130.7,8
3131.0,22
3131.2,26
3131.4,13
3133.5,29
3135.5,1
3135.5,34
3136.8,10
3136.9,9
3137.3,0
3137.9,18
3138.2,5
3138.4,23
3138.5,16
3138.8,38
3139.0,20
3139.8,13
3140.3,28
3142.7,37
3143.1,14
3143.2,8
3143.8,2
3143.9,12
3144.0,1
3144.1,15
3144.4,35
3144.6,31
3145.7,27
3145.7,34
3146.6,4
3147.2,39
3147.9,38
3148.1,19
3148.3,13
3148.8,33
3149.1,18
3149.5,22
3149.7,29
3150.0,32
3150.7,3
3151.1,26
3151.5,17
3151.8,1
3151.8,5
3152.1,8
3152.2,27
3152.5,28
3152.5,31
3152.7,14
3153.6,9
3153.6,10
3153.6,11
3153.6,23
3153.7,36
3153.9,30
3158.2,38
3159.0,4
3159.0,19
3159.7,34
3159.7,35
3159.9,18
3160.0,13
3160.4,16
3161.5,21
3161.5,32
3161.6,12
3161.6,39
3161.7,33
3161.9,17
3163.0,8
3163.2,26
3163.3,1
3164.9,9
3166.7,28
3167.0,15
3169.2,30
3169.3,2
3169.4,27
3169.5,38
3169.7,1
3169.7,7
3170.8,5
3171.3,34
3172.3,14
3172.5,13
3172.7,8
3172.9,32
3173.7,29
3173.9,9
3174.3,19
3174.3,23
3174.4,4
3175.4,10
3175.4,31
3175.6,22
3176.1,18
3176.6,16
3176.6,35
3176.8,3
3176.9,12
3177.1,26
3177.6,24
3179.2,1
3180.0,27
3180.1,2
3180.1,39
3180.4,38
3181.9,20
3182.0,28
3182.2,8
3183.5,34
3183.6,36
3183.8,33
3184.8,14
3185.3,37
3185.4,17
3185.4,18
3186.1,5
3187.0,1
3187.0,13
3187.0,29
3187.7,9
3190.1,26
3190.3,4
3191.3,23
3191.4,38
3192.4,16
3192.8,27
3193.0,32
3193.1,15
3193.7,13
3193.7,22
3193.9,19
3193.9,35
3194.3,30
3194.5,21
3195.2,1
3195.2,14
3195.7,2
3196.0,12
3196.5,8
3196.5,31
3196.8,34
3197.9,5
3198.2,28
3199.3,18
3199.6,10
3199.8,9
3200.5,0
3201.1,36
3201.4,26
3201.5,38
3201.8,29
3203.6,23
3203.7,1
3203.8,13
3204.7,8
3204.9,32
3205.2,14
3205.5,17
3206.0,3
3206.0,19
3206.1,34
3206.3,11
3206.4,18
3207.3,4
3207.6,35
3208.3,27
3208.5,33
3208.8,12
3209.1,28
3209.4,2
3209.9,39
3211.0,9
3211.3,1
3211.5,13
3211.5,31
3211.6,23
3211.6,22
3212.1,32
3212.9,5
3212.9,15
3213.3,38
3214.5,29
3214.5,30
3215.1,14
3215.4,34
3217.7,37
3217.9,8
3218.0,4
3219.4,18
3219.4,21
3219.8,17
3219.8,1
3220.3,19
3220.7,2
3221.0,36
3221.1,10
3221.5,26
3221.6,31
3222.2,27
3222.5,9
3222.6,14
3223.5,38
3223.6,13
3224.2,3
3224.9,32
3225.9,23
3227.7,5
3227.7,8
3229.3,12
3230.2,18
3230.5,35
3231.3,31
3231.3,33
3231.7,1
3231.8,28
3231.9,13
3232.3,38
3232.6,25
3232.7,29
3233.4,5
3233.5,34
3233.8,14
3234.4,4
3235.9,9
3237.5,32
3238.3,16
3238.7,20
3239.5,1
3239.6,26
3240.0,39
3240.9,8
3241.1,7
3241.2,15
3241.2,30
3241.4,10
3241.4,34
3241.7,19
3241.8,2
3242.6,18
3242.7,3
3243.2,17
3243.3,36
3243.4,13
3243.5,14
3243.5,27
3243.6,29
3244.0,38
3244.2,21
3244.8,12
3246.3,23
3246.5,33
3247.2,28
3249.9,34
3250.1,4
3250.9,32
3251.5,0
3251.7,1
3251.7,5
3251.8,9
3251.8,19
3252.1,35
3252.4,22
3252.7,8
3252.7,13
3253.5,11
3253.7,10
3254.9,38
3255.6,2
3255.6,37
3255.7,18
3258.2,12
3259.2,34
3259.4,1
3260.4,31
3260.7,17
3260.9,29
3261.2,14
3261.4,23
3261.9,26
3261.9,28
3261.9,32
3262.3,33
3262.4,36
3262.5,27
3262.7,8
3262.9,38
3263.2,16
3263.6,21
3264.6,5
3264.8,13
3265.4,24
3265.5,15
3267.1,9
3267.9,18
3268.5,30
3269.4,1
3269.4,14
3269.9,10
3270.3,4
3270.4,38
3270.6,8
3271.5,34
3272.0,0
3272.0,22
3272.0,32
3272.6,12
3273.2,19
3273.5,35
3273.7,3
3273.9,2
3273.9,29
3274.0,23
3274.1,7
3274.5,17
3274.7,37
3276.1,13
3276.1,31
3276.8,27
3277.2,1
3277.5,18
3278.0,28
3278.6,4
3280.3,8
3280.6,14
3281.0,33
3281.2,10
3281.4,5
3281.5,34
3282.2,9
3282.2,39
3282.9,38
3283.2,20
3283.2,21
3283.2,36
3284.3,3
3284.3,32
3284.4,13
3284.7,1
3285.8,16
3285.8,26
3285.9,24
3286.0,35
3286.4,27
3286.5,19
3287.4,12
3287.5,15
3287.7,29
3287.8,8
3289.0,18
3289.2,5
3290.0,34
3291.6,38
3292.3,23
3293.1,33
3293.9,30
3294.2,13
3294.5,31
3294.7,14
3294.7,28
3294.9,17
3295.0,1
3297.9,32
3298.2,34
3298.4,4
3298.8,27
3299.0,9
3300.0,8
3301.0,26
3301.1,18
3301.8,2
3302.1,1
3302.1,36
3302.3,5
3302.7,38
3302.8,22
3302.9,7
3303.5,12
3303.7,19
3304.0,35
3304.5,24
3305.1,14
3305.1,39
3305.3,32
3305.7,29
3305.8,13
3306.5,23
3306.8,3
3306.8,37
3307.2,34
3307.7,28
3307.9,9
3308.0,4
3309.0,1
3309.4,17
3310.2,15
3311.3,27
3312.3,18
3312.3,31
3314.9,5
3315.3,8
3315.5,26
3315.5,32
3315.7,10
3315.8,20
3316.1,13
3316.6,22
3316.7,2
3316.8,0
3316.8,16
3316.8,38
3317.4,34
3318.1,1
3318.1,21
3318.6,33
3318.9,14
3321.4,35
3321.9,19
3322.1,4
3323.3,9
3324.2,18
3324.3,11
3324.8,31
3325.4,1
3325.8,8
3326.4,3
3326.9,23
3327.6,10
3328.2,34
3328.4,28
3328.8,12
3329.0,30
3329.3,13
3329.3,17
3329.5,26
3329.9,29
3330.6,27
3331.0,38
3332.2,5
3332.2,15
3332.2,39
3332.7,2
3332.9,1
3333.5,14
3333.7,32
3335.3,19
3335.9,8
3337.2,33
3337.3,31
3338.2,36
3338.6,26
3339.4,0
3339.5,13
3339.8,9
3339.8,18
3339.9,7
3340.0,4
3340.3,23
3340.5,27
3340.9,1
3340.9,12
3341.3,3
3341.3,34
3341.4,35
3341.5,32
3342.1,38
3342.5,28
3342.8,5
3343.1,24
3346.4,14
3347.6,8
3349.9,29
3350.0,9
3350.0,37
3350.1,17
3350.6,28
3350.9,16
3351.7,1
3352.2,21
3353.0,33
3353.6,18
3354.3,34
3354.7,2
3355.1,19
3355.3,22
3355.4,38
3355.5,10
3355.7,14
3355.7,35
3355.8,13
3355.9,31
3356.3,4
3357.6,12
3357.6,26
3357.9,5
3359.0,32
3359.3,8
3359.5,36
3360.3,18
3360.7,1
3361.1,15
3361.6,9
3362.0,27
3362.2,23
3362.7,39
3362.8,20
3363.1,3
3363.8,29
3363.9,14
3363.9,28
3367.0,26
3367.6,17
3368.4,5
3368.4,34
3368.4,38
3368.5,8
3368.7,13
3369.2,1
3370.0,18
3370.3,19
3370.9,31
3371.7,32
3372.7,21
3373.2,29
3373.4,30
3373.4,35
3373.6,36
3374.0,9
3374.4,4
3374.4,33
3375.0,25
3375.2,10
3375.4,2
3375.5,14
3375.7,23
3375.9,12
3377.4,13
3377.5,27
3378.6,1
3379.0,17
3379.2,8
3380.6,0
3380.6,18
3381.3,34
3381.5,24
3381.8,38
3381.9,26
3382.6,15
3382.6,22
3384.4,19
3384.7,28
3385.6,5
3385.6,16
3386.6,31
3386.9,4
3387.0,14
3387.0,21
3387.1,32
3387.3,39
3387.5,3
3387.5,23
3387.7,1
3387.7,12
3388.8,18
3389.9,9
3389.9,13
3390.2,27
3390.9,34
3391.1,29
3391.7,8
3391.9,38
3392.5,20
3394.3,26
3394.6,37
3394.9,30
3395.7,35
3396.0,1
3397.4,5
3397.6,23
3399.2,14
3401.5,10
3401.6,18
3401.8,16
3401.8,31
3401.8,32
3401.8,38
3402.4,34
3402.8,1
3403.3,13
3404.6,39
3404.9,8
3405.0,19
3405.2,5
3405.2,26
3405.4,2
3405.4,9
3405.6,29
3406.3,36
3406.5,17
3408.1,4
3409.3,35
3409.6,14
3410.6,34
3410.7,3
3411.2,28
3411.3,1
3411.3,15
3411.3,33
3412.2,23
3412.4,12
3412.9,10
3412.9,22
3413.8,30
3414.3,18
3414.3,37
3414.5,32
3414.8,9
3414.8,38
3415.2,19
3415.5,8
3415.9,26
3416.1,27
3419.0,13
3420.3,4
3420.8,36
3421.1,16
3421.1,31
3421.6,1
3421.6,29
3422.0,34
3423.0,11
3423.0,32
3423.3,2
3423.8,38
3425.2,21
3425.9,8
3426.5,14
3427.5,35
3427.8,39
3427.9,5
3428.1,23
3428.2,27
3428.4,26
3428.8,12
3428.9,1
3429.0,13
3429.5,18
3430.0,15
3431.8,9
3431.8,17
3431.8,30
3431.8,33
3432.0,38
3432.7,28
3432.9,10
3433.9,7
3434.1,19
3434.6,34
3434.7,32
3435.1,14
3435.5,0
3435.7,31
3436.3,3
3436.5,1
3436.7,4
3437.0,5
3437.6,18
3440.1,8
3440.3,26
3441.2,16
3441.4,24
3441.8,34
3441.8,13
3442.2,23
3442.2,29
3442.3,9
3442.5,2
3442.8,27
3442.8,35
3443.4,17
3444.2,38
3444.9,1
3445.6,12
3445.7,4
3446.4,14
3447.5,36
3447.7,32
3447.9,30
3448.7,22
3448.8,33
3449.3,21
3449.9,37
3450.4,18
3450.4,28
3450.6,8
3451.2,19
3451.4,1
3451.6,0
3451.6,13
3451.9,29
3453.4,23
3453.8,15
3453.9,10
3454.0,20
3454.2,27
3454.2,34
3454.7,31
3454.9,38
3455.8,2
3455.8,5
3457.4,4
3457.4,11
3457.8,1
3457.9,17
3458.6,26
3458.9,16
3459.0,9
3459.3,8
3459.5,18
3459.8,14
3460.3,33
3460.7,12
3464.9,38
3465.1,13
3465.4,29
3465.6,10
3465.6,28
3465.6,39
3466.0,35
3466.1,32
3466.2,1
3466.2,8
3466.2,34
3466.6,19
3466.7,30
3467.4,18
3467.6,7
3467.8,14
3470.3,12
3470.4,23
3471.1,3
3473.6,2
3473.9,20
3474.0,31
3474.1,1
3474.5,5
3474.8,19
3475.6,34
3475.8,0
3475.8,26
3476.6,38
3477.0,14
3477.0,27
3477.2,4
3477.4,21
3477.8,36
3478.9,8
3479.9,33
3480.7,13
3481.1,32
3481.2,9
3482.0,23
3482.5,28
3482.5,37
3482.7,29
3482.9,18
3483.2,34
3483.5,1
3483.7,16
3484.5,17
3484.8,5
3485.5,38
3485.6,15
3485.7,26
3485.8,4
3485.8,31
3486.1,39
3487.4,12
3487.5,13
3487.5,35
3488.1,8
3488.6,22
3490.2,10
3492.1,3
3492.6,1
3492.8,27
3492.9,25
3493.0,14
3493.3,33
3493.6,19
3493.9,9
3494.2,32
3494.9,23
3495.2,18
3496.3,13
3497.1,11
3497.5,26
3498.0,28
3498.0,36
3498.1,34
3498.2,4
3499.0,1
3499.0,8
3499.1,12
3499.9,38
3501.2,29
3501.6,30
3501.6,32
3501.7,17
3502.0,31
3502.5,5
3503.2,21
3503.4,13
3504.0,35
3504.3,10
3504.7,14
3505.5,9
3505.7,16
3506.6,2
3506.7,23
3507.2,27
3507.4,38
3508.4,39
3508.5,18
3508.6,26
3508.9,1
3508.9,8
3509.5,12
3510.1,34
3511.1,15
3511.1,29
3512.4,3
3512.6,19
3514.6,33
3515.0,30
3516.3,28
3516.5,8
3516.7,18
3516.7,31
3516.9,36
3517.1,35
3517.3,13
3517.5,5
3517.5,20
3517.7,16
3517.8,1
3517.8,32
3519.6,34
3520.1,9
3520.3,27
3520.4,14
3520.5,4
3522.6,7
3523.0,23
3524.2,2
3524.5,1
3524.8,24
3525.1,38
3525.8,0
3526.0,29
3526.5,12
3527.5,8
3527.5,13
3527.9,10
3527.9,18
3528.0,34
3528.3,14
3529.2,19
3529.3,31
3530.0,26
3534.5,21
3535.2,39
3535.7,8
3535.9,35
3536.1,5
3536.1,28
3536.4,1
3536.4,23
3536.4,33
3536.5,32
3536.6,38
3536.8,4
3536.8,17
3536.9,15
3537.1,27
3537.7,34
3537.7,36
3538.8,14
3540.5,16
3540.6,12
3541.3,13
3542.7,18
3543.4,3
3544.4,26
3544.5,1
3545.3,9
3545.3,32
3545.5,29
3546.0,30
3546.9,19
3548.3,22
3548.5,35
3548.8,28
3548.9,38
3549.5,14
3549.6,31
3549.9,10
3550.0,4
3550.0,34
3550.3,5
3550.4,8
3550.5,15
3550.6,17
3551.6,1
3551.8,27
3552.4,0
3552.5,20
3553.5,12
3553.8,18
3554.0,13
3554.0,24
3554.0,23
3557.4,29
3558.1,33
3559.1,9
3559.5,26
3560.2,39
3561.1,25
3561.5,34
3561.9,2
3562.5,10
3562.5,32
3562.6,36
3563.0,14
3563.6,8
3564.0,38
3564.1,1
3564.1,16
3564.3,3
3564.7,31
3565.8,18
3565.8,28
3566.2,5
3566.4,12
3566.5,19
3567.2,21
3567.7,35
3568.4,13
3568.6,9
3569.3,29
3572.1,38
3572.6,1
3572.8,4
3572.8,27
3572.9,8
3573.8,37
3574.0,31
3574.2,7
3574.3,23
3574.8,18
3574.8,33
3575.3,26
3575.3,34
3575.7,13
3575.7,17
3575.8,5
3578.4,32
3579.0,29
3579.1,36
3579.6,1
3579.6,2
3579.7,35
3579.8,24
3580.0,30
3580.1,14
3580.2,0
3580.3,9
3580.4,22
3582.4,27
3583.7,8
3585.1,38
3585.1,39
3585.7,28
3585.7,34
3586.1,15
3586.6,1
3586.7,13
3586.8,12
3586.8,18
3587.2,23
3587.3,10
3587.4,2
3588.2,5
3588.2,14
3588.4,4
3588.4,11
3588.4,26
3588.5,17
3588.9,16
3590.0,19
3590.1,3
3590.2,31
3591.3,30
3591.3,33
3592.8,9
3594.0,37
3595.7,27
3596.1,1
3596.6,0
3598.1,8
3598.3,32
3598.3,38
3598.5,13
3598.7,22
3599.2,29
3599.4,34
3599.6,23
3600.1,35
3600.4,18
3601.6,21
3602.6,14
3602.8,26
3603.0,1
3603.0,2
3604.7,4
3605.8,28
3606.1,31
3606.3,19
3606.4,27
3606.5,12
3606.8,9
3606.8,10
3607.1,34
3608.5,13
3608.7,33
3609.3,14
3611.0,36
3611.4,8
3611.6,7
3611.6,15
3611.7,32
3613.1,5
3613.4,39
3613.5,17
3613.7,1
3613.7,18
3613.9,38
3614.8,29
3615.2,19
3615.7,35
3617.1,10
3617.5,14
3617.6,20
3617.6,30
3618.2,3
3619.0,34
3619.1,4
3619.6,13
3619.6,18
3619.7,24
3619.7,26
3620.3,1
3621.9,38
3622.0,2
3622.1,8
3622.2,32
3622.3,12
3622.7,22
3623.0,28
3623.2,16
3623.6,9
3623.7,33
3625.4,23
3628.5,1
3629.1,8
3629.2,5
3629.2,31
3630.4,0
3630.4,34
3630.9,14
3631.2,29
3631.5,18
3631.5,27
3631.8,39
3632.0,35
3633.0,26
3633.4,38
3635.0,32
3635.2,21
3635.4,13
3635.8,36
3635.9,30
3636.0,17
3636.5,4
3637.0,11
3637.5,10
3638.3,14
3638.6,1
3638.9,23
3639.3,16
3639.3,35
3639.4,19
3639.8,12
3640.7,34
3640.9,5
3641.1,8
3641.2,28
3641.6,9
3642.2,15
3642.6,32
3642.8,2
3643.2,18
3643.2,22
3643.2,33
3643.5,3
3644.8,1
3645.0,38
3647.0,13
3647.5,31
3647.7,26
3648.6,20
3649.8,5
3650.5,29
3650.6,34
3650.7,4
3650.8,37
3651.2,39
3651.6,8
3653.6,18
3654.4,27
3654.5,32
3654.6,1
3655.8,14
3656.0,36
3656.2,21
3657.1,38
3657.9,2
3658.1,13
3658.1,30
3658.1,31
3658.4,12
3658.5,29
3658.6,19
3658.9,17
3659.8,23
3660.2,4
3660.5,35
3660.8,26
3661.0,34
3661.5,1
3661.9,8
3663.2,33
3663.7,28
3665.5,9
3666.3,16
3666.5,5
3666.8,0
3667.2,22
3667.3,27
3667.5,15
3667.6,19
3667.8,18
3667.9,23
3668.1,14
3668.3,31
3668.3,32
3668.7,13
3670.0,38
3670.4,34
3670.8,2
3670.8,8
3671.1,1
3671.2,35
3671.5,30
3672.7,3
3673.2,12
3674.4,33
3674.7,10
3677.1,36
3677.2,29
3678.4,14
3678.8,18
3678.8,37
3678.8,39
3678.9,8
3679.0,4
3679.0,32
3679.2,17
3679.3,31
3679.6,5
3679.6,9
3679.6,28
3680.4,23
3680.7,13
3681.1,1
3681.3,34
3681.6,38
3681.7,19
3681.9,16
3682.5,26
3683.2,10
3685.3,27
3686.0,15
3686.0,21
3686.5,8
3687.8,24
3688.4,14
3689.1,12
3689.6,32
3689.7,35
3689.9,38
3690.2,30
3690.5,36
3691.2,17
3691.2,31
3691.2,39
3691.6,1
3691.6,28
3691.8,13
3692.1,33
3692.2,29
3692.8,3
3692.8,18
3693.5,4
3693.5,23
3693.7,5
3693.9,9
3694.4,19
3696.6,2
3696.7,26
3697.5,34
3698.1,22
3698.3,8
3698.5,38
3699.3,1
3700.3,14
3700.9,35
3701.1,5
3702.1,27
3703.0,23
3703.1,32
3703.3,16
3703.4,18
3703.4,31
3703.7,33
3704.5,17
3704.8,13
3705.0,34
3707.1,4
3707.6,12
3707.6,30
3708.3,10
3708.3,20
3708.6,0
3708.6,8
3709.0,9
3709.3,29
3709.4,19
3709.4,26
3709.7,32
3709.9,28
3710.1,1
3710.7,36
3711.2,39
3712.3,14
3712.6,2
3712.8,35
3713.0,38
3714.5,27
3715.2,21
3715.4,13
3716.3,24
3717.0,23
3717.1,3
3717.1,11
3717.3,1
3718.3,31
3719.2,34
3719.5,18
3719.6,5
3719.7,8
3720.0,33
3720.3,32
3720.4,4
3720.5,10
3721.0,16
3723.3,38
3724.6,9
3725.3,14
3725.7,26
3725.8,28
3726.5,1
3726.5,6
3726.5,35
3727.1,22
3727.2,15
3727.4,8
3727.5,13
3727.8,2
3728.5,17
3728.7,34
3732.2,29
3732.8,19
3733.0,5
3733.0,39
3733.3,18
3733.9,27
3734.1,30
3734.1,32
3734.4,33
3734.6,12
3734.9,37
3734.9,38
3735.1,9
3735.1,13
3736.3,23
3736.3,31
3736.5,1
3737.1,22
3737.6,36
3738.7,14
3738.8,4
3739.3,8
3739.3,34
3739.8,35
3740.3,10
3740.8,3
3741.0,21
3741.4,28
3741.7,26
3744.6,38
3745.0,23
3745.5,1
3746.1,18
3746.2,32
3747.2,5
3747.3,14
3747.3,33
3747.5,8
3747.6,12
3747.8,29
3748.2,34
3748.8,27
3749.2,16
3749.3,2
3749.3,9
3750.0,13
3752.2,38
3752.9,1
3752.9,17
3753.7,39
3754.3,37
3755.3,19
3755.6,31
3755.6,34
3755.7,30
3755.8,3
3755.8,4
3756.0,26
3756.1,0
3756.5,15
3757.4,23
3757.7,14
3758.2,18
3759.0,8
3759.7,9
3759.9,13
3760.9,25
3761.2,10
3761.7,28
3761.9,5
3762.0,32
3762.3,35
3762.4,36
3762.5,1
3763.4,27
3763.8,29
3765.7,38
3766.4,34
3767.5,22
3767.6,21
3767.6,33
3767.8,12
3768.6,23
3768.9,8
3769.3,17
3769.8,31
3771.4,1
3771.4,26
3773.7,18
3773.8,30
3773.9,4
3773.9,9
3773.9,14
3774.2,2
3774.3,39
3774.5,3
3774.6,19
3774.8,13
3775.6,32
3775.6,38
3775.9,5
3776.3,28
3778.0,8
3778.1,35
3778.1,15
3778.3,34
3778.5,7
3778.6,29
3780.4,27
3780.5,36
3780.9,16
3781.2,24
3782.1,13
3782.7,1
3783.0,10
3783.6,37
3783.9,31
3785.5,18
3785.7,14
3785.9,8
3786.1,19
3786.4,5
3786.5,38
3786.9,26
3787.5,32
3788.0,34
3788.2,9
3788.5,21
3789.4,33
3789.6,29
3789.8,1
3790.1,23
3790.8,12
3791.1,35
3791.2,17
3794.1,4
3794.8,15
3794.9,3
3794.9,13
3795.0,8
3795.2,27
3795.4,28
3795.5,20
3796.1,2
3796.3,32
3796.6,1
3796.7,34
3797.5,39
3797.8,18
3798.7,5
3798.7,38
3799.8,11
3800.4,33
3800.7,31
3800.8,30
3802.1,14
3802.4,0
3802.4,8
3802.5,23
3803.6,35
3803.8,19
3804.5,1
3804.5,26
3804.6,9
3804.6,10
3805.7,34
3806.7,18
3806.9,28
3807.0,29
3807.9,32
3808.6,12
3809.7,3
3809.7,27
3810.0,38
3810.1,2
3810.4,25
3810.5,13
3811.0,31
3811.8,4
3812.2,23
3812.5,1
3812.8,9
3813.0,5
3814.0,8
3814.0,10
3815.2,17
3815.4,22
3815.6,16
3815.7,36
3817.0,18
3817.4,7
3817.4,34
3817.7,19
3817.8,24
3817.9,26
3819.0,1
3819.3,37
3819.9,13
3820.4,23
3820.7,29
3820.8,35
3821.0,14
3821.3,8
3822.2,32
3822.5,3
3822.9,9
3823.1,5
3823.8,20
3824.1,38
3824.4,33
3824.5,12
3824.5,28
3824.6,34
3824.7,26
3825.2,0
3825.2,21
3826.6,15
3827.9,39
3828.0,18
3828.9,27
3828.9,30
3829.4,1
3829.9,2
3831.2,31
3831.2,38
3831.7,19
3831.8,13
3832.2,32
3832.9,34
3833.2,4
3834.0,8
3834.6,29
3835.7,36
3836.1,18
3836.3,10
3837.0,23
3837.1,35
3837.7,11
3839.2,3
3839.6,5
3839.7,1
3839.9,26
3840.2,16
3840.5,28
3840.9,14
3841.9,13
3841.9,17
3842.5,12
3842.5,24
3842.7,19
3843.5,27
3843.7,8
3843.8,9
3844.1,34
3844.9,32
3845.5,18
3846.5,38
3847.1,23
3847.7,1
3847.9,33
3848.8,15
3849.2,21
3849.7,39
3852.5,13
3852.5,14
3852.6,22
3852.6,31
3852.8,29
3853.2,8
3853.6,9
3853.6,34
3853.8,26
3854.0,4
3854.3,5
3854.3,28
3854.8,17
3854.8,30
3854.9,2
3855.2,38
3855.3,16
3855.4,33
3855.7,1
3855.7,35
3855.8,37
3856.0,3
3856.5,18
3860.3,32
3860.7,0
3861.7,12
3862.3,39
3862.4,31
3862.8,10
3862.8,14
3863.3,19
3864.0,5
3864.5,24
3865.2,13
3865.4,34
3865.5,27
3865.7,36
3866.3,26
3866.5,23
3866.5,17
3866.5,18
3866.7,8
3867.1,9
3868.0,1
3868.5,29
3869.3,28
3870.1,38
3870.5,2
3872.8,14
3872.9,12
3873.8,32
3874.8,15
3875.1,8
3875.1,21
3875.5,35
3875.7,4
3876.0,19
3876.4,30
3878.0,5
3878.0,13
3878.0,34
3878.1,22
3878.4,7
3878.7,1
3879.0,39
3879.1,3
3879.6,32
3880.2,33
3880.3,18
3880.7,38
3881.6,26
3881.7,23
3882.4,31
3882.6,9
3882.9,29
3883.0,14
3884.4,8
3884.9,36
3885.1,27
3886.5,28
3887.5,13
3887.8,12
3888.0,34
3888.1,17
3888.3,2
3889.0,10
3889.2,1
3889.4,37
3889.8,35
3890.5,4
3891.1,18
3891.4,5
3891.9,38
3892.2,11
3894.4,26
3894.5,15
3895.0,16
3895.3,14
3895.5,39
3895.6,20
3895.7,25
3895.7,32
3895.9,1
3896.4,8
3896.4,9
3897.0,19
3897.1,31
3897.4,33
3897.6,24
3898.3,3
3898.6,23
3898.8,13
3900.0,0
3900.0,35
3901.6,28
3902.6,34
3902.8,29
3902.9,4
3903.1,18
3903.5,5
3903.9,1
3904.2,38
3906.2,30
3907.2,8
3907.6,32
3908.7,13
3908.8,19
3909.1,14
3909.9,27
3910.5,34
3910.6,31
3910.7,36
3911.2,17
3911.6,18
3911.8,1
3911.9,10
3911.9,12
3914.5,23
3915.1,2
3915.6,26
3915.8,29
3916.0,21
3916.4,8
3916.5,9
3916.6,33
3917.0,16
3917.1,7
3917.1,38
3917.4,4
3918.3,28
3918.4,20
3918.4,32
3918.8,15
3919.4,35
3919.6,39
3919.7,1
3920.1,14
3920.7,5
3922.0,34
3922.3,31
3923.3,3
3923.4,13
3923.5,18
3927.2,26
3927.3,8
3927.3,22
3927.5,36
3927.5,14
3928.0,27
3928.4,39
3928.5,10
3928.7,17
3928.8,1
3929.9,38
3930.6,23
3930.6,33
3930.8,9
3931.4,28
3932.2,32
3933.0,29
3934.5,12
3934.6,30
3934.7,19
3935.7,4
3935.8,5
3936.1,21
3936.1,34
3936.7,25
3936.8,14
3937.1,26
3937.3,8
3937.3,13
3937.3,15
3937.6,18
3938.8,1
3940.2,35
3940.3,16
3940.3,37
3940.4,32
3940.9,31
3941.2,28
3941.2,34
3941.6,9
3942.4,0
3943.2,2
3943.3,38
3943.8,3
3944.8,14
3946.5,5
3946.8,17
3947.3,10
3947.7,23
3947.9,1
3948.5,32
3948.9,13
3949.2,19
3949.4,27
3949.5,33
3949.9,18
3950.0,29
3950.3,8
3951.9,39
3952.0,3
3952.1,31
3952.3,34
3953.0,1
3953.0,4
3953.2,26
3953.4,12
3953.6,38
3954.6,30
3958.1,13
3958.2,9
3958.4,14
3958.5,32
3958.6,28
3959.4,36
3959.5,27
3959.9,22
3960.5,5
3960.6,10
3960.6,20
3960.7,2
3960.7,34
3960.8,17
3961.2,35
3961.5,8
3962.1,26
3962.3,18
3962.3,31
3963.2,1
3963.8,4
3963.9,38
3964.2,19
3965.0,23
3966.3,33
3967.4,12
3968.1,37
3968.3,28
3968.6,3
3968.8,13
3969.0,14
3969.2,30
3969.4,9
3969.4,16
3970.3,8
3971.5,32
3971.7,18
3972.5,26
3972.6,15
3972.8,1
3973.1,34
3973.5,5
3973.6,39
3974.1,27
3974.2,21
3974.3,24
3975.0,35
3975.8,38
3976.4,29
3977.4,17
3977.4,25
3977.6,2
3977.8,36
3978.2,19
3978.4,31
3978.5,9
3978.5,13
3979.7,1
3979.7,4
3980.1,28
3980.8,32
3981.5,0
3981.9,10
3982.1,23
3982.2,8
3983.4,5
3983.4,18
3983.4,34
3984.0,12
3985.0,14
3986.4,2
3987.5,38
3989.1,26
3989.6,15
3990.0,9
3990.0,16
3990.3,3
3990.4,1
3990.4,13
3990.6,33
3990.9,27
3991.0,31
3991.2,12
3991.5,18
3992.5,4
3992.8,8
3992.8,23
3993.7,34
3994.6,39
3995.2,10
3995.3,14
3995.4,19
3995.4,30
3995.6,29
3995.7,11
3996.1,28
3996.3,32
3996.9,37
3997.4,17
3999.8,1
3999.8,38
3999.9,5
4000.0,35
4001.5,13
4002.5,36
4002.7,18
4003.4,9
4003.4,33
4004.4,12
4005.5,26
4005.6,8
4005.7,2
4006.0,34
4006.5,1
4007.9,4
4007.9,27
4008.0,14
4008.6,23
4008.9,32
4009.0,19
4009.0,20
4009.2,24
4009.5,3
4009.9,21
4010.1,16
4010.1,31
4010.5,28
4012.0,13
4012.6,29
4013.3,18
4013.7,5
4014.0,39
4015.0,15
4015.2,8
4015.2,22
4015.3,36
4015.5,1
4015.8,12
4016.1,17
4016.5,2
4016.8,38
4016.9,34
4017.1,33
4018.1,9
4019.0,10
4020.4,35
4020.9,23
4021.1,13
4021.9,32
4022.0,1
4022.1,26
4022.1,27
4022.5,18
4022.8,0
4023.9,34
4024.0,14
4024.0,19
4024.8,28
4025.8,31
4025.9,8
4028.7,7
4029.6,38
4029.8,16
4030.1,32
4030.5,9
4030.6,4
4030.8,5
4031.1,1
4031.4,37
4032.3,10
4032.3,29
4032.7,21
4033.2,3
4033.4,31
4033.9,13
4033.9,18
4034.2,34
4034.3,8
4034.3,17
4034.3,23
4034.8,12
4034.8,15
4035.3,14
4036.2,26
4036.2,30
4039.4,28
4040.0,20
4040.2,36
4040.3,33
4040.3,27
4040.3,32
4040.6,2
4041.1,35
4041.8,1
4041.8,14
4042.2,38
4042.3,34
4042.4,19
4043.0,8
4043.0,11
4043.1,16
4043.5,9
4044.7,4
4046.1,29
4047.8,13
4047.9,22
4048.8,18
4049.5,3
4050.2,34
4050.4,1
4050.8,5
4050.8,26
4051.0,2
4051.3,32
4051.5,23
4051.9,27
4052.4,31
4052.5,17
4052.5,38
4052.7,12
4053.7,8
4053.7,30
4054.0,39
4054.0,9
4054.4,16
4055.3,21
4055.9,18
4057.4,35
4057.9,14
4059.1,19
4059.1,34
4059.5,10
4060.7,4
4060.7,37
4061.4,28
4061.5,1
4061.7,13
4062.6,3
4063.2,33
4064.0,38
4064.7,5
4064.7,29
4065.4,24
4065.6,32
4065.8,23
4066.1,15
4067.3,18
4067.4,34
4067.7,8
4068.4,27
4068.5,36
4068.6,26
4070.5,35
4070.5,1
4070.5,4
4070.5,9
4072.0,14
4072.4,38
4072.6,31
4073.3,2
4073.4,17
4074.3,13
4074.8,22
4075.2,23
4075.4,10
4075.9,8
4076.4,12
4076.6,28
4076.8,18
4078.4,34
4079.2,1
4079.2,29
4079.3,33
4079.5,19
4079.8,32
4079.9,39
4080.3,0
4080.6,5
4080.8,20
4080.9,21
4082.7,30
4083.1,26
4084.2,38
4084.6,3
4085.2,8
4085.9,9
4086.7,13
4086.8,23
4087.0,14
4088.4,15
4088.6,27
4088.8,16
4089.4,12
4089.6,1
4090.5,18
4090.9,35
4091.5,31
4092.1,17
4092.7,5
4092.9,37
4093.0,28
4093.6,22
4093.6,32
4093.7,8
4093.8,2
4093.9,4
4094.6,38
4096.7,34
4098.7,13
4098.8,26
4098.9,29
4099.1,19
4099.2,12
4099.4,36
4099.6,14
4099.8,7
4099.8,9
4099.8,10
4100.0,39
4101.3,8
4102.0,23
4102.1,1
4102.2,30
4102.5,33
4103.0,3
4103.4,32
4103.9,31
4104.5,15
4105.8,5
4106.0,38
4106.1,27
4106.6,18
4106.6,34
4106.7,17
4107.7,35
4108.0,1
4110.0,11
4110.0,19
4110.1,28
4110.4,4
4110.4,26
4110.9,24
4111.3,30
4111.4,29
4111.5,2
4111.6,9
4112.4,14
4114.2,8
4115.7,13
4116.2,12
4117.4,23
4117.6,34
4117.6,37
4117.7,21
4117.8,1
4118.3,5
4118.3,10
4118.5,31
4118.9,16
4119.0,32
4119.3,27
4119.3,33
4119.6,18
4119.6,22
4119.6,36
4119.6,38
4120.0,17
4120.4,8
4120.5,26
4122.3,4
4123.4,9
4123.8,29
4124.6,13
4125.2,14
4125.6,19
4125.7,7
4126.6,1
4126.8,18
4127.1,3
4127.2,20
4128.7,5
4128.7,34
4131.3,35
4132.4,39
4132.9,26
4133.0,8
4133.3,2
4133.3,32
4133.4,33
4133.5,28
4134.1,17
4134.1,38
4134.2,23
4134.5,1
4134.9,13
4135.9,14
4136.4,15
4136.6,36
4137.3,12
4137.7,34
4139.1,4
4139.1,9
4139.6,18
4140.2,5
4140.8,27
4142.6,8
4142.7,30
4142.8,10
4143.0,32
4143.8,28
4143.9,35
4144.2,31
4144.4,0
4144.9,1
4144.9,17
4145.0,3
4146.0,19
4146.0,26
4149.7,13
4149.8,38
4150.5,37
4150.6,34
4151.1,23
4151.1,29
4151.3,14
4151.9,32
4152.3,18
4152.8,8
4152.8,9
4153.5,26
4153.7,12
4153.8,39
4154.0,24
4154.3,1
4154.3,5
4155.2,17
4156.2,33
4156.8,2
4157.6,38
4158.3,31
4159.3,4
4159.3,16
4159.6,35
4159.9,14
4160.2,27
4160.2,28
4160.3,25
4160.4,13
4161.4,19
4161.7,32
4161.9,34
4162.0,1
4162.1,8
4162.9,22
4163.2,36
4165.8,26
4167.1,18
4167.6,10
4167.9,0
4168.1,33
4168.2,38
4169.0,15
4169.4,13
4170.3,1
4170.3,36
4170.7,9
4170.9,14
4171.1,29
4171.6,31
4171.8,4
4172.2,32
4172.3,11
4172.4,17
4172.5,34
4173.3,12
4173.5,23
4173.8,5
4173.9,30
4174.0,28
4174.7,39
4174.8,27
4175.1,21
4175.7,8
4177.2,19
4177.9,38
4178.2,13
4178.4,35
4179.5,18
4181.7,3
4181.8,10
4182.3,7
4183.0,14
4183.2,26
4183.3,1
4183.5,8
4183.8,2
4183.8,9
4185.5,34
4185.7,16
4186.1,29
4186.1,37
4186.3,31
4186.3,32
4187.3,33
4188.6,19
4189.2,18
4189.2,39
4189.4,5
4189.4,38
4189.7,28
4189.9,27
4190.0,23
4190.6,13
4190.7,34
4191.8,14
4192.0,22
4192.4,1
4192.8,30
4193.2,4
4193.3,9
4193.4,8
4193.6,17
4193.8,26
4195.0,12
4195.1,32
4195.1,35
4195.5,2
4195.8,3
4196.1,10
4197.6,18
4198.5,28
4199.6,13
4199.6,29
4200.0,15
4201.1,33
4201.4,23
4203.1,1
4203.4,8
4203.6,38
4203.8,21
4204.4,19
4204.6,5
4204.6,34
4204.6,31
4205.3,39
4205.6,0
4205.8,9
4205.8,24
4206.1,16
4206.4,27
4206.8,18
4206.9,26
4206.9,32
4207.6,28
4210.7,14
4210.7,37
4211.5,30
4211.5,35
4211.9,7
4212.6,1
4213.3,4
4213.4,3
4213.5,36
4213.8,17
4213.9,38
4214.5,13
4214.6,22
4214.7,2
4214.9,9
4215.8,32
4215.9,24
4216.0,34
4216.1,8
4216.3,19
4216.5,11
4216.8,29
4217.5,18
4217.6,10
4218.9,1
4218.9,23
4219.2,28
4221.1,33
4221.2,38
4221.4,12
4222.1,21
4224.0,5
4224.3,17
4225.6,31
4226.1,30
4226.7,20
4226.9,27
4227.1,13
4227.2,1
4227.2,39
4227.3,14
4227.7,15
4227.7,34
4228.1,35
4228.2,36
4228.5,8
4228.5,26
4229.3,32
4230.4,10
4230.5,18
4230.7,4
4230.8,9
4231.1,3
4232.2,1
4232.7,38
4233.1,29
4233.4,2
4233.4,12
4233.6,37
4234.1,19
4234.2,28
4236.1,13
4236.4,14
4236.7,16
4237.7,5
4237.7,8
4238.0,23
4238.2,33
4239.3,31
4239.9,36
4240.2,1
4240.3,34
4240.4,27
4240.6,17
4240.9,26
4241.1,15
4241.5,18
4242.0,29
4242.2,3
4242.4,0
4242.7,38
4243.4,8
4244.0,9
4244.7,4
4248.3,32
4249.1,24
4249.2,35
4249.4,22
4249.5,18
4249.8,11
4250.1,34
4250.4,1
4250.7,12
4250.7,19
4250.7,7
4250.7,28
4251.1,5
4251.1,13
4251.2,23
4251.2,38
4251.4,26
4251.9,20
4252.4,14
4252.5,4
4253.2,17
4253.7,8
4254.2,10
4254.3,27
4254.7,36
4256.1,31
4256.7,1
4257.2,30
4257.5,33
4258.0,2
4258.5,39
4259.0,15
4259.1,37
4259.2,34
4259.3,9
4259.3,32
4260.3,38
4261.4,18
4261.4,21
4261.8,4
4261.8,13
4261.8,14
4261.8,16
4261.9,29
4262.0,3
4262.3,35
4265.6,1
4265.8,5
4265.9,8
4266.3,26
4266.8,28
4267.1,23
4268.2,17
4268.9,10
4269.3,37
4269.5,19
4269.6,32
4270.0,38
4270.1,12
4270.6,34
4270.7,31
4271.1,27
4273.0,1
4274.7,18
4275.0,13
4275.8,15
4276.1,8
4276.4,9
4276.4,14
4276.6,22
4276.6,33
4277.7,0
4278.0,4
4279.2,5
4280.1,2
4280.3,34
4280.5,30
4281.0,26
4281.7,23
4282.3,1
4282.8,29
4283.0,17
4283.1,38
4284.9,12
4286.4,36
4287.0,18
4287.3,37
4287.5,27
4287.9,10
4287.9,31
4288.1,8
4288.4,19
4289.0,28
4289.0,32
4289.2,14
4289.4,1
4289.6,5
4289.6,35
4289.7,13
4291.5,34
4292.2,9
4292.5,33
4292.6,23
4292.6,25
4292.6,38
4292.9,20
4293.0,18
4294.5,16
4295.0,4
4295.1,7
4295.2,26
4295.5,15
4296.0,29
4296.6,3
4298.9,14
4298.9,21
4299.3,8
4299.7,1
4300.8,28
4301.0,39
4301.2,12
4301.7,34
4301.8,31
4302.1,33
4303.1,2
4303.5,32
4304.2,17
4304.7,13
4304.8,5
4305.1,18
4305.1,27
4305.5,19
4306.3,36
4306.9,38
4307.8,10
4307.9,1
4308.3,9
4309.5,26
4311.0,8
4311.0,23
4311.2,16
4311.7,35
4311.9,22
4312.1,0
4312.1,14
4313.7,3
4313.9,12
4314.0,4
4314.4,30
4314.7,29
4315.1,37
4316.1,34
4317.9,18
4318.0,5
4318.4,26
4318.9,19
4319.0,15
4319.3,33
4319.3,38
4319.5,1
4319.7,8
4319.8,13
4319.8,24
4319.9,36
4320.0,31
4320.4,28
4320.7,32
4321.9,9
4322.0,17
4322.3,39
4322.4,27
4323.0,4
4323.1,10
4323.4,2
4323.9,35
4325.0,14
4325.4,23
4326.2,34
4327.1,12
4327.6,18
4328.1,31
4328.4,1
4328.9,8
4329.0,19
4329.1,16
4329.3,33
4330.2,13
4331.9,5
4332.1,30
4332.1,32
4332.1,38
4333.8,9
4334.2,29
4334.4,26
4335.0,28
4335.1,34
4335.7,1
4336.5,20
4336.6,23
4336.8,21
4338.0,17
4339.9,8
4340.5,14
4340.8,27
4340.9,0
4341.1,15
4341.2,4
4341.6,3
4342.1,18
4343.0,36
4343.1,11
4343.4,1
4343.9,33
4343.9,38
4344.0,19
4344.6,39
4344.8,2
4344.8,35
4345.0,13
4345.1,12
4346.2,10
4346.4,32
4346.4,34
4347.2,5
4347.9,23
4348.2,18
4348.9,22
4349.7,9
4350.8,26
4352.8,16
4353.2,8
4353.5,1
4353.5,14
4353.8,28
4353.8,31
4353.9,36
4354.5,27
4354.5,38
4354.6,33
4354.8,4
4354.9,3
4355.1,30
4355.2,35
4356.8,29
4358.0,13
4358.0,34
4359.6,8
4359.6,37
4359.8,18
4360.7,12
4360.8,32
4360.9,21
4361.4,9
4362.4,17
4362.8,1
4364.0,26
4365.5,23
4365.6,14
4366.1,5
4366.2,38
4366.2,15
4366.5,16
4367.3,27
4367.4,34
4367.8,39
4369.0,10
4369.2,22
4369.2,32
4370.3,2
4370.6,4
4370.8,8
4371.1,1
4371.7,19
4371.8,33
4372.3,28
4374.0,3
4374.0,18
4374.7,24
4375.0,9
4375.0,35
4375.1,7
4375.1,36
4375.2,29
4375.2,31
4375.3,30
4375.4,13
4375.6,14
4375.7,0
4375.9,34
4376.9,38
4377.7,23
4377.9,1
4378.3,5
4379.0,37
4379.1,32
4380.2,18
4380.5,8
4380.8,2
4380.8,26
4381.4,20
4383.2,10
4383.3,12
4384.5,38
4384.7,13
4384.9,22
4384.9,28
4385.2,4
4385.6,17
4386.8,8
4387.2,1
4387.4,33
4387.6,3
4387.8,19
4388.1,34
4389.3,29
4390.4,9
4390.4,32
4391.5,27
4391.6,5
4392.0,14
4392.6,31
4392.9,15
4393.2,26
4393.5,35
4393.8,8
4393.9,18
4395.2,23
4395.5,10
4396.2,17
4396.3,12
4396.3,13
4396.4,16
4397.5,28
4397.5,30
4397.9,21
4398.4,36
4399.0,1
4400.1,14
4400.1,19
4400.8,33
4401.2,38
4401.9,2
4402.4,0
4403.0,34
4403.1,13
4404.0,37
4404.2,4
4404.2,32
4404.3,8
4405.2,9
4405.3,5
4405.4,3
4405.5,18
4405.6,1
4406.5,29
4406.8,31
4407.2,10
4408.1,27
4408.3,21
4410.3,15
4410.7,38
4410.8,39
4411.3,23
4411.8,20
4412.2,14
4412.2,35
4413.4,12
4413.4,34
4414.6,5
4415.3,1
4415.5,18
4416.8,13
4416.8,28
4417.1,19
4417.2,29
4418.0,8
4418.5,17
4419.4,36
4420.0,9
4420.1,12
4420.9,26
4421.3,2
4422.6,32
4422.9,1
4423.2,4
4423.5,23
4423.5,31
4423.6,27
4424.1,30
4424.2,33
4424.5,3
4424.8,14
4425.1,34
4425.4,38
4425.5,22
4426.7,13
4427.1,10
4427.1,18
4427.5,1
4429.0,17
4429.2,16
4429.4,29
4430.0,19
4430.4,8
4430.8,5
4431.8,21
4432.3,24
4432.5,9
4432.5,28
4432.9,25
4432.9,35
4433.6,34
4434.0,11
4434.1,26
4434.5,13
4434.6,12
4437.0,1
4437.4,27
4437.6,38
4438.7,14
4438.7,23
4438.8,39
4439.0,7
4439.4,30
4440.0,18
4440.7,15
4440.8,32
4441.2,0
4441.5,4
4442.1,19
4442.4,31
4443.6,8
4444.3,34
4444.6,13
4444.7,35
4445.4,3
4446.0,10
4446.2,9
4446.3,12
4446.4,1
4446.9,33
4447.0,38
4447.8,27
4447.9,20
4448.4,29
4449.1,23
4449.2,5
4449.8,26
4450.2,2
4450.3,36
4450.8,28
4451.2,18
4451.3,34
4452.5,8
4454.0,14
4454.0,32
4454.1,4
4454.3,1
4454.9,17
4455.1,16
4457.0,24
4457.4,22
4458.5,5
4458.5,9
4458.5,38
4459.1,34
4459.4,13
4459.6,18
4460.3,8
4461.0,35
4461.1,31
4462.0,32
4462.5,28
4462.6,29
4462.9,1
4463.1,3
4463.1,27
4464.0,19
4464.1,33
4464.6,14
4464.8,2
4464.8,15
4466.5,12
4466.6,26
4467.1,21
4467.1,30
4467.5,10
4467.8,13
4468.2,39
4468.4,38
4468.7,23
4469.3,34
4469.6,1
4469.8,8
4470.0,4
4471.4,18
4471.4,29
4472.6,19
4473.8,31
4474.2,37
4474.3,16
4474.3,32
4474.6,12
4474.7,5
4475.8,11
4476.5,0
4476.7,17
4476.7,38
4477.0,27
4477.3,9
4477.3,28
4477.4,34
4477.5,23
4477.7,33
4477.7,36
4478.0,1
4479.0,14
4479.6,4
4480.3,35
4480.6,8
4482.2,7
4482.5,13
4483.8,2
4484.9,26
4485.4,10
4485.5,18
4485.5,5
4485.9,9
4486.0,22
4486.3,15
4486.4,29
4486.5,12
4487.0,1
4487.2,17
4487.2,32
4487.3,14
4487.5,31
4488.4,8
4488.5,16
4488.7,38
4488.8,3
4488.8,33
4488.8,34
4488.9,0
4490.4,19
4490.6,23
4491.7,4
4491.7,24
4491.7,37
4492.2,27
4492.4,13
4492.9,1
4492.9,21
4493.3,28
4493.7,26
4493.7,36
4496.9,8
4497.3,29
4498.8,35
4499.1,18
4500.1,34
4500.6,32
4500.7,10
4500.9,1
4501.3,30
4501.7,20
4502.2,2
4502.7,39
4502.8,13
4503.7,9
4503.7,14
4504.0,38
4504.3,8
4504.4,5
4504.4,22
4504.5,17
4504.6,27
4504.9,23
4505.7,12
4505.7,36
4506.6,28
4508.5,1
4508.9,31
4509.7,15
4509.7,34
4509.9,18
4511.6,14
4511.6,23
4511.9,29
4512.5,33
4512.6,8
4512.9,19
4513.4,38
4513.6,26
4514.4,1
4514.9,13
4514.9,32
4515.9,9
4515.9,35
4516.3,4
4518.2,18
4519.3,34
4519.4,0
4520.7,5
4520.8,3
4522.1,37
4522.3,10
4522.4,2
4522.8,22
4522.8,27
4523.2,8
4523.6,14
4523.9,12
4523.9,16
4524.1,28
4524.5,30
4524.5,31
4524.8,19
4525.3,13
4525.7,1
4526.3,17
4526.3,23
4526.4,26
4526.8,9
4526.8,34
4527.2,21
4527.3,20
4528.1,32
4528.3,35
4528.3,36
4528.4,29
4528.5,33
4530.0,38
4531.5,18
4532.1,5
4532.7,8
4532.8,4
4534.4,15
4536.9,14
4537.0,24
4537.1,1
4537.2,32
4537.3,27
4538.5,29
4539.6,8
4540.0,13
4540.2,26
4540.6,28
4540.8,34
4540.9,10
4541.0,38
4541.7,18
4541.8,19
4542.2,35
4542.6,3
4543.2,2
4543.4,23
4543.8,1
4544.1,12
4544.5,5
4546.4,31
4546.6,34
4546.8,9
4549.4,7
4549.8,8
4550.1,32
4550.5,1
4550.5,4
4550.9,17
4551.0,3
4551.0,13
4551.0,27
4551.2,18
4551.3,22
4552.0,15
4552.5,39
4553.1,14
4553.6,38
4554.2,30
4554.2,33
4554.2,36
4554.5,28
4555.4,26
4555.5,19
4556.9,25
4557.6,5
4557.8,35
4558.0,34
4558.3,10
4559.5,9
4559.7,23
4560.4,8
4562.2,1
4562.7,13
4562.7,14
4563.2,29
4563.6,27
4563.6,32
4563.9,21
4563.9,31
4565.0,16
4565.2,18
4565.9,3
4566.1,38
4566.2,17
4566.4,28
4566.9,20
4567.7,23
4568.9,12
4569.4,13
4569.7,4
4569.8,34
4570.0,0
4571.6,8
4573.0,5
4573.1,39
4573.8,22
4574.3,1
4574.4,26
4574.4,33
4574.5,19
4574.6,36
4575.0,9
4575.6,35
4576.5,2
4576.5,32
4576.7,37
4577.2,23
4578.1,18
4578.3,30
4578.4,14
4579.0,31
4579.3,38
4579.9,13
4580.4,10
4580.5,11
4580.6,15
4580.7,34
4581.4,1
4581.4,17
4582.1,28
4583.3,7
4583.6,8
4583.7,29
4583.8,3
4585.0,16
4585.2,12
4586.0,36
4586.9,4
4587.1,5
4587.3,18
4587.4,27
4587.4,33
4587.6,32
4589.0,1
4589.4,14
4589.5,38
4589.9,2
4590.1,34
4590.6,13
4590.9,23
4591.7,31
4591.8,26
4591.8,19
4592.0,9
4593.2,8
4595.4,29
4595.6,0
4596.3,12
4597.2,21
4597.9,35
4599.0,1
4599.0,39
4599.1,4
4599.4,13
4599.7,24
4600.3,32
4600.6,14
4601.0,22
4601.6,34
4602.5,30
4602.5,18
4603.4,15
4603.6,8
4603.8,27
4603.9,10
4603.9,16
4604.0,38
4604.5,26
4604.6,31
4605.0,5
4605.5,28
4606.2,17
4606.4,2
4608.5,19
4608.6,1
4609.0,3
4609.0,23
4610.9,18
4611.2,12
4612.2,14
4613.5,13
4613.5,8
4613.5,9
4613.5,33
4613.7,4
4613.7,26
4614.3,35
4615.0,29
4615.0,38
4615.4,30
4615.5,32
4615.6,34
4616.2,36
4616.4,3
4617.3,39
4619.0,15
4620.5,0
4620.5,5
4620.8,23
4621.2,1
4621.5,28
4622.3,21
4622.6,9
4622.6,18
4623.4,34
4623.8,8
4623.8,27
4625.7,37
4625.7,16
4626.2,14
4626.7,13
4627.1,19
4627.6,12
4628.1,17
4628.4,38
4628.7,35
4629.1,29
4629.2,31
4630.8,4
4631.0,1
4631.1,32
4631.5,26
4631.5,39
4631.6,8
4632.9,33
4633.9,18
4634.5,10
4634.9,2
4635.1,9
4635.1,34
4635.2,25
4635.6,7
4636.0,21
4636.6,28
4636.8,5
4636.8,13
4636.9,14
4637.3,15
4638.4,4
4640.4,1
4641.5,26
4641.9,38
4642.4,17
4642.4,19
4643.1,29
4643.2,31
4643.2,36
4643.6,8
4643.6,23
4644.4,3
4644.6,12
4644.6,27
4644.8,32
4645.0,35
4645.2,18
4645.3,33
4645.5,34
4645.9,9
4646.7,13
4649.1,1
4649.2,14
4650.0,22
4650.6,37
4650.7,16
4651.0,20
4651.2,28
4651.9,38
4653.1,31
4653.6,18
4654.3,5
4654.6,4
4655.2,13
4655.7,32
4655.7,33
4655.8,21
4655.8,34
4656.1,30
4656.2,23
4656.9,8
4657.1,26
4657.6,27
4659.2,35
4659.3,1
4659.5,17
4660.3,19
4660.6,29
4661.0,9
4662.3,10
4662.3,15
4662.9,2
4663.1,14
4663.6,34
4664.1,18
4664.4,38
4664.5,13
4664.5,23
4664.6,31
4664.8,36
4664.8,37
4666.0,8
4666.3,3
4666.8,12
4666.8,28
4667.0,32
4667.3,1
4668.0,24
4668.6,5
4669.2,39
4670.4,30
4671.6,4
4671.8,0
4672.4,26
4673.2,22
4673.4,7
4673.4,17
4673.6,14
4673.6,38
4674.1,29
4674.3,27
4674.5,9
4674.5,33
4674.7,8
4674.8,35
4675.0,34
4675.1,31
4675.3,18
4677.2,16
4677.8,32
4678.4,1
4678.6,19
4679.2,10
4679.5,12
4679.6,23
4681.1,13
4682.7,38
4685.9,28
4686.3,5
4686.7,31
4686.7,1
4686.7,8
4687.3,4
4688.0,26
4688.2,34
4688.2,35
4688.5,18
4688.6,39
4688.9,13
4689.0,27
4689.4,14
4689.4,30
4689.7,3
4689.7,17
4690.1,9
4690.3,32
4690.4,36
4690.6,21
4690.7,33
4691.2,29
4692.1,12
4694.6,1
4695.6,7
4696.3,2
4696.5,15
4696.6,8
4696.6,19
4697.0,23
4697.2,11
4697.2,38
4698.7,34
4698.9,5
4699.9,37
4700.0,18
4700.0,26
4700.3,31
4701.8,1
4701.8,32
4702.4,29
4704.3,23
4704.5,12
4704.8,27
4705.2,13
4705.4,3
4705.7,20
4706.2,28
4706.3,14
4707.2,4
4707.8,9
4708.2,16
4708.2,17
4708.2,36
4709.4,38
4709.6,35
4709.9,34
4710.0,18
4710.1,33
4710.5,1
4711.3,8
4712.0,10
4713.5,2
4714.1,32
4714.3,19
4714.7,26
4715.2,22
4715.6,14
4715.8,29
4716.5,31
4717.5,5
4718.1,15
4718.3,0
4718.3,23
4718.3,38
4718.5,4
4718.5,24
4718.5,34
4718.6,35
4718.9,28
4719.1,13
4719.8,8
4720.2,18
4720.7,1
4720.9,27
4721.3,30
4722.1,12
4722.5,21
4724.0,39
4726.0,2
4727.0,32
4727.5,9
4728.2,19
4728.4,1
4728.7,34
4729.3,8
4729.6,37
4729.9,13
4730.7,5
4731.1,29
4731.2,31
4732.0,3
4732.0,7
4732.1,38
4732.2,14
4732.3,36
4732.4,33
4732.8,26
4732.9,4
4733.1,18
4733.2,16
4733.3,10
4733.3,28
4733.4,17
4734.5,23
4734.7,35
4734.8,1
4736.3,19
4739.9,14
4740.8,34
4741.4,8
4741.5,9
4742.6,18
4742.9,32
4743.0,22
4743.1,27
4743.2,30
4743.7,29
4743.9,5
4744.0,26
4744.0,31
4744.2,13
4744.6,38
4744.8,20
4745.7,1
4746.0,28
4746.4,9
4746.4,21
4748.5,4
4749.4,10
4749.9,23
4750.4,12
4751.3,18
4751.7,14
4751.9,19
4752.0,39
4752.1,15
4752.1,35
4753.3,1
4753.4,0
4753.7,2
4754.0,38
4754.9,7
4754.9,8
4755.1,34
4756.1,36
4756.6,13
4756.8,17
4757.1,9
4757.5,26
4758.1,19
4758.7,28
4759.9,5
4760.6,1
4761.9,4
4761.9,8
4761.9,27
4762.2,18
4762.5,33
4762.6,32
4762.7,31
4763.1,29
4763.3,16
4763.4,12
4763.4,13
4763.6,3
4764.1,20
4764.2,30
4764.3,37
4764.6,38
4764.9,14
4765.0,35
4765.8,34
4766.1,23
4768.1,1
4769.1,8
4771.5,24
4771.6,26
4772.5,18
4773.2,9
4773.5,12
4773.6,13
4774.0,5
4774.3,34
4774.4,10
4774.5,1
4774.6,39
4774.8,2
4774.9,21
4774.9,28
4775.4,29
4775.7,27
4776.2,4
4776.2,32
4777.8,38
4777.8,8
4778.1,0
4779.6,15
4780.5,23
4781.5,14
4781.9,11
4781.9,33
4782.0,31
4782.7,3
4784.2,26
4784.8,13
4784.8,17
4785.0,22
4785.3,28
4786.0,35
4786.1,1
4786.1,19
4786.3,38
4786.6,18
4786.7,5
4786.9,8
4788.4,9
4788.4,34
4789.5,32
4791.3,12
4792.0,36
4792.3,31
4792.6,4
4792.7,2
4792.9,29
4793.8,30
4794.0,20
4794.4,8
4794.6,23
4794.7,13
4795.6,3
4796.7,10
4797.3,1
4797.4,18
4797.6,24
4797.8,14
4798.4,38
4798.5,19
4798.6,34
4798.9,33
4799.5,27
4799.7,26
4800.0,15
4801.0,37
4801.3,28
4801.4,35
4801.4,39
4801.8,13
4801.8,22
4802.8,7
4803.3,9
4803.4,1
4804.3,8
4804.4,5
4804.6,17
4804.9,32
4805.2,4
4805.8,38
4808.3,29
4808.4,2
4808.5,18
4808.7,31
4809.0,23
4809.7,12
4809.8,30
4810.2,13
4810.6,0
4811.0,34
4811.1,14
4811.2,26
4811.3,5
4811.3,21
4811.7,38
4811.9,1
4812.9,8
4812.9,10
4814.7,16
4817.6,17
4817.7,19
4818.0,35
4818.6,28
4819.4,18
4819.4,32
4819.6,27
4820.0,20
4820.4,37
4820.5,36
4820.7,1
4821.1,9
4821.2,3
4821.4,30
4822.7,4
4823.0,5
4824.5,13
4824.6,12
4824.7,8
4824.7,34
4825.4,38
4825.9,23
4826.1,14
4827.3,31
4828.0,18
4828.1,29
4828.3,28
4829.1,2
4829.6,10
4830.3,1
4830.5,9
4830.5,13
4830.6,16
4830.9,33
4830.9,39
4831.7,26
4831.9,21
4835.6,34
4835.7,27
4836.0,25
4836.7,8
4836.8,32
4837.8,15
4837.9,38
4838.8,19
4839.1,12
4839.1,23
4839.1,17
4839.6,22
4840.9,29
4841.8,18
4842.1,1
4842.1,35
4842.7,4
4843.9,32
4844.4,14
4844.8,3
4844.8,13
4844.9,9
4845.1,8
4845.6,26
4845.7,5
4846.3,34
4846.6,31
4846.8,28
4846.8,37
4847.2,38
4847.5,2
4848.7,30
4849.3,36
4849.8,1
4850.0,39
4851.8,27
4852.1,20
4853.3,12
4853.7,13
4854.2,18
4854.8,28
4854.8,35
4855.7,10
4855.8,19
4855.9,8
4856.1,14
4856.3,26
4856.5,4
4857.2,17
4857.3,9
4857.3,34
4857.6,38
4857.7,21
4857.7,30
4857.8,23
4857.8,33
4857.9,29
4858.1,1
4858.6,15
4861.0,32
4862.2,5
4862.2,31
4862.3,2
4862.3,22
4863.3,13
4865.3,38
4866.0,8
4866.2,1
4866.7,4
4867.1,16
4867.3,39
4868.0,14
4868.5,36
4868.6,34
4868.7,3
4868.7,18
4869.6,29
4870.6,21
4870.6,27
4870.6,35
4870.7,9
4870.9,23
4870.9,33
4871.8,26
4871.9,15
4873.0,32
4875.0,12
4875.6,13
4875.9,5
4875.9,28
4876.0,19
4876.8,14
4877.0,17
4877.2,8
4877.4,18
4877.7,30
4877.9,31
4877.9,38
4878.3,10
4879.3,1
4879.3,3
4879.9,2
4880.6,11
4880.6,27
4880.6,34
4880.9,23
4884.0,4
4884.0,20
4884.3,12
4885.3,35
4885.7,13
4886.4,38
4886.8,8
4886.8,29
4887.4,26
4887.8,37
4888.1,28
4888.2,1
4888.4,9
4888.5,32
4889.3,14
4889.4,5
4889.6,18
4890.0,22
4890.1,7
4890.4,34
4891.1,33
4891.6,17
4892.0,31
4892.7,3
4892.9,2
4893.4,19
4893.9,23
4894.1,30
4894.3,27
4894.6,38
4896.6,1
4896.7,4
4896.7,8
4898.1,13
4898.4,18
4898.4,39
4898.6,26
4898.9,16
4899.2,34
4900.3,12
4900.3,36
4900.6,32
4900.8,15
4901.0,14
4902.0,9
4902.6,1
4902.8,10
4903.4,21
4904.8,5
4905.7,31
4907.8,28
4908.0,23
4908.2,38
4909.4,30
4909.5,29
4909.7,8
4910.0,1
4910.2,13
4910.6,34
4910.8,24
4911.4,0
4911.6,35
4912.0,18
4912.0,27
4913.3,26
4913.4,19
4914.3,14
4915.0,17
4915.3,9
4915.3,12
4917.2,32
4917.7,2
4917.9,4
4918.0,1
4918.4,37
4918.7,11
4918.7,38
4918.9,8
4919.0,31
4919.3,34
4920.3,3
4920.6,18
4921.1,39
4922.3,13
4922.5,35
4922.9,16
4923.0,10
4924.0,5
4924.9,1
4924.9,28
4925.0,17
4925.5,23
4925.5,29
4925.9,38
4926.2,27
4926.4,33
4927.7,20
4928.2,34
4928.6,9
4929.0,4
4929.3,8
4929.5,14
4930.5,7
4930.5,3
4930.9,19
4931.4,13
4931.8,26
4932.1,32
4932.2,18
4933.0,1
4933.2,21
4933.2,31
4933.6,12
4933.8,15
4935.0,22
4935.7,23
4935.7,29
4936.3,30
4936.5,34
4937.1,5
4937.5,38
4938.1,10
4938.2,2
4939.7,8
4939.7,9
4939.7,36
4940.0,14
4941.4,26
4941.6,13
4943.2,1
4943.3,32
4944.6,27
4945.4,17
4945.4,18
4946.1,39
4946.4,4
4946.9,33
4947.0,35
4947.5,34
4949.1,28
4949.7,29
4949.9,23
4950.6,13
4950.8,14
4951.2,31
4951.3,12
4951.5,8
4951.7,16
4951.9,1
4952.3,5
4953.0,26
4953.8,22
4954.5,38
4954.8,11
4954.8,19
4954.8,24
4955.5,32
4955.7,18
4956.7,4
4957.1,36
4958.1,34
4958.2,9
4958.9,1
4959.2,12
4960.7,2
4960.9,8
4962.0,13
4962.3,28
4962.6,3
4962.9,27
4962.9,30
4963.2,18
4963.9,15
4964.1,33
4964.6,38
4965.3,35
4965.5,23
4965.5,29
4966.8,10
4966.8,19
4966.8,26
4967.1,31
4967.5,9
4967.8,14
4967.9,17
4967.9,39
4968.0,1
4968.0,5
4968.1,7
4968.5,37
4969.4,0
4970.8,4
4970.9,34
4972.1,8
4972.7,13
4973.2,32
4974.8,18
4975.8,30
4976.6,2
4976.6,12
4976.6,16
4976.8,38
4977.1,27
4977.4,17
4977.7,29
4978.3,1
4978.6,36
4978.7,22
4978.9,33
4979.0,13
4979.2,9
4979.3,28
4979.5,34
4980.3,14
4980.9,8
4981.6,23
4981.7,4
4982.1,5
4982.5,10
4982.5,21
4982.5,35
4983.2,26
4983.4,18
4983.5,15
4984.9,31
4985.1,32
4985.8,1
4986.2,3
4988.2,19
4988.5,29
4988.8,8
4989.2,38
4991.2,27
4993.2,26
4993.4,13
4993.7,9
4994.0,16
4994.2,5
4994.6,28
4994.9,14
4994.9,34
4995.1,12
4996.2,1
4996.2,18
4996.2,37
4996.7,33
4996.9,8
4997.0,2
4999.9,32
5000.3,38
5000.5,23
5002.1,10
5002.8,29
5002.9,35
5003.0,15
5003.0,21
5003.0,34
5003.3,20
5004.4,22
5004.7,4
5004.7,27
5004.7,30
5005.5,1
5005.7,17
5005.8,26
5006.0,13
5006.1,18
5006.7,36
5007.3,14
5007.7,12
5009.5,5
5009.8,9
5010.3,32
5010.3,38
5010.8,19
5010.8,39
5010.9,28
5011.0,37
5011.0,8
5011.6,31
5012.5,2
5013.3,35
5013.4,0
5013.4,3
5013.4,7
5013.4,27
5013.5,34
5013.7,1
5013.8,23
5014.0,10
5014.6,18
5016.2,26
5018.8,15
5019.3,13
5019.5,29
5019.7,14
5020.0,8
5020.8,34
5021.2,4
5021.2,33
5021.7,23
5023.2,38
5023.5,16
5024.0,27
5024.1,32
5025.0,9
5025.9,1
5026.1,31
5026.6,5
5027.2,12
5027.8,26
5028.5,8
5028.5,34
5028.7,28
5029.2,14
5029.3,36
5031.5,19
5032.2,18
5032.8,17
5033.4,13
5033.6,3
5033.9,23
5034.2,10
5034.8,39
5034.9,35
5035.4,38
5036.5,2
5036.7,1
5036.7,9
5037.1,27
5037.8,32
5038.8,4
5040.0,14
5040.0,22
5040.2,5
5040.8,8
5041.3,30
5041.4,29
5041.7,26
5041.8,34
5042.2,18
5043.7,31
5043.7,38
5043.9,16
5043.9,28
5044.0,12
5044.2,1
5044.2,15
5044.2,19
5044.6,13
5044.7,3
5044.8,17
5044.8,37
5045.1,20
5045.5,27
5045.5,33
5046.0,23
5046.1,11
5046.4,14
5046.6,35
5047.9,18
5049.1,9
5049.4,8
5049.5,13
5051.8,21
5052.5,34
5054.0,7
5054.5,5
5054.9,1
5055.2,0
5055.4,4
5056.1,32
5056.7,3
5056.9,24
5057.4,18
5058.1,12
5058.2,28
5058.4,8
5058.4,31
5059.0,26
5059.1,23
5059.6,9
5059.7,2
5060.1,27
5061.0,29
5061.0,30
5061.2,22
5062.0,35
5062.1,17
5062.8,38
5063.5,1
5063.5,36
5064.5,14
5064.7,16
5065.0,34
5065.6,13
5066.2,33
5066.5,32
5066.9,39
5067.4,15
5067.9,10
5068.4,5
5069.1,8
5070.9,28
5073.5,38
5073.7,23
5073.8,19
5073.9,1
5074.1,26
5074.4,31
5075.0,9
5075.1,18
5075.4,20
5075.6,34
5075.7,29
5076.8,8
5076.9,4
5077.7,35
5077.8,14
5078.7,12
5078.9,32
5079.0,3
5080.5,7
5080.5,30
5080.7,33
5080.9,5
5081.5,27
5081.6,22
5082.9,13
5082.9,17
5084.5,1
5084.9,19
5084.9,21
5085.4,34
5085.5,35
5085.6,36
5085.9,26
5086.0,8
5086.0,18
5086.0,23
5086.0,37
5086.7,16
5087.0,24
5087.1,2
5087.1,9
5087.2,29
5087.6,38
5088.2,28
5089.0,39
5089.1,14
5089.9,31
5090.2,10
5090.3,4
5091.0,3
5091.1,1
5091.5,32
5094.3,12
5094.8,18
5095.0,13
5095.1,34
5096.4,0
5096.4,15
5096.4,17
5096.8,27
5097.5,8
5097.5,30
5098.3,5
5100.2,9
5100.5,26
5100.5,29
5100.5,38
5101.2,1
5101.2,33
5101.6,16
5101.6,32
5101.9,36
5102.2,11
5102.3,23
5102.8,14
5103.1,22
5103.1,31
5103.2,28
5104.5,34
5105.8,35
5106.1,19
5106.2,12
5106.2,18
5107.0,13
5107.2,4
5107.2,30
5107.3,8
5107.4,3
5107.7,1
5111.6,29
5111.8,39
5111.9,26
5112.8,38
5113.0,5
5113.8,2
5114.2,32
5114.3,10
5114.3,21
5114.5,31
5114.7,9
5114.8,27
5115.0,17
5115.6,20
5116.0,4
5116.2,23
5116.5,8
5116.5,18
5116.5,34
5116.8,1
5116.9,37
5117.0,12
5117.2,13
5117.6,14
5119.6,7
5120.2,35
5120.4,33
5121.8,19
5122.3,26
5122.9,28
5123.0,38
5123.1,8
5124.1,5
5124.2,13
5124.7,4
5124.8,36
5125.4,34
5126.2,31
5126.4,14
5126.6,29
5127.0,1
5127.4,12
5127.7,18
5128.3,10
5128.9,16
5129.6,32
5129.8,3
5130.9,9
5133.6,35
5133.9,23
5133.9,28
5134.1,22
5134.5,8
5135.1,1
5135.2,38
5135.3,27
5136.0,17
5136.0,34
5136.3,31
5138.1,13
5138.5,4
5138.5,26
5138.9,15
5140.3,5
5141.3,23
5141.7,18
5141.9,32
5142.6,12
5143.6,8
5143.8,19
5143.8,30
5143.8,39
5144.1,36
5144.3,33
5144.5,2
5144.5,14
5145.6,34
5146.7,25
5147.1,9
5147.5,35
5147.6,29
5147.7,1
5147.7,13
5147.8,3
5148.2,10
5148.8,38
5149.5,28
5150.1,18
5151.5,26
5151.9,12
5153.0,17
5153.4,11
5153.8,31
5154.6,5
5154.8,13
5155.5,1
5155.5,14
5155.7,32
5155.7,34
5156.0,8
5157.3,4
5157.7,19
5158.1,29
5158.3,38
5158.4,2
5158.5,0
5159.2,33
5160.8,21
5160.8,23
5161.7,1
5163.8,3
5164.2,28
5164.3,9
5164.7,27
5164.8,26
5165.3,12
5165.5,18
5165.9,35
5165.9,37
5166.3,30
5166.5,34
5166.8,36
5167.4,17
5167.6,16
5167.7,5
5167.7,13
5167.8,10
5168.3,32
5168.8,8
5169.4,38
5169.5,22
5169.9,14
5170.3,1
5171.6,29
5172.5,31
5173.2,20
5174.5,19
5174.7,23
5174.9,33
5175.4,9
5176.3,4
5176.8,8
5176.8,28
5177.7,39
5179.0,3
5179.4,13
5179.8,34
5180.5,1
5181.0,18
5181.6,12
5181.6,38
5182.3,5
5182.5,26
5183.0,0
5183.6,30
5184.0,21
5184.1,9
5184.2,31
5184.8,35
5185.4,14
5185.4,32
5186.2,24
5187.2,4
5187.8,10
5187.8,27
5188.4,13
5188.5,8
5188.9,19
5189.4,17
5189.5,33
5189.7,23
5189.9,1
5189.9,29
5190.1,34
5190.2,2
5190.4,36
5190.8,18
5193.1,38
5193.6,9
5194.5,15
5197.2,1
5197.5,12
5197.7,3
5197.7,14
5197.7,35
5198.0,34
5198.2,8
5198.5,22
5198.7,28
5199.4,16
5199.7,32
5199.8,26
5201.0,13
5201.1,2
5201.9,5
5201.9,31
5202.6,18
5202.8,29
5203.1,7
5203.6,27
5203.6,37
5204.2,33
5204.4,1
5204.9,20
5205.2,4
5205.2,9
5205.2,19
5205.2,38
5206.6,34
5206.9,10
5207.1,17
5208.2,23
5209.0,8
5209.0,21
5210.9,39
5211.0,5
5211.0,28
5211.1,13
5211.3,12
5212.2,14
5213.1,31
5213.2,18
5214.1,1
5214.1,38
5214.6,35
5215.6,32
5216.6,15
5217.1,34
5219.0,2
5219.0,8
5219.0,36
5219.1,27
5219.3,3
5219.5,26
5219.5,33
5221.2,16
5221.2,38
5221.3,20
5221.7,1
5222.1,14
5223.7,28
5223.8,30
5224.4,19
5224.8,9
5225.4,18
5225.7,23
5225.9,8
5226.2,4
5226.2,10
5228.7,32
5229.0,1
5229.6,12
5229.9,39
5230.0,34
5230.3,5
5230.8,31
5230.9,35
5231.1,38
5231.4,26
5231.6,22
5232.0,13
5232.1,0
5232.4,18
5233.0,9
5233.1,14
5233.3,29
5233.4,17
5233.7,33
5233.8,8
5233.9,36
5234.2,4
5234.2,27
5235.1,19
5235.5,21
5236.0,1
5237.3,2
5238.2,34
5239.7,3
5240.9,38
5241.5,13
5242.7,18
5243.0,1
5243.2,10
5243.5,15
5243.6,5
5244.4,31
5244.6,11
5244.6,37
5245.2,23
5245.3,35
5245.5,28
5246.3,20
5247.3,8
5247.7,32
5247.9,34
5248.5,26
5250.1,19
5250.5,9
5250.7,14
5251.2,12
5251.5,36
5251.7,29
5251.8,1
5252.6,21
5252.8,2
5252.9,4
5252.9,17
5253.4,33
5253.7,38
5254.5,0
5255.2,31
5256.1,18
5256.2,27
5256.7,34
5257.1,8
5257.7,13
5258.5,9
5258.8,7
5259.7,3
5260.6,1
5261.0,5
5261.7,19
5262.1,14
5262.1,26
5262.2,23
5263.6,32
5263.6,38
5264.2,12
5264.7,15
5264.7,28
5265.0,18
5265.2,16
5265.8,30
5265.9,22
5265.9,27
5265.9,8
5265.9,35
5266.4,4
5266.4,39
5266.7,34
5267.4,10
5268.6,13
5269.2,19
5269.2,31
5270.2,17
5270.6,1
5271.7,33
5271.7,29
5272.2,18
5272.9,8
5273.6,20
5273.9,37
5275.4,23
5275.5,36
5275.6,14
5275.8,34
5276.0,38
5276.2,26
5276.3,32
5276.6,39
5276.9,2
5276.9,27
5277.1,16
5277.1,24
5277.3,9
5278.1,13
5279.9,21
5280.8,1
5281.8,30
5282.9,8
5283.4,5
5283.7,12
5283.8,38
5284.2,19
5286.9,28
5286.9,32
5287.5,13
5287.6,18
5287.6,33
5287.9,34
5288.1,9
5288.7,4
5288.7,27
5288.8,1
5289.0,14
5289.3,10
5289.5,35
5290.6,2
5290.8,36
5291.8,22
5291.8,26
5292.4,29
5292.5,38
5293.4,5
5293.7,8
5293.8,12
5295.1,17
5295.6,34
5295.9,15
5296.6,9
5296.7,23
5297.0,3
5297.5,37
5297.9,18
5299.0,35
5299.1,32
5299.8,1
5300.0,31
5301.0,14
5301.3,4
5301.6,33
5301.8,13
5302.7,39
5302.8,27
5304.0,38
5304.7,30
5304.9,0
5305.0,28
5305.2,21
5306.3,7
5306.9,19
5307.4,8
5308.4,34
5309.0,26
5309.4,1
5309.4,5
5310.0,18
5310.1,10
5310.3,2
5310.3,16
5310.4,9
5311.0,13
5311.2,14
5311.2,23
5311.5,12
5311.5,35
5311.6,22
5311.9,27
5312.0,15
5312.0,32
5312.4,36
5312.5,20
5314.7,29
5315.0,31
5315.6,34
5315.7,30
5316.2,33
5316.9,17
5318.2,4
5318.4,38
5319.2,28
5319.3,8
5322.4,5
5322.6,13
5323.2,1
5324.1,19
5324.5,26
5324.8,15
5324.8,35
5325.2,18
5326.0,34
5326.1,24
5326.6,12
5326.6,21
5326.6,39
5326.7,9
5326.9,8
5327.6,30
5328.4,2
5328.4,32
5329.1,14
5329.4,3
5329.4,4
5329.6,22
5329.6,38
5330.1,13
5330.1,27
5330.3,1
5331.6,28
5332.1,10
5332.2,23
5332.2,29
5332.4,0
5335.1,31
5335.2,37
5335.7,16
5335.9,34
5336.1,24
5336.9,19
5337.4,1
5337.6,8
5337.9,17
5338.3,26
5338.6,9
5338.6,18
5338.7,5
5340.1,27
5340.3,35
5340.8,39
5341.8,36
5342.1,38
5343.0,14
5343.9,33
5344.4,29
5345.4,1
5345.6,13
5346.0,32
5347.0,28
5347.3,18
5347.9,23
5348.3,2
5348.5,8
5348.6,4
5348.7,31
5349.0,10
5349.1,20
5349.8,9
5350.2,3
5350.2,17
5350.6,13
5350.8,34
5351.1,5
5351.7,35
5351.8,1
5351.8,12
5352.1,38
5352.2,26
5354.0,32
5354.6,15
5354.7,14
5355.4,30
5355.9,27
5356.5,7
5356.6,37
5357.4,21
5357.9,8
5358.1,34
5358.3,24
5358.6,19
5359.0,18
5359.7,28
5360.5,1
5360.7,29
5361.4,4
5361.6,13
5361.8,9
5361.8,31
5362.2,35
5362.4,33
5364.9,38
5366.4,3
5366.4,10
5366.7,5
5366.8,2
5367.0,16
5367.4,27
5367.9,14
5367.9,26
5368.2,11
5368.2,32
5368.2,34
5368.8,23
5368.9,36
5369.5,18
5369.6,30
5370.1,8
5370.9,1
5370.9,12
5371.2,17
5371.4,13
5371.9,19
5373.7,4
5374.4,14
5374.9,39
5375.2,31
5375.2,38
5376.1,28
5376.3,33
5376.8,32
5377.0,26
5377.1,21
5377.7,1
5378.3,18
5378.3,34
5379.2,29
5379.5,23
5379.7,9
5379.7,15
5379.9,8
5381.3,36
5381.4,22
5382.7,38
5383.6,5
5383.6,10
5383.8,37
5384.0,35
5384.3,19
5385.9,13
5386.4,1
5386.4,12
5386.4,14
5386.8,4
5387.1,0
5387.4,3
5387.4,17
5387.4,27
5388.2,28
5388.8,8
5389.1,34
5389.3,29
5389.4,31
5389.7,26
5389.8,32
5390.0,16
5390.6,33
5391.2,2
5391.9,23
5392.4,30
5392.6,18
5394.3,9
5394.7,19
5396.1,24
5396.2,1
5396.7,35
5397.7,10
5397.7,14
5398.2,5
5398.2,13
5398.8,18
5399.2,8
5399.5,12
5400.8,38
5400.9,23
5401.0,34
5401.8,36
5401.9,2
5402.0,32
5402.1,22
5402.5,0
5402.8,4
5403.4,3
5404.0,1
5404.1,11
5404.3,39
5405.0,28
5405.1,8
5405.2,15
5406.1,17
5406.5,29
5406.9,26
5407.2,33
5408.9,14
5409.2,27
5409.4,9
5409.4,37
5409.8,34
5411.0,5
5411.2,18
5411.5,38
5412.3,31
5412.6,30
5412.7,16
5412.7,19
5413.0,10
5413.4,24
5413.7,1
5414.4,12
5414.6,13
5415.3,26
5415.7,4
5415.8,35
5416.3,8
5416.8,34
5417.5,7
5417.6,32
5417.8,3
5421.2,14
5421.6,2
5422.3,36
5422.4,29
5422.6,18
5422.6,28
5422.6,33
5423.0,1
5423.4,19
5423.8,9
5423.8,27
5424.1,38
5424.5,34
5424.9,31
5425.1,21
5425.2,13
5425.8,3
5426.5,32
5427.1,23
5427.3,4
5428.9,17
5429.4,8
5430.4,14
5430.4,35
5430.8,15
5431.6,12
5431.9,2
5432.9,26
5433.1,0
5433.6,1
5433.7,39
5433.9,30
5434.3,18
5434.7,5
5435.1,29
5435.3,34
5435.7,20
5436.1,8
5436.6,13
5436.7,19
5437.1,38
5437.6,22
5437.6,27
5439.3,23
5440.1,24
5440.6,32
5440.9,16
5441.1,10
5441.1,28
5441.2,33
5441.4,31
5441.9,36
5442.1,1
5443.0,9
5444.3,35
5445.2,18
5446.8,4
5447.5,8
5447.7,13
5447.7,17
5447.7,26
5447.7,34
5447.8,3
5448.0,14
5448.2,2
5448.2,38
5448.5,0
5449.9,5
5450.0,25
5450.0,29
5450.3,15
5451.5,1
5452.2,21
5452.2,32
5453.8,12
5453.8,23
5453.9,9
5453.9,16
5454.2,37
5454.8,31
5455.1,19
5455.4,27
5455.4,30
5455.4,34
5457.0,14
5457.2,33
5457.7,6
5457.9,28
5458.5,26
5459.5,4
5459.5,8
5459.7,5
5459.7,18
5460.7,1
5461.9,13
5462.2,35
5463.4,38
5463.5,10
5463.6,29
5464.1,34
5464.3,17
5466.6,2
5466.7,22
5466.8,9
5466.8,23
5466.8,32
5468.3,18
5468.3,19
5468.5,1
5469.0,14
5469.6,26
5469.6,31
5470.0,8
5470.0,36
5470.4,27
5470.8,11
5470.8,28
5471.3,5
5471.7,16
5471.7,33
5471.9,21
5472.2,29
5472.9,24
5473.6,13
5473.9,12
5474.7,39
5475.3,38
5475.4,3
5475.9,20
5476.2,32
5477.5,34
5477.8,4
5478.2,8
5478.4,14
5478.4,15
5479.0,30
5479.2,1
5479.5,2
5479.5,10
5479.5,26
5479.7,18
5480.2,35
5480.7,27
5480.7,28
5480.8,13
5482.8,23
5483.9,17
5484.7,34
5485.1,5
5485.1,25
5485.5,12
5485.7,19
5486.5,33
5487.0,32
5487.9,38
5488.1,9
5488.9,29
5489.8,1
5490.8,8
5490.9,14
5491.2,10
5491.2,18
5491.4,0
5491.4,13
5491.5,31
5491.7,15
5491.9,16
5492.3,34
5492.3,39
5492.4,30
5492.7,2
5493.2,23
5496.5,26
5496.5,38
5496.7,4
5497.3,3
5497.9,5
5499.0,28
5499.1,8
5499.2,1
5499.2,22
5499.9,9
5500.4,36
5500.7,27
5500.9,24
5500.9,35
5501.1,32
5501.4,12
5501.9,16
5502.0,14
5502.0,33
5502.1,19
5502.4,21
5502.8,17
5504.0,38
5504.6,1
5505.4,5
5506.7,20
5506.8,18
5506.9,29
5507.1,30
5507.1,37
5507.3,34
5507.7,13
5507.9,23
5508.5,32
5508.8,35
5509.3,8
5510.3,4
5511.9,31
5512.0,14
5512.4,28
5513.7,9
5513.9,38
5514.8,1
5514.8,10
5516.9,34
5517.4,2
5517.9,0
5517.9,16
5518.6,3
5518.7,26
5518.9,17
5519.1,5
5519.2,23
5519.4,39
5519.5,8
5519.5,13
5519.6,18
5520.1,27
5520.9,15
5521.4,12
5521.9,19
5522.1,1
5522.4,32
5522.4,33
5523.2,9
5523.6,38
5524.8,36
5526.2,4
5526.8,29
5526.9,35
5527.2,8
5527.2,14
5528.9,34
5529.3,26
5530.5,10
5530.8,30
5531.1,28
5532.0,23
5532.1,22
5532.3,13
5533.2,1
5533.2,27
5533.4,17
5533.6,15
5533.8,19
5534.1,18
5534.4,33
5534.6,31
5535.0,14
5535.1,12
5536.6,38
5537.5,21
5537.6,8
5537.8,29
5538.1,3
5538.2,26
5538.5,34
5539.4,37
5539.7,28
5540.2,5
5540.2,20
5540.5,32
5540.8,9
5542.0,35
5542.9,18
5543.0,1
5543.9,4
5545.1,13
5546.5,14
5547.5,8
5548.6,33
5548.8,10
5548.8,30
5549.1,2
5549.1,15
5549.3,17
5549.4,16
5549.4,34
5549.5,19
5550.2,27
5550.4,31
5550.6,1
5550.8,0
5550.9,18
5551.5,13
5552.7,28
5553.3,26
5553.3,29
5553.5,4
5554.5,38
5555.1,23
5556.1,39
5556.2,8
5556.2,12
5557.2,32
5557.3,9
5557.4,22
5557.4,34
5559.0,1
5559.0,5
5559.2,24
5559.7,14
5560.1,35
5560.5,18
5563.0,33
5563.2,38
5563.9,3
5564.1,16
5564.2,17
5564.7,15
5565.3,2
5565.6,13
5566.2,26
5566.2,31
5566.4,36
5566.9,27
5567.3,19
5567.4,12
5567.7,34
5567.7,10
5567.9,8
5568.3,1
5568.3,37
5569.0,14
5570.2,4
5570.5,5
5571.1,32
5572.0,18
5572.4,38
5573.0,29
5573.8,9
5573.9,28
5574.6,19
5574.6,30
5575.1,23
5576.2,35
5576.4,34
5576.9,8
5576.9,20
5577.3,1
5577.4,3
5578.0,33
5578.3,31
5579.0,39
5579.2,13
5579.4,14
5580.5,18
5580.6,26
5580.7,29
5581.5,4
5582.1,12
5582.2,32
5582.5,27
5583.7,10
5583.8,15
5584.0,1
5584.4,0
5584.7,38
5585.7,17
5586.1,11
5586.5,22
5586.7,23
5587.3,8
5587.3,35
5587.4,9
5587.8,2
5588.5,5
5588.7,34
5589.7,19
5589.9,21
5590.6,4
5591.4,30
5591.8,28
5592.0,16
5592.0,18
5592.6,14
5593.5,29
5594.3,27
5594.8,36
5594.9,8
5595.7,1
5595.8,13
5596.3,38
5596.6,31
5597.2,34
5597.5,32
5597.6,37
5597.7,24
5597.8,26
5597.9,12
5598.2,33
5600.2,3
5600.8,9
5601.1,14
5601.2,15
5601.3,35
5602.7,29
5603.2,17
5603.5,7
5603.7,39
5604.0,1
5604.6,19
5604.8,23
5605.5,2
5605.5,10
5605.5,18
5605.8,5
5606.0,30
5606.1,4
5606.1,8
5606.1,31
5606.5,32
5607.0,13
5609.9,34
5610.0,38
5612.2,22
5612.3,1
5612.5,28
5613.1,18
5613.3,9
5613.4,8
5613.9,26
5614.6,10
5615.0,19
5615.2,36
5615.7,24
5615.7,27
5615.8,29
5616.0,14
5616.1,5
5616.1,12
5619.8,13
5620.4,35
5621.1,4
5621.5,32
5621.7,28
5621.8,31
5621.8,33
5622.1,1
5622.3,34
5622.5,14
5622.5,17
5622.5,20
5622.6,21
5622.6,23
5623.5,3
5623.5,38
5623.8,18
5625.1,37
5626.9,5
5627.0,8
5627.1,27
5628.2,13
5628.4,16
5628.4,30
5631.3,14
5631.3,17
5631.6,1
5631.8,26
5632.1,35
5632.3,31
5632.9,38
5633.5,9
5634.2,39
5634.3,15
5635.3,8
5635.3,18
5635.4,2
5635.4,28
5635.4,34
5635.7,12
5635.7,19
5635.9,29
5636.0,23
5638.3,32
5639.2,33
5640.0,5
5640.3,27
5640.5,1
5640.5,24
5640.7,36
5640.8,13
5640.9,10
5641.2,21
5641.4,14
5641.8,3
5644.4,38
5645.5,35
5646.4,26
5647.1,8
5647.5,37
5647.8,1
5647.8,4
5647.9,17
5648.0,18
5648.0,23
5648.0,28
5648.0,31
5648.0,34
5649.1,30
5649.5,13
5649.6,29
5649.8,39
5651.1,12
5651.8,20
5652.2,22
5652.3,2
5653.6,32
5653.7,33
5654.3,9
5654.6,19
5654.8,1
5655.1,5
5655.7,38
5656.7,14
5657.2,29
5657.3,21
5657.6,34
5657.8,27
5658.5,3
5658.7,4
5658.8,18
5660.4,8
5661.5,23
5662.3,1
5662.3,16
5662.5,31
5662.8,28
5663.4,13
5663.4,19
5663.7,32
5664.2,10
5664.4,15
5664.5,36
5666.0,9
5666.1,26
5666.3,2
5666.3,35
5667.0,17
5667.2,14
5667.5,18
5668.2,38
5668.9,3
5668.9,22
5669.3,27
5669.7,4
5669.7,33
5670.1,8
5670.2,5
5670.4,39
5671.2,12
5672.9,10
5674.0,1
5674.4,34
5675.1,13
5676.0,9
5676.2,23
5676.7,18
5676.8,30
5677.0,32
5677.8,28
5678.0,38
5678.3,8
5678.7,31
5679.8,29
5679.9,14
5680.2,35
5680.4,26
5680.8,20
5681.7,34
5683.4,1
5683.9,5
5684.4,32
5685.1,27
5685.2,13
5685.9,19
5686.0,4
5686.0,17
5686.2,3
5686.2,16
5686.3,8
5686.3,24
5686.5,36
5686.9,12
5687.0,0
5687.1,37
5688.2,14
5688.5,18
5689.0,38
5689.6,23
5689.7,15
5689.7,9
5690.2,29
5690.9,26
5691.2,34
5691.5,33
5692.7,1
5692.7,2
5692.7,28
5693.7,10
5693.8,21
5695.3,8
5695.9,3
5695.9,31
5697.8,7
5697.8,35
5698.1,13
5698.9,5
5699.8,38
5700.3,12
5700.8,27
5701.2,39
5701.3,14
5701.3,22
5701.7,34
5701.9,19
5702.2,29
5702.9,4
5703.4,30
5703.6,1
5703.6,18
5703.8,32
5704.5,31
5705.3,10
5705.6,23
5705.7,17
5705.8,8
5706.8,2
5707.1,16
5707.7,26
5709.1,13
5709.3,36
5709.4,3
5709.6,38
5709.9,18
5711.0,20
5711.4,28
5712.1,1
5712.3,9
5712.4,33
5712.4,37
5713.7,34
5713.9,15
5713.9,39
5714.5,12
5715.1,5
5718.1,14
5718.3,4
5718.7,8
5719.7,0
5719.8,23
5720.2,10
5720.2,19
5720.2,31
5720.3,35
5720.3,38
5720.4,32
5720.8,27
5721.3,1
5721.6,18
5721.6,29
5721.8,33
5722.3,17
5722.6,21
5722.7,9
5722.7,13
5722.7,24
5722.8,34
5723.1,26
5725.4,16
5726.6,8
5728.5,28
5729.0,30
5730.4,34
5730.5,5
5731.1,38
5731.7,36
5732.1,14
5733.0,22
5733.2,35
5733.7,1
5733.7,15
5733.8,12
5733.9,18
5734.4,4
5734.5,37
5734.7,39
5735.1,7
5735.3,33
5736.0,13
5736.4,19
5736.5,32
5736.9,23
5737.6,10
5737.7,3
5738.0,27
5738.3,29
5739.4,34
5739.7,31
5740.2,20
5741.1,2
5741.9,8
5742.1,1
5742.6,9
5743.7,28
5743.8,26
5744.1,5
5744.2,17
5744.2,18
5744.4,16
5746.0,38
5746.9,11
5747.1,21
5747.2,14
5748.0,32
5748.2,13
5750.1,1
5751.0,33
5751.2,8
5751.4,31
5752.5,34
5754.0,5
5754.1,38
5754.7,36
5755.2,27
5755.2,9
5755.2,24
5755.4,19
5755.7,29
5756.1,10
5756.1,35
5756.4,15
5756.4,23
5756.4,30
5756.7,28
5757.0,22
5757.3,18
5757.7,26
5757.8,1
5757.9,8
5758.9,14
5759.4,39
5759.6,32
5759.7,2
5760.9,0
5760.9,12
5762.1,25
5762.4,13
5762.9,4
5763.8,7
5764.0,31
5764.1,28
5764.1,34
5764.6,38
5764.7,3
5764.7,37
5764.9,29
5765.2,33
5767.0,1
5767.0,17
5767.1,8
5767.9,23
5769.3,9
5769.3,21
5770.6,14
5771.0,18
5771.7,5
5771.9,34
5772.3,36
5772.4,15
5772.8,19
5773.5,38
5773.6,12
5773.8,32
5774.1,35
5774.7,27
5775.1,13
5776.1,0
5776.2,10
5776.2,26
5776.4,31
5776.6,16
5776.8,17
5777.2,23
5778.3,1
5779.0,18
5780.0,14
5780.7,8
5781.4,28
5781.9,30
5782.9,4
5782.9,24
5783.1,20
5783.3,34
5783.4,2
5783.4,9
5785.9,39
5786.1,1
5786.7,12
5786.8,13
5787.3,3
5787.7,10
5787.8,5
5787.8,27
5787.8,35
5787.8,38
5788.0,31
5788.6,29
5788.7,33
5788.8,18
5789.1,15
5789.7,19
5789.7,23
5790.3,14
5790.3,21
5790.5,30
5791.0,32
5791.5,36
5792.2,8
5792.7,26
5793.3,34
5794.1,17
5795.2,1
5796.9,22
5797.5,23
5797.6,38
5797.6,28
5799.1,13
5799.1,4
5799.4,2
5799.4,5
5799.7,31
5799.7,32
5799.9,14
5800.0,18
5800.5,9
5800.7,35
5801.7,12
5802.1,34
5802.4,8
5803.0,19
5804.0,36
5805.2,39
5806.3,15
5806.7,1
5806.8,26
5807.8,37
5808.0,24
5808.2,14
5808.8,33
5809.1,21
5809.3,38
5809.8,5
5809.8,18
5810.1,27
5810.9,29
5811.2,3
5811.2,16
5811.3,34
5812.4,12
5813.2,13
5813.2,1
5813.4,8
5813.4,28
5814.0,4
5815.5,32
5815.9,17
5816.5,7
5816.9,0
5817.3,9
5817.6,35
5817.7,30
5818.9,19
5819.4,10
5820.0,31
5820.2,18
5820.3,23
5820.4,22
5821.1,8
5821.4,20
5821.8,14
5822.4,34
5824.8,1
5824.8,5
5824.9,26
5825.0,9
5825.0,38
5826.1,13
5828.4,8
5829.0,29
5829.6,11
5829.9,4
5830.1,15
5831.1,1
5831.3,2
5831.6,28
5831.7,12
5831.8,21
5832.1,3
5832.4,19
5832.4,33
5832.7,17
5832.9,27
5833.2,34
5833.8,14
5833.8,32
5833.8,38
5834.7,18
5835.0,31
5835.3,13
5838.1,39
5838.3,23
5838.7,22
5838.8,1
5839.3,36
5839.4,4
5839.7,5
5840.0,8
5840.0,37
5840.5,27
5840.6,16
5841.7,34
5842.4,26
5842.9,38
5843.0,9
5845.8,35
5846.0,29
5846.2,12
5846.3,28
5847.4,32
5847.6,14
5848.4,19
5848.5,8
5848.5,13
5848.8,1
5848.9,18
5849.4,33
5849.4,4
5849.4,10
5849.7,30
5849.8,38
5850.1,34
5850.5,23
5850.8,26
5852.0,15
5853.3,5
5854.9,9
5855.0,2
5855.0,32
5855.3,27
5855.8,36
5856.3,31
5858.0,17
5858.1,14
5858.4,0
5858.4,28
5858.7,1
5859.4,3
5860.1,8
5862.0,15
5862.4,4
5862.4,24
5862.7,13
5862.8,12
5862.8,18
5862.9,29
5863.5,38
5863.5,23
5863.7,22
5863.7,34
5863.8,1
5863.9,10
5863.9,32
5863.9,35
5865.6,25
5865.6,33
5866.9,39
5867.1,9
5867.1,16
5867.3,19
5867.9,17
5868.0,2
5868.9,8
5869.0,31
5869.3,5
5869.6,27
5869.8,18
5870.2,20
5871.2,13
5872.3,26
5873.4,30
5874.0,1
5874.4,14
5874.5,37
5874.7,32
5874.7,36
5874.9,34
5874.9,38
5875.1,21
5875.9,29
5877.1,12
5878.1,28
5878.9,9
5879.8,8
5879.8,35
5879.9,3
5882.0,4
5884.1,18
5884.5,1
5884.7,39
5885.3,17
5885.3,34
5885.5,33
5885.9,12
5886.2,30
5886.4,23
5886.7,13
5886.9,5
5886.9,31
5887.0,16
5887.9,32
5888.3,22
5889.4,14
5889.4,19
5889.7,2
5890.0,38
5890.3,26
5890.7,8
5890.7,15
5890.7,28
5891.1,10
5891.2,9
5893.5,34
5893.8,1
5894.0,4
5895.9,27
5897.2,35
5897.4,13
5897.7,14
5897.8,18
5898.4,29
5898.4,32
5899.1,12
5899.3,3
5899.7,23
5899.7,38
5900.0,39
5900.4,28
5900.6,7
5900.7,8
5901.8,20
5902.1,36
5902.4,1
5902.4,26
5902.8,21
5905.2,31
5905.3,9
5905.7,17
5905.8,5
5906.0,33
5906.2,19
5906.3,4
5907.0,14
5907.1,34
5907.4,18
5907.9,10
5907.9,30
5908.4,1
5908.4,15
5908.4,32
5908.9,38
5909.1,2
5909.8,37
5911.9,0
5912.3,13
5913.8,34
5914.0,29
5914.2,8
5915.0,16
5915.3,14
5915.3,27
5915.5,12
5915.9,28
5915.9,35
5916.2,9
5916.8,1
5917.6,26
5918.2,36
5918.3,32
5918.5,23
5920.2,5
5920.3,19
5920.4,38
5921.1,17
5921.3,18
5921.6,13
5923.0,10
5923.8,34
5924.1,8
5924.1,31
5925.1,3
5925.5,39
5925.7,1
5925.9,15
5925.9,23
5925.9,28
5926.0,21
5927.0,9
5927.3,4
5927.8,12
5928.3,22
5929.6,18
5929.6,27
5929.8,2
5930.0,14
5932.3,13
5932.8,20
5935.7,5
5936.2,29
5936.2,38
5936.3,31
5936.3,34
5936.5,19
5936.7,26
5936.9,23
5937.2,16
5937.3,17
5937.7,14
5937.7,32
5937.8,1
5938.0,33
5938.1,8
5938.2,3
5938.4,39
5938.9,9
5939.1,4
5939.1,30
5939.4,11
5942.2,13
5942.6,18
5945.1,12
5946.0,15
5946.1,10
5946.1,27
5946.5,28
5946.6,8
5947.5,16
5947.8,37
5948.4,36
5948.5,1
5948.9,5
5949.5,23
5949.8,21
5949.8,38
5949.9,32
5950.1,31
5950.8,9
5951.4,17
5951.9,34
5952.5,35
5953.7,29
5954.3,14
5954.3,19
5954.3,26
5954.9,24
5955.2,13
5955.3,8
5955.3,18
5955.3,28
5956.0,33
5956.1,12
5956.3,3
5956.3,30
5957.2,1
5957.8,2
5959.2,38
5959.2,39
5959.4,4
5959.9,31
5960.0,5
5960.5,32
5961.3,34
5961.9,27
5962.0,18
5963.3,8
5963.9,35
5964.5,13
5964.7,14
5964.9,23
5966.4,1
5966.5,0
5966.7,9
5966.8,16
5967.5,12
5967.6,36
5967.8,26
5968.0,10
5968.7,22
5969.0,2
5969.8,17
5969.9,32
5970.3,29
5970.8,4
5971.7,15
5971.7,33
5972.7,5
5972.7,34
5972.9,38
5973.3,1
5973.4,8
5973.7,28
5975.0,14
5976.1,18
5976.3,35
5977.1,30
5977.4,21
5978.0,19
5978.0,27
5979.8,26
5980.0,13
5980.3,34
5980.4,7
5981.0,3
5981.1,23
5981.4,1
5981.9,17
5982.0,9
5982.2,31
5982.7,8
5982.7,36
5983.2,18
5983.3,12
5983.3,37
5984.0,38
5984.1,28
5984.1,32
5984.6,29
5984.9,10
5985.1,14
5985.3,5
5985.6,4
5986.3,16
5989.8,1
5991.5,35
5991.7,31
5992.2,13
5992.2,34
5992.2,38
5992.4,2
5992.7,21
5992.9,3
5992.9,18
5992.9,32
5993.9,26
5993.9,27
5994.4,8
5996.7,28
5997.2,5
5998.7,23
5999.0,17
5999.2,19
5999.4,14
5999.5,15
5999.8,9
5999.8,16
6000.1,1
6000.6,20
6000.6,22
6000.7,10
6000.7,34
6001.1,4
6001.2,36
6001.3,13
6001.7,29
6002.2,33
6002.2,39
6002.9,38
6005.4,32
6005.6,8
6006.3,35
6006.7,31
6006.9,18
6008.3,1
6008.6,0
6008.7,27
6008.8,3
6009.3,34
6009.4,2
6010.0,14
6010.0,21
6010.4,7
6011.2,30
6012.1,12
6012.2,13
6012.7,8
6013.4,28
6014.0,29
6014.8,26
6015.1,4
6015.2,18
6015.2,24
6015.3,37
6015.4,1
6015.4,5
6015.5,9
6015.5,16
6015.6,23
6015.6,38
6015.9,19
6016.1,33
6017.8,27
6018.4,32
6020.1,31
6020.5,13
6021.6,15
6021.7,1
6022.4,14
6022.7,34
6023.4,35
6024.0,8
6024.3,3
6024.3,17
6024.3,39
6024.7,18
6025.7,10
6025.8,38
6025.9,12
6027.6,28
6028.7,36
6029.6,4
6030.5,34
6030.8,32
6031.7,31
6032.0,5
6032.6,1
6033.0,19
6033.0,26
6033.5,18
6033.6,2
6033.7,14
6033.7,16
6033.8,9
6034.5,23
6035.1,27
6035.3,39
6035.4,13
6035.8,30
6036.2,15
6036.4,29
6036.6,33
6036.9,8
6037.2,38
6038.2,35
6038.8,4
6039.0,0
6040.1,34
6043.9,1
6044.3,14
6044.3,28
6044.3,32
6045.2,18
6045.3,17
6045.3,21
6045.5,31
6045.5,33
6045.9,8
6046.1,5
6046.1,13
6046.1,24
6046.3,3
6046.7,12
6046.8,10
6047.0,22
6047.1,23
6047.4,26
6047.6,9
6047.9,39
6048.4,34
6048.4,38
6050.0,1
6050.6,20
6052.0,29
6052.7,19
6052.8,36
6053.5,35
6053.6,4
6054.3,27
6054.5,14
6055.2,8
6055.8,18
6056.1,13
6056.2,32
6056.4,28
6056.7,38
6057.3,37
6058.5,2
6059.4,1
6059.6,5
6059.6,26
6059.9,12
6060.2,34
6060.8,31
6061.6,30
6062.3,23
6063.5,18
6064.2,9
6064.3,11
6065.5,13
6065.8,17
6066.0,10
6066.1,16
6066.2,4
6066.7,5
6067.2,33
6067.6,14
6067.6,21
6067.6,27
6067.7,15
6068.0,8
6068.4,32
6068.5,22
6068.6,0
6068.7,36
6068.9,29
6068.9,34
6069.0,35
6069.3,1
6069.7,38
6074.2,3
6075.3,19
6075.3,32
6075.4,23
6076.6,26
6077.1,18
6077.2,1
6077.3,13
6077.4,39
6077.7,4
6077.7,12
6077.8,9
6077.9,38
6078.1,27
6078.1,30
6078.4,28
6078.4,34
6079.9,8
6081.5,14
6084.5,16
6084.7,29
6084.8,24
6085.0,36
6085.6,17
6085.6,21
6085.7,5
6085.9,18
6086.5,1
6087.0,35
6087.1,38
6087.2,10
6088.3,9
6088.9,33
6089.1,32
6089.5,7
6090.5,8
6092.0,0
6092.0,4
6092.0,14
6092.0,34
6092.1,37
6092.6,13
6092.7,23
6092.8,15
6093.0,28
6093.3,19
6093.6,30
6093.9,12
6094.4,1
6094.5,3
6094.9,26
6095.1,2
6095.8,31
6096.2,38
6097.2,35
6098.5,5
6099.0,18
6099.8,8
6100.3,9
6100.9,22
6101.3,34
6101.8,27
6102.4,1
6103.9,28
6104.2,33
6104.3,32
6105.0,19
6105.5,39
6105.8,10
6106.0,2
6106.0,13
6106.8,4
6107.0,29
6108.2,1
6108.2,23
6108.2,25
6108.5,15
6108.5,38
6108.6,16
6108.7,17
6108.8,26
6109.0,8
6109.0,14
6109.1,36
6109.3,31
6110.9,18
6113.1,2
6113.4,35
6113.4,37
6113.9,32
6113.9,34
6114.3,13
6114.4,24
6114.5,30
6114.6,5
6115.4,12
6115.5,38
6116.5,28
6117.1,9
6117.2,21
6117.4,1
6118.8,20
6118.9,3
6119.6,16
6119.7,23
6120.6,8
6121.1,27
6121.4,14
6122.0,33
6123.7,29
6124.1,4
6124.7,18
6124.9,1
6125.9,34
6126.2,13
6126.7,10
6126.9,19
6127.6,22
6127.7,0
6127.8,5
6128.1,38
6128.3,8
6128.6,35
6128.7,17
6129.0,2
6129.5,26
6129.8,32
6129.9,31
6130.5,12
6131.6,28
6133.3,14
6133.8,33
6134.4,37
6135.4,9
6135.6,15
6135.6,29
6136.0,1
6136.4,16
6136.5,4
6136.5,8
6137.1,23
6138.4,18
6139.1,34
6139.4,10
6139.8,39
6140.2,3
6140.4,13
6140.6,35
6140.9,36
6141.3,38
6142.1,22
6142.1,26
6143.1,7
6143.1,30
6143.4,19
6143.5,27
6144.1,1
6145.3,14
6146.2,9
6146.8,21
6146.9,5
6146.9,32
6147.3,33
6147.4,8
6148.1,11
6148.1,18
6148.4,12
6149.2,20
6149.3,28
6150.1,34
6151.2,13
6151.4,17
6151.9,0
6151.9,1
6152.8,31
6152.9,35
6153.3,2
6154.0,38
6154.3,5
6154.3,23
6155.1,37
6156.1,29
6157.2,26
6157.7,3
6158.0,19
6158.4,10
6158.5,27
6159.3,16
6159.3,34
6159.7,32
6159.9,14
6162.3,4
6162.5,38
6162.7,8
6162.8,9
6163.3,1
6163.3,39
6163.8,18
6164.6,15
6166.7,13
6166.7,33
6167.4,30
6167.6,22
6168.0,36
6168.3,31
6168.7,5
6168.8,12
6168.9,34
6169.9,26
6170.0,35
6170.3,27
6170.4,14
6171.9,23
6173.1,18
6173.3,38
6173.8,1
6174.0,17
6174.3,8
6174.7,32
6175.1,9
6175.9,28
6176.8,2
6176.8,19
6177.5,4
6178.5,29
6180.1,34
6180.5,10
6180.8,24
6181.2,13
6181.3,1
6181.3,37
6181.4,15
6181.6,3
6181.8,39
6182.5,5
6183.9,31
6184.1,14
6184.1,38
6184.5,12
6184.5,23
6186.3,8
6186.5,2
6186.6,35
6187.0,32
6187.8,18
6188.0,27
6188.4,26
6189.7,21
6190.0,0
6190.3,34
6190.4,16
6190.8,1
6191.8,33
6191.9,9
6192.4,28
6193.2,19
6193.5,13
6195.2,17
6196.3,14
6196.4,38
6196.8,8
6197.0,29
6197.3,10
6198.1,36
6198.3,5
6198.3,23
6198.5,7
6198.5,22
6198.8,4
6199.0,1
6199.6,30
6199.6,31
6200.2,34
6201.5,15
6201.8,18
6202.2,32
6202.9,26
6203.0,27
6203.6,28
6204.2,12
6204.6,39
6204.6,13
6205.3,9
6205.6,35
6207.6,24
6208.1,8
6208.9,16
6209.0,38
6209.2,14
6209.3,2
6210.1,1
6210.5,26
6211.0,3
6212.6,13
6212.6,34
6212.8,5
6213.7,19
6214.5,21
6215.4,29
6215.4,32
6215.8,18
6216.1,4
6216.1,17
6217.5,23
6218.0,27
6218.2,1
6218.3,31
6219.0,9
6219.0,33
6219.3,10
6219.3,36
6220.0,38
6220.4,22
6220.7,8
6221.0,37
6221.2,12
6221.3,18
6221.4,15
6221.9,35
6222.1,0
6222.4,14
6223.4,26
6223.4,34
6224.4,2
6225.2,1
6225.3,5
6226.3,13
6226.5,30
6227.7,4
6229.0,16
6229.0,8
6229.9,29
6230.1,32
6230.2,28
6230.8,38
6231.7,9
6231.8,11
6231.8,19
6231.9,34
6232.2,23
6232.3,31
6232.4,5
6232.8,7
6233.1,13
6233.3,26
6233.5,18
6234.0,1
6234.2,39
6234.7,14
6234.8,20
6235.1,10
6235.2,27
6235.3,21
6235.6,12
6236.1,8
6238.9,3
6239.3,35
6240.2,2
6241.0,38
6241.5,9
6241.5,36
6241.8,1
6241.8,32
6242.2,34
6242.5,13
6242.5,19
6242.6,24
6242.7,5
6243.3,28
6243.5,15
6243.7,8
6243.7,10
6244.0,4
6244.2,18
6247.7,12
6247.8,14
6248.3,27
6249.4,23
6249.7,17
6250.5,1
6251.0,32
6251.1,33
6251.5,38
6252.2,22
6252.4,18
6252.7,5
6253.0,26
6253.3,8
6253.3,34
6253.4,13
6253.7,30
6254.0,29
6254.2,3
6254.7,4
6255.2,9
6255.5,39
6257.6,31
6259.0,19
6259.5,28
6259.7,1
6260.3,37
6260.4,15
6260.5,14
6260.5,35
6260.6,12
6261.0,0
6261.3,2
6261.9,8
6263.8,32
6264.1,29
6264.4,5
6264.8,13
6265.0,27
6265.7,10
6265.7,18
6265.7,33
6265.8,34
6265.9,16
6266.3,23
6267.8,38
6268.0,26
6268.5,9
6268.6,1
6268.8,31
6269.1,14
6269.2,17
6269.9,4
6270.0,3
6270.0,8
6271.7,22
6272.3,36
6273.7,34
6274.6,20
6274.7,2
6275.1,26
6276.0,35
6276.1,13
6276.6,21
6277.1,12
6277.1,18
6277.2,28
6277.8,27
6278.1,29
6278.1,32
6278.3,24
6278.4,5
6278.4,23
6278.6,1
6278.7,30
6278.7,39
6278.9,38
6279.8,16
6280.3,8
6280.3,9
6281.1,10
6282.7,15
6282.7,19
6282.9,14
6283.6,37
6284.2,4
6284.9,34
6285.0,17
6285.1,18
6285.6,1
6285.9,33
6286.5,31
6287.6,13
6288.2,28
6289.2,5
6290.2,23
6291.5,38
6291.7,29
6291.8,35
6292.2,16
6292.2,32
6292.2,39
6292.3,27
6293.3,8
6294.4,1
6294.6,9
6294.7,2
6294.8,14
6295.0,34
6295.2,30
6295.3,26
6295.6,36
6296.4,18
6296.7,10
6297.7,4
6298.3,3
6299.1,19
6300.6,32
6300.9,33
6301.0,12
6302.1,35
6302.2,0
6302.2,13
6302.5,20
6302.5,31
6302.7,1
6303.7,17
6305.2,26
6305.4,8
6305.4,34
6305.8,14
6306.2,38
6306.3,5
6307.4,18
6308.1,23
6308.2,29
6308.5,28
6308.8,15
6309.8,27
6310.0,1
6310.6,13
6310.9,12
6313.1,32
6313.8,9
6313.9,4
6313.9,36
6314.1,8
6314.2,10
6314.5,2
6315.4,22
6315.4,34
6315.8,39
6316.2,30
6316.9,13
6317.0,5
6317.1,31
6317.4,14
6317.7,16
6318.6,19
6318.8,23
6319.0,38
6319.7,1
6319.8,33
6319.9,18
6321.1,35
6321.5,27
6321.5,28
6322.1,8
6323.7,17
6325.2,34
6325.4,21
6325.7,7
6326.6,26
6326.9,3
6327.2,29
6327.9,12
6328.3,13
6329.0,32
6330.1,37
6331.0,1
6331.1,38
6331.3,15
6331.3,20
6331.5,5
6332.0,23
6332.3,19
6332.5,2
6332.5,28
6332.8,14
6332.8,35
6333.2,9
6333.3,18
6333.9,17
6333.9,34
6334.0,8
6335.7,26
6336.2,31
6337.6,4
6337.9,33
6338.1,10
6339.3,11
6340.0,36
6340.1,27
6340.5,7
6340.6,16
6340.6,1
6340.6,38
6341.0,29
6341.4,3
6341.6,12
6341.7,32
6342.3,14
6342.7,5
6343.1,39
6343.9,13
6344.7,28
6344.9,0
6344.9,17
6345.1,34
6345.9,8
6346.2,9
6348.6,35
6348.7,18
6348.7,30
6348.8,2
6349.4,15
6349.6,23
6350.1,1
6350.1,24
6352.1,4
6352.8,38
6352.8,32
6353.1,14
6353.1,31
6353.4,21
6353.5,19
6353.8,26
6354.3,29
6355.2,27
6355.2,34
6355.3,13
6355.8,22
6356.0,9
6356.4,8
6356.5,1
6357.2,39
6357.4,12
6358.4,10
6358.9,5
6359.2,17
6359.2,31
6359.3,28
6359.5,3
6359.6,16
6360.1,18
6360.2,38
6360.4,23
6360.9,4
6360.9,32
6363.9,1
6363.9,33
6365.3,36
6367.0,34
6367.3,8
6368.7,15
6370.6,26
6370.7,37
6370.9,13
6371.1,27
6371.2,30
6372.5,23
6372.9,35
6373.3,17
6373.4,5
6373.4,18
6373.5,19
6374.5,14
6374.6,1
6374.6,8
6374.9,31
6375.0,29
6375.3,32
6375.9,38
6376.6,16
6376.9,34
6377.6,9
6378.1,24
6378.9,2
6378.9,21
6379.8,12
6380.4,4
6380.6,39
6380.8,13
6381.3,36
6381.8,27
6383.0,1
6383.0,20
6383.4,8
6383.4,25
6383.6,33
6384.2,15
6385.6,18
6386.0,9
6386.7,14
6387.0,3
6387.0,26
6387.0,38
6387.3,34
6387.5,35
6387.9,23
6388.7,30
6389.8,16
6390.2,22
6390.5,1
6390.9,5
6391.4,19
6391.5,29
6392.3,10
6392.9,7
6392.9,28
6393.6,18
6394.0,32
6394.4,17
6395.2,21
6396.1,13
6396.4,26
6396.8,38
6397.9,2
6398.7,9
6398.7,31
6399.7,8
6400.1,1
6400.4,34
6400.7,12
6401.6,29
6401.6,5
6401.9,4
6402.2,14
6402.4,15
6402.6,39
6404.6,23
6404.9,3
6405.4,32
6405.5,27
6406.8,19
6407.4,1
6407.6,36
6408.1,22
6409.2,33
6409.4,34
6409.6,13
6409.9,26
6409.9,31
6410.3,18
6410.4,16
6410.4,37
6410.8,35
6411.7,38
6412.2,2
6412.2,17
6413.4,9
6413.4,30
6413.7,5
6413.8,0
6413.8,24
6414.1,8
6414.9,14
6414.9,28
6415.2,23
6415.3,21
6415.3,34
6415.6,1
6416.2,27
6416.5,32
6417.1,11
6421.2,10
6422.3,15
6422.4,38
6423.3,29
6423.5,13
6423.6,18
6423.9,12
6423.9,36
6424.8,23
6425.5,1
6425.5,31
6425.9,4
6425.9,19
6426.3,32
6427.1,2
6427.1,3
6427.3,33
6427.4,39
6427.5,16
6428.1,8
6428.7,34
6429.0,14
6429.2,5
6429.3,21
6429.3,28
6429.9,26
6430.0,27
6430.0,35
6430.2,38
6432.8,1
6432.8,9
6434.0,13
6434.2,22
6435.5,17
6436.1,8
6437.0,29
6437.3,20
6437.7,30
6437.9,14
6437.9,18
6438.2,4
6438.2,26
6438.5,5
6439.0,36
6439.3,34
6439.5,32
6439.6,37
6440.6,23
6440.9,19
6441.1,38
6441.4,1
6441.4,11
6441.5,24
6441.7,31
6441.9,13
6442.0,9
6445.3,2
6445.3,12
6445.6,18
6445.7,10
6446.8,8
6449.2,14
6450.9,33
6451.2,13
6451.3,34
6451.6,26
6451.6,27
6451.9,5
6452.4,1
6453.4,17
6453.4,38
6453.7,28
6454.4,3
6454.5,32
6454.8,9
6454.9,15
6456.1,8
6456.6,35
6456.7,29
6457.0,16
6457.0,18
6457.9,0
6458.4,14
6458.6,19
6459.1,4
6459.6,36
6460.9,2
6461.1,13
6461.4,31
6461.7,10
6462.0,23
6462.4,1
6463.3,27
6463.6,34
6464.4,26
6464.9,28
6465.3,12
6465.9,20
6465.9,38
6466.4,17
6466.4,18
6466.4,8
6466.6,29
6468.3,5
6469.1,9
6469.3,7
6469.9,32
6470.5,37
6470.6,31
6471.3,19
6471.5,39
6471.7,1
6471.7,4
6471.8,22
6473.2,3
6474.0,14
6474.1,34
6474.3,21
6474.3,30
6474.7,18
6474.7,35
6476.0,26
6476.3,33
6477.3,2
6477.3,13
6477.6,32
6477.7,27
6478.4,38
6478.7,23
6478.8,1
6479.0,8
6479.3,28
6479.3,15
6480.1,10
6483.1,4
6483.5,24
6483.6,9
6483.6,26
6483.6,36
6483.7,19
6483.8,29
6484.0,12
6484.6,13
6484.7,18
6485.7,5
6486.1,34
6486.4,1
6486.4,14
6486.7,37
6486.9,8
6487.5,35
6488.2,38
6490.2,30
6491.1,16
6491.8,31
6492.1,23
6492.5,39
6493.0,32
6495.3,35
6495.4,1
6495.5,29
6495.6,5
6495.7,18
6497.0,2
6497.4,19
6497.6,17
6497.7,7
6497.7,8
6497.9,28
6498.2,27
6498.5,33
6498.7,38
6499.4,34
6499.5,13
6499.5,14
6499.5,3
6500.0,0
6500.1,21
6501.6,26
6501.9,36
6503.3,8
6503.9,9
6504.2,12
6504.4,4
6504.9,10
6504.9,23
6505.2,5
6505.7,1
6506.1,16
6506.2,22
6506.2,31
6506.7,32
6506.8,13
6506.9,18
6507.0,34
6507.1,28
6507.7,27
6509.9,35
6510.0,38
6511.9,9
6512.4,17
6512.5,2
6512.6,24
6512.7,14
6512.9,19
6513.4,20
6513.8,33
6514.3,30
6514.4,13
6515.1,15
6515.5,1
6515.9,29
6517.1,23
6517.9,34
6518.2,5
6519.1,8
6520.2,4
6520.6,38
6520.8,14
6520.8,18
6520.9,32
6521.2,3
6521.2,16
6522.1,26
6522.4,10
6522.6,28
6522.7,1
6522.7,12
6523.6,27
6523.9,21
6524.2,35
6524.4,13
6524.6,17
6525.7,31
6526.6,19
6526.9,8
6527.6,34
6528.0,36
6528.0,39
6528.3,11
6528.3,33
6528.6,9
6531.0,5
6531.0,23
6531.3,28
6532.2,12
6532.3,27
6532.7,1
6533.1,14
6533.3,0
6533.7,38
6534.0,29
6534.5,8
6535.2,18
6535.8,15
6535.8,32
6536.6,13
6537.6,33
6538.6,2
6541.1,19
6541.4,26
6542.3,34
6542.4,10
6542.4,18
6542.5,4
6542.6,31
6542.9,14
6542.9,23
6543.0,38
6543.2,21
6544.3,1
6544.7,3
6545.3,28
6545.5,9
6546.1,13
6548.0,35
6548.2,8
6548.6,12
6548.6,30
6551.3,32
6551.5,19
6551.8,5
6552.5,37
6552.5,16
6552.8,20
6552.8,27
6553.3,0
6553.8,24
6553.9,1
6554.1,4
6554.1,17
6554.4,34
6554.5,29
6554.6,33
6555.1,18
6557.9,10
6558.1,14
6558.8,26
6558.9,22
6559.0,23
6559.0,31
6559.0,38
6559.2,9
6559.2,28
6559.3,11
6559.3,39
6559.6,36
6559.7,8
6560.1,13
6561.0,1
6561.9,35
6562.3,3
6563.1,34
6564.2,25
6564.2,27
6565.1,18
6565.5,2
6566.1,5
6566.2,16
6566.3,13
6566.6,8
6567.2,7
6567.3,32
6567.5,12
6568.0,4
6569.4,14
6569.4,19
6570.4,9
6570.9,0
6570.9,15
6571.2,1
6571.2,23
6572.5,38
6572.9,29
6573.7,30
6573.8,34
6574.7,5
6574.7,31
6575.1,17
6575.9,26
6577.1,35
6577.9,21
6578.4,18
6579.5,1
6580.9,13
6581.4,8
6581.5,4
6581.8,3
6582.1,23
6583.0,36
6583.2,7
6583.4,32
6583.6,38
6583.7,34
6584.6,14
6584.6,27
6585.0,9
6585.5,33
6585.6,28
6586.0,2
6586.5,12
6588.1,10
6588.3,18
6588.9,39
6589.7,37
6589.9,17
6589.9,26
6590.1,1
6590.1,19
6591.7,5
6591.7,24
6592.4,13
6592.7,38
6592.8,0
6592.8,31
6593.7,8
6594.9,30
6595.4,34
6595.9,16
6596.0,29
6597.3,14
6597.8,18
6598.4,23
6598.8,1
6598.8,32
6598.9,20
6599.1,9
6599.5,35
6600.0,37
6600.1,15
6600.8,28
6601.6,13
6601.6,27
6602.2,33
6602.7,12
6603.3,3
6603.6,36
6605.0,31
6605.3,34
6605.5,4
6606.3,8
6606.6,22
6606.6,26
6606.7,38
6608.4,7
6609.2,14
6609.8,19
6609.9,18
6610.1,1
6610.2,13
6610.3,17
6610.3,29
6610.6,23
6610.9,16
6611.2,32
6611.3,2
6611.5,39
6612.0,5
6612.0,10
6612.3,9
6612.8,8
6613.1,38
6614.3,15
6614.3,35
6615.2,34
6616.0,33
6617.0,31
6618.6,27
6619.0,12
6619.7,1
6620.0,23
6620.2,28
6621.1,36
6621.3,18
6621.5,8
6621.8,19
6622.5,4
6623.1,32
6623.3,0
6623.3,3
6623.5,13
6624.1,34
6624.2,26
6624.5,5
6624.6,21
6624.6,22
6624.8,14
6624.8,29
6624.8,33
6625.1,30
6625.3,38
6625.6,17
6626.4,31
6627.4,9
6628.2,2
6628.9,1
6630.7,35
6632.8,18
6633.2,12
6633.7,8
6633.7,27
6634.3,29
6634.7,16
6635.3,19
6635.9,5
6636.0,1
6636.0,7
6636.1,20
6637.0,34
6637.1,4
6637.1,38
6637.5,2
6638.3,14
6638.9,13
6639.0,10
6639.1,23
6639.1,28
6640.2,30
6641.2,26
6641.8,9
6643.7,31
6643.8,39
6644.0,24
6644.1,18
6644.2,8
6645.4,37
6645.9,34
6646.1,36
6646.8,1
6647.2,0
6647.2,32
6647.8,23
6648.1,5
6648.6,21
6648.7,13
6649.0,15
6649.6,3
6650.1,38
6650.7,12
6651.5,14
6651.5,17
6651.6,22
6652.3,26
6652.6,29
6652.8,4
6653.2,8
6654.3,35
6656.1,18
6656.9,28
6657.3,1
6657.6,19
6657.6,32
6657.7,33
6657.7,34
6657.8,27
6658.0,10
6658.1,5
6658.1,9
6658.4,31
6659.7,2
6660.5,14
6661.2,39
6662.2,8
6662.3,16
6662.5,1
6662.7,30
6662.9,22
6663.9,13
6664.1,26
6664.3,38
6665.4,34
6666.2,29
6666.2,36
6666.5,12
6666.7,18
6667.0,35
6668.3,17
6669.1,1
6669.2,23
6670.5,32
6670.6,20
6671.0,14
6671.3,8
6671.8,9
6672.6,28
6672.9,4
6673.3,3
6673.8,31
6674.1,34
6674.1,38
6675.0,37
6675.1,16
6675.9,1
6676.3,13
6677.3,10
6677.4,27
6677.5,33
6677.7,5
6678.7,29
6678.8,2
6678.8,18
6678.8,19
6679.2,26
6679.9,30
6680.1,24
6680.2,15
6680.3,8
6680.7,21
6681.1,23
6681.3,14
6681.6,34
6682.2,36
6682.3,12
6683.9,9
6683.9,38
6685.4,32
6685.6,13
6686.3,1
6686.7,17
6686.8,16
6686.8,22
6687.1,28
6687.2,0
6688.0,31
6688.4,14
6688.5,8
6688.7,35
6688.8,18
6689.6,3
6689.7,39
6690.5,4
6691.1,10
6692.3,23
6693.0,30
6693.3,13
6693.7,33
6693.8,28
6693.9,1
6694.0,5
6694.6,34
6695.8,27
6696.4,17
6696.4,29
6696.7,9
6697.4,38
6697.6,8
6697.8,21
6698.3,26
6699.0,19
6699.7,18
6699.8,32
6699.9,7
6700.4,15
6700.7,2
6700.8,14
6701.7,1
6702.2,23
6702.4,0
6703.6,3
6703.6,31
6704.2,12
6704.3,39
6704.8,34
6705.1,13
6707.0,8
6708.4,33
6708.6,4
6709.1,38
6709.5,35
6710.1,28
6710.4,5
6710.6,10
6710.6,14
6710.6,37
6711.4,18
6711.6,26
6711.7,1
6711.9,9
6712.1,22
6712.2,19
6712.7,29
6712.7,32
6712.8,34
6713.7,13
6714.3,8
6714.6,27
6714.6,36
6715.2,17
6717.5,3
6717.7,16
6718.9,23
6719.7,30
6720.4,1
6720.6,15
6720.9,8
6720.9,31
6721.3,4
6722.7,38
6722.8,12
6722.8,13
6723.0,18
6723.3,5
6723.9,24
6724.3,26
6724.6,28
6724.9,21
6725.4,34
6726.0,14
6726.2,19
6726.6,29
6726.8,8
6726.8,35
6726.9,17
6726.9,27
6727.3,9
6727.3,20
6727.4,33
6727.8,10
6728.0,22
6728.1,32
6728.2,1
6729.2,4
6729.6,39
6730.1,11
6730.8,31
6731.0,2
6731.0,23
6732.1,0
6733.5,7
6733.5,16
6734.1,13
6734.1,18
6735.9,38
6736.1,1
6737.4,12
6737.8,28
6738.6,4
6738.6,8
6738.6,14
6738.6,34
6738.8,15
6739.6,26
6740.4,36
6740.8,5
6741.4,33
6741.5,29
6741.5,35
6742.1,9
6743.2,23
6743.6,10
6743.6,38
6744.0,32
6744.2,3
6745.0,13
6745.0,27
6745.9,1
6746.0,30
6746.8,37
6748.1,19
6749.1,14
6749.7,18
6750.0,16
6752.1,34
6752.8,1
6752.9,28
6753.3,31
6753.6,2
6753.8,12
6754.1,32
6754.2,38
6754.4,9
6754.5,8
6754.7,5
6755.3,26
6757.3,23
6757.5,35
6758.6,17
6758.7,4
6759.1,13
6759.5,27
6759.6,1
6759.7,39
6759.8,11
6760.0,15
6760.0,18
6760.3,21
6761.1,22
6761.6,24
6761.8,29
6761.9,3
6763.0,31
6764.1,14
6764.1,16
6764.2,10
6764.2,28
6764.5,34
6764.9,8
6765.8,19
6766.1,26
6766.4,33
6766.6,38
6768.0,5
6768.8,32
6770.5,1
6770.8,18
6771.5,13
6771.5,36
6771.7,4
6771.7,12
6772.9,2
6773.3,34
6775.2,35
6775.7,21
6775.9,8
6776.2,31
6776.3,38
6776.4,23
6777.4,15
6777.5,20
6777.6,9
6778.0,17
6778.6,28
6778.9,14
6779.7,10
6780.2,1
6780.4,27
6780.6,29
6780.9,33
6781.4,5
6781.4,39
6781.6,26
6782.7,19
6782.9,32
6783.1,2
6783.1,34
6783.5,24
6783.7,18
6783.8,8
6784.0,16
6784.9,30
6785.1,13
6786.1,9
6786.9,3
6787.4,38
6787.7,36
6788.2,14
6788.7,21
6788.8,12
6789.1,37
6789.8,23
6790.0,11
6790.1,1
6790.6,28
6790.9,35
6791.4,34
6791.6,4
6791.9,8
6792.1,17
6793.7,13
6794.4,18
6795.1,31
6795.6,5
6795.6,32
6795.8,27
6797.7,26
6798.4,28
6798.5,1
6799.1,10
6799.2,12
6799.2,29
6799.9,14
6799.9,19
6800.4,7
6800.5,8
6801.0,35
6801.4,38
6801.6,4
6802.2,2
6802.4,33
6803.9,13
6804.2,18
6804.2,34
6804.6,23
6804.9,39
6805.0,22
6806.1,0
6806.7,17
6807.5,28
6808.3,26
6809.0,1
6809.0,9
6809.8,20
6811.1,38
6811.4,21
6811.9,12
6812.0,27
6812.2,3
6812.3,32
6812.4,31
6812.6,8
6812.7,5
6812.7,15
6812.9,34
6813.2,19
6813.5,33
6813.6,13
6813.7,16
6814.0,4
6814.2,30
6816.9,18
6817.4,1
6818.8,35
6819.0,23
6819.7,14
6820.7,28
6820.8,29
6821.9,7
6822.0,36
6822.8,38
6823.2,8
6823.7,37
6823.8,32
6824.1,17
6824.9,4
6825.0,26
6825.0,27
6825.2,18
6825.3,31
6825.4,2
6825.4,22
6825.7,34
6825.8,3
6825.8,35
6826.0,1
6826.2,10
6826.3,9
6826.3,39
6826.8,13
6827.1,5
6828.0,14
6828.9,8
6830.1,33
6833.1,23
6833.6,1
6833.7,12
6834.3,32
6834.4,16
6834.5,3
6834.5,26
6835.4,29
6835.7,34
6836.1,19
6836.3,18
6836.3,38
6836.8,14
6837.2,4
6837.2,21
6837.3,8
6837.6,0
6837.6,9
6838.3,22
6838.6,35
6838.7,13
6839.2,30
6839.4,5
6840.4,28
6840.8,27
6843.2,1
6843.2,31
6843.9,24
6844.0,36
6844.8,23
6844.9,17
6844.9,37
6845.1,15
6845.2,2
6845.2,26
6845.2,39
6845.5,32
6846.2,12
6846.5,10
6846.6,14
6846.8,8
6847.2,38
6848.0,34
6848.1,20
6848.5,18
6848.8,4
6850.8,29
6851.1,13
6851.4,5
6851.8,1
6852.0,33
6853.0,3
6853.5,23
6855.6,9
6856.7,38
6856.8,19
6857.2,16
6858.5,32
6858.8,8
6858.8,21
6858.8,27
6859.0,28
6859.3,14
6859.3,18
6859.7,31
6859.8,35
6860.3,17
6860.4,1
6860.6,26
6860.7,11
6860.9,34
6861.5,10
6862.0,37
6863.4,13
6863.8,0
6864.0,9
6864.4,23
6864.7,15
6865.7,12
6865.7,38
6865.8,4
6866.1,39
6866.2,30
6867.4,29
6869.7,18
6869.8,13
6869.9,8
6870.1,1
6870.5,32
6870.6,5
6871.5,34
6871.8,28
6872.8,36
6873.2,38
6873.5,14
6873.5,26
6873.5,35
6874.1,2
6874.6,7
6874.7,19
6874.8,4
6876.0,3
6877.0,9
6877.3,33
6877.8,1
6878.6,31
6879.3,29
6879.9,20
6880.0,27
6880.0,36
6880.2,18
6880.4,10
6880.5,8
6880.7,12
6881.2,13
6881.2,17
6881.9,32
6882.1,16
6882.5,23
6882.7,34
6884.3,14
6884.6,28
6885.0,26
6885.9,30
6886.2,22
6886.3,5
6886.4,1
6886.9,38
6887.1,35
6887.2,8
6889.3,18
6889.4,39
6890.0,4
6890.4,9
6890.9,2
6892.8,19
6893.4,10
6893.6,34
6894.1,32
6894.8,3
6895.1,13
6895.1,23
6895.2,1
6895.4,12
6895.7,31
6896.5,28
6896.7,27
6897.5,33
6898.2,14
6898.8,18
6899.1,29
6900.0,17
6900.5,16
6900.6,21
6900.7,8
6900.8,0
6901.8,26
6902.0,5
6902.1,1
6902.1,38
6902.2,35
6902.5,13
6902.6,15
6903.1,32
6903.3,9
6905.4,12
6905.4,34
6906.4,2
6906.5,31
6906.9,37
6907.1,28
6907.8,23
6910.2,27
6910.9,29
6911.1,1
6911.1,19
6911.2,18
6912.2,20
6912.4,3
6912.5,8
6912.6,4
6912.7,14
6912.8,24
6912.9,26
6913.2,13
6913.3,22
6914.2,30
6915.0,38
6915.3,5
6915.6,15
6916.6,28
6916.9,32
6918.1,12
6918.3,34
6918.5,9
6920.0,1
6920.3,10
6920.6,17
6921.7,18
6921.8,36
6921.8,8
6922.4,38
6922.9,31
6923.1,23
6924.8,16
6925.1,27
6925.3,39
6925.7,14
6925.8,29
6925.9,5
6926.1,35
6926.8,13
6926.9,7
6927.9,34
6928.3,4
6928.6,32
6928.8,2
6929.3,26
6929.5,1
6929.6,30
6930.1,19
6933.1,17
6933.2,33
6933.3,8
6934.6,18
6934.8,28
6935.0,13
6935.2,21
6935.6,12
6936.1,9
6936.8,38
6937.5,11
6937.7,34
6938.0,23
6938.2,1
6939.2,0
6939.7,39
6940.1,27
6940.6,32
6941.0,5
6941.1,14
6941.2,22
6941.8,18
6942.3,2
6942.3,4
6942.3,13
6943.0,26
6943.8,31
6944.0,12
6945.2,38
6945.8,29
6945.9,8
6946.2,3
6946.6,1
6946.7,33
6946.8,15
6947.3,10
6947.4,36
6947.5,16
6948.0,30
6948.1,34
6948.3,37
6950.5,35
6951.7,17
6951.7,19
6952.1,13
6952.2,14
6952.2,20
6953.3,9
6953.3,38
6953.4,5
6953.7,1
6955.1,2
6955.2,28
6955.5,23
6955.7,18
6955.7,8
6955.9,4
6956.3,32
6960.4,12
6960.8,29
6961.4,27
6962.2,35
6962.3,26
6962.3,34
6962.7,33
6963.2,22
6963.4,1
6963.4,13
6963.4,14
6963.5,15
6963.6,16
6963.6,38
6964.1,17
6965.1,31
6965.3,8
6965.8,23
6968.1,18
6968.9,32
6969.1,4
6969.1,19
6969.3,10
6969.4,9
6970.8,1
6971.1,3
6971.6,39
6971.8,5
6971.9,28
6972.1,24
6972.7,30
6973.3,2
6973.3,29
6973.8,13
6973.9,8
6974.2,26
6974.9,34
6977.0,21
6977.0,36
6977.6,12
6977.8,38
6978.0,35
6978.1,14
6978.6,11
6978.7,15
6979.0,27
6979.5,1
6979.7,31
6979.8,23
6979.9,5
6980.0,18
6981.4,19
6982.2,17
6982.8,4
6983.0,34
6983.3,32
6983.4,9
6984.0,26
6985.1,28
6985.9,7
6986.0,33
6987.7,2
6988.2,8
6989.5,1
6989.6,14
6989.7,13
6990.8,30
6990.8,37
6991.8,16
6991.9,38
6992.3,4
6992.9,10
6993.0,3
6993.1,22
6993.3,15
6993.6,27
6993.7,18
6993.8,19
6994.0,31
6994.2,29
6994.7,5
6995.0,23
6995.3,34
6996.7,12
6996.7,32
6998.5,28
6999.3,1
6999.5,26
7000.1,0
7001.2,8
7001.3,21
7001.3,35
7003.0,13
7003.4,14
7003.8,9
7004.5,17
7005.0,32
7005.9,39
7006.0,18
7006.3,38
7006.4,19
7007.1,34
7007.5,4
7007.5,23
7007.9,29
7008.3,1
7008.6,3
7008.9,31
7009.5,20
7009.7,8
7009.8,5
7010.4,26
7010.5,13
7011.2,24
7011.6,35
7012.1,15
7013.4,33
7013.6,36
7013.7,28
7014.1,16
7014.4,32
7014.9,10
7016.1,14
7016.2,2
7016.7,1
7017.6,8
7017.6,9
7017.9,34
7018.2,7
7018.4,4
7019.1,18
7019.2,12
7019.3,38
7019.6,25
7019.8,26
7021.8,19
7022.2,5
7022.5,27
7022.9,23
7023.1,1
7023.2,30
7023.4,29
7024.6,22
7025.1,35
7026.7,9
7028.2,4
7028.5,14
7028.6,12
7028.6,13
7028.6,32
7028.9,28
7029.2,8
7029.7,3
7029.7,33
7029.8,0
7029.8,39
7030.1,34
7030.2,10
7030.5,17
7031.1,38
7031.5,19
7031.7,1
7031.7,15
7033.9,31
7034.4,36
7034.7,18
7035.5,26
7035.6,8
7036.7,23
7037.0,11
7037.3,34
7037.4,32
7037.6,27
7037.8,14
7038.0,38
7038.8,13
7039.1,20
7039.3,5
7040.0,1
7040.0,16
7041.1,7
7041.9,29
7042.0,9
7043.5,21
7043.5,30
7043.7,28
7043.9,35
7044.0,24
7044.0,39
7044.1,26
7045.1,4
7045.1,12
7045.8,17
7046.0,8
7046.2,18
7047.2,2
7048.3,34
7048.6,15
7048.8,13
7049.1,3
7049.2,1
7049.5,32
7049.6,14
7049.7,38
7049.8,37
7050.2,27
7050.5,23
7050.7,5
7053.2,10
7053.2,19
7054.1,9
7054.4,22
7055.6,18
7055.8,35
7056.0,31
7056.2,4
7057.5,36
7057.7,1
7059.5,29
7060.4,8
7060.5,28
7060.8,34
7061.1,23
7061.5,13
7061.8,12
7062.0,38
7062.1,33
7063.0,2
7063.0,17
7063.2,14
7063.6,26
7065.0,9
7065.7,32
7065.8,15
7066.2,5
7067.0,4
7067.4,1
7067.7,16
7068.2,8
7068.3,27
7069.0,31
7069.4,30
7069.5,3
7069.8,18
7069.9,19
7070.8,34
7071.0,38
7071.5,36
7072.8,13
7074.0,33
7074.7,9
7075.0,14
7075.7,23
7075.9,21
7076.0,29
7076.5,28
7076.6,35
7077.5,39
7078.2,1
7078.3,12
7078.4,2
7078.6,13
7078.8,31
7079.5,38
7079.9,5
7080.0,8
7080.3,10
7080.9,18
7081.2,34
7081.8,26
7082.5,32
7084.5,27
7084.6,4
7085.3,37
7085.4,0
7085.4,30
7086.7,14
7087.2,1
7087.2,16
7087.6,3
7087.6,17
7088.9,35
7089.1,23
7089.2,13
7089.7,9
7089.8,29
7090.4,32
7090.5,34
7091.6,19
7092.1,31
7092.2,8
7092.3,1
7092.8,20
7093.1,2
7093.4,18
7093.8,38
7094.2,5
7094.4,39
7095.3,26
7096.2,15
7096.7,28
7097.0,14
7099.8,37
7100.0,23
7100.2,10
7100.8,38
7101.2,13
7101.2,36
7101.3,11
7101.4,32
7101.5,8
7101.5,12
7101.6,1
7101.6,18
7101.6,21
7101.7,33
7102.0,4
7102.6,29
7102.8,26
7102.8,34
7102.9,3
7103.3,14
7104.1,0
7106.8,17
7106.9,9
7109.1,27
7109.3,5
7110.2,39
7110.3,19
7110.4,1
7110.6,16
7111.3,28
7111.6,23
7111.8,31
7112.0,3
7112.0,32
7112.1,13
7112.7,34
7112.9,8
7112.9,38
7113.5,30
7113.5,35
7113.8,14
7114.6,4
7114.9,18
7115.2,12
7115.9,26
7116.3,9
7116.4,29
7116.7,27
7117.9,20
7119.0,1
7119.6,5
7119.9,33
7120.2,15
7120.5,32
7120.8,2
7121.0,36
7122.1,34
7122.9,8
7123.8,24
7124.4,28
7124.5,10
7124.7,17
7124.8,31
7125.0,13
7125.4,1
7126.0,18
7126.8,35
7127.4,38
7127.5,37
7128.7,14
7131.5,8
7131.6,27
7131.8,29
7132.1,33
7132.5,5
7132.5,23
7133.4,34
7134.0,22
7134.6,16
7134.7,0
7135.1,39
7135.8,1
7135.8,32
7136.0,9
7136.5,4
7138.2,19
7138.6,13
7138.7,26
7138.7,28
7139.0,18
7140.1,2
7140.2,12
7140.4,7
7140.4,21
7141.9,14
7141.9,15
7141.9,20
7142.1,1
7142.4,23
7142.7,3
7142.8,8
7143.7,38
7144.0,34
7144.6,10
7145.4,30
7145.7,4
7145.9,27
7146.2,31
7148.1,32
7148.2,5
7148.2,35
7148.4,9
7148.9,28
7150.1,1
7150.4,39
7151.4,13
7152.0,16
7152.0,29
7152.2,37
7152.4,18
7152.7,8
7153.0,33
7153.9,14
7153.9,26
7154.5,11
7154.7,17
7154.9,19
7155.4,23
7155.5,38
7156.0,36
7156.2,12
7156.2,34
7157.6,5
7157.7,1
7158.0,0
7158.0,24
7160.0,32
7160.1,18
7162.5,21
7162.7,28
7162.8,8
7163.2,13
7163.2,15
7163.3,9
7164.1,4
7164.8,29
7165.5,38
7165.9,2
7167.0,31
7167.4,10
7167.6,35
7168.2,1
7169.2,22
7169.3,26
7169.6,5
7169.6,23
7169.6,27
7171.2,19
7171.4,18
7171.8,34
7172.2,3
7172.6,30
7173.0,39
7174.2,8
7174.3,14
7175.4,32
7176.2,1
7177.0,13
7177.5,33
7177.9,12
7178.0,31
7178.6,37
7178.7,20
7178.7,38
7178.8,5
7178.9,28
7179.4,16
7179.7,35
7180.1,17
7180.2,9
7180.4,4
7180.5,15
7181.3,19
7181.3,34
7181.9,8
7181.9,27
7182.0,1
7182.0,26
7182.1,23
7183.3,0
7183.3,18
7183.3,29
7183.4,36
7183.6,14
7184.3,12
7185.5,32
7186.3,3
7186.4,21
7186.9,38
7187.3,2
7187.3,22
7190.2,1
7190.4,13
7190.4,26
7190.8,8
7192.2,39
7192.4,34
7192.6,19
7192.9,5
7193.1,4
7193.2,28
7193.7,14
7193.8,35
7194.7,23
7196.2,38
7196.4,18
7196.9,30
7197.1,33
7197.4,31
7197.8,10
7198.3,15
7198.9,1
7199.8,32
7200.1,17
7200.2,9
7200.6,29
7200.9,13
7201.0,12
7201.8,37
7201.9,8
7202.1,26
7202.2,27
7202.2,34
7202.9,25
7203.5,5
7203.7,0
7204.9,14
7205.5,19
7205.7,1
7207.0,18
7207.3,16
7208.6,38
7208.7,2
7209.3,4
7209.5,28
7209.6,31
7209.8,10
7210.1,7
7210.3,3
7212.1,1
7212.4,9
7212.7,32
7213.2,13
7213.3,8
7213.7,34
7214.8,27
7215.6,23
7215.6,35
7216.0,29
7216.2,39
7216.4,30
7216.6,33
7216.7,36
7216.9,18
7217.0,22
7217.6,12
7217.9,14
7218.8,5
7218.9,26
7220.1,19
7220.8,34
7221.9,28
7222.5,1
7223.3,13
7224.4,17
7224.7,38
7224.9,31
7225.3,8
7226.4,27
7226.8,21
7227.0,18
7227.3,23
7227.4,24
7228.2,16
7228.2,32
7228.6,4
7228.6,12
7228.9,34
7229.4,9
7229.5,30
7229.9,14
7230.0,2
7230.3,35
7230.5,19
7230.6,29
7232.2,8
7233.0,1
7234.3,28
7234.5,36
7235.0,15
7235.3,5
7235.9,26
7235.9,32
7236.6,13
7236.7,10
7236.7,38
7237.4,17
7237.4,18
7237.4,20
7238.3,29
7238.4,31
7238.5,3
7238.5,27
7238.6,34
7238.7,37
7239.5,9
7240.1,1
7241.4,7
7241.4,12
7242.2,33
7242.8,23
7243.7,8
7244.3,4
7245.1,39
7245.3,5
7245.7,14
7245.9,22
7247.2,18
7248.5,13
7249.0,26
7249.3,34
7249.4,3
7249.5,38
7249.6,35
7249.7,19
7249.8,28
7250.2,1
7250.4,10
7250.8,30
7251.8,16
7252.0,32
7252.9,8
7253.4,2
7253.7,27
7253.9,29
7254.0,9
7254.0,14
7254.7,12
7255.2,15
7256.2,23
7256.8,4
7257.0,1
7257.7,5
7259.1,18
7259.3,34
7259.5,31
7259.5,33
7259.6,13
7261.2,12
7261.2,36
7261.5,8
7262.0,32
7262.5,19
7262.8,28
7262.9,38
7263.6,0
7264.1,29
7264.2,11
7264.7,1
7265.0,10
7265.7,39
7266.8,14
7267.6,26
7268.5,5
7268.7,35
7269.8,21
7270.0,18
7270.6,23
7270.9,27
7271.2,3
7271.5,34
7271.6,9
7272.1,2
7272.2,13
7272.5,24
7272.7,17
7272.9,29
7273.0,31
7273.2,19
7273.5,38
7273.9,8
7274.3,1
7274.9,32
7278.2,12
7278.2,16
7278.2,22
7279.4,14
7279.9,37
7280.6,4
7281.1,38
7281.2,20
7281.2,33
7281.4,15
7281.4,30
7281.7,27
7282.4,1
7282.5,5
7282.7,18
7282.9,19
7283.3,9
7283.3,13
7283.4,2
7283.6,26
7283.8,8
7284.2,0
7284.9,34
7285.1,28
7285.1,36
7285.6,23
7286.1,31
7287.7,10
7288.2,14
7289.0,17
7289.1,32
7289.5,21
7289.5,35
7290.4,4
7291.2,18
7291.5,16
7292.0,1
7293.0,22
7293.2,39
7294.4,3
7294.5,34
7295.6,7
7295.8,13
7296.7,27
7297.2,8
7297.4,38
7297.9,29
7298.7,28
7298.9,1
7298.9,12
7299.1,23
7299.3,9
7299.9,2
7300.4,14
7301.0,26
7301.2,24
7301.3,18
7301.5,5
7301.6,20
7301.7,32
7301.8,31
7304.1,17
7304.7,15
7304.9,8
7305.5,34
7305.7,10
7306.1,11
7306.5,4
7306.6,19
7307.3,36
7307.6,3
7307.8,13
7307.9,38
7308.2,1
7308.2,14
7308.2,23
7310.3,30
7311.2,5
7311.3,32
7311.8,2
7312.3,12
7312.7,29
7312.9,35
7313.2,26
7313.8,18
7315.0,38
7315.2,21
7315.9,34
7316.3,39
7316.9,15
7317.0,27
7317.4,33
7317.5,8
7317.8,1
7317.8,19
7318.3,17
7319.1,37
7319.2,13
7319.4,16
7320.0,9
7320.4,14
7321.0,28
7321.7,23
7322.6,31
7324.6,4
7325.0,29
7325.3,0
7325.4,18
7325.6,12
7325.7,38
7326.9,22
7327.0,1
7327.8,34
7329.0,5
7329.0,8
7329.2,30
7329.7,33
7329.8,32
7330.3,20
7330.4,3
7330.4,26
7331.4,13
7332.5,28
7332.8,2
7333.1,9
7334.4,10
7334.4,36
7334.6,15
7334.7,8
7334.7,14
7335.0,1
7335.1,38
7335.7,34
7336.2,35
7336.4,24
7337.0,29
7337.3,18
7338.3,4
7339.1,32
7339.4,5
7339.4,23
7339.5,11
7340.1,27
7340.4,19
7343.4,1
7343.9,26
7344.0,30
7344.1,12
7344.1,28
7344.4,16
7344.6,8
7345.5,10
7345.5,33
7345.6,15
7345.7,31
7345.8,17
7345.9,34
7345.9,39
7346.7,13
7347.0,38
7347.1,18
7347.5,14
7348.1,22
7348.4,5
7348.6,9
7348.7,32
7349.6,4
7353.1,23
7353.2,1
7353.6,8
7354.7,34
7355.5,3
7355.9,18
7356.9,37
7357.1,2
7357.1,27
7357.6,19
7357.6,25
7358.4,29
7359.3,38
7359.8,26
7360.0,1
7360.2,14
7360.5,13
7360.6,5
7360.8,31
7360.9,35
7361.0,9
7361.6,17
7361.9,4
7363.5,34
7363.7,12
7363.8,8
7363.8,10
7364.0,30
7364.0,32
7364.2,7
7364.4,28
7364.9,0
7365.4,18
7365.6,36
7366.4,23
7367.0,3
7367.3,19
7367.6,26
7368.3,27
7368.3,38
7368.6,13
7368.8,33
7370.3,15
7370.9,1
7371.1,14
7371.1,39
7372.2,22
7372.4,8
7372.6,29
7372.7,16
7372.9,9
7373.0,4
7374.0,21
7374.7,24
7374.8,34
7375.1,32
7377.1,1
7377.7,5
7378.4,35
7380.1,26
7380.6,2
7381.1,38
7381.4,23
7381.6,17
7381.7,12
7381.8,14
7382.5,28
7382.5,18
7383.0,13
7383.2,15
7383.6,20
7384.0,4
7384.1,29
7385.2,30
7385.3,5
7385.3,9
7385.3,10
7385.3,32
7385.4,8
7385.6,0
7385.6,33
7386.0,31
7386.0,37
7386.1,1
7386.1,3
7386.3,27
7386.4,35
7388.3,34
7388.6,38
7389.7,19
7392.4,39
7393.2,13
7393.9,14
7394.1,36
7394.6,26
7395.3,1
7397.3,18
7397.4,8
7397.5,31
7397.6,32
7398.0,23
7398.0,27
7398.4,9
7398.8,16
7398.9,12
7399.4,5
7401.1,34
7401.4,28
7402.9,33
7403.3,29
7404.5,11
7405.0,38
7405.6,14
7405.9,7
7405.9,8
7406.0,19
7406.1,10
7406.2,30
7406.4,17
7406.6,2
7406.6,15
7406.8,13
7407.1,4
7407.5,1
7407.6,18
7407.6,23
7408.0,32
7408.0,35
7408.4,3
7408.4,24
7408.4,31
7408.5,37
7409.0,12
7409.4,9
7409.9,26
7410.0,34
7411.8,16
7412.5,14
7413.4,5
7413.6,33
7414.2,39
7414.3,28
7414.7,38
7415.0,22
7415.5,21
7416.7,8
7416.7,27
7417.8,13
7417.9,36
7418.3,1
7418.3,4
7418.7,19
7419.2,18
7419.3,32
7420.5,9
7420.6,12
7420.8,23
7421.0,34
7421.5,35
7423.6,30
7423.8,14
7424.0,29
7424.5,31
7424.6,5
7425.0,2
7425.2,8
7425.3,16
7426.5,38
7426.8,15
7427.7,18
7427.7,28
7429.7,1
7429.7,13
7429.8,26
7430.3,32
7430.6,12
7430.9,3
7431.7,0
7431.9,27
7432.7,22
7433.4,34
7433.9,20
7434.0,19
7434.3,33
7434.5,17
7434.8,36
7434.9,8
7435.3,1
7435.5,23
7436.0,9
7436.7,35
7436.8,38
7437.4,4
7437.4,39
7437.7,5
7437.9,2
7437.9,10
7438.0,31
7438.7,14
7439.9,18
7441.0,34
7441.1,1
7441.1,29
7441.6,28
7443.0,13
7443.5,24
7443.7,26
7445.3,32
7446.5,18
7446.8,19
7446.9,27
7447.2,8
7448.4,38
7449.2,5
7449.7,3
7450.4,1
7450.5,12
7451.2,16
7451.6,9
7452.0,22
7452.2,29
7452.5,31
7452.6,35
7452.7,13
7453.0,30
7453.1,2
7453.2,14
7453.2,34
7453.5,15
7454.1,10
7455.7,28
7456.2,8
7456.3,26
7456.4,18
7456.5,37
7457.5,23
7457.6,1
7458.7,4
7459.4,17
7462.3,38
7463.1,0
7463.6,32
7463.9,22
7464.1,27
7464.5,34
7464.7,19
7466.4,5
7467.4,8
7467.5,14
7467.6,13
7467.7,21
7467.8,35
7467.9,1
7468.8,12
7468.9,39
7469.2,9
7469.3,2
7469.3,36
7469.9,18
7470.2,3
7470.2,26
7470.2,33
7470.3,10
7471.1,16
7471.6,23
7472.1,34
7472.4,38
7473.2,31
7473.8,29
7474.0,15
7474.1,27
7474.3,1
7474.4,30
7476.9,9
7477.9,28
7479.0,4
7479.0,32
7480.7,12
7481.0,38
7481.1,13
7481.2,7
7481.3,18
7481.3,26
7481.5,34
7481.7,17
7482.0,5
7482.0,35
7482.3,6
7482.7,37
7482.8,8
7483.0,20
7483.1,1
7483.1,14
7483.5,3
7484.2,23
7484.3,15
7484.5,24
7484.7,33
7485.6,19
7488.7,27
7489.0,10
7489.6,9
7489.6,31
7489.9,1
7490.1,5
7490.5,34
7490.6,2
7491.2,38
7493.1,16
7493.2,20
7493.4,28
7494.0,33
7494.3,12
7494.5,8
7494.5,14
7494.6,32
7494.7,4
7495.4,13
7495.4,18
7495.5,39
7496.0,21
7496.3,9
7497.5,26
7497.8,19
7497.9,35
7498.0,1
7498.5,36
7499.0,23
7499.4,30
7500.9,5
7502.0,29
7502.2,34
7502.5,3
7503.2,31
7504.1,18
7504.2,38
7504.3,4
7504.3,10
7504.3,12
7505.6,1
7505.8,27
7506.1,14
7507.1,32
7507.2,0
7508.5,17
7510.0,33
7510.3,37
7510.4,8
7510.5,13
7510.9,5
7511.3,2
7511.3,15
7511.3,26
7511.5,23
7511.9,1
7512.0,22
7512.6,9
7513.7,16
7514.5,28
7514.8,34
7515.4,12
7515.5,38
7516.1,18
7516.2,29
7516.6,32
7516.6,35
7516.7,39
7516.8,19
7517.8,10
7518.2,30
7519.3,36
7519.9,27
7520.4,14
7520.6,1
7521.2,8
7521.5,11
7521.7,5
7521.8,34
7522.2,24
7522.3,4
7522.3,31
7523.2,13
7524.9,26
7525.5,9
7525.9,3
7525.9,23
7526.7,35
7527.2,33
7527.5,1
7527.7,18
7528.4,8
7528.4,16
7528.4,29
7528.8,38
7529.3,14
7529.6,28
7529.7,32
7530.6,13
7531.0,17
7531.0,19
7531.5,15
7532.1,21
7532.2,12
7534.2,5
7534.3,34
7535.4,10
7535.5,2
7537.6,1
7537.7,26
7537.8,33
7537.9,0
7538.7,27
7539.5,35
7540.4,31
7540.4,38
7540.5,4
7541.3,18
7542.1,13
7542.1,22
7542.1,30
7542.5,32
7542.8,8
7542.8,17
7542.9,28
7543.2,14
7543.2,29
7543.4,7
7543.7,9
7543.9,39
7544.4,23
7545.0,19
7545.5,1
7546.3,3
7547.1,34
7547.8,5
7548.1,15
7548.5,36
7548.8,26
7549.6,38
7550.6,21
7551.1,20
7551.3,10
7552.2,8
7552.3,27
7553.7,12
7553.7,18
7553.8,28
7553.9,29
7554.6,14
7555.4,34
7555.6,1
7556.3,32
7556.3,13
7556.3,35
7556.9,31
7557.4,4
7557.8,9
7558.0,10
7558.3,38
7558.5,37
7559.3,19
7559.3,22
7559.8,16
7559.8,30
7560.3,23
7560.3,33
7561.5,26
7562.2,5
7562.4,1
7562.5,18
7563.0,8
7563.5,2
7563.8,27
7565.6,0
7565.6,31
7567.0,13
7568.3,12
7568.8,14
7569.7,28
7570.6,32
7570.8,34
7571.2,1
7571.4,36
7571.4,39
7571.5,23
7571.8,3
7571.8,17
7571.9,38
7572.0,15
7572.2,8
7572.3,9
7572.5,11
7573.2,26
7573.2,37
7573.7,29
7574.2,18
7574.6,4
7575.6,13
7577.8,33
7578.1,14
7578.5,5
7578.8,35
7578.9,10
7579.7,2
7579.9,19
7580.4,12
7580.4,16
7580.7,34
7581.0,15
7581.1,21
7581.4,17
7581.4,27
7581.5,1
7581.9,9
7582.7,38
7582.8,24
7584.9,32
7585.1,31
7585.2,28
7586.1,8
7586.3,23
7586.3,30
7586.7,26
7586.8,18
7587.5,13
7588.5,1
7588.5,29
7588.6,36
7589.5,34
7589.8,38
7592.8,20
7592.9,12
7593.8,7
7593.8,27
7593.9,4
7594.1,17
7594.3,5
7594.9,9
7594.9,19
7595.1,14
7595.8,2
7595.8,18
7596.5,23
7597.1,34
7597.8,1
7598.2,8
7598.2,33
7598.3,3
7598.4,13
7598.7,32
7599.6,22
7599.7,38
7600.8,35
7601.3,26
7601.4,31
7601.7,21
7603.1,10
7604.1,0
7604.8,14
7604.9,28
7605.1,4
7605.9,12
7605.9,16
7606.4,1
7607.0,23
7607.6,27
7608.1,39
7608.3,19
7608.5,9
7608.7,30
7608.8,5
7609.1,18
7609.3,37
7609.3,29
7609.7,8
7609.8,36
7610.0,34
7610.2,38
7610.7,4
7610.7,33
7610.8,13
7610.9,32
7611.1,3
7613.1,2
7614.3,15
7614.9,26
7615.3,1
7616.4,31
7616.5,17
7616.9,8
7617.5,10
7617.6,19
7618.1,27
7619.1,14
7619.2,3
7619.2,18
7619.9,12
7620.1,28
7620.7,35
7621.5,9
7621.8,34
7622.8,1
7622.9,6
7623.2,23
7623.3,38
7624.2,33
7624.3,13
7624.4,4
7625.9,29
7626.1,24
7626.2,32
7626.9,5
7628.1,26
7628.7,18
7628.7,30
7628.8,16
7629.0,19
7630.2,31
7630.3,2
7630.3,8
7631.2,12
7632.3,33
7633.0,15
7633.3,21
7633.6,34
7633.8,9
7633.8,13
7634.3,17
7634.3,39
7634.7,11
7634.8,1
7635.0,38
7635.7,18
7635.8,27
7636.2,36
7636.5,14
7636.6,35
7639.2,32
7639.9,4
7641.4,5
7641.7,2
7641.8,1
7642.1,8
7643.1,22
7643.2,19
7643.7,20
7643.7,29
7644.1,38
7644.3,23
7644.8,13
7644.8,34
7645.1,26
7645.2,9
7645.6,10
7645.7,30
7647.1,3
7647.2,14
7648.1,28
7648.7,18
7648.9,12
7650.1,36
7650.3,8
7650.9,35
7652.1,1
7653.6,37
7654.2,34
7654.7,39
7654.8,31
7654.8,32
7655.4,16
7655.5,13
7655.8,5
7655.8,14
7655.8,23
7656.1,38
7656.8,4
7656.9,27
7657.6,18
7657.9,19
7658.0,33
7658.1,3
7658.1,17
7659.3,2
7660.1,8
7660.4,1
7661.2,0
7662.5,12
7662.8,34
7663.3,28
7663.9,9
7663.9,35
7664.0,26
7664.4,15
7664.5,30
7665.0,13
7667.6,5
7668.0,14
7668.3,32
7668.4,1
7668.9,23
7669.7,38
7670.6,22
7671.2,10
7671.5,34
7671.7,18
7672.0,29
7672.4,27
7672.5,33
7672.9,20
7673.0,17
7673.1,4
7673.6,13
7674.3,19
7674.3,31
7674.4,8
7675.1,16
7676.2,24
7676.4,18
7676.4,38
7676.9,9
7677.0,32
7677.5,12
7677.5,26
7677.5,35
7678.1,36
7678.4,1
7678.6,15
7678.7,14
7679.2,34
7682.9,3
7682.9,5
7683.0,28
7685.4,21
7685.4,29
7685.5,13
7686.5,1
7686.8,0
7686.8,37
7686.9,23
7687.1,32
7687.5,10
7687.8,34
7688.2,35
7688.4,8
7688.7,26
7688.9,30
7689.7,14
7689.8,18
7690.0,2
7690.0,9
7691.0,27
7691.3,38
7692.2,19
7692.3,17
7692.8,4
7693.6,28
7694.2,15
7694.3,1
7694.9,33
7695.0,11
7695.0,12
7695.0,31
7695.4,3
7696.5,34
7696.8,13
7697.2,8
7699.1,18
7699.4,36
7699.7,16
7699.8,37
7700.8,38
7701.0,7
7701.1,23
7702.1,5
7702.2,22
7702.4,26
7702.5,17
7702.8,1
7702.9,9
7703.2,32
7703.9,33
7705.2,29
7705.2,35
7705.6,14
7706.1,19
7706.7,21
7706.8,12
7707.9,31
7707.9,39
7708.1,13
7709.1,8
7709.6,4
7709.8,18
7709.9,28
7711.0,2
7711.5,1
7711.6,14
7711.9,26
7712.4,34
7712.6,27
7713.1,10
7714.8,38
7715.5,5
7715.7,9
7715.8,32
7715.9,15
7718.1,17
7718.2,8
7719.4,23
7720.1,13
7720.7,35
7721.3,1
7722.1,19
7722.4,29
7722.6,3
7722.6,18
7722.9,34
7722.9,38
7723.5,2
7724.4,14
7724.4,26
7726.1,28
7726.3,31
7726.4,30
7726.7,5
7726.7,12
7726.7,33
7727.9,4
7728.0,24
7728.5,13
7729.9,1
7730.0,32
7730.1,9
7730.3,8
7730.8,34
7731.1,16
7731.1,20
7731.6,18
7732.1,27
7732.6,23
7733.9,38
7734.3,10
7734.8,0
7735.0,22
7735.4,14
7735.5,29
7735.7,36
7735.9,21
7737.0,31
7737.8,2
7738.0,1
7738.5,28
7738.5,39
7739.0,26
7739.1,37
7739.6,19
7740.1,13
7740.3,8
7740.5,35
7741.2,15
7741.3,34
7741.8,18
7743.1,7
7743.5,5
7744.0,32
7745.5,29
7745.8,17
7745.9,4
7746.1,12
7746.5,23
7746.8,38
7747.2,9
7747.4,3
7747.8,1
7750.9,18
7751.3,30
7751.8,14
7752.4,27
7753.3,10
7753.5,20
7754.3,26
7754.4,8
7754.7,5
7754.9,35
7755.2,19
7755.4,1
7755.7,38
7756.8,34
7757.4,2
7758.3,13
7758.4,18
7759.7,17
7760.0,31
7761.7,4
7761.9,3
7762.5,5
7762.6,1
7762.8,36
7762.9,15
7763.3,0
7763.4,14
7763.4,33
7764.2,12
7765.3,24
7765.4,8
7765.6,23
7765.8,32
7766.4,9
7767.1,38
7767.3,10
7767.3,13
7767.3,26
7767.3,29
7767.7,28
7767.8,27
7768.2,22
7768.2,34
7768.5,14
7772.7,2
7772.7,8
7773.0,35
7773.1,21
7773.2,18
7773.3,1
7773.3,39
7775.1,13
7775.5,20
7775.5,38
7775.9,9
7777.0,12
7777.3,4
7778.1,14
7778.1,34
7778.4,19
7778.8,17
7779.9,30
7780.0,32
7780.2,1
7780.2,23
7781.1,31
7781.1,37
7781.2,33
7781.7,16
7781.8,5
7782.1,8
7782.1,27
7782.2,28
7782.6,36
7783.6,29
7783.9,18
7784.2,9
7784.9,11
7784.9,26
7785.5,35
7787.1,10
7787.3,1
7788.2,13
7789.3,34
7789.4,38
7789.8,14
7790.0,31
7790.5,2
7790.8,12
7791.6,4
7793.4,17
7793.4,32
7793.5,3
7794.0,1
7794.5,8
7795.3,22
7795.4,21
7795.5,0
7795.8,16
7796.4,39
7796.6,5
7796.8,7
7796.8,15
7797.3,19
7797.7,23
7797.9,36
7798.9,18
7799.5,33
7800.4,13
7801.1,9
7801.1,29
7801.2,26
7801.5,27
7801.8,28
7801.8,38
7802.2,34
7802.3,1
7802.3,31
7803.9,30
7804.9,24
7806.5,8
7807.0,17
7808.1,35
7808.2,10
7809.3,12
7809.7,14
7810.1,32
7810.2,26
7810.8,23
7810.9,5
7810.9,36
7811.4,1
7811.5,3
7811.6,37
7811.8,15
7811.8,18
7812.5,34
7812.6,4
7812.6,13
7812.8,19
7813.3,20
7814.2,28
7814.3,31
7815.3,9
7815.5,29
7815.9,2
7816.0,38
7816.8,8
7817.0,39
7817.3,33
7819.2,36
7819.8,14
7820.4,34
7820.5,26
7820.5,35
7821.0,1
7823.0,27
7823.5,18
7823.9,23
7824.5,30
7825.1,38
7825.3,19
7825.4,32
7826.1,29
7827.2,16
7827.3,13
7827.9,4
7828.3,3
7828.6,8
7829.0,9
7829.0,17
7829.4,5
7829.9,10
7830.5,34
7831.0,7
7831.2,12
7831.5,22
7831.7,1
7832.8,14
7832.9,28
7833.0,36
7833.7,31
7834.5,32
7834.9,21
7835.3,11
7835.4,18
7835.4,39
7835.8,29
7836.5,0
7837.0,27
7837.0,35
7837.3,23
7837.3,33
7838.0,38
7838.9,8
7838.9,26
7839.2,9
7839.4,15
7839.8,37
7840.1,4
7840.3,34
7840.7,13
7841.8,14
7842.7,1
7842.7,17
7842.9,2
7844.4,20
7844.4,35
7844.9,12
7845.4,5
7845.9,8
7848.9,4
7849.8,19
7850.0,29
7850.1,10
7850.2,18
7850.3,1
7850.3,28
7850.3,32
7850.3,38
7851.3,23
7851.4,3
7851.6,30
7852.0,26
7852.1,27
7852.7,13
7853.1,34
7853.2,21
7853.4,9
7854.4,35
7854.5,8
7854.9,14
7855.0,12
7855.1,31
7855.7,33
7858.3,5
7859.1,1
7860.5,17
7861.3,15
7861.3,22
7861.4,16
7861.5,32
7861.9,19
7861.9,37
7862.3,36
7862.6,18
7862.7,13
7862.7,34
7863.0,4
7864.7,38
7865.4,25
7865.8,2
7866.2,29
7866.3,39
7866.9,23
7867.0,28
7867.1,7
7867.3,1
7867.3,24
7867.9,8
7868.4,26
7868.7,9
7868.8,21
7869.3,14
7870.6,30
7871.5,5
7871.5,35
7872.4,32
7872.5,18
7872.7,10
7873.1,1
7874.9,31
7875.1,34
7875.6,19
7875.7,12
7875.7,27
7875.9,3
7876.1,13
7876.5,36
7876.6,4
7878.4,8
7878.4,9
7879.2,22
7879.8,23
7880.8,33
7881.3,38
7882.0,17
7882.1,14
7882.3,2
7882.5,26
7882.5,0
7882.8,1
7883.3,18
7883.6,34
7883.8,28
7885.1,29
7885.4,16
7885.6,5
7885.8,10
7886.2,3
7886.8,32
7887.1,9
7891.5,8
7891.5,15
7892.4,13
7892.4,14
7892.5,17
7892.7,19
7892.8,30
7892.8,39
7893.1,1
7893.1,23
7893.2,11
7893.2,18
7893.6,38
7893.7,28
7893.8,31
7894.5,34
7894.7,4
7894.7,36
7894.9,27
7895.3,12
7895.4,32
7895.9,9
7895.9,20
7896.2,35
7896.2,5
7897.4,29
7899.1,33
7899.4,8
7900.3,26
7901.7,10
7903.1,37
7903.6,18
7904.1,28
7904.3,3
7904.3,14
7904.7,0
7904.8,1
7905.5,13
7905.6,8
7905.8,35
7905.9,4
7906.1,34
7906.3,19
7907.3,23
7907.8,2
7907.9,24
7908.6,17
7908.6,22
7908.6,38
7908.9,15
7909.4,32
7909.6,20
7911.5,14
7911.6,27
7911.6,36
7911.9,21
7912.2,12
7913.3,5
7914.1,7
7914.3,34
7915.2,13
7915.9,29
7916.0,9
7916.1,8
7916.1,18
7916.4,1
7916.6,28
7917.1,31
7917.9,23
7918.1,26
7918.5,39
7918.8,16
7920.1,10
7920.4,0
7920.5,33
7920.6,34
7920.6,5
7921.3,4
7921.8,38
7922.3,35
7922.7,14
7923.8,1
7924.5,12
7924.6,8
7924.7,18
7924.9,30
7925.0,32
7925.4,19
7925.4,22
7925.4,27
7928.5,31
7929.1,13
7929.7,23
7930.1,2
7930.1,28
7930.8,15
7932.8,38
7933.4,17
7934.2,29
7934.3,35
7934.3,8
7934.5,26
7934.5,34
7934.9,4
7934.9,39
7935.4,1
7935.6,5
7935.7,32
7936.1,9
7936.2,3
7936.4,14
7936.4,36
7936.8,12
7938.8,18
7939.1,13
7941.0,1
7941.4,34
7943.2,27
7943.3,31
7944.9,10
7944.9,33
7945.2,8
7945.4,28
7945.6,19
7945.7,35
7946.4,5
7946.4,32
7946.5,23
7946.5,38
7946.7,37
7946.8,4
7947.0,18
7947.5,26
7948.7,1
7949.4,22
7949.8,3
7950.0,13
7950.2,39
7951.0,14
7951.1,12
7951.5,9
7951.8,15
7952.7,2
7953.4,38
7954.5,34
7954.9,23
7955.4,8
7955.5,29
7956.2,1
7956.7,18
7957.0,16
7958.0,27
7958.3,36
7958.5,19
7958.9,17
7959.4,32
7959.8,21
7960.1,5
7960.1,26
7961.0,14
7961.2,13
7961.4,30
7961.7,0
7962.3,10
7962.8,1
7962.9,4
7963.0,33
7963.2,31
7963.5,35
7963.6,28
7963.6,34
7964.4,8
7964.7,3
7965.1,7
7965.8,9
7967.1,18
7967.2,38
7968.8,23
7970.5,22
7970.6,12
7970.7,15
7971.3,14
7971.3,20
7971.4,27
7971.4,29
7972.1,32
7972.6,26
7972.9,13
7972.9,39
7973.0,8
7973.2,1
7973.8,10
7974.6,34
7974.9,9
7975.9,18
7975.9,38
7976.3,17
7977.5,16
7977.5,35
7978.1,2
7978.1,31
7979.3,36
7980.1,14
7980.5,19
7980.5,28
7981.8,26
7982.6,1
7982.9,13
7983.1,34
7983.1,37
7983.5,8
7983.7,4
7983.9,5
7984.2,27
7984.2,33
7984.3,30
7984.3,21
7985.6,32
7986.5,12
7986.5,18
7987.2,38
7988.5,14
7988.9,31
7989.5,9
7989.7,3
7989.8,23
7990.7,8
7990.8,1
7991.7,29
7992.8,34
7993.3,27
7993.6,13
7993.7,28
7994.2,22
7994.4,35
7994.7,2
7995.2,33
7995.9,32
7996.7,26
7996.8,17
7997.1,5
7997.1,8
7997.1,19
7997.2,39
7997.3,18
7997.4,4
7997.4,25
7998.3,1
7999.0,16
8000.0,23
8001.0,38
8001.8,9
8001.8,10
8003.0,3
8005.1,36
8005.2,34
8005.4,8
8005.6,14
8006.8,38
8006.9,13
8007.1,4
8007.3,29
8007.5,1
8008.0,18
8008.0,27
8008.1,12
8008.1,15
8008.1,31
8008.2,5
8008.8,2
8008.9,0
8009.2,21
8009.9,33
8010.3,32
8010.4,28
8010.5,30
8010.9,23
8012.5,35
8014.6,13
8015.5,5
8015.5,39
8015.6,9
8015.7,37
8016.0,20
8016.0,26
8016.7,14
8016.8,17
8017.4,1
8017.4,18
8017.4,19
8018.4,34
8019.0,8
8020.6,38
8021.1,23
8022.8,4
8022.9,1
8024.3,13
8025.0,2
8025.6,21
8025.9,29
8026.4,18
8026.5,32
8026.7,10
8026.7,36
8026.9,8
8027.8,35
8028.3,33
8028.5,5
8028.5,34
8028.5,38
8028.7,3
8028.8,31
8029.2,22
8029.3,16
8029.3,28
8029.4,27
8029.7,14
8030.8,1
8030.9,26
8033.3,12
8033.4,9
8033.6,19
8034.3,7
8035.2,30
8037.7,23
8038.0,8
8038.2,35
8038.4,39
8038.5,15
8039.4,0
8039.5,4
8039.5,14
8039.5,38
8040.0,20
8040.0,29
8040.2,28
8040.5,33
8040.5,1
8040.7,31
8040.9,5
8041.0,2
8041.4,34
8043.9,13
8044.5,32
8045.0,18
8045.6,8
8045.9,27
8046.0,26
8049.3,34
8049.6,14
8049.7,30
8050.1,33
8050.2,19
8050.3,17
8050.7,3
8050.8,37
8051.4,12
8051.5,13
8052.4,1
8053.3,9
8053.6,2
8053.6,38
8054.7,8
8055.0,36
8055.2,32
8055.3,5
8055.3,28
8055.6,31
8056.2,23
8056.3,18
8056.6,35
8056.8,24
8057.0,27
8057.2,29
8057.5,34
8059.0,14
8059.3,22
8059.6,19
8060.4,10
8060.6,16
8060.7,12
8061.4,1
8061.8,4
8062.3,33
8062.8,13
8063.1,32
8064.0,7
8064.0,28
8064.0,18
8064.4,38
8064.9,34
8065.1,3
8065.1,9
8065.1,26
8065.1,39
8066.0,8
8066.2,17
8067.4,1
8069.0,31
8070.0,21
8070.0,27
8071.7,5
8074.2,14
8075.8,34
8075.9,9
8076.0,10
8076.0,23
8076.0,30
8076.4,18
8076.7,38
8076.8,20
8076.8,32
8077.4,17
8077.5,36
8078.4,26
8078.5,13
8078.5,28
8078.6,2
8078.6,1
8079.3,19
8080.5,35
8081.0,4
8082.2,29
8082.4,37
8082.6,3
8082.7,16
8083.5,33
8083.9,1
8085.4,14
8085.7,8
8086.1,36
8086.4,32
8086.5,27
8086.6,12
8086.7,22
8086.9,15
8087.0,34
8087.1,23
8087.2,0
8087.2,26
8087.2,30
8087.7,31
8087.9,38
8088.4,5
8089.5,18
8093.7,17
8093.8,13
8094.0,14
8094.1,28
8094.7,1
8095.7,4
8095.7,7
8095.7,10
8096.3,29
8096.8,35
8097.4,38
8097.6,9
8098.3,37
8098.5,34
8098.6,8
8098.6,33
8098.8,18
8099.5,39
8100.3,2
8100.8,32
8101.3,19
8101.8,1
8101.9,23
8102.7,5
8103.0,28
8104.7,11
8104.8,15
8105.1,26
8105.1,30
8106.2,13
8106.3,4
8107.5,24
8107.9,1
8108.1,14
8108.1,38
8108.4,16
8108.4,20
8108.5,8
8108.6,3
8108.6,25
8108.8,18
8109.4,34
8109.8,9
8110.5,21
8110.5,27
8111.0,31
8111.4,29
8111.7,12
8112.4,2
8114.6,32
8115.7,1
8116.7,33
8116.7,39
8117.2,23
8117.6,13
8117.6,35
8118.1,38
8119.4,19
8119.6,8
8120.3,5
8120.5,22
8120.9,28
8120.9,36
8121.1,17
8121.8,9
8122.0,26
8122.7,1
8122.7,14
8122.7,34
8122.9,10
8122.9,18
8123.5,32
8124.3,4
8125.6,0
8126.3,19
8126.3,23
8126.5,2
8126.5,37
8127.0,38
8127.9,8
8128.6,27
8128.8,13
8130.7,18
8131.1,34
8131.9,33
8131.9,35
8132.3,31
8133.3,12
8133.3,15
8133.4,29
8133.4,39
8133.7,3
8133.9,1
8135.3,9
8135.4,26
8135.5,14
8135.5,30
8136.1,5
8136.1,13
8137.0,32
8137.7,8
8138.3,27
8139.1,24
8139.7,2
8139.9,1
8140.5,34
8140.8,20
8141.1,38
8142.3,28
8143.4,10
8143.6,17
8144.1,23
8144.7,4
8144.7,21
8144.9,19
8145.6,31
8145.6,13
8145.8,9
8146.0,16
8146.0,35
8146.9,18
8148.5,32
8148.8,3
8148.9,14
8149.5,27
8149.7,12
8149.8,1
8150.7,34
8150.7,36
8151.3,38
8151.8,8
8152.1,15
8152.6,10
8152.8,0
8152.8,5
8153.0,29
8153.1,17
8153.1,26
8153.6,13
8153.9,22
8154.8,9
8155.6,35
8155.6,2
8156.9,23
8158.6,31
8158.6,34
8159.7,8
8159.9,38
8160.1,14
8160.3,1
8160.3,28
8160.8,18
8161.0,33
8161.6,39
8161.8,19
8161.9,36
8162.2,32
8162.5,12
8163.2,26
8163.3,5
8163.6,30
8165.0,37
8166.4,4
8167.0,9
8167.0,29
8167.9,1
8168.5,35
8169.2,13
8169.6,17
8170.0,3
8170.0,27
8170.0,38
8170.6,8
8170.9,11
8171.3,14
8172.0,34
8172.8,23
8172.8,32
8174.1,2
8174.2,36
8174.6,18
8175.1,28
8175.9,1
8176.6,15
8177.0,5
8177.6,12
8178.3,31
8178.6,38
8179.0,20
8179.0,34
8179.2,10
8179.4,21
8179.6,8
8179.8,16
8180.0,32
8180.2,27
8180.5,26
8181.2,4
8181.5,35
8181.7,22
8182.4,17
8183.5,14
8183.7,13
8184.0,1
8184.0,9
8184.1,29
8186.3,19
8186.8,8
8186.9,34
8187.0,2
8187.3,7
8187.4,18
8188.2,28
8190.0,39
8191.1,16
8191.2,23
8191.6,3
8191.6,13
8191.6,38
8191.7,5
8192.0,32
8192.3,12
8192.4,1
8193.7,26
8193.9,18
8194.3,9
8194.7,0
8195.2,27
8196.3,14
8197.2,34
8197.4,33
8198.3,30
8198.7,4
8198.9,31
8199.3,8
8199.4,2
8199.6,38
8199.7,36
8199.7,29
8200.3,10
8200.4,20
8200.6,5
8200.7,13
8200.9,18
8201.0,24
8201.4,35
8202.4,1
8202.5,19
8203.5,32
8203.8,15
8204.0,21
8204.8,17
8204.9,9
8205.1,39
8205.6,23
8207.0,26
8207.2,14
8209.4,1
8209.5,29
8209.6,27
8209.6,34
8210.2,8
8210.4,11
8210.4,5
8211.2,18
8211.3,13
8213.1,12
8213.4,2
8214.5,32
8214.9,38
8215.2,16
8215.8,4
8216.3,34
8216.8,22
8217.3,1
8217.3,36
8217.6,5
8217.6,30
8217.7,8
8218.0,31
8218.3,28
8218.5,9
8218.8,3
8219.6,17
8219.7,26
8220.9,18
8222.4,10
8223.1,38
8223.7,23
8223.9,19
8223.9,29
8224.1,14
8225.0,35
8225.3,13
8225.5,1
8225.9,33
8226.1,34
8227.4,15
8227.9,30
8228.0,32
8228.4,24
8228.5,2
8228.6,12
8228.8,27
8228.9,0
8231.0,9
8231.7,4
8231.7,28
8232.2,8
8232.5,20
8232.8,37
8233.6,18
8234.2,39
8234.7,17
8234.8,38
8235.2,1
8235.5,34
8236.9,14
8237.2,5
8237.3,32
8237.8,21
8238.7,13
8238.7,26
8239.4,3
8242.4,1
8242.4,12
8242.8,2
8242.9,23
8242.9,36
8243.2,8
8244.0,14
8244.1,16
8244.1,31
8245.1,28
8245.2,33
8245.3,13
8245.3,19
8245.5,20
8245.5,35
8246.1,27
8246.8,32
8246.8,38
8247.0,9
8247.3,29
8248.0,1
8248.3,18
8248.4,5
8250.1,22
8250.2,4
8251.1,0
8252.6,34
8253.1,23
8254.5,27
8255.3,30
8255.4,26
8255.4,17
8255.6,7
8255.6,10
8255.8,8
8255.9,12
8256.1,13
8256.7,18
8257.2,21
8257.2,31
8257.5,32
8257.9,9
8257.9,19
8258.2,29
8258.4,1
8258.7,3
8258.9,24
8259.8,15
8260.3,28
8260.6,2
8260.6,14
8261.7,34
8262.2,38
8262.4,33
8265.4,8
8265.6,22
8266.0,36
8266.1,35
8267.8,37
8268.2,5
8268.5,1
8268.6,39
8268.7,4
8268.8,23
8269.4,27
8270.6,18
8271.1,13
8271.4,26
8272.1,10
8272.5,38
8272.8,32
8273.3,14
8274.0,7
8274.1,20
8274.2,12
8274.7,34
8275.4,16
8275.7,8
8275.7,17
8276.1,9
8276.4,6
8277.0,29
8278.1,31
8279.6,1
8280.2,13
8281.8,19
8281.9,18
8282.3,15
8282.3,27
8282.5,38
8282.6,33
8283.0,35
8283.2,34
8283.5,30
8283.6,28
8284.2,5
8285.8,10
8285.9,39
8287.1,1
8287.7,32
8288.2,8
8288.6,4
8288.7,29
8289.4,21
8289.8,14
8289.8,23
8290.1,17
8290.2,36
8290.3,35
8290.5,26
8290.7,3
8290.8,13
8291.4,12
8292.3,9
8294.9,1
8296.0,8
8296.0,38
8296.4,34
8296.8,18
8297.1,5
8297.2,19
8297.3,16
8297.3,31
8297.8,2
8298.2,28
8298.8,22
8298.9,33
8299.1,11
8299.8,26
8299.8,37
8299.9,27
8300.0,0
8300.3,12
8301.0,24
8301.1,18
8301.3,4
8302.7,20
8304.1,1
8304.4,38
8304.7,23
8304.8,35
8305.5,34
8305.7,7
8306.1,32
8306.3,14
8306.6,8
8306.7,10
8306.7,17
8306.7,30
8306.7,36
8306.9,9
8307.4,13
8307.7,15
8311.2,28
8312.5,3
8312.5,19
8313.1,1
8313.9,5
8314.0,26
8314.6,14
8315.6,39
8315.8,33
8315.9,2
8316.0,23
8316.1,8
8316.3,4
8316.4,18
8316.4,38
8316.4,34
8317.0,31
8317.2,16
8317.3,29
8317.4,12
8318.1,27
8318.2,17
8320.0,1
8320.9,22
8321.4,13
8322.2,32
8322.3,35
8322.9,5
8324.1,8
8324.1,9
8325.8,39
8326.2,4
8326.9,29
8327.1,19
8327.4,26
8327.4,30
8327.4,38
8327.6,18
8328.5,34
8329.5,14
8329.7,12
8330.7,1
8331.6,3
8331.9,23
8332.1,13
8332.2,28
8332.4,2
8333.6,27
8334.1,9
8334.2,10
8334.3,21
8334.4,31
8334.5,15
8334.9,17
8335.1,8
8336.3,32
8336.9,18
8337.8,29
8337.9,5
8337.9,38
8338.0,14
8338.7,35
8338.9,34
8339.3,1
8340.8,16
8342.3,39
8343.2,26
8343.6,4
8343.7,13
8345.5,22
8345.9,27
8345.9,33
8346.1,36
8346.3,12
8347.2,8
8347.4,9
8347.8,38
8347.9,1
8348.0,37
8348.1,23
8348.3,34
8348.4,17
8348.5,25
8348.7,3
8348.7,7
8348.7,19
8348.9,20
8349.7,28
8350.1,31
8350.4,18
8350.6,32
8352.0,30
8352.4,14
8353.2,10
8354.5,16
8354.8,35
8355.6,24
8355.7,1
8355.9,29
8357.3,26
8357.5,13
8357.5,15
8358.0,8
8358.1,5
8358.1,38
8358.6,4
8359.3,12
8359.7,18
8359.7,34
8359.8,39
8360.0,27
8360.3,0
8360.5,17
8360.6,23
8360.6,28
8360.8,19
8363.4,2
8363.9,1
8363.9,14
8364.5,36
8364.9,32
8365.5,13
8366.3,3
8367.3,8
8367.6,33
8368.0,9
8368.0,31
8368.6,10
8369.2,29
8369.3,35
8369.6,23
8369.6,38
8370.5,26
8371.1,1
8371.4,4
8372.4,34
8373.4,5
8373.5,14
8373.5,18
8374.4,27
8374.7,21
8375.6,13
8376.1,16
8376.2,30
8376.4,39
8377.0,19
8377.1,32
8377.4,38
8377.8,17
8377.9,1
8378.0,8
8378.6,12
8378.7,11
8378.8,22
8379.8,37
8380.8,36
8381.1,5
8381.6,34
8382.2,31
8383.4,23
8383.8,15
8384.1,33
8385.5,18
8385.5,35
8385.7,8
8386.8,28
8387.0,1
8388.0,9
8388.8,26
8389.6,6
8390.0,13
8390.1,32
8390.5,12
8390.6,29
8390.9,14
8391.0,38
8391.1,3
8391.5,2
8391.6,19
8391.7,10
8391.8,7
8392.2,8
8392.2,25
8392.6,4
8393.8,34
8394.0,33
8394.6,1
8395.2,23
8395.4,0
8395.5,27
8396.6,29
8396.7,18
8398.1,5
8398.1,16
8399.2,13
8399.4,9
8399.6,20
8400.7,30
8401.7,26
8401.8,28
8401.8,38
8401.8,39
8402.9,4
8402.9,19
8402.9,31
8402.9,35
8403.2,14
8403.3,17
8403.9,1
8403.9,12
8404.3,8
8404.5,34
8405.0,18
8405.8,15
8408.8,36
8409.2,23
8409.3,32
8410.1,37
8410.4,13
8410.7,38
8411.0,9
8411.6,1
8413.9,3
8413.9,34
8414.0,8
8414.9,29
8415.3,14
8415.5,27
8416.0,2
8416.5,5
8416.7,21
8416.7,32
8416.8,10
8417.2,33
8417.6,24
8417.9,18
8418.0,4
8418.0,28
8418.2,1
8418.5,26
8420.0,19
8420.4,23
8421.5,35
8422.6,13
8422.9,9
8423.4,37
8424.1,34
8424.1,38
8424.6,39
8424.7,8
8425.3,1
8425.6,14
8425.7,16
8425.8,0
8425.8,12
8426.4,15
8426.4,31
8426.5,2
8426.5,18
8426.9,17
8426.9,30
8428.0,26
8428.5,3
8428.8,5
8429.1,4
8429.2,32
8429.8,38
8432.0,23
8432.5,13
8434.3,34
8434.3,1
8434.5,10
8434.5,20
8434.5,27
8434.5,29
8434.6,28
8435.1,8
8435.1,33
8435.9,19
8436.0,22
8436.5,9
8437.5,12
8437.7,38
8438.8,26
8440.5,24
8440.7,18
8441.1,14
8441.6,11
8441.7,4
8441.7,31
8441.7,36
8442.0,35
8442.0,32
8442.2,7
8442.2,17
8442.6,8
8442.8,34
8442.9,5
8443.6,23
8443.7,13
8445.3,1
8445.9,16
8446.4,3
8449.1,39
8450.0,2
8450.2,15
8450.8,38
8451.7,1
8451.8,14
8451.8,35
8452.4,27
8452.7,34
8453.5,13
8453.5,18
8453.5,26
8454.1,30
8454.3,29
8454.4,32
8454.5,12
8454.5,28
8454.6,9
8454.7,19
8455.3,10
8456.2,8
8456.8,21
8456.9,16
8457.4,5
8457.4,31
8457.8,4
8458.6,33
8458.9,14
8459.6,0
8460.4,1
8461.0,13
8461.0,23
8461.1,36
8461.4,9
8461.5,17
8461.8,15
8461.8,34
8462.1,38
8462.7,32
8465.2,35
8465.3,22
8466.4,19
8466.6,8
8467.2,18
8467.6,29
8467.7,27
8469.0,1
8469.1,7
8469.4,10
8469.4,31
8470.3,26
8470.5,3
8470.8,28
8470.8,34
8471.1,5
8471.1,14
8471.4,38
8471.8,23
8472.4,30
8472.4,15
8472.7,39
8473.2,13
8473.5,8
8474.0,12
8474.3,37
8477.6,4
8477.7,18
8477.8,2
8479.0,32
8479.3,17
8479.4,33
8479.9,35
8480.0,1
8480.0,14
8481.7,19
8481.7,21
8481.7,28
8482.1,9
8483.0,34
8483.7,27
8483.9,38
8484.0,13
8484.3,37
8484.6,31
8484.8,10
8485.5,23
8485.6,29
8486.0,15
8486.7,0
8486.7,8
8488.0,5
8488.3,14
8488.3,16
8488.6,1
8488.9,26
8490.1,18
8491.1,34
8491.3,32
8491.4,36
8491.6,13
8491.9,9
8493.7,3
8494.4,2
8494.4,38
8494.9,17
8495.1,22
8495.1,28
8495.1,35
8495.4,7
8495.4,19
8496.2,10
8496.6,1
8496.7,37
8496.8,12
8497.0,8
8499.4,33
8499.7,23
8501.0,26
8501.2,29
8501.2,31
8501.2,32
8502.1,14
8502.6,5
8502.6,18
8502.9,34
8503.3,12
8503.8,39
8503.9,15
8504.2,20
8504.2,30
8504.7,38
8505.4,13
8506.0,8
8506.1,27
8506.7,24
8506.9,1
8507.9,25
8508.6,19
8509.8,9
8510.1,4
8510.3,21
8510.6,28
8510.8,0
8511.2,34
8511.3,18
8512.4,29
8512.7,35
8512.9,11
8513.1,17
8513.1,32
8513.8,33
8514.3,23
8514.4,5
8514.7,1
8515.8,2
8516.0,31
8516.4,10
8516.9,37
8517.3,12
8517.3,38
8517.5,14
8518.2,22
8518.2,8
8519.3,32
8519.9,3
8520.8,13
8520.8,26
8521.1,36
8521.4,18
8522.7,34
8523.2,20
8523.3,16
8523.6,27
8523.7,4
8524.3,1
8524.3,15
8524.7,28
8525.1,19
8525.5,9
8525.9,23
8526.2,29
8526.4,14
8526.8,30
8527.0,5
8527.5,39
8527.6,8
8527.6,38
8529.6,17
8529.8,18
8531.5,12
8533.2,32
8533.2,35
8533.5,13
8534.0,34
8535.4,21
8535.6,1
8536.1,22
8536.5,0
8536.5,26
8536.5,37
8536.9,36
8537.3,14
8537.8,31
8538.1,2
8538.6,24
8538.8,28
8539.6,10
8540.0,8
8540.0,27
8540.1,38
8540.5,18
8540.9,23
8541.9,4
8543.4,39
8544.3,12
8544.3,32
8544.6,3
8545.0,1
8545.6,9
8546.2,19
8546.2,34
8546.9,5
8547.0,33
8547.3,13
8547.3,14
8548.5,18
8548.6,29
8548.6,31
8549.2,8
8550.0,15
8550.3,38
8551.1,27
8552.9,26
8553.0,1
8553.0,25
8553.3,30
8554.1,28
8554.2,23
8554.4,32
8554.4,35
8555.3,12
8555.4,34
8556.1,17
8556.6,2
8557.9,4
8557.9,10
8558.5,18
8558.7,5
8559.8,39
8559.9,13
8560.1,9
8560.8,8
8561.0,38
8561.6,7
8561.9,27
8562.9,33
8563.0,1
8563.5,12
8563.7,29
8564.0,34
8564.7,14
8565.1,28
8566.0,22
8566.3,15
8566.4,23
8566.7,26
8566.7,35
8567.0,16
8567.3,10
8568.1,8
8568.3,31
8568.9,3
8569.0,18
8570.8,19
8570.9,17
8571.4,1
8572.4,38
8573.3,32
8573.9,13
8574.9,5
8575.2,34
8575.2,36
8576.0,4
8576.2,9
8576.5,31
8576.7,2
8577.2,14
8577.4,12
8577.6,0
8577.7,8
8577.7,27
8579.7,23
8579.9,1
8581.0,30
8581.4,29
8581.6,20
8581.6,33
8582.2,13
8582.3,26
8582.7,22
8583.1,18
8584.0,19
8584.1,38
8584.5,10
8584.9,32
8585.0,35
8585.2,37
8585.4,28
8586.0,34
8586.5,5
8587.3,1
8588.8,21
8589.9,8
8590.1,16
8590.3,9
8591.0,14
8591.4,15
8591.6,4
8591.7,0
8591.8,17
8592.3,13
8592.7,27
8592.9,29
8593.0,38
8593.5,1
8593.5,12
8593.5,24
8593.8,3
8593.8,39
8593.8,36
8594.6,26
8594.7,23
8594.8,31
8594.9,32
8595.2,18
8596.1,8
8598.3,2
8599.4,5
8600.4,19
8600.5,34
8601.3,7
8602.0,35
8602.1,1
8603.0,13
8603.8,17
8603.8,38
8604.2,9
8605.0,4
8606.6,33
8606.7,18
8606.8,32
8606.8,8
8607.1,11
8607.5,14
8608.4,10
8609.0,12
8609.7,22
8610.5,1
8610.5,26
8611.5,28
8611.6,27
8611.6,29
8612.1,23
8612.6,19
8613.2,34
8614.2,31
8614.3,13
8614.5,3
8614.6,36
8614.8,39
8615.3,37
8616.1,8
8616.1,16
8616.5,5
8616.5,38
8617.2,21
8618.4,32
8618.5,30
8620.1,34
8620.4,9
8620.9,0
8621.5,28
8622.7,18
8622.9,10
8622.9,26
8623.1,14
8623.1,27
8623.2,1
8623.2,12
8623.3,2
8625.0,8
8626.9,35
8627.1,4
8627.5,17
8627.8,15
8628.6,13
8630.1,33
8630.4,19
8630.7,23
8631.1,29
8631.7,31
8632.1,18
8632.1,32
8632.2,9
8632.5,34
8633.1,1
8633.4,39
8633.4,14
8633.4,38
8633.6,22
8633.9,5
8634.7,10
8634.8,28
8636.5,26
8637.2,8
8638.2,27
8639.3,20
8639.6,12
8639.9,36
8640.0,1
8640.7,3
8640.9,16
8641.1,31
8641.5,30
8641.7,13
8642.1,34
8642.5,29
8642.5,38
8642.8,19
8643.1,24
8643.2,18
8643.6,2
8643.6,9
8643.7,15
8644.6,21
8644.7,8
8645.1,17
8645.2,5
8645.5,28
8645.8,32
8647.4,4
8647.4,14
8647.5,33
8648.6,37
8649.5,35
8649.9,1
8650.5,34
8650.6,13
8653.6,10
8653.8,8
8654.1,39
8654.6,3
8654.7,38
8655.0,7
8655.2,36
8655.4,23
8656.3,26
8656.9,29
8657.2,12
8657.4,9
8657.5,32
8657.7,2
8657.7,14
8658.2,20
8658.2,27
8658.3,18
8659.0,13
8659.0,28
8659.9,16
8660.8,1
8660.9,34
8661.9,5
8662.7,4
8662.9,17
8663.0,19
8663.1,33
8663.5,0
8663.6,30
8663.8,22
8664.2,35
8666.0,31
8666.3,1
8666.5,18
8667.0,8
8668.4,14
8669.5,15
8669.5,29
8670.0,38
8671.0,26
8671.1,21
8671.2,23
8671.3,27
8671.4,5
8671.7,13
8671.9,28
8672.3,9
8672.8,32
8672.8,36
8673.1,20
8673.2,4
8673.8,2
8674.1,10
8674.9,17
8675.2,1
8675.2,34
8675.3,8
8676.0,24
8676.9,12
8677.5,37
8677.7,14
8678.3,18
8678.8,31
8679.9,38
8680.7,13
8680.7,33
8680.7,35
8681.1,23
8682.2,1
8682.4,32
8682.8,22
8683.5,5
8684.3,28
8685.1,20
8685.1,34
8685.5,3
8686.7,39
8686.8,8
8686.8,29
8687.3,27
8687.8,9
8688.2,7
8688.5,31
8688.9,36
8689.0,1
8689.4,26
8689.5,11
8689.6,15
8689.6,30
8690.3,38
8691.6,19
8692.0,4
8692.4,13
8692.4,14
8692.4,16
8692.6,28
8692.9,2
8694.3,17
8694.9,18
8695.0,23
8696.2,26
8696.2,33
8696.7,12
8697.0,10
8697.3,1
8697.4,32
8697.8,35
8698.2,8
8699.1,29
8699.3,34
8701.2,38
8702.0,5
8702.5,27
8702.9,19
8703.3,22
8704.1,3
8705.1,13
8705.6,26
8705.6,31
8705.9,9
8705.9,14
8706.6,4
8706.8,17
8707.0,1
8709.9,10
8710.0,37
8710.7,5
8711.0,8
8711.0,18
8711.2,34
8712.1,21
8712.1,23
8713.2,33
8713.4,2
8713.7,32
8714.1,15
8714.3,26
8714.7,35
8714.8,20
8714.8,27
8714.8,38
8715.0,19
8715.2,12
8715.2,39
8715.8,29
8715.8,9
8716.2,1
8716.4,4
8716.4,28
8717.6,13
8718.5,30
8719.7,14
8719.8,8
8720.1,24
8720.1,34
8720.3,16
8720.8,5
8721.3,3
8721.4,36
8722.1,18
8722.4,23
8723.9,2
8726.6,31
8727.1,38
8727.1,39
8727.3,1
8727.7,32
8727.8,0
8727.9,17
8728.2,25
8728.2,35
8728.9,28
8729.1,19
8729.1,34
8730.0,12
8730.1,9
8732.5,31
8732.7,8
8733.1,10
8734.0,23
8734.8,26
8735.0,13
8735.0,36
8735.1,18
8735.2,29
8735.3,14
8735.4,4
8735.7,33
8735.8,21
8735.9,7
8737.1,1
8737.4,27
8737.6,11
8738.3,5
8738.8,22
8739.1,34
8739.3,12
8739.3,15
8739.5,37
8739.6,38
8740.3,30
8740.3,35
8742.0,32
8743.8,25
8743.8,39
8744.0,8
8744.2,28
8744.3,1
8744.3,18
8744.5,9
8745.0,4
8745.0,14
8745.4,19
8746.4,13
8747.5,21
8747.7,3
8748.0,2
8749.3,16
8749.6,5
8750.3,30
8750.6,20
8750.6,34
8750.7,29
8750.9,37
8751.5,17
8751.5,38
8751.7,23
8751.9,33
8753.8,14
8753.8,31
8754.1,27
8754.5,1
8754.5,10
8755.3,28
8755.7,26
8756.0,8
8757.3,32
8757.5,35
8757.9,4
8758.0,15
8758.3,18
8758.4,12
8758.9,13
8759.8,9
8761.8,5
8763.2,36
8763.7,1
8763.8,19
8764.2,34
8764.7,16
8764.7,32
8764.8,2
8766.7,31
8766.8,38
8767.5,27
8767.6,17
8768.2,26
8769.3,28
8769.7,8
8770.1,29
8770.3,10
8770.5,4
8770.6,14
8770.6,35
8771.5,9
8771.8,18
8772.9,13
8773.6,3
8773.7,30
8774.5,24
8775.1,34
8775.5,15
8775.7,1
8775.7,22
8775.7,23
8776.1,39
8776.2,33
8776.6,0
8777.2,14
8778.0,32
8778.1,38
8778.3,12
8778.7,19
8779.1,2
8779.2,31
8779.8,5
8780.1,8
8780.6,18
8781.8,1
8784.3,13
8784.5,27
8785.7,10
8786.2,9
8786.2,29
8786.2,34
8786.4,16
8786.6,28
8788.3,3
8788.5,35
8789.2,32
8789.3,23
8789.6,8
8789.6,1
8789.6,38
8789.9,4
8790.1,26
8791.5,21
8791.5,33
8791.6,30
8792.0,5
8792.5,37
8792.6,17
8793.7,14
8794.6,27
8794.6,34
8794.8,18
8795.8,36
8796.1,12
8796.2,19
8796.5,31
8796.9,28
8796.9,38
8797.6,32
8797.9,1
8798.8,4
8799.4,20
8799.9,13
8800.0,2
8800.3,7
8801.5,9
8801.9,3
8803.0,15
8803.2,23
8804.4,8
8805.6,29
8806.1,33
8806.1,39
8806.5,5
8806.5,35
8806.6,17
8806.6,26
8806.8,18
8806.8,38
8807.2,27
8807.4,19
8807.5,31
8807.6,1
8807.6,10
8808.3,13
8808.6,2
8809.0,34
8809.3,21
8809.3,32
8813.7,30
8814.3,11
8814.9,1
8814.9,5
8815.2,12
8815.2,14
8815.4,0
8815.6,8
8816.0,36
8816.4,9
8816.7,13
8816.7,18
8817.3,23
8818.2,28
8819.3,19
8819.6,34
8820.2,4
8820.9,31
8821.1,10
8821.1,15
8821.1,35
8821.2,32
8823.8,8
8824.1,14
8824.3,38
8824.4,1
8825.6,16
8826.3,22
8826.4,9
8826.5,5
8826.7,12
8826.8,26
8827.0,13
8827.4,29
8828.0,27
8828.0,33
8828.3,2
8828.4,18
8828.4,23
8829.6,24
8830.1,34
8830.3,17
8830.4,19
8833.6,31
8833.7,32
8833.7,14
8834.6,1
8834.6,4
8835.3,8
8836.4,38
8837.3,34
8837.7,3
8837.9,13
8838.3,9
8838.4,28
8838.9,25
8839.0,5
8839.8,27
8840.7,15
8840.7,35
8840.8,23
8840.8,39
8842.0,18
8842.1,8
8842.6,2
8842.7,14
8843.8,1
8844.4,4
8845.3,10
8845.9,29
8847.4,26
8847.4,34
8847.9,12
8848.1,19
8848.1,32
8848.3,30
8849.1,17
8849.4,20
8849.8,31
8849.8,36
8850.8,1
8851.0,9
8852.0,23
8852.1,13
8852.1,18
8852.6,29
8852.9,28
8853.5,5
8853.6,8
8854.3,7
8854.5,14
8855.3,38
8856.8,30
8857.5,22
8858.4,21
8858.4,26
8858.4,32
8858.4,33
8858.5,16
8858.6,35
8858.8,1
8859.3,17
8859.7,18
8860.3,27
8860.4,34
8861.4,19
8861.5,38
8862.1,23
8863.3,9
8863.5,8
8864.2,15
8864.2,39
8864.6,2
8864.9,4
8865.1,14
8865.4,11
8865.5,5
8865.7,31
8865.8,13
8865.8,33
8866.0,0
8866.1,12
8866.2,10
8867.1,24
8867.1,36
8867.2,3
8867.2,37
8868.7,1
8870.0,27
8870.4,34
8870.5,18
8870.8,29
8871.0,32
8871.2,26
8871.2,38
8872.0,28
8873.0,14
8874.0,30
8876.5,4
8876.8,8
8876.8,17
8877.2,13
8877.4,35
8877.8,19
8878.0,1
8879.2,34
8879.5,36
8880.3,12
8880.4,5
8881.5,8
8881.8,16
8882.1,32
8882.2,39
8882.4,23
8882.5,9
8882.5,31
8883.4,38
8883.6,2
8884.0,18
8884.6,14
8884.9,10
8885.5,29
8887.2,15
8887.2,28
8887.9,21
8888.6,1
8888.6,22
8888.9,24
8889.1,33
8889.2,26
8889.3,3
8889.7,27
8890.2,38
8890.4,34
8890.9,18
8891.1,19
8891.6,13
8893.0,8
8893.1,4
8893.9,12
8894.1,23
8894.9,32
8895.1,31
8895.4,14
8896.0,2
8896.5,16
8896.6,9
8896.7,1
8896.8,20
8897.1,37
8897.5,30
8898.3,5
8900.0,35
8900.6,34
8901.4,13
8901.8,26
8902.7,10
8903.2,18
8903.3,8
8903.3,36
8904.3,7
8905.0,3
8905.1,33
8905.2,27
8905.9,1
8906.2,23
8906.7,12
8906.8,32
8907.5,17
8907.6,38
8907.8,4
8907.8,14
8907.8,29
8908.3,5
8909.0,34
8910.5,13
8910.6,8
8910.6,19
8911.3,2
8911.6,28
8912.8,36
8913.2,35
8913.6,18
8914.3,39
8914.5,17
8914.6,1
8915.7,9
8915.7,22
8915.8,31
8916.8,15
8917.8,21
8917.9,14
8918.2,28
8918.4,23
8918.5,5
8918.5,26
8919.2,32
8920.4,38
8920.6,34
8922.3,16
8922.6,29
8922.7,13
8923.0,8
8923.5,4
8923.9,1
8924.2,0
8924.3,12
8924.4,18
8924.9,27
8925.0,3
8925.7,10
8925.8,33
8926.2,30
8926.6,2
8928.0,9
8928.0,38
8929.9,19
8930.3,14
8930.5,1
8930.9,5
8931.1,32
8932.4,13
8933.0,8
8933.0,35
8933.4,26
8933.5,31
8934.3,28
8934.7,20
8934.9,23
8935.9,15
8936.0,34
8939.3,39
8939.7,18
8939.9,4
8939.9,37
8940.1,17
8940.1,29
8940.3,38
8940.7,36
8940.9,22
8941.4,8
8941.4,14
8941.4,33
8941.4,27
8941.6,3
8941.6,24
8941.8,1
8941.8,9
8942.0,11
8942.2,13
8945.0,32
8945.9,34
8947.4,12
8947.7,23
8948.0,26
8948.3,35
8948.6,10
8948.9,21
8949.4,1
8949.4,7
8949.7,38
8950.0,2
8950.0,8
8950.0,31
8950.2,5
8950.8,30
8951.3,36
8951.5,15
8952.2,13
8952.7,28
8953.6,0
8953.6,9
8954.0,14
8955.4,29
8957.7,27
8958.1,18
8958.7,34
8959.4,1
8959.4,33
8959.5,16
8959.5,32
8959.9,4
8960.9,5
8960.9,26
8962.0,19
8963.4,8
8963.4,23
8963.4,22
8963.7,3
8963.8,13
8963.9,38
8964.0,10
8964.2,12
8964.9,29
8965.4,18
8965.7,14
8966.4,17
8966.8,31
8966.9,35
8967.1,28
8967.3,9
8968.4,1
8968.4,39
8970.2,30
8970.5,37
8971.0,27
8971.3,34
8972.0,32
8973.0,36
8973.1,8
8973.1,21
8973.2,13
8973.8,26
8974.6,20
8975.5,29
8975.8,18
8976.0,11
8976.5,33
8976.7,12
8976.8,38
8977.4,2
8977.4,15
8977.5,5
8977.7,9
8977.9,1
8978.4,7
8979.2,4
8979.3,19
8979.4,14
8979.8,17
8979.9,28
8980.4,31
8981.0,13
8981.2,23
8982.7,35
8982.8,10
8983.0,22
8983.3,32
8983.6,34
8984.2,16
8984.7,38
8985.9,8
8986.5,18
8986.9,1
8988.1,14
8988.5,24
8988.6,26
8990.3,29
8990.8,0
8990.8,17
8991.2,32
8992.1,34
8993.4,9
8993.5,31
8993.5,36
8993.6,39
8993.7,5
8993.7,13
8994.3,12
8994.4,27
8994.6,1
8994.6,15
8995.0,3
8995.0,4
8995.2,22
8995.9,38
8996.0,8
8996.2,23
8996.5,30
8996.7,18
8996.8,28
8997.6,19
8998.3,37
8998.5,33
8998.7,2
9000.7,14
9001.0,35
9002.9,26
9003.2,34
9003.5,5
9003.9,16
9004.9,21
9004.9,32
9005.1,1
9005.3,38
9005.6,13
9005.9,19
9006.3,17
9006.4,20
9006.7,10
9006.9,8
9007.5,9
9008.9,29
9009.4,18
9011.0,27
9011.2,35
9011.4,37
9011.5,12
9011.7,1
9011.7,23
9013.0,4
9013.3,31
9013.4,14
9014.3,3
9014.4,28
9015.4,34
9015.5,32
9016.3,7
9017.1,33
9017.4,13
9017.5,38
9017.6,39
9017.6,26
9018.6,9
9018.6,22
9018.7,23
9019.3,2
9019.9,1
9020.5,18
9020.9,8
9021.2,5
9022.5,15
9022.5,36
9022.8,14
9023.5,19
9023.6,34
9025.4,17
9025.8,27
9025.9,30
9026.2,32
9027.6,4
9027.6,24
9027.8,10
9027.9,13
9027.9,29
9028.0,35
9028.2,38
9029.8,8
9030.1,1
9030.4,18
9030.4,20
9032.8,31
9033.3,26
9033.6,19
9034.3,0
9034.5,23
9034.6,14
9035.6,9
9035.7,5
9035.7,33
9036.0,34
9036.3,12
9037.0,28
9037.6,13
9040.3,39
9040.4,32
9040.5,8
9040.6,38
9041.0,1
9041.4,36
9042.0,31
9042.6,4
9043.1,10
9043.3,17
9043.5,29
9043.9,18
9044.3,21
9045.2,27
9045.6,35
9046.4,13
9047.3,1
9048.0,32
9048.0,34
9048.2,3
9048.2,15
9048.4,5
9049.0,2
9049.4,14
9049.8,16
9050.2,9
9050.9,23
9050.9,37
9051.0,8
9051.3,19
9052.5,7
9053.3,28
9053.8,33
9054.6,4
9055.9,13
9056.0,26
9056.3,18
9057.1,1
9057.4,12
9057.4,22
9057.5,36
9057.6,30
9057.6,38
9057.6,39
9057.7,31
9058.5,17
9058.6,10
9058.9,19
9059.0,29
9059.3,34
9059.3,9
9060.6,27
9062.1,32
9064.0,16
9064.4,35
9064.7,8
9065.3,23
9066.1,5
9066.1,13
9066.3,28
9066.3,38
9067.3,18
9067.9,14
9068.6,1
9069.7,2
9070.0,12
9070.9,34
9070.9,26
9070.9,29
9071.4,11
9072.4,33
9072.6,3
9072.9,17
9073.5,4
9073.6,19
9073.8,9
9073.8,36
9074.1,32
9074.4,37
9074.5,8
9075.0,18
9075.0,27
9075.4,21
9076.0,13
9077.7,38
9079.5,15
9080.1,31
9080.6,26
9081.1,2
9081.1,23
9081.2,20
9081.4,5
9081.6,1
9081.9,22
9082.3,7
9082.4,14
9082.8,4
9082.8,30
9083.0,0
9083.0,35
9083.7,10
9084.6,34
9085.0,39
9085.4,19
9085.9,12
9085.9,27
9086.3,18
9086.9,32
9087.1,8
9088.4,13
9088.8,28
9088.8,38
9089.9,1
9090.8,29
9091.6,24
9091.8,31
9092.1,9
9094.6,12
9094.8,8
9095.2,5
9096.1,34
9096.3,17
9096.3,26
9096.4,33
9096.8,13
9096.8,21
9097.0,14
9097.3,3
9098.0,2
9098.4,1
9099.3,19
9100.4,32
9100.6,4
9101.6,18
9101.8,23
9102.1,38
9102.6,30
9103.3,8
9103.7,0
9103.8,29
9104.0,28
9105.1,7
9105.1,13
9105.1,27
9105.3,34
9105.4,16
9105.5,26
9106.0,35
9106.0,9
9106.4,39
9107.2,36
9107.7,5
9108.1,1
9108.1,15
9108.3,12
9109.5,32
9110.0,14
9111.0,17
9111.1,23
9111.3,20
9111.4,21
9111.5,10
9111.9,24
9111.9,31
9112.1,18
9112.1,22
9112.4,19
9112.4,38
9112.5,13
9114.9,34
9115.0,8
9115.2,1
9115.2,4
9115.7,28
9116.4,29
9116.5,3
9117.9,25
9118.2,9
9118.7,39
9119.2,27
9119.2,33
9119.9,12
9120.4,14
9121.0,2
9121.7,38
9122.0,18
9122.5,13
9122.5,26
9122.7,23
9123.5,8
9124.0,17
9124.3,32
9125.0,5
9125.1,1
9125.4,34
9125.4,36
9126.8,24
9127.2,16
9128.1,35
9128.6,30
9130.0,4
9130.2,38
9130.8,8
9130.8,19
9131.0,10
9131.2,14
9131.2,23
9131.9,9
9132.3,13
9132.5,18
9133.4,26
9134.2,29
9135.2,1
9136.6,34
9138.0,2
9138.3,31
9138.8,3
9138.8,22
9139.1,39
9139.6,12
9139.6,27
9139.6,37
9140.1,35
9140.2,14
9140.5,32
9140.8,4
9141.1,28
9141.4,21
9141.9,1
9142.4,33
9142.6,15
9142.9,5
9143.8,8
9144.1,13
9144.9,17
9144.9,9
9145.3,18
9145.3,19
9147.4,23
9147.6,34
9148.5,0
9148.5,38
9149.1,29
9150.6,3
9150.7,14
9150.9,12
9150.9,30
9151.1,10
9151.5,26
9152.1,36
9152.5,1
9154.3,8
9154.7,17
9155.1,2
9155.4,31
9156.1,32
9156.5,5
9156.8,34
9158.2,4
9159.2,15
9159.5,39
9159.7,28
9159.8,13
9159.9,18
9160.1,22
9160.3,24
9160.5,23
9160.5,35
9160.6,27
9161.4,19
9161.6,14
9162.2,26
9162.4,3
9163.0,21
9163.1,33
9163.3,20
9163.5,9
9163.9,1
9164.4,36
9164.6,38
9164.9,8
9165.4,37
9165.7,29
9167.6,34
9168.3,5
9168.5,18
9169.7,27
9169.8,31
9170.4,1
9170.9,12
9171.7,4
9171.9,32
9172.2,16
9172.3,13
9172.5,17
9174.0,14
9176.0,38
9176.3,2
9176.9,34
9177.1,9
9177.5,28
9177.9,22
9178.0,10
9178.1,23
9178.3,26
9178.5,8
9178.5,11
9178.6,1
9179.6,0
9179.8,29
9180.0,14
9180.3,18
9180.5,19
9180.7,13
9181.1,30
9182.2,33
9182.4,3
9185.0,5
9185.1,34
9186.4,27
9186.7,4
9187.0,7
9187.3,32
9187.5,31
9187.5,35
9187.7,18
9188.7,10
9188.7,12
9188.8,28
9188.8,38
9189.0,20
9189.0,39
9189.2,36
9189.9,8
9190.1,2
9190.2,1
9190.4,9
9191.9,29
9192.0,13
9192.0,26
9193.4,15
9194.9,14
9195.3,23
9195.5,17
9195.9,19
9196.1,18
9196.9,39
9197.4,8
9197.9,1
9198.6,34
9198.7,2
9199.2,13
9199.4,12
9200.0,31
9200.6,38
9201.0,27
9202.6,5
9203.1,33
9203.3,35
9203.7,9
9203.9,22
9204.6,28
9205.0,14
9205.6,4
9206.0,10
9206.0,34
9206.1,1
9207.2,32
9207.4,16
9207.4,18
9207.4,3
9208.7,23
9209.1,8
9209.8,17
9210.1,26
9210.2,5
9210.6,21
9211.3,30
9211.5,28
9211.5,29
9211.5,31
9211.6,13
9212.3,34
9213.7,38
9214.3,12
9215.0,19
9215.4,18
9216.1,37
9216.4,9
9216.7,1
9216.7,27
9217.1,4
9217.3,0
9217.5,20
9217.7,35
9219.0,14
9219.2,8
9219.2,31
9219.4,2
9219.9,23
9220.1,13
9220.1,36
9221.0,15
9221.1,32
9221.6,34
9222.2,11
9223.6,29
9223.7,33
9224.3,10
9224.8,1
9224.9,38
9225.0,26
9225.8,5
9225.9,8
9226.7,24
9227.0,39
9227.1,12
9227.4,9
9227.4,18
9227.5,7
9227.7,14
9227.9,22
9228.8,13
9229.8,31
9230.1,17
9230.1,34
9231.5,27
9232.0,1
9232.5,32
9232.7,16
9232.8,38
9233.1,3
9233.6,2
9233.6,19
9235.1,4
9235.5,36
9235.7,33
9236.2,26
9236.6,8
9236.9,23
9237.1,30
9237.3,18
9238.2,1
9238.2,35
9238.4,28
9240.1,9
9240.6,14
9240.8,0
9240.8,13
9242.7,31
9243.6,27
9243.7,5
9243.7,34
9244.0,32
9244.3,8
9245.1,12
9246.0,23
9246.0,38
9246.8,30
9247.2,18
9247.6,29
9247.7,19
9247.9,1
9248.3,26
9248.5,33
9249.5,17
9249.7,10
9249.9,37
9252.2,34
9253.1,13
9253.1,14
9253.1,15
9253.3,9
9253.6,35
9254.2,23
9254.7,28
9254.8,2
9256.2,3
9257.4,22
9257.4,32
9257.5,4
9257.7,8
9258.4,39
9259.7,1
9260.1,18
9260.2,38
9260.5,27
9260.9,31
9261.0,5
9261.0,21
9261.2,11
9261.4,12
9261.8,34
9262.5,36
9262.9,33
9263.4,10
9263.5,2
9263.6,26
9264.4,13
9264.9,19
9266.0,20
9266.0,35
9266.1,24
9266.4,29
9266.9,17
9267.0,0
9267.4,16
9268.2,28
9268.4,14
9269.9,32
9269.9,1
9270.5,9
9270.8,34
9270.9,18
9271.9,12
9272.1,38
9272.5,8
9273.5,26
9274.1,23
9275.1,36
9275.3,13
9275.3,30
9275.4,4
9275.6,5
9277.2,27
9277.5,31
9278.5,33
9278.7,14
9279.8,1
9280.2,8
9280.3,29
9280.3,32
9280.8,39
9281.5,20
9281.8,17
9281.8,21
9281.8,34
9281.9,12
9281.9,19
9282.2,38
9283.1,9
9283.4,35
9283.5,13
9283.5,22
9283.8,18
9284.9,15
9286.1,3
9286.3,10
9287.3,4
9288.5,37
9289.0,26
9289.2,1
9289.4,2
9290.1,8
9290.9,5
9291.2,33
9291.3,14
9291.6,16
9291.9,28
9292.3,23
9292.5,34
9292.6,29
9292.6,32
9292.8,18
9293.1,31
9293.2,38
9293.3,12
9293.9,36
9295.6,1
9297.8,21
9298.3,27
9298.9,9
9299.1,39
9299.6,35
9299.9,13
9299.9,19
9300.3,14
9300.8,17
9301.0,12
9301.6,32
9303.2,26
9303.3,8
9303.9,3
9304.5,34
9304.8,1
9306.1,15
9306.3,30
9306.3,4
9306.9,29
9307.5,33
9307.8,18
9308.2,38
9308.6,5
9309.0,28
9309.3,10
9309.5,2
9309.9,14
9310.1,0
9310.6,31
9310.8,24
9311.5,32
9311.9,1
9312.2,19
9312.4,9
9313.1,34
9313.3,12
9313.4,8
9313.4,23
9313.5,13
9313.5,16
9314.0,36
9314.3,4
9314.6,22
9315.1,27
9317.7,26
9317.9,38
9318.9,18
9319.0,17
9319.9,5
9320.2,29
9320.3,35
9320.7,13
9320.9,33
9321.2,32
9321.5,14
9322.2,1
9323.4,8
9323.9,28
9326.1,16
9326.1,21
9326.3,7
9326.6,3
9327.1,23
9327.3,9
9327.3,15
9327.5,34
9327.6,20
9327.9,12
9327.9,36
9328.0,30
9328.1,1
9328.5,26
9328.7,22
9329.8,31
9330.7,5
9332.3,2
9332.3,27
9332.7,38
9333.3,4
9333.6,39
9334.0,18
9334.2,13
9334.4,10
9334.5,8
9334.8,32
9335.0,24
9335.1,1
9335.1,19
9335.1,29
9335.4,35
9335.8,17
9336.6,14
9337.7,23
9338.1,28
9338.4,34
9338.4,12
9339.1,9
9341.9,5
9342.0,1
9342.3,33
9342.5,2
9342.9,18
9343.0,13
9343.2,4
9343.2,14
9343.4,8
9343.8,38
9344.0,36
9344.1,3
9344.4,31
9347.0,32
9347.3,26
9348.2,27
9348.3,22
9350.2,35
9351.4,37
9351.7,1
9351.7,19
9351.8,20
9351.9,14
9352.4,23
9352.7,3
9352.7,15
9352.8,31
9352.8,39
9352.9,29
9353.0,9
9353.1,17
9353.1,28
9353.1,34
9353.3,18
9353.9,8
9354.0,25
9354.2,38
9354.5,4
9354.5,12
9355.6,16
9355.7,11
9359.2,13
9360.4,1
9361.5,7
9362.0,21
9362.2,26
9362.5,0
9362.5,30
9362.8,5
9362.8,33
9363.2,2
9363.3,14
9364.2,18
9364.3,4
9364.6,8
9365.2,34
9365.4,9
9365.8,13
9365.8,32
9366.3,10
9366.4,23
9368.8,1
9368.8,19
9369.2,17
9369.3,12
9369.3,38
9370.0,27
9371.1,31
9371.4,28
9372.0,36
9372.1,24
9372.3,3
9373.4,15
9373.5,29
9374.5,34
9375.8,18
9376.2,14
9376.3,35
9376.5,2
9377.1,4
9378.3,8
9378.5,17
9378.7,5
9378.7,9
9379.2,21
9379.4,33
9379.7,26
9379.8,1
9380.1,32
9380.1,38
9380.3,16
9381.3,23
9381.4,27
9381.7,39
9381.8,10
9382.1,13
9382.1,19
9386.3,34
9387.2,3
9387.8,9
9388.1,18
9388.4,12
9388.6,8
9388.6,35
9388.9,28
9388.9,38
9389.0,0
9389.0,1
9389.1,15
9389.5,30
9389.9,22
9390.0,13
9390.1,24
9390.2,26
9390.5,14
9390.5,17
9390.9,29
9390.9,31
9392.1,32
9394.4,23
9395.1,34
9396.2,5
9396.7,4
9396.7,33
9397.7,13
9397.9,2
9398.1,8
9398.3,25
9399.0,18
9399.4,27
9399.8,7
9400.3,32
9400.4,20
9400.6,9
9400.9,1
9401.1,36
9401.2,14
9401.4,38
9401.9,21
9403.9,12
9403.9,13
9404.5,8
9404.8,34
9405.1,29
9406.5,23
9406.5,28
9406.5,39
9406.6,35
9407.2,19
9407.3,3
9407.4,31
9407.5,10
9408.1,18
9408.3,37
9408.6,16
9408.9,5
9409.1,4
9409.2,26
9409.3,17
9410.3,9
9411.8,1
9412.0,38
9413.2,13
9413.3,32
9413.7,33
9414.5,15
9414.6,27
9415.3,30
9415.5,18
9415.8,22
9416.1,28
9416.1,34
9416.2,24
9416.5,14
9417.6,8
9418.5,10
9418.9,23
9419.7,1
9420.4,26
9420.6,0
9420.6,38
9420.8,19
9421.1,31
9421.5,4
9422.7,12
9422.9,2
9423.3,3
9424.3,17
9424.5,32
9424.8,29
9425.3,18
9425.5,35
9425.7,9
9425.7,21
9426.2,5
9426.3,34
9427.2,1
9427.8,8
9428.3,38
9430.4,13
9430.7,29
9432.2,28
9435.2,1
9435.8,14
9436.0,27
9436.3,8
9436.5,38
9436.8,10
9437.0,31
9437.5,32
9437.6,34
9437.7,33
9437.8,5
9438.1,19
9438.2,7
9438.2,30
9438.3,2
9438.3,9
9438.3,15
9438.3,37
9438.5,18
9438.5,20
9438.5,22
9438.6,16
9438.9,3
9439.3,4
9439.6,17
9440.3,12
9440.4,23
9440.7,26
9440.9,8
9440.9,35
9441.1,39
9442.7,13
9444.6,1
9445.9,14
9446.1,36
9447.3,38
9447.9,0
9448.0,34
9448.9,18
9448.9,27
9448.9,28
9449.1,5
9449.5,29
9450.4,8
9451.7,32
9451.8,16
9451.9,2
9452.1,9
9452.5,10
9452.5,33
9452.9,13
9453.2,1
9454.0,4
9454.8,23
9455.4,34
9457.7,35
9457.8,19
9458.6,26
9459.9,3
9460.4,8
9460.4,12
9461.1,31
9461.2,30
9461.4,29
9461.5,38
9461.6,1
9461.7,11
9461.7,37
9462.8,18
9462.9,34
9464.4,28
9464.8,5
9465.3,24
9465.3,32
9465.5,4
9466.3,27
9466.4,17
9467.3,9
9467.8,14
9467.9,20
9468.0,13
9468.4,2
9469.7,39
9471.1,23
9471.4,10
9471.4,36
9471.5,1
9471.5,33
9471.7,38
9471.8,16
9472.4,31
9474.4,8
9475.4,12
9475.7,34
9477.3,19
9477.4,17
9478.4,18
9478.5,15
9478.5,29
9478.9,6
9479.1,21
9479.4,32
9479.7,9
9479.7,13
9479.7,35
9479.8,27
9480.1,26
9480.1,1
9480.3,3
9480.7,0
9480.9,5
9481.5,14
9481.5,38
9481.8,8
9484.7,10
9485.5,4
9485.8,30
9486.0,22
9486.7,34
9487.5,28
9487.5,33
9488.2,7
9488.3,1
9488.9,26
9489.2,12
9489.2,31
9489.6,19
9489.6,37
9490.4,36
9490.6,13
9490.8,39
9490.8,23
9491.9,35
9492.1,8
9493.0,38
9493.2,3
9493.8,16
9494.4,32
9494.5,18
9495.3,1
9495.5,17
9495.8,34
9498.1,5
9499.3,29
9499.4,13
9499.7,27
9500.1,10
9500.6,14
9500.8,30
9500.8,31
9500.9,33
9501.2,2
9501.3,38
9501.5,15
9501.5,9
9501.7,19
9502.4,7
9502.5,8
9503.5,18
9504.1,26
9504.8,4
9506.1,28
9506.1,32
9506.3,1
9506.8,12
9506.9,23
9506.9,5
9507.4,24
9507.7,14
9507.7,35
9508.7,21
9509.8,34
9509.9,36
9510.4,29
9510.8,8
9511.3,13
9512.5,38
9513.4,18
9513.8,3
9514.0,1
9514.2,17
9514.7,37
9515.2,0
9515.2,26
9515.4,27
9515.4,33
9515.5,4
9516.6,16
9517.2,32
9517.2,39
9518.7,34
9518.9,19
9519.3,38
9519.9,15
9520.6,28
9520.6,31
9520.9,9
9521.8,1
9522.6,14
9522.7,30
9522.9,18
9523.5,23
9523.8,2
9523.9,13
9524.0,8
9524.3,35
9525.5,12
9526.2,10
9527.1,20
9527.5,5
9529.2,1
9529.2,11
9529.8,34
9530.1,38
9530.3,32
9530.5,26
9530.7,9
9531.1,22
9531.1,27
9531.2,17
9533.2,16
9533.3,18
9533.4,29
9533.5,4
9534.2,12
9534.5,28
9534.9,33
9535.1,14
9535.8,1
9536.1,8
9536.2,31
9536.4,2
9536.6,13
9537.6,36
9537.7,23
9537.7,30
9538.6,38
9538.9,25
9539.0,5
9539.0,19
9542.2,32
9542.6,3
9542.6,18
9543.1,34
9544.0,26
9544.2,14
9544.9,9
9545.0,24
9545.2,21
9545.5,27
9545.6,35
9545.6,4
9545.9,39
9546.0,8
9546.3,10
9546.9,38
9547.3,1
9547.9,37
9548.0,7
9548.0,33
9549.7,17
9550.0,32
9552.1,18
9552.1,29
9552.3,12
9552.4,31
9552.5,36
9552.6,8
9552.7,23
9552.8,13
9553.0,5
9553.5,9
9553.6,1
9553.7,15
9554.2,28
9554.4,0
9554.8,26
9555.4,14
9557.0,19
9559.1,2
9559.6,4
9559.9,38
9560.0,22
9560.0,30
9560.2,34
9561.8,1
9561.8,27
9561.9,20
9562.8,11
9564.6,18
9564.9,8
9565.1,23
9565.1,32
9565.2,35
9565.5,26
9565.6,10
9566.4,14
9566.5,5
9566.6,13
9567.0,16
9567.0,29
9567.2,3
9567.3,9
9567.3,17
9567.9,33
9568.1,38
9568.6,28
9568.6,36
9570.0,34
9570.6,31
9571.5,1
9572.3,12
9572.4,27
9573.0,2
9573.0,19
9574.0,4
9576.3,13
9576.9,14
9577.4,18
9577.6,21
9577.7,32
9578.3,8
9578.5,1
9578.6,33
9579.5,38
9579.9,7
9580.1,28
9580.1,29
9580.1,34
9580.4,35
9581.0,9
9582.3,15
9582.7,23
9583.6,22
9583.7,17
9584.1,3
9584.2,26
9584.3,39
9585.7,19
9586.3,8
9586.4,30
9586.5,1
9586.5,14
9587.0,36
9587.6,2
9587.8,5
9588.1,27
9588.3,12
9588.4,38
9590.7,29
9591.1,18
9591.1,32
9591.2,20
9591.2,33
9591.7,0
9592.3,13
9593.2,31
9594.4,9
9595.0,26
9595.1,34
9595.2,16
9595.3,23
9595.5,28
9596.0,37
9596.1,1
9596.6,14
9596.8,17
9597.7,5
9598.1,10
9598.2,8
9598.2,24
9598.2,35
9599.5,18
9601.7,32
9601.9,13
9602.3,3
9602.5,4
9602.7,9
9603.0,1
9603.3,38
9604.2,8
9604.4,34
9606.8,29
9607.1,14
9607.8,36
9607.9,27
9608.0,19
9608.4,35
9609.0,28
9609.5,31
9610.2,23
9610.4,18
9610.4,37
9610.9,13
9611.3,30
9611.4,1
9611.6,15
9611.8,22
9612.4,32
9612.5,16
9612.7,17
9613.4,2
9614.0,12
9614.3,34
9614.5,5
9614.7,24
9615.3,8
9615.8,26
9616.2,39
9616.4,9
9616.5,36
9617.1,38
9619.1,28
9619.9,14
9620.4,33
9620.5,1
9620.5,10
9621.8,18
9622.1,23
9622.1,35
9622.7,13
9623.4,8
9623.7,32
9623.8,29
9623.9,38
9624.0,27
9624.1,4
9624.4,31
9624.6,34
9624.9,3
9626.0,2
9626.5,19
9626.9,16
9627.0,12
9627.7,1
9628.0,21
9629.0,26
9629.3,5
9629.3,9
9631.1,8
9631.1,23
9631.4,18
9632.2,28
9632.7,14
9632.9,36
9633.6,13
9633.9,17
9635.3,0
9635.8,29
9635.8,38
9636.6,15
9636.6,27
9636.9,34
9637.2,39
9637.8,1
9638.6,32
9638.8,19
9639.8,26
9641.3,5
9642.1,8
9642.6,10
9642.6,12
9642.8,38
9643.7,14
9643.8,35
9644.0,18
9644.1,31
9644.1,37
9644.5,9
9645.4,7
9645.5,3
9645.5,13
9645.6,16
9645.8,33
9646.2,30
9646.4,29
9646.8,28
9646.9,34
9647.0,4
9647.5,23
9648.7,1
9649.3,32
9649.4,2
9653.1,8
9653.6,38
9654.1,35
9655.0,4
9655.0,14
9655.8,27
9656.2,5
9656.2,18
9656.3,19
9656.9,34
9657.1,36
9657.2,24
9657.4,23
9657.5,9
9657.7,1
9658.2,13
9658.4,26
9658.6,31
9659.0,32
9659.2,10
9659.3,29
9660.1,17
9660.3,16
9660.3,21
9660.4,15
9661.6,3
9662.0,38
9665.6,13
9665.8,8
9666.9,5
9666.9,12
9667.0,11
9667.0,34
9667.4,28
9667.6,1
9667.6,18
9667.8,14
9668.4,0
9668.5,35
9668.8,10
9668.9,26
9669.1,19
9669.2,4
9669.4,2
9669.5,27
9669.5,32
9670.6,30
9672.0,23
9674.4,29
9674.7,37
9675.3,16
9675.3,13
9675.3,38
9675.7,8
9675.7,9
9675.9,36
9676.2,31
9676.4,33
9676.9,1
9677.5,3
9677.5,20
9677.8,28
9677.9,22
9678.2,14
9678.9,18
9678.9,34
9680.0,17
9680.9,12
9681.8,38
9683.0,7
9683.5,39
9683.7,4
9683.7,23
9684.0,1
9684.0,32
9684.5,15
9685.4,13
9685.4,27
9687.2,8
9687.3,18
9687.7,5
9688.2,34
9689.0,26
9689.8,35
9690.0,28
9690.0,30
9690.1,14
9690.7,19
9690.8,33
9691.1,3
9691.2,36
9691.5,31
9691.8,9
9691.8,16
9691.8,29
9691.8,38
9692.3,13
9692.9,21
9692.9,10
9693.4,2
9693.9,8
9694.1,23
9694.2,1
9695.0,12
9696.2,18
9696.2,32
9697.3,34
9698.8,27
9699.1,4
9699.1,38
9699.9,26
9700.3,24
9701.3,13
9702.4,19
9702.6,1
9703.1,14
9703.8,8
9704.7,5
9705.1,37
9705.4,17
9705.6,11
9705.7,39
9705.9,36
9706.6,35
9707.1,9
9707.2,28
9707.9,34
9708.1,2
9708.1,3
9708.1,33
9709.0,18
9710.0,32
9710.9,15
9711.1,0
9711.1,30
9711.5,20
9711.8,29
9711.9,22
9712.0,12
9712.2,13
9712.3,27
9712.4,23
9713.1,4
9713.3,1
9713.6,26
9713.9,8
9713.9,14
9713.9,38
9715.4,10
9716.0,5
9716.4,31
9717.0,34
9717.3,19
9717.9,35
9718.3,18
9718.8,13
9719.8,29
9721.0,28
9721.4,33
9721.5,32
9723.3,23
9723.9,3
9725.0,16
9725.2,36
9725.5,1
9725.7,27
9726.4,34
9726.9,37
9727.1,4
9727.3,14
9727.3,38
9727.5,5
9727.6,21
9727.7,18
9728.3,9
9728.3,17
9728.6,8
9728.8,31
9730.1,12
9731.0,26
9731.3,10
9731.6,2
9732.2,13
9732.5,1
9733.4,39
9734.3,33
9734.5,35
9735.1,15
9735.5,32
9736.1,14
9737.4,23
9738.4,34
9739.0,18
9739.3,29
9739.4,5
9739.8,17
9739.9,24
9740.3,1
9740.4,9
9740.4,38
9741.4,21
9741.5,19
9741.9,8
9742.2,27
9742.5,3
9742.6,13
9742.8,36
9743.6,30
9746.6,26
9746.8,16
9747.0,22
9747.0,28
9747.5,31
9747.6,12
9748.0,32
9748.3,4
9748.4,10
9748.8,1
9749.7,8
9750.1,2
9750.5,14
9750.5,33
9750.7,11
9751.4,18
9751.5,34
9751.7,37
9753.0,38
9754.7,19
9754.9,1
9755.0,13
9756.1,15
9756.7,0
9756.8,29
9756.8,35
9757.8,23
9758.3,26
9758.6,9
9758.7,5
9759.1,30
9759.2,32
9759.9,33
9759.9,34
9760.2,28
9760.9,3
9760.9,14
9761.4,8
9761.4,18
9761.6,17
9761.7,38
9762.7,12
9762.8,4
9762.9,20
9764.0,27
9764.5,1
9765.1,21
9765.4,36
9765.5,13
9767.3,19
9767.6,31
9768.1,17
9768.5,35
9768.6,10
9770.0,39
9770.4,16
9770.5,26
9771.1,14
9771.2,34
9771.8,2
9772.1,1
9772.5,38
9772.9,13
9772.9,29
9773.1,15
9774.4,8
9774.6,32
9775.3,18
9776.1,5
9776.2,23
9777.4,9
9777.6,14
9778.0,27
9778.2,1
9778.8,22
9779.5,17
9779.5,36
9779.6,24
9781.1,33
9781.1,34
9781.8,4
9782.6,31
9783.2,28
9784.1,10
9784.5,38
9784.9,1
9785.2,19
9785.5,35
9785.7,5
9786.1,13
9786.3,32
9786.5,26
9786.6,8
9788.9,12
9788.9,37
9789.5,3
9789.9,7
9790.1,29
9790.2,34
9790.7,18
9791.3,27
9792.0,9
9792.0,23
9792.5,1
9792.5,39
9792.6,2
9792.8,4
9792.9,11
9792.9,30
9792.9,38
9793.5,16
9793.7,17
9793.8,14
9794.1,13
9794.1,15
9794.6,20
9794.9,8
9798.5,26
9799.0,28
9800.2,18
9800.3,19
9800.3,21
9800.7,33
9801.1,23
9801.8,32
9801.9,5
9802.4,6
9802.5,1
9802.5,13
9802.6,8
9802.8,14
9803.3,34
9803.9,12
9805.1,10
9805.2,0
9805.6,38
9807.7,17
9807.9,31
9807.9,35
9808.3,36
9808.7,4
9808.7,30
9808.9,27
9809.6,26
9810.0,9
9810.2,29
9811.5,32
9813.0,12
9813.1,3
9813.5,34
9813.8,28
9814.0,16
9814.0,24
9814.9,8
9815.0,18
9816.0,1
9816.2,39
9816.3,14
9816.9,5
9817.0,13
9817.0,23
9817.4,38
9818.7,2
9820.8,11
9820.8,20
9820.9,4
9820.9,10
9821.3,15
9821.3,19
9821.4,22
9821.9,3
9822.3,26
9822.7,1
9822.7,33
9823.4,31
9823.8,32
9825.1,38
9825.4,27
9826.8,18
9827.1,14
9827.2,8
9827.2,13
9827.3,0
9827.3,34
9827.5,21
9827.5,29
9827.6,17
9827.7,30
9829.3,35
9830.4,5
9833.1,18
9833.6,1
9833.7,28
9834.1,37
9835.4,23
9835.7,9
9836.0,36
9836.7,16
9836.9,34
9837.1,3
9837.3,32
9837.5,26
9837.7,8
9838.1,12
9838.1,33
9838.6,39
9838.9,14
9838.9,19
9839.1,4
9839.5,29
9839.6,1
9840.2,13
9841.9,2
9842.2,22
9842.3,38
9843.0,18
9843.1,24
9843.4,27
9843.8,31
9844.1,17
9844.6,8
9845.3,5
9846.8,10
9847.1,9
9847.6,19
9847.7,38
9848.7,15
9848.8,13
9848.8,34
9849.1,35
9849.3,18
9849.3,28
9849.8,32
9850.3,23
9850.7,1
9851.2,26
9853.4,14
9854.1,8
9854.3,30
9854.7,7
9855.1,39
9855.6,33
9855.6,34
9855.8,4
9857.8,29
9858.8,12
9858.8,37
9859.3,2
9859.3,36
9859.5,13
9859.5,23
9859.8,1
9860.3,5
9860.3,18
9860.3,22
9860.5,3
9861.3,9
9861.3,32
9861.5,17
9861.5,27
9861.6,38
9861.7,31
9861.8,28
9862.0,10
9863.2,34
9863.4,16
9865.0,19
9865.4,15
9866.8,8
9866.8,14
9867.0,13
9867.4,35
9868.0,4
9868.1,26
9868.5,1
9868.7,24
9870.3,5
9871.5,18
9871.8,38
9873.3,32
9873.9,27
9874.2,9
9874.5,29
9874.8,34
9875.2,23
9875.6,8
9875.6,28
9876.3,33
9876.4,13
9876.5,16
9876.5,10
9876.9,14
9877.0,1
9877.3,17
9877.3,20
9877.4,4
9877.6,0
9877.6,30
9877.7,19
9877.8,21
9878.1,36
9878.9,38
9879.9,12
9880.7,31
9880.9,3
9881.9,23
9883.0,1
9883.0,5
9883.2,8
9884.8,29
9885.2,39
9885.5,18
9885.5,32
9885.5,35
9885.9,26
9886.8,22
9887.1,15
9887.1,34
9888.0,38
9888.1,2
9888.4,13
9888.9,9
9889.7,37
9890.0,33
9890.2,14
9891.0,1
9891.4,27
9893.0,28
9893.7,18
9893.9,36
9894.1,13
9894.6,8
9895.5,19
9895.6,38
9895.6,10
9895.6,12
9895.6,32
9896.7,4
9897.0,16
9899.0,35
9899.3,1
9899.4,17
9899.6,31
9899.8,3
9899.8,14
9900.0,34
9900.6,9
9901.7,5
9902.1,23
9902.8,29
9904.3,30
9904.3,39
9904.5,26
9905.0,15
9905.5,8
9905.5,13
9906.3,21
9906.3,18
9906.9,32
9907.2,1
9907.8,34
9908.9,38
9909.8,36
9909.9,6
9909.9,27
9911.6,31
9912.1,37
9912.7,17
9912.8,10
9912.8,14
9913.5,35
9913.6,28
9914.1,3
9914.1,22
9914.1,26
9914.5,8
9915.5,18
9916.3,23
9916.5,2
9917.9,13
9918.0,5
9918.2,9
9918.3,1
9918.5,11
9919.1,32
9919.1,33
9919.1,38
9919.4,12
9920.0,19
9921.3,7
9921.8,4
9922.2,29
9922.3,14
9922.3,25
9922.8,34
9923.3,8
9924.2,10
9924.3,30
9924.4,20
9924.6,17
9924.8,1
9925.9,16
9926.8,18
9928.3,27
9929.1,36
9929.6,23
9929.7,26
9930.5,5
9931.5,13
9931.7,12
9931.9,3
9932.2,15
9932.5,39
9932.6,31
9932.7,9
9932.8,33
9932.8,35
9933.0,32
9933.2,1
9933.7,14
9934.6,28
9935.0,8
9935.1,34
9935.2,38
9935.9,19
9936.3,2
9937.2,17
9937.6,18
9939.0,24
9940.5,10
9940.5,35
9940.8,32
9940.9,30
9941.1,27
9941.2,29
9941.5,5
9941.9,26
9942.6,4
9942.8,14
9943.1,13
9944.1,1
9944.9,9
9945.8,23
9945.9,34
9945.9,31
9946.6,38
9946.7,22
9946.7,37
9947.1,12
9947.6,8
9948.4,39
9948.7,15
9948.8,18
9949.1,20
9950.3,1
9950.3,32
9950.4,17
9951.7,28
9952.3,33
9952.5,19
9952.7,2
9952.9,3
9953.6,13
9954.5,5
9955.0,14
9955.4,10
9956.0,21
9956.2,0
9956.2,4
9956.4,23
9956.8,38
9957.8,34
9958.5,8
9958.7,27
9959.6,26
9959.6,29
9960.4,22
9960.8,1
9961.1,18
9961.6,36
9963.0,19
9963.4,16
9963.8,35
9964.0,32
9964.8,2
9964.8,13
9965.0,5
9965.7,12
9966.0,28
9966.1,33
9966.4,14
9966.7,8
9966.9,9
9967.5,38
9968.4,1
9968.4,31
9968.8,34
9969.1,23
9969.6,17
9970.1,15
9970.2,27
9971.1,30
9971.5,18
9972.4,4
9972.9,39
9973.0,20
9974.0,29
9975.0,11
9975.4,10
9977.1,9
9977.8,7
9978.1,26
9978.3,32
9978.6,1
9979.2,34
9979.9,38
9980.1,14
9980.1,17
9980.4,8
9980.6,13
9980.6,27
9981.0,3
9981.8,4
9982.0,23
9982.1,16
9982.3,18
9982.5,12
9982.7,31
9982.9,19
9983.0,28
9985.0,21
9986.1,8
9986.1,35
9986.3,5
9986.7,1
9986.8,29
9987.1,34
9987.4,36
9988.3,33
9988.6,22
9988.7,32
9990.1,2
9990.1,9
9990.5,17
9990.7,18
9991.4,26
9991.4,39
9992.5,23
9992.8,37
9993.1,13
9995.0,14
9995.0,16
9995.7,38
9997.7,8
9997.9,10
9998.0,27
9999.1,3
9999.4,34
9999.5,1
9999.9,5
