11.4,28
11.9,4
12.1,26
12.3,12
12.4,39
12.6,20
12.6,38
12.7,3
12.7,19
12.8,27
13.1,10
13.1,14
13.2,29
13.2,33
13.3,15
13.3,16
13.4,23
13.5,35
13.9,31
14.0,9
14.1,11
14.4,36
14.6,17
14.7,5
15.8,32
18.1,13
18.6,24
18.7,10
19.4,34
19.5,1
19.6,6
20.5,8
20.6,37
20.9,23
21.2,22
22.2,3
22.4,29
22.8,27
22.9,7
22.9,25
23.4,17
23.5,20
24.4,12
24.4,16
24.5,0
25.5,21
26.1,11
27.9,10
28.1,14
28.5,36
29.2,19
30.0,29
30.6,9
31.2,6
31.5,8
31.8,28
32.1,1
32.3,23
32.3,26
32.5,18
32.6,13
32.6,20
32.7,31
32.8,17
35.2,34
35.2,35
36.0,27
36.2,14
36.4,21
37.0,3
37.1,24
37.5,22
37.9,12
38.0,7
38.0,38
40.3,25
40.8,32
42.2,39
42.7,23
44.1,28
44.6,13
44.6,29
44.9,26
45.0,20
45.4,1
45.8,2
45.9,9
46.1,18
46.3,36
46.4,12
46.6,10
46.7,17
47.4,3
47.4,34
47.6,11
49.0,14
50.1,27
51.4,33
51.6,19
52.3,7
52.3,23
52.7,8
54.3,10
54.3,31
55.0,24
55.1,21
56.2,36
56.5,38
57.0,28
57.2,0
57.3,16
57.6,9
58.0,6
58.1,13
58.4,12
58.6,11
59.0,3
59.4,1
60.7,17
61.1,29
62.6,37
62.7,26
63.3,25
63.5,23
63.8,34
64.1,14
64.2,20
64.6,4
64.6,32
64.7,22
65.7,30
66.1,13
66.2,8
67.4,18
68.7,39
69.4,3
69.5,36
70.4,12
70.5,21
70.8,10
71.4,7
71.5,1
71.6,31
71.7,27
72.1,29
73.1,24
74.4,17
74.4,19
74.5,5
74.5,9
74.5,28
78.6,6
78.6,14
79.2,38
79.4,25
79.4,34
79.5,3
79.5,13
79.5,36
79.6,23
79.8,8
79.8,12
80.1,33
80.2,20
80.4,11
81.7,16
84.9,35
86.2,23
86.5,18
87.4,2
87.4,34
87.5,10
87.5,21
87.5,39
87.6,1
87.6,15
87.6,26
87.9,22
88.1,17
88.2,37
88.7,20
88.7,32
89.4,31
90.5,3
91.4,27
91.6,14
91.8,11
91.9,7
92.6,9
92.6,12
92.9,29
94.2,6
94.3,36
94.5,24
97.5,25
97.6,0
98.7,13
98.8,4
99.7,28
99.9,23
100.3,1
100.6,32
100.8,8
101.1,17
101.2,19
101.5,33
102.1,5
102.5,21
103.0,3
103.1,10
103.2,16
103.2,35
103.8,26
103.8,34
104.8,36
107.0,0
107.2,20
107.2,29
108.3,18
108.8,12
109.7,6
110.0,7
110.2,14
110.3,38
110.7,27
111.6,17
112.5,22
112.9,2
112.9,9
113.7,19
113.7,26
113.9,21
113.9,24
114.0,23
114.7,13
115.4,34
116.2,31
116.4,8
116.4,11
116.4,36
117.9,28
118.1,10
118.1,29
118.1,32
118.2,39
118.3,1
118.8,25
119.1,3
119.1,37
119.2,30
119.5,16
119.9,20
121.2,19
122.2,14
122.7,6
123.7,34
124.4,23
125.2,27
125.4,17
126.2,31
126.5,36
126.8,9
127.1,12
130.4,3
130.5,28
130.6,10
131.1,39
131.4,18
131.5,13
132.1,1
132.2,21
133.7,29
134.4,23
134.7,4
135.0,26
135.1,11
135.3,24
135.4,8
135.4,38
136.7,9
136.7,14
136.7,19
137.0,32
137.1,7
137.2,31
137.2,34
137.3,20
138.0,25
140.3,37
140.6,36
140.8,27
141.3,6
141.8,16
142.3,17
142.8,33
143.4,21
143.5,3
143.6,12
144.1,10
144.3,1
144.4,35
144.5,19
144.6,29
144.6,39
144.8,18
145.0,5
146.0,23
146.6,0
148.3,36
148.4,13
148.8,28
149.6,26
149.9,22
151.8,31
151.9,3
153.0,9
153.9,34
154.0,20
154.2,8
154.5,14
154.8,32
155.7,38
157.0,29
157.1,12
158.1,17
158.2,11
158.3,1
158.5,23
158.6,24
159.0,27
159.4,6
160.1,16
160.7,13
161.0,7
161.2,25
161.2,35
161.3,4
161.3,18
161.6,28
161.9,26
162.5,19
163.0,36
163.1,14
164.0,3
165.4,39
167.0,10
167.1,23
167.2,24
167.2,32
167.4,8
167.9,21
167.9,37
168.1,17
168.2,34
168.8,5
169.0,29
169.0,31
170.2,20
172.0,12
172.9,27
173.6,38
174.6,11
174.8,14
175.0,1
175.1,3
175.1,13
175.5,36
175.6,7
176.4,16
176.6,18
176.6,6
176.9,0
177.0,32
177.6,19
177.8,23
178.1,9
179.9,28
180.3,21
180.6,17
181.1,26
182.2,2
182.5,8
183.1,20
183.7,29
183.9,12
184.8,10
184.9,39
185.4,34
185.6,25
186.2,22
186.3,37
186.7,3
187.1,18
187.2,13
187.8,1
188.7,36
189.4,11
190.1,24
191.7,32
191.9,26
191.9,38
192.1,6
192.1,23
192.5,27
192.6,14
193.2,4
193.5,16
193.7,9
194.3,28
194.5,17
194.6,33
195.0,8
195.1,31
197.7,21
198.5,19
198.5,34
199.0,13
199.6,15
199.6,20
199.9,23
200.7,12
200.8,37
200.9,7
201.0,3
201.0,18
201.1,1
202.5,29
202.5,36
202.7,27
203.3,25
204.9,28
205.0,32
205.5,24
205.8,14
206.0,10
206.2,22
207.4,35
207.7,11
208.3,16
208.6,39
209.1,8
209.1,17
209.3,21
209.4,6
209.7,26
210.1,12
210.1,34
210.1,36
210.7,9
210.9,1
210.9,23
211.5,20
213.1,0
213.7,13
214.4,14
215.9,27
216.9,31
217.1,3
217.6,38
218.4,29
219.7,6
220.7,1
220.8,17
221.0,33
221.6,15
221.7,23
221.8,32
221.9,10
222.0,28
222.9,12
223.1,36
225.4,7
225.6,24
225.8,21
226.3,26
226.5,20
226.6,27
226.9,18
227.0,8
227.4,19
228.2,3
228.3,9
228.4,34
228.5,11
229.9,14
230.0,13
230.6,22
231.2,10
231.4,30
231.5,1
231.7,25
231.7,35
232.6,37
233.0,23
233.2,39
233.3,16
233.4,17
235.1,29
235.4,4
236.2,20
236.8,36
237.3,28
237.6,6
237.6,7
238.1,13
238.2,12
238.4,31
239.7,21
240.1,38
240.2,5
240.4,24
240.7,1
240.8,27
241.1,3
241.3,32
241.6,23
241.9,14
242.1,25
242.2,10
242.2,17
242.2,34
242.3,9
242.4,11
242.9,26
245.4,36
246.8,0
247.2,19
247.4,39
247.9,8
248.6,22
249.4,18
249.7,16
252.0,3
252.1,34
252.8,20
253.2,12
253.5,33
253.9,1
254.4,14
254.5,6
254.9,23
255.1,29
255.4,13
255.4,17
255.8,7
255.8,27
256.1,9
256.1,36
256.3,28
256.6,38
256.8,24
257.4,39
258.0,37
258.1,31
258.6,10
258.6,32
261.6,35
262.2,8
262.5,25
262.6,11
262.9,3
263.6,16
265.9,12
266.1,36
266.6,18
267.6,14
267.8,6
268.0,13
268.2,17
268.2,21
268.3,23
269.0,29
269.2,1
269.3,27
269.6,22
270.0,26
270.2,34
270.3,20
270.8,9
270.9,31
271.5,10
273.0,3
273.8,28
274.4,38
274.5,8
274.7,0
275.3,27
275.5,24
276.9,34
277.2,36
277.4,39
277.9,37
278.7,19
279.4,14
279.4,17
279.4,32
281.0,20
281.1,23
281.2,29
281.8,7
282.1,6
282.1,25
283.1,21
283.2,12
283.3,3
283.3,11
283.9,31
284.6,10
284.7,9
284.8,0
285.0,1
285.5,16
285.8,4
286.5,26
286.6,28
286.8,36
286.8,13
289.5,8
290.1,18
290.4,24
290.7,14
291.1,15
291.3,20
291.3,34
293.4,27
293.8,23
294.1,12
294.3,3
294.3,17
294.3,30
294.3,35
294.5,21
295.1,36
296.5,31
296.5,32
296.6,1
296.9,29
297.2,13
297.4,11
297.7,16
297.9,2
298.0,7
299.3,38
300.7,34
300.9,28
301.3,8
302.4,9
302.9,6
302.9,20
303.3,39
303.3,14
303.6,10
304.0,12
304.0,26
304.6,23
304.6,37
304.8,17
305.2,36
306.4,3
306.8,24
307.1,18
307.3,31
308.0,33
308.2,25
308.3,5
308.3,13
309.0,34
309.4,19
309.6,21
309.9,27
310.9,22
311.5,38
312.1,28
312.2,29
315.0,9
315.0,32
315.3,7
315.3,8
315.3,20
315.3,23
315.5,12
315.5,11
315.7,14
315.7,16
317.2,17
318.3,1
318.5,3
319.5,27
320.1,6
320.1,39
320.6,36
320.7,26
321.2,4
321.9,15
322.0,21
322.4,34
323.5,13
324.4,8
324.4,25
324.7,10
324.7,29
324.8,0
325.4,23
326.0,12
326.5,35
326.6,14
327.5,18
327.8,36
327.9,20
328.2,28
328.4,38
329.1,27
329.4,13
329.5,24
329.6,17
331.3,3
333.4,16
333.6,21
333.6,31
335.2,11
335.4,37
335.5,6
335.9,9
336.2,7
336.5,26
336.7,34
336.7,39
336.8,23
337.0,1
337.8,10
337.8,32
337.9,8
337.9,27
338.2,14
338.4,22
338.6,29
338.7,0
339.0,19
340.4,28
341.2,17
342.8,13
343.2,12
345.3,25
346.3,20
346.3,36
346.6,4
346.7,3
346.8,18
347.0,24
347.1,31
347.2,21
347.6,14
347.9,23
349.1,16
349.5,27
349.6,8
349.7,38
350.4,39
350.5,9
351.9,32
352.5,29
353.0,34
353.3,6
353.7,26
354.1,11
354.1,17
354.2,15
354.3,7
354.8,13
355.7,12
356.1,37
356.6,10
356.7,19
356.7,23
356.9,36
357.1,1
357.5,14
357.7,5
357.8,20
358.8,9
358.9,3
359.0,28
359.0,35
359.3,21
359.3,24
359.4,2
360.9,8
361.4,25
364.3,23
365.1,31
365.3,7
366.5,36
366.7,34
367.3,18
367.6,17
368.2,38
368.3,6
369.0,12
369.2,16
369.3,27
370.4,29
370.5,1
370.6,26
371.6,14
371.9,3
371.9,13
372.3,11
372.4,37
372.6,20
372.7,22
372.8,0
373.2,23
373.3,8
373.3,10
373.9,39
375.6,19
376.1,9
378.0,17
379.1,24
379.2,28
379.2,31
379.4,36
379.5,33
379.5,38
380.3,21
380.5,32
380.6,35
380.7,7
381.2,12
381.9,16
382.5,14
383.1,3
383.1,19
384.6,6
384.6,26
385.8,8
386.0,34
386.4,20
386.6,13
386.9,25
387.5,27
388.0,14
388.4,1
388.5,23
388.9,31
389.4,36
389.8,17
390.4,9
390.6,29
390.7,4
391.1,3
391.2,37
391.3,11
391.3,39
392.8,24
393.2,10
393.4,18
394.0,12
394.3,28
394.5,32
395.8,22
396.1,21
397.4,23
397.6,13
398.2,16
398.8,36
399.0,7
399.0,20
399.1,27
399.5,6
400.0,34
400.4,29
400.6,26
400.6,1
400.6,5
402.2,3
402.4,17
403.0,14
404.4,39
405.0,31
405.7,18
407.4,23
407.8,19
408.8,4
408.8,38
409.0,24
409.0,32
409.1,11
409.4,9
409.4,25
409.6,33
409.9,8
410.2,1
410.2,3
410.2,21
410.2,35
410.3,28
410.9,36
412.4,12
413.1,27
413.3,13
413.5,20
414.8,17
415.0,6
415.0,10
415.2,34
415.4,29
415.5,30
415.8,7
415.8,14
417.0,3
417.1,23
418.4,37
419.9,16
420.2,36
420.7,38
421.2,28
422.1,25
422.5,0
422.5,12
422.5,21
422.8,11
422.8,22
423.5,13
423.9,20
424.0,19
424.1,1
424.2,15
424.7,8
424.8,18
424.8,23
425.2,17
425.3,32
425.9,36
426.4,10
426.4,39
426.6,26
427.5,14
427.6,31
428.3,34
429.4,9
430.0,29
430.0,35
430.5,3
431.3,27
432.7,13
432.9,24
434.6,28
434.8,12
435.4,17
436.4,6
437.2,20
438.5,7
438.5,21
440.8,16
441.5,25
441.6,8
441.8,3
441.9,13
442.0,32
442.1,14
442.1,31
442.2,23
442.2,24
442.2,36
442.3,1
442.5,29
442.8,26
443.2,33
443.3,12
443.5,18
443.5,19
443.6,37
443.7,4
444.4,34
445.5,0
446.7,38
447.5,10
448.2,9
448.6,39
451.4,21
451.5,35
451.6,13
451.7,36
452.2,17
452.3,27
452.6,20
452.6,23
452.8,3
452.8,28
453.1,14
453.5,11
454.1,24
454.9,8
455.3,31
455.5,4
456.0,34
457.0,12
457.0,22
457.5,32
458.3,29
458.7,1
460.2,7
460.2,10
460.9,9
461.7,18
461.7,27
462.3,17
462.3,36
462.7,6
463.5,23
464.2,3
464.3,37
464.5,20
464.8,21
464.9,8
465.2,15
465.2,28
465.3,13
465.4,26
466.3,5
468.1,14
469.0,0
469.6,16
470.8,38
470.9,32
470.9,39
471.7,34
471.9,19
472.1,29
472.4,12
472.5,35
472.9,6
472.9,31
473.6,3
473.7,33
474.3,36
474.5,27
475.2,23
476.1,17
476.7,8
477.3,18
478.0,11
478.4,13
478.5,25
478.6,10
478.9,14
479.0,20
479.3,9
479.5,28
479.7,26
480.2,32
480.4,21
480.5,34
480.7,29
480.9,12
480.9,30
481.0,24
481.1,31
481.4,1
481.4,7
481.7,23
486.0,3
487.5,28
488.2,22
488.9,1
488.9,36
489.2,27
489.3,39
489.4,19
489.5,13
489.9,6
490.1,4
490.2,37
490.3,21
490.5,20
490.6,34
491.0,14
492.5,11
494.1,8
495.8,31
495.8,7
496.1,18
496.7,26
497.0,3
497.0,23
497.4,9
497.4,10
497.4,17
498.7,16
498.9,12
499.2,36
499.4,32
500.0,27
500.0,29
500.6,20
501.3,24
501.3,25
503.6,13
505.5,2
505.7,5
506.1,38
506.7,34
506.9,23
507.5,30
507.8,1
507.8,11
507.9,3
507.9,9
508.0,14
508.4,12
508.7,0
508.7,31
509.1,19
509.1,21
509.3,22
509.5,4
509.5,6
509.5,20
509.6,17
510.4,8
512.2,28
513.6,37
514.4,13
515.1,33
515.2,10
515.2,16
515.4,39
516.0,18
516.0,34
516.3,27
516.9,32
517.2,29
517.8,26
517.9,36
518.0,23
518.2,24
518.6,20
519.1,3
519.4,19
520.0,1
520.0,21
520.4,7
521.1,6
522.0,8
522.6,12
522.7,35
522.9,11
522.9,14
522.9,17
522.9,25
524.5,9
527.1,34
527.7,23
527.7,31
527.9,28
528.6,39
528.7,13
528.7,18
529.0,19
529.8,20
530.0,22
530.7,38
531.0,24
531.2,10
531.8,14
531.9,26
532.2,1
532.2,16
532.6,7
532.9,36
533.3,3
534.2,21
534.7,29
534.8,27
535.3,17
535.7,28
536.9,32
537.2,13
537.4,23
537.6,12
537.9,6
538.2,9
538.5,8
541.2,0
541.2,34
542.3,33
542.7,37
543.8,11
544.5,29
544.6,18
544.7,23
545.0,14
545.0,20
545.0,31
545.1,26
545.4,3
545.5,10
545.7,28
546.2,19
546.9,12
547.2,25
549.4,36
549.5,21
550.6,39
550.9,27
550.9,35
551.0,17
551.3,1
551.3,7
552.0,3
552.0,24
552.1,6
552.1,32
552.2,9
552.4,16
552.9,13
553.1,8
553.1,34
553.2,4
553.5,23
554.2,11
554.3,10
557.1,12
558.0,28
560.1,19
560.8,17
561.7,25
562.3,31
562.5,22
562.8,29
563.6,14
563.8,10
564.0,3
564.2,8
564.7,9
565.6,27
565.6,34
566.3,20
566.9,1
567.1,37
567.2,21
567.3,11
567.3,32
567.4,18
567.6,36
567.6,26
569.0,7
569.2,23
570.2,6
571.1,16
571.6,24
572.3,14
573.2,3
573.2,28
573.5,33
574.2,12
574.3,38
574.5,17
575.1,36
575.2,39
575.9,29
576.2,25
576.4,13
576.6,23
576.8,10
577.7,34
577.7,35
578.3,20
579.1,27
579.4,19
580.2,31
582.9,8
583.0,11
583.0,21
583.5,32
583.8,1
584.0,26
584.2,29
584.4,9
584.5,24
584.6,36
584.9,15
585.1,2
585.2,14
585.4,3
585.4,7
585.4,16
585.7,6
586.2,13
586.3,17
587.8,12
588.1,28
589.1,20
590.5,38
592.1,23
592.3,37
593.2,4
593.3,25
593.8,33
594.7,19
594.9,21
595.2,27
595.4,34
595.7,0
595.8,22
596.3,18
596.6,13
596.8,36
597.6,14
597.8,8
597.9,3
597.9,31
598.1,1
598.1,17
598.5,10
599.3,32
599.8,26
599.8,23
600.6,12
601.7,39
602.1,28
602.5,5
602.6,20
602.8,9
604.4,21
604.7,36
605.5,6
605.6,24
605.8,29
606.9,7
607.3,11
607.5,22
609.3,3
609.4,34
609.5,27
610.2,19
610.5,23
610.6,31
610.8,14
610.9,13
611.2,16
611.4,8
611.4,9
611.5,10
612.0,38
612.0,32
612.2,17
612.3,12
612.3,24
614.2,37
614.9,1
616.8,25
617.3,39
617.8,13
618.1,20
618.2,3
618.7,30
618.8,28
619.3,21
619.6,18
620.0,26
620.0,29
620.0,36
620.5,4
621.0,7
623.1,35
624.4,0
624.7,8
625.0,33
625.4,23
625.6,12
625.9,1
625.9,24
626.6,16
626.9,14
627.3,17
627.5,6
627.5,34
627.7,27
627.8,3
627.8,11
627.8,20
629.8,10
630.7,9
630.7,31
630.7,38
631.0,32
631.6,19
631.8,13
631.9,18
631.9,29
632.1,21
632.1,28
632.1,36
635.3,23
636.2,22
636.6,6
637.2,7
637.7,14
638.1,12
638.8,17
639.0,25
639.3,4
640.4,27
640.9,1
641.2,34
641.2,39
642.1,36
643.5,8
643.8,21
644.1,16
644.2,26
644.4,3
645.0,37
645.1,20
645.2,38
645.5,35
645.7,14
646.0,15
646.1,24
646.2,9
646.3,11
646.5,6
646.6,13
647.1,2
647.7,12
647.7,23
647.9,32
648.2,31
648.6,10
651.3,19
652.9,22
653.0,36
653.1,25
653.7,17
653.9,34
654.6,5
654.6,29
654.6,33
655.0,39
656.2,28
656.4,18
657.0,1
657.1,12
657.6,14
657.8,3
658.0,38
658.3,27
658.5,13
658.7,26
659.2,23
659.6,9
661.1,31
661.2,20
661.6,34
662.0,6
662.0,36
662.2,24
662.9,17
663.1,8
663.5,21
663.8,11
664.2,35
664.4,10
665.1,0
665.1,16
667.0,7
667.0,23
667.3,13
667.5,14
668.3,32
668.9,29
669.9,27
670.2,19
670.3,3
670.3,4
670.3,25
670.3,26
670.3,37
670.3,39
670.6,12
671.6,1
672.4,22
674.9,28
674.9,38
675.2,23
675.3,20
675.5,34
675.8,18
676.9,11
677.2,9
677.4,36
678.0,24
678.5,21
678.7,31
679.2,6
679.2,13
680.5,8
680.6,17
681.4,16
681.6,3
681.8,10
682.8,12
682.8,27
682.8,37
683.1,14
683.6,33
684.5,29
685.0,19
685.3,35
686.2,26
686.5,20
687.2,1
687.4,25
687.9,23
688.6,32
689.7,36
690.2,39
690.3,18
690.6,12
691.0,34
691.4,17
691.6,7
691.8,14
692.1,13
692.2,3
692.5,28
692.6,38
693.3,16
693.6,0
693.9,9
693.9,10
693.9,31
694.2,21
694.3,23
695.1,11
697.4,20
697.7,30
697.9,6
698.2,22
698.5,1
699.0,36
699.1,27
699.5,24
699.8,8
700.1,17
700.2,29
700.9,32
700.9,33
702.3,28
702.4,12
703.0,26
703.5,23
704.6,34
705.1,13
706.3,14
706.5,7
706.9,9
707.4,3
707.6,37
707.9,19
708.0,29
710.2,10
710.5,6
710.7,21
711.2,31
711.5,27
711.9,36
712.4,16
712.9,2
713.3,8
713.7,23
714.1,39
714.5,20
714.7,11
714.9,17
715.0,1
715.0,38
715.7,32
715.7,12
716.3,22
716.4,28
716.5,13
716.8,4
716.8,25
716.8,26
717.2,14
717.6,3
717.6,34
717.9,7
718.0,9
723.9,19
724.1,10
724.1,31
724.6,0
724.7,17
724.7,18
724.8,35
725.2,24
725.3,23
725.5,27
725.6,29
725.8,3
725.9,21
726.2,14
726.3,36
726.7,20
726.7,39
728.3,13
729.6,34
730.2,1
730.2,12
730.6,32
731.4,28
732.6,16
732.9,27
733.1,6
733.3,8
734.5,11
734.8,17
735.5,36
735.6,7
736.5,23
737.0,26
737.2,9
737.6,37
737.6,38
737.7,21
738.5,31
738.6,22
738.7,29
738.8,3
739.3,13
739.7,14
740.2,24
740.5,33
741.3,34
742.0,12
742.0,1
742.4,10
742.6,5
743.7,30
744.6,39
745.0,18
745.2,19
745.6,0
745.7,23
746.3,25
746.8,32
747.0,14
747.0,17
747.5,36
749.0,20
749.3,27
749.7,3
750.5,29
750.6,21
750.7,8
750.7,34
751.2,4
751.6,7
752.4,26
752.7,12
753.4,1
753.5,6
753.5,13
754.2,24
754.3,28
755.7,11
755.8,16
756.1,9
756.4,15
756.8,39
756.9,23
759.3,10
760.1,14
761.1,17
762.1,25
763.0,3
763.0,31
763.1,34
763.5,29
763.5,36
763.5,38
763.6,32
764.1,27
764.5,8
765.1,37
766.2,7
766.3,19
766.4,21
766.5,24
766.6,20
767.4,30
767.5,35
767.6,26
767.8,13
768.2,12
768.7,1
769.1,23
771.8,17
771.9,0
772.1,6
772.1,22
772.5,9
772.6,3
772.7,10
773.2,34
774.0,18
774.5,28
774.7,27
775.2,36
775.3,12
775.8,16
776.0,14
776.0,39
776.1,29
777.0,25
777.6,19
777.7,21
780.0,20
780.6,1
781.6,38
781.7,17
781.7,37
781.8,23
782.2,11
782.5,32
783.0,34
783.3,26
783.5,8
783.8,3
784.1,24
784.7,14
785.2,13
786.2,9
786.2,29
787.5,31
788.0,6
788.1,4
788.6,36
788.7,8
789.4,27
789.8,28
790.1,7
790.2,21
790.7,10
791.0,3
792.0,23
792.3,11
792.7,14
792.8,20
792.9,24
793.3,17
793.6,18
794.5,0
794.7,12
796.0,19
796.8,34
797.8,13
797.9,39
798.0,32
798.1,16
798.4,30
798.6,6
799.4,29
799.5,28
799.9,26
800.0,25
800.2,36
800.3,1
800.4,27
801.2,10
801.3,35
801.6,23
801.9,33
801.9,20
802.2,5
802.6,17
803.7,31
803.8,3
804.4,21
805.8,14
808.0,9
808.0,12
808.3,8
809.3,7
810.0,24
811.5,11
811.5,13
812.1,18
812.1,29
812.1,37
812.3,17
812.4,22
812.5,6
813.1,32
813.3,10
813.3,36
813.4,21
813.8,23
814.1,1
814.3,2
815.0,34
815.7,4
817.1,3
817.1,27
818.0,26
818.0,28
818.2,14
818.8,39
819.4,16
819.4,19
819.6,20
819.6,31
819.9,38
821.2,12
821.6,29
822.3,35
823.7,13
823.8,8
824.6,9
824.6,18
824.7,7
825.1,21
825.3,5
825.9,25
826.2,17
826.2,34
826.3,23
826.5,11
826.6,36
827.2,27
829.7,24
829.9,3
830.2,1
831.0,28
831.4,14
831.7,6
831.8,32
832.4,16
832.4,20
832.5,12
832.9,26
834.0,9
834.0,31
834.2,29
835.0,23
835.1,19
835.2,10
835.3,0
835.3,33
836.6,21
837.3,36
837.8,13
838.5,28
838.5,7
839.1,34
839.6,17
839.9,11
840.8,2
841.2,37
841.7,27
843.6,32
844.0,12
844.5,14
845.0,24
845.6,23
846.1,35
846.8,25
847.0,1
847.3,20
847.4,8
847.7,3
847.7,29
848.1,31
848.5,22
848.9,9
849.7,34
849.8,38
850.2,36
850.3,26
851.3,6
852.2,14
852.4,13
852.7,28
853.0,18
853.2,19
853.8,37
853.9,39
854.2,11
854.3,17
854.7,10
854.8,21
855.0,27
857.9,23
858.3,12
859.2,3
859.3,1
859.6,25
859.7,20
859.8,29
860.5,16
860.9,33
861.0,13
861.7,32
862.3,24
862.6,17
862.7,36
863.5,10
865.5,21
866.3,7
866.4,39
866.7,34
867.9,8
868.2,26
868.3,35
868.4,14
868.9,23
869.0,31
869.3,3
869.8,24
869.9,27
870.1,6
870.4,20
870.8,22
870.9,9
871.2,1
872.2,13
872.6,12
872.7,36
874.3,32
875.5,19
876.4,17
876.7,28
878.2,16
878.9,38
879.5,10
879.5,18
879.7,34
880.7,23
880.8,14
881.2,29
881.4,4
882.0,31
882.2,8
882.2,39
882.3,6
882.9,12
883.0,3
883.0,21
883.3,2
883.5,33
883.7,13
885.3,37
885.9,25
886.1,7
886.1,24
886.3,0
886.3,9
887.1,11
887.4,27
887.6,20
887.9,17
888.0,32
888.9,26
889.1,15
889.1,36
889.2,19
891.0,23
893.0,28
893.6,22
893.8,12
893.8,18
894.2,29
895.5,27
895.7,3
897.5,14
898.1,39
898.2,16
898.7,13
899.0,1
899.0,10
899.4,8
899.5,4
899.6,20
900.3,24
900.3,34
900.4,31
900.6,22
901.3,29
901.5,19
901.6,9
901.7,26
901.9,6
902.2,12
902.4,7
902.9,21
903.2,17
903.3,36
903.4,37
905.1,38
905.8,18
906.1,10
906.2,23
907.0,14
907.1,11
907.3,25
907.3,32
911.5,27
911.6,28
911.9,3
912.1,8
912.3,5
913.8,1
913.9,36
914.0,21
914.0,39
914.3,16
914.8,20
914.9,23
915.0,9
915.3,15
916.2,0
916.3,17
916.4,29
917.2,12
917.3,13
917.7,6
917.7,34
918.3,7
918.5,31
919.0,14
919.0,33
920.3,3
920.5,11
920.8,8
921.1,35
921.3,24
922.8,38
922.9,22
923.0,20
923.1,28
923.2,27
923.4,18
923.7,25
923.7,37
924.4,19
924.4,23
924.6,4
924.7,36
924.8,13
924.8,26
925.2,32
926.7,17
928.6,21
928.7,1
928.9,10
930.3,3
930.4,14
931.0,9
931.4,31
932.1,7
932.5,23
932.7,34
933.0,15
933.6,12
933.7,24
934.3,29
934.5,13
934.9,20
935.7,19
936.8,27
937.8,16
938.0,4
938.0,36
938.5,39
938.7,6
938.7,28
939.3,26
939.4,5
939.4,38
940.1,1
940.1,23
940.4,32
941.4,17
941.4,21
941.8,11
942.3,3
942.8,14
944.5,31
944.7,12
945.5,34
945.8,2
945.9,8
946.1,0
946.3,37
946.6,13
946.6,27
947.5,24
947.5,20
948.6,29
948.9,36
949.3,25
950.0,23
950.8,10
952.0,9
952.2,6
953.2,32
953.5,17
953.6,18
954.0,28
954.9,3
955.6,26
956.4,33
956.4,39
956.6,1
956.6,14
957.0,34
957.2,22
957.3,12
957.4,11
957.4,7
957.6,21
958.0,15
958.1,8
958.1,37
959.0,13
959.1,16
959.1,20
959.2,19
959.4,23
959.6,29
963.1,27
963.7,17
964.5,31
964.7,36
965.1,6
966.0,10
966.7,34
967.5,3
968.3,9
968.3,28
968.4,24
968.5,21
968.5,26
969.1,38
969.2,4
969.2,23
969.6,13
969.6,25
970.2,1
970.8,16
972.7,32
973.5,12
973.7,29
974.0,8
974.4,20
974.5,18
975.4,0
975.7,17
976.2,7
976.3,11
976.4,27
977.4,14
977.4,31
978.5,19
978.5,36
979.5,6
979.5,28
981.4,3
981.7,24
982.2,34
982.3,10
982.5,1
982.6,23
983.8,13
983.8,37
984.5,5
984.5,18
984.5,35
984.9,9
985.3,17
985.4,36
985.6,21
985.7,12
985.7,38
986.0,39
987.4,14
988.1,22
988.7,27
988.9,26
989.3,32
989.6,28
989.8,20
990.1,29
990.2,16
990.8,8
990.8,23
991.2,25
991.3,34
993.2,6
993.6,11
994.4,7
994.4,13
995.2,21
995.4,30
996.0,17
996.3,10
996.8,32
997.4,24
997.5,36
998.2,31
998.6,27
999.0,12
999.1,14
999.3,3
999.6,0
999.9,19
1000.4,33
1001.2,9
1001.2,23
1001.8,20
1002.8,28
1003.6,13
1003.9,26
1004.2,29
1005.8,21
1006.4,1
1006.4,11
1006.5,27
1006.5,34
1006.7,35
1006.9,39
1007.1,18
1007.3,16
1009.6,38
1010.0,23
1010.3,12
1012.1,14
1012.2,7
1012.3,8
1013.1,19
1013.2,25
1013.2,37
1013.3,6
1013.4,20
1013.8,13
1013.8,28
1013.9,3
1014.1,36
1014.8,24
1015.0,17
1015.4,32
1016.1,31
1018.2,10
1018.7,29
1020.2,27
1020.3,34
1020.6,12
1020.6,16
1020.6,21
1021.4,26
1021.6,9
1022.0,11
1022.0,20
1023.2,1
1023.2,39
1024.1,22
1024.4,23
1024.9,8
1025.1,3
1026.0,14
1026.2,0
1026.3,28
1027.4,13
1027.8,17
1028.5,27
1028.8,36
1028.8,37
1029.4,18
1029.5,25
1030.9,15
1031.0,10
1031.1,4
1031.1,34
1031.4,20
1031.5,38
1031.6,7
1032.0,28
1032.1,6
1032.1,29
1032.7,12
1033.5,23
1034.1,19
1034.3,21
1034.7,3
1035.1,32
1036.0,24
1036.1,26
1036.6,31
1038.0,36
1038.5,1
1038.8,17
1039.3,39
1039.5,34
1040.4,35
1040.5,6
1040.7,0
1040.7,8
1040.9,14
1040.9,20
1041.4,12
1041.4,27
1043.9,23
1044.0,9
1044.5,13
1044.9,11
1045.4,3
1046.1,28
1046.4,2
1047.7,10
1048.2,36
1048.4,25
1048.7,16
1048.7,32
1049.9,22
1050.1,24
1050.4,31
1052.1,33
1052.2,17
1052.5,21
1052.6,1
1052.7,12
1053.4,29
1055.4,5
1055.5,6
1055.6,23
1055.9,38
1056.0,14
1056.4,20
1056.4,39
1056.8,8
1057.5,18
1057.6,31
1058.0,37
1058.1,3
1058.1,13
1058.2,9
1058.3,27
1058.6,7
1058.6,26
1058.6,34
1058.7,15
1059.0,19
1059.5,36
1061.2,4
1062.2,28
1062.4,23
1063.8,12
1064.2,24
1064.8,21
1064.9,10
1065.4,3
1065.4,32
1065.9,11
1065.9,16
1066.2,14
1066.7,0
1066.7,6
1067.0,1
1067.4,25
1067.8,17
1070.9,36
1071.5,8
1071.8,34
1072.1,31
1072.2,33
1072.5,27
1073.2,22
1073.2,23
1074.4,19
1074.5,35
1074.7,18
1074.8,12
1074.8,29
1075.1,20
1077.8,7
1077.9,32
1078.0,39
1078.3,13
1079.3,3
1079.3,26
1082.1,28
1082.4,6
1082.4,9
1082.6,14
1082.7,10
1082.9,1
1083.3,34
1083.4,12
1083.5,36
1084.0,31
1084.6,23
1084.9,16
1084.9,24
1085.2,7
1085.2,8
1085.2,27
1085.3,11
1085.4,20
1085.9,25
1087.2,21
1087.5,17
1088.4,3
1089.5,19
1090.4,39
1090.5,0
1091.4,38
1092.2,18
1092.7,29
1093.1,26
1094.5,13
1094.5,32
1094.8,23
1096.5,8
1096.7,28
1096.8,6
1097.1,36
1097.6,1
1097.6,35
1097.9,7
1098.0,22
1098.0,27
1098.1,25
1098.3,33
1098.4,12
1098.6,3
1098.7,9
1098.7,34
1098.8,21
1099.0,17
1099.0,37
1099.4,4
1100.2,14
1101.8,10
1102.5,11
1102.7,20
1103.4,23
1103.5,31
1104.3,24
1105.8,38
1107.4,29
1107.6,16
1107.8,27
1108.2,12
1108.8,13
1109.6,1
1109.9,14
1110.0,21
1110.2,17
1111.0,26
1111.1,2
1111.1,20
1112.0,7
1112.4,19
1112.8,9
1113.2,18
1113.6,36
1113.7,3
1113.8,23
1113.8,28
1115.0,30
1115.0,34
1115.1,39
1116.1,8
1116.6,32
1116.7,25
1117.5,38
1118.0,12
1118.1,31
1118.7,10
1118.9,29
1119.5,24
1119.8,37
1120.1,22
1120.6,17
1121.0,6
1121.0,13
1121.5,11
1122.5,27
1123.0,14
1124.7,3
1125.1,34
1125.3,23
1126.3,21
1126.8,20
1128.2,36
1128.3,24
1128.6,19
1129.5,16
1129.9,6
1129.9,10
1129.9,12
1130.1,8
1130.2,9
1130.3,7
1131.0,17
1131.0,33
1131.6,32
1131.8,1
1131.8,13
1132.8,26
1133.1,39
1136.0,3
1136.1,35
1136.3,14
1136.3,20
1136.8,31
1136.9,23
1136.9,34
1137.0,18
1137.0,27
1137.8,37
1138.2,11
1138.6,2
1138.8,13
1139.1,28
1139.8,29
1140.0,0
1141.9,12
1142.1,24
1142.7,25
1142.9,21
1143.3,36
1144.0,4
1144.0,17
1144.1,34
1144.9,9
1144.9,23
1145.3,38
1145.6,1
1145.7,7
1145.7,32
1146.8,27
1148.1,3
1148.3,6
1149.4,19
1150.3,11
1150.5,20
1151.0,14
1152.1,12
1152.1,13
1153.0,29
1153.3,26
1154.1,10
1154.2,36
1154.8,18
1154.9,28
1155.6,35
1157.0,22
1157.0,34
1157.1,31
1157.6,17
1157.8,8
1158.1,37
1158.7,27
1158.9,3
1159.0,32
1159.2,39
1159.4,21
1159.9,1
1159.9,16
1159.9,23
1160.6,9
1164.0,29
1164.5,24
1165.3,20
1166.2,10
1166.5,6
1166.6,13
1166.7,12
1166.9,14
1167.2,19
1167.3,15
1167.3,36
1167.4,7
1167.5,16
1167.6,25
1167.6,28
1167.7,0
1168.6,8
1172.3,17
1172.9,21
1173.7,39
1174.1,32
1174.2,3
1174.6,11
1174.8,20
1175.1,33
1175.2,6
1175.4,1
1176.9,23
1177.1,34
1177.3,27
1178.1,9
1179.1,29
1179.8,36
1179.9,13
1180.6,26
1181.0,12
1181.1,25
1181.5,38
1182.2,37
1183.3,20
1183.3,31
1183.4,8
1183.8,24
1184.3,14
1184.5,3
1184.7,16
1185.1,6
1185.2,18
1185.2,22
1185.3,23
1185.5,17
1186.3,35
1186.7,21
1187.5,11
1188.1,28
1188.3,10
1189.8,27
1190.1,34
1190.6,1
1190.9,32
1191.2,5
1191.2,19
1191.4,9
1192.6,26
1192.6,36
1193.0,7
1193.7,17
1193.9,31
1194.9,29
1195.0,8
1195.0,14
1195.1,12
1195.2,39
1197.7,13
1197.8,20
1198.1,4
1198.2,6
1198.7,23
1198.8,25
1199.7,3
1199.7,9
1199.8,0
1200.5,38
1201.1,10
1201.6,34
1201.8,33
1202.0,37
1202.2,36
1202.5,32
1203.8,27
1205.7,16
1205.8,13
1206.1,1
1206.4,6
1206.4,14
1206.9,2
1207.0,29
1207.1,17
1207.3,26
1207.4,28
1208.0,19
1208.1,21
1208.5,7
1209.2,3
1209.6,12
1210.2,8
1210.3,24
1210.8,20
1211.1,23
1211.3,18
1211.3,22
1211.5,39
1211.6,38
1213.0,36
1213.4,11
1213.7,17
1215.5,31
1217.5,32
1218.1,10
1218.1,14
1218.4,13
1218.4,34
1218.6,25
1218.7,28
1218.9,12
1219.1,21
1219.4,27
1219.6,9
1219.8,30
1219.9,5
1221.1,3
1222.4,26
1224.1,1
1224.1,29
1224.7,36
1224.8,23
1225.4,20
1225.5,16
1226.3,6
1226.5,7
1226.6,37
1227.6,35
1229.3,17
1231.1,8
1231.6,14
1232.0,25
1232.5,3
1232.6,27
1232.6,32
1232.7,24
1232.7,34
1232.9,23
1232.9,36
1233.0,2
1233.3,4
1233.4,11
1233.5,19
1233.9,31
1234.0,29
1234.7,7
1235.2,22
1235.5,13
1235.6,38
1235.9,18
1236.2,10
1236.2,12
1236.3,21
1237.0,1
1237.4,26
1237.8,39
1239.5,9
1241.6,28
1241.6,36
1241.7,37
1241.9,23
1242.0,14
1242.0,33
1242.9,20
1243.0,5
1243.7,34
1244.2,6
1244.3,3
1245.9,27
1245.9,29
1246.2,19
1247.2,17
1247.2,25
1247.8,12
1248.3,16
1248.4,10
1249.0,8
1249.9,23
1249.9,24
1251.2,32
1251.9,26
1252.1,31
1252.2,14
1252.3,1
1252.9,36
1253.0,38
1253.6,11
1253.9,7
1254.1,21
1256.8,3
1256.8,39
1257.4,9
1257.4,18
1257.7,20
1257.8,15
1257.9,8
1258.2,34
1258.7,4
1258.8,6
1258.8,17
1259.4,27
1259.5,12
1259.7,1
1260.0,0
1260.6,35
1260.8,13
1260.9,28
1263.5,10
1263.8,29
1264.4,37
1264.6,23
1264.8,36
1265.2,26
1266.1,24
1266.9,11
1267.0,14
1267.2,3
1268.6,21
1268.6,25
1268.8,17
1268.9,20
1269.0,19
1269.4,8
1269.5,13
1269.5,32
1269.8,31
1270.4,6
1270.7,34
1271.0,22
1271.4,9
1271.5,28
1271.9,7
1272.0,12
1272.2,16
1274.4,39
1274.7,27
1274.8,26
1275.8,29
1276.6,36
1276.9,1
1277.0,4
1277.0,23
1277.2,18
1277.3,38
1277.4,3
1279.0,10
1279.2,33
1279.3,17
1279.5,31
1280.2,14
1280.2,20
1281.4,34
1281.8,9
1282.6,27
1282.9,19
1282.9,28
1283.1,8
1283.3,13
1283.6,12
1285.0,32
1286.0,24
1286.1,23
1286.3,6
1286.4,1
1287.5,36
1287.6,2
1287.6,25
1288.5,37
1289.0,11
1290.0,0
1290.3,35
1290.5,31
1290.5,39
1291.2,3
1291.5,29
1291.8,21
1292.0,16
1292.3,14
1292.9,7
1293.4,20
1293.7,8
1293.9,27
1295.1,9
1295.2,28
1295.3,38
1295.4,17
1296.2,10
1296.3,18
1296.3,26
1296.8,35
1297.2,34
1298.9,23
1299.2,36
1299.4,12
1300.4,1
1301.1,3
1302.1,19
1302.2,13
1302.6,4
1303.7,31
1304.2,25
1304.8,14
1305.7,32
1306.5,17
1306.7,30
1306.8,11
1307.6,39
1307.7,21
1308.1,16
1308.1,24
1308.2,26
1308.4,27
1309.0,28
1309.1,6
1309.1,29
1309.6,9
1309.7,8
1309.8,36
1309.9,23
1310.0,18
1310.3,20
1312.8,34
1313.3,22
1314.5,3
1314.8,35
1315.2,12
1315.2,13
1315.7,37
1315.8,33
1315.9,10
1316.2,1
1316.7,7
1317.0,0
1317.2,8
1317.2,32
1318.1,19
1318.3,29
1319.3,39
1319.4,38
1319.6,21
1319.6,31
1320.0,17
1321.2,14
1322.0,36
1324.1,27
1324.3,23
1324.6,2
1324.7,20
1324.7,32
1325.0,6
1325.1,28
1325.7,3
1325.7,26
1325.8,9
1326.0,18
1326.9,1
1327.5,11
1328.6,34
1328.9,25
1329.3,17
1329.9,12
1330.3,10
1330.5,24
1330.7,8
1331.9,5
1332.1,13
1332.7,29
1334.7,31
1335.0,16
1335.0,23
1335.2,14
1336.2,21
1336.5,4
1336.8,9
1337.2,32
1337.4,12
1337.4,19
1338.1,26
1338.1,37
1338.5,18
1338.5,36
1338.8,35
1338.8,34
1339.1,3
1340.1,20
1340.5,39
1341.4,6
1341.6,28
1342.0,8
1342.1,27
1342.3,7
1342.6,24
1342.7,33
1343.6,13
1344.0,17
1347.8,9
1348.3,11
1348.7,23
1348.9,10
1349.0,29
1350.3,1
1350.9,3
1350.9,22
1351.0,21
1351.0,30
1351.3,14
1351.3,19
1351.3,20
1351.5,36
1351.5,37
1351.8,38
1351.9,31
1352.3,17
1353.6,32
1354.4,12
1355.9,13
1356.0,16
1357.0,1
1357.7,26
1357.8,28
1358.0,25
1358.3,18
1358.8,7
1358.8,34
1359.4,29
1359.6,24
1359.6,27
1359.8,14
1359.9,8
1359.9,10
1360.0,23
1360.2,6
1360.2,9
1360.2,31
1361.0,39
1361.5,20
1363.1,36
1364.0,11
1364.1,19
1364.4,21
1364.8,17
1365.8,0
1366.3,22
1367.2,13
1367.7,3
1368.0,23
1368.9,26
1369.0,14
1369.6,15
1369.7,7
1369.9,12
1369.9,33
1370.3,1
1370.5,29
1370.8,24
1371.2,35
1371.5,27
1372.2,20
1374.2,6
1374.9,32
1376.4,8
1376.5,28
1376.6,17
1376.7,4
1376.9,34
1377.1,21
1377.3,16
1377.3,10
1378.3,13
1378.3,31
1379.2,38
1379.7,3
1379.9,36
1380.3,39
1380.7,27
1381.8,9
1381.8,23
1382.9,14
1383.3,29
1383.4,37
1383.6,26
1383.9,20
1384.5,34
1385.5,12
1385.6,19
1385.9,11
1386.3,17
1386.5,18
1387.0,31
1388.4,1
1389.1,25
1389.4,24
1389.6,13
1390.0,2
1390.1,39
1390.3,7
1390.3,22
1390.4,3
1390.6,8
1390.8,33
1391.0,36
1391.1,16
1391.1,32
1391.4,28
1392.6,20
1394.6,21
1395.6,23
1395.8,0
1395.8,9
1396.0,6
1396.3,38
1396.5,27
1396.6,12
1397.2,11
1397.4,10
1398.0,4
1398.2,26
1398.7,14
1399.0,13
1399.6,29
1399.9,17
1401.0,19
1401.0,34
1401.8,3
1402.8,39
1403.5,35
1404.0,28
1404.2,18
1404.6,7
1404.8,1
1404.9,9
1405.7,8
1405.8,25
1405.8,36
1406.2,20
1406.9,5
1406.9,23
1406.9,31
1407.4,12
1407.4,32
1408.4,14
1408.5,3
1408.8,27
1410.7,21
1411.3,6
1411.5,17
1413.2,13
1413.2,24
1414.1,0
1415.4,10
1415.4,37
1415.5,26
1416.4,11
1416.7,12
1417.8,36
1418.4,14
1419.6,29
1419.6,32
1419.6,34
1419.8,23
1419.9,38
1420.1,28
1420.3,19
1420.4,33
1420.6,3
1420.6,20
1420.7,1
1421.1,22
1421.3,16
1421.8,7
1421.9,31
1422.4,25
1422.5,9
1423.0,17
1424.4,8
1424.7,27
1426.5,10
1427.5,21
1428.0,13
1428.1,36
1428.7,39
1429.2,35
1429.5,6
1429.8,2
1429.9,4
1430.0,23
1430.2,11
1430.5,12
1430.6,26
1431.3,34
1431.5,7
1433.4,3
1434.5,17
1434.6,14
1435.1,18
1436.1,20
1436.2,8
1436.2,29
1436.3,24
1436.5,13
1436.6,32
1436.9,38
1437.1,31
1437.2,1
1437.3,9
1438.1,23
1439.8,36
1440.5,27
1440.7,3
1440.7,19
1442.0,37
1442.1,15
1442.1,16
1442.1,28
1442.2,6
1442.3,25
1442.4,7
1443.0,10
1443.6,17
1443.7,34
1444.3,5
1445.0,21
1446.0,26
1447.8,11
1449.2,12
1449.2,31
1449.5,23
1449.7,0
1449.8,1
1449.8,9
1450.3,20
1450.5,30
1451.9,32
1452.3,14
1453.1,24
1453.2,6
1453.6,39
1453.8,18
1454.1,22
1454.4,36
1455.3,8
1456.4,27
1456.6,17
1456.8,13
1456.9,4
1456.9,25
1456.9,29
1457.3,21
1457.4,19
1457.9,28
1458.5,12
1458.9,35
1459.0,7
1459.2,3
1459.7,23
1460.7,38
1461.2,11
1461.9,34
1462.7,31
1463.0,10
1463.8,8
1463.8,28
1464.2,9
1464.2,16
1464.2,36
1464.7,24
1465.0,1
1465.8,20
1466.9,37
1467.1,39
1467.5,14
1468.0,17
1468.2,26
1468.6,0
1468.6,27
1468.8,32
1469.5,23
1471.9,12
1473.3,3
1473.3,13
1473.4,34
1473.7,19
1475.0,28
1475.2,7
1475.2,29
1475.3,21
1476.0,2
1476.2,1
1476.4,18
1476.8,8
1477.1,9
1477.2,6
1477.4,25
1477.7,11
1477.8,10
1478.4,32
1479.5,14
1480.2,23
1480.6,27
1481.1,36
1481.2,33
1482.1,20
1482.7,17
1483.8,12
1484.5,31
1484.6,24
1484.9,3
1485.1,13
1485.4,34
1485.4,38
1485.9,26
1486.0,1
1486.1,35
1486.3,16
1487.0,39
1488.8,10
1489.8,8
1489.9,23
1490.3,14
1491.0,6
1491.0,9
1491.2,36
1491.6,27
1491.7,0
1491.7,29
1492.4,11
1492.6,28
1492.8,20
1492.8,22
1492.9,32
1493.1,19
1493.4,17
1494.6,13
1495.2,1
1496.1,16
1496.2,4
1496.9,12
1497.0,3
1497.5,26
1497.8,34
1498.3,10
1498.7,24
1498.9,23
1499.1,21
1502.1,25
1502.1,36
1502.3,20
1503.3,38
1503.4,31
1503.9,29
1504.7,7
1504.7,28
1505.3,8
1506.6,39
1506.8,37
1506.9,13
1507.0,27
1507.1,33
1507.2,14
1507.4,17
1508.0,18
1509.3,3
1509.7,23
1509.8,6
1510.0,24
1511.5,11
1511.7,9
1511.8,12
1512.1,32
1513.0,16
1513.0,26
1513.7,30
1514.2,10
1514.3,19
1514.3,36
1514.5,1
1514.7,5
1514.7,14
1515.1,8
1515.6,21
1516.3,25
1517.8,34
1517.8,35
1519.1,28
1520.5,23
1520.7,20
1521.7,29
1521.8,13
1522.0,3
1522.2,32
1522.5,39
1523.0,22
1523.2,6
1523.3,31
1523.4,17
1523.4,37
1523.8,7
1524.2,27
1524.3,24
1524.6,0
1525.1,14
1525.5,11
1526.0,18
1526.2,12
1526.5,36
1528.6,10
1529.0,1
1529.5,20
1530.1,28
1531.4,23
1533.2,27
1533.5,3
1533.5,26
1534.0,16
1534.0,17
1534.2,8
1534.4,21
1534.4,9
1534.4,32
1535.2,2
1536.3,12
1536.9,6
1536.9,19
1537.4,13
1537.4,34
1537.6,25
1539.8,38
1540.1,1
1540.4,36
1540.4,14
1541.1,18
1541.4,7
1541.9,29
1542.4,23
1542.5,31
1542.7,27
1543.6,17
1544.8,39
1545.1,12
1545.2,20
1545.2,33
1546.5,11
1546.8,32
1547.2,3
1547.3,28
1547.7,24
1547.9,9
1548.7,0
1549.0,10
1549.2,21
1550.2,26
1550.8,22
1551.6,8
1551.9,16
1552.4,14
1553.0,27
1553.1,34
1553.3,29
1553.5,17
1553.9,1
1554.7,23
1555.0,36
1555.3,6
1555.3,13
1555.3,37
1556.2,31
1558.8,20
1559.2,7
1559.3,11
1560.3,4
1561.1,26
1561.5,18
1561.7,38
1561.8,10
1562.2,3
1562.6,24
1564.2,17
1564.4,23
1565.2,32
1565.3,12
1565.4,14
1565.6,28
1566.2,34
1566.9,35
1567.4,8
1568.1,25
1568.3,9
1568.5,13
1568.5,19
1569.1,6
1569.8,21
1570.0,39
1570.2,36
1571.4,20
1571.7,26
1572.1,16
1572.2,29
1572.3,27
1572.4,31
1572.5,11
1572.7,23
1573.3,33
1573.4,3
1573.5,1
1574.0,17
1574.3,7
1574.7,37
1575.4,28
1576.2,38
1576.7,8
1577.2,22
1578.6,10
1580.5,14
1580.6,20
1581.6,12
1581.7,25
1581.7,31
1582.7,23
1582.9,28
1583.5,9
1583.6,18
1584.3,17
1584.6,3
1584.7,19
1585.4,24
1585.5,6
1585.5,21
1586.4,34
1586.9,29
1587.4,27
1588.0,32
1588.1,39
1588.3,36
1589.5,13
1589.9,14
1590.1,10
1590.7,15
1591.7,26
1592.5,1
1593.0,23
1593.3,17
1593.3,31
1593.5,8
1595.4,34
1595.6,3
1595.6,11
1595.9,20
1596.0,37
1596.5,5
1596.8,7
1597.1,38
1597.4,21
1598.0,16
1598.6,12
1598.7,36
1599.0,24
1599.2,28
1599.3,27
1599.6,19
1599.8,0
1600.9,6
1602.6,18
1602.7,26
1602.7,29
1603.3,10
1603.6,14
1603.6,22
1603.8,13
1604.1,8
1604.5,9
1604.5,39
1604.5,25
1604.9,17
1604.9,33
1606.0,32
1606.3,1
1608.1,36
1608.2,4
1608.3,12
1608.3,20
1608.3,21
1608.7,3
1609.3,38
1609.7,35
1609.8,23
1610.0,11
1611.4,27
1611.4,28
1612.5,31
1612.6,6
1612.9,24
1613.1,9
1613.6,16
1614.0,30
1614.1,34
1614.2,14
1614.6,10
1615.7,37
1616.3,29
1616.4,23
1617.4,17
1617.5,18
1617.8,3
1618.0,21
1618.3,7
1621.0,13
1621.3,25
1621.5,36
1621.8,1
1622.1,26
1622.7,20
1623.4,38
1623.5,8
1623.9,12
1624.5,39
1624.8,32
1625.6,28
1627.5,27
1627.8,5
1629.1,22
1629.5,21
1629.9,6
1629.9,17
1630.4,0
1630.4,29
1630.5,19
1630.5,34
1630.6,16
1630.6,31
1630.6,33
1630.7,18
1630.8,3
1630.8,23
1630.9,4
1630.9,38
1631.1,14
1631.2,11
1631.2,37
1631.2,26
1631.4,36
1631.8,20
1631.8,32
1631.8,39
1631.9,12
1632.1,8
1632.7,24
1634.1,9
1634.6,1
1635.3,2
1635.9,7
1637.6,13
1640.1,11
1640.8,34
1641.2,10
1641.5,23
1642.2,31
1642.6,28
1643.3,12
1643.4,14
1643.4,20
1643.5,29
1643.6,17
1643.6,18
1643.8,21
1643.8,27
1644.1,3
1644.2,36
1645.6,8
1646.2,35
1646.3,25
1646.3,39
1646.5,26
1648.9,32
1649.2,7
1649.7,16
1649.8,6
1650.1,13
1650.2,33
1650.5,1
1651.4,12
1652.7,3
1653.2,34
1653.4,20
1654.7,23
1655.2,36
1655.2,37
1655.3,38
1655.6,4
1656.4,19
1656.9,28
1657.1,27
1657.3,24
1657.6,11
1659.1,17
1659.6,14
1659.6,29
1660.9,21
1661.2,9
1661.4,25
1661.8,10
1661.9,31
1662.3,8
1663.3,26
1663.4,32
1663.9,12
1663.9,23
1664.1,18
1664.2,13
1665.7,36
1665.9,3
1666.3,6
1666.3,17
1666.5,27
1667.1,7
1667.2,34
1667.7,22
1668.8,1
1669.8,16
1670.3,20
1670.8,9
1670.9,0
1670.9,29
1671.4,11
1671.4,14
1672.0,28
1672.4,24
1672.6,15
1674.1,19
1674.9,23
1675.7,36
1676.7,26
1676.7,34
1678.1,5
1678.5,10
1678.6,35
1679.1,21
1679.2,3
1679.6,39
1679.8,32
1680.2,12
1680.2,18
1680.2,33
1680.3,38
1680.5,7
1680.8,8
1681.4,25
1682.2,27
1682.6,6
1682.7,17
1683.1,14
1683.4,23
1683.9,20
1684.2,13
1684.2,37
1684.3,28
1685.4,19
1685.6,1
1685.6,29
1686.6,31
1688.2,26
1688.5,12
1689.6,34
1690.1,3
1690.1,36
1690.9,39
1691.5,0
1691.6,11
1692.2,24
1694.6,17
1695.4,20
1695.7,16
1695.7,27
1695.7,22
1695.9,23
1696.3,6
1696.3,21
1696.4,32
1696.6,38
1696.7,8
1696.8,9
1696.9,14
1697.3,13
1697.4,1
1697.4,10
1698.1,29
1698.9,28
1701.0,12
1701.4,26
1701.5,34
1702.0,36
1702.1,7
1702.5,31
1702.6,3
1704.7,17
1704.8,23
1706.5,25
1707.5,9
1707.6,18
1708.1,19
1708.6,5
1709.1,35
1709.1,39
1709.3,13
1709.4,2
1709.7,10
1709.7,11
1709.8,14
1709.9,21
1710.0,16
1710.1,24
1710.4,0
1710.4,36
1710.7,27
1711.0,34
1711.0,38
1711.6,20
1711.9,3
1711.9,6
1711.9,23
1712.0,1
1712.2,8
1712.3,31
1713.1,15
1713.4,17
1715.3,12
1716.2,29
1716.3,21
1717.7,32
1719.4,28
1719.7,22
1721.1,14
1721.2,37
1722.0,39
1722.8,27
1723.1,25
1723.2,23
1723.3,3
1723.9,7
1724.8,20
1724.8,26
1724.9,19
1725.4,31
1725.9,11
1725.9,13
1725.9,4
1726.3,17
1726.6,8
1726.9,24
1727.7,34
1727.8,1
1727.9,38
1729.2,6
1729.4,36
1730.0,21
1730.2,9
1731.7,10
1731.9,29
1732.4,23
1732.8,12
1733.5,3
1733.5,13
1734.3,16
1734.3,30
1734.4,8
1734.9,31
1735.1,32
1736.2,14
1736.5,17
1737.2,22
1737.6,27
1737.6,28
1737.9,20
1739.4,24
1739.9,6
1739.9,18
1740.0,34
1740.8,39
1741.3,19
1742.5,23
1744.0,3
1744.0,36
1745.1,1
1745.1,12
1746.5,7
1747.0,21
1747.3,4
1748.2,13
1748.2,27
1748.3,17
1748.7,20
1748.9,10
1749.9,29
1750.0,35
1750.2,11
1750.3,8
1750.4,14
1750.8,9
1751.2,18
1751.5,16
1751.6,28
1751.8,38
1752.4,31
1752.7,32
1753.0,37
1753.7,23
1754.1,24
1754.2,36
1755.5,26
1756.9,27
1757.1,34
1757.2,0
1758.1,3
1759.2,21
1759.4,39
1760.1,12
1761.0,6
1761.0,19
1761.0,25
1761.2,7
1761.5,13
1761.7,30
1761.8,20
1762.3,9
1762.8,14
1763.0,36
1763.2,1
1763.9,23
1764.2,22
1765.3,31
1765.3,33
1766.0,17
1766.0,29
1766.2,34
1766.3,10
1766.4,4
1766.4,16
1766.9,8
1767.1,28
1768.8,3
1770.4,26
1770.4,27
1771.4,24
1771.6,32
1772.6,12
1773.3,21
1773.4,6
1774.2,14
1774.4,1
1774.4,25
1774.8,37
1775.9,29
1776.5,18
1777.1,36
1777.9,13
1777.9,17
1778.0,8
1778.5,20
1778.6,11
1779.5,34
1779.9,7
1779.9,15
1781.2,23
1781.3,10
1781.9,19
1782.5,3
1783.5,26
1784.0,12
1784.3,38
1784.6,32
1785.3,39
1785.8,6
1786.3,0
1786.3,35
1786.4,20
1786.4,16
1786.4,27
1786.4,28
1787.3,22
1787.4,36
1789.2,24
1790.2,21
1791.0,31
1791.0,37
1791.3,1
1791.3,8
1791.4,23
1791.7,18
1791.9,29
1792.1,14
1792.2,11
1792.6,34
1793.1,17
1793.5,10
1793.6,13
1793.7,9
1794.4,25
1794.6,3
1794.9,7
1794.9,12
1794.9,27
1796.2,16
1797.6,36
1799.0,23
1799.2,31
1799.4,19
1799.9,17
1799.9,39
1800.7,20
1802.5,14
1803.0,2
1803.3,32
1803.4,13
1803.4,24
1803.5,22
1803.5,35
1803.6,16
1804.0,28
1804.1,11
1804.9,6
1806.7,37
1807.0,26
1807.3,27
1807.8,21
1808.1,9
1808.1,18
1808.1,29
1808.5,8
1808.5,10
1808.8,3
1808.9,1
1809.5,34
1809.5,38
1809.8,12
1810.4,23
1813.5,28
1814.1,13
1814.6,36
1815.0,33
1815.2,3
1815.3,20
1815.3,25
1815.8,0
1815.8,14
1815.9,17
1816.4,29
1816.6,7
1817.5,31
1817.7,27
1818.5,4
1818.6,32
1818.7,8
1818.8,39
1819.1,22
1819.7,24
1820.1,6
1821.2,23
1823.2,17
1823.7,35
1823.9,9
1824.2,1
1824.2,34
1824.3,13
1824.3,26
1825.2,2
1825.6,11
1825.7,18
1825.8,21
1826.1,10
1827.4,5
1827.8,20
1828.0,36
1828.0,38
1828.3,3
1829.1,37
1831.3,28
1832.2,12
1832.3,29
1833.0,30
1833.5,14
1833.6,7
1833.8,16
1834.4,24
1834.8,32
1835.0,19
1835.8,31
1836.3,3
1836.3,8
1836.7,21
1836.7,34
1837.1,23
1837.7,27
1838.2,17
1838.3,26
1838.7,25
1838.7,36
1838.7,10
1839.3,13
1839.6,33
1839.7,1
1840.0,12
1840.9,6
1842.5,29
1845.1,14
1845.3,20
1845.5,9
1846.3,15
1846.4,11
1846.4,39
1846.7,27
1847.3,3
1847.8,28
1848.1,32
1848.5,18
1848.8,31
1849.2,23
1849.7,17
1849.9,0
1849.9,26
1850.1,13
1850.5,16
1850.6,34
1850.6,36
1850.9,38
1851.3,4
1852.0,19
1852.6,14
1852.9,21
1853.3,24
1853.4,6
1854.4,7
1855.2,1
1855.3,22
1855.7,20
1855.9,27
1856.8,28
1856.9,35
1857.3,10
1857.7,12
1858.0,8
1859.4,3
1859.7,33
1859.7,37
1860.9,9
1861.0,29
1861.1,25
1861.7,34
1863.1,11
1863.6,17
1864.3,39
1865.1,13
1865.2,23
1865.3,26
1866.0,36
1866.4,20
1866.5,31
1866.7,32
1867.0,5
1867.1,30
1867.8,14
1868.6,21
1869.2,6
1870.0,27
1870.2,19
1870.3,29
1870.4,18
1870.9,38
1871.2,1
1871.6,7
1872.5,10
1874.6,3
1874.9,36
1875.7,9
1875.8,34
1876.0,8
1876.4,22
1876.5,0
1876.8,23
1878.1,6
1878.2,17
1878.2,21
1878.6,12
1879.3,32
1879.5,25
1879.6,16
1880.0,24
1880.2,13
1880.4,20
1880.8,38
1881.2,28
1882.1,31
1882.4,39
1882.5,27
1883.4,1
1883.6,29
1883.8,2
1884.2,11
1884.8,37
1885.2,10
1885.4,26
1886.0,34
1886.4,36
1886.8,17
1888.7,3
1890.6,24
1890.7,23
1890.8,4
1890.8,8
1891.5,20
1892.1,22
1892.2,7
1892.6,14
1892.8,12
1893.0,21
1894.2,13
1895.9,27
1896.1,39
1896.3,32
1896.4,36
1896.5,3
1896.5,28
1897.7,31
1897.9,6
1897.9,15
1897.9,33
1898.1,18
1899.4,29
1899.6,1
1900.1,37
1900.3,38
1901.1,20
1901.2,11
1901.2,10
1901.4,17
1902.0,14
1902.8,23
1903.0,19
1903.1,13
1903.5,26
1904.4,9
1904.4,34
1905.7,3
1907.2,24
1907.3,12
1907.6,8
1907.9,36
1908.2,16
1908.2,31
1908.3,7
1908.5,1
1910.0,28
1910.0,38
1910.3,27
1911.8,29
1912.3,21
1912.4,32
1912.7,6
1912.8,25
1913.3,14
1913.6,35
1913.9,23
1915.1,3
1917.2,17
1917.2,18
1917.2,20
1917.5,26
1917.8,37
1917.9,1
1918.0,27
1918.4,8
1918.8,34
1919.1,12
1919.5,39
1919.6,19
1919.8,11
1920.0,36
1920.2,31
1921.3,10
1921.4,5
1921.9,23
1922.2,9
1922.6,13
1924.4,28
1924.6,32
1924.8,25
1926.2,6
1926.4,3
1927.1,22
1927.9,12
1928.1,21
1928.7,16
1929.1,1
1929.1,20
1929.1,23
1929.7,29
1929.9,0
1929.9,36
1930.1,14
1930.2,8
1930.7,17
1931.6,24
1932.7,30
1932.8,34
1934.6,31
1935.1,19
1935.2,11
1935.4,28
1935.7,7
1936.0,26
1937.2,27
1937.3,9
1937.7,3
1938.0,4
1938.1,6
1938.3,32
1938.8,39
1939.0,18
1939.1,10
1939.2,13
1940.1,23
1940.3,14
1940.6,35
1941.0,20
1941.3,12
1941.6,17
1941.7,8
1941.9,29
1942.2,38
1942.3,21
1943.3,34
1944.6,16
1945.3,31
1945.6,36
1946.4,24
1946.6,1
1947.0,28
1949.3,33
1949.6,23
1950.4,27
1950.4,37
1950.8,9
1951.1,14
1951.4,3
1952.0,7
1952.5,26
1952.7,13
1953.5,8
1954.1,12
1955.6,25
1955.7,36
1956.0,22
1956.2,20
1957.2,32
1957.6,18
1958.0,31
1958.1,34
1958.2,1
1958.2,6
1958.2,39
1958.3,10
1958.6,17
1958.7,0
1959.2,21
1959.7,11
1959.7,16
1960.9,19
1961.4,23
1961.6,28
1963.1,9
1963.3,29
1963.5,14
1963.6,27
1965.6,13
1965.8,3
1967.1,26
1968.6,17
1968.6,18
1968.6,24
1968.8,12
1969.0,15
1969.3,7
1969.6,23
1970.9,16
1970.9,38
1971.0,11
1971.7,34
1972.1,20
1972.1,36
1972.5,28
1972.7,31
1973.4,1
1973.5,6
1973.6,3
1973.8,8
1974.0,21
1974.2,27
1974.3,5
1974.3,32
1974.4,10
1974.9,39
1975.2,25
1975.3,12
1975.3,13
1975.8,14
1976.2,26
1977.2,4
1977.9,23
1978.5,17
1978.5,35
1979.9,19
1980.4,29
1980.5,20
1980.7,3
1981.1,24
1981.6,22
1982.1,37
1982.3,34
1982.5,36
1982.9,1
1983.0,13
1984.8,18
1985.4,23
1986.2,21
1986.3,9
1986.5,7
1986.8,29
1987.5,38
1987.9,14
1988.8,16
1990.4,0
1990.5,11
1990.5,17
1990.6,32
1990.7,12
1990.7,27
1991.0,2
1991.2,10
1991.4,31
1991.9,36
1992.7,20
1992.9,33
1993.7,3
1993.7,8
1994.1,6
1994.2,25
1994.3,28
1994.4,23
1994.4,39
1996.0,26
1996.9,34
1998.6,13
1999.6,9
2000.7,3
2000.8,1
2000.8,12
2000.8,30
2002.0,27
2002.6,14
2002.7,29
2003.4,21
2003.5,19
2003.7,18
2003.8,17
2004.0,36
2004.4,7
2004.5,22
2005.1,10
2005.5,23
2005.7,31
2006.2,32
2006.9,24
2007.7,11
2008.3,28
2008.5,20
2009.1,37
2009.5,16
2009.5,38
2009.6,12
2011.0,13
2011.9,8
2012.4,1
2012.4,3
2013.1,6
2013.1,36
2013.3,26
2013.5,39
2014.3,29
2014.5,27
2015.0,34
2015.1,19
2015.3,4
2016.6,14
2017.3,23
2017.4,20
2017.7,7
2018.1,17
2018.3,13
2018.9,3
2019.6,12
2020.7,5
2021.4,9
2021.6,32
2021.8,21
2022.1,0
2022.6,16
2023.7,25
2024.0,36
2024.3,10
2024.3,26
2024.3,39
2024.5,22
2024.7,14
2024.7,28
2024.7,34
2025.0,8
2025.1,38
2027.5,11
2028.0,29
2028.2,23
2028.2,31
2028.4,33
2029.5,6
2029.6,37
2030.0,17
2030.2,20
2031.5,21
2031.7,32
2032.3,24
2032.7,1
2032.8,27
2032.9,3
2032.9,28
2033.3,13
2034.8,14
2035.0,12
2036.4,34
2038.4,36
2038.7,19
2038.8,30
2039.4,10
2039.5,7
2039.9,29
2039.9,9
2039.9,23
2040.3,27
2040.7,6
2040.7,8
2040.9,11
2041.9,13
2042.0,31
2042.2,39
2043.5,3
2044.0,32
2044.5,28
2044.7,25
2045.4,12
2045.9,21
2045.9,26
2046.3,4
2046.5,14
2046.6,38
2046.7,1
2046.7,17
2046.7,24
2046.9,20
2047.6,16
2048.8,2
2048.9,37
2049.1,34
2049.4,23
2049.6,13
2049.8,36
2052.8,3
2053.8,32
2053.8,39
2053.9,0
2053.9,31
2054.3,18
2054.8,9
2057.5,6
2057.7,27
2058.0,22
2058.1,7
2058.2,17
2058.4,16
2058.8,12
2058.9,11
2059.2,10
2059.2,28
2059.5,35
2059.6,29
2059.9,1
2060.2,23
2060.9,8
2061.1,36
2061.3,21
2061.3,26
2061.6,19
2061.8,13
2062.6,14
2065.1,31
2065.2,34
2065.4,25
2065.5,24
2066.4,37
2066.8,20
2066.9,39
2067.0,3
2067.0,23
2068.5,32
2068.9,12
2070.1,27
2070.6,38
2070.9,9
2072.1,29
2073.0,17
2073.9,1
2074.6,36
2074.8,8
2075.3,13
2075.5,6
2075.5,18
2075.5,25
2075.5,28
2075.8,0
2076.2,14
2076.3,21
2076.5,7
2077.4,26
2077.7,10
2078.1,3
2078.4,16
2078.8,11
2079.6,23
2080.0,34
2080.5,33
2081.1,19
2081.6,38
2083.2,24
2083.6,27
2083.8,13
2083.9,20
2084.2,9
2084.5,12
2084.8,29
2084.8,31
2087.2,8
2087.2,17
2087.6,32
2087.9,28
2087.9,37
2088.0,22
2088.6,3
2089.5,23
2090.0,36
2091.2,34
2091.5,21
2091.6,27
2091.9,1
2092.2,7
2092.5,14
2093.0,39
2094.1,26
2094.5,18
2094.7,30
2096.1,4
2096.7,10
2096.8,29
2097.0,13
2097.1,8
2097.2,5
2097.3,16
2098.2,11
2098.6,25
2098.9,9
2099.0,17
2099.0,38
2099.1,20
2099.4,3
2099.6,6
2099.8,24
2099.8,31
2099.9,33
2101.3,35
2101.8,23
2102.4,19
2102.7,0
2103.0,22
2103.0,28
2103.4,36
2103.6,39
2104.0,1
2104.5,21
2104.9,14
2105.8,27
2106.0,32
2107.6,12
2110.2,10
2110.8,36
2111.1,17
2111.4,18
2111.6,15
2111.9,7
2112.5,26
2112.8,34
2113.3,6
2113.3,29
2113.4,23
2113.5,3
2113.5,13
2113.6,9
2114.0,25
2114.4,21
2114.8,31
2116.7,16
2117.9,27
2119.2,38
2119.2,1
2119.4,8
2119.8,24
2120.4,2
2120.9,37
2121.0,12
2121.3,20
2123.2,32
2123.3,19
2123.8,3
2123.8,13
2124.1,21
2124.2,10
2124.4,14
2124.7,11
2125.3,34
2126.3,23
2126.5,31
2126.6,17
2127.3,35
2127.7,9
2127.8,28
2128.6,6
2128.8,39
2130.5,16
2130.6,22
2130.8,0
2131.0,36
2132.2,29
2132.6,27
2132.8,7
2132.9,26
2133.8,3
2133.8,37
2134.1,20
2134.3,8
2134.9,1
2135.2,4
2135.8,24
2136.9,14
2137.1,12
2137.2,13
2137.2,38
2137.8,23
2138.4,17
2138.8,19
2139.5,36
2139.6,25
2140.9,21
2142.9,28
2143.0,32
2143.3,10
2143.6,9
2143.9,3
2144.2,5
2144.3,18
2144.4,31
2144.6,33
2144.6,34
2144.8,6
2144.8,14
2144.8,39
2145.7,23
2146.0,1
2148.0,17
2149.5,27
2149.7,13
2150.2,16
2150.3,29
2150.4,11
2150.5,22
2150.7,36
2151.0,38
2151.2,12
2152.0,8
2152.1,20
2152.4,24
2152.6,7
2152.9,21
2153.1,0
2154.4,39
2154.7,26
2156.9,23
2157.6,32
2157.9,9
2158.7,10
2158.8,34
2159.0,28
2159.3,14
2159.3,37
2159.5,31
2160.2,3
2160.2,12
2160.2,17
2161.7,25
2161.7,27
2161.9,1
2163.9,0
2164.4,13
2164.7,29
2166.0,34
2166.4,36
2167.0,6
2167.0,18
2167.1,8
2168.0,22
2168.2,17
2168.3,16
2168.4,12
2168.5,3
2168.5,7
2168.6,23
2168.8,11
2169.7,20
2169.9,14
2170.5,19
2170.9,39
2171.2,1
2173.0,35
2173.6,21
2173.7,10
2173.7,28
2173.9,9
2173.9,31
2174.1,26
2174.5,38
2174.7,24
2174.9,30
2174.9,33
2175.1,2
2175.6,19
2175.6,32
2175.8,36
2175.9,37
2177.0,4
2177.9,13
2177.9,17
2178.0,29
2178.2,34
2178.6,14
2179.0,3
2180.2,27
2180.8,23
2181.2,20
2181.3,12
2182.3,8
2183.1,25
2183.4,6
2183.6,28
2184.5,1
2185.0,17
2186.8,32
2187.8,26
2189.0,13
2189.3,39
2189.5,11
2190.1,10
2190.1,24
2190.3,36
2190.4,38
2190.6,18
2190.7,3
2190.7,33
2190.8,29
2190.9,23
2191.0,31
2191.5,21
2191.6,12
2192.7,9
2192.8,14
2193.0,37
2194.5,34
2195.4,7
2195.8,27
2195.9,16
2196.4,17
2196.6,20
2196.7,28
2197.0,33
2197.8,1
2197.9,8
2198.3,29
2198.8,22
2199.6,38
2201.9,39
2202.0,36
2202.4,14
2202.4,31
2202.5,0
2202.8,23
2203.0,19
2203.8,6
2204.4,15
2204.4,21
2204.9,13
2205.6,12
2206.5,10
2207.6,34
2208.4,3
2209.1,9
2209.2,20
2209.5,7
2210.1,17
2211.0,8
2211.2,18
2211.4,29
2211.6,28
2212.4,27
2212.8,11
2212.9,38
2213.3,24
2213.4,35
2213.7,32
2214.8,26
2215.1,36
2215.2,23
2215.4,1
2216.5,22
2216.9,25
2217.5,3
2217.8,16
2218.1,20
2218.9,31
2219.5,4
2219.7,7
2219.7,9
2219.7,18
2219.8,17
2219.8,21
2219.8,30
2220.1,6
2221.1,14
2221.1,39
2221.2,12
2221.3,13
2223.2,34
2223.8,8
2224.9,24
2225.1,27
2225.3,10
2225.3,29
2225.5,1
2225.6,3
2225.9,23
2226.1,38
2226.2,19
2226.2,36
2226.8,37
2227.6,0
2227.8,17
2230.8,32
2231.7,28
2232.4,12
2233.2,16
2234.3,14
2234.4,11
2234.5,20
2235.3,2
2236.6,33
2236.8,23
2237.0,27
2237.6,31
2237.7,9
2237.8,3
2238.4,21
2238.4,34
2238.5,39
2238.7,28
2239.2,6
2239.2,13
2239.3,10
2239.9,8
2240.1,17
2240.1,22
2240.2,7
2240.3,18
2240.3,26
2240.7,19
2240.7,36
2242.0,12
2242.7,1
2243.4,25
2243.6,32
2244.0,37
2244.4,11
2245.9,14
2247.3,20
2247.3,38
2247.4,3
2247.5,29
2247.8,23
2248.6,24
2250.3,8
2250.3,27
2250.6,4
2250.9,28
2251.2,39
2251.5,6
2252.3,0
2252.4,36
2254.9,1
2255.5,18
2255.9,26
2256.0,13
2256.1,12
2256.3,9
2256.4,25
2256.7,21
2257.6,17
2257.9,16
2258.1,14
2258.1,32
2258.4,34
2258.5,3
2259.1,31
2259.5,29
2259.7,11
2259.9,10
2260.8,23
2260.8,27
2261.4,37
2261.5,38
2261.7,20
2262.5,19
2262.9,7
2263.1,13
2263.4,8
2264.2,28
2267.6,36
2267.6,39
2268.4,34
2268.9,17
2269.9,14
2270.3,1
2270.5,12
2271.3,3
2271.9,23
2272.1,29
2272.2,26
2272.6,13
2272.7,4
2272.8,22
2272.8,31
2273.0,32
2273.4,6
2273.7,9
2274.1,21
2274.7,24
2275.3,28
2275.8,35
2276.8,17
2277.6,10
2277.6,27
2277.7,16
2279.1,25
2279.5,33
2280.1,7
2280.2,20
2281.0,39
2281.4,36
2281.5,14
2281.5,18
2282.5,1
2282.6,11
2282.7,31
2282.7,38
2282.8,12
2282.8,19
2282.9,34
2283.1,8
2283.3,32
2283.3,37
2284.3,29
2285.4,23
2285.8,3
2287.8,13
2289.0,28
2289.4,34
2290.5,10
2290.7,6
2290.9,20
2291.3,7
2291.3,17
2291.4,26
2291.8,21
2292.7,22
2293.5,36
2293.6,24
2294.3,1
2294.3,14
2294.5,15
2294.9,9
2295.1,0
2295.1,4
2295.1,27
2295.4,30
2295.5,25
2295.6,23
2296.0,8
2296.6,29
2297.0,31
2297.3,32
2297.3,35
2298.2,3
2299.3,12
2299.3,16
2299.3,17
2299.8,19
2301.2,11
2301.2,18
2301.7,13
2302.4,6
2302.8,38
2302.9,37
2303.8,28
2304.3,34
2304.6,1
2304.8,36
2306.1,20
2307.8,24
2308.2,21
2308.4,23
2308.4,39
2308.7,26
2308.7,32
2309.1,29
2309.2,10
2309.6,3
2309.8,9
2310.5,7
2310.6,8
2310.8,14
2311.1,27
2311.3,33
2311.7,12
2312.3,2
2312.5,34
2312.8,17
2313.1,36
2314.3,20
2315.9,13
2317.8,14
2319.4,23
2319.8,3
2319.9,16
2320.3,28
2320.7,31
2320.8,26
2321.4,11
2321.7,1
2321.7,6
2323.2,12
2323.7,24
2324.0,22
2324.2,29
2324.5,25
2324.6,27
2325.4,17
2325.5,38
2325.6,36
2325.7,18
2326.2,8
2326.2,19
2326.3,14
2326.3,37
2327.0,21
2327.1,23
2327.3,9
2327.3,10
2327.5,20
2327.6,32
2327.8,7
2328.0,28
2328.5,13
2328.6,34
2328.7,39
2329.6,1
2329.7,33
2330.8,31
2330.9,29
2332.5,3
2335.0,16
2335.4,26
2335.5,35
2335.9,27
2336.1,36
2336.6,11
2338.1,34
2338.4,39
2338.7,0
2338.7,12
2339.5,14
2339.8,23
2340.0,6
2340.0,8
2340.6,20
2340.9,17
2341.4,9
2341.6,36
2341.8,3
2341.8,4
2342.2,5
2342.4,28
2342.9,24
2343.6,22
2344.2,1
2344.7,21
2346.2,10
2347.1,16
2347.2,23
2347.8,32
2348.0,29
2348.0,38
2348.5,18
2348.6,25
2350.2,37
2350.6,12
2350.7,13
2350.9,31
2350.9,3
2350.9,19
2351.1,34
2351.3,27
2353.6,7
2353.7,26
2354.1,14
2354.3,28
2354.5,9
2354.7,8
2355.2,36
2355.3,20
2356.0,2
2356.6,6
2357.2,21
2357.6,24
2358.0,23
2358.0,39
2358.4,17
2358.5,11
2359.8,32
2360.5,10
2361.2,1
2362.4,3
2362.8,27
2362.8,31
2363.0,12
2363.0,13
2363.6,15
2363.7,34
2364.6,4
2365.8,16
2365.8,18
2365.9,36
2367.0,14
2367.0,29
2367.1,6
2368.2,26
2368.5,35
2368.8,23
2369.6,17
2369.6,24
2369.6,25
2369.8,38
2370.0,19
2370.2,7
2370.2,20
2370.7,28
2372.6,9
2372.8,36
2373.3,3
2375.3,39
2375.8,12
2375.8,34
2375.9,13
2375.9,37
2376.8,27
2377.0,10
2377.0,22
2377.1,8
2377.2,33
2377.7,29
2378.3,1
2379.5,23
2379.7,31
2380.4,11
2380.4,21
2383.1,32
2384.2,3
2384.3,36
2384.8,16
2384.9,17
2385.3,14
2386.2,20
2386.2,27
2388.4,12
2388.4,13
2388.6,6
2388.8,18
2389.4,5
2389.5,2
2389.5,23
2389.5,26
2389.6,29
2389.8,10
2389.8,24
2389.8,39
2390.2,25
2390.3,34
2391.3,7
2391.4,4
2391.9,1
2391.9,19
2391.9,28
2392.2,8
2392.3,33
2392.4,3
2392.7,21
2393.4,14
2394.1,9
2396.1,35
2396.3,31
2397.2,22
2397.3,11
2397.6,17
2397.8,36
2398.3,12
2398.7,32
2399.0,20
2399.2,24
2399.7,10
2400.1,0
2400.2,38
2400.3,16
2400.9,27
2400.9,37
2401.6,7
2401.6,29
2401.8,1
2401.8,23
2402.0,13
2402.3,26
2403.8,34
2404.7,36
2404.9,6
2406.3,17
2407.1,8
2407.3,3
2408.3,28
2409.1,21
2409.8,23
2409.9,25
2411.1,14
2412.9,12
2412.9,33
2413.1,9
2413.2,29
2413.6,1
2414.0,10
2414.0,27
2414.3,39
2414.9,7
2415.1,26
2415.7,32
2416.9,5
2417.8,22
2417.8,6
2417.8,37
2418.2,3
2418.3,18
2419.0,19
2419.0,20
2419.0,36
2419.4,11
2419.4,13
2419.5,23
2420.0,17
2421.9,24
2422.1,34
2422.4,31
2423.6,21
2424.3,14
2424.5,12
2424.8,8
2425.3,28
2425.3,38
2425.4,10
2425.9,16
2426.8,0
2427.0,25
2428.6,1
2428.9,20
2429.1,27
2430.2,39
2431.2,13
2431.3,36
2432.5,7
2432.7,6
2432.9,29
2433.2,23
2434.1,3
2434.1,17
2434.7,26
2435.1,32
2435.9,37
2436.1,31
2436.1,4
2437.6,18
2437.8,34
2438.1,9
2438.3,38
2438.5,12
2438.6,1
2439.1,35
2439.3,21
2440.1,10
2440.2,14
2440.3,8
2441.0,24
2442.2,36
2443.6,6
2444.5,19
2445.4,39
2445.6,27
2445.7,13
2446.0,3
2446.8,17
2446.9,33
2447.0,20
2447.1,0
2447.1,28
2447.5,25
2448.6,31
2449.7,14
2450.0,16
2450.0,32
2450.2,23
2450.9,35
2451.2,22
2451.5,34
2451.9,12
2452.0,24
2452.6,29
2452.7,7
2453.0,9
2453.2,21
2453.8,26
2455.1,1
2455.8,5
2455.8,13
2456.7,17
2456.7,37
2456.9,36
2457.1,27
2457.6,3
2457.9,14
2458.0,10
2458.6,38
2459.4,23
2460.4,20
2460.8,12
2460.9,29
2462.0,4
2462.7,11
2463.7,31
2463.9,24
2464.2,8
2464.6,6
2465.4,26
2465.8,34
2466.2,32
2467.5,27
2467.9,28
2468.1,9
2468.7,21
2468.9,25
2469.0,3
2469.0,18
2469.7,13
2469.8,39
2470.2,36
2470.4,7
2470.8,23
2472.5,17
2472.8,20
2473.1,10
2473.1,19
2473.2,1
2473.6,22
2474.7,16
2475.0,29
2476.3,38
2476.4,12
2477.2,31
2477.2,35
2477.7,9
2478.9,11
2479.4,6
2480.0,14
2480.2,3
2480.2,26
2480.3,24
2480.5,36
2480.7,34
2481.0,28
2481.4,21
2481.6,27
2482.0,2
2482.6,8
2482.8,17
2482.8,32
2484.7,1
2484.7,37
2485.5,23
2486.1,12
2486.1,13
2486.3,20
2486.4,7
2486.4,4
2487.9,25
2488.7,36
2490.4,31
2491.3,11
2491.7,18
2492.1,39
2492.9,29
2493.0,27
2493.8,3
2493.8,10
2494.0,13
2494.2,17
2494.5,21
2494.7,15
2494.9,28
2495.3,24
2495.4,9
2495.6,34
2495.7,8
2495.7,12
2496.3,0
2496.3,14
2496.3,23
2496.7,6
2497.0,32
2498.0,26
2498.2,35
2498.8,36
2499.5,38
2500.0,19
2500.1,16
2501.8,20
2502.6,25
2503.8,13
2503.9,23
2505.1,22
2506.6,8
2506.8,18
2506.9,27
2507.1,3
2507.1,14
2507.1,17
2507.2,12
2507.2,31
2507.3,11
2507.7,1
2507.9,6
2507.9,4
2508.5,7
2508.5,21
2508.7,10
2508.9,36
2509.5,39
2509.8,37
2511.9,26
2512.2,29
2512.8,34
2513.0,23
2513.3,9
2513.7,20
2514.6,13
2515.0,24
2515.9,1
2516.0,32
2516.1,19
2516.9,12
2517.2,3
2517.6,28
2518.4,10
2518.5,17
2518.6,0
2520.7,16
2521.0,23
2521.3,6
2521.4,36
2522.5,27
2523.4,21
2523.7,8
2524.3,14
2525.9,7
2526.1,31
2526.4,26
2526.6,12
2526.8,18
2527.2,20
2527.5,39
2527.6,32
2528.3,13
2529.0,28
2529.0,33
2529.2,15
2529.4,34
2529.5,38
2529.8,29
2530.1,23
2530.4,9
2530.4,11
2530.6,3
2530.6,35
2531.1,36
2532.0,17
2533.4,24
2533.6,1
2534.3,25
2534.3,27
2534.4,10
2534.5,21
2534.8,14
2535.6,2
2535.7,19
2536.0,22
2536.4,37
2536.9,8
2537.1,13
2537.5,3
2538.9,36
2539.0,23
2540.7,20
2541.1,29
2541.3,12
2541.5,6
2541.6,9
2541.7,26
2542.6,31
2542.6,32
2543.4,17
2544.1,34
2545.5,4
2545.7,7
2546.0,11
2546.6,28
2547.3,16
2547.4,1
2547.5,19
2547.8,3
2547.8,20
2547.8,39
2547.9,10
2548.5,23
2548.7,27
2549.1,14
2550.6,36
2550.8,8
2551.0,21
2551.0,35
2551.6,12
2551.8,24
2552.3,0
2552.6,18
2552.7,38
2553.5,6
2555.2,25
2555.6,22
2556.4,13
2556.4,27
2556.6,9
2556.6,29
2556.9,23
2558.0,20
2558.5,16
2558.6,34
2558.7,17
2558.7,26
2559.4,14
2559.9,36
2560.2,1
2561.8,19
2561.8,28
2562.1,12
2562.6,24
2563.0,32
2563.6,7
2563.6,21
2563.7,3
2564.8,8
2564.9,39
2564.9,11
2565.4,30
2566.3,15
2566.3,23
2566.8,14
2566.9,27
2569.9,13
2570.2,17
2570.8,37
2571.0,31
2571.3,16
2571.4,20
2572.0,10
2572.1,18
2572.7,38
2573.0,28
2573.0,34
2573.3,36
2574.5,12
2575.0,3
2575.5,1
2576.3,9
2576.7,29
2578.1,6
2578.6,14
2578.6,17
2578.6,21
2578.8,23
2579.8,0
2580.2,4
2580.8,26
2581.0,19
2581.5,8
2582.1,7
2582.9,13
2583.0,27
2583.4,24
2585.0,28
2585.2,32
2585.5,36
2586.0,20
2586.1,39
2586.2,34
2586.4,3
2586.5,2
2586.7,37
2586.9,35
2587.7,11
2587.9,18
2588.3,31
2588.6,14
2589.6,17
2589.6,23
2590.2,16
2591.4,22
2592.9,9
2593.0,12
2593.6,10
2593.7,21
2594.1,6
2594.6,38
2594.8,27
2595.0,1
2595.1,13
2595.4,33
2595.7,20
2596.9,8
2597.5,23
2598.4,3
2598.6,29
2598.7,36
2598.8,25
2598.8,28
2600.1,34
2600.8,24
2601.1,7
2602.2,14
2602.7,16
2602.9,26
2603.2,18
2603.4,17
2603.4,31
2604.3,19
2604.9,39
2605.0,0
2605.1,37
2605.2,32
2606.4,27
2606.6,13
2607.9,23
2608.2,36
2608.5,3
2609.8,9
2610.6,6
2610.6,8
2610.8,22
2610.9,28
2611.1,34
2612.5,20
2612.5,21
2612.9,1
2613.1,11
2613.3,12
2614.8,10
2615.2,32
2615.4,14
2616.4,25
2617.5,23
2617.5,29
2617.9,5
2618.2,17
2618.3,18
2618.5,31
2620.2,27
2620.4,4
2620.5,24
2620.5,36
2620.6,38
2620.7,3
2620.7,13
2622.8,12
2623.5,1
2623.5,14
2623.8,19
2623.8,34
2624.0,9
2624.1,20
2624.1,39
2624.2,26
2624.4,28
2624.6,21
2625.0,7
2625.7,23
2626.3,6
2626.6,16
2627.1,18
2627.2,8
2627.9,29
2628.8,31
2630.0,32
2630.5,33
2631.4,12
2631.9,35
2632.3,36
2632.5,37
2632.9,3
2633.2,17
2633.5,11
2634.2,13
2634.2,19
2634.4,10
2634.7,34
2634.9,39
2635.1,14
2635.4,23
2636.5,38
2636.9,29
2637.0,27
2638.4,22
2638.4,28
2639.6,31
2640.1,20
2640.2,21
2641.4,36
2641.5,9
2641.8,4
2642.6,25
2643.6,8
2644.0,1
2645.3,13
2645.5,12
2645.5,23
2646.8,3
2646.8,17
2647.3,24
2647.3,37
2647.8,34
2647.9,27
2649.0,29
2649.2,6
2649.2,7
2649.5,26
2649.7,39
2650.1,32
2650.2,0
2650.5,38
2650.7,14
2651.1,35
2651.2,10
2651.2,18
2651.4,36
2653.2,20
2653.8,21
2654.0,16
2654.1,28
2654.3,1
2656.8,13
2657.3,11
2657.3,23
2657.3,31
2657.9,17
2659.1,39
2659.4,12
2659.5,22
2659.5,27
2661.0,3
2661.7,8
2661.7,34
2661.9,10
2661.9,15
2662.3,5
2663.2,9
2664.0,19
2664.8,26
2664.9,4
2665.9,20
2666.3,29
2667.0,6
2667.1,36
2667.3,18
2667.8,25
2668.0,7
2668.0,21
2668.2,23
2668.4,16
2668.9,32
2669.2,17
2669.3,3
2669.3,24
2669.5,1
2669.5,13
2669.9,14
2671.0,34
2671.6,27
2674.1,28
2674.5,6
2675.3,12
2675.4,8
2676.0,38
2676.3,32
2676.4,39
2676.7,0
2678.0,11
2678.1,29
2679.0,24
2679.1,36
2679.9,31
2680.0,1
2680.0,35
2680.0,22
2680.2,23
2680.5,33
2680.8,21
2681.1,17
2681.2,13
2681.5,34
2681.6,10
2681.6,27
2681.7,3
2681.9,20
2682.4,26
2683.2,14
2683.7,9
2684.4,37
2686.0,16
2686.8,12
2687.0,36
2687.1,29
2688.0,7
2688.4,19
2688.7,8
2689.2,18
2689.3,23
2689.3,24
2690.8,10
2690.8,27
2691.2,32
2692.4,4
2692.7,28
2692.9,6
2692.9,20
2693.4,13
2693.9,38
2694.1,31
2694.5,25
2694.5,34
2694.9,21
2695.2,3
2695.2,17
2695.3,14
2695.6,29
2695.7,23
2695.8,2
2695.8,33
2695.9,11
2696.0,35
2696.2,7
2697.4,8
2697.4,39
2698.2,26
2699.3,9
2699.3,16
2701.9,12
2702.3,18
2702.5,36
2702.9,13
2703.1,24
2703.5,1
2703.5,28
2703.6,3
2704.1,0
2704.1,22
2708.1,11
2708.2,17
2708.4,29
2708.5,34
2709.2,23
2710.9,14
2711.1,25
2711.7,27
2712.4,12
2712.4,32
2712.5,13
2713.2,36
2714.9,21
2715.1,39
2715.2,24
2715.8,28
2715.9,10
2716.0,31
2716.1,23
2716.2,7
2716.2,20
2716.5,8
2716.6,19
2716.6,37
2716.7,6
2716.7,38
2716.8,3
2717.4,14
2718.5,1
2721.3,16
2722.3,34
2722.9,17
2723.4,36
2723.6,29
2723.9,11
2724.9,9
2725.4,26
2726.2,6
2726.2,23
2726.4,24
2726.4,27
2726.7,32
2727.4,4
2727.6,12
2727.6,18
2727.8,8
2728.2,22
2728.4,35
2729.0,7
2729.1,13
2730.1,0
2730.2,3
2730.8,20
2731.0,14
2731.1,28
2731.6,17
2731.9,1
2732.0,21
2733.5,37
2733.9,31
2734.4,10
2734.4,16
2734.5,19
2735.8,23
2736.3,30
2736.8,39
2736.9,36
2737.4,34
2737.7,27
2738.6,32
2738.8,29
2739.6,25
2740.0,26
2740.6,2
2740.9,13
2741.2,6
2741.3,5
2741.5,17
2742.7,38
2743.9,39
2744.0,12
2744.2,20
2744.4,9
2744.5,21
2744.8,36
2745.1,14
2745.3,11
2745.4,24
2746.0,10
2746.1,8
2747.0,18
2747.1,3
2747.9,37
2748.0,34
2748.2,15
2748.4,7
2748.5,33
2748.6,19
2748.6,23
2749.6,28
2750.1,29
2751.8,20
2752.2,6
2752.7,0
2752.7,12
2752.9,16
2753.1,27
2753.3,14
2753.8,17
2754.1,32
2754.9,13
2755.1,1
2756.1,10
2756.2,31
2756.9,3
2757.1,25
2758.2,7
2759.5,35
2760.1,26
2761.2,36
2761.6,9
2761.7,8
2762.0,12
2762.0,18
2762.5,14
2762.5,23
2762.8,24
2762.9,17
2763.5,37
2764.6,11
2764.6,39
2765.0,21
2766.1,20
2766.8,34
2767.4,19
2767.8,0
2767.9,22
2768.0,27
2768.2,31
2768.3,3
2768.6,28
2769.5,16
2769.8,38
2770.5,4
2770.6,10
2770.7,13
2772.9,25
2772.9,29
2772.9,32
2773.0,23
2775.3,20
2775.5,12
2775.5,21
2775.7,1
2776.2,17
2776.8,9
2776.8,36
2777.0,14
2777.1,6
2777.1,34
2777.7,3
2777.7,26
2781.5,11
2782.2,7
2782.8,12
2782.8,37
2783.2,27
2783.7,24
2784.1,36
2784.5,32
2785.0,13
2785.2,19
2785.2,20
2785.4,39
2785.9,8
2785.9,21
2785.9,33
2786.0,25
2786.1,18
2786.1,23
2786.3,3
2787.6,1
2787.7,28
2787.7,35
2789.0,17
2789.2,14
2789.4,38
2789.5,26
2789.7,10
2789.8,0
2790.5,27
2790.9,9
2791.3,29
2791.3,34
2791.8,31
2792.6,23
2794.0,16
2794.1,3
2794.1,11
2796.2,4
2796.5,20
2796.9,36
2797.3,7
2797.3,12
2797.4,21
2797.6,24
2798.1,39
2798.6,13
2798.6,32
2798.8,6
2799.1,22
2799.5,14
2799.6,8
2800.5,37
2801.9,3
2802.4,25
2803.2,28
2804.3,38
2804.6,34
2805.0,1
2805.7,19
2805.8,23
2806.3,29
2807.1,9
2807.9,17
2808.1,18
2808.2,12
2808.2,11
2808.5,27
2808.8,32
2809.1,15
2809.3,10
2809.4,36
2809.5,3
2810.6,14
2810.9,6
2812.8,20
2813.4,23
2813.5,4
2813.5,34
2814.0,31
2815.1,2
2815.8,16
2816.5,17
2816.7,8
2817.2,13
2817.5,24
2817.8,39
2818.6,21
2819.7,1
2820.3,25
2820.4,36
2821.0,26
2821.3,14
2822.2,7
2822.5,28
2822.7,38
2822.8,29
2823.1,18
2823.2,9
2823.4,23
2823.6,32
2823.8,34
2825.9,20
2827.0,3
2827.1,12
2827.1,27
2827.5,0
2828.4,17
2828.5,10
2828.8,11
2829.0,37
2829.8,13
2830.1,36
2830.9,31
2831.6,9
2831.7,14
2832.3,16
2833.7,24
2833.8,4
2834.1,1
2834.4,6
2836.2,8
2836.3,23
2836.7,21
2837.4,22
2837.4,39
2838.1,33
2838.2,28
2838.3,29
2838.4,17
2838.6,32
2838.7,5
2838.7,19
2838.7,34
2838.9,7
2839.0,30
2839.1,26
2839.3,36
2839.5,35
2840.6,20
2841.3,13
2841.4,3
2841.6,10
2841.9,12
2843.1,14
2845.3,23
2845.3,27
2845.7,31
2846.0,1
2846.7,25
2847.8,16
2848.2,38
2849.1,0
2849.6,28
2850.4,3
2850.5,36
2851.5,29
2851.6,24
2852.0,37
2852.7,18
2853.0,17
2853.1,9
2853.2,6
2853.4,34
2853.5,19
2854.5,27
2855.1,8
2855.5,14
2855.5,39
2855.7,32
2855.8,7
2857.4,10
2857.4,23
2857.6,12
2857.7,13
2857.9,11
2858.8,20
2858.8,22
2859.7,26
2860.2,21
2860.5,34
2860.5,38
2861.8,3
2862.7,28
2863.5,24
2863.7,31
2863.8,35
2863.8,36
2864.9,29
2865.1,9
2865.6,1
2867.2,6
2867.4,14
2867.5,12
2868.4,13
2868.7,17
2869.2,23
2870.2,19
2870.3,7
2871.0,8
2871.0,20
2871.9,37
2872.2,21
2872.9,3
2873.0,25
2873.0,32
2873.2,31
2873.6,27
2874.6,16
2875.3,9
2876.8,18
2877.4,34
2877.6,14
2877.6,29
2879.2,0
2879.5,1
2879.6,10
2879.7,36
2879.8,24
2880.7,28
2880.8,13
2881.4,23
2881.4,38
2881.8,12
2881.8,21
2882.2,16
2882.3,4
2882.8,3
2882.9,17
2883.4,25
2884.2,5
2884.2,11
2884.7,26
2884.7,39
2886.1,27
2886.2,6
2886.8,7
2888.2,8
2888.5,15
2888.5,32
2888.7,20
2888.9,10
2889.0,34
2889.3,14
2889.3,19
2889.6,29
2890.0,36
2890.2,31
2891.5,33
2892.2,17
2892.8,22
2892.9,35
2893.6,23
2894.1,12
2894.3,3
2895.0,13
2896.4,9
2896.4,18
2896.8,24
2896.9,6
2897.5,11
2897.8,21
2898.2,7
2898.3,38
2898.5,26
2898.8,16
2899.0,32
2899.0,39
2899.1,28
2899.2,1
2899.7,36
2901.2,34
2902.5,20
2902.5,37
2903.3,17
2904.0,0
2904.0,12
2904.0,23
2904.6,14
2905.2,27
2905.6,22
2905.6,29
2906.2,8
2906.2,13
2906.6,25
2906.7,7
2906.7,38
2906.8,6
2906.9,31
2907.3,5
2908.1,3
2908.2,4
2908.6,10
2910.2,32
2910.6,21
2911.0,19
2911.9,28
2911.9,24
2912.4,1
2912.7,11
2912.8,36
2913.9,34
2914.0,16
2914.4,23
2914.5,9
2915.1,12
2915.8,7
2916.0,20
2917.0,13
2917.1,6
2917.2,14
2917.5,25
2917.8,39
2918.6,26
2918.7,18
2918.9,17
2920.4,3
2921.9,10
2922.6,21
2922.7,8
2923.0,2
2923.4,38
2923.9,27
2924.3,36
2924.4,1
2924.4,12
2924.9,28
2925.1,29
2925.2,37
2925.4,31
2926.0,13
2926.0,23
2926.4,11
2926.6,39
2927.7,24
2928.1,32
2929.1,19
2929.2,34
2929.6,20
2930.4,14
2931.4,22
2931.5,4
2931.5,17
2932.8,25
2933.1,7
2933.7,36
2933.8,6
2933.8,27
2934.2,9
2934.7,16
2935.2,21
2935.3,3
2935.6,1
2936.7,8
2936.8,23
2937.2,18
2937.4,26
2939.3,20
2939.5,14
2939.8,17
2941.0,12
2941.3,34
2941.4,24
2941.9,13
2942.1,39
2942.4,0
2942.5,28
2944.4,35
2944.5,31
2945.4,8
2945.4,10
2945.6,1
2945.7,9
2945.7,29
2946.0,11
2946.0,32
2946.3,36
2946.7,23
2947.3,19
2947.4,7
2948.6,38
2949.1,3
2950.3,27
2950.8,16
2951.2,13
2951.5,17
2952.3,14
2953.9,39
2954.1,20
2954.1,22
2954.1,37
2954.7,6
2954.7,10
2955.2,34
2955.4,25
2955.4,28
2955.7,12
2955.9,21
2956.7,1
2956.9,18
2957.0,33
2957.1,36
2957.8,29
2958.0,26
2958.2,31
2958.2,23
2958.4,8
2958.7,3
2959.7,24
2962.8,9
2962.9,7
2963.5,14
2963.9,17
2963.9,32
2964.2,19
2964.2,27
2964.8,13
2964.9,4
2965.6,11
2965.8,0
2966.5,35
2966.7,1
2966.8,28
2968.7,3
2968.8,23
2969.1,36
2969.8,31
2970.2,10
2970.4,16
2970.4,29
2970.5,6
2970.9,12
2971.2,34
2971.9,20
2972.5,14
2972.7,17
2973.1,37
2973.6,38
2973.7,26
2975.0,21
2976.2,25
2976.5,27
2977.4,24
2977.8,0
2978.3,22
2978.4,13
2978.6,5
2979.2,23
2979.6,1
2979.9,33
2980.1,17
2980.1,36
2980.3,8
2980.3,39
2981.7,29
2982.0,9
2982.3,3
2982.8,14
2982.8,19
2982.9,28
2983.3,32
2984.4,20
2984.5,16
2985.8,11
2986.4,34
2987.7,13
2987.7,21
2987.8,26
2988.1,10
2988.4,18
2988.6,6
2988.8,36
2989.2,12
2990.4,27
2991.2,23
2991.2,39
2991.7,38
2992.3,17
2993.1,1
2993.7,14
2993.8,3
2994.1,31
2994.4,24
2994.4,32
2994.5,28
2994.9,7
2995.0,29
2995.3,20
2995.6,34
2995.7,25
2995.9,33
2996.3,19
2996.5,2
2998.9,4
2999.5,8
3000.1,22
3000.2,36
3000.3,23
3000.3,35
3000.6,11
3000.8,10
3001.0,13
3001.1,3
3001.2,15
3001.4,27
3001.7,12
3002.2,16
3002.4,18
3002.8,37
3002.9,20
3003.2,24
3003.9,39
3004.5,17
3004.7,26
3005.6,21
3005.7,6
3006.8,28
3006.9,38
3007.0,34
3007.9,31
3008.4,29
3009.8,9
3010.1,1
3010.1,14
3010.5,36
3012.0,23
3012.5,32
3014.4,17
3015.0,27
3015.1,3
3015.1,7
3015.7,8
3016.2,21
3016.8,12
3017.3,24
3017.6,13
3017.7,26
3019.1,18
3019.3,20
3019.3,37
3019.4,0
3020.0,14
3020.0,36
3021.3,16
3021.6,4
3022.4,5
3022.6,29
3022.7,23
3022.8,6
3022.8,33
3023.9,11
3024.0,34
3024.3,3
3024.3,39
3024.9,9
3025.0,10
3025.2,24
3025.3,12
3025.3,19
3025.4,22
3025.8,2
3026.0,31
3026.2,17
3027.1,1
3027.1,15
3027.1,28
3027.4,8
3028.2,32
3029.4,27
3030.5,13
3030.8,21
3031.0,38
3031.4,7
3031.5,36
3031.6,10
3031.7,14
3032.0,20
3032.1,37
3033.2,25
3033.5,34
3035.0,23
3035.8,12
3036.2,26
3036.3,17
3037.8,20
3038.1,39
3038.2,6
3039.2,3
3039.2,24
3039.5,28
3041.1,8
3041.3,18
3041.7,11
3042.0,1
3043.6,31
3043.9,27
3044.2,29
3044.8,13
3044.8,36
3045.0,32
3045.2,23
3045.3,14
3046.4,9
3046.5,35
3046.8,3
3047.1,10
3047.2,19
3047.3,12
3047.4,16
3048.3,20
3048.5,5
3048.8,34
3049.1,30
3049.7,24
3050.9,0
3051.6,17
3051.9,26
3052.5,1
3053.1,38
3053.2,4
3053.9,25
3054.7,37
3055.0,6
3055.9,23
3056.0,18
3056.1,14
3056.7,29
3057.0,21
3057.0,27
3057.2,31
3057.5,7
3058.2,11
3058.8,32
3059.0,36
3059.1,28
3059.2,3
3059.8,8
3059.8,39
3059.9,12
3061.1,13
3061.2,9
3061.5,24
3061.7,10
3062.3,34
3063.7,27
3064.5,20
3064.9,21
3066.0,17
3066.6,19
3068.0,1
3068.3,26
3068.7,23
3068.9,22
3069.4,3
3069.5,7
3070.0,12
3070.4,14
3070.7,25
3070.7,38
3070.8,31
3071.0,32
3071.0,18
3071.4,16
3071.5,29
3071.8,28
3071.9,8
3072.6,33
3072.7,36
3072.9,21
3075.0,37
3075.2,6
3075.3,13
3075.5,34
3076.3,11
3076.9,30
3078.3,17
3078.5,4
3078.8,20
3078.9,0
3079.2,1
3080.3,39
3082.5,24
3082.6,14
3082.6,23
3082.6,28
3083.0,12
3083.5,8
3083.6,19
3083.9,13
3084.0,9
3084.0,18
3084.1,27
3084.1,36
3085.0,32
3085.0,34
3085.1,26
3085.2,6
3085.2,29
3085.5,10
3085.6,3
3088.5,1
3089.7,7
3090.8,16
3091.1,33
3091.4,20
3091.6,14
3091.9,23
3091.9,31
3092.0,21
3092.0,25
3092.1,5
3092.7,34
3092.9,17
3093.1,37
3093.6,27
3093.9,39
3094.1,9
3094.1,22
3095.8,8
3097.0,3
3098.6,12
3100.1,11
3100.7,20
3100.9,36
3101.1,6
3101.1,13
3101.7,30
3101.7,35
3102.2,16
3102.4,25
3102.4,26
3102.4,18
3102.8,29
3103.0,37
3103.0,28
3104.5,10
3105.2,38
3105.6,23
3105.6,27
3105.6,32
3106.0,34
3107.0,14
3108.1,0
3108.2,17
3109.9,31
3110.1,1
3110.1,24
3110.8,21
3111.4,36
3111.7,2
3111.8,19
3111.9,3
3111.9,7
3112.3,13
3112.9,8
3113.3,12
3113.4,29
3114.0,39
3115.1,32
3116.9,9
3116.9,23
3117.9,10
3118.7,4
3118.8,25
3119.2,20
3120.3,18
3121.6,6
3122.0,17
3122.1,3
3122.2,24
3122.3,27
3122.9,38
3123.1,37
3123.4,26
3123.5,1
3124.2,16
3124.6,28
3124.6,34
3124.7,39
3125.3,36
3125.5,7
3125.5,14
3125.5,15
3126.8,29
3127.7,13
3127.8,21
3130.5,11
3131.1,12
3131.3,9
3131.6,22
3132.0,31
3132.1,8
3132.1,25
3132.4,17
3132.9,20
3133.2,28
3133.5,36
3133.5,34
3133.9,23
3134.1,1
3134.1,32
3134.5,3
3134.5,19
3135.1,4
3135.3,13
3135.6,26
3136.0,10
3137.1,14
3140.1,7
3140.5,18
3141.0,0
3141.0,6
3141.0,16
3141.1,24
3141.2,12
3141.3,29
3141.3,35
3142.0,39
3142.6,27
3143.3,21
3143.4,23
3143.4,37
3143.6,9
3144.6,36
3144.8,31
3145.7,17
3147.4,1
3147.4,34
3147.5,11
3147.6,3
3148.0,20
3148.1,38
3148.5,2
3148.7,26
3149.0,13
3149.0,32
3149.4,14
3150.1,7
3150.4,4
3151.0,28
3151.6,8
3151.6,12
3151.7,15
3152.4,10
3153.1,27
3153.7,0
3154.9,19
3155.2,23
3155.2,34
3155.9,29
3156.5,36
3156.8,25
3157.1,13
3157.3,30
3157.7,1
3157.9,21
3158.2,22
3159.6,26
3159.7,3
3160.0,31
3160.4,24
3161.2,6
3161.2,17
3162.0,28
3162.5,16
3162.5,20
3162.9,27
3163.2,14
3163.7,9
3163.8,11
3164.3,12
3165.4,10
3165.9,8
3166.1,39
3167.1,36
3167.4,7
3167.8,23
3168.4,35
3168.6,13
3168.7,32
3169.1,3
3169.9,18
3169.9,21
3170.5,22
3171.0,37
3172.1,38
3173.1,1
3173.9,29
3174.3,27
3174.8,34
3174.9,8
3175.8,33
3176.3,26
3177.5,14
3177.6,19
3178.3,20
3178.4,28
3178.5,17
3178.6,12
3179.2,6
3180.1,23
3180.6,25
3180.6,36
3180.9,3
3181.2,13
3181.4,39
3181.6,9
3181.7,7
3182.1,16
3182.2,24
3182.3,4
3183.0,11
3183.0,18
3183.2,31
3184.6,34
3184.7,32
3185.1,21
3185.8,29
3186.4,6
3186.4,20
3186.8,10
3187.5,1
3187.7,14
3188.0,19
3188.8,17
3189.0,27
3190.6,37
3191.1,8
3191.5,26
3191.7,12
3192.0,23
3193.0,35
3193.1,36
3193.2,28
3194.3,3
3194.4,9
3194.8,5
3195.0,38
3195.3,13
3195.4,18
3195.6,0
3196.0,22
3197.3,34
3197.3,39
3197.6,14
3197.8,20
3199.3,36
3199.8,1
3199.8,24
3201.5,21
3201.7,17
3201.9,31
3201.9,23
3202.1,11
3202.4,29
3202.7,6
3202.7,25
3203.2,12
3203.6,27
3203.7,8
3203.8,32
3204.0,16
3204.0,10
3204.4,3
3204.7,9
3205.3,4
3207.0,14
3207.6,7
3207.9,13
3208.5,34
3208.7,19
3209.9,28
3210.3,39
3210.7,37
3211.5,36
3212.5,26
3212.8,17
3213.3,29
3214.0,1
3214.6,23
3215.4,27
3215.6,32
3216.6,12
3217.0,13
3217.1,33
3217.3,9
3217.3,14
3217.7,8
3218.1,10
3218.2,38
3218.4,3
3221.5,21
3223.1,11
3223.1,23
3223.4,34
3223.5,24
3224.3,16
3225.0,0
3225.3,6
3225.3,31
3225.8,20
3227.3,4
3227.4,30
3227.6,36
3227.8,3
3228.4,7
3228.4,25
3228.5,29
3229.1,1
3229.1,28
3229.6,17
3229.9,39
3230.1,37
3230.2,27
3230.3,32
3230.4,18
3231.2,2
3231.3,13
3231.6,31
3232.5,16
3232.6,24
3233.8,23
3234.0,12
3234.4,19
3235.0,6
3235.2,38
3236.3,34
3236.8,8
3236.8,10
3237.0,14
3237.2,35
3237.3,15
3237.4,21
3237.5,22
3237.8,5
3237.9,7
3238.0,9
3238.1,36
3238.3,20
3238.6,17
3238.7,11
3238.9,3
3240.5,26
3241.4,23
3243.5,37
3243.6,39
3244.2,28
3244.2,32
3244.7,13
3245.0,29
3245.1,27
3245.7,18
3247.1,1
3247.2,3
3247.2,36
3247.4,8
3247.7,24
3247.8,14
3247.9,19
3248.6,12
3249.2,6
3249.7,17
3249.9,25
3250.1,31
3250.3,23
3250.5,33
3251.0,34
3251.5,9
3251.5,20
3251.7,16
3251.8,35
3252.4,0
3252.4,26
3254.6,21
3255.2,27
3255.6,18
3255.8,10
3256.4,28
3257.0,13
3257.9,14
3257.9,32
3257.9,36
3258.7,3
3258.8,12
3259.6,1
3260.1,17
3261.4,31
3261.5,39
3261.6,7
3261.7,29
3263.2,8
3263.3,38
3263.4,20
3263.4,25
3263.6,10
3263.6,23
3263.7,13
3263.8,9
3264.6,6
3265.5,26
3265.5,3
3265.5,24
3266.1,37
3266.2,18
3266.5,35
3266.8,16
3268.2,11
3268.2,21
3268.5,19
3268.8,1
3269.9,22
3270.1,5
3270.4,28
3270.4,23
3270.7,14
3271.6,12
3272.8,36
3273.0,27
3273.2,4
3273.5,32
3273.5,34
3273.9,17
3274.4,8
3274.8,3
3274.8,9
3275.1,18
3276.5,25
3276.5,29
3276.6,6
3276.6,13
3276.8,38
3277.7,20
3278.1,7
3278.3,31
3279.8,10
3279.8,39
3279.9,14
3281.9,16
3281.9,26
3282.4,34
3282.9,11
3282.9,19
3283.7,36
3283.8,2
3284.1,30
3284.3,37
3284.4,12
3284.4,23
3284.4,35
3284.7,27
3285.0,3
3285.0,17
3285.2,31
3285.7,1
3285.8,8
3289.0,28
3290.0,29
3290.2,20
3290.3,21
3290.5,9
3290.8,18
3291.0,27
3291.2,22
3291.2,24
3291.2,32
3291.5,25
3291.7,13
3294.7,3
3294.9,14
3294.9,23
3295.0,33
3295.7,12
3295.9,26
3296.9,39
3297.3,10
3298.5,38
3298.7,6
3298.8,36
3299.0,20
3299.0,31
3299.1,27
3300.3,13
3301.8,17
3302.5,8
3302.9,21
3303.2,4
3303.3,23
3303.6,7
3303.8,9
3303.8,29
3304.4,34
3304.8,18
3305.2,14
3305.6,3
3306.2,28
3306.9,1
3307.0,12
3307.1,32
3307.5,26
3307.7,36
3308.1,22
3308.7,24
3310.7,20
3310.9,19
3311.5,0
3311.7,35
3311.7,37
3311.8,11
3311.9,8
3312.3,16
3312.8,13
3315.6,17
3316.5,36
3316.7,25
3316.8,18
3317.1,6
3317.4,23
3317.6,31
3317.7,14
3318.0,3
3318.2,29
3318.4,39
3318.8,27
3318.9,9
3318.9,38
3319.2,10
3319.4,28
3319.6,34
3322.7,1
3322.7,12
3323.1,22
3323.4,7
3323.6,21
3323.9,13
3324.1,26
3324.1,32
3324.8,11
3324.8,20
3324.9,4
3326.0,8
3326.0,23
3326.5,3
3326.9,29
3327.4,34
3327.5,18
3327.7,14
3327.7,39
3328.2,36
3328.3,28
3328.6,24
3330.6,17
3332.0,12
3332.6,25
3332.8,16
3333.5,6
3334.4,9
3335.1,27
3335.7,10
3335.7,13
3335.8,26
3335.9,31
3336.0,36
3336.2,19
3337.2,33
3337.2,37
3337.3,14
3337.7,38
3337.9,11
3338.3,21
3338.8,3
3338.8,34
3339.1,23
3339.4,7
3339.4,12
3339.6,5
3339.7,20
3339.8,8
3340.1,1
3340.6,32
3341.3,29
3341.4,17
3343.6,13
3343.8,0
3346.8,23
3347.9,20
3348.2,15
3348.3,24
3348.3,36
3348.5,12
3348.7,17
3348.7,28
3348.8,27
3348.9,31
3349.4,14
3349.6,34
3350.0,6
3350.8,10
3352.3,21
3352.6,7
3352.6,39
3352.7,9
3353.0,1
3353.2,3
3353.9,35
3355.1,16
3355.4,8
3355.5,18
3355.8,26
3355.9,29
3356.0,11
3356.0,25
3356.3,4
3356.5,37
3357.7,12
3357.9,23
3358.6,19
3358.6,24
3359.0,5
3359.1,36
3359.4,22
3359.9,20
3361.5,13
3362.5,27
3362.9,32
3363.0,28
3363.6,34
3363.8,6
3364.4,14
3364.6,17
3364.7,3
3364.9,38
3365.4,7
3365.8,10
3366.2,12
3366.3,21
3368.0,19
3368.4,18
3368.5,8
3368.7,23
3368.8,16
3369.2,24
3369.3,9
3369.4,31
3369.8,1
3370.9,14
3371.5,36
3372.3,20
3372.4,0
3373.2,29
3374.0,39
3374.9,6
3374.9,27
3375.8,13
3376.1,34
3376.4,3
3376.4,17
3377.4,26
3377.5,35
3377.6,7
3378.3,32
3378.7,12
3378.9,28
3379.6,14
3379.9,9
3380.2,23
3380.8,33
3381.3,10
3382.1,25
3382.2,8
3382.2,22
3382.4,31
3382.6,17
3382.9,21
3383.7,29
3384.0,11
3384.7,1
3384.7,36
3384.7,37
3384.8,2
3384.8,38
3385.1,27
3390.2,34
3390.7,39
3390.8,13
3391.2,26
3391.5,23
3392.2,18
3392.5,20
3392.8,12
3392.8,17
3393.0,6
3393.2,14
3393.2,16
3393.2,24
3393.8,32
3394.3,3
3394.4,19
3394.8,28
3396.0,9
3396.2,36
3396.5,10
3396.6,4
3396.7,1
3396.9,29
3397.0,38
3398.2,21
3398.2,27
3399.1,31
3401.4,25
3401.6,17
3401.6,8
3402.7,13
3402.8,7
3403.6,2
3404.6,14
3405.9,37
3406.1,23
3406.2,20
3406.8,3
3407.0,34
3407.2,12
3407.6,29
3407.8,33
3408.1,28
3408.2,32
3408.4,11
3408.6,39
3409.3,31
3410.2,35
3411.1,16
3411.2,24
3411.5,1
3411.6,8
3411.6,18
3412.0,17
3412.0,36
3412.1,22
3412.8,13
3412.8,27
3415.8,3
3416.1,7
3416.1,20
3417.9,26
3418.1,10
3418.2,14
3418.5,25
3418.7,34
3418.8,12
3419.3,9
3419.5,6
3419.8,38
3420.0,21
3420.0,23
3420.0,28
3420.6,19
3421.3,32
3421.8,16
3421.8,36
3422.0,13
3422.0,31
3422.6,17
3422.6,18
3423.0,39
3423.3,8
3423.5,24
3423.6,1
3424.0,29
3424.6,11
3427.5,27
3428.1,3
3428.9,37
3429.3,23
3430.3,14
3430.5,12
3430.6,21
3431.1,20
3431.5,34
3432.6,7
3433.1,9
3433.4,26
3433.5,24
3433.9,39
3434.8,1
3435.1,28
3435.3,16
3435.4,17
3435.7,0
3436.3,13
3436.4,36
3437.2,29
3437.9,4
3437.9,8
3438.6,27
3439.4,2
3439.7,19
3440.4,32
3440.5,11
3440.5,31
3440.7,5
3440.7,33
3441.1,6
3441.2,3
3441.4,18
3441.5,10
3441.6,23
3442.0,25
3442.5,14
3443.3,9
3445.5,21
3445.5,35
3445.9,12
3447.1,20
3447.3,28
3447.9,36
3448.8,22
3448.9,38
3451.1,34
3451.2,17
3453.4,1
3454.2,24
3454.7,3
3454.7,8
3454.8,27
3454.9,13
3455.3,23
3455.3,29
3455.3,32
3455.5,26
3455.6,31
3455.7,33
3455.8,6
3455.8,37
3455.9,21
3456.3,39
3456.4,16
3456.6,10
3457.8,11
3459.1,19
3460.2,14
3460.4,20
3462.5,12
3462.8,36
3462.9,34
3463.1,7
3463.4,28
3464.1,17
3465.8,25
3466.2,18
3466.3,9
3466.3,29
3466.3,38
3466.5,1
3466.7,13
3467.1,3
3467.1,23
3467.5,26
3468.9,27
3469.8,14
3470.6,21
3470.6,33
3471.1,8
3472.6,34
3472.7,11
3473.6,7
3474.2,24
3474.4,12
3474.6,16
3474.6,20
3474.9,36
3475.5,31
3475.9,23
3476.2,10
3476.4,13
3477.6,29
3477.8,3
3477.8,17
3478.2,9
3479.1,32
3479.5,6
3481.2,28
3481.4,19
3481.9,38
3482.0,30
3482.5,26
3482.8,39
3483.0,36
3483.2,27
3483.6,34
3483.8,21
3484.3,1
3484.3,12
3485.3,37
3485.5,14
3486.5,18
3486.6,29
3486.7,11
3487.2,8
3487.3,23
3487.6,13
3487.7,3
3487.9,20
3488.6,35
3488.7,25
3489.7,0
3489.8,24
3490.0,2
3490.0,17
3490.3,31
3490.3,39
3490.4,7
3490.6,36
3491.7,10
3491.8,6
3493.4,9
3493.4,27
3493.6,26
3495.5,34
3495.6,4
3495.9,1
3496.0,14
3497.1,32
3497.7,12
3497.8,29
3498.2,8
3498.2,28
3498.4,23
3499.0,33
3501.5,3
3501.8,21
3502.5,17
3502.8,13
3502.8,25
3503.1,22
3503.5,11
3504.2,6
3504.3,7
3504.3,20
3504.7,38
3506.0,14
3506.1,8
3507.3,29
3507.4,24
3507.7,12
3507.8,32
3508.1,10
3508.2,37
3508.4,23
3509.6,36
3509.7,28
3510.4,9
3510.4,26
3510.6,27
3510.8,18
3511.6,34
3511.7,31
3512.3,13
3512.7,19
3514.6,21
3515.0,1
3515.4,3
3515.5,17
3516.1,39
3516.4,14
3516.9,20
3517.5,36
3518.4,23
3518.6,11
3519.7,8
3520.1,12
3520.3,0
3521.8,28
3522.1,24
3522.9,10
3523.0,3
3523.4,13
3523.4,25
3523.5,31
3524.2,34
3524.4,16
3524.7,29
3524.8,6
3525.4,9
3525.8,22
3526.1,38
3526.4,35
3527.1,18
3527.3,27
3527.5,26
3527.6,20
3527.6,33
3527.6,36
3527.7,17
3528.0,23
3528.1,32
3528.7,19
3530.8,3
3531.4,11
3532.2,1
3532.2,7
3532.6,21
3532.7,28
3533.7,37
3534.0,14
3534.2,12
3534.6,17
3534.8,31
3534.9,13
3535.8,8
3538.3,10
3539.6,36
3539.7,20
3540.3,32
3541.0,26
3541.1,25
3541.3,29
3541.5,27
3542.0,24
3542.1,4
3542.1,23
3542.4,6
3542.9,5
3543.1,39
3543.3,12
3544.5,18
3545.2,3
3547.9,17
3548.9,19
3549.1,14
3549.5,31
3550.0,36
3550.4,23
3550.6,13
3550.8,37
3550.9,1
3551.0,34
3551.1,24
3551.9,27
3552.4,22
3552.4,28
3552.5,8
3552.9,38
3553.0,4
3553.0,39
3553.2,0
3553.3,2
3553.6,3
3553.6,9
3554.0,15
3554.0,11
3554.3,10
3554.3,12
3554.4,16
3554.4,21
3554.5,7
3555.1,32
3556.2,29
3556.3,20
3558.0,36
3558.9,26
3559.9,6
3560.5,17
3562.5,14
3562.7,8
3562.7,23
3562.8,7
3564.0,12
3565.3,3
3565.3,33
3565.5,35
3565.6,25
3565.6,29
3565.9,31
3566.7,27
3567.5,34
3567.9,20
3567.9,32
3568.0,38
3568.2,17
3568.3,13
3568.3,16
3570.1,36
3570.6,21
3570.7,39
3571.3,19
3571.9,28
3572.0,1
3572.2,10
3572.5,18
3572.9,9
3573.1,6
3573.4,5
3573.5,26
3574.2,23
3574.7,29
3574.8,7
3574.8,30
3576.9,14
3577.2,20
3577.2,27
3577.4,0
3577.9,17
3579.5,3
3579.5,24
3579.9,36
3580.0,16
3580.2,12
3580.3,21
3580.6,34
3581.6,8
3582.0,13
3582.2,4
3582.6,37
3582.8,22
3583.0,32
3583.2,31
3583.5,10
3583.5,11
3583.5,28
3583.8,6
3584.7,23
3585.4,7
3585.6,18
3585.6,25
3587.5,1
3587.8,20
3588.1,19
3588.1,26
3588.4,36
3588.4,39
3588.5,12
3588.7,17
3589.3,9
3589.8,27
3590.5,34
3590.6,38
3590.8,15
3591.8,35
3591.9,14
3592.1,3
3592.6,29
3592.8,24
3593.3,8
3593.6,13
3594.7,23
3595.7,33
3596.6,21
3596.9,17
3598.4,7
3598.5,28
3600.2,18
3600.2,32
3600.3,20
3600.7,19
3600.9,37
3601.1,2
3601.3,36
3601.4,16
3601.8,31
3602.0,0
3602.0,39
3602.8,23
3603.1,6
3603.1,10
3603.6,12
3604.2,26
3604.8,3
3604.8,11
3604.9,14
3605.8,34
3607.7,8
3608.2,17
3608.3,21
3608.3,25
3608.4,29
3608.7,27
3608.9,24
3609.4,9
3609.5,36
3610.3,1
3610.7,13
3611.0,20
3612.9,31
3613.5,23
3613.9,32
3614.3,10
3615.0,5
3615.3,22
3616.2,19
3616.3,12
3616.8,3
3616.8,27
3617.4,14
3618.3,35
3618.8,17
3619.0,18
3619.9,36
3620.2,38
3620.3,29
3620.4,7
3620.5,34
3620.6,25
3620.7,16
3620.8,26
3621.4,39
3622.4,28
3623.1,31
3623.2,1
3625.7,23
3625.8,37
3626.0,9
3626.1,20
3626.6,4
3626.6,6
3626.8,13
3626.9,34
3627.2,21
3627.4,8
3627.4,11
3627.9,14
3628.2,15
3628.2,25
3628.3,27
3628.4,24
3628.5,12
3631.0,36
3631.8,3
3632.7,17
3633.2,1
3633.4,32
3633.6,29
3634.2,7
3634.4,16
3635.0,0
3635.4,18
3635.4,25
3635.4,20
3636.9,10
3637.2,22
3637.2,39
3637.4,12
3637.9,19
3638.4,23
3639.4,28
3639.8,26
3639.9,21
3640.2,33
3641.3,34
3641.4,36
3642.3,17
3642.6,13
3642.8,35
3642.9,8
3643.0,24
3643.0,31
3643.5,27
3643.7,6
3645.2,9
3646.1,14
3648.4,3
3649.2,23
3649.8,27
3649.8,29
3650.0,1
3650.0,10
3650.1,32
3650.3,11
3650.4,7
3650.4,12
3650.8,37
3651.2,20
3651.4,5
3651.4,39
3651.7,21
3653.0,14
3653.0,28
3653.4,16
3654.6,26
3655.9,34
3656.1,36
3656.7,22
3656.8,13
3657.3,6
3658.2,24
3658.5,0
3658.5,38
3658.6,17
3658.7,31
3658.9,25
3659.4,23
3659.6,4
3661.1,9
3661.2,27
3661.9,3
3662.4,1
3662.8,20
3663.2,8
3663.2,19
3663.2,21
3663.3,11
3663.8,35
3664.2,29
3665.2,15
3665.6,39
3665.7,12
3665.9,16
3666.0,7
3666.6,34
3666.7,36
3667.1,24
3668.0,23
3668.7,32
3669.0,13
3669.2,10
3669.2,26
3670.6,18
3671.5,17
3672.3,14
3672.6,6
3673.0,37
3674.0,31
3674.5,36
3674.7,28
3674.9,12
3675.4,3
3676.1,1
3676.1,11
3677.4,27
3678.7,38
3678.8,9
3678.8,21
3679.0,20
3679.0,8
3679.2,25
3679.3,23
3680.1,13
3680.1,29
3680.6,22
3681.5,10
3682.9,7
3683.9,33
3684.5,14
3684.9,0
3685.1,34
3685.5,16
3685.6,19
3685.6,36
3685.6,37
3685.7,28
3686.0,6
3686.3,24
3686.4,32
3686.5,26
3686.7,1
3687.6,17
3688.9,3
3689.3,18
3689.5,20
3690.2,39
3690.4,9
3691.6,27
3692.4,22
3692.7,12
3692.8,31
3693.5,23
3695.7,8
3695.8,29
3696.9,13
3696.9,36
3697.0,3
3697.3,7
3697.9,38
3698.3,10
3698.7,26
3698.8,14
3698.8,32
3699.7,21
3699.8,11
3699.9,1
3700.3,34
3700.6,17
3700.8,5
3702.2,25
3702.9,23
3703.7,36
3705.2,27
3705.2,28
3705.3,20
3705.6,31
3705.9,13
3706.3,15
3706.9,39
3708.3,8
3708.6,17
3708.8,3
3708.9,4
3709.2,6
3709.3,29
3710.1,12
3711.1,34
3711.2,24
3713.1,18
3713.2,9
3713.2,14
3713.5,38
3713.6,16
3713.7,23
3713.7,36
3713.8,39
3713.9,25
3716.8,37
3718.0,11
3718.0,19
3718.4,31
3718.5,17
3718.6,10
3718.6,13
3719.0,21
3720.1,28
3720.1,32
3720.3,20
3720.8,27
3720.9,7
3721.9,23
3722.1,0
3722.5,8
3722.5,33
3723.1,26
3724.1,29
3724.9,12
3725.0,14
3725.1,35
3725.3,34
3725.5,36
3725.6,16
3725.8,3
3725.8,22
3725.9,1
3726.0,6
3726.7,9
3727.2,11
3727.3,4
3727.6,20
3727.8,24
3728.4,18
3729.5,17
3730.6,21
3730.7,13
3731.1,28
3731.8,31
3731.9,38
3732.7,23
3732.8,19
3733.0,27
3734.3,5
3734.4,8
3735.0,15
3735.3,37
3735.4,10
3735.5,3
3735.5,36
3735.8,12
3735.9,29
3736.8,32
3737.0,24
3737.4,7
3737.9,34
3738.1,14
3739.4,39
3739.9,20
3740.8,25
3741.1,2
3741.5,6
3742.5,1
3742.7,0
3743.1,17
3743.1,21
3743.6,23
3744.0,3
3744.1,18
3744.9,13
3745.0,38
3745.2,12
3745.3,26
3745.5,19
3746.0,9
3746.1,36
3746.5,4
3748.0,31
3748.2,5
3749.1,28
3749.2,16
3749.3,29
3749.6,11
3749.6,27
3749.7,34
3750.0,22
3750.3,10
3750.6,14
3750.7,7
3750.7,23
3750.9,17
3751.2,24
3751.6,8
3752.4,1
3753.3,13
3755.6,20
3756.1,3
3756.3,25
3756.9,12
3759.3,18
3759.5,29
3759.7,10
3759.7,23
3760.1,36
3760.2,9
3760.4,17
3760.9,21
3760.9,39
3761.0,6
3761.3,37
3761.5,27
3761.5,32
3761.7,33
3763.3,19
3763.9,35
3764.7,34
3765.1,11
3765.7,16
3767.6,3
3767.7,26
3768.3,14
3768.5,8
3768.6,1
3769.6,22
3770.3,36
3770.7,12
3771.4,20
3772.3,32
3772.4,13
3772.6,23
3773.2,17
3773.2,29
3773.2,38
3773.3,7
3773.3,28
3773.4,9
3773.7,24
3774.1,11
3774.2,18
3774.8,10
3775.2,31
3775.6,27
3775.7,21
3776.2,25
3777.3,3
3777.8,6
3778.7,1
3779.1,34
3779.5,26
3780.3,17
3780.6,23
3781.5,4
3782.1,16
3782.8,36
3783.3,13
3783.9,0
3784.0,29
3784.2,14
3784.2,38
3785.0,37
3785.2,32
3786.1,12
3787.2,39
3787.3,27
3787.7,3
3787.7,31
3788.0,28
3788.1,19
3788.1,33
3788.2,8
3788.7,17
3788.8,9
3790.8,2
3790.9,6
3792.1,20
3792.1,23
3792.1,36
3792.2,10
3792.6,21
3793.0,1
3793.8,38
3795.1,24
3795.3,35
3795.7,26
3796.1,11
3796.2,7
3796.3,34
3796.9,12
3796.9,29
3797.2,25
3797.3,18
3797.9,22
3798.7,13
3799.7,16
3800.0,9
3800.6,32
3801.2,14
3801.2,27
3801.6,31
3801.7,3
3802.1,6
3802.1,36
3802.5,23
3802.8,28
3802.8,37
3802.8,39
3803.6,8
3804.4,10
3806.1,17
3806.7,20
3807.6,19
3808.3,34
3808.4,29
3809.8,26
3810.1,11
3810.3,0
3810.4,1
3810.5,13
3812.5,36
3812.8,24
3813.2,38
3814.0,12
3814.1,14
3814.5,31
3814.7,23
3814.9,17
3815.4,25
3815.6,3
3816.2,32
3816.6,8
3817.8,18
3818.4,29
3818.8,6
3819.0,20
3819.3,7
3819.5,27
3819.6,28
3819.9,21
3820.1,10
3820.1,39
3820.6,11
3821.1,16
3821.2,35
3821.4,5
3821.4,34
3821.6,9
3822.1,13
3822.8,1
3823.6,36
3824.2,17
3824.5,23
3825.2,19
3825.3,38
3825.8,31
3826.1,3
3826.1,24
3826.1,32
3827.5,33
3827.6,25
3828.4,12
3828.6,14
3829.8,26
3830.8,34
3831.1,15
3831.8,6
3832.4,27
3832.7,5
3833.1,10
3833.9,30
3834.2,23
3834.6,28
3834.8,37
3835.3,17
3835.9,1
3836.2,12
3836.3,3
3836.3,20
3836.5,7
3836.5,8
3836.5,21
3836.6,35
3836.8,0
3836.8,13
3837.1,14
3837.1,18
3837.1,29
3837.6,22
3837.6,26
3837.9,36
3839.9,32
3840.3,4
3841.5,11
3842.3,34
3842.5,9
3843.1,27
3844.9,1
3845.2,25
3845.3,6
3845.8,28
3846.8,23
3846.8,24
3846.8,39
3847.1,38
3847.4,12
3847.4,16
3847.7,19
3848.1,31
3848.7,17
3848.8,14
3849.6,36
3849.9,3
3850.1,13
3850.4,27
3850.9,0
3850.9,18
3852.8,9
3853.4,37
3854.5,11
3854.6,26
3854.9,29
3855.3,10
3855.9,1
3856.2,7
3856.9,23
3857.1,5
3857.5,12
3857.6,8
3857.6,21
3857.6,34
3857.7,20
3858.5,32
3858.6,38
3859.0,24
3859.6,14
3860.0,36
3860.5,3
3860.5,13
3860.9,25
3861.6,27
3861.8,28
3862.5,6
3862.8,39
3863.9,17
3864.6,22
3865.4,4
3865.9,16
3866.7,29
3867.6,34
3867.7,15
3867.7,33
3867.8,23
3867.8,35
3868.1,26
3868.5,11
3869.2,1
3869.3,37
3869.8,18
3870.1,31
3870.3,10
3870.3,13
3871.0,20
3871.7,38
3871.8,32
3872.6,9
3873.2,12
3873.2,19
3873.9,14
3874.6,3
3875.1,36
3875.5,25
3875.9,21
3875.9,39
3876.3,27
3876.4,23
3876.5,24
3876.8,29
3877.1,17
3878.6,8
3878.9,13
3879.0,28
3879.6,34
3880.9,6
3881.1,3
3882.4,1
3882.7,9
3883.4,16
3884.4,20
3884.5,12
3884.6,26
3885.0,10
3885.3,36
3885.7,0
3885.9,7
3886.3,32
3886.4,27
3886.7,14
3886.8,23
3886.8,29
3887.0,5
3887.3,21
3887.5,11
3887.5,31
3887.6,25
3887.6,37
3887.8,22
3888.1,28
3890.8,39
3890.9,3
3891.3,13
3891.8,17
3893.1,4
3894.5,6
3894.9,1
3895.1,35
3895.4,27
3895.5,8
3896.1,24
3896.1,31
3896.1,33
3896.3,12
3896.3,32
3896.4,34
3896.9,19
3897.2,18
3897.5,11
3897.7,10
3898.2,29
3898.4,26
3899.0,9
3899.5,17
3899.8,23
3900.1,25
3900.7,21
3900.8,14
3901.0,7
3902.5,39
3903.1,3
3903.5,36
3903.6,38
3904.0,20
3904.0,28
3904.6,13
3904.6,16
3905.0,32
3905.6,27
3905.8,29
3907.0,26
3907.1,6
3907.2,0
3907.2,12
3908.8,14
3909.2,23
3909.6,24
3909.7,31
3910.3,37
3911.1,1
3911.2,9
3911.6,8
3911.6,34
3911.8,10
3913.8,3
3914.2,17
3914.8,4
3914.9,20
3915.2,13
3915.2,35
3915.6,21
3915.7,28
3916.1,7
3916.3,39
3916.5,22
3916.8,33
3917.0,19
3917.7,18
3918.0,36
3918.4,23
3918.6,30
3919.3,27
3919.5,12
3920.2,25
3920.7,14
3920.9,34
3921.0,29
3923.2,32
3923.8,10
3923.8,11
3924.2,38
3924.9,26
3925.1,13
3925.2,24
3925.7,3
3926.2,31
3926.4,17
3926.8,9
3926.8,37
3927.7,20
3927.9,21
3928.3,6
3928.4,27
3928.8,36
3929.8,8
3931.0,1
3931.0,34
3931.2,14
3931.4,0
3931.9,23
3932.2,28
3934.0,24
3934.0,35
3934.5,16
3934.8,3
3935.3,26
3936.5,19
3937.2,4
3937.5,39
3938.4,12
3938.7,29
3938.8,13
3938.9,11
3939.4,25
3940.0,20
3940.4,10
3940.5,17
3941.0,14
3941.1,18
3941.4,1
3942.0,23
3942.0,31
3942.3,27
3942.5,22
3942.8,21
3943.5,7
3943.8,32
3943.9,34
3944.4,6
3944.6,33
3945.2,8
3946.1,36
3946.5,29
3946.6,38
3946.8,28
3947.6,37
3948.7,20
3949.2,3
3950.6,24
3952.1,15
3952.5,26
3952.7,2
3953.7,9
3953.8,13
3953.9,31
3954.2,23
3954.9,12
3956.1,32
3957.0,14
3957.3,34
3957.5,38
3957.6,1
3957.6,11
3957.6,16
3958.1,17
3958.1,18
3958.3,0
3958.4,7
3958.5,27
3958.8,4
3958.8,10
3959.1,6
3959.1,36
3959.2,39
3960.8,3
3962.1,29
3962.5,35
3963.1,8
3964.1,19
3964.8,5
3966.0,20
3966.2,23
3966.6,21
3967.0,13
3967.0,25
3967.4,26
3967.4,34
3967.5,9
3967.6,12
3968.5,37
3968.6,11
3968.7,1
3969.0,28
3969.0,36
3969.7,24
3970.0,14
3970.1,33
3970.2,17
3971.9,27
3972.2,39
3972.8,7
3973.4,29
3973.6,3
3974.2,21
3974.6,18
3975.2,6
3975.7,10
3975.7,23
3976.7,31
3976.8,32
3977.3,20
3977.6,38
3978.0,22
3978.5,36
3978.9,8
3979.2,16
3980.4,12
3980.5,26
3981.8,19
3982.4,14
3983.1,13
3983.3,11
3984.6,34
3985.1,1
3985.1,17
3985.6,35
3986.2,3
3986.3,29
3986.4,39
3986.8,20
3988.2,21
3988.9,23
3988.9,28
3989.3,27
3990.0,10
3990.0,9
3990.2,6
3990.2,13
3990.2,24
3990.3,36
3990.3,38
3990.5,4
3991.2,18
3991.9,7
3993.7,25
3995.6,11
3995.7,32
3996.5,8
3996.5,23
3997.9,12
3998.2,29
3998.9,1
3998.9,17
3999.4,31
3999.7,37
3999.8,16
4000.0,14
4000.1,26
4000.9,0
4000.9,34
4002.2,33
4002.5,28
4002.9,27
4003.7,30
4004.5,20
4004.6,6
4004.9,21
4005.3,36
4005.6,13
4005.6,39
4006.2,38
4006.3,3
4006.9,26
4007.3,12
4007.7,14
4009.3,9
4010.3,7
4010.3,23
4010.5,32
4010.7,25
4011.0,10
4011.4,22
4011.9,17
4011.9,18
4011.9,27
4011.9,29
4012.2,31
4012.3,8
4012.8,6
4012.8,21
4013.1,24
4014.4,16
4014.6,33
4014.6,35
4014.8,34
4015.5,36
4015.9,23
4016.4,1
4016.6,20
4018.2,13
4018.3,11
4020.9,37
4021.0,12
4021.1,38
4021.3,9
4021.3,26
4021.5,3
4021.9,7
4022.1,10
4022.3,4
4022.8,14
4022.8,27
4022.9,32
4023.2,36
4024.2,19
4024.5,34
4024.6,23
4024.8,39
4026.6,28
4027.3,29
4027.8,17
4029.2,16
4029.3,20
4029.9,25
4030.0,24
4030.2,1
4030.3,21
4030.9,18
4031.1,3
4031.8,6
4031.9,8
4032.8,14
4034.1,13
4034.2,7
4034.7,31
4035.0,12
4035.2,36
4036.2,22
4036.4,27
4036.8,17
4037.2,9
4037.5,26
4038.3,34
4040.7,32
4041.1,23
4041.4,28
4043.2,13
4043.4,29
4044.7,2
4044.8,3
4045.1,4
4045.4,20
4045.9,5
4046.1,9
4046.4,8
4046.5,19
4046.7,23
4046.8,17
4046.9,31
4047.0,37
4047.1,1
4047.5,12
4047.5,16
4047.6,14
4047.6,36
4047.6,38
4047.8,21
4047.9,25
4048.0,0
4048.0,6
4048.4,34
4049.2,10
4049.3,11
4049.3,24
4049.3,27
4049.8,7
4049.8,39
4050.0,18
4053.7,33
4054.0,28
4056.6,24
4056.7,26
4057.0,3
4057.0,29
4058.0,1
4058.2,17
4058.3,23
4058.5,32
4058.6,14
4058.8,19
4058.8,20
4059.6,6
4059.8,13
4060.0,21
4060.2,31
4062.8,22
4063.8,36
4064.2,10
4064.7,27
4065.3,39
4065.9,7
4066.5,28
4066.8,12
4066.8,18
4067.0,8
4067.4,16
4067.4,23
4067.6,34
4068.0,17
4068.1,25
4068.2,13
4068.5,14
4069.6,35
4069.9,0
4070.1,9
4070.5,20
4071.0,38
4072.0,4
4072.4,3
4072.4,33
4072.6,24
4072.7,26
4072.8,11
4073.0,36
4073.4,31
4073.4,32
4073.5,37
4074.1,29
4074.9,23
4075.7,6
4076.2,19
4076.5,27
4076.6,1
4077.2,12
4077.2,22
4079.0,35
4079.2,21
4079.2,34
4080.3,5
4080.5,8
4080.6,18
4081.1,17
4082.5,13
4082.9,7
4083.8,39
4084.0,10
4084.6,36
4084.8,3
4086.5,20
4086.6,1
4086.9,6
4087.4,16
4087.9,14
4088.0,28
4089.1,31
4089.4,27
4089.5,32
4089.7,29
4089.8,11
4090.6,9
4090.8,19
4091.3,23
4092.1,26
4093.6,36
4093.8,12
4094.1,17
4094.2,13
4094.4,34
4095.0,22
4095.3,7
4095.4,20
4095.6,38
4096.1,3
4096.4,21
4096.4,24
4096.7,37
4096.8,25
4098.7,8
4098.7,14
4099.1,6
4100.6,27
4100.7,39
4101.7,1
4103.7,26
4103.9,32
4104.3,17
4104.5,3
4105.1,23
4105.3,29
4105.5,28
4105.8,16
4105.9,21
4106.1,10
4106.3,13
4106.3,36
4107.0,9
4107.4,18
4107.4,19
4109.2,8
4109.9,12
4110.1,31
4110.4,34
4110.8,14
4111.6,20
4112.0,25
4112.2,0
4112.4,15
4113.8,27
4114.1,39
4114.2,24
4114.4,1
4114.4,7
4114.7,4
4115.6,3
4115.9,23
4116.1,9
4116.2,10
4116.2,33
4116.2,38
4116.7,36
4117.5,21
4118.3,11
4119.0,6
4119.2,28
4119.5,26
4119.7,12
4119.9,17
4120.8,14
4121.5,13
4121.7,22
4122.1,32
4122.7,23
4122.9,29
4123.1,20
4125.6,34
4126.4,16
4126.7,3
4127.7,31
4128.4,19
4128.4,8
4128.7,27
4129.2,37
4129.9,18
4130.1,39
4130.2,24
4130.3,13
4130.5,1
4130.5,36
4131.3,17
4132.0,9
4132.1,10
4132.1,20
4132.2,28
4132.9,35
4135.4,14
4136.2,3
4136.6,6
4136.7,7
4137.7,31
4137.9,38
4138.2,34
4138.4,23
4138.5,22
4138.7,32
4139.0,12
4139.1,21
4139.1,26
4139.6,2
4139.6,17
4139.6,29
4139.8,36
4139.9,16
4140.1,11
4142.3,20
4143.1,25
4143.7,27
4143.8,1
4144.3,6
4144.3,8
4144.4,24
4145.2,3
4145.7,13
4145.8,9
4146.4,14
4146.6,39
4147.6,10
4149.1,23
4149.5,26
4149.6,0
4149.9,33
4150.0,34
4150.8,28
4151.2,16
4152.0,32
4152.0,36
4152.1,18
4152.3,17
4152.8,19
4153.1,6
4153.5,21
4153.5,35
4154.0,29
4154.2,1
4154.2,27
4154.3,12
4154.9,3
4154.9,38
4155.1,11
4157.2,7
4157.8,14
4158.4,8
4159.3,20
4159.6,37
4159.8,31
4160.1,9
4160.1,25
4160.4,13
4160.8,24
4160.8,5
4160.8,10
4162.3,23
4162.6,39
4163.8,36
4164.2,12
4164.3,34
4165.7,26
4167.3,17
4168.8,28
4170.0,4
4170.3,19
4170.8,6
4171.1,21
4171.1,22
4171.3,32
4171.4,3
4171.5,0
4171.8,11
4172.0,20
4172.2,14
4172.2,27
4172.4,1
4172.6,25
4172.6,29
4174.1,36
4174.4,13
4175.2,23
4175.6,15
4175.7,7
4176.2,8
4176.3,16
4176.3,34
4177.0,18
4177.1,38
4178.2,24
4178.5,9
4178.7,17
4179.0,12
4181.2,33
4181.5,1
4181.6,31
4181.7,10
4182.8,23
4182.9,39
4183.3,20
4184.8,27
4185.8,14
4186.3,21
4186.7,13
4187.5,3
4187.8,32
4188.1,29
4188.7,36
4188.8,17
4189.4,25
4189.4,26
4189.4,34
4190.9,12
4190.9,11
4191.2,20
4191.5,10
4191.5,23
4192.4,6
4192.9,24
4193.2,19
4193.4,8
4193.7,28
4195.0,7
4195.4,37
4196.1,1
4196.8,14
4197.0,35
4197.0,36
4197.4,18
4197.7,17
4197.8,16
4198.2,12
4198.5,13
4199.3,27
4199.7,23
4200.1,3
4200.2,9
4200.4,0
4201.9,21
4202.8,28
4202.8,38
4202.9,34
4203.0,32
4203.3,31
4203.6,26
4204.1,22
4204.6,19
4205.1,29
4205.4,4
4205.4,39
4206.2,20
4206.9,10
4208.0,24
4208.3,36
4208.4,3
4208.5,14
4209.5,11
4210.6,8
4210.6,13
4212.4,17
4212.8,33
4213.5,23
4213.6,7
4213.7,9
4213.9,6
4214.0,25
4214.6,12
4214.6,27
4214.9,26
4215.2,1
4215.9,16
4217.1,14
4217.1,31
4217.9,32
4218.6,21
4219.4,34
4219.5,18
4220.1,29
4220.2,37
4220.3,10
4220.4,20
4220.5,3
4220.5,36
4220.7,12
4222.1,13
4222.7,24
4222.9,0
4223.1,28
4223.5,22
4223.5,35
4223.8,5
4224.0,39
4224.5,15
4225.1,14
4225.1,17
4225.6,23
4227.4,29
4228.0,26
4228.1,27
4228.4,8
4228.5,38
4230.8,36
4231.0,1
4232.3,6
4233.0,3
4233.1,16
4233.6,11
4233.9,19
4234.0,20
4234.0,28
4234.4,34
4234.6,12
4234.7,10
4235.4,9
4236.3,13
4236.9,7
4237.0,17
4237.3,4
4237.4,21
4237.6,31
4239.0,27
4239.0,39
4239.5,37
4240.4,23
4240.5,14
4240.7,18
4241.0,24
4241.5,32
4241.5,3
4241.9,25
4241.9,36
4242.4,34
4243.3,0
4244.5,29
4245.4,1
4245.8,38
4246.2,26
4246.4,12
4246.5,17
4246.6,8
4246.7,20
4247.3,16
4247.3,13
4248.2,33
4248.6,6
4249.0,28
4249.2,11
4249.2,21
4249.7,22
4249.7,24
4250.7,27
4251.5,9
4252.9,14
4253.3,23
4253.3,32
4253.7,7
4253.9,29
4254.2,35
4254.2,36
4254.9,10
4256.2,3
4256.3,18
4256.3,37
4256.5,19
4256.7,12
4256.9,8
4257.9,34
4258.0,31
4259.0,20
4259.0,25
4259.7,5
4260.3,1
4260.9,28
4261.0,6
4261.0,36
4261.4,13
4262.2,39
4262.9,23
4263.2,27
4263.6,0
4264.1,21
4264.3,17
4265.3,7
4265.3,22
4266.1,24
4266.3,16
4267.1,26
4267.3,3
4269.3,34
4269.4,11
4269.4,29
4269.6,30
4269.7,14
4269.9,8
4270.0,19
4270.9,31
4270.9,38
4271.6,12
4272.0,15
4272.5,9
4272.6,23
4273.2,33
4273.8,20
4273.9,17
4274.1,36
4274.2,13
4274.2,37
4274.3,32
4274.4,4
4275.0,18
4275.8,28
4276.6,1
4277.7,27
4278.8,21
4280.0,3
4280.0,10
4280.3,7
4280.5,20
4280.9,34
4281.2,29
4281.2,39
4282.1,25
4282.1,35
4282.2,8
4282.7,24
4282.9,0
4283.8,12
4283.9,23
4284.1,6
4284.5,26
4284.6,36
4285.0,5
4285.0,11
4285.3,14
4285.4,13
4285.4,32
4285.6,16
4286.4,17
4286.7,22
4289.6,31
4290.9,37
4291.8,9
4292.0,28
4292.1,19
4293.8,1
4294.9,16
4295.2,10
4295.9,20
4295.9,21
4296.4,3
4296.4,18
4296.9,36
4297.6,29
4298.0,13
4298.0,34
4298.0,8
4298.0,23
4298.0,24
4298.5,12
4299.2,14
4299.4,27
4299.4,38
4301.0,32
4301.6,11
4302.8,39
4303.0,35
4303.3,31
4304.0,7
4304.5,26
4305.2,29
4305.6,12
4305.7,10
4305.7,13
4305.8,15
4306.0,23
4306.1,17
4306.3,3
4307.3,20
4308.5,2
4311.5,27
4312.1,28
4312.6,1
4312.7,34
4312.8,18
4312.9,14
4313.0,21
4313.0,36
4314.0,6
4315.0,9
4315.0,25
4315.2,8
4315.9,32
4316.2,11
4316.2,39
4316.6,22
4316.8,16
4316.8,24
4317.0,19
4317.4,13
4318.9,20
4319.3,38
4319.7,23
4319.8,3
4320.5,7
4320.8,17
4320.8,29
4321.5,27
4321.7,34
4322.6,4
4322.6,37
4324.9,0
4324.9,26
4325.0,13
4325.0,14
4325.3,31
4325.4,28
4326.1,12
4326.1,21
4326.5,39
4327.1,32
4327.4,36
4328.0,20
4328.3,1
4328.3,23
4328.3,33
4328.7,24
4328.9,22
4329.8,6
4329.8,9
4329.9,34
4331.6,3
4332.0,8
4332.9,27
4333.6,17
4333.8,10
4335.0,2
4336.0,12
4336.0,29
4336.3,11
4336.3,19
4336.3,28
4336.3,39
4336.4,16
4336.5,14
4336.7,13
4336.7,35
4338.1,23
4339.7,31
4339.9,18
4342.1,7
4342.4,34
4342.9,36
4342.9,38
4343.1,1
4343.1,22
4343.2,32
4343.7,6
4343.9,3
4343.9,9
4344.0,21
4344.2,12
4344.2,26
4344.3,20
4347.6,10
4347.9,29
4347.9,27
4349.0,23
4349.5,17
4349.8,13
4349.8,24
4350.1,16
4350.2,14
4350.6,8
4351.0,37
4351.5,25
4352.4,28
4352.8,5
4353.1,12
4353.1,21
4354.5,35
4354.7,26
4355.5,18
4355.5,19
4355.9,14
4356.0,3
4356.0,17
4356.2,36
4356.3,6
4356.4,39
4357.5,11
4357.6,29
4357.8,32
4357.9,34
4358.6,9
4359.1,31
4359.2,0
4360.1,23
4360.5,16
4360.5,20
4361.9,1
4361.9,27
4362.2,12
4363.3,3
4363.4,38
4363.8,13
4364.7,28
4366.4,8
4366.4,36
4366.5,14
4367.9,24
4368.0,4
4368.6,10
4369.1,26
4369.2,17
4369.3,21
4369.7,34
4371.3,11
4371.5,12
4371.6,30
4372.3,9
4372.3,23
4372.3,29
4372.3,39
4372.7,7
4372.7,19
4372.7,18
4373.5,32
4373.8,13
4374.1,6
4374.2,20
4377.2,3
4377.2,37
4378.1,27
4378.1,31
4379.4,36
4379.8,1
4380.4,14
4380.8,17
4381.2,8
4381.2,24
4381.8,23
4383.5,2
4384.7,13
4384.9,6
4384.9,9
4384.9,10
4384.9,20
4385.1,33
4385.3,28
4385.6,26
4385.6,34
4385.8,32
4386.0,19
4386.9,16
4387.5,29
4388.1,36
4388.6,3
4388.9,25
4389.1,23
4389.3,7
4389.8,39
4390.3,12
4390.3,38
4390.9,8
4391.1,31
4391.3,0
4391.4,11
4391.4,21
4391.4,22
4391.8,1
4391.8,27
4392.4,14
4392.4,34
4395.0,18
4396.5,20
4397.4,6
4397.6,24
4398.0,17
4398.2,28
4398.2,9
4398.6,13
4398.6,3
4398.8,16
4398.9,10
4399.1,36
4399.3,26
4399.4,0
4399.4,11
4399.5,14
4400.0,31
4400.3,23
4402.7,39
4402.8,27
4403.4,32
4404.3,29
4405.2,15
4405.7,1
4405.7,34
4406.2,35
4406.2,38
4406.5,28
4406.6,12
4407.2,8
4407.6,7
4408.1,5
4408.6,13
4408.8,21
4410.6,25
4410.8,14
4410.8,19
4410.8,24
4411.0,20
4411.0,36
4411.9,6
4412.0,23
4412.3,31
4413.0,17
4413.1,37
4414.9,27
4415.0,3
4415.7,12
4417.2,16
4417.6,32
4419.0,9
4419.6,38
4419.7,33
4419.8,13
4419.8,34
4419.9,18
4419.9,29
4420.3,11
4420.7,21
4420.8,1
4420.8,10
4421.1,14
4421.3,22
4421.6,4
4422.0,26
4422.6,39
4422.8,31
4422.9,8
4423.5,17
4423.8,7
4424.5,23
4426.2,12
4426.4,36
4428.1,20
4428.3,13
4428.5,19
4429.6,3
4430.2,6
4430.2,16
4432.4,35
4432.5,9
4434.1,24
4434.2,14
4434.4,34
4435.0,28
4435.0,29
4435.2,1
4435.5,11
4435.7,21
4435.7,27
4435.9,10
4436.0,32
4436.1,36
4436.6,18
4436.6,37
4436.7,17
4436.9,23
4437.6,12
4437.9,0
4438.4,31
4438.8,3
4438.9,38
4440.5,13
4442.4,25
4442.9,39
4443.1,7
4443.2,8
4445.1,24
4445.7,34
4445.9,26
4446.4,14
4446.4,36
4446.6,20
4448.2,29
4448.3,6
4450.3,3
4450.3,9
4451.4,23
4451.5,17
4451.8,32
4452.2,1
4452.4,10
4452.7,11
4452.8,27
4452.9,28
4453.0,12
4453.0,16
4453.0,21
4453.4,31
4453.7,13
4454.1,33
4454.2,7
4454.9,19
4455.2,18
4455.5,38
4457.7,14
4458.3,34
4459.2,8
4459.2,37
4459.5,36
4459.6,3
4459.9,22
4459.9,39
4460.4,35
4460.5,20
4460.5,29
4460.9,25
4461.4,23
4462.9,32
4463.4,17
4463.9,27
4464.5,12
4465.1,24
4465.8,6
4465.9,9
4466.4,13
4466.8,14
4468.1,4
4468.3,21
4468.4,36
4469.3,16
4469.3,26
4469.8,10
4470.0,1
4470.2,20
4470.4,3
4471.1,28
4471.4,23
4472.2,29
4472.3,34
4475.1,11
4475.5,7
4476.1,6
4476.2,13
4476.2,19
4476.8,31
4477.1,39
4478.2,14
4478.2,26
4478.7,37
4479.0,8
4479.3,17
4479.3,25
4479.3,29
4479.3,18
4479.5,38
4479.9,0
4480.2,21
4480.3,12
4480.5,3
4480.6,1
4481.1,23
4481.1,27
4481.2,16
4481.3,28
4481.7,9
4481.9,22
4481.9,34
4482.8,24
4483.8,36
4485.4,32
4486.7,20
4489.0,3
4489.5,27
4489.7,17
4489.9,12
4489.9,31
4490.0,10
4490.3,6
4490.3,13
4491.1,14
4491.5,34
4491.5,39
4491.7,33
4492.7,19
4493.0,26
4493.4,7
4493.4,11
4494.1,23
4494.1,28
4494.3,21
4494.3,35
4495.1,36
4495.5,29
4495.7,4
4496.0,38
4496.3,1
4496.3,8
4499.2,14
4499.9,9
4501.2,3
4502.5,23
4502.8,27
4503.7,31
4504.2,12
4504.3,10
4504.3,32
4504.4,13
4504.4,18
4504.7,2
4504.7,17
4504.9,6
4504.9,15
4505.1,39
4505.4,16
4505.4,34
4505.6,24
4505.7,36
4508.4,25
4508.9,20
4508.9,26
4509.5,37
4509.9,9
4509.9,11
4510.3,1
4511.0,29
4511.2,21
4511.7,28
4511.9,19
4512.0,14
4512.7,27
4513.5,12
4513.8,3
4515.1,17
4515.2,8
4515.6,13
4515.9,34
4516.3,31
4516.7,23
4516.7,32
4517.1,36
4517.1,6
4517.3,22
4518.3,16
4519.4,18
4519.6,0
4520.0,39
4520.1,20
4520.3,7
4521.2,33
4523.4,24
4524.7,1
4524.7,3
4524.8,9
4525.0,14
4525.1,38
4525.6,21
4526.1,26
4526.4,28
4526.5,10
4526.8,6
4527.6,34
4527.7,27
4527.8,31
4528.0,36
4528.3,23
4530.1,12
4530.5,17
4530.8,25
4531.1,11
4531.1,29
4531.4,13
4532.2,7
4532.4,32
4533.4,19
4533.5,15
4535.8,26
4536.0,34
4536.1,10
4536.3,4
4536.4,16
4536.5,3
4537.7,23
4537.7,31
4537.9,8
4537.9,14
4538.0,20
4540.2,0
4540.3,6
4540.3,13
4540.5,21
4540.7,37
4540.8,39
4540.9,27
4541.1,18
4541.7,1
4542.0,17
4543.1,9
4543.1,36
4544.0,24
4544.6,22
4544.8,29
4545.1,11
4545.9,12
4546.8,28
4547.4,25
4548.3,35
4548.5,3
4548.6,20
4548.7,23
4549.1,10
4549.2,38
4549.7,32
4549.8,34
4549.8,39
4550.0,14
4550.4,26
4550.9,31
4551.0,33
4552.8,17
4553.2,21
4553.5,7
4553.7,19
4554.0,12
4554.0,36
4554.2,27
4555.0,16
4556.9,1
4558.1,18
4558.9,24
4559.0,8
4559.2,2
4560.5,3
4560.5,37
4560.9,6
4561.6,11
4562.0,13
4562.1,34
4562.2,29
4562.5,20
4562.7,23
4563.4,26
4563.6,9
4563.6,30
4563.7,28
4563.9,32
4564.7,14
4565.7,39
4568.5,36
4568.6,22
4569.2,25
4569.3,10
4569.3,17
4570.1,1
4570.2,12
4570.3,27
4571.0,20
4571.1,34
4571.1,37
4571.5,31
4572.0,16
4573.7,21
4575.8,3
4576.2,23
4576.9,14
4578.3,8
4578.4,26
4578.7,38
4579.0,18
4579.1,0
4579.1,36
4579.4,13
4579.5,24
4579.5,32
4579.6,7
4579.6,39
4579.8,19
4579.9,29
4580.2,9
4580.2,17
4580.4,4
4580.6,10
4581.3,6
4582.7,12
4583.8,27
4584.1,1
4584.2,34
4584.4,36
4586.3,28
4587.5,23
4587.6,20
4587.8,37
4588.6,3
4589.4,16
4589.5,14
4590.6,17
4590.6,21
4591.4,31
4592.4,11
4592.4,13
4593.2,34
4593.7,38
4594.0,29
4594.2,7
4594.8,26
4594.9,25
4595.0,39
4595.1,10
4595.1,32
4595.2,19
4595.2,27
4595.4,12
4595.7,35
4595.8,33
4596.7,8
4597.0,22
4597.2,3
4597.9,36
4598.9,9
4600.0,23
4600.3,28
4600.5,20
4600.6,17
4601.5,24
4601.5,31
4603.1,16
4603.2,1
4604.0,0
4604.2,14
4605.3,13
4606.0,6
4606.1,12
4606.9,11
4606.9,30
4607.1,3
4607.1,18
4607.3,9
4607.9,23
4608.6,21
4609.4,34
4610.0,27
4610.1,29
4611.4,36
4611.6,10
4611.9,26
4612.5,24
4613.5,8
4614.7,32
4615.0,39
4615.4,1
4616.4,17
4616.9,5
4616.9,31
4617.3,28
4617.9,14
4618.0,13
4618.0,20
4618.3,7
4618.7,2
4619.0,19
4619.1,12
4620.2,25
4620.7,23
4621.2,3
4621.9,36
4622.6,37
4622.7,29
4622.9,22
4623.0,38
4623.1,18
4623.2,4
4623.3,21
4623.4,10
4624.4,9
4624.5,8
4624.5,16
4625.7,34
4627.2,14
4627.6,27
4628.1,12
4628.2,32
4628.3,35
4628.7,6
4629.3,11
4629.8,3
4630.1,20
4630.2,26
4630.8,28
4631.1,39
4631.3,17
4631.9,13
4631.9,36
4632.6,7
4633.2,16
4633.2,24
4634.5,10
4635.4,34
4635.8,23
4636.9,20
4637.5,22
4637.6,33
4637.8,1
4638.2,31
4638.8,21
4639.1,12
4639.4,9
4639.4,14
4640.0,8
4640.2,3
4640.2,38
4640.4,26
4640.4,29
4640.9,37
4641.6,32
4642.3,39
4643.1,0
4643.5,18
4644.3,13
4645.3,6
4645.4,10
4645.4,17
4646.4,19
4646.5,27
4647.3,36
4647.7,16
4648.8,20
4648.8,24
4649.0,7
4649.3,14
4649.5,25
4649.6,28
4649.7,23
4649.7,34
4650.0,12
4652.5,21
4653.1,1
4653.1,9
4654.2,4
4655.1,3
4655.3,35
4655.6,13
4656.1,39
4656.2,29
4656.2,30
4656.6,36
4656.9,11
4656.9,17
4658.4,8
4659.1,38
4659.7,20
4659.7,28
4659.9,32
4660.2,27
4660.7,16
4661.8,12
4662.3,23
4663.2,26
4663.3,34
4664.0,22
4664.9,18
4665.0,14
4665.0,31
4665.0,10
4665.8,21
4666.1,2
4666.2,6
4666.5,1
4666.5,3
4667.2,13
4667.3,9
4667.9,24
4668.0,7
4668.0,15
4668.5,19
4668.7,8
4669.1,29
4669.2,36
4670.5,37
4670.6,27
4670.8,17
4671.1,33
4671.7,0
4671.7,39
4672.1,12
4673.0,20
4673.9,23
4674.1,11
4674.8,34
4674.9,32
4675.2,14
4675.8,28
4676.5,26
4677.2,4
4677.9,29
4678.0,3
4678.9,38
4679.3,21
4679.4,1
4679.7,7
4680.4,25
4680.4,36
4681.4,31
4682.8,17
4682.9,13
4683.0,16
4683.2,10
4683.3,9
4683.8,23
4683.9,8
4684.1,12
4684.3,24
4684.3,34
4686.2,35
4686.3,14
4686.3,39
4686.7,20
4687.6,6
4688.8,18
4690.0,37
4690.1,3
4690.1,11
4690.9,19
4690.9,22
4690.9,26
4691.2,32
4691.6,27
4692.6,21
4693.2,23
4693.6,29
4693.8,36
4694.1,12
4694.2,13
4694.4,1
4694.4,9
4694.4,28
4694.7,8
4694.8,0
4696.4,34
4696.6,17
4696.8,3
4697.2,5
4697.8,31
4698.9,20
4699.4,39
4700.0,23
4701.9,25
4702.8,38
4703.0,10
4703.0,21
4703.6,19
4704.0,11
4705.8,1
4706.5,14
4706.9,0
4707.1,27
4707.2,26
4707.4,36
4707.8,16
4707.9,30
4708.1,17
4708.1,32
4708.2,35
4709.0,6
4709.5,13
4709.8,38
4709.9,8
4710.4,7
4710.6,28
4710.6,29
4711.3,34
4711.5,3
4711.7,20
4711.7,24
4712.2,12
4712.2,23
4712.3,9
4713.6,18
4713.6,37
4713.7,33
4713.8,4
4714.7,17
4714.7,39
4716.2,10
4716.2,31
4716.8,21
4717.3,28
4718.0,13
4718.0,36
4718.8,14
4719.7,26
4719.9,2
4719.9,12
4720.2,34
4720.9,25
4721.3,23
4721.3,29
4722.0,3
4723.3,27
4723.6,1
4724.0,6
4724.0,7
4724.0,32
4724.1,18
4724.6,8
4725.5,35
4726.6,38
4726.7,17
4726.8,20
4727.5,24
4728.2,11
4728.9,9
4729.0,14
4729.0,31
4731.0,19
4731.0,36
4732.5,21
4732.7,17
4733.5,10
4733.5,16
4733.6,34
4734.7,23
4735.8,1
4735.8,3
4736.8,6
4737.0,13
4737.2,29
4738.3,12
4738.4,25
4738.5,26
4738.7,37
4739.7,20
4740.0,27
4740.4,14
4740.4,36
4740.4,39
4740.7,32
4741.5,28
4742.4,31
4742.7,9
4744.1,8
4744.2,7
4744.4,11
4744.6,0
4744.6,34
4744.9,35
4745.0,22
4745.2,17
4745.6,23
4746.5,24
4747.7,12
4748.3,3
4748.5,16
4748.6,18
4748.6,19
4749.5,21
4749.6,31
4749.8,20
4749.9,6
4750.9,27
4751.7,1
4752.2,14
4752.4,13
4753.7,10
4754.1,2
4754.5,23
4754.9,38
4756.0,36
4756.3,29
4756.7,26
4757.6,39
4758.2,3
4758.4,32
4758.8,15
4759.5,21
4759.7,9
4759.9,28
4760.2,19
4760.4,34
4760.7,7
4760.8,12
4760.9,25
4762.4,20
4762.5,4
4763.1,27
4764.4,16
4764.7,17
4764.8,1
4765.5,31
4765.6,14
4766.6,13
4766.6,29
4766.8,8
4766.8,11
4766.9,22
4767.1,6
4767.4,32
4767.6,38
4767.7,5
4768.5,36
4769.0,3
4770.4,12
4770.5,35
4770.8,23
4771.6,39
4771.9,21
4771.9,24
4772.1,26
4772.7,27
4773.6,18
4774.5,10
4774.8,37
4775.4,13
4776.0,9
4776.0,34
4776.3,14
4776.4,28
4776.5,16
4776.5,20
4776.6,17
4777.7,31
4777.8,29
4777.8,7
4778.5,4
4779.3,11
4779.6,6
4780.0,36
4780.2,32
4781.1,8
4782.0,19
4782.4,34
4782.7,23
4782.8,25
4782.9,12
4783.2,24
4783.3,33
4783.8,1
4784.5,21
4785.1,3
4787.3,39
4787.3,26
4790.0,29
4790.2,14
4790.7,9
4790.8,17
4791.3,36
4791.4,13
4791.5,11
4791.5,27
4791.5,0
4791.8,15
4792.3,10
4792.5,6
4792.5,20
4792.6,31
4793.6,7
4793.6,16
4793.6,23
4794.0,34
4794.5,3
4794.9,35
4795.0,8
4796.1,28
4796.3,37
4796.4,24
4797.4,32
4798.3,17
4798.8,20
4799.5,1
4799.5,21
4800.5,12
4801.0,13
4802.5,14
4802.5,39
4802.9,10
4802.9,26
4803.1,25
4804.7,23
4805.1,3
4805.4,24
4805.5,19
4805.6,0
4805.8,38
4806.6,8
4806.6,27
4806.8,16
4807.1,5
4808.1,31
4808.5,36
4809.4,11
4809.7,28
4810.0,34
4810.7,9
4810.8,17
4811.2,1
4811.2,7
4811.3,6
4812.1,22
4812.1,29
4812.4,12
4812.5,32
4812.6,18
4812.9,14
4813.6,2
4814.1,23
4814.2,13
4814.7,27
4814.7,36
4815.5,20
4815.5,35
4817.1,8
4817.4,21
4818.0,31
4818.6,10
4818.8,26
4819.7,33
4819.9,37
4820.4,3
4820.5,16
4820.6,39
4820.8,4
4821.0,24
4821.8,28
4823.5,12
4823.9,18
4824.1,38
4825.2,27
4825.4,1
4825.4,14
4825.4,17
4825.6,20
4825.7,7
4826.9,32
4827.1,9
4827.2,23
4827.6,6
4828.0,29
4828.4,0
4828.7,11
4829.8,16
4829.9,25
4830.4,36
4830.6,13
4830.7,34
4831.9,26
4832.0,21
4832.1,8
4832.9,3
4833.8,31
4834.6,14
4835.7,39
4837.4,10
4837.6,27
4838.5,28
4838.9,22
4839.3,9
4839.4,23
4839.7,12
4839.8,17
4839.9,34
4839.9,36
4840.3,37
4840.6,20
4841.5,24
4841.6,4
4842.0,7
4842.5,32
4843.1,13
4843.1,29
4843.3,19
4843.8,11
4843.9,1
4845.4,3
4847.6,6
4847.7,16
4847.9,18
4848.3,17
4848.6,39
4849.5,8
4849.6,23
4849.8,27
4849.8,10
4850.5,20
4851.7,25
4852.7,31
4852.8,28
4853.0,36
4853.3,14
4853.4,32
4854.3,34
4854.5,38
4854.6,21
4854.7,24
4855.2,3
4855.6,13
4856.3,29
4856.5,26
4856.8,12
4857.0,33
4859.0,1
4859.1,17
4859.8,0
4860.0,18
4860.1,9
4860.1,7
4860.5,23
4860.8,10
4860.8,37
4861.1,22
4861.2,15
4862.0,11
4862.2,5
4863.2,4
4863.2,39
4864.4,27
4864.7,31
4865.0,14
4865.4,19
4865.4,36
4866.1,20
4866.2,3
4866.2,8
4866.9,12
4867.5,35
4868.1,29
4869.3,10
4869.5,34
4869.6,6
4869.6,13
4869.7,24
4870.6,32
4871.9,23
4872.3,17
4872.3,28
4872.7,21
4872.9,16
4873.7,25
4874.6,37
4874.6,38
4874.9,1
4875.2,18
4875.5,14
4875.7,36
4876.6,7
4877.2,27
4877.2,34
4877.9,26
4878.4,20
4879.5,12
4879.8,6
4879.9,3
4879.9,39
4881.2,13
4881.3,9
4881.3,32
4882.4,29
4882.5,10
4882.6,17
4883.0,23
4884.0,0
4884.0,31
4886.7,36
4887.7,38
4888.1,14
4888.5,11
4889.1,1
4889.1,33
4889.8,19
4890.0,8
4890.0,27
4890.0,28
4890.9,7
4890.9,20
4891.2,22
4891.3,16
4891.8,24
4892.3,18
4892.6,17
4892.7,21
4893.0,3
4893.6,23
4893.7,35
4895.1,39
4895.3,34
4895.6,9
4895.9,26
4896.5,10
4896.7,37
4897.6,12
4897.7,25
4898.6,36
4899.2,32
4899.7,29
4899.9,13
4901.2,6
4901.3,7
4901.5,31
4901.6,1
4902.7,14
4902.8,8
4905.4,17
4905.9,19
4906.2,12
4906.2,20
4906.6,23
4906.6,27
4907.6,21
4907.7,36
4907.9,28
4908.1,3
4909.2,32
4909.4,13
4913.2,14
4913.8,34
4914.3,9
4914.8,10
4915.0,11
4915.2,29
4915.2,31
4915.3,4
4915.3,24
4915.5,26
4915.6,18
4915.6,23
4916.5,20
4916.7,3
4916.8,16
4916.8,38
4917.1,39
4917.2,0
4918.2,35
4918.6,1
4918.9,7
4918.9,28
4919.0,8
4919.0,36
4919.7,17
4921.3,27
4921.9,19
4922.6,21
4922.6,25
4922.6,32
4923.7,10
4924.1,6
4926.2,24
4926.6,3
4927.3,23
4927.3,26
4927.3,34
4927.4,13
4927.8,9
4927.8,36
4927.9,18
4928.2,12
4928.3,14
4928.3,28
4929.0,30
4929.2,27
4929.3,5
4929.3,16
4929.4,31
4929.7,37
4930.2,21
4931.7,17
4932.4,20
4935.2,36
4937.3,8
4937.7,38
4937.8,1
4938.8,3
4938.8,6
4938.8,32
4939.3,29
4939.5,13
4939.5,20
4939.5,23
4939.6,11
4940.5,25
4941.1,18
4941.2,12
4941.4,9
4941.6,28
4942.1,2
4942.1,7
4942.4,14
4942.9,27
4943.0,34
4943.2,22
4943.4,10
4944.9,19
4945.1,31
4945.2,17
4945.2,39
4946.1,24
4946.5,0
4946.5,36
4946.9,23
4947.4,21
4947.6,26
4948.3,8
4949.2,33
4949.4,1
4949.8,6
4950.1,13
4950.2,16
4951.8,3
4951.9,12
4952.7,20
4955.7,29
4956.2,27
4956.5,36
4956.8,32
4957.1,17
4957.3,9
4957.4,11
4957.4,14
4957.6,4
4958.0,10
4959.0,34
4959.5,8
4959.5,13
4959.7,28
4959.9,2
4960.2,25
4960.4,7
4960.4,12
4960.6,35
4960.7,23
4961.3,3
4961.6,31
4961.8,37
4962.2,6
4963.1,24
4963.4,16
4963.5,18
4964.1,1
4964.4,21
4965.3,27
4965.6,19
4966.5,29
4967.0,26
4967.7,20
4967.9,39
4968.0,36
4968.4,17
4968.4,38
4969.9,12
4973.8,34
4974.4,0
4974.4,3
4974.4,30
4974.6,13
4974.7,7
4974.7,14
4974.8,32
4974.8,8
4974.8,28
4975.1,10
4976.2,29
4976.3,16
4976.3,17
4976.3,31
4976.3,23
4976.7,9
4976.7,26
4976.9,5
4977.3,19
4977.8,33
4977.8,36
4979.3,27
4979.6,22
4980.4,21
4981.2,34
4981.4,1
4981.7,12
4981.7,20
4982.0,39
4982.5,24
4982.8,13
4982.9,6
4982.9,18
4985.5,14
4986.6,11
4986.9,16
4987.6,36
4988.3,3
4988.5,23
4988.9,19
4989.1,20
4989.8,25
4989.9,29
4989.9,38
4990.0,32
4990.7,37
4990.8,6
4991.2,1
4991.4,7
4991.4,17
4991.5,31
4991.7,28
4991.8,12
4991.9,26
4992.0,8
4992.4,10
4993.7,4
4994.0,9
4994.0,27
4994.4,18
4995.0,35
4995.9,21
4996.2,24
4996.6,14
4996.8,39
4997.5,3
4998.1,33
4998.5,23
4998.7,13
4998.8,36
4999.1,34
5000.2,26
5001.5,20
5001.6,5
5002.0,16
5002.8,37
5003.9,7
5004.5,32
5004.8,27
5005.2,6
5005.5,28
5005.9,17
5006.1,22
5006.3,21
5006.8,29
5006.9,3
5006.9,14
5007.0,31
5007.1,8
5007.6,25
5007.6,34
5007.8,11
5007.8,13
5008.0,1
5009.1,10
5009.8,12
5011.0,24
5011.4,36
5012.1,0
5012.4,23
5013.1,19
5014.0,7
5014.4,20
5015.1,14
5015.3,16
5015.6,3
5015.6,39
5015.6,26
5016.2,17
5016.7,6
5016.9,38
5019.1,13
5019.5,9
5019.6,21
5019.8,11
5020.5,18
5021.6,1
5022.3,29
5022.6,7
5022.9,15
5023.0,28
5023.2,36
5023.4,17
5024.2,23
5024.4,8
5024.5,25
5024.5,32
5024.8,34
5025.1,14
5025.5,31
5025.7,3
5025.8,27
5026.6,33
5027.2,16
5027.4,12
5028.4,13
5031.9,19
5032.6,22
5032.9,20
5033.6,37
5033.7,6
5033.8,39
5034.4,23
5034.7,28
5034.9,24
5035.1,29
5035.4,32
5035.8,12
5036.2,38
5036.7,10
5036.9,14
5037.0,17
5037.1,5
5037.6,8
5038.1,13
5038.2,34
5038.8,26
5039.0,3
5039.8,1
5040.2,9
5040.7,21
5042.3,36
5042.6,0
5043.2,27
5043.3,7
5043.3,32
5044.2,18
5044.3,16
5044.8,20
5046.0,31
5046.6,19
5046.8,25
5049.4,23
5050.1,39
5050.5,17
5050.6,11
5050.9,6
5051.0,4
5051.4,28
5051.9,38
5052.2,1
5052.5,3
5052.5,10
5052.5,14
5052.9,29
5053.0,13
5053.3,33
5053.7,12
5054.9,7
5055.4,27
5056.1,24
5056.4,19
5057.1,26
5058.0,8
5059.0,21
5059.4,32
5059.6,9
5059.6,20
5060.4,17
5060.4,23
5060.6,2
5060.7,18
5061.3,1
5061.7,16
5062.1,35
5062.7,34
5062.9,3
5064.1,12
5064.7,37
5064.9,36
5065.0,14
5065.8,31
5067.4,27
5068.6,11
5068.7,22
5069.6,28
5070.2,13
5070.5,6
5070.6,24
5070.8,17
5070.8,29
5070.9,32
5071.3,3
5071.7,39
5072.0,8
5072.0,23
5072.2,38
5072.3,10
5072.3,30
5072.7,20
5072.8,1
5076.3,14
5076.4,0
5076.4,31
5078.4,36
5078.8,26
5079.0,12
5079.0,18
5079.0,34
5079.3,3
5081.1,24
5081.1,28
5081.8,23
5082.2,6
5082.4,16
5082.8,37
5082.9,7
5082.9,8
5082.9,21
5083.2,1
5083.2,5
5083.4,25
5083.7,20
5084.2,17
5084.5,9
5084.9,27
5086.0,38
5086.1,29
5086.5,32
5087.6,10
5087.9,3
5088.0,14
5089.3,11
5089.8,39
5090.3,31
5090.6,26
5090.9,33
5091.1,12
5091.2,34
5091.6,23
5091.8,13
5091.8,36
5092.0,22
5093.6,17
5095.1,19
5096.8,9
5097.0,28
5097.8,8
5097.9,21
5098.3,6
5098.6,1
5099.3,35
5099.4,38
5099.5,29
5099.6,14
5099.7,16
5099.8,20
5100.2,23
5100.8,18
5100.8,27
5102.5,34
5102.5,36
5103.0,17
5104.5,10
5104.6,26
5104.6,32
5104.7,13
5105.1,11
5105.5,12
5105.8,22
5106.1,7
5106.2,3
5107.6,31
5108.3,37
5108.4,4
5108.7,25
5110.3,18
5110.5,24
5111.2,14
5112.6,1
5113.5,23
5113.5,29
5113.7,8
5113.9,20
5114.4,13
5114.7,3
5114.9,21
5114.9,36
5115.2,10
5115.3,27
5115.6,12
5116.4,34
5116.4,39
5117.9,33
5118.0,6
5118.0,14
5118.2,31
5118.6,28
5118.6,32
5118.9,24
5119.5,17
5120.3,0
5120.9,5
5121.0,11
5121.1,19
5122.2,9
5123.2,23
5124.2,1
5124.2,3
5124.9,8
5125.4,7
5125.6,16
5126.0,13
5126.0,36
5127.2,27
5127.6,25
5127.9,21
5129.2,18
5129.2,20
5129.6,14
5130.6,28
5132.0,6
5132.6,29
5132.8,31
5132.9,17
5133.7,3
5133.8,12
5134.0,8
5134.1,38
5135.1,10
5135.2,26
5135.5,34
5135.6,23
5135.7,9
5135.7,36
5135.8,13
5137.1,32
5137.3,35
5137.4,39
5139.4,19
5140.2,13
5140.4,0
5140.4,17
5140.9,1
5140.9,20
5142.1,7
5142.1,11
5142.3,14
5144.4,28
5146.1,12
5146.1,21
5146.2,29
5146.9,27
5147.1,6
5147.7,34
5147.9,31
5148.2,22
5148.2,36
5148.6,24
5149.0,37
5149.1,4
5149.1,9
5149.1,25
5149.5,3
5149.5,8
5149.5,16
5149.8,17
5150.1,20
5150.4,23
5152.1,10
5152.4,32
5153.9,12
5154.3,13
5154.3,18
5154.9,36
5156.0,26
5156.0,30
5156.2,35
5156.3,14
5156.3,38
5156.5,19
5159.1,39
5159.4,3
5159.4,15
5159.8,29
5160.4,28
5160.8,32
5161.3,23
5161.6,11
5161.7,27
5161.9,7
5162.0,34
5162.3,6
5162.8,17
5165.5,8
5165.8,36
5165.9,24
5166.8,0
5167.4,16
5167.4,20
5167.7,18
5167.7,28
5167.9,25
5168.0,14
5168.0,31
5168.8,21
5169.3,19
5169.4,26
5169.7,37
5170.1,33
5170.2,1
5170.2,39
5170.4,23
5170.8,9
5172.2,11
5172.3,12
5173.4,34
5173.5,29
5173.6,3
5174.1,36
5174.5,13
5175.2,2
5175.2,10
5175.5,4
5176.2,32
5177.0,1
5177.4,17
5178.9,6
5179.5,14
5179.6,27
5179.8,20
5180.2,28
5180.4,22
5180.4,24
5180.9,39
5181.1,23
5181.8,16
5181.9,8
5182.0,7
5183.5,21
5183.8,31
5184.8,3
5185.0,26
5185.7,12
5186.3,25
5187.0,38
5188.1,29
5189.1,18
5189.7,24
5189.9,4
5190.6,1
5190.9,23
5191.4,0
5191.8,5
5191.9,32
5192.1,11
5192.2,34
5192.6,13
5192.7,27
5192.7,19
5193.2,14
5193.8,35
5194.0,17
5194.0,39
5194.2,36
5194.4,9
5195.1,29
5195.6,20
5196.2,26
5196.6,28
5196.8,12
5197.0,6
5197.2,10
5197.5,21
5197.8,8
5197.9,3
5197.9,37
5198.5,7
5199.6,23
5200.2,1
5200.2,31
5200.9,38
5201.1,22
5201.6,36
5202.2,16
5202.5,19
5203.1,27
5206.0,12
5206.6,3
5207.2,33
5207.3,17
5207.5,34
5207.6,13
5207.7,24
5207.7,39
5207.9,37
5208.1,9
5208.2,25
5208.3,18
5208.4,14
5208.7,7
5208.7,32
5208.8,27
5208.9,6
5209.0,20
5209.7,0
5209.8,4
5209.8,8
5210.2,16
5210.5,23
5211.3,1
5213.4,29
5214.3,26
5215.2,28
5216.0,36
5216.2,11
5216.6,3
5217.5,17
5217.9,21
5218.0,14
5218.5,12
5218.5,31
5218.7,13
5219.1,20
5220.3,10
5220.3,34
5221.0,19
5222.2,6
5222.4,9
5222.4,23
5222.4,25
5222.8,29
5223.8,1
5225.9,38
5227.2,3
5227.8,32
5227.8,28
5228.9,7
5229.3,36
5229.7,27
5230.3,17
5230.3,37
5230.7,18
5230.8,21
5231.3,22
5231.4,26
5231.5,16
5231.6,24
5231.8,14
5232.8,4
5232.8,13
5232.9,12
5234.4,8
5234.4,29
5234.5,10
5234.7,34
5236.0,39
5236.5,20
5237.0,23
5237.3,2
5237.5,3
5238.5,25
5239.1,27
5239.6,31
5239.9,28
5240.2,6
5240.3,30
5240.4,17
5240.8,9
5240.8,11
5241.4,20
5242.0,1
5243.4,36
5244.3,38
5245.1,12
5245.1,35
5245.3,34
5245.8,32
5245.9,8
5246.2,19
5247.1,14
5247.3,13
5247.6,21
5247.6,24
5248.6,10
5248.8,39
5249.7,23
5250.4,22
5250.6,3
5250.7,0
5250.7,7
5250.9,27
5251.5,4
5251.5,26
5252.2,17
5252.2,29
5252.4,37
5252.6,16
5252.8,18
5254.0,36
5254.9,1
5255.1,20
5255.5,13
5255.6,6
5255.8,11
5256.4,9
5257.2,28
5257.6,8
5257.8,14
5258.3,31
5259.5,33
5259.5,23
5259.5,32
5260.2,12
5260.5,34
5261.0,38
5262.3,24
5262.5,19
5262.8,3
5262.9,21
5264.0,16
5264.4,27
5264.8,10
5264.8,37
5267.0,25
5267.0,39
5267.1,23
5267.4,36
5267.9,20
5268.5,13
5269.0,3
5270.0,12
5270.7,14
5270.8,1
5270.8,11
5271.3,34
5271.4,17
5271.5,28
5271.6,22
5271.7,26
5273.2,6
5273.5,29
5273.5,35
5273.8,7
5274.3,19
5274.4,15
5274.7,9
5275.1,18
5276.2,32
5276.6,36
5277.0,23
5277.8,8
5278.6,20
5278.6,21
5278.7,14
5278.7,24
5278.7,31
5279.3,27
5279.5,17
5279.6,37
5279.8,13
5280.2,3
5281.5,0
5281.8,29
5282.2,38
5282.6,1
5282.7,39
5284.1,10
5285.7,12
5286.4,26
5287.6,4
5289.1,34
5289.4,14
5290.1,28
5290.2,20
5291.3,21
5291.5,25
5292.4,18
5292.6,23
5292.6,32
5292.7,27
5292.8,16
5292.9,36
5293.0,7
5293.5,13
5293.7,17
5294.0,5
5294.0,39
5294.3,11
5295.0,6
5295.1,24
5295.6,31
5296.2,1
5296.5,22
5296.9,34
5297.6,37
5297.8,12
5297.8,14
5298.7,9
5298.8,3
5299.7,8
5299.8,29
5300.0,19
5300.4,23
5301.3,21
5301.9,36
5302.3,38
5302.5,20
5302.9,35
5303.1,26
5303.6,27
5303.9,15
5303.9,17
5304.0,10
5304.6,24
5306.2,28
5306.6,2
5307.3,11
5307.6,7
5309.7,32
5310.9,16
5311.1,13
5311.6,34
5312.2,1
5312.2,4
5312.2,23
5312.9,29
5313.1,36
5313.2,18
5314.0,31
5314.0,39
5314.4,3
5314.7,14
5314.7,27
5315.0,38
5315.1,9
5315.3,17
5315.4,12
5315.9,20
5316.2,6
5316.8,8
5317.6,21
5317.6,22
5320.4,34
5320.7,11
5320.7,25
5320.7,35
5320.9,10
5321.2,13
5321.5,0
5321.7,1
5321.8,26
5322.5,23
5322.6,37
5323.0,32
5323.2,7
5323.2,33
5323.5,28
5324.5,17
5324.6,14
5325.4,3
5327.1,24
5329.1,16
5329.5,31
5329.9,21
5329.9,27
5330.1,39
5330.6,38
5330.9,9
5331.1,29
5332.3,36
5332.5,6
5333.0,12
5334.7,13
5334.8,20
5335.6,17
5335.7,1
5335.7,8
5336.1,34
5336.8,23
5337.0,19
5337.0,32
5337.5,25
5338.0,14
5338.9,28
5339.0,18
5339.5,21
5339.6,27
5339.7,10
5340.5,36
5340.6,7
5340.9,3
5340.9,24
5341.0,22
5341.7,26
5343.6,11
5345.2,12
5345.4,39
5345.7,34
5346.0,6
5346.4,35
5346.5,9
5347.0,20
5347.2,16
5347.8,8
5347.9,17
5347.9,38
5348.5,29
5348.6,14
5350.0,13
5350.2,23
5350.5,4
5350.7,21
5351.6,3
5351.9,28
5352.2,27
5352.7,31
5354.0,32
5354.0,33
5354.0,37
5354.0,0
5354.3,18
5354.5,26
5354.6,5
5354.6,16
5355.0,20
5355.4,36
5355.8,2
5355.8,17
5355.8,24
5356.1,25
5356.2,11
5357.3,1
5358.4,22
5358.8,29
5359.0,19
5360.9,12
5362.5,23
5362.9,9
5363.2,14
5364.2,3
5364.4,6
5365.4,28
5365.4,34
5365.6,8
5366.0,0
5366.5,10
5366.5,17
5367.0,1
5367.4,27
5367.5,36
5368.4,20
5368.5,32
5368.7,18
5369.3,13
5369.4,29
5369.5,7
5370.0,21
5370.0,25
5370.3,39
5372.0,3
5372.7,12
5373.7,31
5373.8,4
5375.1,23
5375.4,26
5375.4,38
5376.7,16
5377.5,18
5377.9,36
5378.2,14
5378.3,10
5378.7,6
5378.7,9
5379.0,3
5379.0,17
5379.2,37
5379.7,34
5380.2,29
5380.6,24
5381.6,22
5382.0,21
5382.2,13
5382.5,11
5382.5,20
5382.8,1
5383.1,28
5384.5,26
5384.8,8
5385.2,31
5386.0,23
5386.7,27
5386.9,33
5387.3,17
5387.6,7
5388.1,36
5388.3,3
5388.3,39
5388.6,35
5388.8,14
5389.1,12
5389.4,9
5389.6,19
5390.3,32
5391.4,34
5392.4,10
5393.0,29
5393.5,20
5394.0,15
5394.6,21
5395.4,6
5395.5,13
5396.3,36
5396.5,24
5396.6,18
5396.9,38
5397.3,26
5397.8,23
5398.6,8
5399.1,12
5399.4,3
5399.5,9
5399.6,1
5399.7,16
5400.0,11
5400.0,31
5400.1,7
5401.0,17
5402.5,27
5402.9,22
5403.5,14
5403.6,25
5403.8,36
5404.1,20
5404.2,39
5404.3,28
5404.6,19
5405.1,32
5406.5,34
5407.4,29
5407.5,1
5407.9,24
5408.0,3
5408.7,23
5409.1,12
5409.3,10
5409.4,13
5409.5,18
5409.9,4
5409.9,21
5412.8,35
5414.1,9
5414.8,39
5415.2,20
5416.2,32
5416.4,6
5416.8,36
5416.8,8
5416.8,26
5417.4,16
5417.4,37
5417.7,31
5417.8,17
5418.0,23
5418.5,1
5418.5,27
5418.7,14
5419.0,7
5419.2,3
5419.8,25
5420.4,0
5420.4,10
5421.8,21
5421.8,28
5422.2,29
5422.4,13
5424.5,11
5426.0,9
5426.4,12
5427.0,2
5427.1,34
5427.8,19
5428.2,20
5428.6,24
5428.7,38
5428.7,39
5428.7,5
5429.0,8
5429.0,35
5429.0,22
5429.7,14
5429.8,23
5429.8,26
5430.0,16
5430.0,17
5430.1,31
5430.5,33
5430.5,36
5431.0,28
5431.1,37
5431.7,27
5431.8,3
5434.1,13
5434.8,29
5434.8,7
5435.1,6
5435.7,25
5435.9,18
5436.5,1
5436.5,12
5438.1,17
5438.1,21
5439.0,36
5439.1,16
5439.2,4
5439.7,34
5440.3,32
5440.8,23
5440.9,14
5441.9,10
5442.1,3
5444.8,24
5445.0,9
5445.2,19
5445.6,26
5445.9,28
5445.9,39
5446.0,31
5447.3,11
5447.6,12
5447.7,29
5447.8,8
5447.9,17
5449.4,34
5449.5,6
5449.5,32
5449.6,7
5449.8,36
5451.1,13
5451.1,38
5451.6,1
5451.8,27
5451.9,16
5451.9,14
5452.1,18
5452.1,25
5452.9,20
5453.9,37
5454.2,21
5455.4,23
5455.8,9
5456.6,3
5456.6,31
5457.9,12
5458.1,35
5460.2,26
5460.4,22
5460.9,36
5461.7,28
5462.1,17
5462.6,29
5462.6,32
5463.8,8
5463.8,27
5464.0,10
5464.4,6
5464.9,14
5465.1,0
5466.8,1
5466.8,3
5466.8,23
5467.1,19
5467.1,20
5467.5,21
5467.5,34
5468.3,11
5468.8,25
5469.0,12
5471.0,17
5471.7,13
5472.2,26
5472.3,24
5472.4,27
5472.5,7
5474.0,9
5474.1,4
5474.4,38
5474.6,31
5474.7,28
5474.8,18
5474.8,39
5475.7,10
5475.7,23
5475.9,3
5475.9,16
5476.6,36
5477.0,14
5477.5,32
5478.1,1
5478.1,34
5478.4,21
5479.5,20
5481.7,11
5482.0,19
5482.0,30
5482.0,35
5482.0,37
5482.3,6
5482.3,12
5482.9,17
5483.6,23
5484.1,13
5485.3,24
5485.7,8
5488.2,28
5488.9,29
5489.6,27
5489.9,3
5489.9,26
5490.0,25
5490.0,31
5490.3,2
5490.5,39
5491.2,20
5491.4,5
5491.4,22
5491.5,36
5491.7,13
5492.3,16
5492.7,23
5492.9,12
5492.9,38
5493.0,34
5493.2,14
5494.2,18
5494.9,7
5494.9,21
5495.3,37
5495.9,6
5496.2,9
5496.2,17
5496.4,10
5496.4,32
5497.1,19
5497.2,1
5499.5,33
5500.1,13
5501.0,29
5502.6,23
5502.9,0
5503.1,8
5503.6,22
5504.5,31
5504.8,3
5505.1,14
5505.4,11
5505.9,28
5506.1,21
5506.2,27
5506.2,39
5506.4,36
5506.5,17
5506.6,24
5506.6,35
5506.9,25
5507.1,34
5507.5,12
5507.6,10
5508.7,20
5509.2,6
5509.2,13
5509.3,19
5509.3,26
5510.8,7
5511.4,23
5511.4,16
5511.6,9
5513.1,1
5513.5,29
5513.7,32
5515.1,18
5515.8,31
5515.9,38
5516.4,21
5516.4,27
5516.5,37
5517.4,14
5517.8,12
5518.0,11
5518.1,39
5518.9,36
5519.9,8
5521.3,3
5521.3,10
5521.3,17
5521.5,20
5522.1,6
5522.5,25
5522.5,26
5522.8,9
5523.2,23
5523.6,24
5524.5,1
5525.1,4
5527.3,28
5527.7,27
5527.8,14
5529.6,3
5529.6,13
5529.6,31
5529.9,20
5530.1,36
5530.2,16
5530.2,34
5530.5,12
5531.1,21
5531.2,0
5531.2,32
5531.3,22
5531.6,2
5532.7,29
5533.3,24
5533.9,26
5534.5,7
5534.9,28
5535.2,37
5535.8,23
5538.5,1
5538.8,11
5539.0,19
5539.1,13
5539.5,27
5539.6,14
5540.3,3
5540.6,17
5541.4,39
5541.5,18
5542.3,9
5542.4,36
5542.5,16
5542.6,20
5542.8,33
5543.0,6
5543.0,24
5543.0,31
5544.0,29
5544.0,34
5544.2,21
5544.9,32
5546.5,12
5547.5,10
5548.2,38
5548.8,23
5549.1,7
5549.1,8
5549.3,25
5549.3,28
5549.8,17
5551.0,27
5552.7,1
5552.7,14
5552.8,4
5553.2,13
5553.6,20
5553.7,36
5554.2,37
5554.3,26
5554.4,24
5554.4,34
5554.5,35
5554.6,22
5554.7,11
5555.4,3
5555.9,31
5555.9,39
5556.1,9
5557.6,21
5557.8,15
5558.0,29
5558.4,6
5558.7,19
5559.1,23
5559.2,16
5560.2,17
5560.6,32
5563.7,12
5564.7,10
5565.0,36
5565.2,14
5565.9,31
5566.6,3
5566.7,24
5567.3,26
5567.9,27
5568.1,18
5568.1,25
5568.4,13
5569.0,34
5569.1,7
5569.3,8
5569.4,17
5569.4,28
5569.9,21
5570.9,1
5571.8,23
5573.5,11
5573.7,20
5574.9,9
5575.1,38
5575.6,6
5575.6,14
5576.7,3
5576.7,36
5576.9,12
5577.4,29
5578.1,39
5578.8,35
5578.9,32
5579.8,17
5579.9,31
5579.9,21
5580.6,27
5581.0,5
5581.0,23
5581.5,24
5581.6,13
5582.1,37
5582.5,10
5583.0,22
5583.3,16
5584.2,26
5586.6,34
5587.1,0
5587.1,28
5587.6,33
5588.1,36
5588.9,20
5589.1,8
5589.4,9
5590.1,14
5590.8,1
5590.8,19
5591.2,3
5591.5,23
5591.6,6
5591.8,25
5592.0,13
5592.1,12
5592.7,32
5593.0,29
5593.1,11
5593.3,30
5593.3,17
5593.7,34
5595.2,24
5595.2,38
5595.3,10
5595.8,31
5596.6,27
5597.0,7
5597.4,39
5599.0,36
5599.1,3
5600.6,16
5601.2,14
5601.2,18
5601.3,21
5603.4,28
5603.7,26
5604.3,12
5605.0,1
5605.4,6
5605.8,8
5606.2,13
5606.2,17
5606.5,37
5606.7,10
5606.7,23
5606.8,20
5606.9,4
5606.9,15
5607.3,34
5608.5,22
5608.5,29
5608.5,36
5608.6,31
5608.8,0
5608.9,19
5609.3,7
5609.5,24
5610.0,9
5612.0,3
5612.8,27
5613.2,35
5613.5,32
5613.7,14
5614.1,11
5614.4,39
5614.6,12
5615.0,25
5615.0,28
5615.3,13
5615.5,1
5615.5,16
5615.5,26
5615.6,21
5615.9,38
5617.3,23
5617.4,17
5617.6,8
5618.0,29
5618.2,36
5621.1,7
5622.0,31
5622.2,20
5622.3,18
5623.4,6
5623.5,21
5623.7,34
5624.9,10
5625.0,14
5625.3,22
5625.6,9
5626.3,1
5626.3,36
5626.7,12
5627.0,3
5627.2,27
5629.0,32
5629.4,33
5630.2,26
5630.2,39
5631.1,9
5631.1,24
5631.9,38
5632.4,19
5632.5,8
5632.7,13
5633.2,23
5633.9,31
5634.4,20
5634.8,28
5635.4,35
5635.6,16
5635.9,21
5636.2,0
5636.3,4
5636.3,17
5636.4,29
5637.1,2
5638.3,14
5638.3,36
5638.6,1
5639.4,3
5640.2,27
5640.8,34
5641.1,18
5641.5,23
5641.6,37
5641.9,25
5642.6,6
5643.4,10
5643.4,32
5644.8,11
5644.8,17
5645.0,39
5645.1,28
5645.2,12
5645.9,7
5646.4,8
5646.4,26
5647.0,20
5647.3,4
5647.4,33
5648.8,13
5649.7,9
5649.9,3
5650.6,27
5651.1,36
5651.3,5
5651.5,14
5652.7,1
5652.8,21
5653.1,23
5654.3,31
5654.6,16
5655.1,34
5657.8,20
5658.5,17
5658.8,24
5659.6,0
5659.9,6
5659.9,35
5660.1,36
5660.3,22
5660.4,19
5661.2,10
5661.3,7
5661.6,29
5662.1,14
5662.2,26
5662.3,23
5662.3,32
5662.9,3
5663.1,8
5663.5,12
5664.7,39
5665.2,37
5665.3,13
5665.6,18
5666.5,27
5667.1,11
5668.5,34
5668.6,9
5668.8,25
5669.0,28
5669.9,17
5669.9,38
5670.1,31
5672.4,29
5672.9,14
5673.6,36
5673.8,3
5674.1,23
5674.1,1
5674.3,2
5674.3,10
5675.0,39
5675.3,4
5675.9,30
5676.2,6
5676.2,32
5676.3,12
5676.4,0
5676.6,16
5677.0,8
5678.1,13
5679.0,24
5680.5,34
5680.8,26
5682.0,20
5682.3,19
5682.3,21
5683.0,28
5683.1,17
5683.4,11
5684.0,37
5684.4,27
5684.6,23
5684.7,36
5685.0,3
5685.6,25
5686.2,9
5687.5,7
5688.1,38
5689.0,16
5689.4,14
5689.9,6
5690.6,13
5690.9,10
5691.1,26
5691.4,1
5691.5,31
5692.0,12
5692.0,20
5692.4,17
5692.4,21
5693.4,32
5693.9,34
5694.2,3
5694.2,8
5694.9,23
5695.3,39
5696.2,29
5697.0,24
5697.6,22
5697.8,18
5697.8,27
5697.8,28
5699.2,33
5699.4,14
5699.6,19
5699.8,0
5700.0,35
5700.1,36
5701.1,4
5701.1,17
5701.2,9
5701.3,25
5701.5,11
5701.7,12
5702.1,16
5702.3,7
5702.7,31
5703.3,6
5704.2,3
5704.3,20
5704.9,34
5706.6,24
5706.7,21
5706.8,1
5706.9,8
5707.6,26
5708.2,13
5708.7,23
5709.0,5
5710.9,14
5711.0,32
5711.1,29
5711.1,12
5711.1,37
5712.2,25
5712.3,18
5712.4,10
5712.4,36
5712.9,0
5712.9,22
5712.9,28
5713.2,38
5713.7,27
5714.0,17
5714.1,9
5714.5,39
5715.5,31
5715.6,34
5719.2,11
5720.2,1
5720.7,3
5721.0,8
5721.1,26
5721.2,6
5721.4,23
5722.4,10
5722.8,20
5723.2,21
5723.3,16
5723.8,13
5724.0,27
5724.4,2
5724.6,19
5724.6,24
5724.8,36
5725.1,7
5725.1,29
5725.3,14
5725.3,32
5725.7,17
5726.1,12
5726.2,18
5726.3,35
5727.1,0
5727.7,28
5730.5,3
5730.5,9
5731.2,6
5732.6,25
5732.7,31
5732.8,34
5733.0,11
5734.1,20
5734.4,23
5735.0,26
5736.0,32
5736.6,1
5736.6,10
5737.3,27
5737.6,38
5737.8,8
5738.5,22
5738.5,29
5738.5,33
5738.5,39
5739.0,4
5739.1,13
5739.2,12
5739.4,17
5739.6,36
5741.1,14
5742.4,23
5742.9,21
5743.3,28
5743.5,16
5743.9,34
5744.6,18
5744.6,24
5745.7,9
5745.7,20
5746.4,3
5746.5,19
5747.3,31
5747.7,6
5747.9,1
5749.8,27
5750.0,32
5750.4,8
5750.4,13
5751.0,14
5751.0,23
5751.0,29
5751.5,17
5752.0,12
5752.1,22
5752.2,25
5753.3,7
5753.3,11
5753.4,36
5755.6,26
5756.3,34
5757.4,21
5759.0,38
5759.3,39
5759.4,18
5759.7,37
5759.9,3
5760.0,6
5760.0,28
5760.4,16
5761.2,27
5761.4,17
5761.6,23
5761.8,0
5762.0,1
5762.0,35
5762.1,8
5762.3,31
5762.4,30
5762.5,14
5762.8,10
5763.1,29
5763.1,32
5763.5,20
5764.1,9
5764.4,12
5764.4,24
5765.5,36
5766.3,13
5768.5,19
5769.1,17
5769.3,26
5769.8,3
5770.1,38
5770.5,33
5770.6,11
5771.4,34
5772.9,27
5774.4,23
5775.0,22
5775.1,39
5775.3,21
5775.3,25
5775.6,14
5775.6,29
5775.9,1
5776.0,10
5776.0,18
5776.6,16
5777.0,20
5777.3,28
5777.4,4
5777.8,8
5777.8,12
5778.5,7
5778.5,36
5779.0,32
5779.2,13
5780.2,35
5780.3,37
5780.6,6
5781.2,3
5781.8,34
5782.5,0
5783.2,19
5783.7,9
5784.1,23
5785.0,31
5785.0,38
5786.5,1
5786.7,11
5787.1,14
5787.2,17
5787.3,16
5787.5,15
5788.1,36
5789.6,27
5790.5,24
5791.3,8
5791.4,21
5791.7,25
5791.8,20
5791.8,28
5791.8,29
5793.0,7
5793.6,3
5793.8,32
5794.0,10
5794.2,12
5794.2,34
5794.2,39
5794.3,13
5794.8,23
5794.8,31
5794.9,6
5795.6,26
5795.9,14
5796.6,1
5796.6,17
5798.5,36
5799.1,11
5800.2,9
5800.7,38
5802.5,16
5802.8,27
5803.0,10
5803.3,20
5803.5,33
5804.6,29
5804.7,26
5804.7,28
5805.0,37
5805.2,8
5805.4,18
5807.2,34
5807.6,14
5807.8,19
5807.8,35
5807.9,31
5808.5,21
5808.7,23
5809.0,25
5809.4,3
5809.4,13
5809.5,12
5811.2,32
5811.2,36
5811.3,17
5811.5,7
5812.3,24
5812.4,1
5812.9,11
5814.2,39
5814.3,9
5814.7,20
5814.9,22
5816.9,0
5817.1,29
5817.6,6
5818.6,8
5819.0,27
5820.1,17
5820.4,28
5820.6,10
5821.1,36
5821.3,34
5821.4,14
5821.8,12
5821.9,18
5822.0,37
5822.1,24
5822.3,3
5822.8,21
5823.0,26
5824.2,13
5826.9,16
5826.9,23
5826.9,38
5827.4,1
5828.7,31
5829.0,19
5829.0,32
5829.4,5
5830.1,20
5830.4,25
5831.1,6
5831.7,36
5832.3,27
5832.3,29
5832.3,34
5832.8,14
5833.1,9
5833.4,12
5833.6,8
5833.7,3
5833.9,37
5834.0,17
5834.5,21
5835.3,7
5835.7,18
5836.0,28
5836.9,1
5837.0,13
5837.1,24
5838.4,36
5838.7,31
5840.1,20
5840.3,23
5840.6,27
5840.8,22
5841.5,11
5841.6,19
5842.0,17
5842.4,3
5843.2,10
5843.5,26
5844.4,0
5845.3,35
5846.0,6
5846.6,29
5846.7,39
5846.8,32
5847.6,12
5847.7,25
5847.8,18
5847.9,36
5848.1,23
5848.3,38
5848.5,34
5850.3,33
5850.7,20
5851.0,21
5851.1,27
5851.3,37
5851.5,24
5851.7,7
5851.7,8
5851.7,16
5852.0,13
5852.2,14
5852.4,17
5852.4,19
5852.8,9
5853.6,28
5853.8,3
5854.0,31
5855.2,4
5855.5,1
5859.1,10
5860.0,6
5860.0,32
5861.4,23
5861.5,34
5862.2,26
5862.4,36
5862.8,17
5863.0,7
5863.5,27
5863.5,29
5863.8,31
5864.2,3
5864.7,38
5865.4,20
5865.6,25
5866.2,28
5866.9,18
5867.0,14
5867.9,11
5868.2,24
5868.5,39
5868.7,12
5868.8,8
5869.0,1
5869.3,13
5870.3,19
5870.6,16
5872.6,9
5873.6,21
5873.6,26
5874.2,5
5874.4,17
5874.5,6
5875.9,10
5875.9,36
5876.1,23
5876.5,14
5876.5,32
5876.6,3
5876.7,34
5877.0,7
5877.2,22
5877.4,29
5879.1,12
5879.2,28
5881.2,33
5881.6,24
5881.8,37
5882.1,27
5883.1,13
5883.4,25
5883.7,20
5884.0,3
5884.1,0
5884.2,14
5884.3,1
5884.4,11
5884.5,8
5884.9,4
5885.3,39
5886.2,17
5886.9,31
5887.0,18
5887.4,6
5887.5,28
5887.6,9
5887.7,35
5889.2,16
5889.4,29
5889.4,36
5890.1,26
5891.1,23
5891.5,27
5891.7,34
5891.9,7
5893.0,21
5893.2,12
5893.9,22
5894.0,17
5894.5,19
5894.6,32
5895.4,8
5895.8,13
5896.4,1
5896.5,3
5896.6,14
5896.7,11
5896.8,10
5897.0,39
5898.5,24
5899.9,38
5900.1,20
5900.7,29
5900.8,28
5901.6,37
5903.0,36
5903.1,23
5903.6,31
5905.0,9
5905.1,21
5905.2,17
5905.3,34
5905.4,25
5906.8,26
5906.9,3
5908.4,16
5909.1,27
5909.3,1
5909.5,4
5909.5,18
5909.6,24
5909.7,7
5909.8,0
5910.1,12
5910.4,32
5910.7,39
5911.0,6
5911.0,36
5911.1,13
5911.6,8
5912.6,20
5912.7,21
5913.0,11
5913.0,29
5913.1,14
5916.1,9
5916.4,19
5916.7,10
5917.0,31
5917.4,34
5917.7,22
5918.0,3
5918.0,23
5918.5,1
5918.9,37
5919.4,28
5919.8,13
5921.6,17
5922.6,25
5923.3,20
5924.5,26
5924.5,12
5924.5,24
5925.0,36
5925.8,32
5926.5,38
5926.6,0
5926.6,35
5926.7,11
5926.7,29
5926.9,21
5927.5,27
5927.7,34
5928.1,1
5928.7,14
5929.7,23
5929.8,16
5930.0,3
5930.4,6
5930.4,8
5930.8,28
5931.4,9
5933.4,13
5934.2,17
5934.4,18
5934.7,39
5935.0,36
5935.2,31
5936.2,37
5938.5,12
5939.1,33
5939.2,10
5939.7,32
5940.0,14
5940.1,7
5940.3,25
5940.4,27
5940.5,26
5940.6,4
5940.9,24
5941.0,19
5941.2,28
5941.6,23
5941.7,20
5942.3,29
5942.3,34
5944.8,3
5945.0,38
5945.3,13
5945.7,11
5947.1,1
5947.1,21
5947.2,22
5948.2,6
5948.2,9
5948.5,8
5948.7,15
5948.8,17
5948.8,31
5948.9,36
5949.7,16
5950.2,14
5950.4,37
5950.4,10
5950.4,23
5951.9,39
5952.9,24
5953.4,34
5954.9,29
5955.4,12
5955.6,27
5956.3,20
5957.3,3
5957.6,18
5958.0,35
5958.5,13
5958.9,1
5959.3,4
5959.5,19
5959.7,0
5960.1,23
5960.4,31
5960.5,32
5961.0,21
5961.2,26
5962.2,7
5962.6,36
5962.9,14
5962.9,17
5963.1,28
5963.4,34
5964.0,37
5964.5,9
5964.7,25
5965.6,8
5966.6,6
5968.8,3
5969.4,29
5970.5,12
5971.2,13
5971.5,1
5971.7,17
5972.0,16
5972.0,20
5972.0,24
5972.3,23
5972.5,27
5972.9,33
5973.1,38
5973.2,14
5973.6,11
5973.7,26
5973.8,39
5974.2,19
5975.0,36
5975.4,32
5976.0,34
5976.5,28
5976.6,10
5977.3,2
5977.8,3
5977.8,6
5978.5,21
5978.7,23
5978.8,25
5980.3,12
5981.2,13
5981.7,31
5982.1,22
5982.5,18
5982.8,27
5983.4,17
5983.6,8
5984.6,37
5985.3,3
5985.5,36
5986.0,9
5986.3,26
5986.4,14
5987.3,0
5988.0,34
5989.1,29
5989.4,23
5989.6,4
5989.9,1
5990.7,5
5990.7,13
5990.8,7
5990.9,12
5991.0,32
5991.1,20
5991.7,21
5991.9,11
5996.0,6
5996.1,36
5997.0,19
5997.1,38
5997.3,16
5997.3,28
5997.4,26
5997.4,27
5997.8,31
5997.9,24
5998.1,10
5998.2,21
5998.7,39
5999.0,9
5999.0,17
5999.5,3
6000.7,35
6001.2,8
6002.6,13
6003.0,29
6003.3,1
6003.7,37
6004.7,23
6005.2,36
6005.2,14
6005.8,34
6005.9,7
6006.2,25
6006.2,32
6007.5,18
6007.8,12
6008.0,20
6008.2,33
6009.1,22
6009.9,3
6010.2,9
6010.3,2
6010.7,11
6010.7,16
6010.7,17
6012.2,27
6012.7,21
6013.1,24
6013.1,31
6013.8,28
6014.4,10
6014.8,13
6014.9,36
6015.2,4
6015.3,34
6015.4,26
6015.7,14
6015.8,39
6015.9,6
6016.4,8
6016.5,3
6016.7,5
6017.4,38
6017.6,23
6021.0,12
6021.3,29
6021.6,27
6021.6,32
6022.3,25
6023.2,36
6023.7,17
6024.7,9
6024.7,20
6025.1,16
6025.8,1
6025.9,6
6025.9,14
6025.9,23
6025.9,34
6027.3,19
6027.7,21
6027.7,28
6028.1,13
6030.5,7
6030.6,26
6030.8,35
6031.5,11
6032.4,8
6032.4,20
6032.6,0
6032.7,3
6033.4,31
6033.5,38
6033.7,37
6034.0,27
6034.1,12
6034.2,23
6034.5,10
6036.9,32
6037.8,18
6038.3,36
6038.8,39
6039.5,17
6039.8,28
6041.3,34
6041.4,14
6041.4,29
6041.7,3
6042.1,13
6042.5,1
6042.6,9
6043.3,6
6043.7,19
6043.8,22
6044.8,21
6044.8,24
6044.9,10
6044.9,16
6045.4,8
6045.5,27
6046.5,7
6049.3,12
6049.3,23
6049.5,26
6049.7,37
6050.0,13
6050.1,29
6050.4,2
6050.8,14
6050.8,38
6051.0,20
6051.7,33
6051.7,36
6052.3,18
6052.7,28
6052.8,32
6053.1,17
6053.2,11
6053.6,31
6054.0,16
6054.3,3
6057.1,19
6057.3,1
6057.3,6
6057.5,25
6057.6,34
6058.2,27
6059.1,9
6059.3,12
6059.3,39
6059.4,23
6059.8,10
6060.0,7
6060.0,8
6060.2,13
6060.5,26
6061.6,36
6062.9,3
6063.7,24
6063.8,29
6065.5,4
6065.5,28
6065.6,21
6065.9,14
6066.1,16
6066.2,17
6066.4,20
6068.1,32
6069.4,11
6069.7,5
6070.5,34
6070.6,13
6070.9,10
6072.4,18
6072.5,22
6072.6,23
6073.2,6
6073.3,25
6073.4,37
6073.5,1
6073.5,9
6074.1,7
6074.1,17
6074.1,36
6074.4,31
6074.5,8
6074.5,12
6074.5,38
6075.0,27
6075.2,3
6076.9,35
6078.4,26
6079.4,39
6079.9,24
6080.6,1
6081.1,14
6081.1,23
6081.4,28
6081.7,20
6081.8,13
6082.6,8
6083.1,31
6083.5,11
6083.6,16
6083.7,12
6083.8,3
6085.0,34
6086.3,17
6086.3,29
6086.8,21
6086.9,32
6087.1,38
6087.2,0
6087.6,36
6088.1,19
6088.4,27
6089.0,7
6089.7,23
6090.4,26
6090.6,6
6091.1,25
6092.0,3
6092.4,12
6092.8,14
6093.1,20
6093.5,9
6093.5,24
6093.6,11
6093.8,1
6094.4,10
6094.5,37
6094.6,18
6094.9,39
6095.7,31
6095.9,13
6096.2,28
6097.0,17
6097.0,34
6098.5,16
6098.8,8
6099.3,36
6099.4,27
6099.4,33
6099.6,5
6099.6,22
6100.4,32
6100.6,21
6101.1,23
6101.3,29
6102.7,1
6103.0,15
6103.2,3
6103.4,31
6103.9,38
6105.1,14
6106.6,19
6106.6,22
6107.1,12
6108.5,39
6108.6,13
6109.2,36
6109.4,10
6109.9,9
6109.9,34
6110.5,17
6111.6,11
6111.6,28
6111.8,32
6111.9,27
6112.2,8
6112.3,21
6112.8,23
6112.9,6
6113.0,24
6113.1,3
6113.2,35
6113.3,7
6113.3,14
6113.4,20
6113.8,0
6113.9,4
6114.3,29
6115.4,25
6116.1,36
6117.1,1
6117.7,34
6118.8,12
6118.9,39
6120.5,18
6122.1,23
6124.2,38
6124.4,9
6124.8,37
6125.5,3
6126.1,28
6126.3,25
6126.4,19
6126.4,26
6126.9,6
6127.0,13
6127.2,14
6127.4,24
6127.6,20
6127.7,27
6128.1,17
6128.5,10
6128.7,31
6129.0,16
6129.5,1
6129.8,11
6129.9,8
6131.3,23
6131.7,36
6131.8,22
6131.8,34
6132.5,32
6132.6,7
6132.7,12
6134.1,29
6134.1,39
6134.4,13
6134.6,5
6135.2,21
6135.4,19
6135.8,10
6137.3,17
6138.1,23
6139.2,33
6139.6,14
6140.4,3
6140.6,20
6141.2,36
6141.5,28
6141.9,34
6142.3,35
6144.8,9
6144.8,16
6145.6,11
6145.7,12
6145.9,24
6146.1,1
6146.7,27
6147.0,21
6147.2,8
6147.4,39
6148.1,26
6148.2,7
6148.2,31
6148.2,37
6148.9,13
6149.1,4
6149.4,0
6149.7,38
6149.9,17
6150.1,25
6150.4,3
6150.6,5
6150.7,18
6150.9,32
6151.1,23
6151.8,29
6152.0,6
6152.0,19
6152.1,10
6152.4,14
6152.5,36
6152.8,28
6153.4,20
6157.6,12
6157.8,27
6157.9,39
6158.3,9
6158.9,21
6159.0,22
6159.4,17
6159.5,23
6160.2,34
6160.3,3
6161.6,1
6162.1,11
6162.3,31
6163.0,14
6163.1,13
6163.2,26
6163.5,8
6163.5,36
6163.8,33
6166.8,21
6167.0,6
6167.5,23
6167.6,32
6168.2,7
6168.2,18
6168.5,15
6168.5,35
6168.8,20
6169.4,25
6171.0,27
6171.1,24
6171.8,29
6172.0,38
6172.9,12
6174.1,10
6174.5,34
6174.5,37
6175.0,17
6175.5,14
6175.6,28
6175.7,9
6175.8,11
6176.0,16
6176.2,13
6177.4,31
6177.9,3
6177.9,26
6178.1,23
6178.2,22
6179.0,0
6179.0,36
6179.5,39
6179.9,7
6180.5,19
6182.5,12
6182.5,27
6183.1,21
6183.5,24
6183.6,20
6184.1,8
6184.3,6
6185.4,32
6185.4,34
6186.5,29
6187.0,35
6187.1,10
6187.3,17
6187.5,11
6187.6,1
6188.6,38
6188.7,14
6188.8,26
6188.9,37
6189.6,23
6189.9,12
6190.2,25
6190.2,30
6190.3,33
6190.7,3
6190.7,13
6190.9,18
6191.8,36
6191.9,28
6192.2,39
6194.9,9
6195.3,31
6195.7,27
6196.3,20
6196.6,21
6197.5,7
6197.5,16
6198.3,8
6198.5,34
6198.8,4
6198.9,36
6199.6,1
6199.8,14
6200.0,10
6200.1,6
6200.6,19
6200.8,3
6202.1,28
6202.2,13
6202.3,18
6203.0,22
6203.0,29
6203.1,2
6203.6,23
6203.7,26
6203.7,32
6204.1,9
6205.3,17
6205.4,11
6207.0,16
6207.0,36
6207.2,34
6207.4,25
6207.8,39
6207.9,12
6209.1,27
6211.4,24
6212.5,32
6212.6,8
6213.0,1
6213.3,21
6213.5,7
6214.1,14
6214.1,38
6214.3,0
6215.0,3
6215.1,10
6215.4,23
6215.4,31
6215.5,6
6215.6,9
6215.9,20
6216.2,28
6216.2,34
6216.3,35
6216.4,29
6216.6,5
6217.0,12
6217.1,17
6218.1,33
6218.3,13
6218.3,36
6218.8,39
6221.2,27
6221.3,25
6221.8,26
6221.9,19
6222.3,11
6222.9,37
6224.3,21
6224.3,31
6224.8,20
6225.0,23
6225.6,18
6226.6,1
6227.0,13
6227.1,34
6227.4,6
6228.8,32
6229.0,9
6229.5,24
6230.5,17
6231.3,16
6231.5,14
6231.6,3
6231.6,8
6232.1,12
6232.1,28
6232.5,36
6233.1,22
6233.5,4
6233.8,20
6234.1,7
6234.8,21
6235.0,23
6235.8,39
6236.3,10
6236.6,29
6237.3,32
6237.4,14
6237.4,27
6239.9,6
6240.5,15
6241.7,18
6242.1,9
6242.1,13
6242.1,34
6242.3,11
6242.4,37
6243.0,17
6243.0,31
6243.3,12
6243.3,26
6243.4,1
6243.6,36
6243.7,38
6243.9,20
6244.1,19
6244.2,7
6244.7,16
6246.1,27
6247.3,8
6248.1,23
6248.5,21
6248.7,3
6249.9,22
6250.1,10
6250.2,14
6250.9,2
6252.6,39
6253.3,34
6254.2,1
6254.5,25
6254.8,24
6254.8,29
6254.9,23
6255.7,28
6256.1,32
6256.3,20
6257.5,26
6257.6,36
6257.7,3
6257.7,7
6257.7,13
6257.7,18
6257.7,33
6258.0,12
6258.2,16
6258.3,17
6258.4,27
6258.7,38
6259.0,10
6259.8,6
6260.3,35
6260.5,19
6260.6,8
6263.4,14
6263.6,11
6264.0,31
6264.7,34
6265.2,4
6265.3,13
6265.4,9
6265.5,24
6265.6,23
6266.3,1
6266.5,0
6266.7,12
6267.1,25
6267.6,20
6268.6,21
6268.9,27
6269.2,36
6269.8,35
6270.0,28
6270.1,3
6270.1,39
6270.5,29
6271.5,14
6272.2,16
6273.1,17
6274.3,6
6274.3,32
6274.5,26
6276.1,7
6276.4,1
6276.5,34
6276.6,8
6277.0,23
6277.2,38
6277.3,36
6277.8,10
6278.1,37
6278.1,15
6278.5,20
6279.6,13
6279.6,14
6280.0,27
6280.0,28
6280.6,31
6280.8,18
6281.0,9
6281.0,17
6281.8,22
6282.9,25
6283.0,21
6283.5,24
6283.7,3
6284.1,12
6284.2,33
6284.3,19
6284.7,5
6285.2,11
6285.3,23
6287.2,20
6287.6,26
6288.6,28
6288.8,30
6289.0,32
6289.1,18
6289.2,34
6289.5,29
6289.8,39
6291.5,36
6291.8,9
6292.6,3
6293.5,31
6294.1,14
6294.7,8
6295.0,17
6295.1,1
6295.4,23
6295.5,6
6296.6,4
6296.6,7
6296.7,24
6297.1,16
6297.2,32
6297.3,35
6297.4,10
6297.4,13
6298.0,33
6298.4,12
6298.5,27
6299.5,37
6300.2,21
6301.0,29
6301.8,20
6301.8,34
6301.8,39
6303.2,26
6304.0,13
6305.0,19
6305.2,11
6305.5,38
6305.7,36
6306.1,22
6306.4,14
6307.5,0
6307.8,3
6308.0,23
6308.0,27
6308.2,6
6308.8,9
6308.9,17
6309.3,28
6310.3,20
6310.6,16
6311.3,32
6311.6,1
6312.3,39
6312.4,31
6312.6,21
6312.7,12
6313.2,29
6314.5,10
6315.2,14
6315.8,8
6316.2,2
6316.2,13
6317.3,25
6317.7,5
6317.7,36
6317.7,37
6317.7,27
6318.1,11
6318.5,23
6318.7,3
6319.0,18
6320.0,4
6320.2,26
6320.7,7
6320.9,24
6321.0,9
6321.4,12
6321.6,20
6321.9,6
6322.4,35
6322.4,38
6323.4,21
6325.2,34
6325.4,22
6325.4,29
6325.6,1
6325.7,17
6326.5,36
6326.7,28
6326.8,16
6327.2,32
6327.2,37
6327.5,27
6327.6,14
6327.7,30
6328.4,10
6328.8,23
6329.1,39
6329.6,19
6331.1,3
6331.1,20
6331.1,25
6331.8,8
6332.1,13
6332.6,12
6332.6,26
6332.7,7
6332.9,11
6335.4,21
6335.5,6
6335.6,24
6336.5,17
6337.0,36
6337.2,1
6337.4,4
6338.3,27
6338.3,32
6338.6,10
6338.6,31
6339.9,9
6340.0,23
6340.3,38
6340.6,3
6340.6,13
6341.8,34
6343.3,18
6343.6,12
6343.6,16
6343.8,14
6343.8,29
6343.9,26
6344.0,11
6345.4,24
6345.5,10
6345.5,17
6345.6,21
6345.8,36
6346.0,8
6346.1,28
6346.7,20
6347.5,35
6348.1,1
6348.3,27
6348.5,23
6348.9,7
6349.3,32
6350.0,34
6350.7,37
6353.4,19
6353.7,3
6354.1,0
6354.1,39
6354.3,14
6354.8,22
6355.2,6
6355.2,33
6355.5,31
6355.8,13
6356.2,9
6356.5,4
6356.5,12
6356.7,26
6356.9,5
6357.0,29
6358.3,17
6358.7,36
6359.2,25
6359.3,8
6360.2,21
6360.4,23
6360.5,3
6361.5,28
6361.8,27
6362.0,38
6362.4,20
6362.5,24
6362.9,14
6363.2,32
6364.3,11
6364.7,12
6367.5,34
6368.2,18
6368.9,30
6369.0,13
6369.0,29
6369.5,17
6369.9,1
6369.9,10
6370.2,28
6371.1,3
6371.5,22
6372.4,15
6372.5,21
6372.7,32
6372.8,19
6372.9,31
6372.9,39
6373.2,2
6373.2,7
6373.3,20
6373.4,6
6373.4,37
6373.5,38
6373.7,16
6373.8,27
6374.0,36
6374.1,26
6374.2,12
6374.2,23
6374.2,25
6374.6,9
6375.1,0
6375.4,34
6376.1,8
6377.9,24
6379.9,35
6380.2,17
6380.4,29
6381.1,13
6381.5,11
6381.7,14
6383.0,21
6383.2,10
6383.7,4
6383.8,27
6384.4,3
6384.9,18
6384.9,23
6385.6,20
6386.0,12
6386.6,39
6388.2,28
6388.5,36
6389.1,1
6389.2,33
6389.9,19
6390.3,7
6390.3,29
6390.5,8
6390.5,31
6390.9,16
6391.1,21
6391.6,6
6392.1,13
6393.1,24
6393.8,26
6393.9,23
6394.1,34
6394.3,9
6394.5,17
6396.0,32
6398.2,3
6398.2,27
6398.5,20
6398.8,36
6399.7,2
6399.9,14
6400.0,31
6400.1,37
6400.4,39
6400.4,12
6403.0,7
6403.4,17
6403.9,1
6404.3,13
6404.3,34
6405.4,10
6406.4,6
6406.4,35
6406.5,23
6406.6,22
6407.6,21
6408.3,38
6408.4,9
6409.4,3
6409.6,25
6410.4,26
6410.8,20
6410.8,27
6410.8,32
6411.3,18
6411.4,8
6411.5,36
6411.9,14
6412.1,11
6412.1,16
6412.6,31
6413.3,28
6413.7,19
6414.1,12
6414.1,13
6414.8,24
6415.1,29
6415.3,1
6415.3,17
6416.5,23
6416.7,0
6417.6,34
6418.6,5
6418.9,7
6418.9,33
6419.8,39
6421.2,37
6421.6,3
6422.0,6
6422.0,15
6422.9,26
6423.5,14
6423.8,21
6423.9,20
6424.0,30
6424.0,35
6424.1,22
6424.2,11
6424.3,36
6424.8,32
6427.7,18
6427.8,13
6428.1,27
6428.3,23
6428.5,17
6428.7,8
6428.7,34
6428.9,4
6429.0,28
6429.5,29
6429.5,31
6429.6,9
6429.6,1
6430.2,3
6430.2,10
6430.2,12
6431.6,19
6432.4,36
6432.5,20
6433.2,14
6434.0,24
6434.3,6
6434.6,7
6437.2,25
6437.8,33
6438.4,16
6438.5,39
6440.0,21
6440.2,32
6440.3,27
6440.8,3
6441.0,14
6441.4,11
6441.7,29
6441.8,34
6441.9,13
6442.0,23
6442.4,17
6442.6,35
6442.9,28
6443.0,10
6443.2,26
6443.5,18
6444.4,36
6445.5,38
6446.0,8
6446.2,1
6447.5,12
6448.5,9
6449.8,31
6449.9,24
6450.0,20
6450.1,22
6450.7,3
6450.7,15
6451.0,19
6451.3,37
6451.7,7
6451.7,25
6452.2,14
6452.2,17
6452.5,21
6452.7,13
6453.4,29
6453.4,34
6454.6,6
6455.2,10
6456.3,11
6456.9,39
6457.5,32
6457.8,27
6458.2,16
6458.2,20
6458.2,28
6458.2,36
6458.9,23
6459.6,1
6459.7,5
6459.9,9
6460.9,3
6461.2,0
6461.6,4
6461.6,12
6461.7,26
6463.2,2
6463.5,17
6463.5,18
6463.8,14
6463.9,31
6464.7,38
6465.5,8
6465.9,30
6466.4,23
6466.4,32
6466.4,35
6466.8,21
6467.1,39
6467.7,37
6467.9,7
6467.9,20
6469.4,13
6470.3,34
6471.3,27
6471.3,29
6471.7,24
6472.1,28
6472.8,17
6473.3,12
6473.4,3
6473.8,19
6474.3,10
6474.5,6
6474.6,22
6474.7,31
6475.1,14
6475.6,11
6476.0,23
6476.3,25
6476.3,36
6477.8,26
6478.0,9
6479.5,8
6479.5,13
6481.3,16
6481.5,21
6482.0,0
6482.0,20
6482.6,32
6482.6,39
6482.7,1
6482.7,34
6482.8,7
6483.1,33
6483.3,27
6483.8,29
6483.9,6
6484.3,3
6484.3,38
6485.2,36
6485.5,17
6486.7,14
6486.7,24
6486.8,18
6490.0,23
6490.0,19
6491.5,10
6491.8,26
6492.3,22
6492.3,28
6492.6,32
6493.3,2
6493.3,12
6493.7,31
6493.8,8
6493.8,37
6494.2,9
6494.8,20
6494.9,14
6495.0,27
6495.4,3
6495.7,1
6496.7,0
6496.8,21
6497.5,34
6497.8,7
6499.1,13
6499.2,36
6499.8,17
6500.4,11
6500.6,33
6501.6,39
6501.8,35
6502.8,23
6503.3,16
6503.3,24
6503.6,26
6503.7,29
6505.1,18
6506.5,12
6506.5,14
6506.5,20
6506.5,38
6506.7,32
6506.7,36
6506.9,10
6508.2,3
6509.3,1
6510.9,31
6511.7,6
6512.2,23
6512.5,27
6512.5,34
6512.6,28
6512.9,17
6513.4,8
6513.7,25
6513.7,29
6513.9,39
6514.3,13
6515.1,11
6515.8,24
6517.0,3
6517.1,20
6517.1,21
6517.1,37
6518.4,12
6518.9,36
6519.1,9
6520.9,7
6521.2,1
6521.7,32
6522.3,10
6522.4,26
6522.8,0
6522.8,27
6523.5,33
6523.8,19
6523.8,29
6523.9,35
6523.9,6
6523.9,13
6523.9,23
6524.1,14
6524.7,17
6525.4,18
6525.6,34
6525.7,4
6526.3,24
6526.8,20
6528.3,21
6528.7,9
6529.3,3
6529.5,16
6530.4,36
6531.4,28
6531.5,2
6531.5,27
6531.8,31
6531.9,8
6531.9,12
6532.2,25
6532.9,39
6533.4,14
6533.4,17
6533.4,23
6533.4,38
6533.5,1
6533.8,22
6533.9,37
6535.8,15
6536.9,32
6537.3,20
6537.6,3
6537.9,36
6538.7,34
6539.4,19
6539.7,10
6539.9,6
6540.3,13
6540.5,29
6540.9,5
6541.4,26
6542.1,21
6542.8,12
6543.3,7
6543.6,17
6543.6,23
6545.8,14
6546.1,18
6547.2,1
6547.2,28
6548.2,24
6548.6,34
6549.2,27
6549.2,36
6550.4,31
6550.8,11
6551.0,39
6551.2,37
6551.3,32
6552.0,16
6552.1,3
6553.2,23
6553.6,9
6554.2,0
6554.5,6
6554.6,20
6556.2,29
6556.8,12
6557.0,13
6557.1,8
6557.1,25
6557.5,17
6557.7,1
6557.8,21
6558.6,26
6558.9,14
6558.9,28
6559.0,4
6559.2,36
6559.7,38
6559.8,10
6560.9,31
6561.6,19
6562.1,33
6562.4,34
6562.6,20
6562.7,35
6563.6,39
6564.4,9
6565.2,3
6565.3,7
6565.6,16
6566.0,32
6566.4,23
6567.0,27
6567.2,2
6567.2,28
6568.6,8
6568.7,38
6569.6,24
6569.7,15
6571.0,34
6571.4,17
6571.4,21
6571.5,12
6571.9,14
6572.0,1
6572.7,29
6572.8,11
6573.3,10
6573.6,6
6573.7,36
6575.3,26
6575.9,13
6576.7,3
6577.1,18
6577.1,25
6577.2,23
6577.3,31
6578.4,22
6578.5,24
6579.5,39
6579.6,37
6580.0,32
6580.3,17
6582.7,0
6582.9,20
6583.6,27
6584.2,12
6584.3,11
6584.8,34
6584.9,29
6584.9,38
6585.0,1
6585.3,7
6586.0,36
6586.4,3
6586.4,5
6586.8,14
6587.7,23
6588.9,13
6589.0,21
6589.1,26
6589.2,9
6589.2,17
6589.7,39
6589.8,10
6590.4,16
6590.9,6
6592.1,8
6592.1,25
6592.4,27
6592.7,28
6593.1,12
6594.6,4
6594.8,19
6595.6,20
6597.4,9
6597.5,29
6597.8,37
6598.3,24
6598.7,22
6598.7,34
6599.7,3
6600.2,7
6600.2,21
6600.6,36
6600.7,14
6600.7,31
6601.1,33
6601.5,1
6601.7,32
6602.1,39
6602.6,26
6603.1,8
6603.5,23
6603.7,10
6604.2,17
6604.8,35
6604.9,12
6605.1,27
6605.6,19
6606.4,6
6607.3,18
6608.1,16
6608.4,31
6608.5,13
6608.6,21
6609.6,20
6610.6,11
6610.8,36
6611.1,28
6612.3,34
6613.3,29
6613.8,1
6614.1,0
6614.4,3
6614.4,9
6614.5,7
6616.1,14
6616.6,17
6616.6,38
6616.7,8
6616.7,20
6616.8,12
6617.4,15
6617.9,13
6618.0,27
6619.3,10
6619.4,33
6619.4,35
6619.5,32
6619.7,23
6619.8,39
6620.3,6
6620.6,36
6621.7,24
6622.3,34
6623.4,18
6623.7,26
6623.9,29
6624.5,16
6624.7,3
6624.7,14
6625.4,7
6625.5,28
6626.2,4
6626.4,1
6626.9,12
6627.5,31
6627.7,17
6628.0,25
6628.2,21
6628.3,22
6628.3,39
6629.7,13
6630.8,8
6630.8,19
6631.8,34
6632.0,9
6632.0,11
6632.1,20
6632.5,24
6633.1,37
6633.5,1
6633.9,23
6634.2,27
6634.5,36
6636.2,26
6636.9,3
6637.4,29
6638.1,28
6638.1,32
6638.4,38
6638.5,14
6639.0,7
6639.8,12
6639.9,17
6640.1,10
6640.7,27
6640.7,39
6641.6,34
6641.8,15
6642.2,2
6642.2,20
6642.5,21
6642.7,31
6644.4,14
6645.0,18
6646.2,19
6646.8,13
6647.1,6
6647.5,23
6647.7,29
6647.8,33
6648.5,16
6648.5,24
6648.6,3
6648.7,1
6649.5,39
6649.6,32
6650.7,35
6651.0,36
6651.1,25
6651.5,9
6651.7,0
6652.0,8
6653.3,17
6653.4,31
6653.5,11
6653.5,28
6654.6,37
6654.9,10
6654.9,12
6655.0,7
6655.2,27
6655.6,34
6656.0,13
6656.2,26
6657.3,20
6657.7,1
6657.7,16
6657.7,21
6657.9,23
6658.3,3
6658.5,24
6662.7,39
6662.8,8
6664.0,17
6664.1,36
6665.0,18
6665.2,14
6665.3,6
6666.2,28
6666.5,30
6667.3,29
6668.4,13
6668.5,32
6668.7,3
6668.7,9
6669.0,7
6669.2,35
6669.5,12
6669.6,1
6670.8,34
6670.9,19
6670.9,27
6671.0,23
6671.1,10
6671.1,11
6672.1,21
6672.3,31
6672.5,20
6673.5,36
6674.5,14
6674.6,38
6674.9,8
6675.2,17
6676.1,24
6676.1,25
6676.3,22
6676.4,26
6676.5,16
6677.0,28
6677.1,4
6677.5,13
6678.0,32
6678.3,12
6678.6,29
6679.0,39
6679.1,37
6679.6,2
6680.3,33
6680.4,34
6680.6,3
6681.0,23
6681.1,9
6682.0,6
6682.2,17
6684.6,36
6685.4,1
6685.4,27
6685.8,20
6686.2,28
6686.3,21
6686.3,35
6687.2,26
6687.4,14
6687.7,18
6687.8,12
6688.9,17
6689.8,19
6689.9,0
6689.9,32
6690.7,25
6690.8,36
6692.3,31
6693.7,13
6694.0,7
6694.5,10
6694.6,8
6695.6,22
6695.8,3
6695.9,6
6695.9,11
6697.2,23
6697.3,24
6697.5,21
6698.6,9
6699.0,34
6700.2,1
6700.2,12
6700.9,28
6700.9,39
6701.0,5
6702.1,14
6702.4,17
6702.5,27
6702.8,16
6703.9,36
6704.2,38
6705.1,20
6705.5,6
6706.1,25
6706.9,37
6707.5,8
6708.3,3
6708.3,15
6708.6,11
6708.7,18
6709.2,29
6709.5,10
6709.5,26
6709.8,23
6710.8,31
6713.0,21
6713.1,33
6713.6,22
6713.8,13
6714.1,14
6714.3,2
6714.3,27
6714.3,36
6714.4,0
6714.4,12
6715.3,32
6715.5,9
6717.0,8
6717.1,35
6717.4,19
6717.7,1
6718.4,28
6718.9,3
6718.9,34
6719.0,5
6719.1,24
6719.4,17
6720.3,11
6720.3,20
6720.6,29
6720.6,7
6721.8,36
6721.9,23
6722.8,16
6724.0,6
6724.4,27
6724.8,26
6725.5,14
6725.9,10
6725.9,25
6725.9,38
6726.2,18
6726.7,39
6726.9,0
6727.1,17
6727.3,9
6727.3,32
6727.9,12
6728.2,36
6728.6,13
6731.4,31
6732.3,3
6732.7,21
6732.8,1
6733.1,22
6734.2,23
6734.7,29
6736.2,20
6736.3,7
6736.4,8
6736.5,11
6736.7,37
6736.8,17
6737.1,9
6737.1,18
6737.4,28
6737.5,12
6737.7,24
6738.1,4
6738.1,25
6738.2,14
6738.3,27
6739.7,34
6739.9,26
6740.1,36
6740.3,10
6742.0,23
6742.5,6
6743.5,19
6744.5,16
6744.9,1
6745.6,29
6746.8,31
6746.8,21
6747.0,9
6747.0,13
6747.3,3
6747.5,24
6748.1,38
6748.3,27
6748.4,17
6750.5,23
6750.5,39
6751.9,37
6752.1,8
6752.6,12
6752.6,34
6753.0,28
6753.0,33
6753.1,0
6753.1,32
6753.7,20
6754.4,22
6755.0,14
6756.5,26
6756.7,13
6757.0,1
6757.7,16
6757.9,2
6757.9,11
6758.0,10
6758.3,3
6758.3,5
6758.3,36
6758.7,6
6759.3,21
6759.4,7
6759.6,19
6759.7,24
6760.0,17
6760.2,23
6760.7,25
6760.7,31
6761.3,9
6763.0,29
6763.1,27
6765.9,12
6766.1,34
6767.4,20
6767.5,36
6767.7,28
6768.1,14
6768.1,39
6768.2,3
6768.5,1
6768.5,23
6768.8,16
6768.8,38
6769.1,32
6769.3,18
6769.7,4
6769.7,8
6770.4,13
6770.9,21
6771.7,26
6772.7,10
6772.7,17
6773.5,25
6773.6,7
6773.9,6
6773.9,19
6773.9,24
6774.5,11
6774.8,22
6774.8,27
6775.0,35
6775.4,3
6775.8,23
6776.5,14
6777.6,36
6779.5,1
6779.5,34
6782.3,12
6782.5,9
6782.5,29
6782.5,37
6783.5,16
6783.5,19
6783.6,21
6783.8,17
6784.0,38
6784.2,3
6784.4,8
6784.4,27
6785.1,28
6785.3,10
6785.4,20
6785.5,32
6785.7,31
6785.9,26
6786.1,13
6786.7,6
6786.7,14
6786.8,23
6788.1,39
6789.8,7
6790.2,15
6792.6,17
6792.9,34
6794.2,36
6794.4,12
6794.5,11
6794.8,21
6794.9,29
6795.0,1
6795.3,32
6796.3,28
6796.5,27
6796.6,22
6796.6,25
6797.9,13
6798.0,14
6798.5,23
6799.3,18
6799.4,24
6799.9,9
6800.6,16
6801.2,3
6801.3,39
6802.4,8
6802.8,6
6802.9,17
6803.1,36
6803.2,37
6805.5,28
6805.6,19
6805.9,31
6807.0,34
6807.6,0
6807.6,20
6808.0,1
6808.1,13
6808.7,21
6808.7,33
6808.7,35
6808.8,27
6809.0,12
6809.3,7
6809.3,11
6809.3,23
6809.6,10
6810.0,14
6811.4,29
6812.1,32
6814.5,3
6814.8,8
6815.0,36
6815.4,39
6817.3,2
6817.5,4
6817.7,38
6817.9,24
6818.0,13
6818.2,34
6818.5,25
6818.7,28
6819.1,9
6819.3,10
6819.3,26
6819.5,6
6819.6,5
6819.6,19
6820.0,17
6820.8,18
6821.1,1
6821.1,23
6821.2,27
6821.5,36
6822.2,7
6823.3,37
6823.5,11
6825.2,31
6825.4,14
6825.7,20
6826.1,12
6826.6,33
6827.1,32
6827.2,21
6828.0,16
6828.1,30
6828.2,29
6828.6,0
6828.6,22
6829.9,23
6830.1,17
6830.3,3
6830.4,8
6831.2,1
6831.7,39
6832.4,27
6833.3,28
6833.4,9
6833.4,36
6834.0,35
6834.4,10
6834.4,13
6834.5,34
6835.2,12
6835.5,14
6835.9,15
6836.3,18
6837.9,11
6838.3,4
6838.7,32
6838.8,29
6839.1,31
6839.2,3
6839.6,7
6839.6,25
6839.8,16
6840.2,6
6840.4,20
6840.4,21
6840.7,23
6841.0,19
6842.4,26
6843.3,1
6843.6,17
6844.3,8
6844.3,37
6844.4,34
6845.6,38
6846.6,35
6847.5,36
6848.1,11
6848.2,13
6848.2,27
6848.4,12
6848.4,14
6848.6,31
6849.1,2
6850.1,23
6850.2,24
6850.8,3
6851.5,28
6851.6,9
6852.6,29
6854.5,17
6854.6,39
6854.7,32
6855.0,5
6855.0,15
6856.2,37
6856.3,20
6856.9,10
6857.2,22
6858.1,25
6858.3,13
6858.5,21
6858.6,18
6858.8,26
6859.6,27
6859.6,28
6859.9,34
6860.1,7
6860.4,19
6860.5,23
6860.6,12
6860.7,31
6860.7,36
6860.8,38
6861.7,14
6862.3,16
6862.4,1
6862.8,6
6864.9,0
6866.6,3
6867.1,9
6867.9,17
6868.1,11
6868.7,34
6869.3,39
6869.5,4
6869.8,35
6869.9,20
6870.2,10
6870.3,18
6870.3,23
6870.4,21
6871.3,24
6871.5,8
6871.7,14
6871.7,29
6871.8,13
6871.8,26
6872.7,36
6872.9,32
6873.2,12
6874.1,25
6876.5,27
6877.1,38
6877.2,7
6877.2,17
6877.2,28
6877.4,33
6878.7,0
6879.4,19
6879.8,31
6880.7,1
6880.8,23
6881.7,3
6882.9,37
6883.5,34
6883.7,14
6883.9,11
6883.9,16
6884.8,29
6885.2,32
6885.3,9
6885.3,36
6885.4,12
6885.6,6
6885.7,10
6887.0,24
6887.1,17
6887.1,26
6887.1,39
6887.2,21
6887.7,20
6888.0,15
6888.3,27
6888.6,22
6888.8,31
6889.7,18
6890.5,13
6890.7,28
6890.9,35
6891.3,3
6892.4,29
6892.6,1
6892.9,23
6893.0,25
6893.2,19
6893.2,34
6896.7,8
6897.3,6
6897.5,9
6897.5,10
6897.7,7
6898.2,27
6898.9,12
6899.2,36
6899.3,14
6899.5,32
6900.9,26
6902.0,24
6902.5,13
6902.6,11
6903.5,39
6903.6,3
6904.5,22
6904.5,28
6904.6,20
6904.6,23
6905.1,31
6905.5,17
6905.7,0
6905.8,16
6906.0,21
6907.8,38
6908.4,1
6908.4,36
6908.5,34
6908.8,8
6909.6,14
6909.7,19
6910.5,12
6910.6,29
6911.6,3
6913.1,10
6914.0,9
6915.2,23
6915.9,37
6916.1,6
6916.1,33
6916.6,27
6916.9,17
6916.9,20
6917.2,24
6917.4,32
6917.5,7
6917.5,11
6917.6,4
6917.8,26
6918.1,35
6918.6,21
6919.4,28
6920.3,14
6921.4,19
6921.6,34
6921.6,36
6921.8,5
6922.1,1
6922.1,13
6922.8,8
6923.0,38
6923.2,30
6923.8,12
6923.9,31
6923.9,39
6924.1,9
6925.0,3
6925.3,18
6925.4,16
6926.0,23
6926.9,17
6927.6,20
6928.0,22
6928.5,10
6929.0,0
6929.2,25
6929.6,27
6929.7,6
6929.8,26
6930.2,7
6930.4,28
6930.5,29
6930.6,14
6930.9,15
6930.9,24
6931.3,32
6932.1,13
6932.2,11
6932.6,36
6934.3,34
6935.2,1
6935.5,3
6936.0,39
6937.2,8
6937.2,12
6937.8,9
6937.8,21
6938.0,16
6938.9,38
6939.1,17
6939.4,23
6939.4,27
6942.4,20
6943.2,29
6944.2,6
6944.5,24
6944.9,32
6945.0,13
6945.2,10
6945.2,33
6945.5,14
6945.6,37
6946.2,28
6946.5,31
6946.7,36
6946.9,26
6947.7,11
6948.3,34
6949.5,23
6950.2,20
6950.5,1
6950.6,3
6950.7,4
6952.0,19
6952.3,22
6952.6,17
6953.1,25
6953.2,12
6954.0,18
6954.2,2
6954.2,21
6954.2,27
6954.3,38
6954.8,14
6955.0,13
6955.1,29
6955.2,9
6955.3,39
6955.4,36
6956.1,0
6956.5,10
6956.6,7
6957.0,35
6957.3,32
6957.7,31
6958.0,6
6958.4,16
6959.9,3
6960.3,26
6960.9,28
6961.5,8
6963.3,1
6963.5,23
6963.6,34
6964.0,20
6964.2,24
6964.4,11
6964.4,17
6964.5,21
6964.9,13
6965.6,36
6965.7,14
6966.4,9
6967.1,12
6968.5,27
6969.4,39
6970.1,28
6970.5,29
6970.8,7
6970.8,38
6971.2,3
6971.5,26
6971.6,25
6971.8,18
6972.1,32
6972.5,23
6973.3,17
6973.4,10
6975.0,33
6975.9,1
6976.2,37
6977.2,16
6977.3,8
6977.3,31
6977.6,34
6977.7,6
6977.9,14
6979.1,12
6979.2,13
6979.4,21
6979.6,36
6979.7,22
6979.8,11
6980.1,19
6980.9,20
6981.3,18
6981.6,9
6981.9,28
6982.8,24
6983.0,38
6983.3,3
6983.6,17
6983.6,29
6983.6,39
6983.7,32
6984.8,27
6985.5,7
6986.8,16
6988.0,8
6988.1,35
6988.5,34
6988.9,6
6988.9,23
6990.4,1
6990.5,4
6991.2,36
6991.4,26
6991.5,13
6991.6,10
6991.7,20
6991.8,18
6992.1,12
6993.0,21
6993.2,14
6993.3,27
6993.6,25
6993.7,17
6994.0,31
6996.2,9
6996.5,39
6998.3,0
6998.3,34
6998.4,16
6999.1,19
7000.0,28
7000.1,8
7000.6,38
7001.1,36
7001.6,3
7001.7,23
7001.8,29
7001.8,37
7002.1,12
7002.1,20
7002.1,32
7002.3,21
7002.4,10
7002.8,17
7003.5,14
7003.8,6
7003.8,33
7003.9,5
7004.1,1
7004.1,22
7005.8,13
7006.6,7
7007.5,34
7008.0,27
7008.7,36
7008.9,24
7009.0,31
7009.6,11
7009.6,26
7010.2,23
7012.0,18
7013.7,14
7013.8,9
7013.9,20
7015.0,12
7015.5,1
7015.5,17
7015.6,28
7015.8,8
7016.0,3
7016.3,34
7017.3,39
7017.8,13
7018.1,25
7018.2,16
7018.4,31
7019.7,23
7022.0,0
7022.2,19
7023.2,32
7023.2,36
7023.6,10
7023.6,29
7023.9,4
7023.9,35
7024.0,20
7024.3,6
7024.3,11
7024.7,14
7024.9,24
7024.9,27
7025.0,26
7025.3,21
7027.7,12
7028.4,17
7028.7,3
7028.8,22
7029.2,18
7029.4,1
7029.8,7
7029.8,33
7030.6,34
7030.8,38
7031.1,9
7031.1,19
7031.4,8
7031.4,23
7032.2,13
7032.3,31
7033.1,37
7033.3,11
7033.8,6
7033.8,39
7034.0,16
7034.7,25
7034.7,29
7035.0,28
7035.3,36
7035.7,24
7040.2,3
7041.2,12
7041.2,17
7041.4,32
7042.0,10
7042.3,14
7043.0,13
7043.0,20
7043.0,21
7043.4,8
7043.8,27
7045.6,31
7046.3,1
7046.5,23
7047.2,26
7047.7,7
7047.8,6
7048.8,5
7048.8,12
7048.9,9
7049.2,34
7049.3,39
7049.5,38
7049.8,36
7050.0,0
7050.2,28
7050.4,18
7050.5,14
7050.8,29
7051.1,2
7051.3,19
7051.9,16
7052.4,3
7052.7,13
7053.6,24
7054.5,20
7055.1,10
7055.7,4
7056.1,22
7056.3,32
7057.2,25
7057.2,36
7057.5,27
7057.7,11
7057.9,17
7058.1,26
7058.7,12
7059.0,8
7059.2,23
7060.1,1
7061.7,34
7062.8,3
7062.8,31
7062.9,14
7063.5,35
7063.7,16
7064.0,28
7065.4,39
7065.6,13
7066.8,21
7066.9,7
7067.0,20
7067.4,18
7067.4,33
7067.5,6
7067.5,37
7068.6,9
7068.6,38
7069.0,14
7069.5,17
7069.6,32
7069.7,36
7070.0,29
7070.0,24
7070.4,12
7070.6,27
7070.9,23
7071.7,8
7071.8,31
7073.1,1
7074.5,3
7074.6,34
7075.0,10
7075.5,11
7076.1,0
7077.1,21
7077.2,16
7077.2,26
7077.6,19
7078.4,22
7079.3,29
7079.4,36
7079.9,6
7080.4,23
7080.6,7
7081.4,14
7081.4,17
7081.4,20
7082.1,37
7082.2,12
7082.3,34
7082.5,8
7082.5,13
7082.5,27
7082.7,28
7084.6,39
7085.1,9
7085.6,3
7086.7,0
7087.2,25
7087.5,1
7088.1,10
7088.6,15
7088.9,38
7089.2,32
7089.6,18
7089.8,36
7090.8,20
7090.9,24
7091.0,33
7091.1,11
7091.1,21
7091.1,23
7091.2,14
7091.3,35
7093.0,28
7093.2,12
7093.4,31
7094.2,8
7094.9,3
7096.1,17
7096.1,27
7096.2,34
7096.4,26
7096.5,16
7097.5,6
7097.7,19
7097.8,13
7098.1,2
7098.1,29
7099.1,7
7100.0,4
7100.7,25
7102.2,37
7102.5,9
7103.0,1
7103.2,3
7103.3,20
7103.5,12
7103.6,36
7103.8,23
7104.7,21
7105.1,32
7105.5,14
7106.7,22
7106.9,17
7106.9,33
7107.0,26
7107.2,24
7107.3,31
7107.7,34
7108.6,11
7108.6,39
7108.8,28
7109.3,35
7111.8,38
7112.2,9
7113.1,27
7113.2,3
7113.4,18
7113.5,8
7113.7,13
7114.0,20
7114.1,16
7114.5,10
7115.2,25
7115.5,7
7115.5,31
7116.4,19
7116.5,36
7117.0,29
7117.2,23
7118.8,32
7119.6,6
7119.8,14
7120.1,12
7120.7,34
7121.1,21
7121.7,17
7121.8,11
7123.5,1
7123.6,3
7124.1,33
7125.1,4
7125.1,13
7125.2,24
7125.2,39
7125.5,36
7126.4,27
7126.5,26
7127.1,28
7129.3,10
7129.3,16
7129.7,9
7129.7,23
7129.7,37
7130.4,8
7130.6,21
7130.9,34
7131.2,20
7131.8,6
7131.8,29
7133.1,0
7133.2,38
7133.7,17
7135.1,26
7136.0,5
7136.0,25
7136.1,14
7136.3,36
7136.6,19
7136.7,7
7136.7,31
7137.0,18
7137.6,12
7137.9,13
7138.0,23
7138.2,27
7138.3,35
7138.5,11
7138.7,3
7138.8,1
7139.0,39
7139.8,32
7139.9,6
7141.1,20
7144.1,29
7144.7,38
7145.4,34
7145.5,8
7145.5,28
7145.8,22
7146.6,4
7146.8,2
7146.8,16
7147.1,9
7147.2,24
7147.4,17
7148.0,37
7148.5,36
7149.0,10
7150.1,21
7150.7,20
7151.7,12
7151.7,14
7152.5,31
7153.1,13
7153.6,23
7154.3,7
7154.4,38
7154.7,29
7155.3,3
7155.9,32
7156.1,11
7156.5,1
7156.5,34
7156.6,19
7157.4,27
7158.3,26
7158.4,17
7158.5,28
7159.4,36
7160.0,6
7160.9,9
7161.0,10
7161.9,14
7162.4,4
7162.6,23
7162.9,8
7163.0,24
7163.8,31
7164.1,18
7164.8,16
7164.9,13
7165.5,12
7165.5,20
7165.9,5
7166.0,37
7166.5,35
7166.6,11
7166.7,7
7167.5,39
7168.6,29
7168.9,27
7169.9,21
7170.8,0
7171.0,25
7171.7,33
7172.5,15
7172.7,3
7172.8,17
7172.8,32
7173.1,36
7173.3,14
7173.3,28
7173.5,22
7174.1,9
7174.5,10
7175.0,1
7175.5,24
7175.7,34
7176.5,23
7179.3,19
7180.0,20
7180.3,11
7180.4,13
7180.8,26
7181.2,8
7181.3,27
7181.5,12
7182.4,21
7183.0,6
7183.1,39
7183.3,32
7185.9,36
7186.0,29
7186.2,14
7186.5,16
7186.7,38
7187.0,18
7187.1,17
7187.8,3
7188.1,37
7188.5,1
7188.5,9
7188.8,35
7190.0,31
7190.7,7
7191.3,23
7191.4,34
7193.6,28
7193.8,27
7195.0,12
7195.2,25
7195.2,29
7195.3,11
7195.3,32
7195.6,33
7196.2,20
7196.2,19
7196.5,36
7196.8,4
7196.8,24
7197.3,6
7197.5,13
7197.5,21
7197.8,39
7199.5,23
7199.8,26
7200.0,38
7200.5,10
7200.7,3
7200.8,14
7201.2,0
7202.1,8
7202.2,9
7202.8,7
7203.4,16
7203.5,22
7204.0,1
7204.0,31
7204.6,17
7205.3,12
7205.4,34
7207.4,15
7207.7,28
7208.4,13
7208.4,36
7209.2,6
7209.4,19
7209.8,24
7209.9,25
7210.7,29
7210.8,17
7210.8,32
7212.1,9
7212.1,27
7212.2,21
7212.5,10
7213.0,1
7213.1,3
7213.1,23
7213.4,37
7214.0,20
7214.6,14
7215.4,18
7215.9,39
7216.1,35
7217.2,12
7217.9,34
7218.2,38
7218.8,13
7219.1,8
7220.6,26
7220.7,7
7220.8,23
7221.8,11
7221.9,17
7222.1,29
7222.4,32
7223.4,28
7223.6,9
7223.6,21
7223.7,19
7223.8,36
7224.1,27
7224.9,3
7225.3,5
7225.4,12
7225.5,14
7229.5,1
7229.7,34
7230.7,13
7231.7,24
7232.0,17
7232.1,8
7232.2,20
7232.3,0
7232.5,16
7232.5,23
7233.6,31
7233.6,39
7233.9,10
7234.3,9
7234.8,6
7236.0,18
7236.4,3
7236.9,29
7236.9,36
7238.4,27
7238.7,32
7239.2,7
7239.6,12
7239.9,4
7239.9,11
7239.9,25
7239.9,34
7240.2,33
7241.0,2
7241.5,23
7241.9,37
7242.1,26
7242.2,20
7242.5,17
7242.6,28
7242.9,1
7243.2,24
7243.8,13
7244.2,36
7244.8,15
7244.8,21
7244.9,14
7245.1,9
7245.2,38
7245.9,5
7245.9,35
7246.4,22
7246.7,8
7247.5,19
7247.7,3
7249.0,23
7249.8,0
7249.8,11
7251.9,27
7251.9,39
7252.4,31
7253.3,10
7253.6,32
7254.0,17
7254.2,6
7254.2,14
7254.8,20
7255.3,12
7255.6,26
7255.7,18
7255.8,29
7255.9,28
7256.0,34
7256.8,36
7258.5,22
7258.7,1
7258.7,9
7259.4,21
7259.8,16
7259.9,7
7260.6,3
7260.9,35
7263.1,19
7263.3,25
7263.4,13
7263.6,37
7263.7,23
7264.3,29
7264.5,20
7264.8,38
7264.9,8
7265.5,39
7266.3,31
7266.5,26
7267.3,14
7267.5,11
7267.8,17
7269.3,33
7269.6,27
7270.2,32
7270.3,4
7270.3,10
7270.6,3
7270.9,25
7271.1,24
7271.5,12
7271.7,5
7272.6,34
7272.8,21
7273.3,13
7273.9,1
7274.1,6
7274.1,36
7274.2,28
7275.0,9
7275.0,23
7275.2,29
7275.6,22
7275.9,14
7276.3,16
7276.3,18
7277.4,8
7277.7,7
7278.3,20
7280.5,11
7280.5,34
7281.0,39
7281.1,32
7281.3,27
7281.6,17
7281.9,24
7282.6,26
7282.9,21
7284.4,19
7284.5,31
7284.6,29
7285.1,0
7285.1,10
7285.9,3
7285.9,38
7286.1,28
7286.3,1
7286.4,23
7286.8,14
7287.3,9
7287.5,7
7288.0,13
7288.2,12
7288.5,6
7289.0,35
7289.9,36
7291.3,17
7292.6,37
7293.2,34
7294.0,16
7294.6,2
7294.9,30
7295.5,39
7295.6,8
7295.6,32
7295.8,21
7296.0,18
7296.3,4
7296.3,9
7296.8,3
7297.0,11
7297.1,29
7297.2,15
7297.8,25
7298.3,26
7298.9,28
7299.6,22
7299.7,38
7300.3,17
7300.3,27
7300.7,23
7300.9,6
7301.3,12
7301.4,31
7302.6,14
7303.1,10
7303.3,1
7303.3,20
7303.5,33
7303.7,24
7303.8,13
7303.8,19
7304.0,36
7304.2,34
7305.5,4
7308.4,3
7309.3,29
7309.7,8
7310.1,17
7310.4,23
7310.6,26
7311.4,1
7311.4,37
7311.9,13
7313.0,27
7315.3,12
7315.8,0
7316.2,39
7316.3,14
7316.6,11
7316.6,32
7316.8,9
7316.8,36
7317.3,16
7317.4,34
7317.6,3
7317.7,20
7317.8,21
7318.3,24
7319.0,28
7319.2,23
7319.5,7
7319.6,17
7320.8,31
7321.8,6
7322.2,10
7322.3,29
7322.9,18
7323.9,36
7324.7,13
7325.2,1
7325.4,14
7326.1,30
7326.2,27
7326.5,38
7326.6,8
7327.1,23
7327.3,25
7328.6,11
7329.8,26
7330.7,35
7331.0,19
7331.2,12
7332.2,36
7332.3,33
7333.0,32
7333.1,34
7333.3,16
7333.4,20
7333.7,29
7333.9,39
7335.5,10
7335.5,28
7336.0,3
7336.9,8
7337.1,31
7337.4,27
7337.7,21
7337.9,22
7338.2,0
7338.2,9
7338.2,17
7338.7,18
7338.8,13
7339.0,6
7339.3,38
7339.5,5
7342.0,1
7342.6,23
7342.7,7
7342.9,14
7343.8,34
7344.3,37
7345.0,3
7345.0,24
7345.0,36
7345.4,29
7347.1,12
7347.4,38
7348.8,26
7349.5,32
7350.0,8
7350.0,20
7350.4,10
7351.4,11
7351.9,14
7352.1,13
7352.2,9
7352.7,17
7352.7,27
7352.8,21
7353.4,6
7353.6,16
7353.7,4
7353.7,19
7353.8,28
7354.0,25
7354.3,1
7354.5,7
7354.6,23
7356.0,34
7356.5,31
7358.8,22
7358.9,12
7358.9,24
7360.5,3
7360.8,18
7361.6,36
7362.3,39
7362.4,29
7362.6,19
7363.2,26
7364.7,32
7364.8,23
7365.2,17
7365.4,20
7365.5,7
7365.5,35
7365.8,1
7366.4,10
7367.0,12
7367.0,14
7367.0,37
7367.4,13
7367.7,16
7367.8,6
7367.9,21
7368.4,27
7368.4,31
7371.3,38
7371.5,3
7372.1,34
7373.1,25
7373.6,9
7373.6,23
7373.8,33
7374.0,8
7374.4,11
7374.7,20
7374.8,29
7375.0,28
7375.4,26
7376.0,5
7376.1,13
7376.2,4
7376.4,24
7376.8,12
7377.4,36
7377.7,0
7378.0,17
7379.0,39
7379.5,6
7379.8,14
7379.9,23
7380.4,1
7380.4,3
7380.4,32
7380.5,2
7380.7,7
7382.4,19
7382.5,27
7384.8,20
7385.3,37
7385.9,28
7387.6,36
7387.8,17
7388.1,12
7388.2,14
7388.3,18
7388.7,16
7388.8,35
7389.0,13
7389.1,9
7389.4,21
7389.6,38
7390.0,31
7390.2,26
7390.2,34
7391.5,29
7391.6,10
7392.3,8
7392.6,23
7393.8,3
7394.2,11
7394.3,24
7394.5,6
7394.6,20
7395.0,1
7395.1,25
7395.5,32
7395.8,28
7396.1,12
7396.2,30
7396.6,15
7396.7,27
7396.9,36
7397.1,14
7399.3,17
7399.6,13
7399.7,18
7401.8,39
7404.1,1
7404.3,31
7404.4,34
7405.5,10
7406.0,7
7406.0,23
7406.0,29
7406.1,20
7406.1,22
7406.1,26
7406.8,3
7406.8,21
7407.4,9
7407.4,36
7408.0,11
7408.0,16
7408.7,12
7408.9,37
7409.6,0
7409.6,27
7410.8,32
7410.9,4
7411.6,8
7411.7,17
7412.3,6
7412.8,1
7413.2,28
7415.2,14
7415.5,3
7415.9,34
7417.0,19
7418.1,29
7418.4,38
7418.7,23
7419.3,24
7419.4,13
7419.6,0
7419.6,2
7420.1,17
7420.5,35
7420.9,36
7421.0,20
7421.1,31
7421.7,10
7421.8,12
7422.5,18
7422.7,1
7422.7,39
7422.8,14
7422.9,3
7422.9,28
7422.9,33
7423.1,25
7424.0,9
7424.4,27
7424.7,32
7425.1,21
7426.4,34
7426.7,11
7427.1,16
7427.1,23
7427.1,26
7427.7,22
7428.5,36
7429.0,8
7429.1,19
7429.4,12
7430.2,29
7431.2,17
7432.1,6
7433.7,13
7434.3,3
7434.6,7
7435.0,37
7435.1,8
7435.2,34
7435.4,38
7435.9,24
7435.9,35
7436.0,20
7436.1,26
7436.6,14
7437.0,0
7437.0,1
7437.2,28
7437.2,32
7437.4,27
7437.6,9
7437.6,17
7437.7,39
7438.7,36
7439.1,31
7439.6,25
7440.6,10
7441.6,21
7442.2,29
7442.7,23
7443.0,13
7444.0,3
7444.7,12
7444.8,6
7445.3,11
7445.4,20
7446.4,36
7448.1,24
7448.3,1
7448.7,8
7449.0,34
7449.1,37
7450.9,16
7452.3,26
7452.4,17
7452.4,18
7452.4,27
7453.0,9
7454.0,21
7454.3,14
7454.3,36
7454.4,19
7454.5,12
7454.7,38
7454.8,22
7455.1,11
7455.2,23
7455.4,29
7455.5,7
7455.5,32
7455.6,8
7455.6,28
7455.9,31
7456.1,39
7456.5,13
7459.7,6
7460.3,10
7460.4,3
7460.4,20
7461.6,27
7461.7,34
7463.4,17
7464.2,29
7464.6,26
7464.8,1
7465.0,14
7466.1,8
7466.3,28
7466.4,24
7466.4,19
7467.0,11
7467.1,30
7467.3,9
7467.5,32
7467.7,12
7467.8,37
7468.1,23
7468.6,25
7468.7,13
7469.2,31
7469.9,21
7470.8,36
7470.9,39
7471.2,16
7471.2,35
7471.4,27
7473.1,6
7473.2,34
7473.3,4
7473.8,17
7473.8,20
7475.6,38
7477.1,3
7477.1,29
7477.5,7
7477.6,14
7478.0,0
7478.0,1
7478.1,22
7478.3,28
7479.1,18
7480.1,12
7480.1,21
7480.3,33
7480.5,32
7480.6,24
7480.8,37
7481.0,26
7482.4,27
7483.1,31
7483.4,10
7483.8,8
7485.6,3
7485.6,36
7486.2,25
7486.6,9
7486.6,14
7486.8,16
7487.1,23
7488.3,17
7489.0,13
7489.0,29
7489.3,20
7489.3,39
7490.5,28
7492.6,34
7492.7,36
7494.1,12
7494.4,1
7495.0,3
7495.0,31
7495.2,19
7497.7,24
7498.1,5
7498.2,6
7498.3,10
7499.1,11
7499.1,32
7499.5,8
7499.5,25
7499.7,33
7499.8,23
7500.0,18
7500.4,7
7500.5,14
7500.6,26
7501.0,27
7502.5,16
7503.6,13
7503.7,17
7504.0,12
7504.1,20
7504.2,36
7504.3,37
7504.8,9
7505.6,3
7505.9,1
7506.2,15
7506.2,21
7506.3,23
7506.3,28
7506.9,29
7507.2,22
7507.7,31
7508.1,34
7508.7,25
7509.8,0
7512.4,8
7513.2,19
7513.9,24
7514.3,9
7514.9,39
7515.3,26
7515.4,14
7515.6,32
7516.0,23
7516.2,38
7516.3,6
7516.3,10
7516.6,17
7516.6,36
7516.7,18
7517.4,12
7517.5,34
7517.7,13
7517.7,35
7518.1,20
7518.2,11
7519.2,1
7519.3,3
7519.5,27
7519.7,31
7520.1,7
7520.3,16
7523.6,28
7524.0,21
7524.1,23
7527.2,26
7527.7,10
7528.0,12
7529.0,29
7529.3,20
7529.6,36
7530.1,22
7530.4,3
7530.5,24
7530.6,8
7530.6,14
7530.8,32
7530.9,37
7531.1,25
7531.3,1
7531.6,6
7531.6,17
7531.7,38
7531.8,19
7531.9,33
7531.9,4
7532.1,9
7532.4,18
7533.5,13
7534.2,39
7535.1,31
7535.2,23
7537.6,28
7538.5,11
7538.7,7
7539.0,34
7541.0,12
7541.0,21
7541.0,27
7541.3,36
7541.6,29
7542.3,14
7542.4,26
7542.5,0
7542.5,17
7542.9,35
7544.7,16
7545.0,20
7546.6,23
7546.6,25
7546.8,1
7547.4,8
7548.0,3
7548.0,31
7549.0,9
7549.1,6
7549.1,36
7549.8,13
7551.4,10
7551.8,5
7551.8,12
7551.8,22
7551.9,34
7552.2,24
7553.0,18
7553.1,32
7553.4,14
7553.4,21
7553.5,19
7553.5,39
7554.6,20
7554.8,29
7554.9,26
7555.0,7
7555.0,23
7555.1,17
7556.5,27
7557.9,28
7559.2,33
7559.6,11
7559.6,35
7559.7,3
7560.4,1
7560.5,12
7560.7,13
7560.7,20
7560.7,36
7560.7,38
7561.0,0
7561.0,8
7561.7,31
7561.8,6
7561.9,14
7562.1,29
7562.3,16
7562.4,4
7563.6,10
7563.6,37
7563.9,9
7564.8,23
7565.3,32
7565.4,25
7566.1,3
7567.2,7
7568.3,34
7568.6,24
7569.0,28
7569.2,17
7569.3,18
7569.4,27
7569.6,8
7569.6,26
7570.4,36
7571.4,21
7572.1,13
7572.7,39
7573.0,12
7573.3,14
7573.3,19
7574.2,23
7574.4,20
7576.2,3
7577.0,10
7577.4,11
7577.7,32
7577.9,16
7578.8,29
7578.9,1
7579.0,36
7580.4,6
7580.6,17
7580.9,26
7580.9,27
7581.9,9
7582.3,13
7583.0,31
7584.4,2
7584.8,0
7584.9,25
7585.2,15
7585.3,18
7585.6,24
7585.6,34
7585.8,12
7586.0,23
7586.2,29
7586.8,3
7586.8,20
7587.1,14
7587.1,37
7587.3,30
7587.5,7
7587.6,32
7587.7,38
7588.0,28
7588.1,5
7588.1,8
7588.8,17
7589.0,4
7589.2,21
7589.8,36
7590.8,39
7593.5,13
7594.4,22
7595.2,27
7595.5,33
7595.8,23
7596.5,26
7599.8,4
7599.8,12
7600.1,29
7600.2,10
7600.8,17
7600.9,2
7600.9,6
7600.9,18
7601.0,16
7601.0,19
7601.0,24
7601.0,31
7601.1,25
7601.2,13
7601.3,14
7601.5,21
7601.6,20
7601.7,1
7602.3,3
7602.3,11
7602.7,34
7602.9,35
7603.7,37
7604.2,36
7604.4,9
7604.4,28
7604.7,39
7605.7,32
7605.8,24
7605.8,27
7607.6,16
7608.0,0
7608.1,12
7610.7,8
7611.1,23
7611.6,14
7611.9,7
7612.2,31
7613.1,21
7613.7,3
7613.8,17
7614.0,13
7614.4,9
7614.4,19
7616.0,24
7616.2,20
7616.7,26
7617.4,10
7617.5,1
7617.6,6
7617.8,11
7618.8,18
7618.8,39
7619.0,38
7620.9,27
7621.0,36
7621.3,12
7621.3,29
7621.4,25
7621.8,23
7622.3,28
7622.5,32
7623.7,34
7624.7,3
7627.8,21
7627.9,14
7628.1,8
7628.5,13
7629.5,1
7629.7,17
7630.1,16
7630.2,19
7630.4,29
7630.6,9
7630.7,33
7630.8,18
7631.8,37
7632.1,12
7633.0,20
7633.2,27
7633.3,24
7633.8,10
7634.6,6
7634.9,36
7635.0,31
7635.1,34
7635.3,38
7635.5,35
7635.7,22
7635.8,25
7635.9,32
7636.1,39
7636.4,14
7636.4,26
7636.5,7
7637.3,17
7637.4,3
7637.9,28
7638.9,23
7642.6,8
7643.2,24
7643.5,0
7644.3,21
7644.4,37
7644.7,13
7644.9,16
7645.1,4
7645.2,6
7645.2,11
7645.3,23
7645.4,1
7645.8,29
7646.4,14
7646.8,25
7646.9,3
7647.6,36
7648.7,10
7648.7,12
7649.1,17
7650.0,18
7650.5,19
7650.7,20
7651.2,28
7651.4,38
7651.7,22
7651.7,27
7651.8,9
7651.9,31
7652.5,34
7652.6,32
7653.9,7
7654.0,26
7654.5,1
7654.9,23
7656.7,21
7657.9,8
7659.1,39
7659.2,14
7659.6,6
7660.4,12
7660.8,3
7661.1,15
7661.1,29
7661.3,24
7662.3,11
7662.3,36
7663.9,13
7664.3,27
7664.5,26
7664.6,31
7664.9,1
7664.9,17
7664.9,37
7665.2,10
7665.8,34
7666.2,18
7666.4,19
7666.6,38
7667.3,16
7668.8,25
7669.3,23
7670.1,20
7670.5,28
7670.6,9
7671.1,32
7671.3,5
7672.4,36
7672.7,1
7672.7,21
7673.1,12
7673.6,8
7673.8,3
7674.3,34
7674.4,39
7674.9,29
7675.1,35
7675.5,10
7675.8,33
7675.9,0
7677.3,24
7678.0,23
7679.1,4
7679.1,27
7679.2,17
7679.9,22
7680.4,7
7680.7,32
7681.0,13
7681.3,14
7681.3,26
7684.3,11
7685.6,6
7685.7,12
7686.4,36
7686.5,28
7687.0,1
7687.8,37
7688.2,38
7688.7,21
7688.9,8
7689.3,23
7689.5,9
7690.0,31
7690.2,3
7690.3,13
7690.3,29
7690.9,10
7691.0,34
7691.1,20
7691.1,39
7691.4,18
7691.5,14
7691.5,19
7691.8,25
7692.0,32
7692.7,17
7693.2,16
7693.6,11
7694.0,24
7695.3,27
7698.0,1
7698.8,7
7699.2,23
7699.5,12
7699.8,26
7700.0,36
7700.2,15
7700.6,28
7700.8,14
7701.1,6
7701.4,20
7702.0,18
7702.0,21
7702.5,3
7703.4,0
7703.4,35
7703.9,9
7703.9,38
7704.0,8
7704.7,19
7704.8,29
7705.0,27
7705.1,22
7705.7,31
7706.5,13
7708.1,36
7708.2,17
7708.7,39
7708.9,34
7709.1,25
7710.6,12
7710.7,37
7711.5,11
7712.9,23
7713.2,24
7713.4,10
7713.5,26
7713.6,4
7713.9,1
7713.9,32
7714.5,20
7714.6,0
7715.5,28
7716.2,14
7716.2,29
7716.4,7
7719.2,11
7720.0,3
7720.0,36
7720.4,16
7720.4,34
7721.2,13
7721.4,18
7721.6,12
7721.6,20
7721.9,21
7722.0,9
7722.4,19
7722.7,23
7722.7,27
7722.9,8
7722.9,17
7723.6,22
7723.8,6
7723.8,35
7725.6,31
7726.1,1
7726.6,7
7727.0,5
7727.0,32
7727.2,36
7727.2,38
7728.0,24
7728.4,29
7728.6,26
7728.8,25
7728.9,37
7730.3,16
7731.3,14
7732.1,3
7733.4,28
7733.7,8
7733.9,17
7734.2,10
7734.7,34
7734.8,23
7735.4,39
7735.8,13
7736.0,2
7736.3,12
7736.3,20
7737.5,27
7739.0,1
7740.9,14
7741.0,6
7741.0,21
7741.3,26
7741.3,29
7741.4,36
7742.4,10
7743.1,3
7743.1,38
7743.5,19
7744.0,12
7744.2,32
7744.5,23
7744.6,25
7745.0,18
7745.2,20
7745.7,0
7745.7,9
7745.8,31
7746.1,33
7746.2,6
7746.2,17
7746.5,13
7746.7,24
7746.7,37
7746.8,28
7747.0,8
7747.6,1
7747.9,7
7748.0,4
7748.0,36
7748.7,35
7749.3,27
7749.3,34
7751.2,16
7751.7,22
7753.4,3
7754.0,26
7754.0,30
7754.1,29
7754.2,9
7754.2,21
7754.9,12
7755.5,14
7756.9,23
7757.2,17
7757.4,34
7757.7,10
7758.2,39
7758.4,8
7758.4,20
7758.4,28
7758.5,32
7758.7,13
7759.4,36
7759.5,38
7759.8,11
7760.2,19
7760.4,6
7761.4,31
7761.9,18
7762.3,21
7763.1,5
7763.4,15
7763.9,3
7764.1,1
7764.5,27
7766.5,17
7766.5,26
7766.8,23
7767.0,37
7768.4,8
7769.1,24
7769.5,25
7769.6,0
7769.6,22
7770.6,36
7770.8,12
7771.0,4
7771.0,9
7771.6,39
7771.7,14
7771.7,16
7773.1,1
7773.5,31
7773.6,20
7774.0,7
7774.0,13
7774.5,3
7775.2,18
7775.7,29
7775.9,34
7776.2,33
7777.8,6
7777.9,32
7778.4,19
7778.8,23
7778.9,28
7779.0,17
7779.0,27
7779.1,8
7779.7,21
7779.8,10
7780.6,26
7780.9,36
7781.9,11
7782.7,9
7783.1,0
7783.1,1
7783.7,34
7784.1,7
7784.1,16
7784.4,12
7784.8,38
7785.2,20
7785.8,13
7789.1,3
7789.3,24
7789.6,6
7790.0,14
7790.1,18
7790.8,17
7790.8,39
7790.9,27
7790.9,29
7791.2,31
7791.3,2
7791.4,37
7792.1,36
7793.2,23
7793.3,28
7793.5,22
7794.7,10
7795.0,8
7796.5,25
7796.8,26
7797.2,1
7797.5,12
7797.7,9
7798.0,13
7798.2,3
7798.6,34
7798.8,32
7799.3,19
7799.5,11
7800.9,21
7801.2,27
7801.8,14
7802.0,23
7802.7,17
7802.8,39
7804.8,7
7805.5,31
7805.7,28
7806.5,33
7806.6,37
7806.9,20
7806.9,29
7807.1,38
7807.2,16
7807.3,12
7807.5,35
7807.6,0
7807.7,26
7808.6,36
7808.9,1
7809.0,18
7809.8,10
7810.6,8
7810.9,3
7811.0,13
7812.7,24
7812.7,34
7813.5,6
7813.7,23
7814.7,5
7814.7,27
7814.9,17
7815.5,9
7815.5,32
7817.0,21
7817.3,14
7820.3,36
7820.8,20
7821.2,11
7821.5,26
7821.5,34
7822.0,37
7822.2,19
7822.4,3
7822.4,38
7822.7,12
7823.0,29
7823.1,25
7823.8,8
7824.3,23
7824.7,6
7825.2,22
7825.3,1
7825.4,18
7826.6,17
7826.7,4
7826.8,16
7826.9,7
7827.0,14
7828.1,24
7828.7,36
7829.8,28
7830.5,0
7830.5,21
7831.1,35
7831.7,13
7831.7,32
7832.5,9
7832.5,27
7833.0,39
7833.4,31
7834.0,20
7834.3,34
7834.8,12
7835.5,3
7835.7,10
7836.0,29
7836.4,6
7836.6,16
7836.7,17
7837.0,11
7837.3,14
7837.6,38
7838.0,23
7838.0,37
7838.5,8
7838.9,28
7839.9,26
7840.1,24
7841.3,7
7841.6,36
7842.0,19
7842.4,13
7842.4,31
7844.8,1
7844.9,15
7845.8,17
7846.2,14
7846.5,12
7846.6,4
7847.0,21
7847.4,33
7847.6,3
7848.1,9
7848.1,20
7848.5,23
7848.5,34
7848.5,39
7849.9,25
7849.9,27
7849.9,32
7850.7,29
7851.2,36
7851.6,6
7853.0,22
7853.1,38
7854.0,28
7855.1,2
7855.4,1
7855.5,13
7855.8,19
7856.2,3
7856.3,30
7856.4,24
7856.7,18
7857.0,17
7857.3,8
7857.3,11
7857.5,10
7858.5,23
7859.2,16
7859.3,36
7861.0,14
7861.3,31
7861.5,37
7861.7,7
7861.7,12
7863.8,34
7865.0,1
7865.3,26
7866.5,25
7866.8,9
7866.8,21
7866.9,32
7867.0,39
7867.9,19
7868.2,24
7868.5,20
7869.8,7
7869.8,23
7869.8,27
7870.0,18
7870.1,10
7870.1,13
7870.1,29
7870.2,12
7870.2,17
7870.6,3
7871.2,6
7872.1,14
7872.6,36
7873.0,4
7873.1,31
7873.2,11
7874.3,8
7877.3,23
7877.3,28
7878.8,9
7881.0,27
7881.6,21
7881.7,3
7881.7,7
7881.7,16
7882.1,34
7882.2,17
7883.2,1
7883.2,20
7883.2,38
7883.4,36
7883.5,39
7884.2,28
7884.4,26
7887.3,32
7887.5,25
7888.1,12
7888.1,29
7888.3,10
7888.4,2
7888.7,37
7888.8,24
7889.2,14
7889.3,18
7889.4,13
7889.5,33
7889.7,22
7889.8,23
7889.9,31
7890.2,9
7890.4,19
7890.5,0
7890.5,35
7890.7,16
7891.5,4
7891.8,11
7892.1,39
7894.0,36
7894.2,21
7894.9,3
7895.2,8
7895.3,34
7895.4,1
7895.4,20
7895.4,28
7896.4,6
7896.6,15
7896.8,32
7896.9,13
7896.9,27
7897.3,17
7899.6,29
7900.0,23
7900.2,14
7900.3,26
7902.1,10
7902.3,11
7902.3,38
7902.4,7
7903.3,3
7905.5,16
7905.7,12
7905.8,9
7906.9,36
7907.1,27
7907.5,24
7907.5,25
7907.9,17
7908.1,33
7908.9,23
7908.9,32
7909.0,19
7909.2,31
7909.3,14
7909.8,13
7910.3,34
7910.9,22
7911.0,39
7911.1,1
7911.2,6
7911.8,21
7912.5,35
7914.4,20
7916.5,29
7916.8,9
7916.9,18
7917.0,0
7917.0,12
7917.0,26
7917.3,37
7917.4,11
7917.5,17
7917.5,36
7917.6,7
7917.9,3
7918.3,8
7918.5,10
7918.9,14
7919.5,28
7921.1,27
7921.1,32
7921.5,23
7921.6,19
7921.8,31
7922.7,1
7922.7,13
7923.2,38
7925.0,16
7925.2,39
7926.6,20
7926.9,4
7927.3,6
7927.3,36
7927.8,24
7927.8,34
7928.0,3
7928.5,21
7928.7,13
7929.1,17
7929.6,29
7930.1,14
7930.6,8
7930.6,27
7930.8,18
7931.1,23
7932.0,26
7932.6,12
7935.1,9
7935.8,1
7936.1,38
7936.5,3
7936.6,10
7936.6,25
7937.3,31
7937.7,32
7937.8,7
7938.6,20
7939.0,16
7939.0,37
7939.1,36
7939.8,12
7940.3,11
7943.0,14
7943.4,0
7943.4,28
7943.4,34
7943.6,27
7943.8,21
7943.8,23
7944.0,29
7944.8,8
7945.6,26
7945.9,17
7946.2,1
7946.2,5
7946.4,39
7947.1,6
7947.3,19
7947.9,24
7948.2,13
7949.3,9
7949.5,31
7949.6,3
7949.9,2
7950.8,25
7951.8,36
7953.3,17
7954.0,33
7954.0,35
7954.1,29
7954.9,12
7955.2,22
7955.5,18
7956.3,27
7956.4,23
7956.6,38
7956.8,32
7956.9,8
7957.2,16
7957.4,34
7957.5,4
7957.5,10
7957.5,14
7957.6,13
7957.7,7
7957.7,20
7958.4,26
7958.7,6
7959.0,11
7959.6,3
7960.3,28
7960.5,1
7962.5,21
7963.2,9
7963.6,17
7964.5,24
7964.6,36
7964.8,13
7965.3,0
7965.7,27
7965.9,39
7966.3,31
7966.8,23
7966.8,34
7968.2,12
7968.7,8
7969.3,29
7969.4,20
7969.4,25
7969.4,32
7969.6,16
7970.0,37
7970.1,3
7970.3,6
7970.7,26
7971.4,19
7972.3,36
7973.3,10
7973.9,21
7974.1,23
7974.9,14
7974.9,35
7975.1,1
7975.7,31
7976.3,7
7977.4,13
7977.9,27
7978.2,28
7979.0,38
7979.5,17
7979.5,39
7980.0,26
7980.8,20
7981.4,36
7981.6,18
7981.6,23
7981.8,3
7981.8,29
7982.0,11
7983.1,32
7983.3,16
7985.1,14
7985.2,12
7985.5,34
7986.1,9
7986.8,1
7987.0,31
7987.2,25
7987.6,24
7989.2,8
7990.1,6
7990.2,21
7990.5,17
7991.3,28
7991.4,10
7991.5,11
7991.9,18
7992.4,27
7992.4,37
7992.5,36
7992.6,23
7992.9,30
7993.2,39
7993.5,19
7993.7,3
7993.8,13
7995.6,7
7995.8,20
7997.5,26
7997.8,29
7998.7,22
7999.0,14
7999.1,33
7999.4,6
7999.5,34
8000.8,12
8001.1,32
8001.5,16
8002.1,4
8002.4,25
8002.4,38
8002.7,36
8002.8,31
8003.8,2
8003.8,3
8003.9,27
8004.1,0
8004.3,21
8004.4,23
8005.7,9
8005.8,10
8005.9,1
8006.8,17
8008.1,14
8008.2,7
8008.2,15
8009.6,36
8009.8,8
8010.5,27
8011.2,24
8011.2,29
8011.3,35
8011.6,18
8011.6,39
8012.2,26
8013.0,12
8014.1,19
8014.2,6
8014.4,28
8014.5,13
8014.5,23
8014.5,32
8014.6,34
8017.6,20
8017.9,17
8019.6,31
8019.7,3
8020.1,28
8020.8,1
8020.8,10
8020.8,24
8020.9,5
8021.0,37
8021.1,25
8021.2,21
8021.5,13
8021.5,27
8021.8,26
8022.1,11
8022.9,9
8023.5,8
8023.7,34
8023.8,18
8024.3,36
8024.6,29
8024.6,38
8024.8,12
8025.3,14
8025.5,33
8025.9,23
8025.9,22
8028.9,16
8028.9,21
8029.4,3
8030.1,4
8031.1,17
8031.3,13
8031.6,6
8032.4,32
8033.0,39
8033.5,36
8033.6,23
8034.3,28
8034.5,7
8034.9,14
8035.3,20
8037.1,9
8037.1,34
8037.4,0
8037.7,26
8037.8,17
8038.4,1
8038.4,25
8038.5,12
8038.6,11
8038.9,29
8039.0,24
8039.4,31
8039.5,3
8040.4,8
8040.9,10
8041.3,27
8041.4,19
8042.2,22
8044.3,21
8044.8,23
8044.8,36
8045.3,38
8045.5,13
8045.5,37
8046.7,39
8047.3,34
8047.7,32
8047.9,17
8048.0,16
8048.2,14
8048.7,18
8049.4,3
8050.5,26
8050.7,6
8050.7,12
8050.7,27
8051.5,15
8051.6,24
8052.1,20
8052.5,23
8053.8,31
8053.8,36
8054.0,11
8054.1,29
8054.2,7
8054.7,1
8055.0,21
8055.1,10
8055.3,28
8056.3,9
8056.7,8
8057.0,13
8057.2,12
8057.2,25
8057.7,34
8059.9,39
8060.6,20
8061.8,17
8062.5,3
8062.9,0
8062.9,23
8063.2,14
8063.2,19
8063.5,35
8064.6,27
8064.6,36
8064.7,29
8066.3,26
8066.9,6
8067.0,12
8067.9,32
8068.4,38
8069.2,8
8069.4,28
8069.7,34
8069.8,21
8070.2,1
8070.5,17
8070.7,11
8070.8,24
8071.9,9
8073.8,23
8073.9,31
8074.1,20
8074.3,13
8074.5,25
8074.6,18
8074.7,14
8075.3,35
8075.5,7
8075.9,37
8078.1,22
8078.8,39
8078.9,16
8079.8,3
8079.9,12
8079.9,36
8080.0,17
8080.9,29
8081.2,27
8081.3,6
8082.1,32
8082.9,4
8083.5,10
8084.0,8
8084.4,24
8085.4,14
8085.7,13
8085.7,38
8085.8,34
8086.0,28
8086.1,26
8086.2,11
8086.4,37
8086.5,19
8086.7,16
8086.7,23
8086.9,31
8087.4,20
8088.2,21
8090.2,29
8090.6,1
8090.6,12
8090.6,39
8091.4,33
8091.8,9
8092.5,18
8092.7,0
8093.8,13
8094.2,36
8094.4,17
8095.1,34
8096.8,7
8096.8,32
8097.0,1
8097.1,10
8097.2,27
8097.4,3
8097.4,19
8098.2,14
8098.6,8
8098.9,25
8099.5,11
8099.9,31
8100.0,6
8100.0,20
8100.0,21
8100.2,28
8100.9,12
8100.9,23
8101.3,24
8101.6,17
8102.1,26
8103.0,16
8103.2,35
8103.2,38
8103.9,22
8104.1,34
8105.8,29
8106.0,36
8107.3,11
8107.9,37
8109.5,7
8109.6,9
8110.1,13
8110.7,14
8110.7,19
8110.9,12
8111.1,18
8111.1,21
8111.4,15
8111.5,5
8111.7,1
8111.8,6
8111.8,27
8112.2,3
8112.5,32
8113.4,23
8113.5,26
8113.6,8
8115.2,17
8115.7,10
8116.3,20
8116.7,36
8117.0,34
8117.2,28
8117.3,39
8118.2,29
8118.4,11
8118.7,31
8118.8,16
8118.8,30
8119.0,23
8119.7,32
8119.9,27
8120.0,21
8120.0,24
8120.3,0
8120.9,25
8121.2,3
8123.4,14
8123.8,17
8123.8,33
8124.3,35
8124.5,22
8125.2,1
8125.2,7
8126.8,19
8127.6,29
8127.6,38
8127.8,20
8127.8,34
8128.1,12
8128.3,23
8128.5,26
8129.3,6
8129.3,21
8130.0,36
8130.3,9
8130.9,18
8131.6,8
8131.9,28
8132.5,13
8132.8,16
8133.1,37
8133.4,31
8134.5,4
8135.4,3
8135.8,14
8136.4,32
8137.2,10
8138.1,17
8138.3,11
8138.8,7
8138.9,23
8138.9,24
8139.0,1
8139.0,22
8139.5,27
8140.8,36
8141.1,25
8142.9,13
8143.0,6
8143.4,39
8143.5,34
8143.7,12
8145.5,20
8145.6,19
8146.5,33
8146.9,26
8146.9,29
8148.8,15
8148.8,21
8149.1,0
8149.6,23
8149.7,28
8150.5,8
8150.5,36
8150.9,17
8151.1,31
8151.3,14
8151.5,35
8152.2,24
8152.7,18
8152.9,1
8153.0,20
8153.0,38
8154.5,3
8154.8,12
8154.8,10
8154.8,16
8155.6,11
8155.6,9
8156.3,25
8156.9,13
8156.9,27
8157.8,34
8159.0,7
8159.5,29
8159.5,37
8159.7,23
8161.0,32
8163.6,3
8163.6,36
8164.5,14
8164.5,19
8164.6,28
8165.3,17
8165.4,6
8165.7,20
8166.4,26
8166.7,39
8167.2,22
8167.3,23
8167.6,18
8168.3,10
8168.3,24
8168.5,1
8168.9,32
8169.1,13
8169.6,21
8170.4,31
8170.8,34
8171.3,27
8171.9,12
8171.9,30
8172.2,0
8172.6,25
8172.8,29
8173.3,8
8173.6,38
8173.8,3
8174.3,37
8174.4,7
8174.7,9
8175.2,11
8176.9,20
8177.7,17
8178.1,35
8178.2,23
8178.3,14
8178.6,13
8178.6,16
8179.0,36
8180.1,32
8181.5,39
8183.2,26
8183.4,4
8183.6,6
8183.7,10
8184.1,1
8184.1,18
8184.2,38
8184.3,21
8184.6,19
8185.2,31
8185.7,23
8185.9,13
8186.0,24
8187.5,36
8188.0,3
8188.4,34
8188.5,28
8188.6,27
8188.8,12
8189.8,17
8190.2,14
8190.3,29
8192.5,8
8192.9,20
8193.7,32
8194.1,23
8194.2,9
8194.8,24
8196.4,11
8197.0,6
8197.3,13
8198.4,1
8198.4,37
8198.8,3
8198.8,7
8199.0,35
8199.3,10
8199.4,12
8199.4,33
8199.4,39
8199.7,25
8199.7,18
8199.9,16
8200.3,36
8201.3,27
8201.8,21
8202.9,14
8203.2,26
8203.4,29
8203.5,23
8204.1,28
8204.2,17
8205.1,31
8205.7,13
8206.0,5
8206.6,8
8206.8,9
8207.2,1
8207.8,20
8207.9,19
8208.1,24
8208.1,34
8208.1,38
8209.3,3
8209.9,12
8210.9,10
8211.9,14
8212.0,23
8212.5,6
8213.0,4
8213.4,32
8214.3,21
8214.7,17
8214.8,27
8214.8,31
8215.8,11
8216.4,39
8216.8,34
8217.1,36
8217.6,18
8217.8,25
8218.4,29
8218.5,14
8218.8,3
8219.8,22
8220.2,9
8220.6,13
8221.3,8
8222.1,7
8223.0,16
8223.8,20
8224.1,0
8224.1,23
8224.3,12
8224.6,28
8225.0,26
8225.5,31
8226.4,10
8226.9,1
8226.9,37
8226.9,39
8227.0,3
8227.3,17
8227.5,21
8227.6,27
8228.7,36
8229.0,38
8229.1,15
8229.2,34
8230.5,32
8230.9,14
8232.1,18
8232.1,19
8232.2,35
8233.0,24
8233.1,6
8233.6,12
8235.0,20
8235.1,13
8235.7,3
8236.1,29
8236.9,7
8237.0,26
8237.2,9
8237.2,11
8237.4,23
8238.3,17
8238.8,8
8239.0,28
8239.4,25
8239.6,14
8239.7,16
8239.7,31
8239.7,33
8239.9,1
8240.6,36
8241.2,34
8242.0,27
8243.1,22
8243.2,2
8244.3,12
8244.4,39
8244.6,10
8244.7,24
8245.1,13
8247.4,23
8247.5,38
8247.6,35
8247.9,21
8248.7,3
8248.8,32
8249.4,6
8249.4,36
8249.9,29
8250.1,28
8250.8,0
8250.8,17
8251.5,14
8251.9,8
8252.1,1
8252.8,18
8253.1,34
8253.5,9
8253.7,20
8254.1,11
8254.9,16
8254.9,19
8255.1,27
8255.8,31
8255.9,7
8256.0,37
8256.7,12
8256.9,23
8256.9,26
8257.2,4
8258.7,17
8259.0,13
8262.0,10
8262.2,5
8262.4,21
8262.4,24
8262.6,3
8262.7,6
8262.7,28
8263.2,25
8263.8,36
8264.3,29
8264.4,20
8264.5,14
8265.7,34
8266.0,23
8266.6,16
8268.2,11
8268.2,13
8268.4,27
8268.4,32
8269.9,39
8271.0,25
8271.2,31
8271.2,26
8272.1,10
8272.4,3
8272.6,9
8272.7,7
8272.8,35
8272.9,17
8273.1,8
8273.3,19
8273.5,1
8274.0,12
8274.1,18
8274.2,24
8274.7,23
8275.1,14
8276.1,36
8276.5,38
8276.7,6
8277.1,28
8277.7,29
8278.1,32
8279.3,20
8279.5,22
8280.5,34
8280.5,37
8280.7,17
8280.7,30
8281.3,21
8281.9,12
8281.9,13
8282.5,39
8282.7,10
8283.8,3
8284.5,36
8285.3,19
8285.5,2
8285.5,23
8285.5,27
8285.9,24
8286.0,0
8286.6,8
8287.1,14
8287.4,16
8287.5,1
8288.4,26
8288.7,25
8289.2,9
8290.1,28
8290.5,29
8290.5,34
8290.9,11
8291.3,7
8291.3,33
8291.7,17
8292.0,31
8292.8,12
8293.2,3
8294.7,38
8296.3,14
8296.4,20
8296.8,10
8297.2,27
8297.2,32
8297.3,36
8297.8,4
8298.3,6
8298.4,13
8298.8,23
8299.4,8
8299.4,39
8299.6,34
8299.6,37
8300.2,1
8301.4,11
8301.7,17
8302.5,26
8303.1,21
8303.8,28
8304.0,16
8304.7,0
8305.6,29
8305.7,3
8306.2,14
8306.3,12
8306.5,19
8307.0,10
8307.8,7
8307.8,31
8307.8,35
8307.9,23
8307.9,27
8309.0,20
8310.0,24
8311.5,36
8312.1,13
8312.5,22
8313.0,9
8313.3,21
8313.5,25
8313.6,18
8314.6,8
8314.7,16
8316.2,34
8316.4,3
8316.6,1
8317.3,17
8317.3,26
8317.3,32
8317.5,23
8317.8,14
8318.6,12
8318.7,39
8318.9,6
8319.3,36
8319.4,15
8319.4,27
8320.2,38
8320.7,13
8322.9,28
8323.8,29
8324.1,23
8324.2,20
8324.5,31
8324.7,19
8325.8,3
8327.0,7
8328.8,24
8329.4,17
8329.5,25
8330.3,11
8330.5,21
8330.5,36
8330.7,16
8330.9,10
8331.2,12
8331.4,5
8331.8,8
8332.4,1
8332.4,6
8333.7,14
8334.2,39
8334.3,34
8334.6,32
8334.9,3
8335.4,35
8335.6,33
8336.0,18
8336.4,9
8336.5,23
8336.6,19
8336.6,20
8336.8,0
8336.8,13
8336.9,28
8337.0,27
8337.6,26
8340.5,31
8340.5,38
8342.5,1
8342.6,29
8342.8,17
8342.9,37
8343.3,21
8343.5,4
8344.6,12
8344.6,36
8345.7,13
8345.9,10
8346.0,20
8346.3,8
8346.3,34
8346.8,25
8346.8,14
8347.3,6
8347.9,27
8349.0,23
8350.1,32
8350.4,22
8351.2,7
8351.7,3
8352.6,9
8352.6,12
8352.9,24
8353.2,16
8353.8,2
8353.8,17
8355.1,28
8356.5,19
8356.8,18
8356.8,10
8356.8,37
8357.3,14
8357.5,29
8358.0,31
8358.9,1
8358.9,39
8359.0,11
8360.1,32
8360.3,36
8361.3,26
8362.2,20
8362.3,13
8363.4,3
8363.9,35
8364.1,27
8364.1,34
8364.2,23
8364.3,8
8364.6,21
8365.0,17
8365.5,33
8365.6,7
8366.0,28
8366.1,24
8366.3,38
8366.5,6
8366.6,12
8367.2,2
8367.3,0
8367.3,5
8367.7,25
8371.2,9
8371.5,19
8371.7,16
8372.0,17
8372.0,29
8372.2,39
8372.5,18
8373.1,32
8373.2,36
8373.3,14
8373.8,1
8374.4,34
8374.5,4
8374.5,28
8374.7,31
8374.8,23
8375.2,10
8375.2,20
8375.5,12
8375.6,37
8375.9,22
8376.0,30
8377.0,3
8377.5,27
8378.1,29
8378.9,21
8379.1,13
8379.3,38
8380.6,8
8380.9,26
8382.5,19
8383.2,14
8384.6,35
8384.9,6
8385.6,24
8385.9,17
8386.5,36
8386.9,1
8386.9,20
8388.5,21
8388.5,32
8388.8,27
8389.0,3
8389.2,23
8390.2,12
8390.2,29
8390.2,34
8391.5,11
8391.6,7
8391.6,22
8391.7,18
8392.0,13
8392.8,39
8392.9,33
8393.2,28
8393.2,37
8393.5,10
8393.7,8
8393.7,36
8394.1,9
8394.4,17
8394.4,25
8394.4,31
8394.8,16
8394.9,26
8397.3,14
8397.9,12
8397.9,38
8398.1,20
8398.5,0
8400.4,6
8400.5,23
8401.7,24
8403.1,29
8403.3,3
8403.3,5
8403.3,21
8403.6,28
8403.7,8
8403.8,27
8405.1,13
8405.3,17
8405.6,1
8405.6,4
8405.6,19
8405.6,32
8405.6,39
8405.7,34
8407.5,22
8407.7,14
8408.3,18
8409.3,36
8409.6,7
8410.4,23
8411.6,3
8411.6,11
8411.9,35
8412.0,31
8412.2,9
8412.3,26
8413.6,10
8414.0,1
8414.0,20
8414.3,6
8414.9,37
8415.0,12
8416.7,24
8416.9,13
8416.9,17
8416.9,25
8416.9,34
8417.0,38
8417.6,33
8417.6,16
8418.1,8
8418.2,21
8418.3,27
8418.4,14
8418.5,29
8419.1,36
8419.3,28
8419.5,23
8420.9,32
8422.5,3
8422.5,7
8426.0,9
8426.9,19
8427.3,6
8427.7,31
8428.5,39
8429.2,17
8429.7,12
8429.7,18
8430.9,20
8431.2,28
8431.5,29
8431.9,3
8432.5,4
8432.5,11
8432.7,0
8432.7,36
8432.8,1
8432.8,26
8432.8,37
8433.6,27
8433.9,10
8433.9,14
8434.1,23
8435.2,8
8436.7,21
8438.3,7
8438.6,16
8438.8,32
8439.6,13
8440.7,25
8441.3,6
8441.3,24
8442.7,17
8443.1,12
8443.1,14
8443.1,34
8443.3,9
8443.5,27
8443.6,30
8443.6,31
8443.7,23
8444.6,36
8445.0,3
8445.9,1
8445.9,19
8446.1,22
8446.1,35
8446.6,29
8447.4,10
8449.9,38
8450.4,28
8450.7,8
8450.7,26
8450.8,18
8451.9,12
8452.5,0
8453.6,11
8454.3,20
8454.5,23
8454.9,32
8455.4,1
8455.5,13
8456.1,36
8456.5,14
8457.0,16
8457.1,17
8457.3,3
8457.8,6
8457.9,24
8458.0,9
8458.1,21
8458.1,29
8458.5,34
8458.6,37
8458.9,31
8458.9,39
8459.0,7
8459.1,22
8460.4,26
8461.7,19
8461.9,27
8462.3,8
8463.2,12
8464.5,33
8465.2,23
8465.2,25
8465.6,10
8465.6,36
8467.5,32
8469.0,14
8469.2,1
8469.3,3
8469.3,11
8469.3,28
8469.3,31
8469.4,38
8469.4,17
8470.1,13
8470.3,20
8470.8,21
8470.8,36
8471.0,5
8471.7,0
8471.8,24
8472.2,6
8472.6,18
8474.4,12
8475.5,23
8475.5,27
8475.7,2
8476.6,26
8476.8,9
8477.0,29
8477.9,7
8477.9,37
8478.0,8
8478.4,34
8478.4,35
8478.5,4
8478.7,39
8479.1,13
8479.5,19
8479.5,20
8479.9,10
8479.9,21
8480.1,16
8480.3,22
8481.2,36
8481.7,14
8482.0,28
8483.6,1
8483.6,17
8483.8,24
8484.3,3
8485.3,32
8486.6,31
8486.8,11
8486.8,12
8487.1,37
8487.4,25
8488.0,38
8488.1,23
8488.4,29
8488.8,6
8489.1,13
8489.5,20
8489.7,34
8490.1,10
8490.8,7
8492.1,27
8493.6,3
8493.7,33
8493.8,36
8494.2,9
8494.2,24
8494.3,14
8495.5,21
8495.7,19
8495.7,26
8495.8,8
8495.9,17
8496.1,0
8496.2,31
8498.1,18
8498.8,16
8498.9,28
8499.0,39
8499.7,1
8500.4,32
8500.6,23
8500.7,6
8500.9,12
8501.1,13
8501.9,4
8501.9,29
8503.3,20
8504.8,34
8507.2,22
8507.8,17
8507.9,37
8508.0,25
8508.0,38
8508.4,3
8508.8,10
8509.2,14
8509.7,8
8509.9,11
8509.9,27
8510.3,36
8510.4,19
8510.6,31
8510.7,24
8511.6,39
8511.8,7
8511.9,21
8513.4,9
8513.9,23
8514.4,29
8514.6,6
8514.6,20
8515.5,0
8515.8,28
8516.0,12
8516.3,13
8516.6,3
8517.2,26
8517.3,32
8518.1,17
8518.2,36
8518.4,14
8519.3,1
8519.4,21
8519.6,16
8520.5,10
8522.1,23
8522.1,27
8522.7,11
8523.4,5
8524.4,34
8524.5,8
8524.5,19
8524.5,35
8524.6,31
8524.7,24
8526.1,13
8526.3,37
8526.7,6
8526.7,33
8526.9,29
8527.2,12
8527.4,7
8527.5,14
8528.3,20
8528.8,17
8528.8,36
8529.2,25
8529.4,3
8530.0,1
8530.7,38
8530.8,32
8531.9,23
8532.6,26
8532.8,9
8533.2,27
8533.6,22
8534.0,18
8534.9,19
8534.9,39
8536.3,28
8536.8,29
8537.6,4
8537.6,8
8537.7,10
8539.2,34
8539.6,21
8539.8,14
8539.9,13
8539.9,37
8543.3,20
8543.5,3
8544.3,6
8544.3,7
8544.3,23
8545.0,12
8545.3,36
8545.4,17
8545.9,27
8546.2,31
8546.3,24
8546.8,11
8547.1,22
8547.2,0
8547.5,9
8548.1,1
8548.2,26
8549.8,28
8550.0,16
8550.3,39
8550.6,34
8550.7,14
8551.1,19
8551.1,21
8552.2,32
8552.5,13
8552.7,25
8553.8,17
8553.9,38
8554.0,20
8554.1,10
8555.2,3
8557.4,12
8558.0,8
8558.0,26
8558.3,36
8558.5,7
8558.6,18
8558.6,27
8559.0,29
8559.1,24
8559.3,6
8559.7,23
8559.8,33
8560.9,9
8560.9,31
8560.9,35
8561.4,32
8562.5,17
8564.0,14
8565.1,3
8565.7,21
8565.9,39
8566.8,1
8567.3,34
8568.4,0
8568.7,20
8569.1,13
8569.1,36
8569.7,37
8570.0,16
8570.3,12
8570.7,8
8570.8,10
8571.4,23
8571.4,25
8571.6,11
8572.2,38
8572.7,28
8573.6,31
8573.7,3
8573.7,9
8573.8,32
8573.9,6
8573.9,18
8574.2,24
8574.4,14
8575.1,29
8575.5,19
8575.6,7
8576.5,34
8576.6,4
8576.9,21
8577.1,27
8577.7,17
8578.9,2
8579.1,12
8579.4,1
8579.6,13
8582.1,36
8583.0,20
8583.1,3
8583.1,11
8583.7,23
8583.7,26
8585.2,31
8586.9,22
8586.9,39
8587.2,14
8587.5,6
8587.6,16
8587.6,34
8587.9,9
8588.6,29
8588.9,38
8589.0,17
8589.1,10
8590.3,19
8590.6,30
8591.8,1
8591.9,27
8592.8,20
8593.3,26
8594.4,18
8594.9,24
8595.0,32
8595.1,8
8595.1,36
8595.2,37
8595.3,9
8596.0,21
8596.5,0
8596.6,25
8596.7,23
8596.8,7
8597.4,12
8597.4,13
8597.4,34
8598.7,3
8599.1,14
8599.5,28
8602.0,8
8602.1,29
8602.5,11
8602.8,24
8603.3,33
8604.5,10
8604.8,6
8604.8,19
8605.1,27
8606.3,14
8606.4,39
8606.5,32
8606.7,1
8606.7,31
8607.4,36
8607.5,17
8607.5,38
8608.1,23
8608.1,34
8609.7,20
8609.8,35
8611.5,26
8611.6,21
8613.6,37
8613.9,13
8614.0,3
8614.8,29
8615.1,28
8615.2,9
8616.6,10
8616.7,18
8616.9,12
8617.4,7
8618.8,27
8619.6,16
8619.7,36
8620.0,24
8620.1,8
8620.2,14
8620.2,25
8620.4,31
8620.7,0
8621.2,34
8621.7,17
8621.8,19
8622.0,38
8622.1,1
8622.3,20
8622.7,23
8623.5,13
8623.9,32
8624.0,4
8624.3,3
8624.4,26
8624.7,39
8626.0,21
8627.2,6
8627.4,22
8628.8,24
8630.0,11
8630.9,8
8631.2,12
8631.2,29
8631.4,18
8631.6,28
8631.8,9
8632.5,23
8633.0,27
8633.8,14
8634.0,36
8635.6,1
8637.1,38
8637.7,13
8637.9,16
8637.9,39
8638.8,20
8639.0,3
8639.0,17
8639.1,34
8639.6,10
8640.4,32
8640.9,19
8641.1,6
8641.4,25
8641.5,7
8641.6,8
8642.5,29
8643.0,0
8643.6,12
8643.6,21
8644.0,23
8644.5,31
8644.9,9
8645.4,4
8645.5,14
8645.5,26
8645.5,35
8645.5,36
8645.6,28
8647.0,18
8649.1,24
8649.1,34
8649.2,17
8649.3,22
8649.4,27
8649.7,38
8649.8,11
8650.3,16
8650.5,13
8650.7,33
8651.1,37
8651.3,3
8651.6,20
8651.7,1
8653.3,14
8653.9,10
8655.3,8
8655.4,36
8656.1,21
8657.1,9
8657.5,39
8658.5,29
8658.6,26
8658.8,19
8659.3,23
8660.1,27
8660.6,6
8660.6,32
8660.7,34
8661.1,17
8661.3,1
8661.4,12
8662.0,31
8662.1,0
8662.3,3
8662.4,28
8662.6,11
8662.6,20
8665.5,5
8665.5,21
8665.9,7
8667.3,13
8668.2,36
8668.4,24
8668.5,14
8669.3,29
8669.6,15
8669.7,38
8670.0,25
8670.3,20
8670.6,8
8670.6,9
8670.9,23
8672.8,26
8672.8,27
8675.2,10
8675.7,12
8675.7,17
8675.8,1
8676.2,34
8677.0,30
8677.0,35
8678.5,3
8678.6,37
8679.2,36
8679.7,31
8680.2,19
8680.2,32
8680.4,28
8680.5,23
8680.7,14
8680.9,6
8680.9,16
8681.3,13
8681.8,33
8681.9,20
8682.9,29
8684.5,4
8685.4,11
8685.6,17
8686.2,18
8686.5,9
8686.5,12
8686.9,27
8687.3,21
8687.4,1
8687.4,34
8688.1,5
8688.4,8
8689.0,10
8689.0,14
8689.3,0
8689.6,3
8689.7,7
8690.8,23
8692.3,6
8692.7,19
8693.4,20
8693.9,24
8694.4,39
8695.4,26
8695.5,29
8697.0,22
8697.4,32
8697.8,36
8698.2,12
8698.5,16
8698.6,17
8698.7,13
8699.7,38
8700.1,21
8701.1,7
8701.6,10
8702.2,25
8702.2,35
8702.7,9
8703.9,14
8704.0,31
8704.6,34
8704.7,37
8704.8,1
8705.1,11
8705.3,3
8705.3,6
8705.3,23
8705.6,27
8705.9,28
8709.2,8
8709.6,18
8709.9,26
8710.6,36
8711.4,12
8712.0,24
8712.2,29
8712.6,33
8712.8,20
8712.8,27
8712.8,39
8712.9,32
8713.7,19
8714.0,21
8714.1,23
8714.5,0
8714.8,3
8715.2,13
8716.3,17
8716.6,14
8718.6,7
8718.7,10
8720.5,16
8720.9,6
8721.0,34
8721.1,32
8721.3,1
8721.8,31
8722.2,28
8722.3,22
8722.7,26
8722.8,21
8722.9,25
8722.9,38
8723.2,12
8723.2,36
8724.3,3
8724.4,8
8724.7,14
8724.7,17
8726.2,4
8727.4,27
8727.6,11
8727.8,35
8728.1,24
8728.3,29
8728.4,20
8729.4,18
8730.6,21
8730.6,23
8731.0,6
8731.0,9
8731.4,37
8732.8,10
8733.0,1
8733.1,39
8733.1,13
8733.9,19
8734.2,25
8734.3,14
8734.6,7
8735.0,16
8735.4,31
8735.6,34
8736.3,17
8736.4,0
8736.5,36
8737.0,12
8738.2,2
8738.2,3
8738.3,32
8739.0,15
8739.6,11
8740.3,28
8740.5,26
8741.0,23
8741.4,27
8743.5,21
8745.0,8
8745.0,24
8745.5,9
8745.7,22
8746.1,10
8746.4,6
8746.5,1
8746.8,29
8747.0,18
8747.0,32
8747.1,16
8747.5,20
8747.7,14
8747.7,33
8747.9,34
8748.4,36
8748.9,31
8749.2,17
8749.3,3
8749.4,38
8750.6,12
8752.1,28
8752.2,26
8752.7,23
8753.2,13
8754.7,27
8755.0,19
8756.2,4
8756.3,8
8756.9,21
8757.2,29
8757.5,39
8757.8,12
8758.1,37
8758.4,20
8758.4,35
8758.4,9
8758.6,36
8758.7,7
8758.7,24
8759.6,25
8760.2,32
8761.3,17
8761.6,34
8761.7,1
8763.6,10
8764.1,6
8764.4,23
8764.7,28
8765.5,3
8765.5,13
8765.7,20
8766.8,19
8766.9,27
8766.9,36
8767.0,0
8767.0,26
8767.5,16
8768.4,14
8769.3,5
8769.5,31
8769.8,38
8769.9,11
8770.4,39
8770.5,22
8771.2,24
8772.5,29
8772.9,12
8772.9,23
8773.7,21
8773.8,1
8774.8,18
8775.9,34
8777.9,25
8778.7,9
8779.2,10
8779.3,3
8779.5,6
8779.6,17
8780.2,8
8780.4,28
8780.5,36
8781.0,11
8781.2,7
8781.3,27
8781.3,26
8781.9,20
8782.1,13
8782.1,14
8782.1,32
8782.7,16
8782.7,33
8783.0,19
8783.1,31
8783.2,23
8783.6,21
8783.8,38
8784.3,34
8784.8,4
8785.8,1
8786.1,3
8786.2,39
8787.6,2
8787.7,17
8788.1,35
8790.4,12
8790.5,24
8791.1,10
8791.3,37
8792.3,36
8793.2,9
8793.3,6
8793.3,18
8793.5,28
8794.2,11
8794.3,29
8794.5,0
8794.6,20
8795.3,3
8796.0,23
8796.4,13
8797.0,32
8797.3,8
8797.6,25
8797.6,27
8799.7,19
8800.3,7
8800.9,22
8801.4,1
8801.4,21
8801.6,39
8801.9,17
8802.1,12
8802.2,14
8802.4,34
8802.9,26
8803.9,16
8804.2,36
8804.8,31
8805.0,38
8805.6,10
8805.9,23
8806.2,20
8807.4,3
8807.5,6
8809.9,29
8810.2,14
8810.4,27
8810.6,11
8810.6,28
8810.7,13
8811.4,37
8812.1,9
8812.4,17
8813.1,24
8813.7,5
8813.9,8
8814.0,26
8814.2,4
8814.2,6
8814.2,18
8814.2,33
8814.3,32
8815.1,3
8815.2,1
8815.7,12
8816.8,36
8817.0,16
8817.0,10
8817.3,23
8817.9,39
8818.1,25
8818.8,7
8818.8,21
8819.0,34
8819.4,28
8819.8,20
8820.0,37
8820.4,35
8820.5,17
8823.8,27
8824.0,14
8825.1,0
8825.5,22
8826.3,39
8826.8,19
8827.3,32
8827.6,3
8828.4,13
8828.9,24
8829.4,29
8829.5,9
8829.5,36
8829.6,23
8829.9,17
8830.0,8
8830.3,6
8830.4,10
8830.4,21
8830.6,12
8830.9,26
8832.4,31
8832.4,34
8832.4,20
8833.0,27
8833.7,38
8834.1,16
8834.4,7
8834.4,14
8835.7,5
8835.7,18
8835.9,11
8836.2,25
8836.5,28
8837.0,15
8838.2,12
8838.8,1
8838.9,3
8839.7,13
8841.2,32
8841.6,36
8842.3,8
8842.8,17
8844.3,4
8845.3,6
8845.6,23
8846.0,9
8846.1,20
8846.5,18
8847.3,0
8847.6,26
8847.6,29
8847.7,24
8848.8,19
8848.9,7
8848.9,31
8849.7,34
8849.9,27
8850.6,1
8850.8,10
8851.2,3
8852.0,14
8852.0,36
8852.1,11
8852.1,39
8853.2,25
8853.2,38
8853.5,22
8853.6,12
8854.3,13
8855.1,23
8855.1,28
8856.0,21
8857.4,16
8857.8,37
8857.9,17
8859.0,8
8860.5,36
8862.0,20
8862.1,27
8863.7,1
8864.8,3
8864.9,24
8865.1,18
8865.2,12
8865.2,23
8865.5,33
8866.1,34
8866.2,6
8866.3,29
8866.4,14
8866.4,26
8866.4,32
8866.5,10
8866.7,19
8867.1,9
8868.0,13
8868.1,21
8868.2,7
8870.1,35
8870.5,31
8871.8,28
8872.2,16
8872.2,17
8873.5,38
8874.7,37
8874.8,36
8875.0,3
8876.5,27
8876.7,8
8876.8,11
8876.8,23
8877.0,0
8877.1,22
8877.2,12
8877.7,20
8878.0,7
8878.1,34
8878.2,9
8878.3,18
8878.8,39
8883.2,31
8883.3,1
8884.0,29
8884.5,13
8884.6,21
8884.9,17
8884.9,26
8884.9,24
8885.1,23
8885.2,10
8885.3,6
8885.5,25
8885.8,14
8885.9,4
8886.2,34
8886.3,32
8886.4,5
8886.9,16
8887.0,3
8887.4,36
8887.9,12
8888.8,7
8889.4,22
8891.1,8
8891.1,39
8892.6,29
8893.8,28
8894.3,33
8894.5,9
8894.6,27
8894.9,14
8895.3,17
8895.4,30
8895.6,19
8895.6,20
8896.2,10
8896.7,18
8896.8,1
8897.4,34
8897.9,13
8897.9,32
8899.2,23
8899.3,3
8899.4,7
8899.8,35
8899.9,31
8900.4,37
8901.1,6
8901.5,12
8901.7,36
8902.2,38
8903.9,16
8904.6,26
8905.0,24
8906.6,29
8906.9,21
8907.7,28
8907.8,27
8907.8,39
8908.0,14
8908.3,9
8908.3,12
8908.4,11
8908.5,0
8908.6,32
8908.8,20
8908.9,8
8908.9,18
8909.1,23
8909.3,25
8909.5,3
8910.8,10
8911.0,6
8911.3,17
8911.4,31
8911.6,22
8911.9,13
8912.3,36
8913.7,1
8913.7,34
8913.8,19
8915.2,14
8915.6,21
8917.0,24
8917.5,5
8917.6,23
8918.3,37
8918.5,38
8918.7,7
8919.0,3
8919.7,27
8919.8,16
8920.9,12
8921.3,26
8922.3,8
8922.3,11
8922.5,9
8922.7,4
8923.3,32
8923.5,17
8923.5,28
8923.6,6
8923.7,13
8923.9,36
8924.0,20
8924.0,31
8924.1,18
8925.1,34
8925.6,35
8926.8,29
8929.1,10
8929.8,23
8930.0,3
8930.2,0
8930.4,21
8930.7,14
8931.7,24
8932.2,25
8932.7,27
8933.0,1
8933.0,2
8933.0,17
8933.0,19
8934.2,20
8934.3,7
8934.3,39
8935.0,16
8935.6,3
8935.7,33
8936.4,26
8936.5,5
8936.6,12
8936.6,36
8937.0,8
8937.4,6
8937.8,37
8938.5,29
8938.8,9
8939.0,21
8939.4,18
8939.7,28
8940.2,22
8940.2,23
8940.2,31
8940.3,11
8940.7,34
8941.0,38
8941.8,13
8941.9,14
8942.3,17
8942.6,32
8945.0,1
8945.7,10
8945.9,4
8946.7,12
8947.7,27
8948.7,7
8949.3,36
8949.7,19
8950.2,8
8950.2,26
8950.4,3
8951.6,23
8952.3,28
8952.4,13
8953.6,24
8954.7,39
8954.9,20
8955.1,25
8955.6,9
8956.2,16
8956.4,38
8956.9,34
8957.2,32
8957.3,17
8957.6,27
8957.6,29
8957.6,31
8957.6,37
8958.6,14
8958.6,33
8958.7,12
8958.7,1
8959.6,6
8960.3,36
8961.6,0
8962.2,11
8962.9,19
8963.3,26
8963.4,35
8963.8,23
8964.8,3
8964.9,8
8965.0,13
8965.2,18
8965.2,21
8965.9,24
8966.4,10
8966.4,7
8967.0,39
8968.3,1
8969.0,12
8969.0,31
8969.4,17
8970.5,29
8971.1,9
8971.4,16
8973.6,32
8973.7,36
8973.9,20
8974.8,34
8975.2,27
8975.3,26
8975.6,23
8976.2,14
8976.6,13
8976.6,22
8976.8,3
8977.1,6
8977.5,25
8977.7,28
8977.9,18
8978.0,38
8978.4,37
8979.3,21
8979.9,17
8980.5,39
8980.8,1
8980.8,29
8981.6,8
8983.6,12
8984.2,9
8985.0,3
8985.9,10
8985.9,30
8986.8,7
8986.8,31
8987.0,24
8987.2,36
8987.3,27
8987.6,14
8988.4,11
8988.7,19
8988.8,20
8989.1,34
8990.0,23
8990.0,26
8990.5,28
8990.8,16
8991.4,2
8991.6,35
8992.4,12
8992.4,13
8992.6,6
8992.6,29
8993.4,17
8994.1,21
8995.0,5
8995.0,14
8995.3,1
8995.5,23
8995.5,32
8996.0,18
8996.0,22
8996.2,24
8996.6,4
8996.8,38
8996.8,0
8997.0,27
8997.7,31
8998.1,3
8998.1,37
8998.5,36
8998.8,39
8998.9,8
8999.2,7
8999.7,10
9001.9,34
9003.4,29
9003.5,32
9004.2,33
9004.9,9
9004.9,19
9004.9,23
9005.1,13
9005.6,17
9005.6,20
9006.3,14
9006.5,16
9006.6,12
9006.8,27
9007.1,24
9008.4,26
9008.6,6
9009.6,7
9010.8,28
9011.3,1
9012.2,38
9012.2,36
9012.4,31
9012.5,21
9013.2,3
9013.4,15
9013.5,11
9013.9,35
9014.9,23
9015.1,34
9016.0,12
9016.0,13
9017.1,25
9017.9,17
9018.7,9
9018.9,8
9019.5,20
9019.9,22
9019.9,29
9019.9,39
9020.2,18
9020.3,19
9020.9,10
9021.2,32
9022.1,27
9022.1,36
9022.4,15
9022.5,14
9022.9,21
9023.2,24
9023.2,31
9023.3,13
9023.3,38
9023.8,3
9024.1,16
9024.1,37
9027.0,7
9027.4,23
9028.6,34
9028.8,26
9028.9,17
9029.5,1
9030.0,33
9030.0,36
9030.3,12
9030.3,20
9030.4,14
9030.5,28
9031.0,0
9031.1,39
9031.9,6
9032.6,4
9032.7,18
9032.7,29
9033.8,32
9034.2,13
9034.3,9
9034.8,21
9034.9,19
9035.2,27
9035.3,31
9035.5,2
9035.8,24
9037.8,23
9038.8,7
9039.1,11
9039.3,8
9040.0,1
9040.0,34
9040.4,3
9041.2,14
9041.3,17
9041.5,36
9041.9,22
9042.4,10
9043.8,25
9043.9,12
9045.2,31
9045.3,26
9045.6,28
9045.9,39
9046.3,13
9046.3,20
9046.3,38
9046.9,24
9047.2,23
9047.3,29
9048.8,21
9050.6,9
9050.6,34
9051.0,36
9051.2,33
9051.5,6
9051.6,3
9052.1,18
9052.5,27
9052.8,14
9053.0,35
9053.3,7
9053.8,37
9054.1,17
9054.4,10
9055.3,11
9056.3,8
9057.6,32
9057.9,13
9058.0,22
9058.5,20
9058.9,0
9058.9,29
9059.3,16
9059.5,23
9059.9,26
9060.2,39
9060.4,28
9061.0,31
9061.9,1
9062.1,19
9063.2,12
9064.4,9
9065.1,21
9065.8,36
9066.0,14
9066.3,25
9066.8,34
9067.0,3
9067.4,27
9067.4,37
9067.6,7
9067.9,38
9068.1,5
9069.0,26
9069.4,20
9069.4,33
9070.0,17
9071.3,23
9072.1,31
9072.1,32
9072.2,10
9072.4,24
9072.6,6
9073.3,11
9074.2,35
9074.5,28
9075.9,1
9076.0,18
9076.3,13
9076.6,12
9077.1,27
9077.2,9
9077.7,29
9077.7,39
9078.6,8
9079.3,34
9079.9,16
9080.0,14
9080.3,17
9080.5,36
9080.7,3
9080.7,21
9080.9,2
9081.8,38
9082.3,24
9082.6,19
9082.7,4
9082.7,20
9083.3,28
9084.2,7
9084.5,23
9085.2,37
9088.1,32
9088.9,13
9088.9,26
9089.0,8
9089.3,25
9089.6,12
9089.8,6
9090.0,11
9090.1,34
9090.5,14
9090.6,31
9091.2,18
9091.8,0
9091.9,29
9092.8,17
9093.0,3
9093.3,10
9093.7,1
9094.1,27
9094.2,16
9094.6,36
9095.0,23
9095.9,19
9095.9,35
9096.1,7
9096.3,20
9096.5,28
9099.1,32
9099.4,9
9099.6,15
9100.1,14
9102.9,38
9103.0,12
9103.0,13
9103.1,23
9103.1,24
9103.1,39
9103.2,6
9103.3,21
9103.3,29
9103.6,34
9103.7,33
9104.4,17
9105.3,27
9106.5,8
9106.8,31
9106.8,37
9107.3,26
9107.5,0
9107.7,3
9108.0,5
9108.9,10
9109.0,36
9109.8,2
9110.4,22
9110.5,28
9111.8,11
9112.1,1
9112.6,20
9113.1,9
9113.2,23
9113.7,14
9113.7,35
9113.8,4
9114.2,32
9114.8,13
9115.2,17
9116.5,16
9116.7,12
9117.1,3
9117.2,36
9118.2,39
9118.2,27
9118.7,24
9118.8,34
9119.6,18
9119.7,29
9121.2,25
9122.2,6
9122.2,19
9122.5,26
9122.7,21
9123.2,32
9123.7,23
9124.2,28
9124.3,8
9124.7,31
9126.8,10
9128.8,1
9129.1,20
9129.4,7
9129.4,33
9129.4,35
9129.5,13
9129.5,14
9129.9,17
9130.4,3
9130.6,36
9130.6,38
9131.3,24
9131.3,27
9131.5,16
9132.2,39
9132.9,9
9132.9,12
9133.1,23
9133.2,26
9133.4,25
9134.0,6
9134.0,19
9134.0,21
9134.0,29
9134.4,37
9134.5,34
9135.1,28
9135.2,31
9135.3,0
9137.8,20
9138.8,32
9138.9,11
9139.6,1
9139.8,36
9140.7,5
9140.8,10
9141.4,17
9141.7,8
9141.7,13
9142.6,14
9143.4,35
9143.5,34
9143.9,23
9144.3,2
9144.5,4
9144.6,3
9146.0,12
9146.0,21
9146.0,24
9146.5,27
9146.5,37
9146.5,39
9146.6,6
9146.6,31
9148.4,20
9149.1,18
9149.3,7
9151.1,3
9151.4,16
9151.8,1
9152.4,9
9152.4,28
9153.3,36
9153.9,23
9154.4,22
9154.6,17
9154.8,8
9155.2,10
9155.3,13
9155.3,24
9155.9,26
9155.9,32
9156.2,6
9156.8,14
9157.1,27
9158.2,12
9158.5,19
9158.9,38
9159.1,15
9159.3,11
9160.4,34
9160.7,21
9160.8,29
9160.9,35
9162.2,23
9164.9,8
9165.0,3
9165.1,24
9165.7,13
9166.5,28
9166.6,25
9166.7,39
9166.9,36
9167.9,31
9168.2,18
9168.2,34
9168.4,1
9168.9,32
9169.8,20
9170.2,10
9170.2,17
9170.5,7
9170.5,9
9171.0,14
9171.1,6
9172.6,37
9172.7,26
9172.9,23
9173.0,16
9173.3,12
9173.9,3
9174.1,19
9174.1,27
9174.1,33
9174.2,21
9174.8,36
9176.1,22
9177.6,17
9179.0,38
9179.1,34
9179.5,29
9179.9,13
9180.4,18
9181.3,23
9183.0,39
9183.7,3
9183.7,31
9184.1,32
9184.2,20
9184.5,11
9184.5,24
9184.5,25
9185.2,9
9185.2,12
9185.4,1
9185.4,10
9185.5,8
9185.9,0
9186.0,7
9186.7,21
9186.7,37
9186.9,13
9186.9,16
9187.0,28
9187.1,19
9187.6,14
9187.6,35
9187.8,36
9188.2,26
9188.7,27
9191.2,6
9192.5,17
9192.6,23
9193.2,18
9193.7,29
9194.6,34
9197.2,20
9197.4,8
9198.0,14
9198.2,3
9198.9,4
9199.1,16
9199.7,21
9199.9,1
9200.2,24
9200.4,10
9200.7,27
9201.1,12
9202.1,19
9202.2,15
9202.2,25
9202.4,38
9203.1,34
9203.2,18
9203.2,26
9203.2,29
9203.2,36
9203.3,6
9203.3,31
9203.5,13
9203.6,7
9203.9,0
9204.0,9
9204.7,28
9205.3,39
9205.7,23
9206.0,2
9206.3,22
9206.6,17
9207.0,32
9207.4,14
9207.4,11
9208.7,3
9209.2,21
9211.6,5
9211.6,37
9212.8,20
9213.2,38
9213.6,26
9214.9,12
9215.5,34
9217.8,1
9218.2,29
9218.4,8
9218.4,14
9218.7,17
9218.7,23
9219.0,10
9219.0,27
9219.1,36
9219.2,9
9219.4,33
9220.2,32
9220.5,28
9220.6,3
9221.1,24
9221.1,31
9221.1,35
9221.5,20
9222.0,13
9222.2,39
9222.4,6
9222.7,16
9222.7,25
9223.2,15
9223.6,0
9228.9,29
9229.4,7
9229.5,9
9229.7,17
9229.8,11
9229.8,21
9230.1,1
9230.3,38
9230.4,22
9230.4,34
9230.6,14
9230.6,18
9230.7,12
9230.9,23
9231.2,36
9231.4,26
9232.0,28
9232.9,27
9233.1,6
9233.6,3
9235.1,13
9236.6,8
9238.1,32
9239.0,20
9240.8,19
9241.0,4
9241.7,17
9242.7,24
9243.2,12
9243.2,31
9243.2,21
9243.2,23
9243.2,37
9243.4,0
9243.5,9
9243.7,10
9243.7,15
9243.7,25
9243.8,34
9244.0,11
9244.2,29
9244.3,3
9244.5,39
9244.7,13
9244.7,36
9244.9,1
9244.9,16
9245.0,14
9247.4,27
9247.5,28
9249.7,26
9250.9,8
9251.0,13
9252.8,3
9253.5,12
9253.9,32
9254.3,20
9254.4,7
9254.4,18
9254.5,38
9255.1,1
9255.9,10
9255.9,11
9255.9,24
9256.1,14
9256.3,4
9256.7,23
9257.1,34
9257.2,6
9257.2,27
9257.4,29
9257.9,17
9258.9,19
9260.7,0
9261.4,28
9261.4,39
9261.6,13
9261.9,37
9262.0,36
9262.5,31
9262.6,8
9262.9,26
9263.5,22
9263.9,16
9264.1,2
9265.2,14
9265.6,9
9266.2,25
9266.2,32
9266.3,3
9266.6,27
9266.7,21
9267.0,35
9267.9,12
9268.0,17
9268.0,34
9269.7,20
9269.9,24
9270.5,23
9270.5,36
9272.5,1
9274.3,18
9275.9,11
9276.2,7
9276.5,10
9277.0,38
9277.3,29
9277.5,6
9277.5,26
9277.6,31
9277.7,3
9278.2,33
9278.3,20
9278.5,4
9278.6,0
9279.1,12
9279.1,14
9279.1,23
9279.2,19
9279.6,28
9280.1,9
9280.1,21
9280.7,27
9281.1,8
9281.6,34
9281.8,32
9282.8,13
9283.3,39
9283.6,36
9283.8,17
9284.6,1
9284.9,2
9286.1,24
9286.4,3
9287.2,5
9288.3,18
9289.2,23
9290.3,31
9290.5,14
9290.6,12
9290.8,20
9291.1,13
9291.6,8
9292.0,16
9292.0,27
9292.0,37
9292.0,22
9292.4,38
9292.6,21
9292.8,29
9294.0,19
9294.1,10
9294.8,11
9295.0,35
9295.2,6
9295.6,26
9295.6,32
9296.1,34
9296.3,25
9297.2,9
9297.9,24
9298.9,3
9298.9,7
9300.5,17
9300.6,14
9300.6,23
9300.6,36
9301.4,13
9301.8,39
9302.1,1
9303.2,20
9303.5,28
9305.4,21
9305.7,37
9306.2,26
9307.9,23
9308.7,31
9309.1,17
9309.3,12
9309.6,18
9309.6,19
9310.2,3
9310.2,6
9310.4,29
9310.5,27
9310.8,8
9311.5,7
9311.7,11
9312.0,9
9312.1,32
9312.2,13
9312.2,30
9312.3,36
9312.5,34
9312.8,38
9313.4,16
9313.7,10
9314.0,1
9314.4,20
9315.3,14
9316.9,24
9317.3,25
9317.4,22
9317.5,39
9317.7,28
9318.5,3
9318.6,4
9319.7,21
9320.3,34
9320.6,12
9321.1,23
9322.2,36
9323.4,33
9323.6,17
9324.5,29
9324.5,31
9324.6,19
9325.5,14
9326.0,8
9326.0,11
9326.4,35
9326.9,10
9327.1,27
9327.2,20
9327.3,13
9327.5,3
9327.5,5
9327.5,16
9327.6,0
9327.7,18
9328.1,1
9328.4,7
9328.9,6
9329.1,9
9329.4,32
9330.5,28
9333.5,12
9333.7,24
9335.0,23
9336.6,34
9336.9,26
9337.4,37
9337.7,36
9338.0,22
9338.4,3
9339.2,27
9339.8,31
9340.2,7
9340.2,14
9340.2,38
9340.3,20
9340.3,29
9341.3,17
9341.8,39
9342.1,25
9342.6,19
9342.7,21
9343.5,9
9343.6,8
9343.6,13
9343.8,1
9344.0,12
9344.1,6
9344.1,32
9344.7,15
9345.3,16
9345.6,36
9345.8,23
9346.0,31
9347.9,3
9349.0,28
9349.1,4
9350.7,14
9350.9,33
9351.0,18
9351.9,29
9352.1,11
9352.1,17
9352.4,34
9353.4,27
9353.7,8
9353.8,10
9354.3,20
9355.3,24
9355.6,13
9355.9,36
9356.0,23
9356.0,26
9357.3,7
9357.5,12
9359.0,31
9359.6,25
9359.6,28
9360.5,21
9360.8,3
9361.5,16
9361.7,38
9362.5,6
9362.5,29
9362.5,37
9362.6,9
9362.8,32
9363.0,39
9363.3,11
9363.5,14
9363.8,27
9366.0,17
9366.0,34
9366.3,0
9367.3,1
9367.5,20
9367.5,23
9367.9,8
9368.6,13
9369.0,19
9370.7,31
9370.8,3
9371.2,36
9371.6,12
9371.8,35
9372.3,26
9372.5,9
9372.5,10
9372.6,28
9373.0,7
9373.4,14
9374.1,18
9378.4,25
9378.4,34
9378.6,11
9378.9,22
9379.0,4
9379.1,39
9379.5,16
9379.8,23
9379.8,24
9379.9,20
9380.4,29
9380.6,3
9380.7,1
9380.7,27
9381.3,21
9381.4,6
9381.6,38
9381.8,17
9382.4,13
9382.9,32
9384.8,14
9384.9,12
9385.7,8
9386.0,19
9386.4,37
9387.0,2
9388.4,36
9388.5,9
9388.7,10
9388.8,5
9388.8,31
9390.1,26
9390.6,23
9390.9,0
9390.9,33
9391.0,3
9391.8,27
9392.0,1
9392.1,18
9392.2,21
9392.9,16
9393.0,34
9394.1,12
9394.5,17
9394.8,28
9394.8,35
9395.3,20
9395.6,29
9397.5,13
9398.7,7
9398.9,32
9399.6,36
9400.6,14
9400.6,23
9402.2,25
9402.4,24
9402.5,19
9403.1,39
9403.6,6
9403.6,27
9403.7,38
9404.5,3
9406.1,9
9406.9,8
9406.9,11
9407.1,26
9407.2,10
9408.0,23
9408.4,12
9408.5,17
9408.8,1
9408.9,29
9409.3,14
9409.5,19
9409.7,7
9411.2,28
9411.3,13
9412.0,34
9412.5,36
9413.3,0
9413.8,3
9414.6,21
9414.6,24
9415.0,20
9415.0,37
9415.1,4
9415.9,32
9416.6,22
9416.9,23
9417.0,14
9417.6,31
9417.9,16
9418.2,12
9418.4,25
9419.1,34
9419.3,27
9419.7,17
9419.8,11
9420.6,13
9421.4,38
9421.8,1
9421.9,29
9423.8,5
9423.9,18
9424.5,6
9424.5,36
9424.8,28
9425.6,9
9425.6,10
9425.6,39
9426.1,20
9426.3,2
9427.2,8
9427.3,3
9427.5,26
9427.7,21
9428.7,7
9428.8,23
9428.9,24
9431.2,14
9432.6,16
9433.0,36
9434.2,17
9434.5,29
9434.7,1
9434.7,13
9434.7,33
9435.2,34
9435.5,3
9435.5,6
9435.7,20
9435.9,12
9437.3,32
9437.9,9
9437.9,37
9438.2,31
9438.4,27
9438.5,24
9438.7,0
9438.7,23
9439.6,14
9440.0,25
9440.3,19
9440.5,21
9440.6,17
9444.4,5
9444.8,28
9444.8,34
9444.8,35
9445.7,8
9446.6,39
9446.7,3
9447.3,13
9447.6,20
9448.7,38
9448.9,7
9449.1,26
9449.1,36
9449.2,10
9450.0,12
9450.5,32
9451.0,1
9451.3,23
9452.3,33
9453.1,22
9453.1,37
9453.4,14
9453.5,27
9454.4,24
9454.6,29
9455.3,21
9455.6,31
9456.0,25
9456.5,17
9457.0,8
9458.1,11
9458.4,23
9458.5,6
9458.6,3
9458.7,28
9458.7,34
9459.6,16
9459.6,19
9459.9,26
9460.0,20
9460.2,9
9460.4,18
9460.7,4
9461.0,36
9463.4,27
9464.4,13
9464.8,38
9465.7,10
9466.0,23
9466.1,21
9466.4,17
9466.4,35
9466.6,0
9466.6,12
9467.2,3
9467.3,29
9467.5,39
9467.9,24
9468.5,7
9469.9,1
9470.1,31
9471.7,32
9472.1,34
9473.5,14
9473.5,20
9473.7,8
9473.9,18
9473.9,22
9474.7,28
9474.9,9
9475.2,25
9475.3,27
9476.5,36
9476.8,19
9476.9,11
9476.9,37
9477.1,23
9477.3,17
9477.7,3
9478.6,39
9479.1,13
9479.4,6
9479.4,29
9480.1,38
9481.4,21
9481.6,31
9482.8,12
9483.0,14
9483.5,26
9483.6,16
9483.8,7
9483.8,24
9483.9,34
9484.4,28
9485.5,20
9486.5,32
9487.8,1
9488.1,3
9488.4,18
9488.7,15
9488.8,23
9489.5,22
9491.0,25
9491.2,27
9491.6,8
9491.7,0
9491.7,34
9492.0,11
9492.1,9
9492.1,36
9492.2,12
9492.2,17
9492.7,10
9492.7,13
9493.1,2
9493.5,31
9494.0,29
9495.2,6
9495.4,37
9496.2,7
9496.6,33
9497.6,24
9498.3,21
9498.4,39
9499.5,3
9499.7,20
9500.0,19
9500.2,14
9500.3,17
9500.5,8
9500.5,26
9501.1,4
9501.1,23
9501.5,16
9501.5,28
9501.5,10
9501.8,38
9502.8,36
9505.9,32
9506.1,3
9506.3,27
9506.8,6
9506.9,13
9507.5,29
9507.8,7
9507.8,34
9508.2,12
9509.1,0
9509.2,1
9509.2,9
9509.2,23
9509.4,21
9509.9,18
9510.7,14
9510.7,17
9510.7,37
9510.9,10
9512.0,11
9512.2,19
9512.9,35
9513.0,25
9513.2,24
9513.2,28
9513.9,5
9514.0,36
9514.3,39
9514.6,34
9515.0,38
9515.2,32
9515.5,20
9515.9,31
9516.0,8
9516.2,3
9516.8,13
9518.7,29
9519.1,33
9519.1,23
9520.3,16
9520.6,12
9521.0,6
9521.2,27
9521.4,17
9521.7,39
9522.3,9
9522.8,26
9523.2,22
9523.3,18
9525.6,14
9526.1,1
9526.6,24
9527.4,19
9527.5,28
9528.0,36
9528.1,10
9528.9,21
9529.1,34
9529.3,12
9529.4,3
9529.6,23
9530.0,31
9531.8,17
9531.9,20
9531.9,30
9532.7,7
9533.6,6
9533.6,14
9533.8,13
9533.9,25
9534.2,11
9534.5,32
9534.8,9
9534.9,15
9534.9,27
9535.1,4
9535.2,0
9535.3,24
9538.4,3
9538.7,29
9539.3,34
9539.9,23
9540.1,16
9540.1,33
9540.2,22
9540.3,26
9540.8,8
9540.8,36
9541.1,17
9541.2,31
9541.2,37
9541.8,1
9541.8,14
9541.8,38
9541.9,13
9542.0,28
9545.3,6
9545.6,19
9546.0,11
9546.4,12
9546.5,32
9547.0,20
9547.8,10
9548.6,39
9549.7,31
9549.8,3
9550.0,29
9551.0,21
9551.3,23
9551.4,35
9552.1,27
9552.2,7
9552.4,0
9552.7,36
9553.0,18
9553.3,9
9554.5,25
9554.7,34
9555.0,14
9555.0,17
9555.1,13
9555.1,20
9556.1,24
9557.5,28
9558.2,39
9558.7,26
9560.4,12
9560.9,35
9561.2,1
9561.3,6
9561.6,32
9561.8,8
9561.9,3
9562.7,4
9562.9,16
9563.1,37
9563.2,17
9563.3,11
9563.3,19
9563.6,10
9564.0,7
9564.0,23
9564.0,29
9564.9,31
9565.4,36
9565.6,22
9565.7,21
9565.8,34
9565.9,27
9566.1,20
9568.2,24
9568.3,25
9568.5,14
9568.6,12
9569.0,38
9570.0,15
9570.0,28
9570.5,13
9570.6,9
9570.7,3
9571.7,0
9572.0,18
9572.6,39
9573.3,36
9574.2,23
9574.3,1
9575.0,34
9575.9,17
9577.4,26
9577.5,10
9577.6,6
9578.3,14
9578.3,31
9578.7,7
9578.7,32
9579.2,16
9579.5,19
9579.9,8
9579.9,21
9580.5,29
9580.7,27
9581.1,12
9581.1,20
9581.5,3
9581.8,28
9582.0,2
9582.7,5
9585.4,36
9585.8,33
9586.0,9
9586.1,11
9586.1,17
9586.6,38
9587.0,1
9587.0,13
9587.1,18
9587.1,25
9587.4,22
9587.8,23
9589.8,14
9591.3,24
9591.4,31
9591.6,32
9591.6,37
9591.8,6
9592.3,34
9592.7,3
9593.2,35
9593.8,20
9594.1,29
9594.3,10
9594.6,39
9594.8,13
9595.0,16
9595.0,28
9595.2,19
9595.2,36
9595.3,21
9596.8,17
9597.7,25
9597.7,26
9598.6,27
9598.9,12
9599.6,7
9600.8,30
9601.4,9
9601.4,18
9601.8,23
9602.1,21
9602.5,1
9603.6,14
9603.7,38
9603.9,3
9604.2,4
9604.5,8
9604.5,34
9605.9,36
9608.0,0
9608.8,28
9609.0,16
9609.2,39
9609.3,6
9609.7,17
9610.1,12
9610.8,32
9612.1,10
9612.5,20
9612.6,9
9613.0,13
9613.2,29
9613.2,31
9613.5,22
9614.0,19
9614.1,23
9614.2,7
9614.3,3
9614.3,26
9614.6,24
9614.9,27
9615.3,33
9615.6,35
9615.7,34
9615.8,8
9616.1,36
9619.7,14
9620.2,17
9620.5,11
9620.7,1
9620.7,20
9620.9,21
9620.9,25
9621.0,37
9621.1,18
9621.1,28
9621.2,12
9622.0,26
9622.0,38
9622.3,24
9623.0,13
9623.5,23
9623.8,6
9623.9,29
9624.4,36
9625.9,27
9625.9,39
9626.0,22
9627.0,34
9627.2,10
9628.5,8
9628.8,9
9629.0,14
9629.3,16
9629.5,32
9629.7,3
9631.5,7
9631.6,24
9631.8,12
9631.8,17
9632.2,21
9632.2,31
9632.4,20
9633.2,23
9633.4,19
9636.6,36
9637.4,13
9637.5,34
9637.9,1
9638.0,4
9638.6,28
9638.9,27
9639.0,26
9639.3,17
9639.3,25
9639.6,29
9640.2,11
9641.5,3
9641.9,8
9642.6,38
9642.9,23
9643.1,39
9643.2,32
9643.4,10
9643.6,37
9644.1,14
9644.3,20
9644.9,0
9645.5,5
9645.5,9
9645.6,12
9646.2,1
9646.5,18
9647.7,21
9647.9,31
9648.6,28
9648.7,34
9649.5,26
9649.5,29
9649.5,36
9649.8,6
9650.4,13
9650.9,19
9650.9,24
9651.4,16
9651.4,23
9651.5,14
9652.1,17
9652.6,3
9653.5,22
9653.8,20
9654.1,7
9655.4,39
9655.6,38
9655.9,27
9656.2,33
9657.1,8
9657.2,25
9657.4,1
9657.5,37
9657.7,2
9658.2,15
9658.9,32
9659.3,31
9659.5,11
9659.6,12
9659.8,9
9660.8,4
9662.6,21
9663.0,28
9663.2,17
9663.3,14
9663.8,24
9663.9,36
9664.1,10
9664.1,34
9664.6,23
9664.6,3
9666.2,18
9667.4,6
9667.6,13
9669.4,27
9670.5,20
9670.8,29
9671.0,12
9671.1,10
9671.4,0
9671.9,26
9671.9,39
9672.2,7
9673.0,38
9673.3,8
9673.5,9
9673.9,34
9674.3,37
9674.5,19
9674.8,30
9675.3,17
9675.9,36
9676.5,3
9676.8,23
9677.0,31
9677.3,1
9677.3,28
9677.4,32
9677.5,18
9677.5,21
9677.7,16
9677.9,11
9678.2,13
9678.2,35
9678.3,6
9678.8,14
9678.8,20
9679.9,10
9681.1,24
9681.9,12
9685.8,38
9686.4,4
9686.6,9
9686.6,33
9686.9,17
9687.2,31
9687.2,36
9687.3,25
9687.6,22
9687.9,11
9688.3,23
9688.4,29
9688.6,8
9688.7,14
9688.8,27
9688.9,32
9689.2,26
9689.7,7
9689.7,18
9689.9,13
9689.9,34
9690.0,3
9690.0,28
9691.3,1
9692.4,20
9693.2,10
9695.7,21
9695.7,39
9697.0,36
9697.2,6
9697.4,16
9698.0,37
9698.4,19
9699.7,12
9700.5,24
9700.9,13
9701.3,17
9701.6,3
9702.6,23
9702.7,33
9703.1,39
9703.4,5
9703.4,34
9703.7,1
9703.7,38
9703.9,11
9704.1,8
9704.2,27
9704.3,28
9704.7,14
9704.8,0
9705.3,26
9706.6,31
9706.6,35
9706.8,32
9707.1,7
9708.7,10
9709.3,29
9709.6,3
9709.8,12
9710.4,20
9710.4,36
9710.6,25
9711.3,6
9711.9,17
9712.4,16
9712.8,1
9712.8,9
9712.9,21
9713.6,18
9713.6,23
9714.3,34
9714.8,14
9714.9,39
9716.2,8
9717.8,27
9719.3,24
9719.4,26
9719.4,38
9720.5,36
9722.2,13
9722.4,31
9722.4,0
9722.8,30
9722.9,4
9723.3,8
9723.3,34
9723.7,7
9723.8,14
9723.8,20
9723.9,17
9724.4,23
9724.7,3
9725.1,29
9725.1,37
9726.3,19
9727.0,6
9727.0,28
9727.8,39
9728.7,12
9729.9,18
9729.9,32
9730.4,21
9730.7,16
9731.0,11
9731.3,22
9732.5,27
9733.3,10
9733.8,9
9734.8,1
9735.0,23
9735.5,20
9735.9,14
9735.9,24
9736.3,13
9737.1,34
9737.7,26
9737.7,36
9737.8,25
9738.0,3
9738.0,17
9738.2,38
9738.3,29
9739.4,8
9740.1,16
9740.3,19
9741.7,12
9742.3,0
9742.3,5
9742.4,21
9742.7,7
9743.5,20
9743.6,11
9744.2,34
9744.9,39
9745.1,31
9745.3,14
9745.9,23
9746.4,17
9746.4,27
9750.4,32
9750.6,25
9750.9,22
9751.2,9
9752.0,36
9752.1,1
9752.1,3
9752.2,26
9752.3,6
9753.0,18
9753.5,12
9754.1,33
9754.2,24
9754.9,13
9756.0,28
9756.3,17
9756.3,29
9756.8,34
9757.3,23
9757.8,8
9757.8,16
9758.0,10
9758.2,36
9758.4,37
9758.6,14
9758.9,35
9759.9,11
9760.4,0
9760.5,39
9762.1,21
9762.7,12
9762.8,31
9763.7,26
9764.0,38
9764.1,7
9764.5,13
9764.6,3
9764.6,9
9765.4,18
9765.5,20
9765.6,19
9765.7,17
9766.0,25
9766.3,27
9767.0,32
9767.6,10
9768.2,14
9768.2,1
9768.4,4
9769.1,23
9769.8,36
9770.4,34
9770.9,6
9771.2,11
9771.2,28
9773.6,20
9773.9,17
9774.4,3
9774.5,24
9774.7,29
9774.8,39
9774.9,12
9776.1,16
9776.6,13
9777.3,36
9778.0,14
9778.7,33
9778.8,26
9778.8,37
9778.9,38
9780.1,21
9780.2,5
9780.7,23
9780.8,8
9781.9,1
9783.6,3
9784.2,32
9784.8,34
9785.4,27
9785.4,28
9786.0,7
9786.1,9
9786.8,29
9786.9,12
9787.0,17
9787.0,35
9787.1,10
9787.6,6
9787.7,19
9787.7,21
9788.1,18
9788.4,31
9789.1,20
9789.3,13
9790.2,22
9790.7,36
9791.6,37
9791.9,25
9793.2,39
9793.7,16
9793.8,23
9794.1,14
9794.4,24
9794.6,27
9795.4,28
9795.5,10
9796.2,26
9796.3,1
9796.3,3
9796.5,17
9796.7,7
9796.9,34
9797.3,11
9797.5,5
9798.9,13
9799.2,32
9799.3,8
9799.9,29
9800.2,31
9800.5,12
9801.2,23
9801.3,36
9802.3,20
9802.5,19
9802.8,27
9803.6,9
9803.8,18
9804.7,17
9804.9,35
9805.7,14
9806.3,34
9806.3,36
9806.6,25
9806.9,37
9807.0,21
9808.2,3
9809.1,32
9809.5,10
9809.5,39
9810.0,29
9810.5,1
9810.7,23
9812.1,27
9812.2,0
9812.9,13
9813.8,8
9813.8,30
9814.4,15
9814.6,6
9815.7,24
9816.7,28
9816.9,26
9817.0,9
9817.4,17
9818.6,22
9819.3,16
9819.7,31
9819.9,12
9820.0,7
9820.0,10
9820.3,20
9820.5,38
9820.6,23
9820.9,11
9820.9,14
9821.3,3
9821.3,21
9821.3,27
9821.4,6
9821.5,1
9821.5,13
9821.5,19
9821.5,34
9821.9,25
9821.9,36
9822.3,18
9822.4,8
9826.9,4
9827.9,32
9828.5,29
9828.9,39
9829.2,17
9829.8,23
9829.9,12
9829.9,37
9830.0,9
9830.0,28
9830.1,34
9830.4,24
9830.5,1
9830.5,26
9830.6,31
9830.7,35
9830.7,8
9830.9,36
9831.2,27
9831.6,3
9832.2,33
9832.8,13
9833.4,21
9834.6,20
9836.3,14
9837.5,10
9838.3,17
9838.9,32
9839.1,18
9839.5,19
9840.1,11
9841.0,8
9841.0,12
9841.3,6
9841.3,27
9842.3,2
9842.3,31
9842.8,34
9844.4,23
9845.5,1
9846.0,3
9846.1,7
9846.4,24
9846.5,16
9847.6,9
9847.8,13
9848.1,38
9848.3,22
9848.8,39
9848.9,36
9849.0,21
9849.1,14
9849.6,11
9850.4,26
9850.5,20
9851.4,19
9851.8,0
9851.8,17
9851.9,12
9852.1,5
9852.5,25
9852.9,29
9853.4,28
9853.6,10
9854.8,27
9855.0,23
9855.1,32
9856.7,37
9857.4,6
9857.9,36
9858.0,34
9858.1,3
9858.5,15
9859.0,8
9860.4,17
9860.5,14
9860.8,13
9861.5,7
9862.3,21
9862.6,1
9862.7,27
9862.7,31
9863.4,4
9863.5,39
9864.0,20
9865.0,29
9865.0,34
9866.1,28
9866.4,18
9867.4,12
9867.8,24
9868.0,9
9868.1,3
9868.8,26
9869.3,19
9870.3,36
9870.5,23
9871.4,38
9872.0,10
9872.1,14
9872.5,22
9872.7,8
9872.7,20
9873.0,25
9873.5,2
9873.8,34
9874.2,32
9874.2,35
9874.4,11
9874.4,18
9875.2,13
9875.3,16
9875.5,37
9875.9,1
9876.1,33
9876.3,17
9877.0,21
9877.9,9
9879.2,31
9879.5,28
9879.7,29
9880.3,6
9880.4,12
9881.1,7
9881.9,27
9882.4,14
9883.2,3
9883.8,36
9884.0,34
9884.1,39
9884.2,23
9885.4,8
9885.9,26
9886.3,10
9886.4,21
9886.7,11
9887.0,13
9887.0,17
9887.0,19
9887.8,24
9888.3,20
9889.5,18
9891.5,34
9891.8,1
9891.9,32
9892.4,27
9893.2,29
9893.2,22
9893.7,31
9894.4,3
9894.9,37
9895.2,6
9895.3,12
9895.3,13
9895.3,16
9895.8,36
9896.1,8
9896.2,9
9896.4,35
9897.5,7
9897.9,39
9898.1,23
9898.4,5
9898.8,21
9898.9,0
9899.1,28
9899.3,11
9899.4,4
9899.9,14
9900.4,17
9900.4,26
9902.3,27
9902.5,38
9903.2,25
9904.4,19
9904.7,1
9904.8,18
9905.0,10
9905.4,20
9906.9,9
9907.6,34
9907.6,36
9907.8,13
9907.8,23
9908.4,12
9908.9,2
9909.0,3
9909.6,32
9909.7,6
9910.2,14
9910.6,7
9911.3,29
9911.9,24
9913.2,27
9913.3,11
9913.8,17
9913.8,31
9914.1,8
9914.4,21
9914.6,10
9915.4,34
9915.8,28
9915.8,35
9915.8,39
9916.6,36
9916.7,13
9916.9,1
9917.9,12
9917.9,16
9918.2,20
9919.5,23
9920.3,14
9920.5,26
9920.8,0
9921.2,9
9922.8,22
9922.9,3
9924.4,24
9924.7,27
9925.8,29
9926.1,18
9927.3,12
9927.6,17
9927.6,21
9928.7,13
9928.7,19
9928.8,6
9929.7,36
9929.9,7
9930.3,28
9930.3,33
9930.4,25
9930.5,23
9930.6,31
9930.9,38
9931.5,34
9931.8,32
9932.6,9
9933.6,14
9934.1,3
9934.5,20
9934.7,5
9934.7,37
9935.0,8
9935.1,10
9936.0,4
9936.2,17
9936.2,39
9937.5,36
9938.2,1
9939.2,21
9940.2,12
9940.5,23
9940.6,6
9940.6,26
9940.6,27
9941.4,16
9941.6,25
9941.7,29
9941.8,11
9941.9,3
9942.8,24
9942.9,18
9943.2,34
9944.4,7
9944.6,19
9945.8,33
9945.9,0
9945.9,20
9946.3,28
9946.3,32
9946.4,14
9946.7,9
9946.7,31
9946.7,13
9946.9,2
9947.0,12
9947.8,17
9947.8,38
9948.2,36
9950.0,26
9951.7,16
9951.7,30
9952.2,11
9952.2,23
9952.7,8
9953.3,29
9953.6,34
9954.5,21
9955.1,3
9955.5,6
9955.6,1
9955.7,20
9955.7,32
9956.3,27
9956.5,37
9957.5,22
9957.7,13
9957.8,25
9958.7,17
9958.9,14
9958.9,31
9960.3,28
9960.4,35
9960.7,9
9960.8,36
9961.8,39
9962.3,24
9962.5,10
9962.5,16
9963.2,23
9963.6,3
9964.2,21
9964.3,12
9964.8,4
9964.8,18
9965.0,26
9965.9,2
9965.9,7
9966.4,1
9966.4,19
9966.4,20
9966.6,17
9966.7,11
9967.0,29
9967.1,34
9967.5,14
9968.2,8
9968.4,38
9972.2,13
9972.4,35
9973.0,6
9973.5,36
9974.8,28
9975.5,27
9975.6,3
9975.7,33
9975.9,10
9975.9,25
9976.0,9
9976.1,32
9976.4,17
9976.8,12
9977.3,23
9978.0,31
9978.8,14
9979.6,16
9979.6,26
9979.7,34
9979.9,39
9980.3,11
9981.0,24
9981.4,20
9982.5,29
9983.1,3
9983.4,1
9983.7,13
9984.5,19
9985.1,37
9985.2,10
9985.5,12
9986.1,8
9986.1,36
9986.7,23
9986.8,21
9987.0,6
9987.2,7
9987.3,9
9987.4,18
9988.6,34
9989.8,31
9990.1,28
9990.5,20
9990.7,0
9990.7,27
9990.8,4
9991.1,17
9991.5,5
9991.7,26
9991.7,32
9992.8,14
9993.2,22
9993.2,38
9993.6,13
9993.7,25
9994.1,3
9995.3,11
9995.5,16
9997.3,8
9998.2,23
9998.3,36
9999.2,29
9999.6,9
9999.7,24
