12.2,9
12.2,19
12.3,10
12.7,1
12.8,20
12.9,5
12.9,12
12.9,27
12.9,28
12.9,37
13.0,7
13.1,3
13.1,13
13.1,26
13.2,0
13.2,15
13.2,23
13.4,24
13.4,29
13.5,4
13.7,6
14.0,33
14.8,18
15.1,17
16.1,25
16.6,8
16.6,11
17.7,35
18.9,36
19.6,38
19.7,31
20.0,22
20.1,2
20.2,28
20.5,18
20.6,14
20.6,21
22.0,34
22.9,7
23.5,33
24.0,12
24.0,24
24.1,0
24.1,10
25.8,26
26.1,8
26.1,37
26.5,1
27.1,13
27.7,3
28.2,11
29.0,29
29.8,23
30.4,4
30.6,6
30.8,28
31.9,27
32.0,18
32.0,36
32.1,7
33.1,25
33.8,17
34.0,35
34.3,37
35.8,13
35.9,19
36.6,8
36.7,5
38.1,10
38.1,23
39.1,24
39.8,2
40.3,3
40.3,33
41.3,14
41.3,28
41.9,29
42.1,39
42.8,0
43.3,7
43.4,26
44.7,17
44.9,1
45.1,18
45.1,34
45.4,38
45.7,12
46.4,15
46.8,8
47.1,11
48.1,27
48.9,28
49.9,35
50.1,36
50.5,22
50.8,5
50.9,3
51.8,13
51.9,24
54.6,29
55.2,21
55.3,18
56.0,23
56.3,10
56.3,28
56.9,7
57.1,1
57.6,2
57.9,33
58.1,17
59.2,6
59.6,8
59.9,0
60.2,3
60.2,25
60.2,26
60.6,11
61.1,12
63.0,4
63.2,37
64.0,21
64.3,13
64.4,38
65.2,14
65.3,34
65.4,29
65.5,24
66.2,36
66.5,28
67.2,7
67.7,35
68.4,27
68.7,18
70.0,8
70.5,23
70.9,17
72.0,25
72.1,3
72.9,1
73.4,26
73.6,12
74.1,39
74.2,11
74.2,33
74.6,0
74.7,29
75.2,13
75.3,22
77.6,19
78.8,3
79.3,7
79.5,28
79.5,37
79.7,10
80.7,32
80.7,35
80.8,24
80.8,36
80.8,21
81.6,2
81.6,18
81.7,38
83.5,8
83.7,34
85.6,29
86.0,5
86.4,4
86.6,25
87.0,28
87.3,14
87.4,1
88.9,26
89.0,11
89.0,13
89.2,27
89.4,33
90.6,20
90.7,0
90.9,6
91.1,18
91.2,12
91.2,22
91.3,7
91.4,39
91.6,17
92.4,15
92.5,35
94.6,37
94.7,31
94.8,3
95.1,10
96.9,24
97.2,23
97.7,2
97.7,28
98.4,36
98.9,8
99.2,29
99.3,1
99.5,7
100.2,14
101.9,9
102.0,38
102.1,33
102.4,21
102.5,13
102.6,11
102.8,0
103.0,34
103.1,22
103.2,17
103.7,19
104.0,3
104.0,12
104.1,35
104.2,18
104.9,26
105.9,4
106.1,10
106.6,28
107.3,27
107.8,24
109.0,37
109.8,5
110.2,39
110.7,7
111.3,25
111.5,23
112.6,6
112.7,15
112.9,8
113.2,14
114.0,11
114.3,29
114.9,28
115.0,33
115.7,35
116.3,3
116.6,17
116.7,24
116.9,13
117.7,36
118.2,1
120.5,0
121.3,7
121.9,18
122.7,8
122.7,22
123.0,2
123.1,10
124.0,12
124.3,27
124.4,5
125.0,26
125.0,32
125.4,38
125.7,21
127.0,17
127.4,19
127.4,36
128.4,23
129.7,24
129.7,25
130.0,3
131.0,28
131.1,18
131.2,1
131.5,29
132.1,11
132.1,37
132.3,13
132.9,4
133.2,7
133.3,20
133.3,35
133.7,34
133.9,8
135.5,33
136.2,12
138.0,3
138.1,24
138.5,17
138.5,26
138.7,28
138.9,39
139.5,14
140.6,10
142.7,0
143.6,11
144.2,36
144.3,1
144.4,8
144.9,15
144.9,23
145.2,7
145.3,24
145.4,29
145.5,18
145.6,19
145.6,37
145.9,13
146.8,33
146.9,6
147.0,27
147.5,2
148.3,22
148.4,28
148.8,35
149.2,3
150.8,4
151.3,5
153.8,25
154.6,21
155.4,8
155.6,34
156.1,10
156.4,26
156.5,11
156.7,3
156.9,38
157.4,14
157.6,29
157.7,23
158.3,28
159.2,24
159.3,7
159.7,13
160.1,0
160.1,9
160.2,1
160.4,37
160.8,36
161.0,18
163.9,2
164.3,12
164.7,17
164.7,27
165.0,39
165.4,33
165.9,19
166.9,5
167.0,8
167.0,22
167.1,7
167.2,3
167.2,29
167.8,35
167.9,15
168.3,4
168.6,28
169.7,38
170.0,1
170.0,24
170.3,11
170.4,37
170.5,0
170.5,36
170.7,13
170.8,6
170.8,21
171.1,18
175.4,7
176.1,14
176.9,23
177.2,10
177.4,8
177.6,3
177.6,26
179.0,25
179.3,36
180.1,28
180.8,29
180.8,33
181.1,27
181.7,12
182.1,24
182.8,0
183.1,17
183.7,18
185.0,7
186.1,1
186.4,13
188.7,20
188.7,34
188.9,21
189.2,28
189.3,37
190.7,11
190.7,19
190.9,5
192.0,8
192.8,35
193.0,36
193.6,2
193.8,3
193.8,15
193.8,29
194.7,17
194.9,27
195.3,18
195.5,7
196.2,4
196.3,28
197.7,25
198.0,14
198.4,12
198.9,38
199.1,24
199.2,34
200.0,23
200.2,13
200.7,1
200.8,0
201.6,26
202.2,11
202.4,8
203.8,7
204.0,21
204.4,10
204.6,22
205.1,32
205.8,37
206.1,29
206.4,35
206.5,3
206.7,18
207.1,5
207.5,24
208.6,36
210.6,33
211.0,13
211.1,28
212.1,27
212.2,26
212.5,2
212.9,15
212.9,17
213.1,7
213.6,1
214.2,38
214.9,19
215.1,12
215.6,11
216.4,20
216.6,23
216.9,4
217.0,5
217.0,6
217.0,39
217.3,8
217.6,10
217.9,14
218.6,0
218.9,33
222.0,3
223.3,21
223.8,18
224.1,22
224.7,28
224.9,24
225.1,13
225.1,34
225.3,37
225.4,25
225.4,35
225.6,7
225.7,36
226.0,1
226.3,17
226.4,29
227.9,8
228.1,23
228.6,3
230.1,38
232.0,28
232.3,5
232.6,33
233.7,27
234.8,26
235.1,7
235.2,0
235.2,11
237.7,13
237.7,24
238.3,1
238.5,18
239.6,12
239.7,10
239.7,17
240.0,2
240.0,8
240.2,25
240.3,36
240.4,22
240.8,29
241.0,31
241.8,14
241.8,34
242.7,28
243.3,7
243.3,35
245.1,38
245.5,23
245.8,3
245.9,39
246.1,11
246.5,12
246.7,33
246.7,36
246.9,19
247.1,4
248.8,13
250.5,24
250.7,21
251.7,28
251.8,8
252.0,37
252.1,0
252.5,10
253.4,17
253.4,32
253.7,18
254.3,5
254.3,26
254.4,7
255.3,29
256.3,1
258.9,2
258.9,22
261.2,3
261.3,34
261.8,15
262.0,35
262.3,19
262.8,6
263.0,13
263.0,28
263.8,7
263.8,36
263.9,8
264.1,33
264.1,38
264.3,14
264.4,23
264.5,10
264.5,11
264.6,24
265.0,12
265.0,27
265.5,25
265.9,29
267.7,37
268.3,3
269.5,21
271.0,18
271.6,26
271.7,28
272.0,1
272.4,17
272.4,24
273.1,0
273.2,35
273.2,4
273.4,13
273.6,2
273.9,22
275.6,8
275.8,3
276.5,7
276.7,23
278.4,14
278.7,29
278.9,5
279.1,11
279.3,34
280.3,36
280.7,12
281.5,10
281.8,38
281.9,33
282.7,20
282.8,1
283.6,28
283.7,37
284.0,24
284.0,27
284.3,13
285.2,3
285.6,19
285.7,21
286.2,18
286.5,35
287.0,25
287.2,4
287.3,7
287.5,17
288.0,26
289.6,8
289.6,14
289.8,39
291.3,0
291.3,29
292.0,11
293.0,2
293.2,22
295.0,28
295.2,7
295.8,12
297.4,24
298.1,36
298.7,23
298.9,1
299.5,34
300.1,10
300.3,38
300.4,18
300.4,27
300.5,33
300.8,35
300.9,13
301.2,37
301.6,9
302.6,3
303.2,7
303.3,8
303.5,11
303.8,15
304.0,26
304.1,28
304.2,14
304.3,17
304.7,21
306.4,29
309.2,5
310.1,13
310.1,25
310.5,4
311.0,18
311.0,39
311.3,6
311.7,27
312.0,3
312.5,24
312.8,2
313.2,33
313.3,22
313.4,12
313.4,37
313.6,8
313.7,36
313.8,7
314.2,28
314.6,11
317.8,1
317.8,26
318.0,10
318.1,19
318.5,35
318.6,17
319.0,23
319.3,18
319.4,29
322.7,13
322.7,28
323.1,34
323.8,14
323.8,15
324.5,8
325.4,7
325.4,38
325.6,12
325.8,27
325.9,0
326.0,1
327.0,20
327.1,24
327.9,11
328.3,21
328.6,37
330.0,18
330.0,29
330.1,3
330.1,26
330.4,5
330.7,35
331.1,13
331.5,17
332.2,25
332.8,8
332.9,22
333.3,36
333.6,4
333.6,33
334.1,10
334.5,2
334.7,28
334.8,32
336.1,14
338.7,23
339.2,24
339.2,26
339.4,1
340.0,3
340.7,7
340.7,18
341.5,11
343.1,12
343.2,17
343.2,27
343.7,19
344.0,0
344.0,34
344.3,13
344.9,5
344.9,21
344.9,36
345.0,38
345.7,39
346.3,28
346.6,37
348.0,29
348.2,8
349.8,2
350.0,35
350.1,7
351.1,24
351.1,33
351.3,22
351.5,3
351.7,18
352.4,13
352.9,10
353.3,4
353.3,28
353.3,23
353.5,14
354.3,26
354.8,1
357.3,0
358.2,7
358.2,17
358.2,38
358.4,8
358.9,11
359.0,19
359.7,5
360.1,6
360.2,25
360.2,29
360.3,28
360.9,3
361.0,21
361.7,27
362.8,24
364.4,12
365.1,18
365.1,36
365.8,37
366.3,31
366.4,10
366.6,13
366.6,34
367.3,1
367.4,23
367.7,28
367.9,2
369.2,33
370.6,11
371.1,7
371.4,3
371.4,4
371.8,38
371.9,32
371.9,35
371.9,29
372.4,17
372.4,39
372.7,8
373.1,15
373.8,27
374.6,26
375.0,24
376.1,14
376.5,28
376.8,5
377.0,21
379.5,7
380.2,13
380.6,25
380.7,22
381.5,1
382.0,6
382.0,29
383.1,8
383.1,24
383.5,3
383.6,37
383.7,36
383.8,0
384.0,26
384.5,12
384.6,4
384.8,23
385.1,18
385.2,33
385.5,7
388.0,35
389.1,11
390.0,17
390.9,13
390.9,28
391.8,19
392.6,8
392.8,10
393.4,34
393.6,3
393.8,4
393.9,25
394.9,27
395.8,5
396.0,1
396.8,24
399.3,8
399.7,18
399.8,14
399.9,7
400.3,28
400.6,36
400.9,21
401.3,12
401.4,33
402.2,37
402.7,11
402.9,29
403.0,3
403.2,22
403.5,38
403.8,2
404.1,17
404.1,4
404.5,0
405.0,23
405.0,24
405.1,39
406.0,35
406.2,26
408.6,13
408.8,7
409.9,8
410.1,28
410.7,15
411.0,27
411.9,1
412.5,11
412.8,12
413.0,5
413.0,25
414.2,14
414.3,10
414.3,21
414.8,18
414.9,36
415.2,24
415.4,20
415.7,3
415.9,29
415.9,33
417.6,28
417.7,26
417.9,7
418.6,19
418.9,13
419.4,38
421.1,23
422.4,35
422.6,8
423.3,17
424.0,18
424.1,1
424.3,3
424.7,22
425.8,0
426.2,9
426.6,24
426.9,34
428.0,2
428.2,37
428.3,4
429.1,25
429.2,26
429.5,8
429.8,7
430.2,11
431.1,17
431.2,28
431.9,13
432.7,10
432.7,12
432.7,20
432.7,33
432.9,19
433.3,21
433.3,27
433.5,5
433.7,29
433.8,36
433.9,14
434.1,24
434.2,32
434.9,1
436.1,35
436.3,23
436.9,39
438.7,7
440.0,3
440.0,28
440.2,2
440.5,38
440.8,0
440.8,18
441.8,37
441.9,26
442.0,13
442.3,11
442.9,8
443.2,22
446.0,15
446.3,29
446.3,36
446.4,4
446.5,12
448.6,3
448.6,33
449.0,35
449.1,24
449.4,1
449.6,21
450.3,34
451.0,17
451.2,10
451.2,28
451.8,18
452.9,6
453.4,14
454.0,7
454.2,19
454.5,8
454.5,11
454.9,13
455.2,23
455.7,29
456.2,27
456.8,35
457.2,24
457.8,25
458.6,37
459.1,26
459.1,28
459.6,12
461.2,1
462.0,13
462.4,18
463.1,36
463.7,3
463.8,15
464.0,23
464.7,0
465.0,38
465.2,32
465.8,17
466.1,2
466.4,8
466.4,22
466.5,24
466.8,9
467.1,5
467.2,39
467.6,29
467.9,13
468.1,4
468.3,14
468.4,7
469.6,11
469.8,21
470.0,27
470.1,28
470.9,35
471.1,25
471.5,33
475.0,18
475.1,37
475.8,3
476.2,11
476.2,26
476.5,10
476.6,19
476.7,1
477.7,23
478.1,12
478.3,17
478.4,29
478.5,28
478.7,8
479.5,36
480.8,13
481.7,34
482.2,24
482.5,31
483.2,7
484.3,5
484.4,14
485.1,27
486.3,11
487.4,28
488.9,6
489.1,33
489.4,8
489.5,15
489.6,4
489.7,1
489.8,29
489.9,3
490.3,18
490.5,0
491.3,2
492.2,17
492.6,36
492.9,26
493.2,21
493.3,38
493.9,22
494.9,12
495.0,7
495.6,25
496.3,23
497.6,24
498.0,35
498.0,37
498.4,8
498.7,10
499.7,13
500.3,28
500.6,3
500.6,33
500.7,14
500.9,29
501.0,11
501.1,18
501.6,34
501.7,27
502.7,7
503.7,26
504.1,21
504.2,17
504.4,36
504.7,1
506.1,39
506.7,5
507.1,13
508.0,19
508.7,28
509.0,38
509.1,0
509.3,24
509.3,35
510.4,8
511.2,12
512.6,18
512.7,11
512.7,15
512.7,26
512.7,33
512.7,34
513.2,2
513.7,3
514.1,22
515.5,14
516.6,1
516.6,7
517.1,36
517.5,13
517.5,29
518.1,23
519.6,17
521.2,18
521.9,3
521.9,28
522.0,4
523.5,10
524.2,27
524.9,37
525.0,35
525.2,34
526.7,8
526.9,24
527.1,11
527.8,13
528.0,33
528.2,7
528.4,21
530.3,9
530.7,6
531.4,28
531.4,29
531.7,32
531.8,36
532.2,5
532.3,25
533.2,23
533.2,26
533.3,3
533.9,12
534.2,1
534.2,39
534.3,8
534.3,15
534.6,14
534.9,17
535.0,0
536.0,22
536.1,38
537.1,18
537.5,35
538.1,7
538.5,19
538.7,24
538.7,26
538.8,37
538.9,27
539.1,2
539.4,28
540.0,10
540.0,33
540.3,13
542.7,11
543.0,3
544.4,1
544.6,8
544.8,12
545.0,34
545.2,4
545.4,14
545.4,18
546.8,17
547.3,28
547.6,25
548.0,20
548.1,29
548.4,33
550.0,0
550.8,21
551.6,7
551.6,35
551.8,36
552.3,23
552.4,13
553.0,11
553.0,27
553.1,24
553.1,26
553.4,22
554.5,2
554.5,37
554.8,34
555.0,15
555.5,3
555.6,5
556.0,8
556.0,28
556.3,29
556.7,10
557.5,38
558.3,7
559.0,18
559.2,19
559.2,25
560.4,1
561.8,13
562.8,12
563.6,36
563.8,33
564.8,17
564.9,14
564.9,24
565.5,6
565.6,35
566.4,28
566.7,4
566.9,11
566.9,26
568.3,0
568.4,8
568.5,3
570.0,13
571.4,18
572.2,7
572.2,10
572.6,21
572.9,38
573.4,37
574.0,23
574.1,27
574.3,36
574.7,25
574.9,29
575.1,34
575.3,22
575.4,8
575.6,5
575.7,4
575.8,28
577.3,1
577.3,24
577.5,12
577.5,17
578.2,11
578.9,19
580.3,35
580.5,3
581.6,39
582.1,2
584.0,18
584.2,7
584.3,26
584.5,13
585.0,33
585.1,14
585.4,27
585.7,24
585.7,38
587.0,20
587.4,8
587.6,23
588.0,31
588.3,28
590.3,17
590.7,15
591.8,29
591.8,26
592.6,0
592.6,1
592.6,32
593.0,37
593.5,11
593.5,12
593.8,25
594.9,7
594.9,36
595.8,24
596.3,3
596.6,5
597.5,22
597.9,8
598.1,13
598.4,10
598.6,35
599.8,28
600.1,18
600.1,33
600.4,27
600.8,4
601.1,34
602.2,21
602.6,17
602.7,19
604.1,14
604.7,29
604.8,6
605.5,1
605.8,7
606.4,15
607.8,13
608.0,3
608.3,23
608.4,12
608.8,26
608.8,36
609.2,33
609.6,11
610.4,0
610.5,8
610.8,24
610.8,25
611.2,22
611.4,38
611.5,18
611.9,21
612.2,28
612.8,4
613.5,37
614.3,35
614.6,2
614.7,17
615.5,34
616.3,6
616.7,7
616.8,10
618.4,3
618.5,5
618.9,28
620.3,29
621.1,13
621.6,26
623.0,1
623.7,11
623.7,27
623.9,8
624.3,24
624.6,0
624.9,14
625.0,23
625.6,25
625.9,33
626.1,19
626.1,22
627.4,12
628.0,7
628.1,35
628.4,20
628.5,34
629.2,17
629.2,18
629.4,36
630.1,4
630.1,21
630.1,28
630.5,13
630.5,37
632.1,8
633.2,26
633.2,38
633.3,3
633.5,24
634.0,10
635.2,39
635.8,29
637.9,11
639.1,18
639.6,1
639.7,35
639.8,7
640.5,28
640.8,36
641.7,2
642.3,34
642.4,23
642.7,17
643.5,12
644.2,3
645.0,13
645.0,24
645.8,27
647.7,7
647.7,25
648.9,28
649.0,5
649.0,21
650.1,26
650.3,8
650.3,14
650.5,29
651.0,0
651.7,1
651.7,22
651.7,33
651.8,11
651.8,18
653.9,3
653.9,36
654.7,10
654.9,37
655.0,6
655.3,4
655.6,24
657.6,7
658.2,9
658.5,11
658.6,2
658.7,20
659.7,35
659.8,28
660.6,13
660.6,19
661.2,12
661.2,8
661.9,29
662.0,26
663.1,18
663.5,3
664.2,38
664.3,17
664.9,5
664.9,21
664.9,23
665.1,27
665.6,7
667.0,1
667.1,10
667.2,36
667.5,24
668.1,32
668.4,15
668.8,0
668.8,33
668.9,4
669.6,34
670.6,14
670.7,17
671.2,8
671.8,28
672.9,35
673.4,3
673.4,25
673.8,11
673.9,12
674.4,13
676.0,22
676.2,18
677.2,26
677.7,36
677.8,23
677.8,29
677.9,37
678.0,32
679.0,7
680.1,24
680.9,33
681.0,5
681.7,39
682.2,21
682.5,27
682.8,11
682.9,1
683.3,28
684.1,38
685.1,13
685.3,30
686.3,8
686.3,34
686.7,17
687.9,35
688.4,14
689.7,25
689.9,7
689.9,26
690.1,0
690.4,36
690.5,2
690.7,3
690.7,11
690.9,27
691.1,18
691.8,28
692.4,29
692.6,8
692.8,4
694.7,24
694.8,19
695.8,1
695.8,5
695.8,15
696.2,33
696.3,12
696.4,17
697.3,22
698.6,10
699.5,23
699.7,25
699.8,37
700.0,28
700.3,38
701.4,3
701.6,0
701.6,11
701.8,7
702.4,35
702.9,4
703.2,26
703.5,18
703.5,6
704.0,13
704.1,36
706.0,21
706.1,29
706.2,2
706.2,8
706.2,27
708.3,1
708.6,12
709.3,17
710.5,13
711.1,9
711.8,37
711.9,7
711.9,24
712.1,14
712.3,23
712.6,28
712.9,34
714.9,11
716.5,36
717.0,3
717.0,21
717.3,8
717.3,18
717.5,5
717.6,10
717.8,26
718.2,29
718.3,38
718.7,35
721.0,13
721.2,33
721.4,24
722.6,12
722.6,15
722.6,25
722.8,2
723.6,7
723.6,28
724.8,4
725.1,0
725.2,27
725.9,1
725.9,22
726.3,23
726.4,37
726.5,14
726.7,3
727.2,11
727.3,8
728.2,36
728.3,17
728.3,18
728.5,26
728.7,38
729.8,28
729.8,32
731.6,35
734.6,29
734.7,33
734.8,13
734.9,24
734.9,7
735.5,21
735.9,0
738.7,23
739.3,3
739.7,8
739.9,2
740.7,12
740.7,19
740.9,14
741.0,28
741.0,39
741.2,5
741.2,26
741.4,15
741.6,1
742.3,18
742.4,34
742.8,9
743.0,11
744.1,36
744.3,37
745.8,35
746.4,10
746.4,13
746.6,4
747.0,17
747.8,38
748.3,7
748.3,24
748.7,29
749.0,33
749.6,28
749.9,20
750.0,22
750.2,3
750.8,6
751.1,27
752.1,8
752.1,36
752.3,15
752.4,18
752.8,25
753.5,1
753.7,23
753.8,12
755.3,0
755.7,5
755.7,7
756.7,35
756.9,13
757.0,21
757.5,11
758.0,17
758.3,2
759.1,24
759.1,29
759.3,28
759.3,37
760.4,27
761.0,18
762.0,3
762.3,8
762.5,34
767.3,4
767.7,13
768.1,38
768.2,39
768.3,35
768.4,11
768.5,14
769.2,26
770.1,24
770.6,17
770.9,36
771.5,28
771.6,22
771.6,23
771.7,25
771.8,7
771.8,10
772.4,3
772.6,1
772.9,12
772.9,37
773.4,21
773.4,33
773.5,19
773.7,8
774.0,29
775.0,18
775.3,15
776.6,27
777.4,31
778.9,2
779.0,0
779.1,13
780.1,28
782.0,8
782.1,5
782.2,37
782.3,17
782.5,32
782.8,24
782.9,11
783.0,6
783.3,7
783.3,3
783.6,33
783.7,26
784.3,23
784.9,4
785.2,36
786.6,14
786.7,25
787.0,1
787.3,35
787.9,29
789.2,13
789.5,38
789.6,10
789.8,28
790.3,34
790.4,2
791.6,18
792.8,27
793.6,11
794.4,17
794.5,12
795.3,3
795.5,7
795.6,26
795.9,8
796.0,21
796.6,24
797.4,14
798.6,35
798.7,20
798.9,28
798.9,36
799.0,4
799.2,23
799.5,13
799.7,33
801.3,0
801.3,5
801.6,29
801.8,19
802.2,15
802.2,18
803.0,1
803.1,37
803.6,12
804.2,24
805.1,28
805.4,10
805.5,2
806.1,8
806.3,7
806.5,11
806.8,27
808.8,25
809.2,17
809.5,34
810.3,18
811.7,14
811.9,3
811.9,13
812.0,38
812.3,35
812.5,9
812.8,22
812.9,28
816.3,26
817.7,39
817.8,29
818.1,21
818.7,12
818.9,8
820.0,15
820.4,7
820.5,37
820.7,27
821.3,11
821.5,6
822.0,33
822.4,24
822.8,13
822.9,20
823.3,4
824.3,3
824.3,17
824.5,1
824.8,28
825.4,38
825.7,23
826.4,0
826.6,18
827.1,36
827.5,22
827.9,35
828.1,8
828.4,25
828.6,5
829.5,29
829.6,26
829.7,14
830.1,7
830.3,21
830.7,19
831.1,12
832.3,37
832.7,33
832.8,2
834.3,24
834.9,13
835.4,28
836.2,10
836.3,8
836.8,29
837.0,3
837.1,23
837.2,11
837.9,32
838.0,15
838.8,27
840.2,18
841.1,34
843.0,1
843.1,11
843.1,21
843.4,7
843.5,17
843.8,26
844.0,24
844.1,36
844.4,20
844.6,25
846.1,3
846.1,22
846.3,12
846.5,38
847.7,13
848.3,8
848.4,28
848.9,5
849.2,10
849.6,4
850.3,35
850.4,33
851.0,29
852.7,9
852.7,14
853.0,18
853.3,37
854.4,36
854.5,39
854.6,0
854.6,11
854.9,23
855.1,17
855.9,7
855.9,27
856.5,24
857.4,13
857.6,3
858.0,1
858.0,26
858.0,28
859.0,25
859.4,6
860.2,12
861.3,10
861.4,19
862.9,38
863.3,14
864.3,23
864.5,35
864.6,8
864.7,21
865.0,22
865.3,18
865.4,27
865.5,2
865.9,15
866.0,29
866.1,4
866.2,24
866.7,11
867.0,3
867.2,33
867.5,7
868.0,28
870.0,36
870.3,0
871.1,37
871.4,17
871.5,25
872.1,39
872.7,26
873.1,13
874.6,5
874.7,18
876.9,34
877.6,1
877.9,7
878.2,32
878.6,24
878.7,28
878.9,27
879.4,10
879.5,23
879.7,8
879.7,11
879.9,2
880.2,12
880.2,29
881.3,33
881.5,3
882.5,38
882.6,21
882.9,0
883.5,36
883.9,13
884.4,22
885.0,19
887.1,35
887.3,25
887.6,6
887.8,17
889.0,26
889.1,4
889.6,37
889.7,7
890.1,10
890.8,39
891.4,8
891.6,24
891.7,28
891.7,29
892.4,14
893.0,3
895.2,27
895.7,13
895.8,1
895.9,18
896.2,5
897.8,23
897.8,33
898.1,38
898.6,12
899.1,11
899.6,36
900.1,15
900.6,28
901.0,35
901.0,3
901.0,34
901.3,2
901.3,26
901.4,31
901.5,0
902.3,20
902.8,7
903.6,8
903.8,24
903.8,29
906.8,17
906.9,21
906.9,37
907.3,12
907.9,13
908.0,25
909.1,5
909.1,27
909.6,1
910.1,18
910.5,29
911.3,3
912.3,4
912.3,10
912.4,28
913.2,24
914.3,14
914.4,22
914.6,19
914.7,39
914.8,7
915.3,26
915.4,11
916.1,23
916.2,33
916.5,8
918.1,34
918.5,13
918.8,36
919.3,0
919.8,17
920.2,18
921.1,21
921.7,6
922.3,35
922.4,3
923.0,4
923.0,28
923.1,24
923.3,1
924.5,9
924.5,29
925.7,20
925.8,7
926.1,38
926.7,11
927.3,26
928.3,2
930.0,25
930.6,12
930.8,27
931.8,36
932.1,8
933.0,39
933.2,5
933.3,13
933.8,10
934.6,7
934.6,37
934.7,23
935.0,18
935.6,28
937.5,11
937.8,29
937.9,14
938.3,35
938.5,24
939.0,17
939.4,1
941.0,0
941.1,38
941.2,2
941.3,3
942.6,22
944.9,26
945.2,8
945.6,28
945.8,13
945.8,33
946.7,7
946.8,34
946.9,12
946.9,18
947.2,27
947.4,11
949.7,37
950.4,3
951.2,19
951.2,21
951.5,23
951.8,29
952.2,24
952.4,17
952.4,32
952.4,35
952.6,1
953.6,6
953.8,36
955.4,4
955.9,13
956.2,9
956.6,28
957.3,2
957.9,25
958.1,7
958.6,18
959.0,5
959.0,14
959.2,8
959.4,10
959.8,0
959.9,31
960.3,11
960.4,16
960.4,26
961.0,12
961.0,27
961.1,22
962.0,33
963.5,24
963.5,38
964.9,29
966.5,17
966.9,13
966.9,34
967.8,3
968.0,28
968.3,1
969.1,36
971.4,8
971.5,37
971.8,7
971.8,21
971.9,6
971.9,35
972.1,23
972.2,20
972.3,38
973.8,13
973.9,17
974.2,26
974.9,29
975.4,18
975.5,24
975.6,12
976.1,11
977.1,37
978.8,28
978.9,1
979.3,2
979.9,33
980.3,3
981.0,19
981.0,22
981.8,7
982.8,14
983.1,4
983.2,16
983.5,25
983.6,10
983.6,13
983.8,39
984.1,8
984.2,11
984.6,27
986.7,15
987.0,29
987.5,36
988.1,0
988.2,35
989.4,26
989.5,17
989.6,24
989.8,3
989.8,23
990.2,1
990.3,32
990.5,28
990.7,18
991.2,12
991.6,33
993.5,11
993.8,7
995.5,37
996.3,25
996.6,13
997.1,29
997.1,38
997.5,5
997.6,34
998.3,22
998.8,8
999.2,2
1000.6,28
1001.0,30
1001.5,14
1001.7,24
1002.3,18
1002.3,21
1002.8,17
1003.5,3
1003.9,12
1004.2,1
1004.6,39
1004.8,7
1005.1,9
1005.1,11
1005.2,23
1005.7,4
1006.0,26
1008.3,0
1009.0,33
1009.1,36
1010.5,8
1010.5,27
1010.7,22
1011.2,28
1012.0,29
1012.1,3
1012.1,15
1012.7,7
1012.7,35
1012.9,25
1013.2,11
1013.3,24
1013.9,17
1014.4,13
1015.4,37
1016.6,18
1017.3,10
1019.9,26
1020.4,1
1020.5,8
1021.0,23
1021.1,7
1021.7,29
1023.2,19
1023.3,34
1023.5,14
1024.0,2
1024.1,21
1024.2,38
1024.4,35
1024.5,0
1024.7,17
1025.2,36
1025.4,12
1025.6,28
1025.8,4
1025.9,24
1026.0,3
1026.0,13
1026.0,18
1026.3,15
1027.0,11
1030.2,6
1030.9,33
1031.0,25
1031.0,37
1034.1,7
1036.2,28
1036.5,5
1036.6,26
1036.6,10
1036.6,29
1037.3,27
1037.6,38
1037.8,8
1038.1,22
1038.2,35
1038.4,33
1038.7,17
1039.1,4
1039.7,18
1039.9,3
1041.3,1
1041.4,24
1042.6,13
1043.1,36
1043.6,11
1043.9,12
1044.2,39
1044.9,0
1045.4,29
1046.1,23
1046.5,7
1047.0,34
1048.8,2
1049.1,21
1049.1,28
1049.4,3
1049.5,38
1049.8,8
1050.0,20
1050.7,25
1051.3,24
1051.5,35
1051.6,32
1051.7,37
1052.0,14
1053.2,23
1053.5,13
1053.5,19
1053.8,12
1054.4,18
1054.6,7
1055.2,17
1055.4,27
1056.7,4
1056.8,1
1057.0,26
1057.5,11
1058.1,28
1058.6,3
1060.2,36
1060.9,5
1061.7,10
1061.9,29
1062.1,15
1062.6,24
1062.6,33
1062.8,35
1063.5,9
1063.6,7
1064.9,8
1065.4,13
1066.0,0
1066.4,27
1066.7,21
1067.0,28
1067.5,18
1068.1,14
1069.0,1
1069.0,22
1069.1,17
1069.3,2
1069.5,33
1069.6,3
1070.3,11
1070.4,12
1070.5,4
1070.9,23
1071.6,24
1072.5,25
1073.3,13
1073.5,34
1074.5,8
1074.6,36
1074.8,6
1074.8,28
1075.3,38
1075.7,35
1076.7,29
1078.6,37
1078.9,7
1079.9,5
1080.0,26
1080.9,18
1081.1,24
1081.2,3
1081.4,10
1083.1,28
1083.2,8
1083.2,13
1083.3,38
1083.4,21
1084.2,22
1084.5,27
1084.7,2
1084.7,39
1085.6,11
1086.4,14
1086.7,0
1086.7,1
1086.9,17
1089.8,7
1090.3,19
1090.3,32
1090.4,29
1090.5,33
1090.6,28
1090.8,12
1091.4,6
1092.2,36
1092.5,35
1092.8,3
1093.4,23
1093.5,18
1093.9,26
1095.4,20
1096.0,25
1097.1,13
1097.2,34
1097.6,17
1097.9,11
1098.0,24
1098.2,27
1099.1,21
1100.5,8
1101.7,1
1101.8,14
1101.9,28
1102.1,3
1102.6,18
1102.6,29
1102.9,4
1103.0,37
1103.5,7
1103.5,10
1104.2,38
1104.4,0
1104.5,26
1104.6,5
1104.6,12
1105.5,2
1105.6,15
1105.8,9
1106.5,35
1106.6,19
1107.7,13
1109.0,24
1109.3,39
1111.2,36
1112.3,8
1112.3,23
1112.8,28
1112.9,3
1114.2,18
1114.3,17
1114.6,33
1114.8,11
1114.9,7
1115.1,27
1116.0,4
1116.9,26
1118.1,1
1118.2,5
1119.0,22
1119.6,25
1119.8,29
1120.9,35
1121.5,37
1121.7,24
1122.4,13
1122.8,0
1123.1,3
1123.1,18
1123.5,8
1123.7,28
1124.7,21
1124.8,17
1125.1,10
1125.6,12
1125.7,7
1125.8,26
1126.6,11
1126.9,23
1127.2,34
1127.3,36
1127.9,39
1129.9,27
1130.6,38
1130.9,31
1131.4,14
1131.7,5
1131.7,19
1131.7,28
1131.8,1
1131.8,2
1131.8,29
1132.9,18
1133.1,24
1133.2,13
1133.2,25
1134.5,15
1134.7,37
1134.8,17
1135.3,16
1135.3,32
1137.1,8
1137.3,3
1137.5,11
1138.9,35
1139.7,7
1140.0,36
1140.2,6
1140.4,26
1140.5,33
1140.6,13
1141.6,20
1141.8,0
1141.8,4
1142.3,23
1143.3,22
1143.7,28
1146.6,27
1147.2,37
1147.4,7
1147.4,24
1147.9,29
1148.4,39
1149.0,21
1149.4,3
1150.1,14
1150.2,38
1150.5,12
1150.6,10
1150.9,25
1151.0,1
1151.0,18
1151.4,8
1151.6,28
1152.6,5
1152.9,35
1153.6,17
1156.4,26
1156.8,36
1158.2,2
1158.5,11
1160.2,7
1160.3,13
1160.7,29
1161.1,34
1161.5,1
1161.6,17
1162.6,24
1162.6,28
1162.7,19
1163.0,21
1164.7,8
1164.9,3
1165.1,26
1165.3,18
1165.8,38
1166.0,33
1166.8,0
1167.7,23
1167.9,37
1168.2,4
1168.6,22
1168.8,13
1169.6,14
1170.1,5
1171.0,20
1171.2,27
1171.6,28
1171.8,12
1172.1,36
1172.3,35
1172.7,15
1174.0,3
1174.4,7
1175.4,11
1176.7,24
1177.1,32
1177.2,30
1177.3,10
1177.4,2
1177.7,38
1178.0,8
1178.3,1
1178.3,25
1179.0,17
1179.2,29
1179.4,26
1179.8,39
1179.9,28
1180.5,36
1180.6,13
1180.7,18
1181.8,6
1182.2,12
1182.2,33
1182.4,37
1183.0,21
1183.7,23
1183.7,0
1184.5,4
1185.6,3
1187.3,8
1188.6,24
1188.7,7
1188.7,14
1188.7,22
1188.9,34
1191.2,11
1192.4,5
1192.5,12
1192.7,28
1193.4,17
1193.4,35
1193.6,27
1193.7,13
1193.7,38
1194.1,21
1194.1,23
1194.3,3
1194.3,29
1195.9,36
1197.5,18
1197.5,1
1198.0,24
1198.3,15
1198.3,37
1198.8,4
1198.8,8
1198.8,25
1198.9,26
1199.1,0
1199.3,7
1200.6,3
1202.4,33
1203.1,14
1204.4,2
1204.5,29
1204.5,35
1204.6,5
1205.0,6
1205.0,38
1205.1,28
1206.1,10
1206.1,11
1206.8,13
1207.1,17
1209.2,24
1209.6,7
1209.9,26
1210.9,3
1210.9,19
1210.9,36
1211.3,18
1211.8,23
1211.8,27
1213.5,8
1213.7,21
1213.9,1
1214.5,0
1214.7,9
1214.8,4
1215.0,22
1215.1,28
1215.8,38
1216.1,39
1216.4,37
1216.7,32
1216.7,35
1216.9,29
1216.9,33
1217.7,11
1218.1,8
1219.8,13
1220.8,15
1220.8,18
1221.5,3
1221.5,12
1222.1,5
1222.9,34
1223.8,17
1223.9,7
1224.4,36
1224.5,27
1225.1,26
1225.7,28
1226.2,23
1227.0,25
1228.0,24
1228.8,10
1229.4,1
1229.8,12
1230.2,29
1230.5,11
1230.5,13
1231.3,33
1231.7,14
1231.8,2
1232.8,35
1233.2,24
1233.3,8
1234.1,18
1234.3,39
1234.5,3
1235.0,28
1236.2,7
1236.2,32
1236.4,0
1236.5,6
1237.0,19
1237.9,21
1237.9,36
1238.4,37
1238.4,38
1238.6,13
1238.9,22
1239.7,11
1239.7,17
1240.6,26
1240.8,4
1241.5,27
1242.0,12
1242.8,28
1243.0,23
1243.0,34
1243.7,3
1244.2,8
1245.0,2
1245.6,14
1245.6,29
1246.2,5
1246.7,7
1247.1,1
1247.2,11
1247.3,18
1247.8,24
1248.3,36
1248.7,13
1249.0,25
1249.2,31
1249.2,35
1249.4,37
1253.6,10
1253.6,38
1253.7,26
1254.7,17
1254.7,33
1254.8,3
1255.2,23
1255.3,21
1255.9,8
1255.9,20
1256.1,28
1256.2,13
1256.4,24
1257.0,4
1257.8,7
1258.4,30
1259.4,29
1260.3,0
1260.9,14
1261.2,22
1261.8,11
1262.1,12
1262.9,18
1263.7,35
1264.9,9
1265.1,2
1265.4,36
1266.1,28
1266.3,8
1266.3,27
1266.4,33
1267.0,37
1267.1,5
1267.5,13
1267.6,26
1267.7,1
1268.0,7
1268.4,17
1269.2,34
1270.8,6
1272.4,25
1273.0,3
1273.0,11
1273.1,13
1273.3,24
1273.4,38
1273.5,29
1273.6,15
1273.8,39
1273.9,36
1274.1,21
1275.4,23
1275.6,10
1276.0,19
1278.2,22
1278.5,8
1280.3,7
1281.4,12
1281.6,33
1282.0,35
1282.3,28
1282.4,26
1282.4,18
1282.8,1
1282.8,3
1283.4,17
1283.8,37
1284.0,29
1284.1,0
1284.2,13
1285.2,34
1285.8,27
1286.5,24
1286.8,36
1287.0,8
1287.4,7
1287.6,5
1287.6,19
1289.1,4
1289.1,23
1289.5,38
1289.6,39
1289.9,3
1290.5,11
1292.0,25
1292.3,18
1292.6,28
1295.3,29
1295.9,26
1296.6,2
1297.2,21
1297.4,10
1297.4,13
1297.7,24
1297.7,33
1297.8,35
1298.0,11
1298.7,8
1298.9,14
1299.1,7
1299.1,37
1299.5,15
1299.8,12
1300.4,3
1300.6,23
1300.6,28
1301.0,29
1301.0,36
1301.1,17
1302.0,1
1303.6,27
1304.1,4
1305.9,22
1306.5,25
1307.7,18
1307.7,34
1308.2,26
1308.7,19
1308.7,24
1309.3,7
1309.3,13
1309.6,20
1309.7,0
1309.7,8
1309.7,11
1310.1,5
1310.2,21
1310.2,33
1310.2,35
1310.8,29
1311.8,38
1312.4,36
1313.4,3
1313.9,10
1315.5,28
1315.7,17
1317.0,18
1317.9,7
1318.5,11
1318.5,12
1318.5,31
1318.6,23
1318.7,24
1318.7,8
1318.7,32
1319.6,4
1321.8,2
1322.7,26
1322.8,22
1322.8,25
1323.5,37
1323.9,0
1324.2,1
1324.4,3
1324.4,13
1324.4,38
1324.7,29
1325.0,27
1326.5,14
1327.2,28
1328.3,36
1328.4,19
1328.4,33
1329.2,34
1329.7,35
1329.8,18
1330.2,8
1330.3,7
1330.4,37
1333.3,21
1333.4,20
1334.6,17
1334.6,23
1334.7,1
1334.7,28
1335.0,12
1335.3,24
1336.4,11
1336.6,4
1336.7,3
1336.8,5
1337.2,13
1337.3,39
1338.1,27
1338.4,15
1339.3,29
1339.7,7
1340.0,26
1340.1,10
1341.2,35
1341.5,18
1342.2,0
1343.9,28
1344.0,32
1344.4,8
1344.4,33
1345.5,24
1346.0,1
1347.1,11
1347.8,23
1348.0,12
1348.0,19
1348.0,22
1349.0,25
1349.1,14
1349.5,36
1350.0,3
1350.7,13
1351.5,21
1351.6,2
1351.8,27
1352.1,17
1352.4,29
1354.4,7
1355.4,9
1355.5,5
1355.5,34
1356.0,18
1356.8,37
1357.0,26
1357.1,28
1357.9,3
1358.0,8
1358.4,11
1359.0,4
1359.6,38
1360.8,1
1361.1,24
1361.6,35
1362.4,13
1362.9,6
1363.2,10
1364.3,15
1364.5,7
1364.5,29
1364.7,31
1364.8,2
1364.8,22
1364.9,17
1365.1,14
1365.8,0
1366.1,12
1366.2,33
1366.5,36
1367.0,28
1368.4,19
1368.8,3
1370.0,18
1370.4,5
1371.0,1
1371.2,23
1371.4,8
1372.3,20
1372.4,29
1373.1,27
1373.6,7
1373.8,24
1373.9,13
1373.9,25
1374.1,11
1379.1,21
1379.2,35
1379.2,38
1379.6,3
1380.1,18
1380.3,4
1380.3,22
1380.3,26
1380.7,28
1380.8,8
1381.0,32
1381.2,17
1381.2,39
1381.5,27
1381.9,19
1382.1,14
1382.1,36
1382.2,23
1382.5,29
1383.7,37
1384.6,7
1384.6,12
1386.5,33
1389.5,0
1389.5,5
1389.5,11
1389.7,24
1389.9,1
1391.1,13
1391.3,3
1391.6,10
1391.8,36
1392.2,28
1393.1,25
1393.3,6
1393.6,19
1394.4,2
1394.9,7
1394.9,17
1394.9,29
1394.9,34
1395.5,15
1396.5,35
1396.8,27
1397.4,23
1397.7,8
1398.0,26
1398.8,4
1399.8,24
1400.2,12
1400.3,33
1400.7,1
1400.9,21
1403.5,22
1403.6,11
1403.9,10
1404.0,3
1404.0,29
1404.6,13
1404.7,28
1405.7,14
1405.9,18
1405.9,39
1406.3,17
1407.1,2
1407.1,5
1408.0,23
1408.4,36
1408.7,35
1409.2,37
1410.1,7
1410.1,26
1410.7,38
1410.8,19
1411.5,25
1411.7,15
1411.8,29
1411.9,8
1412.6,28
1413.0,11
1413.5,1
1414.4,13
1417.0,21
1418.2,24
1418.5,3
1419.6,12
1420.3,33
1420.4,23
1421.0,4
1421.2,17
1421.5,35
1422.0,0
1422.1,32
1422.3,2
1422.8,36
1423.0,27
1423.4,14
1423.5,18
1424.0,28
1424.9,22
1425.0,8
1426.1,38
1426.8,7
1427.5,3
1427.6,5
1427.6,26
1428.5,1
1428.6,13
1429.0,29
1429.1,11
1429.1,34
1429.4,37
1429.8,25
1430.9,24
1431.1,35
1432.0,4
1432.3,33
1433.3,17
1434.1,28
1434.4,20
1434.6,9
1435.0,18
1435.3,7
1435.3,15
1436.5,8
1436.7,19
1436.8,2
1437.8,10
1438.4,3
1438.4,39
1439.3,21
1440.3,12
1441.1,36
1442.0,11
1442.1,34
1442.2,7
1442.8,13
1443.3,24
1443.4,1
1443.6,27
1443.6,29
1443.9,8
1444.1,14
1445.5,5
1445.6,28
1445.9,35
1446.3,17
1446.5,37
1446.5,38
1447.1,0
1449.2,3
1449.4,18
1449.6,4
1450.2,33
1451.7,23
1453.5,36
1453.9,26
1454.2,22
1454.2,29
1454.4,10
1455.2,28
1455.3,7
1455.4,8
1455.4,13
1456.3,24
1457.3,17
1457.8,12
1458.1,3
1459.4,1
1459.7,33
1460.1,11
1461.8,27
1462.4,14
1462.5,0
1462.6,35
1463.5,34
1464.1,10
1464.1,18
1464.5,8
1465.6,5
1465.7,25
1465.8,36
1469.2,7
1469.4,13
1469.4,17
1469.6,37
1469.8,21
1470.1,19
1470.1,29
1470.2,6
1470.3,38
1470.4,3
1470.4,28
1470.7,26
1470.9,24
1471.2,11
1471.5,12
1471.5,32
1471.6,15
1471.6,23
1471.6,33
1471.9,1
1472.1,39
1472.3,2
1474.2,4
1474.4,20
1476.2,8
1476.5,18
1478.0,7
1479.2,0
1479.2,36
1479.4,31
1479.7,22
1480.4,28
1481.0,13
1482.0,35
1483.6,10
1484.6,29
1484.8,1
1484.9,17
1485.2,37
1485.3,24
1485.5,9
1485.8,3
1485.9,14
1486.3,33
1486.6,27
1486.7,34
1487.3,8
1487.9,22
1488.2,5
1488.2,26
1489.2,21
1489.5,11
1491.4,32
1492.3,4
1492.8,13
1493.1,7
1493.1,25
1493.1,28
1494.2,2
1494.2,38
1494.4,18
1494.4,35
1494.9,0
1495.0,12
1495.0,29
1495.2,15
1495.4,1
1495.7,8
1497.4,10
1497.8,36
1498.5,17
1499.3,3
1500.0,27
1500.6,24
1500.8,20
1501.0,23
1501.1,34
1501.7,21
1501.7,26
1503.0,7
1503.2,14
1503.9,11
1504.8,37
1505.2,28
1505.4,13
1506.1,12
1506.6,8
1507.2,22
1507.4,39
1508.2,4
1508.4,1
1508.5,19
1509.3,14
1509.5,15
1509.6,29
1510.3,18
1510.3,35
1511.4,11
1511.8,36
1512.0,24
1512.2,33
1512.2,5
1512.3,38
1513.1,28
1513.5,2
1514.2,3
1514.3,13
1514.7,17
1515.4,0
1515.6,26
1515.9,7
1518.5,6
1518.6,25
1518.8,27
1519.4,23
1519.4,37
1519.5,34
1519.6,24
1520.1,21
1520.6,4
1520.7,12
1521.2,8
1521.5,36
1522.2,17
1522.6,13
1522.8,14
1523.5,11
1523.7,1
1523.8,3
1524.4,28
1524.6,18
1525.0,5
1526.6,10
1526.8,35
1526.9,7
1528.1,29
1530.2,2
1530.9,8
1531.5,26
1531.8,38
1533.1,19
1533.9,36
1534.0,28
1534.1,1
1534.6,7
1534.9,24
1535.7,17
1535.8,29
1535.9,3
1536.0,9
1536.1,18
1536.8,0
1536.8,33
1537.1,11
1537.4,10
1537.4,12
1537.9,13
1538.1,34
1539.2,27
1539.6,14
1540.1,23
1540.3,37
1540.4,35
1543.4,39
1543.7,5
1544.7,28
1544.8,25
1545.0,26
1545.4,21
1546.2,7
1546.2,8
1546.5,31
1546.8,32
1547.0,3
1547.9,1
1549.1,22
1549.1,24
1549.3,20
1549.4,17
1549.4,36
1550.2,29
1550.4,10
1550.8,35
1550.9,4
1551.1,0
1551.1,13
1551.4,33
1552.1,28
1552.1,34
1552.2,14
1552.2,27
1552.8,11
1553.2,18
1554.2,6
1554.5,37
1556.4,3
1556.9,12
1557.5,26
1557.8,23
1558.4,8
1559.1,19
1559.3,25
1559.7,7
1560.2,36
1560.3,38
1560.5,24
1561.1,15
1561.4,2
1562.3,21
1563.9,0
1564.1,3
1565.0,28
1566.4,1
1566.4,17
1566.7,22
1567.5,26
1567.6,5
1568.3,33
1568.7,13
1569.2,11
1569.4,18
1569.5,8
1570.8,27
1572.4,4
1572.8,7
1572.8,20
1573.3,29
1573.8,12
1574.3,25
1574.4,34
1574.5,35
1574.7,23
1575.0,32
1575.1,3
1575.1,24
1575.4,28
1575.5,9
1575.8,14
1576.2,13
1576.3,38
1577.2,37
1577.7,11
1578.6,26
1579.4,21
1579.7,17
1580.2,10
1580.4,7
1580.4,39
1580.8,36
1581.4,33
1581.8,8
1582.0,18
1583.6,3
1584.5,15
1584.7,5
1584.9,0
1585.5,2
1585.8,13
1586.2,35
1586.3,11
1586.3,12
1586.8,19
1587.5,6
1587.6,1
1587.9,24
1588.2,14
1588.5,28
1590.4,3
1590.7,4
1591.1,29
1591.3,27
1592.5,36
1592.9,7
1593.2,23
1593.5,17
1593.7,22
1593.7,26
1595.2,8
1595.7,37
1597.3,28
1598.1,12
1598.7,18
1598.9,25
1599.7,13
1599.8,38
1600.3,11
1600.4,21
1601.0,34
1601.4,33
1601.6,5
1602.0,24
1602.1,10
1602.7,1
1603.0,14
1603.9,36
1603.9,29
1604.5,3
1604.9,35
1605.4,7
1605.5,8
1605.6,4
1605.6,22
1608.2,26
1609.3,18
1609.7,11
1610.0,0
1610.0,38
1610.3,2
1610.8,13
1611.0,24
1611.8,28
1612.9,17
1614.1,3
1614.3,23
1616.0,33
1616.1,8
1616.1,35
1617.0,27
1617.0,6
1617.5,12
1618.7,34
1618.7,37
1619.7,1
1620.2,7
1621.2,29
1621.8,28
1622.1,22
1622.5,13
1623.1,38
1624.0,26
1624.2,36
1624.4,18
1625.1,5
1625.1,17
1625.1,25
1625.4,19
1625.7,0
1626.0,11
1626.1,4
1626.3,21
1626.3,7
1626.3,27
1626.8,10
1627.1,8
1627.1,28
1627.4,15
1628.1,33
1628.3,3
1628.5,12
1629.7,24
1629.9,14
1631.2,29
1632.0,2
1632.6,11
1633.4,35
1634.2,26
1634.2,36
1634.4,39
1635.0,18
1635.2,13
1636.6,8
1636.6,37
1637.0,27
1638.4,6
1638.4,28
1638.9,1
1639.2,3
1641.1,17
1641.6,33
1642.6,9
1642.6,24
1642.8,7
1642.8,21
1642.8,26
1644.0,29
1644.1,19
1644.1,22
1644.1,23
1645.5,34
1646.0,38
1646.1,11
1646.6,0
1647.7,28
1647.7,35
1647.9,4
1648.2,13
1648.8,10
1648.8,25
1648.8,36
1649.0,32
1649.6,12
1649.9,8
1650.0,15
1650.2,14
1650.2,20
1650.4,1
1650.9,18
1651.2,3
1655.3,7
1656.2,5
1656.4,26
1656.5,27
1656.5,28
1656.6,13
1657.0,17
1657.0,29
1657.1,24
1657.2,23
1657.2,37
1658.0,11
1658.6,22
1658.6,35
1659.6,18
1659.8,19
1660.8,8
1661.1,33
1661.9,4
1662.6,10
1663.8,34
1663.9,3
1664.6,0
1664.8,21
1666.0,28
1666.7,2
1667.5,39
1667.5,7
1669.0,26
1669.2,11
1669.5,1
1669.5,29
1669.5,38
1669.8,12
1669.9,17
1670.0,14
1671.4,16
1671.9,13
1672.0,36
1672.3,18
1672.7,8
1673.4,27
1673.7,3
1673.8,23
1673.9,24
1674.6,22
1675.0,21
1675.9,25
1676.0,35
1677.8,4
1678.1,7
1679.3,28
1679.7,37
1679.8,19
1679.9,0
1681.5,11
1681.7,13
1682.0,1
1682.2,8
1683.0,33
1683.2,17
1683.2,18
1683.2,29
1683.2,38
1683.7,12
1684.5,3
1684.7,26
1684.8,24
1685.6,10
1686.0,5
1687.4,28
1688.5,23
1688.5,35
1688.8,7
1689.3,36
1689.9,2
1690.2,6
1690.4,14
1691.1,27
1692.0,25
1693.5,8
1693.8,0
1693.9,34
1695.3,24
1695.3,28
1695.4,21
1695.6,11
1696.5,13
1696.8,22
1696.9,17
1697.7,5
1697.8,4
1697.8,18
1698.0,26
1698.0,29
1699.4,12
1699.7,3
1700.5,1
1700.9,14
1701.5,33
1701.7,37
1703.6,7
1703.8,32
1705.0,23
1706.2,28
1706.3,13
1706.3,25
1706.5,22
1706.6,27
1706.7,29
1706.7,36
1706.7,38
1707.6,8
1707.6,35
1708.3,11
1708.5,6
1708.6,17
1708.8,0
1709.2,24
1709.9,26
1710.8,3
1711.8,10
1713.0,5
1713.7,18
1713.9,7
1715.0,28
1715.2,1
1715.5,8
1715.5,31
1715.8,2
1716.3,12
1716.3,21
1716.3,29
1716.3,34
1716.7,20
1717.5,39
1717.8,33
1718.0,35
1718.6,27
1720.1,17
1720.7,3
1721.4,37
1721.8,38
1722.1,15
1722.6,13
1723.0,19
1723.2,11
1723.4,24
1723.5,14
1723.7,23
1723.8,7
1724.4,26
1724.9,25
1725.5,8
1725.6,28
1725.7,4
1726.2,18
1726.8,12
1728.1,36
1730.9,2
1731.5,29
1731.7,35
1731.8,10
1731.9,1
1731.9,3
1732.0,34
1732.3,24
1732.4,0
1732.7,22
1732.9,37
1733.1,28
1733.2,6
1733.3,8
1733.5,5
1733.9,11
1734.0,17
1735.7,7
1738.5,32
1738.5,33
1739.1,13
1740.0,21
1740.1,19
1740.4,27
1740.4,39
1740.7,23
1740.7,28
1740.8,3
1741.2,35
1741.4,15
1741.6,10
1741.6,17
1741.7,12
1743.6,18
1743.9,26
1744.1,8
1744.3,1
1744.4,7
1744.6,24
1745.4,38
1745.7,9
1746.0,11
1746.3,4
1746.4,25
1747.0,2
1748.3,0
1748.3,29
1748.9,28
1749.7,3
1750.7,36
1751.1,34
1751.7,13
1752.7,12
1752.8,22
1752.9,37
1753.0,18
1753.4,5
1754.3,26
1754.4,14
1754.9,39
1755.0,23
1755.4,8
1755.5,17
1755.6,27
1755.9,11
1756.8,7
1757.9,28
1758.1,1
1758.2,25
1760.8,10
1761.2,24
1761.2,35
1761.3,3
1761.8,38
1762.0,15
1762.1,20
1762.9,0
1763.0,13
1763.3,17
1763.9,4
1764.2,29
1765.4,19
1765.5,8
1765.5,33
1766.8,28
1767.0,11
1767.4,2
1767.5,14
1768.6,21
1769.0,1
1769.7,32
1770.4,26
1771.0,36
1771.4,39
1771.6,12
1772.0,6
1772.0,7
1773.0,24
1773.3,34
1773.7,5
1774.5,35
1774.7,28
1774.8,18
1775.3,37
1775.7,23
1776.0,13
1776.0,27
1776.4,3
1778.9,8
1780.5,14
1780.7,29
1780.9,1
1781.3,17
1781.9,25
1782.5,13
1783.9,0
1784.2,7
1784.3,11
1784.4,38
1784.5,24
1784.5,33
1785.1,3
1786.1,12
1786.4,28
1787.1,4
1787.8,21
1788.7,22
1788.7,35
1789.5,19
1790.2,36
1790.7,26
1790.8,8
1790.8,18
1791.2,2
1792.2,1
1792.6,23
1792.8,17
1792.9,5
1793.2,10
1793.5,27
1793.8,37
1794.0,11
1794.0,15
1794.8,28
1795.2,3
1795.6,14
1795.7,24
1796.0,13
1797.8,7
1797.8,39
1798.0,29
1798.7,34
1800.5,4
1800.9,8
1803.7,28
1804.1,11
1804.9,1
1805.2,18
1805.4,38
1805.6,22
1805.9,0
1806.1,33
1806.5,10
1806.5,14
1806.5,17
1806.5,25
1806.7,24
1806.8,9
1806.8,12
1807.1,36
1807.3,3
1807.3,32
1807.4,29
1807.7,7
1807.8,5
1808.0,35
1808.1,27
1808.2,23
1808.5,26
1809.1,20
1809.5,13
1809.7,34
1812.0,21
1812.1,37
1812.9,28
1815.1,11
1815.4,15
1816.2,6
1816.3,19
1818.2,12
1818.3,8
1818.6,1
1819.0,24
1819.3,18
1819.5,34
1819.8,25
1820.4,29
1820.9,14
1821.1,13
1821.3,3
1821.4,22
1821.7,28
1822.5,23
1823.4,17
1823.5,2
1823.6,7
1824.1,4
1824.4,10
1824.6,37
1825.0,33
1825.3,11
1825.6,35
1826.2,36
1826.3,26
1826.5,18
1826.8,39
1828.5,0
1831.0,7
1832.8,21
1832.8,27
1833.2,28
1833.6,13
1833.7,38
1833.8,3
1833.9,8
1834.5,12
1834.7,17
1834.8,1
1834.9,24
1835.8,5
1836.3,29
1836.7,2
1838.2,10
1841.3,18
1842.0,25
1842.5,7
1842.5,23
1842.6,0
1842.6,14
1842.8,11
1842.8,36
1843.1,28
1843.1,33
1843.8,35
1843.8,37
1843.9,3
1843.9,4
1844.0,29
1845.8,32
1846.4,13
1846.4,30
1846.8,26
1847.1,17
1847.1,24
1847.5,1
1848.0,38
1848.1,8
1848.5,12
1850.6,28
1851.8,27
1853.3,18
1853.4,7
1854.0,5
1854.8,4
1855.2,3
1855.2,34
1855.8,21
1856.5,31
1857.4,29
1857.5,15
1857.5,26
1857.6,13
1857.7,36
1858.0,11
1858.0,33
1858.1,37
1858.4,24
1858.5,22
1860.1,0
1861.1,8
1861.3,28
1862.3,25
1862.6,1
1862.6,35
1863.4,12
1864.2,14
1864.3,2
1864.5,7
1864.8,38
1865.1,10
1865.2,23
1866.3,18
1867.6,13
1867.9,19
1868.0,20
1868.9,17
1868.9,24
1869.9,16
1870.5,3
1870.5,22
1870.7,26
1870.7,33
1871.0,28
1871.7,11
1872.6,29
1872.7,7
1872.7,27
1873.7,8
1873.8,5
1876.0,0
1876.8,34
1877.1,36
1877.4,14
1877.7,1
1877.7,13
1877.9,35
1879.8,37
1880.1,39
1880.5,6
1880.9,18
1881.0,10
1881.0,12
1882.4,3
1882.4,15
1882.7,38
1882.8,28
1883.4,21
1883.6,32
1883.7,29
1883.8,2
1883.8,23
1883.9,1
1883.9,8
1883.9,24
1883.9,25
1885.6,4
1886.1,7
1886.1,33
1886.7,35
1886.8,31
1886.9,26
1887.1,36
1887.2,11
1887.2,13
1887.7,22
1887.8,9
1888.2,14
1888.5,17
1889.4,18
1889.9,0
1890.0,19
1891.1,28
1893.7,7
1894.4,3
1894.4,24
1894.9,34
1895.5,8
1896.0,27
1896.2,2
1896.6,35
1897.9,5
1898.8,13
1899.7,36
1900.0,37
1900.2,29
1900.5,11
1900.6,18
1901.1,10
1901.4,33
1901.8,23
1902.0,12
1902.0,21
1902.5,4
1902.6,26
1903.0,7
1903.1,17
1903.1,28
1903.4,1
1903.4,8
1905.8,38
1906.6,25
1906.7,13
1906.9,14
1907.1,35
1908.2,22
1909.0,24
1910.2,3
1910.6,36
1911.6,27
1912.3,5
1912.3,28
1912.6,0
1913.1,1
1913.2,34
1913.7,20
1913.7,37
1914.2,18
1914.6,11
1914.9,19
1914.9,15
1916.0,23
1916.0,26
1916.1,3
1916.2,4
1916.7,7
1917.3,10
1917.7,29
1917.9,17
1918.2,32
1919.1,2
1919.2,35
1919.4,8
1919.5,12
1919.9,24
1920.0,21
1920.4,11
1920.5,6
1921.2,13
1921.4,33
1921.6,28
1926.9,14
1927.8,9
1927.8,37
1928.1,7
1928.3,39
1928.4,27
1929.0,26
1929.2,1
1929.7,3
1930.4,13
1930.7,25
1930.7,28
1930.9,38
1931.7,24
1931.9,34
1932.3,22
1932.6,11
1933.1,18
1933.4,0
1933.4,5
1933.4,10
1933.5,8
1933.5,29
1933.8,33
1934.1,23
1934.5,17
1936.3,35
1937.0,3
1937.2,4
1937.2,12
1937.5,19
1937.8,36
1938.4,27
1938.5,2
1938.7,13
1938.7,14
1939.9,7
1941.3,24
1943.0,21
1943.2,8
1943.4,1
1944.1,6
1945.0,28
1945.1,26
1946.5,29
1946.7,37
1946.8,11
1947.3,12
1948.8,0
1949.1,18
1950.6,3
1950.7,2
1951.4,24
1951.5,34
1951.7,36
1952.9,13
1953.0,27
1953.1,35
1953.5,33
1953.9,8
1954.1,22
1954.9,1
1954.9,28
1955.1,5
1955.2,7
1955.2,23
1955.2,38
1955.3,17
1955.3,39
1956.3,15
1957.0,25
1957.1,9
1959.3,18
1959.6,19
1959.7,11
1960.4,26
1961.7,0
1961.7,8
1961.7,12
1961.7,29
1961.7,37
1961.9,24
1962.0,32
1962.5,4
1962.7,21
1962.9,17
1963.0,3
1963.6,13
1965.6,10
1966.9,28
1967.2,36
1967.3,35
1968.4,2
1968.6,7
1971.5,1
1971.9,34
1972.0,29
1972.3,5
1972.8,18
1972.8,38
1972.9,3
1973.2,24
1973.7,8
1973.8,11
1973.8,27
1974.3,26
1975.4,9
1976.5,12
1976.6,17
1976.6,23
1976.7,33
1976.8,0
1977.0,14
1977.7,6
1977.7,37
1978.0,28
1978.1,7
1978.1,10
1980.4,21
1981.9,13
1983.2,11
1983.4,22
1983.4,25
1983.9,18
1984.0,29
1984.4,35
1984.5,24
1984.9,3
1985.2,31
1986.6,4
1986.7,36
1987.5,17
1987.9,33
1988.1,8
1988.2,7
1988.4,39
1988.6,28
1988.7,12
1989.6,13
1991.8,2
1991.8,19
1992.3,14
1993.1,37
1993.3,5
1993.3,34
1993.5,15
1993.5,27
1993.6,0
1993.7,1
1993.8,22
1993.9,38
1994.0,24
1994.1,3
1994.1,6
1995.1,7
1995.6,10
1996.6,26
1996.9,18
1997.7,28
2001.5,11
2001.7,29
2002.2,4
2002.2,17
2002.2,23
2002.2,35
2002.7,33
2003.8,21
2004.6,8
2004.6,13
2005.9,2
2006.6,0
2006.6,3
2006.6,12
2006.7,38
2007.3,7
2007.3,18
2007.4,37
2008.3,22
2008.5,1
2008.5,5
2008.9,32
2009.1,24
2009.1,36
2009.6,28
2011.9,11
2012.1,25
2013.0,17
2013.4,8
2013.8,29
2015.9,13
2016.0,33
2016.8,14
2016.8,35
2016.9,10
2017.1,7
2017.5,23
2017.6,34
2018.2,26
2018.4,27
2019.0,19
2019.6,1
2019.8,15
2021.6,28
2022.4,3
2022.5,24
2023.2,22
2023.2,38
2023.2,18
2023.9,8
2024.5,21
2026.1,11
2027.1,17
2027.4,7
2028.1,37
2028.3,29
2028.5,4
2028.5,39
2029.5,13
2029.6,36
2029.7,0
2029.7,14
2029.7,20
2030.2,2
2030.2,5
2031.0,25
2031.2,3
2031.5,12
2031.7,28
2031.8,24
2032.8,19
2033.5,23
2034.5,8
2035.2,10
2035.2,26
2035.6,34
2036.5,18
2036.6,33
2036.7,1
2037.6,21
2038.0,35
2038.6,7
2038.7,11
2039.0,29
2039.2,13
2039.4,6
2044.0,3
2044.0,31
2044.2,17
2044.5,24
2044.9,37
2045.1,32
2045.4,28
2046.0,10
2046.0,27
2046.4,22
2047.2,7
2047.2,14
2047.7,12
2048.5,11
2048.8,38
2049.1,36
2049.5,4
2049.8,1
2049.8,23
2049.9,15
2050.4,5
2050.4,35
2050.6,8
2051.2,25
2052.3,18
2053.8,3
2054.0,28
2054.3,37
2054.3,39
2054.7,0
2054.9,2
2055.2,29
2055.4,21
2055.5,13
2056.0,26
2056.1,33
2056.7,34
2059.5,7
2059.6,8
2059.6,11
2060.5,24
2060.6,1
2060.6,38
2060.7,17
2062.8,27
2063.0,20
2063.3,36
2063.4,10
2064.0,28
2064.3,22
2064.7,12
2064.8,18
2064.9,21
2065.1,3
2065.1,14
2065.2,23
2066.0,15
2066.3,5
2066.3,13
2067.7,37
2068.2,8
2068.6,7
2069.5,26
2070.4,19
2070.6,25
2070.6,28
2070.9,11
2070.9,34
2071.0,4
2071.4,24
2071.5,29
2071.6,33
2072.6,36
2073.0,2
2073.3,1
2073.3,35
2073.8,38
2074.0,17
2076.0,18
2076.3,37
2077.1,21
2077.5,26
2077.6,3
2078.4,0
2079.3,14
2079.4,12
2079.6,7
2079.8,13
2080.4,23
2080.9,8
2081.0,24
2081.0,28
2082.3,22
2084.0,11
2084.1,29
2084.4,35
2085.1,27
2085.5,15
2085.8,25
2085.8,36
2086.0,38
2087.4,3
2087.7,34
2088.3,33
2088.6,1
2089.1,17
2089.9,18
2090.6,13
2090.9,7
2092.8,24
2092.9,9
2093.0,23
2093.7,4
2093.8,10
2094.1,3
2094.5,19
2095.0,28
2095.2,6
2097.6,5
2097.7,26
2098.2,1
2098.2,8
2098.9,11
2098.9,24
2099.0,33
2099.1,14
2099.1,39
2099.2,29
2099.2,36
2099.2,7
2099.6,37
2099.6,38
2099.8,35
2100.1,17
2100.5,12
2100.6,18
2100.6,22
2103.3,13
2103.3,25
2105.3,0
2105.3,28
2105.8,21
2106.9,2
2107.2,32
2107.3,23
2107.6,36
2107.8,27
2108.8,1
2109.1,37
2109.6,8
2110.1,3
2111.0,17
2111.8,35
2112.0,7
2112.3,11
2112.4,18
2112.8,12
2113.5,29
2113.6,28
2113.7,26
2114.6,5
2115.3,13
2115.6,38
2116.7,24
2117.3,33
2118.0,36
2118.5,10
2118.9,23
2119.2,34
2119.8,8
2119.8,3
2120.0,22
2120.2,21
2121.2,35
2123.1,7
2123.6,13
2123.6,28
2123.8,4
2124.6,1
2124.6,18
2124.6,26
2124.6,29
2124.8,31
2125.2,17
2125.3,14
2125.7,2
2127.7,12
2128.4,6
2129.7,27
2129.9,10
2130.9,24
2131.2,37
2131.3,23
2131.4,8
2131.7,39
2132.7,0
2132.9,11
2133.2,3
2133.2,21
2133.7,38
2136.0,19
2136.2,1
2136.7,28
2138.2,29
2138.6,7
2138.8,13
2140.6,18
2140.9,17
2141.1,26
2141.6,14
2141.9,5
2141.9,33
2141.9,4
2142.1,3
2142.1,9
2142.6,25
2142.7,8
2143.0,15
2143.0,24
2143.0,35
2144.4,12
2144.5,36
2144.9,22
2145.9,2
2146.1,37
2146.4,28
2147.5,11
2147.8,34
2148.0,1
2148.3,27
2149.0,7
2149.5,29
2149.6,13
2150.1,23
2150.4,0
2152.0,35
2152.4,26
2154.1,5
2154.6,24
2154.7,8
2154.7,38
2154.8,3
2155.2,39
2156.0,14
2156.7,7
2157.7,6
2157.7,25
2158.4,18
2158.4,21
2158.6,28
2159.6,13
2159.8,10
2160.6,1
2160.7,4
2161.1,36
2162.6,33
2162.7,17
2163.2,31
2163.3,12
2163.3,23
2163.3,24
2163.4,19
2163.8,8
2163.9,0
2163.9,11
2164.5,3
2166.2,1
2167.2,29
2169.5,34
2169.8,28
2170.5,7
2170.6,27
2171.2,37
2172.1,5
2172.4,21
2172.8,26
2173.1,13
2173.3,11
2173.3,14
2173.3,22
2173.3,38
2174.3,35
2175.6,8
2175.6,24
2177.3,3
2177.5,20
2177.5,28
2177.6,17
2177.7,18
2178.1,4
2178.5,1
2178.6,0
2178.7,15
2178.9,33
2179.0,25
2179.6,29
2179.9,2
2180.0,12
2181.2,10
2182.5,23
2183.0,36
2184.6,32
2185.1,7
2185.2,35
2185.4,5
2185.5,24
2185.9,26
2186.3,11
2186.5,37
2187.4,29
2187.7,8
2187.8,13
2188.3,1
2188.4,28
2188.7,34
2189.3,12
2189.9,18
2190.2,3
2190.6,21
2190.7,27
2191.1,39
2192.0,19
2192.7,0
2193.9,17
2194.5,2
2194.5,14
2194.5,25
2194.8,24
2194.8,33
2194.8,38
2195.1,6
2195.2,26
2195.4,4
2195.6,22
2195.9,35
2197.3,13
2197.8,7
2198.3,10
2198.5,15
2199.4,8
2199.9,18
2200.0,11
2200.5,29
2201.3,36
2203.0,39
2203.1,28
2203.4,27
2204.4,3
2204.9,12
2206.6,1
2208.1,24
2208.5,14
2208.5,37
2208.7,8
2208.8,23
2208.9,20
2208.9,38
2209.1,5
2209.1,17
2209.9,26
2210.0,13
2210.0,31
2211.0,2
2211.0,18
2211.1,7
2211.7,35
2212.7,11
2213.3,33
2213.4,22
2215.4,25
2215.9,29
2216.4,0
2216.5,10
2216.6,36
2216.9,32
2217.1,34
2217.2,16
2217.5,4
2217.7,28
2218.3,3
2218.5,21
2218.6,38
2220.0,15
2220.0,27
2220.1,1
2220.8,7
2220.8,24
2221.1,35
2221.7,8
2221.8,37
2223.9,14
2224.4,12
2225.9,13
2226.4,11
2226.7,6
2226.9,3
2228.0,26
2228.1,18
2228.4,17
2228.6,2
2228.8,23
2229.2,35
2229.6,7
2229.6,33
2230.2,24
2230.8,28
2231.2,19
2231.7,36
2231.9,9
2233.4,5
2233.7,10
2233.9,27
2234.2,29
2234.9,37
2235.1,8
2235.1,38
2235.6,26
2235.9,25
2236.0,1
2236.0,21
2236.2,7
2239.6,11
2239.9,28
2240.2,22
2240.3,4
2240.5,18
2240.6,24
2240.8,13
2240.9,12
2241.4,39
2241.5,36
2242.0,14
2243.0,34
2243.0,35
2244.1,17
2244.6,3
2246.3,0
2246.7,8
2247.5,28
2250.2,7
2250.6,29
2250.9,26
2251.7,33
2252.3,27
2253.1,23
2254.4,5
2254.4,6
2254.6,35
2254.7,24
2254.7,36
2255.1,21
2255.5,19
2255.6,2
2256.0,1
2256.1,13
2256.3,38
2256.9,25
2258.4,11
2258.9,8
2259.2,3
2259.8,15
2260.1,28
2260.8,18
2261.5,26
2261.8,17
2262.8,37
2263.2,34
2263.9,7
2264.0,29
2264.4,14
2264.5,20
2264.9,22
2265.4,32
2265.6,0
2265.6,10
2265.7,12
2268.5,24
2268.8,4
2269.4,28
2269.5,13
2269.8,27
2270.1,35
2270.4,11
2271.0,5
2271.1,7
2271.1,21
2271.2,36
2271.8,3
2271.9,1
2272.0,23
2272.7,39
2273.7,33
2273.8,26
2273.8,29
2274.7,2
2275.0,38
2276.2,25
2276.5,8
2278.4,18
2281.2,28
2281.3,12
2281.3,19
2281.4,24
2281.7,11
2282.2,13
2282.2,35
2282.8,1
2282.9,3
2283.5,17
2283.7,7
2283.8,18
2284.5,4
2284.5,9
2284.7,27
2284.8,10
2288.1,21
2290.3,26
2290.4,13
2290.6,15
2290.7,14
2290.8,29
2290.9,37
2291.0,0
2291.6,3
2291.6,36
2291.8,5
2292.1,32
2292.2,38
2292.3,1
2292.3,22
2292.4,11
2292.4,28
2292.8,39
2293.0,34
2293.5,8
2294.4,24
2294.5,23
2294.8,12
2296.2,18
2297.7,25
2298.0,10
2298.4,6
2298.7,35
2298.9,33
2299.1,2
2299.4,20
2299.7,7
2300.1,17
2301.9,14
2302.1,13
2303.4,26
2303.6,27
2303.7,3
2305.0,1
2305.5,12
2306.1,37
2306.2,8
2306.6,28
2306.9,11
2307.3,24
2308.0,36
2309.3,5
2309.3,33
2309.3,38
2309.6,4
2309.6,29
2310.4,18
2310.6,7
2312.8,0
2313.6,22
2313.8,25
2313.9,23
2314.0,17
2314.9,19
2315.3,14
2315.8,21
2316.2,10
2316.4,3
2317.1,35
2320.0,13
2320.2,7
2320.2,8
2320.4,29
2320.6,24
2320.9,28
2321.3,9
2321.4,11
2321.7,27
2321.8,37
2321.9,34
2322.2,18
2323.1,31
2324.7,22
2324.8,1
2325.6,12
2326.7,17
2326.8,5
2327.5,2
2327.5,35
2328.1,33
2328.5,3
2328.9,21
2328.9,34
2329.0,19
2329.4,25
2329.6,18
2329.6,26
2329.8,29
2330.1,11
2330.2,36
2330.5,28
2330.7,7
2331.5,8
2332.2,15
2333.2,38
2333.7,23
2334.2,24
2334.3,13
2334.4,14
2334.6,39
2335.0,6
2335.7,27
2335.8,0
2336.5,10
2336.7,4
2337.2,1
2338.1,37
2339.0,28
2339.8,3
2342.0,8
2342.2,17
2342.5,13
2343.3,18
2343.8,11
2345.2,29
2345.6,33
2345.8,35
2346.3,12
2347.3,1
2348.6,25
2349.0,32
2350.1,26
2350.9,7
2350.9,21
2351.1,15
2351.1,22
2351.4,34
2351.5,2
2351.5,36
2351.8,24
2352.0,4
2352.0,28
2352.4,18
2352.6,10
2352.7,9
2353.2,5
2353.3,0
2353.3,14
2353.7,8
2353.7,13
2353.7,38
2353.9,3
2353.9,27
2354.4,33
2354.6,37
2354.7,12
2354.9,19
2356.1,29
2359.8,28
2361.2,11
2362.2,31
2363.1,23
2363.4,17
2363.5,24
2363.5,35
2364.0,1
2364.2,26
2364.4,7
2364.5,5
2364.6,13
2364.6,21
2365.1,10
2365.1,22
2365.9,33
2366.0,6
2366.2,18
2366.2,36
2366.5,4
2366.6,8
2366.7,39
2368.4,29
2368.9,3
2369.0,27
2369.4,28
2371.6,7
2372.2,0
2373.4,37
2373.6,12
2374.2,14
2374.2,26
2374.8,34
2375.0,36
2375.1,13
2375.5,3
2375.7,38
2375.8,8
2376.0,11
2376.2,15
2376.6,18
2376.7,10
2377.2,25
2377.6,21
2377.7,23
2377.9,2
2377.9,24
2378.2,33
2379.7,28
2379.9,19
2380.9,29
2381.1,35
2381.4,7
2381.4,17
2382.6,4
2383.8,3
2385.1,5
2385.5,1
2385.6,13
2385.6,37
2386.9,27
2387.7,24
2388.6,20
2388.6,26
2388.7,11
2388.9,12
2389.2,29
2389.6,18
2390.0,8
2390.3,28
2390.4,0
2391.5,10
2392.5,22
2393.0,15
2393.1,34
2394.0,2
2394.5,6
2395.0,14
2395.7,35
2396.3,3
2396.4,17
2396.5,33
2396.8,37
2397.2,13
2397.5,38
2397.7,39
2398.5,36
2398.8,1
2398.9,7
2399.0,19
2399.4,21
2400.5,18
2401.0,11
2401.1,24
2401.4,12
2402.0,26
2402.0,28
2402.0,29
2402.1,25
2402.5,23
2403.2,5
2404.0,14
2404.0,17
2404.1,8
2404.3,3
2405.8,10
2406.3,33
2406.6,22
2406.6,27
2406.7,7
2409.4,4
2409.4,37
2410.4,13
2410.5,1
2410.6,36
2411.9,28
2412.5,18
2412.8,29
2413.0,0
2413.7,35
2414.9,8
2415.2,24
2415.6,17
2416.1,26
2416.7,11
2417.3,25
2417.6,3
2418.0,10
2418.0,34
2418.6,38
2418.7,2
2419.0,23
2419.2,7
2420.4,12
2421.9,13
2422.0,1
2422.4,24
2422.7,35
2423.0,21
2423.1,28
2423.6,14
2423.7,18
2424.3,36
2424.4,8
2425.0,6
2425.1,22
2426.1,19
2426.1,33
2426.6,15
2426.7,27
2426.8,29
2427.1,26
2427.1,7
2427.4,11
2427.6,3
2429.0,5
2429.3,17
2429.5,4
2430.0,28
2430.2,0
2431.7,37
2433.4,24
2434.6,14
2435.1,39
2436.3,1
2436.3,13
2436.3,21
2437.7,10
2438.2,23
2438.2,36
2438.5,9
2438.6,12
2438.7,3
2439.3,35
2439.6,18
2440.2,8
2440.5,25
2440.6,7
2440.8,29
2440.8,38
2440.9,11
2441.2,2
2441.7,0
2441.9,24
2442.2,34
2442.8,17
2445.0,26
2445.3,19
2446.0,33
2446.0,36
2446.3,28
2447.2,21
2447.2,22
2447.3,37
2448.0,5
2448.2,3
2448.3,13
2448.5,7
2449.5,14
2450.0,35
2451.3,29
2451.4,1
2452.1,8
2452.6,4
2452.9,18
2453.2,27
2453.8,24
2454.1,17
2456.1,28
2456.6,15
2456.8,38
2458.4,32
2458.8,2
2458.9,11
2459.0,23
2459.3,12
2459.9,7
2460.5,3
2461.9,33
2462.2,29
2462.9,5
2463.0,10
2463.1,21
2463.3,13
2463.4,26
2464.5,0
2464.6,34
2465.2,25
2465.7,1
2465.7,17
2466.0,31
2466.1,24
2466.6,9
2466.7,4
2466.7,8
2467.0,28
2467.0,35
2467.3,18
2468.1,7
2468.3,6
2468.3,3
2468.6,36
2470.1,22
2472.2,38
2472.8,27
2473.2,12
2473.2,14
2473.4,29
2473.6,19
2473.6,33
2473.7,2
2474.1,23
2474.8,11
2474.8,37
2475.9,35
2476.5,13
2476.8,24
2477.2,39
2478.2,17
2479.4,3
2479.8,0
2479.9,28
2480.3,5
2480.5,8
2481.2,21
2481.3,18
2481.4,7
2481.5,23
2481.7,36
2483.7,25
2484.1,26
2484.2,15
2485.5,12
2485.6,10
2485.6,22
2486.1,1
2486.6,24
2487.7,6
2488.1,34
2488.1,29
2488.4,35
2488.5,14
2488.7,37
2490.9,17
2491.1,3
2491.2,27
2491.3,4
2491.3,28
2491.5,13
2491.7,2
2492.2,19
2492.3,7
2493.0,11
2493.5,8
2493.8,36
2496.3,29
2497.1,24
2497.1,38
2497.2,18
2498.2,5
2498.3,21
2498.6,33
2499.4,23
2500.3,28
2501.2,1
2502.0,9
2502.3,7
2502.4,12
2502.9,26
2503.2,29
2503.4,11
2503.6,32
2503.7,17
2503.8,34
2504.0,3
2504.0,22
2504.5,0
2504.6,37
2505.4,8
2505.6,19
2506.2,35
2507.8,13
2509.2,2
2509.4,18
2509.8,4
2509.9,36
2510.2,28
2511.0,10
2511.4,33
2511.7,14
2511.7,25
2512.8,24
2514.8,5
2514.8,7
2514.9,29
2516.0,35
2516.1,3
2517.5,20
2517.5,38
2517.9,1
2518.1,27
2518.3,17
2518.3,21
2518.4,11
2518.4,26
2518.5,0
2518.5,6
2522.0,8
2523.4,23
2525.1,3
2525.7,24
2526.6,37
2526.7,7
2526.7,33
2526.8,28
2527.0,29
2527.4,18
2527.5,5
2527.5,13
2528.5,36
2529.6,12
2529.7,2
2529.8,11
2530.3,26
2530.8,35
2531.4,8
2533.5,1
2533.5,27
2534.0,4
2534.0,19
2534.2,39
2534.5,38
2535.0,28
2535.1,21
2535.1,22
2535.6,10
2537.3,17
2537.6,24
2539.3,32
2539.4,23
2539.7,13
2539.8,7
2539.8,36
2539.9,29
2539.9,1
2540.1,18
2540.7,8
2541.1,14
2541.3,3
2541.3,11
2541.6,15
2541.8,25
2542.4,28
2542.8,0
2543.0,26
2544.5,35
2545.0,33
2546.0,37
2546.3,24
2548.1,21
2548.9,34
2549.1,2
2549.1,12
2549.4,7
2550.1,29
2550.6,4
2550.8,22
2551.0,3
2551.6,13
2552.1,28
2553.7,10
2553.9,6
2553.9,27
2554.0,8
2554.6,9
2554.8,1
2554.9,17
2554.9,18
2555.0,11
2555.0,5
2557.6,7
2559.1,24
2559.5,14
2559.9,0
2560.1,23
2560.2,26
2560.5,38
2560.7,20
2560.9,36
2562.0,13
2562.3,25
2562.7,19
2563.1,31
2563.3,4
2563.7,29
2563.8,28
2563.8,39
2563.9,37
2564.2,35
2564.3,33
2564.3,11
2564.7,12
2564.9,7
2565.2,3
2565.7,8
2566.5,21
2570.4,18
2571.6,4
2571.7,2
2571.7,15
2572.3,23
2572.5,5
2572.5,34
2572.8,28
2573.2,24
2573.3,17
2573.3,26
2573.8,1
2575.0,36
2575.7,35
2576.1,7
2576.1,13
2576.3,29
2576.5,38
2577.0,6
2577.4,27
2577.7,22
2577.8,8
2577.9,3
2578.1,37
2580.2,11
2580.4,14
2580.4,33
2580.6,28
2581.4,10
2581.6,12
2581.7,1
2582.6,18
2583.0,25
2586.2,7
2586.3,0
2587.4,3
2588.0,5
2588.0,19
2588.1,13
2588.2,26
2588.3,21
2588.3,32
2588.7,6
2588.9,36
2589.1,11
2590.5,29
2591.3,8
2591.7,23
2592.1,24
2592.1,28
2593.9,17
2594.5,12
2594.8,35
2595.0,2
2595.4,4
2595.8,33
2596.0,27
2596.1,37
2596.1,39
2596.7,3
2596.9,34
2597.1,38
2597.2,15
2597.3,7
2597.4,13
2597.4,18
2599.4,26
2600.4,28
2601.2,1
2601.4,8
2601.5,22
2602.4,9
2602.4,11
2602.7,24
2602.8,10
2603.0,0
2603.0,14
2604.0,25
2604.0,27
2604.3,29
2604.6,17
2605.0,21
2606.1,7
2607.5,5
2607.9,3
2608.8,35
2609.3,38
2609.9,26
2610.4,36
2611.2,13
2611.6,12
2611.6,18
2611.6,2
2612.4,7
2612.5,37
2612.7,33
2613.1,23
2613.3,28
2616.5,1
2616.8,3
2616.9,15
2617.0,14
2617.0,35
2617.2,24
2617.5,27
2618.1,11
2618.2,34
2618.3,13
2618.8,10
2618.8,19
2618.8,20
2618.8,22
2618.9,8
2618.9,31
2619.1,17
2619.6,4
2619.7,36
2619.9,7
2622.6,25
2623.0,29
2624.6,21
2624.8,26
2625.0,39
2626.1,32
2626.4,0
2626.7,28
2626.8,33
2627.3,3
2627.4,18
2627.4,38
2628.6,12
2629.6,35
2630.2,5
2631.8,24
2632.2,7
2632.3,1
2632.3,2
2632.5,37
2632.6,13
2632.8,14
2633.9,27
2634.1,26
2634.2,8
2634.7,3
2634.9,23
2635.0,29
2635.4,36
2635.5,22
2636.1,18
2636.4,11
2637.7,28
2637.9,4
2638.5,17
2639.3,25
2640.0,6
2640.9,21
2641.3,19
2641.7,10
2642.4,32
2642.5,34
2642.6,35
2643.3,15
2643.4,7
2643.4,24
2643.6,9
2643.9,12
2644.1,29
2644.3,2
2644.4,8
2646.4,37
2646.5,0
2646.5,39
2646.8,13
2647.1,28
2647.3,5
2647.4,11
2647.8,26
2648.5,27
2648.6,3
2649.0,38
2651.1,1
2651.5,33
2653.1,36
2653.5,14
2653.9,18
2654.0,7
2654.5,25
2654.9,22
2655.2,13
2655.4,24
2655.6,29
2655.8,28
2657.2,8
2658.5,23
2658.8,4
2660.9,26
2661.6,35
2662.2,3
2662.5,17
2662.7,5
2662.7,11
2662.8,10
2663.4,6
2664.5,12
2664.6,13
2665.4,37
2666.1,7
2666.1,28
2666.2,21
2666.8,39
2667.1,27
2667.4,1
2667.4,8
2667.4,33
2668.0,29
2668.0,24
2668.8,19
2669.5,36
2671.0,14
2671.2,2
2671.2,18
2671.5,38
2672.6,34
2673.1,7
2673.4,3
2673.7,23
2674.3,11
2675.3,0
2675.4,28
2678.0,13
2678.3,6
2678.5,22
2679.1,9
2679.1,21
2679.1,25
2679.2,12
2679.3,35
2679.5,4
2679.6,29
2680.0,24
2680.8,17
2681.4,10
2681.4,38
2681.5,8
2681.9,32
2682.2,2
2682.2,18
2682.3,3
2682.3,5
2682.4,26
2682.5,7
2682.6,36
2683.1,15
2683.8,27
2684.1,28
2684.1,37
2684.2,1
2684.4,33
2686.0,11
2686.0,13
2686.8,14
2688.3,0
2688.8,22
2689.7,3
2689.8,4
2689.8,39
2690.3,19
2691.0,5
2691.2,23
2691.6,25
2691.9,29
2692.2,8
2692.5,17
2692.5,35
2692.7,28
2693.6,12
2693.9,7
2696.0,24
2696.2,34
2696.4,10
2696.9,21
2697.2,18
2697.8,11
2697.8,26
2699.6,36
2700.0,13
2700.5,14
2701.4,8
2701.7,37
2701.9,28
2702.9,27
2703.1,38
2703.3,7
2704.5,23
2704.8,3
2704.8,29
2704.9,1
2705.2,2
2706.5,26
2707.0,25
2708.5,22
2709.3,10
2709.5,24
2709.9,0
2710.1,33
2710.3,8
2710.3,11
2711.2,4
2711.2,35
2711.5,34
2711.7,13
2712.0,5
2712.6,21
2712.7,17
2712.8,28
2713.3,36
2713.4,3
2713.7,14
2714.2,32
2714.3,18
2714.3,12
2715.0,7
2715.4,19
2715.8,1
2718.3,15
2719.2,11
2719.4,35
2720.2,24
2720.4,29
2720.7,23
2720.8,6
2720.8,37
2721.6,7
2722.2,20
2722.3,33
2722.4,2
2722.4,13
2722.8,26
2722.9,27
2723.0,25
2723.3,0
2725.0,8
2725.0,28
2725.6,3
2725.8,21
2725.9,38
2726.8,14
2727.0,5
2727.4,31
2727.7,7
2729.3,18
2729.7,12
2731.2,29
2731.4,34
2731.6,22
2731.7,17
2732.5,9
2732.5,10
2733.1,13
2733.3,24
2733.7,1
2733.9,28
2734.1,8
2734.1,11
2734.6,35
2734.6,39
2735.1,36
2735.3,33
2735.3,37
2735.4,2
2735.7,7
2736.1,38
2736.6,3
2739.2,4
2740.7,21
2740.8,26
2741.5,10
2741.8,27
2742.3,19
2742.4,25
2742.8,0
2743.0,14
2743.4,23
2744.2,18
2745.5,17
2746.3,24
2746.5,11
2746.7,28
2746.7,35
2747.4,7
2747.7,8
2747.9,13
2747.9,33
2748.6,29
2749.2,36
2749.3,34
2749.7,3
2750.8,26
2752.4,5
2753.6,28
2753.8,39
2754.0,18
2755.1,1
2755.5,22
2756.0,7
2756.4,20
2756.7,12
2758.1,2
2758.3,24
2758.4,23
2758.8,4
2758.8,27
2759.5,37
2759.8,36
2759.9,29
2760.0,14
2760.4,13
2760.9,3
2761.0,15
2761.1,38
2761.3,25
2761.6,33
2761.8,10
2761.9,8
2762.8,17
2762.9,11
2764.4,0
2764.4,26
2764.6,7
2764.9,28
2767.1,35
2767.3,32
2767.9,34
2768.1,24
2768.6,18
2769.4,21
2770.1,5
2771.2,3
2772.2,1
2772.3,13
2772.6,14
2772.6,36
2773.9,12
2775.2,8
2775.4,27
2775.7,4
2776.0,7
2776.0,28
2776.7,23
2776.7,37
2776.8,29
2777.0,11
2777.0,17
2777.1,10
2780.0,22
2780.1,39
2780.2,35
2780.6,26
2780.8,6
2781.5,19
2781.6,3
2781.8,24
2782.2,2
2782.8,1
2783.1,13
2783.5,8
2783.7,11
2784.5,25
2784.8,33
2785.0,29
2785.9,28
2786.1,18
2787.3,36
2788.3,31
2788.4,0
2788.4,7
2788.9,9
2789.5,21
2789.6,14
2790.5,38
2790.7,24
2791.0,10
2791.8,17
2791.8,27
2791.9,3
2793.0,5
2793.0,34
2793.2,12
2793.6,26
2794.7,23
2794.7,29
2796.3,28
2796.8,20
2797.3,35
2798.3,8
2798.7,13
2799.6,37
2800.3,36
2801.9,18
2802.3,33
2802.4,24
2803.2,1
2804.0,7
2804.5,25
2805.5,4
2805.8,14
2805.9,28
2806.2,11
2807.1,3
2807.2,17
2807.2,22
2807.6,10
2808.0,26
2808.2,2
2808.2,29
2808.8,5
2809.1,13
2809.2,38
2809.4,19
2809.9,12
2810.3,0
2810.3,34
2810.3,35
2810.8,32
2812.5,27
2813.7,24
2814.3,8
2814.6,7
2814.6,23
2814.9,1
2815.4,21
2815.7,36
2816.2,18
2816.7,28
2817.2,37
2818.6,11
2818.9,6
2819.1,33
2819.3,5
2819.5,4
2819.5,29
2819.5,38
2819.7,13
2819.9,26
2820.4,35
2820.6,3
2821.7,12
2822.6,17
2824.5,2
2825.0,8
2826.5,28
2826.9,25
2827.0,10
2827.3,11
2827.6,7
2827.6,24
2828.2,27
2829.2,13
2829.6,14
2829.7,1
2829.7,18
2829.7,39
2830.1,34
2831.1,36
2832.5,4
2832.6,3
2832.9,19
2833.1,17
2833.4,29
2833.9,23
2834.1,33
2835.2,8
2835.3,22
2835.4,12
2835.5,35
2835.9,28
2837.5,24
2838.0,0
2838.3,5
2838.6,30
2839.6,10
2839.7,7
2839.8,26
2839.9,9
2839.9,11
2840.0,15
2840.2,32
2840.4,21
2840.5,31
2840.6,38
2841.8,37
2842.9,3
2843.3,1
2843.6,13
2843.6,29
2843.8,27
2844.6,14
2844.7,18
2844.8,2
2844.8,8
2844.8,20
2844.8,36
2845.0,39
2845.4,28
2846.6,34
2846.7,7
2847.4,17
2847.6,24
2848.2,25
2849.8,23
2851.8,12
2852.4,27
2852.7,13
2852.9,35
2853.6,28
2854.1,11
2854.5,8
2855.5,3
2856.4,26
2858.0,18
2859.0,19
2859.1,1
2859.8,24
2860.4,7
2860.5,22
2860.6,4
2861.1,36
2861.3,29
2861.8,17
2862.1,8
2862.4,34
2862.8,13
2862.9,33
2862.9,37
2863.4,10
2863.7,11
2863.8,3
2864.6,38
2865.0,5
2865.2,14
2865.6,0
2866.0,2
2866.0,23
2866.1,28
2866.3,12
2866.4,6
2866.6,15
2866.6,21
2866.8,35
2867.1,1
2867.1,27
2869.5,25
2871.8,13
2871.8,24
2872.2,8
2872.3,18
2872.7,29
2873.2,36
2873.6,28
2873.6,26
2873.6,39
2874.4,3
2874.8,23
2876.5,7
2877.4,1
2878.6,17
2879.0,35
2879.4,14
2879.6,4
2879.6,27
2879.6,34
2879.7,0
2879.8,21
2880.1,19
2880.3,12
2880.6,33
2880.8,11
2881.9,8
2882.0,37
2882.2,13
2882.3,28
2882.5,10
2882.9,22
2883.5,2
2883.7,3
2883.8,9
2883.9,18
2884.6,29
2887.2,26
2887.7,7
2889.6,24
2889.8,36
2890.3,28
2891.2,5
2891.9,33
2892.8,25
2893.3,11
2894.1,35
2894.3,3
2895.1,12
2895.1,38
2896.6,0
2896.6,23
2896.8,13
2897.2,17
2897.4,8
2897.4,18
2898.3,4
2898.6,2
2899.0,7
2899.2,10
2899.5,28
2900.3,24
2900.9,26
2901.1,32
2901.4,6
2901.6,29
2901.6,34
2901.8,27
2902.5,39
2903.0,11
2904.0,5
2904.0,21
2904.1,1
2904.1,20
2905.1,3
2905.2,36
2905.4,37
2905.5,22
2905.6,17
2905.6,35
2906.0,33
2906.5,14
2906.6,25
2907.9,8
2908.2,7
2908.8,24
2909.1,28
2909.5,13
2910.5,18
2911.2,38
2911.6,19
2913.1,12
2913.8,4
2914.6,10
2914.7,11
2915.6,29
2915.9,27
2916.3,26
2917.1,34
2917.3,14
2917.5,1
2917.8,28
2918.3,2
2918.4,8
2919.1,22
2919.3,13
2919.3,31
2919.5,36
2919.9,0
2919.9,23
2921.2,18
2921.9,35
2922.4,7
2923.1,24
2923.4,25
2924.2,3
2924.3,33
2924.7,17
2927.1,5
2927.6,28
2928.4,13
2929.2,37
2929.6,39
2930.0,29
2930.3,8
2930.4,26
2930.7,15
2930.7,38
2931.1,12
2931.5,6
2931.6,3
2931.7,22
2932.1,17
2932.1,27
2933.1,1
2933.1,7
2934.8,19
2936.9,11
2937.0,28
2937.5,0
2937.7,14
2938.5,9
2938.6,24
2938.8,4
2938.8,36
2939.1,10
2939.2,8
2939.3,21
2940.3,35
2940.5,18
2941.0,38
2941.1,33
2941.6,5
2941.6,23
2942.0,13
2942.1,25
2942.3,39
2942.5,7
2942.6,34
2942.8,29
2942.9,3
2943.4,2
2944.6,12
2945.0,14
2945.3,37
2946.8,11
2947.8,22
2948.2,0
2948.2,28
2949.6,26
2949.8,17
2951.0,1
2951.9,8
2952.1,25
2952.9,27
2953.2,18
2953.3,33
2953.5,35
2953.8,4
2954.6,3
2954.9,24
2955.1,13
2956.1,7
2956.3,36
2956.7,28
2956.9,29
2957.2,6
2957.5,23
2958.1,10
2958.2,14
2958.2,39
2958.6,37
2960.3,38
2962.6,0
2963.6,11
2964.0,24
2964.1,13
2965.5,21
2965.6,5
2966.0,26
2966.2,29
2966.4,28
2966.5,1
2966.9,12
2967.3,7
2967.6,17
2967.8,2
2967.8,27
2967.9,15
2968.1,33
2968.5,3
2968.6,19
2968.8,25
2968.8,34
2969.0,8
2969.0,9
2969.7,4
2970.3,35
2970.4,14
2970.5,36
2970.7,22
2971.5,28
2974.1,18
2974.7,26
2976.2,21
2976.4,38
2977.4,0
2977.8,37
2978.0,13
2978.1,11
2978.2,7
2978.2,24
2981.5,3
2981.5,18
2981.5,28
2981.7,1
2982.0,20
2982.0,12
2982.0,29
2982.3,10
2982.3,27
2982.9,17
2983.0,8
2983.4,23
2983.5,5
2985.9,33
2986.1,22
2986.7,32
2987.7,35
2988.8,36
2989.2,13
2989.9,3
2990.2,7
2990.5,2
2990.5,4
2990.6,21
2991.0,29
2991.7,19
2992.2,14
2992.4,26
2992.5,34
2992.5,28
2992.9,11
2993.1,18
2994.2,37
2995.3,8
2995.4,17
2995.6,12
2995.7,0
2995.7,6
2996.2,38
2996.7,3
2997.2,5
2997.4,1
2997.5,25
2998.4,24
3000.3,27
3001.3,36
3002.1,14
3002.2,21
3002.3,15
3002.4,28
3002.9,23
3003.7,4
3004.2,2
3004.3,7
3004.8,10
3004.8,17
3004.9,33
3005.6,35
3006.3,8
3006.3,12
3006.6,11
3006.6,18
3006.6,26
3006.7,29
3007.2,13
3008.4,3
3009.6,22
3010.4,34
3011.1,24
3011.2,38
3014.0,7
3014.4,35
3014.9,11
3015.3,28
3015.3,37
3015.5,29
3015.9,39
3016.6,1
3016.8,0
3018.6,3
3018.6,36
3019.9,18
3019.9,25
3020.0,17
3020.3,8
3020.7,2
3020.7,33
3020.9,23
3021.1,5
3021.6,12
3022.4,13
3022.6,24
3023.4,21
3023.4,28
3023.7,7
3023.7,19
3024.0,4
3024.1,27
3024.9,35
3025.0,29
3026.0,11
3026.0,14
3026.1,18
3027.5,22
3028.7,37
3029.2,17
3029.4,34
3030.4,26
3030.6,38
3030.8,10
3031.6,1
3031.6,29
3031.7,8
3031.8,3
3032.0,13
3032.0,36
3032.1,15
3033.1,33
3033.2,0
3034.4,9
3034.7,6
3034.9,28
3035.7,24
3035.8,7
3035.9,18
3038.4,20
3038.4,38
3038.9,26
3039.1,25
3039.7,12
3040.2,22
3040.4,8
3040.7,4
3040.9,35
3042.0,17
3042.5,39
3042.8,14
3042.8,29
3043.0,21
3043.2,23
3043.4,3
3043.5,11
3043.6,27
3043.7,28
3044.8,1
3046.3,13
3047.9,7
3048.0,37
3048.4,24
3048.6,5
3048.9,18
3049.4,10
3050.6,26
3051.0,2
3051.0,36
3051.1,14
3051.6,19
3052.0,3
3052.1,17
3052.3,0
3052.3,22
3052.3,28
3052.4,8
3053.2,33
3053.7,12
3054.6,35
3054.9,4
3055.5,29
3058.1,11
3058.8,21
3059.2,15
3059.5,24
3059.6,1
3060.2,17
3060.4,34
3060.8,32
3060.9,13
3061.1,25
3061.5,7
3062.5,27
3062.7,3
3062.8,38
3063.0,23
3063.5,28
3064.0,18
3064.1,26
3065.8,37
3067.2,29
3067.8,33
3068.2,8
3068.4,36
3068.8,9
3069.2,5
3069.8,10
3070.0,14
3070.7,12
3071.0,11
3071.0,35
3071.2,4
3071.2,6
3071.7,7
3072.1,21
3072.3,2
3072.4,1
3072.5,18
3072.5,24
3072.9,19
3073.6,22
3075.2,28
3075.5,0
3075.8,3
3077.3,29
3077.4,17
3078.5,39
3078.6,20
3078.8,8
3079.0,27
3079.1,23
3079.2,25
3079.3,13
3080.7,1
3081.3,36
3081.4,10
3081.5,7
3081.8,24
3081.9,34
3082.0,26
3083.0,12
3083.4,38
3083.7,14
3085.5,28
3087.0,5
3087.0,29
3087.2,11
3088.5,33
3088.7,13
3088.9,3
3089.0,37
3089.3,15
3089.3,17
3089.7,35
3090.7,8
3090.8,19
3091.2,21
3092.3,7
3092.4,18
3092.9,2
3094.7,26
3095.6,28
3096.5,25
3096.8,22
3097.3,23
3097.5,10
3097.6,17
3098.2,38
3098.4,3
3098.4,24
3098.8,29
3098.9,33
3099.0,12
3099.2,27
3100.2,1
3100.5,8
3100.8,34
3102.8,4
3102.8,13
3102.9,36
3103.9,11
3103.9,35
3104.1,7
3105.0,5
3105.5,32
3105.9,0
3105.9,6
3105.9,12
3106.0,14
3106.0,18
3106.0,37
3106.5,3
3107.0,29
3107.2,26
3108.5,17
3108.5,24
3109.4,21
3110.0,19
3110.8,38
3111.6,39
3111.9,28
3112.2,25
3113.5,2
3113.5,7
3114.4,23
3114.6,8
3115.5,13
3115.6,1
3115.9,27
3116.7,24
3116.8,29
3116.9,26
3117.0,36
3117.2,3
3117.4,15
3118.7,11
3120.6,28
3121.6,4
3121.8,17
3121.8,33
3123.2,10
3123.3,5
3123.4,12
3123.5,19
3124.5,18
3124.7,24
3124.9,0
3125.1,25
3126.4,35
3126.7,8
3126.8,34
3127.4,1
3127.6,7
3128.4,6
3128.4,37
3129.0,29
3129.2,23
3129.3,28
3129.9,13
3130.0,21
3130.8,36
3131.2,3
3131.2,11
3131.6,31
3132.6,17
3135.3,39
3136.8,8
3137.3,27
3138.0,7
3138.3,24
3138.4,29
3139.4,14
3139.4,18
3139.4,38
3139.6,10
3140.0,36
3140.7,11
3140.8,35
3141.8,12
3142.4,0
3143.8,17
3143.9,26
3143.9,28
3143.9,37
3144.0,3
3144.9,7
3145.1,13
3145.1,5
3145.9,1
3145.9,22
3146.4,33
3147.4,23
3147.5,4
3149.5,2
3149.5,19
3149.7,25
3150.0,34
3150.3,8
3150.4,24
3150.5,36
3150.7,14
3150.7,38
3150.8,20
3151.2,28
3151.2,29
3151.6,21
3151.6,35
3151.9,13
3152.0,15
3152.7,12
3152.9,11
3154.5,10
3154.9,9
3155.0,3
3155.2,6
3156.1,18
3157.1,7
3157.6,27
3159.4,17
3159.9,26
3160.8,24
3160.9,1
3161.1,37
3162.2,33
3162.4,32
3162.5,0
3162.6,23
3162.7,13
3163.0,8
3163.2,21
3163.2,35
3163.8,28
3163.9,15
3164.2,5
3164.7,3
3165.3,4
3165.3,29
3166.6,7
3167.3,18
3167.4,11
3167.8,36
3169.7,34
3170.2,28
3170.6,14
3171.8,22
3172.0,12
3172.8,2
3172.9,38
3173.6,3
3174.1,8
3174.6,33
3174.7,1
3174.7,37
3177.7,25
3178.9,13
3179.3,17
3179.9,26
3180.2,0
3180.2,29
3180.4,24
3180.5,27
3180.6,4
3180.6,19
3180.8,7
3181.9,11
3182.3,23
3182.5,28
3183.1,15
3183.2,18
3183.8,32
3183.8,10
3184.2,39
3185.7,12
3185.7,34
3185.9,21
3186.0,1
3186.7,33
3187.3,3
3189.3,37
3189.7,14
3190.1,36
3190.2,13
3190.2,35
3190.4,8
3191.1,38
3191.3,26
3191.8,22
3191.8,29
3191.9,30
3192.0,6
3192.2,20
3192.4,24
3192.5,25
3192.9,2
3193.7,5
3193.7,27
3194.3,11
3194.9,7
3195.3,28
3196.5,17
3197.9,3
3199.2,0
3200.4,26
3202.1,33
3202.6,18
3203.4,14
3203.9,36
3204.3,21
3204.4,1
3204.8,13
3204.9,8
3205.1,38
3205.2,23
3205.5,35
3205.8,4
3205.9,29
3206.6,28
3207.0,24
3207.4,11
3207.9,37
3208.5,3
3209.4,34
3210.1,17
3210.6,18
3210.7,7
3210.8,36
3210.9,21
3211.0,25
3211.1,1
3212.7,12
3213.0,27
3214.6,33
3214.9,0
3215.1,3
3215.8,8
3216.6,24
3217.9,17
3218.5,2
3218.9,38
3219.0,29
3219.1,19
3220.4,7
3220.4,28
3220.7,15
3220.9,13
3221.0,20
3221.1,32
3221.5,5
3221.6,11
3221.6,23
3221.6,39
3222.3,10
3222.8,35
3223.7,27
3224.2,8
3224.6,4
3226.3,18
3227.2,37
3227.4,3
3228.4,26
3228.6,14
3228.8,1
3228.8,36
3229.7,12
3230.5,22
3230.6,7
3230.6,17
3230.8,2
3230.8,6
3231.2,29
3231.9,0
3232.3,11
3232.5,33
3232.6,28
3233.2,34
3233.3,25
3233.8,24
3234.4,13
3236.2,8
3238.4,3
3239.6,10
3239.6,35
3239.6,5
3239.9,20
3240.0,21
3240.8,18
3241.9,28
3242.3,14
3242.9,9
3243.0,7
3243.5,29
3243.6,0
3244.2,37
3244.4,38
3245.0,26
3245.6,11
3245.7,27
3245.9,17
3246.6,24
3247.2,36
3248.7,23
3249.0,13
3249.2,12
3249.3,4
3249.4,2
3249.4,39
3249.7,25
3252.0,8
3252.1,1
3252.2,18
3252.4,28
3252.4,7
3253.4,19
3253.7,35
3254.1,3
3255.2,33
3255.2,15
3255.7,6
3255.8,34
3256.3,14
3256.4,10
3256.4,5
3256.7,24
3257.9,29
3258.1,17
3258.8,21
3260.4,8
3260.7,13
3261.0,22
3261.1,4
3261.4,1
3261.9,12
3262.3,37
3262.4,3
3262.5,11
3263.0,38
3264.2,18
3264.6,36
3265.1,26
3265.5,20
3265.9,28
3266.2,35
3266.3,0
3267.0,7
3267.1,24
3267.1,32
3267.3,23
3267.3,27
3267.4,31
3269.8,33
3270.8,14
3271.4,13
3272.4,29
3273.5,8
3273.8,2
3274.9,34
3275.1,28
3275.2,11
3275.3,5
3275.5,17
3275.6,3
3276.1,24
3276.8,1
3277.0,18
3277.0,36
3277.8,12
3277.9,7
3278.1,37
3278.3,26
3278.5,35
3280.1,10
3281.5,21
3282.5,25
3282.7,29
3283.7,13
3283.9,27
3284.0,0
3284.3,11
3285.3,4
3286.3,24
3286.8,23
3287.0,3
3287.1,33
3287.3,6
3288.5,28
3288.9,26
3288.9,35
3289.0,1
3289.0,22
3289.0,38
3289.1,18
3289.2,8
3289.2,17
3289.2,29
3289.4,36
3289.9,7
3290.3,12
3290.5,19
3296.2,21
3296.4,15
3297.2,23
3297.3,28
3297.4,2
3297.5,25
3298.0,13
3298.1,10
3298.3,3
3298.4,11
3298.5,4
3298.9,18
3299.0,8
3299.1,24
3299.2,32
3299.2,37
3299.4,14
3299.4,39
3299.5,12
3299.5,19
3299.7,27
3299.9,22
3300.2,33
3300.2,35
3300.5,17
3300.6,26
3301.1,7
3302.1,29
3303.3,34
3303.5,5
3304.9,36
3305.3,1
3306.9,27
3307.5,18
3308.0,24
3308.3,20
3308.5,38
3308.7,7
3308.9,14
3309.1,8
3309.3,3
3310.2,12
3310.5,6
3310.7,28
3311.1,0
3312.9,4
3313.1,13
3313.3,25
3314.2,11
3315.2,37
3315.4,17
3316.2,29
3317.0,23
3317.7,26
3317.8,18
3318.2,33
3318.4,35
3318.7,3
3319.7,7
3320.3,28
3320.6,24
3321.0,34
3321.2,8
3321.8,2
3322.2,1
3323.1,39
3324.5,36
3324.6,21
3325.3,13
3325.7,10
3326.1,11
3326.2,5
3326.7,12
3326.8,14
3328.6,22
3328.8,18
3329.6,38
3330.1,35
3330.1,37
3330.2,20
3330.4,29
3331.3,17
3331.3,23
3331.3,25
3332.7,3
3333.0,26
3333.0,28
3333.3,7
3334.0,27
3334.6,24
3334.6,33
3335.1,13
3335.1,11
3335.3,19
3335.8,8
3335.9,0
3336.6,15
3336.8,10
3337.7,6
3338.2,36
3338.3,31
3340.5,1
3340.6,5
3342.1,18
3342.1,12
3343.7,2
3343.9,3
3345.4,4
3345.8,17
3345.9,7
3346.2,23
3346.7,24
3346.8,28
3346.9,13
3347.6,38
3347.7,39
3348.3,33
3349.1,11
3349.3,26
3349.4,37
3349.5,1
3349.5,29
3349.8,21
3351.1,27
3352.0,36
3352.3,8
3352.3,35
3353.2,3
3353.3,12
3353.4,0
3354.8,7
3355.2,22
3355.2,34
3355.7,17
3356.8,24
3357.4,18
3358.0,5
3358.5,14
3359.3,9
3359.5,36
3360.2,19
3360.3,15
3360.3,28
3360.8,8
3360.9,32
3361.4,25
3361.9,13
3362.0,23
3362.1,2
3363.0,6
3363.0,33
3364.7,3
3365.8,11
3365.9,27
3366.0,29
3366.5,7
3366.7,1
3367.3,21
3367.5,17
3367.5,18
3367.7,10
3368.0,26
3368.0,35
3368.0,38
3368.2,4
3370.9,28
3371.0,14
3371.3,8
3371.3,13
3371.4,22
3372.6,37
3373.2,24
3373.9,0
3373.9,3
3374.1,36
3374.5,20
3374.5,25
3375.4,33
3375.7,34
3376.6,23
3377.6,11
3378.7,28
3379.0,1
3379.3,29
3379.5,7
3380.8,12
3380.9,18
3381.3,8
3382.5,15
3383.4,13
3383.5,35
3383.8,26
3383.9,4
3384.0,14
3384.3,27
3384.5,38
3384.6,2
3385.1,25
3385.6,11
3386.6,33
3386.6,37
3386.7,3
3386.7,17
3387.1,19
3387.2,36
3387.3,29
3388.4,24
3389.1,28
3389.4,8
3389.6,10
3389.7,18
3390.2,5
3390.4,31
3392.2,7
3392.3,23
3394.1,26
3394.1,39
3394.3,13
3394.3,22
3394.6,1
3395.5,8
3396.3,36
3397.0,12
3397.8,33
3398.0,28
3398.5,35
3399.6,3
3399.6,24
3399.7,11
3400.0,29
3400.0,38
3400.1,10
3400.4,4
3400.4,34
3400.5,18
3400.7,6
3401.0,2
3401.0,13
3401.0,21
3401.3,25
3404.8,0
3405.7,1
3405.8,17
3406.1,15
3406.1,28
3406.2,27
3406.6,39
3407.4,23
3407.8,7
3408.5,8
3409.4,37
3409.6,5
3409.6,33
3409.7,29
3410.1,26
3410.8,13
3411.8,12
3412.1,14
3413.7,38
3415.3,3
3415.5,11
3415.6,21
3416.1,28
3416.6,24
3416.8,18
3417.2,36
3417.4,10
3417.7,7
3417.8,8
3417.9,22
3418.6,35
3418.9,1
3420.4,17
3420.4,25
3421.9,29
3422.2,19
3423.1,27
3423.9,26
3424.0,13
3425.4,38
3426.2,34
3426.3,2
3426.6,23
3427.0,28
3427.4,14
3428.4,6
3428.4,32
3428.8,3
3428.8,15
3429.6,4
3431.0,11
3431.4,8
3431.8,7
3431.8,12
3432.1,1
3432.1,24
3432.2,0
3432.3,33
3432.8,17
3432.8,36
3432.8,37
3433.0,35
3433.2,18
3433.2,29
3433.4,21
3435.9,26
3436.5,10
3436.5,13
3436.7,28
3438.6,5
3438.7,22
3439.0,3
3439.9,14
3440.0,8
3440.2,39
3440.6,27
3440.8,1
3442.0,4
3442.5,7
3442.6,38
3444.1,33
3444.1,34
3444.3,11
3445.2,19
3445.3,23
3445.5,17
3445.7,28
3446.4,29
3446.5,0
3447.0,24
3447.0,25
3447.3,10
3447.5,5
3447.5,36
3447.7,13
3448.2,15
3448.4,12
3449.2,35
3449.9,3
3451.0,26
3452.2,4
3452.5,20
3452.7,37
3453.0,27
3453.3,18
3453.4,22
3453.7,31
3453.8,7
3454.6,1
3454.8,11
3455.6,28
3457.1,8
3457.5,9
3457.8,21
3458.4,13
3458.6,38
3459.1,14
3459.3,24
3460.0,36
3460.1,29
3460.5,7
3460.5,17
3461.4,3
3462.3,35
3462.4,23
3463.1,33
3463.7,12
3463.8,0
3464.1,28
3464.5,26
3465.2,2
3465.6,10
3466.3,37
3466.5,11
3466.9,24
3467.3,22
3467.4,34
3467.6,4
3467.6,8
3468.5,25
3468.7,13
3468.9,27
3470.5,1
3471.7,18
3471.7,21
3472.0,15
3472.3,5
3473.1,6
3473.9,3
3474.1,12
3474.2,7
3474.2,8
3474.3,29
3474.4,19
3474.6,38
3474.8,17
3475.3,28
3475.6,26
3475.8,39
3476.2,36
3477.0,35
3477.8,33
3478.4,13
3479.3,0
3479.5,32
3481.8,14
3482.3,22
3482.4,11
3483.1,23
3483.8,10
3484.0,24
3484.6,34
3485.2,27
3485.4,7
3485.4,29
3485.5,4
3485.5,12
3485.6,35
3486.2,8
3486.5,1
3486.5,28
3486.6,18
3486.6,26
3487.2,5
3488.2,3
3489.3,21
3491.5,33
3491.8,36
3492.1,15
3493.1,13
3493.6,37
3494.3,17
3494.4,24
3494.4,38
3494.5,28
3496.2,11
3497.1,25
3497.9,2
3497.9,3
3498.2,1
3498.2,20
3498.9,29
3499.1,8
3499.5,22
3500.9,7
3501.6,12
3502.2,35
3502.5,23
3502.7,13
3503.0,33
3503.4,10
3503.6,34
3503.7,31
3503.7,27
3504.3,18
3504.3,14
3504.6,3
3505.2,0
3505.4,19
3506.6,28
3507.3,36
3507.9,29
3508.1,24
3508.9,4
3509.2,38
3509.7,17
3510.4,39
3511.2,5
3511.5,8
3511.7,26
3512.1,21
3512.5,37
3513.7,7
3514.0,13
3514.4,27
3514.9,1
3514.9,11
3515.3,32
3515.9,3
3515.9,33
3516.5,24
3516.7,28
3517.1,18
3518.9,12
3519.0,35
3519.4,29
3521.7,38
3522.3,10
3523.7,17
3523.8,7
3524.0,13
3524.4,11
3525.2,28
3525.5,36
3525.6,26
3526.6,1
3526.7,3
3526.7,21
3526.7,25
3526.8,0
3526.8,14
3527.4,8
3528.3,15
3528.5,34
3528.7,23
3529.5,4
3529.6,24
3530.0,6
3530.3,19
3530.5,9
3530.9,37
3531.0,22
3531.3,35
3531.5,29
3533.3,7
3533.6,18
3535.8,5
3536.2,28
3536.4,39
3536.5,13
3537.0,33
3537.1,12
3537.3,36
3538.3,27
3538.4,8
3538.6,11
3538.8,2
3540.3,7
3540.3,1
3540.8,14
3541.0,38
3541.6,17
3542.6,3
3542.7,0
3543.1,22
3543.4,37
3543.9,18
3544.2,24
3544.2,34
3544.3,26
3544.5,28
3544.9,35
3545.2,4
3545.2,10
3545.4,29
3545.9,23
3546.3,25
3546.8,12
3548.1,7
3548.4,5
3548.6,13
3550.3,1
3550.9,19
3552.5,8
3552.5,21
3553.3,27
3554.0,36
3554.3,17
3554.4,18
3554.8,24
3554.8,26
3555.0,0
3555.2,13
3555.5,15
3555.5,28
3556.1,11
3556.1,38
3556.6,33
3556.7,3
3558.2,29
3559.8,14
3561.1,7
3561.9,2
3561.9,8
3563.7,10
3564.0,24
3564.2,37
3564.4,32
3564.7,12
3564.9,22
3565.3,18
3565.3,29
3565.3,31
3565.4,28
3565.7,25
3566.0,13
3566.1,17
3566.4,1
3566.4,35
3566.4,39
3567.6,36
3568.2,23
3568.3,27
3569.4,3
3571.3,33
3571.7,34
3572.1,4
3572.6,38
3573.2,11
3573.6,28
3574.8,21
3574.9,6
3575.2,35
3576.0,26
3576.4,37
3576.6,17
3576.9,5
3577.2,8
3577.2,24
3577.3,7
3577.4,12
3577.5,14
3577.5,20
3577.7,22
3577.8,13
3579.0,3
3580.0,18
3582.6,0
3582.6,36
3582.7,2
3583.5,33
3583.9,1
3584.7,23
3584.8,29
3585.3,26
3585.8,4
3586.4,7
3586.4,28
3586.7,27
3587.9,24
3588.1,3
3588.5,11
3588.5,14
3589.8,13
3589.9,18
3590.4,17
3590.9,29
3591.2,34
3592.5,8
3592.9,37
3593.1,10
3593.6,36
3593.7,5
3594.0,25
3595.4,15
3595.8,19
3596.1,22
3597.5,7
3597.6,26
3598.1,35
3598.6,3
3598.9,2
3599.1,12
3599.2,23
3599.2,27
3599.3,28
3599.5,24
3599.5,38
3599.6,39
3599.7,6
3600.5,0
3600.7,14
3600.7,18
3600.7,32
3600.9,33
3601.1,1
3601.6,4
3602.0,21
3604.8,8
3605.0,13
3605.2,17
3605.9,29
3607.0,37
3607.2,11
3607.6,36
3608.2,35
3610.0,14
3610.4,10
3611.0,24
3611.0,7
3612.1,3
3612.1,5
3612.1,26
3613.2,1
3613.4,0
3614.2,21
3614.2,28
3614.5,12
3614.8,8
3615.3,17
3615.3,18
3615.3,33
3615.4,19
3615.7,34
3616.2,4
3616.3,27
3616.4,11
3616.4,20
3616.4,23
3616.5,29
3616.8,13
3617.0,25
3617.7,24
3617.8,22
3620.9,2
3621.8,3
3622.1,32
3622.2,38
3622.4,36
3623.2,15
3623.6,7
3624.9,11
3625.2,28
3625.8,35
3626.0,26
3626.4,27
3626.9,13
3627.0,33
3627.1,25
3627.2,10
3627.2,37
3627.4,8
3628.0,1
3628.2,6
3629.0,23
3629.1,12
3629.6,18
3630.3,17
3630.3,24
3630.6,29
3630.7,3
3631.0,5
3631.7,9
3632.3,14
3632.8,4
3633.2,34
3633.3,21
3633.7,13
3634.2,11
3635.9,28
3636.4,22
3636.6,0
3637.0,15
3638.4,7
3638.9,8
3639.4,36
3639.6,35
3641.2,19
3641.2,24
3641.3,26
3642.9,2
3642.9,33
3643.1,18
3643.2,28
3644.2,34
3644.6,1
3644.7,3
3644.8,23
3645.5,10
3646.0,29
3646.4,7
3647.4,14
3647.9,37
3648.7,27
3649.4,8
3650.0,17
3650.6,25
3650.8,13
3650.9,11
3651.0,38
3651.4,0
3651.7,19
3652.5,39
3652.6,4
3652.6,12
3652.7,20
3653.1,28
3653.8,5
3653.9,22
3653.9,30
3654.4,6
3654.9,29
3654.9,36
3655.3,21
3655.5,18
3656.2,3
3657.6,26
3657.9,24
3658.7,7
3659.4,33
3659.7,23
3660.0,8
3660.0,35
3660.1,1
3662.1,10
3662.5,11
3662.7,29
3663.5,17
3664.3,13
3664.7,24
3664.8,2
3664.8,5
3664.9,14
3664.9,32
3665.9,3
3665.9,28
3666.6,18
3667.0,16
3667.9,12
3668.0,0
3668.0,21
3668.6,9
3669.2,36
3669.4,8
3670.1,38
3670.3,37
3671.5,7
3671.8,10
3672.3,25
3672.6,26
3672.7,24
3672.8,27
3672.9,19
3673.3,1
3674.0,29
3674.4,28
3674.9,3
3675.7,17
3676.3,13
3676.5,33
3677.1,34
3677.3,4
3677.3,36
3678.5,23
3679.2,18
3679.3,22
3679.9,35
3680.4,11
3680.9,21
3681.1,7
3682.6,8
3683.0,3
3683.5,14
3683.6,13
3684.0,26
3684.2,0
3684.4,6
3684.8,2
3684.9,25
3685.0,28
3685.7,17
3686.3,10
3686.8,15
3687.2,37
3687.3,12
3687.6,18
3689.5,1
3689.6,27
3690.4,24
3690.7,23
3692.0,11
3692.5,36
3693.5,38
3693.6,20
3693.9,3
3694.6,7
3695.0,26
3695.1,29
3695.1,39
3695.3,33
3695.3,35
3695.6,8
3696.2,19
3696.3,28
3696.7,21
3696.9,5
3697.7,0
3698.1,34
3698.7,32
3698.8,14
3699.5,10
3699.6,24
3701.1,13
3701.9,22
3702.8,4
3702.9,18
3703.0,37
3705.1,7
3705.3,1
3705.3,17
3705.7,27
3705.8,11
3705.9,8
3707.5,23
3707.6,3
3708.0,15
3708.5,2
3708.8,12
3709.0,29
3709.2,36
3709.4,13
3709.5,28
3709.8,24
3709.9,5
3711.5,26
3712.0,35
3713.0,18
3713.0,21
3713.3,37
3715.3,3
3716.2,9
3716.2,17
3716.8,0
3716.8,11
3717.1,7
3717.1,33
3717.1,39
3717.3,14
3718.4,8
3718.4,25
3718.4,36
3718.7,19
3719.9,13
3720.0,4
3720.0,10
3720.7,28
3721.6,26
3721.9,38
3723.1,1
3723.1,20
3723.2,24
3724.5,7
3724.5,35
3725.0,12
3725.1,22
3726.2,29
3727.2,3
3727.2,27
3729.3,18
3729.5,8
3729.7,23
3730.0,34
3730.2,33
3730.6,13
3730.9,21
3731.3,36
3731.3,37
3733.0,5
3733.0,7
3733.3,17
3733.3,28
3734.1,2
3734.9,31
3735.8,24
3735.8,26
3736.5,4
3736.9,0
3736.9,29
3737.3,27
3737.6,1
3738.2,11
3739.4,35
3739.5,38
3739.8,22
3741.3,3
3741.3,12
3741.4,18
3741.9,25
3742.7,19
3742.9,13
3743.1,8
3743.6,6
3743.7,10
3743.9,28
3744.0,15
3745.2,26
3745.9,5
3746.0,7
3746.6,2
3746.6,17
3747.1,11
3747.3,1
3748.0,29
3749.0,36
3749.7,28
3750.2,21
3750.2,27
3750.4,24
3750.5,4
3750.6,33
3750.7,23
3752.2,35
3752.4,14
3753.1,34
3754.5,3
3755.1,38
3755.2,0
3755.8,8
3756.1,37
3756.7,32
3756.8,7
3757.4,17
3757.7,25
3758.2,12
3758.4,18
3758.6,13
3759.0,22
3759.2,39
3759.3,10
3759.7,11
3760.3,29
3761.6,28
3761.7,24
3762.0,26
3763.6,1
3763.9,23
3763.9,27
3764.0,3
3764.3,21
3766.5,6
3766.8,7
3768.2,35
3768.7,36
3768.9,19
3768.9,20
3769.3,33
3769.4,0
3771.0,8
3771.0,11
3771.2,1
3772.5,28
3773.2,2
3773.2,37
3773.3,4
3773.4,29
3773.7,5
3773.7,17
3773.8,27
3774.2,24
3774.5,10
3775.0,12
3775.0,13
3775.0,26
3775.3,22
3775.4,15
3775.5,25
3775.6,18
3775.7,21
3776.4,3
3776.4,23
3776.4,39
3779.2,7
3779.6,8
3779.6,34
3780.0,33
3780.3,14
3781.4,0
3781.4,38
3781.6,19
3782.1,28
3784.3,11
3785.4,13
3786.2,12
3787.3,18
3787.7,24
3788.1,35
3788.2,3
3789.3,26
3790.7,8
3790.8,36
3791.0,29
3791.1,7
3791.2,10
3791.4,37
3792.1,1
3792.2,2
3792.2,5
3792.2,9
3792.8,27
3793.1,34
3793.3,21
3793.9,28
3796.3,0
3796.5,17
3797.2,25
3797.8,24
3798.2,4
3798.5,13
3799.0,33
3799.0,36
3799.2,38
3799.5,7
3799.6,23
3799.7,18
3799.8,39
3800.0,6
3800.1,12
3800.5,8
3801.6,22
3802.1,11
3803.0,3
3804.0,26
3804.0,1
3804.6,15
3805.1,19
3806.7,17
3806.8,34
3807.2,21
3807.2,35
3807.4,32
3807.7,14
3808.9,29
3809.8,33
3810.1,24
3810.3,10
3810.5,13
3810.7,23
3810.7,28
3810.9,8
3811.8,11
3811.8,36
3812.3,7
3812.3,27
3812.9,5
3814.7,3
3814.7,37
3815.5,18
3816.0,12
3816.5,1
3816.6,25
3817.3,17
3817.4,39
3817.8,38
3818.0,35
3818.3,8
3818.7,26
3819.3,28
3819.8,24
3820.1,9
3821.3,2
3821.7,0
3821.9,29
3822.3,4
3822.3,21
3822.5,11
3823.5,31
3823.8,7
3823.9,27
3824.4,10
3824.4,34
3824.8,6
3824.8,18
3825.1,3
3825.1,33
3825.8,13
3829.3,36
3829.4,5
3829.4,8
3829.8,28
3830.5,29
3830.8,1
3830.9,23
3830.9,37
3831.2,39
3831.9,25
3833.7,32
3834.0,7
3834.4,22
3834.4,26
3835.2,12
3835.7,13
3835.7,14
3836.0,24
3837.5,4
3838.2,33
3838.7,3
3839.1,11
3839.4,8
3839.6,35
3839.8,0
3839.9,28
3840.1,38
3840.6,10
3840.8,17
3840.8,36
3841.1,18
3843.2,21
3845.2,7
3845.7,27
3845.9,34
3846.0,26
3847.0,13
3847.3,12
3847.4,29
3847.4,35
3847.5,14
3848.3,37
3848.9,15
3849.6,36
3850.1,24
3850.5,22
3850.7,3
3850.8,28
3850.9,5
3853.0,2
3853.1,23
3854.5,7
3854.7,1
3854.8,11
3854.9,18
3855.1,8
3855.5,26
3856.0,25
3856.1,17
3857.2,21
3857.9,13
3858.3,31
3858.7,6
3858.8,12
3858.8,35
3858.9,20
3859.0,24
3859.2,14
3859.3,33
3859.5,23
3860.3,3
3860.3,28
3860.3,38
3860.5,29
3862.5,10
3862.8,0
3863.9,4
3864.1,19
3865.6,11
3865.7,36
3866.3,8
3866.4,27
3866.5,1
3866.5,7
3866.5,39
3867.4,34
3868.2,26
3868.3,5
3869.3,3
3869.8,24
3871.4,33
3872.5,13
3872.6,38
3872.7,28
3872.7,29
3873.2,25
3873.8,22
3874.2,18
3874.3,6
3874.3,17
3874.3,35
3877.8,12
3878.2,37
3878.3,11
3878.6,7
3880.7,34
3881.0,10
3881.2,3
3881.3,13
3881.4,28
3881.6,14
3882.1,4
3882.2,23
3882.3,15
3883.5,21
3883.9,24
3884.2,26
3885.1,36
3885.3,0
3885.8,1
3886.6,8
3888.2,18
3889.1,5
3889.4,17
3889.7,25
3890.4,11
3890.5,29
3890.6,35
3890.9,7
3890.9,13
3891.9,12
3892.1,23
3892.2,27
3892.3,28
3892.4,19
3892.4,32
3893.0,3
3893.4,38
3893.7,8
3894.1,10
3894.1,24
3894.2,37
3894.4,2
3894.5,22
3894.6,33
3895.3,20
3897.7,7
3898.3,4
3899.2,14
3899.8,28
3900.1,1
3901.2,36
3901.4,35
3901.6,29
3901.8,11
3901.8,26
3902.1,18
3902.2,34
3902.3,0
3902.3,17
3902.5,21
3902.8,8
3903.0,3
3905.0,33
3905.2,13
3905.9,27
3906.0,12
3907.0,22
3907.3,31
3907.5,7
3907.9,25
3908.4,10
3908.5,23
3912.2,24
3913.0,8
3913.0,28
3913.4,38
3913.5,21
3913.5,26
3913.8,15
3914.3,11
3914.5,2
3914.5,9
3914.6,3
3914.7,18
3914.7,35
3915.2,5
3915.2,6
3915.2,37
3916.0,34
3916.1,7
3916.4,39
3916.5,13
3917.4,36
3918.1,1
3918.6,0
3919.0,29
3919.3,28
3919.5,14
3920.0,22
3921.8,24
3922.6,17
3923.5,19
3923.9,10
3924.3,8
3924.4,35
3924.6,23
3924.8,12
3925.5,7
3925.9,13
3926.0,3
3926.2,26
3926.4,4
3926.8,11
3927.7,37
3927.9,27
3928.1,34
3928.5,18
3929.0,32
3929.0,33
3930.0,28
3930.7,21
3931.0,36
3931.4,14
3931.6,24
3932.6,5
3933.2,25
3935.2,29
3935.3,1
3935.6,3
3936.7,11
3936.8,13
3937.7,28
3937.8,2
3937.9,38
3938.1,8
3938.4,7
3938.9,12
3940.8,20
3941.4,22
3941.9,26
3942.3,37
3942.7,23
3942.7,24
3942.7,33
3942.8,0
3943.1,36
3943.7,17
3945.7,18
3946.2,28
3946.3,27
3946.5,25
3946.9,29
3947.0,7
3947.0,11
3947.1,35
3948.3,1
3948.3,3
3948.9,8
3949.8,13
3949.9,14
3950.9,19
3951.4,6
3951.6,4
3951.6,5
3951.6,38
3951.8,21
3951.9,10
3952.2,34
3953.2,12
3953.2,24
3955.2,23
3955.2,39
3955.5,18
3955.7,28
3955.9,9
3956.7,2
3956.7,29
3956.7,36
3957.6,17
3958.0,1
3958.2,33
3958.3,11
3959.8,8
3960.3,7
3960.6,3
3962.0,26
3963.7,13
3965.1,25
3965.2,37
3965.4,10
3965.4,24
3966.2,3
3966.4,27
3966.6,14
3967.5,6
3967.6,35
3967.9,15
3968.7,23
3969.7,8
3970.3,5
3970.3,12
3970.7,4
3970.7,34
3970.7,36
3971.4,18
3971.5,0
3971.6,22
3972.3,7
3973.0,28
3973.1,29
3973.2,38
3973.4,1
3973.7,11
3974.2,33
3975.7,17
3976.4,25
3976.6,21
3977.0,19
3977.6,3
3978.0,13
3979.2,10
3979.3,24
3980.1,8
3983.3,7
3983.9,26
3984.1,34
3984.2,28
3984.4,35
3984.5,37
3984.9,33
3985.5,2
3986.0,8
3986.0,11
3986.0,18
3986.0,29
3986.3,27
3986.4,14
3986.9,12
3987.1,17
3987.9,13
3988.8,10
3989.2,22
3990.0,0
3990.3,21
3990.4,9
3990.9,36
3991.3,3
3992.5,4
3992.7,1
3992.9,18
3992.9,28
3994.2,25
3994.3,8
3995.3,24
3995.5,38
3995.6,5
3996.3,23
3997.4,14
3997.8,7
3999.9,3
4000.4,29
4001.9,6
4001.9,13
4002.2,17
4002.2,28
4003.1,12
4003.7,21
4003.7,1
4004.0,11
4004.0,33
4004.2,19
4005.2,5
4005.4,24
4005.6,22
4005.6,35
4006.0,26
4006.2,8
4007.6,27
4007.9,36
4007.9,39
4008.0,15
4008.0,18
4008.7,10
4008.8,9
4009.0,0
4009.4,7
4009.4,37
4009.5,3
4009.5,29
4010.2,2
4010.2,28
4011.0,4
4014.1,13
4015.9,17
4016.4,1
4016.4,34
4017.1,12
4017.4,11
4018.3,8
4018.8,38
4019.1,24
4020.0,23
4020.6,29
4020.8,28
4020.9,25
4021.3,33
4021.6,21
4021.7,0
4021.9,14
4022.0,36
4022.3,7
4022.4,18
4023.2,3
4023.4,13
4024.1,22
4024.2,4
4024.5,26
4025.0,24
4028.0,5
4028.5,6
4028.8,8
4028.8,15
4028.8,35
4029.0,12
4029.1,27
4029.5,37
4030.0,10
4030.2,2
4030.5,11
4030.7,28
4030.9,14
4031.1,17
4033.4,13
4036.5,29
4036.6,7
4036.7,25
4037.0,22
4037.6,1
4038.2,26
4038.2,36
4038.3,3
4038.3,18
4038.7,19
4038.7,24
4039.0,39
4039.6,27
4039.6,38
4040.2,10
4040.5,8
4040.6,23
4041.8,17
4041.8,35
4042.2,21
4042.3,14
4043.5,11
4044.2,5
4044.5,0
4045.4,34
4046.4,13
4046.7,33
4047.1,2
4047.1,3
4047.1,4
4047.2,28
4047.4,6
4047.4,37
4047.8,12
4048.3,25
4048.6,29
4048.8,18
4048.8,36
4049.1,38
4049.2,7
4053.6,26
4053.7,1
4054.0,20
4054.7,24
4054.8,8
4055.0,11
4055.1,27
4055.3,35
4055.7,15
4056.1,32
4056.5,23
4056.6,28
4057.0,21
4057.1,13
4057.2,7
4058.8,14
4059.5,29
4059.7,4
4060.2,36
4061.3,0
4061.6,17
4061.7,38
4061.7,18
4062.3,22
4062.4,3
4062.8,5
4063.2,34
4063.5,2
4064.2,24
4065.0,19
4065.1,10
4065.3,37
4065.4,13
4065.6,12
4065.8,1
4067.2,31
4068.2,8
4068.6,28
4068.9,3
4068.9,7
4069.0,11
4070.3,33
4070.7,35
4071.3,14
4071.4,15
4071.9,24
4072.7,17
4072.7,29
4073.0,27
4073.9,26
4076.5,36
4076.6,18
4076.9,12
4077.2,21
4077.3,7
4077.8,8
4078.3,1
4078.7,13
4079.1,25
4079.2,28
4079.4,3
4080.4,11
4080.8,39
4081.0,23
4081.6,6
4083.3,35
4083.3,38
4084.2,24
4084.6,5
4085.3,12
4085.7,26
4086.0,4
4086.3,37
4086.9,2
4087.1,14
4087.2,17
4087.6,8
4087.6,34
4088.0,20
4088.5,10
4088.5,33
4088.5,36
4089.5,18
4089.5,22
4089.6,29
4090.3,3
4090.6,13
4092.1,27
4092.5,1
4092.5,28
4092.7,0
4092.7,23
4092.8,7
4092.8,9
4092.9,11
4093.1,15
4093.7,25
4094.5,19
4095.3,24
4095.5,35
4097.0,26
4097.3,8
4099.3,12
4099.8,17
4099.8,36
4100.3,4
4100.4,6
4100.6,7
4102.5,33
4102.8,21
4103.3,13
4104.0,2
4104.3,22
4104.3,3
4104.9,38
4105.1,11
4105.3,28
4105.5,34
4105.7,29
4105.9,20
4105.9,24
4106.0,25
4106.1,10
4109.0,23
4109.0,35
4109.3,18
4110.1,27
4110.9,14
4111.0,7
4111.3,1
4111.5,17
4111.6,5
4112.7,28
4113.2,8
4113.4,3
4113.5,19
4114.2,26
4114.6,13
4115.4,0
4115.6,32
4115.9,24
4116.2,37
4116.2,4
4116.5,36
4116.7,10
4117.0,15
4117.8,33
4118.2,29
4119.4,12
4121.7,18
4122.0,38
4122.3,35
4122.9,17
4123.0,6
4123.0,8
4123.1,22
4123.4,13
4123.5,11
4123.6,28
4124.5,2
4124.7,7
4125.7,34
4125.7,3
4127.1,21
4128.1,1
4128.7,23
4128.7,31
4129.1,14
4129.5,24
4129.5,25
4130.7,29
4130.7,33
4131.0,27
4131.3,26
4132.5,37
4132.6,28
4133.6,10
4134.0,17
4134.2,0
4134.2,36
4134.5,11
4134.9,7
4135.1,39
4135.7,18
4136.2,12
4136.4,13
4137.0,8
4137.9,29
4138.1,3
4140.2,1
4140.2,22
4140.4,24
4141.3,5
4141.9,28
4142.0,38
4145.6,17
4146.2,21
4146.7,26
4146.7,11
4147.0,29
4147.0,33
4147.8,34
4148.2,14
4148.4,9
4149.8,35
4149.9,37
4150.9,27
4151.0,36
4151.2,8
4152.0,19
4152.5,4
4152.7,7
4152.7,18
4153.1,25
4153.3,3
4153.3,12
4153.5,13
4154.1,28
4154.6,0
4154.9,23
4156.3,24
4156.5,10
4156.9,15
4157.3,29
4157.4,1
4160.0,2
4160.1,11
4160.2,8
4161.3,22
4161.3,26
4161.5,38
4161.6,28
4162.2,6
4162.2,17
4162.3,12
4162.3,13
4163.0,7
4164.4,35
4164.6,37
4164.8,19
4165.0,18
4166.3,5
4166.7,25
4167.4,20
4167.6,3
4168.7,24
4168.9,4
4169.1,1
4169.3,39
4169.5,17
4170.5,23
4170.5,33
4171.9,28
4171.9,36
4172.2,21
4172.6,32
4173.6,11
4173.8,26
4174.1,14
4174.3,27
4174.4,8
4174.4,10
4175.0,29
4175.2,34
4175.3,0
4175.5,13
4176.5,7
4176.7,12
4177.5,18
4178.6,2
4178.6,9
4180.1,3
4181.9,31
4182.2,35
4182.7,37
4183.2,4
4183.3,25
4183.8,23
4184.0,16
4184.3,29
4184.4,38
4185.1,17
4185.7,24
4185.7,28
4186.2,33
4186.3,11
4186.7,1
4186.9,8
4187.1,19
4187.1,22
4187.8,15
4187.8,39
4188.4,26
4188.6,5
4188.6,7
4189.2,10
4189.6,13
4189.7,14
4189.9,18
4190.2,3
4192.4,21
4192.9,36
4195.3,28
4195.5,38
4195.8,34
4197.0,27
4197.2,35
4198.1,8
4198.3,37
4198.5,22
4198.9,12
4199.3,0
4199.8,1
4199.9,18
4200.1,2
4200.7,7
4201.1,11
4201.3,33
4201.4,4
4201.4,26
4201.5,19
4201.6,3
4202.1,13
4202.6,24
4202.9,17
4202.9,25
4202.9,29
4204.6,28
4204.8,14
4206.8,10
4207.4,8
4210.4,36
4210.6,7
4210.9,23
4211.0,6
4211.1,35
4211.1,18
4211.6,4
4211.8,15
4211.9,22
4212.0,21
4212.2,24
4212.3,26
4212.8,38
4212.9,3
4213.2,11
4214.8,0
4214.8,33
4215.3,12
4215.3,13
4215.6,1
4216.2,34
4216.5,27
4216.5,28
4218.7,14
4218.9,32
4219.1,17
4219.4,29
4220.1,20
4220.2,5
4220.3,39
4220.5,36
4220.9,25
4221.0,8
4221.4,7
4221.6,35
4222.5,2
4224.6,19
4224.8,37
4225.6,18
4225.7,3
4226.0,15
4226.8,13
4226.8,28
4227.5,23
4228.4,34
4228.6,10
4228.6,12
4228.9,1
4229.0,22
4229.0,17
4229.6,14
4230.5,24
4230.7,21
4231.0,9
4232.0,11
4232.1,8
4232.1,29
4232.3,27
4233.0,7
4233.1,33
4233.2,26
4235.9,38
4236.0,28
4236.1,4
4236.5,36
4238.3,2
4239.2,3
4239.2,18
4239.7,35
4240.0,11
4240.2,13
4240.3,14
4240.9,25
4241.2,12
4241.2,21
4242.0,17
4242.8,0
4242.8,8
4244.1,37
4244.3,6
4244.7,1
4244.7,5
4244.8,26
4245.2,36
4245.5,7
4245.6,31
4245.8,28
4246.1,24
4246.3,34
4246.6,23
4247.3,22
4247.3,27
4247.3,33
4248.6,19
4249.2,2
4249.5,10
4249.7,3
4249.8,13
4249.8,29
4250.0,39
4250.6,38
4250.7,20
4251.9,8
4252.1,28
4252.5,12
4253.0,11
4253.3,17
4255.2,18
4256.0,7
4256.7,21
4256.7,26
4257.2,35
4257.5,24
4259.3,25
4259.8,0
4260.1,3
4260.7,36
4261.0,14
4261.9,1
4263.5,29
4264.1,37
4264.8,4
4265.4,28
4266.1,7
4266.1,11
4266.7,9
4266.7,18
4266.7,27
4267.1,2
4267.9,8
4268.5,6
4269.1,17
4269.3,3
4269.3,23
4269.5,12
4269.5,34
4269.7,13
4270.2,33
4270.6,35
4271.9,24
4272.8,36
4273.4,29
4274.0,1
4274.0,18
4274.0,22
4274.4,0
4274.6,11
4275.7,21
4276.2,12
4276.3,7
4276.4,5
4276.5,28
4277.5,8
4278.0,3
4278.7,26
4279.3,15
4279.3,38
4280.3,23
4280.4,10
4280.6,37
4280.8,14
4281.7,13
4282.4,4
4282.6,29
4282.7,24
4282.8,35
4282.9,25
4282.9,28
4286.0,18
4286.4,27
4287.3,11
4287.5,36
4288.0,19
4288.0,22
4288.1,7
4288.3,8
4288.6,39
4289.2,17
4290.3,2
4290.6,5
4293.2,3
4293.4,33
4293.7,26
4293.9,34
4294.2,24
4294.4,23
4294.5,28
4295.0,12
4295.0,29
4295.3,13
4295.8,18
4296.3,21
4296.9,36
4297.5,1
4297.6,0
4297.9,7
4298.2,35
4299.8,11
4300.0,14
4300.4,38
4300.5,6
4300.8,8
4300.9,22
4301.0,37
4301.2,10
4301.4,28
4302.0,26
4302.2,4
4302.7,25
4305.0,3
4305.9,17
4305.9,24
4306.2,2
4306.8,27
4306.9,23
4307.1,20
4307.8,13
4307.8,29
4307.8,39
4308.1,34
4308.3,18
4309.0,12
4309.6,4
4309.8,1
4309.8,33
4310.2,36
4311.3,38
4311.7,7
4312.0,5
4312.4,8
4313.2,14
4313.2,37
4313.2,19
4313.4,21
4313.5,35
4314.2,32
4314.7,28
4316.1,24
4316.8,11
4318.6,13
4319.7,3
4319.7,15
4319.9,6
4320.7,36
4321.2,18
4321.3,17
4321.5,26
4321.5,29
4321.7,38
4322.9,11
4323.0,4
4323.1,28
4323.2,27
4323.3,34
4323.5,0
4324.4,1
4324.4,33
4324.9,8
4325.3,7
4325.3,35
4325.4,25
4325.8,10
4327.1,13
4327.4,12
4327.7,19
4328.1,24
4328.6,2
4328.7,3
4328.8,22
4328.9,14
4329.8,23
4332.4,28
4334.0,29
4334.2,39
4335.1,5
4335.2,7
4335.6,11
4336.1,37
4336.1,17
4336.4,8
4336.9,36
4337.2,26
4338.3,24
4339.0,35
4339.3,33
4339.6,1
4339.8,18
4340.2,0
4340.2,9
4340.3,21
4340.6,13
4340.8,3
4341.2,38
4342.4,27
4343.1,10
4343.8,23
4343.8,29
4345.9,28
4346.7,34
4347.0,12
4347.2,7
4347.4,17
4347.7,37
4348.7,24
4349.2,13
4349.2,14
4350.0,6
4350.2,21
4350.4,2
4350.9,4
4351.1,8
4351.1,22
4352.1,1
4352.3,11
4352.8,27
4352.8,36
4353.2,3
4353.7,5
4353.7,7
4353.7,15
4353.8,18
4354.9,20
4354.9,25
4355.8,26
4356.2,28
4356.2,35
4356.5,33
4357.9,39
4358.3,38
4359.2,24
4359.5,10
4360.0,13
4360.7,23
4360.7,29
4360.9,4
4360.9,17
4361.5,21
4361.6,36
4361.7,8
4362.0,0
4362.0,14
4362.9,28
4363.3,3
4364.2,7
4364.9,37
4366.8,34
4367.7,19
4368.6,32
4369.3,33
4369.4,35
4370.0,2
4370.1,1
4370.7,24
4371.7,17
4372.2,26
4372.3,8
4372.3,28
4372.7,22
4372.7,12
4373.0,11
4373.1,18
4373.3,13
4374.2,27
4374.5,29
4378.3,5
4378.4,3
4378.7,14
4378.7,7
4379.1,37
4380.2,21
4380.9,36
4381.4,6
4382.0,25
4382.4,23
4383.0,11
4383.0,33
4383.2,24
4383.5,26
4383.7,4
4383.9,0
4384.0,10
4384.0,19
4384.0,35
4384.1,28
4384.7,17
4385.2,18
4385.4,29
4386.6,13
4388.4,3
4388.9,7
4390.0,1
4390.2,31
4390.3,34
4390.5,8
4390.8,22
4391.7,2
4391.8,38
4392.1,27
4393.4,36
4393.7,5
4393.7,12
4394.2,24
4394.9,37
4395.2,20
4395.4,26
4395.7,28
4395.8,17
4396.6,14
4397.3,7
4398.2,39
4398.6,0
4398.9,18
4399.2,11
4399.7,3
4399.8,21
4400.5,8
4400.8,29
4401.9,35
4402.6,28
4403.7,13
4404.0,24
4405.3,4
4405.7,15
4407.0,1
4409.2,36
4409.3,33
4409.9,10
4410.8,38
4410.8,5
4411.0,9
4411.9,12
4411.9,28
4412.3,13
4412.3,37
4412.5,7
4412.5,26
4412.6,34
4412.8,22
4412.9,8
4412.9,14
4413.0,11
4413.1,2
4413.1,19
4413.2,25
4413.2,27
4413.8,17
4413.8,29
4413.8,32
4413.8,3
4414.0,0
4414.8,6
4415.0,21
4415.8,18
4416.2,23
4416.8,35
4421.4,1
4421.6,13
4421.9,4
4421.9,8
4422.5,24
4423.6,29
4423.7,37
4424.1,3
4424.7,28
4424.8,7
4426.0,10
4426.0,34
4427.0,33
4427.8,21
4428.2,17
4428.4,26
4428.7,5
4428.9,14
4429.2,12
4429.2,36
4429.3,25
4429.4,27
4429.7,18
4430.1,11
4430.6,8
4430.8,29
4434.5,35
4434.8,13
4435.7,23
4436.1,0
4436.1,3
4436.1,4
4436.5,1
4436.7,7
4436.7,39
4437.2,20
4437.3,5
4437.4,28
4437.6,22
4437.8,10
4439.4,24
4439.9,2
4440.0,26
4440.6,14
4441.4,37
4441.5,11
4441.7,25
4443.1,8
4444.1,15
4444.3,18
4444.9,6
4446.0,29
4446.4,21
4448.2,19
4448.2,36
4448.3,34
4448.5,1
4448.8,33
4449.3,27
4449.3,28
4449.6,13
4449.7,7
4449.7,11
4450.2,10
4450.4,5
4450.6,17
4451.0,3
4451.1,12
4451.2,38
4451.3,23
4451.3,24
4451.3,35
4451.7,31
4453.7,2
4454.6,26
4455.6,18
4456.3,0
4457.3,8
4457.8,25
4457.9,29
4458.1,16
4458.2,14
4459.2,3
4460.5,28
4462.1,4
4462.1,13
4462.6,17
4463.6,1
4463.9,10
4464.0,36
4464.1,7
4464.1,35
4464.3,5
4464.6,33
4464.8,27
4465.2,24
4465.2,29
4465.2,37
4467.1,22
4467.9,3
4467.9,11
4468.2,12
4468.2,25
4468.2,26
4469.6,18
4470.3,21
4470.6,8
4471.4,39
4471.8,34
4472.0,20
4472.0,28
4472.2,13
4472.3,14
4473.1,29
4473.9,1
4474.8,0
4475.3,38
4476.3,3
4477.0,2
4477.8,24
4478.1,7
4478.6,23
4480.7,4
4481.1,33
4481.7,12
4482.2,28
4482.5,13
4482.7,36
4484.1,8
4484.1,18
4484.2,15
4484.7,26
4485.1,10
4485.4,21
4485.7,17
4486.2,3
4486.4,35
4486.5,7
4487.2,1
4487.2,11
4487.2,22
4488.3,19
4488.9,6
4489.7,28
4491.5,13
4491.7,29
4491.9,0
4492.4,36
4495.1,3
4495.5,2
4495.6,8
4495.6,14
4495.8,1
4497.0,7
4497.3,37
4497.5,17
4497.9,5
4497.9,18
4498.1,24
4498.2,33
4498.7,23
4499.1,28
4499.7,12
4499.7,38
4499.8,27
4500.0,11
4500.2,21
4500.3,26
4500.3,29
4500.6,10
4501.2,15
4501.7,34
4503.9,13
4505.2,35
4505.7,9
4505.8,8
4506.1,22
4507.0,3
4508.0,7
4508.2,4
4508.2,20
4508.9,29
4509.4,25
4509.7,18
4509.9,28
4510.8,0
4511.0,14
4511.0,24
4511.4,23
4512.1,17
4512.7,11
4512.9,33
4513.3,36
4514.3,8
4514.4,26
4515.8,38
4515.9,1
4517.1,3
4518.3,21
4518.8,7
4518.9,2
4519.4,13
4520.0,15
4520.1,35
4520.2,29
4520.3,12
4520.4,28
4520.9,32
4521.0,10
4521.0,37
4521.1,18
4521.1,25
4521.4,22
4521.7,5
4523.2,14
4523.4,24
4523.8,27
4523.9,19
4524.2,11
4525.1,26
4525.1,34
4525.6,3
4526.6,17
4529.8,1
4529.9,39
4530.2,6
4530.4,7
4530.5,9
4530.7,25
4531.0,28
4531.1,8
4531.3,22
4531.4,5
4531.7,4
4531.7,18
4531.7,36
4531.8,21
4532.5,33
4532.7,29
4532.9,11
4533.0,10
4533.1,23
4534.2,37
4534.4,35
4534.7,12
4536.2,24
4537.5,3
4538.0,0
4538.2,26
4539.2,13
4540.2,17
4541.2,38
4541.7,28
4542.6,4
4542.6,14
4543.2,36
4543.3,8
4543.3,18
4543.8,24
4544.1,19
4544.8,27
4544.8,35
4544.9,7
4544.9,39
4545.1,37
4545.6,1
4545.6,29
4546.1,2
4546.4,25
4546.9,15
4547.3,34
4547.8,11
4548.4,21
4548.9,12
4549.2,3
4549.3,23
4549.3,33
4549.4,13
4553.5,6
4553.7,8
4554.6,36
4555.0,24
4555.2,17
4555.6,10
4556.4,26
4556.4,28
4556.5,5
4556.5,7
4558.1,0
4559.1,18
4560.2,38
4560.5,35
4561.2,3
4561.2,27
4561.3,21
4561.5,12
4561.5,29
4561.7,19
4561.7,39
4562.5,15
4562.6,25
4563.2,33
4563.2,9
4563.5,37
4563.9,14
4564.6,17
4564.9,23
4565.2,1
4565.2,22
4565.2,24
4565.3,28
4565.5,13
4565.7,4
4566.5,11
4568.1,7
4568.1,8
4568.1,18
4568.2,36
4570.6,10
4571.5,3
4571.6,34
4572.4,26
4574.1,2
4575.8,29
4576.1,0
4576.1,28
4576.2,13
4576.6,27
4578.1,1
4578.1,33
4578.7,18
4579.0,12
4580.7,25
4581.3,3
4581.3,38
4581.5,35
4582.0,24
4582.0,37
4582.3,11
4583.7,28
4583.8,17
4583.9,36
4584.0,7
4585.2,13
4585.4,5
4585.4,8
4585.6,21
4585.6,23
4585.9,19
4587.2,12
4588.4,29
4588.9,26
4589.3,22
4590.8,31
4591.0,10
4591.1,1
4591.3,34
4591.5,2
4592.3,0
4592.3,18
4593.7,11
4594.1,7
4594.2,24
4594.7,13
4595.0,28
4595.2,3
4595.5,14
4595.6,27
4596.8,20
4597.0,8
4597.1,39
4597.5,32
4597.6,35
4598.1,36
4598.2,6
4599.2,12
4600.1,29
4600.8,33
4601.3,4
4601.3,17
4602.2,37
4602.3,18
4602.5,5
4602.5,24
4604.0,22
4604.3,7
4604.5,3
4604.7,13
4605.6,10
4605.8,26
4606.4,1
4606.4,25
4606.7,23
4606.7,34
4607.4,11
4607.4,35
4607.8,2
4608.0,28
4608.2,38
4609.4,8
4610.0,33
4611.5,24
4612.3,19
4613.2,0
4613.5,36
4613.7,14
4613.7,15
4613.7,29
4613.9,21
4615.0,17
4615.4,13
4615.6,7
4615.8,3
4618.7,28
4619.0,27
4619.6,18
4620.1,8
4620.6,12
4620.8,24
4621.1,35
4621.3,23
4621.4,9
4621.7,37
4623.2,38
4623.3,13
4623.5,22
4623.6,1
4624.0,29
4624.1,32
4624.1,33
4624.4,11
4625.1,28
4625.2,3
4625.2,25
4625.5,6
4625.6,21
4626.9,7
4628.0,26
4628.2,17
4629.4,5
4629.7,39
4629.8,36
4630.7,4
4630.8,10
4632.6,8
4632.6,23
4632.8,18
4632.9,28
4633.6,27
4633.8,2
4634.1,11
4634.3,3
4634.3,34
4634.5,24
4634.8,33
4634.9,29
4635.5,0
4635.5,13
4635.5,37
4635.8,35
4635.9,14
4636.0,7
4636.0,12
4641.2,31
4641.7,8
4642.1,19
4642.3,15
4642.4,25
4642.6,17
4642.6,26
4643.0,28
4643.1,5
4643.3,1
4645.6,21
4646.9,12
4647.5,3
4647.8,22
4648.1,7
4648.6,38
4648.9,18
4649.0,24
4649.2,36
4649.5,4
4649.8,29
4650.0,37
4650.7,8
4650.7,10
4650.8,27
4651.8,23
4652.2,11
4652.5,2
4653.6,35
4655.0,13
4655.8,3
4655.9,14
4656.9,28
4657.6,17
4658.3,18
4658.3,33
4658.5,0
4660.0,25
4660.3,26
4661.6,7
4661.7,36
4661.8,29
4662.0,34
4662.2,1
4662.3,6
4662.3,5
4663.0,24
4663.2,21
4663.6,8
4664.0,35
4665.0,11
4667.9,3
4667.9,28
4668.0,13
4669.2,12
4669.9,22
4670.0,37
4670.5,10
4671.0,17
4671.1,14
4671.3,15
4672.4,20
4672.4,23
4672.6,2
4672.6,5
4672.9,7
4672.9,8
4672.9,19
4673.0,18
4673.6,27
4673.6,29
4673.8,26
4674.9,1
4674.9,4
4675.0,11
4677.0,35
4677.1,24
4677.8,36
4677.9,28
4678.2,21
4678.6,33
4679.4,3
4679.6,38
4682.5,8
4682.8,0
4683.0,13
4683.5,11
4683.7,29
4684.0,25
4684.6,7
4684.8,27
4685.2,22
4687.8,24
4688.1,17
4688.2,18
4689.5,39
4689.6,35
4690.8,9
4690.8,14
4690.9,34
4691.1,15
4691.2,28
4691.5,12
4691.7,13
4691.8,1
4691.8,36
4692.2,7
4692.2,23
4692.6,2
4692.7,26
4692.7,33
4693.1,3
4693.1,25
4693.1,37
4693.3,10
4693.5,32
4693.6,5
4693.8,19
4693.9,22
4694.9,6
4694.9,21
4697.3,18
4697.4,8
4698.9,24
4698.9,4
4698.9,17
4699.2,28
4701.0,16
4701.4,13
4701.5,38
4701.6,29
4701.8,31
4701.9,11
4702.5,20
4702.9,7
4704.5,34
4705.6,33
4707.0,26
4707.4,27
4707.5,0
4707.6,23
4708.0,3
4708.2,10
4708.3,8
4708.4,36
4708.5,12
4708.5,35
4709.8,1
4710.1,18
4710.1,25
4710.3,2
4711.1,28
4712.2,17
4713.0,29
4713.3,5
4714.4,24
4714.9,19
4715.5,13
4715.6,14
4716.8,7
4717.0,38
4718.5,11
4718.9,28
4719.0,21
4719.1,35
4721.4,3
4721.6,8
4721.6,26
4721.6,37
4721.7,33
4721.9,4
4722.9,15
4724.0,0
4724.4,36
4724.7,7
4725.0,6
4725.2,12
4725.3,1
4725.4,22
4726.8,24
4727.0,3
4727.1,20
4727.4,11
4727.5,17
4727.8,23
4727.8,29
4728.3,10
4728.4,13
4729.0,27
4729.2,33
4729.5,14
4729.7,2
4730.0,18
4731.5,8
4731.5,28
4732.8,37
4732.9,19
4733.1,7
4733.4,25
4736.9,11
4737.2,21
4737.7,34
4738.1,38
4738.9,13
4739.9,10
4739.9,17
4740.6,1
4740.7,18
4741.0,28
4741.2,5
4741.5,3
4741.8,29
4742.3,24
4742.3,32
4742.7,0
4742.7,12
4742.7,35
4742.9,26
4742.9,36
4743.8,7
4744.1,4
4744.5,8
4746.1,37
4747.5,13
4747.5,39
4747.6,19
4747.9,2
4749.0,23
4749.5,18
4750.1,33
4750.3,27
4751.6,26
4751.9,1
4752.0,9
4752.4,12
4752.4,22
4753.1,28
4753.7,7
4753.7,10
4753.7,11
4754.5,5
4754.5,13
4754.7,29
4755.2,6
4755.2,25
4755.4,24
4755.5,3
4755.5,36
4755.7,17
4755.8,8
4757.2,14
4757.7,35
4757.9,21
4758.1,38
4760.6,0
4761.6,33
4762.1,4
4763.3,28
4763.7,11
4764.3,18
4765.1,31
4765.1,37
4766.8,1
4766.8,7
4766.8,8
4766.9,3
4767.1,13
4768.0,23
4768.3,12
4768.3,24
4768.5,10
4768.9,34
4769.1,26
4769.3,35
4770.8,2
4770.8,22
4771.6,29
4772.3,17
4772.7,27
4773.0,36
4773.2,39
4775.1,0
4775.1,28
4775.8,18
4775.8,37
4775.9,3
4776.0,38
4776.2,33
4776.3,5
4776.3,15
4776.5,25
4776.6,21
4777.0,7
4777.6,8
4778.1,9
4778.4,19
4778.5,11
4779.0,23
4779.1,12
4779.8,13
4780.1,4
4780.8,24
4780.8,27
4782.0,1
4782.6,35
4783.2,17
4783.3,32
4783.6,28
4783.9,14
4783.9,29
4784.4,3
4785.3,25
4785.4,26
4790.0,10
4790.0,37
4790.7,8
4790.7,22
4791.5,6
4791.7,2
4791.8,7
4793.3,1
4793.3,11
4793.9,18
4794.5,5
4794.5,26
4794.7,36
4794.8,23
4794.8,34
4795.0,24
4795.5,4
4795.9,21
4796.0,28
4796.8,3
4797.6,29
4798.0,38
4799.4,17
4799.9,12
4800.2,13
4800.4,33
4801.0,27
4801.2,32
4801.4,11
4802.0,16
4803.4,7
4804.0,35
4804.4,8
4805.9,0
4806.8,2
4807.3,1
4807.3,20
4807.3,36
4807.4,22
4807.5,3
4807.7,24
4807.8,25
4808.2,29
4808.3,18
4808.4,19
4808.4,21
4809.1,28
4809.5,23
4809.7,5
4811.1,17
4812.0,39
4812.1,26
4812.2,10
4813.2,8
4813.2,13
4813.7,15
4813.7,37
4814.2,14
4814.7,24
4815.5,11
4815.9,34
4815.9,35
4817.2,33
4818.8,3
4820.1,29
4820.2,7
4820.3,12
4821.0,38
4821.4,27
4821.7,28
4821.9,18
4822.4,31
4823.1,1
4823.5,4
4825.1,22
4825.4,8
4825.7,32
4826.9,13
4826.9,21
4828.4,2
4828.6,23
4828.7,35
4829.2,0
4829.6,29
4830.1,7
4830.1,17
4830.4,25
4830.4,26
4830.7,3
4831.3,24
4831.3,28
4831.5,33
4831.6,11
4831.7,10
4831.7,34
4831.9,36
4832.1,27
4833.1,5
4833.3,13
4835.1,37
4836.5,8
4838.1,29
4839.3,38
4839.6,18
4839.7,7
4839.8,14
4840.0,23
4841.0,21
4841.3,24
4841.5,4
4841.8,28
4842.5,35
4842.6,1
4842.7,22
4842.9,3
4843.2,6
4843.8,5
4844.5,12
4845.1,13
4845.1,30
4845.5,26
4847.0,0
4848.3,2
4849.0,8
4849.8,19
4850.1,18
4851.0,3
4851.6,28
4851.9,7
4851.9,36
4852.4,11
4852.8,15
4852.8,33
4853.2,27
4853.3,38
4853.4,21
4854.3,10
4854.6,13
4856.3,35
4856.5,34
4856.8,24
4856.9,29
4857.1,17
4858.2,4
4859.6,26
4860.1,22
4861.0,7
4861.1,25
4861.6,8
4861.6,39
4862.3,5
4863.0,14
4863.1,23
4863.7,1
4864.0,12
4864.0,32
4864.1,3
4864.6,11
4865.0,13
4865.2,27
4865.8,20
4866.5,24
4866.5,35
4866.8,28
4866.8,36
4867.4,0
4867.6,7
4867.6,18
4868.2,8
4868.4,38
4868.8,33
4870.0,37
4870.5,29
4870.7,21
4872.1,26
4872.3,10
4873.3,13
4874.2,2
4876.3,24
4876.7,3
4876.8,12
4876.9,4
4877.2,14
4877.7,7
4877.9,38
4878.0,17
4878.3,34
4878.6,11
4879.2,18
4879.4,0
4879.4,28
4880.2,29
4880.6,1
4880.6,37
4880.7,35
4882.6,8
4882.7,13
4883.3,15
4884.5,5
4884.9,27
4886.6,7
4887.5,23
4887.8,26
4888.8,33
4889.3,22
4889.3,24
4889.7,28
4890.0,18
4890.1,19
4890.1,25
4890.2,12
4890.3,36
4890.8,3
4890.9,39
4891.5,17
4892.1,2
4892.8,21
4892.9,10
4892.9,11
4893.3,23
4894.2,4
4894.4,1
4894.5,13
4894.8,29
4895.3,7
4895.6,0
4896.1,35
4896.2,8
4897.1,24
4898.6,38
4899.3,3
4899.3,12
4899.5,14
4900.6,20
4901.4,10
4901.9,5
4902.1,15
4903.1,18
4903.4,28
4903.6,37
4903.8,36
4904.1,27
4904.5,33
4905.6,7
4905.7,1
4905.7,31
4906.0,26
4907.5,23
4907.7,29
4908.4,8
4908.4,35
4908.9,25
4909.1,17
4909.2,21
4910.0,13
4910.1,11
4910.8,24
4910.8,39
4911.1,2
4911.2,22
4912.3,19
4913.0,18
4913.3,7
4913.7,3
4913.8,28
4914.5,38
4914.7,15
4916.5,4
4916.5,12
4916.8,14
4917.2,29
4917.3,37
4917.4,0
4918.2,36
4919.0,10
4920.6,1
4920.7,21
4921.4,26
4921.8,33
4922.0,6
4922.6,17
4923.0,35
4923.0,8
4923.3,3
4923.9,13
4924.0,7
4924.7,11
4925.9,20
4926.4,2
4926.7,9
4926.9,34
4927.3,25
4927.3,37
4927.5,18
4927.5,24
4927.8,27
4928.3,28
4928.6,23
4932.5,22
4932.9,38
4933.0,29
4933.2,7
4933.4,39
4934.5,36
4934.7,8
4934.7,13
4934.8,26
4935.0,33
4935.2,5
4935.2,31
4935.6,18
4935.8,3
4936.1,12
4936.3,21
4936.6,14
4937.2,15
4937.5,1
4937.8,0
4938.2,28
4939.7,24
4940.2,34
4941.5,23
4942.4,4
4942.4,6
4942.7,10
4942.9,11
4942.9,37
4943.6,17
4944.0,8
4944.5,35
4945.1,29
4945.5,14
4946.2,13
4946.6,7
4947.0,19
4947.6,21
4947.6,32
4947.7,3
4948.3,27
4948.5,36
4948.7,25
4949.4,38
4949.9,18
4950.0,24
4950.0,28
4951.5,17
4951.5,26
4951.8,2
4951.9,8
4952.4,5
4952.9,1
4953.7,33
4954.0,37
4954.2,34
4954.6,0
4954.6,39
4956.0,4
4956.5,12
4956.6,29
4956.6,35
4957.2,11
4957.7,7
4957.9,24
4958.1,13
4958.5,10
4959.9,3
4961.5,14
4961.5,26
4961.6,8
4962.5,28
4963.1,22
4964.1,33
4964.3,18
4964.7,23
4966.4,13
4967.0,3
4967.0,11
4967.0,37
4967.3,36
4968.0,29
4968.2,15
4968.5,17
4968.6,7
4968.6,25
4969.3,21
4969.6,35
4969.7,19
4970.2,38
4970.4,27
4970.5,1
4970.5,6
4972.0,31
4972.9,5
4973.2,2
4973.6,12
4974.2,28
4975.2,24
4975.6,26
4975.8,23
4975.8,34
4976.0,8
4976.3,10
4977.2,18
4977.3,4
4977.4,22
4978.0,17
4978.9,11
4979.0,13
4979.5,3
4979.6,33
4980.3,7
4980.3,36
4980.5,15
4980.8,29
4983.3,24
4984.1,37
4984.3,12
4984.5,28
4985.8,21
4986.1,35
4986.8,8
4986.9,0
4987.4,38
4987.9,14
4988.1,1
4988.2,3
4988.2,27
4988.8,2
4988.9,13
4989.1,17
4989.2,23
4990.4,39
4990.5,18
4990.8,25
4991.7,7
4993.4,26
4993.7,10
4993.8,9
4993.8,33
4994.2,28
4994.6,36
4995.4,29
4995.7,37
4996.4,5
4996.7,3
4996.7,24
4997.7,4
4997.9,34
4998.3,18
4998.3,22
4998.4,0
4998.5,12
4998.7,8
4999.9,11
5000.4,1
5002.1,13
5002.4,35
5002.6,7
5004.3,19
5004.4,38
5004.7,25
5004.9,28
5005.2,14
5007.3,21
5007.6,23
5008.3,5
5008.4,27
5010.3,3
5010.3,32
5010.8,24
5011.0,26
5011.0,29
5011.6,7
5011.7,17
5011.8,18
5011.9,2
5012.2,39
5012.3,4
5012.4,37
5012.9,33
5013.3,11
5014.8,1
5017.4,8
5017.9,13
5017.9,34
5018.0,25
5018.1,28
5018.8,12
5019.1,17
5019.1,22
5019.6,0
5019.6,15
5019.7,6
5019.7,35
5019.8,36
5020.2,20
5020.3,7
5022.6,10
5023.2,2
5023.6,29
5023.8,33
5024.1,18
5024.2,3
5024.2,26
5024.3,37
5025.0,11
5025.1,24
5025.7,21
5026.2,38
5027.2,23
5027.2,28
5027.4,1
5027.8,19
5028.0,5
5028.5,35
5029.8,7
5031.4,17
5032.4,3
5032.4,8
5032.5,13
5032.7,0
5033.2,36
5033.6,14
5033.9,34
5034.1,4
5034.1,25
5036.2,20
5037.1,28
5037.3,18
5037.7,33
5037.9,6
5038.2,27
5038.2,29
5038.3,9
5038.6,2
5038.6,8
5038.6,13
5039.3,12
5039.4,35
5039.6,22
5039.6,23
5040.3,3
5040.8,37
5042.1,26
5042.2,24
5042.4,1
5042.5,31
5042.9,7
5043.0,11
5044.5,36
5045.3,4
5045.3,15
5046.2,5
5046.7,10
5046.8,21
5046.9,0
5046.9,39
5047.1,38
5047.6,8
5047.9,28
5048.0,18
5048.7,23
5048.8,13
5049.0,33
5049.1,3
5050.8,27
5052.5,17
5053.0,11
5054.0,24
5054.2,19
5054.8,35
5055.8,34
5056.0,26
5056.0,32
5056.1,12
5056.4,6
5056.5,29
5056.6,2
5057.2,22
5057.6,3
5058.1,37
5058.2,1
5058.4,28
5059.8,13
5060.0,18
5061.5,8
5061.5,36
5062.0,7
5062.8,14
5064.9,24
5067.0,25
5067.2,11
5067.3,38
5067.7,28
5068.0,17
5068.8,3
5068.8,26
5069.0,21
5069.6,29
5070.0,37
5070.2,5
5070.4,7
5070.7,0
5071.3,35
5071.4,1
5071.6,12
5071.7,13
5072.2,23
5075.2,18
5075.2,28
5075.8,25
5076.1,2
5076.1,8
5076.8,19
5077.9,27
5077.9,34
5078.1,10
5078.4,24
5078.8,7
5079.1,36
5079.2,4
5079.5,33
5081.3,11
5081.5,6
5081.6,39
5083.2,28
5083.5,13
5083.8,5
5084.2,22
5084.4,3
5084.4,29
5084.4,32
5084.6,15
5084.8,17
5085.2,0
5085.2,37
5085.3,18
5085.4,14
5086.1,8
5087.4,21
5087.6,1
5087.8,12
5088.1,38
5088.6,23
5089.7,35
5090.2,7
5090.6,26
5090.9,24
5091.5,3
5091.7,11
5092.6,2
5092.6,18
5093.5,20
5093.9,36
5094.2,27
5094.3,29
5094.6,10
5094.7,33
5095.2,28
5095.9,8
5097.0,7
5098.5,4
5099.0,17
5099.8,13
5100.1,6
5100.4,14
5100.6,26
5100.7,37
5101.2,5
5102.3,0
5102.4,25
5102.8,35
5103.6,11
5104.2,22
5104.5,19
5105.1,1
5105.5,24
5106.4,28
5106.6,3
5106.7,21
5107.1,39
5108.0,12
5108.1,7
5108.7,36
5109.1,18
5110.3,8
5110.5,10
5111.5,38
5111.9,33
5112.0,35
5112.4,22
5112.4,29
5112.6,27
5112.8,13
5113.9,23
5113.9,28
5114.0,24
5114.3,14
5116.1,7
5117.0,3
5117.5,17
5117.6,5
5119.0,2
5119.2,15
5119.2,18
5119.4,11
5119.4,37
5119.8,34
5119.9,1
5119.9,33
5120.0,26
5120.6,12
5121.0,31
5121.6,0
5122.5,4
5123.3,36
5125.2,8
5125.4,21
5125.4,24
5125.7,35
5126.5,28
5126.7,19
5127.2,25
5128.0,23
5128.4,22
5129.6,29
5130.1,27
5130.2,13
5131.0,3
5131.9,7
5132.1,2
5132.6,26
5133.3,18
5133.4,38
5133.5,11
5133.6,14
5134.0,1
5134.0,17
5134.2,8
5134.3,28
5134.8,15
5135.6,10
5136.6,5
5137.5,24
5137.5,25
5137.7,37
5137.9,0
5139.1,12
5139.3,7
5139.8,29
5139.8,39
5141.4,4
5141.5,9
5141.7,36
5142.4,6
5142.8,3
5144.0,11
5144.0,14
5144.1,28
5145.3,26
5145.8,32
5145.8,34
5145.8,35
5145.9,13
5146.6,27
5146.7,24
5148.0,8
5148.2,33
5148.9,21
5149.2,5
5149.5,23
5150.0,12
5150.1,18
5151.1,10
5151.8,29
5152.2,7
5153.7,11
5154.0,17
5154.1,3
5154.8,15
5155.2,19
5155.6,38
5155.7,2
5156.5,21
5156.5,27
5156.5,36
5157.0,1
5157.2,4
5157.4,26
5157.6,28
5157.8,22
5157.8,24
5157.9,20
5157.9,25
5158.0,16
5158.0,34
5158.7,12
5158.8,29
5158.9,13
5161.0,35
5161.1,8
5162.2,33
5162.5,39
5162.6,18
5162.9,7
5166.0,14
5167.6,28
5168.0,3
5168.4,26
5168.5,4
5168.5,23
5169.1,0
5169.4,11
5170.1,17
5171.3,10
5171.7,5
5171.9,12
5172.6,38
5172.8,36
5173.6,24
5173.9,2
5174.0,7
5174.0,29
5174.3,18
5174.3,33
5174.4,1
5174.4,13
5174.5,8
5175.0,34
5175.1,28
5175.9,25
5176.2,11
5176.3,37
5176.5,27
5176.6,4
5176.7,22
5177.4,3
5177.5,21
5178.2,6
5182.6,23
5183.7,15
5183.8,19
5184.1,7
5184.2,17
5184.8,26
5185.2,5
5185.3,36
5186.1,35
5186.3,24
5186.7,0
5186.7,3
5187.9,28
5188.2,12
5188.2,38
5188.4,1
5188.7,13
5188.7,39
5188.9,29
5189.2,34
5189.4,11
5189.6,2
5189.7,14
5190.7,7
5190.7,8
5190.9,33
5191.9,20
5192.3,18
5197.2,24
5197.3,4
5197.3,27
5198.0,10
5198.1,29
5198.2,28
5198.5,22
5198.5,37
5198.9,17
5198.9,13
5199.5,25
5199.8,23
5200.8,8
5201.2,3
5201.3,18
5201.4,26
5201.9,9
5202.3,35
5203.7,33
5204.5,1
5205.1,7
5205.8,12
5206.7,11
5207.2,21
5207.5,34
5209.8,0
5210.5,17
5210.7,29
5211.0,28
5211.6,8
5211.6,38
5211.7,5
5211.8,14
5212.1,19
5212.2,3
5212.6,36
5213.0,35
5213.4,31
5213.9,37
5214.9,13
5215.1,24
5215.6,2
5215.8,27
5216.4,1
5216.4,33
5216.6,7
5216.7,25
5219.0,4
5219.6,20
5219.6,26
5219.7,11
5219.7,18
5221.0,28
5221.1,5
5221.8,21
5222.1,10
5222.4,3
5223.1,32
5223.8,23
5224.3,8
5224.4,34
5225.2,29
5226.1,0
5226.1,12
5226.2,17
5226.3,7
5226.6,15
5227.0,13
5227.1,14
5227.7,1
5228.6,35
5228.8,2
5229.0,24
5229.3,22
5229.5,28
5230.1,37
5231.3,36
5232.5,18
5232.9,11
5233.4,6
5234.6,3
5234.8,5
5234.9,26
5234.9,38
5235.0,7
5236.4,39
5236.6,25
5236.6,8
5236.6,13
5237.6,29
5238.3,17
5239.2,28
5239.2,33
5239.7,34
5239.9,27
5240.0,10
5240.5,0
5240.8,1
5240.9,21
5241.9,12
5242.2,35
5242.5,9
5243.8,7
5244.3,24
5244.9,11
5246.3,3
5246.3,13
5246.5,23
5247.3,36
5247.5,14
5247.8,29
5248.1,28
5248.2,38
5248.3,4
5248.5,17
5249.9,37
5250.7,18
5251.0,22
5252.6,8
5253.0,35
5253.2,7
5253.2,19
5253.3,21
5253.7,26
5253.9,11
5254.0,0
5254.2,2
5254.5,24
5255.6,10
5255.9,29
5257.6,3
5257.6,12
5257.9,28
5258.3,1
5258.9,36
5259.0,13
5259.7,27
5259.9,15
5260.7,14
5260.7,17
5260.9,33
5261.4,23
5262.8,20
5262.9,39
5263.2,11
5264.1,7
5264.3,38
5265.6,5
5266.2,4
5266.4,18
5266.5,34
5267.3,26
5267.4,8
5267.4,28
5268.3,37
5269.1,35
5269.3,25
5269.4,32
5270.3,36
5270.6,24
5271.2,29
5271.4,3
5272.6,0
5273.4,13
5274.0,7
5274.1,27
5275.1,17
5275.1,21
5276.8,1
5277.8,11
5277.8,22
5278.3,18
5278.3,28
5278.4,12
5278.4,33
5278.7,38
5278.9,15
5279.0,8
5279.3,2
5279.9,29
5280.0,19
5280.1,23
5280.1,34
5280.4,24
5280.5,14
5281.2,13
5281.3,10
5281.8,35
5283.0,28
5284.4,3
5285.8,25
5286.3,20
5287.2,39
5287.9,7
5288.7,37
5288.8,17
5289.0,26
5289.2,4
5290.1,11
5290.3,36
5290.3,8
5291.2,13
5292.2,0
5292.2,10
5292.3,22
5292.8,29
5293.2,1
5294.5,27
5294.6,35
5294.9,18
5294.9,33
5295.3,14
5295.8,24
5296.2,2
5296.3,3
5296.3,28
5296.5,7
5297.0,5
5298.0,12
5298.0,15
5298.0,23
5298.6,17
5298.8,11
5301.4,38
5301.9,8
5302.1,21
5302.3,19
5303.7,22
5304.0,13
5304.2,18
5304.3,37
5305.0,26
5305.8,6
5306.7,4
5306.9,1
5307.0,34
5307.3,29
5307.9,27
5308.0,33
5308.2,3
5308.2,24
5308.2,28
5309.2,11
5310.0,14
5310.1,7
5310.2,0
5310.2,23
5310.3,25
5310.4,10
5310.9,36
5311.7,18
5312.1,12
5312.9,35
5313.1,17
5313.7,8
5314.1,13
5315.9,32
5317.0,11
5317.1,5
5317.6,38
5317.7,3
5318.9,26
5319.0,15
5319.4,37
5319.8,29
5320.4,2
5320.8,1
5321.4,12
5321.4,22
5322.0,24
5323.0,4
5323.2,14
5323.2,28
5323.9,19
5324.3,7
5325.7,23
5326.2,36
5326.6,34
5326.9,13
5326.9,18
5326.9,25
5327.2,10
5327.2,35
5327.8,8
5328.4,39
5329.6,0
5330.2,3
5330.6,33
5331.7,27
5332.7,5
5332.7,21
5333.1,11
5333.2,10
5333.4,1
5333.5,26
5333.5,29
5333.6,16
5333.6,17
5333.8,24
5334.1,18
5335.2,7
5336.3,28
5337.3,12
5337.9,8
5338.8,38
5339.1,34
5339.4,2
5340.0,36
5340.6,13
5340.6,24
5340.8,23
5341.1,29
5341.3,6
5341.7,18
5341.8,25
5342.1,4
5342.1,37
5342.4,22
5343.1,35
5343.8,14
5344.4,28
5344.5,3
5345.0,17
5346.0,0
5346.5,7
5347.1,11
5348.2,8
5350.1,33
5350.5,13
5350.6,26
5351.1,29
5351.3,12
5351.6,9
5351.9,5
5353.4,35
5353.5,1
5353.6,39
5354.3,24
5355.2,2
5355.8,3
5356.1,21
5356.3,18
5356.3,32
5356.5,34
5356.6,28
5357.0,15
5357.6,0
5357.6,17
5357.8,10
5357.8,14
5358.0,4
5358.0,37
5358.4,13
5358.5,23
5358.5,36
5358.6,27
5358.8,29
5359.2,31
5359.4,7
5359.7,8
5360.3,11
5360.7,38
5361.2,26
5362.0,6
5362.6,22
5365.2,25
5366.9,24
5367.1,35
5367.6,5
5368.0,28
5368.4,12
5369.7,13
5369.9,1
5371.2,3
5371.3,29
5371.4,11
5371.4,17
5371.8,8
5371.9,33
5372.0,36
5372.2,2
5374.5,27
5375.3,38
5375.6,7
5375.7,9
5376.4,0
5377.6,23
5377.7,24
5378.0,18
5378.0,34
5378.1,1
5378.2,26
5378.9,37
5379.0,39
5379.4,19
5379.6,28
5379.8,5
5380.2,10
5380.5,3
5380.7,11
5381.5,33
5383.1,13
5383.2,29
5383.3,8
5383.5,17
5383.8,14
5384.3,21
5384.5,25
5385.0,35
5385.4,4
5386.0,7
5386.2,24
5386.8,32
5387.9,2
5388.4,28
5388.9,36
5389.4,26
5389.6,37
5391.2,1
5391.3,0
5391.4,11
5391.4,18
5392.1,3
5395.1,15
5395.5,12
5395.6,33
5395.7,8
5395.8,25
5395.8,27
5396.5,17
5396.9,23
5397.0,13
5397.0,29
5397.4,10
5397.4,39
5398.1,7
5398.5,24
5398.8,22
5400.0,28
5400.1,18
5400.8,4
5401.4,34
5401.9,35
5402.0,36
5402.4,38
5403.1,5
5403.3,8
5403.3,19
5403.4,12
5403.7,3
5403.7,6
5403.9,7
5404.0,14
5404.0,26
5404.1,0
5404.6,21
5405.6,11
5408.5,13
5408.7,2
5409.2,28
5409.7,17
5410.2,1
5410.4,27
5410.4,24
5410.8,37
5411.7,8
5412.2,29
5412.9,25
5413.0,5
5413.8,10
5414.0,7
5415.3,18
5416.0,36
5416.1,28
5416.4,38
5416.5,0
5417.0,3
5417.0,12
5417.0,33
5417.5,14
5417.8,34
5418.7,23
5418.9,26
5419.3,35
5419.8,22
5422.3,24
5422.4,7
5422.6,8
5422.6,17
5422.6,31
5422.6,11
5423.3,29
5424.3,13
5424.5,14
5424.5,28
5424.7,1
5424.7,3
5425.4,18
5425.4,21
5426.2,12
5426.6,37
5428.7,25
5430.1,1
5430.2,10
5430.4,33
5433.0,27
5433.0,28
5434.0,26
5434.4,4
5435.0,11
5435.3,0
5435.3,15
5435.5,7
5435.6,36
5435.7,3
5436.1,8
5437.4,35
5437.7,24
5437.8,37
5437.9,13
5437.9,19
5438.2,34
5438.2,38
5438.6,23
5439.7,22
5440.0,29
5440.2,14
5440.3,32
5440.9,1
5441.1,20
5441.2,6
5442.3,18
5442.4,2
5442.7,12
5444.2,25
5444.9,3
5444.9,39
5445.2,17
5445.3,28
5445.4,26
5445.5,7
5445.6,5
5445.8,8
5447.2,11
5447.8,10
5448.1,36
5449.4,29
5449.4,37
5449.5,27
5450.6,13
5452.1,0
5452.4,21
5453.7,8
5453.8,3
5453.9,7
5454.5,24
5454.9,1
5455.1,28
5455.6,4
5455.8,38
5456.9,14
5456.9,35
5457.0,26
5457.0,33
5457.4,18
5457.4,34
5458.2,22
5458.2,23
5458.3,12
5458.4,17
5459.8,2
5460.3,3
5461.9,13
5463.4,25
5464.5,36
5464.6,15
5464.7,28
5464.7,29
5464.7,39
5465.1,19
5465.8,35
5466.0,24
5466.5,11
5467.4,18
5467.7,26
5467.8,27
5468.1,38
5468.2,1
5468.3,5
5469.5,8
5470.1,3
5470.7,7
5470.8,4
5471.4,28
5471.8,37
5472.8,25
5473.1,21
5473.5,10
5474.2,11
5474.4,13
5475.1,0
5475.8,33
5475.9,29
5477.1,18
5477.4,34
5477.6,17
5477.8,8
5478.0,12
5479.3,7
5479.6,35
5480.2,27
5480.4,23
5480.4,28
5481.2,24
5481.2,36
5481.3,1
5481.7,3
5483.2,20
5486.6,2
5487.3,6
5487.5,26
5487.7,10
5488.0,19
5488.5,14
5489.2,13
5489.9,11
5490.4,7
5490.5,29
5490.5,33
5490.8,18
5490.9,28
5492.1,8
5492.2,25
5492.6,21
5493.3,1
5493.3,37
5493.6,3
5494.2,5
5494.2,22
5494.4,12
5495.1,23
5495.1,27
5495.1,36
5495.7,24
5497.2,9
5497.3,17
5497.7,35
5498.3,39
5498.5,38
5499.4,13
5500.1,28
5500.5,7
5500.7,25
5501.2,4
5501.2,11
5501.3,26
5501.9,32
5502.0,2
5502.5,10
5503.3,0
5503.6,8
5503.7,34
5503.9,24
5504.1,19
5504.4,3
5504.4,14
5504.4,29
5505.2,33
5505.5,36
5505.7,22
5507.1,35
5507.9,18
5508.8,1
5509.8,28
5511.0,7
5511.3,10
5511.8,17
5512.1,12
5512.1,26
5513.6,38
5514.4,13
5514.6,27
5514.7,3
5514.8,29
5515.2,11
5515.3,21
5515.6,18
5515.6,23
5515.8,34
5515.9,6
5516.6,8
5517.4,15
5517.4,14
5517.4,28
5518.4,24
5518.8,25
5520.2,7
5521.5,36
5521.8,35
5522.9,2
5522.9,20
5523.1,4
5523.2,26
5523.5,1
5526.2,22
5527.7,24
5527.8,3
5527.8,33
5527.9,21
5528.1,10
5528.6,5
5528.6,11
5528.7,8
5528.7,12
5528.8,13
5528.8,17
5529.8,7
5529.9,29
5531.6,18
5532.4,27
5532.5,19
5532.5,23
5532.5,26
5532.8,25
5532.9,38
5533.8,6
5534.0,37
5534.1,1
5535.4,14
5535.8,2
5536.0,28
5536.2,36
5536.9,35
5537.9,24
5539.6,18
5540.0,8
5540.3,39
5541.1,34
5541.4,3
5541.5,13
5542.1,0
5542.4,23
5542.5,4
5542.5,21
5542.9,11
5543.6,28
5543.8,7
5543.8,17
5543.9,22
5544.0,1
5544.2,29
5549.4,33
5550.1,27
5550.8,37
5551.0,24
5551.0,25
5551.2,15
5551.3,8
5551.5,2
5551.6,18
5551.7,7
5551.7,28
5551.8,35
5553.0,12
5553.4,10
5554.0,38
5554.2,26
5555.9,4
5556.7,3
5557.1,11
5557.2,13
5557.4,5
5557.6,29
5557.7,36
5557.9,19
5558.4,34
5558.6,14
5558.7,17
5558.7,23
5559.6,35
5561.5,22
5562.3,10
5562.8,7
5563.2,28
5563.4,1
5563.5,0
5563.5,8
5563.9,32
5564.1,27
5564.4,21
5565.4,6
5565.5,25
5565.9,24
5567.2,18
5567.2,33
5568.0,13
5568.5,3
5569.0,37
5569.5,7
5571.1,4
5572.2,36
5573.2,28
5573.8,26
5574.6,17
5574.7,38
5575.1,20
5575.2,11
5575.2,23
5575.2,35
5575.4,8
5575.6,22
5575.9,29
5576.1,2
5576.7,14
5577.2,12
5577.9,25
5578.0,0
5578.4,24
5579.0,3
5580.2,18
5580.7,7
5580.8,5
5580.8,33
5582.0,21
5583.2,13
5585.1,8
5587.2,1
5587.5,34
5588.3,19
5588.3,29
5588.6,28
5589.0,24
5589.1,26
5589.4,3
5589.4,17
5589.5,18
5589.7,4
5590.0,37
5590.2,33
5590.4,15
5590.6,12
5591.1,11
5591.5,7
5592.0,36
5592.8,2
5592.9,0
5593.3,35
5593.9,23
5594.8,14
5595.2,13
5595.3,38
5595.5,5
5595.6,27
5596.3,28
5596.3,39
5596.5,6
5596.8,22
5597.3,21
5597.9,25
5598.3,10
5598.4,18
5598.5,3
5599.4,9
5600.0,8
5600.1,17
5601.9,35
5602.2,29
5602.5,12
5602.7,7
5604.3,1
5604.3,11
5604.3,28
5604.3,36
5605.3,5
5605.3,24
5607.2,4
5608.5,3
5609.7,37
5609.9,13
5610.0,33
5610.8,0
5611.0,8
5611.1,27
5611.3,21
5612.0,14
5612.3,18
5612.9,10
5614.3,24
5615.0,7
5615.6,34
5617.0,35
5617.2,19
5617.4,28
5617.6,26
5618.0,25
5618.3,23
5618.3,29
5618.4,11
5618.5,13
5618.6,38
5618.9,1
5619.1,3
5619.1,17
5619.7,2
5620.2,36
5622.7,15
5623.2,0
5623.2,12
5623.8,8
5623.8,4
5624.4,6
5624.6,22
5624.7,28
5624.8,18
5625.3,7
5625.5,39
5627.8,13
5627.8,27
5628.1,5
5628.2,3
5629.3,24
5629.7,1
5630.9,33
5631.1,34
5631.7,21
5632.2,18
5632.4,29
5633.3,11
5633.4,26
5633.8,25
5634.4,7
5634.5,36
5634.9,23
5635.1,8
5635.3,31
5635.4,17
5635.6,14
5637.4,10
5637.4,28
5639.2,37
5639.3,27
5639.4,35
5639.9,9
5640.6,0
5641.3,3
5642.4,22
5642.6,13
5642.7,24
5643.0,12
5643.5,2
5643.7,18
5643.9,29
5644.7,38
5644.8,7
5645.0,4
5645.4,26
5646.2,5
5646.3,11
5647.2,1
5647.2,8
5648.1,19
5649.2,28
5649.3,23
5650.5,37
5651.1,3
5651.2,33
5651.2,36
5652.5,17
5653.1,34
5653.3,39
5653.8,14
5655.4,13
5656.0,18
5656.9,24
5656.9,38
5657.0,1
5657.2,8
5657.3,6
5657.5,7
5657.9,25
5658.3,12
5658.4,11
5658.4,27
5659.3,32
5660.0,29
5660.1,4
5660.1,10
5660.4,3
5661.1,2
5662.1,28
5662.6,35
5663.3,17
5663.5,0
5664.1,33
5665.6,26
5665.9,37
5666.2,5
5666.2,36
5667.5,21
5667.6,12
5667.9,13
5668.5,18
5668.8,24
5669.3,19
5669.7,8
5670.3,7
5671.7,11
5672.2,14
5672.3,3
5673.0,28
5673.6,22
5673.9,10
5674.1,34
5674.1,38
5674.5,23
5674.9,33
5675.2,15
5675.7,29
5676.5,35
5677.0,27
5677.1,1
5677.2,26
5677.4,18
5677.5,5
5677.8,13
5679.0,28
5679.3,17
5679.5,0
5680.2,36
5681.0,25
5681.1,7
5681.4,24
5681.5,3
5681.6,12
5682.1,8
5682.5,37
5684.0,11
5684.3,4
5685.2,2
5686.9,14
5687.0,10
5687.1,21
5688.4,35
5688.7,29
5689.1,6
5689.4,1
5689.4,28
5689.9,5
5690.0,34
5690.4,3
5690.5,18
5691.8,26
5692.0,8
5692.1,23
5692.2,7
5693.6,13
5693.7,27
5693.8,24
5694.8,17
5696.5,33
5698.1,37
5698.9,36
5699.3,2
5699.3,22
5699.3,25
5699.3,28
5699.5,39
5699.7,12
5699.8,11
5701.1,38
5701.7,15
5702.7,1
5702.7,34
5704.1,24
5704.2,3
5704.3,8
5704.3,35
5704.6,19
5704.8,13
5704.9,29
5706.5,20
5707.4,0
5708.0,7
5708.3,18
5709.6,26
5709.9,28
5710.4,4
5710.9,14
5711.1,11
5711.4,25
5712.0,5
5712.0,17
5713.1,23
5713.2,33
5713.2,38
5713.3,2
5713.5,3
5713.5,10
5713.5,12
5713.6,35
5715.1,9
5715.1,21
5716.4,27
5716.4,36
5716.6,22
5716.7,24
5716.8,13
5717.8,7
5718.1,37
5718.5,8
5718.6,32
5719.3,28
5719.8,19
5720.0,29
5720.2,1
5721.2,18
5722.1,0
5722.1,3
5725.7,12
5725.9,11
5725.9,17
5728.0,33
5728.5,29
5728.6,26
5728.9,5
5728.9,7
5729.0,34
5729.2,28
5730.0,8
5731.2,18
5731.3,24
5731.6,4
5731.8,13
5731.8,14
5732.2,10
5733.2,3
5733.6,2
5733.7,36
5734.1,27
5735.1,23
5735.4,37
5735.8,11
5736.1,38
5738.1,35
5739.0,1
5739.1,21
5739.3,7
5740.0,28
5742.4,3
5742.6,0
5742.6,33
5742.7,13
5742.7,29
5743.7,17
5744.6,15
5744.8,8
5744.9,22
5744.9,26
5745.2,34
5745.3,19
5745.5,25
5745.6,24
5745.7,27
5746.1,18
5746.4,12
5746.7,20
5747.1,4
5747.3,6
5747.5,36
5747.8,37
5748.6,23
5749.2,28
5751.1,11
5752.1,7
5752.1,38
5752.9,39
5753.0,9
5753.1,5
5753.4,2
5754.2,24
5754.4,21
5754.9,1
5754.9,26
5756.0,13
5756.1,8
5756.1,29
5756.2,18
5756.5,36
5757.6,3
5757.7,10
5757.7,35
5758.5,17
5759.4,34
5759.5,12
5759.8,32
5759.9,33
5760.2,28
5760.3,14
5760.7,0
5760.9,7
5761.4,11
5762.2,22
5765.5,27
5765.6,37
5766.1,1
5766.1,24
5767.1,38
5767.6,8
5767.7,4
5768.3,17
5768.5,23
5768.7,13
5769.0,7
5769.2,3
5769.3,29
5772.2,35
5772.3,26
5772.4,36
5772.7,21
5772.8,18
5773.7,11
5773.8,2
5774.1,28
5774.9,15
5775.0,5
5775.0,25
5775.0,34
5775.1,23
5775.3,10
5775.5,33
5776.4,17
5776.6,19
5776.9,12
5777.2,22
5778.5,0
5778.5,1
5778.6,4
5778.8,24
5779.3,3
5782.0,13
5782.2,7
5782.3,27
5782.3,37
5782.4,14
5782.9,29
5783.1,8
5783.9,10
5785.6,28
5785.9,26
5785.9,33
5787.5,38
5789.0,17
5789.1,9
5789.1,11
5789.2,7
5789.2,35
5789.6,6
5789.7,18
5790.7,29
5790.8,24
5791.2,3
5791.5,25
5791.7,5
5791.7,28
5791.8,36
5792.3,12
5793.2,1
5793.3,13
5794.0,34
5795.0,23
5795.9,4
5796.9,21
5797.5,20
5797.9,2
5798.8,8
5799.1,17
5799.3,15
5799.5,39
5799.8,3
5800.0,22
5800.1,35
5800.3,32
5800.5,27
5800.9,29
5801.0,7
5801.2,26
5801.4,0
5801.9,34
5802.0,37
5802.4,28
5803.6,33
5804.2,12
5804.8,14
5805.5,36
5805.5,13
5805.7,11
5806.2,18
5806.4,24
5806.7,1
5808.1,29
5808.4,10
5808.7,38
5808.8,23
5809.1,19
5809.3,3
5809.8,35
5810.8,25
5811.1,8
5811.9,7
5812.1,6
5814.5,5
5815.1,27
5815.1,28
5815.7,4
5815.7,26
5815.9,17
5817.3,22
5818.1,0
5818.1,13
5818.6,2
5818.6,3
5819.1,33
5819.3,21
5819.9,8
5820.2,11
5820.7,24
5821.0,29
5822.1,18
5823.5,23
5823.5,36
5823.5,37
5823.5,7
5823.5,12
5823.5,15
5823.8,1
5823.9,14
5824.4,10
5824.4,35
5825.4,34
5826.1,19
5826.5,28
5829.5,3
5829.6,29
5832.0,6
5832.9,27
5832.9,38
5833.1,26
5833.4,17
5833.4,18
5833.5,7
5833.5,8
5833.7,39
5834.0,24
5834.1,11
5834.1,35
5834.3,23
5834.5,4
5834.9,25
5834.9,33
5835.0,13
5835.1,5
5835.6,12
5835.7,1
5835.7,34
5836.7,28
5837.2,36
5838.1,3
5839.3,31
5840.9,32
5841.7,22
5841.8,7
5842.1,0
5842.9,18
5843.0,11
5843.1,8
5843.1,27
5843.9,37
5844.4,24
5844.6,21
5844.7,14
5845.7,28
5845.7,35
5846.9,26
5847.3,34
5847.9,10
5848.4,13
5848.7,2
5848.8,15
5848.9,29
5849.1,12
5849.6,3
5849.8,5
5850.0,23
5850.9,17
5851.5,11
5851.7,19
5851.9,4
5852.5,38
5853.1,36
5853.6,25
5853.8,24
5854.0,0
5854.3,7
5854.5,1
5854.7,35
5855.5,28
5855.7,21
5855.7,33
5855.8,18
5856.5,8
5856.6,27
5859.4,22
5861.8,13
5862.4,39
5862.5,26
5862.5,29
5863.0,36
5863.0,37
5864.4,14
5864.6,3
5865.0,8
5865.0,28
5865.4,1
5865.4,7
5865.7,20
5865.7,24
5866.4,17
5866.9,23
5867.3,11
5868.9,2
5868.9,10
5869.2,12
5871.3,18
5871.7,3
5872.8,4
5872.8,27
5872.9,35
5874.8,34
5875.5,26
5875.7,0
5875.7,5
5875.7,13
5875.9,24
5876.4,22
5876.4,33
5878.2,28
5878.4,21
5878.9,7
5878.9,11
5879.4,17
5879.9,14
5879.9,36
5880.9,32
5881.1,15
5881.9,3
5882.3,8
5882.4,25
5883.7,38
5883.8,29
5884.2,1
5884.4,12
5884.4,19
5884.7,13
5884.8,18
5885.1,5
5885.3,10
5885.7,6
5886.4,35
5887.0,23
5887.0,24
5887.1,37
5888.5,7
5888.8,33
5888.9,11
5889.3,3
5889.8,2
5890.3,28
5890.4,0
5890.9,4
5891.5,17
5892.1,8
5892.7,13
5893.0,34
5894.8,22
5895.1,29
5896.6,36
5897.3,26
5897.9,15
5897.9,21
5897.9,24
5898.0,14
5898.0,18
5898.7,12
5898.7,27
5898.7,35
5898.8,3
5899.2,28
5899.6,39
5899.7,7
5899.7,13
5899.7,23
5900.5,10
5901.0,33
5901.1,20
5902.2,25
5902.6,38
5903.5,6
5903.7,8
5904.3,0
5905.3,29
5905.5,37
5905.8,1
5906.8,7
5906.8,19
5907.2,3
5907.5,11
5907.8,13
5907.9,24
5908.3,5
5908.3,34
5909.5,28
5909.6,36
5909.7,16
5909.7,35
5910.4,17
5910.6,12
5910.9,18
5912.9,21
5913.5,2
5913.8,26
5914.1,7
5914.4,23
5914.9,14
5917.5,10
5918.0,3
5918.0,27
5918.9,29
5919.1,33
5919.1,38
5919.3,8
5919.3,9
5919.5,13
5919.9,24
5920.2,34
5920.5,1
5920.6,11
5921.2,32
5922.1,4
5922.1,35
5922.2,5
5922.4,28
5922.5,37
5922.8,12
5923.0,25
5923.1,18
5923.7,0
5924.9,17
5925.5,22
5926.9,31
5927.8,3
5927.8,7
5928.7,19
5929.0,28
5929.2,23
5929.5,13
5930.2,8
5930.2,26
5931.0,14
5931.0,29
5931.0,36
5932.0,11
5932.2,24
5932.5,27
5933.0,35
5933.2,21
5934.3,33
5934.4,10
5934.4,25
5934.8,39
5935.2,18
5936.1,38
5936.3,37
5936.5,7
5937.5,1
5939.4,2
5939.6,13
5939.7,28
5939.9,35
5940.2,36
5940.8,12
5941.0,34
5941.2,3
5941.7,14
5943.2,24
5943.6,17
5943.9,26
5944.6,23
5945.5,22
5946.1,11
5946.2,7
5947.4,29
5948.2,15
5948.3,4
5948.5,8
5949.3,0
5949.7,20
5949.8,31
5950.4,37
5951.0,28
5952.1,5
5952.8,27
5953.3,1
5954.3,36
5954.6,13
5954.9,3
5955.2,21
5955.3,18
5955.4,26
5955.7,24
5956.0,19
5956.3,11
5956.7,17
5956.7,38
5956.8,33
5957.2,34
5957.4,29
5958.2,8
5959.1,25
5959.3,12
5959.4,28
5959.6,7
5960.2,23
5960.7,35
5961.0,4
5962.9,10
5963.3,13
5963.5,11
5963.9,2
5964.3,9
5964.4,14
5967.0,28
5967.6,7
5970.0,24
5970.1,18
5970.6,0
5970.6,8
5970.6,27
5970.9,3
5971.0,26
5971.9,35
5972.1,1
5972.4,17
5972.9,36
5973.1,6
5973.1,21
5973.4,4
5973.4,13
5973.6,7
5973.7,5
5974.2,29
5974.3,10
5975.1,33
5976.0,37
5976.1,14
5976.7,34
5977.7,28
5978.1,12
5978.1,24
5980.2,8
5980.3,21
5980.5,11
5981.0,20
5981.1,2
5981.2,32
5981.4,3
5981.4,23
5981.7,18
5983.2,1
5983.9,17
5983.9,37
5984.6,29
5984.9,7
5985.3,22
5986.4,26
5987.7,13
5989.0,34
5989.4,25
5989.6,38
5989.7,36
5990.2,31
5990.4,35
5991.2,4
5991.4,28
5992.3,24
5993.0,0
5993.0,33
5993.3,8
5993.3,39
5993.4,18
5993.5,12
5994.4,3
5995.1,15
5995.6,10
5996.5,21
5996.9,7
5997.3,11
5997.8,19
5998.0,27
5998.8,38
5999.1,5
5999.2,29
5999.5,17
5999.8,36
6000.3,14
6001.6,13
6002.7,22
6003.5,8
6003.7,28
6003.9,3
6003.9,37
6004.3,34
6004.4,12
6004.4,18
6004.5,1
6004.5,2
6004.6,35
6004.8,24
6004.8,26
6004.9,9
6004.9,23
6006.2,33
6006.4,7
6007.3,25
6009.1,29
6011.3,38
6012.1,17
6012.4,13
6012.9,4
6014.4,28
6014.6,21
6014.8,0
6015.7,8
6015.9,14
6016.2,16
6016.3,39
6016.4,6
6016.6,15
6016.7,27
6016.9,7
6016.9,11
6017.1,33
6017.1,36
6017.3,10
6017.4,12
6018.0,24
6018.2,3
6018.2,35
6020.2,37
6021.5,18
6021.5,25
6022.2,26
6022.7,4
6023.1,1
6023.5,21
6023.6,5
6024.1,19
6024.7,34
6024.9,2
6024.9,13
6026.1,28
6026.6,24
6026.8,8
6026.9,17
6027.2,29
6027.3,7
6027.9,36
6028.0,3
6028.7,23
6030.3,35
6031.1,11
6031.5,12
6032.5,38
6032.7,32
6033.9,28
6034.1,6
6034.3,10
6034.5,0
6034.5,31
6034.7,27
6034.9,4
6035.2,15
6035.2,37
6035.8,13
6035.8,20
6038.3,1
6038.3,2
6038.3,26
6039.3,3
6039.3,14
6039.4,21
6039.5,8
6039.6,29
6039.7,34
6040.2,7
6040.2,22
6040.3,35
6041.0,18
6041.1,24
6041.2,25
6041.3,33
6042.2,28
6042.3,39
6042.5,36
6043.0,9
6043.3,17
6045.2,37
6047.0,19
6047.1,15
6047.3,13
6048.4,5
6048.7,7
6049.1,12
6049.1,23
6049.3,38
6049.5,27
6049.9,0
6050.2,11
6050.2,29
6050.5,8
6051.8,3
6052.0,28
6053.6,10
6053.7,24
6053.7,26
6054.0,22
6055.0,35
6055.2,14
6055.2,7
6055.4,18
6056.4,36
6058.5,1
6059.1,4
6059.6,12
6059.8,11
6059.9,21
6060.0,29
6061.1,34
6061.3,3
6061.3,25
6061.6,13
6062.1,38
6062.7,28
6063.2,24
6064.3,17
6065.0,8
6065.4,27
6065.5,2
6065.5,7
6065.7,26
6068.6,4
6069.4,10
6069.9,14
6069.9,18
6070.2,5
6070.2,33
6070.4,35
6070.9,36
6071.6,11
6072.2,0
6073.5,8
6074.1,3
6074.1,28
6074.4,26
6074.6,23
6074.8,1
6075.0,7
6075.3,21
6075.7,37
6076.3,22
6076.5,13
6076.9,29
6077.8,38
6078.6,4
6079.4,19
6079.6,18
6080.5,12
6081.4,25
6082.1,20
6082.1,28
6082.2,11
6082.5,10
6082.6,36
6082.7,3
6082.7,33
6082.9,17
6082.9,27
6083.0,24
6083.4,7
6084.6,34
6088.4,1
6088.5,35
6090.1,2
6090.6,29
6091.2,13
6091.6,24
6091.8,3
6092.8,8
6093.0,11
6093.0,26
6093.8,21
6094.5,28
6094.8,36
6095.5,18
6095.6,5
6095.7,0
6096.4,14
6096.5,31
6096.7,7
6097.2,12
6097.2,23
6097.8,17
6097.9,15
6098.2,39
6098.4,32
6098.8,38
6099.2,33
6100.1,4
6100.4,6
6102.2,27
6102.3,24
6102.3,25
6103.0,10
6103.0,22
6103.1,19
6103.3,28
6104.0,29
6104.0,8
6104.2,34
6104.3,5
6104.3,3
6104.3,13
6104.3,30
6105.0,1
6105.8,26
6105.8,37
6106.0,2
6106.6,35
6107.8,11
6107.9,7
6108.2,36
6109.9,12
6110.0,17
6113.5,33
6114.2,28
6115.0,20
6115.3,24
6115.4,3
6115.4,18
6116.1,11
6117.7,14
6117.7,7
6117.7,23
6117.9,8
6117.9,10
6118.2,2
6118.9,22
6119.4,0
6119.8,27
6120.3,12
6120.9,36
6121.0,13
6121.0,16
6121.1,38
6121.3,1
6121.3,29
6121.7,21
6121.7,35
6122.3,26
6122.9,4
6123.4,37
6123.8,34
6124.0,3
6124.1,8
6124.7,17
6124.7,28
6124.9,2
6127.0,39
6127.7,24
6127.8,7
6129.4,15
6129.7,5
6130.5,11
6131.5,33
6133.0,19
6133.2,36
6133.4,35
6133.6,21
6133.7,13
6134.2,25
6134.6,1
6134.6,3
6134.7,38
6135.0,18
6135.8,29
6136.5,8
6136.7,37
6136.9,14
6137.2,0
6137.3,7
6137.7,10
6137.9,28
6138.6,22
6138.9,23
6139.0,32
6139.0,34
6139.3,12
6139.9,27
6140.9,11
6141.2,24
6143.6,17
6146.1,19
6146.4,4
6147.3,6
6147.9,1
6147.9,7
6147.9,36
6148.2,35
6148.2,8
6148.6,13
6148.9,24
6149.3,21
6149.4,28
6149.7,26
6150.3,3
6152.2,12
6152.5,5
6152.5,29
6153.6,18
6153.9,25
6155.2,33
6155.6,0
6156.1,11
6156.3,13
6157.2,38
6157.9,10
6158.8,8
6159.3,7
6160.4,26
6160.7,24
6160.9,29
6160.9,36
6161.1,22
6161.1,23
6161.3,2
6161.5,28
6161.7,20
6162.3,3
6162.3,15
6164.9,35
6165.0,34
6165.2,17
6166.5,27
6166.8,37
6167.7,8
6167.8,18
6168.0,12
6168.0,33
6168.3,13
6168.3,21
6168.7,1
6169.3,7
6169.3,19
6169.6,0
6169.6,14
6171.2,28
6172.3,11
6172.6,4
6172.6,38
6173.7,5
6173.9,29
6174.3,13
6174.4,24
6175.4,36
6176.0,2
6176.5,3
6176.5,25
6176.8,33
6177.8,22
6178.7,23
6178.9,10
6179.3,6
6179.5,8
6180.2,7
6181.6,26
6181.7,37
6182.8,28
6183.1,11
6184.5,18
6185.5,17
6185.6,39
6186.1,24
6186.3,9
6186.3,3
6186.3,13
6186.6,29
6186.7,27
6187.1,21
6187.6,2
6187.6,12
6188.2,36
6188.2,35
6189.7,0
6189.9,34
6190.0,1
6191.1,14
6191.2,8
6191.5,33
6191.8,22
6192.6,18
6193.1,10
6193.1,15
6193.7,3
6193.8,5
6193.8,28
6193.9,7
6194.2,26
6195.9,11
6196.8,25
6197.5,32
6197.7,24
6197.9,2
6198.1,23
6198.5,13
6198.5,29
6199.8,17
6200.4,18
6201.1,4
6201.3,36
6201.6,37
6201.7,35
6202.8,33
6203.6,8
6203.9,27
6204.4,3
6205.9,21
6206.1,12
6206.1,38
6206.6,28
6206.9,0
6207.0,26
6207.7,5
6208.2,19
6208.3,22
6208.6,7
6210.3,17
6210.6,24
6212.0,34
6212.6,29
6213.0,1
6213.2,18
6213.8,11
6214.0,13
6214.9,9
6215.0,3
6216.4,36
6216.5,20
6216.6,8
6216.7,10
6217.0,35
6217.4,14
6217.9,15
6218.1,19
6218.2,2
6218.3,7
6218.3,12
6218.3,27
6218.6,23
6219.2,16
6219.3,21
6219.3,25
6219.7,17
6219.8,28
6221.3,26
6224.2,37
6224.3,3
6224.4,6
6224.8,4
6224.8,13
6225.0,24
6225.7,33
6226.9,11
6228.0,18
6228.2,7
6228.3,5
6228.3,17
6228.4,39
6228.6,38
6228.8,29
6229.9,35
6230.1,1
6230.2,36
6230.3,8
6230.7,28
6230.8,12
6231.4,2
6232.3,34
6232.6,21
6232.9,0
6233.9,14
6234.0,13
6235.4,32
6236.1,3
6237.0,7
6237.4,10
6237.5,26
6237.9,23
6238.0,27
6238.2,11
6238.2,22
6238.2,37
6238.9,29
6239.4,24
6239.6,17
6239.9,4
6241.1,8
6241.8,28
6241.9,35
6242.0,6
6242.5,19
6243.0,36
6243.2,25
6243.5,18
6243.9,5
6244.8,21
6245.9,0
6246.0,26
6246.3,15
6246.4,3
6246.5,33
6247.3,34
6247.7,11
6248.1,13
6248.8,38
6249.4,12
6249.8,29
6250.3,7
6250.3,8
6251.0,14
6251.1,24
6251.5,1
6252.0,35
6252.2,17
6253.3,18
6253.7,28
6254.0,22
6254.1,4
6254.4,27
6254.4,37
6255.6,36
6256.1,26
6257.2,5
6257.3,10
6257.8,2
6258.0,23
6258.0,24
6259.4,29
6260.7,12
6261.6,35
6262.0,7
6262.3,33
6262.5,3
6263.5,11
6263.9,13
6264.4,18
6264.9,1
6265.0,8
6265.6,28
6265.7,39
6265.9,4
6266.4,25
6266.5,14
6267.1,0
6268.5,24
6269.2,17
6270.4,38
6272.3,35
6272.6,23
6272.7,2
6273.0,15
6273.8,3
6273.9,21
6274.0,7
6274.2,36
6274.6,33
6274.7,28
6274.9,27
6275.0,29
6275.1,13
6275.3,26
6275.4,14
6275.6,22
6276.3,37
6276.6,34
6276.9,4
6277.0,9
6277.0,32
6277.2,8
6277.5,11
6278.1,19
6280.2,24
6281.1,10
6281.3,1
6281.5,12
6282.1,18
6282.9,5
6283.1,25
6283.2,17
6283.3,23
6283.3,28
6283.6,6
6284.8,3
6285.1,0
6286.7,13
6287.2,11
6287.3,24
6287.5,35
6288.8,27
6289.4,4
6289.4,7
6289.8,21
6290.0,29
6291.3,8
6291.5,37
6292.0,14
6292.4,34
6292.9,22
6293.0,2
6293.2,36
6293.3,28
6293.7,26
6294.0,7
6294.4,3
6295.4,10
6295.8,24
6297.0,1
6297.0,11
6297.1,38
6297.9,13
6297.9,17
6298.2,18
6298.9,25
6300.4,33
6300.7,12
6301.9,0
6302.7,7
6302.7,8
6303.0,29
6303.1,23
6303.4,5
6303.4,26
6304.0,35
6305.4,19
6305.7,28
6305.9,3
6306.9,27
6309.1,14
6309.1,18
6309.2,21
6309.2,39
6309.3,24
6309.3,38
6309.7,33
6309.8,17
6310.1,13
6310.2,1
6310.2,25
6310.2,37
6310.3,36
6310.7,6
6310.7,11
6310.9,29
6311.3,7
6311.6,32
6313.2,10
6313.9,23
6314.0,8
6314.4,2
6314.4,3
6315.1,28
6316.1,26
6318.4,22
6318.6,4
6318.9,34
6318.9,35
6319.2,18
6319.3,12
6320.0,11
6320.2,0
6320.2,24
6320.7,5
6322.1,27
6323.7,3
6324.6,6
6325.0,21
6325.4,8
6325.4,13
6326.0,1
6326.1,7
6326.4,36
6327.2,38
6327.3,28
6327.6,18
6327.7,29
6327.9,25
6328.4,14
6329.3,19
6331.4,15
6331.4,20
6331.7,17
6331.7,26
6331.9,24
6332.0,0
6332.1,39
6332.3,5
6332.4,3
6332.7,9
6333.1,35
6334.0,8
6334.2,2
6334.3,6
6334.4,34
6334.8,11
6335.3,28
6335.5,10
6337.1,7
6337.9,12
6338.3,23
6338.3,33
6339.6,1
6339.7,29
6339.9,13
6340.6,22
6342.6,11
6342.6,37
6342.9,8
6343.0,36
6343.1,4
6343.3,35
6343.6,18
6344.0,3
6344.3,27
6344.6,28
6345.4,24
6346.7,0
6346.8,21
6347.2,17
6347.6,34
6347.8,13
6348.1,5
6348.5,2
6348.7,26
6348.8,36
6349.6,29
6351.1,25
6351.2,15
6351.2,18
6352.5,38
6352.7,11
6353.0,7
6353.1,3
6353.2,33
6354.0,12
6354.0,37
6354.5,1
6354.8,10
6355.7,28
6355.8,14
6356.0,19
6356.4,8
6358.1,13
6358.1,35
6358.4,23
6359.3,17
6359.6,24
6362.0,7
6363.4,29
6363.5,27
6364.1,28
6364.1,36
6364.8,38
6365.4,26
6365.8,18
6365.8,34
6366.4,8
6367.2,3
6367.4,5
6367.4,19
6368.0,4
6368.0,12
6368.0,32
6368.7,39
6368.9,33
6369.0,11
6369.4,0
6369.9,22
6370.2,13
6370.6,17
6370.7,21
6371.0,25
6371.9,7
6372.8,36
6373.2,1
6373.5,28
6373.6,24
6374.7,35
6375.3,15
6375.7,9
6375.9,29
6376.2,37
6376.4,10
6376.4,14
6377.8,6
6377.9,13
6378.7,26
6379.5,3
6380.8,38
6381.3,8
6381.5,12
6381.5,18
6381.7,0
6382.2,23
6382.4,28
6383.5,20
6383.7,7
6384.4,2
6385.4,35
6386.0,36
6386.0,34
6386.3,11
6387.5,5
6387.7,24
6387.7,27
6389.1,3
6389.1,25
6389.2,29
6389.4,17
6389.8,33
6389.9,37
6390.0,4
6390.5,18
6390.8,8
6391.1,21
6391.5,13
6391.7,19
6392.6,28
6392.8,7
6393.8,0
6393.9,10
6394.7,26
6395.4,3
6396.2,22
6396.2,24
6396.4,38
6397.4,1
6398.8,13
6399.2,15
6399.2,35
6399.4,19
6399.5,14
6399.7,2
6400.0,32
6400.0,34
6400.9,23
6401.0,28
6401.8,17
6402.1,7
6402.2,39
6402.6,5
6402.6,12
6402.6,27
6402.7,33
6403.1,11
6403.3,8
6404.2,29
6405.1,36
6405.7,18
6408.1,3
6409.0,4
6409.5,24
6409.6,21
6409.6,35
6409.9,25
6410.2,37
6410.3,26
6410.9,13
6412.6,7
6412.6,11
6413.6,8
6414.1,1
6414.4,23
6414.6,28
6415.6,18
6415.9,38
6416.5,22
6416.7,3
6416.8,33
6417.1,36
6417.1,14
6417.1,24
6418.0,5
6418.9,17
6419.0,19
6419.1,12
6419.1,29
6419.5,10
6419.5,13
6420.0,0
6420.6,9
6421.6,6
6422.9,2
6423.5,7
6424.0,8
6424.1,27
6425.3,35
6425.5,28
6426.0,4
6426.0,37
6427.0,11
6427.0,24
6427.3,26
6427.5,25
6429.6,3
6429.6,17
6430.0,18
6430.2,23
6430.8,39
6431.0,21
6431.1,14
6431.2,7
6431.6,13
6432.2,1
6432.5,36
6432.7,11
6433.7,10
6434.5,33
6434.5,34
6434.6,22
6435.0,28
6435.1,29
6435.5,24
6435.8,2
6435.8,8
6436.4,19
6437.0,4
6437.0,0
6437.5,38
6438.1,37
6439.3,35
6439.7,12
6441.0,3
6441.5,5
6442.6,7
6443.2,8
6443.2,17
6444.5,32
6444.7,28
6444.8,13
6444.9,14
6445.4,1
6445.6,18
6445.6,26
6445.6,27
6446.4,21
6446.6,29
6447.9,36
6449.8,33
6451.0,25
6451.5,7
6451.9,35
6451.9,24
6452.1,11
6453.0,10
6453.4,8
6454.2,2
6454.6,39
6454.6,1
6454.9,19
6454.9,29
6455.6,5
6456.1,3
6457.9,12
6458.0,23
6459.3,22
6460.2,13
6460.8,17
6460.8,28
6460.9,37
6461.1,36
6461.3,34
6461.4,18
6461.6,26
6461.7,14
6461.7,4
6461.7,25
6461.9,0
6462.0,15
6462.2,38
6462.4,27
6462.5,7
6462.9,6
6462.9,21
6462.9,3
6464.4,24
6465.0,8
6465.9,29
6466.4,35
6467.4,11
6468.5,20
6468.6,1
6469.1,28
6469.3,5
6469.6,12
6470.5,7
6471.3,33
6472.4,2
6472.4,13
6473.4,8
6473.5,19
6473.9,17
6474.5,10
6475.1,37
6476.9,18
6476.9,29
6477.2,1
6477.2,36
6477.5,28
6477.7,34
6477.8,3
6478.9,23
6479.0,24
6479.1,35
6480.1,27
6480.3,14
6481.3,7
6481.5,38
6482.8,0
6482.8,26
6483.1,8
6483.1,13
6483.5,5
6483.6,11
6484.1,21
6484.8,25
6486.3,15
6486.7,6
6486.7,28
6486.7,37
6486.9,24
6487.3,18
6488.0,3
6488.1,4
6488.8,17
6490.0,33
6491.8,12
6492.0,39
6492.6,2
6492.7,35
6492.9,22
6493.2,23
6493.6,11
6493.6,14
6493.8,32
6494.1,36
6495.0,1
6495.0,13
6495.0,29
6495.2,7
6495.5,10
6495.6,21
6496.1,38
6496.7,28
6498.2,8
6499.4,27
6499.5,18
6501.0,3
6501.2,26
6502.0,7
6503.4,4
6503.4,24
6504.2,8
6504.5,25
6504.7,28
6504.9,2
6504.9,0
6505.5,21
6505.7,29
6506.6,17
6506.8,12
6507.0,19
6507.2,1
6507.2,6
6507.8,22
6507.8,36
6508.0,11
6508.7,10
6509.5,33
6510.1,35
6510.2,37
6511.1,39
6511.6,31
6511.7,13
6512.1,3
6512.3,7
6512.5,27
6512.7,8
6513.1,38
6513.8,1
6513.9,17
6514.7,5
6514.7,24
6515.9,28
6516.1,26
6516.2,18
6517.1,34
6518.4,15
6518.6,0
6518.9,14
6519.3,36
6520.3,4
6520.3,29
6521.6,7
6521.9,23
6522.0,25
6522.6,12
6522.9,37
6523.5,3
6523.9,8
6523.9,11
6525.0,13
6525.0,28
6525.7,27
6525.9,33
6526.3,38
6526.6,18
6526.6,22
6527.2,35
6527.8,32
6528.7,2
6529.6,21
6529.6,24
6530.2,1
6531.1,3
6531.9,29
6533.1,8
6533.6,12
6533.6,34
6533.7,20
6534.1,17
6534.1,28
6534.5,7
6534.9,23
6535.1,39
6535.5,37
6536.5,0
6536.6,19
6536.7,5
6537.3,10
6537.3,33
6537.3,6
6537.6,36
6538.1,14
6538.1,26
6538.4,13
6538.8,11
6540.0,18
6540.8,1
6541.6,8
6542.6,35
6542.8,28
6542.9,4
6542.9,7
6543.0,24
6543.6,29
6545.0,3
6546.5,12
6546.5,22
6546.6,38
6548.5,18
6549.7,17
6550.2,11
6550.2,27
6551.3,0
6551.6,23
6552.5,13
6553.6,21
6554.2,28
6554.2,36
6554.3,3
6554.4,33
6554.7,35
6555.2,24
6555.2,26
6555.3,10
6555.5,29
6556.3,15
6557.3,37
6558.9,9
6559.2,22
6559.3,18
6559.6,38
6559.7,4
6559.8,8
6560.0,1
6560.6,14
6561.2,17
6562.0,7
6563.3,25
6563.7,28
6563.8,5
6564.0,2
6564.3,3
6564.6,24
6566.2,34
6566.8,31
6566.8,39
6566.9,11
6567.0,13
6567.0,12
6568.3,18
6569.6,10
6571.1,28
6571.1,36
6572.2,0
6572.4,29
6572.5,26
6572.5,35
6574.0,22
6574.3,7
6574.5,21
6574.7,19
6575.0,11
6575.2,1
6575.3,8
6575.6,12
6575.8,24
6576.2,37
6576.6,39
6576.8,2
6576.8,17
6577.0,33
6577.3,25
6578.5,27
6578.5,32
6579.0,4
6579.3,3
6579.5,38
6579.9,5
6580.5,14
6583.1,10
6583.4,28
6583.6,24
6584.0,18
6585.1,7
6585.4,1
6586.1,23
6586.1,34
6586.4,33
6586.7,8
6587.1,11
6587.1,29
6587.2,35
6587.3,36
6587.5,13
6587.9,6
6588.2,27
6588.7,0
6590.2,17
6590.6,3
6591.2,28
6591.4,38
6591.6,15
6591.7,22
6593.1,25
6593.2,5
6593.8,12
6593.9,26
6596.2,14
6596.9,18
6597.2,7
6597.2,8
6597.6,2
6597.7,24
6598.5,10
6598.9,11
6599.4,13
6599.4,27
6600.9,1
6601.7,35
6602.3,28
6603.3,36
6603.8,4
6604.0,3
6604.0,21
6604.0,26
6604.1,37
6604.7,29
6605.1,0
6606.0,8
6606.5,7
6607.8,24
6608.9,13
6610.2,18
6610.5,20
6610.7,34
6612.0,12
6612.4,5
6612.4,22
6612.6,11
6612.8,3
6613.4,33
6614.1,38
6614.2,2
6614.3,17
6614.4,25
6614.5,19
6614.6,9
6615.2,14
6615.3,28
6615.3,29
6615.8,18
6616.3,24
6616.5,35
6616.7,7
6616.7,27
6616.9,26
6617.1,39
6617.5,10
6617.7,13
6618.3,8
6618.3,23
6619.4,36
6620.6,6
6622.7,11
6622.8,31
6622.9,0
6622.9,17
6622.9,21
6623.2,1
6623.3,14
6623.5,3
6623.6,37
6624.4,29
6626.2,28
6627.0,24
6627.6,13
6627.9,2
6628.6,22
6628.6,38
6629.3,4
6629.5,12
6630.0,8
6630.2,7
6630.7,35
6630.9,18
6631.9,26
6631.9,36
6633.7,34
6634.1,3
6634.7,37
6634.9,21
6635.5,1
6635.5,29
6635.9,10
6635.9,17
6636.4,5
6637.3,19
6637.5,27
6638.7,23
6638.7,32
6639.4,15
6639.6,11
6639.7,35
6640.0,7
6640.1,28
6641.4,25
6641.6,8
6641.7,24
6641.8,2
6642.4,3
6642.5,0
6642.6,13
6644.8,18
6645.0,14
6645.2,12
6646.7,33
6648.8,39
6649.5,1
6650.1,29
6650.7,28
6650.8,17
6650.9,38
6651.1,27
6651.1,36
6651.5,11
6651.7,24
6652.0,21
6652.5,37
6652.7,8
6652.7,26
6653.3,25
6653.4,3
6653.6,22
6653.9,35
6654.2,5
6654.3,4
6656.5,10
6656.6,13
6656.9,7
6660.1,6
6660.1,18
6660.5,34
6661.0,28
6661.1,9
6661.5,17
6661.6,36
6663.2,7
6665.0,14
6665.2,26
6665.7,29
6665.9,3
6666.3,11
6666.6,8
6666.9,23
6667.5,1
6667.5,21
6667.5,38
6667.6,13
6667.6,0
6668.0,2
6668.3,25
6670.1,33
6670.2,24
6670.5,12
6670.9,28
6672.0,37
6672.6,10
6672.7,15
6673.1,18
6673.1,32
6673.2,4
6673.4,27
6673.7,5
6674.4,8
6675.1,3
6675.8,35
6676.1,7
6676.3,17
6677.3,29
6677.6,21
6677.9,11
6678.8,23
6679.5,36
6679.7,28
6680.2,12
6680.9,24
6681.3,13
6681.3,38
6684.0,1
6684.3,19
6685.1,26
6685.2,34
6686.0,39
6686.1,27
6687.0,14
6687.0,22
6687.4,0
6687.7,28
6688.4,33
6688.9,18
6689.2,8
6689.4,35
6689.8,29
6692.0,7
6692.0,2
6692.5,13
6692.8,25
6693.3,36
6693.8,3
6694.1,9
6694.5,10
6694.8,11
6694.9,5
6695.0,6
6695.8,24
6696.0,22
6696.7,4
6697.0,1
6697.7,17
6697.9,37
6698.0,21
6698.1,23
6698.3,26
6698.5,20
6698.9,12
6699.5,13
6699.7,18
6700.0,15
6700.0,35
6701.4,34
6701.5,29
6701.6,28
6703.8,3
6704.3,8
6704.4,11
6704.9,7
6705.5,27
6706.3,24
6707.4,0
6707.4,19
6707.8,18
6707.8,23
6708.3,2
6708.4,10
6708.6,28
6709.7,12
6710.5,33
6711.1,5
6711.6,26
6712.4,13
6712.6,14
6714.8,34
6715.1,1
6715.4,38
6715.8,32
6715.9,8
6715.9,17
6716.0,29
6716.1,35
6716.2,21
6716.4,36
6716.9,7
6716.9,25
6717.6,22
6719.9,3
6719.9,4
6720.6,18
6721.1,0
6721.4,37
6721.5,27
6721.7,28
6722.2,11
6722.2,26
6723.2,7
6723.3,33
6724.3,15
6724.6,29
6724.9,24
6725.3,10
6725.3,39
6725.7,5
6726.1,13
6726.2,8
6726.5,1
6726.6,12
6728.0,17
6729.0,18
6729.6,36
6730.1,2
6730.1,19
6730.4,23
6731.0,6
6732.0,7
6732.0,24
6732.0,35
6732.2,3
6732.2,28
6733.4,29
6733.5,21
6736.1,8
6736.2,34
6736.4,14
6736.5,38
6737.2,11
6737.3,25
6737.6,27
6739.6,10
6741.0,1
6741.1,18
6741.3,22
6741.7,0
6741.7,28
6742.1,13
6742.1,33
6742.2,12
6742.4,17
6742.4,26
6743.3,24
6743.8,35
6744.1,37
6744.2,36
6744.8,29
6745.2,7
6745.7,4
6747.3,5
6747.4,3
6747.4,11
6748.8,14
6749.7,8
6751.3,23
6751.4,28
6753.9,36
6754.1,19
6754.4,7
6754.4,17
6754.8,13
6754.8,18
6754.9,21
6755.2,1
6755.2,2
6755.5,32
6755.6,0
6756.2,24
6756.4,29
6756.8,10
6757.3,33
6757.4,26
6757.5,27
6758.1,35
6758.7,12
6759.5,5
6760.3,14
6761.9,22
6762.2,11
6762.8,8
6762.8,28
6762.8,34
6763.0,15
6763.3,39
6763.7,3
6764.0,25
6764.3,7
6764.8,37
6765.0,4
6765.9,18
6766.0,0
6766.4,17
6767.0,13
6767.5,2
6767.5,23
6767.6,6
6769.0,36
6770.5,12
6770.9,35
6771.1,38
6771.4,1
6771.7,24
6771.8,31
6771.9,21
6772.2,29
6773.4,26
6774.6,25
6774.6,27
6774.7,8
6776.0,17
6776.3,13
6776.5,33
6777.0,28
6777.9,10
6778.0,34
6778.2,11
6779.7,23
6780.2,36
6780.3,7
6780.6,3
6783.7,14
6783.7,29
6783.8,22
6784.0,12
6785.3,35
6785.4,32
6785.6,26
6785.7,24
6786.1,11
6786.3,18
6786.3,37
6786.6,28
6787.3,1
6787.4,38
6787.5,4
6787.6,21
6787.8,17
6788.4,8
6788.4,39
6788.9,20
6789.1,13
6789.3,0
6789.6,33
6789.7,5
6790.5,2
6790.5,3
6791.2,7
6791.5,25
6795.5,19
6796.2,36
6796.5,28
6797.3,29
6798.2,23
6798.3,27
6798.5,0
6798.5,10
6798.6,18
6799.1,6
6799.3,26
6799.5,8
6799.6,35
6799.7,3
6800.3,12
6800.7,11
6801.1,13
6801.2,15
6801.3,34
6801.4,7
6801.5,24
6801.8,33
6805.0,38
6805.8,17
6806.6,1
6807.7,21
6809.6,28
6809.7,3
6809.8,14
6809.9,5
6810.0,18
6810.1,0
6810.2,4
6810.4,8
6810.7,10
6811.1,35
6811.6,13
6811.9,11
6811.9,26
6812.3,36
6812.4,24
6812.8,22
6813.9,7
6814.0,37
6815.0,29
6815.8,34
6816.6,1
6817.3,27
6817.5,17
6818.0,39
6818.3,12
6818.6,13
6819.6,2
6819.6,25
6819.7,23
6819.7,33
6820.2,38
6820.3,3
6820.3,8
6820.7,35
6821.0,18
6821.1,26
6821.9,21
6823.0,15
6823.1,11
6823.2,19
6824.1,28
6824.3,24
6824.9,7
6826.1,1
6826.4,0
6826.8,5
6827.5,29
6827.7,36
6829.6,33
6830.2,3
6831.0,10
6831.4,13
6831.5,22
6831.8,8
6831.9,35
6832.8,18
6832.9,34
6833.6,28
6834.3,32
6834.8,7
6834.8,17
6834.9,37
6837.3,11
6837.4,23
6837.6,4
6837.9,16
6838.0,29
6838.3,2
6839.6,12
6839.7,21
6840.0,6
6841.9,38
6842.2,24
6843.1,36
6843.2,3
6843.4,1
6843.5,8
6843.7,14
6844.1,13
6844.6,27
6844.6,28
6844.7,0
6844.8,26
6845.1,7
6845.1,35
6846.3,20
6846.4,17
6846.5,34
6846.8,37
6848.0,18
6848.8,29
6849.1,24
6850.4,11
6851.1,22
6851.6,19
6851.7,33
6852.0,5
6852.2,7
6852.3,3
6852.5,28
6852.6,21
6852.7,13
6853.6,25
6854.7,26
6854.8,36
6855.4,12
6855.8,8
6855.8,18
6857.2,10
6857.6,17
6857.8,29
6858.7,14
6859.6,2
6860.0,35
6860.2,23
6861.2,1
6861.3,27
6861.4,24
6861.6,0
6861.6,28
6861.9,38
6863.8,5
6864.5,3
6864.5,39
6865.2,4
6866.1,7
6866.8,33
6867.7,29
6869.5,8
6870.7,18
6871.8,26
6871.8,28
6872.9,36
6873.0,12
6873.0,24
6873.3,34
6873.4,21
6873.5,17
6873.9,31
6873.9,37
6874.0,13
6874.1,11
6874.3,27
6874.5,20
6875.9,0
6876.0,2
6876.0,15
6876.6,7
6876.7,3
6876.8,6
6876.8,32
6876.9,22
6876.9,23
6878.8,29
6879.3,8
6879.5,28
6879.7,14
6880.3,19
6880.3,24
6881.1,35
6882.2,18
6882.7,1
6884.0,36
6885.1,13
6885.2,5
6885.2,25
6885.5,12
6885.6,33
6885.9,34
6886.5,26
6886.7,10
6886.8,11
6887.0,3
6887.4,17
6887.5,7
6887.7,38
6888.6,37
6891.2,35
6891.4,4
6891.9,28
6892.2,23
6892.9,39
6893.1,24
6893.2,8
6893.5,36
6893.9,27
6894.6,14
6895.1,3
6895.2,0
6895.2,13
6895.2,29
6896.9,18
6897.0,25
6897.1,2
6897.9,15
6897.9,17
6898.3,19
6898.7,6
6899.0,1
6899.2,37
6899.5,11
6899.5,22
6900.9,33
6901.2,7
6901.7,35
6902.6,26
6903.5,36
6904.1,12
6904.3,21
6904.7,28
6905.4,8
6905.6,0
6907.2,13
6907.5,3
6907.5,29
6908.4,18
6908.8,1
6908.9,24
6909.1,7
6909.4,34
6909.5,5
6911.0,10
6911.8,8
6912.6,27
6912.9,25
6913.9,37
6914.1,11
6915.0,38
6915.6,39
6916.3,13
6916.5,4
6916.8,22
6917.1,14
6917.3,26
6917.6,28
6917.9,17
6917.9,19
6918.2,18
6918.3,7
6918.3,35
6918.9,9
6918.9,21
6919.1,2
6919.7,29
6919.8,3
6919.9,1
6920.4,24
6920.6,12
6921.0,36
6921.5,0
6925.3,28
6925.6,23
6925.9,33
6927.0,11
6927.1,15
6927.3,8
6928.6,27
6928.8,5
6928.9,32
6929.5,13
6929.8,36
6930.1,22
6930.3,24
6930.5,37
6930.6,21
6930.7,29
6930.8,17
6931.1,14
6931.7,3
6931.8,1
6933.0,7
6933.6,10
6935.3,35
6935.6,26
6935.9,18
6936.0,2
6936.4,11
6937.3,8
6937.4,4
6937.4,34
6937.6,12
6937.6,27
6937.7,25
6938.1,6
6938.4,19
6938.4,38
6939.5,28
6941.5,7
6942.9,33
6943.1,3
6943.7,24
6944.7,37
6945.0,29
6945.4,14
6945.7,0
6946.0,18
6946.5,23
6946.5,36
6946.6,5
6946.8,35
6946.9,31
6947.7,13
6947.9,28
6948.2,12
6948.3,17
6948.4,25
6948.7,11
6948.7,21
6948.9,3
6949.6,1
6950.0,10
6950.2,9
6950.5,8
6954.4,22
6956.2,24
6957.0,26
6957.3,28
6957.5,37
6957.9,38
6958.1,7
6959.8,18
6959.9,13
6960.1,27
6960.9,0
6961.0,3
6961.3,19
6961.4,14
6961.6,11
6962.2,34
6962.3,29
6962.3,36
6962.3,39
6962.4,10
6962.7,33
6962.9,25
6962.9,35
6963.5,23
6963.6,8
6964.0,12
6964.6,4
6964.7,15
6967.0,17
6967.8,21
6967.9,2
6968.2,7
6969.2,18
6969.3,28
6970.5,29
6970.6,24
6970.8,6
6971.8,11
6971.8,26
6972.0,1
6972.9,5
6973.4,13
6975.2,3
6975.8,36
6977.4,8
6977.5,14
6977.6,22
6978.1,0
6979.2,4
6979.5,12
6979.5,34
6979.6,24
6980.8,18
6981.2,7
6981.2,33
6981.4,2
6981.8,35
6981.8,37
6982.3,38
6983.0,28
6983.5,29
6983.6,13
6983.7,17
6983.7,25
6983.9,26
6983.9,27
6984.0,23
6984.5,39
6985.0,9
6985.7,1
6986.2,8
6987.2,3
6989.0,19
6989.3,5
6990.8,7
6991.5,0
6991.5,18
6991.6,24
6991.9,11
6993.3,28
6993.6,13
6994.1,36
6994.3,37
6994.6,21
6996.2,10
6996.4,29
6996.8,23
6996.8,35
6997.0,20
6997.1,12
6997.5,8
6997.7,14
6997.7,26
6997.8,27
6998.6,2
6998.6,7
6998.7,3
6998.7,32
6999.1,17
7000.3,28
7000.5,25
7001.1,15
7001.5,1
7003.2,13
7003.2,34
7003.6,31
7004.0,38
7004.2,22
7005.4,33
7005.5,11
7005.7,24
7005.8,0
7006.0,14
7006.1,35
7006.1,36
7006.2,8
7006.4,37
7006.6,4
7007.9,7
7008.3,18
7008.4,26
7009.3,39
7009.6,6
7010.2,28
7011.0,12
7011.6,29
7012.0,17
7012.5,19
7012.9,27
7014.5,2
7015.1,10
7015.2,1
7015.2,23
7015.7,20
7016.1,21
7017.3,24
7017.3,38
7017.6,5
7017.6,8
7017.9,13
7017.9,28
7019.4,3
7019.6,36
7021.2,7
7021.5,37
7022.0,11
7022.0,35
7022.9,26
7023.3,4
7023.6,25
7023.9,8
7024.8,22
7025.0,13
7025.0,29
7025.2,18
7025.2,19
7025.6,3
7026.1,33
7026.9,12
7027.3,28
7027.8,1
7028.2,24
7028.8,14
7029.1,10
7029.4,17
7029.5,21
7030.1,32
7030.6,34
7032.2,9
7033.1,11
7033.6,8
7033.8,7
7034.2,27
7035.2,23
7035.5,36
7035.7,0
7035.7,38
7035.9,29
7036.0,24
7036.1,5
7036.3,26
7036.4,13
7036.7,28
7036.7,37
7036.9,17
7036.9,25
7037.1,18
7037.4,3
7037.5,10
7037.9,33
7039.6,22
7040.6,35
7042.1,12
7042.2,2
7042.6,1
7043.0,14
7044.2,7
7044.2,28
7044.3,24
7044.5,21
7044.6,6
7045.5,8
7045.6,19
7046.6,4
7047.0,39
7049.6,11
7049.9,15
7050.1,34
7050.2,29
7050.3,3
7050.3,13
7050.4,36
7051.4,33
7051.5,18
7053.3,35
7054.6,27
7055.3,17
7055.6,7
7056.3,28
7056.3,38
7057.0,25
7057.2,12
7058.0,3
7058.7,8
7058.8,26
7059.0,37
7060.6,0
7060.6,21
7060.9,23
7061.1,13
7061.9,2
7062.1,5
7062.1,18
7062.1,22
7062.1,32
7062.2,24
7062.5,29
7063.7,1
7063.9,14
7065.3,28
7065.5,6
7065.9,11
7065.9,36
7066.0,3
7066.5,7
7066.6,10
7067.3,8
7068.8,34
7069.6,13
7070.0,15
7072.3,26
7072.4,38
7073.6,21
7073.7,19
7073.7,24
7073.7,25
7073.9,17
7074.1,33
7074.1,35
7074.3,37
7074.4,2
7074.7,4
7074.8,28
7075.0,27
7075.8,1
7075.9,5
7075.9,22
7076.3,12
7078.0,39
7078.5,3
7078.5,23
7078.5,29
7079.3,36
7079.5,13
7079.6,7
7079.7,18
7080.0,8
7083.4,0
7083.6,28
7083.7,20
7084.8,11
7085.1,14
7085.4,10
7085.9,1
7086.0,17
7086.1,24
7086.8,18
7088.3,29
7089.4,19
7089.4,26
7089.9,38
7090.1,7
7090.2,13
7090.8,4
7090.8,6
7091.0,8
7091.2,33
7092.0,35
7093.2,21
7094.9,3
7095.0,36
7095.4,11
7095.8,25
7096.6,37
7097.1,28
7097.7,7
7099.1,5
7099.3,2
7099.5,12
7099.7,18
7099.8,38
7101.0,26
7101.1,27
7101.2,29
7101.6,1
7101.9,6
7102.0,8
7102.0,17
7102.1,23
7103.5,24
7104.0,14
7104.0,28
7105.1,22
7105.5,35
7105.9,4
7106.3,34
7106.5,13
7107.0,10
7107.4,39
7107.6,7
7107.9,36
7108.8,3
7108.8,37
7110.0,11
7110.2,0
7110.2,32
7110.3,17
7110.7,18
7110.9,33
7111.0,24
7111.1,27
7111.2,12
7112.3,15
7113.0,26
7113.3,29
7114.7,8
7114.7,13
7114.9,25
7115.2,28
7117.6,1
7117.6,5
7118.1,35
7118.8,14
7119.7,3
7119.8,19
7120.4,7
7121.0,38
7122.8,10
7122.8,17
7123.5,18
7124.5,23
7124.5,29
7124.7,24
7124.7,28
7125.5,26
7125.7,21
7126.3,8
7126.3,36
7126.9,37
7127.0,22
7127.2,11
7128.2,4
7128.3,7
7128.4,13
7128.5,2
7129.4,27
7129.5,0
7130.5,3
7133.2,34
7133.3,17
7133.9,15
7133.9,18
7133.9,25
7134.0,33
7134.3,9
7134.5,14
7134.6,37
7134.7,1
7134.9,12
7134.9,24
7134.9,39
7135.1,5
7135.1,21
7135.5,7
7137.2,28
7137.5,26
7138.6,3
7139.6,29
7139.8,23
7139.8,36
7139.9,38
7140.3,19
7140.5,35
7140.6,22
7141.2,13
7141.6,8
7141.7,0
7141.7,11
7142.1,2
7142.3,20
7143.2,10
7144.3,18
7144.7,24
7144.8,7
7145.0,31
7145.8,28
7145.9,14
7146.9,1
7147.8,13
7147.9,6
7149.1,17
7150.2,37
7151.4,4
7151.7,25
7151.9,8
7151.9,34
7152.1,27
7152.2,39
7152.7,36
7152.9,0
7152.9,12
7153.2,11
7153.2,21
7153.2,33
7153.3,3
7153.4,15
7153.4,29
7154.1,26
7154.1,38
7155.0,24
7155.8,23
7156.1,28
7157.2,35
7158.2,2
7159.4,7
7161.1,18
7161.4,5
7162.4,9
7162.5,1
7162.9,15
7162.9,22
7163.4,8
7163.4,36
7163.5,3
7163.5,14
7164.2,13
7164.9,17
7165.0,16
7165.7,29
7166.2,10
7166.8,7
7167.6,11
7168.4,28
7168.4,37
7170.2,21
7170.3,33
7170.8,24
7170.9,38
7171.1,23
7171.2,26
7171.5,2
7171.5,35
7171.7,6
7171.8,22
7173.3,34
7173.4,18
7173.6,1
7174.3,36
7174.4,12
7174.5,4
7174.5,17
7174.9,3
7175.3,27
7175.4,13
7175.7,8
7175.8,0
7176.1,28
7178.0,25
7178.3,35
7178.9,33
7179.2,29
7179.9,11
7180.4,14
7180.9,7
7182.6,10
7184.5,24
7184.5,37
7185.1,13
7185.8,19
7185.9,26
7186.2,20
7187.4,38
7188.5,18
7188.9,28
7189.0,3
7189.1,5
7189.5,29
7189.8,8
7190.5,7
7190.6,12
7190.6,21
7190.6,22
7191.2,39
7191.4,6
7191.6,11
7191.8,36
7191.9,1
7191.9,33
7192.0,35
7192.8,15
7192.9,2
7193.8,34
7194.6,4
7194.9,14
7194.9,17
7196.0,23
7196.8,18
7197.0,37
7197.1,28
7197.3,0
7197.5,7
7198.6,3
7198.9,24
7200.8,8
7200.9,26
7201.7,1
7201.8,13
7202.0,10
7202.0,11
7203.1,35
7203.6,12
7203.6,29
7204.4,27
7204.9,19
7205.3,38
7205.5,36
7206.3,22
7206.5,25
7207.1,33
7207.7,34
7208.3,5
7208.3,17
7208.4,18
7209.7,28
7210.5,3
7210.9,21
7211.0,9
7211.2,7
7212.3,8
7212.4,24
7213.6,13
7213.8,35
7215.3,23
7216.1,0
7216.1,32
7216.2,6
7216.4,4
7217.1,1
7217.8,29
7217.9,11
7217.9,28
7218.2,37
7218.6,20
7218.9,27
7219.6,26
7220.1,2
7220.3,36
7221.7,18
7222.4,17
7223.2,8
7223.5,10
7224.0,3
7224.2,33
7224.4,39
7224.5,38
7224.6,24
7225.1,7
7225.3,12
7225.4,22
7225.7,14
7227.1,34
7229.4,31
7230.9,29
7231.2,35
7231.5,1
7231.7,8
7232.2,23
7232.2,25
7232.2,28
7232.2,36
7232.3,5
7232.5,11
7232.5,21
7232.6,26
7232.7,13
7233.3,2
7233.4,4
7233.4,7
7233.5,18
7233.8,3
7234.7,27
7234.9,0
7237.3,37
7237.6,19
7239.0,15
7241.2,28
7241.3,24
7242.0,38
7242.1,22
7242.9,17
7243.3,32
7243.4,3
7244.1,12
7244.4,6
7244.5,14
7245.4,5
7245.4,20
7245.6,29
7245.7,7
7246.3,33
7246.4,36
7246.5,23
7246.8,13
7247.1,8
7247.1,18
7247.1,25
7247.2,35
7248.3,1
7248.8,21
7249.4,11
7249.5,34
7249.7,0
7250.8,26
7251.1,10
7251.6,4
7253.4,37
7253.6,28
7254.2,24
7254.3,7
7254.4,3
7254.8,17
7254.9,39
7255.8,33
7256.0,29
7256.9,2
7257.3,27
7258.7,8
7259.3,35
7259.8,13
7260.0,16
7260.4,14
7260.7,38
7260.9,36
7262.4,34
7262.7,1
7262.8,18
7263.0,37
7263.5,12
7263.8,28
7264.0,4
7264.5,23
7264.9,24
7265.2,11
7265.4,17
7265.9,5
7268.1,29
7268.2,26
7268.4,7
7268.5,3
7268.7,0
7269.1,22
7269.2,8
7269.9,10
7270.2,21
7270.4,38
7271.4,14
7272.5,2
7273.2,13
7273.8,36
7274.3,19
7274.4,17
7274.4,35
7274.7,6
7274.7,25
7274.8,27
7275.0,3
7275.7,18
7275.9,8
7275.9,12
7276.0,15
7276.0,39
7276.5,24
7276.5,33
7277.4,37
7277.5,28
7277.6,1
7279.8,7
7279.8,11
7280.2,5
7280.6,4
7281.0,38
7281.7,34
7282.6,13
7284.4,14
7284.6,26
7285.0,25
7285.7,1
7286.9,8
7286.9,9
7287.1,18
7287.4,35
7287.7,22
7287.8,7
7287.8,23
7288.2,32
7288.3,29
7288.6,17
7289.2,3
7289.3,27
7289.3,36
7290.1,28
7290.5,12
7291.7,24
7292.6,13
7293.2,21
7293.5,4
7294.0,38
7294.8,10
7295.6,11
7295.8,6
7296.7,3
7296.8,18
7296.8,1
7296.8,8
7296.8,28
7298.4,26
7298.5,33
7298.7,15
7298.7,29
7299.0,0
7299.7,35
7300.1,7
7300.3,2
7300.9,13
7301.1,17
7301.4,37
7301.9,28
7302.0,5
7302.0,34
7302.2,36
7303.3,24
7304.2,39
7307.5,18
7307.8,29
7308.1,23
7308.2,3
7308.2,14
7308.2,22
7308.7,20
7308.8,35
7309.0,26
7309.3,12
7309.5,11
7310.9,8
7311.5,27
7311.5,28
7311.5,38
7314.1,17
7314.2,7
7314.6,13
7314.7,1
7314.8,24
7316.3,36
7316.5,37
7316.7,21
7317.0,25
7317.7,34
7317.8,33
7318.1,5
7318.7,6
7319.0,10
7319.3,19
7320.0,3
7321.1,11
7321.5,8
7322.3,12
7322.8,18
7322.8,28
7323.0,4
7323.1,0
7323.8,2
7324.1,29
7324.3,7
7324.6,35
7325.1,26
7326.1,27
7327.7,36
7328.0,17
7328.2,13
7328.3,15
7328.6,23
7328.7,14
7328.8,24
7329.1,33
7329.3,3
7330.5,8
7330.7,1
7331.4,7
7331.6,28
7332.6,29
7333.3,22
7334.8,11
7335.2,18
7335.4,38
7337.0,25
7337.4,10
7337.5,26
7337.7,2
7338.5,34
7338.8,35
7339.5,3
7339.7,37
7340.4,21
7341.3,23
7341.6,32
7342.6,24
7342.7,28
7342.8,13
7343.1,27
7343.8,29
7345.1,7
7345.1,12
7345.2,14
7345.3,33
7345.5,0
7345.6,8
7345.7,39
7345.8,5
7346.1,4
7346.2,1
7346.2,6
7346.7,17
7347.9,11
7348.2,35
7349.8,28
7349.9,13
7351.1,15
7351.4,36
7352.2,7
7352.3,38
7353.5,18
7354.1,3
7354.8,22
7355.4,2
7355.4,29
7355.5,24
7356.1,26
7356.3,21
7356.6,19
7359.2,34
7359.3,35
7360.2,8
7360.5,12
7360.5,17
7360.5,28
7362.6,10
7363.2,1
7363.4,13
7363.4,33
7363.4,37
7363.6,5
7364.3,7
7364.6,27
7364.9,23
7365.1,11
7365.5,0
7365.5,36
7368.2,4
7368.3,29
7368.5,3
7368.6,18
7368.8,32
7369.5,21
7369.5,38
7369.6,25
7369.6,31
7370.4,28
7370.6,14
7371.1,8
7371.4,24
7371.5,13
7373.2,17
7374.1,35
7374.2,6
7375.4,33
7375.5,20
7376.5,3
7377.0,7
7377.2,12
7377.2,34
7377.8,26
7378.3,22
7378.7,18
7379.2,2
7379.3,28
7379.7,0
7379.8,15
7379.8,36
7380.2,1
7380.2,14
7380.5,11
7381.9,13
7382.0,27
7382.5,17
7382.5,8
7382.5,10
7383.9,5
7384.3,38
7384.8,26
7385.7,24
7386.0,35
7387.2,29
7387.2,39
7387.4,23
7387.5,7
7387.7,37
7389.8,19
7390.1,25
7391.5,21
7391.9,13
7392.8,36
7393.5,3
7394.1,2
7394.1,28
7394.3,11
7394.7,18
7395.4,4
7395.4,33
7396.0,7
7396.6,24
7396.8,8
7398.8,0
7399.0,5
7399.0,17
7399.2,23
7399.5,12
7399.6,34
7400.1,14
7401.0,26
7401.2,28
7402.0,22
7402.8,1
7403.0,37
7405.1,27
7405.5,29
7405.7,13
7406.3,35
7407.8,36
7407.9,3
7407.9,7
7408.5,8
7408.7,10
7408.7,21
7409.4,24
7411.5,38
7411.7,2
7412.2,28
7412.7,11
7412.7,33
7413.6,18
7413.9,17
7414.0,6
7414.0,19
7414.1,1
7414.8,13
7415.5,25
7415.5,26
7415.7,4
7416.0,3
7416.2,34
7416.2,35
7418.8,37
7419.6,12
7419.6,24
7420.8,7
7420.9,22
7420.9,36
7421.0,23
7421.3,14
7421.8,15
7422.4,27
7422.6,28
7422.9,8
7423.3,33
7423.5,11
7424.7,5
7424.8,18
7424.8,29
7426.2,32
7426.5,0
7427.2,1
7429.1,13
7429.5,8
7429.5,24
7430.1,17
7430.3,28
7430.7,4
7430.7,26
7430.8,25
7431.1,3
7431.1,35
7431.3,12
7433.0,10
7433.5,38
7433.7,7
7433.7,18
7433.8,22
7433.9,29
7436.2,1
7436.9,21
7437.0,6
7437.4,14
7437.8,2
7438.5,27
7439.1,19
7439.1,28
7439.8,5
7439.9,34
7440.1,8
7440.2,0
7440.7,37
7441.4,13
7441.8,26
7441.9,24
7442.5,15
7443.6,36
7443.8,11
7444.9,23
7444.9,33
7445.7,35
7446.0,3
7446.7,7
7447.0,17
7447.0,18
7447.2,29
7447.9,10
7448.9,28
7449.1,12
7450.8,8
7452.3,26
7452.3,30
7452.7,27
7453.4,22
7454.4,31
7454.6,3
7454.6,24
7454.6,38
7454.7,37
7454.8,1
7455.1,25
7456.1,13
7456.9,29
7457.1,17
7457.4,14
7457.8,35
7458.7,7
7458.7,11
7458.9,0
7459.7,4
7460.3,28
7460.3,36
7461.1,33
7463.1,32
7463.2,18
7463.7,2
7464.1,21
7464.2,10
7465.0,34
7465.2,8
7465.2,12
7465.2,15
7465.3,3
7465.3,26
7465.6,5
7466.4,24
7468.0,17
7469.1,23
7470.9,20
7471.3,28
7471.4,14
7471.7,13
7471.7,39
7472.0,29
7472.0,37
7472.5,6
7472.5,11
7472.7,7
7473.0,36
7473.2,38
7473.8,25
7474.2,22
7474.3,0
7474.7,35
7476.4,27
7478.1,33
7478.4,18
7478.5,19
7479.1,24
7479.2,3
7479.5,8
7481.7,26
7481.9,1
7481.9,4
7482.0,10
7482.0,21
7482.0,28
7482.6,13
7484.7,12
7485.0,2
7485.3,29
7486.0,7
7486.0,11
7486.7,3
7487.1,17
7487.7,33
7488.0,8
7488.4,23
7489.1,34
7489.3,36
7489.4,18
7490.3,27
7490.7,14
7492.0,28
7493.3,37
7493.7,24
7494.2,35
7494.6,22
7494.7,25
7495.2,12
7495.3,0
7497.0,1
7497.6,13
7498.6,11
7498.7,15
7498.8,21
7499.0,3
7499.3,26
7499.4,7
7500.0,29
7500.6,10
7501.5,6
7501.9,8
7502.1,36
7502.2,9
7502.3,34
7502.7,38
7503.0,19
7503.3,5
7503.9,17
7504.1,18
7504.3,23
7504.4,32
7505.2,12
7505.9,28
7506.8,33
7508.0,4
7509.4,35
7509.8,0
7509.8,24
7510.0,13
7510.5,22
7510.6,1
7510.6,3
7510.6,37
7510.8,2
7510.8,7
7511.5,27
7511.7,38
7513.1,26
7513.2,8
7513.2,18
7513.3,29
7513.4,11
7515.2,14
7517.4,17
7517.8,28
7519.8,10
7520.7,21
7521.0,36
7521.1,13
7521.1,15
7521.4,7
7521.7,3
7522.2,5
7522.2,25
7522.3,31
7523.0,4
7523.1,28
7523.2,14
7523.4,29
7525.1,8
7527.7,26
7527.9,12
7527.9,23
7527.9,33
7528.2,24
7528.2,34
7528.6,11
7528.7,13
7529.0,38
7529.1,19
7529.2,35
7529.4,1
7530.3,22
7530.8,18
7531.3,3
7532.3,17
7533.8,7
7533.8,39
7536.0,2
7536.0,36
7536.4,0
7536.5,29
7536.6,27
7536.8,37
7536.9,8
7538.3,5
7538.5,28
7540.9,38
7541.4,13
7542.5,11
7543.1,24
7543.2,1
7543.4,35
7543.5,7
7543.6,3
7544.4,29
7544.5,12
7544.9,21
7545.0,17
7545.3,18
7545.3,33
7546.0,25
7546.3,9
7546.3,26
7546.4,4
7547.9,28
7548.2,8
7548.3,23
7549.7,36
7550.2,22
7550.6,10
7551.9,2
7552.4,13
7552.5,3
7553.3,20
7553.4,0
7554.3,14
7554.5,28
7554.8,34
7555.2,37
7555.6,1
7556.1,5
7556.2,27
7556.2,32
7557.0,15
7557.0,35
7557.0,38
7557.5,24
7558.2,8
7558.8,33
7558.9,6
7558.9,25
7559.0,17
7559.6,11
7559.6,18
7559.7,29
7560.2,21
7560.2,26
7561.5,7
7564.2,28
7564.9,14
7565.0,13
7565.2,4
7565.3,34
7565.8,36
7567.0,22
7567.3,5
7567.6,11
7569.7,24
7570.5,3
7570.6,8
7570.9,12
7571.0,17
7571.8,37
7572.1,39
7572.3,1
7572.3,13
7572.4,23
7573.4,10
7573.6,2
7573.7,18
7574.4,35
7575.4,7
7575.4,21
7575.5,29
7575.6,28
7575.7,0
7576.2,26
7576.9,3
7577.7,33
7578.1,30
7578.2,14
7578.2,15
7578.2,19
7579.8,24
7580.1,25
7580.4,11
7582.4,27
7582.9,4
7583.3,38
7584.2,7
7584.3,13
7584.8,36
7584.9,17
7585.1,8
7585.4,37
7586.9,29
7587.3,24
7587.4,28
7587.5,22
7588.0,23
7588.2,26
7588.7,5
7589.1,12
7589.2,10
7589.6,35
7590.9,11
7591.0,18
7591.2,1
7591.8,13
7591.9,3
7592.6,34
7592.8,0
7594.6,21
7595.0,14
7595.5,28
7595.6,27
7598.8,29
7598.8,33
7599.1,7
7599.6,2
7599.6,8
7599.6,32
7599.7,17
7599.9,36
7601.2,11
7603.3,3
7604.0,13
7604.1,24
7604.9,25
7605.1,38
7605.3,19
7605.3,26
7605.4,35
7605.6,18
7605.8,28
7605.8,37
7605.9,4
7606.0,23
7606.2,0
7606.2,5
7607.3,12
7607.9,8
7609.3,34
7610.9,6
7611.3,11
7611.7,7
7611.7,28
7611.9,14
7612.0,24
7612.8,9
7612.9,18
7612.9,27
7613.0,39
7613.1,21
7613.2,10
7615.2,29
7615.3,1
7615.7,2
7616.7,22
7617.3,13
7617.3,20
7617.5,38
7618.0,15
7618.6,17
7618.7,33
7619.1,0
7619.2,35
7619.4,8
7619.6,36
7620.0,26
7620.1,3
7621.1,7
7621.3,19
7621.8,12
7621.8,28
7622.8,14
7624.2,4
7624.5,24
7625.4,23
7626.0,13
7626.2,3
7626.2,37
7626.3,1
7626.7,18
7626.7,25
7627.5,29
7628.0,11
7628.3,8
7628.5,5
7628.8,27
7629.4,21
7629.5,7
7629.9,17
7630.6,32
7632.4,10
7633.2,24
7634.6,28
7636.4,0
7636.9,35
7637.3,38
7637.7,12
7638.2,34
7638.3,26
7639.3,3
7639.6,29
7639.8,13
7639.9,32
7640.1,6
7640.2,22
7640.9,11
7641.1,8
7641.2,7
7641.2,28
7641.5,19
7641.9,14
7641.9,18
7642.2,17
7642.2,33
7642.3,15
7642.3,23
7642.7,1
7642.8,27
7643.7,37
7644.7,36
7645.9,21
7646.4,31
7646.4,35
7646.5,4
7646.7,25
7647.6,2
7647.9,29
7648.4,24
7650.2,13
7651.1,3
7651.7,12
7651.9,38
7652.0,0
7652.5,28
7653.8,1
7654.2,26
7654.6,18
7654.7,7
7654.7,11
7654.7,21
7656.2,5
7656.2,8
7656.5,27
7656.7,36
7657.2,9
7657.4,3
7657.8,10
7658.6,24
7658.7,14
7659.0,17
7659.5,35
7659.9,29
7662.0,23
7662.3,22
7662.6,19
7663.6,13
7663.6,34
7663.9,28
7664.2,8
7664.4,4
7665.1,26
7666.2,12
7666.5,7
7666.8,39
7667.3,37
7668.4,3
7668.5,25
7668.8,11
7668.8,18
7668.8,32
7668.9,20
7669.2,6
7669.5,17
7670.5,24
7670.8,36
7670.9,1
7671.4,13
7672.8,14
7673.7,29
7673.9,10
7675.2,19
7675.6,28
7676.0,3
7676.2,27
7676.4,0
7676.6,4
7676.6,8
7676.6,21
7676.7,5
7677.1,33
7677.4,35
7679.9,7
7680.4,23
7680.4,38
7680.8,12
7681.1,26
7681.2,17
7682.5,2
7682.6,24
7683.2,11
7683.5,13
7683.5,34
7683.9,18
7684.2,15
7684.8,28
7685.3,1
7685.3,36
7685.7,3
7685.8,10
7685.9,29
7686.0,25
7686.3,8
7689.6,22
7691.5,35
7691.9,4
7691.9,18
7692.3,28
7692.4,27
7692.9,16
7693.0,0
7693.2,2
7693.7,39
7693.8,12
7693.9,24
7693.9,38
7694.1,5
7694.4,9
7694.8,21
7695.0,33
7695.0,36
7695.6,7
7695.6,37
7695.8,23
7696.6,14
7697.9,11
7698.1,29
7698.2,28
7698.4,1
7698.5,3
7698.6,6
7698.7,26
7698.9,13
7698.9,17
7701.1,27
7701.9,8
7704.8,18
7705.0,35
7707.0,3
7707.3,36
7707.4,5
7707.4,24
7707.4,25
7707.5,28
7707.6,7
7707.6,33
7707.8,34
7708.1,23
7708.9,29
7709.3,22
7710.5,10
7711.2,21
7712.0,8
7712.4,11
7713.1,15
7713.5,12
7713.7,14
7715.3,17
7715.5,0
7715.5,1
7715.7,26
7716.1,13
7716.3,28
7716.3,37
7716.3,38
7716.5,6
7717.5,19
7717.8,39
7718.1,18
7718.4,3
7718.4,27
7718.5,7
7718.5,11
7718.6,33
7718.7,2
7718.9,36
7719.1,34
7719.6,24
7719.7,4
7720.9,35
7722.6,28
7724.7,8
7725.4,5
7725.4,13
7725.8,29
7726.5,23
7726.6,18
7728.0,26
7728.1,3
7728.1,25
7728.2,12
7728.2,17
7728.7,21
7729.8,10
7730.0,7
7730.4,22
7730.9,37
7731.0,24
7731.5,1
7731.7,31
7732.2,36
7732.3,0
7732.3,32
7732.7,11
7733.1,38
7733.3,33
7735.5,35
7735.8,8
7736.5,7
7737.5,28
7738.6,4
7738.8,29
7739.5,34
7739.7,14
7740.0,26
7740.8,2
7741.2,3
7741.2,13
7741.8,12
7742.2,9
7742.7,27
7743.0,24
7744.4,18
7744.5,11
7745.6,36
7745.7,21
7745.9,23
7746.0,28
7746.1,7
7746.4,35
7747.0,17
7747.0,20
7747.2,5
7747.2,33
7747.7,1
7748.2,6
7748.4,14
7748.6,4
7748.9,39
7751.0,13
7752.0,25
7752.8,3
7753.0,29
7753.1,8
7753.3,0
7753.8,19
7754.2,26
7754.2,37
7754.3,15
7754.5,22
7754.8,2
7754.8,24
7755.2,12
7755.8,10
7755.8,34
7755.9,38
7756.6,28
7757.5,7
7759.1,17
7759.2,1
7759.3,18
7760.9,3
7761.2,11
7761.4,24
7761.5,27
7762.7,8
7763.0,13
7763.7,14
7763.7,28
7764.0,35
7764.8,29
7765.8,36
7765.9,23
7766.0,21
7768.2,26
7768.5,7
7768.7,33
7769.3,39
7769.4,13
7769.7,2
7770.4,18
7770.9,12
7771.5,3
7772.6,17
7772.6,34
7772.7,5
7773.6,15
7774.1,28
7774.1,31
7774.3,11
7774.7,32
7774.7,38
7775.1,4
7775.1,23
7775.1,24
7775.3,1
7776.2,37
7776.4,8
7777.3,21
7777.3,27
7778.4,35
7778.7,29
7778.9,26
7779.1,0
7779.5,10
7780.1,6
7780.7,13
7780.8,36
7781.8,18
7781.9,7
7782.6,22
7784.2,3
7784.6,14
7784.6,28
7786.3,34
7787.4,24
7789.5,11
7790.1,25
7791.2,2
7791.7,17
7792.2,7
7792.3,38
7792.6,33
7792.8,12
7792.8,37
7793.4,19
7793.5,8
7793.5,29
7793.6,26
7793.8,4
7794.3,1
7794.3,36
7795.8,3
7796.0,28
7796.6,5
7796.6,13
7797.6,9
7800.2,18
7801.0,24
7801.4,21
7801.6,10
7802.1,27
7802.6,14
7802.7,35
7803.0,0
7803.0,23
7803.4,7
7803.4,39
7803.7,8
7804.0,3
7806.9,20
7807.3,29
7807.5,11
7808.5,12
7808.7,17
7808.8,1
7809.2,22
7809.7,28
7809.7,33
7810.0,13
7810.1,36
7810.7,18
7810.8,34
7811.3,24
7811.3,38
7811.4,2
7811.4,7
7811.6,5
7811.9,8
7811.9,26
7811.9,31
7812.4,3
7813.3,37
7814.4,25
7817.0,15
7817.8,4
7818.4,29
7818.9,11
7819.1,21
7819.7,27
7819.9,35
7820.2,28
7821.3,13
7821.4,12
7821.4,18
7821.7,33
7823.0,3
7823.5,7
7823.6,17
7823.7,10
7823.8,0
7823.8,24
7824.5,8
7825.3,14
7825.7,23
7826.5,26
7826.7,5
7828.0,35
7828.9,22
7830.5,37
7830.7,24
7830.7,38
7831.1,6
7831.2,13
7831.4,11
7831.4,29
7831.5,1
7831.5,28
7831.7,4
7833.0,36
7833.1,18
7833.2,25
7833.2,32
7834.0,16
7834.2,19
7834.7,12
7835.2,0
7835.4,7
7836.0,3
7836.1,39
7836.2,27
7837.0,8
7837.1,21
7840.2,2
7841.1,34
7841.6,11
7841.6,17
7841.7,23
7841.9,28
7842.1,14
7842.2,5
7842.7,13
7842.7,33
7843.0,29
7843.1,26
7843.2,24
7843.3,35
7844.3,7
7845.3,10
7846.5,4
7847.3,1
7847.6,36
7848.2,18
7848.2,22
7848.5,15
7848.7,3
7849.3,12
7850.9,37
7851.7,8
7852.5,28
7853.8,11
7854.0,38
7854.5,34
7855.9,33
7856.0,27
7856.9,7
7857.8,13
7858.0,25
7858.4,23
7858.5,29
7858.7,5
7858.7,35
7858.8,17
7859.6,3
7859.6,24
7860.3,18
7860.3,28
7861.2,8
7861.2,36
7861.5,26
7861.8,21
7862.8,14
7863.2,0
7865.7,2
7866.4,7
7867.3,1
7868.0,4
7868.6,3
7868.7,19
7868.8,12
7869.0,37
7869.1,27
7869.5,13
7870.2,39
7871.1,8
7871.6,11
7871.7,29
7871.8,14
7872.6,17
7872.7,33
7873.0,24
7873.0,28
7873.8,35
7875.2,18
7875.2,25
7875.2,32
7875.6,7
7877.4,22
7877.4,34
7877.5,38
7877.6,26
7878.2,10
7879.0,0
7880.3,23
7880.6,6
7881.0,36
7881.1,21
7881.2,4
7881.3,3
7881.5,13
7882.2,29
7882.7,24
7883.6,28
7883.8,1
7883.8,11
7885.5,27
7885.7,8
7886.7,33
7887.9,35
7888.1,39
7888.3,15
7888.4,5
7888.7,10
7889.0,17
7889.3,7
7890.7,38
7890.8,24
7891.0,31
7891.1,37
7891.4,19
7891.6,2
7891.6,36
7891.7,18
7891.8,34
7892.6,3
7893.1,13
7893.4,32
7895.0,0
7895.0,12
7895.5,8
7896.0,29
7896.2,14
7896.8,11
7896.9,28
7898.1,26
7899.4,25
7900.8,21
7902.2,36
7902.4,35
7902.9,24
7903.1,1
7903.1,23
7903.2,10
7903.2,18
7903.3,17
7903.4,28
7903.7,7
7903.8,2
7903.8,22
7903.9,38
7904.1,4
7906.0,33
7906.1,27
7908.5,26
7908.8,37
7909.5,8
7909.9,29
7909.9,6
7910.2,3
7910.3,5
7910.8,13
7910.9,0
7911.3,34
7911.9,11
7912.6,12
7913.2,20
7913.2,28
7914.1,25
7914.8,22
7915.0,17
7915.1,14
7915.4,18
7916.6,39
7916.8,2
7917.4,7
7917.9,24
7918.7,3
7918.7,15
7918.7,38
7919.4,8
7920.6,33
7920.9,1
7921.8,36
7923.0,28
7923.4,27
7923.6,0
7923.9,29
7924.1,4
7924.2,11
7924.4,37
7924.5,19
7924.5,23
7924.7,13
7924.9,26
7925.1,17
7925.8,25
7925.9,10
7926.3,7
7926.3,22
7926.7,35
7927.4,3
7928.8,12
7929.1,18
7929.2,21
7930.2,8
7930.5,1
7930.9,2
7931.2,29
7931.3,24
7934.3,33
7934.3,36
7937.4,38
7937.5,17
7937.6,34
7937.9,7
7938.2,39
7938.3,5
7938.6,13
7938.8,3
7938.8,6
7939.2,19
7939.5,11
7939.7,28
7940.1,10
7940.1,12
7940.2,0
7940.5,27
7941.1,32
7942.6,18
7943.9,8
7944.0,26
7944.5,37
7945.2,4
7945.4,14
7945.8,24
7946.3,1
7946.6,29
7947.5,21
7947.9,23
7949.2,7
7949.4,17
7949.5,13
7949.5,22
7950.3,35
7950.5,0
7950.6,33
7950.8,39
7951.4,28
7951.5,3
7951.6,11
7952.1,18
7953.8,27
7953.9,26
7953.9,36
7954.7,12
7955.2,24
7955.2,25
7955.7,8
7956.7,29
7958.0,1
7958.0,28
7958.2,7
7958.7,34
7958.7,5
7959.2,2
7959.6,13
7959.8,21
7960.1,18
7960.1,38
7960.6,11
7960.8,37
7961.4,3
7962.6,35
7962.9,23
7963.1,10
7963.1,17
7963.2,4
7963.2,19
7963.8,24
7964.2,22
7964.3,36
7964.7,14
7965.7,8
7965.9,7
7966.2,20
7967.7,26
7968.9,1
7968.9,11
7968.9,15
7969.1,25
7969.3,12
7969.4,29
7970.0,13
7970.3,27
7970.6,2
7970.9,39
7971.5,33
7971.6,28
7972.1,3
7972.4,0
7973.2,18
7973.2,34
7973.7,24
7973.9,8
7974.5,38
7976.2,21
7976.9,7
7977.3,35
7978.8,17
7979.0,11
7979.8,29
7980.1,26
7981.3,27
7981.8,12
7982.1,37
7982.2,22
7982.4,4
7982.5,13
7982.8,23
7983.3,28
7984.1,14
7984.3,36
7984.7,2
7984.8,18
7985.1,1
7985.2,33
7985.3,24
7985.5,19
7985.6,7
7985.6,10
7986.7,8
7987.2,35
7987.3,5
7987.4,3
7988.5,11
7989.0,29
7991.1,28
7991.9,32
7992.4,6
7993.2,17
7994.0,0
7994.0,7
7994.3,8
7994.8,21
7995.0,36
7995.2,38
7996.0,25
7996.8,27
7997.1,39
7997.2,26
7997.2,37
7998.6,24
7999.5,18
8000.0,2
8000.0,3
8000.7,13
8000.8,34
8000.9,23
8001.3,1
8001.5,28
8001.5,22
8001.9,11
8002.4,4
8002.4,14
8002.6,5
8002.6,12
8003.4,7
8003.9,8
8003.9,10
8006.7,29
8007.9,0
8008.0,35
8009.8,17
8010.1,28
8010.5,26
8010.6,1
8010.7,38
8011.1,32
8011.6,7
8012.2,18
8012.2,3
8013.7,36
8014.3,13
8015.7,15
8016.1,8
8016.1,11
8016.1,37
8016.4,23
8016.5,21
8016.6,24
8016.8,12
8016.9,25
8016.9,33
8017.0,35
8017.6,10
8017.6,19
8017.6,4
8017.8,20
8017.9,34
8018.6,27
8019.5,29
8022.0,14
8022.1,7
8022.4,3
8023.2,5
8024.3,28
8025.1,0
8025.2,2
8025.6,18
8025.9,17
8026.2,38
8026.5,39
8027.2,26
8028.2,9
8028.8,22
8028.9,24
8028.9,33
8029.2,23
8029.4,29
8029.6,13
8030.4,35
8030.8,27
8031.5,15
8031.5,36
8031.8,1
8031.9,11
8032.1,8
8033.6,6
8034.5,3
8034.7,28
8034.8,4
8036.2,7
8036.3,10
8036.4,21
8037.5,12
8038.3,18
8040.3,34
8040.8,29
8041.4,17
8041.4,25
8041.8,26
8041.9,0
8042.8,3
8042.8,32
8042.9,24
8043.1,22
8043.1,35
8043.5,1
8043.7,19
8043.8,27
8043.9,13
8043.9,37
8044.1,28
8044.7,11
8044.8,8
8046.8,33
8047.0,38
8047.8,4
8048.0,34
8048.9,36
8049.1,5
8050.1,0
8050.2,14
8050.3,7
8050.3,21
8050.5,10
8053.1,18
8053.3,28
8053.6,3
8055.2,2
8055.2,24
8055.3,15
8058.4,23
8058.7,17
8059.2,13
8059.3,11
8059.7,12
8059.7,26
8059.7,29
8059.9,37
8060.1,1
8061.0,8
8061.3,21
8061.4,35
8061.4,39
8061.5,34
8061.6,7
8061.6,28
8061.7,38
8061.9,5
8062.3,4
8062.6,10
8062.6,24
8063.2,14
8064.0,0
8065.2,18
8066.6,36
8067.6,17
8067.8,22
8068.5,1
8068.5,3
8068.7,8
8069.4,25
8069.8,27
8070.4,28
8070.6,26
8071.1,33
8071.3,2
8072.1,7
8072.2,11
8072.4,12
8072.4,13
8073.6,29
8073.9,24
8075.4,15
8075.5,19
8077.6,8
8077.7,21
8078.6,23
8079.3,35
8079.6,4
8079.6,14
8079.9,17
8080.3,0
8080.5,37
8080.5,38
8081.6,28
8082.0,3
8082.1,1
8082.4,34
8082.6,29
8083.3,36
8083.4,5
8084.5,7
8084.8,6
8084.8,12
8085.4,13
8085.6,11
8085.7,27
8085.9,18
8086.4,8
8086.5,10
8087.9,26
8090.3,2
8091.1,25
8091.2,39
8091.4,22
8091.9,3
8092.0,33
8092.3,24
8092.3,34
8092.3,35
8092.6,0
8092.8,28
8092.8,31
8093.0,4
8094.1,23
8094.3,1
8094.3,7
8094.3,21
8094.7,36
8095.9,29
8096.1,17
8096.4,19
8096.5,8
8096.8,13
8097.3,11
8097.4,5
8099.6,37
8100.5,20
8101.2,24
8101.3,28
8101.5,12
8102.1,3
8103.0,10
8103.3,7
8103.3,26
8103.4,27
8103.7,23
8103.7,36
8103.8,14
8103.8,38
8104.1,18
8106.4,13
8107.9,17
8109.4,4
8109.5,33
8109.6,1
8109.7,29
8109.8,11
8110.1,28
8110.3,8
8112.4,25
8113.2,35
8113.3,37
8114.7,34
8115.1,7
8115.2,12
8115.5,24
8115.6,3
8115.6,6
8116.0,17
8116.0,18
8116.0,21
8117.2,36
8117.5,19
8117.6,5
8117.6,10
8118.2,13
8118.6,2
8118.8,1
8119.1,15
8119.6,28
8119.7,27
8120.2,29
8120.3,8
8120.5,32
8120.8,0
8122.3,14
8123.7,38
8124.2,26
8124.3,22
8124.7,4
8125.8,3
8126.3,9
8126.4,23
8127.7,24
8127.7,28
8128.0,27
8128.0,33
8128.0,36
8128.1,13
8128.2,7
8128.8,12
8128.8,14
8128.9,35
8129.2,37
8129.3,17
8129.5,11
8130.6,10
8131.4,29
8131.9,8
8132.5,2
8132.9,5
8133.7,18
8134.0,3
8135.5,34
8137.8,26
8138.2,1
8139.2,24
8139.3,28
8139.5,13
8139.6,32
8139.8,21
8140.0,4
8140.1,25
8140.1,35
8140.5,7
8142.2,22
8142.5,27
8143.9,37
8144.0,17
8144.8,33
8145.2,39
8145.5,0
8145.6,3
8146.0,18
8146.5,15
8146.8,11
8147.0,13
8147.1,23
8147.1,38
8147.5,12
8147.7,29
8147.9,28
8148.5,8
8148.7,5
8148.7,7
8148.9,19
8150.8,26
8151.6,35
8152.3,36
8152.4,24
8153.5,34
8153.6,2
8154.2,3
8154.3,14
8154.6,21
8154.8,28
8155.0,1
8156.0,11
8156.5,10
8157.2,7
8157.8,18
8159.2,22
8160.2,17
8160.7,8
8161.0,0
8161.2,25
8161.4,13
8161.6,12
8161.8,29
8162.2,27
8162.7,5
8163.3,33
8163.9,3
8164.3,23
8166.1,26
8166.4,11
8166.5,35
8167.0,28
8167.0,38
8167.4,7
8167.6,4
8168.4,14
8169.1,24
8169.8,8
8170.6,1
8171.7,18
8172.6,15
8172.9,17
8173.0,29
8174.9,35
8175.0,36
8175.0,39
8175.1,32
8175.9,5
8175.9,13
8176.1,3
8176.4,7
8176.5,23
8176.6,2
8176.7,0
8176.7,10
8176.7,37
8177.3,28
8177.6,21
8177.7,11
8177.7,14
8178.3,20
8178.3,27
8179.1,19
8179.7,34
8179.9,12
8180.6,25
8181.6,24
8182.4,22
8182.7,8
8182.9,26
8183.7,4
8184.3,17
8184.5,1
8184.6,36
8187.6,33
8187.8,3
8188.6,13
8188.6,29
8189.5,11
8189.7,0
8189.8,28
8190.4,7
8190.4,35
8190.7,10
8190.9,36
8193.1,18
8193.5,38
8194.4,21
8194.4,24
8194.7,19
8194.8,5
8195.0,4
8195.9,8
8195.9,12
8195.9,3
8195.9,31
8197.1,39
8197.2,28
8199.3,26
8199.9,6
8200.1,14
8200.2,29
8200.4,27
8200.5,23
8201.7,37
8202.0,17
8202.4,11
8202.7,1
8203.3,13
8203.3,36
8204.8,32
8205.5,7
8205.5,18
8205.7,2
8205.7,22
8206.2,3
8206.4,20
8206.4,28
8207.2,24
8208.1,25
8209.3,38
8210.1,1
8210.9,34
8211.0,29
8211.4,33
8212.1,13
8212.8,35
8212.9,8
8213.8,26
8214.1,37
8214.8,11
8215.3,7
8215.4,39
8215.7,27
8215.8,23
8216.1,14
8216.3,17
8216.6,3
8216.7,12
8217.8,24
8218.2,5
8219.6,28
8219.7,0
8219.8,18
8220.8,21
8221.1,2
8221.5,25
8222.3,36
8222.3,38
8222.6,29
8222.8,10
8223.0,22
8223.3,13
8223.8,33
8224.0,8
8225.1,7
8225.3,28
8225.6,1
8226.0,4
8226.1,17
8226.8,14
8226.8,26
8226.9,27
8228.0,3
8228.0,11
8231.5,35
8231.8,23
8232.0,36
8232.3,13
8232.5,29
8233.1,9
8234.2,37
8234.8,24
8235.5,8
8235.7,21
8236.0,7
8237.1,34
8237.5,3
8237.6,0
8237.7,6
8237.8,18
8237.8,5
8238.0,19
8238.5,33
8238.8,11
8239.2,28
8239.2,38
8239.5,17
8240.8,10
8242.2,25
8242.5,29
8242.9,12
8242.9,26
8243.0,22
8243.6,20
8244.0,2
8244.4,13
8244.6,35
8244.7,7
8245.8,4
8245.9,8
8245.9,24
8246.0,1
8249.8,3
8249.8,28
8251.3,34
8251.5,18
8251.7,14
8251.8,36
8252.1,21
8252.3,27
8252.4,39
8253.4,11
8254.1,17
8254.1,37
8254.5,23
8255.9,25
8255.9,33
8256.2,32
8256.2,8
8256.5,7
8256.6,13
8256.7,22
8256.7,29
8257.2,24
8257.2,26
8257.5,19
8258.1,38
8259.4,28
8259.7,35
8261.7,0
8262.2,10
8263.1,3
8263.8,15
8264.7,18
8265.0,11
8265.9,12
8266.3,2
8266.3,27
8266.3,36
8266.7,1
8266.8,4
8267.1,8
8267.3,24
8267.6,21
8268.2,26
8269.1,5
8269.1,28
8270.6,7
8270.6,34
8271.5,13
8271.5,29
8272.0,3
8272.1,17
8272.4,37
8272.5,18
8272.9,33
8273.5,23
8273.7,38
8274.1,6
8274.4,8
8275.4,14
8275.5,22
8276.5,28
8276.6,11
8279.5,7
8279.7,0
8279.8,20
8280.0,2
8281.3,19
8281.8,35
8281.9,13
8281.9,24
8282.8,25
8282.8,8
8283.9,31
8284.3,12
8284.5,27
8284.6,3
8284.8,29
8284.9,26
8285.2,17
8285.8,21
8285.9,33
8286.1,36
8286.2,14
8286.9,10
8287.9,37
8289.1,1
8289.1,4
8289.5,34
8289.6,11
8289.9,15
8290.2,5
8290.2,28
8290.4,7
8290.4,18
8290.5,13
8291.8,35
8292.3,38
8292.6,33
8293.5,14
8293.5,23
8293.7,24
8293.9,8
8294.3,3
8295.0,26
8295.4,32
8297.3,7
8298.3,28
8298.9,36
8299.2,29
8299.8,0
8300.9,27
8301.2,2
8302.4,6
8302.4,18
8302.7,20
8302.7,37
8303.1,13
8303.3,1
8303.5,17
8304.0,22
8304.1,12
8304.6,24
8304.7,3
8304.9,8
8305.1,25
8305.5,5
8306.6,21
8307.2,11
8309.1,38
8309.2,35
8309.3,39
8309.5,14
8309.7,29
8309.9,28
8310.5,0
8310.6,4
8310.7,23
8310.9,10
8310.9,26
8311.8,33
8313.5,7
8313.9,17
8315.4,8
8316.0,13
8316.1,22
8316.7,5
8316.7,34
8317.2,27
8317.5,18
8317.6,12
8317.7,2
8318.2,1
8318.7,28
8320.4,11
8320.5,3
8320.8,15
8321.3,24
8321.4,35
8321.5,21
8321.5,36
8322.9,29
8325.4,38
8325.7,33
8325.9,7
8326.1,18
8326.2,25
8326.6,27
8327.4,37
8327.6,0
8327.7,8
8328.3,23
8330.3,14
8330.5,3
8330.6,17
8331.2,19
8331.3,26
8331.6,6
8331.6,4
8332.0,13
8332.0,28
8332.4,24
8332.7,2
8333.1,34
8333.1,7
8333.4,10
8333.7,11
8333.9,12
8335.2,33
8335.6,36
8335.9,22
8336.9,5
8337.5,8
8337.5,35
8338.3,1
8338.3,29
8338.4,19
8339.2,25
8342.0,15
8342.3,18
8342.3,13
8342.6,3
8342.7,0
8342.7,28
8343.1,21
8343.1,39
8343.6,37
8343.7,32
8343.8,17
8344.3,11
8344.7,8
8344.8,10
8346.1,7
8347.4,5
8347.8,12
8348.0,4
8348.4,2
8348.7,27
8348.7,38
8348.8,24
8349.0,33
8349.3,26
8349.3,29
8349.9,23
8350.9,1
8352.1,28
8352.7,3
8353.0,35
8353.8,13
8354.9,8
8354.9,14
8355.0,36
8355.1,19
8355.5,10
8357.3,22
8357.5,34
8357.8,11
8357.9,24
8358.1,7
8360.3,23
8360.6,29
8360.7,17
8361.1,6
8361.1,21
8361.6,1
8362.4,33
8362.6,3
8363.2,12
8363.4,28
8363.7,31
8363.9,20
8364.0,8
8364.2,5
8364.2,36
8364.3,18
8364.8,37
8366.3,7
8366.7,13
8367.3,38
8367.6,25
8367.8,4
8369.4,35
8369.5,39
8370.4,29
8372.0,28
8372.7,27
8373.4,3
8374.0,24
8374.2,14
8375.5,26
8375.5,34
8375.7,17
8376.4,33
8376.5,11
8376.9,8
8377.3,18
8377.4,10
8377.5,35
8377.6,7
8377.8,2
8377.9,23
8378.1,0
8378.6,36
8379.2,12
8379.9,19
8381.2,1
8381.6,32
8382.2,22
8382.3,21
8382.4,13
8383.4,4
8383.8,34
8384.1,6
8384.1,24
8384.5,7
8384.6,8
8384.7,28
8385.8,3
8386.9,29
8387.4,37
8388.8,39
8388.9,5
8389.7,35
8390.0,12
8391.1,38
8391.1,27
8391.7,18
8391.8,11
8391.9,17
8391.9,23
8392.0,4
8392.2,36
8392.5,25
8393.6,13
8394.3,26
8394.3,28
8395.2,24
8397.1,3
8397.3,1
8397.9,7
8398.1,31
8398.2,2
8398.3,0
8398.4,20
8398.5,29
8398.9,6
8399.3,14
8399.7,27
8400.6,8
8400.8,22
8401.3,17
8402.9,10
8403.1,19
8403.6,11
8403.9,33
8404.8,34
8405.0,35
8405.4,5
8405.5,4
8405.9,28
8406.9,29
8406.9,21
8407.4,3
8407.4,18
8407.8,7
8408.3,13
8408.6,24
8408.9,37
8409.9,1
8409.9,39
8411.2,38
8411.8,12
8412.1,36
8412.3,8
8412.5,0
8412.6,23
8413.9,17
8413.9,26
8414.6,15
8415.5,24
8415.5,25
8416.1,29
8416.9,18
8417.0,28
8417.4,13
8417.4,32
8417.5,3
8417.8,35
8417.9,7
8418.0,2
8418.4,5
8418.7,11
8418.9,10
8419.0,14
8419.2,33
8419.3,34
8419.9,22
8420.0,27
8422.7,8
8423.5,1
8424.9,19
8426.2,37
8426.5,7
8426.7,28
8426.8,10
8426.8,18
8427.1,21
8427.1,36
8427.4,12
8427.8,39
8428.2,3
8428.2,17
8428.3,6
8428.7,24
8429.1,38
8430.7,27
8431.1,26
8431.3,11
8431.3,29
8432.2,23
8432.6,35
8433.6,33
8433.7,0
8434.1,14
8434.1,28
8434.3,1
8434.9,8
8435.2,3
8436.0,4
8437.0,13
8437.2,7
8439.0,24
8439.8,12
8440.0,10
8440.4,25
8441.2,18
8441.3,29
8442.9,36
8442.9,5
8442.9,35
8444.0,20
8445.6,37
8445.7,33
8445.9,17
8446.3,28
8446.5,7
8446.5,11
8447.2,8
8447.4,23
8447.6,22
8447.6,38
8448.0,3
8448.1,13
8448.3,26
8449.0,39
8449.1,34
8449.2,1
8449.6,6
8450.8,21
8450.8,29
8450.9,15
8451.1,2
8451.2,36
8451.7,24
8452.3,0
8452.4,14
8452.5,27
8453.4,19
8453.6,11
8453.6,35
8456.4,28
8456.6,18
8456.6,13
8457.7,17
8458.3,12
8459.1,33
8460.4,5
8461.2,37
8461.4,8
8461.9,3
8462.2,7
8462.4,26
8462.4,35
8463.8,32
8464.0,10
8464.2,1
8464.2,2
8464.2,38
8464.3,11
8464.5,29
8464.6,36
8465.1,14
8465.6,21
8465.8,24
8466.4,17
8467.8,12
8468.2,20
8468.6,34
8469.2,28
8469.7,23
8469.8,18
8470.3,7
8470.5,15
8470.7,0
8470.7,4
8471.3,13
8471.5,22
8471.7,26
8473.5,25
8473.9,8
8474.3,27
8474.5,11
8476.4,28
8476.4,33
8476.6,6
8476.6,29
8476.8,3
8476.9,1
8479.0,38
8479.2,24
8479.4,35
8479.5,17
8481.2,19
8481.4,21
8481.6,4
8481.8,9
8481.8,13
8481.8,36
8482.0,8
8482.2,5
8482.4,18
8482.4,37
8482.8,28
8483.1,2
8483.1,10
8484.2,7
8484.3,12
8487.5,3
8488.3,22
8488.7,11
8488.7,26
8489.8,1
8490.1,34
8490.2,9
8491.1,29
8491.9,35
8492.5,8
8492.7,13
8493.2,14
8493.6,39
8494.3,33
8494.4,0
8494.5,24
8494.7,10
8494.9,23
8496.0,38
8496.1,17
8496.2,25
8496.4,18
8496.7,7
8496.7,36
8497.0,37
8497.2,28
8497.3,19
8497.3,21
8497.7,27
8498.1,4
8499.1,3
8499.2,5
8499.7,2
8500.4,12
8501.0,29
8503.1,28
8504.3,11
8504.4,1
8504.5,26
8504.7,13
8505.2,15
8505.6,35
8506.1,8
8506.9,18
8507.1,6
8507.5,10
8507.5,24
8508.7,37
8508.9,7
8509.1,3
8509.4,27
8511.0,33
8511.5,17
8512.2,29
8512.6,34
8512.8,0
8512.9,32
8513.3,28
8513.7,14
8513.9,5
8514.4,12
8514.6,4
8514.9,38
8515.6,2
8516.3,11
8516.6,8
8517.1,1
8517.8,26
8517.9,23
8518.1,36
8518.8,22
8519.1,13
8519.5,25
8520.4,24
8520.9,7
8521.1,18
8521.9,28
8522.0,21
8522.1,3
8523.6,35
8524.3,27
8524.9,37
8525.8,33
8526.8,29
8527.2,19
8527.6,10
8527.7,6
8527.7,26
8528.1,11
8528.2,3
8528.8,12
8528.9,1
8529.2,39
8530.0,7
8530.3,28
8530.6,24
8532.2,13
8532.4,8
8532.8,4
8532.8,17
8533.6,14
8533.8,0
8533.9,38
8534.1,18
8535.2,27
8535.5,36
8535.8,26
8536.4,23
8537.2,1
8538.0,29
8538.3,37
8539.4,24
8540.1,3
8540.5,5
8541.9,2
8542.6,8
8543.5,21
8543.7,7
8544.2,13
8544.3,22
8544.8,28
8544.9,15
8545.0,12
8545.4,10
8546.0,17
8546.4,34
8546.5,25
8547.1,11
8547.7,26
8547.8,32
8548.2,14
8548.2,35
8548.5,18
8548.6,19
8548.8,0
8548.8,29
8549.5,33
8550.3,27
8551.0,38
8551.7,1
8552.0,36
8552.5,8
8553.5,6
8554.2,28
8555.9,7
8557.1,3
8557.2,13
8557.4,12
8558.2,23
8558.5,0
8558.7,37
8559.0,29
8559.2,24
8559.3,26
8559.3,25
8560.1,4
8560.2,11
8560.4,35
8560.7,2
8560.9,39
8561.2,21
8561.5,15
8561.8,18
8562.2,27
8563.8,17
8564.2,36
8564.3,5
8564.8,1
8565.1,8
8565.1,34
8565.7,7
8565.9,14
8566.0,28
8566.2,38
8566.6,31
8566.7,24
8566.8,3
8568.2,33
8568.4,22
8570.0,12
8570.4,13
8571.6,23
8573.2,29
8573.3,35
8573.4,27
8574.2,37
8574.3,8
8574.7,11
8574.7,18
8575.8,36
8576.3,2
8576.5,39
8576.8,1
8576.9,9
8576.9,10
8577.7,28
8578.0,7
8578.1,13
8578.2,3
8578.5,24
8580.0,26
8580.5,17
8581.2,20
8581.3,4
8581.6,34
8582.4,21
8582.7,14
8583.5,12
8583.7,19
8584.0,0
8584.3,8
8584.6,25
8586.3,5
8586.7,38
8586.8,29
8586.8,37
8586.9,3
8586.9,28
8587.1,18
8587.2,6
8587.9,7
8588.0,11
8588.1,1
8588.4,10
8588.7,33
8588.7,35
8589.7,15
8590.5,13
8591.0,23
8592.0,36
8592.3,26
8592.5,22
8593.8,14
8595.0,17
8595.7,27
8597.1,12
8597.4,24
8597.4,29
8597.4,18
8597.6,11
8597.9,8
8598.3,28
8598.8,34
8600.1,3
8600.1,32
8600.5,36
8600.6,7
8602.1,35
8602.7,1
8603.0,13
8605.0,0
8605.1,6
8605.1,25
8606.0,39
8606.3,22
8608.8,15
8608.9,21
8609.0,33
8609.2,2
8609.3,8
8609.3,27
8609.7,5
8609.7,12
8610.0,24
8610.2,11
8610.4,37
8610.5,28
8610.8,19
8610.9,10
8611.0,29
8611.1,7
8612.5,3
8613.3,14
8613.4,23
8614.0,18
8614.1,26
8614.5,17
8615.2,1
8616.3,13
8617.0,9
8618.8,27
8619.4,25
8619.5,7
8620.5,29
8620.7,24
8621.6,0
8621.6,28
8621.6,36
8622.7,11
8623.0,35
8623.4,38
8623.5,34
8623.8,10
8623.9,6
8623.9,33
8624.0,4
8624.2,3
8624.8,12
8625.1,20
8625.1,39
8625.4,31
8625.6,37
8625.8,8
8626.1,18
8626.5,2
8629.8,13
8630.6,23
8630.9,26
8631.0,17
8631.0,32
8631.1,7
8631.2,21
8631.4,28
8631.8,24
8632.2,27
8632.5,19
8632.5,29
8632.7,3
8633.3,1
8634.0,35
8635.1,15
8635.4,18
8636.2,22
8636.7,5
8638.3,36
8638.5,14
8639.0,7
8639.1,25
8639.5,8
8639.9,12
8640.9,37
8641.8,28
8642.2,29
8642.4,24
8643.8,38
8644.0,33
8644.9,13
8645.4,3
8645.4,11
8645.6,26
8645.8,39
8646.2,4
8646.7,8
8646.9,23
8647.1,18
8647.4,34
8647.8,27
8647.9,35
8648.3,1
8648.9,17
8649.2,7
8649.3,19
8649.8,10
8650.0,20
8650.1,2
8651.2,0
8652.6,14
8652.9,28
8653.9,21
8656.0,9
8656.7,24
8657.1,5
8657.1,37
8657.4,13
8657.6,8
8657.7,29
8657.8,15
8658.2,36
8658.3,25
8659.3,1
8659.3,22
8659.3,12
8659.5,11
8659.5,26
8659.8,35
8659.9,3
8660.8,18
8661.6,7
8661.9,28
8662.3,33
8663.1,4
8663.3,23
8664.5,17
8665.0,34
8665.5,27
8667.6,38
8669.5,13
8669.6,24
8670.5,32
8670.8,36
8671.2,3
8671.5,6
8671.9,12
8672.0,14
8672.1,29
8672.2,5
8672.2,8
8672.2,11
8672.3,37
8672.5,39
8673.4,1
8673.4,10
8673.4,15
8673.7,2
8673.7,7
8673.7,21
8673.8,0
8674.4,35
8674.7,26
8674.9,28
8676.3,34
8677.9,16
8678.9,17
8679.4,3
8679.9,18
8680.3,23
8681.2,19
8681.3,7
8681.7,22
8681.8,11
8682.1,13
8682.1,38
8682.4,25
8684.3,8
8684.3,29
8685.2,36
8686.3,24
8687.0,1
8687.1,28
8687.5,21
8688.2,26
8688.8,33
8688.9,20
8689.9,14
8690.5,13
8690.6,4
8691.4,3
8691.6,11
8691.9,18
8692.2,35
8692.3,37
8692.8,12
8692.9,29
8693.6,28
8693.9,22
8694.4,0
8695.5,1
8695.5,7
8695.6,27
8696.5,8
8697.3,36
8698.3,2
8698.6,34
8699.6,10
8700.0,21
8701.3,24
8701.4,23
8701.7,31
8701.8,25
8702.0,33
8702.0,38
8702.1,4
8702.4,5
8702.6,32
8702.7,17
8703.0,11
8704.2,29
8704.3,18
8704.7,3
8704.7,15
8704.7,26
8705.9,35
8706.0,14
8707.1,28
8708.1,8
8708.6,13
8709.2,19
8709.6,7
8710.3,1
8710.3,12
8710.4,37
8710.6,24
8711.9,33
8712.7,0
8712.7,6
8714.6,29
8715.0,2
8715.4,3
8715.7,36
8716.1,23
8716.2,11
8716.4,35
8716.4,18
8716.4,22
8716.6,28
8717.3,17
8717.7,27
8717.9,13
8718.5,4
8718.5,9
8718.6,26
8718.8,8
8718.8,20
8719.2,7
8719.8,21
8720.9,10
8722.4,12
8723.4,24
8724.1,14
8724.1,34
8724.1,38
8724.8,36
8725.4,5
8725.5,15
8725.9,37
8726.1,3
8726.6,7
8726.8,11
8727.3,28
8727.7,1
8728.1,39
8729.3,8
8729.8,35
8730.0,13
8730.3,19
8730.3,29
8730.5,17
8731.2,2
8731.8,6
8733.6,24
8734.2,18
8734.7,22
8735.2,3
8735.2,25
8735.4,27
8735.5,12
8735.5,23
8735.5,26
8735.5,36
8736.7,34
8736.8,29
8739.2,8
8740.3,28
8740.6,0
8742.8,11
8743.8,7
8744.0,14
8744.1,21
8744.3,17
8744.4,33
8744.7,1
8744.7,13
8745.0,2
8745.8,5
8746.0,38
8747.5,12
8747.5,26
8747.5,37
8747.7,4
8749.1,3
8750.4,24
8751.1,29
8752.0,19
8752.1,35
8752.2,11
8752.2,36
8752.3,8
8752.3,10
8752.5,25
8752.6,13
8753.4,23
8753.4,28
8753.6,32
8753.9,18
8754.5,34
8755.3,22
8755.3,27
8755.4,7
8756.3,1
8756.3,39
8757.1,15
8757.8,3
8758.3,0
8759.8,17
8760.5,2
8762.9,28
8763.1,26
8763.5,21
8763.5,33
8764.7,18
8764.8,20
8764.9,29
8765.4,24
8765.6,8
8766.4,14
8766.6,10
8766.6,13
8767.0,5
8767.4,38
8767.8,11
8768.4,12
8768.5,37
8768.8,6
8769.4,34
8769.5,35
8769.8,19
8769.9,4
8769.9,7
8770.6,28
8770.6,36
8772.0,3
8772.1,1
8773.1,8
8773.3,24
8774.0,17
8774.1,23
8774.6,2
8776.1,26
8777.8,12
8778.3,21
8779.3,37
8779.8,0
8780.0,33
8780.1,29
8780.3,18
8780.4,7
8780.4,14
8780.6,3
8780.7,13
8781.1,8
8781.1,11
8781.2,28
8781.7,27
8781.7,36
8781.9,24
8782.7,35
8786.3,34
8786.8,10
8786.9,26
8786.9,38
8787.2,22
8787.3,17
8787.4,25
8787.5,5
8790.0,1
8790.1,24
8790.6,19
8790.9,18
8792.6,2
8792.6,29
8792.8,7
8792.9,11
8794.0,13
8795.0,28
8795.0,23
8795.6,3
8795.8,12
8796.4,36
8797.2,8
8797.9,31
8798.0,21
8798.0,4
8798.5,15
8798.6,26
8799.7,9
8799.8,37
8799.9,14
8799.9,34
8799.9,35
8800.0,10
8800.1,27
8800.2,32
8800.5,33
8801.4,2
8801.9,28
8802.1,0
8802.5,7
8804.4,17
8806.1,24
8806.3,3
8807.0,29
8807.1,12
8807.5,11
8807.5,18
8807.5,20
8807.6,8
8808.2,22
8808.9,36
8809.7,5
8810.2,39
8810.9,1
8811.8,28
8812.2,38
8812.5,13
8813.2,25
8813.4,7
8815.6,24
8816.3,27
8816.4,3
8816.8,21
8817.2,8
8817.4,17
8817.8,18
8817.9,35
8818.2,26
8818.3,12
8818.6,29
8819.0,2
8819.0,23
8819.0,36
8819.1,34
8819.2,4
8819.2,28
8819.3,33
8819.7,22
8819.8,0
8820.0,37
8820.0,10
8820.2,11
8820.4,19
8820.8,14
8823.9,13
8826.7,24
8826.8,3
8826.9,7
8827.1,1
8827.1,32
8827.9,17
8828.3,28
8829.6,8
8830.5,29
8830.7,33
8830.9,35
8832.7,11
8833.7,7
8833.9,38
8834.0,18
8834.3,5
8834.3,36
8834.5,21
8834.6,13
8835.7,26
8835.8,3
8836.8,28
8837.0,24
8837.7,34
8837.7,39
8838.4,2
8838.4,14
8838.8,10
8838.8,12
8839.7,25
8840.4,4
8840.4,6
8840.7,29
8840.8,7
8842.3,1
8842.3,22
8842.5,8
8843.2,35
8843.3,36
8843.5,27
8846.1,0
8846.1,11
8846.4,13
8846.7,18
8846.8,24
8847.4,37
8848.7,3
8849.1,26
8849.5,17
8850.0,23
8850.1,28
8851.4,7
8851.8,5
8851.8,38
8851.9,33
8852.5,19
8852.5,29
8852.9,2
8853.0,36
8854.2,12
8854.8,15
8855.5,30
8855.7,24
8856.0,10
8856.8,8
8857.0,11
8857.3,18
8857.5,1
8857.5,13
8858.4,28
8858.5,7
8858.7,34
8858.8,14
8860.1,27
8860.7,21
8860.8,0
8861.9,9
8861.9,25
8862.3,37
8862.7,35
8862.8,22
8863.0,17
8864.1,23
8864.4,26
8864.8,3
8866.0,38
8866.2,24
8866.7,4
8866.7,29
8866.9,7
8867.0,2
8867.3,36
8868.2,33
8868.8,13
8869.7,8
8870.5,5
8872.2,18
8872.3,1
8873.3,35
8873.5,11
8873.5,28
8874.9,14
8875.4,12
8875.4,26
8875.5,6
8875.9,24
8876.1,8
8876.2,36
8876.3,22
8876.3,23
8876.5,10
8876.5,17
8876.7,27
8876.7,34
8876.7,37
8876.9,0
8877.0,7
8877.8,15
8878.1,3
8878.3,13
8878.4,9
8878.6,31
8879.3,2
8880.0,18
8882.3,28
8883.4,4
8885.3,39
8885.5,1
8885.9,29
8887.0,26
8887.2,17
8887.5,8
8887.6,36
8887.9,3
8888.2,19
8888.6,35
8888.8,23
8888.9,11
8890.1,13
8890.1,18
8890.2,21
8891.0,25
8891.4,5
8891.7,32
8892.1,33
8892.3,28
8892.5,7
8892.8,27
8893.0,24
8893.4,10
8894.0,6
8894.5,0
8894.9,12
8895.1,37
8895.3,38
8896.2,4
8896.2,34
8897.0,29
8897.4,8
8898.2,22
8898.5,26
8898.9,15
8899.0,17
8899.5,14
8899.7,7
8899.7,28
8899.7,36
8899.8,3
8900.4,18
8902.0,13
8902.1,24
8902.5,11
8903.1,1
8903.5,35
8904.6,12
8905.9,23
8907.7,7
8907.8,33
8908.6,8
8908.6,25
8909.1,21
8910.4,27
8910.7,13
8910.8,5
8911.9,36
8911.9,39
8912.3,2
8912.5,3
8912.5,24
8912.8,28
8913.0,17
8914.6,10
8914.6,26
8915.3,14
8915.4,18
8916.0,29
8916.6,34
8916.7,7
8918.3,35
8918.7,38
8919.5,0
8919.8,4
8920.3,37
8920.4,11
8921.0,13
8921.3,32
8921.7,23
8921.9,8
8922.0,12
8922.9,21
8923.5,17
8923.6,6
8923.6,29
8923.9,1
8924.2,33
8924.3,2
8924.5,19
8924.9,25
8925.1,28
8925.2,22
8925.5,3
8926.0,18
8926.3,26
8926.8,24
8926.9,36
8929.8,7
8931.3,14
8931.6,9
8932.4,10
8933.0,8
8933.0,35
8933.0,39
8933.0,11
8933.4,29
8934.0,15
8934.1,4
8934.3,27
8934.5,28
8935.5,26
8935.9,17
8936.5,3
8936.5,13
8936.9,0
8937.5,25
8938.2,5
8938.3,34
8938.6,12
8939.7,24
8939.8,1
8940.1,19
8940.1,38
8940.2,18
8940.6,22
8940.8,21
8941.4,39
8941.6,2
8942.0,33
8942.0,36
8942.2,7
8944.1,13
8944.4,28
8945.0,29
8945.4,37
8945.8,17
8945.8,20
8946.1,3
8947.1,11
8947.3,8
8947.6,23
8947.6,35
8947.7,26
8951.6,27
8952.5,24
8952.7,31
8952.9,14
8952.9,25
8953.2,18
8953.2,32
8953.3,4
8955.7,10
8956.1,17
8956.4,23
8956.6,13
8957.7,28
8958.0,11
8958.1,7
8958.3,34
8958.4,12
8958.9,35
8959.2,29
8959.4,36
8959.9,33
8960.2,15
8960.9,1
8960.9,8
8961.1,21
8961.1,38
8961.6,22
8962.0,19
8962.2,24
8962.7,5
8963.0,3
8963.4,2
8965.1,26
8965.8,0
8966.1,27
8966.6,18
8966.9,4
8967.1,20
8967.3,7
8967.6,28
8967.7,17
8968.0,37
8968.2,13
8968.4,11
8968.8,10
8969.0,25
8969.2,23
8969.4,12
8969.7,29
8969.8,8
8970.7,14
8970.8,36
8970.9,1
8972.0,21
8972.0,35
8976.2,24
8976.5,7
8978.0,26
8978.4,39
8979.8,27
8979.8,34
8980.0,2
8980.0,23
8980.3,0
8980.5,3
8980.7,18
8980.9,17
8981.5,13
8981.6,19
8981.8,33
8982.1,22
8982.5,8
8982.7,28
8984.4,1
8984.5,5
8984.5,11
8985.2,38
8985.5,29
8985.9,14
8986.0,36
8986.6,10
8986.8,25
8987.6,26
8987.8,35
8988.8,37
8989.5,24
8990.2,18
8991.7,12
8991.7,7
8992.3,2
8992.6,4
8992.7,13
8992.7,28
8992.8,21
8993.1,3
8993.6,0
8993.8,17
8994.5,8
8995.5,11
8995.7,39
8996.1,34
8997.1,14
8997.2,35
8997.4,15
8998.3,9
8998.3,23
8998.5,19
8998.7,33
8999.1,29
8999.4,1
9000.2,32
9001.2,24
9001.8,25
9002.3,28
9003.0,36
9003.4,38
9003.6,18
9003.6,22
9003.7,10
9003.8,12
9003.9,13
9004.2,6
9004.5,7
9005.4,3
9005.8,8
9005.9,21
9007.7,5
9008.7,26
9009.8,11
9010.2,1
9010.3,28
9010.7,27
9010.7,34
9011.6,15
9011.9,4
9012.2,35
9012.4,20
9012.4,29
9012.5,24
9013.1,17
9013.7,2
9014.7,37
9014.8,7
9016.6,23
9016.7,8
9017.0,18
9017.2,14
9018.0,36
9018.5,0
9018.7,13
9020.3,3
9021.0,28
9022.1,11
9022.8,1
9023.6,25
9025.2,29
9025.8,7
9025.8,33
9026.1,26
9026.8,8
9026.8,35
9026.9,4
9027.0,22
9027.7,24
9028.6,12
9029.1,19
9029.2,18
9029.7,21
9030.0,36
9030.0,38
9030.2,28
9031.0,10
9031.5,34
9032.6,11
9032.6,13
9033.1,2
9033.4,17
9033.6,5
9035.3,3
9035.4,15
9035.5,1
9036.3,26
9036.8,29
9037.8,32
9038.2,8
9038.6,18
9038.8,14
9038.9,28
9039.4,7
9040.0,36
9040.2,24
9040.2,37
9040.6,6
9040.6,10
9040.6,35
9040.9,0
9041.0,25
9041.3,21
9041.4,23
9041.4,27
9041.7,39
9042.6,12
9044.9,22
9045.6,4
9046.2,8
9046.5,13
9047.5,17
9047.6,1
9047.9,3
9048.6,19
9048.7,7
9048.7,24
9050.8,33
9051.2,11
9051.8,5
9051.8,12
9051.8,36
9052.5,29
9052.6,18
9052.9,28
9052.9,38
9054.2,26
9055.2,34
9056.3,0
9056.8,25
9057.8,10
9058.6,7
9058.7,13
9058.7,35
9058.9,20
9059.2,2
9059.2,15
9059.3,6
9060.5,8
9060.7,14
9061.0,24
9061.2,29
9061.3,28
9061.3,31
9061.9,3
9062.1,1
9062.1,23
9062.4,11
9062.9,37
9063.3,18
9063.8,17
9063.9,33
9064.3,4
9064.4,21
9064.6,5
9064.6,27
9065.1,22
9065.1,26
9067.0,12
9068.3,7
9068.3,8
9068.7,38
9069.1,36
9069.2,19
9071.3,24
9071.5,34
9071.7,35
9073.0,28
9073.3,11
9073.6,29
9073.8,13
9074.5,1
9074.6,9
9074.9,39
9075.2,3
9075.3,26
9075.5,17
9075.7,10
9075.7,25
9076.7,27
9078.0,7
9078.6,12
9079.6,24
9080.4,8
9080.7,33
9080.9,28
9081.0,4
9082.1,0
9082.1,18
9082.3,21
9082.3,37
9084.1,15
9084.2,36
9084.3,2
9084.3,6
9084.3,17
9085.1,14
9085.3,19
9085.4,29
9086.3,13
9086.9,3
9087.5,11
9088.8,8
9089.2,38
9089.6,28
9089.8,18
9089.8,35
9089.9,20
9089.9,32
9090.1,7
9091.2,5
9091.2,24
9091.2,37
9091.3,1
9092.1,26
9092.2,22
9092.6,23
9093.0,36
9093.2,10
9094.0,25
9096.3,14
9096.3,27
9096.4,4
9097.1,38
9097.3,12
9097.4,11
9097.6,34
9098.1,17
9098.2,3
9098.5,2
9098.7,28
9100.5,7
9100.8,0
9100.8,33
9101.3,13
9101.4,18
9101.5,29
9101.9,19
9102.4,8
9102.9,16
9103.0,21
9103.4,6
9103.8,24
9104.8,26
9105.5,35
9106.6,1
9106.6,23
9107.0,27
9108.0,7
9108.1,25
9108.8,3
9109.4,5
9109.8,28
9110.3,13
9110.5,11
9110.5,36
9110.7,17
9111.7,24
9112.0,39
9112.1,14
9113.7,15
9114.8,18
9114.9,8
9115.0,2
9115.1,10
9115.3,19
9115.4,29
9115.4,37
9115.7,34
9117.0,4
9117.4,28
9118.2,26
9118.8,22
9119.0,7
9119.1,12
9119.3,38
9120.5,33
9120.8,23
9121.0,3
9121.8,1
9121.8,11
9123.7,0
9125.5,27
9125.8,13
9126.8,29
9127.0,32
9127.1,5
9127.1,35
9127.3,14
9127.6,24
9127.8,28
9128.0,17
9128.9,7
9128.9,33
9128.9,8
9129.7,21
9130.8,36
9131.8,27
9132.4,37
9132.7,3
9133.3,25
9133.4,11
9133.4,38
9133.7,18
9134.5,26
9138.4,1
9138.6,13
9138.6,17
9138.8,28
9139.0,6
9139.5,29
9139.9,9
9140.5,8
9140.6,20
9140.7,10
9140.9,7
9141.4,33
9141.5,19
9141.5,31
9141.7,24
9141.9,23
9142.4,14
9143.0,35
9143.4,12
9143.5,36
9143.9,5
9147.3,22
9148.1,2
9148.1,3
9148.4,34
9149.2,13
9149.2,28
9149.4,0
9149.4,37
9149.8,29
9150.2,4
9150.5,11
9150.9,27
9151.1,26
9151.3,8
9152.6,21
9152.7,18
9153.9,17
9154.3,5
9154.7,7
9155.1,15
9155.1,38
9155.2,33
9155.8,10
9156.5,24
9156.9,12
9157.1,1
9157.4,25
9158.9,29
9159.8,3
9160.6,13
9160.8,23
9160.9,19
9160.9,28
9161.0,37
9161.8,11
9162.1,39
9162.8,26
9163.2,36
9163.3,4
9163.7,14
9163.8,7
9163.8,35
9164.2,8
9164.8,18
9167.4,0
9167.5,6
9167.6,10
9167.6,34
9168.3,24
9170.0,29
9170.2,27
9171.5,33
9171.9,38
9172.1,28
9172.5,13
9172.7,22
9172.9,5
9173.2,2
9173.9,3
9174.0,1
9174.0,17
9174.7,7
9174.9,18
9175.2,8
9175.8,37
9176.1,11
9177.1,21
9177.4,31
9177.6,12
9177.6,35
9178.3,14
9178.3,36
9179.0,23
9182.6,4
9183.0,29
9183.3,10
9183.3,26
9183.6,28
9183.7,13
9183.9,24
9185.2,3
9185.4,2
9185.5,7
9185.9,19
9186.0,17
9186.0,25
9186.2,37
9187.3,34
9187.5,8
9187.9,15
9187.9,38
9188.0,11
9188.2,27
9189.7,18
9189.7,35
9190.2,1
9191.0,7
9191.2,28
9191.6,3
9192.3,14
9192.8,12
9193.3,20
9193.9,36
9194.2,5
9196.3,39
9196.4,22
9196.4,23
9197.2,0
9197.3,33
9197.4,29
9197.6,24
9198.2,26
9198.3,13
9198.5,8
9200.1,17
9200.2,7
9200.2,28
9200.6,21
9200.9,4
9201.5,11
9201.9,18
9203.1,1
9203.2,6
9203.2,32
9203.5,3
9203.7,27
9204.0,35
9204.6,37
9204.7,5
9205.5,25
9205.6,34
9205.7,39
9206.6,8
9206.8,13
9207.8,28
9208.3,36
9208.4,33
9209.3,10
9209.8,14
9209.8,24
9209.9,4
9210.7,23
9210.9,0
9211.2,26
9211.8,7
9213.4,11
9214.1,3
9214.1,29
9215.0,22
9215.7,12
9216.0,18
9217.8,2
9217.8,38
9218.1,13
9219.3,24
9219.3,36
9219.4,35
9220.1,27
9220.9,34
9221.3,8
9221.4,1
9221.6,14
9221.7,17
9221.7,28
9222.8,7
9223.7,33
9224.7,19
9225.8,37
9226.2,10
9226.3,21
9226.3,26
9226.4,3
9226.5,6
9226.9,4
9227.1,12
9227.1,25
9227.5,29
9227.8,16
9228.2,11
9228.2,15
9228.4,0
9228.4,13
9228.7,18
9229.1,7
9229.5,8
9231.4,36
9232.0,24
9233.4,2
9233.4,28
9233.8,23
9233.9,17
9233.9,34
9234.3,5
9236.1,27
9237.3,22
9237.5,3
9238.0,29
9238.1,14
9238.2,38
9238.8,7
9238.9,1
9238.9,18
9239.6,24
9239.6,35
9239.7,8
9239.7,26
9240.1,33
9240.5,12
9241.7,13
9241.7,28
9242.0,17
9242.1,15
9243.1,11
9243.2,3
9245.3,37
9245.5,39
9245.7,21
9246.0,19
9246.8,36
9247.2,2
9247.4,25
9247.4,32
9247.5,20
9247.7,18
9248.3,0
9248.7,8
9248.9,4
9248.9,29
9249.8,7
9250.6,10
9251.0,23
9251.0,27
9251.8,11
9252.6,28
9253.9,1
9253.9,12
9255.1,13
9255.2,26
9255.4,34
9255.4,14
9255.4,24
9255.4,33
9255.6,5
9255.9,38
9256.0,22
9256.8,6
9257.5,35
9258.3,21
9258.4,18
9258.8,17
9258.9,37
9259.2,36
9259.2,3
9259.6,2
9259.6,29
9260.1,8
9260.3,28
9261.0,7
9264.3,11
9264.9,13
9265.2,25
9265.9,26
9266.3,12
9266.4,0
9266.5,3
9266.8,36
9269.1,18
9269.7,4
9269.7,5
9269.7,23
9270.5,8
9271.1,24
9271.2,1
9271.2,17
9271.2,28
9271.4,10
9272.1,14
9273.1,27
9273.2,33
9273.7,12
9274.4,29
9275.3,7
9275.9,35
9277.7,11
9277.7,38
9278.4,19
9278.9,21
9279.3,36
9279.6,13
9279.7,22
9279.8,3
9280.2,26
9280.7,28
9281.3,14
9281.3,1
9281.7,23
9281.8,10
9282.2,2
9282.3,0
9283.2,5
9283.2,17
9283.4,6
9283.5,37
9283.6,18
9284.1,8
9284.5,24
9285.2,29
9287.7,36
9288.4,11
9288.5,33
9288.7,4
9288.9,15
9288.9,25
9289.4,27
9289.6,7
9289.6,31
9290.1,13
9291.0,12
9291.3,9
9291.4,21
9291.5,3
9291.6,28
9292.0,24
9293.7,18
9294.5,34
9295.9,26
9296.3,17
9297.1,2
9297.3,10
9297.8,38
9298.0,29
9298.9,28
9299.2,8
9299.3,0
9299.4,24
9300.1,6
9300.2,11
9300.3,35
9300.3,22
9300.8,33
9301.0,19
9301.2,23
9302.4,3
9302.8,5
9303.5,13
9305.3,7
9306.1,1
9306.3,18
9306.5,25
9306.5,27
9306.9,28
9306.9,39
9307.5,37
9308.0,36
9308.7,8
9310.1,20
9310.1,29
9312.9,12
9313.7,26
9313.8,17
9313.9,35
9314.0,34
9314.3,14
9314.5,13
9314.6,24
9314.8,4
9315.0,7
9315.4,21
9315.9,3
9316.3,38
9316.4,33
9317.0,10
9317.0,28
9317.5,23
9317.6,1
9317.8,2
9317.9,18
9318.6,25
9318.6,36
9318.9,15
9320.3,8
9322.2,11
9322.4,37
9323.5,0
9324.2,39
9324.6,3
9326.2,29
9327.7,13
9328.0,22
9328.6,28
9329.8,7
9330.3,17
9330.4,24
9330.6,18
9331.0,38
9331.1,1
9331.1,12
9331.3,4
9331.5,26
9331.6,27
9331.9,5
9331.9,35
9332.1,6
9332.4,23
9333.0,2
9333.0,19
9333.1,10
9333.7,8
9334.6,37
9335.6,14
9335.8,33
9336.2,29
9336.4,36
9337.0,3
9337.5,21
9338.6,11
9339.3,13
9339.6,7
9339.8,25
9339.8,28
9339.8,32
9342.3,8
9343.1,15
9343.3,12
9343.6,14
9343.8,24
9345.0,0
9345.6,1
9347.1,3
9347.2,17
9347.3,26
9347.7,7
9347.8,34
9347.9,28
9349.0,18
9349.1,10
9349.4,9
9349.5,20
9349.6,38
9349.7,11
9349.9,8
9349.9,13
9350.3,35
9350.7,5
9351.4,2
9351.7,4
9351.7,33
9351.9,29
9352.3,22
9353.0,6
9353.7,39
9353.8,36
9353.9,23
9353.9,37
9355.8,24
9356.7,0
9357.3,14
9357.4,1
9357.5,27
9358.1,3
9358.6,7
9359.4,12
9359.8,19
9360.2,28
9360.4,13
9360.5,26
9360.7,8
9361.1,34
9361.4,21
9362.7,5
9364.5,18
9364.6,39
9365.6,11
9366.3,17
9367.1,2
9367.2,29
9367.4,10
9367.7,35
9367.8,22
9368.0,33
9368.1,38
9368.2,1
9368.2,25
9369.6,24
9369.6,32
9369.7,36
9370.0,3
9370.0,13
9370.4,16
9370.5,7
9371.4,28
9372.2,37
9372.7,8
9375.1,23
9375.9,21
9376.0,15
9376.1,0
9376.1,4
9376.1,12
9376.1,29
9376.2,20
9377.2,14
9377.4,24
9377.7,19
9377.7,26
9378.8,7
9378.8,33
9379.0,3
9379.3,39
9379.5,18
9380.3,34
9381.2,35
9381.4,13
9381.6,11
9381.7,25
9381.7,27
9381.9,2
9382.1,10
9382.4,17
9383.4,12
9383.6,28
9383.8,1
9387.6,5
9388.0,0
9388.1,38
9388.3,24
9388.4,7
9389.4,18
9390.2,8
9390.2,36
9390.5,3
9391.9,26
9393.5,37
9394.5,22
9394.9,32
9395.6,31
9396.0,29
9396.2,21
9397.0,1
9397.0,23
9397.1,13
9397.1,14
9397.4,12
9397.4,28
9397.7,17
9397.7,35
9397.8,33
9397.9,4
9397.9,11
9398.7,2
9399.5,7
9400.7,10
9400.9,27
9401.1,8
9401.3,3
9401.3,19
9401.7,18
9401.9,26
9402.0,24
9403.0,0
9403.2,29
9403.2,36
9404.8,25
9405.1,34
9405.2,15
9405.3,1
9406.7,13
9408.0,37
9408.4,11
9409.2,28
9409.6,3
9409.9,33
9410.3,38
9411.5,8
9411.6,7
9412.5,17
9412.9,24
9412.9,35
9413.2,12
9413.9,5
9414.2,6
9415.1,10
9415.2,21
9415.3,0
9415.9,26
9416.7,29
9417.0,18
9417.4,2
9417.6,23
9417.8,36
9418.0,28
9418.2,27
9419.5,14
9419.7,22
9421.0,19
9422.0,1
9422.2,11
9422.2,13
9422.3,37
9422.3,4
9422.6,25
9422.6,35
9422.7,3
9422.7,8
9423.0,7
9423.2,33
9425.5,24
9426.6,10
9426.7,34
9427.0,17
9427.1,29
9427.1,38
9427.8,15
9428.0,18
9428.1,39
9428.7,28
9429.1,12
9429.6,4
9429.7,27
9434.0,13
9434.3,1
9435.4,26
9435.6,21
9436.0,3
9436.0,23
9436.4,0
9436.5,8
9436.5,24
9436.9,7
9437.4,35
9438.1,14
9438.4,36
9438.6,33
9438.7,11
9440.4,27
9440.5,28
9441.1,29
9441.2,17
9441.3,18
9441.6,34
9442.0,37
9442.2,5
9442.5,13
9442.8,22
9443.3,10
9444.4,25
9444.9,8
9445.0,2
9445.0,31
9445.8,3
9446.4,12
9446.9,39
9448.0,38
9448.2,7
9448.8,1
9448.8,26
9449.6,4
9450.2,21
9450.3,28
9450.7,19
9451.9,14
9451.9,24
9453.2,29
9453.7,11
9453.9,35
9454.3,8
9454.5,18
9454.5,36
9454.6,0
9455.9,22
9456.8,27
9456.9,33
9457.2,13
9457.7,5
9457.9,3
9458.1,23
9458.5,7
9458.6,37
9458.7,32
9459.2,10
9459.3,26
9459.6,25
9459.9,28
9460.0,12
9461.4,1
9463.0,34
9463.1,36
9463.8,8
9463.9,24
9464.4,17
9464.8,15
9465.4,19
9466.3,38
9467.0,0
9467.6,11
9468.6,18
9468.7,20
9469.2,33
9469.4,2
9469.9,3
9471.4,35
9472.0,29
9472.9,21
9473.0,10
9473.0,28
9473.2,7
9473.3,13
9474.1,14
9474.3,1
9474.3,8
9474.6,6
9474.6,11
9474.9,24
9475.2,27
9477.7,23
9478.1,4
9478.4,17
9478.4,36
9478.5,12
9478.5,22
9478.6,25
9478.8,39
9479.3,5
9479.8,26
9480.4,7
9481.6,3
9481.7,37
9482.7,29
9482.7,38
9485.4,28
9485.5,8
9486.6,2
9486.7,35
9486.9,34
9487.2,10
9487.2,18
9487.6,27
9488.6,11
9488.6,33
9488.8,0
9489.0,13
9489.0,24
9489.2,12
9489.8,7
9490.0,1
9490.2,3
9490.3,19
9490.3,38
9490.4,17
9490.5,9
9490.7,14
9491.0,28
9491.1,29
9491.4,32
9493.0,26
9495.5,5
9495.9,36
9497.0,22
9498.1,18
9498.3,25
9498.5,8
9498.7,11
9499.0,15
9499.1,21
9499.3,28
9499.3,37
9499.4,7
9500.4,12
9500.6,4
9500.7,33
9500.9,35
9501.2,27
9502.0,23
9502.3,1
9502.3,3
9502.5,13
9503.2,24
9504.4,38
9504.7,34
9505.3,29
9506.1,31
9506.4,36
9506.8,18
9507.3,2
9507.9,6
9508.0,0
9508.0,17
9508.3,7
9508.4,35
9508.7,28
9509.9,8
9510.4,10
9510.5,39
9513.0,3
9514.7,33
9515.1,13
9515.2,1
9515.2,14
9515.6,21
9515.7,26
9515.8,25
9515.9,29
9516.3,19
9516.3,24
9516.6,5
9516.8,8
9518.0,12
9518.4,11
9519.4,36
9521.4,2
9522.4,28
9523.4,3
9523.4,37
9525.4,7
9525.5,0
9525.9,38
9526.4,17
9526.5,20
9526.5,34
9526.6,8
9526.7,13
9527.0,18
9527.1,4
9528.4,35
9528.5,10
9528.5,22
9528.5,27
9528.6,23
9528.6,29
9528.7,24
9528.8,28
9528.9,11
9529.5,3
9529.8,1
9530.5,26
9531.2,36
9532.3,7
9535.6,2
9536.1,21
9536.6,9
9537.0,8
9537.2,19
9537.2,33
9537.4,6
9537.4,25
9537.6,24
9538.1,10
9539.1,13
9539.9,14
9540.8,3
9540.9,11
9542.2,17
9542.3,5
9542.4,26
9542.4,35
9543.9,18
9544.1,7
9544.2,22
9544.2,37
9544.2,38
9544.3,12
9544.4,4
9544.7,34
9544.8,29
9545.0,28
9545.2,1
9545.4,0
9545.4,27
9545.5,39
9546.0,24
9547.5,8
9547.7,15
9550.7,20
9551.9,11
9552.0,23
9552.1,28
9552.2,36
9552.3,18
9553.2,3
9553.5,13
9553.5,33
9553.8,29
9555.3,7
9555.5,32
9555.5,35
9555.6,12
9556.2,14
9556.2,26
9556.7,24
9557.1,8
9558.7,27
9558.9,17
9559.2,21
9560.2,2
9561.4,1
9562.8,0
9563.2,13
9563.7,28
9565.4,8
9565.7,3
9566.2,7
9566.4,25
9566.8,18
9566.8,29
9566.8,37
9567.2,4
9567.5,11
9568.5,35
9568.6,34
9569.7,26
9570.0,12
9570.0,38
9570.2,5
9570.4,17
9570.4,23
9570.6,24
9570.9,22
9571.1,2
9571.1,14
9571.2,27
9571.6,28
9571.7,39
9571.7,10
9572.7,13
9577.0,1
9578.2,4
9578.9,3
9578.9,8
9579.0,7
9579.6,11
9580.0,36
9580.1,15
9580.1,29
9580.1,33
9580.6,28
9581.0,18
9581.0,25
9581.2,0
9581.5,6
9582.2,22
9582.4,27
9583.5,35
9584.1,17
9584.9,24
9585.8,26
9586.1,3
9586.6,4
9586.6,12
9586.8,13
9587.3,16
9587.4,21
9587.7,38
9588.3,23
9589.0,37
9589.2,32
9589.5,19
9589.7,10
9589.9,14
9590.1,8
9590.5,28
9590.9,18
9591.1,7
9591.2,2
9592.0,34
9593.2,1
9593.8,29
9595.0,5
9595.3,11
9596.3,13
9597.3,3
9600.0,27
9600.5,24
9600.8,35
9600.9,26
9601.0,17
9601.1,28
9601.8,37
9601.9,36
9602.0,4
9602.0,20
9602.3,0
9602.9,22
9603.6,25
9604.5,1
9604.8,7
9605.1,3
9605.1,39
9605.3,11
9606.6,8
9606.6,29
9607.3,18
9607.8,12
9607.8,14
9608.8,13
9608.9,2
9609.5,15
9609.8,36
9610.8,33
9611.2,26
9611.5,35
9611.7,21
9611.8,23
9612.4,28
9613.6,3
9614.9,1
9615.1,4
9615.1,6
9615.3,11
9615.6,7
9615.7,19
9616.1,24
9616.4,17
9616.6,34
9616.7,29
9617.1,38
9619.0,22
9620.1,37
9620.2,18
9620.3,12
9620.4,10
9621.8,5
9621.8,8
9622.1,25
9623.3,23
9623.7,0
9623.7,1
9623.7,27
9624.3,36
9625.2,33
9625.3,28
9626.2,35
9627.2,13
9627.4,7
9627.8,3
9628.0,14
9628.6,19
9629.9,26
9630.1,29
9630.3,17
9630.4,22
9631.3,11
9631.8,8
9631.9,24
9632.5,37
9634.4,7
9636.3,28
9637.1,2
9637.5,35
9639.2,3
9639.4,33
9639.5,38
9639.8,26
9640.1,12
9640.1,18
9640.5,17
9640.9,27
9641.1,21
9641.2,1
9641.2,14
9641.3,36
9641.6,34
9642.1,4
9642.1,13
9642.2,0
9642.2,23
9642.4,28
9642.6,11
9644.1,9
9644.9,29
9645.2,24
9645.6,37
9646.2,3
9646.2,8
9646.5,10
9647.0,15
9647.1,6
9647.1,7
9647.9,5
9649.5,2
9650.5,28
9651.5,35
9652.0,21
9653.0,12
9653.6,18
9654.8,29
9655.0,11
9655.3,19
9655.5,13
9656.3,27
9656.7,36
9657.1,28
9657.3,32
9657.3,33
9657.4,8
9657.5,17
9657.5,34
9657.7,1
9657.8,23
9658.1,25
9658.6,3
9658.6,7
9658.6,38
9659.0,26
9659.1,4
9659.2,24
9659.3,37
9660.8,0
9665.4,14
9666.0,5
9666.0,29
9666.4,18
9667.2,28
9667.6,2
9667.8,15
9667.9,22
9668.3,13
9668.4,7
9668.9,30
9669.1,12
9669.4,10
9669.5,11
9670.0,9
9670.2,21
9671.1,3
9672.0,17
9672.3,1
9672.5,8
9672.5,27
9673.2,35
9674.1,24
9674.1,33
9675.0,25
9675.2,36
9675.8,26
9676.1,29
9678.0,0
9678.1,28
9679.0,19
9679.3,18
9680.4,8
9680.5,14
9680.7,3
9680.9,4
9681.2,12
9681.2,39
9681.9,7
9682.1,20
9682.2,22
9682.4,35
9683.6,38
9683.7,11
9683.7,13
9685.0,37
9685.2,24
9685.4,36
9685.6,34
9685.9,32
9686.0,5
9687.5,23
9687.9,1
9689.0,29
9689.6,26
9689.7,33
9689.8,28
9690.5,8
9692.2,21
9692.4,18
9692.5,3
9693.7,17
9694.0,25
9694.1,2
9694.6,11
9694.8,7
9695.5,4
9695.7,23
9695.9,22
9696.4,35
9696.6,36
9697.2,15
9697.3,0
9698.3,12
9698.4,1
9700.1,10
9700.2,24
9701.0,8
9702.7,14
9703.0,13
9703.3,27
9703.9,36
9704.9,3
9705.0,28
9705.1,37
9705.3,5
9705.4,7
9705.7,29
9706.0,6
9706.6,21
9706.8,17
9706.8,18
9706.9,11
9706.9,33
9707.1,24
9708.1,34
9708.7,26
9713.4,23
9713.6,1
9714.2,13
9714.6,22
9715.6,25
9715.6,28
9715.9,8
9716.4,27
9716.6,3
9716.7,7
9716.7,10
9717.3,26
9718.8,24
9718.8,29
9719.0,38
9720.1,12
9720.1,18
9721.6,35
9723.2,17
9723.6,34
9724.7,28
9725.7,1
9725.7,11
9725.7,36
9725.9,0
9726.0,8
9726.0,32
9726.1,37
9726.3,2
9726.4,13
9727.1,39
9727.6,7
9727.9,20
9728.1,4
9728.3,19
9728.9,18
9729.2,3
9729.2,29
9729.3,33
9731.0,23
9731.6,10
9732.3,5
9733.7,21
9734.3,36
9734.7,24
9734.8,14
9735.7,2
9736.8,11
9736.8,28
9737.0,27
9737.2,7
9737.6,34
9737.7,12
9737.8,17
9738.2,13
9738.2,35
9738.5,0
9738.5,26
9739.5,15
9739.6,8
9740.0,3
9740.2,29
9740.4,1
9741.4,22
9743.2,37
9744.0,23
9744.0,25
9744.0,28
9744.1,5
9744.2,24
9744.7,18
9745.1,21
9745.9,13
9746.6,7
9747.7,19
9748.7,12
9749.1,29
9749.7,33
9749.8,3
9750.2,6
9750.9,26
9751.1,8
9752.2,36
9752.2,38
9752.7,1
9753.5,34
9753.7,18
9753.7,35
9753.8,28
9754.5,14
9754.9,11
9755.4,17
9756.3,24
9756.7,27
9757.3,37
9757.4,5
9757.8,8
9758.1,0
9758.2,4
9758.3,10
9758.3,20
9759.8,2
9760.2,7
9761.1,13
9761.9,3
9762.4,29
9763.4,26
9764.2,28
9764.5,14
9764.9,11
9765.4,12
9765.7,21
9766.0,33
9766.6,9
9766.9,1
9767.1,23
9767.8,35
9767.9,18
9768.2,36
9768.5,8
9769.8,7
9769.8,25
9770.0,17
9770.0,22
9770.1,24
9770.8,29
9771.2,3
9771.6,13
9771.8,39
9772.1,34
9772.5,27
9772.6,32
9772.6,38
9772.7,4
9772.8,0
9773.1,28
9773.5,2
9773.5,5
9773.5,37
9774.5,11
9775.2,15
9775.7,26
9780.2,7
9780.4,18
9780.5,3
9780.7,24
9780.8,8
9780.9,13
9780.9,31
9781.0,29
9781.6,33
9783.9,1
9784.5,17
9784.5,19
9784.7,21
9785.5,28
9785.6,12
9785.8,27
9786.1,23
9787.2,35
9788.6,10
9789.3,14
9789.6,37
9790.4,8
9790.8,11
9792.4,3
9792.6,24
9793.1,29
9793.5,36
9793.5,7
9794.3,38
9794.5,4
9794.7,13
9795.3,22
9795.3,26
9796.0,18
9796.0,20
9796.7,0
9797.0,28
9797.9,23
9798.2,2
9798.2,34
9798.7,33
9799.2,15
9799.4,1
9799.4,25
9799.5,8
9799.6,35
9801.5,11
9801.6,6
9801.8,12
9802.3,24
9802.9,3
9803.0,5
9803.6,21
9803.9,18
9804.0,7
9804.3,27
9804.5,14
9805.1,13
9805.3,38
9807.1,28
9807.2,26
9807.8,17
9809.1,37
9810.2,33
9810.2,36
9811.3,1
9812.3,8
9812.5,29
9812.9,0
9813.3,2
9814.3,23
9814.7,3
9814.9,4
9817.3,25
9817.7,39
9818.3,35
9818.4,22
9819.2,7
9819.2,19
9819.7,28
9820.3,34
9820.5,26
9821.2,17
9821.4,11
9822.1,36
9823.5,8
9823.7,10
9823.7,13
9823.7,18
9824.5,24
9825.0,38
9825.5,12
9826.9,37
9827.4,1
9828.1,2
9828.1,29
9828.2,3
9828.2,33
9829.0,21
9829.4,28
9830.0,7
9830.0,11
9830.1,27
9830.4,15
9831.1,35
9831.3,36
9833.7,3
9833.7,32
9834.2,26
9835.1,14
9836.7,4
9836.8,13
9837.0,18
9837.0,19
9837.4,24
9837.9,25
9838.3,8
9838.7,11
9839.0,0
9839.9,35
9840.3,12
9840.6,17
9840.7,7
9841.3,29
9841.4,10
9841.7,33
9841.8,5
9841.9,37
9842.1,23
9842.1,28
9842.3,1
9842.9,2
9842.9,26
9843.4,36
9845.5,21
9845.9,4
9846.0,20
9846.4,3
9847.2,13
9848.5,24
9848.8,7
9849.1,8
9850.3,11
9851.4,28
9851.5,39
9851.9,27
9852.0,14
9852.5,33
9852.6,22
9852.6,34
9852.9,10
9854.1,18
9854.6,0
9855.1,35
9855.1,38
9855.3,37
9855.5,1
9856.5,13
9856.9,3
9856.9,25
9857.5,29
9857.5,36
9857.7,8
9857.9,17
9859.3,24
9860.2,21
9860.5,28
9860.9,7
9861.5,2
9861.9,26
9862.7,12
9863.4,11
9863.6,18
9864.5,5
9864.8,6
9865.7,15
9866.0,23
9867.0,3
9868.5,28
9869.3,35
9870.1,8
9870.1,34
9870.4,27
9870.9,7
9870.9,29
9871.5,25
9871.5,37
9871.6,24
9871.7,36
9871.8,22
9872.1,13
9872.3,38
9872.5,14
9872.7,10
9872.9,33
9873.3,0
9874.5,26
9875.2,4
9875.2,18
9875.4,17
9876.3,19
9876.7,12
9877.3,28
9877.7,5
9877.8,7
9878.1,3
9878.3,2
9878.6,11
9878.9,1
9879.8,21
9882.2,27
9882.9,23
9883.4,29
9883.9,8
9884.0,36
9884.2,39
9884.2,20
9884.5,28
9884.5,32
9884.7,22
9886.0,24
9886.3,18
9886.6,9
9887.8,7
9888.4,13
9888.7,35
9888.9,26
9888.9,37
9889.6,15
9889.9,8
9890.0,1
9890.0,11
9890.0,33
9891.0,28
9891.4,12
9891.6,17
9891.8,3
9891.9,10
9893.8,38
9895.2,18
9895.6,25
9895.6,34
9896.1,6
9896.4,0
9896.4,27
9896.4,36
9897.9,17
9898.5,21
9898.5,24
9899.2,7
9899.5,39
9899.9,5
9900.1,4
9900.1,8
9900.3,13
9900.5,3
9900.5,14
9900.6,19
9900.8,11
9901.4,29
9902.1,28
9902.5,1
9902.9,26
9903.9,35
9905.4,27
9906.5,12
9906.9,2
9906.9,37
9907.2,33
9907.7,34
9907.8,13
9907.8,24
9908.2,22
9909.0,10
9910.3,7
9910.5,18
9910.5,36
9910.6,8
9911.4,3
9912.2,14
9912.7,23
9913.8,15
9914.6,35
9915.0,28
9915.1,17
9915.9,29
9916.4,13
9917.3,32
9917.6,25
9917.6,26
9918.2,11
9918.5,1
9919.3,21
9919.4,27
9920.4,8
9921.8,33
9922.0,17
9922.5,7
9922.5,18
9923.3,37
9923.4,34
9923.6,0
9923.6,5
9923.6,12
9923.6,24
9924.9,3
9925.7,29
9925.8,2
9928.2,4
9928.2,13
9928.7,28
9929.2,6
9929.7,36
9930.0,11
9930.7,14
9930.7,22
9930.9,19
9930.9,26
9932.0,2
9932.1,23
9932.8,35
9933.0,7
9933.7,8
9935.7,1
9936.9,3
9937.2,17
9937.3,18
9937.3,38
9937.6,25
9938.8,0
9939.4,28
9940.0,11
9940.1,27
9941.0,29
9941.5,24
9942.0,14
9942.4,4
9942.9,12
9942.9,34
9944.1,10
9944.3,33
9944.3,36
9944.6,8
9944.6,13
9944.8,7
9945.8,2
9946.2,39
9946.4,35
9947.4,23
9948.0,3
9948.3,21
9948.9,17
9948.9,22
9949.0,32
9951.4,37
9951.6,26
9951.7,28
9952.1,24
9952.1,29
9952.5,5
9953.1,18
9953.2,15
9953.3,8
9953.3,38
9953.5,11
9953.7,14
9954.3,1
9954.3,13
9954.9,31
9955.7,0
9957.9,36
9959.1,21
9959.6,12
9959.8,25
9960.4,4
9960.6,7
9960.6,35
9961.1,3
9961.3,27
9962.4,20
9962.8,33
9963.4,17
9963.6,13
9963.7,28
9963.8,8
9965.2,0
9965.2,18
9965.4,10
9965.7,22
9966.3,34
9966.4,6
9966.7,14
9967.1,29
9967.5,26
9967.7,1
9967.7,24
9969.0,19
9970.2,3
9970.8,12
9971.7,11
9972.1,8
9973.1,9
9973.3,36
9973.3,37
9973.5,23
9974.6,13
9975.1,38
9975.2,7
9975.6,29
9977.0,14
9977.0,27
9977.3,24
9977.9,35
9978.9,2
9979.7,28
9980.1,5
9980.1,25
9980.5,21
9980.7,1
9980.8,33
9980.9,18
9982.0,7
9982.2,4
9982.3,11
9982.3,12
9983.0,3
9983.0,17
9983.3,8
9985.0,0
9985.4,26
9985.5,10
9985.8,32
9985.8,34
9986.3,29
9986.7,13
9987.1,23
9987.4,22
9987.4,38
9989.3,24
9990.1,36
9990.2,1
9990.5,33
9991.0,35
9991.1,27
9991.4,28
9992.2,7
9992.3,8
9992.5,37
9993.8,17
9994.4,15
9996.7,18
9996.7,25
9996.8,14
9997.6,11
9997.6,13
9997.7,3
9998.1,20
9998.4,19
9998.5,12
9998.8,5
9999.4,8
9999.5,29
9999.9,7
