11.7,15
11.9,5
12.0,12
12.4,14
12.4,16
12.4,25
12.4,38
12.7,6
12.7,24
12.7,28
12.9,35
13.1,7
13.1,26
13.1,29
13.2,2
13.3,11
13.4,0
13.4,18
13.4,22
13.4,39
13.8,4
13.8,21
13.9,27
14.2,10
14.7,8
19.6,31
19.8,32
21.9,37
22.1,34
22.8,9
22.8,14
23.1,22
24.0,33
24.1,39
24.2,4
24.4,10
24.4,21
24.9,29
25.0,36
27.2,6
27.4,32
28.5,18
29.4,1
29.5,35
29.7,8
30.0,5
30.9,13
31.7,24
32.3,30
32.7,17
32.7,39
33.6,20
33.8,0
34.2,22
34.2,28
34.3,14
35.0,2
35.6,21
35.9,36
36.6,11
36.9,4
37.0,16
37.0,34
37.5,31
37.7,5
37.7,33
38.4,29
38.6,37
39.4,10
40.0,18
42.8,22
43.9,24
43.9,32
44.8,0
45.0,21
45.4,26
45.4,6
45.4,8
45.4,25
45.7,1
45.7,30
48.1,27
48.6,15
48.9,35
49.3,23
49.6,13
49.9,5
52.4,10
52.8,22
53.9,32
54.1,37
54.3,33
54.6,0
54.7,36
56.1,18
56.4,4
56.6,8
57.2,21
57.7,5
57.8,11
58.0,17
58.0,30
58.0,35
58.0,39
58.2,29
58.5,12
59.3,2
59.4,34
60.4,14
60.6,19
61.0,28
63.7,32
63.8,24
65.3,22
66.1,33
66.3,10
66.9,8
67.4,31
69.1,5
69.5,20
69.6,6
69.6,34
70.0,21
70.1,0
70.1,1
70.4,36
70.5,30
70.8,27
71.0,4
71.2,14
71.7,13
71.7,35
73.8,22
74.6,17
74.8,10
75.0,23
75.4,9
75.4,37
76.1,11
76.4,25
77.4,15
77.4,29
77.6,33
78.2,18
78.2,32
78.2,39
78.8,14
79.4,38
79.6,24
79.6,26
79.8,0
80.1,21
81.8,34
83.0,22
83.3,5
83.3,37
83.5,2
83.6,8
84.8,30
84.8,31
85.1,4
85.6,10
86.7,21
87.5,29
89.2,27
89.4,14
89.9,13
90.0,35
90.2,16
90.7,32
90.8,33
91.5,30
92.9,6
92.9,36
93.3,1
93.8,4
95.3,2
95.6,5
96.0,22
96.0,23
96.2,0
97.0,11
97.1,18
97.2,31
97.9,10
98.4,14
98.4,21
98.4,34
99.0,8
100.1,39
100.4,35
101.6,29
101.9,24
102.0,28
102.7,32
105.4,25
106.6,15
106.7,0
107.1,22
107.6,33
107.7,26
107.8,13
107.8,30
108.2,36
108.5,5
108.9,37
109.8,17
110.9,14
111.3,18
112.0,27
112.3,2
112.4,34
112.5,35
113.0,6
113.3,21
114.3,29
114.5,10
114.6,4
116.1,32
117.0,23
117.2,24
117.3,5
117.6,20
117.7,1
117.7,11
117.7,28
118.3,22
118.8,31
119.8,33
121.2,18
121.7,13
122.2,7
123.2,14
123.3,21
123.5,30
123.8,0
124.2,22
124.9,32
125.6,29
125.9,35
126.2,10
126.2,39
126.2,8
126.5,17
129.2,4
130.4,37
130.7,5
131.9,21
132.5,2
132.6,36
133.1,1
133.1,26
133.2,6
133.2,11
133.3,0
133.4,33
133.4,34
133.5,9
133.7,24
134.3,29
134.3,30
135.1,27
138.3,32
138.5,22
139.7,17
139.9,35
140.2,14
140.6,15
141.5,10
142.1,39
142.4,31
143.1,18
143.2,4
144.1,33
144.2,28
145.6,5
146.2,0
146.6,21
146.9,2
147.0,24
148.2,12
148.3,22
149.1,29
149.4,19
149.6,30
150.1,11
150.4,13
150.4,37
150.6,27
150.6,39
150.8,3
150.8,26
150.8,32
152.8,36
153.0,10
153.2,6
154.1,35
154.2,18
154.5,1
154.6,21
154.7,14
155.9,34
156.6,5
156.9,8
158.5,33
160.2,25
160.3,22
161.2,32
161.9,31
162.0,24
162.2,0
162.3,17
162.3,29
162.5,4
164.9,30
164.9,37
166.3,18
166.7,39
167.0,6
167.5,5
167.9,20
168.0,13
168.1,2
168.1,27
168.2,14
168.9,8
169.4,11
170.1,26
170.2,33
172.2,35
173.4,22
173.7,36
173.8,21
174.5,32
174.7,10
175.2,34
175.8,15
176.0,29
176.2,30
176.4,9
176.6,24
177.4,5
177.8,0
179.4,28
180.1,37
180.8,13
181.1,1
181.2,21
181.9,32
182.1,2
182.2,17
182.6,22
182.9,14
183.5,33
185.0,31
185.1,10
185.8,4
187.1,29
187.2,35
187.4,11
187.4,18
187.9,3
188.3,25
189.2,5
189.7,0
189.7,24
190.4,6
190.5,39
190.7,36
191.1,27
191.3,22
192.0,8
193.9,14
195.3,32
195.3,34
195.9,30
197.4,29
197.9,16
198.2,21
198.4,4
198.5,18
199.0,1
201.0,33
201.9,13
203.9,35
204.2,22
205.0,24
205.2,5
205.3,39
206.7,6
206.8,32
206.9,37
207.0,30
207.5,10
207.7,2
207.7,12
207.9,34
208.6,31
209.3,8
209.3,23
211.9,11
212.0,25
212.2,26
212.2,33
212.4,17
212.4,29
212.6,21
213.4,4
213.5,14
213.8,36
214.2,27
215.7,0
216.2,9
216.3,22
216.5,5
216.6,32
217.3,35
219.3,24
222.2,28
222.5,8
222.9,10
222.9,34
223.7,18
224.5,30
224.6,39
225.0,13
225.3,20
225.4,6
225.5,29
225.9,14
226.0,5
226.6,31
226.7,22
226.9,11
227.1,1
227.1,2
227.1,26
227.6,16
227.8,36
228.1,21
229.5,37
230.1,33
231.0,4
231.9,0
233.1,32
233.3,17
233.5,18
233.5,34
235.1,15
235.4,10
235.7,35
236.1,30
236.4,24
236.8,29
237.9,22
239.7,5
239.9,38
240.0,37
240.2,14
240.2,36
241.0,4
241.1,32
241.8,31
242.2,3
242.2,11
242.9,21
243.3,33
244.1,34
244.6,8
246.0,39
246.2,6
246.3,0
246.5,28
246.8,17
248.5,29
249.2,10
249.2,13
249.2,25
250.2,24
250.5,30
250.8,22
250.9,27
252.5,14
252.8,21
253.0,1
253.0,37
254.4,32
255.4,35
256.5,23
256.7,31
256.7,33
257.0,5
257.3,18
257.3,26
257.6,4
259.7,0
260.0,29
261.3,24
261.9,17
263.6,9
263.7,10
264.2,19
264.2,34
264.3,8
264.4,22
264.8,14
264.8,39
265.2,30
265.2,32
265.3,20
265.9,2
266.3,11
266.3,36
266.4,21
267.6,5
267.7,33
268.4,6
273.8,29
273.9,37
274.0,35
274.1,4
274.4,13
274.6,27
274.9,31
275.5,18
275.5,26
276.7,7
276.9,17
277.0,2
277.1,24
277.2,0
277.2,21
277.2,28
277.2,39
277.4,15
277.5,14
278.0,22
278.0,32
278.4,10
278.5,1
280.1,34
282.2,30
282.5,33
283.0,6
283.5,5
283.5,23
284.0,29
284.5,37
285.0,4
285.0,35
285.1,11
285.5,12
285.8,36
286.1,16
287.6,32
287.9,22
288.1,20
290.3,3
290.7,31
291.1,21
291.8,18
291.8,39
291.9,10
292.1,13
292.5,14
293.2,5
293.6,24
293.7,27
294.2,0
294.5,34
294.8,25
295.1,6
295.8,32
297.0,30
297.4,17
297.6,8
298.7,1
299.3,33
300.9,22
302.1,35
302.7,29
304.4,21
304.8,32
305.6,36
306.5,14
306.9,0
306.9,34
307.6,10
307.7,5
307.7,28
307.8,18
308.0,37
308.9,26
308.9,31
309.0,8
309.3,2
309.4,33
309.6,6
311.0,24
311.2,15
311.9,4
312.2,11
312.3,25
312.7,22
313.6,27
313.7,29
314.3,9
314.7,21
315.5,13
317.4,0
317.9,12
317.9,39
318.0,5
318.0,18
318.1,24
318.3,30
318.9,36
319.4,7
319.8,14
320.2,32
321.0,23
322.1,22
322.4,33
323.5,4
323.5,1
323.5,20
325.0,35
325.8,3
325.8,29
325.9,21
326.1,10
326.9,24
327.1,37
327.4,26
327.5,2
327.9,14
328.2,17
329.5,6
329.9,33
330.2,0
330.3,34
330.4,32
330.7,5
331.1,8
331.7,22
332.0,11
333.9,30
334.0,36
334.3,18
334.8,31
335.9,27
336.0,29
338.7,4
338.7,35
340.2,39
340.3,21
340.6,1
341.6,15
341.6,10
342.7,5
342.7,32
342.9,37
343.9,30
344.2,33
344.3,22
344.4,0
344.5,14
345.4,28
347.3,25
347.4,23
347.5,34
347.7,19
348.1,2
348.1,21
348.6,29
348.7,8
348.7,24
351.3,35
351.5,6
351.5,13
351.9,5
353.6,4
355.1,10
355.3,22
355.7,20
356.0,33
356.1,26
356.2,32
356.4,24
356.8,36
357.0,31
357.5,30
357.8,18
359.2,11
361.4,5
361.4,17
361.8,29
362.1,1
363.4,8
363.6,0
364.1,21
364.2,27
364.3,34
365.1,2
365.4,14
366.3,4
366.3,39
366.5,37
366.8,25
367.4,13
367.8,33
368.4,30
369.4,23
369.4,28
369.8,24
370.0,22
370.4,35
370.7,16
370.9,10
371.6,5
371.6,32
371.9,21
373.6,29
376.4,0
376.5,18
378.2,34
378.5,4
378.7,8
378.7,14
378.7,31
378.8,26
379.0,37
379.3,36
379.7,15
380.2,6
380.3,32
380.7,19
381.1,17
382.0,5
383.1,22
384.6,30
384.7,39
385.0,33
385.7,10
385.9,2
387.2,21
387.4,24
387.7,29
388.2,1
388.3,35
388.5,20
388.9,18
389.8,11
390.4,27
390.6,32
391.1,22
391.3,14
391.9,30
392.5,13
393.5,8
394.0,0
394.3,36
394.9,31
395.6,5
396.4,29
396.9,21
397.0,37
397.3,10
397.3,35
398.2,39
399.4,6
399.4,32
399.7,28
399.7,33
400.0,4
400.3,17
400.3,34
400.6,2
401.2,38
401.3,22
402.3,27
402.4,18
406.9,14
406.9,15
407.2,5
407.2,25
407.2,30
407.2,36
407.3,11
407.9,29
408.3,35
408.4,26
408.5,24
408.6,23
408.8,21
409.1,33
409.3,0
410.0,10
411.1,1
411.7,32
411.8,13
413.1,31
413.5,22
414.1,4
416.7,8
417.3,34
417.7,20
417.9,27
418.2,6
418.2,18
418.2,29
418.2,39
419.0,10
419.8,30
419.8,37
420.0,14
420.1,0
421.2,25
421.7,5
422.2,24
423.2,22
423.6,35
423.8,32
424.0,21
424.8,2
425.3,36
425.6,33
426.4,13
426.6,26
427.0,17
427.1,1
427.2,11
430.1,29
430.4,23
431.2,16
432.1,32
432.2,9
432.7,30
432.8,14
433.0,21
433.3,34
433.9,3
433.9,24
434.8,35
434.9,5
434.9,15
435.7,4
436.7,10
436.8,22
437.7,18
437.8,33
438.0,8
438.0,19
438.1,0
438.9,31
439.6,11
439.9,13
440.2,39
441.2,1
441.8,28
442.0,21
442.1,32
442.3,36
443.6,5
444.3,12
444.7,37
445.2,35
445.4,27
445.9,14
446.8,18
447.5,29
447.7,22
447.9,10
448.9,33
449.3,20
449.9,24
450.4,21
450.7,6
450.8,25
451.3,4
451.3,5
451.5,2
451.7,0
454.4,14
454.6,30
454.9,31
454.9,37
458.4,36
459.4,34
459.6,32
460.0,11
460.1,10
460.8,8
461.1,33
461.7,29
461.8,17
462.1,13
462.2,22
462.5,18
462.6,21
462.6,39
462.7,0
462.7,31
462.8,5
463.1,2
463.1,26
463.3,35
465.2,27
465.5,4
466.2,14
467.0,24
467.0,32
468.6,28
470.7,6
470.7,29
471.1,22
471.2,1
471.7,19
471.8,5
472.1,10
472.6,20
473.5,16
473.5,21
474.1,9
474.4,30
475.0,33
475.6,25
477.0,0
477.8,36
477.9,34
478.9,11
479.3,37
479.4,8
479.4,14
479.5,4
479.7,35
480.0,22
480.8,24
481.1,13
481.2,39
481.3,5
481.6,32
481.9,17
482.1,31
482.9,26
483.3,18
483.7,10
484.8,15
485.1,30
485.5,21
486.3,29
487.0,33
489.9,27
490.1,4
490.2,23
490.4,1
490.9,6
491.7,2
491.8,36
492.5,22
493.4,11
493.4,34
493.6,37
493.9,0
494.4,32
494.8,5
495.6,8
495.6,24
495.6,35
496.4,28
497.1,21
497.2,3
497.7,14
497.9,10
498.1,29
498.6,30
500.5,17
500.7,33
501.4,22
501.7,18
502.3,16
502.3,36
502.4,13
503.2,6
504.0,20
504.2,4
504.5,31
505.1,39
506.1,24
506.9,0
506.9,35
506.9,37
507.0,10
508.0,5
508.9,32
509.1,14
509.4,30
510.3,12
510.3,21
510.4,1
510.8,26
511.1,33
511.2,29
511.4,9
512.2,22
515.7,13
515.8,23
517.2,8
517.2,25
517.9,10
518.3,37
518.8,0
519.2,29
520.2,32
520.4,4
520.9,18
521.0,22
521.3,5
521.3,27
521.3,30
522.5,35
523.1,21
523.9,33
524.1,2
524.1,14
524.1,15
524.2,17
524.2,24
524.3,6
524.3,20
524.4,34
524.4,36
524.6,39
524.9,31
525.3,11
527.1,10
529.3,29
529.9,26
530.5,8
531.2,35
531.7,5
532.1,22
532.2,16
532.3,0
533.5,4
533.8,32
534.0,17
534.3,30
534.6,11
534.6,14
535.4,21
535.8,37
536.2,18
536.7,13
537.2,1
537.7,24
537.9,29
538.0,33
541.2,36
542.2,28
542.3,39
542.8,35
543.3,10
543.3,14
543.3,15
543.4,32
543.4,22
543.6,6
543.6,19
543.8,5
543.9,31
544.1,24
544.1,25
544.1,27
545.8,21
546.5,0
547.4,34
547.8,29
549.7,33
550.3,26
550.3,13
550.3,20
550.6,4
551.8,30
551.9,22
552.1,2
552.1,36
553.5,35
553.5,23
553.7,8
553.7,10
554.9,9
555.0,6
555.2,16
555.4,18
555.9,38
556.6,24
556.9,5
556.9,31
557.1,28
558.2,1
558.5,0
559.0,21
559.1,32
559.3,3
560.6,22
561.4,14
561.5,29
562.3,11
562.5,39
563.4,2
563.6,4
564.2,33
564.2,37
565.9,17
567.1,22
568.3,30
568.3,34
568.8,35
569.2,27
569.5,10
569.7,26
570.5,24
570.8,20
571.2,5
571.3,18
572.4,21
574.0,6
574.2,8
574.7,12
574.9,32
575.0,29
575.1,36
575.4,0
576.2,14
576.4,30
576.8,1
576.8,4
577.7,13
578.2,17
578.2,22
578.3,15
578.3,31
578.5,34
578.5,37
579.7,25
579.9,33
582.5,35
582.5,39
582.9,29
583.4,2
584.8,16
584.9,10
585.3,5
586.0,21
586.1,23
586.8,26
587.3,36
587.6,24
588.0,0
588.3,27
588.5,22
588.5,32
589.0,11
589.0,28
589.5,35
589.6,19
589.7,30
589.8,18
590.9,8
593.2,10
593.2,25
593.6,34
593.9,14
593.9,17
594.0,29
595.1,6
595.1,39
595.5,33
595.8,31
596.1,21
596.5,13
596.6,37
596.7,5
597.9,9
598.9,4
599.1,1
599.1,22
599.4,32
600.5,30
603.6,0
603.6,27
604.0,18
604.2,29
604.6,24
604.7,35
604.8,31
605.6,36
605.6,39
605.9,22
606.1,33
607.4,15
608.8,28
609.2,5
610.5,21
610.9,10
611.2,8
612.2,17
612.2,32
613.6,4
613.9,27
614.6,14
614.9,2
615.0,7
615.0,13
616.2,1
616.3,20
616.3,22
617.4,37
617.6,31
618.5,6
618.7,11
618.8,12
618.9,21
620.3,34
620.4,33
620.8,18
621.0,35
621.3,5
621.5,30
621.8,24
622.4,0
622.4,16
622.4,38
622.9,3
623.0,39
623.1,10
623.3,32
623.5,14
623.8,26
624.4,29
625.2,23
625.6,22
628.0,9
629.2,13
630.1,17
630.1,37
630.3,32
631.1,4
631.9,21
632.0,36
632.2,2
632.3,34
632.4,5
632.8,24
632.9,33
633.3,6
633.9,11
633.9,39
634.9,15
635.4,35
635.8,8
636.2,1
638.4,27
638.4,29
638.6,18
638.8,14
639.1,31
640.0,30
641.0,0
641.2,19
641.4,10
641.8,26
642.5,22
643.0,36
643.7,16
645.4,13
646.1,21
646.6,32
647.3,5
647.6,4
648.2,33
648.7,11
648.7,28
649.0,6
649.3,35
649.8,34
650.2,22
650.2,25
650.3,9
650.6,30
651.0,39
651.3,1
651.3,37
651.6,29
651.9,24
653.0,10
654.0,14
654.6,0
655.0,18
655.3,21
656.7,2
656.9,12
657.9,33
658.0,36
658.9,32
659.8,17
660.2,26
660.4,5
660.9,22
661.0,31
661.2,29
661.5,8
661.6,20
662.3,27
663.6,10
664.0,25
664.1,0
664.1,14
664.1,37
664.3,39
664.7,24
665.4,30
665.9,35
666.0,34
666.1,4
669.1,22
669.2,16
670.5,5
671.9,33
672.3,21
673.3,28
673.4,0
673.7,11
673.9,1
674.3,36
674.8,8
676.1,10
676.3,23
676.4,26
676.4,6
677.0,14
677.2,39
677.3,24
677.3,25
677.4,32
677.5,2
677.6,13
677.6,18
677.6,37
677.8,30
678.0,35
678.5,31
679.0,29
681.4,22
681.8,34
682.2,1
682.4,21
683.1,4
683.1,5
683.2,17
683.3,32
683.5,3
684.4,38
686.7,33
687.7,29
688.1,15
691.4,22
691.9,10
691.9,18
692.5,13
692.9,5
693.0,24
693.4,19
693.4,25
694.0,35
694.5,8
694.9,14
695.4,39
696.1,32
696.5,21
696.6,0
697.2,29
697.3,30
697.4,20
697.7,36
698.3,2
698.4,26
699.1,33
700.4,37
700.6,31
702.5,4
703.1,28
703.2,6
703.2,11
703.7,22
703.8,14
704.9,34
706.0,12
706.3,10
706.6,23
707.4,27
707.6,32
707.7,30
708.2,5
708.2,21
708.6,18
708.9,39
709.0,0
709.6,24
709.6,35
710.1,1
710.4,29
713.0,22
713.1,33
713.7,13
713.8,34
715.6,30
716.2,14
716.4,31
716.8,16
717.5,8
718.1,36
718.2,9
718.2,17
719.2,3
719.6,10
719.8,21
720.5,4
720.8,6
721.4,37
721.5,32
722.0,29
722.7,11
723.2,2
723.5,35
723.7,18
723.9,22
724.3,33
724.4,0
724.4,5
724.8,24
726.2,25
727.5,39
727.6,28
728.2,20
728.3,31
728.4,1
728.4,8
728.7,13
732.1,29
732.4,27
733.2,36
736.2,14
736.5,6
736.7,15
736.8,21
736.8,22
736.9,30
736.9,33
737.0,10
737.5,32
737.7,5
738.4,0
738.4,17
738.9,35
740.2,24
740.7,4
741.0,29
741.6,26
745.2,34
745.3,18
745.8,39
745.8,22
746.0,36
747.7,2
748.2,11
748.9,27
749.2,10
749.3,21
749.3,33
749.5,23
749.6,31
750.2,37
750.3,13
750.6,1
750.8,5
751.0,30
751.6,20
751.8,4
752.7,29
753.0,38
753.7,6
754.0,15
754.3,14
754.7,32
755.0,35
755.6,0
756.8,16
757.6,24
758.0,12
759.1,25
759.4,18
759.4,22
759.6,17
759.8,8
760.5,19
760.7,34
760.7,39
761.1,21
761.3,5
761.5,3
763.3,2
763.4,33
763.6,6
765.5,30
765.8,22
766.6,28
766.6,29
766.7,36
766.8,11
767.1,4
767.6,10
767.7,21
767.7,35
768.1,5
768.2,31
768.4,26
768.9,34
769.1,14
769.9,37
770.6,32
771.2,13
771.8,24
772.1,27
772.1,15
772.4,0
775.5,22
778.6,8
778.7,36
779.0,33
779.5,1
779.7,32
779.9,6
779.9,35
780.1,29
780.1,30
780.3,18
780.5,11
780.6,39
780.9,5
781.5,21
782.2,14
782.7,0
782.7,17
784.1,4
784.5,22
787.3,10
787.7,27
787.8,25
788.9,31
789.9,36
790.1,5
790.5,26
790.7,22
790.7,23
790.9,12
791.1,34
791.2,29
791.2,37
791.3,35
791.3,39
791.8,24
792.3,33
793.9,11
795.9,21
796.5,1
796.5,28
797.8,8
798.1,32
798.4,4
799.0,22
799.3,6
799.5,19
799.7,14
799.7,16
799.7,18
800.0,10
800.1,29
800.8,30
801.9,0
802.1,5
802.8,35
802.9,31
805.1,39
805.9,21
806.0,24
806.4,8
806.8,14
806.9,34
807.2,33
807.4,22
807.4,37
808.2,32
810.1,30
810.7,36
810.8,27
811.2,2
811.5,28
812.1,13
812.3,9
812.7,10
813.0,0
813.0,18
813.4,17
813.5,15
813.7,1
814.6,20
816.1,6
816.7,5
817.3,39
818.0,29
818.3,21
818.4,24
818.7,23
818.7,33
819.0,35
820.0,4
821.1,22
822.2,8
822.4,32
823.0,31
823.8,34
823.9,10
823.9,37
824.0,28
824.4,14
826.0,11
826.5,5
826.9,26
827.4,25
828.1,0
828.1,6
830.4,12
830.9,36
831.4,18
831.5,29
831.6,2
831.7,21
831.7,33
833.3,22
833.4,32
833.6,35
834.3,13
834.7,34
835.4,1
835.5,17
836.0,3
837.4,30
838.0,27
838.1,14
838.4,4
838.5,8
838.8,10
838.8,24
839.2,11
839.5,5
840.3,39
840.5,29
840.6,15
841.1,21
841.5,0
844.0,35
844.2,9
844.9,22
845.1,6
845.3,33
845.8,32
846.2,37
846.4,28
846.5,18
846.7,36
847.6,26
847.8,14
848.2,13
848.3,31
848.4,23
848.5,10
849.2,24
849.2,30
849.3,5
849.9,29
850.7,34
851.0,4
853.5,35
853.9,8
854.4,21
854.5,22
855.0,20
855.0,25
855.3,2
855.4,39
855.6,10
855.7,0
855.9,32
857.2,17
861.1,1
861.8,36
861.9,30
861.9,33
861.9,5
861.9,15
862.2,4
863.8,32
864.2,8
864.2,24
864.9,29
865.2,27
865.3,34
865.6,18
865.9,10
868.0,22
868.3,35
869.2,21
869.7,14
870.2,37
870.4,31
870.5,11
871.5,0
871.8,13
872.2,6
872.6,33
872.7,29
873.2,12
873.6,5
873.6,9
874.7,39
875.0,28
875.0,30
875.3,18
875.7,16
877.0,22
877.1,32
877.4,17
877.7,25
879.3,10
879.9,24
880.3,21
880.7,34
881.2,13
882.4,14
882.9,5
883.1,36
883.4,1
883.4,37
883.6,2
883.6,4
884.5,11
884.7,23
885.0,35
885.2,33
885.3,26
885.3,29
888.5,10
888.9,22
889.8,24
889.8,31
890.0,21
890.0,27
890.1,5
890.6,8
890.9,18
892.3,32
895.0,34
895.9,30
896.2,17
896.7,14
896.9,39
897.2,6
898.4,37
898.5,33
898.6,9
899.1,0
899.1,29
899.7,10
899.8,4
899.8,35
900.3,31
900.4,2
900.8,20
901.0,25
901.9,28
902.1,22
902.5,21
903.2,11
903.7,27
904.1,13
904.2,5
904.2,24
904.2,36
905.4,32
906.2,26
908.0,23
908.1,18
910.2,10
910.9,6
911.8,12
912.6,33
912.8,14
914.2,8
914.4,2
914.4,31
914.5,17
914.6,32
914.7,1
914.8,39
914.9,4
914.9,35
915.6,5
916.0,22
916.3,21
916.3,34
917.2,0
917.2,29
918.9,19
919.3,38
919.8,27
920.4,30
921.0,3
921.1,16
921.1,24
921.2,33
921.4,10
921.4,18
921.8,11
921.9,13
922.5,37
922.8,14
923.4,31
923.7,22
924.0,36
924.3,32
925.3,21
927.2,5
927.8,15
927.8,29
927.9,35
928.6,26
928.9,34
931.4,0
932.1,24
932.8,18
933.0,10
933.2,33
934.0,22
935.8,2
936.1,21
936.3,25
936.4,4
936.6,6
936.7,23
937.1,29
937.6,31
937.8,30
938.5,13
939.0,37
939.9,9
940.0,36
940.6,39
940.9,11
942.0,32
942.3,5
942.5,14
942.7,1
943.0,27
943.1,35
944.3,0
944.3,10
945.2,20
945.6,22
945.7,26
945.7,33
945.9,34
946.3,8
947.0,17
947.1,29
947.9,18
948.8,28
950.4,30
950.5,21
950.8,4
950.8,37
951.9,14
952.3,32
953.0,25
953.1,22
953.2,39
953.4,6
954.2,35
954.5,36
954.8,5
954.8,31
954.9,0
955.2,10
955.2,24
955.5,33
955.6,8
955.9,34
956.9,29
957.8,13
958.1,21
958.6,1
961.0,2
961.4,15
964.2,30
964.7,27
964.8,17
965.3,11
965.4,35
966.0,4
966.1,29
966.7,0
966.7,14
966.7,18
967.0,24
967.1,20
967.5,37
967.7,5
967.7,32
967.9,26
968.2,33
968.3,22
970.4,10
971.2,31
971.9,21
975.0,13
975.7,34
975.7,36
977.0,30
977.4,8
977.7,14
977.9,1
978.0,39
978.2,23
978.4,33
978.5,17
978.6,16
979.1,19
979.9,28
980.1,15
980.2,21
980.4,0
980.4,11
980.4,29
981.0,4
981.2,22
982.5,18
982.5,32
985.3,35
985.5,34
986.4,24
987.0,5
987.0,13
987.2,31
987.9,10
988.5,6
988.9,36
989.1,30
989.4,1
990.9,26
991.3,33
991.5,0
991.6,27
992.1,14
992.1,32
993.2,22
993.3,37
994.2,2
994.2,35
994.8,12
995.1,29
995.3,21
995.4,28
996.3,17
996.5,5
996.5,25
996.8,11
996.8,39
996.9,4
998.7,18
999.5,8
1002.2,30
1002.3,38
1003.3,0
1003.4,17
1003.4,22
1003.5,1
1003.5,14
1003.6,33
1003.8,36
1003.9,24
1004.2,20
1004.5,26
1004.6,6
1004.8,27
1005.0,16
1005.1,10
1005.1,35
1005.4,5
1005.4,34
1006.0,37
1006.5,29
1006.7,21
1006.7,31
1006.8,32
1007.7,39
1009.7,18
1010.9,9
1011.6,23
1013.2,13
1014.1,33
1015.3,24
1015.5,30
1015.7,4
1016.1,15
1017.7,35
1017.9,25
1018.6,1
1019.2,0
1020.1,5
1020.1,21
1020.2,22
1020.3,8
1020.3,10
1020.5,32
1020.6,31
1021.3,36
1023.6,11
1024.1,2
1024.2,6
1024.2,34
1024.5,20
1024.8,28
1025.0,14
1025.3,29
1025.4,27
1025.9,4
1025.9,39
1026.0,18
1026.3,30
1026.3,32
1026.3,33
1027.1,25
1027.1,37
1028.1,17
1028.3,22
1030.1,24
1030.4,26
1030.6,21
1031.5,13
1031.8,36
1032.1,35
1032.7,8
1032.7,10
1032.8,5
1033.1,0
1035.4,1
1035.7,33
1036.3,31
1037.6,22
1037.6,30
1038.9,32
1039.2,14
1039.4,34
1041.2,24
1041.5,35
1041.8,29
1042.0,18
1042.4,39
1043.5,23
1043.7,21
1044.3,11
1044.3,16
1044.5,37
1044.8,2
1045.0,4
1045.5,6
1046.1,5
1046.5,0
1046.6,27
1047.3,22
1047.6,32
1049.3,29
1050.1,9
1050.3,36
1051.0,17
1051.4,10
1051.4,30
1052.0,19
1052.9,21
1053.0,33
1053.3,34
1053.6,15
1054.2,14
1055.0,1
1056.5,0
1056.8,31
1057.9,18
1057.9,24
1058.5,22
1058.8,35
1059.0,32
1059.4,13
1059.4,37
1059.9,26
1060.6,39
1060.7,5
1060.8,8
1062.9,4
1064.1,29
1064.8,27
1064.8,36
1066.7,0
1066.9,10
1066.9,33
1067.1,28
1067.1,30
1067.4,5
1068.0,24
1068.2,21
1072.0,14
1072.1,17
1072.3,11
1072.7,6
1073.2,22
1073.2,35
1073.7,31
1073.8,33
1074.0,29
1074.3,4
1074.5,34
1075.4,10
1075.4,32
1075.5,25
1075.7,15
1076.0,13
1076.0,18
1076.3,39
1076.6,0
1076.6,30
1077.0,21
1077.6,20
1077.8,8
1077.8,16
1077.8,26
1078.0,36
1078.1,37
1078.4,1
1079.4,9
1080.6,5
1082.0,24
1084.0,23
1084.1,29
1085.0,27
1085.3,22
1085.7,2
1087.8,14
1088.3,18
1089.6,21
1089.7,34
1089.8,0
1090.1,24
1090.4,28
1090.8,32
1090.8,5
1091.1,33
1091.9,35
1092.3,10
1093.4,6
1093.4,29
1095.5,13
1096.0,30
1096.4,17
1097.9,12
1098.3,8
1098.3,22
1098.5,4
1098.9,14
1098.9,37
1099.1,38
1099.2,36
1099.9,18
1101.3,33
1101.7,21
1102.2,11
1102.8,34
1103.0,31
1104.0,24
1104.0,26
1104.3,5
1105.2,29
1105.4,0
1105.8,39
1105.9,10
1107.1,1
1107.1,20
1107.9,28
1108.4,30
1109.3,35
1109.9,32
1110.5,22
1111.0,37
1111.2,27
1111.3,13
1112.3,14
1113.1,33
1113.8,16
1113.8,29
1113.9,8
1114.8,21
1116.6,2
1116.7,18
1118.0,5
1118.7,6
1119.2,4
1119.5,25
1120.2,34
1120.5,0
1120.7,10
1120.7,24
1120.7,29
1122.3,32
1123.1,33
1124.7,35
1125.1,17
1125.1,36
1125.4,31
1125.8,1
1125.8,13
1126.9,21
1126.9,22
1127.0,28
1128.2,30
1128.3,27
1128.6,14
1129.5,11
1129.9,32
1130.1,29
1130.2,15
1130.5,37
1130.9,39
1131.0,26
1131.7,5
1132.6,10
1132.6,18
1134.6,8
1134.6,33
1135.2,12
1135.3,23
1135.6,24
1137.0,4
1137.6,22
1138.2,21
1138.9,34
1139.0,35
1139.4,9
1139.4,13
1139.4,30
1139.8,2
1140.3,5
1140.9,0
1140.9,32
1141.3,16
1141.4,36
1142.5,29
1143.9,14
1145.2,18
1146.2,6
1146.4,24
1147.4,10
1148.0,37
1148.5,15
1149.1,1
1149.2,31
1150.2,17
1150.6,34
1150.7,26
1150.9,29
1151.6,21
1151.8,27
1151.9,14
1152.0,30
1152.2,32
1152.4,0
1152.9,22
1153.3,25
1153.3,35
1153.3,36
1153.5,2
1153.6,39
1154.6,5
1155.1,23
1155.3,4
1155.4,33
1155.8,8
1156.4,11
1158.2,24
1159.4,29
1159.9,30
1161.4,10
1161.6,20
1162.9,31
1162.9,39
1163.2,37
1163.5,3
1163.5,13
1163.9,21
1164.0,18
1166.2,14
1166.3,0
1166.3,28
1167.0,22
1167.1,33
1168.5,24
1168.7,34
1169.2,5
1170.4,4
1170.4,8
1171.2,27
1171.3,35
1171.5,26
1171.5,32
1171.5,29
1171.6,10
1171.6,12
1172.4,1
1173.3,21
1175.9,30
1176.0,36
1176.4,14
1176.7,5
1176.8,11
1176.8,22
1177.4,0
1177.7,13
1178.5,33
1178.7,18
1179.0,2
1179.7,6
1179.9,32
1180.3,15
1180.3,39
1180.5,20
1181.4,8
1181.8,24
1182.0,23
1182.8,37
1183.6,21
1184.5,34
1185.0,17
1185.0,35
1185.1,10
1185.5,29
1185.6,36
1186.2,32
1187.2,22
1188.2,4
1189.2,28
1189.3,30
1189.4,19
1189.8,1
1189.9,31
1190.8,5
1191.1,14
1191.3,27
1191.7,9
1192.3,0
1193.7,21
1194.9,8
1195.6,33
1195.8,16
1196.8,13
1197.3,10
1197.4,25
1197.7,39
1197.8,32
1198.1,17
1198.3,18
1198.6,11
1198.8,15
1198.9,22
1198.9,24
1200.2,5
1200.6,37
1202.1,29
1203.5,35
1203.5,36
1204.2,6
1204.5,14
1205.0,0
1205.0,30
1205.2,21
1205.2,27
1206.6,26
1206.9,4
1208.1,33
1208.4,22
1208.7,20
1209.4,10
1209.5,28
1209.7,34
1209.7,8
1210.7,32
1210.8,14
1210.9,35
1211.0,2
1212.9,39
1213.3,1
1213.3,5
1213.4,0
1213.4,18
1214.3,24
1216.9,22
1217.2,30
1218.0,29
1218.0,34
1218.3,17
1218.6,21
1219.6,33
1220.4,4
1220.4,13
1220.6,31
1220.9,26
1221.9,10
1222.5,37
1223.1,32
1223.4,36
1224.3,11
1224.3,16
1224.8,5
1224.9,6
1225.6,27
1226.6,35
1226.7,8
1226.9,18
1227.1,14
1227.2,22
1228.0,21
1228.3,0
1228.5,29
1228.8,30
1229.0,9
1230.9,28
1230.9,39
1233.3,1
1233.6,15
1233.6,33
1233.7,23
1235.3,10
1235.5,5
1237.9,32
1238.2,34
1238.7,29
1238.9,3
1238.9,13
1239.0,4
1239.0,21
1239.1,25
1239.5,24
1240.0,22
1240.1,0
1240.7,26
1240.8,30
1241.0,17
1241.3,20
1241.3,27
1241.6,14
1242.9,11
1242.9,12
1242.9,36
1243.0,5
1243.9,33
1244.0,31
1244.6,37
1245.5,19
1245.8,8
1246.7,6
1246.8,18
1247.1,39
1247.2,21
1247.4,2
1247.8,35
1247.8,29
1248.5,24
1248.8,28
1249.0,23
1249.0,32
1249.6,10
1249.8,0
1250.4,38
1252.6,14
1253.6,34
1254.5,5
1254.9,22
1255.4,4
1255.9,37
1256.2,13
1259.3,1
1260.3,30
1260.5,8
1260.9,32
1261.2,16
1261.2,35
1261.5,36
1261.9,11
1262.0,6
1262.1,33
1262.2,18
1263.2,29
1265.1,10
1265.8,21
1266.1,2
1266.1,24
1266.1,28
1266.1,31
1267.4,0
1267.4,14
1267.5,17
1267.5,27
1268.2,15
1268.4,22
1268.6,9
1269.1,4
1269.3,5
1269.7,1
1269.9,39
1270.2,29
1271.5,26
1272.0,36
1273.8,33
1275.4,34
1275.7,11
1276.0,16
1276.6,6
1278.0,32
1278.3,25
1278.5,10
1278.6,13
1278.8,21
1279.0,0
1279.0,22
1279.7,37
1280.1,29
1280.2,3
1280.5,20
1281.3,35
1281.4,30
1281.6,23
1281.9,14
1282.0,24
1282.1,8
1283.2,15
1284.4,18
1284.4,5
1285.2,31
1285.5,17
1285.9,4
1288.2,7
1288.5,27
1289.3,10
1289.5,28
1290.0,36
1290.5,39
1291.1,21
1291.7,33
1292.6,29
1292.8,0
1293.1,14
1293.4,32
1295.2,34
1295.5,26
1295.9,22
1296.1,1
1296.1,13
1296.3,24
1297.0,30
1297.0,37
1297.9,5
1298.6,2
1299.0,31
1299.4,4
1300.1,16
1300.3,35
1300.4,11
1301.0,15
1301.2,22
1302.1,18
1302.4,33
1303.0,8
1303.2,21
1303.7,29
1304.6,36
1305.6,10
1305.7,28
1306.3,14
1306.7,6
1306.9,37
1307.9,0
1308.0,5
1308.0,23
1308.4,26
1308.7,30
1309.0,32
1309.7,25
1309.9,35
1310.1,24
1310.6,19
1312.4,22
1313.3,11
1313.5,39
1313.7,34
1314.0,18
1314.0,33
1314.2,31
1315.6,21
1316.9,13
1317.1,14
1318.4,4
1318.4,6
1320.0,2
1320.1,17
1320.2,8
1320.4,5
1320.9,0
1320.9,27
1321.6,23
1321.6,29
1321.6,35
1321.9,30
1322.5,36
1323.1,10
1323.5,32
1323.9,1
1324.0,21
1324.3,33
1324.8,15
1325.7,22
1326.1,5
1327.0,18
1327.5,28
1327.8,24
1329.1,26
1329.6,31
1330.6,30
1331.4,13
1333.2,39
1333.9,37
1334.1,4
1334.1,8
1335.5,35
1335.7,0
1335.8,22
1337.0,29
1337.5,20
1337.7,32
1338.1,1
1338.4,33
1339.3,6
1339.4,5
1339.5,21
1340.6,9
1341.5,15
1341.5,34
1341.6,10
1341.6,14
1342.5,26
1342.6,16
1342.7,18
1342.9,11
1342.9,27
1344.0,12
1344.0,25
1344.0,38
1344.9,24
1345.8,36
1346.2,22
1346.3,13
1346.9,5
1347.5,37
1348.2,29
1348.7,21
1348.7,35
1349.4,32
1349.8,17
1350.9,14
1351.0,30
1351.5,0
1351.7,31
1351.9,33
1352.5,2
1352.9,4
1352.9,10
1355.3,39
1356.2,1
1356.5,29
1356.7,8
1356.8,22
1357.9,37
1358.2,28
1358.6,21
1359.5,9
1360.3,34
1361.8,6
1362.4,23
1362.6,35
1363.2,5
1363.6,4
1363.8,24
1363.9,13
1364.0,18
1364.1,32
1364.6,39
1365.0,30
1365.1,10
1366.7,29
1367.8,36
1369.0,0
1369.5,26
1369.9,27
1370.1,14
1370.1,33
1370.6,31
1371.9,5
1372.5,21
1372.6,17
1372.6,22
1373.0,11
1374.7,32
1376.5,34
1376.7,30
1376.9,24
1376.9,25
1377.8,1
1378.4,2
1378.4,37
1378.5,39
1378.7,4
1379.5,10
1379.5,28
1379.8,22
1380.1,19
1380.2,18
1380.7,33
1380.9,13
1381.2,21
1381.4,29
1381.9,6
1383.7,35
1386.0,5
1386.0,14
1386.2,36
1386.8,32
1387.2,15
1387.5,30
1389.1,35
1390.2,0
1390.4,21
1390.4,25
1390.7,39
1390.9,26
1391.0,8
1392.2,34
1392.4,31
1393.9,18
1393.9,27
1393.9,37
1394.1,24
1394.2,29
1395.4,10
1395.4,16
1395.5,33
1395.7,22
1395.9,13
1396.5,5
1397.2,17
1397.5,11
1398.2,14
1399.3,32
1399.7,21
1399.9,4
1402.0,30
1402.5,0
1402.6,20
1403.1,2
1403.5,6
1403.7,35
1403.9,15
1404.4,33
1406.2,23
1406.3,8
1407.1,22
1407.7,39
1407.8,1
1407.8,9
1407.9,24
1408.3,5
1409.0,29
1409.1,27
1409.4,36
1409.4,10
1409.7,7
1409.8,14
1410.7,18
1410.7,34
1410.9,21
1411.2,4
1411.3,32
1412.0,25
1412.5,28
1412.8,31
1413.9,37
1416.1,3
1416.1,26
1416.8,16
1417.0,13
1417.0,19
1417.0,24
1417.7,6
1417.7,33
1419.0,30
1420.8,22
1421.1,29
1421.5,39
1422.0,38
1422.2,0
1422.6,35
1422.9,18
1423.0,5
1424.7,17
1425.1,14
1425.2,10
1425.4,4
1425.7,32
1426.7,21
1426.9,15
1428.2,22
1428.2,37
1428.4,8
1428.8,33
1428.8,36
1428.9,1
1429.7,29
1430.5,27
1432.9,5
1433.0,11
1433.3,23
1433.4,31
1433.7,20
1433.7,35
1434.8,2
1435.0,13
1435.0,24
1435.0,34
1436.2,10
1436.4,33
1436.5,0
1438.8,14
1438.8,30
1439.0,21
1439.4,5
1439.6,29
1440.7,16
1440.7,32
1441.4,22
1443.5,4
1443.6,26
1443.7,6
1444.0,10
1444.5,17
1445.1,25
1445.2,9
1445.3,28
1446.1,0
1446.3,35
1446.7,33
1447.3,14
1447.5,37
1447.8,22
1448.2,18
1450.6,21
1451.5,30
1452.0,1
1452.1,34
1452.2,24
1452.9,36
1453.6,8
1453.6,29
1453.6,31
1454.1,32
1454.7,4
1455.0,23
1455.2,39
1455.3,13
1455.4,27
1455.6,5
1456.5,11
1457.8,10
1458.6,3
1458.8,22
1459.3,35
1463.8,31
1463.8,14
1464.8,2
1464.9,24
1465.4,6
1465.4,33
1465.8,36
1466.0,32
1466.1,21
1466.1,25
1467.0,30
1467.3,26
1467.4,29
1467.7,8
1468.2,0
1469.0,5
1469.0,22
1469.4,35
1469.4,37
1469.6,18
1472.1,4
1473.1,10
1473.7,34
1474.3,16
1474.3,20
1474.5,13
1474.6,14
1474.7,15
1475.0,28
1475.2,39
1475.3,21
1475.5,17
1476.0,12
1476.5,1
1477.4,29
1479.2,22
1480.4,11
1480.5,0
1480.9,32
1480.9,33
1481.6,36
1481.7,24
1481.8,8
1484.1,30
1485.1,5
1485.1,27
1485.4,37
1485.5,21
1485.6,26
1485.8,19
1485.9,35
1486.2,34
1486.8,10
1487.9,18
1488.4,32
1489.5,6
1491.0,14
1491.2,0
1491.3,29
1491.7,39
1492.0,1
1492.5,24
1492.7,4
1492.7,20
1492.7,31
1493.4,25
1493.5,2
1494.5,5
1494.5,22
1494.7,36
1495.2,13
1495.9,35
1496.9,33
1498.0,10
1499.7,11
1500.9,17
1500.9,34
1501.7,30
1502.0,18
1502.3,8
1502.7,0
1502.7,21
1503.3,4
1504.4,28
1505.1,27
1505.3,22
1505.5,32
1506.1,5
1506.1,14
1507.3,39
1508.1,37
1508.2,24
1508.2,33
1508.8,26
1509.1,29
1509.3,35
1510.0,15
1510.0,23
1512.8,6
1512.8,31
1513.1,36
1513.3,10
1513.8,13
1515.1,30
1515.2,1
1515.4,21
1516.8,24
1517.3,0
1517.3,34
1517.6,11
1517.8,22
1518.0,4
1520.2,14
1520.2,29
1520.4,5
1521.0,9
1521.2,18
1521.7,16
1523.1,35
1523.2,32
1523.6,21
1523.7,33
1524.4,10
1524.9,39
1525.4,8
1526.3,2
1527.0,15
1527.1,17
1527.3,25
1527.8,0
1528.3,36
1529.2,31
1530.1,11
1530.5,27
1530.9,22
1531.3,34
1531.4,5
1531.4,35
1533.3,6
1533.5,18
1534.4,26
1534.7,29
1534.7,32
1535.0,21
1535.0,28
1535.3,30
1535.4,24
1535.7,20
1536.1,4
1536.5,37
1536.9,14
1538.9,13
1539.8,22
1540.3,10
1540.4,33
1541.1,36
1542.2,30
1543.3,39
1544.0,5
1544.1,4
1544.2,35
1544.6,12
1545.5,0
1546.1,17
1547.0,24
1549.1,34
1549.7,29
1549.7,32
1550.0,21
1550.3,2
1551.0,1
1552.2,8
1552.6,22
1553.5,14
1553.9,37
1555.4,4
1556.4,18
1557.0,33
1557.1,10
1557.3,31
1558.1,15
1558.5,13
1558.8,6
1558.8,19
1559.0,35
1559.3,11
1559.8,36
1561.0,39
1561.2,29
1561.3,22
1561.6,32
1562.1,27
1562.3,24
1562.5,5
1563.5,30
1564.1,0
1564.1,21
1566.0,14
1566.3,26
1567.1,8
1567.9,17
1568.7,34
1568.7,37
1569.4,1
1570.4,11
1570.8,33
1571.1,4
1571.1,6
1571.1,20
1571.2,7
1571.6,5
1571.7,9
1572.3,18
1572.7,23
1572.8,22
1573.6,32
1574.0,29
1574.5,3
1574.6,10
1575.6,25
1575.8,30
1575.8,31
1576.1,35
1576.1,36
1576.2,24
1576.2,38
1577.0,21
1577.4,8
1579.0,13
1580.6,0
1581.5,14
1582.4,5
1583.1,4
1583.1,28
1583.3,37
1583.8,6
1584.1,22
1584.2,18
1584.2,32
1584.3,33
1584.4,24
1584.5,27
1585.1,10
1585.4,30
1585.6,34
1585.6,39
1585.9,21
1586.4,17
1586.7,29
1587.4,15
1588.2,36
1590.8,11
1591.5,35
1591.8,1
1591.8,14
1591.9,13
1592.0,26
1592.5,2
1592.9,5
1593.3,21
1593.3,31
1594.2,9
1594.6,33
1595.1,22
1595.3,37
1596.3,0
1597.4,32
1597.9,25
1599.0,4
1599.2,10
1600.1,18
1600.4,36
1600.7,39
1601.4,8
1602.3,24
1602.6,1
1602.7,5
1603.7,34
1604.2,29
1605.8,14
1605.9,30
1606.0,0
1606.8,21
1607.2,17
1608.3,28
1608.4,32
1608.5,33
1609.0,22
1609.0,23
1609.3,10
1610.9,2
1611.7,35
1612.6,26
1613.1,20
1613.1,13
1613.6,27
1613.9,39
1614.0,11
1614.0,24
1614.1,36
1614.1,37
1614.6,6
1614.8,31
1615.4,15
1615.5,5
1615.5,30
1615.5,38
1615.9,4
1615.9,21
1615.9,29
1616.0,16
1616.1,18
1616.7,10
1618.2,14
1618.2,22
1619.0,17
1619.7,33
1622.8,8
1623.1,25
1623.1,34
1623.9,32
1624.0,28
1624.1,1
1625.0,0
1625.4,35
1626.6,30
1627.9,6
1628.1,19
1628.6,21
1628.9,4
1629.5,5
1629.8,33
1630.0,24
1631.1,10
1631.1,22
1631.5,13
1631.5,17
1631.7,37
1632.1,2
1632.1,18
1632.7,14
1633.6,35
1633.8,29
1636.0,31
1636.3,16
1636.9,32
1637.3,9
1637.8,15
1638.1,39
1638.3,36
1638.4,1
1638.4,20
1638.8,28
1639.3,0
1639.3,10
1639.3,21
1639.5,6
1641.6,22
1643.2,26
1643.2,33
1643.4,11
1643.5,29
1644.0,8
1644.4,5
1646.0,14
1647.1,32
1648.2,27
1648.3,35
1648.5,2
1648.6,24
1648.6,34
1648.9,4
1649.8,0
1649.8,13
1650.0,21
1651.2,18
1651.2,29
1652.9,5
1653.5,37
1654.0,10
1655.8,39
1655.9,32
1655.9,33
1656.0,22
1656.1,36
1656.2,17
1656.3,11
1656.5,31
1656.9,14
1657.0,19
1657.3,12
1657.3,30
1658.3,6
1658.3,13
1659.2,26
1660.6,21
1660.6,35
1662.0,15
1662.8,9
1663.0,25
1663.0,29
1663.7,4
1663.9,8
1664.0,22
1664.4,18
1664.7,10
1664.9,0
1665.0,34
1665.5,1
1665.6,23
1665.8,32
1666.1,2
1666.2,28
1666.5,30
1667.0,24
1667.3,38
1667.7,20
1668.0,5
1668.3,37
1670.0,14
1673.1,31
1674.1,11
1675.0,33
1675.9,39
1676.1,21
1676.1,29
1676.4,6
1676.5,35
1676.6,36
1676.7,16
1676.7,22
1676.7,30
1676.9,24
1677.1,27
1678.6,37
1678.7,0
1680.1,10
1681.6,5
1681.6,18
1682.4,17
1684.5,13
1684.7,4
1686.0,30
1686.4,32
1686.5,8
1686.5,21
1686.6,26
1688.0,2
1688.0,14
1688.1,22
1688.2,3
1688.2,28
1688.4,35
1688.6,0
1689.3,20
1689.6,23
1689.6,24
1690.1,15
1690.2,5
1690.4,37
1690.8,9
1690.9,6
1691.1,33
1691.2,29
1691.4,32
1691.4,34
1691.5,10
1693.0,36
1693.1,1
1693.1,31
1696.8,39
1697.0,18
1697.9,12
1699.1,22
1700.7,5
1700.7,25
1700.8,33
1701.0,37
1701.1,21
1701.2,11
1701.5,29
1701.8,4
1702.0,13
1702.1,30
1702.3,35
1703.0,10
1703.2,8
1703.6,0
1706.4,24
1707.4,14
1707.9,17
1708.7,36
1709.0,31
1709.1,18
1709.2,22
1709.3,27
1709.6,32
1709.6,34
1709.8,5
1710.2,16
1710.4,6
1710.6,1
1710.7,20
1712.5,0
1713.6,21
1715.3,30
1715.4,2
1715.8,29
1716.4,8
1716.5,19
1716.8,24
1717.6,23
1718.6,33
1719.8,37
1720.1,36
1720.6,15
1720.8,14
1721.1,39
1721.6,4
1721.9,13
1722.2,22
1722.7,11
1723.3,5
1723.8,10
1723.8,28
1723.9,21
1723.9,0
1724.1,26
1724.3,35
1725.1,18
1725.1,32
1725.7,31
1727.4,24
1728.2,29
1728.5,6
1728.6,25
1730.1,33
1732.3,17
1732.9,22
1733.7,30
1734.0,34
1734.1,35
1735.0,27
1735.0,36
1735.2,32
1735.3,21
1735.9,26
1736.6,0
1736.6,37
1738.1,29
1738.3,8
1738.6,18
1739.0,5
1741.1,10
1741.1,24
1741.4,4
1741.4,14
1742.3,6
1742.5,2
1742.5,13
1743.1,11
1744.0,39
1744.3,23
1745.3,22
1745.7,33
1746.3,0
1746.5,21
1746.6,35
1746.9,30
1747.1,31
1748.0,32
1749.3,20
1750.4,36
1751.1,29
1751.7,18
1752.7,5
1753.4,1
1753.9,8
1754.2,24
1754.6,34
1755.2,10
1755.2,22
1756.6,14
1756.7,15
1756.8,32
1756.9,37
1757.9,17
1758.4,21
1758.8,12
1760.2,29
1760.4,13
1761.1,4
1761.1,35
1761.8,9
1761.9,33
1762.4,36
1762.4,39
1762.6,28
1763.1,27
1763.4,5
1763.6,0
1763.7,11
1764.8,2
1764.9,30
1765.1,31
1767.1,14
1767.8,32
1767.9,1
1769.2,6
1769.3,18
1769.3,21
1769.8,22
1770.4,24
1770.6,33
1772.2,25
1773.0,29
1773.2,13
1773.5,10
1774.8,3
1775.3,0
1775.4,39
1776.4,5
1777.8,4
1777.8,14
1777.9,8
1778.0,37
1778.1,26
1778.1,35
1778.5,17
1779.1,15
1779.8,21
1779.9,34
1780.3,32
1780.7,23
1781.1,30
1783.1,18
1784.0,36
1784.2,24
1784.5,22
1784.5,31
1786.6,33
1787.0,11
1787.2,14
1787.8,29
1788.1,0
1788.7,34
1789.0,1
1789.0,13
1789.2,19
1789.4,5
1789.4,30
1791.1,32
1791.2,10
1791.4,9
1791.9,4
1792.0,27
1792.5,2
1792.7,8
1792.8,28
1792.9,35
1793.0,3
1793.1,6
1793.5,37
1794.5,22
1795.8,21
1798.3,16
1798.5,38
1798.6,36
1799.2,0
1799.8,20
1799.9,29
1800.3,28
1800.7,26
1800.8,5
1800.8,10
1800.8,25
1801.1,27
1801.2,15
1802.5,24
1805.3,14
1805.6,32
1807.2,33
1807.4,22
1808.0,11
1808.0,21
1808.1,18
1809.4,35
1809.8,13
1810.0,39
1810.7,24
1811.0,34
1811.1,30
1811.9,2
1812.4,37
1812.6,4
1812.6,17
1812.7,5
1813.5,6
1814.3,29
1817.0,31
1818.1,14
1818.6,0
1818.9,21
1819.1,10
1819.1,32
1820.3,22
1821.2,1
1821.9,33
1822.3,8
1822.4,9
1822.4,36
1823.7,18
1824.9,4
1825.1,27
1826.2,39
1826.4,16
1826.4,21
1826.5,29
1826.5,26
1826.7,0
1827.8,5
1827.8,30
1827.9,24
1828.8,35
1828.9,28
1830.7,37
1831.2,25
1831.4,12
1833.1,10
1833.2,17
1833.2,19
1833.6,36
1833.8,22
1833.9,11
1834.5,13
1834.5,32
1834.6,34
1835.0,33
1835.3,20
1835.5,1
1835.5,18
1835.9,6
1836.0,2
1836.0,14
1836.1,21
1836.1,30
1836.9,29
1840.0,15
1842.2,5
1842.8,35
1843.0,22
1843.0,28
1843.0,37
1843.4,31
1843.5,0
1843.5,8
1843.9,32
1844.3,34
1844.5,23
1844.6,4
1845.0,24
1845.5,33
1846.0,25
1846.7,14
1848.2,10
1848.8,29
1849.4,31
1849.5,11
1849.7,1
1849.7,18
1850.2,27
1850.3,39
1851.2,30
1851.4,21
1851.6,26
1853.3,22
1854.2,13
1855.4,36
1856.2,32
1856.5,6
1856.6,35
1856.8,4
1856.8,33
1857.0,5
1857.0,16
1857.4,17
1858.5,14
1862.0,34
1862.8,27
1862.9,18
1863.0,22
1863.2,29
1863.3,21
1863.3,24
1863.8,37
1864.3,30
1864.4,8
1864.4,10
1866.2,0
1866.5,31
1867.0,11
1867.3,20
1867.9,1
1869.5,29
1870.5,14
1870.6,2
1870.7,19
1871.0,32
1871.3,25
1871.3,33
1871.4,3
1871.4,36
1871.6,5
1871.8,22
1872.2,35
1872.3,15
1872.3,26
1872.3,28
1873.3,23
1873.6,10
1874.1,4
1874.5,21
1875.1,39
1875.8,6
1878.0,17
1878.0,34
1878.4,13
1878.5,14
1879.4,5
1879.5,18
1879.6,0
1880.6,27
1880.7,24
1880.7,33
1881.0,29
1881.5,35
1881.8,37
1882.3,11
1882.4,30
1882.6,16
1883.6,10
1884.2,32
1885.2,8
1885.7,21
1885.8,31
1886.1,22
1888.7,5
1889.8,2
1890.2,25
1891.0,27
1891.4,0
1891.4,1
1891.5,4
1891.5,36
1891.6,34
1892.1,29
1892.4,33
1892.6,28
1892.7,35
1893.3,39
1895.1,32
1895.1,14
1897.5,22
1897.7,24
1898.2,18
1899.1,10
1899.5,21
1899.6,30
1900.3,38
1900.6,13
1900.7,16
1900.9,1
1901.0,26
1901.1,17
1902.1,8
1902.2,19
1902.5,15
1902.6,0
1903.4,37
1904.6,31
1905.6,5
1905.9,29
1906.2,6
1906.6,22
1906.7,32
1906.7,35
1906.9,36
1907.5,9
1907.7,14
1907.9,11
1908.1,33
1909.6,21
1910.6,30
1912.5,34
1913.5,18
1913.6,28
1914.2,24
1914.7,0
1914.9,4
1915.2,39
1915.3,5
1915.5,25
1915.6,12
1915.8,21
1916.1,2
1916.3,32
1916.4,10
1916.4,29
1916.5,22
1916.8,31
1917.8,37
1919.7,14
1920.4,36
1920.8,11
1920.9,27
1921.0,35
1921.0,33
1921.6,17
1921.7,1
1923.3,29
1923.4,4
1923.5,6
1923.8,20
1925.1,30
1926.2,8
1926.4,23
1927.0,24
1927.4,0
1927.6,18
1928.7,5
1929.1,21
1929.3,39
1930.1,13
1930.3,35
1931.0,29
1931.4,22
1932.2,28
1932.8,10
1932.8,32
1933.2,34
1933.2,14
1933.4,37
1934.2,3
1934.5,26
1934.5,31
1934.8,25
1935.1,33
1936.2,17
1936.8,21
1936.9,24
1937.2,9
1937.6,2
1938.3,36
1938.7,6
1938.9,22
1939.0,5
1940.6,0
1942.4,16
1943.0,4
1943.1,30
1944.3,1
1945.1,29
1946.2,11
1947.3,10
1948.1,8
1948.2,27
1948.4,23
1948.5,35
1948.7,37
1948.8,15
1949.0,18
1949.0,33
1949.2,39
1949.5,19
1949.5,21
1949.5,31
1949.7,22
1950.1,24
1952.3,13
1954.6,5
1954.6,36
1955.1,4
1955.1,34
1955.2,14
1956.3,32
1956.6,29
1957.2,24
1958.4,30
1958.8,0
1959.5,1
1962.1,32
1962.4,2
1962.6,15
1962.9,6
1963.0,21
1963.0,35
1963.7,17
1965.1,22
1965.5,10
1966.1,5
1967.0,19
1967.0,39
1967.2,26
1967.3,14
1967.5,28
1967.5,33
1967.6,30
1967.7,29
1967.7,36
1968.8,13
1968.9,31
1969.2,18
1970.5,4
1970.8,8
1971.3,6
1971.4,25
1972.4,16
1972.7,11
1972.8,3
1972.8,32
1972.8,37
1973.0,0
1973.0,21
1973.4,34
1974.3,10
1974.6,24
1975.1,22
1976.2,27
1977.0,5
1977.0,29
1977.3,35
1977.4,33
1979.4,14
1980.6,17
1981.7,1
1981.9,26
1982.2,21
1982.6,23
1982.8,10
1982.8,32
1983.5,18
1983.8,20
1985.1,22
1985.2,5
1986.1,31
1986.9,0
1987.1,2
1987.1,30
1987.4,4
1989.5,24
1989.9,29
1990.4,35
1990.7,36
1992.7,5
1993.5,33
1994.3,32
1995.2,13
1996.3,10
1996.8,12
1997.2,37
1998.4,4
1998.4,34
1998.5,6
1998.7,21
1998.7,22
1999.0,38
1999.2,11
1999.2,30
1999.3,31
1999.8,8
2000.1,26
2000.1,27
2000.6,29
2001.2,35
2002.1,1
2002.1,17
2002.7,39
2003.2,0
2003.6,5
2004.4,28
2004.9,14
2004.9,24
2005.5,18
2006.1,21
2006.8,32
2006.8,36
2007.9,22
2008.3,2
2008.5,10
2008.5,16
2009.1,9
2009.7,15
2009.8,30
2009.8,33
2009.8,37
2010.1,29
2010.8,34
2011.0,7
2011.4,25
2015.6,5
2016.0,4
2016.2,20
2017.3,23
2017.6,28
2018.3,24
2018.5,14
2018.8,18
2018.8,21
2019.0,8
2019.0,17
2019.1,26
2019.2,6
2019.9,31
2020.3,10
2020.3,30
2020.4,35
2021.2,22
2022.5,27
2022.7,33
2023.2,37
2023.5,34
2024.3,13
2024.6,36
2024.7,0
2025.3,32
2025.6,1
2025.8,11
2025.8,29
2026.2,2
2027.1,5
2027.6,39
2027.9,8
2028.2,4
2028.6,21
2029.6,10
2030.0,30
2030.8,22
2030.8,24
2031.0,31
2031.1,6
2032.9,33
2034.9,15
2035.0,19
2035.2,35
2035.7,12
2035.9,37
2036.2,18
2036.3,14
2036.3,29
2037.8,5
2038.1,16
2038.3,30
2039.9,36
2040.4,0
2040.5,22
2041.5,17
2041.7,11
2041.7,39
2041.8,21
2042.2,10
2042.3,24
2042.3,32
2043.7,4
2044.3,34
2045.0,29
2045.6,8
2045.6,31
2045.6,33
2048.1,26
2048.3,13
2050.2,14
2050.2,18
2051.4,22
2051.4,37
2052.0,30
2052.6,2
2053.2,0
2053.3,27
2053.7,28
2053.9,1
2053.9,29
2054.0,35
2054.1,38
2054.2,5
2054.3,36
2054.5,20
2055.2,10
2056.2,4
2056.2,21
2056.2,34
2056.5,32
2057.3,11
2057.3,33
2062.0,6
2062.0,22
2062.6,17
2062.7,13
2063.0,15
2063.7,8
2063.9,14
2064.1,25
2064.3,16
2064.5,3
2068.2,21
2068.2,29
2068.2,30
2068.7,5
2069.3,33
2069.3,34
2069.4,22
2069.5,27
2069.5,31
2069.5,35
2069.7,39
2069.8,36
2070.0,4
2070.4,24
2071.3,0
2072.0,1
2073.1,10
2073.3,18
2076.5,11
2077.1,22
2077.3,37
2077.4,2
2077.5,32
2077.8,26
2079.2,6
2079.4,21
2079.9,29
2081.1,8
2081.1,33
2083.0,14
2083.0,23
2083.1,17
2083.1,35
2083.6,36
2084.0,10
2084.0,13
2084.2,5
2085.9,31
2088.5,39
2089.1,28
2089.6,1
2089.9,0
2090.4,34
2090.5,30
2091.0,11
2091.0,24
2091.1,18
2091.2,32
2091.5,9
2091.9,22
2092.0,21
2092.4,27
2092.6,19
2092.6,37
2092.7,14
2092.9,6
2093.0,29
2093.7,10
2094.1,8
2094.8,16
2096.0,33
2099.1,4
2100.2,25
2100.3,32
2100.7,5
2101.2,35
2101.7,24
2101.7,29
2102.0,36
2102.2,30
2103.1,22
2103.1,26
2106.0,13
2106.7,8
2106.8,0
2106.9,37
2107.4,39
2108.0,10
2108.1,21
2108.3,31
2109.8,34
2110.0,33
2110.1,14
2110.3,28
2110.4,27
2110.9,5
2111.4,23
2111.6,17
2111.9,2
2113.3,18
2113.6,12
2114.4,22
2114.6,29
2114.8,24
2116.6,32
2117.2,36
2118.0,26
2118.1,25
2118.3,30
2118.4,11
2118.6,35
2118.7,4
2118.8,16
2118.9,3
2119.1,21
2119.7,31
2120.4,33
2121.1,1
2121.3,29
2121.4,37
2122.9,14
2123.6,15
2124.3,0
2124.3,6
2124.8,13
2124.9,18
2125.0,10
2125.0,22
2125.8,5
2125.9,32
2129.5,17
2130.4,28
2130.4,39
2130.6,21
2131.0,8
2131.4,34
2131.8,33
2132.4,10
2132.4,36
2132.8,30
2133.4,35
2133.8,2
2134.0,4
2134.0,11
2134.0,22
2135.7,15
2135.8,14
2136.0,37
2136.6,20
2137.1,19
2138.0,31
2138.2,32
2138.9,29
2139.4,24
2139.4,27
2139.5,13
2139.5,18
2139.6,33
2140.0,21
2140.3,5
2141.1,26
2142.1,22
2143.8,0
2144.3,30
2145.0,4
2145.5,10
2145.7,25
2146.3,35
2147.0,11
2147.4,14
2147.6,9
2148.5,39
2149.9,17
2150.0,32
2150.1,6
2150.2,36
2150.3,28
2150.3,33
2150.6,8
2151.2,34
2151.2,20
2151.8,26
2152.4,29
2152.5,5
2152.5,21
2153.2,31
2154.6,16
2154.8,22
2155.6,1
2155.8,15
2156.1,24
2157.7,27
2157.8,13
2158.2,37
2158.3,35
2158.6,30
2160.1,32
2160.6,0
2162.8,18
2162.8,34
2163.0,10
2163.0,36
2164.0,5
2164.0,21
2164.3,22
2165.4,2
2165.4,14
2165.4,29
2165.5,6
2165.5,33
2166.6,32
2166.7,24
2167.8,4
2168.5,8
2169.0,25
2169.5,39
2170.4,31
2170.6,0
2170.7,11
2171.3,21
2171.4,28
2171.5,26
2171.6,10
2171.8,1
2172.2,22
2173.7,33
2174.6,23
2174.6,29
2175.2,18
2175.4,14
2175.5,35
2175.6,30
2177.9,5
2178.7,9
2179.2,13
2179.4,37
2180.5,12
2183.7,22
2183.7,32
2183.9,24
2184.8,27
2185.0,20
2185.2,3
2185.3,4
2186.0,21
2186.3,17
2186.3,6
2186.3,10
2187.5,11
2187.5,36
2187.7,39
2187.8,0
2188.0,31
2188.0,34
2188.1,8
2188.4,29
2188.4,33
2188.8,14
2189.6,18
2190.5,5
2190.9,30
2190.9,35
2193.6,32
2193.8,37
2195.0,25
2195.3,15
2195.3,24
2195.7,13
2195.7,21
2195.7,26
2196.7,1
2196.9,28
2197.0,2
2198.0,17
2198.3,22
2199.3,14
2200.0,34
2201.1,4
2203.3,0
2203.5,33
2203.7,11
2203.7,35
2203.8,21
2204.0,5
2204.3,8
2204.3,30
2204.9,29
2205.6,18
2206.0,39
2206.4,36
2206.7,10
2206.8,31
2207.3,27
2207.6,20
2207.6,2
2208.0,32
2210.1,19
2210.5,17
2211.2,21
2211.7,14
2211.8,6
2212.0,33
2212.2,22
2212.6,29
2212.8,16
2213.2,24
2213.9,35
2214.6,37
2215.2,13
2215.5,28
2215.8,23
2216.2,34
2216.5,10
2216.6,1
2216.8,4
2217.1,26
2217.1,39
2217.3,21
2217.4,18
2217.9,0
2218.5,32
2218.8,8
2220.4,30
2222.1,5
2223.0,15
2223.4,31
2223.7,2
2223.8,11
2224.9,29
2225.2,22
2226.5,36
2226.8,18
2227.4,24
2227.4,14
2228.0,0
2228.2,6
2229.9,10
2230.0,4
2230.0,33
2230.5,20
2231.8,21
2231.8,35
2232.0,5
2232.2,25
2232.4,27
2232.5,17
2232.5,32
2232.6,39
2233.5,37
2233.7,34
2234.0,22
2234.0,30
2235.4,13
2239.0,9
2239.2,1
2239.3,10
2240.4,29
2241.1,36
2241.3,28
2242.2,11
2242.5,22
2243.0,14
2243.3,31
2243.5,16
2243.5,33
2243.6,8
2243.6,24
2243.8,26
2244.4,21
2244.5,18
2244.5,32
2244.7,4
2244.8,35
2245.7,34
2248.2,5
2248.5,6
2248.6,0
2248.6,39
2249.1,37
2249.5,30
2249.6,10
2250.7,29
2250.9,22
2251.6,25
2251.6,27
2252.0,24
2253.1,14
2253.6,13
2253.7,21
2256.9,2
2257.1,15
2257.3,1
2257.4,33
2257.8,32
2257.9,4
2259.1,26
2261.0,35
2261.0,39
2261.6,0
2261.9,29
2262.4,36
2262.8,6
2262.8,18
2262.9,5
2262.9,31
2263.1,21
2263.2,30
2263.5,37
2263.7,10
2264.0,22
2267.7,24
2267.8,34
2268.6,32
2268.9,17
2269.2,14
2269.2,16
2269.3,11
2270.3,8
2270.9,21
2271.3,29
2271.9,33
2272.7,28
2272.9,25
2273.5,4
2274.0,30
2274.6,13
2275.9,8
2276.1,22
2276.5,35
2277.7,5
2278.3,24
2279.0,18
2279.7,34
2280.0,10
2280.1,32
2280.4,31
2281.3,0
2281.5,15
2281.8,36
2282.1,39
2282.7,6
2283.2,14
2283.2,37
2284.0,29
2284.3,1
2284.3,20
2284.3,27
2284.4,17
2285.0,21
2286.1,23
2286.2,35
2286.7,22
2290.2,11
2291.0,33
2291.1,26
2291.3,24
2291.3,31
2291.4,19
2291.5,30
2291.9,2
2292.0,5
2292.0,18
2292.2,4
2292.3,10
2292.6,32
2292.8,29
2292.8,0
2293.9,22
2294.5,25
2295.3,36
2295.4,34
2296.0,21
2296.6,9
2298.5,14
2298.8,13
2299.1,35
2300.1,28
2300.4,37
2301.8,32
2301.9,8
2302.5,17
2303.0,21
2303.0,33
2303.5,22
2304.1,4
2304.1,27
2304.2,26
2304.2,39
2304.4,20
2306.2,5
2306.5,30
2306.7,29
2307.7,16
2307.9,14
2308.1,10
2308.7,0
2308.8,6
2309.0,18
2309.4,31
2309.5,24
2309.6,11
2309.6,15
2309.9,1
2309.9,32
2311.8,34
2313.6,35
2316.1,2
2316.1,22
2316.2,13
2317.2,19
2317.2,36
2317.6,21
2317.7,5
2317.8,8
2318.2,0
2318.7,28
2318.8,39
2318.9,26
2320.0,29
2320.4,10
2321.3,33
2321.4,37
2321.7,14
2322.4,27
2323.0,30
2323.3,4
2323.9,9
2324.8,24
2326.3,26
2326.4,32
2326.5,22
2326.5,34
2327.0,1
2327.8,11
2327.8,18
2328.5,35
2328.6,17
2328.6,31
2329.7,6
2330.2,21
2330.4,20
2330.5,36
2330.6,14
2330.7,29
2330.9,5
2332.2,0
2333.1,33
2334.4,13
2334.4,37
2334.7,7
2336.4,23
2336.4,32
2336.9,8
2337.0,22
2338.3,15
2338.3,28
2338.7,10
2339.0,30
2339.0,35
2339.1,9
2339.2,25
2339.3,16
2339.5,14
2340.0,4
2340.0,24
2340.2,20
2340.4,27
2340.5,18
2340.8,33
2344.0,0
2344.3,21
2345.1,34
2346.5,2
2347.0,29
2347.2,22
2347.5,6
2348.4,5
2348.6,36
2349.6,39
2349.9,33
2350.0,26
2350.5,31
2350.9,32
2351.3,8
2351.4,10
2351.5,37
2352.8,17
2353.4,24
2355.8,14
2356.3,4
2357.0,11
2357.0,18
2357.9,30
2359.2,35
2359.4,32
2360.4,22
2360.5,21
2360.6,0
2361.4,5
2362.1,29
2362.3,12
2362.5,27
2362.6,13
2362.7,1
2363.0,14
2363.4,34
2363.5,15
2363.6,33
2363.7,24
2365.1,31
2365.1,39
2366.1,26
2366.3,10
2366.3,22
2366.3,25
2367.5,28
2368.0,6
2368.6,8
2368.6,37
2368.8,30
2369.4,21
2369.4,36
2370.0,20
2370.4,4
2370.4,32
2370.7,18
2371.3,5
2371.5,23
2372.9,11
2373.6,29
2374.2,1
2377.0,35
2377.3,9
2378.1,0
2378.7,30
2378.8,33
2379.2,10
2379.2,39
2379.3,34
2379.5,28
2379.7,21
2379.7,14
2379.9,17
2380.5,2
2381.0,24
2381.8,22
2382.4,19
2382.6,27
2383.3,32
2383.9,36
2385.3,4
2385.8,13
2386.8,16
2387.3,5
2387.3,8
2387.4,26
2387.8,25
2388.5,6
2388.9,31
2389.3,15
2390.1,18
2390.3,29
2390.4,30
2390.5,11
2390.9,33
2391.1,21
2391.2,22
2391.5,0
2392.7,35
2393.0,37
2395.4,34
2396.1,1
2397.7,10
2397.7,29
2398.0,24
2398.3,32
2398.6,2
2398.8,23
2399.5,11
2399.5,22
2400.9,14
2401.6,5
2402.0,30
2402.4,8
2402.9,4
2403.0,20
2403.4,21
2403.4,36
2403.8,13
2404.3,32
2404.4,35
2406.5,39
2407.9,17
2408.4,10
2409.6,33
2411.0,27
2411.4,30
2411.7,0
2412.1,18
2412.2,1
2412.4,34
2413.2,29
2413.2,31
2414.3,13
2414.6,6
2414.8,22
2414.8,28
2414.9,14
2414.9,37
2416.6,32
2417.0,8
2417.0,24
2417.2,21
2417.2,25
2417.8,5
2418.2,35
2418.8,2
2419.1,39
2421.3,10
2422.2,4
2422.9,26
2423.0,11
2423.2,33
2423.2,36
2424.1,14
2424.1,19
2424.6,22
2426.2,0
2426.7,29
2426.7,35
2427.6,30
2428.1,15
2428.4,5
2428.8,34
2428.9,21
2429.0,17
2430.0,24
2430.2,13
2431.3,1
2431.4,20
2431.7,31
2432.3,23
2432.8,2
2433.2,37
2433.5,33
2433.8,22
2434.0,16
2434.1,18
2434.7,39
2434.9,10
2434.9,29
2435.6,32
2436.0,11
2437.5,21
2438.2,36
2438.3,12
2439.0,8
2440.3,26
2440.4,4
2440.8,27
2442.9,5
2443.3,9
2443.9,35
2445.3,18
2445.4,6
2445.6,3
2446.0,0
2446.5,14
2447.1,22
2447.7,24
2447.9,34
2448.0,30
2448.3,31
2448.3,39
2448.6,33
2449.1,10
2449.1,13
2449.1,21
2449.4,25
2449.7,17
2449.7,28
2450.0,8
2450.0,32
2450.7,37
2451.3,29
2453.4,1
2453.8,5
2454.1,16
2454.4,11
2455.6,4
2457.1,26
2457.6,18
2458.9,10
2459.3,2
2460.3,22
2460.3,32
2461.7,35
2461.9,34
2462.2,33
2462.6,37
2463.2,21
2463.3,14
2463.5,27
2463.5,36
2463.6,30
2464.3,29
2464.5,13
2464.6,0
2464.6,5
2464.9,24
2466.2,10
2466.5,11
2466.8,6
2469.8,15
2469.8,18
2470.4,22
2471.1,8
2471.2,21
2471.6,38
2471.7,31
2471.8,17
2472.5,1
2472.5,39
2472.6,4
2473.4,32
2475.3,33
2475.4,24
2475.5,29
2478.0,34
2479.5,37
2480.0,36
2480.3,5
2480.5,21
2481.0,35
2481.9,10
2482.2,2
2482.4,14
2482.4,26
2482.9,6
2482.9,19
2482.9,30
2483.2,13
2483.5,28
2483.9,25
2484.2,27
2484.2,39
2484.7,11
2484.8,0
2485.1,31
2486.3,22
2488.9,5
2488.9,32
2489.5,33
2489.6,21
2489.8,36
2490.0,8
2490.5,29
2490.6,18
2490.8,16
2491.1,34
2491.3,1
2492.0,23
2493.7,24
2494.0,4
2494.5,3
2495.7,22
2496.7,14
2498.2,10
2498.3,11
2498.4,20
2498.8,33
2499.0,35
2499.1,29
2499.8,0
2500.1,21
2500.6,5
2501.6,9
2501.8,32
2501.8,27
2502.3,28
2503.0,31
2503.3,25
2504.2,8
2505.9,34
2506.1,1
2506.2,10
2506.7,12
2506.8,22
2507.8,37
2508.1,36
2508.2,14
2508.3,17
2508.5,24
2508.7,15
2508.7,18
2508.9,38
2509.1,6
2509.1,35
2509.4,30
2509.7,4
2509.9,21
2510.8,39
2510.8,29
2512.1,13
2514.0,33
2514.0,32
2514.3,0
2514.9,16
2515.9,5
2517.2,2
2517.9,30
2519.6,22
2519.8,21
2519.8,27
2520.0,35
2520.3,24
2520.5,14
2521.3,26
2521.4,7
2521.4,23
2521.5,29
2521.6,4
2521.7,32
2521.8,19
2523.1,15
2523.4,39
2523.8,31
2523.9,17
2524.1,10
2524.3,18
2524.7,1
2525.4,33
2525.5,11
2527.9,37
2528.4,34
2529.1,8
2529.3,0
2530.0,25
2530.4,5
2530.4,29
2531.3,21
2531.3,22
2531.3,35
2531.9,36
2532.1,24
2533.4,13
2533.7,39
2534.0,27
2536.3,30
2536.3,32
2536.4,14
2536.5,6
2536.5,28
2536.9,9
2536.9,10
2538.1,33
2538.9,4
2539.2,2
2539.5,31
2541.2,18
2541.5,16
2541.6,22
2541.7,35
2542.6,11
2542.8,0
2543.4,29
2543.5,1
2543.5,12
2543.5,17
2543.8,34
2544.2,5
2544.4,26
2544.8,8
2544.9,21
2547.1,3
2548.6,37
2549.7,33
2550.0,30
2550.2,32
2551.4,24
2551.7,10
2551.9,27
2552.1,22
2552.3,14
2552.7,39
2553.2,28
2553.2,35
2553.7,29
2554.8,4
2555.7,13
2556.7,21
2557.7,15
2558.2,18
2558.2,36
2558.4,32
2558.8,6
2559.1,24
2559.3,5
2559.3,31
2559.4,0
2559.4,8
2559.4,20
2559.5,9
2559.6,17
2559.7,26
2559.9,10
2559.9,25
2560.0,2
2560.2,33
2560.5,14
2560.7,37
2560.8,16
2563.1,22
2567.1,30
2567.6,35
2568.7,29
2569.4,21
2569.6,37
2569.8,39
2569.9,34
2570.3,1
2570.3,13
2570.4,11
2570.7,0
2571.0,24
2571.7,4
2571.7,33
2572.1,10
2572.8,6
2573.0,5
2573.2,14
2573.5,32
2575.0,31
2575.8,18
2576.8,22
2577.0,25
2577.5,27
2578.5,26
2579.1,36
2579.9,37
2580.0,23
2580.1,21
2580.3,17
2580.6,29
2580.7,19
2581.6,35
2582.0,10
2582.4,3
2583.2,28
2583.4,0
2583.5,2
2583.5,13
2584.1,22
2584.8,8
2585.1,33
2586.1,5
2586.1,34
2586.7,11
2586.7,24
2586.8,30
2586.9,4
2587.0,32
2588.0,9
2589.6,6
2590.9,18
2592.1,14
2592.3,10
2592.4,31
2592.5,29
2593.0,1
2593.1,36
2593.5,38
2594.1,5
2594.3,35
2594.4,39
2595.1,37
2595.3,33
2595.4,21
2596.2,15
2596.2,22
2597.5,0
2598.6,26
2599.4,27
2600.9,32
2600.9,8
2601.2,34
2601.9,24
2602.2,6
2602.4,4
2603.2,23
2603.6,12
2604.3,30
2604.5,14
2605.3,17
2606.5,25
2606.6,10
2606.7,28
2606.8,11
2607.0,5
2607.0,22
2607.0,29
2607.0,39
2607.4,36
2608.1,8
2608.1,33
2608.4,0
2608.5,1
2608.5,2
2608.5,18
2608.7,35
2608.9,31
2609.8,37
2611.4,21
2611.4,13
2611.8,27
2613.1,24
2614.1,5
2615.0,32
2615.7,34
2616.2,16
2617.4,30
2618.3,29
2619.0,21
2619.1,1
2619.5,15
2619.7,14
2619.7,22
2620.0,10
2620.7,37
2621.2,35
2622.3,33
2623.1,6
2623.5,18
2623.6,32
2625.5,8
2625.9,39
2627.3,2
2627.7,29
2627.8,22
2628.2,34
2628.5,31
2629.1,0
2629.4,24
2631.4,5
2631.8,36
2632.0,4
2632.0,26
2632.7,33
2632.9,27
2632.9,30
2633.1,11
2633.3,14
2633.3,17
2633.4,21
2634.0,3
2634.1,37
2635.0,16
2635.1,35
2635.8,10
2636.8,22
2637.1,13
2637.1,29
2637.5,32
2638.6,6
2638.8,18
2639.3,23
2639.6,0
2640.8,31
2641.0,34
2643.3,1
2643.3,2
2645.1,25
2645.5,4
2645.5,21
2645.5,36
2646.0,5
2646.0,20
2646.0,33
2646.2,8
2646.6,10
2646.8,28
2647.1,35
2648.3,14
2648.5,29
2648.8,30
2648.8,37
2648.9,24
2649.1,22
2650.5,18
2650.5,32
2651.6,0
2651.8,7
2653.7,13
2653.9,39
2656.1,12
2656.9,17
2657.2,14
2657.8,6
2658.6,1
2658.8,11
2658.8,22
2659.1,35
2659.2,27
2659.3,33
2660.1,21
2660.3,10
2660.4,4
2660.5,5
2660.7,26
2660.7,30
2660.8,25
2660.8,29
2661.4,24
2661.4,31
2663.4,34
2663.6,8
2663.8,36
2664.2,16
2664.4,18
2666.6,32
2666.8,9
2667.2,37
2667.3,39
2667.8,21
2669.2,23
2669.4,29
2669.5,30
2670.0,6
2670.4,22
2670.9,13
2671.0,15
2672.4,26
2672.6,0
2672.9,14
2673.0,31
2673.5,5
2674.4,20
2674.5,24
2675.1,18
2675.3,35
2676.3,33
2677.1,10
2678.3,37
2679.3,11
2679.7,32
2680.5,12
2680.7,19
2680.8,8
2681.1,25
2681.2,28
2681.3,34
2681.5,21
2681.6,9
2682.0,0
2682.8,6
2682.9,4
2684.3,22
2684.4,5
2684.4,36
2686.4,1
2686.4,2
2686.8,29
2687.2,13
2688.0,30
2688.1,14
2688.1,18
2688.1,24
2688.6,17
2688.8,33
2690.2,8
2690.3,31
2690.3,37
2690.6,10
2690.7,39
2690.8,38
2690.9,32
2691.0,4
2691.2,27
2691.9,15
2692.8,11
2693.0,0
2693.8,22
2694.7,21
2695.0,5
2695.4,35
2695.8,26
2696.6,20
2697.4,30
2697.6,34
2698.6,19
2699.8,12
2700.9,14
2701.0,33
2701.5,29
2701.7,27
2702.4,6
2703.3,22
2703.9,18
2704.0,31
2704.1,25
2704.5,32
2705.6,21
2705.9,10
2706.1,36
2706.9,28
2708.0,37
2709.4,5
2709.4,16
2710.3,1
2710.4,35
2711.1,4
2711.2,2
2711.2,24
2711.7,0
2711.9,9
2712.2,13
2712.8,3
2714.1,21
2714.2,29
2714.3,39
2714.3,10
2715.0,14
2715.0,17
2715.2,34
2715.8,32
2716.1,27
2716.4,20
2716.7,22
2716.7,30
2717.2,18
2718.0,33
2718.5,11
2718.5,26
2718.5,35
2719.7,8
2720.4,6
2723.6,21
2723.8,5
2724.4,24
2724.7,37
2724.8,29
2724.8,31
2727.1,10
2727.2,25
2727.4,36
2728.0,0
2728.2,33
2729.2,30
2729.2,32
2729.8,17
2730.2,22
2730.3,4
2731.4,14
2732.0,39
2732.6,27
2733.0,2
2733.1,15
2734.6,1
2734.7,12
2734.8,21
2735.2,35
2735.4,29
2736.2,13
2736.6,5
2736.8,18
2737.9,20
2738.1,22
2738.7,31
2739.4,10
2739.4,33
2739.6,24
2739.8,32
2741.2,11
2744.7,14
2745.6,6
2745.7,8
2746.1,21
2746.3,30
2746.6,16
2746.7,34
2746.9,26
2747.0,0
2747.1,39
2748.3,35
2748.6,10
2748.6,37
2749.1,36
2750.0,22
2750.6,29
2751.3,5
2751.5,18
2751.8,33
2753.4,28
2753.5,4
2753.9,17
2754.2,15
2754.4,13
2754.6,1
2755.1,23
2755.8,37
2756.1,24
2756.2,32
2756.8,0
2757.3,11
2758.9,21
2760.2,29
2760.6,14
2761.0,2
2761.0,31
2761.9,7
2762.2,9
2762.3,35
2762.5,22
2762.5,5
2762.5,27
2763.0,34
2763.1,8
2763.7,36
2764.0,10
2764.6,13
2764.6,39
2766.2,18
2766.5,21
2766.7,19
2766.9,17
2767.7,16
2767.9,30
2768.0,0
2768.1,33
2768.4,32
2768.6,26
2769.0,12
2769.9,1
2770.1,5
2771.6,14
2773.0,22
2773.0,37
2773.3,35
2773.5,6
2773.6,25
2773.8,11
2774.5,31
2776.5,4
2776.5,21
2776.8,10
2776.8,29
2777.3,24
2778.2,15
2778.3,28
2779.8,32
2780.4,8
2780.6,20
2781.1,33
2781.3,19
2783.1,14
2783.8,18
2784.0,5
2784.2,0
2784.2,17
2784.3,30
2784.6,22
2785.4,29
2785.4,39
2785.5,6
2785.5,34
2785.6,35
2785.6,36
2785.6,37
2785.8,2
2786.2,13
2787.8,1
2790.4,32
2790.6,31
2791.1,4
2791.7,10
2792.0,23
2792.0,24
2792.1,21
2792.1,27
2792.2,25
2793.0,8
2793.0,9
2793.2,34
2793.7,33
2793.9,5
2794.0,22
2794.1,29
2796.4,26
2797.5,3
2797.9,14
2798.2,18
2798.5,11
2798.5,30
2798.6,35
2798.9,39
2798.9,2
2799.2,21
2800.0,0
2800.4,10
2800.9,5
2801.8,32
2802.1,24
2803.2,6
2805.0,16
2805.0,36
2805.2,37
2806.1,33
2806.3,22
2807.0,29
2807.4,4
2807.4,35
2807.5,8
2808.0,30
2808.4,1
2808.4,20
2809.2,14
2809.5,34
2810.4,25
2810.5,28
2810.9,21
2811.1,31
2812.1,0
2812.1,27
2812.2,13
2812.5,10
2812.6,22
2812.7,32
2814.2,17
2814.3,15
2814.5,24
2816.5,5
2816.5,11
2817.4,39
2819.7,29
2820.2,37
2820.4,18
2821.5,33
2822.3,26
2823.6,10
2823.9,36
2824.1,34
2824.3,14
2824.4,4
2824.5,30
2824.7,22
2824.8,24
2825.2,39
2825.4,6
2825.4,21
2825.6,27
2826.2,0
2826.2,32
2826.3,2
2826.4,23
2826.7,5
2827.0,13
2827.3,1
2828.2,11
2829.1,35
2829.4,33
2829.5,31
2831.3,9
2833.9,22
2835.4,18
2835.6,8
2835.6,20
2835.7,29
2835.9,37
2836.0,21
2836.0,35
2836.8,26
2837.4,14
2837.4,36
2837.7,16
2838.2,30
2838.2,34
2838.3,5
2838.4,0
2838.4,25
2838.7,4
2838.9,10
2842.0,17
2842.7,22
2842.9,28
2843.1,21
2844.1,1
2844.7,32
2845.8,33
2846.5,15
2846.5,24
2847.6,29
2849.4,11
2850.1,14
2850.5,5
2850.7,27
2851.1,0
2851.4,30
2851.5,8
2851.5,13
2851.5,37
2851.6,18
2851.9,6
2852.8,2
2853.0,22
2853.1,36
2853.3,10
2853.3,31
2853.3,39
2853.4,9
2853.4,34
2853.6,4
2854.2,19
2854.8,35
2855.2,29
2856.1,33
2857.5,32
2858.3,24
2863.4,1
2863.7,35
2863.9,5
2864.2,14
2864.5,26
2864.6,21
2864.9,25
2864.9,31
2865.0,20
2865.0,36
2865.2,38
2865.2,10
2866.0,6
2866.5,28
2866.9,12
2867.4,39
2867.5,0
2867.7,4
2868.1,22
2869.2,15
2870.9,30
2871.1,13
2871.3,27
2871.5,9
2871.6,33
2871.8,18
2872.2,32
2872.3,29
2873.5,11
2873.9,24
2874.3,23
2874.4,5
2874.5,16
2875.1,1
2875.1,34
2875.3,8
2875.3,10
2875.3,37
2876.1,14
2876.5,17
2876.5,21
2876.8,35
2877.3,22
2879.9,0
2881.0,36
2881.4,31
2881.4,2
2882.2,30
2882.5,32
2883.4,19
2883.4,28
2885.6,6
2885.7,39
2886.1,33
2887.7,29
2887.8,18
2888.1,20
2888.9,37
2889.3,13
2889.6,21
2889.6,4
2890.3,5
2890.5,24
2891.3,14
2891.6,22
2892.1,26
2892.9,32
2893.6,35
2894.4,11
2894.8,34
2894.9,10
2895.0,33
2895.3,8
2896.2,36
2896.6,0
2899.0,5
2899.5,24
2899.9,4
2900.0,17
2900.4,22
2901.0,39
2901.5,37
2903.0,21
2903.0,35
2903.5,13
2903.5,29
2903.8,30
2903.8,31
2903.8,36
2904.4,14
2905.0,33
2905.1,10
2905.2,6
2906.2,1
2906.3,18
2906.7,25
2907.1,11
2907.6,32
2907.9,5
2908.5,3
2908.6,0
2908.8,9
2911.7,15
2911.9,28
2911.9,34
2913.4,22
2913.4,29
2914.1,4
2914.6,21
2914.6,35
2914.9,8
2915.6,31
2917.8,24
2918.5,6
2919.2,32
2919.3,27
2919.4,14
2919.8,30
2919.9,33
2920.9,0
2921.0,17
2921.2,39
2921.3,21
2921.4,10
2921.4,36
2921.6,23
2921.6,26
2922.4,1
2922.5,18
2922.8,19
2922.9,5
2923.0,29
2923.1,34
2924.2,13
2925.5,28
2925.5,35
2925.9,22
2929.3,16
2929.5,4
2929.9,11
2930.9,25
2931.0,6
2931.3,20
2931.3,37
2931.4,12
2931.5,32
2931.5,33
2931.6,27
2931.9,2
2932.9,21
2933.0,24
2933.4,0
2933.7,14
2933.8,5
2934.5,10
2934.5,29
2934.7,31
2935.2,30
2935.4,22
2936.5,17
2936.5,18
2937.5,8
2938.1,35
2939.1,4
2941.1,33
2941.2,32
2941.9,36
2942.3,13
2942.5,14
2942.9,21
2945.6,22
2945.8,1
2946.0,29
2946.2,5
2946.4,28
2946.5,30
2946.9,39
2947.0,0
2947.2,7
2947.4,10
2947.6,27
2947.6,34
2947.7,15
2947.9,26
2948.6,6
2948.8,24
2949.0,25
2949.3,11
2949.4,8
2950.7,21
2954.1,17
2954.2,12
2954.7,4
2955.0,33
2955.3,35
2955.4,31
2955.7,14
2956.7,13
2957.0,22
2957.8,2
2958.6,36
2959.1,18
2959.3,5
2960.8,32
2961.4,10
2962.0,29
2962.0,37
2962.7,9
2963.0,30
2963.1,14
2963.7,0
2964.1,24
2965.0,6
2965.2,25
2965.4,33
2965.6,23
2965.9,1
2965.9,21
2966.2,8
2969.7,5
2970.6,11
2970.7,39
2971.1,22
2971.3,34
2971.5,36
2971.9,13
2972.4,32
2973.9,37
2974.1,4
2974.4,35
2975.2,21
2975.2,24
2975.3,17
2975.7,15
2975.9,33
2976.4,14
2976.9,18
2977.1,27
2977.1,30
2977.2,29
2977.7,31
2978.9,10
2978.9,13
2979.4,6
2979.5,8
2980.3,0
2980.6,22
2981.1,32
2984.1,5
2984.4,34
2984.7,2
2985.2,26
2987.0,11
2987.4,35
2987.4,37
2987.5,4
2987.8,24
2987.8,33
2988.6,1
2988.7,21
2988.8,29
2989.5,14
2989.6,25
2990.8,39
2992.8,32
2993.2,36
2993.3,20
2993.4,16
2993.4,18
2993.8,0
2994.7,6
2994.9,22
2995.4,5
2995.7,3
2996.6,30
2997.1,31
2997.5,29
2997.6,13
2998.3,33
2998.4,15
2998.5,27
2998.8,10
2999.9,21
3001.2,24
3001.6,8
3002.3,37
3002.7,32
3003.5,4
3003.5,26
3003.7,35
3004.2,34
3004.6,0
3004.7,5
3005.1,11
3005.4,1
3005.5,2
3006.7,17
3006.7,23
3006.8,9
3006.8,22
3006.9,14
3008.8,33
3009.1,29
3009.8,36
3010.8,21
3012.2,30
3013.7,6
3013.7,10
3014.2,35
3014.6,39
3014.6,25
3014.8,22
3015.2,31
3016.0,7
3017.2,33
3018.2,5
3018.2,14
3019.0,13
3019.0,37
3019.4,24
3019.4,32
3019.5,15
3020.3,18
3020.7,27
3021.0,19
3021.1,4
3021.4,20
3021.4,21
3021.6,29
3022.8,0
3025.4,23
3025.6,10
3025.6,28
3025.9,17
3027.5,16
3027.5,30
3027.7,36
3028.4,25
3028.7,34
3028.9,22
3029.5,26
3029.8,14
3029.9,4
3029.9,29
3030.0,32
3030.5,11
3031.0,2
3031.0,8
3031.1,21
3032.5,33
3034.2,5
3034.5,35
3035.3,0
3036.2,22
3036.7,1
3037.1,18
3037.1,31
3037.5,39
3037.7,13
3038.1,37
3038.2,21
3041.9,24
3042.0,10
3044.8,7
3045.0,35
3045.1,27
3045.6,5
3046.8,6
3047.1,14
3047.3,17
3047.6,32
3048.5,24
3048.7,29
3048.8,9
3048.9,30
3050.2,22
3051.2,34
3051.4,2
3052.1,20
3052.3,4
3052.4,31
3052.6,0
3052.6,28
3052.7,10
3052.7,36
3052.9,16
3053.2,21
3053.6,33
3054.0,18
3054.2,11
3055.6,14
3056.6,25
3057.4,8
3057.4,35
3057.8,5
3058.5,29
3060.3,39
3060.6,22
3061.3,10
3062.6,15
3062.7,1
3062.7,13
3062.7,27
3063.0,32
3063.1,28
3063.5,17
3063.9,19
3064.6,24
3067.2,21
3067.9,30
3068.1,29
3068.1,34
3069.2,4
3069.2,31
3069.4,37
3070.2,33
3070.3,6
3070.6,26
3071.0,8
3071.0,35
3071.3,0
3072.2,18
3072.3,23
3072.4,5
3072.5,36
3075.7,22
3076.1,11
3076.4,13
3076.7,21
3076.7,24
3077.0,28
3077.3,39
3077.6,25
3078.9,10
3079.1,14
3079.1,29
3079.3,27
3080.4,2
3080.7,32
3081.4,4
3081.4,5
3081.4,35
3082.4,37
3083.4,34
3083.6,33
3084.3,1
3085.5,17
3085.6,19
3086.1,18
3086.6,0
3087.0,21
3087.0,30
3087.7,22
3088.7,8
3089.3,26
3090.4,20
3090.6,16
3090.6,31
3091.0,14
3091.1,24
3091.2,10
3091.3,36
3091.6,6
3092.1,4
3092.1,32
3094.6,37
3095.2,21
3095.7,34
3095.8,29
3096.1,3
3096.2,39
3096.6,5
3097.0,2
3097.8,11
3097.9,33
3099.1,22
3102.7,27
3103.2,21
3103.2,35
3103.6,30
3104.3,10
3104.6,12
3104.7,4
3105.0,32
3105.2,18
3105.3,0
3105.8,25
3106.0,28
3106.2,6
3106.2,15
3106.3,37
3106.4,14
3106.5,29
3106.7,9
3108.0,31
3108.3,22
3110.3,8
3110.5,13
3110.8,24
3111.1,1
3111.1,5
3111.4,33
3111.8,20
3112.0,35
3114.6,26
3115.0,22
3115.0,36
3116.1,30
3116.5,0
3116.9,34
3119.0,39
3119.2,10
3119.8,21
3120.1,37
3120.5,17
3121.1,29
3121.3,35
3122.2,24
3122.7,5
3123.2,32
3123.3,2
3123.4,4
3123.7,19
3124.5,33
3126.4,1
3126.5,16
3126.6,21
3126.8,11
3127.0,14
3127.3,22
3127.4,31
3128.2,36
3128.3,0
3128.9,23
3129.2,8
3129.5,28
3129.6,9
3130.4,24
3130.5,29
3130.7,10
3130.8,30
3131.1,13
3131.1,26
3131.4,5
3131.9,6
3131.9,27
3134.8,34
3135.8,20
3136.5,12
3137.1,32
3139.5,11
3139.8,18
3140.4,35
3140.5,15
3140.8,21
3141.0,1
3141.5,22
3141.6,33
3141.7,14
3142.3,5
3142.4,29
3142.7,2
3142.7,10
3142.7,24
3142.7,26
3142.7,30
3142.7,39
3142.9,37
3143.0,17
3143.0,28
3143.1,4
3143.2,6
3143.3,27
3146.4,31
3146.9,36
3148.2,0
3148.8,25
3148.9,13
3150.2,19
3150.9,34
3151.9,21
3152.4,39
3152.9,18
3153.0,22
3153.1,38
3154.0,29
3154.0,32
3154.1,33
3154.4,37
3154.5,10
3154.7,8
3154.7,14
3155.4,2
3155.4,24
3155.9,4
3157.0,30
3157.3,6
3157.7,35
3158.0,17
3158.2,9
3158.4,1
3158.6,5
3161.7,22
3162.9,20
3163.2,23
3163.3,10
3164.4,13
3164.6,32
3164.6,36
3165.2,14
3165.3,21
3165.4,28
3165.4,33
3166.3,0
3166.7,29
3168.0,31
3168.1,35
3168.4,5
3168.8,1
3170.4,4
3170.6,30
3171.6,22
3172.0,26
3172.7,27
3173.0,16
3173.2,2
3174.6,8
3174.9,25
3175.2,12
3176.1,18
3176.5,15
3176.5,21
3176.5,34
3176.6,37
3177.1,32
3177.4,14
3178.2,0
3178.2,24
3178.3,29
3181.3,6
3181.7,5
3182.3,22
3182.5,31
3182.8,33
3183.8,10
3183.8,36
3183.8,11
3184.4,30
3184.5,9
3184.5,35
3184.7,19
3184.8,1
3186.0,39
3187.1,29
3187.3,17
3187.3,32
3187.6,8
3188.2,28
3188.4,13
3189.6,33
3189.9,6
3190.1,4
3190.5,24
3190.6,38
3191.2,15
3191.8,21
3192.4,14
3192.6,2
3192.7,0
3193.0,22
3193.3,5
3193.5,34
3193.9,27
3195.6,30
3197.5,31
3197.7,10
3197.7,35
3197.8,29
3197.8,36
3197.8,37
3197.9,3
3198.1,39
3200.3,32
3203.0,21
3203.6,18
3203.7,25
3203.8,16
3203.8,24
3204.3,4
3204.5,5
3205.4,22
3205.5,1
3205.5,11
3206.1,8
3206.3,0
3206.3,9
3206.3,13
3206.6,20
3206.6,33
3206.7,14
3206.7,34
3207.4,6
3208.3,29
3211.3,2
3211.4,31
3211.6,30
3212.2,27
3212.7,10
3212.7,12
3212.7,37
3212.9,19
3212.9,35
3213.0,32
3213.1,28
3213.1,36
3213.5,22
3215.5,21
3216.7,33
3216.9,23
3218.4,14
3220.0,0
3220.0,15
3220.4,17
3220.6,11
3220.6,22
3220.6,39
3220.7,6
3221.3,13
3222.1,1
3222.1,29
3222.5,5
3222.9,26
3222.9,34
3223.8,24
3224.2,8
3224.5,10
3226.1,18
3226.3,9
3226.3,32
3226.7,16
3227.4,4
3227.8,20
3228.0,27
3228.3,36
3228.4,21
3228.6,31
3230.8,33
3230.8,39
3231.4,22
3232.2,37
3232.3,35
3233.7,14
3233.7,28
3234.6,30
3235.1,10
3235.5,21
3235.7,12
3235.9,5
3235.9,13
3236.0,29
3238.4,32
3238.9,24
3239.3,17
3239.9,0
3240.0,2
3240.7,6
3241.2,11
3241.5,8
3241.9,18
3241.9,33
3242.0,1
3242.7,30
3243.0,31
3243.6,34
3244.5,36
3244.7,35
3245.0,22
3245.3,5
3245.4,25
3245.5,21
3246.3,29
3246.5,39
3246.6,0
3246.6,10
3246.6,26
3250.0,14
3251.6,37
3252.4,32
3252.9,18
3252.9,27
3253.7,24
3254.1,4
3254.2,22
3254.7,5
3254.8,3
3255.2,21
3255.7,20
3256.1,13
3256.2,33
3256.4,30
3256.7,6
3258.5,31
3258.8,29
3260.1,8
3260.7,1
3261.5,11
3262.1,17
3262.3,14
3263.0,35
3264.0,10
3264.3,26
3264.3,36
3264.4,0
3264.6,16
3264.9,39
3265.7,31
3265.7,34
3266.4,21
3267.6,22
3268.0,4
3268.0,37
3268.2,32
3268.5,33
3269.5,2
3269.7,28
3271.0,29
3271.0,18
3272.0,30
3272.6,24
3273.1,5
3273.5,25
3274.1,0
3274.3,13
3274.3,17
3275.6,39
3275.6,35
3276.1,10
3276.4,14
3276.9,20
3277.8,21
3277.9,32
3278.5,12
3278.7,33
3278.9,22
3279.3,36
3279.6,8
3282.5,5
3282.5,37
3283.6,6
3283.7,24
3283.8,27
3284.4,23
3284.6,34
3285.2,2
3285.9,4
3286.1,30
3286.2,21
3286.3,10
3286.4,29
3286.4,31
3286.6,11
3286.8,26
3287.0,18
3287.1,28
3287.4,32
3288.0,22
3289.1,0
3290.5,39
3290.8,35
3291.1,13
3293.2,15
3293.6,14
3293.8,33
3295.0,5
3296.0,1
3296.2,16
3296.2,20
3296.3,4
3296.8,29
3297.8,30
3297.9,21
3298.2,18
3299.3,36
3300.0,22
3300.4,31
3300.5,35
3300.6,5
3300.8,6
3301.0,24
3301.4,32
3302.1,17
3302.4,10
3302.4,34
3302.5,39
3302.8,37
3302.9,19
3303.3,9
3303.7,0
3304.5,27
3306.1,33
3306.4,8
3306.6,29
3306.8,25
3308.2,14
3308.4,21
3308.5,2
3309.6,26
3310.7,4
3310.7,28
3311.1,32
3311.2,12
3311.2,22
3312.6,13
3312.8,11
3314.3,10
3314.4,15
3315.7,18
3315.7,35
3316.0,5
3316.2,24
3317.1,30
3317.2,0
3317.8,31
3318.8,29
3318.9,34
3319.0,37
3319.4,14
3320.1,6
3321.1,22
3322.2,21
3323.8,17
3323.8,33
3324.4,27
3324.6,36
3325.2,4
3325.2,8
3325.2,32
3326.7,39
3326.9,2
3327.2,34
3329.2,29
3329.3,1
3329.6,10
3329.7,22
3330.3,31
3330.4,23
3330.5,18
3330.6,33
3331.4,6
3331.4,24
3331.6,9
3332.0,35
3333.0,5
3335.3,14
3335.3,30
3336.8,0
3336.8,21
3337.4,36
3337.8,16
3338.5,28
3339.5,32
3339.9,35
3340.2,15
3340.3,5
3340.3,10
3340.3,11
3340.4,13
3340.4,37
3341.0,29
3341.1,4
3341.5,2
3341.7,22
3341.7,34
3343.2,39
3343.8,24
3345.4,6
3345.6,21
3345.8,12
3346.2,33
3346.4,35
3347.6,14
3348.6,1
3349.0,17
3349.6,26
3350.2,27
3350.8,18
3350.8,29
3351.8,10
3352.3,22
3353.5,31
3353.6,32
3354.3,5
3355.2,37
3355.3,0
3355.8,19
3356.3,8
3356.3,20
3356.9,34
3358.7,30
3358.9,4
3359.3,33
3359.5,21
3359.7,11
3359.7,35
3359.8,6
3360.2,38
3360.4,13
3360.7,10
3361.5,22
3361.6,14
3362.5,36
3363.2,1
3363.3,24
3363.8,39
3365.0,29
3365.6,0
3365.6,32
3365.8,2
3366.8,37
3367.0,34
3367.1,16
3367.3,5
3367.6,9
3367.8,15
3369.2,21
3370.2,18
3371.2,33
3371.7,17
3372.6,22
3372.9,28
3374.3,10
3374.4,25
3374.9,29
3375.1,4
3375.2,8
3375.5,19
3375.6,23
3376.1,26
3376.3,30
3376.3,36
3376.4,24
3376.9,5
3377.1,35
3377.6,31
3378.2,3
3378.6,27
3378.9,14
3379.3,32
3380.2,0
3380.2,6
3380.8,21
3381.5,22
3381.7,11
3382.2,20
3382.6,1
3382.8,33
3383.4,17
3383.7,13
3384.9,29
3386.5,18
3386.7,36
3388.2,39
3388.7,4
3388.7,5
3389.0,2
3389.3,10
3389.3,14
3389.3,27
3389.7,34
3389.8,24
3389.9,22
3390.5,35
3390.8,37
3390.9,1
3391.8,21
3392.2,32
3392.4,30
3393.1,31
3393.4,25
3393.8,15
3395.9,8
3395.9,29
3396.3,0
3396.3,22
3397.8,10
3399.0,33
3399.4,14
3400.4,9
3400.8,11
3401.6,18
3402.1,13
3402.3,4
3402.3,5
3402.4,39
3403.6,24
3403.9,34
3404.0,30
3404.1,17
3404.1,32
3404.4,35
3404.5,6
3404.8,28
3405.3,19
3406.5,23
3407.2,27
3407.7,0
3408.0,21
3408.8,22
3409.3,33
3410.6,10
3410.8,26
3410.9,29
3411.7,8
3412.1,31
3412.6,5
3412.9,36
3413.6,2
3413.9,14
3413.9,17
3413.9,18
3414.2,1
3415.2,37
3416.3,24
3416.6,30
3418.3,32
3419.0,22
3419.1,29
3419.6,0
3420.2,35
3420.6,11
3421.1,33
3421.7,21
3422.0,6
3422.0,17
3422.2,34
3422.7,10
3423.0,39
3423.2,4
3423.3,12
3423.3,13
3424.0,31
3424.6,20
3425.3,18
3427.1,5
3427.4,24
3427.5,28
3428.1,32
3428.5,14
3430.0,29
3430.1,27
3430.2,26
3430.8,1
3431.3,36
3431.7,15
3432.3,22
3433.1,13
3433.2,30
3433.4,35
3436.4,16
3436.7,2
3437.4,37
3438.1,32
3438.2,0
3438.4,33
3439.2,21
3439.2,23
3439.5,18
3440.2,5
3440.5,14
3440.5,25
3440.6,22
3440.6,28
3442.0,10
3442.2,17
3442.3,9
3442.6,34
3442.8,39
3443.0,29
3444.9,35
3446.4,6
3446.6,8
3446.9,36
3447.1,4
3447.8,24
3448.2,30
3448.3,11
3449.3,32
3449.4,31
3449.8,27
3450.2,0
3450.2,34
3450.4,19
3450.6,33
3450.9,5
3451.0,21
3451.0,37
3451.4,29
3451.8,22
3456.6,14
3457.1,18
3458.1,17
3458.2,13
3459.0,10
3459.8,16
3460.0,11
3460.3,22
3460.8,1
3461.0,32
3461.1,24
3461.4,35
3461.6,4
3462.7,2
3464.1,30
3464.3,21
3464.5,6
3464.8,5
3465.1,0
3465.3,39
3465.5,36
3465.8,29
3465.8,37
3465.9,26
3467.0,15
3467.1,27
3468.4,20
3468.4,33
3469.1,24
3470.2,10
3472.2,18
3472.2,25
3472.3,14
3472.5,8
3472.5,23
3472.5,31
3472.5,32
3473.1,28
3473.4,11
3473.5,34
3473.6,35
3474.0,22
3474.2,21
3475.0,13
3475.7,4
3475.9,5
3476.3,29
3477.0,26
3477.6,12
3478.0,30
3478.7,1
3479.2,6
3479.2,39
3480.5,0
3480.9,21
3483.3,33
3483.8,36
3484.8,24
3484.9,9
3485.3,22
3486.4,17
3486.5,2
3486.9,11
3486.9,32
3487.1,14
3487.1,18
3487.2,19
3487.2,35
3487.5,10
3487.5,31
3488.1,5
3489.0,29
3493.1,4
3493.1,37
3493.4,16
3493.5,24
3495.4,39
3495.5,27
3495.6,34
3496.4,0
3496.5,21
3497.1,23
3498.2,22
3498.2,35
3498.2,36
3498.4,14
3498.6,33
3499.1,26
3499.2,30
3499.7,15
3499.7,29
3500.2,6
3500.7,2
3501.2,25
3501.5,8
3502.2,5
3502.2,20
3503.1,32
3504.3,10
3505.2,24
3505.7,18
3507.6,11
3508.3,13
3508.7,17
3509.2,37
3509.3,22
3509.8,21
3510.0,33
3510.2,0
3511.2,36
3511.8,35
3513.1,4
3513.2,1
3513.5,32
3514.1,31
3514.2,14
3514.9,29
3515.3,18
3516.1,5
3516.3,34
3516.5,26
3516.8,6
3517.3,24
3518.2,8
3518.3,21
3518.5,16
3518.8,22
3518.8,30
3521.4,27
3522.2,10
3522.7,13
3522.9,37
3523.0,15
3523.2,28
3523.4,33
3523.5,4
3523.9,39
3525.2,11
3525.3,17
3526.0,9
3526.1,20
3526.3,2
3526.7,38
3526.8,34
3526.9,19
3527.2,32
3527.4,5
3527.7,29
3527.7,35
3527.9,14
3528.0,21
3529.2,22
3529.5,31
3530.1,0
3530.7,36
3530.8,24
3531.8,10
3532.6,1
3532.7,30
3537.1,27
3537.8,18
3538.1,21
3538.9,5
3539.2,12
3539.6,4
3539.6,13
3539.6,33
3539.7,37
3540.3,22
3541.0,25
3541.4,6
3541.8,19
3542.1,32
3542.5,35
3543.4,29
3544.0,8
3544.3,30
3544.5,24
3544.5,34
3544.6,2
3545.1,3
3545.2,14
3545.2,26
3548.2,0
3549.5,22
3549.6,36
3549.7,31
3550.8,39
3551.1,17
3551.5,5
3551.6,1
3551.8,21
3551.9,18
3552.1,28
3552.2,29
3552.3,33
3553.0,9
3553.8,10
3553.8,11
3554.0,2
3554.3,13
3554.8,37
3555.9,3
3556.7,15
3556.7,32
3556.8,22
3556.8,24
3558.6,0
3558.7,14
3558.8,4
3558.8,6
3559.8,33
3559.8,34
3559.9,36
3560.0,30
3560.3,21
3560.7,35
3560.9,18
3563.6,5
3564.7,29
3565.1,8
3565.4,23
3565.8,25
3565.8,31
3567.0,0
3567.2,27
3568.0,10
3568.1,22
3569.2,24
3569.4,30
3569.7,14
3570.6,33
3571.1,11
3571.4,5
3571.4,18
3571.6,37
3572.6,19
3573.2,39
3573.3,26
3573.5,4
3573.5,35
3574.0,21
3574.3,32
3575.2,17
3576.4,29
3576.6,1
3576.9,34
3577.6,36
3578.2,20
3579.0,16
3579.4,31
3579.9,0
3579.9,24
3579.9,28
3580.1,2
3580.6,13
3581.4,6
3581.8,22
3582.1,21
3582.4,27
3582.6,10
3582.7,33
3583.6,15
3584.5,37
3585.1,5
3586.0,4
3586.2,29
3586.3,32
3586.7,18
3587.1,8
3587.4,30
3587.5,39
3588.1,1
3588.3,35
3590.0,28
3590.1,14
3591.0,11
3591.0,22
3591.2,0
3592.3,34
3592.4,26
3593.2,5
3593.2,15
3593.2,17
3593.2,31
3593.8,33
3593.9,36
3594.9,21
3595.8,10
3596.7,9
3598.1,13
3599.2,35
3600.6,4
3600.9,29
3600.9,32
3601.2,2
3601.6,24
3601.7,0
3602.0,22
3603.9,6
3605.0,27
3605.5,28
3605.6,5
3605.7,30
3606.2,18
3606.4,1
3607.5,21
3608.0,34
3608.0,39
3608.6,14
3608.9,33
3610.5,31
3610.7,25
3611.0,17
3611.2,13
3611.2,20
3611.2,36
3612.3,26
3612.4,0
3612.4,29
3612.4,32
3612.8,37
3613.0,10
3613.2,8
3613.2,35
3613.8,5
3614.0,22
3614.8,30
3615.7,24
3615.8,4
3616.0,11
3616.2,12
3617.5,6
3617.7,18
3618.1,21
3618.4,23
3619.0,1
3619.7,33
3619.9,2
3622.1,29
3622.3,14
3622.5,34
3622.9,19
3622.9,37
3624.1,31
3624.3,22
3624.5,32
3624.6,38
3624.9,8
3624.9,35
3625.0,3
3625.0,5
3626.3,27
3626.8,0
3628.2,28
3629.9,10
3630.3,21
3630.5,33
3631.0,39
3631.2,30
3631.3,4
3631.6,24
3633.2,5
3633.4,32
3633.4,36
3634.6,22
3635.1,29
3635.2,16
3635.4,13
3635.4,17
3635.4,25
3635.9,0
3636.1,2
3636.3,18
3637.7,14
3640.1,11
3640.5,1
3641.6,8
3642.2,35
3642.3,39
3642.4,34
3642.8,26
3643.4,37
3644.5,4
3644.5,9
3644.5,10
3644.8,15
3644.9,27
3646.1,32
3646.1,33
3646.2,24
3647.4,29
3647.5,31
3647.8,0
3648.0,18
3648.1,5
3648.5,21
3648.5,22
3648.7,36
3648.9,20
3649.1,30
3650.1,6
3651.4,14
3653.1,10
3653.4,13
3655.6,1
3655.6,32
3656.1,35
3656.5,25
3656.9,16
3657.7,17
3657.7,21
3657.7,39
3657.8,11
3658.5,33
3659.1,8
3659.3,18
3659.5,28
3659.8,22
3660.4,24
3660.7,0
3661.2,4
3663.4,5
3663.5,14
3664.2,23
3664.2,29
3664.3,15
3664.3,30
3664.6,12
3664.6,19
3665.0,31
3665.1,10
3665.2,27
3665.3,34
3665.3,36
3666.1,32
3666.8,13
3666.8,26
3667.1,37
3667.9,22
3667.9,39
3668.1,21
3668.5,35
3669.0,4
3669.0,33
3671.1,5
3672.7,18
3673.2,8
3673.5,14
3674.8,24
3674.8,34
3675.2,10
3676.1,9
3676.3,28
3676.3,32
3676.6,27
3678.2,1
3678.4,2
3678.4,21
3678.5,6
3678.7,35
3678.8,22
3679.5,17
3679.5,29
3680.2,5
3680.2,11
3680.3,0
3681.4,33
3681.4,36
3682.7,4
3683.5,30
3683.6,31
3685.1,37
3685.1,39
3685.4,13
3685.4,32
3685.5,3
3687.6,10
3687.8,18
3688.5,5
3689.9,11
3689.9,14
3689.9,21
3690.3,16
3690.3,20
3690.4,38
3690.9,22
3691.2,24
3691.5,34
3691.8,0
3692.7,25
3692.9,29
3693.2,35
3695.3,33
3695.9,17
3696.0,30
3696.2,31
3697.5,4
3697.5,26
3697.5,27
3697.8,8
3698.0,32
3698.2,5
3698.7,6
3698.7,39
3698.8,37
3699.2,21
3699.5,14
3700.2,36
3700.5,9
3700.6,10
3700.6,22
3700.6,29
3701.2,13
3701.2,33
3703.8,15
3704.2,1
3704.7,28
3705.0,18
3705.3,2
3705.4,0
3706.9,11
3707.8,22
3708.2,5
3708.4,25
3709.7,29
3711.3,34
3711.5,24
3712.1,21
3712.4,30
3712.5,10
3712.5,17
3712.7,32
3712.7,35
3715.2,13
3715.3,33
3715.6,37
3717.1,0
3718.1,14
3718.1,39
3719.3,4
3719.5,5
3719.5,31
3719.6,24
3719.7,22
3719.7,36
3720.0,6
3720.2,29
3720.7,18
3721.1,27
3721.2,20
3721.4,21
3726.0,26
3726.3,37
3726.4,10
3726.6,8
3727.6,35
3727.8,2
3727.8,32
3728.9,33
3729.3,3
3729.3,13
3729.6,1
3731.4,21
3731.6,5
3731.6,11
3731.8,34
3732.0,0
3732.0,24
3732.0,30
3732.2,15
3732.7,29
3732.7,39
3732.8,14
3733.7,36
3734.1,10
3736.2,18
3738.0,22
3738.0,37
3738.3,35
3738.8,4
3739.0,9
3739.0,27
3739.6,8
3740.2,6
3740.7,5
3740.7,31
3740.8,33
3741.7,32
3742.5,16
3743.1,29
3743.4,17
3743.8,22
3743.9,10
3744.0,34
3745.9,26
3746.0,28
3746.5,25
3746.6,14
3747.0,21
3748.5,1
3748.6,2
3749.2,36
3749.6,24
3749.9,13
3750.3,0
3751.2,30
3751.9,33
3752.4,39
3753.1,31
3753.3,27
3754.3,37
3754.7,8
3755.4,32
3755.9,22
3756.2,4
3757.7,35
3757.9,20
3758.3,29
3758.6,10
3758.6,14
3758.8,17
3758.8,18
3759.0,5
3759.0,16
3759.3,21
3759.5,19
3760.5,24
3762.6,11
3764.2,32
3764.4,13
3764.6,1
3764.6,6
3764.8,8
3764.8,34
3765.3,0
3765.5,2
3765.5,30
3765.9,21
3766.4,36
3766.9,22
3767.0,15
3767.5,33
3768.1,37
3768.4,31
3768.5,24
3768.6,28
3768.6,35
3770.7,26
3771.8,29
3772.6,10
3772.6,13
3772.8,18
3773.3,17
3773.4,5
3774.5,20
3776.1,14
3776.3,4
3776.7,0
3777.0,30
3777.2,39
3777.6,11
3779.4,21
3779.6,33
3780.8,22
3781.2,25
3781.8,32
3781.8,34
3782.8,35
3783.4,27
3783.8,16
3783.8,23
3784.5,8
3784.5,36
3784.9,1
3784.9,24
3785.3,14
3785.4,6
3785.6,10
3785.8,12
3786.3,37
3786.4,5
3787.5,29
3788.3,30
3788.4,31
3788.8,21
3789.3,22
3789.8,28
3790.3,2
3791.2,32
3791.4,17
3793.0,0
3793.4,13
3794.8,11
3795.1,33
3795.2,24
3795.7,39
3796.2,4
3796.2,18
3797.7,29
3800.1,14
3800.3,5
3800.4,15
3800.6,22
3800.6,34
3800.6,35
3801.1,21
3802.3,23
3802.8,17
3803.0,8
3803.0,10
3803.2,39
3803.4,30
3804.4,0
3805.0,32
3805.1,33
3806.4,26
3807.2,31
3808.1,29
3808.2,37
3808.4,10
3808.6,18
3810.0,1
3810.0,11
3810.1,36
3810.5,3
3810.7,16
3810.9,21
3811.0,20
3812.0,5
3812.0,22
3812.2,13
3812.8,6
3813.3,19
3813.6,0
3814.0,28
3814.5,32
3814.7,27
3814.9,14
3815.7,35
3815.8,29
3816.8,33
3817.1,30
3817.8,24
3818.6,4
3818.6,18
3820.6,34
3821.0,22
3821.6,17
3822.4,21
3823.1,10
3823.2,25
3823.6,2
3823.7,35
3824.2,1
3824.5,8
3826.1,11
3826.6,5
3826.7,39
3826.8,37
3828.1,29
3828.1,32
3828.9,33
3829.8,13
3830.1,22
3830.5,0
3831.3,24
3832.0,6
3833.0,30
3833.1,4
3833.1,9
3833.1,14
3833.1,26
3833.6,34
3833.7,36
3833.9,27
3835.9,29
3836.3,31
3836.7,21
3837.2,23
3837.8,20
3838.0,10
3838.2,28
3838.4,2
3838.5,15
3838.8,5
3839.5,32
3840.0,35
3840.2,33
3843.1,4
3843.6,29
3844.1,22
3844.9,12
3845.1,0
3845.3,16
3845.6,14
3845.6,21
3845.6,39
3846.0,5
3846.3,8
3846.8,13
3847.0,27
3847.2,33
3847.5,18
3848.5,24
3848.7,11
3849.3,1
3850.6,31
3851.5,22
3853.1,30
3854.0,37
3854.1,34
3854.3,32
3855.8,36
3855.9,21
3856.0,5
3856.3,26
3856.5,2
3856.8,10
3856.8,29
3857.9,6
3858.1,4
3858.8,0
3858.9,25
3859.0,28
3859.3,33
3859.5,17
3859.5,23
3859.5,35
3859.7,18
3859.8,14
3859.9,24
3860.3,30
3860.8,22
3862.7,9
3863.5,20
3864.3,8
3864.7,31
3864.7,39
3865.4,29
3866.2,32
3867.9,11
3868.1,21
3868.2,10
3870.1,27
3870.1,35
3870.5,13
3870.8,5
3870.9,14
3872.4,33
3872.8,1
3873.5,22
3874.0,34
3874.1,12
3874.6,37
3874.8,18
3874.9,0
3876.3,4
3876.5,21
3877.9,15
3877.9,29
3878.1,28
3878.2,2
3878.2,6
3878.2,24
3878.9,30
3879.3,14
3879.5,5
3879.6,26
3879.8,32
3881.3,36
3882.3,23
3882.8,33
3882.8,35
3882.9,8
3884.0,11
3884.2,10
3884.2,18
3884.6,19
3884.9,25
3885.0,0
3885.3,29
3885.4,38
3886.6,39
3886.8,21
3886.9,34
3887.2,22
3887.7,13
3887.9,20
3889.4,32
3890.0,37
3890.4,14
3890.9,31
3890.9,33
3894.0,5
3895.1,4
3896.0,30
3896.3,24
3897.1,21
3897.5,1
3897.8,18
3898.7,0
3898.9,10
3899.4,22
3899.5,27
3899.7,26
3899.9,36
3900.3,6
3900.6,17
3901.1,32
3901.7,5
3902.4,9
3902.5,8
3902.5,29
3903.0,35
3904.2,33
3904.6,39
3905.5,21
3906.4,34
3908.0,30
3908.7,22
3908.9,14
3909.2,15
3909.4,31
3910.1,10
3910.2,28
3910.3,24
3910.7,5
3910.8,37
3910.9,13
3912.0,16
3912.5,32
3913.5,2
3914.0,35
3914.8,0
3915.0,4
3915.3,11
3916.6,36
3916.8,21
3917.4,29
3918.9,33
3919.8,10
3920.6,18
3920.9,20
3921.4,8
3922.2,25
3922.7,5
3923.0,22
3923.2,14
3923.9,28
3925.2,1
3925.2,30
3925.6,6
3926.1,17
3926.5,4
3926.5,34
3927.0,27
3927.7,21
3928.5,10
3928.5,29
3928.6,24
3928.9,32
3929.6,31
3930.0,0
3930.3,2
3930.6,33
3933.8,35
3934.3,39
3934.4,13
3934.8,5
3934.8,18
3934.8,22
3935.7,9
3936.3,36
3936.4,37
3937.3,11
3937.5,23
3937.6,14
3938.3,21
3938.9,4
3939.7,8
3941.0,30
3941.2,12
3941.5,16
3941.5,29
3941.7,24
3942.1,32
3942.4,27
3942.5,20
3942.6,33
3944.1,34
3945.3,0
3945.5,5
3945.8,22
3945.9,26
3947.0,10
3947.3,28
3948.0,25
3948.4,3
3948.4,35
3949.4,14
3950.3,6
3951.5,15
3952.5,21
3953.2,2
3953.6,39
3954.1,13
3954.2,4
3954.2,18
3954.3,11
3954.9,32
3955.1,33
3955.2,8
3955.2,31
3955.7,1
3955.7,37
3956.8,17
3956.8,28
3957.1,5
3957.1,22
3957.8,29
3960.5,30
3960.5,36
3961.0,14
3961.1,33
3961.3,10
3963.3,24
3963.3,34
3963.6,27
3965.8,32
3966.3,4
3966.3,16
3966.3,35
3966.6,39
3966.8,0
3966.9,23
3967.1,26
3967.7,21
3968.3,5
3969.6,11
3969.7,13
3970.4,37
3970.8,2
3971.5,29
3971.6,22
3973.2,14
3973.6,10
3973.9,36
3974.4,30
3974.7,6
3974.7,9
3974.7,15
3975.0,25
3975.2,33
3976.6,20
3977.5,8
3977.6,24
3977.8,1
3977.8,17
3978.0,31
3979.2,27
3979.3,18
3979.7,32
3980.4,5
3981.1,12
3982.0,28
3982.7,35
3983.2,22
3983.3,21
3983.4,10
3984.7,34
3985.2,29
3987.1,36
3987.1,37
3987.9,11
3988.1,4
3988.6,7
3988.6,14
3989.5,0
3989.8,39
3990.7,32
3991.1,30
3991.2,24
3992.1,6
3992.4,22
3992.6,21
3993.4,5
3993.9,28
3994.2,13
3994.3,33
3994.8,35
3995.0,18
3995.2,2
3995.9,31
3996.1,1
3998.0,29
3998.7,9
3999.3,10
3999.9,22
4000.9,21
4001.0,14
4001.9,8
4002.1,16
4002.2,15
4002.7,27
4002.9,5
4003.3,17
4003.4,34
4005.1,24
4005.2,20
4005.8,33
4005.9,32
4006.5,29
4006.7,30
4007.4,4
4008.8,37
4011.0,0
4011.4,35
4011.8,13
4012.2,11
4012.5,6
4012.7,10
4012.7,31
4012.8,18
4013.5,32
4013.8,21
4014.1,26
4014.1,36
4014.9,22
4014.9,23
4015.3,2
4015.4,29
4017.1,14
4017.4,34
4018.2,5
4019.1,39
4020.2,33
4020.7,1
4020.7,24
4020.8,28
4023.5,0
4023.5,10
4024.0,8
4024.0,29
4024.0,35
4024.2,22
4024.4,17
4024.4,37
4024.5,21
4024.5,32
4024.6,19
4025.0,20
4025.3,30
4025.8,11
4026.0,27
4026.6,4
4026.8,9
4027.0,25
4027.1,18
4028.6,5
4031.5,33
4032.4,6
4033.2,24
4033.5,14
4033.5,31
4034.2,13
4034.6,29
4034.7,2
4035.6,21
4036.1,1
4036.1,16
4036.4,30
4036.5,22
4037.1,3
4037.5,28
4038.2,15
4038.2,34
4038.4,36
4038.6,37
4038.7,5
4038.8,4
4039.1,10
4039.1,18
4039.1,39
4039.4,0
4040.2,8
4040.3,17
4041.0,35
4041.3,14
4043.5,24
4044.5,32
4044.8,33
4045.0,29
4046.0,27
4046.4,22
4048.3,21
4049.0,5
4049.8,20
4049.8,23
4050.6,18
4051.0,26
4051.6,38
4051.7,13
4052.1,4
4052.2,0
4053.0,11
4053.4,12
4053.6,32
4054.0,30
4054.3,10
4054.7,22
4054.9,34
4055.1,39
4055.4,35
4056.5,2
4056.5,21
4056.8,28
4056.9,33
4057.1,8
4057.7,5
4057.8,24
4057.9,31
4058.0,29
4058.2,1
4059.4,37
4059.8,36
4060.2,14
4060.6,6
4060.9,18
4062.7,17
4063.2,22
4063.6,4
4066.6,0
4066.9,10
4068.1,29
4068.5,32
4068.8,39
4069.2,33
4069.4,14
4069.4,21
4069.6,13
4071.2,5
4071.6,37
4071.9,30
4072.3,35
4073.5,36
4073.9,24
4073.9,11
4073.9,34
4074.4,19
4075.6,15
4076.0,4
4076.3,31
4076.6,22
4078.0,21
4078.7,27
4079.8,0
4079.9,18
4080.2,9
4080.3,8
4080.5,2
4081.2,32
4081.3,11
4081.5,1
4081.8,17
4082.2,29
4083.7,28
4084.1,12
4084.4,14
4084.5,33
4084.5,39
4085.0,5
4085.2,25
4085.2,35
4085.3,10
4085.3,30
4085.5,20
4086.8,22
4088.5,23
4089.6,24
4090.3,6
4090.6,26
4090.8,21
4091.7,4
4091.8,8
4091.8,34
4092.1,15
4092.9,0
4094.0,2
4094.0,5
4094.0,32
4096.1,3
4096.3,37
4096.4,33
4097.9,29
4098.8,38
4099.2,35
4099.3,36
4099.4,10
4099.7,9
4100.0,14
4100.4,18
4101.2,39
4101.6,11
4101.8,22
4101.8,34
4102.1,21
4102.2,13
4102.5,1
4103.3,30
4104.0,5
4105.1,4
4105.2,24
4105.6,17
4106.2,6
4106.5,10
4106.6,0
4106.6,32
4108.2,20
4108.4,15
4108.5,33
4108.8,29
4109.2,27
4109.8,19
4111.2,22
4112.8,30
4113.2,5
4113.2,14
4113.5,35
4114.3,37
4115.0,36
4115.0,8
4115.4,25
4115.8,34
4116.2,2
4116.8,28
4117.0,21
4118.7,29
4118.8,10
4119.6,4
4119.9,31
4120.0,32
4120.6,18
4121.2,12
4121.8,6
4121.8,39
4122.3,0
4122.3,33
4123.0,9
4123.1,1
4123.4,11
4123.4,22
4123.8,14
4123.8,24
4124.0,30
4124.4,21
4124.7,5
4124.8,37
4125.5,13
4126.4,16
4127.1,26
4129.9,32
4131.2,22
4131.4,4
4131.4,29
4132.1,31
4132.7,27
4133.4,35
4133.9,2
4133.9,33
4134.0,10
4134.7,18
4135.3,25
4135.4,39
4135.6,37
4135.7,36
4136.4,14
4137.4,8
4137.6,17
4137.8,13
4137.8,30
4137.9,34
4138.1,20
4138.5,5
4138.7,16
4138.8,6
4140.3,29
4142.3,21
4142.4,0
4142.7,24
4142.9,22
4143.2,10
4145.5,6
4146.0,23
4146.7,32
4147.1,33
4148.0,28
4149.2,26
4149.4,5
4149.8,4
4150.0,11
4150.1,21
4150.5,29
4151.6,14
4152.3,35
4153.1,1
4153.1,17
4153.4,10
4153.4,31
4153.8,22
4153.8,30
4154.1,2
4155.2,18
4155.3,32
4155.3,39
4157.6,36
4157.7,37
4158.4,24
4158.9,15
4159.2,0
4160.2,34
4160.4,27
4160.6,29
4160.6,33
4160.7,6
4161.0,8
4161.0,20
4161.7,13
4162.1,28
4162.8,5
4162.9,21
4163.2,11
4163.2,22
4163.8,14
4164.5,10
4164.5,35
4164.8,4
4164.9,12
4164.9,23
4164.9,30
4165.9,17
4167.0,31
4168.0,18
4168.9,1
4169.1,32
4169.6,24
4170.0,0
4171.3,25
4171.3,33
4173.2,39
4173.4,22
4174.0,21
4174.8,2
4174.9,10
4175.7,36
4175.9,29
4176.5,37
4177.2,35
4177.2,30
4177.5,6
4177.7,14
4177.8,31
4178.6,17
4178.7,5
4182.0,13
4182.2,32
4182.4,28
4182.4,34
4183.2,39
4183.3,0
4184.0,4
4184.2,24
4186.1,9
4186.3,11
4186.6,8
4186.7,21
4186.7,27
4187.2,22
4187.8,26
4188.7,14
4188.7,29
4189.4,35
4190.2,33
4190.5,10
4190.8,17
4190.9,36
4191.7,37
4191.8,32
4192.1,13
4192.3,5
4192.4,30
4192.4,23
4192.4,31
4194.0,18
4194.6,24
4197.3,29
4198.0,0
4198.0,2
4198.1,34
4198.5,6
4198.7,1
4199.4,21
4199.6,38
4200.0,33
4200.1,5
4200.2,25
4201.1,39
4201.5,35
4201.6,14
4201.6,22
4202.1,32
4202.5,4
4202.7,11
4203.0,28
4203.0,36
4207.3,8
4209.9,18
4210.0,12
4210.3,26
4210.6,5
4210.7,15
4210.7,16
4211.1,30
4211.3,4
4211.3,22
4211.5,20
4211.5,23
4211.6,10
4211.8,2
4211.8,27
4212.9,0
4212.9,24
4213.1,21
4213.5,37
4214.5,29
4216.3,33
4216.8,32
4218.1,14
4218.2,34
4218.2,35
4218.4,8
4218.4,19
4218.9,13
4218.9,36
4219.2,39
4219.8,6
4220.5,31
4220.7,11
4221.0,17
4221.3,30
4221.8,28
4222.3,29
4222.7,9
4222.8,21
4224.4,4
4224.8,22
4226.3,5
4226.3,18
4228.6,1
4230.1,0
4230.8,32
4231.1,10
4231.1,23
4231.4,2
4231.4,24
4231.6,13
4231.7,27
4231.7,37
4231.9,33
4232.3,36
4233.5,34
4233.6,22
4233.6,14
4233.6,38
4233.9,35
4234.5,25
4234.8,21
4234.8,30
4234.9,6
4235.8,31
4239.0,8
4239.4,5
4239.5,11
4240.0,4
4240.8,20
4242.1,39
4242.6,32
4242.9,29
4243.0,18
4243.2,14
4243.6,17
4244.1,21
4244.4,22
4244.9,37
4245.8,0
4246.9,10
4248.2,35
4248.3,33
4248.4,24
4248.8,27
4249.4,26
4249.5,34
4249.7,23
4251.1,1
4251.3,36
4251.4,8
4252.2,14
4252.2,28
4252.5,29
4253.0,31
4254.4,15
4254.5,30
4254.9,22
4255.2,13
4256.0,5
4256.1,21
4256.4,16
4256.8,9
4256.8,37
4257.2,32
4257.3,6
4257.3,39
4258.6,18
4260.2,24
4260.4,0
4263.5,4
4263.6,35
4264.4,14
4264.6,33
4265.5,1
4265.6,20
4266.7,10
4267.7,29
4268.3,18
4268.8,32
4269.4,22
4269.4,34
4269.8,0
4269.8,5
4270.5,11
4270.8,27
4271.1,28
4271.1,31
4271.5,21
4272.1,30
4272.8,39
4274.2,24
4275.1,37
4275.1,8
4276.0,6
4276.1,22
4277.2,10
4277.4,36
4277.6,21
4277.8,5
4278.1,14
4278.5,33
4278.6,4
4280.3,0
4281.0,13
4281.0,29
4281.4,35
4282.1,32
4282.6,25
4283.0,17
4283.0,30
4283.3,39
4283.4,2
4284.2,16
4284.9,7
4285.1,1
4286.0,8
4286.4,22
4286.6,24
4287.3,10
4287.7,38
4287.8,5
4287.9,34
4288.0,28
4288.8,33
4289.6,35
4289.8,15
4289.8,18
4289.9,21
4290.6,12
4291.4,19
4292.0,29
4293.5,6
4293.7,4
4294.8,23
4295.0,0
4295.3,14
4295.4,31
4295.8,11
4296.0,32
4296.0,36
4296.7,37
4297.3,22
4297.5,10
4297.6,30
4298.5,21
4300.4,24
4300.8,17
4301.4,25
4301.8,33
4302.5,35
4303.0,34
4303.4,27
4304.3,1
4304.3,5
4304.3,18
4304.3,26
4304.8,13
4305.4,20
4305.6,9
4306.5,22
4306.6,8
4307.0,6
4307.0,21
4307.0,32
4307.5,4
4307.5,10
4307.8,14
4307.9,29
4309.8,36
4311.3,31
4312.1,0
4313.1,34
4313.2,2
4314.1,39
4314.9,5
4315.0,30
4317.4,32
4317.7,18
4317.8,21
4317.9,22
4318.4,14
4318.8,11
4318.9,8
4319.3,24
4319.3,37
4319.7,6
4319.9,10
4320.0,25
4320.1,33
4320.3,29
4320.5,35
4320.7,1
4321.2,17
4321.7,7
4321.8,15
4323.4,0
4323.9,13
4326.1,16
4327.1,32
4327.6,28
4327.6,34
4327.9,31
4328.0,5
4328.1,22
4328.4,30
4328.9,33
4329.0,27
4329.6,4
4330.5,10
4331.5,24
4331.6,12
4332.0,21
4332.6,36
4332.7,2
4332.8,39
4333.1,19
4333.4,23
4333.5,29
4333.7,14
4333.8,9
4334.4,26
4335.2,18
4336.4,22
4337.8,0
4338.4,5
4339.1,35
4339.6,32
4340.1,8
4340.6,20
4340.6,34
4340.6,6
4340.6,30
4340.9,11
4341.0,33
4341.8,14
4342.0,28
4342.5,37
4342.6,13
4343.1,10
4343.7,31
4343.8,16
4343.8,21
4345.0,1
4345.0,22
4345.3,39
4346.4,29
4348.1,18
4349.4,24
4350.8,0
4350.8,3
4350.8,4
4351.0,2
4351.8,31
4352.0,25
4352.4,29
4352.5,17
4352.7,5
4353.1,33
4353.1,35
4353.4,12
4353.7,30
4354.0,9
4354.0,37
4354.2,10
4354.7,14
4355.3,22
4355.9,32
4357.6,34
4359.1,27
4359.2,26
4360.1,36
4360.5,17
4360.5,1
4361.0,21
4361.5,33
4361.8,29
4362.0,5
4362.2,39
4362.9,8
4363.2,28
4364.0,0
4364.4,6
4364.6,11
4364.7,35
4365.0,13
4365.9,10
4366.9,15
4367.0,16
4367.1,22
4367.6,24
4367.9,32
4368.1,30
4368.2,4
4368.6,14
4370.1,37
4370.5,31
4370.8,29
4371.1,18
4372.0,33
4372.1,6
4374.0,34
4374.1,0
4374.6,2
4375.2,39
4375.5,21
4375.9,5
4376.3,24
4376.5,36
4378.2,38
4378.7,8
4378.9,27
4379.0,35
4379.5,4
4379.5,22
4379.6,20
4380.2,28
4382.5,32
4382.6,17
4382.9,30
4383.5,10
4384.7,1
4384.9,29
4385.3,25
4385.6,33
4386.3,5
4387.6,18
4387.9,31
4388.3,19
4389.3,21
4390.0,14
4390.1,11
4390.1,37
4390.5,22
4390.6,0
4393.1,6
4393.6,35
4394.0,9
4394.0,33
4394.6,26
4394.8,29
4395.1,4
4396.7,34
4397.1,24
4398.0,32
4398.0,36
4398.1,39
4398.2,5
4398.4,23
4398.8,10
4398.9,8
4398.9,13
4398.9,15
4398.9,30
4400.1,33
4400.8,2
4401.2,14
4401.2,21
4401.3,29
4401.5,0
4402.0,27
4402.3,1
4402.8,18
4403.9,35
4405.5,37
4405.6,25
4405.7,28
4406.3,22
4406.3,31
4407.8,12
4407.9,20
4408.0,32
4409.3,5
4410.0,10
4410.2,24
4410.7,4
4412.2,17
4412.3,14
4414.1,21
4414.1,36
4414.2,18
4414.7,6
4414.9,15
4414.9,33
4415.8,29
4416.5,0
4416.7,11
4417.1,22
4417.1,34
4417.5,9
4417.6,26
4418.2,30
4418.2,35
4418.4,1
4418.7,2
4418.9,10
4418.9,39
4419.7,31
4419.8,13
4420.3,37
4420.5,23
4421.0,5
4421.3,32
4421.4,25
4421.9,20
4421.9,27
4422.6,4
4423.0,3
4423.5,21
4423.6,22
4424.5,17
4424.7,8
4425.0,24
4425.1,36
4425.5,14
4425.9,12
4426.0,18
4426.6,30
4426.9,29
4428.3,33
4430.4,28
4431.7,0
4432.2,11
4433.0,19
4433.5,6
4433.5,34
4433.6,1
4434.3,10
4434.3,35
4434.4,32
4434.5,26
4434.5,30
4434.8,22
4435.2,21
4435.5,37
4435.9,27
4436.7,18
4437.0,2
4438.0,15
4438.2,5
4439.0,36
4439.1,14
4439.7,29
4440.1,24
4440.3,39
4440.7,33
4441.2,16
4442.2,17
4443.2,8
4443.6,0
4445.4,13
4446.4,22
4446.6,10
4448.9,25
4449.1,21
4449.4,4
4450.4,30
4450.8,32
4450.8,35
4451.2,11
4452.2,34
4452.9,6
4453.4,14
4453.4,33
4453.7,31
4454.4,39
4455.5,29
4455.7,5
4455.7,18
4456.5,28
4456.7,37
4456.8,20
4458.3,30
4458.7,1
4458.7,10
4459.6,13
4459.6,21
4459.8,27
4460.5,22
4461.0,36
4461.3,32
4461.4,24
4463.6,8
4464.9,33
4465.3,26
4465.3,2
4465.6,0
4465.6,18
4466.4,3
4467.1,17
4468.5,23
4468.5,27
4468.5,31
4469.3,5
4469.3,35
4469.7,14
4470.1,29
4470.4,38
4470.9,30
4471.0,22
4472.1,10
4472.3,19
4472.3,21
4472.8,16
4473.1,15
4473.2,39
4473.3,32
4473.9,1
4476.6,6
4477.0,24
4477.1,11
4477.2,33
4478.0,34
4478.5,5
4478.5,9
4479.0,4
4479.0,36
4479.8,30
4480.1,21
4480.2,0
4482.0,23
4482.3,26
4482.8,32
4482.9,2
4484.8,22
4485.5,29
4485.5,35
4486.6,18
4486.9,5
4488.0,31
4488.1,37
4488.3,1
4488.3,39
4488.5,10
4488.7,12
4489.0,33
4489.6,28
4489.7,8
4492.7,4
4492.7,22
4493.1,21
4493.3,32
4494.3,14
4494.3,24
4494.8,27
4495.7,0
4495.8,29
4496.4,23
4496.7,31
4497.2,17
4497.3,28
4499.5,36
4499.6,34
4499.7,10
4499.7,13
4500.3,30
4500.4,6
4500.5,35
4501.4,5
4501.8,33
4501.9,37
4503.7,22
4504.3,18
4505.5,1
4505.6,21
4506.1,11
4506.3,39
4507.4,32
4507.6,7
4507.7,14
4507.9,24
4507.9,29
4508.4,5
4509.0,0
4510.2,4
4510.3,2
4511.4,33
4512.4,35
4514.0,8
4514.1,22
4514.2,16
4514.9,37
4515.1,25
4515.9,3
4516.1,36
4516.2,19
4516.5,10
4516.9,32
4517.1,26
4517.3,29
4518.0,13
4518.3,30
4518.9,18
4519.6,21
4519.7,34
4519.9,0
4520.2,5
4520.4,31
4520.5,6
4520.5,17
4521.1,28
4521.4,27
4522.3,24
4523.0,14
4524.7,15
4525.3,36
4526.5,33
4526.6,22
4526.9,39
4527.8,10
4527.8,18
4528.0,1
4528.8,21
4528.8,35
4528.9,29
4529.1,4
4529.1,30
4529.6,20
4532.0,32
4532.2,5
4533.5,0
4534.2,13
4534.8,8
4534.9,37
4535.1,12
4535.2,27
4535.3,31
4535.4,14
4535.6,23
4537.7,24
4539.1,36
4539.7,6
4540.0,11
4540.5,5
4540.5,35
4540.7,34
4540.8,18
4541.0,4
4541.3,33
4541.8,10
4542.6,15
4542.6,29
4544.3,21
4545.0,22
4545.3,39
4547.2,9
4547.6,30
4548.4,32
4549.0,28
4549.2,0
4549.2,26
4549.3,25
4549.4,14
4549.7,1
4549.9,5
4550.8,38
4550.9,8
4550.9,31
4551.0,33
4551.2,10
4551.9,21
4552.4,2
4552.5,34
4553.4,36
4553.5,22
4554.3,35
4555.2,24
4555.9,18
4556.0,12
4556.1,4
4556.2,13
4558.0,17
4559.1,29
4559.3,32
4560.7,30
4560.8,5
4560.9,14
4561.0,31
4561.2,26
4561.7,22
4562.4,37
4562.8,16
4563.0,10
4564.2,6
4564.4,11
4564.6,21
4565.1,33
4565.4,23
4565.7,0
4565.8,27
4565.9,28
4566.2,17
4566.6,4
4567.4,1
4567.7,8
4567.7,24
4569.1,19
4570.4,18
4570.5,36
4571.3,29
4571.5,22
4571.6,5
4571.7,39
4571.8,6
4572.7,13
4572.7,32
4572.8,35
4573.5,20
4575.2,31
4576.8,3
4576.8,15
4577.7,12
4578.3,14
4578.9,4
4578.9,10
4579.5,24
4580.3,16
4580.3,21
4580.6,5
4580.7,33
4580.8,34
4581.9,26
4582.2,29
4582.2,37
4582.3,30
4582.4,2
4582.4,22
4582.8,27
4584.2,32
4584.4,11
4585.2,1
4585.2,25
4585.5,0
4586.8,18
4587.2,17
4587.4,28
4589.9,29
4590.6,39
4591.0,36
4591.4,8
4591.5,35
4591.8,4
4592.1,5
4592.6,31
4592.9,10
4593.3,21
4593.3,32
4594.2,1
4594.4,22
4594.8,14
4596.3,30
4596.3,34
4596.7,0
4596.7,13
4596.7,23
4596.7,33
4597.4,15
4598.3,24
4599.8,6
4599.8,27
4600.4,29
4602.8,14
4603.0,35
4603.2,37
4603.6,2
4603.7,10
4604.0,21
4604.8,18
4605.1,11
4605.3,22
4605.7,39
4605.9,26
4606.4,32
4606.5,5
4606.8,0
4607.0,28
4608.0,20
4610.9,36
4611.0,4
4611.3,8
4611.8,13
4612.2,33
4613.7,31
4613.8,6
4614.6,22
4614.6,29
4614.7,30
4614.9,35
4615.3,17
4615.7,3
4616.4,5
4616.5,21
4616.7,1
4617.1,32
4617.2,24
4617.7,10
4618.7,15
4618.7,25
4619.8,16
4620.2,0
4620.2,12
4621.9,34
4622.3,18
4622.7,4
4625.2,29
4625.5,33
4626.8,28
4626.8,37
4627.5,14
4627.6,22
4627.6,30
4627.9,38
4628.0,32
4628.2,21
4628.4,35
4630.4,5
4630.7,2
4630.8,31
4631.1,36
4631.5,10
4632.1,11
4632.2,27
4632.3,17
4632.5,8
4633.8,0
4634.1,34
4634.2,4
4634.3,39
4634.9,33
4635.1,24
4637.0,26
4637.0,37
4637.1,13
4637.6,14
4637.6,18
4637.6,21
4637.7,9
4637.8,22
4638.2,6
4639.0,29
4639.3,32
4642.3,35
4642.4,30
4642.6,36
4644.2,5
4645.0,10
4645.5,11
4645.5,23
4645.6,19
4646.2,13
4646.3,31
4646.4,4
4647.0,0
4648.0,1
4649.3,37
4649.4,18
4649.5,8
4649.9,17
4650.1,22
4650.4,14
4650.4,33
4650.6,21
4651.6,2
4651.9,20
4652.8,24
4653.4,5
4654.5,28
4654.6,29
4654.6,32
4654.6,36
4654.9,15
4655.4,35
4655.8,34
4657.6,16
4657.9,26
4658.5,10
4658.5,27
4658.6,30
4659.3,4
4662.1,1
4662.2,21
4662.2,22
4663.2,33
4663.4,39
4663.8,18
4664.2,29
4664.6,24
4665.0,34
4665.0,23
4668.3,5
4668.4,31
4668.5,15
4668.5,17
4669.2,0
4669.2,14
4669.6,2
4669.7,6
4670.2,32
4670.3,37
4670.6,35
4670.9,25
4671.4,21
4671.9,36
4672.3,13
4672.5,10
4672.5,30
4672.5,39
4672.6,22
4673.7,24
4674.3,18
4674.5,29
4675.0,11
4675.4,4
4677.0,27
4677.1,8
4677.1,28
4678.2,5
4678.9,33
4679.8,14
4681.5,9
4682.7,10
4683.3,35
4684.8,1
4684.8,22
4685.0,34
4685.1,29
4685.5,17
4685.9,32
4686.3,15
4686.3,21
4686.5,37
4687.2,0
4688.2,6
4689.7,4
4690.5,39
4690.6,23
4690.6,30
4690.9,14
4691.4,20
4692.4,11
4692.4,5
4692.6,33
4693.0,31
4693.1,27
4693.9,36
4694.0,24
4694.0,29
4695.9,19
4697.9,21
4698.5,13
4698.7,22
4698.9,33
4698.9,26
4699.1,2
4699.9,34
4701.2,32
4701.9,10
4702.6,18
4703.1,0
4703.1,5
4703.6,37
4703.7,6
4704.6,14
4704.6,35
4705.7,1
4706.1,16
4706.2,29
4706.3,4
4706.3,17
4706.7,8
4706.7,39
4706.9,15
4707.1,22
4707.5,26
4708.0,18
4708.3,25
4708.5,36
4709.5,21
4709.8,30
4710.5,27
4712.2,24
4712.4,33
4715.5,10
4715.8,28
4716.4,0
4716.7,5
4717.1,11
4718.1,14
4718.2,22
4718.3,35
4718.5,21
4718.9,32
4719.7,9
4720.5,12
4720.6,26
4720.7,31
4721.4,29
4721.7,13
4721.7,20
4721.9,24
4722.2,17
4723.1,4
4723.1,8
4724.7,15
4724.8,33
4725.1,22
4725.6,36
4726.3,34
4727.5,5
4727.7,30
4728.5,18
4728.5,39
4729.0,37
4729.2,2
4729.3,6
4729.3,21
4731.3,10
4731.5,1
4732.2,32
4732.3,0
4732.5,29
4733.5,35
4734.9,4
4735.5,14
4735.7,22
4735.9,17
4737.3,31
4737.5,5
4737.5,8
4738.3,33
4738.5,28
4738.9,21
4739.2,16
4739.2,27
4739.3,34
4739.5,37
4739.7,24
4740.0,25
4740.2,11
4740.2,13
4745.0,29
4745.1,26
4745.4,36
4746.4,39
4746.5,23
4746.8,5
4747.3,35
4747.3,20
4747.3,33
4747.7,1
4747.9,14
4748.3,0
4748.5,6
4748.6,10
4748.6,24
4748.6,32
4748.8,38
4749.0,9
4750.4,4
4750.9,22
4751.3,18
4752.7,30
4754.3,31
4754.5,2
4754.5,27
4754.6,13
4754.9,17
4755.7,8
4756.7,28
4757.4,39
4757.5,29
4758.4,0
4758.5,21
4758.6,35
4758.7,32
4758.8,24
4759.2,3
4759.5,36
4759.7,22
4760.1,34
4760.5,16
4761.0,10
4761.7,33
4762.6,5
4762.6,15
4763.9,30
4767.0,18
4767.7,14
4768.3,37
4769.3,4
4770.3,36
4770.5,0
4770.9,8
4770.9,31
4771.0,33
4771.1,25
4771.2,2
4771.3,32
4772.3,22
4772.3,29
4772.5,10
4773.2,35
4774.4,13
4774.4,39
4774.8,6
4775.1,5
4775.7,30
4776.1,27
4776.2,24
4776.5,1
4776.5,11
4776.6,21
4780.3,29
4780.7,26
4781.5,28
4782.9,34
4783.3,14
4783.4,18
4783.5,9
4783.9,32
4784.1,37
4785.1,17
4785.2,21
4785.3,19
4785.4,22
4786.2,10
4787.2,4
4788.2,0
4788.2,1
4789.0,24
4789.8,20
4789.8,31
4790.2,29
4790.3,33
4791.5,8
4792.8,37
4793.1,5
4793.7,30
4794.8,22
4794.9,27
4795.5,35
4795.8,16
4796.1,14
4796.4,34
4796.6,36
4796.9,23
4797.6,25
4798.0,15
4798.3,32
4798.4,21
4799.3,11
4799.8,4
4800.0,10
4800.2,6
4800.2,33
4801.0,13
4801.3,26
4801.5,8
4802.2,0
4803.3,31
4804.4,30
4805.2,39
4805.5,24
4805.6,29
4805.8,17
4806.5,12
4806.6,18
4807.1,14
4807.2,2
4807.4,5
4807.6,22
4807.9,32
4808.2,28
4809.8,21
4811.2,20
4811.3,1
4811.6,33
4812.3,11
4812.6,3
4812.6,34
4812.7,36
4812.9,27
4813.4,6
4813.5,35
4813.7,37
4814.5,10
4814.5,19
4815.9,8
4815.9,39
4817.2,24
4817.3,32
4819.1,13
4820.5,30
4820.6,4
4820.7,0
4820.7,5
4821.2,29
4821.5,22
4822.0,26
4822.9,2
4824.5,1
4824.7,36
4824.9,18
4825.1,35
4825.2,21
4825.9,31
4826.5,14
4827.6,34
4828.7,17
4829.1,33
4829.3,32
4829.6,28
4829.9,9
4829.9,22
4830.2,25
4831.4,10
4831.7,29
4831.8,0
4831.8,39
4831.9,5
4831.9,11
4832.4,37
4832.7,6
4834.5,24
4835.7,20
4836.4,35
4837.1,21
4837.2,8
4837.6,13
4839.0,4
4839.3,12
4839.7,30
4839.9,18
4839.9,29
4840.0,5
4840.0,10
4840.0,14
4840.0,32
4840.9,36
4841.7,22
4842.7,34
4843.1,33
4843.4,26
4843.5,15
4843.6,0
4844.8,2
4844.9,31
4845.4,39
4846.3,6
4846.9,24
4846.9,29
4849.7,17
4849.7,21
4849.8,27
4850.2,22
4850.5,23
4851.3,37
4851.7,5
4851.7,20
4851.8,35
4852.3,30
4852.4,1
4853.6,19
4854.3,14
4855.5,11
4856.4,39
4856.5,13
4856.7,18
4857.0,16
4857.3,25
4857.5,32
4857.7,33
4858.0,10
4858.3,26
4858.3,31
4858.6,8
4858.6,29
4858.6,22
4858.6,28
4859.0,21
4859.1,4
4859.5,0
4859.9,9
4860.0,24
4860.0,35
4862.0,5
4864.7,14
4865.2,36
4865.4,2
4866.5,22
4866.8,6
4867.1,30
4868.0,34
4868.3,37
4868.4,27
4868.5,1
4868.5,32
4868.6,39
4868.8,35
4870.2,33
4871.2,8
4872.0,31
4872.3,5
4873.0,29
4873.5,25
4874.9,14
4874.9,21
4875.4,11
4875.7,10
4875.7,17
4876.0,19
4876.4,0
4876.7,24
4876.9,4
4877.0,16
4877.9,22
4879.9,32
4880.2,28
4881.6,35
4882.3,20
4883.5,37
4883.6,18
4883.9,13
4883.9,34
4884.2,29
4884.2,33
4884.5,21
4884.7,26
4885.0,1
4885.2,22
4885.4,23
4885.7,39
4887.2,0
4887.3,5
4887.4,27
4887.5,31
4888.4,6
4890.2,30
4890.5,24
4890.6,14
4890.8,15
4891.1,36
4891.4,4
4891.8,8
4893.0,12
4893.2,32
4893.4,11
4893.5,10
4895.0,38
4895.6,35
4895.7,29
4896.1,33
4896.7,22
4897.2,2
4897.3,17
4897.9,5
4898.6,1
4898.8,25
4899.4,23
4899.4,28
4900.1,34
4900.3,18
4900.3,21
4900.5,13
4900.8,26
4901.6,16
4901.6,39
4902.0,14
4902.6,24
4902.7,30
4904.2,10
4904.3,0
4904.3,31
4905.7,37
4905.9,19
4906.1,35
4906.6,4
4907.4,8
4907.4,36
4907.7,6
4907.7,32
4907.8,29
4908.2,9
4908.3,33
4910.2,5
4910.7,18
4910.7,21
4910.7,34
4911.3,22
4911.6,11
4911.7,27
4913.4,3
4914.4,20
4915.3,29
4915.7,0
4915.7,10
4917.0,30
4917.2,39
4919.5,32
4919.6,14
4919.7,36
4920.1,21
4920.1,24
4920.3,37
4921.3,22
4921.4,17
4921.5,35
4922.2,8
4922.5,5
4923.0,13
4924.1,33
4925.0,2
4926.6,28
4926.7,4
4927.5,30
4929.0,34
4929.2,6
4929.3,17
4929.4,31
4929.6,18
4930.0,29
4930.2,32
4931.1,0
4932.2,11
4932.6,21
4933.3,1
4933.4,22
4933.6,10
4933.8,35
4934.3,33
4935.0,24
4935.2,5
4935.2,27
4935.5,14
4935.5,39
4935.8,37
4935.9,25
4937.1,32
4937.2,8
4940.6,23
4941.8,36
4942.3,21
4943.5,29
4943.6,31
4944.0,30
4944.1,22
4944.6,7
4944.6,14
4944.6,18
4945.4,0
4945.4,4
4945.8,27
4946.0,32
4946.4,5
4947.8,35
4948.0,10
4949.1,28
4950.4,15
4951.1,39
4951.2,37
4951.3,21
4952.6,33
4953.0,24
4953.7,34
4954.3,29
4955.8,10
4955.9,26
4956.0,13
4956.1,1
4956.5,18
4956.8,2
4956.8,35
4957.3,14
4957.4,22
4957.4,36
4957.6,32
4959.7,25
4959.8,5
4960.1,0
4960.5,20
4961.5,6
4962.1,4
4962.1,24
4962.8,8
4963.1,11
4963.3,37
4963.9,33
4964.3,21
4965.6,27
4966.1,31
4966.5,39
4967.3,17
4967.7,5
4968.3,30
4969.0,34
4970.6,10
4971.0,22
4971.6,9
4972.2,29
4972.2,32
4972.9,12
4972.9,16
4973.1,1
4973.1,2
4973.1,28
4973.6,35
4973.7,21
4973.7,36
4974.4,33
4974.7,18
4974.8,15
4977.0,24
4977.8,14
4978.5,5
4979.3,3
4979.5,20
4979.6,13
4979.7,4
4979.8,22
4980.0,19
4980.2,31
4980.3,37
4980.5,8
4981.0,0
4981.1,26
4982.2,11
4982.2,30
4983.1,39
4985.7,36
4986.0,35
4986.1,10
4986.8,32
4986.9,21
4987.6,33
4987.7,6
4987.8,2
4988.2,29
4988.5,18
4988.5,25
4988.7,23
4989.7,34
4990.0,22
4990.4,24
4993.3,37
4993.8,30
4995.5,17
4995.6,0
4995.6,31
4995.7,14
4995.9,35
4997.7,33
4998.3,5
4998.8,21
4999.1,13
4999.2,18
4999.8,16
5000.2,4
5000.6,15
5000.7,39
5001.0,11
5001.1,22
5001.1,26
5001.7,10
5001.8,1
5001.8,24
5002.4,32
5002.8,29
5003.0,36
5004.9,8
5005.6,28
5006.3,31
5006.4,23
5007.2,33
5008.4,6
5009.1,30
5009.5,21
5009.9,19
5010.0,0
5010.4,22
5011.6,14
5012.5,37
5012.7,35
5013.8,5
5014.2,34
5014.3,33
5015.1,18
5015.8,29
5016.5,32
5016.6,10
5017.1,9
5018.5,11
5019.0,13
5019.5,24
5019.8,22
5019.8,36
5019.9,21
5020.5,27
5020.8,35
5021.3,34
5021.4,16
5021.7,30
5021.7,26
5022.4,2
5022.7,17
5022.9,39
5023.0,31
5023.9,1
5024.7,0
5024.7,5
5025.1,8
5025.3,29
5025.7,18
5025.9,14
5026.6,37
5027.1,20
5027.1,21
5027.2,23
5027.4,32
5027.5,33
5027.6,25
5027.7,28
5028.1,4
5028.5,15
5032.5,24
5032.6,22
5032.8,12
5033.0,10
5033.1,35
5033.9,6
5035.0,29
5035.0,30
5035.4,32
5036.0,36
5036.1,26
5036.2,14
5036.7,11
5038.1,4
5038.2,5
5038.2,34
5039.9,39
5040.2,31
5040.2,33
5040.7,0
5041.1,13
5041.8,18
5042.1,9
5042.7,17
5043.0,37
5043.9,25
5044.8,8
5044.8,10
5044.9,27
5045.2,22
5045.6,36
5045.8,21
5046.1,30
5046.1,35
5046.3,1
5048.6,5
5049.4,16
5049.5,29
5050.3,33
5051.7,14
5051.9,39
5052.1,32
5053.0,18
5053.6,0
5054.0,24
5055.2,35
5055.5,11
5055.5,15
5056.2,2
5056.4,6
5057.5,22
5058.0,4
5058.2,34
5058.9,10
5059.4,21
5060.0,36
5060.4,20
5060.7,5
5061.0,17
5061.0,37
5062.5,33
5063.2,29
5064.2,28
5064.7,31
5064.7,32
5065.9,14
5068.1,0
5068.6,22
5069.0,8
5069.1,35
5069.2,1
5069.9,4
5070.1,30
5070.3,13
5070.6,15
5070.6,29
5070.7,18
5070.9,23
5071.0,21
5071.1,25
5071.2,26
5074.4,36
5074.6,32
5074.7,27
5075.0,5
5075.2,39
5075.4,14
5076.8,10
5077.7,19
5078.1,33
5078.1,24
5078.3,35
5078.6,22
5078.8,28
5079.4,34
5079.9,21
5081.0,6
5081.0,31
5081.6,16
5081.7,11
5083.4,4
5083.5,1
5083.7,29
5083.7,37
5084.1,5
5084.1,18
5087.4,13
5087.4,22
5088.0,0
5088.9,10
5089.0,12
5089.1,17
5089.1,33
5089.1,30
5089.5,2
5090.0,25
5090.6,24
5090.6,35
5092.7,32
5093.2,8
5093.5,20
5093.7,21
5093.8,14
5094.3,26
5094.5,37
5094.7,39
5094.9,15
5095.3,18
5095.3,36
5095.4,29
5095.8,9
5096.4,34
5096.6,0
5096.7,5
5097.2,11
5097.9,4
5098.8,22
5098.9,27
5101.2,31
5101.6,35
5102.3,32
5103.2,33
5104.6,24
5105.2,10
5105.3,13
5105.9,1
5106.0,5
5106.0,21
5107.0,36
5107.3,2
5107.3,30
5107.7,23
5107.8,14
5108.8,29
5109.4,34
5109.5,11
5109.5,28
5109.9,37
5110.1,6
5111.0,39
5111.1,17
5111.2,22
5111.9,8
5112.9,24
5113.4,4
5113.5,18
5113.7,32
5115.0,33
5115.5,25
5116.0,26
5116.2,27
5116.2,16
5116.5,21
5116.5,30
5117.3,5
5117.4,0
5117.5,10
5117.5,13
5117.7,29
5117.7,31
5121.5,35
5122.3,22
5123.2,32
5123.6,37
5124.8,24
5125.0,14
5125.5,9
5126.0,4
5126.0,34
5126.1,36
5126.5,15
5126.7,29
5127.8,30
5129.2,1
5129.2,21
5129.4,2
5129.8,18
5130.7,33
5130.9,5
5130.9,13
5131.3,10
5131.6,8
5131.8,35
5132.0,12
5133.1,0
5133.3,17
5133.7,6
5136.4,30
5136.7,11
5136.7,20
5136.7,37
5137.0,32
5137.9,31
5138.3,21
5138.4,22
5139.1,24
5139.3,13
5139.4,28
5139.4,29
5140.6,14
5140.6,39
5140.8,26
5142.7,34
5143.0,4
5143.6,10
5143.9,18
5145.0,33
5145.4,5
5146.4,32
5146.7,1
5147.6,35
5147.9,25
5148.8,0
5148.8,22
5149.2,6
5149.2,30
5149.5,29
5150.0,27
5151.8,21
5152.1,24
5153.3,37
5153.9,36
5154.3,4
5155.2,10
5156.1,38
5156.8,8
5157.3,6
5157.9,11
5158.0,22
5158.1,34
5158.2,14
5158.2,19
5158.6,9
5158.7,28
5158.9,13
5159.6,33
5159.9,18
5160.2,15
5160.8,5
5161.0,32
5161.3,26
5161.5,23
5162.2,17
5163.7,21
5163.8,30
5164.5,31
5164.7,2
5164.7,29
5165.2,39
5165.8,0
5166.0,16
5166.2,3
5166.5,24
5168.3,1
5168.4,4
5169.0,37
5169.5,20
5169.8,10
5169.9,35
5170.9,14
5170.9,22
5171.1,32
5171.4,5
5174.3,33
5174.5,18
5174.5,29
5174.8,0
5176.0,36
5176.2,16
5176.9,13
5177.1,12
5177.3,25
5177.4,30
5177.4,31
5177.5,26
5177.8,21
5179.0,24
5179.2,34
5179.3,4
5179.3,27
5180.5,14
5180.9,22
5181.2,6
5182.2,9
5182.2,10
5182.3,5
5183.9,32
5184.6,33
5184.7,36
5184.8,39
5185.0,35
5185.1,21
5185.4,28
5186.0,8
5187.2,0
5189.3,23
5189.6,22
5189.6,37
5190.0,17
5190.3,29
5192.9,18
5193.2,11
5195.3,1
5195.4,30
5196.0,5
5196.0,6
5196.1,31
5196.1,32
5197.0,21
5197.0,27
5197.0,36
5197.3,8
5197.3,39
5197.7,4
5197.8,33
5198.1,35
5198.2,15
5198.3,25
5198.7,22
5199.5,10
5200.2,19
5200.3,24
5201.4,13
5201.9,14
5203.1,26
5204.2,29
5205.1,18
5205.3,0
5205.8,20
5206.1,2
5206.8,17
5206.8,37
5207.0,5
5207.5,27
5207.7,28
5207.7,35
5207.9,22
5208.0,16
5208.2,30
5208.3,4
5208.3,11
5208.5,32
5208.6,33
5209.0,34
5209.4,13
5209.7,21
5215.3,29
5215.6,10
5215.6,24
5216.1,31
5216.5,0
5216.7,8
5216.8,1
5217.4,34
5217.6,39
5218.1,36
5219.7,32
5221.2,30
5221.6,14
5222.6,22
5222.9,4
5222.9,6
5223.3,33
5224.2,25
5224.6,35
5224.6,39
5224.7,18
5224.8,21
5225.1,37
5225.2,5
5225.4,17
5225.4,27
5226.3,24
5227.0,10
5227.2,36
5227.4,29
5227.6,2
5227.8,13
5228.3,9
5228.4,0
5228.7,26
5231.3,15
5232.2,12
5233.7,11
5233.7,17
5234.0,31
5234.0,32
5234.1,34
5235.3,5
5235.4,21
5235.5,28
5236.2,22
5238.8,37
5239.8,10
5240.0,0
5240.2,14
5240.3,35
5240.9,1
5241.2,6
5241.4,23
5241.5,33
5241.7,13
5241.8,4
5241.8,25
5241.8,36
5242.1,18
5242.3,29
5243.0,19
5244.1,8
5244.3,21
5245.3,24
5245.3,34
5245.4,39
5245.7,30
5246.1,32
5246.8,10
5249.5,35
5250.2,33
5250.4,11
5250.6,5
5251.0,28
5251.2,29
5252.7,31
5253.3,2
5253.4,0
5253.7,22
5254.5,27
5254.9,15
5254.9,21
5255.5,24
5255.7,1
5256.5,10
5257.0,37
5257.7,20
5258.0,36
5258.1,14
5259.1,26
5259.1,32
5259.2,4
5259.3,8
5259.5,35
5259.5,5
5259.8,9
5260.8,39
5261.3,18
5261.3,34
5262.6,11
5262.7,33
5263.1,30
5263.7,25
5264.8,17
5265.1,21
5265.6,6
5265.6,0
5266.5,13
5267.6,36
5268.1,22
5268.4,15
5268.5,29
5269.8,12
5270.3,24
5270.7,33
5270.8,31
5270.8,32
5271.7,14
5274.5,35
5275.1,10
5276.0,0
5276.2,19
5276.6,26
5277.6,5
5277.8,28
5278.1,22
5278.9,14
5278.9,21
5278.9,30
5279.8,2
5280.6,32
5280.6,33
5280.8,8
5281.5,34
5281.8,37
5282.0,29
5282.1,1
5282.1,27
5282.4,24
5283.1,13
5283.6,23
5284.1,6
5284.5,4
5284.5,5
5285.8,18
5286.3,21
5287.9,22
5288.2,35
5288.6,10
5289.0,39
5289.7,31
5290.2,9
5290.5,36
5290.7,0
5290.8,17
5292.3,33
5292.9,11
5294.2,32
5295.5,26
5296.0,16
5296.1,18
5296.5,29
5296.6,24
5297.6,14
5297.6,30
5298.0,5
5298.1,34
5298.6,20
5299.3,15
5299.7,39
5300.0,21
5300.4,22
5300.5,6
5300.9,0
5300.9,25
5301.2,2
5301.4,37
5301.8,4
5302.9,33
5303.3,23
5303.7,13
5304.0,35
5304.2,28
5305.0,36
5305.2,5
5306.2,27
5306.9,32
5307.0,10
5307.3,8
5307.4,1
5307.7,19
5307.8,29
5308.3,24
5309.2,14
5310.7,18
5312.2,21
5312.2,22
5312.6,20
5312.8,31
5313.6,6
5313.6,30
5314.3,12
5314.4,34
5314.4,39
5314.7,38
5315.3,11
5315.7,10
5315.9,4
5316.5,0
5318.4,24
5318.5,13
5318.6,21
5318.9,8
5319.1,35
5319.3,2
5319.7,27
5320.1,5
5320.2,29
5320.2,33
5320.3,22
5321.0,37
5321.2,17
5321.5,32
5321.7,16
5322.2,18
5323.3,28
5325.2,6
5325.4,14
5328.4,25
5329.4,21
5329.6,4
5329.6,9
5329.6,36
5329.9,26
5329.9,39
5329.9,10
5329.9,30
5329.9,31
5329.9,33
5330.1,19
5330.2,5
5330.3,29
5330.7,1
5331.5,24
5331.7,22
5331.8,0
5332.7,18
5336.1,16
5336.7,32
5337.1,11
5337.9,34
5338.6,35
5338.9,13
5339.0,10
5339.1,5
5339.5,29
5339.9,23
5339.9,33
5340.6,14
5340.6,21
5340.6,27
5342.1,17
5342.4,2
5342.9,22
5343.6,37
5343.7,30
5344.2,0
5346.2,24
5346.3,6
5346.3,31
5347.4,5
5348.1,32
5348.2,36
5348.3,8
5348.3,4
5348.6,15
5348.7,18
5349.1,29
5350.1,34
5351.5,39
5352.1,14
5352.1,37
5354.2,35
5355.0,3
5355.2,22
5355.8,26
5356.0,10
5356.5,32
5356.6,21
5356.9,2
5357.1,0
5357.1,12
5357.2,36
5357.3,33
5357.8,27
5358.3,18
5358.3,28
5358.8,13
5358.9,31
5359.0,5
5359.2,30
5361.5,8
5362.0,29
5362.3,14
5363.7,1
5364.4,17
5364.5,24
5365.0,36
5365.2,35
5365.3,4
5365.5,22
5365.6,34
5366.2,37
5366.4,33
5366.9,39
5367.5,6
5367.5,16
5367.6,13
5368.7,32
5369.7,25
5370.2,0
5370.3,5
5370.4,10
5370.7,18
5372.7,21
5373.7,28
5374.0,11
5374.2,19
5374.6,22
5375.0,23
5375.5,29
5375.5,39
5376.1,30
5376.2,14
5376.3,2
5378.0,31
5378.2,4
5378.3,5
5379.0,0
5379.3,27
5380.2,33
5380.5,20
5382.5,24
5382.5,32
5382.6,8
5383.3,30
5383.9,6
5384.1,36
5384.5,29
5384.7,22
5384.9,14
5385.1,10
5385.5,26
5385.6,35
5386.2,11
5386.3,34
5386.7,21
5387.1,1
5387.1,9
5388.8,37
5389.1,17
5389.1,18
5389.3,2
5389.4,5
5389.7,0
5389.7,13
5390.8,15
5392.8,16
5392.9,24
5393.8,25
5394.2,32
5394.9,22
5395.0,4
5395.3,21
5395.8,29
5396.1,33
5399.7,10
5401.0,30
5401.6,31
5401.6,14
5402.3,18
5402.3,28
5402.7,39
5403.5,36
5403.6,24
5403.7,22
5403.7,34
5404.0,13
5404.1,11
5404.2,35
5404.9,8
5405.1,2
5405.4,5
5405.8,37
5405.9,21
5406.8,27
5406.9,32
5407.0,0
5408.3,6
5409.5,4
5409.6,26
5410.1,29
5410.6,17
5411.7,22
5412.3,5
5412.3,33
5412.5,15
5413.8,10
5415.0,14
5415.7,3
5416.5,37
5419.5,36
5419.7,18
5420.9,21
5421.0,30
5421.1,29
5421.2,1
5421.3,31
5421.5,39
5422.0,0
5422.3,5
5422.3,32
5422.6,20
5422.9,33
5423.6,4
5424.1,22
5424.5,8
5424.5,35
5424.8,10
5426.6,24
5427.0,11
5427.5,12
5429.3,17
5429.6,13
5429.9,34
5430.5,4
5430.5,36
5430.7,14
5432.3,16
5432.4,24
5432.5,7
5432.5,39
5432.7,29
5432.9,18
5433.0,5
5433.0,21
5433.7,6
5434.0,22
5434.0,28
5434.4,37
5434.7,2
5434.8,27
5435.7,35
5436.7,30
5436.9,26
5437.2,33
5437.8,32
5438.1,10
5438.6,25
5439.2,1
5440.5,11
5440.9,15
5440.9,19
5441.4,0
5443.5,4
5443.5,5
5443.6,14
5443.6,21
5444.5,31
5444.8,29
5445.0,39
5445.2,32
5448.3,22
5448.3,24
5448.9,13
5449.6,30
5449.8,18
5451.0,36
5452.1,10
5452.6,5
5452.8,2
5452.8,33
5453.1,37
5453.7,21
5453.8,35
5454.0,1
5454.2,9
5454.2,34
5454.3,0
5454.3,3
5454.3,28
5454.4,16
5454.4,23
5454.4,32
5454.5,6
5454.5,8
5454.5,14
5455.5,26
5456.0,29
5457.7,27
5457.7,39
5458.6,22
5458.7,24
5459.7,4
5459.8,31
5460.9,17
5461.9,38
5462.8,25
5462.9,30
5464.1,11
5464.7,21
5465.2,5
5465.6,14
5465.6,29
5465.6,35
5466.3,32
5466.4,10
5467.3,18
5468.3,33
5468.8,15
5468.9,0
5469.0,13
5469.3,22
5470.0,37
5470.2,36
5470.7,3
5471.6,6
5472.3,11
5472.3,17
5473.5,34
5473.8,29
5474.8,5
5475.8,30
5477.3,10
5477.3,12
5477.4,32
5477.8,31
5478.3,35
5478.5,23
5478.5,36
5478.6,21
5478.9,24
5479.2,0
5479.5,22
5480.8,9
5480.8,14
5482.1,2
5482.5,1
5482.9,33
5483.1,18
5483.4,8
5483.4,39
5483.9,25
5484.1,4
5484.8,20
5485.1,29
5485.3,27
5486.6,5
5487.0,34
5488.9,21
5489.3,22
5489.5,30
5490.4,24
5491.1,36
5491.2,37
5491.8,0
5492.7,33
5494.2,6
5494.2,35
5494.3,32
5495.0,1
5495.0,15
5495.2,13
5495.2,29
5495.3,14
5495.5,5
5495.7,39
5495.8,31
5496.1,10
5499.8,28
5501.5,22
5501.9,16
5501.9,17
5502.1,18
5502.4,37
5502.7,23
5503.9,34
5504.1,10
5504.3,21
5504.3,24
5504.9,5
5505.1,8
5505.2,0
5505.5,13
5505.8,30
5506.6,4
5506.8,14
5507.3,29
5508.0,6
5508.0,26
5508.3,32
5509.5,22
5510.0,24
5510.1,33
5510.7,19
5511.4,2
5511.4,31
5511.9,35
5516.9,0
5517.0,18
5517.1,29
5517.6,10
5517.7,37
5518.0,5
5518.0,14
5518.2,30
5518.3,27
5518.4,11
5518.7,8
5518.7,25
5518.8,36
5518.9,21
5519.1,39
5519.3,26
5520.0,12
5520.5,22
5520.8,34
5521.5,32
5522.1,17
5522.2,28
5523.2,33
5523.6,31
5526.0,29
5526.4,13
5526.8,16
5527.2,22
5527.4,4
5527.6,18
5527.8,35
5528.0,1
5528.5,6
5529.2,14
5529.3,30
5529.6,9
5529.9,24
5529.9,37
5530.0,2
5530.3,20
5530.5,21
5530.8,39
5533.9,15
5535.0,5
5535.9,32
5536.5,36
5536.9,34
5537.1,0
5537.3,33
5537.7,21
5537.8,22
5538.5,3
5538.7,8
5538.7,10
5538.7,29
5539.8,4
5542.0,17
5542.6,6
5542.7,26
5543.0,30
5543.0,27
5543.2,31
5543.3,14
5543.3,11
5543.3,19
5544.0,16
5544.2,35
5544.4,0
5545.3,32
5545.7,5
5545.7,13
5546.0,37
5546.5,1
5549.5,24
5549.8,33
5550.1,18
5550.1,23
5550.2,22
5551.0,4
5551.0,21
5551.0,39
5551.5,14
5551.6,8
5553.6,29
5557.6,32
5557.9,30
5558.4,2
5558.5,10
5558.5,12
5558.5,34
5558.7,35
5559.0,36
5559.3,28
5559.5,33
5559.6,5
5559.6,21
5560.4,11
5561.0,0
5561.0,24
5561.3,6
5561.3,37
5562.2,31
5562.3,9
5563.5,22
5563.8,25
5565.1,29
5565.4,14
5565.5,13
5567.1,8
5567.4,4
5569.2,21
5569.9,19
5570.1,5
5570.1,27
5570.2,18
5570.8,38
5571.1,10
5571.1,30
5572.0,33
5572.9,0
5572.9,36
5573.3,32
5573.3,37
5574.3,29
5574.4,34
5576.0,22
5576.0,35
5576.8,17
5576.9,6
5576.9,24
5577.6,14
5577.7,39
5578.0,1
5578.1,11
5578.3,15
5579.6,31
5581.8,8
5581.8,26
5582.2,30
5582.5,5
5582.9,33
5583.4,29
5583.5,10
5583.9,22
5584.0,21
5584.1,2
5584.7,32
5585.1,36
5585.7,28
5587.3,4
5589.1,13
5591.3,25
5591.4,14
5591.7,0
5591.8,31
5592.1,27
5592.9,37
5593.2,35
5594.5,11
5594.5,30
5594.5,33
5595.1,1
5595.7,18
5596.0,24
5596.1,20
5597.0,21
5597.1,32
5597.4,39
5597.5,5
5597.5,22
5597.8,10
5597.9,29
5600.9,6
5601.0,4
5602.2,34
5603.0,23
5603.1,17
5603.1,36
5604.7,22
5605.0,25
5605.1,35
5605.3,21
5605.4,32
5606.1,8
5606.4,13
5606.9,31
5607.3,14
5607.5,2
5608.1,10
5608.4,0
5609.4,5
5609.4,24
5610.1,37
5611.1,29
5611.5,19
5612.0,15
5612.3,33
5612.6,1
5612.6,18
5613.0,4
5613.0,27
5613.7,30
5614.0,12
5615.0,16
5615.6,21
5616.5,39
5618.9,17
5619.1,6
5619.8,34
5620.2,35
5621.1,36
5621.2,10
5621.7,29
5621.8,26
5621.9,3
5621.9,5
5622.0,13
5622.1,22
5622.2,8
5622.3,9
5622.7,14
5623.2,0
5624.1,32
5626.5,18
5626.5,33
5626.8,2
5626.9,4
5627.2,24
5627.9,37
5628.4,20
5629.9,21
5629.9,22
5631.0,31
5631.4,36
5631.6,28
5632.2,25
5632.5,35
5632.9,11
5633.0,10
5634.3,0
5634.3,8
5634.4,34
5635.2,32
5635.4,29
5635.6,17
5636.0,24
5636.6,6
5637.0,14
5637.3,5
5637.3,39
5638.1,22
5638.5,21
5638.8,4
5638.9,1
5639.0,33
5639.2,13
5639.4,23
5640.0,15
5640.3,30
5640.7,16
5642.0,10
5642.1,29
5643.4,8
5644.1,27
5644.8,31
5645.4,2
5645.4,21
5646.3,37
5648.4,22
5648.4,33
5648.8,26
5649.3,18
5649.6,34
5649.7,13
5649.8,6
5649.8,32
5650.1,24
5650.3,36
5651.8,5
5651.8,14
5652.0,35
5652.1,0
5653.4,29
5653.8,30
5654.8,11
5655.0,39
5656.0,9
5656.6,8
5656.8,21
5656.8,28
5657.1,10
5658.2,4
5658.3,31
5658.6,32
5658.9,22
5659.1,15
5659.7,20
5659.8,33
5662.8,29
5663.5,36
5664.8,5
5664.9,0
5664.9,34
5665.5,25
5665.9,1
5666.0,14
5666.7,17
5667.0,13
5667.2,35
5667.3,24
5667.4,37
5667.5,21
5668.6,10
5668.8,30
5668.9,27
5669.2,32
5669.8,18
5670.3,33
5670.8,26
5671.3,16
5671.4,39
5672.1,22
5672.9,4
5672.9,19
5674.1,12
5675.8,0
5676.3,8
5676.5,6
5676.9,2
5677.5,21
5677.9,31
5678.1,5
5678.1,36
5678.6,29
5678.9,3
5679.7,35
5680.9,14
5681.5,17
5682.4,32
5682.7,39
5683.1,33
5683.6,22
5684.3,18
5684.5,34
5685.1,30
5685.2,11
5685.5,10
5686.1,4
5686.2,13
5686.2,24
5686.2,28
5686.6,27
5686.7,15
5687.0,1
5687.6,23
5687.8,37
5688.0,21
5688.2,0
5688.6,5
5689.2,29
5689.4,6
5689.4,8
5689.9,25
5690.5,9
5691.5,26
5691.5,32
5692.9,16
5693.1,35
5693.8,22
5693.9,33
5694.5,20
5696.4,17
5696.6,36
5696.9,14
5697.8,2
5698.1,24
5698.8,39
5699.5,21
5699.6,30
5700.1,29
5700.4,11
5700.6,13
5701.0,18
5701.4,31
5701.6,4
5701.7,5
5702.8,10
5703.3,26
5703.6,22
5704.5,33
5705.5,1
5706.9,27
5708.3,32
5708.6,37
5709.3,21
5709.8,17
5709.9,35
5710.3,28
5711.0,24
5711.3,38
5712.2,8
5712.8,0
5713.8,31
5713.9,29
5714.6,18
5715.2,14
5716.8,10
5717.1,2
5717.6,6
5717.6,15
5717.8,36
5718.0,4
5718.1,34
5718.2,22
5718.3,5
5718.3,30
5718.3,35
5718.3,32
5718.6,12
5718.9,11
5719.0,33
5720.0,1
5721.0,25
5721.2,21
5721.3,13
5721.3,27
5722.7,24
5724.2,29
5724.8,39
5725.1,22
5726.7,9
5727.1,8
5727.2,18
5729.2,0
5729.2,32
5729.3,30
5729.9,34
5729.9,37
5730.0,14
5730.2,23
5731.0,33
5731.1,21
5731.2,26
5731.5,10
5731.6,36
5731.7,31
5732.2,4
5732.2,29
5733.8,24
5734.3,5
5735.3,27
5735.8,16
5736.6,20
5737.5,32
5737.7,22
5737.7,35
5738.1,13
5738.5,39
5740.9,11
5741.2,25
5742.1,6
5742.3,0
5742.3,19
5742.3,30
5742.5,17
5742.7,28
5742.9,21
5743.5,3
5743.9,18
5744.2,34
5744.8,5
5744.8,24
5745.1,4
5745.1,14
5745.6,36
5745.7,10
5746.1,26
5746.2,29
5746.3,33
5747.5,1
5747.5,32
5747.7,2
5749.5,8
5750.2,13
5750.6,22
5752.0,31
5752.8,35
5752.9,39
5753.4,9
5754.0,0
5754.3,16
5754.3,33
5754.6,24
5754.7,5
5754.8,15
5754.9,17
5755.1,36
5755.2,21
5755.2,30
5755.2,18
5755.4,37
5756.0,29
5757.1,32
5759.0,10
5759.5,14
5760.3,20
5760.5,8
5760.6,4
5761.0,6
5762.5,1
5762.9,5
5763.5,22
5764.8,27
5766.5,26
5766.5,36
5767.1,33
5767.4,21
5767.7,39
5768.2,11
5768.3,25
5768.5,35
5768.6,18
5768.7,23
5768.7,30
5768.9,15
5769.1,32
5769.3,29
5770.2,4
5770.2,34
5770.4,14
5771.0,0
5773.6,31
5774.3,6
5774.3,28
5774.4,10
5774.6,22
5775.3,13
5775.9,8
5776.9,5
5776.9,36
5777.2,35
5777.9,2
5778.6,3
5778.8,37
5779.3,27
5780.0,33
5780.1,21
5780.4,29
5781.7,18
5781.8,24
5782.5,32
5783.0,34
5783.1,14
5783.6,30
5784.5,17
5785.3,0
5785.7,22
5786.2,23
5786.9,39
5788.0,10
5788.0,27
5788.2,4
5790.7,6
5791.4,33
5791.5,21
5791.8,1
5792.0,31
5792.3,5
5792.4,35
5792.5,30
5792.7,13
5792.8,8
5792.8,24
5792.8,26
5792.9,11
5793.6,18
5794.4,32
5794.5,0
5795.3,29
5795.6,39
5797.3,36
5798.0,14
5798.0,22
5798.2,25
5798.6,37
5799.7,4
5800.2,9
5800.2,38
5800.4,17
5800.5,20
5800.8,33
5801.3,2
5803.6,32
5805.4,10
5805.7,21
5806.5,16
5806.7,5
5806.8,0
5806.9,6
5807.8,34
5807.9,35
5808.0,11
5808.2,22
5809.5,30
5810.0,13
5810.4,29
5811.7,26
5811.9,19
5812.9,24
5813.0,33
5813.2,14
5813.2,31
5813.2,21
5813.8,18
5814.2,1
5814.5,37
5814.6,2
5815.5,39
5815.9,8
5817.7,22
5818.3,28
5818.3,32
5818.7,29
5819.4,0
5819.7,36
5820.1,12
5821.8,5
5821.9,10
5822.5,27
5822.7,23
5823.7,31
5823.8,4
5823.8,11
5824.3,34
5824.8,6
5825.0,22
5825.4,35
5825.7,33
5826.1,21
5826.3,24
5826.6,30
5826.8,17
5826.9,29
5826.9,0
5827.3,26
5827.8,25
5827.9,20
5828.2,37
5828.3,2
5828.3,9
5828.6,32
5829.0,5
5832.1,13
5833.9,39
5834.7,18
5834.8,14
5835.3,3
5835.3,8
5836.0,4
5836.2,6
5836.5,22
5837.6,36
5838.1,5
5838.4,0
5838.4,28
5839.0,10
5839.3,1
5840.2,34
5840.3,24
5840.4,29
5840.6,11
5840.9,15
5840.9,35
5840.9,38
5841.3,21
5841.4,27
5841.8,31
5842.5,32
5842.6,33
5844.5,37
5844.7,30
5844.9,17
5845.1,14
5845.2,16
5847.3,19
5847.5,13
5847.7,4
5847.9,18
5848.2,22
5848.5,8
5849.1,5
5849.3,29
5849.8,6
5850.3,10
5851.6,33
5853.3,20
5854.0,0
5854.2,32
5854.3,1
5854.6,36
5855.3,28
5855.5,39
5855.7,34
5856.1,21
5856.9,35
5857.1,14
5857.8,11
5858.2,2
5858.2,22
5858.2,24
5858.6,30
5861.6,5
5862.0,21
5863.2,31
5863.8,17
5864.7,29
5864.8,8
5865.5,27
5865.6,32
5865.8,4
5865.8,18
5865.8,22
5866.1,33
5866.9,36
5867.2,2
5867.3,37
5867.4,16
5867.7,24
5867.7,10
5868.2,14
5869.0,13
5871.1,35
5871.5,12
5871.9,30
5872.2,21
5872.5,23
5874.2,0
5874.5,5
5875.3,6
5875.3,34
5875.7,11
5876.1,33
5876.4,29
5876.6,22
5877.0,4
5877.7,1
5877.9,25
5878.1,24
5878.4,31
5878.7,37
5878.7,39
5879.0,32
5879.3,10
5879.4,15
5879.9,14
5880.8,5
5882.4,17
5882.5,26
5882.8,8
5882.8,35
5883.0,21
5883.9,27
5884.1,28
5885.6,0
5885.6,4
5885.9,18
5886.3,30
5886.7,36
5887.4,24
5889.0,29
5889.2,2
5891.3,22
5891.4,31
5891.7,32
5891.7,39
5891.9,14
5892.0,33
5892.3,37
5893.1,34
5893.4,10
5894.6,13
5895.5,5
5896.3,11
5897.0,21
5897.0,35
5897.1,9
5897.1,24
5897.8,18
5897.9,16
5897.9,23
5898.1,25
5898.1,29
5898.6,1
5898.9,32
5899.0,22
5899.9,8
5900.3,6
5901.0,0
5901.1,19
5901.4,30
5902.1,33
5903.0,27
5903.8,34
5904.6,10
5904.9,15
5906.1,14
5906.2,20
5906.5,4
5906.6,22
5907.1,5
5907.4,37
5908.1,2
5909.0,28
5909.7,35
5909.9,29
5910.2,36
5910.4,11
5910.4,30
5910.6,18
5911.1,21
5911.3,39
5912.2,26
5912.3,31
5912.9,12
5913.0,17
5913.3,24
5914.9,33
5915.3,25
5915.7,5
5916.0,1
5918.0,0
5918.9,6
5919.1,10
5919.1,22
5919.6,32
5920.2,4
5920.3,13
5920.6,21
5921.3,35
5921.5,30
5922.3,29
5922.6,34
5923.7,8
5924.1,18
5924.5,14
5927.1,32
5927.4,2
5928.4,27
5928.4,33
5928.6,24
5928.6,37
5929.5,36
5930.0,0
5930.1,17
5930.8,11
5930.8,15
5930.8,31
5931.0,39
5931.2,1
5931.5,35
5931.7,5
5932.1,21
5932.2,4
5932.7,22
5932.8,29
5932.9,26
5933.7,10
5935.4,6
5935.4,19
5938.4,12
5939.1,21
5940.3,33
5942.4,18
5942.4,22
5942.4,25
5942.6,24
5942.7,30
5942.7,14
5942.9,27
5943.1,36
5943.3,35
5944.0,20
5944.2,39
5944.3,13
5944.5,5
5944.5,32
5944.6,4
5944.9,8
5945.6,29
5945.9,28
5946.0,9
5946.2,31
5948.4,0
5948.9,37
5949.4,34
5949.9,10
5950.4,21
5950.9,26
5951.5,22
5951.6,11
5953.4,6
5955.1,33
5955.5,30
5955.8,32
5956.1,36
5956.6,5
5958.7,27
5959.0,35
5959.1,31
5959.2,24
5959.3,8
5959.3,29
5959.4,4
5959.4,14
5959.4,22
5959.7,12
5960.1,16
5960.2,2
5960.2,39
5960.7,1
5961.0,17
5961.2,37
5961.5,10
5963.1,33
5964.3,21
5964.8,28
5966.5,11
5967.0,15
5967.1,18
5968.0,32
5968.3,5
5968.6,34
5968.9,0
5968.9,26
5969.1,30
5969.5,13
5969.7,1
5970.8,14
5971.1,22
5971.6,27
5971.7,24
5971.8,8
5972.1,35
5972.3,6
5972.5,23
5973.3,20
5973.5,37
5973.6,29
5973.8,21
5973.8,25
5974.0,33
5974.0,36
5974.3,2
5974.6,9
5975.6,39
5977.4,10
5979.8,4
5980.8,5
5980.8,32
5981.1,14
5981.4,30
5981.6,18
5981.9,29
5982.1,21
5982.5,17
5982.5,36
5984.4,34
5985.1,22
5985.6,33
5986.8,35
5986.9,31
5988.7,0
5988.9,13
5989.4,24
5989.7,3
5990.7,37
5990.9,1
5991.8,8
5991.8,10
5992.0,28
5992.5,2
5993.3,30
5993.6,5
5993.6,19
5993.6,32
5994.8,36
5994.9,4
5995.5,21
5995.6,39
5996.0,11
5996.0,14
5997.3,22
5997.3,27
5998.0,6
5998.2,18
5998.7,31
5999.4,35
5999.8,33
6000.2,23
6001.6,17
6001.8,29
6002.6,0
6005.2,32
6006.6,22
6006.8,34
6007.3,5
6007.3,13
6007.5,8
6007.7,25
6008.0,29
6008.2,15
6008.6,30
6009.1,37
6009.1,39
6009.4,14
6009.6,36
6010.2,24
6010.4,26
6010.5,4
6011.0,10
6011.0,21
6012.3,18
6012.6,1
6013.8,35
6014.4,6
6014.4,33
6015.6,29
6015.7,16
6015.8,28
6016.4,14
6017.0,23
6017.3,9
6017.7,0
6018.2,17
6018.6,32
6018.8,5
6018.8,31
6019.3,22
6020.7,20
6021.7,2
6021.7,27
6022.3,37
6022.4,4
6022.6,30
6023.6,11
6023.6,21
6024.7,29
6025.0,24
6026.3,26
6026.8,10
6026.8,34
6026.9,15
6026.9,39
6028.4,5
6028.4,13
6028.4,36
6029.2,31
6029.3,33
6031.0,22
6031.1,0
6035.7,1
6036.3,35
6036.5,14
6036.6,30
6037.1,21
6037.5,20
6037.6,25
6037.7,18
6037.8,24
6038.4,17
6038.4,32
6038.7,29
6038.8,8
6039.1,10
6039.3,4
6039.5,6
6039.5,16
6039.8,5
6040.0,12
6040.0,19
6040.3,11
6040.5,33
6040.5,37
6040.5,39
6041.1,22
6041.7,0
6042.1,27
6046.2,7
6046.9,21
6047.3,28
6047.3,34
6048.1,35
6048.6,2
6048.6,36
6049.3,6
6049.3,22
6050.2,4
6050.3,31
6050.3,32
6050.5,33
6050.9,29
6051.6,3
6052.5,24
6053.0,15
6053.3,14
6053.7,30
6054.2,0
6054.4,8
6054.6,5
6054.6,13
6054.8,37
6055.5,39
6055.9,17
6056.5,18
6057.0,10
6059.2,22
6059.4,21
6059.8,26
6061.7,32
6062.3,23
6062.3,33
6062.4,29
6063.5,11
6064.0,35
6064.7,36
6065.2,37
6065.3,24
6065.6,34
6066.0,27
6066.7,30
6067.3,5
6067.4,1
6067.4,14
6068.7,21
6069.1,4
6069.2,31
6070.3,18
6070.7,6
6070.9,0
6070.9,25
6071.5,2
6071.7,19
6072.9,22
6073.2,20
6073.3,35
6073.8,10
6074.1,8
6074.1,32
6074.3,29
6074.4,28
6075.4,33
6076.3,39
6076.6,37
6078.2,12
6078.9,11
6079.1,13
6079.2,15
6079.2,21
6079.9,14
6080.1,24
6080.8,34
6081.0,36
6081.1,5
6082.4,0
6083.1,32
6083.2,17
6085.4,22
6085.6,30
6085.6,35
6086.3,1
6086.6,29
6086.7,31
6088.9,5
6089.6,6
6090.2,33
6091.1,10
6091.3,4
6091.3,21
6091.7,16
6091.8,34
6092.1,37
6093.1,39
6093.3,27
6093.5,18
6095.3,28
6096.1,8
6097.0,23
6097.1,2
6097.2,35
6097.3,24
6097.5,22
6097.7,5
6097.9,15
6097.9,32
6098.2,14
6098.3,0
6099.6,11
6100.7,30
6101.1,36
6101.7,29
6101.8,21
6102.7,33
6103.1,17
6103.1,31
6105.5,10
6107.8,26
6108.9,34
6109.0,19
6109.3,8
6110.5,22
6110.5,32
6110.9,5
6111.3,13
6111.3,24
6111.5,4
6111.6,35
6113.5,9
6113.5,25
6113.8,0
6113.9,28
6114.0,6
6114.1,29
6114.3,14
6114.3,18
6114.5,39
6114.6,21
6114.9,2
6114.9,33
6115.0,1
6115.4,3
6117.1,37
6117.7,11
6118.2,32
6118.6,30
6118.7,31
6119.0,5
6119.7,34
6120.1,10
6121.5,27
6122.9,36
6123.4,22
6124.8,13
6125.1,29
6125.4,18
6125.9,33
6126.8,24
6127.2,21
6127.7,12
6128.0,6
6128.0,16
6128.5,14
6128.7,1
6128.7,4
6128.7,5
6128.9,0
6130.2,30
6130.2,17
6130.6,35
6130.7,32
6131.4,36
6131.7,31
6133.0,10
6133.1,20
6133.8,21
6133.9,39
6134.0,2
6134.6,22
6135.2,8
6135.5,37
6136.2,34
6137.3,15
6137.8,29
6137.9,26
6138.3,24
6138.6,27
6140.1,11
6142.1,14
6142.1,33
6143.4,32
6144.0,35
6144.1,18
6144.3,5
6144.7,13
6145.3,10
6145.9,4
6145.9,22
6146.0,31
6146.7,37
6146.9,28
6147.4,21
6147.6,30
6148.2,0
6148.5,36
6151.4,29
6151.9,23
6152.1,24
6152.2,1
6152.2,6
6152.6,8
6152.8,5
6153.7,31
6154.8,33
6154.9,32
6155.4,34
6155.8,14
6156.0,39
6156.1,0
6156.1,20
6156.6,22
6159.7,17
6160.4,5
6160.8,2
6161.9,37
6162.3,29
6162.3,30
6162.7,21
6163.1,13
6163.1,35
6163.3,4
6163.5,27
6163.7,10
6163.7,18
6163.8,9
6164.2,26
6164.6,36
6164.7,22
6164.7,24
6165.1,14
6165.5,11
6165.6,25
6165.8,32
6166.2,28
6166.8,8
6170.0,34
6170.7,0
6174.7,29
6175.0,5
6175.3,33
6176.0,4
6176.0,16
6176.0,39
6176.4,6
6176.6,21
6176.6,23
6177.5,30
6177.8,10
6178.0,2
6178.3,35
6178.5,18
6178.9,17
6179.2,14
6179.2,15
6179.5,36
6179.9,0
6179.9,11
6180.0,31
6180.1,1
6180.5,32
6180.9,22
6181.5,25
6182.8,24
6183.7,37
6185.1,33
6186.6,5
6187.7,8
6187.7,27
6188.2,29
6188.7,12
6188.7,21
6189.0,13
6189.3,26
6190.1,4
6190.5,9
6190.5,17
6190.6,19
6190.8,30
6191.4,32
6191.9,0
6191.9,34
6191.9,39
6192.4,36
6192.7,22
6193.7,10
6196.5,6
6196.7,14
6196.8,5
6197.3,24
6197.7,31
6197.7,35
6198.1,28
6199.1,20
6199.1,36
6199.8,23
6199.9,33
6200.0,22
6200.4,4
6200.6,3
6201.4,1
6202.2,13
6203.4,2
6203.4,32
6204.2,29
6204.6,21
6205.2,0
6205.5,18
6206.7,11
6206.7,16
6207.4,5
6207.6,34
6208.1,24
6208.5,26
6209.3,6
6209.9,27
6210.2,15
6210.6,30
6210.7,8
6211.1,10
6211.4,35
6213.3,4
6213.3,39
6213.6,37
6213.9,22
6214.1,28
6214.1,29
6214.1,33
6214.1,31
6214.7,14
6215.1,32
6216.0,9
6216.3,36
6219.2,21
6219.9,23
6220.1,22
6220.2,1
6221.1,17
6221.4,0
6221.8,8
6222.3,24
6222.4,25
6222.9,11
6222.9,32
6224.2,5
6225.1,18
6225.3,10
6225.8,34
6226.5,4
6226.9,29
6227.5,2
6228.1,6
6228.9,30
6229.5,14
6229.8,24
6230.1,20
6231.8,35
6232.0,33
6232.2,22
6233.1,32
6233.8,21
6234.1,31
6234.7,16
6235.4,34
6235.7,27
6235.9,1
6236.0,39
6236.6,13
6237.0,36
6237.2,26
6238.0,37
6238.1,10
6238.1,29
6238.2,0
6238.4,24
6238.5,25
6239.5,18
6239.7,22
6239.9,5
6240.8,8
6241.0,30
6241.2,17
6242.6,32
6244.2,4
6244.9,28
6245.9,14
6246.7,33
6246.9,21
6247.4,35
6247.5,2
6248.2,37
6248.7,15
6250.1,22
6251.2,0
6251.5,11
6251.6,24
6251.9,34
6252.0,1
6253.0,30
6254.5,32
6254.6,29
6254.8,36
6255.5,10
6256.0,5
6256.1,13
6256.5,21
6257.0,31
6257.4,6
6258.1,26
6258.5,39
6258.7,19
6258.8,8
6259.7,0
6259.8,20
6260.2,14
6260.5,33
6260.9,22
6262.9,9
6263.7,18
6264.0,4
6265.3,32
6265.4,30
6266.2,29
6266.5,24
6267.1,2
6267.4,16
6267.4,12
6267.8,27
6267.9,35
6268.0,10
6268.1,15
6269.1,21
6269.3,13
6269.4,17
6269.7,5
6269.7,34
6270.7,37
6271.0,36
6272.0,39
6272.7,0
6273.2,1
6274.2,22
6274.2,31
6274.7,20
6275.1,11
6275.1,14
6275.3,4
6275.4,23
6276.0,29
6276.1,8
6277.6,18
6277.6,33
6277.8,28
6278.0,21
6278.1,26
6279.0,32
6279.6,35
6280.2,24
6281.3,5
6281.5,6
6282.2,10
6282.3,30
6282.9,13
6283.4,25
6284.2,37
6284.4,34
6284.5,22
6285.8,15
6287.2,2
6288.3,14
6288.8,4
6288.8,31
6289.1,36
6289.6,0
6289.7,17
6289.8,29
6290.0,32
6290.3,39
6291.8,1
6292.4,26
6292.6,21
6294.0,24
6294.0,33
6294.2,22
6294.4,27
6296.8,5
6296.9,11
6296.9,29
6298.6,35
6299.1,18
6299.4,36
6299.8,4
6299.9,10
6300.4,6
6300.8,34
6301.4,8
6301.5,14
6301.7,30
6302.8,28
6303.2,22
6303.3,19
6303.3,21
6303.6,32
6304.2,37
6304.3,13
6304.9,31
6305.9,2
6306.5,33
6307.2,24
6309.2,29
6309.4,5
6310.1,0
6311.7,34
6312.3,25
6312.7,39
6312.9,21
6313.1,20
6314.5,14
6314.5,15
6314.6,22
6315.3,35
6316.2,36
6316.2,3
6316.2,16
6316.6,18
6316.7,5
6316.8,13
6317.3,4
6317.4,27
6317.7,30
6317.7,32
6318.2,10
6318.4,29
6318.5,11
6318.7,33
6318.8,6
6319.4,1
6322.3,8
6322.5,26
6323.3,9
6323.4,28
6324.0,22
6324.5,31
6324.6,0
6325.8,24
6326.6,21
6326.6,37
6326.9,35
6328.1,10
6328.4,5
6328.7,36
6329.2,4
6329.4,30
6330.6,14
6331.4,33
6331.8,18
6332.7,39
6332.8,11
6332.9,29
6333.2,32
6333.3,15
6333.3,27
6333.8,2
6334.7,23
6334.8,17
6335.0,22
6336.2,34
6337.8,13
6338.0,12
6338.1,6
6338.2,8
6338.2,16
6338.3,35
6338.4,29
6339.9,32
6340.1,30
6340.2,14
6341.8,21
6342.0,5
6342.0,24
6342.7,37
6342.8,4
6342.8,31
6342.8,33
6343.1,0
6343.2,10
6343.9,28
6346.0,36
6346.3,34
6346.5,22
6346.6,26
6348.1,18
6349.3,21
6349.4,20
6349.7,14
6349.7,29
6350.1,2
6351.1,1
6352.2,37
6352.5,32
6352.8,15
6353.2,30
6353.5,35
6354.2,5
6354.3,9
6354.6,4
6354.8,11
6354.8,23
6355.1,39
6356.1,10
6356.8,17
6357.3,18
6357.4,6
6358.7,22
6358.8,27
6359.0,0
6359.2,31
6360.7,24
6361.4,29
6361.9,36
6362.0,13
6362.4,33
6362.5,19
6363.0,14
6363.5,35
6363.8,21
6364.3,10
6365.0,5
6365.3,8
6365.9,26
6366.0,30
6367.2,22
6368.7,34
6369.6,25
6369.8,1
6370.7,32
6371.4,27
6371.6,15
6371.8,28
6372.0,5
6373.1,37
6373.8,11
6373.8,13
6373.8,21
6374.0,3
6374.0,14
6374.0,29
6374.5,0
6374.8,6
6375.1,33
6375.2,4
6375.4,22
6375.4,30
6375.5,36
6376.2,9
6376.4,8
6377.5,24
6378.0,17
6378.0,18
6378.1,10
6378.5,31
6378.6,35
6379.1,34
6383.3,39
6383.8,37
6384.1,23
6384.7,4
6385.1,26
6385.4,29
6385.7,1
6385.7,21
6386.4,5
6386.4,32
6386.9,38
6387.8,14
6387.9,2
6388.1,30
6388.3,36
6388.8,22
6388.9,35
6389.9,6
6389.9,8
6390.2,0
6390.2,10
6390.3,33
6391.4,34
6394.1,21
6394.4,27
6394.5,37
6395.1,25
6395.3,24
6396.2,39
6398.7,18
6399.5,15
6400.4,29
6400.6,30
6400.7,31
6400.8,22
6401.0,14
6401.3,16
6401.4,32
6401.6,28
6401.6,5
6401.9,10
6401.9,35
6402.4,21
6402.6,17
6402.6,36
6402.7,1
6402.9,4
6402.9,13
6403.8,33
6404.6,24
6407.5,37
6407.8,34
6407.9,0
6408.0,2
6408.0,18
6409.5,11
6411.5,29
6412.2,5
6412.3,22
6412.5,6
6412.5,8
6412.6,10
6412.6,31
6412.8,30
6413.8,36
6413.8,39
6414.3,32
6414.6,9
6415.0,21
6415.9,26
6416.4,33
6417.1,23
6417.5,20
6417.5,35
6417.8,12
6418.6,24
6418.9,14
6419.2,4
6420.2,13
6423.0,6
6423.0,27
6423.1,5
6423.1,21
6423.6,29
6423.9,30
6424.2,16
6424.3,1
6424.4,10
6424.7,25
6424.8,15
6424.8,28
6425.1,22
6425.4,0
6425.6,34
6425.8,32
6427.1,37
6428.6,11
6429.0,2
6430.1,33
6430.5,35
6431.0,31
6431.2,5
6432.4,18
6433.2,17
6433.4,29
6433.7,4
6434.3,24
6435.9,14
6435.9,21
6436.2,10
6436.5,32
6436.6,27
6437.5,22
6437.7,33
6438.0,8
6438.7,36
6439.5,30
6440.0,39
6440.6,6
6440.9,19
6441.9,0
6442.0,5
6443.9,20
6444.3,35
6444.9,34
6445.0,37
6446.0,12
6446.2,29
6446.8,4
6446.9,18
6447.6,21
6447.9,22
6447.9,31
6448.2,14
6448.3,13
6448.4,15
6448.8,26
6448.9,24
6450.2,33
6450.4,39
6451.3,28
6451.5,0
6451.5,11
6451.8,8
6451.9,10
6451.9,36
6453.1,32
6454.0,25
6454.9,16
6456.8,35
6457.2,5
6457.4,2
6457.9,30
6458.7,29
6459.3,27
6459.4,17
6459.5,22
6459.7,37
6459.8,31
6460.2,9
6460.3,4
6460.3,14
6460.3,18
6460.3,21
6461.3,33
6461.6,6
6462.9,39
6464.1,24
6464.1,10
6464.1,32
6464.7,34
6465.2,0
6465.3,36
6465.8,26
6466.1,35
6466.2,8
6466.7,22
6468.2,23
6468.3,13
6468.8,5
6469.2,1
6469.9,14
6471.1,29
6471.9,21
6472.7,20
6474.6,11
6474.8,37
6475.3,12
6475.3,22
6475.6,30
6476.2,10
6476.6,36
6476.9,17
6477.3,33
6477.6,32
6477.7,31
6478.3,28
6479.0,4
6479.5,0
6479.6,39
6480.8,6
6480.8,18
6481.6,5
6482.3,14
6483.3,29
6483.9,35
6484.0,21
6484.1,2
6484.1,34
6484.3,26
6484.3,27
6485.3,24
6485.8,38
6486.5,25
6487.2,16
6487.9,0
6488.4,13
6488.8,15
6489.0,3
6489.3,20
6489.3,23
6489.6,32
6489.7,22
6489.8,33
6491.2,5
6494.4,10
6494.7,1
6494.8,28
6495.0,4
6495.0,21
6495.0,29
6495.9,36
6496.1,8
6496.1,39
6496.5,37
6496.5,24
6498.0,18
6498.6,32
6498.9,5
6499.4,30
6499.5,17
6500.1,35
6500.5,22
6500.7,33
6501.7,31
6501.9,9
6502.2,14
6502.5,11
6502.8,12
6503.1,34
6503.9,26
6504.0,27
6506.4,29
6508.2,32
6508.5,6
6508.7,0
6509.5,10
6509.5,24
6510.2,30
6510.5,4
6511.6,5
6511.7,39
6512.2,25
6512.3,15
6512.7,21
6512.9,1
6513.7,22
6513.9,20
6513.9,31
6514.6,29
6514.7,14
6515.5,16
6515.6,36
6515.9,8
6516.9,13
6517.0,18
6517.1,35
6518.0,37
6518.4,28
6518.5,33
6519.2,0
6519.6,32
6520.1,34
6522.6,24
6522.9,17
6523.0,31
6523.9,5
6524.2,21
6524.4,30
6524.8,6
6524.8,11
6525.3,19
6526.1,26
6526.3,22
6526.5,29
6526.9,10
6526.9,36
6528.4,4
6528.8,14
6529.1,15
6529.2,33
6529.3,37
6529.5,23
6530.2,8
6530.4,27
6531.9,2
6532.8,32
6533.1,20
6533.8,25
6534.2,34
6534.2,39
6534.5,35
6534.8,0
6535.3,4
6535.9,22
6536.6,21
6536.9,18
6537.2,13
6537.3,6
6537.5,16
6537.5,28
6537.6,5
6538.1,29
6540.6,36
6540.9,24
6541.8,1
6542.4,33
6542.8,10
6542.8,31
6543.0,14
6543.0,3
6544.5,11
6544.6,30
6546.0,35
6547.0,32
6547.1,27
6547.5,22
6548.1,21
6548.3,0
6548.8,29
6549.0,5
6549.2,6
6550.2,39
6550.3,4
6550.7,25
6551.8,8
6552.1,13
6552.4,33
6553.1,34
6555.1,14
6556.3,2
6556.7,21
6557.3,10
6557.5,19
6557.5,37
6558.1,23
6558.3,22
6558.5,12
6558.6,1
6558.6,29
6558.8,24
6558.9,16
6559.3,5
6559.5,18
6560.3,0
6560.3,17
6561.0,30
6565.9,32
6566.0,31
6566.8,15
6567.0,33
6567.5,4
6567.9,35
6569.0,36
6569.3,6
6569.6,27
6570.0,21
6570.4,29
6570.6,39
6571.1,22
6571.2,5
6571.2,18
6571.4,24
6571.4,28
6571.7,9
6571.9,13
6572.7,3
6573.1,34
6573.3,0
6574.6,26
6575.8,2
6575.8,30
6575.9,10
6576.0,14
6576.6,1
6578.2,8
6579.3,22
6579.6,32
6579.7,35
6579.9,21
6580.2,11
6580.2,17
6580.7,5
6582.6,6
6583.1,33
6583.4,36
6584.1,31
6585.0,37
6585.1,18
6585.2,29
6585.6,0
6585.6,32
6587.4,4
6589.1,22
6590.1,24
6590.2,14
6590.7,21
6590.7,39
6590.8,5
6591.3,35
6591.6,10
6592.5,27
6593.6,3
6593.7,34
6594.0,13
6594.2,28
6594.4,23
6594.9,25
6595.2,1
6595.2,33
6595.9,15
6596.1,30
6597.1,29
6597.8,6
6599.5,0
6599.5,2
6599.5,22
6600.4,5
6600.7,36
6601.2,10
6601.2,14
6601.6,8
6601.6,21
6601.8,32
6602.4,4
6604.1,37
6605.4,35
6608.0,29
6609.5,17
6609.6,22
6609.7,0
6610.4,11
6610.6,30
6610.8,24
6610.8,34
6611.5,14
6612.0,33
6612.1,13
6612.5,27
6612.7,19
6613.0,5
6613.0,21
6613.2,35
6613.5,16
6613.5,39
6613.7,28
6614.4,36
6616.1,18
6616.8,32
6617.5,25
6618.4,20
6618.6,10
6619.1,1
6619.5,17
6619.6,4
6620.4,22
6621.3,2
6621.4,31
6621.5,6
6621.5,29
6621.7,26
6621.8,33
6622.8,23
6623.1,34
6623.3,21
6623.7,0
6623.7,24
6625.0,30
6625.7,32
6626.1,5
6626.7,35
6627.0,37
6627.6,28
6629.1,3
6629.1,14
6629.3,39
6629.4,36
6629.5,22
6629.7,4
6630.7,10
6631.0,8
6631.4,1
6631.8,24
6632.8,11
6633.6,18
6634.1,13
6636.7,33
6637.5,6
6637.5,27
6637.7,32
6638.3,21
6638.8,14
6638.8,30
6639.1,26
6639.3,5
6639.8,35
6640.0,15
6640.0,31
6640.1,29
6641.1,34
6641.8,0
6643.0,25
6643.2,37
6643.4,22
6644.8,36
6645.7,17
6645.8,18
6646.1,10
6646.8,5
6647.2,21
6648.1,24
6648.1,29
6648.3,33
6648.6,32
6648.7,8
6648.9,14
6649.6,4
6650.3,28
6650.8,35
6651.5,26
6652.0,22
6653.3,39
6653.9,17
6654.6,13
6655.2,0
6655.6,10
6655.8,4
6656.1,37
6656.4,5
6656.5,12
6656.5,30
6656.6,20
6656.8,3
6656.8,27
6656.8,31
6658.5,11
6658.9,29
6659.5,21
6660.4,8
6660.8,14
6661.2,33
6661.7,18
6661.9,22
6662.0,36
6662.5,24
6662.5,34
6664.0,32
6664.3,1
6664.4,10
6664.4,35
6664.6,9
6665.6,30
6667.5,5
6667.6,13
6668.0,0
6669.0,2
6669.4,6
6669.5,22
6669.6,19
6669.8,31
6671.1,14
6671.7,39
6671.8,23
6671.8,24
6672.3,26
6672.7,33
6673.0,27
6673.5,32
6674.2,34
6674.9,30
6675.4,10
6675.6,16
6675.9,37
6676.0,21
6676.1,8
6676.3,17
6676.3,36
6677.0,4
6677.0,25
6677.7,35
6679.7,13
6680.0,5
6680.5,29
6680.8,11
6682.4,31
6682.7,0
6683.0,33
6683.2,22
6683.7,28
6684.0,6
6685.3,21
6685.7,14
6685.8,15
6686.1,2
6686.6,10
6687.7,1
6687.7,30
6688.6,35
6688.9,39
6689.4,4
6689.4,18
6689.4,29
6690.0,24
6690.8,26
6692.5,32
6692.6,8
6693.4,5
6694.0,27
6694.5,33
6695.0,22
6695.4,37
6696.0,36
6696.1,20
6696.1,21
6696.1,34
6696.4,31
6696.7,0
6698.5,35
6700.1,29
6700.6,18
6700.9,32
6701.7,11
6703.7,5
6703.7,16
6704.3,1
6704.3,13
6704.6,14
6704.8,10
6705.0,4
6705.1,36
6706.7,2
6706.7,37
6707.2,21
6707.3,25
6708.0,6
6709.0,30
6710.3,22
6710.6,0
6711.2,39
6711.6,24
6711.9,27
6712.2,34
6712.9,29
6713.5,33
6714.0,17
6714.1,21
6714.7,5
6714.9,32
6716.1,8
6716.2,26
6717.4,4
6718.1,18
6719.0,30
6719.2,23
6720.2,31
6720.4,35
6721.3,37
6721.8,22
6721.9,10
6722.0,36
6723.8,14
6723.9,38
6724.1,29
6724.1,33
6724.3,21
6724.3,32
6725.5,0
6726.4,24
6726.5,13
6726.7,5
6726.9,1
6727.4,34
6728.0,6
6728.1,11
6728.6,30
6728.8,20
6728.9,2
6729.2,15
6729.3,28
6730.8,35
6732.5,17
6733.1,19
6733.4,39
6734.1,0
6734.2,27
6734.2,32
6735.2,18
6735.8,33
6736.6,10
6736.6,22
6737.1,8
6737.4,37
6737.7,21
6737.8,4
6738.1,13
6739.5,14
6740.3,16
6740.8,12
6741.0,24
6741.2,29
6741.2,35
6741.4,31
6742.4,18
6743.4,30
6743.6,11
6743.8,25
6744.5,5
6745.2,21
6745.6,9
6745.6,15
6747.5,39
6747.6,22
6748.7,26
6749.1,0
6749.2,36
6749.3,34
6749.5,10
6749.7,17
6750.2,33
6750.4,32
6750.6,3
6751.8,37
6753.4,23
6753.7,31
6753.9,6
6754.3,14
6754.7,29
6754.8,27
6755.1,22
6755.1,30
6755.2,1
6755.6,24
6755.7,35
6757.1,5
6757.4,36
6758.7,4
6759.6,21
6759.7,10
6759.8,20
6761.4,13
6761.6,32
6762.1,2
6762.5,28
6763.0,22
6763.1,34
6763.2,33
6763.4,37
6764.0,18
6764.7,8
6765.0,29
6766.2,25
6767.5,5
6768.4,16
6768.4,36
6768.6,35
6769.0,0
6769.1,31
6769.3,21
6769.7,11
6769.7,24
6770.2,14
6770.7,10
6770.7,39
6771.7,33
6771.7,34
6772.6,15
6773.1,22
6774.7,30
6775.0,1
6775.1,12
6776.4,26
6777.1,19
6777.2,27
6777.4,37
6777.7,32
6778.0,18
6778.6,17
6779.1,29
6779.9,13
6780.1,4
6780.4,5
6780.5,6
6782.5,24
6783.7,0
6784.2,8
6784.3,28
6784.5,14
6784.8,21
6785.0,33
6785.4,31
6785.7,22
6786.2,35
6786.3,16
6786.3,34
6786.3,39
6786.5,10
6786.7,36
6788.0,30
6788.8,32
6790.2,37
6790.8,29
6792.5,33
6792.6,5
6792.8,22
6793.5,9
6794.4,11
6794.5,18
6795.3,14
6795.9,25
6796.3,27
6796.5,21
6796.7,13
6796.8,20
6797.2,8
6797.5,1
6797.5,35
6797.7,24
6797.7,30
6797.8,0
6797.8,23
6798.0,31
6798.1,6
6798.5,4
6798.6,15
6799.3,36
6799.4,29
6799.7,2
6800.7,34
6801.9,32
6803.9,26
6804.9,17
6805.8,39
6806.0,33
6806.3,22
6806.5,10
6808.3,5
6808.5,3
6809.5,23
6809.8,0
6810.2,11
6810.4,21
6810.7,28
6810.9,36
6811.0,18
6811.1,14
6811.2,32
6811.6,37
6811.9,13
6811.9,24
6812.4,30
6813.6,8
6814.3,4
6814.4,29
6815.6,10
6816.3,31
6818.4,6
6818.4,33
6819.0,35
6819.1,22
6819.8,21
6820.7,30
6821.2,15
6821.2,14
6821.4,16
6821.6,36
6821.7,5
6822.0,37
6822.0,39
6822.1,34
6822.3,0
6822.3,32
6823.6,18
6823.7,2
6823.9,29
6825.2,4
6826.5,1
6827.1,11
6827.3,13
6827.7,27
6828.1,32
6828.8,8
6828.8,22
6828.9,24
6829.3,19
6830.1,33
6830.2,17
6830.2,30
6830.4,31
6830.7,10
6830.9,35
6831.4,26
6832.4,5
6834.1,21
6836.5,3
6836.5,23
6837.5,28
6837.9,25
6838.0,6
6838.4,20
6838.5,9
6838.7,34
6839.0,14
6839.4,16
6839.5,32
6839.6,13
6839.6,39
6839.8,31
6840.2,29
6840.2,36
6840.4,11
6840.5,0
6840.9,35
6841.3,17
6841.4,1
6841.4,22
6841.4,24
6841.4,30
6841.7,4
6842.3,21
6844.4,2
6845.3,10
6845.4,37
6847.3,19
6849.3,5
6849.5,32
6850.2,4
6850.6,33
6850.8,18
6852.6,21
6853.3,31
6853.7,0
6854.0,36
6854.9,35
6855.0,29
6855.3,8
6856.1,24
6856.8,1
6856.9,30
6857.1,22
6857.2,6
6859.7,17
6860.7,32
6861.9,11
6861.9,33
6861.9,39
6862.8,5
6862.9,10
6863.1,34
6863.9,14
6863.9,29
6864.9,37
6865.3,2
6865.3,21
6865.5,0
6865.7,25
6865.7,35
6866.2,13
6866.6,15
6867.9,22
6869.4,18
6869.7,26
6870.0,32
6870.4,5
6870.4,28
6870.4,36
6870.5,16
6870.6,24
6870.6,31
6870.9,23
6870.9,30
6871.2,4
6871.2,20
6871.8,14
6872.1,21
6872.6,29
6872.9,3
6873.3,1
6873.6,19
6874.1,10
6874.1,33
6875.8,6
6876.0,8
6877.2,35
6877.5,27
6878.0,0
6878.2,39
6878.5,34
6879.8,22
6880.1,4
6880.3,38
6880.6,13
6880.9,32
6881.6,18
6881.7,29
6881.7,37
6881.8,17
6882.0,5
6882.0,14
6882.0,21
6882.0,24
6882.2,12
6882.5,11
6883.1,33
6883.6,2
6885.4,10
6885.4,30
6886.7,36
6887.0,25
6887.4,28
6888.2,39
6889.8,22
6890.8,35
6891.4,18
6891.5,8
6891.7,29
6892.0,5
6892.0,32
6893.2,33
6893.6,21
6893.9,17
6894.5,31
6894.5,37
6894.7,10
6895.1,1
6895.9,4
6896.1,0
6896.1,34
6896.7,11
6897.6,14
6898.4,26
6900.4,30
6900.9,27
6901.0,22
6901.2,13
6901.3,24
6901.7,29
6903.7,18
6903.8,36
6903.9,32
6904.7,10
6904.7,33
6905.0,21
6905.4,2
6906.1,35
6906.3,20
6909.2,14
6910.2,0
6910.3,37
6910.7,23
6910.8,4
6911.3,5
6911.7,8
6911.7,16
6912.1,15
6912.2,21
6912.2,39
6912.6,29
6914.1,31
6914.5,24
6916.8,6
6916.8,32
6917.2,17
6917.2,28
6917.4,22
6917.5,10
6917.6,30
6918.3,34
6919.5,14
6919.5,25
6920.0,33
6920.3,1
6921.1,18
6921.3,35
6921.8,36
6922.0,39
6922.3,19
6922.3,21
6922.4,2
6922.5,29
6923.1,27
6923.6,11
6923.8,5
6925.7,9
6926.1,24
6926.5,13
6926.8,26
6928.1,0
6928.1,22
6928.7,37
6930.0,31
6931.0,10
6931.9,12
6932.3,8
6933.1,4
6933.3,14
6933.8,32
6933.9,5
6934.0,35
6934.7,29
6935.3,36
6936.3,33
6936.4,24
6936.5,30
6936.8,21
6936.9,22
6937.8,6
6938.4,25
6939.4,18
6939.4,28
6939.8,16
6940.2,1
6941.9,0
6942.0,27
6943.0,39
6943.4,4
6943.7,11
6945.0,5
6945.0,34
6945.4,32
6945.6,37
6946.0,31
6947.0,2
6947.9,22
6948.2,14
6948.4,10
6949.0,29
6949.6,35
6950.1,36
6950.9,24
6951.7,13
6951.9,30
6952.6,18
6952.8,9
6952.9,8
6953.2,21
6953.2,33
6953.5,17
6956.4,5
6956.5,0
6957.2,37
6957.6,22
6957.8,34
6957.8,35
6958.7,32
6959.8,10
6959.9,39
6960.0,4
6960.8,6
6960.9,23
6962.1,15
6962.1,20
6963.0,13
6963.2,25
6963.4,31
6963.5,3
6963.9,30
6964.0,33
6965.3,29
6965.5,36
6965.6,26
6965.7,24
6967.2,14
6967.9,5
6968.5,0
6969.0,22
6969.1,21
6969.4,8
6969.4,28
6969.6,37
6970.8,17
6971.5,32
6972.3,18
6972.4,10
6974.1,24
6974.8,4
6975.2,33
6975.4,16
6975.8,1
6975.8,5
6976.6,11
6976.7,2
6976.7,35
6976.9,19
6977.2,31
6977.7,21
6977.7,27
6978.0,29
6978.5,39
6979.8,36
6980.3,14
6980.7,30
6981.9,38
6982.2,32
6982.9,22
6983.3,6
6984.2,34
6984.9,10
6985.8,37
6986.5,18
6986.5,29
6986.6,0
6987.0,8
6988.7,21
6990.0,4
6990.1,35
6990.2,26
6991.6,24
6991.9,13
6991.9,14
6992.1,36
6992.2,22
6992.4,16
6992.6,11
6992.7,17
6992.9,32
6993.1,5
6993.1,33
6993.3,12
6993.5,25
6993.5,39
6993.7,23
6994.3,10
6994.3,19
6994.5,30
6996.2,2
6996.4,27
6997.0,8
6998.2,6
6998.8,37
6999.5,34
6999.9,29
6999.9,35
7001.0,18
7001.4,21
7001.8,0
7001.8,31
7001.9,1
7002.3,39
7002.5,5
7003.5,32
7004.5,22
7005.2,4
7005.2,15
7005.5,28
7005.5,38
7005.8,10
7006.2,30
7006.3,26
7006.8,14
7007.5,33
7008.7,24
7008.7,29
7013.4,13
7013.6,36
7013.9,12
7014.5,21
7015.0,10
7015.2,5
7015.5,22
7015.8,32
7016.0,31
7016.1,8
7016.5,25
7016.7,30
7016.8,0
7017.1,6
7017.5,17
7017.6,35
7017.8,11
7019.8,2
7019.9,9
7020.0,18
7020.0,34
7021.2,20
7021.5,29
7021.6,16
7023.2,39
7023.8,14
7023.8,22
7024.0,24
7024.1,4
7024.1,26
7024.3,37
7024.5,33
7025.9,10
7026.3,15
7026.5,23
7026.8,21
7028.4,1
7028.4,34
7028.8,0
7028.8,5
7028.8,32
7029.2,27
7031.9,35
7033.8,36
7034.3,30
7034.5,29
7034.6,33
7034.7,19
7035.2,17
7035.6,13
7035.8,11
7035.9,26
7036.2,10
7036.7,14
7036.8,18
7036.8,22
7038.4,21
7038.6,31
7039.0,37
7041.6,8
7041.8,32
7042.2,4
7042.4,2
7042.4,23
7042.6,5
7043.0,0
7047.1,34
7047.2,22
7047.2,33
7047.7,25
7047.8,29
7048.1,12
7048.6,30
7048.8,14
7048.9,24
7049.3,10
7049.7,35
7050.0,36
7050.4,6
7050.7,1
7050.9,20
7051.6,32
7052.0,39
7052.7,0
7052.9,18
7053.0,21
7053.4,37
7053.7,4
7054.1,31
7055.2,13
7056.1,29
7056.9,2
7056.9,9
7057.9,5
7058.3,27
7058.5,10
7058.9,30
7059.8,15
7059.9,22
7060.5,16
7061.1,24
7062.8,33
7063.7,28
7063.8,18
7064.3,19
7064.5,38
7064.9,11
7065.0,6
7065.1,34
7065.4,8
7065.4,36
7065.8,25
7065.9,26
7066.5,35
7066.6,32
7067.0,29
7068.3,39
7069.0,21
7069.2,17
7069.3,1
7069.8,22
7070.2,4
7070.2,5
7070.7,31
7071.2,30
7074.3,10
7075.0,37
7075.1,14
7075.5,13
7075.7,33
7076.6,24
7077.3,0
7077.9,6
7078.2,29
7078.4,1
7079.0,32
7081.0,35
7081.2,22
7081.6,18
7081.7,16
7082.2,21
7082.2,36
7082.6,27
7083.0,34
7083.2,5
7083.4,2
7083.7,23
7084.1,8
7084.2,17
7084.5,4
7084.8,14
7086.1,30
7087.9,10
7089.1,35
7089.3,39
7089.7,21
7090.0,15
7090.3,26
7090.4,32
7090.5,33
7090.7,11
7091.1,37
7091.2,29
7091.7,4
7091.7,28
7091.8,31
7092.0,6
7092.2,25
7094.4,13
7094.9,20
7095.0,0
7096.7,22
7098.4,19
7098.8,5
7098.9,17
7099.1,34
7099.5,14
7100.7,30
7101.0,12
7101.1,18
7101.9,10
7102.0,9
7102.1,24
7102.2,21
7103.7,2
7104.0,1
7104.1,39
7105.1,36
7105.9,26
7106.1,4
7106.5,8
7106.6,32
7108.0,22
7109.1,33
7110.0,27
7111.0,5
7111.1,0
7111.8,16
7111.8,35
7112.3,29
7112.5,13
7112.8,31
7112.8,37
7113.5,11
7113.5,24
7113.8,14
7113.8,21
7114.2,25
7114.9,36
7115.1,18
7118.0,30
7118.3,34
7118.4,17
7118.8,32
7119.3,10
7119.5,8
7119.7,28
7120.0,4
7120.2,22
7121.4,5
7121.5,38
7121.7,33
7121.8,6
7122.0,0
7122.3,15
7126.2,36
7126.3,26
7126.4,21
7126.4,29
7127.1,37
7128.2,1
7128.2,18
7128.6,22
7128.7,5
7129.4,14
7129.4,32
7129.8,33
7129.8,35
7129.9,24
7130.5,39
7132.0,2
7132.5,10
7133.7,31
7135.0,27
7135.3,13
7135.9,0
7136.1,4
7136.4,20
7136.7,25
7136.9,28
7137.4,9
7137.9,11
7138.8,6
7139.4,17
7139.9,24
7140.2,37
7140.5,8
7141.1,21
7141.3,14
7141.3,34
7141.4,32
7141.9,30
7142.5,22
7142.8,39
7143.0,10
7143.5,5
7143.7,33
7143.8,1
7143.8,35
7144.3,16
7144.8,29
7144.8,36
7145.6,23
7149.1,21
7151.4,4
7152.4,13
7152.8,26
7153.1,27
7153.1,31
7153.2,18
7153.2,32
7153.3,12
7153.3,22
7153.5,28
7153.5,37
7154.1,0
7154.7,35
7154.8,3
7155.0,14
7155.0,24
7156.2,5
7156.3,19
7156.4,10
7156.4,15
7156.5,29
7157.7,33
7160.2,30
7160.3,36
7161.1,17
7161.5,20
7162.7,10
7163.2,21
7163.5,34
7163.8,4
7163.8,5
7163.8,32
7164.0,8
7164.3,11
7164.3,29
7164.3,39
7165.1,6
7165.1,18
7165.2,0
7165.8,22
7167.3,14
7167.3,24
7168.2,26
7169.1,2
7169.1,13
7169.2,31
7169.2,35
7170.8,1
7172.0,33
7172.3,29
7172.8,27
7174.0,37
7174.7,9
7175.2,20
7175.2,21
7175.5,32
7175.6,22
7176.7,30
7177.9,34
7178.0,10
7178.2,17
7178.3,4
7179.1,5
7180.0,2
7181.2,28
7181.3,14
7181.7,25
7181.9,11
7182.0,24
7182.4,29
7182.5,1
7182.9,33
7183.0,8
7183.1,36
7183.3,15
7183.5,39
7183.7,0
7185.9,31
7186.2,35
7186.3,21
7187.3,26
7187.5,22
7187.9,13
7188.4,6
7189.6,10
7189.9,17
7190.4,5
7190.5,18
7190.5,27
7191.1,14
7191.1,32
7191.4,30
7192.0,16
7192.5,20
7193.9,29
7194.1,23
7194.7,36
7194.8,21
7196.6,35
7196.8,0
7197.2,33
7197.6,4
7197.8,24
7197.9,1
7197.9,34
7198.8,19
7199.1,2
7199.3,37
7200.2,22
7200.3,30
7200.8,5
7201.1,14
7202.2,18
7202.7,6
7202.7,26
7202.9,11
7203.5,39
7203.8,21
7204.5,10
7204.5,31
7205.2,28
7205.5,32
7205.9,15
7206.3,29
7206.9,25
7207.4,33
7208.1,36
7208.3,22
7208.9,24
7213.3,5
7213.6,8
7213.6,9
7213.7,35
7214.3,13
7214.3,14
7214.4,27
7214.5,31
7214.7,17
7214.9,0
7215.8,33
7216.7,36
7216.7,37
7216.8,4
7216.9,32
7217.3,21
7217.3,22
7217.7,3
7217.7,18
7217.7,30
7218.0,26
7219.4,11
7219.4,23
7219.4,29
7221.7,5
7222.8,39
7223.2,10
7223.3,20
7224.1,34
7224.4,1
7225.2,24
7225.5,35
7226.9,31
7227.0,33
7227.5,0
7227.6,22
7227.6,38
7228.1,32
7229.6,21
7230.9,2
7231.3,34
7231.4,18
7231.7,30
7231.8,19
7232.3,16
7233.1,29
7233.4,36
7233.8,15
7234.9,17
7235.0,12
7235.0,13
7235.2,5
7235.3,14
7235.3,28
7235.8,9
7236.3,8
7236.6,6
7237.5,0
7238.1,31
7238.7,4
7238.8,10
7239.8,22
7241.7,1
7241.8,21
7243.0,33
7243.8,5
7243.8,32
7244.4,37
7244.5,35
7244.5,39
7244.9,3
7245.7,11
7246.1,27
7246.5,18
7247.0,24
7247.7,25
7247.9,29
7248.2,30
7248.3,26
7248.5,23
7248.7,10
7248.7,36
7249.5,21
7249.6,8
7249.9,22
7251.6,0
7252.1,2
7252.5,32
7252.6,6
7252.8,4
7253.5,34
7254.0,14
7254.5,20
7254.7,31
7256.0,33
7256.5,13
7257.0,17
7257.3,29
7257.8,39
7258.4,5
7259.8,35
7260.2,1
7260.7,10
7261.4,22
7261.5,36
7261.6,27
7262.7,14
7262.8,8
7263.4,18
7264.0,24
7264.1,21
7264.5,28
7265.1,30
7266.4,33
7267.1,32
7267.5,5
7268.1,11
7268.5,12
7268.7,4
7269.1,0
7269.3,26
7269.5,23
7269.6,17
7270.3,34
7271.8,21
7272.2,35
7272.3,6
7272.7,29
7273.1,36
7273.5,13
7273.5,27
7273.9,22
7273.9,39
7274.0,37
7274.3,18
7274.5,24
7274.6,10
7275.6,30
7276.2,14
7276.5,31
7278.3,5
7280.6,32
7281.2,8
7281.2,9
7281.5,33
7281.6,19
7281.9,1
7282.5,20
7283.0,21
7284.2,0
7285.0,2
7285.4,22
7286.1,29
7286.5,15
7286.6,6
7287.2,4
7287.2,14
7287.6,36
7288.0,10
7288.1,5
7288.9,37
7289.0,18
7289.0,21
7289.3,24
7290.6,35
7290.9,28
7291.2,13
7291.9,32
7293.1,33
7293.6,34
7294.4,22
7294.5,30
7295.0,11
7295.6,25
7295.9,26
7296.3,23
7296.7,39
7297.2,31
7298.2,36
7298.8,16
7299.8,5
7300.3,10
7300.5,17
7300.7,37
7301.0,27
7301.0,29
7301.3,0
7301.5,14
7301.6,35
7302.6,21
7303.6,4
7303.7,30
7303.9,33
7304.4,24
7305.2,1
7306.3,32
7306.5,34
7307.1,19
7307.3,22
7307.8,8
7308.0,28
7308.2,31
7308.4,3
7308.6,21
7308.7,27
7309.2,5
7311.8,36
7312.0,18
7312.4,2
7312.4,13
7312.4,14
7312.5,39
7313.2,29
7313.3,37
7313.4,6
7313.5,4
7314.0,0
7314.2,32
7314.3,10
7314.9,12
7315.4,35
7316.3,33
7317.5,24
7318.6,22
7318.8,15
7319.7,11
7320.4,5
7322.7,21
7323.6,37
7324.4,13
7324.7,1
7324.7,32
7324.8,17
7325.1,28
7325.4,25
7326.1,0
7326.6,29
7326.9,39
7327.2,14
7327.4,33
7327.5,36
7328.1,10
7328.2,8
7328.8,27
7329.3,31
7329.5,4
7330.0,30
7330.9,22
7331.3,35
7331.5,5
7331.5,21
7331.5,24
7332.7,6
7332.7,26
7333.9,18
7334.4,11
7337.6,34
7338.1,29
7338.4,32
7338.8,9
7339.0,1
7339.6,30
7339.7,23
7339.9,14
7340.1,10
7340.8,36
7342.3,37
7343.5,22
7344.0,2
7344.1,35
7344.2,4
7345.2,0
7345.6,31
7346.3,5
7346.8,33
7346.9,21
7347.5,11
7348.0,39
7348.6,24
7349.2,34
7349.3,8
7349.5,14
7349.5,17
7349.7,15
7349.8,12
7349.8,18
7349.8,29
7349.9,6
7350.3,10
7351.1,26
7351.2,3
7351.9,27
7353.4,22
7353.5,32
7354.3,28
7354.4,16
7354.5,13
7356.0,1
7357.2,0
7357.2,30
7357.5,21
7357.9,35
7359.6,4
7359.8,5
7360.3,33
7360.5,37
7361.1,36
7361.6,11
7362.0,22
7362.4,14
7363.0,10
7363.2,29
7363.3,38
7363.4,20
7363.4,24
7363.8,8
7365.2,39
7365.7,32
7366.1,9
7366.8,34
7367.6,0
7371.7,18
7371.8,2
7371.8,31
7372.3,6
7372.3,13
7372.3,33
7372.4,1
7372.4,4
7372.4,22
7372.5,14
7372.5,35
7372.9,5
7373.0,30
7373.1,28
7373.6,29
7374.7,21
7375.3,23
7375.4,17
7376.3,36
7377.3,37
7379.9,10
7381.1,27
7381.7,11
7381.7,32
7381.8,16
7382.7,5
7382.9,24
7383.2,22
7383.4,14
7384.7,4
7384.8,30
7384.8,33
7384.9,21
7385.2,13
7385.4,2
7385.7,0
7386.6,39
7387.0,26
7387.3,29
7387.6,36
7388.6,37
7388.9,18
7391.2,31
7391.6,34
7392.1,8
7392.5,24
7393.4,35
7394.4,4
7394.5,20
7394.5,21
7394.7,10
7394.8,22
7395.2,1
7395.6,32
7396.8,5
7396.9,14
7397.3,25
7397.3,29
7397.3,33
7399.5,39
7399.7,30
7400.4,22
7400.7,13
7401.0,0
7401.1,37
7402.9,11
7402.9,18
7402.9,21
7403.2,6
7403.2,15
7403.3,27
7403.5,36
7403.6,28
7403.9,17
7404.5,32
7405.1,26
7407.1,10
7407.4,29
7407.9,2
7409.6,31
7410.0,12
7410.1,14
7410.3,22
7410.5,5
7410.8,33
7410.9,4
7410.9,24
7410.9,34
7411.2,35
7411.9,11
7412.2,3
7412.9,1
7413.0,30
7414.7,19
7414.8,8
7414.8,21
7414.9,0
7415.8,37
7415.9,32
7416.1,39
7417.0,23
7417.9,29
7419.9,24
7420.0,27
7420.1,18
7420.2,6
7420.8,10
7421.6,9
7421.7,5
7421.7,36
7421.8,13
7422.0,33
7422.2,17
7422.6,25
7422.7,35
7423.9,0
7424.2,20
7424.7,30
7425.3,26
7426.3,21
7426.3,22
7426.5,4
7427.4,15
7428.0,28
7428.1,39
7429.6,5
7429.7,31
7429.8,14
7430.6,32
7430.7,16
7431.8,29
7432.1,2
7433.0,23
7433.1,34
7433.2,37
7434.6,1
7434.6,10
7435.5,18
7435.8,33
7435.9,0
7436.0,24
7436.3,20
7436.4,19
7436.8,35
7437.6,32
7438.1,22
7438.2,8
7438.8,17
7439.0,5
7439.0,11
7439.3,21
7439.4,13
7439.4,30
7442.2,6
7442.7,29
7443.9,4
7444.1,37
7444.8,27
7444.9,33
7445.0,10
7445.0,14
7445.6,36
7445.7,18
7446.4,25
7446.6,39
7447.1,32
7447.4,22
7448.1,26
7448.8,0
7450.5,31
7451.2,35
7451.3,5
7451.7,28
7453.5,30
7453.7,21
7454.5,37
7455.7,8
7456.0,13
7456.2,16
7456.4,17
7456.4,29
7456.7,24
7457.1,1
7457.7,4
7458.1,33
7458.4,14
7460.4,22
7460.5,2
7461.0,32
7461.6,0
7461.6,10
7463.1,9
7463.6,5
7464.4,35
7464.8,21
7464.8,34
7465.8,18
7465.9,29
7467.3,11
7468.2,6
7469.8,4
7469.9,27
7470.1,31
7470.4,1
7470.8,33
7470.9,28
7471.1,17
7471.1,30
7471.5,36
7472.0,32
7472.0,38
7472.3,22
7472.6,21
7474.4,10
7474.9,13
7474.9,24
7475.9,8
7476.9,15
7477.7,5
7477.9,0
7478.4,23
7478.7,18
7479.1,14
7479.6,29
7480.4,34
7480.4,39
7480.5,22
7481.8,36
7482.0,16
7482.5,35
7483.4,32
7483.5,31
7484.3,26
7484.9,19
7485.8,17
7486.7,4
7487.2,11
7487.3,27
7487.5,33
7487.7,10
7487.9,37
7488.6,6
7489.3,24
7490.2,5
7490.7,21
7491.9,23
7492.0,3
7492.1,20
7492.6,32
7492.8,18
7492.9,25
7493.8,30
7493.8,22
7494.5,29
7494.7,12
7495.4,14
7495.4,33
7495.7,0
7495.8,8
7496.3,26
7496.4,4
7496.5,36
7496.8,1
7498.6,2
7499.4,5
7499.9,9
7500.9,28
7501.2,32
7502.6,24
7502.7,10
7503.3,35
7503.4,17
7504.0,39
7504.3,6
7504.3,13
7504.3,22
7504.3,34
7505.1,14
7505.2,29
7505.9,16
7506.2,21
7506.2,31
7510.3,33
7510.9,30
7511.4,11
7511.8,0
7512.0,15
7512.8,5
7512.8,25
7513.7,37
7514.0,32
7515.2,8
7515.3,18
7515.3,24
7515.5,29
7516.0,1
7516.4,27
7517.0,22
7517.1,4
7517.5,10
7517.7,19
7517.9,34
7517.9,36
7518.4,6
7518.4,13
7518.5,26
7518.7,5
7519.3,33
7519.5,21
7520.0,35
7522.9,28
7523.0,2
7523.3,31
7523.4,23
7523.5,30
7523.9,0
7524.2,32
7524.5,14
7524.7,16
7525.1,39
7527.1,25
7527.8,17
7528.4,21
7528.4,22
7528.5,37
7529.2,34
7529.5,5
7530.1,29
7531.1,1
7531.6,10
7531.7,8
7531.7,33
7532.4,14
7532.9,11
7533.3,35
7533.5,3
7533.5,18
7533.7,36
7534.2,24
7535.2,32
7535.5,30
7536.7,26
7536.8,4
7536.8,21
7538.8,6
7538.9,39
7540.7,5
7540.8,29
7541.3,13
7541.7,28
7542.2,0
7542.6,31
7543.0,33
7543.6,20
7543.9,10
7543.9,27
7544.3,37
7544.4,14
7544.7,12
7545.2,32
7545.4,22
7546.8,24
7547.7,18
7547.8,2
7547.9,1
7548.2,21
7548.4,35
7549.1,30
7549.4,5
7550.1,36
7550.3,9
7550.8,4
7551.9,17
7552.2,8
7552.6,33
7553.8,22
7554.0,29
7554.3,39
7554.4,14
7554.8,19
7555.8,26
7556.3,25
7557.3,0
7557.5,32
7557.9,13
7558.1,10
7558.1,34
7558.2,30
7558.3,16
7558.5,31
7559.2,5
7559.3,11
7564.1,33
7564.2,2
7564.4,4
7564.6,6
7564.6,21
7564.9,37
7565.4,24
7565.6,32
7565.7,23
7565.8,18
7566.0,35
7566.7,36
7567.0,22
7567.2,10
7567.6,27
7567.6,28
7568.3,0
7568.5,5
7569.1,8
7569.6,29
7569.9,1
7570.4,30
7571.4,21
7572.2,14
7573.1,13
7573.1,28
7573.9,33
7574.3,24
7575.8,32
7576.0,11
7576.1,20
7576.3,36
7576.4,17
7576.9,34
7577.2,22
7577.3,39
7578.2,0
7579.9,18
7579.9,31
7579.9,37
7580.6,26
7581.1,5
7581.4,4
7581.4,35
7581.6,15
7581.7,21
7583.7,36
7583.9,10
7584.0,2
7584.7,29
7585.5,12
7585.9,27
7586.4,33
7586.5,6
7587.5,32
7587.6,30
7588.8,22
7589.3,19
7590.1,14
7590.9,1
7591.7,5
7591.8,28
7591.9,24
7593.1,35
7593.3,8
7593.3,11
7594.2,4
7594.4,21
7594.6,31
7595.2,16
7596.2,32
7596.5,0
7596.9,39
7597.4,2
7597.4,18
7597.4,29
7597.6,13
7597.8,25
7598.2,10
7599.1,20
7599.7,34
7601.3,37
7602.2,6
7602.5,17
7603.0,14
7603.0,22
7603.5,5
7604.5,35
7605.1,21
7605.1,26
7605.1,33
7605.4,4
7606.2,27
7609.5,24
7609.7,30
7610.3,23
7611.2,29
7611.4,32
7611.5,1
7612.4,5
7612.5,11
7612.7,36
7612.9,13
7612.9,31
7613.0,22
7613.3,9
7613.6,18
7613.6,37
7613.7,0
7613.8,15
7615.0,10
7615.3,21
7615.3,34
7615.8,8
7616.5,35
7616.7,39
7619.9,33
7622.8,24
7623.2,22
7624.0,26
7624.2,32
7624.3,14
7624.4,29
7624.5,2
7624.5,28
7624.6,35
7625.1,3
7625.7,25
7626.2,30
7626.3,0
7627.4,10
7627.9,37
7628.3,4
7628.5,17
7628.6,27
7628.8,5
7628.8,8
7629.0,33
7629.1,13
7629.8,1
7630.0,21
7630.6,39
7630.9,36
7631.2,22
7631.7,24
7632.2,32
7632.2,34
7632.3,31
7632.9,6
7633.5,14
7634.1,18
7634.4,29
7636.7,2
7638.0,37
7638.3,35
7638.4,16
7638.7,3
7639.4,32
7640.5,10
7640.7,30
7641.3,33
7641.4,11
7641.5,22
7641.9,19
7642.3,39
7643.1,5
7643.2,28
7644.1,4
7644.4,21
7644.9,36
7645.4,29
7646.2,0
7647.0,25
7647.3,15
7648.3,20
7648.5,14
7648.5,18
7649.3,17
7649.6,6
7651.0,38
7651.4,10
7652.1,24
7652.2,37
7652.3,21
7652.3,22
7652.6,11
7652.9,12
7653.2,5
7653.2,23
7653.6,33
7653.7,31
7653.8,30
7653.8,34
7654.6,26
7654.9,35
7655.1,27
7655.2,32
7656.5,13
7658.0,9
7658.3,28
7658.9,0
7659.0,29
7660.2,4
7660.3,6
7661.4,36
7662.1,22
7662.3,18
7662.4,10
7663.0,30
7665.0,32
7665.4,21
7666.0,35
7666.9,33
7667.1,24
7667.3,26
7667.6,1
7667.6,34
7667.8,31
7668.1,14
7668.5,37
7668.8,2
7669.4,5
7669.4,25
7669.7,17
7669.8,29
7670.2,11
7670.9,0
7672.5,39
7672.7,22
7674.0,8
7675.1,10
7675.2,20
7675.8,3
7675.8,18
7676.3,29
7676.6,4
7677.0,13
7677.1,30
7677.2,6
7677.5,27
7677.5,33
7677.8,5
7677.8,32
7677.9,26
7678.7,21
7678.8,34
7679.0,35
7679.7,15
7679.7,37
7681.7,14
7682.2,24
7682.6,19
7682.9,22
7684.8,0
7684.9,16
7685.3,33
7686.8,30
7687.2,31
7687.5,29
7687.8,36
7688.8,35
7688.9,10
7690.3,18
7690.5,13
7691.4,21
7691.7,7
7692.4,39
7692.6,34
7692.9,6
7692.9,14
7692.9,32
7693.3,1
7693.6,28
7693.8,4
7693.8,8
7693.8,11
7694.7,5
7694.7,22
7697.7,24
7698.6,29
7700.1,25
7700.2,17
7700.2,21
7700.4,37
7700.8,0
7700.8,2
7701.4,5
7701.4,33
7701.5,36
7702.1,15
7702.3,35
7702.6,20
7703.9,10
7704.0,30
7704.1,27
7704.1,32
7704.2,31
7704.6,22
7704.7,18
7704.9,14
7708.6,16
7708.7,19
7708.9,6
7708.9,11
7708.9,39
7709.9,4
7710.3,24
7710.8,26
7711.3,29
7712.5,5
7713.4,21
7714.4,10
7714.5,33
7714.8,13
7715.1,23
7716.9,9
7717.1,34
7717.2,1
7717.7,36
7717.9,35
7718.0,37
7718.1,22
7718.4,24
7718.6,32
7718.7,6
7718.8,31
7719.3,30
7719.7,4
7719.8,2
7721.3,0
7721.4,14
7722.9,8
7723.2,28
7724.1,5
7724.3,29
7725.5,21
7725.8,33
7726.3,10
7726.3,26
7729.5,20
7729.6,17
7729.9,22
7730.1,18
7730.1,27
7731.0,31
7731.4,30
7732.1,39
7732.5,13
7732.7,21
7734.1,14
7734.2,24
7734.8,0
7735.2,5
7735.6,25
7735.8,35
7736.0,4
7736.6,2
7736.8,29
7737.0,32
7737.6,28
7738.5,36
7738.6,22
7741.0,11
7741.4,21
7741.6,18
7741.8,39
7744.1,10
7744.4,33
7745.0,37
7745.4,4
7745.4,6
7745.6,13
7745.7,8
7746.0,3
7746.1,15
7746.2,1
7746.3,16
7746.4,5
7746.4,27
7746.4,34
7746.7,14
7747.0,25
7747.2,32
7747.3,0
7747.4,30
7750.2,28
7750.3,24
7750.6,26
7751.7,22
7752.5,29
7752.8,31
7752.9,21
7752.9,35
7753.2,36
7753.9,2
7754.2,5
7754.2,17
7755.7,33
7758.9,4
7759.0,24
7760.7,29
7760.7,39
7761.0,32
7761.1,37
7761.3,18
7761.3,19
7761.7,6
7761.9,34
7762.7,22
7763.2,10
7764.0,0
7764.4,30
7765.7,11
7765.7,23
7765.8,25
7766.0,27
7767.2,33
7767.3,5
7767.4,14
7767.4,36
7768.6,21
7768.7,18
7768.8,31
7770.2,35
7770.4,13
7772.2,22
7772.9,29
7773.0,24
7773.5,28
7773.9,26
7774.8,32
7775.8,10
7777.1,17
7777.3,9
7777.5,12
7777.6,30
7778.1,4
7778.3,31
7778.5,6
7778.6,34
7778.7,21
7778.9,33
7779.0,20
7779.3,0
7779.4,14
7779.4,39
7779.5,15
7779.6,8
7779.9,22
7780.5,5
7782.7,36
7782.8,29
7784.3,24
7784.6,11
7784.6,27
7785.1,1
7785.3,37
7785.9,35
7786.8,18
7787.9,0
7788.8,32
7789.3,13
7789.4,21
7790.1,19
7790.2,2
7791.2,10
7791.4,5
7794.4,22
7794.5,30
7795.3,25
7795.6,31
7796.0,6
7796.0,14
7796.3,8
7796.8,33
7797.4,28
7798.3,35
7798.4,29
7798.9,24
7799.8,32
7800.1,4
7800.4,16
7800.6,34
7801.1,1
7801.7,26
7801.8,0
7801.9,39
7802.1,21
7802.2,10
7802.5,37
7802.8,5
7802.9,30
7802.9,38
7803.1,3
7803.3,22
7803.4,29
7803.7,20
7805.5,36
7807.3,18
7807.9,33
7809.3,27
7809.5,4
7809.5,8
7809.9,13
7810.0,11
7810.3,10
7810.9,31
7811.2,21
7811.5,35
7812.8,32
7813.3,0
7813.3,2
7814.4,5
7816.0,26
7816.3,15
7816.5,37
7817.3,39
7817.4,17
7817.5,22
7817.8,14
7818.5,19
7818.6,29
7818.7,24
7819.3,36
7819.5,33
7820.0,10
7820.0,12
7820.0,30
7820.0,34
7820.8,21
7820.9,6
7821.7,23
7821.8,31
7822.3,4
7823.1,8
7823.4,28
7823.5,35
7825.1,32
7825.7,5
7826.8,13
7827.3,9
7828.4,14
7828.5,18
7828.5,22
7829.3,29
7829.4,0
7830.5,25
7831.9,1
7832.1,27
7832.4,21
7832.7,11
7832.8,24
7833.0,6
7833.4,5
7833.4,39
7833.7,15
7833.7,30
7833.7,31
7833.7,34
7835.6,33
7837.9,37
7838.7,22
7838.8,10
7839.0,26
7840.8,29
7841.1,28
7841.2,30
7842.4,32
7842.8,4
7842.8,35
7843.1,14
7843.1,36
7843.9,5
7845.1,21
7845.4,15
7845.8,17
7846.3,13
7846.5,39
7848.1,22
7848.8,18
7849.8,31
7849.9,32
7849.9,33
7849.9,35
7850.5,24
7850.7,2
7850.8,6
7851.1,34
7851.8,0
7852.3,14
7852.8,1
7853.9,11
7854.0,36
7856.1,29
7856.5,5
7857.0,3
7857.3,10
7857.4,0
7858.1,8
7858.1,22
7858.1,37
7858.1,25
7858.6,23
7859.1,27
7860.3,32
7860.6,21
7863.7,24
7864.2,30
7864.6,4
7864.7,35
7865.0,19
7865.9,14
7866.7,13
7867.1,5
7867.3,18
7867.9,33
7868.4,39
7868.7,1
7868.7,26
7869.0,2
7869.2,22
7870.0,17
7870.0,32
7870.0,34
7870.3,31
7870.4,10
7870.7,28
7871.1,21
7871.5,36
7871.8,37
7872.5,29
7874.3,0
7874.8,9
7875.6,25
7876.8,23
7877.2,14
7877.2,32
7877.5,24
7878.5,35
7878.8,12
7878.8,22
7878.9,11
7878.9,27
7879.3,4
7879.7,10
7879.9,33
7880.0,29
7881.6,16
7881.6,18
7882.4,30
7882.5,5
7883.1,6
7883.4,31
7884.3,21
7886.7,15
7886.7,20
7887.1,8
7887.4,34
7887.4,37
7887.5,0
7887.8,13
7888.0,14
7888.1,36
7888.4,32
7888.7,17
7889.1,1
7891.1,29
7891.2,39
7891.5,22
7892.1,5
7892.9,21
7893.1,10
7893.2,26
7894.2,4
7894.9,35
7895.5,33
7896.0,24
7896.2,7
7897.3,30
7897.4,0
7898.3,2
7898.6,13
7899.0,14
7899.1,37
7900.1,6
7900.2,10
7900.2,21
7900.6,32
7900.9,5
7901.9,11
7902.7,36
7902.9,17
7902.9,22
7902.9,29
7903.3,1
7903.5,27
7904.9,39
7906.2,18
7906.2,20
7907.6,4
7908.2,34
7908.2,35
7908.9,0
7909.0,8
7910.8,29
7912.1,22
7912.4,33
7912.7,24
7913.1,14
7913.1,21
7913.6,5
7913.6,37
7914.4,31
7914.6,9
7914.7,19
7914.9,32
7915.4,2
7915.4,25
7915.4,26
7915.8,23
7915.9,30
7916.4,36
7917.1,10
7917.6,18
7918.9,11
7919.1,6
7919.1,22
7920.1,39
7921.1,21
7921.8,13
7922.3,27
7922.7,28
7922.7,35
7923.2,29
7924.0,4
7924.4,1
7924.6,3
7925.6,10
7925.6,32
7925.9,17
7926.0,33
7926.3,0
7926.3,12
7926.5,14
7926.8,5
7926.8,16
7927.0,37
7927.8,36
7928.4,34
7930.6,15
7931.1,29
7931.8,30
7932.1,8
7932.7,22
7932.7,31
7934.2,24
7935.9,18
7935.9,32
7936.2,21
7936.4,6
7936.5,23
7937.6,14
7938.2,20
7938.9,29
7939.5,5
7939.8,35
7940.6,30
7941.3,4
7941.6,25
7942.2,0
7942.5,33
7942.9,13
7943.2,36
7943.8,22
7944.1,37
7945.3,10
7945.5,39
7946.2,31
7946.3,2
7946.5,17
7946.7,1
7947.6,18
7947.9,24
7948.5,11
7948.6,21
7950.6,29
7952.8,22
7953.0,28
7953.1,14
7953.2,5
7953.2,26
7953.3,34
7953.8,30
7953.8,35
7954.2,27
7954.6,31
7954.6,33
7955.6,6
7956.1,0
7956.6,36
7956.8,32
7957.4,21
7958.2,10
7959.8,8
7959.9,4
7961.0,13
7961.8,39
7962.0,24
7962.4,37
7962.9,5
7963.1,34
7963.4,14
7963.5,20
7963.8,17
7964.9,22
7964.9,29
7964.9,30
7965.4,18
7965.5,32
7965.6,38
7966.0,19
7966.6,21
7967.4,36
7968.4,1
7969.0,33
7972.1,0
7972.8,35
7972.9,10
7973.0,28
7973.2,2
7973.2,30
7973.3,9
7973.4,12
7973.4,23
7973.4,29
7973.5,4
7973.6,16
7974.0,14
7974.9,24
7975.4,5
7975.7,32
7975.8,11
7975.8,37
7977.0,22
7977.5,17
7977.6,21
7977.9,13
7978.7,18
7980.3,27
7980.3,36
7980.4,25
7981.1,31
7981.6,39
7981.8,10
7982.9,30
7982.9,34
7983.0,8
7983.1,6
7984.6,32
7984.9,0
7985.8,33
7985.9,35
7986.0,4
7986.3,15
7986.4,29
7987.4,21
7987.8,5
7988.3,31
7990.1,14
7990.6,22
7991.4,26
7991.4,36
7993.0,1
7993.1,24
7993.1,37
7993.7,33
7994.5,39
7995.5,32
7995.8,30
7996.4,5
7996.7,10
7997.0,18
7997.2,29
7998.6,0
7999.4,21
8000.2,34
8000.9,35
8001.4,27
8001.5,13
8002.8,22
8003.1,38
8003.4,8
8004.3,17
8005.8,25
8006.0,4
8007.4,33
8007.8,14
8007.9,36
8008.0,29
8008.1,6
8008.7,10
8008.9,24
8009.2,30
8009.2,16
8009.4,11
8009.5,1
8010.4,23
8010.6,32
8012.1,22
8012.5,5
8012.8,37
8013.2,31
8013.5,18
8014.2,21
8014.9,15
8015.2,2
8015.5,39
8017.0,35
8017.1,20
8017.2,34
8018.2,14
8020.9,8
8023.1,5
8023.5,0
8023.8,12
8024.0,24
8024.1,10
8024.4,33
8024.8,22
8025.0,27
8025.3,29
8025.6,4
8025.7,36
8025.9,26
8026.3,21
8026.4,1
8027.0,14
8027.2,13
8028.1,30
8028.3,18
8029.4,37
8029.5,32
8029.5,34
8029.8,35
8030.8,11
8031.1,39
8031.9,5
8033.2,33
8033.5,6
8034.0,31
8034.9,28
8034.9,36
8035.3,9
8035.9,22
8037.1,17
8037.1,29
8037.6,21
8037.7,19
8038.0,24
8039.9,14
8041.8,30
8042.0,8
8042.6,32
8042.8,27
8043.0,33
8043.1,10
8043.3,11
8043.5,4
8043.5,16
8044.3,0
8044.6,15
8044.9,26
8044.9,35
8046.0,20
8047.7,9
8048.1,18
8049.1,2
8049.1,21
8049.3,5
8049.3,23
8049.3,34
8049.4,13
8049.4,37
8049.5,22
8049.6,31
8050.0,6
8050.6,12
8050.7,19
8050.9,1
8051.4,24
8051.4,32
8051.6,29
8052.5,33
8056.1,14
8058.2,0
8058.9,38
8059.1,27
8059.1,35
8059.7,39
8059.8,25
8060.0,22
8060.1,36
8060.7,4
8060.7,10
8061.5,28
8061.6,21
8061.8,8
8062.1,5
8062.3,32
8062.5,29
8063.8,34
8064.0,18
8066.4,6
8066.8,30
8067.6,33
8067.9,17
8068.1,14
8068.2,11
8068.2,31
8068.3,15
8069.4,2
8069.4,24
8069.6,10
8069.7,0
8069.9,22
8070.6,29
8070.9,21
8073.6,1
8074.4,34
8074.9,8
8074.9,32
8075.2,39
8075.4,37
8076.0,33
8076.5,4
8076.7,5
8076.8,27
8077.2,30
8077.4,13
8078.6,26
8078.8,22
8079.8,29
8079.9,31
8081.6,35
8082.3,10
8083.6,36
8084.1,11
8084.1,17
8084.5,18
8084.9,14
8085.0,0
8085.0,32
8085.6,21
8085.7,6
8085.7,24
8087.1,5
8087.7,19
8089.3,8
8090.0,30
8090.1,28
8090.7,1
8090.7,22
8090.7,29
8091.0,2
8091.7,33
8092.1,9
8092.3,37
8092.3,39
8092.5,10
8092.5,13
8092.7,4
8092.7,32
8092.8,26
8093.3,17
8093.8,34
8094.7,35
8095.0,16
8096.4,5
8096.5,21
8096.8,14
8096.8,18
8098.2,11
8099.9,29
8100.1,15
8100.9,36
8101.5,25
8101.5,30
8101.7,23
8102.5,10
8102.7,24
8102.7,34
8103.0,6
8103.2,37
8103.3,0
8103.5,27
8103.5,32
8103.8,31
8103.8,33
8104.1,22
8104.3,4
8105.3,14
8105.5,39
8106.2,5
8106.5,8
8106.8,21
8107.4,2
8108.5,17
8110.2,13
8112.3,29
8112.8,22
8112.8,30
8113.9,10
8116.0,1
8117.0,18
8117.1,26
8117.3,32
8117.3,34
8118.2,35
8118.8,36
8119.4,21
8119.5,15
8120.1,14
8120.3,9
8120.4,5
8120.4,28
8120.7,11
8121.0,37
8121.0,39
8121.2,33
8121.2,22
8121.8,4
8124.3,0
8124.5,6
8124.9,29
8124.9,30
8125.0,24
8125.8,8
8126.5,18
8127.8,16
8127.9,31
8129.8,10
8130.0,39
8130.3,34
8130.3,35
8130.6,27
8130.7,12
8130.8,14
8130.8,17
8131.8,21
8131.9,5
8134.1,22
8134.5,32
8135.5,33
8135.6,2
8136.0,23
8136.3,36
8136.7,24
8136.9,29
8137.0,20
8137.5,37
8138.3,14
8138.7,26
8139.4,30
8140.7,10
8140.7,13
8141.0,39
8141.7,5
8141.9,0
8141.9,35
8142.4,25
8142.5,21
8143.0,4
8143.0,22
8144.6,19
8144.8,11
8145.3,18
8146.0,29
8146.1,34
8146.2,32
8147.5,31
8147.6,6
8147.9,33
8151.3,24
8151.6,0
8151.6,17
8152.1,1
8152.1,36
8152.4,8
8152.5,35
8152.6,30
8153.3,21
8153.3,15
8154.5,14
8156.0,5
8156.0,38
8156.8,4
8157.1,2
8157.1,39
8157.6,37
8158.3,34
8158.4,33
8159.2,9
8159.2,29
8159.5,12
8160.3,10
8160.3,22
8162.0,20
8163.6,0
8163.8,23
8163.9,13
8164.2,21
8164.6,31
8165.5,24
8165.5,18
8166.8,35
8167.0,2
8167.0,4
8168.0,33
8168.1,28
8168.5,5
8168.9,29
8169.6,22
8170.2,36
8170.5,30
8171.0,32
8171.5,8
8171.7,14
8172.2,10
8172.3,26
8172.6,16
8174.1,6
8174.6,17
8174.6,21
8174.8,39
8175.7,27
8176.0,37
8176.1,11
8176.5,0
8177.7,24
8178.3,5
8178.9,34
8181.0,25
8181.0,29
8181.1,18
8181.1,33
8181.7,28
8181.7,36
8181.8,15
8181.9,22
8182.5,1
8183.5,32
8184.0,35
8184.6,4
8184.7,21
8186.2,0
8186.3,24
8186.4,14
8186.6,13
8187.2,31
8187.5,30
8187.7,20
8188.8,34
8189.6,5
8190.3,10
8191.3,33
8191.4,8
8191.4,22
8193.5,11
8194.4,21
8195.2,18
8195.3,17
8196.6,2
8196.9,4
8196.9,9
8196.9,32
8197.7,29
8197.9,39
8199.0,35
8199.2,28
8199.7,24
8199.9,0
8200.8,5
8200.8,10
8200.8,36
8201.9,22
8202.1,6
8202.4,30
8202.4,34
8202.9,15
8202.9,27
8203.2,23
8203.5,14
8204.9,11
8206.1,33
8206.2,37
8206.8,29
8206.9,26
8206.9,31
8207.1,8
8207.1,21
8207.6,12
8207.8,1
8208.9,13
8210.4,5
8211.3,18
8211.6,32
8212.3,2
8212.4,10
8212.6,39
8213.2,3
8213.7,22
8214.2,17
8214.8,27
8215.2,6
8215.2,24
8215.7,4
8215.7,35
8215.7,36
8216.7,14
8216.8,29
8217.0,33
8217.5,19
8217.7,21
8219.3,20
8219.4,28
8220.3,0
8220.9,5
8221.1,25
8221.7,34
8222.2,13
8223.7,16
8224.4,1
8224.6,31
8224.7,30
8224.8,36
8225.6,8
8225.7,10
8225.7,22
8228.2,29
8228.8,26
8229.9,15
8229.9,32
8230.0,37
8230.7,14
8230.9,35
8232.3,21
8232.9,24
8233.0,18
8233.4,33
8234.4,0
8234.7,39
8235.3,5
8235.5,4
8237.0,11
8237.3,32
8237.7,6
8237.8,22
8238.2,10
8238.5,28
8238.6,34
8239.0,29
8239.6,31
8239.9,13
8240.0,1
8240.0,38
8240.2,30
8241.5,27
8241.7,35
8244.5,33
8246.6,8
8246.8,36
8246.8,18
8247.3,14
8247.6,21
8248.2,5
8248.2,37
8248.3,25
8248.5,17
8248.5,24
8248.9,29
8249.2,2
8249.4,39
8249.9,10
8250.0,6
8250.1,20
8250.2,31
8250.9,26
8251.1,22
8251.5,32
8252.4,4
8252.9,35
8255.3,23
8255.4,0
8255.9,15
8256.5,21
8256.5,28
8256.8,12
8256.8,13
8256.9,8
8257.1,5
8257.5,10
8258.1,34
8258.4,29
8258.4,30
8258.9,6
8260.2,33
8260.3,11
8260.4,24
8261.3,1
8262.2,32
8262.4,22
8262.4,27
8263.7,36
8264.9,14
8265.4,31
8265.5,26
8267.6,21
8269.6,4
8270.1,33
8270.5,5
8270.5,10
8271.6,0
8271.8,17
8272.0,2
8272.0,18
8272.1,37
8272.3,3
8272.4,25
8272.8,32
8272.8,34
8272.8,35
8272.9,8
8273.1,6
8273.1,24
8273.7,22
8274.1,29
8275.9,15
8277.4,14
8277.6,1
8277.7,21
8277.9,19
8278.3,20
8278.5,13
8278.5,39
8279.3,30
8279.3,38
8279.5,11
8279.8,35
8280.6,27
8281.0,24
8281.2,34
8281.8,4
8282.2,0
8282.8,16
8284.5,22
8286.1,10
8286.3,33
8287.1,36
8287.6,29
8288.1,18
8288.4,21
8289.0,23
8289.3,9
8289.3,32
8290.0,31
8290.4,5
8290.4,17
8290.9,2
8291.0,30
8291.6,24
8291.6,26
8292.0,27
8292.4,0
8292.4,37
8292.5,13
8292.5,14
8292.6,34
8293.2,4
8293.7,6
8293.9,35
8294.1,21
8296.0,22
8296.3,25
8297.5,8
8298.3,10
8299.5,29
8299.8,18
8300.9,33
8301.5,28
8302.2,1
8302.4,16
8304.1,17
8304.7,39
8304.8,5
8304.9,36
8305.2,13
8305.2,30
8305.4,32
8305.7,10
8306.1,14
8306.2,35
8306.6,4
8307.0,11
8307.2,2
8309.3,0
8309.9,8
8310.0,22
8310.2,34
8310.6,21
8311.5,6
8312.0,18
8312.1,24
8312.2,29
8312.3,33
8312.3,37
8313.5,27
8313.9,32
8314.2,31
8314.4,23
8315.7,26
8317.4,1
8317.4,21
8317.7,5
8317.8,17
8317.8,20
8319.4,35
8320.0,14
8320.2,22
8321.9,4
8322.0,29
8322.1,36
8322.4,30
8323.2,0
8323.4,28
8323.4,33
8324.9,9
8324.9,34
8326.6,22
8327.7,39
8328.5,5
8328.6,18
8328.8,24
8329.2,10
8329.2,25
8329.4,15
8330.1,11
8330.3,37
8330.6,8
8330.7,32
8331.1,21
8331.6,30
8332.2,35
8332.3,31
8334.1,14
8334.4,0
8334.5,17
8334.9,13
8335.3,33
8335.9,27
8336.3,1
8336.3,6
8337.0,29
8337.3,38
8338.1,24
8338.3,4
8338.3,35
8339.8,22
8339.9,34
8340.8,5
8341.3,10
8342.2,23
8342.7,26
8342.7,32
8343.3,2
8343.3,21
8344.0,19
8344.4,36
8344.4,39
8345.1,4
8345.3,37
8345.5,30
8346.0,29
8346.3,14
8347.8,27
8349.3,15
8349.6,20
8350.1,0
8350.8,33
8351.3,28
8352.0,18
8352.9,25
8352.9,31
8353.6,8
8353.7,5
8353.9,32
8354.1,13
8355.3,22
8356.3,24
8356.8,16
8357.1,2
8357.1,29
8357.4,17
8358.1,37
8358.3,36
8358.4,1
8358.4,21
8358.8,35
8359.3,10
8359.8,4
8360.5,6
8360.6,27
8361.2,12
8361.4,30
8364.2,22
8365.0,11
8365.2,33
8365.2,34
8365.5,0
8366.3,32
8366.4,5
8366.7,31
8367.4,14
8367.6,29
8368.4,39
8370.5,10
8371.0,13
8371.2,35
8371.5,21
8371.7,1
8372.7,24
8372.7,36
8373.5,4
8373.5,37
8374.7,26
8374.9,18
8375.4,3
8376.7,34
8376.8,32
8377.7,5
8377.7,22
8377.9,25
8378.0,8
8378.0,27
8378.3,0
8378.4,29
8378.5,16
8379.1,2
8379.1,31
8379.3,6
8379.3,28
8382.4,10
8382.8,30
8383.1,9
8383.1,35
8384.1,17
8384.1,19
8384.7,21
8384.8,24
8385.1,15
8385.3,14
8385.8,22
8385.9,37
8386.4,20
8386.4,33
8388.0,0
8388.5,5
8389.2,36
8389.8,23
8389.9,18
8390.0,13
8390.2,10
8391.0,39
8392.0,11
8392.6,4
8393.4,21
8393.6,12
8394.1,6
8394.1,8
8394.1,32
8394.5,1
8394.6,29
8394.8,31
8394.8,35
8395.1,24
8395.1,34
8395.6,30
8395.8,5
8395.8,22
8396.2,26
8396.4,27
8396.8,14
8398.8,37
8399.7,33
8400.7,21
8403.2,5
8405.3,0
8407.1,36
8407.2,6
8407.3,11
8407.3,18
8407.3,34
8407.6,35
8407.7,39
8407.8,10
8408.0,22
8408.0,32
8408.2,23
8408.6,15
8408.6,16
8408.6,31
8408.9,14
8408.9,25
8409.6,4
8409.7,2
8409.7,20
8409.9,29
8410.1,13
8413.7,5
8415.4,26
8415.5,8
8415.5,27
8417.0,21
8417.2,24
8417.2,29
8417.4,37
8417.6,17
8418.7,0
8418.9,22
8419.0,30
8419.0,33
8419.1,12
8419.6,7
8420.6,14
8422.3,10
8422.3,28
8422.5,4
8422.8,32
8423.7,18
8424.1,36
8425.9,21
8426.2,31
8426.5,1
8427.3,5
8427.6,6
8428.0,11
8428.1,29
8428.5,22
8429.0,39
8429.8,9
8429.8,35
8430.1,0
8430.1,20
8430.1,32
8430.4,38
8430.6,24
8431.3,15
8432.0,33
8432.1,37
8432.7,26
8434.1,13
8436.0,31
8436.4,34
8436.8,27
8437.1,8
8437.7,30
8438.1,4
8438.6,2
8438.7,14
8438.7,35
8438.8,5
8438.9,19
8439.2,17
8439.7,10
8439.9,21
8440.1,29
8440.4,18
8440.9,22
8441.2,6
8441.3,24
8441.3,25
8442.7,32
8445.0,37
8445.7,39
8445.8,28
8448.9,36
8449.1,33
8449.3,13
8449.3,24
8449.9,0
8449.9,5
8450.2,1
8450.3,30
8450.4,34
8451.0,21
8451.1,31
8451.5,35
8451.6,6
8451.8,12
8453.2,11
8453.8,18
8454.0,10
8454.5,32
8454.6,22
8454.7,16
8454.8,17
8454.9,4
8455.3,14
8456.2,29
8456.9,2
8458.4,8
8460.2,27
8460.2,33
8460.3,21
8460.8,39
8461.7,19
8462.8,37
8464.3,5
8464.8,22
8466.1,35
8466.2,30
8466.3,26
8467.0,10
8467.6,24
8469.0,18
8469.1,29
8469.6,15
8469.6,32
8470.3,14
8470.3,16
8470.8,9
8470.8,31
8470.9,33
8471.1,5
8471.3,36
8471.6,0
8471.7,4
8471.7,21
8472.4,25
8473.8,34
8474.0,17
8474.8,13
8474.9,6
8475.1,1
8475.1,22
8475.3,11
8475.4,8
8475.9,37
8476.9,23
8477.1,10
8477.3,12
8477.9,29
8479.3,30
8479.5,2
8480.0,33
8481.3,35
8482.0,39
8482.4,22
8483.1,32
8484.0,24
8484.0,27
8484.6,28
8485.1,21
8486.1,14
8486.3,5
8486.4,0
8486.7,31
8486.8,18
8487.2,4
8488.8,26
8489.1,29
8490.8,36
8491.9,33
8492.4,25
8492.7,10
8493.2,39
8493.8,37
8494.9,22
8495.1,31
8495.5,18
8495.5,0
8495.5,16
8495.8,1
8495.8,19
8496.1,13
8496.2,6
8496.2,5
8496.4,15
8496.4,20
8496.4,35
8496.6,24
8496.8,34
8496.8,9
8497.0,17
8497.2,21
8498.7,29
8498.8,8
8500.0,32
8500.5,14
8500.5,30
8501.3,2
8502.1,11
8502.2,28
8503.4,4
8504.4,24
8504.7,12
8506.2,33
8507.3,29
8507.4,22
8508.9,18
8509.5,10
8510.2,31
8510.3,28
8510.4,21
8510.7,1
8511.2,8
8512.0,0
8512.5,3
8512.9,34
8513.0,27
8513.0,32
8514.5,39
8514.7,5
8514.7,13
8514.7,19
8514.8,30
8515.2,4
8515.4,9
8515.6,33
8515.7,6
8515.9,14
8516.1,38
8517.0,11
8517.0,36
8517.1,29
8517.5,37
8517.6,22
8517.8,35
8519.8,17
8519.8,23
8519.9,31
8521.4,21
8523.1,10
8523.6,30
8523.7,5
8524.7,26
8525.7,24
8525.8,16
8526.2,28
8526.2,29
8526.9,18
8527.0,32
8527.9,6
8527.9,25
8528.5,34
8528.8,2
8529.5,0
8529.8,27
8530.1,14
8530.7,4
8530.9,33
8530.9,36
8531.7,35
8531.9,12
8532.1,22
8532.1,39
8532.4,1
8532.5,31
8533.8,21
8533.9,37
8534.2,13
8534.3,8
8537.0,10
8537.3,29
8538.9,18
8539.8,24
8540.0,33
8540.1,5
8540.2,30
8540.4,32
8540.5,11
8542.0,39
8543.0,36
8543.3,20
8543.5,6
8543.5,14
8543.5,34
8544.3,27
8544.6,22
8545.0,29
8545.8,21
8546.3,17
8546.7,15
8546.9,28
8547.0,35
8547.5,0
8547.5,18
8547.8,8
8547.9,26
8551.3,5
8551.8,23
8551.8,32
8552.3,1
8552.6,30
8552.9,10
8553.0,22
8553.3,24
8554.5,4
8554.5,37
8555.2,13
8555.7,2
8556.3,14
8556.8,21
8556.9,15
8557.0,31
8557.1,33
8558.6,39
8558.7,29
8560.1,19
8561.0,36
8562.3,0
8564.5,11
8564.9,22
8564.9,30
8565.1,5
8565.7,10
8566.7,35
8566.8,1
8566.8,32
8566.9,6
8568.4,20
8568.7,18
8569.7,27
8569.7,31
8569.8,14
8570.0,37
8570.0,33
8570.0,34
8570.5,25
8570.6,8
8570.9,12
8571.6,29
8571.7,21
8572.4,4
8573.8,22
8574.3,16
8575.4,17
8575.6,5
8575.7,26
8575.9,2
8576.4,36
8576.7,0
8576.7,32
8577.5,33
8577.6,24
8577.7,38
8577.9,10
8578.0,9
8578.2,39
8578.9,30
8579.8,18
8581.2,12
8581.2,13
8581.2,34
8582.6,29
8583.3,14
8583.4,35
8585.4,21
8585.4,32
8586.3,39
8586.9,23
8587.1,22
8588.0,28
8588.4,8
8589.5,1
8589.9,33
8590.2,15
8590.3,5
8590.3,11
8590.4,25
8590.7,31
8590.7,36
8590.7,37
8591.1,4
8591.2,30
8592.3,0
8592.3,29
8592.3,32
8593.0,10
8594.9,27
8595.9,21
8595.9,34
8596.1,17
8596.8,35
8598.3,24
8599.0,20
8599.3,14
8599.9,18
8600.7,22
8601.0,6
8602.0,3
8602.0,32
8602.1,33
8602.3,10
8602.8,26
8603.2,5
8603.4,29
8604.1,4
8604.5,2
8605.1,13
8605.6,8
8605.6,30
8607.1,0
8608.1,16
8608.3,36
8609.6,27
8609.7,1
8609.7,31
8609.7,35
8610.7,21
8610.7,24
8610.8,22
8610.8,39
8612.3,18
8614.0,37
8615.4,15
8615.5,4
8615.7,29
8615.8,10
8615.8,19
8616.1,33
8616.5,5
8616.6,32
8616.7,0
8616.7,25
8616.9,6
8617.2,14
8617.4,11
8620.8,17
8621.2,21
8621.5,1
8622.0,20
8622.2,8
8622.5,9
8622.6,34
8622.7,22
8622.9,18
8624.1,28
8624.7,2
8625.5,30
8625.9,32
8626.5,0
8626.9,24
8627.4,26
8627.6,33
8628.2,39
8628.8,31
8628.9,29
8629.5,35
8629.9,5
8631.1,10
8631.5,36
8631.7,4
8633.9,22
8634.2,32
8634.9,14
8635.5,16
8635.7,37
8635.8,34
8636.0,21
8636.6,13
8637.5,33
8638.1,6
8638.2,38
8638.4,18
8640.1,5
8640.1,31
8640.7,24
8643.1,27
8643.7,20
8643.8,22
8644.0,26
8644.0,30
8644.5,10
8644.7,0
8645.1,4
8645.3,1
8645.3,8
8645.6,15
8646.0,35
8646.9,11
8647.3,2
8647.8,29
8647.9,14
8648.4,9
8648.6,36
8648.9,25
8649.0,5
8649.3,21
8649.3,39
8649.5,17
8649.6,16
8650.3,24
8650.3,32
8651.3,28
8654.5,22
8655.0,30
8656.5,33
8656.7,37
8656.8,31
8657.7,8
8658.2,0
8659.0,35
8659.3,18
8659.3,19
8659.3,34
8659.3,29
8659.9,21
8660.3,10
8660.3,13
8660.4,4
8660.5,22
8660.6,5
8660.9,6
8660.9,17
8661.2,1
8661.5,36
8662.3,32
8662.6,12
8665.6,20
8666.2,14
8666.5,2
8667.3,24
8667.9,10
8668.4,33
8668.8,30
8669.8,26
8670.0,38
8670.0,39
8670.3,22
8670.6,0
8670.6,8
8670.6,29
8671.4,21
8674.0,4
8674.9,5
8675.0,15
8675.0,28
8675.0,32
8675.5,11
8675.6,34
8675.7,37
8676.0,14
8676.2,1
8676.7,27
8676.9,16
8678.7,33
8679.2,18
8679.4,3
8679.8,2
8681.0,29
8681.1,39
8681.3,22
8681.7,13
8681.8,4
8682.5,21
8682.5,25
8682.8,31
8683.7,30
8684.1,0
8684.5,17
8685.5,32
8685.6,10
8686.0,5
8686.3,36
8686.6,35
8687.2,24
8687.6,6
8687.8,8
8688.3,20
8688.4,1
8688.4,34
8688.5,11
8689.7,18
8689.8,37
8690.1,33
8692.4,22
8692.5,26
8694.1,15
8695.0,29
8695.6,4
8695.9,5
8696.1,21
8696.3,14
8697.3,32
8697.8,23
8698.0,35
8698.1,25
8698.4,0
8699.3,31
8699.6,9
8700.4,10
8700.7,30
8700.9,13
8701.6,22
8702.3,39
8704.7,37
8705.4,21
8706.6,33
8707.2,18
8707.4,8
8707.6,34
8708.1,2
8708.1,24
8708.3,26
8708.3,32
8709.0,1
8709.0,5
8709.2,6
8709.4,0
8709.6,27
8709.6,28
8710.1,29
8710.7,14
8711.7,4
8712.0,30
8712.8,35
8714.3,36
8714.5,17
8714.9,22
8715.0,13
8715.1,11
8715.4,10
8715.8,12
8716.2,21
8716.4,31
8717.6,20
8717.7,5
8717.7,6
8717.7,29
8717.7,33
8718.1,39
8718.2,14
8719.1,32
8719.7,15
8719.9,0
8720.3,37
8720.3,16
8720.3,35
8720.5,18
8720.5,34
8722.8,30
8723.0,24
8724.0,8
8724.9,21
8725.3,22
8725.7,25
8726.1,26
8726.3,23
8726.8,29
8727.0,0
8728.1,36
8730.5,4
8730.5,35
8731.0,33
8731.8,31
8732.0,5
8732.3,19
8732.5,3
8733.1,18
8733.4,2
8733.9,10
8734.0,34
8734.2,11
8734.5,16
8734.6,14
8735.0,32
8735.5,39
8735.6,0
8735.6,37
8735.7,22
8737.6,1
8737.7,17
8737.8,21
8737.8,28
8738.7,13
8739.0,6
8739.3,30
8740.7,29
8741.4,31
8741.6,4
8742.8,32
8743.1,35
8743.8,33
8745.1,5
8745.5,18
8745.5,22
8745.5,23
8746.2,27
8746.4,15
8746.5,26
8746.6,34
8746.8,14
8746.8,21
8747.5,24
8748.0,0
8749.2,28
8750.1,29
8750.8,10
8751.3,30
8752.0,8
8752.8,36
8753.1,33
8753.2,5
8753.7,6
8753.8,20
8754.4,37
8754.5,39
8754.8,14
8754.8,18
8755.2,25
8755.4,21
8755.4,9
8755.4,11
8756.1,22
8757.1,35
8757.5,1
8758.7,2
8758.7,32
8759.1,4
8760.1,17
8760.2,29
8760.7,34
8762.2,16
8762.4,5
8762.4,27
8763.1,31
8763.5,0
8764.8,33
8766.0,24
8766.1,39
8766.7,14
8766.7,22
8766.9,12
8767.5,37
8767.6,8
8767.9,13
8768.5,10
8768.5,32
8768.7,21
8769.0,36
8769.4,6
8769.6,11
8769.9,30
8769.9,26
8769.9,29
8772.7,35
8774.2,4
8775.9,19
8777.3,15
8777.3,22
8778.2,0
8778.3,24
8778.8,5
8779.2,33
8779.6,18
8780.4,16
8780.4,21
8780.6,31
8780.8,14
8781.1,39
8781.9,32
8782.3,30
8782.3,36
8782.4,25
8783.4,20
8783.5,17
8783.6,22
8784.2,28
8785.5,6
8786.0,34
8786.2,21
8786.3,10
8786.4,29
8786.5,23
8786.6,4
8786.6,37
8786.8,35
8787.2,27
8789.0,8
8789.1,26
8789.5,0
8790.2,5
8790.7,3
8790.7,24
8790.8,11
8791.3,38
8792.0,18
8792.8,33
8793.5,1
8794.3,22
8795.0,14
8795.5,29
8795.6,13
8795.8,32
8795.9,2
8796.5,37
8797.3,31
8797.3,36
8797.7,28
8799.1,34
8799.2,10
8799.2,15
8799.2,21
8799.7,9
8799.8,17
8800.1,0
8800.5,4
8801.1,30
8802.5,5
8804.0,35
8805.4,33
8805.7,32
8806.0,29
8806.5,6
8806.9,39
8807.0,25
8807.2,27
8807.2,24
8807.5,8
8807.5,18
8807.5,22
8807.6,14
8808.0,37
8809.5,11
8810.2,21
8813.8,30
8814.0,0
8814.3,13
8814.6,31
8815.2,5
8815.2,36
8816.7,35
8816.8,29
8816.9,8
8816.9,24
8817.0,10
8817.6,4
8817.9,34
8818.5,16
8818.6,22
8819.7,33
8819.8,14
8820.0,21
8821.2,2
8822.7,37
8823.5,6
8823.5,23
8824.4,17
8824.4,26
8824.6,32
8824.7,18
8825.4,31
8826.4,35
8826.7,4
8826.7,27
8826.8,29
8827.3,5
8827.9,30
8828.1,0
8828.4,15
8828.6,39
8829.0,11
8829.1,36
8829.4,28
8829.7,25
8830.0,10
8830.5,21
8830.7,1
8830.9,33
8831.0,20
8831.1,24
8834.6,22
8835.3,32
8835.8,13
8836.0,8
8836.0,34
8836.5,14
8837.1,18
8837.6,2
8839.2,0
8840.0,21
8841.7,17
8841.9,33
8842.0,10
8842.1,4
8842.1,37
8842.3,35
8842.6,29
8842.9,5
8842.9,12
8843.3,31
8843.7,24
8843.8,9
8844.9,6
8844.9,22
8846.6,30
8847.8,27
8848.5,1
8849.3,18
8849.3,34
8849.4,32
8849.5,14
8850.7,39
8850.8,11
8851.9,0
8852.5,36
8853.5,16
8853.6,21
8853.9,22
8854.2,10
8854.5,13
8854.7,29
8855.6,5
8855.8,7
8855.8,35
8855.9,8
8856.3,28
8856.4,4
8856.4,31
8856.6,23
8857.0,25
8858.9,37
8859.3,24
8860.3,6
8862.8,30
8862.8,32
8863.5,21
8863.8,33
8863.9,18
8864.6,29
8865.1,35
8867.2,22
8867.5,5
8867.9,0
8867.9,39
8869.3,10
8869.9,1
8869.9,14
8870.0,27
8870.5,20
8870.9,36
8871.2,21
8871.2,24
8871.8,4
8872.1,26
8872.7,29
8875.3,17
8875.7,25
8875.7,37
8875.9,35
8876.2,8
8876.5,38
8877.1,22
8877.2,28
8877.3,14
8877.5,32
8877.8,13
8878.1,30
8879.3,33
8879.8,5
8880.4,18
8880.4,34
8880.6,31
8880.7,39
8881.0,0
8881.0,36
8881.1,24
8881.3,6
8881.3,11
8881.9,21
8882.8,17
8883.4,2
8884.1,29
8884.8,9
8884.9,22
8885.5,10
8886.0,20
8887.2,15
8887.8,27
8888.1,4
8888.5,35
8889.1,32
8890.0,19
8890.2,1
8891.1,30
8891.8,26
8893.9,5
8895.6,0
8895.6,16
8895.6,21
8896.1,36
8896.1,37
8896.9,22
8897.1,34
8897.3,14
8897.3,18
8897.9,8
8898.5,6
8898.8,11
8899.2,24
8899.3,29
8899.3,39
8900.8,10
8900.9,32
8904.8,33
8905.5,13
8905.9,27
8906.8,35
8906.9,3
8907.2,4
8907.3,0
8907.7,23
8907.8,22
8908.6,31
8908.6,21
8909.0,5
8909.5,10
8909.5,29
8909.7,28
8909.7,36
8909.9,8
8910.3,37
8910.6,12
8911.4,34
8911.8,30
8912.0,14
8912.2,32
8912.3,1
8915.4,39
8916.2,18
8916.4,11
8916.5,21
8916.6,35
8916.9,33
8917.0,24
8917.3,0
8917.6,6
8918.8,2
8918.8,22
8919.7,20
8920.3,5
8920.3,14
8921.9,4
8921.9,19
8922.0,17
8922.8,29
8923.0,37
8923.6,9
8923.8,8
8924.4,32
8926.4,10
8926.5,36
8926.9,34
8928.1,31
8928.3,35
8929.6,0
8929.6,13
8929.7,14
8929.7,22
8930.7,39
8931.2,21
8931.6,18
8931.6,30
8931.8,27
8932.2,26
8932.9,24
8934.0,32
8934.3,25
8935.4,11
8935.5,33
8935.7,15
8936.3,23
8936.7,36
8938.2,20
8938.4,4
8939.2,21
8939.4,5
8939.5,2
8940.0,37
8940.6,29
8940.9,10
8941.7,34
8941.8,6
8941.9,1
8941.9,28
8942.0,8
8942.2,0
8942.5,31
8942.7,17
8942.8,27
8943.1,14
8943.3,33
8944.0,22
8944.4,32
8944.7,35
8945.9,30
8947.4,21
8948.6,16
8949.3,24
8949.7,18
8951.0,3
8951.3,29
8953.0,13
8953.1,5
8953.3,39
8953.5,15
8953.8,10
8954.3,0
8954.3,12
8954.4,6
8956.2,32
8957.7,33
8957.9,22
8958.1,14
8958.3,4
8958.4,36
8959.0,31
8959.6,21
8959.8,8
8959.8,17
8959.9,37
8960.4,34
8961.4,26
8961.7,35
8961.9,1
8962.7,27
8963.0,24
8963.1,30
8963.3,6
8963.3,10
8967.1,29
8967.2,21
8968.0,5
8968.4,0
8968.8,18
8969.0,32
8969.0,33
8969.2,11
8969.6,22
8969.6,39
8969.7,2
8969.7,14
8969.7,28
8969.8,25
8969.9,13
8971.8,10
8972.6,9
8973.1,35
8973.2,6
8973.2,24
8974.0,17
8974.4,36
8975.5,32
8976.6,8
8976.9,4
8978.4,29
8978.7,21
8978.9,22
8979.3,30
8979.5,27
8980.1,23
8980.1,31
8980.5,5
8980.6,1
8980.9,37
8981.6,0
8981.6,16
8981.8,19
8982.2,33
8982.3,15
8982.3,35
8982.5,28
8983.0,18
8983.4,20
8983.9,32
8986.2,36
8986.3,10
8987.8,29
8988.3,6
8988.3,34
8988.6,14
8989.0,21
8991.2,22
8991.7,11
8991.7,4
8992.0,24
8992.3,35
8993.1,5
8993.2,31
8993.4,13
8993.8,0
8995.3,39
8995.7,12
8996.2,30
8996.2,37
8996.7,10
8996.7,38
8997.0,1
8997.1,33
8997.6,32
8998.3,27
8999.9,29
9000.3,21
9000.4,8
9000.5,22
9002.9,25
9003.1,18
9003.1,36
9004.5,2
9004.8,26
9005.1,4
9005.4,14
9005.8,34
9005.8,39
9006.1,5
9006.1,15
9006.2,35
9006.5,6
9007.7,37
9007.9,24
9009.0,3
9009.2,13
9010.8,21
9010.9,10
9011.6,0
9012.8,11
9013.1,32
9013.3,22
9013.4,31
9014.2,17
9014.3,36
9014.4,33
9014.7,23
9014.9,8
9015.9,2
9017.2,28
9018.1,29
9018.1,30
9018.6,5
9019.1,35
9019.9,4
9019.9,14
9020.6,26
9020.6,24
9020.8,37
9021.2,21
9021.6,27
9021.8,22
9022.1,0
9022.9,18
9023.4,1
9024.3,29
9025.9,16
9025.9,17
9026.1,10
9026.1,39
9026.4,32
9026.7,5
9026.9,30
9027.4,20
9027.4,33
9027.4,36
9027.5,34
9028.1,6
9030.0,22
9031.6,12
9031.8,31
9031.9,35
9032.2,21
9033.6,13
9034.1,4
9036.1,26
9036.1,37
9036.6,11
9036.6,19
9037.2,14
9037.3,18
9037.9,24
9039.0,33
9039.3,32
9039.6,27
9039.8,29
9040.5,0
9040.5,25
9040.7,5
9041.1,39
9041.2,28
9041.3,22
9041.3,30
9041.5,8
9042.2,2
9042.6,34
9043.0,21
9044.1,9
9045.8,35
9045.9,10
9046.1,14
9046.1,31
9046.3,4
9046.5,32
9046.5,36
9046.8,1
9046.8,17
9046.8,20
9047.2,3
9047.9,6
9048.0,15
9048.2,13
9048.8,24
9050.9,29
9051.7,37
9051.9,18
9052.2,30
9052.9,16
9053.3,33
9053.3,5
9053.3,22
9054.9,21
9055.1,11
9055.5,23
9057.2,27
9058.0,34
9059.6,36
9060.2,32
9061.0,17
9061.6,14
9061.7,8
9061.7,29
9062.3,0
9062.3,31
9062.3,35
9062.3,39
9062.7,6
9062.7,22
9063.0,1
9063.0,19
9063.4,18
9063.7,24
9063.9,28
9064.2,2
9066.2,5
9066.4,10
9066.9,33
9067.4,4
9067.8,25
9068.1,30
9068.4,26
9069.6,29
9071.2,21
9072.1,20
9072.1,32
9072.3,37
9072.4,13
9073.3,34
9075.8,5
9076.2,35
9076.6,0
9076.7,14
9077.7,10
9077.9,39
9078.0,33
9078.1,15
9078.3,22
9078.3,31
9080.7,29
9082.8,36
9083.1,17
9083.1,21
9083.3,24
9083.7,28
9084.3,18
9084.4,16
9085.4,22
9085.8,27
9086.9,8
9087.1,30
9087.5,1
9088.8,37
9088.9,32
9089.0,33
9089.2,10
9089.3,6
9089.4,35
9089.7,14
9090.1,11
9090.2,36
9090.3,29
9090.4,5
9090.5,4
9090.5,13
9090.8,2
9090.9,25
9091.4,39
9091.8,9
9091.8,12
9091.9,0
9092.0,24
9092.0,34
9092.7,15
9094.7,31
9096.5,21
9097.6,3
9097.9,22
9098.3,26
9099.3,32
9099.5,23
9101.2,30
9101.4,5
9101.5,4
9101.9,10
9102.3,29
9103.3,17
9103.4,0
9103.5,39
9103.6,2
9103.9,35
9104.5,37
9104.8,14
9104.9,6
9105.0,34
9105.9,28
9106.6,33
9106.7,22
9107.5,21
9107.8,8
9107.8,18
9107.9,24
9108.1,1
9109.3,32
9110.5,13
9111.4,36
9112.1,31
9113.5,10
9113.8,27
9113.8,30
9113.9,19
9114.5,5
9115.1,16
9115.1,20
9115.4,29
9115.6,4
9116.0,33
9117.1,0
9117.3,22
9117.7,39
9118.2,17
9118.8,34
9119.6,35
9119.9,6
9121.5,21
9122.0,37
9122.5,24
9122.7,14
9123.1,8
9123.5,32
9124.9,22
9126.1,29
9126.4,15
9126.8,0
9127.0,18
9127.4,11
9127.4,25
9127.7,28
9127.8,5
9128.1,31
9129.9,36
9130.2,30
9130.4,35
9130.6,4
9132.3,2
9132.5,21
9132.9,13
9133.3,22
9133.7,33
9133.8,14
9133.9,10
9134.5,27
9134.8,26
9134.8,32
9137.4,17
9137.8,6
9137.8,16
9138.2,5
9138.6,24
9139.5,25
9141.5,39
9141.6,29
9141.6,37
9141.9,11
9142.6,8
9143.7,10
9143.8,31
9144.1,36
9144.5,35
9144.6,33
9145.1,0
9145.8,30
9145.9,19
9145.9,21
9146.0,22
9146.1,4
9146.1,34
9146.4,1
9146.6,9
9146.8,18
9147.3,5
9150.9,32
9151.2,12
9151.4,14
9152.7,2
9153.3,13
9153.9,27
9154.2,0
9154.2,21
9154.4,24
9155.4,29
9155.5,33
9155.7,6
9156.1,20
9156.5,15
9156.6,10
9156.8,16
9156.8,39
9157.7,26
9157.8,35
9157.8,22
9158.2,28
9158.4,14
9159.9,5
9160.1,4
9160.1,23
9160.6,36
9161.1,17
9161.2,37
9161.8,31
9162.5,0
9162.5,30
9162.5,32
9165.1,21
9166.5,11
9167.0,18
9167.2,33
9168.2,24
9168.2,34
9168.4,10
9168.8,8
9168.9,29
9169.3,22
9170.2,0
9170.6,5
9173.8,30
9174.1,12
9174.6,1
9175.2,25
9175.3,32
9176.5,13
9177.0,29
9177.7,21
9177.8,17
9177.9,35
9178.6,18
9178.8,33
9179.1,4
9179.4,37
9179.6,8
9180.3,39
9180.9,22
9181.3,6
9181.5,14
9181.9,0
9182.0,31
9182.2,2
9182.5,28
9184.2,5
9185.0,23
9185.9,36
9186.0,10
9186.4,24
9187.0,1
9187.1,29
9187.4,34
9187.7,21
9188.0,27
9188.9,15
9189.6,35
9189.8,11
9190.1,26
9190.6,16
9190.6,30
9190.7,33
9191.2,22
9191.8,14
9193.9,5
9194.2,32
9194.9,0
9195.7,39
9195.8,19
9196.9,4
9196.9,21
9197.8,9
9197.9,10
9198.6,13
9198.8,18
9198.9,38
9199.0,17
9199.4,24
9199.6,8
9202.1,6
9202.4,22
9202.7,35
9202.7,2
9203.1,34
9203.2,30
9203.2,33
9203.5,37
9203.7,29
9204.1,11
9204.2,0
9205.7,36
9208.9,21
9209.0,14
9210.4,5
9210.8,32
9211.2,25
9212.0,13
9212.3,15
9212.3,18
9212.5,31
9213.4,29
9213.7,30
9213.9,26
9214.1,38
9214.2,1
9214.4,24
9214.5,10
9214.6,33
9214.9,4
9215.0,22
9215.2,20
9215.9,8
9217.1,11
9217.8,27
9217.8,28
9218.0,35
9218.5,36
9218.6,0
9219.0,21
9219.1,34
9219.4,18
9219.4,32
9219.9,5
9220.2,9
9221.1,2
9222.1,14
9222.4,33
9223.2,10
9223.3,17
9224.0,37
9225.4,22
9226.0,30
9226.1,29
9226.6,39
9227.1,31
9227.3,1
9228.9,16
9229.5,24
9231.0,5
9231.2,4
9231.6,7
9231.7,6
9231.9,21
9232.2,34
9232.3,32
9232.4,35
9233.1,18
9233.5,8
9234.0,0
9234.6,13
9235.5,22
9235.5,29
9236.1,14
9236.3,36
9236.5,33
9237.7,10
9237.7,20
9238.0,26
9239.0,5
9239.0,27
9240.7,4
9241.3,24
9241.9,15
9242.1,23
9242.7,11
9242.7,30
9243.2,29
9243.4,32
9243.7,37
9243.8,19
9243.8,31
9244.9,38
9245.0,22
9245.1,21
9245.2,34
9245.4,18
9245.5,14
9249.1,0
9249.5,17
9250.9,10
9250.9,27
9251.0,24
9251.8,35
9252.3,1
9252.4,33
9252.8,13
9252.9,39
9253.1,2
9253.1,5
9253.2,8
9253.7,22
9254.1,6
9254.3,25
9254.5,36
9254.5,29
9256.8,32
9257.2,21
9257.7,18
9257.9,30
9258.4,14
9258.6,17
9258.8,28
9259.1,12
9259.2,34
9259.4,37
9259.8,4
9260.1,36
9260.8,29
9261.3,26
9261.3,31
9261.8,35
9261.9,0
9264.1,22
9265.2,32
9265.7,10
9269.5,5
9269.9,16
9269.9,24
9270.1,11
9270.2,33
9270.4,21
9271.1,26
9271.2,6
9271.2,39
9271.4,4
9271.4,31
9271.6,1
9271.7,19
9271.7,28
9271.7,30
9272.8,29
9273.2,13
9275.5,22
9275.7,14
9275.9,36
9276.4,27
9276.8,3
9277.3,35
9277.4,37
9277.9,2
9278.0,15
9278.4,0
9278.4,8
9278.4,18
9278.4,32
9278.4,34
9279.1,9
9279.2,5
9279.3,33
9281.8,30
9281.9,21
9281.9,17
9282.4,10
9284.0,4
9285.4,20
9286.2,11
9286.3,12
9286.4,31
9286.6,14
9286.9,13
9286.9,39
9287.3,29
9288.0,22
9288.1,5
9288.2,6
9288.2,35
9288.2,38
9288.5,24
9288.5,32
9290.0,18
9291.2,33
9292.2,37
9292.5,1
9294.1,28
9294.4,21
9294.9,0
9295.0,25
9296.3,10
9296.8,34
9297.2,32
9297.3,26
9297.8,36
9298.7,8
9299.2,4
9299.8,17
9300.5,27
9300.5,29
9300.7,5
9300.9,16
9301.0,35
9301.2,30
9301.4,31
9301.9,22
9302.5,2
9303.5,24
9304.4,14
9304.7,33
9304.8,18
9306.5,6
9308.0,13
9308.4,39
9309.3,15
9310.2,9
9310.2,36
9310.4,0
9310.5,11
9310.7,21
9310.8,29
9311.0,1
9311.3,24
9311.6,5
9311.6,28
9312.0,37
9312.7,4
9313.3,25
9313.3,31
9313.4,10
9313.6,22
9314.3,14
9314.4,23
9314.5,32
9314.8,30
9315.4,35
9315.5,13
9316.4,34
9319.4,3
9319.4,33
9320.9,8
9323.0,12
9324.1,21
9324.5,2
9324.5,10
9324.6,26
9324.7,30
9325.0,20
9325.0,22
9326.1,29
9326.1,35
9326.3,18
9326.4,32
9326.5,17
9326.7,0
9327.2,31
9327.4,4
9327.9,27
9328.6,39
9329.2,5
9329.3,37
9330.0,24
9330.5,16
9331.6,14
9334.5,36
9334.8,38
9335.0,1
9335.2,13
9335.4,10
9336.0,33
9336.3,29
9337.8,6
9337.9,32
9338.4,5
9338.6,28
9338.8,30
9339.1,31
9339.3,22
9339.6,21
9340.2,0
9340.7,14
9341.2,34
9341.4,11
9341.6,2
9342.7,39
9343.6,35
9343.8,17
9344.6,15
9344.9,18
9345.8,29
9345.9,9
9345.9,24
9346.7,33
9347.3,21
9348.3,4
9349.3,5
9349.5,8
9351.1,36
9351.4,1
9351.7,27
9352.1,10
9352.1,12
9352.5,20
9352.7,18
9352.7,22
9353.3,37
9353.8,34
9353.8,35
9354.0,14
9354.1,19
9354.4,6
9355.1,30
9355.5,0
9355.6,32
9356.0,31
9356.7,39
9356.9,21
9357.5,11
9358.7,29
9358.9,17
9359.7,33
9360.2,13
9360.4,26
9361.6,5
9361.7,36
9364.0,24
9364.5,22
9365.1,8
9365.2,4
9365.4,19
9365.8,2
9366.0,35
9366.1,10
9367.2,37
9367.3,16
9367.8,14
9367.8,30
9368.2,15
9369.1,34
9370.0,31
9370.9,21
9371.1,39
9371.4,27
9371.5,0
9371.8,11
9372.2,6
9372.4,25
9372.7,29
9372.7,18
9376.0,32
9376.4,5
9376.7,13
9377.8,22
9377.8,33
9378.2,10
9378.3,1
9378.7,28
9379.3,24
9379.5,36
9379.8,14
9379.9,17
9379.9,30
9380.0,4
9381.5,0
9381.5,21
9381.9,29
9382.9,12
9385.9,6
9385.9,11
9387.0,15
9387.0,34
9387.0,35
9387.2,23
9388.6,24
9388.7,8
9388.9,32
9389.5,25
9389.5,36
9389.6,5
9390.2,22
9390.4,9
9390.7,33
9391.0,14
9391.1,17
9391.4,27
9392.6,37
9393.0,18
9394.6,29
9395.8,10
9396.0,13
9396.2,0
9396.2,21
9397.0,30
9397.6,4
9397.7,28
9397.9,7
9398.2,16
9398.3,20
9398.3,39
9399.1,5
9399.1,31
9400.9,35
9402.0,23
9402.0,34
9402.8,33
9403.2,22
9405.2,2
9405.4,32
9405.8,24
9405.8,29
9406.3,4
9406.6,18
9406.7,19
9407.3,14
9407.7,0
9408.1,11
9409.3,10
9409.6,26
9409.8,6
9409.8,35
9409.9,30
9410.8,27
9410.8,21
9411.6,37
9413.2,8
9413.3,17
9413.3,25
9413.3,32
9414.6,5
9415.1,22
9415.2,36
9415.9,31
9416.5,33
9418.8,4
9418.9,13
9419.1,29
9419.9,21
9420.6,18
9420.8,3
9420.8,14
9421.3,1
9422.5,24
9422.8,0
9422.9,15
9423.6,22
9423.9,27
9424.2,30
9425.8,32
9426.0,39
9426.4,34
9426.5,5
9426.6,10
9426.6,28
9426.7,33
9427.6,17
9427.8,35
9427.9,2
9428.3,12
9428.6,26
9429.0,29
9429.2,6
9430.6,8
9431.5,21
9431.5,22
9431.7,20
9431.8,11
9432.1,32
9434.9,14
9435.0,37
9435.1,16
9436.0,4
9436.2,18
9436.2,31
9436.9,36
9437.7,5
9437.7,23
9438.1,10
9438.3,0
9438.4,24
9439.5,29
9439.5,34
9439.9,21
9440.2,6
9440.2,27
9440.3,9
9440.8,33
9443.2,39
9443.8,30
9443.8,35
9444.3,22
9446.9,32
9447.2,28
9447.6,13
9448.0,11
9448.3,1
9448.3,5
9448.4,26
9448.5,17
9448.6,37
9449.1,8
9449.4,24
9451.2,4
9451.2,18
9451.2,29
9451.6,14
9452.2,22
9452.2,25
9453.1,21
9453.4,10
9453.9,35
9453.9,36
9454.4,34
9454.5,30
9455.0,33
9455.1,2
9455.4,31
9455.5,0
9458.0,13
9458.7,27
9459.6,15
9460.2,6
9460.4,5
9462.7,20
9462.9,22
9463.2,3
9463.2,26
9463.2,30
9464.0,29
9464.1,37
9464.4,32
9464.5,24
9464.6,14
9464.8,0
9464.8,21
9465.5,23
9466.0,39
9466.3,8
9466.7,10
9466.9,33
9468.4,16
9469.9,2
9470.7,18
9472.4,1
9472.4,4
9472.4,13
9473.2,36
9473.3,24
9473.7,27
9474.0,5
9474.1,35
9474.3,34
9474.7,11
9475.2,6
9475.6,31
9475.6,32
9476.0,17
9476.0,25
9476.6,19
9476.8,33
9476.9,21
9476.9,22
9477.3,18
9477.6,28
9477.8,29
9478.2,14
9478.5,0
9480.3,10
9480.4,39
9480.6,37
9481.4,30
9483.8,15
9484.0,4
9484.0,8
9484.6,22
9484.8,5
9485.1,35
9485.3,21
9486.0,0
9487.6,32
9488.9,34
9489.4,17
9489.6,38
9489.9,25
9490.3,18
9491.4,11
9491.7,13
9491.9,36
9492.2,14
9492.3,31
9492.3,39
9493.4,2
9493.4,10
9493.4,26
9493.5,23
9493.6,29
9494.5,24
9494.7,1
9494.7,21
9496.0,33
9496.2,5
9496.2,35
9496.6,4
9497.4,6
9497.4,27
9498.1,28
9498.1,32
9498.3,30
9498.4,22
9499.1,8
9501.9,37
9502.3,14
9503.1,20
9503.1,29
9503.4,0
9505.1,34
9505.4,5
9505.4,11
9509.0,33
9509.2,21
9509.4,35
9509.9,4
9509.9,17
9509.9,1
9509.9,10
9511.0,15
9511.2,39
9511.6,22
9511.6,31
9512.2,32
9512.5,2
9512.5,24
9512.7,25
9513.0,36
9513.3,6
9513.5,30
9513.7,3
9513.7,18
9513.8,29
9514.7,8
9515.9,34
9517.2,27
9517.4,14
9517.5,5
9518.2,0
9518.6,33
9519.9,22
9520.1,10
9520.3,32
9521.0,21
9521.2,13
9521.4,23
9521.7,28
9521.8,16
9521.8,37
9521.9,35
9523.8,29
9524.1,26
9525.6,11
9525.9,18
9526.9,39
9527.6,2
9528.0,5
9528.2,36
9528.4,4
9528.4,24
9529.2,17
9530.3,22
9531.9,14
9532.4,33
9533.6,30
9533.8,21
9534.0,32
9534.3,34
9534.3,10
9534.6,25
9534.9,13
9534.9,31
9535.3,1
9535.3,27
9535.5,29
9535.8,37
9537.4,0
9537.7,15
9538.2,20
9538.6,35
9539.0,21
9541.7,5
9542.6,22
9543.2,11
9543.5,24
9544.3,18
9545.0,23
9545.9,8
9546.4,6
9546.4,36
9546.7,4
9547.1,32
9547.3,2
9547.7,33
9547.8,16
9548.0,14
9548.0,5
9548.5,29
9548.5,30
9548.7,9
9549.1,37
9549.6,35
9550.7,10
9551.5,13
9551.9,21
9552.4,22
9552.5,28
9553.6,1
9554.6,34
9555.7,17
9556.0,19
9556.3,31
9556.3,24
9557.2,32
9557.5,8
9557.5,27
9557.9,6
9558.0,0
9558.0,11
9558.0,35
9559.3,21
9560.0,29
9560.1,26
9560.8,23
9561.3,18
9561.6,4
9561.6,5
9562.6,22
9563.1,38
9564.0,14
9566.3,33
9566.8,10
9567.4,12
9567.5,39
9568.1,31
9568.8,37
9569.6,35
9569.7,5
9569.8,15
9569.8,21
9570.9,32
9571.4,6
9572.7,22
9573.3,25
9574.1,24
9574.3,36
9575.1,0
9575.5,13
9575.5,26
9575.9,20
9575.9,29
9575.9,30
9576.1,14
9576.2,1
9577.0,11
9577.6,3
9578.4,5
9578.7,2
9579.1,28
9579.3,4
9580.1,33
9580.4,27
9580.5,21
9580.9,34
9581.9,10
9582.7,22
9583.3,31
9584.2,29
9584.4,35
9584.6,15
9584.6,17
9584.9,37
9587.5,8
9588.1,18
9588.1,24
9588.6,32
9589.2,16
9589.7,21
9590.0,11
9590.2,14
9590.2,23
9590.5,0
9590.7,39
9591.7,33
9591.9,1
9592.5,30
9593.1,29
9593.1,36
9593.3,5
9594.9,26
9595.3,4
9595.5,10
9595.9,2
9595.9,6
9598.2,22
9599.1,21
9599.4,34
9600.0,35
9601.0,13
9601.2,37
9601.5,14
9601.7,0
9602.1,33
9602.1,9
9602.8,29
9602.9,27
9603.4,2
9603.7,32
9604.3,28
9604.4,30
9604.9,31
9605.8,18
9607.0,20
9607.8,4
9608.0,15
9608.1,5
9609.3,39
9609.6,22
9609.8,10
9609.8,19
9609.8,24
9611.5,14
9611.6,17
9612.4,11
9613.2,8
9613.4,29
9613.5,21
9613.8,34
9615.3,35
9615.5,26
9615.7,1
9615.8,31
9616.9,32
9617.3,33
9617.7,22
9617.8,36
9618.2,30
9618.8,18
9619.4,5
9619.4,23
9620.3,13
9620.3,37
9621.2,6
9621.5,21
9622.4,0
9622.9,4
9622.9,25
9624.5,24
9624.9,39
9625.1,10
9625.7,16
9626.0,1
9626.0,28
9626.4,14
9627.4,32
9627.9,2
9627.9,29
9628.4,31
9629.8,34
9630.0,36
9630.2,8
9630.4,33
9630.7,17
9631.4,35
9632.9,18
9633.1,22
9633.1,23
9633.4,15
9633.8,27
9634.0,30
9634.5,3
9634.5,5
9636.3,4
9636.6,26
9636.7,21
9637.2,0
9638.3,13
9638.3,29
9640.6,10
9640.7,1
9641.2,33
9641.7,22
9642.2,6
9642.3,32
9642.3,39
9643.2,2
9643.7,14
9644.0,11
9644.3,17
9644.3,36
9645.5,37
9645.6,35
9647.5,24
9647.6,34
9647.8,16
9647.8,30
9648.4,29
9649.1,27
9650.0,5
9650.6,18
9650.7,31
9651.2,22
9651.8,21
9653.7,0
9653.8,32
9654.1,20
9654.5,10
9654.6,25
9655.2,33
9656.6,4
9656.9,8
9658.2,29
9660.6,22
9661.1,13
9662.4,14
9662.6,2
9662.6,24
9662.9,21
9663.1,36
9663.3,5
9663.5,26
9663.7,35
9664.4,15
9664.6,0
9664.9,39
9665.1,37
9665.2,10
9665.3,30
9666.3,27
9666.6,33
9666.7,6
9668.0,11
9670.0,24
9670.0,29
9671.1,18
9671.4,22
9671.8,17
9672.0,34
9672.3,1
9672.3,28
9672.3,8
9673.3,4
9673.4,5
9673.5,32
9674.0,9
9674.1,3
9674.4,14
9674.5,12
9674.5,31
9674.7,10
9674.9,19
9676.4,21
9676.8,0
9677.2,23
9682.0,29
9682.1,13
9682.1,37
9683.4,22
9683.4,32
9683.7,35
9683.7,15
9684.3,26
9684.6,21
9684.6,27
9684.6,39
9684.7,2
9685.1,6
9685.1,31
9685.2,33
9685.7,11
9686.0,30
9686.0,36
9686.3,5
9686.3,18
9687.3,8
9687.6,24
9688.3,0
9690.2,34
9690.4,10
9690.4,20
9691.5,32
9691.9,1
9693.8,4
9694.3,35
9694.7,14
9694.8,37
9694.8,38
9695.0,17
9695.4,22
9695.7,29
9695.8,28
9696.1,5
9696.6,16
9696.9,21
9697.1,3
9697.7,30
9699.1,23
9699.1,31
9699.2,0
9699.3,10
9700.4,26
9701.5,18
9702.6,35
9702.7,13
9703.3,33
9703.6,39
9703.8,32
9703.9,21
9703.9,24
9704.8,34
9704.9,22
9705.0,25
9705.6,29
9705.7,9
9706.1,2
9706.6,14
9707.0,12
9707.1,36
9708.6,30
9708.7,11
9710.4,6
9710.6,5
9710.6,27
9710.7,33
9710.8,1
9710.8,37
9711.2,0
9713.1,22
9714.1,18
9714.3,35
9714.5,10
9715.7,29
9715.7,31
9716.0,15
9717.1,26
9717.3,8
9717.3,34
9718.2,24
9718.3,4
9718.5,36
9720.0,14
9720.3,21
9720.6,30
9720.6,32
9721.0,5
9721.0,17
9721.4,33
9724.1,13
9724.8,29
9725.8,37
9726.1,22
9726.8,28
9727.0,10
9727.6,2
9728.6,39
9728.7,0
9728.7,36
9728.8,35
9728.9,16
9729.0,18
9729.1,1
9730.4,21
9730.4,25
9730.6,6
9730.6,24
9730.8,8
9731.3,4
9731.5,31
9731.8,5
9733.4,22
9733.9,19
9735.4,11
9735.7,14
9735.7,32
9735.8,10
9735.9,30
9738.2,33
9738.8,13
9738.9,23
9738.9,37
9739.0,29
9739.4,15
9739.7,21
9740.1,34
9740.6,26
9740.7,27
9740.7,39
9742.3,0
9742.5,22
9743.8,32
9744.1,5
9744.6,17
9744.7,25
9745.4,35
9745.5,16
9746.0,24
9746.1,8
9746.4,6
9746.6,10
9747.2,30
9747.2,36
9747.5,31
9749.7,28
9750.7,11
9750.9,4
9751.7,21
9752.8,14
9752.8,29
9753.0,5
9753.3,9
9753.6,2
9754.5,0
9755.1,18
9755.2,22
9755.3,6
9755.4,1
9755.8,33
9755.9,10
9755.9,20
9756.9,32
9757.2,39
9757.5,24
9757.8,34
9758.0,37
9758.4,36
9760.9,8
9761.1,13
9762.1,26
9762.6,21
9762.6,31
9763.2,23
9763.6,3
9763.8,5
9764.2,29
9764.9,12
9765.1,35
9765.4,30
9765.7,24
9765.9,25
9766.6,32
9766.9,4
9767.6,22
9768.1,17
9768.1,18
9769.1,10
9769.1,33
9769.1,0
9769.5,11
9770.8,36
9771.2,8
9771.4,14
9772.7,16
9773.3,39
9774.3,28
9774.4,34
9775.9,27
9776.1,21
9776.9,15
9777.4,18
9777.6,30
9778.0,31
9778.0,35
9778.7,22
9778.7,24
9778.7,29
9778.9,37
9779.6,33
9780.4,0
9780.6,32
9780.7,6
9781.3,5
9781.7,2
9783.6,4
9784.7,13
9784.9,36
9786.0,10
9786.5,25
9786.6,20
9787.4,11
9787.9,21
9788.0,32
9788.3,24
9788.3,30
9788.4,26
9788.4,29
9788.8,5
9789.6,34
9790.0,9
9790.0,14
9790.3,22
9791.0,39
9791.5,1
9792.0,8
9792.3,33
9792.5,18
9792.8,37
9793.4,31
9798.3,0
9798.9,35
9799.1,24
9799.1,30
9800.0,10
9800.3,23
9800.3,29
9800.6,21
9801.3,2
9801.9,22
9802.0,11
9802.6,12
9802.8,5
9802.9,37
9803.1,4
9803.7,17
9803.8,36
9804.0,32
9804.7,6
9805.3,33
9805.7,28
9806.3,16
9807.1,31
9807.7,27
9808.0,19
9808.2,39
9808.9,15
9810.2,10
9810.4,14
9810.6,13
9811.0,9
9811.2,18
9811.8,35
9812.3,24
9812.5,8
9812.5,22
9812.7,20
9812.8,5
9812.8,29
9812.8,36
9812.9,1
9813.4,30
9813.5,4
9814.6,34
9815.0,21
9816.5,37
9818.1,32
9818.7,25
9818.8,27
9819.8,22
9820.0,14
9820.0,33
9820.5,0
9821.7,4
9821.7,11
9822.1,35
9822.2,30
9822.2,39
9822.4,31
9822.7,5
9824.6,23
9824.9,26
9825.3,6
9826.7,17
9826.9,29
9826.9,34
9827.0,21
9827.1,24
9828.4,28
9828.6,14
9829.1,10
9829.7,22
9829.7,32
9830.7,36
9831.6,1
9831.8,8
9832.9,18
9833.6,13
9834.1,4
9834.3,26
9834.8,35
9836.0,2
9836.1,5
9836.7,29
9836.9,21
9837.2,25
9837.2,37
9837.4,11
9837.5,15
9837.7,0
9837.7,32
9838.0,33
9840.1,30
9841.4,22
9843.1,39
9843.8,14
9843.8,20
9844.2,6
9844.3,18
9844.4,0
9844.6,27
9845.0,34
9845.1,21
9845.2,35
9845.5,1
9845.7,29
9845.8,24
9846.0,31
9846.1,10
9848.1,16
9848.2,5
9849.4,28
9849.7,36
9851.1,22
9852.9,21
9853.5,4
9853.5,6
9854.0,11
9854.3,13
9854.5,32
9855.4,8
9855.4,12
9855.5,39
9855.8,0
9855.8,33
9855.8,37
9855.9,25
9856.3,17
9856.9,30
9857.3,9
9857.7,24
9857.9,22
9858.4,10
9858.7,29
9858.9,5
9859.0,14
9860.0,27
9860.9,35
9862.5,2
9863.4,36
9863.5,34
9864.6,21
9866.5,31
9867.0,6
9867.1,7
9867.2,26
9867.6,32
9868.0,30
9868.4,33
9868.7,29
9869.3,22
9869.6,39
9870.1,8
9870.2,15
9870.9,18
9871.7,0
9873.5,10
9873.5,35
9874.0,3
9874.1,24
9874.7,11
9874.7,14
9875.2,1
9875.7,31
9876.3,37
9876.7,22
9877.5,16
9877.5,21
9877.6,32
9878.0,5
9878.1,29
9878.2,34
9878.4,17
9878.4,19
9878.6,4
9878.7,13
9879.8,33
9880.4,39
9882.4,18
9882.5,10
9882.8,36
9884.0,8
9884.2,0
9884.9,2
9885.7,1
9885.9,27
9886.6,6
9886.8,21
9887.5,25
9887.6,31
9888.4,35
9888.5,22
9889.2,24
9889.2,30
9890.5,29
9891.3,32
9892.1,5
9892.8,34
9893.9,26
9894.0,4
9894.9,14
9895.9,33
9896.4,28
9896.8,13
9897.3,37
9898.6,1
9899.4,21
9900.2,36
9900.3,22
9900.7,29
9901.8,32
9902.3,15
9902.7,20
9903.0,35
9903.3,10
9903.7,5
9903.8,4
9904.8,0
9905.5,16
9906.1,28
9906.2,17
9906.2,30
9906.3,11
9906.5,6
9906.8,14
9906.9,27
9907.8,21
9908.0,18
9908.1,2
9908.6,8
9909.2,31
9910.4,22
9910.6,24
9910.8,9
9910.8,33
9911.4,34
9912.4,29
9913.3,39
9915.3,32
9915.4,19
9915.7,37
9915.8,23
9917.1,35
9918.0,25
9918.4,36
9918.5,21
9918.5,10
9918.5,14
9918.8,5
9919.3,0
9920.0,29
9920.6,26
9922.3,1
9923.6,8
9923.6,7
9923.8,3
9924.1,13
9924.2,24
9924.6,4
9924.7,28
9924.9,18
9925.7,22
9926.1,21
9926.9,15
9927.2,32
9927.7,2
9928.1,20
9928.3,33
9928.7,11
9928.7,34
9929.2,30
9929.4,6
9929.9,10
9930.7,14
9930.7,17
9932.2,36
9933.3,31
9933.3,39
9933.5,35
9933.6,5
9933.9,0
9934.1,29
9935.2,27
9935.5,13
9935.7,24
9935.8,22
9937.1,16
9937.3,37
9938.0,26
9938.1,9
9938.7,14
9939.7,30
9939.9,33
9940.9,21
9941.1,6
9941.1,18
9941.4,34
9942.0,4
9942.5,32
9943.5,8
9943.6,10
9943.8,12
9945.8,5
9946.3,22
9946.6,28
9947.1,29
9947.1,31
9947.9,1
9948.5,35
9948.7,11
9949.3,0
9950.1,25
9950.3,36
9951.8,14
9952.0,2
9952.5,3
9953.6,34
9953.8,24
9954.4,13
9954.6,30
9954.6,37
9954.7,10
9954.9,39
9956.5,29
9956.6,21
9956.6,22
9956.9,17
9956.9,33
9957.0,32
9957.5,18
9958.4,15
9959.3,4
9962.3,8
9965.2,1
9965.2,6
9965.2,11
9965.2,35
9965.4,5
9965.4,31
9965.4,34
9965.5,22
9965.6,25
9965.7,14
9965.7,28
9965.8,0
9966.0,36
9966.9,10
9967.0,20
9967.3,32
9968.2,21
9968.5,27
9968.8,29
9969.8,33
9970.7,17
9970.8,16
9971.3,24
9973.0,39
9975.5,35
9975.9,0
9976.3,30
9976.5,10
9976.9,13
9977.3,19
9977.3,33
9977.5,18
9978.1,25
9978.4,5
9978.9,15
9978.9,22
9979.2,37
9979.4,26
9979.7,8
9980.3,27
9980.7,21
9980.8,29
9980.9,2
9981.2,36
9981.6,4
9981.6,32
9983.1,24
9984.5,31
9985.0,14
9985.7,6
9985.8,5
9986.0,38
9986.5,0
9986.6,29
9987.1,28
9987.5,9
9987.6,35
9987.7,33
9988.0,11
9988.2,34
9989.5,10
9989.6,22
9991.6,32
9992.2,30
9992.7,1
9992.8,23
9993.2,37
9993.2,39
9993.6,21
9993.7,8
9994.2,18
9994.4,26
9994.7,16
9996.0,27
9996.2,4
9996.4,36
9996.8,12
9997.5,25
9997.9,29
9998.5,14
9999.8,5
