11.7,17
12.1,26
12.3,11
12.3,37
12.4,3
12.7,10
12.8,25
12.8,30
13.0,8
13.0,27
13.2,14
13.4,20
13.5,1
13.6,18
13.7,32
13.7,34
13.9,0
13.9,24
14.0,12
14.0,19
14.1,4
14.2,9
14.4,2
14.7,35
14.8,29
15.0,28
15.2,7
15.9,5
16.0,39
16.1,33
17.1,37
18.8,21
20.2,16
20.3,36
20.9,11
21.3,15
21.9,20
22.9,34
23.3,30
23.4,35
23.7,25
24.2,13
24.6,14
25.2,0
25.9,23
26.6,26
27.2,39
28.1,6
29.0,29
29.9,8
29.9,18
30.1,33
30.2,7
30.3,4
30.4,12
30.5,19
30.9,24
31.1,1
31.7,28
31.8,5
31.9,37
32.3,14
32.3,21
32.5,2
33.2,9
33.3,31
34.3,17
34.3,15
35.2,38
35.7,0
36.4,6
36.5,29
36.5,39
36.6,25
36.9,34
37.0,32
37.7,27
38.2,20
40.1,35
40.2,36
42.0,2
42.0,19
42.1,11
42.1,14
43.3,26
43.7,16
44.0,30
44.1,37
44.7,4
44.8,8
44.8,24
44.9,3
44.9,7
44.9,29
46.4,28
46.6,18
47.6,5
48.0,0
48.5,38
49.0,39
49.1,13
49.7,34
49.9,12
50.0,9
50.0,20
50.3,17
50.3,33
51.4,31
51.7,26
51.8,2
51.8,25
52.4,21
53.6,6
53.6,24
53.6,27
55.5,14
56.1,11
56.4,19
56.6,37
57.9,15
58.0,29
58.4,17
58.7,32
59.0,4
59.1,1
59.2,10
59.3,25
59.6,16
59.9,22
60.1,0
60.9,26
61.6,28
61.9,39
62.0,20
62.2,18
62.8,12
63.9,7
64.4,8
64.7,9
64.7,35
65.7,11
66.2,5
66.3,2
66.5,37
66.9,6
66.9,14
67.1,33
68.1,29
68.6,21
69.6,36
70.0,31
70.9,3
72.6,39
73.1,18
73.3,15
73.3,25
73.5,1
73.5,34
73.6,30
73.8,27
74.1,20
74.8,24
74.9,4
75.0,32
75.1,23
75.4,19
75.5,5
75.5,35
75.9,28
77.1,14
78.0,9
78.3,0
78.4,26
79.6,2
80.3,37
81.2,29
82.0,13
82.1,12
82.6,16
83.5,21
83.8,11
84.7,8
84.8,25
85.0,6
85.0,18
85.2,39
85.7,17
86.4,7
88.1,2
89.1,33
90.0,19
90.1,5
90.1,37
90.4,35
90.7,10
90.8,14
90.8,30
91.1,26
91.2,34
91.7,24
91.7,28
91.9,15
92.2,0
93.9,4
93.9,36
94.6,25
94.7,27
94.8,32
95.3,29
95.6,20
96.4,6
96.7,18
97.2,21
97.4,9
99.9,39
100.7,3
100.7,28
101.1,7
101.4,11
101.6,34
102.4,31
102.5,14
102.8,22
102.9,15
103.1,37
103.5,1
104.2,17
104.5,13
104.6,35
104.7,32
105.1,20
105.2,27
105.3,12
105.5,0
105.5,8
105.5,29
106.0,2
107.2,5
107.8,39
107.9,16
108.4,4
109.3,18
109.6,30
111.1,9
111.1,26
111.7,6
111.9,21
112.1,14
112.7,25
113.0,19
113.7,11
113.8,5
113.9,28
114.7,29
114.7,24
115.3,20
115.4,37
116.2,0
116.2,34
116.4,38
116.5,7
116.6,15
119.6,23
120.0,18
121.3,33
121.4,27
122.1,2
122.1,4
122.6,39
123.4,35
124.1,31
124.3,6
124.5,25
125.4,17
125.6,14
126.2,19
126.6,26
127.2,1
127.4,30
127.8,9
128.0,11
129.2,21
129.5,16
129.5,36
129.9,8
130.7,32
131.4,10
131.5,29
132.3,18
132.4,28
132.5,7
133.2,20
133.3,2
133.8,12
134.1,4
134.2,14
134.5,5
134.5,37
134.7,34
134.7,35
134.8,0
135.5,22
136.2,15
136.2,33
137.8,17
137.8,39
138.6,13
138.9,26
139.2,24
139.3,11
139.3,27
139.5,25
141.6,2
142.0,28
142.3,9
143.2,19
144.7,37
145.8,29
146.7,3
147.0,18
147.1,35
147.5,4
147.6,11
147.6,34
147.6,6
147.8,5
148.6,14
148.6,23
148.7,0
148.7,10
148.8,8
149.0,20
149.2,1
149.6,26
149.6,39
151.4,16
152.2,21
152.3,7
152.4,15
153.2,27
153.5,36
154.7,12
155.0,25
155.7,28
156.2,2
156.4,24
156.7,30
156.8,37
157.1,13
157.5,17
158.0,9
158.4,14
160.0,32
160.3,19
160.3,31
160.5,39
160.8,11
161.6,8
161.7,38
161.9,0
163.2,6
163.7,29
164.2,36
164.5,34
164.8,27
165.0,5
165.5,4
165.5,20
165.9,35
166.7,18
166.7,33
166.9,2
167.8,26
168.2,39
168.7,14
169.5,15
169.8,37
170.4,1
170.8,25
171.0,11
171.0,21
171.8,29
172.1,9
173.5,7
174.1,6
174.8,24
178.1,16
178.1,39
178.4,14
178.5,12
178.5,22
179.4,17
179.7,28
180.4,0
180.7,25
180.9,27
181.2,34
181.3,11
181.5,30
181.9,32
182.1,20
182.2,2
182.6,4
182.7,1
183.0,29
183.6,5
183.9,19
184.2,26
184.3,31
184.7,7
185.6,21
186.2,18
187.8,3
187.9,9
188.3,28
188.4,33
189.3,14
189.6,25
190.5,39
192.9,31
193.0,11
193.2,0
193.3,37
193.4,15
193.4,20
193.6,35
194.0,6
194.2,17
194.7,24
194.9,29
195.1,18
195.8,4
196.2,2
197.5,23
198.0,14
198.0,8
198.3,5
198.5,25
199.0,27
199.4,39
199.5,9
200.0,34
200.7,10
200.9,19
201.0,16
201.2,7
201.2,26
201.4,29
201.8,36
203.0,12
203.3,11
203.6,0
203.8,1
204.0,32
205.3,37
205.8,17
206.2,21
207.0,14
207.5,4
208.0,28
208.6,6
208.6,38
209.1,24
209.4,18
211.0,35
211.5,29
211.7,25
212.6,39
213.2,2
213.6,15
214.1,9
214.2,17
214.2,30
215.0,31
215.9,5
215.9,37
216.0,20
216.3,3
216.8,0
217.1,14
217.5,26
217.6,33
217.8,27
218.0,7
218.0,13
218.4,6
218.4,19
218.4,28
218.7,11
220.1,18
220.9,15
221.2,21
221.6,34
222.7,22
224.3,4
224.3,39
224.5,16
224.5,35
224.7,12
224.7,25
224.8,29
225.1,1
225.1,8
225.1,32
225.1,36
225.4,28
227.0,2
227.0,26
228.3,0
229.4,38
229.8,6
229.8,37
230.1,14
230.5,17
230.9,5
230.9,9
230.9,24
231.5,27
231.5,30
232.6,29
233.1,19
233.2,34
233.6,20
233.7,11
234.5,4
234.7,18
234.9,2
238.4,21
238.6,31
238.7,7
239.1,9
239.6,3
239.6,39
239.8,32
239.9,15
240.1,14
240.2,26
240.8,28
240.8,35
241.3,0
241.3,6
241.8,25
243.0,2
243.3,5
243.3,8
244.7,33
245.0,29
245.3,37
245.7,11
246.0,10
246.1,20
246.4,39
246.5,14
246.8,25
249.3,36
249.4,0
250.8,23
250.9,1
251.2,12
251.8,21
251.8,27
251.9,15
252.0,35
252.4,17
253.2,16
253.3,13
253.9,19
254.1,4
254.2,18
254.8,11
254.9,2
255.6,25
255.9,28
256.4,29
257.8,24
257.9,9
258.1,14
258.2,20
258.3,5
258.4,37
258.4,39
259.4,26
259.4,34
261.5,30
262.1,6
263.1,7
264.0,8
264.0,22
264.3,28
265.0,0
265.5,19
265.8,29
265.9,1
265.9,2
266.1,17
266.1,25
267.1,18
267.7,14
268.2,4
269.4,11
270.2,9
270.6,26
270.9,21
271.0,37
271.6,15
271.6,39
272.6,16
272.9,35
273.1,3
273.1,36
273.4,6
273.4,28
273.7,5
274.1,34
275.1,10
275.3,25
276.4,33
276.7,17
276.7,31
276.9,20
276.9,29
277.2,12
277.2,14
277.4,11
277.7,18
278.1,0
278.6,2
278.9,4
281.2,1
281.4,27
281.9,39
282.0,21
282.5,26
282.9,19
283.7,28
283.9,7
284.5,32
285.1,37
285.4,9
285.4,22
285.9,5
286.5,15
286.8,11
286.8,24
287.3,14
287.8,35
288.1,29
288.3,6
289.0,25
289.1,30
289.2,4
289.4,16
289.4,33
291.3,8
291.5,21
291.8,17
292.1,2
292.2,3
293.0,18
293.4,26
293.4,39
293.5,0
294.2,20
295.3,19
295.3,27
295.3,29
295.3,34
299.3,25
300.0,35
300.2,23
300.5,11
300.6,36
300.9,14
300.9,2
301.3,5
301.4,28
301.4,16
301.7,9
301.9,37
302.0,15
302.5,12
303.3,1
304.7,6
304.9,26
305.1,7
305.3,4
305.4,39
305.6,21
306.6,32
306.7,0
307.6,29
307.9,18
308.8,27
309.1,35
309.6,17
310.3,2
310.3,28
310.3,34
310.6,20
311.0,25
312.2,15
312.4,8
312.8,14
313.0,7
313.2,3
313.3,23
313.7,31
313.8,10
314.0,19
314.1,11
315.0,5
317.4,33
318.2,6
318.6,18
319.0,2
319.0,39
319.3,16
319.4,9
319.5,4
320.5,25
321.6,14
321.9,36
321.9,37
322.7,21
323.0,27
323.4,0
323.5,26
323.8,1
324.4,28
325.1,20
325.4,29
325.6,12
325.8,24
326.0,15
326.3,5
326.8,11
327.1,17
327.5,35
329.6,39
331.7,18
332.1,13
332.2,6
332.3,25
332.6,14
333.0,32
333.3,9
333.3,28
333.6,16
334.0,2
334.0,21
334.1,30
334.2,3
334.2,4
334.6,7
334.7,19
335.8,0
338.4,1
338.8,26
339.7,37
339.9,34
340.2,20
340.4,6
340.4,29
341.0,38
341.1,15
341.1,25
342.3,31
342.9,11
342.9,35
343.0,2
343.2,19
343.2,36
343.6,23
343.6,27
344.8,14
345.1,12
345.3,18
345.5,39
345.6,4
345.7,17
345.7,21
345.7,30
346.1,33
348.6,28
349.8,7
350.6,24
351.0,0
352.1,5
352.1,8
352.4,1
352.4,10
352.4,25
352.5,29
352.8,32
353.3,2
353.5,15
353.8,19
354.4,11
354.4,26
354.6,17
356.0,37
356.6,12
356.7,39
356.8,34
357.2,6
357.3,4
358.2,9
358.3,14
358.5,20
359.8,3
359.9,21
364.2,36
364.8,22
365.2,29
366.0,18
366.6,28
367.1,11
367.3,26
367.3,30
367.3,35
367.4,19
367.4,5
367.4,27
367.6,0
367.6,2
367.8,16
368.1,8
368.3,4
368.7,14
369.2,25
369.8,37
370.3,31
371.9,39
372.4,13
372.5,1
372.6,17
372.9,20
373.1,7
373.1,21
373.5,32
374.7,24
375.4,34
375.9,6
375.9,16
375.9,38
375.9,11
376.2,14
376.5,4
376.5,9
377.3,29
379.1,2
380.7,26
380.9,3
382.0,5
383.0,12
383.1,0
383.5,25
383.8,37
384.4,15
384.5,33
384.7,31
384.7,32
384.8,30
385.9,39
386.0,14
386.0,20
386.0,28
386.0,35
386.2,11
386.4,21
387.2,7
387.4,18
387.6,17
389.5,34
390.2,19
391.0,9
391.4,24
392.5,27
392.8,6
392.9,8
393.2,4
393.8,16
393.8,29
394.0,0
394.4,12
394.9,2
395.6,25
395.6,28
396.1,14
396.3,26
396.9,35
398.1,1
399.5,39
399.7,11
399.7,21
400.4,36
401.1,20
403.7,5
403.7,6
404.1,15
404.3,31
404.5,9
404.8,25
404.8,37
404.9,32
405.0,18
405.1,26
405.4,38
405.6,8
405.7,10
406.1,17
406.2,27
407.6,7
407.6,19
408.5,14
408.6,4
409.0,0
409.6,28
409.6,33
409.9,34
410.0,29
410.7,21
412.7,35
413.2,39
413.3,12
414.0,11
415.0,2
415.1,3
415.1,5
416.2,8
416.7,22
416.8,37
417.1,23
417.3,13
417.3,20
417.8,25
418.3,16
418.4,30
418.8,9
418.9,27
419.9,7
420.2,28
421.6,14
421.8,6
421.8,17
422.0,24
422.1,26
422.5,11
422.5,18
422.7,32
422.8,21
424.0,1
424.0,4
424.0,34
424.7,19
425.1,0
426.1,29
426.4,8
426.7,39
426.9,10
427.3,35
428.0,20
428.0,36
428.3,14
428.5,31
429.1,2
429.6,25
430.2,15
432.2,9
432.7,6
433.5,5
433.9,17
433.9,37
434.9,19
435.6,18
435.6,30
435.8,11
435.8,28
435.9,3
436.0,13
436.6,29
436.9,27
437.3,4
439.7,14
439.9,39
440.7,7
440.7,35
440.8,8
440.9,33
441.1,26
441.3,34
441.5,25
441.7,16
441.9,2
441.9,28
442.0,20
442.0,32
442.2,0
443.4,29
444.2,18
444.5,37
444.6,5
445.0,21
447.6,15
448.4,31
448.7,11
449.0,14
449.4,9
449.7,27
449.8,35
450.0,4
450.3,6
450.5,39
451.8,38
452.7,23
452.7,26
453.5,17
453.5,36
454.2,28
454.6,29
455.2,19
456.2,3
456.3,7
456.8,12
457.3,2
457.3,16
458.0,25
458.5,1
458.6,18
458.6,20
459.3,9
459.6,37
459.6,22
459.8,14
459.8,39
460.9,34
461.0,30
461.2,21
461.4,6
462.3,5
462.4,4
462.6,32
462.9,0
463.2,33
464.0,24
464.3,11
465.1,8
465.6,17
465.6,26
466.8,29
466.9,15
467.0,28
467.1,35
467.2,9
467.6,2
468.1,7
468.3,20
468.4,39
468.9,14
469.0,37
469.4,25
469.7,19
471.9,18
474.4,4
474.5,27
474.8,12
474.9,11
475.0,1
475.0,16
475.0,26
475.1,5
475.2,0
475.4,30
476.5,29
476.6,3
476.6,34
476.9,31
477.8,32
478.1,39
479.3,6
479.9,2
480.6,7
480.7,14
481.2,21
482.1,23
482.5,35
482.7,9
483.9,17
483.9,18
483.9,28
484.7,19
484.7,22
484.9,24
485.0,4
485.4,10
485.5,37
485.6,36
485.7,5
485.8,25
486.2,15
487.1,20
487.5,38
487.8,11
488.5,33
488.9,29
489.2,8
490.1,0
490.1,3
490.6,16
490.8,26
490.9,14
491.4,6
491.9,39
493.2,2
493.7,27
493.9,21
494.1,37
494.5,1
495.4,5
496.1,34
496.8,28
497.4,7
497.6,31
497.8,11
498.0,4
498.0,13
498.0,32
499.0,18
499.7,17
499.9,39
500.5,20
500.7,6
500.7,29
501.0,25
501.6,27
502.1,12
502.3,9
502.7,19
502.9,14
503.6,0
503.6,15
504.8,26
505.1,30
505.1,2
506.3,35
507.0,24
507.1,36
507.9,11
508.0,21
508.4,28
508.9,8
509.8,37
511.5,23
511.6,18
511.6,33
512.1,4
512.2,16
512.5,14
512.5,34
512.6,3
512.9,7
513.9,6
514.0,0
514.3,20
515.2,5
515.4,9
516.0,25
516.8,2
517.6,11
518.1,22
518.2,29
518.2,35
518.6,15
519.4,26
519.5,12
519.5,39
519.7,28
519.8,17
520.5,27
520.9,13
521.2,21
521.3,31
523.2,19
523.6,34
523.7,7
523.7,37
525.2,4
526.0,11
527.4,14
527.5,5
528.0,1
528.5,32
528.6,15
529.1,0
529.9,39
530.0,18
530.4,8
530.4,25
530.7,20
530.7,24
530.8,30
531.3,16
531.6,28
532.0,29
532.1,27
532.7,26
533.0,38
534.3,21
534.7,10
535.1,6
536.1,9
536.8,34
537.8,2
538.1,23
538.5,11
538.8,3
539.2,33
539.4,17
539.6,28
539.7,35
539.9,39
540.0,12
540.2,14
540.4,4
541.1,18
541.5,37
542.9,0
543.2,29
544.2,31
544.4,19
544.6,15
545.0,5
545.1,1
545.7,20
545.8,32
545.9,7
546.2,25
546.5,24
546.5,36
547.6,8
547.7,2
547.9,30
548.2,6
549.0,27
549.1,9
549.7,26
549.9,37
550.6,14
551.8,28
552.2,29
552.9,35
553.0,11
553.2,39
553.7,4
553.8,21
554.2,18
554.7,1
554.7,17
555.2,20
555.5,2
556.0,23
556.1,13
556.2,0
556.6,5
557.0,33
557.1,25
557.2,16
557.5,3
558.1,34
559.6,6
560.1,36
560.6,7
561.0,14
561.5,29
562.2,19
562.2,27
562.3,26
562.7,15
563.0,39
564.7,37
564.9,28
565.2,11
566.2,31
566.3,9
567.0,10
567.2,12
567.4,33
567.8,30
568.0,35
568.1,18
568.6,19
570.1,14
570.3,5
571.6,38
572.4,20
573.2,8
573.6,29
574.2,2
574.4,17
574.4,25
574.6,0
574.9,4
575.2,39
575.6,21
575.8,1
575.8,13
575.9,36
576.0,28
576.3,7
578.1,24
578.3,11
578.5,6
579.0,16
579.2,15
579.4,35
582.4,20
583.2,34
583.4,27
583.6,19
583.6,29
583.7,18
583.8,9
583.8,37
584.5,14
584.5,32
584.8,3
584.9,22
584.9,25
584.9,26
585.1,6
586.0,5
586.1,17
586.1,39
586.5,2
587.2,30
587.5,12
589.5,21
589.6,11
590.5,0
591.0,8
592.2,9
592.3,15
592.6,28
593.6,33
593.9,29
594.9,4
595.2,37
595.6,7
596.0,6
596.3,14
596.5,1
596.7,19
596.8,26
597.2,31
597.2,34
597.3,20
597.8,27
598.3,25
598.7,17
599.5,2
600.0,18
600.7,5
601.9,39
602.2,0
602.2,35
603.7,33
604.5,16
604.8,14
605.6,15
605.6,28
605.9,32
605.9,11
606.5,2
606.6,24
606.7,21
607.0,38
607.1,23
608.0,37
608.6,6
608.7,7
608.7,26
610.1,29
610.1,36
610.8,17
610.9,27
610.9,35
611.5,8
611.6,13
611.7,3
612.6,18
612.7,12
612.7,20
613.4,9
613.6,4
614.7,0
615.0,34
615.4,14
616.3,25
616.6,2
616.6,30
616.9,28
617.5,19
618.5,31
618.7,21
618.8,39
618.9,11
619.3,29
619.4,1
619.5,32
619.6,5
622.1,26
623.9,6
623.9,17
624.0,8
624.0,35
624.5,15
624.8,20
624.9,37
625.5,14
625.5,16
626.7,7
626.7,10
626.9,21
626.9,13
627.1,18
627.2,2
627.5,4
627.8,27
628.0,33
628.7,9
628.8,29
629.2,0
629.4,34
630.3,5
631.5,35
631.8,28
632.0,25
632.1,39
632.2,1
633.4,6
633.6,12
633.6,24
633.7,11
633.9,36
636.4,22
637.1,26
637.2,34
637.4,14
637.5,20
637.7,32
639.1,37
639.5,8
639.7,19
639.8,2
639.8,23
640.4,27
640.8,17
641.3,29
642.1,15
643.0,25
643.3,7
643.4,21
643.6,6
643.8,9
644.0,4
645.0,26
645.1,11
645.5,0
646.1,14
646.1,39
646.2,5
646.5,30
646.9,28
647.4,3
647.4,18
648.6,16
649.3,2
650.0,20
650.2,33
651.7,13
651.8,17
651.8,37
653.5,9
654.3,12
654.8,29
654.9,23
654.9,34
655.0,14
655.1,0
656.7,5
657.0,35
657.1,25
657.5,26
658.7,21
659.5,1
659.8,7
661.1,19
661.2,36
661.5,28
661.6,11
661.7,4
662.0,27
662.2,18
662.3,6
662.7,17
663.1,8
663.6,15
663.6,16
663.9,14
664.1,26
664.4,31
664.6,24
664.7,39
664.8,32
665.0,37
666.3,25
666.3,29
667.8,2
667.9,34
668.1,20
668.3,0
668.8,12
669.2,19
669.8,11
670.6,3
671.0,35
671.8,10
672.6,21
672.9,33
673.0,9
673.3,38
674.2,18
674.5,30
675.6,14
676.1,39
676.2,37
677.3,17
677.8,7
678.2,4
678.2,28
678.3,5
678.5,29
678.5,11
678.7,2
679.1,0
679.7,27
680.4,15
681.1,36
681.7,23
682.1,6
682.5,22
682.7,13
682.8,34
682.9,31
683.3,24
684.2,25
684.8,18
685.2,21
685.3,20
685.4,14
686.9,19
686.9,26
688.6,35
688.9,29
688.9,39
689.2,7
689.4,9
689.4,8
689.4,32
690.3,5
690.4,16
691.3,27
691.6,37
691.7,25
691.9,2
693.0,28
693.3,1
694.3,11
695.4,12
695.9,17
696.5,0
697.0,14
697.7,6
698.4,4
698.4,36
698.6,18
698.6,33
699.0,20
699.5,26
699.8,13
700.0,24
700.6,34
700.6,30
701.3,15
701.6,38
701.9,7
702.5,19
702.9,9
702.9,29
704.1,31
704.8,3
704.8,39
704.9,5
704.9,35
705.2,21
705.5,28
706.0,2
706.1,32
706.5,11
707.5,14
707.6,25
709.4,27
709.6,37
710.3,0
710.7,17
710.9,6
711.1,18
714.6,20
714.6,36
715.6,15
716.1,16
717.3,25
717.4,29
717.6,26
717.6,34
718.8,32
718.9,2
718.9,23
720.2,5
720.8,7
720.8,21
721.0,4
721.0,14
721.5,8
721.5,19
721.7,35
721.8,18
722.1,9
722.4,28
722.4,39
722.7,11
725.2,6
725.4,12
725.4,27
725.6,1
725.9,24
726.0,17
726.0,33
726.2,20
726.4,37
727.1,15
727.3,2
727.3,13
727.7,22
727.7,31
727.8,25
728.1,29
728.4,0
729.6,28
732.0,14
732.8,4
733.2,7
733.2,26
733.5,39
733.7,11
734.2,37
734.8,16
734.9,34
735.1,18
735.6,5
735.9,10
736.2,9
736.3,3
736.9,19
737.8,2
738.7,35
739.2,17
739.9,24
740.0,36
740.2,21
741.3,20
741.6,29
741.7,14
742.3,1
742.3,8
742.3,38
742.5,25
742.6,39
742.9,32
743.1,18
743.5,0
743.6,15
743.8,19
743.8,28
743.9,30
743.9,16
748.8,37
748.9,7
749.3,12
750.0,26
750.3,6
750.7,11
751.1,9
751.1,34
751.2,4
752.2,5
752.4,15
752.4,23
752.9,24
753.0,2
753.4,14
754.1,16
754.6,21
755.7,29
756.6,25
756.9,36
757.1,27
757.3,17
757.5,39
757.8,20
757.9,31
758.2,33
759.1,28
759.1,11
759.1,18
759.7,0
760.4,19
760.6,37
760.8,9
760.8,32
764.9,7
765.4,4
765.4,13
765.8,35
766.0,20
766.2,26
766.5,2
766.7,21
766.8,38
767.0,6
767.0,34
767.4,5
769.2,3
769.5,1
769.7,14
770.2,37
770.4,0
770.9,18
771.2,29
771.5,9
772.7,39
772.9,11
773.0,30
773.2,25
773.2,17
773.4,33
773.8,8
773.8,12
775.0,15
775.9,26
776.2,14
776.2,27
777.4,19
777.6,28
777.9,16
778.6,20
779.6,6
779.7,35
780.3,24
780.7,4
781.1,7
781.6,5
782.1,0
783.7,37
784.6,2
785.1,21
786.0,18
786.1,10
786.2,15
786.4,11
786.4,29
786.9,31
787.3,25
787.3,28
787.9,9
788.1,39
788.6,17
789.7,14
789.8,27
790.1,1
790.1,36
790.2,3
790.8,35
790.9,33
790.9,34
791.1,32
791.3,20
791.7,26
792.8,0
793.6,22
793.8,2
794.2,19
794.8,6
794.8,12
796.2,4
796.8,30
797.9,15
798.0,11
798.4,37
799.3,14
799.7,21
800.1,29
800.2,5
800.4,18
800.9,8
801.6,7
801.9,28
802.4,1
802.4,16
802.5,27
802.5,39
802.8,17
803.0,36
803.2,9
805.4,25
805.6,6
805.7,20
806.0,11
806.3,0
806.5,26
806.7,37
806.8,33
807.2,29
807.8,5
807.9,2
808.6,34
810.0,19
810.9,4
811.2,32
811.5,35
811.8,13
812.2,27
812.5,28
812.8,23
812.9,14
813.5,3
814.1,39
814.1,9
815.4,18
817.1,21
817.1,31
817.2,33
817.3,10
817.8,15
818.5,12
818.5,25
818.6,17
819.4,11
819.8,5
820.0,37
820.2,20
820.8,1
820.8,7
820.9,29
821.2,30
821.5,24
821.6,26
821.7,6
821.8,0
822.1,2
822.2,38
822.9,14
823.2,4
823.3,34
824.4,39
825.1,28
825.1,35
826.2,8
827.2,9
827.5,36
827.6,5
829.1,16
829.1,18
829.1,32
830.6,30
830.8,7
830.9,37
831.2,29
831.3,11
831.5,19
832.6,6
832.6,15
832.6,17
832.8,14
833.0,2
833.4,26
834.9,20
836.2,21
836.3,25
836.4,27
836.7,0
836.9,4
837.0,1
838.4,28
839.7,35
839.9,39
842.4,29
842.4,33
843.3,9
843.3,18
843.4,5
843.6,14
843.8,24
844.2,11
844.3,2
844.5,20
844.6,6
845.3,37
845.7,16
846.9,34
847.3,12
848.1,39
848.3,0
849.2,19
849.4,32
850.1,28
850.4,31
850.6,35
850.7,3
851.0,8
851.2,26
851.3,25
851.5,2
851.7,30
852.0,13
853.0,21
853.0,27
853.1,14
853.3,29
853.5,17
853.7,11
854.3,15
854.7,7
854.8,22
855.2,4
857.2,18
857.4,5
857.9,6
857.9,39
858.0,9
858.8,10
859.5,1
860.1,0
860.9,34
861.1,20
861.4,29
861.6,25
863.3,8
863.9,11
863.9,37
864.3,21
864.6,23
864.7,18
865.3,16
865.8,14
866.0,26
866.1,28
866.2,32
866.2,33
866.7,35
866.9,12
867.5,2
868.3,0
870.1,39
870.7,15
871.4,19
871.5,6
871.7,30
872.1,17
872.8,4
873.1,9
873.1,29
873.1,36
873.1,38
873.9,27
874.0,1
874.7,3
875.3,25
875.9,11
876.4,24
876.7,5
876.8,7
876.9,26
876.9,31
877.1,21
877.1,37
877.4,28
878.0,34
878.2,20
878.9,14
879.7,4
880.9,35
881.6,0
881.9,39
884.3,18
884.6,15
884.6,17
885.4,13
886.5,2
886.9,29
888.2,14
889.0,11
889.2,8
889.7,12
890.0,19
890.1,3
890.3,7
891.1,37
891.3,4
891.3,23
891.4,9
892.5,28
892.5,39
892.8,20
893.1,0
893.3,10
893.6,27
894.2,26
895.0,21
895.1,14
895.2,25
895.7,11
896.0,32
898.0,30
898.1,18
898.8,34
899.1,6
899.2,17
899.4,5
900.6,2
901.3,4
901.3,16
901.5,15
901.5,29
902.1,20
902.2,36
902.8,25
903.0,39
904.7,9
905.8,24
905.9,14
906.4,28
906.6,33
907.4,0
907.4,1
907.8,37
908.2,11
908.4,7
908.6,35
908.8,19
909.0,3
909.3,23
909.3,29
909.9,26
910.0,36
910.7,38
910.8,12
910.8,31
911.0,17
911.7,6
911.9,34
912.1,4
912.5,18
913.2,21
913.5,27
914.3,30
915.2,2
915.4,9
916.4,15
916.6,5
917.5,39
918.0,14
918.0,20
918.6,8
919.2,25
919.7,28
919.7,37
920.2,11
920.9,13
921.5,7
921.8,26
922.8,0
924.0,2
924.1,29
924.4,17
925.4,6
925.4,31
926.1,19
926.2,24
927.3,4
927.7,14
930.8,32
931.9,20
931.9,35
932.3,9
932.3,39
932.4,37
932.7,1
932.8,16
932.9,12
933.2,18
933.2,26
933.3,3
933.6,5
933.6,30
933.8,7
934.7,27
935.0,34
935.3,28
935.5,25
935.7,0
936.0,21
936.1,2
936.4,11
938.5,14
938.5,29
939.2,4
939.9,33
940.7,36
940.8,6
940.9,17
941.4,20
942.1,39
942.6,1
942.8,23
943.2,18
944.9,8
945.1,38
946.2,9
946.4,14
946.6,15
946.9,26
946.9,37
947.0,28
947.3,19
947.3,35
947.5,21
947.5,25
947.5,31
947.7,7
947.8,29
948.1,24
948.9,11
951.0,2
951.3,27
952.4,33
952.6,30
953.2,5
954.0,0
955.4,4
955.5,39
955.7,18
956.2,20
957.3,34
957.8,15
958.7,25
958.8,11
958.9,22
959.6,1
959.9,7
960.0,29
960.1,37
960.2,17
960.2,28
960.4,12
960.6,10
960.7,3
960.8,26
961.0,6
961.1,14
961.1,35
961.2,0
961.2,9
961.4,16
961.4,21
964.8,2
965.5,19
965.8,11
966.5,36
967.6,20
967.9,39
968.0,26
968.3,18
968.8,31
969.0,28
969.1,27
970.8,5
970.8,14
971.0,4
971.1,32
971.8,25
973.5,16
973.5,29
973.9,15
974.6,1
974.6,6
974.6,7
974.7,11
974.8,21
975.2,2
975.5,33
975.7,9
976.8,35
977.0,17
977.6,37
978.1,0
978.8,24
979.8,13
980.7,18
980.7,39
980.8,19
981.2,30
981.6,14
982.1,34
982.4,28
982.6,25
983.4,8
983.7,4
984.3,3
984.4,26
985.1,2
985.5,6
987.0,27
987.6,17
987.7,29
987.8,20
988.0,0
988.0,21
988.4,23
988.6,11
989.2,5
990.3,12
990.4,16
990.4,18
990.6,7
990.9,39
991.0,36
991.2,35
991.5,9
991.7,25
992.3,14
992.8,1
994.2,37
994.6,2
994.8,26
996.0,15
996.5,4
996.6,28
997.1,31
997.3,29
998.2,24
998.4,19
999.2,18
999.4,20
999.6,27
1000.3,34
1002.1,0
1002.9,16
1003.3,32
1003.3,39
1003.8,7
1003.8,11
1003.8,17
1004.1,25
1004.1,33
1004.2,6
1004.2,14
1004.8,21
1004.9,8
1005.3,4
1006.0,22
1006.1,37
1006.2,2
1008.1,15
1010.0,5
1010.6,12
1010.8,28
1011.6,27
1012.1,20
1012.2,26
1013.0,14
1013.4,24
1013.5,35
1013.8,9
1014.0,6
1014.2,3
1014.9,29
1015.9,2
1016.1,11
1016.1,25
1016.1,34
1017.2,36
1017.5,16
1018.6,30
1018.8,38
1019.8,17
1020.6,28
1020.8,31
1020.9,18
1021.3,1
1022.4,23
1022.5,35
1023.0,4
1023.3,0
1023.3,5
1023.5,19
1023.5,21
1023.8,29
1024.0,39
1024.1,14
1024.3,26
1024.4,10
1024.4,37
1025.2,8
1025.5,15
1025.7,20
1026.9,2
1027.0,25
1027.8,11
1030.4,13
1030.9,7
1031.1,27
1031.5,12
1031.7,34
1032.0,28
1032.3,17
1033.0,9
1033.4,6
1033.5,18
1034.9,36
1035.3,14
1035.7,20
1036.6,24
1036.6,21
1036.6,35
1037.1,4
1037.3,26
1037.9,22
1038.1,3
1038.2,39
1038.5,25
1038.9,0
1038.9,10
1038.9,32
1038.9,33
1039.0,16
1039.5,29
1039.9,1
1040.0,11
1040.9,2
1044.2,19
1046.1,28
1046.5,15
1047.2,5
1047.3,8
1047.3,18
1047.4,37
1048.1,39
1048.4,7
1048.4,14
1048.8,6
1049.4,17
1049.5,27
1049.8,20
1050.1,26
1050.6,11
1050.7,22
1050.7,31
1051.4,9
1051.4,38
1051.7,0
1051.7,25
1051.8,30
1051.9,29
1052.0,34
1052.5,4
1052.5,24
1053.4,2
1053.5,15
1053.7,23
1054.4,35
1054.6,16
1055.0,21
1055.2,28
1056.7,36
1057.9,37
1059.6,7
1061.0,1
1061.7,19
1062.0,26
1062.5,3
1062.5,17
1062.6,18
1062.8,14
1063.4,20
1063.9,29
1063.9,39
1064.2,12
1064.7,5
1065.8,11
1066.2,6
1067.1,32
1067.9,4
1067.9,25
1068.4,35
1068.5,27
1068.7,0
1068.7,9
1069.0,13
1069.1,2
1069.1,33
1069.2,15
1069.2,16
1069.7,24
1070.2,34
1073.1,31
1073.8,21
1073.9,14
1074.3,28
1074.5,37
1075.0,38
1075.1,5
1075.3,7
1075.4,30
1076.1,19
1076.5,17
1078.5,20
1078.6,39
1078.9,11
1079.4,12
1080.5,29
1080.6,36
1080.7,18
1080.9,9
1081.7,6
1082.3,26
1082.7,15
1082.8,4
1083.1,8
1083.6,0
1083.8,13
1084.3,2
1084.5,28
1085.0,27
1085.2,25
1086.5,14
1088.1,29
1088.1,32
1088.4,39
1088.5,35
1088.7,1
1089.3,24
1090.4,22
1090.5,20
1090.8,11
1091.0,33
1092.1,19
1093.6,34
1093.8,5
1093.9,23
1093.9,28
1094.6,37
1095.2,30
1095.4,18
1095.6,2
1095.7,14
1096.1,7
1096.3,16
1096.7,21
1096.9,17
1097.2,26
1097.7,6
1097.8,4
1097.9,27
1099.1,0
1099.1,25
1100.5,39
1101.2,9
1101.9,11
1102.8,36
1103.2,15
1103.4,20
1104.1,18
1105.2,12
1105.2,29
1105.2,38
1106.2,17
1106.3,2
1106.3,14
1106.5,35
1106.8,19
1107.1,28
1107.4,4
1107.7,39
1107.9,27
1108.2,1
1108.6,31
1108.9,8
1109.4,37
1110.0,6
1110.1,24
1111.5,0
1111.8,16
1112.1,32
1112.5,34
1113.5,5
1113.5,7
1113.8,3
1114.9,28
1115.1,11
1115.1,9
1115.4,26
1115.5,2
1115.6,29
1115.7,14
1115.7,21
1116.0,13
1117.3,18
1118.0,25
1118.5,33
1118.5,39
1118.7,15
1120.0,27
1120.9,4
1121.1,8
1123.0,17
1123.1,20
1124.1,6
1124.9,30
1124.9,34
1125.3,19
1125.6,37
1126.1,2
1126.1,35
1126.6,24
1126.7,5
1126.7,9
1126.9,12
1127.0,0
1127.4,14
1130.2,26
1131.1,36
1131.4,7
1131.4,28
1131.9,11
1131.9,38
1132.3,25
1132.3,29
1132.6,4
1132.8,20
1133.3,16
1134.1,1
1134.4,15
1134.4,39
1134.7,18
1135.0,21
1135.8,10
1136.2,24
1136.4,33
1138.1,27
1138.5,2
1138.9,31
1139.4,37
1139.5,23
1139.7,13
1139.8,14
1140.2,17
1141.1,6
1141.1,9
1141.1,32
1141.9,7
1142.3,5
1142.4,28
1143.3,19
1143.4,0
1143.6,34
1144.2,4
1144.5,29
1144.9,16
1145.7,39
1146.7,11
1147.2,35
1149.3,15
1149.4,18
1149.4,10
1150.3,2
1150.4,14
1150.8,20
1150.8,25
1151.7,26
1152.1,37
1152.4,8
1152.4,12
1152.9,38
1153.5,22
1153.6,27
1153.6,21
1154.8,6
1154.8,11
1155.2,0
1155.3,28
1156.3,34
1156.5,9
1156.9,4
1158.5,1
1159.4,39
1159.7,7
1159.8,24
1160.5,30
1160.9,17
1160.9,31
1161.0,18
1161.6,2
1161.6,13
1161.9,3
1161.9,14
1161.9,29
1162.3,5
1162.5,36
1162.9,23
1166.4,28
1166.7,16
1166.8,15
1167.0,19
1167.5,21
1167.7,20
1167.7,9
1168.2,25
1168.4,27
1168.6,11
1168.7,26
1168.8,32
1170.4,35
1170.5,37
1171.0,12
1171.5,0
1171.5,39
1171.8,14
1172.6,33
1172.8,6
1172.8,17
1172.9,5
1174.1,4
1174.6,29
1176.9,18
1176.9,34
1177.1,38
1177.3,7
1177.3,30
1178.5,8
1178.8,28
1179.0,15
1179.4,2
1179.6,24
1179.9,25
1180.4,20
1180.5,31
1181.1,27
1181.8,1
1182.0,11
1182.1,14
1182.1,35
1182.2,39
1183.7,26
1183.7,33
1184.4,32
1184.6,37
1186.9,21
1187.0,19
1187.2,13
1187.4,34
1188.1,10
1188.2,0
1188.9,4
1189.5,16
1189.8,28
1190.9,7
1191.1,5
1191.2,11
1191.3,17
1191.7,36
1191.7,9
1191.9,18
1192.1,15
1192.1,23
1192.6,39
1192.7,3
1193.0,27
1193.6,29
1193.7,25
1193.7,6
1194.0,14
1194.2,2
1194.3,20
1194.9,12
1195.4,30
1197.3,1
1198.4,22
1199.0,26
1199.2,8
1199.3,37
1199.7,35
1200.6,28
1201.3,27
1202.6,0
1203.0,4
1203.8,17
1204.3,5
1204.3,21
1204.4,6
1204.7,33
1204.8,2
1204.9,25
1205.1,32
1205.1,38
1205.2,20
1205.4,11
1205.6,19
1205.8,34
1206.1,9
1206.4,14
1206.8,15
1207.3,29
1207.4,26
1209.1,31
1210.0,39
1210.8,1
1210.8,18
1211.9,36
1213.0,28
1213.8,8
1213.8,24
1214.1,37
1214.4,23
1214.7,3
1216.1,25
1216.3,0
1216.3,15
1216.3,35
1217.4,14
1218.4,26
1219.0,21
1219.1,9
1219.1,17
1219.3,39
1219.9,11
1220.2,12
1220.4,27
1220.7,29
1220.8,6
1220.8,16
1221.4,2
1221.5,4
1221.9,34
1222.2,20
1222.4,18
1222.9,7
1224.4,28
1226.6,19
1226.7,13
1227.7,32
1228.0,35
1228.2,5
1229.6,10
1229.6,31
1229.6,33
1229.8,39
1230.7,11
1230.7,20
1230.7,25
1230.7,29
1230.8,38
1231.0,14
1231.1,15
1231.6,0
1232.1,26
1232.3,17
1233.1,2
1233.4,30
1233.6,37
1234.8,7
1235.3,21
1235.5,27
1235.6,1
1237.9,39
1238.1,25
1238.9,8
1239.0,24
1239.2,29
1239.6,18
1240.1,4
1240.5,6
1241.7,16
1241.7,14
1242.1,20
1242.5,0
1242.6,34
1242.7,5
1243.1,37
1243.4,9
1243.8,28
1243.9,36
1244.2,26
1245.4,12
1245.5,11
1245.6,2
1245.8,3
1246.5,10
1246.6,19
1246.9,15
1247.3,13
1247.7,33
1248.1,17
1248.4,7
1249.1,27
1249.9,6
1250.3,25
1251.0,39
1251.3,18
1251.7,35
1252.3,21
1253.2,29
1253.3,31
1253.9,5
1254.4,0
1255.2,14
1255.2,32
1255.3,4
1255.8,11
1256.2,1
1256.2,28
1256.4,26
1256.9,16
1257.5,23
1258.3,2
1258.7,17
1258.9,15
1259.8,35
1260.7,24
1260.8,39
1261.1,37
1261.2,22
1261.6,36
1261.8,9
1262.1,19
1262.2,6
1262.2,20
1264.2,34
1264.6,21
1265.1,4
1265.4,12
1266.0,18
1266.1,8
1266.3,27
1266.4,0
1266.7,7
1266.7,30
1266.9,25
1266.9,38
1267.3,13
1267.3,29
1267.4,14
1267.5,11
1267.8,32
1268.0,3
1268.2,2
1268.2,28
1268.9,33
1268.9,37
1272.9,15
1274.1,31
1274.4,35
1274.9,1
1275.0,6
1275.2,0
1275.2,19
1275.3,9
1275.3,39
1275.7,20
1276.0,17
1276.2,4
1276.3,5
1276.5,10
1276.9,26
1279.3,32
1279.9,2
1280.4,7
1280.4,14
1280.8,25
1281.7,29
1281.8,18
1282.1,28
1282.4,11
1282.4,27
1283.5,37
1283.8,36
1284.0,16
1284.1,3
1284.1,24
1284.3,21
1285.2,23
1286.1,6
1286.8,15
1287.8,10
1288.1,9
1288.2,0
1288.5,39
1289.1,11
1289.3,34
1289.4,5
1289.9,19
1290.2,17
1290.3,26
1290.5,25
1290.7,14
1290.7,30
1291.4,12
1293.2,4
1293.8,28
1294.0,29
1294.5,33
1295.0,7
1295.2,2
1295.8,20
1296.5,1
1296.5,18
1296.9,31
1297.0,36
1297.3,8
1297.4,27
1297.6,16
1297.9,37
1298.3,35
1298.7,25
1299.1,22
1299.9,39
1300.7,19
1300.7,11
1301.0,21
1301.2,14
1302.3,0
1302.4,13
1303.3,6
1303.6,4
1303.9,15
1304.0,9
1304.1,26
1305.5,17
1305.9,29
1306.4,34
1307.3,12
1307.5,2
1308.4,7
1308.5,25
1308.6,5
1308.6,20
1308.7,30
1309.6,11
1309.6,28
1309.9,31
1310.3,32
1311.7,27
1312.1,14
1313.0,37
1313.9,9
1314.5,6
1314.7,3
1314.8,23
1315.4,38
1316.1,15
1316.2,18
1316.4,39
1316.7,21
1317.1,0
1317.3,5
1317.3,33
1317.3,35
1317.5,26
1318.3,4
1318.6,16
1318.9,1
1320.3,29
1320.4,8
1320.7,25
1321.0,17
1321.5,2
1322.2,6
1322.2,24
1322.7,21
1322.8,19
1323.7,14
1324.4,28
1325.1,18
1325.2,7
1327.3,20
1328.4,12
1328.6,9
1328.9,39
1329.2,0
1329.5,10
1329.5,11
1329.5,36
1329.6,26
1329.7,25
1329.9,27
1331.1,29
1331.1,34
1331.2,13
1331.5,2
1331.9,15
1332.1,37
1332.2,14
1332.8,4
1334.1,32
1335.0,1
1335.5,35
1335.9,24
1336.4,3
1336.4,28
1336.9,17
1336.9,33
1337.0,18
1338.1,16
1338.2,11
1338.5,19
1339.8,2
1340.8,20
1341.0,29
1341.2,37
1341.5,21
1341.7,0
1341.8,39
1342.4,6
1342.8,9
1343.0,26
1343.0,5
1343.4,31
1343.5,30
1343.9,34
1344.0,4
1344.1,7
1345.1,27
1345.8,14
1346.9,22
1347.3,15
1347.5,8
1348.7,37
1350.3,33
1350.6,36
1351.0,16
1351.0,25
1351.4,0
1351.6,20
1351.6,38
1351.7,18
1352.2,11
1352.2,19
1352.5,6
1354.3,17
1354.5,26
1355.2,39
1355.5,2
1355.5,29
1355.7,12
1356.0,24
1356.7,14
1357.5,4
1357.6,5
1357.7,9
1357.7,21
1358.0,13
1359.0,28
1359.1,11
1360.9,0
1362.7,1
1363.2,15
1363.2,30
1363.2,37
1363.4,27
1364.3,35
1364.4,7
1364.5,3
1364.5,31
1364.6,34
1364.8,25
1364.9,6
1365.4,18
1365.6,10
1365.9,26
1366.1,21
1366.2,2
1367.4,8
1368.4,39
1369.0,14
1369.9,4
1370.1,23
1371.2,29
1372.2,20
1372.5,16
1372.6,17
1372.7,33
1372.8,11
1373.1,28
1373.7,32
1373.8,0
1374.8,9
1374.9,1
1375.4,2
1375.4,15
1375.6,18
1376.8,25
1378.2,12
1378.4,5
1378.9,19
1379.2,37
1379.6,34
1380.2,35
1381.4,28
1381.5,29
1381.6,39
1382.6,26
1382.8,17
1383.1,27
1383.5,21
1383.6,7
1383.8,24
1384.0,11
1384.2,20
1384.5,14
1385.3,9
1385.3,25
1386.2,38
1386.3,36
1386.8,6
1388.1,16
1388.8,1
1390.3,30
1391.4,4
1391.9,15
1392.3,2
1392.7,14
1392.7,39
1392.9,29
1393.2,0
1393.3,37
1393.3,31
1393.8,3
1394.8,18
1394.8,28
1395.4,5
1395.9,34
1396.0,33
1396.6,32
1396.7,19
1397.1,8
1397.1,9
1397.2,35
1398.2,26
1399.0,13
1400.4,6
1401.3,4
1401.8,21
1402.0,20
1402.4,11
1402.9,2
1403.5,12
1403.6,17
1404.1,0
1404.5,24
1404.5,27
1404.9,25
1404.9,39
1405.1,14
1405.5,7
1405.7,37
1405.9,22
1407.6,15
1408.3,18
1408.7,5
1409.1,29
1410.2,35
1411.3,2
1411.4,34
1411.5,16
1411.5,36
1412.0,26
1412.2,28
1412.8,9
1412.8,38
1413.9,1
1414.0,6
1414.0,25
1414.5,39
1414.6,0
1416.0,33
1416.1,8
1416.1,14
1416.1,21
1418.3,4
1419.1,20
1419.9,37
1420.3,19
1420.6,11
1420.8,17
1420.8,30
1420.9,18
1421.1,3
1421.8,12
1423.0,29
1423.6,31
1423.8,28
1424.2,14
1424.4,15
1424.7,26
1424.8,2
1424.9,27
1427.1,0
1427.7,9
1427.9,5
1428.3,6
1428.3,7
1428.6,16
1428.6,36
1428.8,34
1429.1,21
1429.2,23
1429.2,25
1429.4,4
1429.5,39
1429.7,10
1429.9,24
1430.2,37
1432.3,35
1433.3,20
1433.7,32
1434.0,13
1434.2,14
1435.3,8
1435.3,12
1435.3,26
1435.8,28
1435.8,33
1436.0,2
1437.4,19
1438.4,1
1438.4,11
1438.5,17
1439.3,18
1440.0,39
1440.4,15
1441.2,5
1441.3,37
1441.7,7
1441.9,30
1442.1,25
1442.2,29
1442.3,35
1442.6,31
1443.6,14
1443.7,21
1443.7,34
1444.8,9
1445.7,20
1445.8,0
1445.9,27
1446.4,22
1447.0,3
1447.8,28
1449.5,6
1449.6,4
1450.8,1
1450.9,14
1452.2,15
1452.7,23
1452.9,2
1453.2,26
1453.2,37
1453.6,18
1453.8,12
1453.9,36
1454.2,8
1454.3,21
1454.3,38
1454.8,29
1454.9,7
1455.0,39
1455.5,24
1455.9,11
1456.6,28
1457.0,16
1457.8,9
1458.0,17
1458.2,19
1458.5,5
1458.5,25
1459.1,32
1459.7,20
1461.0,0
1461.5,35
1461.6,29
1461.9,6
1462.3,3
1462.3,39
1463.3,2
1463.5,14
1463.5,31
1464.0,18
1464.2,27
1464.4,4
1465.0,28
1466.3,33
1467.0,11
1467.8,34
1468.7,7
1469.0,15
1469.0,17
1469.0,21
1469.1,30
1469.1,37
1470.4,1
1471.0,22
1471.2,8
1471.3,9
1471.5,0
1471.9,5
1472.1,39
1472.5,20
1473.1,6
1473.1,14
1473.3,36
1473.9,26
1474.3,2
1475.3,29
1475.6,35
1475.7,19
1476.0,16
1476.2,10
1476.8,12
1477.3,18
1478.3,25
1478.9,34
1479.3,32
1480.2,11
1480.9,13
1481.5,3
1482.5,4
1483.7,27
1484.0,6
1484.9,33
1485.1,17
1485.2,21
1485.2,39
1486.1,9
1486.3,23
1486.7,0
1486.7,28
1486.8,20
1486.8,24
1487.6,14
1487.6,37
1488.2,5
1488.3,16
1488.4,2
1488.6,26
1488.7,36
1489.3,8
1489.7,18
1490.3,31
1490.5,29
1491.7,7
1493.0,11
1493.3,39
1493.5,25
1493.6,15
1494.0,30
1494.0,9
1494.2,1
1494.6,0
1495.4,27
1495.6,33
1495.8,12
1496.2,35
1498.0,21
1498.6,19
1498.7,6
1498.8,38
1498.9,2
1498.9,5
1499.1,32
1499.8,4
1500.9,29
1501.1,37
1501.4,26
1501.9,20
1502.1,17
1502.4,28
1502.6,24
1502.8,30
1502.9,14
1503.2,22
1503.3,11
1503.4,18
1503.7,34
1505.1,25
1506.4,3
1506.5,0
1506.9,16
1506.9,36
1507.3,15
1507.6,9
1509.2,7
1509.4,2
1509.7,20
1510.9,29
1511.1,21
1511.1,27
1511.7,34
1512.1,39
1512.5,37
1512.6,18
1513.2,8
1513.8,19
1513.8,23
1513.8,35
1513.8,6
1514.1,26
1516.4,4
1517.0,28
1517.3,14
1517.9,0
1518.1,1
1518.3,15
1518.6,11
1519.1,10
1519.7,2
1519.8,5
1519.9,25
1519.9,24
1520.1,12
1520.5,31
1520.8,9
1521.3,17
1521.3,37
1521.5,20
1522.2,14
1523.1,29
1523.5,7
1524.7,21
1525.2,32
1526.2,16
1526.2,27
1526.2,28
1526.2,30
1527.1,6
1527.2,22
1527.4,19
1527.6,26
1527.6,39
1527.7,18
1530.2,3
1530.6,0
1530.8,4
1531.6,36
1532.4,14
1532.8,20
1532.9,2
1533.0,37
1533.3,15
1533.8,8
1535.0,1
1535.1,13
1535.6,17
1536.1,25
1536.8,11
1537.1,6
1537.2,9
1537.4,28
1537.4,29
1538.5,35
1538.5,39
1538.9,34
1539.2,5
1539.6,18
1539.9,26
1541.5,33
1541.5,38
1541.9,27
1542.0,0
1542.9,25
1543.7,24
1544.0,7
1544.1,14
1544.5,31
1544.8,2
1544.8,16
1544.9,4
1545.5,21
1546.4,19
1546.4,20
1548.1,39
1549.2,37
1550.0,28
1550.9,11
1550.9,12
1551.4,8
1552.1,15
1552.1,29
1552.1,32
1552.4,5
1552.6,9
1552.6,14
1552.6,17
1554.2,18
1554.2,25
1554.5,0
1554.8,2
1555.1,35
1556.5,6
1557.1,26
1558.5,23
1558.6,20
1559.5,7
1560.9,5
1561.2,21
1561.2,39
1561.8,16
1562.6,28
1563.9,25
1565.1,10
1565.3,29
1565.8,14
1566.4,6
1566.6,36
1566.7,9
1567.0,4
1567.4,13
1567.5,37
1567.7,24
1567.7,33
1567.8,19
1568.1,8
1568.2,35
1568.6,18
1569.5,11
1569.6,17
1569.8,27
1572.0,26
1572.7,20
1573.4,32
1573.7,0
1573.7,2
1573.8,1
1573.8,15
1573.8,21
1574.1,12
1574.2,7
1574.3,30
1574.4,3
1574.7,39
1575.0,5
1575.0,14
1575.0,29
1575.4,4
1575.5,34
1577.4,9
1577.7,11
1579.1,18
1581.7,28
1582.4,25
1582.6,2
1582.9,39
1583.0,14
1583.2,35
1583.2,37
1583.7,16
1583.8,6
1584.1,24
1584.2,26
1585.6,31
1585.7,8
1586.1,0
1586.3,17
1587.1,19
1587.1,20
1587.9,29
1588.0,7
1588.0,21
1588.1,38
1588.3,4
1588.4,36
1588.8,5
1590.5,11
1591.5,10
1591.5,28
1592.2,15
1592.4,23
1592.4,27
1592.7,14
1592.7,37
1593.3,9
1594.2,12
1594.4,32
1595.8,13
1596.8,21
1596.9,39
1597.4,25
1598.3,0
1598.7,26
1598.9,18
1599.7,6
1599.8,16
1599.9,1
1600.0,9
1600.4,34
1600.7,4
1600.7,20
1600.7,30
1600.9,29
1601.2,2
1601.2,7
1601.8,17
1602.3,3
1602.4,11
1602.4,14
1602.4,24
1603.2,35
1604.7,33
1606.0,36
1606.5,39
1606.8,5
1606.8,25
1608.1,31
1608.5,37
1609.4,28
1609.8,15
1610.6,19
1611.2,32
1611.3,9
1612.0,8
1612.1,7
1612.5,38
1612.9,14
1612.9,18
1613.4,34
1614.4,35
1615.4,20
1615.5,4
1615.6,26
1615.9,2
1616.3,29
1616.9,12
1617.6,21
1618.3,6
1618.5,27
1618.7,17
1619.6,0
1619.9,16
1619.9,24
1620.9,5
1621.0,37
1622.2,11
1622.4,33
1623.7,28
1624.2,14
1624.8,4
1624.8,15
1625.1,39
1625.3,1
1625.4,2
1625.5,25
1626.3,18
1626.3,23
1626.5,9
1626.8,20
1627.1,29
1627.3,26
1630.3,11
1630.6,8
1630.7,19
1631.1,32
1631.4,31
1631.5,7
1631.6,37
1631.7,6
1631.7,35
1632.1,10
1632.4,30
1632.4,0
1632.7,14
1633.6,36
1634.1,25
1635.6,9
1635.6,39
1635.9,34
1636.4,5
1636.8,26
1636.9,15
1638.1,21
1638.3,24
1638.3,33
1638.4,28
1638.5,12
1638.6,3
1638.7,17
1638.8,4
1640.9,20
1641.1,16
1641.1,29
1641.4,2
1642.8,11
1643.2,18
1643.2,22
1643.8,7
1644.0,1
1644.1,14
1644.6,37
1646.7,13
1647.7,25
1648.4,27
1648.5,5
1648.6,23
1648.6,39
1649.3,34
1649.5,35
1649.7,30
1649.8,0
1650.0,9
1651.4,28
1651.4,32
1651.6,26
1651.7,36
1652.3,29
1652.4,15
1652.4,20
1654.0,17
1654.5,11
1655.3,19
1656.3,12
1656.5,7
1656.7,2
1656.9,4
1657.1,14
1657.1,21
1657.3,6
1658.0,37
1658.1,18
1658.4,31
1658.5,26
1659.0,0
1659.2,25
1659.8,38
1661.0,5
1661.4,1
1661.4,8
1661.4,33
1661.9,27
1662.2,28
1662.9,9
1663.1,20
1663.2,39
1664.6,29
1665.0,17
1665.1,11
1665.5,14
1665.6,24
1665.8,34
1665.9,16
1666.2,35
1666.4,30
1666.8,18
1667.9,25
1669.0,2
1669.3,7
1670.0,21
1670.7,13
1672.2,26
1672.2,39
1672.7,9
1673.0,6
1673.0,15
1673.1,14
1673.1,32
1673.4,0
1673.4,5
1673.6,3
1673.7,4
1673.8,20
1673.8,36
1674.6,37
1676.0,16
1676.2,27
1676.2,29
1676.9,19
1678.8,28
1679.3,21
1679.8,31
1680.0,10
1680.5,11
1680.5,33
1680.6,0
1681.4,7
1681.4,17
1681.6,39
1681.8,12
1683.5,34
1685.0,35
1685.1,5
1685.7,14
1685.8,1
1685.8,2
1686.1,6
1686.2,29
1686.3,15
1686.4,4
1687.2,25
1687.6,18
1688.1,26
1688.4,20
1688.9,3
1689.1,28
1689.5,23
1689.6,8
1690.6,37
1690.7,7
1691.0,9
1692.2,19
1692.4,22
1692.7,13
1693.2,39
1694.2,14
1695.0,16
1695.3,24
1695.3,36
1696.1,21
1696.3,0
1696.5,30
1696.6,27
1697.4,1
1697.8,17
1698.8,11
1700.1,2
1701.5,28
1702.6,32
1703.3,20
1703.8,29
1703.9,6
1704.5,9
1704.8,4
1704.9,25
1705.8,5
1705.9,35
1706.0,19
1706.5,14
1707.3,11
1707.4,39
1707.6,26
1707.6,33
1707.8,38
1708.6,18
1709.4,0
1709.6,30
1709.9,7
1710.3,34
1711.2,12
1711.4,17
1711.5,1
1713.1,37
1714.7,15
1714.8,13
1715.1,31
1715.5,21
1715.6,28
1715.8,2
1716.4,14
1716.5,6
1717.3,8
1717.4,39
1717.5,16
1719.0,29
1719.8,9
1719.8,20
1720.3,5
1720.3,37
1720.5,0
1720.6,27
1720.8,11
1720.8,18
1721.1,24
1721.1,25
1722.2,32
1723.8,3
1723.9,36
1724.5,2
1724.5,17
1724.9,10
1725.1,34
1725.2,19
1725.7,4
1725.9,14
1725.9,33
1725.9,26
1729.1,15
1729.1,35
1729.4,11
1730.9,29
1731.2,20
1731.3,39
1731.5,12
1731.5,28
1732.0,6
1732.4,0
1733.0,2
1733.1,5
1733.2,1
1733.2,27
1734.0,9
1734.1,21
1734.3,14
1734.3,30
1735.2,18
1737.7,4
1738.2,37
1738.4,31
1738.6,23
1738.6,25
1738.9,11
1739.4,15
1739.6,7
1740.3,28
1741.2,26
1741.2,34
1741.3,24
1741.5,3
1741.6,16
1741.7,17
1742.0,8
1744.1,20
1744.4,19
1744.8,39
1745.0,21
1745.9,13
1745.9,29
1746.0,18
1746.2,14
1746.3,30
1746.8,27
1746.9,4
1747.0,5
1747.3,38
1747.5,6
1747.7,32
1748.6,0
1748.7,35
1748.7,37
1750.5,9
1751.4,36
1751.8,2
1752.1,7
1752.6,25
1752.6,33
1753.3,11
1754.2,29
1754.2,34
1754.3,1
1754.3,26
1758.4,20
1758.8,28
1759.5,8
1759.9,18
1760.7,21
1760.7,39
1761.0,37
1761.2,6
1761.3,19
1761.4,15
1761.5,0
1761.6,4
1761.8,24
1761.9,9
1762.0,14
1762.0,16
1762.5,17
1762.7,5
1763.2,35
1764.3,29
1765.2,7
1765.7,11
1766.1,25
1766.5,27
1766.6,2
1767.1,12
1767.5,3
1771.4,0
1771.6,14
1771.8,11
1772.8,34
1773.1,28
1773.2,2
1773.4,5
1773.4,10
1774.4,18
1774.4,30
1774.4,33
1774.6,6
1774.6,26
1775.2,39
1775.3,16
1775.3,21
1775.4,29
1775.5,4
1775.5,31
1775.8,19
1776.8,15
1777.1,9
1778.8,20
1780.6,7
1781.0,14
1781.0,17
1782.1,25
1782.5,5
1782.5,35
1782.9,4
1782.9,27
1782.9,38
1783.0,32
1783.2,26
1783.3,12
1783.4,23
1783.6,11
1783.9,37
1784.2,36
1784.8,1
1785.3,0
1785.3,39
1785.7,9
1786.7,8
1786.7,28
1786.9,18
1787.1,2
1787.4,29
1787.6,21
1787.8,20
1787.8,34
1787.9,6
1790.8,13
1791.7,14
1792.1,17
1792.3,5
1792.6,24
1792.8,33
1793.7,19
1794.6,3
1794.9,15
1795.5,26
1796.8,25
1796.9,7
1797.0,9
1797.1,0
1797.3,11
1797.4,29
1797.9,18
1798.3,21
1798.5,28
1799.0,6
1799.0,12
1799.1,37
1799.4,4
1799.9,39
1800.2,20
1800.3,35
1802.1,14
1802.1,30
1803.1,34
1804.1,2
1804.1,31
1804.5,27
1805.3,1
1806.8,8
1807.5,33
1808.1,0
1808.1,12
1808.1,35
1808.2,15
1808.4,39
1808.5,25
1809.2,32
1809.3,11
1809.7,29
1813.6,2
1813.6,37
1813.8,7
1813.8,16
1814.1,13
1814.1,19
1814.2,22
1814.2,28
1814.5,36
1814.9,5
1815.3,17
1815.6,4
1815.6,26
1816.0,14
1816.9,21
1817.1,1
1817.1,29
1817.7,18
1818.1,38
1818.5,9
1819.1,3
1819.5,24
1820.3,6
1820.6,11
1821.4,39
1821.5,35
1821.7,20
1821.9,27
1822.1,25
1822.5,15
1823.7,34
1824.9,32
1825.1,8
1825.7,28
1826.5,14
1826.9,12
1827.4,24
1827.5,0
1827.5,18
1828.0,33
1828.2,37
1828.3,2
1828.7,4
1829.1,26
1829.8,7
1830.5,11
1830.8,17
1832.9,16
1833.1,9
1833.9,39
1834.5,5
1834.5,20
1834.6,6
1834.6,10
1834.8,21
1835.3,30
1835.6,31
1835.9,19
1836.1,29
1836.3,25
1839.9,37
1840.7,11
1840.7,14
1840.7,15
1840.8,26
1841.1,18
1841.3,8
1842.1,7
1842.1,35
1842.4,6
1842.6,12
1842.6,20
1842.8,39
1843.1,1
1843.1,23
1843.1,25
1843.1,27
1843.5,19
1843.9,34
1844.2,2
1844.4,29
1844.5,0
1844.5,28
1845.4,36
1846.5,21
1847.2,4
1847.8,3
1847.9,16
1848.1,17
1850.0,24
1850.3,5
1851.5,11
1852.2,18
1852.3,9
1853.1,14
1853.3,37
1854.2,39
1855.2,32
1855.6,33
1855.8,7
1856.1,28
1856.4,2
1856.5,25
1857.3,29
1857.5,0
1858.0,26
1858.1,27
1858.1,31
1858.1,35
1858.3,13
1858.5,15
1858.9,34
1859.2,20
1859.2,21
1859.3,11
1860.3,10
1860.7,30
1861.3,6
1862.4,4
1863.1,8
1863.7,5
1864.4,14
1864.6,17
1865.7,16
1866.6,9
1867.0,37
1867.5,29
1867.7,18
1867.8,6
1868.3,11
1868.3,39
1868.6,0
1869.3,12
1869.4,2
1870.0,7
1870.0,26
1870.4,36
1870.4,38
1870.5,19
1870.7,15
1871.4,35
1873.0,5
1873.0,28
1873.6,25
1873.9,1
1874.5,20
1874.9,23
1875.5,34
1875.9,14
1876.4,3
1877.1,29
1877.3,21
1877.4,8
1877.5,17
1877.9,32
1878.7,31
1879.2,30
1879.5,6
1879.7,4
1880.4,0
1880.4,33
1881.0,39
1881.1,2
1881.4,26
1881.5,36
1881.6,27
1881.8,15
1882.0,37
1882.7,25
1883.8,24
1883.9,11
1884.0,14
1884.3,28
1885.7,19
1888.0,29
1888.1,9
1888.5,35
1888.6,20
1889.4,18
1889.4,34
1889.8,6
1890.0,1
1890.0,21
1890.6,5
1890.7,2
1890.9,12
1890.9,25
1891.8,7
1894.3,14
1895.0,4
1895.8,0
1896.4,8
1896.7,37
1896.8,28
1897.1,17
1897.4,31
1897.7,38
1898.9,13
1899.1,39
1900.3,15
1900.4,27
1900.9,16
1901.1,11
1901.9,9
1902.6,10
1902.9,18
1903.0,19
1903.3,14
1903.3,26
1903.7,32
1904.0,29
1904.2,2
1904.7,6
1904.9,20
1905.0,5
1906.4,25
1906.6,28
1907.5,7
1907.8,21
1908.3,33
1908.5,17
1912.1,34
1912.3,37
1912.4,12
1912.5,14
1912.6,1
1912.8,0
1912.9,4
1913.0,22
1913.1,27
1913.2,3
1914.6,11
1914.7,29
1914.7,39
1914.9,15
1914.9,21
1915.4,18
1915.4,30
1916.1,35
1916.3,9
1916.5,24
1917.7,25
1918.1,2
1918.7,7
1920.3,14
1920.3,28
1920.4,8
1921.0,6
1921.2,23
1921.6,26
1921.8,37
1921.9,19
1922.1,4
1922.4,36
1925.3,11
1925.6,13
1926.1,16
1926.2,32
1926.3,29
1926.4,39
1926.9,34
1927.0,20
1927.4,0
1927.4,5
1928.0,21
1928.2,2
1928.9,18
1929.1,27
1929.2,4
1929.2,17
1931.1,15
1932.3,26
1932.9,14
1932.9,25
1933.4,35
1933.5,1
1934.2,9
1935.2,28
1935.6,7
1935.7,6
1935.9,20
1936.8,12
1936.9,3
1936.9,5
1936.9,38
1937.4,17
1937.7,33
1937.8,37
1938.2,11
1938.3,29
1938.6,21
1939.0,39
1939.1,18
1939.2,2
1941.1,31
1941.8,0
1943.5,24
1944.2,14
1944.4,9
1944.5,27
1944.7,19
1945.7,30
1946.0,36
1946.2,4
1946.3,25
1946.3,32
1946.4,35
1947.0,15
1947.0,34
1947.1,11
1947.4,20
1947.7,21
1947.9,17
1948.3,22
1948.4,2
1949.9,16
1950.2,7
1950.6,28
1950.7,39
1951.5,10
1951.9,33
1952.0,26
1952.4,18
1952.9,6
1953.2,29
1953.8,14
1954.6,8
1954.6,23
1954.9,37
1955.1,19
1955.3,12
1956.2,27
1956.6,4
1956.9,1
1957.8,31
1959.0,5
1959.6,0
1959.7,11
1960.7,17
1960.9,36
1961.2,2
1961.9,25
1961.9,39
1962.0,20
1962.6,15
1963.4,29
1964.0,28
1964.2,3
1964.5,9
1964.5,34
1965.5,6
1966.0,14
1966.6,35
1966.8,18
1967.0,37
1967.1,21
1967.2,4
1967.9,24
1968.9,38
1969.6,31
1970.3,26
1971.8,16
1971.8,39
1972.5,7
1973.0,11
1973.1,20
1974.4,19
1974.8,4
1975.1,30
1975.4,13
1975.7,8
1976.2,2
1976.5,9
1976.6,1
1976.6,5
1977.0,28
1977.1,32
1977.4,15
1977.4,25
1977.4,29
1978.0,14
1978.7,33
1978.8,0
1981.4,27
1981.6,6
1981.6,34
1982.2,26
1982.9,17
1983.4,10
1983.8,37
1984.1,35
1984.3,7
1984.7,39
1984.9,18
1985.4,9
1986.6,21
1987.4,12
1987.6,0
1987.6,23
1987.7,29
1988.6,3
1990.3,15
1990.5,11
1991.3,2
1991.3,5
1991.3,14
1991.7,25
1992.1,4
1992.1,30
1992.3,24
1992.6,28
1993.3,19
1993.6,20
1993.7,31
1994.1,17
1994.2,16
1994.7,36
1994.7,37
1995.3,26
1996.0,1
1996.9,39
1997.9,29
2000.0,0
2001.5,11
2001.6,6
2002.0,7
2002.2,25
2002.3,9
2002.6,18
2002.8,22
2003.3,34
2003.3,35
2003.9,21
2004.1,8
2004.2,32
2004.9,14
2005.2,28
2006.1,33
2006.4,2
2007.0,39
2007.6,30
2008.4,26
2008.5,17
2008.5,19
2009.2,5
2009.2,27
2009.7,29
2010.1,4
2010.2,37
2010.7,11
2011.0,9
2011.6,10
2012.0,24
2012.7,20
2012.9,14
2013.7,0
2015.1,12
2015.3,34
2015.5,7
2016.7,8
2016.8,36
2016.9,16
2016.9,13
2017.3,15
2017.4,6
2017.4,38
2017.5,25
2018.2,23
2018.3,21
2018.3,26
2018.6,39
2019.0,1
2019.4,18
2020.6,28
2020.7,2
2021.6,29
2022.5,35
2022.6,37
2024.0,11
2024.3,0
2024.6,19
2024.9,5
2026.2,14
2027.0,9
2027.4,32
2028.2,4
2028.6,27
2028.7,17
2028.8,18
2028.9,33
2029.0,7
2029.1,21
2029.6,22
2029.6,38
2030.2,39
2030.3,3
2030.8,31
2032.2,20
2032.7,6
2032.8,2
2033.2,16
2033.2,35
2033.4,30
2033.5,15
2033.6,11
2033.9,25
2034.2,0
2034.5,26
2035.2,34
2035.2,36
2035.2,37
2035.8,1
2035.8,29
2036.1,14
2036.7,19
2036.7,28
2037.5,24
2038.4,39
2039.8,5
2041.6,8
2042.5,4
2042.7,17
2043.6,13
2043.7,11
2043.9,12
2044.1,7
2044.1,18
2044.5,26
2045.6,21
2045.9,25
2046.0,14
2046.2,9
2046.6,6
2046.6,33
2047.3,31
2047.8,0
2048.4,3
2048.6,2
2048.6,38
2048.9,20
2049.1,5
2049.1,27
2049.5,29
2049.8,39
2050.0,34
2050.2,22
2050.3,4
2052.1,28
2052.3,37
2053.3,14
2053.4,35
2053.7,19
2055.4,9
2056.7,18
2057.2,16
2057.3,11
2058.9,7
2059.0,6
2059.4,17
2060.3,25
2060.3,32
2060.4,21
2060.9,23
2061.6,29
2061.9,5
2062.5,39
2063.0,8
2063.3,34
2063.4,1
2063.4,15
2063.8,26
2064.0,4
2064.2,2
2064.5,0
2065.5,37
2065.6,11
2066.0,33
2066.6,17
2066.6,28
2066.7,14
2067.7,20
2068.0,27
2070.0,10
2070.2,12
2070.4,16
2070.4,24
2070.6,29
2070.7,7
2070.8,0
2071.3,18
2071.7,13
2071.9,21
2072.2,31
2072.3,4
2072.4,19
2072.7,5
2072.7,34
2072.7,36
2073.3,9
2073.5,14
2073.5,3
2073.5,26
2074.0,39
2074.5,25
2074.8,15
2075.0,11
2077.1,6
2078.1,2
2079.2,35
2079.6,37
2080.0,20
2080.2,28
2082.8,8
2083.1,30
2084.0,18
2084.2,1
2084.2,23
2084.3,4
2084.5,0
2084.9,39
2085.2,7
2085.2,29
2086.0,14
2086.2,17
2086.3,16
2086.4,34
2087.4,19
2087.5,5
2087.5,11
2087.6,27
2088.5,20
2089.2,2
2089.2,9
2089.3,26
2089.3,32
2090.3,25
2091.0,24
2092.2,15
2092.3,6
2092.6,28
2092.8,14
2092.8,37
2093.1,21
2093.1,35
2093.7,33
2096.2,4
2096.3,7
2098.1,13
2098.2,0
2098.6,27
2098.6,39
2099.2,29
2099.7,28
2099.8,3
2100.0,26
2100.1,1
2100.4,17
2100.7,19
2100.9,18
2102.6,14
2102.8,12
2103.2,31
2103.4,25
2104.4,21
2104.7,9
2104.8,20
2104.9,35
2105.1,2
2105.1,11
2105.7,16
2105.7,37
2105.8,8
2105.9,5
2106.3,34
2106.4,30
2106.6,15
2106.8,6
2106.9,36
2107.0,17
2107.5,24
2107.6,33
2108.2,29
2108.4,26
2110.3,18
2110.9,39
2112.2,27
2113.1,14
2113.3,3
2113.3,4
2113.7,19
2114.1,7
2115.0,1
2116.3,29
2116.9,2
2117.1,0
2117.2,11
2117.5,12
2117.7,28
2118.2,26
2118.6,5
2118.6,23
2118.7,16
2118.7,25
2118.7,38
2119.0,21
2119.2,32
2119.2,20
2119.4,31
2119.8,14
2121.1,39
2121.5,18
2123.4,9
2124.0,8
2124.2,35
2124.2,37
2124.4,36
2124.7,24
2124.8,6
2125.2,33
2125.5,2
2125.5,4
2125.5,17
2125.8,34
2128.7,11
2129.9,28
2130.3,14
2130.5,19
2130.8,7
2130.8,30
2130.9,29
2131.2,15
2131.2,27
2132.0,21
2132.3,20
2132.8,38
2132.9,13
2133.3,6
2134.1,10
2134.2,0
2134.5,9
2135.8,25
2137.3,16
2137.5,1
2138.0,5
2138.6,4
2138.6,39
2138.7,26
2138.8,12
2139.4,14
2139.6,17
2139.6,31
2140.0,32
2140.2,2
2140.6,37
2140.7,9
2141.3,28
2141.4,18
2142.4,34
2142.6,6
2142.6,11
2143.0,24
2143.1,29
2143.9,19
2146.8,20
2147.6,33
2147.7,35
2147.8,30
2148.0,21
2148.2,7
2148.5,17
2148.6,23
2148.9,0
2149.3,25
2149.3,26
2149.7,8
2150.5,39
2151.1,14
2151.6,11
2152.8,36
2153.2,2
2153.4,37
2153.8,18
2154.4,5
2154.6,4
2155.2,19
2155.2,28
2155.3,38
2157.3,27
2157.7,15
2157.7,21
2157.9,6
2158.4,3
2159.7,10
2160.0,9
2160.4,29
2160.7,26
2160.8,20
2160.9,31
2162.2,39
2162.6,14
2162.9,12
2163.3,0
2163.3,34
2163.9,13
2164.0,16
2164.0,35
2164.0,25
2164.5,11
2164.7,17
2165.4,2
2166.2,4
2166.2,22
2166.4,7
2167.3,28
2167.6,1
2168.0,24
2169.0,6
2170.1,21
2170.6,19
2170.9,14
2170.9,29
2172.2,9
2172.6,37
2172.8,0
2172.8,15
2172.8,30
2172.9,18
2172.9,32
2173.1,39
2173.8,11
2174.5,5
2174.6,4
2175.6,20
2175.6,26
2176.9,8
2177.0,16
2177.1,36
2177.3,17
2177.4,27
2177.7,34
2178.3,2
2178.8,12
2178.9,7
2179.1,28
2179.7,31
2180.0,29
2181.7,39
2183.0,25
2183.1,23
2183.2,18
2183.7,9
2184.1,35
2184.4,14
2185.1,33
2185.2,19
2185.4,4
2185.4,20
2185.5,1
2185.5,24
2185.5,37
2185.8,5
2185.9,2
2186.5,11
2186.7,28
2187.5,26
2187.8,0
2189.3,3
2189.5,6
2189.8,21
2189.9,17
2190.2,15
2191.0,13
2192.4,32
2192.9,34
2193.4,30
2193.7,7
2193.9,31
2194.1,14
2194.7,18
2194.8,1
2194.8,22
2194.9,11
2195.8,37
2196.4,9
2197.3,2
2197.3,12
2197.4,33
2197.6,28
2197.7,25
2197.7,26
2197.8,39
2198.3,16
2198.3,29
2199.2,0
2199.5,24
2200.5,38
2200.8,6
2201.1,4
2201.3,17
2202.3,19
2202.9,5
2203.4,20
2203.7,7
2207.0,15
2207.3,35
2207.4,14
2207.4,36
2207.5,27
2208.4,39
2208.7,34
2208.9,11
2208.9,29
2209.2,21
2209.2,32
2209.4,12
2209.6,3
2209.6,8
2209.6,28
2209.7,18
2210.0,25
2210.4,26
2210.5,2
2211.1,23
2212.2,0
2214.3,9
2215.0,16
2215.4,14
2215.7,20
2216.4,19
2216.6,4
2217.4,37
2217.8,8
2217.9,6
2218.6,1
2218.9,33
2219.0,30
2219.2,5
2219.2,13
2219.5,31
2219.8,21
2220.8,0
2220.8,27
2221.0,17
2221.6,9
2221.9,11
2222.3,15
2222.9,24
2223.5,39
2224.1,29
2224.6,14
2224.9,7
2225.4,28
2225.9,25
2225.9,34
2226.5,26
2228.2,2
2228.9,36
2229.7,6
2230.2,18
2230.5,35
2230.5,17
2230.7,11
2232.9,37
2233.1,9
2233.5,20
2233.7,19
2234.5,32
2234.7,14
2235.3,8
2235.9,0
2237.5,4
2237.5,5
2237.9,29
2238.5,15
2238.9,28
2239.6,39
2239.6,25
2239.8,12
2240.0,1
2240.2,27
2240.4,21
2240.5,34
2240.7,11
2240.8,14
2240.9,18
2241.3,30
2241.4,2
2242.0,31
2242.2,6
2242.7,33
2243.0,7
2243.3,26
2244.4,24
2247.1,16
2247.8,8
2248.0,20
2248.5,37
2250.1,0
2250.5,17
2250.7,9
2250.7,35
2250.9,27
2250.9,29
2250.9,28
2251.2,14
2251.2,19
2252.7,4
2253.9,11
2254.6,2
2255.4,36
2255.7,25
2256.0,33
2256.0,39
2256.1,7
2256.1,26
2256.4,5
2257.1,15
2257.6,23
2257.6,31
2257.9,34
2258.8,6
2259.0,3
2260.8,18
2261.0,28
2261.2,0
2261.5,21
2262.2,20
2264.0,9
2264.0,37
2264.0,38
2264.2,35
2264.4,13
2264.4,24
2264.6,14
2269.0,32
2269.3,11
2269.3,19
2269.3,39
2269.4,5
2269.7,25
2270.0,29
2270.1,27
2270.1,4
2270.3,8
2270.4,2
2270.6,17
2270.7,1
2271.5,30
2271.7,14
2271.8,16
2273.0,7
2273.5,31
2274.7,6
2275.2,22
2275.6,12
2275.7,15
2275.9,0
2276.8,11
2276.8,21
2278.6,39
2278.7,9
2279.0,35
2280.5,18
2280.8,28
2281.0,37
2281.5,4
2281.7,36
2282.0,20
2282.0,34
2283.2,33
2283.6,25
2283.8,14
2284.0,26
2284.1,3
2284.4,5
2284.5,13
2284.6,8
2284.7,2
2285.7,29
2286.3,11
2288.1,28
2288.4,23
2289.0,27
2289.8,39
2290.8,21
2291.1,6
2291.7,15
2291.7,24
2291.8,31
2292.2,37
2292.3,1
2292.3,17
2293.0,19
2293.0,30
2293.4,14
2293.8,7
2294.0,0
2294.0,35
2294.2,26
2295.1,29
2295.6,5
2296.0,9
2297.2,20
2297.6,18
2297.8,2
2298.2,4
2298.9,25
2299.1,14
2299.1,16
2299.7,17
2300.8,39
2301.1,12
2301.1,34
2301.5,10
2302.0,11
2302.1,33
2302.5,8
2302.8,13
2303.1,36
2303.4,32
2306.1,27
2307.1,37
2307.2,28
2308.1,3
2308.1,38
2308.2,6
2308.2,29
2308.4,18
2309.0,9
2309.2,14
2309.3,20
2309.6,26
2309.8,19
2310.0,35
2310.3,2
2310.6,15
2310.7,0
2311.1,21
2313.2,1
2313.4,7
2313.4,11
2314.0,4
2314.2,25
2314.3,31
2314.3,36
2314.6,12
2314.8,8
2314.9,39
2315.1,24
2315.2,5
2315.6,17
2319.5,37
2320.4,3
2320.4,34
2321.4,19
2321.6,18
2321.9,27
2322.4,20
2322.5,29
2322.6,35
2322.9,28
2323.7,14
2324.5,0
2324.5,9
2324.8,2
2325.9,30
2326.4,21
2326.4,25
2327.1,26
2327.1,8
2327.1,15
2327.9,16
2328.2,10
2328.3,11
2328.8,6
2329.2,37
2330.1,17
2330.1,31
2330.1,32
2330.4,4
2331.6,34
2332.2,18
2332.9,13
2332.9,39
2333.2,28
2333.6,24
2333.6,29
2333.7,5
2334.1,27
2334.4,14
2335.4,2
2335.9,33
2336.3,20
2336.5,35
2337.0,7
2337.2,11
2337.2,25
2337.7,0
2337.8,22
2338.0,12
2338.1,9
2338.4,26
2340.4,23
2340.7,37
2340.8,6
2341.5,18
2342.8,15
2344.5,21
2344.6,2
2344.7,31
2344.8,25
2345.0,39
2345.4,27
2345.8,1
2345.8,28
2345.9,34
2346.5,17
2346.9,4
2348.1,14
2348.7,11
2350.0,9
2350.3,19
2350.9,10
2351.3,16
2351.3,20
2351.7,0
2352.2,29
2352.2,30
2352.2,36
2352.4,32
2353.0,26
2353.0,37
2353.3,38
2353.7,25
2353.8,8
2353.8,33
2354.3,5
2355.3,18
2355.3,3
2356.6,15
2357.6,12
2357.6,24
2358.0,28
2359.0,21
2359.2,14
2359.3,34
2359.9,29
2360.1,17
2360.2,39
2360.3,6
2360.3,7
2360.6,35
2361.0,2
2361.6,4
2364.5,13
2364.6,20
2364.9,8
2365.0,1
2365.2,18
2365.3,33
2365.3,37
2366.2,14
2366.7,5
2367.4,28
2367.5,19
2367.9,11
2368.2,9
2368.6,15
2370.7,26
2370.7,27
2371.8,0
2372.9,16
2373.3,25
2373.6,21
2373.8,31
2374.4,29
2374.8,6
2374.9,39
2375.3,5
2375.3,20
2375.7,17
2375.9,7
2376.0,3
2376.2,12
2376.2,32
2377.1,14
2377.3,28
2377.4,34
2377.7,2
2377.9,37
2378.8,4
2379.0,18
2379.2,23
2379.6,11
2380.2,33
2380.7,15
2381.6,9
2382.2,0
2382.6,24
2384.1,20
2384.3,35
2384.5,36
2384.6,16
2384.8,27
2385.0,39
2386.0,29
2386.1,19
2386.2,1
2386.9,37
2387.5,26
2387.8,6
2387.8,7
2388.1,30
2388.5,5
2388.7,25
2388.7,34
2388.8,11
2388.8,28
2388.9,14
2389.6,21
2391.4,18
2391.9,15
2391.9,31
2392.2,4
2392.8,17
2393.0,8
2393.1,22
2393.3,2
2393.6,9
2394.4,3
2394.6,39
2394.8,20
2396.0,12
2396.2,29
2396.3,28
2396.5,0
2399.5,14
2399.7,34
2399.7,37
2399.9,25
2399.9,26
2400.1,32
2401.4,19
2402.1,5
2402.6,36
2403.4,33
2403.9,6
2403.9,10
2403.9,11
2403.9,21
2404.3,4
2405.1,2
2405.5,7
2405.6,17
2405.6,35
2406.4,29
2406.7,27
2406.9,18
2406.9,38
2407.3,1
2407.5,13
2407.6,16
2408.3,15
2411.1,9
2411.3,37
2411.6,8
2411.7,20
2412.7,26
2413.0,0
2413.0,14
2413.3,30
2413.4,25
2413.9,12
2413.9,28
2414.0,29
2416.9,4
2417.4,39
2417.5,5
2417.8,27
2417.8,33
2418.0,34
2418.4,21
2418.6,35
2419.1,6
2419.2,11
2419.3,24
2419.4,7
2420.9,1
2421.0,36
2421.6,19
2421.9,3
2422.0,2
2423.1,37
2423.9,26
2424.9,20
2424.9,22
2425.0,0
2425.0,16
2425.1,15
2425.1,17
2426.9,32
2427.0,14
2427.1,31
2427.3,28
2427.7,23
2427.8,18
2427.9,6
2427.9,9
2427.9,29
2428.0,25
2429.1,21
2430.2,4
2431.4,7
2432.1,2
2432.2,11
2432.9,35
2433.1,39
2433.4,12
2434.5,34
2435.0,8
2435.7,19
2436.3,27
2436.3,15
2436.3,20
2436.9,30
2437.5,37
2437.7,13
2437.8,26
2437.8,38
2438.1,0
2438.1,14
2438.2,29
2438.4,25
2439.3,3
2439.3,33
2439.7,21
2440.1,28
2440.6,1
2440.6,39
2440.9,17
2441.3,5
2441.8,24
2443.1,6
2443.7,11
2444.3,2
2444.4,20
2445.7,36
2446.0,18
2446.8,14
2446.9,7
2447.0,12
2447.0,27
2447.1,16
2447.2,10
2447.6,5
2447.6,34
2447.7,28
2447.9,4
2448.7,15
2449.4,31
2450.2,37
2450.9,3
2451.0,9
2451.2,25
2451.8,26
2452.1,29
2452.1,35
2453.4,0
2453.5,39
2453.7,32
2454.0,8
2454.7,11
2456.4,28
2456.6,19
2457.0,22
2457.5,2
2457.8,6
2458.1,15
2460.0,20
2460.1,14
2460.3,4
2461.4,18
2461.5,17
2461.8,1
2462.2,21
2462.6,29
2462.9,7
2462.9,37
2464.8,10
2464.9,0
2465.5,5
2465.6,16
2466.2,11
2466.8,9
2467.0,27
2467.0,39
2467.2,26
2468.0,15
2468.0,25
2468.1,8
2468.3,24
2468.3,38
2468.8,4
2470.3,14
2471.7,29
2471.7,33
2471.8,2
2472.7,31
2472.8,32
2472.9,18
2473.5,23
2473.9,34
2474.6,21
2475.1,9
2475.1,28
2476.4,6
2477.0,17
2477.6,20
2477.6,35
2479.0,37
2479.7,27
2479.9,0
2479.9,16
2480.2,25
2480.3,14
2481.0,7
2481.0,19
2481.2,26
2481.5,39
2481.8,3
2481.9,5
2482.2,2
2482.9,30
2483.4,36
2483.7,11
2483.8,29
2484.9,13
2485.6,28
2486.0,12
2486.0,24
2486.6,18
2486.8,31
2487.7,15
2488.0,25
2488.4,14
2490.0,4
2490.5,17
2491.5,26
2491.8,0
2491.9,34
2492.0,19
2492.0,33
2493.5,20
2493.5,23
2495.0,29
2495.6,21
2495.7,1
2495.7,8
2496.3,2
2497.2,6
2497.7,28
2497.7,39
2498.5,7
2498.6,9
2498.8,35
2499.3,11
2499.6,16
2500.1,37
2500.6,27
2501.4,14
2502.9,25
2503.3,26
2503.4,0
2503.7,12
2503.7,17
2503.9,38
2504.2,4
2505.0,32
2505.2,15
2505.6,24
2505.7,29
2506.1,5
2506.4,11
2507.6,34
2507.9,21
2508.3,18
2508.7,20
2509.0,3
2509.6,39
2510.4,7
2510.8,22
2511.1,6
2511.2,37
2511.3,14
2511.5,2
2511.5,10
2511.7,28
2512.8,27
2513.4,26
2514.0,4
2514.6,9
2515.3,33
2516.0,19
2516.3,29
2516.5,36
2517.9,0
2518.4,5
2518.4,11
2518.4,12
2518.8,8
2519.9,16
2520.7,25
2521.1,17
2521.2,21
2521.3,14
2521.3,28
2521.9,31
2522.0,35
2523.1,15
2523.4,4
2524.0,2
2524.4,37
2525.4,18
2526.1,26
2526.2,20
2526.7,39
2526.8,6
2526.8,34
2527.5,24
2528.0,0
2528.0,7
2528.1,13
2528.2,1
2529.1,11
2529.2,35
2529.9,4
2530.3,14
2530.8,32
2531.0,9
2531.1,25
2532.8,37
2533.5,5
2534.3,19
2534.5,29
2535.1,7
2535.1,16
2535.1,18
2535.8,12
2536.1,8
2536.1,21
2536.2,26
2536.3,17
2537.3,28
2538.1,2
2538.2,27
2538.7,33
2539.4,4
2539.4,14
2539.4,15
2539.7,6
2539.8,20
2540.4,23
2541.3,30
2541.4,5
2541.4,39
2541.5,34
2541.7,11
2542.1,0
2542.2,37
2544.3,29
2544.4,25
2546.4,9
2547.2,2
2547.5,35
2548.0,14
2548.1,18
2548.5,36
2549.3,17
2550.0,6
2550.1,26
2550.5,37
2551.2,20
2552.3,34
2552.5,5
2553.0,3
2553.3,15
2553.3,28
2553.6,21
2554.3,31
2554.7,8
2554.7,24
2554.8,30
2554.9,16
2555.0,2
2555.0,29
2555.2,0
2555.4,10
2555.4,19
2555.7,18
2555.8,4
2556.0,32
2556.1,27
2556.2,7
2556.3,14
2556.4,1
2558.2,11
2558.8,38
2558.8,39
2558.8,25
2559.4,17
2561.8,6
2562.2,26
2562.5,28
2562.8,33
2563.9,9
2564.1,5
2564.2,35
2564.3,34
2564.7,20
2565.4,15
2566.4,21
2568.8,7
2568.8,12
2568.9,2
2568.9,11
2568.9,29
2569.1,37
2569.2,14
2570.4,18
2571.0,27
2571.3,19
2572.1,0
2572.1,24
2572.8,1
2573.5,39
2573.9,4
2574.8,32
2574.9,25
2575.0,36
2575.0,17
2575.7,8
2577.6,20
2577.9,2
2577.9,9
2578.0,16
2578.0,28
2579.4,6
2580.0,13
2580.0,30
2580.4,15
2580.6,14
2580.8,26
2581.1,22
2581.9,37
2582.6,11
2582.8,21
2583.0,29
2583.1,34
2583.7,35
2584.5,4
2584.7,7
2585.5,18
2585.7,5
2586.9,3
2587.4,0
2588.1,2
2588.3,19
2588.3,20
2588.4,31
2588.6,25
2588.6,38
2588.9,1
2589.1,39
2589.3,12
2589.3,14
2589.8,15
2589.9,8
2590.0,9
2590.7,23
2590.8,24
2590.9,28
2591.6,6
2591.8,17
2595.0,27
2595.3,33
2595.9,18
2596.1,21
2596.3,11
2596.6,32
2596.7,26
2597.0,7
2597.2,16
2599.0,4
2600.2,28
2600.2,36
2601.1,0
2601.2,5
2601.2,29
2601.3,17
2601.3,39
2601.4,35
2601.4,37
2601.5,15
2601.7,10
2602.1,12
2602.1,14
2602.4,34
2602.4,2
2604.2,19
2604.4,11
2604.6,25
2604.9,1
2605.5,23
2606.1,9
2606.4,30
2607.0,20
2607.4,8
2610.0,21
2610.7,5
2610.9,14
2611.0,7
2611.3,39
2611.4,13
2611.8,37
2612.0,4
2612.4,18
2613.3,28
2613.5,27
2614.6,0
2614.9,34
2615.8,35
2616.0,16
2616.1,29
2616.1,33
2616.6,2
2616.6,26
2616.6,38
2616.8,9
2617.1,6
2617.3,22
2617.7,11
2617.7,19
2618.1,1
2618.6,17
2618.7,24
2618.9,14
2619.0,15
2619.2,25
2619.9,30
2620.3,18
2620.9,8
2620.9,20
2621.0,5
2621.8,31
2621.8,39
2621.9,28
2623.6,36
2625.9,27
2626.6,2
2626.6,37
2627.0,3
2627.2,21
2627.7,4
2628.1,14
2628.4,32
2628.5,29
2629.2,11
2629.7,0
2629.9,26
2631.4,34
2631.9,35
2632.3,7
2632.8,6
2634.1,39
2634.3,9
2634.3,29
2634.7,12
2635.3,25
2635.6,33
2635.7,15
2635.7,20
2636.0,16
2636.2,18
2637.1,37
2637.3,27
2638.4,14
2639.2,8
2639.4,19
2640.7,2
2641.2,0
2642.8,31
2643.3,1
2643.3,4
2643.6,24
2644.0,11
2644.4,5
2644.5,21
2645.0,35
2645.5,15
2645.9,17
2645.9,25
2646.2,30
2646.4,36
2647.0,39
2647.5,18
2648.9,14
2649.4,7
2649.5,37
2650.0,29
2650.2,6
2650.5,9
2650.7,28
2652.7,19
2652.9,20
2653.0,32
2653.1,33
2653.2,2
2653.2,22
2654.4,26
2654.8,8
2654.9,3
2655.0,27
2655.6,21
2655.6,35
2655.8,10
2655.8,0
2656.0,34
2656.6,14
2657.0,28
2657.3,15
2657.3,13
2657.9,38
2659.1,11
2659.8,5
2660.2,39
2660.3,31
2660.7,6
2661.3,20
2661.7,9
2661.7,25
2663.4,18
2664.8,4
2665.2,7
2665.4,17
2665.7,2
2665.7,29
2666.1,37
2666.9,16
2667.0,14
2668.3,11
2668.4,26
2669.3,0
2669.3,28
2669.9,34
2670.4,19
2670.7,30
2670.8,12
2671.3,39
2671.6,27
2673.0,15
2674.1,14
2675.0,21
2675.5,5
2675.8,6
2675.8,20
2676.9,8
2677.0,26
2677.1,35
2677.1,32
2677.3,4
2677.3,31
2677.4,17
2677.5,1
2677.5,18
2677.6,24
2678.1,25
2678.3,36
2678.6,33
2678.8,11
2680.9,16
2681.7,27
2682.0,0
2682.0,3
2682.1,7
2682.1,39
2682.5,37
2682.6,2
2682.9,9
2682.9,28
2683.0,23
2683.0,34
2683.2,14
2683.2,13
2683.6,29
2686.5,6
2686.5,12
2686.6,10
2686.8,24
2688.7,15
2688.8,5
2689.1,25
2689.9,21
2690.4,26
2690.5,14
2690.6,30
2690.8,11
2690.9,4
2690.9,19
2691.2,18
2691.6,8
2691.6,37
2691.6,39
2691.9,35
2692.2,7
2692.7,17
2693.1,0
2695.3,29
2696.7,33
2697.0,2
2697.0,16
2698.1,34
2698.2,9
2698.3,1
2698.5,20
2698.9,39
2699.0,0
2699.5,27
2699.7,28
2701.0,25
2701.8,37
2701.9,14
2702.4,11
2702.4,21
2702.8,6
2703.3,32
2703.5,36
2703.9,29
2704.2,3
2704.4,12
2705.9,8
2706.1,2
2706.4,7
2706.7,39
2707.1,4
2707.4,18
2707.4,35
2707.8,5
2710.1,15
2710.2,1
2710.2,17
2710.3,34
2710.5,25
2710.5,27
2711.0,26
2711.2,11
2711.2,19
2712.0,24
2712.2,9
2712.5,20
2713.4,23
2713.5,0
2714.2,6
2714.2,38
2714.8,28
2717.2,29
2717.3,39
2717.9,33
2719.5,37
2719.6,14
2719.8,25
2720.2,30
2720.3,2
2720.3,18
2720.6,5
2720.6,7
2720.7,11
2720.9,17
2721.1,21
2721.5,13
2721.8,31
2721.9,4
2723.2,16
2723.8,0
2723.8,26
2724.0,28
2727.4,8
2727.4,24
2727.4,27
2727.9,20
2728.0,34
2728.5,14
2728.5,39
2728.9,4
2729.4,15
2730.5,6
2731.0,2
2731.2,3
2731.2,25
2731.9,9
2733.2,12
2733.3,35
2733.5,29
2733.5,7
2734.0,17
2734.0,37
2734.1,11
2734.3,8
2734.3,10
2735.2,0
2735.2,16
2735.2,20
2735.3,19
2735.3,21
2735.5,36
2736.0,18
2736.1,4
2736.3,28
2736.6,26
2737.7,14
2740.7,5
2741.8,15
2742.0,13
2742.1,1
2742.3,2
2742.5,39
2744.2,37
2745.0,29
2745.1,11
2745.7,18
2745.7,32
2746.1,34
2746.3,27
2746.3,30
2746.5,0
2746.6,17
2746.6,20
2746.7,22
2746.8,7
2747.9,9
2747.9,25
2748.1,31
2748.4,14
2748.5,21
2748.8,6
2748.9,26
2749.4,5
2750.1,8
2750.2,24
2750.2,33
2750.5,12
2750.6,4
2750.8,28
2751.4,38
2751.8,2
2755.8,39
2756.4,7
2756.9,15
2757.0,10
2757.5,19
2757.6,29
2757.8,11
2758.4,9
2758.5,16
2758.7,35
2758.7,36
2759.4,18
2759.7,14
2760.2,17
2761.6,0
2761.6,23
2762.5,2
2762.8,25
2762.9,20
2763.6,32
2764.0,6
2764.0,34
2764.2,28
2764.2,37
2764.4,26
2764.6,5
2765.3,21
2767.6,14
2768.4,27
2768.4,39
2769.5,1
2769.5,11
2769.6,4
2769.7,24
2769.7,29
2770.3,15
2771.3,8
2771.6,9
2772.2,16
2773.1,0
2773.5,30
2774.7,26
2775.2,18
2775.5,35
2775.7,21
2776.0,12
2776.1,34
2776.2,17
2776.4,2
2776.6,28
2776.7,13
2776.8,31
2777.2,20
2777.6,37
2777.9,14
2778.5,7
2778.6,6
2780.3,29
2780.6,33
2781.2,4
2781.3,0
2781.3,25
2781.4,19
2781.4,36
2782.1,39
2782.3,11
2783.6,5
2784.5,2
2784.8,3
2785.1,37
2785.4,34
2785.6,9
2787.1,21
2788.8,6
2788.9,14
2789.0,1
2789.9,27
2790.3,15
2790.8,18
2791.1,17
2791.3,20
2791.6,16
2791.9,35
2792.2,28
2793.0,7
2793.2,38
2793.3,29
2793.5,8
2794.0,26
2794.1,32
2795.3,5
2795.9,24
2796.0,30
2796.0,31
2796.2,19
2796.4,25
2796.5,2
2796.8,0
2796.9,9
2797.4,39
2798.9,27
2799.1,14
2799.1,37
2799.7,11
2800.8,21
2801.0,36
2801.9,12
2803.2,3
2803.7,17
2804.0,28
2804.8,20
2805.7,34
2805.8,4
2806.7,26
2806.7,15
2807.4,18
2807.9,0
2808.2,14
2808.6,29
2808.7,25
2809.2,35
2809.4,27
2809.5,38
2809.8,39
2810.2,2
2811.1,11
2812.8,7
2813.2,5
2813.3,6
2813.4,9
2813.9,23
2814.2,16
2814.8,37
2816.0,8
2816.2,24
2816.6,20
2817.0,28
2817.5,14
2817.7,21
2818.2,39
2818.6,13
2818.8,18
2818.9,0
2818.9,17
2819.2,1
2819.4,19
2819.5,26
2819.8,32
2820.6,12
2820.7,4
2821.7,11
2821.7,25
2823.0,31
2824.5,5
2825.5,34
2826.4,29
2826.7,30
2826.9,2
2827.0,35
2827.6,14
2827.7,15
2828.1,6
2829.6,7
2830.2,22
2830.9,16
2831.8,9
2831.9,20
2832.0,39
2832.6,28
2832.8,37
2832.9,25
2833.4,33
2833.7,26
2834.0,18
2834.9,27
2835.5,14
2835.7,11
2835.8,0
2836.8,21
2836.8,29
2836.9,38
2837.2,5
2839.0,23
2839.1,8
2839.3,17
2840.1,4
2840.1,10
2840.1,32
2840.1,36
2841.1,2
2841.5,19
2842.4,15
2843.6,11
2843.7,12
2843.7,24
2843.9,9
2844.2,16
2844.2,39
2844.3,25
2844.4,14
2844.5,7
2844.8,37
2844.8,20
2845.1,6
2845.3,1
2845.4,31
2845.4,21
2846.3,0
2846.3,4
2846.7,18
2847.2,26
2847.4,28
2849.2,35
2851.2,29
2851.3,13
2852.1,34
2852.3,3
2852.6,2
2854.1,14
2854.9,17
2855.0,11
2856.3,20
2858.1,23
2858.4,25
2858.5,6
2858.7,27
2858.9,15
2859.0,31
2859.3,39
2859.9,33
2860.4,26
2860.6,29
2860.8,0
2861.2,5
2862.3,7
2862.5,4
2862.6,24
2863.1,35
2863.5,32
2863.9,6
2864.0,19
2864.6,16
2865.6,28
2865.7,9
2865.8,14
2865.9,2
2866.0,18
2866.1,37
2867.3,25
2867.5,39
2867.9,30
2868.6,17
2868.7,21
2871.1,11
2871.5,20
2871.7,0
2871.9,15
2872.5,8
2872.6,29
2873.6,1
2873.6,5
2875.9,4
2877.2,34
2877.3,7
2877.4,9
2877.4,35
2877.7,6
2878.2,36
2878.3,38
2878.4,14
2878.6,12
2878.8,37
2878.9,28
2879.3,25
2879.4,18
2879.8,3
2880.4,27
2880.9,24
2881.4,11
2882.0,2
2882.1,39
2882.5,5
2884.4,19
2884.7,33
2884.9,31
2885.5,29
2886.5,15
2887.1,0
2887.2,10
2887.3,20
2888.6,26
2888.7,21
2889.0,17
2889.0,25
2889.6,27
2889.9,18
2890.1,23
2890.8,14
2892.8,2
2893.2,28
2893.4,16
2894.9,7
2894.9,8
2894.9,35
2894.9,39
2895.7,34
2896.1,37
2896.8,11
2896.9,6
2897.3,4
2897.6,22
2898.0,3
2898.3,29
2898.5,9
2898.8,0
2899.7,18
2899.9,26
2900.1,5
2900.4,17
2900.7,13
2901.0,14
2901.1,33
2902.1,20
2903.6,25
2904.2,28
2904.5,27
2904.7,15
2904.9,16
2905.0,31
2905.2,1
2905.3,32
2905.4,19
2905.5,37
2905.6,21
2906.0,7
2906.1,30
2906.3,24
2906.8,4
2906.9,12
2907.2,6
2907.3,36
2907.5,39
2907.6,2
2907.7,9
2908.3,11
2908.8,35
2909.8,14
2912.3,0
2913.1,18
2913.7,17
2914.5,29
2914.6,25
2916.4,20
2916.4,34
2917.1,5
2918.5,2
2918.5,28
2918.7,8
2919.4,14
2919.5,12
2919.5,26
2919.8,23
2919.8,37
2920.4,9
2921.0,11
2921.3,27
2922.0,18
2922.2,21
2923.5,16
2923.9,39
2924.2,15
2925.6,6
2925.6,17
2925.9,4
2926.1,25
2926.4,0
2926.5,7
2927.5,14
2928.2,1
2928.8,33
2929.3,28
2929.9,19
2929.9,24
2929.9,38
2930.5,37
2930.9,9
2931.0,32
2931.4,18
2931.7,2
2931.7,5
2931.7,31
2932.7,35
2932.8,26
2933.5,29
2934.8,20
2935.3,3
2935.6,15
2935.8,39
2936.3,0
2936.6,11
2936.6,21
2938.5,6
2938.5,14
2939.2,4
2939.6,13
2939.9,28
2940.2,27
2940.3,24
2940.3,34
2940.9,18
2941.2,25
2941.5,17
2941.5,30
2942.1,7
2942.4,2
2942.5,10
2942.7,9
2945.0,1
2945.0,26
2945.3,35
2945.4,14
2945.4,5
2946.0,8
2946.5,39
2947.4,29
2947.8,11
2948.0,37
2948.1,36
2948.3,31
2949.3,12
2949.8,15
2950.2,6
2950.3,2
2950.5,0
2950.7,19
2951.2,9
2951.5,20
2951.9,18
2952.6,7
2952.9,4
2953.0,32
2953.8,14
2955.0,28
2955.9,17
2956.1,34
2956.9,27
2956.9,33
2957.2,26
2957.3,10
2957.3,21
2957.3,29
2958.1,0
2958.2,23
2958.4,25
2958.8,39
2960.8,37
2961.1,2
2961.4,16
2961.8,20
2961.9,7
2962.2,35
2962.9,15
2963.3,1
2964.1,8
2965.2,4
2965.2,5
2966.0,14
2966.5,3
2966.6,0
2967.2,17
2967.3,21
2968.1,19
2968.1,11
2968.7,9
2969.0,24
2969.2,18
2969.3,39
2969.5,6
2969.5,28
2970.1,13
2970.1,34
2970.2,30
2970.3,37
2970.4,26
2973.3,29
2973.6,25
2974.9,20
2975.5,2
2976.5,27
2978.2,14
2978.2,38
2978.6,22
2979.7,15
2980.5,16
2980.8,3
2980.8,33
2980.9,5
2981.1,4
2981.5,0
2981.5,11
2981.7,17
2981.9,35
2982.0,7
2982.7,39
2982.8,8
2983.3,18
2983.4,29
2983.4,32
2983.5,31
2983.8,25
2984.3,28
2985.2,2
2985.2,37
2985.4,21
2985.5,19
2985.9,14
2986.2,6
2986.2,9
2986.6,12
2986.8,24
2989.9,36
2990.0,34
2990.8,20
2991.0,26
2991.3,10
2991.8,35
2992.1,11
2994.0,29
2994.1,38
2994.2,14
2994.4,17
2994.9,9
2995.3,25
2995.7,15
2995.7,27
2996.1,5
2996.2,28
2996.3,0
2996.5,7
2996.5,16
2996.7,22
2996.8,23
2996.8,37
2998.4,4
2998.6,13
2999.1,1
2999.1,2
2999.4,18
3000.6,3
3000.9,21
3000.9,30
3000.9,39
3001.3,20
3001.7,11
3002.3,6
3003.4,19
3004.8,29
3005.1,33
3005.4,14
3006.1,32
3006.3,25
3006.3,36
3006.6,8
3007.5,26
3008.2,15
3008.2,35
3008.5,28
3008.5,34
3009.6,4
3010.3,12
3010.4,18
3012.0,5
3014.2,20
3014.6,9
3014.6,27
3015.0,0
3015.5,10
3015.8,37
3016.0,2
3016.1,6
3016.3,24
3016.3,39
3017.4,14
3017.4,29
3018.0,26
3018.2,21
3018.4,11
3018.9,8
3019.3,7
3019.4,4
3019.9,17
3020.1,31
3020.4,19
3020.7,25
3021.0,28
3022.5,1
3023.1,35
3024.7,9
3025.1,2
3025.1,18
3025.5,38
3025.8,6
3025.8,20
3026.2,34
3026.4,5
3027.0,27
3027.3,16
3027.3,32
3027.4,15
3027.4,30
3028.1,22
3028.8,26
3029.4,29
3029.5,11
3030.1,0
3030.5,12
3030.5,33
3030.6,25
3030.8,14
3031.3,21
3031.5,17
3031.9,39
3032.1,4
3032.1,24
3032.1,28
3032.2,3
3034.2,7
3034.6,37
3035.1,13
3035.7,23
3036.4,10
3036.7,18
3037.5,2
3038.4,34
3038.9,1
3039.3,11
3039.8,0
3040.2,27
3040.3,21
3041.8,4
3041.8,25
3042.1,9
3042.1,14
3042.7,8
3042.7,15
3042.8,6
3043.2,29
3043.3,39
3043.4,28
3043.8,2
3044.0,32
3044.1,17
3044.4,7
3044.5,5
3044.5,37
3045.4,11
3045.4,19
3047.7,36
3048.1,26
3048.5,18
3048.7,20
3051.1,21
3052.1,33
3052.5,7
3052.7,0
3053.5,24
3053.6,6
3053.6,15
3054.0,12
3054.0,14
3054.6,23
3054.8,39
3054.9,9
3055.2,25
3055.8,5
3056.7,11
3057.2,37
3057.5,16
3057.9,27
3058.4,3
3058.4,31
3058.8,17
3058.8,35
3058.8,38
3059.0,1
3059.1,19
3059.2,2
3059.3,18
3059.3,29
3059.3,30
3060.3,28
3062.4,14
3062.5,20
3062.6,26
3063.1,4
3064.6,8
3065.1,34
3065.4,25
3065.5,6
3065.7,0
3065.7,21
3066.3,24
3068.5,7
3069.1,18
3069.2,39
3069.3,17
3069.7,35
3069.8,2
3069.8,33
3070.1,11
3070.6,15
3070.6,29
3070.8,28
3070.9,30
3071.0,37
3071.5,36
3071.6,5
3071.6,9
3072.3,0
3072.8,32
3073.0,4
3075.8,14
3078.4,26
3078.5,29
3078.6,19
3078.9,3
3078.9,20
3079.7,34
3079.9,27
3080.5,39
3081.1,5
3081.5,28
3081.6,11
3081.9,31
3082.0,12
3082.2,6
3082.4,7
3082.6,13
3082.8,15
3083.4,2
3083.5,25
3083.6,4
3085.5,10
3085.5,16
3085.5,18
3085.9,14
3086.4,17
3086.7,35
3088.3,37
3088.4,0
3088.7,21
3089.0,1
3089.4,8
3089.6,9
3089.8,22
3090.6,20
3090.9,32
3091.6,12
3091.8,29
3092.3,39
3094.0,30
3094.6,25
3094.7,2
3095.0,34
3095.3,11
3095.3,14
3096.7,15
3096.8,13
3097.2,28
3097.3,0
3097.3,9
3097.3,24
3097.3,31
3097.5,19
3097.6,18
3097.9,3
3098.1,26
3099.0,7
3099.5,36
3100.3,4
3101.7,5
3101.7,21
3102.4,6
3102.4,35
3104.2,16
3104.2,38
3104.4,17
3104.5,33
3104.6,37
3104.6,39
3105.0,27
3105.3,8
3106.0,1
3106.1,29
3106.4,14
3106.6,18
3107.2,2
3107.6,19
3107.7,20
3109.5,4
3109.5,25
3109.7,24
3110.2,11
3112.6,3
3112.6,6
3113.1,21
3114.0,0
3114.0,28
3114.4,32
3114.4,34
3114.5,5
3114.8,9
3114.8,26
3115.2,7
3117.2,39
3118.1,12
3118.1,14
3118.4,17
3118.6,15
3118.6,37
3119.0,11
3119.1,10
3119.4,18
3121.6,20
3121.7,25
3122.3,9
3122.6,29
3122.8,21
3122.8,34
3123.0,30
3123.4,35
3123.6,33
3123.9,31
3124.4,27
3125.1,0
3125.1,6
3126.7,2
3127.4,3
3127.6,13
3127.7,8
3128.1,23
3128.1,37
3128.2,4
3128.2,38
3128.4,26
3128.8,7
3129.7,15
3129.8,18
3129.9,14
3130.0,39
3130.1,25
3130.7,19
3130.7,28
3131.4,1
3131.6,24
3131.8,11
3132.3,5
3132.9,29
3133.7,0
3135.0,20
3135.6,12
3137.2,2
3137.3,27
3137.5,9
3139.0,16
3139.6,14
3139.9,17
3140.2,25
3140.2,36
3141.0,28
3141.0,32
3141.0,39
3141.4,7
3141.8,35
3142.3,26
3143.1,4
3143.3,2
3143.4,22
3144.5,37
3144.6,11
3144.6,29
3145.6,21
3145.7,34
3145.9,31
3146.4,0
3146.4,6
3147.8,18
3148.9,30
3149.1,15
3149.5,5
3149.7,20
3150.3,19
3150.4,8
3150.4,9
3150.5,35
3150.6,1
3150.6,39
3151.5,14
3151.7,12
3151.8,4
3152.1,3
3153.8,33
3154.9,17
3155.1,7
3155.2,32
3155.3,29
3156.1,2
3156.2,28
3156.5,37
3156.6,11
3157.8,26
3158.7,27
3158.8,0
3158.8,8
3160.0,25
3160.2,19
3160.3,34
3160.4,20
3161.2,21
3161.3,9
3161.5,39
3161.7,18
3161.9,6
3162.0,38
3162.1,36
3162.9,5
3163.4,17
3164.3,4
3164.4,14
3164.4,24
3165.1,16
3166.9,2
3167.8,31
3168.1,11
3169.7,29
3170.4,37
3170.6,12
3170.6,25
3171.0,15
3171.5,26
3171.6,28
3171.8,1
3172.5,23
3172.6,3
3172.7,14
3172.7,18
3172.8,27
3172.8,33
3173.3,0
3173.5,35
3173.7,32
3174.8,5
3175.3,19
3176.7,20
3177.7,6
3179.7,2
3180.2,10
3180.2,21
3180.5,4
3180.7,11
3180.7,17
3181.0,36
3181.5,13
3182.2,8
3182.2,39
3182.3,7
3182.8,26
3183.5,30
3183.8,9
3183.8,14
3183.8,16
3184.2,29
3184.8,0
3185.0,37
3185.3,25
3185.3,35
3185.4,28
3185.8,34
3185.9,18
3186.3,15
3186.5,6
3186.6,33
3187.1,5
3189.7,20
3189.8,17
3189.8,27
3189.8,32
3190.8,19
3190.9,24
3191.6,39
3192.1,21
3192.2,4
3193.2,11
3193.5,9
3194.4,2
3195.1,37
3195.3,28
3195.6,25
3195.8,14
3196.0,26
3197.0,34
3197.1,1
3199.2,5
3199.2,12
3199.2,20
3199.4,0
3200.0,7
3200.2,33
3201.2,19
3201.4,29
3201.5,15
3202.1,3
3202.4,2
3202.8,21
3204.0,6
3204.0,11
3204.3,18
3204.6,16
3205.2,14
3205.5,24
3205.7,10
3206.1,17
3206.3,31
3206.6,1
3207.0,9
3207.4,39
3208.1,25
3208.7,36
3208.8,35
3209.6,27
3209.9,0
3210.9,37
3212.7,28
3212.7,29
3213.7,26
3214.3,2
3214.6,11
3215.4,19
3215.4,30
3215.5,17
3215.6,20
3215.8,4
3215.8,13
3216.5,14
3216.8,31
3217.4,38
3218.2,21
3218.9,24
3219.8,0
3220.1,6
3220.1,8
3220.1,18
3220.1,5
3221.1,15
3221.2,7
3221.3,25
3221.3,29
3221.9,16
3222.6,1
3223.2,32
3223.7,19
3223.7,28
3223.7,37
3224.2,35
3225.1,12
3226.7,9
3226.7,34
3227.1,11
3227.7,14
3228.0,23
3228.5,26
3229.3,4
3229.8,2
3229.9,39
3229.9,18
3230.1,30
3230.1,33
3230.7,27
3231.3,20
3231.4,17
3231.8,29
3232.0,0
3232.7,3
3233.8,5
3234.1,10
3234.1,21
3234.1,25
3234.4,14
3235.5,16
3237.3,6
3237.5,11
3238.1,15
3238.4,7
3238.8,28
3239.2,19
3239.3,37
3239.4,26
3240.5,34
3242.1,9
3242.1,18
3242.5,36
3242.7,2
3242.9,24
3243.0,4
3243.0,29
3243.2,14
3243.8,8
3244.4,27
3244.7,1
3245.0,20
3245.1,22
3245.1,39
3245.5,0
3246.6,17
3247.4,5
3247.6,28
3247.9,11
3248.2,25
3249.6,12
3250.0,32
3250.1,31
3250.6,35
3250.9,37
3251.4,21
3252.1,6
3252.2,33
3252.7,20
3253.5,14
3253.7,15
3253.7,26
3254.1,23
3254.1,38
3254.7,16
3254.8,39
3255.1,2
3255.2,28
3255.6,9
3255.7,17
3256.4,10
3256.6,19
3256.7,0
3257.3,4
3257.5,18
3257.9,8
3258.5,3
3259.0,11
3259.0,29
3260.8,5
3261.1,34
3261.6,20
3262.3,37
3262.4,14
3262.9,25
3263.6,26
3263.8,21
3264.6,2
3264.8,7
3264.9,24
3265.1,32
3265.7,27
3265.9,6
3265.9,31
3267.3,4
3267.8,15
3268.0,11
3268.8,35
3269.1,34
3270.4,9
3270.4,18
3270.6,39
3271.2,17
3272.8,29
3273.2,30
3274.0,1
3274.1,0
3274.3,12
3275.1,36
3275.6,16
3275.9,2
3276.0,14
3276.2,28
3276.4,7
3276.4,20
3276.8,10
3276.8,11
3277.0,5
3277.0,13
3277.4,25
3278.0,33
3278.6,26
3278.7,19
3279.3,18
3279.8,4
3280.1,3
3280.8,21
3281.8,37
3283.1,6
3283.8,9
3283.9,29
3284.3,32
3284.9,15
3285.3,27
3286.3,39
3286.4,8
3287.8,2
3288.4,14
3288.4,24
3288.4,31
3288.7,0
3290.6,35
3290.7,17
3290.8,19
3291.0,34
3291.1,22
3291.4,26
3291.6,25
3291.8,5
3291.8,28
3292.5,21
3292.6,29
3292.7,9
3293.8,36
3294.0,4
3294.3,39
3294.7,37
3295.8,7
3296.0,18
3296.4,11
3296.7,6
3297.2,16
3298.2,2
3298.3,27
3298.7,1
3298.8,12
3298.8,20
3299.0,14
3299.4,38
3299.6,30
3301.0,0
3301.6,28
3302.1,25
3302.2,15
3303.5,32
3303.6,11
3304.0,8
3305.3,26
3305.6,5
3306.0,9
3306.2,29
3306.6,4
3307.3,2
3307.3,17
3307.5,18
3307.5,35
3308.0,10
3308.2,34
3308.4,0
3308.4,6
3308.4,24
3308.8,37
3308.9,14
3308.9,39
3309.8,33
3310.1,20
3310.2,23
3310.3,19
3312.6,21
3313.2,25
3313.2,28
3313.9,12
3314.2,13
3316.6,27
3317.1,7
3318.1,26
3318.4,0
3319.2,5
3319.2,10
3319.3,31
3319.4,2
3319.9,37
3320.0,15
3320.3,16
3320.5,19
3320.8,20
3321.4,6
3322.1,9
3322.1,36
3322.9,39
3323.6,29
3325.2,11
3325.5,28
3325.9,14
3326.0,35
3326.6,17
3327.4,25
3327.5,30
3327.8,18
3328.2,34
3328.9,21
3329.4,24
3330.6,1
3330.7,4
3330.7,11
3331.7,39
3332.6,8
3333.1,0
3333.2,20
3333.2,37
3333.3,29
3333.8,19
3334.3,2
3334.6,5
3335.0,7
3335.0,12
3335.8,27
3336.2,6
3336.2,10
3336.3,31
3336.4,25
3336.8,14
3336.8,23
3336.8,26
3337.2,9
3337.6,17
3337.7,28
3338.4,4
3339.5,32
3341.3,15
3342.9,21
3343.8,18
3343.9,11
3344.5,36
3345.3,3
3345.4,0
3345.5,35
3345.6,39
3346.7,20
3346.7,26
3347.4,14
3347.4,34
3347.5,29
3347.7,9
3347.8,38
3348.4,13
3348.4,16
3348.8,2
3349.0,24
3349.0,37
3349.3,17
3349.4,33
3349.6,28
3349.8,1
3351.0,4
3352.5,7
3354.1,21
3355.0,11
3355.2,5
3355.4,6
3355.4,27
3355.6,19
3356.4,15
3356.4,25
3357.0,22
3358.0,23
3358.4,26
3358.5,20
3359.2,2
3359.2,29
3359.2,39
3359.3,3
3359.7,24
3360.2,0
3360.2,8
3360.2,32
3360.3,12
3360.9,30
3361.3,9
3361.4,34
3361.8,35
3362.0,18
3363.7,14
3364.6,37
3364.8,4
3365.2,7
3365.7,25
3365.9,38
3366.4,5
3366.4,33
3366.5,11
3366.5,28
3366.5,36
3367.1,10
3367.4,1
3367.6,21
3367.8,17
3368.0,15
3368.6,19
3370.0,27
3370.0,39
3370.3,13
3370.7,20
3373.1,0
3373.4,6
3374.0,34
3374.1,29
3374.2,28
3374.7,9
3374.8,2
3375.5,16
3375.7,26
3375.9,31
3376.4,8
3376.6,21
3376.7,18
3377.5,11
3377.6,14
3377.6,25
3379.1,4
3380.1,30
3380.4,35
3380.4,37
3381.9,5
3383.1,0
3383.3,27
3383.6,17
3384.5,24
3384.6,32
3385.6,2
3385.8,19
3386.0,28
3386.0,39
3386.3,12
3386.5,3
3386.6,11
3386.9,21
3387.3,14
3387.4,15
3387.5,6
3389.1,29
3389.2,20
3389.8,25
3390.2,37
3390.3,7
3391.1,36
3391.7,26
3392.4,34
3393.0,31
3393.8,1
3394.2,9
3394.3,18
3394.4,35
3394.5,38
3394.6,23
3394.7,5
3394.8,16
3395.4,8
3395.5,14
3397.1,0
3397.4,39
3398.6,28
3399.4,25
3400.2,3
3400.2,11
3400.5,21
3401.1,33
3401.2,20
3401.2,24
3401.2,27
3401.6,4
3404.6,19
3404.9,7
3405.2,17
3405.3,2
3405.8,6
3406.1,12
3406.3,26
3406.4,37
3406.5,14
3407.6,15
3408.3,29
3409.0,5
3409.2,32
3409.3,11
3409.5,25
3409.7,28
3409.8,0
3412.4,22
3412.6,7
3412.7,18
3412.8,20
3413.2,35
3413.3,21
3413.5,16
3413.6,39
3413.7,27
3413.8,8
3413.9,23
3414.8,9
3416.3,34
3416.8,36
3417.2,4
3417.5,29
3417.6,2
3417.6,12
3417.8,13
3418.0,14
3418.6,19
3419.1,6
3419.4,37
3420.2,24
3421.6,18
3422.5,28
3422.9,17
3423.3,15
3423.4,20
3424.7,10
3424.9,25
3425.6,26
3425.7,4
3425.7,39
3425.9,31
3426.6,33
3427.0,1
3427.5,29
3428.2,35
3428.4,30
3428.7,7
3428.7,11
3429.6,38
3429.9,14
3430.2,8
3430.2,21
3430.4,0
3430.4,27
3431.7,5
3431.8,19
3432.2,6
3433.9,12
3434.0,2
3434.6,32
3434.6,37
3434.9,34
3435.0,25
3435.4,15
3435.6,36
3435.7,9
3435.9,26
3436.8,28
3437.0,18
3438.2,4
3438.3,17
3438.6,39
3440.1,24
3440.6,1
3441.2,29
3441.4,6
3441.8,20
3441.8,27
3442.0,2
3442.3,16
3442.4,31
3442.7,35
3442.9,34
3443.0,0
3443.3,11
3443.8,21
3445.6,8
3446.2,7
3446.3,14
3446.6,5
3447.0,19
3447.5,28
3447.9,17
3448.2,37
3448.5,18
3448.6,9
3449.3,39
3450.3,26
3451.2,25
3451.2,33
3452.5,4
3453.6,0
3454.0,3
3454.0,6
3454.2,29
3454.5,14
3454.5,15
3454.5,20
3455.8,21
3456.1,36
3456.6,2
3457.2,11
3457.7,12
3458.8,27
3459.6,10
3460.8,24
3461.1,17
3461.1,39
3461.2,26
3461.7,9
3461.9,28
3462.1,5
3462.2,34
3462.3,19
3462.6,18
3462.8,25
3463.0,32
3463.1,6
3463.1,8
3463.1,37
3463.6,13
3464.0,7
3465.2,2
3465.6,4
3465.8,35
3466.2,0
3466.2,1
3466.3,14
3466.6,31
3467.0,29
3467.5,30
3469.9,36
3472.1,38
3473.3,20
3473.5,26
3473.6,18
3473.6,28
3473.7,25
3475.3,11
3475.3,19
3475.4,12
3475.6,9
3475.8,29
3476.1,39
3476.2,5
3476.4,6
3476.5,37
3476.7,32
3477.2,4
3477.3,17
3477.3,35
3477.7,34
3477.8,14
3478.3,0
3479.6,23
3480.5,2
3481.4,21
3481.8,15
3482.3,13
3482.6,3
3483.7,20
3483.8,33
3484.0,9
3484.0,27
3484.2,18
3484.2,39
3485.6,28
3485.7,1
3487.0,7
3487.5,8
3487.7,30
3488.0,11
3488.8,36
3488.9,37
3489.1,14
3489.1,19
3489.2,26
3489.5,2
3489.7,24
3490.2,5
3490.6,16
3491.8,25
3491.8,29
3491.9,31
3492.1,4
3492.7,32
3492.9,6
3493.4,17
3494.1,20
3496.9,0
3496.9,28
3497.3,33
3497.4,34
3497.8,38
3498.1,9
3498.2,18
3498.2,39
3498.8,7
3499.0,11
3500.5,21
3501.2,2
3501.7,29
3502.2,12
3502.7,26
3502.7,35
3503.0,25
3503.3,14
3503.3,27
3503.4,17
3503.6,8
3503.7,31
3504.2,20
3504.3,1
3504.3,16
3504.7,15
3507.7,5
3507.7,19
3507.9,39
3508.0,4
3508.0,37
3508.2,11
3508.6,28
3510.4,18
3510.8,30
3510.9,26
3511.1,9
3511.2,6
3512.9,14
3513.3,2
3513.5,0
3514.3,13
3514.6,24
3514.9,27
3515.2,17
3515.4,29
3515.6,15
3515.7,25
3515.9,16
3516.3,10
3516.3,20
3516.4,3
3517.2,39
3517.6,4
3517.8,7
3517.9,31
3518.1,35
3518.1,38
3518.5,34
3518.8,21
3519.2,11
3519.2,28
3519.2,33
3519.6,6
3519.8,18
3520.7,19
3522.2,22
3523.1,8
3523.4,12
3523.7,14
3524.1,1
3524.5,36
3524.9,32
3525.1,0
3525.6,37
3525.9,9
3526.7,35
3527.5,18
3528.8,16
3529.5,2
3529.5,5
3529.6,11
3529.6,26
3529.8,29
3529.9,39
3530.1,28
3530.3,23
3530.4,4
3530.5,25
3530.7,17
3531.3,15
3531.6,3
3534.8,20
3535.7,30
3536.2,9
3537.2,6
3537.2,27
3537.5,14
3537.5,19
3537.8,0
3537.8,35
3538.1,12
3539.1,29
3539.6,34
3539.8,11
3539.9,4
3539.9,37
3540.2,21
3540.5,7
3541.2,28
3541.8,13
3542.0,18
3542.5,26
3543.2,36
3544.0,1
3544.5,2
3544.5,10
3544.7,33
3544.9,5
3545.3,20
3545.6,39
3546.2,15
3546.8,25
3547.7,17
3548.1,16
3549.4,7
3550.5,0
3551.3,9
3551.6,37
3552.5,11
3552.5,32
3553.5,6
3553.6,14
3554.2,4
3554.3,29
3554.5,24
3555.2,28
3555.4,18
3555.7,12
3556.3,8
3556.4,21
3556.5,23
3556.7,26
3556.7,35
3556.9,30
3557.0,0
3557.0,1
3557.1,27
3557.7,19
3558.6,34
3560.9,39
3561.0,17
3562.3,20
3562.4,31
3562.9,25
3563.2,2
3563.2,5
3563.2,15
3563.9,14
3564.2,38
3564.7,29
3565.2,9
3565.3,3
3565.3,6
3565.3,28
3565.3,37
3565.7,33
3566.1,7
3566.4,11
3566.6,19
3569.4,4
3569.8,10
3571.2,20
3571.4,13
3571.6,18
3571.8,21
3571.8,26
3572.1,35
3574.3,7
3575.1,0
3575.8,36
3576.0,1
3576.0,37
3576.1,14
3576.1,15
3576.5,34
3576.6,27
3576.9,17
3577.2,24
3577.2,39
3577.4,25
3578.8,2
3579.4,28
3579.6,32
3579.8,11
3579.8,29
3582.4,26
3582.5,12
3582.6,19
3583.1,5
3583.3,8
3583.4,9
3583.8,6
3584.2,0
3584.2,18
3584.3,16
3584.4,30
3584.9,35
3585.3,4
3585.5,20
3586.0,37
3586.5,14
3586.5,31
3586.6,15
3586.6,23
3586.6,36
3587.4,27
3588.1,17
3588.1,29
3588.2,28
3588.3,7
3589.1,33
3591.1,2
3591.4,11
3591.6,25
3591.7,39
3592.6,9
3592.9,21
3593.2,0
3593.2,35
3593.6,34
3594.3,3
3598.5,14
3598.9,8
3599.3,6
3599.3,38
3599.5,18
3599.6,1
3599.7,5
3600.1,30
3600.2,10
3600.2,11
3600.4,9
3600.4,32
3600.6,28
3600.7,4
3600.7,17
3600.7,24
3600.8,2
3601.3,29
3601.3,37
3601.6,7
3601.7,39
3601.8,33
3602.6,20
3602.6,26
3603.5,19
3605.7,27
3608.0,14
3608.4,15
3608.6,13
3608.6,34
3609.0,12
3609.1,16
3609.2,25
3609.3,0
3609.3,35
3609.6,36
3610.0,24
3610.3,21
3610.6,17
3610.9,7
3611.4,2
3612.9,29
3614.5,37
3615.2,5
3615.3,31
3615.4,4
3615.4,11
3615.4,20
3615.6,6
3616.2,28
3616.5,18
3616.5,27
3616.7,14
3616.7,33
3617.0,26
3617.6,39
3617.7,17
3618.5,9
3620.1,25
3621.1,19
3622.0,2
3622.3,23
3622.3,30
3622.4,3
3623.0,21
3623.1,0
3623.1,15
3623.5,7
3625.2,20
3625.5,39
3625.9,35
3626.5,14
3626.9,29
3627.2,36
3627.2,6
3627.2,38
3627.8,1
3628.1,18
3628.3,34
3628.5,8
3628.9,5
3629.5,22
3629.7,33
3629.9,37
3630.2,28
3630.7,9
3630.9,17
3631.1,25
3631.8,11
3632.0,16
3632.1,4
3632.2,15
3632.4,0
3632.4,12
3632.6,27
3632.6,32
3634.9,14
3634.9,21
3635.7,19
3636.6,20
3636.7,24
3637.8,26
3637.9,29
3638.3,31
3639.0,2
3639.7,18
3639.8,15
3640.1,39
3640.8,35
3641.3,34
3641.6,7
3641.6,28
3642.0,37
3642.1,6
3643.2,25
3643.3,23
3644.4,1
3644.7,8
3645.1,4
3646.6,36
3647.8,0
3648.9,18
3649.1,11
3649.3,2
3649.5,9
3649.8,14
3650.1,15
3651.0,30
3651.1,5
3651.1,17
3651.4,7
3652.2,16
3652.2,27
3652.7,20
3652.8,12
3652.8,26
3652.8,29
3653.1,25
3653.4,10
3653.7,21
3653.8,28
3654.0,33
3654.1,38
3654.5,37
3654.8,19
3654.8,31
3655.4,39
3655.5,32
3656.4,34
3657.1,24
3657.7,0
3658.5,11
3658.6,4
3658.7,8
3660.2,7
3660.4,14
3661.3,13
3661.9,6
3662.4,28
3662.5,2
3662.8,15
3664.1,5
3664.4,3
3664.4,39
3664.7,35
3664.9,9
3665.2,18
3665.3,29
3665.8,20
3665.9,25
3666.3,23
3666.5,16
3667.1,19
3668.4,17
3668.9,37
3669.1,34
3671.0,12
3671.3,0
3671.7,33
3671.8,14
3671.9,27
3672.0,26
3672.0,30
3672.5,21
3672.6,6
3672.8,11
3672.9,1
3672.9,15
3673.0,7
3673.3,32
3674.5,20
3675.1,24
3675.2,31
3677.8,4
3677.8,5
3678.8,28
3679.2,17
3679.5,29
3680.1,39
3680.3,9
3681.1,18
3681.3,2
3681.7,11
3681.9,36
3682.4,38
3682.5,6
3682.5,14
3682.8,37
3683.3,35
3683.9,19
3685.1,8
3685.7,25
3686.2,32
3686.7,4
3687.2,21
3687.3,15
3688.4,29
3689.7,27
3689.9,7
3689.9,16
3689.9,20
3690.4,0
3691.1,26
3691.2,23
3691.8,5
3692.3,9
3693.0,1
3693.4,39
3693.5,28
3693.9,18
3694.6,19
3694.7,14
3694.9,34
3695.1,11
3695.5,37
3696.8,2
3696.9,8
3698.1,15
3698.3,13
3698.5,25
3698.6,35
3698.8,31
3699.7,12
3700.2,4
3700.4,6
3701.4,33
3702.2,0
3702.8,17
3702.8,30
3703.1,21
3703.2,24
3703.8,29
3704.3,36
3704.4,27
3704.5,20
3705.2,39
3705.4,14
3705.5,11
3705.6,28
3706.4,37
3707.8,3
3708.7,26
3709.1,34
3709.4,1
3709.4,7
3709.6,2
3709.6,19
3709.8,18
3710.4,29
3710.6,25
3711.2,38
3711.8,5
3711.9,9
3713.2,15
3713.2,31
3713.8,39
3714.0,6
3714.2,0
3714.5,4
3715.0,20
3715.6,16
3716.2,17
3718.1,11
3718.1,27
3718.6,14
3719.0,28
3719.1,35
3719.3,33
3719.8,2
3719.8,21
3720.3,18
3722.3,10
3722.5,26
3723.6,37
3723.9,7
3723.9,32
3724.5,8
3724.9,1
3725.1,22
3725.1,34
3726.0,29
3726.1,25
3726.4,11
3727.2,19
3728.3,14
3729.3,5
3729.7,6
3729.8,30
3730.1,0
3730.2,12
3730.3,15
3731.0,20
3731.4,4
3732.3,13
3732.4,9
3733.0,39
3733.4,17
3734.3,28
3734.6,32
3734.7,36
3734.8,27
3735.0,21
3735.1,23
3735.9,18
3735.9,37
3736.8,33
3736.9,2
3737.1,26
3737.3,35
3737.7,7
3737.8,8
3737.8,34
3738.0,25
3738.3,14
3738.4,11
3739.3,19
3740.7,31
3741.8,29
3742.5,20
3742.9,6
3743.0,0
3743.0,3
3743.6,16
3743.6,39
3743.8,15
3743.8,24
3745.9,5
3746.6,37
3746.7,2
3746.7,28
3748.0,4
3750.1,27
3750.1,38
3750.2,11
3750.6,0
3750.7,18
3750.8,1
3751.3,25
3751.5,14
3751.7,35
3752.2,34
3752.7,26
3752.9,21
3754.5,17
3755.7,9
3755.7,12
3755.8,29
3756.9,19
3757.0,20
3757.2,15
3757.3,13
3757.6,6
3757.7,31
3758.6,36
3758.7,39
3758.8,2
3759.0,7
3759.1,4
3759.6,8
3759.7,14
3761.4,26
3761.6,33
3762.7,37
3763.2,17
3763.8,10
3764.1,11
3764.3,16
3764.5,18
3764.7,35
3765.2,21
3766.6,25
3767.1,28
3767.5,30
3767.6,29
3767.8,9
3768.1,4
3768.2,0
3768.3,26
3768.5,20
3768.6,39
3768.7,5
3768.7,32
3768.9,1
3769.0,24
3769.7,34
3770.8,14
3772.6,16
3773.0,2
3774.4,6
3774.8,27
3775.1,3
3775.2,22
3775.2,37
3775.3,7
3775.3,11
3777.7,35
3778.0,25
3778.3,29
3778.6,4
3778.8,12
3779.6,34
3780.7,19
3780.8,2
3781.1,14
3781.6,21
3782.0,18
3782.1,15
3782.7,0
3782.7,17
3782.8,20
3783.4,28
3784.7,11
3784.8,37
3786.1,38
3786.3,6
3787.3,8
3787.3,31
3787.5,1
3787.6,33
3789.2,39
3789.7,26
3790.6,5
3790.8,36
3791.2,7
3791.2,27
3791.5,14
3791.6,29
3791.7,9
3791.8,30
3791.8,25
3792.0,0
3792.0,4
3792.0,15
3792.5,24
3793.1,18
3797.0,28
3797.7,3
3798.2,37
3798.5,6
3798.5,2
3798.5,21
3798.7,35
3799.0,17
3799.1,10
3799.1,11
3799.1,34
3799.2,1
3799.8,20
3800.0,26
3800.0,36
3800.2,4
3800.4,23
3801.3,13
3801.3,19
3801.7,16
3803.2,5
3803.3,0
3803.9,33
3805.0,15
3805.3,25
3805.5,14
3806.5,32
3806.5,39
3806.6,31
3807.0,28
3807.2,7
3807.4,29
3808.1,24
3808.3,8
3809.1,2
3809.7,26
3811.1,9
3811.2,18
3811.2,20
3812.0,25
3812.2,12
3813.7,0
3814.0,21
3814.3,11
3815.0,27
3815.3,30
3815.6,28
3815.8,37
3816.1,14
3816.1,19
3816.1,35
3816.2,4
3816.2,15
3816.4,34
3817.9,17
3818.6,5
3818.7,20
3818.9,29
3819.2,11
3819.5,2
3819.6,38
3819.7,39
3820.5,7
3821.3,6
3821.8,18
3822.6,8
3822.8,16
3822.8,31
3823.7,9
3823.7,10
3823.7,37
3823.9,26
3824.0,33
3824.3,25
3824.8,1
3824.8,13
3825.3,22
3825.3,24
3825.4,14
3828.9,27
3829.5,21
3829.7,4
3830.8,32
3831.1,6
3831.3,2
3831.6,3
3831.8,28
3832.6,12
3832.8,29
3833.1,23
3833.2,18
3833.4,39
3833.9,30
3834.1,17
3834.2,20
3834.2,35
3834.3,7
3834.4,15
3834.5,11
3835.4,14
3837.9,5
3838.3,34
3838.4,0
3839.2,9
3839.4,19
3839.6,26
3840.0,38
3840.2,24
3840.5,25
3840.5,37
3842.1,21
3842.1,29
3842.7,36
3843.3,1
3843.6,2
3844.1,28
3844.4,20
3845.2,11
3845.3,39
3845.7,31
3845.9,16
3848.2,4
3848.6,14
3848.6,35
3849.0,18
3849.5,6
3850.4,21
3850.5,15
3850.8,27
3851.0,8
3851.2,34
3851.3,17
3851.3,33
3851.8,5
3852.0,12
3852.1,3
3854.2,2
3854.8,26
3854.9,29
3855.1,0
3855.2,19
3855.3,25
3855.5,39
3856.2,28
3856.5,30
3856.7,32
3857.6,9
3857.8,7
3858.0,36
3858.2,37
3858.8,24
3858.9,11
3859.2,20
3860.1,16
3860.2,14
3860.6,18
3861.6,1
3861.6,4
3862.7,35
3865.3,17
3865.4,6
3865.8,27
3865.8,39
3866.5,0
3866.8,15
3866.8,23
3867.1,2
3867.6,34
3867.9,26
3868.2,13
3868.5,37
3868.8,9
3869.2,14
3869.7,19
3870.1,33
3870.7,25
3871.3,29
3871.8,5
3871.8,20
3872.7,12
3872.7,18
3874.2,4
3874.2,11
3874.2,16
3874.6,7
3874.6,28
3874.7,0
3874.7,35
3874.8,21
3875.4,2
3876.2,3
3876.2,8
3878.5,26
3879.0,15
3880.5,24
3880.9,6
3880.9,37
3880.9,39
3881.1,14
3881.9,11
3882.0,23
3882.7,34
3883.6,17
3883.7,1
3884.4,36
3885.1,25
3885.1,27
3885.3,9
3885.5,0
3885.6,5
3886.8,13
3887.0,19
3888.2,4
3888.4,20
3888.7,28
3889.2,2
3889.6,32
3890.9,29
3890.9,30
3891.1,18
3891.2,14
3891.6,16
3891.9,39
3892.1,7
3892.2,15
3893.0,26
3893.2,34
3893.8,12
3893.8,31
3893.9,6
3894.0,27
3894.4,25
3894.5,21
3895.0,17
3895.0,37
3895.3,11
3896.5,8
3897.9,35
3899.5,0
3899.7,5
3900.6,9
3900.9,10
3901.6,20
3901.8,29
3902.4,14
3902.6,2
3903.0,28
3904.4,15
3904.5,21
3904.9,37
3905.2,18
3905.9,1
3906.5,19
3906.7,25
3907.4,7
3907.4,11
3908.0,3
3908.0,38
3908.3,8
3908.7,39
3908.8,31
3909.6,32
3910.9,29
3911.5,17
3911.6,4
3911.8,14
3911.8,26
3912.7,34
3912.8,12
3913.2,35
3913.3,2
3913.4,33
3913.7,16
3913.8,0
3914.1,5
3914.4,6
3915.1,27
3915.3,24
3915.5,20
3916.8,25
3917.7,21
3918.4,36
3918.6,11
3918.9,17
3918.9,18
3919.0,37
3919.0,39
3919.5,30
3920.1,28
3921.8,15
3922.5,14
3923.9,23
3924.0,9
3924.5,22
3924.7,8
3924.7,26
3925.1,13
3925.4,4
3925.4,7
3925.4,35
3925.9,29
3926.2,19
3926.3,37
3926.5,2
3926.8,28
3927.9,34
3928.1,24
3928.5,21
3929.3,11
3929.4,1
3929.6,6
3929.6,31
3929.8,27
3930.2,3
3930.5,0
3930.6,33
3931.7,39
3932.3,14
3932.6,5
3934.1,16
3934.3,25
3934.9,18
3935.5,38
3935.7,37
3936.4,15
3936.5,9
3936.7,29
3936.8,19
3936.8,32
3937.0,17
3938.3,20
3938.7,28
3939.0,36
3939.1,12
3940.1,0
3940.4,2
3941.4,26
3942.7,24
3942.8,37
3943.6,39
3944.0,4
3945.1,14
3945.6,11
3946.3,6
3946.4,18
3946.4,29
3946.5,34
3946.6,2
3947.0,7
3947.2,35
3947.6,5
3947.9,8
3947.9,10
3948.2,21
3951.1,15
3951.4,27
3951.5,0
3952.3,17
3952.5,19
3952.9,16
3953.0,4
3953.0,9
3953.0,20
3953.3,31
3953.4,25
3954.1,1
3954.6,26
3955.9,39
3957.4,28
3957.4,37
3957.5,5
3957.7,7
3957.8,6
3957.9,30
3957.9,38
3958.0,14
3958.1,24
3958.3,12
3958.5,22
3959.3,29
3959.9,33
3960.1,18
3962.3,11
3962.6,2
3963.6,3
3963.7,39
3964.1,4
3964.1,32
3964.4,21
3964.7,36
3965.0,0
3965.0,17
3968.9,35
3969.3,25
3970.1,23
3970.3,1
3970.8,34
3970.9,18
3971.0,20
3972.0,14
3972.3,29
3972.3,31
3973.2,26
3973.7,15
3973.9,2
3974.0,9
3974.2,11
3974.3,5
3974.4,16
3974.5,8
3974.9,28
3975.5,39
3975.9,12
3976.3,30
3977.0,6
3977.2,13
3978.2,37
3979.3,0
3979.6,4
3980.2,27
3980.4,17
3982.5,14
3983.9,29
3984.1,36
3984.2,18
3984.2,25
3984.4,24
3984.4,26
3984.7,20
3984.8,7
3984.9,2
3985.1,21
3985.3,19
3985.3,34
3985.9,11
3986.2,15
3986.5,9
3987.0,28
3989.0,4
3989.7,5
3989.8,3
3989.9,1
3990.2,39
3990.3,6
3990.4,12
3990.6,32
3990.6,35
3991.5,37
3992.3,0
3992.6,33
3993.5,29
3994.1,11
3994.2,34
3994.6,7
3994.6,14
3994.8,21
3995.9,2
3996.3,18
3996.7,25
3998.9,17
3999.4,27
3999.9,26
4000.1,28
4000.4,31
4000.9,24
4000.9,36
4001.4,20
4001.6,9
4002.1,19
4002.2,0
4002.2,37
4002.5,4
4003.4,8
4004.6,6
4004.6,16
4006.3,14
4006.4,39
4006.7,2
4007.0,23
4007.4,25
4007.5,11
4007.7,22
4007.9,15
4007.9,29
4008.7,5
4009.2,38
4010.4,7
4010.4,12
4010.6,17
4010.8,18
4011.4,10
4011.4,34
4012.6,33
4012.8,0
4013.7,21
4014.0,20
4014.4,1
4014.7,28
4015.3,32
4015.4,9
4015.5,13
4015.5,26
4015.6,35
4015.8,4
4016.1,2
4016.8,5
4016.9,14
4017.9,19
4020.7,37
4020.9,27
4021.6,17
4021.7,7
4021.9,39
4022.1,29
4022.3,11
4022.3,30
4022.3,35
4023.0,36
4023.1,6
4023.8,28
4024.0,0
4024.0,16
4024.5,15
4025.6,18
4027.1,25
4027.8,2
4028.5,9
4029.2,14
4029.3,5
4029.3,20
4029.3,34
4029.6,31
4029.8,3
4029.8,24
4029.8,26
4030.0,8
4031.0,33
4031.1,6
4032.1,37
4032.6,4
4033.2,11
4033.2,29
4033.5,7
4033.5,21
4033.9,1
4033.9,19
4036.2,0
4038.6,15
4038.8,35
4039.2,18
4039.2,28
4039.2,39
4039.5,27
4039.7,12
4039.8,29
4040.6,23
4041.2,25
4041.8,5
4042.0,11
4042.0,14
4042.0,20
4042.3,2
4042.3,4
4042.8,26
4043.8,16
4044.1,17
4044.5,24
4045.5,32
4045.9,9
4046.0,22
4046.3,19
4046.5,31
4046.7,30
4047.0,10
4047.3,6
4047.3,7
4047.4,34
4047.6,37
4048.0,3
4049.4,21
4052.2,5
4052.5,2
4053.7,14
4054.0,25
4054.2,0
4054.2,38
4054.3,1
4055.0,15
4055.0,39
4055.5,29
4055.7,33
4055.8,28
4055.9,12
4056.3,37
4056.5,11
4056.6,9
4056.8,13
4056.8,27
4057.1,18
4057.4,36
4057.9,8
4058.0,35
4059.2,6
4059.3,26
4059.8,20
4060.4,21
4061.1,17
4061.1,19
4061.7,34
4063.8,14
4066.2,25
4066.4,4
4066.5,28
4067.0,5
4068.3,9
4068.4,0
4068.5,7
4068.8,24
4068.9,32
4069.0,23
4070.1,21
4070.4,33
4070.7,19
4070.9,11
4071.7,18
4072.0,2
4072.4,29
4072.7,39
4073.1,35
4073.2,36
4073.5,17
4073.5,20
4073.9,37
4076.2,27
4076.4,12
4076.4,15
4076.4,16
4076.5,26
4076.6,6
4076.6,14
4076.9,10
4077.5,30
4077.8,11
4078.0,34
4078.9,13
4079.1,0
4079.3,3
4080.4,25
4080.6,28
4081.2,5
4081.4,31
4081.6,4
4082.0,19
4082.5,7
4082.7,23
4083.7,2
4084.0,21
4084.2,14
4084.2,18
4084.2,39
4084.2,38
4084.4,9
4084.9,8
4085.3,29
4085.6,37
4087.1,17
4087.3,26
4087.4,35
4089.5,20
4089.6,22
4089.8,0
4090.5,16
4091.4,7
4092.4,6
4092.4,28
4092.6,36
4093.1,1
4093.1,4
4093.2,25
4093.3,11
4093.4,27
4093.6,2
4093.9,24
4094.1,12
4094.6,26
4095.7,37
4096.6,15
4097.7,5
4098.8,21
4098.9,20
4099.2,18
4099.2,30
4099.8,34
4100.0,39
4100.1,19
4100.2,32
4100.3,29
4101.0,28
4101.1,14
4102.5,33
4104.6,17
4105.2,4
4105.4,2
4106.0,25
4106.1,0
4106.1,9
4106.2,16
4106.5,11
4107.3,37
4107.9,3
4108.3,6
4108.5,27
4109.1,26
4109.3,19
4109.9,15
4110.1,29
4110.5,7
4110.7,31
4110.7,35
4111.2,14
4111.5,24
4111.8,5
4111.8,12
4111.8,25
4111.9,28
4112.0,21
4112.5,8
4113.2,39
4113.4,18
4115.2,20
4116.7,26
4117.4,0
4117.6,1
4119.7,29
4119.9,9
4120.4,14
4120.7,21
4120.7,37
4121.1,34
4121.6,27
4121.8,6
4122.0,2
4122.0,10
4122.7,5
4122.7,11
4122.7,33
4123.0,30
4123.2,4
4123.4,17
4123.5,35
4123.8,36
4124.7,25
4125.3,38
4126.2,3
4126.9,32
4128.1,19
4128.4,39
4129.2,7
4129.2,28
4129.3,15
4129.5,29
4129.7,18
4129.7,24
4131.0,13
4131.4,2
4131.4,14
4132.9,20
4133.0,9
4133.8,37
4134.1,16
4134.3,22
4134.4,8
4134.8,11
4134.9,21
4135.6,0
4135.9,35
4136.2,27
4136.4,18
4136.4,6
4136.4,12
4137.8,26
4138.5,4
4139.4,31
4139.8,28
4140.2,25
4140.6,19
4140.8,5
4141.8,39
4142.1,14
4142.4,30
4143.5,17
4144.4,7
4144.4,11
4144.4,23
4144.5,34
4144.6,1
4145.1,29
4145.5,32
4145.7,20
4146.2,16
4146.5,36
4146.9,0
4147.0,15
4147.4,2
4147.7,4
4147.9,18
4148.0,26
4150.3,25
4150.8,10
4151.0,35
4151.1,8
4151.3,5
4151.5,21
4151.8,33
4152.1,14
4152.2,28
4153.1,39
4153.4,37
4154.3,6
4156.3,9
4156.5,13
4156.9,24
4157.7,17
4158.5,38
4159.2,7
4159.3,18
4159.3,20
4159.6,29
4160.1,27
4160.4,11
4160.4,28
4160.6,0
4160.7,1
4161.1,14
4161.3,2
4161.3,4
4161.3,25
4162.3,35
4162.3,26
4162.5,34
4163.7,12
4163.7,33
4165.2,15
4165.5,19
4165.9,21
4166.0,5
4166.4,6
4166.5,31
4168.1,32
4168.8,39
4169.8,4
4169.9,8
4169.9,34
4170.1,11
4170.1,18
4170.1,37
4170.3,16
4171.0,2
4171.5,0
4171.6,29
4171.9,17
4172.8,23
4172.9,9
4173.6,14
4173.8,3
4174.1,20
4174.5,7
4175.3,24
4177.2,25
4178.2,5
4178.2,27
4178.6,1
4178.7,35
4178.9,11
4179.0,2
4179.0,12
4179.2,34
4179.3,28
4180.6,18
4181.4,29
4181.4,30
4182.7,37
4182.9,39
4183.1,0
4183.1,21
4183.2,26
4184.0,4
4184.1,8
4184.1,19
4184.8,6
4185.2,15
4185.4,22
4185.6,20
4186.1,14
4186.7,9
4187.8,7
4187.9,17
4188.6,11
4188.8,35
4189.3,39
4189.7,31
4190.1,28
4190.5,26
4191.2,36
4191.4,13
4191.8,32
4192.0,1
4192.4,33
4192.8,2
4192.8,34
4193.0,16
4193.1,18
4193.4,5
4193.8,19
4195.5,0
4195.5,21
4196.2,37
4196.8,27
4197.0,14
4197.2,24
4197.3,29
4198.1,6
4198.9,4
4199.3,17
4200.2,9
4200.4,10
4201.1,20
4201.2,11
4201.3,39
4201.5,25
4201.6,12
4201.8,7
4201.9,5
4202.3,26
4202.6,38
4204.4,14
4204.5,28
4204.6,35
4205.3,15
4205.5,37
4206.5,21
4207.0,2
4207.4,1
4208.9,0
4209.6,39
4209.8,34
4210.2,20
4210.2,29
4210.5,27
4210.7,8
4211.5,33
4211.8,25
4213.0,19
4213.4,31
4213.5,16
4214.5,5
4214.7,17
4215.0,32
4215.2,18
4215.2,21
4215.3,4
4215.3,9
4216.0,6
4216.5,7
4218.8,11
4218.9,2
4219.1,0
4219.5,29
4219.8,26
4220.4,14
4220.6,3
4221.3,34
4221.8,15
4222.0,37
4222.9,36
4222.9,38
4223.1,10
4224.2,27
4224.2,28
4224.8,25
4225.0,12
4225.3,4
4225.7,35
4225.9,39
4226.5,6
4228.2,18
4228.2,20
4228.3,16
4228.4,30
4229.0,19
4229.2,24
4229.3,9
4229.6,14
4229.7,5
4229.7,8
4230.8,37
4231.5,26
4232.1,11
4232.7,7
4233.2,31
4233.3,2
4233.5,33
4233.6,1
4234.2,0
4234.9,29
4235.0,21
4236.1,25
4236.3,17
4237.0,4
4237.4,20
4238.4,39
4238.5,32
4239.2,5
4239.2,28
4239.4,14
4240.0,34
4240.6,18
4241.5,27
4243.4,16
4243.6,9
4244.5,0
4244.5,15
4244.9,8
4245.2,6
4245.7,24
4245.8,35
4246.2,23
4246.3,29
4246.4,11
4246.5,19
4246.5,36
4246.6,2
4247.9,7
4248.1,25
4248.2,37
4248.8,20
4249.0,17
4249.2,28
4249.6,39
4250.1,5
4250.4,13
4251.5,26
4251.7,12
4252.6,4
4254.1,18
4254.7,10
4254.7,14
4255.8,0
4255.9,21
4256.0,33
4256.1,11
4256.1,31
4256.7,27
4258.3,2
4259.3,29
4260.4,7
4260.7,16
4260.9,1
4261.3,28
4261.3,32
4261.4,25
4262.9,3
4263.3,26
4264.0,34
4264.7,36
4265.5,8
4265.9,24
4266.1,9
4266.1,14
4266.4,2
4266.9,37
4266.9,39
4267.1,5
4267.4,6
4268.0,11
4268.4,4
4268.4,35
4268.6,15
4268.6,20
4269.1,18
4269.1,29
4269.3,21
4270.7,28
4271.0,33
4271.7,25
4271.7,27
4272.1,30
4272.3,19
4273.6,0
4274.4,39
4275.1,22
4275.8,17
4276.4,7
4276.6,14
4278.4,4
4278.7,5
4278.8,9
4279.1,23
4279.5,26
4279.6,31
4280.4,2
4280.4,32
4280.7,20
4281.0,28
4281.2,11
4281.5,35
4281.6,37
4281.9,25
4282.3,6
4282.3,13
4282.4,29
4282.5,10
4282.7,16
4282.8,1
4283.6,8
4283.6,18
4284.5,12
4284.7,15
4285.2,0
4285.8,33
4286.8,34
4287.0,14
4287.9,7
4287.9,26
4288.0,24
4288.1,17
4288.1,21
4288.1,35
4288.8,19
4289.2,36
4289.9,2
4292.2,27
4293.8,11
4294.2,3
4294.2,29
4294.7,18
4294.8,9
4294.8,25
4294.8,37
4295.1,20
4295.8,4
4295.9,0
4296.1,39
4296.7,28
4298.5,14
4298.6,34
4298.9,2
4298.9,30
4300.2,6
4301.0,5
4301.3,7
4301.5,26
4302.1,18
4302.8,8
4303.5,24
4304.6,25
4305.0,17
4305.3,21
4305.6,1
4305.9,15
4305.9,20
4306.3,29
4306.4,39
4306.8,11
4306.8,19
4307.0,16
4308.1,37
4308.3,32
4308.5,23
4309.0,28
4309.0,34
4309.4,35
4310.2,14
4310.4,36
4310.7,33
4310.8,7
4311.0,31
4311.1,4
4311.6,9
4311.7,10
4311.9,2
4312.3,0
4313.6,6
4314.9,13
4315.0,5
4317.4,11
4317.6,30
4317.7,20
4318.0,21
4318.5,29
4318.6,27
4319.1,38
4319.8,26
4319.9,12
4320.1,1
4320.3,39
4320.5,18
4320.8,17
4321.2,14
4321.5,15
4321.7,25
4322.0,0
4322.0,24
4322.0,35
4323.7,19
4324.6,22
4324.9,16
4325.0,2
4325.2,28
4325.3,34
4325.8,4
4326.1,37
4327.9,7
4327.9,11
4329.1,9
4329.2,8
4329.2,32
4329.3,33
4329.4,6
4329.4,29
4329.6,5
4329.6,25
4330.1,3
4331.5,14
4333.5,39
4333.6,1
4334.6,0
4335.3,29
4335.4,2
4335.4,17
4335.6,18
4336.3,26
4336.7,20
4337.5,24
4337.8,21
4338.0,19
4338.5,4
4338.8,23
4338.9,28
4338.9,36
4339.8,27
4340.0,10
4340.0,35
4340.2,15
4340.6,11
4340.9,9
4341.6,5
4341.7,14
4341.8,37
4344.4,0
4344.4,7
4344.5,25
4344.6,6
4345.1,30
4345.5,39
4345.7,32
4346.0,12
4346.0,34
4346.7,8
4347.5,38
4347.7,18
4348.8,29
4349.1,13
4349.7,16
4350.2,26
4350.6,4
4351.6,14
4351.7,9
4351.9,31
4352.7,28
4352.8,20
4352.8,35
4353.2,27
4353.6,2
4353.7,19
4353.9,6
4353.9,21
4354.0,5
4354.7,15
4354.7,17
4354.8,3
4355.3,1
4355.7,11
4356.0,0
4358.2,24
4358.3,18
4358.9,25
4359.2,36
4359.7,32
4359.8,37
4361.3,4
4361.7,39
4362.0,33
4362.5,14
4362.5,20
4362.8,6
4363.1,29
4363.4,19
4364.6,8
4366.4,21
4366.9,5
4367.2,28
4367.5,9
4367.6,2
4367.7,34
4368.2,26
4369.0,11
4369.8,0
4371.0,18
4371.3,7
4371.8,13
4371.9,10
4372.3,37
4372.5,30
4373.0,29
4373.4,1
4373.8,15
4374.0,3
4374.4,9
4374.6,12
4374.7,17
4375.3,21
4375.4,16
4375.4,35
4375.6,27
4375.6,39
4375.7,14
4375.7,25
4376.7,4
4377.4,31
4378.3,2
4379.3,5
4379.6,20
4379.7,26
4380.6,28
4380.9,36
4381.5,33
4381.8,6
4382.4,37
4382.5,8
4383.6,23
4383.7,25
4383.7,34
4383.8,0
4384.1,19
4384.1,30
4384.1,39
4384.2,11
4384.3,14
4384.4,7
4384.5,29
4384.9,18
4385.2,27
4388.3,32
4389.6,2
4389.8,3
4389.8,21
4390.3,4
4390.5,17
4390.9,14
4390.9,15
4391.1,5
4391.4,9
4391.4,16
4391.7,24
4391.9,0
4392.1,11
4392.8,34
4392.9,27
4393.5,12
4393.6,20
4393.7,38
4394.1,37
4394.2,39
4395.2,6
4396.7,29
4396.9,28
4397.4,35
4398.2,18
4398.8,7
4399.4,5
4399.6,22
4400.1,26
4400.7,1
4400.8,14
4401.3,19
4401.3,21
4401.8,2
4402.7,33
4402.8,4
4403.5,10
4403.6,8
4404.6,25
4404.8,9
4405.3,12
4405.4,0
4405.7,34
4406.0,17
4406.2,16
4407.0,11
4407.0,39
4409.4,18
4410.2,36
4412.2,20
4412.3,6
4412.5,15
4412.5,29
4412.6,14
4412.9,24
4412.9,28
4412.9,35
4413.7,27
4413.8,32
4413.8,25
4414.2,21
4414.2,37
4414.5,2
4414.8,26
4415.0,30
4415.2,7
4415.6,4
4416.3,1
4417.0,34
4418.1,17
4418.5,39
4419.0,0
4419.4,11
4419.6,9
4419.6,19
4421.1,13
4422.0,38
4422.6,5
4422.6,28
4423.5,31
4423.9,26
4424.1,14
4424.2,15
4424.4,18
4424.9,8
4425.0,3
4425.1,23
4425.2,29
4425.3,25
4427.4,20
4427.5,2
4427.5,35
4428.6,27
4428.7,12
4428.9,7
4429.0,24
4429.2,30
4429.5,39
4429.8,4
4430.0,37
4430.4,16
4430.5,0
4430.9,21
4431.9,28
4434.1,14
4434.4,9
4434.6,33
4434.8,11
4435.0,17
4435.0,18
4435.8,15
4435.8,36
4436.0,1
4436.2,22
4437.3,8
4437.9,5
4438.4,6
4439.4,34
4439.6,2
4439.6,20
4439.6,29
4440.7,0
4440.9,19
4441.7,7
4441.7,25
4443.7,14
4444.3,39
4444.5,26
4444.7,4
4445.3,27
4445.7,37
4446.1,21
4447.0,11
4447.4,9
4448.1,28
4448.2,30
4448.2,31
4448.2,32
4448.2,33
4448.3,1
4448.9,16
4449.2,15
4449.4,18
4450.4,39
4450.9,6
4450.9,24
4451.3,3
4451.3,14
4452.1,29
4452.3,0
4452.5,35
4452.6,2
4454.4,20
4455.7,19
4456.0,17
4456.4,8
4456.6,26
4457.2,25
4458.0,23
4459.1,28
4459.6,15
4459.6,39
4459.8,4
4460.0,37
4460.7,18
4461.1,7
4461.3,11
4461.7,6
4462.2,5
4462.4,29
4462.5,27
4463.6,12
4463.6,36
4463.7,34
4464.0,35
4464.5,0
4464.8,14
4465.2,21
4465.2,26
4465.3,2
4466.4,9
4466.8,1
4467.8,20
4468.8,16
4470.2,37
4470.4,28
4471.2,18
4471.7,11
4471.8,15
4471.8,19
4471.8,31
4471.9,4
4471.9,7
4471.9,13
4471.9,30
4472.0,17
4472.2,25
4472.3,14
4472.3,33
4472.6,10
4472.9,39
4473.2,6
4474.6,29
4475.9,24
4477.5,0
4477.5,3
4477.7,2
4478.4,32
4478.8,9
4479.9,1
4479.9,27
4480.0,5
4480.3,8
4481.2,39
4481.3,25
4481.3,26
4481.6,21
4482.2,35
4483.1,11
4483.1,14
4483.6,18
4484.1,20
4484.2,12
4484.3,19
4485.1,13
4485.4,28
4485.7,2
4485.9,34
4487.0,22
4487.0,16
4487.0,17
4487.3,33
4487.4,6
4487.7,38
4488.1,30
4488.7,29
4488.8,0
4488.8,7
4489.2,37
4490.3,15
4491.9,4
4493.2,39
4493.3,14
4493.4,9
4493.5,26
4493.6,24
4493.7,11
4493.8,21
4494.3,5
4494.3,18
4494.9,36
4495.4,27
4495.6,19
4496.4,10
4497.1,1
4497.3,20
4497.5,25
4498.4,28
4499.0,35
4499.1,31
4499.2,29
4499.2,32
4500.2,8
4500.7,39
4501.1,2
4501.8,37
4502.5,0
4502.9,6
4504.0,16
4504.2,17
4504.6,26
4504.9,4
4505.4,11
4505.7,15
4505.7,34
4506.5,27
4506.8,14
4507.0,7
4507.5,30
4507.6,18
4507.7,9
4508.3,5
4509.7,37
4509.9,29
4510.1,21
4510.3,36
4510.9,25
4511.6,38
4512.4,8
4512.9,28
4513.3,20
4513.8,39
4514.4,14
4514.4,3
4514.8,16
4514.8,35
4516.1,6
4516.1,26
4516.4,1
4517.4,11
4517.7,12
4518.4,0
4518.5,2
4518.7,10
4519.4,9
4519.4,19
4519.4,33
4519.5,37
4519.8,24
4520.4,17
4520.8,18
4520.9,29
4520.9,31
4521.1,5
4521.2,4
4521.3,20
4521.4,13
4521.4,15
4521.7,34
4522.7,25
4524.2,23
4524.3,26
4524.6,14
4524.7,27
4525.1,7
4525.6,32
4527.1,4
4527.8,28
4528.7,39
4529.0,21
4529.6,16
4530.5,22
4530.7,6
4531.0,11
4531.5,17
4531.6,2
4531.7,14
4532.2,35
4532.8,0
4533.7,18
4534.1,30
4534.3,15
4535.3,29
4535.4,9
4535.6,5
4536.0,20
4536.7,26
4537.2,37
4537.3,25
4539.0,24
4539.6,33
4539.7,19
4539.9,36
4540.3,6
4540.3,27
4540.9,8
4541.0,17
4541.1,28
4541.2,31
4541.4,14
4542.2,39
4542.7,1
4542.7,7
4543.2,4
4543.3,20
4543.7,3
4543.9,32
4544.8,29
4545.0,34
4546.0,35
4546.1,2
4546.8,11
4547.5,21
4548.0,14
4548.2,5
4548.3,10
4548.9,0
4549.1,17
4549.2,18
4549.4,12
4550.1,30
4550.5,26
4551.5,9
4552.0,28
4552.8,16
4553.0,25
4553.5,7
4553.5,37
4554.2,20
4554.4,39
4555.7,19
4556.4,29
4557.5,36
4558.5,2
4559.0,0
4559.0,4
4559.1,27
4559.2,38
4559.8,11
4559.8,18
4560.2,23
4561.1,35
4561.3,6
4561.3,33
4561.6,14
4562.9,15
4563.2,5
4563.4,3
4563.5,28
4564.4,21
4564.7,22
4564.7,25
4565.0,24
4565.4,26
4565.8,17
4565.9,1
4566.8,39
4567.2,34
4568.0,0
4568.3,29
4568.6,14
4570.2,32
4570.6,20
4571.0,16
4571.3,2
4571.3,6
4571.4,7
4571.4,37
4571.9,18
4572.9,26
4573.2,9
4573.5,11
4574.2,33
4574.6,19
4574.6,31
4574.8,29
4576.0,39
4576.6,28
4577.3,5
4578.1,30
4578.4,27
4578.4,12
4579.1,4
4579.2,0
4579.2,21
4580.6,14
4581.5,36
4582.3,1
4583.1,9
4583.3,25
4583.3,34
4583.7,8
4583.9,26
4584.1,10
4585.2,2
4585.3,35
4585.3,37
4585.5,17
4585.5,29
4585.6,24
4585.7,13
4586.0,5
4586.0,20
4586.1,18
4586.4,6
4586.8,28
4587.0,15
4588.0,14
4589.4,39
4591.2,4
4591.2,34
4591.3,11
4592.3,33
4592.6,16
4592.7,7
4592.7,25
4593.9,0
4596.2,29
4596.3,12
4596.4,38
4596.6,26
4597.0,23
4597.1,27
4597.5,3
4597.6,2
4598.5,21
4598.7,19
4598.8,9
4599.1,28
4599.5,15
4599.5,20
4599.8,39
4600.3,1
4600.6,14
4600.8,6
4600.9,8
4601.1,11
4601.1,18
4601.2,36
4601.5,25
4601.5,32
4601.9,37
4602.0,35
4605.8,31
4606.2,4
4606.2,29
4606.8,9
4607.4,2
4607.4,27
4607.5,33
4607.6,17
4607.9,16
4608.5,5
4608.6,30
4610.9,7
4612.6,6
4613.3,0
4613.4,25
4613.4,34
4613.5,12
4613.5,14
4613.5,35
4613.5,39
4613.8,19
4614.5,24
4615.0,26
4615.4,11
4615.5,32
4615.7,36
4616.2,17
4616.8,8
4616.8,37
4617.0,21
4617.4,29
4618.6,5
4619.8,28
4620.1,18
4621.1,20
4621.4,33
4622.3,2
4622.7,27
4623.0,26
4623.1,15
4623.1,23
4623.8,39
4624.0,37
4624.1,4
4624.5,7
4624.7,14
4624.9,34
4625.0,0
4625.0,25
4625.2,6
4625.5,9
4625.7,11
4626.6,1
4629.3,32
4629.5,16
4629.7,17
4630.4,2
4630.4,5
4630.6,24
4632.3,35
4632.4,28
4632.6,29
4633.0,10
4633.1,26
4634.5,11
4634.7,37
4634.9,0
4634.9,36
4635.5,14
4635.9,25
4636.0,20
4636.2,6
4636.2,12
4636.2,18
4636.3,21
4636.4,4
4637.0,3
4637.3,19
4637.9,9
4640.8,27
4641.2,7
4641.5,28
4641.6,2
4641.9,8
4642.4,15
4642.7,13
4642.9,17
4643.7,33
4643.8,5
4644.0,34
4644.2,31
4644.3,14
4646.1,1
4646.7,37
4647.4,11
4648.6,30
4648.8,20
4648.8,39
4649.0,29
4649.2,32
4649.7,6
4650.1,12
4650.1,19
4650.1,21
4650.6,0
4650.6,25
4650.7,26
4651.6,35
4652.8,17
4653.5,9
4653.8,15
4654.3,4
4655.0,14
4656.0,7
4656.0,18
4656.0,24
4659.6,16
4659.6,22
4659.8,38
4660.0,28
4660.6,34
4660.8,2
4660.8,23
4661.3,25
4661.5,11
4661.5,21
4661.6,37
4662.3,31
4662.5,3
4662.5,20
4662.6,39
4662.7,5
4662.7,6
4662.7,36
4663.1,19
4663.4,0
4663.4,29
4663.6,4
4664.0,27
4664.3,26
4664.8,15
4664.8,17
4667.9,14
4669.3,18
4671.3,7
4671.7,35
4672.1,12
4672.5,5
4672.6,30
4672.6,9
4672.8,11
4673.3,13
4673.3,28
4673.3,33
4673.5,20
4673.5,25
4673.6,4
4673.6,8
4674.9,34
4675.2,32
4676.6,1
4677.0,24
4677.0,37
4677.2,0
4678.2,14
4678.3,29
4678.7,2
4679.5,6
4679.5,39
4679.6,26
4680.1,16
4681.0,27
4681.2,21
4681.8,17
4682.4,18
4683.8,30
4683.9,11
4684.0,28
4684.1,15
4685.1,19
4685.2,34
4686.1,25
4686.7,36
4687.3,20
4687.7,4
4688.2,35
4689.2,2
4689.2,29
4689.5,14
4690.3,7
4691.2,9
4691.6,26
4691.7,23
4692.0,31
4692.4,39
4692.4,0
4692.7,37
4693.5,6
4693.6,3
4694.1,1
4694.1,33
4695.0,8
4695.5,20
4697.0,15
4697.0,35
4697.6,11
4697.8,18
4699.1,14
4699.5,17
4699.6,2
4699.6,28
4700.0,32
4700.3,10
4700.4,25
4700.8,4
4701.4,5
4701.6,21
4701.8,37
4701.8,38
4701.9,29
4702.1,39
4702.3,24
4702.8,7
4702.9,19
4703.3,26
4704.6,34
4704.9,11
4705.3,6
4705.3,16
4705.7,36
4707.0,0
4708.2,9
4708.5,35
4708.7,18
4708.8,31
4709.0,14
4709.1,20
4709.1,27
4709.8,8
4709.9,30
4710.1,33
4712.2,15
4712.6,13
4713.9,39
4714.1,12
4714.6,25
4714.9,1
4714.9,37
4716.2,4
4716.2,17
4716.4,28
4716.7,7
4716.7,38
4716.8,26
4716.8,29
4716.8,34
4717.0,11
4717.0,27
4717.1,24
4717.5,19
4718.2,6
4718.2,14
4718.7,2
4719.0,0
4719.7,5
4720.2,21
4721.0,18
4721.3,23
4721.9,3
4724.8,9
4725.1,37
4725.5,8
4725.9,4
4726.0,32
4726.1,13
4726.1,20
4726.2,25
4726.2,26
4726.6,15
4726.7,10
4726.7,28
4726.8,11
4727.4,33
4729.8,14
4729.9,16
4730.7,2
4731.4,5
4731.8,0
4731.8,30
4731.8,35
4732.5,1
4732.5,6
4732.6,31
4732.8,18
4732.9,19
4732.9,39
4733.1,29
4733.2,12
4733.3,9
4733.6,17
4735.5,11
4735.9,21
4736.8,27
4737.0,36
4737.3,15
4738.2,28
4739.7,24
4740.6,4
4741.1,25
4741.8,20
4742.3,14
4742.7,39
4743.0,32
4743.3,0
4743.3,37
4743.4,2
4743.9,7
4744.5,18
4745.3,34
4745.6,8
4745.6,33
4745.8,26
4746.1,23
4746.5,5
4746.7,22
4746.9,11
4746.9,31
4748.3,29
4749.7,28
4749.7,35
4750.0,21
4750.6,9
4751.1,17
4752.1,14
4752.2,39
4753.1,3
4753.1,27
4753.2,6
4753.6,12
4754.0,0
4754.2,16
4754.3,4
4754.5,20
4754.7,19
4755.1,15
4755.1,25
4755.2,30
4755.2,37
4756.5,5
4756.6,26
4757.0,36
4757.7,1
4758.7,8
4759.2,34
4759.8,2
4759.8,11
4759.9,10
4760.5,18
4761.0,7
4761.8,6
4761.8,31
4762.6,17
4764.1,38
4764.4,21
4764.9,24
4764.9,33
4766.8,29
4767.3,14
4767.9,35
4768.0,15
4768.0,39
4768.1,28
4768.8,37
4769.6,7
4769.7,8
4769.7,36
4770.2,25
4770.8,4
4771.2,0
4772.3,12
4772.5,5
4772.5,27
4772.5,34
4773.0,11
4773.0,20
4773.2,9
4773.4,2
4773.8,1
4773.9,17
4776.0,30
4776.6,23
4777.3,19
4777.4,31
4777.8,32
4778.1,29
4778.3,13
4778.6,18
4779.8,6
4780.0,28
4780.1,14
4780.1,21
4780.1,37
4780.3,25
4780.3,26
4780.4,7
4781.4,16
4782.1,5
4782.6,9
4783.0,4
4783.0,39
4783.1,15
4783.5,0
4783.7,35
4784.2,20
4784.5,2
4785.3,1
4785.3,11
4786.3,17
4788.4,3
4789.0,33
4789.1,36
4790.0,29
4790.3,16
4790.3,22
4790.9,19
4791.0,34
4791.4,14
4791.4,27
4791.7,26
4791.7,38
4792.9,37
4794.6,6
4794.6,21
4794.7,5
4795.3,18
4795.8,11
4796.0,0
4796.4,8
4796.8,28
4797.6,15
4798.4,2
4798.7,24
4798.7,39
4798.8,25
4799.8,9
4800.4,12
4800.4,17
4801.0,20
4802.5,29
4802.7,7
4802.9,35
4803.0,18
4803.0,30
4804.3,13
4804.3,14
4804.4,26
4804.9,4
4805.4,34
4805.8,32
4806.8,0
4807.2,23
4807.7,21
4807.9,28
4808.2,5
4808.5,19
4808.5,37
4808.8,11
4809.0,6
4811.7,2
4812.4,39
4813.8,26
4814.0,20
4814.4,29
4814.7,31
4814.7,4
4814.7,14
4814.7,36
4814.9,33
4815.1,25
4815.6,1
4815.6,21
4815.9,15
4816.2,22
4816.2,27
4820.7,9
4821.0,5
4821.1,16
4821.1,35
4821.5,0
4821.8,8
4822.3,3
4822.4,17
4822.5,10
4822.6,34
4822.7,25
4823.5,7
4823.8,21
4824.6,37
4825.2,18
4825.6,12
4825.6,14
4826.4,2
4826.5,6
4826.6,24
4826.9,11
4827.2,28
4828.3,38
4828.4,29
4828.8,27
4829.1,4
4829.6,30
4830.2,19
4830.4,15
4831.2,1
4832.0,32
4832.1,6
4832.3,5
4832.5,20
4832.5,39
4833.3,31
4833.6,0
4833.7,26
4833.8,23
4835.0,35
4836.3,25
4837.5,11
4837.6,8
4838.2,37
4838.8,7
4839.1,2
4839.1,14
4839.3,9
4839.3,17
4841.2,29
4841.4,16
4841.6,3
4841.6,36
4841.8,18
4842.1,21
4842.3,5
4842.5,19
4842.6,15
4842.6,34
4842.8,10
4842.9,13
4842.9,28
4842.9,39
4843.8,27
4845.3,20
4847.6,4
4848.3,0
4849.5,8
4850.1,25
4850.2,6
4850.3,11
4850.8,35
4851.2,14
4852.1,26
4852.5,1
4852.5,5
4852.7,9
4852.8,2
4852.8,33
4853.1,37
4853.4,32
4853.7,12
4854.0,20
4854.0,21
4854.0,39
4854.3,29
4854.5,7
4854.5,31
4854.8,18
4855.9,15
4857.8,36
4858.1,17
4858.6,0
4858.8,4
4859.5,28
4859.9,24
4860.0,19
4860.0,30
4860.1,14
4860.1,34
4860.5,11
4860.7,25
4861.5,37
4861.6,16
4862.8,3
4866.1,2
4866.2,39
4866.2,27
4866.7,5
4867.1,29
4867.4,11
4867.6,9
4868.0,6
4868.5,14
4868.5,15
4868.6,26
4868.9,21
4869.0,35
4869.7,20
4869.9,0
4870.4,8
4871.2,28
4871.2,31
4871.5,18
4872.2,7
4872.2,25
4872.3,1
4872.3,24
4873.2,33
4873.5,34
4873.8,4
4874.4,30
4874.8,19
4876.0,37
4876.7,29
4876.8,12
4877.0,9
4877.7,17
4878.0,39
4878.7,32
4879.5,14
4879.7,24
4879.9,13
4880.2,16
4880.6,10
4881.1,21
4881.2,2
4881.4,0
4881.4,38
4881.7,20
4882.2,26
4883.6,18
4884.1,28
4884.2,6
4884.5,11
4885.0,25
4885.0,33
4885.5,27
4885.9,4
4887.3,23
4887.9,35
4888.6,1
4888.8,29
4889.6,15
4889.9,2
4890.1,37
4890.4,14
4890.6,7
4891.3,17
4891.3,39
4891.5,32
4891.6,22
4892.0,36
4892.3,31
4892.4,11
4892.4,20
4892.6,19
4892.8,9
4893.2,5
4893.7,25
4893.7,28
4894.3,8
4894.9,6
4895.4,24
4896.9,4
4897.0,21
4897.4,34
4898.2,26
4899.3,18
4899.8,29
4899.8,30
4900.7,16
4901.6,0
4902.8,15
4903.4,14
4903.5,2
4903.5,37
4903.6,33
4904.2,11
4904.2,35
4904.5,20
4905.9,28
4906.3,12
4906.6,9
4908.0,4
4908.4,39
4908.5,27
4908.9,3
4909.1,17
4909.4,29
4909.7,1
4910.1,25
4910.3,34
4910.8,21
4910.8,18
4910.8,19
4910.8,20
4911.0,22
4911.7,6
4911.9,31
4912.0,5
4912.2,24
4913.1,26
4913.5,7
4913.5,14
4913.7,11
4914.5,8
4914.5,28
4915.2,2
4916.8,0
4917.4,15
4917.7,37
4918.0,33
4918.0,17
4918.4,10
4920.4,39
4920.5,36
4920.6,32
4920.8,9
4921.1,30
4922.2,4
4922.9,29
4923.0,19
4923.4,7
4923.9,20
4924.1,3
4924.3,35
4925.1,14
4925.3,12
4925.3,21
4925.5,6
4925.7,28
4925.9,2
4926.3,34
4926.6,11
4926.6,15
4926.7,25
4926.8,5
4927.1,18
4927.2,1
4927.5,0
4927.5,26
4927.8,27
4931.4,37
4933.8,8
4934.5,39
4935.1,20
4935.2,14
4935.4,29
4935.6,11
4935.7,9
4935.7,25
4935.8,6
4935.9,19
4936.6,16
4936.7,12
4937.5,18
4937.8,2
4939.2,28
4941.2,4
4941.7,17
4941.9,13
4942.0,0
4942.6,34
4942.9,8
4943.0,26
4943.4,21
4943.5,31
4943.6,7
4944.0,27
4944.1,23
4944.3,33
4944.4,30
4944.5,37
4944.9,36
4945.1,24
4945.6,35
4946.2,14
4946.6,11
4947.0,6
4947.0,5
4947.2,3
4947.5,9
4948.1,29
4948.2,20
4950.1,25
4950.1,26
4950.8,2
4951.1,15
4951.2,39
4951.6,28
4951.9,0
4953.6,17
4953.6,18
4953.7,4
4954.1,6
4954.2,19
4954.6,27
4955.2,7
4955.3,14
4956.1,29
4956.6,5
4956.6,12
4956.8,21
4957.7,11
4958.0,32
4958.0,37
4958.8,8
4958.9,20
4959.1,25
4963.0,2
4963.1,0
4963.1,1
4963.9,35
4964.1,10
4964.3,16
4964.4,23
4964.5,22
4964.5,28
4964.5,39
4966.0,17
4966.2,14
4967.9,9
4968.2,32
4968.3,25
4969.0,33
4969.1,5
4969.1,34
4969.2,11
4969.9,6
4969.9,13
4969.9,21
4969.9,29
4969.9,31
4970.4,26
4970.7,4
4970.8,7
4971.7,37
4971.9,18
4972.9,24
4973.7,14
4974.1,12
4975.3,8
4975.4,2
4975.5,28
4976.1,27
4976.3,39
4976.9,19
4977.1,20
4977.5,15
4978.0,1
4979.3,3
4979.5,36
4979.7,33
4979.9,0
4979.9,5
4980.3,30
4980.3,32
4980.4,9
4980.7,35
4981.7,17
4983.0,4
4983.0,11
4983.2,21
4983.8,14
4983.9,25
4984.1,6
4984.4,18
4984.4,34
4984.7,38
4986.3,29
4986.6,20
4986.9,37
4987.9,8
4988.5,26
4988.5,31
4989.0,28
4989.1,23
4989.5,2
4989.6,39
4989.9,7
4990.2,27
4991.2,16
4991.9,14
4992.2,18
4992.5,25
4992.7,35
4994.3,4
4995.2,1
4995.3,0
4995.3,11
4995.4,19
4995.8,15
4996.7,6
4996.8,5
4996.8,24
4996.8,33
4996.8,37
4996.9,2
4997.1,32
4997.5,20
4997.7,9
4998.5,29
4999.0,17
4999.9,30
5000.3,39
5000.5,12
5001.9,34
5002.8,11
5003.4,13
5004.4,7
5004.4,18
5004.5,25
5004.6,27
5004.7,21
5004.9,14
5004.9,36
5005.2,0
5005.4,26
5005.4,28
5005.7,4
5005.8,8
5006.0,3
5006.0,29
5006.0,37
5006.7,31
5007.3,39
5007.9,10
5009.0,17
5010.0,16
5011.6,6
5011.7,9
5011.8,2
5012.4,12
5012.6,24
5012.9,15
5014.7,5
5015.3,14
5016.1,20
5016.6,21
5016.8,18
5016.9,34
5017.0,32
5017.6,28
5017.6,29
5017.7,11
5018.3,25
5018.5,7
5018.9,27
5019.1,39
5019.2,35
5019.2,37
5019.5,33
5019.7,26
5022.8,17
5023.4,0
5024.7,4
5025.1,14
5025.5,2
5025.7,1
5025.8,30
5025.9,19
5026.3,15
5026.5,31
5026.9,9
5027.0,11
5027.1,6
5027.5,8
5027.7,21
5028.1,25
5030.4,26
5031.1,20
5031.7,29
5032.3,39
5032.7,35
5033.0,12
5033.8,33
5033.9,18
5033.9,37
5034.3,7
5034.4,32
5034.5,14
5034.8,28
5034.8,34
5035.7,36
5036.7,38
5036.8,3
5037.2,4
5037.3,2
5038.0,8
5038.2,15
5038.7,17
5038.7,19
5038.7,25
5038.8,5
5039.0,31
5039.1,26
5039.2,9
5040.2,11
5040.9,14
5042.1,29
5042.2,24
5042.8,20
5043.2,6
5043.7,16
5045.8,0
5046.6,28
5046.7,1
5046.9,7
5047.0,12
5047.1,39
5047.4,21
5047.4,32
5047.6,22
5048.0,37
5048.0,35
5048.2,5
5048.2,10
5048.2,27
5048.3,26
5048.6,4
5048.9,34
5050.4,18
5051.0,11
5052.0,16
5053.1,2
5053.2,25
5053.4,19
5053.7,17
5054.6,20
5055.0,14
5055.4,15
5056.5,31
5057.2,9
5058.2,30
5058.3,29
5058.7,28
5058.9,0
5059.5,12
5060.0,37
5060.3,39
5061.7,35
5061.9,11
5062.1,13
5062.4,1
5062.4,6
5062.5,25
5062.9,21
5063.2,36
5064.1,24
5065.0,4
5065.0,8
5065.5,2
5065.5,27
5066.4,5
5066.6,7
5066.9,0
5066.9,26
5067.6,29
5068.0,23
5068.7,14
5069.5,20
5070.0,18
5070.2,9
5070.2,17
5070.4,3
5070.4,21
5070.7,19
5070.7,33
5071.6,39
5071.9,28
5072.8,37
5073.0,10
5074.5,32
5074.5,34
5074.6,25
5074.6,35
5075.4,11
5077.3,6
5077.6,16
5078.4,4
5078.4,14
5078.7,1
5078.8,0
5079.2,29
5079.9,38
5080.1,18
5080.2,2
5081.4,26
5081.5,7
5082.4,15
5082.6,31
5082.8,8
5083.9,20
5084.2,12
5084.2,27
5084.4,5
5084.4,25
5084.4,39
5085.5,28
5086.1,33
5086.7,19
5087.3,11
5087.5,29
5087.6,14
5087.9,30
5088.3,37
5088.4,21
5089.0,17
5089.5,9
5090.3,24
5091.0,6
5091.0,36
5091.8,18
5091.8,13
5091.8,34
5092.5,4
5092.7,26
5093.1,0
5093.2,1
5093.7,2
5094.5,20
5094.5,35
5094.6,7
5094.8,39
5097.8,14
5098.6,28
5099.1,25
5099.3,15
5099.8,37
5100.0,32
5100.3,11
5100.4,27
5100.7,12
5100.7,21
5100.9,5
5101.7,29
5101.8,7
5102.5,22
5102.5,9
5102.7,2
5103.9,6
5103.9,19
5106.8,20
5107.1,35
5107.2,14
5108.1,8
5108.7,10
5108.7,16
5109.4,33
5109.6,26
5109.7,18
5110.4,34
5111.8,39
5112.0,31
5112.3,29
5112.4,7
5112.5,4
5112.6,0
5112.6,17
5112.8,28
5113.1,25
5114.1,11
5114.3,37
5114.4,5
5114.6,36
5114.7,2
5115.0,15
5115.2,23
5115.5,3
5115.5,14
5117.0,9
5119.2,21
5119.4,34
5119.6,20
5119.9,19
5120.0,6
5120.5,24
5120.6,26
5121.1,27
5121.7,32
5122.9,1
5123.1,11
5123.8,28
5124.2,37
5124.5,18
5124.8,39
5125.0,30
5125.3,14
5125.5,9
5125.9,13
5126.0,0
5126.5,29
5126.9,4
5127.0,6
5127.2,7
5127.2,33
5127.5,25
5127.7,35
5128.0,2
5131.2,20
5131.9,12
5132.1,24
5132.9,26
5133.0,17
5133.0,39
5133.1,34
5133.8,31
5133.9,28
5134.0,8
5134.2,6
5134.3,27
5134.5,5
5135.9,21
5136.2,14
5136.6,25
5136.7,18
5137.5,4
5137.9,1
5138.4,23
5138.5,15
5139.1,11
5139.1,16
5139.1,29
5139.8,19
5139.9,26
5140.3,0
5141.3,2
5141.7,9
5141.8,37
5142.4,39
5145.4,7
5145.8,38
5145.9,14
5147.2,22
5147.4,28
5147.8,20
5147.8,32
5148.1,6
5148.1,8
5148.2,11
5148.5,35
5148.9,5
5149.1,4
5149.1,33
5149.7,18
5149.8,39
5150.0,2
5150.3,21
5151.1,34
5151.5,17
5151.8,25
5154.3,37
5154.9,27
5155.8,15
5155.9,26
5156.2,29
5156.3,0
5156.4,9
5156.4,24
5157.4,11
5157.8,14
5157.8,18
5158.0,30
5158.8,28
5159.3,25
5161.1,7
5161.3,20
5161.9,31
5162.0,6
5162.5,3
5162.5,5
5162.7,2
5162.7,13
5163.8,1
5163.8,12
5164.2,10
5164.2,34
5164.6,23
5164.9,14
5165.3,4
5166.0,39
5166.5,28
5167.2,38
5167.4,15
5167.4,17
5167.4,21
5167.7,8
5167.7,27
5168.4,36
5169.2,16
5169.4,24
5169.6,6
5169.6,29
5170.1,11
5170.6,18
5170.7,37
5171.4,0
5171.5,32
5171.9,2
5172.1,5
5172.1,19
5174.1,20
5174.1,26
5174.4,9
5174.5,25
5175.5,14
5175.5,35
5175.8,4
5176.6,33
5176.6,39
5177.8,2
5177.9,34
5178.7,28
5179.0,29
5179.3,7
5179.8,27
5181.9,11
5181.9,22
5182.3,15
5183.1,21
5183.5,1
5183.9,12
5184.5,6
5184.5,18
5184.6,17
5185.1,25
5186.2,0
5186.2,37
5186.5,16
5186.7,39
5187.4,2
5187.4,38
5187.6,10
5187.6,14
5188.5,23
5188.6,4
5189.4,8
5189.9,29
5190.2,32
5190.6,9
5190.6,26
5191.4,7
5192.0,34
5192.3,6
5192.6,11
5192.6,28
5195.2,20
5195.5,24
5195.6,25
5195.7,19
5196.0,3
5196.5,1
5196.6,18
5197.3,15
5197.5,31
5197.7,14
5197.7,35
5197.9,5
5197.9,30
5198.1,36
5198.4,33
5198.5,2
5198.5,29
5198.8,37
5199.7,21
5200.1,4
5200.1,17
5200.4,0
5202.7,39
5202.9,27
5203.7,28
5204.3,16
5204.6,11
5204.6,32
5205.2,6
5206.4,34
5206.7,14
5206.8,26
5207.0,20
5209.5,2
5209.5,19
5209.8,9
5210.7,7
5211.7,25
5211.9,13
5212.8,0
5212.9,12
5212.9,18
5213.4,5
5213.8,21
5213.9,29
5214.0,4
5214.0,15
5214.1,28
5214.1,37
5214.8,38
5214.9,8
5215.0,39
5215.3,17
5217.3,6
5217.5,14
5217.7,20
5218.2,11
5219.0,26
5219.6,2
5219.6,35
5221.0,36
5221.1,32
5221.2,1
5221.2,15
5222.2,0
5222.7,27
5224.8,25
5225.2,31
5225.5,5
5225.5,8
5225.5,18
5226.3,24
5226.5,29
5226.8,14
5227.1,7
5227.2,21
5227.3,3
5227.4,34
5227.4,37
5227.6,2
5227.7,4
5227.7,19
5227.7,39
5227.8,28
5229.6,30
5230.9,11
5231.7,16
5232.2,20
5233.2,6
5234.0,12
5234.0,15
5234.0,35
5234.1,1
5234.3,4
5234.4,0
5234.6,9
5234.7,17
5234.7,26
5235.1,14
5236.6,37
5237.0,39
5237.4,29
5237.5,27
5239.1,16
5239.9,18
5240.0,7
5240.3,34
5241.4,38
5241.8,5
5241.9,33
5242.4,28
5242.6,1
5242.6,19
5242.6,21
5243.0,11
5243.7,24
5244.8,31
5244.9,2
5245.2,4
5246.0,25
5246.6,20
5246.8,9
5247.1,39
5247.8,35
5247.9,6
5248.0,17
5249.6,0
5250.7,32
5251.2,26
5251.4,34
5251.5,14
5251.6,29
5252.1,27
5252.2,15
5252.2,37
5252.5,8
5252.8,19
5252.8,36
5253.6,11
5253.7,28
5254.0,18
5254.8,16
5255.6,30
5256.9,10
5257.2,9
5257.9,7
5258.0,17
5258.6,39
5259.5,5
5259.9,0
5260.9,25
5261.0,4
5261.4,20
5261.6,33
5262.3,12
5262.7,14
5263.2,23
5263.3,21
5263.8,2
5263.9,29
5264.2,6
5264.8,37
5265.6,27
5266.9,34
5267.0,3
5267.0,24
5267.8,22
5267.8,28
5267.9,5
5268.2,7
5268.2,15
5268.3,19
5268.6,11
5269.4,26
5269.4,35
5269.5,13
5270.2,0
5271.1,17
5271.1,18
5271.3,14
5271.4,20
5272.5,31
5272.6,21
5273.2,1
5273.2,32
5274.0,39
5275.1,9
5276.1,16
5277.2,25
5277.4,6
5277.5,12
5277.8,29
5278.5,36
5278.7,2
5279.6,4
5279.6,33
5280.0,11
5280.1,8
5280.5,27
5280.6,38
5281.0,15
5281.0,20
5281.0,34
5281.8,5
5282.1,28
5282.5,35
5283.3,14
5286.7,17
5286.7,18
5287.5,39
5287.7,0
5287.7,9
5287.7,21
5288.1,29
5289.1,19
5289.6,37
5290.2,11
5290.5,15
5290.6,16
5290.9,30
5291.1,26
5291.4,7
5292.7,28
5293.4,2
5293.4,6
5293.5,24
5293.7,25
5294.0,14
5294.1,34
5294.5,4
5295.9,3
5296.4,20
5296.5,27
5297.4,33
5297.4,36
5297.9,5
5297.9,18
5298.0,8
5298.5,39
5298.7,35
5299.3,31
5299.5,29
5300.0,0
5300.6,32
5302.9,37
5303.6,17
5304.0,11
5304.3,1
5304.4,25
5304.5,15
5304.7,4
5305.1,28
5306.1,10
5306.3,7
5306.5,19
5306.7,9
5306.8,5
5307.0,24
5307.4,14
5307.4,21
5307.9,12
5307.9,34
5308.2,2
5308.3,39
5308.7,26
5310.7,35
5311.0,22
5311.3,18
5311.9,20
5313.0,25
5313.2,27
5313.7,0
5314.3,16
5314.9,29
5315.0,4
5315.0,6
5315.0,11
5315.5,3
5315.5,15
5315.6,30
5316.9,37
5317.2,14
5317.3,17
5317.3,36
5318.1,24
5319.4,19
5320.3,23
5320.7,1
5320.9,21
5321.2,8
5321.2,9
5321.5,39
5321.6,2
5321.7,38
5322.0,28
5322.5,5
5323.1,18
5323.9,34
5323.9,12
5324.8,26
5325.1,7
5325.4,4
5325.7,20
5325.9,6
5326.4,33
5327.1,16
5327.1,29
5327.1,31
5327.4,37
5327.6,0
5328.3,25
5329.1,14
5329.1,15
5331.5,35
5332.2,11
5332.3,17
5332.8,38
5333.1,2
5333.3,10
5333.4,27
5333.5,32
5333.6,5
5333.6,19
5333.7,13
5333.7,18
5333.9,21
5334.5,4
5335.0,20
5335.1,9
5336.6,14
5336.6,39
5337.1,28
5337.8,26
5338.0,7
5338.6,0
5338.9,1
5339.8,37
5340.2,29
5340.8,24
5341.0,25
5342.5,30
5343.0,28
5343.1,15
5343.5,32
5344.2,8
5344.3,5
5344.3,21
5344.4,11
5344.4,16
5344.4,34
5344.7,36
5344.9,35
5345.3,14
5345.6,4
5345.8,33
5346.3,6
5346.5,17
5347.5,31
5347.9,2
5348.9,0
5349.3,18
5350.0,19
5350.3,12
5350.5,39
5351.0,23
5352.0,20
5352.5,25
5353.2,26
5353.5,27
5353.9,9
5354.0,29
5354.9,14
5355.9,2
5356.0,7
5356.2,15
5356.7,1
5357.0,37
5357.8,28
5358.4,11
5359.1,3
5359.2,5
5359.8,4
5360.9,6
5361.6,13
5361.9,34
5362.7,20
5363.2,35
5363.3,17
5363.8,21
5363.8,33
5363.9,39
5364.3,0
5364.3,9
5364.3,14
5364.8,8
5364.9,29
5365.3,19
5367.3,25
5367.9,2
5367.9,32
5368.4,18
5368.5,30
5368.5,31
5369.9,36
5370.1,26
5370.4,24
5370.6,27
5371.1,22
5371.2,11
5371.5,12
5372.3,38
5372.9,37
5373.7,5
5373.7,15
5374.1,20
5375.0,14
5375.3,16
5375.5,39
5375.6,4
5376.0,17
5376.1,28
5376.5,6
5377.1,7
5377.4,21
5378.9,9
5378.9,29
5379.1,0
5380.1,26
5380.2,37
5380.7,1
5381.2,11
5381.5,2
5382.0,27
5382.7,34
5382.9,18
5382.9,25
5383.8,28
5384.7,12
5384.7,19
5384.8,20
5385.4,39
5385.9,23
5386.0,36
5386.0,29
5386.2,6
5386.8,15
5387.3,3
5388.4,8
5388.9,2
5390.1,14
5390.2,32
5390.6,16
5391.6,5
5391.6,17
5391.9,33
5392.0,24
5392.4,4
5392.7,35
5393.7,11
5394.9,9
5395.0,0
5395.4,30
5395.6,37
5395.8,20
5396.2,21
5396.4,29
5397.0,7
5397.4,10
5398.2,18
5398.6,28
5399.2,39
5400.1,1
5400.9,2
5400.9,25
5401.0,15
5401.3,13
5401.6,26
5402.3,6
5402.6,5
5402.8,19
5403.1,4
5403.3,20
5403.9,34
5404.2,27
5404.2,38
5404.5,12
5405.9,14
5407.3,11
5407.4,33
5408.8,25
5408.8,31
5408.9,18
5409.1,17
5409.3,35
5409.4,28
5410.1,39
5410.3,0
5410.4,29
5410.4,30
5411.0,9
5411.0,37
5411.4,8
5413.1,3
5413.1,21
5413.1,26
5413.1,36
5413.3,2
5414.2,15
5415.3,7
5415.7,4
5416.8,34
5416.8,1
5417.4,24
5417.5,20
5417.6,5
5418.0,19
5418.2,11
5418.9,29
5419.1,22
5419.2,14
5420.5,39
5420.8,6
5421.5,17
5421.8,27
5422.0,2
5422.1,32
5422.3,18
5422.8,12
5423.2,23
5423.6,25
5423.6,31
5424.4,9
5424.4,16
5424.5,14
5424.7,26
5425.0,35
5425.1,11
5426.0,28
5428.4,30
5428.7,7
5428.9,0
5429.2,21
5429.5,8
5429.8,33
5430.1,20
5430.4,3
5430.5,18
5430.7,19
5430.8,34
5431.7,37
5432.8,13
5433.1,15
5433.3,29
5434.3,39
5434.4,5
5435.1,4
5435.1,25
5435.9,28
5437.0,11
5437.2,26
5437.4,14
5438.4,2
5438.9,9
5439.7,12
5439.7,34
5440.3,10
5441.2,27
5441.6,24
5441.9,0
5444.1,18
5444.5,39
5444.7,17
5444.7,35
5444.8,6
5444.8,8
5444.8,28
5445.2,7
5445.3,4
5445.4,1
5445.4,37
5445.8,29
5446.8,25
5446.9,14
5447.6,36
5447.7,16
5447.9,31
5449.6,2
5450.3,38
5450.4,21
5450.4,9
5450.9,26
5451.0,19
5451.1,3
5451.1,5
5451.2,15
5451.4,24
5453.1,39
5454.5,20
5454.5,34
5455.4,11
5455.8,28
5455.9,18
5456.0,27
5456.7,35
5456.9,0
5457.5,33
5458.3,25
5458.5,14
5459.5,17
5459.8,12
5459.8,13
5459.8,32
5460.1,2
5460.1,4
5460.2,6
5460.3,29
5461.3,19
5462.4,7
5462.8,37
5463.0,15
5464.1,11
5464.1,21
5466.1,0
5466.3,5
5466.3,39
5466.5,22
5466.8,26
5467.0,8
5467.8,31
5468.5,20
5468.9,28
5469.2,23
5469.2,25
5469.3,9
5469.3,34
5469.9,2
5470.3,14
5473.1,19
5473.7,18
5474.2,17
5474.2,37
5474.6,6
5474.7,16
5474.8,29
5475.0,24
5475.6,4
5475.6,39
5476.1,5
5476.3,36
5476.6,26
5478.2,7
5478.5,33
5478.9,11
5479.2,0
5479.5,1
5479.5,28
5480.5,27
5481.7,20
5482.4,9
5482.8,21
5483.2,25
5483.3,30
5483.4,14
5484.0,35
5484.1,32
5484.2,2
5484.8,8
5485.3,34
5485.6,37
5486.6,29
5487.0,38
5487.5,33
5487.7,12
5488.5,5
5488.5,39
5489.2,27
5490.3,28
5490.4,6
5490.6,18
5490.6,26
5490.9,15
5491.5,4
5491.7,3
5492.0,0
5492.0,13
5493.5,24
5493.5,31
5493.6,19
5493.9,11
5494.0,9
5494.2,25
5494.3,2
5494.4,17
5495.3,14
5496.7,7
5496.7,20
5497.2,16
5499.2,39
5499.6,34
5499.9,21
5501.0,11
5501.0,37
5501.4,29
5502.0,2
5502.8,35
5502.9,1
5503.7,28
5503.9,5
5504.1,23
5504.4,14
5504.7,36
5505.4,4
5505.5,9
5505.6,7
5506.3,8
5506.5,18
5506.5,19
5506.5,25
5506.6,33
5506.9,26
5506.9,39
5507.0,15
5507.6,6
5507.8,0
5509.5,20
5510.2,32
5512.1,2
5512.1,17
5513.4,21
5514.2,5
5514.3,13
5514.4,12
5514.6,16
5515.1,11
5515.1,34
5515.8,27
5515.9,25
5515.9,37
5515.9,38
5515.9,4
5515.9,14
5516.1,31
5516.1,33
5517.4,28
5517.4,29
5518.6,24
5519.1,0
5519.8,10
5520.5,22
5521.2,39
5522.3,6
5522.5,17
5522.8,15
5523.0,2
5523.2,20
5523.2,21
5523.5,27
5523.6,7
5524.8,26
5524.9,9
5525.7,3
5526.1,28
5526.9,11
5528.3,18
5528.7,29
5529.0,25
5529.9,4
5530.6,19
5530.7,35
5531.1,1
5531.5,16
5531.6,0
5531.8,14
5532.2,34
5532.7,20
5533.2,2
5533.4,6
5533.4,17
5533.7,37
5534.5,39
5535.4,15
5535.9,8
5536.1,18
5536.5,5
5537.2,9
5537.3,11
5537.8,7
5537.9,26
5538.8,32
5539.2,25
5539.4,14
5539.8,36
5540.2,28
5541.2,29
5541.4,21
5541.7,24
5542.4,2
5542.4,12
5542.9,31
5543.0,30
5543.3,17
5543.3,27
5543.6,16
5544.0,4
5546.1,37
5546.4,34
5546.8,20
5547.0,11
5547.4,39
5548.8,5
5548.9,0
5548.9,33
5549.5,1
5549.8,6
5549.8,8
5550.6,15
5550.7,26
5551.3,35
5551.8,25
5552.4,2
5553.2,18
5553.3,14
5554.7,19
5554.9,9
5555.9,28
5556.4,21
5557.1,7
5557.3,17
5558.3,24
5558.6,11
5559.1,4
5559.1,12
5560.3,29
5560.4,16
5562.5,20
5562.6,18
5562.7,30
5563.0,10
5563.1,34
5563.2,25
5563.6,37
5563.6,39
5563.9,8
5564.2,23
5564.3,1
5564.7,15
5565.0,14
5565.5,26
5565.6,32
5565.8,28
5566.1,0
5566.1,5
5566.6,9
5567.7,27
5568.0,2
5568.4,22
5568.7,6
5568.8,7
5570.8,29
5570.9,13
5572.0,18
5572.5,11
5572.6,17
5575.0,35
5575.1,25
5575.4,38
5575.9,20
5576.0,19
5576.3,4
5576.4,21
5576.4,37
5576.6,3
5576.8,23
5576.9,39
5576.9,28
5577.7,14
5578.0,5
5579.6,8
5580.3,26
5580.4,33
5580.7,0
5580.7,34
5581.1,15
5581.2,36
5581.8,9
5583.3,6
5583.4,1
5583.4,13
5584.1,11
5584.2,16
5584.9,37
5585.4,18
5585.7,27
5585.7,31
5585.7,2
5585.9,29
5586.0,24
5586.1,17
5586.3,32
5587.5,12
5588.3,7
5588.4,14
5588.9,4
5589.0,10
5589.1,25
5589.7,21
5589.7,28
5592.1,20
5592.5,3
5592.5,5
5592.5,39
5593.3,26
5593.8,8
5593.9,0
5595.4,35
5595.5,19
5596.6,15
5597.0,16
5597.3,32
5597.9,14
5598.4,2
5598.4,9
5598.4,17
5598.4,23
5598.5,34
5598.7,7
5598.7,11
5598.7,33
5598.8,29
5599.3,18
5599.4,24
5599.8,6
5600.6,25
5601.8,37
5602.1,39
5602.3,5
5603.0,28
5603.1,27
5603.2,4
5603.3,1
5603.4,8
5604.3,12
5604.3,20
5605.2,26
5605.3,21
5606.7,13
5607.3,19
5607.7,2
5609.1,0
5611.1,25
5611.2,4
5611.5,14
5611.5,34
5611.8,11
5611.8,29
5611.9,6
5611.9,31
5612.6,17
5613.0,15
5613.2,35
5613.3,5
5613.3,33
5613.7,24
5614.7,9
5614.7,18
5616.2,7
5617.2,30
5617.5,10
5617.7,36
5617.7,39
5617.9,37
5618.8,2
5619.0,14
5619.1,25
5619.7,32
5620.2,28
5622.3,8
5622.8,16
5623.1,20
5623.7,27
5623.8,26
5625.1,11
5625.5,6
5626.0,14
5626.2,0
5626.2,12
5626.5,33
5626.6,29
5626.7,21
5626.9,17
5627.0,4
5628.7,5
5629.8,7
5629.8,9
5630.1,23
5631.1,25
5631.3,13
5631.5,2
5631.8,15
5632.2,32
5632.4,1
5632.8,39
5633.0,18
5633.0,28
5634.2,38
5634.4,34
5634.5,20
5635.2,3
5635.7,24
5635.7,37
5636.0,6
5636.2,11
5636.4,14
5636.7,16
5637.1,8
5637.1,19
5637.1,35
5637.9,29
5638.8,26
5640.5,36
5640.6,27
5641.7,7
5642.1,21
5643.4,5
5643.5,2
5643.6,15
5643.6,33
5644.0,9
5644.3,25
5644.5,0
5644.5,18
5644.7,4
5645.8,11
5646.3,28
5646.5,35
5646.9,1
5647.1,12
5647.5,14
5649.0,6
5649.6,31
5649.8,17
5649.8,20
5649.9,26
5650.3,29
5650.8,10
5651.1,37
5651.1,39
5652.9,16
5654.1,3
5655.5,2
5655.6,21
5656.0,0
5656.1,8
5656.3,24
5656.4,25
5656.4,32
5656.5,27
5656.6,34
5657.1,5
5657.1,19
5657.4,18
5657.6,23
5657.6,30
5657.7,14
5660.4,4
5660.8,28
5661.8,39
5662.1,15
5662.1,20
5662.2,9
5662.3,1
5662.6,17
5664.2,36
5664.3,11
5664.3,29
5664.4,35
5664.5,37
5664.8,7
5667.4,6
5667.4,12
5667.8,0
5668.0,26
5668.2,8
5668.7,16
5669.4,38
5669.7,21
5670.9,33
5673.1,2
5673.5,5
5674.1,25
5674.1,13
5674.1,14
5674.8,24
5675.8,19
5675.9,18
5676.0,4
5676.5,39
5676.8,28
5677.0,31
5677.1,0
5677.1,20
5677.1,34
5677.4,32
5677.5,11
5677.9,27
5678.1,29
5678.2,37
5678.4,7
5679.2,9
5679.2,26
5680.0,15
5681.0,14
5681.3,17
5683.3,2
5685.0,35
5685.9,11
5685.9,21
5687.1,3
5687.9,6
5688.2,25
5688.4,19
5688.8,24
5688.9,8
5689.4,28
5689.5,14
5689.7,5
5689.7,13
5689.7,37
5690.2,0
5690.2,18
5690.3,29
5690.3,39
5690.4,1
5690.4,12
5690.5,9
5690.5,20
5690.5,30
5690.9,4
5690.9,33
5692.0,7
5692.2,17
5692.3,16
5693.6,38
5694.8,34
5695.3,27
5695.4,15
5695.6,36
5696.8,26
5698.2,11
5699.3,2
5701.2,32
5701.5,29
5702.1,25
5702.2,14
5702.4,39
5703.1,28
5703.1,35
5703.8,31
5703.9,37
5704.4,20
5704.6,7
5704.9,18
5705.5,5
5705.5,9
5705.6,6
5706.9,2
5707.5,0
5707.6,21
5707.7,4
5708.1,8
5708.9,19
5709.8,10
5710.4,17
5710.5,30
5710.7,15
5711.0,11
5711.8,39
5712.1,24
5712.2,26
5712.3,25
5713.8,37
5714.9,19
5715.2,28
5715.3,14
5715.5,29
5716.6,4
5716.6,13
5716.6,20
5716.8,16
5717.3,36
5717.7,2
5717.7,8
5718.0,18
5718.1,32
5718.7,6
5718.8,7
5719.1,27
5719.1,33
5719.4,21
5719.9,0
5721.8,38
5721.9,15
5722.1,17
5722.5,34
5722.6,24
5723.5,5
5724.0,23
5724.3,29
5724.7,39
5724.8,9
5725.0,1
5725.4,3
5725.5,14
5726.5,26
5728.0,25
5728.9,35
5729.7,11
5730.0,12
5730.2,37
5730.5,22
5731.0,27
5731.2,20
5731.6,0
5731.9,21
5732.0,28
5732.3,19
5732.4,18
5733.2,4
5733.6,30
5735.0,33
5735.5,14
5735.9,5
5735.9,39
5736.2,7
5737.0,2
5737.2,16
5737.4,31
5737.5,6
5737.5,15
5738.5,8
5739.0,29
5739.8,25
5740.3,26
5740.8,32
5741.0,37
5741.1,17
5742.2,14
5743.7,4
5744.4,27
5744.8,0
5745.1,12
5745.2,11
5745.3,1
5745.7,13
5745.9,20
5746.0,9
5746.4,18
5746.5,7
5746.5,21
5746.5,28
5746.7,34
5747.3,29
5747.6,39
5747.7,26
5747.7,35
5748.2,5
5752.0,14
5752.2,25
5752.4,30
5752.5,2
5752.6,3
5752.9,23
5753.1,24
5753.3,37
5753.6,38
5753.7,15
5753.9,19
5754.6,8
5754.9,6
5755.1,35
5755.2,17
5755.2,28
5755.4,26
5756.2,39
5757.9,29
5759.6,4
5760.8,0
5760.8,20
5761.4,11
5762.1,9
5762.2,10
5762.2,34
5762.3,21
5762.6,18
5762.9,36
5765.4,14
5765.9,5
5765.9,19
5765.9,37
5767.1,17
5767.3,39
5767.9,32
5768.0,1
5768.0,26
5768.0,28
5768.1,25
5768.3,7
5768.4,33
5768.5,6
5768.5,29
5769.0,2
5769.2,18
5772.2,35
5772.3,15
5773.9,27
5774.0,4
5774.2,31
5774.6,11
5775.0,3
5775.0,20
5775.0,30
5775.1,9
5775.4,8
5775.8,16
5775.9,0
5775.9,25
5776.9,21
5777.2,29
5778.1,34
5778.3,14
5778.9,39
5779.1,28
5779.8,37
5780.1,18
5781.2,7
5781.4,12
5782.7,17
5783.4,9
5783.6,15
5783.9,26
5784.5,33
5784.6,2
5784.7,20
5785.1,4
5785.2,5
5786.4,11
5786.6,1
5786.9,39
5787.2,16
5787.6,19
5788.5,6
5788.7,14
5789.2,25
5789.5,32
5789.6,38
5789.7,29
5790.6,21
5791.8,0
5792.1,28
5792.2,22
5792.9,7
5792.9,36
5793.0,37
5793.3,13
5793.3,24
5793.6,2
5793.8,23
5794.1,35
5794.9,20
5794.9,31
5797.4,26
5798.2,15
5798.6,4
5798.8,18
5799.1,27
5799.9,17
5800.2,29
5800.4,34
5800.5,5
5800.7,39
5800.9,33
5801.0,16
5801.3,2
5801.3,9
5801.8,11
5801.8,14
5803.3,37
5803.4,7
5803.6,6
5803.7,36
5803.9,0
5804.0,8
5804.5,25
5804.9,21
5805.4,19
5806.4,12
5806.5,28
5806.7,1
5808.9,3
5809.3,4
5810.1,17
5810.5,5
5810.9,14
5811.2,24
5812.6,15
5813.1,20
5814.1,39
5814.3,2
5815.0,11
5815.1,29
5815.2,27
5815.2,35
5815.3,10
5815.5,0
5815.5,18
5815.9,9
5816.4,7
5817.7,28
5818.0,37
5818.8,26
5819.3,6
5819.5,25
5820.5,14
5821.0,1
5821.1,4
5821.3,32
5822.1,36
5823.3,11
5823.5,34
5823.5,31
5823.7,19
5823.9,21
5824.9,2
5825.0,33
5825.1,9
5825.1,16
5825.7,0
5826.5,8
5826.8,5
5826.8,17
5827.1,7
5827.6,35
5828.0,15
5828.4,20
5830.3,39
5831.2,29
5831.7,37
5832.0,18
5832.1,26
5832.3,14
5832.5,28
5833.4,23
5833.8,1
5833.8,12
5834.0,13
5834.1,11
5834.4,4
5834.4,32
5834.7,30
5834.8,6
5836.4,27
5836.6,9
5837.1,36
5837.5,2
5837.9,25
5838.1,0
5838.1,16
5838.1,21
5838.3,20
5839.3,19
5840.9,29
5841.0,17
5841.7,11
5843.0,15
5843.3,14
5843.5,31
5843.5,35
5844.0,8
5844.0,24
5844.1,4
5844.1,38
5844.6,26
5845.3,5
5845.4,18
5846.4,7
5846.8,37
5847.7,39
5848.8,9
5849.4,34
5850.1,25
5850.5,0
5850.7,29
5851.0,1
5851.2,6
5852.7,11
5852.7,14
5852.7,27
5852.8,2
5853.7,26
5853.8,30
5854.0,28
5854.0,19
5854.3,32
5855.0,20
5856.8,33
5857.4,21
5857.8,16
5858.3,4
5858.7,35
5858.9,17
5859.1,15
5859.4,18
5859.5,23
5860.7,5
5861.0,12
5861.0,37
5861.1,34
5861.6,3
5861.8,2
5863.7,14
5864.0,0
5864.0,39
5864.2,11
5864.2,25
5864.6,24
5865.0,27
5865.0,9
5865.6,7
5866.5,36
5868.7,29
5868.9,20
5869.1,18
5869.3,16
5869.5,21
5869.6,26
5869.7,6
5869.9,17
5869.9,32
5870.2,31
5870.3,8
5870.9,28
5871.8,15
5872.9,34
5872.9,35
5874.8,19
5874.9,11
5875.1,14
5875.5,2
5875.6,4
5875.7,37
5876.5,13
5877.2,5
5878.7,25
5878.7,39
5879.1,10
5879.4,27
5879.8,1
5880.1,9
5880.2,22
5882.3,0
5883.0,26
5883.2,21
5884.0,16
5884.2,28
5884.3,29
5884.6,30
5884.7,12
5884.8,18
5884.8,31
5885.1,17
5885.4,37
5885.6,7
5885.8,20
5886.2,2
5886.4,14
5887.5,33
5890.5,4
5890.7,8
5891.1,6
5891.5,15
5891.6,11
5891.7,5
5891.7,19
5893.0,24
5893.3,39
5894.3,27
5895.5,25
5895.9,9
5896.5,20
5896.7,14
5896.9,7
5896.9,35
5897.2,32
5897.2,36
5897.6,2
5898.5,13
5898.5,26
5898.6,34
5898.9,23
5899.1,11
5899.2,38
5899.7,28
5900.0,12
5900.5,37
5900.7,17
5901.1,19
5901.6,3
5902.9,21
5904.3,0
5905.0,29
5905.8,18
5906.3,15
5906.4,30
5906.6,4
5906.6,16
5906.7,6
5906.7,7
5906.7,39
5906.9,1
5906.9,8
5907.3,25
5907.4,28
5907.6,27
5908.9,9
5909.0,14
5909.4,5
5909.6,26
5910.4,2
5910.6,34
5912.2,11
5912.3,20
5912.5,24
5912.7,32
5913.2,18
5914.3,0
5914.4,29
5914.8,25
5914.9,17
5914.9,31
5915.0,37
5917.3,39
5919.5,21
5921.5,9
5921.8,33
5921.9,3
5922.1,12
5922.2,27
5922.4,23
5922.5,4
5922.8,6
5923.0,34
5923.4,35
5923.5,11
5924.0,15
5924.0,37
5924.1,14
5924.1,28
5926.0,7
5926.4,25
5926.7,29
5926.8,18
5926.8,19
5926.9,26
5927.5,2
5927.5,16
5927.7,0
5928.3,1
5928.4,20
5928.4,21
5929.8,5
5930.2,17
5931.0,30
5931.9,14
5932.0,8
5932.6,32
5932.8,39
5933.0,38
5933.8,4
5934.7,6
5934.8,27
5935.6,11
5935.8,18
5936.3,10
5936.3,29
5936.3,36
5937.3,2
5938.0,0
5938.2,13
5938.4,9
5938.4,37
5939.4,19
5940.0,35
5940.5,28
5940.9,20
5941.1,24
5941.2,5
5941.5,26
5942.1,8
5942.7,25
5943.2,33
5943.5,14
5944.0,21
5945.6,4
5946.7,7
5947.0,34
5947.4,39
5948.2,6
5948.8,3
5948.8,17
5948.9,18
5949.1,11
5949.2,15
5949.6,37
5951.0,12
5951.1,29
5951.9,2
5952.2,20
5954.2,14
5954.4,28
5955.7,16
5955.8,1
5955.9,0
5955.9,19
5955.9,24
5956.0,27
5956.2,5
5956.8,31
5957.1,9
5957.6,18
5957.6,21
5957.7,25
5957.9,32
5959.2,8
5959.8,39
5960.4,20
5961.2,6
5961.9,35
5962.0,2
5962.2,11
5962.6,34
5963.3,17
5963.4,13
5963.4,26
5963.4,30
5963.5,38
5964.1,29
5964.1,36
5964.1,23
5964.8,28
5965.0,33
5966.2,15
5966.3,7
5966.4,4
5967.9,25
5968.5,14
5968.5,37
5969.9,11
5971.6,21
5972.3,3
5972.4,8
5972.9,19
5973.4,0
5973.5,1
5973.9,18
5974.4,6
5974.4,9
5974.7,16
5975.2,39
5975.4,28
5975.4,31
5975.5,4
5975.5,14
5975.5,27
5975.6,26
5976.0,5
5976.0,35
5976.3,32
5977.1,2
5977.4,20
5978.0,34
5979.8,25
5980.3,15
5980.5,38
5981.3,29
5981.9,17
5982.0,12
5982.2,14
5982.5,1
5982.9,36
5982.9,37
5983.2,11
5983.3,23
5983.5,7
5984.2,24
5984.4,5
5984.7,33
5984.8,0
5985.0,39
5985.3,6
5985.9,18
5987.3,27
5987.5,16
5987.5,30
5988.2,21
5989.0,14
5989.3,28
5989.5,4
5990.0,2
5990.0,31
5990.0,20
5990.8,22
5990.9,37
5991.7,9
5993.0,17
5993.4,10
5994.0,34
5994.1,19
5995.4,14
5995.5,29
5997.0,6
5997.9,11
5998.0,26
5998.3,18
5998.4,15
5998.4,39
5998.5,4
5999.1,25
5999.2,21
5999.2,12
5999.6,0
6000.1,35
6000.7,28
6001.2,9
6001.5,27
6002.1,8
6002.5,20
6004.1,7
6004.3,37
6004.4,24
6004.5,23
6004.6,2
6004.6,31
6004.6,32
6004.6,36
6004.6,39
6004.8,5
6004.8,34
6004.9,3
6005.9,33
6006.0,38
6006.5,14
6006.7,25
6007.6,11
6007.8,17
6007.9,0
6010.4,26
6010.4,29
6011.0,19
6011.6,4
6011.6,15
6012.3,1
6012.6,30
6013.5,18
6015.1,13
6015.1,27
6015.2,39
6015.3,14
6015.6,9
6015.8,28
6015.9,21
6016.5,35
6016.6,5
6016.6,6
6016.7,16
6017.3,36
6018.8,2
6019.1,25
6020.8,20
6020.9,11
6021.1,29
6022.4,7
6022.5,34
6022.5,37
6022.7,0
6022.9,14
6023.5,17
6024.2,4
6024.6,28
6025.1,15
6025.5,19
6026.1,31
6026.6,2
6026.6,18
6027.6,26
6027.7,32
6028.0,11
6028.1,8
6028.4,16
6028.7,9
6028.8,10
6028.9,24
6029.1,3
6030.2,12
6030.3,5
6030.3,13
6031.1,39
6033.0,30
6033.0,33
6033.1,21
6033.3,37
6033.7,27
6033.8,29
6034.1,25
6034.1,34
6034.2,36
6034.5,6
6035.1,20
6035.6,28
6035.7,7
6036.4,35
6036.5,0
6036.5,14
6036.7,23
6037.8,18
6038.1,19
6038.5,4
6039.1,2
6039.6,15
6040.6,8
6040.7,22
6042.0,39
6042.4,26
6042.5,11
6042.6,17
6043.7,1
6044.4,14
6044.6,25
6045.4,32
6046.9,16
6047.4,28
6047.5,29
6047.6,24
6048.3,0
6048.4,6
6049.3,9
6049.5,4
6049.7,31
6049.7,34
6050.0,35
6050.0,37
6050.1,21
6050.2,2
6050.3,5
6050.5,27
6051.0,20
6051.0,39
6051.8,26
6052.8,14
6053.2,15
6053.3,18
6053.5,7
6053.7,8
6053.7,11
6053.7,12
6053.9,33
6055.5,29
6057.6,0
6059.9,30
6060.0,9
6060.1,3
6060.1,25
6060.7,23
6060.9,39
6061.3,2
6061.3,38
6061.7,19
6061.9,20
6062.5,24
6062.7,6
6062.7,17
6063.1,11
6063.4,28
6063.4,37
6064.3,14
6064.7,34
6065.0,5
6065.1,7
6065.4,36
6065.5,13
6065.6,33
6065.9,21
6066.4,4
6066.4,18
6069.0,26
6069.4,8
6070.5,29
6070.8,28
6071.2,0
6071.7,15
6073.1,32
6073.4,14
6073.5,39
6073.7,35
6073.9,37
6074.0,9
6074.1,25
6074.3,2
6075.2,6
6075.4,22
6076.3,19
6076.5,1
6076.6,20
6076.7,12
6077.8,3
6078.4,5
6079.0,11
6079.0,29
6079.1,31
6080.6,27
6081.9,16
6081.9,18
6081.9,34
6082.4,7
6083.1,30
6083.4,0
6084.0,2
6084.2,28
6084.3,14
6085.7,24
6087.0,17
6087.5,4
6087.8,39
6088.1,25
6088.1,29
6088.7,21
6089.9,11
6089.9,32
6091.0,33
6091.7,15
6091.7,36
6091.8,10
6092.1,26
6092.1,9
6092.1,18
6092.5,6
6092.6,19
6093.3,14
6094.3,35
6094.8,37
6095.1,38
6095.3,20
6095.6,0
6096.5,4
6096.7,39
6097.1,5
6097.4,12
6097.5,27
6097.9,34
6097.9,29
6098.5,3
6098.8,28
6099.6,2
6101.3,11
6101.8,21
6102.6,22
6102.8,7
6103.0,13
6103.3,25
6103.7,17
6104.3,23
6104.3,18
6104.5,15
6105.2,14
6105.5,32
6105.8,37
6106.0,28
6106.2,0
6106.5,1
6106.5,6
6106.5,24
6107.0,26
6107.7,9
6108.2,20
6108.6,33
6109.2,4
6110.0,19
6110.1,2
6110.1,35
6110.6,8
6110.7,5
6111.2,39
6111.6,11
6112.0,30
6112.4,34
6112.7,29
6114.2,37
6114.6,14
6115.4,21
6115.8,18
6116.4,17
6116.4,31
6117.2,25
6118.0,0
6118.4,27
6119.6,12
6120.1,20
6120.4,16
6120.5,24
6121.0,36
6121.2,15
6121.3,7
6121.7,2
6121.9,4
6122.0,3
6122.2,6
6122.2,39
6123.2,29
6124.2,9
6124.4,28
6124.5,26
6124.9,14
6125.4,32
6125.9,11
6125.9,21
6126.5,5
6126.6,19
6127.7,18
6128.1,37
6129.1,33
6129.2,1
6129.4,35
6129.5,0
6130.8,17
6131.2,8
6131.3,10
6131.3,30
6131.5,34
6132.8,39
6132.9,13
6134.2,25
6134.3,27
6134.6,26
6135.8,16
6136.0,29
6136.2,9
6136.4,28
6136.7,6
6137.0,7
6137.6,31
6137.8,5
6137.8,22
6138.5,14
6138.5,19
6138.5,23
6138.5,24
6138.7,3
6138.9,2
6139.3,35
6139.3,39
6139.4,4
6139.4,15
6139.6,11
6139.7,18
6139.8,38
6140.3,20
6143.8,0
6144.1,17
6144.3,29
6144.6,37
6145.9,21
6146.0,25
6146.2,27
6147.1,11
6147.6,1
6147.7,32
6147.7,34
6148.0,36
6149.7,12
6150.5,18
6152.2,14
6152.8,7
6152.8,39
6153.6,15
6154.6,28
6154.6,4
6154.9,26
6155.0,20
6155.1,29
6155.6,21
6155.7,8
6155.8,13
6156.1,6
6157.0,0
6157.2,38
6157.3,5
6158.1,2
6158.7,9
6160.1,17
6160.2,14
6161.1,33
6161.2,27
6161.2,35
6161.3,19
6161.6,25
6162.1,30
6162.5,37
6164.4,16
6164.4,39
6164.6,24
6164.8,34
6165.0,11
6165.3,18
6165.3,36
6165.5,3
6166.1,15
6166.5,0
6166.5,4
6166.8,6
6166.8,29
6167.0,1
6167.9,5
6168.0,21
6168.5,23
6170.0,31
6170.7,20
6170.9,28
6171.2,14
6171.9,27
6172.6,32
6172.9,2
6173.0,39
6173.3,7
6173.3,12
6175.4,25
6176.5,37
6177.0,35
6177.4,9
6177.7,29
6178.4,17
6178.7,26
6179.0,18
6179.7,33
6179.9,8
6180.0,14
6180.1,2
6180.1,5
6180.2,10
6180.5,30
6181.0,11
6181.0,15
6181.4,4
6182.2,0
6183.1,6
6184.4,20
6184.6,7
6184.7,19
6185.9,9
6186.1,28
6186.3,34
6186.7,25
6186.7,39
6187.0,16
6187.0,37
6187.6,1
6188.2,21
6189.1,36
6190.8,18
6191.2,2
6191.6,26
6192.3,27
6192.3,29
6192.4,5
6192.4,24
6192.9,20
6193.1,6
6193.2,32
6193.4,0
6193.7,3
6193.8,14
6193.9,8
6194.2,12
6194.6,35
6194.6,39
6195.1,17
6195.6,15
6196.8,7
6197.1,11
6197.1,13
6197.6,4
6200.0,31
6200.1,19
6200.2,25
6200.4,21
6200.9,28
6201.3,23
6201.7,37
6203.3,14
6203.4,9
6204.6,34
6205.4,33
6205.5,39
6205.6,20
6205.6,29
6205.9,18
6206.1,36
6206.5,2
6207.1,11
6207.4,6
6207.4,27
6208.9,1
6209.1,35
6209.3,5
6211.3,14
6211.7,37
6211.8,28
6211.9,24
6211.9,38
6212.1,0
6212.1,4
6212.2,26
6215.8,15
6215.9,25
6216.8,17
6216.8,20
6217.0,32
6217.1,16
6217.3,19
6217.4,18
6217.9,8
6217.9,39
6218.1,2
6218.2,11
6218.5,30
6218.9,29
6219.2,36
6219.3,7
6219.3,10
6219.8,9
6220.2,3
6221.4,14
6221.4,21
6221.4,27
6223.2,12
6223.3,28
6223.4,5
6223.6,4
6223.9,26
6223.9,34
6224.6,6
6225.0,37
6225.7,11
6225.8,0
6226.1,31
6227.0,35
6230.1,7
6230.2,24
6230.3,14
6230.8,23
6231.3,8
6231.6,21
6231.7,39
6231.9,3
6232.0,16
6232.4,25
6232.5,15
6233.0,2
6233.9,20
6234.0,29
6234.1,17
6235.4,18
6235.8,28
6237.5,12
6237.7,4
6238.1,9
6238.1,27
6238.5,0
6239.1,14
6239.1,32
6239.6,19
6240.3,26
6240.8,11
6241.1,1
6241.2,5
6241.8,35
6241.9,7
6242.1,36
6242.2,33
6242.2,38
6242.4,6
6242.4,21
6242.6,29
6243.8,39
6246.4,17
6247.1,28
6247.3,34
6247.9,37
6248.1,20
6248.6,25
6248.8,31
6249.2,8
6249.2,10
6249.4,15
6249.7,2
6250.4,11
6251.1,14
6251.4,26
6252.2,18
6252.5,19
6252.6,0
6252.6,13
6253.0,29
6253.6,12
6253.6,27
6254.0,39
6254.2,9
6254.2,21
6254.9,24
6255.4,30
6256.3,16
6256.7,35
6258.1,5
6258.4,28
6258.7,31
6258.8,25
6258.9,7
6259.4,33
6260.8,4
6260.9,14
6261.0,3
6261.2,6
6261.9,11
6262.7,2
6264.6,34
6264.7,37
6265.1,32
6265.6,0
6265.8,15
6265.9,36
6265.9,17
6266.5,20
6266.9,9
6267.0,26
6267.8,29
6268.4,39
6269.0,14
6269.3,8
6269.5,12
6269.6,5
6269.9,21
6270.1,1
6270.7,19
6270.8,18
6271.0,27
6271.3,24
6273.1,28
6273.2,11
6274.2,2
6275.5,25
6276.2,20
6276.3,16
6276.3,37
6277.1,35
6277.4,4
6277.6,7
6278.7,0
6280.1,14
6280.1,39
6280.2,34
6280.4,18
6280.4,26
6280.4,30
6281.6,28
6281.8,29
6282.1,33
6282.7,6
6283.0,1
6283.6,38
6283.7,15
6284.0,27
6284.4,17
6284.7,11
6284.8,9
6285.0,21
6285.2,4
6285.2,8
6286.3,2
6286.3,23
6286.4,3
6287.2,37
6287.5,5
6289.1,31
6290.3,7
6290.3,19
6290.9,24
6291.2,25
6291.8,6
6291.8,35
6292.3,39
6292.4,28
6293.2,20
6293.3,14
6293.5,29
6293.6,32
6294.2,12
6294.8,11
6296.1,26
6296.1,37
6296.8,36
6297.5,33
6298.2,0
6298.2,9
6298.2,16
6298.2,17
6298.7,15
6301.0,2
6301.5,21
6301.7,4
6301.9,34
6302.1,18
6302.5,6
6302.9,8
6302.9,14
6303.0,19
6304.0,5
6305.0,39
6306.1,29
6307.3,28
6307.8,35
6308.6,1
6308.8,25
6309.1,27
6309.7,15
6310.0,7
6310.2,11
6310.5,30
6311.1,0
6311.2,24
6311.5,13
6311.5,37
6311.8,9
6312.2,2
6312.5,32
6312.8,26
6313.2,17
6315.3,39
6315.7,20
6316.9,6
6316.9,31
6317.4,3
6317.4,14
6317.6,36
6317.7,21
6317.7,16
6317.9,5
6318.8,4
6318.9,18
6319.4,19
6319.5,12
6319.6,25
6319.8,33
6320.0,17
6320.0,28
6320.0,29
6320.1,0
6320.1,24
6320.6,2
6321.7,34
6322.8,26
6324.3,7
6324.3,11
6324.6,35
6325.7,14
6325.8,8
6325.9,25
6326.7,27
6326.9,22
6327.3,5
6327.8,39
6329.9,20
6329.9,21
6329.9,23
6330.2,2
6330.2,13
6330.3,6
6331.0,9
6331.0,26
6331.1,37
6332.4,16
6332.7,28
6333.0,34
6333.2,7
6333.3,12
6333.9,15
6334.0,25
6334.3,14
6335.0,1
6335.2,17
6336.2,18
6337.0,29
6337.4,3
6338.0,4
6338.6,32
6338.8,0
6338.9,33
6339.0,30
6339.4,19
6339.7,5
6339.9,35
6342.5,10
6342.6,11
6342.9,14
6342.9,26
6343.5,31
6344.1,39
6344.5,27
6344.8,34
6345.8,15
6346.1,25
6346.3,21
6346.5,2
6346.5,7
6346.8,17
6347.0,9
6347.3,37
6347.6,6
6347.6,20
6347.7,16
6348.1,24
6348.7,29
6348.8,26
6348.9,0
6348.9,11
6349.3,18
6349.3,19
6350.8,4
6352.6,28
6353.0,14
6353.5,5
6353.7,35
6355.7,13
6355.8,8
6355.8,21
6356.0,39
6356.2,1
6356.4,32
6356.4,38
6356.7,6
6356.8,2
6356.8,37
6357.2,36
6360.0,25
6360.1,29
6360.3,12
6360.9,17
6361.2,7
6361.8,20
6362.2,26
6362.8,15
6363.0,14
6363.3,3
6363.8,28
6364.2,27
6364.3,9
6364.6,34
6365.5,8
6365.6,24
6366.3,33
6367.5,11
6367.7,0
6367.7,2
6368.0,31
6368.3,25
6368.4,39
6368.7,35
6368.8,5
6369.2,21
6370.0,19
6370.5,23
6370.9,7
6371.5,6
6372.6,18
6372.9,26
6373.4,29
6373.6,15
6374.4,4
6374.5,37
6374.7,17
6375.1,16
6375.7,14
6376.2,34
6376.5,28
6377.1,30
6377.9,20
6378.2,10
6378.2,22
6378.4,11
6378.7,9
6379.1,12
6379.3,36
6380.5,35
6380.6,2
6381.4,27
6382.1,25
6382.4,1
6383.1,8
6384.0,0
6384.8,19
6385.5,18
6385.5,39
6385.6,31
6386.4,21
6386.8,15
6387.3,5
6387.4,29
6387.8,28
6388.8,7
6388.8,37
6389.0,26
6389.1,14
6389.6,4
6390.6,6
6390.9,9
6391.4,3
6393.3,25
6393.8,11
6394.6,2
6394.8,20
6395.0,0
6395.2,29
6395.3,14
6396.5,7
6396.5,12
6397.9,15
6397.9,21
6398.7,38
6398.8,33
6399.1,18
6399.2,16
6399.3,34
6399.5,6
6399.5,24
6399.6,39
6399.9,17
6400.3,35
6401.0,1
6401.1,27
6401.3,5
6401.8,30
6402.2,9
6402.6,25
6403.1,36
6403.4,37
6403.7,2
6403.7,28
6403.9,4
6404.8,31
6404.9,19
6405.5,11
6405.8,20
6406.5,8
6406.8,32
6408.1,29
6409.6,14
6409.8,0
6409.9,21
6410.2,7
6410.3,17
6410.4,23
6410.7,26
6411.1,34
6411.6,13
6411.6,15
6413.4,18
6413.5,9
6413.5,27
6414.3,39
6414.5,6
6414.7,28
6416.3,5
6416.8,38
6417.1,32
6417.4,16
6417.6,4
6417.6,31
6418.0,3
6418.0,11
6418.3,25
6418.5,35
6418.6,2
6418.9,29
6419.6,37
6420.8,14
6421.4,12
6421.4,20
6423.3,13
6423.5,0
6423.6,19
6423.8,39
6424.0,26
6425.2,17
6425.3,7
6425.8,28
6426.0,22
6427.0,33
6427.2,24
6427.4,9
6428.3,27
6429.5,29
6429.6,21
6429.8,11
6430.2,6
6430.7,4
6431.1,39
6431.8,15
6431.9,20
6432.2,18
6433.2,14
6433.2,37
6433.4,19
6434.3,36
6434.6,1
6435.7,17
6435.7,30
6435.9,2
6435.9,5
6435.9,16
6435.9,25
6436.0,34
6436.4,35
6437.5,0
6439.2,26
6439.3,13
6439.5,11
6439.6,31
6440.0,29
6440.3,7
6440.3,28
6441.2,18
6441.5,23
6441.7,21
6441.9,9
6442.0,4
6442.7,39
6442.9,3
6443.9,32
6444.5,20
6444.6,37
6445.6,12
6445.6,14
6445.7,33
6445.9,6
6448.0,2
6448.5,27
6449.2,25
6449.5,8
6450.0,17
6450.4,26
6450.4,15
6450.7,11
6450.7,24
6450.9,0
6451.0,5
6452.2,4
6454.5,14
6454.6,1
6455.7,21
6456.5,29
6456.8,9
6457.0,34
6458.0,19
6458.1,35
6458.2,28
6458.6,7
6459.4,30
6459.7,38
6459.8,6
6459.9,39
6460.7,37
6460.9,16
6461.7,10
6461.7,18
6461.9,2
6462.0,17
6462.4,0
6462.4,14
6462.4,31
6462.6,5
6462.6,25
6463.1,15
6464.0,36
6466.2,20
6467.9,11
6468.3,8
6469.1,26
6469.2,12
6469.3,28
6469.4,27
6469.7,18
6469.7,32
6469.8,24
6470.3,33
6470.4,39
6471.3,29
6471.8,6
6472.1,9
6472.3,4
6472.3,14
6472.3,21
6472.7,3
6473.2,25
6473.4,2
6473.4,19
6474.1,7
6474.2,34
6475.3,35
6477.4,5
6477.4,23
6477.4,31
6478.1,1
6478.1,37
6478.3,17
6478.4,28
6478.6,18
6479.3,15
6480.8,20
6481.6,14
6482.8,26
6483.6,11
6483.6,16
6484.3,12
6485.0,7
6485.1,27
6485.1,30
6485.2,34
6485.3,0
6485.8,29
6486.0,9
6486.0,39
6486.1,36
6486.4,6
6486.5,3
6486.5,25
6486.6,4
6487.1,5
6487.3,33
6487.3,2
6487.5,21
6488.8,35
6489.6,13
6490.3,14
6490.8,11
6491.3,28
6492.9,8
6493.8,20
6494.2,1
6494.3,18
6494.7,37
6495.0,15
6495.0,19
6495.2,38
6495.4,24
6495.7,2
6496.3,0
6496.3,23
6497.8,6
6498.6,26
6498.6,27
6498.6,39
6498.7,28
6499.5,25
6499.7,14
6500.6,10
6501.0,7
6501.0,19
6501.0,17
6501.2,35
6501.7,5
6502.2,9
6502.5,29
6504.9,16
6505.1,32
6505.5,34
6506.3,38
6506.4,18
6506.4,31
6506.5,20
6506.9,12
6507.1,11
6507.1,21
6507.2,3
6508.0,33
6508.5,28
6508.6,37
6508.7,1
6509.4,2
6509.4,14
6509.7,27
6509.8,36
6510.9,39
6511.1,0
6511.3,6
6511.6,4
6511.6,29
6511.7,15
6512.0,17
6512.6,30
6512.7,25
6517.1,7
6517.4,28
6517.7,26
6517.7,37
6517.7,14
6517.7,35
6517.9,5
6518.1,9
6518.4,19
6518.8,11
6518.8,21
6519.0,20
6519.1,18
6520.5,22
6520.7,2
6521.5,34
6523.1,1
6523.2,16
6523.4,39
6523.7,25
6523.8,8
6523.9,32
6524.1,0
6524.2,3
6524.2,24
6524.4,35
6524.5,29
6526.2,4
6526.2,31
6527.2,20
6527.2,15
6528.1,38
6528.9,6
6529.2,11
6529.5,14
6529.5,18
6529.8,28
6530.2,27
6531.1,26
6531.4,39
6531.8,5
6532.2,2
6533.6,37
6533.7,7
6534.4,21
6534.5,33
6534.6,23
6534.8,29
6536.0,12
6536.1,0
6536.1,19
6537.3,4
6537.3,25
6537.3,9
6538.5,6
6538.5,16
6538.8,17
6539.1,39
6539.3,26
6539.8,20
6539.9,34
6540.3,36
6540.8,28
6540.9,13
6542.1,24
6543.0,32
6543.6,11
6543.8,2
6544.1,35
6544.5,18
6544.6,14
6545.6,5
6545.8,3
6545.8,7
6546.6,37
6547.3,15
6547.5,0
6548.5,1
6548.6,8
6548.8,25
6551.3,34
6551.3,4
6552.3,31
6552.4,29
6554.4,27
6554.5,30
6554.6,11
6554.7,10
6554.9,26
6554.9,28
6554.9,33
6555.3,12
6555.4,21
6555.6,0
6555.7,35
6556.8,14
6557.9,39
6558.0,18
6558.7,6
6559.0,2
6559.2,37
6559.5,20
6559.7,17
6559.8,24
6560.4,32
6561.2,4
6561.2,19
6561.5,25
6563.5,11
6564.0,29
6564.1,5
6564.8,0
6565.3,15
6565.4,1
6565.6,26
6565.7,7
6566.0,3
6566.1,14
6566.2,8
6566.7,38
6567.0,16
6567.2,18
6568.2,9
6568.8,25
6570.9,28
6572.6,21
6572.8,29
6573.0,2
6573.0,4
6573.3,20
6573.5,6
6573.5,37
6574.0,7
6574.1,35
6574.1,39
6574.9,13
6575.3,34
6575.7,14
6576.4,23
6576.9,8
6577.7,31
6577.8,26
6577.9,36
6578.2,16
6578.4,27
6578.6,0
6579.1,17
6579.4,15
6579.6,32
6579.9,9
6579.9,11
6579.9,19
6579.9,25
6580.6,1
6580.7,5
6581.3,39
6582.8,28
6583.9,18
6584.7,6
6585.1,2
6585.2,20
6585.7,33
6585.7,38
6586.2,10
6586.2,29
6586.4,37
6586.8,11
6586.9,12
6587.9,21
6588.3,4
6588.8,30
6589.4,7
6590.7,0
6591.4,14
6591.8,1
6591.9,9
6592.2,3
6592.2,39
6592.5,15
6592.7,5
6593.0,8
6593.6,34
6593.8,31
6594.4,35
6594.6,25
6596.5,16
6596.9,19
6597.2,20
6597.8,17
6597.8,24
6597.9,4
6598.3,26
6598.4,28
6598.6,29
6598.8,37
6599.0,18
6600.1,2
6600.3,39
6600.9,14
6601.8,6
6601.9,11
6602.6,27
6603.3,9
6603.6,23
6603.8,7
6603.9,21
6605.7,20
6605.9,0
6606.3,2
6607.4,18
6607.8,36
6608.6,32
6609.2,6
6609.3,34
6609.5,4
6609.7,28
6609.8,25
6610.1,8
6610.4,19
6610.6,29
6611.2,1
6611.7,17
6612.9,14
6613.2,33
6613.5,12
6613.8,26
6613.8,35
6613.8,37
6614.1,7
6614.4,15
6615.2,5
6616.8,31
6617.5,11
6618.5,9
6618.6,30
6618.6,39
6618.7,21
6619.7,4
6619.7,27
6619.9,0
6620.0,3
6620.2,20
6620.7,29
6621.3,28
6621.4,6
6621.8,13
6622.2,2
6622.3,34
6622.4,24
6622.8,16
6623.1,35
6623.7,19
6623.8,17
6623.9,18
6624.9,26
6625.6,14
6626.3,37
6626.4,25
6627.2,38
6627.7,10
6628.0,32
6628.3,27
6628.3,36
6628.4,8
6629.0,21
6629.1,9
6629.1,12
6629.3,11
6629.5,23
6630.3,39
6633.2,4
6634.9,0
6634.9,29
6634.9,33
6635.1,2
6635.1,18
6635.4,6
6635.5,5
6635.9,7
6636.2,14
6636.3,28
6636.5,20
6637.2,25
6637.6,13
6637.8,15
6638.4,17
6639.4,19
6639.4,39
6640.9,34
6641.5,26
6641.7,16
6641.7,37
6641.8,32
6642.3,11
6642.4,31
6643.0,9
6643.6,1
6644.3,2
6644.3,15
6644.5,30
6644.8,29
6644.9,6
6644.9,14
6645.0,27
6645.1,21
6645.3,35
6645.7,18
6646.2,24
6646.2,25
6646.8,0
6647.5,3
6647.5,28
6647.8,4
6650.3,5
6651.0,39
6651.1,20
6651.2,37
6651.3,7
6652.3,33
6653.5,26
6653.6,36
6656.2,14
6656.3,10
6656.9,8
6657.4,17
6657.4,19
6657.6,12
6658.6,11
6658.7,2
6660.3,25
6660.5,15
6660.5,35
6661.1,29
6661.3,16
6661.6,27
6661.6,34
6661.7,18
6661.8,21
6662.1,9
6662.4,20
6662.9,22
6663.1,28
6664.0,6
6664.6,0
6665.8,14
6666.3,30
6666.8,39
6666.9,1
6666.9,7
6667.0,36
6667.2,4
6667.3,5
6667.4,31
6667.5,11
6667.9,37
6670.8,3
6671.4,24
6672.6,25
6673.3,21
6673.8,2
6673.8,26
6673.9,38
6674.0,28
6674.2,13
6674.2,15
6674.4,0
6674.7,35
6675.0,18
6675.1,17
6675.2,39
6675.6,27
6675.8,6
6675.9,29
6676.3,14
6676.4,11
6676.4,32
6677.1,23
6677.7,33
6677.9,8
6678.9,19
6679.8,20
6680.1,37
6680.2,34
6681.3,9
6683.9,4
6684.3,28
6684.9,7
6685.4,2
6685.5,11
6685.9,16
6686.0,5
6686.7,21
6686.9,17
6688.0,0
6688.1,12
6688.6,36
6688.7,24
6689.7,25
6689.9,14
6689.9,18
6690.5,27
6690.5,29
6691.2,20
6691.7,39
6692.0,8
6693.2,22
6693.5,26
6693.8,35
6694.3,3
6694.3,6
6694.6,15
6694.8,9
6695.0,7
6695.2,19
6695.3,30
6695.9,11
6696.9,33
6697.5,31
6698.4,4
6698.7,25
6698.9,18
6700.1,37
6701.0,14
6701.1,5
6701.7,29
6703.2,34
6703.3,1
6703.5,0
6703.6,2
6704.3,20
6704.4,28
6705.6,17
6705.9,21
6706.0,39
6706.1,16
6706.2,11
6706.3,27
6706.6,4
6706.9,15
6707.1,26
6707.8,9
6708.4,32
6708.4,37
6708.4,18
6711.4,0
6711.5,8
6711.6,6
6711.7,12
6711.7,19
6711.8,29
6712.0,14
6714.2,7
6715.1,4
6716.8,2
6717.0,35
6717.1,28
6717.2,30
6717.4,33
6717.7,39
6718.2,25
6718.3,5
6719.2,15
6719.4,36
6720.2,24
6720.4,20
6720.9,11
6720.9,14
6721.5,21
6721.6,26
6721.6,34
6721.7,3
6721.7,31
6722.8,16
6722.9,0
6722.9,13
6723.0,9
6723.5,6
6724.2,32
6724.3,37
6724.4,1
6724.4,18
6725.8,17
6727.3,2
6728.1,12
6728.8,25
6729.2,7
6729.2,27
6729.5,11
6729.6,19
6729.7,14
6729.9,29
6730.0,28
6732.5,8
6732.5,21
6732.8,31
6733.9,39
6734.1,37
6734.2,17
6734.3,5
6735.1,4
6736.6,0
6737.2,9
6737.2,16
6737.2,26
6737.4,38
6737.6,20
6738.5,2
6739.9,29
6740.3,35
6740.7,11
6741.2,14
6741.7,25
6741.8,30
6742.0,33
6742.4,37
6742.7,1
6743.2,27
6743.5,12
6743.5,18
6743.6,24
6743.7,36
6744.1,7
6744.4,15
6745.3,34
6746.0,3
6746.5,4
6746.8,21
6747.3,28
6747.5,26
6747.5,31
6748.5,14
6748.7,6
6748.9,39
6749.0,35
6750.1,23
6750.2,9
6750.6,19
6750.9,25
6751.8,37
6752.2,5
6752.5,32
6752.9,29
6753.9,2
6754.2,8
6754.4,18
6754.5,16
6754.5,27
6754.8,17
6755.0,10
6755.2,11
6755.2,13
6755.7,12
6756.0,20
6756.4,0
6756.4,7
6757.3,34
6758.5,25
6760.3,28
6761.5,6
6762.8,29
6763.0,4
6763.0,9
6763.2,19
6763.5,14
6763.5,22
6763.6,35
6763.7,15
6763.8,26
6763.8,39
6764.6,5
6765.5,21
6765.9,16
6766.0,13
6766.0,30
6766.1,18
6766.2,1
6766.2,2
6766.7,7
6766.7,37
6766.8,11
6766.8,33
6767.6,20
6768.0,31
6769.7,25
6769.7,28
6770.5,0
6772.0,3
6772.4,24
6772.5,29
6773.1,27
6773.4,32
6773.5,36
6774.0,14
6774.2,17
6774.3,12
6774.5,4
6776.0,5
6776.1,15
6776.9,34
6777.6,6
6778.0,39
6778.3,2
6778.4,26
6779.6,18
6780.3,9
6780.6,25
6780.8,21
6781.1,19
6781.3,28
6782.1,11
6782.5,1
6782.5,35
6782.6,0
6782.6,20
6783.7,7
6784.4,29
6784.8,26
6785.5,8
6785.5,37
6785.6,27
6786.3,33
6787.5,36
6787.6,4
6787.8,2
6787.9,6
6788.4,18
6788.4,39
6788.6,14
6789.4,11
6789.8,15
6789.9,5
6790.4,16
6791.4,28
6792.1,21
6792.4,20
6792.5,9
6792.8,3
6792.9,25
6795.1,19
6795.2,17
6796.6,29
6797.3,12
6798.1,0
6798.2,18
6798.3,31
6798.8,26
6798.8,35
6799.2,13
6799.7,7
6799.7,14
6799.7,23
6800.3,24
6800.4,2
6800.4,30
6800.8,34
6801.0,27
6801.0,32
6801.1,8
6801.2,20
6801.2,37
6801.9,4
6802.8,6
6802.9,39
6804.3,11
6805.2,15
6805.2,25
6805.8,28
6805.9,36
6806.1,1
6806.2,19
6807.5,5
6808.8,29
6809.3,9
6809.3,14
6809.9,16
6810.0,17
6810.3,0
6810.3,10
6810.4,21
6811.2,2
6811.5,26
6812.0,35
6812.3,33
6812.4,31
6812.8,38
6814.1,39
6814.3,27
6814.6,18
6815.2,20
6815.8,32
6817.2,7
6817.3,11
6817.7,14
6818.1,24
6818.6,25
6818.8,12
6818.8,37
6818.9,6
6819.0,30
6819.3,15
6819.5,8
6819.6,23
6820.3,34
6820.9,4
6821.2,28
6821.2,29
6822.2,16
6822.2,17
6823.3,1
6824.8,19
6825.1,2
6825.3,7
6826.5,5
6826.5,14
6826.5,20
6826.6,21
6826.7,11
6827.6,37
6827.8,35
6828.5,26
6829.2,6
6830.7,0
6830.7,3
6830.7,27
6831.9,18
6832.0,34
6832.1,31
6832.1,36
6832.2,8
6832.9,9
6833.0,25
6833.1,39
6833.4,13
6834.2,15
6834.6,28
6834.8,33
6836.5,29
6836.7,7
6837.1,24
6837.3,20
6837.8,14
6837.9,22
6838.2,4
6838.3,16
6838.5,2
6838.6,17
6838.7,11
6839.3,21
6842.2,37
6842.4,6
6843.3,5
6844.4,35
6844.6,19
6844.8,10
6845.1,0
6845.2,18
6845.2,32
6845.2,36
6845.4,1
6845.4,25
6845.5,12
6845.6,3
6846.0,9
6846.0,39
6846.5,26
6846.6,30
6847.6,8
6848.5,14
6848.9,4
6849.3,28
6850.7,27
6850.8,15
6851.0,11
6851.5,29
6851.7,20
6851.9,13
6852.2,17
6852.2,34
6852.6,25
6852.9,2
6853.2,37
6854.6,7
6855.1,9
6855.4,5
6856.3,18
6857.2,39
6858.9,21
6859.0,0
6859.2,16
6859.5,28
6859.8,6
6860.1,33
6860.2,14
6860.5,24
6860.6,19
6860.6,26
6860.6,32
6861.7,4
6862.0,31
6864.4,20
6864.9,23
6865.1,36
6865.2,11
6865.8,9
6866.5,35
6867.3,29
6867.4,15
6867.7,2
6868.7,37
6870.8,27
6871.0,30
6872.0,25
6873.2,28
6873.3,14
6873.4,39
6873.5,34
6873.6,19
6873.9,12
6874.0,17
6874.1,3
6874.9,0
6875.3,21
6875.5,5
6875.8,26
6875.8,35
6876.1,6
6876.1,18
6876.6,10
6877.0,15
6878.3,4
6878.3,20
6878.4,2
6878.6,1
6878.8,13
6878.9,31
6879.1,36
6879.2,8
6879.5,11
6881.5,9
6881.8,37
6882.2,14
6882.3,7
6882.8,33
6883.5,18
6884.8,29
6885.2,24
6885.5,25
6886.1,6
6886.6,26
6886.9,32
6887.3,5
6887.6,38
6887.6,39
6887.8,27
6888.1,20
6888.2,35
6888.4,0
6889.1,17
6889.3,28
6889.8,14
6891.2,2
6894.0,4
6894.0,23
6894.1,19
6894.1,37
6894.2,36
6894.4,3
6895.1,9
6895.5,7
6896.7,11
6897.8,16
6897.9,8
6898.2,5
6898.3,15
6898.3,29
6898.5,21
6898.6,30
6898.9,34
6899.5,28
6899.8,20
6899.9,33
6901.1,0
6901.3,14
6901.4,18
6902.1,25
6902.1,37
6903.0,27
6903.4,10
6904.2,26
6904.5,39
6904.8,2
6905.1,4
6905.2,35
6905.9,17
6907.2,11
6907.4,6
6907.5,13
6907.5,32
6908.3,8
6908.4,12
6908.7,29
6909.3,9
6909.9,16
6910.1,5
6911.1,14
6911.6,7
6912.6,0
6912.6,1
6912.8,24
6913.4,25
6914.4,19
6914.6,21
6915.4,18
6915.4,20
6916.5,28
6917.5,31
6917.6,15
6917.8,34
6918.2,33
6918.7,4
6919.4,2
6919.5,11
6919.5,27
6919.6,26
6919.8,39
6920.0,9
6920.1,36
6920.6,14
6921.0,8
6922.1,37
6925.0,3
6925.3,6
6925.6,23
6925.7,35
6926.5,29
6926.7,5
6926.7,12
6926.7,19
6927.0,21
6927.2,0
6927.6,2
6927.7,28
6927.8,25
6928.8,20
6928.9,13
6928.9,17
6929.0,11
6929.8,39
6930.0,7
6930.4,14
6930.4,26
6932.4,18
6932.8,4
6933.1,1
6933.1,31
6934.0,34
6934.2,16
6934.8,6
6934.8,27
6935.6,15
6935.9,37
6936.6,29
6937.1,30
6937.4,9
6937.4,28
6937.4,32
6938.5,26
6938.7,21
6939.1,11
6939.1,25
6939.2,24
6940.3,14
6941.1,22
6941.9,35
6942.0,0
6942.2,2
6942.4,3
6942.8,5
6943.0,8
6944.0,19
6944.2,18
6945.3,7
6945.5,20
6945.8,38
6946.0,4
6946.4,36
6946.8,17
6946.8,29
6946.9,39
6947.2,27
6948.3,12
6948.5,6
6949.3,28
6949.6,21
6950.0,33
6950.6,14
6950.9,10
6950.9,37
6952.0,26
6952.4,0
6952.8,34
6953.2,11
6954.3,15
6954.4,1
6955.2,2
6955.2,25
6956.1,18
6956.2,9
6956.6,39
6957.7,31
6958.0,35
6958.7,20
6958.9,6
6959.0,4
6959.6,8
6960.0,14
6960.3,30
6961.4,29
6961.7,17
6962.4,19
6962.9,5
6962.9,37
6963.2,24
6963.6,26
6963.7,32
6964.8,7
6964.8,33
6965.1,25
6966.3,11
6966.8,28
6967.4,21
6968.1,15
6968.1,16
6968.2,27
6968.6,34
6969.2,12
6969.6,2
6969.6,3
6970.2,8
6970.6,4
6970.6,14
6970.9,36
6971.0,20
6971.3,0
6971.4,29
6971.8,39
6972.4,9
6975.3,23
6975.4,26
6975.5,19
6975.6,6
6976.6,17
6976.9,11
6977.1,37
6977.6,5
6977.6,18
6978.2,7
6978.5,20
6978.6,1
6979.3,35
6980.7,14
6981.4,28
6981.6,25
6981.7,33
6981.8,2
6983.1,39
6983.5,12
6983.7,11
6983.9,30
6984.0,34
6984.6,29
6984.9,21
6985.1,4
6985.2,0
6985.7,9
6986.2,15
6986.6,18
6986.6,26
6987.0,16
6987.7,19
6987.7,36
6989.6,37
6989.7,8
6990.6,13
6993.4,5
6993.8,6
6994.0,14
6994.5,21
6994.6,20
6995.2,11
6995.3,27
6995.5,32
6996.0,0
6996.2,34
6996.5,17
6996.5,25
6996.5,31
6996.8,35
6997.2,24
6997.4,28
6997.5,39
6997.9,18
6998.0,4
6998.2,3
6998.5,2
6998.5,30
6998.9,26
6999.6,9
6999.7,15
7000.1,29
7000.7,37
7004.0,14
7004.5,7
7004.7,1
7005.6,33
7005.9,5
7006.7,12
7006.8,34
7006.8,36
7007.2,19
7007.3,29
7007.5,2
7007.8,23
7008.0,16
7008.0,39
7008.2,25
7008.3,8
7008.7,38
7008.9,26
7009.1,20
7009.3,37
7009.4,18
7009.8,10
7009.8,27
7010.2,6
7011.3,28
7011.7,17
7012.4,4
7013.2,11
7013.9,35
7014.4,0
7015.1,21
7015.5,9
7016.1,15
7016.2,14
7016.5,22
7016.7,7
7017.2,13
7017.3,30
7017.4,32
7018.2,5
7019.1,29
7020.0,37
7020.4,2
7021.4,25
7021.8,20
7022.3,24
7022.3,39
7023.1,28
7023.4,14
7023.6,3
7023.9,31
7024.5,19
7024.7,27
7025.2,32
7025.5,18
7025.5,26
7026.2,12
7026.5,4
7028.1,17
7028.2,0
7028.3,6
7028.3,16
7028.8,15
7028.9,8
7029.1,33
7029.2,36
7029.3,39
7029.6,9
7029.6,11
7030.3,5
7030.6,29
7030.8,21
7033.9,37
7034.6,2
7034.6,23
7034.8,34
7035.0,25
7035.1,20
7035.2,35
7035.7,1
7035.7,27
7035.8,26
7036.1,17
7036.6,28
7037.7,14
7038.4,18
7039.0,7
7040.8,11
7041.8,4
7043.3,39
7043.5,24
7043.6,19
7043.7,2
7043.9,31
7044.0,29
7044.1,6
7045.1,30
7045.3,10
7045.3,14
7045.4,9
7045.5,5
7045.5,16
7046.2,25
7046.8,28
7047.1,0
7050.2,8
7050.5,21
7050.5,26
7051.5,20
7052.0,33
7053.3,15
7053.4,4
7053.7,27
7053.7,37
7054.2,12
7054.2,17
7054.2,18
7054.3,3
7055.2,35
7055.4,7
7056.0,38
7056.1,32
7057.2,29
7057.6,5
7058.0,6
7058.4,16
7058.7,11
7059.0,39
7059.9,14
7060.4,34
7060.6,25
7060.7,2
7060.7,9
7060.7,13
7060.8,17
7060.8,36
7061.9,27
7062.0,1
7062.0,21
7063.6,28
7063.8,24
7064.5,20
7064.8,37
7065.0,23
7065.6,7
7065.8,26
7065.8,31
7066.4,5
7066.6,4
7066.6,19
7066.7,15
7066.7,29
7067.5,0
7067.5,39
7067.7,18
7068.5,11
7070.0,14
7070.3,6
7071.4,17
7073.8,33
7074.0,25
7074.1,8
7074.4,34
7074.4,35
7074.5,2
7074.6,9
7074.6,27
7074.8,30
7075.3,32
7075.4,10
7076.0,14
7076.4,28
7076.6,4
7076.8,5
7077.0,22
7077.1,20
7077.6,12
7078.5,18
7078.6,21
7078.9,39
7079.4,11
7079.7,26
7080.1,0
7081.7,37
7082.1,29
7083.6,1
7083.6,7
7084.1,36
7084.2,16
7085.0,25
7085.4,19
7085.6,31
7086.7,6
7087.3,9
7087.5,15
7087.7,17
7088.2,2
7088.8,3
7089.1,28
7089.6,4
7089.7,20
7089.9,8
7089.9,14
7090.2,27
7090.3,24
7090.6,12
7090.6,37
7090.7,18
7090.9,13
7091.2,39
7091.4,34
7091.6,11
7092.1,29
7092.7,33
7093.2,23
7095.3,25
7096.6,35
7097.1,5
7097.3,21
7097.4,26
7097.7,15
7098.3,0
7098.7,36
7099.4,11
7099.8,2
7099.8,14
7100.5,20
7101.5,9
7101.6,37
7101.8,19
7102.1,31
7102.4,6
7104.4,32
7104.8,29
7105.0,16
7106.4,38
7106.7,28
7106.9,27
7107.0,39
7107.2,17
7107.3,4
7107.3,18
7107.6,35
7107.9,1
7108.1,33
7108.9,0
7109.5,25
7109.6,34
7110.0,9
7110.1,2
7110.9,14
7111.3,5
7111.4,7
7112.4,26
7113.0,13
7113.0,37
7114.2,39
7115.1,20
7115.6,6
7115.9,21
7116.4,31
7117.6,24
7117.9,17
7118.0,11
7118.6,16
7119.0,12
7119.3,22
7119.4,36
7119.6,15
7119.7,23
7120.1,30
7120.2,2
7120.6,8
7120.8,14
7121.4,26
7122.4,9
7122.8,7
7123.3,28
7123.6,4
7124.0,33
7124.3,18
7124.7,10
7125.8,21
7125.8,35
7126.1,37
7126.4,20
7126.5,25
7127.1,27
7127.3,11
7127.5,1
7127.5,34
7128.0,5
7128.6,39
7128.7,29
7128.8,19
7129.0,0
7129.8,32
7131.6,6
7132.5,28
7132.7,8
7133.2,4
7133.3,16
7133.4,30
7133.6,14
7133.7,17
7133.7,26
7134.1,2
7135.0,15
7135.4,7
7135.4,21
7136.1,9
7137.0,3
7137.3,0
7137.8,27
7138.7,12
7138.9,19
7139.6,18
7140.3,25
7140.5,29
7140.6,11
7140.7,39
7141.1,37
7141.6,5
7141.6,35
7142.6,26
7143.6,14
7145.0,6
7145.1,2
7145.5,13
7145.5,24
7145.6,33
7145.9,32
7145.9,20
7145.9,31
7147.3,0
7147.5,36
7147.8,4
7149.2,23
7150.3,9
7150.6,17
7151.1,15
7151.6,28
7151.7,7
7151.8,3
7152.1,37
7152.4,16
7152.7,29
7152.8,5
7153.1,6
7153.1,34
7153.3,26
7153.4,11
7153.5,18
7153.8,25
7154.2,21
7155.0,14
7155.3,8
7155.6,35
7155.7,4
7155.8,39
7156.3,27
7157.8,2
7158.1,20
7159.4,33
7160.6,19
7161.1,5
7161.5,0
7161.7,10
7162.0,1
7162.0,21
7163.2,7
7163.2,29
7163.2,39
7163.3,9
7163.4,31
7163.4,38
7163.5,18
7163.7,34
7164.1,6
7164.5,12
7165.7,14
7166.3,35
7166.7,24
7167.0,15
7167.4,28
7167.9,22
7167.9,25
7168.5,11
7169.3,32
7169.7,16
7170.3,26
7170.5,37
7171.8,21
7172.1,20
7172.2,27
7172.5,8
7172.8,2
7172.8,4
7173.2,0
7174.7,7
7174.9,36
7175.2,19
7175.7,31
7176.2,14
7177.0,11
7177.3,29
7177.7,18
7179.0,39
7179.1,17
7179.7,12
7180.3,4
7180.3,6
7180.4,25
7180.7,5
7181.3,28
7182.1,0
7182.3,3
7182.3,34
7184.0,13
7184.8,1
7185.0,33
7185.2,2
7185.5,9
7186.0,14
7186.3,37
7187.1,35
7187.5,20
7187.8,21
7188.3,29
7189.4,7
7190.2,26
7190.8,8
7190.9,32
7191.7,11
7191.8,15
7191.9,18
7192.0,34
7192.0,16
7192.0,22
7192.2,19
7192.7,6
7192.8,39
7192.9,27
7193.1,36
7193.4,4
7193.9,17
7194.0,12
7194.2,5
7194.2,14
7194.3,9
7194.4,28
7194.5,24
7195.9,33
7196.2,0
7197.4,2
7198.1,1
7198.2,25
7199.4,29
7199.7,37
7201.3,11
7201.3,32
7201.4,20
7201.9,30
7202.3,18
7202.4,7
7202.6,38
7203.1,3
7204.3,14
7204.6,21
7204.9,26
7205.2,35
7205.7,31
7206.0,15
7206.9,8
7208.3,6
7208.3,23
7208.4,39
7208.4,5
7208.6,12
7209.0,9
7209.0,34
7209.1,2
7209.6,17
7209.6,29
7210.4,25
7211.0,4
7211.0,14
7211.2,28
7211.2,36
7211.5,0
7211.6,18
7211.6,24
7212.7,11
7212.8,13
7212.8,19
7216.0,37
7216.4,20
7216.7,27
7217.0,33
7217.3,1
7217.6,14
7217.8,21
7218.3,7
7218.7,3
7221.4,16
7222.6,5
7222.7,6
7222.8,2
7222.8,26
7223.6,28
7223.6,35
7223.7,11
7223.8,39
7224.4,0
7224.5,17
7224.9,29
7225.2,18
7225.4,15
7225.7,34
7225.8,24
7225.8,25
7229.0,19
7229.6,14
7230.7,20
7230.9,4
7231.2,23
7231.3,30
7231.7,9
7231.7,32
7232.4,18
7232.5,31
7232.8,8
7232.9,11
7233.0,37
7233.1,2
7233.4,13
7233.5,39
7233.8,7
7233.8,10
7234.1,25
7234.6,35
7234.7,29
7234.8,12
7235.3,28
7235.9,14
7236.7,15
7237.6,3
7237.7,21
7238.0,1
7238.7,26
7238.9,0
7240.8,34
7241.2,27
7242.2,6
7242.3,36
7242.4,5
7243.1,33
7244.1,17
7244.2,2
7244.6,39
7245.4,37
7245.6,4
7246.7,25
7246.7,29
7246.8,38
7246.8,19
7247.0,11
7247.5,18
7248.9,28
7249.4,26
7249.5,7
7249.7,8
7249.7,20
7249.8,15
7249.8,16
7251.1,9
7252.1,14
7252.2,0
7252.7,35
7253.2,32
7254.2,39
7254.3,31
7255.1,6
7255.3,17
7255.7,5
7256.3,1
7256.3,24
7256.5,11
7256.5,21
7257.2,18
7258.0,34
7258.7,12
7258.9,2
7259.6,37
7259.7,7
7259.7,23
7260.2,25
7260.8,14
7261.5,29
7261.6,4
7262.3,30
7263.0,20
7263.4,15
7263.6,26
7263.8,28
7264.0,33
7264.3,27
7264.5,0
7265.0,39
7265.2,8
7266.2,17
7267.1,21
7267.4,6
7267.8,11
7268.5,9
7269.1,35
7269.3,18
7269.6,14
7269.7,31
7270.0,25
7270.6,2
7270.6,7
7270.9,37
7271.5,29
7271.6,3
7274.5,32
7274.7,19
7275.0,36
7275.1,28
7275.7,5
7275.9,13
7275.9,15
7276.0,0
7278.3,20
7279.1,16
7279.8,27
7280.7,12
7280.9,14
7281.0,7
7281.0,11
7281.3,2
7281.3,39
7281.4,25
7281.6,4
7281.8,38
7282.2,21
7282.4,26
7282.8,34
7283.5,1
7284.2,9
7284.2,29
7285.0,28
7285.1,6
7286.5,23
7286.8,18
7287.5,0
7287.8,24
7288.2,8
7288.8,15
7288.8,35
7289.1,17
7289.7,30
7289.7,37
7289.9,2
7290.0,39
7290.5,14
7290.9,11
7290.9,33
7293.5,19
7294.0,36
7294.3,26
7295.0,32
7295.4,5
7295.6,15
7295.9,20
7296.2,6
7296.2,28
7296.7,29
7297.0,31
7298.4,25
7298.6,12
7298.9,1
7298.9,18
7300.0,22
7300.1,4
7300.2,9
7300.3,8
7300.5,7
7300.5,16
7300.9,3
7300.9,17
7301.2,14
7301.2,21
7301.2,38
7301.2,39
7301.3,33
7301.9,11
7302.0,0
7302.0,2
7304.6,35
7307.8,28
7308.0,30
7308.1,20
7308.2,5
7308.2,27
7308.2,37
7308.6,26
7310.0,24
7310.3,21
7310.4,34
7311.1,14
7313.5,29
7313.8,9
7313.8,18
7313.8,25
7313.9,6
7314.3,8
7314.7,12
7314.7,32
7314.8,17
7314.8,19
7315.6,0
7315.6,2
7315.6,4
7315.7,26
7316.2,39
7316.3,13
7317.4,11
7318.8,35
7320.0,15
7320.7,37
7321.8,29
7322.8,7
7322.8,27
7323.4,28
7323.5,14
7323.6,30
7323.8,16
7324.0,5
7324.2,36
7324.3,23
7324.4,3
7325.5,9
7325.8,31
7327.0,25
7327.2,6
7327.2,33
7327.3,20
7327.7,4
7328.3,24
7328.6,2
7328.6,34
7328.7,1
7329.4,0
7329.4,39
7329.8,18
7330.9,17
7331.0,19
7331.1,21
7332.9,11
7333.2,37
7333.6,6
7333.7,26
7334.4,14
7334.8,29
7335.4,35
7335.9,32
7336.6,28
7336.7,8
7336.7,15
7337.1,9
7337.3,5
7337.6,27
7338.8,17
7339.6,3
7339.7,34
7340.7,2
7341.4,7
7342.1,20
7342.5,4
7342.8,30
7343.0,39
7343.6,38
7343.7,0
7343.7,25
7344.0,21
7344.6,16
7344.7,29
7344.9,37
7345.0,18
7345.3,14
7345.6,26
7345.8,23
7347.1,28
7347.8,12
7348.1,19
7349.1,6
7349.4,35
7351.1,11
7351.2,1
7351.4,24
7351.6,13
7352.2,27
7352.4,2
7352.5,21
7353.0,15
7353.0,36
7354.2,0
7354.2,4
7354.5,39
7356.2,17
7356.3,29
7356.4,14
7356.4,26
7357.3,20
7357.4,25
7357.7,34
7358.6,31
7359.6,9
7359.8,3
7360.1,7
7360.1,18
7360.4,5
7360.7,32
7361.7,33
7362.6,2
7362.7,12
7363.5,6
7363.5,21
7363.6,8
7363.6,16
7363.7,28
7363.8,38
7364.9,39
7365.7,37
7365.8,11
7366.4,19
7367.7,15
7367.8,0
7367.9,4
7368.1,36
7368.3,14
7368.4,35
7368.6,25
7368.8,23
7369.8,10
7369.8,20
7371.0,26
7373.6,2
7373.6,9
7373.6,17
7373.7,29
7375.0,12
7375.2,27
7375.3,18
7375.6,1
7376.6,6
7377.3,34
7378.2,16
7378.4,0
7379.0,28
7379.1,20
7379.5,24
7379.8,7
7379.8,13
7379.9,19
7380.0,37
7380.2,39
7380.3,32
7380.4,33
7380.8,21
7382.2,30
7383.9,4
7384.1,11
7384.4,35
7384.8,26
7385.3,29
7386.1,25
7386.4,14
7386.5,12
7387.3,0
7387.3,8
7387.5,36
7387.8,31
7388.0,5
7388.0,18
7388.3,2
7389.4,28
7392.4,7
7393.1,34
7393.2,3
7393.4,11
7393.8,15
7393.8,23
7394.0,14
7394.1,20
7394.2,29
7394.5,6
7394.6,17
7394.6,33
7394.7,22
7395.0,39
7395.7,21
7396.1,35
7397.7,16
7397.7,19
7397.8,26
7397.9,9
7399.7,32
7399.9,37
7400.5,18
7400.9,8
7401.4,5
7401.7,24
7401.9,14
7402.1,28
7402.3,38
7403.3,2
7403.3,25
7405.5,20
7406.1,27
7406.8,4
7406.9,17
7407.5,36
7408.0,15
7408.1,7
7408.2,29
7408.3,39
7408.4,6
7408.4,30
7409.6,13
7409.9,12
7411.0,11
7411.1,0
7412.5,19
7413.4,37
7413.5,28
7413.7,14
7413.7,26
7413.7,32
7413.9,18
7414.0,5
7414.0,9
7414.6,31
7414.8,25
7415.0,34
7417.6,35
7417.9,21
7419.2,27
7419.4,20
7419.6,11
7420.4,29
7420.6,7
7421.1,24
7421.2,2
7421.4,17
7421.7,39
7421.8,0
7422.3,33
7422.5,6
7423.2,14
7423.3,25
7423.5,4
7424.0,1
7425.8,30
7425.8,36
7426.2,10
7426.2,18
7426.3,38
7427.8,8
7427.8,28
7428.9,37
7429.5,9
7430.1,5
7430.2,19
7430.4,12
7430.6,15
7430.6,16
7430.9,20
7431.3,6
7432.1,39
7432.6,7
7433.4,14
7433.5,2
7433.5,26
7433.7,29
7434.2,34
7434.7,11
7436.5,22
7436.5,33
7436.6,35
7436.7,21
7436.8,36
7436.9,25
7437.4,37
7437.9,17
7438.1,0
7438.4,13
7439.1,27
7439.2,4
7439.3,28
7441.2,24
7441.6,31
7442.0,32
7442.5,1
7442.5,3
7443.0,8
7443.6,26
7443.7,6
7444.2,9
7444.5,11
7445.0,34
7445.3,15
7445.6,2
7446.5,18
7446.5,39
7447.2,14
7447.4,16
7447.4,30
7447.9,27
7448.5,25
7449.2,5
7449.5,35
7450.3,29
7451.8,17
7452.1,20
7452.5,39
7453.5,0
7453.9,7
7454.4,21
7454.5,26
7454.6,38
7454.9,19
7455.0,2
7455.0,4
7455.0,37
7455.2,12
7455.4,28
7455.7,9
7455.7,23
7457.0,14
7457.5,1
7458.2,11
7459.3,18
7459.8,15
7460.1,25
7460.2,10
7460.2,33
7462.2,34
7462.7,2
7463.9,31
7464.3,29
7464.4,4
7464.4,22
7464.5,6
7464.7,36
7464.9,21
7464.9,37
7465.2,5
7465.3,26
7465.5,20
7465.5,27
7465.6,14
7465.6,28
7466.1,17
7466.8,0
7470.1,11
7470.2,9
7470.2,32
7470.5,16
7470.7,39
7470.8,18
7471.8,35
7472.3,12
7473.7,25
7473.9,21
7474.1,2
7474.8,28
7474.9,24
7475.1,19
7475.7,37
7475.8,17
7476.1,1
7476.2,23
7476.2,27
7476.4,8
7477.0,36
7478.0,15
7478.1,26
7478.2,33
7478.3,20
7478.4,0
7478.4,14
7478.6,30
7480.4,11
7480.6,4
7480.8,7
7482.8,13
7483.0,5
7483.6,16
7483.6,35
7483.8,34
7484.0,29
7484.3,19
7484.3,39
7484.5,17
7485.1,9
7486.1,37
7486.6,2
7486.8,21
7486.8,25
7487.8,18
7487.8,31
7488.1,14
7488.2,6
7488.8,12
7489.0,26
7489.5,3
7489.6,38
7490.6,28
7493.4,0
7494.1,33
7495.1,15
7495.8,30
7495.9,11
7496.2,4
7496.2,37
7496.4,39
7496.7,2
7497.2,14
7497.2,35
7497.4,20
7498.0,29
7498.1,7
7498.7,17
7498.7,24
7499.3,1
7499.5,21
7499.6,25
7499.8,9
7499.9,27
7500.7,5
7500.7,19
7502.1,28
7502.4,36
7502.8,26
7503.1,18
7503.5,32
7503.8,34
7503.9,8
7504.0,14
7504.2,11
7504.3,37
7505.2,6
7505.4,31
7505.6,0
7507.0,15
7508.0,39
7508.4,4
7509.1,2
7510.2,17
7510.6,29
7510.7,20
7510.9,23
7511.6,7
7512.1,35
7512.2,6
7513.1,18
7513.2,12
7513.5,9
7513.6,11
7513.9,30
7514.6,8
7515.0,14
7515.2,37
7515.3,33
7515.4,28
7516.2,39
7518.6,21
7519.2,5
7519.5,31
7519.9,10
7519.9,16
7519.9,22
7520.6,26
7520.6,27
7520.8,25
7521.6,1
7521.7,0
7522.0,3
7522.4,14
7523.2,17
7523.2,35
7523.2,38
7523.4,6
7523.6,29
7525.4,15
7525.5,4
7525.5,19
7525.5,20
7525.7,34
7526.2,32
7526.8,2
7527.8,18
7528.0,7
7528.4,36
7528.6,8
7528.7,9
7528.7,28
7528.8,11
7529.1,24
7529.7,33
7530.2,39
7531.1,37
7531.9,12
7532.5,14
7533.5,26
7535.3,1
7535.7,21
7535.9,5
7536.0,30
7536.1,29
7536.4,17
7536.5,0
7536.8,11
7537.0,8
7537.1,25
7537.2,27
7538.1,13
7540.1,14
7540.4,6
7540.4,9
7541.0,20
7541.6,38
7541.8,2
7541.9,34
7542.6,19
7542.6,35
7542.8,32
7542.9,4
7542.9,28
7543.8,39
7544.3,15
7544.6,18
7544.8,33
7545.0,16
7546.5,26
7546.5,29
7546.5,31
7546.8,37
7548.3,7
7548.9,5
7550.4,14
7551.0,12
7551.3,11
7551.3,25
7551.8,2
7552.1,0
7552.7,1
7552.7,24
7553.1,27
7553.2,17
7553.3,10
7553.4,28
7554.9,15
7555.9,21
7556.3,39
7556.3,31
7556.5,23
7556.6,29
7557.3,3
7557.3,9
7557.6,6
7558.7,20
7558.9,18
7559.5,14
7559.7,22
7559.7,26
7559.8,5
7559.9,8
7560.4,37
7560.8,35
7561.5,19
7562.4,11
7563.8,30
7564.8,24
7564.8,25
7564.8,29
7564.9,16
7565.2,4
7565.4,34
7565.5,0
7566.4,1
7566.4,39
7566.6,21
7567.7,12
7567.7,17
7568.1,2
7568.2,7
7568.5,33
7568.8,36
7569.5,9
7569.7,5
7570.7,27
7571.0,26
7571.8,28
7572.2,32
7572.4,14
7572.7,6
7573.2,11
7574.2,22
7575.1,37
7575.8,35
7575.9,31
7576.1,18
7576.5,38
7576.5,39
7576.6,25
7576.7,4
7577.8,21
7577.9,34
7578.2,0
7578.3,15
7578.3,20
7578.6,8
7578.9,26
7579.7,13
7581.0,29
7581.4,14
7582.4,24
7582.6,7
7582.8,23
7583.1,1
7583.1,2
7583.5,6
7584.0,17
7584.5,19
7584.6,5
7584.7,3
7585.0,37
7585.1,9
7585.6,11
7586.9,16
7588.0,35
7589.0,18
7589.4,20
7589.4,28
7590.6,4
7590.6,12
7591.0,39
7591.2,0
7591.3,27
7591.3,29
7591.6,30
7591.8,31
7592.6,21
7593.4,17
7594.0,34
7594.1,5
7594.4,26
7594.7,25
7594.8,33
7595.5,37
7595.7,14
7598.5,6
7598.8,2
7599.7,19
7600.3,11
7600.7,28
7600.8,36
7601.1,9
7601.2,32
7601.5,15
7602.1,20
7604.0,26
7604.3,29
7604.9,7
7605.5,0
7605.8,18
7606.2,14
7606.3,35
7606.3,39
7606.4,4
7607.6,37
7608.1,27
7608.5,21
7609.7,2
7610.0,25
7610.1,16
7610.6,10
7610.7,20
7611.7,11
7611.7,24
7611.9,6
7612.0,17
7612.0,34
7612.4,3
7612.6,5
7613.9,30
7614.2,0
7615.0,7
7615.3,18
7615.8,13
7616.5,1
7616.8,31
7616.9,28
7617.0,14
7617.5,39
7617.7,35
7617.8,19
7618.0,9
7618.4,12
7618.7,26
7618.8,29
7620.1,21
7620.2,8
7620.6,20
7620.6,34
7621.8,15
7622.0,25
7622.1,4
7622.3,33
7622.4,32
7622.6,36
7624.3,2
7625.7,27
7625.9,5
7625.9,38
7626.1,37
7626.2,6
7626.3,24
7627.4,14
7628.2,11
7628.5,7
7628.8,17
7629.2,16
7630.0,22
7630.0,29
7630.3,28
7630.5,25
7630.6,21
7631.6,19
7632.4,1
7632.4,35
7632.8,0
7633.6,10
7635.6,26
7635.7,20
7636.3,11
7636.6,39
7637.1,12
7637.2,37
7637.3,18
7637.6,36
7637.7,15
7640.5,21
7640.6,34
7641.5,2
7642.0,6
7642.4,31
7642.9,4
7643.0,9
7643.0,25
7643.8,27
7644.6,7
7644.8,28
7644.9,14
7644.9,15
7645.3,3
7645.5,19
7645.5,32
7645.7,0
7646.4,23
7646.5,5
7646.6,26
7646.9,8
7647.0,17
7647.3,39
7647.9,29
7648.9,37
7649.3,20
7649.3,33
7650.2,2
7653.1,35
7653.5,11
7653.7,9
7653.8,4
7653.8,10
7653.8,24
7654.2,0
7654.4,14
7654.8,18
7655.6,1
7656.6,13
7656.7,21
7656.8,28
7657.1,7
7657.1,31
7657.3,25
7657.4,16
7657.5,26
7657.5,30
7657.5,34
7657.8,2
7658.2,6
7658.3,12
7658.9,19
7659.2,37
7659.9,29
7662.3,27
7662.8,0
7663.4,8
7663.5,11
7663.8,5
7664.0,39
7664.1,20
7664.1,25
7664.5,22
7664.6,17
7665.9,34
7666.5,18
7667.1,32
7667.6,28
7667.9,2
7668.3,38
7668.7,37
7669.8,14
7669.9,7
7670.8,6
7670.8,9
7670.8,12
7670.8,26
7671.3,4
7671.3,15
7671.3,24
7671.6,0
7672.5,11
7672.8,39
7673.9,21
7675.5,29
7676.1,19
7676.1,27
7676.2,16
7676.2,17
7676.6,23
7676.7,35
7676.7,36
7677.2,31
7677.5,20
7677.7,5
7678.1,33
7679.1,3
7679.3,2
7679.7,8
7679.7,28
7679.8,25
7681.0,1
7681.2,18
7681.5,14
7682.4,6
7683.1,15
7683.3,9
7683.7,0
7684.3,29
7685.0,37
7685.1,34
7685.2,39
7687.0,11
7687.8,26
7688.1,19
7688.9,30
7689.4,14
7690.1,31
7690.7,15
7690.9,5
7691.5,2
7691.7,4
7692.0,6
7692.3,17
7692.6,20
7692.8,25
7693.0,7
7693.2,1
7693.7,12
7693.9,16
7693.9,24
7693.9,35
7694.7,18
7695.0,28
7695.0,36
7695.2,21
7695.5,39
7696.2,9
7696.3,0
7697.1,13
7697.1,37
7698.5,29
7698.5,32
7698.5,33
7699.2,11
7700.5,28
7700.6,14
7700.7,26
7701.5,35
7701.6,27
7702.2,34
7704.0,18
7704.1,2
7704.7,5
7705.0,8
7705.2,15
7706.3,22
7706.4,17
7706.7,39
7706.9,19
7707.1,20
7707.3,21
7707.5,29
7707.7,6
7707.7,11
7707.9,3
7710.5,9
7710.5,14
7711.2,0
7711.9,4
7713.7,2
7714.0,16
7715.5,7
7716.1,33
7716.2,25
7717.0,26
7717.1,31
7717.1,39
7717.2,37
7717.3,36
7717.4,5
7718.0,1
7718.5,10
7718.5,18
7718.5,20
7718.8,24
7718.9,12
7719.0,11
7719.0,28
7719.0,35
7719.2,32
7719.6,29
7720.8,14
7721.1,15
7721.7,8
7721.7,30
7722.1,27
7724.2,21
7725.8,9
7725.8,17
7726.0,34
7726.1,19
7726.7,3
7726.7,4
7727.0,25
7727.2,5
7728.1,6
7728.1,33
7729.0,2
7729.1,14
7729.2,0
7729.4,7
7729.7,35
7731.2,26
7731.6,39
7732.0,18
7732.2,11
7732.4,20
7732.5,28
7732.5,29
7732.7,1
7732.8,37
7733.4,8
7733.8,21
7735.4,12
7736.5,16
7737.1,27
7737.2,15
7737.3,0
7738.4,5
7738.6,13
7738.7,23
7738.7,25
7739.4,14
7739.7,4
7739.9,30
7740.3,39
7741.0,17
7741.6,9
7741.6,34
7742.3,2
7742.3,36
7743.2,11
7743.6,19
7743.8,6
7744.3,24
7744.4,31
7744.6,20
7744.7,7
7745.3,29
7745.4,26
7745.6,18
7745.9,33
7746.2,32
7746.8,28
7747.3,37
7747.7,25
7747.7,35
7748.4,21
7748.8,3
7749.1,1
7751.8,0
7752.3,14
7753.4,16
7753.7,4
7753.7,9
7755.0,39
7755.5,5
7755.5,38
7755.9,27
7756.0,15
7756.2,2
7756.2,8
7756.8,17
7756.8,29
7759.3,25
7759.7,7
7759.8,34
7760.0,18
7760.0,19
7760.0,37
7760.2,11
7760.2,26
7760.4,28
7760.5,36
7761.6,21
7761.7,14
7762.2,20
7763.0,33
7764.8,15
7765.8,39
7765.9,6
7766.0,0
7766.3,5
7766.8,35
7767.0,12
7767.3,9
7768.2,2
7768.4,29
7768.7,34
7768.8,24
7769.5,32
7769.6,14
7770.6,4
7770.8,1
7773.2,28
7773.4,16
7773.6,26
7773.9,0
7773.9,17
7774.2,21
7774.4,30
7774.5,25
7774.6,37
7774.7,3
7775.1,18
7775.4,19
7775.7,11
7775.8,31
7776.5,39
7777.2,20
7777.5,15
7778.0,8
7778.0,14
7779.6,5
7780.0,22
7780.4,2
7780.6,7
7781.2,6
7781.2,29
7781.9,9
7782.2,13
7782.6,27
7784.3,34
7785.5,0
7786.0,36
7786.4,12
7786.8,33
7786.9,4
7787.1,24
7787.3,28
7787.8,18
7788.7,11
7790.6,19
7790.8,14
7791.6,37
7791.7,20
7792.0,2
7792.4,26
7792.6,29
7792.9,3
7793.2,35
7793.6,38
7793.8,17
7793.8,25
7794.1,27
7794.3,0
7794.3,6
7794.4,39
7794.5,21
7794.8,15
7795.0,9
7796.6,28
7796.8,10
7797.0,11
7797.1,1
7797.2,8
7797.4,7
7797.5,18
7797.5,33
7798.0,32
7798.8,5
7799.4,4
7801.6,2
7802.0,37
7802.8,29
7802.9,16
7803.1,14
7803.4,19
7803.4,39
7803.7,31
7803.9,34
7804.2,6
7807.3,20
7807.7,11
7807.8,17
7807.9,15
7807.9,25
7808.1,1
7808.3,12
7808.9,28
7809.0,26
7809.7,21
7809.7,23
7809.9,27
7810.4,0
7810.4,8
7810.8,18
7811.1,39
7811.2,5
7811.3,9
7811.4,24
7811.7,13
7811.7,36
7811.9,30
7812.0,4
7814.5,7
7814.8,29
7814.9,2
7815.0,14
7816.1,3
7816.1,33
7816.2,37
7816.7,11
7817.0,32
7818.5,6
7818.7,34
7818.9,19
7819.0,25
7819.4,26
7820.0,20
7820.0,1
7821.9,28
7822.1,5
7822.3,4
7822.6,9
7823.5,12
7823.5,15
7824.0,35
7824.1,16
7824.1,39
7824.3,2
7824.9,18
7824.9,29
7825.1,14
7825.1,17
7826.4,34
7827.6,21
7828.6,31
7828.6,38
7828.7,0
7829.6,28
7830.2,22
7830.4,37
7830.5,13
7830.5,26
7830.9,8
7830.9,25
7831.1,23
7831.1,36
7831.5,11
7832.3,7
7832.3,19
7833.2,14
7833.4,4
7835.1,6
7835.3,5
7835.4,29
7835.7,24
7836.1,35
7836.4,39
7837.9,27
7838.0,20
7838.7,18
7838.7,21
7839.3,2
7839.4,17
7839.9,0
7839.9,25
7840.0,33
7840.3,28
7841.0,9
7841.5,15
7842.7,14
7842.8,1
7842.8,37
7842.9,7
7843.2,32
7843.4,11
7843.6,6
7847.1,12
7847.8,16
7848.0,29
7848.4,2
7848.7,21
7849.2,18
7849.7,36
7850.0,26
7850.0,39
7851.7,9
7852.6,19
7853.0,8
7853.3,6
7853.3,27
7853.9,37
7854.1,31
7854.2,20
7854.3,25
7854.3,30
7854.7,0
7854.8,4
7855.1,11
7855.1,14
7855.1,34
7855.4,35
7856.2,17
7856.2,28
7856.9,3
7857.8,2
7859.9,39
7860.1,7
7860.3,26
7860.4,5
7861.8,11
7861.8,21
7862.8,27
7862.8,32
7863.5,15
7864.2,10
7864.2,18
7864.5,14
7864.9,31
7865.1,20
7865.5,0
7865.7,29
7867.2,25
7867.3,36
7868.0,13
7868.1,28
7868.4,19
7868.5,16
7869.1,4
7869.1,24
7869.7,6
7869.7,39
7870.1,33
7870.2,34
7870.4,9
7870.9,5
7870.9,30
7871.3,21
7871.5,1
7872.2,26
7872.4,37
7872.6,2
7872.6,11
7873.1,35
7873.7,7
7877.1,14
7877.6,17
7878.0,8
7878.3,27
7878.6,20
7879.7,15
7880.6,18
7880.7,0
7880.8,12
7881.1,25
7882.0,4
7882.0,38
7882.2,37
7882.3,9
7882.7,31
7882.8,29
7886.3,16
7886.4,14
7886.4,28
7886.6,6
7886.7,1
7886.9,21
7887.1,17
7887.3,2
7887.7,26
7887.9,34
7888.3,23
7888.9,11
7889.2,39
7889.3,5
7890.3,3
7890.6,7
7890.6,19
7890.8,20
7890.8,36
7891.8,0
7892.2,4
7892.3,29
7892.9,37
7893.7,25
7895.3,32
7896.1,15
7896.8,27
7896.9,13
7897.6,9
7897.7,31
7897.9,14
7897.9,28
7898.5,2
7899.2,6
7900.6,24
7900.7,0
7901.5,5
7901.5,21
7901.7,8
7901.7,35
7902.4,7
7902.6,37
7902.8,18
7902.9,20
7902.9,25
7903.3,26
7903.5,39
7903.8,11
7903.9,30
7904.0,17
7904.2,29
7904.3,32
7904.5,28
7904.9,34
7905.0,1
7906.0,4
7909.3,14
7910.2,12
7910.7,36
7910.8,16
7910.8,18
7911.3,19
7911.7,6
7912.5,33
7913.1,15
7914.1,2
7915.1,9
7915.4,17
7915.4,21
7915.4,23
7916.0,29
7916.0,37
7917.1,20
7917.3,7
7917.4,3
7917.4,14
7917.5,5
7918.4,25
7918.4,30
7918.7,24
7919.2,0
7919.5,28
7919.5,31
7919.8,39
7920.0,11
7920.6,34
7920.8,35
7921.3,4
7923.0,27
7923.2,1
7923.2,26
7924.2,6
7924.3,18
7924.3,32
7924.8,8
7924.8,19
7924.9,2
7925.0,29
7925.1,10
7925.7,14
7926.7,0
7928.0,16
7928.1,39
7929.1,20
7929.6,21
7929.7,37
7929.8,15
7930.0,9
7930.7,36
7931.6,25
7932.9,29
7933.0,26
7933.4,13
7933.5,11
7933.5,28
7934.0,12
7934.2,17
7934.3,14
7934.5,7
7935.4,2
7936.0,5
7937.3,18
7937.6,6
7938.6,39
7938.7,4
7938.8,22
7939.6,19
7939.9,35
7940.0,9
7940.2,26
7940.5,31
7941.0,38
7941.5,0
7942.0,25
7942.0,34
7942.4,27
7942.8,14
7943.7,37
7944.5,20
7944.7,33
7945.2,2
7945.9,3
7946.1,11
7946.2,5
7946.2,30
7946.3,17
7946.4,29
7946.6,1
7946.9,16
7947.4,15
7949.5,36
7950.4,21
7950.6,18
7951.0,24
7951.6,28
7951.9,6
7952.5,32
7952.6,25
7953.4,12
7953.9,7
7954.2,8
7954.3,39
7955.3,4
7956.1,27
7956.8,10
7957.1,2
7957.3,14
7957.4,11
7957.5,29
7957.7,0
7957.7,26
7958.2,19
7958.2,35
7958.3,9
7958.4,28
7958.6,3
7958.7,5
7960.9,1
7961.3,20
7961.4,13
7961.4,31
7961.6,37
7961.7,17
7963.4,18
7963.4,33
7963.8,23
7964.5,25
7964.9,19
7965.6,28
7966.4,6
7966.9,34
7967.5,21
7969.2,39
7969.4,14
7970.2,5
7970.6,0
7970.7,16
7971.1,8
7971.1,11
7971.3,4
7972.1,2
7973.0,15
7973.2,24
7973.6,30
7973.7,18
7973.7,26
7974.1,29
7974.4,36
7974.6,9
7974.8,1
7974.8,27
7975.2,7
7976.1,25
7977.2,39
7978.3,20
7978.5,35
7979.0,37
7980.5,14
7980.6,28
7981.3,32
7981.9,17
7982.2,6
7982.8,5
7982.8,33
7983.0,19
7983.1,16
7983.5,12
7983.8,0
7984.1,29
7984.3,21
7984.9,9
7985.3,11
7985.5,2
7986.7,18
7986.8,7
7988.7,4
7988.8,26
7989.7,15
7989.7,34
7991.7,25
7991.9,14
7991.9,20
7992.0,38
7992.2,39
7992.6,0
7992.8,37
7993.2,30
7993.2,36
7993.4,1
7993.5,27
7993.5,28
7993.6,3
7993.6,6
7994.0,22
7995.0,24
7995.0,29
7995.1,5
7996.3,2
7999.5,11
7999.8,23
7999.9,7
8000.2,14
8000.6,28
8001.0,26
8001.2,19
8001.4,13
8001.5,9
8001.7,16
8002.2,8
8002.2,39
8002.4,29
8002.7,10
8003.9,17
8004.4,21
8004.7,4
8004.7,6
8005.7,31
8006.6,15
8006.9,0
8006.9,37
8007.7,25
8007.8,14
8007.9,32
8008.3,20
8008.4,12
8009.2,18
8010.2,34
8010.2,35
8011.4,1
8011.4,26
8011.4,39
8011.5,2
8012.0,33
8012.1,5
8012.5,7
8012.6,11
8014.8,28
8015.2,24
8015.8,29
8015.9,19
8016.0,37
8016.1,36
8016.8,27
8017.6,9
8017.6,8
8017.6,20
8018.8,17
8019.0,14
8019.1,15
8021.5,18
8021.7,11
8021.9,0
8022.4,39
8022.5,25
8022.7,35
8023.1,4
8023.2,21
8023.2,26
8023.4,3
8023.4,6
8024.6,37
8025.1,29
8026.5,31
8026.6,2
8026.6,34
8027.7,28
8027.9,5
8029.1,1
8029.1,14
8029.5,9
8029.7,13
8030.4,33
8030.6,20
8031.1,7
8031.3,12
8031.5,16
8031.5,30
8032.4,15
8032.8,8
8034.2,19
8036.1,0
8036.3,27
8036.3,37
8036.4,35
8036.5,28
8037.3,17
8037.5,39
8037.8,29
8038.2,18
8038.6,25
8039.5,6
8040.1,11
8040.3,14
8040.3,23
8040.4,4
8040.5,26
8040.5,38
8040.5,10
8040.8,31
8041.0,21
8041.3,2
8041.8,3
8042.6,7
8043.7,9
8043.8,5
8044.2,20
8044.6,34
8044.8,22
8046.4,0
8046.5,19
8046.9,12
8047.3,37
8048.0,24
8048.6,28
8049.8,39
8050.0,11
8050.2,32
8050.6,30
8050.7,26
8050.8,25
8052.5,2
8053.1,29
8053.1,36
8053.6,27
8053.7,15
8054.1,16
8054.2,14
8055.2,18
8055.3,21
8056.2,7
8058.0,4
8058.6,17
8058.6,33
8058.7,35
8059.0,6
8059.5,8
8059.7,39
8061.7,20
8061.9,22
8062.1,1
8062.2,34
8062.3,37
8062.4,5
8062.4,11
8062.9,14
8063.3,25
8063.7,9
8063.7,15
8063.9,19
8064.0,29
8064.2,10
8065.8,2
8066.0,0
8066.0,7
8067.4,39
8067.5,26
8067.6,4
8067.6,27
8067.7,16
8068.5,28
8069.9,18
8071.6,30
8071.7,17
8073.0,12
8073.0,25
8073.9,14
8073.9,20
8074.0,5
8075.1,6
8075.2,11
8075.4,2
8075.5,34
8075.6,21
8075.8,3
8075.9,31
8076.2,13
8076.3,9
8076.3,37
8077.1,24
8078.5,0
8079.0,19
8079.1,32
8079.8,36
8081.0,7
8081.4,28
8081.6,8
8081.6,39
8081.8,16
8082.0,35
8082.1,26
8082.9,29
8085.1,15
8085.3,33
8085.4,14
8085.7,20
8085.7,30
8085.9,1
8085.9,17
8086.0,5
8086.0,11
8087.0,21
8087.1,4
8087.1,18
8087.6,2
8089.0,37
8091.4,28
8091.8,23
8091.8,24
8091.9,6
8092.3,34
8092.7,25
8093.3,0
8093.5,19
8093.6,9
8095.9,7
8096.1,12
8096.1,27
8096.8,39
8097.4,26
8097.4,14
8097.6,13
8097.6,29
8098.7,2
8099.4,4
8099.7,35
8101.4,20
8101.9,16
8102.0,37
8102.5,3
8102.6,38
8102.7,11
8103.0,18
8103.0,21
8103.0,25
8103.2,15
8103.3,0
8103.3,28
8103.8,34
8104.0,9
8104.3,19
8104.5,36
8105.4,6
8105.5,22
8106.5,24
8107.1,5
8108.3,29
8108.3,35
8108.4,10
8109.3,8
8109.3,39
8109.4,2
8109.7,14
8109.7,33
8109.8,32
8111.9,27
8112.4,17
8112.6,26
8114.0,18
8114.5,1
8114.6,31
8114.7,11
8115.1,20
8115.2,4
8116.6,22
8116.7,9
8116.9,15
8117.2,39
8117.3,37
8117.4,7
8117.9,30
8118.2,21
8118.6,6
8118.7,28
8119.1,25
8119.1,34
8119.1,36
8119.6,19
8119.7,14
8120.5,0
8120.7,35
8121.5,29
8122.0,5
8123.9,16
8124.1,18
8124.4,2
8124.9,3
8124.9,23
8125.1,27
8125.3,17
8125.5,38
8125.6,26
8125.9,4
8125.9,12
8127.4,8
8127.8,37
8127.9,9
8128.7,20
8128.7,39
8129.2,11
8130.4,5
8131.8,6
8131.8,14
8132.3,28
8132.5,15
8132.5,29
8133.2,32
8133.4,7
8133.4,21
8133.6,0
8133.6,2
8133.6,25
8136.5,1
8136.5,18
8137.7,36
8138.0,4
8138.3,37
8138.8,35
8139.1,33
8139.2,16
8139.4,26
8140.2,11
8140.6,30
8141.6,3
8141.6,34
8141.8,31
8142.2,20
8143.1,27
8143.2,14
8143.4,28
8143.6,24
8144.8,9
8145.2,5
8145.4,2
8146.0,39
8146.1,12
8146.5,26
8146.6,19
8146.6,29
8146.7,17
8146.8,15
8147.0,18
8148.3,7
8148.7,6
8148.7,21
8149.4,11
8150.0,13
8152.3,0
8152.5,4
8152.6,8
8152.6,14
8152.8,37
8153.2,25
8153.5,28
8153.8,32
8153.9,27
8155.9,16
8156.2,7
8156.8,34
8157.4,20
8157.4,39
8158.5,9
8159.5,11
8159.6,21
8160.3,26
8160.4,29
8160.8,6
8162.2,2
8162.3,0
8162.4,19
8162.5,5
8163.1,18
8163.2,4
8164.1,35
8164.4,14
8164.9,12
8164.9,25
8164.9,39
8165.5,17
8165.9,31
8166.0,36
8166.3,23
8166.3,28
8166.9,33
8167.0,15
8168.0,9
8169.3,37
8170.8,27
8171.5,20
8171.9,11
8172.3,13
8172.3,34
8173.3,19
8173.9,10
8174.3,3
8174.3,21
8174.5,6
8176.0,28
8176.1,0
8176.1,38
8176.5,35
8176.6,8
8177.0,14
8177.1,16
8177.3,29
8177.5,5
8177.6,26
8177.6,30
8177.7,1
8178.0,25
8178.2,7
8178.7,24
8178.8,32
8179.0,17
8179.2,2
8180.1,15
8180.7,12
8180.7,18
8180.7,20
8181.1,9
8181.1,27
8181.3,39
8182.2,11
8182.2,37
8183.7,4
8184.1,34
8185.5,19
8186.8,25
8187.7,29
8188.7,21
8188.8,14
8190.4,0
8190.5,33
8190.7,6
8190.9,23
8191.3,28
8191.8,26
8192.0,35
8192.2,15
8192.9,18
8192.9,37
8193.1,20
8193.7,2
8194.3,5
8194.4,39
8194.6,11
8195.0,31
8195.2,7
8195.2,8
8195.7,4
8196.2,17
8196.3,1
8196.3,9
8196.3,30
8200.0,14
8200.4,25
8200.9,16
8201.1,28
8201.7,12
8202.2,29
8202.2,32
8203.0,27
8203.1,21
8203.2,6
8203.4,2
8203.5,36
8204.0,15
8205.9,11
8207.1,37
8207.3,26
8207.9,0
8208.6,7
8208.6,9
8208.9,19
8209.0,35
8209.2,20
8209.5,14
8209.6,34
8209.6,17
8209.8,18
8210.4,24
8210.4,39
8210.8,13
8211.1,4
8211.2,2
8212.4,25
8213.8,5
8214.0,3
8214.0,29
8214.1,28
8214.6,11
8215.0,38
8215.1,30
8215.3,37
8215.4,14
8215.5,8
8216.2,22
8216.4,23
8216.8,33
8217.0,6
8217.3,21
8218.0,7
8219.6,18
8219.7,26
8221.4,27
8221.5,17
8221.8,0
8222.9,16
8223.1,12
8223.2,25
8223.4,39
8223.8,15
8224.1,20
8224.3,10
8224.6,9
8224.6,35
8224.9,32
8225.4,34
8226.1,2
8226.3,11
8226.5,1
8226.5,5
8226.8,28
8226.8,31
8227.3,29
8228.6,4
8229.3,26
8229.9,14
8230.4,6
8230.5,24
8230.8,8
8231.5,19
8231.7,33
8233.8,7
8234.8,27
8235.0,2
8235.4,18
8235.8,21
8235.8,36
8236.3,0
8236.9,37
8237.0,12
8237.4,4
8237.4,9
8237.6,20
8238.4,34
8238.6,11
8238.7,15
8238.7,29
8239.2,28
8239.8,17
8240.6,39
8241.7,14
8242.7,25
8243.4,5
8243.8,37
8244.5,2
8244.5,30
8244.7,35
8244.7,36
8244.7,6
8244.7,19
8244.7,32
8245.5,1
8245.5,7
8245.9,26
8246.1,12
8246.8,11
8248.4,18
8249.4,21
8250.4,9
8250.7,28
8250.8,20
8251.2,0
8251.5,14
8251.7,4
8252.0,29
8252.2,39
8252.4,24
8252.8,26
8253.1,5
8254.2,15
8254.5,27
8254.7,3
8255.0,34
8256.0,17
8256.2,11
8256.4,33
8256.7,22
8256.9,35
8257.1,8
8257.1,16
8257.2,23
8257.3,7
8257.3,13
8257.4,2
8258.7,25
8259.9,0
8260.1,37
8262.7,31
8263.1,20
8263.3,14
8264.0,28
8264.2,1
8264.2,10
8265.0,27
8265.0,36
8265.4,19
8265.5,9
8265.8,21
8266.0,26
8266.1,6
8266.1,12
8266.3,29
8266.4,11
8266.4,34
8266.5,15
8266.5,39
8268.7,2
8269.4,18
8269.7,3
8269.8,14
8270.4,25
8270.5,30
8271.2,16
8272.8,0
8274.2,37
8274.3,4
8274.3,17
8274.6,9
8274.7,35
8275.4,26
8275.6,32
8275.9,28
8275.9,5
8276.1,15
8276.1,24
8277.3,20
8278.3,13
8278.9,29
8279.1,2
8279.4,7
8279.5,21
8279.7,14
8280.5,27
8281.3,6
8281.9,25
8282.5,33
8282.6,11
8282.7,39
8284.6,0
8284.7,4
8286.0,36
8286.6,14
8286.9,1
8288.4,12
8288.7,34
8288.8,15
8289.1,18
8289.2,29
8289.3,17
8289.3,37
8289.9,2
8289.9,31
8290.0,8
8290.2,25
8290.3,19
8290.5,26
8290.7,9
8290.8,16
8292.4,28
8292.6,20
8293.1,5
8293.5,39
8293.8,21
8293.9,24
8294.3,7
8295.9,11
8296.2,6
8297.1,35
8298.2,14
8298.9,0
8299.0,4
8299.0,32
8299.8,22
8300.0,26
8300.3,3
8301.8,2
8302.0,29
8302.4,16
8303.5,27
8303.5,39
8303.8,20
8304.1,30
8304.9,36
8305.0,18
8305.2,17
8305.7,23
8306.1,25
8306.7,9
8307.0,33
8308.0,15
8308.2,5
8309.3,6
8309.5,28
8309.7,11
8310.2,34
8310.5,19
8310.5,37
8310.8,1
8311.3,35
8312.0,14
8312.0,29
8312.7,4
8312.7,21
8314.0,24
8315.0,26
8315.1,0
8315.4,7
8315.4,32
8315.9,31
8316.3,9
8316.4,2
8316.6,8
8316.7,27
8317.0,18
8317.2,38
8319.4,25
8320.0,39
8320.3,13
8320.5,17
8321.4,28
8321.7,14
8322.1,30
8322.2,29
8322.4,11
8323.5,15
8323.5,20
8323.9,12
8324.1,31
8324.2,37
8324.9,10
8325.2,6
8325.9,4
8325.9,21
8326.6,16
8326.6,34
8327.4,19
8328.4,5
8328.5,36
8328.6,0
8328.6,18
8328.8,35
8330.6,26
8331.0,14
8331.6,7
8331.6,17
8332.1,28
8333.1,2
8333.3,27
8333.4,24
8333.7,8
8333.9,33
8334.3,9
8334.8,23
8334.9,6
8335.4,20
8335.4,29
8336.8,4
8336.8,32
8336.9,37
8337.1,25
8337.8,39
8340.2,0
8341.2,15
8341.3,19
8342.2,35
8342.3,38
8342.5,34
8342.6,5
8342.7,11
8343.0,28
8343.4,26
8343.5,1
8343.5,21
8343.5,25
8343.5,29
8343.5,33
8344.2,2
8345.1,14
8346.1,37
8347.6,7
8347.6,39
8348.1,30
8348.2,31
8348.4,20
8348.5,24
8348.7,9
8349.0,17
8350.3,18
8350.9,12
8351.5,8
8352.5,4
8352.9,19
8352.9,29
8354.1,0
8354.1,11
8354.2,14
8354.4,6
8355.8,3
8355.9,1
8355.9,16
8356.2,32
8356.4,2
8357.1,5
8357.7,27
8358.0,36
8359.3,15
8359.4,26
8359.5,13
8359.6,25
8359.8,20
8360.5,35
8360.6,17
8361.8,9
8362.4,29
8363.1,39
8363.2,14
8363.4,37
8363.5,21
8363.7,7
8363.9,28
8364.2,18
8364.2,34
8364.5,10
8364.6,11
8364.8,33
8365.0,4
8367.3,20
8367.5,2
8367.9,6
8368.1,23
8368.2,12
8368.2,24
8368.4,5
8368.4,26
8369.1,0
8369.2,17
8369.9,3
8370.5,25
8373.1,8
8375.0,28
8375.1,31
8375.2,32
8375.5,27
8375.6,35
8375.7,21
8375.8,11
8375.9,14
8375.9,37
8376.0,33
8376.3,16
8376.4,9
8377.0,34
8377.5,29
8377.6,36
8379.1,18
8379.5,2
8380.6,15
8380.6,19
8381.1,30
8381.6,25
8381.8,6
8381.9,7
8381.9,39
8382.2,17
8382.3,4
8382.4,0
8382.8,13
8382.9,1
8383.0,12
8384.9,24
8384.9,37
8385.6,26
8386.6,28
8386.9,29
8389.9,20
8390.2,14
8390.8,2
8390.9,22
8391.0,5
8391.6,11
8393.2,17
8393.5,27
8393.6,9
8393.8,30
8394.7,39
8395.3,18
8395.4,29
8395.5,21
8395.5,25
8395.8,37
8398.2,34
8398.4,7
8398.5,0
8399.2,19
8399.3,32
8399.7,16
8399.8,11
8399.9,6
8399.9,15
8399.9,28
8400.1,23
8400.2,4
8400.9,12
8401.2,14
8401.7,38
8402.4,35
8402.9,8
8403.1,26
8403.2,3
8404.2,1
8404.7,10
8404.8,33
8405.0,2
8405.4,18
8406.3,29
8406.5,13
8406.9,25
8407.5,31
8408.6,39
8409.0,20
8409.6,0
8409.9,21
8411.5,6
8411.8,11
8411.8,24
8412.0,17
8412.1,9
8412.1,36
8412.2,4
8412.2,27
8412.5,14
8412.5,37
8412.7,28
8413.5,7
8413.7,30
8414.0,19
8415.3,2
8416.3,26
8416.4,29
8416.4,34
8417.8,5
8417.9,15
8418.8,4
8418.8,18
8419.0,20
8419.1,25
8419.2,0
8419.9,14
8420.8,32
8422.1,21
8422.3,6
8422.6,35
8422.8,9
8423.2,8
8423.9,16
8424.5,11
8424.5,37
8425.3,31
8425.3,36
8425.6,33
8425.9,26
8425.9,38
8426.7,27
8426.7,39
8426.8,17
8427.1,10
8427.2,2
8427.2,28
8427.3,29
8427.3,30
8427.6,3
8427.9,1
8428.2,18
8429.1,14
8431.7,12
8433.0,25
8433.9,0
8434.6,4
8434.6,19
8434.8,20
8435.0,6
8435.2,5
8435.6,11
8435.7,18
8436.5,15
8436.7,37
8437.0,8
8437.0,29
8437.2,14
8437.4,34
8437.5,39
8437.7,28
8437.7,35
8437.8,9
8440.1,7
8440.8,32
8441.8,13
8441.8,21
8442.2,2
8442.8,24
8444.2,1
8444.7,14
8446.7,17
8447.1,36
8447.6,9
8447.7,25
8447.8,11
8447.9,37
8448.1,4
8448.2,26
8448.9,0
8449.0,18
8449.1,20
8449.3,19
8449.4,31
8449.9,29
8450.2,39
8450.4,28
8450.7,34
8451.1,38
8451.3,8
8451.6,2
8452.4,27
8452.5,5
8456.0,21
8456.1,35
8456.6,6
8456.8,7
8457.0,17
8457.3,14
8457.8,12
8457.8,15
8457.8,37
8458.3,33
8459.2,16
8459.5,25
8461.4,4
8461.5,9
8462.1,39
8462.8,30
8463.4,27
8463.6,28
8463.8,2
8463.8,23
8463.9,20
8464.1,0
8464.3,11
8464.3,29
8464.6,32
8464.6,34
8464.7,24
8464.7,26
8464.9,19
8466.3,14
8467.6,5
8469.8,6
8470.1,37
8470.2,3
8470.6,18
8470.8,31
8472.0,36
8472.3,25
8472.6,11
8472.6,17
8472.8,1
8473.3,8
8473.5,35
8473.6,13
8473.6,15
8473.7,14
8473.9,4
8474.4,2
8474.5,16
8474.5,19
8474.9,39
8475.2,21
8475.6,26
8475.6,28
8475.7,29
8478.9,7
8480.0,32
8480.1,0
8480.6,38
8480.7,34
8480.9,25
8481.0,9
8481.6,33
8482.2,20
8482.4,8
8482.8,27
8483.4,3
8483.7,18
8483.8,11
8483.9,37
8484.0,5
8484.2,14
8484.4,24
8484.6,12
8487.0,29
8487.1,6
8487.4,21
8488.2,16
8489.0,39
8489.1,28
8489.1,35
8489.6,26
8490.1,0
8490.2,4
8490.3,10
8490.7,7
8491.1,2
8491.7,15
8492.1,17
8492.4,31
8492.9,34
8494.7,20
8494.7,18
8495.7,37
8496.5,25
8496.5,36
8496.8,27
8497.1,39
8497.3,30
8497.4,11
8497.5,19
8498.5,5
8498.5,14
8499.2,28
8499.6,9
8499.9,6
8500.3,26
8500.6,16
8500.7,4
8502.1,12
8503.0,2
8503.4,1
8503.9,21
8504.2,35
8505.8,31
8506.4,29
8506.5,20
8507.1,22
8507.5,0
8507.5,5
8507.5,15
8507.7,23
8508.2,37
8508.4,14
8508.4,24
8508.4,8
8508.6,28
8508.7,39
8508.9,36
8509.2,17
8509.4,19
8509.5,6
8510.2,18
8511.5,10
8511.7,7
8512.5,27
8512.6,2
8514.0,9
8514.2,11
8514.4,13
8515.1,12
8515.1,38
8515.4,4
8515.9,25
8517.1,26
8517.2,34
8518.1,21
8518.6,29
8518.9,6
8519.5,20
8519.7,24
8520.3,14
8520.4,37
8521.4,2
8522.1,0
8522.1,27
8522.9,18
8523.4,33
8523.8,28
8524.1,32
8525.0,3
8525.3,5
8526.2,7
8526.5,39
8526.8,31
8526.9,35
8527.1,29
8527.7,8
8527.8,2
8527.9,16
8528.9,11
8529.1,14
8529.6,0
8529.8,19
8531.1,28
8531.2,15
8533.0,26
8533.2,12
8533.2,13
8533.8,9
8533.9,36
8534.1,25
8534.1,38
8535.7,6
8536.1,17
8536.1,23
8536.5,21
8536.5,30
8537.0,37
8537.1,1
8537.2,4
8537.2,34
8537.4,20
8537.7,18
8540.2,19
8540.9,2
8541.1,5
8541.9,16
8542.0,29
8542.3,11
8543.0,7
8543.3,25
8543.9,39
8544.2,35
8544.6,24
8544.7,14
8545.0,33
8545.6,28
8546.1,27
8546.5,37
8547.5,4
8548.0,15
8548.4,0
8548.7,18
8548.7,32
8549.4,8
8549.4,31
8549.5,9
8550.6,26
8551.2,20
8551.7,34
8552.9,28
8553.0,19
8553.2,39
8554.2,14
8554.4,11
8555.5,7
8556.0,21
8556.6,6
8557.1,0
8557.2,25
8557.7,17
8558.5,29
8558.9,5
8559.1,2
8559.1,35
8559.2,9
8559.2,33
8559.9,3
8560.2,37
8562.8,27
8563.2,18
8563.9,4
8564.2,11
8564.3,15
8564.6,1
8564.8,39
8565.2,26
8565.5,20
8565.7,23
8565.7,34
8565.8,16
8566.0,36
8566.3,14
8566.4,10
8567.4,29
8568.4,28
8568.6,12
8568.7,5
8569.8,17
8570.0,2
8570.4,22
8570.5,6
8570.6,35
8571.2,37
8571.3,25
8571.7,7
8571.7,0
8571.9,13
8572.2,19
8572.2,33
8572.3,31
8572.4,21
8574.7,11
8575.7,4
8576.7,32
8576.8,14
8576.9,30
8577.2,20
8577.3,23
8577.7,15
8577.9,29
8578.1,27
8578.2,9
8578.2,38
8578.3,39
8578.4,34
8578.5,16
8579.1,37
8580.9,28
8581.0,17
8581.1,26
8581.2,18
8581.4,1
8581.4,25
8581.6,0
8581.8,24
8581.9,5
8582.4,8
8585.6,11
8587.2,2
8587.3,7
8587.7,19
8588.0,6
8588.1,35
8588.1,36
8588.3,20
8588.6,32
8588.8,3
8589.0,14
8589.8,34
8590.1,18
8591.3,25
8591.4,21
8591.7,4
8592.3,33
8592.3,15
8593.3,26
8593.6,17
8593.7,12
8594.1,29
8595.0,28
8595.6,9
8596.3,0
8596.8,27
8596.8,5
8597.4,11
8597.4,2
8597.4,16
8598.0,37
8598.7,39
8599.1,19
8599.4,14
8600.3,10
8600.3,13
8601.7,8
8603.6,4
8604.7,7
8604.7,28
8605.1,23
8605.3,25
8605.4,20
8605.7,9
8606.2,34
8606.5,15
8606.6,29
8606.6,35
8607.5,32
8608.3,2
8608.4,17
8609.4,5
8609.5,11
8609.5,30
8609.6,3
8609.6,27
8609.7,6
8609.7,24
8609.7,31
8609.8,0
8610.0,21
8610.5,14
8610.5,26
8610.5,33
8610.6,18
8612.0,39
8612.1,38
8612.4,1
8614.2,12
8614.3,37
8614.9,20
8615.0,36
8615.5,19
8617.4,28
8617.7,4
8617.8,2
8618.8,9
8619.7,14
8619.9,7
8620.4,29
8621.1,25
8621.4,15
8621.7,11
8621.8,35
8622.7,34
8622.9,5
8622.9,21
8623.0,17
8623.2,8
8624.5,6
8624.5,16
8624.6,39
8624.7,27
8625.3,33
8625.6,31
8625.7,18
8625.8,26
8626.1,37
8627.0,0
8627.5,28
8627.8,20
8630.6,32
8630.8,2
8631.9,4
8632.5,30
8632.5,23
8632.7,11
8633.2,7
8633.4,1
8633.7,25
8633.9,24
8634.0,6
8634.1,9
8634.7,18
8635.4,34
8635.5,15
8635.6,21
8635.7,14
8635.9,29
8636.9,12
8638.1,17
8638.2,33
8638.3,38
8638.8,10
8639.6,28
8640.0,26
8640.2,2
8640.6,37
8641.1,3
8641.1,36
8641.4,8
8642.0,39
8642.1,0
8642.2,5
8643.2,20
8644.9,19
8645.5,35
8645.6,14
8646.8,29
8647.0,16
8647.0,18
8647.1,25
8647.5,11
8647.6,17
8647.6,21
8648.1,13
8648.2,27
8648.4,31
8648.5,30
8649.4,9
8649.9,7
8650.2,6
8650.6,37
8650.7,4
8651.5,33
8653.5,14
8653.9,28
8655.0,5
8656.9,2
8656.9,36
8657.7,0
8658.2,34
8658.3,12
8658.9,15
8658.9,23
8659.0,20
8659.0,21
8659.1,19
8659.1,26
8659.2,39
8659.3,1
8659.8,11
8659.9,35
8659.9,24
8660.4,18
8660.5,17
8660.8,25
8660.9,37
8661.0,29
8661.4,9
8662.2,16
8662.5,32
8662.6,13
8663.4,38
8663.8,28
8664.3,4
8664.6,27
8665.0,14
8665.1,8
8667.4,7
8667.6,39
8668.5,5
8669.3,6
8669.9,20
8670.0,29
8670.5,37
8670.6,1
8671.5,26
8672.2,0
8672.3,14
8672.6,11
8672.9,34
8673.1,15
8673.5,17
8674.0,28
8674.1,31
8674.5,2
8675.2,27
8675.3,9
8675.5,25
8676.2,16
8676.3,33
8677.0,4
8678.1,18
8680.2,6
8680.5,3
8681.1,35
8681.2,5
8681.9,21
8682.8,7
8682.9,24
8682.9,39
8683.4,0
8684.5,29
8686.0,30
8686.3,36
8687.3,19
8687.4,1
8687.9,14
8688.0,27
8688.7,23
8689.0,11
8689.0,28
8689.0,37
8689.4,8
8689.4,10
8689.5,12
8689.6,34
8689.9,25
8690.1,26
8690.7,20
8691.1,2
8692.4,9
8692.7,13
8692.7,18
8693.1,4
8694.1,17
8694.2,39
8694.6,21
8694.7,0
8694.8,6
8694.8,32
8695.3,35
8695.4,29
8698.0,5
8698.3,16
8698.6,14
8698.9,15
8699.2,27
8699.6,7
8700.2,37
8700.4,33
8701.4,25
8701.6,19
8701.7,11
8702.3,20
8702.4,30
8702.7,24
8703.4,38
8703.9,18
8704.1,26
8704.2,28
8704.2,31
8704.3,2
8704.6,1
8706.2,39
8706.8,21
8708.0,0
8708.1,29
8708.7,34
8709.2,14
8709.5,6
8709.6,4
8710.4,17
8710.8,7
8710.8,8
8711.2,16
8712.4,11
8713.4,5
8714.8,26
8714.9,25
8715.5,9
8715.7,12
8716.0,30
8716.1,19
8716.1,20
8716.2,23
8716.2,29
8716.2,35
8716.2,39
8716.3,32
8716.4,37
8716.4,15
8717.0,27
8717.3,28
8717.5,2
8718.0,36
8718.2,18
8719.7,14
8720.1,24
8720.3,17
8720.5,19
8720.6,33
8721.1,31
8721.6,4
8722.6,29
8724.4,13
8724.9,3
8725.1,5
8725.2,11
8726.0,16
8726.1,21
8726.5,7
8727.1,0
8728.7,6
8729.0,28
8729.1,39
8729.5,35
8729.8,25
8729.9,10
8730.0,26
8730.1,34
8730.1,20
8730.1,37
8730.4,9
8732.8,22
8733.1,8
8733.9,1
8734.4,17
8734.8,38
8735.5,18
8735.6,27
8735.7,14
8735.9,0
8735.9,2
8736.0,31
8737.0,4
8737.0,28
8737.2,29
8737.6,19
8737.8,30
8738.3,32
8738.8,11
8738.8,39
8739.9,26
8741.1,23
8742.6,37
8742.8,36
8743.0,21
8743.4,24
8743.8,5
8743.8,16
8744.3,18
8745.0,30
8745.1,9
8745.8,14
8746.1,15
8746.1,33
8746.2,29
8746.4,20
8747.3,35
8747.6,11
8747.9,25
8748.1,7
8749.5,0
8751.0,6
8751.0,39
8751.1,4
8751.1,34
8751.7,27
8752.2,13
8752.8,17
8753.4,28
8753.6,26
8753.8,5
8753.8,20
8754.5,2
8755.1,15
8755.8,31
8756.1,12
8756.8,29
8756.8,37
8757.1,1
8757.8,18
8757.9,9
8758.2,14
8758.9,21
8758.9,32
8759.1,19
8759.9,11
8761.8,17
8762.1,6
8763.0,28
8763.4,24
8763.6,25
8764.6,3
8765.4,20
8765.6,26
8766.0,0
8766.1,8
8766.4,39
8766.6,34
8766.7,5
8767.0,2
8767.1,35
8768.1,19
8768.2,4
8768.2,37
8768.8,14
8769.0,13
8769.0,36
8771.6,10
8771.7,17
8771.8,21
8771.9,9
8772.1,7
8772.5,15
8773.1,6
8773.1,25
8773.4,11
8773.5,27
8774.1,29
8775.4,18
8776.1,37
8776.5,28
8778.0,31
8778.2,1
8778.2,16
8778.2,39
8778.8,2
8778.9,4
8779.5,26
8779.8,38
8780.0,12
8780.4,30
8780.4,35
8780.5,14
8780.6,20
8780.6,34
8780.9,5
8780.9,24
8781.0,8
8781.1,11
8781.6,0
8782.1,18
8782.6,28
8782.6,32
8783.3,29
8785.4,19
8787.9,33
8788.5,15
8788.9,37
8789.5,3
8789.6,7
8789.9,6
8790.1,14
8790.4,2
8791.0,21
8791.1,0
8791.7,25
8791.8,29
8792.5,26
8793.8,17
8793.8,39
8794.8,9
8794.9,4
8795.6,36
8795.9,11
8796.2,28
8796.4,5
8797.3,8
8797.3,35
8798.6,19
8798.7,34
8799.2,12
8799.3,2
8799.3,27
8799.5,31
8799.9,0
8799.9,23
8800.0,37
8800.1,16
8800.2,20
8800.6,14
8800.8,1
8800.8,18
8801.3,25
8802.4,29
8805.7,39
8805.9,15
8806.1,6
8806.5,32
8806.6,11
8806.6,26
8806.9,28
8807.6,2
8807.6,24
8807.7,10
8807.8,21
8808.0,13
8808.4,9
8808.7,4
8809.1,0
8809.1,7
8809.8,25
8810.8,30
8810.9,37
8811.0,35
8811.3,17
8811.4,33
8812.0,34
8812.1,19
8812.2,14
8815.0,18
8816.7,28
8817.0,8
8817.0,20
8817.2,29
8817.8,5
8817.8,16
8817.9,3
8818.1,12
8818.6,11
8818.9,36
8819.3,32
8819.9,26
8820.5,6
8820.7,35
8820.9,4
8821.5,0
8821.5,1
8821.7,14
8821.7,27
8821.9,24
8822.0,2
8823.2,21
8823.3,15
8825.9,30
8826.0,9
8826.0,39
8826.3,25
8826.6,7
8826.7,34
8826.9,28
8827.1,38
8828.6,37
8829.3,11
8829.4,17
8830.7,36
8831.5,19
8831.8,20
8831.8,33
8831.9,13
8832.0,0
8832.3,18
8832.3,29
8832.9,14
8833.0,10
8833.0,23
8833.1,31
8833.5,21
8833.6,4
8834.1,16
8834.2,6
8834.4,2
8834.6,26
8834.8,5
8834.9,1
8835.9,15
8838.4,25
8839.7,11
8839.8,24
8840.0,27
8840.2,39
8840.3,3
8840.4,35
8840.5,9
8840.6,12
8840.8,34
8841.0,8
8841.4,17
8842.6,7
8844.4,29
8844.9,28
8845.0,37
8845.1,18
8845.3,16
8845.3,14
8846.5,2
8846.5,26
8846.8,20
8847.2,15
8847.3,32
8849.1,21
8850.0,5
8850.1,0
8850.2,22
8850.7,36
8851.2,11
8851.2,39
8851.6,31
8851.7,4
8852.1,29
8852.4,17
8852.7,38
8852.8,25
8852.9,9
8853.1,19
8853.2,27
8853.3,1
8854.7,30
8854.9,28
8856.3,14
8856.6,8
8856.7,12
8856.8,18
8857.3,6
8858.3,7
8858.4,0
8858.7,26
8859.2,20
8860.5,21
8860.7,33
8861.2,2
8861.7,24
8861.8,15
8862.2,35
8862.3,37
8862.5,17
8862.8,5
8863.1,32
8863.4,39
8863.9,25
8864.1,34
8864.4,11
8865.8,28
8866.5,16
8867.6,4
8867.6,29
8868.0,27
8868.8,13
8868.8,14
8868.8,36
8870.0,7
8870.7,2
8870.7,9
8871.1,23
8872.1,30
8872.3,3
8872.3,18
8872.5,0
8873.0,39
8873.3,26
8874.4,20
8874.8,19
8874.9,10
8875.3,15
8876.3,28
8876.8,14
8877.0,1
8877.3,25
8877.3,29
8877.5,11
8877.9,37
8878.3,6
8878.4,27
8878.5,5
8878.6,17
8880.8,9
8882.4,21
8882.4,32
8882.5,2
8882.5,12
8883.0,4
8883.2,35
8883.4,0
8883.7,7
8883.8,34
8883.9,18
8884.1,24
8884.4,26
8885.1,16
8886.1,31
8886.1,38
8886.9,28
8887.4,27
8887.9,29
8888.0,14
8889.0,25
8889.7,39
8890.6,8
8891.0,4
8891.0,17
8891.1,37
8891.8,6
8892.5,33
8893.1,19
8893.2,11
8893.7,15
8893.7,20
8893.9,30
8895.5,5
8895.6,22
8895.6,29
8896.4,12
8896.4,36
8896.6,26
8897.1,7
8897.7,2
8898.4,21
8898.5,3
8899.5,14
8899.7,20
8900.0,1
8900.0,34
8900.2,25
8900.5,0
8902.0,9
8902.1,18
8902.5,39
8902.8,19
8903.4,6
8903.7,24
8904.4,32
8905.4,35
8906.0,17
8907.8,29
8908.6,16
8909.1,37
8909.2,27
8909.3,13
8909.3,10
8910.4,7
8910.4,11
8910.6,26
8910.9,2
8910.9,5
8910.9,28
8911.1,4
8911.1,14
8911.2,8
8911.5,25
8911.6,20
8911.8,12
8911.8,33
8912.6,39
8914.0,15
8917.3,6
8918.5,18
8919.0,0
8919.3,1
8919.5,21
8919.6,32
8920.0,9
8920.0,14
8920.3,30
8920.6,2
8920.8,17
8920.8,34
8921.3,35
8921.5,25
8921.7,11
8921.9,29
8922.5,7
8923.8,39
8924.4,19
8924.8,31
8924.8,36
8924.9,12
8925.2,4
8925.2,28
8926.6,27
8926.8,5
8927.2,18
8927.7,20
8928.1,37
8928.3,26
8928.6,38
8929.1,6
8929.9,14
8930.1,3
8930.9,15
8931.5,8
8931.6,24
8931.9,0
8931.9,32
8932.1,2
8934.1,25
8934.2,21
8934.9,23
8935.1,34
8936.3,17
8937.6,11
8937.6,33
8937.7,28
8937.8,9
8938.2,4
8938.2,7
8939.6,29
8939.7,30
8940.6,16
8940.6,19
8940.6,36
8941.0,39
8941.2,20
8941.7,27
8941.9,37
8943.5,1
8944.2,12
8944.6,18
8944.7,14
8945.0,11
8945.3,2
8945.4,25
8945.6,28
8945.8,26
8946.9,5
8947.3,35
8947.4,9
8948.0,4
8948.0,15
8948.0,0
8948.2,24
8948.7,6
8949.4,20
8950.6,21
8950.9,17
8952.7,3
8953.0,34
8953.1,19
8953.9,38
8954.4,32
8954.5,29
8954.8,11
8954.8,39
8955.6,7
8955.7,37
8956.2,2
8956.6,25
8956.9,14
8957.1,9
8957.3,18
8958.1,27
8958.5,0
8958.7,26
8959.0,8
8959.3,28
8960.0,13
8960.4,12
8961.0,5
8961.8,33
8963.0,21
8963.8,35
8963.9,15
8964.3,31
8965.6,4
8965.8,6
8966.0,39
8966.4,32
8966.8,17
8967.9,20
8968.2,19
8968.3,14
8968.3,25
8968.4,29
8968.7,3
8968.8,24
8969.0,2
8969.3,7
8969.8,9
8969.8,34
8969.9,18
8970.3,11
8970.5,1
8970.5,37
8970.6,0
8970.8,16
8971.8,27
8973.0,28
8973.6,26
8973.7,21
8974.1,5
8974.4,36
8975.0,30
8976.2,39
8978.3,14
8978.8,19
8978.9,17
8979.1,11
8979.2,4
8979.5,35
8979.9,8
8980.0,9
8980.0,20
8980.1,29
8980.8,23
8981.3,6
8981.4,18
8981.4,32
8982.9,2
8983.3,13
8983.4,34
8983.5,10
8983.6,37
8983.9,25
8984.8,0
8985.1,1
8985.2,7
8985.3,14
8985.5,33
8985.7,15
8985.7,26
8986.0,21
8986.4,39
8986.8,31
8988.6,28
8989.1,12
8990.5,11
8990.8,5
8991.4,0
8991.4,36
8992.8,17
8993.0,24
8993.1,4
8993.2,20
8994.1,6
8994.5,2
8995.1,37
8996.1,7
8997.2,16
8997.6,35
8997.7,27
8998.0,26
8998.4,14
8998.7,28
8999.2,29
8999.2,34
9000.2,25
9000.3,21
9001.5,8
9001.5,19
9001.5,38
9001.7,2
9001.8,18
9002.6,11
9002.8,17
9003.9,39
9004.2,15
9004.2,31
9005.2,9
9005.6,33
9005.9,30
9006.2,6
9006.7,3
9006.9,0
9006.9,36
9007.2,32
9007.5,4
9007.9,20
9008.2,37
9009.0,22
9009.9,14
9010.7,5
9011.0,7
9011.0,26
9011.4,18
9011.7,27
9011.8,19
9011.9,23
9011.9,25
9012.5,29
9012.9,2
9013.4,34
9013.7,39
9014.6,35
9015.8,8
9015.9,28
9017.2,11
9017.2,17
9018.1,15
9018.8,0
9020.2,2
9020.2,6
9020.3,13
9020.9,12
9020.9,18
9021.1,24
9021.2,9
9021.2,25
9021.5,14
9021.5,20
9022.4,16
9023.3,1
9023.8,7
9024.3,5
9024.4,29
9025.1,33
9025.4,37
9025.6,21
9026.9,4
9027.0,26
9027.0,28
9027.9,19
9027.9,36
9028.3,17
9028.9,11
9029.1,31
9029.2,39
9029.3,34
9029.4,3
9030.4,27
9031.3,2
9032.3,14
9032.3,25
9032.6,35
9034.5,8
9036.0,20
9036.1,32
9036.3,18
9037.6,5
9038.4,12
9039.0,29
9039.0,39
9039.2,9
9039.5,7
9039.5,15
9039.5,28
9039.6,26
9040.4,38
9040.5,4
9041.0,2
9041.4,11
9041.5,6
9041.8,19
9041.9,37
9042.6,17
9044.6,0
9045.0,21
9045.0,33
9045.3,16
9046.0,25
9046.2,22
9046.5,24
9047.6,35
9047.7,14
9047.7,27
9048.0,1
9048.0,9
9048.7,13
9049.1,23
9049.7,20
9050.3,4
9051.1,18
9051.7,28
9051.9,11
9052.5,30
9052.6,37
9053.3,5
9054.8,34
9055.6,26
9055.7,10
9056.3,3
9056.9,14
9056.9,17
9057.0,0
9057.0,15
9057.0,36
9057.1,29
9057.2,31
9057.2,2
9057.4,39
9058.7,38
9058.9,25
9059.1,7
9059.9,6
9060.0,20
9060.8,16
9061.0,21
9061.5,19
9061.5,35
9062.4,11
9062.7,4
9062.7,32
9062.8,9
9062.8,14
9063.2,5
9063.5,28
9063.8,8
9064.0,34
9066.2,12
9066.2,18
9066.6,27
9067.9,25
9068.1,2
9068.1,26
9068.1,33
9069.4,21
9069.9,0
9070.0,6
9070.3,20
9070.3,37
9070.4,29
9071.3,1
9071.4,30
9071.4,39
9071.6,24
9072.1,4
9072.3,7
9072.4,17
9073.5,28
9073.8,9
9073.9,15
9075.2,23
9075.2,35
9075.3,14
9075.4,6
9075.5,11
9075.6,19
9076.2,8
9076.2,37
9080.6,2
9081.2,29
9081.6,5
9081.8,0
9081.8,20
9082.4,12
9082.4,36
9082.8,16
9082.8,26
9082.9,14
9083.0,4
9083.7,21
9084.4,3
9084.8,13
9084.8,34
9085.2,25
9085.3,17
9085.3,19
9085.3,39
9085.6,6
9086.7,37
9086.8,18
9087.9,32
9088.2,31
9089.1,9
9089.5,28
9089.8,2
9090.3,7
9090.3,27
9091.2,8
9091.2,35
9091.3,11
9091.3,23
9091.7,10
9091.8,4
9091.9,29
9092.0,0
9092.7,38
9094.1,20
9094.6,15
9094.8,25
9094.9,14
9095.9,39
9096.8,30
9097.1,26
9097.2,37
9097.7,5
9098.4,17
9098.8,32
9099.5,33
9099.6,1
9100.6,18
9100.6,36
9100.7,2
9101.3,20
9101.5,11
9101.9,29
9102.1,19
9102.5,21
9102.5,24
9103.2,9
9103.6,34
9104.9,6
9104.9,16
9105.3,28
9105.4,12
9106.0,14
9106.2,25
9106.5,0
9106.7,4
9106.7,27
9107.3,17
9108.6,5
9108.8,2
9109.0,15
9109.3,39
9109.8,37
9110.5,19
9110.7,21
9111.2,1
9111.6,26
9111.7,20
9112.0,31
9113.5,14
9114.0,7
9114.1,18
9114.6,3
9114.6,11
9115.0,29
9115.2,13
9115.2,28
9115.3,16
9115.6,35
9116.1,22
9117.6,39
9118.5,9
9118.8,0
9119.2,6
9119.4,23
9119.5,25
9120.3,30
9120.8,27
9120.9,29
9121.2,4
9121.8,18
9125.3,11
9125.4,8
9125.4,14
9125.6,34
9125.7,17
9125.9,2
9126.3,20
9127.1,15
9127.3,38
9127.5,37
9127.6,10
9127.9,39
9128.1,9
9128.7,26
9128.7,28
9129.1,7
9129.5,21
9129.8,16
9129.8,25
9130.1,12
9130.3,35
9130.4,5
9131.7,6
9132.2,0
9132.7,19
9132.8,33
9133.9,27
9134.1,24
9135.5,2
9136.5,4
9137.0,14
9137.5,8
9137.5,18
9138.1,29
9138.5,1
9138.8,17
9139.8,11
9140.0,5
9140.0,15
9140.0,20
9140.4,36
9141.8,9
9141.9,37
9142.0,35
9142.4,39
9142.6,21
9142.8,34
9143.4,28
9144.3,25
9144.7,7
9144.9,31
9145.1,0
9146.8,12
9147.7,14
9147.8,27
9148.9,19
9149.1,6
9149.3,11
9149.6,33
9149.7,26
9149.7,30
9150.3,3
9152.4,2
9152.8,25
9152.9,32
9153.0,20
9153.8,29
9153.9,16
9153.9,23
9154.5,5
9154.6,18
9154.8,28
9155.1,0
9155.2,38
9155.5,21
9155.7,4
9155.7,15
9155.7,24
9155.8,39
9156.3,7
9157.4,13
9157.8,26
9158.9,37
9159.9,34
9160.1,14
9160.1,17
9160.2,2
9161.2,9
9163.0,11
9163.1,33
9163.5,32
9163.5,35
9163.7,1
9163.8,19
9163.8,24
9163.8,36
9164.3,6
9164.3,31
9164.5,0
9165.4,15
9166.9,12
9167.2,8
9168.5,29
9168.9,4
9169.3,20
9170.4,25
9171.0,39
9171.2,5
9171.3,21
9171.4,14
9171.5,35
9172.1,16
9172.5,7
9172.6,18
9172.6,30
9173.0,26
9173.0,28
9174.3,37
9174.4,17
9175.2,2
9175.8,6
9176.0,11
9176.9,27
9177.0,13
9177.1,0
9178.0,39
9178.6,14
9178.9,25
9179.1,29
9179.9,34
9181.0,9
9182.9,4
9183.0,31
9183.5,15
9183.7,18
9183.7,20
9183.9,12
9184.8,21
9185.1,1
9185.2,37
9185.4,28
9185.5,7
9186.3,8
9186.7,26
9187.6,19
9188.2,0
9188.5,5
9188.5,25
9188.9,33
9189.0,2
9189.0,29
9189.4,11
9190.1,35
9191.0,14
9191.8,17
9192.0,30
9192.6,24
9193.1,23
9193.1,27
9193.1,39
9196.4,6
9196.9,16
9197.1,22
9197.4,32
9197.4,28
9197.8,36
9199.1,25
9199.2,31
9199.3,20
9199.7,21
9199.9,9
9200.5,4
9200.6,0
9201.0,26
9201.1,35
9201.2,38
9201.3,2
9201.4,18
9201.5,12
9201.7,37
9201.9,11
9202.7,34
9202.9,14
9203.4,29
9204.0,15
9204.8,39
9205.3,5
9205.4,8
9205.5,19
9206.0,28
9206.2,3
9208.4,7
9208.4,14
9208.4,21
9208.7,1
9209.8,27
9210.2,6
9210.4,25
9212.1,11
9212.4,2
9212.4,17
9213.1,0
9213.1,13
9213.1,28
9213.3,39
9214.0,37
9214.2,26
9215.0,16
9215.7,29
9216.2,20
9217.9,19
9219.0,24
9219.4,4
9220.1,18
9220.7,21
9220.7,35
9220.9,33
9221.1,8
9222.0,37
9222.2,30
9222.6,7
9222.9,25
9223.2,15
9223.6,14
9223.7,12
9224.0,32
9224.1,34
9224.4,9
9224.5,23
9224.8,3
9224.9,29
9225.3,36
9225.6,28
9226.5,11
9227.1,0
9227.4,27
9227.8,2
9227.8,31
9228.1,6
9228.4,4
9228.4,39
9231.0,17
9231.0,20
9231.6,14
9232.5,5
9233.4,25
9233.6,26
9235.3,21
9235.3,37
9236.4,19
9236.5,18
9236.7,16
9236.9,28
9237.2,9
9237.8,32
9237.8,15
9238.1,8
9238.4,11
9238.4,33
9238.5,0
9239.1,35
9239.2,24
9239.4,39
9239.5,29
9239.5,34
9239.8,4
9240.4,20
9240.7,1
9242.8,7
9243.4,2
9243.4,14
9243.4,30
9245.2,5
9245.8,28
9246.1,22
9246.7,19
9247.2,9
9247.3,18
9247.4,26
9247.4,27
9247.5,6
9247.9,17
9248.5,21
9248.7,15
9248.7,39
9249.1,31
9249.5,14
9249.9,13
9250.9,24
9251.1,16
9251.9,4
9252.1,29
9253.2,11
9253.4,37
9254.1,25
9254.7,35
9256.3,20
9256.7,0
9257.7,18
9257.9,2
9258.0,3
9258.1,26
9258.3,5
9258.4,12
9258.4,39
9258.9,17
9258.9,36
9259.5,1
9259.5,8
9259.6,27
9259.8,10
9259.9,6
9259.9,25
9260.4,14
9260.5,21
9260.8,23
9261.2,7
9263.1,34
9263.4,9
9264.5,4
9264.6,29
9265.1,37
9265.2,38
9265.8,28
9267.9,11
9268.0,15
9270.4,35
9270.8,2
9270.8,19
9271.0,6
9271.1,0
9271.1,20
9271.2,16
9272.4,14
9272.4,26
9273.2,17
9273.3,5
9273.5,32
9273.7,25
9274.5,33
9274.5,39
9275.2,27
9275.3,21
9275.6,8
9275.7,18
9275.8,24
9276.5,29
9277.1,28
9277.3,31
9277.5,36
9279.2,15
9279.8,4
9279.8,3
9280.3,37
9280.5,11
9280.5,13
9280.5,14
9280.8,7
9280.8,26
9281.3,12
9281.9,20
9282.2,9
9282.3,34
9282.4,1
9284.3,6
9284.5,0
9284.8,16
9284.9,17
9286.0,2
9288.0,25
9288.4,18
9289.1,38
9289.2,11
9289.4,27
9289.6,30
9290.6,5
9291.0,39
9291.2,14
9291.2,37
9291.3,29
9292.3,31
9292.6,15
9292.6,24
9293.0,21
9293.0,28
9293.5,2
9295.0,1
9296.7,0
9297.1,26
9297.3,9
9298.6,4
9298.8,7
9298.8,20
9299.2,11
9299.6,32
9299.6,34
9299.6,35
9299.8,19
9300.3,14
9300.6,25
9300.7,6
9301.2,12
9302.0,17
9302.6,10
9302.8,8
9303.3,18
9304.2,29
9305.2,2
9305.5,23
9305.5,39
9305.9,28
9305.9,37
9306.2,27
9306.5,5
9306.8,21
9307.4,36
9307.6,13
9307.7,30
9308.3,0
9308.5,15
9308.5,20
9309.6,9
9310.2,26
9311.2,25
9311.8,6
9312.2,34
9312.8,16
9312.9,11
9312.9,38
9313.4,1
9313.5,33
9313.9,14
9314.4,4
9314.5,3
9315.1,19
9315.2,35
9316.0,18
9316.4,17
9316.4,32
9317.0,39
9317.4,29
9317.7,31
9318.5,37
9319.4,15
9319.9,2
9320.3,7
9320.7,20
9320.9,14
9322.2,5
9322.4,28
9323.5,0
9323.5,21
9323.7,25
9323.8,6
9323.9,8
9324.3,24
9324.7,11
9325.0,17
9328.7,4
9329.6,12
9329.8,9
9330.1,34
9330.5,30
9330.5,39
9330.6,15
9330.7,29
9330.7,36
9330.9,37
9331.0,26
9331.5,18
9332.2,1
9332.2,2
9332.4,20
9332.7,14
9333.3,19
9335.0,11
9335.4,33
9335.6,35
9336.6,25
9338.0,6
9339.0,16
9339.4,5
9339.4,28
9339.5,29
9339.9,8
9340.2,13
9341.4,27
9341.9,0
9341.9,17
9342.6,37
9343.5,31
9343.7,14
9344.3,20
9345.2,21
9345.3,36
9345.3,2
9345.6,24
9345.7,11
9346.1,32
9346.1,18
9346.4,7
9346.7,9
9346.7,39
9347.4,15
9347.6,26
9348.6,38
9348.7,25
9349.0,35
9349.4,29
9349.6,4
9349.6,23
9349.7,6
9350.7,34
9351.7,5
9351.7,28
9352.1,22
9352.5,3
9352.6,12
9352.7,1
9352.9,30
9353.6,14
9354.1,11
9354.1,16
9354.7,0
9355.1,17
9357.2,2
9357.9,9
9358.0,26
9358.1,15
9358.1,20
9358.7,13
9358.9,27
9359.4,18
9359.6,37
9359.8,25
9360.5,39
9361.1,29
9361.6,4
9362.0,21
9362.3,30
9362.3,33
9362.6,6
9367.1,0
9367.3,19
9367.4,7
9367.8,11
9368.0,28
9368.4,2
9368.8,25
9368.8,35
9369.2,14
9370.2,34
9370.3,24
9370.4,18
9370.9,23
9371.1,15
9371.2,31
9371.8,36
9373.2,39
9373.5,37
9373.9,27
9374.3,8
9374.7,5
9374.9,9
9374.9,17
9374.9,32
9375.0,11
9375.0,20
9375.4,26
9375.4,29
9375.8,30
9376.1,16
9376.2,4
9377.5,6
9377.8,10
9378.4,7
9379.1,14
9379.9,28
9380.3,21
9380.8,2
9380.9,38
9381.2,39
9381.8,0
9382.5,13
9383.4,15
9386.0,11
9386.3,25
9386.9,26
9387.5,12
9387.6,14
9387.9,29
9388.3,37
9388.4,4
9388.5,20
9388.6,16
9388.6,18
9388.9,35
9389.4,0
9390.0,8
9390.5,2
9391.1,17
9391.6,19
9393.1,3
9393.6,5
9393.9,21
9394.3,39
9394.4,28
9394.6,27
9396.8,14
9396.8,34
9396.9,7
9397.0,1
9397.0,13
9397.1,15
9397.1,22
9397.6,29
9397.9,24
9398.2,6
9399.1,9
9399.4,18
9400.2,31
9400.3,25
9400.5,37
9400.8,11
9400.9,2
9401.2,12
9401.2,20
9402.0,0
9402.0,4
9402.0,32
9402.1,10
9404.4,33
9404.8,23
9405.0,28
9405.6,30
9406.7,17
9407.1,14
9407.1,36
9407.2,39
9407.5,8
9408.2,15
9408.6,26
9408.6,29
9408.8,24
9409.0,16
9409.2,35
9409.6,9
9409.7,25
9410.2,5
9411.6,19
9412.2,28
9413.9,11
9414.1,0
9414.6,2
9414.6,21
9415.2,6
9415.7,20
9415.7,27
9415.8,37
9416.6,38
9416.9,1
9417.5,7
9417.5,16
9417.8,18
9417.9,34
9418.0,12
9419.7,33
9419.8,9
9420.3,14
9420.6,24
9421.1,26
9421.7,39
9421.9,29
9422.1,4
9422.1,35
9422.6,15
9423.5,17
9424.0,25
9424.1,31
9424.4,28
9424.4,32
9424.6,20
9424.9,11
9425.3,5
9425.5,10
9428.0,19
9428.3,39
9429.0,0
9429.0,3
9429.2,2
9429.2,4
9429.9,8
9430.0,1
9430.7,37
9430.9,16
9431.2,7
9432.2,36
9433.9,26
9434.0,14
9434.2,27
9434.9,21
9435.7,13
9435.7,18
9435.8,20
9435.8,33
9436.0,23
9436.2,9
9436.2,29
9436.4,11
9436.8,5
9436.8,6
9437.0,24
9437.0,28
9437.5,2
9438.4,38
9440.1,25
9440.1,32
9440.8,35
9440.9,17
9441.2,39
9442.5,12
9443.4,15
9443.7,30
9445.0,34
9446.7,6
9446.7,26
9446.9,18
9447.0,14
9447.4,1
9447.4,4
9447.6,29
9447.9,0
9448.2,9
9448.3,19
9448.7,21
9448.8,7
9449.1,31
9449.4,2
9450.0,8
9450.6,22
9450.8,16
9451.0,25
9451.0,35
9451.4,37
9451.9,11
9452.3,28
9452.7,20
9453.6,39
9454.1,5
9455.7,27
9457.0,17
9457.4,14
9458.3,9
9458.6,2
9458.7,26
9459.0,24
9459.1,0
9459.1,15
9459.8,7
9460.1,4
9460.4,28
9460.4,33
9460.6,12
9461.1,29
9461.3,6
9461.4,10
9462.1,34
9463.3,11
9463.4,5
9463.6,20
9464.5,37
9464.9,14
9465.0,18
9465.0,21
9465.6,19
9465.6,25
9466.1,35
9467.6,39
9467.8,32
9468.3,26
9468.7,17
9468.8,2
9469.8,12
9470.3,30
9472.0,25
9472.3,34
9472.4,7
9472.7,1
9472.8,9
9473.3,16
9473.5,18
9473.7,0
9473.8,11
9473.8,31
9474.1,33
9474.5,27
9474.7,5
9475.5,4
9475.8,36
9475.9,14
9477.1,20
9477.1,28
9478.1,2
9478.4,15
9479.3,24
9479.3,37
9479.5,8
9480.0,39
9480.5,6
9481.5,21
9483.0,11
9483.1,3
9484.4,26
9484.4,29
9485.0,35
9486.6,10
9486.6,14
9486.7,0
9486.7,19
9487.0,28
9487.1,17
9487.1,25
9487.2,5
9488.2,16
9488.2,33
9488.5,7
9488.7,2
9488.8,34
9488.9,1
9488.9,9
9490.2,38
9490.3,23
9490.4,4
9490.6,20
9490.6,26
9490.8,22
9491.1,15
9491.2,32
9491.4,12
9492.8,37
9493.1,6
9493.8,36
9494.5,11
9494.7,18
9495.0,27
9496.0,14
9496.5,29
9496.5,39
9497.5,24
9497.7,28
9498.5,8
9499.7,35
9499.8,17
9500.2,0
9502.0,21
9502.2,2
9502.3,26
9503.2,4
9503.4,18
9504.1,25
9504.8,5
9505.2,7
9505.6,9
9505.8,12
9506.1,15
9506.5,14
9506.8,37
9506.9,11
9506.9,34
9507.1,16
9508.4,19
9508.4,31
9508.7,29
9509.5,39
9509.8,28
9510.5,0
9511.7,6
9512.2,1
9512.2,20
9512.7,25
9513.6,13
9515.2,30
9515.4,27
9515.5,14
9515.6,8
9515.7,36
9515.8,26
9516.1,2
9516.4,22
9516.5,7
9516.6,32
9517.3,4
9517.3,29
9517.6,33
9517.6,17
9517.9,28
9518.1,18
9518.7,21
9520.8,9
9522.1,31
9522.3,11
9522.4,35
9523.1,37
9524.6,34
9524.8,0
9524.9,5
9525.7,3
9526.2,25
9526.3,33
9526.7,6
9526.9,20
9527.0,14
9527.9,15
9528.0,7
9528.1,2
9528.3,24
9528.4,16
9528.4,27
9528.6,21
9528.6,39
9528.7,12
9529.4,1
9529.7,29
9529.8,23
9529.8,26
9530.2,18
9531.6,4
9533.8,11
9533.9,37
9534.1,28
9534.1,30
9536.2,17
9537.3,39
9537.4,32
9537.5,8
9537.5,14
9538.2,0
9538.3,24
9538.9,2
9539.3,5
9539.3,9
9539.3,35
9539.6,19
9541.5,29
9543.2,4
9543.7,20
9543.9,25
9544.0,31
9544.5,36
9544.8,15
9544.8,18
9545.0,26
9545.2,11
9545.3,22
9545.3,34
9545.6,38
9546.0,37
9546.2,27
9546.5,14
9547.7,7
9549.1,39
9549.4,33
9549.6,21
9549.6,28
9549.9,2
9550.0,9
9550.3,16
9551.4,10
9552.0,1
9552.0,3
9552.2,6
9552.2,35
9552.3,11
9552.4,0
9552.8,17
9553.7,25
9554.4,37
9554.7,12
9555.5,5
9555.7,19
9556.9,29
9557.1,7
9557.2,27
9557.9,34
9558.3,4
9558.9,14
9559.0,39
9559.7,30
9559.9,26
9559.9,28
9560.2,20
9561.6,15
9561.6,24
9562.2,8
9562.3,13
9563.0,25
9563.8,2
9565.3,18
9565.4,17
9565.5,36
9565.9,5
9566.5,11
9567.3,21
9567.4,35
9567.7,0
9568.1,37
9568.2,6
9569.4,31
9569.7,9
9570.3,28
9570.3,29
9570.4,23
9570.6,15
9570.7,19
9570.9,32
9571.1,1
9571.2,22
9571.4,16
9571.5,2
9571.7,33
9572.4,14
9572.9,26
9573.6,12
9575.6,7
9575.9,39
9576.0,4
9576.6,21
9576.9,18
9577.1,17
9577.7,20
9577.7,11
9577.9,29
9578.0,25
9578.2,34
9578.9,24
9579.0,8
9579.9,27
9580.0,38
9581.0,14
9581.0,28
9581.5,3
9581.5,33
9581.6,6
9582.1,32
9582.6,2
9582.6,15
9582.7,19
9583.3,37
9583.9,0
9584.2,5
9585.8,36
9586.3,39
9587.1,26
9588.3,35
9589.0,7
9589.2,9
9589.4,17
9589.9,25
9590.0,1
9590.1,11
9590.3,13
9590.6,21
9590.8,14
9591.3,4
9591.6,16
9592.7,22
9593.3,20
9594.2,29
9594.9,0
9595.5,18
9595.5,28
9596.6,39
9597.3,37
9597.6,27
9598.1,15
9598.5,2
9598.6,14
9598.9,5
9599.5,26
9600.4,6
9600.4,12
9600.5,31
9600.8,17
9600.8,34
9601.8,4
9601.9,19
9603.5,11
9603.9,33
9604.2,20
9604.5,9
9605.5,35
9606.0,30
9606.7,8
9606.9,7
9606.9,21
9607.1,2
9607.9,6
9608.1,0
9609.0,25
9609.2,29
9609.8,28
9610.4,36
9610.5,14
9610.8,24
9610.9,18
9610.9,39
9612.8,37
9613.4,5
9614.2,27
9614.5,17
9614.9,4
9615.0,32
9615.6,11
9616.0,16
9616.1,20
9616.5,23
9616.7,15
9618.4,2
9618.8,34
9619.7,12
9619.7,38
9619.9,25
9620.8,29
9620.9,0
9621.0,9
9621.2,19
9621.7,7
9622.2,37
9622.5,13
9623.2,35
9623.4,26
9623.5,1
9623.7,4
9623.8,14
9624.2,28
9625.3,11
9626.2,17
9627.1,18
9627.7,3
9628.3,20
9628.7,39
9629.3,5
9629.4,24
9629.5,33
9629.7,8
9629.7,21
9629.9,27
9630.4,29
9630.4,36
9630.8,25
9631.0,14
9631.1,34
9632.7,6
9633.3,2
9634.2,28
9634.2,32
9634.8,4
9635.2,16
9636.1,31
9637.0,0
9637.2,7
9637.7,14
9638.4,18
9638.5,15
9639.5,11
9639.6,9
9639.8,37
9640.0,20
9641.1,35
9641.9,30
9642.4,6
9642.5,26
9642.6,2
9643.1,21
9643.1,28
9643.2,23
9643.6,1
9643.6,39
9643.8,22
9643.9,17
9644.1,27
9644.7,19
9645.4,14
9646.9,4
9647.1,0
9647.1,5
9647.6,18
9648.1,10
9648.4,12
9648.4,29
9648.7,7
9649.5,25
9649.5,34
9649.6,36
9650.9,37
9651.1,8
9651.1,31
9651.2,24
9651.9,2
9652.3,15
9652.3,16
9653.4,21
9654.6,11
9655.1,28
9655.5,3
9655.6,17
9656.0,39
9656.2,6
9656.3,26
9656.9,14
9656.9,20
9656.9,32
9657.6,4
9657.8,0
9658.0,19
9658.2,9
9658.9,29
9659.1,13
9659.1,25
9660.1,18
9662.5,36
9662.9,12
9663.0,7
9663.2,27
9663.3,16
9663.4,28
9664.1,1
9664.1,11
9664.6,38
9665.0,2
9665.7,14
9665.9,24
9666.0,15
9666.4,33
9667.3,6
9668.0,4
9668.0,37
9668.1,35
9668.3,21
9668.7,17
9668.7,22
9668.7,34
9669.4,8
9669.4,39
9669.5,5
9670.5,30
9671.1,20
9672.9,7
9673.7,11
9673.8,9
9673.9,14
9674.3,0
9674.4,1
9674.6,2
9675.1,26
9675.1,28
9675.2,4
9675.2,18
9676.5,25
9677.7,10
9679.2,3
9679.7,16
9680.6,15
9681.0,19
9681.1,27
9681.2,0
9681.3,29
9681.3,31
9681.5,17
9681.6,21
9682.5,39
9682.8,6
9683.2,26
9684.6,34
9684.8,36
9685.0,18
9685.2,37
9685.4,5
9685.9,2
9686.0,9
9686.6,25
9686.7,11
9686.8,14
9686.8,35
9687.2,12
9687.8,7
9688.0,20
9688.0,28
9688.0,32
9688.3,4
9689.0,21
9689.2,24
9690.6,17
9691.4,16
9692.0,19
9692.5,27
9693.7,33
9694.0,13
9694.4,31
9695.5,26
9695.8,14
9696.1,39
9696.7,29
9697.1,38
9697.2,18
9697.3,0
9697.6,8
9698.2,15
9698.3,34
9698.7,28
9699.1,35
9699.3,6
9699.4,7
9700.1,23
9700.6,5
9701.7,25
9701.8,36
9701.9,37
9702.4,2
9703.8,17
9703.9,30
9704.3,3
9704.4,11
9704.5,20
9704.7,14
9705.1,12
9705.1,22
9705.7,1
9705.7,16
9706.2,9
9706.3,26
9706.4,18
9706.5,10
9706.5,39
9706.6,34
9707.0,27
9707.4,29
9707.5,4
9708.4,21
9710.4,2
9711.2,20
9711.4,33
9712.4,19
9714.9,29
9715.2,7
9715.3,25
9715.5,6
9715.5,14
9715.7,9
9715.9,0
9715.9,32
9716.1,28
9717.5,17
9718.0,5
9718.1,11
9718.6,4
9718.7,37
9719.2,24
9719.4,21
9719.7,26
9719.7,39
9720.0,35
9720.1,15
9720.7,27
9720.8,38
9720.9,31
9721.1,34
9725.0,8
9725.3,2
9725.3,28
9725.9,12
9725.9,20
9726.0,23
9726.1,16
9726.2,7
9726.9,0
9727.0,14
9727.5,13
9727.7,18
9727.9,3
9728.7,37
9730.7,11
9731.0,39
9731.2,26
9731.5,6
9731.7,36
9732.1,9
9732.5,27
9732.5,29
9733.3,30
9734.2,10
9734.2,21
9734.3,4
9734.5,34
9735.5,25
9736.5,14
9736.8,1
9736.9,7
9737.1,15
9737.2,5
9737.3,17
9737.3,35
9737.5,19
9737.8,2
9738.0,33
9738.1,24
9738.5,11
9738.5,18
9738.9,28
9739.0,26
9740.3,29
9741.5,39
9742.4,20
9744.0,6
9744.0,21
9744.3,16
9744.4,37
9744.5,19
9745.2,7
9745.4,9
9747.1,0
9747.9,14
9748.5,4
9748.5,28
9749.0,17
9749.4,12
9749.4,26
9750.1,2
9750.2,15
9750.4,25
9750.4,38
9750.8,27
9750.8,31
9752.5,18
9752.7,3
9752.9,34
9753.6,29
9753.9,32
9754.1,20
9754.4,5
9755.0,6
9755.1,35
9755.2,11
9755.6,39
9755.9,21
9755.9,24
9757.3,14
9758.3,7
9758.8,13
9759.4,12
9760.5,23
9760.7,19
9760.7,36
9760.8,2
9760.8,17
9760.8,38
9761.8,16
9762.0,20
9762.1,28
9762.1,37
9763.1,8
9764.0,9
9764.5,25
9764.5,26
9764.5,29
9764.6,0
9764.7,15
9764.9,6
9764.9,14
9765.5,27
9765.7,11
9767.0,34
9767.3,1
9768.4,4
9768.9,5
9769.0,33
9770.5,39
9771.9,29
9772.1,18
9772.1,24
9772.3,37
9772.4,30
9772.6,15
9772.7,9
9772.9,0
9773.1,19
9773.3,35
9773.5,20
9773.6,2
9773.6,31
9773.9,14
9774.4,25
9774.6,27
9775.1,21
9775.1,28
9775.4,6
9777.4,10
9778.0,17
9780.2,26
9780.3,11
9780.5,34
9780.7,7
9781.1,16
9782.7,4
9784.6,32
9785.6,37
9785.7,29
9785.7,30
9785.8,2
9786.2,22
9786.4,39
9786.6,28
9786.8,24
9787.4,0
9787.9,36
9788.3,33
9788.4,5
9788.6,15
9788.8,35
9789.0,20
9789.2,11
9789.3,18
9789.8,12
9789.9,14
9790.7,8
9791.6,19
9791.9,25
9792.5,6
9792.6,21
9793.1,1
9793.5,17
9794.0,26
9795.0,13
9797.7,7
9797.7,31
9797.8,4
9798.0,9
9798.3,27
9798.4,28
9798.4,29
9798.4,39
9799.3,2
9799.8,5
9799.8,37
9800.1,11
9802.2,10
9803.3,18
9804.0,25
9804.1,38
9804.1,39
9804.3,34
9804.8,6
9804.9,0
9805.1,3
9805.1,21
9805.3,14
9805.3,16
9805.5,19
9805.5,20
9805.6,32
9806.1,23
9806.3,12
9806.8,35
9807.7,2
9808.6,8
9809.3,15
9809.6,9
9809.6,37
9809.9,11
9810.0,26
9810.0,33
9810.1,24
9811.2,4
9811.5,5
9811.9,27
9812.2,25
9812.8,7
9812.9,28
9814.3,29
9814.5,14
9815.5,17
9815.6,18
9816.9,6
9818.7,21
9820.2,22
9820.9,0
9821.1,39
9821.2,20
9822.3,15
9822.7,30
9823.7,35
9823.8,2
9824.0,14
9824.0,17
9824.3,11
9824.5,24
9824.6,33
9824.7,34
9825.0,13
9825.0,19
9825.8,28
9826.1,1
9826.1,16
9826.3,36
9826.6,7
9826.7,26
9827.2,25
9827.2,32
9827.5,5
9827.6,37
9828.0,4
9828.3,8
9829.5,29
9829.8,20
9830.9,39
9831.4,27
9831.6,18
9831.9,0
9832.0,6
9832.3,9
9834.6,14
9834.8,15
9835.7,28
9836.5,2
9836.9,31
9837.0,17
9837.5,35
9839.3,7
9839.3,21
9840.0,12
9840.7,37
9840.8,25
9841.1,11
9841.4,38
9841.6,8
9841.9,5
9841.9,34
9842.2,14
9842.5,20
9842.5,29
9842.9,4
9843.1,28
9844.1,0
9844.3,39
9845.0,24
9845.5,26
9845.6,32
9845.8,18
9845.9,6
9846.8,2
9847.0,17
9847.1,19
9847.1,27
9847.4,3
9848.9,9
9849.0,1
9849.4,15
9851.9,21
9852.5,14
9852.5,31
9853.4,36
9854.3,23
9854.4,16
9854.4,29
9854.9,5
9854.9,18
9855.1,4
9855.5,37
9856.5,17
9856.6,33
9857.1,11
9857.1,30
9858.1,28
9858.1,39
9858.3,20
9858.5,2
9859.0,25
9859.3,8
9860.4,7
9860.7,35
9862.0,9
9863.5,14
9864.0,6
9864.1,13
9864.1,15
9864.1,26
9864.3,0
9864.8,32
9865.0,1
9865.0,21
9865.1,12
9865.2,19
9865.3,24
9865.4,29
9866.8,25
9867.4,28
9869.5,4
9869.7,17
9870.0,34
9870.2,11
9870.2,20
9870.5,27
9870.8,8
9871.0,18
9871.0,35
9871.1,14
9871.1,37
9871.6,5
9871.7,2
9871.7,38
9872.2,16
9872.5,31
9873.5,7
9874.5,9
9875.6,39
9875.8,19
9877.4,29
9877.5,0
9877.6,6
9877.8,26
9878.2,25
9878.6,4
9878.9,33
9880.3,18
9880.7,20
9880.9,14
9881.9,28
9882.8,3
9883.0,5
9883.3,24
9883.4,11
9883.6,21
9884.0,2
9884.2,8
9884.6,7
9884.6,36
9885.2,37
9885.8,15
9887.0,22
9887.5,29
9888.2,34
9888.3,12
9889.3,39
9890.1,9
9890.1,35
9890.2,19
9890.6,4
9890.8,26
9891.0,17
9891.1,0
9891.2,6
9891.2,16
9891.6,23
9892.3,18
9892.4,1
9894.1,14
9894.8,27
9895.6,31
9895.6,37
9895.8,13
9895.9,25
9896.1,2
9896.1,7
9896.2,20
9896.8,11
9897.0,8
9897.6,5
9897.6,38
9897.9,28
9898.5,32
9898.9,29
9899.4,21
9900.0,15
9901.6,10
9901.7,26
9901.9,18
9902.9,34
9902.9,35
9903.8,17
9903.9,37
9904.1,0
9904.8,16
9905.1,39
9905.2,7
9905.2,14
9905.5,30
9906.5,1
9906.7,33
9907.3,19
9907.7,9
9907.8,27
9908.1,4
9909.1,28
9910.5,20
9910.6,29
9910.7,24
9910.8,6
9911.0,11
9911.6,2
9912.7,5
9914.0,18
9914.3,8
9914.4,25
9914.6,9
9914.6,12
9914.6,21
9915.8,3
9916.4,39
9916.5,32
9917.0,14
9917.5,26
9918.0,19
9918.4,31
9918.8,27
9918.8,36
9918.9,37
9919.0,33
9919.1,29
9920.4,20
9920.6,2
9921.4,34
9921.5,4
9921.5,15
9922.2,11
9922.5,7
9923.9,0
9924.4,23
9925.0,28
9926.1,1
9926.5,14
9927.6,10
9928.0,6
9928.2,17
9928.8,35
9929.1,39
9929.7,25
9929.8,5
9930.2,16
9930.6,24
9930.7,20
9931.3,11
9931.7,18
9932.0,26
9932.1,37
9932.2,21
9932.8,38
9932.9,12
9933.0,2
9933.0,7
9934.9,33
9935.2,0
9935.9,28
9936.3,29
9936.7,8
9936.9,9
9937.0,14
9937.3,19
9937.8,39
9938.0,1
9939.2,15
9940.5,35
9940.8,4
9940.9,34
9941.1,13
9941.5,20
9941.8,17
9943.7,7
9944.0,18
9944.2,2
9944.2,5
9944.9,37
9946.2,25
9946.3,11
9946.4,14
9946.7,27
9946.9,36
9947.0,6
9947.1,29
9947.6,31
9948.4,26
9948.7,12
9948.8,16
9948.9,9
9950.5,0
9950.6,24
9950.6,28
9950.7,21
9952.3,15
9952.3,32
9952.4,3
9952.7,30
9952.7,39
9952.7,8
9953.0,7
9953.1,33
9953.3,2
9953.7,37
9953.9,4
9954.2,23
9957.1,6
9957.4,5
9957.4,35
9957.6,14
9957.8,20
9958.1,11
9958.5,17
9958.9,36
9959.1,18
9960.4,19
9960.7,9
9961.6,25
9961.8,1
9961.8,27
9962.0,21
9962.2,28
9962.3,26
9962.6,29
9963.3,34
9964.3,16
9964.4,7
9964.8,12
9965.0,2
9966.3,0
9968.1,39
9970.3,18
9970.5,14
9971.0,24
9971.1,11
9971.1,21
9971.3,8
9972.0,4
9972.1,37
9972.4,6
9973.1,17
9973.5,25
9973.5,28
9973.8,38
9973.9,32
9974.6,13
9974.8,27
9975.0,36
9975.1,26
9975.3,29
9976.0,31
9976.2,33
9976.4,20
9976.7,5
9976.7,23
9976.7,35
9977.1,9
9977.8,2
9978.4,34
9978.7,7
9978.8,11
9979.3,15
9979.8,19
9980.1,14
9980.5,3
9980.7,39
9981.3,10
9981.4,1
9982.8,37
9983.4,0
9983.7,17
9984.8,6
9985.2,28
9985.8,30
9986.0,25
9986.3,24
9987.3,21
9988.8,13
9988.9,16
9989.2,27
9989.9,29
9990.1,9
9990.1,18
9990.8,12
9991.2,7
9991.6,32
9991.8,34
9992.1,20
9992.1,33
9992.3,14
9993.1,4
9993.2,8
9993.8,1
9993.8,26
9994.0,2
9994.2,37
9994.5,5
9995.1,31
9995.7,0
9996.8,15
9996.8,39
9997.0,35
9997.6,28
9997.7,11
9998.0,19
9998.7,21
9998.8,29
9999.3,17
