10.9,13
11.7,5
11.9,18
12.3,29
12.4,0
12.5,26
12.6,22
12.7,10
12.7,14
12.9,32
13.0,1
13.0,12
13.0,20
13.1,8
13.1,9
13.1,19
13.1,21
13.4,33
13.5,23
13.5,34
13.6,2
13.7,6
13.7,38
13.8,27
16.6,15
17.2,7
17.8,11
19.5,30
19.7,3
19.8,31
20.0,21
20.6,25
20.9,39
21.0,1
22.5,12
22.8,19
23.4,27
24.0,32
24.9,4
25.2,34
25.5,29
25.6,37
26.7,23
27.1,33
29.3,8
29.8,30
30.2,12
30.7,22
30.7,36
30.8,11
31.1,19
31.3,0
31.3,38
32.8,7
33.5,31
33.8,23
34.0,27
35.0,32
35.2,13
35.8,12
35.9,2
36.5,1
36.6,14
36.6,35
37.3,4
37.7,15
37.7,33
38.2,3
38.3,21
38.7,0
39.1,29
39.7,10
40.5,39
41.2,30
42.6,23
43.7,11
44.3,7
44.5,19
44.8,6
45.0,9
45.9,15
46.1,12
46.1,32
46.9,8
46.9,27
47.6,38
48.6,4
49.5,14
49.7,1
50.4,26
50.7,33
51.3,31
52.2,36
52.5,34
53.2,21
54.6,29
54.7,11
56.3,9
56.3,32
56.4,12
56.5,27
56.8,3
57.5,17
58.3,23
58.7,39
59.8,1
59.9,7
61.4,19
61.4,33
61.5,30
61.7,8
61.9,10
62.3,24
62.5,22
64.2,13
64.3,0
65.0,31
65.1,12
65.7,4
66.0,21
66.2,11
68.3,27
69.0,32
70.3,3
70.5,29
71.4,1
71.5,15
71.9,2
73.0,36
73.5,23
73.7,14
74.2,33
74.2,38
74.6,4
75.0,30
75.4,0
75.7,39
75.8,31
75.9,19
76.0,12
76.1,28
76.4,26
77.8,8
78.4,7
78.6,35
78.7,11
78.7,13
78.8,27
82.2,9
82.6,10
84.2,1
84.6,30
85.5,23
85.6,32
85.9,12
86.1,33
86.1,34
86.3,29
86.9,19
86.9,21
87.3,31
87.8,8
88.3,27
89.3,4
90.7,15
91.6,11
91.9,3
92.7,38
93.5,36
94.3,14
95.1,7
95.1,12
95.3,1
95.5,27
95.7,30
95.7,31
96.5,39
97.6,32
98.5,23
99.6,0
99.6,13
99.8,29
101.2,4
101.5,35
101.6,21
102.2,3
102.2,11
102.9,19
102.9,26
103.8,33
103.9,27
104.5,8
104.9,15
105.0,9
106.0,12
106.6,22
107.7,1
108.0,23
108.1,38
108.2,2
110.7,30
111.3,32
111.5,29
111.7,31
112.1,25
112.2,11
112.3,12
112.6,39
113.6,36
113.9,34
114.0,7
114.0,21
116.9,33
117.8,27
117.9,4
118.0,3
118.5,0
119.0,1
119.0,23
119.1,37
119.6,13
119.7,14
120.8,38
122.0,19
122.3,10
122.3,12
123.2,8
123.7,26
124.1,35
124.6,7
125.7,30
125.9,29
126.0,36
126.4,11
128.4,15
128.4,32
128.8,9
128.9,27
129.2,21
129.8,31
130.0,1
130.5,33
130.6,4
130.7,34
131.8,22
131.8,23
132.4,29
132.5,39
132.6,12
134.0,17
134.0,27
136.3,24
136.3,38
137.0,19
137.7,3
139.8,8
140.0,14
140.3,0
140.3,34
140.3,7
140.9,1
141.2,9
142.7,30
142.8,13
143.0,32
143.2,23
144.4,27
144.5,29
144.7,11
144.9,12
145.2,33
145.6,4
146.7,6
146.7,21
147.0,31
147.3,10
149.0,36
150.6,1
151.6,38
152.1,19
152.4,12
152.8,27
154.8,15
155.6,33
155.7,7
155.9,30
156.0,0
156.0,13
156.3,26
156.7,28
158.0,29
158.1,14
158.3,23
158.8,3
158.9,11
159.3,21
159.6,9
159.7,34
160.6,8
160.7,39
162.5,12
164.1,1
164.5,32
164.8,27
164.8,38
166.0,22
167.0,2
167.1,31
167.5,23
167.8,36
168.4,4
168.6,29
168.6,30
170.2,7
170.4,19
170.6,11
171.7,27
171.7,35
172.5,33
174.8,9
175.6,26
176.0,1
176.0,14
176.2,21
176.4,32
176.8,23
177.5,0
177.6,38
177.8,12
179.1,11
179.4,8
180.0,27
181.3,25
181.7,30
181.9,13
182.1,19
182.1,31
183.4,15
183.7,3
184.4,23
184.9,36
185.1,34
186.5,7
186.6,29
187.0,10
187.1,4
187.2,12
188.4,33
189.2,22
190.2,0
191.0,11
191.1,30
191.3,8
191.5,1
191.5,38
191.6,39
191.8,19
191.8,27
191.9,37
192.1,2
192.1,21
192.8,13
192.8,26
193.0,9
194.7,32
195.9,23
197.2,31
197.5,15
198.5,4
199.5,12
200.3,27
200.3,35
200.4,34
201.2,33
201.9,1
202.2,29
203.2,26
204.0,7
204.8,11
205.2,10
206.4,3
207.0,9
207.0,14
207.4,4
207.6,30
208.2,2
208.3,28
208.5,12
208.6,31
209.1,15
209.3,32
209.4,0
209.5,21
210.1,27
210.3,38
210.7,23
211.0,39
212.6,1
212.8,34
213.9,29
214.0,11
214.1,19
214.6,8
217.5,12
217.8,13
218.6,33
218.9,36
220.7,26
221.4,32
222.0,3
222.1,23
222.4,21
222.7,27
224.0,7
224.0,10
224.4,20
224.7,1
225.1,4
225.7,39
225.8,31
226.2,30
226.3,14
226.7,12
227.1,29
227.1,37
229.0,11
230.2,19
230.4,33
230.5,13
231.0,8
231.0,15
231.0,36
231.2,27
231.5,9
232.9,23
233.3,4
234.2,3
234.8,38
236.6,1
236.8,7
237.0,21
237.8,34
238.1,0
238.1,17
238.1,32
238.3,31
238.3,39
238.5,35
238.6,12
239.1,30
239.6,33
241.1,27
242.6,8
243.0,4
243.3,11
244.1,19
245.9,29
246.0,23
246.5,38
246.7,24
247.4,12
247.9,1
249.0,10
250.2,3
250.4,9
250.5,15
250.9,7
250.9,30
250.9,31
252.0,27
253.3,32
253.8,33
255.2,4
256.5,21
257.0,0
257.4,23
257.6,12
257.6,39
258.0,8
258.0,34
259.6,13
259.8,19
260.2,11
260.6,36
260.6,3
260.8,1
260.8,29
260.8,37
261.0,14
262.2,27
262.6,7
263.7,33
266.3,26
266.9,0
267.1,38
268.7,25
269.6,23
269.7,15
269.7,35
270.5,29
271.3,12
271.4,21
271.7,30
271.9,9
272.1,4
273.1,7
273.6,32
273.7,2
274.1,27
274.2,13
274.2,34
274.3,14
274.5,17
274.5,28
275.0,36
275.1,8
275.1,39
276.2,31
277.6,22
277.7,19
278.0,3
278.6,1
278.7,11
279.5,33
279.7,23
280.5,0
281.2,12
281.8,4
283.2,27
283.6,10
284.1,15
285.6,26
287.6,32
288.1,12
288.1,29
288.4,9
289.2,34
289.6,7
289.6,14
289.7,8
289.9,21
290.2,31
290.8,38
291.0,30
291.1,19
292.5,27
292.6,11
292.6,23
293.0,33
293.1,1
293.5,39
293.9,36
298.5,3
298.5,21
299.1,32
299.2,13
300.0,2
300.2,12
301.3,9
301.6,30
301.7,33
302.2,0
302.6,14
302.6,29
302.9,15
303.3,27
303.5,25
303.6,7
303.9,23
304.2,4
304.5,11
304.5,38
304.7,1
305.4,19
307.0,31
308.5,3
311.0,13
311.5,8
311.9,21
312.0,36
313.4,39
314.2,7
314.2,35
314.5,12
314.8,34
315.4,1
315.5,30
316.1,0
316.2,27
317.4,10
317.4,11
317.4,38
318.0,29
319.0,15
319.8,31
320.2,37
320.6,4
320.8,9
320.9,23
321.0,32
321.3,3
321.9,22
322.4,26
323.4,7
324.0,19
324.7,33
325.3,38
325.4,8
325.6,39
325.9,1
326.0,27
327.4,0
328.1,14
328.9,9
329.1,30
329.5,11
330.1,2
331.4,23
331.4,32
331.8,22
332.1,12
332.8,21
333.0,29
333.4,13
333.5,3
333.5,34
333.8,36
336.5,31
336.8,0
336.9,4
337.1,6
337.2,27
338.0,7
338.6,1
338.8,19
338.9,10
339.2,33
340.4,38
342.8,23
344.5,11
344.5,14
344.8,21
345.0,3
345.0,32
345.6,31
345.8,12
345.9,27
345.9,29
346.0,8
347.1,15
349.8,34
350.5,1
351.3,33
351.7,13
351.9,30
351.9,39
352.0,7
352.9,9
352.9,24
353.1,0
353.2,26
353.8,4
355.5,21
355.7,12
356.0,23
356.2,11
356.4,35
356.6,2
357.0,29
358.8,27
361.7,14
361.8,8
361.8,10
362.1,3
362.2,19
362.2,31
362.3,38
363.0,30
364.5,15
364.6,32
365.8,39
366.0,12
366.3,13
366.4,1
366.5,7
366.7,29
366.7,33
366.7,34
367.3,36
367.6,0
367.8,11
368.5,26
368.8,22
369.7,27
370.0,9
372.7,4
373.7,23
374.3,31
374.4,10
374.5,35
374.8,8
375.0,21
375.1,12
375.2,38
375.5,1
376.1,33
376.4,27
376.5,30
376.5,37
378.2,19
378.5,2
380.1,29
380.3,32
380.9,14
382.9,7
384.5,39
384.7,3
384.9,9
385.2,34
385.5,1
385.7,4
385.9,12
386.3,0
386.5,31
388.1,11
388.2,23
388.6,27
388.6,33
389.0,8
389.3,30
389.4,29
389.5,21
392.3,32
393.2,38
394.2,10
394.3,19
396.1,7
397.6,36
397.7,26
397.8,9
397.8,23
397.9,1
398.0,29
398.6,12
398.6,31
398.7,33
399.2,0
402.0,32
402.4,30
402.5,14
402.7,15
403.6,13
403.7,27
403.8,4
403.9,37
404.6,8
404.9,21
405.1,3
406.7,1
407.5,39
407.8,19
407.9,23
408.0,11
409.8,34
411.1,38
411.2,12
411.5,29
411.9,35
412.8,10
413.0,7
413.0,22
413.3,8
413.3,27
413.8,33
415.7,1
416.0,0
416.7,9
416.7,31
417.3,30
418.1,21
418.8,13
418.8,39
419.2,11
419.8,23
420.0,6
420.1,3
420.4,4
420.4,32
420.7,15
422.6,19
423.0,38
424.5,12
424.6,27
425.7,14
425.9,21
426.8,25
426.9,0
427.2,29
427.4,1
428.8,7
430.1,23
430.1,36
430.2,4
432.2,26
432.4,33
432.6,15
432.8,30
432.9,17
433.2,8
433.5,11
433.6,31
433.7,12
433.8,27
434.1,3
437.0,9
437.4,34
438.5,32
438.5,38
438.8,2
439.0,33
439.1,13
440.8,1
441.2,29
441.3,39
442.6,19
442.6,21
443.4,27
443.8,7
443.8,8
445.0,10
446.4,11
447.0,30
447.5,12
447.9,0
448.1,23
448.8,4
448.8,32
449.4,33
449.5,1
450.1,36
450.4,31
450.7,37
450.8,16
452.3,6
452.3,39
453.4,15
453.7,35
454.1,27
455.0,21
455.0,26
455.0,28
455.1,34
455.1,38
455.2,14
455.4,3
455.4,9
456.1,8
456.3,19
457.6,29
457.9,23
458.1,11
458.3,12
458.6,7
459.1,30
461.4,4
461.9,32
462.9,1
463.0,25
463.9,0
464.4,33
465.4,11
466.6,27
467.5,15
467.5,36
467.6,24
468.5,8
468.6,23
468.7,12
468.8,9
468.9,10
469.2,38
470.3,29
470.3,30
470.8,1
471.8,19
471.9,31
472.5,21
473.2,26
473.4,39
474.0,13
474.2,2
475.1,37
475.6,34
476.4,3
476.4,8
477.0,7
477.4,38
477.7,27
478.6,22
478.7,0
479.7,32
479.9,4
480.0,6
480.0,11
480.7,33
482.2,23
482.8,12
483.1,30
485.6,19
486.4,10
486.9,15
487.2,39
488.1,1
489.3,7
489.4,0
489.7,11
490.3,14
490.4,38
490.6,8
490.6,27
490.6,30
491.0,34
491.2,32
491.5,2
491.6,4
491.9,29
492.2,21
492.6,3
492.9,9
493.1,13
493.1,35
493.2,12
493.2,31
493.2,33
494.3,23
498.3,36
498.9,27
500.0,1
501.0,26
501.3,19
501.9,30
502.2,0
502.2,7
502.4,16
502.7,11
502.9,9
503.0,3
504.8,33
505.9,27
506.1,12
506.4,23
506.8,37
507.1,38
507.4,4
507.5,8
507.8,15
508.0,31
508.5,32
508.9,29
509.7,39
510.5,13
512.4,21
513.6,11
514.1,2
514.6,22
514.7,7
514.8,1
515.7,30
515.8,14
516.3,34
517.0,27
517.5,19
517.5,29
517.7,33
517.8,12
518.8,3
518.8,4
519.9,17
521.3,9
521.6,15
523.0,23
523.4,36
525.3,32
525.5,8
525.8,0
526.0,1
526.1,10
526.1,12
526.2,11
526.3,33
527.5,27
527.8,38
529.0,30
529.9,7
530.1,21
531.7,31
531.8,20
534.0,23
534.3,29
534.3,39
537.2,33
537.3,26
537.4,19
537.6,1
537.8,27
537.9,12
538.2,4
538.4,9
539.1,15
539.2,14
540.4,13
541.0,30
541.0,38
541.1,35
541.2,11
541.3,7
541.3,32
542.3,8
542.6,31
542.9,23
543.4,34
543.7,29
544.0,10
546.1,3
546.3,0
546.3,21
546.8,27
549.8,1
550.1,33
550.5,4
550.6,19
550.9,12
551.5,7
551.9,9
552.0,15
552.1,38
552.3,30
553.1,36
554.1,11
554.2,2
554.9,22
554.9,39
555.5,8
556.1,23
556.2,26
557.5,32
557.7,31
557.9,27
558.3,34
558.6,14
558.8,29
559.8,1
559.9,21
560.6,13
562.5,12
563.2,30
563.8,10
563.9,3
564.0,11
564.3,4
564.6,0
564.8,33
565.2,29
566.0,19
569.9,23
570.4,32
570.5,39
570.7,9
570.9,38
571.0,27
571.5,8
571.5,12
571.6,1
572.4,15
573.0,7
573.0,33
573.7,36
574.4,21
576.0,26
576.6,31
577.4,37
578.0,3
578.1,0
578.8,11
578.9,2
579.0,28
579.2,12
579.2,17
579.8,14
579.8,27
579.9,23
580.3,24
583.4,30
584.8,29
585.5,4
585.5,7
586.1,38
586.4,34
586.8,1
587.1,8
587.3,9
587.8,21
588.0,19
588.6,13
589.0,33
589.8,27
589.9,15
589.9,31
590.0,36
590.1,12
590.3,3
590.5,39
590.9,23
591.0,10
591.1,22
594.1,32
594.6,11
596.4,4
596.8,1
597.3,34
597.8,30
598.1,7
598.3,14
598.5,19
599.4,0
599.4,27
599.6,29
599.6,38
601.8,8
601.8,33
601.9,23
601.9,32
602.2,12
602.3,31
603.2,21
603.9,3
604.4,26
606.4,1
606.6,4
606.6,11
606.7,39
607.5,2
608.6,30
608.8,27
608.8,35
610.2,12
610.8,7
611.7,19
612.7,9
612.7,22
612.7,29
613.7,31
614.0,15
614.0,32
614.1,21
614.1,33
614.8,11
615.3,34
615.5,1
616.2,13
616.6,0
617.5,27
618.3,8
618.4,23
618.5,36
620.0,30
620.6,37
621.0,14
621.4,16
621.5,32
622.3,33
622.6,10
622.8,12
622.8,38
622.9,24
622.9,35
623.1,21
623.4,31
624.0,4
627.4,1
628.4,27
628.6,13
628.9,29
629.9,23
630.1,3
630.5,7
630.7,19
630.7,26
631.1,9
631.1,30
631.4,11
631.6,8
632.3,15
633.0,21
633.6,39
634.1,12
634.1,31
634.4,0
635.7,36
639.8,32
639.9,34
640.1,1
640.2,33
640.6,29
640.9,3
641.0,4
641.0,27
641.0,17
641.2,11
641.3,2
642.6,7
643.2,38
643.4,10
644.2,30
644.6,12
645.0,23
646.8,31
648.0,21
649.9,14
650.1,26
650.6,11
651.1,32
651.2,1
651.3,19
651.6,39
651.9,27
652.1,29
652.5,0
652.7,33
653.0,36
653.6,8
653.9,30
655.1,4
655.3,15
655.4,9
656.5,12
656.6,10
656.7,6
658.3,14
658.3,26
658.5,7
658.5,13
658.9,38
659.7,27
660.0,35
660.7,21
661.5,19
661.6,23
661.7,1
661.8,24
662.1,3
662.5,31
664.3,32
665.2,29
666.1,0
666.4,22
666.5,12
667.0,20
667.9,11
668.2,33
668.8,8
669.2,30
670.5,39
670.6,37
671.0,1
671.1,2
671.6,27
671.7,36
673.0,38
673.1,4
673.1,15
673.2,21
674.3,3
674.8,7
674.8,23
674.9,9
675.0,14
675.1,34
675.9,12
679.3,32
679.8,19
679.9,11
680.3,27
681.0,1
681.3,29
681.7,0
684.0,25
684.7,7
685.3,31
685.7,35
685.9,15
686.5,12
686.5,39
686.7,4
687.0,30
687.0,38
687.1,33
687.8,16
687.8,23
687.9,34
688.2,8
688.2,10
688.6,13
689.7,27
690.3,29
691.0,21
691.6,14
691.9,1
692.6,11
692.6,26
693.3,19
693.4,32
694.6,0
695.1,3
695.5,38
695.8,33
695.9,9
697.7,4
697.7,27
698.9,12
699.8,23
700.1,8
700.6,7
700.6,36
701.0,30
701.6,15
701.8,1
702.3,39
702.4,21
702.4,29
703.9,10
704.8,31
705.3,13
705.4,11
705.7,0
707.9,9
708.3,12
709.4,26
709.6,22
709.8,27
710.2,2
710.4,4
710.4,33
710.9,32
711.4,1
712.1,3
712.7,14
713.8,11
713.8,23
714.3,19
714.3,36
714.6,30
715.1,35
715.2,7
715.4,21
715.7,34
716.0,12
717.4,8
717.9,33
719.1,0
719.2,17
719.2,27
719.6,39
721.6,9
721.8,15
722.6,29
723.1,12
723.1,30
723.4,38
723.7,13
724.6,31
724.8,23
725.8,32
726.1,4
726.6,21
727.4,1
727.9,27
729.1,7
729.8,33
731.2,11
731.3,10
731.6,3
732.6,19
732.9,36
734.4,29
734.8,12
735.6,35
736.3,23
736.8,30
736.9,1
736.9,39
737.1,0
737.3,34
737.8,8
738.5,4
738.6,27
739.7,32
740.3,2
741.0,31
741.2,33
743.7,29
744.3,21
744.3,26
744.8,12
744.9,15
745.0,13
746.3,38
746.8,11
746.8,37
747.1,7
747.1,22
748.3,19
749.2,9
749.2,27
750.3,3
750.5,34
751.2,30
751.4,24
752.1,23
752.2,6
752.4,32
752.8,1
753.0,12
753.4,0
753.5,4
754.5,33
756.8,21
756.8,31
757.5,8
757.6,11
757.6,14
759.0,10
759.5,36
760.1,29
760.5,27
761.2,19
761.6,7
762.0,12
762.1,9
762.1,38
762.7,30
763.1,39
763.1,4
763.6,25
764.1,28
764.3,23
765.6,32
767.3,3
767.4,13
767.8,1
768.3,26
769.9,21
770.1,11
770.2,27
770.5,33
770.5,39
772.1,31
772.3,0
772.3,34
773.0,29
773.4,14
776.3,32
776.6,30
776.9,2
777.1,15
777.5,35
777.6,19
777.7,22
777.9,12
779.3,3
779.4,23
779.7,27
780.0,4
780.1,13
780.3,1
780.4,8
780.6,7
780.6,38
780.8,0
782.0,20
782.5,31
783.5,11
783.5,29
783.9,10
784.5,12
785.1,33
785.9,34
787.2,14
788.8,1
788.9,36
789.8,27
789.9,9
790.1,39
790.4,23
791.1,19
791.1,32
791.3,21
792.3,11
794.5,26
794.6,29
794.9,31
795.3,30
795.8,12
795.8,38
796.6,0
796.6,15
796.8,4
797.0,27
797.2,23
797.3,33
799.7,21
801.7,13
801.8,32
802.9,7
803.1,19
804.0,1
804.2,8
805.6,10
806.5,24
807.0,36
807.2,12
807.2,23
807.8,33
808.2,0
808.3,39
808.6,3
809.3,29
809.5,27
809.6,31
809.7,9
809.9,30
810.0,11
810.3,14
810.5,2
810.5,32
810.7,7
812.1,38
812.9,37
814.4,4
814.7,19
814.9,8
815.3,22
815.6,1
817.7,33
817.9,15
818.1,35
818.6,34
819.0,16
819.1,27
819.4,23
820.3,13
822.5,21
823.1,39
823.7,7
823.8,31
823.9,0
824.5,26
824.9,29
824.9,30
825.0,11
825.2,8
825.4,12
826.0,1
826.1,3
826.4,32
827.2,38
827.4,2
830.2,4
830.2,27
833.0,14
833.0,19
833.4,35
833.7,23
834.4,16
834.4,36
834.5,15
834.5,21
834.5,29
834.7,30
834.7,33
835.3,9
836.1,12
836.7,8
837.2,27
837.6,10
838.0,11
839.1,17
839.2,7
839.6,32
839.9,22
840.2,1
840.4,31
841.1,13
842.0,34
844.8,26
845.7,14
845.9,38
846.1,39
846.2,3
846.3,4
846.6,0
846.8,21
847.1,27
847.3,19
847.5,36
848.6,30
848.8,29
849.5,12
850.3,33
851.5,23
851.8,31
852.5,13
852.9,8
853.1,11
853.4,2
854.3,1
855.5,15
856.4,27
856.7,0
856.8,19
857.5,35
857.9,3
857.9,12
858.2,7
858.3,4
858.8,37
858.9,38
860.2,9
861.1,32
861.9,8
861.9,23
862.2,28
862.6,30
862.8,33
863.5,14
863.8,21
863.9,13
864.6,36
864.9,10
865.1,27
865.2,31
866.2,11
866.3,29
867.0,3
867.1,15
868.4,1
870.6,12
870.7,39
871.6,0
871.8,23
872.3,4
872.3,7
872.5,31
872.8,22
873.2,30
874.1,29
874.5,19
874.6,21
874.6,34
875.0,6
875.3,1
875.9,32
876.0,11
876.3,38
876.4,9
878.3,33
878.9,2
878.9,27
879.2,17
880.2,23
881.6,13
882.7,12
885.7,8
886.0,31
886.0,37
886.4,36
886.8,7
886.8,39
886.9,11
887.3,15
887.8,0
887.9,29
888.4,1
888.5,19
888.6,3
889.5,4
889.5,38
889.8,21
890.0,14
890.0,33
890.6,30
890.6,32
890.7,10
890.9,27
893.7,23
896.6,12
896.9,8
897.2,1
897.6,11
898.0,9
898.4,27
899.0,22
899.4,31
899.4,39
900.5,23
901.9,36
902.1,0
902.1,30
902.7,29
903.3,33
903.5,34
904.2,38
904.5,7
904.7,21
905.7,12
906.1,13
906.2,32
906.3,20
906.4,19
906.7,4
907.5,26
908.0,3
909.1,10
909.2,11
910.7,27
911.2,23
911.3,15
912.0,1
913.6,8
913.6,30
914.6,31
915.9,12
916.3,33
916.9,14
917.3,32
918.9,39
919.1,21
919.1,34
919.1,38
919.7,27
919.8,2
919.8,17
920.3,0
920.3,36
920.4,24
920.5,9
920.6,3
920.6,4
920.6,11
920.8,7
920.8,19
920.8,29
920.9,37
921.1,13
921.2,22
921.2,28
921.4,12
921.9,23
922.4,30
923.8,1
926.7,8
927.0,10
928.6,13
929.4,31
929.6,21
929.8,7
929.9,33
930.2,15
932.1,9
932.4,11
932.5,23
932.6,12
932.7,32
933.7,27
933.9,29
934.0,1
934.9,4
935.3,30
936.1,39
937.6,34
938.8,0
941.4,3
943.2,37
943.7,31
943.8,38
943.9,12
944.2,33
944.4,32
944.4,36
944.5,29
945.3,17
945.5,7
945.7,1
945.9,8
945.9,19
946.3,26
946.4,6
946.4,27
946.5,23
946.8,11
947.0,9
950.8,39
951.3,35
952.9,25
953.0,21
953.1,11
953.2,30
953.4,4
953.4,13
953.6,14
953.9,23
954.1,10
954.3,0
954.5,12
954.9,1
955.0,15
955.1,2
955.8,16
955.8,27
956.0,31
959.2,33
959.3,34
960.0,7
961.0,38
961.4,29
961.6,3
962.3,36
962.5,9
962.5,39
963.2,19
963.8,26
963.9,8
964.3,30
964.4,27
965.6,32
966.5,14
967.0,11
967.1,21
967.6,1
968.1,22
968.5,23
968.9,0
969.1,12
969.2,6
970.3,33
972.0,29
972.8,13
973.7,15
973.8,4
974.4,27
974.4,39
974.5,2
975.2,7
975.7,31
976.1,3
976.3,30
976.6,38
976.7,8
977.3,19
978.0,32
979.2,21
980.5,11
981.7,34
982.6,23
982.8,4
982.9,36
983.9,39
984.5,10
985.6,9
985.7,1
986.9,0
986.9,12
986.9,27
987.1,7
987.5,26
987.5,30
987.8,31
987.8,33
988.2,29
989.2,11
992.7,3
993.2,23
994.3,17
994.7,13
995.3,32
995.4,16
995.7,38
996.0,21
996.1,27
996.6,15
997.0,4
997.0,19
997.5,12
997.8,24
998.2,11
998.4,9
998.5,2
999.2,8
999.2,14
999.4,29
999.4,30
1000.1,33
1000.4,39
1000.4,20
1002.3,1
1002.6,0
1003.4,10
1003.8,12
1004.4,31
1004.9,23
1005.3,22
1005.4,34
1005.5,7
1007.6,27
1008.0,3
1008.4,21
1008.4,32
1009.3,6
1009.7,37
1010.2,30
1010.5,4
1010.7,33
1011.3,19
1011.8,11
1011.9,1
1013.1,12
1013.5,38
1014.0,29
1014.3,36
1015.8,23
1016.3,26
1016.4,39
1017.0,7
1018.1,27
1018.8,19
1018.9,15
1020.6,9
1020.8,8
1020.8,12
1020.9,0
1021.1,34
1021.5,11
1022.0,13
1022.0,14
1023.1,3
1023.4,1
1023.7,21
1024.9,30
1024.9,35
1025.5,33
1026.0,29
1026.5,10
1026.7,8
1027.3,4
1027.4,27
1027.5,31
1028.1,23
1032.8,32
1033.3,26
1033.9,1
1033.9,7
1034.7,24
1035.3,11
1035.4,0
1036.2,38
1036.4,33
1036.6,19
1037.7,39
1038.2,30
1039.6,23
1039.7,12
1040.3,22
1040.4,9
1040.5,4
1040.8,8
1041.0,14
1041.3,21
1041.3,36
1041.5,2
1041.5,15
1041.5,32
1042.2,27
1042.6,31
1042.9,7
1043.5,1
1044.9,13
1044.9,34
1045.2,3
1046.9,11
1048.3,12
1048.7,28
1049.2,29
1049.3,33
1050.4,38
1050.7,23
1051.8,19
1051.9,1
1052.1,27
1052.1,39
1052.7,15
1053.1,31
1056.2,10
1056.3,30
1056.8,34
1056.8,4
1057.0,8
1057.3,36
1057.4,0
1057.4,7
1057.7,12
1058.2,3
1058.6,32
1058.7,23
1059.2,21
1059.6,29
1059.6,33
1059.9,11
1060.5,31
1060.6,13
1061.1,14
1061.3,1
1061.8,2
1065.5,38
1067.1,39
1067.3,26
1067.3,27
1068.1,19
1068.4,24
1068.5,8
1069.0,9
1069.1,35
1069.2,15
1069.6,25
1069.8,37
1069.9,32
1070.0,12
1070.3,36
1071.2,34
1071.5,23
1072.0,14
1072.8,4
1074.1,33
1074.2,1
1074.8,0
1075.2,29
1075.3,27
1076.0,31
1077.0,11
1077.2,30
1077.3,21
1078.9,7
1079.3,8
1079.4,35
1079.5,15
1079.7,3
1080.2,39
1080.7,29
1082.2,23
1083.2,13
1083.6,19
1084.0,22
1084.1,12
1084.2,6
1084.2,17
1084.7,2
1084.7,1
1085.0,7
1085.2,32
1085.7,0
1085.7,4
1085.7,38
1086.7,9
1086.8,33
1086.9,27
1087.0,11
1089.8,30
1090.1,31
1090.3,34
1090.6,21
1091.6,26
1092.2,29
1094.2,8
1094.6,13
1094.8,10
1095.4,33
1096.2,15
1096.8,23
1097.1,0
1097.7,32
1097.9,1
1098.3,12
1100.0,36
1100.4,30
1101.0,4
1101.5,39
1101.6,27
1101.7,3
1102.3,11
1102.4,9
1102.5,7
1102.9,19
1103.0,14
1103.2,31
1106.5,23
1107.4,38
1107.7,12
1107.7,21
1108.2,8
1108.5,33
1110.0,0
1111.3,34
1112.0,27
1112.4,5
1112.8,26
1112.9,10
1113.1,1
1114.1,11
1114.9,4
1114.9,36
1115.1,15
1115.4,14
1115.6,32
1115.9,31
1116.2,30
1116.3,23
1117.0,29
1117.2,19
1119.2,7
1119.3,12
1121.7,39
1121.9,22
1121.9,38
1122.2,8
1123.1,13
1125.0,27
1125.1,33
1126.5,3
1126.5,23
1127.3,0
1127.3,24
1127.4,11
1127.7,9
1127.8,4
1127.9,1
1127.9,20
1127.9,29
1128.5,15
1128.9,37
1129.1,21
1129.4,7
1130.2,2
1130.9,12
1133.3,27
1133.4,19
1133.8,30
1134.5,8
1135.0,31
1135.6,14
1135.7,35
1136.1,34
1136.9,1
1137.8,32
1137.8,39
1137.9,13
1137.9,38
1138.8,36
1139.7,3
1139.8,12
1139.8,33
1140.4,0
1140.6,10
1140.9,23
1140.9,27
1141.1,7
1143.1,11
1143.3,4
1144.4,31
1144.8,15
1145.7,21
1146.2,28
1147.9,29
1149.1,19
1150.5,38
1151.4,33
1151.6,1
1151.7,9
1152.7,2
1152.7,30
1153.0,39
1153.5,27
1153.6,23
1154.2,11
1154.4,8
1154.4,12
1154.9,0
1155.1,14
1155.6,26
1157.7,7
1157.8,13
1157.9,34
1158.4,15
1159.3,32
1159.4,4
1160.0,11
1160.7,3
1161.9,31
1162.8,23
1163.5,29
1163.8,21
1164.9,27
1166.1,36
1166.1,39
1166.5,9
1166.5,38
1166.8,6
1166.8,24
1166.9,19
1167.6,0
1168.8,1
1169.3,32
1169.6,10
1170.1,12
1170.3,30
1170.6,33
1170.9,13
1172.0,8
1172.9,11
1173.9,9
1174.0,7
1174.2,14
1174.6,3
1175.3,31
1175.7,27
1176.9,4
1177.0,23
1177.0,34
1179.2,1
1179.2,21
1179.5,16
1179.5,29
1179.7,12
1179.8,32
1180.0,33
1180.0,38
1180.8,30
1181.5,0
1181.7,19
1184.8,22
1185.0,3
1185.3,23
1185.5,39
1185.9,10
1186.1,27
1186.2,11
1186.7,24
1187.6,7
1187.9,4
1188.0,15
1188.3,12
1188.3,38
1188.4,31
1188.8,1
1188.9,35
1189.2,36
1193.6,14
1193.9,32
1194.1,26
1194.3,9
1194.7,39
1194.9,29
1194.9,30
1195.0,33
1196.6,13
1196.7,8
1199.0,11
1199.5,3
1199.6,27
1200.1,12
1200.7,23
1202.1,38
1202.8,21
1203.6,0
1204.7,1
1205.3,19
1205.4,22
1205.4,34
1205.8,7
1206.5,31
1206.8,9
1206.8,30
1206.9,23
1207.1,37
1208.0,15
1208.5,36
1208.7,32
1209.1,38
1209.6,4
1210.0,12
1210.7,13
1210.8,29
1211.5,2
1211.8,1
1211.8,11
1212.2,27
1212.3,33
1212.4,21
1213.4,14
1214.4,31
1215.8,39
1215.8,3
1216.3,8
1218.0,0
1218.1,23
1219.3,19
1219.9,11
1220.6,30
1221.4,4
1221.4,10
1221.4,26
1221.9,32
1222.8,21
1222.9,27
1223.0,2
1223.1,7
1223.4,12
1223.6,15
1224.0,9
1224.0,19
1224.5,33
1224.6,1
1225.4,29
1225.9,31
1227.0,23
1227.4,8
1228.4,38
1229.4,34
1229.8,14
1229.8,25
1230.1,35
1230.5,12
1230.6,30
1230.7,39
1231.5,13
1232.4,3
1232.6,22
1232.8,27
1233.2,21
1233.4,32
1234.0,4
1234.3,23
1236.7,7
1237.9,10
1237.9,24
1237.9,0
1239.1,1
1239.2,33
1239.5,29
1240.5,9
1240.6,2
1240.9,11
1241.0,27
1241.1,31
1241.1,36
1241.2,15
1241.2,19
1243.7,13
1244.3,12
1245.8,4
1246.9,39
1247.2,32
1247.8,30
1247.8,38
1248.3,23
1248.4,26
1248.6,21
1249.4,29
1251.0,8
1251.0,12
1251.7,1
1252.8,27
1253.1,3
1253.2,35
1253.9,11
1254.1,34
1254.8,7
1255.1,31
1255.5,23
1256.7,39
1257.1,0
1257.1,33
1257.3,9
1257.3,19
1257.3,21
1257.6,26
1261.2,29
1262.1,13
1262.1,27
1262.5,2
1262.6,38
1262.7,30
1262.8,17
1263.0,14
1263.3,4
1263.4,12
1264.1,1
1264.8,15
1265.2,11
1266.1,36
1266.9,32
1267.5,31
1267.7,8
1269.6,39
1270.7,28
1271.7,7
1272.5,1
1272.5,10
1272.7,33
1272.8,0
1272.9,9
1273.1,21
1273.5,23
1275.2,12
1275.6,27
1277.7,29
1278.0,19
1278.3,32
1278.3,14
1279.4,3
1281.5,34
1281.6,4
1281.6,30
1282.1,8
1282.8,21
1283.0,39
1283.3,1
1283.4,11
1283.9,33
1283.9,38
1284.0,26
1284.3,23
1285.4,31
1285.6,12
1285.8,27
1286.1,22
1286.5,35
1287.8,2
1288.4,15
1289.0,7
1289.3,9
1290.9,21
1291.0,0
1293.2,36
1294.2,33
1294.8,1
1295.3,29
1295.8,11
1295.9,23
1296.5,14
1296.5,26
1296.5,30
1297.4,16
1297.8,3
1297.8,10
1297.8,12
1297.9,7
1298.0,27
1298.3,31
1298.5,13
1299.7,19
1300.7,34
1301.3,32
1302.0,39
1303.0,8
1303.5,37
1303.9,15
1304.2,0
1304.5,23
1305.2,9
1305.2,33
1305.6,12
1305.6,27
1306.9,4
1307.0,29
1307.7,1
1309.0,21
1309.0,38
1309.2,2
1309.4,30
1310.1,24
1310.8,3
1311.1,11
1312.2,10
1313.1,32
1313.5,7
1313.7,31
1315.0,39
1316.6,27
1317.1,12
1317.5,19
1317.8,29
1318.2,35
1318.4,33
1318.7,4
1318.7,23
1318.7,26
1319.0,8
1319.1,1
1320.6,15
1321.4,11
1321.8,0
1322.0,30
1322.2,21
1322.5,7
1323.5,14
1323.5,32
1323.8,38
1324.2,13
1326.3,34
1327.5,3
1327.8,31
1328.6,39
1328.9,29
1329.5,12
1330.0,27
1330.1,4
1330.1,22
1330.2,19
1330.2,23
1330.6,36
1331.2,7
1331.7,28
1333.6,21
1333.9,33
1334.1,11
1335.2,1
1335.2,2
1335.6,9
1337.2,8
1337.4,0
1337.5,10
1337.5,15
1337.5,32
1337.8,30
1337.9,25
1337.9,38
1338.1,35
1338.2,23
1339.4,26
1339.9,31
1340.2,27
1340.6,12
1343.3,3
1344.8,29
1344.8,39
1345.1,7
1345.7,1
1346.2,4
1347.6,15
1347.6,23
1347.6,27
1347.9,19
1348.9,20
1349.6,11
1350.3,33
1350.5,12
1350.5,30
1351.5,14
1352.1,8
1352.5,21
1353.7,7
1354.1,32
1354.5,0
1355.3,31
1356.8,39
1357.1,1
1357.3,4
1357.9,23
1358.0,37
1359.0,13
1359.9,27
1359.9,38
1360.4,19
1360.6,3
1361.0,11
1362.9,34
1363.6,12
1363.8,10
1363.9,33
1364.5,8
1365.9,9
1367.0,30
1367.3,2
1368.3,32
1368.6,15
1369.0,0
1369.0,29
1369.0,27
1369.4,31
1369.4,35
1370.4,39
1371.0,14
1371.0,36
1371.4,1
1371.5,12
1372.3,7
1372.3,21
1372.4,38
1373.5,4
1373.5,23
1374.2,11
1374.9,22
1376.9,19
1378.5,33
1378.9,1
1379.2,8
1379.6,9
1379.9,0
1381.2,27
1381.4,3
1381.4,29
1381.4,30
1381.5,38
1381.7,12
1382.5,25
1383.8,11
1385.7,23
1387.8,4
1389.3,12
1389.8,1
1389.8,36
1389.9,19
1390.0,31
1390.1,21
1390.1,39
1390.2,2
1390.5,32
1391.1,15
1391.7,33
1392.6,29
1392.8,26
1393.9,30
1394.2,8
1394.9,34
1394.9,11
1395.2,7
1396.0,14
1397.2,22
1397.4,3
1397.4,27
1397.5,16
1397.9,23
1399.0,17
1399.2,38
1399.4,4
1400.2,31
1400.5,0
1401.3,12
1402.4,1
1403.0,32
1403.3,21
1403.3,9
1403.8,29
1404.0,19
1404.7,33
1406.4,27
1406.6,39
1406.9,7
1408.2,10
1408.3,13
1410.3,8
1410.6,23
1411.0,2
1411.3,11
1411.4,34
1411.6,36
1411.8,24
1412.7,3
1412.9,38
1413.2,12
1413.5,31
1413.5,4
1414.3,30
1414.6,33
1415.0,29
1415.1,26
1416.4,15
1416.8,27
1416.9,32
1417.5,1
1417.6,0
1419.0,19
1420.4,21
1421.1,23
1421.5,7
1421.5,8
1421.5,9
1422.4,14
1422.9,11
1425.4,10
1426.1,35
1426.9,30
1427.1,12
1427.4,13
1427.4,27
1428.8,39
1429.0,22
1429.0,33
1430.1,7
1430.2,37
1430.3,36
1430.4,1
1430.5,34
1430.6,4
1431.7,32
1432.0,3
1432.8,19
1433.0,23
1434.2,31
1434.9,26
1436.0,11
1436.0,38
1436.3,29
1436.9,0
1438.3,9
1438.3,21
1438.6,27
1438.9,2
1439.4,6
1439.5,32
1440.4,14
1440.6,4
1440.8,30
1441.7,8
1441.9,12
1442.9,15
1444.3,33
1444.6,23
1445.8,29
1446.2,1
1446.4,7
1446.4,19
1446.8,17
1447.1,13
1447.4,38
1448.8,21
1449.4,27
1450.8,12
1451.0,30
1452.1,39
1452.6,11
1453.5,9
1454.1,24
1454.5,26
1454.9,4
1455.3,3
1455.5,14
1455.5,19
1455.8,10
1456.2,0
1456.3,1
1456.5,36
1456.7,7
1456.8,8
1457.0,31
1457.4,29
1458.5,2
1458.8,27
1460.0,23
1460.6,15
1461.2,12
1463.2,35
1463.5,21
1463.8,32
1463.8,34
1464.2,16
1464.5,11
1465.3,13
1465.5,4
1465.7,33
1465.8,39
1466.0,31
1467.2,27
1467.5,30
1467.8,29
1468.8,1
1469.9,19
1470.3,8
1471.3,12
1471.3,14
1471.7,23
1472.5,38
1472.8,9
1473.6,7
1473.9,0
1474.6,37
1476.4,10
1476.5,33
1478.2,29
1478.2,39
1478.3,32
1478.9,27
1479.2,3
1479.3,15
1479.3,31
1479.8,1
1480.1,21
1480.3,4
1480.3,11
1480.5,23
1481.1,12
1482.1,36
1483.3,30
1486.0,26
1486.2,19
1486.4,27
1486.9,22
1487.3,34
1487.8,23
1489.7,8
1490.3,31
1490.5,4
1490.9,35
1491.1,7
1491.2,14
1491.7,38
1491.9,33
1492.0,11
1492.5,29
1493.4,1
1493.4,2
1493.4,12
1493.4,21
1493.4,32
1493.4,39
1493.5,37
1494.9,3
1495.2,27
1498.5,15
1498.7,28
1499.0,0
1499.0,30
1500.7,23
1500.8,11
1501.5,26
1501.5,31
1502.0,4
1503.5,24
1503.7,27
1503.9,8
1504.2,32
1504.2,1
1505.2,39
1505.3,12
1505.3,13
1505.4,34
1506.8,9
1507.3,29
1507.7,2
1507.7,19
1508.1,21
1508.3,36
1509.3,7
1509.5,10
1509.9,30
1510.3,33
1512.2,23
1513.7,35
1514.0,0
1514.2,32
1514.8,3
1514.8,15
1514.9,4
1515.0,25
1515.3,38
1515.7,31
1516.3,37
1518.0,27
1518.3,11
1518.6,12
1519.3,14
1520.5,23
1521.4,39
1521.8,8
1522.1,1
1522.5,29
1523.5,33
1523.8,17
1526.3,7
1526.5,30
1527.5,4
1527.9,15
1528.7,31
1529.1,11
1529.2,9
1529.4,13
1529.4,21
1529.8,32
1530.2,12
1530.4,38
1530.5,3
1530.8,26
1532.0,19
1532.4,2
1532.6,29
1533.5,0
1534.3,23
1534.3,27
1534.4,1
1534.4,34
1535.7,22
1537.8,7
1537.9,4
1538.2,30
1538.2,36
1538.9,6
1538.9,13
1539.1,12
1539.9,33
1540.1,11
1541.3,8
1541.5,14
1541.6,31
1541.7,23
1542.7,32
1543.1,15
1543.4,21
1543.8,27
1543.8,29
1544.5,19
1545.2,39
1547.1,1
1547.6,10
1547.8,9
1548.1,0
1548.5,12
1548.5,38
1548.6,26
1548.9,11
1549.1,24
1549.1,28
1549.7,35
1550.0,4
1550.2,27
1550.4,3
1550.8,30
1551.1,7
1553.6,23
1554.0,21
1554.4,8
1555.1,12
1555.4,34
1555.8,29
1556.1,31
1556.5,2
1556.7,33
1556.8,19
1556.9,11
1556.9,25
1557.0,32
1559.7,1
1560.0,39
1561.6,13
1561.9,14
1562.9,30
1563.5,27
1564.8,12
1564.8,23
1564.9,38
1565.0,33
1567.8,9
1569.1,32
1569.2,36
1570.4,4
1570.5,15
1570.7,19
1570.8,16
1571.3,1
1571.4,7
1571.4,29
1572.7,3
1572.8,0
1573.0,21
1573.3,12
1574.0,10
1574.1,8
1574.4,38
1574.6,39
1574.7,31
1575.0,11
1575.1,34
1575.5,37
1575.6,23
1576.8,30
1577.7,27
1580.1,9
1580.7,19
1581.4,33
1581.8,26
1582.0,1
1582.2,32
1582.6,31
1583.6,14
1583.9,12
1584.1,35
1585.0,11
1586.1,29
1587.3,3
1587.6,7
1588.0,23
1588.3,21
1589.9,8
1591.0,15
1591.3,27
1591.7,0
1591.8,13
1591.8,25
1592.3,4
1592.7,33
1595.1,1
1595.2,38
1595.5,34
1595.7,10
1595.8,17
1596.3,39
1596.4,11
1597.2,32
1597.4,9
1597.5,20
1597.5,30
1597.8,23
1598.4,19
1598.4,22
1598.6,29
1598.9,12
1602.2,21
1602.7,7
1602.7,26
1603.3,31
1604.4,0
1604.4,36
1605.0,11
1605.0,23
1605.3,27
1605.4,2
1605.7,4
1606.0,1
1606.0,8
1606.7,3
1608.3,12
1608.8,30
1609.5,9
1611.1,37
1612.2,15
1612.9,23
1613.1,39
1613.3,29
1613.4,33
1614.2,19
1614.4,7
1614.6,34
1614.8,38
1615.2,11
1615.5,32
1615.7,4
1615.7,27
1617.3,14
1617.4,1
1617.8,21
1618.4,13
1621.0,8
1621.0,30
1621.6,12
1622.1,36
1622.8,32
1623.0,31
1623.0,33
1623.1,23
1623.6,0
1624.7,29
1625.7,10
1625.8,35
1627.1,9
1627.7,7
1627.8,1
1628.0,19
1628.6,15
1628.6,38
1629.1,4
1629.2,11
1629.6,27
1630.4,21
1630.9,26
1631.4,12
1631.6,39
1631.7,22
1632.0,2
1633.6,3
1633.9,0
1634.9,31
1636.0,30
1636.1,33
1636.4,32
1639.3,29
1639.3,27
1639.7,13
1640.1,4
1640.6,23
1640.7,15
1640.9,34
1641.1,25
1641.3,11
1641.3,14
1641.6,8
1641.8,20
1642.6,12
1642.8,10
1643.2,7
1643.5,1
1643.9,19
1645.4,30
1646.1,21
1646.8,38
1647.5,35
1648.1,0
1648.9,27
1649.1,26
1649.3,3
1649.4,39
1649.5,31
1649.6,4
1649.7,2
1649.8,29
1649.9,33
1651.0,32
1651.2,12
1651.2,14
1651.7,23
1651.8,8
1653.9,1
1654.0,34
1654.2,11
1655.6,9
1655.7,21
1656.3,39
1656.9,30
1660.1,15
1660.6,37
1661.0,31
1661.7,19
1662.5,27
1662.9,13
1663.0,3
1663.4,29
1663.4,33
1663.9,7
1665.0,12
1665.1,32
1665.5,38
1666.3,0
1666.4,23
1666.6,4
1668.5,26
1670.0,10
1670.8,11
1670.9,1
1670.9,36
1671.0,9
1671.5,8
1672.0,19
1672.4,7
1672.4,14
1673.8,31
1674.3,23
1674.5,30
1674.5,35
1675.0,25
1675.1,27
1675.3,24
1675.6,29
1676.8,21
1676.9,15
1677.0,12
1677.6,34
1677.8,22
1678.3,33
1679.9,0
1680.3,1
1681.3,11
1681.4,13
1682.3,32
1682.5,19
1683.5,9
1684.2,3
1684.6,38
1684.9,4
1685.7,6
1685.7,27
1685.7,30
1685.9,8
1687.1,23
1687.6,7
1687.7,29
1688.1,37
1688.3,11
1689.0,36
1689.6,31
1689.8,39
1690.4,2
1690.5,12
1690.7,10
1690.7,33
1691.2,1
1692.8,21
1692.9,15
1693.2,13
1694.1,14
1695.4,0
1695.7,27
1696.9,34
1698.1,23
1698.1,29
1698.3,32
1698.6,16
1699.2,3
1700.2,4
1700.9,12
1701.1,11
1701.5,30
1701.8,19
1703.6,9
1703.9,8
1704.2,35
1704.6,38
1704.7,26
1704.8,31
1706.2,33
1706.3,27
1706.3,36
1706.6,32
1707.0,1
1707.6,39
1707.9,15
1708.2,24
1708.5,22
1708.5,23
1709.1,12
1709.5,0
1711.6,11
1711.8,14
1712.1,4
1712.2,21
1714.1,34
1714.9,17
1715.8,29
1716.5,10
1716.6,7
1716.9,32
1717.0,27
1717.3,39
1718.3,2
1718.3,9
1718.3,13
1718.6,19
1719.0,30
1719.3,12
1719.5,1
1719.6,23
1719.8,31
1720.0,15
1722.4,8
1722.4,36
1722.6,33
1725.6,38
1725.8,3
1726.1,27
1726.8,21
1727.0,11
1727.9,0
1728.1,14
1728.8,32
1729.3,23
1730.1,15
1731.2,12
1731.5,30
1732.2,31
1732.8,29
1733.1,4
1733.3,1
1733.7,8
1734.1,26
1734.4,38
1734.7,39
1734.9,33
1735.0,11
1735.2,7
1735.2,19
1735.5,27
1737.7,3
1737.8,12
1738.0,37
1738.3,34
1738.7,28
1738.8,10
1739.2,13
1740.4,23
1741.0,9
1743.9,1
1743.9,32
1744.1,31
1744.9,27
1745.0,0
1745.0,6
1745.5,14
1746.9,7
1747.0,29
1747.5,33
1747.8,4
1748.4,38
1748.6,8
1748.7,30
1748.7,39
1749.8,11
1750.5,15
1751.3,21
1753.3,3
1753.5,23
1754.2,12
1755.2,19
1755.3,0
1755.3,34
1755.5,9
1756.6,32
1757.8,1
1758.2,26
1759.1,10
1760.2,30
1760.4,31
1760.7,27
1760.8,4
1761.0,7
1761.8,24
1762.0,29
1763.2,38
1763.7,23
1764.3,33
1764.6,35
1765.8,12
1766.0,15
1766.3,13
1766.3,36
1766.6,27
1767.1,11
1767.6,0
1768.4,19
1768.9,32
1769.0,2
1769.2,21
1769.5,3
1769.8,9
1770.3,4
1770.4,8
1770.4,29
1770.7,1
1770.8,22
1772.4,30
1773.8,34
1773.9,39
1774.0,14
1774.3,33
1775.6,10
1775.6,31
1776.7,7
1776.9,12
1776.9,23
1776.9,27
1777.8,24
1778.4,11
1779.8,15
1780.7,1
1780.7,37
1780.8,9
1781.8,21
1782.1,4
1782.1,8
1782.2,29
1785.2,0
1786.8,36
1787.0,32
1787.5,3
1787.5,30
1787.6,27
1787.9,7
1788.2,33
1788.4,25
1788.6,19
1788.7,38
1789.0,23
1789.3,12
1789.3,13
1792.2,4
1793.6,1
1794.4,11
1794.7,39
1796.8,8
1797.1,29
1797.5,35
1797.7,26
1797.8,10
1798.0,12
1798.1,27
1798.2,9
1798.4,0
1798.4,24
1798.9,15
1799.3,7
1799.4,31
1799.7,22
1800.1,34
1802.4,38
1803.1,21
1803.1,23
1803.5,30
1803.5,33
1803.7,1
1804.0,19
1804.9,36
1806.1,29
1807.0,14
1807.2,4
1807.2,11
1807.6,31
1808.5,37
1808.8,27
1809.3,2
1809.7,3
1809.7,23
1810.1,17
1810.5,9
1810.8,12
1811.8,15
1811.9,8
1812.3,32
1812.5,39
1813.5,13
1814.0,29
1814.2,1
1814.3,30
1815.8,7
1816.3,34
1817.0,12
1817.2,4
1817.2,26
1817.4,3
1817.6,0
1817.6,33
1817.7,21
1817.9,22
1818.1,16
1818.3,14
1818.9,27
1820.2,11
1820.9,19
1822.4,32
1823.2,23
1823.4,1
1824.6,28
1825.0,12
1825.2,10
1825.3,31
1827.8,2
1828.0,13
1828.7,29
1828.7,38
1829.2,27
1829.9,39
1830.0,21
1830.0,33
1830.3,8
1830.4,7
1830.4,23
1831.4,4
1832.4,19
1832.5,0
1833.5,3
1834.6,30
1835.1,1
1835.2,36
1835.5,12
1836.0,11
1837.4,34
1838.1,31
1838.3,27
1839.4,14
1839.8,38
1839.9,15
1840.0,9
1840.4,32
1840.5,23
1841.2,7
1841.3,8
1841.5,35
1842.1,33
1842.3,29
1842.8,2
1843.8,11
1844.3,1
1845.1,13
1845.4,19
1846.2,30
1846.3,21
1847.3,39
1847.9,26
1848.2,3
1848.7,37
1849.1,12
1849.5,4
1849.8,34
1850.0,27
1850.6,22
1851.3,7
1852.0,14
1852.0,38
1853.8,23
1853.9,0
1854.3,29
1854.4,24
1855.4,32
1855.7,1
1855.9,19
1856.6,36
1856.7,21
1856.9,31
1857.7,8
1859.8,11
1860.3,15
1860.3,27
1860.4,10
1861.0,30
1861.2,33
1862.1,12
1862.8,7
1863.9,9
1864.6,39
1864.9,4
1865.5,31
1865.5,32
1865.6,23
1865.9,0
1865.9,29
1866.2,3
1866.5,11
1866.9,27
1867.0,1
1868.1,8
1869.9,30
1872.2,21
1872.8,13
1873.5,33
1874.1,2
1874.1,38
1874.2,34
1874.7,14
1875.5,23
1875.7,27
1876.2,19
1877.0,32
1877.6,12
1877.7,22
1877.9,1
1878.0,31
1878.8,4
1878.8,10
1879.0,3
1879.3,36
1880.2,29
1880.4,11
1880.6,39
1881.5,15
1883.5,0
1884.1,7
1884.1,8
1885.2,21
1886.0,9
1886.4,37
1886.7,27
1887.9,29
1889.3,12
1889.4,23
1889.7,33
1890.6,32
1890.8,38
1891.2,1
1891.4,26
1891.5,13
1891.9,31
1893.6,30
1894.2,19
1895.0,4
1896.1,0
1896.9,8
1897.7,7
1897.8,39
1898.1,36
1898.4,21
1898.5,14
1898.6,3
1898.6,11
1898.7,35
1899.1,27
1899.6,34
1899.7,16
1899.7,29
1899.9,12
1902.6,28
1902.8,1
1903.4,23
1903.8,33
1903.9,32
1904.2,38
1906.5,21
1906.6,30
1906.8,29
1907.3,15
1907.3,2
1908.1,22
1908.3,8
1908.4,19
1908.5,31
1909.0,9
1909.5,27
1913.4,11
1914.2,10
1914.2,39
1914.7,7
1914.8,34
1915.1,36
1915.5,32
1915.7,12
1916.5,33
1916.6,23
1917.3,27
1918.3,13
1918.9,4
1919.5,0
1919.5,3
1919.6,19
1919.8,26
1919.8,31
1919.9,30
1920.2,21
1920.8,29
1921.0,2
1921.4,24
1922.6,1
1922.9,11
1923.2,12
1926.2,8
1926.5,7
1926.5,14
1926.6,9
1926.6,36
1927.1,23
1927.1,27
1929.0,30
1929.3,0
1929.4,15
1929.8,19
1930.1,35
1932.5,38
1933.1,33
1933.7,1
1934.3,34
1934.3,39
1934.6,10
1934.8,26
1934.9,4
1934.9,21
1934.9,27
1935.0,7
1935.1,13
1935.2,29
1935.4,11
1935.6,12
1935.8,32
1939.3,3
1939.3,16
1940.1,31
1940.5,23
1941.6,19
1941.8,37
1942.7,33
1943.1,30
1943.5,4
1944.4,27
1944.7,29
1945.1,8
1946.0,6
1946.1,35
1946.4,32
1947.2,23
1947.3,1
1947.4,11
1948.1,12
1948.4,0
1948.7,38
1949.0,21
1949.7,9
1949.9,13
1950.0,2
1951.2,14
1952.8,39
1953.4,36
1954.6,19
1954.8,33
1954.9,30
1955.6,31
1955.7,15
1955.9,24
1956.2,27
1956.3,4
1956.3,8
1956.6,34
1956.7,7
1958.3,3
1959.2,13
1959.2,23
1959.4,38
1959.7,1
1959.7,29
1960.6,11
1961.0,32
1961.9,12
1963.2,10
1963.2,35
1963.5,27
1964.5,21
1965.4,39
1965.6,0
1966.6,9
1967.3,19
1967.6,33
1967.9,30
1968.1,4
1968.6,31
1969.1,25
1969.3,22
1971.0,1
1972.6,27
1972.8,15
1973.6,7
1975.1,23
1975.3,34
1976.0,12
1976.1,11
1976.4,8
1976.4,31
1976.5,4
1976.5,26
1976.6,3
1976.6,32
1977.4,29
1977.6,14
1978.5,39
1979.3,13
1979.3,38
1980.1,33
1980.5,2
1980.5,30
1980.6,19
1981.6,9
1982.0,11
1982.2,1
1982.6,0
1983.2,27
1984.6,35
1985.6,7
1986.1,29
1986.3,21
1986.8,36
1988.0,22
1988.0,28
1988.5,12
1988.8,32
1991.5,1
1991.7,31
1992.0,4
1992.3,3
1992.4,11
1993.0,27
1993.1,30
1993.2,33
1993.3,15
1993.5,23
1994.0,8
1994.1,12
1994.3,19
1996.0,39
1996.3,34
1997.1,9
1997.1,38
1997.6,14
1998.3,10
1998.4,29
1998.8,13
1999.1,37
2000.3,11
2000.3,24
2000.6,20
2000.8,26
2001.4,0
2001.4,12
2001.5,33
2001.6,21
2002.8,7
2002.8,23
2003.6,31
2004.1,27
2004.7,32
2005.1,4
2005.6,1
2006.4,3
2006.4,39
2007.0,30
2009.1,12
2009.7,19
2010.2,29
2011.7,33
2011.8,27
2012.1,15
2012.8,32
2012.8,38
2013.7,2
2013.8,7
2014.9,21
2015.0,1
2015.2,8
2015.3,23
2016.3,4
2016.4,31
2016.5,9
2016.6,22
2016.9,11
2016.9,36
2017.4,14
2018.1,25
2018.3,34
2018.9,13
2020.1,12
2020.7,39
2022.6,33
2023.2,0
2024.7,27
2025.0,29
2025.7,6
2025.9,4
2026.1,11
2026.2,8
2026.2,30
2026.7,16
2026.8,1
2027.0,7
2027.0,23
2028.2,21
2030.2,3
2030.8,19
2031.0,15
2031.3,38
2032.1,32
2032.3,26
2032.6,10
2033.1,12
2033.2,27
2034.8,0
2035.2,31
2036.3,8
2037.1,7
2037.3,29
2037.6,4
2037.6,30
2038.3,23
2038.4,9
2039.0,1
2039.6,33
2040.1,11
2040.7,13
2041.7,27
2042.0,21
2042.0,34
2042.4,36
2044.9,2
2045.5,14
2045.8,12
2047.0,39
2047.2,3
2048.1,19
2048.9,29
2049.1,4
2049.3,8
2049.7,7
2050.3,23
2050.6,11
2050.8,0
2051.0,1
2053.6,38
2053.8,27
2054.1,33
2054.4,32
2054.6,31
2056.4,12
2057.2,24
2057.9,17
2058.9,34
2059.3,9
2059.3,30
2059.6,1
2059.6,2
2060.2,13
2060.2,21
2060.6,19
2061.0,11
2061.0,15
2061.0,23
2061.6,4
2064.2,0
2064.7,26
2064.9,29
2065.2,27
2065.3,33
2065.7,7
2066.0,36
2066.6,39
2068.4,8
2068.6,22
2069.3,3
2069.3,32
2069.8,37
2070.0,31
2071.5,21
2071.7,1
2072.2,14
2073.0,12
2073.1,38
2073.2,13
2073.2,23
2076.4,11
2076.4,19
2076.4,27
2077.1,32
2077.5,7
2078.6,35
2079.0,15
2079.1,30
2079.6,31
2079.8,29
2082.6,4
2082.9,12
2083.5,8
2083.6,39
2083.9,23
2084.1,3
2084.1,34
2084.2,10
2084.5,1
2084.5,21
2084.8,0
2085.2,2
2085.4,11
2085.8,27
2086.7,33
2087.1,6
2087.9,7
2089.3,17
2089.5,9
2090.1,15
2091.2,13
2091.5,14
2092.7,30
2092.9,27
2094.0,19
2094.8,31
2095.8,12
2095.8,38
2095.9,32
2096.0,36
2096.3,1
2096.3,29
2097.4,34
2097.6,23
2098.1,4
2098.1,21
2099.8,33
2100.6,11
2101.5,8
2103.0,26
2103.1,7
2103.1,12
2103.6,39
2103.7,3
2103.7,22
2104.6,0
2105.2,15
2105.5,1
2105.5,27
2105.9,30
2107.5,23
2108.5,9
2108.7,11
2109.0,32
2109.3,19
2109.5,14
2110.4,38
2110.8,31
2111.0,4
2111.1,13
2112.3,27
2112.8,29
2115.7,12
2115.8,37
2116.1,15
2116.1,34
2116.3,21
2116.6,0
2117.1,33
2117.9,2
2118.0,1
2118.0,8
2118.2,23
2118.2,35
2118.5,10
2118.7,25
2118.9,36
2119.7,30
2119.8,7
2122.2,38
2122.5,28
2122.8,3
2122.8,27
2123.3,13
2123.5,11
2123.8,29
2126.4,4
2126.5,32
2127.0,12
2127.2,19
2127.2,39
2127.3,24
2127.3,31
2127.7,21
2127.8,9
2128.5,33
2128.7,1
2128.8,14
2129.3,34
2131.2,30
2131.6,26
2132.6,7
2132.7,23
2132.7,27
2132.9,8
2133.1,16
2133.2,0
2133.7,38
2135.8,13
2136.0,3
2136.5,11
2137.3,29
2138.5,12
2139.0,31
2139.6,15
2139.8,39
2140.5,4
2141.3,1
2141.4,32
2142.7,33
2143.6,19
2143.6,9
2144.9,17
2144.9,21
2145.0,34
2145.3,27
2145.5,8
2145.5,23
2146.5,10
2146.8,38
2147.4,22
2148.0,11
2148.8,1
2150.2,14
2150.5,31
2150.6,2
2150.9,36
2151.2,29
2151.5,30
2151.6,13
2151.8,7
2151.8,37
2152.2,0
2152.8,32
2153.4,12
2154.9,27
2156.6,23
2156.7,33
2157.1,3
2157.5,11
2158.4,26
2158.6,4
2158.6,35
2158.8,21
2160.4,19
2161.2,29
2161.3,15
2161.4,1
2162.7,12
2162.9,8
2163.4,0
2163.4,27
2165.5,7
2166.4,10
2167.3,30
2167.5,4
2167.5,9
2167.5,22
2167.6,23
2167.7,38
2168.0,34
2168.3,36
2168.6,39
2169.0,11
2169.1,1
2169.9,31
2169.9,33
2171.2,21
2171.6,29
2172.7,32
2173.0,27
2173.3,37
2173.5,12
2174.1,8
2174.1,38
2176.6,26
2177.0,1
2177.0,19
2177.8,14
2178.7,7
2178.7,13
2179.7,3
2180.2,39
2180.5,15
2180.9,24
2181.1,11
2181.1,25
2181.4,33
2181.9,4
2182.2,23
2182.3,27
2184.9,31
2185.5,30
2185.8,9
2185.9,12
2185.9,38
2186.1,0
2187.1,1
2187.5,8
2188.0,2
2188.3,29
2189.0,11
2189.3,21
2189.8,23
2189.9,34
2191.4,19
2193.1,32
2194.5,27
2195.1,39
2195.7,12
2196.3,10
2197.5,0
2197.6,4
2197.8,33
2198.0,31
2198.1,9
2199.5,29
2199.6,7
2199.9,8
2201.3,3
2201.4,1
2201.5,22
2201.5,24
2201.8,36
2201.9,17
2202.0,30
2202.4,21
2202.9,23
2205.1,14
2205.2,27
2205.6,11
2205.9,26
2206.4,38
2207.5,12
2208.8,6
2208.8,15
2209.8,30
2209.9,0
2210.2,37
2210.3,19
2210.3,33
2210.7,21
2211.1,13
2212.9,7
2213.4,32
2214.1,29
2214.2,1
2214.3,4
2214.3,10
2214.6,31
2214.8,8
2214.9,34
2215.0,23
2215.7,9
2215.7,39
2216.5,27
2217.1,35
2217.6,33
2217.9,15
2220.7,12
2221.5,0
2221.6,3
2222.0,30
2222.3,11
2223.0,36
2223.2,1
2224.7,23
2224.9,38
2225.0,31
2225.3,13
2225.5,29
2225.9,7
2226.7,27
2227.0,19
2229.2,8
2230.2,4
2230.3,32
2231.7,14
2231.9,26
2232.2,21
2232.6,12
2232.9,39
2233.5,1
2233.5,30
2234.4,11
2234.8,22
2234.9,10
2235.0,33
2235.1,34
2235.2,2
2235.4,27
2236.4,23
2237.6,37
2237.7,15
2238.0,7
2240.0,29
2240.3,35
2240.5,4
2240.7,9
2241.4,3
2243.6,1
2244.0,27
2244.1,21
2245.2,38
2246.8,11
2247.5,32
2248.2,0
2248.2,19
2248.2,23
2248.3,12
2248.6,14
2249.3,10
2249.6,31
2250.2,8
2251.1,39
2251.2,25
2251.2,30
2251.8,33
2254.0,13
2254.6,27
2255.5,36
2256.0,29
2256.3,26
2257.2,2
2257.5,4
2257.7,12
2258.2,21
2258.7,3
2259.0,7
2259.0,15
2259.4,32
2259.4,38
2259.9,1
2260.0,9
2260.4,23
2261.6,19
2262.5,11
2262.7,10
2262.7,30
2262.8,39
2263.0,31
2263.3,27
2265.1,0
2266.4,29
2266.4,34
2266.7,24
2267.2,22
2267.2,33
2268.4,4
2269.0,23
2269.3,14
2270.5,7
2271.0,16
2271.4,1
2271.4,8
2271.4,12
2271.5,26
2271.6,11
2272.1,32
2272.2,27
2272.5,9
2274.6,36
2275.4,0
2275.4,21
2276.0,19
2276.1,30
2276.2,3
2276.5,13
2279.1,17
2279.7,31
2279.8,4
2280.6,2
2280.6,29
2280.6,35
2282.0,39
2282.2,15
2282.3,33
2282.7,27
2282.9,38
2283.3,11
2284.1,1
2284.6,14
2284.8,12
2285.8,10
2286.1,23
2287.7,8
2288.0,19
2288.3,32
2289.2,30
2289.9,34
2289.9,26
2290.8,7
2291.0,6
2291.1,0
2292.3,29
2292.4,27
2293.0,21
2293.5,3
2293.5,11
2293.6,9
2293.7,39
2295.1,23
2295.7,1
2296.2,4
2296.7,33
2297.4,38
2297.7,31
2297.9,12
2298.0,15
2298.4,36
2298.8,13
2299.4,22
2300.5,32
2303.9,11
2304.1,27
2304.3,29
2304.6,1
2304.9,30
2305.0,3
2305.0,19
2305.8,8
2307.3,33
2308.2,23
2309.4,21
2309.6,9
2310.2,4
2310.4,0
2310.4,38
2310.7,34
2312.2,12
2312.6,14
2313.4,31
2313.9,27
2314.6,1
2314.6,32
2315.2,11
2315.3,10
2315.7,7
2316.6,36
2316.7,2
2317.0,23
2317.1,13
2317.2,39
2318.3,30
2318.6,33
2318.7,15
2319.2,29
2320.6,8
2321.5,3
2321.7,4
2321.8,12
2322.3,0
2322.3,27
2323.9,19
2325.5,21
2326.0,37
2326.2,11
2326.5,26
2327.5,9
2328.0,32
2328.1,31
2328.2,1
2328.6,39
2328.7,7
2329.2,23
2329.3,30
2331.1,27
2331.7,38
2333.5,12
2334.5,21
2334.6,33
2334.8,29
2337.0,19
2337.2,8
2337.4,11
2337.5,3
2338.6,15
2338.9,23
2339.0,4
2339.0,14
2339.7,28
2339.8,31
2339.9,27
2339.9,35
2340.1,39
2340.2,34
2340.3,1
2340.3,36
2341.4,30
2344.6,38
2344.7,0
2344.7,7
2344.7,32
2345.1,10
2346.1,12
2346.9,29
2348.0,13
2348.0,33
2348.2,21
2348.2,27
2348.6,37
2351.1,23
2351.5,31
2352.4,7
2353.0,11
2353.1,8
2353.4,9
2354.1,4
2354.3,19
2354.5,1
2354.5,30
2354.7,15
2355.0,34
2355.2,12
2355.2,32
2356.0,3
2356.0,26
2356.8,29
2357.0,27
2357.8,22
2360.4,39
2362.8,10
2363.0,33
2363.3,23
2363.3,31
2363.7,21
2364.9,4
2366.0,7
2366.3,11
2366.6,17
2366.7,1
2366.8,12
2367.2,0
2367.4,38
2368.6,36
2369.8,8
2370.0,27
2370.2,32
2370.3,16
2370.6,30
2370.7,29
2371.8,9
2372.1,13
2373.3,12
2373.8,33
2374.6,31
2375.3,19
2375.6,15
2376.4,14
2376.4,23
2377.4,3
2377.8,34
2378.0,11
2378.0,26
2378.3,4
2378.4,27
2378.8,2
2378.8,21
2379.7,1
2379.9,7
2380.9,0
2383.5,29
2384.7,30
2385.4,8
2385.8,12
2386.2,35
2386.5,23
2386.7,39
2387.4,33
2388.2,19
2388.5,13
2388.8,10
2389.0,22
2389.0,31
2389.4,14
2389.6,1
2390.6,38
2390.7,11
2390.8,15
2391.0,27
2391.3,32
2393.6,7
2394.6,12
2394.8,4
2394.8,9
2395.0,29
2395.1,3
2395.5,17
2395.5,34
2396.9,30
2397.7,36
2398.3,27
2398.9,23
2399.0,1
2399.4,33
2400.0,8
2400.7,19
2402.2,11
2402.2,21
2402.3,0
2403.0,12
2403.6,26
2405.8,31
2406.5,3
2406.6,32
2406.8,7
2407.9,29
2408.1,39
2408.8,1
2409.1,10
2409.7,4
2409.8,38
2410.2,30
2410.5,15
2410.6,19
2410.6,27
2411.5,23
2411.7,14
2412.3,0
2412.5,9
2412.5,12
2415.1,13
2415.7,11
2416.5,7
2416.8,33
2417.5,36
2417.6,31
2418.0,8
2418.3,34
2418.8,21
2419.2,37
2419.3,32
2419.7,20
2420.1,23
2420.3,39
2420.9,19
2421.7,30
2422.5,35
2422.7,38
2423.0,27
2424.1,12
2424.4,1
2424.4,2
2424.5,26
2426.0,9
2426.8,4
2426.8,29
2427.7,3
2428.0,33
2429.3,7
2429.8,34
2430.0,11
2430.2,10
2430.6,21
2431.5,27
2432.3,23
2432.6,0
2432.6,26
2434.1,8
2435.0,12
2435.4,31
2436.1,19
2436.8,38
2437.0,15
2437.0,30
2437.2,17
2437.6,32
2438.1,1
2439.3,4
2439.7,33
2440.8,7
2442.7,36
2443.6,29
2443.7,27
2443.9,0
2443.9,3
2444.7,14
2445.6,11
2445.8,23
2446.2,39
2446.7,12
2448.1,30
2449.3,34
2449.7,31
2449.8,21
2450.2,2
2450.2,6
2450.9,4
2451.1,1
2451.2,8
2451.9,13
2453.3,27
2453.5,33
2454.2,26
2454.3,19
2455.2,23
2455.8,12
2456.4,11
2456.5,15
2456.7,37
2457.1,7
2457.2,29
2457.4,10
2457.4,25
2457.4,38
2457.6,32
2458.4,3
2458.8,0
2459.0,9
2459.9,22
2460.3,31
2461.9,4
2462.7,14
2462.9,1
2462.9,39
2464.7,21
2466.4,7
2467.0,34
2467.3,19
2467.3,30
2467.5,27
2468.3,33
2468.6,36
2468.8,23
2469.0,29
2469.8,12
2470.1,3
2470.1,11
2470.2,13
2471.2,8
2472.9,1
2474.9,4
2475.0,15
2476.8,10
2476.8,21
2477.0,32
2477.9,9
2478.3,27
2479.3,31
2480.0,23
2480.1,13
2482.0,1
2482.6,8
2482.8,7
2482.8,12
2483.3,39
2484.2,30
2485.6,11
2485.7,15
2486.1,3
2486.3,33
2486.4,38
2487.7,0
2488.7,29
2488.9,4
2489.0,19
2489.1,35
2489.6,14
2489.6,26
2490.2,24
2490.8,12
2490.8,27
2490.8,34
2491.0,7
2491.0,11
2491.3,21
2491.4,23
2491.4,32
2493.2,37
2493.3,31
2494.8,1
2494.8,22
2495.2,2
2495.6,36
2495.7,33
2497.6,30
2498.2,15
2498.6,9
2499.5,13
2500.7,23
2500.8,27
2501.7,19
2502.2,39
2502.4,4
2502.8,12
2503.0,38
2503.1,7
2503.5,16
2503.7,3
2503.9,31
2504.1,8
2504.3,0
2504.7,21
2505.9,29
2506.7,11
2507.8,10
2508.8,1
2509.6,33
2509.9,32
2510.2,23
2510.3,9
2510.7,6
2511.1,12
2511.3,30
2512.5,27
2513.5,31
2514.6,22
2515.9,7
2516.9,14
2517.4,38
2517.5,4
2517.7,21
2517.9,3
2518.0,34
2518.5,36
2518.8,8
2518.9,26
2519.2,23
2519.2,29
2519.8,19
2520.1,0
2520.7,32
2521.6,11
2522.3,1
2523.1,12
2523.1,15
2523.6,27
2524.7,30
2525.0,39
2525.8,33
2526.4,13
2526.4,31
2527.3,7
2528.3,4
2528.4,12
2531.5,26
2531.5,29
2532.2,2
2532.2,27
2533.5,23
2533.8,8
2533.8,34
2534.7,11
2535.0,38
2535.6,21
2536.1,19
2536.2,3
2536.3,1
2536.7,32
2537.8,14
2538.2,37
2538.6,13
2538.8,10
2539.2,27
2539.3,4
2539.6,15
2540.3,22
2540.8,12
2541.5,21
2543.2,7
2543.9,30
2545.0,23
2545.3,0
2545.6,29
2546.3,31
2546.3,35
2546.4,38
2546.8,9
2547.4,11
2547.4,39
2547.6,1
2547.7,3
2548.1,33
2549.9,36
2550.6,34
2550.8,16
2550.9,27
2551.0,32
2551.2,19
2553.9,8
2554.0,0
2554.3,31
2555.2,30
2555.2,12
2555.4,13
2555.6,23
2555.9,21
2556.3,4
2557.7,29
2557.9,33
2558.2,9
2559.3,27
2560.1,26
2560.7,38
2561.4,1
2561.8,11
2562.8,32
2563.4,7
2563.9,39
2564.5,8
2565.6,30
2565.8,3
2565.8,4
2566.6,15
2566.9,12
2566.9,14
2567.1,19
2567.1,23
2567.6,27
2567.9,24
2570.1,31
2570.2,29
2571.4,21
2572.2,33
2573.1,1
2573.5,7
2574.6,34
2575.7,36
2576.9,0
2576.9,13
2577.1,12
2577.3,17
2577.7,9
2577.7,38
2577.8,11
2578.5,22
2578.8,30
2579.4,2
2579.4,27
2579.4,8
2580.2,15
2580.2,23
2580.6,4
2581.5,39
2581.7,21
2583.6,19
2584.3,37
2584.6,14
2584.9,29
2584.9,32
2585.1,3
2585.4,7
2585.4,10
2585.8,31
2586.7,38
2586.8,33
2586.9,0
2587.6,12
2588.6,1
2589.0,35
2589.3,23
2589.8,30
2590.1,34
2592.0,11
2593.1,4
2593.6,27
2594.4,37
2595.3,26
2597.1,23
2597.6,2
2597.6,8
2598.1,15
2598.4,1
2598.5,29
2599.2,21
2600.0,13
2600.6,9
2600.6,39
2600.7,4
2600.7,7
2600.8,12
2601.5,31
2601.9,11
2603.8,19
2603.8,38
2604.8,10
2605.1,32
2605.8,26
2605.9,33
2606.3,27
2607.2,34
2608.1,15
2608.2,25
2608.8,23
2609.2,3
2609.2,14
2609.4,30
2609.7,1
2610.1,21
2610.6,7
2611.0,12
2612.1,0
2613.3,35
2614.4,39
2614.6,32
2615.0,29
2615.5,11
2615.5,16
2615.8,33
2616.0,6
2616.7,9
2617.0,19
2617.1,4
2617.9,8
2618.2,27
2621.3,25
2622.4,1
2622.6,38
2622.7,11
2623.6,13
2623.6,23
2623.6,31
2624.1,12
2624.4,7
2624.4,19
2624.6,21
2626.3,30
2626.3,36
2626.4,33
2626.5,39
2626.8,3
2628.0,26
2628.3,17
2629.2,29
2629.2,32
2629.7,2
2630.3,27
2631.7,12
2632.3,4
2633.4,19
2634.0,11
2634.7,0
2635.0,9
2635.7,23
2635.8,38
2636.0,1
2636.9,30
2637.0,21
2637.3,7
2638.2,15
2639.4,8
2640.9,33
2641.1,14
2642.4,39
2642.7,22
2643.2,29
2644.8,31
2645.1,32
2645.3,27
2646.2,13
2646.6,11
2646.6,12
2647.7,3
2648.7,1
2649.1,10
2649.2,0
2649.2,19
2649.3,34
2649.4,7
2649.5,36
2649.5,23
2649.7,2
2650.2,24
2650.5,37
2650.6,21
2650.8,39
2652.0,8
2653.9,38
2654.0,27
2656.1,31
2656.4,12
2656.8,30
2656.9,4
2656.9,33
2658.8,9
2659.3,29
2659.5,1
2659.5,28
2659.6,15
2660.6,23
2660.6,32
2660.6,37
2661.0,19
2661.3,11
2661.7,13
2661.9,14
2661.9,38
2662.7,7
2662.8,2
2665.3,36
2665.8,21
2666.1,27
2666.1,30
2666.2,33
2666.4,8
2666.5,12
2667.3,26
2668.2,1
2669.1,35
2670.1,3
2670.4,31
2670.9,23
2672.7,10
2672.9,39
2673.0,4
2673.8,27
2675.5,38
2676.0,0
2676.0,14
2677.1,29
2677.9,34
2678.6,30
2678.9,23
2679.3,9
2679.7,12
2680.0,11
2680.0,32
2680.0,1
2680.8,13
2680.8,36
2681.5,27
2681.7,8
2681.7,4
2681.7,21
2682.0,31
2682.4,33
2683.0,19
2683.1,7
2686.4,24
2687.0,15
2687.8,29
2688.3,39
2690.1,1
2691.5,3
2691.8,23
2691.9,11
2692.4,2
2692.4,10
2693.1,7
2693.5,0
2693.5,30
2693.5,37
2693.8,33
2693.9,34
2694.3,4
2694.6,12
2694.9,27
2695.3,8
2695.3,38
2699.8,29
2699.9,9
2701.8,23
2701.9,3
2702.1,31
2702.3,22
2702.6,14
2702.9,13
2703.1,21
2703.2,36
2703.7,11
2703.8,35
2704.3,19
2704.9,8
2705.6,12
2706.1,26
2706.6,32
2706.9,1
2706.9,4
2707.6,33
2707.6,17
2708.0,39
2709.5,7
2709.7,30
2710.1,27
2710.6,0
2712.9,3
2713.1,2
2714.2,33
2714.3,15
2715.2,4
2716.0,27
2716.1,12
2716.4,38
2717.1,29
2717.4,21
2717.6,34
2718.1,1
2718.5,11
2718.5,13
2718.7,23
2719.7,31
2720.2,9
2720.4,7
2720.8,19
2722.6,32
2722.7,30
2723.4,39
2724.6,36
2725.1,8
2725.9,13
2726.3,22
2727.4,31
2728.1,21
2728.1,23
2728.3,11
2728.8,33
2729.0,10
2729.1,12
2729.3,27
2729.5,0
2729.6,35
2729.9,14
2730.0,1
2730.1,32
2730.3,15
2730.9,4
2731.3,16
2733.1,29
2734.5,3
2734.8,9
2735.1,30
2735.7,38
2737.2,39
2737.9,32
2738.5,8
2739.4,19
2739.8,2
2739.8,4
2739.8,12
2740.7,7
2741.0,34
2741.2,33
2741.5,31
2742.2,27
2743.3,23
2743.4,1
2744.2,11
2745.3,3
2745.3,21
2748.0,38
2748.3,0
2748.6,4
2748.8,9
2748.8,19
2749.1,29
2749.2,6
2749.6,27
2750.0,30
2750.3,15
2750.7,31
2750.9,26
2752.9,8
2753.1,32
2753.6,12
2754.1,1
2756.2,14
2756.2,24
2756.4,33
2756.7,7
2757.3,39
2757.5,27
2759.3,13
2759.5,36
2759.7,23
2760.3,11
2760.3,22
2761.0,3
2761.1,9
2761.6,0
2761.6,21
2761.8,30
2763.0,29
2763.8,4
2764.8,34
2766.2,12
2766.2,19
2766.5,31
2767.7,7
2768.0,14
2768.4,15
2768.6,23
2768.6,8
2769.2,32
2770.6,1
2770.6,30
2770.7,33
2770.7,38
2770.9,11
2771.9,29
2772.8,37
2773.5,27
2773.9,26
2775.0,36
2775.4,13
2775.7,21
2776.2,4
2776.8,0
2777.7,2
2777.7,8
2777.7,12
2777.9,39
2779.8,34
2780.0,1
2780.1,33
2780.4,3
2780.4,10
2781.7,23
2782.3,9
2782.5,31
2783.1,32
2783.5,19
2785.4,28
2785.5,29
2785.8,38
2786.1,21
2786.2,27
2786.6,11
2786.6,12
2786.9,25
2787.4,7
2787.4,24
2788.2,39
2789.0,1
2789.6,30
2789.7,33
2789.8,4
2790.3,8
2790.9,34
2791.1,15
2791.9,32
2792.3,27
2793.0,6
2795.5,9
2796.9,3
2797.0,26
2797.2,0
2797.2,12
2797.2,23
2797.3,13
2797.8,30
2797.9,19
2797.9,29
2798.1,4
2801.3,39
2802.1,11
2802.4,31
2802.5,17
2803.1,1
2803.3,8
2803.3,21
2803.8,7
2804.5,27
2804.6,32
2804.6,34
2805.0,22
2805.2,33
2806.1,15
2806.2,19
2806.5,23
2806.7,2
2808.6,14
2809.8,38
2809.9,37
2810.1,29
2810.2,30
2810.3,12
2811.1,9
2812.6,0
2812.7,21
2812.8,4
2813.0,13
2813.6,11
2814.3,7
2814.3,36
2814.3,23
2815.2,1
2815.3,31
2817.4,33
2818.1,16
2818.2,3
2818.2,19
2818.7,26
2819.9,27
2820.6,8
2820.8,32
2821.2,39
2822.1,10
2822.3,30
2823.5,29
2824.7,12
2825.0,15
2825.2,23
2825.5,11
2825.7,1
2826.9,14
2827.0,0
2828.0,13
2828.2,21
2828.5,4
2830.9,9
2831.3,7
2832.1,19
2832.5,30
2832.6,31
2833.0,38
2835.6,33
2836.3,29
2836.4,32
2836.4,34
2836.7,39
2836.9,8
2837.0,36
2837.6,37
2837.7,27
2838.7,23
2839.0,1
2839.3,12
2839.6,11
2839.9,21
2840.8,0
2841.0,3
2842.1,7
2842.6,35
2842.9,26
2843.1,10
2843.7,2
2843.7,15
2843.9,4
2844.3,14
2844.4,30
2846.0,38
2847.4,8
2848.3,11
2848.4,9
2849.4,17
2850.0,27
2850.3,0
2850.3,23
2850.5,39
2850.8,31
2852.4,29
2852.7,1
2852.9,32
2853.0,33
2853.1,12
2853.6,21
2854.7,38
2855.3,3
2855.3,19
2855.5,36
2856.1,22
2856.4,4
2857.2,8
2857.7,13
2859.1,23
2860.0,11
2860.3,7
2860.8,27
2861.8,31
2862.2,33
2862.3,30
2862.5,34
2862.6,2
2862.7,39
2864.3,12
2864.6,26
2865.0,1
2865.1,29
2865.2,9
2868.6,24
2868.7,32
2869.1,21
2870.0,13
2870.1,8
2870.2,15
2870.4,4
2870.5,23
2871.6,19
2871.7,10
2873.3,12
2873.8,38
2874.0,11
2874.4,0
2874.5,27
2874.5,33
2874.9,7
2875.5,14
2875.6,1
2876.0,31
2876.4,30
2878.7,16
2878.7,29
2879.5,20
2880.3,23
2880.8,4
2881.1,39
2881.7,27
2882.4,8
2882.4,11
2883.1,32
2883.1,34
2883.2,26
2883.3,9
2883.7,25
2884.2,19
2884.3,3
2885.1,33
2885.3,22
2885.6,1
2885.7,12
2888.5,30
2889.6,13
2889.8,0
2891.2,29
2891.8,38
2892.2,23
2892.5,15
2892.6,4
2892.6,21
2893.0,7
2893.2,27
2893.3,14
2893.4,24
2893.8,8
2893.8,39
2894.5,2
2894.5,12
2895.5,11
2896.5,31
2897.4,34
2898.2,36
2899.3,32
2899.5,1
2899.5,10
2899.5,33
2900.9,23
2901.0,29
2902.0,19
2902.2,30
2903.0,27
2904.7,31
2904.9,12
2905.2,38
2905.8,0
2907.2,15
2907.6,9
2907.9,26
2908.1,3
2908.4,11
2909.1,4
2909.3,13
2909.4,37
2909.8,1
2911.3,7
2911.4,23
2911.7,21
2911.9,32
2913.7,39
2914.2,34
2914.3,35
2915.4,30
2915.8,27
2916.1,33
2917.8,8
2918.6,12
2918.8,14
2919.0,29
2919.4,16
2919.5,19
2919.7,23
2920.5,1
2922.7,7
2923.4,3
2923.9,36
2924.6,31
2926.2,27
2926.4,4
2927.1,11
2927.3,8
2927.3,38
2927.7,21
2927.9,9
2929.4,0
2930.3,23
2932.0,10
2932.2,17
2933.0,1
2933.4,33
2933.5,39
2933.8,12
2933.8,19
2934.1,2
2934.4,30
2934.5,29
2936.5,32
2937.0,9
2937.1,15
2937.7,22
2937.8,36
2938.0,3
2938.0,4
2938.3,26
2938.3,27
2939.0,11
2939.3,34
2939.5,7
2939.6,14
2940.4,30
2941.0,12
2941.9,8
2943.0,23
2943.2,33
2943.5,31
2944.5,27
2944.7,1
2945.7,29
2946.3,38
2946.8,0
2946.9,7
2946.9,21
2947.6,19
2947.8,6
2948.3,39
2950.8,11
2950.9,3
2952.0,15
2952.9,13
2952.9,35
2953.9,23
2954.3,12
2955.0,30
2955.5,33
2955.7,27
2956.4,0
2956.5,2
2956.5,22
2956.5,26
2956.9,11
2956.9,32
2957.2,9
2957.6,14
2958.2,1
2958.5,21
2958.6,10
2959.1,4
2959.6,7
2959.7,29
2960.5,39
2961.0,16
2962.5,38
2963.3,34
2964.2,8
2964.7,31
2965.1,36
2965.4,3
2966.2,12
2966.3,24
2966.5,23
2967.2,30
2967.3,39
2967.6,1
2967.8,0
2967.8,27
2967.9,19
2968.1,33
2970.3,32
2970.5,9
2970.7,11
2971.7,7
2973.8,26
2974.0,21
2974.4,25
2974.6,29
2975.0,15
2976.9,23
2977.0,12
2977.6,1
2977.9,37
2978.8,13
2978.8,30
2979.0,4
2979.0,19
2979.9,14
2980.3,38
2981.6,7
2982.3,8
2982.5,27
2984.6,2
2984.7,31
2985.1,11
2985.1,21
2985.2,3
2985.8,0
2986.2,16
2986.3,33
2986.4,17
2987.0,1
2987.9,12
2987.9,20
2987.9,30
2988.1,29
2988.4,4
2988.4,23
2990.2,39
2990.5,36
2990.6,10
2990.8,15
2991.6,32
2994.1,27
2994.5,9
2995.0,19
2995.2,7
2995.4,14
2995.7,35
2996.0,26
2996.6,34
2998.2,8
2998.7,12
2999.0,22
2999.3,13
2999.4,31
3000.0,0
3000.0,1
3001.1,21
3001.1,23
3001.1,30
3001.2,4
3001.2,32
3001.3,38
3002.0,29
3002.7,33
3003.1,27
3003.4,24
3003.6,11
3005.2,3
3007.4,19
3009.6,10
3009.8,7
3009.9,0
3010.1,23
3010.3,39
3010.8,1
3013.8,31
3014.8,9
3015.1,29
3015.5,27
3016.0,11
3016.3,15
3016.6,8
3017.1,4
3017.3,14
3017.4,12
3017.4,26
3018.1,22
3018.1,38
3018.2,21
3018.6,1
3018.8,23
3019.4,32
3021.3,13
3022.8,33
3023.1,29
3024.0,0
3024.0,36
3024.1,7
3024.2,27
3024.4,30
3024.5,12
3024.5,19
3025.6,34
3026.7,39
3027.4,21
3028.2,1
3028.6,11
3028.8,9
3028.8,37
3028.8,38
3029.0,3
3030.8,32
3031.3,23
3032.2,2
3032.2,8
3032.9,30
3033.0,15
3033.7,0
3034.4,33
3036.4,34
3036.7,14
3037.6,12
3037.8,4
3038.1,31
3038.3,27
3041.0,19
3041.3,11
3042.5,26
3042.6,7
3042.6,22
3043.1,1
3043.3,3
3043.5,13
3043.8,23
3044.5,38
3044.8,9
3045.5,21
3045.8,4
3045.9,32
3046.2,39
3046.6,30
3047.8,29
3048.0,31
3049.1,20
3049.2,8
3049.6,2
3050.2,12
3050.8,27
3051.8,33
3052.7,7
3053.0,15
3053.2,19
3053.4,0
3053.4,10
3053.6,11
3053.8,36
3053.9,3
3054.3,1
3054.9,37
3055.6,32
3058.2,4
3058.7,34
3059.1,23
3059.8,12
3059.8,29
3059.8,35
3060.2,14
3060.2,27
3060.6,39
3061.2,38
3061.5,24
3061.6,30
3061.7,9
3061.8,7
3061.9,21
3062.6,6
3067.5,31
3067.7,1
3068.4,15
3068.5,28
3068.6,8
3068.6,11
3069.3,3
3069.6,13
3070.4,19
3070.4,26
3071.2,2
3071.2,9
3071.3,36
3071.8,12
3072.3,0
3073.5,34
3073.9,32
3074.8,4
3075.0,39
3075.0,27
3075.3,23
3076.2,21
3076.2,33
3076.9,10
3077.3,29
3077.5,30
3078.0,7
3079.3,22
3080.6,1
3080.7,31
3080.9,13
3080.9,11
3081.6,15
3082.1,12
3082.3,25
3084.6,19
3084.8,38
3086.2,23
3086.6,30
3087.0,4
3087.4,3
3087.8,9
3089.1,0
3089.5,27
3089.6,29
3090.2,39
3090.6,11
3091.1,8
3091.9,1
3092.3,21
3092.6,26
3092.8,32
3094.3,2
3094.4,14
3095.6,7
3096.9,33
3097.2,19
3097.7,30
3098.5,34
3098.8,15
3098.9,12
3099.2,31
3099.8,11
3100.1,27
3100.4,29
3100.7,23
3103.5,3
3104.7,7
3104.8,33
3105.1,4
3105.6,22
3105.8,36
3106.2,27
3106.5,8
3106.5,32
3106.7,10
3107.0,21
3108.0,38
3108.9,9
3109.1,29
3109.1,1
3109.5,39
3109.6,23
3109.7,12
3111.3,16
3111.6,13
3113.1,15
3113.3,14
3113.4,30
3113.5,11
3116.0,0
3116.4,19
3116.5,26
3116.7,32
3117.4,2
3117.4,12
3118.0,27
3118.1,31
3118.5,21
3120.7,3
3121.0,33
3121.6,35
3121.8,7
3121.8,38
3121.8,39
3122.0,8
3122.9,23
3123.0,11
3123.4,30
3123.6,29
3124.3,1
3125.1,34
3125.8,37
3126.4,4
3126.6,9
3129.3,21
3129.7,33
3130.6,10
3131.4,27
3131.7,12
3132.1,31
3132.8,19
3132.9,0
3133.5,1
3134.4,23
3134.6,8
3135.0,7
3136.3,11
3136.6,4
3136.6,30
3136.7,39
3136.9,32
3137.5,13
3137.5,15
3137.5,36
3138.6,3
3138.9,14
3139.3,29
3139.3,34
3139.5,27
3139.6,33
3139.8,38
3140.2,28
3144.0,10
3144.3,21
3144.4,0
3144.4,2
3144.5,11
3144.8,9
3146.5,23
3146.6,31
3147.4,15
3147.5,1
3147.5,12
3147.5,26
3147.7,19
3148.0,7
3150.1,22
3150.1,27
3150.1,30
3150.2,13
3151.9,33
3153.5,38
3154.1,39
3154.2,32
3154.3,29
3154.7,4
3154.9,0
3157.3,11
3158.3,8
3159.7,12
3159.7,23
3160.2,36
3162.3,7
3162.7,21
3163.3,3
3163.8,19
3163.9,30
3163.9,33
3164.2,34
3164.5,26
3164.8,10
3164.8,31
3164.9,1
3165.1,24
3165.2,2
3165.2,27
3165.4,11
3165.4,29
3165.5,0
3165.5,32
3166.5,4
3167.8,12
3171.6,13
3173.6,23
3173.8,30
3173.9,15
3173.9,22
3173.9,33
3174.6,21
3174.6,25
3174.6,38
3174.6,39
3174.9,27
3175.0,1
3175.1,17
3175.2,8
3175.3,7
3176.5,11
3176.7,14
3178.1,19
3179.0,0
3179.0,12
3180.5,3
3180.7,26
3180.8,34
3180.9,32
3181.4,29
3182.5,9
3183.6,36
3184.0,11
3184.5,27
3184.6,4
3185.3,38
3185.8,35
3186.0,8
3186.1,12
3186.9,23
3186.9,30
3187.5,31
3187.8,21
3189.5,1
3190.3,24
3190.5,15
3192.0,2
3192.3,10
3192.3,28
3192.6,33
3192.8,7
3193.0,4
3193.1,39
3193.3,13
3193.3,29
3193.5,12
3193.5,32
3193.7,34
3195.3,6
3198.2,27
3198.7,11
3200.2,0
3200.2,30
3200.7,23
3201.5,31
3201.5,19
3201.7,9
3202.4,8
3202.4,21
3203.0,14
3203.0,3
3203.3,27
3203.6,1
3203.7,12
3203.7,37
3203.8,38
3204.2,4
3204.7,39
3205.5,15
3205.9,7
3206.1,29
3207.0,23
3210.0,13
3210.1,26
3210.4,32
3212.0,35
3212.2,1
3212.2,33
3212.7,12
3212.8,29
3213.7,21
3213.9,27
3214.4,11
3214.8,36
3214.8,38
3215.2,22
3215.5,10
3215.5,31
3216.2,0
3217.7,19
3217.9,30
3218.5,3
3218.6,4
3219.4,34
3220.3,12
3220.5,7
3220.7,23
3222.7,35
3223.4,21
3225.2,8
3225.2,11
3225.9,31
3226.5,29
3226.6,14
3226.8,1
3227.3,27
3227.6,26
3227.8,9
3228.2,32
3228.3,33
3228.3,39
3228.8,15
3229.0,7
3229.0,23
3230.8,12
3231.0,4
3231.3,13
3233.3,19
3234.5,36
3236.0,38
3236.7,30
3237.2,27
3238.8,31
3238.9,21
3239.2,1
3239.2,2
3240.0,29
3240.5,11
3240.5,33
3241.8,0
3241.8,37
3241.9,32
3241.9,39
3242.3,15
3242.4,26
3242.5,23
3242.6,9
3242.8,34
3243.0,12
3243.8,7
3245.7,3
3246.0,8
3247.5,14
3248.2,4
3248.2,27
3248.4,30
3249.6,35
3250.0,1
3250.3,21
3250.3,31
3251.2,38
3255.1,0
3255.5,12
3255.7,27
3256.0,32
3256.1,11
3256.2,19
3256.9,39
3257.3,23
3257.6,2
3258.1,7
3258.2,29
3258.2,10
3258.2,34
3258.4,33
3260.0,15
3261.3,30
3261.4,1
3261.7,26
3262.4,21
3262.5,4
3263.1,3
3263.1,9
3264.0,31
3265.5,14
3265.9,12
3265.9,8
3265.9,29
3266.1,13
3266.3,27
3266.4,23
3266.8,24
3267.4,25
3268.0,7
3269.3,11
3269.7,32
3271.4,39
3272.6,38
3272.6,34
3273.3,4
3274.1,1
3274.6,23
3274.7,19
3275.4,15
3275.5,33
3275.6,12
3275.6,2
3276.8,11
3279.0,36
3279.1,30
3279.2,38
3279.3,21
3279.4,29
3279.9,27
3280.3,0
3280.4,25
3281.3,9
3281.5,26
3282.0,8
3282.6,13
3283.4,3
3283.4,7
3283.7,11
3283.9,12
3283.9,31
3284.1,32
3288.3,23
3288.4,19
3288.9,27
3289.3,1
3289.3,4
3289.4,33
3289.5,34
3289.7,29
3289.7,35
3291.6,37
3292.4,12
3293.6,30
3294.3,7
3294.6,0
3294.9,15
3295.0,22
3295.3,38
3295.5,21
3297.0,11
3297.1,3
3297.3,23
3297.3,39
3297.5,31
3298.2,1
3299.2,9
3300.7,27
3301.4,4
3301.6,8
3302.5,14
3302.5,29
3304.5,36
3304.6,33
3306.1,32
3306.2,13
3308.0,0
3308.2,7
3308.2,23
3308.6,10
3308.7,12
3308.7,34
3309.2,11
3309.9,1
3310.4,27
3311.3,30
3311.4,21
3311.8,26
3311.9,6
3311.9,19
3312.1,24
3313.4,2
3314.2,31
3314.4,15
3314.5,29
3314.7,4
3314.7,8
3315.4,39
3315.6,12
3316.1,32
3316.2,3
3317.7,38
3319.0,33
3320.2,19
3320.7,13
3322.0,9
3322.0,14
3322.1,23
3322.3,0
3322.5,22
3323.2,21
3323.7,30
3324.5,1
3324.6,27
3324.7,7
3325.4,11
3325.6,29
3325.8,36
3326.9,4
3327.1,31
3327.2,12
3328.9,39
3329.2,32
3329.6,33
3330.3,8
3333.2,10
3333.9,14
3333.9,38
3334.1,20
3335.5,19
3335.8,23
3336.0,34
3336.5,11
3336.8,15
3336.9,3
3337.7,1
3338.0,29
3338.1,21
3338.2,12
3338.8,7
3338.9,24
3339.3,27
3341.3,0
3341.8,9
3343.6,4
3343.6,30
3344.0,37
3344.8,13
3344.9,32
3345.1,38
3345.6,33
3346.2,26
3347.1,2
3347.8,27
3347.8,35
3348.1,8
3351.3,39
3351.6,23
3351.6,29
3351.8,1
3352.1,31
3352.2,7
3352.3,12
3352.6,21
3352.8,14
3353.3,22
3353.6,3
3354.0,11
3354.1,19
3354.2,0
3354.5,10
3354.5,36
3355.1,34
3355.5,13
3358.9,32
3360.1,9
3360.9,1
3361.5,27
3361.5,33
3361.6,4
3361.7,16
3361.8,12
3363.2,30
3364.8,11
3365.3,31
3365.3,38
3365.8,33
3365.8,39
3366.0,29
3366.2,23
3366.8,7
3366.8,15
3367.0,19
3367.7,8
3368.1,21
3368.3,1
3368.7,0
3370.1,3
3372.5,11
3372.7,13
3372.7,32
3372.9,4
3373.0,27
3373.4,35
3373.6,34
3373.8,37
3373.9,17
3374.4,14
3374.9,36
3375.7,12
3376.4,21
3376.8,29
3377.5,9
3378.0,1
3378.1,31
3378.7,23
3378.7,24
3379.1,6
3379.8,30
3380.3,33
3380.7,8
3381.5,38
3381.7,27
3381.8,2
3381.8,26
3382.4,11
3383.3,13
3383.5,19
3385.4,15
3385.4,0
3385.4,3
3385.6,7
3385.8,12
3385.8,39
3387.6,23
3388.1,32
3388.4,1
3390.3,4
3390.3,27
3391.3,30
3391.5,14
3392.6,31
3392.9,38
3394.4,8
3395.7,2
3396.7,29
3396.7,36
3396.9,33
3396.9,39
3397.1,21
3397.4,20
3397.8,10
3397.8,27
3398.0,9
3398.1,12
3398.3,11
3398.3,22
3398.3,23
3398.5,3
3398.5,13
3398.6,30
3399.2,32
3400.0,0
3400.5,7
3403.7,34
3403.9,1
3404.3,35
3405.1,12
3405.2,21
3406.2,4
3406.2,32
3406.7,15
3407.7,23
3408.5,37
3408.8,31
3409.2,29
3409.3,19
3409.4,39
3409.9,30
3410.4,27
3412.0,33
3412.1,3
3412.5,11
3412.9,8
3412.9,26
3413.6,0
3416.2,7
3416.8,10
3417.4,14
3417.7,30
3417.9,38
3418.0,21
3418.1,29
3418.5,34
3418.8,9
3419.3,32
3419.4,1
3420.6,33
3420.6,36
3420.9,23
3421.2,12
3421.9,15
3422.3,27
3423.4,13
3423.7,11
3424.1,19
3424.4,0
3427.0,31
3427.8,4
3428.3,12
3428.7,30
3428.9,32
3429.4,7
3429.6,2
3430.4,6
3430.5,23
3430.6,1
3430.6,26
3431.3,35
3431.4,29
3431.5,8
3431.7,39
3432.9,9
3433.1,21
3433.8,3
3434.9,11
3435.1,33
3435.3,27
3435.7,38
3436.6,7
3437.3,4
3437.7,13
3438.1,34
3439.2,10
3439.2,30
3439.6,17
3440.6,15
3440.9,1
3441.6,12
3442.9,29
3443.4,23
3443.8,37
3443.9,14
3444.1,39
3444.2,32
3445.1,27
3445.2,0
3445.7,21
3446.9,31
3447.2,11
3449.3,4
3449.3,33
3449.5,2
3449.6,9
3450.6,19
3451.5,3
3451.9,1
3451.9,26
3452.4,12
3452.4,23
3452.9,36
3454.0,35
3454.4,17
3454.5,22
3455.1,7
3455.1,29
3455.4,32
3456.0,8
3456.3,30
3456.4,27
3457.0,0
3457.4,15
3457.5,13
3458.5,21
3458.8,10
3459.2,19
3459.2,34
3459.3,39
3460.5,4
3460.7,1
3460.7,23
3461.9,38
3462.7,31
3463.0,12
3463.0,28
3463.2,33
3464.1,27
3464.7,11
3466.7,7
3466.9,39
3467.1,30
3467.5,9
3468.1,3
3469.2,37
3469.4,14
3469.9,1
3470.3,32
3470.6,21
3470.8,31
3471.0,15
3471.4,36
3471.5,6
3471.8,11
3471.9,19
3472.0,29
3473.2,2
3473.2,12
3473.4,27
3473.7,33
3473.8,38
3476.5,23
3477.6,24
3477.8,8
3478.0,0
3479.0,7
3479.0,10
3479.0,19
3481.6,4
3483.9,32
3484.1,1
3484.5,30
3484.6,39
3485.1,3
3485.4,29
3485.8,21
3486.8,31
3486.9,23
3486.9,33
3487.4,26
3487.9,12
3488.1,27
3489.5,34
3490.0,9
3490.0,15
3491.0,13
3492.0,11
3492.4,29
3493.8,7
3494.5,0
3494.6,14
3494.9,4
3496.0,36
3496.1,1
3496.2,39
3496.3,23
3496.6,32
3496.9,8
3497.0,30
3498.0,12
3498.2,27
3498.6,38
3498.8,21
3499.6,33
3500.9,22
3501.0,35
3501.3,19
3501.6,11
3502.4,3
3502.8,31
3505.2,34
3506.3,12
3506.3,29
3506.5,2
3507.1,0
3507.1,30
3507.5,1
3507.6,7
3507.8,23
3508.4,27
3509.3,37
3509.3,39
3510.2,9
3511.7,10
3511.8,32
3511.8,38
3512.4,21
3512.6,15
3512.8,4
3514.8,11
3515.3,5
3515.4,31
3516.7,33
3519.0,8
3519.3,30
3519.8,23
3520.0,36
3520.1,3
3520.1,29
3520.2,9
3520.3,19
3520.4,0
3520.4,13
3520.5,12
3522.2,7
3522.9,27
3523.2,21
3524.9,1
3525.5,34
3526.0,31
3526.2,6
3526.3,39
3527.3,4
3527.9,23
3528.3,8
3528.9,11
3529.9,32
3530.6,38
3530.9,33
3531.9,24
3532.1,27
3532.2,29
3532.5,19
3533.2,10
3534.8,1
3535.0,30
3535.1,12
3535.1,21
3537.0,31
3537.4,13
3538.4,15
3538.9,2
3539.6,0
3539.7,39
3540.2,23
3540.3,7
3540.3,14
3540.6,27
3540.7,34
3540.9,3
3541.0,25
3541.2,4
3541.2,26
3541.4,9
3542.1,33
3542.1,37
3542.9,22
3543.0,8
3543.4,32
3543.4,38
3543.6,12
3544.0,29
3544.3,19
3545.1,11
3548.9,27
3549.8,1
3550.1,21
3550.5,10
3550.7,23
3551.5,31
3551.6,30
3552.0,15
3553.1,4
3553.6,36
3554.8,33
3557.2,11
3557.3,7
3557.6,29
3558.2,32
3558.6,38
3558.7,12
3558.9,23
3559.3,0
3559.5,26
3559.7,3
3560.2,27
3560.3,19
3560.5,39
3560.9,1
3560.9,35
3563.3,8
3563.7,2
3563.8,37
3564.9,21
3565.7,4
3566.8,30
3567.0,11
3567.0,14
3567.0,17
3567.2,12
3568.0,34
3569.1,7
3569.2,31
3569.8,27
3570.1,29
3570.4,9
3570.8,33
3571.7,13
3572.4,1
3572.9,39
3573.1,23
3573.3,0
3574.3,32
3576.6,3
3577.1,15
3577.5,38
3577.7,19
3577.8,8
3578.9,27
3579.2,4
3579.5,12
3579.6,21
3579.7,10
3579.7,14
3579.7,35
3579.9,29
3580.2,34
3580.8,30
3582.7,33
3583.4,1
3583.4,26
3584.2,0
3584.6,11
3585.3,23
3586.6,39
3588.0,12
3588.5,4
3588.5,7
3589.8,13
3590.3,27
3590.4,31
3590.9,32
3591.4,9
3591.4,30
3591.8,2
3591.8,22
3592.3,29
3592.5,3
3593.1,21
3593.4,19
3594.7,1
3595.9,11
3597.0,33
3597.4,8
3598.2,34
3598.3,38
3598.4,23
3598.7,7
3598.8,30
3599.5,15
3599.9,39
3600.1,14
3600.2,27
3601.0,12
3601.2,32
3602.2,28
3602.3,36
3602.8,4
3603.6,0
3604.7,21
3607.1,31
3607.3,19
3608.3,1
3608.7,8
3608.8,29
3609.2,27
3609.6,10
3609.7,3
3609.9,37
3610.3,11
3610.4,13
3610.5,26
3611.0,6
3611.2,23
3611.8,38
3611.9,12
3612.0,30
3612.1,9
3612.4,24
3612.7,39
3613.0,22
3614.2,7
3616.4,35
3618.0,4
3618.1,33
3618.4,32
3618.7,21
3619.6,2
3619.6,23
3619.7,15
3619.7,27
3619.7,29
3620.1,1
3620.9,25
3621.2,0
3621.4,12
3622.4,11
3623.1,16
3623.6,9
3623.6,19
3624.0,31
3624.2,8
3624.4,34
3624.8,39
3625.2,30
3626.1,29
3626.2,21
3628.5,22
3628.5,32
3629.3,1
3630.5,14
3630.5,23
3631.0,13
3631.0,33
3631.3,7
3631.4,36
3632.4,15
3632.6,12
3633.1,38
3633.3,11
3633.8,27
3634.1,10
3635.1,26
3635.6,3
3636.2,4
3638.4,39
3638.6,30
3639.7,2
3639.8,0
3641.1,12
3641.4,8
3641.4,27
3641.4,32
3641.6,23
3641.6,29
3641.9,19
3642.5,17
3643.6,37
3643.7,31
3643.9,4
3643.9,11
3645.1,21
3646.2,15
3646.2,34
3647.2,33
3649.3,29
3649.5,12
3650.1,14
3650.4,19
3650.6,38
3650.7,30
3651.1,1
3651.1,7
3651.5,9
3652.1,36
3652.2,27
3653.3,13
3653.4,23
3653.7,0
3653.7,8
3655.0,11
3655.2,32
3655.4,4
3655.5,22
3655.6,21
3656.2,26
3657.8,3
3660.1,31
3660.5,30
3661.6,27
3662.5,2
3663.1,35
3663.3,39
3663.6,1
3663.7,34
3664.7,21
3664.9,11
3665.3,12
3666.0,29
3666.1,33
3666.2,20
3666.3,9
3667.2,32
3667.7,13
3667.8,0
3667.9,19
3668.2,23
3670.2,38
3670.6,8
3670.7,15
3670.7,24
3670.8,14
3671.3,7
3671.7,26
3671.9,4
3673.0,36
3673.5,10
3673.7,1
3674.7,30
3675.1,3
3675.3,12
3675.8,21
3677.8,33
3678.8,11
3679.6,19
3679.6,27
3679.8,31
3679.9,0
3680.0,32
3680.3,29
3680.9,23
3682.7,9
3683.1,39
3683.2,7
3683.9,1
3684.5,4
3686.6,8
3686.7,12
3686.8,38
3687.9,30
3688.0,34
3689.0,26
3689.3,13
3691.5,15
3691.6,31
3692.7,22
3693.0,23
3693.0,39
3693.2,4
3693.2,27
3693.5,29
3694.2,19
3695.3,30
3696.1,0
3696.6,36
3696.9,1
3697.2,21
3697.3,11
3697.6,2
3697.9,14
3698.3,32
3699.1,3
3699.1,7
3699.7,12
3699.8,33
3699.9,8
3702.8,10
3702.9,13
3702.9,31
3703.7,27
3704.2,4
3704.3,29
3704.8,1
3707.6,12
3708.1,32
3708.3,23
3708.7,21
3709.2,38
3710.2,39
3711.0,19
3711.6,4
3712.1,11
3712.5,33
3712.8,7
3713.1,25
3714.1,23
3714.4,3
3714.4,30
3714.6,36
3715.4,15
3716.2,0
3716.3,27
3716.4,12
3717.0,14
3717.1,31
3717.6,29
3717.7,9
3717.8,16
3718.2,1
3720.9,33
3721.2,8
3721.6,4
3721.9,34
3722.1,35
3722.4,37
3723.6,21
3724.4,26
3725.9,2
3726.2,11
3726.6,39
3726.8,1
3726.9,32
3727.0,17
3727.3,13
3727.4,27
3727.8,6
3727.8,22
3728.1,12
3728.4,15
3730.2,10
3730.2,29
3730.3,38
3730.4,33
3730.5,3
3730.8,23
3730.9,0
3731.5,31
3732.9,30
3733.6,9
3734.7,7
3735.0,14
3735.1,19
3735.4,32
3735.5,4
3737.6,1
3737.7,12
3738.1,21
3738.3,33
3739.0,27
3739.0,34
3740.0,11
3740.5,8
3740.7,23
3741.1,15
3742.4,10
3742.7,0
3744.2,38
3746.3,7
3746.5,31
3746.9,9
3747.7,36
3747.9,30
3748.0,39
3748.1,3
3748.2,1
3749.6,27
3749.8,4
3750.0,35
3750.1,13
3750.2,8
3750.2,11
3750.2,12
3750.2,33
3750.7,37
3751.1,22
3752.9,19
3754.9,21
3755.9,17
3755.9,32
3756.1,29
3757.8,26
3758.2,12
3758.7,23
3758.7,24
3758.8,15
3760.3,11
3760.7,0
3761.0,38
3761.3,30
3762.6,1
3763.4,34
3763.7,33
3765.5,7
3765.6,27
3765.7,2
3765.8,25
3766.2,9
3766.3,31
3766.4,4
3766.5,10
3766.5,19
3766.6,21
3766.7,14
3767.2,3
3767.3,36
3771.3,22
3771.4,23
3771.5,1
3771.5,39
3771.7,12
3772.3,30
3772.8,11
3773.3,13
3773.9,15
3775.0,8
3775.0,33
3775.1,29
3775.5,27
3776.6,32
3776.8,21
3777.6,4
3778.1,14
3779.8,0
3780.7,12
3781.9,30
3781.9,31
3782.6,7
3783.9,19
3784.0,29
3784.5,36
3785.5,23
3785.8,38
3786.3,9
3787.7,11
3788.1,14
3789.0,33
3789.1,39
3789.2,3
3789.5,1
3789.9,27
3790.7,0
3791.0,12
3791.0,30
3791.2,34
3791.3,32
3791.7,21
3792.4,2
3792.6,23
3792.6,37
3793.4,7
3793.9,4
3794.0,26
3795.1,6
3795.2,8
3796.5,13
3797.1,10
3798.5,39
3798.7,29
3798.7,35
3798.9,31
3798.9,36
3799.1,38
3799.3,1
3801.9,33
3802.0,27
3802.5,12
3802.8,11
3803.0,9
3803.5,16
3803.8,3
3804.3,19
3804.4,32
3804.6,15
3804.6,21
3804.8,23
3804.9,0
3805.1,22
3805.4,7
3806.4,14
3808.7,30
3809.4,1
3809.4,27
3809.8,4
3812.2,11
3812.6,34
3812.8,31
3813.4,23
3813.6,3
3813.8,21
3814.2,8
3815.9,32
3817.2,6
3817.5,12
3818.1,39
3818.4,29
3819.0,9
3819.4,26
3820.2,33
3820.4,4
3820.5,27
3821.0,7
3821.0,15
3821.0,19
3822.7,23
3822.9,13
3823.0,36
3823.3,30
3824.0,17
3824.5,1
3825.0,0
3826.3,31
3826.5,38
3827.0,2
3827.0,11
3827.1,21
3827.5,12
3830.7,14
3831.0,23
3831.2,8
3831.2,22
3831.2,39
3831.4,33
3831.6,10
3832.1,3
3832.1,19
3832.7,27
3832.7,29
3834.8,34
3835.8,7
3835.9,12
3836.3,35
3836.9,20
3836.9,32
3837.2,38
3837.5,15
3838.0,30
3838.4,4
3839.2,26
3840.0,9
3842.0,1
3842.4,21
3843.8,12
3843.8,31
3844.0,0
3844.0,11
3844.2,23
3845.9,33
3845.9,38
3846.0,7
3846.0,30
3846.2,29
3846.7,27
3846.8,36
3847.3,14
3849.5,4
3849.9,32
3850.6,39
3850.9,21
3851.9,13
3853.3,15
3853.6,19
3854.3,1
3854.5,34
3854.7,3
3855.8,27
3856.0,10
3857.8,31
3858.3,23
3858.4,29
3858.6,30
3858.7,12
3858.9,32
3859.3,11
3859.4,6
3859.5,8
3859.6,37
3859.7,9
3860.5,38
3860.9,24
3861.5,21
3861.5,33
3863.6,1
3865.5,4
3865.8,19
3866.0,13
3866.2,7
3866.5,3
3866.8,15
3868.3,31
3868.4,0
3868.7,36
3868.8,32
3869.0,11
3869.2,30
3869.7,27
3870.3,23
3870.6,39
3870.9,12
3871.8,29
3872.9,33
3874.7,19
3876.0,14
3876.8,4
3877.0,34
3877.5,21
3877.9,2
3878.3,38
3878.5,1
3878.7,0
3879.1,7
3879.1,8
3879.4,35
3879.5,12
3879.7,30
3880.3,26
3880.5,27
3882.5,9
3882.5,11
3883.1,32
3883.3,39
3883.8,29
3884.0,15
3885.1,3
3885.4,23
3886.3,37
3887.0,1
3887.1,27
3887.2,31
3887.4,22
3887.7,8
3888.2,4
3889.1,19
3889.4,10
3889.9,32
3891.5,21
3891.6,33
3893.6,12
3894.3,25
3895.0,0
3895.1,13
3895.4,29
3896.6,14
3897.4,11
3897.5,30
3897.6,36
3898.9,4
3899.3,1
3899.6,27
3900.5,39
3900.6,26
3900.9,7
3901.3,23
3903.0,15
3903.5,12
3903.6,31
3904.5,3
3904.8,38
3904.9,9
3905.4,8
3906.6,32
3906.7,21
3907.7,19
3907.9,27
3908.4,11
3909.1,33
3909.6,29
3909.8,0
3912.0,4
3912.7,8
3913.1,1
3913.3,39
3914.1,30
3914.3,10
3914.5,37
3914.9,7
3915.2,34
3915.5,31
3917.0,23
3917.2,12
3917.2,35
3917.4,27
3917.9,2
3919.2,33
3919.7,13
3919.9,15
3920.1,29
3920.1,36
3920.7,21
3921.3,19
3921.4,32
3922.5,11
3924.4,3
3924.8,22
3925.1,1
3925.9,4
3928.0,14
3928.5,23
3929.3,30
3929.5,0
3929.9,10
3929.9,12
3930.1,35
3930.6,8
3930.8,27
3931.7,39
3931.8,16
3931.9,38
3932.0,33
3933.8,21
3934.4,11
3934.9,9
3935.0,14
3935.1,34
3935.9,26
3936.1,31
3936.4,7
3936.6,19
3936.6,32
3937.1,29
3939.4,13
3939.7,23
3939.7,37
3940.1,30
3940.4,12
3940.7,27
3941.0,1
3942.0,4
3942.6,3
3945.3,17
3945.6,21
3945.8,39
3947.1,35
3947.5,7
3948.0,0
3948.0,27
3948.0,33
3948.1,6
3948.8,2
3948.9,15
3949.3,32
3949.5,29
3949.6,38
3949.8,36
3950.2,30
3950.4,8
3951.5,23
3951.5,31
3951.6,12
3953.4,19
3954.8,1
3956.6,22
3957.0,9
3957.5,10
3957.5,11
3957.7,34
3958.5,32
3959.1,7
3959.3,8
3959.3,21
3959.6,33
3959.9,4
3960.9,23
3961.1,13
3961.1,27
3964.9,12
3965.5,39
3965.9,31
3966.0,2
3966.0,28
3966.1,0
3966.4,14
3967.3,37
3967.7,26
3967.9,11
3968.4,15
3968.9,4
3969.0,1
3969.0,19
3969.5,10
3969.7,30
3971.0,38
3971.1,27
3971.4,3
3971.7,29
3971.8,34
3972.4,8
3973.1,33
3974.2,24
3976.4,7
3976.8,31
3976.9,13
3977.3,19
3977.3,32
3977.4,23
3977.4,36
3977.8,12
3978.2,21
3979.0,25
3979.1,1
3979.1,4
3979.3,39
3979.9,11
3981.3,8
3984.1,0
3984.2,22
3984.5,27
3984.9,29
3985.0,12
3985.5,24
3986.6,23
3986.6,30
3986.9,10
3987.9,33
3989.9,32
3990.0,38
3991.5,31
3991.5,14
3991.7,4
3991.8,21
3992.8,27
3993.1,15
3993.3,3
3993.8,1
3994.3,7
3994.6,11
3995.9,26
3997.4,12
3997.7,2
4000.9,23
4000.9,39
4001.0,36
4001.8,19
4002.2,8
4002.6,30
4003.1,34
4003.7,4
4003.7,29
4004.3,13
4004.5,7
4004.5,27
4004.9,37
4005.2,38
4005.3,9
4005.9,21
4006.2,11
4006.4,33
4006.5,0
4006.8,15
4006.8,31
4007.5,1
4009.3,3
4009.8,22
4012.4,12
4012.9,23
4012.9,32
4013.6,30
4014.6,17
4014.8,14
4014.9,24
4015.1,27
4016.3,11
4016.3,31
4016.4,19
4016.9,10
4017.0,39
4017.1,4
4017.6,33
4018.5,26
4019.9,1
4021.9,12
4021.9,21
4022.3,23
4022.8,35
4023.0,29
4023.1,0
4023.4,13
4023.5,34
4024.0,3
4024.2,32
4024.5,2
4024.9,4
4025.0,7
4025.3,27
4025.5,19
4026.1,15
4026.3,9
4027.3,30
4028.6,16
4029.0,8
4029.1,38
4030.1,36
4031.4,1
4032.6,33
4032.7,23
4032.7,37
4035.4,11
4035.7,21
4035.8,0
4036.1,27
4037.0,4
4037.0,26
4038.2,12
4039.4,14
4039.7,29
4040.0,10
4040.3,32
4040.5,3
4041.2,39
4042.1,30
4042.5,15
4042.5,35
4042.6,34
4042.7,1
4042.8,27
4043.1,7
4043.2,19
4043.9,23
4044.1,0
4044.3,13
4044.9,31
4045.3,33
4048.4,12
4048.8,22
4048.8,38
4049.3,36
4050.0,4
4050.6,11
4051.8,8
4051.8,32
4051.9,1
4052.0,29
4052.2,15
4052.8,33
4053.4,9
4053.9,7
4053.9,27
4054.2,23
4055.3,30
4055.6,21
4056.0,3
4058.7,17
4059.4,38
4059.8,19
4060.0,31
4060.1,13
4060.5,33
4060.6,29
4060.9,4
4061.3,0
4061.5,7
4061.7,12
4062.1,27
4062.5,9
4062.6,23
4063.5,11
4065.8,1
4066.8,39
4067.0,21
4067.1,32
4067.9,8
4069.9,26
4070.8,3
4070.8,29
4070.9,19
4071.2,14
4071.5,15
4071.9,39
4072.0,30
4072.0,16
4072.7,31
4072.9,4
4073.0,12
4073.4,23
4074.6,7
4076.9,27
4077.1,33
4077.9,11
4079.9,1
4079.9,10
4080.2,36
4080.4,6
4080.5,38
4081.0,9
4081.3,35
4082.4,0
4082.4,17
4082.5,19
4082.7,8
4082.7,37
4083.2,2
4083.4,29
4083.4,32
4083.5,34
4083.7,3
4083.8,33
4084.1,12
4084.5,30
4084.6,27
4085.0,31
4085.3,23
4086.4,4
4089.4,11
4089.4,15
4089.4,22
4090.0,21
4090.6,39
4090.6,13
4092.8,7
4093.4,32
4093.9,8
4094.0,12
4094.6,1
4095.2,23
4095.2,29
4095.7,19
4097.0,30
4099.4,33
4099.5,14
4100.6,4
4101.1,21
4101.2,3
4101.2,11
4101.2,27
4101.3,26
4101.8,0
4101.8,38
4102.7,2
4102.7,36
4102.8,10
4103.7,9
4104.0,1
4104.0,31
4105.5,7
4106.0,34
4106.6,12
4107.6,30
4108.6,23
4108.6,33
4108.6,39
4109.0,29
4109.1,13
4109.5,32
4109.9,19
4111.0,11
4111.0,15
4111.3,21
4113.7,1
4114.0,4
4114.4,38
4114.5,9
4114.6,34
4115.4,28
4115.7,31
4115.9,12
4116.0,8
4116.2,14
4117.2,22
4117.9,27
4119.6,0
4121.0,29
4121.9,26
4122.3,32
4122.6,23
4122.9,7
4123.1,11
4123.3,39
4124.9,19
4125.5,36
4126.0,10
4127.2,30
4127.7,2
4127.8,27
4128.0,25
4128.1,3
4128.3,1
4128.4,4
4128.4,35
4128.9,12
4129.3,31
4129.8,33
4130.3,21
4131.5,23
4133.4,14
4133.8,8
4134.0,29
4134.3,38
4134.5,32
4134.7,1
4135.7,7
4135.7,16
4135.7,19
4135.9,15
4136.7,27
4136.8,11
4136.9,13
4136.9,31
4137.2,26
4137.3,21
4137.4,22
4138.2,3
4138.3,33
4139.0,9
4142.0,4
4142.0,30
4142.1,34
4143.0,23
4144.0,12
4144.1,39
4144.8,0
4145.2,27
4147.9,31
4147.9,37
4148.2,29
4149.0,19
4149.0,21
4150.6,14
4151.6,36
4151.8,11
4152.5,7
4153.1,0
4153.1,33
4153.8,8
4154.2,32
4154.3,1
4154.3,13
4155.0,10
4155.2,30
4156.3,12
4156.3,38
4156.4,27
4158.4,28
4158.6,2
4159.3,3
4159.9,39
4160.4,23
4161.2,15
4162.2,29
4162.3,11
4162.5,21
4163.1,9
4163.1,27
4163.3,4
4165.0,1
4166.1,36
4167.5,33
4168.0,7
4168.3,12
4168.4,14
4168.6,8
4168.7,32
4168.9,34
4169.7,35
4169.9,30
4170.1,15
4170.6,27
4172.4,23
4173.6,31
4174.2,13
4174.2,19
4174.9,11
4175.2,4
4175.4,3
4176.0,12
4176.2,0
4176.8,39
4177.2,22
4177.2,30
4178.6,1
4179.6,29
4182.7,7
4183.1,38
4183.7,27
4183.7,31
4184.5,23
4184.5,26
4184.6,32
4184.7,37
4184.8,8
4185.2,33
4185.2,35
4185.2,36
4186.0,1
4187.1,21
4187.4,0
4187.5,10
4188.8,12
4190.1,19
4190.9,4
4192.1,17
4192.9,15
4193.2,29
4193.5,9
4193.9,30
4194.2,31
4194.6,28
4194.7,33
4194.9,37
4195.2,23
4195.8,21
4196.4,27
4196.4,38
4197.6,1
4198.0,11
4198.5,34
4198.9,7
4199.1,12
4200.7,26
4201.4,39
4202.1,36
4203.0,27
4204.0,32
4204.1,0
4205.1,8
4205.2,13
4205.6,10
4206.6,24
4206.9,4
4208.6,11
4209.6,12
4209.6,19
4210.1,21
4210.2,29
4210.7,30
4211.5,35
4211.8,1
4212.6,33
4212.6,23
4212.6,31
4213.1,3
4213.4,7
4214.6,15
4215.3,2
4216.5,0
4216.8,39
4217.8,14
4217.9,27
4218.8,9
4219.1,23
4219.8,1
4220.3,29
4221.0,21
4221.1,11
4221.4,4
4221.4,33
4221.8,8
4221.8,30
4222.0,32
4222.2,31
4222.5,19
4222.7,12
4223.3,38
4225.0,34
4226.7,26
4227.4,7
4227.8,22
4228.3,10
4228.9,27
4229.5,0
4229.5,23
4229.8,15
4230.1,13
4230.2,38
4231.0,12
4231.5,4
4232.6,30
4232.9,1
4234.2,11
4234.3,33
4234.6,9
4236.1,7
4236.2,32
4236.4,8
4236.5,39
4237.4,27
4238.3,19
4238.5,29
4239.5,4
4239.9,21
4240.6,31
4241.0,3
4241.1,23
4242.1,2
4242.4,34
4243.7,30
4243.9,14
4244.6,36
4244.9,15
4245.3,12
4246.3,1
4249.0,0
4249.1,11
4249.2,29
4251.0,7
4251.0,19
4251.0,33
4251.3,30
4251.4,32
4252.4,4
4252.6,38
4253.1,26
4253.4,27
4253.9,12
4254.2,8
4254.3,23
4254.6,31
4256.1,21
4256.7,10
4257.6,13
4258.8,35
4258.9,39
4259.0,3
4259.1,9
4259.4,36
4260.3,37
4260.5,34
4260.8,1
4261.3,15
4261.8,30
4262.1,29
4262.2,11
4262.2,23
4262.2,32
4262.4,7
4264.3,31
4264.6,27
4266.6,8
4266.7,33
4266.9,22
4267.3,2
4267.3,19
4267.4,4
4268.1,14
4268.2,0
4268.8,12
4269.1,38
4270.2,30
4270.8,1
4271.5,27
4274.4,39
4274.7,23
4274.9,29
4275.1,16
4275.6,7
4275.7,15
4275.8,11
4276.2,32
4277.6,3
4279.5,12
4279.6,0
4279.9,33
4280.3,34
4280.9,4
4281.0,8
4281.1,19
4281.4,9
4281.5,30
4281.7,27
4281.8,13
4281.9,1
4281.9,21
4282.2,18
4282.3,14
4283.9,23
4284.7,11
4285.1,10
4286.4,36
4286.7,31
4286.9,3
4287.2,38
4288.6,39
4290.5,12
4290.6,27
4290.6,32
4291.0,33
4291.4,22
4292.1,15
4293.5,1
4293.9,7
4294.2,4
4294.5,29
4294.6,26
4295.2,30
4295.6,13
4296.1,11
4296.3,8
4297.4,14
4298.0,0
4298.0,2
4298.5,37
4299.5,31
4299.7,23
4299.8,35
4300.3,34
4300.3,38
4300.4,3
4301.0,32
4301.0,27
4301.5,36
4301.9,12
4302.1,9
4302.2,21
4302.4,39
4302.8,4
4302.8,33
4304.3,19
4305.0,1
4306.8,7
4309.4,31
4310.1,11
4310.1,34
4310.9,0
4311.2,27
4311.3,30
4312.9,3
4313.0,4
4313.0,23
4313.1,15
4313.6,29
4314.1,8
4314.3,12
4315.6,36
4315.9,39
4316.2,19
4316.2,7
4316.5,1
4317.1,13
4317.8,24
4317.8,27
4317.9,38
4318.6,20
4319.5,26
4319.7,11
4320.9,21
4321.4,14
4321.9,33
4322.0,9
4322.8,32
4323.1,0
4323.2,12
4323.8,29
4323.9,22
4327.4,23
4328.4,30
4329.0,27
4329.2,3
4329.3,8
4329.4,39
4329.6,34
4330.3,0
4330.4,7
4330.5,4
4331.6,15
4332.1,1
4332.1,11
4332.3,37
4333.2,19
4333.8,10
4333.8,14
4333.8,25
4334.2,31
4334.8,38
4335.2,12
4335.9,21
4336.0,27
4338.3,2
4338.9,32
4338.9,36
4341.3,30
4341.7,3
4342.1,29
4342.6,11
4342.7,8
4342.8,1
4343.5,33
4343.9,0
4344.2,23
4344.2,35
4345.0,9
4345.9,12
4346.1,4
4346.4,27
4349.0,39
4349.8,13
4350.0,38
4350.9,19
4351.0,14
4351.1,21
4351.2,7
4351.3,6
4351.3,26
4351.5,31
4351.9,33
4353.6,15
4354.0,27
4355.1,1
4355.6,30
4356.0,11
4356.6,12
4356.9,8
4357.6,4
4358.0,34
4358.2,22
4358.3,3
4359.4,23
4360.7,10
4360.9,29
4361.2,39
4362.0,0
4362.4,32
4363.1,19
4364.7,21
4365.5,1
4366.5,7
4366.5,27
4366.8,14
4367.3,11
4367.4,31
4368.2,38
4368.5,12
4368.6,2
4368.6,33
4369.8,9
4371.0,36
4371.3,30
4372.2,23
4372.2,32
4373.4,13
4373.8,8
4374.2,29
4374.8,4
4374.8,33
4375.1,19
4376.7,27
4376.8,12
4377.7,3
4378.0,34
4379.5,1
4380.4,26
4380.9,11
4381.1,10
4382.0,7
4382.2,21
4382.4,0
4383.0,14
4383.8,31
4383.9,39
4384.5,23
4384.7,32
4384.9,29
4386.3,4
4386.7,15
4386.9,30
4387.1,36
4387.8,1
4388.3,33
4389.4,12
4391.2,38
4392.1,27
4393.0,11
4393.2,29
4393.7,7
4394.2,34
4394.6,9
4394.9,21
4395.0,3
4395.0,13
4395.0,19
4395.3,23
4395.7,31
4395.8,35
4396.2,33
4396.6,8
4398.4,0
4399.5,39
4399.7,12
4400.5,27
4400.6,2
4400.8,1
4400.9,24
4401.2,15
4401.4,11
4401.4,14
4402.0,30
4402.6,4
4403.1,32
4405.5,7
4407.2,22
4408.0,8
4408.0,31
4408.3,23
4408.4,13
4408.5,21
4408.5,25
4408.5,27
4408.6,33
4408.6,38
4408.8,9
4410.0,34
4410.1,1
4411.1,12
4412.0,19
4412.1,26
4413.1,30
4414.4,29
4415.0,3
4415.0,11
4415.3,0
4416.5,39
4417.6,14
4417.9,32
4418.4,27
4419.1,15
4420.0,8
4420.1,4
4422.5,10
4422.6,1
4423.8,21
4425.0,36
4425.2,33
4425.2,38
4425.3,23
4425.6,12
4428.0,7
4428.9,19
4429.7,30
4430.0,11
4430.0,31
4430.2,35
4430.4,4
4430.9,9
4431.4,13
4431.4,27
4432.2,12
4432.6,37
4432.7,0
4432.7,3
4433.0,15
4433.5,29
4433.8,34
4434.1,1
4434.2,8
4434.2,32
4436.3,21
4437.0,23
4438.8,2
4438.8,33
4439.7,30
4439.9,14
4440.2,7
4440.7,27
4441.1,38
4441.2,26
4443.2,31
4443.2,39
4444.4,28
4444.5,11
4446.3,4
4446.6,12
4448.8,24
4448.9,3
4449.4,10
4449.5,27
4449.5,36
4449.8,23
4449.9,21
4450.0,19
4450.1,8
4450.1,32
4450.3,33
4450.6,1
4451.2,15
4451.3,34
4451.9,35
4452.7,29
4454.9,7
4455.2,39
4455.7,12
4455.7,26
4455.7,37
4456.6,38
4456.7,0
4458.0,13
4458.0,27
4458.5,30
4458.7,14
4461.0,11
4462.1,1
4462.1,3
4462.1,21
4462.4,9
4462.6,32
4462.8,8
4463.2,23
4464.4,2
4464.7,4
4464.9,16
4465.0,22
4465.0,27
4465.3,31
4466.4,19
4466.8,30
4467.3,17
4467.6,12
4468.5,29
4469.0,33
4470.5,11
4470.6,15
4470.9,34
4470.9,38
4471.7,36
4473.5,23
4473.8,1
4473.8,7
4474.4,39
4475.0,13
4475.3,9
4475.8,27
4476.7,10
4477.0,25
4477.1,30
4477.3,0
4477.4,19
4477.4,24
4478.0,22
4478.2,26
4478.4,3
4478.8,33
4478.9,29
4479.6,31
4479.7,38
4482.1,12
4482.3,21
4483.2,4
4484.0,11
4484.0,32
4484.1,1
4484.1,14
4484.1,37
4484.7,39
4485.4,23
4485.5,7
4488.3,27
4490.8,0
4491.2,8
4491.5,26
4491.7,36
4492.4,2
4492.5,12
4492.5,33
4493.1,32
4493.3,11
4493.5,15
4493.6,34
4494.7,3
4495.7,38
4495.8,30
4496.3,10
4496.7,29
4497.6,13
4498.1,31
4498.7,9
4498.7,23
4499.5,7
4500.1,39
4500.6,4
4501.1,27
4501.1,35
4501.3,19
4501.8,1
4502.4,21
4504.4,11
4505.9,12
4506.0,8
4506.3,33
4506.9,14
4508.7,32
4508.8,4
4509.3,27
4509.5,0
4510.2,30
4510.5,1
4510.6,36
4510.9,3
4511.3,23
4511.7,21
4512.8,7
4512.9,11
4512.9,15
4513.8,12
4513.9,19
4514.9,29
4515.1,24
4515.6,9
4515.8,31
4516.4,34
4516.5,33
4516.6,22
4516.9,39
4517.4,38
4520.0,1
4520.6,26
4521.3,13
4521.6,8
4523.5,7
4523.6,30
4524.0,27
4524.0,29
4524.2,32
4524.4,2
4524.4,11
4524.8,14
4524.9,31
4525.8,21
4526.2,19
4526.3,23
4527.4,0
4527.6,33
4528.6,12
4529.1,4
4530.1,36
4531.3,1
4531.5,37
4532.0,8
4532.5,27
4533.1,35
4533.2,3
4533.2,24
4533.2,38
4533.9,7
4534.6,11
4535.6,34
4537.3,15
4537.3,23
4538.1,31
4538.3,29
4538.6,2
4538.6,30
4538.7,33
4538.8,13
4540.6,12
4540.8,39
4541.5,27
4542.0,32
4542.9,14
4543.2,21
4543.5,19
4543.9,3
4544.0,4
4544.1,9
4544.5,0
4544.9,1
4545.8,23
4546.4,38
4547.1,30
4548.0,33
4548.5,29
4549.5,10
4550.1,15
4550.2,25
4551.0,8
4551.3,7
4551.8,11
4553.2,12
4553.5,31
4554.5,39
4555.0,27
4555.8,23
4555.8,34
4556.2,13
4556.2,15
4556.7,1
4557.4,4
4557.5,32
4559.3,21
4561.3,0
4561.5,26
4561.6,38
4562.2,8
4562.5,12
4562.5,29
4564.0,19
4564.7,11
4564.7,36
4565.2,3
4566.4,9
4566.4,30
4566.8,7
4567.7,33
4568.0,34
4568.5,27
4569.8,23
4570.9,35
4571.2,1
4571.2,22
4571.3,24
4571.3,32
4571.7,17
4572.0,0
4572.2,14
4572.6,31
4572.7,4
4573.1,12
4573.3,15
4573.5,13
4573.7,21
4574.1,10
4574.7,29
4575.4,11
4576.9,33
4578.0,8
4578.4,39
4578.8,23
4579.2,27
4579.6,30
4579.8,19
4579.9,3
4581.1,7
4581.7,2
4583.3,12
4584.0,1
4585.4,15
4585.6,31
4586.1,27
4586.1,38
4586.3,4
4586.3,8
4586.4,11
4586.6,10
4587.2,21
4587.2,29
4587.4,9
4587.6,32
4589.0,26
4589.1,33
4589.3,36
4590.3,23
4593.2,30
4593.4,1
4593.5,39
4593.9,7
4594.3,13
4594.5,14
4595.3,12
4595.4,29
4597.2,0
4597.3,34
4597.5,19
4597.5,31
4598.3,27
4599.3,23
4599.8,38
4600.0,37
4600.3,30
4600.7,21
4601.0,32
4601.1,1
4603.1,11
4603.4,3
4603.8,4
4604.5,22
4606.5,27
4606.8,19
4607.2,33
4607.5,29
4607.7,31
4607.9,7
4608.3,15
4608.4,2
4608.4,8
4608.5,9
4608.6,14
4608.6,35
4608.6,39
4608.8,10
4608.8,36
4611.8,12
4611.9,23
4613.0,32
4614.4,0
4614.5,1
4616.0,11
4616.2,34
4616.5,27
4616.7,8
4617.0,19
4617.0,33
4617.3,3
4617.9,30
4618.3,21
4619.4,14
4619.6,38
4619.7,23
4620.7,31
4621.1,4
4621.3,15
4622.3,12
4623.0,29
4624.5,2
4624.5,7
4625.2,1
4626.4,27
4626.5,26
4626.6,23
4626.8,33
4626.8,36
4627.4,32
4628.0,13
4628.3,21
4628.9,30
4629.2,9
4630.5,3
4630.6,11
4633.7,0
4634.9,39
4635.2,29
4635.4,19
4635.5,27
4636.2,17
4636.2,31
4636.3,33
4636.4,10
4636.7,1
4637.3,4
4637.4,22
4637.5,26
4638.2,34
4638.4,23
4638.8,8
4639.8,12
4639.9,32
4641.2,30
4642.4,11
4642.4,14
4642.4,16
4642.9,38
4643.2,13
4643.4,3
4643.5,15
4645.3,7
4645.3,27
4647.0,19
4647.8,21
4648.8,0
4649.0,4
4649.0,12
4649.1,23
4649.1,33
4649.4,9
4649.4,15
4650.5,34
4650.8,26
4651.0,29
4652.6,1
4653.1,36
4654.5,27
4654.8,11
4654.9,35
4655.6,32
4655.8,7
4655.8,38
4655.9,8
4656.0,2
4656.1,31
4656.3,25
4657.1,24
4658.3,12
4658.4,3
4658.4,23
4658.6,19
4658.7,14
4659.8,13
4660.4,4
4662.3,30
4663.5,33
4665.0,29
4665.0,39
4665.3,17
4665.7,7
4666.0,15
4666.0,27
4666.3,10
4666.8,0
4666.8,21
4667.8,23
4667.8,32
4668.5,9
4668.6,12
4669.1,3
4669.6,33
4669.9,29
4670.9,11
4671.1,38
4672.4,1
4672.9,31
4673.2,8
4673.2,19
4673.8,27
4675.1,4
4675.8,30
4676.6,37
4677.8,2
4677.9,23
4678.2,34
4678.3,32
4679.5,39
4679.7,36
4680.2,35
4680.5,12
4681.0,13
4681.3,21
4682.3,14
4682.6,15
4683.1,7
4683.3,19
4683.7,1
4683.8,0
4684.4,4
4684.4,11
4685.9,38
4686.6,33
4687.2,31
4687.7,27
4688.7,9
4688.9,30
4689.0,26
4689.0,29
4689.6,10
4690.7,22
4690.9,8
4690.9,24
4692.4,39
4692.6,19
4693.1,23
4693.2,12
4693.3,3
4693.3,33
4693.3,35
4693.6,16
4693.9,13
4693.9,34
4695.8,7
4696.2,0
4696.2,15
4696.2,27
4696.5,32
4697.2,21
4698.0,1
4698.7,11
4699.7,29
4701.5,9
4701.8,36
4702.1,23
4703.1,31
4703.4,26
4703.8,30
4704.9,12
4705.7,4
4706.1,33
4707.2,8
4708.0,38
4708.3,2
4708.4,3
4708.7,11
4708.9,10
4709.0,39
4709.1,32
4709.6,14
4709.9,27
4710.5,0
4711.0,30
4711.1,37
4711.5,1
4711.9,29
4712.0,7
4712.6,31
4712.8,19
4713.3,21
4715.6,4
4715.8,22
4718.0,12
4718.0,35
4718.4,33
4718.6,8
4718.9,23
4719.1,11
4719.6,27
4720.0,1
4720.0,15
4721.0,34
4721.1,39
4724.3,10
4724.7,19
4725.0,3
4725.3,30
4725.5,38
4726.7,0
4727.5,7
4728.1,32
4729.0,20
4729.8,29
4730.8,26
4730.9,17
4731.2,23
4731.5,12
4731.5,13
4731.6,27
4731.7,4
4732.1,1
4732.4,33
4733.2,9
4733.9,30
4736.3,11
4736.5,36
4736.8,34
4737.2,3
4737.3,25
4737.3,31
4737.5,21
4737.9,23
4738.0,38
4738.3,7
4738.3,24
4738.7,0
4738.8,19
4739.0,8
4739.7,15
4739.9,33
4740.4,37
4740.9,14
4743.0,27
4744.0,32
4744.3,23
4746.0,29
4746.4,1
4747.2,12
4747.6,39
4749.2,30
4749.5,4
4750.1,3
4751.9,19
4752.1,21
4752.2,11
4752.2,14
4753.3,38
4753.6,33
4753.7,23
4754.1,7
4754.1,27
4754.1,36
4754.5,15
4754.6,2
4755.2,31
4757.0,1
4757.4,0
4757.4,8
4758.4,34
4759.8,9
4759.9,29
4762.0,4
4762.7,32
4764.4,19
4764.6,12
4764.9,27
4765.2,30
4765.3,13
4766.5,23
4767.4,21
4768.3,11
4768.5,24
4768.5,33
4768.9,26
4769.0,39
4769.1,3
4770.2,15
4770.3,6
4770.6,7
4771.1,29
4771.9,10
4772.4,4
4772.8,0
4774.6,1
4774.6,27
4774.6,35
4775.0,38
4775.4,12
4775.5,8
4775.7,11
4776.1,9
4776.2,23
4776.2,31
4779.9,19
4780.5,22
4781.0,36
4781.5,1
4781.5,25
4781.7,30
4781.9,14
4782.1,32
4783.6,7
4783.8,33
4783.9,11
4784.4,34
4784.9,15
4785.0,39
4785.2,21
4785.2,23
4786.1,29
4786.6,13
4787.1,12
4787.1,27
4787.9,8
4789.6,4
4790.9,2
4792.6,0
4792.6,3
4793.9,30
4793.9,31
4794.0,10
4794.1,1
4795.1,11
4795.2,38
4796.0,12
4796.3,4
4796.6,21
4797.3,23
4797.3,26
4798.0,32
4799.3,9
4799.3,14
4799.4,19
4799.5,39
4799.5,27
4799.9,17
4799.9,29
4800.1,0
4800.6,7
4800.7,15
4802.2,33
4802.7,13
4803.7,11
4804.7,35
4805.1,12
4805.7,4
4806.4,28
4806.5,1
4807.3,15
4807.9,24
4808.1,36
4808.2,3
4808.6,7
4809.3,34
4810.1,8
4811.3,27
4812.1,21
4812.1,30
4812.6,39
4813.1,19
4813.2,31
4813.6,14
4814.0,0
4814.2,10
4814.4,29
4814.4,32
4815.0,11
4815.2,12
4815.2,23
4818.5,38
4819.0,33
4819.3,1
4819.5,3
4819.9,9
4820.3,2
4820.6,7
4820.6,22
4821.1,4
4821.3,30
4821.4,8
4822.0,27
4822.2,13
4822.5,23
4825.6,31
4827.9,11
4828.0,32
4828.1,19
4828.6,29
4828.7,0
4828.9,21
4830.1,36
4830.8,1
4831.0,12
4831.1,39
4831.2,15
4831.2,23
4831.5,14
4832.0,27
4833.2,34
4833.7,4
4833.8,33
4834.7,8
4835.1,30
4836.8,7
4838.2,31
4838.8,11
4838.8,13
4838.8,19
4839.0,37
4839.3,38
4839.7,26
4840.2,29
4840.3,9
4841.4,2
4841.4,3
4842.1,27
4842.3,23
4842.9,32
4843.6,12
4844.7,1
4844.9,10
4844.9,39
4845.0,0
4845.0,33
4845.5,4
4846.1,21
4847.5,19
4848.3,15
4848.3,29
4848.6,8
4849.0,31
4849.1,30
4849.8,23
4850.7,27
4850.9,7
4852.5,11
4853.9,22
4854.8,35
4854.9,12
4856.1,9
4856.3,13
4856.8,33
4856.8,36
4857.3,38
4857.3,39
4857.4,28
4857.5,4
4857.8,32
4858.0,1
4858.5,0
4858.5,23
4858.8,34
4859.0,14
4860.5,7
4860.5,21
4860.8,29
4861.8,27
4861.9,31
4863.3,8
4866.5,30
4867.9,25
4868.0,19
4868.8,15
4868.9,33
4868.9,37
4869.0,3
4869.2,1
4869.3,0
4869.9,11
4870.6,7
4870.8,12
4871.1,29
4871.7,10
4871.9,4
4871.9,39
4872.0,34
4872.3,23
4872.3,27
4873.4,32
4873.6,13
4874.4,24
4874.7,9
4875.0,2
4876.3,21
4876.8,30
4876.9,31
4877.7,36
4878.4,38
4879.4,35
4880.6,12
4881.8,19
4882.6,14
4882.7,1
4882.9,11
4882.9,33
4883.7,8
4884.0,26
4884.4,22
4885.4,27
4885.7,4
4887.0,3
4887.5,7
4887.5,31
4887.9,32
4888.1,29
4889.0,23
4890.3,0
4890.3,30
4890.4,12
4890.5,39
4890.6,21
4891.7,1
4891.8,11
4893.1,13
4894.3,33
4895.4,9
4896.0,19
4896.1,34
4896.6,8
4896.6,27
4896.7,10
4897.6,15
4897.7,38
4899.2,7
4900.1,4
4900.5,12
4900.8,31
4901.8,23
4902.2,36
4902.6,18
4902.7,11
4903.1,21
4903.1,29
4903.4,27
4904.5,1
4904.9,33
4905.6,26
4906.2,12
4907.3,2
4907.8,32
4907.9,37
4908.3,3
4908.4,30
4908.8,39
4908.9,13
4908.9,14
4910.0,19
4910.4,23
4910.7,4
4911.3,7
4911.6,34
4912.0,8
4912.5,29
4913.5,0
4914.1,38
4914.9,22
4915.8,11
4916.1,27
4917.1,12
4917.1,15
4917.9,24
4918.0,1
4918.2,9
4919.5,3
4920.3,8
4922.5,21
4922.5,31
4922.6,23
4922.9,32
4925.1,29
4926.0,33
4926.2,27
4926.2,30
4926.5,39
4926.6,11
4926.6,36
4926.8,13
4927.5,1
4927.5,4
4928.2,9
4928.6,7
4929.2,19
4929.9,16
4931.0,3
4931.2,12
4931.3,38
4931.6,23
4933.1,26
4934.1,11
4934.5,32
4934.6,15
4936.0,21
4936.1,31
4936.5,0
4937.1,27
4937.8,34
4937.9,1
4938.4,8
4938.5,10
4938.5,33
4938.6,30
4938.7,25
4939.3,2
4939.6,14
4940.6,12
4941.1,4
4941.4,35
4942.1,39
4942.9,36
4943.1,38
4943.5,11
4943.6,1
4943.6,19
4944.3,27
4945.9,7
4946.3,23
4946.5,9
4947.0,29
4948.7,33
4950.0,15
4951.4,21
4951.9,12
4951.9,32
4952.7,26
4953.7,31
4954.3,0
4954.5,9
4954.5,13
4954.6,27
4955.2,8
4955.3,1
4955.4,3
4955.4,23
4955.7,30
4955.8,11
4955.9,39
4957.6,4
4959.1,10
4960.1,19
4961.0,7
4961.6,6
4961.7,12
4962.1,33
4963.0,1
4963.1,28
4963.2,34
4963.6,27
4963.8,23
4964.1,25
4964.4,29
4964.9,38
4965.2,21
4965.6,11
4965.8,15
4965.8,32
4968.2,22
4968.4,31
4969.5,0
4969.5,36
4970.1,39
4970.3,8
4970.4,9
4971.1,30
4971.4,2
4971.4,3
4971.7,27
4971.7,29
4973.3,33
4973.6,7
4973.6,12
4973.7,14
4973.8,13
4974.2,23
4974.4,11
4974.8,1
4975.4,4
4975.7,32
4976.8,20
4977.1,19
4978.3,26
4979.0,30
4979.3,38
4980.5,15
4980.5,31
4980.9,12
4981.9,21
4984.4,29
4984.8,27
4985.5,36
4986.3,39
4986.6,0
4987.3,8
4987.4,33
4987.7,7
4987.7,23
4988.8,32
4989.1,1
4989.1,11
4989.4,4
4990.2,10
4990.7,3
4991.7,34
4992.3,38
4993.7,31
4993.9,19
4994.3,9
4994.7,23
4995.4,12
4995.9,21
4996.6,13
4996.8,30
4998.2,27
4998.3,11
4998.6,0
4998.8,26
4999.0,32
4999.2,1
5000.7,22
5001.1,29
5001.2,33
5001.8,16
5002.4,8
5003.3,7
5003.4,2
5003.6,35
5004.1,36
5004.3,39
5004.6,4
5005.1,19
5005.6,12
5005.7,23
5006.2,14
5007.6,1
5007.7,31
5008.8,27
5008.9,3
5009.7,21
5011.2,9
5011.3,11
5011.3,32
5011.4,33
5012.4,34
5012.5,10
5012.8,38
5015.5,39
5016.1,30
5016.8,23
5016.9,27
5017.1,29
5017.6,31
5019.2,15
5019.3,4
5019.3,12
5019.3,13
5019.5,8
5021.6,25
5022.0,37
5022.2,19
5022.4,1
5022.9,21
5023.2,3
5023.5,24
5023.6,38
5023.8,7
5023.9,14
5024.0,26
5024.3,36
5025.1,0
5025.1,11
5026.0,22
5026.3,32
5027.5,2
5027.8,29
5029.2,33
5029.5,30
5030.0,4
5030.0,23
5030.2,27
5031.0,39
5031.1,31
5031.3,34
5031.5,12
5035.0,1
5035.8,7
5035.8,3
5036.7,38
5037.1,9
5038.1,11
5038.1,19
5038.5,21
5039.4,15
5039.9,27
5040.0,14
5040.0,31
5040.5,13
5040.7,32
5040.8,8
5040.8,23
5042.1,30
5043.2,4
5043.3,33
5043.7,29
5045.7,39
5045.8,1
5046.1,17
5046.1,34
5046.8,26
5047.3,27
5047.4,12
5048.0,38
5049.4,3
5050.0,11
5050.9,0
5051.3,19
5051.7,23
5052.0,33
5053.1,24
5053.4,7
5053.7,31
5054.0,29
5054.5,32
5056.0,36
5056.4,8
5056.5,37
5057.0,39
5057.3,1
5058.1,13
5058.2,27
5058.6,30
5058.7,21
5059.8,9
5060.0,11
5060.2,15
5062.6,12
5062.7,34
5063.7,2
5063.8,33
5064.3,4
5065.0,7
5065.5,0
5065.8,3
5065.8,10
5066.1,38
5066.8,23
5067.2,29
5067.6,27
5067.9,19
5068.3,1
5068.7,32
5069.0,21
5069.2,31
5070.4,26
5071.4,30
5073.7,0
5073.7,11
5073.8,23
5074.8,12
5075.0,36
5075.8,4
5075.8,33
5076.0,39
5076.1,8
5076.3,22
5076.8,16
5076.9,15
5077.4,14
5077.6,34
5077.7,1
5078.0,7
5078.1,3
5079.9,27
5081.0,9
5081.1,38
5083.9,32
5084.2,31
5084.2,30
5084.5,28
5084.8,21
5085.2,11
5085.6,13
5085.7,0
5085.7,23
5085.9,12
5086.4,24
5086.9,27
5086.9,29
5089.6,15
5090.5,26
5091.1,25
5091.3,7
5091.5,35
5092.1,19
5092.3,6
5092.7,1
5092.8,8
5092.8,33
5093.5,36
5093.6,37
5093.7,32
5095.1,23
5096.1,29
5096.4,4
5097.2,27
5098.3,12
5098.7,3
5098.9,11
5099.1,22
5099.4,9
5099.7,31
5101.8,21
5101.9,10
5102.3,33
5102.4,15
5102.8,38
5103.5,0
5103.5,14
5103.9,1
5107.6,8
5107.7,7
5108.0,30
5108.2,27
5108.2,39
5108.8,23
5109.1,26
5109.1,29
5109.4,34
5109.7,19
5110.5,11
5110.9,13
5111.6,32
5113.1,12
5113.5,21
5113.8,2
5114.4,1
5114.6,9
5114.7,4
5115.5,31
5115.6,3
5115.9,38
5116.2,0
5116.2,27
5116.5,33
5116.9,22
5117.0,25
5117.3,7
5117.3,23
5117.9,24
5118.0,39
5120.5,30
5120.8,29
5121.0,35
5124.1,11
5124.1,21
5124.2,14
5124.7,12
5124.9,23
5125.5,15
5125.6,36
5125.7,19
5126.6,27
5127.7,7
5127.9,8
5129.7,0
5129.7,32
5130.2,3
5130.4,1
5130.4,26
5130.4,39
5130.5,34
5130.7,4
5130.8,13
5131.2,38
5131.4,10
5133.6,11
5134.2,31
5134.2,37
5134.8,33
5136.8,12
5137.0,36
5137.1,29
5137.3,21
5137.7,9
5137.9,30
5137.9,8
5138.4,7
5139.2,0
5139.6,19
5139.7,23
5140.8,27
5141.8,14
5142.4,15
5143.2,1
5143.3,22
5144.5,4
5144.6,12
5145.5,11
5147.7,27
5148.2,3
5148.4,31
5148.6,7
5149.0,33
5150.1,30
5150.3,2
5150.5,38
5151.3,32
5153.6,39
5154.6,0
5154.6,11
5154.9,4
5155.1,21
5155.2,29
5155.3,13
5155.7,34
5156.4,19
5156.4,23
5156.5,10
5156.7,12
5157.0,9
5158.0,27
5158.5,8
5159.2,33
5159.6,1
5159.9,7
5162.1,30
5163.5,15
5164.6,26
5165.1,3
5165.1,9
5165.1,32
5165.3,21
5165.3,4
5165.7,23
5165.7,31
5165.7,35
5166.0,13
5166.1,11
5166.4,0
5166.5,29
5168.4,12
5169.8,1
5170.2,14
5171.2,27
5171.3,33
5171.6,17
5173.0,34
5173.6,36
5173.7,19
5175.0,2
5175.0,8
5175.2,4
5175.4,23
5175.4,30
5176.0,3
5176.7,39
5178.5,7
5178.7,38
5179.0,31
5179.5,12
5179.6,1
5179.7,32
5179.9,27
5180.7,6
5181.6,21
5181.7,11
5183.8,22
5186.3,30
5186.3,0
5186.6,23
5186.7,33
5187.8,29
5188.4,27
5188.5,9
5188.5,31
5188.6,20
5191.2,15
5191.7,32
5191.9,14
5192.2,4
5192.7,12
5192.7,3
5192.7,8
5192.7,19
5193.5,1
5194.0,11
5194.2,16
5195.6,7
5196.2,38
5196.5,39
5197.4,21
5197.4,23
5199.3,30
5201.3,12
5201.5,36
5201.8,27
5201.9,13
5202.4,34
5202.6,26
5202.6,33
5203.1,35
5204.5,0
5205.5,11
5206.5,2
5206.6,22
5207.1,31
5208.6,29
5208.7,1
5209.1,30
5209.4,8
5209.7,3
5209.7,4
5210.0,38
5210.2,9
5210.2,39
5210.7,32
5211.8,24
5212.2,21
5212.5,27
5212.6,12
5212.9,10
5213.1,7
5213.7,23
5214.4,13
5214.5,19
5215.0,11
5215.6,25
5215.6,28
5216.0,6
5216.3,14
5218.1,33
5219.1,15
5220.2,0
5220.3,29
5220.7,1
5221.9,32
5222.3,12
5222.7,38
5223.2,30
5223.3,23
5224.0,22
5224.0,34
5224.1,3
5224.1,27
5224.3,31
5224.6,2
5224.6,8
5224.8,19
5225.9,21
5226.9,7
5228.5,4
5228.5,11
5231.9,39
5232.1,9
5232.1,37
5232.6,23
5233.9,14
5233.9,33
5234.0,12
5234.0,27
5234.1,11
5234.2,0
5234.6,1
5235.4,32
5237.0,36
5237.2,10
5237.3,35
5238.4,21
5238.8,30
5239.2,15
5239.6,23
5239.9,7
5240.2,19
5240.5,31
5241.0,29
5241.2,26
5241.4,4
5242.3,13
5242.5,11
5242.5,39
5243.2,1
5244.7,27
5245.9,17
5246.7,2
5247.3,34
5247.5,8
5247.8,36
5248.1,3
5248.2,33
5248.7,12
5248.8,38
5250.5,23
5252.4,21
5252.7,30
5252.9,9
5252.9,11
5253.6,7
5253.7,32
5254.4,0
5254.5,1
5254.9,14
5255.1,27
5256.4,29
5257.1,22
5258.0,31
5259.0,33
5260.7,19
5260.7,21
5261.0,12
5261.2,15
5262.0,4
5262.1,13
5262.8,26
5262.9,23
5263.2,20
5264.4,38
5265.6,30
5266.7,11
5267.1,7
5268.2,1
5268.3,0
5268.5,10
5268.5,34
5268.6,8
5268.6,9
5269.6,3
5269.6,27
5269.6,29
5270.1,36
5270.1,39
5270.8,21
5271.4,19
5271.4,28
5271.6,12
5272.3,23
5272.4,37
5272.5,32
5273.0,33
5275.1,24
5276.4,4
5277.2,11
5277.8,31
5278.1,1
5278.3,8
5278.7,35
5278.9,30
5279.3,26
5279.8,0
5281.0,3
5281.3,27
5283.4,2
5283.6,7
5284.1,14
5284.4,39
5284.6,12
5284.7,23
5284.8,15
5285.3,21
5285.8,32
5286.2,10
5286.7,11
5286.7,38
5286.9,22
5287.2,5
5287.6,1
5287.8,9
5288.0,13
5288.0,29
5288.0,36
5289.8,31
5291.1,8
5291.8,16
5292.3,30
5293.0,27
5294.1,19
5295.5,0
5296.9,1
5297.0,9
5297.9,21
5298.0,7
5298.0,26
5298.2,33
5298.2,38
5298.7,14
5299.0,13
5299.1,12
5299.1,23
5299.5,34
5299.7,4
5299.9,39
5300.2,29
5300.6,11
5303.5,10
5304.2,27
5304.3,15
5304.3,30
5304.3,32
5305.1,31
5305.5,36
5305.9,37
5307.5,19
5308.2,8
5308.2,12
5308.4,23
5308.5,24
5308.9,11
5309.0,21
5309.1,1
5309.6,14
5310.3,0
5310.4,3
5313.4,4
5313.5,33
5315.0,38
5315.5,34
5316.2,39
5316.2,27
5316.4,29
5317.3,35
5317.4,7
5317.4,23
5317.6,1
5318.7,30
5320.3,12
5321.4,32
5321.7,31
5322.0,15
5322.3,19
5323.4,13
5324.1,11
5324.1,33
5324.2,8
5324.5,27
5325.2,22
5325.7,9
5325.9,10
5326.0,3
5326.0,38
5326.8,2
5326.8,21
5326.9,0
5327.5,28
5329.8,1
5329.9,29
5330.4,36
5331.3,23
5331.3,30
5331.5,12
5331.7,7
5332.1,4
5332.4,31
5334.7,11
5337.0,14
5337.1,27
5337.6,32
5338.2,38
5338.3,1
5339.1,21
5339.1,39
5339.4,29
5339.4,35
5339.7,3
5339.8,19
5339.8,23
5339.8,26
5339.9,25
5339.9,33
5340.0,31
5340.3,8
5340.6,12
5340.8,10
5342.1,11
5343.4,4
5344.7,0
5345.8,13
5346.5,30
5347.0,36
5348.6,27
5349.4,37
5349.4,32
5350.1,24
5350.3,15
5350.3,29
5350.6,9
5350.7,3
5350.8,7
5350.9,21
5351.2,23
5351.5,38
5351.9,12
5352.0,1
5353.4,11
5355.5,19
5355.7,14
5355.7,22
5356.4,31
5357.4,39
5357.9,34
5358.1,21
5358.2,4
5358.9,27
5359.5,0
5359.6,33
5361.2,23
5361.3,8
5361.6,16
5361.6,20
5361.8,32
5361.9,1
5364.0,12
5364.8,30
5365.8,2
5365.8,11
5367.3,15
5368.5,7
5369.2,26
5369.5,29
5369.9,27
5369.9,31
5370.1,19
5370.9,39
5371.0,22
5371.2,38
5371.3,21
5372.0,32
5372.3,35
5372.5,4
5372.8,33
5372.9,23
5372.9,34
5373.2,3
5373.4,13
5374.4,1
5375.7,8
5376.6,9
5376.9,0
5377.8,10
5377.8,30
5378.0,12
5378.6,27
5379.1,11
5379.1,36
5379.8,23
5380.5,14
5381.6,39
5381.7,1
5382.8,4
5384.0,38
5384.9,29
5385.2,8
5385.4,19
5385.6,25
5385.6,33
5386.2,21
5386.4,31
5387.1,32
5387.3,16
5387.5,15
5387.7,27
5387.9,12
5387.9,30
5388.5,9
5389.8,23
5389.9,11
5390.0,2
5390.0,7
5391.2,3
5391.4,26
5391.6,0
5391.7,1
5392.4,34
5393.1,39
5397.3,29
5397.4,33
5397.4,35
5398.6,27
5399.6,8
5399.6,12
5399.6,13
5399.9,19
5399.9,30
5400.3,4
5400.7,23
5401.6,22
5401.6,37
5402.2,11
5402.3,7
5402.7,14
5404.1,21
5404.8,31
5405.4,1
5405.4,36
5405.5,27
5406.1,32
5406.2,17
5406.6,38
5406.8,0
5407.1,3
5407.3,10
5408.0,12
5409.2,2
5409.9,29
5410.3,39
5411.2,34
5411.6,4
5411.9,33
5412.8,23
5414.1,8
5414.6,30
5415.0,7
5415.5,1
5415.5,11
5416.0,9
5416.1,27
5417.3,15
5418.4,19
5419.1,21
5419.3,38
5419.9,4
5420.0,31
5420.8,32
5421.7,12
5422.6,0
5423.0,6
5423.3,28
5424.0,8
5424.1,14
5424.1,26
5424.1,33
5425.4,23
5425.7,36
5425.8,11
5425.9,22
5426.2,27
5426.2,30
5426.2,39
5426.3,1
5426.9,29
5427.4,10
5428.7,19
5429.2,32
5429.3,7
5429.8,34
5430.0,13
5431.7,21
5432.1,4
5432.3,12
5433.1,3
5433.3,31
5433.5,15
5435.4,27
5435.8,9
5436.1,38
5436.3,8
5437.0,1
5437.0,2
5437.3,0
5437.3,11
5437.4,24
5437.8,23
5438.5,37
5440.4,33
5441.8,30
5441.8,39
5442.3,14
5443.2,7
5443.5,29
5443.7,32
5444.3,12
5444.6,23
5445.4,19
5446.2,4
5446.8,27
5447.3,26
5447.5,1
5450.1,10
5450.6,11
5451.5,34
5451.8,3
5451.9,13
5451.9,36
5452.3,35
5452.6,0
5452.6,21
5452.8,38
5453.1,30
5453.8,15
5454.0,8
5454.6,31
5454.8,29
5455.1,7
5455.3,9
5455.3,32
5456.0,2
5456.3,23
5456.9,27
5457.0,33
5459.0,12
5460.5,1
5461.1,16
5463.0,30
5463.3,11
5463.6,38
5463.9,22
5464.1,17
5464.6,33
5465.1,4
5465.6,34
5466.1,12
5466.3,9
5466.4,3
5466.4,19
5466.7,15
5466.7,27
5466.8,39
5467.1,32
5468.8,8
5469.4,0
5470.2,21
5470.7,1
5470.9,7
5471.8,29
5472.2,10
5472.7,14
5472.9,13
5472.9,31
5473.1,23
5474.4,11
5474.8,27
5475.0,24
5475.5,26
5479.0,32
5480.0,19
5480.0,25
5480.2,12
5480.8,30
5481.1,2
5481.1,8
5481.2,35
5481.3,29
5481.4,1
5481.7,7
5481.7,33
5481.9,9
5482.2,0
5482.2,23
5482.2,36
5482.9,21
5483.1,27
5485.4,4
5485.8,3
5485.9,15
5487.5,13
5487.6,38
5487.6,39
5487.9,11
5488.0,6
5488.4,37
5489.9,1
5490.0,27
5490.7,10
5491.0,12
5492.4,31
5492.7,23
5492.7,34
5493.4,29
5493.7,30
5494.3,32
5495.4,19
5496.5,21
5496.9,4
5496.9,26
5498.0,27
5498.1,0
5498.1,14
5499.5,9
5500.5,2
5501.5,33
5502.7,1
5503.1,30
5503.1,39
5503.2,3
5503.3,38
5504.2,36
5504.8,12
5505.4,7
5505.6,23
5505.7,11
5506.7,21
5506.9,8
5506.9,25
5507.0,4
5507.5,10
5507.8,0
5507.8,31
5508.3,15
5508.3,22
5508.3,32
5508.5,19
5509.1,27
5511.8,9
5512.9,29
5513.3,34
5514.1,1
5514.1,32
5515.0,23
5516.1,8
5516.2,39
5516.7,13
5517.0,38
5517.3,33
5518.4,14
5519.4,12
5519.8,4
5520.2,30
5520.8,37
5521.3,7
5522.6,27
5523.2,3
5523.2,23
5523.4,39
5524.4,11
5524.6,15
5524.7,31
5525.1,9
5525.5,19
5526.0,21
5527.3,29
5527.5,32
5527.8,26
5528.3,1
5528.5,14
5528.5,38
5528.9,36
5531.2,27
5531.4,33
5532.2,12
5533.2,0
5533.2,8
5533.4,35
5534.0,4
5534.4,23
5534.7,14
5534.8,21
5534.9,19
5535.2,7
5535.3,30
5535.7,11
5537.9,34
5538.8,1
5539.5,39
5539.6,3
5540.0,28
5540.3,13
5540.6,2
5542.5,32
5542.9,31
5543.0,29
5543.7,0
5544.0,33
5545.2,27
5546.1,7
5546.7,23
5546.8,21
5546.9,12
5547.4,14
5547.6,15
5548.1,17
5548.3,19
5549.5,1
5550.4,11
5550.6,10
5550.8,9
5550.9,38
5551.0,4
5551.7,8
5551.8,39
5554.4,32
5555.1,29
5555.1,30
5555.5,33
5555.7,22
5555.9,37
5556.6,27
5557.5,13
5557.7,26
5558.2,23
5558.3,12
5558.3,31
5559.0,3
5559.0,15
5559.0,19
5560.3,1
5561.5,11
5562.0,38
5562.8,0
5563.0,24
5563.2,36
5563.4,34
5563.5,21
5564.1,9
5565.9,7
5566.7,29
5567.7,39
5567.9,4
5568.6,31
5569.2,27
5569.5,12
5569.5,30
5569.7,14
5570.1,23
5570.8,13
5571.5,2
5571.5,8
5571.5,21
5571.7,33
5571.8,19
5572.3,32
5572.9,10
5574.3,22
5574.6,1
5575.1,3
5575.9,11
5576.5,37
5576.6,25
5576.7,0
5577.2,27
5577.3,36
5578.8,7
5578.8,38
5579.4,12
5580.1,15
5580.2,31
5580.4,9
5580.7,29
5582.4,30
5583.5,23
5583.9,14
5585.0,1
5585.6,21
5586.6,34
5586.8,39
5588.2,8
5588.6,32
5588.7,35
5588.9,19
5589.1,33
5589.9,31
5590.0,6
5590.9,11
5591.1,15
5591.2,12
5591.4,36
5591.6,27
5591.7,4
5592.1,26
5592.3,29
5592.5,3
5592.5,7
5592.6,13
5593.2,30
5593.3,38
5593.7,17
5595.1,23
5596.6,1
5596.9,33
5597.5,10
5597.6,0
5597.8,27
5598.9,2
5599.2,31
5600.7,11
5601.2,9
5602.2,12
5602.2,21
5602.2,30
5602.3,8
5603.0,15
5603.1,7
5603.1,14
5603.5,4
5604.5,29
5606.0,19
5606.4,32
5606.9,23
5607.6,39
5610.4,3
5610.5,34
5610.6,33
5610.9,30
5611.1,11
5611.6,12
5611.6,1
5613.4,31
5613.5,7
5613.5,0
5614.0,27
5615.2,21
5615.6,13
5616.1,38
5616.4,35
5616.5,23
5617.7,28
5618.0,37
5619.6,14
5619.7,1
5620.1,20
5620.2,26
5620.4,29
5621.2,15
5621.9,30
5621.9,39
5622.3,4
5622.7,12
5622.9,7
5622.9,19
5623.2,31
5624.2,9
5624.6,11
5624.6,27
5624.9,34
5625.0,36
5625.1,2
5625.7,33
5626.3,8
5626.9,32
5627.8,25
5628.4,1
5628.7,0
5629.2,21
5629.9,10
5630.2,7
5630.7,3
5631.0,23
5632.9,11
5633.4,27
5633.7,4
5634.1,13
5634.5,38
5635.9,26
5636.0,39
5636.2,12
5636.3,33
5636.6,9
5636.7,35
5637.9,19
5638.2,17
5638.2,23
5638.3,31
5639.3,8
5639.3,32
5639.4,15
5639.6,27
5639.8,21
5640.2,7
5640.3,29
5643.5,30
5645.0,1
5645.1,34
5645.3,14
5645.8,11
5646.8,12
5647.8,22
5648.6,33
5649.1,4
5649.1,29
5649.3,0
5649.3,15
5649.5,38
5650.4,23
5650.9,24
5651.2,27
5652.6,21
5653.5,3
5653.5,31
5653.5,32
5653.7,13
5653.9,7
5654.0,9
5655.8,39
5656.1,10
5656.4,8
5657.5,2
5658.3,36
5658.8,11
5659.9,38
5660.3,29
5660.4,12
5660.8,3
5661.1,23
5662.3,19
5662.7,1
5662.9,30
5663.3,27
5663.3,34
5664.1,26
5664.4,33
5664.8,17
5664.9,35
5665.1,4
5665.6,7
5665.8,31
5666.0,12
5666.2,32
5667.2,0
5669.9,1
5670.2,21
5670.9,29
5671.0,8
5671.1,11
5671.3,13
5671.5,23
5672.4,9
5672.4,15
5672.4,27
5673.4,14
5673.4,38
5673.5,39
5673.6,0
5676.3,32
5676.7,10
5677.2,36
5677.5,12
5679.8,6
5680.1,31
5680.4,33
5680.9,1
5681.0,7
5681.0,19
5681.1,30
5681.5,22
5682.3,3
5682.5,23
5684.2,27
5684.3,29
5685.9,20
5686.0,11
5686.1,8
5686.3,12
5687.2,9
5687.9,39
5688.1,32
5688.5,4
5688.5,21
5689.6,38
5689.9,3
5691.8,23
5692.0,1
5692.0,33
5693.5,0
5693.6,7
5693.8,13
5694.8,31
5694.9,37
5695.8,30
5695.9,15
5696.4,34
5697.0,26
5697.2,36
5697.9,27
5698.5,19
5699.2,11
5700.7,2
5700.8,4
5700.9,14
5701.0,22
5701.1,0
5701.1,1
5701.5,24
5701.5,32
5701.6,29
5701.9,12
5702.4,23
5702.5,8
5702.8,38
5704.4,39
5704.5,33
5706.3,30
5707.5,9
5708.2,10
5708.9,7
5709.6,27
5711.3,1
5712.4,21
5712.8,11
5713.0,12
5713.3,32
5713.4,0
5713.6,13
5713.8,26
5714.3,31
5714.6,3
5714.9,19
5714.9,28
5715.0,38
5715.2,34
5715.3,27
5715.5,23
5715.6,29
5716.5,33
5717.1,15
5720.4,30
5721.1,4
5721.6,7
5721.8,12
5722.1,35
5723.3,1
5723.5,27
5723.6,8
5723.6,14
5723.7,9
5724.4,11
5724.6,36
5724.8,39
5725.0,38
5725.9,21
5727.8,25
5728.5,31
5728.9,13
5729.0,23
5730.1,12
5730.3,29
5731.6,3
5731.7,19
5731.9,15
5732.0,33
5732.3,34
5732.8,32
5733.2,1
5734.1,2
5734.1,22
5734.5,27
5734.6,8
5734.7,4
5736.5,11
5736.6,7
5737.0,30
5737.8,24
5738.7,0
5739.7,10
5741.2,39
5741.5,19
5741.5,3
5741.5,26
5741.5,32
5741.5,36
5742.1,1
5742.1,31
5742.2,21
5742.5,29
5742.5,33
5742.7,23
5743.6,9
5743.8,37
5743.9,27
5745.7,12
5746.5,38
5746.8,4
5746.8,14
5747.1,11
5749.6,23
5750.0,13
5750.0,15
5750.7,7
5751.2,30
5752.0,19
5753.1,8
5753.1,21
5753.4,32
5753.9,33
5754.3,1
5755.2,27
5755.2,36
5755.7,34
5756.0,29
5756.1,31
5756.4,0
5757.4,12
5760.1,22
5761.4,2
5762.2,11
5762.4,1
5762.9,4
5762.9,13
5763.3,39
5763.4,23
5763.5,3
5764.1,12
5764.2,9
5764.4,35
5764.4,38
5765.1,27
5765.5,31
5765.7,30
5765.7,33
5767.7,8
5768.6,29
5768.7,32
5768.8,7
5770.8,0
5771.1,14
5771.1,21
5773.2,19
5773.9,4
5773.9,31
5774.3,11
5774.4,12
5774.6,20
5774.7,26
5774.9,3
5774.9,39
5775.5,30
5776.6,27
5776.9,2
5777.2,28
5777.9,1
5779.1,7
5779.3,36
5780.3,16
5780.3,37
5780.8,0
5781.2,6
5781.3,23
5781.5,15
5781.9,33
5781.9,38
5782.9,14
5783.1,32
5783.5,12
5783.7,11
5783.9,10
5784.6,8
5785.3,9
5785.4,21
5786.6,17
5786.9,27
5787.5,29
5788.8,19
5788.8,22
5789.2,30
5789.8,31
5790.3,4
5790.7,1
5790.8,33
5791.3,0
5791.5,35
5792.5,13
5792.5,26
5794.2,12
5794.6,7
5795.2,14
5795.6,3
5796.9,25
5797.0,21
5797.1,11
5797.1,34
5797.1,39
5797.3,32
5797.8,23
5798.2,27
5798.7,15
5799.9,29
5801.8,1
5802.2,4
5802.8,8
5804.0,31
5804.0,33
5805.8,27
5806.1,7
5806.4,24
5806.6,3
5806.7,30
5806.8,12
5806.8,23
5808.7,11
5808.8,38
5811.7,0
5813.2,34
5814.4,19
5814.6,10
5814.7,35
5815.3,27
5815.4,21
5815.4,22
5815.4,36
5815.5,16
5815.5,23
5815.6,1
5815.6,30
5815.7,15
5815.9,38
5815.9,8
5815.9,29
5815.9,32
5816.2,31
5816.4,17
5816.5,12
5816.5,39
5817.6,4
5817.6,11
5819.5,7
5820.4,9
5822.5,13
5822.7,26
5823.1,3
5824.4,14
5825.3,29
5826.0,33
5827.3,27
5827.4,23
5827.5,8
5827.9,32
5828.3,21
5828.4,30
5828.4,12
5828.4,39
5829.6,2
5829.9,19
5829.9,31
5830.6,1
5831.4,11
5831.7,0
5832.0,22
5833.0,38
5834.5,7
5836.3,27
5836.9,34
5838.5,4
5838.8,30
5839.1,1
5839.1,9
5839.4,23
5839.7,12
5840.3,8
5840.4,15
5840.6,33
5841.4,11
5842.1,3
5842.6,14
5843.2,32
5843.3,29
5843.3,0
5843.3,36
5843.5,21
5846.2,39
5846.4,7
5846.5,13
5846.6,4
5847.0,38
5847.1,10
5847.6,27
5847.9,31
5848.1,12
5849.2,1
5849.4,19
5850.7,24
5851.2,26
5851.3,9
5851.6,33
5853.4,23
5853.5,30
5854.0,8
5854.3,21
5854.5,29
5854.9,11
5855.2,7
5855.2,39
5857.2,15
5860.0,32
5860.1,13
5860.1,27
5861.4,34
5861.8,1
5862.0,31
5862.0,12
5862.2,22
5862.7,4
5863.3,0
5863.4,23
5863.7,3
5864.3,17
5864.5,14
5864.9,21
5865.0,29
5865.3,2
5865.8,8
5869.0,11
5870.1,19
5870.6,33
5871.4,32
5871.6,12
5871.8,27
5871.9,15
5872.0,30
5872.1,1
5872.3,38
5872.9,10
5873.3,39
5873.8,23
5874.0,7
5874.1,31
5875.7,4
5876.4,8
5877.1,13
5877.5,26
5877.7,0
5877.8,35
5878.1,36
5878.3,14
5878.6,9
5881.1,11
5881.4,21
5882.0,32
5882.9,27
5883.4,33
5883.5,38
5884.6,1
5884.6,16
5885.8,29
5885.9,12
5886.2,19
5886.2,28
5886.4,30
5886.6,22
5886.6,23
5886.7,3
5887.0,37
5887.9,2
5888.1,4
5888.9,15
5889.0,7
5889.7,11
5891.5,31
5892.9,8
5893.0,1
5893.0,39
5893.6,34
5894.2,29
5895.1,23
5896.0,10
5896.0,27
5896.0,30
5896.5,9
5896.5,36
5896.6,13
5897.4,19
5898.0,0
5898.2,14
5898.4,12
5898.8,33
5900.6,7
5901.0,4
5901.4,21
5902.2,32
5902.6,26
5903.1,11
5903.3,3
5904.1,1
5904.1,24
5904.9,38
5905.4,23
5906.4,27
5907.9,29
5908.7,33
5908.8,12
5910.4,19
5910.8,8
5910.8,21
5911.4,31
5911.9,30
5912.3,1
5912.3,7
5912.3,23
5912.9,11
5913.2,0
5913.4,14
5915.2,15
5915.7,13
5916.4,27
5916.5,4
5916.8,37
5917.6,20
5917.9,10
5918.3,36
5919.0,3
5919.0,21
5919.4,2
5919.4,12
5920.2,38
5920.6,32
5922.4,9
5922.9,8
5923.3,29
5923.6,39
5923.7,35
5923.9,33
5924.1,26
5924.1,19
5924.1,31
5924.8,23
5925.2,11
5926.0,17
5926.0,27
5926.3,7
5926.9,0
5927.0,1
5927.5,28
5930.7,30
5931.3,4
5931.9,34
5932.0,3
5932.4,12
5932.9,1
5934.0,19
5934.4,9
5934.8,23
5935.2,15
5935.7,36
5937.2,8
5937.4,29
5937.9,27
5938.0,7
5938.0,39
5938.5,21
5938.6,32
5940.1,14
5940.3,11
5940.3,33
5943.1,31
5943.3,3
5943.3,16
5943.8,10
5944.0,24
5944.3,12
5944.4,4
5944.6,30
5945.1,22
5945.5,23
5948.9,27
5949.1,1
5949.3,38
5949.9,2
5949.9,21
5950.0,32
5950.3,26
5951.2,15
5951.2,33
5951.4,13
5951.5,0
5951.9,9
5952.6,29
5952.8,8
5953.8,19
5954.1,6
5955.3,11
5955.4,1
5955.5,30
5955.6,7
5955.9,10
5956.3,23
5957.6,34
5958.2,27
5958.4,39
5958.6,12
5960.2,3
5960.9,38
5962.2,33
5962.6,31
5963.0,29
5963.1,36
5964.0,32
5964.1,19
5964.1,37
5964.1,15
5964.4,8
5964.4,11
5964.4,27
5965.0,21
5965.1,13
5965.4,0
5965.4,12
5965.6,4
5965.9,23
5966.8,14
5967.0,30
5969.9,1
5971.0,25
5972.0,7
5972.2,23
5972.4,39
5973.2,9
5973.3,32
5973.4,36
5974.2,10
5974.7,29
5975.5,11
5975.9,3
5976.3,27
5976.3,21
5977.1,33
5978.4,31
5979.3,30
5979.5,4
5979.6,34
5979.7,1
5980.5,12
5981.1,8
5981.2,26
5982.3,15
5982.5,2
5982.5,19
5983.2,27
5983.6,23
5984.4,38
5985.3,7
5985.9,0
5986.8,21
5987.6,35
5987.8,11
5988.5,39
5988.8,14
5988.8,29
5989.2,30
5989.7,32
5990.0,9
5990.5,33
5991.9,31
5992.6,8
5992.7,3
5993.0,12
5994.0,13
5994.2,1
5994.8,4
5994.9,22
5995.0,19
5996.2,23
5996.3,34
5997.8,0
5997.8,17
5998.7,11
5999.1,39
5999.2,27
5999.7,7
6001.7,30
6002.6,19
6003.0,33
6004.1,1
6004.8,12
6005.1,4
6005.4,23
6005.8,38
6006.4,32
6006.6,37
6006.8,36
6006.9,21
6006.9,29
6007.0,31
6009.1,8
6010.3,15
6010.5,11
6010.6,0
6011.0,14
6011.0,27
6011.3,10
6011.6,35
6011.7,26
6012.3,39
6014.4,7
6014.7,34
6014.9,9
6015.7,13
6015.9,19
6016.2,3
6016.6,2
6016.7,12
6016.7,33
6016.8,29
6016.9,17
6017.0,23
6017.0,24
6017.6,30
6017.7,1
6018.5,31
6021.2,11
6021.3,4
6023.8,27
6024.2,38
6025.4,8
6025.8,32
6026.0,0
6026.1,39
6028.1,21
6029.3,12
6029.5,30
6030.4,14
6030.6,23
6030.7,2
6030.8,33
6031.1,31
6031.5,27
6032.0,15
6032.5,19
6032.8,1
6032.9,36
6034.4,4
6034.6,7
6035.3,13
6035.4,34
6036.1,35
6036.2,11
6036.2,26
6036.8,3
6036.8,29
6037.2,0
6037.3,38
6038.6,9
6038.6,22
6039.2,12
6039.8,32
6040.2,27
6042.3,21
6043.0,7
6043.0,8
6043.2,30
6043.3,11
6043.5,33
6043.8,1
6043.8,23
6044.1,28
6045.2,19
6045.7,31
6048.7,15
6049.5,39
6049.5,10
6050.3,26
6050.7,36
6051.0,38
6051.6,27
6052.0,12
6052.0,29
6052.5,7
6053.4,4
6054.7,9
6054.8,17
6054.9,0
6054.9,21
6055.4,1
6055.7,33
6055.9,11
6056.0,32
6056.2,3
6057.7,23
6059.6,8
6059.8,35
6060.2,12
6060.3,13
6060.5,34
6060.9,27
6061.1,26
6061.1,29
6061.7,37
6062.7,30
6063.8,1
6066.6,38
6066.8,14
6066.8,19
6066.8,39
6067.0,4
6067.2,0
6067.7,11
6068.5,7
6069.6,2
6070.3,33
6070.5,31
6070.9,27
6071.0,23
6072.4,25
6072.7,21
6073.1,12
6073.5,30
6074.0,29
6074.2,8
6074.3,15
6076.3,1
6076.8,9
6076.9,11
6077.7,10
6078.0,14
6078.1,36
6080.4,3
6080.6,31
6081.5,34
6081.8,33
6082.1,7
6082.9,30
6082.9,38
6083.5,37
6083.6,12
6084.4,32
6084.5,27
6084.7,6
6084.9,11
6085.3,29
6085.5,19
6086.0,4
6086.0,13
6086.0,23
6086.8,0
6087.6,1
6089.4,9
6090.1,21
6091.1,27
6091.2,10
6091.5,26
6091.6,36
6091.8,8
6092.5,7
6092.7,24
6092.9,39
6093.2,31
6094.5,33
6095.9,23
6096.1,12
6096.3,30
6097.2,32
6097.3,13
6097.4,0
6097.5,15
6097.8,11
6098.4,1
6098.6,3
6099.2,2
6099.6,19
6100.3,14
6103.7,27
6104.0,12
6104.7,28
6105.3,38
6105.5,8
6106.6,7
6106.6,29
6106.6,33
6107.0,4
6107.2,15
6107.2,23
6110.6,21
6110.7,34
6110.9,31
6111.1,10
6111.3,30
6111.6,1
6112.0,39
6112.0,3
6112.7,19
6112.8,32
6112.9,0
6112.9,13
6114.2,11
6115.4,27
6117.3,33
6118.0,9
6118.0,12
6118.7,8
6119.5,26
6120.8,7
6121.7,34
6121.9,1
6122.1,23
6122.9,29
6123.2,4
6123.7,14
6124.0,38
6124.2,22
6124.9,21
6125.1,27
6125.1,37
6126.0,32
6126.3,11
6129.1,39
6129.2,12
6129.6,6
6130.2,4
6130.2,19
6130.8,30
6131.0,0
6131.1,33
6131.6,31
6131.8,2
6131.8,35
6132.0,1
6132.0,27
6132.2,3
6132.2,15
6132.3,7
6132.5,13
6132.5,25
6132.8,23
6133.4,36
6136.2,9
6136.5,29
6137.1,14
6138.8,11
6139.2,10
6139.4,26
6139.8,21
6140.6,38
6140.7,23
6141.3,32
6141.7,8
6142.6,33
6142.8,27
6143.1,1
6143.4,30
6143.8,12
6143.9,13
6146.5,31
6147.3,4
6148.1,19
6148.1,36
6148.8,17
6148.9,7
6148.9,11
6148.9,15
6150.3,29
6151.5,27
6154.3,32
6154.6,39
6154.8,34
6155.3,12
6155.4,1
6155.5,9
6155.5,23
6155.7,35
6156.0,21
6156.5,0
6156.5,20
6157.7,3
6157.9,29
6158.0,33
6158.7,36
6159.7,30
6160.1,7
6160.1,11
6160.3,27
6163.8,13
6164.1,38
6165.7,31
6166.1,22
6166.3,8
6166.5,2
6167.1,23
6167.5,1
6167.6,33
6167.7,14
6168.3,15
6168.5,4
6168.6,6
6168.7,19
6168.8,11
6168.9,37
6169.2,12
6169.6,29
6170.4,27
6170.7,38
6170.8,21
6170.9,0
6170.9,34
6172.6,10
6173.7,39
6173.9,31
6174.1,32
6174.4,26
6175.1,35
6175.3,7
6176.4,30
6177.3,9
6178.4,3
6178.9,1
6179.0,24
6179.3,13
6179.4,11
6179.7,27
6180.5,4
6180.5,23
6183.9,21
6184.0,31
6184.3,22
6184.5,8
6185.1,33
6186.0,12
6186.3,36
6186.5,14
6186.7,19
6186.9,15
6187.2,29
6188.2,39
6188.2,7
6188.4,1
6188.4,11
6188.4,27
6188.9,23
6188.9,37
6189.0,32
6189.7,0
6190.5,2
6191.9,38
6193.2,16
6194.6,4
6195.3,30
6195.4,13
6195.4,21
6195.7,33
6196.7,39
6197.6,12
6197.8,8
6197.8,32
6197.9,3
6198.0,34
6198.5,27
6198.9,9
6198.9,29
6199.3,23
6200.9,1
6202.1,10
6202.5,15
6202.5,31
6202.9,7
6203.1,11
6204.1,30
6205.1,19
6205.6,23
6206.6,12
6207.9,26
6208.0,33
6208.6,13
6208.9,2
6209.2,0
6209.6,38
6210.3,4
6210.6,3
6211.2,34
6211.4,21
6211.7,14
6211.7,36
6212.0,29
6212.1,27
6213.4,7
6214.1,11
6215.1,1
6215.8,39
6216.0,8
6216.6,35
6216.7,12
6216.8,9
6217.7,15
6218.3,27
6218.6,31
6219.4,32
6221.6,23
6222.4,33
6222.5,7
6222.8,30
6224.2,38
6225.3,0
6225.5,29
6225.9,4
6226.5,19
6226.7,13
6227.0,3
6227.7,1
6227.8,12
6228.9,11
6229.3,21
6230.1,37
6230.3,23
6230.4,14
6230.5,8
6230.7,27
6231.0,22
6232.0,39
6233.0,30
6233.0,36
6233.6,10
6234.4,33
6234.5,34
6234.6,1
6234.7,0
6235.5,32
6235.5,38
6236.8,4
6236.8,9
6238.2,15
6238.2,29
6238.5,12
6238.8,21
6239.6,31
6239.8,11
6240.6,7
6242.7,2
6242.9,27
6243.2,13
6243.3,25
6243.5,28
6244.2,1
6244.7,3
6245.0,23
6245.1,19
6246.3,30
6246.9,8
6248.3,11
6248.8,35
6250.9,7
6251.3,26
6251.5,15
6252.1,33
6252.8,14
6252.8,29
6252.9,0
6254.1,39
6254.4,21
6254.6,27
6254.6,32
6255.7,10
6256.0,31
6256.1,12
6256.4,34
6256.7,4
6256.8,1
6256.8,22
6257.3,13
6257.3,38
6257.5,23
6261.6,19
6262.5,30
6263.2,3
6263.3,33
6263.4,11
6264.0,15
6264.2,9
6264.7,8
6265.3,27
6265.6,29
6266.1,31
6267.8,37
6268.4,1
6269.1,4
6269.5,10
6269.6,36
6269.7,32
6269.8,6
6270.1,12
6270.4,23
6270.5,24
6270.7,7
6272.0,39
6273.4,0
6273.9,11
6274.9,14
6276.9,8
6277.2,30
6277.3,19
6277.5,15
6277.7,27
6278.0,4
6278.1,21
6278.5,13
6278.5,32
6279.3,29
6279.3,33
6279.3,34
6280.0,12
6281.5,1
6282.3,22
6282.4,7
6282.5,39
6282.7,38
6283.6,31
6283.7,23
6285.0,2
6287.8,11
6288.2,27
6288.3,13
6288.8,9
6289.0,21
6289.2,29
6289.5,12
6290.5,30
6291.4,26
6291.5,32
6292.3,19
6292.8,33
6293.0,1
6293.3,8
6293.3,15
6293.7,10
6293.9,36
6294.2,3
6294.2,4
6294.3,23
6294.8,0
6296.6,14
6297.2,27
6299.9,34
6301.0,11
6301.0,1
6301.5,29
6301.8,38
6301.9,12
6302.3,7
6302.4,28
6302.5,39
6303.5,19
6303.6,30
6304.6,31
6306.2,27
6306.7,13
6306.8,23
6307.4,4
6307.8,33
6307.9,0
6308.1,21
6310.1,17
6310.6,14
6310.7,1
6310.8,12
6311.0,34
6311.3,25
6311.7,11
6312.4,3
6312.6,2
6312.6,8
6313.2,32
6314.2,27
6314.2,36
6314.5,19
6316.2,31
6316.6,15
6316.9,30
6317.4,21
6317.4,33
6317.4,7
6318.6,29
6318.9,9
6319.4,37
6319.9,1
6320.1,10
6320.3,12
6320.4,39
6321.4,23
6322.6,0
6324.0,22
6324.7,26
6325.6,4
6326.0,27
6326.5,30
6327.3,19
6327.4,3
6328.0,12
6328.4,38
6328.6,32
6329.6,8
6329.6,34
6329.9,15
6330.3,23
6330.9,11
6331.1,33
6331.3,21
6332.3,1
6332.6,7
6332.9,14
6333.8,9
6334.4,0
6334.5,2
6334.6,29
6335.4,13
6336.6,39
6337.2,27
6339.7,4
6340.6,31
6340.8,7
6341.3,12
6341.3,19
6341.7,24
6342.9,11
6342.9,23
6343.2,36
6344.2,3
6344.2,30
6344.4,8
6345.7,33
6345.9,34
6346.1,29
6346.3,1
6346.6,15
6346.6,17
6346.8,9
6347.9,27
6348.4,0
6348.7,32
6349.0,35
6350.8,21
6351.0,6
6351.7,39
6353.2,4
6353.3,31
6353.4,7
6353.5,23
6354.0,19
6354.7,30
6354.9,8
6355.3,1
6355.4,14
6356.0,29
6356.2,32
6357.6,12
6357.7,11
6359.7,37
6359.9,38
6360.9,13
6361.2,10
6361.6,21
6361.6,33
6361.9,27
6362.2,22
6362.7,0
6363.8,36
6364.3,29
6364.6,30
6364.7,8
6365.2,34
6366.0,24
6366.1,15
6366.4,1
6366.4,26
6369.4,32
6369.9,19
6370.0,3
6370.8,27
6370.9,23
6371.0,12
6371.5,11
6371.7,2
6372.4,4
6372.5,31
6372.5,39
6372.6,21
6372.7,20
6372.9,35
6373.4,7
6373.5,9
6374.8,33
6376.3,0
6377.4,29
6378.0,37
6378.5,14
6378.7,12
6378.7,25
6379.0,36
6379.3,1
6379.4,38
6379.9,23
6382.2,8
6383.4,11
6383.4,26
6384.3,30
6384.4,32
6384.9,31
6385.3,1
6385.4,10
6385.4,34
6385.5,27
6386.0,15
6386.6,13
6386.8,19
6387.2,21
6387.3,22
6387.9,12
6388.3,0
6390.1,23
6390.8,33
6392.0,39
6393.4,7
6393.5,3
6393.6,4
6394.3,30
6394.4,9
6394.7,32
6395.0,1
6395.3,11
6395.4,38
6395.8,27
6396.0,14
6396.0,26
6396.3,2
6396.4,6
6397.3,12
6397.5,8
6397.8,29
6398.0,19
6400.1,31
6402.2,0
6403.0,36
6403.1,21
6403.6,23
6404.3,37
6405.1,1
6405.2,7
6406.1,8
6407.6,4
6407.6,17
6407.8,32
6408.6,33
6409.1,11
6409.4,10
6409.4,30
6409.5,12
6409.6,27
6409.9,35
6410.2,24
6410.6,31
6410.7,38
6410.7,39
6412.8,13
6413.5,7
6413.8,14
6414.0,15
6414.1,23
6414.4,29
6414.5,33
6414.5,34
6415.1,3
6415.1,19
6417.5,9
6417.5,12
6417.6,1
6418.0,11
6418.0,0
6418.3,21
6418.8,27
6419.3,30
6420.3,32
6422.6,39
6422.7,8
6423.0,23
6424.0,4
6425.7,31
6426.0,37
6426.5,7
6426.5,38
6426.6,33
6427.8,2
6428.7,11
6428.8,35
6429.2,1
6429.2,22
6429.2,36
6429.5,8
6429.6,12
6429.6,15
6431.3,30
6431.6,23
6431.7,26
6432.2,3
6432.3,16
6432.5,19
6433.0,13
6433.2,21
6433.3,0
6433.4,27
6433.9,10
6434.0,29
6434.5,39
6435.4,34
6435.5,32
6435.9,7
6436.4,4
6439.3,14
6441.1,31
6441.2,33
6442.2,1
6442.2,38
6443.0,27
6443.0,8
6443.0,12
6443.0,39
6443.3,3
6443.5,9
6443.6,30
6443.8,13
6444.0,28
6444.8,24
6445.0,15
6446.4,11
6446.9,29
6446.9,34
6447.5,19
6447.7,23
6448.7,17
6449.6,32
6450.1,21
6451.9,7
6452.2,1
6452.2,4
6452.9,0
6453.1,12
6453.6,36
6454.0,9
6455.5,11
6455.5,33
6455.9,29
6456.1,38
6456.5,8
6457.3,23
6457.3,39
6457.8,27
6458.2,10
6459.5,7
6460.3,30
6461.0,2
6461.6,31
6463.2,14
6463.2,32
6463.4,19
6463.6,4
6463.8,22
6464.0,12
6464.1,15
6464.3,33
6465.2,21
6465.9,13
6467.1,37
6467.6,34
6467.7,0
6468.2,29
6468.3,1
6468.3,11
6468.5,25
6468.9,7
6469.7,38
6470.0,27
6470.2,23
6471.2,39
6471.7,3
6472.8,30
6472.9,9
6475.1,32
6476.1,31
6476.5,12
6477.3,33
6477.4,29
6477.7,19
6478.0,15
6478.4,10
6478.8,23
6478.9,8
6479.5,1
6479.9,24
6481.5,39
6482.7,21
6482.8,27
6483.4,4
6483.4,11
6483.4,30
6484.7,38
6486.1,33
6486.5,13
6486.9,0
6487.2,31
6487.5,3
6487.8,14
6487.9,9
6488.7,36
6488.8,12
6488.8,19
6489.1,27
6490.0,7
6490.0,35
6490.7,2
6490.8,23
6491.3,1
6491.4,30
6491.8,26
6494.8,29
6495.3,11
6495.8,22
6495.9,17
6496.5,32
6496.8,15
6497.1,34
6497.5,37
6497.7,8
6498.0,39
6499.0,38
6499.3,23
6499.7,21
6500.1,4
6500.4,19
6500.7,12
6501.2,1
6502.1,31
6503.7,27
6504.8,33
6505.5,10
6505.5,2
6505.5,30
6505.8,0
6505.8,37
6506.1,7
6506.2,11
6506.6,23
6510.5,1
6510.7,9
6510.8,36
6511.1,21
6511.2,32
6511.4,14
6511.4,38
6512.0,22
6512.1,8
6512.1,26
6512.5,3
6512.9,27
6513.2,4
6513.4,12
6513.5,31
6513.8,39
6515.8,29
6516.9,11
6517.0,34
6517.1,13
6517.4,23
6517.6,0
6517.6,15
6517.7,7
6519.3,27
6519.3,30
6519.7,21
6520.9,33
6521.6,1
6522.2,19
6523.3,14
6523.6,35
6525.4,25
6525.9,11
6526.9,12
6527.2,29
6528.1,38
6529.1,8
6529.3,0
6529.3,27
6529.3,32
6529.9,4
6532.2,13
6532.3,23
6533.7,9
6534.0,26
6534.1,31
6534.5,33
6534.6,3
6534.8,10
6535.7,1
6535.8,15
6536.8,30
6537.1,7
6537.1,39
6537.8,21
6538.2,36
6538.4,27
6540.9,34
6540.9,22
6541.1,12
6541.1,32
6541.2,11
6541.3,0
6542.3,35
6543.0,19
6543.2,23
6543.3,29
6543.8,1
6544.2,38
6545.0,8
6546.0,4
6547.2,9
6550.0,27
6550.0,33
6550.5,30
6551.6,11
6551.6,31
6551.6,37
6551.9,7
6552.1,23
6552.5,14
6552.5,32
6553.0,1
6553.1,2
6554.0,26
6554.2,0
6554.5,3
6554.9,29
6555.0,12
6555.2,21
6555.3,39
6556.3,13
6557.2,17
6557.3,19
6557.9,34
6558.9,33
6561.0,36
6562.4,7
6563.2,15
6563.5,12
6563.8,38
6563.9,4
6564.5,11
6564.5,30
6564.5,32
6564.6,27
6565.5,23
6567.5,1
6570.2,19
6570.3,3
6570.6,39
6571.5,10
6571.8,21
6572.0,9
6572.1,0
6572.7,8
6573.2,27
6573.3,31
6574.0,2
6574.9,22
6576.4,26
6576.5,29
6576.5,32
6576.7,12
6577.0,4
6577.4,23
6577.5,1
6577.5,34
6577.6,6
6577.7,38
6578.9,33
6579.0,14
6579.3,7
6579.5,15
6579.6,11
6581.0,31
6581.3,30
6581.8,19
6581.9,13
6582.8,39
6582.9,27
6583.0,21
6584.0,0
6584.8,23
6586.6,9
6586.7,8
6586.8,36
6587.5,11
6590.0,3
6591.4,31
6591.4,27
6591.6,1
6591.7,38
6591.9,7
6592.0,30
6592.3,16
6592.3,35
6592.7,33
6592.8,32
6593.0,29
6593.3,28
6593.8,12
6594.2,4
6594.3,26
6594.4,2
6595.6,23
6596.7,27
6598.2,15
6599.1,38
6599.4,10
6599.6,19
6600.0,39
6600.1,9
6600.3,0
6600.4,21
6600.9,8
6601.5,31
6601.9,11
6602.2,13
6602.9,1
6602.9,30
6603.8,4
6604.7,14
6605.9,23
6605.9,34
6606.8,12
6606.9,27
6607.1,3
6607.2,25
6607.8,39
6607.8,7
6608.8,32
6611.4,1
6612.0,33
6612.0,38
6612.3,21
6613.3,29
6613.6,31
6615.8,30
6616.0,36
6616.7,11
6616.9,22
6617.8,35
6618.0,15
6619.4,27
6619.5,4
6619.5,7
6620.0,23
6620.4,19
6620.5,0
6620.9,12
6621.2,8
6621.4,2
6621.4,13
6621.7,17
6621.7,29
6621.8,39
6625.4,32
6626.1,38
6626.4,33
6626.7,1
6626.9,26
6627.7,0
6627.9,31
6628.9,27
6629.1,30
6629.2,12
6629.3,21
6629.7,9
6629.8,11
6629.8,37
6629.9,14
6630.3,23
6630.5,4
6631.0,3
6632.0,29
6632.2,19
6632.7,28
6633.2,7
6636.8,1
6636.9,13
6638.5,10
6638.5,33
6639.1,21
6639.2,8
6639.9,32
6641.0,16
6641.8,11
6641.8,12
6642.0,27
6642.5,0
6642.5,15
6642.7,7
6643.4,2
6643.7,31
6644.4,30
6644.4,39
6644.9,19
6645.0,34
6645.3,4
6645.3,23
6647.3,3
6647.3,29
6647.7,1
6647.8,36
6650.1,14
6651.6,31
6651.8,33
6652.1,25
6652.2,26
6652.7,38
6653.0,9
6653.6,12
6654.3,4
6655.2,27
6655.8,11
6656.4,23
6656.8,1
6656.9,35
6657.3,7
6657.3,13
6657.6,32
6657.7,22
6657.9,15
6658.0,10
6658.3,29
6658.6,30
6658.9,39
6659.3,21
6659.4,6
6660.2,19
6660.3,12
6660.8,0
6664.2,8
6664.2,36
6664.3,4
6666.5,31
6666.9,27
6667.0,3
6668.4,23
6669.0,1
6669.0,11
6670.1,9
6671.0,33
6671.3,38
6671.7,14
6672.1,19
6673.1,34
6673.5,15
6673.6,32
6673.9,13
6674.5,27
6674.8,30
6675.2,8
6675.3,21
6676.0,12
6676.0,24
6676.1,7
6676.3,39
6676.7,29
6677.4,2
6677.4,23
6678.3,4
6678.9,1
6681.1,31
6682.3,0
6682.5,11
6683.0,36
6684.5,12
6685.4,33
6685.6,19
6685.7,27
6685.8,21
6685.9,32
6686.1,38
6686.2,3
6686.2,39
6687.1,10
6687.5,4
6687.6,7
6688.2,9
6688.6,23
6690.4,30
6691.1,26
6691.9,8
6692.0,17
6692.6,31
6692.9,11
6693.3,1
6693.4,0
6694.1,2
6694.5,27
6694.6,14
6696.2,12
6696.9,23
6697.7,13
6698.0,34
6699.3,21
6699.6,19
6699.8,30
6700.0,33
6700.1,4
6700.2,29
6700.2,38
6701.3,7
6701.5,32
6701.9,15
6702.0,6
6702.6,1
6704.9,11
6706.4,27
6706.7,33
6707.2,23
6707.2,39
6707.6,12
6708.3,29
6708.9,2
6710.4,9
6712.0,8
6712.3,11
6712.3,31
6713.3,7
6713.5,4
6713.9,19
6714.0,3
6714.0,30
6714.1,35
6714.6,38
6715.0,1
6715.7,10
6715.7,23
6715.7,27
6715.8,0
6716.2,12
6716.4,14
6716.4,21
6716.6,32
6716.7,36
6717.1,33
6719.3,29
6722.0,26
6722.4,37
6722.7,39
6723.2,11
6724.4,7
6724.7,34
6725.0,12
6726.3,19
6726.6,8
6726.9,1
6727.1,27
6727.8,23
6728.4,32
6729.8,4
6730.6,13
6731.0,21
6731.3,3
6731.5,17
6731.9,22
6731.9,31
6732.3,30
6733.0,7
6733.3,0
6733.4,15
6734.6,12
6734.7,38
6734.8,16
6734.9,24
6734.9,29
6735.5,9
6736.2,36
6736.6,2
6736.7,11
6736.7,27
6737.4,1
6738.6,8
6738.6,23
6738.9,33
6738.9,39
6739.3,19
6740.7,32
6742.1,14
6742.4,4
6742.4,28
6742.7,21
6746.5,29
6747.5,13
6747.8,0
6748.8,12
6749.0,4
6749.1,7
6749.1,31
6749.3,11
6749.3,15
6749.5,30
6750.1,1
6750.3,33
6750.5,39
6750.7,38
6751.2,27
6751.3,32
6751.5,22
6751.8,26
6751.9,3
6751.9,23
6752.4,34
6754.4,12
6756.6,8
6757.4,21
6757.9,29
6758.0,9
6758.2,19
6759.1,33
6759.4,23
6759.7,2
6759.7,36
6761.2,30
6761.7,14
6761.7,39
6761.9,7
6761.9,35
6762.0,11
6762.5,3
6762.6,27
6763.0,1
6763.2,13
6764.5,12
6764.6,31
6766.0,4
6768.2,38
6768.8,11
6768.9,15
6769.0,29
6769.2,0
6769.2,32
6769.5,8
6770.8,19
6771.5,30
6771.7,23
6771.9,22
6772.6,10
6772.7,34
6773.2,27
6774.6,9
6775.0,21
6775.2,7
6776.1,33
6776.4,37
6776.9,3
6777.3,31
6778.3,12
6778.5,4
6778.6,1
6779.3,32
6780.9,23
6781.0,26
6781.9,13
6782.5,39
6782.6,0
6782.9,36
6783.1,27
6783.3,2
6785.0,33
6785.2,11
6785.2,29
6788.5,14
6788.7,8
6789.0,19
6789.2,1
6789.4,4
6789.4,38
6789.5,12
6789.6,30
6789.8,15
6791.4,32
6791.8,27
6792.6,21
6792.9,34
6793.7,7
6794.4,23
6794.9,39
6795.3,33
6795.8,9
6795.8,31
6796.8,11
6798.9,0
6798.9,4
6799.4,1
6799.5,3
6799.7,13
6800.2,35
6800.8,12
6801.6,29
6801.8,27
6801.9,10
6802.7,23
6803.7,19
6804.7,7
6804.7,15
6804.9,8
6805.8,37
6806.1,33
6806.2,38
6806.3,30
6807.2,32
6807.5,39
6807.9,0
6810.3,31
6810.6,9
6811.0,11
6811.0,23
6811.1,27
6811.7,1
6811.7,21
6812.6,17
6812.6,36
6812.8,24
6814.2,26
6814.6,12
6816.2,3
6817.0,4
6817.9,29
6818.9,30
6819.1,0
6820.4,11
6820.9,1
6821.0,27
6821.2,8
6821.5,13
6821.8,32
6821.9,23
6822.2,33
6822.4,31
6823.2,39
6823.5,15
6824.3,2
6824.4,21
6824.4,34
6824.5,7
6824.9,38
6826.1,19
6826.2,4
6827.2,12
6828.1,23
6828.5,29
6828.6,9
6828.6,30
6829.4,27
6831.0,11
6832.3,13
6832.3,26
6832.9,8
6833.0,35
6833.7,10
6833.7,17
6833.7,36
6833.7,16
6834.2,3
6834.5,1
6834.8,14
6834.8,37
6835.3,22
6837.6,12
6837.7,31
6838.1,33
6838.4,21
6838.4,27
6839.0,7
6840.2,38
6840.6,25
6840.8,23
6841.2,34
6841.4,6
6842.3,32
6842.6,0
6842.9,29
6843.3,19
6844.8,11
6845.8,39
6846.2,4
6846.2,9
6847.2,22
6849.0,36
6849.2,12
6849.8,13
6850.6,31
6850.8,30
6851.1,33
6851.5,8
6851.6,27
6852.0,7
6852.3,1
6853.3,15
6855.1,3
6855.7,21
6857.0,23
6857.5,32
6858.9,29
6858.9,38
6859.3,9
6859.3,0
6859.3,10
6859.3,19
6859.7,11
6859.7,14
6860.3,12
6860.4,4
6863.8,27
6863.8,33
6864.2,21
6864.5,34
6864.7,3
6865.1,13
6866.4,8
6866.4,37
6866.5,39
6866.6,0
6866.6,30
6866.7,7
6866.7,23
6866.9,15
6867.0,35
6867.9,1
6868.0,31
6869.6,26
6870.3,24
6872.5,12
6873.6,29
6874.5,38
6874.8,11
6874.9,27
6876.3,36
6876.4,19
6876.5,9
6877.1,2
6877.1,21
6877.4,32
6877.9,4
6877.9,23
6878.1,30
6879.3,33
6880.1,31
6880.3,1
6882.1,8
6882.1,14
6882.5,0
6882.5,13
6882.5,34
6882.8,7
6883.4,29
6884.2,39
6884.4,15
6884.7,3
6885.7,19
6885.8,22
6885.8,30
6886.8,12
6887.3,11
6887.3,23
6887.9,32
6889.0,10
6890.0,31
6890.2,4
6891.7,27
6892.9,17
6893.4,21
6893.9,0
6893.9,38
6894.6,33
6894.9,20
6895.0,11
6895.0,34
6895.1,29
6895.7,39
6896.2,19
6896.8,1
6897.0,12
6900.0,7
6901.6,15
6901.6,30
6902.0,32
6902.4,9
6902.5,4
6902.7,27
6902.8,26
6903.0,14
6903.0,23
6903.6,36
6904.7,37
6904.9,8
6905.2,33
6905.4,10
6906.1,11
6906.3,12
6906.6,13
6907.3,21
6908.6,1
6909.3,39
6910.7,22
6911.0,2
6911.0,23
6911.3,31
6911.5,29
6911.7,0
6911.7,3
6912.4,27
6913.1,19
6913.6,38
6914.6,30
6917.3,8
6918.4,34
6918.5,32
6919.5,21
6920.2,24
6921.8,1
6922.0,29
6922.1,12
6922.2,23
6923.2,27
6923.7,15
6924.0,33
6924.5,7
6924.6,4
6924.7,11
6924.8,25
6925.2,13
6925.7,39
6926.1,30
6926.7,6
6927.2,0
6927.6,19
6927.8,31
6927.8,38
6928.1,9
6929.4,12
6930.2,14
6930.7,2
6930.9,32
6931.2,8
6932.2,27
6933.4,22
6933.5,23
6934.0,29
6934.2,3
6934.3,1
6934.3,19
6935.1,4
6935.2,35
6936.1,21
6936.8,26
6937.1,34
6937.5,30
6937.9,11
6938.1,7
6938.1,33
6938.2,28
6941.5,10
6941.6,15
6941.8,38
6942.9,31
6944.6,27
6944.6,39
6945.5,9
6945.7,0
6945.9,1
6946.0,12
6946.5,29
6947.3,2
6947.3,24
6947.6,37
6948.0,23
6948.5,8
6949.9,3
6949.9,13
6950.7,34
6951.0,21
6951.0,30
6952.1,7
6952.3,27
6954.6,32
6954.9,12
6955.0,33
6955.6,11
6956.8,13
6957.1,39
6957.9,19
6958.4,31
6958.4,36
6958.7,23
6959.4,4
6960.1,15
6960.6,14
6961.3,9
6961.5,21
6961.9,1
6962.1,2
6962.8,27
6963.2,0
6963.5,7
6963.5,8
6963.6,10
6964.2,25
6964.3,11
6964.7,3
6964.7,29
6964.8,30
6968.0,32
6969.4,34
6971.3,23
6971.5,38
6971.9,12
6972.1,31
6972.3,30
6972.8,21
6972.8,33
6973.2,4
6973.4,36
6973.5,0
6973.5,17
6973.7,19
6974.0,11
6974.7,15
6975.1,27
6975.7,39
6977.0,1
6978.3,29
6978.8,10
6979.0,9
6979.3,8
6980.6,32
6980.8,7
6981.4,6
6982.8,27
6983.1,13
6984.3,33
6985.1,23
6985.3,3
6985.5,11
6985.5,30
6985.6,0
6985.6,4
6986.8,12
6986.9,14
6990.3,29
6990.5,31
6990.6,23
6990.8,39
6991.0,21
6991.1,19
6991.5,1
6993.1,11
6993.8,38
6994.0,12
6995.2,7
6995.2,8
6995.2,34
6995.7,15
6995.9,24
6996.1,27
6996.5,32
6998.4,2
6998.4,36
6998.6,35
6999.2,33
6999.5,26
7000.8,29
7001.6,22
7002.0,30
7002.5,4
7004.4,31
7004.8,9
7005.0,0
7005.1,23
7005.4,3
7005.4,11
7005.5,21
7005.6,12
7006.2,39
7006.4,1
7006.4,19
7007.3,14
7008.3,27
7009.7,7
7010.1,38
7010.6,8
7010.7,13
7010.8,15
7011.6,32
7013.2,37
7014.6,27
7015.8,10
7015.8,12
7016.0,33
7016.1,23
7016.1,29
7016.2,4
7018.5,31
7019.6,19
7019.6,30
7020.5,1
7020.9,11
7021.2,34
7021.6,7
7021.8,35
7022.6,33
7022.8,21
7023.1,3
7023.9,39
7024.6,12
7025.5,0
7026.0,15
7026.0,23
7026.0,29
7026.9,36
7027.9,27
7028.2,14
7028.7,7
7029.6,26
7029.7,11
7030.8,22
7031.0,38
7031.9,8
7032.3,17
7033.1,13
7033.3,19
7033.4,32
7033.7,1
7033.9,28
7034.0,21
7034.7,30
7035.5,9
7036.2,12
7036.3,27
7037.2,0
7037.7,31
7037.7,33
7038.2,4
7038.6,23
7039.3,29
7040.5,15
7041.1,10
7041.3,39
7041.4,24
7042.0,16
7042.2,11
7042.2,34
7042.3,3
7042.5,12
7043.0,38
7043.5,21
7043.8,8
7044.3,27
7045.2,7
7045.4,4
7048.3,14
7048.5,9
7049.2,31
7049.3,29
7049.4,19
7049.8,26
7049.9,1
7050.7,0
7050.7,2
7050.8,23
7051.5,25
7051.9,32
7053.0,33
7053.6,6
7053.9,11
7054.8,39
7055.6,21
7055.9,30
7056.2,27
7057.0,22
7057.4,8
7057.5,7
7057.8,12
7059.3,0
7059.6,34
7060.0,31
7060.7,13
7061.3,23
7061.7,36
7062.9,27
7063.4,15
7063.5,29
7064.2,1
7064.2,19
7064.4,4
7064.8,38
7066.3,30
7066.8,11
7066.8,21
7068.2,33
7068.5,12
7068.7,32
7070.0,3
7070.3,9
7071.2,1
7071.2,8
7072.7,14
7073.0,7
7075.0,34
7076.2,26
7076.5,4
7076.6,39
7076.9,31
7077.1,19
7077.1,27
7077.2,29
7077.9,13
7078.3,23
7078.6,15
7079.3,30
7079.6,11
7080.2,32
7080.4,6
7080.6,0
7080.6,12
7081.1,33
7081.2,10
7082.1,21
7083.6,27
7083.7,3
7083.7,9
7085.2,2
7085.5,1
7085.7,37
7086.6,8
7087.0,28
7087.7,36
7088.8,7
7090.3,12
7090.4,11
7090.5,15
7090.6,33
7091.9,38
7092.2,4
7092.2,23
7092.4,30
7092.5,3
7092.8,13
7092.8,26
7093.2,1
7093.7,27
7093.7,39
7094.4,29
7094.8,19
7095.1,34
7096.7,31
7099.2,12
7100.2,8
7101.0,7
7101.8,11
7102.0,33
7102.5,32
7102.9,9
7103.0,17
7103.1,0
7103.8,23
7103.9,14
7103.9,38
7104.1,27
7104.3,35
7104.6,21
7104.9,26
7105.1,19
7105.5,29
7105.6,4
7105.6,30
7106.4,1
7107.9,3
7108.1,39
7109.7,10
7111.0,7
7111.5,31
7111.7,15
7112.6,13
7114.3,12
7114.3,38
7114.4,23
7115.2,24
7115.3,36
7115.6,27
7116.0,29
7116.3,1
7116.6,21
7116.7,30
7116.9,8
7117.0,33
7118.0,11
7118.7,14
7118.8,4
7119.3,34
7121.5,3
7123.5,39
7123.7,0
7124.2,19
7124.4,9
7124.5,7
7124.6,10
7124.6,32
7124.7,1
7124.7,12
7125.0,30
7125.5,22
7126.0,33
7127.5,21
7127.9,29
7128.6,38
7129.1,11
7130.0,26
7130.7,6
7131.0,23
7131.4,27
7131.5,31
7132.3,8
7134.2,19
7134.5,13
7135.1,15
7135.9,2
7136.5,12
7138.2,34
7139.3,3
7139.3,23
7139.4,21
7139.6,32
7139.9,7
7140.2,1
7140.3,9
7140.4,4
7140.4,30
7140.6,11
7140.7,0
7140.8,27
7142.6,38
7143.1,33
7144.1,8
7144.1,16
7144.2,37
7144.3,35
7144.5,14
7144.9,29
7146.6,39
7147.3,31
7147.6,36
7147.7,30
7149.4,19
7150.3,27
7150.9,23
7150.9,26
7151.3,12
7152.0,1
7152.1,11
7152.6,15
7152.8,4
7153.2,3
7153.2,7
7156.0,32
7157.4,29
7157.8,9
7158.0,21
7158.1,33
7158.7,10
7159.2,30
7159.5,4
7161.0,8
7161.9,0
7161.9,1
7161.9,13
7161.9,38
7162.0,34
7162.7,27
7163.0,36
7164.0,7
7164.1,19
7164.6,3
7164.8,28
7165.0,21
7165.0,23
7165.5,12
7167.0,35
7167.6,11
7169.5,39
7169.7,30
7170.2,31
7170.6,33
7170.8,24
7171.1,2
7171.4,9
7171.6,15
7172.8,22
7173.4,4
7173.6,17
7173.7,32
7173.8,23
7173.8,27
7174.7,1
7175.6,19
7177.3,7
7178.9,21
7179.4,14
7180.2,26
7180.3,11
7180.4,12
7180.5,3
7180.7,29
7181.1,33
7181.3,13
7181.7,0
7181.9,1
7181.9,8
7181.9,30
7181.9,38
7182.0,10
7182.3,6
7182.5,25
7182.9,34
7184.6,31
7185.3,27
7188.2,32
7189.0,23
7189.2,4
7189.2,39
7189.4,9
7191.1,8
7191.3,19
7191.7,30
7192.0,35
7192.6,0
7193.0,1
7193.1,7
7193.1,15
7193.8,27
7194.0,11
7194.1,3
7194.3,22
7194.3,37
7195.6,12
7198.4,21
7198.9,33
7199.4,36
7199.7,29
7200.3,10
7200.4,32
7200.4,38
7200.4,39
7201.1,23
7201.9,34
7202.1,31
7204.0,27
7205.0,30
7205.2,12
7206.0,0
7206.0,13
7206.5,7
7206.6,4
7207.3,11
7207.4,9
7210.8,8
7211.2,33
7212.0,1
7212.2,2
7213.0,29
7213.8,19
7214.5,3
7214.9,23
7215.8,27
7216.0,15
7216.6,31
7216.8,7
7216.8,32
7217.1,16
7217.3,34
7218.2,21
7218.3,39
7218.4,22
7219.3,11
7219.3,30
7219.4,14
7219.4,26
7219.4,4
7219.4,12
7222.0,27
7222.3,0
7222.7,1
7224.3,38
7224.7,9
7225.8,33
7226.0,29
7226.3,7
7226.7,13
7226.7,19
7227.1,36
7228.5,10
7228.8,32
7230.3,12
7230.4,3
7231.1,23
7231.4,27
7232.1,21
7233.1,1
7234.1,15
7234.7,8
7235.0,11
7235.1,33
7235.2,31
7236.9,4
7236.9,30
7237.6,0
7237.7,6
7238.0,34
7238.4,39
7239.1,19
7239.6,9
7239.9,7
7241.0,29
7242.4,23
7242.5,14
7242.7,1
7242.8,32
7242.9,33
7243.2,13
7243.2,27
7243.6,21
7243.8,12
7247.5,2
7247.5,4
7248.5,38
7248.8,11
7248.8,31
7249.2,25
7249.4,35
7250.1,8
7250.2,15
7250.5,12
7250.6,33
7251.3,36
7251.8,23
7253.8,3
7254.3,14
7255.0,7
7255.4,30
7255.6,1
7255.7,32
7255.9,27
7256.5,21
7257.0,19
7257.1,0
7257.5,31
7258.5,10
7258.7,22
7258.9,29
7259.0,34
7259.3,39
7260.0,11
7262.2,3
7263.6,4
7263.6,33
7263.7,1
7263.8,9
7264.0,12
7264.0,23
7264.0,24
7264.4,27
7268.0,26
7268.2,13
7268.5,7
7268.8,11
7269.0,8
7269.7,19
7270.1,38
7271.2,34
7271.6,12
7271.7,30
7272.1,32
7272.8,23
7273.0,21
7273.2,29
7273.3,4
7275.2,1
7275.6,31
7275.9,14
7276.6,15
7276.8,27
7277.5,39
7277.7,36
7278.2,0
7278.5,11
7279.5,33
7281.3,17
7281.6,4
7281.7,7
7281.7,25
7282.3,27
7283.0,16
7283.2,8
7283.2,29
7283.6,38
7283.7,35
7285.6,32
7285.8,19
7287.1,21
7287.3,9
7287.6,23
7288.5,12
7288.5,22
7288.9,3
7289.0,2
7289.7,26
7289.8,10
7289.8,11
7290.0,1
7290.1,6
7290.7,30
7291.0,29
7291.1,0
7291.2,33
7291.9,13
7292.8,4
7295.9,31
7296.0,7
7296.5,14
7297.5,36
7298.0,27
7298.1,33
7298.6,11
7298.6,12
7300.0,21
7300.0,39
7300.2,38
7300.4,19
7300.4,32
7301.2,8
7301.6,23
7302.2,34
7303.8,15
7304.3,4
7304.8,1
7305.4,27
7306.1,9
7306.3,12
7306.6,3
7306.6,28
7306.9,29
7308.6,33
7308.8,37
7308.9,30
7310.3,11
7310.6,38
7311.3,7
7311.3,26
7311.8,34
7312.7,2
7313.4,12
7313.4,39
7313.8,31
7313.9,27
7314.5,14
7314.8,0
7315.1,8
7315.3,23
7317.7,32
7318.0,1
7319.8,19
7320.6,13
7320.8,29
7321.0,22
7321.2,21
7322.3,36
7322.7,4
7323.2,33
7323.4,3
7323.5,30
7323.6,27
7323.8,23
7324.0,31
7325.2,38
7325.4,7
7325.9,17
7327.7,11
7327.8,12
7327.9,39
7329.0,6
7329.2,15
7329.6,32
7330.9,19
7331.1,1
7331.3,0
7331.6,35
7331.7,10
7334.5,34
7334.9,8
7334.9,27
7334.9,38
7335.8,26
7335.9,23
7336.6,9
7336.6,14
7336.7,24
7336.9,21
7336.9,25
7337.7,12
7337.7,29
7338.0,4
7339.2,1
7341.1,7
7341.2,11
7342.0,13
7342.8,39
7344.4,22
7344.8,33
7345.1,3
7346.7,27
7347.0,30
7347.5,31
7347.9,32
7348.4,28
7348.7,23
7349.4,15
7349.5,19
7349.8,2
7349.8,26
7349.9,12
7350.5,8
7350.7,1
7351.5,7
7352.7,14
7352.8,21
7352.8,38
7353.1,4
7353.1,11
7353.8,0
7354.6,29
7354.9,27
7355.1,33
7356.8,9
7359.2,34
7359.3,36
7360.0,30
7360.5,23
7360.6,3
7361.1,31
7362.5,8
7363.0,21
7364.4,7
7365.3,11
7366.6,22
7366.7,1
7366.7,32
7366.7,39
7368.0,12
7368.1,13
7368.3,19
7368.5,27
7368.7,29
7369.3,33
7369.5,4
7369.9,38
7370.1,15
7370.8,10
7372.9,30
7373.0,3
7373.0,14
7374.0,26
7374.6,31
7375.2,2
7375.4,23
7376.1,9
7376.1,16
7376.5,29
7377.6,11
7378.9,7
7379.3,21
7379.5,0
7380.7,1
7382.8,12
7382.8,32
7383.4,36
7383.7,25
7383.9,33
7383.9,39
7384.4,27
7384.7,8
7385.0,3
7385.7,19
7385.8,4
7386.5,15
7386.5,38
7388.0,30
7388.5,23
7388.6,1
7388.7,11
7388.8,35
7389.2,31
7391.4,12
7391.4,14
7392.6,27
7392.7,29
7393.2,0
7393.2,34
7394.5,39
7396.1,32
7396.2,9
7397.2,21
7397.4,7
7397.4,30
7397.7,19
7397.9,23
7397.9,37
7399.5,1
7399.6,11
7399.6,33
7400.7,5
7401.9,3
7403.2,10
7403.5,4
7404.2,27
7404.5,15
7404.9,8
7405.1,38
7405.9,17
7405.9,34
7406.9,7
7407.3,12
7408.0,39
7408.2,0
7408.2,1
7408.2,29
7409.6,31
7410.3,27
7410.6,36
7410.7,4
7411.2,2
7411.3,21
7411.9,19
7412.0,23
7412.5,38
7414.8,26
7415.0,24
7415.1,9
7415.6,35
7415.8,13
7416.6,32
7416.9,12
7417.2,8
7417.2,11
7417.6,33
7417.8,39
7417.9,1
7419.3,3
7420.0,7
7420.2,21
7420.3,30
7420.9,27
7421.0,10
7423.2,31
7423.5,0
7423.5,4
7425.1,38
7425.4,29
7426.0,19
7427.3,23
7428.1,1
7428.8,36
7429.6,6
7429.8,21
7430.0,7
7430.2,12
7430.4,15
7430.6,30
7430.7,27
7431.3,11
7432.1,39
7432.4,13
7432.5,26
7433.4,8
7433.7,3
7433.8,33
7434.0,9
7436.0,0
7436.5,14
7436.9,31
7437.1,4
7438.1,32
7438.1,34
7439.0,23
7439.7,38
7440.5,19
7441.2,12
7441.8,27
7442.0,30
7442.6,1
7442.7,21
7443.1,29
7443.7,7
7445.0,11
7445.8,31
7446.2,0
7447.3,10
7448.6,3
7448.6,39
7449.0,33
7449.9,1
7450.0,25
7450.3,24
7450.6,19
7450.7,22
7450.8,12
7451.0,23
7452.0,13
7452.3,32
7452.6,8
7452.8,15
7452.9,2
7454.0,4
7454.3,27
7455.7,9
7456.6,38
7456.8,21
7458.3,26
7458.7,7
7459.3,37
7459.8,30
7460.1,11
7460.2,3
7460.4,29
7461.6,1
7461.6,23
7461.9,31
7461.9,34
7462.3,19
7463.1,12
7463.3,14
7464.5,39
7465.8,0
7466.1,27
7467.4,32
7467.9,38
7468.0,6
7468.1,21
7468.2,35
7470.2,7
7470.3,8
7470.6,10
7471.4,33
7472.0,23
7472.1,15
7472.1,30
7472.8,29
7473.0,4
7473.2,31
7473.7,11
7474.5,36
7476.1,1
7476.3,12
7476.9,27
7477.2,26
7477.5,9
7477.7,21
7478.9,8
7480.7,3
7480.7,7
7480.9,22
7481.4,13
7481.8,23
7482.3,32
7483.7,29
7483.9,39
7484.5,27
7484.6,10
7484.8,31
7485.1,34
7485.2,0
7485.2,19
7485.6,4
7485.7,11
7485.8,14
7485.9,12
7486.0,38
7486.3,33
7487.4,30
7488.1,1
7489.4,9
7489.7,2
7491.4,23
7492.0,8
7492.3,15
7493.6,21
7494.8,27
7495.0,29
7495.8,13
7496.4,7
7498.0,12
7498.7,11
7499.3,3
7499.6,32
7500.0,4
7500.3,17
7500.3,34
7500.3,38
7501.9,30
7502.1,27
7502.1,31
7502.1,36
7502.3,0
7503.5,19
7505.2,26
7505.9,1
7507.0,33
7507.5,23
7508.3,21
7509.4,14
7509.6,29
7509.6,39
7509.7,8
7510.3,4
7510.5,7
7511.0,30
7511.5,11
7511.5,34
7512.1,27
7513.0,15
7513.1,9
7513.4,22
7514.5,2
7515.5,12
7516.0,1
7516.2,3
7516.5,10
7516.5,32
7517.5,28
7517.6,13
7517.7,33
7518.2,31
7519.7,27
7520.2,38
7521.4,19
7522.3,29
7523.2,23
7523.6,8
7523.7,11
7524.7,32
7525.1,30
7525.2,39
7525.3,4
7526.4,1
7526.5,34
7526.8,12
7527.8,21
7529.4,36
7529.7,7
7529.8,15
7530.4,3
7530.8,33
7531.0,14
7531.2,0
7531.3,27
7535.0,25
7535.1,35
7536.2,38
7537.0,1
7537.2,31
7537.3,11
7537.3,23
7537.5,29
7537.8,9
7538.0,4
7538.1,13
7538.7,7
7539.4,26
7540.4,12
7541.0,10
7541.1,30
7541.7,36
7541.9,8
7542.4,39
7543.3,27
7544.5,0
7545.6,29
7547.9,21
7548.8,19
7549.3,23
7549.4,34
7549.5,16
7550.0,33
7550.2,4
7550.3,32
7550.5,14
7551.1,1
7551.1,12
7551.9,3
7551.9,9
7552.1,30
7552.2,38
7552.5,2
7552.6,11
7553.3,13
7553.8,31
7554.5,8
7555.3,27
7555.4,15
7555.8,7
7556.1,24
7556.3,0
7556.8,29
7557.1,19
7558.1,23
7559.7,1
7559.9,12
7560.0,21
7560.5,33
7562.4,11
7562.8,39
7565.7,10
7566.1,22
7566.1,34
7566.6,4
7567.3,3
7567.3,32
7567.4,37
7568.0,14
7568.3,27
7568.8,38
7569.1,0
7569.4,31
7569.6,23
7570.7,7
7570.8,1
7571.2,19
7571.9,12
7571.9,30
7572.8,28
7573.0,29
7573.3,13
7575.1,21
7575.3,9
7575.6,11
7575.7,23
7575.7,36
7575.8,35
7576.2,26
7576.4,8
7576.5,39
7577.4,33
7578.2,2
7578.3,15
7578.3,27
7579.0,1
7579.0,7
7580.1,32
7582.5,4
7582.9,12
7583.2,10
7584.8,0
7585.1,11
7585.1,13
7585.2,31
7585.4,21
7585.6,3
7585.6,29
7587.4,30
7588.1,38
7588.6,32
7588.9,23
7589.7,34
7591.0,33
7591.1,19
7591.6,8
7592.2,39
7592.5,15
7592.7,27
7593.1,1
7593.6,17
7595.4,12
7595.5,11
7596.6,29
7596.7,7
7596.9,14
7597.0,0
7597.1,9
7597.1,21
7597.4,31
7599.3,23
7600.5,4
7601.2,33
7601.5,19
7602.2,27
7602.8,22
7604.5,36
7604.9,12
7605.0,21
7605.1,30
7605.7,35
7606.2,8
7606.7,29
7607.9,0
7608.1,39
7608.5,11
7608.7,38
7609.6,32
7610.0,14
7610.6,3
7610.9,27
7611.2,13
7611.3,7
7611.8,9
7612.0,10
7612.4,2
7612.5,4
7612.7,15
7612.9,1
7613.0,34
7613.6,6
7614.0,30
7614.0,31
7614.1,37
7614.4,23
7614.6,19
7615.6,33
7617.4,12
7618.1,26
7619.9,29
7620.5,21
7620.8,11
7621.3,1
7622.2,0
7622.8,7
7622.9,27
7624.3,9
7624.6,33
7625.4,23
7626.1,39
7627.1,38
7627.3,4
7627.5,12
7628.1,8
7628.1,30
7628.4,19
7628.4,32
7629.4,26
7632.1,3
7632.4,11
7632.7,27
7632.9,34
7633.2,13
7633.5,14
7633.5,31
7634.0,15
7634.8,7
7635.3,29
7636.0,23
7636.2,1
7636.4,0
7637.6,12
7637.9,33
7638.7,36
7638.8,21
7640.0,4
7640.3,27
7640.5,38
7640.8,19
7641.0,37
7641.2,32
7642.1,28
7642.8,8
7643.0,30
7643.4,11
7644.3,9
7644.3,10
7645.2,2
7645.4,39
7646.8,1
7646.8,23
7647.8,0
7648.4,27
7649.0,12
7649.2,31
7649.7,3
7650.8,21
7651.0,33
7651.9,7
7652.3,17
7652.3,29
7652.8,15
7653.5,4
7655.2,38
7656.3,27
7656.5,11
7656.8,26
7656.9,32
7657.6,23
7659.0,19
7659.0,36
7659.3,14
7660.5,8
7660.9,34
7661.3,0
7661.3,1
7661.3,22
7661.7,12
7663.2,10
7663.2,35
7663.5,30
7665.0,39
7665.3,27
7665.4,4
7665.6,37
7665.7,29
7665.8,23
7666.4,31
7666.9,11
7668.1,9
7668.2,21
7668.8,1
7669.1,7
7669.2,3
7669.5,13
7670.4,15
7671.1,33
7671.4,12
7671.4,38
7672.1,32
7672.5,27
7674.1,2
7674.9,14
7676.5,19
7676.7,8
7676.7,23
7677.5,31
7677.8,24
7677.9,22
7678.5,16
7678.5,21
7679.4,34
7681.3,39
7681.5,12
7681.6,1
7681.7,29
7681.8,30
7681.9,4
7681.9,33
7682.1,7
7682.4,11
7682.8,18
7683.1,0
7683.1,32
7683.9,27
7686.6,10
7687.5,21
7687.9,13
7688.9,14
7689.9,38
7690.2,9
7690.5,19
7690.9,12
7691.0,36
7691.9,1
7692.0,8
7692.5,33
7693.4,30
7693.8,11
7695.4,7
7695.5,27
7696.2,3
7696.3,23
7696.6,15
7696.7,32
7696.8,34
7697.0,29
7697.4,31
7697.6,35
7698.2,4
7699.1,12
7700.3,0
7702.1,33
7702.1,39
7702.2,10
7702.5,26
7703.0,21
7703.8,22
7703.9,23
7704.3,17
7706.3,7
7706.5,1
7707.3,8
7707.8,13
7707.8,19
7707.8,20
7707.8,27
7707.9,38
7708.4,14
7708.7,29
7708.7,3
7709.7,9
7710.4,11
7712.1,15
7712.6,32
7714.7,4
7714.7,12
7714.7,23
7714.9,21
7715.0,30
7715.3,31
7715.3,33
7715.3,34
7715.6,0
7715.6,36
7715.7,1
7715.7,39
7715.9,9
7716.0,27
7716.1,37
7716.6,26
7717.0,24
7718.1,14
7722.3,19
7723.6,29
7723.8,12
7724.0,8
7724.4,7
7724.6,13
7724.8,23
7725.2,30
7725.3,38
7725.9,11
7725.9,27
7725.9,32
7726.0,1
7726.2,2
7726.2,21
7726.3,34
7726.4,6
7729.6,31
7730.3,0
7730.6,4
7731.0,3
7731.0,9
7733.1,33
7733.7,35
7734.3,39
7735.4,11
7735.7,21
7736.8,27
7736.9,23
7737.6,12
7738.5,30
7739.1,32
7739.3,7
7739.3,29
7740.0,15
7740.5,8
7741.5,19
7741.8,1
7742.5,0
7743.2,14
7744.3,37
7744.4,2
7744.6,26
7744.7,34
7744.8,38
7745.4,10
7746.1,13
7746.3,4
7746.8,3
7747.2,39
7747.6,33
7748.3,11
7748.4,12
7750.9,27
7751.0,36
7752.2,30
7752.4,19
7752.4,31
7752.6,7
7753.0,15
7753.4,29
7754.5,23
7754.7,1
7754.8,21
7754.9,32
7755.0,4
7755.0,25
7755.4,9
7756.6,11
7757.3,12
7758.8,3
7759.4,14
7759.5,38
7759.6,0
7760.1,33
7761.5,10
7761.8,8
7761.8,39
7763.5,23
7764.6,30
7765.5,32
7765.7,19
7765.8,27
7765.9,36
7766.0,15
7766.6,1
7766.9,34
7767.0,13
7767.8,31
7768.0,21
7768.2,29
7769.7,12
7769.9,11
7770.0,4
7770.0,9
7771.2,14
7771.5,37
7771.9,2
7773.2,33
7773.9,8
7774.1,23
7774.7,38
7775.2,27
7776.0,24
7776.1,7
7777.1,12
7777.2,30
7777.5,0
7777.9,11
7778.2,10
7778.2,15
7778.3,3
7779.7,29
7779.8,32
7780.5,39
7780.6,1
7780.7,22
7781.6,31
7782.4,21
7782.5,13
7782.5,35
7783.9,4
7783.9,23
7785.9,27
7786.4,14
7786.9,7
7786.9,33
7787.0,26
7787.3,19
7787.3,34
7787.4,12
7788.7,15
7791.0,39
7791.1,36
7792.0,8
7792.4,22
7792.6,0
7792.8,1
7792.8,32
7793.4,38
7793.5,31
7794.1,3
7794.3,24
7794.4,27
7794.9,30
7795.1,9
7795.2,11
7797.7,4
7797.7,29
7798.3,12
7798.5,23
7799.3,21
7799.6,37
7800.2,33
7801.0,32
7801.2,19
7801.4,17
7801.9,16
7802.0,7
7802.4,1
7803.2,27
7804.0,13
7804.0,31
7804.8,34
7805.8,15
7806.8,12
7807.5,38
7808.3,0
7808.4,29
7809.0,11
7809.2,4
7809.2,8
7809.2,36
7809.3,30
7809.9,27
7810.1,39
7810.2,1
7812.8,3
7813.0,23
7813.3,7
7813.3,33
7813.9,32
7814.2,9
7815.0,21
7816.2,31
7816.5,10
7817.0,13
7817.0,14
7817.4,35
7817.5,11
7817.8,2
7817.8,19
7818.2,6
7818.2,27
7821.0,29
7821.5,12
7822.6,0
7822.8,30
7823.6,15
7824.0,26
7824.1,4
7825.0,23
7825.0,38
7825.1,8
7825.6,1
7826.3,3
7826.9,11
7826.9,39
7827.3,32
7830.7,33
7831.0,9
7831.0,27
7832.0,13
7832.0,21
7832.3,19
7833.7,12
7833.9,7
7835.2,2
7836.4,29
7836.4,31
7836.4,34
7836.7,30
7836.9,11
7837.3,23
7837.4,8
7837.5,4
7837.8,1
7838.1,24
7838.4,38
7839.1,14
7839.1,15
7840.8,3
7841.3,39
7841.8,12
7842.3,33
7842.5,0
7842.8,7
7843.1,36
7843.5,27
7844.0,22
7844.6,32
7845.6,20
7846.2,9
7847.6,13
7847.7,21
7847.8,11
7848.4,23
7848.4,29
7848.8,19
7849.2,1
7849.2,4
7849.7,31
7850.4,37
7853.0,15
7853.1,30
7853.5,12
7853.8,26
7854.2,14
7856.1,33
7856.3,8
7856.5,0
7856.9,7
7857.2,27
7858.3,11
7858.3,29
7858.5,32
7858.6,36
7858.8,3
7859.3,2
7859.9,39
7860.0,1
7860.9,23
7861.5,38
7862.2,9
7862.4,34
7862.5,21
7862.9,25
7865.3,22
7865.6,30
7866.3,4
7866.5,13
7867.1,10
7867.7,12
7867.7,32
7868.3,15
7868.3,19
7869.1,31
7869.7,27
7869.9,29
7870.0,39
7870.4,33
7870.9,1
7871.2,7
7872.1,23
7872.3,0
7874.3,11
7874.3,35
7875.3,8
7876.5,12
7876.5,38
7877.1,26
7877.6,30
7877.7,4
7878.4,31
7879.1,7
7879.2,1
7880.1,15
7880.7,33
7880.9,21
7882.2,3
7882.2,27
7882.2,29
7884.2,19
7885.0,14
7885.3,0
7885.4,32
7885.5,24
7885.5,36
7886.3,34
7886.5,9
7887.2,23
7887.8,12
7887.8,21
7888.3,30
7888.5,13
7888.9,39
7889.4,8
7889.5,10
7889.7,11
7890.8,7
7892.0,27
7892.2,32
7892.8,33
7893.1,1
7894.1,4
7894.1,38
7894.9,29
7895.3,9
7896.2,23
7898.6,15
7899.0,31
7900.1,30
7900.1,35
7901.6,27
7901.8,33
7901.9,11
7901.9,39
7902.0,12
7902.0,36
7902.2,8
7902.2,26
7902.4,17
7902.4,21
7902.6,28
7902.9,13
7903.1,7
7903.1,16
7903.4,1
7903.4,3
7903.4,34
7904.4,4
7904.8,9
7906.2,19
7907.8,25
7907.9,0
7908.3,14
7909.3,23
7912.0,11
7912.0,27
7912.0,29
7912.3,7
7912.4,30
7912.5,33
7912.7,32
7912.8,38
7913.8,2
7914.2,15
7914.4,31
7914.5,1
7914.6,12
7915.5,9
7916.6,10
7916.7,39
7917.0,21
7917.6,3
7918.1,13
7919.0,4
7919.2,8
7919.3,27
7919.7,23
7921.1,34
7922.0,0
7924.3,1
7924.6,36
7925.0,11
7925.2,31
7925.7,24
7925.9,22
7926.0,19
7926.0,30
7926.3,12
7926.5,6
7927.7,32
7928.0,14
7928.4,27
7928.5,29
7930.1,4
7930.1,33
7930.3,8
7931.0,15
7931.0,23
7931.2,21
7931.3,26
7932.8,39
7933.3,7
7936.7,9
7936.8,35
7937.0,0
7937.1,11
7937.2,27
7938.1,38
7938.9,1
7941.0,12
7941.5,3
7941.5,19
7941.6,10
7942.4,31
7942.6,34
7942.7,29
7942.9,2
7943.8,27
7944.7,23
7945.2,1
7945.6,15
7947.0,33
7947.2,30
7947.6,21
7947.6,32
7948.1,4
7948.6,7
7949.0,0
7949.2,12
7949.6,27
7949.8,29
7950.0,37
7952.0,23
7952.6,39
7952.8,8
7952.8,13
7953.9,11
7954.0,38
7954.6,3
7955.0,9
7959.9,1
7960.8,30
7960.9,27
7960.9,31
7961.3,7
7961.3,28
7961.7,22
7961.9,21
7962.0,12
7962.0,19
7962.8,26
7963.3,29
7963.6,33
7963.8,0
7963.8,23
7963.9,3
7964.2,32
7964.3,35
7964.4,14
7964.5,15
7964.7,8
7964.9,16
7964.9,39
7965.0,11
7965.3,38
7967.2,4
7968.3,34
7968.9,10
7971.2,27
7971.6,1
7971.9,38
7972.1,9
7972.4,7
7972.6,36
7973.3,13
7973.6,0
7974.2,23
7975.6,12
7976.5,30
7976.7,21
7976.9,19
7977.6,11
7977.9,39
7978.9,2
7979.8,8
7979.9,32
7979.9,34
7980.1,31
7980.1,33
7980.9,4
7981.2,1
7981.3,3
7981.4,17
7981.6,14
7982.5,27
7984.0,29
7984.8,12
7985.4,15
7985.9,23
7986.0,7
7986.3,37
7987.1,0
7987.8,21
7988.2,38
7988.9,9
7989.3,6
7989.6,33
7990.8,30
7990.9,13
7991.3,27
7992.2,1
7992.6,31
7992.7,32
7992.8,11
7994.5,24
7994.8,26
7995.2,4
7995.5,2
7995.8,34
7996.0,39
7996.3,36
7997.5,22
7997.7,19
7998.1,7
7999.1,12
8000.2,23
8000.3,8
8001.3,38
8001.5,30
8001.7,17
8002.6,10
8002.7,3
8002.7,35
8002.8,21
8003.2,27
8003.3,28
8003.9,1
8004.5,4
8004.7,29
8005.1,15
8005.2,31
8005.8,33
8007.7,9
8007.8,32
8008.3,12
8009.1,20
8009.8,13
8011.1,0
8012.9,30
8013.6,7
8014.5,11
8015.0,1
8015.5,29
8016.1,23
8016.1,27
8017.0,36
8017.2,39
8017.3,38
8017.4,34
8018.2,25
8018.4,15
8018.4,26
8018.5,21
8018.6,32
8018.8,14
8019.0,19
8019.1,4
8019.1,33
8019.5,16
8019.6,3
8019.8,8
8020.5,12
8025.3,1
8025.8,27
8026.2,30
8026.6,31
8027.1,37
8027.7,38
8028.8,10
8029.5,14
8029.6,11
8030.1,23
8030.3,13
8030.4,2
8030.4,9
8030.6,4
8031.3,0
8031.3,32
8031.8,21
8031.9,29
8032.5,3
8033.5,33
8034.3,27
8035.2,12
8035.5,7
8035.8,8
8036.5,15
8036.9,35
8037.4,19
8038.3,36
8040.8,30
8040.9,1
8040.9,34
8041.1,39
8042.9,0
8043.0,21
8043.5,4
8044.0,23
8044.0,29
8044.1,32
8044.1,33
8044.3,7
8044.5,11
8044.7,31
8048.3,19
8048.5,12
8048.6,1
8048.7,27
8049.3,38
8050.0,9
8050.3,13
8050.3,3
8050.7,26
8051.9,36
8052.3,10
8052.5,32
8054.5,15
8055.3,33
8055.4,27
8055.9,14
8056.3,11
8056.5,0
8057.0,30
8057.2,23
8058.0,39
8059.2,12
8060.2,19
8060.4,7
8060.6,4
8060.7,8
8060.9,29
8061.2,21
8061.9,31
8062.0,34
8064.9,30
8065.1,17
8065.3,23
8066.7,27
8066.8,1
8067.0,32
8067.0,35
8067.6,0
8068.1,11
8068.1,12
8069.0,36
8070.0,26
8070.0,9
8070.5,15
8073.3,19
8073.3,33
8073.4,29
8074.1,10
8074.3,14
8074.3,38
8074.4,39
8074.6,13
8074.7,22
8074.9,27
8075.1,11
8075.3,4
8075.3,8
8076.5,30
8077.3,31
8077.4,2
8077.4,3
8077.4,7
8077.5,23
8077.6,12
8078.1,32
8082.6,0
8083.7,21
8084.4,27
8085.2,1
8085.8,29
8086.5,16
8086.6,23
8086.6,24
8086.7,34
8086.8,37
8087.2,11
8087.3,33
8087.9,12
8088.2,19
8089.5,38
8089.6,39
8090.3,8
8091.1,7
8091.4,15
8091.6,4
8091.7,1
8092.1,9
8092.5,31
8092.5,36
8093.1,30
8093.8,14
8094.9,13
8094.9,23
8095.5,27
8096.0,19
8096.4,32
8096.6,0
8096.7,10
8096.8,33
8097.7,3
8097.7,21
8099.0,12
8099.5,8
8100.2,17
8101.9,27
8102.3,15
8102.7,29
8102.9,11
8106.0,4
8106.7,28
8107.5,26
8107.8,31
8108.7,30
8108.9,2
8108.9,35
8109.4,12
8109.7,7
8110.1,39
8110.3,32
8110.5,1
8110.8,8
8110.8,38
8111.3,11
8111.5,22
8111.6,29
8114.1,23
8114.3,27
8114.8,21
8115.1,14
8115.4,33
8115.5,9
8116.4,19
8117.2,36
8117.3,31
8117.5,34
8118.2,30
8118.4,0
8119.7,39
8119.7,4
8119.9,29
8121.4,3
8122.0,12
8122.2,38
8122.7,7
8123.1,15
8123.5,11
8124.1,1
8124.2,23
8124.3,26
8124.4,8
8124.4,27
8125.3,21
8125.6,32
8127.6,13
8130.4,10
8131.2,12
8131.9,24
8132.9,34
8133.0,19
8133.4,2
8133.6,31
8133.6,39
8133.9,33
8134.8,1
8134.9,38
8134.9,29
8134.9,30
8135.2,27
8135.5,23
8135.6,14
8135.8,21
8136.1,7
8136.1,36
8136.8,11
8137.6,8
8139.2,0
8139.6,15
8140.4,13
8141.0,3
8141.4,4
8141.5,12
8141.6,9
8142.2,32
8144.1,1
8145.1,19
8145.9,37
8146.7,6
8146.9,29
8147.1,27
8147.3,33
8147.3,39
8147.9,11
8148.1,23
8150.9,0
8151.1,21
8151.3,31
8151.7,4
8153.7,30
8154.1,7
8154.2,1
8154.3,32
8154.5,33
8155.0,8
8156.1,12
8156.2,38
8156.9,9
8158.0,26
8158.9,15
8159.8,23
8160.1,39
8160.3,13
8160.4,29
8160.5,27
8160.8,3
8160.8,36
8160.9,19
8161.0,31
8161.1,11
8161.3,10
8164.4,12
8165.9,4
8166.1,21
8166.5,30
8167.4,14
8168.3,8
8168.4,7
8169.0,29
8169.1,0
8169.3,27
8170.0,24
8170.2,39
8170.9,1
8171.3,23
8171.8,38
8172.3,34
8173.1,33
8174.1,12
8174.5,31
8176.1,32
8177.7,2
8177.7,19
8177.9,9
8178.3,13
8179.0,11
8179.9,21
8180.1,35
8180.5,27
8180.5,30
8180.9,23
8181.0,3
8181.0,36
8181.1,0
8181.2,4
8181.3,15
8181.3,39
8181.3,37
8181.9,26
8182.1,7
8182.2,1
8182.2,8
8183.0,29
8183.0,33
8183.3,12
8188.5,10
8188.5,25
8188.7,19
8189.0,38
8190.1,31
8190.7,27
8190.7,32
8190.7,34
8191.4,14
8192.4,23
8192.4,30
8192.9,1
8193.7,39
8194.7,12
8194.8,21
8195.2,3
8195.8,8
8195.9,16
8196.2,33
8197.0,11
8197.7,29
8197.8,22
8197.9,9
8198.0,24
8199.6,36
8200.3,0
8201.1,27
8201.6,7
8201.7,13
8202.2,2
8202.7,23
8203.2,19
8203.6,32
8203.9,34
8204.9,4
8205.0,1
8206.5,15
8206.6,38
8207.1,17
8207.2,30
8207.4,12
8207.4,29
8207.4,33
8207.7,11
8208.1,6
8208.5,8
8208.7,14
8209.0,27
8209.8,21
8212.0,9
8212.6,26
8213.4,39
8214.0,1
8214.2,0
8214.3,28
8214.6,23
8215.4,31
8215.8,7
8215.8,35
8216.3,4
8217.3,22
8217.5,34
8218.4,11
8218.6,10
8219.0,27
8219.7,8
8219.8,29
8221.3,3
8221.5,30
8221.7,12
8222.4,38
8222.4,21
8222.9,32
8225.7,4
8225.8,9
8225.8,13
8226.7,23
8226.8,14
8226.8,19
8226.8,36
8226.9,31
8227.1,0
8227.1,37
8227.6,7
8228.0,33
8229.1,1
8229.5,29
8229.7,27
8231.8,12
8232.1,11
8232.7,39
8235.7,8
8236.5,3
8236.8,0
8236.8,21
8237.2,32
8237.6,34
8237.8,15
8238.3,5
8238.8,26
8238.9,23
8238.9,30
8239.0,38
8239.1,33
8239.3,12
8239.3,27
8239.8,2
8240.4,1
8242.3,19
8244.0,39
8244.1,4
8244.3,7
8244.4,14
8244.6,11
8247.0,8
8247.0,31
8247.2,10
8247.2,12
8248.0,23
8248.5,21
8249.2,0
8249.5,38
8250.0,13
8250.4,1
8250.5,33
8250.9,32
8251.2,27
8251.4,29
8253.4,36
8254.4,4
8254.4,15
8254.9,9
8255.3,19
8255.6,30
8256.0,12
8256.5,11
8256.6,23
8257.8,3
8258.3,1
8259.9,33
8260.1,31
8260.8,7
8260.9,29
8261.3,32
8261.5,37
8262.6,27
8262.6,39
8264.0,0
8265.4,21
8265.4,34
8265.7,13
8266.6,8
8266.7,38
8266.9,14
8267.0,35
8267.4,17
8267.5,4
8268.2,28
8268.5,30
8268.6,1
8268.6,24
8269.5,12
8269.7,11
8272.5,29
8272.7,0
8272.9,3
8273.2,19
8273.2,26
8273.3,22
8273.5,21
8274.7,15
8275.5,2
8275.5,32
8275.5,39
8276.1,1
8276.8,33
8277.1,23
8279.7,8
8280.1,29
8280.1,30
8280.4,27
8280.5,7
8280.7,31
8281.0,9
8282.6,4
8283.6,14
8283.6,34
8284.2,12
8285.3,38
8285.8,22
8286.2,11
8286.6,10
8286.6,19
8286.9,21
8286.9,32
8286.9,35
8287.2,1
8288.0,30
8288.5,23
8289.2,36
8289.8,8
8290.0,3
8290.8,7
8292.4,33
8292.8,27
8293.1,13
8294.1,31
8294.3,15
8295.0,12
8295.0,9
8296.3,1
8296.3,39
8296.5,4
8298.1,11
8298.1,29
8298.2,38
8298.6,0
8299.1,30
8300.2,23
8301.5,34
8301.9,19
8304.7,33
8304.9,8
8305.7,27
8306.0,12
8306.3,1
8306.9,17
8307.2,3
8307.4,21
8308.3,14
8308.4,32
8309.3,11
8310.7,4
8310.7,29
8311.0,31
8311.2,23
8312.4,7
8312.4,10
8312.8,15
8313.5,9
8313.7,30
8313.7,36
8313.9,39
8314.0,33
8314.8,27
8315.0,38
8315.7,0
8315.7,2
8316.0,19
8316.4,37
8316.9,1
8317.6,12
8317.9,13
8318.1,22
8320.2,4
8322.2,23
8323.0,29
8323.1,8
8323.3,32
8323.6,21
8323.7,3
8324.5,11
8324.5,39
8325.2,14
8325.3,34
8325.5,10
8325.8,1
8325.9,31
8326.5,7
8326.7,35
8328.0,30
8328.2,19
8328.6,33
8328.6,27
8329.0,26
8329.9,0
8330.1,38
8331.3,12
8331.3,36
8333.5,21
8334.2,4
8334.2,13
8335.7,23
8335.9,8
8336.5,1
8337.3,11
8337.4,31
8337.6,39
8337.8,27
8338.1,9
8338.1,33
8338.6,30
8338.9,7
8339.0,3
8339.3,0
8340.6,15
8341.2,29
8342.5,12
8343.8,34
8344.8,32
8346.8,19
8347.0,23
8347.1,1
8347.3,27
8347.9,21
8348.8,11
8349.4,4
8350.7,9
8351.0,8
8351.2,12
8352.0,38
8352.1,10
8352.1,33
8352.3,13
8352.7,30
8353.3,29
8354.0,19
8354.1,17
8354.1,26
8354.4,1
8354.5,0
8356.5,7
8356.8,22
8356.8,24
8356.8,39
8358.1,3
8358.4,36
8358.7,27
8360.2,32
8360.5,21
8360.7,15
8361.0,31
8361.2,11
8361.7,12
8362.1,38
8362.3,23
8363.6,8
8364.9,29
8365.7,2
8365.8,14
8366.1,19
8366.3,4
8367.9,27
8367.9,33
8368.0,31
8369.3,1
8370.5,39
8371.1,21
8371.4,12
8371.5,23
8372.5,3
8372.6,11
8372.7,7
8372.9,30
8373.0,0
8373.3,10
8374.3,6
8375.3,32
8376.8,4
8377.5,27
8379.5,8
8380.3,15
8381.5,21
8381.6,9
8381.9,19
8382.1,36
8382.3,29
8382.5,13
8382.5,23
8382.5,38
8382.5,1
8382.5,26
8383.4,37
8383.8,34
8384.1,35
8384.2,14
8384.5,33
8384.8,30
8385.2,20
8385.3,12
8385.6,7
8385.9,31
8386.6,11
8387.8,4
8387.9,39
8389.3,27
8390.1,32
8390.4,0
8390.5,21
8391.9,33
8392.4,23
8393.6,3
8396.2,8
8396.5,9
8396.5,12
8397.4,1
8397.6,10
8397.9,4
8397.9,25
8398.3,2
8398.9,7
8399.7,29
8400.2,15
8400.2,19
8400.6,38
8400.7,11
8402.3,39
8402.5,24
8402.6,36
8403.2,0
8403.3,27
8403.5,31
8404.8,22
8405.3,33
8405.6,8
8406.0,3
8407.1,12
8408.3,30
8408.6,23
8408.6,11
8408.9,13
8409.0,21
8409.1,32
8409.8,1
8411.6,4
8414.2,29
8414.4,15
8414.5,9
8414.6,19
8415.0,39
8415.5,7
8415.7,14
8416.0,23
8416.2,35
8416.7,11
8416.7,27
8417.4,8
8417.5,0
8417.6,33
8417.8,2
8420.2,13
8420.3,30
8420.8,34
8420.9,12
8421.0,31
8421.9,32
8422.7,38
8423.6,3
8424.1,1
8424.2,10
8424.2,22
8424.4,21
8425.0,26
8425.6,23
8428.9,11
8428.9,29
8429.0,27
8429.1,4
8429.1,39
8430.0,12
8430.3,7
8430.4,9
8430.6,8
8430.7,15
8431.1,33
8432.7,1
8432.9,30
8433.0,14
8433.7,0
8434.2,23
8434.3,36
8436.2,19
8437.3,4
8438.2,2
8438.2,32
8438.6,34
8438.7,6
8438.9,12
8439.6,11
8440.6,27
8441.4,10
8441.6,39
8441.7,38
8442.9,7
8443.6,3
8443.6,8
8443.6,29
8443.7,31
8444.1,19
8444.3,30
8445.0,13
8446.2,1
8446.2,15
8447.3,9
8449.5,35
8449.7,23
8449.9,11
8450.3,0
8451.6,12
8452.0,27
8452.0,31
8452.3,21
8453.2,38
8454.3,32
8455.0,17
8455.1,14
8455.1,39
8455.4,37
8455.5,26
8455.7,33
8456.0,36
8456.1,19
8457.2,29
8457.4,7
8457.4,1
8457.6,4
8461.1,23
8461.1,27
8461.5,30
8461.8,11
8462.0,8
8462.1,3
8462.5,2
8462.7,21
8463.0,33
8463.3,16
8463.4,31
8464.3,12
8464.6,9
8465.1,26
8465.8,0
8466.3,32
8467.6,34
8468.7,22
8469.3,10
8470.0,4
8470.1,13
8470.7,39
8471.1,1
8471.3,7
8471.4,3
8471.4,23
8472.4,27
8472.4,29
8473.1,33
8473.3,15
8473.8,12
8477.5,11
8477.8,30
8478.0,38
8479.5,27
8479.7,8
8479.9,9
8480.5,14
8480.6,21
8482.5,1
8482.5,36
8482.8,32
8482.8,37
8482.9,31
8483.8,23
8483.9,2
8484.7,19
8484.8,39
8485.5,26
8485.5,29
8485.8,4
8485.9,15
8486.0,33
8486.8,12
8487.0,34
8487.1,11
8488.0,7
8489.0,30
8489.4,0
8491.7,3
8492.8,1
8492.9,27
8493.2,9
8493.7,8
8494.3,10
8494.5,11
8495.3,21
8496.0,6
8496.0,14
8496.0,32
8496.2,23
8496.2,38
8496.2,29
8497.7,31
8498.2,24
8499.1,12
8499.5,39
8500.4,13
8501.3,33
8502.2,36
8502.9,27
8503.1,1
8503.3,4
8503.9,0
8503.9,7
8503.9,23
8505.4,37
8505.6,19
8505.7,29
8506.0,2
8506.0,30
8506.1,15
8507.9,26
8508.2,12
8508.6,38
8508.8,32
8509.6,22
8509.8,11
8509.9,8
8510.1,5
8510.3,39
8512.1,27
8512.2,34
8512.4,21
8513.0,1
8514.3,9
8515.0,7
8515.4,10
8516.5,3
8516.6,13
8518.0,33
8518.2,31
8519.1,29
8519.7,1
8519.9,19
8520.4,12
8520.5,4
8520.6,23
8520.6,17
8520.8,27
8522.7,7
8522.7,30
8522.8,32
8524.0,0
8524.9,11
8524.9,39
8525.6,38
8526.3,14
8526.9,21
8527.2,8
8527.3,28
8527.5,15
8527.5,23
8528.2,9
8530.9,1
8530.9,33
8531.7,36
8533.2,31
8533.5,30
8533.6,32
8533.6,19
8533.8,12
8533.8,35
8535.1,27
8535.4,23
8535.9,2
8536.0,29
8537.4,4
8537.6,26
8538.3,8
8538.5,0
8538.5,13
8538.8,38
8539.6,3
8539.6,11
8540.9,21
8541.1,7
8541.6,1
8542.4,32
8544.3,14
8544.9,12
8545.8,33
8546.4,27
8546.5,4
8546.7,19
8547.1,29
8547.1,34
8547.6,23
8550.6,39
8550.8,31
8551.9,9
8552.4,12
8553.0,7
8553.1,30
8553.2,37
8553.8,22
8554.9,1
8555.0,11
8555.0,27
8555.1,8
8555.5,0
8555.7,32
8556.9,33
8557.1,38
8557.4,21
8557.9,19
8559.0,10
8560.0,29
8561.0,12
8561.7,31
8562.1,3
8562.3,8
8562.5,30
8562.8,11
8563.8,23
8564.4,15
8564.5,4
8566.0,36
8566.1,39
8566.9,7
8567.2,2
8567.5,14
8567.5,32
8567.7,21
8567.9,19
8568.2,27
8568.6,9
8568.7,33
8569.0,1
8571.6,34
8573.4,12
8573.4,24
8573.5,26
8573.7,23
8574.0,37
8574.2,13
8574.5,31
8574.6,29
8576.1,0
8576.7,27
8576.8,21
8577.3,17
8577.6,38
8577.7,30
8577.7,36
8578.0,19
8578.1,4
8579.2,11
8579.3,1
8582.3,7
8582.3,15
8582.7,9
8582.8,3
8582.8,32
8582.9,33
8583.5,12
8583.7,22
8584.5,35
8584.6,27
8585.9,29
8587.0,23
8587.2,14
8587.3,39
8587.5,8
8587.5,28
8587.7,30
8588.1,10
8588.7,38
8589.1,2
8589.3,1
8590.0,34
8590.1,31
8591.1,4
8591.3,27
8593.5,19
8593.7,21
8594.4,33
8595.7,12
8595.8,11
8596.1,29
8596.3,7
8597.2,32
8597.4,15
8597.7,9
8598.1,13
8598.2,0
8598.4,23
8598.8,26
8598.9,14
8598.9,24
8599.4,8
8599.4,30
8599.5,1
8601.3,31
8602.1,3
8602.6,4
8602.7,27
8603.8,37
8604.2,39
8604.7,38
8605.0,35
8605.4,12
8608.9,22
8609.0,11
8609.5,36
8609.6,7
8609.8,10
8609.8,21
8610.1,15
8610.1,30
8610.9,1
8611.1,23
8611.7,29
8612.6,19
8613.7,13
8614.5,27
8614.8,31
8615.4,9
8615.8,32
8616.3,34
8616.4,26
8616.5,12
8616.7,8
8617.0,3
8617.0,33
8618.7,39
8620.3,38
8621.8,1
8622.7,23
8623.3,0
8624.2,21
8624.4,11
8624.4,27
8624.4,32
8624.5,7
8624.8,36
8627.8,12
8628.5,30
8628.9,14
8629.2,4
8629.2,29
8629.3,39
8629.4,22
8630.1,28
8630.1,31
8630.7,3
8631.1,1
8631.2,21
8631.9,15
8631.9,33
8631.9,23
8633.3,0
8633.3,19
8633.4,8
8635.6,27
8636.4,2
8636.4,11
8636.6,26
8636.8,32
8637.1,12
8638.7,7
8638.9,9
8639.4,38
8639.5,10
8640.8,34
8641.1,29
8643.4,13
8645.2,39
8645.3,1
8645.8,27
8645.9,21
8646.1,30
8647.3,31
8647.5,8
8647.8,11
8647.9,33
8648.2,4
8648.2,7
8649.3,36
8649.7,3
8649.9,23
8650.0,12
8651.8,14
8652.0,0
8653.2,39
8653.8,19
8653.8,29
8654.6,32
8656.3,10
8656.3,38
8656.8,30
8658.0,9
8658.1,1
8658.3,23
8658.6,33
8659.2,27
8662.0,11
8662.1,12
8662.8,31
8663.1,0
8663.4,4
8665.5,8
8665.6,15
8665.7,35
8665.9,7
8666.0,21
8666.1,13
8666.3,32
8666.9,34
8667.0,9
8667.8,27
8668.8,26
8669.1,3
8669.1,25
8669.2,23
8669.7,19
8671.2,1
8671.2,29
8672.0,39
8673.0,7
8673.1,12
8673.2,30
8674.4,11
8674.8,22
8675.2,13
8675.3,21
8675.9,33
8676.1,10
8677.4,27
8678.7,4
8679.6,23
8680.6,31
8681.2,19
8681.5,38
8681.8,36
8681.9,6
8682.1,8
8682.1,12
8682.2,0
8682.2,17
8682.2,24
8682.2,32
8682.8,30
8683.2,1
8683.2,9
8683.2,29
8683.5,14
8683.9,27
8685.1,15
8685.5,11
8686.2,7
8687.8,21
8688.3,33
8688.4,34
8688.9,4
8689.0,39
8689.4,26
8689.7,3
8689.9,32
8690.2,13
8693.3,12
8693.4,2
8693.8,27
8694.4,0
8694.8,30
8695.2,1
8695.4,19
8695.7,11
8695.7,29
8696.6,23
8697.6,9
8697.9,7
8698.2,10
8699.1,31
8699.4,8
8699.5,3
8699.5,15
8700.1,38
8700.4,39
8700.9,32
8700.9,35
8701.3,1
8701.3,33
8701.6,21
8701.9,27
8702.0,37
8702.2,29
8702.7,36
8703.0,12
8704.9,4
8705.1,13
8705.4,23
8705.6,17
8708.1,30
8709.1,26
8709.4,11
8709.5,19
8710.0,34
8711.3,22
8711.3,29
8711.4,31
8711.7,9
8711.9,27
8712.3,21
8712.3,24
8712.4,15
8712.5,14
8713.4,33
8714.2,1
8715.2,12
8715.7,23
8717.3,8
8717.7,38
8718.1,11
8718.5,32
8718.7,39
8720.9,7
8721.4,0
8721.8,3
8721.8,27
8722.4,10
8722.7,4
8724.0,33
8724.1,30
8725.1,29
8725.5,12
8726.6,23
8727.4,34
8727.5,19
8727.7,1
8728.5,21
8728.9,31
8730.0,39
8730.4,9
8730.5,27
8731.3,11
8731.6,13
8731.8,3
8732.1,15
8733.8,14
8734.2,7
8735.3,32
8735.6,8
8735.6,23
8736.0,26
8736.2,38
8737.0,25
8737.2,16
8737.2,21
8737.6,4
8737.6,30
8738.2,2
8738.2,33
8738.6,27
8739.3,29
8739.7,37
8740.7,12
8740.8,19
8740.8,0
8741.1,1
8741.2,11
8741.7,36
8743.5,22
8743.6,23
8743.7,9
8745.7,10
8745.8,31
8746.0,32
8746.8,21
8747.1,27
8747.7,13
8747.7,26
8748.0,39
8749.4,12
8750.8,7
8750.9,4
8751.9,3
8752.5,1
8752.9,30
8753.2,11
8753.3,38
8753.9,33
8754.5,29
8754.7,34
8754.9,23
8755.6,15
8756.8,8
8757.8,19
8758.1,31
8759.4,27
8760.2,3
8761.6,21
8761.7,26
8761.9,20
8762.1,14
8762.5,0
8762.5,1
8762.5,34
8762.6,11
8762.9,12
8763.3,9
8763.9,7
8763.9,32
8765.2,29
8766.4,38
8767.3,23
8767.4,22
8767.6,39
8768.4,4
8768.7,15
8769.1,30
8769.4,33
8770.1,8
8770.9,27
8772.0,10
8772.3,36
8772.4,21
8772.8,12
8772.9,13
8773.6,0
8773.6,19
8773.9,1
8774.3,31
8775.5,11
8775.6,14
8776.8,2
8776.9,3
8777.0,7
8777.2,23
8778.9,32
8779.2,9
8779.7,38
8780.2,27
8780.3,29
8780.3,34
8782.5,33
8782.6,37
8782.8,1
8783.6,12
8783.9,30
8787.2,4
8787.7,8
8788.1,39
8788.7,11
8789.8,0
8789.8,31
8789.9,13
8790.0,15
8790.4,7
8790.7,27
8791.1,35
8791.4,19
8791.4,23
8791.5,26
8791.6,32
8792.0,3
8792.0,29
8792.6,22
8792.8,21
8793.5,10
8793.7,28
8793.7,30
8794.7,24
8795.3,38
8797.5,14
8797.7,1
8798.7,12
8798.8,0
8798.8,3
8798.9,36
8799.0,31
8799.5,4
8800.3,33
8801.5,27
8801.6,34
8801.7,15
8802.0,11
8802.1,19
8802.1,23
8803.3,2
8803.3,30
8805.5,7
8805.7,39
8807.2,29
8809.3,12
8810.7,32
8810.8,4
8810.9,21
8811.4,9
8812.0,38
8812.1,1
8812.3,27
8812.7,11
8813.8,31
8814.9,26
8815.0,33
8815.9,15
8816.0,3
8816.8,13
8818.5,8
8818.9,39
8820.0,14
8820.3,29
8821.2,36
8821.7,21
8821.9,23
8822.1,7
8822.1,30
8822.4,4
8822.7,12
8823.5,19
8823.9,1
8824.2,0
8824.2,27
8825.0,11
8826.1,15
8826.7,33
8828.4,10
8828.9,23
8829.0,9
8829.0,32
8830.3,22
8830.4,3
8831.0,38
8831.6,30
8832.0,35
8832.4,29
8832.7,16
8832.9,4
8833.3,21
8833.4,12
8833.4,27
8833.9,34
8834.6,31
8834.6,33
8835.0,8
8835.7,7
8836.0,1
8837.8,37
8839.1,11
8839.4,19
8839.4,23
8839.5,26
8839.7,13
8839.8,39
8840.6,0
8840.6,3
8841.2,32
8841.3,15
8842.5,14
8842.9,4
8843.4,27
8843.5,12
8844.4,7
8847.2,9
8847.3,33
8847.6,28
8848.1,1
8848.4,10
8848.4,23
8848.4,34
8848.4,38
8849.1,29
8849.1,31
8849.5,36
8849.6,21
8849.7,30
8850.1,2
8851.3,12
8852.3,15
8852.5,8
8852.7,11
8852.7,27
8854.9,0
8856.3,32
8856.8,19
8857.0,7
8857.3,3
8857.8,4
8858.1,33
8858.5,1
8859.4,14
8859.5,12
8859.7,23
8861.4,29
8862.0,27
8862.7,39
8862.8,30
8863.2,38
8863.7,11
8864.3,13
8865.6,21
8866.1,9
8867.4,8
8867.6,31
8867.8,10
8868.0,16
8868.1,24
8868.1,26
8868.5,7
8869.5,23
8870.5,22
8870.5,1
8871.0,12
8871.2,32
8873.3,6
8873.8,19
8874.7,14
8874.7,33
8874.8,35
8876.4,30
8876.7,0
8877.3,3
8877.6,34
8877.8,29
8877.9,15
8878.5,27
8879.3,31
8879.5,39
8879.8,21
8879.9,32
8880.0,2
8880.3,11
8880.7,4
8880.7,7
8881.1,23
8881.9,37
8883.0,1
8883.6,12
8883.7,9
8884.2,36
8886.6,38
8887.6,8
8887.7,17
8888.7,13
8888.7,26
8889.3,27
8889.7,29
8890.1,19
8891.7,39
8891.8,21
8891.8,33
8892.6,11
8893.9,23
8893.9,30
8894.1,0
8895.6,1
8895.6,3
8896.6,12
8899.5,9
8899.6,34
8899.8,7
8900.1,2
8900.1,27
8900.2,38
8900.3,15
8900.5,32
8900.6,10
8900.6,14
8900.7,36
8900.8,31
8900.9,8
8901.1,26
8902.0,22
8903.2,4
8903.8,29
8903.9,33
8904.2,12
8904.4,21
8905.5,1
8906.5,23
8906.6,19
8907.7,30
8908.6,11
8909.8,32
8910.8,0
8911.1,27
8911.2,39
8911.4,3
8911.9,12
8913.8,38
8914.8,23
8915.1,8
8915.3,35
8916.4,33
8916.8,21
8917.0,13
8917.4,5
8917.4,31
8917.8,36
8918.5,15
8918.7,32
8919.0,10
8919.3,1
8919.8,20
8919.9,4
8920.2,27
8921.5,14
8922.5,29
8922.6,6
8922.8,19
8923.2,34
8924.7,11
8924.7,12
8925.0,37
8925.6,23
8926.1,0
8926.1,30
8926.2,7
8927.3,9
8927.6,10
8928.5,33
8930.2,31
8930.4,26
8930.9,4
8931.3,38
8931.5,39
8931.7,1
8931.8,27
8932.4,3
8932.7,8
8934.2,19
8937.2,32
8937.4,9
8937.6,21
8938.2,29
8939.2,12
8939.4,23
8940.0,11
8941.9,0
8942.3,33
8942.8,30
8943.3,27
8943.6,13
8944.4,14
8945.3,19
8945.4,7
8945.9,34
8947.0,39
8947.4,23
8947.6,38
8947.9,4
8948.2,1
8948.3,31
8948.4,15
8948.9,29
8949.0,2
8949.1,35
8950.0,21
8950.4,11
8951.2,12
8951.6,36
8953.5,9
8953.6,8
8953.6,24
8953.6,27
8954.5,32
8956.4,3
8957.2,7
8957.4,33
8957.7,0
8958.4,39
8958.6,26
8959.1,11
8959.2,1
8959.6,38
8959.6,23
8961.4,25
8962.8,30
8962.9,4
8963.9,12
8964.0,19
8964.1,29
8966.0,27
8966.6,34
8967.0,23
8968.2,21
8968.5,2
8969.0,32
8969.3,14
8969.4,11
8969.6,9
8969.8,31
8969.8,39
8971.4,13
8971.6,33
8971.8,7
8973.1,12
8973.2,1
8973.6,29
8974.3,3
8974.7,23
8974.8,10
8976.1,27
8976.1,30
8976.7,19
8977.9,36
8978.0,11
8978.0,15
8979.7,38
8980.6,0
8981.7,8
8981.7,39
8981.8,4
8983.9,32
8985.1,31
8986.3,12
8986.7,23
8986.9,35
8987.1,21
8988.2,7
8988.4,1
8988.6,17
8988.6,33
8988.8,11
8989.6,15
8989.8,29
8989.9,14
8989.9,30
8990.0,9
8990.3,13
8991.2,27
8994.5,31
8995.3,0
8996.0,4
8996.1,12
8996.2,19
8996.7,36
8996.7,39
8997.6,10
8999.5,7
8999.6,1
8999.7,33
8999.7,38
8999.8,26
9000.4,14
9000.7,24
9001.0,8
9001.0,34
9001.2,27
9001.3,3
9001.3,30
9001.5,11
9001.8,32
9002.3,29
9004.3,13
9004.3,23
9006.9,22
9007.9,2
9007.9,12
9008.4,0
9008.4,9
9010.4,29
9010.5,15
9010.7,4
9010.9,21
9011.2,31
9011.7,11
9012.5,7
9016.1,33
9016.4,30
9016.5,23
9017.2,39
9017.3,19
9017.4,8
9017.5,27
9017.6,1
9018.0,38
9018.2,10
9018.2,32
9019.8,29
9019.9,13
9020.2,31
9020.3,12
9022.5,0
9023.8,28
9024.7,21
9025.4,6
9025.6,27
9025.8,11
9026.7,26
9027.8,3
9027.9,4
9028.3,7
9028.8,36
9029.6,39
9029.8,23
9029.8,33
9031.6,29
9031.8,30
9032.7,34
9033.1,32
9033.2,12
9033.5,1
9033.5,9
9034.9,27
9035.7,35
9036.2,38
9036.5,13
9036.6,21
9037.4,10
9037.4,14
9037.6,11
9037.6,15
9037.6,37
9037.9,7
9038.6,23
9038.6,33
9038.8,0
9038.9,31
9040.2,2
9041.0,26
9041.5,8
9043.3,30
9043.4,39
9043.5,12
9043.9,27
9044.2,3
9047.3,4
9047.7,1
9048.0,19
9048.0,10
9048.3,32
9048.7,11
9048.8,22
9049.0,36
9049.2,15
9049.5,27
9051.3,29
9051.3,34
9052.3,9
9052.9,12
9053.2,8
9053.6,21
9054.2,23
9054.2,38
9055.3,0
9056.2,30
9058.0,31
9058.9,14
9059.3,33
9060.0,7
9060.1,1
9060.2,4
9060.2,15
9060.2,32
9060.8,3
9061.7,27
9065.5,12
9065.6,29
9065.9,11
9066.1,31
9066.1,35
9066.1,36
9066.3,19
9066.3,38
9066.8,21
9066.8,39
9067.4,13
9067.6,2
9068.7,23
9069.6,34
9069.9,10
9070.3,26
9070.5,8
9070.5,24
9070.6,30
9071.3,37
9071.6,27
9074.5,32
9074.7,4
9074.9,12
9075.1,0
9075.7,33
9075.9,1
9076.3,31
9076.4,17
9076.7,7
9076.8,9
9076.9,14
9077.0,25
9077.1,23
9077.2,29
9077.7,36
9081.3,21
9082.6,30
9082.9,19
9083.4,15
9083.6,8
9084.4,27
9084.6,38
9085.1,12
9085.1,29
9085.3,1
9085.3,39
9085.9,3
9086.2,7
9086.6,11
9087.2,13
9087.5,10
9088.6,4
9089.9,23
9090.1,33
9090.9,34
9091.9,6
9091.9,9
9091.9,32
9092.3,14
9095.0,31
9095.2,21
9095.3,30
9096.1,27
9096.7,12
9097.8,22
9098.6,24
9098.7,29
9098.8,15
9098.9,19
9099.5,0
9099.8,11
9100.4,1
9101.6,8
9101.7,36
9102.0,33
9102.4,39
9102.5,7
9102.8,38
9103.0,34
9103.9,23
9104.5,32
9104.5,37
9105.1,13
9105.4,2
9106.3,10
9107.3,4
9107.4,12
9107.7,21
9107.7,30
9107.9,27
9108.9,28
9109.4,29
9109.8,0
9110.9,3
9110.9,31
9111.6,9
9113.4,1
9116.5,8
9116.5,32
9117.1,38
9117.5,33
9117.7,36
9118.2,23
9118.5,35
9118.6,19
9118.8,27
9119.0,22
9119.1,12
9119.4,26
9119.5,7
9119.7,13
9120.1,15
9120.2,31
9120.4,11
9120.5,14
9121.7,29
9121.8,1
9122.2,4
9122.4,3
9125.3,34
9127.0,33
9127.4,30
9127.6,21
9127.8,15
9128.0,39
9128.1,0
9128.9,38
9129.2,11
9132.3,1
9132.3,23
9132.5,7
9132.9,27
9133.1,2
9133.1,12
9133.2,17
9133.4,8
9133.4,9
9134.6,4
9135.9,32
9136.6,19
9136.9,31
9137.4,15
9137.7,10
9138.2,29
9139.6,36
9140.1,38
9140.7,20
9140.8,33
9141.2,21
9141.4,14
9141.5,11
9141.5,13
9141.7,30
9142.2,34
9142.3,27
9142.3,39
9142.9,35
9144.0,3
9144.0,12
9144.1,19
9144.1,31
9144.6,23
9144.8,9
9145.1,8
9145.2,1
9147.9,32
9150.3,7
9150.7,0
9150.8,4
9151.1,29
9151.7,22
9152.6,23
9152.7,15
9153.2,11
9153.4,27
9154.5,39
9154.6,12
9154.6,38
9156.3,21
9156.6,30
9157.8,1
9158.3,33
9158.5,13
9159.1,14
9159.1,19
9159.2,8
9159.2,26
9160.2,7
9160.5,31
9161.1,37
9162.1,3
9162.3,11
9163.7,32
9165.4,1
9165.6,12
9165.6,38
9165.8,0
9166.1,23
9166.2,34
9166.3,29
9166.9,27
9167.5,4
9167.6,36
9169.2,39
9171.1,30
9171.1,33
9171.5,2
9172.6,7
9172.6,11
9173.4,15
9173.6,13
9174.6,32
9174.8,19
9174.9,3
9174.9,16
9175.1,21
9175.5,24
9176.1,12
9176.2,27
9177.0,9
9177.2,1
9177.2,4
9177.5,0
9177.5,29
9177.6,14
9178.5,8
9178.6,31
9179.1,11
9180.5,36
9180.6,7
9180.7,23
9182.7,33
9183.9,35
9184.0,30
9184.0,32
9184.1,26
9184.3,6
9184.6,34
9185.1,27
9185.9,10
9186.0,4
9186.4,1
9186.5,19
9186.6,39
9188.7,12
9190.1,15
9191.3,8
9191.6,13
9191.8,3
9192.7,37
9193.1,7
9193.1,21
9193.1,23
9193.1,29
9193.2,11
9194.2,9
9194.8,38
9195.0,0
9195.0,22
9196.6,27
9196.7,32
9196.9,1
9197.6,17
9198.2,2
9198.3,12
9198.7,14
9198.7,33
9199.1,25
9199.1,30
9201.9,36
9203.2,19
9203.8,29
9204.0,23
9205.6,31
9205.7,39
9206.3,10
9206.6,26
9207.1,13
9207.1,21
9207.3,11
9207.7,8
9208.1,4
9208.5,15
9208.7,27
9209.5,7
9211.9,3
9212.4,38
9212.6,9
9212.9,1
9212.9,32
9213.2,12
9215.3,30
9216.8,37
9217.3,19
9218.1,23
9218.1,34
9218.4,0
9218.8,33
9219.3,29
9219.6,31
9219.8,8
9220.1,27
9220.2,35
9220.3,39
9221.5,32
9221.7,4
9221.7,22
9222.8,38
9223.5,21
9223.8,9
9224.1,12
9224.1,23
9224.3,11
9225.7,1
9226.6,13
9228.0,26
9228.0,27
9228.1,30
9228.2,14
9229.3,7
9230.3,15
9230.6,29
9231.5,31
9232.4,28
9232.5,3
9233.4,33
9233.5,36
9233.7,19
9233.7,21
9233.8,0
9233.8,4
9233.9,10
9233.9,11
9234.4,8
9234.4,32
9234.8,12
9235.9,1
9237.3,23
9237.4,27
9240.2,38
9240.3,30
9240.3,35
9242.2,12
9242.3,34
9243.4,7
9244.0,39
9245.4,11
9245.4,16
9245.9,33
9246.0,24
9246.2,23
9247.0,19
9247.0,31
9248.0,29
9249.0,2
9249.0,21
9249.0,32
9249.6,1
9250.3,6
9250.8,8
9251.3,9
9251.5,26
9252.0,4
9252.4,27
9252.9,36
9253.4,10
9253.7,37
9254.5,3
9254.5,15
9254.5,0
9254.5,13
9256.0,12
9256.2,23
9256.4,30
9256.8,38
9257.2,11
9257.5,32
9258.7,1
9259.6,21
9259.7,33
9259.8,27
9260.1,29
9260.2,31
9261.5,19
9262.6,14
9263.0,2
9263.9,4
9264.4,24
9264.8,39
9265.8,23
9266.5,3
9266.8,7
9267.5,9
9267.8,0
9268.6,5
9268.7,27
9269.1,11
9269.3,34
9269.6,21
9269.8,36
9269.9,30
9270.5,12
9270.6,22
9271.4,26
9273.4,1
9273.4,29
9274.0,8
9274.6,38
9274.7,15
9275.0,23
9275.4,13
9275.4,19
9275.5,7
9275.5,31
9276.2,32
9276.7,10
9277.1,33
9278.8,30
9278.9,4
9281.3,11
9281.3,14
9281.9,27
9282.3,12
9284.5,39
9284.8,16
9284.9,1
9285.6,32
9285.7,21
9285.8,26
9285.8,36
9286.3,37
9286.5,31
9286.6,9
9287.3,33
9287.5,3
9287.6,0
9288.0,19
9288.2,29
9288.5,23
9288.8,34
9289.6,11
9290.1,8
9290.2,7
9291.1,38
9291.8,27
9292.2,2
9292.2,32
9293.2,21
9293.4,9
9293.5,4
9293.5,30
9294.3,6
9294.5,35
9294.6,13
9295.6,3
9296.3,1
9298.3,23
9298.7,11
9299.2,31
9299.6,12
9301.6,33
9301.9,4
9302.1,19
9302.1,39
9302.6,8
9303.3,27
9303.7,14
9304.2,13
9304.7,26
9304.9,15
9306.7,7
9307.8,29
9309.7,34
9309.7,38
9309.8,32
9310.0,21
9310.5,0
9311.0,1
9311.3,30
9311.4,12
9311.4,19
9311.4,27
9312.3,23
9313.8,37
9314.2,33
9314.6,39
9314.9,3
9314.9,11
9317.0,4
9317.3,31
9317.4,9
9319.0,27
9320.5,8
9320.5,29
9320.9,24
9320.9,23
9321.6,7
9321.6,15
9322.0,38
9322.3,36
9323.0,12
9323.0,1
9324.7,21
9325.1,32
9325.2,26
9325.7,30
9327.4,33
9327.6,4
9327.9,2
9328.2,19
9328.4,11
9329.2,10
9329.4,31
9330.1,23
9330.3,27
9330.7,0
9331.8,1
9332.1,12
9332.2,9
9333.3,39
9333.7,30
9334.6,25
9335.0,3
9335.0,14
9335.9,21
9336.2,23
9336.2,29
9336.8,17
9337.6,8
9337.7,27
9339.5,33
9339.7,10
9339.9,11
9340.0,15
9340.7,19
9340.9,4
9341.1,7
9341.2,13
9341.2,34
9342.3,32
9342.6,31
9342.7,38
9343.2,12
9344.4,36
9345.7,30
9346.1,23
9346.5,0
9346.7,21
9346.8,3
9347.3,28
9347.3,29
9347.4,1
9347.8,27
9350.7,19
9351.3,34
9351.9,11
9353.5,23
9353.7,14
9353.7,39
9354.0,9
9354.0,29
9354.1,12
9354.2,21
9354.3,4
9354.4,33
9354.8,32
9355.4,8
9359.0,30
9360.0,15
9360.5,1
9360.7,38
9360.9,3
9360.9,26
9361.1,35
9361.5,27
9362.2,36
9362.4,7
9362.4,23
9364.6,6
9364.8,31
9365.6,11
9365.8,12
9365.8,39
9366.4,0
9367.5,32
9368.6,29
9369.0,10
9369.2,2
9369.2,38
9369.4,9
9369.5,19
9370.5,22
9371.6,4
9372.6,33
9372.7,3
9374.1,8
9374.5,13
9375.5,27
9375.6,1
9375.6,15
9375.6,30
9375.6,37
9376.0,35
9376.1,21
9376.7,39
9377.2,14
9377.4,25
9377.5,36
9377.6,31
9377.7,23
9378.1,24
9378.5,28
9379.2,32
9379.5,12
9380.6,29
9381.3,11
9381.6,0
9382.5,10
9383.2,38
9383.4,17
9384.1,19
9384.1,34
9384.9,4
9385.2,9
9385.3,21
9386.2,16
9386.3,27
9386.6,12
9386.9,7
9388.4,23
9388.4,31
9389.1,33
9389.8,1
9391.1,2
9392.4,26
9392.5,30
9393.2,29
9393.9,13
9394.6,8
9394.7,3
9394.9,11
9395.5,14
9395.8,39
9396.2,4
9396.2,9
9396.2,19
9396.2,32
9396.6,36
9396.8,21
9397.5,12
9397.6,38
9397.9,0
9398.4,31
9398.7,15
9399.1,27
9399.7,23
9401.1,7
9402.5,1
9404.7,11
9405.5,35
9406.8,33
9407.1,30
9407.2,29
9408.8,27
9409.3,34
9409.7,12
9409.7,32
9410.1,19
9410.3,21
9410.3,22
9411.0,1
9411.1,8
9412.2,3
9412.4,10
9412.4,23
9412.9,13
9413.1,37
9413.3,31
9413.5,4
9413.7,9
9414.6,39
9416.2,7
9416.3,11
9417.5,14
9417.6,15
9417.8,20
9417.9,0
9418.9,38
9419.6,29
9419.6,30
9419.8,36
9421.0,12
9421.5,13
9421.8,27
9423.4,1
9423.6,21
9424.0,2
9424.3,23
9426.0,19
9426.1,32
9426.8,3
9427.0,33
9427.2,11
9427.3,7
9428.0,4
9428.0,9
9429.4,8
9429.5,25
9430.2,12
9430.7,14
9431.8,29
9434.3,1
9434.7,39
9434.9,23
9434.9,27
9435.0,31
9435.2,30
9436.0,24
9436.0,32
9436.3,34
9436.6,35
9436.7,11
9436.8,21
9437.2,7
9438.2,0
9438.3,15
9438.3,33
9439.4,12
9441.7,4
9442.0,9
9442.4,13
9442.5,19
9442.9,28
9443.6,29
9443.7,1
9444.1,26
9444.3,6
9444.4,27
9444.4,38
9444.4,31
9444.7,10
9445.5,3
9445.7,8
9447.7,32
9448.6,12
9448.8,23
9449.3,33
9450.0,39
9450.4,27
9450.5,7
9451.5,30
9452.2,2
9452.7,29
9453.3,0
9453.8,11
9453.9,4
9454.9,21
9455.1,34
9455.7,31
9456.5,37
9457.0,33
9457.1,1
9457.1,9
9457.7,19
9458.1,8
9459.4,12
9459.8,23
9459.9,13
9460.3,14
9461.9,27
9463.3,10
9463.7,20
9464.0,38
9464.6,3
9464.6,29
9465.4,33
9466.1,30
9466.7,1
9467.0,39
9467.2,7
9468.0,22
9468.3,4
9468.4,8
9468.8,32
9468.8,15
9468.8,23
9469.4,27
9470.0,36
9470.5,12
9473.2,29
9473.5,19
9474.0,14
9474.1,9
9474.1,11
9474.1,30
9474.4,21
9474.5,1
9474.7,38
9474.8,35
9474.9,34
9475.2,24
9475.2,31
9475.6,33
9475.9,0
9479.5,4
9480.3,15
9480.7,12
9480.7,13
9481.2,26
9481.6,17
9481.8,1
9481.9,3
9481.9,8
9481.9,37
9482.3,11
9482.4,27
9482.5,10
9483.1,32
9484.0,23
9484.6,19
9485.3,21
9485.4,7
9487.6,33
9488.2,39
9488.5,4
9490.6,12
9490.8,36
9491.2,2
9491.3,30
9491.7,35
9492.0,27
9492.1,34
9492.5,0
9492.5,1
9492.7,29
9492.7,31
9493.1,13
9493.6,23
9495.2,11
9496.2,14
9497.3,38
9497.7,9
9498.9,8
9499.2,15
9499.3,30
9500.1,6
9500.1,7
9500.3,27
9500.4,26
9500.6,12
9500.7,3
9501.0,19
9501.5,29
9501.9,4
9502.8,39
9504.1,1
9505.0,22
9505.4,23
9505.7,34
9506.3,10
9506.3,33
9507.1,0
9507.4,31
9508.4,11
9508.8,9
9510.1,30
9510.5,21
9511.1,12
9511.1,29
9511.7,32
9512.1,26
9512.1,27
9512.2,37
9512.5,13
9513.5,23
9514.3,8
9514.6,1
9516.9,36
9517.4,14
9518.2,4
9518.2,15
9518.2,19
9518.4,2
9518.6,7
9518.7,38
9518.8,3
9518.9,33
9519.8,6
9520.2,24
9520.5,31
9521.7,11
9522.1,12
9523.5,27
9524.5,23
9524.7,1
9525.2,30
9525.9,29
9527.1,39
9528.3,21
9528.5,0
9528.6,32
9528.7,9
9529.2,8
9529.5,12
9530.5,14
9534.6,11
9535.1,36
9535.5,23
9535.6,10
9535.7,19
9535.7,30
9535.8,13
9536.3,4
9536.3,31
9536.6,27
9536.8,1
9536.9,29
9537.0,38
9537.5,33
9537.7,3
9537.7,7
9537.7,22
9537.8,28
9537.9,15
9538.1,34
9538.6,16
9538.9,21
9539.8,35
9540.9,12
9542.8,20
9543.2,2
9543.7,32
9545.9,8
9546.1,9
9546.3,1
9546.5,11
9547.3,0
9547.5,4
9547.5,27
9548.0,23
9548.8,29
9548.8,39
9548.9,37
9549.0,26
9549.4,19
9549.5,7
9549.5,30
9549.5,33
9551.7,38
9553.0,13
9553.2,15
9553.7,31
9553.8,14
9553.9,12
9554.8,10
9555.3,21
9556.3,3
9556.5,27
9556.8,36
9557.8,11
9558.0,7
9558.6,23
9560.2,33
9561.0,30
9561.5,19
9561.8,32
9562.0,39
9562.4,1
9562.5,12
9562.7,34
9562.9,4
9563.0,29
9563.7,9
9566.4,31
9566.7,0
9567.3,6
9567.8,38
9567.9,11
9568.1,27
9569.6,21
9569.7,23
9570.6,12
9570.7,24
9571.7,1
9571.7,7
9572.3,8
9573.0,3
9573.4,35
9573.8,33
9574.2,30
9574.6,0
9575.1,13
9575.4,39
9575.6,10
9576.0,2
9576.3,29
9576.8,23
9578.5,27
9579.0,4
9579.0,11
9579.0,22
9579.7,32
9580.1,36
9580.7,15
9582.1,21
9582.3,26
9582.8,38
9583.0,19
9583.1,12
9583.3,14
9583.4,7
9583.9,9
9584.0,37
9584.1,1
9584.1,16
9584.6,30
9584.8,20
9585.1,8
9586.0,31
9589.0,23
9589.1,32
9589.2,11
9589.9,34
9590.5,33
9591.7,2
9592.0,27
9592.3,4
9592.5,39
9593.1,12
9593.4,29
9593.5,13
9594.8,0
9595.3,3
9595.8,30
9596.0,15
9596.8,7
9597.7,10
9598.0,31
9598.6,11
9598.7,27
9598.8,1
9598.8,14
9599.9,23
9600.2,37
9600.9,19
9601.8,38
9602.1,21
9603.2,29
9604.5,8
9604.7,9
9604.8,26
9604.9,39
9605.8,32
9606.0,36
9606.8,33
9606.9,7
9607.5,27
9607.7,4
9607.9,30
9608.1,3
9608.7,24
9608.8,0
9609.7,12
9610.3,23
9610.4,11
9611.8,10
9612.2,1
9613.7,38
9614.3,34
9615.1,31
9615.8,33
9616.1,15
9616.9,19
9617.2,30
9617.8,22
9617.8,32
9617.9,7
9617.9,29
9618.2,35
9618.2,8
9618.5,12
9618.7,17
9618.8,27
9621.5,13
9621.7,4
9622.7,23
9623.5,21
9623.7,11
9623.8,9
9623.8,24
9624.6,0
9625.1,1
9626.0,31
9627.9,30
9628.0,2
9628.1,3
9628.8,33
9629.3,29
9629.5,12
9629.7,13
9629.9,27
9630.2,36
9630.6,8
9630.7,38
9631.2,19
9631.7,7
9631.7,26
9633.3,39
9633.8,21
9633.8,32
9634.9,34
9636.4,30
9636.9,1
9636.9,11
9637.1,15
9637.2,9
9637.2,29
9638.5,33
9639.1,14
9639.1,23
9639.2,0
9639.2,27
9640.0,4
9640.1,8
9640.1,19
9640.9,35
9641.8,31
9642.0,12
9642.8,7
9643.0,22
9645.3,38
9645.6,21
9646.1,15
9646.2,36
9646.6,30
9647.7,23
9648.4,32
9649.7,3
9650.1,1
9650.4,4
9650.5,26
9650.5,33
9650.9,11
9651.2,27
9652.0,12
9654.7,29
9655.2,8
9655.8,13
9656.1,9
9656.3,19
9656.7,7
9657.8,10
9657.8,36
9658.9,23
9659.1,27
9659.3,31
9659.5,32
9659.7,38
9660.1,34
9660.3,0
9660.5,11
9660.8,21
9661.1,15
9661.6,24
9661.6,30
9663.0,39
9663.6,12
9664.2,3
9664.6,33
9664.9,4
9666.0,2
9667.6,14
9667.6,29
9668.1,8
9668.3,27
9668.3,32
9669.1,1
9669.2,19
9669.6,7
9670.8,11
9673.4,23
9673.5,38
9674.2,31
9677.2,12
9677.5,26
9678.8,13
9678.8,39
9678.9,21
9679.4,17
9679.4,30
9679.5,27
9679.6,4
9679.6,6
9679.7,19
9679.9,8
9680.0,36
9680.7,23
9681.1,33
9681.3,29
9682.2,10
9682.6,7
9683.7,31
9684.3,1
9685.0,37
9685.9,11
9686.0,35
9687.8,3
9688.4,27
9688.5,9
9689.0,0
9689.2,39
9689.4,34
9690.7,23
9690.8,32
9690.9,22
9691.0,38
9691.1,29
9691.2,14
9691.9,15
9691.9,30
9692.4,1
9692.5,21
9692.6,12
9693.6,4
9696.2,8
9696.7,19
9698.0,16
9699.1,33
9699.4,7
9699.6,13
9699.7,23
9699.7,36
9700.4,27
9700.7,11
9700.8,31
9701.8,12
9703.1,3
9703.6,15
9703.9,32
9705.0,17
9705.9,1
9706.6,29
9706.6,38
9707.0,39
9708.7,34
9709.0,24
9709.9,4
9709.9,30
9710.1,26
9710.9,37
9711.4,0
9711.8,21
9712.0,11
9712.3,19
9712.5,12
9712.6,2
9712.6,7
9712.6,22
9713.3,23
9713.6,27
9714.2,3
9716.4,32
9716.6,9
9717.0,15
9717.0,29
9717.7,33
9718.1,10
9718.1,31
9718.1,38
9718.3,8
9718.6,30
9719.1,1
9719.1,19
9719.3,35
9720.2,27
9723.1,28
9724.3,12
9725.2,13
9725.2,14
9725.6,11
9726.2,39
9726.5,23
9726.9,4
9727.8,7
9728.0,6
9728.0,34
9729.1,21
9729.3,1
9729.3,3
9729.7,0
9730.1,19
9731.8,33
9731.9,27
9732.8,38
9733.4,12
9733.9,9
9734.0,32
9734.8,2
9735.1,30
9735.1,39
9735.4,10
9735.5,36
9735.5,4
9736.9,29
9737.2,23
9737.5,15
9738.6,21
9739.0,24
9739.1,8
9739.6,13
9740.5,27
9741.2,31
9743.7,12
9744.1,1
9744.2,3
9745.0,30
9745.1,0
9745.5,26
9745.5,33
9746.2,19
9746.8,7
9746.8,11
9748.1,23
9748.3,32
9749.5,39
9749.8,29
9750.1,38
9751.3,14
9751.8,27
9751.9,9
9752.0,34
9752.1,8
9752.2,22
9753.0,30
9753.1,21
9753.5,4
9754.4,13
9755.1,1
9756.4,31
9756.8,12
9757.2,33
9758.2,11
9758.8,23
9758.9,15
9758.9,19
9759.2,7
9759.5,3
9760.1,17
9760.3,0
9760.8,27
9762.6,4
9764.9,32
9765.2,2
9766.1,12
9766.2,37
9766.7,9
9766.7,34
9766.8,8
9766.9,39
9767.2,29
9769.8,21
9770.1,19
9770.4,38
9770.5,1
9770.5,16
9770.6,14
9770.6,30
9771.2,26
9771.8,33
9772.1,31
9772.4,23
9772.5,11
9773.3,0
9773.7,13
9774.6,35
9774.7,10
9774.9,27
9775.4,7
9778.7,32
9779.8,12
9780.4,29
9781.6,36
9781.8,9
9781.9,8
9782.2,30
9782.4,19
9782.5,24
9782.5,39
9782.8,1
9782.8,21
9783.0,23
9783.3,4
9783.3,15
9783.4,11
9784.1,33
9784.3,0
9784.3,3
9784.3,34
9784.8,31
9784.9,20
9787.6,27
9788.3,22
9789.4,38
9790.1,12
9791.1,13
9791.4,7
9792.6,21
9792.6,8
9792.6,29
9793.2,2
9793.5,1
9794.3,0
9795.0,15
9795.5,14
9795.5,33
9795.6,23
9795.6,4
9796.9,30
9796.9,32
9797.2,39
9797.5,10
9797.8,11
9798.0,9
9798.0,27
9798.6,37
9798.7,26
9799.2,36
9800.1,31
9800.2,29
9800.9,6
9803.6,19
9804.5,28
9804.7,15
9804.9,34
9805.1,23
9805.6,3
9806.5,12
9807.2,1
9807.4,4
9807.8,8
9808.2,7
9808.3,33
9808.7,32
9809.8,21
9809.9,29
9810.2,27
9811.6,11
9812.5,35
9812.9,25
9813.1,23
9813.2,9
9813.3,39
9814.0,30
9814.3,13
9816.0,38
9816.4,12
9816.5,0
9816.8,17
9817.0,32
9817.2,1
9817.4,14
9817.6,8
9817.6,19
9817.9,22
9818.2,26
9818.4,36
9818.9,33
9819.0,21
9819.3,4
9820.4,3
9822.4,7
9823.3,29
9823.8,31
9824.6,13
9824.9,12
9825.1,10
9825.2,11
9825.7,27
9826.3,34
9826.5,23
9826.6,16
9827.4,2
9827.9,30
9829.6,1
9830.6,0
9830.6,4
9830.9,39
9831.3,38
9832.8,19
9834.8,3
9835.4,12
9835.7,21
9836.1,26
9837.1,29
9837.1,33
9837.2,7
9837.5,27
9837.9,15
9838.0,8
9838.0,30
9838.0,32
9838.4,14
9839.0,23
9839.0,31
9840.2,11
9840.6,22
9840.8,1
9842.0,2
9843.0,38
9844.3,9
9844.6,19
9844.8,33
9845.0,4
9845.7,35
9845.7,36
9845.9,0
9848.6,13
9848.7,12
9849.0,1
9849.1,21
9849.4,8
9849.6,39
9849.9,14
9850.5,11
9850.7,7
9850.9,3
9850.9,29
9851.0,23
9851.2,27
9852.1,30
9853.4,37
9856.4,34
9856.8,15
9857.3,32
9857.5,12
9857.5,31
9857.8,33
9858.3,8
9858.3,10
9859.5,19
9859.6,27
9860.1,2
9860.3,21
9861.0,4
9862.8,38
9863.4,23
9863.4,29
9863.5,11
9863.9,30
9864.5,9
9864.5,22
9864.6,0
9865.2,39
9865.3,1
9865.4,36
9866.6,26
9867.1,7
9868.1,31
9869.0,13
9869.2,32
9870.1,21
9870.5,12
9871.5,4
9872.2,3
9872.2,19
9872.3,27
9873.2,33
9873.9,23
9874.2,25
9874.6,30
9875.1,34
9875.2,1
9876.0,8
9877.6,0
9878.2,13
9878.3,29
9878.9,7
9879.0,14
9879.2,9
9879.2,11
9879.5,12
9880.1,31
9880.7,22
9880.8,27
9880.9,15
9880.9,39
9881.3,21
9884.2,37
9885.3,4
9885.4,36
9886.1,38
9886.5,19
9886.8,8
9886.8,32
9887.1,2
9887.1,33
9887.6,12
9887.7,29
9888.5,1
9889.5,3
9890.2,23
9890.9,0
9891.0,26
9891.0,30
9891.2,11
9891.8,27
9894.4,39
9895.4,7
9895.5,14
9896.1,21
9896.1,31
9896.7,36
9896.7,38
9896.8,13
9898.6,34
9899.3,23
9899.4,1
9899.4,11
9900.5,19
9900.9,9
9901.1,8
9901.2,24
9902.3,0
9902.3,15
9904.2,27
9905.1,3
9905.4,28
9905.5,32
9905.7,4
9906.3,12
9906.6,37
9907.7,23
9909.0,7
9909.0,21
9909.3,22
9909.5,39
9909.6,29
9909.7,10
9909.7,14
9909.8,33
9911.1,30
9912.3,32
9913.5,27
9913.8,38
9914.3,8
9915.5,11
9916.0,31
9916.1,36
9916.4,19
9917.1,0
9917.6,35
9918.9,12
9919.8,9
9919.8,23
9919.8,30
9920.0,1
9920.6,13
9921.7,4
9921.7,29
9922.1,15
9922.1,21
9922.3,26
9922.8,27
9924.8,31
9924.9,7
9925.1,8
9925.3,32
9925.3,33
9925.3,39
9925.7,10
9927.4,16
9927.8,34
9928.9,1
9929.0,11
9929.4,36
9929.9,3
9930.4,0
9930.4,38
9931.3,13
9931.9,2
9932.1,30
9932.2,23
9932.8,12
9933.7,27
9937.9,21
9938.1,19
9938.1,39
9938.5,8
9938.5,25
9938.6,1
9938.6,7
9938.6,29
9938.9,4
9939.0,32
9939.3,15
9939.7,22
9940.1,31
9941.4,23
9942.2,33
9944.1,12
9945.0,11
9945.7,3
9945.7,9
9946.2,27
9946.4,14
9946.9,29
9947.4,0
9947.6,35
9948.2,13
9948.3,7
9948.4,1
9948.5,30
9950.8,4
9951.0,2
9953.0,37
9953.4,34
9953.6,38
9954.1,23
9954.2,15
9954.3,33
9955.0,31
9955.3,19
9955.5,21
9955.5,39
9956.6,27
9957.1,12
9957.3,11
9957.4,32
9958.9,10
9959.9,8
9960.2,23
9960.4,0
9961.3,7
9962.1,4
9962.2,36
9962.6,38
9963.4,29
9963.6,13
9963.6,30
9963.9,6
9964.4,1
9965.8,26
9966.2,31
9966.4,12
9967.7,27
9967.8,21
9968.8,39
9970.7,9
9970.8,22
9971.3,19
9971.5,3
9971.6,11
9972.0,14
9972.4,33
9973.7,2
9974.5,25
9975.4,35
9976.0,7
9976.0,12
9976.3,30
9976.7,32
9977.1,8
9977.8,34
9977.9,4
9978.7,23
9978.8,1
9978.8,27
9979.9,10
9982.2,29
9983.1,39
9983.4,0
9983.7,15
9984.4,11
9984.8,36
9985.1,26
9985.3,4
9985.5,33
9985.8,21
9986.5,31
9987.2,27
9987.3,19
9987.4,12
9988.2,3
9989.0,34
9989.5,24
9989.9,38
9990.3,22
9990.4,23
9990.5,37
9991.5,7
9991.6,1
9991.9,9
9992.7,30
9993.1,20
9993.1,29
9994.2,14
9994.5,32
9995.1,8
9995.3,33
9996.2,12
9997.6,0
9998.5,11
9998.5,27
9998.8,1
9999.1,3
9999.2,21
9999.5,19
9999.9,36
