11.4,22
12.3,6
12.5,4
12.5,7
12.6,13
12.6,31
13.0,0
13.0,17
13.0,32
13.1,8
13.1,36
13.2,39
13.5,38
13.9,11
13.9,26
14.0,5
14.1,27
14.2,24
14.3,34
14.4,23
15.0,9
17.1,35
17.4,20
17.7,16
17.9,1
18.5,10
18.7,12
19.4,30
19.6,15
20.2,37
20.6,18
20.8,25
20.9,14
20.9,28
21.1,13
21.5,19
23.2,34
23.5,31
24.0,22
24.2,36
24.4,38
24.5,6
25.2,23
25.5,35
25.7,11
26.3,29
26.3,32
26.7,2
26.8,0
27.9,21
28.0,8
28.2,24
29.2,12
31.2,3
31.2,39
31.3,1
31.6,10
31.8,5
32.5,26
32.6,13
32.8,17
33.6,37
33.7,16
34.0,9
34.0,34
34.2,35
34.3,22
34.8,25
35.2,30
36.8,14
37.7,36
38.4,6
38.8,23
39.1,20
39.3,11
39.4,24
39.8,8
40.0,1
40.6,28
40.8,32
41.5,19
42.1,0
42.7,7
43.4,31
44.0,29
44.4,12
44.5,13
44.8,22
45.1,6
45.1,10
45.1,30
45.1,35
45.3,36
45.4,2
45.4,15
45.4,16
45.4,38
45.6,18
45.9,37
46.4,34
46.6,26
48.8,17
50.5,11
50.6,20
51.0,21
51.7,24
51.8,33
52.1,9
52.7,23
53.8,13
53.8,28
54.8,5
55.5,14
56.2,39
56.4,36
56.6,7
56.9,0
57.5,16
57.5,38
57.6,25
58.0,35
58.1,19
58.3,31
58.5,12
59.0,13
59.5,6
60.4,2
61.0,37
61.2,22
61.4,20
61.9,26
62.9,8
64.3,1
64.6,4
64.7,10
65.1,23
65.5,17
65.6,30
66.3,34
66.6,11
66.6,24
68.1,29
69.4,16
69.5,13
69.6,38
69.6,36
69.9,35
70.1,25
71.1,12
71.9,9
72.4,7
72.5,28
73.0,5
73.0,6
73.2,31
74.0,0
75.8,15
76.8,14
77.4,11
77.4,39
77.8,19
78.2,20
78.3,32
78.4,36
78.8,13
78.8,8
79.0,22
79.6,34
79.7,18
79.7,24
80.1,23
80.4,26
80.8,35
81.7,1
82.5,6
82.7,16
84.2,25
84.3,29
84.9,13
85.7,38
85.8,30
86.0,12
86.2,37
86.6,0
86.9,2
88.0,31
88.9,17
88.9,21
89.7,22
91.5,11
91.5,24
91.9,10
92.2,9
93.2,28
94.9,19
95.1,14
95.1,23
95.1,34
95.5,35
95.8,1
95.8,13
96.1,16
96.2,8
96.2,15
96.2,39
96.3,26
96.3,36
96.8,7
96.9,38
97.1,5
97.6,12
97.7,25
97.8,32
97.9,6
98.0,29
98.5,4
101.5,31
103.1,22
103.4,20
103.5,0
104.4,9
104.7,34
104.9,24
105.2,35
105.3,13
106.2,18
106.8,17
107.1,11
107.3,16
107.7,10
107.9,12
108.2,37
109.5,21
109.5,28
110.7,31
112.1,6
112.3,23
112.4,25
112.5,14
113.3,36
113.6,1
113.6,30
114.0,8
114.1,34
114.3,29
114.3,38
114.7,13
114.9,15
115.7,11
115.8,9
117.4,16
117.5,12
118.7,22
118.8,26
118.9,28
119.0,24
119.3,2
119.3,20
119.4,35
119.7,0
121.8,1
121.8,19
122.3,36
122.3,37
122.5,5
123.4,13
123.6,31
123.8,32
123.8,39
124.7,6
125.1,7
125.4,11
126.0,10
127.8,12
128.6,24
128.8,16
129.0,28
129.2,25
129.5,38
130.1,35
130.2,22
130.4,20
130.6,30
131.3,17
131.7,21
131.9,36
132.8,14
133.0,13
133.3,18
134.0,26
134.1,34
134.4,6
135.1,0
135.2,37
137.1,19
137.3,23
137.5,8
138.0,31
138.5,11
138.9,10
139.0,9
140.5,15
140.9,28
141.9,24
142.0,36
142.5,12
142.5,16
142.6,38
143.0,1
144.0,17
144.7,29
145.3,4
145.3,25
145.6,27
145.9,35
146.0,22
146.2,34
147.2,13
148.0,30
148.8,26
149.4,7
149.9,2
150.4,6
150.4,11
150.4,14
150.9,28
151.1,20
151.4,10
151.4,12
151.4,23
151.8,19
153.3,16
153.6,3
154.8,36
155.2,1
155.5,38
156.1,21
156.5,39
156.6,0
156.7,13
156.8,31
156.9,25
157.0,8
157.0,32
157.6,24
158.1,22
159.9,35
160.4,34
162.3,17
162.7,30
163.4,15
163.5,2
163.5,37
164.1,29
164.5,36
164.5,9
165.0,11
165.1,6
166.1,24
166.3,14
166.7,13
166.7,28
168.3,26
168.5,23
169.1,0
169.1,16
169.2,10
169.7,22
169.8,5
170.3,25
170.5,8
170.9,7
171.0,35
171.2,12
171.2,38
172.3,36
172.5,19
172.8,4
173.3,31
173.5,20
173.5,34
174.5,30
175.2,13
176.0,1
178.8,32
178.9,17
178.9,27
179.0,9
179.1,11
179.2,0
179.2,28
179.7,14
180.3,2
181.3,39
181.7,6
181.7,15
182.1,10
182.9,12
183.2,16
183.8,24
183.9,1
184.1,36
184.6,22
185.0,8
185.3,3
185.3,18
185.4,13
185.4,35
185.5,31
189.1,7
189.9,23
190.9,9
191.0,34
191.1,29
191.2,38
191.4,26
191.5,20
191.5,35
191.6,11
191.8,37
192.5,25
193.8,13
194.2,5
194.5,21
195.0,22
195.2,12
195.7,6
195.8,0
195.8,16
195.8,19
196.0,36
197.6,8
197.6,39
199.1,24
199.5,23
199.8,30
199.9,31
200.3,14
200.3,28
202.3,20
203.1,1
203.2,2
203.3,25
203.5,17
203.6,34
203.8,10
204.6,15
204.8,4
205.1,36
205.3,13
205.7,35
205.8,6
206.2,9
207.6,16
207.8,12
209.4,22
210.3,0
210.4,11
210.6,8
210.6,18
211.0,36
211.2,37
211.9,26
212.0,2
212.6,21
213.0,24
213.0,38
213.3,35
213.8,13
213.8,23
214.5,5
214.8,32
215.2,14
216.6,7
216.6,30
217.0,9
217.1,31
217.4,4
217.5,28
217.6,34
217.7,12
217.8,19
218.8,6
219.7,25
221.0,39
221.3,29
221.4,16
222.0,11
222.2,1
222.3,36
224.7,31
225.1,22
225.4,38
225.8,10
226.5,13
226.7,20
226.9,17
228.1,35
229.1,3
229.3,23
229.7,6
230.0,26
230.1,15
230.7,24
231.4,28
231.7,34
232.1,30
233.7,1
233.9,12
233.9,25
234.3,39
234.4,38
235.2,8
235.4,19
236.3,2
236.8,35
236.8,36
237.6,13
238.0,14
238.4,31
238.6,23
238.9,20
238.9,27
239.1,0
239.4,16
239.5,11
239.6,6
239.9,22
240.2,5
240.4,25
240.8,24
241.0,9
241.4,17
241.6,28
242.9,37
243.6,21
244.0,34
244.6,10
245.0,1
246.1,35
246.3,38
246.8,26
248.2,18
248.3,13
249.2,12
249.2,36
249.2,39
249.4,4
250.2,19
250.4,7
250.4,14
250.9,5
250.9,29
251.1,16
251.9,28
252.1,15
252.3,11
252.7,22
252.8,6
253.0,31
253.0,24
255.2,0
255.9,23
256.2,20
256.5,35
258.2,30
258.3,37
258.5,34
259.1,10
259.4,2
259.5,8
259.5,13
259.7,32
259.8,19
259.8,36
259.9,25
260.1,17
260.2,1
260.5,39
260.9,24
261.0,38
261.4,16
263.6,12
265.0,21
265.6,14
265.6,28
265.8,7
265.8,29
266.5,3
266.8,36
267.0,22
267.6,6
267.6,35
268.2,31
269.3,11
271.5,24
272.2,0
272.9,13
273.2,20
274.1,34
274.2,4
274.3,39
274.4,19
274.4,38
274.5,17
274.5,23
274.7,12
274.9,1
274.9,16
275.8,30
276.2,5
276.3,26
276.6,10
276.6,35
277.2,36
277.6,25
277.7,9
278.3,28
279.6,14
281.2,15
281.6,22
281.7,2
282.0,24
282.1,8
282.9,11
283.0,17
283.0,29
283.1,20
283.6,7
283.8,31
284.2,18
284.4,21
284.4,33
284.5,6
284.8,32
284.8,36
285.0,0
285.0,38
285.2,13
285.9,1
286.2,28
287.5,34
288.2,37
288.4,10
288.8,12
290.4,16
290.7,9
291.3,35
291.6,25
292.3,26
292.5,23
292.8,38
294.3,11
294.8,39
295.0,30
295.3,31
295.7,13
297.0,36
297.1,17
297.6,19
297.8,6
298.5,22
298.5,34
298.7,8
298.7,20
299.6,14
299.7,37
299.8,10
300.3,24
300.9,0
301.4,1
301.9,7
302.1,12
302.9,4
302.9,16
303.3,2
303.3,11
303.5,15
303.6,38
304.0,28
304.6,34
304.7,35
304.9,36
306.4,22
306.8,29
307.6,5
308.1,13
308.1,25
308.1,32
308.5,23
308.8,19
309.3,3
310.1,30
310.3,31
310.4,9
310.9,24
311.0,17
311.2,39
312.0,12
312.6,20
313.0,6
313.3,36
313.4,26
314.0,15
314.5,16
314.7,21
316.4,11
316.6,28
316.8,13
317.0,1
317.0,18
317.0,22
317.2,0
317.6,35
318.8,14
320.8,12
321.1,38
321.7,8
322.3,33
322.7,2
325.1,34
325.1,10
325.1,23
325.9,14
326.2,26
326.3,17
326.3,24
326.8,19
327.1,36
327.3,6
327.7,25
327.7,31
328.5,35
328.5,39
329.1,5
329.3,20
329.6,13
329.6,37
329.8,16
330.3,1
330.3,28
330.9,7
331.5,29
332.4,12
333.1,22
333.6,11
335.2,15
335.2,30
337.4,31
337.6,8
337.6,23
338.3,34
339.2,35
339.2,9
339.7,19
340.1,24
340.4,0
340.6,38
341.2,10
342.1,25
342.8,13
343.0,1
343.0,36
343.7,32
344.0,28
344.2,2
344.3,12
344.3,21
344.5,20
344.7,16
344.9,17
345.1,4
345.4,22
347.4,6
347.7,0
348.3,14
348.7,31
348.9,26
349.5,3
349.6,29
349.9,11
350.7,23
350.8,30
351.1,7
351.2,24
351.3,34
351.9,13
352.0,37
352.4,10
353.0,36
353.1,39
353.3,8
353.3,25
353.8,35
355.5,21
355.7,1
356.0,12
356.3,20
356.4,19
356.7,16
357.1,14
357.1,31
357.3,22
358.0,38
358.8,32
359.4,4
359.8,6
359.8,34
361.0,17
361.3,28
362.7,13
362.9,30
364.1,15
365.0,2
365.1,10
365.1,24
365.3,38
366.1,23
366.6,11
367.0,35
367.6,36
367.9,26
367.9,9
368.5,1
368.8,0
368.8,5
369.6,31
369.8,14
370.7,12
371.1,13
371.2,19
371.4,34
371.7,29
372.5,16
373.0,7
373.1,21
373.5,39
373.6,25
375.5,22
376.4,20
376.4,28
376.6,23
376.6,24
377.1,8
377.8,36
378.0,6
378.0,13
378.0,31
378.4,27
378.5,17
379.1,35
379.5,30
379.5,14
379.9,38
380.3,11
380.4,15
380.6,4
382.2,0
382.9,10
383.7,2
384.8,16
384.9,28
384.9,37
385.2,1
385.6,25
386.0,34
386.7,39
388.0,17
388.1,36
388.9,22
389.0,32
389.4,7
389.4,23
389.4,24
389.5,21
389.5,38
389.6,5
389.9,35
390.0,26
390.0,12
390.4,13
390.5,31
390.7,9
390.9,18
391.0,6
391.0,8
392.0,3
392.1,19
393.2,16
395.2,14
396.7,10
396.7,28
396.8,30
397.1,20
397.2,23
398.1,25
398.6,22
400.1,0
400.9,15
400.9,13
401.5,17
401.6,4
401.6,11
401.8,24
402.0,32
402.2,34
402.4,1
402.4,26
402.5,36
402.9,35
403.2,29
403.2,12
405.0,16
405.1,31
405.5,6
405.9,9
405.9,19
406.5,21
408.3,13
408.6,20
410.0,36
410.9,22
411.2,8
411.5,2
411.5,14
411.5,25
411.9,38
412.1,11
412.5,0
413.3,37
413.6,34
413.9,39
414.2,28
415.2,6
415.2,23
415.5,12
415.8,10
415.9,35
416.1,30
417.3,16
417.7,32
418.1,17
418.4,31
419.0,19
419.2,7
419.4,18
419.7,29
420.7,22
421.3,36
421.8,15
421.8,24
421.9,13
422.6,9
423.1,11
423.1,20
424.2,1
424.2,25
425.9,0
425.9,12
426.4,26
427.2,21
427.6,38
428.5,35
428.6,34
429.1,16
429.4,5
429.6,37
429.9,30
430.1,19
430.7,36
430.8,23
431.1,13
431.1,31
431.6,14
432.3,24
432.9,2
433.0,28
433.9,6
434.0,39
434.3,8
434.9,11
435.1,10
435.4,0
436.2,22
436.8,36
437.2,9
437.7,25
437.7,34
438.6,17
438.8,16
439.0,27
439.1,30
439.7,26
442.8,38
442.9,35
443.3,37
444.0,12
444.1,1
445.0,7
445.5,24
445.8,10
445.8,13
446.5,32
447.3,15
447.3,20
447.3,31
447.8,3
448.0,29
448.1,16
448.2,0
448.4,28
448.6,6
449.2,19
449.6,22
449.9,36
450.0,23
450.2,9
450.3,12
450.4,35
450.8,8
451.3,21
451.4,34
451.5,14
451.8,11
455.3,30
455.9,25
457.2,28
457.8,1
458.1,4
459.3,39
459.6,29
459.8,17
460.0,38
460.3,23
460.4,24
460.4,26
460.7,36
460.8,34
460.9,2
460.9,6
461.1,16
461.2,35
461.9,13
462.0,10
462.2,5
462.2,31
463.3,37
463.4,21
463.9,12
464.2,0
464.9,7
466.5,11
467.4,19
467.8,9
471.6,1
471.7,25
472.1,12
472.5,13
472.6,14
472.9,6
472.9,22
473.2,28
473.6,34
474.0,23
474.1,20
474.2,8
475.1,0
475.1,16
475.6,36
475.9,15
475.9,38
476.0,11
476.0,18
476.0,30
476.1,26
477.2,32
477.6,17
478.1,35
478.8,24
479.7,25
480.0,39
480.9,19
481.1,37
482.1,13
483.3,10
484.6,9
485.0,21
485.9,12
487.1,34
487.6,11
487.7,6
488.6,1
488.8,17
488.9,14
489.0,31
489.6,28
490.0,22
490.7,36
490.9,5
491.0,20
491.3,0
491.3,39
491.4,8
491.4,15
492.0,3
492.4,32
492.6,16
492.7,13
493.3,26
493.6,35
494.0,7
495.5,33
495.5,38
495.7,29
497.0,11
497.7,24
498.0,19
498.7,30
498.9,23
499.7,21
500.5,12
500.9,22
501.4,25
502.4,6
502.6,20
503.1,31
503.6,9
503.9,13
503.9,39
504.2,4
504.4,14
504.5,36
504.7,32
504.8,28
505.0,10
505.6,1
505.8,17
506.0,34
506.5,37
507.2,11
507.8,29
508.7,16
509.6,2
510.4,38
510.5,15
512.5,26
513.2,0
513.5,24
513.8,35
513.9,18
514.1,7
514.6,22
515.4,12
515.7,13
515.7,36
516.0,6
516.5,8
517.9,31
517.9,39
518.0,28
518.1,34
518.6,10
518.6,21
518.7,11
518.8,1
518.8,25
519.4,19
519.7,20
519.8,23
520.2,16
523.5,17
523.5,30
524.4,0
524.5,14
525.0,36
525.2,9
525.3,26
525.6,15
525.7,32
525.7,35
526.3,12
527.2,22
528.2,38
529.2,13
529.2,24
529.3,34
530.3,28
531.3,2
531.3,29
531.4,19
531.6,6
533.6,31
533.7,25
533.9,18
534.0,37
534.7,11
534.7,14
534.8,20
534.8,23
535.3,10
535.7,39
536.8,5
538.3,0
538.4,36
539.1,16
539.4,17
539.7,35
540.2,7
541.2,1
541.2,30
541.3,21
541.3,33
541.4,13
541.4,15
541.6,32
541.7,12
542.1,8
542.6,24
542.7,28
542.9,4
542.9,19
543.0,38
544.2,20
545.2,22
545.5,34
545.9,26
546.1,9
546.9,31
547.3,23
548.3,29
548.4,37
548.7,35
550.0,15
550.2,6
550.3,11
550.3,1
550.3,36
550.9,24
551.8,12
552.2,17
552.3,13
552.4,16
552.5,25
552.8,28
553.1,20
553.2,2
553.4,14
553.4,39
553.5,10
553.5,19
555.3,38
555.9,22
556.7,0
557.5,23
558.6,34
558.8,18
558.9,31
559.6,5
559.6,9
560.3,30
560.4,32
561.2,25
561.4,35
562.0,28
562.8,13
563.4,16
563.8,11
564.2,36
564.3,6
564.3,37
565.2,21
565.4,7
565.4,10
565.5,24
565.6,12
565.7,38
568.2,1
568.4,3
568.6,26
568.6,17
569.1,8
569.4,19
569.5,39
570.2,22
570.3,29
571.6,2
572.4,23
573.0,31
573.9,36
574.4,4
574.4,9
574.4,35
574.5,34
575.4,13
575.5,15
576.4,11
576.8,20
576.9,14
577.3,0
577.6,25
577.9,7
578.3,32
578.5,18
579.6,28
579.7,37
580.4,16
581.7,10
581.7,24
581.7,35
581.9,23
582.3,38
582.6,12
583.2,30
583.6,5
583.8,13
584.6,21
584.8,26
584.9,6
585.2,22
585.4,17
585.7,20
585.9,39
586.2,31
586.7,1
586.7,25
586.8,34
587.4,19
589.0,36
589.2,8
589.5,7
589.6,0
590.7,9
590.7,11
590.9,35
591.4,29
592.4,12
593.2,13
593.9,24
594.4,28
594.8,10
594.8,16
595.4,2
596.5,23
596.6,14
597.2,30
597.4,31
598.7,15
598.9,36
600.2,11
600.2,21
600.9,34
600.9,35
601.3,20
602.6,28
602.9,13
603.4,26
604.2,1
604.2,12
604.3,17
604.3,19
604.4,22
604.4,37
605.5,38
605.9,6
607.1,0
607.2,25
607.6,39
608.4,8
608.4,29
608.5,2
608.5,10
608.6,23
609.0,36
609.0,9
609.3,32
609.9,7
609.9,24
610.2,34
610.3,31
611.2,13
612.3,5
612.4,30
612.6,16
613.8,28
615.6,35
616.0,11
616.4,14
616.8,12
616.8,37
616.9,26
617.4,4
617.5,29
617.9,38
618.0,36
618.1,20
618.6,15
619.5,23
619.7,30
620.2,10
620.2,22
620.2,34
621.8,16
622.6,13
623.6,24
624.2,25
624.5,19
624.8,0
625.0,18
625.3,8
625.4,11
625.5,38
625.7,21
626.0,6
626.3,17
626.7,1
628.2,35
629.3,12
629.4,2
630.9,9
631.1,7
631.5,16
631.6,21
631.6,36
631.8,31
632.9,28
634.0,32
634.3,39
634.5,23
634.5,34
634.7,22
634.8,13
636.1,14
636.2,11
637.2,26
637.4,29
637.5,20
637.8,24
638.0,5
638.4,8
638.4,17
638.6,15
638.7,1
638.9,30
639.0,37
639.5,10
639.5,12
640.0,25
641.2,35
641.7,32
641.7,38
641.8,18
644.2,36
644.7,26
644.9,0
645.1,23
645.2,6
645.5,28
645.6,13
645.6,14
645.6,19
646.0,16
646.5,34
646.6,33
647.3,31
647.6,4
648.6,20
649.4,7
650.0,22
651.3,9
652.7,13
652.9,23
653.8,12
654.2,36
654.6,11
654.8,25
654.8,37
654.9,35
655.0,1
655.1,30
655.5,14
655.7,2
655.7,19
656.3,8
656.9,21
657.0,28
657.1,16
657.7,24
657.8,10
658.1,15
658.2,6
660.4,29
660.6,17
660.7,39
661.4,26
661.9,38
662.6,34
663.4,25
663.5,0
663.8,23
664.1,36
665.3,32
665.4,5
665.6,13
665.8,30
666.5,22
666.5,35
666.9,2
666.9,4
667.1,31
667.9,12
670.6,6
670.8,24
671.1,11
671.5,9
671.5,34
671.6,7
671.8,16
672.0,25
672.4,20
672.6,14
672.7,29
673.0,37
673.9,1
673.9,13
675.5,28
676.3,10
676.3,23
677.0,36
677.7,11
678.1,15
678.3,12
678.3,22
678.5,38
679.0,8
679.5,19
680.0,5
680.6,30
680.7,17
680.7,29
681.1,35
681.4,0
681.4,32
681.4,34
682.3,25
682.4,3
682.4,18
682.9,39
683.3,10
683.5,16
683.8,31
684.2,13
684.6,26
685.3,36
685.8,6
687.0,14
688.4,24
689.1,21
689.6,4
689.7,12
690.1,11
690.6,15
692.5,35
692.6,20
693.1,34
693.9,28
694.1,19
694.3,23
694.8,2
694.8,13
694.9,9
695.1,1
695.2,38
695.7,36
695.9,0
696.3,37
696.6,22
697.4,26
697.9,7
697.9,25
698.2,8
698.2,30
699.1,31
699.4,6
699.9,16
700.6,17
701.8,11
702.6,29
702.7,39
703.0,24
703.1,35
704.1,10
704.5,34
705.0,5
705.0,28
705.5,23
705.6,36
706.7,21
707.3,19
707.5,12
707.7,1
708.1,25
709.1,14
709.2,22
709.5,16
710.2,13
710.2,24
711.2,35
713.0,7
713.1,9
713.2,32
714.5,30
714.7,20
714.7,34
715.2,29
715.5,26
715.7,28
716.2,11
717.2,23
718.0,8
718.8,31
718.9,0
719.0,4
719.5,15
719.6,17
719.7,13
720.1,24
720.4,1
720.5,2
720.8,6
720.8,3
721.0,36
721.1,38
721.3,19
721.8,10
722.5,39
723.4,18
723.5,12
723.6,35
724.8,22
725.4,7
726.3,16
726.7,37
726.9,5
726.9,21
726.9,25
727.2,28
727.8,23
727.9,20
728.8,14
729.1,36
729.6,26
729.8,13
730.4,11
731.4,31
731.9,34
732.5,0
733.2,24
733.8,17
734.3,30
735.3,38
735.5,22
735.8,15
737.6,19
738.9,9
740.1,12
740.3,35
740.5,13
741.2,8
741.3,10
741.5,1
741.6,21
741.7,20
741.8,2
741.8,14
741.8,29
742.0,6
742.2,37
742.3,16
742.4,4
742.6,36
742.7,11
742.9,17
742.9,25
743.0,38
743.8,23
744.7,28
745.0,26
745.8,39
746.2,5
746.8,0
748.8,31
749.5,22
750.0,32
750.3,35
750.4,34
750.7,30
752.2,3
752.3,29
752.8,23
753.2,1
753.3,16
753.3,20
753.3,24
754.0,10
754.1,19
754.2,11
754.4,7
754.6,38
755.0,14
755.0,36
755.3,18
755.4,6
756.1,8
756.1,12
757.5,9
758.0,13
758.8,17
759.0,2
759.1,0
760.1,34
760.2,28
761.1,25
761.2,21
761.3,22
761.3,26
761.4,31
762.7,16
764.1,39
765.4,15
766.3,30
767.2,4
767.3,6
767.6,12
768.1,24
768.2,35
768.3,20
768.7,38
769.1,10
769.7,37
769.8,36
769.9,23
770.2,13
770.2,14
770.7,1
770.9,11
771.5,19
772.5,8
773.0,16
773.6,26
773.7,29
773.9,22
775.1,0
775.2,25
775.4,31
775.5,34
776.4,7
777.2,9
778.2,24
778.2,28
778.6,13
779.0,2
780.3,14
780.3,17
781.2,39
781.8,36
782.5,16
782.8,19
783.1,10
783.3,12
783.5,38
785.1,6
785.6,35
786.4,34
786.9,21
786.9,30
787.2,22
787.6,23
787.7,13
787.7,20
787.9,1
788.0,24
788.6,32
789.5,15
790.3,36
790.4,11
790.8,26
791.3,18
791.3,31
791.5,5
792.2,8
792.8,25
792.8,29
793.0,0
793.1,6
793.4,14
794.1,28
794.2,39
794.4,9
794.7,35
795.5,17
795.8,19
796.8,37
797.1,38
797.3,34
797.6,12
798.4,7
798.6,13
801.0,36
801.2,20
801.3,4
801.9,23
803.2,16
803.6,1
804.4,10
804.6,21
804.7,24
805.0,25
805.1,30
805.6,28
806.2,35
806.5,0
806.9,8
808.3,22
808.7,2
808.8,31
809.3,14
809.6,34
810.0,32
810.3,13
810.3,39
810.7,23
811.5,6
811.5,11
812.0,9
812.3,15
813.4,3
814.1,36
814.7,26
814.8,12
815.6,24
815.7,16
815.9,35
816.0,19
816.2,5
816.4,29
816.9,1
817.3,28
817.5,17
818.5,20
819.5,31
819.6,13
820.7,7
821.0,4
821.3,38
821.7,30
822.0,34
822.5,22
822.7,10
822.9,39
823.3,6
823.5,11
823.7,12
824.4,14
824.9,36
824.9,37
825.2,8
825.4,19
826.2,1
826.8,25
827.4,24
827.5,20
827.8,23
828.2,16
829.6,31
830.1,13
830.5,0
831.3,17
831.3,21
831.4,34
831.9,35
832.0,29
832.2,15
832.6,2
833.3,18
833.4,36
833.6,22
834.9,32
836.7,11
837.5,30
837.6,14
837.6,28
837.6,38
837.8,9
838.0,24
838.5,13
838.8,12
838.8,25
838.8,31
838.8,39
838.9,1
839.0,26
840.3,22
840.4,36
841.0,19
841.4,6
841.6,0
841.7,10
841.7,20
842.7,34
845.2,5
845.3,2
845.4,16
845.5,13
845.5,29
845.6,8
845.6,28
845.7,15
846.4,23
846.4,32
847.3,35
847.8,24
848.6,12
849.1,6
849.5,25
849.6,7
849.9,31
851.1,38
851.5,0
852.2,10
852.6,4
853.2,26
853.8,13
855.1,11
855.4,17
855.4,20
855.4,28
855.4,36
856.2,34
856.5,14
856.6,3
857.5,16
857.8,1
857.8,39
858.3,22
859.6,21
859.6,23
859.9,30
859.9,31
860.3,15
860.4,19
860.4,35
860.7,37
861.2,2
861.3,7
861.8,9
861.9,12
861.9,24
862.9,26
865.2,6
865.5,8
866.2,11
866.2,36
866.9,10
867.1,20
867.3,13
867.8,29
869.3,34
869.5,12
869.6,16
870.0,28
870.9,35
872.1,32
873.2,14
873.4,5
873.4,25
874.4,17
874.5,18
874.9,0
875.1,24
875.4,22
875.4,36
875.7,23
876.0,19
876.8,1
877.1,38
878.1,13
879.8,35
880.4,7
880.5,15
880.7,20
880.7,31
880.7,37
881.1,28
881.2,16
881.3,39
881.4,12
881.4,32
881.8,8
881.8,25
882.1,26
882.2,9
882.3,11
882.5,6
882.5,17
882.6,29
883.3,30
883.3,34
887.0,10
887.2,24
887.7,36
887.9,2
888.2,38
888.6,13
888.8,19
889.0,23
889.2,4
889.3,16
889.4,22
889.6,28
892.1,11
892.9,14
892.9,20
893.1,0
894.5,25
894.7,39
895.6,6
895.7,35
895.8,31
896.2,5
896.5,1
896.6,34
897.1,13
897.5,12
899.2,30
899.6,7
899.8,36
900.5,26
900.7,23
901.0,4
901.5,24
901.9,8
902.2,17
902.2,19
902.9,21
903.0,16
904.5,22
905.1,20
905.2,32
905.6,11
905.8,15
906.0,28
906.3,2
906.3,9
906.8,29
907.4,10
908.9,39
909.1,13
909.2,35
911.4,34
912.1,12
912.2,14
912.3,6
912.7,25
912.7,31
912.8,1
912.9,36
913.0,38
913.5,30
913.6,18
913.6,37
914.1,23
914.4,0
916.3,24
917.1,22
917.7,26
918.1,16
918.6,17
918.7,28
919.0,13
919.1,5
920.2,7
921.2,30
921.3,11
921.4,20
921.8,29
921.9,34
922.3,15
922.8,35
922.9,10
923.2,12
925.3,31
925.7,0
925.8,19
925.9,13
926.1,14
926.4,9
926.7,32
927.3,39
927.6,16
927.6,38
927.7,1
928.6,23
930.0,2
930.0,25
930.0,29
930.1,8
930.3,36
931.4,4
932.4,34
932.6,22
933.6,24
933.9,6
934.0,31
934.3,28
934.5,20
935.0,13
935.6,14
935.8,0
936.5,35
937.0,37
938.5,1
938.5,12
938.7,10
939.7,16
940.1,25
941.0,21
941.0,36
941.2,11
942.1,5
942.1,34
942.5,38
942.8,17
942.9,39
943.5,23
943.7,19
943.8,26
943.8,30
943.9,7
943.9,22
944.3,18
946.5,0
946.6,6
946.6,9
947.5,10
947.5,35
947.9,12
948.2,2
948.9,29
949.0,24
949.4,13
949.5,20
949.6,11
950.2,31
950.7,28
950.8,36
953.2,1
953.6,34
953.6,3
953.9,14
954.0,8
954.5,16
955.7,19
955.8,23
956.3,25
956.8,15
957.6,35
957.7,4
958.0,32
958.0,39
958.3,13
958.8,36
959.7,26
960.1,10
961.4,20
961.6,38
962.5,23
963.2,21
963.2,28
963.5,18
964.1,22
964.2,12
964.5,0
964.5,24
964.7,6
965.2,9
965.5,1
967.5,34
967.6,17
967.6,31
968.1,5
968.1,25
968.3,37
968.4,30
968.5,36
969.1,39
969.2,2
969.2,8
969.2,38
969.4,29
969.6,10
969.8,16
970.9,32
971.4,14
973.3,11
973.4,26
974.3,13
975.2,22
975.3,19
975.9,7
976.0,24
976.1,23
977.4,35
977.8,0
978.7,6
978.7,38
978.8,12
979.9,16
980.8,8
980.8,31
981.0,28
981.0,36
981.1,15
981.1,34
981.2,4
981.3,29
981.4,10
981.5,11
982.0,30
982.2,39
982.4,1
982.7,35
984.4,32
985.6,14
985.9,13
986.9,22
987.0,37
987.7,25
987.8,12
988.4,19
988.7,20
988.7,24
988.9,17
988.9,34
989.5,3
989.8,6
990.2,2
990.5,26
991.0,11
991.2,23
991.3,5
991.9,36
992.2,21
992.6,31
992.7,9
994.0,7
994.9,0
995.6,18
996.1,1
997.0,38
997.2,16
998.5,30
998.8,35
1000.0,13
1000.6,15
1000.7,22
1000.9,24
1001.2,12
1001.5,34
1001.6,8
1001.6,28
1001.9,10
1001.9,32
1002.6,14
1003.3,9
1003.7,31
1004.2,36
1004.4,11
1004.5,25
1006.0,29
1006.2,39
1006.4,19
1006.5,26
1006.5,0
1007.3,17
1007.9,23
1007.9,38
1008.0,6
1008.0,35
1008.3,33
1008.7,16
1009.1,20
1009.8,24
1010.3,28
1010.3,10
1011.0,4
1011.3,3
1011.7,30
1012.1,12
1014.3,34
1015.0,36
1015.2,22
1016.4,13
1016.4,14
1016.4,37
1016.7,1
1017.9,35
1019.9,21
1020.1,38
1020.4,19
1020.6,17
1021.3,31
1021.7,25
1021.8,6
1021.8,24
1021.9,23
1022.2,8
1022.2,29
1022.9,20
1023.3,12
1023.5,10
1023.7,5
1023.7,26
1023.9,11
1023.9,36
1024.4,9
1024.7,34
1025.1,16
1025.1,18
1025.3,0
1025.9,7
1027.0,13
1027.7,35
1028.0,1
1029.7,15
1029.8,38
1030.5,30
1030.9,22
1031.4,11
1032.3,28
1033.1,2
1033.3,24
1033.5,12
1033.5,39
1033.7,31
1034.7,34
1036.6,13
1036.6,16
1037.0,17
1037.1,6
1037.4,14
1037.7,23
1037.7,25
1037.9,35
1037.9,36
1038.2,19
1038.5,26
1039.2,29
1039.9,32
1040.1,1
1041.1,28
1041.5,10
1041.7,20
1041.9,0
1042.5,7
1042.9,37
1043.0,8
1043.5,38
1043.6,22
1043.9,12
1044.2,5
1045.0,15
1046.2,34
1046.4,16
1047.0,9
1047.6,30
1048.1,24
1048.3,17
1048.5,14
1049.0,36
1049.3,11
1049.5,13
1049.5,23
1049.9,21
1051.1,6
1052.1,19
1052.2,35
1052.6,25
1054.2,1
1054.2,39
1055.3,28
1055.6,29
1055.8,7
1056.1,12
1056.3,16
1056.4,22
1056.4,31
1056.5,10
1056.7,34
1056.8,2
1057.0,20
1057.0,32
1057.1,13
1057.1,37
1058.8,4
1059.4,36
1060.5,38
1060.8,0
1060.8,17
1060.8,35
1060.9,15
1061.0,14
1061.0,24
1061.2,26
1061.3,19
1061.6,21
1062.1,11
1062.3,6
1063.4,3
1063.6,22
1064.4,9
1066.2,34
1066.4,31
1067.0,23
1067.2,8
1067.5,16
1068.0,13
1068.9,12
1070.0,0
1070.5,28
1071.3,25
1071.7,32
1071.8,30
1072.5,29
1073.1,14
1073.1,36
1073.5,10
1073.5,20
1073.7,1
1073.8,35
1073.9,11
1074.3,15
1075.0,22
1075.1,38
1075.5,39
1076.6,2
1076.7,6
1076.8,18
1077.2,24
1077.6,26
1077.8,7
1077.8,23
1079.1,12
1079.3,34
1081.6,13
1082.1,21
1082.3,16
1082.4,31
1082.9,25
1083.0,9
1083.5,17
1084.2,14
1084.9,8
1085.0,37
1085.2,19
1085.5,0
1085.6,35
1086.0,10
1086.4,38
1087.2,36
1087.7,30
1088.5,11
1090.4,2
1090.5,23
1091.3,29
1091.5,28
1092.2,15
1092.3,24
1092.6,1
1092.8,39
1093.3,13
1093.3,31
1093.4,18
1093.5,7
1093.6,34
1093.8,12
1093.8,16
1093.9,20
1094.4,22
1096.6,30
1098.5,6
1098.8,36
1100.0,4
1100.0,32
1100.3,13
1100.3,25
1100.4,21
1100.7,5
1100.7,35
1101.4,19
1101.9,28
1102.0,17
1102.5,0
1103.8,24
1103.9,26
1105.2,11
1105.9,14
1106.2,31
1106.6,23
1106.8,34
1107.3,1
1107.3,22
1107.7,9
1107.8,16
1108.0,39
1108.2,12
1109.1,20
1109.4,0
1109.4,18
1109.4,37
1109.7,10
1110.5,13
1110.6,7
1111.0,15
1111.1,8
1113.6,38
1113.9,30
1113.9,36
1114.2,35
1114.4,2
1114.7,6
1114.8,29
1115.4,28
1116.7,19
1116.7,26
1117.3,24
1117.4,34
1118.3,25
1119.3,5
1119.9,13
1120.1,17
1120.9,31
1121.2,12
1121.5,14
1122.1,16
1122.4,1
1122.4,10
1122.6,20
1122.6,32
1123.0,22
1123.4,21
1123.9,8
1126.1,4
1126.8,0
1126.9,39
1128.0,35
1129.4,36
1129.7,23
1130.4,30
1130.5,24
1130.9,11
1131.0,19
1131.2,6
1131.5,34
1131.8,38
1132.0,13
1132.0,14
1132.4,25
1132.4,37
1132.6,16
1133.0,12
1133.2,28
1133.3,9
1133.3,22
1133.3,29
1133.3,31
1134.0,7
1134.1,17
1134.7,26
1135.6,10
1137.6,32
1137.7,15
1137.8,1
1138.2,35
1138.3,2
1140.2,5
1140.5,36
1141.6,18
1142.5,13
1142.7,6
1142.9,11
1143.2,24
1143.7,25
1143.9,8
1144.1,14
1144.3,20
1144.4,23
1144.5,16
1144.7,17
1144.8,0
1144.8,3
1146.7,31
1146.9,22
1147.5,19
1148.0,10
1148.1,28
1148.3,21
1149.0,38
1149.4,33
1149.7,12
1149.9,11
1149.9,35
1150.1,36
1150.6,30
1150.7,1
1150.7,34
1150.8,29
1151.3,26
1153.1,13
1153.2,39
1153.6,23
1153.9,37
1154.3,7
1154.3,24
1158.1,11
1158.1,19
1158.2,17
1158.8,25
1159.2,6
1159.7,9
1160.1,34
1160.2,36
1160.3,0
1160.7,22
1161.1,20
1161.2,32
1161.9,15
1163.4,16
1163.7,4
1163.7,8
1164.2,31
1165.0,14
1165.3,24
1165.3,30
1165.9,38
1166.6,28
1166.8,10
1166.8,12
1166.9,1
1167.2,7
1168.0,13
1168.4,21
1169.0,34
1170.6,15
1170.6,25
1171.2,11
1171.2,35
1171.6,29
1172.0,36
1172.2,26
1172.3,2
1173.1,22
1173.4,5
1174.4,6
1174.6,17
1174.7,0
1175.1,13
1175.2,23
1175.6,20
1175.7,30
1176.1,16
1177.1,24
1177.4,19
1177.9,9
1179.8,39
1180.0,12
1180.0,38
1180.6,31
1180.7,37
1181.2,11
1181.3,36
1182.7,22
1182.9,34
1183.4,29
1183.6,14
1183.8,28
1184.8,8
1184.9,18
1185.3,35
1185.6,10
1186.3,1
1186.8,26
1187.2,16
1187.3,23
1187.6,13
1188.0,25
1188.4,30
1189.2,7
1189.3,32
1189.4,0
1190.1,38
1190.5,24
1190.9,20
1191.4,6
1191.9,17
1192.8,19
1193.0,12
1193.7,31
1194.2,36
1195.6,34
1195.7,9
1195.9,37
1196.6,35
1198.0,21
1198.4,10
1198.5,13
1198.6,29
1198.7,28
1199.1,15
1199.1,22
1199.4,23
1199.5,11
1199.7,2
1199.7,5
1200.0,3
1200.6,8
1200.8,39
1200.9,26
1201.2,24
1201.4,14
1201.9,16
1202.7,1
1205.0,0
1205.2,17
1205.8,4
1205.8,6
1207.1,20
1207.8,36
1208.6,30
1209.0,38
1209.5,35
1209.7,13
1209.7,34
1209.7,18
1210.4,12
1211.0,28
1211.1,22
1211.5,25
1211.8,19
1211.8,31
1211.9,7
1212.4,24
1212.5,11
1212.6,10
1213.5,17
1213.8,14
1213.9,32
1214.0,16
1214.3,23
1214.9,37
1215.0,2
1216.0,9
1219.0,8
1219.4,15
1219.6,12
1220.2,34
1220.2,36
1220.3,0
1220.7,26
1220.7,29
1220.8,19
1221.0,6
1221.8,1
1221.9,28
1222.5,13
1223.1,11
1223.2,35
1223.5,39
1223.7,16
1223.7,31
1224.5,20
1226.4,23
1226.5,25
1227.6,10
1227.7,22
1228.4,24
1228.5,32
1229.1,5
1230.2,30
1230.8,38
1231.5,17
1231.6,13
1231.8,31
1232.6,37
1233.1,6
1233.2,36
1234.1,35
1234.5,26
1234.7,11
1235.2,19
1235.3,9
1235.6,34
1235.6,14
1236.8,28
1237.2,39
1237.3,18
1237.6,12
1237.8,21
1238.4,29
1238.5,7
1240.0,2
1240.0,15
1240.5,8
1240.5,24
1240.7,16
1240.7,23
1240.8,1
1241.2,22
1241.6,36
1242.8,0
1242.8,38
1242.9,17
1242.9,25
1242.9,31
1244.2,20
1245.8,10
1245.8,34
1246.9,11
1247.5,6
1248.1,13
1249.2,35
1249.3,4
1249.3,12
1249.3,30
1249.4,5
1249.6,14
1251.1,0
1251.6,16
1251.7,28
1251.9,37
1252.3,19
1253.0,1
1253.4,25
1253.6,36
1254.1,23
1254.4,24
1254.4,31
1254.8,10
1255.2,34
1255.7,29
1256.7,11
1258.3,35
1259.0,38
1259.1,7
1259.2,26
1259.4,8
1259.5,32
1259.7,39
1259.8,13
1259.9,22
1260.0,15
1260.0,16
1260.6,20
1260.6,21
1260.7,12
1260.7,17
1261.3,14
1261.4,6
1261.5,2
1261.5,28
1263.8,34
1265.1,36
1265.2,31
1265.4,19
1265.4,23
1266.1,3
1266.1,9
1266.7,24
1266.8,30
1266.9,18
1267.8,1
1267.8,11
1268.4,35
1269.0,39
1269.2,12
1269.2,22
1272.0,38
1272.8,6
1273.5,5
1273.7,34
1273.8,25
1273.9,13
1274.3,26
1274.4,0
1274.8,16
1275.1,17
1275.3,20
1275.4,23
1275.5,36
1275.8,8
1276.0,2
1276.2,4
1276.6,28
1277.4,10
1277.4,32
1277.5,37
1277.7,12
1277.7,14
1278.5,1
1278.8,24
1279.4,29
1279.5,35
1279.9,11
1279.9,22
1281.4,9
1282.0,7
1282.7,13
1282.7,15
1283.2,19
1283.3,31
1283.3,39
1284.4,16
1284.9,17
1286.0,36
1286.0,38
1287.3,18
1287.3,21
1287.5,30
1288.4,10
1288.5,28
1288.5,25
1288.9,0
1289.3,12
1291.6,34
1292.7,23
1292.8,13
1293.0,22
1293.2,8
1293.2,35
1293.3,6
1294.5,1
1294.6,29
1294.9,31
1295.3,26
1295.9,20
1295.9,24
1296.0,2
1296.3,11
1296.3,32
1297.4,15
1298.1,14
1298.3,39
1298.5,34
1300.3,16
1300.7,25
1301.0,19
1301.1,12
1301.6,0
1301.7,17
1301.7,37
1301.8,36
1302.0,35
1302.6,10
1303.0,23
1303.7,28
1304.2,8
1304.5,7
1305.9,13
1306.0,30
1306.1,26
1306.7,12
1306.8,38
1307.1,31
1307.3,5
1307.8,11
1307.9,6
1307.9,24
1309.7,9
1310.2,29
1310.8,4
1311.8,1
1311.8,32
1312.0,21
1312.1,19
1312.1,22
1312.6,2
1312.6,20
1312.8,36
1313.4,34
1313.5,14
1313.6,35
1314.3,16
1315.6,37
1317.9,17
1318.1,39
1319.0,10
1319.3,25
1319.4,28
1319.4,38
1320.2,18
1320.2,35
1320.4,0
1320.6,13
1320.9,12
1321.0,23
1321.2,34
1321.4,6
1321.5,24
1322.3,19
1322.3,31
1322.7,36
1323.8,11
1324.6,30
1325.6,15
1326.2,16
1326.6,1
1327.1,29
1328.1,9
1329.4,7
1330.2,39
1330.3,22
1330.6,8
1331.1,34
1331.3,35
1332.1,32
1332.2,5
1332.2,14
1332.4,20
1332.6,36
1332.9,13
1333.0,2
1333.0,17
1333.2,26
1333.4,0
1333.7,6
1333.7,31
1333.8,10
1334.0,24
1334.2,11
1334.3,4
1334.5,28
1334.6,3
1334.9,23
1335.5,12
1336.1,19
1338.5,34
1339.5,38
1340.2,21
1340.8,37
1341.5,29
1341.6,13
1341.6,25
1341.7,16
1342.2,30
1342.4,18
1343.0,7
1343.0,22
1343.0,35
1343.6,9
1344.2,2
1344.3,36
1344.5,1
1344.5,26
1344.9,15
1345.1,11
1346.3,24
1346.6,31
1348.8,12
1349.0,28
1349.1,17
1349.3,8
1349.7,13
1349.8,14
1350.6,16
1351.5,36
1352.0,6
1352.9,0
1353.0,25
1353.4,3
1354.6,23
1354.7,20
1355.1,39
1355.7,34
1355.9,22
1356.0,19
1356.1,5
1356.3,35
1357.3,1
1357.8,38
1358.4,10
1358.6,31
1359.4,32
1359.7,11
1359.8,30
1360.3,13
1362.3,12
1363.4,9
1363.5,7
1363.7,6
1364.3,34
1364.4,24
1364.6,35
1364.8,28
1365.1,17
1365.1,26
1365.1,16
1365.5,37
1365.6,14
1365.7,36
1366.0,39
1366.3,29
1366.5,25
1368.1,0
1368.6,21
1370.6,20
1371.2,15
1371.2,22
1371.2,10
1371.2,23
1371.6,11
1371.9,8
1372.0,1
1372.0,33
1372.1,4
1372.2,19
1372.4,18
1372.4,30
1372.6,5
1373.1,31
1373.1,6
1373.1,36
1373.5,24
1373.6,35
1373.9,13
1375.5,2
1375.8,38
1376.6,12
1377.2,34
1377.8,16
1379.2,28
1380.9,22
1381.1,25
1381.6,11
1381.9,24
1381.9,26
1382.1,35
1382.3,9
1382.3,13
1382.6,29
1382.8,14
1382.8,30
1382.9,20
1383.0,1
1383.4,37
1383.9,17
1384.0,39
1386.9,8
1387.1,23
1387.8,12
1389.1,36
1390.3,35
1390.6,7
1390.6,32
1391.4,6
1392.1,19
1392.3,5
1392.3,10
1392.3,28
1392.6,31
1392.7,17
1392.8,4
1392.9,0
1393.0,39
1393.1,14
1393.1,34
1393.2,24
1393.3,13
1393.3,16
1393.3,38
1393.7,11
1393.7,22
1394.5,1
1395.8,18
1395.8,25
1398.5,21
1398.6,30
1399.7,37
1400.0,35
1400.7,36
1400.8,13
1400.9,15
1401.3,2
1401.3,12
1401.8,26
1402.3,4
1402.6,31
1402.9,32
1403.0,23
1403.3,34
1403.5,6
1403.5,11
1403.8,25
1403.9,16
1404.0,20
1404.7,9
1405.7,29
1406.9,22
1407.4,8
1407.6,0
1407.6,14
1407.9,39
1410.4,24
1411.8,5
1411.8,28
1412.4,23
1412.5,38
1412.7,11
1413.0,17
1413.1,34
1413.5,7
1413.9,31
1414.0,32
1414.0,36
1414.4,1
1414.4,26
1414.6,10
1415.3,13
1416.0,35
1416.2,19
1417.4,16
1418.2,6
1418.5,12
1418.8,22
1420.0,30
1420.8,24
1421.0,20
1421.2,38
1421.3,2
1421.4,10
1421.9,9
1422.4,8
1422.7,29
1422.8,23
1423.0,15
1423.0,21
1423.4,28
1423.9,25
1424.0,13
1424.4,11
1424.5,31
1426.1,36
1426.2,0
1426.2,34
1426.7,37
1427.4,16
1427.6,39
1427.7,35
1428.0,17
1428.6,26
1428.9,12
1428.9,19
1430.7,18
1433.0,25
1433.3,1
1433.4,24
1433.5,22
1434.1,13
1434.6,36
1434.8,14
1435.8,7
1436.2,11
1436.4,28
1436.5,6
1436.5,20
1436.8,2
1437.1,23
1437.9,16
1438.5,9
1438.5,30
1439.2,10
1439.8,38
1439.9,17
1440.2,31
1440.4,4
1440.6,15
1440.9,32
1441.2,12
1441.4,26
1441.7,5
1442.1,0
1442.5,34
1442.8,19
1444.1,22
1444.5,13
1446.3,35
1446.3,39
1446.7,8
1446.7,36
1447.8,37
1448.4,20
1449.2,21
1449.5,23
1450.7,14
1451.3,31
1451.5,7
1451.5,25
1452.4,1
1453.3,24
1453.5,29
1453.6,11
1453.6,16
1453.9,28
1454.2,30
1454.5,12
1454.9,19
1456.2,6
1457.1,35
1457.1,36
1457.4,10
1457.4,38
1457.6,9
1458.9,34
1459.5,13
1461.3,22
1461.5,0
1461.7,26
1462.4,5
1462.4,23
1462.9,37
1463.0,14
1463.2,11
1463.4,1
1463.8,38
1464.0,2
1464.0,32
1464.2,25
1464.8,39
1465.4,20
1466.7,31
1466.8,6
1467.1,10
1467.6,12
1468.4,16
1468.5,8
1469.2,21
1469.2,24
1469.4,36
1469.6,34
1469.9,28
1470.7,30
1471.1,15
1471.1,17
1471.4,4
1471.8,13
1472.3,19
1472.3,35
1473.3,23
1473.3,29
1474.6,38
1474.9,22
1475.0,2
1475.3,20
1475.6,11
1475.7,14
1476.3,7
1476.5,3
1477.1,9
1477.9,26
1477.9,1
1478.4,12
1478.5,5
1478.7,0
1479.1,31
1479.4,16
1480.0,10
1480.1,36
1482.4,25
1482.8,6
1482.9,22
1483.1,13
1483.2,15
1483.3,34
1483.6,39
1483.7,24
1483.9,37
1486.1,21
1486.3,11
1486.3,35
1486.3,38
1486.9,17
1487.0,8
1487.2,29
1487.4,28
1488.8,23
1491.1,19
1491.9,31
1492.0,36
1492.3,12
1492.5,24
1492.8,13
1493.7,26
1494.4,32
1495.0,25
1495.1,11
1495.2,2
1495.2,34
1495.5,5
1495.5,9
1495.6,7
1495.9,20
1496.0,1
1496.1,16
1496.7,35
1497.1,10
1500.8,28
1501.5,18
1501.7,0
1501.7,22
1501.8,14
1502.1,21
1502.3,13
1502.7,39
1502.8,12
1503.4,38
1504.2,6
1504.9,23
1505.3,29
1506.0,36
1506.2,31
1506.9,37
1507.5,16
1507.7,35
1508.3,11
1508.9,17
1509.0,30
1509.1,20
1509.1,24
1509.2,8
1509.2,19
1509.6,34
1510.0,1
1510.5,7
1510.8,26
1511.3,12
1511.9,13
1512.0,6
1512.0,10
1514.8,0
1515.8,15
1516.1,25
1516.1,28
1517.1,23
1518.0,9
1518.3,38
1518.5,4
1518.7,22
1518.9,35
1519.8,17
1520.1,19
1520.4,14
1520.5,13
1520.6,39
1520.7,24
1521.4,16
1521.8,34
1522.9,30
1523.3,21
1525.3,36
1525.4,26
1526.0,31
1526.5,29
1526.9,1
1527.0,22
1527.4,23
1527.5,2
1527.7,10
1527.8,24
1528.6,11
1528.9,12
1528.9,20
1529.0,35
1529.1,8
1529.5,5
1529.9,13
1530.2,6
1530.2,7
1533.3,25
1534.6,16
1534.6,19
1534.8,36
1535.1,38
1535.2,0
1535.4,28
1535.5,34
1535.7,23
1537.2,24
1537.3,14
1537.7,32
1538.1,12
1538.2,13
1538.4,17
1538.5,9
1538.5,15
1539.1,39
1539.2,21
1539.7,31
1540.3,10
1540.3,26
1540.8,30
1541.0,8
1542.6,1
1543.8,0
1543.9,37
1544.0,11
1544.0,20
1544.2,22
1544.9,2
1545.2,36
1545.4,18
1545.7,19
1545.7,35
1545.9,28
1546.1,29
1546.5,16
1546.6,6
1547.3,4
1547.4,34
1547.5,25
1549.9,13
1550.9,38
1551.2,31
1551.7,14
1551.8,7
1551.9,23
1552.0,5
1552.1,24
1552.2,17
1553.1,12
1553.2,10
1555.5,2
1555.6,34
1555.6,35
1556.3,20
1556.3,26
1557.6,6
1558.3,36
1558.4,19
1558.8,22
1559.0,0
1559.4,30
1559.5,8
1559.5,21
1560.1,28
1560.3,13
1561.3,25
1561.4,9
1561.4,16
1561.4,29
1561.7,11
1562.3,24
1562.3,31
1563.2,32
1564.8,1
1565.9,35
1566.1,14
1566.2,39
1566.3,23
1567.5,17
1567.9,34
1568.0,38
1568.3,7
1568.6,12
1568.7,19
1569.3,18
1569.6,26
1569.8,13
1569.9,5
1570.2,20
1570.2,37
1570.4,6
1570.7,11
1570.8,10
1571.0,22
1572.5,36
1574.1,25
1574.6,28
1575.2,24
1575.3,0
1576.6,16
1576.9,4
1577.6,35
1577.7,20
1578.1,2
1578.5,15
1578.6,26
1578.6,13
1579.3,1
1579.6,14
1580.2,30
1581.0,12
1581.0,31
1581.3,32
1581.3,34
1582.1,29
1582.3,23
1582.6,36
1582.7,5
1583.5,8
1584.0,22
1584.9,21
1584.9,39
1585.0,38
1585.2,19
1585.7,16
1585.8,10
1586.6,9
1587.2,6
1587.2,34
1587.7,11
1588.2,36
1588.3,25
1588.8,35
1590.3,13
1590.8,20
1591.1,17
1591.1,37
1591.3,3
1591.9,28
1592.8,31
1593.2,0
1593.2,8
1593.3,30
1593.5,7
1593.8,1
1595.1,10
1595.5,24
1595.6,26
1596.0,2
1596.0,12
1596.0,14
1597.8,19
1598.0,16
1598.3,35
1598.9,13
1598.9,34
1599.2,11
1599.2,36
1599.3,22
1599.5,25
1600.7,6
1601.2,4
1601.2,23
1602.7,39
1604.2,21
1604.4,18
1604.4,38
1604.5,32
1605.3,24
1605.8,17
1605.8,31
1606.0,16
1606.0,28
1606.1,29
1606.3,1
1606.3,10
1607.3,20
1609.6,26
1610.0,12
1611.1,37
1612.4,15
1612.5,14
1613.1,36
1613.1,0
1613.7,11
1614.1,25
1614.1,35
1614.6,19
1615.1,13
1615.3,17
1616.3,8
1616.3,34
1616.4,9
1616.4,5
1616.6,1
1616.7,30
1616.9,6
1616.9,31
1617.0,20
1617.0,22
1618.0,2
1618.0,7
1619.2,23
1619.3,38
1619.5,24
1619.6,28
1621.5,35
1622.0,29
1623.5,12
1623.5,16
1623.9,0
1624.4,10
1625.0,39
1625.8,26
1626.6,14
1626.6,21
1626.8,36
1627.6,11
1627.8,4
1627.8,13
1628.1,17
1628.3,31
1628.6,34
1628.9,25
1630.5,24
1631.5,1
1631.9,22
1632.1,19
1632.4,9
1632.7,37
1632.7,38
1633.2,12
1633.2,35
1634.0,13
1634.4,30
1634.7,29
1634.9,28
1636.5,10
1636.5,23
1637.0,2
1637.4,20
1637.6,25
1637.8,36
1638.1,15
1639.3,6
1639.8,14
1639.9,16
1639.9,32
1640.6,26
1640.9,13
1641.1,0
1641.1,31
1641.9,11
1642.3,34
1642.6,5
1642.8,8
1642.8,29
1642.9,12
1642.9,39
1643.2,1
1644.2,35
1645.0,22
1645.5,17
1645.6,36
1648.2,24
1648.6,14
1649.0,19
1649.1,4
1650.1,25
1650.4,18
1650.6,16
1651.1,23
1651.2,3
1651.4,28
1651.5,31
1651.6,13
1651.7,20
1652.5,37
1653.3,38
1653.5,6
1654.3,15
1654.6,10
1654.8,30
1655.3,1
1655.8,21
1656.7,12
1657.0,26
1657.5,24
1657.7,0
1658.0,35
1658.1,34
1658.2,36
1658.5,20
1659.2,7
1659.2,25
1659.9,9
1660.4,22
1661.4,8
1661.8,11
1662.1,16
1662.9,13
1662.9,17
1662.9,29
1663.6,2
1663.8,31
1665.3,32
1665.5,38
1665.7,6
1665.8,28
1666.2,10
1666.3,1
1666.5,4
1667.2,36
1668.9,14
1669.3,13
1670.5,19
1670.7,21
1671.2,35
1672.1,22
1672.3,23
1672.8,5
1673.3,25
1673.3,26
1673.6,31
1673.6,39
1673.7,34
1675.5,24
1675.6,0
1675.7,11
1676.4,16
1676.5,12
1676.8,1
1676.9,9
1676.9,17
1678.0,7
1678.4,18
1678.7,13
1678.9,37
1679.3,8
1679.4,28
1679.6,32
1679.6,38
1680.3,6
1680.3,35
1682.0,36
1682.1,10
1682.2,15
1682.9,20
1685.7,34
1685.9,26
1686.2,12
1686.6,30
1686.7,14
1686.9,31
1687.4,25
1687.6,2
1687.8,23
1687.9,5
1688.0,19
1688.1,13
1688.6,24
1689.0,0
1689.3,16
1689.6,17
1690.1,28
1690.3,35
1690.7,36
1691.3,11
1692.2,1
1693.1,22
1694.2,38
1695.7,10
1695.9,6
1696.1,21
1696.4,29
1697.1,34
1697.4,3
1697.5,9
1697.8,24
1698.5,26
1698.9,30
1698.9,39
1699.1,12
1700.1,14
1700.5,19
1701.2,13
1701.5,6
1701.5,25
1701.5,35
1701.9,8
1702.2,17
1702.3,15
1702.3,23
1702.4,22
1702.6,32
1702.7,11
1702.7,31
1703.0,28
1703.3,18
1703.6,7
1703.7,20
1705.0,12
1705.2,0
1705.7,38
1706.8,37
1706.9,16
1708.2,21
1708.6,36
1709.4,4
1709.6,13
1710.0,26
1710.6,24
1711.4,22
1711.5,34
1712.5,23
1713.7,25
1714.4,17
1714.5,5
1714.6,28
1714.6,30
1714.7,31
1715.1,29
1715.4,1
1716.0,9
1716.1,16
1716.7,11
1717.2,39
1717.3,6
1717.8,8
1717.8,12
1717.8,38
1717.8,36
1718.1,13
1719.0,22
1719.1,2
1719.4,10
1720.4,35
1720.7,32
1721.2,34
1722.0,7
1722.2,0
1722.8,19
1722.9,20
1723.0,24
1723.2,14
1723.3,31
1723.5,3
1726.5,37
1727.4,5
1727.5,28
1727.9,11
1728.0,16
1728.1,25
1728.1,26
1728.7,18
1728.8,1
1729.1,13
1729.2,23
1729.2,30
1729.5,29
1729.6,15
1730.2,36
1731.1,6
1731.5,4
1731.5,12
1731.5,31
1731.8,35
1732.3,17
1732.4,39
1732.5,34
1732.8,19
1732.9,22
1732.9,38
1733.8,21
1734.3,0
1735.7,24
1735.8,28
1736.5,20
1737.0,2
1738.0,8
1738.1,13
1738.6,32
1738.7,10
1739.0,7
1739.1,11
1739.6,36
1740.5,12
1740.8,16
1741.6,25
1742.5,35
1743.7,26
1743.9,14
1744.7,18
1746.5,19
1746.9,17
1747.0,31
1747.2,6
1747.9,23
1748.3,1
1748.5,9
1748.6,29
1749.3,36
1749.4,38
1750.7,24
1750.9,12
1751.2,5
1751.7,13
1753.0,21
1753.3,35
1753.6,16
1753.9,34
1754.2,39
1754.6,4
1755.2,28
1755.4,3
1755.5,10
1756.3,11
1756.7,36
1756.8,22
1757.2,23
1757.4,37
1757.6,6
1758.2,20
1758.2,0
1758.7,15
1758.9,31
1760.6,7
1761.4,30
1761.5,25
1761.7,34
1762.0,24
1762.1,38
1762.5,29
1762.7,13
1762.8,17
1763.3,8
1763.4,2
1764.0,12
1764.6,36
1765.6,16
1766.3,10
1766.8,19
1766.9,14
1767.7,32
1769.0,35
1770.1,23
1770.7,9
1770.8,11
1771.5,29
1772.0,28
1772.7,0
1773.1,34
1773.5,6
1773.5,26
1774.0,13
1774.0,20
1774.8,17
1775.4,1
1775.5,31
1775.6,22
1775.6,38
1775.9,35
1777.5,25
1778.8,24
1778.9,12
1780.3,4
1780.5,5
1781.4,36
1781.9,7
1781.9,8
1781.9,21
1782.1,16
1783.2,29
1783.3,39
1783.4,37
1783.7,34
1783.9,31
1784.5,14
1784.8,10
1785.5,6
1785.7,30
1786.0,22
1786.8,11
1786.8,28
1786.9,12
1787.1,25
1787.2,24
1787.4,9
1787.4,13
1788.4,15
1788.9,38
1789.8,0
1790.8,20
1790.9,23
1790.9,35
1791.1,36
1792.1,17
1792.4,2
1792.6,19
1793.1,31
1793.7,34
1794.5,11
1794.5,26
1795.0,32
1795.7,13
1796.6,16
1796.7,1
1796.9,29
1797.0,8
1797.6,14
1797.6,22
1797.7,21
1797.7,37
1800.2,15
1801.5,28
1802.4,18
1802.5,39
1802.9,36
1803.5,24
1803.8,12
1804.2,0
1804.3,9
1804.3,10
1804.8,4
1804.8,6
1805.4,25
1805.5,38
1805.6,35
1806.3,7
1806.4,19
1806.4,34
1807.1,20
1808.1,13
1809.5,17
1810.3,31
1810.4,23
1811.0,16
1811.2,1
1811.2,5
1811.4,29
1811.8,12
1812.2,2
1812.2,11
1812.6,26
1812.9,36
1813.1,8
1813.2,22
1813.4,21
1814.2,30
1814.9,0
1815.9,19
1815.9,32
1815.9,35
1816.6,34
1817.3,13
1817.8,28
1818.1,14
1818.6,24
1819.6,25
1819.7,4
1820.6,6
1820.6,23
1821.0,15
1821.0,38
1821.1,22
1821.2,9
1821.2,39
1821.5,10
1821.6,20
1822.6,7
1825.2,31
1826.7,29
1826.9,1
1827.0,36
1827.2,18
1827.3,35
1827.4,11
1827.4,16
1827.4,30
1828.0,13
1828.1,0
1828.8,12
1829.9,34
1830.2,14
1830.3,19
1830.8,2
1831.0,17
1831.0,21
1831.5,24
1831.9,32
1832.0,37
1832.8,38
1833.0,22
1833.7,26
1834.9,11
1835.7,35
1835.8,23
1836.7,8
1836.7,39
1838.4,36
1839.6,34
1839.7,13
1839.7,20
1839.9,6
1840.5,16
1840.6,31
1840.7,10
1840.7,30
1840.9,9
1841.3,7
1841.4,28
1841.5,12
1841.7,5
1842.5,21
1842.8,25
1843.7,26
1844.0,1
1844.5,3
1845.3,4
1846.0,0
1846.0,15
1846.3,22
1846.5,23
1846.6,24
1847.5,14
1848.7,38
1849.1,19
1849.2,17
1850.2,35
1850.4,13
1850.6,11
1850.7,28
1850.7,36
1851.6,2
1851.8,29
1852.3,32
1852.3,34
1853.2,20
1853.7,39
1854.2,10
1854.2,25
1854.9,12
1855.1,22
1855.3,24
1855.8,16
1856.4,31
1856.5,6
1858.2,27
1858.5,8
1859.4,30
1859.7,35
1859.8,9
1860.0,1
1860.4,36
1862.2,21
1862.5,5
1862.6,11
1862.8,38
1863.0,29
1863.2,0
1863.5,20
1863.7,13
1863.9,37
1864.5,19
1865.1,18
1865.3,34
1865.4,23
1865.5,26
1865.5,31
1865.6,12
1865.6,28
1866.6,14
1866.8,7
1868.9,24
1869.0,4
1869.1,16
1870.1,32
1870.6,25
1873.0,13
1873.3,35
1873.7,10
1873.7,11
1873.7,19
1873.9,6
1874.2,2
1875.8,39
1876.0,17
1876.0,23
1876.0,28
1876.0,30
1876.6,22
1877.0,9
1877.1,38
1877.3,15
1877.5,34
1878.3,0
1879.8,20
1879.9,31
1880.1,16
1880.5,36
1880.8,25
1881.1,1
1881.3,12
1882.1,13
1882.2,14
1882.2,24
1882.2,35
1882.4,8
1882.8,4
1883.4,7
1887.7,19
1887.8,5
1888.0,29
1888.4,26
1888.4,37
1888.7,38
1888.8,1
1889.0,15
1889.2,0
1889.3,28
1889.4,36
1889.5,34
1889.6,6
1889.6,21
1889.7,2
1890.3,10
1890.3,22
1891.2,11
1892.4,31
1894.0,17
1894.0,32
1894.1,12
1895.1,9
1896.5,13
1897.0,24
1897.2,23
1897.8,35
1898.1,22
1898.9,16
1899.4,39
1899.5,28
1899.6,7
1899.7,19
1899.8,21
1899.8,26
1899.8,30
1899.8,36
1899.9,10
1899.9,20
1900.2,34
1901.1,8
1901.4,6
1902.0,11
1902.2,1
1903.5,14
1903.6,12
1903.8,13
1904.2,31
1904.6,25
1908.0,16
1908.0,22
1908.3,38
1908.9,35
1909.1,2
1909.5,15
1910.2,24
1910.3,17
1910.5,18
1910.7,36
1910.8,37
1911.5,0
1912.8,28
1913.1,9
1913.5,30
1913.6,34
1913.9,21
1914.1,11
1914.1,32
1914.4,23
1914.9,6
1915.1,12
1915.2,39
1915.4,20
1915.8,17
1916.0,8
1916.1,25
1916.6,4
1916.6,16
1916.9,29
1917.1,10
1917.2,31
1917.6,26
1918.9,13
1919.0,35
1920.0,19
1920.5,7
1921.2,38
1921.4,22
1921.4,24
1923.5,0
1923.8,36
1924.2,10
1925.0,14
1925.3,5
1925.6,34
1926.0,6
1926.6,1
1926.9,17
1927.1,13
1927.7,11
1928.2,12
1928.4,31
1929.0,2
1930.0,16
1930.2,28
1931.0,37
1931.4,35
1931.6,20
1932.9,33
1934.1,9
1934.1,22
1934.4,39
1934.6,23
1935.1,24
1935.4,26
1935.6,14
1936.8,30
1937.0,25
1937.2,19
1937.2,29
1937.4,4
1937.5,0
1937.5,11
1938.1,34
1939.1,36
1939.2,6
1939.3,38
1939.8,12
1940.0,8
1940.2,13
1940.4,15
1941.5,16
1942.3,21
1942.5,35
1942.7,1
1942.7,31
1943.9,17
1945.0,5
1945.0,18
1945.1,10
1945.7,34
1946.1,20
1947.4,22
1948.3,36
1948.5,7
1948.9,28
1949.0,32
1949.1,38
1949.5,11
1949.7,14
1949.9,0
1950.0,2
1950.1,12
1951.0,13
1951.9,24
1953.6,25
1953.6,35
1953.8,6
1954.1,16
1954.6,19
1954.6,23
1955.1,34
1955.5,30
1955.8,10
1955.9,39
1956.3,3
1956.7,8
1956.9,31
1957.3,17
1958.5,1
1960.0,9
1960.0,20
1960.2,15
1960.2,37
1960.6,18
1960.7,29
1961.1,12
1961.5,22
1961.6,13
1963.4,38
1963.6,26
1963.6,28
1964.9,24
1965.0,0
1965.1,14
1965.8,25
1966.2,34
1966.5,36
1967.2,6
1967.3,7
1967.3,11
1968.0,35
1968.0,39
1969.0,30
1969.1,16
1969.8,2
1969.8,31
1970.1,17
1971.3,1
1971.4,20
1971.9,19
1972.6,5
1972.7,21
1972.8,13
1973.1,4
1973.6,12
1974.2,36
1974.6,23
1975.4,29
1975.6,16
1975.7,22
1976.3,10
1976.9,24
1977.0,35
1977.7,26
1978.1,32
1978.1,37
1979.3,34
1979.4,38
1980.2,6
1980.4,25
1980.6,0
1980.8,11
1980.8,31
1981.9,9
1982.6,2
1982.9,14
1983.1,17
1983.2,1
1983.3,13
1984.7,28
1984.8,22
1984.9,36
1986.3,39
1986.4,16
1986.8,34
1987.4,12
1988.1,5
1988.3,30
1988.3,35
1988.4,8
1989.3,20
1989.9,24
1990.1,29
1990.5,15
1990.5,19
1990.6,7
1991.0,38
1991.2,36
1991.5,23
1991.6,25
1991.9,13
1991.9,33
1992.0,14
1992.6,26
1992.7,11
1993.3,10
1994.1,20
1995.0,6
1995.0,21
1996.2,22
1997.0,0
1997.7,31
1998.6,32
1999.2,2
1999.3,35
1999.5,34
2000.1,12
2000.2,1
2000.7,36
2001.1,13
2001.3,28
2001.4,16
2002.4,37
2002.8,18
2002.9,30
2003.1,24
2003.4,27
2003.8,10
2004.4,19
2004.5,8
2004.6,11
2004.6,29
2005.1,38
2005.2,4
2005.3,17
2006.4,9
2006.6,25
2006.7,6
2007.7,23
2008.3,15
2009.2,5
2009.3,35
2009.9,36
2010.1,12
2010.6,39
2010.7,14
2010.8,22
2012.1,7
2012.5,28
2013.0,34
2013.8,13
2013.9,21
2014.0,31
2014.2,26
2014.4,24
2014.4,30
2015.2,16
2015.9,1
2016.7,0
2016.8,10
2016.8,17
2017.6,20
2017.8,22
2018.0,29
2019.6,36
2020.1,25
2020.6,35
2021.0,11
2021.2,31
2021.5,13
2021.6,1
2021.6,6
2022.9,19
2023.8,38
2024.3,37
2024.6,12
2024.7,32
2024.9,15
2025.3,34
2025.8,24
2026.8,8
2026.8,23
2027.6,2
2028.0,16
2028.6,14
2028.7,21
2028.8,7
2029.5,17
2029.5,35
2030.1,0
2030.4,20
2031.1,9
2031.6,36
2031.7,13
2031.8,26
2031.8,28
2033.1,29
2034.1,39
2034.4,25
2034.5,19
2034.8,30
2035.0,11
2035.2,6
2035.6,1
2036.2,31
2036.3,22
2036.4,10
2036.7,3
2037.2,5
2037.6,35
2037.7,38
2037.8,12
2038.2,24
2038.3,16
2040.6,28
2040.7,4
2042.8,14
2042.8,34
2043.6,13
2044.2,23
2044.7,36
2045.3,31
2045.4,32
2045.4,37
2045.5,25
2045.6,9
2046.0,15
2046.2,8
2046.4,35
2047.1,0
2048.9,11
2049.4,12
2049.5,30
2050.2,24
2050.6,2
2050.9,6
2051.1,16
2051.2,34
2051.5,1
2051.6,17
2051.6,23
2051.9,10
2051.9,26
2051.9,36
2052.3,20
2052.7,38
2054.4,13
2054.5,39
2054.6,28
2054.7,19
2055.0,21
2055.6,29
2055.6,33
2056.6,35
2057.0,5
2057.2,7
2057.3,22
2057.9,18
2058.4,15
2061.8,25
2062.0,36
2062.3,13
2062.7,30
2062.7,31
2063.1,6
2063.2,24
2063.3,17
2063.4,14
2063.4,23
2064.1,12
2064.3,0
2065.3,4
2065.6,19
2065.8,9
2066.4,34
2067.9,16
2068.4,11
2068.4,29
2069.2,7
2069.5,13
2069.9,35
2070.2,1
2071.5,38
2071.6,10
2071.7,8
2073.1,36
2073.5,24
2073.5,30
2073.8,20
2074.1,28
2074.9,37
2075.0,25
2075.4,21
2076.0,32
2076.4,12
2076.5,23
2076.8,15
2077.3,14
2077.3,16
2077.6,17
2078.2,13
2078.2,19
2078.3,22
2078.4,0
2078.9,6
2079.9,31
2081.8,28
2082.1,34
2082.2,26
2082.3,5
2082.6,36
2083.1,18
2083.2,35
2083.2,39
2084.1,7
2084.5,23
2084.6,2
2084.6,11
2085.5,24
2085.9,1
2085.9,12
2086.2,4
2086.5,8
2086.6,9
2086.8,10
2086.8,25
2087.1,32
2087.5,13
2088.7,37
2089.2,29
2089.5,15
2090.3,22
2090.9,34
2091.8,20
2092.8,14
2093.0,30
2093.9,38
2094.4,21
2094.6,3
2094.8,31
2095.1,19
2095.4,35
2097.0,16
2097.0,26
2097.4,13
2097.6,6
2099.2,39
2099.4,36
2100.1,10
2100.1,23
2100.1,28
2100.4,17
2100.6,12
2101.1,11
2101.5,24
2104.2,16
2104.3,34
2104.5,1
2104.5,8
2105.2,20
2105.3,0
2105.5,2
2105.5,35
2105.5,31
2106.0,22
2106.6,9
2107.0,25
2107.3,7
2108.3,10
2109.4,24
2110.0,32
2110.9,30
2111.3,13
2111.4,15
2111.6,36
2112.0,26
2112.7,38
2112.8,6
2113.0,33
2113.1,12
2113.3,28
2113.4,5
2113.7,14
2114.3,11
2114.6,23
2115.1,39
2115.8,4
2115.9,1
2116.0,17
2117.7,19
2118.2,22
2118.5,20
2118.8,29
2119.1,37
2119.7,35
2119.8,8
2120.2,34
2120.7,0
2120.7,16
2121.2,13
2121.6,31
2122.5,25
2123.0,12
2123.2,24
2123.3,6
2123.5,21
2123.6,10
2124.6,14
2124.8,30
2125.1,7
2125.1,36
2125.3,23
2126.2,11
2127.4,1
2129.6,8
2129.7,38
2130.7,34
2130.8,28
2130.9,35
2131.0,15
2131.4,17
2131.4,22
2131.8,13
2132.3,5
2132.3,19
2132.7,39
2133.2,4
2133.2,9
2134.5,25
2134.6,31
2134.7,20
2134.8,2
2135.1,11
2135.8,29
2136.2,12
2136.6,6
2136.7,16
2136.9,0
2137.2,23
2137.7,36
2137.8,32
2139.6,26
2140.8,24
2141.7,13
2141.8,22
2141.9,14
2141.9,30
2142.1,39
2142.1,7
2142.6,25
2143.5,37
2143.8,35
2145.0,17
2145.5,0
2146.7,1
2147.5,34
2148.3,10
2148.7,11
2148.7,12
2148.9,6
2149.5,28
2149.5,31
2149.7,18
2149.7,13
2149.9,16
2149.9,29
2150.2,38
2151.0,8
2151.6,35
2151.8,9
2151.8,36
2152.6,15
2153.9,7
2154.3,19
2155.0,20
2155.6,21
2155.6,22
2156.7,14
2157.5,39
2157.6,32
2157.8,34
2158.2,24
2158.4,23
2158.6,17
2159.2,11
2159.4,30
2159.5,2
2159.7,10
2159.9,26
2160.4,13
2160.6,0
2160.9,25
2161.0,28
2161.0,36
2161.1,31
2161.7,27
2161.9,35
2162.8,1
2163.8,4
2164.9,5
2164.9,12
2165.6,34
2166.0,37
2166.1,20
2166.3,24
2166.8,19
2167.1,38
2167.5,16
2167.7,22
2167.8,29
2168.0,6
2168.0,14
2168.5,8
2171.0,9
2172.1,36
2172.6,30
2173.0,18
2173.1,11
2173.3,13
2173.3,23
2173.3,25
2174.1,35
2174.3,7
2174.4,17
2174.4,28
2174.5,24
2174.9,31
2175.1,0
2176.2,39
2176.4,12
2177.8,1
2178.5,38
2178.6,3
2178.7,26
2179.4,22
2179.7,9
2179.9,32
2180.5,34
2180.8,10
2181.0,21
2181.1,13
2181.1,19
2181.5,16
2181.7,8
2181.7,14
2182.0,2
2183.1,15
2183.2,11
2185.2,36
2185.6,6
2186.7,20
2187.8,25
2188.3,22
2188.3,35
2189.0,29
2189.0,34
2189.3,4
2189.7,24
2189.8,12
2190.2,37
2192.1,28
2192.4,38
2192.8,31
2193.2,0
2193.3,23
2193.5,8
2193.9,11
2194.3,30
2194.5,18
2195.0,39
2195.1,5
2195.1,35
2195.2,13
2195.2,17
2195.3,26
2195.4,6
2195.6,16
2195.7,10
2195.8,19
2196.0,7
2196.2,2
2196.2,36
2196.6,14
2197.7,24
2197.8,1
2197.9,34
2199.0,12
2200.6,32
2200.8,28
2201.5,20
2201.8,22
2202.9,9
2203.9,4
2204.0,30
2204.1,15
2206.0,23
2206.4,33
2206.8,38
2207.0,35
2207.1,36
2208.2,16
2208.5,10
2208.7,7
2208.7,19
2208.8,17
2209.0,13
2209.3,1
2209.7,26
2209.8,34
2210.0,25
2210.1,6
2211.1,12
2211.1,21
2211.4,24
2212.2,11
2213.0,14
2214.3,10
2214.6,5
2215.3,28
2216.4,8
2216.8,31
2217.2,0
2218.6,7
2218.8,30
2219.0,13
2219.0,29
2219.2,22
2219.5,37
2219.6,26
2219.6,34
2220.8,35
2221.1,16
2221.2,23
2221.8,1
2222.5,17
2222.6,9
2222.6,24
2222.6,36
2222.9,39
2223.9,12
2224.2,32
2224.2,25
2224.7,11
2225.1,20
2225.4,31
2226.3,6
2227.4,4
2228.0,22
2228.2,21
2228.7,10
2228.9,38
2229.2,0
2229.2,2
2229.7,19
2229.9,15
2230.0,14
2230.2,13
2230.3,28
2230.3,36
2232.5,34
2232.6,35
2232.6,30
2233.3,8
2233.5,16
2233.5,20
2233.7,18
2234.1,1
2234.2,12
2237.4,7
2237.5,11
2238.0,39
2238.1,23
2238.7,14
2238.7,26
2238.9,25
2239.0,13
2239.4,19
2240.0,22
2240.1,17
2240.5,32
2240.6,5
2240.7,31
2241.3,9
2242.9,24
2243.1,35
2243.3,12
2243.4,0
2243.5,37
2245.1,29
2245.2,1
2245.7,14
2245.7,36
2245.9,2
2245.9,6
2245.9,20
2246.0,8
2246.2,16
2246.3,30
2246.6,38
2246.8,28
2248.1,3
2248.1,13
2248.4,25
2249.8,34
2250.9,19
2251.8,15
2252.6,10
2252.9,17
2253.0,22
2253.1,24
2253.4,32
2253.5,11
2253.5,35
2253.9,31
2255.4,12
2255.9,36
2256.6,28
2256.8,23
2256.9,13
2257.0,9
2257.2,14
2258.5,16
2258.5,0
2258.7,29
2260.4,6
2260.8,1
2260.8,26
2261.0,25
2261.3,5
2261.6,38
2262.0,21
2262.0,39
2263.4,20
2263.6,35
2263.7,34
2264.5,18
2265.0,13
2265.1,24
2265.8,2
2266.3,17
2267.1,22
2267.9,36
2268.9,30
2269.1,23
2269.2,4
2271.4,10
2271.6,31
2271.6,32
2273.2,25
2273.5,24
2273.6,9
2273.6,11
2273.6,16
2273.9,6
2273.9,37
2274.7,19
2274.7,8
2274.9,38
2275.0,12
2275.1,13
2276.8,15
2276.8,34
2277.6,39
2277.9,1
2277.9,22
2278.1,0
2278.8,26
2278.9,35
2279.1,21
2279.4,31
2279.5,20
2279.5,28
2279.8,2
2280.6,7
2281.0,14
2283.1,5
2283.4,36
2283.8,10
2284.2,16
2284.3,29
2285.2,30
2285.9,12
2286.4,24
2286.5,23
2288.0,19
2288.7,13
2288.7,34
2290.1,11
2290.2,8
2290.2,32
2290.4,25
2290.6,3
2290.7,17
2290.8,20
2292.2,28
2292.4,9
2294.2,6
2294.4,0
2294.5,14
2294.7,16
2294.8,38
2295.0,26
2295.1,31
2295.3,2
2295.6,29
2295.8,36
2295.8,37
2296.2,4
2296.4,39
2297.0,23
2297.5,7
2298.6,30
2299.1,22
2299.4,35
2299.6,10
2300.0,5
2300.6,34
2300.8,1
2301.9,13
2302.3,25
2302.7,12
2304.3,15
2304.4,8
2304.9,16
2305.2,24
2305.2,28
2306.3,2
2306.3,31
2307.6,36
2307.8,38
2308.5,32
2308.5,35
2309.1,34
2309.4,6
2309.7,21
2309.9,17
2311.5,11
2311.5,14
2312.2,1
2312.6,30
2312.7,20
2312.8,0
2312.8,13
2313.4,37
2313.6,19
2314.1,18
2314.8,26
2315.1,23
2315.3,12
2316.1,24
2316.7,7
2317.1,36
2317.2,31
2317.4,25
2317.4,39
2317.8,32
2318.4,35
2318.5,29
2318.8,27
2319.5,9
2319.8,11
2319.9,10
2320.6,22
2320.6,34
2321.8,5
2321.9,14
2322.8,2
2322.9,38
2323.0,6
2323.0,13
2323.0,23
2323.3,16
2323.7,17
2323.9,8
2324.6,30
2325.4,20
2325.4,28
2326.9,26
2327.7,36
2328.1,34
2329.6,12
2330.0,31
2330.7,35
2330.9,37
2331.5,1
2331.8,13
2331.8,24
2332.0,19
2332.5,14
2332.8,10
2332.9,29
2333.0,25
2333.1,16
2334.0,22
2334.1,11
2334.4,0
2334.5,21
2334.6,36
2334.8,38
2334.9,32
2335.0,3
2336.6,34
2337.4,17
2339.2,15
2340.7,35
2341.1,7
2341.2,9
2341.2,26
2341.5,23
2342.1,12
2342.4,6
2342.5,19
2342.9,11
2343.1,24
2343.3,28
2343.7,31
2343.9,10
2344.1,5
2344.4,30
2344.5,13
2344.5,39
2344.8,34
2345.0,1
2345.4,8
2347.3,36
2347.6,14
2347.8,38
2348.5,22
2348.6,16
2349.4,0
2349.4,18
2350.3,25
2351.1,6
2351.2,4
2351.2,20
2351.7,24
2351.9,17
2352.4,35
2352.4,37
2353.1,2
2353.4,13
2354.7,12
2356.7,34
2357.0,23
2357.4,9
2357.5,14
2358.2,0
2359.1,5
2359.1,11
2359.1,21
2359.3,1
2359.4,31
2359.8,19
2359.8,29
2360.3,28
2361.0,32
2361.1,6
2361.1,26
2361.1,35
2361.1,36
2361.4,25
2361.6,22
2362.1,30
2362.4,16
2363.3,10
2363.7,24
2364.2,13
2365.3,38
2366.2,7
2366.2,15
2367.2,23
2367.4,17
2367.5,39
2368.1,2
2369.2,36
2369.2,34
2369.8,6
2369.8,9
2370.1,8
2372.2,18
2372.9,13
2373.6,0
2373.6,37
2374.1,12
2374.2,20
2374.4,11
2374.5,3
2374.5,21
2374.7,28
2374.8,24
2375.7,16
2375.9,26
2376.8,10
2376.8,22
2377.1,25
2377.2,29
2377.4,31
2377.8,1
2379.1,8
2379.2,35
2379.4,38
2379.6,23
2379.7,19
2379.7,30
2379.7,14
2381.8,36
2383.2,20
2383.5,15
2384.0,0
2384.4,34
2385.5,13
2385.5,32
2385.5,39
2386.2,17
2386.7,5
2386.8,24
2387.3,31
2387.5,12
2387.5,16
2387.8,11
2387.8,35
2388.0,23
2388.8,7
2389.0,22
2390.0,9
2391.2,6
2391.2,14
2391.7,36
2391.8,28
2392.9,26
2393.9,16
2394.2,1
2394.8,38
2394.9,37
2395.1,4
2395.3,25
2395.4,29
2395.6,13
2396.2,23
2397.6,34
2398.4,10
2398.7,30
2398.7,35
2398.9,24
2399.0,2
2399.0,12
2400.2,21
2401.0,0
2401.5,19
2401.8,11
2402.0,20
2402.5,8
2402.5,22
2402.6,17
2404.6,16
2404.7,31
2404.8,1
2404.8,14
2405.0,13
2405.8,36
2406.2,28
2406.7,35
2406.8,7
2407.0,6
2407.0,23
2407.0,34
2407.8,10
2407.9,25
2408.2,39
2409.1,5
2409.4,24
2409.5,38
2409.9,3
2410.5,12
2411.0,20
2411.6,26
2412.7,37
2412.8,13
2412.8,15
2412.8,32
2413.1,19
2414.0,11
2414.0,9
2414.2,30
2415.1,16
2415.1,22
2415.4,8
2416.4,29
2418.0,31
2418.3,23
2419.7,35
2419.9,39
2420.1,1
2420.1,21
2420.3,2
2420.5,6
2420.6,24
2421.0,25
2421.2,34
2421.3,14
2421.4,12
2422.7,10
2423.1,26
2423.7,0
2424.1,11
2424.1,13
2424.1,20
2424.1,36
2424.9,5
2425.0,7
2425.6,17
2428.0,38
2428.7,19
2428.8,28
2429.5,18
2429.9,30
2430.0,23
2430.4,22
2430.6,8
2430.7,36
2431.3,24
2431.3,31
2431.7,6
2432.3,35
2434.6,13
2434.7,39
2435.1,34
2435.4,1
2435.7,32
2436.3,16
2436.6,11
2436.6,15
2436.8,14
2436.9,25
2436.9,29
2437.4,20
2437.5,4
2437.6,12
2438.1,26
2438.9,10
2439.1,9
2439.2,19
2439.8,37
2439.9,31
2440.2,28
2440.8,24
2441.2,0
2441.2,22
2441.6,17
2443.5,2
2443.6,6
2444.1,34
2445.3,21
2446.0,23
2446.3,8
2446.6,30
2446.8,39
2446.9,29
2447.4,35
2448.5,16
2448.6,11
2449.2,36
2449.5,13
2449.8,1
2450.0,38
2450.8,19
2450.8,28
2450.9,31
2451.1,7
2451.9,12
2452.4,32
2453.2,10
2453.2,24
2453.9,14
2454.4,25
2455.0,34
2455.3,5
2456.1,17
2456.4,23
2456.5,20
2456.5,35
2457.6,26
2457.8,12
2458.1,6
2459.7,9
2460.5,36
2461.0,13
2461.2,15
2461.4,10
2462.6,16
2463.7,19
2463.7,38
2463.9,2
2464.0,22
2464.3,11
2464.6,39
2464.7,8
2465.1,28
2465.8,1
2466.7,24
2467.0,31
2467.3,17
2467.4,4
2467.8,35
2468.1,0
2468.3,21
2469.1,25
2470.1,30
2471.0,13
2471.3,12
2471.9,23
2472.1,34
2472.2,6
2472.9,7
2473.4,29
2473.4,36
2475.3,11
2476.3,24
2477.0,16
2477.3,31
2477.6,32
2477.7,20
2477.9,21
2478.2,10
2478.2,34
2478.3,13
2478.3,28
2478.5,0
2478.6,19
2478.7,26
2479.3,9
2479.4,14
2479.4,35
2479.9,6
2481.7,22
2482.6,38
2483.4,15
2483.4,36
2484.0,37
2484.3,25
2484.5,2
2485.0,8
2485.7,1
2485.8,3
2486.0,23
2486.2,17
2486.6,24
2486.9,5
2487.2,39
2487.3,30
2488.3,35
2488.9,12
2489.3,16
2490.0,13
2490.9,9
2490.9,10
2491.4,14
2491.7,26
2492.2,4
2492.2,34
2492.5,11
2492.7,6
2492.7,18
2493.0,32
2493.1,20
2493.6,31
2493.9,36
2494.2,22
2495.6,1
2496.8,23
2498.8,25
2499.0,38
2499.2,29
2499.3,19
2500.1,13
2500.1,21
2500.3,0
2500.5,10
2500.8,16
2502.4,36
2502.8,35
2503.1,28
2503.2,24
2504.4,2
2505.1,17
2505.2,5
2505.5,8
2506.2,12
2506.6,30
2507.0,32
2507.5,7
2507.8,11
2508.2,26
2508.7,22
2508.9,14
2509.3,36
2511.3,34
2511.4,20
2512.5,23
2512.7,6
2512.9,39
2513.0,13
2513.1,29
2513.1,35
2513.4,25
2513.4,37
2513.6,15
2513.7,1
2513.7,16
2513.8,31
2514.2,10
2514.9,24
2515.7,38
2517.3,28
2519.0,0
2519.1,36
2521.0,7
2521.3,17
2521.4,34
2521.9,4
2522.0,9
2523.0,11
2523.5,6
2523.8,3
2523.8,14
2524.7,12
2524.9,2
2524.9,22
2525.2,13
2526.2,15
2526.2,21
2526.6,19
2526.7,31
2527.0,5
2527.2,8
2527.3,24
2527.4,35
2527.6,23
2527.7,16
2527.7,39
2528.6,10
2528.6,30
2528.8,26
2528.9,1
2529.2,28
2531.5,20
2532.0,17
2532.1,25
2532.3,22
2532.9,29
2533.1,32
2533.8,0
2534.3,6
2534.8,36
2535.1,34
2535.2,11
2535.2,13
2535.9,12
2536.5,38
2538.0,18
2538.3,14
2538.4,8
2539.3,1
2539.3,19
2540.2,28
2540.2,30
2540.3,37
2541.2,16
2541.4,24
2542.1,36
2542.8,22
2543.4,31
2543.7,7
2543.9,34
2544.0,4
2544.1,35
2544.8,20
2544.9,9
2545.0,26
2545.6,6
2545.6,15
2545.8,23
2546.2,13
2548.1,11
2548.5,12
2548.5,39
2548.9,10
2548.9,14
2549.1,0
2549.1,5
2549.7,17
2549.8,32
2550.6,24
2551.1,2
2551.4,37
2552.3,36
2552.4,31
2552.6,25
2553.4,38
2553.5,22
2554.3,29
2554.7,16
2556.0,1
2556.9,35
2557.4,10
2557.8,28
2558.0,17
2558.2,26
2558.5,14
2558.6,21
2558.7,19
2559.1,6
2559.4,7
2560.0,9
2560.7,20
2560.8,13
2560.8,34
2561.6,23
2561.9,25
2562.0,8
2562.3,12
2562.6,30
2563.1,24
2564.0,22
2564.3,11
2564.8,15
2565.4,35
2565.4,36
2565.4,38
2566.8,0
2566.9,39
2567.6,29
2570.3,19
2570.6,31
2571.6,16
2572.1,1
2572.1,6
2572.4,9
2572.6,13
2573.3,28
2573.9,10
2573.9,25
2573.9,36
2574.2,34
2574.4,32
2574.9,22
2575.0,14
2575.3,23
2576.3,3
2576.4,7
2576.8,38
2578.1,17
2578.1,24
2578.3,8
2578.3,31
2578.5,12
2579.1,20
2579.6,5
2580.0,19
2580.3,37
2580.6,35
2580.8,11
2580.9,26
2582.2,2
2582.2,28
2582.5,16
2582.9,30
2583.8,4
2583.9,1
2585.9,0
2586.5,23
2586.6,14
2586.6,38
2586.8,18
2587.0,22
2587.2,36
2588.0,13
2589.5,34
2590.2,10
2590.5,9
2590.6,7
2591.1,25
2591.7,12
2591.8,21
2593.0,35
2593.6,31
2594.1,13
2594.2,20
2594.3,24
2594.5,37
2594.6,6
2595.1,28
2595.1,39
2595.2,32
2595.7,25
2596.2,29
2596.6,16
2596.7,15
2598.1,36
2598.4,11
2599.1,12
2599.2,34
2600.1,30
2600.3,0
2600.9,19
2601.1,22
2601.3,1
2601.9,38
2602.3,26
2602.4,5
2602.7,17
2602.8,8
2602.8,31
2602.9,23
2603.4,35
2603.8,2
2605.2,24
2605.9,16
2606.0,10
2606.1,14
2606.4,9
2606.7,20
2607.2,39
2607.3,28
2609.3,7
2610.4,36
2611.0,12
2611.2,13
2611.4,32
2611.6,11
2611.9,24
2611.9,34
2612.0,6
2612.1,25
2613.1,29
2613.6,35
2613.9,22
2614.1,38
2614.2,31
2614.3,16
2614.4,17
2614.6,37
2614.8,0
2615.0,4
2615.6,8
2615.9,21
2617.7,23
2619.0,3
2619.2,13
2619.2,1
2619.9,26
2620.3,19
2620.9,18
2621.3,2
2621.3,14
2621.8,31
2621.9,12
2622.3,35
2622.5,30
2622.7,25
2624.1,36
2624.4,10
2624.6,34
2625.1,0
2625.3,9
2625.6,16
2626.0,22
2626.2,11
2626.5,15
2626.8,38
2627.3,28
2627.4,20
2627.4,24
2628.5,21
2629.3,7
2629.3,39
2629.7,5
2630.1,30
2630.6,17
2632.3,1
2632.3,13
2633.1,29
2633.2,4
2633.5,37
2633.8,31
2634.2,26
2634.3,36
2634.4,19
2634.5,23
2635.0,12
2635.1,35
2635.7,34
2635.8,2
2635.8,25
2636.5,6
2636.5,24
2636.7,28
2636.8,11
2637.1,10
2637.2,16
2637.5,22
2638.2,8
2640.7,32
2641.2,20
2642.1,18
2642.7,15
2642.9,0
2642.9,13
2643.0,38
2643.2,23
2643.3,9
2643.8,35
2644.4,36
2645.9,14
2646.7,1
2649.0,30
2649.4,31
2649.5,16
2649.5,24
2649.5,25
2649.7,19
2649.7,34
2650.0,29
2650.2,17
2650.3,6
2650.3,7
2651.2,22
2652.3,12
2652.9,11
2653.2,39
2653.5,10
2653.5,13
2654.1,37
2655.2,23
2655.8,28
2655.8,38
2655.8,21
2656.0,36
2656.6,8
2656.9,35
2657.3,5
2657.5,16
2658.7,20
2659.6,26
2660.7,13
2660.8,2
2660.9,14
2660.9,34
2661.0,39
2661.2,25
2661.3,31
2661.6,30
2661.7,9
2661.9,19
2662.3,0
2663.7,4
2663.7,32
2664.3,15
2664.5,1
2664.8,24
2665.5,28
2665.7,22
2666.3,10
2666.4,12
2666.5,6
2666.8,11
2666.9,23
2668.2,3
2669.0,16
2669.5,36
2669.7,35
2669.8,8
2670.4,7
2670.5,34
2670.6,17
2671.9,2
2672.8,13
2674.5,26
2675.2,21
2675.9,0
2676.0,11
2676.2,1
2676.8,19
2676.8,29
2677.7,31
2678.7,6
2678.9,28
2679.5,30
2679.5,36
2679.7,34
2680.2,20
2680.3,12
2680.7,22
2680.8,25
2680.8,38
2681.0,35
2681.1,24
2681.2,5
2682.4,10
2683.2,13
2683.8,14
2683.8,37
2684.7,18
2684.7,23
2685.1,8
2685.2,17
2685.3,39
2688.1,16
2688.3,19
2689.1,0
2689.5,29
2689.9,12
2690.6,15
2690.7,33
2692.2,25
2692.2,34
2692.5,36
2692.9,31
2694.4,26
2694.6,32
2694.6,35
2695.1,10
2695.1,24
2696.2,9
2696.3,6
2696.5,20
2696.6,11
2696.7,21
2696.7,22
2696.7,28
2698.6,17
2698.7,13
2699.0,16
2699.1,14
2699.5,5
2699.5,37
2700.2,1
2702.6,30
2702.8,7
2702.8,38
2703.7,12
2703.9,11
2704.3,4
2704.8,31
2704.9,23
2705.0,39
2706.1,2
2706.3,29
2706.4,34
2706.7,35
2706.7,36
2706.8,0
2707.1,8
2707.3,13
2707.6,6
2707.9,25
2709.7,22
2710.7,10
2711.7,28
2712.0,20
2712.0,24
2712.7,16
2714.7,33
2714.7,36
2714.9,17
2715.1,12
2716.0,13
2716.2,1
2716.3,11
2716.4,14
2716.7,32
2716.9,26
2717.0,35
2718.3,34
2720.1,18
2720.2,6
2720.3,23
2720.7,21
2721.5,24
2721.7,4
2722.1,28
2722.2,15
2722.3,0
2722.4,31
2722.5,22
2722.5,30
2722.7,29
2723.7,8
2724.6,2
2724.6,9
2724.8,7
2725.9,36
2726.1,38
2726.7,19
2727.4,1
2727.6,5
2727.9,17
2727.9,25
2728.8,35
2729.0,11
2729.1,37
2729.2,24
2729.6,16
2729.6,20
2729.8,13
2730.7,34
2731.8,14
2732.5,10
2733.7,12
2734.9,21
2734.9,39
2736.3,28
2737.0,38
2737.1,26
2737.1,30
2737.3,36
2737.4,31
2738.3,35
2739.3,22
2739.9,6
2739.9,19
2741.0,23
2741.5,13
2741.9,15
2742.0,0
2742.3,8
2742.4,4
2742.5,17
2743.7,34
2743.8,25
2744.0,12
2744.4,18
2744.6,24
2744.7,5
2744.8,2
2744.9,1
2745.1,37
2745.2,29
2746.3,16
2748.0,31
2748.1,11
2748.6,28
2748.8,7
2749.4,14
2749.5,20
2749.7,22
2750.3,9
2750.6,35
2750.9,30
2751.2,26
2751.7,6
2751.8,38
2753.3,1
2753.5,21
2753.6,10
2753.8,36
2754.1,0
2755.3,13
2755.3,24
2755.8,34
2755.9,12
2756.4,32
2757.1,17
2757.4,15
2761.1,23
2761.5,11
2761.6,13
2761.8,14
2762.2,28
2762.3,36
2762.4,8
2762.5,26
2762.9,16
2763.2,29
2763.4,25
2763.5,19
2764.2,1
2764.2,6
2764.6,20
2764.6,9
2765.6,31
2766.1,22
2766.3,37
2766.4,2
2766.7,35
2767.1,38
2767.8,24
2769.5,10
2769.5,12
2769.9,36
2769.9,39
2770.1,7
2770.3,34
2770.5,4
2770.5,17
2770.7,0
2771.2,21
2772.6,13
2773.4,5
2773.6,23
2773.8,30
2775.1,19
2775.3,35
2776.1,15
2776.1,28
2776.2,16
2776.2,25
2776.4,6
2777.1,29
2778.1,11
2778.6,32
2778.7,0
2779.0,13
2780.2,36
2780.4,31
2780.8,22
2781.8,14
2782.3,20
2782.6,24
2782.7,34
2782.9,26
2783.4,8
2784.0,7
2784.6,30
2784.9,17
2785.0,38
2786.0,4
2786.0,9
2786.0,12
2786.2,35
2786.9,3
2788.6,1
2789.7,28
2789.9,37
2790.1,11
2790.9,10
2791.0,22
2791.3,16
2791.5,0
2791.7,6
2791.7,15
2791.8,24
2792.0,13
2792.3,25
2792.5,34
2792.7,31
2793.0,19
2795.2,21
2795.7,12
2795.9,36
2796.0,39
2797.3,2
2797.3,18
2797.4,1
2797.5,29
2797.8,5
2798.7,35
2800.3,17
2801.1,13
2801.1,16
2801.2,38
2801.5,11
2801.7,9
2801.9,20
2801.9,26
2802.5,30
2802.5,32
2803.2,7
2803.3,0
2803.3,6
2803.8,23
2805.2,24
2805.3,36
2805.5,31
2806.9,14
2807.0,34
2807.1,28
2807.2,22
2807.8,35
2808.2,12
2808.8,1
2809.6,19
2809.9,10
2809.9,13
2810.2,37
2810.4,21
2810.5,4
2812.6,16
2812.6,17
2813.9,11
2814.2,15
2814.3,25
2814.9,23
2815.3,29
2815.6,8
2817.9,28
2818.8,10
2818.9,31
2819.2,24
2819.6,39
2820.1,2
2820.9,20
2821.0,26
2821.6,22
2821.7,13
2821.7,16
2821.7,21
2821.8,36
2822.2,38
2822.5,30
2822.6,14
2823.6,34
2824.7,7
2825.3,23
2825.4,0
2825.4,5
2825.4,25
2825.9,6
2826.0,1
2826.3,9
2826.3,37
2826.7,32
2827.6,35
2828.3,17
2828.5,4
2828.9,18
2829.4,12
2830.2,19
2830.6,31
2830.9,20
2830.9,24
2831.4,28
2831.6,13
2831.9,16
2832.1,29
2832.3,0
2833.4,8
2833.6,11
2833.6,15
2833.9,22
2833.9,36
2835.7,35
2837.0,30
2837.8,25
2838.3,34
2838.6,39
2838.9,14
2839.1,24
2839.2,10
2839.3,16
2839.3,23
2839.7,9
2839.8,1
2840.0,6
2841.1,32
2841.1,36
2841.8,7
2841.8,12
2841.9,31
2842.7,13
2843.1,2
2843.3,26
2843.5,28
2843.6,20
2844.8,38
2846.9,11
2847.2,0
2847.5,22
2848.5,35
2848.6,17
2848.6,19
2848.9,8
2850.3,16
2850.3,34
2852.6,23
2852.8,12
2853.0,28
2853.7,6
2853.8,13
2853.9,39
2854.0,14
2854.1,15
2854.3,21
2854.5,37
2854.7,36
2855.5,1
2855.7,11
2855.7,31
2856.5,26
2857.5,25
2857.9,35
2860.2,30
2860.6,9
2860.7,2
2860.7,4
2861.0,24
2861.7,29
2862.7,10
2862.9,16
2863.7,22
2863.8,0
2863.8,13
2864.4,36
2864.4,38
2865.1,19
2865.8,39
2866.1,6
2866.1,34
2866.2,28
2866.7,8
2866.8,3
2866.9,35
2867.8,20
2867.9,1
2868.0,12
2868.4,17
2868.4,18
2868.6,32
2868.8,7
2868.8,23
2869.5,14
2870.0,15
2870.4,11
2872.6,33
2873.3,24
2873.4,26
2874.6,0
2874.8,13
2875.0,5
2876.1,38
2876.4,10
2877.3,22
2877.4,16
2877.6,25
2877.9,29
2879.2,36
2880.2,30
2880.4,31
2881.0,34
2881.9,19
2882.3,21
2882.7,6
2883.5,20
2883.5,23
2884.4,39
2884.6,13
2885.0,1
2885.7,2
2885.9,24
2886.1,12
2886.2,14
2886.9,17
2888.4,35
2889.0,9
2889.0,11
2889.4,28
2889.5,37
2889.9,22
2890.2,16
2890.6,20
2890.9,10
2891.2,36
2891.3,0
2891.4,26
2891.5,29
2891.7,38
2892.0,8
2892.3,7
2893.0,12
2893.2,34
2893.3,25
2893.6,32
2894.4,13
2895.0,30
2896.0,31
2896.6,6
2898.6,15
2899.2,28
2899.7,1
2899.9,18
2900.0,24
2900.6,11
2900.7,17
2900.7,35
2900.8,9
2901.0,19
2901.1,12
2901.1,23
2901.8,5
2901.8,39
2902.3,38
2903.0,22
2903.2,29
2904.0,21
2904.4,14
2904.5,37
2905.8,36
2906.0,16
2906.2,30
2906.3,10
2906.9,34
2907.2,13
2907.5,0
2907.6,24
2908.8,25
2910.1,2
2910.3,6
2910.4,8
2910.7,26
2913.3,35
2913.4,17
2913.4,22
2916.0,20
2916.3,11
2916.8,32
2917.1,7
2917.1,19
2917.4,28
2918.0,23
2918.3,34
2918.8,12
2918.9,13
2919.0,36
2919.2,18
2919.3,1
2919.3,6
2919.3,24
2919.3,31
2919.7,39
2919.8,4
2920.0,10
2920.1,38
2920.4,25
2921.8,0
2924.1,30
2925.5,8
2925.6,22
2925.9,17
2926.1,35
2926.5,15
2926.5,16
2926.5,21
2927.1,29
2927.5,37
2928.1,31
2929.6,23
2929.9,38
2930.0,1
2930.2,14
2930.7,2
2931.1,11
2931.4,20
2931.5,39
2931.9,36
2932.0,6
2932.1,24
2932.3,9
2932.4,7
2932.8,12
2932.8,13
2932.9,25
2933.2,34
2933.8,10
2935.1,35
2935.8,26
2936.1,28
2936.1,16
2938.0,5
2939.2,1
2939.3,17
2939.9,19
2940.4,4
2940.4,13
2940.4,30
2940.7,0
2940.7,6
2940.7,22
2940.9,15
2941.0,32
2941.9,12
2942.6,36
2942.9,29
2944.9,11
2945.4,31
2945.8,23
2945.9,25
2946.0,34
2946.0,24
2946.5,21
2946.9,35
2947.0,8
2947.0,14
2947.7,2
2948.3,28
2949.5,12
2950.0,19
2951.4,9
2951.4,20
2951.4,39
2951.5,16
2952.8,0
2952.8,10
2953.8,1
2953.8,13
2954.1,36
2954.9,38
2955.3,6
2957.4,11
2957.8,4
2957.8,37
2958.0,29
2958.1,17
2958.2,26
2958.2,15
2958.4,22
2958.6,7
2959.9,24
2960.0,28
2962.4,23
2962.7,34
2962.8,30
2963.2,31
2963.7,8
2963.7,19
2964.1,2
2964.2,20
2964.3,16
2964.5,18
2964.7,35
2964.9,14
2965.0,10
2965.1,13
2965.1,22
2965.2,5
2966.7,36
2967.2,1
2967.2,12
2969.2,6
2969.2,11
2969.8,25
2971.8,0
2972.2,24
2973.6,4
2973.6,28
2974.7,38
2974.8,32
2975.1,13
2975.2,9
2975.2,34
2975.2,39
2976.4,35
2977.0,26
2977.1,14
2977.7,22
2977.9,36
2978.2,12
2978.4,29
2978.5,10
2978.5,31
2978.7,23
2978.8,16
2979.2,19
2979.3,17
2979.4,21
2979.6,1
2979.8,7
2982.4,5
2982.5,6
2982.5,11
2982.6,24
2982.9,37
2983.0,18
2983.0,28
2983.1,2
2983.5,35
2983.8,8
2983.8,25
2984.0,13
2984.7,15
2986.8,20
2986.8,30
2987.4,12
2988.5,34
2988.6,0
2989.2,3
2989.6,9
2989.9,38
2990.0,23
2990.4,22
2990.5,39
2990.7,17
2990.8,19
2990.8,36
2990.9,10
2990.9,32
2991.4,21
2991.7,13
2992.3,31
2992.8,14
2992.8,16
2993.9,24
2994.2,29
2995.2,28
2996.2,35
2998.2,7
2998.4,2
2998.8,23
2999.2,25
2999.2,34
2999.6,6
3000.3,1
3000.5,11
3000.6,24
3003.0,13
3003.8,0
3003.9,16
3004.6,10
3004.9,32
3005.0,31
3005.0,36
3005.1,8
3005.5,12
3005.6,22
3005.6,30
3006.3,17
3007.2,35
3007.5,26
3007.9,5
3008.7,19
3008.9,6
3008.9,14
3009.8,29
3010.7,20
3011.4,25
3011.7,38
3011.7,39
3011.8,28
3011.9,34
3012.0,11
3012.1,33
3012.3,15
3012.3,21
3012.5,4
3012.5,13
3012.8,24
3013.1,9
3013.7,23
3017.3,10
3017.5,2
3018.0,31
3018.1,1
3018.1,16
3018.6,37
3019.7,12
3019.7,14
3020.1,8
3020.5,32
3020.6,7
3021.1,22
3022.0,17
3022.0,36
3022.1,0
3023.6,35
3024.7,13
3025.7,6
3025.8,38
3025.9,19
3026.4,25
3026.8,11
3027.2,34
3027.3,20
3027.3,26
3027.5,5
3027.6,30
3027.7,29
3027.7,21
3027.7,28
3027.9,24
3028.3,39
3028.5,16
3029.1,10
3030.3,1
3030.6,31
3031.9,23
3033.1,17
3033.2,13
3033.8,35
3034.0,9
3034.6,2
3034.9,0
3035.2,8
3035.2,36
3035.4,14
3036.2,6
3036.6,12
3037.6,34
3038.8,11
3038.9,18
3039.4,15
3040.5,19
3041.4,5
3041.7,10
3041.9,22
3042.0,20
3042.1,23
3042.2,32
3042.3,4
3042.4,13
3042.4,37
3042.5,16
3042.7,38
3043.3,3
3043.4,7
3043.4,24
3043.5,25
3045.6,36
3046.2,28
3048.0,35
3048.2,21
3048.4,31
3049.1,1
3049.2,12
3049.9,9
3050.1,2
3050.1,17
3050.5,26
3051.0,29
3051.3,8
3051.8,24
3051.9,6
3051.9,11
3053.1,25
3054.5,0
3054.9,14
3055.0,16
3055.2,22
3055.4,13
3056.0,30
3057.4,39
3057.6,23
3057.7,35
3058.5,28
3058.6,10
3058.8,17
3058.8,38
3059.1,19
3059.1,36
3060.1,31
3060.2,32
3060.2,34
3060.6,15
3060.6,25
3061.7,20
3061.8,2
3062.0,24
3062.8,12
3063.6,6
3063.8,13
3064.0,9
3064.3,8
3064.8,7
3065.3,4
3065.4,16
3065.7,26
3065.9,5
3066.0,14
3066.3,1
3066.3,29
3066.4,11
3066.5,37
3066.9,22
3067.1,36
3068.1,0
3068.9,18
3069.9,35
3071.5,34
3072.2,28
3072.5,23
3073.1,17
3073.3,12
3074.1,21
3074.5,31
3074.6,24
3075.0,19
3075.4,38
3075.6,13
3075.9,25
3077.1,10
3078.0,6
3078.5,22
3078.8,30
3079.7,11
3080.0,0
3080.3,9
3080.5,29
3080.9,2
3080.9,16
3081.7,28
3081.8,35
3081.9,36
3082.1,15
3082.4,13
3082.6,20
3083.4,3
3084.9,34
3084.9,39
3085.2,14
3085.7,1
3086.1,32
3086.1,37
3086.9,12
3087.6,5
3088.4,26
3088.7,8
3088.7,24
3090.2,31
3090.2,11
3090.6,7
3092.0,13
3092.1,38
3092.6,22
3093.0,23
3093.3,35
3093.3,17
3094.8,21
3095.8,28
3096.7,19
3097.4,6
3097.5,1
3098.2,10
3098.2,39
3098.3,9
3098.3,25
3098.5,16
3098.9,15
3099.0,12
3099.8,14
3100.4,36
3100.9,4
3101.2,34
3101.9,8
3102.1,5
3102.1,29
3102.2,11
3103.4,30
3104.1,31
3104.6,20
3105.3,23
3105.3,35
3106.0,13
3106.0,24
3106.3,2
3108.0,22
3108.2,0
3108.4,32
3108.7,38
3109.4,26
3110.6,36
3112.2,1
3112.2,17
3112.3,34
3113.4,7
3113.5,11
3113.6,16
3113.8,28
3113.9,6
3113.9,12
3114.9,37
3115.2,10
3115.2,13
3117.0,8
3117.5,39
3117.7,30
3117.8,25
3118.0,19
3118.0,21
3118.5,35
3118.6,22
3119.0,31
3119.6,14
3119.9,23
3120.9,15
3121.0,13
3123.9,16
3123.9,26
3124.1,5
3124.3,9
3125.1,36
3125.3,32
3125.5,17
3125.6,20
3125.6,38
3126.3,24
3126.6,28
3127.4,0
3127.6,12
3128.4,11
3128.6,29
3128.7,22
3128.9,18
3129.3,6
3129.6,34
3129.8,25
3130.9,2
3131.2,10
3131.4,4
3131.4,13
3131.6,14
3131.9,31
3132.0,35
3132.2,1
3133.5,26
3133.7,7
3136.0,23
3136.5,21
3136.9,15
3137.2,8
3137.2,20
3137.2,36
3138.1,16
3138.3,11
3138.4,30
3139.3,10
3139.9,34
3140.0,9
3140.2,13
3140.3,35
3140.8,24
3140.9,5
3141.6,38
3141.7,29
3141.8,12
3141.9,6
3143.0,17
3143.1,22
3143.4,37
3143.6,39
3143.9,4
3143.9,28
3145.1,19
3145.6,0
3145.7,31
3146.3,23
3147.9,14
3148.1,25
3148.9,36
3149.2,2
3149.7,16
3150.0,13
3150.4,20
3150.6,1
3150.8,12
3150.9,3
3151.5,17
3152.6,22
3152.6,34
3152.6,35
3153.8,32
3154.7,6
3154.7,7
3154.8,10
3155.3,19
3155.3,31
3156.4,21
3156.8,23
3156.9,9
3157.3,30
3157.5,36
3157.7,11
3157.7,39
3158.8,28
3159.0,26
3159.4,8
3159.5,24
3160.0,20
3160.4,18
3161.0,13
3162.0,15
3162.1,38
3162.4,34
3163.1,16
3163.9,22
3164.0,35
3164.1,1
3164.4,4
3165.4,14
3165.4,25
3165.5,21
3165.8,12
3166.5,0
3167.0,6
3167.2,2
3167.2,31
3167.3,5
3167.5,15
3167.6,29
3167.6,37
3168.4,24
3168.5,17
3169.9,36
3171.9,35
3172.8,34
3173.0,28
3173.1,39
3173.8,23
3174.3,9
3174.3,11
3174.4,13
3174.4,26
3174.5,20
3175.3,25
3175.5,19
3175.6,10
3176.5,38
3178.3,1
3178.7,16
3178.9,8
3179.6,24
3179.8,7
3180.1,31
3180.3,22
3180.3,36
3182.1,13
3183.4,28
3183.8,12
3184.2,30
3184.2,34
3184.2,35
3184.7,6
3184.7,17
3185.2,19
3185.4,4
3185.7,18
3185.7,32
3185.7,39
3185.8,14
3186.0,0
3186.2,10
3187.0,33
3187.5,21
3187.8,29
3189.0,11
3189.2,26
3189.3,25
3190.7,16
3191.7,23
3192.4,9
3192.6,24
3193.1,13
3193.4,31
3194.2,20
3194.9,38
3195.4,22
3195.9,34
3196.0,1
3196.0,5
3197.4,37
3197.9,30
3198.0,35
3198.0,36
3199.7,2
3200.8,8
3200.8,12
3201.2,28
3201.4,6
3201.5,4
3201.5,11
3202.4,13
3202.4,17
3202.8,31
3203.3,25
3203.3,29
3203.6,10
3204.0,0
3204.6,16
3204.6,34
3205.2,23
3205.4,39
3205.5,24
3205.5,26
3205.9,15
3206.1,14
3206.4,32
3206.9,22
3206.9,36
3207.2,35
3208.2,38
3209.1,19
3209.8,20
3209.8,21
3210.6,1
3211.4,18
3211.5,9
3211.6,34
3212.4,13
3212.8,7
3212.9,28
3213.3,12
3214.1,30
3215.8,23
3216.7,31
3217.0,6
3217.5,38
3217.7,11
3218.5,39
3218.6,16
3219.2,25
3219.4,35
3219.5,12
3219.7,17
3219.8,13
3219.8,22
3220.4,8
3220.5,37
3220.6,2
3221.1,24
3221.5,36
3221.9,0
3222.7,10
3222.7,28
3223.1,29
3224.2,20
3224.3,31
3224.5,19
3224.9,9
3225.3,15
3225.6,1
3225.9,5
3226.3,14
3226.8,35
3229.8,13
3229.9,11
3230.3,30
3230.8,34
3231.0,21
3231.0,26
3231.2,23
3231.9,39
3232.2,32
3232.6,16
3233.8,38
3234.0,3
3234.3,6
3234.9,36
3235.0,7
3235.1,24
3235.2,9
3235.3,28
3235.6,12
3236.0,18
3236.2,20
3238.1,4
3238.1,25
3238.6,31
3238.8,35
3239.3,0
3240.5,37
3241.3,13
3241.4,17
3241.7,2
3241.8,1
3242.3,22
3243.0,10
3243.3,6
3243.9,34
3244.8,16
3245.5,5
3245.5,30
3245.7,23
3246.2,26
3246.5,11
3247.3,19
3247.4,12
3247.6,29
3249.7,36
3249.7,35
3250.0,32
3250.1,28
3250.2,13
3250.8,15
3251.1,8
3251.5,20
3251.8,38
3252.0,14
3252.1,9
3252.7,24
3253.3,0
3253.3,1
3255.2,34
3255.6,10
3255.6,31
3255.8,39
3256.1,22
3256.3,27
3256.4,12
3257.1,19
3257.9,17
3257.9,36
3258.1,25
3258.8,16
3260.1,35
3260.4,21
3261.1,2
3261.1,13
3261.1,23
3261.6,14
3262.1,7
3262.5,26
3263.4,37
3263.9,11
3265.3,1
3265.5,6
3265.5,30
3266.5,22
3266.9,24
3267.4,4
3267.4,23
3268.0,28
3268.2,38
3268.5,9
3268.6,12
3268.6,31
3268.9,36
3269.2,0
3269.4,20
3269.5,5
3269.5,25
3269.7,10
3269.7,39
3270.8,16
3271.2,29
3271.4,34
3273.3,8
3274.5,35
3275.6,19
3275.8,12
3276.9,14
3277.0,13
3277.0,15
3277.0,24
3277.2,17
3277.7,38
3277.9,18
3278.6,31
3278.7,25
3280.2,20
3280.9,7
3281.1,23
3281.6,1
3281.9,6
3282.5,11
3282.6,36
3283.0,21
3283.2,0
3283.5,22
3283.6,5
3283.6,34
3285.0,16
3285.2,26
3285.9,28
3285.9,32
3286.3,2
3286.3,30
3286.7,13
3287.5,35
3287.9,9
3288.2,37
3288.4,12
3288.5,19
3289.1,10
3291.5,39
3291.7,6
3291.7,24
3292.1,31
3292.8,36
3293.1,1
3293.1,22
3293.7,16
3293.8,34
3295.3,14
3295.4,17
3295.8,11
3296.1,0
3296.2,23
3296.6,3
3296.9,29
3297.9,38
3298.1,12
3298.3,26
3299.4,30
3299.5,28
3299.6,20
3299.7,37
3300.1,13
3300.7,25
3301.8,21
3302.2,10
3302.4,15
3303.2,34
3303.3,8
3304.0,35
3304.6,19
3305.5,24
3305.7,2
3306.3,22
3307.7,1
3308.3,0
3308.7,36
3308.8,4
3309.1,13
3309.2,6
3309.2,11
3309.3,28
3309.6,31
3309.7,9
3310.7,16
3311.2,14
3311.6,12
3311.6,25
3311.9,17
3313.5,26
3314.4,35
3315.0,39
3315.5,24
3315.7,30
3315.8,10
3316.1,23
3316.2,5
3316.2,32
3316.2,38
3316.5,37
3316.8,29
3316.8,18
3316.8,34
3317.0,20
3317.4,1
3317.5,16
3317.9,7
3318.4,31
3319.3,8
3320.7,12
3320.7,21
3320.9,28
3320.9,36
3321.4,22
3323.6,11
3323.7,14
3324.0,13
3324.7,19
3324.8,0
3325.2,23
3326.7,6
3326.9,25
3327.2,24
3327.2,35
3328.1,26
3328.7,31
3328.8,9
3328.9,38
3329.0,22
3330.0,16
3330.9,10
3332.5,36
3333.0,12
3333.2,15
3333.3,5
3333.3,34
3333.6,20
3333.8,30
3334.4,29
3335.7,32
3336.4,13
3337.1,14
3337.1,18
3338.0,17
3338.5,39
3338.7,2
3338.7,11
3338.8,6
3338.8,38
3339.1,8
3339.7,7
3339.8,37
3340.5,28
3341.9,26
3342.8,35
3343.5,25
3343.9,22
3344.5,31
3344.7,12
3344.9,0
3344.9,34
3345.3,23
3346.1,20
3346.1,30
3346.3,4
3346.6,1
3346.7,10
3347.3,16
3348.0,24
3348.5,19
3348.5,29
3348.7,9
3349.1,28
3349.4,13
3349.4,21
3349.8,35
3350.3,36
3351.2,6
3353.5,14
3353.6,34
3354.3,11
3354.3,17
3354.9,12
3354.9,31
3355.6,39
3356.2,26
3356.4,15
3356.4,24
3357.5,23
3357.9,38
3358.0,2
3358.8,22
3359.1,8
3359.2,10
3360.6,13
3361.2,30
3361.2,36
3361.7,7
3363.1,16
3363.8,21
3363.9,23
3364.4,0
3364.5,32
3364.8,35
3364.9,37
3365.0,19
3365.2,25
3365.4,1
3366.1,12
3366.1,34
3366.2,29
3366.4,14
3366.5,5
3366.7,6
3366.9,28
3367.1,17
3367.1,31
3368.2,20
3368.2,26
3368.3,9
3368.3,11
3368.4,13
3369.4,24
3372.9,39
3373.4,22
3374.2,36
3375.8,35
3376.5,16
3377.8,24
3377.9,18
3378.6,15
3378.7,10
3379.3,4
3379.3,13
3379.3,30
3379.8,2
3380.0,26
3380.1,1
3380.2,34
3380.2,38
3380.3,12
3380.7,0
3380.7,6
3381.4,36
3381.6,21
3381.6,25
3382.2,17
3383.3,8
3383.8,16
3384.5,29
3385.1,28
3385.9,22
3385.9,37
3386.2,7
3386.2,13
3386.3,32
3386.8,11
3386.8,23
3387.0,31
3387.4,14
3388.2,10
3388.4,35
3389.4,9
3390.0,19
3390.1,20
3390.9,24
3390.9,25
3391.2,17
3391.4,3
3392.0,34
3392.2,38
3392.3,36
3393.0,0
3393.1,1
3393.2,2
3394.1,39
3395.0,26
3395.5,13
3396.3,12
3397.2,30
3397.5,6
3397.6,23
3397.8,22
3398.4,14
3398.4,15
3398.6,35
3399.2,16
3399.5,32
3400.8,10
3401.6,11
3401.6,31
3402.2,21
3402.3,36
3402.6,28
3403.8,29
3404.8,1
3404.9,34
3405.5,19
3405.7,0
3405.8,20
3406.1,2
3406.6,18
3406.6,33
3406.8,13
3406.8,25
3407.7,8
3407.7,24
3407.9,5
3408.5,10
3408.5,31
3408.5,39
3408.9,17
3409.5,26
3409.6,36
3410.0,4
3410.3,22
3411.9,9
3411.9,30
3412.4,23
3414.1,11
3414.2,16
3414.3,14
3414.3,35
3414.6,38
3414.9,12
3414.9,28
3415.0,7
3415.9,34
3416.2,6
3416.6,29
3419.2,15
3419.7,13
3420.1,21
3420.8,36
3421.1,20
3421.1,32
3422.4,24
3422.8,0
3422.9,17
3423.1,19
3423.3,22
3424.2,18
3424.6,6
3424.7,35
3424.8,16
3425.1,10
3425.3,1
3425.9,9
3425.9,12
3426.2,26
3426.3,37
3426.7,11
3426.7,31
3427.2,23
3427.5,13
3427.9,25
3428.8,34
3430.4,28
3431.6,5
3431.8,14
3431.9,38
3432.1,0
3433.8,30
3434.2,7
3434.2,39
3436.1,10
3436.2,3
3436.2,13
3436.4,15
3436.4,17
3436.6,36
3437.1,19
3437.1,24
3437.5,16
3438.1,6
3438.3,35
3438.5,12
3439.0,22
3439.4,2
3439.5,8
3439.6,34
3439.7,31
3440.1,14
3440.3,9
3440.4,26
3440.5,20
3441.5,11
3443.6,23
3443.6,28
3443.8,13
3444.1,1
3444.6,29
3444.7,25
3444.7,37
3447.5,35
3447.6,32
3447.8,36
3448.1,16
3448.6,4
3448.6,21
3449.3,38
3450.3,24
3450.9,18
3451.1,6
3451.1,11
3451.4,0
3451.6,10
3451.6,39
3452.1,12
3452.6,19
3452.7,30
3453.3,17
3453.3,34
3454.2,22
3454.3,13
3454.8,5
3455.0,31
3456.1,20
3456.7,28
3456.8,25
3456.9,15
3457.3,16
3459.6,1
3459.6,14
3460.6,23
3460.8,36
3461.1,8
3461.8,26
3462.1,11
3462.4,37
3463.1,31
3463.1,35
3463.5,12
3463.8,9
3464.0,34
3464.8,10
3465.2,6
3465.4,4
3465.6,24
3465.8,7
3466.0,0
3466.7,22
3466.8,13
3467.8,20
3468.3,30
3469.3,21
3470.3,38
3470.5,2
3471.2,29
3471.3,16
3471.6,1
3471.8,36
3472.1,19
3472.5,35
3472.8,25
3473.8,5
3474.2,14
3474.5,17
3474.7,34
3475.0,6
3475.0,23
3475.5,9
3475.8,26
3478.2,31
3478.6,20
3478.6,24
3479.1,13
3479.6,32
3480.6,11
3480.7,39
3480.9,12
3481.1,10
3481.3,15
3481.9,0
3482.0,28
3482.4,16
3483.4,8
3484.2,1
3484.2,25
3484.3,6
3484.7,22
3484.8,34
3485.5,19
3485.9,18
3486.4,29
3486.4,37
3486.6,36
3487.1,35
3490.2,13
3490.7,31
3491.3,24
3491.5,32
3491.9,12
3492.0,7
3493.3,23
3493.4,10
3493.8,0
3493.9,26
3494.0,38
3494.1,30
3494.4,11
3494.7,9
3494.7,20
3496.3,39
3496.7,1
3496.7,28
3497.8,21
3497.9,35
3498.7,16
3498.9,22
3499.1,14
3500.0,13
3500.0,31
3500.3,17
3500.8,6
3501.1,25
3501.3,36
3501.4,34
3501.5,3
3501.5,8
3501.9,19
3504.3,24
3504.7,5
3505.0,11
3505.3,29
3505.9,30
3506.4,12
3506.5,35
3506.8,2
3507.5,15
3507.5,16
3508.0,32
3508.4,20
3509.2,27
3509.3,10
3509.3,38
3510.0,39
3510.3,19
3510.6,9
3511.8,13
3512.5,22
3512.5,31
3512.9,6
3513.4,26
3513.6,21
3513.7,37
3514.0,17
3514.0,18
3514.0,34
3515.0,23
3515.1,28
3515.9,4
3516.4,14
3516.5,1
3517.2,8
3517.3,36
3517.5,24
3517.9,0
3518.1,11
3518.8,25
3521.3,15
3521.3,29
3521.3,30
3521.5,12
3521.8,5
3522.4,35
3523.3,20
3523.7,32
3523.8,13
3523.8,34
3524.3,31
3524.7,2
3526.8,36
3527.1,16
3527.2,7
3527.4,6
3527.6,19
3528.0,1
3528.1,24
3528.4,11
3528.9,28
3529.6,26
3529.8,38
3530.0,22
3530.3,9
3530.6,25
3531.0,17
3531.1,14
3531.2,23
3531.3,10
3532.0,12
3532.1,39
3532.7,13
3533.3,37
3534.3,0
3535.0,35
3535.3,16
3535.6,34
3536.7,32
3537.1,31
3540.1,30
3540.8,1
3541.8,3
3541.8,9
3541.8,12
3541.8,34
3542.3,11
3542.3,36
3542.7,38
3542.8,14
3542.8,21
3542.8,28
3542.9,8
3543.1,29
3543.2,13
3543.2,23
3543.5,10
3543.7,20
3543.7,35
3544.0,6
3544.7,24
3545.1,19
3546.3,22
3546.6,16
3547.2,5
3547.2,31
3547.5,2
3547.8,25
3548.3,7
3548.4,4
3548.4,15
3550.3,17
3550.7,26
3550.7,28
3550.9,18
3551.6,0
3553.7,34
3555.5,39
3555.6,30
3555.9,12
3556.1,9
3556.3,11
3556.3,24
3556.8,1
3556.8,13
3556.8,38
3558.3,16
3558.4,36
3559.0,6
3559.2,35
3559.4,37
3559.5,14
3560.0,29
3560.7,17
3560.7,28
3561.3,20
3562.7,22
3563.2,26
3564.0,10
3564.1,13
3566.1,36
3566.2,8
3566.2,31
3566.5,19
3567.3,34
3567.5,32
3567.7,2
3568.0,15
3568.2,14
3568.8,24
3569.7,11
3569.8,23
3570.3,35
3570.4,6
3571.1,3
3571.6,18
3571.7,12
3571.9,25
3573.3,0
3573.3,38
3573.4,16
3574.6,20
3574.7,21
3574.8,1
3574.9,22
3574.9,36
3575.8,30
3577.4,5
3577.4,13
3577.4,28
3577.5,9
3577.6,39
3578.4,11
3578.6,14
3578.9,10
3579.4,34
3579.4,37
3580.5,17
3580.9,31
3582.2,35
3582.8,26
3583.0,16
3583.6,19
3583.9,29
3584.0,23
3584.1,6
3584.2,24
3584.3,7
3586.1,22
3586.2,8
3586.3,0
3586.5,13
3586.7,25
3587.2,28
3587.3,36
3588.5,20
3589.2,34
3589.3,4
3589.4,32
3590.1,12
3591.1,1
3591.7,2
3592.1,15
3592.3,10
3593.3,16
3593.5,24
3593.7,17
3594.0,13
3594.2,38
3594.9,21
3595.3,30
3595.5,19
3595.6,11
3595.7,14
3595.7,37
3595.9,6
3596.3,23
3596.4,35
3597.0,31
3597.2,5
3598.5,36
3600.4,18
3601.0,0
3601.5,22
3601.6,12
3601.6,25
3602.5,17
3602.8,14
3603.0,29
3603.2,34
3603.3,20
3603.7,24
3604.1,9
3604.2,2
3604.3,7
3605.3,32
3605.4,39
3605.6,26
3606.5,1
3607.1,13
3607.3,11
3607.5,31
3608.2,28
3608.9,35
3609.3,8
3609.4,38
3609.7,15
3610.6,10
3611.0,6
3611.5,36
3611.7,22
3612.6,21
3612.7,23
3612.7,24
3613.0,12
3613.6,19
3614.3,16
3614.9,25
3615.4,34
3616.0,30
3616.8,13
3617.3,9
3618.2,18
3618.3,35
3619.1,11
3619.3,0
3619.3,4
3619.3,32
3619.8,14
3619.8,37
3620.1,12
3620.1,31
3620.2,17
3620.3,10
3620.3,36
3620.4,20
3620.9,22
3620.9,39
3621.1,28
3621.7,2
3622.6,26
3624.5,6
3625.6,29
3625.8,34
3627.1,23
3627.2,15
3627.4,16
3627.6,7
3628.7,24
3629.3,12
3629.9,21
3630.2,1
3630.2,19
3630.7,35
3630.8,30
3631.8,11
3633.1,8
3633.3,25
3633.5,0
3633.6,10
3634.0,31
3634.3,13
3634.6,38
3634.9,9
3635.4,23
3635.6,32
3636.1,34
3636.6,7
3637.1,14
3637.1,28
3638.1,2
3638.4,36
3638.5,22
3638.9,35
3639.8,1
3639.8,5
3639.9,26
3640.1,37
3640.7,17
3641.1,6
3641.9,12
3643.7,20
3644.8,19
3645.2,25
3645.4,16
3645.5,0
3645.7,29
3647.1,39
3647.6,4
3648.3,13
3648.7,23
3649.1,14
3649.4,15
3650.1,38
3650.3,10
3650.3,30
3650.5,22
3650.5,24
3650.7,28
3650.7,34
3651.0,36
3651.5,31
3652.1,6
3652.7,2
3654.9,37
3655.2,35
3655.4,8
3656.4,39
3656.6,12
3657.1,3
3657.3,25
3658.5,5
3658.7,23
3659.5,19
3660.3,16
3660.3,32
3660.6,11
3662.0,31
3662.4,22
3663.1,13
3663.4,36
3663.5,20
3663.6,24
3663.7,17
3663.8,7
3664.0,1
3664.5,9
3664.5,34
3664.5,38
3665.3,0
3665.3,21
3666.3,15
3666.8,28
3666.8,30
3667.0,2
3667.0,35
3667.3,29
3667.6,18
3667.7,6
3668.3,10
3668.5,26
3669.1,39
3669.7,16
3670.6,14
3670.8,24
3671.2,19
3671.6,4
3671.7,12
3671.8,37
3673.4,22
3674.2,25
3676.4,36
3676.7,13
3677.9,10
3678.0,28
3678.1,34
3678.1,35
3678.2,1
3678.6,23
3678.8,6
3678.8,31
3679.5,17
3679.5,32
3681.4,20
3682.1,11
3682.3,0
3682.4,38
3682.7,14
3682.8,5
3683.1,30
3684.2,26
3684.6,24
3684.7,8
3685.1,22
3686.6,12
3686.6,16
3686.8,36
3687.0,29
3687.2,7
3688.4,4
3688.5,39
3688.7,13
3689.5,9
3689.9,35
3690.2,2
3690.5,19
3692.7,6
3692.8,1
3693.1,15
3693.1,37
3693.5,21
3694.5,23
3694.6,34
3694.8,0
3694.8,20
3694.8,31
3695.1,10
3695.5,17
3695.8,3
3696.3,16
3696.6,28
3697.5,11
3697.5,38
3698.2,36
3698.3,25
3698.8,9
3698.9,5
3699.1,24
3699.4,18
3699.9,13
3700.1,35
3700.4,14
3700.4,22
3700.7,29
3703.1,30
3704.8,12
3704.9,2
3705.2,1
3705.2,32
3705.3,16
3705.8,7
3705.8,10
3706.3,26
3706.5,19
3707.8,20
3707.9,6
3708.0,4
3708.0,13
3708.1,35
3708.3,34
3708.8,8
3708.9,15
3708.9,36
3709.6,17
3709.6,23
3712.3,31
3713.0,21
3713.0,28
3714.1,39
3714.2,0
3714.2,14
3715.0,22
3715.1,29
3715.9,11
3716.5,25
3716.5,34
3716.9,23
3717.5,5
3718.1,1
3718.4,30
3718.8,10
3719.1,24
3719.6,15
3719.8,16
3719.9,26
3720.0,38
3720.1,35
3720.4,19
3720.6,37
3720.9,13
3721.0,36
3721.4,12
3722.1,20
3722.1,29
3722.5,6
3724.3,2
3724.4,28
3724.6,9
3725.0,31
3725.4,4
3725.7,8
3726.0,11
3727.2,17
3728.0,35
3728.1,25
3728.5,13
3728.7,32
3728.8,21
3728.8,34
3729.5,16
3729.8,0
3730.3,22
3730.5,1
3731.0,10
3731.1,23
3731.8,24
3731.8,26
3732.1,14
3732.1,18
3732.1,19
3732.1,30
3732.3,11
3732.4,7
3734.1,12
3736.5,15
3737.2,35
3738.4,29
3739.3,39
3739.4,36
3739.4,38
3740.0,31
3740.9,9
3740.9,28
3741.4,0
3742.0,20
3742.1,13
3742.1,34
3742.6,33
3742.8,16
3743.0,1
3743.4,6
3744.0,24
3744.1,25
3744.1,37
3744.3,35
3744.7,21
3745.1,12
3745.3,14
3746.6,4
3746.9,8
3747.8,23
3747.9,3
3748.9,36
3749.2,11
3749.4,10
3749.5,2
3749.5,19
3750.6,26
3750.8,31
3750.8,39
3752.2,17
3752.2,30
3754.0,34
3754.1,12
3754.3,22
3754.5,24
3754.6,1
3754.7,6
3754.8,32
3754.9,35
3755.4,7
3755.6,20
3756.2,16
3756.5,13
3756.6,14
3756.8,28
3757.5,5
3757.6,36
3759.5,25
3760.8,23
3761.0,9
3761.9,21
3762.5,15
3762.5,29
3762.8,8
3762.8,38
3763.1,17
3763.4,31
3764.2,35
3764.3,11
3765.1,36
3765.5,13
3767.5,0
3767.9,10
3768.1,26
3768.2,34
3769.3,39
3769.9,30
3770.1,12
3770.2,19
3770.4,16
3771.5,2
3771.5,24
3771.7,6
3771.9,7
3772.1,11
3772.1,22
3773.0,28
3774.6,32
3774.7,14
3775.3,9
3775.4,37
3775.7,35
3775.8,1
3776.0,13
3776.4,36
3776.7,34
3776.8,23
3777.0,20
3780.2,15
3780.5,5
3780.6,38
3780.7,11
3780.7,31
3781.1,8
3781.1,17
3781.4,21
3782.0,10
3782.2,6
3782.4,30
3782.5,0
3782.5,13
3783.1,25
3783.6,24
3783.8,26
3783.8,29
3784.2,16
3787.2,12
3788.9,23
3788.9,28
3788.9,35
3789.3,33
3789.6,19
3789.7,18
3789.7,39
3789.8,7
3789.9,1
3789.9,4
3790.6,22
3790.8,0
3791.0,36
3791.6,14
3791.8,30
3792.1,20
3792.3,31
3792.6,34
3793.0,38
3793.1,13
3794.4,26
3794.6,24
3795.1,11
3796.8,32
3797.3,25
3798.4,1
3798.4,9
3798.5,16
3798.5,12
3799.2,28
3799.8,2
3800.2,29
3800.8,17
3801.0,23
3802.3,37
3802.3,39
3803.2,10
3803.7,0
3803.8,26
3803.8,35
3804.0,30
3804.0,7
3804.0,13
3804.0,15
3804.6,31
3804.9,8
3805.1,25
3805.4,19
3805.4,24
3806.0,6
3806.4,14
3806.8,3
3806.9,34
3807.0,22
3808.1,28
3808.2,5
3809.9,36
3811.8,11
3811.9,20
3812.0,2
3812.6,21
3812.7,38
3812.9,13
3813.8,12
3814.1,16
3814.2,32
3815.6,6
3816.1,23
3816.4,34
3816.6,18
3816.6,29
3816.9,1
3817.3,22
3818.0,17
3818.2,35
3820.0,24
3820.0,36
3820.2,26
3820.3,10
3820.5,13
3820.5,19
3820.6,0
3820.6,31
3820.7,30
3821.0,25
3821.7,15
3822.3,37
3823.7,9
3824.2,12
3826.1,38
3826.2,4
3826.5,7
3826.7,36
3827.0,11
3828.3,19
3829.1,13
3829.1,39
3829.2,14
3829.2,35
3830.1,31
3830.5,16
3830.6,2
3831.0,28
3831.5,23
3832.6,34
3833.2,8
3833.4,20
3833.5,22
3833.6,0
3833.7,32
3834.0,24
3834.8,1
3835.3,25
3835.4,26
3835.4,29
3835.6,36
3835.8,5
3836.9,10
3837.0,6
3837.1,16
3838.5,12
3838.5,13
3839.1,15
3841.5,34
3841.6,38
3841.8,37
3842.0,35
3842.3,17
3842.6,19
3842.6,30
3843.9,26
3845.4,11
3845.4,21
3845.5,39
3845.7,3
3846.0,31
3846.1,14
3846.9,24
3847.1,9
3848.0,28
3848.3,22
3848.5,23
3848.7,2
3848.8,36
3848.9,35
3849.0,1
3849.1,10
3849.4,18
3849.7,13
3850.0,6
3850.1,16
3852.0,12
3853.4,32
3853.9,0
3854.9,34
3855.2,19
3855.8,8
3856.1,25
3856.9,20
3857.1,17
3857.5,38
3858.3,13
3858.4,36
3859.5,2
3859.6,24
3860.4,11
3860.6,9
3860.6,23
3860.8,16
3861.2,26
3861.5,35
3861.7,4
3861.8,31
3862.0,37
3863.2,30
3863.6,14
3863.7,39
3863.8,6
3864.1,7
3864.4,28
3865.4,10
3865.4,12
3867.1,29
3867.5,15
3868.2,22
3869.1,0
3870.0,34
3870.1,5
3870.1,20
3870.5,9
3870.9,11
3871.3,32
3871.6,8
3872.0,24
3872.0,36
3872.2,1
3872.4,13
3873.2,26
3873.5,38
3873.8,14
3874.5,30
3875.3,23
3875.3,35
3876.3,2
3877.4,12
3877.6,16
3878.0,17
3878.2,6
3878.4,25
3878.5,34
3878.7,29
3879.4,19
3879.9,31
3880.3,10
3880.3,21
3880.4,39
3880.6,28
3881.8,24
3882.1,22
3883.1,36
3884.6,14
3885.3,13
3886.4,15
3886.4,35
3887.5,11
3887.9,1
3888.2,9
3888.7,20
3888.8,0
3888.8,8
3889.1,32
3889.3,12
3889.9,6
3890.0,23
3890.1,7
3890.3,16
3891.5,38
3892.9,30
3893.1,34
3893.8,18
3894.1,2
3894.1,26
3894.2,10
3894.3,3
3894.3,4
3894.3,24
3895.1,13
3895.1,36
3895.3,5
3895.6,19
3895.6,31
3895.8,29
3896.2,28
3897.2,35
3897.4,25
3899.5,20
3899.9,37
3900.5,17
3901.0,22
3901.2,1
3901.4,12
3901.7,6
3902.1,33
3902.2,0
3904.4,39
3904.5,11
3904.8,16
3904.8,35
3905.1,21
3905.1,38
3905.5,24
3905.7,23
3906.1,10
3907.4,36
3909.2,7
3909.3,13
3909.3,17
3909.5,29
3909.7,26
3909.9,19
3910.7,25
3911.2,31
3911.3,9
3911.3,34
3911.7,14
3911.7,30
3911.8,32
3912.5,28
3914.3,23
3914.5,20
3914.8,12
3914.8,22
3915.3,15
3915.5,8
3917.3,0
3917.8,21
3917.9,1
3917.9,36
3918.2,6
3918.4,5
3918.4,35
3919.3,16
3920.3,11
3920.5,24
3920.8,18
3921.2,38
3921.9,4
3922.6,13
3922.6,31
3923.5,26
3924.2,19
3924.4,39
3924.5,9
3924.8,37
3925.0,2
3925.4,12
3926.5,34
3927.5,10
3927.8,25
3928.0,22
3928.4,14
3929.5,36
3929.8,8
3929.9,35
3930.0,6
3930.0,16
3930.1,17
3930.1,32
3930.8,13
3930.8,23
3930.9,24
3930.9,28
3931.5,20
3931.7,29
3934.0,1
3935.1,30
3935.4,0
3936.8,12
3937.2,11
3937.7,31
3938.2,13
3938.5,34
3938.7,38
3938.9,16
3939.0,23
3939.1,21
3939.1,26
3939.3,7
3940.0,36
3940.1,24
3941.6,5
3943.8,9
3944.1,14
3944.7,2
3944.7,19
3944.7,22
3945.3,35
3945.7,20
3946.3,11
3946.5,30
3946.8,17
3946.9,39
3947.2,25
3948.0,15
3948.2,31
3949.2,13
3949.9,28
3950.2,4
3950.2,36
3950.4,0
3950.4,32
3951.1,18
3951.6,10
3951.9,12
3952.8,38
3953.0,35
3953.9,16
3954.9,7
3954.9,24
3955.3,6
3955.4,29
3955.8,2
3956.2,23
3956.8,1
3956.8,34
3957.2,22
3957.6,28
3958.1,5
3958.7,39
3958.9,13
3959.2,8
3959.5,36
3959.6,19
3959.8,38
3960.1,14
3960.2,17
3960.8,11
3961.2,31
3961.8,10
3962.7,0
3964.0,35
3964.6,21
3964.8,26
3965.3,25
3965.4,20
3965.4,30
3965.6,12
3965.6,19
3965.8,37
3966.9,32
3967.1,13
3967.1,24
3968.9,6
3969.7,34
3969.9,16
3969.9,23
3971.3,11
3972.2,14
3972.2,36
3972.6,7
3973.2,33
3973.3,22
3973.5,17
3975.2,28
3975.5,1
3975.8,9
3975.9,31
3976.0,13
3976.1,35
3976.9,8
3977.2,3
3977.3,38
3978.1,29
3978.3,15
3978.3,27
3978.4,0
3978.6,11
3979.0,12
3979.0,39
3981.0,10
3981.9,5
3982.2,19
3982.4,34
3982.9,36
3984.4,13
3984.5,20
3984.6,18
3984.7,14
3985.1,6
3985.2,4
3985.2,24
3985.3,9
3985.3,30
3985.5,16
3986.0,32
3986.2,37
3986.5,35
3986.9,22
3987.3,25
3988.5,31
3990.0,26
3991.2,23
3991.4,28
3991.7,12
3992.1,17
3992.6,0
3992.8,15
3992.9,38
3993.0,11
3993.0,39
3993.2,1
3993.2,7
3993.4,36
3993.5,34
3993.7,13
3993.9,20
3994.5,29
3996.5,16
3996.6,4
3997.0,35
3997.5,24
3997.8,21
3998.3,22
3998.5,2
3999.1,30
3999.6,31
3999.7,10
4000.1,32
4001.1,25
4001.6,8
4001.7,6
4001.9,3
4001.9,12
4002.1,19
4002.4,11
4002.8,14
4003.1,26
4003.2,23
4003.6,9
4006.2,13
4007.5,35
4008.2,20
4009.1,0
4009.1,36
4009.5,16
4009.9,34
4010.1,10
4010.1,28
4010.4,38
4010.5,24
4010.8,39
4011.0,1
4011.0,15
4011.4,18
4011.6,6
4011.7,5
4011.7,25
4011.8,23
4011.9,22
4012.1,17
4012.5,12
4012.5,31
4014.3,13
4017.4,14
4018.7,29
4019.3,37
4020.5,35
4021.1,28
4021.3,9
4021.5,19
4021.9,11
4022.0,12
4022.1,1
4022.1,34
4022.8,22
4023.2,20
4023.6,36
4024.1,8
4024.2,0
4025.0,13
4025.1,24
4025.1,32
4025.5,2
4026.5,16
4026.5,26
4027.8,6
4028.5,23
4028.6,31
4029.0,25
4029.9,38
4029.9,39
4030.1,27
4030.4,21
4030.5,4
4030.9,7
4030.9,12
4032.4,20
4032.8,29
4032.9,35
4033.1,10
4033.2,11
4033.2,14
4033.8,28
4033.8,30
4034.2,34
4034.3,1
4034.5,13
4034.6,22
4035.4,37
4036.3,16
4036.3,17
4036.9,15
4037.1,19
4039.0,2
4039.1,8
4040.5,31
4041.5,36
4041.5,24
4043.1,11
4043.3,13
4043.8,26
4043.9,5
4044.0,9
4044.5,38
4044.6,20
4045.1,6
4045.2,34
4045.4,0
4045.4,12
4045.4,35
4045.5,14
4046.4,23
4048.0,22
4048.0,7
4048.0,21
4048.2,32
4048.8,1
4048.8,4
4049.4,39
4050.2,10
4051.2,29
4051.5,16
4052.2,37
4054.4,24
4054.4,25
4054.7,19
4054.9,28
4055.0,13
4055.1,11
4055.5,36
4055.7,26
4056.0,6
4056.1,17
4056.4,31
4056.7,18
4056.9,30
4057.2,5
4057.7,2
4058.1,38
4058.6,20
4059.1,0
4062.1,22
4062.4,12
4062.6,34
4063.5,13
4065.3,25
4065.3,29
4065.3,35
4065.5,8
4065.5,9
4065.7,21
4065.8,23
4065.9,36
4066.2,14
4066.2,31
4066.2,1
4066.5,15
4066.5,16
4066.8,19
4067.0,6
4068.1,24
4068.1,32
4069.0,28
4070.1,39
4070.3,11
4070.5,0
4071.2,12
4073.0,38
4073.4,20
4073.8,10
4073.9,13
4074.6,23
4075.3,35
4076.0,30
4076.1,22
4077.3,24
4077.4,34
4078.1,37
4078.7,19
4079.2,6
4079.3,32
4079.6,7
4079.6,36
4079.9,1
4079.9,31
4081.1,16
4081.1,17
4081.4,15
4081.6,5
4082.2,25
4082.7,13
4082.7,12
4083.5,8
4083.7,29
4084.6,39
4084.8,38
4085.3,2
4085.6,11
4085.7,0
4085.7,9
4086.0,22
4086.0,35
4086.1,26
4086.6,36
4086.8,23
4086.9,21
4087.0,28
4088.0,14
4088.1,10
4089.1,16
4090.0,34
4095.2,24
4095.4,20
4095.8,0
4095.8,13
4095.9,4
4095.9,22
4096.0,25
4096.7,12
4096.8,1
4097.2,31
4097.6,14
4097.8,28
4097.9,32
4098.1,6
4098.1,17
4098.2,15
4098.3,10
4098.3,19
4098.5,39
4098.6,11
4099.0,23
4099.4,7
4099.5,8
4099.5,29
4100.0,30
4102.1,35
4102.1,36
4102.4,38
4103.1,34
4104.5,16
4104.8,13
4104.9,22
4105.4,26
4105.6,29
4108.4,37
4110.3,5
4110.7,21
4112.2,32
4112.6,23
4112.9,35
4113.0,11
4113.5,6
4113.5,12
4113.7,0
4113.7,24
4113.8,25
4113.9,4
4113.9,10
4113.9,14
4114.1,9
4114.2,7
4114.9,38
4115.0,1
4115.0,31
4116.5,28
4116.7,2
4116.9,15
4117.7,36
4117.9,20
4118.0,8
4118.3,17
4119.1,30
4119.4,16
4119.9,34
4120.5,19
4120.6,13
4120.7,26
4120.8,22
4121.4,39
4123.5,5
4124.6,6
4124.9,24
4125.7,11
4126.3,10
4126.4,29
4127.1,9
4127.2,1
4127.2,34
4127.2,35
4127.4,23
4127.7,36
4128.1,20
4129.4,28
4129.5,21
4130.1,17
4130.3,32
4130.3,38
4130.5,12
4130.9,25
4131.0,31
4132.0,16
4132.4,18
4133.0,7
4133.4,14
4133.7,13
4134.5,26
4134.7,2
4135.9,0
4136.6,30
4138.1,35
4138.2,19
4138.5,8
4138.9,36
4139.0,37
4139.4,22
4139.4,23
4140.5,24
4140.9,34
4142.4,15
4143.3,1
4143.3,31
4143.3,38
4143.6,4
4143.9,2
4144.2,9
4144.2,13
4144.3,6
4144.5,16
4144.9,28
4145.7,10
4145.8,25
4146.0,12
4146.0,29
4146.5,35
4146.6,11
4146.6,20
4148.0,39
4148.8,21
4149.1,19
4149.5,22
4149.5,36
4150.1,17
4150.7,24
4152.1,14
4152.3,26
4153.1,0
4154.3,34
4154.3,13
4156.2,12
4157.1,20
4157.2,32
4157.3,5
4157.3,35
4157.8,23
4158.3,31
4159.3,1
4159.3,11
4159.5,38
4159.6,4
4159.7,7
4159.8,15
4160.2,17
4160.3,25
4160.4,16
4160.8,8
4161.0,10
4161.1,21
4161.1,39
4162.5,18
4162.5,24
4162.7,34
4163.3,37
4163.7,36
4163.8,22
4164.1,13
4164.5,19
4164.9,6
4165.0,26
4165.5,29
4165.9,30
4167.5,9
4167.7,3
4168.0,12
4168.2,28
4168.4,14
4169.7,35
4169.8,0
4170.0,16
4170.5,39
4170.8,32
4171.1,38
4171.5,2
4171.5,23
4172.0,36
4173.3,13
4173.6,24
4175.3,31
4175.5,11
4176.7,10
4177.4,22
4177.5,20
4177.9,34
4178.1,17
4178.7,5
4179.0,25
4179.3,6
4179.3,15
4179.4,12
4180.7,19
4180.9,8
4181.6,1
4181.6,28
4182.1,7
4182.2,32
4182.4,38
4182.9,26
4183.3,16
4183.6,35
4184.4,36
4184.5,4
4184.8,29
4185.0,13
4186.1,24
4186.6,31
4187.3,9
4187.6,0
4187.8,23
4188.1,11
4188.9,12
4189.7,17
4192.7,34
4193.4,2
4193.5,16
4193.5,25
4193.7,20
4193.8,22
4194.9,21
4194.9,37
4195.1,28
4195.1,36
4195.1,38
4195.3,30
4195.8,7
4196.4,10
4197.3,14
4197.4,13
4198.0,1
4198.0,35
4198.2,8
4198.5,24
4198.8,6
4198.8,29
4199.3,23
4199.7,11
4201.3,34
4201.9,5
4202.1,0
4202.3,31
4202.4,17
4202.6,12
4202.6,19
4203.1,26
4203.4,3
4203.7,18
4204.8,38
4204.8,39
4205.3,32
4205.9,9
4207.0,28
4207.4,16
4207.6,13
4208.1,22
4208.4,36
4208.6,1
4208.8,10
4208.8,30
4209.0,35
4209.2,23
4210.1,11
4210.3,14
4210.5,4
4210.6,21
4210.7,24
4210.9,0
4211.0,31
4211.4,6
4211.7,2
4212.6,25
4214.1,37
4217.1,34
4217.1,16
4217.5,9
4217.5,17
4217.5,29
4217.5,35
4217.8,38
4218.1,20
4218.2,13
4218.3,19
4218.5,23
4218.9,22
4219.3,8
4219.5,10
4219.9,12
4221.0,36
4221.6,5
4222.2,7
4223.1,31
4223.2,24
4223.7,6
4223.8,30
4224.0,1
4224.0,11
4224.3,2
4224.3,26
4224.3,39
4224.7,13
4226.2,15
4226.5,21
4227.0,34
4227.3,35
4227.4,14
4227.7,0
4228.3,22
4228.3,38
4228.8,25
4228.8,28
4229.0,18
4229.2,10
4230.1,17
4230.4,23
4231.2,32
4231.5,6
4234.1,36
4234.9,16
4235.1,13
4235.9,24
4236.2,31
4236.4,12
4236.5,19
4236.8,11
4236.9,37
4237.7,9
4237.7,29
4238.4,6
4238.4,39
4239.0,4
4239.7,35
4240.4,34
4242.0,20
4243.0,8
4243.4,38
4243.8,10
4243.8,23
4243.8,28
4244.1,13
4244.5,14
4244.5,22
4244.6,30
4245.5,5
4246.3,36
4246.4,11
4246.5,26
4246.7,17
4246.8,16
4246.9,1
4246.9,9
4247.1,2
4248.0,31
4248.3,0
4248.7,25
4249.2,18
4249.2,6
4249.6,37
4250.5,24
4250.9,12
4250.9,35
4251.3,7
4252.8,38
4253.4,22
4253.4,28
4253.7,13
4254.4,21
4254.6,10
4254.9,19
4255.2,30
4256.3,39
4257.9,32
4258.0,34
4258.7,23
4258.9,31
4259.2,14
4259.7,36
4260.3,4
4261.6,15
4262.9,1
4263.2,16
4263.4,17
4263.7,24
4263.8,0
4264.0,21
4264.0,35
4264.1,13
4264.3,12
4264.4,9
4264.6,20
4264.6,29
4265.1,2
4265.1,19
4265.6,25
4265.6,11
4268.8,6
4269.1,8
4270.0,28
4270.2,34
4270.2,14
4270.2,22
4270.7,5
4270.9,26
4270.9,37
4271.2,10
4271.9,23
4273.5,31
4274.6,2
4274.8,38
4274.9,0
4274.9,21
4275.0,30
4275.1,7
4275.1,16
4275.3,20
4275.7,12
4275.7,36
4276.3,1
4276.3,13
4277.2,35
4277.6,24
4279.6,4
4280.9,11
4281.0,34
4281.8,17
4281.9,6
4282.7,19
4283.9,13
4284.2,10
4284.3,12
4284.3,18
4284.6,39
4284.8,9
4285.3,28
4285.3,32
4285.4,1
4285.4,3
4285.4,15
4285.8,31
4286.0,25
4286.1,38
4286.4,26
4286.8,22
4287.3,23
4287.7,34
4287.8,16
4287.9,14
4288.3,7
4288.7,0
4288.7,24
4289.2,35
4289.3,30
4290.8,20
4292.9,19
4293.3,8
4293.3,36
4293.3,39
4294.2,17
4294.8,29
4295.9,6
4296.1,34
4296.6,28
4296.7,12
4297.8,22
4298.5,9
4298.5,38
4298.8,1
4298.8,11
4299.0,16
4299.3,5
4299.4,2
4299.4,10
4299.5,26
4299.9,15
4300.1,25
4300.2,13
4300.2,37
4300.4,24
4303.9,23
4304.4,31
4304.8,20
4306.1,36
4306.2,14
4306.2,35
4306.4,30
4306.8,7
4306.9,39
4307.0,8
4307.0,26
4307.3,21
4307.5,4
4307.7,27
4307.8,1
4307.8,32
4307.8,34
4308.2,0
4308.8,12
4309.3,13
4310.9,16
4311.2,25
4311.3,6
4311.3,19
4313.2,18
4313.4,9
4313.4,28
4313.9,11
4314.1,17
4314.1,29
4314.4,31
4315.4,2
4315.5,37
4315.6,10
4316.1,22
4316.5,0
4316.5,24
4317.9,35
4318.8,23
4319.8,34
4320.1,32
4321.4,20
4321.5,12
4322.4,38
4323.5,5
4323.9,36
4324.2,1
4324.2,6
4324.2,30
4324.4,13
4324.7,25
4324.7,26
4324.9,19
4325.0,8
4325.4,16
4326.4,22
4326.6,10
4326.8,14
4327.4,11
4328.7,28
4328.9,31
4329.5,21
4329.9,35
4330.2,29
4330.2,34
4330.3,0
4330.6,17
4330.8,4
4331.0,24
4331.2,13
4331.4,37
4331.5,8
4331.7,2
4332.0,7
4332.0,32
4332.0,39
4332.1,12
4335.7,16
4336.6,1
4336.9,15
4337.1,26
4337.2,36
4338.3,20
4338.4,30
4339.0,31
4339.0,38
4339.3,23
4339.8,28
4340.2,22
4340.3,25
4340.5,9
4340.5,10
4340.5,18
4340.8,34
4342.1,11
4343.2,13
4343.2,19
4346.0,35
4346.3,17
4346.4,2
4347.4,6
4347.6,14
4347.7,0
4347.9,39
4348.3,16
4348.7,12
4349.3,1
4349.7,29
4350.5,22
4350.6,7
4350.6,19
4350.7,5
4350.7,24
4350.8,28
4351.3,38
4351.9,36
4353.4,34
4353.6,31
4354.6,26
4355.2,23
4355.4,13
4355.9,20
4355.9,35
4356.0,8
4356.7,21
4356.8,15
4356.8,32
4357.1,16
4357.5,10
4357.5,25
4357.6,9
4357.7,24
4359.4,11
4360.0,6
4360.5,22
4360.5,30
4361.3,18
4361.8,37
4362.0,1
4362.5,36
4362.9,14
4363.1,28
4363.3,12
4363.9,17
4364.2,2
4364.5,19
4365.6,25
4366.0,5
4366.7,38
4366.9,34
4367.4,23
4367.5,0
4368.0,20
4368.2,13
4368.8,24
4369.0,35
4369.8,26
4370.0,7
4370.2,10
4370.3,8
4371.7,29
4372.7,16
4373.7,12
4374.0,31
4374.2,21
4375.1,36
4375.2,22
4375.3,39
4376.7,11
4377.8,1
4377.8,34
4377.9,13
4378.7,6
4378.9,30
4379.6,24
4379.7,28
4379.9,14
4380.2,35
4380.4,12
4383.3,25
4383.3,31
4383.6,23
4384.5,4
4384.7,3
4384.8,36
4384.9,10
4384.9,15
4385.2,9
4385.3,0
4385.3,16
4385.4,2
4385.6,14
4385.6,29
4385.7,19
4385.8,20
4386.2,17
4386.6,8
4386.7,32
4387.9,38
4388.3,34
4390.2,11
4390.5,13
4391.5,37
4393.3,24
4393.6,36
4394.1,15
4394.2,39
4395.5,21
4395.6,17
4395.8,5
4395.9,22
4396.0,12
4396.3,35
4396.4,16
4396.7,29
4397.0,28
4397.1,26
4397.9,25
4399.4,23
4399.8,6
4399.9,31
4400.1,34
4401.1,10
4401.2,20
4401.8,1
4403.3,9
4403.3,12
4403.7,38
4404.0,7
4405.0,0
4405.0,30
4405.5,24
4405.6,13
4406.7,35
4407.0,14
4407.1,8
4407.5,4
4407.5,22
4408.5,36
4408.8,28
4409.3,19
4409.5,2
4409.6,37
4410.3,25
4411.3,11
4411.4,34
4411.7,26
4411.8,20
4411.9,15
4412.2,24
4412.8,10
4412.9,13
4412.9,17
4413.0,3
4413.1,16
4413.2,21
4413.3,6
4413.3,38
4415.0,18
4415.3,31
4416.2,32
4416.3,30
4416.8,23
4417.8,12
4417.8,22
4418.3,36
4419.9,0
4420.2,7
4420.8,8
4420.8,9
4420.8,13
4421.1,35
4421.1,29
4422.5,1
4422.5,25
4422.6,34
4423.9,38
4424.2,28
4424.4,23
4424.4,24
4425.6,5
4426.2,14
4427.7,11
4428.0,13
4428.2,39
4429.2,36
4429.6,10
4430.1,31
4430.2,19
4430.2,12
4430.7,2
4431.3,35
4432.0,4
4432.0,16
4432.2,17
4432.5,22
4433.3,26
4433.5,28
4433.9,34
4434.1,38
4434.3,24
4436.3,23
4437.6,30
4438.5,29
4438.7,25
4439.2,1
4439.3,0
4439.4,10
4439.7,13
4439.7,32
4439.9,7
4439.9,36
4440.3,3
4440.3,22
4440.4,8
4440.5,20
4440.7,11
4441.2,6
4442.0,35
4442.4,37
4442.6,19
4443.8,31
4444.6,16
4445.1,9
4445.3,12
4445.3,34
4445.8,14
4446.4,21
4447.3,38
4448.2,36
4448.9,26
4449.3,24
4449.4,28
4450.7,17
4450.7,23
4450.9,8
4451.1,13
4451.5,5
4451.7,2
4451.9,4
4451.9,20
4451.9,10
4452.1,19
4452.4,22
4453.1,0
4454.3,11
4455.3,1
4455.7,9
4455.8,25
4455.9,7
4455.9,34
4456.0,31
4456.9,12
4457.4,39
4457.9,15
4458.4,35
4459.2,16
4459.6,6
4459.8,26
4461.1,13
4461.4,29
4461.5,24
4462.1,20
4462.1,22
4462.1,28
4462.6,36
4462.9,21
4463.2,19
4464.0,30
4465.6,38
4466.1,35
4466.2,23
4466.2,34
4466.4,14
4466.8,11
4466.8,32
4467.1,8
4467.1,10
4467.5,12
4468.3,1
4470.5,0
4470.7,36
4471.2,13
4471.4,28
4471.8,37
4471.9,24
4472.0,9
4472.9,26
4473.2,16
4474.4,29
4474.4,31
4474.8,17
4474.8,23
4474.8,25
4475.0,6
4475.8,22
4476.3,35
4477.7,11
4478.8,20
4479.0,34
4479.7,12
4479.9,2
4481.6,28
4482.0,36
4482.2,4
4482.5,14
4482.6,13
4483.6,1
4483.6,31
4484.8,6
4485.0,16
4485.1,19
4485.1,39
4485.8,10
4485.9,9
4486.0,11
4486.3,3
4486.6,15
4486.7,18
4486.7,23
4486.9,38
4487.0,0
4487.3,8
4487.3,30
4487.8,24
4488.1,7
4489.0,35
4489.4,22
4489.7,32
4490.2,5
4490.8,12
4492.0,29
4492.6,37
4493.0,36
4493.4,34
4493.8,13
4493.8,30
4494.1,20
4494.2,26
4494.4,28
4495.1,21
4495.1,25
4495.5,14
4496.4,6
4498.0,1
4498.8,16
4499.9,24
4501.3,22
4501.4,18
4501.4,31
4501.9,10
4502.8,8
4502.9,4
4502.9,36
4503.0,35
4503.2,7
4503.3,12
4503.6,13
4503.6,38
4503.7,11
4503.7,33
4504.3,15
4504.3,30
4504.3,34
4504.5,0
4504.7,19
4504.9,5
4504.9,17
4505.7,39
4506.3,32
4506.6,2
4507.1,9
4508.0,23
4508.0,31
4509.4,26
4509.5,25
4510.2,28
4512.2,14
4512.7,21
4512.9,1
4512.9,29
4513.7,16
4513.9,5
4514.1,35
4514.3,34
4514.6,36
4514.7,3
4514.7,22
4514.9,11
4515.2,6
4515.4,20
4515.8,13
4516.5,10
4516.8,38
4517.1,2
4517.3,24
4517.6,12
4517.7,37
4518.2,15
4518.2,32
4518.4,19
4519.7,39
4520.4,8
4520.9,0
4522.4,23
4522.8,31
4523.4,7
4523.4,28
4524.3,30
4524.6,9
4524.6,16
4524.9,26
4525.1,17
4525.3,22
4525.4,36
4525.6,4
4526.1,1
4526.2,35
4526.6,14
4526.6,34
4526.8,11
4527.8,29
4528.4,12
4528.4,13
4529.1,24
4530.8,38
4531.0,23
4532.3,19
4532.5,21
4533.0,6
4534.9,25
4534.9,39
4536.0,28
4536.9,22
4537.7,36
4538.7,2
4538.8,10
4538.8,16
4539.1,35
4539.3,0
4539.7,1
4539.7,14
4539.7,34
4539.8,20
4540.0,26
4540.5,13
4540.7,5
4540.7,32
4541.4,15
4541.5,30
4541.5,11
4541.8,24
4541.8,31
4542.8,8
4542.9,17
4543.1,27
4543.5,4
4543.8,12
4544.5,19
4544.7,36
4544.9,38
4545.4,23
4545.6,25
4545.7,37
4547.8,39
4548.8,6
4549.0,18
4549.2,7
4549.5,2
4549.9,29
4550.3,16
4550.7,13
4551.0,22
4551.8,9
4551.9,12
4552.0,26
4552.0,35
4554.0,24
4555.0,10
4555.4,28
4556.7,21
4556.8,17
4556.9,0
4557.0,14
4557.2,1
4557.2,30
4557.2,34
4557.3,36
4557.4,23
4557.6,20
4557.7,11
4557.8,19
4558.3,15
4558.6,6
4559.5,22
4560.2,38
4561.0,16
4561.5,12
4561.6,13
4561.7,25
4561.7,39
4562.0,31
4562.4,35
4562.5,5
4564.1,32
4564.6,9
4565.6,8
4565.6,24
4567.0,22
4569.1,26
4569.4,7
4569.4,36
4569.7,17
4570.2,34
4570.6,16
4570.9,6
4570.9,14
4571.4,0
4571.4,28
4571.7,19
4571.8,38
4571.9,1
4572.2,10
4572.6,12
4572.7,20
4573.7,35
4574.1,25
4574.4,13
4574.7,31
4575.4,23
4576.4,30
4576.5,15
4576.9,29
4577.8,11
4577.9,34
4577.9,36
4578.0,27
4578.4,24
4578.4,2
4579.4,22
4580.5,12
4580.6,19
4583.1,39
4583.2,20
4583.3,6
4583.3,16
4583.6,1
4584.1,13
4584.2,8
4584.2,10
4585.7,0
4585.7,5
4585.9,18
4586.6,28
4586.9,23
4587.1,34
4587.8,9
4588.3,36
4588.5,24
4588.7,22
4590.6,32
4591.3,25
4591.4,26
4591.4,38
4591.6,31
4591.6,35
4592.4,21
4592.5,11
4592.8,37
4593.2,5
4593.3,4
4593.3,12
4593.9,17
4594.7,30
4595.0,13
4595.5,19
4595.5,29
4595.8,10
4596.7,23
4597.0,14
4599.6,36
4599.7,28
4600.7,22
4600.9,1
4602.1,0
4602.2,12
4602.2,34
4602.4,31
4602.5,11
4602.5,15
4603.0,3
4603.0,16
4603.7,24
4603.8,13
4603.9,37
4604.0,39
4604.3,2
4604.7,35
4604.9,7
4605.3,6
4605.3,8
4605.3,32
4606.7,20
4608.8,25
4610.4,26
4610.5,23
4610.7,34
4610.7,38
4611.0,36
4611.1,21
4611.5,22
4612.6,30
4612.7,17
4612.9,10
4612.9,12
4612.9,13
4612.9,16
4613.2,9
4614.0,11
4614.6,28
4615.9,5
4616.5,31
4617.1,24
4617.4,35
4618.3,6
4618.3,14
4618.6,1
4619.1,19
4620.3,2
4621.0,34
4621.1,0
4621.3,22
4623.1,13
4624.0,12
4624.8,36
4624.9,29
4624.9,39
4625.0,17
4625.2,25
4625.4,38
4626.4,8
4626.4,20
4626.4,21
4626.9,26
4627.2,6
4627.5,32
4627.8,11
4627.8,28
4628.2,30
4628.7,10
4629.1,34
4629.3,16
4629.7,1
4629.7,15
4629.8,23
4629.9,37
4630.2,35
4630.4,0
4630.6,19
4631.0,31
4632.9,9
4633.3,13
4633.3,24
4634.3,18
4635.4,38
4636.3,12
4636.7,14
4637.5,7
4637.7,36
4637.9,22
4638.1,23
4638.4,25
4638.5,5
4638.9,10
4639.9,17
4640.1,16
4640.1,28
4640.8,6
4642.0,30
4642.4,8
4642.6,31
4643.7,35
4643.8,34
4644.0,24
4644.3,11
4644.8,37
4644.9,29
4645.4,15
4645.4,20
4645.6,4
4646.3,13
4646.4,1
4646.7,9
4647.0,2
4648.1,38
4649.1,12
4650.0,39
4650.1,16
4651.2,36
4651.3,3
4651.4,0
4651.8,10
4652.1,22
4653.1,26
4653.6,17
4654.0,19
4654.3,32
4655.1,28
4655.7,6
4655.7,35
4656.1,21
4656.8,14
4656.8,23
4656.9,20
4657.0,25
4657.0,34
4657.8,11
4657.9,31
4658.4,7
4658.7,24
4659.3,13
4660.1,38
4661.1,12
4662.2,8
4662.3,16
4662.3,30
4663.7,36
4663.8,5
4664.3,0
4664.4,29
4664.8,17
4664.8,37
4664.9,9
4665.0,34
4665.0,26
4665.3,28
4665.5,35
4666.5,10
4666.8,1
4667.0,11
4667.5,31
4668.3,6
4669.6,22
4669.7,20
4670.5,13
4671.4,25
4671.9,24
4672.1,39
4672.4,12
4672.5,23
4672.8,14
4672.9,32
4673.0,18
4673.8,30
4674.3,15
4674.3,38
4674.5,28
4675.2,16
4675.4,2
4676.0,9
4676.5,36
4676.7,35
4677.5,31
4677.9,3
4678.7,13
4678.9,29
4679.2,10
4679.4,19
4680.2,34
4681.3,37
4681.7,25
4681.8,12
4681.8,26
4682.2,17
4683.2,6
4683.3,0
4683.3,1
4683.8,5
4684.7,16
4684.7,39
4684.8,11
4685.1,38
4686.1,35
4686.3,24
4687.0,22
4687.0,30
4687.1,21
4687.7,23
4688.0,8
4688.0,12
4688.8,7
4689.1,13
4689.1,34
4690.2,36
4690.6,18
4690.7,19
4691.2,6
4691.9,32
4692.2,25
4693.0,28
4693.1,20
4693.1,29
4693.2,24
4693.4,4
4693.6,11
4693.8,14
4693.9,26
4695.7,10
4696.4,31
4696.4,35
4696.7,0
4696.7,13
4698.5,9
4698.5,1
4698.9,22
4700.0,38
4700.3,34
4700.6,16
4700.9,15
4700.9,23
4701.2,2
4701.4,17
4701.4,37
4701.6,5
4702.8,12
4703.4,28
4704.0,7
4704.2,39
4704.8,14
4704.8,36
4705.5,6
4706.9,20
4707.0,8
4707.1,25
4707.2,13
4707.2,35
4707.5,21
4707.6,1
4707.9,19
4708.6,24
4708.9,3
4709.2,16
4709.2,31
4710.9,9
4711.4,30
4711.7,22
4712.1,11
4712.6,18
4713.1,36
4713.7,32
4714.1,10
4714.1,4
4714.4,23
4714.6,34
4714.7,38
4714.8,26
4714.9,33
4715.3,0
4715.3,13
4715.6,29
4718.6,20
4719.0,15
4719.3,12
4719.9,31
4720.0,17
4720.1,24
4720.5,6
4720.8,19
4721.2,37
4721.2,39
4721.3,16
4721.4,28
4721.4,1
4721.4,5
4721.8,14
4722.1,35
4722.2,25
4722.4,13
4722.4,21
4723.9,11
4725.4,36
4725.6,23
4725.9,27
4726.3,0
4728.3,34
4729.6,10
4729.8,26
4729.9,30
4730.5,38
4730.9,2
4731.5,16
4731.5,29
4731.6,7
4731.6,12
4731.8,9
4731.9,31
4731.9,35
4732.3,22
4732.4,6
4732.9,32
4733.5,11
4734.1,8
4735.1,15
4735.5,36
4736.3,25
4736.5,21
4736.6,17
4736.9,24
4737.3,14
4737.5,13
4737.9,37
4739.5,34
4740.5,23
4740.9,20
4741.1,18
4741.4,4
4742.2,28
4742.4,19
4742.5,1
4742.7,12
4743.1,0
4743.4,16
4743.4,38
4745.1,35
4745.4,36
4745.5,30
4746.3,39
4746.9,26
4747.9,34
4748.1,22
4748.1,24
4749.0,31
4749.5,6
4749.8,11
4750.1,10
4750.3,13
4750.5,29
4750.7,17
4750.7,32
4751.5,25
4751.8,8
4752.5,14
4752.7,1
4753.2,9
4753.2,23
4753.3,19
4753.4,15
4754.3,0
4754.3,2
4756.6,35
4757.0,30
4757.3,7
4757.3,12
4758.0,11
4758.1,36
4758.3,5
4758.7,34
4758.7,38
4759.0,16
4759.1,20
4759.7,21
4759.9,13
4761.6,22
4762.5,6
4762.6,3
4762.6,23
4762.6,31
4763.1,9
4763.4,28
4763.9,24
4764.4,37
4765.0,10
4765.8,17
4767.3,26
4767.6,14
4767.7,15
4768.9,25
4769.5,34
4770.1,0
4770.1,2
4770.1,19
4770.1,35
4770.3,16
4770.4,39
4770.7,38
4771.0,1
4771.5,36
4771.6,13
4772.0,31
4772.3,7
4772.3,22
4772.5,12
4772.6,21
4773.2,18
4774.2,32
4775.5,4
4776.3,29
4776.6,11
4776.9,24
4777.0,30
4777.4,6
4777.8,20
4778.7,13
4778.9,14
4778.9,28
4779.1,38
4779.2,0
4779.2,17
4779.6,35
4780.4,10
4780.6,34
4780.9,25
4781.1,37
4781.6,36
4782.0,23
4784.6,1
4784.6,16
4784.9,12
4785.6,39
4785.7,8
4786.0,26
4788.5,11
4788.7,19
4788.8,22
4789.2,9
4789.4,24
4789.9,13
4790.7,28
4791.2,17
4791.5,35
4791.8,36
4792.1,10
4792.2,6
4792.2,31
4792.6,5
4793.0,15
4793.1,20
4793.2,38
4793.3,14
4794.3,16
4794.3,29
4794.6,12
4794.8,18
4795.4,0
4795.7,2
4796.1,30
4796.1,32
4797.4,23
4797.6,37
4798.5,7
4798.8,34
4799.1,19
4799.3,25
4799.4,11
4799.4,24
4800.2,4
4800.4,22
4801.4,13
4802.2,35
4802.5,1
4803.1,36
4803.3,21
4803.4,39
4803.5,6
4803.5,26
4805.2,17
4805.7,20
4806.4,12
4808.0,9
4808.1,16
4808.5,8
4809.7,28
4810.0,5
4810.6,14
4811.0,13
4811.1,15
4811.9,0
4811.9,26
4812.0,11
4812.0,31
4812.0,36
4812.6,10
4812.8,19
4813.0,35
4813.1,38
4813.2,24
4813.5,23
4813.8,6
4814.0,4
4814.0,12
4814.0,34
4814.1,30
4814.6,22
4814.9,25
4815.9,39
4816.8,16
4817.4,14
4817.4,28
4818.5,3
4818.5,13
4818.9,29
4819.9,2
4820.2,20
4820.3,35
4820.4,32
4820.5,7
4820.6,11
4821.2,37
4821.5,17
4822.0,36
4823.8,8
4824.2,1
4824.2,21
4824.3,6
4824.5,9
4824.5,12
4825.4,16
4826.7,26
4827.1,34
4827.9,0
4829.1,23
4830.3,39
4830.7,5
4830.7,30
4830.8,13
4830.8,22
4831.1,28
4831.6,31
4831.8,24
4832.9,38
4833.1,17
4833.6,36
4833.8,35
4833.9,11
4833.9,14
4833.9,25
4834.1,6
4834.2,7
4836.4,18
4837.5,12
4837.8,10
4838.7,20
4839.5,13
4839.8,28
4840.6,1
4840.6,16
4840.6,34
4841.2,0
4841.3,2
4841.3,23
4841.4,19
4841.4,26
4841.8,9
4842.1,17
4842.4,36
4843.3,22
4843.3,35
4844.2,31
4844.5,25
4846.4,6
4847.3,12
4847.5,24
4847.7,14
4848.3,30
4848.5,21
4848.6,5
4848.7,8
4849.0,32
4849.1,20
4849.5,29
4849.8,38
4850.3,28
4850.4,34
4850.5,15
4850.6,11
4851.3,13
4851.6,9
4851.9,7
4852.4,26
4852.5,10
4852.8,37
4852.8,0
4852.8,16
4853.4,2
4853.5,36
4854.6,17
4856.1,25
4857.2,23
4857.4,22
4858.5,4
4858.5,24
4858.8,39
4859.3,19
4859.4,12
4860.1,31
4860.3,35
4860.4,11
4860.5,20
4861.4,14
4861.4,28
4861.8,38
4862.5,0
4862.7,3
4862.7,16
4863.3,6
4863.5,30
4864.1,36
4865.7,24
4866.2,1
4866.5,13
4867.7,34
4868.7,10
4868.9,12
4868.9,29
4869.3,22
4869.4,26
4869.8,35
4870.5,21
4871.2,2
4871.3,23
4871.8,17
4871.9,37
4872.3,25
4874.4,36
4874.7,8
4874.7,9
4875.7,31
4875.7,32
4875.7,39
4876.4,6
4876.4,30
4876.8,7
4876.9,4
4876.9,16
4876.9,20
4877.1,15
4877.2,28
4877.2,1
4877.2,11
4877.4,12
4878.0,14
4880.7,19
4882.3,22
4882.3,35
4882.7,0
4882.7,13
4883.0,23
4883.3,34
4883.7,10
4884.0,24
4884.2,17
4884.5,38
4885.2,21
4885.8,31
4886.0,5
4886.4,15
4886.7,36
4887.1,18
4889.0,37
4890.3,25
4890.4,26
4890.9,8
4891.6,35
4892.1,11
4892.7,13
4892.8,9
4893.2,28
4893.5,12
4893.5,22
4893.6,1
4893.6,14
4893.6,16
4894.0,6
4894.0,29
4894.5,19
4895.1,34
4895.3,32
4895.6,24
4896.2,39
4896.7,25
4896.7,36
4897.0,5
4897.2,30
4897.3,7
4897.3,20
4898.6,31
4899.3,0
4899.6,23
4899.7,10
4901.0,2
4901.5,28
4904.0,12
4904.3,13
4904.6,11
4904.8,4
4904.8,17
4905.4,35
4905.5,1
4905.7,15
4906.0,16
4906.8,38
4907.1,21
4907.1,34
4907.8,31
4907.9,26
4908.0,37
4908.2,9
4909.3,14
4909.3,36
4909.6,24
4909.7,30
4910.6,22
4910.7,25
4911.0,19
4912.1,7
4912.3,6
4912.9,13
4912.9,29
4913.4,10
4916.1,28
4917.0,17
4917.4,23
4917.7,8
4917.7,20
4918.6,16
4918.9,1
4919.1,12
4919.6,39
4919.8,31
4919.9,35
4920.4,36
4920.5,3
4920.8,22
4921.1,0
4921.1,24
4921.3,11
4921.3,38
4921.4,32
4922.6,13
4923.6,34
4926.6,5
4927.7,14
4928.0,35
4928.5,30
4929.2,16
4929.3,19
4929.5,2
4929.7,7
4929.8,4
4929.9,21
4929.9,28
4930.1,10
4930.4,25
4931.0,31
4931.1,6
4931.3,9
4932.2,15
4932.6,23
4933.0,36
4933.1,12
4934.0,17
4934.7,11
4934.7,34
4934.8,24
4935.4,20
4936.2,13
4936.2,29
4937.2,38
4937.6,8
4938.5,39
4939.1,16
4939.2,22
4939.2,28
4939.4,26
4939.7,33
4939.7,35
4939.7,18
4940.0,1
4940.0,2
4940.0,37
4940.4,12
4941.6,10
4943.1,14
4943.4,23
4945.0,34
4945.5,0
4945.6,17
4945.8,19
4945.9,6
4945.9,9
4946.0,36
4946.1,5
4946.3,21
4947.0,7
4947.5,13
4947.8,20
4947.9,31
4948.1,25
4948.2,35
4948.4,11
4948.9,22
4950.9,24
4951.9,30
4952.2,38
4952.4,32
4952.8,16
4954.6,12
4954.6,29
4954.8,2
4955.1,17
4955.8,26
4956.0,4
4956.2,1
4956.2,13
4956.3,8
4957.2,15
4957.3,28
4958.4,14
4958.9,11
4959.8,36
4959.9,23
4960.3,31
4960.6,10
4961.6,25
4962.0,0
4962.3,20
4962.9,6
4963.4,7
4963.5,19
4963.5,22
4963.6,9
4964.1,24
4964.3,35
4964.4,34
4964.4,39
4964.6,13
4964.8,3
4964.8,16
4965.3,36
4966.8,37
4968.7,21
4969.6,12
4970.2,1
4970.2,14
4970.7,38
4971.0,23
4972.0,26
4972.0,30
4972.6,11
4973.2,28
4973.3,18
4973.8,22
4974.0,5
4974.0,6
4974.5,17
4974.7,31
4974.8,32
4975.1,15
4975.1,24
4975.7,13
4975.7,19
4975.9,16
4976.1,36
4976.3,0
4976.6,10
4977.2,25
4977.5,34
4978.6,35
4979.6,2
4979.7,29
4980.0,8
4980.3,39
4981.6,12
4981.6,38
4982.8,7
4983.6,20
4985.1,13
4985.3,9
4985.4,16
4985.5,0
4986.1,22
4986.5,23
4986.6,35
4986.9,31
4986.9,34
4987.0,28
4988.4,19
4988.5,17
4988.7,32
4989.0,26
4989.1,36
4989.7,24
4990.2,6
4990.9,1
4991.2,11
4992.3,21
4994.1,4
4994.5,10
4994.7,12
4995.3,30
4995.8,38
4996.8,13
4996.8,28
4996.9,25
4996.9,36
4997.1,22
4997.2,8
4997.2,17
4997.2,37
4997.6,35
4997.7,23
4997.9,29
4998.0,0
4998.1,14
4999.1,16
5000.6,31
5000.6,34
5002.7,20
5002.8,15
5003.0,26
5003.4,24
5003.6,6
5004.4,4
5004.4,12
5006.2,19
5006.6,2
5007.3,5
5007.3,36
5007.4,35
5008.0,18
5009.0,13
5009.2,10
5009.2,22
5010.2,1
5010.6,11
5011.6,25
5012.5,28
5012.9,32
5013.1,16
5013.9,12
5014.1,7
5014.3,31
5014.4,17
5014.4,0
5014.8,14
5015.6,8
5015.9,38
5017.0,9
5017.3,35
5017.7,24
5017.9,34
5018.1,10
5018.6,37
5018.8,36
5019.5,13
5019.5,29
5019.5,30
5019.5,39
5019.6,6
5020.4,21
5020.6,1
5021.5,23
5021.6,15
5022.2,26
5022.3,20
5023.2,19
5023.6,11
5023.6,16
5025.1,22
5025.7,4
5026.6,32
5027.7,25
5027.8,24
5028.0,2
5028.4,28
5028.7,35
5029.2,31
5029.3,17
5029.5,12
5031.1,0
5031.5,6
5031.8,30
5032.3,9
5032.8,14
5032.8,38
5033.4,21
5033.8,11
5033.8,13
5033.9,1
5033.9,34
5035.3,20
5035.8,16
5036.4,23
5036.7,8
5037.6,26
5037.8,22
5038.0,7
5038.2,5
5038.3,24
5038.3,36
5038.8,25
5039.0,19
5039.6,37
5040.0,11
5040.3,28
5040.3,29
5040.5,13
5041.5,10
5042.1,12
5043.9,15
5043.9,35
5044.7,0
5045.9,6
5046.2,4
5046.2,14
5046.4,16
5046.7,18
5046.8,30
5046.8,32
5047.0,38
5047.3,31
5047.3,34
5047.6,39
5048.3,36
5048.5,19
5048.7,22
5048.7,23
5049.5,17
5051.4,9
5051.6,24
5052.1,1
5052.8,13
5052.9,11
5053.3,29
5053.7,28
5054.2,25
5054.3,2
5054.3,35
5054.7,10
5055.0,6
5055.2,23
5055.4,7
5055.4,34
5056.4,5
5056.5,20
5057.7,36
5058.0,14
5058.5,8
5059.3,0
5059.8,26
5059.8,31
5060.4,15
5060.9,16
5061.0,12
5061.1,22
5061.5,25
5061.7,28
5062.1,13
5062.4,32
5062.6,9
5063.2,38
5063.4,37
5065.2,6
5065.3,34
5065.7,19
5065.8,17
5066.1,11
5066.2,30
5067.4,23
5069.2,24
5070.1,35
5070.2,20
5070.3,21
5070.4,1
5070.5,15
5070.6,12
5070.7,13
5071.1,29
5071.5,26
5071.9,4
5072.2,16
5072.9,36
5073.0,8
5073.5,5
5075.1,10
5075.6,25
5076.7,22
5076.9,0
5077.2,13
5077.4,38
5077.6,31
5077.7,14
5077.9,34
5077.9,39
5078.4,11
5078.6,12
5078.7,7
5078.8,18
5079.1,2
5079.5,28
5079.8,9
5079.9,30
5081.1,23
5083.0,24
5083.1,19
5083.2,35
5083.4,15
5083.5,32
5083.9,16
5084.1,17
5084.6,3
5085.0,6
5085.3,13
5085.7,37
5086.4,1
5087.0,34
5088.5,20
5089.4,22
5089.5,2
5089.5,36
5089.8,0
5089.9,8
5090.3,21
5090.9,26
5091.2,31
5091.3,28
5092.8,11
5093.1,34
5093.2,25
5093.3,12
5093.6,39
5094.0,38
5094.8,30
5096.7,35
5097.9,16
5098.3,24
5098.5,13
5098.7,17
5099.0,9
5099.0,29
5099.1,19
5099.4,23
5100.7,10
5100.7,36
5101.8,15
5101.9,22
5102.0,28
5102.1,26
5102.3,11
5102.5,14
5102.8,6
5103.3,1
5103.4,12
5103.7,5
5104.2,7
5104.2,35
5104.5,30
5104.6,34
5105.2,31
5105.8,21
5106.1,20
5106.2,13
5107.7,16
5108.4,0
5109.8,19
5109.9,38
5111.2,36
5112.0,22
5113.2,25
5113.4,23
5113.5,39
5114.5,10
5114.8,32
5115.0,28
5117.1,34
5117.4,24
5117.5,17
5117.5,31
5117.7,16
5117.7,8
5118.0,11
5118.0,13
5118.0,30
5118.0,37
5118.5,35
5118.9,38
5119.1,6
5119.7,26
5120.6,20
5120.9,14
5120.9,18
5121.3,2
5121.3,9
5122.1,29
5122.2,36
5122.3,25
5122.3,34
5122.8,28
5123.2,12
5124.8,13
5125.0,23
5125.3,1
5125.3,4
5126.6,10
5128.0,0
5128.2,7
5128.2,19
5129.0,22
5129.7,31
5131.1,24
5131.5,16
5131.9,15
5132.5,32
5132.5,38
5132.9,36
5133.2,12
5133.3,3
5134.1,26
5134.2,8
5134.5,14
5134.5,39
5135.1,13
5135.3,5
5135.4,21
5135.6,0
5135.6,35
5136.4,34
5136.6,11
5136.9,30
5137.9,28
5138.2,17
5139.3,22
5139.3,23
5139.4,6
5140.2,31
5140.6,10
5141.3,25
5141.6,1
5143.6,37
5143.8,35
5143.9,19
5143.9,20
5145.2,7
5145.4,12
5145.9,24
5146.1,4
5146.3,36
5146.4,13
5146.4,29
5146.5,6
5146.5,16
5146.5,34
5146.7,26
5147.2,9
5147.8,39
5149.2,11
5149.3,32
5150.3,2
5150.4,21
5151.4,38
5152.3,28
5152.4,14
5152.6,10
5153.4,0
5153.5,30
5154.0,34
5154.3,25
5155.3,17
5155.8,31
5156.2,26
5156.6,22
5157.0,1
5157.1,12
5157.6,5
5158.0,13
5158.2,23
5158.6,16
5158.8,29
5159.2,36
5159.7,15
5159.7,35
5160.4,38
5160.8,24
5161.6,8
5161.9,9
5163.1,20
5164.0,6
5165.1,11
5165.5,2
5166.2,0
5167.3,19
5167.4,37
5167.8,12
5167.9,28
5167.9,39
5168.0,18
5168.0,31
5168.4,10
5168.4,34
5169.0,1
5169.0,17
5169.3,22
5169.4,32
5170.2,24
5170.3,13
5171.8,16
5172.2,36
5172.5,14
5172.6,25
5173.3,26
5173.5,35
5174.9,20
5175.9,23
5176.4,29
5177.2,34
5177.3,30
5177.9,11
5177.9,38
5178.3,8
5178.7,18
5179.3,6
5179.6,28
5179.8,7
5180.1,13
5180.5,24
5181.4,15
5181.6,9
5182.0,26
5182.3,35
5182.9,12
5183.1,5
5183.6,31
5184.0,1
5184.3,19
5184.4,21
5184.5,0
5185.5,10
5185.6,16
5185.6,25
5185.7,2
5185.9,17
5186.0,36
5186.6,11
5189.4,14
5189.6,22
5189.9,13
5190.0,32
5190.1,30
5190.5,7
5190.6,34
5190.6,39
5190.8,20
5190.9,4
5191.6,8
5193.3,37
5193.5,35
5193.6,24
5193.9,6
5194.4,23
5194.7,12
5195.0,31
5197.0,1
5198.4,28
5199.2,5
5199.7,16
5200.0,25
5200.2,13
5200.6,34
5201.2,36
5201.5,10
5201.5,38
5201.9,11
5201.9,26
5202.4,22
5202.6,9
5203.1,30
5203.8,17
5204.0,0
5205.6,19
5206.1,18
5206.1,35
5207.2,2
5207.5,29
5207.8,31
5208.7,1
5208.9,7
5209.2,14
5209.6,24
5209.9,15
5210.0,6
5210.5,4
5210.5,13
5210.6,20
5210.6,34
5210.7,12
5210.7,3
5210.9,11
5211.4,8
5212.6,36
5212.8,32
5213.1,23
5213.6,22
5213.6,28
5214.0,39
5214.3,35
5214.6,26
5216.1,25
5218.0,16
5218.1,10
5218.2,34
5218.6,6
5218.6,21
5218.8,38
5221.2,0
5221.2,31
5221.4,11
5221.6,36
5221.7,17
5221.9,13
5222.9,35
5224.6,19
5224.8,12
5225.1,9
5225.4,14
5225.7,30
5226.2,18
5226.5,1
5226.6,20
5227.1,29
5227.6,22
5227.6,28
5227.7,36
5227.8,24
5228.8,37
5229.0,5
5229.9,6
5230.1,10
5230.1,16
5230.2,15
5230.3,11
5230.7,35
5231.4,8
5231.6,25
5234.1,13
5235.3,34
5235.4,2
5235.5,32
5235.7,39
5236.2,26
5236.3,4
5236.3,38
5236.6,7
5237.0,23
5237.0,21
5237.9,0
5237.9,22
5238.0,16
5238.7,24
5238.7,31
5240.3,36
5240.8,13
5241.1,17
5241.2,12
5242.2,28
5243.0,19
5243.5,37
5244.1,35
5244.2,6
5245.4,14
5246.9,11
5248.0,10
5248.0,20
5248.3,25
5248.7,18
5249.0,1
5249.1,39
5249.7,29
5250.1,0
5250.3,32
5250.4,38
5251.5,9
5252.4,13
5252.5,15
5252.6,26
5252.6,34
5252.9,36
5253.0,22
5253.1,28
5253.4,16
5253.7,12
5254.0,23
5254.1,21
5254.5,35
5254.7,30
5254.9,5
5255.1,14
5255.2,6
5255.4,17
5256.3,19
5256.4,8
5256.8,24
5257.1,37
5257.7,7
5258.1,25
5258.8,4
5259.5,0
5260.0,31
5260.0,39
5260.2,20
5260.3,11
5260.4,10
5260.7,29
5262.5,12
5263.1,34
5263.2,35
5263.4,36
5264.1,28
5264.9,13
5265.1,38
5265.4,2
5266.7,23
5267.6,1
5267.8,16
5269.2,6
5270.8,22
5271.2,8
5271.5,36
5272.3,31
5272.6,29
5272.6,32
5272.6,35
5272.7,24
5272.8,17
5273.1,21
5273.5,20
5273.6,11
5274.5,10
5274.7,13
5274.9,2
5275.6,0
5275.7,19
5275.8,25
5276.6,12
5277.0,9
5277.2,28
5277.2,34
5278.4,14
5278.8,5
5279.1,15
5280.8,26
5281.7,38
5282.8,30
5283.1,1
5283.5,10
5283.5,37
5283.7,35
5283.9,39
5284.1,36
5284.3,18
5284.6,20
5285.2,22
5285.8,28
5286.0,16
5286.1,23
5286.2,12
5287.3,6
5288.4,24
5289.1,21
5289.2,31
5289.5,8
5289.8,7
5290.1,17
5290.2,13
5290.2,15
5290.3,4
5290.9,11
5291.5,22
5291.8,25
5292.7,29
5293.0,19
5293.4,34
5293.5,23
5294.0,10
5294.1,0
5294.1,35
5295.4,32
5296.5,14
5296.5,31
5296.7,38
5297.6,36
5297.8,26
5298.5,28
5298.7,3
5299.1,30
5299.7,2
5300.3,20
5300.4,9
5302.9,13
5303.3,12
5303.6,1
5303.6,39
5303.7,6
5304.2,24
5304.5,16
5305.1,37
5305.5,25
5305.8,22
5306.2,34
5307.1,0
5307.1,11
5307.1,31
5307.5,8
5307.7,35
5308.1,17
5308.2,10
5309.3,14
5309.7,38
5309.8,36
5310.1,19
5310.2,23
5310.5,28
5311.1,26
5312.0,13
5312.1,30
5312.2,12
5312.6,1
5314.9,15
5315.6,7
5315.6,29
5315.9,25
5316.8,24
5317.0,16
5317.4,20
5318.0,4
5318.1,22
5318.3,31
5318.5,34
5318.8,9
5319.6,35
5319.7,6
5320.5,8
5320.5,13
5321.1,5
5321.4,36
5321.6,11
5321.9,23
5322.7,0
5322.9,17
5322.9,38
5323.8,32
5323.9,2
5325.4,26
5325.6,21
5326.1,39
5326.2,30
5326.3,22
5326.5,14
5327.4,12
5327.7,34
5327.9,24
5328.4,10
5328.7,1
5328.7,19
5329.5,13
5329.8,29
5330.9,15
5331.3,36
5332.4,18
5332.4,28
5332.5,35
5333.3,23
5334.6,7
5334.6,25
5334.6,37
5334.9,20
5335.3,6
5335.6,11
5335.7,0
5337.1,16
5337.2,17
5337.6,4
5337.6,27
5338.5,24
5338.7,31
5338.8,12
5338.9,38
5339.7,34
5339.8,9
5339.9,22
5340.1,13
5341.1,32
5341.3,39
5341.8,5
5342.0,8
5342.7,1
5343.1,28
5343.2,26
5343.3,36
5343.4,21
5345.2,24
5345.8,30
5346.5,20
5347.3,23
5347.4,19
5347.5,35
5348.3,25
5349.2,12
5349.6,0
5349.6,10
5349.6,17
5349.7,11
5350.0,16
5350.5,2
5351.3,29
5351.5,13
5352.8,28
5353.0,34
5353.9,9
5355.2,21
5355.5,37
5355.5,32
5356.1,18
5356.5,36
5356.6,14
5357.7,31
5358.0,22
5358.1,1
5358.9,23
5358.9,35
5360.3,38
5361.2,6
5361.5,24
5361.6,13
5361.6,11
5362.0,26
5362.0,12
5362.3,20
5363.8,10
5364.4,17
5364.7,5
5364.8,7
5365.0,25
5365.0,16
5365.4,19
5365.7,0
5366.1,15
5366.4,9
5366.5,34
5366.8,30
5367.0,4
5368.8,36
5369.1,24
5369.7,23
5369.7,35
5369.8,38
5369.9,28
5371.2,12
5371.3,31
5371.4,2
5371.4,29
5372.6,14
5373.2,13
5374.6,11
5374.8,26
5375.5,22
5376.4,6
5376.5,39
5376.7,8
5377.1,3
5377.2,1
5377.6,36
5377.7,10
5377.9,34
5378.1,9
5379.1,23
5379.2,17
5380.1,21
5380.5,16
5380.5,31
5380.8,32
5381.0,25
5381.4,35
5382.5,37
5383.8,0
5383.9,36
5384.5,28
5384.7,13
5384.7,20
5384.8,5
5384.9,19
5385.6,38
5386.0,24
5386.0,12
5386.4,15
5388.3,34
5389.4,6
5389.6,11
5389.8,29
5390.4,26
5390.8,23
5391.2,18
5391.3,14
5391.6,22
5391.8,10
5391.8,38
5392.3,4
5392.4,30
5392.6,7
5392.6,35
5392.8,31
5393.1,1
5393.2,16
5394.0,17
5397.8,32
5398.0,9
5398.2,34
5398.4,13
5398.8,20
5399.0,24
5399.2,28
5399.3,25
5399.5,39
5399.8,2
5401.1,36
5401.2,35
5403.0,14
5403.6,12
5404.8,19
5404.9,0
5404.9,18
5404.9,26
5405.2,6
5405.2,38
5405.3,8
5405.4,3
5407.6,16
5407.9,22
5408.1,10
5409.6,17
5409.7,30
5410.0,23
5410.2,13
5410.3,1
5410.8,36
5411.7,24
5411.8,20
5412.1,29
5412.2,11
5412.3,25
5413.0,34
5413.2,21
5413.6,28
5413.7,9
5413.8,35
5415.3,12
5416.3,6
5417.1,5
5417.7,37
5418.3,2
5418.6,13
5418.8,31
5419.2,8
5419.6,39
5419.9,14
5419.9,15
5419.9,22
5420.0,11
5420.6,19
5420.8,32
5420.9,0
5421.5,38
5421.6,7
5422.0,36
5422.3,16
5422.8,28
5422.8,30
5423.0,4
5423.8,34
5423.9,35
5424.9,24
5425.8,26
5425.9,17
5426.3,20
5427.0,6
5428.3,23
5429.6,10
5429.8,1
5430.0,25
5430.9,13
5431.0,33
5431.1,29
5431.1,36
5432.3,12
5432.8,9
5433.1,16
5433.1,31
5433.6,19
5433.6,28
5433.7,2
5433.9,14
5434.3,35
5435.2,11
5435.3,8
5435.5,30
5435.8,0
5436.0,34
5438.7,22
5438.7,24
5438.8,23
5439.0,38
5440.1,39
5440.9,20
5441.2,4
5442.4,13
5442.6,1
5442.9,15
5443.1,21
5443.7,36
5444.4,17
5444.7,26
5444.9,25
5445.1,29
5445.2,6
5445.7,2
5446.7,31
5446.8,11
5447.0,14
5447.3,34
5449.3,10
5449.5,5
5449.7,28
5449.8,35
5449.9,12
5450.2,18
5450.3,19
5450.6,8
5451.0,30
5451.0,32
5451.1,37
5451.8,16
5451.9,9
5455.3,22
5455.4,24
5455.6,23
5455.6,26
5455.8,17
5455.8,36
5456.0,0
5456.0,13
5457.0,25
5458.8,20
5459.1,35
5459.9,1
5459.9,6
5459.9,38
5460.6,15
5460.7,7
5461.6,11
5461.6,31
5462.9,29
5463.0,16
5463.0,34
5463.1,19
5463.4,21
5463.9,2
5464.0,10
5464.0,28
5464.6,12
5465.2,23
5465.8,13
5465.8,22
5465.9,24
5466.0,32
5466.3,26
5466.6,9
5467.7,8
5468.1,36
5468.7,14
5469.7,39
5469.8,30
5469.8,35
5469.9,25
5470.2,1
5470.7,5
5470.7,17
5471.8,38
5472.8,18
5472.9,0
5474.3,13
5474.4,12
5475.2,19
5476.2,34
5476.5,31
5477.2,6
5477.2,35
5478.1,16
5478.6,4
5479.3,26
5479.8,23
5479.8,24
5480.2,3
5480.3,11
5480.3,22
5481.3,20
5481.8,9
5482.1,13
5482.2,30
5482.3,28
5482.5,15
5482.8,36
5483.0,29
5483.1,2
5483.4,10
5483.5,21
5484.4,38
5484.7,17
5485.5,7
5485.5,37
5485.8,1
5486.9,8
5487.0,35
5488.0,19
5489.3,25
5489.4,28
5490.0,12
5490.0,23
5490.7,32
5491.5,34
5493.9,36
5494.1,5
5494.1,11
5494.2,6
5494.3,0
5494.4,16
5494.8,24
5495.1,14
5495.1,31
5495.2,15
5495.3,26
5495.7,10
5496.1,9
5496.9,22
5497.2,35
5498.0,30
5498.7,13
5500.7,12
5501.4,19
5501.5,39
5501.8,16
5501.9,34
5502.2,7
5502.5,17
5503.7,28
5504.4,38
5504.5,1
5505.2,8
5505.2,22
5505.2,23
5505.4,29
5505.6,0
5505.9,14
5506.1,36
5506.4,13
5507.2,25
5507.5,31
5507.5,37
5508.0,20
5508.9,6
5509.5,2
5509.9,34
5510.0,10
5510.6,12
5511.2,24
5511.2,35
5511.6,30
5512.0,11
5512.0,18
5512.9,21
5512.9,26
5515.0,36
5515.8,16
5515.9,3
5516.5,9
5516.7,32
5517.0,13
5517.0,15
5517.1,7
5517.1,17
5517.8,23
5518.9,14
5519.3,38
5520.5,8
5520.8,0
5520.8,19
5522.1,22
5522.5,29
5522.9,35
5523.2,28
5523.2,31
5523.6,4
5523.6,6
5523.6,39
5523.6,1
5523.6,25
5524.5,20
5524.5,34
5524.8,10
5525.0,5
5526.1,11
5526.1,36
5527.1,24
5527.8,37
5527.9,7
5528.3,13
5529.1,12
5529.1,32
5529.2,0
5529.3,17
5530.4,23
5530.8,16
5532.3,26
5533.1,21
5533.2,39
5533.6,14
5533.7,8
5534.3,35
5534.4,4
5534.4,9
5534.7,11
5534.9,22
5535.1,19
5536.9,2
5538.0,38
5538.4,10
5538.6,36
5538.8,24
5539.7,30
5540.0,6
5540.1,1
5540.3,28
5540.6,3
5540.6,25
5540.7,34
5541.2,13
5541.3,17
5541.3,18
5541.8,16
5542.0,31
5542.3,12
5543.3,29
5543.3,35
5544.4,0
5544.7,26
5545.0,20
5545.1,22
5546.0,15
5548.4,11
5548.6,36
5548.8,19
5548.8,23
5549.3,14
5549.8,32
5550.2,13
5551.6,38
5551.7,5
5552.5,12
5552.7,9
5553.2,39
5554.3,6
5554.4,16
5554.4,35
5554.6,8
5554.7,37
5554.8,28
5555.2,31
5555.5,2
5555.9,26
5555.9,29
5556.3,34
5557.1,7
5558.0,36
5558.7,24
5559.2,4
5559.7,25
5561.0,10
5561.5,11
5562.0,17
5562.4,0
5562.5,32
5562.7,3
5562.7,23
5562.8,22
5562.9,12
5563.4,20
5563.9,13
5563.9,14
5564.0,30
5565.6,2
5566.2,1
5566.2,34
5566.4,21
5567.7,26
5567.9,28
5570.0,6
5570.4,16
5570.5,31
5570.6,39
5570.7,15
5571.2,37
5571.4,8
5571.6,24
5572.4,35
5572.5,30
5573.5,36
5573.7,5
5574.9,19
5576.1,23
5576.4,13
5577.2,12
5577.2,14
5577.2,20
5577.2,38
5577.6,0
5577.8,9
5577.8,10
5578.3,29
5578.4,34
5578.6,26
5579.4,11
5579.8,37
5579.9,18
5579.9,22
5580.6,25
5581.7,35
5582.4,1
5582.7,16
5583.8,24
5584.7,36
5585.1,28
5585.6,12
5585.7,17
5585.7,32
5585.7,6
5587.4,13
5587.6,31
5588.2,29
5588.9,21
5589.0,37
5589.3,8
5589.9,7
5590.6,22
5592.5,19
5592.7,23
5593.2,11
5593.3,5
5593.8,34
5594.0,36
5594.5,9
5594.6,20
5594.7,26
5597.9,24
5597.9,2
5598.1,35
5598.3,28
5598.5,21
5598.6,1
5599.0,0
5599.3,12
5599.3,16
5599.4,25
5599.6,4
5599.6,13
5599.8,10
5600.2,14
5600.4,32
5600.5,7
5600.6,17
5600.7,30
5601.0,3
5601.1,6
5601.9,23
5603.1,34
5605.4,31
5605.8,29
5606.0,39
5606.8,22
5607.1,11
5607.2,20
5607.4,38
5608.0,8
5608.4,36
5609.3,24
5610.0,19
5610.5,37
5610.6,12
5610.9,26
5611.4,13
5611.9,1
5612.0,16
5612.2,25
5612.6,35
5613.2,9
5613.4,15
5613.4,34
5614.5,23
5614.7,10
5615.8,31
5616.4,22
5616.4,30
5617.4,11
5618.0,28
5618.7,36
5618.9,17
5619.1,0
5619.6,18
5619.9,26
5620.9,32
5621.3,6
5621.3,7
5622.3,24
5622.3,34
5622.3,13
5622.6,29
5623.0,14
5623.7,38
5624.2,12
5625.7,35
5626.6,21
5626.6,39
5626.7,19
5626.9,20
5627.2,10
5627.6,25
5627.7,22
5628.6,5
5628.7,8
5629.3,17
5629.3,23
5629.5,16
5629.7,9
5629.9,31
5630.5,28
5631.6,11
5632.1,36
5634.1,0
5634.8,1
5634.8,20
5635.3,12
5635.3,13
5635.4,15
5635.4,30
5635.5,34
5635.9,24
5635.9,26
5637.1,4
5637.4,35
5637.6,38
5638.4,2
5638.4,6
5638.4,28
5640.7,22
5640.8,25
5641.3,14
5642.4,16
5642.4,36
5642.9,31
5644.1,8
5644.2,21
5644.8,10
5644.9,19
5645.5,23
5646.0,29
5646.6,24
5646.9,38
5647.8,11
5648.5,17
5649.4,9
5649.9,13
5650.6,35
5650.7,37
5651.0,15
5651.1,0
5651.1,12
5651.2,34
5651.5,26
5651.9,7
5652.2,28
5652.4,31
5653.5,36
5653.7,1
5654.3,30
5654.9,6
5655.3,25
5656.2,39
5657.5,21
5657.6,10
5657.7,4
5658.1,11
5658.3,20
5658.7,22
5658.8,19
5659.3,16
5659.6,32
5659.7,23
5660.7,35
5662.7,14
5662.8,38
5663.2,24
5663.3,36
5664.9,29
5665.2,13
5665.2,15
5665.2,39
5665.6,12
5665.7,34
5666.1,18
5666.7,9
5666.8,19
5666.8,16
5667.1,2
5667.2,5
5670.6,17
5670.8,0
5670.9,20
5671.2,31
5671.8,25
5671.9,28
5672.1,35
5672.3,23
5672.6,8
5672.6,10
5673.5,38
5674.3,7
5674.4,1
5674.9,22
5675.0,26
5675.4,11
5675.4,30
5675.6,6
5676.8,13
5677.8,36
5677.8,37
5678.3,24
5678.7,14
5679.0,23
5679.0,34
5679.4,2
5680.0,0
5680.7,19
5680.9,32
5681.2,28
5681.3,38
5681.4,39
5681.5,16
5681.8,12
5682.0,29
5683.3,15
5684.4,35
5685.6,11
5685.6,21
5686.3,1
5687.3,31
5687.8,4
5687.9,10
5688.0,36
5688.2,13
5688.4,30
5688.6,6
5689.3,9
5690.5,22
5690.7,24
5691.6,8
5692.0,26
5693.0,20
5693.2,16
5693.2,25
5693.8,0
5694.3,12
5694.7,34
5695.8,19
5696.0,15
5696.7,4
5696.8,13
5697.3,14
5697.5,31
5697.6,18
5697.7,17
5698.1,5
5698.1,35
5698.9,28
5699.1,36
5699.4,11
5699.8,23
5700.3,29
5700.6,32
5701.3,16
5701.8,7
5702.4,6
5703.4,37
5703.9,26
5704.0,24
5705.1,25
5705.4,38
5705.5,34
5705.7,1
5706.4,39
5706.5,22
5707.9,35
5708.0,12
5708.4,2
5710.1,9
5710.5,13
5711.3,19
5711.3,21
5711.6,20
5711.7,17
5712.0,0
5712.0,15
5712.6,14
5712.9,4
5712.9,23
5713.2,22
5713.2,30
5713.9,16
5713.9,28
5714.0,26
5714.1,8
5715.3,10
5715.8,11
5717.5,7
5717.6,36
5718.1,38
5718.2,31
5718.3,24
5719.5,5
5719.5,35
5719.6,34
5721.2,14
5721.3,1
5721.7,29
5722.1,6
5722.3,16
5722.9,19
5723.7,17
5724.1,25
5724.7,13
5725.8,22
5726.3,0
5727.3,12
5727.6,10
5727.6,20
5727.6,23
5727.8,30
5728.1,31
5728.6,38
5728.7,9
5729.2,15
5730.1,39
5730.3,11
5731.4,2
5731.5,36
5731.9,18
5732.2,34
5732.2,35
5732.9,22
5733.2,24
5733.3,13
5733.5,1
5734.6,14
5734.6,28
5735.0,32
5738.5,21
5738.8,37
5739.1,12
5739.2,31
5739.7,6
5740.3,0
5740.7,8
5740.7,16
5740.8,2
5740.9,26
5741.2,7
5741.5,11
5742.1,23
5742.5,17
5742.6,35
5742.7,34
5743.2,10
5743.2,36
5743.7,29
5744.1,13
5744.5,38
5745.2,30
5745.3,20
5746.7,4
5746.8,25
5746.8,39
5747.0,22
5747.3,14
5747.5,1
5747.5,32
5747.6,3
5748.8,6
5750.1,16
5750.2,15
5750.5,28
5750.6,19
5751.0,37
5752.2,24
5752.7,35
5753.3,20
5753.7,13
5754.3,31
5754.4,23
5754.4,34
5754.5,9
5756.2,12
5756.4,25
5757.0,0
5757.8,5
5758.1,36
5759.4,6
5759.5,29
5759.7,26
5759.9,22
5760.4,21
5760.5,2
5760.6,1
5760.9,38
5761.6,11
5761.7,8
5762.0,24
5762.1,16
5762.6,34
5763.2,13
5763.4,14
5763.5,35
5764.2,30
5764.4,17
5764.4,39
5765.2,36
5765.9,18
5766.5,23
5767.0,28
5767.4,19
5767.8,10
5769.2,32
5769.3,1
5769.7,31
5770.0,12
5771.2,4
5771.2,16
5771.4,20
5771.4,27
5772.0,24
5772.2,37
5772.9,22
5773.2,34
5773.4,38
5773.8,8
5774.4,0
5774.7,26
5774.9,21
5775.3,13
5775.4,5
5775.6,19
5775.6,28
5776.1,35
5776.1,36
5776.3,11
5776.9,7
5777.1,15
5777.5,30
5777.6,9
5778.3,2
5778.5,6
5778.9,14
5780.1,25
5782.0,23
5782.1,16
5782.1,39
5782.7,18
5784.0,13
5784.6,17
5784.8,31
5785.4,8
5785.6,29
5786.6,12
5786.9,10
5786.9,24
5787.7,20
5787.7,34
5787.8,35
5788.1,28
5788.6,32
5789.2,22
5789.3,11
5789.5,38
5790.2,1
5790.7,16
5791.5,25
5791.8,6
5791.8,30
5792.6,19
5793.0,36
5793.7,13
5794.5,15
5795.4,28
5795.5,39
5795.6,21
5795.7,31
5796.3,14
5796.3,26
5797.4,0
5797.6,12
5798.0,17
5798.1,34
5798.3,20
5798.7,22
5798.9,11
5799.0,35
5799.1,10
5799.5,23
5802.5,16
5803.0,36
5803.5,7
5803.6,32
5803.7,1
5803.7,24
5803.9,2
5803.9,5
5803.9,8
5804.3,6
5804.3,29
5804.4,3
5804.8,18
5805.2,4
5805.5,38
5805.9,13
5806.0,19
5808.6,0
5809.7,12
5809.7,37
5810.4,11
5810.6,31
5810.9,9
5810.9,30
5811.1,25
5811.1,34
5811.7,22
5812.6,35
5812.9,36
5814.0,13
5814.0,16
5814.1,17
5814.1,28
5814.2,21
5815.0,14
5815.2,10
5815.3,39
5815.6,26
5816.4,20
5816.7,8
5817.4,29
5817.7,24
5818.8,23
5819.6,15
5820.6,34
5820.7,38
5821.0,1
5821.6,0
5822.2,7
5822.8,5
5822.8,35
5823.1,6
5823.7,12
5824.5,36
5824.5,37
5824.8,22
5825.0,25
5826.1,13
5826.6,31
5827.1,28
5827.2,14
5827.6,30
5827.8,9
5828.4,10
5828.4,11
5829.6,8
5829.6,19
5830.2,39
5830.6,2
5830.7,15
5830.7,23
5830.9,16
5831.0,26
5831.2,18
5831.3,17
5831.9,20
5831.9,34
5832.3,24
5834.3,12
5834.6,4
5834.9,13
5835.7,38
5835.7,32
5835.9,36
5836.2,21
5836.7,22
5837.2,35
5837.8,1
5838.2,0
5838.3,25
5838.3,26
5840.2,11
5840.8,30
5841.3,29
5841.6,31
5843.8,23
5843.9,12
5843.9,34
5844.6,9
5845.0,24
5845.2,20
5845.4,10
5845.7,13
5845.9,16
5846.3,14
5846.4,26
5846.6,39
5846.7,6
5848.2,35
5848.8,28
5848.8,37
5849.0,8
5849.1,2
5849.1,17
5849.2,36
5849.4,22
5849.8,19
5852.5,7
5852.6,38
5853.1,15
5853.6,11
5853.7,1
5853.7,3
5854.0,5
5854.8,34
5855.0,12
5855.4,0
5855.7,14
5855.7,23
5855.8,30
5856.0,25
5856.2,24
5856.3,20
5856.3,29
5856.9,32
5858.1,13
5859.3,16
5860.5,26
5860.5,36
5860.7,21
5860.8,22
5861.1,35
5861.3,19
5863.1,31
5863.2,4
5863.5,6
5863.5,9
5864.4,23
5864.4,28
5864.4,32
5864.8,39
5864.9,14
5865.0,24
5865.2,25
5865.3,34
5865.4,1
5865.5,10
5865.7,15
5866.2,11
5867.9,16
5868.3,12
5868.4,19
5868.5,13
5869.2,0
5870.1,22
5871.1,38
5871.4,31
5871.4,35
5872.3,8
5872.5,17
5874.2,2
5874.4,24
5874.5,34
5874.6,36
5875.4,28
5875.6,20
5875.7,23
5876.5,7
5877.2,14
5877.2,26
5877.4,13
5877.5,30
5878.6,5
5878.6,22
5878.6,37
5879.7,1
5880.2,11
5881.0,10
5881.2,25
5881.3,18
5881.8,32
5881.9,16
5884.2,36
5884.9,12
5884.9,35
5885.8,15
5886.0,24
5886.0,38
5886.7,37
5886.9,28
5887.1,21
5887.9,6
5888.1,19
5888.1,29
5888.3,23
5888.4,34
5888.8,17
5889.0,0
5889.0,14
5889.1,39
5889.2,2
5890.5,13
5890.9,22
5890.9,31
5891.2,30
5893.8,36
5894.3,26
5894.5,8
5894.7,5
5894.8,7
5894.8,9
5895.1,10
5895.2,16
5895.2,35
5895.4,20
5895.6,11
5896.3,38
5896.4,18
5896.6,23
5897.1,6
5897.3,25
5899.0,3
5900.0,12
5900.8,17
5901.0,13
5901.6,24
5902.5,1
5903.3,31
5903.4,2
5903.5,34
5903.9,14
5903.9,21
5904.3,15
5904.6,22
5904.6,28
5904.8,36
5905.1,30
5905.5,39
5906.0,16
5906.8,37
5908.1,11
5909.2,20
5909.9,0
5911.9,29
5912.3,35
5912.8,6
5912.8,7
5912.9,19
5912.9,23
5913.0,32
5913.1,9
5913.1,10
5913.8,25
5914.0,38
5914.9,17
5915.0,12
5915.7,34
5915.8,24
5916.2,13
5916.7,1
5916.8,31
5917.0,22
5917.2,16
5917.5,8
5918.5,4
5918.5,14
5920.0,11
5920.1,26
5920.5,0
5921.0,15
5921.5,28
5921.5,30
5924.1,18
5924.4,36
5925.1,35
5925.5,19
5925.8,13
5926.4,31
5926.7,39
5927.1,23
5928.0,2
5928.1,1
5928.4,17
5928.4,37
5929.0,10
5929.2,6
5929.6,28
5930.0,22
5930.2,9
5930.2,15
5930.5,5
5930.7,24
5930.9,20
5932.6,29
5932.7,12
5933.2,32
5933.5,14
5933.5,30
5933.6,0
5933.9,25
5934.8,38
5935.3,11
5935.3,35
5935.4,16
5936.3,34
5936.5,31
5936.7,13
5938.2,36
5938.5,23
5938.5,26
5939.9,21
5940.0,6
5940.0,7
5940.1,22
5941.6,8
5942.9,19
5943.0,24
5944.3,38
5944.6,34
5945.0,0
5946.3,28
5947.3,36
5947.5,39
5948.2,13
5948.4,2
5948.5,11
5948.5,16
5948.5,30
5949.3,20
5949.9,4
5950.4,37
5950.6,10
5950.6,23
5950.7,5
5950.7,12
5950.7,17
5950.7,31
5952.6,1
5952.9,35
5953.1,6
5954.3,14
5954.9,26
5955.6,15
5956.8,25
5956.9,22
5958.3,16
5958.5,29
5958.6,19
5958.8,36
5959.3,21
5959.8,13
5959.8,20
5959.9,31
5960.6,11
5960.7,34
5961.0,38
5961.6,9
5962.6,24
5962.6,28
5963.4,39
5964.3,12
5964.5,35
5964.6,6
5964.9,17
5964.9,23
5964.9,32
5965.2,0
5965.4,5
5966.3,3
5966.4,1
5966.5,10
5966.7,8
5967.3,16
5967.4,14
5967.4,25
5967.4,31
5967.8,13
5967.9,11
5970.6,36
5970.9,2
5972.2,26
5972.7,34
5973.2,18
5973.5,7
5974.3,23
5974.4,30
5974.8,16
5974.8,24
5975.4,22
5975.8,6
5976.2,12
5976.3,37
5976.5,28
5977.1,13
5977.4,38
5978.2,35
5978.8,10
5979.6,19
5979.8,9
5979.9,31
5980.1,17
5980.3,20
5981.6,23
5983.0,21
5984.0,15
5984.7,14
5984.8,25
5985.1,11
5986.0,36
5986.5,1
5987.2,24
5987.3,16
5987.4,39
5987.5,2
5987.8,35
5988.2,28
5988.8,0
5988.9,12
5989.5,29
5991.2,7
5991.7,13
5991.7,22
5992.0,34
5992.1,30
5992.2,26
5992.7,20
5993.2,36
5993.8,17
5994.0,8
5994.2,38
5994.4,37
5994.6,23
5994.6,32
5994.7,5
5994.9,6
5996.0,11
5996.0,21
5996.5,24
5997.2,14
5997.4,10
5997.5,31
5997.8,19
5998.4,9
5999.2,25
6000.2,35
6000.5,28
6001.2,16
6002.2,34
6002.2,13
6002.6,1
6003.5,12
6003.6,39
6005.8,0
6007.2,17
6007.4,36
6008.0,15
6008.6,7
6008.8,22
6009.8,21
6010.2,20
6010.4,35
6010.7,13
6011.0,24
6011.0,26
6011.3,8
6011.3,23
6011.5,4
6011.6,38
6011.7,37
6011.8,29
6011.9,2
6011.9,5
6012.0,34
6012.8,11
6013.3,30
6014.3,9
6014.8,12
6014.8,31
6015.7,32
6016.5,6
6016.9,22
6017.0,14
6017.1,18
6017.3,16
6017.9,28
6018.3,36
6018.4,10
6019.5,1
6019.6,25
6020.3,17
6022.7,35
6023.2,13
6024.2,29
6024.3,19
6024.7,34
6025.1,8
6025.5,38
6025.6,11
6025.6,33
6025.6,39
6025.7,0
6026.6,23
6026.6,30
6026.9,20
6027.2,24
6027.7,36
6027.8,28
6028.1,12
6028.4,10
6029.6,4
6030.3,26
6032.6,13
6032.8,16
6033.8,25
6033.9,9
6034.2,31
6034.3,22
6035.0,6
6035.1,2
6035.2,29
6035.4,17
6035.4,3
6035.6,34
6036.6,14
6036.9,37
6036.9,11
6037.1,19
6037.3,15
6037.7,28
6037.7,38
6037.8,20
6038.6,7
6038.8,35
6040.0,23
6040.2,5
6040.3,24
6040.8,1
6041.3,21
6043.6,0
6043.6,39
6043.7,30
6043.8,10
6044.0,36
6044.1,12
6044.1,13
6045.1,16
6045.1,22
6048.6,29
6049.0,6
6049.1,9
6049.4,32
6049.5,26
6049.5,31
6049.7,8
6049.7,34
6050.3,28
6050.4,37
6050.7,13
6051.0,25
6051.6,1
6051.7,11
6051.7,19
6051.8,35
6052.1,4
6052.8,0
6054.5,38
6055.4,12
6056.2,23
6056.8,14
6057.4,10
6057.6,24
6058.2,34
6058.4,36
6058.6,15
6059.1,22
6059.1,31
6059.3,30
6059.8,7
6060.0,2
6060.1,16
6061.3,20
6061.5,6
6061.7,28
6062.3,13
6062.4,17
6062.5,26
6062.5,39
6063.0,21
6063.2,11
6064.0,25
6064.9,35
6065.0,5
6065.1,38
6065.4,1
6065.8,19
6066.4,22
6066.8,36
6066.9,9
6066.9,29
6068.1,0
6069.1,31
6069.2,8
6069.2,13
6070.2,23
6070.5,24
6070.9,12
6072.3,30
6073.2,10
6073.4,7
6073.7,34
6074.0,16
6074.5,18
6074.5,37
6074.6,25
6074.7,4
6074.8,14
6075.1,32
6076.2,8
6076.4,35
6076.9,29
6077.2,11
6077.7,13
6078.4,15
6078.9,20
6079.9,19
6081.0,23
6081.1,12
6081.4,38
6081.8,22
6083.5,0
6083.8,6
6084.3,24
6084.5,30
6085.0,28
6086.3,36
6086.6,31
6086.7,17
6087.1,10
6087.2,5
6087.2,14
6088.1,39
6089.1,16
6089.1,29
6089.3,35
6089.7,1
6090.3,2
6090.4,9
6091.8,21
6091.8,24
6091.8,32
6092.1,26
6092.4,7
6092.4,34
6092.7,38
6093.0,13
6093.3,8
6094.0,11
6094.8,22
6094.8,25
6095.3,37
6096.6,36
6097.1,17
6097.1,23
6097.3,4
6097.8,12
6098.1,19
6098.2,6
6098.4,0
6099.0,1
6099.0,15
6100.3,31
6100.4,10
6100.9,3
6100.9,35
6101.7,28
6102.0,16
6102.2,20
6103.6,24
6103.7,14
6104.2,13
6105.1,25
6105.5,34
6106.6,11
6106.6,30
6107.7,8
6107.9,39
6108.1,2
6108.9,12
6109.2,22
6109.2,36
6109.3,29
6109.9,1
6110.3,21
6111.1,7
6111.6,19
6111.6,32
6112.9,18
6112.9,23
6112.9,26
6113.2,4
6113.3,6
6113.3,34
6114.0,0
6114.1,16
6114.7,13
6114.9,17
6115.0,24
6115.2,31
6115.4,9
6115.9,38
6116.4,25
6117.5,35
6118.5,20
6118.7,28
6119.5,5
6120.0,36
6121.5,10
6121.7,19
6121.8,6
6123.4,13
6124.0,23
6124.9,11
6125.3,16
6125.5,12
6125.6,35
6126.2,29
6126.2,38
6126.5,24
6126.5,34
6126.8,37
6126.9,7
6126.9,22
6127.0,8
6127.2,14
6127.4,39
6128.7,19
6129.8,30
6129.9,17
6129.9,28
6130.2,36
6130.2,1
6130.8,9
6131.0,0
6131.4,21
6131.5,20
6131.5,26
6131.6,10
6131.6,12
6131.6,25
6131.7,31
6133.4,13
6133.7,15
6134.4,34
6134.5,6
6134.6,2
6135.7,35
6137.9,36
6138.7,16
6140.1,11
6140.2,32
6140.7,23
6140.9,17
6140.9,24
6140.9,38
6141.8,4
6142.4,37
6142.4,13
6143.6,30
6144.9,22
6145.9,28
6147.2,35
6147.5,5
6147.8,18
6147.9,25
6148.1,31
6148.2,0
6148.2,7
6148.2,12
6148.2,34
6148.5,19
6148.5,39
6149.0,10
6149.1,36
6149.2,27
6149.4,14
6149.6,26
6149.7,6
6150.0,8
6150.1,1
6150.7,15
6152.8,16
6152.8,20
6153.6,13
6154.5,29
6154.6,21
6154.9,22
6155.0,38
6155.8,35
6156.6,24
6157.3,11
6157.4,26
6157.7,9
6157.7,25
6158.1,17
6158.3,37
6158.4,31
6159.0,23
6159.1,34
6159.6,12
6160.4,0
6161.7,10
6161.8,2
6162.1,1
6163.0,14
6163.3,13
6163.3,15
6163.3,28
6163.4,16
6163.5,8
6163.7,7
6163.8,22
6164.3,30
6164.5,35
6166.2,38
6166.7,4
6167.1,6
6167.1,39
6167.4,36
6169.4,5
6169.8,34
6170.1,11
6170.4,3
6170.9,13
6171.1,25
6171.2,19
6171.3,12
6171.3,21
6171.7,24
6172.6,26
6173.1,29
6173.2,18
6173.3,0
6173.6,28
6174.1,23
6174.7,31
6175.6,35
6176.2,20
6177.1,9
6177.7,38
6177.8,32
6178.1,6
6178.3,1
6178.6,37
6179.4,10
6179.8,13
6180.4,22
6180.8,12
6181.1,11
6181.3,16
6183.0,36
6183.6,23
6183.8,30
6183.9,14
6184.6,28
6184.9,17
6185.3,15
6186.1,34
6186.7,24
6186.7,26
6187.1,2
6187.8,35
6187.9,10
6187.9,31
6188.1,29
6188.9,25
6188.9,39
6189.3,6
6189.4,19
6189.9,16
6190.0,11
6190.3,8
6190.7,9
6191.6,36
6192.1,1
6192.4,13
6192.7,4
6193.2,38
6193.4,5
6194.0,22
6195.3,12
6195.3,28
6198.0,7
6198.2,0
6198.5,23
6198.8,31
6199.2,17
6199.6,35
6199.9,20
6200.4,15
6200.7,16
6201.6,32
6201.7,36
6202.6,10
6202.6,11
6202.7,39
6202.9,2
6203.4,13
6203.7,34
6204.0,22
6204.3,6
6204.5,24
6204.9,8
6205.2,14
6205.5,12
6205.6,18
6206.3,30
6207.0,3
6207.1,25
6207.1,26
6207.8,28
6208.1,9
6208.4,38
6211.0,1
6211.3,16
6211.7,31
6211.8,19
6211.9,36
6212.4,0
6212.4,15
6212.6,23
6212.9,35
6213.2,17
6213.4,13
6215.6,37
6216.1,29
6216.3,20
6217.4,21
6217.8,7
6217.8,12
6218.0,22
6218.3,14
6218.5,34
6218.6,2
6218.6,24
6218.6,39
6218.8,33
6219.0,10
6219.2,8
6219.4,6
6220.2,25
6220.3,32
6221.3,28
6222.2,26
6222.9,38
6225.3,11
6225.6,31
6225.8,30
6226.5,0
6226.5,5
6226.7,12
6226.7,35
6227.3,9
6227.6,4
6227.8,13
6227.8,1
6227.8,23
6228.0,7
6228.0,19
6228.3,36
6230.2,34
6230.8,24
6231.9,20
6231.9,29
6232.9,16
6233.5,15
6235.2,36
6235.6,35
6235.8,10
6236.6,22
6237.0,28
6237.8,11
6237.9,17
6238.3,25
6238.8,6
6238.9,13
6239.1,26
6239.2,38
6240.6,14
6241.7,21
6242.4,9
6242.5,34
6242.7,1
6242.7,2
6242.9,23
6243.2,24
6243.5,37
6243.6,12
6244.6,31
6245.3,7
6245.4,39
6245.5,4
6246.1,8
6246.2,35
6246.3,0
6246.3,19
6247.6,6
6247.7,30
6247.8,36
6248.8,32
6249.5,20
6249.8,16
6250.1,13
6250.4,28
6250.4,38
6250.7,25
6252.4,26
6253.3,34
6253.6,12
6253.7,22
6254.7,36
6254.8,17
6254.9,10
6255.5,23
6255.6,18
6256.7,14
6258.2,5
6258.3,1
6258.3,25
6258.4,39
6258.5,11
6258.6,15
6259.1,4
6260.1,19
6260.8,28
6260.9,24
6261.2,34
6262.1,22
6262.7,30
6262.8,31
6264.1,2
6264.3,0
6264.4,16
6264.7,35
6265.1,29
6265.7,37
6266.3,13
6266.3,17
6266.4,8
6266.5,12
6266.6,23
6266.6,36
6266.6,38
6266.8,20
6267.0,6
6267.6,9
6267.6,26
6268.1,25
6268.8,21
6269.9,10
6271.3,11
6271.7,1
6272.7,39
6273.2,31
6273.5,34
6273.7,32
6273.8,5
6274.3,22
6274.3,28
6274.3,33
6274.6,38
6274.7,14
6274.7,36
6274.7,13
6277.6,24
6277.7,0
6277.9,12
6277.9,19
6278.5,35
6278.7,8
6278.8,16
6279.0,30
6279.2,23
6280.1,9
6280.1,21
6280.1,29
6280.7,4
6281.7,26
6282.5,34
6283.7,3
6285.2,11
6286.1,17
6286.2,25
6287.2,13
6287.3,6
6287.6,15
6288.6,1
6288.6,39
6288.7,38
6289.2,24
6290.1,36
6290.3,23
6290.3,20
6290.3,22
6291.1,31
6291.5,0
6291.5,10
6291.8,28
6292.0,35
6292.7,30
6293.3,12
6294.3,37
6294.6,13
6295.0,32
6295.3,16
6295.4,34
6295.6,19
6296.8,14
6296.9,26
6297.0,7
6297.0,8
6300.5,9
6300.8,36
6300.9,1
6301.2,4
6301.3,17
6301.6,23
6302.1,21
6302.2,11
6302.3,39
6302.5,35
6302.7,22
6302.8,6
6303.1,13
6303.2,25
6303.6,38
6305.2,0
6305.2,2
6305.5,24
6305.7,5
6305.8,10
6305.9,34
6306.6,19
6306.7,12
6306.7,26
6306.7,29
6307.0,28
6308.4,31
6308.7,16
6308.8,36
6309.3,20
6312.0,14
6312.3,11
6313.0,35
6313.2,37
6313.8,1
6313.9,15
6314.5,13
6314.6,12
6314.7,30
6314.9,0
6315.2,23
6316.5,26
6316.5,38
6316.9,9
6317.2,39
6317.3,8
6317.4,22
6317.7,18
6318.5,25
6319.2,28
6320.2,10
6320.8,24
6321.1,31
6321.4,17
6321.8,29
6322.0,4
6322.7,7
6323.2,36
6324.0,34
6324.1,19
6324.2,21
6324.5,16
6324.8,6
6325.4,32
6325.4,35
6325.7,38
6326.0,5
6326.3,20
6326.7,22
6327.3,2
6329.3,24
6329.3,26
6329.8,12
6329.9,28
6330.1,11
6330.8,13
6331.6,0
6332.0,23
6332.4,39
6332.7,30
6333.1,31
6333.4,14
6333.7,9
6333.8,25
6335.0,15
6335.1,34
6335.7,10
6337.2,16
6337.4,6
6337.8,37
6337.9,1
6338.1,36
6339.6,35
6339.9,22
6340.1,3
6340.3,13
6341.2,29
6341.3,17
6341.3,32
6341.5,4
6342.3,11
6342.8,2
6343.1,38
6344.3,12
6344.6,8
6345.4,19
6345.4,20
6345.8,7
6346.0,23
6346.4,5
6347.0,34
6347.0,36
6347.4,24
6348.2,21
6348.3,14
6348.3,28
6348.4,31
6348.5,0
6348.5,25
6348.8,39
6348.9,10
6348.9,13
6349.4,30
6350.0,16
6351.5,9
6351.8,6
6352.2,26
6353.4,22
6354.6,17
6355.5,35
6355.7,34
6358.0,7
6358.1,13
6358.6,25
6359.0,38
6359.1,10
6359.2,23
6359.2,39
6359.5,11
6360.0,37
6360.1,12
6360.2,24
6361.0,1
6361.0,30
6361.4,36
6361.6,18
6361.9,15
6362.5,31
6362.6,19
6362.8,0
6362.9,16
6363.5,21
6364.0,28
6364.0,32
6364.2,9
6364.5,14
6364.9,6
6365.0,26
6365.7,34
6365.8,8
6365.8,35
6366.7,20
6366.8,39
6366.9,29
6367.3,11
6369.6,12
6371.8,13
6372.3,38
6372.8,24
6373.7,5
6374.4,36
6374.7,23
6374.7,28
6375.0,17
6375.0,22
6375.6,35
6376.8,34
6377.9,32
6378.3,31
6378.5,7
6378.5,10
6378.7,1
6378.7,8
6378.7,11
6379.0,16
6379.4,25
6379.5,19
6379.9,26
6379.9,6
6380.5,0
6380.5,36
6381.7,21
6381.9,13
6383.4,9
6383.9,30
6384.0,12
6384.6,2
6384.6,4
6385.8,22
6385.8,35
6386.3,24
6386.4,37
6386.5,27
6387.0,20
6387.0,23
6387.3,16
6387.4,14
6387.7,39
6389.9,5
6389.9,38
6390.4,17
6390.6,13
6391.2,31
6392.0,18
6392.8,1
6392.8,25
6393.5,6
6395.1,28
6395.1,34
6395.1,36
6395.4,15
6395.6,29
6396.2,37
6396.5,10
6396.7,8
6397.3,22
6397.7,24
6397.8,14
6397.8,26
6397.9,16
6398.2,20
6398.2,38
6398.5,7
6398.5,35
6398.8,12
6399.4,11
6402.9,30
6403.4,19
6403.6,13
6403.9,6
6404.9,2
6404.9,23
6405.4,36
6405.6,39
6405.8,0
6406.8,5
6406.9,17
6407.2,11
6408.1,25
6408.4,35
6409.0,26
6409.0,34
6409.3,4
6410.3,9
6410.6,1
6411.0,31
6411.3,22
6411.7,6
6411.8,7
6412.1,28
6412.6,24
6413.2,14
6413.3,21
6413.7,10
6413.7,16
6414.0,20
6414.6,8
6415.3,30
6415.6,12
6415.6,37
6415.9,13
6416.2,15
6418.3,25
6418.3,35
6419.3,36
6419.6,17
6419.7,19
6420.3,22
6420.5,38
6420.6,11
6423.1,18
6423.1,29
6423.2,1
6423.2,23
6423.6,26
6423.6,34
6423.8,12
6424.1,0
6424.1,31
6424.5,6
6424.8,3
6425.5,32
6425.9,16
6426.2,13
6426.6,4
6427.1,35
6427.5,30
6428.0,24
6429.0,19
6429.6,36
6430.1,10
6430.2,20
6430.7,23
6431.1,14
6432.9,21
6433.1,28
6433.1,39
6433.4,2
6434.3,11
6434.3,13
6435.1,31
6435.5,5
6436.4,17
6437.3,6
6438.0,7
6438.2,22
6438.9,12
6439.4,35
6439.7,36
6439.9,1
6440.3,37
6440.3,9
6440.7,25
6441.1,4
6441.1,32
6441.4,34
6441.8,8
6441.9,38
6442.0,16
6442.0,23
6442.2,0
6443.3,20
6444.4,24
6445.0,15
6445.6,13
6445.6,31
6445.8,10
6446.1,28
6446.9,30
6447.7,19
6448.4,17
6448.5,26
6448.8,11
6449.0,14
6450.3,29
6450.9,35
6452.4,34
6452.6,22
6453.0,36
6453.1,6
6453.7,9
6454.3,7
6454.3,12
6454.4,25
6454.8,30
6455.2,5
6455.7,39
6456.1,8
6456.1,18
6456.5,23
6458.4,2
6459.0,24
6459.4,1
6459.5,38
6459.7,16
6460.3,28
6460.3,31
6460.4,13
6460.7,20
6461.1,35
6461.4,10
6461.6,0
6462.6,11
6462.9,26
6463.8,36
6465.3,37
6465.5,21
6465.8,17
6466.1,15
6466.4,39
6466.7,22
6466.7,29
6466.8,32
6467.0,12
6467.0,34
6467.1,6
6467.4,5
6467.6,14
6468.3,19
6469.3,9
6469.4,13
6469.8,4
6472.4,25
6472.8,10
6473.2,7
6473.2,24
6473.6,35
6474.5,23
6475.1,21
6475.6,2
6475.7,1
6475.7,31
6475.9,8
6476.6,16
6477.8,28
6477.8,36
6478.0,11
6478.0,30
6478.3,20
6480.8,13
6481.6,0
6481.6,14
6481.7,12
6481.8,3
6481.8,15
6482.2,38
6482.3,22
6482.3,34
6482.3,39
6482.7,26
6482.8,9
6482.8,32
6484.6,17
6484.7,36
6485.2,29
6485.8,6
6486.1,35
6486.3,31
6487.3,37
6487.5,25
6487.8,11
6488.4,19
6488.5,16
6488.8,1
6489.9,24
6490.0,18
6490.7,10
6491.2,13
6491.5,21
6491.8,26
6492.1,8
6492.6,28
6492.7,38
6493.2,2
6493.8,29
6494.0,34
6494.7,12
6495.9,11
6496.3,23
6496.8,22
6497.7,20
6498.0,0
6498.0,17
6498.5,13
6498.5,36
6498.9,7
6498.9,35
6499.0,31
6499.3,14
6499.5,6
6499.7,19
6500.4,5
6500.4,10
6501.7,30
6502.5,24
6502.8,25
6503.3,37
6503.5,8
6504.2,16
6504.9,39
6505.5,26
6506.0,1
6506.0,13
6506.1,4
6506.1,12
6506.2,23
6507.1,36
6509.0,9
6509.1,38
6510.2,22
6510.2,28
6510.4,35
6510.5,34
6510.9,6
6511.0,20
6512.9,3
6513.5,10
6514.3,21
6514.3,36
6514.7,11
6515.2,15
6515.5,14
6515.7,12
6516.2,1
6516.8,19
6517.1,31
6517.4,32
6517.4,24
6517.7,16
6518.6,17
6518.8,13
6519.0,8
6519.2,26
6519.3,29
6520.1,0
6521.4,25
6521.5,22
6521.7,37
6522.2,38
6522.8,2
6522.8,28
6523.8,20
6524.5,6
6524.5,36
6525.1,35
6525.1,39
6525.3,7
6525.3,34
6525.4,5
6526.1,1
6526.5,11
6527.4,12
6527.7,16
6528.0,13
6528.7,19
6528.7,26
6529.8,14
6529.8,23
6529.8,31
6531.4,10
6531.5,24
6531.6,27
6533.7,28
6534.0,32
6534.2,30
6534.3,20
6534.8,9
6535.2,22
6536.5,38
6536.6,8
6536.6,34
6536.9,17
6537.3,18
6537.9,36
6538.1,25
6538.4,35
6539.1,13
6539.3,0
6539.3,5
6539.4,21
6539.4,31
6539.7,24
6540.1,4
6540.2,14
6540.2,16
6540.5,15
6541.7,12
6542.0,19
6542.9,6
6544.1,11
6545.3,39
6545.5,23
6546.0,17
6546.7,1
6547.0,30
6547.2,2
6547.2,29
6547.6,36
6547.6,37
6547.7,9
6548.1,26
6549.2,35
6549.4,20
6549.7,10
6549.7,12
6550.2,22
6551.2,14
6552.1,11
6552.2,6
6552.5,13
6552.5,38
6552.5,25
6552.7,21
6552.7,24
6553.0,19
6553.1,28
6554.4,34
6554.5,16
6554.7,32
6555.0,8
6555.3,5
6555.6,0
6556.0,31
6557.4,36
6558.1,1
6558.6,4
6560.3,39
6560.7,19
6560.8,7
6561.0,20
6561.2,17
6561.3,35
6562.0,9
6563.3,12
6563.4,2
6563.4,22
6563.4,29
6563.5,23
6564.3,0
6564.7,13
6565.1,24
6566.2,34
6566.5,28
6567.0,30
6567.7,11
6567.7,26
6567.8,16
6568.1,10
6568.3,37
6569.0,1
6569.5,6
6570.0,15
6571.0,36
6571.1,3
6571.8,12
6571.8,14
6572.2,31
6572.6,35
6572.6,38
6573.4,25
6575.4,13
6578.3,39
6578.8,36
6579.3,16
6579.3,18
6579.3,28
6579.3,34
6579.4,11
6579.7,21
6579.9,7
6579.9,17
6579.9,23
6579.9,32
6580.1,24
6583.4,26
6583.4,31
6583.9,4
6583.9,12
6584.5,0
6584.5,8
6584.5,10
6584.5,13
6584.5,22
6584.6,6
6585.0,29
6585.1,19
6585.3,1
6585.3,9
6586.4,25
6588.0,20
6588.0,38
6588.6,23
6589.0,5
6589.0,14
6589.0,15
6589.6,35
6590.0,2
6590.7,11
6590.7,30
6591.7,28
6592.6,36
6593.7,34
6594.4,16
6594.7,0
6595.1,37
6595.2,6
6595.2,9
6595.3,21
6595.3,22
6595.6,18
6595.6,13
6596.7,19
6598.2,24
6598.4,11
6598.6,31
6599.1,35
6599.4,1
6599.6,26
6599.8,17
6600.6,15
6600.7,36
6601.5,12
6602.4,25
6603.1,34
6603.2,14
6603.7,7
6604.1,16
6604.2,10
6604.4,38
6604.8,23
6605.1,20
6606.5,32
6606.9,13
6607.3,0
6607.5,22
6608.1,4
6608.1,29
6608.4,39
6608.5,28
6608.5,35
6608.7,30
6608.8,6
6610.1,31
6610.3,9
6610.9,36
6611.8,12
6612.5,37
6613.0,24
6613.2,11
6614.3,5
6614.9,25
6615.2,16
6615.3,1
6615.3,8
6615.4,34
6615.8,23
6616.4,13
6616.6,2
6616.7,15
6616.8,10
6616.9,38
6617.3,17
6617.4,19
6618.4,21
6619.8,14
6620.7,3
6621.8,9
6622.5,29
6622.5,31
6622.5,36
6622.6,6
6622.8,11
6622.9,7
6623.3,35
6623.4,26
6623.5,28
6623.7,12
6623.8,30
6626.0,20
6626.9,0
6627.0,32
6628.2,13
6628.6,24
6628.7,16
6628.7,34
6628.8,25
6628.9,4
6629.0,17
6629.1,39
6629.2,1
6629.4,5
6629.4,38
6629.5,22
6629.5,36
6630.0,19
6630.7,23
6631.3,18
6633.3,35
6633.5,28
6634.0,10
6635.3,12
6635.5,31
6636.6,11
6636.7,21
6637.0,14
6637.4,26
6637.4,30
6637.7,38
6637.9,24
6638.5,0
6638.6,29
6638.7,22
6638.9,34
6639.1,2
6639.3,8
6639.5,20
6639.7,39
6639.8,13
6640.0,9
6640.4,7
6641.2,37
6641.9,1
6641.9,23
6642.2,36
6643.4,4
6643.5,28
6646.1,12
6646.1,15
6646.8,10
6647.7,19
6647.9,16
6648.0,25
6648.1,11
6648.2,6
6648.9,14
6648.9,31
6649.2,24
6649.4,35
6650.7,17
6650.8,30
6652.4,1
6653.2,36
6653.5,13
6653.5,34
6654.8,0
6655.2,22
6655.2,23
6656.2,26
6656.6,32
6657.1,25
6657.6,28
6658.8,9
6658.8,24
6658.8,31
6659.5,7
6659.5,12
6660.1,8
6660.4,5
6660.8,38
6661.2,14
6661.5,17
6661.8,11
6661.9,16
6662.0,35
6662.4,19
6662.9,36
6663.4,13
6663.7,37
6663.8,29
6664.1,6
6664.8,18
6665.2,20
6665.6,3
6666.0,10
6666.4,0
6666.8,21
6667.4,34
6668.2,36
6669.2,2
6669.6,1
6670.0,32
6670.2,15
6671.2,13
6671.3,12
6671.4,24
6671.5,28
6671.8,30
6673.5,8
6673.7,16
6674.5,11
6674.9,7
6675.6,22
6675.7,35
6676.0,9
6676.0,23
6676.0,25
6676.0,31
6676.3,19
6677.1,34
6677.5,14
6677.8,39
6677.9,10
6678.1,38
6678.6,13
6678.7,20
6678.7,26
6679.6,17
6680.5,21
6681.2,24
6681.7,6
6683.1,1
6684.0,36
6684.5,29
6684.7,12
6684.8,28
6685.0,11
6685.5,4
6685.8,0
6686.5,35
6686.9,15
6687.1,22
6687.7,23
6687.9,6
6687.9,37
6688.0,5
6688.8,20
6690.1,13
6690.1,24
6690.3,10
6690.7,31
6692.0,30
6693.2,17
6693.6,19
6694.3,39
6694.4,14
6694.5,16
6694.9,26
6695.0,32
6695.3,25
6695.6,38
6695.8,7
6695.9,34
6696.2,9
6696.2,18
6696.6,33
6697.0,8
6698.3,1
6698.4,12
6698.5,36
6698.8,11
6699.1,22
6699.7,6
6700.1,35
6701.7,0
6702.1,10
6702.6,38
6703.0,15
6703.2,13
6703.2,20
6703.7,37
6704.2,28
6704.3,2
6704.3,29
6704.4,17
6705.2,24
6705.4,16
6705.6,23
6708.0,31
6708.4,4
6708.7,6
6708.9,14
6709.1,19
6709.3,1
6709.4,21
6710.8,36
6713.4,26
6713.4,30
6713.6,25
6713.7,12
6714.1,11
6714.5,5
6714.6,22
6714.6,34
6714.8,10
6715.5,7
6715.5,16
6715.9,13
6716.2,32
6716.2,35
6716.7,38
6717.5,23
6717.6,0
6717.7,29
6718.4,9
6719.1,17
6719.6,4
6719.9,1
6720.6,24
6721.4,20
6721.8,28
6723.0,8
6723.0,21
6723.0,39
6723.7,36
6724.0,13
6724.0,37
6724.1,2
6724.2,6
6724.3,30
6724.4,19
6724.7,34
6725.0,15
6725.5,31
6726.3,10
6726.6,26
6726.9,11
6727.1,16
6728.2,35
6728.3,7
6728.7,23
6729.4,0
6729.8,18
6730.1,29
6730.4,32
6731.2,22
6731.3,1
6731.4,12
6733.7,14
6734.0,38
6734.7,30
6735.0,13
6735.7,6
6735.8,24
6736.0,28
6737.4,34
6737.6,25
6738.3,3
6738.3,36
6739.4,20
6739.6,10
6739.6,31
6740.4,32
6740.6,11
6741.6,17
6742.3,9
6742.6,35
6742.7,13
6743.1,19
6743.5,21
6743.8,22
6743.8,1
6744.2,12
6744.6,38
6745.2,37
6745.4,8
6745.5,4
6745.5,5
6745.5,23
6745.5,26
6745.6,16
6745.8,0
6746.8,7
6747.1,14
6747.5,15
6748.4,36
6749.8,10
6749.9,29
6750.2,30
6751.1,25
6751.5,28
6751.5,31
6751.6,39
6751.7,12
6751.9,6
6751.9,34
6752.5,18
6752.5,24
6755.4,17
6755.6,9
6755.7,11
6756.2,16
6756.5,23
6756.7,35
6757.3,8
6757.5,19
6757.5,1
6757.9,13
6758.1,20
6758.4,2
6758.5,22
6758.5,38
6759.7,36
6760.1,37
6761.6,21
6762.5,24
6763.0,10
6763.4,28
6763.6,4
6765.5,39
6766.6,14
6766.6,34
6767.0,26
6767.6,5
6767.7,7
6767.7,12
6767.8,6
6767.8,15
6767.9,0
6767.9,31
6768.2,23
6768.2,32
6768.4,19
6768.8,13
6768.9,29
6769.0,36
6769.5,16
6769.6,17
6771.1,25
6771.9,30
6772.5,11
6772.5,35
6773.0,22
6775.3,1
6776.4,38
6777.0,10
6777.0,24
6777.5,36
6777.8,6
6778.1,9
6778.4,0
6778.4,13
6779.9,28
6780.0,34
6780.0,35
6780.5,11
6781.6,12
6782.3,30
6783.3,23
6784.0,31
6785.5,19
6786.3,2
6786.6,24
6786.9,8
6787.1,14
6787.1,21
6787.3,22
6787.5,9
6787.5,17
6787.7,7
6787.8,26
6788.0,29
6788.1,10
6788.7,37
6788.8,39
6788.9,16
6789.1,1
6789.3,32
6789.8,11
6791.2,6
6791.3,36
6792.6,13
6792.9,12
6793.4,25
6793.4,35
6793.6,15
6794.4,38
6794.5,20
6794.6,4
6794.7,0
6794.7,34
6794.9,3
6794.9,5
6794.9,23
6794.9,28
6795.2,19
6798.2,31
6799.2,16
6799.3,17
6799.5,6
6799.5,10
6800.9,30
6801.7,13
6802.5,12
6802.7,36
6802.8,24
6802.9,29
6803.6,26
6803.8,34
6804.4,14
6805.0,18
6806.3,8
6806.3,31
6806.5,11
6808.0,22
6808.1,28
6808.2,1
6808.2,21
6808.2,35
6808.6,2
6809.5,0
6810.4,9
6810.8,7
6810.9,39
6811.2,6
6811.4,37
6811.6,32
6811.9,23
6812.0,36
6813.5,25
6814.3,13
6814.8,20
6816.0,16
6816.0,38
6816.2,17
6816.4,14
6816.4,34
6817.0,24
6817.6,19
6817.7,10
6817.9,31
6818.2,35
6819.4,28
6820.3,12
6820.3,29
6820.7,4
6821.2,22
6821.2,32
6821.6,6
6821.7,30
6822.4,5
6822.8,13
6823.4,21
6823.9,11
6824.0,36
6824.7,9
6825.5,1
6826.0,0
6826.7,23
6826.8,35
6826.9,34
6828.1,16
6828.2,26
6829.8,31
6830.0,22
6830.4,3
6830.4,17
6831.9,18
6832.1,8
6832.4,20
6832.6,24
6833.7,7
6833.9,15
6834.0,37
6834.0,38
6834.3,19
6834.4,25
6834.8,23
6834.9,10
6835.2,13
6835.2,14
6835.5,28
6835.7,6
6836.0,39
6836.2,12
6837.4,2
6838.2,16
6839.4,34
6839.5,17
6839.7,36
6841.2,11
6841.2,30
6842.5,29
6843.0,22
6844.2,35
6844.6,9
6844.6,38
6844.9,23
6845.0,19
6845.3,32
6845.6,31
6845.9,26
6846.0,28
6846.1,4
6846.2,13
6846.3,1
6847.4,21
6847.6,34
6847.8,0
6847.8,5
6848.1,16
6848.8,8
6849.0,24
6849.0,25
6850.2,12
6851.3,36
6852.5,11
6852.7,39
6853.1,14
6853.4,28
6854.0,10
6854.3,13
6854.6,6
6855.0,30
6855.1,20
6855.6,29
6856.9,16
6858.1,38
6858.3,35
6858.8,9
6859.0,0
6859.2,17
6859.5,31
6859.6,19
6859.9,37
6860.2,23
6860.6,24
6861.5,12
6861.6,7
6861.8,21
6861.8,22
6862.0,26
6862.0,29
6862.8,25
6863.0,2
6864.4,34
6865.0,36
6865.3,10
6865.3,14
6865.8,13
6866.7,15
6867.7,1
6867.7,30
6868.1,8
6868.4,5
6868.5,28
6869.3,11
6870.2,24
6870.5,32
6871.8,31
6872.3,23
6872.4,35
6873.1,6
6873.1,12
6873.2,19
6873.7,34
6875.5,13
6875.6,20
6875.8,16
6876.0,29
6876.0,38
6876.4,39
6877.1,9
6877.5,22
6878.0,21
6878.0,24
6878.0,37
6878.1,36
6879.0,0
6879.4,14
6880.2,7
6880.5,25
6881.4,31
6881.5,10
6882.0,8
6882.0,35
6882.5,26
6882.8,23
6883.0,18
6883.1,11
6883.5,17
6883.7,15
6884.3,32
6884.4,1
6885.5,13
6885.6,36
6885.7,4
6885.7,30
6886.4,3
6886.6,6
6886.9,28
6887.5,33
6887.7,16
6888.2,12
6889.7,34
6890.2,24
6890.3,14
6891.8,22
6893.2,19
6893.2,31
6893.4,20
6894.5,13
6894.7,2
6894.8,0
6895.6,35
6896.8,11
6897.0,26
6897.1,9
6897.2,23
6897.7,29
6897.8,37
6898.4,21
6898.5,38
6898.8,39
6899.0,5
6899.2,12
6899.3,30
6900.4,19
6900.6,7
6901.2,20
6901.4,17
6902.0,36
6902.5,1
6902.5,10
6902.5,28
6902.6,34
6903.5,25
6903.9,6
6904.2,24
6906.9,13
6906.9,31
6907.4,16
6907.8,22
6908.1,35
6908.6,39
6908.8,11
6909.4,0
6909.6,8
6909.9,37
6910.0,32
6910.4,18
6910.7,14
6911.1,9
6912.1,36
6912.6,12
6912.6,28
6913.4,10
6913.5,23
6915.7,29
6916.4,19
6917.1,15
6917.3,2
6917.3,25
6917.4,6
6917.5,24
6917.5,34
6917.8,26
6918.0,13
6918.1,38
6918.3,20
6918.8,30
6919.1,4
6920.0,5
6921.6,11
6921.6,36
6922.1,8
6922.5,17
6922.6,21
6923.4,39
6923.8,7
6923.9,31
6924.0,1
6924.0,35
6924.5,22
6924.6,12
6924.6,28
6925.7,16
6926.9,14
6927.1,13
6927.5,6
6928.3,34
6928.6,38
6930.0,26
6930.4,20
6930.5,9
6932.0,24
6932.1,25
6932.1,37
6932.2,23
6932.5,0
6933.7,10
6933.9,12
6934.3,22
6934.6,36
6935.6,35
6936.0,3
6936.2,16
6937.5,32
6937.9,1
6938.7,14
6938.9,28
6939.1,25
6939.1,39
6939.7,11
6939.9,27
6940.1,30
6940.4,19
6940.6,31
6940.7,29
6941.1,8
6941.1,37
6941.8,13
6942.0,15
6942.3,24
6942.5,5
6942.8,26
6943.1,17
6943.3,2
6943.7,20
6943.9,6
6944.0,38
6945.4,23
6945.8,34
6946.0,36
6947.8,22
6948.5,16
6948.6,12
6949.1,11
6949.9,10
6950.6,35
6950.7,7
6950.8,1
6950.8,9
6950.8,13
6951.6,6
6951.6,28
6951.8,30
6952.3,0
6952.4,20
6952.6,32
6954.2,4
6955.2,25
6955.9,34
6957.2,31
6957.5,39
6957.6,24
6957.7,26
6958.0,19
6958.3,36
6958.4,14
6958.9,38
6959.2,2
6959.4,20
6959.8,13
6960.5,21
6961.6,1
6961.6,22
6962.8,17
6962.9,16
6962.9,23
6963.2,29
6963.3,3
6963.3,15
6964.3,5
6964.9,11
6965.4,10
6965.6,0
6965.7,37
6965.8,18
6965.8,35
6966.4,12
6966.4,30
6968.2,6
6968.8,8
6970.6,31
6970.8,34
6971.0,24
6971.9,38
6972.6,13
6972.9,22
6973.0,19
6973.2,14
6973.2,32
6973.4,9
6973.5,28
6973.7,25
6973.7,39
6973.8,10
6973.8,36
6974.1,17
6975.8,16
6976.4,35
6976.5,20
6976.6,7
6976.7,0
6978.6,23
6978.8,34
6981.1,8
6981.4,6
6981.4,12
6981.8,21
6981.9,11
6982.0,36
6982.8,30
6983.8,31
6983.9,22
6984.1,1
6984.5,29
6984.8,37
6985.5,2
6986.4,19
6987.4,13
6987.6,26
6987.6,38
6988.3,20
6988.4,4
6989.1,14
6989.1,24
6990.5,28
6990.8,35
6991.2,34
6991.3,12
6991.4,21
6991.5,16
6991.7,7
6992.4,9
6992.7,39
6993.0,32
6993.8,1
6994.2,36
6995.4,17
6996.0,10
6996.8,5
6997.0,23
6997.1,11
6997.8,31
6997.9,15
6998.2,22
6998.9,0
6999.0,6
7000.1,25
7000.4,30
7000.7,29
7000.7,34
7000.8,13
7001.1,35
7002.1,8
7002.8,28
7003.7,24
7003.9,19
7004.3,32
7004.7,38
7005.1,12
7005.6,1
7005.7,23
7006.1,36
7006.1,37
7006.6,14
7007.1,7
7007.7,16
7007.7,26
7008.4,39
7009.5,18
7009.7,11
7010.5,34
7011.2,31
7011.5,20
7011.9,30
7012.0,4
7012.0,15
7012.2,17
7012.3,13
7012.8,12
7012.9,27
7013.5,6
7013.8,25
7013.9,10
7014.3,9
7014.6,5
7014.6,35
7015.7,22
7016.4,14
7016.8,16
7017.6,38
7017.7,28
7018.1,21
7020.2,2
7020.7,29
7021.1,36
7021.6,0
7021.6,23
7021.7,32
7022.1,1
7022.5,19
7023.1,13
7023.5,8
7024.0,12
7024.1,4
7024.3,25
7024.4,24
7024.6,3
7024.9,11
7025.1,26
7025.6,20
7026.0,6
7027.8,31
7028.0,16
7028.5,38
7028.6,22
7028.7,35
7029.1,34
7029.7,9
7030.2,2
7030.2,17
7030.7,39
7031.1,37
7031.9,7
7031.9,13
7033.0,10
7033.9,14
7034.2,30
7034.6,0
7035.2,28
7035.5,25
7036.2,36
7037.3,12
7038.2,26
7039.0,1
7039.1,35
7039.2,23
7039.6,5
7039.7,21
7039.9,6
7040.4,16
7040.9,24
7041.1,22
7041.4,13
7041.4,38
7041.7,31
7042.9,17
7043.7,8
7043.7,11
7043.9,28
7044.1,32
7045.1,10
7046.4,34
7046.5,36
7047.3,29
7048.0,15
7048.8,30
7048.8,39
7049.4,1
7049.4,16
7049.4,19
7050.1,4
7050.8,20
7051.6,35
7052.2,9
7052.4,13
7052.5,37
7053.0,12
7053.3,0
7053.5,2
7053.8,14
7054.1,18
7054.3,6
7055.1,25
7055.3,22
7055.4,23
7055.6,24
7055.8,31
7055.9,17
7056.5,26
7056.5,38
7056.6,34
7057.6,19
7057.7,11
7057.9,5
7058.4,7
7059.2,36
7059.7,21
7060.2,28
7060.8,29
7061.2,16
7062.4,3
7063.5,35
7063.9,32
7064.0,10
7064.4,6
7064.9,0
7065.0,13
7066.1,8
7066.5,1
7066.8,36
7067.4,12
7067.9,24
7068.6,31
7068.8,23
7070.6,34
7070.8,4
7070.9,39
7071.0,28
7071.2,22
7071.4,17
7072.0,14
7072.5,9
7072.5,10
7072.5,35
7072.6,20
7072.7,19
7073.0,38
7073.1,30
7073.7,26
7073.8,11
7074.1,16
7076.1,13
7076.2,25
7077.5,36
7077.8,34
7078.5,32
7079.0,2
7079.8,15
7079.9,35
7080.4,6
7080.4,37
7081.3,12
7081.3,31
7082.4,5
7082.4,8
7082.8,22
7083.4,29
7084.1,20
7085.0,9
7085.0,19
7085.1,24
7085.5,13
7085.5,16
7085.5,23
7085.7,34
7086.1,39
7086.4,1
7086.7,38
7087.4,21
7087.9,14
7088.1,28
7090.7,30
7091.2,0
7091.3,36
7091.4,26
7092.1,25
7092.7,17
7093.2,22
7093.4,18
7093.5,6
7093.6,7
7093.6,11
7093.7,12
7093.8,27
7094.8,37
7095.1,35
7095.4,28
7095.9,38
7096.1,31
7096.3,1
7099.4,10
7099.4,24
7099.7,34
7099.9,16
7100.0,19
7100.7,32
7101.2,36
7101.4,13
7101.4,22
7101.8,5
7102.0,0
7102.0,8
7102.1,21
7104.1,26
7104.6,29
7104.7,6
7105.6,35
7107.1,23
7107.1,30
7107.6,12
7108.1,25
7108.3,17
7108.4,31
7108.7,28
7109.0,14
7109.1,39
7109.2,11
7109.3,20
7109.3,15
7109.6,18
7110.3,38
7110.5,16
7110.7,2
7110.9,36
7111.9,9
7112.8,33
7113.2,13
7114.5,35
7114.8,37
7115.2,0
7115.2,24
7115.4,1
7116.1,4
7116.6,25
7116.7,34
7116.8,22
7117.0,6
7117.3,7
7117.8,32
7118.4,30
7119.8,3
7119.9,26
7120.0,38
7120.3,10
7120.6,23
7120.7,8
7120.8,17
7120.8,19
7121.3,28
7121.3,31
7121.8,21
7122.7,12
7123.4,11
7123.5,36
7124.3,13
7124.5,29
7125.9,15
7126.9,16
7127.3,14
7127.3,24
7128.0,7
7128.1,9
7128.9,35
7129.1,39
7129.5,23
7129.7,0
7129.7,20
7129.9,22
7130.9,6
7130.9,34
7131.6,11
7133.1,13
7133.4,25
7133.7,1
7134.1,12
7135.4,28
7136.1,31
7136.6,38
7137.2,30
7137.2,32
7138.1,36
7139.4,2
7140.3,18
7140.3,19
7140.7,26
7141.9,14
7142.0,24
7142.2,10
7142.4,5
7142.6,16
7142.7,34
7143.2,8
7143.6,29
7143.9,22
7144.0,35
7144.7,12
7144.8,23
7145.2,13
7145.9,31
7146.2,20
7146.5,0
7146.7,21
7146.9,17
7147.0,39
7147.6,7
7147.6,28
7148.9,36
7150.3,25
7150.7,6
7151.1,1
7151.1,11
7151.8,27
7152.1,24
7152.8,30
7152.8,37
7153.1,12
7154.5,19
7154.7,38
7155.1,14
7156.2,34
7156.5,4
7156.7,35
7156.8,17
7156.9,13
7156.9,15
7157.6,16
7158.0,9
7158.1,23
7158.1,28
7159.2,2
7161.2,21
7161.2,22
7161.3,39
7161.7,31
7162.2,10
7162.3,36
7162.5,20
7162.9,32
7163.0,5
7163.7,8
7163.7,26
7164.1,12
7164.4,25
7164.6,19
7165.2,24
7165.3,0
7167.3,35
7168.0,11
7168.5,34
7169.5,13
7169.5,29
7169.6,7
7169.8,33
7170.2,38
7171.0,1
7171.0,28
7172.2,16
7172.3,23
7172.3,36
7172.6,30
7172.9,19
7173.0,20
7173.7,15
7173.9,14
7174.3,9
7174.6,22
7175.2,12
7175.4,17
7175.6,2
7175.8,37
7176.7,3
7176.7,21
7177.1,4
7178.5,31
7179.1,11
7179.6,36
7179.7,1
7180.6,39
7181.3,6
7181.3,34
7182.4,26
7182.6,25
7183.0,10
7183.7,13
7183.8,35
7184.5,5
7184.7,38
7184.8,24
7184.8,28
7185.8,29
7186.2,17
7186.4,0
7186.6,16
7189.4,20
7189.6,15
7189.7,22
7190.1,12
7190.5,30
7190.9,13
7191.2,8
7191.3,34
7191.4,23
7191.8,25
7192.0,6
7192.3,19
7192.6,14
7194.5,36
7195.0,4
7195.0,31
7195.2,2
7195.2,35
7195.4,7
7195.5,11
7196.7,1
7196.8,9
7197.4,28
7197.6,18
7198.6,10
7198.8,37
7199.8,20
7200.1,16
7200.3,21
7200.3,24
7200.3,34
7200.7,17
7200.8,3
7201.2,12
7201.3,23
7201.4,30
7201.5,38
7202.0,22
7202.2,25
7202.4,35
7203.6,26
7203.9,13
7205.1,29
7205.1,31
7205.7,36
7208.2,32
7208.6,8
7208.6,21
7208.7,14
7208.7,24
7209.2,39
7209.4,19
7211.0,15
7211.2,0
7211.8,6
7211.9,2
7212.1,11
7212.1,34
7213.5,12
7213.7,1
7214.0,28
7214.2,35
7214.3,9
7214.4,13
7214.8,7
7215.5,16
7216.0,22
7216.3,10
7216.8,23
7217.0,17
7217.1,38
7217.8,31
7218.2,5
7219.2,20
7220.6,36
7222.1,6
7222.1,14
7222.1,26
7222.8,25
7223.2,0
7224.5,21
7224.7,4
7225.4,34
7225.6,37
7225.7,39
7225.9,24
7226.0,19
7226.3,16
7226.5,13
7227.3,30
7227.5,1
7227.7,29
7228.5,11
7228.6,10
7228.9,35
7229.0,28
7229.6,32
7230.1,12
7230.1,38
7230.1,5
7230.1,36
7230.9,2
7231.0,22
7231.6,23
7232.5,15
7233.1,17
7233.1,34
7233.8,20
7234.3,26
7234.7,31
7234.8,37
7235.3,8
7236.0,25
7237.0,13
7237.1,24
7238.2,7
7239.5,19
7239.9,12
7239.9,30
7240.5,35
7240.6,28
7241.5,14
7241.5,22
7242.1,11
7242.2,0
7242.4,1
7243.1,16
7243.2,36
7243.6,39
7244.4,6
7244.6,32
7245.2,9
7245.9,38
7246.1,18
7246.1,34
7246.3,13
7247.6,21
7248.0,17
7248.8,10
7249.4,12
7249.5,31
7250.1,5
7250.1,26
7250.1,28
7250.1,35
7250.7,25
7251.0,20
7251.0,24
7251.0,27
7251.1,2
7251.1,29
7252.4,11
7253.2,14
7253.6,13
7253.8,22
7253.8,34
7254.0,32
7254.5,23
7256.2,30
7256.4,19
7256.6,36
7256.7,6
7257.8,38
7258.1,31
7258.6,8
7259.0,0
7259.0,7
7259.4,16
7260.4,2
7260.4,29
7260.4,37
7261.7,14
7262.1,4
7262.5,11
7262.5,35
7262.8,17
7264.5,12
7264.5,39
7265.6,10
7265.9,34
7266.0,13
7266.2,1
7266.2,24
7266.4,36
7267.3,15
7267.4,6
7267.4,23
7267.4,26
7267.5,25
7267.7,28
7268.1,22
7268.6,16
7269.3,9
7270.4,30
7270.7,19
7271.1,0
7271.4,20
7272.7,35
7273.2,11
7274.7,12
7274.8,31
7274.8,38
7275.1,21
7275.5,14
7275.5,37
7276.0,13
7276.4,36
7277.3,34
7277.7,6
7278.3,5
7278.3,26
7279.2,7
7279.4,17
7279.5,16
7279.9,29
7280.2,2
7281.5,18
7281.6,35
7282.3,25
7282.5,22
7283.3,28
7284.2,39
7284.5,1
7284.5,3
7284.5,10
7285.2,24
7285.5,30
7285.7,8
7286.3,36
7286.4,34
7286.8,19
7286.8,32
7286.9,0
7287.0,14
7287.3,20
7287.3,31
7288.0,15
7288.5,13
7288.6,37
7288.6,38
7289.1,33
7289.3,23
7290.8,11
7292.0,35
7292.1,12
7292.6,9
7293.0,28
7293.8,21
7294.2,6
7294.4,4
7294.5,17
7295.2,34
7295.3,26
7296.0,25
7296.8,39
7297.4,1
7297.7,2
7297.7,10
7298.3,16
7298.5,8
7298.9,0
7299.1,24
7300.4,23
7300.8,13
7301.5,32
7301.7,14
7302.1,36
7303.0,29
7303.0,31
7303.0,38
7303.2,12
7303.2,22
7303.3,7
7303.3,20
7304.3,19
7305.0,34
7305.0,35
7306.3,18
7307.5,5
7308.3,30
7308.5,6
7308.5,17
7308.6,28
7309.7,13
7310.0,11
7310.0,16
7310.6,12
7311.0,25
7312.3,1
7312.7,37
7313.0,9
7313.1,14
7313.3,10
7313.3,22
7313.6,38
7313.9,24
7314.0,21
7315.0,15
7315.1,36
7315.7,23
7317.0,30
7318.2,34
7318.4,0
7318.6,26
7318.7,4
7319.1,31
7320.2,29
7320.4,16
7320.4,39
7320.7,2
7321.0,35
7321.2,7
7321.4,5
7321.4,17
7321.4,32
7321.7,12
7321.7,13
7322.3,20
7322.8,6
7322.8,8
7322.8,11
7326.8,22
7326.9,36
7327.1,25
7327.7,19
7327.8,24
7328.0,3
7328.7,1
7328.9,14
7329.0,13
7329.2,23
7329.2,28
7329.5,38
7329.9,21
7331.9,31
7332.0,9
7333.4,34
7333.4,37
7334.8,16
7334.8,24
7334.9,35
7335.8,12
7336.3,0
7336.3,2
7336.3,30
7337.7,10
7338.4,20
7338.7,26
7338.8,15
7338.8,39
7340.1,6
7341.4,19
7341.4,5
7341.4,22
7341.6,13
7341.9,11
7342.0,28
7342.0,29
7342.0,36
7342.1,17
7342.3,14
7342.6,25
7343.2,0
7343.2,23
7343.2,35
7343.2,38
7343.4,21
7344.7,8
7345.8,16
7347.3,12
7348.0,7
7348.4,24
7349.1,31
7349.8,1
7349.8,32
7349.8,37
7350.1,34
7350.3,4
7351.3,13
7351.5,18
7351.8,30
7352.0,15
7352.8,36
7353.2,6
7353.5,0
7353.9,11
7354.8,12
7354.9,25
7355.0,10
7355.8,16
7356.5,20
7356.5,26
7356.9,35
7357.8,17
7358.0,28
7359.1,39
7359.5,22
7359.8,14
7360.3,32
7360.4,34
7360.6,8
7360.7,23
7361.1,9
7361.5,13
7361.9,5
7361.9,19
7362.0,31
7362.4,24
7362.8,37
7363.0,38
7363.6,30
7363.8,12
7366.0,10
7366.2,2
7366.2,25
7367.0,7
7367.0,36
7367.1,35
7367.4,6
7367.7,29
7368.5,1
7368.5,15
7368.8,20
7369.1,21
7369.1,31
7369.6,0
7369.6,11
7370.4,19
7371.5,22
7371.7,13
7371.8,16
7372.4,34
7374.6,18
7375.8,14
7376.4,24
7377.2,38
7377.3,9
7378.0,23
7378.2,8
7378.4,35
7378.8,28
7378.8,36
7379.2,17
7379.5,15
7379.5,39
7379.7,12
7380.3,26
7380.7,4
7381.4,34
7382.2,20
7382.8,25
7383.5,30
7384.4,24
7384.6,5
7384.7,11
7384.8,2
7385.1,16
7385.3,22
7385.3,37
7385.4,7
7385.4,13
7386.0,31
7386.1,14
7386.5,1
7387.1,10
7387.3,0
7388.0,19
7388.1,12
7388.3,21
7388.3,35
7389.1,36
7392.5,6
7393.1,23
7393.1,29
7393.2,28
7394.2,20
7394.3,26
7394.6,38
7394.7,13
7394.8,17
7395.0,34
7395.1,22
7396.5,24
7396.5,39
7397.0,16
7397.2,25
7398.0,31
7398.8,12
7399.3,1
7399.8,14
7400.2,36
7400.5,9
7400.8,21
7400.9,35
7401.0,11
7401.1,8
7401.4,4
7401.8,0
7401.8,38
7402.2,15
7402.6,3
7404.2,28
7404.7,23
7406.6,13
7406.9,16
7408.4,22
7408.5,10
7408.5,32
7408.8,6
7409.4,37
7409.6,19
7409.8,7
7409.9,36
7411.4,18
7411.6,20
7411.6,24
7411.6,38
7411.7,12
7412.0,0
7412.0,31
7412.0,34
7412.1,30
7412.2,25
7412.8,1
7412.8,26
7412.9,2
7413.1,17
7413.1,29
7413.4,5
7413.5,35
7414.7,11
7416.3,28
7416.9,13
7416.9,16
7417.0,14
7418.6,19
7418.9,23
7419.5,15
7420.5,8
7420.5,39
7420.9,6
7421.3,9
7422.2,1
7423.3,22
7423.4,10
7424.6,28
7424.6,36
7425.2,0
7425.6,5
7425.8,34
7426.0,21
7426.6,12
7426.9,24
7427.6,38
7427.7,35
7428.2,2
7428.4,13
7429.9,11
7429.9,16
7430.0,37
7430.2,20
7430.2,31
7430.4,26
7430.7,25
7431.0,30
7431.7,23
7433.0,7
7433.4,34
7433.5,4
7433.8,22
7434.8,29
7435.1,6
7435.1,19
7435.6,10
7435.6,35
7435.8,36
7436.5,12
7437.1,39
7437.5,17
7437.8,13
7438.8,38
7439.2,14
7440.0,32
7440.5,24
7441.4,11
7441.8,25
7442.2,31
7442.9,0
7444.1,6
7444.2,16
7444.3,36
7445.2,9
7445.4,1
7445.4,34
7445.6,8
7445.6,12
7445.6,15
7445.8,10
7446.4,22
7446.7,35
7448.0,28
7448.2,13
7448.2,30
7449.1,24
7449.2,17
7449.8,2
7449.9,38
7450.4,23
7451.2,3
7451.2,37
7451.3,18
7451.3,19
7451.7,20
7453.0,14
7454.2,21
7454.2,29
7454.3,11
7454.7,4
7454.9,39
7455.7,34
7456.6,35
7456.7,1
7456.8,22
7456.8,26
7456.9,7
7457.0,12
7457.0,25
7457.2,5
7457.7,36
7457.9,8
7460.3,9
7460.6,13
7462.4,16
7463.3,6
7463.3,10
7464.3,17
7464.5,20
7464.5,28
7464.8,24
7465.2,31
7465.3,26
7465.5,0
7465.9,23
7465.9,35
7466.2,2
7466.2,19
7466.4,32
7466.7,36
7467.0,14
7467.1,38
7467.2,15
7467.3,30
7468.2,13
7469.0,12
7470.7,7
7470.7,34
7471.4,11
7471.4,22
7472.8,21
7472.8,39
7475.0,16
7476.3,25
7476.4,1
7477.1,23
7477.7,31
7478.2,29
7478.8,36
7478.9,19
7479.7,6
7480.1,28
7480.1,5
7480.5,24
7480.5,35
7480.5,38
7480.9,20
7481.1,2
7481.1,17
7481.4,13
7481.8,9
7481.8,10
7481.8,30
7482.2,8
7482.9,22
7485.5,15
7485.8,34
7486.4,12
7486.7,16
7487.1,14
7487.5,11
7487.8,0
7488.2,36
7488.5,26
7489.3,25
7489.4,23
7489.4,31
7490.3,35
7490.7,1
7491.6,24
7492.6,32
7493.0,13
7494.5,6
7494.5,18
7494.6,28
7494.6,30
7494.8,17
7495.1,7
7495.3,38
7495.6,10
7495.6,19
7495.7,20
7496.0,16
7496.3,12
7496.3,34
7497.4,36
7497.9,22
7499.0,39
7499.2,11
7499.4,25
7501.4,37
7502.1,1
7502.3,31
7503.2,29
7503.3,15
7503.5,0
7503.9,14
7504.1,38
7504.2,21
7504.3,17
7505.2,23
7505.8,30
7507.2,8
7507.2,13
7507.7,28
7507.8,16
7508.6,39
7509.3,5
7509.3,35
7509.5,9
7509.5,19
7509.7,6
7509.7,22
7509.8,10
7510.0,36
7510.3,31
7510.5,12
7510.6,34
7511.1,24
7511.7,11
7512.0,26
7512.4,2
7512.9,20
7513.6,1
7514.9,0
7516.1,32
7516.4,4
7517.4,13
7517.9,23
7517.9,35
7518.2,25
7518.6,21
7519.3,10
7519.4,36
7519.7,14
7519.8,12
7519.9,26
7520.0,16
7520.0,38
7520.4,17
7520.4,28
7520.5,31
7521.5,29
7521.6,11
7522.9,30
7523.3,22
7523.9,34
7525.2,19
7526.3,24
7526.7,9
7527.3,6
7527.7,1
7527.8,8
7527.9,13
7527.9,20
7528.2,7
7528.2,28
7528.3,37
7528.8,35
7530.0,38
7530.8,23
7531.0,10
7531.5,31
7531.9,39
7531.9,0
7531.9,14
7531.9,36
7532.1,5
7532.1,11
7532.3,12
7534.2,17
7535.4,15
7535.5,16
7536.5,2
7537.7,19
7537.9,28
7537.9,35
7538.1,24
7538.8,13
7539.4,6
7539.5,34
7539.7,25
7540.9,30
7541.1,22
7542.6,26
7542.9,1
7543.3,10
7543.8,31
7544.4,36
7544.5,20
7544.7,9
7544.7,12
7544.7,29
7544.8,11
7544.9,7
7545.2,8
7545.6,21
7548.4,13
7548.6,39
7549.1,17
7549.7,23
7549.8,0
7549.9,16
7550.1,35
7550.4,19
7550.7,38
7551.9,32
7552.7,37
7553.7,18
7554.3,6
7554.5,14
7555.7,36
7555.8,24
7556.0,34
7556.1,4
7556.1,28
7556.1,30
7556.8,22
7557.8,0
7558.0,15
7558.1,13
7558.1,20
7558.8,8
7558.8,10
7559.0,1
7559.3,11
7561.5,31
7562.2,29
7562.3,12
7562.4,25
7563.6,35
7564.1,9
7564.3,38
7564.5,7
7564.5,16
7564.6,23
7565.5,28
7566.3,26
7567.0,17
7567.4,3
7567.6,6
7567.7,39
7569.0,24
7569.0,34
7569.2,13
7569.6,11
7570.0,14
7570.3,5
7570.9,36
7571.5,19
7573.1,12
7573.2,31
7573.4,32
7573.4,35
7574.3,38
7574.8,16
7576.3,23
7577.0,1
7577.7,2
7578.0,21
7578.1,13
7578.2,4
7578.2,8
7578.3,22
7578.7,28
7579.1,37
7579.4,20
7579.5,15
7579.7,36
7580.1,10
7580.7,29
7580.7,30
7580.9,35
7581.2,14
7581.2,24
7581.8,0
7581.9,19
7582.3,26
7582.9,25
7583.4,11
7583.9,34
7584.0,31
7584.6,6
7586.3,39
7586.6,9
7586.8,16
7586.9,12
7586.9,30
7587.4,17
7588.5,22
7589.5,23
7590.5,8
7590.8,13
7591.2,0
7591.2,7
7591.6,1
7593.2,15
7593.4,36
7594.4,28
7594.4,34
7595.1,26
7595.1,35
7595.3,5
7595.4,20
7595.6,11
7595.6,37
7595.8,38
7597.1,14
7597.7,24
7598.1,6
7598.2,19
7598.5,12
7600.1,13
7600.2,29
7600.3,25
7600.4,22
7601.1,21
7601.5,4
7601.8,10
7602.5,16
7602.7,31
7603.5,35
7605.1,23
7605.1,28
7605.4,2
7605.7,24
7605.8,32
7605.9,17
7606.6,0
7606.7,11
7607.1,9
7607.1,14
7607.3,34
7607.7,38
7609.0,1
7609.6,36
7610.6,37
7610.7,26
7611.0,25
7611.7,13
7612.8,12
7612.9,30
7613.7,18
7613.8,10
7613.9,20
7614.2,5
7614.3,6
7614.4,3
7614.5,7
7614.5,33
7615.0,39
7615.9,22
7616.4,19
7617.0,23
7617.6,31
7617.6,36
7618.5,34
7618.7,35
7619.0,16
7620.0,13
7621.2,24
7621.7,28
7622.0,29
7622.3,11
7622.4,14
7622.5,38
7623.0,1
7623.2,0
7626.0,17
7626.2,6
7626.6,26
7627.2,25
7628.2,20
7628.3,35
7628.5,5
7628.6,19
7628.6,34
7628.7,8
7628.8,12
7628.9,10
7629.2,32
7629.4,13
7629.7,15
7629.7,30
7629.8,16
7629.9,39
7630.0,1
7630.1,2
7630.1,11
7630.1,23
7631.3,9
7631.5,22
7631.7,24
7633.2,21
7633.9,36
7635.2,17
7635.2,28
7635.3,31
7636.7,14
7638.0,37
7638.3,12
7638.5,13
7638.6,38
7639.0,20
7639.1,0
7639.3,6
7639.5,7
7639.8,8
7641.5,16
7641.5,26
7641.7,28
7641.7,34
7641.9,35
7644.3,24
7644.5,36
7644.5,39
7644.7,25
7644.8,1
7645.5,11
7645.5,23
7646.8,22
7647.8,30
7647.9,31
7648.6,13
7649.7,9
7650.6,20
7650.7,19
7651.0,29
7651.2,4
7651.2,12
7652.5,34
7652.7,6
7653.2,14
7653.4,16
7653.9,35
7654.1,27
7654.2,10
7654.6,32
7654.9,24
7655.1,37
7655.8,8
7656.3,17
7656.3,36
7656.6,0
7656.7,23
7656.8,38
7657.6,2
7658.0,11
7658.7,18
7658.8,31
7658.9,28
7659.9,13
7659.9,21
7660.9,1
7662.1,15
7662.5,5
7662.7,7
7662.7,30
7663.6,19
7663.9,25
7664.2,34
7664.5,3
7664.7,26
7664.9,12
7665.4,36
7666.0,6
7666.0,22
7667.1,24
7669.2,13
7669.5,35
7670.1,9
7670.3,39
7670.5,8
7670.6,16
7671.8,38
7671.8,14
7672.4,37
7672.6,23
7672.8,10
7673.0,11
7673.1,20
7674.3,28
7674.8,0
7675.7,2
7675.8,34
7676.3,17
7676.8,19
7677.2,36
7677.9,21
7678.2,16
7678.2,29
7678.3,31
7678.5,30
7679.1,6
7679.1,7
7679.3,22
7679.5,26
7679.7,25
7679.8,32
7680.7,1
7681.3,13
7681.3,24
7682.4,12
7683.5,23
7684.0,5
7684.0,38
7684.3,35
7685.2,18
7685.3,9
7686.5,8
7686.6,28
7687.5,15
7687.6,0
7687.8,10
7688.2,29
7688.5,11
7688.9,17
7689.0,14
7689.4,23
7689.4,32
7689.9,19
7690.0,34
7690.6,22
7691.3,35
7692.2,36
7693.2,31
7693.3,25
7693.3,39
7693.9,16
7694.1,1
7694.1,13
7694.2,4
7694.2,12
7694.4,20
7694.5,37
7695.8,38
7695.9,24
7697.3,26
7698.3,6
7699.6,35
7699.7,34
7700.0,30
7700.4,2
7700.7,22
7701.0,28
7701.8,19
7701.8,32
7702.1,36
7703.2,5
7703.6,14
7704.1,9
7704.4,0
7704.7,17
7705.7,7
7705.7,25
7706.7,24
7706.8,13
7706.8,23
7707.7,38
7707.8,16
7707.9,31
7708.0,29
7708.2,8
7708.2,12
7708.5,20
7709.4,1
7710.1,11
7710.3,37
7710.7,10
7710.7,15
7710.9,6
7712.0,35
7712.4,28
7714.8,21
7715.3,36
7716.1,19
7716.5,4
7716.5,14
7717.1,34
7717.2,26
7717.8,25
7718.5,22
7718.8,17
7719.4,38
7719.9,13
7720.0,35
7720.2,30
7720.5,16
7721.7,18
7721.7,31
7722.0,2
7722.1,6
7722.4,23
7723.3,11
7723.4,12
7723.5,1
7724.0,29
7724.5,24
7724.6,10
7724.8,28
7725.0,36
7725.2,3
7725.5,15
7725.7,0
7727.7,9
7727.9,20
7727.9,37
7728.3,35
7729.8,16
7729.8,22
7729.9,34
7730.3,11
7730.3,13
7730.8,32
7731.7,25
7731.9,8
7734.3,6
7734.3,26
7734.5,39
7734.8,7
7734.9,4
7735.2,21
7735.6,17
7735.6,19
7735.6,24
7736.0,12
7736.0,31
7736.1,5
7736.4,35
7736.6,38
7736.9,36
7737.3,1
7737.6,30
7739.5,23
7740.1,28
7740.4,14
7742.4,13
7742.7,18
7743.3,0
7743.4,2
7743.4,15
7743.5,25
7743.5,29
7743.7,34
7744.8,10
7745.0,24
7745.1,12
7745.1,36
7745.7,16
7746.1,11
7747.6,6
7747.7,19
7747.7,22
7747.8,31
7748.8,4
7749.2,1
7749.8,13
7750.7,35
7751.1,38
7751.5,7
7751.5,9
7751.8,23
7751.9,25
7752.0,29
7752.3,32
7753.1,17
7753.1,20
7754.1,30
7754.8,36
7754.9,5
7754.9,8
7755.0,26
7755.4,34
7755.5,37
7756.9,39
7757.5,12
7758.1,28
7758.4,35
7758.5,22
7758.6,24
7759.9,13
7760.3,16
7761.3,0
7761.3,10
7762.0,14
7762.8,11
7763.8,37
7764.1,31
7764.8,23
7765.1,34
7765.3,6
7765.4,25
7765.7,29
7765.8,1
7765.9,19
7766.0,15
7766.0,21
7766.2,30
7767.3,12
7767.4,36
7768.4,18
7769.0,28
7769.0,38
7769.3,17
7769.5,24
7769.7,35
7770.7,20
7771.2,13
7771.2,16
7773.4,26
7774.0,2
7774.2,14
7774.3,8
7774.4,36
7774.9,9
7775.1,7
7775.1,32
7775.2,10
7775.9,3
7776.1,39
7776.8,5
7777.2,23
7777.4,22
7777.6,34
7778.0,1
7778.3,11
7778.9,24
7779.7,0
7779.7,12
7779.8,31
7780.0,28
7780.6,38
7781.5,29
7781.6,6
7781.7,37
7782.3,13
7782.6,15
7783.0,35
7783.6,21
7785.7,25
7786.1,11
7786.1,34
7786.5,26
7787.1,20
7787.4,23
7787.8,36
7787.9,30
7788.4,4
7788.5,16
7788.6,8
7788.8,24
7789.4,1
7789.5,22
7791.2,19
7791.7,32
7791.8,39
7792.0,12
7792.4,31
7792.8,21
7793.3,13
7793.6,3
7793.9,17
7793.9,38
7794.2,14
7794.3,9
7794.6,7
7794.6,35
7794.9,2
7794.9,10
7795.1,5
7796.2,6
7797.7,28
7798.5,16
7799.0,26
7800.5,0
7800.5,11
7801.1,34
7802.3,36
7803.0,1
7803.1,23
7803.2,22
7803.6,15
7803.8,29
7804.1,35
7804.3,13
7805.2,24
7806.2,25
7806.6,19
7806.6,37
7807.2,12
7807.4,30
7807.6,32
7808.7,31
7809.0,34
7809.2,7
7809.6,38
7809.9,39
7810.1,8
7810.1,20
7810.1,36
7810.2,14
7810.3,0
7810.4,17
7811.8,11
7814.0,10
7814.1,28
7814.5,6
7814.5,13
7815.2,16
7815.2,21
7815.6,22
7816.3,35
7816.7,24
7818.0,26
7818.1,5
7818.2,4
7818.4,9
7819.0,36
7819.2,19
7819.4,38
7819.5,11
7819.7,31
7819.8,1
7820.2,18
7821.8,2
7822.6,23
7822.6,34
7822.8,0
7823.6,13
7823.7,37
7823.8,25
7823.9,35
7824.0,12
7824.8,30
7825.6,20
7827.0,15
7827.6,7
7827.8,17
7828.6,16
7828.9,14
7828.9,28
7829.8,36
7830.1,1
7830.3,29
7830.3,39
7830.6,8
7831.0,6
7831.1,24
7831.2,9
7831.9,32
7832.7,22
7834.3,13
7835.5,12
7835.5,34
7836.0,0
7836.0,38
7836.6,23
7836.7,10
7836.8,2
7837.2,11
7837.2,19
7837.2,35
7838.1,31
7838.1,36
7839.4,21
7839.7,6
7840.1,25
7840.7,16
7840.9,3
7841.3,20
7842.0,24
7842.8,39
7843.6,28
7843.8,26
7844.2,4
7845.0,30
7846.9,7
7847.1,13
7847.7,1
7848.3,5
7848.4,10
7848.5,8
7848.5,12
7848.7,35
7848.9,14
7849.0,22
7849.1,11
7849.1,34
7849.3,17
7850.5,23
7851.0,18
7852.7,32
7852.7,37
7852.9,19
7853.3,15
7853.4,36
7853.4,38
7853.5,31
7853.6,6
7853.9,2
7854.1,28
7854.2,16
7854.3,9
7854.3,29
7854.5,24
7854.6,0
7855.1,11
7855.4,20
7855.9,25
7856.8,30
7857.2,39
7858.5,26
7859.2,34
7859.7,13
7860.4,10
7860.8,22
7861.9,17
7862.1,36
7862.2,21
7862.3,1
7862.5,35
7863.4,12
7863.9,19
7864.6,16
7864.7,6
7865.3,38
7865.5,11
7866.4,24
7868.0,8
7868.7,5
7868.8,7
7869.1,23
7869.6,2
7870.6,28
7871.0,0
7871.2,13
7871.2,34
7871.5,20
7871.7,22
7872.4,30
7872.4,35
7872.7,31
7872.8,36
7873.2,17
7873.2,25
7873.7,19
7874.0,26
7874.1,14
7875.2,4
7876.3,16
7877.6,12
7878.4,32
7878.6,9
7878.8,37
7879.1,3
7879.1,10
7879.3,8
7879.4,13
7879.5,6
7879.5,21
7879.7,36
7880.0,1
7880.2,35
7881.5,11
7882.5,38
7883.3,22
7883.6,31
7883.9,23
7885.0,29
7885.3,34
7885.7,0
7885.7,24
7886.4,19
7886.8,28
7887.8,30
7888.2,7
7888.6,12
7888.6,20
7889.4,4
7889.4,5
7890.1,6
7890.1,14
7890.4,13
7890.6,16
7891.9,15
7891.9,25
7892.2,39
7892.4,10
7892.7,36
7892.8,35
7894.4,31
7894.5,17
7895.0,22
7895.9,23
7896.0,38
7896.7,8
7896.7,37
7897.8,11
7897.8,24
7898.6,21
7899.0,1
7899.2,34
7899.6,29
7899.6,32
7900.2,9
7900.3,0
7901.0,26
7901.3,13
7902.1,6
7902.7,35
7904.9,10
7905.2,2
7905.4,19
7905.4,22
7905.6,16
7906.1,14
7906.1,18
7906.1,36
7906.6,30
7906.7,20
7907.1,12
7907.1,25
7907.1,31
7907.2,28
7908.4,39
7909.4,13
7909.6,7
7909.9,17
7910.3,24
7911.4,15
7911.7,9
7911.7,11
7912.4,3
7913.1,5
7913.1,23
7913.1,38
7913.4,32
7913.7,34
7914.3,6
7914.4,8
7916.0,35
7916.1,4
7916.3,12
7916.8,0
7916.8,21
7917.0,20
7917.2,36
7917.3,37
7917.5,19
7918.0,31
7919.2,13
7920.1,14
7920.1,16
7920.2,24
7920.2,25
7920.3,28
7920.5,30
7921.2,1
7921.7,26
7921.8,10
7922.9,6
7923.9,29
7924.3,38
7924.9,22
7925.4,2
7925.6,35
7926.3,39
7926.4,11
7926.4,36
7927.1,34
7928.6,32
7929.2,31
7929.4,15
7929.8,13
7930.0,9
7930.0,23
7930.1,12
7930.6,1
7931.7,24
7932.5,18
7934.2,16
7934.3,5
7934.6,4
7934.7,10
7934.9,17
7935.8,6
7935.8,19
7936.0,8
7936.6,14
7936.9,0
7936.9,3
7937.1,21
7937.1,29
7937.2,28
7937.4,35
7937.9,20
7938.2,38
7938.5,2
7938.7,7
7938.7,36
7939.0,34
7939.3,22
7941.1,25
7941.9,12
7943.0,30
7943.3,31
7943.8,26
7944.1,11
7944.1,21
7944.5,39
7945.0,9
7945.0,37
7945.4,13
7945.5,16
7945.5,24
7945.7,23
7946.5,0
7946.7,36
7946.8,6
7949.7,1
7950.9,34
7951.0,12
7951.4,19
7951.4,28
7951.7,17
7952.2,22
7952.8,15
7953.1,5
7953.9,10
7954.0,14
7954.6,24
7955.0,20
7955.6,38
7956.8,35
7957.5,13
7958.4,18
7959.9,26
7959.9,32
7960.2,16
7960.7,31
7960.8,36
7961.2,23
7961.4,9
7961.4,25
7961.4,39
7962.3,11
7962.4,29
7962.7,6
7962.7,7
7963.0,24
7963.1,30
7963.5,4
7963.6,34
7963.7,2
7963.8,20
7963.8,22
7964.0,12
7964.5,8
7967.3,28
7968.0,19
7968.0,35
7969.4,13
7969.4,38
7969.6,0
7969.6,17
7970.7,1
7970.7,36
7970.8,31
7970.9,10
7971.7,23
7972.1,3
7972.4,15
7972.9,37
7973.3,26
7973.4,32
7974.6,21
7974.8,16
7974.9,14
7975.2,22
7975.5,5
7976.1,11
7976.5,34
7977.5,13
7977.7,24
7979.5,0
7980.5,30
7980.7,35
7981.3,39
7981.5,6
7981.6,23
7982.6,12
7984.3,2
7984.3,25
7984.7,1
7984.7,4
7984.8,16
7984.8,27
7984.8,31
7985.1,9
7985.2,14
7985.2,36
7985.3,28
7985.8,17
7987.3,8
7987.3,22
7987.3,29
7987.8,13
7989.2,32
7989.7,7
7990.2,34
7991.9,26
7992.0,30
7992.4,35
7992.8,0
7992.8,20
7992.9,19
7993.3,37
7993.6,16
7993.7,10
7993.8,12
7994.0,24
7994.2,15
7994.9,11
7995.1,6
7996.7,36
7997.3,13
7997.5,23
7997.5,31
7997.7,21
7998.7,4
7999.1,25
8000.9,14
8001.3,39
8002.2,22
8002.7,1
8003.3,16
8003.3,28
8003.6,9
8003.6,38
8003.7,10
8003.8,29
8003.9,5
8004.2,32
8004.4,34
8004.7,7
8005.0,20
8006.5,35
8006.8,19
8006.9,8
8007.7,13
8008.9,12
8009.6,23
8010.5,36
8010.9,3
8011.4,31
8011.5,6
8011.6,11
8011.6,24
8012.7,26
8012.8,22
8013.1,25
8013.2,17
8013.5,21
8014.1,14
8014.4,2
8015.7,30
8016.8,1
8017.1,34
8017.8,16
8018.0,15
8018.8,28
8019.4,19
8019.6,5
8019.9,8
8019.9,36
8020.1,20
8020.3,4
8020.5,7
8020.5,35
8020.8,10
8020.8,13
8021.1,24
8021.2,32
8022.5,38
8022.8,0
8023.7,22
8023.8,29
8024.0,26
8024.1,37
8024.8,9
8025.9,23
8025.9,12
8026.6,39
8026.9,6
8027.7,34
8028.1,13
8028.2,1
8030.5,17
8030.6,16
8031.1,25
8031.3,36
8032.3,31
8032.8,11
8033.2,4
8034.3,28
8034.6,18
8035.3,30
8035.4,8
8035.4,35
8036.0,12
8036.5,6
8037.1,26
8037.2,38
8038.4,34
8038.5,22
8038.5,39
8038.6,24
8038.9,0
8039.0,13
8039.1,36
8039.3,9
8039.6,2
8039.8,20
8040.3,23
8040.8,14
8041.0,37
8042.3,1
8042.8,3
8043.0,28
8043.3,16
8043.3,19
8043.4,10
8044.0,29
8045.5,21
8047.0,31
8047.3,35
8049.0,25
8049.2,13
8049.5,7
8049.9,24
8050.1,15
8050.3,18
8050.5,36
8050.9,32
8051.1,0
8051.2,12
8051.7,5
8051.8,30
8051.9,6
8053.2,34
8053.2,38
8053.3,9
8053.7,20
8054.1,17
8054.1,28
8054.2,11
8054.4,26
8054.5,2
8054.5,8
8054.6,22
8054.9,23
8059.5,4
8059.8,35
8060.1,10
8060.1,16
8060.1,39
8060.3,24
8061.2,12
8061.2,29
8061.3,30
8061.6,14
8062.3,1
8062.3,23
8062.5,25
8062.5,36
8062.8,13
8062.8,21
8063.1,22
8064.0,2
8064.0,0
8064.6,31
8065.3,19
8065.4,11
8066.3,38
8067.2,28
8067.4,7
8067.6,9
8067.6,32
8067.7,6
8067.7,34
8067.9,17
8069.4,35
8071.4,39
8071.7,13
8071.9,8
8072.7,37
8072.9,10
8073.2,1
8073.3,16
8074.1,5
8074.1,20
8074.3,22
8075.0,31
8075.4,25
8076.1,24
8077.0,29
8077.1,0
8077.4,26
8077.6,14
8077.6,36
8078.3,28
8078.5,15
8078.5,18
8079.0,23
8079.0,34
8079.6,12
8080.6,4
8080.6,35
8081.8,17
8081.8,30
8082.6,19
8083.1,6
8083.7,21
8083.7,38
8084.2,11
8084.9,31
8085.8,39
8086.1,2
8086.4,9
8086.4,16
8086.9,13
8087.5,7
8087.7,8
8087.7,24
8087.8,34
8088.1,12
8088.2,3
8088.3,29
8089.5,28
8089.5,36
8089.7,22
8090.8,37
8091.4,35
8092.1,20
8092.1,25
8092.3,1
8092.7,14
8092.9,6
8093.1,0
8093.6,31
8093.7,26
8093.8,10
8095.2,13
8095.5,23
8095.6,16
8095.8,32
8097.8,30
8098.0,34
8098.1,19
8098.7,12
8100.5,28
8101.7,36
8101.9,8
8102.7,18
8102.7,22
8102.8,2
8102.8,17
8102.9,29
8103.5,38
8103.6,6
8103.9,21
8105.1,5
8105.4,13
8105.7,11
8105.9,4
8106.8,31
8107.2,26
8108.0,16
8108.1,1
8108.4,34
8108.9,9
8109.3,19
8109.5,24
8109.6,39
8109.8,0
8110.3,10
8110.7,25
8110.8,23
8110.9,30
8111.2,35
8111.7,15
8111.8,14
8112.0,37
8112.6,11
8113.4,36
8113.8,20
8113.9,7
8114.4,28
8114.7,5
8114.7,22
8115.2,12
8115.4,16
8115.8,13
8115.8,8
8119.2,32
8119.3,17
8119.9,34
8120.0,38
8121.4,6
8122.1,23
8122.5,35
8122.9,26
8123.0,31
8123.1,20
8123.2,12
8123.2,25
8123.2,28
8123.3,19
8123.8,13
8124.7,1
8124.8,24
8125.6,9
8126.0,2
8126.1,10
8126.1,22
8126.5,11
8126.8,21
8127.4,36
8129.5,37
8130.0,14
8130.2,16
8131.0,30
8131.1,29
8131.4,39
8131.5,34
8132.2,0
8132.5,13
8132.9,17
8133.4,12
8133.6,31
8133.7,3
8134.5,26
8135.3,15
8135.4,25
8135.5,35
8137.1,22
8137.2,7
8137.5,6
8137.5,24
8137.8,1
8137.8,23
8138.2,9
8138.6,19
8139.3,32
8139.5,38
8139.6,34
8140.0,28
8140.2,14
8140.6,36
8142.6,8
8143.1,20
8143.7,10
8143.9,0
8144.6,16
8144.9,4
8145.1,13
8145.4,35
8145.4,37
8146.1,26
8146.2,12
8146.9,11
8147.9,5
8148.5,17
8148.5,39
8148.8,22
8149.1,31
8149.7,21
8150.2,2
8150.2,29
8150.4,9
8150.4,23
8150.4,38
8151.5,30
8151.6,7
8151.8,25
8152.7,6
8152.8,1
8153.1,16
8153.1,34
8153.1,36
8153.8,24
8154.1,13
8154.4,28
8154.7,19
8154.8,15
8155.0,14
8155.0,20
8155.1,18
8155.4,12
8158.0,0
8158.4,31
8158.9,22
8160.4,35
8161.0,17
8161.0,26
8161.6,8
8161.9,4
8162.3,10
8162.3,11
8162.4,9
8162.5,39
8162.6,23
8162.7,1
8163.6,19
8164.1,34
8164.9,12
8165.5,29
8166.1,13
8166.3,36
8167.0,30
8167.5,38
8167.8,22
8167.9,21
8168.3,25
8169.1,20
8169.9,24
8170.9,6
8171.5,2
8171.9,16
8172.3,35
8173.0,34
8173.5,17
8173.9,3
8173.9,28
8174.0,23
8174.7,32
8174.8,11
8174.8,14
8174.8,19
8174.8,31
8174.9,37
8175.3,13
8176.2,0
8177.4,9
8177.7,10
8178.7,39
8179.1,36
8180.3,1
8180.5,12
8180.7,7
8181.8,38
8183.0,8
8183.0,26
8183.4,5
8183.4,24
8183.7,28
8183.9,15
8184.0,29
8184.0,30
8184.8,25
8184.8,34
8184.9,16
8184.9,35
8185.0,6
8185.2,32
8185.3,22
8185.7,13
8187.2,11
8187.2,18
8188.3,36
8188.4,31
8188.5,14
8190.4,21
8191.3,12
8191.4,38
8192.3,0
8192.6,23
8193.1,7
8193.7,34
8194.0,20
8194.1,19
8194.4,2
8194.4,28
8194.6,32
8195.3,4
8196.7,24
8197.1,22
8197.2,16
8197.8,10
8197.8,31
8198.2,26
8198.6,17
8198.6,23
8198.7,1
8199.1,13
8199.7,35
8199.9,37
8200.3,25
8200.9,19
8201.5,8
8201.6,29
8202.5,11
8202.9,36
8203.0,14
8203.4,6
8204.9,28
8205.6,39
8206.3,35
8206.5,30
8206.5,34
8207.4,0
8207.4,38
8208.0,9
8209.6,12
8210.7,37
8211.2,20
8211.3,25
8211.9,2
8211.9,31
8212.8,16
8213.1,3
8213.2,13
8213.3,1
8213.6,15
8213.7,22
8214.7,24
8214.7,36
8215.8,26
8216.2,19
8216.4,14
8216.7,28
8216.7,32
8216.8,8
8217.0,7
8217.3,34
8217.5,10
8217.8,4
8218.0,11
8218.1,6
8218.1,23
8218.3,29
8218.6,12
8219.1,16
8219.1,21
8219.2,35
8222.7,1
8222.9,17
8223.8,30
8224.1,31
8225.0,13
8225.1,5
8225.1,38
8225.3,25
8225.6,36
8225.8,22
8226.3,24
8226.4,39
8226.6,9
8226.7,0
8228.4,14
8229.7,16
8230.3,2
8230.6,23
8231.3,35
8231.4,37
8232.2,29
8233.1,28
8233.4,34
8233.7,12
8234.0,19
8235.3,20
8236.0,11
8236.5,24
8236.6,6
8236.6,32
8237.0,13
8237.0,22
8237.3,15
8238.1,0
8238.5,17
8238.5,31
8238.8,36
8239.0,21
8240.1,10
8240.1,25
8240.2,39
8242.5,37
8242.7,8
8243.1,9
8243.5,35
8244.0,14
8244.1,16
8244.4,28
8244.9,11
8244.9,30
8245.1,12
8245.3,1
8245.5,4
8245.5,23
8245.5,34
8245.5,38
8245.5,26
8245.7,29
8246.5,19
8247.1,3
8247.6,24
8250.0,2
8250.0,17
8250.7,18
8251.4,13
8251.4,20
8251.5,37
8251.9,10
8252.3,5
8252.5,39
8252.8,22
8253.0,6
8253.2,11
8253.7,36
8254.8,12
8255.3,31
8255.4,25
8255.4,28
8255.6,15
8256.2,16
8256.4,0
8256.4,7
8257.2,34
8259.5,35
8260.2,8
8261.1,23
8261.5,26
8261.6,6
8261.7,38
8261.9,24
8262.0,19
8262.0,21
8262.0,36
8262.5,13
8262.6,17
8263.2,14
8263.9,9
8264.0,11
8264.0,22
8264.8,1
8266.1,20
8266.7,16
8267.0,4
8267.1,30
8267.4,28
8267.9,0
8268.1,35
8268.2,29
8268.7,34
8268.8,27
8269.0,25
8270.8,31
8270.8,39
8270.9,3
8271.2,10
8271.2,12
8271.4,2
8271.5,22
8271.9,5
8272.1,32
8272.5,37
8273.4,36
8273.5,13
8273.5,38
8274.1,19
8274.6,11
8274.9,18
8275.4,6
8275.8,1
8275.9,24
8276.8,9
8276.8,31
8278.2,16
8278.3,0
8279.8,28
8280.8,32
8280.9,15
8281.8,8
8281.8,39
8282.2,14
8283.5,34
8283.6,20
8283.6,26
8283.6,17
8283.9,12
8284.1,13
8284.8,29
8285.1,4
8285.2,35
8285.4,23
8286.0,36
8286.1,22
8286.9,10
8287.2,21
8287.3,24
8288.6,16
8289.1,1
8289.1,2
8290.2,25
8290.5,30
8290.8,0
8291.7,11
8291.7,19
8292.0,7
8292.6,36
8293.1,13
8293.4,38
8293.5,9
8293.7,28
8294.0,18
8294.3,31
8294.6,6
8294.6,14
8294.6,35
8294.9,39
8295.3,34
8295.5,8
8295.9,5
8296.0,17
8297.2,20
8297.3,12
8299.1,26
8300.1,21
8300.3,10
8300.3,24
8300.7,2
8301.0,1
8301.1,22
8301.1,37
8301.2,33
8301.6,11
8302.4,23
8302.7,6
8303.7,35
8304.2,16
8304.5,28
8305.5,38
8305.7,34
8305.9,36
8306.3,29
8306.3,0
8306.8,15
8307.9,13
8309.7,12
8309.8,4
8309.8,20
8309.9,32
8310.2,19
8310.9,31
8311.5,10
8311.9,24
8312.1,25
8312.4,39
8312.5,11
8312.9,7
8313.0,5
8313.0,8
8313.0,21
8313.0,35
8313.4,38
8313.6,30
8313.7,9
8313.8,14
8314.0,17
8314.3,23
8317.5,1
8317.6,28
8317.7,16
8318.1,36
8319.3,26
8319.4,6
8320.5,13
8320.5,22
8321.3,0
8321.5,34
8322.4,24
8324.3,14
8326.1,31
8326.3,27
8326.4,37
8326.6,11
8326.7,2
8326.8,12
8326.8,20
8328.2,30
8328.6,35
8328.9,39
8329.3,10
8330.3,8
8331.0,23
8331.2,25
8331.4,21
8331.6,22
8331.6,36
8332.0,34
8332.2,26
8332.3,28
8332.6,7
8332.7,17
8332.7,32
8333.1,13
8333.7,19
8334.1,9
8334.1,38
8334.2,5
8334.4,16
8334.9,1
8334.9,24
8335.1,0
8335.4,15
8336.0,29
8339.2,31
8340.6,13
8341.2,4
8341.4,36
8341.9,20
8342.1,35
8342.3,30
8342.6,10
8343.1,11
8343.8,39
8344.6,25
8344.8,6
8345.3,22
8345.7,12
8345.7,23
8346.8,34
8346.8,38
8347.1,28
8347.2,17
8347.4,1
8348.8,16
8349.6,14
8349.8,36
8350.3,0
8350.9,26
8351.3,24
8351.4,19
8351.5,5
8352.1,11
8352.3,13
8353.3,29
8355.1,23
8355.9,6
8356.0,10
8356.6,15
8356.6,28
8357.0,32
8357.5,37
8357.9,7
8358.1,30
8358.1,39
8358.5,8
8358.5,35
8358.6,18
8358.6,34
8358.7,12
8358.9,31
8358.9,38
8359.5,9
8360.6,24
8360.8,1
8361.5,19
8361.5,36
8361.6,20
8362.0,5
8362.1,25
8362.4,17
8362.8,0
8364.0,13
8364.6,16
8364.6,22
8365.1,29
8365.2,11
8365.5,2
8365.8,14
8367.2,3
8369.1,21
8369.3,10
8369.6,23
8370.0,4
8370.0,6
8370.2,34
8370.5,38
8370.9,26
8371.1,35
8371.4,30
8371.8,17
8372.7,13
8373.3,14
8374.5,16
8375.1,22
8375.2,29
8375.3,2
8375.4,25
8375.4,37
8375.6,31
8376.0,0
8376.5,36
8376.9,11
8377.1,32
8378.3,12
8378.8,8
8378.9,39
8379.5,28
8381.7,34
8382.4,20
8382.5,15
8383.1,19
8384.1,1
8384.2,9
8384.2,35
8384.2,38
8384.8,7
8385.2,6
8385.5,17
8385.6,24
8386.1,13
8387.7,11
8387.9,12
8388.0,5
8388.0,10
8388.5,16
8389.0,23
8389.4,36
8390.5,31
8391.0,22
8391.5,30
8392.2,21
8392.5,4
8392.6,29
8393.0,13
8393.6,0
8393.6,35
8393.7,26
8394.9,14
8394.9,28
8395.9,25
8396.8,34
8397.1,37
8397.3,9
8398.1,1
8398.4,16
8398.6,39
8400.5,7
8400.5,11
8400.6,24
8400.6,38
8400.8,36
8401.7,32
8403.8,13
8403.8,22
8404.2,17
8404.3,6
8404.8,12
8404.8,31
8405.1,18
8405.2,23
8405.5,28
8405.8,20
8406.9,2
8407.2,0
8407.4,8
8407.5,35
8407.7,36
8408.0,25
8408.3,30
8408.5,34
8408.8,19
8409.0,10
8409.6,15
8409.9,21
8409.9,1
8410.5,4
8410.6,16
8410.9,37
8412.2,14
8413.0,26
8413.6,9
8415.0,38
8416.5,34
8416.5,35
8416.6,22
8416.9,39
8417.5,29
8417.6,6
8417.8,13
8417.9,11
8418.4,5
8418.5,12
8418.5,23
8418.5,24
8418.8,31
8419.1,7
8419.1,25
8419.2,28
8419.6,10
8420.9,36
8423.1,17
8425.8,16
8425.9,20
8426.0,32
8426.1,0
8426.4,35
8426.5,30
8427.7,9
8428.0,13
8428.7,12
8429.2,6
8429.2,14
8429.5,34
8429.7,23
8429.9,1
8430.6,36
8431.0,38
8431.3,24
8431.5,22
8431.8,8
8432.1,10
8432.1,18
8433.0,26
8433.0,11
8433.2,37
8433.7,19
8434.9,7
8435.7,28
8436.4,39
8436.5,3
8436.5,13
8436.8,29
8436.9,17
8437.1,4
8437.4,35
8438.4,16
8438.6,2
8439.5,34
8439.7,25
8439.8,6
8439.9,33
8440.3,5
8440.6,31
8440.7,21
8440.8,23
8440.9,9
8441.0,36
8441.3,1
8442.4,24
8445.0,22
8445.3,12
8445.3,15
8445.9,38
8446.2,0
8446.5,8
8446.5,20
8447.8,11
8448.0,13
8449.1,9
8449.3,29
8450.0,16
8450.0,34
8450.1,23
8450.6,28
8451.4,10
8452.4,24
8452.5,36
8452.7,32
8453.2,21
8454.4,26
8454.4,35
8454.7,7
8454.8,17
8455.6,14
8455.7,37
8458.0,31
8458.1,30
8458.3,39
8458.6,6
8458.6,19
8459.0,22
8459.2,12
8459.5,1
8460.2,20
8460.4,25
8461.2,10
8461.2,34
8461.4,0
8462.1,5
8462.6,15
8462.6,16
8463.3,38
8463.4,13
8463.4,29
8465.1,28
8465.4,24
8465.7,11
8466.0,36
8468.2,35
8471.1,6
8471.1,8
8472.0,23
8472.8,0
8472.8,25
8473.2,14
8473.5,18
8473.6,30
8473.9,20
8473.9,22
8474.0,10
8474.1,11
8474.5,12
8474.5,31
8475.2,13
8475.4,17
8475.5,26
8476.1,4
8476.1,34
8476.9,21
8477.1,15
8477.3,1
8477.5,28
8477.7,36
8477.8,2
8477.9,16
8477.9,35
8478.3,19
8478.7,24
8479.5,32
8479.9,25
8480.0,29
8481.0,5
8481.7,6
8482.0,37
8482.2,31
8484.6,13
8484.7,27
8485.2,38
8485.6,22
8485.8,8
8487.4,14
8487.6,36
8488.1,26
8488.3,30
8490.0,11
8490.4,39
8490.6,9
8490.7,34
8491.6,10
8491.6,12
8492.1,16
8492.2,18
8492.2,20
8492.2,28
8492.2,35
8492.9,13
8493.1,0
8494.9,7
8495.1,1
8495.1,3
8495.1,23
8495.5,6
8495.5,14
8495.5,4
8495.5,15
8495.5,24
8495.7,37
8497.5,26
8497.6,31
8498.0,25
8498.2,2
8498.2,17
8499.3,22
8500.7,36
8501.5,30
8502.0,38
8502.6,8
8502.6,11
8503.2,29
8503.8,13
8504.1,19
8504.4,0
8505.3,35
8505.4,34
8505.8,12
8506.0,16
8506.0,32
8506.5,28
8506.9,21
8507.1,6
8507.4,24
8508.1,5
8508.2,39
8509.2,10
8511.5,9
8511.9,14
8512.0,2
8512.0,23
8512.0,36
8512.6,18
8512.7,20
8513.1,25
8514.2,11
8514.2,29
8514.4,1
8514.7,24
8515.4,13
8515.4,22
8515.4,30
8515.7,26
8516.3,31
8516.6,4
8516.6,35
8517.8,32
8518.0,15
8518.1,12
8518.8,7
8519.1,16
8520.6,17
8520.9,34
8521.0,0
8522.5,19
8523.3,37
8523.3,38
8524.0,11
8524.3,28
8525.0,25
8525.1,6
8525.2,36
8525.3,10
8526.2,16
8526.2,22
8526.6,39
8527.1,24
8527.7,30
8528.5,29
8528.7,12
8529.1,3
8529.3,34
8529.4,8
8530.8,13
8531.2,14
8532.1,20
8532.4,23
8532.6,35
8532.8,18
8533.0,31
8533.1,5
8533.5,26
8534.7,36
8535.8,9
8537.1,1
8538.4,37
8538.7,22
8538.8,12
8539.1,19
8539.2,6
8539.2,13
8539.2,16
8539.5,11
8539.6,0
8539.6,2
8539.6,17
8539.8,25
8539.9,24
8540.0,28
8541.5,15
8542.4,36
8542.6,7
8543.7,8
8544.3,32
8544.5,31
8544.7,38
8544.8,34
8545.0,4
8545.0,35
8545.0,21
8545.2,20
8545.6,10
8547.3,5
8548.0,14
8548.8,22
8548.8,26
8549.6,23
8550.3,28
8550.5,19
8550.7,24
8550.9,16
8551.8,1
8551.9,29
8552.7,11
8553.2,0
8553.3,17
8553.3,30
8553.8,12
8554.0,6
8554.0,13
8555.5,39
8555.9,36
8556.3,38
8556.6,9
8557.5,31
8558.0,37
8559.7,10
8559.8,35
8560.0,22
8560.2,25
8560.4,0
8561.4,34
8561.8,7
8561.8,23
8562.3,14
8563.2,28
8564.8,20
8565.4,24
8565.5,30
8565.8,9
8565.9,13
8565.9,36
8566.0,6
8566.2,5
8566.6,16
8566.6,26
8567.7,35
8568.7,11
8569.4,1
8569.4,32
8569.8,4
8570.0,31
8570.5,3
8571.5,17
8571.7,39
8571.7,37
8572.2,12
8572.2,34
8573.2,38
8573.6,15
8573.8,19
8574.2,14
8574.2,20
8574.5,22
8575.6,21
8575.7,8
8576.3,24
8576.3,28
8577.2,29
8577.3,25
8577.4,2
8577.5,13
8577.6,36
8577.9,6
8577.9,35
8578.0,5
8578.2,9
8578.2,23
8578.8,0
8581.3,30
8582.2,31
8582.4,34
8583.4,1
8583.5,10
8584.0,16
8584.4,17
8584.5,26
8584.6,7
8584.6,11
8584.9,19
8588.0,36
8588.3,13
8588.4,8
8588.6,22
8589.2,38
8589.4,12
8589.8,6
8590.1,24
8590.6,35
8591.0,14
8591.1,4
8591.3,37
8591.9,39
8592.0,16
8592.3,28
8592.5,25
8592.6,34
8593.5,23
8595.5,2
8595.7,32
8596.3,26
8596.4,20
8596.6,31
8597.0,9
8597.2,36
8598.2,19
8598.5,7
8598.5,10
8598.5,30
8598.6,15
8599.1,29
8599.4,11
8599.7,13
8599.9,21
8600.0,5
8600.0,27
8600.6,12
8600.6,17
8601.3,0
8602.1,6
8602.8,16
8602.8,24
8603.5,25
8605.1,22
8605.8,28
8606.6,1
8606.6,34
8606.6,35
8606.7,37
8607.3,14
8608.1,23
8609.0,38
8611.0,36
8611.6,31
8611.8,26
8612.2,30
8612.4,8
8612.5,7
8612.5,16
8612.5,20
8612.6,11
8612.6,25
8612.7,13
8612.7,39
8612.8,2
8613.0,17
8613.3,1
8615.2,24
8615.4,10
8615.8,19
8615.8,29
8616.1,12
8617.2,15
8617.6,0
8618.7,34
8618.8,9
8619.0,35
8620.1,31
8620.9,21
8620.9,36
8621.0,4
8621.7,23
8621.8,3
8621.8,8
8622.2,14
8622.4,28
8622.9,13
8623.1,38
8624.3,17
8624.5,11
8624.5,16
8624.6,5
8626.3,22
8626.5,6
8627.7,19
8627.8,24
8628.9,18
8629.1,26
8629.2,13
8629.3,25
8629.7,1
8629.9,2
8629.9,35
8630.3,12
8631.0,9
8631.5,34
8631.9,31
8632.1,0
8632.3,10
8632.4,20
8632.5,14
8632.7,15
8632.9,23
8634.2,39
8634.9,30
8635.1,29
8635.1,37
8635.8,11
8635.9,7
8635.9,36
8636.8,28
8638.1,24
8640.0,22
8640.2,6
8640.2,17
8640.7,16
8640.8,38
8640.9,19
8641.5,13
8642.1,35
8645.1,26
8645.2,0
8645.3,10
8645.9,27
8646.0,12
8646.0,36
8646.2,31
8646.5,14
8646.7,34
8646.8,1
8647.1,11
8647.3,32
8647.4,9
8647.6,20
8648.3,5
8648.7,16
8648.7,25
8649.0,23
8649.2,8
8649.2,13
8649.7,28
8650.1,35
8652.6,22
8654.5,37
8654.6,36
8654.7,24
8654.8,21
8655.0,19
8655.2,4
8655.9,17
8657.1,2
8657.7,30
8657.8,15
8657.8,31
8658.1,38
8658.5,20
8658.6,26
8658.8,34
8659.1,1
8659.2,13
8659.3,12
8659.3,29
8659.5,7
8659.7,18
8659.9,25
8659.9,0
8659.9,6
8660.3,3
8660.6,23
8662.4,11
8663.7,8
8664.5,36
8664.9,16
8664.9,39
8665.3,35
8665.5,32
8665.9,10
8666.4,34
8667.2,24
8667.8,5
8667.9,12
8668.3,14
8668.3,31
8669.3,22
8670.0,25
8670.2,28
8670.8,19
8671.3,13
8673.5,0
8674.5,36
8675.0,1
8675.1,2
8675.6,6
8675.7,23
8675.8,30
8676.0,21
8676.1,16
8676.3,17
8676.3,34
8676.5,38
8678.0,20
8679.5,35
8679.6,7
8680.1,4
8680.4,26
8680.4,29
8680.5,9
8680.5,13
8680.7,22
8680.7,24
8681.5,10
8682.2,11
8682.8,6
8683.0,15
8683.6,12
8683.9,36
8684.6,25
8685.1,30
8685.7,28
8686.5,31
8686.7,20
8687.0,8
8687.3,34
8687.4,19
8688.2,37
8689.9,39
8690.3,32
8690.4,21
8690.6,2
8691.2,0
8691.2,1
8691.9,3
8692.0,13
8692.5,35
8692.6,22
8692.7,14
8692.7,23
8693.3,24
8693.5,26
8693.8,11
8694.0,36
8694.2,31
8694.4,38
8695.0,18
8695.5,12
8696.9,16
8697.6,9
8697.7,29
8698.2,17
8699.4,25
8699.5,6
8699.5,34
8699.6,10
8700.2,11
8701.1,13
8702.3,1
8702.6,5
8703.0,20
8704.4,35
8705.1,8
8705.5,12
8705.5,19
8705.6,36
8705.7,39
8705.7,7
8705.9,14
8706.0,0
8706.1,16
8706.4,38
8706.6,15
8706.6,28
8706.6,22
8706.8,21
8707.0,4
8707.2,34
8707.4,26
8708.5,24
8710.8,23
8711.3,1
8711.7,35
8712.3,31
8712.4,11
8712.6,2
8712.7,6
8713.0,30
8713.1,37
8713.8,25
8714.4,13
8716.7,29
8717.8,3
8718.8,23
8719.0,16
8719.0,18
8719.9,9
8720.3,17
8720.3,10
8721.4,28
8721.6,39
8722.0,12
8722.2,36
8722.4,14
8722.7,22
8722.9,31
8723.0,0
8723.3,30
8723.4,24
8723.4,25
8723.9,19
8723.9,34
8724.1,26
8724.3,35
8725.5,7
8727.7,6
8727.9,38
8728.0,1
8728.3,16
8729.1,4
8729.3,20
8729.7,32
8729.9,13
8730.0,11
8730.1,23
8730.8,2
8731.0,5
8731.2,15
8731.8,8
8732.1,29
8732.1,36
8732.5,10
8733.0,21
8733.8,12
8734.0,35
8734.4,34
8735.0,31
8736.4,24
8736.8,13
8736.8,28
8737.8,4
8737.8,19
8738.2,38
8738.7,22
8738.7,39
8738.9,17
8739.6,37
8740.2,25
8741.4,6
8741.4,26
8741.6,9
8742.3,7
8742.5,14
8743.0,11
8743.8,23
8744.0,20
8744.7,16
8745.2,30
8745.7,1
8745.7,35
8745.8,12
8746.2,36
8746.6,34
8746.7,10
8746.7,31
8746.8,29
8747.0,0
8747.3,28
8750.1,22
8751.0,13
8751.7,39
8753.3,3
8753.3,21
8753.5,24
8753.8,25
8756.1,15
8756.8,14
8756.9,26
8756.9,32
8757.1,6
8757.4,38
8757.5,8
8757.5,23
8757.8,9
8758.0,7
8758.1,11
8758.2,31
8758.3,28
8758.6,35
8759.0,19
8759.0,37
8759.1,17
8759.8,5
8760.4,36
8760.5,12
8760.5,16
8761.6,10
8763.1,30
8763.9,34
8764.3,13
8764.4,31
8765.4,22
8765.7,1
8765.8,23
8767.0,24
8767.8,29
8767.8,35
8768.0,25
8768.2,4
8768.6,2
8768.9,33
8769.1,0
8769.9,8
8770.2,12
8770.8,13
8770.8,36
8771.1,28
8771.1,39
8771.2,6
8772.0,38
8772.1,20
8772.1,34
8772.3,19
8772.5,11
8772.7,26
8772.9,17
8776.6,37
8776.9,5
8777.0,10
8777.1,18
8778.5,16
8779.1,0
8779.1,7
8779.1,14
8779.1,30
8779.2,24
8779.2,35
8779.4,15
8779.7,32
8779.8,12
8780.0,36
8780.3,21
8783.0,13
8783.8,19
8784.3,28
8784.7,22
8784.9,17
8784.9,34
8786.2,9
8786.2,16
8786.2,23
8786.2,26
8786.2,31
8786.6,25
8787.3,5
8787.4,11
8787.9,20
8788.0,29
8788.1,38
8788.3,1
8788.4,39
8790.5,15
8790.7,13
8791.4,6
8791.6,24
8791.8,35
8792.4,8
8792.4,10
8793.5,12
8793.8,2
8793.8,4
8794.2,28
8794.5,14
8795.0,37
8795.3,32
8795.5,30
8795.6,22
8795.6,36
8796.1,23
8796.2,0
8797.0,17
8797.3,34
8797.8,11
8798.4,31
8799.2,26
8799.3,1
8801.9,21
8803.0,16
8803.2,25
8803.2,39
8803.7,28
8803.7,29
8803.9,13
8803.9,35
8804.6,20
8805.7,38
8806.1,24
8807.7,7
8807.7,32
8807.8,9
8807.8,19
8808.3,12
8808.5,6
8808.5,10
8808.7,8
8809.1,22
8809.3,0
8809.3,18
8810.2,36
8810.2,11
8810.8,35
8811.4,31
8812.2,13
8814.0,37
8814.9,30
8815.0,16
8815.0,23
8815.5,39
8815.7,34
8816.0,28
8816.4,1
8816.6,17
8817.5,27
8817.7,38
8819.9,15
8820.0,36
8820.2,5
8820.8,3
8821.3,20
8821.5,12
8821.6,13
8821.6,25
8821.7,26
8822.1,9
8822.9,0
8823.0,14
8823.5,24
8823.5,31
8824.3,22
8824.9,34
8825.5,2
8825.6,35
8826.1,11
8826.2,6
8827.0,30
8827.3,19
8827.4,29
8827.7,32
8828.2,16
8829.0,7
8829.8,28
8829.9,10
8830.0,13
8831.1,8
8831.3,17
8831.8,23
8832.6,21
8833.7,4
8833.7,12
8834.0,0
8834.6,34
8834.6,36
8835.2,18
8835.6,24
8835.7,35
8836.2,1
8836.6,38
8837.6,11
8838.2,25
8838.7,22
8839.0,26
8839.5,5
8839.8,20
8839.9,31
8840.0,16
8841.3,14
8841.3,37
8843.2,19
8843.3,13
8843.3,15
8843.8,23
8844.2,36
8844.7,12
8846.1,35
8846.8,28
8847.0,32
8847.7,10
8848.7,0
8848.7,24
8848.9,8
8849.1,20
8849.6,29
8849.8,25
8849.9,17
8850.1,6
8850.2,2
8850.5,22
8850.5,34
8850.8,30
8852.0,15
8852.6,16
8852.7,13
8853.2,7
8853.6,21
8854.0,11
8854.2,38
8854.5,9
8854.5,31
8855.7,39
8856.0,36
8856.7,4
8857.0,26
8857.5,1
8858.3,25
8858.9,37
8859.0,6
8859.4,19
8859.7,23
8860.0,28
8860.1,24
8860.5,29
8861.6,8
8861.6,12
8861.6,35
8861.7,16
8863.0,5
8863.3,13
8863.8,0
8864.4,17
8864.6,10
8866.0,30
8867.7,34
8867.9,14
8867.9,28
8868.0,20
8868.0,36
8868.6,31
8868.8,11
8869.1,2
8870.7,6
8870.7,38
8870.9,21
8871.7,35
8872.5,22
8872.7,32
8873.5,1
8873.5,24
8874.2,10
8875.5,13
8875.5,26
8876.5,12
8876.7,23
8877.0,11
8877.2,34
8877.4,9
8877.4,39
8878.2,22
8878.2,33
8878.3,19
8878.7,7
8879.2,16
8879.3,28
8879.3,35
8879.5,0
8879.7,4
8879.8,31
8880.3,36
8880.3,38
8880.9,37
8881.8,25
8884.1,17
8884.2,30
8885.4,8
8885.7,6
8886.1,20
8886.2,24
8886.4,23
8886.9,29
8887.9,12
8887.9,26
8888.3,18
8888.4,3
8888.4,13
8888.6,2
8889.2,14
8890.2,16
8891.5,22
8891.7,34
8892.2,11
8892.2,15
8892.4,10
8892.4,35
8892.8,28
8892.9,36
8893.5,21
8893.7,39
8894.3,19
8894.9,13
8896.2,31
8896.7,7
8896.8,9
8896.8,25
8897.1,0
8898.3,32
8899.7,8
8899.7,38
8899.8,5
8900.7,12
8901.5,36
8901.6,1
8901.6,20
8901.6,24
8902.7,35
8902.9,22
8903.1,14
8903.3,29
8903.5,30
8903.9,15
8903.9,13
8904.1,26
8904.2,16
8904.2,23
8904.3,10
8904.4,2
8904.7,17
8905.1,28
8908.2,34
8908.5,39
8908.6,21
8908.9,6
8909.0,11
8911.0,0
8911.8,4
8911.8,31
8912.2,9
8912.2,37
8913.0,12
8913.6,22
8914.1,24
8914.3,1
8914.4,25
8915.0,19
8915.1,35
8915.6,23
8915.7,16
8915.9,36
8916.2,20
8916.9,34
8918.0,38
8918.3,10
8918.4,5
8919.2,7
8919.7,13
8919.8,17
8921.4,14
8921.4,30
8921.4,32
8921.5,8
8922.2,28
8922.3,6
8922.5,16
8922.6,0
8922.6,22
8923.0,39
8923.7,11
8924.8,1
8926.3,3
8926.4,26
8926.6,29
8926.8,2
8926.9,24
8927.0,25
8927.1,31
8927.5,36
8927.6,35
8928.3,21
8928.6,38
8929.5,12
8929.9,15
8930.2,34
8930.6,19
8931.0,10
8931.7,23
8931.9,6
8932.0,20
8933.0,13
8933.2,18
8935.2,0
8935.5,28
8935.8,9
8935.8,32
8935.9,8
8936.2,36
8936.4,16
8937.0,7
8937.1,11
8937.7,22
8937.7,26
8937.9,4
8937.9,17
8938.6,35
8939.0,12
8940.2,24
8940.2,31
8940.6,29
8941.7,13
8942.0,23
8942.0,14
8942.4,30
8942.6,38
8942.8,34
8943.5,25
8945.0,19
8945.2,6
8945.3,37
8945.8,2
8946.2,1
8946.6,21
8947.0,20
8947.2,0
8948.0,5
8948.0,10
8948.0,39
8948.3,16
8948.4,36
8949.0,13
8949.4,34
8951.1,17
8951.5,11
8951.7,33
8952.2,24
8952.6,12
8952.7,29
8953.0,26
8953.3,35
8953.4,28
8953.5,7
8953.9,25
8954.1,8
8954.4,6
8954.4,22
8954.4,23
8954.4,38
8954.5,10
8954.8,15
8955.0,4
8955.1,30
8956.6,19
8957.8,14
8958.3,34
8958.4,20
8958.6,31
8959.8,36
8959.8,37
8960.6,16
8960.7,13
8960.8,2
8960.8,9
8965.4,32
8965.6,1
8965.6,22
8965.8,19
8965.9,35
8966.1,11
8966.2,0
8966.2,12
8966.3,29
8966.3,39
8966.7,26
8967.0,18
8967.3,10
8967.3,24
8967.3,23
8967.3,30
8967.6,38
8967.7,34
8968.2,28
8969.0,13
8969.0,21
8969.8,6
8970.0,17
8970.3,25
8971.4,14
8973.1,36
8973.7,31
8975.4,13
8976.0,8
8976.7,15
8976.8,7
8976.8,16
8977.1,12
8977.5,0
8978.4,20
8978.4,22
8978.6,34
8978.8,4
8978.8,36
8979.1,35
8981.6,1
8981.8,25
8982.8,28
8983.4,11
8984.4,37
8985.0,6
8985.3,9
8985.3,13
8985.5,2
8985.5,10
8986.0,24
8986.1,38
8986.2,23
8986.5,16
8986.5,17
8987.1,39
8987.4,29
8987.7,26
8988.7,12
8988.7,31
8990.4,14
8991.1,30
8992.8,35
8993.1,19
8993.2,28
8993.2,32
8993.4,34
8993.7,22
8993.7,25
8993.8,1
8994.0,8
8994.4,36
8995.4,7
8995.5,37
8996.2,20
8996.6,21
8996.7,13
8997.1,11
8997.3,4
8997.7,0
8999.0,23
8999.2,16
8999.4,24
8999.4,31
8999.5,12
8999.9,38
9000.1,5
9000.7,10
9001.5,35
9001.7,7
9001.9,6
9002.3,26
9003.0,36
9004.2,13
9006.4,30
9006.5,17
9006.7,9
9006.7,14
9006.9,3
9007.1,15
9007.2,19
9007.7,39
9007.9,25
9008.0,12
9008.1,29
9008.3,11
9008.4,28
9009.2,16
9009.5,10
9009.6,22
9010.2,0
9011.1,1
9011.5,20
9011.9,32
9011.9,34
9013.2,8
9013.3,2
9013.3,24
9014.0,31
9014.1,35
9014.5,13
9014.8,23
9015.4,38
9015.9,37
9016.0,4
9016.1,6
9016.9,36
9018.4,19
9018.5,12
9019.9,25
9021.0,22
9021.1,11
9021.2,28
9021.2,21
9021.6,0
9022.0,16
9022.1,14
9023.3,1
9023.6,39
9025.5,29
9026.2,34
9026.3,5
9026.9,12
9026.9,17
9027.0,10
9027.4,9
9027.6,31
9027.7,35
9028.0,13
9028.3,30
9028.4,6
9028.8,7
9028.9,2
9029.1,8
9030.4,22
9030.4,37
9031.3,24
9031.7,38
9032.4,15
9032.5,20
9032.8,23
9033.1,36
9033.3,26
9033.4,11
9033.5,4
9034.3,0
9034.7,28
9034.9,16
9036.6,31
9038.0,14
9038.4,34
9038.9,18
9039.0,13
9039.1,25
9040.9,12
9041.6,21
9042.0,10
9042.0,24
9042.6,39
9042.9,19
9043.1,23
9043.1,30
9043.1,36
9043.3,35
9043.4,17
9043.5,1
9043.7,8
9044.3,6
9044.7,16
9045.2,22
9045.4,5
9047.0,11
9047.9,9
9048.0,20
9048.7,2
9049.7,29
9049.8,13
9049.9,26
9050.1,27
9050.8,32
9051.7,12
9051.9,38
9052.6,34
9052.8,8
9053.5,21
9053.5,36
9053.6,0
9053.6,19
9054.1,15
9054.4,28
9054.6,33
9055.0,25
9055.1,24
9055.9,4
9056.2,16
9056.3,31
9056.9,14
9057.9,22
9058.5,35
9058.7,26
9059.1,1
9059.7,23
9060.2,11
9060.8,37
9061.0,30
9061.0,17
9061.3,13
9061.4,6
9062.7,10
9063.1,29
9064.3,8
9064.5,24
9065.2,12
9065.4,39
9065.6,34
9065.9,0
9066.7,38
9068.1,28
9068.5,32
9069.1,20
9069.1,36
9069.2,7
9069.7,1
9070.0,30
9070.0,31
9070.0,35
9070.4,9
9070.5,13
9070.9,19
9071.1,16
9071.2,5
9071.3,11
9071.4,25
9073.5,22
9073.7,10
9074.5,6
9075.1,14
9075.2,15
9076.3,12
9076.4,34
9076.5,17
9076.7,37
9077.4,26
9077.9,23
9078.0,8
9078.1,31
9078.6,29
9078.8,18
9079.3,24
9079.6,0
9079.6,3
9080.0,2
9080.5,38
9080.6,36
9080.9,4
9081.6,10
9082.1,28
9082.6,16
9082.8,35
9083.3,11
9083.4,13
9086.7,19
9086.8,20
9086.9,21
9087.3,1
9087.6,12
9088.4,38
9088.6,32
9088.7,9
9089.4,30
9089.8,25
9090.0,5
9090.0,6
9090.4,22
9090.7,26
9090.8,13
9090.8,24
9090.9,34
9091.8,31
9092.7,14
9092.7,36
9093.6,39
9095.3,37
9095.8,17
9096.6,35
9097.0,23
9097.2,2
9097.4,0
9098.0,16
9098.2,4
9098.4,29
9098.5,19
9099.3,13
9099.5,34
9100.6,10
9101.8,7
9102.1,28
9103.1,36
9103.3,30
9103.4,12
9104.8,1
9105.0,8
9105.0,24
9105.1,20
9105.1,25
9105.5,22
9108.1,0
9108.3,11
9108.3,29
9108.4,31
9108.5,15
9108.6,39
9109.4,13
9109.4,38
9109.6,19
9110.9,35
9111.4,34
9111.9,6
9112.4,18
9112.5,23
9112.7,16
9112.7,36
9112.8,21
9113.1,28
9113.5,9
9114.3,17
9114.7,14
9114.7,20
9115.2,13
9115.4,10
9116.5,5
9117.8,25
9118.1,33
9118.4,12
9118.4,24
9120.7,19
9120.8,26
9121.2,30
9121.8,11
9122.1,32
9122.2,3
9122.2,22
9122.2,36
9122.3,23
9122.5,1
9122.5,35
9123.1,2
9123.4,6
9123.4,34
9124.2,0
9124.2,31
9127.8,8
9127.8,16
9128.4,13
9128.4,38
9128.7,7
9129.4,28
9130.4,20
9130.6,25
9130.9,19
9131.3,15
9131.9,10
9132.5,17
9132.5,24
9133.4,12
9133.4,39
9133.6,30
9133.7,14
9133.9,9
9135.5,13
9135.7,4
9135.7,21
9136.1,1
9137.2,37
9137.8,35
9137.9,6
9138.6,36
9139.0,0
9139.3,22
9139.5,31
9139.7,5
9139.7,34
9140.4,12
9141.0,8
9141.3,26
9142.1,16
9142.6,23
9142.6,20
9142.9,38
9143.2,11
9143.6,14
9143.9,28
9144.0,10
9144.0,29
9144.4,18
9146.0,35
9146.1,30
9146.9,13
9147.0,24
9147.1,7
9147.1,19
9147.7,36
9148.2,2
9148.4,25
9148.9,6
9149.3,15
9149.6,32
9149.8,31
9151.3,12
9151.4,1
9151.4,9
9151.4,38
9151.9,17
9152.0,23
9152.3,34
9152.6,21
9154.5,26
9154.6,22
9154.8,11
9155.9,10
9156.3,28
9156.6,16
9156.7,29
9157.7,0
9157.8,8
9158.5,13
9158.5,36
9158.9,14
9159.1,35
9159.2,37
9159.3,33
9159.6,39
9160.2,31
9160.7,25
9161.3,3
9164.1,34
9165.6,20
9165.7,12
9165.9,18
9166.0,5
9166.0,24
9166.6,22
9166.8,4
9167.6,6
9167.6,32
9168.3,23
9168.5,7
9170.0,9
9170.0,16
9170.2,19
9170.2,21
9170.3,30
9170.5,17
9171.0,26
9171.1,31
9171.5,39
9172.2,11
9172.2,29
9172.3,36
9172.8,13
9172.8,28
9173.0,25
9173.0,35
9173.5,1
9173.6,0
9174.6,34
9174.8,2
9176.1,38
9177.1,8
9177.8,32
9179.5,12
9179.7,10
9179.7,24
9180.7,20
9181.8,14
9182.0,36
9182.2,11
9182.7,6
9182.7,16
9182.8,23
9183.2,30
9184.5,13
9185.5,37
9185.8,35
9186.3,15
9186.9,22
9187.6,17
9187.8,25
9188.0,7
9188.4,19
9189.5,0
9189.6,9
9190.1,31
9190.2,8
9190.3,12
9190.4,20
9190.5,28
9190.6,1
9191.4,2
9191.9,34
9192.4,10
9192.5,6
9192.8,5
9192.9,36
9193.3,16
9193.6,39
9194.0,38
9194.2,14
9194.4,24
9195.8,30
9196.1,29
9197.6,11
9197.7,21
9198.0,23
9198.7,32
9200.4,22
9201.9,13
9203.4,19
9203.8,12
9204.0,31
9204.8,36
9205.7,37
9205.9,25
9206.0,4
9206.2,34
9206.6,35
9207.3,0
9207.3,24
9207.4,15
9207.4,16
9208.0,23
9208.1,26
9208.1,6
9208.3,20
9208.4,9
9208.6,17
9209.9,38
9210.3,1
9210.4,14
9210.7,2
9210.9,28
9211.2,5
9211.8,30
9212.7,10
9213.6,7
9213.7,13
9214.6,11
9215.2,12
9215.4,8
9215.8,34
9216.1,18
9216.7,36
9217.2,29
9217.2,35
9218.2,22
9218.5,16
9218.5,19
9218.6,32
9218.7,0
9218.8,6
9218.8,37
9219.2,21
9219.2,31
9219.7,39
9219.9,24
9221.1,26
9222.4,13
9222.4,25
9222.6,30
9223.2,17
9223.7,28
9224.1,15
9224.1,23
9224.1,38
9224.4,1
9226.5,14
9226.7,10
9226.8,9
9226.8,34
9227.4,11
9227.4,36
9227.8,20
9229.9,12
9231.8,16
9231.8,22
9232.2,35
9233.1,31
9234.0,13
9234.2,17
9234.3,29
9234.3,37
9234.8,6
9235.0,0
9235.4,4
9236.0,8
9236.1,19
9236.3,23
9236.5,5
9236.8,34
9237.0,38
9237.1,26
9237.3,24
9237.4,21
9237.5,39
9238.1,2
9238.4,18
9238.8,20
9238.8,28
9240.0,25
9240.4,1
9242.0,11
9242.1,16
9242.1,36
9242.9,30
9243.0,13
9243.0,14
9244.0,23
9244.1,7
9245.5,10
9245.7,22
9246.0,9
9246.8,17
9247.4,34
9248.0,35
9248.5,31
9248.9,32
9249.6,12
9250.1,24
9250.3,0
9250.6,28
9250.9,37
9251.1,15
9251.1,25
9251.3,21
9251.4,2
9251.5,19
9251.5,39
9251.7,29
9252.1,16
9252.2,4
9252.2,6
9252.6,1
9253.2,30
9254.9,38
9255.3,23
9255.7,13
9256.1,9
9256.5,20
9256.7,3
9256.7,14
9257.2,7
9257.3,11
9259.8,8
9260.1,34
9261.5,5
9261.5,24
9261.5,36
9261.6,10
9261.6,31
9262.1,35
9262.9,21
9263.6,28
9263.7,22
9263.9,0
9264.3,17
9264.6,12
9264.8,26
9265.5,16
9265.6,1
9266.1,13
9266.5,34
9266.5,38
9266.9,6
9267.6,25
9270.2,32
9270.9,29
9271.2,14
9271.6,4
9271.6,11
9271.7,37
9271.9,19
9272.5,20
9272.8,36
9272.9,15
9272.9,30
9273.5,2
9273.5,23
9273.7,16
9273.8,35
9274.7,18
9275.3,13
9275.7,12
9276.8,9
9276.9,10
9276.9,39
9277.1,31
9277.2,28
9277.4,34
9278.3,0
9278.4,17
9278.5,24
9278.7,22
9278.9,38
9279.1,25
9279.4,6
9280.0,7
9280.4,1
9283.5,20
9283.8,26
9284.0,36
9284.7,11
9285.2,3
9285.2,21
9285.8,16
9286.3,12
9286.3,19
9286.6,34
9287.0,8
9287.2,28
9287.3,32
9289.4,5
9290.3,31
9291.0,13
9292.2,1
9292.6,24
9292.9,10
9293.8,30
9294.0,14
9294.0,35
9295.2,23
9295.3,25
9295.3,36
9295.6,37
9296.3,17
9296.5,22
9296.5,29
9297.1,39
9298.5,11
9299.0,6
9299.0,26
9299.3,5
9299.6,4
9300.0,15
9300.2,16
9300.3,13
9301.2,38
9301.4,12
9301.5,0
9302.2,34
9302.4,35
9303.6,2
9303.6,19
9303.8,20
9304.4,18
9304.5,31
9304.9,28
9305.2,25
9305.7,36
9306.5,9
9307.0,22
9308.0,13
9308.2,23
9308.3,17
9308.3,24
9309.3,6
9309.8,1
9310.2,8
9311.6,32
9311.8,0
9312.2,16
9312.3,10
9312.3,35
9312.4,30
9312.7,11
9313.2,39
9313.9,26
9314.0,34
9316.8,14
9316.9,12
9318.1,28
9318.8,19
9318.9,15
9319.1,29
9319.2,13
9319.7,36
9319.8,7
9320.0,31
9320.5,35
9320.6,22
9320.7,24
9321.9,25
9322.0,21
9322.1,10
9322.9,6
9323.9,20
9324.1,23
9325.6,11
9325.9,1
9326.3,9
9327.0,30
9327.4,34
9327.7,13
9327.7,0
9327.9,16
9327.9,38
9329.2,2
9329.9,3
9330.5,32
9331.0,17
9331.1,39
9331.3,8
9331.3,36
9331.6,24
9332.0,35
9332.1,29
9332.6,26
9332.6,28
9332.7,14
9332.9,12
9333.7,15
9333.7,25
9334.4,31
9336.7,20
9336.9,19
9337.0,4
9337.1,6
9337.2,22
9337.3,7
9337.5,27
9337.8,0
9338.6,11
9338.7,13
9338.7,37
9338.8,34
9338.9,10
9339.3,16
9340.2,9
9340.2,23
9341.6,36
9342.7,12
9342.9,25
9343.3,21
9343.6,5
9343.6,30
9344.3,2
9344.3,26
9344.3,38
9344.7,17
9345.3,8
9345.9,22
9346.0,1
9346.1,35
9347.1,24
9347.7,28
9348.3,33
9348.5,13
9348.9,0
9349.0,10
9349.4,20
9349.6,14
9350.5,39
9351.6,30
9351.8,23
9352.0,31
9352.0,34
9352.1,7
9352.1,12
9352.3,21
9352.7,16
9353.2,11
9354.9,15
9355.1,32
9355.6,19
9355.8,18
9356.0,13
9356.3,6
9356.7,36
9356.9,35
9357.0,24
9358.0,0
9360.8,22
9361.1,8
9361.2,34
9361.4,5
9361.6,9
9361.7,17
9361.9,28
9362.0,38
9362.8,25
9363.1,37
9363.2,12
9363.5,13
9365.0,29
9365.7,36
9366.1,14
9366.5,23
9367.6,26
9368.7,2
9368.8,16
9368.8,1
9369.1,4
9369.4,7
9369.5,20
9369.6,19
9369.7,31
9370.4,39
9370.5,11
9370.8,21
9371.5,28
9371.7,30
9372.2,13
9374.2,34
9374.3,35
9375.4,10
9375.5,14
9375.6,24
9376.2,25
9376.4,0
9376.8,22
9377.0,12
9377.3,23
9377.5,17
9377.5,29
9377.9,26
9378.6,8
9379.7,31
9379.8,36
9379.8,38
9380.3,19
9380.7,9
9380.7,18
9380.8,16
9380.9,6
9380.9,15
9380.9,32
9381.3,1
9381.8,20
9383.6,35
9383.8,13
9386.4,11
9387.4,37
9387.5,36
9387.9,21
9388.7,22
9388.8,24
9388.9,34
9389.0,12
9389.3,23
9389.4,30
9390.0,5
9390.2,7
9391.1,28
9391.7,2
9392.8,16
9393.4,6
9393.5,10
9394.1,4
9394.1,38
9394.7,1
9395.5,29
9396.0,25
9396.5,0
9396.5,13
9397.4,9
9397.4,14
9397.4,35
9397.8,17
9399.0,26
9399.8,31
9399.9,36
9400.0,8
9400.1,22
9400.7,24
9401.1,20
9401.5,34
9401.7,37
9402.7,25
9403.1,32
9403.5,11
9403.8,6
9404.6,39
9405.0,12
9405.2,28
9405.2,38
9405.3,13
9405.4,23
9405.7,21
9406.2,14
9406.2,16
9406.3,10
9407.8,19
9408.6,17
9409.2,1
9409.7,15
9411.1,35
9411.2,7
9411.3,22
9411.5,18
9411.8,30
9411.9,36
9412.4,26
9414.0,0
9414.9,31
9415.0,24
9415.1,3
9415.9,29
9416.0,32
9416.3,13
9417.2,34
9417.4,12
9417.6,19
9417.8,14
9418.0,28
9418.3,25
9418.4,23
9419.1,20
9419.4,11
9419.5,16
9419.8,39
9420.2,17
9420.9,10
9421.0,38
9421.4,35
9421.7,6
9421.9,36
9422.7,4
9423.0,5
9423.0,9
9423.4,2
9424.6,24
9424.7,22
9425.2,8
9425.3,30
9425.3,31
9425.8,1
9426.8,13
9428.0,37
9428.6,7
9428.9,12
9429.0,21
9429.7,0
9429.7,16
9429.7,20
9430.0,23
9430.4,14
9430.5,34
9431.1,17
9431.6,38
9432.4,19
9433.4,22
9433.6,28
9434.8,6
9434.9,10
9434.9,26
9435.1,29
9435.2,36
9437.4,35
9437.5,11
9437.7,24
9438.5,31
9438.6,25
9439.2,34
9441.3,1
9441.4,15
9441.7,16
9441.7,32
9441.8,17
9442.3,12
9442.8,8
9443.8,13
9444.0,21
9445.0,36
9445.6,23
9446.5,10
9447.4,14
9448.0,34
9448.9,2
9448.9,28
9448.9,30
9449.3,20
9449.6,5
9449.7,29
9450.0,39
9450.3,4
9450.7,12
9450.7,35
9450.9,24
9451.4,7
9451.5,9
9451.5,38
9451.6,6
9453.1,22
9453.2,0
9453.2,11
9454.5,25
9454.7,13
9454.7,23
9455.1,37
9455.3,26
9456.6,17
9456.8,31
9457.0,19
9457.2,16
9459.1,36
9459.3,10
9459.6,18
9460.4,1
9460.6,12
9460.6,32
9461.3,34
9461.5,24
9463.6,35
9464.2,30
9464.7,28
9464.8,20
9465.6,15
9465.7,8
9466.2,16
9466.2,39
9466.3,14
9466.4,11
9466.4,21
9466.4,22
9466.6,13
9467.1,2
9467.3,5
9467.8,36
9468.4,7
9468.6,6
9468.7,10
9469.7,25
9469.8,17
9470.0,37
9470.7,19
9470.7,31
9470.8,29
9471.1,0
9471.4,9
9472.7,24
9472.8,23
9472.8,28
9472.8,38
9473.2,35
9473.5,12
9474.8,11
9476.8,26
9476.9,22
9477.6,1
9478.2,13
9478.9,34
9479.4,16
9479.7,20
9480.1,19
9481.0,4
9481.3,36
9481.9,8
9481.9,14
9482.3,32
9482.5,24
9483.1,21
9483.1,28
9483.1,29
9483.6,23
9483.8,31
9484.8,6
9484.8,38
9485.1,35
9485.4,5
9485.4,25
9485.5,0
9485.7,2
9485.7,15
9486.8,10
9487.3,30
9487.8,12
9488.5,36
9488.6,9
9488.7,22
9488.9,18
9489.6,13
9489.8,7
9491.5,17
9491.7,11
9491.7,37
9492.6,16
9492.9,19
9493.4,23
9493.5,0
9494.0,6
9494.3,26
9494.4,21
9494.5,20
9494.7,35
9495.0,31
9495.4,25
9495.8,28
9496.0,14
9496.8,34
9498.3,22
9498.4,39
9498.8,1
9498.8,38
9499.0,13
9499.1,8
9500.4,5
9500.9,20
9501.2,24
9501.5,36
9502.0,10
9502.2,11
9502.5,12
9502.9,6
9503.2,16
9504.3,35
9506.5,4
9506.9,34
9507.1,0
9507.1,17
9507.5,9
9507.8,7
9507.9,2
9507.9,29
9508.0,30
9508.2,21
9508.2,25
9508.3,3
9508.4,23
9508.6,15
9508.7,13
9509.2,26
9510.4,19
9510.9,31
9511.1,22
9512.2,1
9512.5,39
9513.0,14
9513.8,16
9514.1,36
9514.3,24
9514.3,32
9514.5,38
9515.8,34
9516.6,10
9516.9,20
9517.3,8
9517.3,13
9517.9,37
9518.0,12
9518.2,35
9518.9,28
9519.1,6
9520.5,5
9520.8,30
9521.4,23
9522.0,17
9522.7,9
9523.3,26
9523.9,2
9523.9,31
9524.4,10
9524.9,16
9525.0,32
9525.3,0
9525.4,25
9525.7,13
9525.9,19
9526.4,1
9526.4,22
9526.4,36
9526.9,38
9527.2,7
9527.4,28
9527.5,12
9527.5,15
9527.6,11
9528.7,35
9528.9,20
9530.0,34
9531.3,24
9531.3,8
9531.5,14
9531.6,29
9531.7,39
9531.9,17
9532.3,6
9534.3,18
9538.2,30
9538.2,37
9538.3,12
9538.5,23
9538.5,38
9539.0,21
9539.1,13
9539.1,35
9539.1,36
9539.4,5
9540.0,20
9540.7,34
9541.1,22
9541.3,11
9541.4,10
9541.5,19
9541.5,31
9541.6,26
9541.7,16
9542.0,0
9542.2,28
9542.5,4
9543.1,1
9544.5,9
9544.8,25
9545.2,6
9545.3,14
9545.8,39
9546.0,24
9546.8,36
9547.0,17
9547.6,29
9548.6,32
9549.0,15
9549.1,8
9550.1,22
9550.8,35
9551.9,2
9552.0,13
9552.1,34
9553.2,23
9553.3,16
9553.5,10
9554.0,20
9554.5,9
9555.1,11
9556.2,24
9556.9,12
9557.2,28
9557.5,37
9557.9,38
9558.6,25
9558.7,13
9558.7,14
9558.7,7
9558.9,1
9559.1,30
9559.2,22
9559.8,17
9559.9,35
9560.5,36
9561.3,26
9561.5,5
9562.0,0
9564.5,16
9564.8,6
9564.8,31
9564.9,8
9565.2,27
9565.4,34
9565.7,39
9567.0,29
9567.9,19
9567.9,20
9567.9,24
9568.5,36
9568.7,21
9568.8,13
9569.4,12
9569.8,1
9569.9,4
9570.2,2
9570.8,10
9571.3,23
9571.3,35
9571.7,31
9572.1,32
9572.4,15
9572.4,14
9572.7,22
9573.2,7
9574.7,11
9575.1,28
9575.8,17
9576.5,9
9577.7,6
9577.7,12
9578.1,36
9578.6,19
9578.8,34
9578.9,13
9579.4,8
9579.4,26
9579.4,38
9579.5,0
9579.5,39
9579.9,30
9580.1,25
9580.7,35
9580.7,24
9581.6,16
9584.0,29
9584.6,20
9584.6,1
9585.3,18
9586.6,11
9586.7,23
9587.0,14
9587.5,37
9588.8,31
9589.0,7
9589.1,28
9589.3,3
9589.3,4
9589.4,22
9589.4,36
9589.6,9
9590.0,24
9590.1,17
9590.4,38
9590.4,39
9590.8,35
9591.4,34
9591.4,0
9591.4,10
9592.3,6
9593.0,13
9593.2,2
9593.3,12
9593.4,16
9595.9,20
9596.8,19
9597.2,25
9597.4,21
9597.4,30
9597.4,14
9597.8,32
9597.9,8
9597.9,11
9598.6,1
9598.6,28
9598.9,15
9599.9,36
9601.2,13
9601.3,38
9601.5,26
9602.1,5
9602.4,34
9604.1,23
9604.2,22
9604.2,24
9604.7,37
9604.8,12
9604.9,35
9605.5,10
9605.7,9
9606.0,17
9606.5,31
9606.7,0
9608.8,36
9609.0,29
9609.5,16
9610.0,6
9610.2,25
9610.4,4
9611.5,20
9612.0,39
9612.4,12
9612.5,13
9612.6,7
9612.6,21
9612.7,11
9612.8,1
9613.7,23
9613.8,14
9614.0,24
9614.5,2
9614.5,30
9615.1,17
9615.1,34
9615.4,35
9615.8,0
9616.1,28
9616.1,36
9616.1,38
9616.6,22
9616.7,15
9618.2,31
9620.4,14
9620.8,26
9621.2,16
9621.7,27
9622.4,23
9622.7,32
9622.7,39
9622.9,9
9623.0,6
9623.1,33
9623.2,10
9623.4,8
9623.5,13
9623.5,20
9623.9,34
9623.9,35
9624.1,19
9624.2,17
9624.7,22
9625.2,25
9626.9,12
9627.0,0
9628.2,28
9628.9,15
9629.5,24
9630.4,11
9630.9,5
9631.1,1
9631.6,36
9632.2,38
9632.3,34
9632.4,16
9632.8,13
9633.0,18
9633.4,35
9633.7,31
9636.3,19
9636.6,37
9637.6,23
9637.6,30
9637.7,4
9637.8,21
9638.9,14
9639.3,26
9639.5,6
9639.8,10
9640.4,12
9640.5,7
9640.6,25
9641.6,11
9641.9,16
9642.2,17
9642.6,2
9642.8,13
9642.9,9
9642.9,32
9643.0,36
9643.1,8
9643.1,29
9643.2,24
9643.2,1
9643.4,22
9643.9,20
9645.8,28
9647.0,0
9648.5,35
9648.8,34
9650.7,31
9650.9,19
9651.3,38
9651.4,15
9651.5,14
9651.9,24
9652.2,30
9652.8,11
9653.9,23
9654.3,25
9654.4,4
9654.4,39
9654.7,13
9655.0,6
9655.0,12
9655.1,10
9655.2,36
9655.5,1
9655.5,16
9655.7,22
9655.9,28
9655.9,32
9656.1,17
9656.6,34
9656.7,35
9656.8,37
9660.5,20
9660.7,7
9661.5,26
9662.0,0
9662.8,11
9663.8,36
9663.9,3
9664.0,18
9664.1,23
9664.8,30
9664.9,29
9665.0,12
9665.1,34
9665.5,24
9665.6,38
9666.2,25
9666.5,31
9667.4,13
9667.5,39
9668.7,35
9668.8,19
9670.6,8
9670.8,21
9670.9,9
9671.3,5
9671.5,1
9671.8,7
9671.8,17
9672.1,6
9672.5,10
9672.5,14
9673.3,31
9673.6,16
9674.2,26
9674.8,0
9674.9,15
9675.0,13
9675.1,24
9675.1,36
9675.6,22
9675.6,28
9675.9,32
9676.0,12
9676.5,11
9678.0,34
9679.0,37
9680.7,25
9681.6,2
9682.0,6
9682.2,39
9682.4,20
9682.9,36
9683.0,16
9683.2,38
9683.3,4
9684.0,29
9684.1,30
9684.2,12
9684.7,31
9685.0,10
9686.4,9
9686.4,21
9686.7,13
9687.1,35
9687.2,15
9687.2,32
9688.3,0
9688.4,14
9688.4,28
9688.9,23
9690.2,17
9690.3,34
9690.5,24
9691.4,36
9691.6,11
9691.7,18
9691.8,22
9692.6,31
9692.9,37
9693.1,25
9693.6,1
9693.6,6
9693.9,8
9693.9,19
9694.3,13
9695.5,7
9695.5,38
9695.9,12
9696.9,16
9698.3,26
9698.5,30
9698.9,14
9698.9,20
9698.9,35
9698.9,39
9700.4,9
9700.5,10
9700.7,34
9701.2,3
9701.3,24
9701.6,5
9702.0,22
9702.0,29
9702.4,25
9702.7,21
9703.3,36
9703.5,1
9703.8,0
9704.1,28
9704.5,2
9705.0,17
9705.1,19
9705.1,38
9705.7,16
9705.7,23
9705.9,32
9706.1,13
9707.1,31
9707.3,11
9708.7,6
9709.6,30
9709.6,37
9710.0,18
9711.2,34
9711.4,14
9712.0,35
9712.1,26
9712.5,4
9712.5,22
9712.6,12
9712.9,10
9713.2,8
9714.8,24
9716.9,25
9717.1,13
9717.7,23
9717.7,28
9717.9,1
9717.9,39
9718.0,12
9719.4,19
9719.9,36
9720.2,20
9721.0,38
9721.5,16
9721.6,7
9721.8,14
9722.1,31
9722.2,22
9722.7,21
9723.0,5
9723.2,30
9723.6,34
9723.9,11
9724.0,17
9724.3,6
9724.4,15
9725.1,35
9725.4,24
9725.4,29
9725.6,0
9726.3,8
9727.3,28
9727.8,9
9728.0,16
9728.2,13
9728.5,32
9729.1,2
9729.1,36
9729.4,12
9729.5,10
9729.8,37
9732.5,17
9733.6,31
9733.9,1
9734.3,22
9734.7,19
9734.8,38
9735.0,25
9735.3,6
9735.8,24
9736.8,39
9738.2,26
9738.3,12
9738.6,34
9738.7,36
9739.0,14
9739.1,23
9739.5,20
9739.5,28
9739.6,16
9739.6,18
9739.7,35
9740.6,13
9742.2,11
9742.5,4
9743.2,8
9743.4,15
9743.5,0
9744.3,9
9744.5,2
9744.5,10
9744.6,29
9744.9,7
9744.9,21
9744.9,30
9746.0,36
9746.4,1
9747.3,22
9747.4,6
9747.4,16
9748.0,31
9749.0,17
9749.7,24
9749.7,38
9750.5,37
9751.2,13
9751.2,32
9751.7,34
9752.1,19
9752.1,28
9752.7,23
9752.8,35
9753.3,12
9753.4,11
9754.2,14
9754.3,22
9754.5,26
9754.7,25
9755.9,31
9756.0,20
9756.4,10
9756.5,8
9757.4,5
9757.8,7
9759.2,18
9759.6,0
9759.7,39
9760.1,35
9760.3,13
9760.5,36
9761.8,24
9763.5,1
9763.5,12
9764.2,16
9764.2,30
9764.3,6
9764.5,15
9765.0,29
9765.9,21
9765.9,25
9766.2,11
9766.5,28
9766.5,38
9767.4,20
9767.4,32
9767.5,3
9768.7,19
9768.9,34
9769.0,2
9769.4,26
9769.5,14
9769.7,17
9770.9,13
9771.1,10
9771.5,22
9771.7,4
9771.9,9
9772.1,37
9772.3,23
9772.3,35
9773.8,39
9773.9,24
9775.9,12
9775.9,11
9775.9,36
9776.3,0
9776.3,14
9776.4,1
9776.4,16
9776.7,30
9777.0,31
9777.2,8
9777.4,15
9778.2,38
9778.4,6
9780.9,17
9781.0,34
9781.1,13
9781.1,28
9781.3,25
9782.6,10
9785.1,35
9785.2,24
9786.1,22
9786.6,26
9786.9,29
9786.9,36
9787.0,0
9787.0,30
9787.1,12
9787.3,5
9787.5,21
9787.7,23
9788.1,20
9790.1,7
9790.5,11
9790.7,38
9790.8,9
9792.9,13
9793.0,19
9793.1,1
9793.4,2
9793.4,16
9793.4,34
9794.1,31
9794.8,14
9795.6,6
9795.8,25
9796.0,37
9796.7,10
9797.3,8
9797.3,35
9797.3,12
9798.0,18
9798.4,28
9798.8,30
9799.3,36
9799.4,0
9800.3,32
9800.8,20
9801.0,22
9801.1,38
9801.4,29
9802.3,13
9802.3,34
9802.7,23
9802.9,39
9803.2,26
9803.3,17
9803.6,24
9803.8,19
9804.1,4
9804.7,16
9805.1,6
9805.2,5
9805.3,35
9805.7,25
9806.5,31
9807.9,9
9808.2,14
9810.0,11
9810.2,12
9810.4,36
9812.4,20
9812.5,10
9813.2,21
9813.4,1
9813.6,13
9814.0,0
9815.4,24
9815.5,22
9815.6,16
9815.8,2
9816.2,28
9817.3,32
9817.4,23
9817.7,31
9817.7,38
9817.9,7
9818.2,34
9818.4,17
9819.0,30
9819.1,15
9819.4,35
9820.5,18
9820.9,14
9821.1,37
9821.3,19
9821.4,12
9821.9,10
9822.2,8
9822.3,36
9822.7,6
9823.0,5
9823.0,25
9823.3,11
9824.7,16
9826.0,26
9826.9,13
9827.3,0
9827.3,24
9828.1,20
9828.3,29
9828.5,28
9828.8,1
9828.9,34
9828.9,39
9829.5,35
9829.7,22
9831.4,23
9832.5,7
9832.6,2
9832.7,6
9832.8,31
9832.9,38
9834.5,21
9835.8,9
9835.9,14
9836.5,24
9837.9,19
9838.1,30
9838.1,39
9838.3,17
9839.4,36
9839.5,11
9839.8,1
9840.3,16
9840.4,13
9840.7,22
9841.1,32
9841.2,4
9841.2,12
9841.3,6
9841.4,31
9841.4,34
9841.7,0
9841.7,15
9841.8,25
9842.0,8
9842.3,35
9842.8,10
9842.8,29
9843.7,38
9847.4,18
9847.6,23
9847.6,28
9848.2,3
9848.3,36
9848.5,5
9849.6,2
9849.7,16
9849.8,20
9850.0,14
9850.2,26
9850.3,24
9850.3,35
9850.8,22
9851.0,15
9851.1,11
9851.4,13
9851.8,31
9852.1,9
9852.5,34
9852.8,30
9854.5,12
9855.8,1
9855.8,8
9856.5,21
9856.7,17
9856.7,19
9856.7,39
9856.8,6
9857.4,38
9857.9,14
9858.6,36
9858.7,25
9860.0,15
9861.3,0
9861.5,11
9862.1,31
9862.3,32
9862.7,29
9863.1,13
9863.5,35
9863.6,23
9863.9,33
9864.0,24
9864.8,28
9864.9,10
9865.4,7
9866.0,16
9866.9,20
9867.2,30
9869.3,4
9869.3,12
9869.7,34
9869.9,1
9870.3,9
9870.3,26
9871.2,22
9871.4,17
9872.4,36
9872.5,11
9872.5,31
9872.9,5
9873.0,13
9873.0,24
9873.4,37
9873.5,35
9874.5,16
9874.7,14
9874.8,23
9875.6,38
9875.7,6
9875.8,34
9876.1,19
9876.5,28
9876.5,25
9877.7,21
9878.3,8
9878.8,10
9879.5,30
9879.8,20
9879.9,7
9882.3,12
9882.5,9
9883.1,0
9883.2,18
9883.2,31
9884.4,29
9884.5,1
9884.5,39
9884.9,13
9884.9,23
9885.2,16
9886.0,36
9886.5,32
9887.2,24
9887.4,22
9887.6,6
9887.9,15
9887.9,35
9889.0,11
9889.3,25
9889.3,34
9889.8,14
9889.8,17
9890.2,26
9890.2,38
9890.7,2
9892.8,28
9893.2,12
9895.0,13
9895.4,16
9896.8,6
9898.5,36
9898.8,8
9898.9,19
9898.9,20
9899.0,24
9899.2,0
9899.2,29
9899.9,21
9900.1,1
9900.3,5
9900.8,22
9902.1,28
9902.8,30
9902.9,13
9902.9,34
9903.0,31
9903.2,12
9903.2,25
9903.5,32
9903.9,4
9903.9,3
9904.1,9
9904.2,23
9904.4,35
9904.6,14
9904.7,15
9905.1,37
9905.5,26
9905.7,10
9905.8,7
9906.2,39
9908.2,36
9908.8,0
9908.8,38
9909.2,24
9909.3,11
9909.3,17
9909.5,2
9909.8,16
9910.7,6
9911.9,35
9913.1,28
9913.2,31
9914.0,13
9914.6,25
9915.2,1
9915.3,34
9916.4,12
9917.0,38
9917.5,19
9917.8,20
9918.0,11
9918.0,22
9918.5,23
9918.5,24
9918.8,5
9919.2,8
9919.2,9
9919.5,39
9920.6,3
9920.6,16
9920.9,0
9920.9,17
9921.0,29
9921.2,36
9921.3,14
9922.2,10
9922.6,35
9923.0,13
9923.5,32
9925.0,34
9925.3,30
9925.3,31
9925.6,6
9925.7,28
9925.9,22
9926.1,7
9927.8,37
9928.1,24
9928.2,11
9928.3,26
9931.0,38
9931.2,2
9931.9,21
9932.1,12
9932.5,35
9932.9,19
9934.0,25
9934.5,10
9934.9,8
9935.0,32
9935.2,1
9935.4,6
9935.4,16
9935.4,18
9935.7,14
9935.7,23
9935.8,20
9936.0,5
9936.0,13
9936.0,29
9936.2,36
9936.3,34
9936.4,22
9936.5,0
9936.6,4
9938.1,24
9938.7,31
9938.8,15
9939.3,28
9940.0,17
9941.1,9
9941.3,30
9941.3,39
9942.5,35
9943.3,25
9943.8,38
9944.0,26
9944.6,12
9945.3,18
9946.1,6
9946.4,36
9948.0,11
9948.3,13
9948.5,22
9949.5,34
9950.1,8
9950.1,20
9950.4,2
9950.9,21
9951.3,16
9951.3,28
9951.7,35
9951.7,37
9951.8,24
9952.0,19
9952.3,31
9953.1,17
9953.3,1
9953.3,27
9953.3,39
9953.5,0
9953.9,7
9953.9,30
9954.1,14
9954.5,5
9954.7,23
9954.9,10
9957.3,12
9957.8,15
9958.5,34
9960.0,36
9960.6,13
9960.9,6
9961.3,38
9962.2,32
9962.4,22
9962.5,25
9963.0,11
9963.1,28
9963.8,4
9964.1,29
9964.5,16
9965.1,35
9965.9,23
9966.0,26
9966.4,18
9967.0,39
9967.5,20
9967.6,0
9967.8,9
9968.2,19
9969.9,21
9970.0,24
9970.2,1
9970.5,31
9970.9,17
9971.3,12
9971.8,7
9972.0,37
9972.4,2
9972.4,13
9972.7,14
9974.1,10
9974.5,36
9974.9,8
9974.9,34
9975.9,35
9976.2,38
9976.4,6
9976.4,28
9976.5,22
9976.9,5
9977.1,11
9977.1,29
9978.0,12
9978.6,16
9979.8,25
9979.8,30
9980.4,23
9980.5,26
9980.8,0
9982.0,15
9982.7,13
9982.8,19
9983.7,20
9984.0,31
9984.0,6
9986.8,21
9987.1,9
9987.5,36
9987.6,16
9988.5,4
9988.5,24
9988.7,10
9988.7,28
9988.8,14
9988.9,1
9989.0,17
9989.0,37
9989.2,32
9989.3,39
9989.8,12
9991.1,22
9991.7,35
9992.2,23
9993.7,11
9993.8,24
9994.2,34
9995.8,13
9995.9,5
9996.8,31
9997.3,25
9997.3,36
9998.1,16
9999.0,0
9999.5,3
9999.6,29
9999.8,8
