11.7,34
12.4,5
12.4,15
12.5,29
12.6,22
12.9,14
12.9,30
13.0,12
13.0,36
13.4,32
13.5,26
13.5,39
13.7,3
13.7,6
13.7,24
13.7,25
14.2,7
14.4,16
14.4,35
14.7,37
14.8,1
14.8,33
15.2,17
15.5,4
15.9,13
17.0,11
17.8,2
19.5,18
19.6,21
20.2,10
21.9,8
22.3,27
23.8,31
24.0,17
24.0,36
25.3,13
25.4,11
25.8,16
26.4,20
27.1,26
27.1,38
27.4,24
27.5,39
27.6,7
27.9,19
28.1,28
28.8,9
28.9,4
29.0,29
29.0,32
29.1,35
29.4,0
29.4,37
29.6,1
29.6,30
29.9,34
30.5,10
31.3,33
31.5,3
31.6,23
32.5,11
33.7,6
34.8,17
36.0,38
36.2,15
36.2,18
37.3,7
37.5,22
37.8,13
37.9,2
38.6,36
39.0,35
39.4,5
39.9,33
40.0,4
40.7,32
40.7,39
40.8,29
42.2,19
43.0,3
43.0,24
43.1,10
43.1,27
43.9,12
44.2,26
44.4,28
44.7,1
44.7,31
44.9,6
45.7,15
45.9,11
45.9,0
47.1,13
47.4,16
48.7,17
49.2,34
49.7,21
49.8,33
49.9,35
50.2,32
50.3,7
50.4,8
50.8,22
51.0,18
51.4,30
53.1,23
54.8,39
55.0,2
55.0,38
55.6,4
55.6,13
56.1,37
56.3,10
57.0,19
57.2,29
57.3,1
57.6,6
59.0,17
59.6,26
60.3,33
60.9,24
61.2,5
61.4,11
61.4,28
62.4,12
63.1,4
63.7,22
64.4,3
64.5,7
64.5,20
65.1,27
65.4,8
65.6,15
65.7,18
66.2,10
66.9,16
66.9,32
67.3,19
67.3,38
67.4,36
68.0,31
68.1,9
68.1,35
68.4,30
68.6,13
69.3,29
69.4,23
69.4,37
69.5,39
70.1,21
70.1,24
70.1,28
70.4,17
70.9,0
72.4,33
75.6,11
75.9,2
76.4,6
76.4,7
76.7,10
76.8,34
77.2,4
77.8,18
78.2,1
79.6,32
80.2,28
80.3,13
80.5,3
80.5,26
80.5,37
80.5,39
81.1,15
81.1,22
81.7,19
81.7,27
81.8,17
82.4,5
82.5,12
83.5,33
84.2,10
84.5,35
84.9,30
85.7,25
86.9,29
87.3,20
87.5,24
87.8,38
88.0,4
88.2,11
88.3,23
88.7,18
89.1,8
89.2,1
89.4,36
89.6,7
89.8,9
90.4,6
90.9,17
90.9,32
91.4,13
92.9,39
93.2,0
95.3,37
95.6,21
95.6,34
96.3,22
97.1,28
97.9,17
98.1,10
98.6,30
98.9,6
99.2,27
99.3,2
100.5,8
101.2,11
101.2,12
101.8,26
101.8,38
101.9,35
102.9,4
103.4,16
104.5,13
104.6,7
104.9,32
105.4,15
106.6,19
106.9,18
107.1,24
107.1,33
107.2,29
107.5,3
107.6,1
107.7,30
108.0,5
109.1,6
109.7,17
109.8,20
110.6,39
111.2,4
113.3,23
113.6,22
113.7,11
115.2,32
115.6,3
115.6,10
116.5,28
116.8,35
117.0,33
117.1,21
117.3,7
117.3,26
117.9,1
118.1,2
118.5,37
119.1,13
121.6,11
121.7,19
121.7,38
121.8,30
122.2,39
122.8,24
123.0,17
123.2,0
123.6,8
124.4,6
124.9,34
125.9,35
126.6,16
126.7,29
127.1,18
128.7,7
129.3,39
129.4,3
129.5,36
129.7,10
129.8,28
129.9,1
130.1,15
130.3,23
130.7,13
131.1,33
132.1,27
133.5,4
133.7,26
133.7,32
133.8,2
133.8,5
134.0,6
134.1,19
134.5,17
134.5,24
134.9,7
134.9,12
135.0,20
135.1,22
135.1,25
135.5,35
135.9,38
136.2,11
136.2,21
136.3,9
136.3,18
136.3,34
140.2,10
140.3,13
142.7,4
143.2,30
143.5,38
143.5,39
144.0,37
144.1,29
144.5,1
144.5,11
144.8,33
144.9,36
145.0,0
145.0,28
146.2,32
146.3,15
147.5,17
147.6,16
149.0,7
149.4,35
149.9,34
150.4,23
151.4,18
151.6,10
152.4,22
153.0,27
153.3,21
153.5,24
153.7,13
154.0,5
154.0,37
154.3,3
154.4,6
154.9,26
156.3,8
156.3,38
156.5,4
157.4,31
157.7,7
158.0,39
158.3,36
158.4,33
158.8,1
158.8,29
158.9,2
159.3,32
159.4,17
159.6,35
160.2,12
161.0,13
161.3,20
162.2,15
163.1,30
164.5,11
164.5,28
164.7,22
164.8,6
165.0,10
167.2,18
167.3,9
167.3,27
167.4,16
167.8,19
168.7,39
168.9,25
169.4,17
169.4,24
169.7,38
169.8,0
170.1,26
170.4,35
170.6,7
170.7,4
171.2,32
171.3,1
171.3,33
172.6,13
172.7,3
172.8,34
174.2,29
174.8,37
175.0,18
175.2,11
176.4,28
176.9,5
178.0,10
179.0,22
179.3,8
179.4,21
179.5,20
179.7,15
179.7,24
180.0,6
180.2,36
181.0,7
181.3,12
181.3,17
181.5,2
181.9,23
182.3,30
183.9,39
184.5,13
184.6,26
184.6,35
185.4,32
185.6,10
185.9,1
186.1,4
187.2,33
187.3,27
188.1,29
188.5,19
188.7,28
189.2,11
189.7,18
190.6,38
190.7,39
191.0,16
191.5,22
192.3,6
192.6,24
192.7,17
193.1,7
193.8,1
193.8,21
193.9,30
194.4,9
195.1,25
195.6,3
196.0,13
196.3,4
196.8,35
197.0,10
197.5,26
198.0,32
198.0,0
198.3,37
198.5,23
199.7,15
199.9,20
200.0,33
202.0,5
202.2,11
202.5,31
203.5,29
203.6,27
203.8,28
204.0,2
204.3,17
204.9,36
205.1,38
205.3,6
205.3,19
206.0,1
206.0,18
207.0,24
207.1,12
207.1,26
207.5,39
208.3,22
208.5,7
208.5,30
208.6,4
208.6,13
208.9,10
209.2,34
210.1,32
211.1,0
211.6,8
211.7,35
213.6,3
214.8,23
214.9,36
216.1,17
216.3,11
216.5,16
216.6,15
216.9,21
217.0,33
217.1,37
217.2,19
217.7,28
218.8,24
218.9,6
218.9,10
219.2,13
220.2,4
220.2,39
220.6,18
221.6,20
222.5,30
222.7,32
222.9,1
222.9,29
224.0,33
225.0,7
225.4,26
226.7,17
227.2,13
227.2,35
228.0,11
228.6,12
228.6,22
228.9,38
229.4,37
230.0,27
230.1,10
230.4,3
230.6,4
230.8,6
230.8,31
230.9,5
230.9,8
230.9,36
231.0,18
231.6,34
232.1,23
234.3,29
234.6,21
234.7,24
234.7,25
235.1,28
235.1,39
235.9,13
235.9,32
236.8,16
237.1,19
237.6,0
238.0,30
238.1,17
238.2,20
238.3,11
239.3,15
240.8,35
241.8,1
242.0,2
242.2,10
242.6,3
242.9,33
243.1,7
244.1,26
244.3,6
244.5,13
245.1,4
245.5,5
245.5,22
245.6,29
245.6,39
246.1,17
246.2,36
247.4,18
248.0,37
249.0,24
249.1,9
249.5,23
250.3,32
252.2,38
252.5,8
253.2,7
253.5,12
253.5,33
254.5,11
254.8,28
255.3,26
255.4,0
255.6,39
255.7,30
256.3,21
256.5,10
256.7,4
256.7,19
256.8,34
257.0,15
257.2,16
257.5,27
257.6,35
258.2,6
258.8,17
259.1,1
261.6,13
262.1,3
262.6,23
263.0,7
263.6,38
264.5,4
264.5,18
264.6,39
264.8,33
265.0,32
265.6,22
266.1,26
267.1,10
267.4,11
267.4,15
267.5,28
267.8,36
268.2,29
268.8,35
269.5,30
269.7,20
269.9,31
270.0,24
270.6,13
271.0,6
271.0,17
271.9,1
272.0,21
272.1,19
273.1,25
274.1,2
275.7,37
275.8,34
275.9,8
276.3,16
276.7,0
276.7,39
277.2,3
277.8,23
278.5,4
279.3,26
279.5,5
279.8,33
280.0,7
280.4,35
280.5,13
280.7,32
282.3,27
282.5,18
283.1,10
283.4,30
283.6,15
284.2,22
284.8,12
285.1,11
285.2,6
285.2,1
285.2,9
285.4,17
285.8,19
285.8,28
285.8,38
286.0,4
286.0,24
286.6,26
287.7,35
287.9,39
288.8,29
289.2,13
289.4,36
290.2,33
290.8,32
291.2,21
291.7,34
293.2,23
293.7,20
293.8,7
294.1,6
296.2,17
296.8,37
297.4,11
297.7,26
298.1,4
298.2,18
298.3,13
298.5,2
299.3,8
299.3,32
299.7,22
299.8,28
299.8,39
299.9,3
300.0,16
300.1,0
300.9,24
301.3,10
301.7,33
302.9,35
303.2,38
303.3,1
305.6,13
305.6,37
306.1,29
306.6,7
306.7,21
307.6,31
308.1,36
308.4,6
308.4,23
308.4,30
308.5,17
308.8,10
308.8,20
309.7,26
310.0,11
311.3,15
311.3,32
312.4,8
312.5,39
312.7,4
312.9,33
313.2,27
315.3,12
315.5,35
315.8,13
316.2,29
316.3,0
317.0,7
317.0,17
317.0,19
317.4,34
318.4,3
319.7,11
320.7,1
320.8,22
320.9,28
321.8,18
322.5,23
322.7,5
322.8,6
323.0,24
323.5,16
323.5,25
324.0,10
324.0,26
324.3,39
325.1,4
325.3,14
326.7,21
326.7,37
326.9,30
327.0,32
327.1,17
327.1,38
328.0,33
328.1,13
328.4,9
328.6,19
328.8,28
329.1,15
329.5,7
329.8,36
332.0,6
332.4,35
333.2,22
333.3,2
333.4,27
333.6,24
333.6,11
335.1,39
335.4,20
335.6,1
337.2,12
337.2,4
337.4,26
337.6,29
337.8,17
338.7,30
338.9,18
339.0,0
339.2,19
339.6,10
340.1,33
340.9,32
341.5,13
341.6,21
341.9,7
342.0,8
342.2,28
344.7,37
344.9,34
345.1,15
345.2,23
345.3,38
345.5,24
345.8,3
346.5,39
347.3,11
347.3,36
347.7,17
347.7,26
348.9,4
349.8,22
350.3,10
351.3,6
351.7,1
351.7,29
352.2,5
352.5,13
352.9,35
353.8,7
355.2,23
355.3,21
355.3,28
355.9,30
356.2,18
356.5,38
356.9,33
357.0,32
357.3,27
358.2,0
359.1,17
360.0,3
360.0,34
360.6,35
361.1,13
361.1,16
361.4,15
361.5,4
361.8,20
362.6,31
362.8,2
363.3,11
363.3,37
363.4,19
363.8,8
364.6,12
364.8,1
364.8,10
365.2,29
366.0,26
367.7,39
368.5,32
369.1,22
369.4,6
369.4,36
369.4,30
369.6,24
369.8,9
370.0,17
370.0,21
370.1,7
370.4,34
370.6,33
372.9,10
374.5,1
374.8,23
374.9,38
375.2,35
375.3,11
375.4,4
375.6,18
375.9,13
376.3,16
376.4,28
376.6,15
376.8,32
377.5,0
377.7,37
377.8,19
379.0,17
379.1,33
379.9,27
380.2,26
381.5,21
381.8,7
382.0,39
382.3,2
383.3,6
383.3,11
383.4,24
384.5,5
384.6,20
385.1,34
385.4,30
385.8,12
386.0,13
386.4,22
386.4,29
386.7,3
387.0,36
388.1,10
388.1,23
388.4,35
389.8,32
390.0,8
390.6,17
390.7,4
390.9,9
393.3,7
394.6,1
395.1,39
395.4,37
395.6,6
395.9,33
395.9,34
396.0,21
396.1,30
396.1,18
396.1,29
396.3,15
396.3,16
396.4,13
396.8,11
397.2,28
397.7,4
397.7,17
398.2,0
400.6,35
400.9,26
400.9,38
401.1,24
403.2,10
405.6,7
405.7,15
406.1,1
406.2,21
406.9,12
407.3,6
407.4,19
407.5,30
408.1,39
408.3,2
408.5,13
408.6,27
409.3,37
409.5,18
410.1,36
410.4,35
410.6,33
411.2,22
411.2,28
411.4,32
411.8,23
412.0,3
412.4,17
412.6,11
412.8,26
412.9,4
414.2,34
414.5,8
414.5,29
415.3,7
416.1,20
416.8,37
417.1,1
417.1,19
417.3,30
417.5,39
418.0,10
418.0,13
419.6,0
419.6,18
420.2,5
420.7,24
420.8,21
422.2,6
422.2,33
422.2,38
423.1,32
423.8,16
424.1,35
424.4,9
425.6,34
425.7,26
426.0,4
426.0,17
426.1,31
426.3,23
426.8,15
426.9,7
427.1,25
427.3,12
427.4,27
427.5,22
427.6,29
428.8,6
429.8,28
431.1,13
431.2,36
432.2,11
432.3,1
432.6,39
432.9,19
432.9,30
434.0,24
434.4,32
434.4,35
434.6,3
434.9,0
434.9,10
435.2,18
435.2,37
435.5,33
437.2,13
437.4,17
438.0,4
438.5,34
438.6,7
439.1,2
439.6,8
439.6,11
439.6,26
439.7,38
439.8,19
440.5,23
440.8,6
443.8,29
444.6,30
445.4,12
445.7,27
446.2,28
446.6,10
446.9,32
447.5,18
447.7,13
447.7,21
448.1,37
448.2,1
448.2,22
448.7,5
448.8,17
448.9,26
448.9,33
449.4,4
449.7,39
450.6,6
451.4,24
452.1,11
452.3,7
452.6,15
452.9,0
452.9,16
453.4,34
454.1,35
454.3,9
458.2,23
458.3,32
459.1,17
459.6,10
459.6,36
460.0,20
460.3,1
461.1,19
461.4,18
461.7,3
462.7,2
462.9,13
463.7,28
464.4,4
464.4,6
464.8,38
464.9,26
466.0,29
466.2,8
467.0,39
467.1,7
467.1,33
467.5,11
467.6,17
467.6,30
468.0,15
468.3,12
470.1,13
470.4,37
470.6,24
470.6,27
471.3,22
472.1,21
472.6,32
473.1,5
473.2,0
473.5,6
473.7,34
474.1,10
474.3,1
474.9,35
476.7,19
476.8,23
477.5,17
478.3,4
478.8,11
478.9,18
479.3,16
479.5,12
479.6,7
479.8,25
480.0,2
480.2,26
480.5,28
480.7,37
481.0,30
481.4,29
481.7,8
482.0,13
482.5,3
482.8,20
483.8,33
484.1,10
484.1,39
485.3,9
486.4,36
487.4,6
487.5,35
488.1,18
488.5,1
488.7,4
488.8,22
488.9,32
489.1,23
489.3,11
489.4,15
489.8,21
489.9,17
490.3,27
490.4,34
493.2,38
493.6,19
493.7,24
494.0,13
494.6,7
494.7,0
495.5,12
495.6,37
496.0,26
496.0,31
497.0,28
498.1,39
498.5,10
499.4,33
500.3,17
500.9,32
501.1,30
501.5,16
501.6,5
502.5,27
502.6,18
502.7,1
502.9,6
503.4,23
503.8,34
504.1,3
504.2,4
504.7,2
506.0,21
506.4,13
506.5,36
507.0,11
507.2,7
508.0,33
508.2,29
508.5,8
508.7,24
508.8,22
509.1,35
509.6,0
511.0,28
511.0,39
511.2,38
511.2,10
511.8,20
511.8,26
512.2,12
512.5,17
513.4,15
513.5,6
515.7,19
516.7,4
517.3,27
518.0,32
518.6,7
518.6,30
519.6,11
519.8,1
519.8,13
520.5,18
522.0,39
522.1,17
523.2,35
523.8,36
524.1,33
525.0,3
525.1,37
525.8,24
525.9,4
526.1,2
526.3,29
528.1,26
528.2,13
529.5,10
529.5,34
530.0,21
530.3,28
530.3,30
530.4,7
530.9,8
531.1,6
531.1,11
531.2,22
531.4,29
531.6,9
532.2,23
532.6,38
533.2,35
533.5,33
533.8,16
533.8,32
533.9,17
535.2,19
536.2,12
536.7,18
536.9,20
537.6,37
537.7,13
538.2,26
539.3,6
539.3,24
539.6,5
540.2,39
540.6,27
540.7,15
540.8,4
541.1,29
541.3,11
542.8,1
543.9,2
544.7,17
545.1,19
545.2,7
545.3,13
545.5,30
545.7,34
545.9,33
546.4,32
546.5,18
546.8,10
547.2,35
548.6,0
548.8,38
549.4,4
549.4,24
549.8,3
549.8,28
549.9,21
549.9,23
551.1,8
551.2,1
551.3,26
551.4,22
551.5,29
551.6,7
551.7,11
551.7,37
552.2,6
554.3,39
554.9,13
556.7,32
557.1,15
557.3,30
558.1,10
558.1,31
558.1,35
558.2,29
558.3,19
559.5,36
559.6,17
559.6,33
561.5,9
561.8,4
562.4,3
562.9,22
563.0,38
563.5,16
563.6,7
564.4,6
565.0,18
565.0,23
566.2,8
566.5,37
566.6,11
566.7,34
567.0,13
567.0,32
567.1,24
567.8,1
567.9,26
568.8,12
568.8,27
568.9,10
569.7,39
570.1,29
570.3,28
570.8,20
570.9,17
571.4,30
572.9,35
573.2,21
574.0,33
574.7,19
575.2,12
575.9,4
576.0,18
576.1,0
576.6,7
576.6,17
578.1,11
578.1,37
578.5,1
578.5,3
579.0,13
579.4,32
579.9,24
580.9,6
582.2,10
583.0,8
583.5,16
583.7,26
584.1,15
584.4,29
584.9,30
585.5,28
585.5,34
585.7,17
586.0,35
586.1,39
586.2,20
587.6,36
587.8,13
588.2,4
588.4,23
588.5,22
588.5,33
588.6,31
589.4,38
589.7,7
590.1,11
591.8,5
592.4,18
592.8,24
593.7,2
593.7,32
594.5,19
595.1,27
595.2,21
595.3,10
595.5,37
595.8,17
595.8,29
596.3,6
596.5,28
596.6,1
597.2,0
597.8,39
598.1,12
599.1,4
599.3,13
599.3,35
600.5,15
600.8,7
601.8,26
604.3,11
604.4,3
604.4,33
604.8,22
605.5,34
605.6,16
605.8,30
606.3,17
607.2,18
607.5,28
608.3,13
608.6,10
609.0,8
609.2,2
609.4,39
609.7,4
610.2,38
610.3,19
610.7,7
612.2,23
612.3,29
612.8,1
612.8,33
613.2,15
613.2,21
613.6,32
613.6,35
613.8,37
615.2,0
615.2,6
615.3,26
615.9,30
617.0,24
617.7,27
619.1,17
619.3,22
619.3,36
619.6,10
620.3,5
620.5,3
621.2,11
623.0,12
623.3,39
623.7,4
624.0,6
624.5,7
624.7,16
624.7,25
625.7,18
625.7,37
626.1,35
626.1,28
626.3,13
626.8,20
627.5,34
628.8,32
628.9,1
629.1,10
629.4,30
629.7,17
630.5,11
630.7,33
631.1,38
631.3,21
631.4,29
631.7,31
632.3,8
632.3,26
632.5,19
634.0,23
635.7,2
635.9,24
636.5,13
636.7,39
636.8,15
637.6,7
638.3,6
638.3,28
638.4,35
638.6,36
638.8,9
639.1,26
639.6,22
641.0,27
641.3,17
642.0,37
642.4,32
642.6,10
642.8,4
643.4,21
643.4,29
643.6,0
644.0,33
644.8,16
644.8,30
644.9,18
646.3,11
647.0,19
647.1,13
647.4,7
647.4,24
647.5,5
647.5,20
647.5,34
648.6,1
649.0,26
649.6,17
649.7,3
651.1,4
651.3,38
651.3,35
652.8,39
653.7,0
654.0,13
654.1,6
654.3,12
656.0,10
656.1,11
656.3,28
656.4,8
656.4,18
658.3,27
658.6,33
658.6,34
659.1,32
659.3,1
659.3,20
659.3,22
662.9,30
663.0,29
663.3,7
663.7,4
665.2,15
665.6,37
665.7,36
666.0,19
666.0,35
667.3,17
667.3,26
667.5,16
668.0,2
668.2,3
668.4,13
668.7,8
668.8,24
669.0,18
669.0,21
669.7,10
669.7,23
670.1,28
670.4,11
671.1,39
671.5,6
672.6,32
672.8,7
673.3,38
673.8,19
674.0,5
674.2,20
674.5,31
674.9,25
675.3,4
675.3,30
675.6,29
675.7,1
676.6,12
676.7,13
676.7,18
677.5,33
677.7,17
679.4,0
679.8,35
680.3,11
680.7,37
681.4,27
683.0,7
683.0,34
683.2,10
683.9,6
684.6,39
684.8,22
684.9,32
685.6,26
685.7,15
685.9,5
686.0,8
686.3,24
686.5,1
686.5,2
686.5,16
687.4,20
687.4,28
687.7,23
688.0,13
688.4,33
688.4,36
688.6,11
690.1,4
690.2,19
691.0,17
692.0,3
692.2,29
692.4,12
692.6,38
692.6,6
692.8,39
694.3,18
695.7,21
696.0,7
696.3,10
696.5,13
696.5,30
697.9,9
698.4,25
699.3,26
699.5,28
700.3,2
700.6,35
700.8,37
701.1,17
701.4,0
701.5,22
702.3,27
702.3,31
702.9,6
703.1,4
703.9,1
704.1,29
704.6,33
705.1,39
705.9,20
706.3,11
706.4,12
706.5,16
706.7,24
706.9,5
706.9,19
707.1,7
707.2,13
707.2,23
707.6,38
708.3,32
709.5,15
710.6,18
710.7,3
711.0,30
711.5,10
711.7,26
712.6,36
713.8,17
714.0,21
714.4,35
714.9,8
715.3,6
715.3,34
715.4,4
716.4,37
716.7,39
718.4,33
718.6,11
718.8,28
719.2,10
719.8,29
720.4,23
720.5,13
721.3,0
722.6,4
722.7,32
722.8,15
723.0,18
723.0,22
723.1,1
723.1,7
723.1,26
723.2,16
723.6,12
723.9,27
723.9,34
724.0,2
724.0,38
724.4,30
724.5,24
726.3,19
727.9,6
728.6,35
728.8,5
729.2,33
729.6,11
729.7,13
730.3,1
730.4,9
730.4,39
731.4,37
731.6,10
731.9,22
733.3,7
733.8,21
734.1,3
734.2,17
735.5,4
735.7,29
736.3,24
736.3,34
736.5,18
737.0,26
737.0,36
737.1,20
737.4,13
737.6,2
737.8,15
739.1,32
739.6,30
739.7,28
740.7,19
740.8,33
740.8,35
741.8,39
742.0,8
743.0,11
743.1,6
743.4,23
743.5,37
744.7,26
744.8,21
745.4,7
745.8,1
746.1,10
746.3,0
747.3,4
748.2,38
748.4,16
748.8,24
749.3,30
749.3,32
749.8,12
749.8,27
749.9,34
750.9,18
751.2,17
752.8,33
753.2,29
753.6,22
754.3,13
755.4,7
755.5,28
756.4,3
756.9,11
757.0,9
757.5,31
757.5,35
757.6,10
757.6,24
757.9,38
758.0,21
758.0,4
758.0,6
758.0,16
758.0,39
758.3,0
758.4,8
758.4,36
758.5,5
758.5,15
758.6,2
758.6,20
758.8,26
760.1,19
761.5,17
762.7,13
765.4,32
765.4,34
766.3,10
766.3,11
766.3,30
766.6,18
766.6,33
767.4,26
767.5,1
768.5,35
768.6,6
769.2,23
769.7,24
769.7,37
770.5,29
770.7,39
770.9,28
771.4,4
771.5,22
772.1,15
772.1,20
772.7,17
772.9,19
773.4,7
774.9,27
775.5,11
776.0,32
777.8,13
777.9,6
778.0,12
778.4,26
778.8,33
778.8,39
779.1,35
779.3,4
779.5,9
779.6,7
779.6,21
780.0,38
780.1,36
780.4,8
780.7,1
780.7,10
780.8,30
780.9,34
781.0,5
781.1,17
783.3,24
784.5,18
786.0,22
786.1,20
786.2,2
786.4,0
786.4,29
786.8,28
786.9,16
788.1,10
788.4,15
789.0,33
789.1,13
789.1,23
789.4,26
789.5,4
789.6,1
790.0,19
790.4,7
791.0,11
791.3,38
791.5,37
792.1,32
792.3,21
793.0,6
793.7,3
793.7,17
794.2,36
794.2,39
798.1,12
798.4,35
798.7,29
799.2,11
799.6,38
799.9,18
800.0,13
800.1,22
800.9,28
801.3,30
801.9,7
801.9,10
801.9,33
803.5,1
803.6,23
804.1,31
804.2,24
805.0,4
805.0,39
806.2,32
806.5,6
806.7,11
807.0,2
807.0,17
807.1,3
807.1,20
807.2,37
807.3,26
807.3,34
807.9,9
808.0,35
809.2,18
809.2,27
810.6,28
810.7,0
810.7,19
810.9,36
811.1,25
812.4,29
812.5,5
812.7,15
814.0,13
814.1,10
814.1,21
814.8,7
815.1,1
816.0,4
816.3,6
816.4,22
816.4,39
817.3,8
818.2,33
819.9,16
819.9,37
820.0,30
820.2,24
820.4,26
820.7,11
821.4,23
821.8,17
822.1,12
822.1,19
822.5,32
822.8,9
822.9,20
823.2,29
824.0,35
825.5,10
826.3,38
826.4,4
826.6,13
827.5,7
827.5,28
827.6,6
829.6,27
829.8,39
829.9,3
830.3,18
830.7,30
831.0,34
831.2,33
832.6,11
832.7,8
833.9,17
834.3,21
834.7,10
834.9,1
835.6,32
836.4,23
836.5,22
836.7,4
837.0,0
837.8,29
837.9,2
838.1,15
838.1,36
838.4,13
839.0,20
839.6,28
840.4,5
842.3,7
842.3,35
842.5,24
843.9,37
844.1,33
844.5,39
844.6,11
844.8,27
845.2,21
845.3,18
846.0,26
846.6,6
846.6,10
846.6,19
846.6,38
846.7,30
847.0,1
847.1,17
847.7,4
848.7,12
849.0,16
849.2,22
849.6,13
850.6,32
853.4,35
853.6,15
854.2,17
854.8,11
855.7,10
856.8,3
857.3,6
857.4,21
857.5,23
858.0,0
858.0,7
858.0,39
858.7,16
858.8,28
858.9,8
858.9,29
860.7,9
860.9,34
860.9,37
861.3,4
861.7,26
861.9,24
862.5,33
862.7,30
862.8,25
863.2,18
863.2,36
863.4,38
863.5,13
865.5,1
866.2,32
866.9,35
867.2,19
867.5,2
868.2,22
868.3,17
869.1,10
869.5,27
870.1,11
870.5,39
871.0,7
871.0,28
871.2,6
871.8,4
871.9,20
872.7,21
872.7,23
873.0,13
873.1,8
873.3,18
873.3,29
873.5,15
873.5,31
873.9,3
874.0,26
874.9,0
875.0,24
875.3,30
876.6,33
878.3,37
878.4,12
878.7,10
879.6,1
880.9,7
881.5,17
881.7,11
882.1,39
882.6,19
882.8,4
882.9,34
883.2,16
883.4,15
884.8,6
885.8,35
886.2,5
886.2,29
886.6,2
886.6,8
886.6,24
886.7,26
886.8,37
887.8,13
887.9,18
888.9,22
889.1,36
889.3,30
889.6,21
890.7,32
890.8,28
891.6,17
891.9,23
893.7,7
893.7,39
894.0,10
894.5,38
894.8,11
894.9,1
895.7,27
895.8,0
896.0,6
896.7,33
897.0,3
897.2,9
897.3,4
897.4,13
897.7,26
900.2,18
901.7,24
902.5,34
902.7,15
902.7,37
902.9,19
903.0,20
903.1,28
903.1,35
903.5,17
903.6,22
903.6,30
903.7,12
906.6,29
907.3,1
908.1,32
908.4,10
908.4,36
908.6,6
908.6,21
909.2,4
909.4,5
909.4,8
909.4,13
909.5,16
909.6,11
910.2,26
910.4,23
910.4,39
910.5,3
911.0,7
911.1,15
911.5,27
911.5,33
911.7,0
911.7,25
911.7,35
911.9,28
912.2,31
912.6,30
913.4,2
914.6,17
915.0,24
917.0,38
917.6,18
919.5,12
919.8,37
920.1,4
921.3,39
921.7,10
922.1,22
922.2,32
923.1,28
923.1,33
923.2,17
923.3,21
923.4,1
923.4,11
923.7,18
923.8,7
924.2,9
924.2,13
924.2,19
924.6,29
924.7,16
925.9,30
927.0,36
928.2,34
928.9,6
929.2,3
929.5,35
929.7,2
929.7,4
929.8,23
931.4,11
932.3,26
933.0,15
933.3,8
933.6,38
934.0,7
934.2,13
934.4,32
935.6,28
936.1,39
936.7,35
936.9,0
937.1,22
937.1,27
937.6,16
937.8,10
938.4,18
938.4,29
938.5,5
938.7,1
939.6,21
940.7,4
941.1,6
941.1,17
941.2,24
941.4,30
942.5,33
942.6,36
943.3,37
944.7,39
945.1,7
945.8,20
946.1,34
946.3,12
946.4,13
946.4,19
947.4,11
948.0,26
948.3,32
948.7,3
948.7,10
948.8,27
948.9,31
950.8,1
951.1,2
951.4,35
952.0,23
952.6,22
952.9,29
954.3,18
954.6,17
954.8,8
954.9,28
955.5,38
956.2,4
956.3,24
956.7,9
956.8,7
956.9,6
957.0,15
957.0,36
957.1,39
957.3,33
957.6,5
958.0,11
958.7,21
958.8,30
959.9,13
960.5,19
960.9,32
961.0,10
962.3,26
962.4,16
962.4,35
963.0,0
963.2,17
963.7,1
963.9,20
964.4,37
965.6,34
966.0,12
966.2,23
966.4,39
968.6,6
968.6,11
969.4,18
970.1,28
970.2,4
971.2,7
971.8,3
972.7,29
972.8,17
973.0,22
973.1,10
973.4,33
973.5,13
974.1,2
974.3,24
974.4,35
974.4,38
974.9,15
975.9,39
976.7,19
977.0,30
977.3,4
977.4,32
978.4,8
978.8,36
979.0,1
979.7,28
980.2,27
980.3,11
980.6,37
980.8,6
981.1,9
981.4,26
982.2,16
985.1,30
985.2,12
986.0,17
986.0,38
986.1,5
986.2,23
986.4,10
986.4,34
986.4,39
986.7,33
986.8,22
987.0,7
988.1,15
988.6,3
990.0,4
990.8,19
991.1,32
991.2,13
991.4,11
991.4,27
991.6,20
991.7,0
992.1,6
992.2,1
992.3,21
992.7,24
993.8,29
994.2,34
995.2,25
995.5,18
995.8,26
996.1,35
996.5,17
996.5,38
997.6,28
997.8,39
998.6,36
999.5,5
999.6,10
999.9,7
1001.3,23
1001.3,31
1002.6,13
1002.6,29
1003.0,2
1003.1,30
1003.3,33
1004.1,4
1004.2,11
1005.0,22
1005.3,32
1005.3,37
1005.5,16
1006.5,18
1007.5,1
1007.5,3
1007.5,7
1008.1,17
1008.2,6
1010.3,26
1010.9,15
1010.9,24
1011.1,35
1011.6,19
1012.3,39
1012.5,28
1013.3,10
1013.3,12
1013.3,34
1013.6,5
1015.1,21
1015.4,23
1015.7,27
1015.8,13
1016.6,38
1016.9,11
1017.1,4
1017.2,33
1017.6,8
1017.6,37
1018.2,26
1018.3,20
1018.6,17
1018.6,30
1020.9,39
1021.2,1
1021.6,3
1021.6,32
1021.9,36
1022.2,7
1023.1,18
1023.1,29
1024.5,22
1024.7,24
1024.7,35
1024.9,2
1025.2,6
1025.2,10
1025.2,16
1025.6,28
1025.9,0
1026.2,33
1026.9,19
1027.4,26
1028.3,37
1028.5,17
1028.6,13
1029.0,30
1029.6,27
1031.6,12
1031.8,1
1032.1,39
1033.7,15
1034.0,7
1034.3,4
1034.7,5
1035.0,10
1035.0,32
1035.2,6
1035.5,11
1035.5,23
1035.8,35
1035.9,29
1036.1,18
1036.4,24
1037.4,21
1037.6,17
1037.8,13
1038.2,20
1042.5,33
1042.5,38
1043.0,8
1043.1,0
1043.3,34
1045.0,39
1045.6,1
1046.3,10
1047.0,22
1047.3,30
1048.2,28
1048.4,15
1048.5,17
1048.6,32
1049.1,16
1049.2,26
1049.4,3
1049.5,25
1049.5,29
1049.8,4
1049.8,11
1049.9,35
1050.0,33
1050.4,2
1050.4,7
1050.6,20
1050.7,18
1050.7,36
1050.9,19
1051.2,13
1051.4,37
1053.0,6
1054.0,24
1055.7,39
1056.2,10
1057.1,5
1057.9,27
1058.1,21
1058.3,26
1058.7,7
1059.2,30
1059.3,1
1059.6,17
1060.5,4
1060.5,23
1060.7,33
1060.8,8
1062.4,13
1064.2,12
1064.7,10
1065.8,34
1066.1,28
1066.4,6
1066.4,32
1066.7,29
1066.9,35
1067.0,22
1067.1,19
1067.7,9
1067.8,16
1067.9,18
1068.1,38
1068.2,0
1070.1,17
1070.1,39
1070.3,11
1070.8,15
1071.8,24
1072.0,20
1072.0,30
1072.1,1
1072.2,3
1073.6,37
1073.8,33
1074.1,7
1074.5,36
1076.3,26
1076.4,13
1077.4,11
1078.2,35
1078.4,17
1078.5,2
1078.6,19
1078.8,21
1078.9,32
1079.1,4
1079.2,10
1079.8,8
1079.9,29
1080.0,28
1082.3,27
1082.9,7
1084.1,39
1084.4,18
1084.6,38
1085.4,30
1085.6,13
1086.1,23
1086.3,5
1086.3,22
1086.3,36
1086.5,3
1086.8,6
1086.8,24
1087.5,10
1088.0,15
1088.8,26
1089.7,17
1089.9,4
1090.2,1
1090.5,8
1090.6,33
1092.9,12
1093.0,11
1093.0,19
1093.4,13
1093.4,28
1093.6,37
1093.7,35
1094.0,21
1094.1,29
1094.5,16
1095.6,7
1095.6,20
1095.8,14
1095.9,38
1096.2,34
1097.5,32
1097.7,30
1098.5,27
1099.9,39
1100.2,6
1100.7,17
1100.7,23
1100.7,24
1101.0,2
1101.5,22
1102.0,11
1102.3,10
1103.7,29
1105.2,26
1105.8,5
1106.0,1
1106.0,3
1106.3,13
1106.6,33
1106.6,35
1106.6,36
1106.8,25
1107.1,28
1107.6,7
1107.9,0
1107.9,4
1108.5,18
1108.6,39
1108.7,32
1109.0,15
1109.0,9
1110.2,8
1110.6,12
1112.3,19
1112.3,34
1112.9,10
1112.9,30
1113.2,37
1113.5,13
1113.6,16
1113.8,21
1114.3,17
1114.4,4
1114.4,27
1115.1,11
1115.7,1
1117.1,28
1117.2,6
1117.9,26
1119.3,38
1120.7,20
1120.7,32
1121.2,22
1121.7,18
1122.1,39
1122.4,29
1122.5,0
1123.0,24
1123.4,4
1123.4,15
1123.4,23
1123.4,30
1123.5,13
1123.5,17
1123.6,35
1123.9,33
1124.1,7
1124.4,31
1126.3,6
1127.4,36
1127.8,26
1128.6,28
1129.9,10
1131.1,11
1131.1,13
1132.1,32
1132.4,3
1132.6,4
1133.4,12
1133.7,19
1133.8,29
1134.4,15
1134.6,1
1134.6,35
1134.7,23
1134.9,2
1135.0,39
1135.3,17
1136.0,37
1136.1,18
1137.5,24
1137.7,8
1138.7,9
1138.9,13
1139.1,7
1139.3,38
1139.5,6
1140.1,34
1140.2,28
1140.8,30
1143.7,21
1144.0,1
1144.2,39
1144.6,16
1144.9,5
1144.9,10
1145.1,22
1145.1,26
1145.4,33
1145.7,27
1146.2,19
1147.2,7
1147.2,12
1148.0,3
1148.0,11
1148.3,18
1148.5,4
1149.1,8
1149.1,17
1149.3,32
1149.7,20
1149.8,37
1149.9,29
1150.3,35
1151.4,1
1151.8,13
1152.3,30
1153.2,38
1153.6,23
1154.8,15
1154.9,36
1155.3,28
1155.5,34
1155.6,4
1156.0,7
1156.0,24
1157.4,2
1158.8,10
1158.9,6
1159.4,26
1159.4,33
1159.6,5
1159.8,39
1160.3,0
1160.7,17
1160.9,18
1161.2,35
1161.3,13
1161.9,19
1162.4,32
1162.5,21
1162.5,37
1164.4,30
1164.7,36
1164.8,1
1165.0,11
1165.0,38
1165.1,8
1165.1,27
1165.4,4
1165.7,7
1167.5,39
1168.3,34
1168.8,10
1169.0,22
1169.3,26
1169.9,17
1170.8,16
1171.1,3
1171.1,29
1171.5,15
1172.0,0
1172.0,6
1172.1,32
1172.2,33
1172.3,20
1173.8,13
1175.2,24
1175.2,35
1175.4,12
1175.7,11
1176.1,28
1176.4,9
1176.5,21
1176.8,5
1177.9,1
1178.5,30
1178.7,7
1179.4,4
1179.8,17
1180.6,6
1180.6,19
1180.8,38
1180.9,10
1181.3,13
1181.3,18
1181.5,22
1182.0,23
1182.3,16
1183.1,39
1186.3,37
1187.0,32
1187.5,34
1187.5,36
1187.6,3
1187.6,29
1187.6,33
1188.1,1
1189.4,26
1189.8,18
1189.9,17
1190.1,7
1190.1,35
1190.6,24
1190.6,28
1190.7,27
1191.4,13
1192.3,12
1192.4,4
1192.7,38
1193.2,15
1194.2,30
1194.8,19
1195.3,8
1196.8,6
1197.3,10
1197.7,23
1197.8,17
1197.8,39
1198.8,11
1199.4,1
1199.4,7
1199.7,2
1200.2,36
1201.4,35
1201.6,29
1203.0,18
1203.0,37
1203.1,33
1203.2,3
1203.3,4
1203.6,26
1203.6,32
1204.2,13
1204.4,20
1204.5,0
1204.7,16
1204.8,11
1204.8,24
1205.1,22
1206.4,38
1207.2,30
1208.7,21
1209.0,10
1209.2,5
1210.2,17
1210.2,25
1211.1,27
1211.1,39
1211.6,19
1211.8,6
1212.2,7
1213.0,28
1214.5,33
1214.9,34
1216.0,13
1216.1,35
1216.4,1
1216.4,37
1217.0,11
1218.0,32
1218.1,12
1218.4,36
1220.5,4
1221.2,26
1221.4,9
1221.4,15
1222.4,38
1222.5,39
1223.0,17
1223.5,2
1224.1,1
1224.4,6
1224.5,16
1224.5,22
1224.5,23
1224.8,29
1224.9,35
1225.3,10
1225.3,13
1225.3,24
1225.4,3
1225.6,19
1226.0,20
1226.0,33
1226.3,18
1226.3,21
1226.7,30
1227.8,7
1228.0,8
1228.2,27
1229.1,4
1230.8,28
1231.3,11
1231.5,0
1231.8,37
1232.1,17
1233.0,13
1233.1,10
1233.4,26
1234.4,16
1234.5,5
1234.5,39
1236.0,32
1236.1,36
1236.6,24
1236.6,25
1236.8,38
1237.0,29
1238.1,35
1238.2,34
1238.2,22
1239.6,7
1239.8,6
1239.8,33
1240.1,1
1240.1,17
1240.1,11
1240.2,13
1240.7,30
1240.9,3
1241.9,18
1243.2,8
1243.4,12
1243.8,4
1244.7,10
1246.2,23
1246.8,39
1247.8,20
1248.7,19
1248.7,28
1249.1,27
1249.2,29
1249.3,26
1249.6,11
1249.9,2
1250.1,36
1251.1,21
1251.3,37
1251.8,13
1252.6,22
1252.8,17
1252.8,30
1253.3,15
1253.3,34
1253.8,1
1253.8,38
1254.1,7
1254.7,32
1254.7,35
1255.9,24
1256.2,9
1256.6,18
1257.1,16
1257.3,28
1257.4,4
1257.9,10
1259.4,6
1260.0,39
1260.5,13
1260.6,0
1261.2,23
1261.7,3
1261.8,33
1262.2,5
1263.3,7
1263.8,37
1263.8,26
1264.0,27
1265.7,36
1265.9,28
1266.1,20
1266.3,1
1266.4,18
1266.4,29
1266.7,8
1266.7,12
1267.1,17
1267.1,19
1267.4,30
1267.5,38
1267.9,34
1269.0,24
1269.2,32
1270.4,11
1270.8,13
1270.9,6
1271.9,7
1272.8,4
1273.9,10
1274.2,21
1274.3,15
1274.7,33
1275.3,22
1275.5,39
1275.6,35
1275.7,19
1275.9,25
1276.0,17
1277.7,32
1277.8,2
1277.8,12
1280.5,13
1280.8,0
1281.0,26
1281.1,3
1281.1,23
1281.5,11
1281.5,18
1281.6,28
1281.8,16
1282.1,38
1282.4,6
1282.8,30
1283.7,34
1283.8,1
1285.0,29
1285.8,39
1286.6,27
1286.8,35
1287.7,15
1288.0,20
1288.0,33
1288.2,19
1288.7,37
1288.9,7
1289.0,13
1289.1,18
1289.9,32
1290.2,4
1290.5,36
1290.8,24
1291.0,10
1291.8,9
1292.8,17
1293.0,8
1294.1,1
1294.3,26
1295.3,12
1296.9,3
1297.6,38
1297.9,6
1298.0,22
1298.1,19
1298.1,5
1298.1,16
1298.1,29
1298.1,35
1298.3,21
1298.3,34
1298.4,2
1299.1,11
1299.1,39
1299.2,28
1301.5,30
1302.3,13
1302.4,33
1302.5,24
1302.7,27
1303.5,32
1304.0,25
1305.1,7
1305.2,6
1305.9,17
1306.3,4
1306.5,0
1306.7,1
1307.0,10
1307.2,28
1307.3,37
1307.5,35
1307.8,26
1309.1,13
1309.1,23
1310.0,18
1310.0,20
1311.5,39
1311.6,31
1312.4,38
1312.5,19
1313.7,2
1314.5,11
1316.4,17
1316.4,32
1316.6,34
1317.1,22
1317.6,5
1318.5,33
1318.7,6
1318.7,18
1318.7,10
1318.7,24
1318.9,1
1318.9,13
1318.9,21
1319.5,4
1319.5,35
1319.6,15
1320.2,19
1320.2,30
1321.3,29
1321.6,7
1321.6,12
1321.7,26
1321.7,39
1323.3,27
1323.5,3
1323.7,0
1324.2,11
1324.7,28
1324.8,8
1325.2,16
1325.6,13
1326.6,10
1326.7,23
1330.3,33
1330.8,17
1332.0,38
1332.1,39
1332.3,6
1332.7,22
1332.9,36
1333.1,29
1334.4,19
1334.4,32
1334.6,7
1334.7,16
1335.0,18
1335.8,1
1335.9,26
1336.0,20
1336.2,35
1336.2,37
1336.4,28
1336.6,13
1336.9,4
1337.5,30
1338.4,10
1338.5,15
1339.2,34
1342.5,11
1342.5,23
1342.8,39
1343.4,0
1343.6,24
1343.9,2
1345.2,17
1345.4,12
1346.3,10
1346.5,6
1346.6,13
1346.7,8
1346.9,33
1346.9,5
1347.5,7
1348.4,18
1348.4,29
1348.6,4
1348.7,36
1349.1,21
1349.1,26
1349.5,27
1349.7,1
1350.2,28
1351.3,9
1351.6,22
1351.8,32
1352.2,16
1352.9,25
1352.9,34
1353.0,19
1353.7,30
1353.8,17
1354.7,3
1354.7,38
1354.7,39
1354.9,6
1354.9,35
1355.6,24
1355.7,13
1356.2,10
1356.8,7
1356.8,11
1356.8,15
1357.9,37
1358.1,20
1358.8,33
1361.3,2
1361.7,28
1361.9,30
1362.5,23
1363.9,10
1364.0,29
1364.6,4
1365.1,26
1366.5,17
1366.5,39
1366.7,11
1366.9,18
1367.0,24
1367.5,1
1367.5,27
1368.4,32
1368.5,21
1369.0,3
1369.0,12
1369.0,16
1369.4,22
1369.5,6
1369.5,13
1369.6,10
1369.9,7
1370.5,35
1374.3,38
1375.0,37
1375.1,15
1375.3,4
1375.9,1
1376.0,33
1376.1,5
1376.5,17
1376.9,34
1377.2,19
1378.2,39
1378.4,7
1378.6,13
1378.8,0
1379.2,11
1379.9,30
1380.2,32
1381.5,6
1381.7,10
1381.8,28
1381.9,29
1382.5,35
1382.7,9
1383.2,18
1384.1,26
1384.4,20
1384.4,36
1385.2,24
1385.3,13
1386.3,22
1386.6,17
1387.0,39
1387.5,3
1387.6,1
1387.6,23
1387.9,4
1388.1,33
1389.1,2
1392.1,18
1392.4,38
1392.5,32
1392.6,29
1392.9,21
1393.2,6
1393.2,7
1393.6,8
1393.8,19
1394.3,15
1395.9,13
1396.1,37
1396.7,5
1396.7,23
1397.4,39
1397.6,34
1397.7,0
1397.7,10
1397.7,16
1397.9,30
1398.0,28
1398.4,4
1398.4,11
1398.5,1
1399.4,26
1399.4,35
1400.7,27
1400.7,36
1400.8,17
1401.0,7
1401.5,32
1402.9,33
1404.3,24
1405.3,22
1405.4,3
1406.9,13
1407.1,21
1407.3,19
1407.3,28
1407.4,10
1408.1,12
1408.1,17
1408.1,18
1408.8,1
1408.8,20
1409.3,11
1409.4,9
1409.4,39
1410.7,6
1411.0,29
1411.3,30
1412.1,15
1412.2,2
1413.4,26
1413.8,4
1416.7,7
1416.7,34
1416.9,36
1417.6,18
1417.7,1
1418.0,24
1418.3,33
1419.3,23
1419.6,0
1419.8,22
1419.8,35
1420.2,38
1420.5,3
1420.5,17
1421.1,25
1421.4,37
1421.5,15
1421.8,13
1422.2,32
1422.4,16
1422.6,10
1423.7,4
1423.7,27
1423.9,28
1424.1,19
1425.1,8
1425.2,11
1426.0,6
1426.1,20
1427.1,7
1427.9,30
1428.4,21
1429.2,12
1430.2,26
1430.3,18
1430.9,39
1431.4,5
1431.5,29
1431.5,13
1431.7,2
1432.2,24
1433.1,31
1434.2,32
1434.3,34
1434.6,3
1434.8,17
1435.2,33
1435.3,38
1435.6,10
1436.2,1
1437.0,6
1437.1,35
1437.2,22
1437.3,4
1437.8,27
1438.7,11
1439.9,7
1439.9,16
1440.1,37
1440.2,23
1440.9,39
1441.4,28
1441.7,26
1441.9,30
1442.9,13
1443.9,36
1445.3,0
1446.1,19
1446.4,18
1446.5,7
1446.8,20
1446.8,33
1447.0,15
1447.1,17
1447.1,22
1447.3,38
1448.3,10
1448.5,4
1449.8,6
1450.3,35
1450.4,1
1450.6,8
1451.0,2
1451.2,29
1451.8,21
1452.0,12
1453.0,13
1453.0,32
1453.6,23
1454.2,27
1454.3,26
1454.4,30
1454.9,3
1456.3,28
1456.5,6
1456.5,39
1457.3,11
1458.8,24
1460.2,8
1460.5,37
1460.6,10
1460.7,19
1461.0,18
1461.1,17
1461.2,7
1461.3,13
1462.1,4
1462.7,15
1463.5,38
1463.8,22
1464.4,35
1464.5,1
1466.2,27
1466.3,34
1466.7,16
1466.9,29
1467.4,5
1467.5,33
1468.4,31
1468.7,30
1468.9,6
1468.9,18
1469.8,0
1469.8,32
1469.9,39
1470.5,36
1470.9,2
1471.0,7
1471.1,17
1471.3,21
1471.3,24
1471.4,13
1471.9,25
1472.8,3
1472.9,28
1473.4,10
1473.5,4
1475.0,37
1475.1,26
1476.0,1
1476.2,19
1476.7,11
1477.2,8
1477.3,23
1477.4,38
1478.4,39
1478.9,16
1479.5,15
1479.7,13
1479.7,35
1480.1,31
1480.1,33
1480.2,20
1480.9,12
1481.2,28
1481.6,29
1482.5,5
1483.5,32
1484.8,7
1484.9,27
1486.0,26
1486.4,17
1487.1,18
1487.5,22
1487.8,11
1488.2,9
1488.8,1
1489.0,4
1489.2,35
1489.3,30
1489.6,6
1490.0,3
1490.1,2
1490.1,24
1490.8,34
1491.6,39
1491.7,13
1491.7,23
1492.8,21
1493.0,38
1493.7,19
1493.9,10
1495.9,33
1496.2,17
1496.5,28
1498.1,8
1499.0,37
1499.3,0
1499.3,7
1499.3,15
1499.4,12
1499.4,32
1499.9,29
1500.1,13
1500.1,1
1500.3,3
1500.7,11
1500.8,20
1501.1,4
1501.6,18
1501.8,6
1501.8,16
1502.2,26
1502.6,22
1503.9,39
1505.4,36
1505.6,30
1506.2,35
1507.0,2
1507.0,10
1507.1,23
1507.1,25
1508.0,24
1508.2,27
1508.7,5
1510.0,33
1510.3,28
1510.7,17
1510.8,38
1511.1,39
1511.3,13
1511.5,6
1512.0,4
1512.1,21
1512.3,19
1513.2,7
1514.3,29
1514.6,37
1514.7,34
1515.8,35
1516.7,11
1516.9,1
1517.3,26
1517.7,16
1518.3,8
1518.3,15
1518.5,3
1518.6,30
1518.8,32
1519.6,17
1519.7,20
1519.7,28
1520.5,39
1522.1,0
1522.5,10
1522.5,36
1523.4,22
1524.1,6
1524.2,12
1524.2,23
1524.3,33
1524.9,13
1526.3,7
1526.8,11
1527.1,18
1528.1,17
1528.3,4
1528.5,19
1528.5,24
1528.8,38
1529.2,10
1529.3,1
1530.2,21
1530.2,35
1530.3,27
1530.6,29
1531.9,8
1531.9,32
1532.4,39
1532.4,26
1532.7,20
1534.4,11
1535.3,30
1535.6,28
1536.6,22
1537.3,16
1537.6,6
1537.7,13
1537.9,15
1538.5,34
1538.7,4
1539.6,7
1539.9,19
1540.0,18
1540.4,33
1541.0,23
1541.0,37
1541.3,35
1541.6,10
1542.0,26
1542.4,3
1543.0,17
1543.6,39
1545.9,0
1546.2,30
1546.3,1
1547.2,11
1547.6,7
1547.9,9
1548.0,20
1548.3,32
1548.4,28
1548.8,12
1548.8,24
1549.6,6
1550.1,21
1550.3,18
1550.4,15
1551.1,5
1551.1,27
1551.2,8
1551.8,29
1551.8,34
1552.0,10
1552.3,4
1553.4,17
1553.4,33
1553.7,19
1553.8,3
1553.8,26
1553.8,35
1553.9,13
1554.0,2
1554.0,22
1554.2,32
1554.4,1
1555.0,11
1555.2,36
1555.4,37
1558.3,7
1560.9,12
1561.2,6
1561.3,23
1561.8,10
1561.8,16
1562.5,11
1562.6,38
1562.6,4
1563.5,39
1564.9,34
1565.2,26
1565.8,32
1565.9,30
1566.3,22
1566.4,13
1566.4,27
1566.4,29
1566.7,24
1567.2,8
1567.3,18
1567.6,21
1568.0,28
1568.4,20
1568.5,10
1568.6,17
1569.2,1
1569.9,15
1570.1,35
1570.2,7
1570.7,19
1573.5,11
1573.6,33
1573.9,5
1574.1,3
1574.5,4
1574.7,13
1575.6,6
1575.9,39
1576.1,0
1576.9,36
1578.1,10
1578.1,18
1579.3,37
1579.6,2
1580.0,20
1580.0,38
1580.6,26
1580.7,35
1580.8,21
1581.3,7
1581.7,30
1582.4,1
1582.6,17
1582.7,24
1584.1,28
1584.1,39
1585.3,33
1585.4,32
1586.3,23
1586.9,4
1587.1,11
1588.1,13
1588.2,22
1588.3,27
1588.8,15
1589.5,16
1590.1,8
1590.2,10
1590.3,19
1591.1,35
1592.0,12
1592.2,18
1592.3,17
1592.8,29
1592.9,5
1593.8,6
1594.3,2
1594.3,7
1595.2,39
1595.3,1
1596.1,9
1596.3,37
1596.4,3
1597.3,24
1597.6,13
1597.6,26
1597.8,28
1597.8,30
1598.3,21
1598.4,23
1599.5,38
1599.6,34
1599.8,11
1599.8,22
1600.4,32
1600.9,33
1601.6,4
1601.8,31
1602.4,10
1603.0,14
1603.0,27
1603.0,35
1604.5,17
1605.7,20
1605.9,0
1606.3,13
1606.5,6
1606.7,39
1606.8,19
1606.8,7
1607.0,15
1607.5,29
1607.7,12
1607.7,18
1608.2,36
1608.7,32
1608.8,11
1608.8,37
1609.0,16
1609.4,1
1609.5,8
1610.2,4
1610.8,24
1611.2,26
1611.3,28
1612.2,30
1612.5,3
1613.1,38
1613.5,10
1614.5,23
1615.5,2
1616.1,17
1616.1,33
1616.3,25
1616.6,21
1618.4,35
1618.5,27
1620.1,29
1620.2,7
1621.0,15
1621.6,11
1621.8,22
1622.1,6
1622.4,13
1622.8,19
1623.1,24
1623.3,1
1623.8,30
1624.0,32
1624.1,36
1624.1,39
1624.2,3
1624.5,5
1624.7,4
1624.7,17
1625.1,34
1625.5,28
1626.0,37
1627.6,26
1628.1,33
1628.2,20
1628.6,10
1629.5,21
1630.3,38
1630.6,22
1630.9,18
1631.1,4
1632.3,2
1632.3,8
1632.3,35
1632.9,0
1632.9,30
1633.2,16
1633.2,7
1633.6,11
1633.7,13
1633.8,39
1634.9,1
1636.3,12
1638.0,36
1638.1,6
1638.9,19
1639.3,33
1639.5,23
1639.7,15
1640.1,17
1640.4,28
1640.9,24
1641.3,27
1642.4,26
1642.4,32
1642.7,10
1643.3,22
1643.7,4
1643.7,13
1643.7,29
1644.2,11
1644.6,7
1644.6,35
1646.5,9
1646.6,5
1647.5,30
1647.5,38
1647.5,39
1647.6,3
1647.6,18
1647.9,20
1649.1,17
1650.1,6
1650.4,1
1651.1,21
1651.8,27
1651.8,32
1651.9,33
1652.2,2
1652.4,28
1652.7,23
1653.2,12
1653.4,37
1653.9,11
1654.3,34
1655.3,26
1656.2,4
1656.6,22
1656.8,19
1656.9,13
1657.8,10
1658.0,29
1658.2,7
1658.2,8
1658.2,35
1660.0,36
1660.1,24
1661.4,39
1663.2,1
1663.4,17
1663.9,18
1664.3,33
1664.7,21
1664.9,30
1665.1,15
1665.1,38
1666.2,3
1666.2,32
1666.3,25
1666.6,16
1666.8,13
1667.5,20
1667.5,35
1667.8,4
1668.3,11
1669.2,34
1670.8,17
1672.0,6
1672.2,2
1672.2,10
1672.2,23
1672.2,28
1672.5,39
1672.6,0
1672.6,26
1673.0,29
1673.5,7
1675.1,37
1676.7,27
1677.4,30
1677.5,5
1678.4,33
1679.0,17
1679.1,1
1679.2,21
1679.4,14
1679.5,13
1679.5,18
1679.5,22
1679.7,32
1679.8,11
1680.7,35
1682.4,4
1682.6,28
1682.8,6
1682.9,26
1683.5,36
1683.7,7
1683.8,34
1684.6,15
1685.0,20
1685.3,5
1685.4,8
1685.7,38
1686.4,3
1686.6,10
1686.6,19
1687.8,24
1688.7,16
1689.1,39
1689.3,4
1690.1,12
1690.1,37
1690.2,32
1690.6,29
1691.1,33
1691.2,18
1691.6,7
1691.9,1
1693.2,13
1693.5,27
1693.6,23
1694.1,26
1697.0,22
1697.3,11
1697.3,31
1697.4,17
1697.5,6
1697.6,35
1698.7,36
1699.8,30
1700.0,39
1700.2,4
1700.2,9
1700.7,20
1701.9,10
1702.7,21
1702.7,28
1703.1,8
1703.2,32
1703.5,13
1703.7,0
1703.9,38
1704.3,29
1704.4,7
1704.4,34
1704.8,25
1705.0,3
1705.3,5
1705.3,18
1706.0,37
1706.1,1
1706.9,2
1707.0,19
1707.6,26
1707.8,33
1708.4,35
1710.3,17
1710.3,24
1710.4,16
1711.1,23
1712.1,6
1712.2,11
1712.3,7
1714.7,4
1715.1,13
1715.9,0
1715.9,10
1716.0,26
1716.0,39
1716.2,15
1716.5,1
1716.7,36
1716.9,28
1717.6,30
1717.8,18
1718.2,29
1718.2,34
1718.8,17
1718.9,12
1718.9,19
1720.2,3
1720.3,27
1720.4,22
1722.2,32
1723.3,35
1723.7,13
1724.1,33
1724.5,10
1724.7,21
1724.8,20
1724.9,8
1725.0,16
1725.3,6
1725.8,11
1725.8,37
1725.9,2
1725.9,31
1725.9,17
1726.3,23
1726.7,39
1727.2,38
1727.9,24
1728.2,7
1728.8,29
1729.1,26
1729.6,4
1729.9,19
1730.7,18
1733.0,1
1733.7,35
1733.8,11
1734.6,28
1734.7,9
1734.8,3
1734.8,17
1735.0,13
1735.1,34
1735.5,30
1736.1,15
1737.0,6
1739.0,8
1739.2,33
1739.3,7
1739.6,32
1740.0,16
1740.2,22
1740.6,10
1740.7,27
1740.8,38
1741.1,0
1742.7,13
1743.4,12
1744.2,25
1744.2,39
1744.4,21
1744.6,29
1744.7,26
1744.8,20
1745.1,4
1745.1,5
1745.7,11
1745.9,24
1746.2,19
1746.5,2
1746.5,32
1746.7,36
1747.0,30
1747.1,37
1747.3,18
1747.4,17
1748.1,6
1749.2,1
1749.8,35
1749.9,28
1750.6,34
1751.7,7
1751.8,23
1752.9,33
1754.6,13
1755.9,38
1756.2,15
1756.2,17
1756.4,39
1756.9,27
1757.5,8
1758.8,19
1758.8,30
1759.6,10
1760.6,32
1761.2,11
1761.3,4
1761.5,36
1761.8,22
1762.9,29
1763.1,26
1763.2,35
1763.5,0
1763.7,21
1764.2,18
1764.3,7
1764.6,16
1765.5,1
1765.6,13
1765.8,28
1766.2,2
1766.2,3
1766.9,17
1767.0,6
1767.0,33
1767.7,12
1769.3,37
1769.7,24
1770.0,23
1770.6,39
1772.3,34
1772.4,10
1772.5,11
1772.7,9
1773.1,19
1773.1,38
1773.2,32
1773.8,1
1774.2,0
1774.2,26
1774.3,30
1775.3,7
1775.3,13
1777.1,28
1777.2,17
1777.5,22
1777.5,29
1777.6,35
1777.8,21
1778.0,6
1779.3,4
1780.8,18
1781.3,33
1782.1,39
1783.1,3
1784.0,1
1784.5,10
1784.8,27
1785.3,31
1785.4,37
1785.6,23
1785.6,36
1786.0,5
1786.1,20
1786.3,2
1786.8,11
1786.9,24
1786.9,32
1787.5,26
1787.8,7
1788.0,8
1788.2,30
1788.7,13
1792.3,19
1792.4,35
1792.6,17
1793.3,39
1793.4,28
1793.8,18
1793.8,29
1794.6,12
1794.7,4
1795.0,22
1795.3,33
1797.5,1
1797.7,34
1798.2,30
1798.7,15
1799.4,38
1799.5,16
1799.7,13
1801.2,17
1801.3,7
1801.4,6
1801.4,24
1801.9,21
1802.1,11
1802.1,10
1802.1,27
1803.3,37
1803.9,39
1804.6,36
1804.8,4
1806.4,29
1807.0,20
1807.1,1
1807.2,33
1807.4,32
1808.0,2
1808.4,18
1808.4,35
1808.8,5
1810.1,7
1810.1,19
1810.1,30
1810.3,15
1810.7,28
1811.2,26
1811.3,3
1811.3,17
1811.4,6
1811.4,39
1812.2,13
1814.0,10
1815.1,23
1815.2,24
1817.5,11
1817.6,32
1818.0,4
1818.2,0
1818.7,37
1818.8,8
1818.8,38
1819.5,1
1819.7,22
1819.8,34
1819.9,13
1820.6,33
1820.7,16
1821.4,2
1821.4,35
1822.1,18
1822.2,21
1823.3,19
1823.8,27
1823.9,12
1824.1,7
1824.6,26
1824.7,39
1826.1,28
1826.2,17
1826.3,30
1826.7,29
1827.6,3
1827.6,24
1827.6,36
1827.9,6
1828.4,8
1829.7,10
1830.6,23
1831.5,4
1832.5,1
1832.8,32
1833.5,15
1833.6,37
1834.2,31
1834.5,11
1834.5,13
1834.7,33
1834.8,7
1834.9,18
1835.0,35
1835.5,17
1835.8,0
1835.8,38
1836.3,19
1837.0,20
1838.4,26
1839.1,24
1839.5,28
1839.5,39
1840.1,16
1840.4,2
1840.4,29
1840.6,3
1841.5,6
1841.7,10
1841.7,36
1842.5,4
1842.7,14
1842.8,11
1843.3,9
1843.3,12
1844.1,30
1844.6,17
1844.7,1
1844.8,35
1845.1,22
1845.6,25
1846.0,37
1846.5,32
1847.4,5
1847.4,13
1847.8,7
1848.4,19
1848.7,39
1849.2,23
1850.5,33
1851.3,18
1851.7,34
1851.8,26
1852.1,27
1853.5,4
1853.9,3
1853.9,24
1854.2,15
1854.2,17
1854.5,6
1854.5,20
1854.5,21
1854.5,29
1854.6,2
1855.4,11
1856.8,35
1857.5,10
1857.6,13
1858.4,26
1858.4,30
1859.3,7
1859.6,38
1859.7,0
1859.9,1
1862.1,17
1862.4,39
1862.8,28
1863.5,32
1863.5,36
1865.2,19
1865.4,24
1865.4,33
1865.7,6
1866.0,11
1866.1,8
1866.4,10
1866.4,23
1867.0,29
1867.1,16
1867.2,18
1867.6,22
1868.3,37
1870.2,13
1871.0,4
1871.7,21
1872.9,3
1873.3,35
1873.4,38
1873.6,7
1873.6,30
1874.6,10
1874.9,39
1875.0,1
1875.1,17
1875.9,28
1876.0,32
1876.2,2
1876.2,33
1876.4,26
1876.7,18
1877.7,11
1878.3,27
1879.3,19
1879.4,20
1879.8,34
1880.2,15
1880.6,8
1881.0,12
1881.5,3
1882.3,13
1885.0,1
1885.4,4
1885.4,6
1885.7,30
1886.3,0
1886.3,7
1886.5,18
1886.8,22
1886.8,26
1886.9,31
1887.0,11
1887.7,23
1888.5,33
1889.0,29
1889.2,39
1889.3,24
1889.3,32
1889.6,21
1889.7,36
1890.5,17
1891.0,28
1891.1,10
1891.2,13
1891.4,35
1892.5,1
1893.3,5
1894.9,38
1895.1,26
1895.5,7
1896.6,4
1896.6,16
1897.3,11
1897.7,8
1897.7,34
1897.8,18
1897.8,37
1898.0,19
1899.2,27
1899.8,23
1901.2,15
1901.2,22
1901.7,13
1902.8,28
1902.8,39
1902.9,30
1903.0,3
1903.1,10
1903.1,32
1903.4,6
1903.5,33
1904.4,2
1904.6,35
1904.9,36
1905.6,31
1905.7,17
1905.7,21
1906.7,24
1907.1,20
1907.3,7
1907.3,34
1907.8,1
1909.6,0
1910.1,39
1910.3,29
1912.7,12
1912.8,4
1913.2,13
1913.3,11
1913.4,10
1914.2,8
1914.6,5
1914.9,18
1914.9,26
1915.4,6
1917.8,15
1919.0,29
1919.3,16
1919.3,22
1919.3,30
1919.4,23
1919.8,19
1920.0,27
1920.1,7
1920.2,33
1920.4,11
1920.9,3
1921.2,38
1921.4,17
1921.5,13
1922.3,35
1922.7,37
1922.9,8
1922.9,24
1923.3,34
1923.5,28
1923.6,1
1923.9,39
1924.0,18
1924.4,4
1924.5,20
1924.7,7
1924.9,32
1925.0,26
1925.6,10
1926.3,6
1927.9,36
1930.0,21
1930.3,13
1932.0,17
1932.3,30
1932.7,11
1933.0,33
1933.5,35
1934.6,3
1935.0,4
1935.7,15
1937.0,22
1937.2,19
1937.3,2
1937.4,8
1937.7,10
1937.8,7
1938.1,6
1938.3,29
1938.3,39
1938.5,16
1938.7,12
1938.8,1
1938.8,23
1938.8,26
1939.0,38
1940.0,24
1941.2,27
1941.4,34
1941.7,37
1942.1,28
1944.2,13
1945.4,17
1945.8,4
1946.9,0
1947.7,32
1947.8,33
1948.2,21
1948.3,7
1948.4,9
1948.5,22
1948.6,10
1948.6,29
1948.8,20
1949.5,11
1949.9,35
1950.0,39
1950.1,1
1950.4,18
1951.7,30
1952.3,3
1953.4,17
1954.4,6
1954.5,16
1955.1,19
1955.7,2
1956.0,34
1956.2,15
1956.5,4
1956.6,24
1957.0,37
1957.5,8
1958.0,13
1958.2,12
1958.4,1
1958.4,28
1958.4,38
1958.8,36
1959.7,26
1960.1,7
1962.4,11
1963.7,35
1964.6,27
1964.8,32
1964.8,33
1965.5,23
1965.8,30
1966.4,22
1966.6,39
1966.8,10
1967.1,18
1967.2,21
1967.3,17
1968.1,3
1969.8,28
1970.1,4
1970.3,0
1970.4,20
1970.7,13
1971.5,7
1972.7,5
1972.9,2
1973.1,29
1973.9,11
1974.1,1
1974.2,35
1974.5,26
1974.6,25
1974.8,6
1975.4,39
1976.0,15
1976.2,32
1977.9,19
1977.9,22
1978.3,18
1978.7,30
1978.8,37
1979.0,24
1979.4,31
1979.7,28
1979.9,4
1980.1,12
1980.4,10
1980.4,27
1980.4,34
1980.8,17
1981.6,13
1982.2,38
1982.4,33
1983.7,29
1984.3,20
1984.6,0
1985.7,36
1985.8,23
1986.0,21
1986.4,16
1986.7,11
1986.9,32
1987.2,6
1988.3,35
1988.4,15
1988.8,28
1989.4,7
1989.5,3
1990.1,1
1990.7,26
1991.9,4
1992.2,30
1992.3,8
1992.3,39
1993.2,17
1993.6,18
1993.8,10
1994.2,27
1994.4,13
1994.6,33
1994.8,36
1995.3,24
1995.9,19
1996.3,5
1996.9,37
1997.0,22
1998.9,9
1999.3,35
1999.3,38
1999.7,12
1999.8,15
2000.0,23
2000.1,11
2000.7,34
2001.1,6
2001.4,7
2001.8,39
2002.2,21
2003.1,13
2003.2,29
2003.7,17
2003.8,1
2003.8,4
2004.2,26
2004.5,28
2004.5,32
2004.7,30
2007.0,33
2007.5,16
2007.9,2
2008.1,10
2008.4,27
2009.3,11
2009.9,18
2010.1,7
2011.2,0
2011.3,19
2011.9,24
2012.1,23
2012.3,20
2012.4,17
2013.1,8
2013.5,13
2014.6,3
2016.5,6
2016.9,26
2017.1,4
2018.0,10
2018.2,22
2018.3,38
2018.4,35
2018.6,21
2018.6,32
2019.0,36
2019.6,39
2019.9,30
2020.3,29
2020.6,33
2021.5,1
2021.9,12
2021.9,37
2022.0,13
2022.2,11
2022.6,5
2022.9,24
2023.0,15
2023.2,31
2023.5,18
2023.6,7
2023.9,16
2024.3,17
2024.9,20
2025.1,28
2025.5,19
2025.8,39
2028.1,4
2028.2,35
2030.0,27
2030.6,10
2031.0,23
2031.1,7
2031.2,8
2031.6,32
2031.7,34
2031.8,6
2032.3,13
2032.3,15
2032.7,30
2033.1,29
2033.8,2
2034.0,33
2034.5,26
2034.6,11
2035.2,1
2036.0,17
2039.6,22
2039.8,3
2040.2,0
2040.7,16
2040.8,28
2040.9,19
2041.0,39
2041.1,10
2041.5,24
2041.5,37
2041.8,35
2042.2,25
2042.3,4
2042.3,13
2042.3,18
2042.7,32
2042.8,21
2043.5,23
2044.0,7
2044.1,5
2044.1,36
2044.2,6
2045.3,9
2045.7,29
2045.9,27
2045.9,33
2046.5,38
2048.0,26
2048.1,17
2051.8,35
2052.1,39
2052.5,12
2052.8,30
2053.0,8
2053.3,15
2053.8,20
2054.0,11
2054.3,28
2054.5,1
2054.6,10
2054.7,7
2054.8,4
2054.8,13
2054.9,6
2055.2,17
2055.2,3
2055.8,2
2055.8,38
2056.2,26
2056.2,32
2056.9,29
2057.8,34
2059.1,19
2059.3,22
2059.8,33
2059.9,16
2060.0,35
2060.6,18
2062.1,24
2062.4,0
2063.4,39
2063.9,23
2064.3,21
2064.5,7
2065.8,37
2066.1,27
2066.8,26
2067.2,11
2067.2,17
2067.8,4
2068.7,6
2068.7,28
2068.7,29
2068.8,36
2069.3,13
2069.4,2
2069.5,15
2070.4,10
2070.4,1
2070.8,38
2070.9,30
2072.3,0
2073.2,32
2073.2,35
2073.3,33
2074.2,7
2074.9,19
2076.4,39
2076.7,3
2076.7,34
2077.3,11
2077.5,18
2078.4,8
2078.4,10
2079.0,13
2079.2,4
2079.8,17
2079.8,22
2080.1,26
2080.2,12
2080.8,28
2081.6,21
2081.7,5
2081.7,7
2083.6,29
2084.3,20
2084.6,24
2085.5,33
2085.5,23
2086.2,6
2086.8,1
2087.1,19
2087.2,27
2087.5,17
2088.0,39
2088.3,37
2088.4,9
2089.2,32
2089.3,15
2091.1,13
2091.1,35
2091.8,28
2092.3,18
2092.7,4
2092.7,11
2093.1,10
2093.1,38
2093.5,7
2093.9,30
2094.8,16
2096.8,36
2096.9,24
2097.0,0
2097.0,2
2097.0,8
2097.1,22
2097.1,26
2098.2,13
2098.2,33
2098.3,27
2098.5,15
2098.8,21
2098.9,6
2099.6,39
2101.2,17
2101.5,20
2102.3,34
2102.9,18
2103.4,12
2103.5,4
2103.5,30
2103.8,5
2104.2,19
2104.5,35
2105.5,32
2106.0,1
2106.0,23
2106.0,37
2106.1,3
2106.3,29
2107.0,11
2107.3,7
2107.5,10
2107.6,6
2108.3,33
2109.3,9
2109.5,13
2110.1,39
2111.6,17
2111.9,28
2113.6,21
2113.9,26
2116.3,4
2116.3,23
2116.6,11
2116.6,38
2116.9,1
2117.0,7
2117.2,39
2117.3,29
2117.5,17
2117.7,24
2117.7,0
2118.6,32
2118.7,2
2118.8,36
2119.1,10
2119.1,13
2119.1,35
2119.2,6
2120.4,33
2122.6,3
2122.9,16
2123.2,5
2123.4,15
2123.8,18
2124.3,30
2124.4,27
2124.8,22
2125.5,37
2125.6,11
2125.9,26
2126.4,8
2126.7,19
2126.8,24
2128.9,4
2128.9,39
2129.3,10
2129.3,17
2130.1,6
2130.9,28
2131.4,7
2131.8,29
2131.9,35
2132.5,32
2132.9,13
2133.1,34
2133.5,33
2133.9,1
2135.3,12
2135.8,11
2136.4,36
2136.5,20
2136.5,38
2137.0,31
2137.5,4
2138.5,17
2138.7,26
2138.9,19
2139.5,16
2139.6,23
2139.8,18
2140.1,3
2140.8,6
2141.9,30
2142.1,24
2142.8,28
2144.3,7
2144.3,21
2144.3,22
2144.4,5
2144.5,2
2144.5,10
2144.7,13
2144.8,8
2144.9,15
2144.9,39
2145.5,1
2145.9,35
2147.3,32
2148.9,29
2151.1,34
2151.2,4
2152.3,17
2152.4,6
2152.4,33
2153.1,9
2153.6,27
2153.8,20
2153.9,37
2154.0,18
2154.1,12
2154.4,39
2154.5,0
2154.8,26
2154.9,2
2155.6,11
2155.8,28
2156.4,16
2156.6,30
2156.7,7
2157.9,38
2158.6,36
2158.7,13
2159.5,4
2159.9,19
2159.9,35
2161.1,10
2161.1,24
2161.2,33
2161.9,23
2163.3,17
2164.3,5
2165.1,1
2165.1,22
2165.7,27
2165.9,11
2166.1,6
2166.1,29
2166.1,32
2166.5,3
2166.9,13
2167.4,26
2167.4,28
2169.3,34
2169.5,30
2169.7,18
2170.1,39
2170.4,20
2171.0,21
2171.7,17
2171.8,31
2172.0,7
2172.0,15
2172.1,0
2172.2,4
2172.5,19
2174.1,35
2175.1,12
2177.3,8
2177.6,2
2177.9,23
2177.9,33
2178.4,6
2178.4,10
2179.1,13
2179.2,1
2179.2,39
2179.8,11
2179.9,32
2180.9,16
2181.1,36
2181.4,37
2181.6,22
2181.6,24
2181.9,7
2182.1,29
2182.6,34
2182.7,26
2182.9,27
2184.6,38
2184.9,17
2185.0,28
2185.5,19
2185.7,18
2186.5,0
2186.8,30
2187.3,11
2187.3,35
2187.5,3
2187.8,8
2187.8,21
2188.2,12
2188.3,4
2190.2,13
2190.9,39
2191.0,1
2191.1,5
2191.1,15
2191.4,32
2192.8,33
2193.5,10
2193.6,7
2193.6,17
2194.7,9
2194.8,23
2196.2,27
2196.2,28
2196.3,24
2196.5,6
2196.5,35
2197.0,29
2197.2,37
2197.3,25
2197.4,18
2198.1,38
2199.0,4
2199.1,11
2199.2,32
2200.0,39
2200.2,26
2200.7,30
2200.9,34
2201.5,22
2201.9,13
2203.3,16
2203.5,33
2203.9,19
2204.0,1
2204.8,17
2205.6,8
2205.6,24
2205.8,7
2205.9,32
2206.1,11
2206.4,21
2206.5,35
2208.2,2
2209.1,15
2210.7,10
2210.7,12
2211.3,6
2211.9,31
2212.1,4
2212.5,28
2212.7,13
2212.8,23
2213.2,26
2213.2,39
2213.6,20
2213.6,37
2213.7,35
2213.7,36
2213.9,7
2214.2,29
2214.9,18
2216.8,34
2217.1,27
2217.8,11
2217.9,0
2218.0,21
2218.3,1
2218.5,5
2219.2,10
2219.8,9
2220.4,22
2220.9,19
2221.0,6
2221.1,38
2221.3,32
2221.7,3
2221.8,24
2222.3,17
2222.5,33
2223.4,15
2223.7,26
2224.8,29
2225.0,30
2225.1,7
2225.4,13
2225.9,12
2226.2,35
2226.3,4
2226.4,2
2226.5,8
2227.3,37
2229.3,27
2229.5,33
2229.8,23
2230.1,28
2230.2,21
2230.3,16
2230.3,39
2230.8,18
2231.3,19
2232.2,17
2232.5,1
2232.6,20
2233.1,34
2233.3,7
2234.0,11
2235.3,36
2235.5,22
2235.7,2
2235.9,32
2236.4,10
2236.6,26
2237.2,13
2237.2,38
2237.3,3
2239.4,29
2239.9,23
2240.0,5
2240.2,4
2241.1,24
2241.2,30
2242.0,35
2242.5,39
2242.9,17
2243.2,6
2243.5,0
2244.0,11
2245.9,20
2246.2,18
2247.4,32
2247.4,38
2247.8,37
2248.5,7
2248.6,8
2249.1,13
2249.6,4
2249.8,15
2249.9,27
2250.1,19
2251.2,1
2251.4,10
2251.5,28
2251.8,26
2252.0,30
2252.2,33
2252.4,6
2254.4,17
2254.6,23
2254.9,39
2255.9,11
2257.0,16
2257.2,12
2257.5,4
2258.3,29
2258.8,5
2259.1,22
2259.2,18
2259.2,35
2259.4,13
2259.4,15
2259.5,28
2259.6,2
2259.6,7
2259.7,32
2259.7,33
2259.9,0
2260.1,34
2260.4,26
2260.5,38
2260.8,10
2260.8,3
2261.0,21
2261.3,37
2261.6,24
2263.7,6
2263.7,11
2264.4,1
2265.4,27
2265.8,19
2266.2,8
2266.2,17
2266.7,30
2269.0,23
2269.3,36
2270.4,39
2271.3,10
2271.9,20
2272.3,29
2272.8,13
2273.2,7
2273.2,18
2273.7,33
2273.9,25
2274.0,32
2274.3,30
2274.4,4
2274.4,35
2275.0,28
2275.1,17
2275.5,12
2275.5,22
2275.8,3
2277.5,11
2277.9,1
2278.3,26
2278.8,23
2280.4,39
2280.6,15
2281.3,13
2281.7,10
2282.1,2
2282.7,8
2283.5,21
2283.8,0
2284.4,6
2284.5,36
2284.6,19
2284.6,24
2284.7,38
2285.1,17
2285.4,34
2285.7,30
2285.9,5
2286.3,12
2286.4,7
2286.4,28
2286.7,35
2286.9,37
2287.1,16
2287.6,13
2287.7,33
2288.0,4
2288.0,29
2288.3,22
2289.2,18
2289.5,32
2290.9,27
2291.1,31
2291.9,39
2292.8,3
2293.3,11
2294.2,10
2295.7,1
2296.2,13
2296.6,17
2297.4,7
2297.6,26
2298.2,9
2298.9,30
2299.4,19
2299.6,2
2299.9,21
2300.0,23
2300.1,6
2300.3,29
2300.6,15
2300.8,33
2300.9,4
2300.9,36
2301.7,8
2301.7,35
2302.9,39
2303.4,10
2304.4,38
2304.6,20
2306.4,18
2306.7,27
2307.6,0
2307.6,11
2307.6,16
2307.6,26
2307.7,28
2308.4,12
2308.8,13
2309.0,7
2309.2,32
2309.6,6
2309.7,22
2309.7,23
2310.0,30
2310.3,3
2310.3,24
2310.4,17
2310.5,37
2310.8,39
2311.3,35
2311.9,19
2312.0,4
2312.5,33
2312.8,29
2313.4,18
2316.2,10
2317.2,21
2318.4,11
2318.9,1
2318.9,13
2319.8,8
2320.0,32
2320.2,26
2320.2,33
2320.4,34
2320.4,36
2320.4,15
2320.4,38
2320.8,9
2321.0,7
2322.2,4
2323.3,35
2324.4,30
2324.6,39
2325.5,22
2326.9,23
2327.3,31
2327.4,37
2327.7,10
2327.9,6
2328.5,17
2328.8,11
2328.8,29
2329.1,18
2329.4,27
2329.7,20
2330.2,2
2330.7,16
2331.8,34
2331.9,24
2332.0,36
2332.9,28
2333.1,19
2333.2,15
2333.5,1
2333.5,13
2333.5,33
2333.8,38
2334.4,32
2334.7,4
2335.1,12
2335.2,7
2335.5,21
2337.6,0
2338.2,3
2338.3,5
2338.3,17
2338.5,26
2339.3,6
2339.6,39
2341.5,30
2341.6,9
2341.6,10
2341.9,8
2342.1,35
2342.6,11
2342.6,33
2343.1,4
2343.8,1
2343.9,37
2344.0,23
2344.8,29
2345.4,7
2345.4,32
2346.0,13
2346.9,17
2347.6,24
2347.6,28
2347.7,2
2348.1,27
2348.7,11
2351.2,22
2351.4,15
2352.0,26
2352.8,19
2352.9,36
2353.4,35
2353.5,6
2353.5,18
2353.5,20
2353.6,12
2354.0,39
2355.7,10
2356.1,3
2356.3,13
2356.4,16
2356.5,7
2356.6,4
2356.6,29
2356.7,1
2356.7,21
2357.5,17
2357.5,37
2357.6,38
2357.8,5
2357.8,33
2358.0,30
2358.4,23
2358.8,34
2360.6,0
2361.6,18
2362.2,6
2363.0,24
2363.1,26
2363.1,32
2363.3,11
2363.3,25
2363.5,8
2364.1,19
2364.8,22
2367.4,28
2367.5,10
2367.7,2
2367.7,13
2368.1,15
2368.1,39
2368.6,35
2370.2,30
2370.4,37
2370.7,31
2371.2,4
2371.3,7
2371.6,17
2373.1,6
2373.1,33
2373.6,32
2373.8,27
2375.0,38
2375.1,29
2375.6,26
2375.9,34
2376.3,0
2376.7,1
2376.7,24
2376.8,13
2376.8,19
2377.0,5
2377.0,35
2377.4,11
2377.4,18
2377.7,10
2377.9,16
2378.2,20
2378.2,22
2378.3,7
2378.3,9
2379.5,39
2382.6,33
2382.9,4
2384.0,21
2384.6,6
2384.8,23
2384.9,17
2385.1,3
2385.7,30
2385.8,8
2386.0,28
2386.1,15
2386.8,2
2386.9,13
2387.9,37
2388.0,11
2389.5,29
2390.6,7
2390.6,32
2391.3,10
2391.8,22
2391.9,12
2392.1,26
2393.1,20
2393.1,36
2393.6,19
2394.0,4
2394.4,17
2395.0,24
2395.0,27
2396.7,1
2396.8,39
2397.1,30
2398.0,33
2398.2,18
2398.7,16
2398.9,38
2399.3,15
2399.4,11
2399.5,8
2400.2,6
2400.5,3
2400.8,2
2400.8,13
2401.5,35
2402.7,17
2403.0,31
2403.0,32
2403.3,21
2403.4,37
2403.8,23
2404.0,7
2405.8,1
2407.3,39
2407.5,28
2408.1,20
2408.2,29
2409.1,34
2409.6,5
2409.6,27
2409.7,10
2409.9,4
2409.9,11
2410.2,2
2410.8,18
2411.1,13
2411.1,19
2412.4,0
2412.5,35
2412.6,33
2412.7,12
2413.3,26
2413.4,31
2414.7,30
2415.3,22
2415.5,7
2415.5,8
2415.5,38
2416.0,24
2416.1,6
2416.3,17
2417.0,21
2417.1,3
2417.3,32
2417.8,9
2418.9,37
2420.1,25
2420.1,16
2420.4,1
2420.4,35
2420.8,39
2421.0,4
2421.2,33
2421.6,15
2422.3,28
2422.5,10
2423.8,11
2423.8,36
2424.8,18
2425.3,17
2425.6,23
2426.0,13
2426.1,22
2428.3,10
2428.9,6
2429.8,30
2430.8,32
2430.9,37
2431.1,8
2431.3,35
2431.4,21
2431.5,0
2431.7,7
2431.7,26
2431.9,29
2432.2,4
2433.0,27
2433.2,19
2433.2,33
2433.4,39
2434.1,17
2434.3,34
2434.8,12
2435.6,20
2435.8,13
2436.7,6
2436.8,24
2438.5,18
2438.6,2
2438.7,1
2438.8,11
2438.8,28
2439.2,10
2439.8,9
2439.9,23
2439.9,32
2440.1,35
2440.7,38
2440.8,16
2440.9,3
2441.0,15
2441.4,30
2442.9,5
2443.2,17
2443.6,4
2444.7,19
2444.7,36
2445.8,22
2445.8,29
2445.8,33
2446.0,26
2446.5,13
2446.7,7
2448.3,39
2450.2,18
2450.7,37
2451.0,35
2451.1,24
2452.1,6
2452.1,17
2452.3,11
2452.3,34
2452.4,27
2453.0,1
2453.6,3
2454.0,21
2454.7,28
2455.1,15
2455.1,16
2455.2,20
2455.9,25
2456.1,8
2456.4,4
2456.5,13
2457.1,10
2457.2,2
2457.3,39
2457.5,0
2458.5,33
2458.9,12
2459.1,30
2459.2,7
2460.7,1
2460.9,32
2461.7,17
2462.0,5
2462.2,38
2462.4,23
2462.6,26
2463.5,11
2464.3,22
2465.7,24
2465.7,35
2466.4,36
2466.7,31
2467.2,4
2467.7,13
2468.1,7
2468.3,21
2468.5,29
2469.4,3
2469.8,37
2470.3,19
2471.7,6
2472.0,10
2472.6,1
2473.5,18
2474.0,22
2474.0,28
2474.4,39
2474.6,34
2474.9,17
2475.6,23
2476.5,11
2476.7,9
2476.8,33
2476.9,38
2477.4,19
2477.7,2
2477.7,32
2477.9,26
2478.1,13
2478.1,30
2479.0,8
2479.3,4
2481.0,24
2481.5,7
2481.5,21
2482.0,12
2482.5,15
2482.6,27
2482.9,17
2482.9,35
2483.2,1
2483.8,20
2484.5,29
2484.8,0
2485.3,6
2485.4,13
2485.8,10
2486.1,36
2486.4,16
2486.6,28
2486.6,5
2486.6,39
2486.9,18
2486.9,26
2487.2,37
2487.4,11
2487.7,32
2488.4,33
2488.4,38
2489.0,4
2490.8,1
2491.1,22
2492.4,34
2493.2,23
2493.3,13
2495.0,7
2495.9,30
2496.0,35
2496.3,19
2497.1,27
2497.2,3
2497.2,36
2497.8,39
2498.2,26
2498.4,28
2498.6,6
2499.1,17
2499.7,10
2499.8,4
2500.3,8
2501.1,11
2501.7,2
2501.8,0
2501.8,12
2502.6,32
2502.8,31
2503.2,29
2504.3,18
2504.4,21
2505.2,33
2505.4,24
2506.1,13
2506.7,26
2506.8,1
2507.6,15
2507.7,16
2507.9,7
2508.4,17
2508.9,20
2509.4,6
2509.4,39
2509.7,30
2509.9,35
2510.4,34
2510.8,19
2513.2,10
2513.6,25
2513.8,22
2513.9,28
2514.2,11
2514.6,4
2514.9,32
2515.4,8
2515.6,37
2515.7,24
2515.8,38
2516.2,23
2516.7,6
2517.2,18
2517.3,29
2517.8,13
2518.8,17
2519.6,33
2520.4,7
2521.2,39
2521.3,30
2522.0,5
2523.5,26
2523.8,21
2523.8,35
2523.9,10
2524.5,13
2525.1,16
2525.3,36
2525.4,12
2525.5,11
2525.6,27
2525.8,8
2526.2,2
2526.8,20
2526.8,22
2527.3,4
2527.7,1
2528.4,34
2529.3,33
2529.5,29
2530.0,3
2530.3,19
2530.6,7
2531.0,17
2531.0,32
2531.1,6
2531.7,18
2532.0,28
2532.9,15
2533.4,0
2533.4,13
2533.8,24
2534.2,39
2535.1,8
2535.3,37
2535.9,35
2536.2,10
2536.9,16
2536.9,23
2537.2,1
2538.1,30
2538.2,11
2539.0,12
2540.3,7
2540.7,26
2541.8,4
2541.8,21
2542.7,28
2543.0,29
2543.4,34
2543.5,38
2544.2,17
2544.4,20
2544.8,33
2544.9,32
2545.0,0
2545.5,39
2545.7,6
2545.7,22
2546.8,10
2546.9,19
2546.9,31
2547.6,2
2548.4,3
2548.4,37
2548.5,11
2548.5,16
2549.4,13
2549.4,18
2549.9,23
2550.0,27
2550.8,30
2551.2,4
2551.5,7
2552.3,35
2552.5,1
2554.3,17
2554.4,8
2555.7,39
2556.1,36
2556.4,28
2556.7,33
2557.4,26
2557.7,12
2558.2,30
2558.7,38
2559.1,5
2559.4,29
2559.8,21
2560.2,18
2560.3,37
2560.4,24
2560.7,10
2560.8,6
2561.1,23
2561.8,11
2562.3,7
2564.1,13
2564.8,27
2564.9,4
2565.3,20
2565.5,17
2565.7,26
2565.7,35
2566.0,22
2566.6,0
2566.8,1
2568.4,15
2569.5,19
2569.5,32
2569.7,11
2569.7,39
2571.3,33
2571.4,21
2571.5,34
2572.2,16
2572.4,18
2573.8,8
2573.9,6
2574.2,13
2574.3,2
2574.8,7
2574.9,30
2575.3,35
2575.4,29
2575.6,24
2575.7,28
2575.8,4
2576.0,3
2576.2,10
2576.2,37
2576.5,0
2576.9,17
2577.1,36
2581.6,23
2581.7,15
2582.2,26
2582.3,12
2582.6,24
2582.6,32
2583.2,18
2584.1,39
2584.2,22
2584.2,27
2584.7,36
2584.9,4
2584.9,7
2584.9,10
2585.3,35
2585.3,38
2585.8,1
2585.9,11
2585.9,31
2586.1,33
2586.2,13
2586.4,9
2589.1,6
2589.7,34
2589.9,8
2590.2,37
2591.4,17
2592.6,23
2593.0,21
2593.1,0
2593.1,16
2593.3,29
2594.0,19
2594.1,10
2594.4,20
2594.5,30
2595.3,12
2595.4,1
2595.8,11
2595.9,28
2596.2,18
2596.7,4
2597.3,27
2597.3,39
2597.4,33
2597.9,38
2598.5,35
2598.7,2
2599.0,6
2599.1,7
2600.5,32
2601.2,26
2601.3,13
2601.9,3
2603.5,30
2604.2,17
2604.3,10
2604.6,22
2605.3,5
2606.1,15
2606.7,37
2606.9,8
2607.0,24
2607.0,11
2607.6,27
2608.4,19
2608.9,36
2609.1,35
2609.2,7
2609.5,29
2610.0,13
2610.1,28
2610.2,39
2610.4,4
2611.9,34
2612.3,26
2612.8,20
2613.4,21
2613.6,6
2614.1,23
2614.5,1
2614.6,33
2615.2,15
2616.0,32
2617.4,17
2617.7,0
2618.0,4
2618.5,16
2618.5,18
2619.1,10
2619.2,7
2619.7,39
2619.8,24
2620.2,3
2620.7,2
2620.7,13
2620.9,11
2621.2,12
2621.2,22
2621.7,38
2622.5,28
2622.8,1
2624.0,35
2625.6,37
2626.1,26
2626.2,30
2626.4,10
2626.8,32
2627.0,17
2627.0,34
2627.3,31
2627.4,29
2628.3,21
2629.0,6
2629.1,33
2629.7,5
2631.3,11
2631.4,27
2631.7,8
2632.3,18
2632.9,3
2632.9,4
2633.5,19
2633.5,20
2633.7,23
2633.8,12
2633.8,24
2633.8,28
2634.1,25
2634.2,36
2634.4,13
2634.6,22
2635.0,1
2635.1,39
2635.2,35
2635.6,7
2636.6,6
2636.7,0
2636.8,15
2637.2,9
2639.0,29
2639.9,16
2640.1,17
2640.1,32
2640.5,33
2641.1,37
2641.5,30
2642.1,11
2642.3,13
2642.9,4
2643.4,26
2643.9,38
2644.5,10
2644.5,19
2645.1,15
2646.1,3
2646.6,22
2646.6,35
2646.7,7
2647.0,1
2647.0,23
2647.3,18
2648.2,14
2648.2,28
2648.5,13
2649.0,36
2649.5,2
2650.5,33
2651.1,21
2653.0,39
2654.2,17
2655.3,0
2655.5,32
2655.8,4
2655.8,12
2655.8,24
2656.1,34
2656.6,28
2656.8,22
2657.0,37
2657.3,7
2657.3,8
2657.3,11
2657.3,38
2657.5,29
2657.7,1
2657.7,25
2658.2,27
2658.3,30
2658.4,6
2659.1,20
2659.6,15
2659.7,35
2659.8,26
2660.1,3
2660.7,10
2660.8,2
2660.8,19
2661.0,31
2661.2,13
2664.7,6
2664.7,39
2665.3,5
2666.1,33
2666.2,17
2666.7,28
2666.8,7
2667.5,22
2669.5,18
2669.8,4
2670.6,24
2671.2,29
2671.9,9
2672.7,23
2672.9,1
2673.3,30
2673.6,16
2673.6,32
2673.9,21
2673.9,27
2673.9,37
2674.4,13
2674.6,0
2674.7,11
2676.5,26
2676.7,38
2677.3,34
2678.9,35
2679.0,15
2679.6,39
2679.9,4
2679.9,22
2680.0,8
2680.0,10
2680.5,5
2680.7,33
2680.9,13
2681.1,11
2681.2,17
2681.4,7
2682.3,19
2683.1,36
2683.2,28
2683.2,6
2683.4,32
2683.8,3
2685.0,18
2685.1,38
2685.3,20
2687.0,1
2687.6,30
2688.4,4
2688.4,12
2688.5,29
2688.6,27
2689.1,2
2689.3,22
2689.8,35
2689.9,13
2690.7,23
2692.0,19
2692.1,10
2692.2,16
2692.4,17
2693.7,24
2694.3,39
2694.9,26
2697.3,28
2697.3,32
2697.8,34
2698.2,21
2698.6,13
2698.7,15
2698.9,6
2698.9,33
2699.3,35
2699.6,18
2699.7,0
2699.8,11
2699.8,29
2699.9,7
2699.9,14
2699.9,38
2700.2,2
2700.3,17
2700.4,10
2701.2,24
2703.1,1
2705.1,4
2705.1,12
2705.9,5
2706.4,19
2706.9,39
2707.8,7
2708.1,20
2709.0,30
2709.4,33
2709.6,17
2709.6,18
2710.1,27
2710.2,22
2710.3,36
2710.8,23
2710.9,3
2711.0,8
2711.1,11
2711.1,13
2711.3,37
2711.5,38
2712.2,6
2712.8,2
2712.8,28
2714.1,29
2714.7,26
2715.6,35
2715.9,1
2715.9,31
2717.1,10
2717.1,21
2717.3,0
2717.3,16
2717.4,32
2717.5,4
2718.6,17
2720.2,24
2720.9,13
2721.0,23
2721.1,11
2721.3,7
2722.0,39
2722.1,19
2724.1,30
2724.4,38
2725.0,15
2725.1,29
2725.2,28
2725.3,33
2725.9,18
2727.0,6
2727.1,34
2727.4,1
2727.7,22
2728.0,17
2728.2,8
2728.7,26
2730.0,37
2730.2,4
2730.8,32
2731.1,35
2731.5,3
2732.3,11
2732.3,27
2732.4,19
2732.7,7
2732.8,21
2732.8,33
2733.3,36
2733.5,10
2734.4,13
2734.8,39
2735.5,6
2738.3,30
2738.4,12
2738.5,20
2738.6,18
2738.7,38
2739.6,0
2739.6,29
2739.9,22
2740.9,1
2741.1,16
2742.5,24
2742.8,17
2743.0,28
2743.7,39
2744.2,37
2744.4,4
2744.9,33
2745.1,35
2745.3,7
2745.7,11
2745.7,32
2747.3,15
2747.8,10
2748.2,25
2748.5,26
2749.1,13
2749.1,34
2749.4,27
2750.0,29
2750.2,21
2750.3,23
2751.2,3
2751.5,6
2752.6,8
2752.9,19
2754.1,17
2754.3,12
2754.7,1
2754.7,9
2754.9,4
2755.0,38
2755.4,13
2755.9,39
2756.0,20
2756.7,7
2756.7,37
2756.8,18
2757.1,5
2757.1,28
2757.4,22
2757.9,30
2757.9,36
2758.1,24
2758.8,23
2759.2,11
2760.4,33
2761.2,10
2762.4,6
2762.7,32
2762.8,26
2762.9,2
2763.0,35
2763.5,34
2763.9,0
2764.6,13
2764.8,17
2767.1,27
2768.4,3
2769.1,16
2769.4,19
2769.5,8
2769.8,4
2769.8,38
2770.1,29
2770.3,6
2770.9,1
2770.9,5
2770.9,39
2771.1,7
2771.5,10
2771.9,17
2772.0,33
2772.2,30
2772.4,11
2772.6,24
2772.8,13
2773.3,15
2774.0,28
2775.8,32
2775.9,21
2776.5,18
2776.6,4
2777.3,26
2777.3,35
2777.7,22
2778.4,37
2779.6,36
2779.8,12
2780.6,34
2780.8,23
2782.8,1
2782.9,16
2782.9,13
2782.9,17
2784.2,0
2784.3,29
2784.7,11
2784.8,38
2785.0,3
2785.2,39
2785.3,32
2785.6,2
2785.9,10
2786.2,6
2786.5,4
2786.6,15
2786.9,7
2787.2,20
2788.6,19
2788.6,27
2788.7,28
2788.9,30
2789.5,24
2789.9,8
2789.9,33
2790.9,35
2791.0,11
2791.9,10
2792.0,1
2792.1,13
2792.4,26
2794.1,18
2795.2,17
2795.9,5
2795.9,31
2796.5,4
2796.9,22
2797.1,39
2797.2,23
2797.2,29
2797.3,9
2797.4,6
2797.6,7
2798.3,38
2798.6,37
2799.9,13
2800.2,2
2802.1,35
2802.7,1
2802.9,30
2803.2,32
2804.0,11
2804.4,34
2804.5,15
2804.6,28
2804.7,16
2805.0,24
2805.5,36
2806.0,17
2806.3,10
2807.0,20
2807.3,33
2807.5,4
2807.5,8
2808.0,18
2808.2,2
2808.6,39
2809.0,12
2809.0,26
2809.7,29
2809.8,21
2810.8,3
2811.0,37
2811.4,0
2811.8,13
2812.0,7
2812.0,30
2813.8,19
2814.1,32
2814.5,11
2815.2,23
2815.3,27
2815.5,35
2817.1,33
2817.4,4
2817.4,24
2818.1,5
2818.4,6
2818.5,17
2818.6,38
2818.9,22
2819.1,26
2820.2,36
2820.7,39
2822.8,18
2823.4,12
2824.6,30
2825.0,7
2825.5,13
2825.7,29
2826.0,10
2826.1,2
2826.1,28
2826.2,21
2826.8,20
2827.6,1
2830.4,17
2830.7,6
2830.8,23
2831.1,11
2831.6,35
2831.7,33
2831.8,3
2832.6,32
2832.8,34
2832.9,27
2833.0,13
2833.0,19
2833.2,4
2833.6,24
2833.7,8
2834.0,15
2834.1,16
2835.2,22
2836.4,38
2836.4,39
2837.2,1
2837.2,26
2837.4,7
2837.8,12
2837.9,0
2837.9,37
2838.1,10
2838.3,25
2839.5,18
2839.6,29
2840.2,3
2840.5,30
2840.8,4
2841.1,28
2841.6,36
2844.0,6
2844.1,11
2844.5,5
2844.5,13
2845.2,17
2845.4,10
2845.9,23
2846.1,21
2846.6,33
2846.7,16
2846.7,31
2847.1,32
2847.4,35
2847.8,20
2849.0,19
2849.1,27
2849.4,34
2849.9,7
2850.9,2
2853.1,24
2853.3,1
2853.6,39
2854.5,30
2854.8,11
2854.8,13
2854.8,26
2855.0,29
2855.1,12
2855.3,25
2856.6,4
2856.7,3
2856.7,22
2856.9,17
2857.0,15
2858.0,37
2858.4,9
2858.5,32
2858.7,8
2858.8,18
2859.4,10
2859.7,35
2859.8,28
2860.3,7
2861.8,6
2862.1,33
2862.2,36
2863.5,38
2864.0,23
2865.4,26
2865.6,39
2866.2,4
2866.2,13
2866.3,0
2867.1,30
2867.3,1
2867.3,5
2867.4,17
2867.5,21
2867.8,37
2868.6,3
2869.2,19
2871.0,7
2871.1,15
2871.3,27
2871.6,11
2871.6,33
2871.7,16
2871.9,12
2871.9,29
2872.0,28
2873.6,34
2874.3,32
2874.6,10
2874.8,24
2875.7,6
2875.8,18
2876.2,39
2876.3,2
2876.4,4
2877.2,13
2877.9,38
2878.1,35
2879.0,17
2879.0,26
2879.1,11
2879.5,20
2879.8,31
2880.2,1
2880.2,22
2880.2,23
2881.4,36
2882.1,8
2882.7,7
2884.7,28
2885.4,30
2886.8,6
2887.0,32
2887.7,18
2888.0,13
2888.0,17
2888.3,10
2888.3,29
2888.4,4
2888.5,19
2888.5,37
2888.6,21
2888.6,33
2888.7,12
2889.5,0
2889.6,3
2889.6,34
2890.6,1
2891.7,15
2892.4,5
2892.6,11
2893.4,23
2893.6,38
2894.0,7
2894.3,24
2894.7,39
2896.1,22
2896.2,35
2896.6,16
2897.6,2
2897.6,13
2897.9,1
2899.9,26
2900.7,6
2901.0,27
2901.2,30
2901.5,20
2901.6,37
2901.8,4
2902.1,28
2903.4,17
2903.7,8
2903.7,18
2903.7,31
2903.9,33
2904.0,19
2904.0,39
2904.7,32
2905.0,7
2905.8,35
2906.6,21
2906.8,10
2907.3,34
2908.4,11
2908.4,13
2908.5,0
2909.5,29
2909.6,27
2909.7,15
2909.9,36
2911.2,17
2911.2,26
2911.4,1
2911.9,5
2912.3,18
2912.4,9
2912.6,38
2913.1,24
2913.2,39
2916.8,4
2917.6,13
2918.0,37
2918.1,3
2918.5,16
2918.6,7
2918.7,22
2918.9,23
2918.9,32
2919.0,28
2919.0,34
2919.2,30
2919.7,21
2920.2,10
2920.2,36
2920.4,35
2920.9,6
2921.0,33
2921.5,11
2922.8,26
2923.6,27
2923.7,39
2924.8,17
2925.4,2
2925.5,12
2925.9,19
2926.0,20
2926.2,29
2926.3,1
2927.1,5
2928.5,8
2928.7,24
2929.0,4
2929.2,13
2929.2,18
2929.4,25
2930.0,38
2930.2,11
2930.3,16
2930.6,28
2931.0,26
2931.1,22
2932.0,15
2932.5,3
2933.2,10
2933.2,32
2933.6,7
2934.2,33
2935.2,30
2935.6,17
2935.8,35
2935.9,6
2936.0,19
2936.0,37
2936.5,1
2939.6,18
2939.8,4
2939.9,39
2940.1,23
2940.7,21
2942.1,24
2942.2,36
2942.3,11
2943.0,27
2943.1,28
2943.1,29
2943.2,2
2943.2,8
2943.9,9
2944.2,13
2944.4,34
2945.9,6
2946.6,7
2947.1,10
2947.4,5
2947.4,17
2947.4,19
2948.2,0
2948.5,22
2948.5,26
2949.5,33
2949.6,15
2949.6,38
2950.2,32
2950.3,1
2950.7,13
2951.3,35
2951.9,37
2952.9,3
2953.7,25
2953.9,4
2954.1,14
2954.5,39
2955.4,20
2956.5,30
2958.9,18
2959.0,11
2959.1,28
2959.4,6
2959.5,16
2959.6,10
2959.9,27
2960.2,12
2960.4,19
2960.4,24
2960.5,22
2960.6,21
2960.7,23
2961.2,35
2961.5,7
2961.6,33
2961.8,26
2962.8,39
2963.4,17
2963.4,29
2963.6,13
2963.7,4
2963.7,34
2964.7,31
2964.7,36
2964.9,37
2965.2,38
2965.4,5
2966.4,1
2966.6,15
2968.8,3
2969.2,18
2969.4,35
2969.5,32
2970.1,17
2970.3,39
2970.4,10
2970.7,7
2970.7,8
2972.4,26
2972.6,30
2973.0,13
2973.4,4
2973.9,19
2973.9,20
2974.6,11
2976.8,33
2977.1,6
2977.2,37
2978.1,28
2978.6,24
2981.1,16
2981.8,29
2982.5,9
2982.9,21
2982.9,34
2983.3,18
2983.4,38
2983.5,17
2983.5,15
2983.7,23
2983.8,13
2984.0,27
2984.3,6
2984.9,0
2984.9,3
2985.3,12
2985.4,2
2986.4,22
2986.8,4
2987.3,10
2987.6,26
2988.1,11
2988.1,30
2988.3,33
2988.3,35
2988.7,39
2989.1,1
2989.2,28
2990.2,32
2991.6,36
2991.9,19
2992.0,20
2992.2,7
2993.3,16
2994.2,13
2994.9,17
2995.4,15
2996.3,6
2997.2,18
2997.5,10
2997.7,0
2998.1,3
2998.6,29
2998.6,37
2998.7,30
2998.8,35
2998.9,12
2999.0,21
2999.1,34
2999.1,38
2999.3,11
2999.3,24
2999.4,13
2999.5,33
3000.2,2
3001.5,1
3003.0,39
3003.5,7
3003.7,16
3004.2,26
3004.5,27
3005.4,28
3005.9,32
3006.2,17
3006.8,25
3007.9,22
3009.0,4
3010.7,30
3011.1,19
3011.5,10
3011.8,5
3011.8,15
3011.8,39
3012.2,29
3012.3,13
3012.3,36
3012.5,23
3012.8,6
3013.0,26
3013.1,18
3013.2,11
3013.6,2
3013.6,7
3013.7,35
3013.8,8
3013.9,37
3014.3,1
3014.4,33
3017.5,21
3018.6,24
3018.9,17
3019.0,16
3019.8,20
3020.5,22
3020.7,4
3021.1,3
3021.1,28
3022.3,33
3022.5,30
3023.6,34
3023.6,37
3023.7,12
3024.0,15
3024.0,38
3024.1,9
3024.5,23
3024.5,39
3024.5,31
3024.9,0
3025.7,13
3026.1,32
3027.0,18
3027.1,10
3027.3,11
3027.9,7
3028.3,1
3029.5,26
3030.5,17
3030.6,24
3030.6,29
3030.6,35
3030.8,4
3031.0,21
3031.5,36
3031.8,6
3032.3,19
3032.6,2
3033.2,34
3033.4,38
3033.6,5
3033.6,12
3033.7,28
3034.1,37
3035.1,22
3035.5,16
3035.6,27
3036.4,13
3038.4,39
3038.6,23
3038.8,10
3039.2,30
3039.9,7
3040.1,0
3040.2,17
3040.5,18
3040.5,33
3040.8,32
3041.0,24
3041.2,4
3041.4,3
3041.6,2
3044.0,1
3044.5,28
3044.9,15
3045.0,13
3045.6,35
3045.8,19
3045.9,29
3048.6,20
3049.5,10
3049.5,36
3050.0,8
3050.1,6
3050.1,37
3050.2,38
3050.4,11
3050.5,21
3050.8,22
3051.0,26
3051.3,32
3051.6,7
3052.5,31
3053.4,17
3054.1,33
3054.2,39
3055.7,15
3056.7,34
3056.9,13
3057.0,5
3057.8,27
3058.4,35
3059.2,4
3059.5,29
3059.6,28
3060.0,18
3060.5,3
3061.0,7
3061.0,11
3061.0,19
3061.0,30
3061.1,6
3061.2,10
3061.2,23
3061.5,39
3062.1,16
3062.3,1
3062.3,38
3063.3,24
3064.9,26
3065.2,17
3065.5,2
3066.3,33
3066.4,8
3066.5,13
3068.0,12
3069.3,28
3069.8,32
3070.2,37
3070.4,22
3070.8,23
3071.4,34
3071.5,29
3071.6,10
3071.7,38
3072.4,4
3072.5,36
3074.6,18
3074.7,13
3074.8,11
3075.2,3
3075.2,7
3075.3,19
3075.6,17
3076.2,20
3077.3,21
3077.6,39
3078.0,35
3078.6,1
3079.5,6
3080.7,27
3081.6,30
3081.9,5
3082.0,26
3082.2,17
3082.4,0
3082.6,25
3082.6,13
3082.9,33
3083.1,7
3083.2,8
3083.5,28
3083.6,23
3084.4,4
3085.4,19
3086.2,24
3087.5,29
3087.9,6
3088.1,10
3088.1,11
3088.1,12
3088.1,32
3088.6,37
3089.3,39
3089.5,15
3089.7,9
3091.2,18
3091.3,22
3091.5,26
3091.7,34
3091.8,35
3092.4,16
3093.9,4
3094.0,7
3094.1,1
3094.6,28
3094.7,30
3094.8,20
3094.8,8
3094.8,13
3095.1,17
3096.3,2
3098.8,38
3099.5,3
3099.7,14
3100.1,12
3100.2,10
3100.4,19
3100.7,11
3101.2,31
3101.4,36
3101.8,35
3102.2,21
3102.2,23
3102.4,27
3102.8,39
3103.6,24
3103.8,33
3104.2,6
3104.3,5
3104.6,32
3104.7,17
3105.1,28
3105.2,37
3105.7,26
3105.8,13
3105.8,20
3106.6,29
3106.9,4
3109.4,0
3109.8,7
3110.8,1
3110.9,22
3111.2,33
3111.9,2
3112.8,17
3112.9,26
3113.1,13
3114.0,27
3114.1,11
3114.2,39
3114.3,15
3114.9,21
3115.1,35
3115.5,8
3115.6,30
3115.9,32
3116.0,18
3116.4,3
3116.4,19
3117.4,28
3117.6,36
3118.3,10
3118.4,4
3119.0,6
3119.1,34
3120.3,23
3122.3,7
3124.0,17
3124.0,24
3124.1,13
3125.6,18
3125.7,11
3125.8,33
3126.2,38
3126.8,29
3127.2,22
3127.3,1
3127.7,25
3127.7,39
3127.9,32
3128.7,28
3129.3,0
3129.3,4
3130.7,10
3130.8,2
3130.8,26
3131.4,6
3131.6,31
3131.7,16
3132.0,37
3133.2,35
3133.9,8
3134.7,13
3134.8,19
3134.8,23
3135.1,1
3135.1,5
3135.1,21
3135.3,12
3135.6,20
3135.6,30
3136.2,7
3136.3,11
3136.7,17
3137.0,27
3137.8,24
3138.4,18
3138.6,15
3138.8,3
3138.8,34
3139.0,39
3139.9,37
3140.5,10
3140.7,6
3141.2,36
3141.3,33
3143.4,12
3144.0,22
3144.1,29
3144.7,28
3145.1,30
3145.3,11
3145.3,26
3145.7,17
3146.1,4
3146.1,19
3146.8,38
3146.9,32
3147.0,3
3147.4,23
3147.5,9
3148.0,1
3148.0,13
3148.9,35
3149.5,0
3149.5,7
3152.7,33
3153.3,6
3153.3,28
3153.4,39
3154.4,4
3154.7,37
3155.4,10
3155.4,30
3155.6,16
3157.5,15
3157.5,18
3157.6,13
3157.7,11
3158.8,8
3159.0,24
3159.4,34
3160.1,17
3161.3,35
3161.5,5
3161.6,12
3161.6,19
3161.6,26
3161.6,32
3161.7,21
3161.7,29
3162.0,33
3162.5,27
3162.7,2
3162.7,10
3163.1,4
3163.2,22
3163.4,36
3163.9,20
3165.5,1
3165.8,13
3166.0,38
3167.1,39
3167.5,11
3167.6,30
3167.7,6
3167.7,31
3167.8,26
3168.0,7
3168.2,28
3168.3,23
3169.4,37
3170.6,17
3171.8,32
3173.2,4
3173.5,3
3173.9,33
3175.2,35
3175.3,0
3175.3,22
3176.5,24
3177.1,18
3177.7,21
3178.0,10
3178.7,16
3179.0,7
3179.0,19
3179.3,29
3180.3,13
3180.6,1
3180.9,17
3181.5,6
3181.5,32
3181.7,5
3181.7,15
3182.2,38
3184.2,11
3185.3,23
3185.5,8
3185.8,26
3185.9,18
3185.9,34
3186.1,33
3186.1,39
3186.4,4
3187.2,30
3188.2,9
3188.3,2
3189.0,6
3189.0,35
3189.3,29
3189.9,28
3190.2,37
3190.3,0
3190.6,24
3190.8,27
3192.6,13
3192.7,1
3192.8,16
3192.9,10
3193.9,20
3194.1,22
3194.9,12
3195.2,7
3196.0,36
3196.4,30
3196.4,31
3197.0,32
3197.1,19
3197.3,39
3198.0,11
3198.4,15
3199.1,18
3199.8,17
3200.0,21
3200.3,4
3200.7,26
3200.9,6
3200.9,13
3201.3,35
3201.5,10
3203.8,8
3203.8,34
3203.9,29
3204.0,38
3204.5,23
3204.6,7
3204.7,1
3204.7,37
3205.1,0
3205.9,33
3206.0,3
3206.4,5
3207.4,4
3207.9,39
3208.3,28
3208.7,19
3208.9,32
3209.4,24
3210.4,11
3211.1,2
3212.1,27
3212.1,30
3212.2,18
3212.2,20
3212.4,16
3212.5,36
3212.9,26
3213.6,22
3213.9,0
3214.8,13
3214.8,15
3214.9,17
3216.2,10
3217.0,35
3218.8,1
3218.9,9
3219.6,4
3219.6,7
3219.8,12
3220.4,6
3220.5,28
3220.7,5
3221.2,37
3221.6,18
3222.2,11
3222.7,23
3223.2,21
3223.2,33
3223.3,39
3224.6,29
3224.7,13
3225.5,34
3225.5,36
3225.7,26
3226.5,19
3227.6,8
3227.6,17
3227.7,24
3228.3,3
3228.4,30
3228.6,35
3229.0,0
3229.2,32
3229.8,10
3230.4,15
3230.5,1
3230.5,6
3230.7,38
3232.2,27
3232.8,28
3232.9,4
3233.2,5
3233.5,29
3233.7,39
3233.8,7
3234.6,22
3235.1,37
3236.7,30
3237.0,33
3238.0,18
3238.1,36
3238.7,13
3238.7,21
3240.5,7
3240.9,11
3241.5,20
3242.5,2
3242.7,3
3242.9,35
3243.0,1
3243.2,4
3243.3,10
3244.0,0
3244.0,28
3244.1,8
3244.2,24
3244.7,26
3244.7,30
3245.6,17
3245.6,23
3245.7,16
3247.1,33
3247.2,6
3247.2,15
3247.2,34
3247.8,38
3247.9,31
3248.2,39
3248.6,19
3249.9,18
3250.1,27
3251.5,12
3251.5,32
3251.8,13
3252.4,1
3252.4,37
3253.0,21
3253.2,11
3253.7,36
3253.9,29
3254.0,7
3254.2,28
3254.9,39
3256.1,10
3257.7,22
3258.8,8
3259.0,20
3259.0,30
3259.5,3
3260.1,5
3260.1,6
3260.4,26
3260.8,4
3261.0,17
3261.0,24
3261.4,35
3261.6,15
3262.8,27
3263.7,33
3263.8,34
3264.6,11
3265.9,23
3266.2,1
3266.5,18
3266.5,13
3267.4,29
3267.4,32
3268.4,28
3268.5,22
3268.6,2
3268.8,7
3268.8,17
3268.9,39
3268.9,10
3269.8,19
3269.8,35
3270.1,4
3270.9,38
3273.1,37
3274.0,30
3274.6,26
3274.7,8
3275.1,16
3275.1,31
3275.1,36
3275.4,12
3275.4,27
3275.5,11
3275.5,33
3275.6,0
3275.6,6
3275.8,21
3276.4,24
3276.6,3
3276.6,35
3277.1,13
3277.2,4
3279.5,17
3279.8,7
3280.1,10
3280.7,15
3280.7,18
3281.1,39
3281.6,29
3282.5,1
3283.5,23
3284.4,28
3285.1,32
3285.4,20
3286.0,6
3287.9,19
3288.0,11
3288.3,13
3288.4,25
3288.8,5
3289.4,22
3289.6,4
3289.6,21
3289.6,39
3289.8,0
3289.8,34
3289.8,38
3289.9,33
3290.3,26
3290.3,37
3290.6,7
3290.9,24
3291.1,27
3291.4,17
3292.2,18
3294.5,30
3295.7,3
3296.6,10
3296.6,32
3297.0,35
3297.8,29
3298.0,2
3298.1,36
3298.2,28
3298.5,8
3299.2,7
3299.4,39
3299.5,15
3299.6,33
3300.1,16
3300.6,6
3300.9,23
3301.0,1
3301.1,13
3301.3,17
3301.8,26
3302.0,4
3302.1,19
3302.9,24
3305.0,12
3305.1,34
3305.6,18
3306.2,11
3306.2,22
3306.3,10
3306.6,21
3306.9,32
3307.2,20
3309.0,0
3309.2,1
3309.2,30
3309.4,35
3309.6,37
3310.0,27
3310.2,3
3310.3,7
3310.6,29
3311.0,33
3311.5,15
3311.7,9
3311.9,28
3312.1,13
3312.1,17
3312.2,6
3312.4,14
3312.4,39
3313.3,38
3313.8,4
3315.6,11
3315.7,8
3316.2,2
3316.2,31
3316.4,19
3316.5,26
3317.7,30
3318.2,23
3318.7,33
3318.9,13
3319.3,24
3320.5,10
3321.0,1
3321.9,4
3321.9,7
3322.6,32
3323.6,35
3324.2,36
3324.3,17
3324.4,16
3324.4,18
3324.6,34
3324.7,13
3325.1,22
3325.5,21
3326.6,39
3328.4,6
3329.6,38
3329.7,28
3329.9,0
3330.2,29
3331.0,30
3331.2,15
3331.4,3
3331.4,11
3331.7,10
3331.9,12
3332.8,19
3332.8,33
3333.0,20
3333.8,7
3334.1,37
3335.4,26
3335.5,27
3335.6,16
3336.0,1
3336.0,17
3336.1,13
3336.5,4
3336.8,23
3336.8,24
3338.0,21
3339.0,35
3339.7,5
3339.8,33
3340.5,2
3341.2,6
3341.4,39
3342.1,10
3342.4,36
3342.8,8
3343.0,30
3343.1,22
3343.2,19
3343.3,17
3343.9,11
3343.9,18
3344.9,28
3345.1,7
3346.0,13
3346.1,32
3346.7,1
3346.9,23
3348.7,15
3348.9,29
3350.2,3
3350.9,34
3351.3,17
3353.4,35
3354.0,4
3354.0,36
3354.3,0
3354.3,38
3354.7,32
3355.1,26
3355.3,16
3355.4,6
3355.4,18
3355.5,20
3355.7,27
3356.0,37
3356.0,39
3356.1,33
3356.2,11
3356.2,28
3356.3,12
3356.3,24
3356.4,7
3356.5,19
3357.0,13
3357.0,25
3359.2,1
3359.6,2
3360.2,9
3360.3,10
3360.7,17
3361.7,34
3362.1,8
3362.2,29
3362.3,4
3362.7,30
3363.6,11
3363.6,21
3364.0,15
3365.7,35
3366.0,39
3366.7,23
3367.3,17
3367.6,22
3368.1,13
3368.9,7
3369.1,5
3369.1,6
3370.0,11
3370.3,26
3370.7,24
3370.8,33
3371.3,18
3372.4,19
3372.5,28
3372.9,16
3373.2,10
3373.5,1
3373.5,12
3373.5,38
3373.7,30
3373.7,32
3374.4,37
3374.8,4
3375.7,15
3375.8,27
3376.0,29
3376.8,23
3378.7,17
3378.7,36
3379.8,35
3379.9,33
3380.0,3
3380.0,7
3380.0,13
3380.0,39
3380.1,2
3380.8,6
3380.9,5
3381.2,34
3382.4,1
3384.0,11
3384.9,10
3385.7,22
3386.3,26
3386.8,4
3387.5,38
3388.1,30
3388.5,37
3389.0,28
3389.4,17
3389.7,8
3390.1,12
3390.2,15
3390.3,32
3390.4,0
3390.6,20
3391.2,24
3391.5,21
3391.9,6
3392.0,7
3392.2,35
3394.4,39
3395.0,11
3395.1,29
3395.2,13
3395.3,16
3395.4,18
3395.4,33
3395.5,9
3395.5,19
3395.7,3
3395.7,23
3396.7,4
3397.4,10
3397.9,1
3398.2,17
3398.3,26
3398.4,34
3400.1,2
3401.2,7
3401.8,19
3404.0,33
3404.2,6
3404.2,37
3404.8,36
3404.9,31
3405.0,13
3405.1,27
3405.3,30
3405.9,24
3406.3,22
3406.7,12
3407.0,8
3407.0,39
3407.3,32
3407.9,1
3407.9,29
3408.1,28
3408.6,11
3409.2,5
3411.0,35
3411.3,4
3411.9,16
3412.7,21
3412.9,10
3413.1,38
3413.2,15
3413.8,0
3414.4,26
3414.5,17
3414.5,23
3414.9,7
3414.9,18
3415.3,39
3416.3,1
3416.4,13
3417.1,34
3417.3,36
3418.4,3
3418.4,11
3419.8,30
3420.2,2
3420.2,33
3420.7,6
3420.8,29
3422.0,19
3422.2,13
3424.2,28
3424.3,22
3424.4,4
3424.4,24
3424.5,32
3425.8,17
3425.8,20
3425.9,37
3426.0,10
3426.2,27
3426.6,21
3427.2,11
3427.3,39
3427.7,26
3427.8,12
3428.3,8
3428.6,7
3430.5,1
3430.6,36
3430.7,35
3432.5,23
3432.9,5
3433.3,0
3433.4,34
3433.7,38
3434.6,22
3434.9,30
3435.0,13
3435.1,18
3435.3,2
3435.7,3
3435.9,6
3435.9,15
3436.0,29
3436.4,28
3438.0,33
3438.2,17
3438.6,4
3439.4,27
3440.9,26
3441.0,1
3441.2,10
3441.2,16
3441.8,7
3442.0,35
3443.0,11
3443.0,19
3443.0,39
3444.5,32
3445.3,9
3445.6,25
3445.8,23
3446.5,24
3446.7,36
3446.8,20
3448.1,17
3448.3,33
3449.1,13
3449.1,38
3449.7,34
3450.5,27
3450.9,12
3451.8,15
3451.9,0
3452.1,22
3452.7,11
3452.7,37
3453.1,10
3453.4,1
3454.3,5
3454.3,30
3454.5,21
3455.0,18
3455.1,4
3455.1,7
3455.2,6
3455.6,28
3455.8,39
3455.9,8
3456.6,26
3456.6,35
3456.8,23
3457.4,13
3457.6,29
3457.9,2
3458.9,19
3458.9,32
3460.7,17
3462.6,11
3463.4,33
3463.4,36
3463.6,3
3464.1,20
3464.4,22
3464.7,24
3464.9,30
3465.0,31
3465.4,4
3465.6,7
3466.0,1
3467.1,28
3469.0,10
3469.6,21
3470.1,17
3470.1,35
3470.5,18
3470.9,12
3471.0,38
3471.1,16
3471.1,26
3471.1,29
3471.5,13
3471.5,34
3472.2,27
3472.3,6
3472.4,39
3474.0,32
3474.6,11
3474.6,37
3476.2,5
3476.2,19
3476.3,15
3477.1,4
3477.6,7
3477.7,2
3477.7,23
3477.8,0
3478.9,20
3480.2,6
3480.9,3
3481.1,13
3481.6,8
3482.0,17
3482.1,30
3482.3,10
3483.5,24
3483.5,39
3484.3,1
3484.4,18
3485.1,28
3485.5,11
3486.4,33
3486.4,34
3486.6,36
3488.1,22
3488.2,35
3488.6,12
3489.1,29
3489.7,19
3490.0,7
3490.0,16
3490.3,13
3491.1,32
3491.3,4
3492.3,21
3493.3,17
3493.7,26
3493.8,39
3494.9,5
3495.1,0
3495.1,38
3495.3,23
3495.8,10
3496.1,3
3496.1,11
3496.2,27
3496.2,33
3496.3,9
3496.5,37
3496.8,30
3497.3,15
3497.9,6
3498.2,2
3499.3,20
3499.5,1
3500.5,28
3501.7,24
3502.5,35
3503.3,13
3503.4,7
3503.6,8
3503.7,18
3504.0,26
3504.2,17
3504.5,36
3505.3,19
3505.7,12
3506.2,32
3506.5,25
3506.5,33
3507.9,4
3508.1,6
3508.8,10
3510.0,39
3511.5,17
3511.5,38
3511.6,30
3511.8,28
3511.9,22
3512.2,21
3512.3,13
3512.4,27
3512.8,11
3513.2,37
3513.4,20
3513.4,29
3513.5,0
3513.5,23
3514.0,7
3514.4,19
3514.8,5
3515.0,3
3517.7,1
3517.7,33
3518.4,16
3519.5,18
3519.5,35
3519.6,25
3519.9,24
3520.5,17
3520.9,4
3521.0,2
3521.0,15
3521.0,26
3521.0,32
3521.0,39
3521.5,6
3521.6,36
3522.4,11
3522.6,7
3523.1,28
3523.6,29
3524.1,13
3524.3,34
3526.0,10
3526.9,21
3527.5,8
3528.4,19
3528.5,3
3528.5,9
3528.9,30
3529.2,38
3529.4,23
3531.1,2
3531.1,4
3531.2,32
3531.3,7
3531.5,33
3531.9,22
3531.9,27
3532.1,26
3532.3,13
3532.4,17
3532.5,12
3532.6,1
3532.6,20
3532.6,35
3532.8,39
3533.2,18
3533.9,5
3535.0,0
3535.3,30
3536.6,11
3536.8,37
3538.0,6
3538.7,16
3539.5,10
3542.1,13
3542.3,21
3542.4,26
3542.5,36
3542.7,29
3543.0,19
3543.1,23
3543.1,33
3543.3,8
3543.3,28
3543.3,32
3543.4,17
3543.7,24
3543.9,3
3544.0,7
3544.0,39
3544.2,11
3544.3,14
3544.3,31
3544.7,34
3546.5,4
3547.1,15
3547.1,35
3547.5,18
3548.2,30
3548.4,10
3548.8,37
3549.8,6
3553.1,17
3553.3,22
3553.3,23
3553.5,27
3553.6,1
3554.3,32
3554.4,7
3554.6,13
3554.6,39
3554.6,24
3554.8,11
3555.4,2
3555.4,12
3555.4,33
3555.9,4
3558.6,35
3558.7,26
3559.1,19
3559.3,18
3559.4,28
3559.7,10
3559.9,8
3560.4,16
3560.7,3
3560.9,6
3561.3,29
3562.6,15
3562.9,20
3564.7,13
3565.3,11
3565.3,30
3565.9,36
3567.6,1
3568.5,38
3569.0,7
3569.9,39
3570.0,4
3570.3,17
3570.5,37
3571.5,24
3572.0,28
3572.1,2
3572.1,9
3572.1,33
3572.3,13
3572.7,22
3574.4,18
3574.6,0
3574.6,10
3575.3,26
3575.3,34
3575.4,35
3575.8,19
3576.3,32
3576.5,16
3576.9,12
3578.1,6
3578.8,21
3579.1,3
3580.1,23
3580.2,4
3580.5,30
3580.9,20
3580.9,29
3581.2,5
3581.5,7
3582.5,17
3582.9,8
3582.9,13
3583.4,39
3583.5,11
3584.0,26
3584.2,32
3584.6,33
3584.7,28
3585.3,10
3586.5,27
3586.6,35
3587.3,1
3589.1,37
3590.4,15
3591.9,6
3592.0,24
3592.5,0
3592.5,2
3592.5,4
3592.5,12
3593.0,5
3593.3,34
3593.5,16
3593.6,21
3594.0,35
3594.4,3
3594.4,18
3594.5,11
3596.2,38
3596.5,10
3596.5,13
3596.8,7
3597.4,19
3597.5,20
3597.6,17
3597.6,26
3597.6,28
3597.8,39
3598.0,1
3598.3,29
3598.5,30
3599.3,36
3602.1,33
3602.4,27
3603.0,22
3604.3,35
3605.0,4
3605.6,15
3605.7,8
3605.8,14
3606.9,24
3607.0,5
3607.0,11
3607.2,13
3607.2,23
3607.2,28
3608.1,10
3608.4,17
3608.4,39
3608.6,18
3608.7,2
3609.6,7
3609.8,6
3610.6,32
3611.0,12
3611.2,26
3611.5,1
3611.5,30
3612.4,29
3613.5,16
3614.8,37
3615.0,19
3615.3,3
3615.6,34
3616.1,27
3616.5,33
3618.2,17
3618.4,21
3618.8,7
3619.0,18
3619.4,35
3619.6,38
3619.8,39
3620.1,4
3620.7,10
3620.9,26
3621.3,6
3622.1,15
3622.1,23
3622.2,13
3623.0,1
3626.5,11
3627.4,31
3627.5,36
3627.7,0
3627.8,28
3627.8,37
3627.9,33
3628.0,22
3629.0,24
3629.1,17
3629.1,29
3629.1,30
3629.2,21
3629.3,6
3629.6,8
3629.7,12
3630.2,35
3630.4,32
3632.1,13
3632.3,10
3632.6,39
3632.7,15
3633.1,1
3633.1,2
3633.6,19
3634.8,34
3634.9,18
3635.2,9
3635.7,11
3635.7,16
3636.9,26
3637.6,4
3638.5,7
3639.2,17
3639.4,13
3639.6,35
3639.9,3
3640.0,27
3640.1,28
3640.3,33
3640.8,39
3640.9,5
3643.0,20
3643.7,10
3643.8,6
3644.5,37
3645.0,25
3645.2,29
3646.0,8
3646.1,23
3646.5,1
3646.5,18
3647.4,32
3647.5,26
3647.5,30
3647.7,36
3648.1,15
3648.3,11
3648.4,19
3649.7,7
3650.0,4
3650.1,22
3650.8,13
3650.9,24
3652.1,21
3652.7,0
3653.7,34
3654.0,38
3655.4,33
3655.7,30
3656.2,2
3656.4,18
3656.7,6
3657.2,31
3657.3,35
3657.3,37
3657.5,1
3657.5,19
3657.7,39
3657.8,17
3658.0,10
3658.2,11
3658.2,16
3658.3,29
3658.7,12
3658.9,3
3659.7,28
3659.9,13
3661.8,32
3661.9,7
3663.6,5
3664.8,26
3665.3,4
3665.3,39
3665.6,36
3665.7,23
3666.0,18
3666.3,20
3666.3,24
3666.5,8
3666.6,13
3667.8,27
3669.2,22
3669.7,1
3670.1,11
3670.1,33
3670.4,10
3670.6,0
3671.1,6
3671.4,30
3671.9,15
3671.9,19
3672.1,9
3672.1,32
3672.2,34
3673.3,3
3673.5,17
3674.0,29
3674.3,23
3675.0,7
3675.1,4
3675.1,35
3675.1,38
3675.2,13
3675.2,39
3676.7,21
3678.2,37
3678.5,28
3678.7,26
3679.8,5
3680.6,18
3681.0,6
3681.4,16
3681.5,1
3682.1,11
3682.9,24
3683.1,12
3683.1,34
3683.2,8
3683.4,17
3683.6,32
3684.6,4
3684.7,2
3684.7,10
3685.3,7
3685.7,35
3686.1,22
3686.2,29
3687.2,39
3688.5,30
3689.5,23
3689.7,13
3690.5,33
3690.5,36
3690.7,19
3690.8,3
3691.2,26
3691.2,28
3693.6,1
3693.6,38
3695.0,20
3695.1,17
3695.1,21
3695.3,27
3695.4,16
3695.6,0
3696.0,6
3697.2,32
3697.4,11
3697.4,37
3697.7,39
3697.9,22
3698.4,29
3698.5,7
3699.2,4
3699.2,10
3699.3,34
3700.2,15
3700.6,18
3702.7,24
3702.7,26
3702.8,13
3703.0,1
3703.0,30
3703.7,12
3704.0,33
3704.2,5
3704.4,35
3704.5,9
3705.8,6
3705.8,19
3706.2,36
3706.2,39
3706.4,27
3706.5,31
3708.7,4
3709.6,17
3710.1,11
3711.4,38
3712.0,13
3712.7,7
3712.8,8
3712.9,2
3713.0,29
3713.5,20
3713.6,39
3713.7,21
3714.0,3
3714.3,28
3714.5,10
3714.5,15
3714.8,18
3714.8,37
3714.9,30
3715.2,19
3715.4,22
3716.1,23
3716.4,1
3716.5,32
3716.5,35
3718.4,0
3718.5,24
3718.8,17
3719.0,6
3719.0,33
3720.5,12
3721.6,11
3724.1,26
3724.2,34
3724.2,38
3724.3,39
3724.6,13
3724.8,16
3725.2,4
3725.5,22
3725.6,2
3725.6,27
3726.2,32
3727.2,7
3727.2,10
3727.2,30
3727.2,36
3728.0,19
3728.1,6
3729.6,35
3730.1,8
3730.1,28
3730.3,25
3730.4,18
3732.1,23
3732.1,29
3732.2,15
3732.3,17
3732.4,0
3732.4,1
3732.4,21
3733.3,11
3734.2,13
3735.7,33
3736.0,4
3737.0,37
3737.8,3
3738.2,30
3738.8,5
3738.9,12
3739.1,39
3739.5,7
3739.5,32
3739.6,26
3740.6,35
3740.8,20
3741.5,24
3741.7,11
3741.9,28
3742.1,36
3743.0,38
3743.6,10
3744.7,13
3744.8,2
3745.1,22
3745.1,34
3745.7,27
3745.8,1
3745.8,19
3746.5,6
3746.6,18
3747.2,0
3748.0,29
3748.9,15
3749.0,23
3749.0,31
3749.9,17
3750.1,25
3750.8,4
3751.6,26
3752.9,30
3752.9,39
3753.7,8
3754.2,11
3754.3,13
3754.3,32
3754.3,33
3755.2,37
3755.6,16
3757.3,21
3757.9,7
3757.9,10
3758.1,9
3758.7,19
3759.0,6
3759.0,28
3759.1,18
3759.4,34
3760.3,24
3761.6,38
3762.1,35
3762.4,17
3762.8,20
3763.1,39
3763.2,3
3763.5,13
3763.5,36
3764.1,4
3765.4,32
3765.7,29
3765.9,8
3765.9,1
3766.9,5
3767.4,26
3767.6,23
3768.0,30
3768.3,11
3768.8,33
3768.9,13
3769.0,22
3769.5,7
3769.9,10
3771.1,37
3771.5,18
3772.3,6
3773.9,17
3774.2,28
3774.4,2
3774.5,15
3774.8,4
3775.2,27
3776.3,24
3776.4,32
3776.6,39
3777.8,21
3778.1,34
3780.0,10
3780.1,11
3780.3,0
3780.3,13
3780.3,30
3780.4,22
3780.4,26
3780.5,6
3780.5,35
3781.0,19
3781.0,33
3783.5,12
3783.5,38
3783.8,7
3783.8,8
3783.9,36
3784.5,18
3784.7,16
3784.8,1
3785.3,39
3785.5,3
3785.8,4
3786.4,17
3786.7,5
3786.8,29
3787.0,37
3788.7,32
3790.1,2
3790.9,28
3791.3,15
3791.4,20
3791.8,13
3792.9,19
3793.4,11
3793.8,6
3794.7,29
3795.1,10
3795.1,21
3795.6,18
3795.8,30
3796.2,24
3796.4,25
3796.5,9
3796.8,26
3796.8,33
3797.4,4
3797.8,39
3798.0,27
3798.5,23
3799.1,17
3799.1,22
3799.1,34
3799.3,35
3799.5,13
3799.5,37
3799.8,3
3800.0,1
3800.0,32
3800.2,7
3802.3,36
3802.9,16
3803.5,38
3804.0,8
3804.4,0
3805.0,10
3805.6,5
3807.3,11
3807.3,19
3807.3,23
3807.4,4
3807.4,15
3807.4,28
3808.0,26
3808.9,6
3809.4,39
3810.3,12
3810.5,30
3812.2,7
3812.4,37
3812.5,33
3812.7,20
3812.9,1
3813.5,29
3813.7,18
3814.2,36
3814.3,13
3814.6,16
3814.7,17
3815.0,2
3815.0,22
3815.0,34
3816.0,31
3816.7,35
3817.3,21
3817.8,11
3818.2,32
3819.2,8
3820.0,24
3820.4,4
3820.9,38
3820.9,39
3821.2,7
3821.7,10
3821.7,19
3822.3,3
3822.7,37
3822.9,26
3823.4,28
3824.6,27
3824.8,29
3824.8,35
3825.5,6
3825.5,33
3825.6,12
3825.6,30
3825.7,1
3826.0,13
3826.3,22
3826.4,34
3826.8,32
3827.0,4
3827.3,0
3830.2,23
3830.5,18
3831.2,7
3831.2,17
3832.0,11
3832.7,2
3833.2,10
3833.4,15
3834.0,24
3834.0,26
3834.0,38
3834.2,3
3834.5,6
3836.0,13
3836.0,36
3836.4,39
3837.5,8
3838.4,5
3838.7,30
3839.0,4
3839.3,20
3839.3,21
3840.3,17
3840.6,34
3841.0,33
3841.1,1
3841.1,22
3841.6,7
3842.1,32
3842.6,10
3844.2,29
3844.3,13
3844.5,18
3844.8,35
3845.1,28
3845.4,12
3845.7,19
3845.8,11
3847.2,23
3847.3,17
3849.4,33
3849.8,30
3850.1,3
3850.1,39
3850.2,37
3850.5,38
3850.7,31
3850.9,24
3851.0,9
3851.1,1
3851.6,6
3851.9,2
3852.2,16
3852.5,28
3852.7,13
3853.0,25
3853.1,27
3853.6,0
3854.0,15
3854.7,11
3854.8,4
3854.9,7
3854.9,10
3856.1,22
3856.4,8
3856.6,35
3856.7,36
3857.2,34
3857.4,20
3857.4,29
3859.1,26
3859.3,21
3860.9,19
3861.0,33
3861.4,17
3862.1,39
3863.0,13
3864.5,12
3865.6,4
3865.7,18
3865.9,35
3866.3,6
3866.4,7
3867.1,30
3867.3,10
3868.2,37
3868.4,24
3868.5,32
3869.1,1
3869.6,23
3870.6,11
3870.7,17
3872.9,29
3873.6,28
3873.6,33
3873.7,26
3874.1,3
3874.2,2
3874.2,22
3874.4,13
3874.7,38
3874.8,15
3875.5,21
3875.7,5
3877.7,4
3877.9,34
3878.0,27
3880.1,7
3880.1,10
3880.2,0
3880.3,39
3880.5,16
3880.6,18
3880.6,19
3880.8,20
3880.9,32
3881.6,17
3882.7,30
3882.7,35
3882.7,36
3882.8,25
3883.0,13
3883.3,8
3883.4,24
3883.6,11
3886.7,6
3887.6,1
3887.9,4
3887.9,38
3888.5,3
3888.6,37
3889.8,12
3890.4,2
3891.6,5
3892.0,26
3892.0,29
3893.0,39
3893.5,7
3893.7,21
3893.7,28
3893.9,23
3893.9,33
3894.0,17
3894.2,18
3894.3,32
3894.5,9
3894.5,13
3894.5,16
3895.1,27
3895.2,10
3895.2,22
3895.5,30
3896.0,11
3897.5,36
3898.2,19
3900.2,35
3900.3,1
3901.5,31
3901.8,4
3902.0,24
3902.2,17
3902.2,34
3902.5,7
3902.7,13
3903.1,15
3903.1,39
3903.4,26
3903.6,18
3904.4,6
3906.3,8
3907.1,33
3907.4,2
3907.6,37
3907.7,0
3908.3,11
3909.9,24
3910.2,29
3910.5,10
3910.7,3
3911.4,4
3911.8,16
3912.3,38
3912.9,13
3913.2,28
3913.4,35
3914.0,17
3914.1,30
3914.3,39
3914.4,18
3914.5,32
3915.1,21
3915.2,5
3915.3,23
3915.3,36
3916.2,1
3916.4,19
3916.4,33
3916.6,22
3916.6,27
3916.6,34
3919.8,26
3920.9,12
3921.4,13
3921.5,7
3922.3,17
3922.6,6
3923.0,35
3923.2,39
3923.5,29
3924.2,4
3924.2,9
3924.3,11
3924.6,3
3924.6,10
3924.7,20
3926.6,15
3927.1,8
3927.2,38
3927.5,24
3929.4,34
3930.2,0
3931.1,18
3931.4,2
3931.4,19
3931.4,25
3931.5,6
3932.0,13
3932.1,16
3932.2,30
3932.5,39
3933.2,28
3933.3,32
3933.4,27
3934.4,1
3934.6,31
3935.1,10
3935.1,17
3935.4,7
3936.0,11
3936.0,12
3936.8,21
3936.9,23
3936.9,37
3938.0,35
3938.4,4
3938.8,36
3939.3,24
3939.4,29
3939.5,15
3939.7,33
3939.7,26
3940.0,22
3940.1,6
3942.6,5
3943.4,8
3943.7,37
3943.8,13
3944.2,20
3945.0,19
3945.1,11
3945.3,39
3945.6,32
3946.1,3
3946.6,26
3947.8,4
3947.9,18
3948.0,10
3948.6,7
3948.7,1
3949.2,30
3949.3,27
3949.6,9
3949.6,38
3949.9,17
3950.0,35
3951.0,33
3951.1,28
3951.6,13
3952.0,2
3952.0,39
3952.2,21
3952.8,0
3953.1,15
3953.3,34
3953.6,24
3955.7,11
3956.0,6
3956.2,29
3958.1,17
3958.6,10
3958.8,1
3959.4,36
3959.5,4
3960.3,37
3960.4,7
3960.7,23
3961.1,12
3961.6,22
3962.0,3
3962.0,35
3962.1,18
3962.8,39
3964.1,26
3964.7,38
3964.8,16
3965.5,11
3965.5,28
3965.6,32
3966.6,15
3966.6,19
3967.5,13
3968.0,20
3968.8,7
3969.6,10
3969.8,0
3970.0,24
3970.3,33
3970.7,18
3970.9,4
3971.1,6
3971.3,34
3971.4,1
3971.4,17
3971.4,30
3971.9,3
3972.0,13
3972.4,39
3972.8,21
3974.3,27
3974.5,11
3975.2,35
3977.1,10
3978.1,4
3978.1,32
3978.4,38
3979.3,26
3979.5,19
3979.6,7
3980.7,29
3981.9,5
3982.3,17
3982.3,33
3982.3,37
3982.5,12
3982.7,22
3982.7,23
3982.9,1
3982.9,13
3984.1,24
3984.5,11
3984.8,31
3985.2,16
3986.4,27
3986.5,18
3986.6,39
3986.9,28
3987.0,8
3987.4,4
3987.5,32
3987.7,0
3987.7,34
3987.8,6
3987.8,20
3988.2,10
3988.2,35
3988.5,36
3989.2,30
3989.7,3
3990.7,15
3991.3,7
3991.8,9
3994.0,29
3994.1,2
3994.1,13
3995.3,21
3995.4,19
3995.7,26
3996.8,4
3996.8,38
3997.7,32
3998.1,11
3998.1,17
3998.1,37
3998.3,1
3999.1,23
3999.1,28
4000.1,39
4000.2,33
4000.6,30
4002.1,8
4003.1,6
4003.3,3
4003.4,35
4004.3,5
4004.3,7
4004.3,26
4004.5,27
4004.7,11
4004.8,38
4004.9,10
4005.5,0
4005.7,1
4005.7,13
4006.1,22
4007.2,16
4007.5,30
4007.8,12
4007.9,17
4007.9,29
4008.0,18
4008.5,32
4008.8,25
4009.0,37
4009.2,24
4009.3,19
4009.4,20
4009.4,39
4009.9,4
4012.2,21
4012.3,2
4012.7,7
4013.3,15
4014.3,13
4014.4,34
4014.4,28
4014.6,6
4015.4,23
4016.5,26
4017.7,10
4018.0,39
4018.4,8
4018.7,17
4019.5,35
4019.7,33
4019.9,1
4019.9,11
4022.1,31
4022.7,37
4023.1,38
4023.2,32
4023.4,13
4023.5,12
4024.0,0
4024.2,27
4024.6,4
4024.6,7
4024.6,24
4024.7,30
4025.4,18
4025.4,29
4026.0,16
4026.2,5
4026.6,2
4026.6,22
4027.4,17
4028.3,19
4028.4,23
4028.4,39
4028.7,3
4030.4,9
4030.5,33
4030.8,10
4031.0,28
4031.1,0
4031.1,6
4031.5,34
4031.7,13
4031.9,26
4031.9,36
4032.2,35
4032.4,1
4032.4,20
4033.7,15
4034.1,7
4034.9,11
4035.8,8
4036.8,39
4037.2,38
4038.3,24
4038.8,4
4039.3,30
4040.2,16
4040.5,19
4041.7,12
4041.8,1
4041.8,17
4041.8,37
4041.8,21
4042.8,26
4043.4,18
4043.5,14
4044.4,32
4044.6,3
4044.9,13
4044.9,23
4044.9,29
4045.2,27
4045.4,11
4045.6,7
4045.6,10
4046.1,25
4047.4,6
4047.8,4
4048.0,17
4048.6,36
4048.9,2
4049.7,33
4050.1,39
4050.7,38
4050.8,28
4051.2,20
4051.2,30
4051.5,22
4051.7,24
4052.1,13
4052.5,5
4053.1,15
4053.3,8
4053.3,35
4054.4,7
4055.8,29
4056.1,21
4057.0,1
4057.6,17
4057.7,19
4057.7,26
4057.9,0
4057.9,11
4057.9,33
4058.7,10
4059.3,4
4059.4,34
4059.8,20
4060.4,23
4061.0,16
4062.4,39
4062.5,6
4063.9,32
4064.0,37
4064.3,12
4064.4,28
4064.7,18
4065.2,13
4065.8,3
4065.9,17
4066.1,19
4067.7,7
4068.6,4
4069.1,11
4069.4,10
4069.7,24
4070.1,21
4071.6,35
4072.2,1
4072.3,39
4073.5,29
4073.8,26
4074.2,27
4074.6,38
4074.8,30
4075.0,37
4075.1,2
4075.3,0
4075.4,34
4075.7,17
4075.7,22
4075.7,33
4075.8,5
4076.5,15
4077.3,7
4078.3,28
4078.4,13
4079.1,23
4079.3,18
4080.2,36
4080.4,6
4081.2,16
4081.7,11
4081.9,4
4081.9,12
4082.1,10
4084.2,30
4084.8,17
4084.9,34
4085.4,35
4085.5,24
4085.7,19
4086.3,38
4086.7,13
4087.1,32
4087.6,29
4087.9,1
4089.6,21
4090.0,37
4090.3,2
4090.3,5
4090.3,18
4090.3,39
4090.5,4
4090.6,20
4090.8,26
4091.1,8
4091.5,7
4093.1,6
4093.5,28
4094.2,10
4095.3,11
4095.3,17
4095.8,27
4095.9,0
4096.2,3
4096.3,31
4096.4,23
4096.8,24
4096.8,33
4097.2,13
4098.3,12
4098.6,22
4101.2,39
4101.8,4
4102.2,29
4102.3,1
4102.5,30
4102.5,36
4102.7,35
4102.8,7
4102.8,25
4103.2,19
4103.4,18
4103.8,26
4104.3,16
4104.6,10
4104.9,32
4104.9,37
4105.2,20
4105.2,38
4105.7,24
4105.7,28
4105.8,17
4105.9,15
4105.9,21
4107.7,11
4107.7,34
4108.5,13
4110.7,8
4111.1,2
4112.0,3
4112.0,4
4112.6,39
4112.7,35
4113.2,22
4113.5,9
4113.8,7
4114.0,37
4114.1,27
4114.7,33
4115.0,10
4115.0,6
4115.3,0
4115.8,30
4115.9,18
4116.2,11
4116.9,12
4117.3,24
4117.4,21
4117.6,38
4118.0,32
4118.1,26
4118.3,17
4118.4,29
4118.5,23
4118.6,16
4118.7,13
4120.3,19
4122.9,3
4123.3,4
4123.5,28
4123.7,20
4124.2,22
4124.4,1
4124.4,39
4125.3,15
4126.8,7
4127.1,34
4127.2,35
4127.5,33
4128.3,10
4129.2,5
4129.8,13
4129.9,17
4130.4,2
4130.8,6
4130.9,21
4131.1,16
4132.2,4
4133.0,18
4133.2,11
4133.4,37
4133.5,28
4133.9,27
4134.5,26
4134.5,36
4134.5,23
4134.9,30
4135.2,39
4135.6,38
4136.0,32
4139.4,22
4139.4,17
4140.3,10
4140.5,13
4140.6,7
4140.6,14
4140.9,24
4140.9,29
4142.1,1
4142.6,32
4143.9,35
4144.7,18
4145.2,6
4145.5,33
4146.0,23
4146.1,4
4146.5,11
4147.7,31
4147.8,38
4148.6,7
4149.4,26
4149.5,19
4149.6,13
4150.0,37
4150.1,39
4150.4,27
4150.7,3
4150.9,15
4151.0,17
4151.5,5
4151.8,8
4152.6,32
4152.6,34
4153.1,24
4153.6,29
4154.6,0
4154.6,35
4155.1,30
4155.2,2
4155.2,4
4155.3,16
4155.7,6
4155.9,11
4156.3,1
4156.9,28
4157.1,36
4157.4,17
4159.6,10
4160.3,18
4160.3,20
4160.8,13
4161.2,12
4161.8,7
4162.7,26
4163.1,29
4163.5,22
4163.5,30
4163.7,19
4164.0,39
4164.7,23
4164.9,32
4165.3,37
4165.6,11
4165.8,17
4166.2,33
4166.8,8
4167.1,3
4167.1,21
4167.5,6
4168.0,4
4168.9,10
4168.9,35
4169.2,1
4169.9,7
4170.6,38
4170.9,27
4171.5,13
4172.8,18
4173.0,26
4175.1,5
4175.1,24
4175.3,6
4175.6,0
4175.7,28
4176.0,36
4176.7,39
4177.0,17
4177.9,30
4178.3,2
4178.3,15
4178.4,16
4178.7,29
4181.3,7
4181.6,10
4181.6,34
4181.9,28
4182.1,4
4182.3,23
4182.4,3
4182.5,12
4182.5,22
4182.7,37
4182.8,25
4182.9,32
4183.0,8
4183.1,19
4183.1,33
4183.3,11
4183.5,13
4183.6,18
4183.8,35
4184.5,20
4185.2,39
4185.7,26
4189.4,24
4189.4,30
4189.4,5
4189.6,27
4190.3,21
4190.5,33
4190.6,1
4191.2,15
4191.6,17
4192.4,31
4192.6,38
4192.9,11
4193.0,4
4193.7,6
4193.8,32
4194.5,20
4194.6,34
4194.7,13
4195.0,29
4195.2,7
4195.2,18
4195.5,28
4195.8,16
4196.1,10
4196.2,26
4196.5,22
4196.9,23
4198.2,36
4198.3,19
4199.6,3
4200.1,35
4200.3,1
4201.9,2
4202.3,37
4203.3,18
4203.9,15
4204.0,5
4204.3,30
4204.4,8
4204.4,33
4204.4,39
4204.8,7
4205.8,11
4205.9,38
4206.6,17
4207.6,24
4207.7,13
4208.3,4
4209.0,32
4209.1,12
4209.6,19
4209.6,16
4210.1,6
4210.7,22
4211.1,10
4211.4,11
4211.6,9
4211.6,26
4212.2,21
4212.2,34
4212.6,0
4213.0,28
4213.5,1
4213.6,29
4215.1,39
4215.5,18
4215.6,7
4215.6,35
4216.6,3
4216.8,33
4217.4,27
4217.5,23
4218.3,17
4218.6,20
4218.7,15
4218.8,13
4219.4,32
4220.1,37
4220.3,22
4220.3,24
4220.4,10
4221.2,2
4221.4,4
4221.7,31
4221.8,8
4222.1,35
4222.8,36
4223.7,21
4226.2,30
4226.5,0
4226.5,1
4226.5,11
4226.7,33
4226.9,29
4227.3,38
4227.4,7
4228.0,39
4228.5,6
4229.0,17
4229.3,19
4229.8,13
4230.8,5
4231.7,4
4232.5,18
4232.6,3
4232.6,26
4232.8,25
4233.1,24
4233.2,9
4233.5,10
4234.3,32
4234.4,12
4234.5,28
4235.3,16
4235.5,22
4236.4,34
4236.6,13
4238.5,29
4239.2,21
4239.9,37
4240.2,35
4240.8,7
4240.9,38
4241.2,20
4241.4,11
4241.5,10
4242.4,36
4243.1,28
4243.2,2
4243.3,33
4243.5,8
4243.6,27
4243.6,30
4243.7,4
4243.7,15
4243.7,17
4244.7,39
4244.9,23
4245.1,1
4245.7,6
4246.2,0
4248.7,26
4249.1,18
4250.3,32
4250.7,22
4251.1,38
4251.2,13
4251.6,29
4251.7,24
4252.2,7
4252.5,20
4252.7,35
4253.1,3
4253.6,10
4253.6,30
4254.1,5
4254.3,4
4254.6,19
4256.2,16
4256.2,17
4256.6,11
4256.7,39
4257.0,33
4257.6,34
4257.7,21
4258.2,1
4258.5,13
4258.6,12
4259.0,15
4259.1,7
4259.9,37
4260.7,6
4262.3,35
4263.3,18
4263.6,2
4264.0,28
4264.3,4
4264.4,8
4265.0,17
4265.1,23
4265.3,26
4266.1,10
4266.2,11
4266.4,36
4266.5,32
4267.0,29
4267.1,27
4267.3,39
4267.8,34
4267.9,19
4269.2,13
4269.2,22
4269.9,24
4270.0,3
4270.0,31
4270.4,20
4270.7,0
4270.8,7
4271.3,30
4271.9,18
4273.6,28
4273.8,16
4274.1,21
4274.2,9
4274.9,15
4275.3,4
4275.5,38
4276.3,33
4276.6,1
4278.5,2
4278.9,17
4279.2,39
4279.3,22
4279.5,25
4279.5,37
4279.6,12
4279.6,5
4279.8,32
4279.9,11
4280.1,23
4280.6,35
4280.8,27
4280.9,19
4281.4,10
4281.4,29
4281.9,4
4282.2,13
4282.4,34
4282.5,8
4282.5,30
4283.2,26
4283.3,3
4283.3,7
4283.8,28
4287.3,6
4288.2,32
4288.2,39
4288.3,1
4289.0,18
4289.0,33
4289.2,12
4289.5,11
4289.9,16
4289.9,24
4290.0,36
4290.2,35
4290.9,13
4292.2,17
4292.9,26
4293.5,7
4296.9,38
4297.0,28
4297.2,4
4297.2,10
4297.6,39
4297.9,21
4298.2,6
4298.3,19
4298.4,0
4298.7,20
4298.7,22
4299.3,37
4299.4,13
4299.7,3
4299.8,15
4299.9,8
4300.0,5
4300.1,34
4300.2,32
4300.4,30
4300.5,17
4301.0,33
4301.2,23
4303.6,11
4304.0,12
4304.8,16
4305.3,29
4305.9,4
4306.3,35
4306.6,1
4306.7,18
4306.9,7
4308.1,39
4309.0,2
4309.0,30
4309.2,13
4309.2,26
4309.6,28
4310.4,10
4311.2,19
4311.5,25
4312.0,6
4312.3,17
4312.6,36
4313.8,27
4314.1,29
4314.1,33
4314.6,23
4315.1,38
4315.3,24
4315.6,5
4316.2,34
4316.4,4
4316.9,32
4317.2,22
4318.1,2
4318.4,28
4318.7,7
4318.9,11
4319.0,8
4319.2,16
4319.4,35
4319.8,1
4319.9,37
4320.3,39
4321.9,3
4322.3,0
4323.1,15
4323.7,30
4324.6,21
4324.8,10
4324.8,13
4325.3,18
4325.4,6
4325.6,12
4325.8,19
4326.9,1
4326.9,9
4326.9,26
4326.9,28
4327.1,27
4327.3,20
4327.5,11
4328.1,4
4328.1,8
4328.1,33
4328.4,7
4329.0,39
4330.8,17
4330.8,24
4330.9,22
4330.9,23
4331.3,32
4332.9,36
4333.3,35
4333.5,19
4334.0,15
4334.0,34
4334.6,13
4336.6,26
4337.0,2
4337.1,33
4337.4,29
4337.5,21
4337.6,7
4337.9,4
4338.1,30
4338.8,37
4339.3,1
4339.4,0
4339.5,18
4339.6,6
4339.8,10
4340.8,22
4340.9,20
4341.6,16
4341.6,38
4342.1,39
4342.4,11
4342.8,23
4342.9,8
4343.0,35
4343.4,5
4343.8,24
4344.7,17
4346.2,33
4346.8,32
4347.6,31
4347.8,3
4348.8,7
4348.8,9
4348.9,26
4349.0,13
4349.2,29
4350.1,28
4350.7,27
4352.1,21
4352.2,12
4352.5,30
4353.4,10
4353.6,19
4354.0,34
4354.9,1
4354.9,7
4355.3,4
4355.3,39
4355.9,16
4356.4,6
4356.4,17
4356.4,37
4356.7,18
4357.7,2
4358.6,33
4358.8,11
4359.2,35
4359.4,32
4360.1,36
4360.5,5
4361.4,13
4361.4,26
4361.7,38
4362.6,24
4363.5,22
4363.9,28
4364.9,8
4365.2,20
4366.5,4
4366.7,1
4366.7,29
4367.0,7
4367.1,19
4367.3,3
4367.6,6
4368.9,17
4369.0,18
4369.3,11
4369.3,39
4369.8,10
4369.8,15
4370.2,23
4370.8,27
4371.1,25
4371.2,33
4372.3,12
4372.5,13
4372.5,37
4374.7,0
4375.0,30
4375.1,22
4375.4,21
4375.5,34
4375.7,38
4376.5,32
4376.6,31
4377.8,16
4378.1,26
4378.7,3
4378.9,36
4379.2,4
4379.6,6
4379.8,7
4379.9,24
4380.2,8
4380.5,10
4380.7,1
4380.7,13
4380.7,19
4380.8,11
4380.9,28
4381.0,17
4381.0,30
4381.0,35
4381.1,5
4382.3,23
4382.8,39
4383.5,29
4384.7,2
4385.9,37
4387.3,26
4387.5,22
4387.6,12
4387.8,34
4388.5,33
4388.6,32
4389.1,18
4389.9,17
4390.0,13
4390.4,5
4391.8,20
4392.8,7
4392.8,10
4392.9,8
4393.0,1
4393.9,0
4393.9,19
4394.0,4
4394.1,35
4394.1,36
4394.6,15
4394.7,6
4395.6,29
4396.0,39
4396.1,11
4396.2,30
4397.1,28
4397.1,33
4397.5,23
4398.8,17
4400.4,24
4400.8,38
4400.9,3
4401.1,16
4401.9,12
4402.0,2
4402.4,15
4403.0,10
4403.5,39
4403.6,13
4403.8,7
4403.8,21
4404.3,37
4404.6,6
4404.6,27
4405.2,11
4405.2,26
4405.3,36
4405.7,1
4405.8,32
4406.4,28
4408.9,35
4409.2,5
4409.3,4
4409.7,19
4410.4,34
4410.8,33
4411.0,18
4411.1,23
4411.8,24
4412.7,17
4413.5,13
4414.5,22
4414.6,29
4415.0,30
4415.7,39
4417.3,11
4417.9,7
4418.4,28
4418.5,26
4418.8,21
4419.0,1
4419.4,6
4419.4,35
4419.5,18
4419.9,32
4420.8,27
4421.0,4
4421.6,12
4421.8,10
4421.9,13
4423.6,0
4423.6,20
4423.7,8
4424.0,36
4424.0,38
4424.1,19
4424.2,24
4424.8,37
4424.9,33
4425.4,39
4426.0,30
4426.2,9
4426.8,17
4427.0,31
4427.2,5
4427.5,15
4427.5,3
4429.0,7
4429.3,11
4430.5,16
4430.7,1
4431.6,22
4433.3,35
4433.5,23
4433.6,28
4433.8,13
4434.8,6
4434.8,10
4435.1,29
4435.2,18
4435.5,32
4435.8,33
4436.1,30
4436.2,4
4436.2,26
4436.6,39
4437.2,34
4437.6,36
4437.8,0
4438.1,11
4438.4,37
4439.4,17
4439.6,24
4440.2,21
4440.4,13
4442.4,6
4442.4,2
4442.4,15
4443.0,7
4443.8,23
4444.1,27
4445.1,1
4445.1,22
4445.4,8
4445.7,19
4446.5,32
4446.6,28
4446.8,4
4446.9,3
4447.0,20
4447.0,35
4447.2,30
4447.3,33
4447.6,26
4448.7,10
4449.4,38
4449.7,11
4449.7,18
4450.0,12
4450.4,17
4451.0,29
4451.1,31
4451.9,13
4452.5,39
4453.3,16
4453.4,36
4453.8,24
4453.9,25
4454.6,6
4454.9,5
4455.4,7
4455.6,35
4457.0,17
4457.3,22
4458.2,4
4458.9,13
4459.2,26
4459.4,34
4459.6,21
4459.8,23
4459.9,33
4460.7,15
4461.0,3
4461.6,1
4461.7,38
4462.0,28
4462.3,30
4462.6,19
4463.1,8
4463.4,27
4463.8,11
4465.3,32
4465.3,39
4466.8,10
4468.3,29
4468.4,22
4468.6,37
4468.7,0
4468.7,18
4469.3,7
4469.3,33
4469.7,6
4469.8,13
4470.1,2
4470.2,20
4470.2,35
4470.6,4
4470.6,17
4470.9,24
4471.1,19
4471.4,21
4471.8,34
4473.1,38
4474.7,28
4475.2,1
4475.6,39
4475.8,12
4475.9,23
4476.1,14
4476.2,5
4477.1,25
4477.1,26
4477.2,30
4477.7,11
4477.8,27
4478.9,17
4479.0,8
4479.2,36
4480.5,7
4482.5,32
4482.6,10
4483.3,33
4483.8,3
4483.8,4
4484.0,28
4484.1,18
4484.3,29
4484.3,35
4484.4,24
4484.4,34
4484.8,6
4485.4,16
4485.8,22
4486.5,19
4486.8,39
4487.0,37
4487.4,13
4487.9,15
4488.3,17
4489.1,11
4489.7,2
4490.2,21
4492.1,0
4492.7,7
4494.4,33
4494.8,5
4495.0,13
4495.2,26
4495.6,10
4496.2,4
4496.5,8
4497.2,37
4497.2,38
4497.7,9
4497.7,32
4497.7,12
4497.7,20
4498.0,30
4498.8,19
4500.0,35
4500.3,1
4500.4,18
4500.6,17
4500.7,39
4501.3,29
4501.8,24
4501.9,27
4502.1,6
4502.1,28
4503.0,3
4504.3,26
4504.5,23
4504.9,7
4505.1,15
4505.2,13
4505.2,22
4505.5,20
4505.8,11
4506.0,36
4507.8,31
4508.0,30
4508.8,10
4508.9,33
4509.4,16
4510.8,32
4512.1,13
4512.2,6
4513.6,35
4513.8,18
4513.9,4
4514.2,12
4514.3,17
4514.4,8
4514.4,21
4514.4,5
4514.4,37
4514.4,39
4514.6,25
4514.9,2
4516.5,19
4516.6,3
4517.8,11
4517.9,9
4518.0,1
4518.5,26
4519.0,27
4519.1,29
4519.2,10
4519.2,24
4519.3,0
4519.4,38
4519.5,7
4520.0,34
4520.7,33
4522.4,15
4523.1,13
4523.1,20
4523.1,28
4523.4,32
4523.6,4
4523.6,30
4524.0,22
4525.7,35
4529.1,17
4529.5,6
4530.0,5
4530.3,39
4530.5,23
4530.6,18
4530.9,7
4531.4,11
4531.6,10
4531.8,12
4531.8,36
4531.9,37
4532.3,24
4532.6,28
4533.2,21
4533.3,0
4533.7,26
4534.6,33
4534.8,1
4535.3,2
4535.3,30
4535.6,35
4536.0,13
4536.2,19
4536.4,32
4536.9,16
4537.7,29
4537.9,8
4538.8,6
4539.4,17
4539.9,39
4542.1,3
4542.7,22
4542.9,4
4543.0,10
4543.0,23
4543.0,27
4543.9,18
4543.9,37
4544.0,11
4544.8,28
4544.9,7
4545.5,19
4546.0,39
4546.1,24
4546.9,13
4547.0,20
4548.2,33
4548.4,15
4548.9,34
4549.5,35
4549.9,38
4550.5,32
4551.8,17
4551.8,25
4552.4,5
4552.5,1
4553.9,16
4554.2,26
4554.7,30
4554.9,7
4555.1,12
4555.8,3
4556.7,0
4556.7,4
4557.2,2
4557.4,6
4557.6,27
4557.7,8
4557.7,13
4558.1,10
4558.2,36
4558.3,23
4558.9,18
4559.0,19
4559.1,39
4559.4,17
4559.8,21
4559.8,29
4560.7,32
4560.9,11
4561.3,1
4561.3,33
4562.1,28
4563.2,37
4564.1,24
4564.3,34
4566.2,35
4566.8,38
4567.3,7
4567.4,10
4567.4,17
4569.4,15
4569.6,29
4570.1,26
4570.2,13
4570.5,4
4571.0,12
4571.6,39
4572.0,30
4572.2,32
4573.0,22
4573.7,6
4573.9,33
4574.1,19
4575.4,11
4575.7,1
4575.7,18
4575.8,24
4575.9,17
4576.3,2
4576.4,9
4577.1,3
4577.3,13
4577.4,20
4577.4,36
4577.8,27
4578.4,5
4578.7,28
4579.1,35
4579.9,10
4580.8,7
4581.5,21
4581.9,23
4581.9,38
4582.7,4
4583.0,34
4583.2,37
4583.4,29
4583.6,8
4583.9,0
4584.2,6
4585.7,39
4587.1,33
4587.5,17
4589.9,31
4590.0,15
4590.0,32
4590.1,1
4590.2,18
4590.3,13
4590.6,26
4590.6,30
4590.9,10
4591.3,11
4591.7,24
4591.7,27
4591.8,22
4592.1,7
4592.6,6
4592.8,19
4593.1,3
4593.3,28
4594.0,16
4594.8,39
4595.5,21
4596.9,35
4597.0,12
4597.5,9
4598.2,4
4598.3,8
4598.3,23
4598.6,37
4598.9,17
4599.5,25
4600.6,2
4601.0,1
4601.0,11
4601.1,6
4601.3,30
4602.5,13
4603.8,24
4604.0,18
4604.3,10
4604.8,26
4605.1,20
4605.4,33
4607.2,34
4607.6,16
4607.6,27
4607.7,39
4607.8,4
4607.8,29
4607.9,5
4608.1,36
4608.6,3
4608.6,38
4608.8,15
4609.2,17
4609.4,0
4610.1,35
4611.1,21
4611.2,7
4611.2,22
4612.5,28
4612.6,6
4613.1,19
4613.4,32
4613.5,13
4616.1,26
4617.4,11
4618.0,18
4618.0,25
4618.2,1
4618.2,33
4618.3,14
4618.3,17
4618.5,4
4619.4,12
4619.5,15
4619.7,13
4619.9,30
4619.9,37
4620.2,23
4620.6,10
4620.6,35
4621.4,29
4622.3,24
4622.5,39
4622.7,11
4623.1,8
4623.4,36
4625.0,7
4626.8,33
4626.9,27
4627.2,6
4627.6,4
4627.6,22
4627.7,38
4627.8,2
4627.8,28
4627.9,32
4628.4,17
4629.1,13
4629.9,18
4631.4,21
4631.8,0
4631.8,3
4632.0,19
4632.0,30
4632.5,26
4633.1,35
4633.2,11
4633.3,1
4633.4,5
4633.5,12
4633.6,39
4634.1,8
4634.4,37
4634.5,20
4634.7,2
4634.7,7
4634.8,10
4635.4,4
4635.8,34
4636.6,23
4638.3,33
4638.9,17
4639.3,6
4639.4,13
4640.6,36
4641.9,16
4641.9,28
4642.0,29
4643.6,30
4643.9,26
4644.0,7
4644.1,10
4644.3,1
4644.7,4
4644.7,18
4645.0,15
4645.1,32
4645.7,24
4646.0,27
4646.7,21
4646.9,37
4647.5,13
4647.5,22
4647.5,35
4647.7,5
4647.8,11
4648.8,39
4649.0,8
4650.4,33
4650.6,38
4651.9,3
4652.0,10
4652.0,17
4652.6,31
4652.8,20
4652.8,26
4653.0,19
4653.4,16
4655.4,12
4655.7,23
4656.3,34
4656.7,6
4656.9,28
4658.1,13
4660.2,4
4660.6,22
4661.2,32
4661.4,9
4661.6,10
4661.7,11
4662.2,30
4662.2,37
4662.3,29
4662.7,38
4663.1,18
4663.3,1
4663.5,25
4663.5,35
4663.7,7
4664.0,5
4664.4,0
4664.5,39
4665.9,17
4666.0,2
4666.1,33
4666.2,36
4667.4,28
4667.6,13
4669.0,6
4669.9,19
4669.9,21
4670.1,4
4670.3,26
4670.5,15
4670.6,8
4670.7,34
4671.4,16
4672.1,24
4673.4,11
4673.8,1
4673.9,7
4674.0,35
4674.5,18
4674.9,39
4675.5,27
4675.9,30
4676.5,33
4677.0,3
4677.2,10
4677.8,32
4678.6,23
4678.7,13
4678.7,28
4679.2,37
4679.7,0
4680.2,17
4681.2,6
4681.3,4
4681.5,29
4681.6,2
4682.6,7
4682.9,22
4683.9,15
4684.6,19
4685.2,34
4685.9,39
4686.7,36
4686.9,26
4687.6,38
4687.7,33
4688.7,20
4689.0,1
4689.1,11
4689.2,35
4689.7,12
4690.2,10
4690.2,21
4690.5,30
4690.8,25
4690.9,31
4691.1,16
4692.1,17
4692.9,6
4693.1,24
4693.4,7
4694.0,13
4694.3,29
4694.4,18
4695.0,28
4695.8,8
4696.4,37
4696.7,3
4698.9,4
4699.5,39
4700.0,19
4700.1,5
4700.3,27
4700.9,32
4701.1,12
4701.2,1
4701.4,15
4701.6,23
4701.6,33
4701.6,38
4701.7,10
4701.8,11
4701.8,26
4702.2,13
4702.3,36
4703.4,21
4704.3,17
4706.3,6
4706.3,35
4707.1,9
4707.8,7
4708.1,28
4708.8,34
4709.0,29
4709.0,39
4709.7,18
4710.0,4
4710.0,37
4710.4,38
4710.9,22
4711.0,0
4711.0,26
4711.5,2
4711.6,32
4711.9,30
4711.9,33
4712.2,23
4712.3,19
4713.2,11
4715.1,10
4715.1,24
4715.3,20
4715.8,15
4716.3,27
4716.6,6
4716.7,3
4716.8,1
4717.7,13
4719.4,2
4719.6,39
4720.0,16
4720.6,17
4720.9,4
4721.1,38
4721.4,28
4721.4,7
4722.8,8
4722.9,32
4723.3,36
4723.5,19
4723.8,33
4723.9,34
4724.1,30
4724.5,21
4726.7,29
4727.2,18
4727.3,1
4727.5,22
4728.2,26
4728.2,35
4730.0,17
4730.3,12
4730.6,11
4730.9,13
4731.4,24
4731.5,15
4732.2,6
4732.2,31
4732.4,37
4732.6,32
4733.1,10
4733.3,33
4734.2,39
4734.3,28
4734.4,4
4736.6,21
4736.6,23
4736.8,35
4737.4,5
4737.6,27
4738.5,26
4739.1,7
4739.4,17
4739.5,20
4740.5,11
4740.6,18
4741.5,19
4741.5,2
4742.1,9
4742.2,29
4742.3,30
4742.5,38
4742.7,1
4743.1,32
4744.0,4
4744.1,8
4744.6,15
4745.5,37
4745.8,13
4746.3,3
4747.2,10
4748.4,34
4748.4,39
4749.4,6
4749.4,28
4749.5,21
4752.2,17
4752.2,33
4752.5,13
4753.2,0
4753.4,22
4753.4,29
4753.4,35
4753.6,1
4753.6,7
4753.6,32
4754.0,19
4754.2,24
4754.5,4
4754.7,38
4754.9,10
4755.6,26
4755.8,16
4756.7,18
4756.7,37
4756.9,11
4757.2,23
4758.0,12
4758.3,20
4758.8,39
4759.9,30
4761.0,6
4762.1,17
4762.6,2
4762.6,32
4762.9,27
4763.2,3
4763.9,4
4764.4,13
4765.5,24
4765.6,7
4765.6,21
4765.6,35
4765.9,28
4765.9,36
4766.2,31
4766.5,11
4766.9,5
4767.1,39
4768.2,33
4768.5,10
4768.6,19
4768.7,22
4769.0,1
4769.6,0
4769.7,38
4770.4,18
4771.2,13
4771.3,16
4771.7,37
4772.1,23
4772.2,26
4772.6,11
4773.2,32
4773.8,29
4773.9,30
4774.0,4
4774.4,6
4775.4,15
4775.9,12
4776.6,35
4777.8,17
4778.1,25
4778.3,8
4778.5,28
4778.8,9
4779.0,34
4779.3,7
4779.8,2
4780.5,13
4780.6,10
4780.9,39
4782.1,24
4782.8,33
4783.0,3
4783.0,18
4783.8,0
4784.4,26
4784.6,4
4784.8,22
4785.0,1
4785.1,36
4785.3,21
4786.7,15
4787.1,32
4787.3,11
4787.3,38
4787.3,37
4787.5,29
4787.8,5
4788.0,19
4788.1,7
4788.1,23
4788.3,13
4788.4,20
4788.8,28
4789.4,6
4789.5,12
4790.0,34
4791.1,17
4791.5,3
4791.7,4
4791.7,10
4791.7,31
4791.8,33
4792.8,35
4793.8,27
4794.1,11
4794.4,30
4795.4,2
4795.4,39
4795.7,8
4795.9,1
4795.9,18
4796.6,16
4796.7,19
4799.7,6
4800.7,7
4800.7,13
4801.2,17
4801.2,26
4801.7,15
4801.7,29
4802.0,24
4802.4,28
4802.5,4
4802.7,23
4803.3,22
4803.7,32
4804.3,11
4807.0,33
4807.6,35
4808.4,21
4808.4,36
4808.6,30
4809.4,29
4809.5,0
4809.5,18
4809.6,10
4809.7,37
4810.2,38
4810.5,20
4810.5,26
4810.9,12
4810.9,13
4811.1,8
4811.1,28
4811.1,39
4811.3,3
4811.9,5
4812.3,9
4812.3,27
4812.7,1
4813.0,17
4813.4,7
4813.7,4
4815.9,32
4816.2,19
4817.6,11
4818.2,2
4818.2,16
4818.5,34
4821.1,13
4821.2,39
4822.0,6
4822.0,29
4822.0,33
4823.0,30
4823.5,22
4823.5,35
4823.7,10
4823.7,15
4823.9,4
4824.8,17
4826.3,38
4826.8,3
4826.9,26
4827.1,18
4827.4,1
4827.5,24
4828.3,23
4828.3,28
4829.0,36
4829.2,7
4830.8,13
4830.8,27
4831.8,30
4832.0,11
4832.2,32
4832.2,33
4833.0,19
4835.7,37
4836.8,21
4836.9,4
4836.9,7
4837.3,1
4838.1,5
4838.1,8
4838.1,17
4838.2,2
4838.3,39
4838.4,35
4838.7,6
4839.5,28
4839.6,16
4839.8,29
4839.9,10
4841.0,23
4841.8,22
4842.1,15
4842.4,20
4842.6,13
4842.6,18
4842.6,34
4842.8,14
4843.1,26
4843.3,3
4844.4,33
4845.1,30
4845.2,9
4845.5,24
4846.8,0
4846.9,32
4847.4,4
4847.5,11
4847.9,17
4848.6,37
4849.0,36
4849.1,39
4850.0,38
4851.2,7
4852.2,12
4853.1,6
4853.5,35
4853.8,23
4854.0,27
4854.6,8
4854.9,29
4855.0,24
4855.1,13
4855.1,28
4855.2,1
4855.6,19
4856.3,10
4856.4,33
4858.1,16
4858.3,22
4858.6,18
4858.6,32
4859.5,26
4859.6,39
4859.9,4
4859.9,7
4860.1,21
4860.9,2
4861.2,6
4862.3,17
4862.7,11
4864.3,3
4864.7,37
4865.7,30
4865.9,15
4866.2,35
4868.0,4
4868.1,36
4869.0,5
4869.1,10
4869.1,23
4869.2,29
4869.3,20
4869.6,33
4870.3,26
4870.4,1
4870.7,0
4870.9,13
4871.1,34
4871.2,24
4871.4,27
4871.5,38
4871.7,7
4871.8,6
4872.5,17
4872.7,28
4873.5,11
4874.8,19
4874.9,32
4875.3,4
4876.1,12
4876.2,18
4877.4,1
4877.9,8
4877.9,39
4878.2,13
4878.3,31
4878.4,37
4878.7,10
4879.0,15
4879.2,9
4879.6,22
4879.7,30
4879.9,33
4880.9,11
4880.9,26
4881.6,3
4881.7,35
4882.7,21
4883.3,2
4883.9,7
4884.7,25
4885.8,17
4885.9,27
4886.0,28
4886.0,29
4888.5,4
4888.9,6
4890.2,38
4890.2,39
4890.8,32
4890.9,10
4891.3,15
4892.1,16
4892.7,23
4892.8,11
4892.8,34
4893.2,33
4893.4,20
4893.8,13
4894.0,24
4894.3,27
4894.6,18
4894.9,19
4895.3,7
4895.3,37
4895.5,8
4896.3,26
4896.4,30
4897.2,22
4897.2,29
4898.5,36
4898.8,1
4899.1,21
4899.6,6
4899.6,12
4899.6,35
4899.8,10
4899.9,17
4900.1,4
4900.7,32
4902.3,39
4903.1,0
4903.9,13
4904.1,5
4905.4,28
4905.7,11
4905.7,34
4906.2,3
4906.3,2
4907.9,18
4908.1,38
4908.3,33
4908.7,16
4909.7,30
4909.9,24
4911.0,6
4912.0,7
4912.1,1
4912.5,26
4912.8,22
4912.8,23
4913.3,10
4913.3,17
4913.4,20
4913.5,19
4913.5,39
4913.8,15
4914.0,13
4914.3,32
4914.3,35
4914.4,31
4915.0,21
4915.7,37
4916.8,29
4918.8,4
4919.4,33
4920.4,8
4921.1,30
4922.0,24
4922.3,12
4923.0,11
4923.2,28
4923.2,32
4923.3,7
4923.5,13
4923.9,38
4924.4,26
4924.5,18
4924.8,20
4925.0,10
4925.4,1
4926.0,17
4926.5,0
4927.0,6
4927.4,36
4927.7,39
4928.4,4
4931.2,21
4931.2,34
4931.4,9
4931.5,35
4931.6,16
4932.1,11
4932.2,2
4932.2,19
4932.3,27
4932.8,22
4934.0,13
4934.0,28
4934.0,29
4934.1,38
4934.4,33
4934.5,3
4934.8,37
4935.4,30
4935.9,15
4936.2,10
4936.6,32
4936.7,7
4937.6,8
4937.9,17
4938.5,5
4939.1,1
4939.6,39
4939.7,23
4940.1,12
4940.3,6
4940.8,18
4941.7,21
4942.2,35
4942.6,25
4942.7,26
4943.0,36
4943.6,11
4943.9,24
4944.2,13
4945.2,4
4945.5,10
4946.1,17
4947.0,29
4947.7,28
4948.1,7
4948.2,32
4948.2,37
4948.7,15
4948.9,0
4949.5,19
4949.5,30
4949.8,34
4949.9,1
4950.4,39
4951.0,20
4951.9,33
4952.2,22
4952.9,35
4953.4,16
4954.8,11
4954.9,4
4955.2,6
4955.3,13
4955.5,18
4955.7,38
4956.1,3
4957.8,32
4958.3,23
4958.4,26
4958.6,17
4958.7,10
4959.9,36
4960.5,7
4960.7,15
4961.4,8
4962.4,33
4962.6,29
4963.1,1
4963.4,39
4963.6,21
4963.7,6
4963.8,12
4964.1,28
4964.4,0
4964.4,5
4965.2,37
4965.6,9
4965.6,13
4965.6,27
4966.2,30
4966.7,4
4966.8,34
4967.4,11
4968.0,19
4968.1,35
4969.1,10
4969.2,20
4970.3,22
4970.5,26
4971.3,39
4971.9,18
4972.1,7
4972.2,23
4972.8,31
4972.9,24
4972.9,33
4973.9,13
4975.2,2
4975.4,21
4975.5,38
4975.8,17
4975.9,6
4978.6,29
4978.9,35
4979.0,28
4979.5,15
4979.6,12
4979.6,32
4979.7,36
4979.8,7
4979.9,0
4980.2,16
4980.4,10
4980.8,4
4980.8,26
4980.8,37
4980.9,39
4981.1,27
4981.2,19
4981.5,1
4982.3,17
4983.0,21
4985.1,30
4986.6,11
4987.0,22
4988.0,13
4988.1,3
4989.1,24
4989.9,10
4990.0,16
4990.0,35
4990.5,18
4990.7,5
4990.9,38
4991.5,6
4991.5,33
4991.5,20
4992.7,7
4992.7,2
4993.2,28
4993.5,4
4993.9,39
4994.4,8
4994.8,23
4995.2,19
4995.7,36
4996.0,26
4996.1,29
4996.2,12
4996.3,30
4996.4,37
4996.9,17
4997.2,11
4998.0,18
4998.3,13
5001.1,4
5001.4,1
5001.6,7
5004.1,22
5004.1,35
5004.6,34
5005.5,32
5005.6,10
5005.6,31
5005.7,15
5005.7,17
5006.7,28
5006.8,26
5006.9,33
5007.2,23
5007.9,24
5008.1,3
5008.3,38
5008.5,39
5009.3,27
5009.5,18
5010.3,20
5010.5,16
5010.6,9
5010.9,29
5011.0,36
5011.4,6
5012.2,19
5012.3,7
5012.3,30
5012.9,21
5013.8,11
5013.8,13
5013.9,1
5014.3,14
5014.3,17
5014.4,10
5015.0,37
5015.3,35
5015.9,39
5016.8,4
5018.4,32
5018.6,0
5018.6,26
5020.6,20
5020.6,33
5021.2,3
5021.7,5
5022.4,34
5022.6,2
5022.8,27
5023.4,17
5023.4,18
5023.5,11
5023.5,13
5023.8,22
5024.1,10
5025.4,8
5025.9,6
5026.8,1
5027.0,7
5027.2,21
5027.6,35
5027.8,15
5027.8,29
5027.8,12
5028.1,32
5028.3,19
5028.5,28
5028.9,33
5030.1,4
5030.3,23
5030.8,24
5031.1,26
5031.5,30
5031.5,39
5034.5,17
5034.6,11
5034.6,37
5035.3,38
5035.7,36
5036.2,3
5036.6,22
5036.8,10
5038.7,13
5040.9,39
5041.0,15
5041.1,18
5042.7,7
5043.0,23
5043.2,33
5043.4,28
5043.4,35
5043.6,17
5043.7,0
5043.7,27
5043.7,34
5043.9,25
5043.9,30
5044.0,16
5044.3,4
5044.3,10
5044.8,32
5044.9,26
5045.0,20
5045.1,6
5045.4,11
5046.2,8
5046.8,13
5047.8,19
5047.9,1
5047.9,38
5048.0,29
5048.9,2
5049.0,37
5049.1,21
5049.3,5
5051.5,24
5053.1,35
5053.1,39
5053.6,4
5053.9,7
5054.9,19
5054.9,28
5055.0,10
5055.2,23
5055.2,32
5056.9,27
5057.0,36
5057.4,17
5057.5,33
5057.8,26
5058.6,16
5058.7,34
5058.8,30
5058.9,21
5059.0,15
5059.3,11
5059.7,12
5059.8,1
5059.8,18
5061.9,13
5064.2,35
5064.5,39
5064.7,22
5065.2,6
5066.5,5
5066.5,10
5066.6,20
5066.7,0
5067.2,28
5067.2,29
5067.3,3
5067.3,24
5067.4,17
5067.7,2
5067.9,8
5067.9,19
5068.4,32
5068.5,13
5069.0,11
5069.9,7
5070.5,39
5071.1,33
5071.4,18
5071.8,1
5072.4,26
5074.3,30
5074.8,12
5074.9,35
5075.0,4
5075.9,31
5076.1,37
5076.2,16
5077.9,17
5079.1,9
5079.1,36
5079.9,6
5080.2,25
5080.3,23
5080.3,38
5081.1,21
5081.5,15
5082.8,8
5083.0,13
5083.3,32
5083.4,26
5083.4,27
5083.6,10
5084.1,4
5084.2,29
5084.2,30
5084.2,18
5084.6,7
5084.9,19
5085.2,34
5085.5,22
5085.6,3
5085.7,33
5085.9,0
5085.9,17
5086.0,39
5086.1,11
5086.1,24
5086.8,1
5090.0,35
5090.1,28
5092.6,13
5094.4,23
5094.6,6
5095.0,24
5095.6,37
5095.8,2
5096.1,15
5096.2,21
5096.4,17
5097.4,38
5097.5,12
5097.5,18
5098.5,29
5099.0,1
5099.0,4
5099.5,7
5099.8,16
5099.8,26
5100.1,5
5100.2,30
5100.2,32
5100.9,0
5100.9,33
5101.3,6
5101.3,20
5101.9,10
5102.8,13
5102.8,39
5103.2,8
5105.5,11
5106.5,22
5107.4,33
5108.3,28
5108.4,17
5108.7,34
5109.4,27
5109.4,35
5109.5,19
5109.7,9
5109.7,23
5109.9,25
5110.3,38
5111.0,11
5111.0,37
5111.6,3
5111.6,12
5112.7,36
5113.0,7
5114.4,4
5114.4,30
5114.5,39
5114.9,32
5115.0,13
5115.0,29
5115.3,1
5115.4,18
5116.9,26
5117.0,6
5117.4,10
5118.3,2
5118.4,24
5119.2,17
5119.5,22
5120.2,0
5120.2,5
5120.4,15
5120.7,35
5121.0,28
5122.2,8
5122.3,32
5122.7,11
5123.8,3
5123.8,13
5124.0,30
5124.2,31
5124.8,16
5124.8,21
5124.8,33
5125.1,19
5125.4,20
5126.2,4
5126.4,1
5126.9,34
5127.0,17
5127.0,24
5127.4,38
5127.4,39
5128.7,6
5131.2,7
5131.6,12
5132.0,37
5132.9,15
5132.9,26
5133.8,13
5134.3,29
5134.4,18
5134.5,11
5134.7,4
5134.7,23
5134.7,33
5134.8,35
5135.7,10
5135.9,32
5136.3,36
5136.4,2
5137.2,28
5137.3,20
5137.5,19
5137.6,30
5137.9,22
5138.2,24
5138.7,26
5139.0,16
5139.2,17
5139.3,0
5139.3,8
5139.3,27
5139.6,5
5140.2,1
5140.2,7
5140.5,39
5140.6,6
5144.2,38
5144.4,23
5144.5,12
5145.1,25
5145.9,3
5146.7,33
5146.7,34
5147.0,13
5147.1,10
5147.8,21
5148.0,30
5148.1,9
5148.1,11
5148.5,4
5149.1,35
5149.2,1
5150.4,17
5150.7,28
5151.6,18
5152.8,26
5153.4,37
5153.8,7
5154.0,4
5154.0,32
5154.1,6
5154.2,5
5154.3,38
5154.6,39
5155.0,20
5155.2,19
5155.3,15
5155.3,16
5155.3,29
5155.7,0
5156.0,22
5157.4,13
5158.1,2
5158.2,17
5158.8,24
5159.6,10
5161.1,27
5162.0,1
5162.3,30
5162.9,18
5162.9,35
5163.3,28
5163.6,11
5163.8,36
5164.4,8
5167.0,7
5167.2,6
5167.4,29
5167.4,39
5167.8,26
5167.9,21
5168.0,3
5168.0,13
5168.0,17
5168.2,33
5168.3,4
5170.4,38
5171.0,34
5171.2,32
5171.4,35
5172.6,22
5173.2,10
5173.4,1
5173.5,31
5173.9,15
5174.0,30
5174.4,37
5174.5,18
5174.7,11
5174.7,16
5174.9,7
5175.1,19
5175.1,39
5175.2,20
5175.7,24
5176.0,23
5176.4,2
5176.7,17
5176.7,28
5180.2,12
5180.2,33
5180.4,5
5180.8,13
5181.7,32
5182.6,26
5182.8,6
5183.2,35
5183.3,27
5183.4,0
5183.4,3
5183.5,21
5184.5,29
5185.1,4
5185.3,39
5185.6,9
5185.6,25
5185.6,30
5185.7,10
5185.8,11
5185.8,19
5185.9,17
5185.9,28
5186.6,22
5187.0,8
5188.4,38
5189.9,13
5190.4,1
5190.7,7
5192.1,23
5193.0,33
5193.4,34
5193.7,18
5194.1,24
5194.3,15
5194.9,30
5195.2,35
5195.3,20
5195.4,26
5195.4,37
5195.6,29
5197.0,32
5197.5,11
5198.7,36
5198.8,17
5198.8,21
5198.9,0
5199.1,28
5199.7,2
5200.1,16
5200.4,8
5201.1,33
5201.3,12
5201.5,4
5201.9,13
5202.3,19
5202.4,39
5204.9,6
5206.6,35
5206.9,1
5206.9,10
5207.0,7
5207.4,11
5207.6,17
5207.8,30
5208.3,9
5208.3,18
5208.9,15
5209.0,37
5209.1,3
5209.7,24
5209.7,26
5209.8,27
5211.7,22
5211.9,39
5212.3,28
5212.9,38
5213.0,13
5213.4,5
5213.7,23
5214.5,34
5214.6,36
5214.8,29
5215.5,33
5216.6,21
5216.7,16
5216.8,32
5216.8,15
5217.0,4
5217.5,7
5217.6,6
5218.3,19
5219.1,35
5219.2,10
5219.4,1
5219.5,30
5220.9,3
5221.0,17
5222.9,28
5223.6,11
5224.1,13
5224.2,8
5225.5,18
5225.6,39
5226.6,12
5226.7,0
5227.0,26
5227.5,1
5227.5,20
5227.5,23
5229.0,36
5229.2,10
5229.5,22
5229.7,27
5229.9,32
5230.0,25
5230.3,4
5230.4,33
5230.5,38
5230.7,7
5230.8,29
5231.0,37
5231.1,11
5233.6,17
5233.6,24
5234.7,21
5235.4,28
5237.2,2
5237.4,4
5237.8,18
5238.0,26
5238.0,35
5238.2,13
5238.3,15
5238.4,16
5238.4,30
5238.5,1
5239.6,6
5239.6,39
5239.8,5
5239.8,34
5240.0,7
5240.6,10
5241.1,37
5241.5,17
5241.9,19
5242.4,12
5242.7,33
5242.7,3
5243.4,0
5244.6,22
5245.3,32
5246.9,29
5247.1,35
5247.2,11
5248.0,20
5248.2,1
5249.4,23
5250.3,27
5250.5,4
5250.5,28
5251.2,38
5251.4,17
5251.8,8
5252.4,18
5253.2,39
5253.7,26
5254.5,10
5254.8,7
5254.9,36
5255.1,21
5255.5,30
5255.6,9
5256.1,13
5256.9,6
5256.9,11
5257.1,3
5257.5,37
5257.7,35
5258.3,33
5259.4,24
5259.5,15
5259.5,19
5259.9,32
5260.6,2
5260.6,31
5260.7,16
5261.2,4
5261.2,34
5262.0,30
5262.1,17
5262.1,18
5262.4,1
5263.8,0
5265.0,27
5265.3,39
5265.4,21
5265.5,5
5265.9,23
5266.1,10
5266.5,28
5266.6,38
5267.1,11
5267.3,29
5268.7,22
5269.5,13
5269.7,8
5269.9,7
5270.3,33
5270.7,35
5271.2,26
5271.9,24
5273.0,6
5273.4,30
5273.6,16
5274.1,25
5274.2,1
5274.4,9
5274.5,32
5274.9,20
5275.4,4
5275.5,12
5275.5,19
5275.6,10
5275.7,39
5276.3,17
5277.4,34
5278.1,35
5278.5,11
5278.5,18
5278.9,13
5279.3,15
5279.3,36
5279.3,37
5279.8,3
5280.0,7
5280.5,2
5280.8,28
5282.0,38
5282.6,27
5282.9,4
5283.1,21
5283.1,29
5283.4,33
5283.5,22
5283.5,26
5284.1,0
5284.6,23
5284.7,24
5285.8,5
5286.2,18
5287.2,39
5287.3,17
5288.3,11
5288.8,1
5288.8,13
5290.3,6
5291.0,10
5292.8,36
5293.0,28
5293.0,30
5293.3,16
5293.4,35
5294.1,32
5294.2,22
5294.8,7
5294.8,19
5295.7,33
5295.8,31
5295.9,4
5296.0,20
5296.4,38
5296.8,29
5297.6,34
5297.8,39
5298.5,10
5299.7,15
5300.0,13
5300.9,17
5301.0,3
5301.2,37
5301.3,12
5301.5,18
5302.3,8
5302.5,6
5302.9,1
5303.0,26
5303.2,30
5303.4,11
5303.5,24
5303.5,35
5303.6,16
5303.7,0
5303.7,9
5304.0,23
5304.0,32
5304.5,39
5305.2,33
5306.1,7
5307.1,28
5307.7,5
5307.9,4
5308.1,13
5308.7,27
5309.4,36
5310.1,29
5310.2,10
5310.3,38
5311.3,11
5312.0,2
5312.0,32
5312.1,17
5313.0,1
5313.2,21
5314.6,22
5315.0,19
5315.4,6
5315.5,35
5315.6,18
5316.2,23
5316.9,7
5316.9,26
5316.9,30
5317.0,34
5318.4,39
5319.0,4
5320.1,13
5320.3,28
5321.4,33
5322.5,8
5322.6,10
5322.6,15
5323.5,29
5323.9,17
5323.9,12
5324.3,36
5324.5,20
5324.7,31
5325.0,3
5325.0,24
5326.5,37
5326.6,27
5326.7,39
5326.9,22
5326.9,30
5327.2,11
5327.4,18
5327.5,6
5327.5,35
5328.4,1
5329.0,16
5329.1,2
5329.3,29
5329.6,7
5329.6,0
5329.9,13
5330.2,4
5330.2,26
5331.9,32
5334.4,21
5336.3,25
5337.5,17
5337.6,19
5338.1,23
5338.7,20
5338.7,38
5338.8,10
5339.0,15
5339.7,26
5340.1,39
5340.3,8
5340.3,13
5340.6,11
5341.1,33
5341.4,34
5342.1,30
5342.4,28
5342.8,5
5342.8,24
5343.0,22
5343.1,18
5343.5,29
5343.9,32
5344.1,4
5344.7,3
5344.9,1
5346.7,6
5346.8,7
5347.8,12
5347.8,13
5348.3,26
5348.3,35
5348.3,27
5348.6,17
5349.4,11
5349.6,2
5351.5,36
5352.2,38
5353.1,10
5353.8,4
5354.0,39
5354.0,23
5355.1,18
5355.5,0
5355.7,37
5356.9,28
5357.0,15
5357.3,7
5357.5,5
5357.6,6
5357.6,33
5358.2,20
5358.3,13
5358.4,22
5358.5,21
5358.6,1
5358.6,9
5358.7,19
5358.7,30
5359.7,24
5359.7,35
5359.9,39
5360.1,26
5360.9,29
5361.5,17
5362.0,32
5362.3,11
5364.0,10
5364.1,12
5364.5,37
5364.9,27
5365.5,8
5366.2,3
5366.9,16
5367.1,23
5368.3,18
5368.7,4
5369.2,7
5369.4,17
5371.2,13
5371.3,33
5371.4,28
5372.2,1
5372.7,6
5372.8,36
5373.0,30
5373.3,39
5373.6,26
5373.6,32
5373.8,0
5374.2,19
5374.6,24
5374.9,34
5375.3,15
5375.3,16
5376.3,11
5376.8,38
5377.8,31
5378.1,4
5378.2,13
5378.7,2
5379.1,22
5381.4,35
5381.5,7
5383.0,29
5383.3,21
5383.9,10
5383.9,23
5384.7,18
5385.0,12
5385.5,6
5386.2,17
5386.6,39
5386.8,13
5386.8,33
5387.0,28
5387.1,27
5387.3,32
5387.4,4
5387.5,30
5387.7,20
5387.9,3
5388.1,19
5389.9,1
5390.4,26
5390.6,11
5391.3,22
5392.1,24
5392.4,15
5392.4,29
5392.4,0
5393.1,38
5393.4,8
5393.9,10
5393.9,37
5394.7,7
5395.2,6
5395.8,35
5396.2,32
5396.3,28
5397.4,33
5397.6,17
5397.6,36
5399.0,13
5400.1,4
5400.1,3
5400.3,16
5400.3,39
5402.3,23
5402.5,18
5402.9,30
5403.1,20
5403.1,1
5403.4,11
5404.3,10
5404.3,21
5404.3,29
5405.4,6
5405.5,24
5405.8,7
5405.8,38
5406.5,5
5406.5,26
5407.0,13
5407.2,35
5407.3,17
5407.4,19
5407.5,27
5407.6,25
5408.4,4
5408.5,2
5409.0,9
5409.5,34
5410.4,28
5410.8,15
5411.2,22
5411.4,33
5411.9,12
5412.2,30
5412.3,36
5412.3,39
5413.0,21
5413.1,32
5413.8,18
5415.1,13
5415.8,8
5416.3,29
5416.5,7
5416.5,17
5418.8,1
5419.0,0
5419.8,37
5420.4,4
5420.4,5
5421.8,26
5422.0,11
5422.3,19
5422.3,20
5423.3,38
5423.8,10
5423.8,27
5423.8,35
5424.1,24
5424.1,28
5424.1,39
5424.7,17
5424.8,3
5424.8,6
5424.9,13
5425.3,33
5426.9,23
5427.1,22
5428.2,30
5428.5,4
5428.6,2
5429.6,18
5430.2,16
5431.1,12
5431.7,7
5431.8,1
5431.9,36
5432.1,21
5432.3,34
5432.6,13
5432.9,6
5433.0,11
5433.0,29
5433.2,27
5433.5,31
5433.8,15
5434.2,35
5434.8,26
5434.8,10
5435.0,4
5435.5,39
5436.5,32
5437.9,8
5438.5,24
5439.6,28
5440.2,13
5440.3,19
5440.6,33
5441.2,20
5441.4,0
5441.6,17
5442.3,12
5442.9,11
5443.8,6
5444.6,23
5445.0,7
5445.3,37
5446.2,38
5446.7,1
5447.2,34
5447.5,39
5447.6,22
5447.7,30
5448.0,21
5448.5,2
5448.9,32
5449.1,18
5449.2,35
5449.8,4
5450.1,13
5450.2,36
5450.4,28
5450.9,10
5451.9,17
5453.7,26
5454.0,19
5454.2,5
5454.5,27
5454.6,6
5454.9,29
5455.7,15
5456.0,3
5456.3,11
5456.7,24
5457.0,16
5457.8,7
5457.8,13
5459.7,39
5459.8,35
5460.2,33
5460.6,1
5460.9,17
5462.5,4
5462.5,28
5463.2,30
5463.3,23
5463.4,32
5464.1,18
5464.7,21
5464.8,8
5464.9,11
5465.1,20
5466.2,10
5466.2,22
5467.3,29
5467.6,19
5467.9,26
5468.3,37
5468.5,0
5469.0,28
5469.1,13
5469.2,35
5469.8,12
5470.3,17
5471.2,24
5472.1,32
5472.7,1
5472.9,38
5473.6,4
5473.6,10
5473.8,6
5473.8,34
5473.9,7
5474.6,27
5474.8,39
5474.8,15
5477.0,13
5477.1,33
5477.5,30
5478.0,11
5479.0,36
5480.5,22
5481.1,37
5481.2,16
5482.7,35
5482.8,31
5483.3,1
5483.8,8
5484.1,24
5484.5,18
5484.5,32
5484.7,29
5484.9,3
5484.9,7
5484.9,21
5485.9,10
5485.9,19
5486.3,17
5487.0,28
5487.3,26
5487.9,2
5488.0,13
5488.1,30
5488.7,11
5489.5,15
5490.7,0
5490.9,16
5492.1,4
5492.1,23
5492.6,38
5493.5,17
5494.0,39
5494.3,6
5494.7,20
5494.9,33
5496.0,5
5496.5,13
5496.6,7
5496.7,30
5497.2,22
5497.2,32
5497.6,1
5497.6,36
5497.8,18
5498.3,37
5500.6,26
5501.1,10
5501.8,34
5502.2,11
5502.6,35
5504.1,9
5504.7,4
5505.2,13
5505.2,15
5505.4,33
5505.7,27
5506.5,38
5506.7,19
5507.4,2
5507.4,23
5507.4,29
5507.6,1
5507.7,39
5507.8,24
5508.0,17
5508.0,31
5510.6,7
5511.4,28
5512.4,11
5512.5,6
5512.5,10
5512.5,18
5512.5,21
5512.7,3
5512.9,8
5514.2,32
5514.4,16
5514.7,30
5515.0,22
5515.1,24
5515.3,0
5515.4,26
5515.9,12
5516.4,4
5517.1,20
5517.7,13
5517.9,35
5518.4,33
5521.6,37
5521.8,19
5522.1,36
5522.4,17
5522.5,23
5523.0,1
5523.8,32
5524.3,34
5525.1,18
5525.6,4
5525.6,29
5526.2,38
5526.5,28
5526.5,39
5526.6,13
5526.8,3
5526.8,11
5527.5,6
5527.9,15
5528.0,35
5528.4,2
5528.5,30
5528.7,21
5529.3,26
5531.8,7
5531.9,16
5532.0,27
5532.7,10
5533.0,33
5533.8,5
5534.2,24
5534.8,19
5535.0,20
5535.6,37
5536.5,13
5536.5,17
5536.6,8
5536.9,1
5537.3,29
5537.6,4
5538.0,35
5539.4,6
5540.6,33
5541.2,0
5541.4,32
5541.5,11
5542.2,18
5542.2,39
5542.4,28
5542.7,27
5542.8,12
5543.2,38
5543.3,13
5544.0,22
5544.1,16
5544.2,15
5544.2,21
5544.4,2
5544.6,30
5544.7,7
5544.7,23
5545.4,3
5545.9,34
5547.5,26
5550.1,17
5550.4,29
5550.7,18
5551.4,25
5551.5,37
5551.6,19
5551.7,8
5551.7,35
5552.0,6
5552.2,36
5552.5,10
5552.5,4
5553.7,7
5553.9,24
5554.0,9
5554.2,39
5554.6,3
5554.7,20
5555.2,16
5555.2,32
5556.2,11
5556.2,13
5556.4,33
5557.3,27
5558.6,21
5558.8,10
5558.9,22
5559.2,1
5559.5,6
5559.8,17
5560.7,2
5561.2,28
5562.1,4
5562.1,26
5562.1,29
5562.7,15
5562.8,30
5564.2,7
5565.2,34
5565.6,12
5565.7,23
5566.2,13
5566.9,8
5568.1,0
5568.1,32
5568.3,38
5568.4,39
5569.9,17
5570.7,35
5570.8,18
5570.8,30
5571.2,19
5571.2,33
5571.9,2
5571.9,10
5572.9,1
5572.9,11
5573.0,36
5573.4,24
5573.4,25
5573.8,37
5575.1,6
5575.4,7
5575.4,20
5575.8,4
5576.1,5
5576.7,39
5576.8,16
5577.6,13
5577.6,26
5577.7,15
5578.1,22
5578.1,29
5579.8,28
5580.4,18
5581.5,21
5581.6,9
5581.6,17
5581.7,34
5582.1,23
5582.5,10
5583.5,2
5583.8,33
5584.0,5
5584.4,30
5585.1,4
5585.1,11
5585.6,3
5586.3,27
5586.4,8
5586.6,1
5587.1,13
5587.6,20
5587.8,19
5588.8,38
5589.0,39
5590.1,37
5591.5,32
5592.1,12
5592.5,10
5592.9,7
5593.3,26
5593.3,28
5593.3,34
5593.6,35
5593.7,16
5593.8,17
5593.9,6
5594.1,29
5594.2,0
5594.2,24
5594.7,18
5595.1,36
5596.2,15
5597.0,11
5597.0,33
5597.1,22
5597.5,3
5599.3,13
5599.4,4
5599.4,37
5599.8,39
5601.5,30
5602.4,1
5602.6,6
5602.6,21
5603.4,17
5603.5,19
5604.2,35
5604.8,5
5604.9,27
5605.1,13
5605.4,18
5606.2,8
5606.5,24
5607.3,7
5608.0,38
5609.6,4
5609.7,2
5610.3,15
5610.5,10
5611.1,11
5611.3,26
5611.9,32
5612.0,33
5612.2,0
5612.3,39
5612.5,23
5612.6,17
5612.7,28
5614.5,16
5614.6,29
5614.8,19
5614.9,7
5615.2,25
5615.5,36
5615.8,9
5615.8,30
5616.1,34
5616.2,11
5616.2,21
5616.4,1
5617.3,13
5617.4,6
5617.5,10
5617.5,22
5618.8,35
5620.9,8
5621.2,38
5621.4,4
5621.9,3
5622.5,18
5622.5,20
5623.2,15
5623.2,33
5623.3,28
5624.0,17
5624.0,37
5624.2,12
5624.2,27
5625.1,39
5625.3,0
5626.5,2
5627.6,24
5627.7,13
5627.8,1
5628.0,6
5629.2,11
5629.9,30
5630.1,10
5630.4,32
5630.4,35
5631.0,7
5631.0,19
5631.1,5
5631.1,26
5631.2,4
5631.6,21
5631.8,14
5632.2,17
5632.5,36
5634.2,28
5634.3,39
5634.4,29
5635.2,16
5635.7,34
5636.0,3
5636.4,12
5636.6,23
5637.2,18
5637.4,37
5637.7,9
5637.9,4
5638.8,13
5639.4,22
5641.4,10
5641.6,33
5641.6,35
5642.1,1
5642.1,15
5642.3,24
5642.6,17
5642.6,30
5642.8,7
5642.8,38
5643.2,6
5643.4,31
5644.0,32
5646.4,11
5647.2,27
5647.5,39
5648.1,29
5648.2,26
5649.1,8
5649.5,20
5649.6,13
5649.6,37
5649.8,19
5650.0,22
5650.1,18
5650.9,2
5652.0,4
5652.7,33
5653.0,17
5653.3,3
5654.0,5
5654.3,12
5654.3,35
5654.3,24
5654.9,28
5655.8,26
5656.2,10
5656.3,6
5656.3,38
5657.1,23
5657.2,0
5657.3,39
5657.5,1
5657.6,21
5658.3,16
5658.7,7
5658.9,11
5659.6,30
5659.7,32
5661.5,4
5661.9,13
5662.1,36
5662.3,29
5662.5,37
5662.6,18
5662.8,15
5663.1,34
5663.6,35
5664.5,17
5664.5,19
5667.6,33
5667.7,28
5668.0,12
5668.3,7
5668.8,21
5668.9,9
5668.9,11
5669.1,2
5669.3,22
5669.6,39
5670.3,10
5670.7,23
5671.5,17
5672.1,4
5672.9,24
5673.5,26
5673.8,13
5673.9,38
5674.3,27
5674.8,6
5675.0,16
5675.2,8
5675.8,20
5675.9,1
5675.9,30
5676.0,29
5676.4,32
5677.2,15
5678.5,5
5678.9,7
5680.1,11
5680.4,35
5680.5,3
5680.5,18
5681.5,22
5681.8,33
5682.8,36
5683.1,21
5683.3,28
5683.4,0
5683.6,13
5684.1,17
5684.2,1
5684.2,37
5685.5,34
5686.9,19
5687.3,24
5687.6,39
5688.5,7
5689.6,4
5690.5,10
5691.9,30
5692.3,16
5692.4,8
5692.4,31
5692.6,26
5692.6,29
5693.1,18
5693.3,11
5693.3,20
5693.3,27
5693.4,12
5693.4,13
5693.5,23
5693.9,1
5694.2,33
5695.0,38
5695.6,15
5695.7,6
5696.0,22
5696.0,35
5696.6,32
5697.6,17
5698.0,28
5700.2,39
5700.4,7
5700.9,10
5701.1,30
5701.8,34
5702.3,37
5703.1,24
5703.6,21
5703.7,18
5703.9,4
5704.2,8
5704.6,1
5705.1,13
5705.2,19
5705.4,29
5705.6,33
5705.8,11
5706.2,26
5707.8,23
5708.5,17
5709.2,7
5709.7,32
5709.9,39
5710.1,13
5711.7,22
5712.3,2
5713.1,3
5713.5,10
5713.8,35
5714.1,6
5714.9,28
5714.9,30
5715.1,15
5715.3,5
5715.9,0
5716.2,21
5716.4,27
5716.7,4
5717.0,36
5717.9,38
5718.5,1
5718.5,11
5719.2,26
5719.5,7
5720.1,29
5720.4,20
5720.7,17
5720.8,39
5721.2,19
5721.7,33
5722.3,18
5722.5,13
5722.8,32
5722.8,37
5723.5,12
5724.4,34
5724.8,24
5725.3,3
5725.4,10
5726.3,4
5727.8,8
5727.8,35
5728.2,30
5728.6,6
5728.8,16
5729.0,22
5729.0,28
5729.6,23
5730.2,2
5730.3,11
5731.9,1
5732.6,38
5733.1,15
5733.3,13
5734.5,29
5734.9,24
5735.1,39
5735.4,7
5736.4,0
5736.6,26
5736.9,18
5737.0,36
5737.2,33
5737.6,4
5737.9,10
5738.2,17
5738.5,20
5738.5,32
5738.7,12
5739.1,21
5739.2,9
5739.3,6
5739.3,30
5739.4,27
5739.5,35
5739.9,31
5740.3,19
5740.6,3
5741.1,37
5742.4,13
5744.6,23
5745.0,5
5745.4,7
5746.1,26
5746.2,1
5746.2,11
5746.6,24
5746.9,32
5747.2,17
5748.6,39
5748.8,4
5748.8,34
5749.1,22
5749.4,28
5749.7,33
5749.9,2
5750.1,6
5750.2,0
5750.5,18
5750.7,38
5751.6,8
5752.2,13
5752.4,29
5752.4,35
5752.9,10
5753.2,11
5753.6,16
5753.6,19
5755.2,7
5758.1,32
5758.4,30
5758.5,26
5758.7,37
5759.2,3
5759.8,27
5760.0,17
5760.3,1
5760.3,36
5761.2,5
5761.3,4
5761.4,21
5761.8,24
5762.4,12
5763.1,6
5763.8,13
5763.8,22
5763.9,10
5764.4,35
5764.4,29
5764.7,39
5765.2,34
5765.9,11
5766.5,7
5767.4,15
5768.6,16
5768.9,23
5769.6,28
5771.1,18
5771.4,20
5771.9,19
5771.9,26
5772.2,33
5772.8,30
5773.0,17
5773.1,10
5773.2,1
5773.8,39
5774.6,21
5774.7,8
5775.1,11
5775.3,22
5775.5,13
5775.5,32
5775.5,35
5775.7,4
5775.8,24
5775.8,27
5776.2,7
5776.2,37
5776.6,38
5776.9,12
5778.6,28
5779.9,6
5782.2,3
5782.3,9
5782.4,2
5782.5,15
5782.8,10
5785.2,26
5786.9,30
5786.9,29
5787.1,0
5787.3,23
5787.5,22
5787.6,5
5787.6,11
5787.7,4
5788.4,1
5789.3,37
5790.2,36
5790.3,24
5790.5,16
5790.7,35
5790.8,17
5790.8,33
5791.0,26
5791.3,28
5792.0,32
5792.3,13
5792.3,27
5792.5,38
5792.7,18
5793.0,21
5793.0,10
5793.7,7
5795.5,8
5795.6,6
5795.6,20
5795.8,39
5797.6,12
5797.8,34
5798.4,15
5798.8,11
5800.3,4
5801.0,17
5801.6,13
5801.6,19
5802.0,39
5802.1,26
5802.2,29
5802.4,1
5802.4,23
5802.8,33
5803.4,28
5803.7,0
5803.7,2
5803.7,32
5804.0,30
5805.5,7
5806.8,37
5806.9,3
5806.9,24
5807.1,38
5807.7,35
5808.3,10
5808.7,22
5809.3,5
5809.7,8
5809.8,18
5810.7,17
5811.0,36
5811.2,16
5811.5,12
5812.2,11
5812.4,6
5812.4,27
5813.1,13
5813.1,23
5813.8,39
5813.9,37
5816.1,1
5816.2,33
5816.5,20
5817.0,24
5817.4,21
5817.9,4
5817.9,7
5818.7,29
5819.1,10
5819.1,17
5819.3,35
5819.6,30
5819.9,32
5820.1,15
5820.1,28
5820.5,8
5822.2,19
5823.7,18
5824.2,37
5824.3,3
5824.8,34
5825.1,26
5825.4,2
5825.7,13
5828.4,0
5828.8,28
5829.0,4
5829.0,39
5829.2,23
5830.2,11
5830.3,38
5830.7,5
5830.7,6
5830.9,9
5831.0,17
5831.5,33
5831.8,24
5831.8,30
5832.0,12
5832.4,27
5832.9,15
5833.4,22
5833.5,1
5833.5,7
5833.9,10
5834.8,35
5834.9,21
5835.2,32
5836.4,13
5836.9,19
5838.6,17
5840.4,39
5840.6,26
5840.8,3
5840.8,4
5841.0,18
5841.1,8
5841.1,20
5841.4,36
5841.7,30
5841.8,29
5841.8,6
5841.8,33
5842.1,35
5842.1,10
5842.4,28
5842.5,16
5842.8,11
5846.3,7
5847.4,13
5847.9,37
5850.4,5
5850.9,15
5851.3,2
5851.6,18
5851.6,35
5851.7,1
5851.7,17
5851.7,23
5851.7,38
5851.8,19
5852.2,39
5852.4,26
5852.6,32
5853.0,24
5853.2,4
5853.4,11
5854.3,28
5855.2,6
5856.0,7
5856.3,34
5856.4,33
5856.9,29
5857.4,36
5857.7,22
5858.3,0
5858.4,30
5858.7,8
5858.8,13
5859.2,12
5859.6,1
5859.7,10
5862.0,17
5862.0,3
5862.0,21
5863.4,18
5865.0,35
5865.4,11
5866.1,13
5866.2,4
5866.2,39
5866.7,26
5867.0,24
5867.5,33
5868.0,37
5868.0,38
5868.2,20
5868.4,6
5868.5,30
5869.0,16
5869.6,29
5869.9,27
5870.8,19
5872.9,7
5873.2,2
5873.4,23
5873.8,17
5873.8,15
5875.1,31
5876.1,32
5876.2,28
5876.4,4
5876.5,1
5876.8,18
5876.8,25
5876.8,26
5877.5,11
5878.0,0
5878.4,22
5878.7,34
5878.7,39
5879.0,10
5879.6,13
5880.2,30
5880.2,7
5880.2,16
5880.8,8
5880.9,19
5880.9,35
5881.0,3
5882.1,21
5882.2,5
5883.4,38
5883.6,17
5885.0,33
5886.2,6
5886.4,29
5886.6,36
5887.6,11
5887.8,24
5888.1,4
5888.5,13
5888.8,37
5889.0,28
5889.4,20
5889.4,15
5890.1,18
5890.3,32
5890.4,12
5890.7,27
5890.7,39
5891.2,1
5891.4,10
5892.9,7
5894.1,30
5894.7,5
5894.9,3
5895.5,26
5896.4,17
5896.7,8
5896.7,35
5896.9,22
5897.0,19
5897.0,33
5897.2,23
5898.2,39
5899.4,11
5899.4,38
5899.6,0
5899.6,6
5899.7,28
5900.4,4
5900.6,24
5900.9,34
5901.4,29
5901.6,15
5901.9,2
5902.3,36
5902.4,13
5903.1,10
5905.2,1
5905.2,18
5905.6,12
5906.7,7
5907.5,26
5907.7,30
5907.7,31
5908.4,32
5908.5,10
5908.7,20
5908.8,6
5908.9,29
5909.0,9
5909.1,8
5909.1,13
5909.2,17
5909.2,35
5909.2,39
5909.4,37
5909.5,16
5909.5,22
5909.6,33
5910.0,11
5910.1,27
5910.2,21
5910.3,19
5911.6,4
5915.5,23
5915.6,0
5915.6,3
5916.8,11
5917.4,39
5918.3,34
5918.9,13
5918.9,24
5919.1,35
5919.6,29
5919.7,36
5919.9,28
5920.0,1
5920.2,15
5920.2,32
5920.4,38
5920.7,33
5920.9,7
5921.1,8
5921.3,17
5921.4,2
5921.6,27
5922.4,18
5923.4,10
5923.6,5
5924.0,19
5924.0,26
5924.1,4
5924.5,6
5924.5,39
5926.3,21
5926.4,11
5927.5,12
5927.9,37
5928.1,7
5928.2,30
5929.3,16
5929.4,18
5930.1,24
5930.2,13
5930.8,22
5931.7,15
5931.8,4
5931.9,28
5932.2,3
5932.3,38
5932.5,17
5933.7,10
5933.9,33
5934.0,29
5934.1,0
5934.1,39
5934.3,19
5935.9,7
5936.7,1
5937.7,6
5938.2,32
5938.5,23
5939.0,35
5939.3,20
5941.7,21
5942.0,11
5943.1,10
5943.3,13
5943.6,26
5943.6,34
5943.8,22
5944.1,4
5944.6,30
5944.6,36
5945.0,27
5945.0,29
5945.1,17
5945.3,9
5945.5,15
5945.5,33
5946.0,5
5946.0,12
5946.1,2
5946.1,35
5946.7,0
5946.8,37
5947.9,24
5948.4,1
5948.5,39
5949.9,6
5950.2,19
5950.4,3
5950.4,18
5950.8,7
5951.6,32
5951.8,8
5953.0,13
5953.4,38
5953.9,23
5954.1,26
5955.5,28
5956.6,35
5956.7,11
5956.9,16
5957.0,17
5957.2,10
5957.5,7
5957.7,4
5958.0,29
5960.0,36
5960.2,39
5960.5,19
5960.7,30
5960.9,20
5961.4,18
5961.7,22
5961.8,34
5962.0,15
5962.0,33
5962.6,8
5962.8,21
5963.0,25
5963.4,6
5964.1,3
5964.8,37
5965.1,24
5965.2,17
5967.4,7
5967.5,0
5967.6,32
5967.7,10
5968.0,27
5968.1,26
5968.2,13
5968.6,5
5969.2,1
5969.2,29
5971.6,38
5972.2,4
5972.4,23
5972.5,35
5972.6,30
5972.8,39
5972.9,2
5972.9,19
5972.9,22
5973.1,11
5974.0,6
5974.0,12
5974.4,33
5974.4,9
5974.7,28
5976.0,18
5976.1,16
5976.5,13
5976.8,36
5979.5,26
5979.6,21
5980.3,10
5981.0,3
5981.1,4
5981.8,37
5981.9,5
5982.1,17
5982.5,8
5982.6,32
5982.7,7
5982.8,1
5982.8,24
5982.8,39
5983.1,38
5984.7,27
5985.3,29
5985.4,11
5987.3,18
5987.3,30
5987.5,13
5987.9,36
5988.0,33
5988.2,6
5988.3,19
5988.3,22
5988.9,15
5989.6,23
5990.2,24
5991.9,17
5992.0,20
5992.4,34
5992.5,28
5993.3,0
5993.7,33
5993.8,35
5994.1,4
5994.2,10
5995.4,26
5996.3,30
5996.4,2
5996.7,16
5996.8,32
5997.1,12
5997.9,21
5998.1,11
5998.3,5
5998.4,1
5998.6,13
5998.8,15
5998.8,39
5999.1,7
6000.0,6
6000.1,31
6001.0,18
6001.7,25
6002.5,3
6002.9,4
6003.0,24
6003.3,19
6003.6,37
6004.2,8
6004.3,29
6004.4,17
6004.4,33
6004.7,22
6004.9,27
6006.8,11
6008.0,23
6008.1,10
6008.8,20
6009.7,7
6010.1,13
6010.3,36
6011.0,38
6011.9,28
6012.4,26
6012.5,30
6012.6,35
6012.6,39
6013.2,32
6013.5,15
6016.3,18
6016.4,1
6016.5,33
6016.5,37
6016.9,0
6017.6,19
6017.7,6
6017.7,17
6017.9,10
6018.9,24
6019.0,16
6019.6,29
6021.2,8
6021.3,4
6021.3,35
6021.9,13
6021.9,26
6022.0,5
6022.0,11
6022.2,2
6022.2,27
6022.3,12
6022.4,7
6022.6,3
6022.6,39
6022.9,23
6023.1,18
6023.2,20
6023.5,21
6023.8,34
6024.2,22
6027.6,32
6028.9,30
6029.8,33
6030.0,13
6030.3,9
6030.8,1
6031.1,11
6031.6,17
6031.9,10
6032.1,6
6032.1,38
6032.3,3
6032.4,15
6032.7,18
6032.8,24
6033.0,4
6033.2,29
6033.3,37
6033.5,35
6034.8,7
6035.4,28
6035.8,2
6036.1,26
6036.2,23
6036.7,39
6036.8,27
6040.0,22
6040.6,13
6041.2,15
6041.3,20
6042.1,17
6042.1,19
6042.4,32
6042.8,4
6042.9,7
6042.9,36
6043.0,5
6043.0,6
6043.0,12
6043.0,30
6043.0,10
6043.3,21
6043.9,34
6046.0,26
6046.2,1
6046.6,33
6047.6,18
6047.8,11
6048.7,39
6049.5,8
6050.0,24
6051.3,3
6051.5,28
6051.6,13
6052.0,17
6052.5,23
6052.7,10
6052.8,7
6052.8,12
6052.8,29
6053.2,36
6053.6,35
6053.9,0
6053.9,4
6054.0,30
6054.0,27
6054.5,32
6054.8,15
6055.0,6
6055.0,16
6055.4,38
6056.3,2
6056.5,5
6056.6,37
6057.1,18
6057.3,1
6057.4,22
6058.1,39
6058.3,19
6061.2,13
6061.6,21
6061.7,11
6062.2,17
6063.0,26
6063.7,23
6063.9,4
6064.0,24
6064.0,28
6064.2,3
6064.7,10
6065.9,30
6066.2,35
6066.2,8
6067.3,33
6067.6,7
6068.1,29
6068.7,34
6068.9,6
6068.9,36
6069.8,39
6070.2,12
6070.4,27
6070.5,31
6070.7,38
6070.8,32
6071.9,2
6072.1,17
6072.3,0
6072.5,1
6072.8,11
6073.8,15
6074.0,13
6075.0,19
6075.1,10
6075.4,37
6075.9,20
6076.0,18
6076.4,4
6076.7,24
6076.9,22
6076.9,26
6078.3,35
6078.9,28
6080.1,29
6080.2,7
6080.3,16
6080.8,33
6081.0,6
6081.1,11
6081.6,21
6081.6,38
6081.7,39
6082.3,4
6082.3,34
6083.7,30
6084.1,1
6084.8,13
6086.1,17
6087.0,26
6087.1,8
6087.6,23
6088.2,2
6088.4,12
6088.5,5
6088.8,32
6089.1,0
6089.4,10
6089.6,3
6089.6,33
6090.0,4
6090.0,35
6090.1,22
6090.3,39
6090.8,15
6092.1,6
6092.1,20
6092.4,18
6092.6,36
6092.9,9
6093.1,11
6093.6,7
6094.2,37
6094.4,30
6094.9,29
6095.0,16
6095.5,24
6095.7,13
6097.6,1
6098.3,32
6099.0,19
6099.4,28
6099.4,33
6100.7,17
6101.3,10
6101.3,39
6102.0,27
6102.1,21
6102.6,2
6102.7,23
6102.8,4
6102.8,7
6103.4,26
6103.8,6
6105.3,34
6105.5,11
6106.8,12
6106.8,37
6106.8,38
6107.0,15
6107.1,0
6107.4,31
6107.5,18
6107.6,30
6107.7,35
6108.0,16
6108.1,20
6108.5,3
6108.6,8
6109.2,22
6109.3,13
6109.4,1
6110.0,5
6110.8,32
6111.4,28
6111.5,7
6111.9,17
6112.5,29
6113.9,36
6114.7,33
6115.2,19
6115.7,10
6115.8,4
6116.5,27
6117.6,13
6118.4,21
6118.7,15
6118.8,37
6119.0,18
6119.2,24
6120.6,1
6120.7,39
6121.1,11
6121.1,26
6121.6,6
6121.7,2
6122.0,29
6122.9,17
6123.2,38
6124.2,34
6124.6,13
6125.2,22
6125.2,35
6126.0,25
6126.6,33
6126.7,23
6127.2,4
6127.6,12
6128.1,20
6128.9,16
6129.4,28
6129.6,32
6129.9,19
6129.9,30
6130.5,7
6130.9,27
6131.1,3
6131.1,24
6131.4,10
6132.0,18
6132.0,26
6132.3,0
6132.3,17
6132.3,31
6132.9,37
6135.4,35
6135.7,39
6135.8,5
6136.5,29
6136.9,13
6137.9,6
6138.2,2
6138.2,33
6138.7,11
6140.1,15
6140.2,4
6140.3,1
6140.8,17
6140.9,3
6140.9,24
6141.3,10
6141.6,32
6141.8,22
6141.9,7
6142.1,38
6142.3,34
6142.4,8
6143.6,28
6145.8,18
6146.4,33
6147.3,37
6148.7,36
6148.9,39
6149.0,27
6149.5,11
6149.5,21
6149.6,23
6149.9,26
6150.0,35
6150.3,4
6150.8,13
6151.8,17
6151.9,29
6152.0,10
6152.7,19
6152.9,32
6153.6,7
6154.9,28
6155.2,0
6155.2,1
6155.5,33
6155.7,16
6156.6,30
6156.7,5
6157.1,34
6157.7,6
6159.7,4
6160.0,24
6160.2,26
6160.7,38
6160.9,17
6160.9,20
6161.0,18
6161.0,35
6161.3,15
6161.3,39
6161.4,28
6162.1,19
6164.6,29
6164.9,3
6165.3,8
6165.3,13
6165.5,9
6165.5,10
6165.7,11
6165.9,12
6166.2,2
6166.7,23
6166.8,33
6167.4,32
6168.7,4
6169.5,22
6169.6,18
6169.7,30
6170.0,1
6170.6,21
6171.6,17
6171.9,35
6172.5,28
6172.9,11
6173.1,37
6173.3,6
6173.6,29
6173.7,7
6175.2,26
6175.9,20
6176.3,32
6176.5,10
6176.5,36
6176.6,19
6177.0,24
6177.5,15
6177.8,33
6177.9,4
6178.0,0
6178.1,13
6179.4,27
6179.9,39
6181.4,31
6181.7,18
6181.9,12
6182.2,16
6182.6,30
6182.8,28
6183.1,8
6184.0,17
6184.2,1
6184.7,7
6185.5,38
6187.0,13
6187.4,3
6187.4,35
6188.4,2
6189.1,29
6189.4,5
6190.0,34
6190.0,39
6190.4,10
6191.0,4
6191.2,33
6191.5,26
6191.8,6
6191.9,23
6191.9,36
6192.4,11
6192.4,21
6193.4,17
6194.1,32
6194.6,15
6195.2,37
6195.4,38
6195.6,13
6195.8,28
6196.0,1
6196.1,7
6196.8,24
6197.0,19
6198.1,27
6198.3,8
6198.7,18
6199.1,6
6199.3,22
6199.7,35
6199.8,4
6200.6,0
6201.1,17
6201.2,3
6201.5,30
6201.5,34
6201.7,33
6202.5,10
6202.6,11
6204.8,12
6204.9,16
6204.9,20
6205.2,39
6206.0,31
6206.1,23
6206.4,37
6206.5,13
6207.0,29
6207.1,2
6207.1,32
6208.4,26
6208.6,30
6208.6,35
6208.7,24
6209.1,6
6209.6,7
6209.9,36
6210.1,21
6211.0,1
6212.1,17
6212.5,8
6213.6,10
6213.6,22
6213.7,4
6214.6,38
6215.4,28
6215.6,0
6215.8,12
6215.8,13
6215.9,15
6216.8,33
6217.0,9
6217.0,27
6217.3,11
6217.7,19
6218.9,26
6219.0,3
6219.6,39
6219.9,17
6220.1,7
6220.6,23
6221.8,32
6222.5,2
6222.9,6
6222.9,18
6223.2,5
6223.7,10
6224.3,34
6224.4,24
6224.4,30
6225.2,4
6226.0,38
6226.1,19
6227.0,35
6227.6,13
6227.8,20
6228.1,1
6228.3,29
6229.3,11
6229.5,21
6229.6,17
6229.7,22
6230.8,33
6231.4,10
6232.0,3
6232.2,39
6233.1,30
6233.5,8
6233.5,36
6234.3,0
6234.3,18
6234.4,6
6234.4,7
6234.6,28
6234.7,37
6234.8,16
6234.8,35
6235.5,13
6236.4,24
6236.9,23
6237.0,15
6237.2,32
6238.3,17
6239.2,4
6240.0,26
6240.3,34
6240.5,11
6242.1,18
6242.4,2
6242.5,27
6243.3,29
6243.6,1
6243.7,19
6243.8,22
6244.2,12
6244.2,39
6244.4,30
6244.7,7
6244.8,21
6245.1,33
6246.2,6
6246.5,10
6248.5,37
6249.2,5
6249.8,13
6250.3,17
6250.3,35
6250.6,38
6251.0,20
6251.4,9
6251.6,28
6252.0,4
6253.7,39
6254.2,29
6254.5,26
6254.9,18
6255.2,11
6255.6,12
6255.9,16
6256.1,23
6256.3,30
6256.6,0
6256.6,3
6256.7,32
6257.1,19
6258.2,24
6258.3,33
6259.2,21
6259.6,2
6259.6,6
6259.7,27
6260.3,35
6260.5,7
6260.7,10
6261.0,13
6261.2,34
6261.8,1
6261.8,8
6261.8,17
6263.4,39
6264.4,37
6265.5,36
6265.7,22
6265.7,28
6265.9,38
6266.5,26
6267.4,13
6267.7,30
6267.8,23
6268.3,11
6268.5,32
6268.9,24
6269.0,18
6269.2,7
6269.8,12
6269.8,15
6269.9,4
6271.3,19
6271.7,33
6272.4,1
6272.4,29
6272.8,39
6273.6,17
6274.1,35
6275.6,6
6276.4,8
6277.8,36
6278.9,38
6279.8,10
6280.2,28
6280.5,37
6280.6,7
6280.7,13
6280.8,3
6280.8,21
6281.0,16
6281.1,33
6281.3,5
6281.4,32
6281.7,20
6282.1,29
6282.2,26
6282.4,23
6282.6,11
6282.9,24
6283.1,34
6284.4,27
6284.4,30
6284.6,1
6285.7,17
6286.1,0
6286.4,22
6286.5,39
6286.8,19
6288.8,4
6289.2,6
6290.3,33
6290.5,35
6291.3,11
6291.5,18
6291.7,2
6291.7,5
6291.7,31
6292.9,10
6292.9,20
6294.0,32
6294.1,39
6294.3,3
6294.5,13
6294.7,23
6295.1,24
6296.6,15
6297.5,7
6297.7,17
6297.8,12
6298.5,37
6299.1,35
6299.1,21
6300.3,26
6301.0,28
6301.3,4
6301.5,1
6301.5,11
6301.6,29
6302.2,16
6302.2,19
6302.5,22
6302.5,27
6302.7,18
6303.3,0
6304.0,34
6304.0,13
6304.6,6
6304.6,30
6304.8,38
6305.5,8
6306.0,32
6306.2,10
6306.6,25
6307.5,33
6307.5,39
6308.2,35
6308.7,20
6310.0,17
6310.9,36
6311.0,7
6311.3,11
6313.2,13
6313.2,37
6314.1,12
6314.6,15
6315.2,26
6315.3,29
6315.5,3
6315.7,4
6316.1,28
6316.2,24
6316.2,2
6316.6,10
6317.7,16
6318.9,1
6319.4,33
6319.6,7
6319.8,30
6319.9,19
6320.5,8
6320.5,18
6320.7,17
6320.7,23
6320.8,0
6320.8,22
6320.9,6
6321.2,39
6321.6,32
6322.0,35
6323.2,11
6323.8,21
6325.0,10
6325.0,27
6325.0,37
6326.3,38
6326.5,34
6327.1,13
6327.7,4
6328.3,20
6328.4,24
6328.7,5
6329.6,29
6330.7,26
6331.1,28
6331.6,7
6331.6,36
6331.8,33
6332.3,18
6332.9,16
6332.9,17
6332.9,39
6333.2,30
6335.5,15
6335.7,4
6336.1,9
6336.4,13
6336.6,22
6337.1,21
6337.2,10
6337.2,23
6337.5,6
6337.5,12
6337.6,19
6337.9,1
6338.1,2
6338.1,11
6339.1,35
6341.0,32
6342.3,34
6343.9,39
6344.1,17
6344.3,13
6344.5,26
6344.6,3
6344.7,37
6344.8,33
6344.9,27
6344.9,30
6345.2,8
6345.2,28
6345.5,5
6345.8,4
6346.7,7
6346.7,18
6347.2,12
6347.2,38
6349.4,1
6349.4,29
6350.8,19
6351.0,11
6351.3,23
6351.5,0
6351.8,35
6352.5,6
6352.7,36
6352.8,8
6353.6,2
6353.6,17
6353.6,24
6353.7,4
6353.9,32
6354.1,22
6354.3,10
6354.6,26
6354.9,16
6355.2,21
6355.5,28
6355.8,13
6356.0,33
6356.1,37
6356.2,15
6356.5,20
6358.2,30
6358.6,39
6359.5,3
6360.1,18
6360.2,25
6361.1,7
6362.0,11
6362.0,12
6363.0,6
6363.0,10
6363.4,4
6363.4,35
6364.2,30
6364.8,1
6365.2,13
6365.8,33
6366.3,27
6366.3,34
6366.5,26
6367.0,32
6367.7,38
6367.9,17
6368.0,23
6368.3,22
6369.9,36
6370.9,39
6372.2,6
6372.4,29
6372.5,19
6372.5,37
6373.3,2
6373.3,24
6373.8,13
6373.8,20
6374.4,7
6374.6,11
6374.9,4
6375.0,16
6375.0,18
6376.0,0
6376.1,5
6377.2,35
6377.8,8
6378.7,28
6378.9,17
6379.1,15
6379.5,26
6380.2,30
6380.2,3
6380.5,33
6380.6,27
6381.0,23
6381.4,10
6381.5,21
6381.8,32
6382.1,19
6383.1,38
6383.2,9
6383.2,13
6383.8,11
6384.3,4
6384.7,39
6385.3,7
6386.2,36
6389.4,35
6389.4,10
6389.6,17
6389.8,18
6389.9,16
6390.2,6
6390.2,28
6390.3,22
6390.6,29
6392.4,1
6392.8,15
6393.4,32
6394.2,24
6394.6,33
6394.9,27
6395.4,19
6395.4,37
6395.5,13
6395.7,4
6395.7,20
6396.0,23
6396.5,34
6397.0,11
6397.1,7
6397.1,17
6397.1,21
6397.1,31
6397.1,39
6397.3,35
6398.5,36
6398.9,10
6399.4,29
6399.5,26
6399.6,18
6400.6,12
6400.7,30
6401.0,22
6401.9,0
6402.2,3
6404.2,4
6404.3,5
6404.5,6
6405.1,33
6405.8,11
6406.3,1
6406.5,8
6406.6,2
6406.7,19
6406.7,20
6406.8,15
6406.9,17
6407.1,38
6408.3,13
6408.8,21
6409.0,27
6409.5,37
6409.6,32
6409.8,28
6410.2,26
6410.8,33
6412.3,18
6412.5,34
6413.4,4
6413.8,7
6413.8,24
6414.5,23
6414.5,39
6414.7,11
6414.8,16
6415.9,17
6416.7,10
6416.7,30
6416.8,36
6417.1,35
6417.5,38
6418.0,20
6419.5,22
6419.6,1
6419.6,13
6419.6,29
6420.1,32
6423.0,15
6423.1,24
6423.3,12
6423.5,7
6423.6,6
6423.9,5
6424.0,19
6424.7,11
6425.2,26
6425.5,4
6426.3,28
6426.8,18
6427.2,17
6427.4,21
6427.5,37
6427.7,3
6428.0,39
6428.9,13
6429.3,33
6429.5,23
6430.2,29
6430.4,9
6431.2,27
6432.4,10
6432.4,35
6432.5,0
6434.0,28
6434.2,8
6435.5,32
6436.3,30
6437.6,6
6437.7,31
6437.8,12
6438.2,7
6438.5,17
6438.9,1
6439.7,24
6440.0,4
6440.0,11
6441.1,2
6441.2,13
6441.2,19
6441.5,36
6441.5,39
6442.0,26
6442.9,35
6443.0,29
6443.5,38
6443.8,33
6444.9,5
6444.9,7
6444.9,18
6444.9,28
6444.9,37
6445.2,3
6446.0,25
6446.4,10
6446.5,16
6446.5,34
6447.7,8
6447.7,22
6448.0,15
6448.2,17
6448.2,32
6449.2,21
6449.6,13
6449.6,23
6451.5,6
6452.2,35
6452.6,30
6453.3,1
6453.3,2
6453.4,27
6454.0,4
6454.0,33
6454.5,24
6454.8,28
6455.2,26
6455.4,39
6456.6,20
6456.9,17
6457.4,11
6458.0,18
6458.1,21
6458.1,29
6458.4,0
6458.7,7
6459.1,10
6460.5,5
6460.7,13
6460.8,19
6461.9,38
6462.4,37
6462.6,33
6464.1,28
6464.1,3
6464.4,23
6464.4,27
6464.6,39
6464.7,32
6464.7,34
6465.2,36
6465.4,6
6465.4,26
6465.9,16
6466.3,1
6466.6,12
6466.6,22
6467.1,35
6467.4,15
6467.9,11
6468.1,9
6468.2,24
6469.2,8
6469.4,4
6469.4,17
6470.2,7
6470.6,13
6472.3,30
6472.8,33
6472.9,34
6473.1,10
6474.2,6
6474.8,5
6475.3,29
6475.4,39
6476.6,0
6477.4,37
6477.6,3
6477.7,32
6477.8,28
6479.2,17
6480.8,21
6481.3,20
6481.4,7
6481.7,26
6482.0,18
6482.0,19
6482.3,2
6482.6,31
6482.8,22
6483.8,4
6484.8,1
6485.0,30
6485.2,23
6485.2,33
6485.4,29
6485.6,11
6485.6,13
6486.1,0
6487.0,24
6488.3,39
6488.8,15
6489.5,38
6489.6,6
6489.7,10
6489.7,35
6489.9,17
6489.9,32
6490.3,37
6490.5,8
6490.8,36
6490.8,12
6492.1,28
6492.7,19
6492.7,7
6493.3,27
6494.1,18
6494.5,34
6496.2,29
6497.1,1
6497.4,13
6497.4,16
6498.3,23
6498.9,26
6499.2,11
6499.3,4
6499.4,21
6499.8,22
6501.0,10
6501.0,32
6501.2,3
6501.8,24
6501.8,30
6501.8,39
6502.2,7
6503.2,12
6503.2,20
6503.3,35
6503.5,6
6504.0,17
6506.0,33
6506.6,0
6506.8,13
6506.8,19
6509.1,5
6509.2,4
6509.4,15
6509.6,36
6510.9,6
6511.0,35
6511.2,37
6511.5,28
6512.1,1
6512.4,38
6512.5,17
6512.5,26
6512.9,31
6513.2,18
6513.4,11
6513.4,21
6513.5,23
6513.8,16
6514.7,32
6515.6,10
6515.8,39
6515.9,7
6516.1,2
6517.1,13
6517.6,24
6517.6,34
6517.9,29
6519.0,3
6519.0,27
6519.5,22
6522.3,4
6523.4,19
6523.4,30
6524.7,1
6524.9,35
6525.4,17
6525.4,6
6525.8,33
6526.6,28
6526.9,10
6526.9,13
6527.6,8
6527.7,18
6527.8,26
6527.9,20
6527.9,32
6527.9,37
6527.9,39
6528.0,0
6528.1,38
6528.3,15
6528.4,11
6528.4,24
6529.5,36
6529.6,7
6529.6,21
6531.1,29
6532.8,4
6534.3,30
6535.4,13
6535.7,34
6536.0,5
6536.6,23
6536.9,32
6537.1,33
6537.8,1
6537.9,12
6538.4,18
6538.5,3
6539.0,39
6539.3,22
6539.5,17
6540.2,6
6540.5,19
6540.6,10
6540.6,11
6540.9,7
6541.1,35
6542.6,13
6544.6,26
6544.7,15
6544.7,24
6544.7,38
6545.1,4
6545.1,27
6545.3,28
6546.8,39
6548.1,1
6549.3,16
6549.5,2
6550.2,32
6550.8,30
6551.3,17
6551.3,18
6551.3,21
6551.6,36
6551.9,29
6552.2,13
6552.5,6
6552.8,33
6553.1,11
6554.7,19
6555.4,37
6555.9,3
6556.3,9
6556.8,10
6557.9,27
6558.2,7
6558.2,34
6558.3,35
6558.5,5
6559.0,14
6559.2,22
6559.2,28
6559.3,12
6559.8,26
6559.9,1
6560.1,39
6560.7,38
6561.2,0
6561.7,13
6562.1,17
6562.2,25
6562.3,4
6564.9,18
6564.9,20
6565.6,29
6565.7,11
6565.7,16
6565.8,33
6566.3,6
6566.3,8
6566.8,15
6567.9,23
6568.0,7
6568.3,21
6568.3,35
6568.5,24
6568.5,30
6569.4,10
6570.6,19
6570.9,26
6571.0,13
6571.2,32
6572.2,39
6573.0,3
6573.1,11
6573.9,36
6574.0,17
6574.2,37
6574.4,4
6575.5,1
6576.2,22
6577.1,7
6578.8,28
6578.9,34
6579.1,13
6579.1,38
6579.3,15
6579.8,33
6580.9,35
6581.0,2
6581.1,0
6581.2,29
6582.0,32
6582.1,17
6582.2,30
6582.3,6
6582.5,10
6582.5,39
6583.2,20
6583.3,18
6585.0,11
6585.0,19
6586.3,12
6586.4,23
6586.6,24
6588.7,26
6588.9,4
6589.2,1
6589.2,5
6589.2,8
6589.7,35
6589.9,29
6590.0,18
6590.2,16
6590.5,21
6590.6,22
6590.6,34
6590.8,17
6591.4,13
6592.3,10
6592.4,37
6592.8,3
6593.5,7
6594.3,39
6594.4,38
6594.9,27
6595.6,11
6595.6,15
6596.1,6
6597.3,24
6597.9,32
6598.0,4
6599.2,9
6600.2,33
6601.3,25
6601.4,28
6601.8,22
6602.1,10
6602.2,26
6602.3,13
6602.6,18
6602.8,21
6602.9,23
6603.0,2
6603.0,29
6603.1,19
6603.3,20
6603.4,30
6604.2,7
6604.2,17
6604.9,39
6607.6,35
6608.0,0
6608.4,11
6608.5,4
6609.0,19
6609.1,1
6609.1,6
6609.1,36
6609.6,3
6610.1,10
6610.4,13
6610.5,12
6611.4,37
6612.0,34
6612.0,38
6612.7,32
6613.3,16
6614.9,26
6615.3,28
6615.4,17
6616.0,24
6616.1,35
6616.2,18
6616.6,22
6617.1,33
6617.2,30
6617.4,8
6618.0,7
6618.0,13
6618.8,4
6619.5,23
6620.6,15
6620.7,5
6620.9,11
6620.9,39
6622.4,6
6623.3,27
6625.0,10
6625.0,25
6625.9,17
6626.4,29
6626.6,3
6626.8,21
6627.1,28
6627.2,19
6627.2,32
6627.2,36
6627.4,12
6627.7,38
6628.2,13
6628.7,39
6628.8,35
6630.1,11
6630.6,1
6630.6,30
6630.7,2
6631.2,7
6631.4,31
6631.6,33
6631.9,20
6631.9,26
6632.1,34
6632.9,0
6632.9,37
6633.0,4
6633.5,24
6634.2,18
6635.3,16
6636.1,6
6636.1,17
6636.7,9
6637.9,38
6638.1,13
6638.1,15
6638.9,22
6639.1,23
6639.1,27
6640.4,30
6640.7,10
6641.7,35
6642.6,1
6642.7,39
6642.8,29
6643.1,5
6643.6,4
6643.7,8
6643.8,19
6644.0,33
6644.4,7
6644.4,12
6645.9,32
6647.6,24
6648.0,3
6648.0,13
6648.1,18
6648.5,11
6649.0,26
6649.2,17
6649.9,28
6650.2,21
6650.5,4
6650.7,6
6650.8,36
6650.9,25
6651.0,22
6651.1,29
6651.5,30
6652.5,34
6653.1,35
6653.3,23
6654.4,33
6655.3,0
6655.4,20
6655.6,2
6655.6,16
6655.7,19
6655.7,39
6656.4,37
6656.6,10
6656.9,7
6657.3,11
6657.8,31
6658.5,13
6659.3,38
6659.7,18
6662.2,3
6662.9,26
6663.2,5
6663.3,1
6663.4,12
6663.6,4
6664.1,8
6664.1,15
6664.2,30
6664.9,21
6665.0,17
6665.2,6
6665.7,7
6666.5,33
6666.7,28
6667.0,32
6667.3,9
6667.8,39
6668.8,11
6668.8,22
6669.6,24
6670.0,35
6670.6,29
6671.0,10
6671.3,1
6671.8,16
6672.7,37
6673.0,18
6673.0,27
6673.1,4
6673.4,13
6673.8,26
6673.9,36
6674.4,23
6676.7,7
6676.7,17
6677.2,6
6677.8,11
6678.0,19
6678.2,0
6678.2,30
6678.5,2
6678.9,33
6678.9,34
6679.0,13
6679.3,38
6679.9,35
6681.6,39
6681.7,20
6682.9,4
6683.4,5
6683.4,24
6683.8,21
6685.2,26
6685.4,1
6685.4,28
6687.6,10
6687.9,6
6689.1,3
6689.1,15
6689.2,8
6689.2,22
6689.2,23
6689.2,32
6689.3,13
6689.3,39
6689.4,17
6689.5,27
6689.6,31
6690.1,30
6690.2,2
6690.2,7
6690.5,29
6690.5,37
6691.8,18
6692.2,33
6692.8,11
6693.0,36
6693.8,4
6694.0,19
6694.3,35
6695.4,26
6695.7,12
6696.8,6
6697.2,16
6697.9,24
6698.0,1
6698.1,30
6698.4,29
6698.8,8
6698.8,10
6702.7,13
6702.9,15
6703.5,7
6703.8,17
6704.4,37
6704.8,33
6704.9,4
6705.2,3
6706.1,39
6707.0,11
6707.3,27
6707.4,6
6707.6,22
6707.7,21
6707.8,30
6708.7,38
6709.1,28
6709.3,34
6709.9,35
6712.8,23
6712.8,32
6713.0,19
6713.1,33
6713.3,0
6714.5,10
6714.6,1
6715.1,8
6715.2,2
6715.9,15
6715.9,17
6715.9,24
6716.0,20
6716.3,6
6716.3,26
6716.8,4
6717.2,12
6717.2,16
6717.5,7
6718.1,13
6720.3,11
6720.3,35
6720.4,18
6722.1,29
6722.6,28
6723.0,27
6723.1,39
6723.3,36
6723.9,21
6724.3,34
6724.5,9
6724.8,30
6724.9,33
6725.1,17
6725.1,37
6725.2,25
6726.6,26
6727.0,22
6727.8,32
6728.9,23
6729.4,10
6729.4,35
6729.7,15
6731.0,13
6731.5,16
6732.3,5
6732.4,1
6732.7,7
6732.8,4
6733.0,21
6733.7,11
6733.8,24
6734.2,19
6735.7,3
6735.7,20
6735.8,6
6736.0,17
6736.0,39
6736.6,38
6736.7,33
6736.8,29
6738.3,18
6738.9,27
6739.0,22
6739.2,30
6739.7,12
6740.0,26
6741.0,1
6741.9,28
6743.4,13
6744.0,10
6744.1,11
6744.4,4
6744.4,8
6744.8,0
6745.5,32
6747.0,19
6747.6,7
6747.6,24
6747.7,35
6747.8,2
6748.5,17
6748.6,26
6748.7,37
6748.9,16
6749.1,6
6749.1,13
6749.2,21
6749.3,33
6749.4,23
6749.4,29
6751.6,30
6752.7,11
6752.7,27
6754.9,1
6755.8,34
6755.9,4
6756.3,39
6756.5,18
6757.2,15
6757.4,32
6757.5,36
6758.0,22
6758.7,20
6758.9,28
6759.0,10
6759.2,13
6760.2,38
6760.3,7
6760.9,12
6761.4,24
6761.5,19
6761.5,23
6761.8,6
6762.0,17
6762.8,3
6762.9,1
6763.0,26
6763.2,37
6763.4,29
6764.2,11
6764.8,33
6765.5,0
6765.6,2
6765.6,30
6766.5,39
6767.3,9
6768.7,35
6768.8,5
6769.6,8
6769.8,22
6769.9,4
6770.9,18
6771.4,7
6771.6,19
6771.6,32
6772.0,17
6772.1,10
6772.1,13
6772.9,27
6773.0,24
6774.3,3
6774.3,16
6774.7,38
6774.8,29
6775.2,6
6775.6,21
6776.0,33
6777.0,26
6777.6,11
6778.2,4
6779.2,34
6779.3,28
6779.4,1
6780.4,39
6780.5,35
6780.8,12
6781.5,20
6781.5,30
6781.5,37
6782.8,15
6783.6,18
6783.8,23
6784.4,7
6784.4,36
6784.6,0
6784.9,22
6786.0,10
6786.4,17
6786.5,13
6786.5,32
6786.6,11
6789.2,16
6789.3,29
6789.8,6
6790.0,27
6790.3,33
6790.4,38
6790.7,39
6791.0,8
6791.0,19
6791.9,26
6792.4,30
6793.7,4
6794.0,17
6794.2,25
6794.7,21
6794.7,35
6794.8,18
6795.1,13
6795.9,24
6796.4,12
6797.0,5
6797.2,10
6797.3,1
6797.3,22
6797.8,0
6797.8,20
6798.8,7
6799.8,3
6800.1,32
6800.9,11
6800.9,28
6801.3,37
6801.4,2
6801.5,13
6801.7,31
6803.5,34
6803.6,9
6803.8,16
6804.5,18
6806.1,6
6806.3,4
6806.3,26
6806.5,17
6806.7,33
6806.7,38
6806.8,35
6806.9,36
6807.0,1
6807.0,10
6807.1,19
6807.1,39
6807.5,3
6807.8,29
6808.0,15
6810.0,37
6810.1,8
6810.8,7
6810.9,32
6811.2,28
6811.3,24
6812.3,30
6812.7,0
6813.1,11
6813.1,13
6813.1,23
6813.4,5
6813.5,21
6813.5,39
6815.8,22
6817.3,2
6818.3,35
6818.4,12
6819.0,36
6819.3,17
6819.4,27
6819.5,4
6819.7,39
6819.8,33
6819.9,18
6819.9,26
6820.3,6
6820.6,29
6820.7,19
6822.0,1
6822.3,3
6822.6,7
6823.4,34
6823.5,10
6823.8,13
6823.9,32
6825.4,25
6826.5,28
6826.7,24
6828.0,15
6828.4,38
6829.0,22
6829.1,16
6829.8,4
6830.3,30
6830.4,39
6830.6,17
6830.7,37
6830.9,7
6831.0,11
6831.7,23
6832.7,32
6832.7,35
6832.8,10
6833.4,2
6833.7,21
6834.5,6
6835.2,26
6835.4,13
6836.0,19
6836.4,33
6836.6,27
6836.8,18
6837.5,20
6837.6,0
6837.6,5
6837.8,1
6837.9,29
6839.1,8
6841.4,7
6841.6,17
6841.8,3
6841.8,15
6841.8,35
6842.0,28
6842.0,39
6843.0,24
6843.7,10
6845.2,36
6845.5,4
6845.6,21
6845.8,12
6846.5,11
6847.0,22
6847.1,32
6847.1,38
6847.5,30
6848.0,13
6848.2,37
6848.4,26
6848.6,15
6849.1,16
6849.8,39
6850.2,23
6850.6,29
6850.9,33
6851.1,17
6852.1,19
6852.4,1
6853.2,34
6853.3,6
6853.5,24
6853.7,0
6853.8,7
6853.8,18
6854.7,2
6854.8,35
6855.0,14
6856.7,4
6857.2,8
6857.3,11
6857.5,37
6858.4,13
6859.1,10
6859.5,28
6859.7,30
6861.8,26
6861.8,36
6862.9,33
6863.3,17
6863.9,23
6864.5,21
6865.3,20
6865.4,39
6866.4,38
6866.6,7
6866.8,32
6867.2,29
6867.3,6
6867.8,1
6868.1,11
6869.0,13
6869.0,22
6869.6,0
6869.8,4
6870.0,3
6870.4,18
6870.6,31
6870.9,28
6871.7,16
6871.7,17
6871.7,30
6872.0,12
6872.0,15
6873.0,24
6873.6,8
6873.7,10
6875.1,35
6875.6,25
6875.9,33
6876.1,7
6876.7,38
6877.3,37
6877.4,19
6877.5,18
6878.1,34
6878.3,23
6878.3,32
6878.6,36
6878.8,5
6879.0,21
6879.1,39
6879.2,2
6879.4,1
6879.9,27
6880.4,13
6882.3,29
6883.3,4
6883.3,6
6883.5,11
6884.7,15
6884.8,26
6885.0,3
6885.0,35
6885.2,17
6885.8,28
6885.9,20
6886.3,22
6887.4,13
6887.5,10
6887.7,34
6887.9,9
6888.5,8
6888.7,7
6889.9,21
6891.5,5
6891.5,12
6891.5,24
6891.7,32
6892.0,23
6892.1,1
6892.4,37
6892.8,30
6893.1,19
6893.1,31
6894.2,33
6895.1,39
6895.2,16
6895.6,11
6895.9,6
6896.6,17
6897.2,18
6897.4,9
6897.5,10
6897.7,4
6897.7,26
6897.7,38
6897.9,29
6898.2,13
6898.5,0
6898.6,35
6898.9,3
6899.0,32
6899.4,30
6900.5,7
6901.0,27
6901.7,2
6902.8,1
6903.4,17
6903.9,22
6903.9,36
6904.1,33
6904.3,15
6904.7,12
6905.3,28
6906.2,4
6906.9,10
6907.1,18
6907.1,21
6907.6,19
6908.3,0
6908.3,39
6908.5,23
6908.6,29
6908.9,24
6909.3,8
6909.9,20
6910.4,30
6911.0,7
6911.1,13
6911.4,11
6912.0,6
6912.4,34
6913.0,35
6913.4,32
6913.4,38
6913.8,33
6914.2,1
6915.0,37
6917.1,26
6917.1,39
6918.8,17
6919.1,10
6919.6,16
6919.9,15
6920.3,2
6921.7,13
6921.7,21
6922.1,23
6922.3,28
6923.8,4
6923.9,3
6924.6,30
6924.7,7
6925.5,11
6925.9,12
6926.1,29
6926.1,34
6926.4,6
6926.4,22
6927.0,18
6927.5,35
6928.3,19
6928.6,17
6928.7,39
6929.4,33
6929.5,38
6929.9,27
6930.4,32
6930.8,10
6931.6,24
6931.7,13
6933.3,9
6933.5,16
6934.2,37
6934.8,1
6935.0,2
6935.2,0
6935.9,11
6935.9,18
6935.9,23
6936.1,4
6936.3,26
6936.3,36
6936.7,29
6937.1,5
6937.2,21
6937.4,25
6937.7,20
6939.1,10
6939.5,8
6940.5,7
6941.2,17
6941.3,39
6941.9,34
6942.3,19
6942.7,22
6943.4,6
6943.4,15
6943.5,28
6943.5,33
6943.7,35
6943.8,13
6943.9,16
6944.0,30
6944.4,27
6944.7,32
6945.8,24
6947.9,4
6948.7,12
6948.9,11
6949.0,3
6950.1,29
6951.2,30
6951.8,1
6951.8,39
6951.9,17
6952.1,36
6952.6,18
6952.6,26
6954.3,13
6954.4,33
6954.6,10
6955.7,38
6957.2,23
6958.0,21
6958.0,35
6959.9,36
6959.9,37
6960.3,11
6960.5,0
6960.5,6
6960.7,5
6960.7,7
6961.2,4
6961.3,15
6961.4,28
6962.0,9
6962.1,2
6962.3,22
6962.9,18
6963.0,19
6963.3,10
6963.5,32
6963.7,30
6964.0,20
6964.3,17
6964.3,27
6964.4,26
6964.8,13
6965.1,1
6965.2,29
6965.4,34
6967.7,3
6967.8,8
6968.3,16
6968.8,23
6969.1,24
6971.8,12
6971.8,31
6971.8,39
6972.0,22
6972.0,33
6972.1,7
6972.1,35
6972.7,28
6973.0,38
6973.3,13
6973.7,11
6973.8,32
6973.9,4
6974.2,18
6974.4,6
6975.2,17
6975.6,26
6977.4,10
6977.9,15
6978.4,21
6979.6,1
6980.1,35
6981.1,29
6982.7,19
6982.8,27
6982.9,33
6983.6,30
6984.3,11
6984.5,37
6985.0,36
6985.2,31
6985.3,3
6985.3,17
6985.7,8
6986.2,13
6986.4,38
6986.7,5
6986.9,4
6987.9,24
6987.9,32
6989.1,34
6989.7,7
6989.9,0
6990.1,39
6990.6,12
6991.0,26
6991.8,22
6991.9,18
6992.7,35
6993.0,23
6993.6,6
6993.8,17
6994.6,10
6994.6,16
6996.4,11
6997.8,20
6997.9,2
6998.2,28
6998.4,33
6998.5,13
6998.5,21
6998.6,4
6998.7,8
6998.9,1
7001.1,7
7001.1,39
7001.8,3
7002.0,37
7002.1,18
7002.2,30
7002.4,12
7002.5,22
7002.8,29
7002.9,19
7003.3,17
7004.1,15
7004.4,35
7004.4,38
7004.7,27
7004.7,34
7006.2,6
7007.3,1
7007.4,26
7007.7,0
7008.2,13
7008.9,36
7009.2,25
7009.5,5
7010.2,11
7011.5,32
7012.1,24
7012.4,10
7012.7,8
7013.2,7
7013.6,4
7014.4,28
7014.9,33
7016.7,13
7016.8,17
7016.8,31
7016.9,34
7017.0,39
7017.4,23
7017.7,20
7018.8,18
7019.0,0
7019.1,29
7019.1,30
7021.4,11
7021.6,12
7021.7,26
7021.8,9
7022.0,6
7022.0,21
7022.2,35
7022.6,3
7022.9,10
7023.0,1
7023.0,16
7023.4,37
7023.5,15
7024.3,22
7024.7,32
7025.3,7
7025.4,38
7025.5,19
7026.2,24
7026.5,28
7026.5,33
7026.9,2
7027.1,27
7027.2,5
7027.6,4
7028.6,35
7028.7,17
7028.9,13
7029.5,1
7029.6,39
7030.1,15
7031.7,36
7032.4,7
7032.5,6
7033.3,21
7033.4,33
7033.5,29
7034.0,18
7035.3,28
7035.7,4
7035.9,11
7036.2,26
7036.7,3
7038.1,30
7038.2,20
7038.5,23
7038.9,22
7039.8,35
7039.9,8
7039.9,10
7040.9,13
7041.6,12
7041.6,37
7041.9,17
7042.0,16
7042.1,32
7042.2,34
7042.4,2
7043.0,33
7043.4,38
7043.9,39
7045.4,19
7046.0,0
7046.7,1
7047.4,24
7047.5,6
7048.2,7
7049.7,18
7049.7,27
7050.0,15
7050.0,32
7050.1,30
7051.0,29
7051.2,17
7051.2,21
7051.4,28
7051.9,26
7052.0,4
7052.0,13
7052.8,22
7052.9,35
7053.2,33
7053.3,8
7053.4,11
7053.6,5
7056.3,23
7056.6,39
7058.1,16
7058.1,20
7058.8,10
7060.0,19
7060.0,38
7060.4,3
7060.4,13
7060.6,37
7061.2,7
7062.3,28
7062.6,36
7062.7,12
7062.8,18
7063.0,1
7063.4,24
7064.2,11
7064.2,32
7064.4,6
7064.5,2
7064.7,30
7065.2,15
7065.8,29
7066.0,26
7066.9,35
7069.3,17
7070.2,33
7070.7,39
7071.1,4
7071.1,34
7071.2,27
7072.2,23
7072.4,0
7073.0,5
7073.0,13
7073.1,21
7073.3,1
7073.5,32
7073.9,9
7074.0,10
7075.9,24
7076.1,22
7076.2,7
7076.4,38
7076.8,11
7076.8,19
7077.3,39
7077.4,18
7078.0,15
7078.3,25
7078.9,29
7079.2,26
7079.3,17
7080.1,8
7080.1,32
7080.2,30
7080.3,3
7080.4,4
7080.4,6
7080.7,35
7081.1,37
7082.5,16
7083.1,28
7083.7,12
7083.7,33
7084.0,27
7084.6,11
7085.3,7
7086.2,13
7086.9,23
7087.2,21
7087.5,10
7087.6,2
7089.6,39
7091.4,15
7091.4,20
7091.6,26
7092.3,32
7092.7,1
7093.0,18
7093.1,19
7093.2,17
7094.2,35
7094.3,36
7095.0,29
7095.1,4
7095.4,6
7095.5,34
7095.9,37
7096.7,13
7097.2,30
7097.9,22
7098.5,7
7098.7,11
7099.3,0
7099.8,24
7099.8,33
7102.1,39
7102.7,16
7102.8,5
7103.1,17
7103.1,38
7103.7,10
7103.8,8
7104.3,15
7104.3,20
7104.8,28
7105.4,3
7105.4,26
7105.8,6
7105.8,21
7106.0,35
7106.2,7
7107.1,32
7107.6,4
7108.0,19
7108.0,24
7108.1,13
7108.1,23
7108.6,27
7108.7,18
7109.6,9
7110.1,12
7110.2,31
7110.7,37
7110.8,11
7111.1,33
7111.2,34
7111.7,22
7111.8,1
7112.0,2
7112.0,39
7113.1,30
7113.7,17
7116.1,26
7116.5,32
7116.6,28
7116.6,29
7117.6,0
7117.9,36
7118.4,13
7118.8,7
7119.2,10
7120.0,21
7120.3,19
7120.3,35
7120.5,17
7120.8,11
7121.3,6
7121.3,16
7122.3,2
7122.4,15
7123.7,39
7124.0,27
7124.9,1
7125.7,4
7125.8,18
7126.4,38
7127.0,24
7127.2,25
7127.3,5
7128.7,7
7129.1,13
7129.1,34
7129.5,36
7130.2,33
7130.5,30
7130.6,26
7130.9,29
7131.0,22
7131.1,9
7131.5,20
7131.5,32
7131.5,37
7131.7,28
7132.5,23
7133.7,17
7133.9,3
7134.1,11
7134.5,12
7135.7,10
7135.8,18
7136.1,8
7137.1,6
7137.2,2
7137.2,35
7138.0,19
7138.0,21
7138.3,15
7138.6,1
7139.1,39
7139.8,7
7141.2,4
7142.2,32
7143.0,26
7143.2,13
7143.4,24
7143.5,33
7143.6,30
7143.7,35
7143.9,29
7145.7,17
7145.8,0
7146.8,27
7147.6,16
7147.7,18
7147.8,38
7148.3,21
7148.4,28
7148.5,37
7149.1,36
7149.2,39
7149.9,6
7149.9,22
7150.0,10
7151.0,11
7151.0,13
7151.4,3
7151.8,23
7152.1,7
7152.5,20
7152.6,35
7153.7,4
7154.6,33
7156.3,19
7156.6,30
7156.9,12
7157.2,1
7157.5,32
7158.0,5
7158.6,17
7158.9,0
7159.1,34
7159.3,15
7159.3,26
7159.4,4
7160.0,10
7160.3,39
7160.4,24
7160.5,8
7160.6,29
7160.8,2
7161.5,11
7161.6,28
7161.9,13
7162.0,22
7163.1,18
7163.3,35
7163.4,7
7163.9,27
7164.2,37
7166.9,3
7167.0,19
7168.8,33
7169.0,17
7169.2,21
7169.7,7
7169.7,38
7169.8,10
7169.8,23
7170.0,16
7170.3,30
7170.5,6
7170.5,12
7170.6,39
7172.8,11
7173.2,1
7173.2,4
7173.2,26
7173.4,22
7174.4,8
7174.4,36
7174.6,13
7174.7,29
7174.7,32
7177.6,18
7178.3,34
7179.0,0
7179.0,17
7179.2,2
7179.7,15
7180.7,33
7181.8,20
7182.2,30
7182.4,10
7182.7,28
7183.4,21
7183.9,3
7184.3,23
7184.5,25
7185.3,4
7185.3,5
7185.6,24
7185.6,35
7185.7,7
7185.7,13
7185.7,39
7186.1,11
7186.1,38
7186.5,26
7186.5,32
7186.8,17
7186.8,37
7187.1,9
7187.2,29
7187.5,6
7187.8,19
7187.9,1
7188.6,22
7188.9,15
7190.3,12
7190.5,33
7191.2,16
7191.9,18
7193.1,30
7193.3,13
7193.8,11
7193.8,27
7194.3,34
7194.4,36
7194.5,7
7194.5,28
7194.8,4
7196.0,1
7196.0,6
7196.1,10
7197.2,17
7197.7,32
7198.5,39
7199.9,35
7200.6,29
7200.8,0
7202.2,26
7202.5,23
7202.7,24
7202.8,38
7203.5,2
7203.5,37
7204.0,19
7204.4,4
7205.5,21
7205.7,3
7205.7,13
7206.4,8
7206.4,10
7206.5,33
7206.7,7
7207.1,27
7207.5,32
7207.5,39
7207.7,11
7207.9,20
7208.2,5
7208.7,17
7209.7,18
7210.2,28
7210.4,6
7211.0,31
7211.1,22
7212.2,34
7213.0,29
7214.2,12
7214.4,1
7214.4,16
7214.9,35
7215.1,30
7215.9,13
7216.0,38
7216.6,26
7217.0,37
7217.2,24
7218.0,36
7219.0,15
7220.5,6
7220.5,11
7220.8,39
7221.2,27
7222.0,7
7222.6,32
7222.6,33
7222.7,4
7222.8,5
7222.8,10
7223.4,19
7224.1,18
7224.2,37
7224.4,23
7224.6,22
7224.8,3
7225.1,17
7225.1,35
7225.3,8
7225.7,30
7225.8,2
7225.9,13
7226.3,1
7227.1,28
7227.5,16
7231.5,15
7232.2,12
7232.7,39
7233.3,30
7233.6,10
7233.9,26
7234.0,4
7234.0,6
7234.1,32
7234.2,21
7234.3,0
7234.5,34
7234.6,7
7234.8,29
7234.9,35
7235.1,18
7235.5,22
7236.0,11
7236.2,27
7237.0,17
7237.4,1
7239.0,33
7239.1,13
7240.1,37
7240.4,19
7240.5,3
7240.6,5
7241.4,28
7242.2,36
7242.6,20
7242.6,38
7243.1,8
7243.2,24
7245.4,2
7246.0,4
7246.4,11
7246.5,16
7246.7,39
7247.6,21
7247.7,31
7247.8,23
7248.0,26
7248.3,10
7249.2,7
7249.3,6
7249.7,13
7250.1,15
7250.1,32
7250.3,24
7250.5,0
7250.6,22
7250.6,27
7251.0,17
7251.0,30
7251.2,35
7251.3,19
7251.5,9
7251.5,25
7251.8,18
7252.2,29
7252.5,1
7253.1,34
7253.2,28
7254.8,12
7256.3,7
7256.3,33
7257.2,4
7258.1,8
7258.2,20
7259.5,11
7260.0,3
7260.5,21
7261.0,32
7261.1,26
7261.1,39
7261.3,18
7261.4,17
7262.5,37
7262.6,19
7263.1,30
7263.7,35
7263.7,36
7264.6,1
7265.2,13
7265.5,10
7266.1,16
7267.5,28
7267.7,38
7268.1,15
7268.1,23
7269.2,29
7269.5,4
7269.7,33
7270.4,7
7270.9,6
7271.5,12
7271.5,22
7271.8,27
7271.9,3
7272.1,24
7272.2,39
7272.7,35
7273.1,17
7273.3,18
7273.6,19
7273.7,32
7273.9,10
7274.7,5
7275.2,11
7276.0,34
7276.1,1
7277.5,37
7278.0,8
7278.7,30
7278.8,26
7279.1,2
7279.6,21
7280.1,33
7281.3,7
7281.5,13
7281.7,24
7281.9,25
7283.6,0
7283.7,28
7284.4,29
7284.8,32
7284.9,4
7285.0,39
7285.7,17
7286.0,16
7286.1,10
7286.2,35
7287.5,20
7288.3,11
7288.5,6
7289.2,18
7289.5,3
7289.6,15
7290.0,19
7290.1,27
7291.5,4
7292.1,1
7292.6,31
7293.5,38
7293.6,13
7293.6,22
7293.7,7
7294.0,17
7294.1,2
7295.9,33
7296.2,21
7296.3,23
7296.3,30
7296.3,37
7297.1,28
7298.8,39
7298.9,6
7299.0,5
7299.3,26
7299.4,24
7299.5,36
7299.6,35
7299.7,11
7299.7,34
7300.0,0
7300.4,32
7300.8,7
7301.5,10
7304.0,29
7304.3,4
7304.3,8
7304.5,13
7305.2,18
7305.4,19
7306.0,33
7306.8,1
7307.3,16
7307.5,17
7307.6,20
7308.0,9
7308.4,23
7308.7,11
7309.2,12
7309.2,15
7309.3,39
7309.6,38
7309.9,30
7310.7,7
7314.3,37
7314.7,3
7314.7,22
7315.5,27
7315.8,35
7316.7,28
7317.4,32
7317.5,4
7317.5,31
7317.8,26
7318.0,6
7318.2,10
7318.2,38
7318.3,36
7318.4,7
7319.0,13
7319.0,24
7319.9,17
7319.9,33
7320.2,18
7320.7,29
7321.0,8
7321.1,1
7321.8,34
7323.2,11
7323.7,0
7325.3,16
7325.8,22
7325.8,39
7326.1,15
7326.8,10
7327.0,2
7327.0,12
7327.5,20
7327.7,23
7327.7,35
7328.6,19
7329.2,6
7329.2,7
7329.5,3
7330.1,11
7330.2,21
7330.2,26
7330.3,18
7330.3,33
7330.7,30
7331.6,24
7331.6,32
7331.7,4
7331.8,5
7331.9,13
7332.1,37
7333.0,28
7334.3,1
7335.0,36
7335.3,22
7335.7,23
7335.9,11
7336.1,17
7336.1,38
7337.1,2
7337.6,27
7337.7,33
7337.8,29
7338.1,39
7338.4,6
7338.7,13
7338.8,10
7339.1,25
7341.1,12
7341.8,8
7342.9,0
7342.9,18
7343.3,7
7343.9,35
7344.2,30
7345.4,16
7346.2,3
7346.2,19
7346.8,34
7347.1,15
7347.4,1
7347.4,26
7348.0,39
7348.1,24
7348.2,17
7348.3,13
7348.3,32
7349.1,37
7349.6,21
7350.1,31
7350.4,4
7350.4,10
7350.4,28
7350.6,11
7350.8,5
7351.0,9
7351.2,23
7351.8,38
7351.9,29
7352.1,33
7355.1,6
7357.9,13
7357.9,27
7358.1,12
7358.1,26
7358.5,36
7358.7,19
7359.1,10
7359.1,22
7359.2,20
7359.7,17
7359.8,18
7359.8,28
7360.0,35
7360.1,4
7361.0,3
7361.0,23
7361.2,21
7361.6,8
7361.7,7
7362.1,11
7362.1,24
7362.6,16
7363.3,1
7363.6,29
7363.7,39
7364.4,32
7365.4,34
7365.7,6
7365.8,30
7366.0,15
7367.3,13
7367.5,0
7367.9,5
7368.0,37
7368.6,33
7369.7,17
7370.0,11
7370.6,7
7370.7,38
7370.8,27
7372.7,2
7374.1,4
7375.2,8
7375.5,26
7375.9,18
7376.0,1
7376.4,19
7376.6,10
7376.7,39
7377.2,28
7377.3,20
7377.4,35
7377.9,23
7378.0,13
7378.3,3
7379.2,11
7379.7,30
7380.2,36
7380.4,6
7381.0,24
7381.6,22
7382.1,17
7382.2,29
7382.8,7
7383.6,9
7383.6,21
7383.6,32
7383.7,37
7384.3,12
7387.4,34
7387.9,26
7388.1,39
7388.6,15
7388.8,4
7388.8,10
7389.4,18
7389.4,33
7389.7,3
7389.7,16
7390.0,27
7390.4,35
7390.5,1
7391.1,13
7391.3,0
7391.7,11
7393.2,30
7393.2,8
7394.2,28
7394.7,32
7394.8,7
7394.8,17
7395.0,24
7395.7,6
7395.7,38
7395.9,23
7396.0,19
7396.4,4
7396.7,39
7398.2,37
7400.1,22
7400.5,18
7400.5,36
7400.6,7
7400.6,28
7400.9,13
7401.0,15
7401.3,33
7402.8,34
7403.2,10
7403.8,11
7405.0,3
7405.0,26
7405.6,21
7406.0,35
7406.1,32
7406.2,1
7406.2,2
7406.3,29
7407.7,6
7407.9,38
7408.0,5
7408.6,4
7408.9,8
7409.0,39
7409.3,12
7409.5,19
7410.0,30
7410.8,17
7410.9,20
7411.3,7
7411.4,23
7411.4,31
7411.9,13
7412.0,35
7413.6,33
7413.8,27
7414.3,24
7414.4,11
7415.8,22
7416.9,10
7417.1,26
7417.2,37
7417.3,28
7417.6,18
7418.6,1
7418.6,29
7419.3,16
7419.7,3
7419.7,6
7419.8,21
7420.0,36
7420.3,11
7420.6,39
7421.1,15
7423.3,5
7423.3,13
7423.3,32
7423.5,7
7424.0,17
7424.1,33
7424.8,4
7426.5,19
7426.7,2
7427.0,34
7427.1,0
7427.4,24
7427.6,35
7428.0,18
7428.4,10
7428.8,21
7428.9,39
7430.1,22
7430.6,26
7431.0,11
7431.0,36
7431.0,38
7431.3,1
7431.5,13
7433.1,4
7433.1,6
7433.1,28
7433.3,27
7433.4,25
7433.5,30
7433.6,9
7434.0,20
7435.6,29
7436.7,23
7436.8,7
7437.1,12
7437.2,33
7437.6,17
7438.2,15
7439.0,37
7439.2,8
7439.4,24
7439.5,39
7439.6,13
7439.7,3
7439.7,32
7441.1,10
7441.7,1
7443.1,2
7443.4,22
7443.8,35
7443.9,11
7444.1,0
7444.3,18
7445.4,30
7446.1,5
7446.8,4
7447.4,26
7447.8,39
7447.9,36
7448.0,6
7448.0,28
7448.6,13
7448.9,38
7449.3,21
7449.8,19
7451.3,7
7451.4,17
7451.6,22
7451.9,12
7452.1,1
7452.1,33
7452.5,16
7452.5,20
7453.5,3
7453.5,29
7453.6,18
7454.3,27
7455.2,8
7455.2,23
7455.2,34
7455.5,30
7456.1,11
7457.2,10
7459.4,13
7459.5,37
7459.9,24
7460.3,17
7460.3,32
7460.3,35
7460.6,4
7460.6,15
7461.9,3
7462.5,6
7462.5,28
7462.7,26
7463.2,31
7463.5,7
7463.6,19
7464.0,39
7464.4,11
7464.5,12
7464.5,30
7466.4,2
7467.0,10
7467.2,1
7467.5,18
7467.5,22
7467.9,29
7468.0,8
7468.0,27
7468.1,33
7470.2,32
7470.3,16
7470.3,21
7471.4,23
7473.7,13
7473.8,17
7474.1,4
7474.2,26
7474.4,39
7474.5,5
7475.0,36
7475.4,25
7475.7,35
7476.2,34
7476.4,7
7476.5,11
7476.5,19
7476.5,20
7476.5,28
7477.5,24
7478.4,1
7478.4,38
7478.9,0
7479.1,15
7481.0,10
7481.1,21
7481.3,6
7481.6,3
7481.9,13
7481.9,33
7482.0,2
7482.1,29
7485.4,18
7485.6,4
7486.5,7
7487.1,22
7487.1,23
7487.2,32
7487.2,37
7487.4,39
7487.8,17
7488.3,30
7488.5,8
7488.7,11
7490.4,19
7491.6,13
7491.8,12
7492.1,28
7492.3,15
7492.9,27
7493.6,26
7493.8,3
7494.1,16
7494.8,1
7495.0,9
7495.4,35
7495.5,33
7495.6,6
7496.0,24
7496.1,17
7496.2,10
7496.2,32
7496.4,18
7496.5,34
7497.6,20
7498.3,7
7499.0,2
7500.2,13
7500.2,26
7500.4,11
7500.4,23
7500.8,39
7500.9,30
7501.4,4
7501.9,19
7502.0,37
7502.1,0
7502.7,22
7503.1,36
7503.1,38
7503.2,5
7503.6,21
7504.0,29
7504.1,27
7504.2,35
7508.7,7
7508.9,10
7509.2,28
7509.8,13
7509.9,31
7510.0,23
7510.0,32
7510.4,39
7510.6,17
7510.8,15
7510.9,8
7511.2,3
7511.3,4
7511.3,33
7512.8,19
7513.7,6
7514.5,24
7514.7,11
7514.7,29
7514.7,30
7515.0,34
7516.1,1
7516.1,18
7516.7,16
7517.2,26
7517.8,12
7519.5,27
7520.5,35
7520.8,13
7521.2,17
7521.7,10
7522.2,4
7522.9,38
7523.4,32
7523.8,33
7524.5,8
7524.9,19
7525.0,11
7525.0,28
7525.1,3
7525.1,36
7525.6,30
7525.6,37
7526.0,21
7526.0,25
7526.4,22
7526.5,0
7526.5,39
7527.6,7
7527.7,6
7528.5,1
7529.0,13
7530.3,4
7530.6,18
7530.9,5
7532.3,23
7532.4,17
7533.0,24
7533.2,9
7533.4,16
7533.7,15
7533.7,26
7533.9,2
7534.2,11
7534.8,20
7534.9,39
7535.4,35
7535.7,27
7536.1,10
7536.3,8
7536.5,30
7537.8,29
7538.8,32
7539.9,12
7540.0,6
7540.0,21
7540.2,7
7540.5,37
7540.6,13
7540.6,34
7540.8,33
7541.2,18
7541.5,17
7541.5,19
7542.1,1
7542.3,26
7543.1,28
7543.6,11
7544.3,4
7544.7,10
7546.0,39
7546.8,38
7547.2,22
7547.9,30
7548.1,0
7548.9,24
7548.9,36
7549.0,2
7549.8,3
7550.1,5
7550.6,1
7551.3,15
7551.7,31
7552.1,13
7553.2,27
7553.5,11
7553.7,20
7554.0,29
7554.1,35
7554.2,7
7555.4,32
7555.9,10
7556.3,19
7557.7,18
7559.3,39
7559.5,4
7559.6,33
7559.9,26
7560.0,6
7560.3,17
7561.2,21
7561.3,30
7561.6,13
7562.5,12
7563.3,16
7563.6,23
7563.7,22
7564.5,35
7564.6,29
7566.3,38
7566.4,7
7566.8,15
7566.8,37
7567.0,2
7567.4,28
7568.5,10
7568.6,24
7569.9,33
7570.4,27
7571.0,11
7571.1,17
7571.4,36
7572.2,3
7572.5,0
7572.6,19
7572.9,6
7573.7,34
7574.3,1
7574.5,30
7574.7,35
7575.5,13
7575.7,4
7575.7,38
7575.8,8
7576.0,32
7576.0,39
7576.2,26
7577.3,21
7578.1,37
7578.4,7
7581.2,33
7581.3,18
7581.5,29
7581.6,19
7581.8,2
7582.3,3
7582.6,6
7582.6,17
7583.3,28
7583.9,10
7584.2,12
7584.2,24
7584.5,11
7584.5,22
7585.7,39
7586.0,13
7586.0,26
7586.1,16
7586.6,5
7586.7,35
7586.8,4
7587.5,23
7589.1,27
7590.0,38
7591.0,30
7591.3,33
7592.3,0
7592.5,8
7593.0,1
7593.0,7
7593.1,15
7593.2,36
7593.5,20
7593.6,9
7593.6,17
7593.7,21
7593.8,29
7593.9,13
7593.9,34
7594.0,32
7594.1,26
7594.1,39
7594.3,4
7594.4,37
7597.8,10
7599.4,11
7599.4,35
7599.6,3
7599.7,18
7599.9,6
7600.3,39
7600.4,19
7600.4,26
7600.5,28
7600.6,33
7601.1,5
7602.1,23
7602.5,17
7602.6,24
7602.8,7
7603.3,22
7603.7,32
7604.5,13
7605.0,4
7605.9,8
7606.0,16
7606.4,29
7608.1,30
7608.1,10
7608.8,9
7609.0,34
7609.3,12
7610.9,37
7611.6,15
7611.7,28
7612.4,23
7612.8,0
7613.1,38
7613.4,18
7613.5,20
7613.7,11
7614.0,27
7614.2,13
7614.8,2
7614.9,17
7615.1,4
7615.3,1
7615.6,39
7615.7,19
7615.7,26
7616.1,21
7617.0,6
7617.0,35
7617.1,33
7617.2,7
7618.2,24
7618.4,22
7618.5,32
7620.4,36
7620.5,28
7622.2,3
7623.0,10
7623.0,29
7623.1,17
7624.4,1
7625.0,34
7625.4,11
7626.2,13
7626.5,37
7626.8,8
7627.6,7
7628.0,4
7628.3,15
7628.4,38
7628.5,39
7628.8,0
7628.8,16
7628.8,30
7628.8,31
7629.1,21
7629.3,33
7629.7,12
7629.9,18
7630.1,35
7631.4,5
7632.0,6
7633.0,2
7633.3,19
7633.5,17
7634.9,24
7635.9,28
7636.2,13
7636.6,1
7636.9,3
7638.1,26
7638.6,12
7638.6,39
7638.7,10
7638.9,11
7639.3,29
7639.4,25
7639.7,23
7639.8,36
7639.9,27
7640.2,9
7640.3,7
7640.3,34
7640.8,18
7641.0,21
7641.0,22
7641.4,33
7641.9,0
7642.6,13
7643.8,37
7644.3,17
7644.8,35
7644.9,4
7645.2,16
7645.3,32
7645.6,30
7646.0,38
7646.5,5
7647.4,6
7647.6,8
7647.7,3
7647.7,28
7648.3,39
7649.6,20
7650.4,15
7650.4,18
7651.0,26
7651.7,21
7651.9,23
7652.0,11
7652.0,19
7652.3,14
7652.3,24
7652.6,36
7652.7,27
7652.9,7
7653.0,2
7653.0,13
7653.4,22
7653.6,33
7653.8,6
7654.8,29
7656.5,1
7656.9,30
7656.9,10
7657.8,17
7658.9,37
7659.2,16
7659.3,32
7659.6,4
7659.6,35
7660.3,38
7660.8,0
7661.8,11
7662.2,18
7662.2,39
7662.3,7
7663.3,34
7663.8,28
7663.9,15
7665.0,17
7666.3,13
7666.5,6
7666.5,19
7666.7,3
7666.7,12
7667.9,35
7668.7,24
7668.9,2
7668.9,8
7669.1,4
7669.2,1
7669.4,26
7669.8,21
7669.9,10
7670.4,33
7671.8,5
7672.1,27
7672.1,32
7672.3,29
7672.5,22
7672.5,36
7673.5,18
7674.1,7
7674.2,17
7674.6,30
7674.8,11
7675.1,39
7675.5,13
7677.2,28
7677.6,19
7677.8,3
7678.6,23
7679.4,29
7680.3,32
7681.3,33
7681.5,0
7681.6,10
7681.9,26
7682.0,1
7682.4,35
7682.9,7
7682.9,17
7684.0,20
7684.3,2
7685.1,16
7685.8,15
7686.0,5
7686.0,6
7686.3,13
7686.3,34
7686.5,37
7686.5,39
7687.1,21
7687.3,4
7687.5,24
7687.8,38
7688.6,9
7689.3,30
7691.8,28
7692.3,8
7693.4,27
7693.7,22
7693.9,33
7694.0,10
7694.6,11
7694.8,7
7695.0,20
7695.0,32
7695.5,3
7695.8,31
7695.9,26
7696.7,17
7696.7,35
7696.8,18
7697.1,1
7697.4,19
7698.0,4
7698.3,12
7698.3,13
7698.7,36
7699.8,39
7699.9,30
7700.2,23
7701.5,37
7701.8,38
7702.0,6
7702.3,11
7704.6,29
7705.0,16
7705.5,28
7705.9,24
7706.4,26
7706.9,7
7707.0,0
7708.1,2
7709.1,10
7709.5,15
7709.5,33
7709.8,39
7710.4,4
7710.7,17
7711.1,19
7711.7,25
7712.1,21
7712.3,35
7712.4,18
7712.6,34
7712.8,13
7712.8,32
7713.5,27
7713.6,23
7714.4,3
7714.7,6
7714.8,36
7715.2,26
7715.2,29
7715.3,11
7716.6,20
7716.7,8
7716.8,30
7716.9,39
7717.6,7
7718.1,1
7719.8,37
7720.2,15
7720.5,4
7721.0,17
7721.9,28
7722.4,38
7722.6,12
7724.8,22
7725.1,26
7725.4,30
7725.5,10
7725.5,13
7726.1,21
7726.1,29
7726.1,39
7726.3,33
7726.5,35
7726.7,6
7726.7,11
7726.7,24
7727.5,19
7728.1,0
7728.6,16
7729.5,7
7730.1,23
7730.8,3
7731.3,34
7731.5,17
7733.1,32
7733.9,27
7734.0,4
7734.3,13
7735.9,1
7736.0,37
7736.8,39
7737.3,2
7737.5,31
7737.8,18
7738.1,11
7738.7,36
7739.1,35
7739.2,24
7739.5,26
7739.6,6
7739.6,22
7739.6,38
7740.1,5
7740.6,8
7741.0,17
7741.2,15
7742.4,10
7742.5,13
7742.5,33
7742.7,9
7743.2,20
7743.8,29
7744.3,32
7745.7,7
7745.8,12
7745.9,30
7746.1,1
7746.7,28
7747.0,39
7747.7,0
7748.1,4
7748.9,6
7748.9,21
7750.1,26
7751.6,11
7752.0,27
7753.1,3
7753.4,17
7754.1,16
7754.2,13
7754.5,18
7755.4,35
7755.5,28
7755.6,36
7755.9,24
7756.0,23
7756.1,33
7756.2,29
7756.3,10
7756.7,37
7757.0,7
7757.5,38
7758.8,39
7759.8,26
7760.1,30
7760.2,34
7761.9,15
7762.7,19
7762.8,20
7763.2,32
7763.4,22
7764.1,6
7764.3,17
7764.4,25
7765.3,36
7765.4,4
7765.5,21
7765.9,11
7766.5,8
7767.1,1
7767.3,12
7767.7,2
7768.0,13
7768.1,33
7768.6,23
7769.4,29
7769.7,37
7770.8,24
7771.5,5
7771.8,10
7771.8,18
7772.0,39
7772.1,35
7772.2,16
7772.4,7
7773.2,4
7773.4,27
7774.1,38
7774.2,26
7774.4,17
7774.6,6
7774.7,21
7774.7,28
7776.0,33
7776.2,9
7776.2,34
7776.3,32
7777.2,1
7777.3,3
7778.7,22
7779.4,13
7779.6,11
7780.1,36
7780.7,7
7782.2,29
7782.4,15
7782.9,30
7784.1,8
7784.2,18
7784.6,10
7784.6,6
7784.6,19
7785.2,35
7785.3,26
7786.1,23
7786.2,17
7787.1,39
7788.6,16
7788.9,0
7789.2,24
7789.4,11
7790.7,12
7790.7,30
7791.1,2
7791.2,32
7791.3,3
7791.3,4
7791.6,7
7791.7,22
7791.9,37
7792.0,33
7792.1,13
7792.1,21
7793.0,1
7793.7,34
7796.7,17
7797.2,38
7797.9,26
7798.7,35
7799.3,10
7799.3,27
7799.7,8
7799.9,4
7800.0,36
7800.1,13
7800.1,29
7800.4,5
7800.6,19
7800.7,6
7801.1,11
7801.1,24
7801.1,28
7801.3,23
7801.3,39
7801.9,7
7802.0,18
7802.1,15
7803.0,33
7803.5,32
7805.4,9
7806.3,1
7806.6,34
7806.7,13
7808.2,12
7808.8,22
7809.0,17
7809.7,26
7810.0,35
7810.1,20
7810.9,0
7811.3,3
7811.4,4
7811.5,23
7811.6,7
7812.0,24
7813.2,37
7813.8,10
7814.0,15
7814.5,30
7814.7,18
7814.9,28
7815.6,33
7815.8,19
7816.8,21
7816.9,2
7817.2,27
7817.2,38
7818.1,11
7818.1,39
7818.6,13
7818.7,29
7818.8,6
7818.9,17
7819.2,26
7820.3,32
7821.0,36
7821.6,0
7821.7,16
7822.3,10
7822.6,7
7822.7,23
7822.7,24
7824.0,35
7825.1,4
7825.3,21
7826.5,5
7826.8,34
7827.1,13
7827.3,8
7829.1,38
7829.4,1
7829.4,37
7829.5,29
7829.9,33
7830.0,39
7830.3,30
7831.1,19
7831.3,11
7831.5,17
7831.6,28
7831.7,15
7832.3,6
7832.4,18
7832.7,3
7833.6,22
7834.1,10
7834.9,27
7834.9,7
7835.6,35
7837.5,20
7837.9,4
7838.4,23
7838.5,16
7838.7,26
7839.1,12
7839.4,21
7840.3,33
7840.4,17
7840.4,36
7840.6,11
7840.7,30
7841.3,32
7841.5,29
7841.6,0
7841.9,24
7842.1,38
7842.2,35
7842.5,2
7842.7,13
7843.5,39
7843.7,37
7843.8,1
7844.4,15
7844.8,10
7845.2,7
7845.7,9
7846.0,18
7846.2,8
7846.7,34
7847.0,6
7850.4,13
7850.6,5
7850.8,11
7850.9,27
7852.2,3
7852.6,4
7853.1,28
7853.4,39
7853.7,22
7854.0,26
7854.4,33
7854.5,30
7855.0,2
7855.1,19
7855.1,10
7855.7,6
7855.9,35
7856.1,16
7856.3,18
7856.3,21
7856.8,24
7857.2,17
7857.3,37
7857.4,13
7858.3,7
7858.7,1
7860.4,8
7860.9,11
7861.7,23
7862.6,33
7863.7,29
7863.7,32
7863.9,12
7864.4,3
7865.3,36
7865.4,15
7865.4,35
7865.4,38
7865.9,17
7865.9,26
7866.1,28
7866.8,39
7867.0,13
7869.3,22
7869.5,37
7869.6,25
7869.8,34
7870.3,4
7870.5,11
7871.1,21
7871.1,30
7871.5,0
7872.1,5
7872.1,6
7872.3,7
7872.6,10
7873.0,33
7874.0,18
7874.6,27
7875.6,24
7875.8,19
7876.1,8
7876.1,39
7876.3,12
7876.4,26
7876.7,13
7876.8,1
7877.3,28
7877.6,20
7877.7,16
7878.9,32
7879.1,17
7879.9,7
7880.5,35
7884.1,37
7884.4,33
7884.8,29
7885.6,4
7885.7,11
7885.7,15
7886.1,13
7886.1,31
7886.2,10
7888.2,38
7888.6,23
7888.6,28
7888.8,21
7888.9,39
7889.1,2
7889.4,34
7890.0,18
7890.3,22
7890.3,30
7890.7,1
7890.8,3
7891.5,35
7892.2,6
7892.9,4
7893.2,26
7893.2,36
7893.9,32
7894.0,5
7894.6,7
7894.7,17
7894.9,20
7895.9,27
7897.1,19
7897.4,13
7897.4,10
7897.8,24
7897.9,33
7898.0,11
7898.1,18
7898.2,0
7898.5,8
7898.7,37
7899.1,39
7899.9,34
7900.8,12
7902.5,38
7902.7,15
7902.9,4
7903.4,32
7903.7,7
7903.9,1
7905.5,9
7905.8,17
7906.0,29
7906.0,30
7906.6,28
7906.8,13
7906.9,35
7907.2,23
7907.3,6
7907.8,33
7908.5,3
7908.6,26
7908.8,37
7909.5,10
7910.4,16
7911.5,39
7912.5,20
7912.6,7
7912.6,18
7913.0,2
7913.1,17
7914.3,1
7914.4,21
7914.5,0
7914.6,27
7914.9,24
7915.1,28
7915.4,11
7915.4,29
7915.6,4
7915.7,22
7915.7,32
7916.6,8
7916.6,19
7916.9,30
7916.9,39
7917.3,3
7917.4,36
7917.6,13
7917.6,15
7917.6,38
7920.0,6
7920.6,10
7921.1,33
7923.5,26
7923.5,37
7923.6,23
7924.6,4
7924.8,35
7925.4,7
7925.5,13
7926.1,29
7926.2,34
7926.6,17
7926.7,30
7926.8,8
7928.2,18
7928.4,11
7928.9,12
7929.2,31
7929.3,39
7930.0,5
7930.3,1
7930.6,33
7931.3,21
7932.4,19
7933.3,10
7933.8,38
7934.1,32
7935.1,26
7935.2,7
7935.2,22
7935.3,24
7935.5,17
7935.7,15
7935.9,37
7936.1,3
7936.1,28
7936.2,11
7937.2,16
7937.8,13
7938.0,6
7938.2,39
7938.4,23
7939.2,35
7940.7,29
7940.8,4
7941.4,36
7941.8,30
7942.3,2
7942.4,27
7942.5,33
7942.7,0
7943.2,20
7944.1,1
7944.8,10
7945.5,34
7945.8,7
7946.0,17
7946.4,18
7946.7,22
7947.2,12
7947.4,13
7948.2,24
7950.4,4
7950.6,11
7951.2,15
7951.5,39
7951.8,21
7951.9,19
7952.5,3
7953.0,35
7953.4,6
7953.4,8
7953.6,38
7953.8,37
7954.1,29
7954.2,16
7954.3,25
7954.3,26
7954.3,30
7954.3,31
7954.5,9
7955.5,32
7956.3,13
7957.8,10
7958.5,18
7959.2,17
7960.7,7
7961.1,28
7961.2,33
7961.6,4
7961.6,5
7961.9,23
7962.0,29
7962.9,22
7963.2,11
7963.2,27
7963.8,26
7964.1,24
7964.3,30
7965.8,39
7966.5,1
7968.6,36
7968.7,12
7969.6,13
7969.6,20
7969.7,35
7969.8,31
7969.9,10
7969.9,16
7970.7,17
7971.2,37
7971.3,38
7971.4,32
7971.7,7
7972.7,3
7972.7,15
7973.0,21
7973.3,24
7973.6,6
7973.7,33
7974.7,8
7974.8,29
7974.8,34
7974.9,0
7975.1,26
7975.6,19
7975.7,1
7977.0,18
7978.6,39
7978.7,4
7979.1,28
7980.0,27
7980.1,13
7980.5,5
7980.8,23
7981.1,17
7981.2,2
7981.4,7
7981.6,30
7981.6,38
7982.0,36
7982.2,11
7982.2,22
7982.3,19
7983.4,10
7983.9,33
7983.9,35
7984.5,32
7985.0,15
7986.8,13
7986.9,12
7987.6,3
7987.9,29
7988.2,6
7988.5,4
7989.0,39
7990.2,30
7990.3,24
7990.8,21
7991.3,18
7991.6,37
7992.7,9
7993.4,34
7993.7,1
7993.7,7
7993.8,28
7993.8,17
7995.7,0
7995.7,26
7995.7,33
7998.6,13
7998.8,38
7999.3,19
7999.4,10
7999.5,16
8000.1,15
8000.1,20
8000.7,23
8001.1,6
8001.1,32
8001.2,11
8002.6,35
8002.8,39
8003.1,4
8003.9,22
8003.9,36
8004.2,33
8004.8,8
8005.0,2
8005.4,29
8005.8,30
8005.9,27
8006.1,1
8007.7,31
8008.0,18
8008.1,7
8008.4,28
8008.4,17
8009.2,6
8009.2,5
8009.5,13
8009.8,24
8009.9,10
8010.4,3
8010.7,4
8012.0,11
8012.2,38
8013.8,26
8015.2,39
8015.6,32
8016.4,13
8016.4,35
8016.6,21
8016.8,22
8016.9,23
8017.0,17
8017.8,34
8017.9,0
8018.7,20
8019.0,16
8019.1,37
8019.7,12
8019.8,10
8020.6,33
8020.9,15
8021.2,18
8021.4,7
8021.4,36
8021.9,1
8021.9,8
8021.9,11
8021.9,27
8021.9,28
8022.3,4
8022.4,6
8025.9,39
8026.6,29
8026.8,24
8026.8,30
8027.0,26
8027.2,13
8028.1,17
8029.3,3
8029.4,19
8029.8,28
8029.8,32
8030.5,22
8030.6,37
8030.9,5
8031.3,4
8031.9,7
8032.5,11
8032.6,2
8032.7,35
8033.3,1
8034.5,6
8034.5,10
8035.7,16
8036.2,13
8036.6,33
8036.6,15
8036.8,20
8037.2,21
8037.4,18
8038.8,30
8038.8,34
8039.3,39
8039.6,38
8040.1,36
8040.2,23
8040.5,17
8041.4,12
8041.6,26
8041.8,1
8041.8,10
8042.4,6
8043.0,29
8043.5,24
8044.1,32
8044.3,4
8044.3,8
8044.5,7
8044.7,0
8044.8,11
8044.8,19
8044.8,37
8045.8,13
8045.9,35
8046.2,28
8047.3,3
8048.6,33
8049.6,27
8049.7,2
8050.2,9
8050.3,18
8050.3,20
8050.8,39
8051.3,22
8053.0,17
8053.3,1
8054.4,38
8055.7,7
8055.7,19
8056.0,30
8056.6,10
8057.0,26
8057.8,11
8057.9,18
8058.0,6
8058.0,16
8058.4,27
8058.4,34
8058.9,23
8059.2,4
8059.2,28
8059.3,32
8059.6,15
8060.7,35
8061.0,17
8061.0,37
8061.3,21
8061.6,24
8062.2,13
8064.7,1
8065.7,39
8065.8,29
8067.0,22
8067.6,33
8067.9,16
8068.1,20
8068.1,26
8068.3,0
8068.3,11
8068.3,12
8068.3,36
8068.6,10
8068.7,7
8068.7,19
8069.3,37
8069.4,6
8069.9,8
8070.0,13
8070.3,2
8071.2,3
8071.5,30
8072.1,4
8072.6,35
8072.7,23
8073.9,17
8074.4,1
8075.0,34
8076.1,18
8076.2,27
8077.3,32
8078.4,5
8078.9,28
8079.1,38
8079.2,15
8080.6,22
8081.0,13
8081.1,6
8081.6,7
8081.6,29
8082.0,25
8083.6,24
8083.7,26
8084.0,10
8084.3,19
8084.9,17
8085.2,35
8085.4,33
8086.1,39
8086.3,11
8086.3,37
8086.6,3
8086.6,16
8086.6,30
8087.0,23
8087.2,21
8087.8,18
8088.6,12
8088.8,4
8089.5,2
8090.1,0
8091.4,27
8091.7,1
8092.2,35
8092.3,36
8092.8,34
8093.7,26
8093.8,29
8094.3,20
8094.4,13
8094.4,10
8094.9,38
8095.0,6
8095.0,28
8095.3,32
8096.1,39
8096.4,15
8097.3,7
8097.7,21
8098.4,17
8098.6,33
8098.7,19
8099.1,5
8099.1,4
8099.5,11
8100.1,23
8102.1,10
8102.1,30
8102.3,8
8102.3,18
8102.5,13
8104.1,24
8104.8,22
8104.9,0
8105.1,3
8105.1,27
8105.3,35
8105.4,34
8105.4,37
8106.2,12
8106.2,26
8106.7,39
8107.0,1
8107.3,16
8107.4,32
8108.3,7
8108.6,28
8108.9,17
8109.4,6
8109.6,33
8110.8,36
8110.9,2
8111.1,29
8111.8,11
8112.4,20
8112.6,4
8113.2,13
8113.8,5
8113.8,25
8114.2,30
8114.9,10
8115.4,24
8116.1,38
8116.4,18
8116.7,17
8116.9,9
8117.4,15
8118.2,26
8118.2,35
8118.5,1
8118.5,22
8119.7,12
8120.7,19
8121.1,32
8121.2,6
8121.2,23
8122.2,11
8122.3,39
8123.0,13
8123.0,27
8123.3,7
8123.5,8
8124.4,28
8125.0,37
8125.3,33
8125.5,35
8126.2,21
8126.5,29
8126.5,4
8126.8,17
8126.8,30
8126.9,36
8127.1,10
8129.5,3
8130.0,26
8130.7,1
8131.2,34
8131.9,33
8131.9,24
8132.2,13
8132.4,16
8132.8,19
8132.9,0
8133.0,11
8134.1,39
8134.2,32
8134.5,17
8134.6,18
8134.7,38
8135.1,5
8136.4,6
8136.4,10
8137.2,7
8138.0,22
8138.3,35
8138.5,29
8139.0,15
8140.1,30
8140.4,4
8141.4,1
8141.6,28
8143.2,37
8143.5,26
8144.1,20
8144.3,34
8144.9,38
8146.6,7
8147.1,27
8147.1,39
8147.4,12
8147.5,21
8147.5,33
8147.6,11
8147.8,13
8147.8,16
8147.9,2
8148.1,0
8148.4,23
8148.7,17
8149.3,4
8149.3,28
8149.5,19
8149.5,32
8149.7,30
8149.8,10
8149.8,18
8152.7,6
8152.8,36
8153.2,26
8153.9,29
8155.1,3
8155.2,15
8155.5,8
8155.6,24
8156.6,22
8157.8,13
8158.1,11
8158.2,10
8158.2,17
8158.3,1
8158.5,7
8158.6,38
8158.6,30
8159.1,35
8159.5,39
8161.0,28
8161.8,33
8163.0,6
8163.5,32
8164.2,18
8165.5,1
8165.7,17
8167.5,37
8167.6,21
8167.6,29
8168.0,16
8168.1,23
8168.5,13
8168.5,4
8169.7,24
8170.0,12
8170.3,26
8170.3,31
8170.5,27
8170.8,2
8170.8,39
8171.3,9
8171.4,34
8171.9,11
8172.0,8
8172.1,33
8173.2,6
8173.8,7
8174.2,10
8174.6,15
8174.9,20
8175.3,3
8176.5,18
8176.6,17
8176.6,32
8177.2,22
8177.2,37
8177.4,35
8178.5,29
8178.6,28
8179.1,1
8179.2,13
8179.2,38
8179.7,19
8180.3,36
8181.0,30
8181.3,4
8181.3,16
8181.5,25
8181.6,21
8182.5,5
8182.7,11
8182.7,24
8182.9,33
8183.0,26
8183.6,0
8183.7,12
8183.9,2
8184.9,32
8185.0,39
8186.0,35
8186.4,13
8186.8,28
8187.7,7
8188.1,6
8188.4,10
8190.2,1
8190.2,3
8190.3,18
8190.3,27
8190.7,17
8191.7,15
8192.3,29
8192.8,23
8193.7,4
8193.7,21
8194.9,30
8195.2,11
8195.4,0
8195.4,20
8195.7,33
8195.8,8
8196.5,26
8197.6,24
8198.2,13
8198.2,19
8198.4,32
8199.6,34
8199.9,28
8200.1,10
8200.5,22
8201.9,31
8202.1,38
8202.5,18
8202.6,5
8202.7,7
8202.7,17
8202.7,35
8202.7,1
8202.7,6
8202.7,12
8203.6,36
8204.9,4
8206.2,39
8206.4,2
8206.6,23
8207.1,26
8207.3,37
8207.4,3
8207.4,16
8207.9,11
8208.7,21
8209.9,29
8209.9,33
8210.2,13
8211.7,30
8211.8,9
8212.2,17
8212.3,39
8212.4,20
8212.8,15
8213.2,7
8213.3,0
8213.7,32
8214.6,12
8216.8,6
8217.0,1
8217.0,4
8217.0,35
8218.7,19
8218.8,28
8219.4,13
8219.4,27
8219.7,18
8219.9,10
8221.0,24
8221.1,25
8221.5,36
8221.6,37
8222.4,11
8223.2,39
8223.6,38
8223.7,22
8223.8,35
8224.0,8
8224.0,26
8224.1,29
8225.0,21
8225.2,34
8226.0,32
8226.9,30
8228.3,1
8228.7,6
8228.7,10
8229.5,5
8229.8,2
8229.8,16
8230.1,3
8230.3,17
8230.8,33
8231.4,23
8231.8,4
8231.8,7
8231.8,13
8232.1,39
8232.3,15
8232.8,20
8233.1,24
8233.3,37
8234.2,12
8234.4,28
8234.7,11
8235.0,18
8236.2,29
8238.4,19
8238.7,30
8238.8,27
8238.8,32
8239.2,17
8239.7,0
8239.7,26
8240.1,35
8240.8,38
8241.4,11
8242.2,34
8242.3,22
8243.8,36
8244.1,37
8244.2,13
8245.0,10
8245.1,6
8245.2,14
8245.3,1
8245.4,33
8245.5,23
8246.0,28
8246.1,8
8246.5,4
8247.4,17
8247.9,39
8248.2,32
8249.0,18
8249.1,9
8249.2,26
8251.5,7
8251.9,16
8253.7,29
8253.8,27
8254.1,15
8255.4,34
8256.1,11
8256.7,12
8256.9,37
8257.5,4
8257.5,17
8257.7,6
8257.7,13
8257.7,24
8257.8,3
8257.9,10
8257.9,30
8258.1,1
8258.2,19
8258.3,39
8258.4,7
8258.9,18
8259.0,0
8259.2,38
8259.6,35
8259.7,28
8261.4,33
8262.7,32
8264.1,5
8264.5,31
8264.7,22
8265.6,26
8265.7,16
8266.3,27
8266.8,35
8267.1,17
8267.2,18
8267.2,23
8267.6,20
8267.6,21
8268.0,33
8268.1,10
8268.5,11
8268.9,13
8269.1,6
8269.3,4
8270.1,29
8270.4,1
8270.5,36
8270.6,2
8271.1,39
8272.9,7
8274.9,26
8275.3,0
8275.5,30
8276.5,19
8276.5,37
8277.1,6
8277.1,35
8277.2,38
8277.5,15
8277.9,27
8278.9,32
8280.6,24
8280.9,12
8281.0,34
8281.3,4
8281.5,16
8281.6,3
8281.6,33
8281.9,13
8282.2,11
8283.0,22
8283.4,10
8284.6,18
8285.3,17
8285.3,26
8285.9,29
8286.4,28
8286.8,36
8287.0,7
8287.7,21
8288.3,20
8289.0,1
8289.2,8
8289.2,35
8289.8,39
8290.3,30
8291.7,32
8292.2,27
8292.3,19
8292.8,38
8293.3,5
8293.5,12
8294.5,4
8294.7,13
8294.8,17
8295.0,37
8295.5,33
8295.8,0
8296.7,6
8296.8,11
8297.3,22
8297.7,10
8297.7,20
8297.7,34
8298.2,9
8298.8,23
8299.0,3
8299.0,24
8299.1,2
8299.8,32
8300.1,1
8300.1,7
8300.3,26
8300.6,21
8300.9,39
8302.7,17
8302.7,28
8302.9,33
8303.1,13
8303.1,35
8303.8,15
8304.2,18
8305.2,19
8305.6,29
8306.3,4
8308.0,30
8308.7,11
8309.2,27
8309.5,0
8309.9,1
8310.0,39
8310.2,6
8310.5,26
8310.6,36
8311.0,24
8311.4,7
8311.4,22
8311.4,23
8311.9,17
8312.2,8
8312.4,16
8313.3,10
8313.8,13
8314.0,32
8314.2,28
8314.9,21
8315.6,34
8316.6,33
8317.0,5
8317.0,38
8318.6,4
8319.1,39
8319.4,37
8319.6,35
8320.8,15
8321.1,6
8321.3,11
8321.7,13
8322.4,18
8322.4,26
8323.0,29
8323.2,0
8323.2,2
8323.5,22
8324.2,19
8324.4,9
8325.3,17
8326.1,7
8326.1,32
8326.2,23
8326.6,1
8327.4,30
8328.9,38
8329.3,21
8329.6,10
8330.1,4
8330.6,16
8331.3,3
8332.0,39
8332.8,13
8333.0,33
8333.4,8
8333.4,27
8333.5,17
8333.7,28
8334.0,20
8334.5,6
8334.5,36
8334.6,18
8334.6,24
8335.7,35
8335.9,29
8336.5,11
8337.0,1
8337.0,30
8338.0,15
8338.4,10
8338.7,22
8340.1,12
8340.2,7
8342.3,23
8343.2,32
8343.7,26
8344.1,27
8344.3,39
8344.8,16
8344.8,38
8344.9,34
8345.1,4
8345.8,1
8346.0,18
8346.1,3
8346.1,13
8346.4,0
8346.5,19
8346.6,17
8347.7,30
8347.8,33
8348.7,37
8349.7,6
8349.7,8
8350.2,11
8350.2,35
8352.6,10
8352.7,32
8353.0,4
8353.9,26
8354.1,5
8355.1,18
8355.4,27
8355.7,36
8356.2,39
8356.3,29
8356.6,25
8357.3,20
8357.5,28
8357.8,13
8357.8,16
8358.0,12
8358.1,17
8358.1,38
8358.8,21
8359.6,15
8359.8,3
8361.1,2
8361.3,6
8362.3,7
8362.7,35
8363.1,19
8363.2,33
8363.2,39
8363.4,1
8363.4,24
8363.4,34
8363.6,11
8364.0,22
8364.0,23
8364.0,37
8364.8,17
8365.0,10
8366.5,0
8366.9,32
8367.8,8
8368.2,29
8368.8,4
8369.1,13
8369.9,30
8370.5,26
8370.5,18
8372.4,11
8372.9,36
8373.5,38
8374.0,21
8374.5,23
8374.6,10
8376.7,28
8376.8,6
8377.1,12
8377.2,25
8377.3,13
8377.5,33
8378.0,17
8378.2,15
8378.4,1
8378.6,4
8379.3,35
8379.5,7
8379.7,39
8380.0,34
8380.1,24
8380.3,2
8380.4,27
8380.8,30
8380.9,20
8381.0,32
8381.2,9
8381.5,16
8381.5,37
8383.0,11
8383.6,26
8384.2,29
8384.9,21
8385.1,5
8385.7,22
8385.9,19
8386.1,31
8386.2,36
8386.6,4
8387.8,1
8389.8,8
8390.2,6
8391.3,17
8391.4,13
8391.4,37
8391.7,10
8391.7,18
8391.7,28
8391.8,23
8392.0,32
8392.5,38
8392.6,15
8392.6,35
8392.8,7
8392.8,34
8393.0,39
8393.7,16
8393.8,11
8394.1,24
8397.0,4
8397.8,33
8397.9,0
8399.2,12
8399.4,19
8400.2,26
8400.3,13
8400.4,22
8400.5,3
8400.6,2
8400.8,30
8400.9,17
8400.9,20
8400.9,29
8401.4,11
8401.8,27
8401.9,6
8402.0,10
8402.3,32
8403.9,18
8403.9,36
8405.4,1
8406.7,23
8406.8,38
8406.9,24
8407.4,15
8407.8,21
8408.2,7
8408.2,33
8408.8,35
8409.2,34
8410.1,37
8410.4,13
8410.5,26
8411.4,28
8411.4,29
8411.8,39
8412.0,4
8413.1,32
8413.8,17
8414.0,6
8414.1,20
8414.5,2
8414.5,30
8415.5,8
8416.0,33
8417.5,0
8417.6,22
8418.0,10
8418.5,39
8418.9,1
8419.0,7
8420.4,5
8420.6,27
8421.0,13
8421.7,4
8422.8,18
8422.9,11
8423.2,17
8424.3,19
8424.5,36
8425.1,28
8425.6,23
8426.0,3
8426.0,16
8426.2,33
8426.5,35
8426.6,15
8427.0,39
8427.2,38
8427.4,24
8428.3,10
8428.6,6
8428.6,7
8429.2,26
8429.2,30
8429.8,4
8430.1,13
8430.6,29
8431.6,32
8431.9,17
8432.4,2
8433.0,1
8433.4,33
8433.4,37
8434.2,11
8434.7,35
8434.8,21
8435.2,8
8436.2,34
8436.4,27
8436.9,0
8437.2,39
8437.6,12
8438.5,6
8439.7,30
8439.8,20
8440.2,29
8440.3,28
8441.0,22
8441.1,7
8441.1,26
8441.2,18
8441.4,10
8441.7,19
8442.2,38
8442.5,17
8443.6,1
8444.9,4
8445.0,15
8445.5,2
8445.5,24
8445.6,11
8445.9,3
8446.1,32
8446.3,37
8446.4,35
8446.6,34
8446.7,23
8447.0,9
8447.8,13
8447.8,33
8451.3,16
8451.5,39
8451.9,36
8452.7,10
8453.8,7
8453.9,22
8454.1,17
8454.3,30
8455.0,6
8455.4,11
8455.7,3
8455.7,5
8455.7,13
8456.0,35
8456.2,4
8456.3,19
8456.8,21
8456.8,28
8457.4,18
8458.1,38
8458.4,32
8458.6,26
8458.7,0
8459.5,1
8459.5,23
8459.6,37
8461.2,34
8461.4,27
8461.6,29
8462.0,33
8462.3,2
8463.6,30
8463.8,39
8463.9,4
8463.9,24
8464.6,12
8464.8,35
8464.9,15
8465.8,20
8466.3,13
8466.3,18
8466.9,8
8467.2,17
8467.6,10
8467.7,6
8467.8,11
8468.2,7
8468.6,25
8470.0,28
8470.1,39
8471.0,32
8471.5,29
8472.0,26
8472.1,1
8472.4,0
8472.9,4
8474.8,22
8475.6,3
8475.9,33
8476.9,19
8477.1,31
8477.1,24
8477.7,5
8477.9,6
8478.3,20
8479.0,16
8479.1,10
8479.1,23
8479.1,37
8479.2,18
8479.5,13
8479.8,38
8480.1,27
8480.7,11
8480.7,17
8481.5,2
8481.6,7
8481.8,0
8482.5,28
8482.5,30
8484.3,35
8485.1,15
8485.7,4
8485.8,29
8486.0,12
8486.1,9
8486.1,39
8486.6,21
8486.6,32
8487.2,1
8487.5,26
8487.5,33
8487.5,36
8487.8,22
8488.0,10
8489.1,34
8489.2,17
8490.1,13
8490.4,8
8490.6,37
8490.8,11
8492.2,24
8495.3,30
8495.4,19
8496.2,7
8497.0,3
8497.1,38
8497.7,25
8497.7,26
8497.7,29
8498.2,35
8498.4,16
8498.5,4
8498.5,28
8498.5,39
8498.7,6
8498.8,13
8498.9,21
8499.0,18
8499.1,33
8499.5,0
8500.1,27
8502.7,17
8502.8,11
8503.3,10
8503.9,32
8504.2,12
8505.4,18
8505.6,4
8506.1,23
8507.2,13
8507.5,24
8507.8,8
8507.8,26
8508.0,20
8508.1,15
8508.9,34
8509.4,39
8509.5,30
8510.5,1
8510.6,37
8511.3,7
8511.4,17
8512.4,22
8513.3,3
8513.7,11
8513.8,6
8513.8,19
8514.2,33
8514.4,10
8514.6,36
8516.6,32
8517.6,35
8517.8,28
8518.0,21
8518.4,26
8518.5,29
8519.0,16
8519.0,39
8520.1,13
8521.4,18
8521.8,23
8521.9,38
8522.1,0
8522.1,1
8522.3,5
8522.5,15
8522.7,30
8522.8,2
8522.9,7
8523.1,11
8523.1,31
8524.2,27
8527.8,17
8528.0,4
8528.7,13
8528.9,32
8529.1,24
8529.3,34
8529.4,33
8529.8,6
8529.8,8
8529.8,10
8529.8,20
8530.1,37
8530.4,39
8530.5,3
8531.0,1
8531.3,28
8532.8,7
8532.8,35
8533.2,12
8533.2,19
8533.4,11
8533.5,22
8533.6,21
8533.6,30
8534.0,23
8534.1,25
8534.1,29
8534.6,26
8534.9,17
8538.7,16
8539.5,0
8541.0,27
8541.2,39
8541.3,32
8542.0,6
8542.0,13
8542.3,34
8542.6,2
8542.6,38
8542.8,9
8543.0,10
8543.4,18
8543.7,33
8543.7,36
8544.0,15
8544.1,11
8544.3,4
8544.9,26
8546.9,30
8547.1,28
8547.3,3
8547.5,35
8547.9,22
8548.2,8
8549.3,20
8549.4,16
8549.6,37
8550.3,17
8551.5,1
8551.6,7
8551.9,11
8552.6,21
8552.7,39
8553.0,12
8553.1,5
8553.1,13
8553.3,18
8554.4,19
8554.9,24
8555.3,35
8558.7,29
8559.9,26
8560.6,4
8560.6,28
8560.7,17
8560.8,10
8561.0,23
8561.0,30
8561.0,36
8561.4,32
8561.4,33
8561.5,7
8561.7,6
8562.1,22
8562.6,13
8562.8,3
8562.8,38
8566.8,39
8567.2,11
8568.1,18
8569.2,15
8569.3,21
8569.4,5
8569.6,19
8570.0,24
8570.3,10
8570.3,12
8570.3,34
8570.5,1
8570.5,6
8570.8,37
8571.1,35
8571.2,0
8571.2,16
8571.3,20
8571.6,27
8571.6,29
8571.9,8
8571.9,13
8572.0,28
8572.1,38
8572.3,31
8573.2,4
8573.5,11
8573.5,33
8573.8,7
8575.8,26
8576.1,32
8576.4,30
8577.0,2
8577.3,17
8578.3,9
8579.1,3
8580.4,19
8581.1,23
8581.3,18
8581.6,36
8582.9,27
8584.4,33
8584.6,1
8584.6,22
8584.6,37
8584.8,11
8584.9,4
8584.9,21
8584.9,39
8585.4,31
8585.6,24
8585.7,10
8585.7,29
8587.1,7
8587.2,13
8587.9,6
8588.2,34
8589.1,35
8589.4,0
8589.4,17
8589.7,8
8589.7,16
8590.0,38
8590.8,15
8591.0,30
8591.7,18
8591.8,39
8592.3,26
8592.9,5
8593.2,20
8593.7,11
8595.1,4
8595.7,28
8596.1,32
8596.6,36
8596.7,13
8597.0,23
8597.3,33
8597.4,10
8597.4,12
8597.4,19
8597.6,21
8599.0,2
8599.9,3
8599.9,7
8601.5,27
8601.9,17
8602.1,1
8602.1,6
8602.6,38
8603.0,18
8603.0,22
8603.0,30
8603.3,26
8603.8,0
8603.9,29
8604.3,37
8604.5,19
8604.7,11
8605.8,15
8605.9,4
8605.9,24
8606.6,35
8607.9,39
8609.3,32
8610.7,33
8611.0,13
8611.3,36
8612.3,28
8612.5,7
8612.8,16
8613.9,8
8613.9,25
8614.0,37
8614.2,18
8614.2,23
8614.5,6
8614.5,17
8614.9,3
8615.1,15
8615.2,4
8615.5,10
8616.4,11
8616.9,2
8617.0,38
8617.2,29
8617.3,13
8617.7,1
8618.2,30
8618.8,26
8619.1,12
8619.1,33
8619.2,34
8619.3,5
8619.7,0
8620.4,39
8620.5,19
8620.5,21
8620.5,23
8623.1,32
8623.4,35
8624.1,7
8624.2,24
8625.0,20
8625.2,22
8625.8,28
8626.1,10
8626.5,13
8626.5,27
8626.7,6
8627.1,18
8627.5,17
8628.4,33
8628.8,39
8629.3,11
8630.2,37
8630.8,1
8631.1,29
8632.9,3
8632.9,4
8633.3,26
8634.1,7
8634.6,12
8634.6,35
8635.1,19
8635.2,31
8635.5,30
8635.7,23
8636.9,2
8637.2,21
8637.9,16
8638.0,8
8638.5,36
8639.6,13
8640.2,17
8640.2,38
8640.9,10
8641.9,18
8642.1,39
8643.0,0
8643.2,9
8643.2,28
8643.5,1
8643.5,15
8643.7,32
8643.8,30
8645.3,34
8645.5,6
8646.0,24
8646.4,22
8647.4,33
8648.4,4
8648.5,7
8648.6,19
8648.6,29
8649.1,26
8649.2,17
8649.2,27
8649.3,11
8649.5,13
8649.9,20
8650.7,5
8650.9,3
8650.9,37
8651.2,21
8652.1,32
8652.1,35
8652.2,10
8652.9,12
8653.3,18
8653.9,8
8655.8,6
8655.9,24
8656.3,1
8657.2,15
8657.4,34
8657.8,26
8658.1,11
8658.3,7
8658.6,38
8658.8,13
8659.2,16
8659.8,39
8659.9,19
8660.4,4
8661.4,28
8661.6,33
8662.5,2
8662.5,17
8663.0,32
8663.1,30
8663.6,29
8663.9,25
8664.0,37
8664.1,18
8665.0,3
8665.3,5
8665.6,8
8665.6,27
8665.9,35
8666.0,22
8666.4,10
8667.3,7
8668.2,6
8669.3,23
8669.7,13
8669.7,36
8670.3,39
8670.4,4
8670.8,21
8671.5,26
8671.5,0
8671.9,11
8671.9,15
8671.9,17
8672.3,1
8672.8,10
8672.8,16
8674.1,33
8674.6,38
8674.7,28
8678.1,35
8678.3,19
8680.5,23
8681.0,5
8681.2,24
8681.3,29
8681.5,6
8681.6,26
8681.8,2
8681.8,7
8682.1,12
8682.1,32
8682.2,27
8682.7,22
8682.8,13
8682.8,34
8683.0,4
8683.0,20
8683.3,39
8684.0,30
8684.1,17
8684.2,37
8684.9,33
8685.4,3
8685.6,10
8685.9,1
8686.3,11
8686.9,36
8687.5,18
8689.7,21
8689.9,28
8690.1,15
8690.2,6
8691.7,24
8691.8,8
8692.9,32
8693.1,31
8693.2,26
8693.3,38
8693.5,7
8693.5,17
8694.4,4
8694.6,19
8694.6,35
8694.7,39
8695.0,13
8695.3,30
8696.1,2
8696.1,9
8696.3,16
8697.3,10
8697.6,11
8697.6,20
8698.9,33
8701.5,18
8703.1,13
8703.4,22
8703.5,29
8704.0,24
8704.0,28
8704.1,37
8704.2,23
8704.7,5
8705.0,1
8705.3,17
8705.5,0
8705.5,3
8705.5,21
8705.6,36
8705.7,12
8706.1,27
8706.5,11
8707.8,6
8708.1,4
8708.3,7
8708.7,39
8709.0,35
8709.2,34
8709.6,30
8710.0,32
8710.4,16
8712.5,33
8712.6,17
8713.1,19
8713.2,37
8714.1,10
8714.1,25
8715.6,8
8716.2,11
8716.4,13
8717.1,28
8718.1,3
8718.1,4
8719.0,15
8719.4,2
8719.4,18
8719.9,1
8721.3,24
8722.3,27
8722.4,20
8722.4,30
8722.6,12
8722.7,26
8722.8,6
8723.0,5
8723.4,23
8723.4,39
8723.9,36
8724.3,0
8725.2,10
8725.3,7
8725.4,11
8725.9,17
8726.1,29
8727.1,13
8727.3,33
8727.6,21
8728.0,32
8728.6,22
8728.9,4
8730.7,38
8732.7,34
8732.9,19
8733.1,28
8733.1,35
8733.4,16
8733.4,18
8733.5,24
8733.7,1
8733.8,15
8734.3,10
8734.7,39
8736.3,33
8736.8,7
8737.3,8
8737.4,37
8737.5,2
8738.2,17
8738.6,13
8738.6,26
8739.0,11
8739.9,4
8740.6,29
8740.8,6
8742.0,39
8742.5,32
8742.6,28
8742.9,21
8743.2,30
8743.4,5
8743.4,35
8743.8,27
8743.8,23
8744.1,3
8744.1,20
8744.2,16
8744.2,18
8744.5,17
8744.6,22
8744.7,31
8745.0,36
8745.4,0
8745.4,10
8746.8,13
8750.5,11
8750.5,15
8750.9,1
8752.2,4
8752.2,6
8752.3,9
8752.7,24
8753.0,10
8753.1,33
8754.4,19
8755.3,2
8755.6,26
8755.6,29
8755.8,13
8755.8,17
8755.9,32
8756.0,30
8756.2,12
8756.3,3
8756.8,7
8756.9,16
8757.4,18
8760.3,35
8760.8,39
8761.3,37
8761.4,0
8761.4,21
8761.6,34
8761.8,1
8763.0,4
8763.2,11
8763.2,22
8763.7,26
8764.3,28
8764.6,7
8764.9,20
8765.5,17
8765.7,32
8765.8,36
8766.0,33
8766.3,38
8766.8,10
8767.2,13
8768.0,35
8769.1,3
8769.4,6
8770.1,15
8770.4,21
8770.6,24
8771.2,23
8771.4,39
8771.6,30
8772.5,4
8773.8,19
8773.8,27
8773.8,34
8774.4,16
8774.8,10
8775.2,17
8776.2,35
8776.5,18
8776.5,29
8776.7,33
8776.8,11
8777.3,5
8777.5,12
8777.9,13
8778.3,26
8778.6,8
8778.7,1
8778.7,22
8779.2,7
8779.4,2
8779.6,28
8780.1,32
8780.8,24
8781.2,23
8784.2,39
8785.7,17
8785.7,37
8786.0,36
8786.2,6
8786.5,15
8786.5,25
8786.6,11
8787.0,10
8787.1,21
8787.3,4
8787.6,35
8788.1,30
8788.5,38
8788.6,20
8788.6,28
8789.2,13
8789.2,32
8789.4,22
8790.3,3
8791.9,33
8792.6,1
8792.6,23
8792.8,0
8793.1,18
8793.2,39
8793.3,7
8793.3,29
8793.5,19
8793.9,11
8794.3,24
8794.7,16
8795.5,26
8795.5,31
8795.8,4
8797.3,13
8797.3,34
8798.0,17
8798.4,35
8798.7,36
8799.6,27
8799.7,12
8800.3,22
8800.6,28
8801.3,9
8802.1,32
8802.3,2
8802.3,4
8802.6,7
8803.2,21
8803.3,11
8804.0,29
8804.2,30
8804.6,23
8804.7,1
8805.4,38
8805.5,37
8805.6,10
8806.0,26
8806.1,6
8806.6,18
8807.0,33
8807.2,8
8807.5,5
8807.6,39
8807.8,24
8808.6,27
8810.5,13
8810.8,19
8812.3,15
8812.3,34
8812.4,0
8812.5,32
8812.7,17
8813.3,11
8813.7,3
8813.9,4
8814.9,10
8816.4,35
8816.6,16
8816.7,22
8817.5,36
8817.7,7
8818.2,26
8819.2,18
8820.2,17
8820.3,1
8820.3,28
8820.3,39
8820.5,6
8820.9,13
8821.4,23
8821.5,29
8821.6,20
8821.6,30
8822.4,33
8823.2,32
8823.6,37
8823.7,8
8823.9,24
8824.5,4
8824.7,38
8825.0,11
8827.5,3
8827.7,10
8828.6,5
8829.3,34
8830.7,31
8830.7,22
8831.3,13
8832.0,1
8832.0,6
8832.7,35
8833.1,15
8833.1,21
8833.3,27
8833.5,9
8833.6,29
8833.7,26
8834.1,4
8834.1,28
8834.1,39
8834.2,20
8834.2,32
8834.3,12
8834.9,5
8834.9,17
8834.9,37
8837.3,7
8837.3,33
8840.1,30
8840.2,19
8840.8,10
8841.2,11
8841.4,2
8841.7,18
8842.1,24
8842.2,3
8842.3,25
8842.5,13
8842.5,23
8843.2,4
8843.2,38
8843.6,8
8843.7,6
8843.8,1
8843.8,37
8843.8,16
8845.0,39
8845.2,17
8846.1,32
8846.6,21
8847.1,28
8848.8,33
8848.9,35
8849.5,29
8850.1,7
8850.3,11
8850.3,13
8850.4,30
8850.7,0
8851.0,10
8851.0,34
8851.3,22
8851.7,15
8853.1,4
8854.3,26
8855.1,36
8855.5,1
8855.5,27
8855.7,37
8855.8,3
8856.4,39
8856.8,17
8857.0,6
8857.5,29
8858.7,35
8859.8,33
8860.1,19
8860.4,12
8860.5,38
8860.7,20
8861.1,30
8862.8,31
8863.3,13
8863.8,10
8863.8,23
8864.1,0
8864.1,4
8864.1,7
8864.1,32
8864.3,25
8864.5,11
8864.6,28
8864.8,8
8864.8,24
8865.3,16
8865.4,18
8865.7,1
8866.4,39
8868.0,5
8868.2,29
8868.4,15
8869.0,21
8869.1,17
8869.1,26
8869.7,19
8870.4,22
8871.5,35
8872.6,2
8872.6,30
8873.0,27
8873.8,6
8874.1,33
8874.4,12
8874.5,32
8874.5,36
8874.8,13
8875.0,7
8875.7,37
8876.0,8
8876.3,11
8876.8,3
8876.9,4
8877.2,10
8877.4,28
8877.6,9
8878.8,34
8878.9,38
8879.5,39
8880.1,22
8880.2,1
8880.4,24
8881.3,17
8881.5,26
8881.7,15
8882.7,16
8882.9,18
8884.2,13
8884.2,20
8884.4,21
8884.4,33
8884.7,6
8884.8,11
8884.8,30
8885.1,10
8885.2,36
8885.5,29
8886.0,23
8886.3,39
8886.5,4
8887.5,7
8889.4,5
8889.4,17
8889.5,1
8889.8,35
8890.8,8
8892.2,31
8892.8,32
8893.1,0
8893.8,13
8894.3,26
8894.6,11
8894.9,2
8894.9,28
8896.1,6
8896.2,12
8896.4,18
8897.5,15
8899.1,37
8899.2,27
8899.2,30
8899.3,24
8899.8,9
8900.0,16
8900.1,29
8900.3,3
8900.3,19
8900.9,33
8901.1,4
8902.2,1
8902.4,34
8902.5,25
8902.8,35
8902.9,20
8903.2,38
8903.4,13
8903.7,23
8904.1,39
8904.3,10
8904.8,5
8904.8,7
8905.5,12
8905.5,17
8906.5,21
8906.8,26
8907.8,11
8908.5,22
8909.2,18
8909.3,33
8909.5,32
8913.1,1
8913.3,39
8914.3,4
8914.4,35
8914.5,29
8914.6,19
8915.1,28
8915.6,7
8915.8,17
8916.1,10
8916.2,6
8916.2,30
8916.3,18
8916.3,23
8916.4,0
8916.5,8
8917.3,13
8920.4,38
8920.6,36
8921.0,15
8921.2,11
8921.2,32
8921.5,5
8921.8,33
8921.9,3
8921.9,37
8922.1,16
8922.1,39
8922.7,34
8923.0,4
8924.1,7
8925.1,26
8925.8,1
8925.8,21
8925.9,35
8926.0,20
8926.1,19
8926.1,27
8926.3,6
8926.6,13
8926.9,17
8927.8,30
8928.0,2
8928.0,12
8929.4,10
8930.7,23
8931.3,11
8932.2,32
8932.9,18
8934.0,24
8935.2,28
8935.2,33
8936.6,3
8936.9,0
8936.9,38
8937.0,13
8937.0,39
8937.4,4
8937.4,22
8937.5,9
8938.5,34
8938.6,6
8938.8,35
8939.2,7
8939.5,21
8939.5,25
8939.9,16
8940.1,17
8940.6,11
8940.7,29
8942.5,36
8942.7,26
8943.3,8
8943.8,15
8944.1,13
8944.3,30
8944.4,1
8944.6,37
8944.7,12
8945.0,32
8945.4,35
8945.5,19
8945.6,4
8945.9,33
8946.6,10
8947.6,24
8948.3,23
8948.6,5
8949.1,18
8949.6,17
8949.7,6
8950.0,11
8950.1,27
8950.6,7
8951.4,39
8952.1,34
8953.9,3
8954.2,38
8955.0,26
8955.1,28
8955.9,16
8956.1,13
8956.3,33
8957.3,21
8958.0,0
8958.1,17
8958.3,30
8958.5,22
8959.0,29
8959.1,15
8959.4,4
8959.4,7
8959.6,20
8959.8,18
8959.8,37
8960.0,11
8961.2,32
8961.6,1
8961.6,2
8961.9,12
8961.9,35
8963.4,6
8963.8,10
8964.3,19
8965.1,13
8965.5,39
8965.6,34
8965.6,36
8968.8,33
8969.9,35
8970.0,26
8970.2,23
8970.6,3
8970.7,24
8970.8,16
8970.8,17
8971.3,18
8971.5,11
8971.8,8
8972.0,4
8972.1,7
8972.7,28
8973.8,30
8974.0,20
8974.1,39
8974.1,13
8974.4,10
8974.9,21
8975.4,38
8975.6,36
8976.2,0
8977.3,37
8977.6,32
8977.7,1
8977.8,5
8978.0,29
8978.7,12
8978.8,2
8978.8,19
8980.0,15
8980.1,34
8981.4,6
8982.5,17
8983.5,26
8983.7,13
8984.0,4
8984.0,24
8984.6,33
8984.7,11
8985.0,18
8985.3,22
8985.8,30
8986.1,35
8986.5,7
8987.3,1
8988.8,28
8989.1,10
8989.3,38
8989.7,39
8990.1,3
8990.8,32
8991.7,29
8991.7,27
8993.4,16
8993.5,26
8995.0,15
8995.0,17
8995.0,23
8995.3,4
8995.3,5
8996.2,19
8996.2,30
8996.4,6
8996.5,11
8996.6,13
8997.3,33
8997.4,10
8997.6,8
8997.7,2
9000.3,21
9000.5,36
9000.7,7
9001.2,39
9001.8,12
9002.9,37
9003.0,22
9003.5,1
9003.7,35
9003.8,18
9003.9,24
9005.6,32
9005.7,33
9005.9,11
9006.2,34
9006.5,4
9008.8,31
9009.2,29
9009.4,13
9009.8,20
9010.2,39
9011.2,26
9011.3,23
9011.7,30
9012.0,7
9012.7,17
9012.8,21
9013.1,0
9013.2,16
9013.9,10
9014.5,9
9015.4,19
9015.5,27
9016.3,3
9016.3,4
9016.4,1
9016.9,2
9017.2,13
9017.5,11
9017.6,38
9018.2,6
9019.4,36
9019.6,37
9020.6,24
9020.6,33
9022.0,28
9023.4,10
9023.9,7
9024.1,12
9024.1,26
9024.2,15
9024.3,17
9024.3,35
9024.4,18
9024.5,29
9024.6,16
9025.3,30
9025.4,22
9025.5,8
9026.6,32
9027.1,21
9028.6,39
9029.1,11
9029.8,4
9030.2,5
9030.6,0
9030.7,24
9031.0,34
9031.2,6
9031.9,1
9032.7,19
9032.8,13
9033.5,3
9033.5,38
9033.6,23
9033.8,37
9035.4,33
9035.6,26
9035.7,29
9036.2,2
9036.2,28
9036.8,18
9036.9,15
9037.2,30
9037.6,17
9037.9,35
9038.3,10
9038.4,7
9040.9,27
9041.0,22
9041.1,11
9041.8,34
9042.0,4
9042.4,6
9043.0,8
9043.0,21
9043.0,39
9043.5,20
9045.0,13
9045.4,19
9045.6,24
9045.6,12
9045.9,1
9046.7,7
9046.8,38
9047.7,33
9047.8,3
9048.0,32
9048.6,23
9048.9,17
9049.6,4
9049.6,28
9049.6,30
9050.3,26
9050.6,35
9050.7,0
9051.8,29
9052.5,10
9052.8,27
9053.0,18
9053.3,37
9054.6,11
9054.9,8
9055.0,15
9055.2,7
9055.2,13
9055.9,38
9056.0,36
9056.3,39
9058.7,6
9059.3,1
9059.5,2
9059.5,26
9061.0,24
9061.2,30
9062.1,4
9062.3,16
9063.1,19
9063.2,33
9063.8,10
9064.0,32
9064.3,11
9066.2,39
9066.3,3
9066.4,17
9067.7,23
9067.8,7
9067.9,22
9068.1,9
9068.3,29
9068.4,13
9068.8,18
9068.9,28
9069.0,15
9069.8,37
9071.1,0
9071.2,6
9071.2,21
9071.5,16
9071.5,33
9071.6,35
9071.7,5
9071.9,12
9071.9,27
9072.2,4
9072.8,17
9072.8,24
9073.2,1
9073.2,26
9073.3,38
9074.0,30
9074.6,8
9074.9,34
9075.7,39
9076.6,7
9076.7,10
9077.5,19
9077.9,11
9077.9,18
9079.8,20
9080.3,2
9080.5,36
9080.9,13
9081.9,28
9082.2,29
9082.3,37
9083.0,33
9083.3,10
9083.5,4
9083.9,22
9084.3,30
9084.6,32
9084.6,35
9085.4,12
9085.7,16
9086.6,26
9087.2,3
9087.2,17
9087.7,6
9088.2,23
9088.4,5
9089.0,11
9089.2,21
9089.6,27
9090.7,39
9091.4,18
9091.8,1
9091.8,7
9091.9,13
9092.3,35
9093.1,28
9093.3,8
9093.6,33
9093.8,0
9094.3,24
9095.0,32
9096.8,10
9096.8,29
9097.1,19
9097.8,4
9098.5,17
9098.9,26
9099.1,30
9099.9,15
9100.4,37
9100.5,11
9100.6,20
9100.7,9
9100.7,38
9101.5,39
9101.9,1
9101.9,6
9101.9,22
9102.1,21
9102.1,28
9103.4,5
9103.4,7
9104.3,34
9104.3,35
9104.8,13
9106.8,18
9107.3,32
9107.9,10
9108.1,12
9109.0,24
9109.2,3
9109.7,33
9109.8,0
9109.8,4
9110.1,2
9110.4,29
9110.5,36
9111.1,23
9112.8,17
9113.4,15
9113.5,11
9113.5,16
9113.7,39
9114.3,19
9114.3,35
9114.5,38
9114.6,13
9114.9,26
9114.9,30
9115.1,1
9115.4,8
9115.5,7
9115.7,28
9116.0,6
9116.0,37
9121.1,34
9121.2,4
9121.2,22
9121.6,25
9122.5,35
9124.0,2
9124.0,13
9125.0,39
9125.3,17
9125.6,26
9125.8,18
9126.1,10
9126.1,27
9126.1,29
9126.3,5
9126.5,33
9126.9,32
9127.9,21
9128.3,24
9128.8,7
9129.1,28
9129.2,16
9129.8,1
9130.6,4
9131.1,11
9131.4,30
9131.9,0
9132.5,39
9134.0,17
9134.2,13
9134.9,6
9134.9,34
9135.1,3
9135.2,22
9135.3,38
9135.4,37
9136.9,33
9137.9,36
9138.1,23
9138.5,18
9138.5,19
9140.0,12
9140.0,26
9140.2,32
9140.6,20
9141.2,35
9141.3,11
9141.4,10
9141.9,1
9142.0,15
9142.3,39
9142.8,28
9143.5,13
9143.5,27
9143.5,29
9144.0,7
9144.7,21
9145.4,5
9145.6,6
9145.6,8
9145.9,4
9148.2,17
9148.4,30
9148.8,38
9149.2,0
9149.7,3
9149.8,24
9150.1,18
9151.2,7
9151.3,33
9151.7,35
9151.9,22
9152.8,11
9153.5,23
9153.8,19
9153.9,10
9154.1,16
9154.5,26
9154.7,28
9154.8,4
9155.7,1
9155.7,37
9155.8,36
9155.9,13
9156.3,9
9156.5,17
9156.5,34
9156.7,15
9156.8,39
9157.2,2
9157.3,12
9157.4,3
9157.4,6
9157.4,29
9160.8,32
9162.1,30
9162.5,10
9162.6,24
9163.1,33
9163.5,27
9163.9,7
9165.3,18
9165.5,13
9165.5,17
9165.9,35
9166.0,5
9166.6,21
9167.8,34
9168.0,6
9168.0,11
9168.0,31
9168.2,16
9168.3,0
9168.3,39
9168.5,22
9168.8,38
9169.1,4
9169.1,26
9169.2,15
9169.5,20
9170.6,23
9171.5,19
9172.3,8
9172.5,29
9172.7,2
9172.9,24
9173.0,1
9173.0,32
9173.2,33
9173.3,7
9173.5,28
9174.7,13
9175.2,37
9175.3,10
9176.2,39
9177.5,6
9179.0,30
9179.4,17
9179.7,11
9179.8,18
9180.2,26
9180.6,12
9180.7,16
9181.5,35
9183.9,38
9184.1,4
9185.1,22
9185.2,0
9185.7,2
9185.8,36
9186.0,34
9186.3,1
9186.5,25
9186.7,29
9186.8,32
9187.0,10
9187.1,20
9187.4,15
9187.6,28
9188.7,19
9188.9,33
9189.7,7
9189.9,17
9190.3,13
9190.4,21
9190.7,6
9192.8,23
9192.8,26
9193.3,24
9193.4,37
9193.9,18
9194.3,4
9194.4,11
9194.4,39
9197.0,5
9197.4,30
9198.5,3
9198.6,27
9199.1,8
9199.6,6
9199.6,35
9199.7,10
9200.9,7
9201.4,11
9201.4,39
9201.7,20
9201.8,28
9203.7,19
9204.3,16
9204.3,32
9204.5,29
9204.8,4
9204.8,15
9204.8,17
9205.5,38
9205.6,31
9205.7,18
9206.1,22
9206.1,30
9207.6,2
9207.6,12
9207.6,13
9207.8,1
9209.0,26
9209.1,33
9209.6,36
9210.1,0
9210.1,23
9210.6,6
9210.9,21
9212.9,11
9214.3,10
9214.9,24
9215.2,37
9215.4,17
9215.9,27
9216.4,7
9216.9,39
9217.0,38
9217.3,3
9217.3,4
9217.3,13
9217.6,34
9217.9,28
9218.2,29
9218.3,1
9218.7,18
9219.0,35
9220.1,30
9220.2,22
9220.3,32
9220.8,8
9220.8,15
9220.9,26
9221.0,19
9221.7,12
9221.7,33
9222.1,17
9222.6,16
9222.8,21
9224.8,6
9225.4,10
9225.4,13
9225.8,23
9228.4,39
9228.6,0
9228.8,4
9229.3,24
9229.4,7
9230.0,2
9230.5,11
9230.7,5
9230.7,35
9231.5,33
9232.2,16
9232.7,18
9232.8,26
9233.7,21
9234.0,37
9234.0,3
9234.7,28
9235.2,27
9235.5,32
9236.2,17
9236.3,4
9236.5,38
9236.6,20
9236.9,34
9237.0,10
9237.3,1
9237.7,29
9237.8,7
9237.8,30
9238.5,13
9238.6,36
9239.8,15
9240.7,19
9240.8,8
9240.8,25
9241.1,22
9241.3,0
9241.7,23
9243.2,35
9244.0,6
9244.1,21
9244.7,10
9244.7,11
9245.3,12
9245.9,9
9246.0,33
9246.1,26
9246.2,13
9246.6,39
9246.8,24
9246.8,2
9247.5,32
9248.8,17
9249.8,7
9250.0,37
9250.7,18
9251.3,3
9251.4,4
9252.6,28
9252.6,38
9253.5,35
9253.6,1
9253.8,15
9253.9,5
9254.1,34
9254.1,39
9254.5,36
9255.7,20
9256.0,8
9256.1,16
9256.7,10
9256.9,23
9256.9,19
9257.2,0
9257.2,29
9257.5,30
9257.5,11
9258.0,26
9258.2,13
9259.5,17
9261.7,6
9261.8,33
9262.0,22
9262.4,32
9262.6,7
9262.7,27
9263.6,4
9263.8,12
9263.8,24
9264.4,1
9266.5,18
9267.2,39
9267.9,28
9269.3,13
9269.3,17
9269.3,37
9269.6,21
9269.9,26
9270.1,38
9271.0,2
9271.0,30
9271.1,11
9271.2,0
9271.2,29
9271.4,10
9271.9,23
9271.9,35
9272.1,32
9272.3,22
9272.3,25
9272.4,6
9272.6,19
9273.8,4
9273.8,7
9276.3,24
9276.5,34
9276.8,3
9277.1,13
9277.6,16
9277.7,1
9278.1,15
9278.2,39
9278.4,8
9279.6,33
9280.2,17
9281.2,20
9281.7,11
9281.8,18
9282.7,12
9283.1,28
9283.3,30
9283.6,6
9283.6,27
9284.3,4
9284.3,5
9284.9,35
9285.4,38
9285.8,0
9285.8,26
9286.0,10
9287.1,39
9287.7,13
9287.9,7
9287.9,19
9288.1,37
9288.6,32
9289.9,29
9291.2,17
9292.3,21
9292.4,24
9292.6,23
9292.6,34
9293.0,8
9293.5,3
9293.9,11
9294.0,33
9294.6,30
9295.2,26
9296.4,22
9298.6,7
9298.7,19
9298.7,35
9298.8,0
9298.8,4
9298.9,16
9299.1,39
9299.2,13
9299.4,28
9299.6,18
9300.0,27
9300.0,31
9300.2,36
9300.6,1
9300.6,6
9300.9,38
9301.0,10
9301.0,17
9301.5,20
9301.7,15
9301.7,25
9302.2,32
9304.5,11
9304.6,21
9304.7,26
9305.4,24
9306.1,23
9306.2,29
9306.5,30
9307.1,1
9307.5,4
9309.1,6
9309.7,33
9310.0,7
9310.7,2
9311.0,39
9311.4,37
9312.0,35
9312.6,27
9312.8,34
9313.5,5
9313.5,32
9313.7,36
9314.7,10
9314.8,26
9315.2,28
9315.3,4
9315.3,17
9315.3,22
9316.1,13
9318.1,19
9319.4,1
9319.4,15
9320.6,11
9320.7,16
9321.3,18
9321.7,7
9322.0,38
9322.6,30
9322.9,13
9322.9,20
9323.2,3
9323.4,6
9323.9,21
9323.9,23
9324.0,10
9324.3,35
9324.4,34
9325.0,4
9325.2,39
9325.3,17
9325.4,33
9326.0,29
9327.7,12
9328.4,26
9329.3,28
9330.1,32
9330.4,36
9330.7,8
9330.7,11
9331.3,0
9332.2,13
9332.2,19
9332.4,15
9333.0,37
9333.1,18
9333.4,7
9333.4,22
9333.4,30
9333.7,29
9333.7,9
9334.4,24
9335.1,10
9335.6,33
9336.1,35
9336.2,4
9337.3,1
9337.6,6
9338.8,39
9339.7,23
9339.7,38
9339.8,28
9340.2,5
9341.4,27
9341.6,17
9341.7,32
9342.2,26
9342.7,2
9342.8,13
9342.8,16
9344.1,21
9344.4,12
9344.8,3
9345.3,22
9345.3,37
9346.3,7
9346.4,6
9346.5,4
9346.6,34
9346.7,19
9346.8,10
9346.8,30
9347.0,35
9347.4,15
9347.6,18
9347.8,11
9347.8,33
9348.3,29
9349.1,23
9350.3,28
9350.6,17
9350.8,32
9350.9,1
9350.9,39
9351.4,0
9351.5,24
9354.4,13
9354.5,14
9354.5,20
9355.1,36
9356.0,18
9356.0,26
9356.7,11
9357.7,9
9358.5,8
9359.6,28
9359.7,30
9360.0,21
9360.2,7
9360.3,25
9360.4,4
9360.9,17
9361.3,6
9361.7,33
9362.4,10
9363.5,15
9363.7,22
9363.8,32
9364.1,38
9364.9,13
9365.1,35
9365.7,16
9366.2,34
9366.2,39
9366.7,27
9367.0,24
9367.3,19
9367.5,12
9368.0,37
9368.2,18
9368.2,31
9368.5,1
9368.8,26
9369.7,17
9370.7,20
9371.1,3
9371.4,2
9371.7,33
9372.1,28
9372.3,29
9372.6,32
9372.9,7
9373.3,36
9373.5,23
9373.8,4
9373.8,11
9373.8,21
9374.1,10
9374.8,30
9375.3,15
9376.4,22
9376.7,6
9377.2,38
9378.2,13
9379.1,39
9379.9,0
9380.7,35
9381.6,3
9381.8,37
9381.9,32
9382.4,10
9382.7,17
9384.0,8
9384.7,5
9384.9,4
9385.2,29
9385.5,1
9385.5,28
9385.8,34
9385.9,7
9386.9,30
9387.0,27
9387.7,18
9387.8,11
9388.4,23
9388.4,26
9388.6,33
9388.9,13
9389.4,19
9389.5,24
9390.6,15
9390.8,2
9391.8,12
9391.8,20
9391.9,16
9392.2,6
9392.2,17
9392.6,35
9395.5,21
9396.4,33
9396.8,10
9396.9,0
9397.0,39
9397.6,4
9398.4,13
9398.5,37
9398.9,22
9399.2,38
9400.0,9
9400.0,19
9400.3,1
9400.5,7
9400.5,18
9400.6,3
9400.7,32
9400.9,17
9400.9,11
9400.9,36
9401.9,29
9402.7,28
9404.4,26
9405.6,34
9406.5,24
9406.9,30
9407.4,15
9407.7,23
9408.1,27
9408.3,13
9408.8,6
9409.6,33
9409.6,35
9410.7,11
9410.8,10
9410.8,4
9411.4,20
9411.9,32
9412.2,1
9412.2,39
9412.3,2
9413.3,17
9413.3,27
9414.6,16
9415.0,7
9415.1,29
9415.4,18
9415.5,19
9415.7,28
9416.7,36
9416.9,21
9417.0,22
9417.0,26
9417.0,13
9417.3,8
9418.5,10
9418.5,30
9419.0,3
9419.1,37
9419.2,0
9419.4,23
9420.4,25
9420.5,38
9420.8,35
9423.4,12
9423.6,6
9423.8,5
9423.8,11
9424.6,4
9425.1,34
9425.5,24
9425.7,32
9426.3,15
9426.3,39
9426.6,33
9426.7,16
9427.0,26
9427.1,17
9427.1,18
9427.4,7
9427.7,13
9428.6,20
9430.6,29
9431.7,6
9431.9,1
9433.3,35
9434.8,2
9435.0,30
9435.2,3
9435.2,34
9435.5,11
9435.5,15
9435.5,28
9436.7,36
9437.1,22
9437.9,10
9437.9,23
9438.5,33
9438.6,19
9438.7,13
9438.8,32
9438.9,17
9439.4,4
9439.4,37
9439.9,8
9440.1,27
9440.7,7
9442.4,21
9442.4,39
9442.6,26
9442.9,0
9443.8,5
9444.0,30
9444.1,29
9444.3,28
9444.7,1
9444.8,16
9444.8,38
9445.0,11
9445.2,20
9445.3,3
9445.6,18
9450.1,35
9450.4,12
9450.7,13
9450.9,10
9452.0,32
9452.2,7
9452.6,6
9452.7,24
9452.7,27
9453.3,17
9453.4,18
9453.5,1
9453.7,11
9453.9,22
9454.1,4
9454.5,2
9454.5,39
9454.6,26
9455.5,33
9455.9,19
9457.0,37
9457.3,34
9458.1,23
9458.6,29
9459.2,3
9459.9,13
9461.0,20
9461.1,35
9461.5,28
9462.2,21
9462.7,36
9463.0,30
9464.0,10
9464.0,17
9464.1,8
9464.8,15
9465.1,4
9465.1,38
9465.2,26
9465.4,32
9465.6,39
9466.7,18
9466.8,33
9467.5,6
9468.2,1
9468.4,7
9469.4,11
9470.1,24
9471.1,28
9472.6,27
9472.7,38
9472.9,12
9473.0,39
9473.3,22
9473.8,3
9473.8,13
9474.5,30
9474.8,5
9475.0,35
9475.1,0
9475.6,18
9475.7,29
9476.9,37
9477.6,16
9478.4,19
9478.6,11
9479.0,4
9479.3,34
9479.4,33
9479.7,23
9479.8,17
9479.8,21
9481.0,10
9481.7,6
9481.9,26
9482.1,2
9483.1,24
9483.9,13
9483.9,32
9484.0,8
9484.5,15
9484.5,28
9484.6,1
9484.8,25
9484.8,18
9485.3,36
9485.4,20
9485.4,39
9485.5,11
9486.2,7
9486.6,9
9487.6,12
9489.5,29
9490.0,4
9490.0,35
9490.8,6
9491.0,10
9491.4,28
9491.7,22
9492.2,17
9492.2,33
9492.3,30
9492.7,16
9493.0,13
9493.1,19
9495.1,1
9497.6,38
9498.0,7
9498.2,18
9499.0,11
9499.0,26
9499.1,23
9499.1,34
9499.3,2
9499.5,36
9500.0,0
9500.6,37
9500.7,24
9500.8,27
9500.8,39
9501.3,15
9501.5,17
9501.7,6
9501.9,13
9502.0,3
9502.1,4
9502.4,30
9504.4,10
9504.4,33
9504.5,22
9504.8,12
9506.3,32
9506.9,21
9507.4,19
9507.5,9
9508.4,20
9508.8,35
9509.2,5
9509.8,29
9509.9,1
9510.2,28
9510.3,11
9510.8,23
9511.0,16
9511.4,38
9511.6,7
9511.9,31
9512.6,4
9512.6,26
9513.2,13
9513.6,33
9513.9,17
9514.0,37
9514.7,6
9514.7,34
9515.9,35
9516.7,8
9516.7,18
9516.7,27
9516.9,36
9517.1,12
9517.1,32
9517.2,7
9517.6,39
9518.6,24
9518.9,19
9519.5,15
9519.9,30
9520.4,10
9522.1,11
9522.1,9
9522.3,0
9522.5,29
9523.5,26
9523.7,1
9524.9,22
9525.1,28
9525.2,13
9525.9,23
9526.4,17
9526.8,18
9527.1,39
9527.6,37
9527.8,33
9528.5,6
9528.5,35
9528.9,7
9528.9,16
9529.3,20
9530.3,3
9530.7,4
9531.5,5
9531.5,38
9531.7,8
9531.9,32
9533.9,19
9533.9,30
9534.5,10
9534.9,2
9535.2,13
9536.2,26
9538.2,17
9538.2,21
9538.2,27
9538.3,7
9538.6,29
9538.7,24
9539.0,18
9539.4,36
9539.6,39
9540.4,22
9541.4,11
9542.4,28
9543.3,38
9543.5,4
9543.9,8
9543.9,34
9544.1,23
9544.7,1
9545.0,35
9545.0,32
9545.4,12
9546.5,33
9546.5,10
9547.0,13
9547.0,15
9547.2,16
9547.3,6
9548.2,26
9548.5,17
9548.8,19
9550.9,39
9551.1,3
9551.5,27
9551.6,29
9551.9,37
9552.0,30
9553.6,0
9554.1,25
9554.7,35
9555.4,13
9555.5,7
9555.6,11
9555.6,20
9555.6,31
9555.7,18
9556.7,28
9557.1,4
9558.0,23
9558.7,15
9558.9,6
9558.9,10
9559.0,38
9559.2,5
9559.9,2
9559.9,33
9560.1,22
9560.7,8
9560.8,17
9560.8,34
9561.0,39
9561.2,36
9561.3,24
9561.6,1
9561.9,32
9562.0,14
9563.3,19
9564.7,13
9566.2,21
9566.6,26
9567.0,7
9567.8,3
9568.3,30
9568.8,29
9570.3,17
9570.7,11
9570.8,4
9570.8,16
9570.8,37
9570.9,35
9571.3,27
9571.6,10
9571.7,28
9571.7,6
9572.2,32
9573.7,18
9574.1,39
9575.1,1
9575.2,33
9575.6,24
9575.9,12
9576.6,13
9577.1,9
9577.2,19
9577.3,36
9577.4,23
9577.7,38
9577.9,34
9578.1,10
9578.8,0
9579.1,22
9579.3,35
9580.1,8
9581.0,11
9581.9,29
9582.0,17
9582.1,26
9582.4,4
9582.4,20
9583.0,7
9583.1,15
9584.9,3
9584.9,5
9585.0,6
9585.0,30
9585.4,37
9585.9,13
9586.6,39
9587.1,10
9588.7,21
9588.9,32
9589.1,36
9589.2,28
9589.5,33
9590.5,24
9590.9,31
9591.6,7
9592.3,4
9593.6,26
9593.7,17
9594.1,13
9594.7,22
9594.9,18
9595.0,1
9595.2,29
9595.3,6
9595.6,35
9595.8,12
9595.8,19
9595.8,34
9595.9,0
9595.9,11
9596.1,2
9596.3,8
9596.6,27
9596.8,38
9597.1,20
9598.8,15
9600.3,30
9600.5,7
9601.1,23
9601.5,37
9601.5,39
9601.9,3
9602.0,16
9602.1,4
9603.0,33
9604.3,32
9604.8,21
9606.6,13
9606.7,24
9607.0,9
9607.3,10
9607.4,17
9607.5,28
9607.5,36
9607.7,19
9607.8,11
9608.4,26
9609.0,25
9609.2,35
9609.8,38
9610.3,39
9610.5,1
9610.7,8
9611.4,5
9612.0,6
9612.3,3
9612.3,7
9614.4,29
9614.6,27
9615.7,4
9616.9,10
9617.0,2
9617.0,15
9617.0,30
9617.1,17
9617.1,20
9617.1,24
9617.2,32
9617.3,31
9617.4,13
9617.4,22
9618.2,37
9618.4,26
9619.4,33
9619.5,18
9619.7,11
9620.3,12
9621.4,6
9621.8,19
9622.4,39
9622.7,16
9623.1,35
9623.2,1
9623.5,0
9623.5,4
9623.5,21
9623.7,34
9624.1,28
9624.8,38
9625.9,32
9626.5,26
9626.5,29
9626.7,7
9627.7,11
9627.9,17
9628.2,36
9630.4,25
9630.6,15
9630.7,23
9631.1,33
9631.5,8
9631.6,30
9631.7,3
9631.9,13
9632.9,19
9633.7,18
9634.1,4
9634.1,37
9634.2,10
9634.9,12
9635.1,6
9635.7,32
9635.8,22
9636.3,35
9636.4,28
9636.8,17
9638.1,39
9638.7,24
9638.8,13
9639.0,7
9639.2,11
9640.8,1
9640.8,21
9642.5,26
9643.0,33
9643.1,0
9643.2,20
9643.2,34
9643.5,4
9644.0,6
9644.0,29
9644.3,27
9644.5,16
9644.5,36
9645.6,2
9645.9,9
9646.2,5
9646.5,10
9647.1,23
9647.1,38
9647.9,22
9649.4,7
9649.4,37
9649.5,8
9649.5,28
9649.9,35
9650.3,30
9650.7,19
9650.9,39
9651.7,17
9652.2,3
9652.5,13
9653.4,32
9653.8,4
9654.5,10
9655.2,11
9655.5,18
9655.9,37
9656.0,33
9656.1,15
9656.3,6
9656.6,27
9657.8,26
9658.0,24
9658.1,30
9658.2,20
9658.3,35
9659.1,39
9660.1,1
9661.0,13
9662.0,29
9662.3,18
9662.4,0
9663.0,28
9663.4,17
9664.6,7
9664.8,10
9665.7,19
9665.8,12
9665.8,23
9665.8,38
9666.7,16
9666.9,4
9667.6,34
9669.0,22
9669.1,36
9669.2,2
9669.3,26
9669.7,8
9669.8,11
9669.8,15
9670.6,6
9671.4,28
9672.2,37
9672.6,10
9673.6,30
9674.3,32
9674.4,13
9674.5,33
9674.9,21
9675.3,31
9675.3,39
9675.7,19
9675.8,12
9675.9,17
9676.3,5
9676.5,3
9676.6,1
9676.8,29
9676.8,35
9677.2,7
9677.7,18
9678.7,0
9680.3,15
9680.6,24
9680.7,9
9681.0,38
9682.7,34
9682.9,4
9683.5,13
9683.7,26
9683.7,6
9683.9,1
9684.3,18
9684.3,27
9684.5,11
9685.5,28
9686.2,32
9686.3,10
9686.6,39
9688.3,3
9688.3,16
9688.3,37
9688.8,33
9689.4,23
9690.5,30
9691.6,17
9691.9,7
9692.6,19
9692.7,20
9693.1,5
9693.3,22
9693.6,29
9693.7,24
9693.8,4
9695.0,8
9695.3,13
9695.3,15
9695.3,36
9695.5,10
9695.7,2
9695.7,21
9695.9,35
9696.7,11
9698.9,6
9699.4,26
9701.3,39
9701.8,28
9702.1,33
9703.0,3
9703.1,27
9703.2,1
9704.1,31
9704.3,18
9704.4,32
9704.5,11
9704.8,4
9704.9,38
9705.1,37
9705.1,23
9705.3,17
9706.4,7
9706.6,30
9707.6,10
9707.8,0
9707.8,12
9708.9,13
9708.9,22
9709.3,24
9709.4,35
9709.9,15
9710.0,26
9710.0,34
9710.6,21
9710.6,29
9710.8,39
9711.2,6
9714.2,19
9714.3,1
9714.7,11
9715.9,17
9717.1,33
9717.3,2
9717.3,20
9717.3,8
9717.6,32
9717.7,24
9718.5,4
9718.6,21
9718.8,36
9719.1,29
9719.4,28
9719.6,13
9719.7,25
9719.7,27
9720.0,3
9720.1,5
9720.3,6
9720.3,15
9720.5,23
9722.2,7
9722.4,30
9722.6,10
9722.7,11
9723.0,18
9724.1,35
9724.4,16
9724.9,1
9725.2,39
9725.7,37
9726.2,34
9726.4,4
9727.1,38
9727.3,12
9727.8,17
9727.9,22
9729.2,26
9729.2,28
9729.2,32
9730.1,0
9730.6,19
9731.0,6
9732.5,33
9732.7,13
9733.1,20
9733.5,29
9733.6,24
9734.8,8
9735.1,39
9735.5,35
9735.8,7
9736.2,10
9737.5,26
9738.7,1
9739.1,17
9739.2,36
9739.7,37
9739.8,9
9739.9,5
9739.9,34
9740.0,30
9740.1,15
9740.2,11
9740.3,27
9740.6,23
9740.7,18
9740.8,14
9740.8,21
9741.1,38
9741.5,16
9742.0,3
9742.0,13
9742.3,4
9742.8,24
9743.2,2
9744.3,22
9744.4,33
9746.2,32
9746.5,35
9747.2,39
9747.4,6
9747.9,29
9749.5,7
9749.7,31
9750.1,17
9750.3,26
9751.2,13
9751.3,30
9752.8,11
9752.8,19
9753.4,0
9754.5,18
9754.7,4
9755.3,33
9756.1,28
9756.4,27
9757.5,35
9757.9,39
9758.3,10
9758.3,12
9758.6,36
9758.8,21
9759.0,16
9759.0,38
9759.1,8
9759.2,15
9759.2,32
9759.6,20
9759.9,24
9760.5,1
9760.7,30
9760.9,26
9761.0,13
9761.2,17
9761.4,2
9761.8,7
9761.8,22
9762.9,34
9763.1,29
9768.7,33
9769.1,6
9769.5,4
9769.5,18
9769.6,37
9770.3,23
9770.8,26
9770.9,17
9771.2,2
9771.5,11
9771.7,15
9772.0,16
9772.1,31
9772.4,19
9772.5,3
9772.5,7
9772.6,39
9772.8,13
9772.9,0
9772.9,35
9774.1,10
9775.8,24
9776.6,20
9776.6,28
9776.7,30
9777.1,1
9777.1,18
9777.6,27
9777.7,8
9777.7,38
9778.4,12
9778.8,5
9779.7,29
9779.7,32
9780.0,22
9780.3,33
9781.5,4
9782.6,36
9782.8,6
9783.6,26
9784.2,17
9784.5,19
9784.6,13
9785.3,39
9785.8,11
9787.0,7
9787.0,21
9787.1,37
9787.6,16
9787.8,32
9788.5,35
9789.0,2
9789.2,3
9789.8,23
9790.0,15
9790.7,18
9790.8,38
9791.6,34
9791.7,6
9792.3,1
9792.6,39
9792.8,4
9792.9,10
9793.5,30
9793.5,33
9794.2,20
9795.4,5
9795.4,26
9796.0,13
9796.3,24
9796.5,29
9797.1,7
9797.1,19
9797.1,22
9797.2,0
9797.5,11
9797.8,35
9798.0,28
9800.8,17
9801.9,10
9802.2,4
9802.2,27
9803.1,12
9803.1,18
9803.5,11
9803.7,13
9803.8,21
9804.0,38
9804.2,33
9804.8,39
9805.7,37
9806.2,3
9806.3,30
9806.9,8
9807.2,35
9808.0,15
9808.4,6
9808.5,1
9808.7,9
9808.9,28
9808.9,36
9809.7,23
9810.1,26
9810.5,32
9810.7,16
9810.7,20
9810.7,34
9811.2,2
9811.6,17
9812.1,39
9813.3,24
9814.2,18
9814.3,13
9814.7,11
9815.3,29
9815.4,7
9816.0,10
9816.0,22
9817.0,33
9818.1,0
9819.1,19
9820.2,6
9820.6,26
9821.7,30
9821.9,32
9822.1,31
9822.1,35
9822.2,12
9822.7,28
9822.8,37
9823.0,27
9823.3,21
9823.3,38
9823.6,4
9823.6,25
9823.9,23
9824.0,7
9824.0,16
9824.1,39
9824.2,13
9824.2,34
9826.9,2
9827.0,24
9827.1,17
9827.7,11
9828.0,33
9828.2,3
9828.2,10
9828.2,15
9829.0,1
9829.2,8
9831.6,21
9831.6,22
9832.8,26
9832.8,36
9833.0,23
9833.4,29
9835.3,13
9836.6,18
9837.3,16
9837.5,7
9838.2,6
9838.9,32
9839.2,4
9839.3,39
9839.4,12
9839.4,27
9839.7,19
9839.7,30
9839.7,35
9839.8,17
9840.6,0
9840.6,9
9840.9,11
9841.1,28
9841.4,37
9843.0,3
9843.6,10
9846.0,1
9846.3,15
9846.3,26
9846.4,22
9846.7,13
9847.1,24
9848.0,33
9848.1,11
9848.5,4
9848.5,38
9848.8,7
9849.1,5
9849.4,17
9850.2,8
9850.2,18
9850.3,20
9850.6,39
9850.8,29
9851.1,35
9851.4,6
9851.5,19
9851.6,10
9852.6,2
9852.8,21
9852.9,30
9852.9,36
9853.0,34
9853.5,13
9854.6,32
9856.0,23
9857.3,26
9857.4,4
9857.9,37
9858.3,17
9858.5,33
9860.0,11
9861.8,30
9862.3,15
9862.3,28
9862.5,39
9862.6,1
9862.6,3
9862.6,18
9862.6,27
9862.8,7
9862.8,36
9863.4,12
9863.6,29
9864.3,22
9864.7,10
9864.7,32
9865.2,21
9865.7,6
9865.8,35
9865.8,38
9867.4,16
9868.6,17
9868.7,7
9869.1,24
9869.5,0
9869.6,8
9870.7,4
9871.6,13
9872.9,9
9874.3,19
9874.4,33
9874.6,30
9874.7,31
9874.8,18
9875.0,26
9875.1,11
9875.3,37
9876.2,23
9876.5,34
9876.7,1
9876.7,2
9876.7,29
9877.1,39
9877.6,3
9878.0,6
9878.1,20
9879.0,28
9879.1,0
9879.9,10
9881.0,35
9881.3,4
9881.4,13
9882.4,7
9882.7,24
9883.4,22
9884.2,5
9884.8,17
9884.9,33
9885.1,12
9885.3,15
9885.3,38
9885.5,32
9885.7,16
9886.4,36
9886.8,19
9888.6,13
9888.9,26
9889.8,21
9890.0,35
9890.2,6
9890.2,18
9890.4,29
9891.4,20
9891.8,10
9892.1,4
9892.2,30
9892.4,39
9892.6,37
9893.1,11
9893.2,23
9893.7,28
9894.4,7
9896.6,8
9896.6,17
9897.1,2
9897.4,1
9897.8,12
9897.9,33
9898.1,27
9898.2,3
9898.4,38
9899.8,0
9899.8,22
9899.8,35
9900.1,19
9900.8,26
9900.8,32
9900.8,34
9900.9,16
9900.9,13
9901.1,18
9901.9,4
9902.1,39
9902.2,30
9903.2,10
9904.8,7
9905.1,17
9906.2,6
9906.9,36
9907.6,11
9907.6,23
9907.7,19
9907.7,24
9907.8,20
9907.8,28
9907.8,29
9908.1,5
9908.1,15
9908.2,35
9908.4,33
9909.2,37
9909.3,13
9910.4,1
9910.5,21
9914.6,39
9915.3,4
9916.0,18
9916.3,16
9916.8,17
9917.2,30
9917.6,5
9917.9,28
9918.1,6
9918.1,33
9918.5,3
9919.0,8
9919.8,24
9919.9,27
9919.9,32
9920.0,7
9920.0,38
9920.3,1
9920.4,12
9920.6,13
9920.6,26
9921.4,35
9921.7,19
9922.0,25
9922.7,39
9923.2,11
9923.8,10
9923.9,2
9923.9,17
9924.4,15
9924.4,29
9924.5,20
9924.7,0
9924.7,18
9924.7,22
9925.0,34
9927.8,4
9928.5,28
9929.5,13
9930.2,36
9930.6,33
9930.7,23
9932.2,32
9932.4,35
9932.7,6
9933.0,7
9933.6,8
9934.5,37
9935.1,17
9935.6,21
9936.5,30
9936.8,4
9936.9,1
9937.4,33
9937.5,10
9937.5,26
9938.0,3
9938.0,11
9938.4,13
9938.6,38
9938.9,39
9939.5,29
9939.6,27
9939.8,22
9940.7,34
9940.9,24
9941.4,7
9941.6,0
9942.0,28
9942.8,15
9944.0,19
9944.1,4
9944.1,36
9944.3,6
9944.3,23
9944.4,11
9944.8,17
9945.0,35
9945.2,18
9945.4,16
9945.9,33
9946.1,20
9946.6,32
9946.7,10
9946.7,29
9946.9,9
9951.0,38
9951.0,39
9951.1,8
9951.5,2
9951.9,7
9951.9,15
9952.1,26
9952.5,13
9953.5,1
9953.9,30
9954.3,21
9954.8,4
9954.9,3
9954.9,5
9955.1,24
9955.3,27
9955.6,17
9956.1,28
9956.6,33
9956.6,36
9956.9,6
9958.7,29
9959.4,12
9959.6,35
9959.6,37
9960.1,19
9960.4,11
9960.4,22
9961.1,10
9961.1,16
9961.6,13
9962.2,39
9963.7,18
9964.1,3
9964.1,32
9964.2,38
9964.4,1
9965.3,26
9965.7,21
9966.8,30
9966.9,4
9967.1,34
9967.2,8
9967.7,17
9967.8,6
9967.8,7
9968.0,24
9968.5,0
9969.1,23
9971.1,33
9972.1,39
9972.3,20
9972.4,28
9973.0,10
9973.3,29
9974.1,11
9975.0,22
9975.6,13
9975.7,19
9977.1,31
9977.5,7
9977.7,17
9977.7,18
9977.9,27
9978.1,26
9978.1,37
9978.4,36
9978.7,2
9978.7,32
9979.2,12
9979.2,35
9979.5,38
9980.1,8
9980.1,33
9981.0,34
9981.2,6
9981.6,39
9981.8,24
9981.9,4
9982.4,30
9983.0,1
9983.3,10
9983.5,3
9983.5,11
9983.6,19
9985.0,23
9986.0,0
9986.4,16
9986.9,28
9987.0,20
9987.5,13
9988.8,7
9989.0,15
9989.5,32
9989.6,39
9989.8,5
9989.9,30
9990.0,29
9990.3,36
9990.6,22
9990.8,18
9991.2,17
9991.6,37
9992.7,27
9993.5,4
9993.8,6
9994.4,9
9994.4,11
9996.0,21
9996.2,35
9996.8,19
9997.6,1
9998.0,33
9998.1,26
9998.2,39
9998.3,13
