11.6,10
12.0,25
12.1,35
12.6,8
12.8,15
12.9,32
13.1,3
13.1,6
13.1,21
13.1,28
13.1,38
13.2,26
13.5,33
13.6,7
13.6,9
13.6,30
13.7,11
13.7,23
14.3,18
15.0,37
16.1,0
16.4,20
19.1,6
19.5,19
19.8,36
20.6,27
20.9,34
21.0,30
22.9,12
23.4,32
24.2,2
24.4,37
24.5,5
24.5,15
24.6,16
24.6,35
24.8,22
24.9,38
25.0,23
25.1,33
25.2,20
26.2,9
26.3,17
26.9,7
28.3,25
28.4,0
28.4,8
28.4,30
29.3,18
30.2,6
30.8,21
30.9,13
31.2,3
31.6,1
32.2,14
33.0,32
33.5,11
33.5,26
33.8,4
34.5,20
34.8,34
35.4,7
35.5,37
35.6,0
35.7,30
36.8,36
38.8,19
39.6,22
40.0,23
40.0,33
40.1,38
41.0,6
41.9,15
42.0,35
42.1,2
42.2,10
42.2,25
42.6,5
42.6,30
43.4,12
44.2,37
44.3,32
45.8,20
46.2,16
46.9,27
48.0,18
48.1,9
48.2,0
48.7,29
49.5,21
49.6,17
49.9,7
51.0,34
51.4,23
52.1,30
53.7,6
55.4,15
55.6,38
57.5,36
57.6,37
57.7,13
58.6,33
58.7,19
58.9,12
59.1,4
59.4,7
59.5,22
60.1,5
60.1,30
60.3,27
60.4,29
60.5,35
60.7,32
60.8,11
60.8,18
60.8,20
62.6,21
63.4,6
63.7,0
64.4,1
64.7,26
64.9,25
66.1,34
67.0,28
68.1,8
68.7,30
69.6,22
70.1,0
70.6,37
70.7,4
71.2,14
71.4,10
71.5,2
71.5,9
71.6,20
71.6,33
72.5,23
72.7,15
73.5,7
73.8,13
74.3,3
74.4,16
75.3,36
75.4,17
75.5,32
75.6,18
75.7,34
76.3,35
76.4,27
79.5,1
79.5,30
79.6,21
80.0,37
80.2,20
80.3,5
80.8,6
82.2,25
82.5,24
82.7,39
82.8,11
83.1,0
83.2,38
83.8,35
84.0,7
85.6,33
87.6,30
87.7,34
88.3,23
88.6,22
88.9,2
88.9,14
88.9,26
89.2,32
89.7,29
90.5,20
90.9,36
90.9,18
91.1,37
91.6,15
91.6,25
91.9,0
91.9,3
92.9,13
93.3,17
93.8,35
94.2,9
94.8,6
95.1,30
96.8,12
96.9,5
97.2,7
97.7,38
98.2,19
98.2,27
98.6,8
98.6,11
98.7,10
98.7,31
98.7,34
99.3,21
101.0,28
101.1,20
102.8,0
103.3,33
103.6,30
103.6,37
104.5,32
104.7,24
104.8,23
105.2,6
107.3,2
108.5,11
109.3,20
109.4,7
109.4,15
109.5,16
109.8,25
110.8,14
110.8,35
110.8,38
110.9,3
111.1,18
112.2,22
112.5,34
112.8,36
113.2,26
113.8,4
113.9,0
114.4,21
114.5,17
114.5,33
114.6,13
114.7,6
115.1,9
115.4,30
115.7,37
116.6,23
116.8,32
117.4,27
119.1,12
120.1,20
120.6,35
120.7,7
121.5,1
122.1,11
122.8,8
123.5,0
123.7,25
124.6,37
124.8,30
125.2,6
125.2,19
126.8,18
128.4,22
128.6,38
130.4,15
130.5,23
130.8,36
130.9,26
130.9,27
131.3,13
131.5,33
131.7,4
131.8,14
132.0,2
132.6,20
133.4,34
133.8,7
133.8,30
133.8,32
133.9,5
134.0,35
134.1,3
134.1,6
134.2,16
134.6,0
134.9,1
135.4,21
136.0,9
136.1,18
137.0,37
137.7,39
138.9,10
139.1,25
139.1,29
139.3,30
139.9,8
141.7,22
142.3,17
142.4,19
142.6,32
142.7,23
142.7,34
142.9,0
143.1,6
143.2,27
143.4,15
143.6,7
143.6,20
144.7,13
147.9,11
148.5,38
148.9,25
149.0,18
149.0,33
149.0,36
149.1,37
149.9,16
150.0,30
150.2,2
150.4,35
150.4,5
151.3,21
151.4,0
151.6,3
152.0,23
153.7,7
154.5,26
155.4,20
155.6,4
155.7,28
156.0,6
156.3,38
156.5,9
156.5,14
156.7,15
157.6,30
157.7,34
157.9,22
158.0,0
160.2,13
160.5,35
160.6,36
161.4,37
162.1,27
162.3,12
162.4,32
162.8,33
163.0,17
164.1,6
165.0,23
165.5,10
166.2,30
166.6,20
166.8,15
166.8,34
168.8,5
168.9,38
169.0,18
169.5,19
169.7,7
170.7,37
171.1,9
171.2,0
171.2,2
171.2,21
171.6,26
172.0,6
172.1,8
172.3,29
172.4,25
172.5,30
174.6,33
176.3,32
176.6,13
176.6,20
176.6,16
176.8,22
177.0,1
177.0,11
177.4,4
177.4,14
177.6,0
177.6,35
180.7,23
182.3,36
182.4,30
183.3,37
183.9,6
185.2,27
185.3,7
185.4,26
185.7,34
186.2,9
186.2,18
186.8,20
186.8,21
187.8,33
188.7,0
188.7,3
189.1,38
189.2,30
190.1,19
191.6,17
191.6,25
191.8,8
191.8,15
192.4,2
192.7,37
192.9,10
193.0,35
193.2,5
193.4,6
193.5,23
193.9,22
194.0,28
194.1,0
194.1,18
194.7,12
195.9,14
196.7,32
197.2,13
197.5,33
197.9,26
198.0,34
198.3,30
198.7,20
199.0,4
199.0,36
199.1,7
199.8,21
199.8,38
200.4,11
201.2,16
201.7,25
202.3,6
202.5,17
203.1,0
203.6,23
203.8,1
205.2,30
205.7,9
206.2,5
206.3,27
206.3,35
206.9,37
207.0,20
207.8,19
209.1,32
209.4,15
209.6,29
212.5,18
212.6,22
213.4,38
213.6,23
213.7,34
214.1,7
214.2,39
214.3,33
214.7,0
215.8,20
216.3,2
216.4,30
216.9,21
217.1,24
217.2,25
217.4,11
218.3,35
218.7,6
219.3,37
219.5,1
219.5,13
220.3,12
221.5,32
221.7,36
223.1,3
223.2,17
223.5,14
223.9,19
224.3,7
224.3,30
225.0,20
225.1,23
225.2,6
225.2,27
225.4,38
225.6,34
226.7,8
227.0,22
227.9,15
228.2,9
229.3,21
229.3,33
230.2,0
230.5,2
230.5,18
231.2,37
231.5,35
231.9,5
233.0,30
233.9,16
234.2,23
234.3,7
234.9,29
235.0,4
235.1,20
235.2,32
236.2,13
236.2,34
236.3,24
237.1,38
237.6,6
237.7,0
237.7,36
238.8,39
239.1,30
240.4,26
241.0,28
241.4,21
241.6,25
242.8,12
243.6,37
243.9,23
244.0,3
244.4,20
245.1,19
245.2,18
245.6,22
245.6,30
247.1,35
248.4,27
248.5,34
248.6,15
248.8,0
248.8,2
249.0,11
249.4,9
249.4,32
249.6,7
249.9,16
249.9,33
250.3,1
251.3,20
251.5,10
252.1,38
252.5,17
252.9,30
253.9,14
255.2,37
255.5,6
256.0,21
257.0,13
258.6,7
259.1,0
259.8,34
260.1,25
260.6,29
260.6,35
260.8,26
260.8,36
261.2,30
261.6,27
261.7,19
262.2,1
262.3,18
262.3,20
262.3,22
262.5,32
262.6,23
263.6,9
264.0,15
264.1,33
265.0,11
265.3,37
266.6,5
266.8,38
267.8,6
268.5,7
270.8,25
271.1,30
271.7,0
271.7,16
272.2,13
272.6,34
273.0,18
273.2,8
273.5,14
273.7,12
273.8,21
273.9,3
274.0,4
274.0,38
274.1,32
274.3,20
275.4,6
275.9,37
277.0,22
277.0,26
277.0,35
278.5,30
279.5,7
279.7,2
279.9,23
280.0,15
280.5,9
282.4,33
282.5,27
282.7,0
283.9,20
284.8,17
285.5,8
286.1,1
286.3,39
286.8,25
287.0,32
287.3,6
287.8,15
287.8,34
288.2,36
288.4,30
288.8,37
289.6,29
289.7,10
290.1,11
290.1,38
290.7,19
291.1,18
292.1,7
293.6,14
294.1,0
294.1,4
294.2,23
294.5,21
294.7,35
295.6,12
295.9,5
295.9,33
296.2,20
296.4,6
296.5,30
296.6,22
297.7,15
297.9,17
298.1,3
298.1,26
298.9,34
299.6,32
299.9,13
299.9,37
300.0,7
300.2,16
300.5,0
300.9,2
300.9,9
302.2,27
302.2,33
302.8,30
303.3,38
305.4,18
305.8,25
307.5,20
308.0,36
310.1,23
310.3,0
310.6,30
310.9,7
311.5,15
311.8,21
312.0,6
312.3,39
312.5,12
312.8,19
313.2,37
313.6,14
314.2,17
314.2,35
314.3,32
314.8,28
315.4,26
315.8,34
317.0,30
317.0,20
317.0,22
317.2,8
317.4,11
317.4,38
318.6,13
319.5,2
319.5,18
320.0,33
320.3,29
321.0,6
321.4,0
321.7,3
321.7,37
322.1,5
322.7,23
323.1,27
323.2,9
323.2,30
325.5,11
325.6,7
325.6,20
327.8,1
328.4,32
328.8,18
328.8,35
329.1,16
329.4,13
329.4,25
329.8,38
330.1,34
330.5,15
330.5,21
330.7,37
330.8,22
331.0,36
333.0,0
333.4,17
333.4,33
333.6,30
335.9,20
336.3,10
336.7,6
336.7,12
337.4,5
338.6,14
339.0,26
339.0,29
339.7,27
340.1,7
340.1,37
340.3,19
340.4,23
342.4,36
342.6,30
342.7,32
342.8,2
343.5,34
344.2,21
344.3,18
344.5,11
345.3,6
346.4,25
346.6,0
347.4,20
347.6,37
347.9,9
348.1,4
348.1,7
348.3,38
349.2,13
349.3,30
349.5,35
349.7,33
349.8,8
350.0,3
351.5,16
351.7,22
352.5,1
352.5,15
352.6,0
353.6,27
355.1,6
355.3,36
355.5,12
355.9,34
356.8,19
356.8,23
357.6,37
357.7,20
358.1,32
358.8,33
359.0,18
359.4,28
359.5,5
359.7,26
359.8,14
360.2,7
360.2,35
361.4,21
361.5,0
361.6,30
362.3,6
362.7,11
363.3,13
363.4,17
363.9,9
364.6,38
365.7,20
365.8,10
365.8,25
366.5,2
366.6,36
366.7,34
367.3,22
368.1,33
368.3,37
369.4,30
371.6,0
371.6,15
371.9,32
373.4,35
373.5,27
373.7,36
373.8,23
374.9,18
374.9,34
375.3,6
375.9,30
376.2,33
376.4,7
377.5,4
377.5,16
378.7,21
379.8,28
380.5,11
380.5,20
380.6,37
381.1,38
381.4,5
381.9,22
382.2,26
382.3,0
382.4,19
382.8,12
382.8,23
382.8,29
383.1,25
383.1,35
383.9,30
384.3,1
384.4,13
385.1,32
385.2,9
385.4,8
385.7,33
386.4,17
386.5,36
386.6,3
387.9,6
388.5,34
389.6,37
389.8,18
390.3,14
390.6,15
392.9,30
393.3,2
393.6,13
394.0,23
394.2,20
394.5,27
395.3,0
395.4,7
395.5,26
397.4,17
397.5,6
397.9,38
398.0,32
398.2,33
398.5,21
399.1,37
399.7,19
402.3,9
402.3,16
402.4,39
402.5,25
402.5,34
402.8,22
403.5,15
403.5,30
405.0,5
405.0,29
405.1,11
405.5,13
405.7,20
405.7,35
405.7,7
406.2,12
406.2,36
406.4,0
408.3,23
408.6,32
409.1,18
409.8,1
410.4,34
410.7,37
410.9,38
411.1,4
412.1,33
412.2,2
412.3,21
412.7,27
412.9,14
413.4,30
415.1,6
415.3,26
416.0,0
416.0,22
416.4,8
417.3,20
417.5,7
418.5,3
419.0,9
419.4,15
420.1,17
420.4,18
420.5,19
420.8,32
420.8,37
421.0,30
421.9,16
422.5,28
422.9,10
423.3,25
423.7,33
423.7,34
424.5,23
424.6,38
424.8,6
425.6,5
426.5,0
427.2,21
427.7,2
427.8,11
427.9,36
428.4,7
428.7,3
429.4,24
430.3,13
431.2,27
431.2,30
431.8,15
431.9,35
432.0,20
432.0,26
432.2,19
432.2,37
432.4,32
432.7,25
432.8,9
432.8,29
432.9,4
433.3,8
433.7,0
433.7,38
433.8,34
435.3,18
435.9,22
437.0,6
437.1,30
438.2,23
438.4,1
438.4,7
439.4,21
439.8,33
440.5,12
442.0,11
442.3,36
442.3,37
443.5,30
444.7,6
444.8,27
445.0,20
445.7,34
448.8,0
450.2,3
450.3,9
450.4,30
450.6,17
450.8,21
451.0,5
451.0,22
451.0,23
451.0,38
451.1,32
451.3,4
451.3,7
451.5,39
451.9,15
451.9,35
452.1,26
452.9,18
453.5,16
453.7,37
454.1,33
454.6,20
456.2,8
457.1,36
457.4,30
457.9,2
458.9,34
459.5,25
459.8,13
460.1,0
460.1,14
460.2,11
460.4,19
460.7,1
460.8,6
461.8,7
462.1,32
462.8,21
463.1,27
463.2,29
463.4,37
463.7,20
463.7,33
464.7,18
465.2,30
465.7,12
466.4,15
466.4,23
468.0,35
468.5,39
469.1,17
469.1,22
469.2,20
469.5,0
470.1,26
470.5,38
470.9,34
472.0,6
472.0,30
472.1,19
472.6,32
472.7,21
472.8,16
473.4,7
473.5,1
474.5,37
475.9,25
476.3,35
477.0,33
477.5,9
478.0,3
478.2,23
478.9,20
479.4,30
480.4,36
480.5,13
481.0,0
481.0,6
481.0,29
481.1,12
481.7,14
481.7,32
481.7,34
482.0,18
482.5,4
482.5,27
482.5,38
482.9,7
483.8,5
483.9,15
484.0,22
485.4,10
485.6,11
486.4,25
486.5,30
487.0,2
487.7,20
488.0,0
488.1,37
488.9,33
489.5,26
490.1,17
490.4,21
490.5,3
491.2,34
491.3,35
492.1,28
493.0,6
494.1,1
494.1,36
494.5,30
494.7,7
495.1,37
495.3,23
495.5,13
495.8,15
496.0,22
496.3,18
496.5,16
496.7,9
497.8,32
498.5,20
498.5,38
498.9,0
499.2,4
501.1,30
501.8,6
502.7,21
502.8,34
503.0,7
503.5,19
503.6,8
504.0,11
504.1,37
504.2,25
504.2,33
504.2,29
505.5,35
506.1,12
506.8,27
507.5,5
508.4,30
508.6,15
508.8,2
509.7,0
510.1,3
510.1,20
510.2,18
510.3,14
510.6,22
510.6,36
511.0,32
511.1,23
511.4,37
511.5,6
512.7,13
514.3,9
515.9,26
516.0,33
516.2,38
516.4,0
517.8,30
518.8,7
519.0,27
519.0,37
519.6,10
519.9,34
519.9,39
520.1,18
520.4,3
520.4,16
520.4,25
520.5,15
521.1,6
521.1,17
521.1,21
521.9,22
522.1,36
522.9,32
523.0,19
523.6,20
524.7,2
524.8,23
525.8,28
526.3,38
526.6,0
526.6,30
527.1,33
527.5,11
527.6,5
529.1,37
529.6,35
531.2,8
531.4,6
531.4,26
531.7,27
531.8,7
531.8,34
532.2,12
532.3,9
532.3,15
532.4,14
532.4,30
533.7,4
533.7,36
534.5,0
535.7,13
535.7,32
536.2,1
536.5,21
536.8,18
538.5,20
538.8,16
538.8,26
538.9,17
539.1,23
539.4,19
539.4,38
539.6,33
539.7,25
540.4,35
540.8,15
541.0,30
541.0,37
541.2,22
542.3,6
543.3,7
544.0,29
544.2,27
546.3,2
546.8,0
547.1,11
547.4,33
549.3,30
549.5,34
550.1,20
551.4,18
551.5,32
551.5,36
551.8,7
552.0,1
552.0,23
552.1,15
552.2,12
552.3,35
552.5,39
553.0,19
553.1,37
553.4,21
554.5,13
555.0,0
555.0,25
555.1,9
555.8,6
556.4,38
560.2,4
560.6,30
560.6,3
561.1,22
562.1,20
562.2,35
562.9,17
563.3,10
563.4,27
564.4,26
564.7,21
564.8,34
565.0,29
565.6,37
565.7,36
565.9,32
566.0,7
566.1,19
566.5,14
567.2,33
567.5,30
568.1,0
568.2,23
568.4,6
569.2,9
571.6,5
571.6,2
571.8,18
571.8,25
571.9,1
571.9,15
571.9,20
572.4,16
573.0,11
574.4,13
575.2,0
575.3,28
575.7,12
576.6,7
576.8,38
576.9,30
577.3,22
578.1,8
578.5,37
578.8,27
579.1,34
579.6,3
579.6,35
581.7,6
582.2,26
582.5,21
583.4,23
584.5,20
584.5,32
584.6,1
584.6,30
585.7,0
586.0,15
587.3,33
587.8,25
588.2,36
588.3,19
589.5,10
589.5,38
589.7,17
589.9,18
590.3,2
590.3,37
590.7,24
591.2,7
591.2,9
591.3,34
591.4,5
591.7,11
592.3,30
592.4,29
593.7,13
593.7,32
593.8,0
594.9,20
595.5,21
596.0,27
596.0,37
596.1,22
596.4,4
597.0,6
598.1,14
598.7,25
599.3,35
599.4,23
599.7,30
599.8,18
600.1,33
600.5,16
600.7,19
602.2,7
602.4,13
602.8,15
603.2,39
603.6,37
604.1,32
604.4,17
604.8,36
605.2,12
606.7,34
607.5,23
607.8,0
607.9,20
608.5,3
608.5,21
608.5,30
608.8,9
609.0,6
609.2,26
609.3,27
609.6,38
609.9,18
609.9,25
610.6,11
610.9,7
612.5,22
613.3,37
613.8,35
615.8,30
615.9,16
616.0,20
616.2,15
616.9,34
618.3,32
618.6,38
618.7,19
619.8,13
620.3,29
620.6,33
620.8,0
620.8,1
621.6,9
622.4,23
622.6,5
622.9,21
622.9,36
623.0,14
623.3,2
623.3,3
624.0,6
624.5,18
625.3,30
625.6,26
625.8,7
626.1,27
626.1,32
626.1,37
626.3,20
627.5,22
627.7,10
628.5,25
629.2,8
629.5,0
629.5,33
631.0,38
631.3,15
632.0,12
632.3,35
633.3,34
634.1,17
634.1,30
634.4,4
634.7,7
634.9,20
635.4,23
635.7,11
635.9,37
636.9,21
637.4,6
637.6,13
638.5,32
638.9,19
639.0,9
639.4,2
639.9,16
640.0,36
640.1,0
640.1,18
640.2,5
640.6,29
641.2,24
641.4,30
642.0,33
643.0,23
643.7,38
644.2,7
645.2,22
646.5,26
647.0,15
647.1,34
647.5,35
647.6,12
647.7,27
647.9,13
648.0,20
648.1,1
648.2,0
648.5,37
649.0,6
649.0,30
649.7,39
650.0,32
650.8,21
651.6,14
652.6,11
653.2,33
655.9,17
656.0,27
656.6,20
657.0,23
657.1,18
657.4,7
657.7,2
657.8,34
657.8,37
658.0,4
658.0,9
658.1,0
658.2,25
658.2,30
658.3,16
659.3,22
662.2,21
662.3,6
662.3,32
662.3,10
664.4,15
664.6,8
664.7,13
664.7,35
664.9,39
665.3,7
665.3,38
665.8,29
666.1,36
666.2,19
666.3,0
666.3,3
666.5,11
666.7,27
666.9,30
667.1,20
669.9,18
670.3,2
670.6,26
670.7,33
670.9,37
672.8,23
673.1,1
673.1,21
673.4,14
673.4,25
673.7,6
673.7,22
674.4,28
675.5,32
675.8,5
675.9,34
676.0,30
676.4,12
676.6,9
676.7,0
678.9,3
678.9,17
678.9,35
679.4,29
679.5,20
679.5,38
680.1,15
681.2,30
682.3,33
683.6,7
683.7,37
683.8,6
684.3,11
685.5,32
685.8,19
686.5,36
686.7,18
686.9,13
687.2,16
687.5,10
688.1,23
688.4,27
688.5,30
688.6,0
688.6,26
689.1,25
689.3,4
689.8,9
690.1,34
690.3,21
690.8,22
691.4,20
693.1,6
693.3,3
694.1,14
694.9,2
695.0,7
695.7,35
696.6,5
696.8,38
696.9,0
697.1,37
697.6,12
697.7,30
698.0,1
698.2,13
698.2,32
699.6,29
700.2,33
701.6,23
702.4,25
703.5,15
704.0,19
704.5,7
704.6,6
704.9,21
705.2,8
705.4,34
705.7,18
705.7,26
705.8,11
705.8,20
705.8,30
705.8,37
705.9,27
706.0,17
706.2,9
708.0,28
708.7,22
709.4,2
709.9,32
710.0,36
710.1,16
710.7,0
711.2,39
711.9,13
712.1,30
712.5,23
713.1,38
713.4,33
716.0,6
716.3,20
716.4,35
717.1,9
717.4,15
717.5,3
717.8,25
717.8,34
718.0,21
718.3,4
718.3,32
718.4,7
718.4,10
718.5,0
718.7,37
718.9,18
718.9,30
720.2,17
722.9,5
723.1,19
723.1,27
723.2,23
723.5,22
724.6,13
725.2,6
727.7,30
728.2,26
728.4,34
729.1,38
729.6,35
730.0,12
730.2,36
730.3,14
730.5,20
731.5,0
732.0,33
732.4,29
732.8,21
733.3,32
733.4,11
733.5,1
733.5,15
733.7,37
733.9,7
734.9,18
735.1,25
737.3,6
737.8,20
738.0,30
738.9,19
739.1,9
739.7,34
740.3,23
740.6,0
741.0,16
741.7,3
742.8,8
742.9,22
743.0,2
743.0,10
743.2,24
743.2,37
743.4,39
743.6,21
743.6,27
743.9,26
743.9,33
744.2,12
744.3,36
744.8,30
744.9,35
745.0,7
745.0,13
745.8,4
745.8,20
745.8,32
747.3,6
748.6,14
748.7,15
750.2,17
750.5,25
750.6,38
751.4,0
751.6,11
752.2,5
752.4,34
753.5,23
753.5,37
753.7,30
755.4,26
755.4,27
755.6,19
756.0,32
757.0,33
757.2,20
758.0,18
758.4,24
758.4,36
758.5,7
759.6,0
759.9,15
760.6,34
762.4,6
763.0,29
763.1,13
763.1,30
763.6,9
763.6,22
764.7,28
765.0,21
765.2,35
765.2,38
765.3,32
766.0,1
766.4,14
767.1,11
767.3,20
767.5,37
768.1,2
769.2,23
769.5,25
769.7,33
770.2,0
770.5,8
770.6,30
770.8,36
771.0,3
771.7,6
771.8,7
772.0,38
773.0,4
773.6,18
773.8,27
774.5,26
775.4,34
775.9,19
776.0,35
776.8,20
778.9,37
779.0,14
780.6,21
780.6,30
781.7,7
781.7,22
782.5,17
782.9,32
783.1,23
783.3,13
784.3,6
784.7,15
785.0,25
785.0,33
785.2,0
785.7,1
785.9,10
786.9,12
786.9,27
787.1,37
787.1,38
787.3,16
788.1,30
788.8,11
790.1,20
791.2,2
791.9,5
791.9,18
792.0,19
792.1,21
792.2,26
792.3,23
792.3,35
792.6,36
792.7,32
794.9,15
795.1,3
795.9,0
795.9,7
796.2,22
796.4,13
796.6,25
796.7,34
796.8,29
797.2,30
797.4,27
798.0,6
798.2,9
798.2,17
798.2,37
799.0,21
799.3,33
799.7,18
800.8,20
803.7,38
804.2,14
804.5,30
804.6,16
804.7,10
805.1,36
805.4,32
805.7,6
805.7,35
806.2,37
806.4,39
807.2,7
807.7,4
809.5,1
809.6,23
809.8,0
810.8,21
811.2,11
811.5,20
811.7,18
811.8,25
812.0,27
812.4,34
812.7,9
813.4,30
814.0,22
814.1,5
814.3,24
814.4,13
815.8,19
815.9,33
816.4,35
816.9,32
817.0,26
817.2,17
817.3,15
817.3,36
817.3,38
817.5,3
817.8,2
818.0,6
818.1,12
818.2,8
819.2,0
819.4,23
819.9,20
820.6,7
822.5,30
822.7,37
824.7,28
825.7,16
826.7,21
826.8,34
828.1,20
828.2,22
828.3,0
828.3,13
828.6,15
828.9,30
829.0,11
829.1,6
829.1,7
829.1,32
829.2,25
829.3,9
829.7,18
829.7,38
829.9,1
830.0,10
830.7,33
830.8,37
832.3,2
834.4,36
836.2,3
836.2,19
836.3,23
836.5,27
837.2,34
837.3,5
837.3,30
837.5,35
839.1,26
839.8,14
840.2,0
840.2,32
840.7,6
840.7,20
841.0,37
841.1,4
841.3,12
841.4,17
841.6,18
841.7,39
842.5,7
842.7,22
843.4,15
844.6,33
844.8,11
844.8,21
846.3,30
846.6,13
847.4,6
847.6,23
847.6,38
847.7,25
850.7,2
851.2,4
851.3,19
851.5,29
851.5,34
851.6,37
851.7,16
851.7,18
851.9,0
851.9,35
852.3,27
852.9,22
853.3,20
853.6,36
853.7,30
854.4,32
858.3,7
858.6,9
859.9,6
860.3,21
860.9,0
860.9,15
861.4,12
861.7,33
861.9,8
861.9,26
862.5,5
863.4,11
863.5,28
863.6,20
863.7,36
863.8,30
863.9,7
864.0,25
864.0,38
864.2,32
867.1,18
867.6,37
868.3,16
868.6,23
869.3,33
869.4,0
870.2,30
870.7,35
871.2,13
872.3,22
872.5,6
872.5,19
872.7,3
872.8,15
872.8,27
872.8,34
873.1,17
873.1,26
874.1,4
874.1,32
875.4,38
875.5,7
875.5,21
876.0,10
876.0,20
876.0,0
876.2,36
876.7,1
876.8,9
877.3,30
877.9,14
878.9,37
880.4,18
881.2,25
881.6,39
881.8,33
883.4,30
884.0,7
884.8,23
884.9,6
886.3,27
886.4,38
886.5,29
886.5,35
886.6,15
886.7,13
887.6,11
888.1,20
888.7,0
888.8,34
888.9,32
889.0,3
889.7,5
890.1,14
890.3,2
890.7,22
891.0,26
891.1,30
892.0,9
892.0,16
892.7,37
893.6,7
894.1,23
894.5,17
894.8,21
895.3,36
895.4,4
895.5,0
896.3,18
896.4,20
896.5,12
897.4,6
897.4,33
897.8,38
898.0,25
898.3,1
898.5,30
899.0,28
899.4,15
900.3,34
901.9,21
902.8,32
903.4,37
903.7,8
904.2,0
906.1,13
906.7,30
907.1,26
907.1,19
907.4,35
907.8,3
908.0,6
908.3,27
908.7,7
909.1,10
909.7,22
909.7,23
910.0,14
910.1,5
910.4,17
910.4,20
910.4,39
910.5,2
911.2,33
912.0,32
913.0,18
913.0,36
914.6,0
915.6,9
915.7,21
915.9,37
916.6,38
916.8,25
917.5,11
917.5,30
917.7,34
919.2,12
919.3,7
920.1,29
921.2,35
921.3,6
922.7,15
923.5,4
923.5,13
923.8,32
924.3,19
924.3,20
924.4,18
924.6,27
925.3,23
925.3,30
925.4,8
925.8,33
925.9,22
926.1,2
926.3,37
927.1,1
927.8,7
928.8,26
929.0,21
929.4,0
930.6,38
932.9,15
933.2,6
933.5,30
933.7,20
934.0,32
934.2,34
934.3,35
934.5,5
934.8,17
935.0,25
935.2,9
935.2,37
935.3,16
935.6,36
936.2,3
936.6,10
937.0,13
937.9,22
939.6,23
940.7,30
941.0,7
941.1,14
941.4,11
942.1,0
942.2,20
942.3,27
942.4,32
943.1,4
943.6,6
944.0,18
944.1,33
944.1,35
944.9,37
946.1,15
946.2,38
946.3,26
947.0,19
947.3,30
948.4,2
948.7,34
948.9,28
949.2,39
949.3,12
949.4,13
950.4,0
950.8,36
951.2,20
951.3,25
951.4,17
951.6,21
952.3,23
952.6,16
953.4,6
953.5,7
953.6,32
954.3,8
956.0,30
956.6,3
957.1,22
957.2,9
957.2,18
957.8,37
958.1,4
958.6,35
958.8,29
959.1,27
959.5,34
960.1,38
960.5,13
960.6,0
961.0,33
961.4,26
961.8,1
962.2,11
962.5,5
962.5,20
962.9,17
963.1,7
963.4,2
963.5,30
963.5,15
963.7,14
964.2,21
964.6,23
966.6,32
967.2,6
967.4,22
968.1,37
969.1,25
969.9,19
971.4,16
971.6,12
971.9,27
971.9,34
972.4,0
972.4,35
972.9,7
973.1,36
973.2,9
973.2,15
973.2,18
974.3,30
974.9,33
975.3,20
976.5,6
976.6,38
976.9,37
977.1,21
977.6,28
978.4,32
978.8,10
978.8,14
978.8,23
979.0,0
979.8,26
980.2,11
981.2,39
981.5,30
984.3,4
984.5,8
984.7,2
984.7,6
985.6,20
985.8,22
985.9,34
985.9,35
986.1,7
986.2,1
986.3,23
986.4,37
986.5,38
986.6,17
987.0,33
987.8,0
987.8,18
988.2,12
990.4,15
990.4,30
990.9,36
991.2,19
991.3,32
991.9,13
992.4,25
992.5,3
992.6,9
993.6,21
994.5,6
995.1,7
995.4,34
997.1,30
997.7,20
998.1,37
999.2,33
1000.1,35
1000.7,27
1001.0,5
1001.2,0
1001.4,15
1001.6,16
1001.6,32
1004.2,13
1004.4,38
1004.5,1
1004.6,30
1004.8,22
1005.6,7
1005.9,14
1005.9,29
1006.1,18
1007.1,11
1008.2,21
1008.4,37
1009.7,3
1009.7,19
1009.9,34
1010.0,20
1010.3,28
1010.9,23
1011.2,25
1011.4,6
1012.1,17
1012.5,30
1012.8,10
1013.1,0
1014.2,32
1015.1,2
1015.2,33
1015.6,38
1016.4,15
1016.9,7
1017.0,12
1020.1,26
1020.2,0
1020.5,18
1020.6,37
1021.3,22
1021.9,5
1022.7,36
1022.8,29
1023.3,13
1023.7,30
1023.8,32
1024.4,4
1025.3,27
1026.0,25
1026.2,21
1027.2,6
1027.4,20
1027.5,14
1027.8,39
1029.2,35
1029.5,7
1030.3,18
1030.5,0
1030.8,1
1031.5,3
1031.5,30
1032.0,23
1032.0,34
1032.1,8
1033.3,9
1033.3,19
1033.7,37
1033.7,38
1033.8,22
1034.4,32
1034.4,26
1034.6,11
1035.5,20
1036.6,33
1037.7,16
1038.7,30
1038.9,6
1040.0,2
1040.5,7
1040.5,0
1041.2,36
1041.7,25
1041.8,12
1042.3,13
1042.3,28
1042.5,21
1042.7,38
1043.0,15
1043.2,5
1043.4,37
1043.7,23
1046.1,32
1046.6,30
1047.3,35
1048.3,27
1048.7,20
1048.8,10
1048.8,18
1048.8,34
1048.8,4
1049.6,0
1049.7,21
1049.8,7
1050.2,9
1050.2,33
1050.4,19
1050.6,14
1050.6,26
1052.0,29
1052.6,25
1053.0,6
1053.3,22
1053.6,15
1053.9,11
1054.7,12
1054.9,17
1057.1,30
1058.4,0
1058.7,38
1059.0,37
1059.1,32
1059.9,7
1060.1,23
1060.5,36
1061.1,20
1061.3,34
1061.4,6
1062.2,35
1062.4,1
1063.6,33
1064.3,30
1064.6,28
1064.7,27
1064.8,18
1065.3,21
1065.4,2
1065.4,5
1065.8,10
1066.7,9
1067.0,3
1067.2,19
1067.3,38
1067.8,32
1067.8,37
1068.2,8
1069.0,35
1069.3,13
1069.3,20
1069.4,23
1069.7,0
1069.7,26
1069.9,14
1070.0,22
1070.2,7
1071.4,16
1072.1,15
1075.3,6
1075.5,18
1075.5,30
1075.8,29
1076.0,9
1076.0,11
1076.0,33
1076.5,34
1076.7,25
1077.0,36
1078.0,20
1080.2,21
1080.4,4
1081.3,0
1081.4,23
1081.5,7
1081.6,26
1081.7,30
1081.8,37
1082.6,16
1082.7,38
1083.1,17
1083.7,27
1084.6,32
1086.3,22
1087.5,15
1087.8,20
1088.1,33
1088.5,2
1088.9,6
1089.7,36
1090.3,35
1090.7,0
1090.7,37
1091.0,1
1091.6,5
1092.0,13
1092.7,30
1093.0,19
1093.0,18
1094.0,14
1095.1,38
1095.5,7
1095.7,34
1096.3,32
1096.5,21
1096.9,23
1097.7,22
1098.4,26
1098.5,39
1099.1,12
1099.2,37
1099.4,20
1099.8,29
1099.9,6
1099.9,9
1100.0,10
1100.0,11
1100.2,16
1100.2,30
1100.3,28
1101.3,0
1103.5,25
1104.0,3
1104.1,33
1105.5,32
1105.7,13
1106.5,4
1107.3,19
1107.5,18
1108.3,15
1108.4,20
1108.5,36
1109.1,2
1109.3,27
1109.3,30
1109.4,34
1109.9,21
1110.0,7
1110.5,0
1110.5,35
1110.6,12
1110.6,26
1110.6,37
1110.8,17
1111.0,6
1111.8,38
1112.4,23
1114.5,30
1115.6,22
1117.4,32
1118.5,0
1118.6,33
1119.0,20
1119.9,9
1121.2,37
1121.6,3
1121.9,1
1122.4,5
1122.8,14
1123.0,11
1123.1,30
1123.5,6
1123.5,21
1123.6,8
1123.6,34
1124.7,25
1124.8,7
1125.7,29
1126.4,16
1126.6,17
1126.6,23
1127.4,32
1127.6,15
1127.9,0
1128.1,35
1128.8,2
1128.9,22
1129.2,38
1129.2,19
1129.2,33
1129.5,18
1131.1,27
1132.0,20
1132.0,37
1132.4,36
1132.7,10
1133.0,13
1133.6,30
1133.8,28
1134.9,26
1135.8,0
1135.8,9
1136.0,6
1136.5,21
1136.7,7
1137.5,5
1139.9,32
1140.3,25
1140.3,30
1140.6,15
1141.1,20
1141.4,33
1142.2,3
1142.2,23
1142.5,38
1143.0,34
1143.9,12
1144.2,37
1144.3,0
1144.9,35
1144.9,7
1145.5,36
1145.7,6
1146.5,11
1146.7,18
1147.9,30
1148.2,25
1149.2,22
1149.3,9
1149.4,27
1149.5,16
1149.7,2
1149.9,21
1150.6,4
1150.6,13
1151.6,32
1151.9,20
1152.6,8
1153.0,39
1153.3,19
1153.6,0
1154.4,26
1154.5,38
1154.6,3
1154.6,24
1154.6,30
1154.8,29
1155.3,23
1155.8,36
1156.3,33
1157.3,37
1157.6,6
1159.2,17
1159.3,12
1159.4,34
1161.3,10
1161.5,15
1161.6,7
1161.8,32
1161.8,35
1162.2,9
1162.5,14
1162.5,21
1163.1,20
1163.2,1
1163.2,5
1163.5,30
1164.5,27
1164.6,37
1164.7,18
1165.1,28
1166.6,19
1166.9,0
1167.9,11
1168.1,25
1168.5,23
1169.9,6
1170.8,33
1171.4,32
1171.5,16
1171.9,13
1171.9,34
1172.2,30
1172.9,26
1173.1,15
1173.5,20
1174.2,4
1175.0,2
1175.4,35
1175.9,38
1176.1,9
1176.2,27
1176.9,22
1177.0,7
1177.1,0
1177.4,14
1177.6,18
1178.8,36
1178.9,23
1179.1,37
1180.3,6
1180.4,30
1180.9,25
1181.1,1
1182.6,21
1184.0,33
1184.5,20
1185.3,38
1187.0,0
1187.1,34
1187.6,32
1187.6,37
1187.9,7
1189.2,26
1189.2,35
1189.3,30
1189.4,27
1189.8,9
1190.4,13
1190.7,17
1190.8,22
1191.1,19
1191.4,23
1191.7,36
1193.0,6
1193.2,1
1193.9,16
1194.0,15
1194.3,3
1196.8,18
1197.1,37
1197.5,12
1197.5,34
1197.8,0
1197.8,21
1198.2,20
1198.4,38
1198.5,2
1198.5,29
1198.5,30
1198.8,7
1199.1,39
1200.6,25
1205.0,11
1205.9,0
1206.1,28
1206.3,23
1206.4,35
1207.3,6
1207.3,8
1207.4,13
1207.4,32
1207.6,33
1207.7,14
1207.8,36
1208.2,15
1208.3,7
1208.3,30
1208.5,5
1208.6,38
1208.7,27
1208.7,37
1208.9,18
1209.1,17
1209.3,20
1210.9,34
1212.4,19
1213.2,22
1214.5,9
1214.7,2
1214.7,23
1215.4,30
1215.6,10
1215.8,4
1215.8,25
1216.0,21
1216.1,16
1216.9,33
1217.1,20
1217.8,0
1219.6,38
1220.3,3
1220.9,7
1221.6,6
1221.6,37
1221.9,26
1222.3,12
1223.2,30
1223.6,13
1223.7,5
1225.4,27
1225.4,32
1225.5,35
1225.7,34
1225.9,18
1226.5,0
1226.9,22
1227.2,20
1227.2,36
1227.3,33
1227.4,29
1229.0,23
1229.7,17
1230.0,9
1230.1,15
1230.2,25
1230.8,14
1231.0,6
1233.1,11
1233.9,21
1234.3,7
1234.5,0
1234.5,2
1234.6,38
1235.2,13
1235.4,20
1235.5,26
1235.5,30
1236.1,1
1236.1,37
1236.3,32
1237.1,8
1240.2,18
1241.1,36
1241.2,19
1241.6,34
1241.7,22
1242.0,23
1242.0,35
1243.1,12
1243.5,10
1244.3,24
1244.3,16
1244.3,27
1245.0,17
1245.4,4
1245.4,33
1246.2,30
1246.5,3
1247.0,20
1247.0,38
1247.3,9
1248.4,0
1248.6,25
1249.0,7
1249.0,37
1250.0,32
1250.1,6
1250.4,15
1250.9,11
1251.2,21
1251.5,1
1251.9,30
1253.5,5
1254.8,23
1255.2,19
1255.2,34
1255.8,18
1256.1,35
1256.2,29
1256.4,13
1256.6,20
1257.2,26
1258.8,38
1259.5,22
1260.2,2
1260.8,30
1261.3,37
1261.7,33
1261.9,0
1261.9,21
1262.1,8
1262.2,32
1262.6,7
1262.9,12
1263.0,6
1263.3,14
1264.0,17
1264.1,36
1265.3,27
1265.5,11
1265.9,15
1266.1,30
1266.6,38
1266.8,20
1267.3,3
1269.0,34
1270.6,0
1270.6,37
1271.6,19
1271.9,35
1272.0,23
1272.9,16
1273.0,30
1273.2,4
1273.4,6
1273.4,7
1273.4,18
1274.9,14
1274.9,29
1274.9,33
1275.4,32
1276.5,13
1276.9,38
1277.3,2
1277.8,28
1278.3,20
1278.7,25
1279.0,26
1279.0,27
1279.1,9
1279.4,12
1280.7,37
1280.9,21
1280.9,39
1281.0,15
1281.1,1
1281.7,7
1282.1,0
1282.4,22
1282.7,30
1282.7,36
1283.0,6
1283.9,34
1284.3,18
1287.6,38
1288.2,16
1288.5,35
1289.5,20
1289.5,37
1289.8,10
1290.0,11
1290.2,30
1290.5,17
1290.5,32
1292.4,6
1292.4,33
1292.7,23
1293.0,15
1293.1,27
1293.3,13
1293.4,34
1294.0,3
1294.0,19
1294.1,5
1294.6,18
1295.5,26
1295.7,25
1295.8,21
1296.9,0
1297.5,14
1298.0,22
1298.0,35
1298.1,7
1298.1,12
1299.0,9
1299.0,20
1299.6,30
1299.7,11
1299.9,36
1301.6,6
1302.0,37
1304.5,13
1305.2,32
1305.4,33
1305.6,34
1305.8,4
1305.9,2
1306.4,0
1306.4,27
1306.5,38
1306.9,20
1307.0,8
1307.0,19
1307.1,18
1307.1,30
1307.5,29
1308.5,37
1308.8,15
1309.1,21
1309.5,35
1309.7,5
1309.8,23
1310.0,1
1310.0,7
1310.0,39
1313.0,25
1313.9,22
1314.6,34
1314.8,32
1315.0,30
1315.7,26
1316.1,6
1316.4,33
1317.0,36
1317.4,16
1318.5,0
1319.2,18
1319.9,21
1320.6,15
1321.2,20
1321.7,38
1321.9,12
1322.0,9
1322.8,7
1323.5,17
1323.9,30
1324.0,10
1324.0,37
1324.4,33
1324.6,27
1325.1,23
1325.4,11
1326.9,32
1327.1,35
1328.0,18
1328.3,25
1328.6,5
1328.8,6
1328.9,13
1329.5,19
1329.6,20
1330.0,0
1330.2,1
1330.5,29
1330.9,7
1331.3,4
1331.4,34
1333.3,2
1333.5,15
1333.7,30
1333.9,14
1335.0,37
1335.6,26
1336.0,3
1336.3,39
1336.7,32
1336.9,6
1336.9,20
1337.4,28
1338.3,38
1338.4,21
1338.7,27
1338.7,30
1339.9,0
1340.5,37
1340.7,7
1340.8,35
1341.1,12
1341.6,17
1341.8,33
1342.2,22
1342.2,34
1342.7,23
1342.8,11
1343.3,18
1343.9,24
1344.6,10
1344.9,36
1345.6,25
1346.1,8
1346.2,9
1346.3,20
1346.8,13
1346.9,5
1347.8,15
1348.0,30
1348.3,0
1348.6,16
1349.1,2
1349.1,6
1349.3,7
1349.5,14
1349.6,37
1349.7,27
1350.6,33
1351.4,32
1352.0,21
1352.3,38
1353.3,18
1353.8,34
1354.2,25
1355.9,23
1356.8,30
1357.8,0
1357.8,11
1357.9,19
1358.3,22
1359.0,20
1360.1,35
1360.6,36
1360.6,7
1361.1,37
1361.1,39
1361.3,1
1361.4,16
1361.6,3
1361.7,27
1362.4,6
1362.6,30
1362.9,23
1363.4,33
1363.7,21
1365.1,13
1366.7,15
1366.9,12
1367.0,26
1367.6,29
1367.6,32
1368.0,5
1368.4,0
1368.5,7
1368.7,34
1368.8,20
1369.9,10
1370.5,28
1371.4,9
1372.5,22
1372.5,37
1372.8,6
1373.0,1
1373.0,30
1373.7,38
1374.0,25
1374.0,33
1374.1,36
1374.3,18
1374.9,11
1375.6,19
1375.9,4
1376.0,3
1376.1,15
1376.5,0
1376.8,27
1377.5,23
1377.7,35
1378.7,21
1378.8,2
1378.9,39
1379.7,30
1380.2,7
1380.4,34
1380.5,8
1381.1,32
1381.9,20
1383.3,12
1384.6,0
1384.8,6
1385.2,37
1385.6,38
1385.9,13
1387.1,14
1387.6,22
1387.8,18
1388.0,5
1389.1,30
1389.8,33
1390.5,29
1391.0,32
1391.3,20
1391.6,36
1391.9,9
1392.0,19
1392.1,7
1392.6,17
1392.6,25
1393.4,26
1393.8,27
1394.3,21
1394.7,23
1395.6,15
1397.8,37
1398.0,35
1398.4,0
1398.6,6
1398.9,30
1399.0,38
1399.1,22
1399.2,11
1399.3,1
1399.4,34
1399.6,13
1399.7,7
1399.8,3
1399.9,33
1400.7,2
1401.5,19
1401.7,32
1401.8,10
1403.3,18
1403.3,36
1403.3,25
1404.4,20
1405.3,12
1405.4,16
1407.1,5
1407.1,6
1407.6,21
1408.0,23
1408.3,37
1409.2,7
1409.4,0
1409.6,15
1409.7,30
1412.7,26
1412.8,20
1413.2,4
1413.2,22
1413.4,19
1413.5,18
1414.1,34
1414.2,33
1414.7,13
1415.4,27
1415.4,32
1416.7,30
1417.2,8
1417.9,35
1418.3,11
1418.4,0
1418.4,14
1418.4,37
1418.6,17
1419.2,36
1419.8,23
1420.4,1
1421.2,38
1422.3,6
1423.1,7
1423.5,9
1424.1,29
1424.4,20
1424.8,12
1425.8,15
1426.0,10
1426.0,18
1426.2,30
1426.5,16
1426.5,21
1427.1,34
1427.2,32
1427.4,36
1428.2,33
1429.5,25
1430.0,39
1430.1,3
1430.5,37
1430.6,17
1431.3,19
1432.5,7
1432.8,14
1433.0,0
1433.2,35
1433.3,20
1433.3,38
1433.4,30
1433.6,2
1433.6,22
1433.7,6
1434.2,27
1434.6,5
1434.6,9
1436.7,34
1438.4,29
1438.5,26
1439.0,11
1439.3,4
1439.3,23
1439.6,32
1439.7,37
1439.8,24
1441.0,25
1441.0,30
1441.2,0
1441.3,16
1442.1,18
1442.1,21
1444.6,20
1444.9,13
1445.3,15
1446.1,6
1446.3,8
1446.7,38
1446.9,3
1447.1,1
1447.1,36
1447.2,33
1447.4,9
1447.8,7
1448.4,23
1448.6,30
1450.1,22
1450.1,37
1450.3,0
1451.9,32
1453.6,35
1453.9,34
1453.9,12
1454.4,4
1455.2,27
1455.3,7
1455.7,20
1456.3,2
1456.4,33
1456.7,18
1456.8,0
1457.2,17
1457.3,36
1457.4,11
1457.6,30
1457.7,25
1458.0,6
1458.1,16
1458.5,5
1458.7,9
1460.6,15
1461.4,26
1461.6,37
1463.3,22
1465.8,38
1466.3,32
1466.4,30
1466.8,7
1466.9,39
1467.0,13
1467.2,36
1467.5,23
1467.7,34
1467.9,27
1468.0,21
1468.2,0
1468.2,20
1468.4,17
1468.6,6
1468.9,19
1468.9,33
1469.3,14
1469.8,35
1470.8,18
1473.1,30
1473.6,1
1474.0,29
1474.3,37
1474.6,11
1475.0,2
1475.1,28
1475.3,8
1476.0,12
1476.7,0
1476.8,15
1477.9,16
1477.9,5
1478.0,9
1478.2,3
1478.8,6
1478.9,7
1479.8,23
1479.8,25
1480.1,32
1481.0,4
1481.3,30
1481.6,18
1481.7,20
1481.7,27
1482.0,22
1482.8,38
1482.9,26
1483.7,37
1484.3,33
1486.0,36
1487.2,19
1487.7,32
1487.9,21
1488.4,0
1488.8,34
1489.8,3
1489.8,7
1489.9,30
1490.1,1
1490.1,11
1490.1,39
1491.2,35
1492.0,15
1492.2,13
1492.4,27
1492.4,29
1492.8,2
1494.3,26
1494.4,20
1494.7,8
1495.0,10
1495.1,17
1495.1,25
1495.2,37
1495.4,12
1495.6,38
1496.4,6
1497.1,23
1497.8,18
1498.1,30
1498.1,5
1498.1,9
1498.5,34
1499.4,21
1500.0,28
1500.3,32
1500.4,33
1502.0,22
1502.2,0
1503.6,7
1503.6,36
1504.4,15
1504.8,37
1505.3,30
1505.3,34
1505.8,35
1506.0,1
1506.1,14
1506.2,11
1506.4,20
1506.6,27
1507.0,29
1507.9,6
1510.2,23
1510.3,19
1510.5,3
1511.0,25
1511.3,26
1511.3,32
1512.1,2
1512.2,30
1514.2,38
1515.0,20
1515.1,7
1516.1,33
1516.3,37
1516.5,13
1516.6,0
1516.7,5
1517.0,12
1517.0,16
1517.1,18
1518.1,6
1518.2,17
1518.3,21
1518.3,30
1518.9,22
1519.0,34
1519.2,32
1519.5,9
1520.7,15
1521.7,35
1521.8,27
1523.1,23
1523.6,26
1524.3,36
1524.4,0
1525.1,20
1526.2,11
1526.8,4
1527.0,32
1527.1,6
1527.8,39
1527.9,38
1528.1,30
1528.9,37
1529.0,7
1530.7,33
1532.0,35
1533.0,14
1533.5,18
1533.5,34
1534.2,21
1534.4,22
1534.6,29
1534.8,0
1535.0,30
1535.4,8
1535.5,17
1535.7,27
1536.9,23
1537.2,19
1537.2,25
1537.6,5
1537.7,6
1538.1,3
1538.2,10
1538.2,15
1538.5,1
1538.5,20
1539.2,33
1539.4,37
1539.4,38
1539.6,13
1541.2,28
1542.0,26
1542.2,2
1542.3,36
1542.5,7
1542.5,9
1542.7,0
1542.9,30
1543.2,16
1543.4,32
1544.7,21
1545.5,18
1546.1,34
1546.5,35
1546.5,23
1548.9,15
1550.3,33
1550.4,7
1550.6,6
1550.6,20
1551.0,22
1551.2,0
1551.9,30
1553.7,37
1555.0,9
1555.7,17
1555.7,36
1556.1,12
1556.1,27
1556.1,38
1556.5,32
1556.7,25
1557.3,4
1557.5,1
1558.4,18
1558.8,7
1559.3,20
1559.7,30
1559.8,2
1559.8,14
1559.9,19
1559.9,34
1560.5,0
1561.1,6
1561.1,23
1561.2,15
1562.1,21
1563.6,16
1563.8,3
1564.4,11
1565.0,26
1565.0,29
1565.1,8
1565.1,35
1566.0,33
1566.0,37
1567.6,10
1568.4,30
1568.6,20
1569.1,0
1569.2,18
1569.3,27
1569.4,13
1570.0,38
1570.2,22
1570.2,32
1570.5,9
1571.7,5
1571.7,6
1572.0,28
1572.3,12
1572.5,7
1577.6,15
1577.6,34
1577.7,37
1578.1,35
1578.9,25
1578.9,30
1579.2,16
1579.4,6
1579.8,29
1579.9,17
1580.5,36
1581.2,4
1581.3,0
1581.6,18
1581.9,33
1582.4,32
1582.9,21
1583.7,23
1583.8,38
1584.4,7
1585.6,26
1586.1,12
1586.8,39
1586.9,20
1587.6,19
1589.2,2
1589.2,6
1589.3,37
1590.2,27
1590.4,8
1590.6,21
1590.7,0
1590.7,34
1590.8,14
1591.3,3
1591.8,30
1591.9,22
1592.8,5
1593.3,11
1593.4,24
1593.5,33
1593.5,35
1593.9,18
1594.0,13
1594.5,15
1594.6,9
1596.5,36
1596.8,25
1597.2,32
1597.3,7
1599.0,29
1599.7,0
1599.9,20
1599.9,34
1600.0,30
1600.4,2
1600.4,4
1601.3,23
1601.3,37
1601.8,21
1602.3,6
1602.4,38
1603.7,35
1603.8,1
1605.3,17
1605.3,19
1605.5,10
1605.5,22
1606.2,30
1606.5,18
1606.5,20
1608.2,0
1608.5,27
1610.3,28
1610.5,32
1611.1,25
1611.7,7
1612.0,21
1612.2,9
1612.3,3
1612.5,6
1612.6,5
1612.8,15
1612.9,36
1612.9,12
1612.9,26
1613.1,37
1613.1,4
1613.4,13
1613.7,33
1614.1,23
1614.5,14
1614.5,38
1615.2,16
1615.8,19
1615.8,22
1615.9,30
1617.0,34
1617.0,35
1618.0,20
1618.3,0
1619.6,7
1619.6,11
1621.9,6
1622.1,15
1622.2,26
1622.2,30
1623.3,18
1623.5,27
1624.3,32
1624.8,10
1624.8,37
1625.7,2
1626.1,33
1626.2,16
1626.2,25
1626.2,29
1626.3,0
1626.3,20
1626.7,5
1628.2,23
1628.3,21
1628.6,13
1628.6,34
1628.9,9
1629.2,35
1629.5,30
1629.5,36
1629.9,4
1630.1,7
1633.2,38
1633.7,15
1633.9,6
1634.1,37
1634.3,22
1634.4,39
1634.9,3
1635.2,17
1635.3,8
1635.4,0
1635.8,11
1636.4,18
1637.6,30
1637.6,33
1638.2,20
1638.6,25
1638.8,32
1639.0,27
1639.7,34
1640.0,19
1640.1,7
1640.3,21
1640.5,16
1641.2,36
1641.5,12
1643.1,2
1643.2,23
1643.5,38
1644.6,22
1645.1,0
1645.1,37
1647.0,35
1647.3,18
1647.4,13
1647.8,28
1647.8,30
1648.0,9
1648.6,29
1648.6,32
1648.8,14
1649.0,20
1649.5,7
1649.7,15
1649.9,33
1650.2,34
1650.3,11
1650.6,5
1650.8,6
1654.2,16
1654.4,19
1654.7,30
1655.0,1
1655.1,38
1655.6,17
1655.6,37
1655.8,0
1656.4,9
1656.7,3
1657.2,33
1657.5,25
1658.0,23
1658.5,20
1658.6,10
1658.9,18
1659.4,7
1659.5,27
1659.8,22
1660.9,32
1662.0,35
1662.2,30
1663.2,11
1663.4,15
1663.7,0
1664.3,26
1664.6,2
1664.6,6
1664.9,20
1665.4,21
1665.8,34
1667.0,12
1667.5,36
1668.4,37
1669.5,14
1669.7,38
1669.9,23
1670.8,27
1671.7,13
1672.5,7
1672.6,9
1673.0,17
1673.7,0
1673.9,4
1674.0,30
1674.2,29
1674.8,8
1674.9,21
1675.0,5
1675.4,33
1675.5,6
1675.9,16
1676.5,26
1676.5,32
1676.6,18
1676.6,37
1676.7,20
1676.7,22
1677.3,2
1677.9,36
1679.0,15
1679.2,34
1680.3,30
1682.0,3
1682.0,38
1683.0,10
1683.0,25
1683.2,0
1683.9,19
1683.9,35
1684.2,7
1684.3,37
1685.2,21
1686.1,1
1686.6,22
1687.9,6
1688.2,11
1688.2,18
1688.3,23
1688.4,9
1689.0,33
1689.1,13
1689.6,20
1690.1,12
1690.3,30
1690.7,32
1691.2,27
1692.2,7
1692.2,14
1692.2,34
1692.2,36
1693.2,37
1693.9,16
1694.8,17
1695.4,10
1696.1,0
1696.4,35
1696.6,4
1697.7,6
1698.4,32
1698.5,2
1698.6,30
1699.5,15
1700.8,22
1701.3,21
1702.7,26
1702.8,5
1702.9,29
1703.2,18
1703.3,20
1703.7,25
1703.7,38
1703.9,7
1704.3,0
1704.3,3
1704.7,36
1704.7,37
1705.3,39
1705.8,23
1706.4,8
1706.7,33
1707.1,27
1707.6,30
1707.6,34
1709.1,12
1709.5,28
1709.6,11
1709.9,37
1710.4,20
1710.5,19
1710.6,14
1710.7,9
1711.8,35
1712.9,6
1714.4,0
1714.8,17
1715.3,15
1715.3,32
1715.4,13
1715.8,29
1716.1,25
1716.7,18
1716.8,21
1717.4,30
1717.5,1
1717.5,7
1718.0,11
1718.7,36
1719.2,38
1719.8,20
1720.1,23
1721.0,37
1721.9,6
1722.3,4
1723.9,34
1724.5,27
1725.1,26
1725.1,33
1725.6,3
1725.7,0
1725.7,30
1725.9,2
1726.4,22
1726.5,32
1727.9,14
1728.0,9
1728.0,35
1728.4,7
1728.5,21
1728.6,23
1728.9,12
1729.7,10
1730.5,18
1730.7,20
1730.9,25
1731.7,13
1732.2,19
1732.4,29
1732.5,16
1732.5,30
1732.8,38
1733.0,15
1733.7,6
1734.0,37
1734.5,0
1735.4,17
1736.4,33
1737.3,39
1737.4,5
1737.5,21
1737.6,35
1738.0,8
1738.1,34
1738.4,30
1739.3,27
1740.5,32
1741.1,22
1742.6,37
1742.7,23
1743.3,0
1743.3,1
1743.3,20
1743.4,36
1743.5,7
1744.4,11
1745.1,28
1746.2,38
1746.4,15
1746.7,2
1747.0,30
1748.9,12
1750.1,25
1750.6,4
1750.8,18
1750.8,21
1751.0,16
1751.2,37
1751.3,6
1751.3,22
1751.4,0
1751.4,9
1752.0,3
1752.1,33
1752.4,20
1752.4,30
1752.6,32
1753.0,13
1753.3,38
1753.4,35
1753.9,26
1754.2,27
1754.6,7
1755.0,34
1755.0,39
1755.2,15
1756.7,11
1757.7,36
1758.4,14
1760.3,23
1760.4,37
1760.9,0
1761.3,25
1761.3,33
1762.5,30
1762.6,35
1762.8,7
1762.9,17
1763.3,6
1763.5,32
1763.7,12
1763.7,18
1765.7,29
1765.7,34
1766.5,38
1766.9,13
1767.6,1
1768.5,5
1769.4,20
1770.4,2
1770.8,30
1770.8,37
1770.9,26
1771.4,22
1771.5,19
1772.1,21
1774.2,4
1774.3,15
1774.4,35
1774.5,23
1774.7,25
1775.1,8
1775.2,36
1775.7,7
1775.8,6
1775.9,0
1776.2,32
1777.3,20
1777.4,18
1778.2,30
1778.2,33
1778.9,27
1780.5,9
1780.6,38
1780.8,13
1780.9,16
1781.3,34
1781.7,11
1782.3,21
1783.2,0
1783.2,17
1784.0,23
1785.4,37
1785.5,6
1785.8,15
1785.8,35
1787.1,20
1787.3,30
1787.9,33
1788.3,5
1788.4,3
1789.1,10
1789.3,7
1789.8,2
1791.8,25
1791.9,12
1792.6,18
1793.0,22
1794.1,0
1794.2,13
1794.6,32
1795.2,11
1795.4,38
1795.5,19
1795.6,34
1796.3,6
1796.5,29
1796.6,35
1797.0,30
1797.2,37
1797.4,23
1797.4,27
1797.7,21
1797.9,17
1797.9,26
1800.3,9
1800.5,20
1800.7,36
1802.1,7
1804.3,18
1804.6,28
1804.6,32
1804.7,0
1804.7,34
1804.8,16
1804.9,15
1804.9,30
1805.4,4
1805.4,14
1805.8,38
1805.9,39
1806.4,22
1806.8,33
1807.0,2
1807.8,20
1808.0,6
1808.0,25
1808.2,5
1808.4,37
1810.8,23
1811.7,0
1812.2,35
1812.8,19
1813.2,11
1813.4,3
1814.3,8
1814.5,30
1815.3,13
1816.0,32
1816.2,10
1816.8,21
1817.0,17
1817.1,7
1817.1,20
1817.3,38
1819.5,33
1819.8,6
1819.8,14
1819.9,34
1820.4,37
1820.6,2
1820.9,15
1821.0,36
1821.7,30
1822.1,22
1822.2,18
1822.5,23
1822.9,25
1823.3,0
1823.3,9
1823.9,26
1824.1,12
1824.5,29
1824.9,11
1825.2,27
1825.7,7
1826.2,1
1827.2,32
1827.5,17
1827.5,20
1828.0,6
1828.4,3
1828.5,5
1828.5,23
1828.5,30
1828.6,0
1829.6,21
1829.9,35
1833.5,22
1834.5,33
1834.5,38
1834.8,37
1835.0,13
1835.1,4
1836.0,7
1836.1,30
1836.2,36
1836.3,25
1838.7,21
1838.9,11
1839.2,16
1839.2,20
1839.4,6
1839.4,12
1839.9,15
1840.0,18
1840.1,34
1840.4,19
1841.3,32
1841.4,27
1841.6,30
1841.6,37
1841.8,0
1842.0,10
1842.3,23
1843.0,33
1845.8,35
1846.8,26
1846.9,2
1846.9,3
1847.8,38
1848.0,7
1848.8,8
1851.7,20
1851.8,9
1852.1,23
1852.3,1
1852.7,6
1852.7,14
1853.0,30
1853.2,36
1853.3,22
1853.3,25
1853.3,32
1853.4,29
1853.4,37
1853.7,0
1853.8,34
1853.9,18
1853.9,33
1854.2,17
1854.6,19
1854.6,21
1855.0,15
1855.2,35
1857.4,16
1859.8,7
1860.6,13
1862.6,30
1862.8,12
1863.3,23
1863.6,0
1863.6,20
1863.7,39
1864.3,26
1864.3,27
1864.3,37
1864.6,34
1865.5,38
1866.3,25
1867.1,35
1867.3,7
1868.3,21
1868.8,28
1868.8,33
1869.0,32
1869.1,11
1869.5,22
1869.7,29
1869.8,18
1869.8,30
1870.1,0
1870.4,6
1872.1,8
1874.5,23
1875.0,20
1875.6,19
1876.4,37
1876.6,4
1876.6,15
1876.8,5
1877.1,27
1877.4,2
1877.7,33
1877.8,14
1878.2,32
1878.5,3
1878.5,30
1878.6,34
1879.6,13
1880.6,7
1880.7,9
1882.7,1
1882.8,35
1883.1,11
1883.2,36
1883.5,0
1883.5,6
1884.2,38
1885.4,17
1885.6,30
1885.7,18
1886.3,25
1886.7,29
1887.2,20
1887.7,12
1888.4,7
1888.8,37
1888.9,22
1889.0,21
1889.0,27
1889.4,23
1889.4,32
1889.6,6
1892.0,34
1892.6,30
1893.5,2
1893.7,33
1894.8,15
1895.1,16
1895.3,5
1896.5,0
1896.6,38
1896.7,9
1896.8,37
1897.1,26
1898.1,8
1898.5,19
1898.8,35
1899.2,20
1899.2,32
1900.0,7
1900.3,27
1901.4,18
1901.4,22
1902.0,6
1902.0,13
1902.2,23
1902.3,4
1903.2,30
1903.6,29
1905.1,12
1905.7,15
1906.3,0
1906.4,3
1906.7,37
1906.9,17
1906.9,28
1907.7,10
1907.8,25
1907.9,36
1908.5,1
1909.2,39
1909.3,30
1909.7,33
1910.6,7
1911.1,21
1911.4,20
1911.8,34
1912.1,6
1912.8,32
1913.3,23
1913.5,11
1914.4,13
1914.9,18
1915.2,38
1916.3,9
1917.2,0
1917.5,15
1917.9,22
1918.3,35
1918.7,27
1918.7,37
1919.7,26
1920.7,30
1921.0,7
1922.5,1
1922.7,6
1922.9,16
1923.1,33
1923.1,34
1923.2,20
1924.4,5
1924.4,25
1924.8,3
1925.2,32
1925.4,36
1926.3,4
1926.5,21
1926.7,0
1926.9,2
1927.6,23
1927.8,30
1927.8,38
1928.6,37
1928.9,17
1929.0,14
1929.6,28
1930.3,10
1930.4,7
1930.8,19
1931.7,15
1933.1,22
1934.3,20
1935.1,11
1935.1,12
1935.1,18
1935.1,34
1935.3,30
1936.1,27
1936.4,33
1936.7,35
1936.9,0
1937.5,6
1937.9,32
1938.0,29
1938.2,13
1938.4,16
1938.6,36
1940.0,21
1940.1,9
1941.5,7
1941.6,22
1941.9,14
1942.3,37
1942.8,26
1943.1,30
1943.2,25
1944.4,6
1944.7,1
1945.6,19
1945.7,4
1945.8,20
1946.0,0
1946.1,34
1946.3,23
1946.4,38
1947.0,8
1947.6,3
1948.5,37
1949.2,33
1949.5,2
1949.5,32
1951.1,7
1952.2,30
1953.4,12
1954.4,6
1954.4,15
1954.6,5
1954.8,21
1955.2,39
1955.5,35
1955.9,18
1956.5,23
1957.1,1
1957.5,27
1957.6,0
1958.4,11
1958.9,25
1959.0,20
1959.2,17
1959.7,37
1961.1,34
1962.6,30
1963.9,32
1964.1,14
1964.8,33
1965.2,36
1965.6,35
1965.7,13
1965.8,16
1966.1,38
1966.2,23
1966.3,0
1966.4,7
1966.4,9
1966.4,20
1966.6,10
1966.6,19
1967.6,26
1967.7,21
1967.9,6
1968.9,2
1968.9,30
1970.5,28
1970.9,27
1973.0,15
1973.1,11
1973.4,18
1973.8,37
1973.9,22
1974.0,4
1974.0,5
1974.0,34
1974.1,19
1974.1,25
1974.2,29
1976.3,32
1977.4,23
1977.7,20
1977.9,13
1978.0,3
1978.2,1
1978.6,7
1979.6,21
1980.0,6
1980.0,30
1980.0,33
1980.0,38
1980.3,0
1980.3,17
1980.7,36
1981.9,26
1982.5,10
1984.0,37
1986.1,22
1986.4,27
1986.5,30
1987.4,35
1987.7,38
1987.8,4
1987.8,6
1987.8,20
1987.8,25
1988.9,34
1989.0,0
1989.1,32
1989.5,15
1989.6,9
1989.6,7
1990.8,12
1991.7,23
1991.9,37
1992.6,39
1992.8,36
1993.1,18
1995.5,30
1996.2,29
1996.5,20
1997.1,33
1997.2,28
1997.8,0
1998.2,13
1998.2,14
2000.3,6
2000.5,21
2000.8,9
2000.9,19
2000.9,17
2000.9,32
2001.8,34
2002.0,5
2002.1,11
2002.1,35
2002.2,38
2002.4,3
2002.4,22
2002.8,2
2002.9,1
2002.9,26
2003.2,15
2003.2,23
2003.2,25
2003.2,30
2003.3,16
2003.3,36
2003.4,8
2003.4,37
2004.0,18
2006.1,0
2006.2,20
2006.9,7
2009.8,33
2010.5,4
2010.8,13
2011.0,27
2011.4,30
2011.6,6
2011.9,23
2012.3,14
2012.3,32
2013.1,21
2014.0,37
2014.6,34
2015.6,17
2015.6,29
2016.9,26
2016.9,35
2017.6,15
2017.8,18
2017.8,22
2017.9,12
2018.0,7
2018.2,25
2018.6,0
2019.1,30
2019.4,20
2020.0,11
2021.5,38
2021.8,6
2022.1,36
2022.5,27
2024.2,37
2024.5,9
2025.0,39
2025.3,34
2025.4,3
2025.6,0
2026.0,23
2026.0,33
2026.2,5
2026.2,13
2026.7,30
2027.0,16
2027.1,10
2027.7,32
2028.0,36
2029.1,14
2029.4,18
2029.5,7
2030.0,2
2030.2,19
2030.2,20
2030.6,21
2033.1,4
2033.4,35
2033.5,1
2033.5,34
2034.2,27
2034.5,15
2034.5,25
2035.0,12
2035.0,30
2035.4,37
2035.8,6
2037.7,29
2037.9,38
2038.2,11
2038.7,17
2039.0,0
2039.0,20
2039.3,22
2040.5,26
2042.1,35
2042.2,32
2042.5,33
2043.4,18
2044.1,14
2044.2,16
2044.3,2
2044.3,23
2044.3,36
2044.4,8
2044.4,30
2044.5,10
2044.9,7
2045.4,3
2046.0,19
2046.9,5
2047.3,6
2047.5,37
2048.3,0
2048.4,21
2048.6,4
2049.1,34
2049.3,27
2050.2,15
2050.2,25
2051.2,13
2051.7,38
2051.9,9
2051.9,20
2052.4,35
2052.7,28
2052.7,30
2053.2,22
2053.3,17
2054.5,32
2056.6,36
2057.0,18
2057.1,33
2057.3,0
2057.6,6
2057.9,1
2058.2,12
2058.4,34
2058.5,21
2058.9,23
2059.1,7
2059.7,29
2059.8,26
2060.4,37
2060.6,14
2061.5,30
2061.6,20
2063.2,19
2063.7,5
2063.7,16
2064.0,27
2064.3,11
2064.9,25
2066.3,13
2067.4,36
2068.6,34
2068.7,0
2068.9,22
2069.5,15
2069.5,38
2069.9,24
2069.9,35
2070.4,37
2070.8,33
2070.9,6
2071.0,30
2071.3,32
2071.6,2
2071.6,39
2073.3,23
2073.9,20
2074.6,3
2075.5,25
2076.5,9
2076.5,26
2076.8,13
2077.5,7
2077.5,21
2077.6,29
2078.2,30
2078.4,10
2078.6,18
2079.6,12
2080.1,36
2080.5,1
2080.5,6
2080.6,17
2080.7,37
2081.3,27
2081.7,32
2082.0,39
2082.3,0
2082.6,28
2082.9,34
2083.7,14
2083.9,33
2084.3,11
2084.7,20
2085.5,16
2086.5,8
2086.5,23
2087.0,30
2087.4,38
2087.5,21
2087.8,4
2088.1,7
2088.5,18
2088.6,15
2089.9,22
2090.2,37
2090.8,5
2091.0,0
2091.0,9
2091.4,35
2091.5,10
2091.9,32
2092.0,25
2093.1,6
2093.9,20
2094.6,11
2094.8,27
2095.1,30
2095.3,2
2095.9,34
2097.3,0
2098.1,36
2098.7,18
2099.2,29
2099.4,7
2099.9,21
2100.1,19
2100.6,3
2101.1,33
2102.7,23
2102.9,17
2102.9,26
2103.1,15
2103.6,6
2103.8,37
2103.8,22
2106.0,13
2106.1,30
2106.4,0
2106.7,32
2107.2,1
2107.3,38
2108.0,35
2108.9,9
2109.4,25
2109.5,20
2109.7,33
2110.1,12
2111.2,27
2112.0,34
2112.5,7
2112.7,18
2112.9,4
2113.0,6
2114.1,21
2114.2,37
2114.8,0
2114.8,2
2114.9,30
2115.6,38
2116.4,15
2116.5,11
2118.4,35
2119.6,14
2119.8,26
2120.0,3
2120.0,20
2120.9,36
2121.1,5
2121.9,7
2122.1,28
2122.1,30
2122.3,0
2123.1,6
2123.1,33
2123.4,23
2123.5,22
2124.3,16
2126.4,37
2127.6,9
2127.7,32
2128.3,38
2128.6,18
2129.7,12
2129.9,15
2130.1,20
2130.2,25
2130.3,0
2130.3,34
2130.4,4
2130.4,19
2130.5,29
2130.9,17
2130.9,21
2131.7,11
2132.2,30
2132.4,13
2133.2,1
2133.2,22
2133.5,23
2133.8,35
2134.4,27
2136.0,2
2136.3,8
2136.3,33
2137.1,0
2137.3,6
2137.4,7
2137.8,37
2138.7,32
2139.8,20
2140.0,18
2140.1,39
2140.9,23
2140.9,30
2141.5,9
2141.6,34
2142.6,10
2144.9,0
2145.3,3
2145.6,29
2145.6,36
2146.0,25
2146.1,6
2146.3,12
2146.3,24
2146.5,20
2146.5,26
2146.9,37
2147.1,5
2147.1,14
2147.1,22
2147.3,30
2147.4,15
2147.8,13
2147.8,35
2148.4,7
2150.5,18
2152.1,21
2152.2,11
2152.4,38
2153.5,33
2154.4,0
2154.4,27
2154.6,28
2154.7,32
2155.6,34
2156.1,20
2156.2,37
2156.4,25
2156.7,17
2157.6,6
2157.7,23
2157.8,30
2158.3,15
2159.0,2
2159.0,8
2159.4,26
2160.6,35
2161.5,9
2163.1,22
2164.0,20
2164.0,32
2164.3,7
2164.4,0
2164.4,13
2164.7,4
2164.8,30
2165.2,38
2166.0,36
2166.3,18
2166.3,37
2166.3,39
2167.7,23
2167.8,21
2169.5,6
2170.7,33
2171.4,19
2171.4,27
2171.9,11
2172.0,7
2172.1,15
2172.1,34
2172.2,3
2172.6,17
2173.3,30
2173.7,0
2173.7,16
2175.3,21
2175.3,35
2175.6,25
2175.9,29
2176.2,32
2176.2,38
2176.5,20
2176.7,12
2176.9,22
2178.0,18
2179.1,5
2179.5,9
2179.6,6
2179.6,30
2179.9,33
2180.2,23
2180.7,1
2181.0,37
2181.7,14
2182.3,36
2182.9,0
2183.7,2
2183.7,13
2184.8,7
2185.4,26
2186.6,17
2186.7,15
2187.0,34
2187.7,19
2187.8,37
2188.9,30
2189.7,20
2190.6,12
2190.7,10
2190.7,38
2190.8,21
2191.3,32
2191.4,6
2191.7,33
2192.6,27
2192.6,36
2192.8,25
2193.0,22
2193.0,35
2193.1,23
2193.4,0
2194.4,7
2194.8,11
2196.6,30
2196.7,39
2197.3,16
2197.8,18
2198.3,37
2198.5,1
2198.5,14
2200.0,34
2200.6,29
2201.5,20
2201.9,15
2202.1,21
2202.1,6
2203.0,32
2203.5,36
2203.9,9
2204.4,30
2204.6,3
2204.6,5
2205.0,0
2205.6,8
2205.6,18
2205.8,7
2205.8,38
2206.3,2
2206.7,12
2207.0,33
2207.6,17
2209.7,13
2210.0,22
2210.4,35
2210.5,27
2211.2,6
2211.2,37
2212.1,20
2212.4,26
2212.6,34
2212.7,11
2212.7,30
2214.3,32
2214.5,0
2214.8,38
2215.7,7
2215.7,15
2215.9,23
2217.4,29
2217.5,18
2219.0,21
2219.1,6
2220.1,16
2220.2,30
2220.6,25
2220.6,37
2221.0,36
2222.0,10
2222.7,19
2223.4,34
2224.4,27
2224.9,20
2225.3,35
2225.4,4
2225.4,33
2225.5,0
2225.6,2
2225.7,7
2225.9,9
2226.7,32
2227.1,39
2227.6,30
2228.0,22
2228.2,8
2228.2,28
2228.3,11
2229.0,15
2229.4,37
2229.5,5
2230.8,23
2230.9,6
2232.2,38
2232.8,35
2233.3,12
2233.5,18
2234.0,14
2234.8,20
2235.4,27
2235.8,1
2235.9,22
2236.0,26
2236.4,0
2236.6,21
2236.6,25
2237.2,3
2237.6,30
2238.1,33
2239.3,13
2239.3,34
2240.0,2
2240.8,8
2242.1,11
2242.1,17
2242.3,36
2242.7,29
2243.5,37
2244.0,15
2244.4,6
2244.7,7
2245.1,9
2245.5,20
2245.7,30
2246.1,23
2246.2,32
2247.1,19
2249.1,0
2249.2,34
2249.2,38
2249.8,16
2249.8,22
2250.0,18
2250.0,28
2251.2,36
2253.1,27
2253.2,37
2253.5,30
2253.5,35
2253.9,6
2253.9,21
2254.5,25
2254.7,26
2254.9,33
2256.1,7
2257.0,0
2257.6,5
2257.8,32
2258.4,20
2258.5,30
2258.8,14
2259.0,17
2259.4,3
2260.4,10
2260.6,34
2260.8,6
2261.0,15
2261.7,4
2262.1,23
2263.3,35
2263.5,11
2263.8,18
2264.2,0
2264.5,16
2265.5,1
2266.6,20
2266.9,27
2267.2,30
2267.5,37
2267.9,8
2268.1,2
2268.4,21
2268.5,17
2268.5,25
2268.5,29
2268.5,32
2268.6,38
2268.8,9
2269.0,36
2269.3,33
2269.6,7
2269.7,15
2270.0,34
2270.1,13
2271.6,12
2272.3,3
2272.8,6
2274.6,22
2274.9,0
2274.9,32
2275.0,23
2275.3,11
2275.9,26
2277.4,30
2277.8,20
2278.5,37
2279.1,35
2279.3,18
2279.7,14
2279.7,21
2279.8,7
2280.3,38
2281.6,33
2282.0,28
2282.2,25
2282.9,27
2283.5,30
2284.4,34
2285.4,9
2286.0,17
2287.4,0
2288.1,6
2288.3,7
2288.4,32
2288.6,20
2288.6,23
2289.0,24
2289.9,29
2289.9,36
2290.7,19
2290.8,37
2291.1,15
2292.8,18
2293.4,22
2293.4,30
2294.1,35
2295.1,38
2295.4,26
2295.5,34
2295.9,4
2295.9,16
2296.4,6
2296.6,1
2296.8,13
2296.9,36
2297.1,11
2297.4,5
2297.5,20
2300.4,0
2301.0,7
2301.0,8
2301.1,33
2301.2,21
2301.2,25
2302.0,15
2302.6,2
2303.1,32
2303.4,30
2303.6,12
2303.8,19
2305.0,14
2305.2,37
2307.2,20
2307.5,22
2307.9,10
2307.9,23
2308.1,38
2308.2,3
2308.4,6
2308.7,35
2308.8,0
2308.8,18
2310.3,17
2310.9,9
2311.1,30
2311.6,34
2312.3,11
2314.0,7
2314.1,27
2314.5,37
2315.5,33
2316.2,29
2316.3,23
2316.3,26
2316.3,36
2316.4,25
2316.7,30
2317.4,0
2318.6,21
2318.9,20
2319.9,39
2320.4,32
2320.9,15
2321.3,38
2321.6,12
2321.7,13
2322.1,4
2322.2,5
2322.3,3
2322.3,14
2322.5,16
2322.5,18
2322.9,2
2323.2,35
2323.9,6
2324.0,34
2324.4,17
2325.7,33
2327.3,22
2327.4,7
2327.8,30
2328.6,19
2329.4,0
2329.4,29
2330.3,20
2330.5,6
2330.9,23
2330.9,32
2331.1,26
2331.1,37
2331.9,25
2333.1,28
2333.2,15
2333.5,21
2334.9,9
2334.9,27
2334.9,36
2336.1,30
2336.6,2
2336.6,13
2337.2,0
2337.4,34
2337.5,18
2337.5,20
2337.5,38
2337.8,35
2337.9,33
2338.1,37
2340.8,1
2341.4,6
2341.8,14
2341.8,16
2342.6,36
2342.9,32
2344.0,19
2344.2,25
2345.7,17
2346.5,12
2346.7,7
2346.7,11
2347.3,30
2347.4,23
2347.6,15
2347.6,34
2347.9,4
2348.3,37
2348.7,13
2350.3,0
2350.4,22
2351.2,38
2352.2,35
2352.4,33
2352.4,39
2352.7,20
2352.8,6
2353.3,28
2353.4,26
2354.6,8
2354.6,27
2354.7,16
2354.7,24
2355.5,32
2355.9,21
2356.1,9
2357.2,30
2357.5,7
2357.8,0
2359.0,29
2359.6,15
2359.7,18
2360.7,10
2361.6,20
2361.6,22
2362.1,14
2362.3,23
2362.6,12
2362.8,37
2363.1,5
2363.3,33
2363.7,34
2363.9,38
2364.1,6
2365.1,30
2365.6,27
2365.8,28
2366.0,2
2366.4,32
2366.5,21
2367.3,7
2367.7,1
2367.9,0
2368.1,25
2368.2,13
2368.6,3
2368.7,4
2369.4,11
2369.5,35
2370.6,36
2371.3,19
2371.6,17
2372.8,8
2373.5,37
2373.8,30
2374.1,18
2374.1,26
2374.4,34
2374.5,23
2374.8,32
2375.0,6
2375.1,20
2375.2,16
2375.3,27
2375.3,5
2375.3,33
2376.1,38
2376.6,15
2377.1,12
2378.2,7
2379.9,0
2380.5,22
2381.7,21
2382.6,39
2382.8,9
2382.9,30
2383.3,35
2383.5,2
2383.7,23
2383.7,25
2383.8,29
2384.2,38
2384.6,32
2386.0,37
2386.3,3
2386.3,6
2386.3,17
2387.2,7
2387.3,36
2387.8,20
2388.2,5
2388.3,30
2388.5,28
2388.6,18
2389.2,11
2391.2,0
2391.3,1
2391.5,10
2391.9,15
2391.9,33
2393.4,34
2393.9,23
2394.2,24
2394.6,14
2394.9,13
2395.3,20
2395.3,22
2395.5,30
2395.5,32
2396.0,3
2396.7,26
2396.8,16
2397.4,37
2397.8,21
2397.9,19
2399.7,27
2400.2,4
2400.8,7
2400.8,18
2400.9,35
2401.0,38
2401.1,36
2402.6,30
2402.7,0
2403.1,25
2404.2,6
2404.8,12
2405.4,15
2406.3,5
2406.6,32
2406.7,33
2407.1,34
2407.5,2
2407.7,20
2407.8,8
2408.4,11
2408.5,23
2408.6,29
2409.1,30
2409.2,22
2410.0,37
2411.0,9
2411.2,26
2411.9,0
2412.8,7
2414.0,13
2414.2,17
2414.2,18
2415.2,1
2415.3,36
2415.7,21
2416.2,38
2416.3,19
2416.4,20
2416.6,6
2417.3,30
2418.7,35
2419.0,3
2419.3,34
2419.4,32
2420.5,23
2420.5,33
2421.4,11
2421.6,4
2421.9,27
2422.0,37
2423.2,0
2423.8,15
2423.9,28
2423.9,8
2424.4,22
2425.4,9
2425.9,7
2426.6,6
2427.1,30
2427.5,20
2427.9,21
2428.8,16
2429.5,25
2430.0,19
2430.2,32
2430.4,29
2430.5,39
2430.6,18
2431.2,38
2433.0,12
2433.4,33
2433.8,26
2433.8,34
2434.4,0
2434.4,11
2434.5,30
2435.0,37
2435.8,3
2435.8,23
2436.0,9
2436.1,2
2436.1,35
2436.6,20
2437.0,1
2438.6,7
2438.8,13
2439.7,36
2439.8,6
2439.8,17
2440.4,27
2440.6,22
2440.7,32
2444.8,21
2444.8,25
2444.9,30
2445.4,33
2445.4,38
2445.4,5
2445.8,0
2445.8,10
2446.0,20
2447.0,14
2447.1,15
2447.4,18
2447.5,26
2448.2,37
2448.5,22
2448.6,7
2448.6,28
2450.8,16
2451.1,4
2451.9,32
2452.4,6
2452.8,30
2453.1,23
2453.8,35
2454.2,8
2454.3,34
2454.4,39
2455.1,20
2455.5,13
2455.8,21
2456.1,12
2456.3,27
2456.8,0
2457.1,25
2457.1,38
2457.2,36
2457.4,29
2457.5,2
2457.9,9
2458.0,17
2458.1,11
2458.4,37
2458.7,7
2460.9,33
2461.4,30
2462.8,18
2463.5,19
2463.7,15
2463.7,22
2463.9,3
2466.2,26
2466.3,7
2466.6,32
2467.5,27
2467.7,0
2467.7,25
2467.7,35
2468.3,23
2468.3,37
2468.6,16
2469.4,6
2469.7,12
2471.0,20
2471.1,30
2471.7,1
2471.8,17
2473.0,28
2473.1,33
2473.2,38
2473.6,9
2473.8,34
2473.9,13
2474.4,5
2475.0,10
2475.1,36
2477.7,15
2477.7,37
2477.9,35
2478.9,21
2479.7,0
2479.7,6
2479.8,22
2480.3,3
2480.3,30
2480.8,20
2481.4,2
2481.8,27
2481.9,11
2482.2,32
2482.4,14
2482.6,18
2483.3,7
2484.2,25
2485.2,29
2486.2,23
2487.6,33
2487.7,1
2487.8,34
2487.9,38
2488.0,30
2488.1,12
2488.3,6
2488.6,8
2489.3,37
2489.4,20
2489.5,0
2491.3,13
2491.4,35
2491.7,5
2492.3,39
2493.1,32
2494.0,7
2494.4,26
2494.8,9
2495.1,21
2495.4,16
2496.0,36
2496.1,23
2496.6,30
2497.1,11
2497.4,4
2497.5,18
2498.1,3
2498.6,15
2498.8,38
2499.0,20
2499.8,0
2501.0,8
2501.0,22
2501.8,33
2501.8,34
2502.3,19
2503.1,17
2503.4,6
2504.6,25
2505.7,12
2505.9,32
2506.6,13
2506.9,7
2507.2,27
2507.3,29
2507.5,20
2507.7,37
2507.9,28
2508.4,23
2508.4,26
2508.4,35
2509.2,30
2509.5,1
2510.8,11
2511.1,36
2511.4,21
2512.1,14
2512.5,0
2512.8,10
2513.7,2
2513.9,22
2514.0,6
2514.5,15
2515.2,18
2515.3,25
2516.1,34
2516.8,30
2516.9,7
2517.8,35
2517.9,38
2519.0,33
2519.4,23
2519.6,32
2520.4,37
2520.6,20
2520.7,0
2521.5,39
2521.7,36
2521.8,9
2521.9,13
2525.6,30
2526.5,18
2526.7,5
2527.3,26
2527.4,27
2527.6,4
2528.0,34
2528.4,3
2529.1,22
2529.1,33
2529.2,15
2529.5,7
2529.7,0
2529.8,6
2529.8,17
2529.9,29
2529.9,37
2530.3,19
2530.6,16
2530.8,21
2531.0,11
2531.2,20
2532.8,30
2533.8,25
2534.2,38
2536.4,32
2536.7,23
2538.3,34
2538.3,35
2538.4,6
2538.9,37
2539.4,36
2540.2,7
2540.4,20
2540.5,18
2540.6,8
2540.9,1
2541.1,0
2541.3,12
2541.5,2
2541.8,30
2543.0,4
2543.6,27
2543.6,33
2545.0,9
2545.1,17
2545.5,10
2546.0,13
2546.3,38
2546.9,32
2547.4,25
2547.4,29
2547.5,21
2547.6,22
2548.1,37
2548.2,6
2548.2,26
2548.3,7
2548.5,15
2548.6,5
2548.9,3
2550.8,30
2551.0,23
2551.7,19
2551.8,20
2552.1,0
2552.4,35
2553.2,34
2553.9,18
2554.4,14
2555.7,3
2555.7,15
2556.5,33
2556.5,36
2556.6,28
2558.2,6
2558.8,37
2559.1,7
2559.3,16
2559.6,30
2559.8,25
2560.6,32
2561.8,2
2561.9,12
2562.0,34
2562.0,38
2562.4,21
2563.5,0
2563.8,26
2564.1,17
2564.5,11
2564.6,4
2564.6,39
2564.9,1
2565.2,20
2565.3,23
2565.5,22
2565.8,30
2566.2,6
2566.9,27
2567.2,9
2568.2,13
2568.9,32
2568.9,33
2569.7,7
2569.8,16
2570.0,5
2570.3,35
2571.4,37
2571.5,36
2572.5,18
2573.2,30
2573.7,15
2575.6,38
2575.8,8
2576.3,34
2577.1,26
2577.6,0
2577.6,20
2577.6,21
2577.8,14
2578.4,6
2578.9,19
2579.0,30
2579.3,35
2579.6,33
2580.1,22
2581.1,27
2581.6,7
2583.4,23
2583.9,37
2585.1,4
2585.1,32
2585.7,0
2586.2,25
2586.2,29
2586.5,12
2586.9,3
2586.9,11
2587.0,34
2587.2,6
2587.5,20
2587.5,36
2587.6,18
2588.2,13
2588.6,2
2589.8,30
2590.1,38
2590.8,15
2591.7,7
2591.8,21
2592.7,35
2592.9,9
2594.1,37
2594.2,1
2595.7,33
2596.6,29
2596.9,30
2597.0,0
2597.1,22
2598.0,17
2598.2,27
2598.4,5
2598.8,6
2598.8,10
2599.7,23
2599.7,39
2600.1,8
2600.6,34
2600.6,36
2600.7,19
2600.7,20
2600.9,32
2601.9,37
2603.3,7
2603.3,30
2604.8,38
2605.3,13
2605.5,35
2605.8,25
2605.9,0
2605.9,18
2606.8,21
2607.4,6
2607.9,28
2608.0,22
2608.1,3
2610.8,15
2611.0,19
2611.6,33
2612.0,30
2612.2,14
2612.3,27
2612.5,17
2612.5,20
2612.6,2
2612.6,32
2612.9,23
2613.1,37
2614.0,9
2615.4,16
2616.0,34
2616.3,21
2616.4,0
2616.6,7
2618.0,36
2618.1,11
2619.1,3
2620.2,30
2620.2,38
2620.4,35
2620.7,4
2621.3,18
2621.3,1
2621.3,32
2622.5,5
2622.6,6
2623.3,20
2624.4,13
2624.4,37
2625.0,10
2625.0,23
2625.0,26
2625.1,7
2625.2,15
2625.3,25
2625.5,9
2625.8,30
2626.5,17
2627.0,0
2627.4,33
2628.0,2
2628.0,39
2630.2,29
2630.4,36
2630.9,35
2631.2,34
2631.4,21
2631.7,18
2631.7,38
2632.0,19
2632.4,6
2633.8,11
2633.8,15
2634.3,22
2635.0,20
2635.2,0
2635.3,30
2635.8,27
2636.1,25
2636.3,23
2636.7,14
2637.3,37
2637.9,32
2638.4,7
2639.0,26
2639.5,12
2641.5,13
2641.6,33
2641.8,16
2642.0,6
2642.1,18
2643.1,4
2643.4,5
2643.8,0
2645.0,37
2645.1,30
2645.4,36
2645.6,21
2645.7,1
2646.6,20
2647.7,38
2648.6,19
2648.6,23
2649.1,22
2649.3,7
2649.7,28
2650.2,9
2650.4,34
2650.9,27
2651.1,3
2651.1,15
2651.4,21
2651.6,32
2651.7,33
2651.8,25
2652.2,8
2652.3,30
2652.3,35
2652.4,0
2652.5,11
2652.6,6
2652.9,16
2654.8,26
2656.2,37
2656.6,2
2656.8,20
2657.5,15
2658.3,30
2659.1,38
2659.4,13
2660.4,18
2660.9,23
2661.6,17
2662.7,36
2663.0,8
2663.0,35
2663.2,6
2664.4,32
2664.5,7
2665.2,0
2665.4,37
2665.5,33
2665.8,30
2666.0,22
2666.3,12
2666.9,4
2666.9,21
2668.3,1
2668.5,15
2668.5,34
2668.9,3
2669.1,20
2669.4,38
2669.9,29
2670.1,9
2670.7,23
2670.7,27
2670.8,19
2670.8,39
2671.8,25
2672.3,18
2675.0,30
2675.9,0
2676.1,7
2676.1,21
2676.4,26
2676.6,6
2676.9,2
2676.9,10
2677.0,11
2678.0,13
2678.3,36
2678.4,32
2678.4,37
2678.5,14
2679.5,33
2680.3,35
2680.8,23
2682.5,20
2683.2,38
2684.5,34
2685.2,12
2685.2,25
2685.2,27
2685.3,17
2685.6,0
2685.7,30
2685.7,36
2686.1,29
2686.5,28
2686.8,19
2687.1,15
2687.5,16
2688.4,9
2688.8,6
2688.9,18
2689.0,5
2690.4,3
2690.4,22
2690.4,37
2690.6,35
2690.9,32
2691.2,11
2691.8,33
2692.0,30
2692.1,14
2692.1,20
2693.2,0
2696.5,21
2696.8,23
2697.4,7
2697.6,27
2697.7,13
2698.1,1
2698.2,6
2698.8,37
2698.9,4
2699.9,30
2701.4,17
2701.4,25
2702.0,16
2702.1,0
2702.9,38
2703.3,36
2703.5,20
2703.8,33
2704.5,8
2705.1,15
2705.4,34
2705.7,11
2706.3,6
2706.3,19
2706.8,32
2707.4,2
2707.6,37
2707.6,3
2707.8,30
2708.0,26
2708.2,22
2708.6,10
2708.8,14
2709.1,7
2710.4,0
2711.1,18
2711.2,23
2712.0,29
2712.9,21
2713.1,35
2714.2,38
2714.3,34
2715.0,9
2715.4,30
2715.9,12
2716.0,1
2716.8,22
2717.2,4
2717.2,13
2717.2,27
2717.9,20
2718.7,0
2718.7,37
2720.4,17
2720.6,32
2720.9,5
2721.5,16
2722.0,6
2722.6,30
2722.7,36
2723.2,25
2724.1,21
2725.5,23
2725.5,33
2725.8,18
2726.2,7
2726.4,19
2727.2,35
2727.4,26
2727.4,38
2728.6,15
2728.7,37
2729.1,30
2729.2,34
2730.0,20
2730.3,0
2730.3,22
2730.8,11
2730.9,39
2731.3,8
2731.6,2
2732.2,9
2732.3,6
2733.1,3
2735.0,27
2735.6,12
2735.6,13
2735.6,29
2735.8,17
2735.8,32
2736.1,7
2736.6,21
2736.6,14
2736.6,30
2737.3,23
2737.5,33
2737.7,25
2737.8,36
2738.3,37
2738.6,4
2739.0,28
2739.2,8
2739.4,38
2739.5,0
2740.2,18
2740.4,35
2741.9,15
2742.0,24
2742.1,20
2743.3,22
2744.0,6
2744.2,34
2744.4,30
2744.8,7
2745.7,32
2746.1,23
2746.2,19
2746.7,2
2747.0,16
2747.7,0
2747.7,33
2748.2,1
2748.9,18
2749.4,38
2749.5,5
2750.1,9
2750.9,20
2750.9,30
2750.9,37
2751.6,21
2752.2,26
2752.6,27
2753.2,11
2753.2,35
2753.3,25
2754.0,36
2754.5,15
2755.5,7
2755.8,3
2755.9,6
2756.1,23
2758.5,30
2759.8,4
2759.9,33
2760.3,37
2760.6,0
2761.0,12
2761.3,32
2761.4,20
2761.4,39
2762.0,17
2762.5,8
2762.8,34
2763.0,14
2763.1,29
2763.9,18
2764.6,21
2766.0,13
2766.2,38
2766.5,6
2767.1,35
2767.2,1
2767.3,9
2768.0,2
2768.1,22
2768.3,30
2768.6,7
2769.3,27
2769.4,11
2769.5,37
2769.6,19
2769.6,23
2769.7,33
2770.1,26
2770.7,20
2770.9,0
2771.5,32
2771.6,16
2773.9,30
2775.1,12
2775.4,36
2776.4,3
2776.5,15
2777.1,21
2777.5,37
2777.7,17
2778.0,0
2778.3,34
2778.5,35
2779.8,18
2780.2,7
2780.8,25
2781.0,28
2781.1,26
2781.1,29
2781.2,6
2781.2,38
2781.4,30
2782.2,1
2782.2,5
2782.3,33
2782.7,22
2782.8,23
2782.9,13
2783.8,32
2784.3,11
2785.7,20
2786.5,0
2787.9,9
2788.1,14
2788.4,37
2788.4,15
2789.2,30
2789.4,27
2789.7,8
2789.8,21
2790.6,4
2792.1,10
2792.2,7
2792.3,33
2792.4,17
2792.7,18
2792.8,38
2793.0,3
2793.7,32
2794.0,11
2794.7,34
2795.3,6
2796.0,23
2796.3,25
2797.2,0
2797.2,19
2797.8,20
2798.0,2
2798.4,35
2800.2,30
2800.2,37
2800.5,22
2800.6,1
2801.1,36
2801.4,39
2801.5,12
2801.6,16
2801.7,26
2801.8,13
2803.8,7
2805.7,32
2805.9,0
2805.9,6
2806.3,18
2806.3,29
2806.6,34
2807.5,21
2807.9,33
2808.5,19
2808.5,30
2808.6,14
2808.6,23
2810.4,9
2810.6,4
2812.0,20
2812.6,36
2812.7,37
2813.6,38
2814.3,32
2815.1,35
2815.6,0
2815.7,27
2815.9,5
2815.9,29
2815.9,30
2816.2,1
2816.5,14
2816.6,18
2816.6,23
2816.6,39
2816.9,3
2817.0,22
2817.0,25
2817.0,33
2817.1,13
2817.2,6
2817.2,15
2817.2,17
2817.4,11
2818.1,7
2820.8,2
2821.4,20
2822.7,21
2822.9,9
2823.8,38
2824.1,12
2824.1,34
2824.5,30
2824.6,16
2824.6,37
2825.4,32
2825.7,15
2825.8,7
2826.2,0
2826.4,3
2826.5,18
2827.0,19
2828.1,8
2828.1,33
2828.8,36
2829.5,22
2829.8,6
2829.8,10
2830.4,23
2831.9,35
2832.1,20
2832.2,26
2832.2,38
2833.1,29
2833.5,30
2834.1,1
2834.4,7
2834.5,27
2834.6,37
2836.9,17
2837.6,25
2837.8,33
2838.0,15
2838.0,32
2838.3,14
2839.5,18
2839.6,0
2839.7,30
2840.1,34
2840.2,36
2840.5,4
2841.0,21
2841.5,11
2841.5,20
2841.8,5
2841.8,38
2842.4,9
2842.5,6
2842.9,2
2845.6,7
2845.8,13
2846.3,3
2846.3,16
2846.7,30
2846.9,26
2847.2,22
2847.3,12
2847.5,35
2847.6,23
2847.7,19
2847.8,20
2848.0,37
2849.0,0
2849.2,25
2851.2,9
2851.6,32
2852.2,18
2852.3,6
2853.7,33
2854.3,27
2854.4,15
2854.5,21
2854.7,1
2855.0,39
2855.3,38
2856.2,37
2856.5,0
2856.5,30
2856.5,34
2856.6,36
2857.2,25
2857.7,7
2860.1,11
2860.2,35
2860.5,12
2861.0,17
2861.1,20
2861.4,4
2861.4,18
2861.4,2
2861.4,3
2862.3,28
2862.4,0
2862.5,16
2862.5,22
2862.7,32
2862.8,14
2863.1,10
2863.7,23
2863.9,24
2864.1,29
2864.5,6
2864.6,9
2864.6,30
2865.9,26
2868.1,13
2868.1,34
2869.1,38
2869.2,37
2869.4,20
2869.5,7
2869.6,36
2869.9,15
2870.9,33
2871.7,21
2872.3,25
2872.4,19
2872.5,30
2873.3,27
2873.6,22
2873.9,2
2874.6,35
2875.1,0
2875.3,37
2875.6,7
2876.1,18
2876.1,34
2876.3,6
2876.7,3
2876.7,23
2876.8,12
2877.7,20
2879.8,5
2880.1,15
2880.5,32
2880.6,17
2881.3,8
2881.4,36
2882.1,16
2882.3,11
2882.9,30
2883.2,9
2884.5,4
2885.5,38
2885.6,33
2885.6,34
2886.2,13
2886.5,0
2886.6,10
2886.7,1
2887.1,2
2887.1,37
2887.2,26
2887.3,22
2887.8,25
2887.8,29
2888.4,7
2888.5,18
2888.6,30
2891.6,21
2892.0,39
2892.8,27
2892.9,14
2893.1,32
2893.3,20
2893.4,23
2894.1,11
2894.8,6
2894.8,35
2895.3,0
2895.6,25
2895.7,7
2895.7,12
2895.7,15
2896.6,1
2896.8,30
2897.2,37
2897.3,19
2897.7,17
2898.9,22
2900.0,33
2901.1,6
2901.7,20
2902.4,3
2902.4,38
2903.2,13
2903.3,0
2904.4,34
2904.5,30
2904.6,32
2904.8,7
2906.8,21
2906.9,37
2907.2,5
2907.2,9
2907.7,23
2907.9,36
2908.6,11
2908.6,29
2908.7,1
2908.7,12
2908.7,24
2909.1,20
2909.3,8
2909.3,18
2909.9,26
2910.1,15
2910.1,19
2910.3,0
2912.8,4
2914.2,30
2914.6,25
2915.4,35
2915.8,32
2916.0,17
2917.1,2
2917.2,3
2917.8,34
2918.0,39
2918.4,33
2918.7,13
2918.7,22
2918.8,7
2918.9,10
2918.9,28
2919.2,6
2919.5,37
2919.5,21
2919.7,16
2920.2,30
2920.4,20
2920.7,15
2921.0,35
2921.4,38
2923.3,0
2923.6,19
2924.8,23
2925.0,4
2926.2,18
2926.3,32
2927.4,6
2928.0,20
2928.3,7
2928.4,9
2928.8,37
2929.0,5
2929.4,30
2929.6,36
2929.7,33
2930.0,0
2930.0,15
2930.9,26
2930.9,27
2931.2,13
2931.7,12
2932.4,14
2932.6,11
2932.9,21
2934.1,1
2935.1,29
2935.1,34
2935.5,30
2935.6,25
2935.7,7
2936.0,38
2938.0,20
2938.4,17
2938.6,35
2939.9,32
2940.2,3
2941.0,6
2941.0,19
2941.5,23
2941.9,18
2941.9,22
2942.2,27
2942.9,9
2943.8,37
2943.9,10
2944.1,0
2944.2,36
2944.3,34
2944.7,2
2945.0,24
2945.0,30
2945.2,16
2945.2,21
2946.8,13
2946.9,33
2948.0,15
2948.2,26
2948.6,7
2949.8,6
2950.7,25
2950.8,20
2952.4,0
2953.3,38
2953.7,23
2954.6,22
2955.0,35
2955.3,4
2955.3,8
2955.3,12
2955.4,32
2955.8,14
2955.9,30
2956.1,18
2956.1,37
2956.3,5
2958.1,33
2958.7,6
2959.4,11
2959.5,9
2960.8,17
2961.0,7
2961.4,20
2961.4,27
2962.5,19
2962.6,21
2962.9,0
2963.2,34
2963.3,36
2963.9,10
2964.0,3
2964.0,18
2964.3,30
2964.5,2
2964.7,32
2965.1,12
2965.2,15
2966.7,25
2966.8,23
2967.5,37
2967.6,29
2968.3,38
2968.5,33
2969.2,11
2969.6,35
2970.0,6
2971.9,20
2972.0,7
2972.6,30
2972.8,0
2972.8,22
2973.2,18
2976.1,34
2976.3,27
2976.4,16
2976.9,1
2977.0,37
2977.4,9
2978.1,4
2978.3,14
2978.6,13
2978.8,30
2978.8,36
2979.2,26
2979.3,17
2979.9,32
2980.0,29
2980.2,6
2980.6,15
2981.3,23
2982.7,20
2983.3,3
2983.8,0
2984.7,7
2985.5,18
2985.5,35
2986.4,21
2986.4,38
2987.0,19
2987.2,11
2987.2,33
2987.8,37
2988.0,30
2988.1,25
2989.0,34
2990.2,12
2990.7,0
2991.5,23
2991.6,6
2993.0,8
2993.1,22
2993.6,20
2993.9,27
2994.2,28
2994.5,32
2994.7,13
2995.0,26
2995.1,7
2995.2,4
2995.7,37
2995.9,14
2996.3,33
2996.5,30
2996.6,36
2997.1,9
2998.3,2
2998.5,34
3000.5,16
3001.1,0
3002.3,35
3002.4,23
3002.9,29
3003.0,10
3003.0,38
3003.2,32
3003.4,39
3003.7,15
3003.8,21
3004.4,13
3004.7,25
3005.2,1
3005.2,30
3005.4,6
3006.0,18
3006.0,20
3006.4,19
3006.6,3
3008.3,17
3008.4,7
3009.2,37
3009.4,5
3009.7,36
3010.2,34
3010.3,22
3010.9,33
3011.5,0
3011.9,30
3013.3,16
3014.2,23
3014.6,27
3014.8,21
3014.9,29
3015.2,35
3015.4,26
3015.5,4
3015.5,13
3016.0,32
3016.3,6
3018.2,11
3018.4,0
3018.4,12
3018.6,30
3019.5,18
3019.5,37
3021.8,9
3021.9,20
3022.1,15
3022.1,38
3023.2,8
3023.3,34
3024.7,2
3024.7,14
3024.9,25
3025.6,33
3025.9,7
3026.1,21
3027.2,30
3027.2,32
3027.2,36
3027.3,17
3028.8,23
3029.6,19
3030.3,37
3030.4,35
3030.6,13
3030.8,20
3031.7,6
3032.3,18
3032.5,3
3032.6,38
3032.9,27
3033.1,0
3033.7,10
3033.8,25
3034.1,7
3034.8,26
3036.2,22
3036.5,34
3036.6,30
3036.7,21
3036.9,39
3037.5,5
3038.1,35
3038.4,29
3039.3,11
3040.3,37
3040.9,32
3041.9,20
3042.2,1
3043.2,16
3043.5,0
3043.5,33
3043.8,7
3044.3,38
3044.5,9
3044.5,15
3044.7,30
3044.8,4
3044.9,34
3045.1,27
3045.2,6
3045.4,18
3045.6,36
3045.7,23
3046.0,14
3046.2,3
3050.0,37
3050.3,12
3050.6,21
3050.6,35
3051.3,20
3051.8,19
3052.1,2
3052.5,22
3053.0,30
3053.3,7
3053.5,6
3053.8,17
3054.2,26
3055.0,13
3057.4,0
3058.6,10
3058.6,18
3058.8,32
3059.4,34
3059.6,33
3059.8,36
3060.1,27
3060.6,20
3060.6,25
3060.8,15
3063.4,21
3063.4,30
3064.8,37
3065.1,11
3065.1,38
3065.6,8
3065.7,5
3066.0,14
3066.0,22
3066.3,23
3066.6,28
3066.8,35
3066.9,6
3066.9,19
3068.0,33
3068.1,7
3068.2,30
3068.6,20
3068.6,29
3069.1,0
3072.4,1
3072.4,9
3072.7,2
3072.7,34
3072.8,4
3073.3,37
3074.5,18
3074.8,26
3075.5,32
3075.7,13
3076.5,16
3076.8,39
3076.9,15
3077.5,36
3077.6,21
3079.0,6
3079.0,25
3079.1,12
3079.6,20
3079.6,22
3079.7,29
3079.7,35
3079.8,38
3079.9,3
3079.9,30
3080.0,0
3080.2,23
3080.4,27
3081.7,7
3083.2,33
3084.0,37
3084.3,10
3086.5,9
3086.6,15
3086.8,34
3087.0,32
3087.2,27
3087.5,30
3087.8,18
3088.2,11
3088.3,36
3088.7,2
3089.9,0
3090.0,6
3092.0,17
3093.7,7
3094.0,30
3094.3,8
3094.4,20
3094.4,23
3094.5,37
3094.6,33
3095.1,19
3095.2,21
3095.7,13
3096.0,35
3096.5,3
3096.5,22
3096.6,38
3097.1,5
3098.9,0
3099.4,14
3100.3,12
3100.4,27
3100.7,1
3101.5,15
3101.9,6
3102.2,28
3102.4,34
3102.4,16
3102.7,32
3104.6,30
3105.6,35
3106.1,20
3106.2,7
3106.3,9
3106.6,19
3106.9,21
3107.4,0
3107.4,25
3107.6,36
3107.9,18
3108.1,26
3111.3,8
3111.4,11
3111.4,37
3111.7,13
3112.7,34
3112.8,4
3112.8,30
3113.0,23
3113.3,22
3113.3,33
3113.4,10
3113.5,0
3113.6,2
3114.8,1
3115.1,20
3115.2,38
3115.4,7
3116.2,6
3116.4,32
3118.0,3
3118.2,21
3120.0,18
3120.1,24
3120.1,30
3120.2,37
3120.4,15
3120.6,34
3120.7,14
3120.9,27
3121.3,23
3121.6,26
3121.8,17
3122.0,36
3122.1,29
3122.5,0
3122.7,7
3122.9,5
3123.1,20
3123.5,11
3125.1,39
3126.5,35
3126.8,25
3129.3,30
3129.7,6
3129.8,9
3129.8,29
3130.0,38
3130.2,0
3130.3,13
3130.7,33
3130.9,32
3131.0,23
3131.9,1
3132.4,20
3133.2,2
3133.5,18
3134.8,22
3135.1,28
3135.7,16
3135.7,21
3136.1,36
3136.5,7
3136.5,26
3137.1,25
3137.1,27
3137.5,35
3137.7,12
3137.7,34
3138.6,37
3138.8,3
3138.8,15
3139.0,38
3139.3,20
3139.6,0
3139.8,4
3139.8,19
3140.2,30
3142.6,23
3143.0,6
3143.4,17
3144.1,32
3145.5,33
3146.1,11
3146.6,30
3148.2,1
3148.6,34
3150.3,8
3150.4,7
3150.5,20
3150.8,22
3151.2,21
3151.4,0
3151.5,37
3151.7,5
3151.8,25
3151.9,35
3152.3,9
3152.4,13
3152.4,18
3152.6,6
3152.7,14
3152.9,3
3153.0,30
3153.1,27
3153.1,36
3153.2,26
3153.8,33
3155.6,38
3158.7,29
3159.5,10
3159.7,30
3159.8,16
3160.0,12
3160.0,23
3160.1,34
3160.3,17
3160.9,19
3161.0,24
3161.2,20
3161.4,0
3161.6,3
3161.6,36
3161.9,13
3161.9,26
3162.0,15
3163.6,32
3163.7,18
3164.7,37
3166.2,35
3166.3,7
3166.9,6
3167.4,33
3167.8,4
3168.1,38
3168.3,30
3168.5,21
3168.6,11
3168.6,27
3169.0,22
3170.0,2
3170.0,5
3170.0,20
3170.4,34
3170.8,0
3172.9,14
3173.0,23
3173.0,37
3173.9,39
3173.9,9
3173.9,19
3174.5,18
3175.9,32
3176.2,30
3176.6,25
3176.8,36
3177.0,33
3177.1,1
3177.1,7
3177.1,29
3177.6,17
3177.9,8
3178.6,26
3179.1,15
3179.2,6
3179.6,13
3179.6,20
3180.2,27
3180.5,34
3181.4,3
3181.5,21
3181.9,38
3182.0,12
3182.6,37
3183.2,0
3184.1,30
3184.8,9
3185.9,10
3186.1,11
3187.2,20
3187.3,35
3187.5,6
3188.6,32
3188.7,7
3189.6,16
3189.6,30
3191.5,33
3192.0,23
3192.0,38
3192.6,4
3192.6,18
3192.9,34
3193.4,25
3193.7,37
3194.1,0
3194.6,22
3195.6,6
3197.7,30
3197.8,29
3198.5,19
3199.1,7
3199.4,21
3199.5,11
3199.6,12
3200.0,2
3200.2,5
3200.3,20
3201.3,15
3201.5,17
3201.5,37
3202.3,13
3202.7,3
3203.3,8
3203.3,32
3203.4,34
3203.6,24
3203.6,35
3204.7,36
3204.9,0
3205.4,38
3206.3,26
3206.6,9
3207.0,30
3207.5,18
3207.9,23
3209.0,6
3209.1,33
3209.4,27
3209.5,14
3210.1,20
3210.5,7
3211.0,22
3211.5,13
3212.7,25
3212.8,30
3213.4,5
3213.5,21
3214.6,32
3214.6,10
3215.2,1
3216.6,0
3216.6,34
3217.3,38
3218.1,37
3219.0,11
3219.0,15
3219.0,19
3219.4,6
3219.6,7
3219.7,18
3220.1,36
3220.5,23
3220.7,35
3221.2,29
3221.3,12
3221.9,16
3222.1,17
3222.1,20
3222.8,33
3224.1,30
3226.7,38
3226.8,3
3227.0,9
3227.8,27
3228.3,0
3228.4,21
3229.0,32
3229.0,39
3229.1,2
3231.1,19
3231.2,7
3231.2,20
3231.3,6
3231.3,8
3232.2,34
3232.3,37
3232.6,22
3232.9,30
3232.9,4
3233.5,13
3233.5,23
3234.4,11
3235.3,14
3236.6,33
3236.7,35
3239.0,18
3239.0,26
3239.0,32
3239.5,15
3239.6,21
3240.0,0
3240.0,28
3240.5,25
3240.7,24
3240.8,36
3241.4,20
3242.0,30
3242.5,6
3242.7,1
3243.4,37
3244.7,38
3244.8,33
3245.0,7
3246.3,34
3247.0,17
3247.1,16
3249.4,27
3249.4,30
3250.3,0
3251.0,23
3251.2,19
3251.8,32
3252.0,29
3252.0,37
3252.1,6
3252.1,9
3252.4,18
3253.7,11
3253.9,3
3253.9,5
3254.0,20
3254.2,15
3254.2,21
3254.2,39
3254.6,22
3255.2,12
3255.4,4
3256.6,30
3257.6,25
3258.5,7
3258.5,38
3260.1,17
3260.2,35
3260.3,34
3260.9,26
3261.1,13
3261.3,36
3261.4,10
3261.6,1
3261.6,2
3261.9,23
3262.2,33
3262.5,14
3263.1,0
3263.2,37
3264.0,32
3264.3,20
3265.2,18
3265.8,9
3265.8,22
3266.5,30
3266.8,27
3267.4,6
3267.6,28
3270.8,7
3271.0,0
3271.0,38
3271.2,15
3271.2,25
3271.5,21
3272.1,16
3272.2,19
3272.4,4
3272.6,11
3272.9,30
3274.5,29
3275.0,13
3276.1,34
3276.5,20
3276.5,37
3276.6,33
3276.6,8
3277.0,36
3277.1,5
3279.3,26
3280.8,23
3280.8,30
3280.9,9
3280.9,22
3281.1,6
3281.2,7
3281.4,3
3281.6,24
3281.7,32
3282.0,10
3282.0,39
3282.2,0
3282.9,35
3283.1,18
3283.2,2
3283.5,21
3285.0,20
3286.1,12
3286.1,19
3286.1,37
3286.4,33
3287.2,38
3287.6,1
3287.9,15
3289.0,30
3289.1,36
3289.6,8
3289.7,17
3290.6,0
3290.9,6
3290.9,34
3291.3,7
3294.0,23
3294.2,19
3294.4,26
3294.4,32
3295.2,25
3295.7,3
3295.8,21
3295.8,27
3296.1,5
3296.2,20
3296.3,4
3296.5,16
3296.7,18
3297.2,30
3297.4,37
3298.0,29
3298.3,11
3298.9,35
3299.0,6
3299.0,22
3299.7,33
3300.3,0
3302.3,34
3302.4,38
3302.5,14
3302.5,13
3302.9,9
3303.6,30
3303.9,2
3304.5,23
3305.2,32
3305.4,7
3306.1,21
3306.6,22
3307.1,15
3307.2,20
3307.8,18
3309.0,37
3309.2,0
3309.2,17
3310.5,25
3310.9,30
3311.2,36
3311.3,28
3311.6,11
3312.2,6
3312.5,26
3315.3,4
3315.9,35
3316.7,12
3316.7,27
3316.8,13
3317.0,38
3317.3,15
3317.3,19
3317.6,5
3317.6,30
3317.9,21
3318.4,33
3318.5,37
3318.7,20
3320.0,0
3320.7,18
3321.0,7
3321.0,9
3321.9,34
3322.0,3
3322.3,23
3322.6,32
3322.9,25
3323.7,22
3324.1,16
3324.5,10
3324.5,30
3326.6,2
3327.6,14
3328.2,21
3328.4,27
3328.4,38
3328.4,29
3329.3,6
3329.3,20
3329.4,36
3329.7,7
3329.9,26
3330.2,0
3330.3,33
3331.0,15
3331.0,32
3332.1,37
3332.3,1
3332.3,8
3332.7,4
3333.1,35
3333.5,5
3335.0,30
3335.4,23
3336.3,9
3336.4,11
3336.5,34
3337.6,17
3338.7,18
3338.9,6
3339.8,25
3340.8,13
3341.4,2
3341.5,32
3341.8,0
3342.0,12
3342.0,38
3342.1,20
3342.5,7
3342.5,27
3342.7,28
3342.9,22
3343.2,30
3343.5,14
3343.5,33
3343.5,37
3345.5,19
3347.7,18
3348.3,35
3348.8,36
3349.0,15
3350.1,6
3350.1,21
3350.2,23
3350.4,16
3350.5,7
3350.5,26
3351.1,1
3351.7,20
3351.9,30
3352.8,32
3353.4,10
3353.7,0
3354.6,34
3354.9,38
3355.4,37
3355.5,33
3355.6,13
3355.8,3
3355.8,11
3355.9,29
3356.1,4
3356.1,39
3357.1,5
3357.1,19
3357.5,23
3357.6,17
3357.7,36
3359.0,30
3360.1,18
3360.5,2
3361.5,20
3361.6,0
3361.6,27
3361.8,21
3362.0,22
3362.2,26
3362.3,9
3362.5,28
3362.6,6
3362.7,35
3363.7,34
3364.4,7
3365.0,37
3366.7,30
3367.3,33
3367.6,25
3367.8,3
3368.1,1
3368.6,32
3369.1,16
3369.3,12
3370.4,35
3370.9,38
3371.3,8
3371.7,34
3372.1,13
3373.1,15
3373.2,20
3373.6,0
3374.3,21
3374.3,22
3374.3,23
3374.8,37
3375.5,7
3375.6,18
3376.0,30
3378.2,5
3378.2,6
3378.6,25
3379.0,32
3379.2,17
3380.3,9
3381.3,27
3381.5,2
3382.0,29
3382.0,33
3382.2,14
3382.7,38
3382.9,26
3383.7,18
3383.8,23
3383.9,0
3385.1,36
3385.4,30
3385.6,19
3385.9,35
3385.9,37
3386.0,25
3386.1,34
3386.3,7
3386.4,20
3386.7,3
3386.7,21
3386.7,39
3386.8,8
3387.2,24
3387.5,12
3388.1,10
3389.0,6
3389.4,16
3390.1,11
3390.9,13
3390.9,22
3390.9,33
3392.3,15
3394.8,20
3395.0,0
3395.4,38
3395.7,23
3396.1,30
3396.3,32
3397.4,4
3397.6,7
3398.1,34
3399.7,6
3400.9,21
3401.1,29
3401.3,37
3401.4,1
3401.4,19
3401.5,18
3401.5,36
3401.6,35
3401.8,2
3401.8,9
3401.8,25
3402.7,0
3403.0,27
3403.4,30
3404.2,33
3404.9,20
3405.1,22
3405.3,5
3406.0,32
3406.9,23
3407.0,13
3408.1,3
3410.0,11
3410.1,15
3410.7,8
3410.7,34
3411.1,14
3411.6,12
3411.7,26
3411.8,7
3412.9,17
3412.9,25
3412.9,30
3413.1,35
3413.2,0
3413.2,4
3413.5,6
3413.5,21
3414.3,27
3414.8,18
3415.5,38
3416.3,37
3416.4,20
3417.2,32
3417.6,33
3420.0,29
3420.1,34
3421.0,16
3422.1,30
3422.4,0
3422.4,26
3422.7,19
3422.9,36
3423.6,25
3424.2,2
3424.3,13
3424.9,21
3425.2,37
3425.3,7
3425.7,38
3426.2,33
3426.4,3
3426.6,5
3427.3,23
3427.4,20
3427.5,6
3428.2,9
3428.6,18
3428.7,11
3428.8,22
3428.9,12
3429.9,17
3431.4,32
3431.5,30
3431.6,35
3432.8,1
3432.8,15
3432.8,28
3433.4,27
3433.5,14
3434.5,0
3435.0,33
3435.6,34
3435.7,39
3438.0,7
3438.1,37
3438.4,20
3439.7,30
3441.2,16
3441.6,13
3442.0,38
3442.6,6
3443.2,18
3443.3,19
3444.2,34
3444.6,4
3444.8,7
3444.8,21
3445.2,5
3446.0,23
3446.1,15
3446.2,35
3446.8,0
3446.9,37
3447.2,30
3447.2,32
3447.5,33
3447.7,36
3448.2,25
3448.3,9
3448.8,12
3449.7,20
3450.1,26
3450.4,22
3451.0,24
3451.8,34
3452.7,11
3452.7,17
3452.8,18
3452.9,0
3453.0,2
3453.3,23
3453.4,6
3453.8,27
3454.2,30
3454.6,38
3454.7,7
3454.8,3
3456.7,29
3458.1,14
3458.9,21
3459.1,15
3459.1,32
3459.4,4
3459.5,37
3460.6,20
3461.3,25
3463.2,23
3463.3,30
3464.1,0
3464.3,6
3465.2,19
3465.5,10
3465.6,35
3466.2,39
3466.6,37
3467.6,22
3468.1,7
3468.5,33
3468.7,18
3468.9,38
3469.0,13
3469.0,36
3469.3,4
3470.1,34
3470.2,1
3470.2,15
3470.2,20
3470.4,21
3471.5,27
3471.7,30
3472.2,9
3473.1,0
3473.4,6
3473.7,32
3474.3,3
3474.5,8
3475.0,17
3475.8,12
3476.4,5
3476.7,11
3476.9,29
3477.2,22
3479.2,30
3479.9,26
3480.0,35
3480.8,23
3481.5,20
3481.5,33
3481.7,25
3482.0,7
3482.9,16
3482.9,19
3483.0,2
3483.6,36
3483.8,28
3484.2,10
3484.3,37
3484.6,14
3485.3,32
3485.5,18
3485.6,5
3485.6,21
3485.7,15
3486.1,13
3486.2,0
3486.3,6
3486.3,30
3487.3,34
3490.3,9
3490.5,27
3491.5,26
3491.7,11
3493.0,20
3493.2,38
3494.1,22
3494.2,4
3494.2,23
3494.6,7
3494.9,35
3495.0,0
3495.1,18
3496.3,37
3496.5,6
3496.5,17
3496.5,29
3496.9,25
3497.4,32
3497.5,30
3497.5,36
3498.4,33
3499.3,34
3500.5,12
3501.4,3
3501.5,2
3501.5,19
3501.9,5
3502.5,30
3503.3,23
3503.7,7
3504.3,22
3504.5,16
3504.7,6
3504.7,39
3505.0,14
3505.5,15
3505.8,32
3506.1,13
3506.4,20
3506.8,37
3507.4,21
3507.6,26
3507.9,0
3508.4,18
3508.9,38
3510.0,28
3510.6,2
3511.0,1
3511.4,25
3512.0,27
3512.2,35
3512.6,30
3514.4,33
3515.2,4
3515.9,12
3516.1,37
3517.4,0
3517.6,11
3517.8,9
3517.9,7
3518.2,34
3518.3,36
3518.8,6
3518.8,30
3519.0,25
3519.1,20
3519.5,13
3519.6,10
3520.2,17
3520.6,23
3520.8,18
3521.1,15
3522.7,22
3523.5,21
3523.6,29
3524.1,32
3524.1,33
3525.8,37
3526.3,26
3526.3,28
3526.5,27
3526.7,8
3527.2,38
3527.4,6
3527.6,19
3527.9,35
3528.1,14
3528.3,15
3528.3,30
3529.1,0
3529.1,7
3529.1,34
3530.2,20
3531.7,3
3534.4,2
3534.6,18
3534.8,5
3535.4,36
3535.9,12
3536.1,23
3536.3,30
3536.4,32
3536.9,4
3536.9,9
3536.9,21
3537.0,0
3537.0,33
3537.7,11
3538.5,37
3538.9,1
3539.3,7
3539.5,35
3541.6,26
3542.0,20
3542.1,6
3542.2,27
3542.4,13
3542.7,25
3544.0,34
3544.6,15
3545.3,22
3545.5,16
3545.9,19
3545.9,30
3546.7,18
3547.7,38
3547.8,7
3548.9,0
3548.9,17
3549.6,33
3550.1,28
3550.2,23
3550.3,10
3551.1,35
3551.3,32
3551.6,30
3551.7,25
3551.8,3
3551.8,37
3551.9,39
3552.7,20
3552.7,21
3554.0,34
3554.0,15
3554.6,12
3554.8,22
3556.6,36
3556.9,0
3556.9,1
3557.1,26
3557.3,6
3559.1,5
3560.3,18
3560.5,16
3560.7,4
3561.3,30
3561.5,14
3561.6,37
3562.5,7
3562.6,11
3562.7,27
3563.3,9
3563.3,33
3563.5,38
3563.8,20
3564.5,21
3564.7,25
3564.9,15
3565.0,23
3565.1,32
3565.5,35
3566.6,0
3567.0,30
3569.4,13
3569.4,20
3569.8,7
3569.8,34
3570.1,17
3570.2,2
3571.0,6
3572.4,29
3573.1,22
3573.9,19
3574.5,18
3574.6,8
3574.7,0
3574.9,36
3575.8,5
3576.0,30
3576.9,37
3577.1,24
3578.1,21
3578.1,23
3578.9,26
3579.2,6
3579.5,38
3580.0,10
3580.0,12
3580.1,15
3580.1,27
3580.4,33
3580.6,16
3580.7,7
3580.8,34
3581.2,32
3581.6,35
3582.4,3
3585.6,20
3586.1,2
3586.3,30
3586.6,0
3586.9,9
3586.9,11
3587.0,13
3587.0,36
3587.9,14
3588.1,5
3588.1,17
3588.4,1
3588.4,7
3588.4,29
3588.7,35
3588.8,22
3588.8,37
3588.9,27
3589.8,34
3589.8,38
3591.5,30
3592.0,6
3593.2,23
3593.7,21
3595.4,18
3595.7,32
3595.9,15
3595.9,25
3596.5,20
3596.8,0
3598.4,7
3598.5,4
3599.0,12
3599.2,9
3599.4,33
3599.6,35
3599.8,26
3600.1,30
3601.0,37
3603.3,10
3603.6,39
3604.5,19
3604.6,21
3604.8,32
3604.9,6
3604.9,22
3605.4,27
3605.6,30
3606.0,34
3606.2,38
3606.3,14
3606.4,11
3606.4,29
3606.5,20
3606.5,23
3606.8,28
3607.1,3
3607.2,17
3607.3,0
3607.4,35
3609.2,15
3610.0,33
3611.0,25
3612.1,30
3613.0,7
3613.4,18
3614.8,37
3614.9,13
3615.6,0
3616.8,12
3617.1,29
3617.4,14
3617.4,20
3617.4,21
3618.1,34
3618.3,23
3618.3,38
3618.6,6
3618.9,30
3619.0,2
3619.1,8
3619.3,27
3619.6,32
3619.7,9
3619.8,1
3621.0,15
3621.0,26
3623.1,16
3623.2,33
3623.5,17
3623.6,11
3623.7,35
3623.9,7
3624.5,5
3624.8,0
3625.3,20
3625.4,18
3625.4,36
3626.8,37
3627.8,30
3629.2,23
3629.2,32
3629.3,19
3629.9,22
3630.8,3
3630.8,13
3630.8,34
3630.9,15
3631.2,27
3631.3,38
3632.7,6
3634.0,2
3634.1,0
3634.5,14
3635.9,25
3635.9,35
3636.1,16
3636.5,20
3636.7,28
3636.9,21
3637.4,7
3637.6,4
3637.6,30
3637.9,37
3638.2,18
3638.3,33
3638.6,22
3639.7,12
3640.4,26
3640.9,9
3640.9,17
3640.9,13
3641.7,15
3642.2,36
3642.3,38
3643.2,11
3644.4,6
3644.6,32
3644.8,20
3644.9,27
3647.4,23
3647.6,30
3647.9,0
3647.9,35
3648.3,37
3648.5,19
3648.9,1
3649.1,34
3649.8,13
3649.9,7
3649.9,25
3650.1,33
3650.4,21
3650.8,36
3651.3,16
3651.3,32
3651.9,29
3652.5,39
3653.0,18
3653.1,30
3653.3,2
3653.6,5
3654.4,12
3655.5,6
3656.0,0
3656.8,20
3657.0,22
3657.8,15
3657.8,38
3658.3,3
3659.4,4
3659.6,11
3659.8,37
3660.1,9
3661.3,14
3661.6,35
3662.5,27
3662.7,34
3663.5,32
3664.6,30
3665.5,0
3665.7,8
3666.3,21
3666.6,25
3666.7,33
3666.8,13
3666.8,26
3667.1,7
3667.3,2
3667.4,1
3667.4,20
3667.7,23
3667.8,28
3668.2,11
3668.2,22
3668.5,18
3668.9,10
3669.3,6
3669.5,17
3669.6,30
3672.3,15
3672.9,37
3673.4,9
3673.4,38
3673.5,5
3674.3,32
3674.6,34
3675.2,0
3677.3,20
3677.3,36
3677.4,33
3677.5,12
3678.0,3
3678.7,30
3679.0,29
3679.2,23
3679.3,7
3679.5,6
3679.6,35
3679.8,18
3680.7,27
3681.1,37
3681.6,0
3681.7,4
3681.7,11
3681.7,16
3681.9,13
3682.2,19
3685.0,32
3685.9,34
3686.3,22
3686.6,1
3687.1,21
3687.1,25
3687.1,26
3687.2,15
3687.2,20
3687.6,28
3687.6,33
3687.7,14
3687.8,35
3688.1,9
3688.1,30
3689.1,36
3689.3,2
3690.4,37
3690.5,38
3692.3,6
3692.5,0
3692.8,17
3693.7,5
3693.9,4
3694.0,15
3694.1,19
3694.5,7
3694.7,18
3696.1,30
3696.5,13
3697.5,32
3698.1,27
3698.6,0
3698.6,11
3698.9,22
3699.4,33
3699.7,20
3699.7,23
3700.2,35
3700.5,10
3701.1,14
3701.2,3
3701.2,12
3701.7,7
3702.2,37
3702.9,30
3704.8,6
3705.1,34
3705.6,29
3706.9,36
3707.1,32
3707.8,8
3708.7,4
3709.1,0
3709.2,21
3709.3,9
3709.5,26
3709.8,20
3709.9,2
3710.1,7
3710.3,28
3710.3,30
3710.6,38
3711.3,25
3712.1,18
3712.4,15
3712.6,6
3712.8,35
3714.1,17
3714.4,22
3714.4,27
3715.8,16
3715.8,37
3717.6,0
3717.7,23
3718.0,1
3718.2,33
3718.6,13
3718.6,36
3718.7,30
3719.1,32
3719.2,39
3719.3,12
3719.5,11
3719.8,14
3720.1,6
3720.1,18
3720.8,38
3721.6,7
3722.8,20
3724.2,37
3724.4,22
3724.7,19
3725.1,27
3725.3,34
3725.9,30
3726.1,25
3726.2,3
3726.2,15
3726.6,29
3726.7,21
3727.1,35
3727.7,26
3728.8,0
3728.9,28
3732.7,37
3732.8,9
3733.3,30
3733.6,23
3733.6,24
3733.9,7
3734.0,4
3734.1,2
3734.3,6
3734.8,38
3735.0,32
3735.2,33
3735.4,18
3735.8,0
3735.9,20
3736.3,17
3740.8,21
3740.9,15
3741.0,36
3741.3,35
3741.8,38
3742.1,26
3742.3,13
3742.3,22
3742.5,27
3742.5,34
3742.7,25
3742.9,5
3742.9,30
3743.5,12
3743.9,11
3744.0,37
3745.7,0
3746.6,20
3746.8,23
3747.0,9
3747.3,6
3747.3,32
3748.1,2
3748.1,14
3748.2,1
3748.6,18
3749.3,33
3750.6,7
3753.4,30
3753.7,16
3755.1,6
3755.4,19
3755.8,0
3755.8,20
3755.8,22
3756.2,29
3756.4,21
3756.6,37
3756.7,18
3756.9,3
3757.3,12
3757.5,17
3757.7,25
3758.2,15
3758.3,28
3758.4,32
3758.6,23
3758.6,30
3758.8,27
3758.8,39
3760.1,35
3761.5,33
3761.7,10
3761.8,38
3762.7,34
3762.9,11
3762.9,20
3763.2,7
3763.5,26
3763.8,25
3763.9,9
3764.1,0
3765.8,36
3767.0,4
3767.0,13
3768.0,30
3768.1,2
3768.1,6
3768.3,37
3769.4,21
3770.6,5
3771.6,32
3772.8,23
3772.8,34
3773.4,22
3774.1,12
3774.4,15
3774.4,35
3774.9,7
3774.9,14
3774.9,30
3775.2,20
3775.6,18
3775.8,0
3775.8,25
3776.2,38
3777.4,33
3777.8,37
3778.1,17
3778.6,3
3779.6,13
3780.1,27
3780.3,9
3780.6,36
3780.8,19
3781.3,30
3782.4,6
3782.7,34
3783.2,29
3783.5,7
3783.8,11
3783.8,21
3783.9,23
3784.9,35
3785.4,32
3785.6,10
3785.6,18
3786.5,16
3787.8,37
3787.9,0
3788.3,26
3788.5,20
3788.5,38
3788.9,22
3789.7,15
3790.2,33
3791.7,4
3791.8,1
3792.0,30
3793.3,23
3794.6,25
3795.3,13
3795.7,34
3795.8,0
3795.8,18
3796.3,7
3796.4,2
3796.4,14
3796.5,5
3796.5,6
3796.5,28
3796.6,8
3796.6,9
3796.9,20
3796.9,36
3797.0,37
3797.0,38
3797.2,17
3797.3,11
3798.7,30
3799.4,21
3800.1,39
3800.7,32
3800.9,35
3802.3,1
3802.3,29
3802.3,33
3804.0,23
3805.7,3
3805.8,13
3805.8,30
3805.9,0
3806.8,12
3807.2,18
3808.3,6
3808.6,7
3808.6,26
3808.8,11
3809.3,19
3809.4,15
3809.4,20
3809.4,38
3809.9,37
3810.5,27
3810.7,14
3811.5,22
3811.8,32
3813.8,34
3814.2,30
3814.5,9
3816.0,0
3816.1,36
3816.2,33
3816.4,4
3817.5,21
3817.7,18
3817.9,1
3817.9,5
3818.2,8
3818.5,6
3818.5,7
3818.6,16
3818.7,25
3819.0,20
3819.9,23
3820.7,27
3820.8,30
3821.2,17
3822.7,3
3822.8,22
3822.9,13
3823.4,34
3824.8,38
3825.2,15
3825.4,37
3826.1,19
3826.3,0
3826.3,35
3827.3,32
3827.6,30
3828.8,29
3828.9,7
3829.4,12
3829.4,14
3829.5,6
3829.6,21
3829.8,26
3830.1,20
3830.2,2
3831.6,23
3832.4,34
3835.6,30
3836.0,33
3836.1,28
3836.4,0
3836.9,18
3837.0,11
3837.0,37
3837.7,27
3838.2,6
3838.3,10
3839.1,38
3839.3,35
3840.0,16
3840.1,8
3840.1,15
3840.6,4
3840.8,9
3840.8,21
3840.9,1
3840.9,30
3841.4,17
3842.1,36
3842.3,20
3842.7,5
3842.7,7
3843.3,22
3844.6,25
3844.9,13
3845.6,32
3845.9,26
3847.2,18
3847.5,30
3847.7,34
3848.5,33
3848.6,0
3848.6,37
3848.7,23
3848.9,6
3849.1,11
3849.1,19
3849.4,2
3852.3,12
3852.3,39
3854.1,7
3854.2,35
3854.3,9
3854.5,15
3854.5,38
3854.7,32
3854.8,0
3854.9,21
3855.2,20
3855.4,16
3855.8,13
3855.9,27
3856.7,3
3856.8,6
3856.9,1
3857.0,14
3857.0,17
3857.0,22
3857.1,30
3857.9,33
3860.5,25
3861.0,19
3861.7,11
3862.0,29
3863.0,23
3863.0,26
3863.4,37
3863.8,18
3865.3,30
3865.5,0
3865.8,6
3865.9,34
3866.3,20
3866.8,15
3866.9,4
3867.1,2
3867.1,17
3867.4,7
3868.0,21
3868.1,10
3868.3,35
3869.5,3
3869.5,28
3869.7,24
3870.5,33
3872.3,32
3872.6,27
3872.8,5
3873.1,36
3873.5,23
3873.8,13
3874.2,30
3874.9,25
3875.6,7
3876.0,37
3876.3,19
3876.5,0
3876.5,34
3877.2,22
3877.4,12
3878.0,20
3878.0,38
3878.7,6
3879.4,30
3880.3,26
3880.4,21
3881.2,18
3881.7,9
3882.8,1
3883.0,14
3883.3,8
3885.7,16
3887.1,34
3887.2,2
3887.2,37
3887.5,17
3887.5,20
3888.0,27
3888.1,0
3888.1,7
3888.1,33
3888.2,32
3888.4,15
3889.0,35
3889.6,30
3890.2,29
3891.3,6
3891.7,11
3892.4,23
3892.9,21
3893.9,25
3894.1,13
3894.7,38
3895.5,5
3895.9,22
3896.0,3
3896.0,4
3896.1,37
3896.4,18
3897.0,0
3897.3,26
3897.5,36
3898.2,30
3899.1,7
3899.2,20
3899.9,27
3901.9,33
3902.1,19
3902.2,9
3902.2,35
3902.5,6
3902.5,23
3902.8,34
3902.9,32
3903.9,21
3905.2,12
3906.0,14
3906.2,36
3907.5,8
3907.7,30
3908.5,18
3908.5,38
3908.9,25
3909.1,15
3909.2,0
3909.4,5
3909.5,11
3909.5,32
3909.6,13
3910.0,7
3910.1,17
3910.1,20
3910.1,39
3910.5,37
3910.7,29
3912.7,23
3914.6,6
3916.0,1
3916.1,30
3916.4,33
3916.5,22
3916.6,10
3917.4,35
3917.6,3
3918.0,36
3918.1,14
3918.6,18
3919.8,21
3919.8,34
3919.9,30
3920.5,20
3920.8,7
3921.2,37
3921.5,32
3922.4,4
3922.4,16
3922.8,0
3922.8,27
3924.9,15
3925.8,23
3926.0,2
3926.1,28
3926.9,12
3927.1,35
3927.9,38
3928.0,25
3928.3,19
3928.4,30
3928.8,33
3928.9,3
3928.9,22
3929.0,9
3929.3,6
3929.4,26
3930.2,7
3930.2,17
3930.2,36
3930.4,0
3930.9,11
3931.0,18
3931.3,21
3931.8,20
3933.5,34
3933.8,37
3935.2,32
3935.6,39
3937.2,29
3937.5,13
3937.8,27
3937.8,30
3938.2,15
3938.3,7
3938.8,5
3939.1,14
3939.4,6
3940.2,1
3941.2,37
3941.5,4
3942.5,23
3942.8,0
3943.5,20
3943.9,25
3944.1,35
3944.2,33
3944.4,2
3944.4,12
3945.0,38
3945.2,32
3945.3,36
3946.0,30
3947.0,3
3947.1,22
3947.3,21
3947.9,9
3949.6,10
3950.1,7
3951.1,18
3951.4,6
3951.6,19
3951.7,32
3951.8,34
3951.9,13
3951.9,16
3952.1,23
3952.1,27
3952.2,37
3952.3,14
3952.4,8
3953.7,30
3954.4,20
3956.4,11
3957.7,28
3957.8,0
3957.8,15
3958.2,17
3958.2,26
3958.9,39
3959.3,12
3959.3,25
3959.6,29
3960.0,38
3960.1,2
3960.1,36
3960.2,30
3960.4,7
3960.5,22
3960.8,33
3960.8,35
3960.9,6
3961.2,23
3962.1,18
3962.8,37
3963.2,21
3964.4,0
3964.7,34
3964.8,9
3967.1,1
3967.4,20
3967.5,3
3968.5,4
3968.8,30
3969.1,6
3969.2,14
3969.4,15
3969.4,32
3969.7,10
3969.7,27
3969.9,7
3970.1,36
3971.1,33
3972.1,19
3973.6,11
3973.6,20
3974.1,0
3975.0,26
3975.4,17
3976.4,5
3976.6,22
3976.9,23
3977.0,25
3977.2,34
3977.2,37
3977.7,13
3977.8,18
3978.2,21
3978.5,36
3978.9,30
3979.1,35
3979.7,38
3980.9,4
3981.2,7
3981.8,27
3981.9,24
3982.7,32
3984.9,20
3985.1,0
3985.6,12
3985.6,30
3986.3,3
3986.8,6
3987.1,15
3987.8,38
3987.9,9
3988.2,1
3989.4,29
3989.9,33
3990.0,7
3990.0,36
3990.2,14
3990.3,23
3991.0,8
3991.0,27
3991.1,2
3991.2,35
3991.7,30
3991.7,34
3992.0,21
3992.4,37
3993.3,0
3993.5,32
3993.9,17
3994.2,13
3994.3,6
3994.4,22
3994.6,26
3994.7,19
3994.7,20
3994.9,18
3995.4,11
3995.9,25
3996.7,28
3997.8,30
4000.5,7
4001.5,27
4001.7,5
4002.2,37
4002.4,34
4002.9,9
4003.6,38
4004.3,16
4004.8,32
4005.5,0
4005.5,30
4005.5,35
4005.7,22
4005.7,36
4005.9,6
4006.9,15
4007.3,8
4007.4,33
4007.7,7
4007.7,10
4008.0,4
4008.0,21
4008.6,20
4009.1,23
4009.2,3
4009.4,11
4010.7,18
4011.0,2
4011.4,29
4012.6,30
4013.5,37
4013.9,6
4015.3,32
4015.8,0
4015.9,12
4015.9,19
4016.2,15
4016.4,38
4016.5,34
4016.5,36
4017.4,35
4017.6,27
4018.0,20
4018.7,26
4020.5,9
4020.5,33
4021.6,13
4022.1,25
4023.1,17
4023.1,23
4023.2,0
4023.2,22
4023.4,6
4023.4,30
4023.6,18
4024.8,38
4025.0,11
4025.6,7
4026.9,21
4027.7,4
4027.7,33
4029.0,32
4029.3,20
4029.9,1
4030.8,30
4031.0,25
4031.2,34
4031.6,37
4032.3,14
4032.4,5
4032.6,23
4032.6,28
4032.6,35
4032.8,6
4033.0,12
4034.1,0
4034.1,18
4034.3,36
4034.8,15
4035.2,27
4037.3,7
4037.3,38
4038.6,3
4040.7,11
4040.9,30
4040.9,32
4040.9,39
4041.1,21
4041.2,22
4041.5,17
4041.5,6
4041.7,19
4041.8,20
4042.0,9
4042.0,18
4042.4,10
4042.4,13
4042.7,37
4043.0,16
4043.2,0
4044.8,33
4045.6,34
4047.6,2
4049.0,15
4049.5,23
4049.7,27
4049.8,7
4049.9,35
4050.2,6
4051.0,18
4051.0,5
4051.5,0
4051.5,30
4051.7,38
4051.8,32
4052.5,20
4052.5,22
4053.5,37
4054.2,26
4055.3,14
4057.0,13
4057.2,10
4057.6,25
4058.0,1
4058.1,16
4058.1,33
4058.3,9
4058.5,35
4058.6,21
4058.9,30
4059.7,29
4059.8,6
4059.8,27
4060.0,0
4060.2,34
4060.4,7
4061.6,2
4062.9,36
4063.2,37
4063.4,20
4064.7,12
4064.7,23
4064.7,18
4064.9,32
4065.5,38
4065.9,19
4066.2,22
4067.4,11
4069.1,30
4069.7,35
4070.3,15
4070.8,0
4071.5,27
4072.2,6
4072.3,37
4072.9,26
4073.3,7
4073.9,33
4074.2,17
4075.3,4
4075.3,28
4075.3,39
4075.6,5
4075.7,3
4075.8,18
4075.9,21
4076.6,8
4076.6,34
4076.9,14
4077.6,30
4078.3,20
4078.4,23
4079.4,36
4079.5,1
4079.8,6
4079.8,35
4080.1,13
4080.6,25
4080.7,9
4081.5,0
4081.5,32
4081.6,22
4082.0,29
4083.8,7
4084.2,37
4084.8,16
4085.2,38
4085.7,12
4085.9,15
4086.9,20
4087.1,11
4087.5,30
4088.0,33
4088.2,19
4089.5,0
4089.7,18
4089.7,27
4091.8,17
4092.4,6
4092.6,39
4092.7,7
4092.9,2
4093.0,4
4093.0,36
4093.1,34
4093.4,32
4093.7,30
4094.4,21
4094.5,25
4094.6,37
4095.5,23
4096.3,26
4098.5,9
4098.6,0
4098.6,38
4099.1,20
4099.1,28
4099.2,3
4100.1,7
4100.3,33
4100.6,29
4100.7,22
4101.1,27
4101.1,30
4101.6,15
4102.2,17
4102.3,37
4103.0,5
4103.1,14
4103.6,6
4103.6,13
4103.7,25
4105.2,35
4105.7,19
4106.6,36
4106.7,0
4107.4,20
4108.0,1
4108.9,4
4109.0,34
4109.6,7
4109.6,30
4110.0,12
4110.1,32
4110.4,38
4110.5,18
4110.7,39
4111.8,21
4111.8,23
4112.0,2
4112.0,27
4112.9,11
4113.3,37
4117.3,3
4117.5,28
4118.1,20
4118.2,15
4118.5,30
4118.6,22
4118.7,6
4118.8,33
4119.0,9
4119.1,36
4119.6,16
4119.6,24
4119.7,5
4119.7,14
4119.8,7
4119.8,13
4119.9,35
4120.1,32
4120.2,0
4120.4,11
4120.7,37
4120.8,29
4124.0,27
4125.7,25
4126.2,30
4126.9,26
4126.9,38
4127.2,18
4127.9,23
4128.0,20
4128.1,11
4128.1,34
4128.9,19
4129.3,2
4129.8,39
4130.4,6
4130.6,1
4130.6,8
4130.6,32
4130.8,12
4132.5,0
4132.9,3
4134.3,35
4134.8,15
4134.9,21
4135.1,22
4135.1,30
4135.8,37
4136.0,17
4136.2,7
4136.8,23
4137.0,25
4138.2,27
4138.2,38
4138.6,32
4140.0,4
4140.2,33
4140.8,29
4141.7,36
4142.4,14
4143.1,30
4143.3,0
4143.3,18
4143.8,20
4144.5,37
4144.9,9
4145.1,5
4145.2,13
4145.4,6
4145.5,26
4146.6,34
4149.3,7
4149.4,35
4150.1,19
4151.2,25
4151.3,16
4151.9,21
4151.9,22
4151.9,32
4152.0,33
4152.2,2
4152.8,15
4153.6,0
4153.6,30
4153.7,27
4153.8,6
4154.5,37
4155.5,23
4156.3,20
4156.6,36
4158.3,9
4158.5,34
4159.7,38
4160.0,4
4160.2,1
4160.4,18
4160.8,7
4161.2,3
4161.6,11
4161.6,30
4161.9,39
4162.0,17
4162.1,6
4162.1,16
4162.1,25
4162.3,12
4163.3,37
4163.7,26
4164.9,0
4166.7,32
4166.8,35
4166.8,20
4167.1,33
4167.5,15
4167.9,5
4168.3,21
4169.4,23
4169.8,30
4170.2,27
4171.1,8
4171.1,22
4172.1,0
4172.4,34
4172.6,6
4174.3,9
4174.3,13
4174.3,18
4174.9,19
4175.0,7
4175.1,29
4175.8,36
4176.4,37
4176.4,38
4176.5,25
4176.8,20
4177.0,17
4177.5,30
4180.7,2
4180.8,33
4182.2,4
4183.2,11
4183.3,3
4184.1,27
4184.2,15
4184.2,21
4184.5,1
4184.8,14
4184.8,30
4185.5,37
4185.6,0
4185.8,22
4186.0,19
4186.2,36
4186.3,32
4187.5,20
4188.2,18
4188.6,6
4189.1,7
4189.4,16
4189.6,38
4189.7,26
4189.7,34
4189.7,10
4190.3,33
4192.2,35
4192.6,12
4192.7,0
4193.1,5
4193.1,30
4193.4,23
4194.0,13
4194.4,39
4194.5,17
4195.1,37
4195.3,15
4195.3,32
4197.0,6
4197.2,2
4198.0,20
4199.9,9
4200.1,34
4200.2,25
4200.6,8
4201.0,27
4201.5,19
4201.6,3
4201.8,11
4202.2,7
4202.4,21
4203.1,35
4203.1,33
4203.8,28
4204.2,22
4204.5,1
4204.9,29
4205.2,18
4205.4,30
4205.6,38
4206.2,15
4206.2,36
4206.7,0
4207.9,6
4208.0,26
4208.5,32
4209.8,13
4210.1,7
4210.2,20
4210.7,37
4211.3,23
4212.0,16
4212.9,25
4213.4,34
4213.8,30
4214.8,0
4216.5,12
4216.6,1
4217.1,27
4217.4,33
4217.9,21
4218.6,37
4218.9,2
4219.1,11
4219.1,18
4219.3,9
4219.7,32
4220.1,20
4220.3,15
4220.5,24
4220.7,22
4220.9,38
4221.0,6
4221.3,30
4221.3,36
4222.8,14
4224.8,34
4225.0,7
4225.7,35
4225.8,10
4226.7,0
4226.9,17
4227.1,19
4227.2,26
4227.5,29
4227.8,22
4228.0,27
4228.3,3
4228.7,13
4228.9,12
4229.0,23
4229.2,18
4229.3,25
4229.5,30
4229.8,21
4230.5,6
4230.6,32
4232.3,38
4232.4,33
4233.3,7
4233.5,34
4233.6,2
4234.1,20
4234.2,0
4234.2,11
4234.9,15
4235.3,37
4235.5,4
4235.7,35
4239.7,16
4239.7,30
4239.9,36
4240.0,39
4241.2,18
4241.4,5
4241.7,9
4242.6,38
4242.8,6
4242.8,23
4243.0,29
4243.8,1
4243.8,13
4244.0,7
4244.3,32
4244.4,0
4245.4,21
4245.4,22
4245.8,37
4245.8,19
4246.6,12
4247.7,34
4248.0,20
4248.0,25
4248.1,14
4248.1,30
4249.1,8
4249.4,28
4249.5,33
4249.8,11
4250.0,23
4251.9,18
4252.2,15
4252.7,27
4253.0,0
4253.3,7
4253.4,35
4253.9,3
4254.3,26
4255.2,36
4255.8,30
4255.8,32
4258.2,38
4258.4,2
4258.7,6
4259.3,17
4260.1,20
4260.3,29
4260.8,37
4262.1,0
4262.5,30
4263.6,25
4263.7,4
4264.1,19
4264.4,21
4265.2,18
4265.5,35
4265.6,32
4265.6,34
4266.2,13
4266.2,23
4267.0,12
4267.0,33
4267.1,7
4267.4,36
4268.0,8
4268.2,1
4268.3,9
4268.3,39
4268.9,6
4268.9,38
4269.0,3
4269.1,37
4269.6,16
4270.2,20
4271.0,11
4271.9,15
4272.7,22
4273.0,30
4273.6,0
4274.7,5
4274.8,27
4277.0,9
4277.4,26
4277.6,13
4277.7,34
4278.1,35
4278.1,25
4278.3,14
4279.5,32
4279.6,37
4280.2,20
4280.2,23
4280.5,30
4281.6,7
4281.8,6
4281.9,18
4282.0,38
4282.1,2
4282.2,36
4283.0,21
4284.3,0
4285.0,33
4286.4,15
4286.7,34
4287.0,19
4287.1,16
4287.3,3
4288.8,35
4288.8,12
4289.9,25
4290.3,30
4290.7,32
4291.3,6
4291.7,13
4291.7,20
4292.3,29
4292.9,7
4292.9,22
4294.0,4
4294.1,38
4294.2,21
4294.3,18
4295.5,37
4296.3,1
4296.3,34
4297.6,5
4298.6,30
4298.9,33
4299.4,26
4299.5,0
4300.0,35
4300.2,23
4301.4,11
4301.7,9
4301.9,10
4302.1,6
4302.2,28
4303.7,7
4304.0,39
4304.0,32
4305.5,20
4305.5,27
4305.6,15
4306.1,36
4306.4,33
4306.5,0
4306.7,30
4306.8,37
4310.0,21
4310.7,25
4311.0,16
4311.0,38
4311.5,17
4311.5,35
4311.7,29
4311.9,13
4312.1,1
4312.1,18
4312.1,23
4312.5,19
4312.5,34
4313.5,14
4313.6,4
4313.8,26
4314.4,7
4314.4,6
4315.0,20
4315.5,22
4315.7,8
4315.9,12
4317.4,0
4317.6,2
4318.4,33
4318.7,15
4319.1,11
4319.4,32
4319.6,30
4319.9,37
4320.1,21
4320.2,28
4321.8,39
4321.9,6
4321.9,18
4322.0,27
4322.2,9
4322.3,3
4322.3,10
4323.3,38
4324.3,20
4326.4,36
4326.6,22
4327.5,7
4327.8,0
4328.1,30
4328.1,33
4328.6,15
4328.6,35
4328.7,21
4328.8,5
4328.9,25
4329.0,23
4330.4,34
4331.8,37
4332.1,32
4333.7,11
4333.9,6
4334.1,19
4334.5,29
4334.6,2
4334.9,17
4335.0,38
4335.1,27
4335.1,36
4335.4,20
4336.3,3
4336.7,30
4336.9,18
4337.1,7
4337.3,0
4338.0,23
4339.5,13
4339.7,14
4340.6,8
4341.3,4
4341.7,33
4342.1,9
4342.1,16
4342.5,21
4342.5,25
4343.6,35
4344.1,20
4344.3,32
4344.4,37
4344.5,30
4344.7,12
4345.3,26
4345.7,7
4346.3,22
4346.4,19
4346.6,6
4346.7,15
4346.8,34
4346.9,11
4347.5,0
4347.6,13
4348.9,39
4349.2,38
4352.2,1
4352.5,18
4352.8,23
4353.2,27
4354.0,16
4354.7,7
4354.7,9
4354.7,20
4354.8,5
4355.2,35
4355.4,26
4355.9,30
4356.0,15
4356.8,33
4357.6,0
4358.4,37
4358.5,2
4358.6,38
4358.8,21
4359.4,4
4359.9,17
4359.9,25
4359.9,29
4360.1,36
4362.9,12
4363.1,22
4363.3,6
4365.0,34
4365.6,13
4365.8,10
4366.0,20
4366.0,30
4366.1,14
4366.2,8
4367.3,18
4367.5,35
4367.8,19
4368.5,23
4368.6,32
4368.8,3
4370.1,16
4371.2,30
4371.6,7
4371.9,34
4371.9,37
4372.2,0
4373.0,9
4374.1,5
4374.2,28
4374.7,36
4375.1,24
4375.2,11
4375.2,15
4375.2,20
4375.7,33
4375.7,2
4376.7,21
4376.9,38
4377.4,6
4377.9,26
4378.3,17
4378.7,37
4379.1,30
4379.2,32
4379.6,27
4379.8,22
4379.9,19
4379.9,39
4380.2,0
4380.6,25
4380.8,7
4380.9,12
4381.1,35
4381.5,4
4383.2,13
4384.3,18
4384.8,1
4385.4,8
4385.5,30
4385.6,20
4386.3,23
4387.4,34
4387.9,32
4388.1,0
4388.8,37
4389.4,38
4390.9,33
4390.9,14
4391.5,25
4391.8,6
4393.7,15
4394.4,7
4394.4,30
4395.3,22
4395.6,21
4395.8,27
4395.9,20
4396.0,0
4396.0,3
4396.1,2
4396.9,36
4397.8,10
4398.9,9
4399.0,29
4399.3,23
4399.4,35
4400.4,34
4401.0,11
4402.4,6
4402.7,32
4402.8,38
4402.8,37
4404.2,7
4404.2,13
4404.8,1
4404.9,25
4404.9,30
4405.1,20
4405.7,18
4405.8,33
4405.9,21
4406.0,16
4406.5,12
4406.5,19
4407.1,23
4407.7,5
4408.2,4
4408.5,0
4409.8,39
4410.3,27
4411.5,3
4411.6,18
4411.9,35
4412.1,38
4412.5,37
4412.8,26
4412.8,30
4412.8,36
4413.0,6
4413.1,15
4413.1,34
4413.2,9
4413.2,28
4413.5,32
4413.8,17
4416.5,22
4418.7,21
4418.9,29
4419.0,0
4419.4,8
4419.6,7
4419.6,20
4422.3,37
4422.8,30
4423.0,6
4423.0,23
4423.7,11
4424.4,33
4424.5,14
4424.5,32
4424.9,5
4425.0,3
4425.5,38
4425.7,13
4425.8,2
4425.8,15
4426.5,9
4426.6,10
4427.5,34
4427.5,0
4428.5,4
4428.7,21
4429.2,35
4429.7,20
4430.8,27
4431.1,26
4431.2,7
4431.2,30
4431.5,18
4431.7,17
4432.3,16
4432.4,22
4432.5,6
4433.3,19
4433.3,25
4433.3,24
4434.0,23
4434.4,36
4435.8,32
4437.3,0
4437.4,20
4437.6,33
4437.8,37
4438.1,11
4438.1,30
4438.2,9
4439.0,15
4441.2,26
4441.2,7
4443.2,21
4443.4,29
4443.5,36
4443.8,3
4444.0,14
4444.0,34
4444.2,23
4444.3,38
4445.3,6
4445.8,13
4446.0,32
4446.3,30
4446.9,5
4446.9,35
4447.0,0
4447.0,1
4447.0,12
4447.0,27
4447.3,25
4447.6,22
4447.8,17
4449.3,33
4449.9,20
4450.0,21
4450.7,18
4451.2,38
4451.4,7
4452.7,19
4452.7,37
4452.8,2
4453.7,0
4454.8,30
4455.1,16
4455.6,9
4455.6,36
4456.4,32
4456.4,34
4456.8,3
4457.5,8
4457.5,23
4458.8,6
4458.8,15
4458.9,14
4458.9,39
4459.4,12
4460.7,35
4460.9,30
4462.1,20
4462.5,27
4462.5,28
4462.8,0
4464.1,11
4465.3,1
4465.3,7
4465.3,36
4465.6,25
4465.6,33
4465.8,6
4465.8,29
4466.3,21
4466.3,37
4466.8,34
4467.1,10
4467.1,38
4468.2,30
4468.8,18
4469.1,19
4469.3,22
4470.3,32
4471.7,0
4471.9,7
4472.1,9
4472.5,17
4472.6,20
4473.9,4
4474.6,2
4475.8,38
4475.9,27
4476.1,23
4476.2,26
4476.6,18
4476.8,37
4477.1,5
4477.1,15
4477.1,32
4477.3,34
4477.5,36
4477.7,1
4477.7,30
4478.3,16
4479.0,6
4479.0,35
4479.3,13
4481.3,3
4481.4,21
4481.6,20
4482.1,0
4483.6,7
4483.8,12
4484.3,14
4484.4,33
4484.7,22
4485.5,15
4485.5,25
4485.7,37
4485.8,28
4485.9,8
4486.9,11
4486.9,30
4487.0,2
4487.2,32
4487.8,18
4488.9,0
4489.3,9
4489.3,29
4489.3,38
4490.0,23
4490.4,20
4491.4,6
4491.8,7
4492.6,26
4492.7,10
4493.5,27
4494.5,30
4494.5,33
4496.4,34
4496.8,22
4496.9,35
4497.1,17
4498.5,36
4500.0,13
4500.4,0
4500.4,32
4500.6,6
4501.0,15
4501.2,1
4501.3,25
4501.4,37
4501.9,30
4502.8,19
4503.7,21
4504.3,7
4504.4,20
4504.7,18
4504.8,4
4504.8,14
4504.9,8
4505.8,35
4506.0,34
4506.8,33
4507.0,9
4507.0,23
4508.5,11
4508.6,30
4508.8,38
4509.5,12
4509.7,0
4510.1,10
4510.3,2
4511.0,16
4511.3,32
4511.6,6
4512.2,37
4513.2,28
4514.0,7
4515.2,22
4515.4,13
4515.4,27
4516.1,30
4517.4,36
4517.7,17
4518.2,20
4519.4,21
4519.5,19
4520.2,34
4520.6,6
4521.0,3
4521.0,32
4521.7,15
4522.1,0
4522.1,23
4522.4,18
4522.4,33
4522.4,37
4522.5,5
4522.8,26
4523.2,25
4523.4,39
4523.6,35
4524.9,11
4525.9,30
4526.0,20
4526.1,7
4526.5,8
4526.6,38
4527.5,2
4527.7,29
4527.7,36
4528.4,23
4529.1,17
4530.0,22
4531.3,34
4531.9,21
4532.2,14
4532.7,0
4533.0,25
4533.2,37
4533.9,13
4534.6,6
4534.6,32
4535.3,26
4535.3,30
4535.4,1
4536.1,19
4536.1,33
4536.3,9
4536.4,27
4539.6,16
4539.6,18
4540.5,7
4540.5,15
4541.4,23
4541.5,20
4541.8,17
4541.8,12
4542.0,35
4542.3,8
4542.4,22
4542.6,5
4543.0,0
4543.3,4
4543.3,38
4544.8,21
4545.2,30
4546.4,32
4546.4,36
4547.3,34
4547.5,37
4548.9,33
4549.3,6
4549.9,39
4550.3,19
4550.3,29
4550.5,9
4550.8,17
4550.8,23
4551.0,20
4551.0,30
4551.6,13
4552.1,27
4552.5,22
4552.8,7
4553.7,14
4554.0,25
4554.2,2
4554.2,6
4554.5,0
4555.2,26
4556.5,35
4557.8,3
4558.8,18
4559.0,30
4559.2,37
4559.4,12
4560.1,15
4560.2,38
4561.0,11
4561.3,32
4562.1,34
4562.8,33
4563.6,20
4564.2,16
4564.4,7
4565.0,36
4565.1,21
4565.3,6
4565.5,17
4565.6,9
4565.6,30
4566.6,0
4567.2,5
4567.7,23
4568.0,25
4568.0,27
4568.0,37
4568.6,10
4568.7,18
4573.1,22
4573.5,26
4573.5,32
4573.7,15
4573.9,30
4574.1,38
4574.4,34
4575.4,35
4575.9,6
4575.9,7
4576.1,1
4576.5,19
4576.7,25
4576.9,0
4577.1,3
4577.3,2
4577.8,33
4577.9,20
4578.6,9
4578.8,13
4578.8,21
4578.9,29
4579.1,8
4580.7,5
4581.0,17
4581.1,34
4581.1,37
4582.3,11
4583.2,27
4583.7,30
4584.2,23
4584.7,16
4585.0,18
4585.4,32
4586.1,20
4587.0,0
4587.5,14
4588.6,6
4589.4,36
4589.7,35
4589.8,38
4590.6,15
4591.5,4
4592.1,37
4592.1,21
4592.6,7
4592.6,23
4593.6,1
4593.6,3
4594.4,30
4594.8,25
4594.8,34
4595.4,12
4595.5,13
4595.7,33
4597.0,32
4597.1,28
4597.7,0
4598.1,20
4598.3,5
4599.1,11
4599.1,27
4599.6,9
4600.5,18
4601.5,30
4601.8,26
4602.4,37
4603.3,6
4603.5,22
4603.8,10
4603.8,38
4604.0,39
4604.2,19
4605.0,7
4605.3,0
4605.6,35
4605.9,17
4606.7,25
4607.3,13
4607.7,33
4608.1,30
4608.6,29
4609.0,15
4610.5,21
4611.0,20
4611.2,32
4611.4,23
4611.4,27
4611.5,34
4612.0,14
4612.2,2
4612.7,11
4613.5,36
4613.7,0
4614.0,3
4614.0,4
4614.3,37
4614.7,9
4614.9,6
4615.4,8
4615.4,18
4615.4,30
4616.0,7
4616.4,24
4618.5,21
4619.3,35
4621.2,33
4621.5,20
4621.7,12
4621.7,30
4622.1,15
4622.1,16
4622.1,22
4622.9,1
4622.9,25
4623.0,38
4623.1,34
4623.4,27
4624.1,26
4624.2,0
4624.9,19
4625.0,6
4625.6,32
4626.1,7
4626.1,23
4626.6,37
4627.2,28
4628.4,11
4629.1,30
4630.1,39
4630.2,10
4630.4,13
4630.5,2
4630.7,17
4631.0,5
4631.0,9
4631.1,29
4631.7,22
4632.4,21
4633.9,18
4634.1,34
4634.5,14
4634.5,35
4634.7,38
4634.9,7
4635.1,20
4635.9,25
4636.2,3
4636.4,32
4636.7,6
4637.0,0
4637.1,33
4639.0,30
4639.2,36
4639.4,23
4639.4,37
4640.6,27
4644.0,13
4644.1,4
4644.6,16
4644.9,0
4645.6,7
4645.6,19
4645.7,20
4646.6,15
4647.0,30
4647.3,2
4647.3,38
4647.6,35
4648.2,21
4649.5,6
4650.5,22
4650.5,25
4651.1,23
4651.1,32
4651.1,37
4652.7,1
4652.7,33
4652.7,34
4652.8,18
4653.0,0
4653.0,11
4653.1,8
4653.6,5
4654.1,7
4655.0,30
4655.1,26
4655.4,29
4655.9,3
4656.2,12
4656.6,17
4657.8,38
4658.0,14
4658.2,20
4658.9,27
4659.4,37
4660.4,32
4660.7,15
4660.8,34
4660.8,36
4661.1,28
4661.2,35
4662.3,6
4662.9,21
4662.9,33
4663.0,30
4663.6,0
4663.7,23
4665.8,2
4666.5,7
4666.5,9
4666.5,16
4666.5,20
4667.4,18
4667.4,22
4667.5,11
4667.9,10
4668.7,37
4668.8,25
4669.0,30
4669.6,0
4669.7,3
4672.0,32
4672.8,13
4672.9,6
4672.9,26
4673.0,12
4673.0,38
4673.5,17
4673.6,33
4674.9,15
4675.1,34
4675.7,36
4676.4,35
4676.7,21
4677.5,30
4677.7,7
4678.2,39
4679.5,0
4680.0,20
4680.1,27
4680.1,37
4680.6,18
4680.6,23
4680.8,25
4681.5,11
4682.0,19
4682.1,28
4683.0,22
4684.4,4
4685.1,9
4685.6,30
4685.7,38
4685.9,29
4686.1,1
4686.9,26
4687.1,32
4687.9,5
4687.9,14
4688.1,12
4688.8,21
4688.8,35
4689.0,15
4689.1,7
4689.3,3
4689.4,6
4689.6,13
4689.7,17
4689.7,37
4690.8,33
4691.2,2
4691.5,20
4691.5,34
4691.6,30
4692.1,0
4692.2,36
4695.4,18
4695.7,16
4696.1,23
4697.0,38
4697.2,25
4697.2,27
4697.3,8
4697.6,19
4697.8,4
4698.1,32
4698.5,11
4698.9,30
4699.5,22
4699.6,15
4699.6,20
4700.0,37
4702.4,0
4703.9,6
4704.3,33
4704.4,13
4705.5,35
4706.3,21
4706.3,34
4707.1,30
4707.1,36
4707.3,7
4707.7,23
4707.8,24
4708.8,38
4709.1,12
4709.2,3
4709.2,28
4709.4,0
4710.1,10
4710.3,25
4711.5,20
4711.7,26
4712.3,18
4713.2,37
4713.4,14
4713.5,32
4714.7,27
4715.3,15
4715.6,30
4716.5,22
4716.6,19
4716.8,0
4717.4,2
4717.5,17
4717.5,23
4717.6,6
4717.9,1
4718.0,7
4718.0,9
4718.5,20
4718.5,35
4719.3,13
4720.6,33
4721.4,5
4721.4,30
4721.6,34
4723.3,8
4724.1,4
4724.6,32
4724.8,21
4725.4,38
4726.1,29
4726.9,18
4727.1,14
4727.3,26
4727.5,0
4727.7,6
4728.3,30
4728.4,36
4728.5,17
4729.3,7
4729.3,20
4729.3,37
4730.9,35
4732.9,23
4732.9,33
4733.1,15
4733.2,11
4733.9,9
4734.1,19
4734.3,10
4734.4,22
4734.5,34
4734.6,3
4734.7,12
4734.7,27
4734.8,18
4735.0,32
4735.1,16
4735.3,25
4735.5,13
4735.5,30
4735.7,21
4735.8,24
4737.6,7
4738.5,0
4738.5,37
4740.8,36
4741.2,20
4741.5,38
4741.7,39
4741.8,6
4741.8,26
4742.4,1
4742.7,15
4743.0,30
4743.8,3
4744.1,8
4744.1,27
4744.6,29
4745.8,32
4746.4,0
4747.1,34
4747.6,17
4747.7,18
4747.7,19
4748.2,37
4749.2,21
4750.3,35
4750.4,4
4750.9,12
4751.1,22
4751.6,23
4752.0,13
4752.2,25
4752.4,0
4752.5,2
4752.5,30
4752.7,6
4752.9,20
4753.7,5
4753.7,7
4754.4,28
4754.7,9
4755.1,14
4755.1,38
4755.6,15
4755.7,1
4756.0,36
4757.2,33
4757.3,11
4759.0,32
4759.3,37
4759.9,30
4760.9,17
4761.9,18
4762.0,27
4762.6,34
4762.7,0
4763.3,6
4763.3,10
4763.7,16
4763.9,7
4764.0,21
4764.2,20
4764.2,22
4764.6,23
4764.7,4
4764.8,35
4764.9,29
4765.1,26
4765.5,19
4765.6,37
4765.9,32
4768.9,30
4769.3,9
4769.9,33
4771.3,14
4771.7,3
4772.3,37
4773.4,36
4773.8,38
4774.1,15
4774.2,30
4774.4,5
4774.5,7
4774.5,25
4774.6,13
4775.1,12
4775.1,18
4775.3,6
4775.6,19
4775.6,34
4775.7,0
4777.3,35
4777.4,21
4778.5,20
4778.6,17
4779.3,27
4780.0,23
4781.0,32
4781.9,11
4783.9,37
4784.2,30
4785.4,16
4786.1,2
4786.2,33
4786.3,29
4786.4,26
4786.7,6
4786.8,1
4786.9,34
4787.1,0
4787.6,12
4789.1,7
4789.5,21
4790.0,20
4790.2,25
4790.6,23
4791.0,32
4791.2,19
4791.4,38
4791.5,22
4791.7,4
4791.8,15
4792.1,18
4792.3,9
4792.6,36
4792.7,30
4793.0,5
4794.0,34
4794.1,17
4794.1,39
4794.2,35
4794.9,26
4795.2,10
4795.5,27
4795.8,13
4796.4,3
4796.8,37
4798.6,11
4798.7,6
4798.8,0
4799.4,20
4799.4,30
4800.3,8
4800.8,38
4801.3,24
4801.6,25
4801.7,32
4802.9,33
4803.2,7
4804.0,23
4804.5,19
4805.2,21
4806.6,2
4806.8,22
4807.1,14
4807.5,37
4807.6,20
4808.2,36
4808.5,18
4808.6,16
4808.7,34
4809.6,30
4809.7,35
4809.8,0
4809.8,1
4810.0,17
4810.2,6
4810.6,25
4810.9,9
4811.2,13
4811.3,32
4813.1,33
4813.5,37
4813.6,21
4813.9,7
4814.4,5
4816.6,15
4817.1,30
4817.4,38
4818.2,10
4819.4,29
4819.7,19
4819.8,18
4819.9,20
4820.1,0
4820.2,27
4820.5,26
4820.7,23
4820.7,34
4821.4,6
4821.4,28
4821.9,17
4822.2,11
4822.4,33
4823.9,7
4824.5,30
4826.5,22
4826.9,20
4826.9,25
4827.4,24
4828.9,32
4829.0,18
4829.3,37
4829.5,12
4829.5,21
4829.8,35
4829.9,23
4830.2,38
4830.3,36
4830.4,15
4830.6,1
4830.9,9
4831.0,0
4831.5,16
4832.5,30
4832.8,6
4835.3,33
4835.7,20
4836.1,3
4836.1,7
4836.4,13
4837.0,38
4837.4,26
4838.4,15
4838.9,37
4839.1,0
4839.6,8
4840.1,30
4840.2,11
4840.5,27
4840.8,39
4841.1,10
4841.2,32
4842.1,35
4843.1,36
4843.3,22
4843.5,21
4843.7,34
4843.8,18
4843.9,4
4844.6,25
4844.7,23
4844.9,2
4845.3,9
4845.7,7
4847.1,30
4847.4,6
4847.8,0
4848.6,33
4848.6,37
4849.3,32
4849.7,20
4849.8,27
4850.8,38
4851.3,19
4852.8,15
4853.4,30
4853.7,17
4855.5,25
4856.1,21
4856.6,5
4856.8,12
4856.8,29
4856.9,18
4857.3,35
4857.4,20
4857.6,34
4857.7,37
4857.9,7
4858.0,16
4860.5,11
4860.7,0
4860.7,32
4861.0,23
4861.9,6
4862.0,1
4862.0,15
4862.6,3
4863.5,30
4865.8,33
4866.9,38
4867.1,36
4867.4,20
4867.6,9
4867.7,22
4868.8,35
4869.4,7
4870.2,14
4870.3,26
4870.3,37
4870.4,25
4870.5,27
4870.7,34
4870.8,13
4871.6,2
4871.6,19
4872.3,30
4872.7,21
4872.7,0
4873.8,32
4874.5,6
4874.7,10
4874.7,28
4874.9,16
4875.7,20
4877.7,11
4877.8,18
4877.9,5
4878.7,15
4879.2,13
4879.3,35
4879.4,7
4879.5,3
4879.5,23
4879.5,38
4879.6,17
4880.2,36
4880.5,39
4880.6,33
4881.0,1
4881.2,30
4881.6,22
4882.4,0
4882.7,37
4884.0,26
4884.5,29
4885.6,32
4885.7,20
4885.9,27
4886.7,6
4887.7,12
4888.1,8
4889.2,34
4890.6,21
4891.2,2
4891.7,7
4891.7,19
4892.1,30
4892.3,9
4892.3,25
4892.4,0
4892.4,18
4892.6,23
4892.7,11
4892.7,20
4893.0,36
4893.0,37
4893.8,15
4893.8,38
4895.7,32
4896.1,33
4896.9,6
4898.6,3
4898.6,14
4898.6,22
4899.3,28
4899.5,30
4899.7,34
4901.3,26
4901.5,13
4902.0,37
4903.0,27
4903.7,1
4903.8,17
4903.8,20
4904.0,9
4904.1,0
4904.2,7
4904.3,5
4904.3,35
4905.1,4
4905.2,29
4906.0,21
4906.6,32
4906.8,25
4907.8,30
4907.9,19
4909.7,23
4910.8,15
4910.8,22
4911.1,11
4911.3,6
4911.6,18
4911.7,33
4912.0,3
4913.8,0
4914.3,36
4914.6,12
4915.0,30
4916.5,38
4916.7,35
4918.0,34
4918.0,37
4918.6,20
4918.9,7
4919.1,16
4919.3,9
4922.1,23
4922.1,32
4922.6,21
4923.9,26
4924.4,33
4924.5,0
4924.5,30
4924.7,1
4924.8,13
4924.9,22
4925.2,27
4925.6,34
4925.8,25
4926.0,8
4926.0,36
4926.5,6
4926.6,2
4928.4,3
4928.5,18
4928.6,5
4928.6,14
4929.3,37
4929.4,20
4929.4,24
4929.9,29
4930.5,7
4930.5,19
4930.5,30
4931.0,11
4932.2,38
4933.5,0
4934.6,35
4934.7,15
4935.7,33
4937.0,9
4937.0,39
4937.1,10
4937.3,6
4937.3,26
4937.3,32
4937.5,17
4937.8,23
4938.2,28
4938.7,20
4938.8,1
4938.9,12
4939.2,27
4939.7,16
4939.7,25
4939.9,30
4940.0,4
4940.0,37
4940.9,34
4941.5,21
4943.0,18
4944.7,0
4945.3,7
4945.4,38
4945.5,33
4945.9,15
4946.2,11
4946.4,35
4946.7,19
4946.8,3
4947.4,2
4947.4,36
4948.2,6
4948.9,32
4950.0,34
4950.4,22
4951.0,13
4951.0,30
4951.2,37
4951.9,12
4951.9,20
4953.1,23
4953.7,7
4954.5,38
4954.6,25
4954.9,9
4955.2,6
4955.4,33
4956.1,1
4956.1,21
4956.3,16
4957.0,26
4957.2,0
4958.7,18
4959.0,28
4961.1,37
4961.4,35
4961.6,32
4962.6,30
4962.6,7
4963.2,34
4963.9,17
4964.1,15
4964.5,29
4966.4,36
4966.6,14
4966.7,19
4966.8,23
4966.8,20
4967.7,0
4967.8,5
4967.8,27
4967.9,10
4967.9,25
4968.2,2
4968.3,33
4969.0,8
4969.0,11
4969.0,30
4969.4,21
4969.7,6
4971.6,26
4972.1,37
4972.7,22
4973.5,4
4974.0,7
4974.0,18
4974.2,3
4974.6,34
4974.7,38
4974.8,35
4975.0,0
4977.5,30
4977.5,1
4977.5,23
4978.0,9
4978.1,24
4978.7,20
4978.8,13
4979.0,15
4979.8,36
4980.1,12
4980.1,17
4980.9,5
4981.4,27
4981.8,32
4982.1,6
4982.2,16
4982.9,30
4983.1,19
4983.3,21
4983.5,37
4984.6,25
4985.8,22
4985.8,34
4986.0,26
4987.0,2
4987.5,0
4988.4,18
4988.5,33
4988.7,38
4989.6,6
4990.2,29
4990.5,20
4990.6,1
4990.9,7
4991.2,37
4991.8,11
4992.4,30
4994.4,39
4994.8,15
4994.9,8
4994.9,13
4995.3,35
4995.6,0
4995.9,32
4995.9,34
4996.2,36
4996.4,6
4996.8,9
4996.8,23
4998.3,30
5000.6,7
5000.9,20
5001.2,38
5001.4,26
5001.6,5
5002.0,14
5002.0,27
5002.2,25
5002.5,37
5002.6,33
5003.0,22
5003.1,0
5003.1,2
5003.3,16
5003.4,17
5004.0,19
5004.4,32
5005.4,21
5005.5,10
5005.5,18
5005.5,30
5006.0,6
5008.6,12
5009.7,4
5009.8,23
5010.5,35
5011.0,36
5011.2,29
5012.9,11
5012.9,15
5013.2,7
5013.2,9
5013.2,33
5013.5,20
5013.6,13
5013.7,0
5013.7,37
5013.9,25
5014.1,18
5014.7,30
5016.3,3
5018.1,34
5019.6,21
5019.9,6
5020.3,22
5020.6,14
5020.9,32
5021.0,38
5021.2,28
5021.7,0
5021.7,1
5022.5,23
5022.6,27
5023.2,30
5023.2,36
5023.9,17
5024.6,7
5025.7,2
5025.7,20
5025.9,26
5026.0,37
5027.8,33
5029.3,35
5029.5,11
5029.5,25
5029.6,19
5030.4,9
5030.6,8
5031.1,6
5031.1,30
5031.3,15
5031.4,0
5032.3,36
5032.9,16
5032.9,18
5034.2,34
5034.3,7
5034.4,21
5034.9,38
5035.4,32
5035.8,23
5035.8,12
5036.1,22
5036.2,13
5036.7,37
5038.0,20
5039.6,35
5040.6,3
5041.0,10
5041.2,30
5041.5,19
5042.3,17
5042.5,33
5043.0,25
5043.3,6
5043.5,24
5043.6,4
5043.9,18
5044.1,0
5044.6,26
5044.9,7
5044.9,14
5045.0,27
5045.2,29
5045.5,22
5046.0,30
5046.4,32
5046.5,21
5046.5,34
5046.7,23
5047.2,37
5047.6,38
5047.8,2
5049.1,5
5049.1,20
5050.7,1
5051.5,36
5051.6,0
5051.8,15
5052.5,33
5052.8,13
5054.5,39
5054.9,6
5055.0,27
5055.9,11
5056.8,9
5056.8,30
5056.9,7
5057.0,20
5057.1,18
5058.1,26
5058.2,12
5058.4,35
5058.5,0
5058.6,17
5058.7,15
5058.8,8
5059.1,37
5059.8,32
5059.8,34
5060.0,21
5060.7,30
5060.8,22
5063.5,13
5064.1,23
5065.1,20
5065.2,29
5066.2,7
5066.4,0
5066.4,39
5066.7,14
5067.2,16
5067.3,1
5067.3,5
5067.4,25
5067.7,4
5067.7,19
5068.5,38
5068.7,36
5069.3,33
5069.6,6
5069.9,30
5072.0,37
5073.5,9
5073.5,35
5073.7,32
5073.9,12
5073.9,15
5073.9,21
5074.2,3
5074.2,27
5074.4,26
5074.9,0
5075.0,18
5075.1,13
5075.1,34
5075.3,2
5076.3,11
5077.3,30
5077.8,17
5078.1,20
5078.4,10
5078.6,36
5079.2,23
5080.3,19
5080.4,38
5081.5,28
5081.8,22
5083.0,7
5084.0,37
5084.5,33
5085.3,20
5085.3,30
5086.5,0
5087.0,6
5087.2,9
5087.5,21
5087.5,34
5087.8,32
5088.7,16
5089.5,15
5089.6,8
5089.7,39
5089.8,29
5090.5,4
5090.6,5
5091.1,14
5091.1,27
5091.3,37
5091.4,23
5091.8,36
5092.1,7
5092.5,30
5093.4,33
5094.0,25
5094.6,35
5095.4,18
5095.9,34
5096.0,11
5096.1,12
5096.1,38
5096.2,13
5096.4,26
5096.4,3
5096.7,28
5097.1,1
5097.1,6
5097.4,22
5097.8,0
5098.1,32
5100.0,20
5100.1,9
5100.1,30
5101.3,23
5101.3,17
5101.6,15
5101.7,2
5101.8,37
5102.4,19
5102.5,10
5103.3,8
5103.4,7
5105.4,21
5106.3,35
5106.9,0
5107.3,11
5107.3,33
5107.6,27
5107.7,38
5109.2,30
5109.3,6
5109.4,22
5110.7,29
5111.2,3
5111.6,17
5111.6,32
5112.0,5
5112.3,25
5112.3,36
5112.4,34
5113.3,16
5113.9,4
5114.4,37
5114.6,23
5115.4,30
5115.8,21
5116.1,20
5116.2,9
5116.8,0
5116.9,14
5117.2,7
5117.2,19
5119.2,6
5119.6,18
5120.0,1
5121.2,33
5121.3,38
5122.3,12
5123.1,26
5123.2,25
5123.8,2
5124.2,30
5124.7,34
5125.1,13
5125.5,20
5125.6,3
5125.7,15
5126.5,32
5126.9,22
5127.6,0
5128.3,35
5128.7,11
5128.9,7
5131.0,30
5131.5,21
5131.5,37
5131.6,27
5132.7,29
5133.1,9
5133.5,23
5133.8,5
5133.8,6
5133.9,34
5134.1,38
5134.3,39
5134.5,36
5135.1,18
5135.5,17
5135.6,8
5135.7,33
5136.6,7
5137.3,0
5139.4,14
5139.4,20
5139.6,25
5139.9,32
5140.1,37
5140.4,30
5140.5,16
5141.4,2
5141.7,35
5141.9,6
5142.4,26
5142.8,34
5144.9,11
5145.0,19
5145.4,21
5145.4,23
5145.6,12
5145.8,33
5146.1,0
5147.3,13
5147.3,15
5147.4,38
5147.6,3
5147.6,30
5147.7,10
5148.1,22
5148.1,27
5148.1,35
5148.9,18
5150.0,25
5150.8,37
5150.9,20
5151.6,6
5152.0,7
5152.2,17
5152.8,28
5153.4,36
5154.8,32
5155.6,29
5155.8,30
5155.9,22
5157.2,23
5157.3,34
5157.5,3
5157.7,0
5157.7,37
5158.2,9
5158.4,8
5159.1,21
5159.2,16
5159.3,33
5160.0,4
5160.4,18
5161.3,30
5161.8,20
5162.3,6
5162.6,26
5162.9,38
5163.6,27
5163.8,32
5164.9,7
5166.4,11
5166.5,13
5166.8,14
5167.1,35
5167.4,25
5167.9,15
5167.9,19
5168.0,5
5168.4,0
5168.5,23
5168.8,30
5169.0,22
5169.1,20
5169.9,37
5170.3,6
5170.7,33
5170.7,38
5171.3,36
5172.0,34
5172.3,21
5172.5,1
5174.7,12
5175.2,18
5176.0,9
5176.2,32
5176.5,30
5176.7,29
5176.8,26
5177.2,0
5178.4,37
5178.6,2
5179.4,17
5180.2,7
5181.6,27
5182.2,20
5183.8,23
5184.1,13
5184.3,3
5184.3,16
5184.3,28
5184.4,15
5184.6,34
5184.8,36
5185.0,33
5185.0,35
5185.5,8
5185.8,6
5186.3,32
5186.5,30
5186.9,25
5186.9,39
5187.1,18
5187.1,22
5187.1,38
5188.7,19
5188.8,0
5189.3,20
5190.0,4
5190.1,9
5190.3,37
5190.5,21
5191.9,34
5194.3,7
5194.4,10
5195.8,27
5195.8,30
5196.1,23
5197.2,33
5197.3,26
5197.6,2
5198.0,25
5198.4,0
5198.4,15
5198.5,11
5199.7,20
5200.0,6
5200.4,37
5200.8,13
5201.2,18
5201.2,32
5201.5,36
5201.6,29
5201.8,35
5202.2,22
5202.4,38
5202.7,7
5203.4,14
5204.3,16
5204.5,0
5205.3,34
5205.4,30
5205.8,33
5206.6,9
5206.6,27
5207.2,21
5207.4,1
5207.6,5
5209.2,37
5210.1,23
5210.9,6
5211.0,17
5211.3,15
5211.4,20
5211.7,2
5211.7,4
5212.3,30
5212.3,35
5212.8,12
5213.0,19
5213.1,18
5213.7,13
5213.8,39
5214.8,25
5215.3,32
5215.6,3
5217.1,0
5217.5,38
5217.8,37
5217.9,9
5218.0,10
5218.2,24
5218.2,36
5218.3,27
5218.7,7
5219.0,30
5219.2,20
5219.2,34
5220.2,33
5220.6,11
5221.1,6
5221.4,29
5222.1,22
5222.3,16
5222.5,15
5222.7,21
5222.9,26
5223.6,37
5225.3,0
5225.4,23
5226.0,18
5226.1,12
5226.7,30
5226.9,25
5229.0,28
5229.5,7
5229.9,32
5230.2,8
5230.5,20
5230.8,6
5231.9,2
5232.0,13
5232.3,5
5232.5,3
5232.7,18
5232.7,38
5232.9,4
5232.9,9
5232.9,30
5233.2,34
5233.7,1
5233.9,27
5234.1,15
5234.2,35
5234.6,14
5234.7,23
5235.1,33
5236.6,0
5237.7,17
5238.5,21
5238.9,37
5239.3,20
5239.4,22
5239.6,13
5240.9,19
5242.1,6
5243.4,32
5243.5,16
5244.1,36
5244.9,7
5245.9,30
5246.0,18
5246.0,25
5246.3,11
5246.4,10
5246.7,21
5246.7,38
5247.3,34
5248.0,37
5248.8,2
5249.7,23
5250.5,20
5250.6,12
5251.1,22
5251.2,0
5252.0,15
5252.7,35
5252.8,30
5253.0,13
5253.2,5
5253.9,6
5253.9,19
5254.4,29
5254.7,26
5254.9,32
5255.2,9
5255.7,21
5255.7,33
5257.2,11
5257.9,36
5258.1,7
5259.0,18
5259.0,27
5259.9,4
5260.2,0
5260.4,16
5260.5,38
5261.0,3
5261.2,24
5261.7,30
5261.9,20
5262.2,37
5262.9,23
5263.4,6
5264.4,15
5264.4,17
5264.7,34
5264.9,22
5265.6,32
5265.6,1
5265.6,33
5266.3,2
5266.5,25
5267.4,30
5267.7,7
5268.1,12
5268.6,0
5268.7,35
5268.9,20
5271.2,3
5271.2,5
5271.2,21
5271.7,11
5271.7,26
5272.1,13
5272.1,18
5272.2,14
5272.3,10
5273.1,9
5273.2,36
5273.4,6
5273.4,28
5274.1,39
5274.9,32
5276.5,23
5277.0,16
5277.1,30
5277.4,27
5278.0,37
5278.0,38
5279.0,33
5279.5,17
5279.6,15
5280.2,0
5281.0,25
5281.1,7
5282.5,20
5282.6,35
5283.0,18
5283.3,22
5283.6,4
5285.2,19
5285.4,32
5285.6,34
5287.1,27
5287.5,21
5287.6,29
5288.0,6
5288.1,8
5288.3,30
5288.7,12
5288.8,37
5289.0,23
5289.0,33
5289.1,36
5289.3,0
5289.5,9
5291.5,20
5292.3,15
5292.4,18
5293.2,38
5294.3,2
5295.4,5
5295.4,26
5295.5,1
5295.9,7
5296.4,34
5297.9,10
5298.4,30
5298.4,32
5299.1,11
5299.3,3
5300.2,37
5300.3,33
5300.5,35
5300.8,6
5301.9,25
5302.0,27
5302.1,0
5302.4,19
5302.8,23
5302.9,22
5303.2,9
5303.4,15
5303.7,4
5304.4,12
5304.6,20
5305.8,18
5306.5,7
5307.6,30
5308.3,16
5308.6,38
5308.8,21
5309.0,13
5309.2,37
5309.5,8
5310.1,10
5310.2,36
5310.3,0
5310.7,6
5311.1,14
5311.3,2
5311.3,9
5312.0,17
5312.2,32
5313.0,23
5313.1,20
5313.2,30
5313.6,27
5313.8,28
5314.2,34
5315.8,3
5316.7,5
5317.1,33
5317.4,35
5318.0,11
5318.1,1
5319.5,7
5321.5,21
5322.7,30
5323.0,18
5323.1,6
5323.1,39
5323.3,22
5323.4,37
5323.7,32
5323.9,15
5324.5,23
5324.8,27
5325.2,0
5325.2,20
5325.9,29
5326.2,3
5326.2,26
5326.5,25
5326.9,4
5328.1,30
5329.9,21
5330.6,38
5331.2,34
5331.5,7
5331.9,8
5331.9,36
5332.6,19
5332.7,2
5333.8,0
5334.8,11
5334.9,37
5335.3,13
5335.7,35
5336.0,9
5336.3,6
5336.4,33
5336.5,20
5336.7,32
5337.0,15
5337.2,18
5337.3,7
5337.6,16
5337.8,30
5338.0,5
5338.3,22
5339.7,0
5340.8,27
5342.3,12
5342.4,29
5342.8,3
5342.9,1
5343.9,23
5344.4,34
5345.3,6
5345.6,30
5346.1,37
5347.2,14
5347.2,38
5347.8,0
5348.3,35
5348.6,20
5348.7,10
5348.7,17
5348.8,21
5349.2,25
5349.7,11
5350.2,36
5351.3,19
5351.6,32
5351.7,7
5351.8,33
5352.4,9
5352.4,23
5353.0,18
5354.2,30
5354.3,6
5356.0,26
5356.3,4
5357.1,34
5357.2,5
5357.2,13
5357.8,20
5357.9,22
5360.1,36
5360.4,23
5360.7,25
5361.0,0
5362.0,2
5362.8,28
5362.8,35
5363.3,1
5363.4,38
5363.5,7
5364.0,30
5364.1,37
5364.2,18
5364.7,27
5364.9,12
5365.2,15
5365.8,33
5366.4,21
5367.0,17
5367.1,19
5367.3,34
5367.7,3
5368.0,39
5368.0,9
5368.2,14
5369.9,20
5370.2,11
5370.9,6
5371.3,23
5371.3,32
5371.4,0
5372.2,37
5372.8,30
5373.1,35
5373.4,7
5373.8,36
5374.9,26
5375.4,13
5375.4,16
5375.7,8
5376.5,25
5377.0,22
5377.5,27
5377.7,29
5378.3,18
5379.4,0
5379.8,6
5380.2,34
5380.6,10
5380.9,23
5381.1,4
5381.2,38
5381.3,1
5381.5,21
5381.8,12
5382.6,15
5382.7,30
5383.3,2
5384.0,32
5384.1,20
5384.2,5
5384.2,39
5384.7,7
5384.8,37
5385.7,33
5386.3,3
5389.2,9
5389.4,25
5390.0,17
5390.2,27
5390.4,36
5390.6,0
5390.6,30
5390.6,35
5390.9,18
5392.4,6
5392.7,34
5392.9,16
5392.9,23
5393.3,13
5393.5,19
5394.0,37
5394.2,5
5394.9,32
5395.1,22
5396.2,38
5396.6,14
5396.9,21
5397.2,20
5397.9,15
5398.4,11
5398.4,30
5399.1,0
5399.6,6
5400.1,27
5400.9,7
5401.3,33
5401.4,26
5401.9,34
5401.9,35
5403.1,28
5404.9,2
5405.1,21
5405.1,23
5405.1,30
5405.3,8
5405.4,36
5405.7,37
5405.8,1
5406.1,16
5406.2,12
5406.4,32
5406.5,10
5408.4,18
5408.7,9
5408.9,3
5409.0,20
5409.4,7
5409.4,25
5409.9,0
5410.8,17
5410.8,22
5410.8,13
5411.2,6
5412.6,30
5412.8,5
5412.8,11
5413.7,4
5413.8,15
5414.2,26
5414.4,37
5415.0,29
5415.2,36
5415.5,38
5415.8,32
5416.0,34
5416.3,25
5416.4,16
5417.1,0
5417.6,19
5417.8,23
5418.0,14
5418.5,12
5418.8,30
5420.1,20
5420.4,35
5420.5,7
5421.5,27
5422.2,6
5422.3,33
5423.5,21
5423.7,9
5424.1,39
5424.4,3
5424.4,18
5424.5,37
5424.9,15
5425.4,0
5425.5,17
5425.8,5
5426.7,30
5428.0,34
5429.0,23
5429.2,7
5429.8,6
5430.5,36
5430.5,38
5431.1,32
5431.6,13
5431.7,20
5431.7,22
5432.2,30
5432.4,8
5432.4,37
5433.0,2
5433.2,29
5433.3,35
5433.4,1
5433.9,33
5436.5,23
5437.1,0
5437.8,7
5438.7,15
5439.0,25
5439.4,27
5439.7,12
5440.1,26
5440.1,38
5440.4,21
5440.7,10
5440.9,30
5440.9,34
5441.4,20
5442.0,18
5442.2,37
5442.4,14
5442.4,19
5442.7,9
5443.0,6
5444.6,11
5444.9,35
5445.6,7
5446.4,0
5446.6,32
5447.0,22
5447.2,5
5447.2,16
5447.8,3
5448.2,4
5448.2,33
5448.3,17
5448.9,13
5449.6,23
5450.2,36
5451.4,37
5451.6,30
5451.9,38
5452.1,15
5452.2,25
5452.5,34
5452.7,2
5453.1,18
5453.8,20
5454.6,6
5454.8,0
5454.9,29
5455.3,27
5456.7,21
5457.6,19
5458.9,30
5459.0,7
5459.2,5
5461.4,32
5461.7,1
5461.8,20
5463.3,18
5464.3,37
5464.8,34
5464.9,13
5465.0,35
5465.2,26
5465.8,12
5466.3,23
5466.5,22
5466.6,30
5466.8,7
5466.8,33
5467.0,0
5467.0,9
5467.4,11
5467.5,25
5467.5,38
5467.9,10
5468.1,3
5469.1,6
5469.3,15
5470.4,36
5470.6,39
5470.7,17
5472.0,21
5472.4,16
5472.4,28
5472.5,14
5473.3,20
5474.2,32
5474.4,30
5474.7,0
5474.8,23
5475.2,22
5475.6,2
5477.5,27
5478.3,9
5478.5,4
5478.5,37
5478.7,26
5478.8,38
5479.3,8
5480.0,7
5480.0,34
5480.3,35
5480.8,6
5482.8,0
5482.9,30
5483.3,25
5484.2,15
5484.2,29
5484.6,1
5484.8,13
5485.6,21
5485.9,32
5485.9,36
5486.5,18
5486.5,33
5487.0,14
5487.5,3
5487.5,5
5487.7,20
5488.5,19
5490.6,7
5490.6,38
5490.7,37
5491.2,0
5491.5,6
5491.7,23
5491.8,10
5491.8,30
5492.1,22
5492.1,34
5492.5,35
5494.9,17
5496.4,11
5497.5,4
5497.8,9
5497.8,15
5498.0,27
5499.2,32
5499.2,20
5499.5,30
5500.1,21
5500.3,7
5500.7,18
5500.7,25
5501.3,0
5501.9,22
5502.1,23
5503.2,37
5504.1,2
5504.4,34
5505.2,13
5505.5,28
5505.9,33
5506.0,6
5506.3,38
5506.7,16
5507.1,17
5507.1,35
5507.2,1
5507.7,5
5507.8,36
5508.4,32
5508.7,20
5508.9,30
5509.8,15
5511.3,26
5511.3,37
5511.4,0
5511.7,27
5512.1,9
5512.2,7
5512.2,25
5512.7,3
5512.8,21
5512.9,12
5513.7,8
5513.9,23
5514.1,6
5514.8,11
5515.6,4
5516.3,14
5517.1,30
5517.4,29
5517.6,18
5517.7,19
5519.0,10
5519.3,34
5519.3,39
5519.4,20
5519.5,37
5519.8,7
5519.9,38
5520.0,0
5520.1,32
5520.5,17
5521.4,33
5523.1,36
5523.2,21
5525.1,25
5525.4,15
5525.6,6
5526.8,30
5526.9,27
5527.4,22
5527.7,35
5528.4,2
5528.7,0
5528.7,26
5528.8,37
5529.6,16
5530.1,23
5530.2,11
5530.4,12
5531.0,1
5531.1,20
5532.4,32
5532.5,6
5533.0,36
5533.0,38
5533.7,9
5534.0,0
5534.1,30
5534.2,13
5534.6,15
5534.6,18
5534.6,34
5535.7,21
5535.8,10
5538.6,7
5539.4,35
5539.8,28
5540.0,20
5540.3,2
5540.3,4
5540.5,14
5541.0,33
5541.3,5
5542.5,22
5542.7,17
5542.8,0
5542.9,30
5543.2,27
5543.3,37
5544.9,23
5545.1,32
5545.6,19
5546.1,29
5546.9,25
5547.6,6
5548.5,8
5548.9,18
5549.0,22
5549.1,1
5549.1,34
5549.1,3
5549.3,12
5549.3,38
5549.5,7
5550.3,15
5551.9,20
5553.2,36
5553.5,9
5553.7,0
5554.4,16
5554.4,21
5554.4,30
5554.9,26
5554.9,33
5555.2,35
5555.4,37
5556.0,32
5556.1,13
5557.1,11
5557.6,10
5558.0,27
5558.4,23
5558.5,20
5558.9,5
5559.2,17
5560.0,12
5560.3,7
5560.3,30
5561.7,18
5562.5,34
5563.6,19
5564.6,14
5565.1,35
5565.6,6
5565.7,25
5565.9,22
5566.2,0
5567.0,32
5567.3,2
5567.3,3
5567.3,38
5567.4,37
5567.7,21
5568.0,33
5568.6,30
5569.6,20
5570.0,15
5570.6,36
5571.2,11
5573.0,7
5573.5,26
5573.5,13
5573.8,27
5574.5,18
5574.5,34
5574.9,1
5575.4,9
5576.1,30
5576.8,0
5576.9,6
5576.9,23
5577.2,20
5577.9,4
5577.9,37
5578.7,5
5578.8,8
5578.9,38
5579.0,32
5581.1,25
5581.1,33
5581.5,16
5581.7,22
5583.3,34
5583.4,30
5583.7,28
5583.9,15
5584.7,35
5585.2,21
5585.5,0
5585.5,17
5585.6,7
5585.6,37
5585.7,20
5586.7,23
5586.8,18
5591.0,30
5591.1,12
5591.2,38
5591.8,36
5592.4,39
5592.6,27
5592.9,6
5593.7,0
5593.8,19
5594.3,4
5594.7,26
5594.7,33
5595.2,34
5595.9,3
5596.2,15
5596.5,7
5597.2,20
5597.4,5
5597.6,2
5597.9,32
5598.5,14
5599.1,37
5599.8,10
5600.3,0
5600.5,9
5600.6,21
5601.7,13
5601.9,30
5602.2,16
5602.4,22
5603.2,8
5604.3,20
5604.3,25
5604.5,23
5604.6,1
5604.8,18
5605.2,35
5606.0,36
5606.1,33
5606.9,6
5607.8,38
5608.4,32
5609.6,34
5610.4,15
5610.7,7
5610.7,37
5611.6,30
5612.3,17
5612.6,5
5614.0,12
5614.2,21
5614.5,0
5614.5,3
5614.5,11
5614.6,16
5615.3,19
5615.5,27
5615.7,20
5616.0,6
5616.0,14
5616.7,35
5617.9,23
5619.8,37
5620.9,7
5621.1,22
5621.2,25
5621.4,33
5621.5,13
5621.5,30
5622.0,29
5622.2,26
5622.3,4
5622.3,34
5622.8,28
5623.7,38
5623.8,18
5623.8,32
5623.8,36
5624.6,6
5624.9,0
5626.5,21
5626.8,2
5627.1,15
5627.8,17
5627.8,35
5628.2,20
5628.3,30
5629.2,7
5630.1,37
5630.2,12
5630.2,27
5630.5,26
5632.1,0
5632.3,34
5633.8,23
5634.1,9
5634.4,6
5635.5,22
5635.7,32
5635.8,8
5637.0,33
5637.4,30
5637.7,38
5638.6,18
5638.7,5
5638.9,20
5639.0,3
5639.9,4
5639.9,7
5640.5,16
5640.6,14
5640.9,11
5641.2,13
5641.2,36
5641.3,37
5641.4,1
5641.7,0
5644.5,15
5645.3,25
5645.6,19
5645.8,30
5646.0,21
5646.4,6
5646.6,9
5647.8,17
5647.9,29
5648.6,18
5648.6,23
5649.0,33
5649.1,20
5649.6,38
5650.1,32
5650.4,34
5650.4,35
5650.7,0
5651.3,26
5653.7,27
5653.9,2
5654.2,22
5655.4,7
5655.6,30
5656.3,12
5657.8,1
5658.1,8
5658.1,10
5658.3,38
5658.4,6
5658.5,21
5658.9,37
5659.3,36
5659.4,0
5659.5,35
5659.9,9
5660.6,13
5660.6,15
5660.8,39
5661.1,20
5661.7,25
5662.7,18
5662.9,19
5663.3,5
5663.4,32
5663.6,34
5664.1,23
5664.5,33
5665.0,22
5666.0,0
5666.8,11
5667.5,30
5667.5,38
5669.3,15
5669.5,2
5669.6,3
5669.8,16
5669.9,14
5670.0,26
5670.2,37
5670.5,36
5670.7,6
5671.1,7
5671.3,32
5671.5,20
5673.6,8
5674.3,17
5674.3,35
5675.3,4
5675.6,12
5676.0,21
5676.7,34
5676.8,18
5676.8,28
5676.9,0
5677.1,27
5677.5,25
5677.7,30
5677.8,23
5678.5,33
5679.2,11
5679.8,7
5680.0,36
5681.1,6
5681.3,20
5681.6,37
5682.7,5
5682.8,32
5683.7,38
5685.7,13
5685.7,22
5685.8,29
5686.0,30
5686.1,16
5686.2,35
5686.3,12
5686.5,14
5686.7,19
5687.0,25
5687.6,34
5688.0,2
5688.2,9
5688.6,0
5690.1,18
5690.2,20
5690.7,26
5691.2,15
5691.2,21
5692.0,7
5692.4,32
5692.9,23
5693.0,37
5693.1,24
5693.1,36
5693.6,30
5694.3,33
5694.3,35
5694.4,0
5695.4,1
5695.4,6
5696.5,27
5697.6,22
5698.5,38
5698.7,5
5700.2,8
5700.2,20
5700.4,17
5700.4,18
5701.1,10
5701.9,19
5702.2,4
5702.3,7
5702.3,15
5702.4,11
5702.9,30
5703.4,3
5703.9,37
5704.0,32
5704.9,0
5705.1,21
5705.6,23
5705.9,39
5706.2,16
5706.3,35
5706.6,24
5706.7,33
5707.1,34
5708.2,25
5708.3,26
5709.9,1
5710.0,9
5710.1,14
5711.0,2
5711.0,36
5711.7,30
5712.1,13
5712.2,6
5712.4,0
5712.6,32
5713.3,20
5713.8,7
5714.0,21
5714.3,28
5716.1,38
5716.6,34
5717.8,30
5718.1,37
5718.3,15
5719.0,12
5719.2,11
5720.2,29
5720.3,33
5720.5,23
5720.8,35
5721.5,3
5721.5,10
5721.5,22
5721.6,0
5722.1,27
5722.3,20
5722.7,1
5722.8,17
5722.8,18
5722.9,5
5723.1,25
5723.2,32
5724.7,6
5724.7,30
5724.7,36
5726.8,37
5726.9,7
5728.9,9
5729.6,16
5730.0,19
5730.8,21
5730.8,38
5731.7,14
5731.8,13
5732.1,2
5733.5,0
5734.6,32
5734.6,37
5734.8,26
5734.9,30
5735.4,15
5736.2,23
5736.6,33
5737.0,29
5737.5,11
5737.5,35
5738.1,34
5738.2,4
5738.2,27
5738.3,18
5738.3,20
5739.6,22
5739.7,6
5742.6,30
5743.2,21
5743.8,12
5744.2,7
5744.5,3
5745.2,28
5745.2,32
5745.8,36
5745.8,37
5746.0,9
5746.2,25
5746.6,38
5747.2,1
5748.4,0
5748.4,6
5748.7,16
5748.7,30
5748.8,23
5750.0,10
5750.0,20
5750.2,15
5750.2,27
5750.6,33
5750.7,2
5751.0,13
5751.2,19
5751.2,35
5752.1,18
5753.2,34
5754.4,5
5754.6,17
5754.8,26
5755.2,32
5756.3,11
5756.5,37
5756.7,21
5757.5,30
5757.8,22
5758.3,7
5759.5,0
5760.1,25
5760.3,38
5761.0,20
5761.4,15
5761.7,34
5761.8,23
5762.2,9
5762.5,14
5762.8,12
5763.9,30
5764.2,36
5764.2,37
5764.6,35
5765.1,7
5768.0,6
5768.3,21
5768.7,8
5768.8,18
5769.2,39
5769.4,27
5769.5,4
5769.8,29
5769.9,32
5770.1,2
5770.8,3
5770.8,11
5771.1,0
5771.1,22
5771.9,30
5771.9,33
5772.2,13
5772.3,34
5773.2,17
5773.5,26
5774.2,25
5774.7,24
5775.1,20
5775.5,19
5775.8,15
5775.8,23
5776.4,10
5776.4,38
5777.1,37
5777.2,35
5778.3,0
5779.1,30
5779.6,9
5780.0,18
5780.4,7
5781.1,5
5781.6,1
5781.6,6
5782.3,32
5782.5,28
5782.6,16
5782.7,36
5784.5,20
5784.7,30
5786.1,14
5786.4,22
5786.4,23
5786.7,27
5787.6,34
5788.0,21
5788.2,12
5788.3,11
5788.3,33
5788.8,0
5788.8,37
5789.1,2
5789.4,18
5789.7,38
5789.8,8
5789.8,15
5790.5,39
5791.1,25
5791.4,20
5793.0,30
5793.6,6
5793.7,7
5793.8,3
5795.7,26
5797.2,17
5798.2,13
5798.3,19
5798.3,35
5799.0,29
5799.1,21
5799.7,9
5799.7,20
5799.8,37
5799.9,32
5800.7,25
5800.8,0
5801.0,4
5801.0,5
5801.7,15
5802.0,10
5802.2,30
5802.5,33
5803.5,34
5804.2,23
5804.6,7
5805.0,36
5806.1,11
5806.6,6
5808.3,18
5808.3,20
5808.4,2
5808.9,0
5808.9,38
5810.3,32
5810.5,35
5810.9,21
5810.9,27
5810.9,30
5811.2,22
5811.3,3
5812.4,37
5814.7,7
5815.3,6
5816.4,16
5816.4,33
5817.4,36
5817.6,23
5818.5,15
5819.6,1
5819.9,14
5820.2,34
5821.1,32
5821.4,0
5822.5,25
5822.8,9
5822.9,35
5823.3,11
5823.3,30
5823.5,12
5823.5,20
5823.8,29
5823.9,13
5824.3,18
5824.4,8
5824.7,38
5825.7,7
5825.8,36
5826.9,21
5827.1,17
5827.4,37
5827.5,5
5827.8,22
5828.6,4
5829.6,27
5830.3,0
5831.1,26
5831.2,30
5832.1,6
5832.2,23
5832.5,16
5832.5,28
5832.7,32
5832.9,19
5833.0,33
5833.5,37
5834.0,12
5834.4,39
5834.5,10
5834.8,20
5835.3,35
5835.7,34
5837.2,15
5837.5,1
5837.8,7
5838.1,38
5838.6,2
5840.6,25
5841.3,6
5841.4,30
5841.8,3
5842.8,18
5842.9,32
5843.6,0
5844.3,13
5845.5,22
5845.8,21
5845.8,23
5846.4,37
5847.3,33
5847.6,4
5848.1,20
5848.4,26
5848.7,38
5849.2,30
5849.4,9
5849.4,27
5849.6,6
5849.7,17
5849.7,34
5849.8,2
5850.0,7
5850.1,14
5850.3,35
5850.7,5
5851.2,36
5851.3,19
5851.7,0
5851.8,15
5852.8,18
5853.4,11
5853.8,1
5854.9,37
5856.0,32
5856.5,23
5856.9,30
5857.9,25
5858.0,12
5858.7,27
5859.3,21
5860.1,22
5860.3,20
5861.6,13
5862.0,6
5862.4,16
5862.5,26
5862.9,29
5863.1,7
5863.2,0
5863.2,34
5863.4,2
5863.5,32
5863.8,35
5863.9,3
5863.9,17
5863.9,33
5864.1,19
5864.3,18
5864.6,15
5865.3,30
5866.0,38
5867.3,39
5867.6,20
5868.2,37
5869.1,36
5869.3,21
5870.3,5
5870.4,10
5870.5,0
5871.0,14
5871.1,25
5871.4,9
5871.5,4
5872.3,27
5873.3,7
5873.4,23
5874.0,30
5875.0,38
5875.3,22
5875.4,12
5875.7,3
5875.9,6
5876.1,1
5877.5,35
5877.6,34
5878.3,15
5878.3,37
5878.7,2
5879.3,20
5879.4,19
5879.4,33
5881.3,30
5881.4,32
5881.5,0
5881.5,13
5883.9,26
5884.5,5
5885.2,21
5885.5,6
5885.5,8
5886.4,18
5886.4,29
5886.9,11
5887.0,17
5887.3,28
5888.2,22
5888.2,25
5888.8,32
5889.4,0
5889.6,36
5890.2,20
5890.3,35
5890.6,30
5891.2,12
5891.4,37
5891.4,38
5892.1,7
5892.8,34
5893.1,6
5894.8,1
5895.1,23
5895.4,9
5895.4,13
5895.8,33
5896.2,27
5897.0,4
5897.3,18
5897.3,30
5897.5,15
5897.7,0
5898.1,20
5898.6,2
5899.4,10
5899.7,21
5900.8,3
5901.2,5
5901.3,36
5901.5,37
5902.6,19
5902.8,26
5903.0,22
5903.1,6
5903.1,32
5903.6,25
5904.9,16
5905.3,38
5906.0,14
5906.0,33
5906.1,35
5906.2,20
5906.6,15
5907.0,7
5907.4,39
5907.6,30
5908.4,12
5908.5,29
5908.7,11
5910.0,37
5910.6,0
5911.0,34
5911.9,9
5913.3,18
5913.4,32
5913.5,23
5914.3,22
5915.0,4
5915.0,6
5915.0,27
5915.2,30
5915.7,17
5915.9,5
5915.9,36
5916.0,15
5916.7,1
5916.7,21
5917.1,26
5917.2,8
5918.2,0
5919.8,7
5920.1,20
5920.2,33
5920.8,25
5920.9,38
5921.2,37
5922.2,13
5924.1,21
5924.8,22
5925.0,14
5925.0,34
5925.1,30
5925.3,6
5925.5,35
5926.0,18
5926.2,23
5926.4,3
5926.4,32
5926.6,9
5927.4,7
5927.5,2
5927.5,26
5927.5,16
5927.5,19
5928.4,11
5929.0,17
5931.1,20
5931.4,37
5931.8,0
5932.7,33
5932.8,15
5932.8,36
5933.1,27
5934.0,30
5934.2,12
5935.3,1
5936.0,10
5936.7,6
5937.7,25
5938.7,23
5938.8,7
5939.0,5
5939.2,32
5939.2,38
5939.4,0
5939.4,22
5940.5,21
5941.0,30
5941.1,34
5941.2,37
5942.6,13
5943.8,18
5944.2,26
5944.8,29
5945.0,4
5945.1,14
5946.1,9
5946.7,0
5946.7,19
5946.7,20
5947.0,33
5947.3,39
5947.4,35
5947.5,30
5948.0,34
5948.9,27
5949.1,11
5949.2,32
5949.5,38
5949.7,6
5950.6,7
5950.8,15
5951.3,22
5953.6,30
5953.8,37
5954.2,23
5954.3,21
5954.6,1
5955.3,2
5955.3,16
5955.3,28
5955.6,5
5956.2,18
5956.2,25
5956.3,36
5956.4,17
5956.5,3
5956.7,20
5957.4,8
5958.2,0
5959.0,38
5959.6,9
5961.0,30
5961.9,13
5961.9,34
5962.1,7
5962.2,15
5962.8,33
5963.2,37
5963.6,29
5965.2,22
5965.5,35
5965.6,6
5965.9,32
5966.5,30
5966.6,11
5966.6,26
5966.8,14
5967.1,23
5967.4,20
5967.7,4
5967.8,12
5967.9,0
5969.0,9
5970.1,18
5971.5,38
5971.6,21
5973.3,30
5973.5,17
5973.7,27
5974.1,15
5974.2,5
5974.2,37
5974.4,13
5975.1,34
5975.9,7
5976.3,3
5976.6,0
5978.7,19
5979.6,25
5979.8,36
5979.9,35
5980.5,6
5980.8,22
5981.1,32
5981.6,1
5981.6,2
5981.6,20
5982.3,10
5982.4,30
5982.6,23
5983.1,7
5983.1,33
5983.2,21
5983.5,8
5983.7,24
5983.7,37
5984.0,11
5984.2,18
5984.2,38
5984.5,0
5986.5,20
5986.9,17
5987.0,9
5987.2,12
5987.5,34
5988.8,30
5990.7,27
5992.1,13
5992.6,26
5992.7,25
5992.7,29
5993.0,4
5993.0,6
5993.2,19
5993.3,15
5993.4,23
5993.8,30
5994.4,7
5994.5,37
5994.8,32
5994.8,33
5996.3,38
5997.2,20
5998.4,14
5998.7,16
5999.7,36
6000.1,0
6000.1,35
6000.5,22
6000.9,21
6001.0,11
6001.0,34
6001.5,6
6001.7,15
6002.2,39
6002.6,37
6002.8,23
6003.4,2
6003.7,5
6003.7,18
6004.8,30
6005.1,7
6006.6,20
6006.8,3
6007.3,32
6007.6,22
6008.1,9
6008.6,0
6009.4,38
6009.5,30
6009.6,26
6009.7,33
6010.7,27
6012.1,23
6012.9,11
6013.4,13
6013.5,5
6013.9,1
6015.0,35
6015.2,37
6015.3,12
6015.3,17
6015.4,15
6015.4,29
6015.5,6
6015.5,25
6015.5,34
6015.7,36
6015.8,19
6015.9,32
6016.1,0
6016.2,7
6016.7,21
6016.8,30
6017.0,18
6017.3,8
6017.6,20
6020.4,10
6021.3,9
6022.1,6
6023.6,38
6023.7,3
6024.1,28
6024.2,26
6024.5,7
6024.6,30
6025.8,33
6026.0,22
6026.1,4
6026.6,21
6026.9,14
6026.9,35
6027.0,11
6028.0,16
6028.0,37
6028.1,0
6028.8,34
6028.9,2
6029.1,23
6029.6,32
6030.2,20
6031.3,27
6031.7,15
6032.1,25
6033.4,7
6034.4,36
6034.7,30
6034.9,6
6035.9,18
6036.2,13
6036.8,21
6037.2,26
6037.3,35
6037.3,0
6038.0,37
6038.2,32
6038.4,20
6038.8,23
6039.2,12
6041.1,9
6041.2,11
6041.2,38
6042.4,33
6042.7,5
6042.7,15
6043.3,22
6043.8,7
6044.7,34
6044.8,30
6045.9,16
6046.3,37
6047.4,18
6047.4,20
6047.4,39
6047.5,6
6047.5,14
6047.6,32
6047.6,0
6047.8,2
6047.8,17
6050.4,27
6050.7,3
6051.5,25
6051.5,33
6051.8,29
6053.4,21
6053.7,23
6053.7,19
6054.2,22
6054.2,30
6054.5,7
6054.8,4
6054.8,12
6055.2,1
6055.5,38
6056.2,35
6056.6,0
6058.0,34
6058.2,8
6058.5,10
6058.7,37
6058.8,15
6058.8,32
6059.1,18
6059.3,36
6059.4,6
6059.4,13
6059.7,5
6060.9,20
6061.5,9
6061.6,30
6062.0,14
6062.2,0
6062.9,26
6064.1,11
6065.9,7
6066.4,28
6066.8,17
6067.0,23
6067.1,3
6067.2,33
6067.4,21
6067.6,27
6067.7,37
6067.7,34
6068.0,22
6068.4,2
6068.8,30
6069.1,38
6069.3,6
6070.7,32
6071.1,20
6073.0,35
6073.3,18
6073.8,0
6074.0,13
6074.7,15
6075.6,25
6076.4,36
6076.6,12
6076.8,7
6076.9,11
6077.3,16
6077.3,30
6077.6,5
6077.9,37
6078.4,1
6078.9,21
6080.3,32
6081.7,14
6081.8,0
6082.0,33
6082.9,6
6083.0,19
6083.0,20
6083.7,23
6084.0,9
6084.3,34
6084.6,3
6085.0,29
6085.1,26
6085.6,30
6085.7,38
6086.0,22
6086.3,39
6086.4,27
6087.0,35
6087.4,15
6089.0,2
6089.1,21
6089.5,8
6089.9,0
6090.9,4
6091.4,6
6091.8,12
6091.8,18
6092.0,13
6092.0,37
6092.3,25
6092.7,11
6093.1,20
6093.2,17
6093.6,7
6093.8,36
6095.3,32
6096.0,30
6096.3,28
6097.0,34
6098.7,0
6098.7,15
6098.7,22
6099.4,33
6099.7,38
6100.4,6
6100.4,23
6100.6,37
6100.8,18
6102.0,5
6102.3,27
6102.6,29
6104.3,14
6104.3,30
6104.8,7
6104.9,19
6105.1,20
6105.2,1
6105.5,10
6106.6,25
6107.2,17
6107.3,2
6108.0,9
6108.1,21
6108.1,37
6108.2,4
6108.6,34
6109.4,35
6109.7,32
6110.1,30
6110.4,0
6110.9,33
6111.0,3
6113.1,13
6113.1,16
6113.3,5
6113.4,7
6113.5,18
6114.6,15
6114.7,38
6115.0,20
6115.6,26
6115.7,6
6115.8,34
6116.8,0
6117.6,37
6117.9,27
6118.0,30
6118.0,11
6118.5,29
6118.7,36
6118.9,12
6119.5,32
6121.1,22
6122.3,23
6123.6,33
6124.2,21
6124.6,7
6125.7,10
6125.9,2
6125.9,6
6126.2,13
6126.6,8
6127.1,30
6127.2,20
6127.4,9
6127.5,39
6127.7,25
6127.8,17
6127.8,38
6127.9,36
6128.2,35
6128.3,18
6128.4,15
6128.6,4
6128.7,0
6128.7,14
6130.2,32
6130.4,11
6130.8,37
6131.2,5
6131.6,34
6131.7,3
6134.1,22
6134.3,27
6134.8,23
6135.0,19
6135.6,20
6135.8,16
6136.2,30
6136.9,18
6137.0,25
6137.9,35
6137.9,7
6138.1,6
6138.3,33
6138.5,26
6138.7,0
6141.9,38
6142.3,1
6142.4,21
6142.4,9
6142.7,17
6143.3,34
6143.5,30
6143.9,15
6144.1,2
6145.0,23
6145.4,13
6145.4,37
6146.1,32
6146.3,12
6146.6,6
6146.7,20
6146.7,27
6146.9,29
6148.1,0
6148.2,5
6148.2,18
6148.4,25
6148.6,7
6149.7,30
6150.1,11
6152.6,4
6152.9,3
6153.8,22
6154.0,35
6154.3,36
6154.6,34
6155.0,20
6155.0,33
6155.2,26
6155.8,38
6157.0,14
6157.0,32
6157.2,21
6157.6,0
6157.6,37
6157.9,7
6160.2,30
6161.3,6
6162.5,18
6163.1,23
6163.1,34
6163.3,17
6164.3,19
6165.0,15
6165.3,9
6165.5,2
6165.7,5
6165.8,8
6165.9,0
6166.8,38
6167.5,26
6167.8,35
6168.0,33
6168.5,20
6168.5,37
6169.9,30
6170.0,6
6170.1,7
6170.2,36
6171.7,11
6172.2,32
6173.6,13
6174.4,25
6174.9,18
6175.1,22
6175.3,21
6175.8,30
6177.3,0
6177.3,23
6177.5,37
6177.7,35
6177.9,33
6179.2,20
6179.5,27
6179.6,4
6180.1,34
6181.2,3
6181.2,17
6181.4,14
6181.6,26
6181.6,29
6181.6,39
6181.7,6
6181.8,1
6181.9,12
6182.0,10
6182.4,2
6182.4,15
6182.9,7
6183.1,5
6183.7,30
6184.0,32
6185.6,38
6187.2,23
6187.5,36
6187.6,18
6188.7,9
6188.9,12
6189.4,13
6189.6,37
6189.7,0
6190.1,30
6190.6,8
6191.6,19
6192.7,22
6192.7,33
6193.2,16
6193.3,21
6193.4,27
6193.6,32
6194.3,20
6194.6,6
6196.0,7
6196.9,30
6198.2,35
6198.4,0
6198.4,39
6198.5,37
6198.5,38
6198.7,15
6198.9,4
6199.3,2
6199.3,25
6199.3,26
6199.4,28
6199.5,23
6199.7,14
6200.2,18
6200.4,11
6202.2,20
6202.9,34
6203.0,32
6203.1,12
6203.7,27
6204.4,30
6204.6,3
6204.6,6
6205.1,19
6205.4,33
6205.6,22
6205.9,0
6207.6,23
6208.7,1
6210.4,9
6210.9,30
6211.0,26
6211.0,37
6211.3,21
6211.7,7
6211.9,13
6212.5,20
6213.3,38
6213.5,36
6213.8,27
6214.7,35
6215.9,29
6216.3,32
6216.4,15
6216.8,17
6216.8,6
6217.4,34
6217.5,0
6217.7,2
6218.2,14
6220.3,22
6220.7,25
6220.8,21
6221.1,10
6221.1,37
6221.1,39
6221.2,5
6222.5,30
6223.3,7
6223.4,9
6223.6,18
6224.3,16
6224.4,0
6224.7,6
6224.7,20
6225.3,33
6226.9,36
6227.2,4
6227.4,3
6227.8,35
6229.0,37
6229.0,11
6229.5,23
6229.9,19
6230.7,32
6231.2,18
6231.7,1
6232.0,27
6232.2,12
6232.6,26
6232.6,30
6232.8,34
6233.0,15
6233.2,21
6234.0,17
6234.1,38
6234.3,20
6234.8,13
6234.8,29
6235.0,0
6236.4,25
6236.9,6
6239.3,22
6240.7,9
6240.8,23
6240.8,33
6241.2,30
6241.3,24
6241.4,2
6241.5,7
6241.7,38
6241.8,0
6242.1,37
6242.2,3
6242.3,36
6242.4,10
6242.6,15
6242.7,19
6242.7,14
6243.0,32
6243.2,21
6243.7,35
6244.4,11
6245.1,6
6246.3,18
6247.0,20
6248.6,27
6249.3,16
6249.6,34
6250.0,5
6250.2,37
6250.4,1
6250.6,8
6251.1,13
6251.4,25
6251.8,30
6252.7,38
6253.0,22
6253.5,0
6253.7,35
6253.7,36
6253.9,9
6254.6,17
6254.9,7
6255.8,26
6255.9,32
6256.2,15
6257.5,23
6258.7,20
6259.1,6
6259.1,18
6259.6,4
6259.6,34
6260.4,19
6260.7,33
6261.0,28
6261.4,37
6261.8,30
6262.0,0
6264.0,12
6264.4,7
6265.4,35
6266.3,38
6267.0,14
6267.1,11
6267.6,39
6267.8,15
6267.8,37
6267.9,1
6268.0,27
6268.6,6
6268.8,20
6268.8,25
6269.0,32
6269.3,13
6269.9,21
6270.1,30
6270.5,23
6270.5,26
6270.9,0
6271.1,18
6271.5,19
6271.8,17
6272.4,5
6273.0,29
6273.5,3
6273.8,10
6274.3,2
6276.3,33
6277.1,30
6277.2,7
6278.1,38
6278.4,22
6278.4,37
6278.5,36
6279.1,34
6279.2,15
6280.1,0
6280.2,4
6280.8,16
6281.0,6
6281.1,32
6281.3,27
6281.6,9
6281.7,20
6281.9,23
6282.1,12
6282.3,21
6282.4,11
6282.6,35
6282.8,30
6283.7,13
6283.9,18
6286.0,28
6286.2,25
6286.9,8
6289.0,20
6289.2,14
6289.6,7
6289.9,0
6291.5,37
6291.5,23
6292.4,30
6292.4,33
6292.9,21
6293.0,38
6293.0,19
6293.3,26
6294.3,3
6294.5,6
6295.0,2
6295.0,15
6295.2,9
6295.5,27
6295.9,32
6296.2,13
6296.6,34
6296.8,35
6297.1,5
6297.7,30
6298.0,22
6299.1,1
6299.4,0
6299.5,16
6300.8,17
6301.0,25
6301.3,7
6301.9,18
6302.0,20
6302.5,37
6302.8,6
6303.1,39
6303.9,36
6304.0,23
6304.7,33
6305.2,29
6305.5,30
6306.9,4
6307.0,32
6307.3,11
6307.4,35
6307.5,12
6308.4,19
6308.7,26
6309.6,38
6309.8,21
6310.0,0
6310.1,20
6310.3,6
6310.6,34
6312.2,14
6312.5,15
6313.1,37
6313.7,28
6313.8,30
6314.3,5
6314.3,27
6314.6,9
6314.9,23
6315.0,8
6315.0,13
6317.4,7
6317.4,25
6318.1,10
6318.2,24
6318.3,22
6318.6,20
6319.0,0
6319.6,17
6320.1,33
6320.7,30
6321.1,2
6321.5,6
6321.5,35
6323.5,32
6323.8,34
6323.8,38
6323.9,18
6324.3,36
6325.0,37
6325.0,4
6325.0,21
6325.2,16
6325.4,3
6325.9,7
6326.3,11
6326.6,23
6327.4,13
6327.5,30
6330.9,19
6331.1,0
6331.1,27
6332.5,12
6332.5,15
6332.9,36
6333.0,33
6333.1,6
6333.1,26
6333.2,1
6333.6,29
6333.7,20
6336.4,32
6337.0,5
6337.5,30
6338.5,7
6339.3,34
6339.4,3
6339.6,25
6339.9,38
6340.9,8
6340.9,22
6341.1,37
6341.4,21
6341.6,18
6341.7,0
6341.8,2
6342.1,23
6342.7,11
6344.3,20
6344.8,35
6345.0,30
6346.7,15
6346.7,17
6346.7,26
6346.7,27
6347.8,33
6347.9,32
6347.9,14
6348.2,0
6348.3,6
6348.4,9
6348.9,39
6350.1,36
6351.5,19
6351.6,30
6352.0,37
6352.2,7
6352.6,18
6352.8,11
6353.4,13
6353.5,4
6354.3,20
6355.1,0
6355.2,16
6355.2,34
6355.5,21
6356.5,29
6356.9,23
6357.3,3
6357.4,38
6357.6,6
6357.9,10
6357.9,25
6358.2,30
6359.1,12
6359.2,7
6359.2,18
6359.5,35
6359.7,22
6359.7,37
6360.3,26
6360.3,32
6360.6,1
6360.6,36
6361.0,27
6363.5,20
6363.7,15
6365.5,33
6366.5,30
6366.8,0
6368.2,6
6368.4,5
6369.3,4
6369.7,34
6369.8,11
6370.3,27
6370.5,2
6370.8,32
6370.9,9
6371.0,19
6371.1,23
6372.1,37
6373.1,3
6373.3,38
6373.5,25
6373.8,35
6374.0,30
6374.4,22
6375.3,12
6375.4,18
6375.4,21
6375.6,20
6375.7,0
6375.7,26
6376.1,7
6376.3,8
6378.0,33
6378.5,17
6378.9,16
6379.1,15
6381.3,13
6381.7,23
6381.7,32
6382.1,34
6382.1,37
6382.6,1
6382.9,6
6382.9,30
6382.9,36
6383.0,2
6383.5,35
6384.5,0
6384.7,20
6385.2,21
6387.4,28
6388.1,11
6388.1,39
6388.6,9
6388.7,19
6389.0,33
6389.6,37
6389.8,30
6390.1,38
6390.2,36
6390.3,5
6390.4,27
6391.1,7
6392.3,14
6392.6,18
6392.9,6
6392.9,23
6393.5,22
6394.7,20
6394.7,34
6394.9,15
6394.9,29
6395.0,13
6395.1,32
6395.2,3
6395.5,25
6396.1,0
6396.7,2
6397.6,35
6398.2,37
6399.4,17
6400.3,30
6400.4,26
6400.8,10
6401.9,4
6401.9,27
6402.2,33
6402.4,7
6403.7,0
6403.9,1
6405.4,36
6406.1,34
6406.3,5
6406.4,23
6407.3,32
6407.6,6
6407.6,22
6407.8,21
6408.1,38
6408.1,16
6408.6,13
6408.8,11
6409.2,30
6409.5,20
6410.3,37
6410.6,18
6410.8,12
6411.0,8
6411.8,2
6412.3,35
6413.3,7
6413.5,32
6414.1,19
6414.1,29
6415.0,27
6415.3,9
6415.8,0
6415.8,26
6416.2,34
6416.3,3
6416.3,25
6416.5,6
6416.5,10
6416.5,28
6416.7,30
6416.8,33
6420.9,5
6421.0,20
6421.6,23
6422.1,7
6422.2,36
6422.2,38
6422.9,14
6423.1,37
6423.9,21
6424.3,17
6424.4,22
6424.8,30
6425.1,1
6425.7,4
6425.9,2
6426.2,15
6426.3,18
6427.1,11
6427.4,32
6428.2,0
6428.3,27
6428.5,20
6428.7,16
6429.0,6
6429.0,39
6429.3,12
6429.6,13
6429.9,35
6430.1,23
6430.2,8
6430.8,37
6431.0,30
6431.3,25
6432.0,34
6433.9,33
6434.3,21
6435.0,38
6435.4,22
6435.8,9
6436.5,7
6436.9,28
6437.5,20
6437.7,14
6438.4,10
6438.7,24
6438.7,32
6439.0,19
6440.0,29
6440.2,6
6440.2,18
6440.3,30
6440.6,15
6440.6,26
6440.8,34
6441.5,0
6442.4,38
6443.7,37
6444.1,3
6444.4,25
6444.9,23
6445.4,36
6445.6,20
6446.5,11
6446.9,30
6447.1,7
6447.1,21
6447.2,13
6447.4,35
6447.6,33
6448.2,5
6448.5,4
6449.7,6
6451.0,0
6451.6,26
6453.3,2
6454.0,20
6454.6,27
6454.6,32
6455.2,12
6455.6,30
6456.1,1
6456.6,19
6456.7,22
6457.2,14
6457.7,17
6457.7,34
6457.7,37
6458.1,35
6458.7,18
6458.7,21
6459.3,15
6459.5,0
6459.6,7
6459.8,16
6461.3,23
6461.3,38
6462.2,8
6462.5,33
6462.9,30
6463.6,11
6463.8,36
6463.8,39
6464.1,6
6464.1,9
6464.1,32
6465.6,13
6466.1,3
6466.7,5
6466.8,20
6467.1,12
6468.6,34
6468.8,7
6469.1,29
6469.7,27
6470.0,2
6470.3,0
6470.6,25
6471.5,21
6471.5,37
6471.6,30
6472.4,18
6473.4,23
6474.1,10
6474.1,38
6474.2,1
6474.8,35
6475.7,22
6476.3,26
6477.2,17
6477.4,20
6477.7,32
6478.0,7
6478.4,33
6478.9,36
6479.3,6
6480.3,30
6481.1,0
6481.6,21
6481.6,34
6482.5,37
6483.3,14
6483.8,15
6484.3,12
6484.5,27
6485.0,9
6485.4,19
6485.7,28
6485.8,23
6486.1,25
6486.1,13
6486.3,6
6486.3,16
6486.4,18
6486.4,30
6487.6,20
6489.1,38
6490.8,22
6491.2,35
6491.5,32
6492.7,11
6493.5,0
6494.7,33
6495.0,23
6495.0,36
6495.2,34
6495.5,6
6495.7,7
6496.1,37
6496.8,26
6497.0,3
6497.2,30
6498.2,29
6498.3,4
6498.3,15
6499.2,21
6499.8,2
6500.0,20
6501.0,0
6501.7,7
6502.5,38
6504.2,27
6504.2,33
6504.8,6
6504.8,9
6504.8,17
6504.8,18
6504.9,5
6504.9,32
6505.2,22
6505.4,25
6505.7,34
6506.0,10
6506.0,19
6506.2,37
6506.4,39
6506.8,8
6507.1,30
6507.5,23
6510.5,11
6512.1,35
6512.5,0
6512.6,13
6512.7,36
6512.9,7
6512.9,38
6513.2,20
6515.1,21
6515.1,30
6515.2,14
6515.2,15
6515.4,16
6516.1,2
6517.4,33
6517.6,4
6518.2,32
6520.0,18
6520.1,12
6520.4,6
6520.5,37
6520.9,3
6521.4,25
6521.7,26
6521.8,19
6521.8,27
6522.1,7
6522.1,22
6522.9,0
6522.9,34
6523.0,9
6523.3,20
6523.3,23
6523.7,30
6525.7,11
6526.0,29
6527.5,38
6527.8,2
6527.9,35
6528.1,33
6528.1,36
6528.7,21
6529.6,25
6529.6,15
6530.7,30
6530.8,37
6530.8,17
6531.0,1
6531.0,7
6531.4,6
6532.1,13
6532.4,32
6533.1,34
6534.1,0
6534.2,22
6534.3,18
6534.8,10
6535.4,23
6535.6,5
6536.3,9
6536.4,20
6539.8,16
6539.8,30
6540.0,27
6541.1,3
6541.3,35
6541.5,15
6541.8,7
6541.8,26
6541.8,33
6542.0,19
6542.1,21
6542.3,14
6543.2,28
6543.6,39
6543.8,6
6544.0,0
6544.1,38
6544.4,37
6544.5,12
6545.0,5
6545.8,8
6546.2,22
6546.4,20
6547.1,23
6547.2,2
6547.9,30
6548.6,32
6549.4,1
6549.8,34
6551.3,7
6551.3,16
6551.9,0
6551.9,26
6551.9,36
6552.4,13
6552.7,25
6553.5,21
6554.0,30
6554.4,18
6555.4,6
6555.8,20
6556.0,35
6558.5,23
6558.7,27
6558.8,37
6559.0,33
6559.0,14
6559.3,9
6559.3,11
6559.6,15
6560.2,17
6560.3,0
6561.4,7
6562.4,4
6562.8,10
6563.1,3
6564.2,30
6564.4,34
6564.8,22
6565.0,36
6565.3,26
6565.5,37
6565.7,32
6566.6,13
6566.6,18
6566.7,19
6566.8,6
6567.0,20
6567.2,29
6567.3,28
6569.4,8
6569.5,38
6569.8,0
6569.9,17
6570.8,21
6571.2,14
6571.2,23
6571.2,30
6573.7,35
6574.0,27
6574.0,33
6574.1,25
6576.6,32
6576.7,3
6576.8,11
6576.9,2
6577.0,7
6577.7,0
6578.2,6
6578.3,19
6578.6,30
6578.8,18
6578.9,34
6578.9,37
6579.1,15
6580.9,23
6581.1,20
6581.6,38
6582.5,1
6583.0,33
6585.1,22
6585.2,7
6585.4,14
6585.6,9
6586.6,6
6586.9,29
6587.1,13
6587.1,17
6587.1,34
6587.4,0
6587.4,12
6587.4,30
6587.7,16
6588.1,10
6588.1,27
6588.1,35
6588.1,36
6588.3,5
6589.2,37
6589.8,21
6590.4,20
6590.4,32
6590.9,18
6591.3,2
6591.3,25
6592.4,3
6592.8,26
6593.7,30
6595.0,33
6596.0,11
6597.2,38
6597.3,7
6597.7,0
6597.8,22
6598.6,4
6598.6,5
6599.7,37
6600.0,23
6600.0,30
6600.8,29
6601.2,18
6601.7,21
6601.7,35
6602.0,15
6602.0,20
6602.2,34
6603.7,6
6605.1,19
6605.3,27
6605.4,13
6605.8,9
6606.1,36
6606.4,32
6606.6,26
6608.9,30
6609.0,3
6609.1,21
6609.2,10
6609.3,33
6609.6,0
6609.9,14
6610.2,7
6610.2,20
6610.3,23
6610.7,17
6610.8,16
6610.9,28
6611.3,1
6612.4,12
6612.5,38
6612.7,22
6613.2,37
6613.6,2
6613.8,30
6613.9,34
6614.3,15
6614.6,9
6614.6,39
6614.8,11
6615.3,36
6616.3,25
6617.3,8
6618.8,0
6619.3,18
6619.6,6
6619.6,32
6620.8,20
6621.8,26
6622.3,4
6622.9,7
6623.3,30
6623.4,35
6623.4,37
6623.6,33
6624.0,5
6624.9,23
6625.0,27
6625.9,8
6626.0,22
6626.3,21
6627.0,34
6627.2,32
6627.4,15
6627.6,19
6628.5,38
6629.4,20
6629.5,36
6629.9,1
6630.1,30
6630.2,0
6630.5,13
6631.0,9
6632.1,2
6632.5,18
6633.7,6
6634.0,12
6634.0,25
6634.3,28
6634.5,29
6634.8,35
6635.4,3
6635.4,7
6636.2,33
6636.4,17
6637.3,22
6637.5,30
6638.4,34
6638.5,15
6638.7,23
6638.8,11
6639.1,32
6639.3,20
6639.5,37
6640.0,0
6642.6,6
6643.1,1
6643.1,27
6643.7,21
6643.9,7
6644.7,13
6645.9,38
6646.1,14
6646.5,18
6647.0,30
6647.6,4
6647.7,33
6648.0,26
6648.0,35
6648.5,19
6648.5,39
6648.7,12
6649.8,5
6650.8,25
6651.3,9
6651.6,17
6651.7,37
6652.1,16
6652.1,23
6652.2,8
6652.2,20
6652.6,15
6652.7,34
6652.8,32
6653.9,0
6653.9,30
6655.3,6
6655.8,7
6656.6,21
6657.7,27
6658.3,22
6658.5,13
6658.7,4
6659.2,3
6659.4,36
6659.6,10
6659.6,33
6660.0,37
6660.3,24
6660.3,34
6660.4,2
6660.5,23
6662.1,20
6662.4,30
6663.0,0
6663.2,1
6664.3,38
6666.2,15
6666.3,6
6666.3,32
6667.0,35
6667.6,14
6668.1,36
6668.3,28
6668.5,26
6668.6,18
6668.9,7
6669.1,25
6669.2,5
6669.3,37
6669.4,17
6669.4,21
6669.7,22
6670.0,19
6670.1,11
6670.3,20
6672.3,30
6672.5,9
6672.8,0
6673.7,23
6674.2,29
6674.2,34
6674.7,33
6678.7,7
6678.8,12
6678.9,21
6678.9,30
6678.9,38
6679.1,16
6680.4,1
6680.6,34
6680.8,22
6680.9,2
6681.0,20
6681.0,27
6681.0,32
6681.1,37
6681.2,6
6681.3,3
6681.8,18
6681.9,15
6682.0,35
6682.2,39
6682.3,0
6686.0,30
6686.1,36
6686.2,23
6686.3,33
6686.5,8
6686.9,13
6687.0,9
6688.6,6
6688.9,11
6689.6,20
6690.1,32
6690.3,34
6690.4,3
6690.5,7
6690.8,14
6691.4,25
6692.5,4
6692.5,27
6692.7,37
6693.0,10
6693.4,26
6693.7,30
6694.9,35
6695.8,17
6696.2,5
6696.2,0
6696.2,38
6696.7,20
6697.8,22
6697.9,29
6698.1,21
6698.9,28
6699.0,15
6699.6,33
6699.9,32
6701.1,36
6702.2,23
6702.2,30
6702.8,18
6702.8,37
6703.3,19
6703.5,6
6703.5,39
6703.6,13
6703.8,7
6704.0,9
6704.5,12
6704.9,0
6705.2,34
6705.7,20
6706.2,16
6706.5,25
6707.6,2
6708.1,11
6709.2,32
6709.9,38
6710.6,1
6710.6,35
6711.4,0
6711.9,21
6712.1,27
6712.1,30
6712.6,4
6713.3,18
6713.5,7
6713.9,14
6714.2,23
6714.2,37
6714.6,15
6714.9,33
6715.0,20
6716.6,22
6716.9,6
6717.7,34
6718.2,36
6719.0,3
6719.8,0
6720.6,13
6721.2,9
6721.2,26
6721.6,11
6721.7,30
6722.6,38
6723.8,5
6724.1,7
6724.8,32
6725.9,33
6725.9,37
6726.2,12
6726.2,21
6726.5,20
6726.9,29
6726.9,35
6727.4,23
6727.5,25
6727.8,15
6727.8,39
6727.9,17
6728.3,0
6728.4,6
6728.5,7
6728.6,36
6729.1,22
6729.5,18
6729.8,30
6730.1,10
6732.0,16
6732.2,11
6733.6,27
6734.8,20
6735.7,4
6735.8,8
6736.4,13
6736.5,2
6736.6,32
6737.0,33
6737.1,30
6737.1,34
6737.4,23
6737.6,37
6738.1,1
6738.1,3
6738.5,28
6738.5,35
6738.7,38
6740.2,36
6740.7,0
6741.4,19
6741.5,25
6742.5,14
6743.6,12
6744.1,7
6744.3,20
6744.4,18
6745.2,9
6745.2,21
6745.7,37
6746.3,15
6747.3,6
6747.5,30
6748.9,5
6750.1,0
6751.0,23
6751.0,27
6751.6,22
6751.6,34
6752.8,20
6753.2,30
6753.8,19
6753.8,26
6754.1,36
6754.2,33
6754.4,3
6754.5,37
6754.8,38
6754.9,32
6755.0,7
6755.3,21
6756.6,6
6757.7,2
6757.8,25
6758.0,29
6758.3,0
6759.5,10
6760.7,13
6761.0,16
6761.2,30
6761.4,35
6761.9,17
6762.3,18
6762.4,15
6763.3,23
6764.1,12
6765.1,20
6765.1,34
6765.3,38
6765.4,9
6767.6,33
6768.4,0
6769.2,27
6769.2,37
6769.9,6
6770.2,7
6770.2,11
6770.4,36
6770.5,1
6770.5,4
6770.9,30
6771.6,26
6771.7,25
6771.8,32
6771.9,28
6772.4,21
6772.5,35
6773.1,15
6773.4,20
6773.7,5
6774.7,22
6774.9,3
6775.8,16
6776.3,2
6777.2,30
6777.4,13
6777.5,19
6778.0,0
6778.3,18
6779.5,8
6779.6,6
6779.9,37
6780.3,12
6780.8,38
6781.3,14
6781.6,39
6782.3,34
6782.9,7
6783.5,36
6783.6,0
6783.9,21
6783.9,26
6784.1,23
6784.1,29
6784.4,4
6784.7,20
6785.2,9
6785.2,32
6786.2,27
6786.3,30
6787.2,18
6787.8,37
6788.1,17
6788.3,33
6789.5,11
6789.8,6
6790.2,35
6790.6,19
6791.0,7
6791.6,0
6792.1,15
6792.6,16
6794.4,20
6794.6,23
6794.9,36
6795.2,25
6795.6,38
6795.8,22
6795.8,32
6796.1,34
6796.3,2
6796.6,30
6797.5,13
6797.8,7
6798.2,6
6799.9,0
6800.2,37
6800.3,35
6800.8,18
6800.9,21
6801.0,5
6801.2,26
6801.4,33
6801.8,15
6802.1,17
6803.7,39
6804.0,32
6804.8,8
6805.5,34
6805.7,20
6806.0,11
6806.0,30
6806.7,6
6808.2,12
6808.3,14
6808.4,0
6809.8,22
6810.1,23
6810.7,27
6810.9,37
6811.8,3
6811.9,38
6812.1,13
6812.6,10
6813.0,30
6813.1,7
6813.1,36
6813.8,33
6813.9,9
6813.9,20
6814.0,1
6814.8,5
6815.0,25
6816.5,29
6816.6,21
6816.8,4
6817.2,19
6818.2,18
6818.2,37
6818.3,0
6818.3,35
6818.6,34
6818.9,2
6819.0,32
6820.3,6
6820.6,15
6822.7,27
6824.5,22
6824.6,30
6824.8,23
6825.2,21
6825.6,38
6825.7,18
6825.8,20
6825.9,39
6826.1,10
6826.1,17
6826.2,28
6826.4,26
6826.8,37
6827.0,0
6827.1,1
6827.1,16
6827.5,7
6829.4,32
6829.8,36
6830.5,12
6831.0,30
6831.9,25
6832.0,34
6833.4,11
6833.4,33
6834.2,14
6834.3,19
6834.4,3
6835.2,35
6835.6,24
6835.8,2
6835.9,23
6836.2,13
6836.7,6
6836.8,15
6837.1,7
6837.5,22
6837.7,30
6837.8,4
6837.8,32
6838.2,20
6838.4,0
6838.9,16
6839.1,38
6840.0,18
6840.5,10
6840.9,8
6841.6,9
6843.9,34
6844.1,37
6844.9,17
6845.0,12
6845.2,6
6845.2,21
6845.2,30
6845.3,32
6845.4,29
6845.4,33
6845.6,23
6845.8,11
6845.9,1
6846.2,27
6846.7,36
6847.7,7
6849.1,38
6849.5,0
6850.6,22
6850.6,25
6850.6,37
6851.2,13
6851.4,20
6851.5,5
6851.7,15
6851.9,3
6852.0,34
6852.1,18
6852.4,4
6852.5,6
6852.5,26
6855.1,35
6855.5,7
6857.7,33
6858.1,30
6858.3,9
6859.3,21
6859.8,36
6860.1,16
6860.2,0
6860.2,32
6861.2,11
6861.6,27
6862.0,6
6862.2,14
6862.3,10
6862.3,23
6862.4,19
6862.4,20
6862.4,30
6862.4,39
6863.1,2
6864.2,29
6864.2,34
6865.1,18
6865.3,7
6865.4,15
6866.0,37
6866.2,8
6866.7,38
6866.8,25
6866.9,1
6867.0,3
6868.7,6
6870.6,21
6870.9,13
6871.2,26
6871.4,30
6873.0,0
6873.2,22
6873.3,23
6873.7,4
6874.0,17
6874.0,20
6874.1,11
6874.8,32
6874.9,37
6876.2,27
6876.2,33
6876.4,5
6876.6,18
6876.8,35
6876.9,28
6876.9,38
6877.7,12
6878.5,36
6880.0,2
6880.3,7
6880.3,30
6882.3,20
6882.5,34
6882.5,9
6883.1,19
6883.4,6
6883.9,0
6883.9,25
6884.4,3
6884.4,37
6884.5,14
6884.7,38
6885.0,15
6885.1,21
6885.6,1
6885.8,22
6886.0,16
6886.1,26
6886.6,32
6886.8,33
6886.9,30
6887.3,13
6889.2,23
6889.6,20
6890.1,4
6890.2,6
6892.1,18
6892.4,35
6893.0,0
6893.9,7
6895.2,17
6895.2,32
6895.3,9
6895.3,11
6895.4,34
6896.1,27
6896.1,37
6896.6,30
6896.7,2
6897.0,33
6900.0,25
6900.7,36
6900.8,0
6900.8,21
6900.9,19
6901.5,23
6902.2,18
6902.3,26
6902.6,10
6902.7,13
6903.3,22
6904.2,15
6905.4,6
6905.6,5
6905.9,3
6906.3,8
6906.4,29
6906.4,30
6906.8,32
6907.1,7
6907.1,37
6907.8,16
6907.9,20
6909.4,38
6910.9,9
6911.4,23
6911.4,27
6911.8,34
6912.0,21
6912.1,35
6912.5,33
6912.6,2
6912.7,11
6912.7,12
6913.5,36
6913.6,0
6914.7,20
6915.0,7
6915.0,17
6915.4,30
6915.7,25
6915.9,13
6916.0,32
6919.1,18
6919.1,22
6919.1,26
6919.1,39
6919.6,37
6919.9,38
6920.4,6
6920.6,29
6921.6,1
6922.3,30
6922.5,20
6924.9,15
6925.1,34
6925.5,0
6926.2,12
6926.9,25
6927.0,32
6927.0,35
6927.3,5
6927.4,23
6928.2,16
6928.2,19
6928.3,3
6928.3,24
6928.6,6
6928.6,17
6928.6,30
6928.7,8
6929.1,28
6929.6,27
6930.5,7
6932.7,37
6933.7,10
6933.7,33
6934.2,4
6934.2,14
6934.7,18
6934.9,36
6935.5,20
6936.0,22
6936.4,21
6936.4,30
6937.0,9
6937.2,0
6937.6,11
6937.8,32
6938.8,6
6939.4,13
6939.9,7
6939.9,34
6940.1,23
6940.1,26
6940.3,38
6940.4,35
6940.8,27
6940.9,17
6941.7,37
6942.5,39
6942.6,20
6943.2,30
6944.1,3
6944.2,15
6945.4,32
6946.5,2
6947.2,0
6947.3,22
6947.3,34
6948.1,7
6948.4,6
6949.0,25
6949.7,33
6949.9,18
6950.3,1
6950.3,12
6950.3,30
6951.0,4
6951.7,36
6952.1,29
6952.2,35
6952.7,21
6953.0,20
6953.2,28
6953.3,19
6954.5,32
6955.3,38
6955.9,23
6956.1,37
6956.2,6
6956.9,15
6957.0,0
6958.7,30
6959.6,20
6959.8,17
6960.2,9
6960.7,27
6961.1,34
6961.9,7
6962.1,18
6962.1,26
6962.3,21
6962.4,33
6963.1,32
6963.6,16
6963.7,35
6963.8,37
6964.0,30
6964.4,8
6964.4,10
6966.0,22
6966.8,0
6966.9,15
6967.4,13
6967.4,20
6967.6,1
6968.0,6
6968.3,23
6968.5,36
6969.4,11
6969.6,14
6970.6,3
6970.6,25
6971.4,2
6971.4,38
6971.5,7
6972.2,4
6972.2,32
6972.7,19
6972.7,39
6972.9,30
6973.7,12
6974.1,34
6975.3,22
6975.6,0
6977.7,20
6978.0,27
6978.1,21
6978.5,37
6978.6,28
6978.7,6
6978.7,35
6978.8,29
6979.5,9
6981.3,18
6982.5,33
6982.8,0
6982.9,30
6984.6,26
6984.6,32
6984.7,24
6985.3,37
6985.4,23
6986.5,34
6986.6,7
6986.7,38
6986.9,17
6988.9,20
6989.1,2
6989.4,25
6991.8,15
6991.9,5
6992.4,1
6992.7,6
6993.1,30
6993.2,14
6993.5,36
6994.4,21
6994.6,11
6995.2,3
6995.9,27
6996.0,7
6996.1,0
6996.1,33
6996.5,23
6996.8,32
6998.1,22
6998.1,37
6998.5,4
6998.7,13
6998.8,30
6999.2,18
7000.7,26
7001.0,34
7001.4,38
7001.8,19
7002.1,10
7002.2,12
7002.6,17
7002.6,20
7003.3,6
7003.7,36
7003.9,7
7003.9,25
7004.0,29
7004.5,0
7004.5,1
7004.5,32
7004.5,37
7004.7,35
7005.1,30
7006.5,15
7007.3,5
7007.5,11
7007.5,23
7008.4,27
7008.9,16
7010.6,33
7010.9,20
7011.2,26
7011.7,30
7012.1,38
7012.2,13
7013.7,2
7014.1,14
7014.1,37
7014.2,18
7014.2,21
7015.0,34
7015.2,35
7016.0,0
7016.0,6
7016.2,7
7017.3,19
7018.7,8
7019.5,20
7019.6,30
7020.0,29
7020.5,1
7021.6,12
7021.7,27
7022.0,32
7022.4,25
7023.3,15
7023.3,21
7023.5,7
7023.8,37
7024.0,0
7024.1,23
7024.2,17
7024.4,11
7024.8,18
7025.0,2
7025.5,36
7026.4,39
7026.6,20
7026.7,3
7027.0,30
7027.2,4
7027.4,35
7028.0,9
7028.5,22
7028.5,33
7028.7,6
7028.7,16
7028.9,38
7029.6,10
7030.2,26
7031.3,15
7032.3,34
7032.4,28
7033.3,37
7033.5,36
7034.7,13
7034.8,23
7034.9,30
7035.6,6
7035.7,27
7035.9,0
7035.9,33
7036.5,7
7036.9,20
7037.2,32
7038.3,21
7038.6,18
7041.6,25
7042.2,35
7042.5,1
7042.6,5
7042.6,11
7042.6,12
7042.6,29
7042.6,15
7042.9,2
7043.0,14
7043.0,38
7043.3,30
7043.3,36
7043.6,22
7044.1,7
7044.4,8
7044.5,34
7044.9,0
7046.1,24
7046.2,3
7046.6,37
7048.1,32
7049.4,9
7049.6,20
7050.1,13
7050.1,17
7050.2,26
7050.4,30
7050.5,19
7050.5,33
7051.0,27
7051.9,16
7052.3,38
7052.6,6
7053.3,7
7053.9,18
7055.4,21
7055.4,35
7055.8,0
7056.1,23
7056.3,4
7056.3,30
7056.9,25
7057.0,11
7059.0,20
7059.2,10
7060.1,34
7061.3,36
7061.4,28
7061.7,14
7062.1,22
7062.1,37
7062.3,1
7062.4,32
7062.7,30
7062.9,6
7063.0,15
7063.2,39
7064.2,33
7065.5,0
7065.5,3
7065.9,7
7067.3,38
7068.0,29
7069.0,21
7069.0,35
7069.1,20
7069.2,11
7069.2,16
7069.3,2
7069.3,23
7069.4,18
7069.5,9
7069.5,27
7069.9,26
7070.0,25
7071.4,37
7071.7,6
7073.1,12
7073.9,19
7074.2,22
7074.6,34
7074.8,30
7075.7,17
7075.8,33
7076.0,8
7076.3,0
7077.2,35
7077.4,32
7077.9,20
7078.2,36
7078.3,7
7078.3,23
7078.8,13
7079.8,6
7080.2,1
7080.7,30
7083.1,37
7083.7,15
7084.0,38
7084.3,21
7085.2,4
7085.8,11
7085.9,9
7086.2,0
7086.5,34
7086.9,27
7087.0,20
7087.4,26
7087.7,14
7088.0,18
7088.6,30
7089.2,25
7089.5,5
7089.7,32
7091.4,6
7091.9,3
7092.0,22
7092.1,35
7092.2,37
7093.3,7
7093.4,33
7093.7,13
7094.6,23
7094.8,38
7094.9,30
7095.2,16
7095.6,36
7096.0,39
7097.0,20
7097.6,0
7097.7,21
7098.2,27
7100.8,11
7100.9,12
7101.4,17
7101.7,15
7101.7,28
7101.8,7
7101.8,25
7101.9,10
7102.0,3
7102.1,2
7102.2,32
7102.4,9
7102.4,36
7102.5,18
7102.5,34
7103.2,22
7103.3,6
7103.9,30
7104.0,37
7105.6,8
7108.1,20
7108.1,33
7108.3,14
7108.4,0
7109.7,29
7110.3,1
7110.8,5
7111.6,21
7112.0,13
7112.1,19
7112.7,30
7113.0,37
7113.3,7
7113.3,26
7113.4,23
7113.7,4
7114.0,16
7114.2,15
7114.2,32
7114.6,38
7114.7,34
7114.8,27
7116.0,0
7116.1,22
7116.5,35
7116.7,6
7118.6,33
7119.4,36
7120.1,20
7121.1,30
7121.3,9
7122.1,25
7122.7,12
7124.1,37
7124.7,18
7124.8,7
7126.1,2
7126.3,21
7126.4,11
7126.4,23
7126.6,0
7126.6,13
7126.7,6
7126.9,3
7127.0,32
7127.5,17
7127.6,5
7128.2,15
7128.3,30
7128.4,35
7129.0,27
7129.4,38
7131.2,20
7131.6,37
7131.7,39
7132.1,28
7132.5,9
7132.7,14
7132.8,36
7133.7,33
7134.0,1
7134.9,34
7135.1,29
7136.6,22
7136.6,26
7137.1,19
7137.4,10
7138.2,30
7138.6,7
7138.6,23
7138.7,6
7139.3,21
7139.7,32
7140.2,25
7141.0,16
7141.5,17
7141.6,0
7141.9,35
7142.6,4
7142.8,37
7144.3,15
7144.4,33
7144.7,20
7145.2,18
7145.4,27
7145.8,12
7146.2,11
7146.8,30
7147.0,32
7147.5,5
7147.6,38
7148.3,6
7148.4,9
7148.9,34
7149.9,0
7150.0,36
7150.9,14
7151.1,2
7151.4,22
7151.5,13
7151.7,7
7152.1,23
7152.3,21
7152.7,20
7154.2,6
7154.4,18
7154.5,3
7154.7,37
7154.8,26
7155.2,30
7155.8,39
7155.9,32
7157.2,35
7157.7,8
7158.4,29
7160.4,10
7161.2,0
7161.8,21
7161.9,5
7161.9,27
7162.1,33
7162.4,16
7162.6,20
7162.6,23
7163.3,7
7164.1,12
7164.1,30
7164.3,34
7164.6,6
7165.1,38
7167.1,19
7167.4,28
7167.5,37
7168.1,17
7168.2,0
7168.2,18
7168.8,13
7170.0,1
7170.6,22
7171.1,11
7171.3,20
7171.5,36
7171.8,30
7172.3,33
7173.1,6
7173.1,7
7173.6,32
7173.9,14
7174.3,4
7174.6,15
7174.8,39
7177.0,35
7177.8,21
7177.9,25
7178.5,0
7178.5,23
7178.8,9
7179.0,8
7179.0,27
7179.6,38
7179.8,1
7179.9,20
7179.9,26
7180.0,30
7180.5,18
7181.3,2
7182.1,37
7182.5,34
7182.8,11
7183.1,24
7185.4,7
7185.7,6
7186.5,16
7186.6,3
7187.0,0
7188.1,15
7188.2,30
7189.5,32
7189.9,23
7190.6,36
7190.7,29
7190.7,38
7191.4,20
7191.7,22
7191.8,5
7192.0,13
7192.2,12
7192.5,10
7192.9,14
7193.4,33
7193.5,27
7193.8,35
7194.1,18
7194.4,30
7194.5,37
7194.6,17
7194.9,7
7196.8,0
7197.5,25
7199.5,34
7199.8,9
7200.3,6
7201.4,30
7201.5,21
7201.6,32
7202.1,4
7202.2,20
7202.3,26
7202.9,37
7203.4,19
7203.4,35
7203.5,23
7204.8,0
7205.2,2
7205.4,7
7206.1,22
7206.2,33
7206.9,18
7207.0,15
7207.3,27
7207.3,36
7208.4,38
7208.6,3
7209.0,11
7209.4,28
7209.5,30
7210.7,6
7211.3,5
7211.8,0
7211.8,1
7211.8,37
7211.9,20
7211.9,25
7213.3,34
7214.4,39
7215.6,12
7215.9,32
7216.1,18
7216.4,33
7217.0,38
7217.3,7
7217.4,36
7217.5,30
7217.6,16
7217.7,35
7218.5,9
7218.8,6
7218.8,26
7219.4,13
7220.4,17
7220.6,19
7221.5,0
7222.4,8
7222.9,37
7223.3,21
7224.5,27
7224.8,29
7224.9,4
7225.4,20
7226.2,23
7226.3,7
7226.9,11
7226.9,22
7226.9,25
7227.4,10
7227.7,30
7228.0,0
7228.3,2
7228.4,1
7228.6,32
7228.9,34
7229.0,15
7229.3,16
7229.3,35
7229.4,6
7229.4,33
7230.3,18
7232.1,37
7235.0,30
7235.6,14
7236.1,12
7236.1,38
7236.6,7
7236.9,9
7236.9,20
7236.9,27
7237.3,5
7237.4,24
7237.7,3
7237.7,32
7238.0,0
7238.1,17
7238.4,37
7238.8,35
7238.9,36
7240.4,23
7241.0,13
7241.3,19
7241.7,25
7242.0,21
7242.3,26
7243.2,22
7243.8,33
7244.3,6
7244.7,34
7244.8,18
7245.1,1
7245.5,8
7245.6,30
7246.1,2
7246.8,7
7248.5,0
7248.9,37
7249.4,20
7250.7,21
7250.8,27
7250.8,36
7250.9,13
7251.0,15
7251.0,30
7251.1,3
7251.3,32
7251.5,29
7252.4,9
7253.7,6
7254.9,11
7255.1,35
7255.3,4
7255.9,34
7256.9,28
7257.0,17
7257.4,5
7257.5,14
7257.5,38
7257.9,16
7258.3,7
7258.5,23
7258.6,18
7258.7,20
7259.1,30
7259.5,22
7260.2,33
7260.9,1
7261.2,0
7261.9,37
7262.4,21
7262.6,6
7262.6,13
7262.6,19
7262.6,26
7262.8,10
7263.4,12
7263.4,15
7263.5,23
7263.6,32
7264.8,35
7267.3,24
7267.5,25
7268.0,30
7268.8,2
7269.1,34
7269.2,18
7269.2,38
7269.5,27
7269.7,9
7269.8,29
7270.2,20
7270.8,39
7270.9,0
7273.2,4
7273.2,7
7273.2,14
7273.3,5
7275.2,37
7276.3,36
7276.7,33
7277.5,30
7277.8,23
7278.4,16
7278.7,28
7278.7,32
7278.9,27
7279.4,35
7279.6,21
7279.7,15
7280.5,0
7280.7,3
7281.1,11
7281.1,34
7281.2,6
7281.4,19
7281.9,20
7282.7,2
7282.8,22
7283.3,32
7283.3,37
7283.5,7
7283.7,8
7283.7,30
7284.0,26
7284.1,25
7284.6,1
7284.6,38
7286.3,33
7287.0,9
7287.0,17
7288.0,39
7288.9,12
7289.3,14
7289.9,11
7290.4,21
7290.6,36
7290.7,0
7291.0,7
7291.1,18
7291.4,15
7292.3,13
7293.7,30
7293.8,27
7294.2,6
7294.6,10
7295.1,3
7295.2,23
7295.3,37
7295.9,4
7296.2,34
7296.7,32
7297.6,28
7298.0,20
7299.2,5
7299.5,25
7300.2,35
7300.3,9
7300.8,29
7300.8,30
7301.0,8
7301.5,7
7301.8,18
7302.0,0
7302.2,33
7304.2,6
7304.4,15
7304.7,38
7305.1,21
7305.2,19
7305.9,36
7306.0,24
7306.1,1
7306.1,23
7306.3,17
7307.0,37
7307.1,26
7307.9,30
7308.3,34
7309.0,18
7311.4,12
7311.4,20
7311.9,0
7311.9,13
7311.9,22
7312.1,2
7312.1,27
7313.1,32
7315.2,3
7315.7,35
7316.1,30
7316.3,33
7316.3,39
7316.5,38
7316.6,6
7317.5,7
7317.5,9
7318.6,20
7318.8,16
7319.0,4
7319.3,11
7319.3,18
7320.0,37
7320.0,21
7320.7,36
7320.9,0
7322.1,23
7323.6,15
7323.7,25
7324.1,28
7324.3,14
7324.5,32
7324.8,1
7324.8,34
7325.3,5
7325.6,30
7326.1,27
7326.7,26
7326.8,17
7327.5,29
7328.9,20
7329.4,37
7331.0,6
7331.8,7
7332.8,19
7333.0,22
7333.2,30
7333.7,23
7333.7,38
7333.9,36
7334.4,0
7334.4,21
7334.5,4
7335.9,33
7335.9,35
7336.0,12
7336.4,34
7336.5,13
7336.7,18
7337.0,3
7337.1,2
7337.4,39
7337.7,32
7337.8,8
7338.2,20
7338.5,10
7339.0,1
7339.2,30
7340.6,25
7341.3,15
7342.4,37
7343.1,9
7343.6,22
7344.3,16
7344.4,23
7345.4,14
7345.5,27
7345.6,20
7345.6,36
7345.7,7
7345.8,0
7345.9,6
7346.2,34
7346.9,26
7347.1,35
7347.4,5
7348.7,18
7348.7,30
7348.9,32
7349.6,21
7351.2,11
7351.2,13
7351.5,15
7352.2,28
7352.5,38
7352.7,33
7354.1,37
7355.5,4
7355.8,0
7356.0,19
7356.8,22
7357.1,29
7357.2,20
7357.7,12
7357.9,30
7358.0,2
7358.1,17
7358.1,1
7358.5,25
7358.8,23
7359.0,3
7359.0,18
7359.6,6
7360.5,7
7362.9,27
7363.1,32
7363.1,34
7363.3,33
7363.8,35
7364.4,30
7364.7,21
7365.5,0
7366.0,9
7366.2,38
7366.7,15
7366.8,1
7366.8,14
7366.9,10
7367.3,26
7367.4,37
7367.5,5
7367.5,36
7367.6,13
7367.7,20
7368.2,6
7368.6,8
7372.7,30
7372.8,19
7374.1,0
7374.1,3
7374.7,18
7374.9,17
7374.9,21
7374.9,23
7375.1,11
7375.2,16
7375.2,20
7376.6,37
7376.8,7
7378.6,27
7378.8,35
7378.9,22
7379.4,12
7379.5,32
7379.7,26
7379.7,38
7379.9,36
7380.3,34
7381.0,6
7381.7,18
7382.5,33
7382.7,30
7382.9,20
7383.3,0
7383.9,15
7384.8,21
7384.9,14
7385.2,2
7385.3,24
7385.4,4
7385.4,9
7385.4,11
7385.4,23
7387.4,7
7387.4,37
7388.2,30
7389.5,1
7390.5,32
7392.6,6
7392.9,19
7393.4,5
7393.4,20
7393.4,35
7394.0,36
7394.0,38
7394.1,29
7394.5,0
7394.7,23
7395.9,25
7396.4,13
7396.5,21
7396.6,2
7396.6,28
7397.8,33
7398.8,16
7399.4,26
7399.8,30
7400.6,7
7401.0,3
7401.6,22
7401.8,18
7402.4,17
7403.2,4
7403.3,37
7403.6,0
7405.1,27
7405.4,38
7405.5,36
7406.0,39
7406.2,9
7406.5,10
7406.5,11
7406.6,12
7406.6,20
7406.8,15
7406.8,34
7406.8,35
7406.9,32
7407.1,21
7407.1,30
7408.3,6
7408.5,14
7408.8,0
7408.8,23
7413.0,7
7414.1,26
7414.4,8
7414.7,25
7414.8,37
7415.1,24
7416.0,29
7416.1,33
7416.4,19
7417.0,18
7417.6,5
7417.8,13
7418.1,17
7418.3,22
7418.5,2
7418.8,6
7419.6,38
7420.2,30
7420.3,4
7420.5,20
7420.6,16
7420.8,34
7420.9,32
7422.4,23
7423.3,0
7423.7,33
7424.0,35
7424.1,21
7424.6,37
7424.8,3
7424.8,9
7425.3,15
7426.4,7
7426.7,36
7427.6,30
7427.8,27
7428.5,25
7429.7,11
7429.8,14
7430.5,13
7431.0,18
7431.3,20
7431.8,1
7432.1,38
7432.8,19
7433.3,0
7433.5,10
7433.8,26
7433.9,32
7434.3,6
7434.9,2
7435.1,30
7435.3,28
7435.5,4
7436.0,34
7436.3,7
7436.5,27
7436.5,33
7436.6,37
7437.5,11
7437.5,17
7437.6,12
7437.9,9
7438.2,20
7439.3,23
7439.8,35
7440.3,22
7441.3,21
7441.4,30
7441.6,0
7441.7,16
7442.3,15
7444.3,6
7444.9,25
7445.8,38
7446.2,13
7446.9,18
7447.7,36
7447.9,7
7448.4,29
7449.5,34
7449.7,32
7450.7,3
7451.0,30
7451.4,2
7451.8,12
7451.8,14
7451.9,22
7452.5,0
7452.7,4
7452.8,35
7452.8,37
7453.1,20
7453.5,26
7454.4,9
7454.6,23
7454.8,25
7455.2,6
7455.7,5
7455.7,33
7456.5,21
7456.7,32
7457.3,30
7457.6,8
7458.0,38
7458.2,7
7458.2,19
7460.8,17
7461.0,13
7461.1,36
7461.7,34
7462.1,18
7462.1,27
7462.2,37
7462.5,15
7462.5,35
7462.6,16
7463.1,20
7463.1,28
7463.4,0
7465.7,9
7466.2,30
7466.4,6
7468.0,33
7468.7,0
7468.8,23
7469.2,1
7469.2,3
7469.2,14
7469.3,27
7469.6,11
7470.2,32
7470.2,37
7471.1,7
7471.5,26
7471.8,10
7471.8,22
7473.1,30
7473.7,25
7474.1,19
7474.3,20
7474.9,6
7475.4,38
7475.5,29
7475.6,21
7477.1,18
7478.0,36
7480.3,2
7480.5,5
7480.6,34
7481.1,11
7481.2,37
7481.6,0
7481.7,32
7481.8,12
7482.0,7
7482.0,23
7482.0,30
7482.0,33
7482.0,35
7482.6,4
7483.1,17
7485.3,6
7485.4,24
7486.0,21
7486.3,15
7487.6,26
7487.7,1
7487.9,20
7488.4,38
7490.1,18
7490.4,37
7490.9,22
7491.1,3
7491.3,25
7492.1,9
7492.2,0
7492.3,30
7493.7,36
7494.0,27
7494.1,13
7494.2,7
7494.5,16
7495.0,11
7495.2,29
7495.3,32
7495.7,8
7495.7,19
7495.7,21
7495.8,33
7496.0,20
7496.8,37
7497.6,6
7498.2,34
7498.3,23
7500.1,30
7501.1,15
7501.2,26
7501.7,5
7501.8,0
7502.3,35
7502.9,38
7503.0,10
7503.2,18
7503.5,2
7503.9,14
7504.9,25
7505.1,22
7506.0,27
7506.1,17
7507.1,32
7507.3,33
7507.7,30
7508.3,34
7508.4,7
7508.4,23
7509.0,37
7509.5,20
7510.1,21
7510.4,6
7511.1,11
7511.1,36
7513.0,0
7513.4,25
7513.7,3
7513.9,19
7514.1,13
7514.2,16
7514.6,9
7515.3,30
7516.6,1
7517.0,26
7517.3,37
7517.7,15
7517.7,18
7517.7,20
7517.8,7
7518.2,27
7518.6,32
7519.2,35
7519.7,17
7519.7,23
7520.6,12
7521.4,4
7521.4,22
7521.4,34
7521.5,38
7521.6,6
7522.2,29
7522.3,11
7522.7,39
7523.6,30
7524.1,28
7524.4,0
7526.0,33
7526.4,21
7526.7,5
7527.2,13
7527.3,37
7528.2,18
7529.8,25
7529.8,29
7530.4,7
7530.4,20
7530.6,38
7531.2,36
7531.3,32
7531.7,2
7531.7,14
7531.8,30
7532.2,27
7532.8,16
7533.5,6
7533.6,0
7534.4,23
7536.0,35
7536.2,3
7536.8,34
7537.0,18
7537.5,37
7538.4,21
7539.6,22
7540.3,30
7541.5,9
7542.6,26
7542.6,33
7543.0,15
7543.7,4
7543.7,32
7543.8,25
7544.6,19
7545.2,7
7545.2,36
7545.6,0
7546.2,20
7546.4,13
7547.4,8
7547.4,27
7547.6,34
7547.6,38
7549.3,1
7549.7,37
7549.8,35
7549.9,10
7550.3,23
7550.8,11
7551.2,30
7551.5,22
7551.6,18
7554.1,25
7554.5,6
7555.4,5
7555.5,12
7555.5,21
7556.8,20
7557.1,26
7557.4,7
7557.6,0
7557.7,34
7557.8,33
7558.0,37
7558.0,38
7558.3,36
7558.6,17
7558.6,32
7559.3,29
7559.3,23
7560.1,19
7560.3,2
7560.3,30
7561.0,15
7563.3,11
7563.9,34
7565.0,16
7565.1,0
7565.3,7
7565.4,18
7566.0,30
7566.2,20
7566.3,6
7566.3,13
7567.9,3
7569.9,27
7569.9,38
7570.0,23
7570.3,14
7570.3,28
7570.8,12
7571.0,9
7571.2,35
7572.3,25
7572.4,37
7572.6,32
7572.9,21
7573.0,0
7573.0,22
7573.5,30
7573.7,5
7574.6,20
7575.4,4
7576.3,7
7577.1,26
7577.5,6
7578.4,33
7579.2,15
7580.1,13
7580.7,34
7580.9,1
7580.9,18
7580.9,38
7581.0,21
7581.0,27
7581.0,36
7581.9,37
7582.0,32
7582.0,39
7582.1,30
7583.4,11
7586.0,35
7586.8,0
7587.0,20
7588.2,6
7588.4,7
7589.0,23
7589.3,19
7589.5,14
7589.6,22
7589.7,2
7589.7,25
7589.8,34
7590.0,30
7593.1,29
7593.1,33
7593.8,0
7594.0,3
7594.1,37
7595.4,26
7595.4,36
7595.6,9
7596.0,21
7596.0,32
7596.1,38
7596.6,16
7596.7,12
7597.1,30
7598.7,25
7598.8,17
7598.9,20
7599.5,15
7600.9,7
7601.2,35
7601.5,6
7601.7,27
7602.9,4
7603.4,22
7603.9,23
7604.0,1
7604.2,2
7604.5,28
7604.9,11
7605.0,34
7605.1,33
7605.3,18
7605.5,0
7605.6,36
7606.4,37
7606.6,5
7606.8,30
7606.9,20
7608.4,38
7609.6,15
7610.1,29
7610.5,7
7610.6,9
7611.1,32
7611.9,19
7613.3,30
7613.6,0
7613.8,35
7613.9,3
7614.2,6
7614.9,26
7615.5,25
7615.6,34
7616.1,37
7616.2,10
7616.4,2
7616.5,12
7616.6,14
7616.9,21
7617.7,20
7617.9,24
7618.4,23
7618.4,33
7618.6,8
7618.7,13
7619.7,17
7620.3,22
7620.9,7
7621.4,18
7621.4,30
7622.3,32
7623.0,38
7624.0,0
7624.2,4
7624.4,36
7624.8,27
7625.0,1
7625.5,6
7625.9,37
7626.1,9
7627.2,30
7628.8,11
7628.8,20
7629.4,16
7629.4,35
7629.5,7
7629.5,39
7629.7,2
7630.3,34
7630.9,23
7631.3,15
7633.2,5
7633.2,21
7633.7,3
7633.8,30
7634.2,32
7634.3,6
7634.4,12
7634.5,0
7635.5,28
7635.5,37
7635.7,25
7637.1,33
7637.3,38
7637.4,8
7637.9,18
7638.3,14
7640.0,17
7640.0,20
7640.0,22
7640.4,29
7640.7,13
7641.4,19
7642.2,7
7643.1,27
7643.2,23
7643.2,15
7644.0,0
7644.1,26
7644.4,4
7645.2,30
7646.1,36
7647.2,37
7647.3,1
7647.4,12
7648.0,21
7648.0,34
7648.0,35
7648.5,38
7649.7,9
7650.3,25
7651.2,20
7651.2,32
7651.7,22
7652.2,18
7652.9,6
7653.9,17
7653.9,33
7654.5,30
7654.6,10
7654.9,3
7655.6,0
7656.8,37
7657.4,16
7657.5,7
7659.0,27
7659.9,23
7660.6,36
7660.8,9
7660.8,19
7661.2,26
7661.7,14
7661.7,15
7661.8,30
7662.1,20
7662.1,32
7662.3,8
7662.3,13
7662.5,34
7663.2,21
7663.7,5
7663.8,0
7663.9,33
7664.4,6
7666.6,28
7666.7,11
7667.0,16
7668.1,38
7669.1,22
7669.4,7
7669.6,30
7669.7,17
7669.8,4
7670.0,37
7670.2,35
7672.4,27
7673.1,23
7673.5,12
7673.5,20
7673.5,39
7673.8,15
7674.0,18
7674.1,0
7674.2,36
7674.6,10
7675.2,34
7675.5,30
7675.9,21
7676.1,29
7676.2,1
7676.8,3
7677.5,2
7677.5,6
7678.0,14
7678.0,25
7678.2,33
7679.0,9
7679.2,22
7680.1,32
7681.5,7
7682.1,38
7682.9,27
7683.7,15
7684.0,5
7684.0,37
7684.2,13
7685.3,30
7685.7,0
7686.1,18
7686.7,19
7686.8,1
7686.9,26
7686.9,35
7687.0,21
7687.3,28
7688.2,34
7688.3,23
7688.5,6
7690.2,20
7691.6,12
7692.0,0
7692.4,13
7692.6,29
7693.3,22
7693.4,2
7693.4,7
7693.8,16
7693.9,3
7693.9,11
7694.1,30
7694.3,36
7694.4,17
7694.6,38
7695.0,32
7695.0,33
7696.4,6
7697.7,37
7697.9,21
7698.5,24
7698.6,27
7700.8,18
7700.9,7
7700.9,25
7701.8,30
7702.0,23
7702.7,15
7703.2,0
7703.5,26
7703.6,34
7703.7,20
7704.2,39
7705.3,33
7707.0,37
7707.8,9
7707.8,12
7708.1,32
7708.3,19
7708.6,7
7709.0,30
7710.5,6
7711.1,0
7711.1,22
7711.1,35
7711.3,10
7711.3,15
7711.3,34
7713.1,36
7713.5,21
7714.4,20
7714.7,25
7714.9,2
7714.9,11
7715.8,37
7715.9,4
7715.9,18
7716.1,38
7716.5,17
7716.6,5
7716.9,23
7717.1,27
7717.1,30
7717.2,1
7717.7,6
7718.1,28
7718.1,32
7720.1,0
7721.1,29
7721.6,3
7721.8,13
7722.7,7
7723.3,33
7723.4,14
7723.4,26
7724.0,34
7724.5,15
7725.7,20
7725.7,38
7726.2,30
7728.6,25
7728.7,16
7728.8,37
7728.9,32
7729.7,23
7729.9,21
7731.0,18
7731.5,6
7731.9,11
7732.5,35
7733.1,0
7733.3,9
7733.5,30
7733.6,22
7733.8,33
7734.1,12
7734.1,19
7734.5,7
7735.1,5
7735.9,34
7737.7,37
7737.9,15
7738.1,27
7738.3,26
7738.4,20
7739.3,6
7739.7,36
7739.8,32
7740.9,3
7740.9,28
7741.0,2
7742.2,30
7744.2,0
7745.3,38
7745.4,10
7745.4,18
7746.0,19
7746.2,17
7746.2,22
7746.2,34
7746.3,21
7746.5,24
7746.7,8
7746.7,16
7746.8,29
7747.1,14
7748.9,33
7749.1,37
7749.5,13
7749.5,35
7749.7,20
7749.9,23
7750.5,25
7752.5,1
7752.6,7
7753.5,30
7754.5,27
7755.5,4
7755.5,32
7755.9,15
7756.0,6
7756.6,0
7758.3,2
7758.5,34
7759.1,39
7759.3,21
7759.4,20
7760.3,18
7760.8,7
7761.5,11
7761.6,9
7762.0,37
7763.4,30
7763.6,33
7764.0,5
7764.5,25
7765.0,6
7765.2,23
7765.5,19
7765.6,3
7765.7,8
7765.7,22
7767.8,26
7768.2,0
7768.2,16
7768.5,28
7768.5,32
7768.5,34
7768.7,12
7768.9,38
7769.1,36
7769.6,35
7770.1,30
7773.1,14
7773.2,37
7773.4,4
7774.0,11
7774.1,17
7774.3,20
7774.8,21
7775.0,15
7775.0,27
7775.4,6
7776.9,33
7777.1,7
7777.2,30
7777.3,1
7779.0,23
7779.4,18
7779.5,25
7780.1,0
7781.5,38
7781.8,2
7781.8,32
7781.9,35
7782.2,13
7782.5,34
7782.8,19
7783.2,5
7783.4,16
7784.3,36
7785.2,22
7785.4,10
7785.4,30
7785.9,0
7786.0,27
7786.4,37
7787.0,26
7787.2,15
7788.0,20
7789.2,6
7789.2,9
7789.3,21
7789.4,7
7790.0,8
7791.6,30
7791.6,38
7792.3,4
7795.5,18
7795.5,35
7795.5,36
7796.0,33
7796.5,3
7796.5,32
7796.7,11
7796.7,17
7796.7,37
7796.8,12
7797.8,29
7798.6,0
7798.6,23
7798.7,30
7800.1,20
7801.2,14
7801.4,1
7801.7,6
7802.0,25
7802.1,27
7803.2,5
7803.2,22
7803.4,7
7803.6,15
7803.8,21
7804.5,37
7804.9,34
7805.4,30
7806.5,0
7808.3,13
7808.4,33
7808.5,19
7808.6,18
7809.3,3
7810.0,36
7810.3,32
7810.6,26
7810.7,38
7811.7,2
7811.7,9
7811.7,17
7812.2,35
7812.3,30
7812.9,25
7813.0,8
7813.2,22
7813.3,6
7814.3,20
7815.2,11
7815.8,23
7816.1,15
7816.2,27
7816.7,7
7816.9,37
7817.9,29
7818.4,33
7818.7,0
7819.6,34
7819.8,32
7820.5,30
7820.5,39
7820.6,20
7821.3,36
7821.7,19
7822.9,21
7823.4,6
7823.6,1
7823.7,5
7823.9,18
7824.3,22
7824.9,16
7825.2,14
7825.3,15
7825.3,26
7825.8,12
7825.8,38
7827.7,7
7827.7,34
7827.8,17
7828.0,25
7828.9,9
7829.1,23
7830.5,37
7830.7,30
7832.1,24
7832.6,0
7832.8,33
7832.9,35
7833.1,20
7833.5,32
7834.2,13
7835.9,18
7836.0,36
7836.3,6
7836.8,21
7838.4,7
7838.4,38
7839.0,27
7839.0,30
7839.6,3
7840.3,23
7840.6,11
7841.0,4
7842.0,34
7842.4,2
7842.8,9
7843.7,20
7843.7,32
7843.7,37
7843.9,5
7844.3,18
7844.3,35
7844.8,1
7845.0,0
7845.3,25
7845.4,16
7845.5,22
7846.0,33
7846.1,26
7846.4,6
7846.6,30
7846.9,23
7849.4,19
7849.9,36
7850.2,12
7851.0,13
7851.2,38
7851.6,39
7851.9,15
7852.4,8
7852.4,37
7853.0,10
7853.1,0
7853.3,7
7853.4,21
7853.6,17
7853.7,35
7853.8,18
7854.4,28
7854.8,30
7855.4,3
7855.4,23
7856.0,32
7856.3,20
7856.5,29
7856.8,27
7857.2,6
7857.7,34
7859.9,9
7861.5,14
7861.6,4
7861.6,37
7861.8,26
7862.6,7
7862.8,30
7863.4,16
7863.5,33
7863.5,35
7865.3,27
7865.7,20
7866.6,25
7866.9,21
7867.1,6
7867.5,0
7867.7,15
7867.9,19
7868.0,32
7869.0,36
7869.4,34
7869.8,18
7869.8,30
7870.2,38
7870.2,39
7870.8,22
7871.0,5
7871.1,12
7872.0,3
7873.5,8
7873.5,11
7873.9,0
7874.1,2
7874.1,7
7874.1,23
7874.1,29
7876.2,37
7876.6,20
7877.7,21
7878.1,1
7878.1,30
7878.4,26
7878.6,34
7879.0,15
7879.5,27
7879.9,4
7879.9,6
7880.3,33
7881.3,14
7881.7,5
7882.2,38
7882.4,0
7882.5,36
7882.9,32
7883.3,9
7883.3,10
7883.3,13
7883.3,35
7883.4,17
7883.9,25
7884.6,30
7885.6,7
7886.3,37
7887.9,18
7888.2,22
7888.2,36
7889.0,34
7890.1,33
7891.5,6
7891.5,20
7891.9,19
7892.4,16
7892.6,23
7892.7,11
7892.9,35
7893.5,21
7893.7,0
7894.2,30
7894.7,2
7894.7,26
7895.0,15
7895.1,37
7895.6,18
7895.8,12
7897.4,1
7897.7,3
7897.9,7
7898.8,34
7900.8,28
7900.8,39
7901.1,38
7901.4,32
7902.4,20
7903.2,21
7903.2,29
7903.3,27
7903.4,17
7903.4,36
7904.2,13
7904.4,33
7904.7,16
7904.8,25
7905.2,4
7905.8,5
7905.8,6
7906.1,22
7906.2,19
7906.3,0
7906.3,30
7907.7,9
7908.2,10
7908.2,35
7908.8,2
7909.1,15
7909.3,23
7911.0,3
7911.5,37
7912.1,27
7912.2,20
7912.6,38
7913.0,14
7913.7,32
7913.9,34
7914.4,30
7915.6,11
7916.3,9
7916.5,26
7917.2,7
7917.6,0
7918.2,36
7919.1,18
7919.2,33
7919.7,5
7919.7,8
7920.1,22
7920.6,35
7920.6,21
7922.0,17
7922.9,23
7923.1,30
7923.4,28
7923.5,6
7923.7,13
7923.7,25
7924.2,19
7924.2,20
7924.5,2
7925.2,12
7925.7,32
7926.2,37
7926.4,16
7929.6,7
7929.6,34
7929.8,18
7930.4,15
7930.4,24
7931.0,0
7931.0,38
7931.9,10
7932.1,30
7933.0,21
7933.7,33
7934.2,3
7934.3,20
7934.9,29
7935.8,6
7935.9,14
7936.1,25
7936.4,0
7936.7,26
7936.7,35
7936.9,23
7937.6,22
7937.7,7
7937.8,9
7937.9,4
7938.1,36
7938.2,1
7938.3,37
7938.5,11
7938.9,27
7939.3,30
7941.4,17
7942.5,18
7942.5,39
7943.4,20
7943.7,13
7943.7,15
7944.2,34
7944.6,6
7945.0,32
7945.2,12
7945.3,16
7945.5,7
7945.5,8
7945.5,19
7945.7,38
7946.3,30
7949.2,0
7949.8,21
7950.2,22
7950.8,33
7951.1,23
7951.4,9
7951.9,3
7952.4,37
7953.1,20
7953.3,4
7953.4,30
7954.7,32
7955.0,5
7955.1,29
7955.5,13
7955.7,35
7956.1,2
7956.2,0
7956.5,25
7956.9,34
7957.4,18
7957.5,36
7958.7,6
7959.6,26
7961.1,39
7961.3,27
7962.1,37
7962.7,23
7962.7,30
7962.8,15
7963.5,12
7963.6,17
7963.6,21
7964.0,19
7964.0,22
7964.6,7
7964.6,11
7964.8,25
7964.8,38
7965.0,0
7965.8,33
7965.9,10
7965.9,14
7966.3,1
7966.9,20
7968.0,32
7968.7,30
7969.6,34
7969.8,8
7970.1,3
7970.1,16
7970.5,28
7971.3,6
7971.7,35
7971.8,37
7971.9,26
7972.0,18
7972.4,13
7972.4,2
7972.9,21
7974.8,20
7974.9,0
7975.6,22
7976.3,7
7976.3,36
7977.0,17
7977.9,15
7978.9,5
7979.0,30
7979.1,27
7979.7,6
7979.7,23
7979.9,38
7980.7,33
7980.8,11
7981.2,34
7982.2,29
7982.5,9
7983.0,32
7984.3,37
7984.5,30
7984.5,35
7984.9,1
7985.8,25
7985.9,14
7986.4,0
7987.0,20
7987.6,7
7988.3,18
7988.6,6
7990.1,34
7990.4,38
7990.7,26
7991.0,10
7991.2,16
7991.2,23
7991.9,21
7993.4,20
7993.4,30
7993.7,36
7994.9,22
7995.0,3
7995.2,32
7996.3,4
7996.5,37
7996.8,2
7997.0,19
7997.4,11
7997.5,13
7997.6,12
7997.7,23
7998.0,0
7998.1,27
7998.5,34
7999.4,35
7999.5,30
7999.7,15
8000.2,1
8000.8,6
8001.4,7
8003.7,33
8003.9,20
8004.2,17
8005.0,28
8005.0,37
8005.9,38
8006.0,5
8006.8,18
8006.8,25
8008.1,0
8008.2,26
8008.7,30
8009.0,16
8009.1,13
8010.8,9
8011.5,21
8012.2,7
8012.2,19
8012.2,36
8013.1,32
8013.3,6
8014.0,20
8015.1,0
8015.2,34
8015.2,22
8015.6,27
8015.9,29
8016.4,14
8017.2,8
8017.2,30
8017.3,23
8018.2,11
8018.5,33
8018.5,35
8019.1,15
8019.7,38
8019.9,10
8019.9,4
8019.9,37
8021.9,3
8022.7,20
8023.2,6
8023.8,13
8023.9,7
8024.4,30
8025.6,18
8025.9,1
8025.9,32
8027.0,12
8027.2,21
8027.5,9
8027.7,26
8028.1,25
8028.3,0
8029.2,15
8029.2,36
8029.8,28
8030.5,34
8030.5,37
8032.1,39
8033.2,27
8033.2,30
8033.5,23
8033.6,24
8033.6,38
8034.2,5
8034.6,7
8034.7,32
8034.8,6
8034.9,35
8035.2,17
8035.2,33
8036.6,4
8037.0,19
8037.1,2
8037.6,29
8037.7,0
8038.2,11
8039.4,21
8039.6,20
8039.9,9
8040.1,3
8040.2,16
8040.4,30
8040.5,18
8040.5,22
8040.7,23
8040.9,14
8041.1,37
8041.8,7
8041.8,34
8041.9,6
8042.4,13
8045.3,33
8046.5,25
8046.8,35
8046.8,38
8048.2,26
8048.4,15
8048.7,30
8049.1,0
8050.0,19
8050.5,17
8050.6,18
8050.7,6
8051.0,12
8051.3,20
8051.3,21
8052.0,27
8052.0,37
8052.1,7
8052.7,36
8053.1,32
8054.7,22
8055.4,23
8055.5,8
8056.0,34
8056.1,0
8056.2,30
8056.3,10
8056.9,33
8057.2,9
8058.5,13
8060.2,14
8060.7,7
8061.3,15
8061.3,29
8061.9,38
8062.5,6
8062.8,1
8062.9,37
8063.5,28
8064.0,35
8064.2,4
8064.4,0
8064.6,32
8064.8,21
8064.9,11
8064.9,2
8065.2,30
8065.4,20
8066.8,33
8068.9,23
8069.6,18
8069.8,36
8070.7,22
8070.9,17
8071.5,25
8072.6,26
8073.1,30
8073.3,5
8073.4,15
8074.4,9
8074.5,6
8074.7,7
8074.7,27
8074.7,34
8075.1,14
8075.9,19
8076.1,3
8076.5,29
8076.9,35
8077.5,0
8077.6,20
8077.7,37
8078.2,10
8079.3,11
8079.7,2
8081.1,13
8081.2,32
8081.2,36
8081.3,30
8081.3,33
8082.7,21
8083.1,1
8084.3,18
8084.6,23
8084.9,25
8085.4,7
8085.4,6
8085.6,8
8085.9,38
8086.3,15
8086.5,22
8087.0,12
8087.0,39
8087.2,37
8087.3,27
8087.6,34
8087.9,0
8088.0,16
8088.0,28
8089.6,30
8090.8,20
8094.6,32
8095.1,33
8095.3,18
8096.1,35
8096.1,5
8096.6,37
8096.7,3
8096.7,38
8097.1,19
8097.4,21
8097.6,4
8098.3,15
8098.3,26
8099.1,7
8099.7,9
8099.7,30
8100.1,23
8100.2,20
8100.6,6
8100.6,17
8101.5,36
8103.4,0
8104.4,22
8104.8,25
8104.8,27
8104.8,34
8105.0,11
8105.0,30
8105.1,2
8106.2,7
8106.5,20
8106.8,12
8107.7,37
8107.7,38
8108.0,15
8108.7,10
8108.7,13
8108.9,35
8109.6,18
8111.4,0
8111.7,30
8111.8,32
8111.8,33
8112.1,6
8112.6,8
8114.1,19
8114.2,21
8115.8,23
8116.2,9
8116.3,20
8116.4,29
8116.7,3
8117.0,37
8117.6,26
8119.4,16
8119.7,30
8119.7,34
8120.3,22
8121.8,1
8121.8,17
8121.8,36
8122.3,7
8122.4,28
8122.5,0
8122.8,4
8122.9,12
8123.4,39
8123.9,32
8124.1,6
8124.3,38
8125.0,18
8126.0,11
8126.0,25
8126.1,15
8126.5,35
8126.9,27
8127.4,21
8127.4,30
8127.7,33
8128.0,14
8129.8,20
8129.9,7
8132.3,0
8132.9,23
8133.2,37
8133.3,6
8133.9,3
8134.2,5
8134.5,34
8134.9,10
8135.2,26
8136.2,13
8136.4,30
8136.8,32
8137.0,16
8137.1,9
8137.4,4
8137.5,15
8137.9,27
8138.2,20
8138.6,0
8138.6,19
8138.8,22
8139.2,29
8139.7,2
8139.8,21
8140.4,33
8140.6,38
8141.3,8
8141.5,17
8142.1,37
8142.9,7
8143.4,25
8143.5,35
8143.6,36
8144.1,30
8144.9,34
8144.9,18
8145.1,23
8145.9,11
8146.9,6
8147.3,39
8148.4,0
8149.5,15
8150.1,12
8150.1,20
8151.1,32
8151.2,28
8151.7,37
8152.1,38
8152.3,7
8152.9,14
8152.9,19
8153.0,21
8153.0,33
8153.0,35
8153.5,9
8153.9,27
8154.1,6
8154.1,30
8154.6,26
8154.7,18
8155.5,22
8157.4,1
8158.0,0
8158.6,20
8159.1,23
8160.8,5
8161.4,17
8161.6,25
8162.4,29
8162.4,32
8162.4,34
8162.7,13
8162.7,30
8162.9,4
8163.1,37
8163.2,7
8163.7,36
8164.2,2
8164.8,38
8166.4,22
8167.6,0
8168.1,21
8168.5,18
8169.0,15
8170.0,9
8170.0,27
8170.0,3
8170.3,35
8170.5,14
8171.4,11
8171.7,30
8172.6,6
8172.6,33
8172.8,20
8174.3,7
8176.9,23
8176.9,37
8177.6,12
8177.9,5
8178.5,26
8178.5,39
8178.7,16
8179.2,34
8179.4,0
8179.6,38
8179.7,19
8179.9,32
8180.0,30
8180.1,18
8180.6,25
8181.0,6
8183.0,4
8184.0,15
8184.1,7
8184.6,23
8185.4,13
8185.7,37
8186.6,36
8186.7,29
8186.9,1
8187.4,22
8187.5,20
8187.5,35
8187.6,10
8187.7,11
8187.9,33
8189.0,27
8189.5,6
8190.0,0
8190.6,2
8190.7,21
8191.4,17
8191.6,14
8191.6,32
8191.9,18
8192.0,30
8192.0,34
8192.3,8
8192.4,3
8193.2,37
8193.9,7
8194.4,38
8195.0,12
8195.0,25
8196.9,20
8199.2,6
8199.2,16
8199.2,35
8199.6,0
8199.7,15
8199.7,27
8200.0,9
8200.1,30
8200.5,19
8200.5,36
8201.8,26
8203.8,7
8204.0,32
8204.4,22
8204.7,33
8205.1,21
8205.1,13
8205.1,18
8205.4,4
8205.6,39
8205.7,23
8206.1,29
8206.4,0
8206.5,27
8206.6,37
8207.0,11
8207.4,6
8207.7,28
8208.1,30
8209.3,17
8209.6,5
8209.6,34
8209.6,38
8210.7,20
8210.9,1
8212.7,35
8214.7,25
8215.2,30
8215.4,7
8216.4,2
8216.4,36
8216.6,0
8216.8,37
8217.5,15
8217.7,21
8218.3,33
8218.8,3
8218.8,32
8219.1,10
8219.4,9
8219.4,23
8220.3,6
8220.5,22
8221.1,20
8221.8,30
8223.2,18
8223.2,38
8223.5,14
8224.1,27
8225.3,34
8225.7,36
8227.1,7
8228.3,4
8228.8,30
8230.1,32
8230.3,20
8230.5,6
8230.7,13
8230.7,21
8231.0,29
8231.6,19
8231.6,37
8232.1,35
8232.5,24
8232.5,0
8232.5,11
8232.5,33
8233.1,25
8233.9,23
8234.0,26
8235.2,16
8235.3,15
8235.5,18
8235.9,7
8235.9,22
8237.7,5
8238.4,30
8238.5,17
8239.1,12
8240.6,38
8241.3,28
8241.5,20
8242.2,37
8242.5,34
8242.6,32
8242.8,33
8243.1,6
8243.2,11
8243.2,2
8243.2,9
8243.2,39
8243.7,19
8243.8,4
8245.3,30
8245.5,0
8245.7,13
8245.7,21
8245.7,27
8246.0,14
8246.6,35
8247.3,1
8247.3,36
8247.5,18
8249.0,15
8250.0,7
8250.0,23
8250.4,8
8250.4,22
8250.5,3
8252.5,6
8253.4,26
8253.5,20
8253.8,0
8254.5,37
8254.5,30
8254.8,33
8254.9,36
8255.3,38
8255.7,10
8256.0,34
8256.9,32
8256.9,12
8257.1,2
8257.2,19
8257.4,25
8258.4,27
8258.9,11
8261.5,15
8262.2,0
8262.5,9
8262.7,35
8262.9,18
8263.4,6
8263.5,30
8263.8,16
8264.2,21
8264.4,23
8265.2,22
8266.1,38
8266.4,7
8266.9,17
8267.4,20
8267.9,4
8268.1,33
8268.2,34
8268.6,32
8268.6,37
8268.7,0
8268.8,29
8269.1,13
8270.1,1
8271.6,25
8271.9,15
8272.8,30
8273.8,36
8273.9,27
8274.8,6
8275.3,5
8275.6,19
8275.7,11
8275.9,22
8277.4,14
8277.5,26
8279.3,21
8279.8,0
8279.8,18
8280.1,37
8280.4,7
8280.4,33
8280.5,32
8280.8,12
8280.9,35
8281.5,20
8281.7,39
8282.7,30
8283.0,6
8283.0,28
8283.4,23
8283.6,9
8283.6,10
8283.9,17
8284.1,25
8284.3,3
8284.3,34
8285.9,38
8287.0,22
8287.1,0
8288.6,26
8289.5,36
8289.9,37
8290.3,18
8290.5,13
8290.5,4
8290.8,2
8291.2,30
8291.4,21
8291.7,32
8291.8,6
8291.9,20
8291.9,35
8292.6,27
8292.6,7
8295.0,15
8296.0,33
8296.4,11
8297.2,1
8297.3,25
8298.0,12
8298.3,18
8298.9,29
8298.9,38
8299.1,14
8299.2,9
8299.4,5
8299.6,34
8299.8,22
8299.9,16
8300.0,19
8300.0,37
8300.2,23
8300.3,30
8300.3,0
8300.7,28
8300.9,7
8302.1,6
8303.5,20
8304.2,27
8306.7,13
8307.0,35
8307.4,21
8307.4,32
8307.8,37
8308.0,10
8308.0,26
8308.7,0
8308.9,15
8309.2,9
8309.3,30
8309.9,36
8310.0,7
8312.2,34
8314.6,25
8314.7,17
8314.7,22
8314.8,23
8315.1,18
8315.7,3
8315.8,8
8316.7,6
8316.8,4
8317.0,2
8317.2,20
8317.3,16
8317.4,9
8317.8,33
8318.1,30
8318.5,12
8319.3,13
8319.4,27
8320.0,38
8320.0,37
8320.9,0
8321.4,1
8322.2,29
8322.3,11
8323.1,15
8323.2,6
8323.9,5
8323.9,17
8324.0,39
8324.1,7
8324.1,28
8324.9,21
8325.0,32
8325.6,36
8325.8,22
8325.9,35
8326.6,20
8327.5,14
8328.0,34
8328.1,37
8328.4,23
8328.6,26
8328.9,30
8329.6,3
8331.0,9
8331.0,10
8331.4,19
8331.6,0
8331.6,33
8332.1,4
8333.4,18
8334.3,13
8334.6,6
8334.8,25
8335.1,27
8335.4,16
8335.7,15
8336.1,8
8336.7,35
8337.2,37
8337.4,7
8337.4,30
8337.8,20
8337.8,38
8339.6,21
8339.7,36
8340.6,29
8341.0,11
8341.0,32
8341.2,22
8341.7,34
8342.0,23
8342.2,26
8345.1,30
8345.7,0
8346.3,9
8346.6,1
8347.7,24
8348.4,17
8348.5,25
8348.6,27
8348.7,38
8349.1,33
8350.1,37
8350.3,30
8350.7,7
8350.8,34
8351.7,6
8352.3,5
8352.6,0
8353.7,12
8354.2,32
8354.3,20
8354.3,21
8354.5,3
8354.5,2
8354.7,18
8355.5,36
8355.6,19
8355.9,26
8357.0,35
8357.1,13
8357.5,23
8357.8,14
8359.6,33
8359.6,37
8360.1,30
8360.3,27
8360.5,15
8362.0,7
8362.6,20
8362.8,25
8363.1,28
8363.4,34
8364.0,38
8364.1,39
8365.4,32
8365.6,11
8365.6,22
8366.1,9
8367.0,30
8367.0,36
8367.3,0
8367.8,6
8368.2,4
8369.2,33
8369.4,29
8369.9,21
8370.8,18
8371.2,20
8372.2,23
8372.3,35
8372.5,32
8372.7,3
8373.4,7
8373.5,16
8373.5,38
8373.8,0
8374.4,30
8374.6,37
8374.9,26
8375.1,15
8375.2,19
8375.4,5
8376.0,14
8376.1,2
8376.8,1
8376.8,34
8376.9,8
8377.3,36
8377.6,10
8378.0,13
8378.1,6
8378.7,33
8379.5,22
8380.3,27
8381.2,11
8381.2,17
8382.5,30
8383.4,32
8384.0,20
8384.0,29
8384.4,12
8384.9,18
8385.2,3
8386.5,21
8386.8,23
8387.6,9
8387.9,0
8388.1,37
8388.2,6
8388.3,38
8388.6,25
8389.2,4
8390.9,30
8391.5,36
8391.6,7
8392.0,17
8392.2,39
8392.3,15
8392.4,34
8392.5,33
8392.9,14
8393.9,20
8394.1,32
8395.4,0
8396.1,13
8396.5,6
8397.1,37
8397.6,19
8397.6,23
8397.8,18
8398.1,35
8398.3,30
8398.4,8
8398.4,21
8398.6,16
8398.6,26
8399.2,33
8399.7,25
8400.9,11
8401.4,2
8401.9,12
8402.4,29
8402.8,38
8403.1,24
8403.3,27
8403.5,22
8403.5,28
8403.7,20
8405.3,37
8405.6,30
8406.0,0
8406.1,7
8406.9,34
8408.8,19
8409.0,32
8409.5,1
8409.7,15
8409.9,5
8409.9,21
8410.1,9
8411.8,3
8412.4,30
8412.7,17
8412.8,36
8413.1,0
8413.2,10
8413.6,38
8414.6,6
8414.9,37
8415.4,23
8415.5,35
8416.2,12
8416.3,33
8416.5,7
8417.3,26
8418.2,18
8418.3,14
8419.0,25
8419.7,34
8419.9,4
8420.2,20
8420.6,32
8422.3,28
8422.9,11
8422.9,30
8424.4,22
8425.6,0
8425.9,2
8426.1,13
8426.2,39
8426.4,5
8426.4,6
8426.4,15
8426.4,27
8426.8,16
8427.0,29
8427.1,21
8427.4,23
8427.6,1
8427.9,38
8428.0,7
8428.3,36
8429.5,18
8429.7,20
8430.1,12
8430.7,30
8431.5,25
8431.7,37
8432.9,9
8433.0,32
8434.6,33
8435.1,35
8435.5,34
8436.6,22
8437.0,4
8437.9,30
8438.0,0
8439.0,6
8440.4,7
8441.0,19
8441.7,14
8441.8,2
8442.0,17
8442.2,10
8442.2,15
8442.2,23
8442.5,27
8442.6,20
8442.7,21
8442.8,26
8443.2,3
8443.5,35
8443.9,13
8444.3,11
8444.9,0
8445.9,16
8445.9,37
8446.7,38
8447.8,29
8448.3,32
8448.4,34
8449.1,25
8449.7,20
8450.0,30
8451.7,36
8452.0,19
8452.2,18
8452.2,33
8452.7,23
8452.9,12
8453.3,5
8453.5,7
8453.6,21
8453.9,28
8454.0,1
8454.9,0
8457.0,30
8457.2,39
8457.7,6
8458.0,37
8458.4,38
8458.9,22
8459.4,14
8460.9,27
8461.1,4
8461.1,17
8461.1,20
8461.6,9
8461.7,26
8461.7,32
8461.7,35
8461.8,3
8462.3,2
8462.3,11
8462.6,7
8463.2,15
8463.8,34
8464.2,0
8464.2,33
8465.3,25
8465.3,30
8466.7,13
8466.8,23
8469.0,21
8469.9,5
8469.9,29
8470.2,20
8470.5,37
8470.7,36
8470.9,12
8471.0,16
8471.1,0
8471.1,22
8471.3,18
8472.0,30
8472.2,32
8472.6,35
8473.6,38
8476.7,6
8477.1,14
8477.3,34
8478.4,7
8478.7,8
8478.7,26
8479.5,0
8479.5,27
8479.7,19
8479.8,20
8480.3,4
8480.6,30
8481.0,15
8481.0,2
8483.3,33
8483.6,10
8484.6,6
8484.8,21
8484.8,23
8484.8,25
8484.8,38
8485.0,11
8485.2,35
8485.4,17
8485.6,18
8485.7,37
8485.9,29
8486.4,36
8486.6,32
8487.5,30
8487.8,27
8488.9,7
8490.2,22
8490.5,34
8491.3,0
8491.3,28
8491.4,1
8491.6,24
8491.7,12
8491.9,20
8492.0,15
8492.3,14
8493.0,39
8493.8,9
8494.4,6
8495.0,23
8495.2,11
8495.3,30
8495.7,38
8495.9,32
8496.1,5
8496.8,13
8497.0,16
8497.6,37
8498.8,35
8499.1,21
8499.5,20
8499.9,4
8500.7,2
8500.9,3
8501.2,22
8501.4,33
8501.5,0
8501.5,18
8502.5,7
8503.6,15
8503.8,25
8503.9,19
8504.9,26
8506.2,17
8506.2,30
8506.6,36
8507.3,27
8508.6,6
8509.7,37
8510.3,32
8510.4,34
8511.5,20
8511.6,29
8511.7,0
8511.7,38
8512.0,35
8512.2,23
8512.5,22
8512.6,8
8513.0,5
8514.3,15
8514.3,30
8514.5,18
8514.8,21
8515.7,4
8515.8,12
8516.3,10
8516.9,9
8517.2,6
8517.6,26
8517.8,33
8518.1,23
8518.2,13
8518.2,20
8518.4,11
8519.4,37
8519.7,36
8519.8,7
8520.1,30
8520.5,1
8520.8,0
8520.8,14
8522.4,27
8523.2,3
8524.1,24
8525.0,2
8525.0,16
8525.6,22
8525.8,6
8525.9,17
8526.1,35
8526.2,7
8526.3,25
8526.7,30
8526.7,32
8527.0,38
8527.4,33
8527.7,18
8527.7,23
8527.7,34
8528.5,0
8529.7,20
8529.8,21
8532.4,37
8532.5,4
8532.5,28
8534.7,15
8535.4,32
8535.6,19
8535.6,39
8535.8,36
8536.1,30
8537.5,22
8537.8,7
8538.3,13
8538.5,25
8539.1,6
8539.8,2
8540.7,12
8541.2,34
8541.4,0
8541.4,20
8542.5,38
8542.9,29
8543.2,5
8543.4,11
8544.0,33
8544.6,27
8544.7,3
8544.8,9
8545.0,18
8545.2,30
8545.3,37
8545.8,26
8545.9,35
8546.0,8
8546.3,21
8546.9,23
8547.3,7
8547.5,17
8547.8,14
8548.0,0
8549.7,1
8551.9,20
8552.3,6
8552.6,15
8553.0,30
8553.0,36
8553.5,33
8554.5,32
8555.1,37
8555.2,18
8555.3,0
8555.3,19
8555.7,22
8556.9,23
8556.9,34
8557.7,25
8558.0,7
8558.9,38
8559.3,16
8560.4,21
8560.8,30
8561.3,3
8562.3,35
8562.4,6
8562.6,2
8562.9,11
8563.2,26
8563.2,27
8563.9,0
8564.7,10
8565.2,20
8565.3,37
8565.7,32
8565.9,17
8566.4,18
8567.0,15
8567.2,33
8567.3,13
8567.3,23
8567.3,36
8567.4,34
8569.1,38
8569.8,30
8570.9,21
8571.7,19
8572.3,1
8572.6,7
8572.9,25
8573.7,4
8574.5,14
8574.6,3
8574.7,0
8575.1,6
8575.9,15
8575.9,29
8576.3,37
8576.4,35
8576.6,2
8576.8,22
8577.0,12
8577.3,20
8577.3,27
8578.8,32
8579.0,28
8579.4,9
8580.1,30
8580.5,11
8580.9,34
8581.8,33
8582.2,18
8582.4,39
8582.6,23
8584.3,38
8585.3,0
8585.8,26
8586.3,36
8586.4,6
8586.5,5
8586.6,7
8587.5,24
8587.6,13
8587.7,37
8588.4,25
8588.8,19
8589.3,30
8590.4,32
8590.7,17
8591.2,20
8591.6,9
8591.9,23
8592.3,12
8592.3,15
8592.3,21
8593.0,18
8593.4,38
8593.7,22
8594.2,34
8594.6,1
8594.9,27
8595.1,0
8595.1,4
8595.2,36
8596.1,35
8596.4,16
8596.7,3
8596.7,30
8597.3,14
8597.4,37
8598.0,7
8598.4,6
8599.0,33
8599.3,10
8599.4,8
8599.7,32
8599.9,11
8601.2,26
8601.9,2
8602.1,20
8603.0,21
8604.3,23
8604.9,29
8605.5,0
8606.2,30
8606.4,27
8607.3,13
8607.5,9
8608.0,32
8608.1,7
8608.4,25
8609.0,5
8609.4,36
8609.4,37
8610.2,15
8610.3,34
8611.7,1
8611.8,6
8612.3,19
8613.0,35
8613.1,12
8613.5,0
8614.0,26
8614.6,16
8615.6,4
8615.7,2
8615.7,33
8616.0,38
8616.0,39
8616.2,18
8616.2,20
8616.4,30
8617.0,37
8617.3,3
8617.5,7
8621.8,17
8622.1,32
8622.2,6
8622.4,29
8622.7,20
8622.7,28
8622.9,36
8623.0,37
8623.4,25
8623.5,23
8623.5,30
8624.5,22
8625.8,7
8626.5,0
8626.5,34
8626.9,27
8627.2,35
8627.5,21
8628.2,11
8629.5,15
8630.4,19
8630.4,33
8630.9,25
8632.3,9
8632.5,18
8632.5,38
8633.0,20
8633.4,8
8633.6,13
8633.7,12
8633.9,6
8633.9,30
8634.2,0
8634.6,5
8634.8,32
8635.3,22
8635.3,23
8635.4,26
8636.0,3
8636.9,16
8638.1,37
8638.5,7
8638.7,14
8639.7,36
8640.5,21
8641.1,2
8641.6,34
8642.1,18
8642.3,30
8642.6,0
8642.9,39
8643.1,38
8643.6,13
8643.6,20
8643.7,11
8643.9,7
8644.1,23
8644.3,27
8644.4,37
8646.1,9
8647.7,6
8647.7,33
8648.1,29
8649.0,25
8649.4,30
8649.7,35
8650.6,15
8650.7,18
8650.7,22
8650.7,32
8650.9,24
8651.3,4
8652.4,26
8653.9,21
8654.5,23
8655.4,0
8656.3,12
8656.7,37
8656.8,10
8656.9,20
8657.6,7
8657.8,6
8658.2,28
8658.3,34
8658.6,17
8658.9,30
8659.3,22
8661.3,38
8661.6,36
8662.1,9
8662.4,2
8662.4,33
8662.5,15
8662.7,27
8662.9,32
8664.2,1
8664.3,18
8664.6,23
8664.8,5
8664.8,19
8664.8,35
8664.9,20
8665.0,21
8665.4,37
8666.3,3
8666.3,6
8666.7,34
8668.4,11
8668.4,30
8668.5,7
8670.5,25
8670.6,0
8671.5,13
8672.0,38
8672.8,27
8674.4,12
8674.6,29
8674.7,16
8674.9,17
8675.9,37
8676.2,19
8676.7,7
8676.7,22
8676.8,8
8677.0,23
8677.1,20
8677.2,30
8677.3,14
8678.3,15
8678.3,32
8678.8,35
8679.6,6
8679.6,33
8679.8,18
8680.1,0
8680.1,21
8680.7,34
8681.3,26
8683.2,9
8683.7,30
8684.8,10
8684.8,36
8685.7,11
8686.6,2
8687.0,32
8687.1,27
8687.1,37
8687.5,5
8687.6,33
8687.7,7
8688.3,20
8688.4,15
8688.5,22
8688.6,4
8689.5,3
8690.1,1
8690.1,6
8690.8,0
8690.9,30
8692.9,38
8693.3,23
8693.6,34
8694.2,25
8694.4,13
8694.7,35
8695.0,21
8695.0,37
8695.8,9
8695.9,8
8695.9,20
8696.3,26
8696.4,18
8696.5,12
8697.1,28
8697.3,39
8697.9,19
8698.7,36
8698.8,6
8698.9,30
8699.5,15
8699.5,24
8699.6,32
8700.1,0
8700.7,7
8701.6,29
8703.2,33
8705.3,9
8705.5,14
8705.6,17
8705.9,5
8706.0,37
8706.2,16
8707.0,13
8707.4,34
8708.7,23
8708.7,30
8709.0,6
8709.2,21
8709.3,38
8710.3,18
8710.4,0
8710.8,20
8711.2,22
8711.4,35
8712.4,4
8712.6,27
8712.8,32
8712.9,7
8712.9,11
8713.3,19
8713.4,26
8713.6,10
8714.7,15
8715.1,36
8715.8,9
8715.8,30
8716.2,25
8716.2,37
8717.1,3
8717.2,28
8717.3,23
8718.4,0
8718.5,33
8718.8,13
8720.6,16
8720.7,6
8720.9,34
8721.3,2
8721.6,5
8722.1,20
8723.5,30
8725.3,14
8725.6,7
8726.3,12
8726.4,19
8726.4,22
8726.4,38
8727.0,1
8727.0,35
8727.1,32
8727.5,37
8727.7,18
8728.0,0
8728.5,25
8728.7,6
8728.9,36
8729.1,29
8729.2,20
8729.4,26
8729.5,11
8729.8,23
8730.7,21
8732.4,13
8732.5,30
8732.8,33
8733.3,15
8734.3,27
8735.4,17
8736.9,34
8738.0,7
8738.7,0
8738.8,20
8738.8,24
8738.8,37
8739.6,3
8739.8,12
8739.9,18
8740.0,2
8740.0,22
8740.0,38
8740.3,4
8741.5,30
8743.2,23
8743.6,21
8743.8,6
8743.8,9
8744.1,19
8744.1,36
8744.2,32
8744.3,33
8744.4,35
8746.2,11
8746.2,14
8746.2,34
8746.4,15
8746.6,25
8747.5,27
8747.6,0
8747.6,20
8748.0,26
8748.8,30
8750.2,37
8750.4,38
8750.9,5
8751.1,16
8753.0,9
8753.2,7
8753.3,8
8753.6,35
8754.4,0
8754.7,1
8755.8,6
8756.1,17
8756.9,13
8757.2,32
8757.5,30
8757.8,2
8758.8,33
8759.9,20
8760.3,21
8760.5,18
8760.9,19
8760.9,34
8760.9,38
8761.3,4
8761.6,27
8762.1,10
8763.3,23
8763.7,36
8764.8,28
8764.9,37
8765.0,12
8765.2,26
8765.5,7
8766.3,16
8766.7,18
8766.8,30
8767.2,6
8767.5,15
8767.6,14
8767.6,22
8767.8,25
8768.1,0
8768.4,29
8769.0,32
8769.3,20
8769.6,34
8769.9,5
8771.2,33
8771.5,9
8772.3,27
8772.9,3
8773.8,21
8775.3,11
8775.9,35
8776.2,37
8776.4,30
8777.2,13
8778.3,0
8778.3,1
8778.7,20
8778.7,38
8778.9,18
8779.1,32
8779.7,36
8780.3,23
8780.7,7
8781.7,34
8782.5,33
8782.7,30
8783.4,6
8784.3,38
8784.5,4
8785.8,26
8786.0,37
8787.5,21
8787.8,5
8787.8,19
8788.0,17
8788.3,16
8788.4,12
8788.4,22
8788.4,27
8789.5,35
8789.6,2
8789.9,13
8790.7,18
8790.7,25
8790.8,15
8792.0,0
8792.6,20
8792.8,30
8793.4,7
8794.0,8
8794.7,32
8795.2,33
8795.2,37
8795.6,22
8796.3,14
8796.4,9
8796.5,19
8799.4,0
8799.5,6
8799.6,23
8800.1,39
8800.9,36
8801.3,3
8801.5,30
8801.7,34
8801.8,20
8801.9,35
8802.1,11
8802.1,38
8804.5,12
8804.9,2
8804.9,7
8807.2,17
8807.2,25
8807.8,4
8807.8,32
8807.9,0
8807.9,26
8807.9,30
8808.0,37
8808.4,18
8808.4,20
8808.4,21
8808.5,29
8808.6,16
8809.0,13
8809.0,19
8811.0,27
8811.0,33
8812.8,15
8812.9,6
8813.3,34
8813.6,3
8814.3,22
8814.4,23
8815.3,7
8815.4,38
8815.5,9
8815.5,30
8817.0,11
8817.4,37
8818.2,33
8818.4,35
8819.0,0
8819.3,20
8820.4,32
8820.7,21
8821.5,12
8822.1,19
8822.4,13
8823.0,6
8823.4,30
8824.3,1
8824.3,39
8825.5,25
8825.5,29
8825.8,0
8826.0,15
8826.9,5
8827.0,34
8828.2,14
8828.2,26
8828.5,10
8829.5,27
8829.6,7
8830.4,11
8830.4,18
8830.6,20
8831.4,36
8831.5,23
8831.6,30
8832.3,38
8832.4,37
8834.1,17
8834.3,22
8835.3,6
8835.4,2
8835.8,32
8835.8,35
8835.9,28
8836.2,33
8836.6,0
8836.8,4
8837.2,8
8837.2,13
8837.5,16
8837.6,9
8837.9,21
8838.3,20
8838.8,19
8839.8,30
8840.3,23
8840.7,37
8841.6,34
8842.5,11
8842.8,25
8843.8,12
8846.0,36
8846.4,38
8847.2,7
8848.2,6
8848.3,3
8848.6,26
8848.6,30
8848.7,18
8848.9,1
8849.3,39
8849.4,15
8849.8,0
8849.8,37
8849.9,22
8851.2,35
8852.1,33
8852.3,27
8853.7,20
8854.3,7
8854.5,6
8855.8,21
8855.8,29
8856.0,34
8856.0,5
8856.0,30
8856.2,23
8856.7,32
8857.3,25
8858.6,13
8858.7,14
8859.0,36
8859.3,11
8860.0,18
8860.1,24
8861.3,0
8861.4,4
8862.4,35
8864.4,16
8864.5,38
8864.7,20
8864.8,37
8865.7,10
8865.8,33
8865.8,30
8866.1,21
8866.2,19
8866.5,17
8866.7,27
8867.3,13
8867.3,34
8867.4,32
8867.7,26
8867.8,15
8868.2,23
8868.6,2
8868.6,12
8868.8,0
8868.8,6
8869.2,22
8869.3,7
8869.7,1
8870.2,18
8870.5,36
8870.8,3
8870.9,29
8872.6,30
8873.1,5
8874.3,9
8875.0,38
8876.2,37
8876.5,20
8876.5,35
8877.2,4
8877.7,8
8878.0,25
8878.1,32
8878.2,7
8878.3,6
8878.8,0
8879.1,16
8879.1,26
8881.9,30
8882.5,27
8882.5,15
8883.3,19
8883.4,33
8883.9,21
8884.1,34
8884.6,18
8884.9,13
8884.9,20
8885.2,14
8886.8,23
8886.9,11
8887.1,2
8887.2,7
8887.9,29
8887.9,30
8888.0,36
8888.2,32
8889.3,0
8889.7,35
8890.5,1
8891.4,6
8891.4,25
8891.6,37
8893.2,22
8893.9,3
8894.6,20
8894.7,30
8894.7,38
8894.9,28
8895.1,15
8895.1,33
8895.4,39
8895.6,26
8895.9,19
8896.0,7
8896.0,12
8896.2,10
8896.2,17
8896.2,18
8896.2,23
8896.2,27
8898.2,37
8898.4,32
8898.5,9
8899.1,0
8899.2,21
8900.2,34
8900.4,6
8901.9,30
8902.1,35
8903.5,5
8905.2,20
8905.9,23
8906.3,25
8906.6,13
8906.6,16
8907.2,33
8907.2,36
8907.4,4
8908.2,30
8908.5,0
8908.5,34
8908.8,11
8908.8,15
8908.9,22
8909.9,38
8910.8,37
8910.9,14
8911.0,3
8911.3,6
8911.5,7
8913.9,18
8913.9,27
8914.0,9
8914.5,8
8914.6,2
8915.1,21
8916.1,20
8917.4,32
8917.6,12
8917.6,29
8918.4,34
8918.5,7
8919.7,0
8919.8,30
8919.9,35
8920.0,37
8920.8,17
8921.1,25
8921.2,1
8922.0,11
8922.1,19
8922.6,22
8922.8,23
8922.9,20
8923.0,15
8923.7,33
8923.9,38
8924.1,26
8925.5,6
8925.5,32
8926.1,36
8927.3,21
8928.3,4
8928.6,34
8929.6,0
8929.6,5
8929.9,18
8930.6,27
8930.7,30
8930.7,39
8930.7,14
8931.2,37
8931.3,23
8931.5,13
8933.3,9
8933.7,35
8933.9,7
8934.1,20
8934.1,26
8934.3,33
8934.3,38
8936.0,28
8936.3,6
8936.5,11
8936.6,30
8937.1,22
8937.4,16
8939.0,0
8939.2,18
8939.8,17
8940.1,23
8940.2,27
8940.5,19
8940.7,15
8940.7,32
8940.9,12
8941.1,10
8941.4,37
8941.7,36
8942.6,25
8942.7,34
8943.2,21
8945.4,30
8946.3,38
8946.4,7
8947.2,4
8947.4,1
8947.4,35
8947.7,33
8948.2,20
8948.6,3
8949.7,9
8951.7,32
8952.1,6
8952.7,2
8952.7,34
8952.9,21
8954.0,22
8954.3,13
8954.4,0
8954.4,30
8954.4,37
8954.6,8
8955.1,15
8955.5,25
8956.1,7
8956.9,5
8957.8,11
8958.9,18
8959.6,36
8959.6,38
8959.8,35
8960.0,23
8961.1,16
8961.1,33
8961.6,20
8962.0,19
8962.0,30
8962.5,4
8962.5,6
8962.5,29
8962.7,37
8963.0,27
8963.4,0
8963.4,32
8965.4,14
8965.6,10
8966.4,17
8968.8,15
8969.7,25
8969.7,26
8970.1,28
8970.3,1
8970.3,39
8970.8,7
8971.0,20
8971.5,22
8971.6,30
8972.1,18
8972.1,38
8972.2,35
8972.3,12
8972.4,34
8972.7,3
8973.2,32
8973.4,0
8973.4,37
8974.6,21
8975.6,33
8976.5,9
8976.6,23
8976.9,6
8977.4,36
8978.5,2
8979.0,22
8979.4,4
8979.5,30
8980.1,15
8980.4,18
8981.2,7
8981.6,26
8982.2,38
8982.4,27
8982.9,20
8983.3,37
8984.0,21
8984.4,0
8984.6,8
8984.6,25
8984.8,34
8985.7,17
8985.8,13
8986.7,32
8986.9,29
8986.9,36
8987.5,30
8987.8,35
8989.3,11
8989.9,6
8990.0,1
8990.3,5
8990.4,19
8991.9,2
8991.9,14
8991.9,15
8992.0,12
8992.5,0
8993.6,37
8994.2,7
8994.3,20
8994.3,33
8994.5,18
8994.9,39
8996.5,3
8996.5,22
8996.6,34
8996.8,17
8997.9,32
8998.1,23
8998.2,30
8999.2,35
9000.8,21
9001.1,16
9001.5,25
9002.1,38
9002.3,27
9002.4,36
9003.0,13
9003.2,6
9003.9,3
9003.9,20
9003.9,7
9004.1,9
9004.8,0
9004.8,15
9004.8,30
9005.4,19
9006.0,37
9006.7,32
9007.5,29
9009.0,26
9009.2,18
9009.4,5
9009.6,17
9010.5,12
9012.1,34
9012.7,33
9013.5,7
9013.7,23
9014.2,35
9014.7,0
9015.4,30
9015.7,9
9015.7,21
9016.1,20
9016.3,36
9016.8,14
9017.0,11
9017.1,6
9017.4,37
9018.1,32
9018.1,38
9018.2,22
9020.4,13
9021.0,8
9022.1,34
9022.1,2
9022.4,1
9022.6,4
9022.6,19
9022.6,30
9022.8,7
9022.8,15
9022.9,25
9024.0,36
9024.5,10
9024.8,0
9025.4,20
9025.4,33
9026.5,18
9027.2,26
9028.0,3
9028.1,23
9028.7,27
9028.9,6
9029.2,17
9029.5,37
9029.7,16
9030.2,32
9031.0,21
9031.3,0
9032.6,13
9032.7,39
9032.8,7
9033.0,9
9033.0,28
9033.3,30
9033.6,5
9034.1,34
9034.9,35
9035.6,20
9036.5,15
9037.4,29
9037.8,25
9038.3,32
9038.8,21
9038.8,38
9040.7,30
9040.8,37
9041.0,10
9041.6,19
9042.0,18
9042.5,12
9043.3,6
9043.3,8
9043.5,20
9043.5,26
9043.8,22
9044.1,7
9044.7,4
9044.7,27
9045.3,23
9046.7,0
9046.8,34
9046.9,30
9047.8,33
9047.9,2
9048.0,1
9049.1,11
9050.0,17
9050.1,15
9050.1,32
9050.2,14
9051.4,18
9051.6,16
9052.3,25
9052.4,35
9053.3,37
9055.5,3
9055.9,30
9056.6,6
9056.6,39
9056.7,38
9057.1,36
9057.2,34
9057.4,0
9057.4,9
9057.5,13
9057.6,7
9057.9,21
9057.9,28
9058.0,20
9058.0,22
9059.0,33
9059.1,5
9059.2,23
9059.3,4
9060.4,27
9061.7,37
9062.5,32
9063.0,15
9063.6,18
9065.2,11
9065.4,26
9065.4,30
9066.4,1
9066.4,16
9066.4,20
9068.8,0
9069.0,35
9069.0,38
9069.9,7
9071.4,6
9071.6,33
9072.4,3
9073.2,25
9073.4,23
9073.4,29
9073.5,12
9073.5,21
9073.6,36
9073.9,17
9074.2,27
9074.9,11
9074.9,18
9075.0,9
9075.0,14
9075.0,30
9075.0,37
9075.1,20
9075.1,32
9075.1,34
9075.5,4
9075.6,2
9075.7,22
9078.9,26
9081.3,7
9081.4,0
9081.8,10
9082.0,6
9082.1,15
9082.3,39
9082.7,38
9082.8,19
9083.0,1
9083.4,13
9083.7,24
9084.4,33
9084.8,20
9085.0,37
9085.2,36
9085.6,30
9085.8,11
9085.9,16
9085.9,21
9086.1,23
9086.6,0
9087.1,3
9088.2,35
9088.6,25
9090.0,22
9091.3,6
9091.4,34
9091.6,32
9092.2,5
9092.9,20
9093.4,7
9094.4,29
9094.4,8
9094.8,27
9094.8,30
9095.0,38
9096.1,37
9096.8,9
9097.0,23
9098.3,0
9100.0,15
9100.6,16
9100.8,28
9101.3,32
9102.0,21
9102.5,13
9102.5,33
9103.1,22
9103.5,30
9103.6,6
9103.9,36
9104.4,18
9105.1,2
9105.7,20
9105.8,35
9105.9,4
9106.0,14
9106.4,3
9106.6,5
9106.7,17
9106.8,34
9106.8,37
9107.1,19
9107.5,23
9109.3,30
9110.8,7
9110.9,27
9111.2,12
9111.3,0
9111.3,1
9111.4,33
9111.9,26
9112.0,29
9112.5,25
9112.8,15
9114.4,11
9114.6,38
9115.5,30
9116.3,17
9116.4,32
9117.2,20
9117.6,8
9117.7,9
9117.8,34
9117.9,6
9119.4,23
9119.5,21
9119.5,36
9120.0,22
9120.4,0
9120.5,37
9120.5,14
9121.1,5
9121.2,7
9121.4,33
9124.1,4
9124.1,30
9124.2,27
9124.2,38
9125.0,2
9125.0,32
9125.2,13
9125.2,35
9125.5,18
9126.9,20
9128.1,25
9128.8,37
9128.9,0
9128.9,15
9129.5,34
9131.6,30
9131.7,39
9132.1,33
9132.2,6
9132.4,10
9133.0,12
9133.7,29
9133.8,19
9134.0,11
9134.1,8
9134.7,7
9134.7,35
9135.1,23
9135.5,21
9136.3,20
9137.2,32
9138.0,30
9138.5,0
9138.5,27
9138.8,16
9139.4,38
9139.5,9
9139.8,3
9140.2,15
9140.4,18
9141.3,26
9141.3,37
9141.6,22
9142.1,34
9142.8,28
9143.0,1
9143.2,7
9144.1,14
9144.1,36
9144.4,23
9144.9,24
9144.9,13
9145.8,33
9145.9,8
9146.2,2
9146.2,30
9147.7,25
9148.3,20
9148.4,35
9149.4,19
9149.6,6
9149.7,0
9150.0,17
9150.5,27
9150.9,21
9151.5,5
9152.2,32
9152.3,4
9152.7,11
9153.9,37
9154.6,15
9155.2,20
9156.3,16
9156.9,0
9157.4,34
9158.1,30
9158.4,7
9158.8,6
9159.2,38
9159.9,23
9160.1,13
9160.6,12
9161.5,27
9161.9,14
9162.1,9
9162.7,21
9162.7,22
9162.9,8
9163.0,3
9163.1,1
9163.4,33
9163.9,30
9164.1,32
9164.3,18
9164.3,35
9164.3,37
9164.4,20
9164.6,0
9164.6,36
9165.5,2
9165.6,17
9167.0,25
9168.7,15
9169.7,29
9169.8,19
9170.6,34
9170.8,7
9170.8,26
9171.4,23
9171.8,21
9174.5,10
9175.1,6
9175.2,33
9175.3,37
9175.7,30
9175.8,32
9176.3,36
9176.7,16
9177.0,18
9177.0,20
9177.3,5
9177.7,38
9178.1,0
9178.3,11
9179.2,35
9179.9,27
9180.2,21
9181.1,25
9181.1,33
9182.9,30
9183.7,7
9184.1,22
9185.0,12
9185.6,37
9185.8,3
9186.0,23
9186.6,20
9187.3,13
9187.5,6
9187.7,0
9188.0,15
9188.1,17
9188.2,34
9188.3,4
9188.6,14
9188.8,11
9189.0,9
9189.3,32
9189.4,30
9189.5,2
9192.2,36
9194.2,38
9194.8,21
9195.0,35
9195.2,37
9195.4,8
9195.9,20
9196.7,18
9197.2,33
9197.4,0
9197.9,7
9198.0,16
9198.7,19
9198.8,26
9199.4,30
9199.7,13
9199.9,22
9200.0,25
9201.2,6
9202.7,23
9203.7,27
9204.7,11
9205.0,2
9205.7,32
9206.0,15
9206.2,9
9206.5,39
9206.6,0
9206.8,3
9206.9,21
9207.1,14
9207.1,28
9207.6,30
9207.9,4
9208.1,7
9208.1,20
9208.7,29
9209.3,5
9209.3,34
9209.4,1
9209.6,18
9210.6,36
9210.7,37
9211.0,12
9211.3,23
9211.3,38
9211.4,35
9211.9,6
9213.7,25
9213.9,17
9214.6,15
9215.0,13
9215.0,30
9216.7,33
9216.9,0
9217.1,2
9217.5,20
9217.5,22
9217.7,16
9218.1,21
9218.2,19
9219.0,27
9219.0,36
9219.1,26
9219.8,9
9219.8,32
9220.8,18
9220.9,30
9221.1,34
9221.3,37
9222.2,7
9222.9,35
9223.1,23
9223.4,11
9224.0,6
9224.7,10
9224.8,38
9226.1,0
9226.1,33
9226.7,12
9226.8,30
9226.9,29
9227.1,3
9227.5,8
9228.0,26
9228.3,15
9228.6,32
9229.1,21
9229.9,20
9230.1,37
9230.6,18
9231.4,16
9231.6,34
9232.1,1
9232.2,25
9232.4,22
9232.7,23
9233.1,0
9233.9,28
9234.7,30
9234.8,13
9236.0,7
9236.7,6
9237.1,17
9237.5,20
9238.7,35
9238.8,27
9239.3,33
9240.4,32
9240.6,4
9241.1,19
9241.2,30
9241.4,11
9241.5,38
9242.0,34
9243.8,36
9243.8,37
9243.8,0
9243.8,15
9244.7,9
9245.5,14
9246.2,2
9246.2,18
9246.2,22
9246.4,26
9246.8,5
9247.6,25
9248.5,30
9248.7,23
9249.0,7
9249.7,21
9249.9,3
9250.0,6
9252.1,27
9252.6,35
9253.4,34
9253.6,17
9253.9,37
9254.5,20
9255.0,32
9255.1,4
9255.2,16
9255.6,0
9256.1,33
9256.2,13
9256.4,30
9256.6,12
9257.7,15
9258.4,19
9258.4,24
9259.0,6
9259.2,18
9259.4,29
9259.6,11
9260.2,23
9260.5,7
9261.1,38
9262.0,16
9262.5,9
9262.5,35
9263.0,30
9263.5,3
9263.5,27
9264.0,21
9264.1,20
9265.2,34
9265.6,0
9266.0,26
9266.2,22
9266.4,25
9266.5,36
9267.2,1
9268.0,37
9269.4,33
9270.5,30
9271.0,6
9271.9,7
9273.7,23
9273.8,18
9274.4,15
9274.5,0
9275.2,32
9275.6,38
9275.9,9
9276.2,37
9276.9,39
9277.0,27
9277.5,35
9277.7,2
9278.6,20
9280.0,30
9281.5,36
9281.6,6
9281.7,14
9281.8,34
9282.2,13
9282.7,4
9282.8,19
9283.1,5
9283.6,33
9284.2,0
9284.5,12
9284.7,38
9284.9,25
9285.2,10
9285.8,21
9286.0,26
9286.0,30
9286.3,22
9287.0,20
9287.9,7
9288.3,16
9288.3,32
9288.8,34
9289.2,8
9290.0,2
9290.0,37
9290.6,15
9290.6,27
9290.8,23
9290.8,35
9291.5,3
9292.0,28
9292.4,18
9292.6,0
9292.9,17
9293.0,11
9293.1,29
9294.0,6
9294.6,30
9297.0,13
9297.6,20
9297.9,5
9297.9,9
9298.7,7
9299.1,1
9299.4,0
9299.8,26
9300.2,38
9301.3,32
9301.9,21
9302.3,37
9302.5,30
9303.6,4
9304.4,23
9304.5,33
9304.7,25
9304.8,34
9305.3,22
9305.7,27
9306.3,7
9306.3,19
9307.2,35
9307.6,20
9309.3,6
9309.9,36
9310.0,2
9310.0,9
9310.5,30
9310.7,8
9310.8,37
9311.4,18
9311.5,38
9311.6,0
9311.9,11
9312.0,3
9312.1,12
9312.4,13
9313.6,15
9313.9,27
9314.4,16
9314.4,32
9314.7,22
9315.9,23
9316.0,20
9316.1,26
9316.4,34
9316.9,7
9317.7,35
9318.4,21
9318.5,30
9319.4,28
9319.8,10
9320.0,29
9320.0,0
9320.0,6
9320.3,33
9320.4,19
9320.4,37
9320.5,14
9320.7,1
9320.9,9
9324.9,30
9325.0,13
9326.0,20
9326.7,7
9327.0,32
9327.1,12
9327.2,27
9327.9,0
9327.9,18
9328.1,21
9328.1,34
9328.1,36
9328.3,2
9328.5,39
9329.2,25
9329.8,38
9330.0,6
9330.6,15
9332.4,35
9332.6,26
9333.4,23
9333.6,22
9333.7,8
9333.9,32
9334.0,37
9334.3,30
9334.4,33
9334.6,1
9335.4,17
9336.6,20
9337.7,19
9338.3,0
9338.4,27
9338.8,14
9339.8,25
9340.5,7
9340.7,12
9341.4,11
9341.9,34
9342.1,37
9342.2,2
9342.3,30
9342.5,21
9343.3,6
9343.4,4
9343.4,38
9343.7,9
9343.8,36
9344.6,18
9344.6,29
9345.3,35
9345.6,15
9346.0,32
9346.1,10
9347.0,33
9347.3,23
9347.4,3
9348.3,22
9348.5,20
9348.7,26
9350.6,27
9350.8,25
9351.3,0
9351.7,30
9352.0,16
9352.1,7
9352.1,13
9352.1,9
9352.1,37
9353.1,5
9353.1,19
9354.3,6
9355.8,23
9355.9,34
9356.2,18
9357.5,32
9358.5,14
9358.9,35
9359.6,0
9360.1,20
9361.1,36
9361.9,38
9362.0,7
9362.4,1
9362.4,17
9363.2,30
9363.8,29
9364.4,21
9364.5,15
9364.5,37
9364.7,6
9364.9,8
9364.9,26
9365.1,11
9365.4,33
9365.6,27
9367.4,22
9367.7,32
9368.0,9
9368.1,2
9368.5,5
9368.8,0
9369.6,18
9369.6,34
9369.9,7
9371.0,4
9372.2,3
9372.7,12
9373.0,20
9373.1,23
9373.1,25
9373.3,30
9373.5,35
9374.6,15
9375.2,6
9375.5,39
9377.9,21
9378.2,37
9378.3,38
9378.4,19
9379.2,5
9379.2,13
9379.3,20
9379.7,0
9379.8,30
9380.1,32
9380.2,29
9380.8,11
9381.2,33
9381.6,36
9381.8,16
9382.3,7
9382.7,27
9382.8,22
9383.1,26
9384.2,34
9386.0,10
9386.3,23
9386.7,12
9387.6,15
9388.0,0
9388.6,3
9388.6,17
9388.6,21
9388.7,18
9388.7,30
9388.8,6
9389.0,25
9389.3,1
9389.7,38
9390.0,37
9390.5,33
9391.0,35
9391.7,20
9393.2,32
9393.7,7
9394.3,9
9394.9,11
9396.4,30
9396.7,2
9396.9,5
9397.8,33
9398.9,22
9399.0,6
9399.1,27
9399.7,13
9400.2,12
9400.2,23
9400.4,34
9400.8,19
9401.1,8
9401.2,20
9401.4,0
9401.4,4
9401.4,37
9401.5,14
9402.0,25
9403.0,29
9403.6,30
9403.6,38
9404.1,15
9405.3,28
9405.9,35
9406.3,7
9406.6,32
9406.7,39
9407.2,17
9407.2,36
9407.7,0
9408.5,21
9408.9,1
9410.8,20
9411.2,6
9411.2,34
9411.3,37
9411.8,18
9412.2,11
9412.4,26
9412.4,30
9412.6,27
9412.9,23
9413.9,38
9414.5,33
9414.9,22
9415.0,13
9415.8,3
9416.0,9
9416.2,7
9416.6,15
9417.0,16
9417.8,32
9418.2,30
9418.3,14
9418.8,21
9418.8,37
9419.3,36
9419.6,24
9420.0,0
9420.2,12
9420.5,25
9423.0,20
9423.5,35
9424.1,27
9424.1,34
9424.4,6
9424.7,23
9425.0,29
9426.5,5
9426.6,19
9426.7,18
9426.7,21
9427.2,4
9427.6,32
9427.8,30
9428.0,38
9428.3,17
9429.0,0
9429.1,10
9429.2,2
9429.9,15
9430.1,37
9430.3,20
9431.6,7
9432.6,35
9432.9,33
9433.2,22
9433.2,36
9434.2,26
9434.8,6
9435.2,11
9435.9,30
9436.2,1
9436.8,3
9436.8,32
9437.0,9
9437.5,34
9437.7,12
9438.1,23
9438.6,0
9438.8,25
9440.2,14
9440.3,7
9441.1,27
9441.2,8
9442.2,19
9442.6,30
9443.2,20
9443.2,38
9443.6,16
9445.0,37
9445.0,17
9445.0,18
9445.8,0
9446.1,13
9446.4,36
9447.4,4
9447.8,39
9447.9,35
9448.3,2
9448.6,6
9448.7,15
9448.7,32
9449.0,22
9449.4,1
9449.6,21
9449.7,7
9449.7,28
9450.6,30
9451.1,34
9451.8,20
9452.4,37
9452.6,5
9452.6,33
9452.7,23
9452.9,9
9453.4,27
9456.8,0
9457.7,26
9457.9,12
9458.1,1
9458.1,30
9458.1,25
9458.7,38
9458.9,18
9459.2,14
9459.6,11
9460.0,36
9460.3,29
9461.0,3
9461.1,15
9461.5,33
9461.6,13
9461.7,6
9462.6,7
9462.8,37
9463.3,27
9464.8,22
9465.6,32
9466.1,34
9466.4,30
9466.9,19
9466.9,20
9468.4,21
9468.7,0
9469.4,9
9470.3,23
9470.7,8
9470.8,17
9471.1,10
9471.4,18
9471.6,6
9471.7,38
9471.8,25
9472.0,35
9472.3,37
9472.8,7
9473.0,16
9474.4,11
9476.1,30
9476.2,15
9477.6,32
9478.4,2
9478.4,36
9478.7,5
9478.8,20
9479.3,0
9479.3,3
9479.7,23
9480.0,18
9480.0,27
9480.1,19
9480.1,26
9480.3,13
9480.3,34
9480.6,33
9481.7,30
9481.7,37
9484.8,21
9485.9,1
9486.0,6
9486.3,25
9486.4,35
9486.7,7
9487.3,22
9487.4,12
9487.5,29
9487.8,9
9489.0,17
9489.5,38
9489.9,4
9490.3,30
9490.3,32
9491.0,18
9491.9,0
9492.7,34
9493.0,39
9493.2,37
9493.5,14
9493.7,13
9494.2,20
9494.7,2
9494.9,33
9497.3,15
9497.4,7
9498.2,30
9498.4,26
9498.7,27
9498.8,35
9500.2,19
9500.7,11
9500.9,6
9501.0,34
9501.5,20
9501.5,21
9501.5,36
9501.7,5
9501.7,25
9502.0,22
9502.1,0
9502.3,3
9503.4,23
9503.4,32
9504.0,38
9505.3,8
9506.2,37
9507.4,7
9507.5,28
9507.9,18
9508.2,30
9508.4,9
9508.7,17
9508.8,16
9508.9,13
9508.9,33
9510.1,1
9511.2,10
9511.7,6
9511.8,27
9512.4,0
9512.5,15
9512.8,11
9512.8,35
9513.1,12
9514.4,20
9514.8,32
9515.4,30
9516.0,19
9516.1,18
9516.8,25
9516.9,36
9517.2,21
9517.6,33
9517.6,34
9518.7,7
9519.9,22
9520.1,3
9520.8,37
9521.4,4
9521.4,38
9521.6,26
9522.4,23
9523.6,6
9523.7,29
9524.0,2
9524.2,39
9525.2,15
9525.6,0
9525.9,32
9526.2,9
9526.2,27
9527.0,30
9527.3,20
9527.5,33
9527.8,14
9528.0,5
9528.8,34
9529.3,18
9529.3,21
9529.4,7
9529.5,35
9532.6,6
9532.8,19
9533.0,11
9534.0,8
9534.5,12
9534.7,20
9534.8,28
9534.9,1
9534.9,17
9535.1,15
9535.3,0
9536.0,37
9536.4,36
9536.5,23
9536.5,30
9537.4,22
9538.5,34
9538.5,38
9538.7,16
9538.8,25
9539.3,32
9539.5,10
9540.5,7
9541.8,2
9541.9,26
9543.3,0
9544.1,29
9544.5,13
9544.9,30
9544.9,35
9545.0,37
9545.6,23
9545.8,18
9546.3,3
9546.3,33
9546.4,21
9546.7,12
9547.3,27
9547.6,20
9548.0,15
9548.0,32
9548.2,6
9552.1,16
9552.2,14
9552.2,30
9552.4,17
9552.6,36
9552.9,39
9553.0,37
9553.0,38
9553.5,7
9553.8,19
9553.9,5
9554.1,22
9554.6,0
9554.9,34
9555.2,8
9555.3,13
9555.9,32
9556.3,25
9556.3,23
9558.5,6
9558.5,20
9558.7,9
9559.6,18
9560.4,35
9561.3,33
9561.5,21
9561.9,4
9562.2,30
9562.2,34
9563.1,22
9563.5,17
9563.6,26
9564.8,7
9565.1,11
9565.2,1
9565.4,27
9565.4,37
9565.5,0
9566.5,6
9566.5,15
9566.5,38
9567.9,30
9568.1,32
9568.2,20
9570.7,18
9571.9,2
9572.0,23
9572.3,10
9572.4,25
9573.5,3
9573.5,33
9573.5,36
9575.8,21
9576.1,7
9576.6,34
9577.1,27
9577.3,5
9577.5,38
9577.7,20
9577.9,37
9578.1,13
9578.1,19
9578.1,30
9578.3,15
9578.4,6
9578.5,35
9578.6,28
9580.3,0
9581.1,22
9581.2,32
9581.3,14
9581.8,9
9582.6,11
9582.7,16
9583.0,10
9585.0,18
9585.1,26
9585.7,17
9586.4,25
9586.5,4
9586.6,30
9587.1,33
9588.0,2
9588.4,23
9588.4,38
9588.7,0
9589.4,7
9589.9,6
9590.5,12
9591.0,22
9591.2,20
9591.2,36
9591.4,37
9591.4,15
9591.4,34
9592.1,1
9592.5,32
9593.0,30
9594.3,5
9594.3,27
9594.7,35
9597.4,18
9598.3,17
9598.5,0
9598.7,21
9598.7,26
9599.8,29
9600.5,38
9601.3,3
9601.3,23
9601.6,8
9601.6,19
9602.1,6
9602.1,25
9602.1,37
9603.4,20
9604.3,14
9604.4,7
9604.9,30
9605.5,15
9605.5,33
9605.6,32
9605.7,34
9606.0,9
9607.1,0
9607.7,39
9609.4,35
9609.6,27
9610.3,36
9610.4,21
9610.5,11
9612.4,18
9613.4,23
9613.6,6
9614.1,4
9614.1,13
9614.3,22
9614.4,1
9614.4,12
9614.6,38
9614.7,26
9615.0,30
9615.6,34
9615.8,37
9616.0,14
9616.0,32
9616.2,25
9616.5,9
9616.5,17
9616.6,20
9617.0,10
9618.0,0
9618.7,7
9620.0,2
9620.1,19
9621.4,15
9621.4,33
9623.0,21
9623.3,5
9624.2,16
9624.2,30
9624.3,27
9624.9,37
9625.2,18
9625.5,35
9626.5,32
9627.5,0
9627.5,28
9628.0,13
9628.2,34
9628.3,6
9628.5,11
9629.5,20
9630.6,23
9631.5,29
9631.8,36
9631.9,30
9633.1,22
9633.3,3
9633.6,8
9634.4,0
9634.9,7
9634.9,33
9635.7,16
9635.9,37
9636.1,15
9636.1,25
9636.3,19
9636.3,38
9636.8,4
9637.0,9
9638.3,12
9638.6,21
9638.8,1
9639.3,20
9639.7,17
9639.8,34
9640.9,27
9641.0,39
9641.3,30
9642.5,35
9642.6,18
9642.9,6
9643.6,26
9643.8,5
9644.6,14
9645.4,0
9645.6,37
9647.1,32
9647.4,2
9648.4,23
9648.5,13
9649.2,30
9649.4,7
9649.4,38
9649.5,34
9649.5,36
9649.7,22
9650.6,20
9650.8,33
9650.9,15
9651.7,19
9652.5,10
9652.6,25
9653.4,14
9654.8,3
9654.8,27
9655.7,0
9655.8,11
9656.0,37
9656.2,21
9656.3,18
9657.1,6
9657.8,16
9658.5,12
9659.8,9
9659.8,20
9659.9,17
9660.1,30
9660.8,36
9662.5,26
9662.6,7
9662.9,32
9663.8,35
9665.2,2
9666.2,37
9666.5,13
9666.6,39
9667.0,0
9667.0,34
9667.3,4
9667.6,15
9667.6,30
9667.8,27
9668.0,23
9668.5,25
9668.9,6
9669.0,18
9669.0,22
9669.3,14
9669.7,33
9670.0,3
9670.4,21
9670.4,36
9670.4,38
9671.0,20
9671.8,7
9672.7,28
9672.8,11
9673.3,8
9675.7,5
9675.7,32
9676.1,35
9677.0,12
9677.1,18
9678.3,38
9678.6,6
9678.6,15
9679.0,4
9679.0,30
9679.1,0
9679.4,20
9679.4,34
9679.4,37
9680.4,26
9680.6,9
9682.2,17
9683.0,10
9683.2,29
9683.7,13
9684.2,21
9684.3,19
9684.5,23
9684.5,36
9684.6,7
9684.7,32
9685.0,14
9685.1,30
9685.1,33
9685.2,27
9685.7,1
9685.9,24
9686.0,22
9686.8,37
9686.9,6
9687.4,25
9689.4,0
9689.5,34
9689.6,20
9690.3,2
9690.3,18
9690.5,8
9690.9,7
9691.2,11
9691.6,16
9692.0,30
9692.4,35
9693.1,3
9694.3,6
9694.4,26
9694.6,15
9697.3,38
9697.8,36
9698.6,17
9698.7,1
9698.8,4
9698.8,9
9699.5,32
9699.9,37
9700.1,23
9700.7,30
9701.3,13
9701.4,33
9701.6,0
9701.7,20
9702.3,27
9702.5,25
9702.7,28
9703.8,7
9704.0,19
9704.2,6
9704.5,39
9705.3,8
9705.3,38
9705.7,16
9705.7,21
9705.7,22
9706.4,5
9706.6,18
9707.2,26
9707.3,34
9708.1,29
9709.9,23
9710.0,32
9710.7,30
9710.8,11
9710.8,14
9711.1,10
9711.2,36
9711.8,15
9712.3,22
9712.5,0
9712.9,6
9713.0,33
9713.4,37
9713.8,20
9713.8,35
9714.0,2
9714.3,7
9717.2,3
9717.3,25
9717.5,26
9717.9,1
9718.8,28
9719.2,12
9719.9,18
9720.7,0
9721.1,13
9721.3,30
9721.4,38
9722.0,34
9722.1,9
9722.1,16
9722.3,7
9722.4,27
9722.7,8
9723.2,6
9723.2,17
9723.3,20
9723.7,37
9724.1,32
9724.4,33
9725.8,23
9726.9,36
9728.2,5
9728.3,21
9728.5,3
9728.9,30
9730.0,15
9730.1,35
9730.6,19
9731.5,11
9731.5,22
9731.8,14
9731.8,29
9731.9,7
9731.9,20
9732.0,10
9732.4,26
9732.4,34
9733.0,0
9733.8,4
9734.8,13
9735.1,6
9735.5,37
9735.8,32
9736.2,2
9737.1,30
9737.8,12
9738.4,23
9738.7,7
9740.2,38
9740.6,33
9741.3,25
9741.9,18
9742.0,0
9742.7,6
9743.2,21
9743.7,37
9743.8,20
9744.2,39
9744.3,9
9744.9,36
9745.5,16
9746.1,15
9746.4,27
9747.2,32
9747.3,30
9747.7,11
9748.5,34
9748.5,35
9749.0,17
9749.3,5
9749.6,18
9750.5,8
9750.5,33
9751.5,0
9751.5,13
9751.9,20
9752.2,7
9752.4,22
9753.1,14
9753.6,38
9754.3,23
9755.0,30
9755.6,6
9755.8,1
9756.1,37
9756.3,3
9756.8,21
9757.1,32
9759.9,16
9760.4,27
9760.5,25
9760.7,0
9760.7,11
9760.9,36
9761.1,7
9761.1,20
9761.1,22
9761.4,15
9761.6,12
9762.4,29
9762.7,30
9763.3,9
9764.6,17
9764.7,34
9765.0,18
9765.9,4
9766.1,5
9766.2,2
9766.2,35
9766.3,6
9767.1,26
9768.7,21
9768.7,32
9769.1,19
9769.1,33
9769.3,23
9769.4,13
9770.3,0
9770.6,25
9770.8,37
9771.0,39
9771.8,30
9772.8,36
9772.9,14
9773.1,38
9773.7,20
9774.3,34
9774.6,6
9774.6,10
9775.7,15
9775.9,7
9776.2,11
9776.4,3
9776.4,35
9779.8,30
9780.2,23
9780.3,22
9780.3,28
9780.5,32
9781.0,9
9781.1,33
9781.3,27
9781.3,8
9782.4,5
9782.5,13
9783.2,6
9783.2,18
9783.3,37
9784.0,0
9784.8,4
9784.8,20
9785.2,38
9785.8,12
9786.4,1
9787.7,21
9787.8,36
9788.3,30
9788.4,35
9788.5,16
9789.0,19
9789.6,7
9790.1,15
9790.1,32
9790.9,33
9791.1,27
9792.2,34
9792.5,0
9793.0,6
9793.4,23
9793.5,25
9793.5,11
9793.5,22
9793.7,37
9793.9,29
9794.1,18
9794.7,30
9796.5,2
9796.7,20
9797.6,38
9797.9,26
9799.5,9
9800.9,0
9801.4,21
9801.9,7
9802.1,13
9802.3,5
9802.3,8
9802.6,37
9802.8,14
9802.8,32
9802.9,6
9803.1,3
9803.2,33
9803.3,35
9803.5,30
9803.9,36
9804.2,18
9805.5,19
9806.7,27
9806.9,15
9808.4,17
9808.7,22
9808.7,34
9808.9,25
9809.7,7
9809.7,20
9810.1,16
9810.4,10
9810.8,23
9811.4,29
9811.8,38
9812.1,1
9812.1,21
9812.2,30
9812.6,0
9813.5,6
9815.1,4
9815.3,12
9816.8,11
9816.9,37
9817.7,36
9818.6,18
9818.6,32
9819.1,35
9819.7,33
9820.3,7
9820.5,9
9820.6,19
9820.8,0
9820.9,30
9820.9,34
9820.9,20
9821.1,14
9821.2,23
9821.2,27
9821.3,38
9821.4,25
9821.5,5
9822.2,13
9822.3,1
9822.7,17
9824.1,26
9824.5,2
9825.0,6
9825.0,15
9826.9,37
9827.0,30
9827.1,21
9827.3,28
9827.4,22
9827.5,0
9830.0,35
9830.1,32
9830.7,7
9830.9,20
9832.2,6
9832.7,18
9832.8,14
9833.7,30
9833.7,34
9833.9,3
9834.1,13
9834.6,16
9835.3,39
9836.0,33
9836.5,37
9837.0,12
9837.1,11
9837.1,23
9837.1,27
9837.2,38
9837.6,8
9837.9,36
9838.4,0
9840.0,20
9840.3,30
9841.8,7
9842.9,4
9843.2,15
9843.2,25
9843.6,26
9844.1,29
9844.4,32
9844.9,21
9845.2,9
9845.5,37
9846.5,2
9846.6,5
9847.6,22
9847.9,19
9848.1,6
9848.2,23
9848.2,33
9848.3,35
9848.7,18
9849.3,36
9849.5,0
9849.7,34
9849.9,30
9850.3,20
9850.8,17
9851.3,10
9851.9,16
9852.7,32
9854.3,12
9854.6,27
9854.8,8
9855.1,21
9855.5,37
9855.7,38
9856.4,26
9856.5,15
9856.7,7
9857.1,11
9857.8,1
9858.4,30
9858.9,0
9858.9,13
9859.6,34
9860.7,20
9861.1,6
9861.8,35
9862.0,22
9863.3,2
9863.5,33
9863.9,25
9864.3,36
9864.5,19
9864.9,17
9865.1,9
9865.3,23
9866.1,18
9866.7,3
9866.7,30
9866.9,32
9867.5,38
9868.1,37
9868.4,0
9868.6,7
9868.8,21
9871.0,20
9871.2,15
9871.2,27
9871.6,6
9872.7,14
9872.7,30
9874.3,4
9874.7,34
9875.3,37
9875.6,33
9876.2,7
9876.5,13
9876.5,5
9876.7,35
9877.7,22
9877.7,29
9877.8,23
9878.1,38
9878.2,0
9878.7,18
9879.1,1
9879.1,20
9880.1,21
9880.1,30
9880.4,32
9880.6,11
9880.7,25
9880.9,19
9881.5,26
9883.1,6
9886.2,15
9887.0,23
9887.5,35
9887.6,3
9887.8,34
9888.0,18
9888.0,30
9888.1,7
9888.4,0
9888.4,16
9889.1,22
9889.6,9
9889.9,37
9890.6,17
9890.8,32
9890.8,33
9891.1,36
9891.2,2
9891.4,12
9891.8,20
9894.5,11
9895.2,10
9895.2,27
9895.5,30
9895.6,21
9895.6,25
9896.2,0
9897.9,7
9898.3,20
9898.6,6
9898.8,38
9900.5,15
9900.8,13
9900.9,18
9901.5,32
9902.7,36
9902.9,26
9903.8,23
9903.9,37
9904.2,29
9904.4,1
9904.4,5
9904.5,4
9904.6,35
9904.8,30
9904.8,34
9905.0,8
9906.0,9
9906.0,19
9906.3,14
9906.6,0
9906.9,33
9907.7,22
9908.8,7
9908.9,25
9908.9,39
9909.1,32
9910.1,20
9911.4,6
9912.0,28
9914.2,13
9914.4,21
9914.8,23
9915.2,37
9915.3,27
9916.6,2
9916.7,30
9916.9,36
9918.3,12
9918.3,17
9919.6,33
9919.6,35
9920.0,3
9920.0,38
9920.2,20
9920.6,0
9921.3,29
9921.4,15
9921.5,16
9921.7,32
9921.9,7
9922.3,6
9922.9,18
9923.4,5
9923.4,22
9924.2,21
9924.3,13
9924.6,37
9925.0,30
9925.3,34
9926.1,27
9928.6,11
9929.1,0
9929.4,25
9929.5,26
9929.7,14
9929.9,23
9930.2,1
9930.7,8
9931.5,7
9931.5,9
9931.5,20
9932.2,2
9932.5,30
9932.8,37
9933.0,38
9933.0,34
9933.6,28
9934.0,19
9934.9,6
9934.9,32
9935.0,33
9937.4,30
9937.5,15
9937.5,17
9937.6,36
9938.2,3
9938.2,12
9938.4,18
9938.4,35
9938.5,27
9941.2,20
9941.3,0
9941.4,4
9941.8,21
9942.6,7
9942.9,10
9942.9,16
9942.9,25
9944.0,13
9944.0,23
9945.4,22
9945.4,37
9945.9,3
9946.1,33
9946.3,9
9946.3,38
9947.3,30
9947.7,26
9947.9,18
9949.5,6
9949.6,32
9951.7,12
9951.7,34
9951.7,35
9952.1,7
9952.1,20
9952.4,2
9952.9,0
9953.8,30
9953.8,39
9954.5,27
9954.8,14
9955.0,37
9955.1,19
9955.1,29
9955.6,23
9955.7,8
9957.0,11
9958.1,9
9958.4,36
9959.2,1
9959.2,25
9960.4,6
9960.4,13
9960.6,7
9961.1,38
9961.4,15
9961.4,32
9961.8,21
9962.5,30
9962.6,20
9962.7,22
9963.3,34
9963.4,18
9963.7,37
9964.7,0
9964.8,33
9966.2,28
9967.0,17
9967.3,35
9968.3,3
9968.6,29
9968.7,6
9968.8,23
9969.3,10
9970.1,30
9970.5,7
9970.5,26
9970.9,27
9972.0,9
9974.0,20
9974.0,34
9974.1,14
9974.5,19
9974.6,25
9975.0,21
9975.1,4
9975.3,1
9975.7,0
9976.1,37
9977.0,18
9977.1,36
9979.5,35
9979.9,12
9980.4,11
9981.0,5
9981.3,30
9981.6,13
9981.7,22
9982.0,23
9982.3,6
9982.5,15
9982.8,21
9983.0,32
9983.1,33
9983.1,2
9983.5,38
9983.8,14
9983.8,27
9984.3,7
9984.4,16
9984.8,0
9985.3,20
9986.5,3
9986.7,37
9987.7,18
9987.8,26
9988.6,6
9989.3,25
9989.5,30
9990.2,17
9990.2,29
9990.5,19
9990.5,34
9990.6,36
9992.7,1
9992.9,32
9993.1,9
9993.2,35
9993.8,23
9994.1,27
9994.7,20
9994.9,0
9995.5,4
9996.2,33
9998.5,16
9998.5,8
9998.5,37
9999.4,11
9999.4,18
9999.5,22
9999.7,21
