11.9,0
12.1,10
12.1,23
12.2,1
12.3,6
12.6,7
12.7,3
12.7,34
12.8,11
12.9,17
12.9,35
13.0,13
13.1,12
13.1,20
13.1,26
13.1,32
13.3,15
13.3,28
13.3,30
13.4,18
13.5,27
13.5,36
13.5,38
13.5,39
13.6,9
13.6,33
13.8,31
14.2,19
15.1,8
20.4,4
22.1,16
22.4,39
22.6,5
22.7,22
22.9,35
23.1,3
23.2,27
23.2,30
23.3,14
23.3,37
23.5,7
23.7,11
23.8,2
23.8,12
24.4,29
24.7,1
26.0,17
26.2,23
28.8,31
29.1,32
29.2,15
29.5,9
29.5,19
29.7,8
30.1,26
30.9,36
31.4,6
32.6,25
33.3,10
33.3,30
33.5,33
34.7,3
34.7,24
35.6,12
35.6,16
35.6,19
36.7,38
37.1,1
37.7,28
38.0,11
38.5,17
38.6,13
38.6,29
38.6,37
38.7,36
39.1,8
39.1,27
39.3,7
39.4,35
39.7,5
39.7,23
41.0,31
41.7,22
42.2,9
42.9,39
43.9,26
44.3,30
44.4,15
44.9,16
45.0,32
45.4,17
45.9,3
46.3,14
47.1,36
48.3,6
48.5,4
48.6,29
48.8,10
49.4,31
49.7,8
50.3,11
50.4,30
50.6,33
50.8,12
52.7,5
52.9,19
54.1,37
54.2,7
54.8,1
54.8,38
55.0,27
56.0,23
56.3,9
56.5,2
56.5,20
56.6,21
56.9,39
57.0,0
57.6,16
57.6,32
57.6,36
57.8,11
57.8,17
58.1,26
58.1,28
59.0,10
59.0,15
59.2,31
59.6,25
59.8,35
60.1,3
60.2,22
60.4,30
62.4,19
63.8,12
64.4,1
64.5,8
65.6,33
66.4,24
66.7,13
66.7,29
68.1,23
68.1,27
69.1,6
69.5,38
70.7,7
70.9,4
71.1,11
71.1,16
71.5,5
71.9,10
72.1,35
72.5,36
72.7,37
74.6,39
74.7,31
74.8,30
75.2,19
75.3,8
75.8,3
75.9,2
76.2,12
76.8,17
77.1,22
78.1,29
78.7,9
78.7,15
79.5,27
80.4,33
80.4,37
80.7,32
81.0,1
81.5,11
81.8,28
82.5,23
83.2,14
83.2,26
83.6,36
83.7,30
83.8,5
84.9,3
84.9,19
85.2,13
86.0,24
86.1,21
88.2,8
88.2,34
88.3,17
88.6,35
89.7,1
89.7,16
89.7,38
89.8,9
89.8,31
89.9,10
90.0,2
90.0,6
90.7,22
90.9,15
91.2,12
91.3,32
91.4,29
92.1,30
92.4,27
92.9,19
94.3,11
94.6,4
94.9,39
95.8,25
96.8,36
96.9,33
97.1,8
97.2,37
97.5,7
98.6,23
99.5,20
100.2,11
100.5,3
100.9,19
101.1,24
101.2,27
102.5,13
103.4,17
104.4,5
104.5,1
104.5,12
105.4,15
105.4,30
106.0,6
106.1,8
106.8,26
107.1,31
107.2,9
107.2,16
107.2,29
107.3,22
107.4,35
107.5,32
107.6,10
108.2,19
110.9,28
111.6,24
111.9,37
112.1,14
112.2,3
112.5,23
112.5,27
112.7,4
113.3,17
113.5,36
113.5,39
116.7,38
117.3,7
117.3,30
117.4,11
117.4,13
118.4,33
119.1,21
119.7,19
120.7,31
120.9,12
122.5,3
123.4,6
123.5,15
123.7,36
123.8,4
124.0,8
124.1,29
124.6,23
125.1,37
125.2,17
125.2,5
125.4,39
125.6,16
125.7,2
125.7,14
125.7,20
125.8,25
126.0,22
126.1,9
126.2,1
126.2,38
126.2,32
126.4,26
126.6,19
127.4,30
128.1,11
128.1,27
129.1,10
132.4,13
132.7,8
132.8,31
132.8,35
133.0,33
133.5,7
134.0,24
134.6,25
136.0,23
136.5,15
137.2,19
137.8,17
138.3,36
139.1,32
139.7,4
140.0,3
140.0,12
140.0,28
140.2,1
140.3,30
140.6,29
141.1,37
141.2,27
141.3,22
142.3,34
142.4,5
142.5,16
142.6,8
143.2,9
144.6,11
146.5,6
148.9,10
148.9,35
149.6,23
149.9,19
149.9,39
150.4,27
150.4,36
150.4,13
150.4,24
150.4,31
151.3,8
151.4,38
151.4,0
151.4,30
153.1,26
153.7,33
153.9,5
154.0,1
154.6,3
154.6,17
154.8,11
154.8,15
155.0,2
155.2,19
155.4,20
155.6,12
155.6,27
155.7,7
156.0,9
156.2,25
156.4,31
158.5,37
159.2,32
160.1,14
160.7,30
160.7,39
160.8,4
161.7,22
161.9,21
162.3,23
162.8,29
163.1,16
163.9,28
164.0,35
164.2,8
164.9,3
165.0,15
165.4,38
166.1,12
166.6,33
166.8,19
167.2,34
167.3,5
167.9,23
168.0,1
168.2,13
169.3,30
169.3,36
169.6,17
170.4,9
170.7,26
171.4,11
171.8,27
173.6,31
174.6,2
174.8,37
174.9,10
175.6,19
176.2,8
176.8,7
177.0,36
178.0,15
178.0,16
178.4,29
179.1,3
179.4,32
179.9,4
180.0,25
180.3,1
180.8,12
180.8,22
180.8,30
180.9,0
181.0,6
181.9,5
182.5,35
182.7,27
183.0,36
183.7,39
185.0,23
185.5,11
185.7,9
185.8,28
186.1,7
187.2,10
187.2,24
187.3,13
187.4,8
187.4,15
187.4,17
187.8,19
187.9,31
188.3,12
189.3,26
189.5,30
189.7,5
190.1,20
191.3,3
192.0,37
192.3,36
194.3,19
194.3,32
195.0,1
195.0,17
196.0,29
196.2,23
196.7,8
196.7,14
196.9,38
197.8,16
197.9,11
197.9,33
198.0,30
198.2,6
199.1,21
199.1,27
201.6,4
202.0,37
202.5,35
202.5,36
203.3,3
203.6,12
204.4,31
205.0,30
205.5,19
205.8,15
205.9,17
205.9,34
206.2,22
206.7,8
207.9,10
208.3,23
208.6,7
208.6,39
208.6,9
208.9,2
208.9,16
209.0,25
209.2,1
210.9,32
211.1,36
212.1,31
212.2,11
212.2,19
213.1,29
213.1,37
213.5,27
213.7,5
214.0,13
214.3,30
214.7,28
215.6,24
215.7,20
217.1,3
217.8,4
217.9,7
217.9,23
218.0,8
218.5,33
221.1,39
221.9,12
222.0,22
222.0,32
222.1,15
222.1,26
222.7,35
223.0,19
223.2,36
223.3,31
223.6,38
224.4,34
224.5,29
224.8,9
225.6,27
225.8,30
226.6,6
226.7,1
226.7,10
228.5,3
228.7,14
228.7,17
229.2,11
229.7,8
230.7,19
231.1,37
231.7,16
232.4,0
233.5,36
233.6,12
233.7,23
234.4,22
234.4,31
235.2,13
235.4,4
235.8,1
236.5,32
236.6,30
237.6,5
237.8,7
237.8,15
238.5,21
239.3,2
239.3,39
239.5,19
239.9,9
239.9,20
240.0,3
240.1,11
240.8,27
242.0,29
242.2,25
242.4,8
243.5,30
243.5,33
243.6,17
245.1,12
245.2,37
245.9,10
246.5,6
246.7,26
247.8,35
248.1,19
248.4,28
248.6,16
248.9,23
249.1,31
249.8,1
249.8,14
250.4,8
250.4,9
250.7,11
250.7,15
250.9,34
250.9,27
252.4,2
254.3,38
254.5,32
254.7,29
254.9,30
255.1,33
255.3,36
255.9,12
256.1,3
256.9,17
257.4,19
257.9,13
258.6,35
258.9,39
259.4,5
259.6,22
260.0,11
260.0,26
260.3,15
261.4,31
262.1,1
262.6,4
263.5,6
263.5,7
263.8,27
263.9,8
264.4,37
264.5,25
265.0,20
265.8,16
266.3,28
266.6,29
266.6,12
266.9,19
267.1,30
267.1,39
267.4,34
267.5,17
267.7,23
267.9,36
268.4,9
270.8,27
271.8,15
274.5,3
274.7,5
274.7,8
274.7,35
274.9,22
276.1,38
276.3,32
276.4,31
276.4,33
276.5,10
276.7,24
277.1,23
277.4,11
277.5,36
277.6,19
277.9,29
278.5,30
278.7,13
278.9,39
279.6,1
281.2,7
283.0,37
283.1,9
283.1,31
283.7,12
283.7,17
283.9,4
284.0,19
284.1,2
284.1,26
284.4,8
285.5,32
285.8,15
286.8,27
287.0,6
287.0,33
287.3,11
288.3,23
288.5,1
290.4,3
290.5,30
292.3,16
293.0,13
293.7,5
293.7,25
294.3,35
294.5,36
295.0,0
295.1,12
296.2,8
296.2,15
296.5,10
296.6,39
296.8,9
296.9,31
297.0,22
297.4,19
297.4,29
298.2,17
298.2,26
299.8,1
300.3,14
300.3,20
300.4,27
300.6,21
300.8,6
300.9,30
301.1,11
301.6,7
301.6,32
302.8,37
303.3,34
303.5,19
303.9,36
304.1,23
306.2,33
306.7,31
307.8,28
308.4,35
308.6,3
308.9,5
309.0,16
309.8,38
309.9,8
310.1,30
311.0,17
311.4,24
311.7,27
312.3,10
312.4,13
313.2,9
313.9,4
313.9,12
314.1,11
315.5,19
316.3,7
316.3,36
316.8,29
317.4,0
317.4,22
317.4,39
318.0,30
318.1,1
318.3,15
318.6,6
319.2,5
319.4,34
320.0,37
320.7,8
320.8,23
320.8,31
321.4,32
321.5,11
322.2,25
322.9,2
323.4,33
323.5,27
324.0,13
324.6,3
324.8,19
326.0,7
326.9,14
326.9,35
327.0,4
327.1,10
327.3,17
327.3,22
327.3,29
327.4,9
327.5,16
327.8,28
328.0,38
328.1,12
328.1,21
328.1,36
328.3,26
328.4,30
328.9,32
330.4,8
331.5,37
333.1,1
333.9,27
334.0,23
336.0,11
336.1,24
336.7,19
336.8,15
338.1,12
338.2,17
339.0,29
340.7,30
340.8,39
341.0,22
341.1,3
341.5,31
341.6,20
342.0,27
342.3,16
342.5,10
343.0,36
343.5,8
343.7,5
343.9,11
344.1,6
344.2,33
344.5,4
345.5,9
345.6,37
345.6,38
346.1,13
346.8,7
347.0,19
347.1,14
347.4,1
347.9,15
348.0,17
348.6,32
348.8,29
348.8,30
348.9,23
349.9,39
350.0,35
351.6,8
352.0,36
354.3,28
355.1,12
356.2,16
356.4,30
356.7,2
356.8,26
357.1,31
357.1,36
357.2,5
358.0,11
358.5,19
358.7,3
358.7,27
360.4,17
361.6,1
362.5,22
363.4,6
363.7,38
363.8,10
363.8,29
363.9,7
363.9,9
363.9,21
363.9,20
364.5,30
364.7,33
365.3,25
365.4,8
366.2,34
366.4,4
366.8,39
367.0,36
367.9,13
368.5,32
369.1,37
369.2,35
369.4,12
369.4,23
369.7,3
370.6,15
371.2,19
371.6,27
372.1,28
372.3,24
372.8,21
373.2,11
374.5,5
374.7,36
375.8,2
375.9,16
376.1,31
376.3,29
376.7,8
376.7,23
377.8,17
377.8,39
378.0,19
378.0,1
378.5,9
378.6,4
378.6,30
378.8,22
380.3,6
381.4,37
381.5,0
382.7,33
383.0,3
384.4,27
384.9,7
386.0,8
386.0,12
386.2,38
386.7,31
386.9,11
387.1,35
388.1,5
388.1,32
388.2,13
388.5,1
388.9,10
389.3,26
389.5,4
390.3,36
390.7,15
391.6,19
392.1,30
393.2,17
394.0,22
394.4,33
394.6,23
394.8,20
394.8,29
395.2,24
395.5,16
396.3,27
397.3,3
397.8,9
398.7,8
399.0,7
399.0,12
399.0,39
399.9,6
399.9,19
400.3,21
400.5,36
400.9,15
401.1,11
401.2,34
403.1,31
403.2,32
403.4,37
404.1,17
404.1,30
406.1,10
407.2,28
407.3,16
407.8,23
407.9,27
408.1,1
408.1,35
408.3,25
408.4,33
408.5,38
409.3,2
409.8,13
409.9,15
410.4,8
410.4,21
410.9,3
411.6,31
412.3,12
412.7,14
412.7,30
413.3,37
413.4,36
413.9,5
413.9,39
414.8,19
415.4,0
415.5,26
415.9,17
416.5,22
416.7,20
416.8,9
417.3,7
417.6,11
418.0,4
418.1,6
418.7,29
419.0,10
420.6,36
420.8,38
421.3,27
421.5,19
421.5,23
422.5,15
422.6,31
423.7,13
423.7,35
424.4,30
425.5,3
425.6,16
425.8,1
425.9,37
426.7,12
426.8,33
426.8,39
429.8,5
429.8,8
431.1,27
431.4,24
431.4,9
431.6,22
431.6,32
432.0,6
432.0,15
432.7,11
432.7,31
433.1,17
433.1,29
433.3,36
433.8,28
434.5,19
434.7,14
435.4,30
436.3,4
437.7,26
438.2,37
439.1,10
439.2,8
439.2,23
439.4,34
439.8,1
439.9,7
439.9,21
440.0,16
440.3,13
441.1,35
441.4,39
441.9,9
442.6,36
443.0,12
443.3,31
444.1,38
444.2,3
444.5,11
444.7,19
445.0,27
445.0,22
445.3,28
446.2,2
447.6,29
447.7,33
448.2,15
448.8,10
449.1,30
449.8,17
450.0,1
450.8,32
451.0,5
451.6,8
451.9,9
452.2,19
452.6,37
452.9,23
452.9,31
453.7,13
453.8,12
454.3,22
454.4,27
456.2,4
457.3,30
458.1,39
458.4,36
459.6,29
460.4,3
460.8,35
460.9,20
461.1,16
461.4,6
461.6,15
462.0,25
462.2,7
462.2,8
462.7,12
462.8,24
464.2,11
464.4,1
464.5,32
465.4,23
465.9,27
466.1,28
466.3,37
466.7,14
467.6,19
468.0,30
470.1,22
470.2,31
470.6,26
471.1,33
471.4,10
471.5,3
472.0,15
472.0,36
472.3,21
473.6,17
474.5,19
474.6,8
474.7,7
475.5,9
476.0,34
477.0,38
477.1,4
477.8,1
478.1,5
478.1,27
478.3,39
478.4,12
478.5,32
478.6,13
479.4,35
479.6,29
480.2,23
480.7,11
481.1,30
482.8,37
483.9,19
484.1,15
484.3,8
485.5,31
485.6,16
485.9,33
486.9,36
487.1,6
488.4,10
488.7,24
489.1,27
489.2,30
489.4,3
490.2,38
490.3,22
490.4,17
490.4,26
491.0,13
492.0,12
492.5,0
492.5,39
492.6,8
493.2,37
493.6,23
494.6,34
494.7,19
495.1,32
495.2,28
495.3,1
495.3,11
495.7,35
497.1,31
497.4,9
497.8,29
498.0,15
498.1,3
498.1,4
498.2,30
499.0,2
500.3,36
501.3,7
502.4,14
503.6,33
503.9,16
504.0,23
504.1,19
504.1,22
505.1,8
505.3,6
505.3,27
506.1,5
506.1,25
506.4,24
506.7,17
506.8,11
506.9,37
507.2,1
507.2,38
507.6,12
507.8,39
509.9,30
510.9,4
511.2,29
511.4,31
511.7,20
514.9,32
515.2,26
515.2,36
515.5,8
515.6,23
515.7,15
515.8,7
516.3,19
516.6,9
516.8,10
516.9,35
518.5,3
518.6,13
519.4,27
519.5,37
519.6,30
520.0,1
520.4,39
521.1,17
521.5,22
522.3,5
523.2,12
523.2,31
523.7,11
523.7,24
524.0,8
524.1,25
524.9,2
525.0,21
525.3,6
525.8,19
525.8,33
526.1,34
526.9,29
527.0,15
528.7,36
529.1,16
531.4,17
531.6,30
531.8,28
532.1,38
532.4,1
532.9,12
533.2,27
533.5,35
533.8,37
534.3,23
534.3,7
534.3,8
534.7,39
535.0,2
535.1,10
536.0,19
536.7,32
536.8,36
537.1,11
537.3,15
537.5,9
538.5,31
540.2,3
540.8,13
541.9,26
542.2,12
542.3,30
542.8,22
543.0,24
543.1,4
543.3,29
543.4,17
543.4,8
543.4,33
543.9,14
544.1,35
544.2,6
544.2,32
544.6,5
544.7,23
546.5,36
547.9,37
550.7,11
550.7,27
550.9,16
551.6,1
551.6,3
551.8,15
551.9,34
552.3,12
552.4,39
552.5,31
553.0,8
553.0,19
553.5,17
553.5,28
555.1,7
555.2,30
556.2,5
556.3,0
556.4,4
556.4,9
556.4,38
556.9,23
557.7,22
558.6,33
559.3,10
559.9,36
560.2,37
561.0,32
561.2,3
561.7,6
562.3,20
562.5,1
562.5,35
562.7,21
563.1,30
563.4,29
563.9,14
563.9,15
564.0,39
564.2,19
566.0,24
566.9,13
567.0,12
567.0,34
567.6,26
568.2,27
568.9,11
569.2,25
569.3,16
569.4,8
569.4,31
571.0,30
572.6,17
573.6,28
573.7,23
574.1,9
575.0,36
575.2,7
575.2,22
575.3,10
575.8,1
576.8,29
577.0,3
577.0,27
577.2,37
577.3,19
577.5,33
578.3,32
578.5,11
579.1,12
580.3,8
580.4,6
581.2,15
582.6,38
582.6,39
583.1,5
583.5,21
584.6,1
584.9,2
585.2,35
585.3,36
585.5,31
586.4,30
586.5,8
587.0,14
587.0,27
587.8,17
588.2,16
588.4,10
588.5,23
588.7,11
589.1,26
589.2,19
589.6,4
589.6,12
589.7,15
590.0,9
590.9,13
591.1,30
592.0,3
592.3,33
593.2,22
594.2,29
594.2,37
594.5,32
595.8,6
595.8,36
596.8,21
597.5,34
597.9,31
598.1,27
598.4,39
598.7,12
599.2,5
599.5,19
599.5,28
599.8,23
600.3,8
601.5,1
601.6,30
602.2,11
602.3,17
602.5,24
603.2,16
604.5,13
604.7,7
606.2,35
606.4,33
606.7,9
607.5,3
609.6,4
609.7,39
609.8,37
610.3,8
610.5,19
610.5,38
610.6,31
610.9,11
611.6,22
611.6,36
612.2,5
612.7,27
612.8,29
613.5,0
613.8,17
614.3,2
614.6,10
614.7,15
614.9,13
615.3,30
615.3,32
615.5,12
616.3,26
616.7,1
618.7,31
619.2,23
620.0,35
620.6,20
620.7,7
620.8,16
621.1,38
622.0,3
622.4,30
622.4,36
622.7,39
622.8,27
623.0,6
623.3,37
623.6,34
624.3,19
625.2,8
625.4,12
626.0,25
626.9,33
627.2,15
627.6,29
627.9,11
628.3,32
628.9,24
629.9,23
630.0,9
630.3,17
630.8,36
631.1,10
631.1,22
631.7,5
632.0,12
632.2,28
632.4,14
633.9,1
634.0,7
635.1,27
635.1,31
635.2,19
635.3,30
637.5,8
638.1,16
638.4,13
638.5,17
639.0,26
639.1,2
639.9,6
641.3,33
641.6,1
641.7,29
641.8,11
642.0,15
642.1,3
642.3,20
642.9,4
642.9,37
643.1,25
643.6,23
643.7,31
644.0,39
645.4,10
645.5,30
645.6,19
645.7,9
647.8,32
649.6,12
650.0,36
650.1,21
650.2,35
650.8,8
650.8,27
650.9,5
650.9,17
651.1,16
651.2,7
651.2,29
651.3,34
651.6,24
652.5,30
654.6,11
654.6,15
655.5,37
655.9,23
656.8,22
657.1,3
657.5,28
658.5,27
659.3,13
659.6,8
659.6,39
660.2,19
660.9,33
661.2,30
661.4,10
661.5,9
662.1,31
662.2,26
662.3,1
663.1,36
664.0,7
664.0,32
664.1,5
664.3,6
664.3,29
665.9,12
667.2,4
668.0,37
668.3,17
668.7,8
669.1,2
669.2,20
669.4,3
669.6,23
669.8,38
669.9,25
670.2,11
670.7,19
671.7,27
672.0,30
672.8,16
673.0,15
673.4,9
673.4,31
673.7,39
673.9,36
675.1,12
675.1,13
676.1,5
676.6,22
676.9,19
677.3,1
677.4,14
679.7,35
680.0,29
680.5,30
681.0,4
681.2,8
681.4,26
682.0,24
682.2,7
682.2,21
682.3,31
682.3,34
682.5,15
682.7,10
683.1,6
683.1,36
683.6,0
683.6,11
683.8,9
683.8,17
684.8,3
684.9,27
685.5,19
685.7,12
685.8,38
686.2,32
689.1,30
689.2,37
690.2,39
690.6,33
691.0,28
691.6,1
691.8,16
692.1,23
693.3,8
696.0,35
696.1,13
696.2,29
696.3,12
696.3,31
696.4,11
696.5,19
696.6,22
697.8,27
698.5,9
699.0,20
699.3,5
699.4,10
700.3,37
700.4,36
700.9,3
701.8,39
701.9,14
702.7,7
702.7,15
702.9,34
703.0,26
703.0,29
703.0,30
703.1,8
704.0,4
704.1,33
704.2,1
704.5,6
704.6,32
705.2,17
705.7,19
706.4,35
708.2,38
708.3,12
709.2,21
709.8,11
709.8,36
711.1,23
711.2,16
711.8,31
712.3,13
712.4,2
712.6,10
712.7,15
712.8,28
714.6,19
714.7,8
715.2,1
715.3,30
715.5,27
715.7,37
717.0,25
717.4,17
718.0,32
718.3,3
719.5,7
719.5,29
719.6,9
719.6,23
720.1,11
720.2,22
720.5,39
720.7,35
720.8,36
721.3,30
721.6,4
722.6,12
724.5,33
724.8,19
725.5,31
725.9,13
726.0,26
726.1,8
726.1,16
726.3,20
726.8,27
727.4,38
727.8,6
728.4,29
729.4,10
729.8,5
730.7,30
730.9,15
730.9,39
731.2,11
731.7,36
732.4,3
733.2,22
733.2,23
733.2,28
733.3,14
734.2,19
736.3,17
736.8,37
737.1,31
737.2,2
737.4,6
737.5,29
737.6,12
737.7,1
737.8,32
738.1,16
738.1,21
738.1,26
738.3,27
738.9,35
739.4,25
740.9,8
741.6,9
742.3,33
742.5,30
742.6,11
743.0,19
743.8,23
745.0,10
746.3,15
746.4,38
746.6,34
746.6,39
746.9,36
747.0,5
747.3,17
747.7,27
748.4,7
748.6,3
749.7,29
750.2,1
751.2,4
751.2,13
751.2,19
751.2,24
751.9,8
752.5,37
752.6,12
752.8,22
752.9,0
752.9,31
753.3,11
753.4,36
754.2,32
755.3,10
755.4,9
757.7,16
758.9,17
759.1,3
759.4,6
759.4,23
759.6,30
759.9,35
760.1,26
760.6,19
760.8,33
761.1,1
761.1,27
762.2,12
763.4,31
763.8,39
764.3,8
765.8,11
765.8,37
765.8,38
765.9,15
766.2,21
766.4,29
766.5,34
766.7,28
767.0,22
767.6,36
767.7,4
768.5,5
769.8,7
770.4,14
771.1,9
771.4,23
771.6,30
771.7,2
771.9,27
772.1,32
772.4,19
772.5,20
773.7,1
773.8,3
774.6,8
774.9,35
775.0,10
775.2,25
775.5,13
778.2,17
778.5,16
779.4,24
779.5,12
779.7,29
779.7,31
779.8,11
780.1,37
780.3,33
780.5,36
781.2,19
781.8,22
781.8,27
782.2,4
782.2,6
782.2,26
782.6,35
782.9,15
783.5,30
783.7,39
785.0,1
785.4,10
786.9,5
786.9,8
787.5,3
789.2,11
790.3,32
790.5,34
790.7,23
790.8,9
791.2,13
791.3,14
791.3,29
791.3,38
791.3,19
791.6,21
792.0,17
792.0,28
792.7,31
793.2,8
794.5,7
794.9,30
795.4,39
795.5,27
795.7,12
795.8,2
795.8,37
796.3,26
797.4,35
798.0,15
799.0,20
799.7,16
799.9,33
800.2,5
800.2,36
800.4,4
801.1,25
801.5,1
801.5,13
801.6,3
802.2,29
802.4,19
802.8,10
803.5,6
804.0,14
804.0,32
804.5,9
805.0,30
805.3,11
805.9,24
805.9,35
806.7,17
806.7,31
807.2,22
808.0,8
810.3,27
810.8,12
810.9,39
811.1,16
811.5,21
812.5,34
812.5,15
812.7,38
812.9,29
813.1,11
813.1,5
813.3,23
813.4,19
813.5,7
814.4,28
815.3,37
815.4,30
815.6,33
815.8,1
816.9,36
817.9,10
819.5,31
819.9,6
820.5,8
821.1,3
821.1,22
822.4,27
822.4,32
823.0,17
823.2,30
823.6,13
824.0,14
824.4,9
824.7,2
824.8,19
824.9,26
825.3,11
826.2,35
826.8,24
827.1,1
827.4,12
828.8,29
829.0,4
829.0,31
830.5,6
830.9,15
831.1,23
831.3,39
831.6,7
831.7,16
831.8,38
831.9,22
832.4,33
832.6,30
833.0,5
833.1,8
833.3,37
835.4,10
836.1,3
836.1,36
836.2,11
837.8,0
838.3,25
838.4,28
838.9,9
839.0,19
839.1,35
839.2,17
839.5,27
840.5,14
841.4,31
841.5,32
841.7,23
843.0,21
843.7,30
844.6,5
844.6,8
846.1,12
846.1,15
846.9,7
846.9,26
847.1,33
847.2,16
847.6,22
847.6,36
847.6,39
847.7,29
848.1,1
848.3,6
848.3,17
848.4,37
848.8,34
849.2,19
851.1,11
851.3,27
852.9,23
853.1,3
853.2,13
853.6,20
854.5,8
854.6,24
854.8,30
855.6,38
855.7,31
856.8,10
857.2,9
858.6,15
858.6,25
859.6,35
860.6,19
861.2,32
861.3,1
862.1,5
862.1,36
862.5,4
862.6,33
863.6,26
863.8,16
864.0,31
864.6,28
865.0,6
865.1,3
865.1,29
865.3,39
865.8,30
866.0,17
866.3,8
866.6,11
866.7,27
867.9,23
868.3,12
868.7,19
870.4,22
870.9,14
871.1,2
871.6,37
872.5,20
873.1,10
873.4,38
874.3,30
874.8,8
874.8,15
875.2,23
875.2,33
875.3,3
875.4,4
875.5,7
875.6,29
875.7,9
875.7,24
876.0,6
876.0,27
876.0,36
876.2,5
876.4,34
877.5,19
878.1,13
878.7,16
879.4,1
879.6,11
881.9,35
882.2,17
882.8,39
883.8,12
883.8,22
883.8,32
884.0,27
884.4,10
884.8,8
885.3,14
885.3,26
885.5,29
885.6,31
885.9,30
886.2,23
886.4,13
886.7,19
886.8,33
888.3,36
891.0,5
891.0,15
891.9,3
891.9,6
892.2,2
893.5,37
894.6,1
895.6,19
895.9,27
895.9,30
896.2,8
896.4,24
896.5,9
896.7,36
896.7,39
897.6,22
898.3,31
899.1,10
899.1,17
899.1,32
899.6,23
899.7,15
900.1,12
900.4,11
900.4,33
900.5,38
900.6,13
900.7,35
901.0,16
901.8,3
902.0,5
902.0,37
902.3,25
902.4,29
903.3,4
903.9,27
903.9,28
905.7,7
905.8,24
906.4,1
907.9,8
909.6,30
909.7,6
911.0,23
911.6,26
911.9,19
912.1,36
912.3,35
913.1,21
913.6,39
913.7,32
913.8,31
913.9,17
914.4,11
914.4,29
914.5,15
914.6,3
914.6,22
914.8,4
915.0,9
915.5,12
915.9,1
915.9,28
916.0,37
918.3,8
919.0,2
919.0,27
919.5,33
920.5,10
921.0,34
921.1,13
921.2,30
921.8,24
922.5,36
922.5,38
922.5,39
923.6,11
923.7,32
924.6,19
925.2,29
925.6,35
925.9,12
926.4,5
927.0,31
927.6,23
928.0,15
928.1,37
928.9,3
928.9,16
929.2,26
930.1,8
931.1,22
931.4,17
932.0,1
932.1,27
932.6,9
932.8,24
933.5,7
933.5,36
933.7,4
935.0,10
935.1,14
935.1,30
935.5,0
935.9,19
936.3,33
937.8,29
937.9,25
938.4,13
938.5,39
939.5,6
939.5,11
939.6,2
940.3,8
942.2,12
942.6,32
943.0,27
944.1,15
944.5,35
944.6,23
945.0,31
945.1,36
945.2,28
945.2,30
945.6,3
945.9,1
946.4,37
946.6,21
946.7,34
947.2,17
947.2,20
947.9,10
948.0,5
948.0,38
948.9,9
949.4,33
949.6,4
950.3,16
950.7,8
951.1,29
951.4,19
951.5,27
951.8,26
952.3,7
952.3,11
953.9,39
954.0,32
954.4,22
954.8,31
955.3,30
955.3,36
956.4,1
956.5,12
956.5,23
957.0,35
959.1,7
959.2,37
959.4,8
959.5,2
959.7,14
961.4,13
963.8,3
963.8,11
963.9,17
964.5,6
964.6,19
964.8,10
965.0,27
965.9,9
966.2,24
966.6,29
967.0,15
967.1,1
968.3,23
968.5,8
968.6,25
968.7,21
968.8,4
969.1,12
969.1,16
969.2,30
970.2,34
970.4,11
970.4,22
970.4,28
970.5,31
970.7,39
971.5,36
972.0,37
973.9,35
974.2,5
975.7,33
976.1,38
976.8,8
977.4,27
978.2,26
978.2,29
978.4,19
978.5,32
979.0,7
979.6,17
980.8,3
980.8,23
981.4,30
981.7,10
982.6,15
983.1,37
983.5,5
983.8,13
984.9,1
985.0,36
985.5,8
986.2,14
986.9,31
987.7,28
988.9,20
989.6,6
989.6,16
989.9,39
990.6,11
990.6,12
990.6,19
990.6,38
990.7,9
990.7,24
991.0,22
991.4,30
991.7,17
992.5,27
992.6,33
993.4,29
993.4,35
993.6,4
994.4,15
994.4,21
995.2,10
995.7,7
995.8,1
995.8,23
995.8,34
996.2,8
996.7,32
997.2,26
997.4,36
997.8,11
998.4,3
1000.9,19
1001.2,31
1002.2,39
1002.3,9
1002.6,12
1003.1,37
1003.8,29
1003.9,6
1004.5,17
1004.6,5
1004.6,13
1005.0,35
1005.6,27
1006.5,30
1007.8,15
1007.8,36
1008.2,1
1008.3,32
1008.8,16
1008.9,19
1009.8,22
1010.2,3
1010.3,23
1010.9,0
1012.2,8
1013.0,10
1013.3,24
1013.8,33
1014.1,28
1014.2,11
1014.4,29
1015.8,6
1015.8,31
1016.6,35
1016.7,2
1016.7,39
1016.9,30
1017.3,13
1017.4,15
1018.1,12
1018.2,17
1019.1,36
1020.6,20
1021.3,7
1022.1,16
1022.2,25
1022.7,19
1022.9,38
1023.3,3
1023.3,27
1023.4,4
1023.8,1
1023.8,26
1024.5,5
1024.9,8
1025.0,37
1025.1,9
1025.5,21
1026.2,30
1026.8,39
1026.9,32
1027.2,33
1027.4,11
1027.7,22
1027.9,31
1030.6,34
1031.0,19
1031.2,12
1031.3,13
1031.3,36
1031.7,28
1031.9,29
1032.3,23
1032.4,27
1033.5,14
1034.6,15
1034.7,3
1034.7,24
1034.9,30
1035.6,17
1035.9,35
1036.0,6
1036.7,1
1037.6,8
1037.7,16
1038.2,10
1038.7,32
1038.8,7
1040.1,31
1040.5,38
1040.8,11
1042.1,39
1042.2,9
1042.3,12
1043.1,23
1043.7,29
1044.5,22
1045.0,30
1045.1,13
1045.4,5
1045.5,19
1046.0,27
1046.2,36
1046.5,26
1047.1,3
1047.1,37
1047.9,15
1047.9,17
1048.0,4
1049.4,1
1049.6,35
1049.9,10
1050.1,8
1050.6,24
1051.9,32
1052.5,11
1052.6,33
1053.5,25
1053.8,31
1053.9,7
1053.9,12
1054.0,21
1054.2,29
1054.5,30
1054.7,6
1054.8,39
1055.8,9
1057.3,19
1057.9,5
1058.0,28
1058.7,37
1059.1,20
1059.4,23
1059.5,38
1059.8,2
1059.9,34
1060.1,10
1060.3,27
1060.7,36
1060.9,3
1062.6,22
1062.8,30
1064.0,31
1064.2,17
1064.6,11
1065.1,1
1065.1,8
1065.6,16
1065.8,15
1065.9,26
1066.3,13
1066.4,7
1066.7,35
1067.1,19
1069.7,29
1069.8,4
1070.4,9
1070.7,0
1071.3,12
1071.7,39
1072.2,14
1072.4,27
1072.5,32
1072.7,31
1073.3,8
1073.4,36
1073.4,37
1074.0,30
1074.1,1
1075.0,6
1075.2,33
1076.2,25
1076.5,5
1076.5,10
1077.4,22
1077.6,19
1078.4,27
1078.6,38
1078.6,23
1078.8,26
1078.9,11
1079.1,3
1079.2,13
1080.4,7
1081.3,8
1082.6,34
1083.1,12
1083.7,17
1084.6,15
1085.0,33
1085.3,31
1085.4,9
1085.5,30
1085.7,1
1087.2,37
1087.4,28
1087.6,3
1088.0,11
1088.2,32
1089.0,35
1089.6,4
1089.6,27
1089.9,21
1090.8,14
1091.7,19
1092.2,16
1092.2,24
1092.3,29
1092.6,17
1092.8,39
1093.0,26
1093.1,36
1093.6,23
1094.5,8
1094.6,15
1095.3,7
1095.6,31
1096.9,10
1097.4,34
1097.7,22
1097.9,20
1098.1,6
1098.1,13
1098.2,2
1098.2,12
1098.3,9
1099.8,27
1099.9,29
1100.1,38
1100.9,5
1101.2,16
1101.5,37
1101.9,36
1102.1,19
1104.0,33
1104.1,30
1104.8,1
1105.2,31
1105.5,11
1105.5,23
1105.6,3
1105.7,7
1105.9,0
1106.2,8
1106.7,28
1106.8,35
1106.8,17
1108.2,15
1108.6,26
1109.7,32
1111.1,25
1111.6,27
1111.8,39
1112.4,4
1112.9,6
1113.1,9
1113.1,12
1113.1,22
1113.2,19
1115.8,8
1116.3,31
1116.5,10
1117.0,29
1118.0,36
1118.5,37
1119.0,21
1119.0,17
1119.2,5
1119.3,33
1119.7,30
1120.3,23
1120.4,14
1120.7,7
1121.1,1
1121.3,16
1121.6,27
1122.2,3
1122.2,34
1122.6,19
1122.8,38
1123.0,15
1123.0,35
1124.0,11
1125.1,39
1125.3,12
1125.8,26
1126.7,6
1128.5,8
1128.7,9
1129.5,13
1129.8,19
1130.3,36
1130.7,5
1131.0,12
1131.5,10
1131.8,29
1131.8,32
1131.9,30
1132.1,27
1132.9,17
1133.3,22
1134.7,23
1134.9,1
1135.3,20
1135.6,35
1136.3,4
1136.6,7
1136.7,37
1137.3,16
1137.5,31
1137.8,11
1138.4,15
1138.9,28
1138.9,38
1139.2,8
1139.5,24
1139.7,39
1141.1,27
1141.4,19
1143.0,30
1143.1,29
1143.1,36
1143.4,2
1144.5,9
1144.6,37
1145.4,5
1146.0,14
1146.3,1
1146.6,6
1147.7,3
1148.2,12
1148.5,17
1150.1,19
1150.2,16
1150.6,8
1150.6,13
1150.7,36
1151.0,33
1151.7,11
1152.1,31
1152.4,32
1153.0,39
1153.3,22
1154.5,34
1154.8,28
1155.0,10
1155.5,12
1155.5,27
1155.6,35
1156.2,15
1156.8,9
1157.3,8
1157.3,25
1157.3,26
1157.4,30
1158.2,29
1158.5,1
1158.7,37
1159.1,0
1159.4,4
1160.0,3
1160.3,17
1160.7,7
1160.7,23
1161.2,13
1162.1,6
1162.4,22
1162.5,19
1162.7,31
1163.1,21
1163.9,38
1164.5,11
1165.5,30
1166.1,24
1166.4,36
1168.2,5
1168.2,12
1168.6,14
1168.6,33
1168.7,15
1169.8,8
1169.9,39
1170.8,32
1171.8,31
1171.9,37
1172.3,19
1173.1,7
1173.1,35
1173.4,10
1173.5,9
1173.6,29
1173.7,27
1174.0,1
1174.7,4
1174.7,11
1175.4,3
1175.6,6
1176.6,8
1177.0,30
1179.2,20
1179.2,2
1179.5,37
1180.0,16
1180.1,12
1180.2,23
1180.2,26
1181.2,14
1181.2,36
1182.4,39
1183.1,19
1183.5,22
1183.8,13
1184.7,11
1185.0,17
1185.3,15
1185.3,33
1185.6,35
1186.4,25
1186.5,31
1186.6,24
1186.8,5
1186.8,7
1186.8,10
1187.9,30
1188.8,4
1188.9,34
1189.3,3
1189.9,36
1190.4,27
1190.5,20
1190.7,8
1190.9,1
1190.9,23
1191.0,28
1191.4,32
1191.9,38
1193.7,19
1194.0,21
1194.3,37
1194.7,29
1195.5,9
1197.0,30
1197.1,26
1197.5,31
1197.7,11
1197.8,12
1198.0,39
1198.9,6
1199.1,17
1200.4,36
1200.5,33
1201.2,15
1201.8,29
1201.9,22
1202.2,8
1203.1,38
1203.3,1
1204.4,4
1205.3,35
1205.4,19
1205.4,23
1205.4,27
1205.6,31
1206.6,3
1207.0,10
1207.3,30
1207.4,2
1208.7,13
1208.9,7
1209.5,32
1209.6,5
1209.6,16
1209.7,14
1209.9,37
1210.6,36
1211.4,25
1211.9,11
1211.9,12
1211.9,26
1212.0,6
1212.2,29
1212.4,9
1213.2,8
1213.3,20
1213.3,28
1214.3,22
1215.1,19
1217.5,33
1217.7,39
1218.1,17
1218.9,24
1219.6,1
1220.7,36
1221.4,9
1221.5,4
1221.9,35
1222.5,30
1222.8,10
1223.1,19
1223.2,15
1223.4,27
1223.9,13
1224.0,11
1224.0,32
1224.4,23
1224.6,5
1224.9,12
1224.9,31
1225.6,29
1226.0,8
1226.2,37
1226.6,38
1226.9,7
1228.3,17
1228.8,33
1228.9,3
1229.0,16
1230.0,22
1230.5,30
1231.8,36
1232.9,6
1233.2,27
1233.5,0
1233.7,15
1233.7,32
1233.7,39
1234.0,28
1234.4,34
1235.0,1
1235.1,23
1236.5,26
1237.5,11
1237.6,21
1237.9,8
1238.4,9
1238.5,4
1238.7,38
1239.0,19
1239.1,24
1239.5,30
1240.6,12
1240.6,29
1241.1,31
1241.3,10
1242.6,39
1243.2,3
1244.0,13
1244.5,35
1244.6,22
1245.1,27
1245.9,5
1245.9,8
1245.9,14
1245.9,36
1246.9,15
1247.4,23
1247.7,16
1248.0,20
1248.4,7
1248.7,11
1248.8,19
1248.9,30
1249.0,37
1249.2,31
1250.1,32
1250.3,1
1251.4,17
1253.7,3
1254.2,29
1254.5,9
1254.8,38
1254.9,10
1255.5,6
1255.6,33
1255.7,12
1256.6,31
1256.7,24
1256.7,34
1257.5,39
1257.6,26
1257.8,8
1259.5,7
1259.8,19
1260.0,37
1260.5,36
1260.8,5
1260.9,2
1261.7,15
1261.7,35
1262.2,32
1262.2,17
1264.1,23
1265.5,16
1265.6,1
1265.7,22
1265.9,3
1266.1,30
1266.3,9
1266.4,12
1267.2,11
1267.4,10
1267.6,27
1267.9,13
1267.9,21
1268.2,28
1268.3,4
1270.3,7
1270.5,31
1270.7,8
1270.8,37
1270.9,29
1270.9,39
1272.2,19
1272.8,6
1273.6,15
1273.8,36
1275.7,5
1275.9,1
1276.0,30
1276.9,11
1277.4,38
1278.6,22
1279.3,33
1279.6,14
1279.6,23
1279.7,35
1279.8,17
1280.0,16
1280.1,12
1280.2,32
1280.2,34
1280.5,24
1281.3,15
1281.3,26
1281.5,19
1281.9,27
1282.0,8
1282.1,2
1283.6,31
1285.7,3
1286.0,12
1286.1,7
1287.0,37
1287.3,10
1287.3,36
1288.4,6
1288.7,29
1289.0,13
1289.3,5
1289.3,9
1289.8,16
1289.9,1
1290.3,23
1291.2,22
1291.2,28
1291.6,20
1291.6,30
1291.9,15
1292.5,11
1293.0,39
1293.3,33
1294.9,8
1295.5,19
1296.2,4
1296.5,3
1296.5,7
1296.9,17
1296.9,25
1297.0,26
1297.0,35
1297.4,32
1297.4,37
1299.4,34
1299.6,31
1299.9,38
1301.0,10
1301.5,39
1301.6,29
1302.1,12
1302.4,36
1302.6,27
1303.0,11
1303.4,13
1304.8,8
1304.9,1
1305.2,9
1305.4,30
1305.5,23
1306.5,19
1306.8,15
1307.5,16
1307.6,3
1308.1,6
1308.3,31
1308.7,21
1309.2,36
1312.0,17
1312.1,5
1312.2,33
1312.3,28
1312.4,32
1312.5,23
1312.6,22
1312.9,14
1313.3,24
1313.6,35
1313.8,12
1313.8,27
1314.0,38
1315.0,7
1315.4,11
1315.6,37
1315.7,15
1315.7,30
1315.9,19
1316.3,25
1316.6,29
1318.5,8
1321.6,4
1321.7,31
1322.1,6
1322.1,20
1322.2,3
1322.5,2
1322.5,16
1322.7,36
1323.4,10
1323.5,33
1323.7,12
1323.8,34
1323.9,1
1324.0,37
1324.3,9
1324.5,17
1325.5,23
1325.8,19
1326.1,30
1326.8,8
1327.0,39
1327.7,27
1328.2,0
1328.5,29
1328.8,11
1330.2,15
1330.3,35
1330.6,5
1330.6,32
1331.5,31
1333.9,13
1334.3,22
1335.3,6
1336.2,7
1336.5,30
1337.0,19
1337.4,12
1337.6,36
1337.8,26
1338.8,1
1339.1,3
1339.3,17
1339.7,5
1339.7,23
1339.7,27
1340.2,10
1341.3,11
1341.3,15
1342.2,9
1342.2,24
1342.7,4
1342.8,8
1342.9,33
1344.4,20
1344.4,37
1344.6,31
1344.8,16
1345.4,36
1346.1,39
1346.8,19
1347.1,35
1347.6,12
1348.4,32
1348.6,29
1348.8,15
1348.8,30
1349.9,13
1349.9,28
1350.3,22
1350.4,27
1350.6,1
1351.0,2
1351.3,38
1352.1,26
1352.3,25
1352.4,23
1352.5,8
1352.6,11
1353.6,31
1354.1,14
1354.1,34
1354.3,17
1356.7,6
1358.1,5
1358.1,21
1358.4,10
1359.1,9
1359.4,19
1360.0,33
1360.8,7
1361.2,37
1361.3,30
1361.5,27
1361.6,29
1361.9,1
1362.3,36
1362.3,39
1362.4,24
1362.5,11
1363.2,16
1363.6,4
1363.7,22
1363.8,3
1363.8,26
1363.9,0
1364.0,32
1364.1,31
1364.5,12
1364.8,8
1367.0,13
1368.4,35
1369.3,23
1369.5,34
1369.7,17
1371.4,15
1371.5,19
1371.9,38
1372.0,31
1372.1,3
1372.4,8
1372.4,36
1373.0,29
1373.1,9
1374.2,30
1374.7,11
1376.4,37
1377.1,22
1377.2,10
1377.5,27
1378.8,6
1378.8,17
1378.9,32
1379.2,12
1379.2,33
1379.4,19
1379.5,5
1379.8,25
1380.0,26
1380.0,28
1380.1,39
1380.2,36
1380.7,15
1380.8,1
1381.1,14
1381.1,23
1383.4,4
1383.9,8
1384.0,30
1384.5,9
1387.8,3
1388.0,20
1388.3,31
1388.4,0
1388.6,35
1388.8,19
1389.0,29
1389.7,37
1390.0,22
1390.6,11
1391.1,2
1391.4,13
1391.6,8
1391.9,12
1393.8,16
1394.1,39
1394.2,15
1394.3,36
1395.4,17
1395.4,21
1395.8,30
1395.8,34
1396.0,6
1396.2,23
1397.2,27
1399.1,31
1399.2,3
1399.6,19
1399.7,11
1399.9,22
1400.0,1
1400.2,8
1400.5,7
1400.5,37
1400.7,26
1400.9,32
1401.8,33
1402.7,24
1402.9,25
1402.9,35
1403.0,9
1403.0,10
1403.3,5
1404.3,29
1404.7,13
1406.7,36
1407.0,38
1407.3,23
1407.4,30
1408.2,19
1409.0,16
1409.4,8
1410.1,39
1410.3,9
1410.3,17
1410.4,3
1410.6,11
1410.8,15
1411.1,2
1412.4,34
1412.7,12
1414.3,4
1414.6,37
1414.8,27
1415.4,31
1415.7,36
1415.9,10
1415.9,22
1416.2,7
1416.2,28
1417.2,30
1417.4,14
1417.4,26
1417.4,35
1417.6,29
1418.2,1
1418.5,32
1421.6,23
1421.9,8
1422.0,16
1422.3,19
1422.3,33
1423.3,2
1423.4,3
1423.6,15
1424.6,17
1424.7,9
1424.9,27
1425.0,11
1425.7,12
1426.2,35
1426.4,39
1426.6,13
1426.7,26
1427.3,36
1427.3,38
1428.3,6
1428.6,30
1428.7,5
1429.4,19
1430.4,31
1431.0,17
1431.1,29
1431.9,37
1432.1,1
1432.8,27
1433.3,8
1434.9,21
1435.3,23
1436.1,34
1436.8,3
1437.1,24
1437.1,32
1437.5,10
1438.1,7
1438.1,33
1438.6,35
1438.7,25
1438.8,30
1438.9,36
1439.3,9
1439.3,11
1439.3,22
1439.4,15
1440.8,13
1440.8,14
1442.5,29
1442.8,39
1443.3,19
1443.5,28
1443.9,31
1444.0,12
1444.1,38
1444.5,1
1444.5,8
1444.5,16
1445.2,27
1445.7,5
1446.1,26
1446.2,4
1446.5,17
1447.2,37
1447.5,0
1447.7,15
1448.0,11
1448.4,24
1448.5,30
1448.9,20
1450.5,23
1451.9,3
1452.7,19
1453.4,6
1456.3,22
1456.7,13
1457.7,8
1457.7,31
1457.8,17
1457.9,1
1457.9,7
1457.9,32
1458.2,36
1458.8,27
1459.0,39
1459.3,30
1460.6,37
1460.9,33
1461.7,11
1461.8,38
1462.2,29
1462.9,34
1464.3,12
1464.4,2
1464.4,10
1464.6,9
1464.7,23
1464.9,16
1465.0,5
1465.1,6
1467.0,14
1467.1,1
1467.4,15
1467.5,31
1468.3,3
1468.4,36
1469.1,21
1469.3,8
1469.8,17
1470.2,35
1470.3,28
1470.8,30
1471.0,25
1471.1,11
1471.4,13
1471.8,39
1471.9,19
1472.4,4
1473.0,27
1473.5,26
1474.0,22
1474.0,29
1474.1,20
1474.7,31
1475.3,0
1475.3,32
1476.8,8
1477.6,12
1478.4,9
1479.4,7
1479.5,1
1480.5,15
1481.6,23
1482.1,30
1483.3,24
1483.3,37
1483.6,3
1484.1,19
1484.5,35
1484.8,36
1485.1,38
1485.6,11
1485.6,13
1485.9,5
1486.0,10
1486.7,39
1487.4,33
1487.8,8
1488.3,29
1488.4,17
1488.4,28
1488.6,22
1488.8,6
1488.8,31
1488.9,2
1489.5,16
1490.4,27
1490.9,36
1491.4,14
1491.5,23
1491.6,12
1492.5,30
1492.6,4
1492.6,9
1493.3,19
1493.3,26
1493.4,15
1493.7,17
1493.8,8
1494.7,35
1494.9,11
1495.6,32
1497.8,3
1500.1,38
1500.4,1
1502.5,7
1503.6,13
1503.6,36
1503.6,37
1503.9,15
1503.9,30
1504.2,19
1505.0,39
1505.8,29
1505.9,25
1506.0,22
1506.4,12
1506.4,23
1506.8,8
1507.2,5
1507.9,26
1508.0,27
1508.3,20
1509.4,31
1509.7,3
1509.7,28
1509.9,11
1510.0,16
1510.0,10
1510.2,34
1510.2,35
1510.3,21
1510.3,33
1510.3,30
1514.2,36
1514.7,32
1515.3,1
1515.3,19
1516.1,6
1517.0,17
1517.3,9
1517.3,24
1518.3,23
1519.7,3
1519.8,15
1519.9,8
1520.2,12
1520.4,7
1521.3,29
1521.3,37
1521.9,31
1521.9,39
1523.2,19
1523.2,32
1524.8,4
1524.8,27
1525.2,11
1525.2,30
1526.0,14
1526.3,35
1526.5,22
1526.9,36
1527.4,33
1527.5,10
1529.8,1
1529.9,29
1530.0,2
1530.1,9
1530.1,17
1530.2,13
1530.5,8
1530.8,3
1530.8,15
1531.2,34
1531.5,39
1531.6,12
1532.0,31
1532.3,11
1534.0,5
1534.2,16
1534.8,37
1535.2,23
1535.2,38
1535.3,20
1535.5,25
1535.7,32
1536.4,19
1537.0,30
1538.7,15
1539.0,27
1539.7,36
1540.2,8
1540.5,1
1541.0,35
1541.1,6
1541.1,12
1541.3,33
1542.0,29
1542.3,13
1542.5,28
1543.0,26
1543.3,11
1543.9,17
1544.2,19
1544.8,9
1544.8,22
1547.2,30
1549.7,3
1549.8,31
1549.9,7
1550.1,27
1550.7,39
1550.8,10
1550.8,24
1551.2,8
1551.5,36
1551.8,37
1552.4,15
1553.2,32
1553.6,5
1554.1,19
1554.7,23
1555.1,16
1555.5,1
1555.5,34
1556.0,29
1556.5,17
1556.5,4
1556.7,33
1556.8,14
1557.2,12
1557.9,9
1559.0,35
1559.3,11
1560.3,30
1560.6,2
1560.9,26
1561.1,20
1561.9,21
1562.0,8
1562.4,36
1562.8,7
1562.8,27
1562.8,31
1563.5,6
1563.6,19
1565.1,15
1565.7,22
1565.7,28
1565.9,13
1566.7,23
1567.0,3
1567.1,39
1567.4,17
1568.0,10
1568.3,38
1569.4,1
1569.4,30
1571.0,19
1571.2,32
1571.3,25
1571.5,12
1571.8,8
1574.4,36
1575.1,37
1575.5,11
1575.6,34
1575.7,13
1575.8,29
1575.8,33
1576.2,14
1576.3,3
1576.3,16
1576.5,4
1576.6,31
1576.7,27
1577.0,24
1577.2,5
1578.4,30
1579.6,23
1580.6,1
1580.8,6
1581.2,10
1582.4,15
1583.0,35
1583.1,19
1583.3,22
1583.4,32
1583.7,8
1585.0,9
1585.2,26
1586.4,39
1586.5,12
1586.6,20
1587.1,3
1587.5,24
1587.6,30
1588.1,7
1588.1,29
1588.2,27
1588.5,1
1588.8,17
1589.6,11
1590.4,31
1590.6,23
1590.8,19
1591.6,15
1591.6,37
1591.7,8
1591.8,38
1592.4,36
1593.4,16
1593.5,21
1593.7,33
1594.4,13
1594.5,30
1594.8,14
1594.9,34
1596.4,35
1597.5,5
1598.4,28
1599.0,32
1600.1,4
1601.0,17
1601.0,29
1601.8,9
1601.8,19
1602.2,23
1602.7,3
1603.0,39
1603.0,6
1603.2,24
1603.2,36
1603.4,7
1603.7,22
1603.9,11
1603.9,12
1604.1,8
1604.2,37
1604.5,30
1604.5,1
1605.3,27
1605.3,31
1607.3,38
1607.9,16
1611.5,11
1612.5,14
1612.8,19
1613.6,13
1614.0,26
1614.3,15
1614.5,25
1615.1,8
1615.2,32
1615.3,23
1615.3,35
1615.8,33
1615.9,4
1615.9,34
1615.9,39
1616.0,9
1616.0,30
1616.1,6
1616.1,5
1616.1,28
1616.3,12
1616.7,10
1617.6,31
1617.7,3
1617.7,36
1617.7,37
1617.8,27
1618.7,29
1620.9,17
1622.2,19
1622.4,38
1622.8,1
1622.8,8
1623.0,11
1623.1,0
1623.5,16
1624.4,20
1624.5,35
1624.7,21
1626.0,22
1627.1,36
1627.4,30
1627.5,27
1627.7,32
1629.1,31
1629.5,7
1629.6,3
1630.9,8
1630.9,12
1631.6,13
1631.7,39
1631.8,24
1632.1,17
1632.2,10
1632.4,11
1632.6,15
1632.7,19
1633.7,33
1634.1,6
1634.4,29
1634.6,9
1635.5,23
1636.7,31
1636.9,1
1637.2,5
1637.7,37
1637.8,30
1637.9,26
1638.1,4
1638.2,34
1638.3,2
1638.6,8
1640.1,16
1641.8,35
1642.3,32
1643.0,36
1643.1,7
1643.5,39
1644.0,17
1644.4,3
1644.8,27
1646.8,12
1646.9,37
1647.4,11
1647.4,13
1647.6,15
1648.0,22
1648.2,31
1648.3,25
1648.3,28
1648.6,38
1648.8,26
1648.9,19
1648.9,30
1649.0,1
1649.8,9
1649.9,24
1650.2,8
1650.5,10
1652.9,29
1655.3,11
1655.6,39
1655.8,36
1656.0,2
1656.0,6
1656.3,14
1656.5,20
1656.5,23
1657.8,1
1657.8,33
1658.0,5
1659.8,8
1660.1,17
1660.3,30
1661.8,35
1662.4,15
1662.9,16
1663.0,4
1663.0,12
1663.4,19
1663.7,10
1664.0,22
1664.2,9
1664.3,31
1664.7,34
1665.4,26
1665.8,11
1665.8,27
1666.1,6
1666.3,38
1666.6,3
1666.6,32
1666.7,29
1667.1,24
1667.4,37
1667.9,39
1668.3,30
1669.5,1
1671.0,8
1671.6,33
1672.0,7
1672.1,15
1673.0,13
1673.0,36
1674.9,12
1675.2,25
1675.5,35
1675.8,17
1676.0,23
1676.4,11
1676.4,29
1676.7,5
1676.7,30
1677.1,19
1678.4,10
1678.6,27
1679.1,31
1679.3,22
1679.7,14
1679.8,3
1679.8,32
1682.5,37
1683.1,8
1683.5,16
1684.6,1
1685.2,6
1686.0,28
1686.7,9
1687.0,12
1687.2,36
1688.3,15
1688.3,33
1688.6,35
1688.8,23
1689.0,2
1689.0,24
1689.1,17
1689.1,19
1689.6,20
1689.6,3
1689.9,0
1690.2,27
1690.2,39
1690.7,4
1690.7,8
1690.7,29
1690.7,30
1690.9,7
1690.9,10
1691.4,11
1691.7,37
1692.0,38
1695.6,13
1695.7,34
1695.9,16
1696.2,21
1697.3,31
1697.4,32
1697.9,26
1698.3,39
1699.5,6
1700.1,9
1700.3,22
1700.5,14
1700.6,19
1700.6,36
1701.1,8
1701.2,15
1701.5,12
1701.5,35
1702.2,1
1702.3,11
1702.3,30
1702.6,7
1702.9,3
1703.1,17
1703.1,25
1703.5,5
1704.9,27
1709.2,4
1709.3,1
1709.5,29
1709.6,13
1709.7,6
1709.7,28
1709.9,37
1710.1,19
1710.2,33
1710.4,23
1710.6,12
1711.0,8
1711.0,38
1711.1,16
1711.2,10
1712.5,30
1712.6,32
1712.7,31
1715.6,35
1716.2,36
1716.2,39
1716.3,34
1716.6,9
1716.7,15
1716.8,17
1718.2,27
1718.4,22
1718.5,3
1719.3,19
1719.8,7
1721.1,21
1721.2,5
1721.6,11
1723.5,12
1723.7,14
1723.8,37
1723.9,31
1724.2,29
1724.4,30
1725.4,26
1725.9,8
1726.1,23
1726.1,32
1726.8,10
1727.9,36
1728.7,27
1728.8,39
1729.2,4
1729.3,11
1729.6,3
1730.9,1
1731.6,19
1731.8,12
1732.5,13
1732.8,6
1733.0,17
1733.4,33
1733.7,9
1734.5,30
1734.6,8
1735.4,29
1735.5,25
1735.9,35
1736.0,0
1736.0,23
1736.6,31
1736.6,37
1736.8,16
1737.6,36
1737.8,26
1738.6,24
1741.4,27
1741.5,32
1742.5,3
1742.9,19
1743.0,7
1743.0,29
1743.1,15
1743.1,20
1743.5,38
1743.7,4
1743.7,5
1744.6,11
1744.7,12
1745.3,30
1745.7,36
1745.7,39
1746.0,9
1746.0,1
1746.0,35
1746.3,10
1746.8,2
1746.8,8
1747.2,34
1747.3,17
1747.7,26
1747.9,31
1748.3,28
1750.8,23
1751.7,37
1752.3,33
1753.4,22
1754.3,30
1754.4,6
1754.4,15
1754.5,16
1755.2,29
1755.3,8
1756.1,7
1756.6,36
1757.2,13
1757.4,27
1757.6,12
1757.6,19
1757.9,10
1759.2,11
1759.2,14
1759.6,5
1760.2,31
1761.4,2
1761.5,9
1762.0,39
1762.2,1
1762.2,37
1762.3,3
1763.6,32
1763.6,35
1764.6,17
1766.0,24
1766.3,15
1766.4,8
1766.9,23
1767.8,38
1767.9,19
1768.2,16
1768.8,10
1769.0,30
1769.5,29
1769.6,4
1770.0,27
1770.1,33
1770.5,11
1770.7,6
1770.8,36
1771.2,31
1772.3,12
1773.1,1
1773.7,34
1773.9,28
1775.1,0
1775.8,22
1776.9,21
1777.1,3
1777.3,37
1777.4,7
1777.5,23
1777.7,35
1777.9,39
1778.0,19
1778.8,8
1779.9,30
1780.0,17
1781.2,13
1781.2,27
1781.7,15
1781.8,36
1782.0,31
1784.3,5
1784.7,33
1785.1,1
1785.1,12
1785.4,32
1785.6,38
1785.9,26
1786.0,11
1786.1,6
1786.2,9
1786.3,29
1786.9,22
1787.1,23
1789.1,20
1789.3,14
1789.8,19
1790.0,8
1790.5,10
1790.5,17
1791.3,3
1791.4,24
1791.5,37
1791.9,30
1792.0,15
1792.0,21
1792.1,4
1792.6,35
1792.9,16
1792.9,39
1793.7,36
1795.9,27
1796.3,19
1797.7,31
1798.0,38
1798.3,23
1798.6,13
1799.3,32
1799.5,7
1800.0,28
1800.5,33
1800.7,8
1800.8,30
1800.9,12
1801.2,11
1801.9,1
1802.5,15
1802.8,2
1802.8,6
1803.2,5
1803.3,26
1803.4,3
1803.4,16
1803.5,9
1804.3,17
1805.4,10
1806.5,31
1807.0,36
1807.7,25
1809.1,27
1809.7,37
1810.1,12
1811.2,29
1811.2,39
1811.4,19
1812.3,8
1812.3,11
1812.6,3
1812.6,35
1812.7,22
1812.8,0
1813.3,30
1816.2,38
1816.9,9
1816.9,32
1817.1,10
1818.1,23
1818.2,15
1818.4,1
1818.4,19
1818.6,21
1819.2,7
1819.4,36
1820.4,31
1820.6,24
1821.4,17
1822.2,11
1822.6,27
1822.7,22
1823.6,8
1824.8,3
1825.0,4
1825.2,37
1825.3,13
1825.6,28
1826.9,12
1827.6,30
1827.7,39
1827.9,6
1828.1,23
1828.2,35
1828.3,1
1828.3,5
1828.3,26
1828.5,33
1830.4,31
1830.7,7
1830.9,19
1831.5,15
1831.5,16
1833.0,29
1833.1,36
1834.0,20
1834.5,8
1834.5,32
1834.7,34
1835.0,17
1835.8,27
1835.9,38
1837.1,11
1838.2,9
1839.5,3
1840.8,37
1841.7,10
1842.1,21
1842.4,19
1842.5,1
1842.5,39
1842.7,30
1843.5,4
1843.5,12
1843.5,31
1843.7,23
1843.7,35
1843.8,8
1843.8,16
1843.9,5
1843.9,25
1843.9,28
1843.9,36
1844.4,11
1845.0,22
1845.4,26
1845.5,13
1845.6,27
1847.5,7
1847.6,33
1848.5,32
1848.8,2
1849.5,30
1849.8,15
1850.2,29
1851.6,37
1852.9,19
1853.4,6
1853.7,21
1854.3,17
1854.6,8
1855.0,31
1855.8,27
1855.8,36
1856.0,1
1856.2,3
1856.5,12
1857.1,23
1857.3,38
1858.5,22
1859.3,33
1859.5,30
1860.3,15
1860.6,11
1861.0,16
1861.8,7
1862.6,35
1863.4,9
1864.3,29
1864.4,19
1864.9,31
1865.0,14
1865.0,26
1865.1,39
1865.2,6
1865.2,13
1865.7,20
1866.0,10
1866.0,17
1866.1,24
1866.4,12
1868.0,34
1868.9,8
1869.3,28
1869.7,3
1869.9,5
1870.2,15
1870.2,32
1870.3,25
1870.7,37
1871.2,30
1871.3,1
1871.4,38
1871.6,11
1872.0,27
1872.3,4
1872.4,23
1872.5,36
1875.7,19
1876.2,16
1876.7,33
1877.9,13
1878.1,7
1878.2,31
1878.5,22
1879.6,30
1879.9,39
1880.3,6
1880.7,12
1881.5,32
1882.0,1
1883.1,3
1884.1,8
1884.3,38
1884.4,10
1884.4,23
1884.5,9
1884.6,29
1884.9,35
1885.1,17
1885.4,13
1885.4,20
1885.4,37
1886.1,36
1886.3,19
1886.5,11
1888.1,27
1888.9,34
1890.1,21
1890.5,24
1891.5,8
1891.8,30
1893.6,5
1894.3,39
1895.1,22
1895.4,11
1895.5,16
1896.2,26
1896.3,7
1896.6,2
1896.6,12
1896.6,31
1896.8,15
1897.0,19
1897.7,4
1897.8,8
1898.2,29
1898.8,28
1899.2,3
1899.2,36
1899.4,27
1899.4,33
1900.8,17
1901.0,25
1901.1,23
1901.9,30
1902.1,6
1902.2,37
1902.6,13
1904.6,9
1906.2,31
1907.0,1
1907.6,22
1907.9,12
1908.3,11
1908.5,19
1908.6,32
1908.8,3
1909.1,8
1909.3,35
1909.6,39
1911.7,16
1912.2,10
1912.2,17
1912.8,30
1913.2,36
1913.7,38
1914.0,15
1914.9,13
1915.1,7
1915.3,37
1915.6,20
1915.7,2
1916.6,1
1918.5,29
1918.7,32
1918.8,19
1920.1,4
1920.1,31
1920.4,8
1920.7,27
1920.8,23
1921.8,12
1921.8,21
1922.6,33
1923.3,22
1923.4,11
1924.4,26
1924.5,16
1924.6,17
1924.7,9
1924.9,30
1925.0,36
1925.1,24
1926.4,3
1927.8,10
1928.2,32
1928.3,37
1928.5,39
1929.0,1
1929.3,35
1929.7,19
1929.8,5
1929.8,15
1930.1,34
1930.2,8
1932.3,26
1932.4,23
1932.6,28
1932.8,7
1933.5,27
1933.5,31
1933.8,6
1934.7,11
1934.7,14
1934.9,30
1935.8,36
1936.1,29
1936.6,12
1937.0,16
1937.2,2
1937.4,3
1938.0,25
1938.3,33
1941.1,19
1941.2,13
1941.8,38
1942.7,27
1943.1,4
1943.4,17
1943.8,5
1944.0,39
1944.7,9
1944.7,30
1944.8,8
1945.4,15
1945.6,26
1945.8,11
1946.1,35
1947.2,1
1947.7,37
1949.5,7
1949.5,31
1949.6,21
1949.7,36
1949.9,33
1950.2,23
1950.4,29
1950.8,22
1951.1,10
1953.8,32
1954.5,6
1954.6,19
1955.1,3
1955.8,9
1956.2,8
1956.7,12
1956.8,11
1957.4,37
1957.5,35
1957.6,27
1958.4,5
1958.5,14
1958.6,20
1958.7,36
1958.7,39
1959.4,17
1961.2,15
1961.3,2
1961.6,29
1961.7,34
1962.3,21
1962.4,30
1962.6,28
1962.9,16
1962.9,25
1963.4,1
1964.2,31
1964.4,26
1965.2,0
1965.2,4
1965.5,19
1966.0,38
1966.9,22
1967.6,3
1967.7,33
1967.7,37
1968.8,23
1969.0,35
1969.1,15
1969.6,12
1969.7,10
1970.2,7
1970.3,11
1970.4,8
1971.3,9
1971.3,17
1971.7,24
1972.4,27
1973.1,13
1973.1,30
1974.1,5
1975.0,31
1975.2,8
1975.6,19
1975.6,36
1975.8,39
1976.6,32
1976.7,29
1977.3,23
1977.7,6
1977.8,16
1977.9,1
1979.7,4
1981.2,20
1981.6,7
1981.8,33
1982.0,35
1982.8,27
1982.8,30
1983.0,10
1983.1,3
1983.4,31
1984.6,11
1985.4,37
1985.7,17
1985.8,12
1985.9,15
1986.1,36
1987.1,19
1987.3,21
1987.9,22
1988.0,39
1990.2,6
1990.2,34
1990.3,8
1990.3,26
1990.8,5
1990.8,13
1991.1,2
1991.4,9
1992.1,29
1992.9,32
1993.8,23
1993.9,24
1994.0,1
1994.1,3
1995.7,30
1995.9,38
1997.0,31
1997.1,16
1997.7,11
1997.9,19
1997.9,28
1998.2,36
1999.0,37
2000.1,17
2000.2,8
2000.2,14
2000.3,39
2000.9,25
2001.5,27
2002.4,15
2004.0,12
2004.7,30
2004.7,10
2005.1,22
2005.6,4
2005.9,31
2006.0,1
2006.7,33
2006.8,23
2007.7,35
2007.8,7
2007.9,9
2008.3,29
2008.4,3
2008.9,13
2009.1,11
2009.3,16
2009.3,37
2009.8,19
2010.3,34
2010.3,36
2011.5,6
2011.5,32
2011.7,8
2011.9,20
2012.1,39
2015.6,26
2016.1,5
2016.3,1
2017.6,15
2017.8,12
2018.1,27
2018.3,30
2018.6,10
2018.6,24
2019.1,17
2020.1,28
2020.3,19
2020.3,23
2020.5,11
2020.6,31
2021.0,38
2021.5,33
2024.3,37
2024.6,9
2025.1,13
2025.2,22
2025.8,8
2026.2,36
2026.2,39
2026.2,4
2026.2,29
2026.5,3
2026.5,26
2027.2,6
2027.2,21
2027.8,35
2028.1,1
2028.6,12
2028.9,7
2029.1,27
2029.1,11
2029.3,30
2029.6,14
2030.3,19
2031.9,15
2033.4,10
2034.2,16
2035.4,8
2035.8,31
2036.1,20
2036.1,23
2036.4,32
2037.3,17
2037.9,30
2038.0,5
2038.1,9
2038.2,19
2038.2,24
2038.2,36
2038.4,25
2039.9,3
2039.9,13
2040.3,34
2040.8,1
2041.0,33
2041.3,26
2041.9,29
2042.4,15
2042.8,27
2044.0,28
2044.0,38
2044.2,37
2044.3,39
2045.0,12
2045.1,6
2045.3,11
2045.5,4
2045.5,21
2045.7,7
2046.7,17
2046.8,36
2049.9,16
2050.6,30
2050.8,31
2051.0,8
2051.1,19
2051.2,32
2052.6,23
2054.1,22
2054.7,2
2054.9,27
2055.2,3
2055.2,35
2055.4,26
2055.9,12
2056.2,33
2056.6,7
2057.0,9
2057.3,30
2057.3,36
2057.6,17
2057.6,19
2057.6,39
2057.7,10
2058.0,8
2058.4,15
2059.2,37
2059.5,1
2063.9,4
2064.3,11
2065.2,14
2065.3,29
2065.4,24
2065.5,38
2067.2,34
2067.4,31
2068.1,19
2068.4,3
2068.8,30
2069.2,13
2069.4,21
2069.7,5
2069.7,12
2069.7,27
2069.9,32
2069.9,39
2070.2,23
2070.3,9
2071.2,17
2071.3,8
2072.7,11
2074.3,16
2074.9,1
2074.9,35
2075.0,15
2075.0,22
2076.5,7
2077.4,36
2078.2,37
2078.3,10
2078.4,30
2079.4,6
2080.3,23
2081.5,29
2082.6,3
2082.6,22
2082.6,8
2082.8,19
2082.8,33
2083.2,4
2083.5,27
2083.5,31
2084.0,5
2084.0,25
2084.1,38
2084.2,12
2087.2,11
2087.4,26
2087.7,9
2087.7,16
2087.9,32
2088.5,17
2088.5,28
2088.9,39
2089.2,2
2089.6,13
2090.6,1
2090.9,30
2091.2,15
2091.2,34
2092.0,36
2092.1,24
2092.5,31
2092.8,35
2093.1,7
2093.3,3
2093.3,27
2093.5,8
2093.5,37
2094.5,14
2094.7,6
2095.4,29
2096.2,19
2097.4,5
2097.5,11
2098.7,23
2099.2,12
2099.2,33
2101.1,0
2101.4,8
2101.5,30
2102.2,1
2102.4,32
2103.2,21
2104.4,36
2105.0,31
2106.2,22
2106.7,13
2107.3,26
2107.3,27
2107.6,3
2107.6,16
2108.4,4
2108.5,5
2108.5,25
2108.7,17
2108.8,38
2108.8,39
2108.9,11
2108.9,19
2109.0,10
2109.3,6
2109.9,15
2110.1,37
2110.3,7
2111.3,8
2111.4,12
2111.4,29
2112.0,35
2114.8,23
2116.5,9
2116.5,30
2116.7,24
2116.7,31
2116.7,33
2117.2,36
2117.3,19
2117.7,11
2118.0,14
2118.3,1
2118.5,27
2118.8,2
2118.9,20
2122.3,5
2122.6,32
2123.0,3
2123.6,28
2123.6,12
2124.4,30
2124.5,17
2124.7,8
2125.0,4
2125.0,6
2125.1,15
2125.2,10
2125.9,37
2126.1,16
2126.3,29
2126.5,22
2127.3,11
2127.6,27
2127.9,23
2128.7,31
2129.1,19
2129.3,34
2129.9,13
2130.8,7
2131.2,36
2131.7,1
2132.9,8
2133.2,9
2133.5,35
2134.3,39
2135.6,30
2135.6,33
2136.2,15
2136.3,3
2137.1,24
2137.9,37
2138.1,26
2138.3,25
2138.4,11
2138.5,29
2138.5,32
2138.7,6
2139.4,19
2141.3,23
2141.7,8
2142.4,12
2142.5,4
2142.5,17
2142.6,16
2142.8,27
2143.2,5
2143.6,39
2144.0,13
2144.0,38
2144.3,1
2144.7,10
2145.4,31
2146.5,30
2147.0,3
2147.1,33
2147.2,22
2147.6,14
2148.2,36
2149.5,7
2150.1,37
2150.3,2
2150.3,15
2151.0,6
2151.0,35
2151.8,19
2152.1,11
2152.3,25
2154.0,28
2154.1,8
2154.5,12
2154.8,30
2155.0,17
2155.3,29
2155.4,21
2155.5,4
2155.5,32
2156.3,26
2157.0,39
2157.8,31
2158.7,27
2159.0,36
2159.1,19
2159.3,1
2159.3,9
2159.7,22
2163.0,11
2163.8,3
2164.0,2
2164.0,24
2164.9,23
2165.2,7
2165.4,13
2165.4,37
2165.7,12
2165.8,8
2166.0,5
2167.2,33
2167.3,27
2167.8,19
2168.0,30
2168.2,20
2168.2,29
2168.2,34
2168.3,10
2169.5,31
2169.7,6
2169.7,17
2170.4,35
2171.6,39
2171.9,15
2172.0,3
2172.0,32
2172.7,36
2173.0,22
2173.9,1
2173.9,38
2174.1,14
2174.9,16
2175.3,30
2175.3,37
2175.6,28
2176.8,9
2177.4,27
2178.4,19
2178.6,12
2178.7,29
2179.3,11
2179.8,23
2181.2,4
2181.4,8
2181.5,7
2181.6,5
2181.7,26
2184.2,33
2184.2,36
2185.0,13
2186.3,32
2187.1,31
2187.4,14
2187.6,3
2187.8,1
2188.4,15
2188.6,19
2188.8,25
2188.9,11
2189.0,30
2189.5,35
2189.6,16
2189.8,8
2189.8,20
2189.9,10
2190.1,22
2191.1,2
2191.2,27
2192.1,39
2192.6,29
2193.5,12
2195.8,9
2195.8,24
2195.8,36
2195.8,37
2196.3,31
2196.9,38
2197.0,21
2197.4,17
2198.5,7
2198.5,26
2198.7,1
2199.2,8
2200.0,19
2201.3,11
2201.3,23
2201.3,27
2202.8,4
2203.3,33
2203.5,30
2204.7,10
2205.1,28
2205.5,3
2205.9,12
2206.8,6
2207.2,19
2207.4,32
2207.5,35
2207.8,36
2208.6,15
2209.1,31
2209.7,5
2210.5,37
2210.7,1
2211.0,29
2211.2,9
2211.2,16
2212.2,39
2212.5,7
2212.5,22
2213.5,11
2213.7,8
2215.6,23
2215.8,27
2215.9,17
2216.4,24
2216.6,34
2216.8,2
2216.9,36
2217.5,25
2217.5,38
2218.5,0
2218.9,3
2219.1,15
2219.2,19
2219.7,30
2220.2,14
2220.7,20
2220.8,4
2222.7,11
2222.7,13
2222.9,12
2223.3,39
2223.6,31
2223.6,33
2224.1,8
2224.2,10
2224.4,9
2224.9,17
2225.3,38
2225.6,22
2226.3,29
2226.5,26
2227.8,1
2229.1,19
2230.0,21
2231.8,36
2231.9,30
2231.9,37
2232.5,35
2232.6,32
2232.9,16
2233.2,27
2233.3,8
2233.3,23
2233.5,15
2233.9,3
2234.1,7
2234.2,6
2235.4,39
2236.4,28
2238.0,11
2238.1,10
2238.4,34
2239.0,17
2240.2,29
2241.1,19
2241.1,31
2241.1,38
2241.2,26
2241.5,24
2241.5,36
2241.8,5
2241.9,12
2242.5,14
2242.7,1
2243.3,22
2243.5,15
2243.9,13
2243.9,27
2244.2,4
2247.0,23
2247.4,8
2247.5,20
2247.6,37
2248.1,9
2248.1,19
2248.4,3
2248.6,7
2248.6,16
2249.8,30
2249.9,31
2250.2,11
2250.2,33
2250.7,29
2250.9,15
2251.2,0
2251.2,12
2252.3,25
2252.6,36
2253.5,10
2255.9,27
2256.2,22
2256.4,6
2256.9,8
2256.9,32
2257.4,28
2257.9,35
2258.3,1
2258.5,30
2259.5,21
2260.0,17
2260.2,31
2260.6,26
2261.4,39
2261.5,37
2262.0,23
2262.3,15
2263.4,2
2263.6,19
2265.5,5
2266.0,13
2266.8,3
2267.3,11
2267.4,29
2267.8,24
2268.0,38
2268.5,12
2268.6,27
2268.6,33
2269.2,30
2270.0,36
2270.5,1
2270.6,10
2270.7,8
2270.9,19
2271.3,34
2271.9,23
2272.2,16
2272.5,17
2273.5,39
2274.1,32
2275.0,9
2275.3,14
2276.7,31
2277.5,6
2277.5,7
2277.6,29
2277.7,15
2277.9,11
2278.1,3
2278.4,12
2278.6,22
2278.8,28
2278.9,19
2279.8,37
2280.4,23
2280.4,30
2280.5,8
2281.5,27
2282.0,5
2282.1,35
2282.6,2
2282.9,36
2284.3,16
2285.0,4
2285.3,12
2285.4,20
2285.5,31
2285.7,39
2286.6,22
2286.6,26
2287.1,1
2287.3,19
2287.5,10
2289.9,8
2290.1,15
2290.7,32
2290.9,3
2291.1,13
2291.4,11
2291.8,9
2291.9,30
2292.5,38
2293.7,24
2293.9,17
2294.3,37
2294.4,28
2294.5,29
2295.3,33
2296.9,5
2296.9,21
2297.1,4
2297.7,1
2298.3,27
2298.9,10
2298.9,16
2299.1,23
2299.3,7
2299.4,3
2300.0,8
2300.2,31
2300.3,19
2300.6,2
2300.6,36
2301.6,34
2301.6,39
2301.8,11
2302.0,6
2302.6,22
2302.9,35
2303.0,30
2304.0,15
2304.3,17
2304.3,25
2304.4,26
2305.9,37
2306.0,32
2306.5,12
2307.3,38
2307.7,24
2308.2,31
2308.4,19
2309.3,29
2309.4,3
2309.8,20
2309.9,14
2310.0,27
2310.5,1
2310.9,36
2311.3,11
2311.5,10
2311.9,8
2312.4,9
2314.3,30
2315.4,13
2315.7,16
2315.9,22
2316.2,23
2316.8,34
2317.2,35
2318.7,39
2318.8,4
2319.9,7
2320.1,6
2320.2,28
2320.4,8
2321.0,15
2321.0,17
2321.0,27
2321.5,37
2321.6,36
2321.8,5
2321.9,1
2322.1,11
2322.2,31
2322.8,19
2323.0,33
2323.5,30
2324.1,26
2326.8,12
2327.8,25
2328.6,3
2328.8,9
2328.9,29
2331.8,11
2331.8,17
2331.8,27
2331.9,10
2332.1,36
2332.9,5
2332.9,19
2333.0,7
2333.0,15
2333.0,16
2333.1,31
2333.8,35
2333.9,23
2334.1,33
2334.3,30
2334.5,8
2335.2,1
2335.2,32
2336.5,3
2336.7,37
2337.0,13
2337.9,24
2338.0,2
2338.0,38
2339.3,19
2339.6,4
2339.8,22
2339.9,36
2340.0,20
2340.2,39
2340.3,34
2340.4,29
2341.1,23
2341.2,12
2343.6,17
2344.7,27
2345.4,11
2346.5,15
2346.6,30
2346.9,9
2347.2,10
2347.8,26
2348.3,3
2349.1,32
2349.4,8
2349.7,37
2350.1,13
2350.1,21
2350.3,1
2350.3,5
2350.4,28
2350.6,6
2351.1,31
2351.2,12
2351.3,36
2352.0,35
2352.1,16
2352.3,39
2354.3,34
2354.4,11
2354.8,27
2355.5,14
2356.4,7
2356.5,22
2356.6,33
2358.1,4
2358.1,19
2359.4,15
2359.6,30
2360.0,31
2360.2,17
2360.4,23
2360.5,24
2360.7,25
2362.0,9
2362.0,37
2362.1,8
2363.4,2
2363.5,3
2363.7,29
2363.7,13
2364.0,32
2364.4,27
2365.0,1
2365.1,10
2365.1,36
2365.1,38
2366.2,19
2366.9,35
2367.5,39
2367.7,12
2369.8,16
2370.0,7
2370.0,11
2370.3,30
2371.7,34
2373.0,1
2373.8,31
2374.4,17
2374.4,28
2375.1,4
2375.5,22
2375.8,20
2376.0,23
2376.1,36
2376.4,8
2376.5,27
2377.2,6
2377.2,19
2377.7,5
2378.1,26
2378.6,29
2378.7,33
2378.9,3
2378.9,32
2379.1,15
2379.2,13
2380.1,9
2380.4,30
2381.2,37
2381.2,39
2381.4,24
2381.8,12
2383.4,35
2385.1,8
2386.6,7
2386.8,10
2387.2,31
2387.3,11
2387.3,19
2387.3,36
2387.5,1
2388.4,14
2390.3,25
2390.4,29
2390.6,26
2391.0,32
2391.1,2
2391.2,17
2391.4,39
2391.5,27
2391.7,12
2391.7,37
2392.6,4
2392.9,30
2394.0,9
2395.5,15
2395.7,8
2395.9,3
2395.9,16
2396.5,23
2396.6,6
2396.7,13
2396.8,38
2398.0,20
2398.5,21
2398.9,36
2399.5,10
2399.5,19
2400.0,29
2400.1,1
2400.3,34
2400.4,11
2400.9,5
2401.2,17
2401.6,28
2402.1,31
2402.4,22
2402.9,33
2403.0,27
2403.2,12
2403.6,15
2403.7,24
2404.2,30
2405.0,8
2405.2,26
2406.9,7
2408.1,9
2409.0,35
2409.2,32
2409.3,39
2410.9,16
2411.6,37
2411.7,19
2411.7,23
2411.9,11
2411.9,31
2412.2,30
2413.3,3
2413.7,1
2415.5,8
2415.8,2
2416.2,17
2416.6,5
2416.8,36
2417.0,22
2417.1,10
2417.1,13
2417.4,15
2417.4,27
2417.7,35
2419.1,23
2419.1,30
2420.1,12
2422.5,19
2423.0,34
2423.1,7
2423.5,1
2423.5,4
2423.5,14
2423.9,3
2424.1,11
2424.1,29
2424.5,9
2424.9,38
2425.1,26
2425.8,33
2426.7,32
2427.0,16
2427.4,31
2427.5,39
2427.7,27
2428.7,25
2429.2,17
2429.5,8
2429.6,15
2430.0,36
2430.7,6
2431.0,20
2431.1,23
2431.4,12
2431.5,30
2431.5,35
2432.7,24
2432.8,10
2432.9,0
2433.0,5
2433.5,38
2433.6,11
2434.2,7
2434.5,3
2434.8,37
2434.9,39
2436.5,19
2438.2,30
2438.4,4
2438.7,9
2439.6,26
2440.1,1
2441.8,13
2441.8,16
2442.5,8
2443.8,28
2443.9,29
2444.5,36
2444.8,31
2445.2,27
2445.3,14
2445.3,15
2445.4,12
2445.4,37
2445.8,32
2446.0,23
2446.5,3
2446.6,39
2446.9,25
2448.1,33
2448.2,35
2448.5,22
2448.7,11
2448.7,17
2449.2,10
2449.6,2
2449.9,5
2450.4,19
2450.7,8
2450.8,6
2451.7,30
2453.4,34
2454.3,31
2454.8,36
2455.0,7
2456.5,17
2457.4,12
2457.9,1
2457.9,27
2458.1,29
2458.2,19
2458.4,4
2458.7,13
2458.9,16
2459.0,32
2459.6,3
2460.3,9
2460.4,23
2460.4,30
2460.5,33
2460.9,15
2461.1,24
2461.9,26
2462.6,21
2462.9,38
2463.0,8
2463.4,36
2464.3,11
2464.6,39
2464.7,1
2464.7,27
2465.9,31
2466.5,17
2466.5,22
2466.7,37
2468.8,35
2469.2,12
2470.8,30
2470.9,23
2471.3,29
2471.6,5
2471.9,6
2472.5,19
2472.6,8
2472.9,10
2472.9,15
2473.4,33
2473.9,11
2474.6,9
2475.0,4
2475.3,3
2475.4,20
2476.4,14
2476.4,28
2476.5,16
2476.5,2
2476.7,7
2478.2,36
2478.9,27
2480.1,39
2480.8,30
2482.0,37
2482.3,31
2482.5,8
2482.6,26
2482.6,12
2483.4,22
2483.5,13
2483.5,1
2483.8,29
2484.0,5
2484.0,25
2484.0,34
2484.2,9
2484.3,19
2484.3,35
2484.9,17
2485.7,11
2487.6,15
2488.1,33
2489.4,3
2489.9,21
2489.9,23
2490.2,36
2490.5,8
2491.1,16
2491.9,10
2492.0,19
2492.5,32
2492.5,6
2492.7,30
2494.8,37
2496.0,7
2496.0,31
2496.2,1
2496.3,27
2497.1,2
2497.4,24
2497.6,4
2497.8,39
2498.8,9
2499.9,22
2500.1,11
2500.1,19
2500.3,35
2500.5,28
2500.9,38
2501.1,12
2501.8,25
2501.8,29
2502.1,36
2502.6,26
2502.7,8
2502.8,15
2502.8,17
2503.3,27
2503.7,5
2504.1,23
2505.9,30
2506.2,16
2507.6,0
2507.9,34
2508.1,10
2508.2,14
2508.3,3
2508.9,31
2508.9,32
2509.1,13
2509.7,6
2509.7,11
2510.1,38
2511.9,33
2512.3,37
2512.9,1
2513.4,36
2514.5,12
2514.6,19
2514.8,21
2514.9,9
2515.1,30
2515.3,4
2515.4,7
2515.4,8
2515.4,22
2518.5,27
2518.8,15
2519.7,5
2520.5,20
2521.5,29
2521.6,23
2521.8,28
2521.9,3
2521.9,16
2522.2,17
2522.6,31
2523.0,30
2523.8,24
2524.2,39
2524.3,6
2524.7,32
2524.7,34
2525.2,8
2525.4,36
2525.5,35
2525.8,10
2526.1,12
2527.9,37
2528.5,11
2528.6,15
2528.6,22
2528.8,38
2529.4,13
2529.5,1
2530.1,26
2530.2,19
2531.1,27
2531.5,30
2531.6,5
2532.6,3
2533.8,29
2533.8,17
2535.6,36
2535.8,31
2536.0,39
2538.4,28
2538.4,9
2538.7,7
2538.8,32
2539.0,8
2539.4,34
2539.8,12
2539.9,33
2541.0,2
2541.2,11
2541.4,19
2541.6,35
2541.9,36
2542.1,6
2542.6,26
2543.0,23
2543.0,1
2543.5,30
2544.1,13
2544.8,27
2545.5,14
2545.7,3
2546.2,29
2546.4,15
2547.4,16
2547.5,37
2547.6,31
2548.2,22
2549.1,17
2550.0,8
2551.5,33
2551.9,9
2552.9,12
2553.0,23
2553.5,19
2554.2,4
2554.2,35
2554.4,10
2554.8,36
2554.8,39
2555.5,1
2556.0,32
2556.7,5
2556.9,30
2557.0,3
2557.1,11
2558.6,8
2558.8,24
2559.1,25
2559.1,29
2559.3,27
2560.2,21
2560.2,31
2560.3,6
2560.3,15
2560.3,23
2560.4,1
2560.5,37
2560.6,38
2560.7,7
2560.7,26
2561.5,19
2565.2,13
2565.7,28
2565.8,9
2566.5,20
2566.7,17
2567.1,10
2567.2,33
2567.2,8
2568.6,32
2568.7,30
2568.9,21
2569.2,3
2569.4,16
2569.5,39
2569.8,4
2569.8,14
2569.9,31
2570.4,11
2570.8,2
2570.9,1
2571.7,12
2572.0,34
2572.3,22
2572.4,36
2573.0,27
2573.2,19
2573.9,29
2574.1,35
2575.0,7
2575.5,5
2575.5,15
2575.9,23
2577.7,30
2579.4,8
2580.2,0
2580.4,17
2580.7,6
2581.1,38
2581.3,3
2581.8,26
2581.8,37
2582.2,31
2582.6,11
2582.8,32
2582.9,12
2583.0,1
2583.0,36
2583.1,33
2583.8,27
2584.9,16
2585.4,19
2585.6,4
2587.2,29
2587.4,24
2587.4,39
2587.6,10
2588.3,9
2588.6,23
2588.6,30
2589.3,15
2589.6,7
2590.0,35
2590.0,36
2591.1,13
2591.6,22
2591.7,12
2593.5,8
2593.6,34
2593.6,37
2595.3,20
2595.9,11
2595.9,39
2596.1,3
2596.3,27
2596.3,35
2596.7,31
2596.9,28
2597.3,21
2597.4,1
2597.4,19
2597.6,6
2599.1,29
2599.4,17
2600.1,10
2601.2,32
2601.4,36
2602.2,38
2602.4,30
2603.6,24
2604.0,16
2605.1,23
2607.0,33
2607.0,7
2607.0,39
2607.5,11
2607.6,15
2607.6,8
2607.8,13
2608.0,12
2608.0,27
2608.2,5
2608.2,14
2608.2,19
2608.5,4
2608.7,25
2608.8,37
2609.0,2
2609.0,17
2609.5,31
2610.1,9
2610.1,29
2610.8,22
2611.0,3
2611.6,28
2615.2,30
2615.2,36
2615.8,26
2616.0,35
2616.2,6
2616.9,1
2617.7,8
2617.7,16
2618.5,32
2618.8,4
2618.9,33
2619.4,7
2619.8,11
2619.8,19
2620.1,34
2621.8,5
2622.3,27
2622.3,29
2623.1,23
2623.2,30
2623.3,17
2623.4,31
2623.4,37
2624.0,1
2624.0,9
2624.6,12
2625.2,13
2625.5,39
2625.6,24
2626.0,2
2626.0,3
2626.0,38
2626.1,20
2626.4,36
2626.5,15
2627.8,6
2630.9,19
2631.6,10
2631.6,35
2632.0,0
2632.4,22
2632.7,17
2632.9,11
2632.9,8
2633.1,7
2633.2,32
2633.5,16
2634.6,30
2636.8,27
2638.4,29
2638.5,12
2639.0,26
2639.3,9
2639.5,1
2639.6,33
2639.6,37
2640.0,21
2640.3,4
2640.3,15
2640.7,39
2641.9,36
2642.4,8
2643.1,25
2643.6,31
2643.8,3
2643.9,23
2644.4,17
2644.4,19
2644.9,34
2646.3,6
2646.3,11
2646.3,20
2646.8,13
2646.8,30
2646.9,32
2647.0,5
2647.0,7
2647.0,14
2647.0,24
2647.4,27
2647.5,10
2648.1,22
2648.1,35
2649.5,8
2650.4,28
2650.4,29
2650.5,33
2650.5,37
2650.6,26
2651.4,23
2651.6,1
2652.3,19
2653.0,38
2653.2,39
2653.7,16
2653.9,12
2655.5,17
2656.9,32
2657.3,30
2657.3,9
2658.6,15
2658.8,21
2659.2,3
2659.6,11
2659.6,36
2660.1,8
2660.2,19
2660.3,4
2660.4,2
2660.8,29
2661.4,34
2662.1,27
2662.8,39
2663.6,5
2666.5,31
2666.7,23
2666.8,11
2667.8,7
2668.3,10
2668.6,37
2669.0,1
2669.2,17
2669.7,12
2669.8,13
2670.1,19
2670.4,6
2670.6,25
2670.7,30
2670.8,8
2671.2,22
2671.2,33
2672.7,15
2672.9,32
2673.4,38
2673.9,28
2675.0,16
2675.6,36
2676.1,9
2676.5,35
2676.6,29
2677.6,3
2677.6,27
2677.7,31
2679.7,11
2680.6,30
2680.6,39
2680.7,1
2680.7,26
2680.8,5
2680.9,22
2681.4,4
2681.4,19
2682.1,14
2683.1,8
2684.7,23
2685.0,33
2685.2,32
2685.8,12
2686.1,37
2686.8,10
2687.0,15
2688.2,21
2688.5,24
2688.9,38
2689.2,9
2689.7,7
2689.9,16
2690.3,17
2690.6,8
2690.6,34
2690.9,29
2691.0,27
2692.0,13
2692.1,36
2692.2,1
2693.2,30
2693.8,19
2694.2,28
2694.6,3
2694.6,39
2694.9,6
2695.4,31
2697.2,11
2697.7,35
2697.9,2
2697.9,17
2698.8,37
2699.4,8
2699.5,14
2699.5,20
2699.7,12
2702.1,36
2702.5,10
2702.5,23
2703.0,9
2703.1,15
2703.2,26
2703.3,0
2703.3,33
2703.4,29
2704.0,5
2704.0,19
2704.2,7
2705.0,32
2705.3,16
2705.8,30
2706.5,22
2706.6,27
2706.7,38
2707.0,13
2707.5,4
2707.8,31
2710.3,37
2710.8,1
2710.8,11
2710.9,8
2711.0,3
2711.5,17
2712.0,28
2712.6,19
2713.4,35
2714.1,30
2714.3,6
2715.9,15
2716.0,36
2716.1,12
2716.5,31
2717.2,25
2717.8,9
2718.0,34
2718.1,32
2719.0,14
2719.0,22
2719.1,29
2719.3,3
2719.3,39
2720.1,23
2720.7,27
2721.6,16
2722.8,21
2723.1,2
2723.6,37
2723.8,11
2723.9,8
2724.1,17
2724.4,10
2724.8,33
2725.1,26
2725.3,19
2725.7,13
2726.4,28
2726.5,1
2728.0,15
2729.1,30
2729.2,5
2729.9,36
2730.2,12
2730.8,31
2730.8,35
2731.3,29
2731.5,3
2732.9,6
2733.2,27
2733.5,8
2733.8,19
2735.2,39
2735.3,11
2735.3,23
2735.3,38
2736.1,14
2736.3,20
2736.4,30
2736.6,32
2736.6,34
2737.0,1
2737.0,22
2737.4,4
2737.6,7
2737.7,24
2737.9,16
2739.4,15
2740.1,17
2740.5,9
2740.5,12
2741.0,26
2741.3,37
2741.4,31
2741.7,8
2742.2,29
2742.5,21
2743.5,36
2743.7,33
2744.2,25
2744.4,19
2746.3,23
2746.7,27
2747.1,35
2747.6,30
2748.2,8
2748.6,11
2748.6,3
2748.6,5
2749.6,1
2751.0,10
2751.4,15
2753.5,17
2753.6,36
2754.0,32
2754.2,13
2754.4,37
2754.5,19
2755.0,4
2755.0,16
2755.2,9
2755.5,24
2755.8,31
2757.1,8
2757.7,28
2757.9,3
2758.2,27
2758.9,12
2760.1,14
2760.1,33
2760.3,22
2760.3,39
2760.4,30
2761.0,11
2761.6,1
2761.7,2
2761.7,6
2761.7,23
2761.7,29
2762.2,7
2762.2,36
2762.7,15
2763.1,32
2763.8,10
2764.4,26
2764.6,34
2764.6,38
2765.9,5
2765.9,19
2766.8,35
2767.5,8
2767.5,31
2768.6,39
2769.6,3
2769.6,17
2769.7,30
2770.1,10
2770.7,0
2770.9,12
2770.9,37
2771.0,1
2773.1,27
2773.6,23
2773.8,13
2774.7,29
2774.7,11
2777.4,6
2777.7,36
2778.1,9
2778.2,33
2778.3,19
2778.7,22
2779.1,8
2779.1,28
2779.5,16
2779.6,7
2779.7,30
2779.8,32
2779.9,20
2780.1,15
2780.1,31
2781.4,3
2781.5,4
2782.3,35
2782.9,14
2783.3,38
2783.5,2
2783.6,25
2783.6,39
2783.8,17
2784.0,10
2784.1,29
2784.3,11
2784.5,5
2785.5,1
2786.0,23
2786.2,36
2786.6,12
2787.2,26
2787.6,27
2788.1,8
2788.1,19
2788.8,22
2791.2,37
2792.3,21
2792.3,33
2793.0,9
2793.4,6
2793.4,31
2793.8,29
2793.8,30
2794.1,34
2794.3,13
2794.8,16
2795.0,4
2795.3,17
2795.9,3
2796.9,23
2797.1,24
2797.2,1
2797.5,11
2797.7,19
2797.8,15
2798.2,32
2798.3,14
2798.8,28
2799.4,36
2800.6,35
2800.6,39
2802.4,30
2803.1,8
2803.1,27
2803.2,6
2803.3,12
2803.6,7
2803.6,10
2805.7,19
2806.1,5
2806.1,17
2806.1,26
2806.3,23
2807.2,16
2807.6,15
2807.7,13
2808.0,31
2808.2,9
2808.8,24
2809.1,11
2809.4,37
2809.8,3
2809.9,22
2810.0,29
2810.3,36
2810.4,32
2810.5,1
2810.5,39
2812.4,25
2812.8,30
2813.3,8
2813.7,38
2814.2,27
2814.7,4
2814.9,33
2815.5,12
2815.6,34
2815.7,31
2816.5,6
2818.1,19
2818.3,23
2818.9,8
2819.1,3
2819.8,28
2820.1,11
2820.4,35
2821.0,17
2821.7,26
2822.0,36
2822.8,30
2822.9,13
2823.7,15
2824.0,0
2824.9,32
2825.2,1
2825.2,10
2825.3,5
2826.1,19
2826.2,2
2826.2,29
2826.4,16
2826.4,23
2826.8,11
2826.9,9
2826.9,27
2827.0,39
2827.3,31
2827.4,37
2827.7,20
2827.9,12
2830.7,8
2831.3,3
2832.1,6
2832.6,22
2834.7,33
2835.3,35
2835.5,9
2835.5,30
2835.5,36
2835.6,4
2835.9,21
2835.9,38
2836.0,11
2836.6,31
2836.8,19
2836.8,28
2836.9,15
2837.0,17
2837.7,1
2837.8,13
2838.1,7
2838.2,39
2838.4,37
2838.9,29
2839.1,12
2840.0,27
2841.4,5
2843.1,3
2843.3,20
2843.5,8
2844.1,22
2844.2,10
2845.8,30
2846.0,32
2846.3,16
2846.6,26
2847.0,37
2848.0,23
2848.5,14
2849.0,9
2850.0,15
2851.1,1
2851.7,38
2851.9,19
2852.3,39
2852.8,8
2852.8,29
2852.9,17
2853.3,11
2853.4,12
2853.6,6
2853.6,33
2853.7,36
2853.8,35
2853.9,31
2854.0,4
2854.4,7
2854.8,27
2855.5,30
2855.5,34
2859.1,3
2859.1,25
2859.3,37
2860.5,16
2860.5,23
2861.4,12
2862.0,27
2862.3,13
2862.8,28
2863.1,22
2863.8,7
2864.5,19
2864.9,29
2865.0,1
2865.0,2
2865.1,15
2865.7,36
2866.4,17
2866.8,31
2867.1,32
2867.2,11
2867.7,8
2867.7,39
2867.8,30
2867.8,33
2870.0,35
2871.3,23
2871.5,14
2871.6,5
2872.3,10
2872.3,20
2872.3,27
2872.6,3
2873.3,6
2873.6,26
2873.9,38
2874.5,30
2874.6,9
2874.6,16
2874.6,21
2874.7,37
2877.2,15
2877.2,19
2877.4,12
2877.4,39
2878.0,29
2878.1,17
2878.4,11
2879.1,7
2879.7,8
2880.2,25
2881.0,31
2881.2,1
2881.6,4
2882.4,24
2883.2,27
2883.2,36
2883.3,32
2883.5,22
2885.7,34
2887.3,35
2888.0,23
2888.0,39
2888.1,14
2888.4,13
2888.5,3
2889.0,29
2889.2,16
2889.5,11
2890.3,1
2890.5,12
2890.6,30
2890.6,33
2891.4,37
2891.5,10
2891.6,31
2892.5,19
2892.7,8
2894.5,21
2894.9,36
2895.4,15
2896.0,17
2896.1,9
2896.9,6
2897.0,7
2897.2,5
2898.4,27
2898.6,26
2899.1,3
2899.4,37
2899.9,11
2900.4,31
2900.8,4
2901.0,22
2901.2,29
2901.7,23
2902.4,39
2903.5,8
2904.5,38
2905.1,32
2905.2,2
2905.8,12
2905.8,19
2905.8,30
2906.1,28
2906.4,15
2906.6,16
2907.3,1
2907.5,36
2907.9,35
2908.7,13
2909.6,33
2909.8,11
2909.9,17
2910.5,34
2910.8,7
2911.1,25
2911.3,3
2912.9,10
2913.0,27
2913.6,20
2914.5,30
2914.5,31
2914.9,9
2915.1,29
2915.3,28
2915.6,8
2915.8,23
2915.8,39
2916.2,0
2916.8,19
2917.0,5
2917.0,12
2917.6,1
2918.3,36
2919.1,22
2919.7,3
2920.8,35
2921.0,11
2921.5,4
2921.6,24
2922.0,15
2922.2,16
2922.4,26
2922.5,27
2922.8,14
2922.8,37
2922.9,2
2923.0,6
2923.2,39
2923.4,31
2923.6,17
2924.4,8
2924.7,23
2925.4,32
2925.9,38
2926.3,30
2928.5,1
2930.0,13
2930.3,10
2930.4,29
2931.0,9
2931.2,21
2931.5,31
2931.7,7
2931.9,22
2932.5,19
2932.6,39
2932.8,3
2932.8,6
2933.2,11
2933.7,17
2933.8,5
2934.0,15
2934.9,27
2935.5,8
2935.7,33
2935.8,12
2935.8,34
2937.7,28
2937.8,23
2939.0,36
2939.3,10
2939.8,30
2940.9,16
2940.9,35
2941.2,32
2941.6,1
2941.9,4
2942.1,37
2943.3,19
2944.4,24
2944.9,29
2946.5,14
2946.9,3
2946.9,26
2947.3,2
2947.5,38
2947.8,39
2947.9,8
2947.9,15
2947.9,17
2948.1,5
2948.1,22
2948.2,11
2948.7,19
2948.8,36
2949.1,9
2949.6,12
2950.3,31
2950.7,25
2951.0,30
2952.1,13
2954.1,27
2955.1,23
2956.4,15
2956.7,37
2957.4,33
2957.5,1
2957.6,29
2957.8,32
2958.2,30
2958.9,3
2958.9,10
2958.9,28
2959.0,7
2959.0,11
2959.3,19
2959.6,6
2960.7,22
2961.9,31
2962.2,36
2962.7,35
2963.5,8
2963.7,23
2964.3,12
2964.3,34
2964.7,26
2965.0,5
2965.2,16
2965.5,20
2965.7,9
2965.9,39
2967.3,17
2967.4,27
2968.5,38
2968.9,1
2970.9,6
2970.9,15
2971.1,11
2971.7,22
2972.0,29
2972.4,19
2972.4,33
2972.6,30
2974.1,32
2974.2,4
2975.2,31
2975.4,3
2975.6,36
2976.2,13
2976.7,9
2976.7,12
2976.8,37
2977.1,23
2977.8,21
2978.3,8
2978.8,26
2979.0,2
2979.7,5
2980.1,29
2980.3,27
2981.7,17
2981.9,30
2983.4,7
2983.9,1
2984.0,10
2984.1,35
2984.3,39
2984.4,19
2984.8,11
2985.0,15
2985.1,25
2985.7,14
2985.7,22
2985.7,37
2986.4,31
2987.8,36
2988.1,6
2988.1,24
2988.3,16
2988.6,28
2989.9,33
2990.0,38
2990.2,27
2990.8,3
2990.9,4
2991.1,23
2992.4,17
2992.8,29
2993.6,8
2993.9,12
2994.0,19
2994.1,30
2995.0,32
2995.1,1
2995.3,9
2996.1,39
2997.3,20
2997.8,16
2998.1,10
2998.2,2
2998.2,11
2999.3,35
2999.7,37
3002.7,13
3002.8,30
3003.0,19
3003.3,36
3003.7,3
3004.0,27
3004.1,4
3004.1,8
3004.5,22
3005.5,6
3005.7,23
3005.8,32
3005.9,28
3006.4,31
3006.6,29
3006.7,7
3006.8,1
3006.9,11
3007.1,15
3007.6,5
3010.6,39
3010.8,12
3011.9,21
3012.5,14
3012.5,17
3012.8,27
3012.9,9
3013.7,30
3014.3,34
3014.5,8
3014.8,19
3014.9,26
3015.3,16
3015.5,33
3016.0,24
3017.8,12
3019.2,31
3019.6,15
3019.8,10
3019.9,1
3020.1,37
3021.0,36
3021.5,17
3021.9,3
3022.3,38
3022.6,35
3022.7,25
3023.1,13
3023.2,30
3023.4,23
3024.2,11
3024.4,2
3024.4,4
3024.4,20
3025.4,32
3026.4,14
3026.7,27
3027.5,29
3028.0,19
3029.2,5
3029.2,33
3029.8,7
3029.9,8
3030.2,9
3030.5,22
3030.8,0
3030.8,16
3031.3,39
3031.4,6
3031.4,28
3033.2,30
3033.7,31
3034.0,35
3034.2,12
3034.4,17
3035.4,27
3036.2,15
3036.2,34
3036.6,36
3037.4,10
3037.6,8
3037.9,1
3039.2,13
3039.2,37
3041.7,3
3042.8,23
3043.7,11
3043.9,9
3044.0,19
3044.1,16
3044.2,38
3044.2,39
3044.7,21
3045.1,26
3045.9,12
3046.4,30
3046.4,32
3046.8,22
3047.8,24
3048.0,8
3048.2,29
3049.5,36
3050.0,1
3050.6,31
3051.0,28
3051.5,10
3052.3,33
3052.4,13
3052.7,15
3053.1,17
3053.2,7
3053.4,5
3053.5,27
3053.7,19
3053.7,35
3053.8,20
3054.0,30
3054.2,4
3054.3,6
3054.4,23
3057.3,8
3057.4,11
3059.5,39
3061.6,22
3061.8,32
3062.0,31
3062.0,36
3062.2,25
3062.6,29
3063.0,12
3063.1,14
3063.1,28
3063.4,15
3064.1,37
3064.2,3
3066.6,30
3067.6,19
3067.8,16
3067.9,2
3067.9,13
3068.7,23
3068.8,11
3069.1,9
3070.4,5
3070.4,10
3070.4,24
3070.7,4
3070.7,6
3071.0,33
3071.6,1
3072.3,27
3072.8,8
3072.8,22
3074.4,31
3074.6,34
3074.6,37
3074.8,7
3075.2,3
3075.7,21
3075.7,29
3076.0,12
3076.2,17
3076.5,35
3076.9,26
3077.9,36
3078.2,1
3078.8,19
3078.9,11
3079.0,16
3079.2,39
3081.1,15
3081.4,32
3081.8,27
3082.0,38
3082.9,30
3084.3,13
3084.7,28
3085.2,12
3085.4,0
3085.9,23
3087.0,22
3087.5,9
3087.5,11
3087.7,8
3088.4,5
3088.4,36
3088.5,10
3088.7,15
3089.2,19
3089.9,4
3090.1,31
3091.2,29
3091.3,3
3092.3,14
3092.4,1
3092.5,24
3094.4,6
3094.4,35
3096.1,33
3096.1,38
3096.2,17
3096.8,32
3096.9,27
3097.2,8
3097.2,11
3097.3,30
3097.6,16
3097.8,34
3098.0,7
3098.0,13
3098.0,37
3099.2,4
3099.4,39
3099.6,15
3100.3,29
3100.9,19
3100.9,26
3101.7,20
3103.3,36
3103.8,9
3103.8,28
3103.9,23
3104.3,10
3105.0,5
3106.7,12
3107.4,31
3108.1,39
3108.3,3
3109.3,1
3109.6,27
3110.5,8
3110.7,22
3110.8,11
3110.9,2
3110.9,30
3111.0,32
3111.4,37
3111.7,33
3111.8,15
3111.8,19
3112.7,17
3113.5,24
3113.9,13
3114.1,25
3114.6,36
3115.0,29
3115.1,16
3117.1,31
3119.8,9
3120.0,8
3120.3,35
3120.4,27
3120.6,12
3121.2,10
3121.9,30
3122.3,11
3122.4,19
3122.6,3
3123.2,32
3123.3,28
3123.5,23
3123.8,1
3123.8,39
3124.1,20
3125.2,36
3125.3,38
3126.4,7
3126.4,37
3126.8,5
3126.8,15
3127.4,6
3127.7,26
3127.9,22
3128.3,14
3128.9,13
3129.4,4
3129.6,30
3129.7,35
3129.9,17
3130.3,34
3131.1,31
3131.4,8
3134.9,29
3135.4,32
3135.7,19
3135.9,33
3136.1,27
3136.5,1
3138.1,11
3138.6,36
3138.7,16
3139.0,3
3139.3,22
3139.8,12
3140.0,9
3140.1,21
3140.5,0
3140.9,23
3141.3,15
3141.3,17
3141.5,2
3141.6,37
3141.7,31
3141.7,33
3141.9,28
3141.9,30
3142.6,8
3142.9,10
3143.1,38
3147.0,5
3148.1,19
3148.8,27
3148.8,35
3148.9,29
3149.5,36
3150.3,3
3150.4,1
3151.5,37
3151.6,11
3151.7,8
3152.1,39
3152.2,13
3152.6,24
3152.7,7
3153.2,26
3153.2,33
3153.3,17
3153.4,6
3154.0,34
3154.5,12
3155.2,9
3156.0,32
3156.2,15
3156.3,31
3156.5,30
3156.8,19
3157.3,22
3157.7,23
3159.3,16
3161.2,36
3162.4,29
3163.6,3
3163.9,27
3164.3,4
3164.3,8
3166.4,37
3166.9,9
3167.3,35
3167.7,15
3167.7,39
3167.8,14
3167.8,30
3167.8,31
3168.1,10
3168.1,13
3168.2,38
3168.3,6
3169.4,17
3169.7,1
3170.0,19
3170.5,33
3170.8,11
3171.0,21
3172.4,12
3173.6,5
3174.1,3
3174.2,29
3174.6,2
3175.3,27
3175.5,26
3175.6,8
3176.2,23
3176.4,32
3176.5,28
3176.8,16
3176.8,31
3176.8,37
3177.6,10
3177.6,36
3178.0,7
3178.1,22
3178.8,30
3179.6,19
3180.2,34
3181.1,9
3181.2,39
3181.4,33
3183.1,35
3183.8,17
3184.1,15
3184.3,11
3184.8,12
3185.1,1
3185.4,24
3186.1,20
3186.3,38
3187.1,8
3187.4,19
3187.6,29
3188.4,32
3189.0,26
3189.0,30
3189.1,36
3189.7,23
3190.5,3
3190.6,5
3190.7,31
3191.3,27
3191.4,4
3191.9,16
3192.5,13
3193.2,14
3193.3,33
3194.7,35
3196.3,34
3196.5,11
3196.7,8
3196.8,6
3196.8,22
3196.9,1
3196.9,37
3196.9,39
3197.2,10
3197.4,28
3198.0,15
3198.1,17
3198.8,9
3199.0,19
3201.9,30
3201.9,31
3203.3,27
3203.7,12
3204.8,36
3205.2,26
3205.2,29
3205.3,21
3205.7,33
3205.8,1
3205.9,13
3206.1,25
3206.1,38
3206.1,3
3206.3,5
3206.6,32
3207.0,7
3209.7,8
3211.4,23
3211.6,35
3211.6,11
3211.6,30
3212.1,19
3212.6,28
3212.8,9
3212.9,4
3212.9,37
3213.1,17
3213.4,1
3213.4,10
3213.5,20
3213.7,39
3215.0,6
3216.7,27
3216.7,31
3217.1,22
3217.5,3
3217.6,15
3217.7,24
3219.5,8
3219.5,12
3219.5,36
3220.1,29
3220.4,11
3220.5,2
3220.9,13
3221.6,10
3222.2,16
3222.4,32
3222.6,33
3222.8,7
3224.6,30
3225.2,17
3225.7,37
3226.6,27
3226.7,39
3227.1,19
3227.6,14
3227.8,9
3228.2,5
3228.4,12
3228.6,4
3228.9,23
3228.9,35
3229.3,1
3229.5,38
3229.7,22
3231.0,8
3231.6,11
3233.1,31
3233.5,3
3233.7,34
3233.8,0
3234.3,6
3234.3,15
3234.4,13
3235.0,29
3235.1,30
3235.3,25
3238.3,36
3238.6,27
3238.7,17
3240.4,19
3241.1,16
3241.1,23
3241.3,8
3241.3,39
3241.4,33
3241.5,28
3241.7,26
3241.7,37
3241.8,24
3242.1,2
3242.3,4
3242.4,32
3242.4,34
3242.6,12
3244.0,9
3244.1,6
3245.3,1
3246.3,10
3246.6,35
3247.4,21
3247.8,29
3248.2,30
3249.5,7
3249.7,3
3249.7,36
3250.1,11
3250.3,5
3251.1,15
3251.5,27
3252.2,22
3252.4,23
3253.1,19
3253.1,38
3253.4,39
3253.6,8
3253.7,12
3254.8,37
3255.2,31
3255.2,32
3255.4,17
3255.6,1
3255.8,20
3256.4,13
3258.4,16
3258.5,14
3258.8,30
3259.2,28
3259.5,9
3259.9,4
3260.2,35
3260.8,11
3261.6,34
3262.1,36
3262.2,8
3263.9,29
3264.3,17
3264.6,31
3264.9,27
3265.1,15
3265.2,26
3266.9,25
3267.6,22
3267.7,7
3268.0,3
3268.3,32
3268.4,21
3268.4,23
3269.3,0
3269.4,19
3269.5,10
3270.1,30
3270.7,33
3271.0,39
3271.0,1
3271.0,11
3271.0,37
3272.3,5
3272.3,27
3273.5,9
3274.1,2
3274.1,8
3274.6,31
3275.2,12
3276.1,38
3276.2,36
3276.4,17
3277.0,24
3277.1,34
3277.5,35
3278.1,3
3278.3,16
3278.4,29
3278.5,19
3278.7,6
3278.9,13
3281.3,11
3281.6,32
3282.5,1
3282.9,26
3283.6,4
3283.7,15
3285.2,27
3285.4,39
3285.5,8
3285.5,37
3285.7,23
3285.8,30
3286.0,5
3286.3,12
3286.7,7
3287.3,17
3287.5,35
3287.9,28
3288.2,20
3288.5,33
3288.5,36
3290.7,31
3290.9,22
3291.7,29
3292.7,10
3294.2,3
3294.3,19
3294.6,11
3294.8,1
3294.8,26
3294.9,21
3294.9,30
3295.2,14
3296.2,9
3296.2,39
3296.4,6
3296.8,23
3297.5,13
3297.7,4
3297.8,15
3298.0,32
3298.7,12
3300.5,8
3300.7,27
3301.6,37
3301.8,36
3302.0,16
3302.4,7
3302.5,30
3302.5,38
3303.0,5
3303.1,19
3304.0,3
3304.8,33
3304.9,28
3305.6,17
3306.4,29
3306.7,31
3307.3,4
3307.8,8
3309.9,35
3310.0,27
3310.2,20
3310.4,15
3310.5,12
3310.7,1
3310.7,26
3310.7,11
3310.9,23
3311.2,36
3311.4,2
3311.5,16
3311.5,39
3311.6,6
3312.9,30
3313.5,22
3315.0,24
3315.8,19
3316.0,3
3316.4,10
3316.7,13
3316.8,9
3316.8,34
3317.7,32
3318.2,23
3318.4,8
3319.0,37
3319.5,12
3319.8,11
3320.6,5
3321.0,36
3321.9,31
3323.1,17
3325.7,38
3325.9,27
3326.0,30
3326.3,14
3326.4,19
3326.4,29
3326.5,35
3326.8,15
3327.3,32
3327.4,22
3327.8,16
3327.9,7
3328.9,0
3328.9,33
3329.0,4
3330.4,1
3330.7,31
3331.2,39
3331.3,11
3331.8,3
3331.9,36
3332.7,2
3333.0,37
3333.1,6
3334.6,23
3336.1,5
3336.3,12
3336.6,19
3336.7,8
3337.8,13
3337.9,29
3338.1,26
3338.1,35
3338.9,30
3339.0,17
3339.9,32
3340.1,28
3340.4,1
3340.4,21
3341.2,10
3341.6,11
3342.1,9
3342.4,24
3342.9,8
3343.3,25
3343.5,7
3344.7,3
3345.0,15
3345.3,22
3345.5,27
3345.6,39
3345.7,34
3345.9,36
3346.8,30
3346.8,31
3347.1,12
3348.3,19
3349.4,32
3349.5,33
3349.6,17
3350.2,16
3350.5,29
3350.9,4
3350.9,13
3351.2,11
3352.1,6
3353.9,5
3355.1,23
3355.4,37
3356.9,12
3356.9,22
3357.1,14
3357.2,35
3357.6,38
3357.7,15
3358.5,1
3358.5,36
3359.1,8
3359.1,26
3360.2,9
3360.4,0
3360.4,39
3361.1,19
3361.4,31
3361.5,28
3362.3,10
3362.5,17
3362.9,25
3363.0,30
3363.5,4
3363.7,7
3364.1,27
3365.0,20
3365.4,3
3365.4,29
3365.5,13
3365.7,1
3366.1,11
3367.1,5
3367.4,31
3367.7,14
3367.8,23
3368.2,33
3368.5,35
3369.0,37
3369.1,36
3369.9,8
3370.7,16
3371.9,12
3372.0,19
3373.2,24
3374.3,30
3374.3,39
3374.5,15
3374.8,2
3375.6,32
3375.9,37
3376.8,17
3376.9,28
3377.2,27
3377.4,22
3377.5,3
3377.7,4
3377.8,8
3378.3,36
3378.7,7
3379.0,21
3379.3,9
3379.6,29
3379.8,1
3379.8,11
3380.4,26
3381.2,19
3382.2,13
3382.3,6
3383.1,31
3383.1,35
3383.5,12
3384.3,10
3384.4,16
3384.7,5
3384.9,30
3385.1,23
3388.8,8
3388.8,34
3388.9,27
3389.0,15
3389.1,37
3389.1,38
3389.2,9
3389.4,33
3390.0,39
3390.1,36
3390.8,19
3392.4,3
3392.4,12
3392.6,7
3392.8,1
3394.8,22
3395.3,11
3395.4,17
3395.6,4
3395.9,31
3396.2,13
3396.7,23
3397.3,35
3397.4,30
3397.9,24
3399.1,32
3399.5,14
3400.0,36
3400.5,26
3400.6,5
3401.0,10
3401.1,15
3401.8,27
3401.8,28
3401.9,29
3402.3,8
3402.5,17
3402.7,19
3402.9,38
3403.1,16
3403.4,9
3404.9,6
3405.9,1
3405.9,11
3406.7,3
3407.6,22
3407.7,39
3407.8,31
3407.9,12
3408.3,37
3408.7,36
3409.3,30
3410.1,19
3411.7,23
3412.0,4
3412.4,25
3413.0,6
3413.0,32
3413.3,20
3413.3,21
3413.6,7
3413.7,8
3414.3,14
3414.3,38
3415.1,9
3415.3,11
3415.7,33
3415.8,26
3415.8,35
3415.9,10
3419.7,39
3419.8,16
3420.0,2
3420.2,29
3420.5,17
3420.6,27
3420.9,3
3421.8,5
3421.8,36
3422.6,19
3422.6,22
3422.7,15
3422.8,34
3423.0,0
3423.0,31
3423.1,30
3423.2,28
3424.1,12
3424.2,1
3424.8,13
3426.4,23
3427.4,9
3428.2,8
3428.2,27
3428.2,37
3429.9,33
3430.8,35
3432.2,29
3432.4,30
3432.7,17
3434.1,11
3434.7,32
3434.9,3
3435.6,6
3435.9,10
3435.9,24
3436.0,38
3436.5,16
3436.6,1
3437.5,36
3437.7,8
3437.7,19
3437.9,31
3438.3,15
3438.7,7
3438.9,39
3439.0,26
3439.5,12
3439.7,23
3439.9,4
3440.0,35
3440.6,27
3441.7,5
3442.0,34
3442.4,13
3443.1,22
3443.6,11
3443.7,20
3445.8,37
3446.1,19
3447.1,17
3447.2,30
3447.9,15
3448.4,32
3449.6,28
3449.8,23
3450.2,8
3450.3,29
3450.4,10
3450.5,6
3450.5,39
3450.7,31
3450.9,3
3450.9,9
3450.9,36
3451.2,12
3451.4,25
3451.4,38
3451.6,14
3451.7,13
3451.9,11
3453.1,16
3453.7,1
3453.7,7
3455.1,27
3455.8,30
3456.9,4
3458.0,5
3458.7,2
3458.9,37
3459.7,35
3461.2,19
3461.9,32
3462.2,11
3462.5,23
3462.7,33
3463.1,22
3463.1,29
3463.8,12
3464.1,15
3464.1,26
3464.1,30
3464.8,36
3465.0,6
3465.1,8
3465.2,27
3465.2,39
3465.3,34
3465.4,24
3465.5,10
3465.6,17
3465.8,3
3465.9,38
3466.8,31
3467.9,13
3468.4,16
3468.7,21
3470.2,1
3472.2,9
3472.6,37
3472.9,11
3472.9,28
3473.2,5
3473.4,4
3473.9,23
3474.2,8
3474.2,25
3474.4,22
3474.5,27
3475.1,35
3475.6,12
3475.8,7
3475.8,19
3476.8,30
3476.9,31
3477.0,39
3477.1,36
3477.7,16
3479.3,10
3479.6,29
3480.1,8
3481.1,33
3481.3,6
3483.1,3
3484.3,17
3485.7,11
3486.0,22
3486.1,30
3486.2,19
3486.3,1
3486.4,36
3486.5,23
3486.5,32
3486.8,37
3486.9,0
3487.2,38
3487.5,35
3487.7,12
3487.7,13
3487.8,25
3487.8,28
3487.9,26
3487.9,31
3488.3,15
3488.4,14
3489.1,27
3489.1,39
3489.2,10
3492.0,2
3492.1,5
3492.5,3
3493.3,7
3493.3,21
3494.4,9
3494.5,8
3494.5,16
3494.6,6
3494.9,19
3495.7,34
3496.7,39
3497.1,29
3497.5,12
3498.0,30
3498.5,11
3498.6,1
3499.5,37
3499.9,35
3500.2,31
3500.4,15
3500.9,23
3500.9,27
3502.6,8
3502.7,17
3503.4,22
3505.3,36
3506.9,30
3508.0,3
3508.1,13
3508.2,33
3508.7,5
3509.0,7
3509.2,12
3509.6,38
3509.7,19
3509.8,9
3510.1,2
3510.2,10
3511.1,37
3511.6,27
3511.6,29
3511.7,32
3511.9,26
3512.2,24
3512.2,31
3513.5,1
3514.0,20
3514.2,39
3515.6,36
3515.7,25
3516.1,22
3516.2,30
3516.3,11
3516.5,8
3516.9,3
3517.7,4
3519.0,6
3519.2,14
3519.9,17
3520.9,16
3521.2,15
3521.6,23
3522.2,29
3522.8,12
3523.7,9
3523.9,19
3524.3,11
3524.6,2
3525.3,37
3525.6,39
3525.7,7
3525.8,27
3526.1,22
3526.2,33
3526.6,35
3526.8,10
3526.8,30
3527.0,1
3527.6,38
3527.8,8
3528.0,31
3530.0,28
3530.3,5
3530.7,34
3530.8,13
3531.6,32
3532.3,12
3532.5,26
3532.5,27
3533.4,29
3534.1,15
3534.1,17
3534.9,19
3537.2,8
3537.4,36
3538.0,37
3538.4,24
3538.5,23
3538.9,3
3539.1,7
3539.6,21
3539.7,30
3539.8,2
3540.0,16
3540.9,11
3541.2,9
3541.4,10
3541.4,31
3542.0,1
3544.7,14
3544.9,39
3545.3,19
3545.7,22
3546.0,4
3546.4,20
3547.3,12
3547.4,17
3547.5,15
3547.6,8
3547.7,38
3548.3,35
3548.5,3
3548.8,6
3548.8,16
3549.5,33
3550.9,29
3551.0,37
3551.2,36
3551.3,30
3551.4,27
3553.2,23
3553.3,31
3554.0,7
3554.4,11
3554.9,5
3555.2,13
3558.5,10
3558.5,39
3558.6,36
3558.7,4
3558.7,8
3558.8,6
3559.0,34
3559.1,30
3559.3,2
3559.5,15
3560.0,17
3560.1,1
3560.4,12
3560.9,0
3561.2,26
3561.6,31
3562.9,19
3563.0,32
3563.2,3
3564.7,33
3565.0,29
3565.0,37
3565.2,21
3565.2,25
3565.8,35
3565.9,9
3565.9,27
3566.2,38
3566.8,16
3567.0,6
3567.0,20
3567.1,8
3568.4,28
3568.9,30
3569.9,36
3570.7,14
3570.8,7
3571.0,1
3571.0,5
3571.2,11
3571.2,22
3571.3,23
3571.3,31
3572.1,19
3572.3,13
3572.9,39
3573.5,12
3573.5,24
3576.1,8
3576.7,15
3577.2,3
3577.2,26
3577.7,29
3579.2,34
3579.3,17
3579.3,39
3579.4,32
3580.4,9
3580.7,14
3581.3,27
3581.9,37
3582.7,30
3583.0,16
3583.1,11
3583.2,7
3583.2,31
3583.3,19
3583.3,38
3585.1,10
3585.5,2
3585.7,36
3586.4,3
3587.0,1
3587.2,23
3587.8,15
3587.8,35
3588.0,8
3588.7,33
3588.8,22
3589.1,13
3589.3,6
3589.3,17
3591.2,21
3591.2,29
3591.4,12
3591.7,27
3591.7,31
3591.9,30
3592.0,26
3592.0,28
3593.2,7
3594.0,19
3596.4,32
3596.9,17
3597.5,37
3597.5,39
3597.8,4
3598.7,23
3599.1,9
3599.2,3
3599.3,8
3599.8,35
3600.6,36
3600.7,29
3601.0,20
3601.0,30
3603.8,11
3604.0,16
3604.5,31
3604.6,1
3604.6,34
3604.7,5
3605.2,10
3605.2,14
3605.2,15
3605.5,26
3605.8,12
3606.1,21
3606.6,24
3608.2,39
3608.5,19
3608.9,25
3609.2,22
3609.7,36
3611.5,23
3611.6,8
3611.7,30
3611.8,27
3612.2,29
3612.6,2
3612.6,7
3612.9,1
3613.8,38
3614.0,28
3614.3,35
3614.4,9
3614.7,17
3614.8,31
3614.9,11
3615.3,15
3615.4,6
3615.8,37
3616.0,3
3616.0,19
3616.4,10
3616.7,13
3616.9,33
3617.9,12
3619.6,8
3619.7,23
3619.8,22
3619.8,32
3621.6,29
3622.5,16
3622.9,36
3623.5,21
3624.2,4
3624.4,0
3624.4,5
3624.4,27
3624.5,26
3625.4,12
3625.6,24
3625.8,20
3625.8,30
3626.6,11
3627.0,8
3627.9,3
3628.5,19
3628.5,33
3629.9,1
3630.0,7
3630.1,9
3631.2,31
3631.3,32
3631.6,37
3632.0,35
3632.4,15
3633.3,27
3634.9,12
3635.1,13
3635.2,23
3635.4,39
3635.8,6
3636.2,17
3636.2,30
3636.4,22
3636.4,36
3636.5,29
3638.3,8
3638.5,5
3638.9,19
3639.1,2
3640.3,10
3640.3,37
3640.4,3
3640.9,11
3641.2,28
3641.3,25
3641.5,34
3642.0,38
3642.4,0
3643.1,15
3643.7,9
3643.8,35
3644.0,16
3644.3,20
3644.3,39
3644.6,23
3644.8,31
3644.8,36
3645.0,32
3645.1,4
3645.2,7
3645.3,17
3647.4,33
3647.5,1
3647.8,30
3648.7,27
3649.2,29
3649.6,24
3650.0,8
3650.2,14
3650.2,21
3650.6,12
3650.7,6
3651.4,19
3653.4,3
3655.4,26
3656.0,11
3656.4,23
3656.4,32
3656.8,10
3657.1,22
3657.1,31
3657.5,1
3657.8,5
3657.9,36
3658.0,16
3658.4,17
3658.5,27
3658.7,4
3659.5,9
3660.0,30
3661.0,29
3661.9,35
3663.0,39
3663.2,13
3663.5,19
3663.9,12
3664.1,7
3664.6,8
3664.7,15
3665.1,37
3665.6,10
3666.0,34
3666.1,14
3667.7,3
3667.9,6
3667.9,11
3668.5,33
3668.6,36
3669.7,27
3670.6,23
3670.9,31
3671.4,19
3671.4,20
3672.5,2
3672.5,30
3672.9,1
3673.5,32
3675.3,16
3675.8,17
3676.1,28
3676.2,21
3678.5,8
3678.9,35
3679.3,5
3679.4,12
3679.6,24
3680.6,3
3680.6,29
3680.8,38
3680.9,37
3681.0,39
3681.4,11
3682.1,26
3682.8,23
3682.9,10
3683.1,4
3683.5,25
3684.0,36
3684.1,27
3684.3,33
3684.5,13
3684.6,30
3685.0,31
3685.4,15
3686.2,22
3686.8,9
3687.3,7
3687.9,19
3688.1,8
3688.7,32
3689.5,14
3689.9,16
3690.0,17
3690.3,1
3690.7,6
3691.0,37
3691.1,30
3691.4,23
3691.4,28
3692.1,12
3692.8,35
3694.3,3
3695.2,36
3696.0,11
3696.1,27
3696.3,13
3696.6,31
3696.7,29
3697.1,39
3697.3,4
3697.3,15
3698.8,2
3698.9,19
3699.2,10
3699.4,7
3699.4,24
3699.5,26
3699.6,12
3700.3,33
3701.4,22
3702.6,9
3702.9,30
3704.2,5
3704.5,8
3704.7,32
3704.8,17
3705.0,36
3705.2,1
3705.7,34
3705.9,23
3706.1,16
3707.0,28
3707.1,39
3707.2,6
3707.7,37
3707.8,35
3708.0,27
3708.9,19
3711.0,38
3711.1,31
3711.3,0
3711.3,11
3712.7,3
3712.9,12
3714.6,22
3715.0,15
3715.4,8
3715.5,30
3715.6,17
3716.1,10
3716.5,29
3716.7,34
3717.3,4
3717.4,7
3717.6,27
3717.9,37
3718.1,9
3718.6,36
3719.4,21
3719.6,1
3719.7,13
3720.5,23
3720.7,19
3721.8,15
3721.8,39
3722.3,31
3724.2,3
3724.2,35
3725.2,5
3725.8,11
3726.0,12
3726.1,32
3726.8,27
3726.9,22
3727.0,16
3727.6,30
3728.2,33
3728.7,6
3729.0,8
3730.3,10
3731.4,17
3731.5,28
3731.8,36
3731.9,19
3732.4,39
3732.9,23
3733.1,15
3733.3,1
3733.3,2
3733.3,24
3733.3,38
3733.4,9
3734.2,4
3734.2,29
3734.3,25
3735.2,30
3735.2,35
3735.6,31
3736.8,14
3737.5,37
3737.9,32
3738.4,20
3739.0,11
3739.1,8
3739.1,13
3739.6,7
3741.2,19
3741.2,26
3741.4,27
3742.8,33
3744.1,3
3744.5,12
3745.5,21
3745.8,5
3745.9,1
3746.0,22
3746.2,30
3746.7,36
3746.9,39
3747.1,23
3747.5,6
3747.7,25
3748.2,11
3748.4,32
3749.6,31
3749.7,8
3750.0,16
3750.6,17
3751.5,29
3751.5,37
3752.5,7
3753.7,15
3754.1,9
3754.5,30
3754.6,1
3754.6,27
3754.8,13
3754.9,28
3755.0,2
3755.3,19
3755.4,3
3758.4,11
3758.8,5
3759.4,36
3759.6,12
3760.0,24
3760.3,31
3760.4,38
3763.7,10
3763.8,8
3763.8,30
3764.1,26
3764.4,6
3764.5,4
3764.6,35
3764.7,22
3764.7,33
3764.9,15
3764.9,39
3765.0,34
3765.2,14
3765.3,23
3765.4,32
3765.7,7
3765.7,9
3765.7,17
3766.1,16
3767.3,3
3767.6,27
3768.3,11
3769.8,19
3770.2,37
3770.9,1
3771.1,29
3771.5,8
3773.1,30
3773.3,25
3774.3,36
3775.0,20
3775.4,23
3775.8,12
3776.0,28
3776.2,31
3776.5,11
3776.9,10
3777.4,15
3778.1,33
3778.3,5
3778.7,39
3779.5,9
3779.5,19
3780.2,3
3780.3,17
3781.3,8
3781.3,13
3781.5,27
3781.5,38
3781.7,32
3782.3,22
3783.1,30
3783.2,16
3783.5,35
3784.3,29
3784.4,6
3784.7,37
3788.2,11
3788.8,36
3788.9,15
3789.3,8
3789.4,1
3789.5,12
3789.6,31
3790.2,7
3790.8,30
3791.1,4
3791.8,23
3792.0,26
3792.2,19
3792.2,33
3792.4,3
3794.4,2
3794.9,24
3795.1,14
3795.2,27
3796.0,25
3796.1,39
3796.5,16
3796.5,38
3796.9,5
3796.9,10
3797.0,17
3797.2,34
3797.2,35
3798.5,8
3799.0,19
3799.5,32
3799.6,9
3799.8,29
3800.5,6
3800.5,15
3800.9,13
3801.8,31
3802.4,23
3802.8,36
3803.2,3
3803.3,16
3803.4,37
3803.5,28
3803.8,30
3805.6,11
3806.0,27
3806.7,8
3806.8,39
3808.0,26
3808.2,1
3808.3,38
3808.5,12
3809.6,17
3809.8,4
3810.6,7
3811.1,22
3811.1,35
3812.1,19
3812.5,30
3812.8,10
3813.3,32
3813.7,15
3813.7,33
3814.1,6
3815.0,5
3815.3,23
3815.7,14
3815.8,36
3817.2,3
3817.5,29
3818.9,37
3819.3,31
3819.4,34
3819.5,21
3819.9,39
3820.0,19
3820.3,8
3821.3,12
3822.4,22
3823.3,9
3823.4,11
3823.5,27
3823.8,0
3824.7,30
3825.6,7
3825.7,35
3826.3,23
3826.5,1
3826.6,36
3826.7,15
3826.7,19
3826.9,13
3827.5,20
3827.6,26
3827.8,31
3828.1,17
3829.9,3
3830.1,29
3831.0,16
3831.3,8
3832.1,4
3832.1,37
3832.3,2
3832.5,39
3832.8,30
3833.0,32
3833.2,33
3833.5,25
3834.0,12
3834.1,38
3834.2,6
3834.6,28
3836.4,31
3837.7,5
3837.8,36
3838.7,19
3839.0,11
3839.5,10
3839.5,17
3839.6,15
3840.1,35
3840.2,27
3840.3,8
3840.6,32
3842.3,24
3842.5,34
3842.6,13
3842.9,1
3843.2,23
3843.7,30
3844.1,3
3844.8,9
3844.8,22
3845.7,29
3846.2,31
3846.6,39
3846.7,37
3847.6,26
3847.7,19
3848.5,33
3849.8,21
3849.9,8
3850.5,11
3850.8,6
3851.2,4
3851.4,12
3851.5,7
3851.5,16
3852.4,27
3852.5,5
3852.7,36
3852.8,20
3855.3,28
3855.5,17
3855.7,14
3857.4,9
3857.8,25
3857.8,32
3858.0,11
3858.1,23
3858.2,30
3858.3,15
3858.4,3
3859.1,1
3859.3,39
3859.6,8
3859.6,19
3859.9,35
3860.1,10
3860.2,33
3860.4,2
3861.4,27
3862.0,31
3862.6,6
3863.1,17
3863.6,16
3863.7,13
3864.4,29
3864.7,12
3865.0,36
3865.3,24
3865.4,22
3866.2,38
3866.4,7
3866.9,4
3867.7,1
3868.1,30
3868.9,11
3869.5,5
3870.3,19
3870.5,34
3870.8,26
3871.1,39
3871.4,8
3871.6,31
3872.0,37
3872.2,15
3874.7,27
3875.7,10
3875.7,36
3876.6,30
3877.6,23
3877.7,20
3878.0,11
3878.2,17
3878.5,3
3879.2,7
3879.7,33
3879.8,29
3880.1,12
3881.7,16
3883.0,24
3883.2,9
3883.5,37
3883.8,1
3883.8,13
3883.8,15
3883.8,19
3883.8,21
3883.9,31
3884.0,22
3884.0,32
3884.1,2
3884.3,35
3884.4,5
3884.5,8
3884.6,14
3885.3,38
3886.5,3
3887.4,39
3887.9,4
3888.4,12
3888.9,36
3890.0,27
3890.2,33
3890.4,6
3890.4,26
3890.7,30
3890.9,19
3890.9,23
3891.4,17
3891.8,11
3891.8,29
3891.9,25
3892.4,31
3893.7,28
3894.2,32
3894.6,7
3895.7,8
3895.9,10
3896.1,1
3896.1,15
3898.6,37
3898.7,0
3901.2,23
3901.6,35
3902.1,16
3902.8,30
3903.6,27
3903.9,8
3903.9,9
3904.0,12
3904.1,36
3904.2,2
3904.8,7
3904.9,6
3905.4,1
3905.7,19
3906.7,39
3906.9,3
3906.9,31
3907.4,4
3907.8,37
3908.0,17
3908.1,14
3908.5,26
3908.9,5
3908.9,22
3909.1,29
3909.2,11
3909.4,15
3909.5,32
3909.8,38
3910.3,20
3910.4,30
3910.7,23
3911.1,33
3912.1,13
3913.7,1
3914.6,12
3915.7,8
3915.7,36
3916.8,6
3917.2,19
3918.2,34
3918.3,9
3918.4,27
3918.7,39
3919.6,21
3919.7,28
3920.0,11
3921.3,13
3921.4,16
3921.4,35
3921.8,17
3922.0,31
3923.5,30
3924.4,37
3924.5,0
3924.5,3
3926.4,22
3926.6,19
3926.8,32
3926.9,8
3926.9,33
3927.4,38
3927.5,12
3927.7,9
3928.3,14
3928.8,11
3928.9,15
3929.0,36
3929.2,27
3929.6,4
3930.2,2
3930.2,17
3930.3,30
3930.8,29
3931.0,5
3931.3,6
3931.3,21
3932.7,31
3932.9,7
3933.2,23
3933.4,24
3933.9,26
3934.0,39
3934.9,10
3936.0,1
3936.1,20
3936.6,3
3936.8,16
3936.8,32
3936.8,37
3937.0,8
3938.4,25
3938.5,12
3938.5,36
3938.8,15
3939.9,19
3940.2,27
3940.9,11
3942.1,13
3942.7,29
3942.9,22
3943.5,30
3944.5,21
3945.0,9
3945.0,35
3945.0,38
3945.8,17
3946.2,5
3946.4,31
3947.0,19
3947.3,8
3947.5,23
3947.6,4
3947.6,33
3948.2,6
3948.3,24
3948.8,7
3949.1,16
3949.2,14
3949.3,36
3950.0,30
3950.1,34
3950.4,28
3950.4,37
3952.7,3
3952.9,11
3953.6,1
3953.9,10
3954.9,2
3956.1,8
3956.6,27
3957.6,31
3958.2,12
3958.4,15
3958.7,37
3959.2,32
3959.3,19
3959.6,36
3960.0,35
3960.2,23
3960.3,26
3961.6,5
3962.1,9
3962.3,30
3963.1,6
3964.1,16
3964.2,17
3965.0,7
3965.0,29
3965.1,22
3965.2,13
3965.8,0
3966.0,10
3966.0,27
3966.3,19
3967.1,38
3967.3,1
3967.3,11
3967.4,39
3968.6,8
3971.1,31
3972.3,4
3973.1,33
3973.5,12
3973.5,35
3973.8,15
3974.1,9
3974.6,26
3974.8,30
3975.1,3
3976.2,32
3978.1,16
3978.1,19
3978.2,37
3978.5,38
3978.7,27
3978.8,8
3979.0,21
3979.2,29
3979.9,17
3979.9,6
3980.3,1
3980.4,11
3981.0,23
3981.2,36
3982.5,31
3983.3,13
3983.9,5
3984.2,39
3984.6,28
3984.9,12
3985.5,14
3985.5,30
3986.0,22
3987.3,20
3987.7,9
3988.0,37
3988.1,10
3988.1,27
3988.6,24
3988.7,34
3988.8,3
3988.9,15
3988.9,32
3989.2,31
3989.6,36
3989.7,8
3990.4,38
3991.3,5
3992.5,30
3992.7,19
3993.1,35
3993.3,23
3993.6,25
3993.9,7
3994.0,12
3996.0,17
3996.8,33
3996.9,11
3997.4,1
3999.1,9
3999.3,29
3999.5,4
3999.6,2
4000.6,27
4000.9,37
4001.6,36
4002.1,16
4003.1,22
4003.1,32
4003.2,10
4003.2,39
4003.3,13
4004.2,26
4004.3,19
4004.9,8
4004.9,12
4005.2,3
4005.2,6
4005.2,30
4005.6,23
4005.8,31
4005.8,35
4010.4,11
4012.1,27
4012.4,14
4012.6,17
4012.6,24
4012.7,7
4013.4,19
4013.5,1
4013.8,15
4014.1,29
4014.4,33
4014.6,13
4015.2,22
4015.3,3
4015.5,36
4015.6,8
4015.8,34
4016.6,23
4017.1,12
4017.4,39
4017.6,5
4017.7,31
4017.9,0
4018.3,9
4018.4,32
4018.7,26
4019.8,37
4020.1,30
4020.7,35
4021.0,38
4022.4,11
4022.6,4
4023.2,19
4023.5,21
4023.6,16
4025.0,27
4025.1,17
4025.6,3
4025.9,8
4027.5,6
4027.8,30
4027.8,39
4028.0,25
4028.3,1
4028.3,28
4028.4,12
4028.4,20
4028.5,32
4028.9,7
4029.5,15
4029.5,37
4029.8,10
4030.0,23
4030.2,2
4032.7,11
4033.0,29
4033.2,13
4033.4,22
4033.9,3
4035.8,8
4036.0,19
4036.0,24
4036.0,34
4036.1,31
4036.2,35
4037.1,5
4037.3,36
4038.5,14
4038.5,33
4039.4,9
4040.3,16
4040.3,27
4040.5,1
4040.9,12
4041.5,22
4043.4,17
4043.5,30
4043.9,39
4044.9,3
4045.0,32
4045.4,7
4045.4,29
4045.6,4
4045.6,15
4045.7,37
4047.2,23
4047.8,19
4048.2,11
4050.0,13
4050.1,9
4050.1,27
4050.2,8
4051.9,33
4052.2,2
4052.2,31
4053.3,3
4053.3,28
4053.4,21
4053.4,36
4053.7,10
4055.0,6
4055.1,5
4055.2,25
4056.3,35
4056.5,12
4056.6,1
4057.0,26
4057.5,24
4057.9,16
4057.9,17
4058.3,30
4059.4,39
4059.6,22
4059.8,19
4060.0,23
4060.0,32
4060.6,15
4060.7,7
4060.7,11
4060.9,8
4061.1,37
4061.5,27
4063.1,13
4065.8,29
4065.9,10
4065.9,12
4065.9,31
4065.9,38
4068.4,36
4068.6,30
4068.8,3
4069.1,17
4069.2,9
4069.6,33
4070.3,20
4070.4,19
4071.3,1
4071.3,23
4072.7,35
4073.0,5
4073.0,22
4073.3,8
4073.8,27
4073.9,14
4073.9,21
4074.1,4
4074.1,39
4074.6,7
4074.7,0
4075.0,11
4075.1,29
4075.2,32
4075.8,26
4076.0,16
4076.6,15
4078.4,13
4078.7,9
4079.2,3
4079.6,30
4079.8,2
4079.8,17
4080.1,6
4080.3,36
4081.3,31
4081.5,14
4083.4,12
4083.6,1
4083.8,37
4084.0,24
4084.4,19
4085.6,4
4086.7,39
4087.0,29
4087.3,27
4087.3,28
4088.0,25
4088.1,35
4088.2,11
4089.3,8
4089.3,9
4090.3,22
4090.5,34
4091.6,30
4092.0,10
4092.1,23
4092.3,38
4092.4,17
4093.3,3
4093.3,7
4093.3,31
4093.3,32
4094.7,16
4094.8,13
4095.0,35
4095.6,5
4095.8,36
4097.4,12
4097.9,15
4098.1,19
4098.1,27
4098.5,2
4098.6,29
4099.0,8
4099.2,17
4099.2,21
4099.5,33
4101.0,1
4101.1,11
4102.1,37
4103.2,9
4104.7,39
4105.2,3
4105.2,26
4105.3,30
4106.3,20
4106.5,6
4106.9,31
4106.9,32
4107.4,19
4107.8,12
4109.2,7
4109.3,23
4109.7,24
4109.8,25
4110.8,29
4110.9,8
4111.3,22
4112.3,0
4112.6,16
4112.6,27
4113.2,36
4113.3,35
4114.1,17
4114.9,31
4115.0,2
4115.0,10
4115.4,4
4115.4,38
4116.2,28
4116.5,33
4117.0,30
4117.0,39
4117.1,13
4117.3,11
4118.4,8
4119.3,19
4120.8,3
4121.8,1
4122.1,36
4122.3,15
4122.5,23
4123.0,32
4123.1,14
4123.3,7
4123.6,9
4123.6,21
4123.6,37
4123.8,12
4124.0,5
4124.2,31
4124.8,33
4125.6,26
4125.7,27
4126.0,6
4126.5,8
4127.2,11
4129.3,30
4130.5,22
4130.7,17
4131.0,4
4131.1,35
4131.6,29
4132.4,19
4133.0,10
4133.0,38
4133.8,8
4134.9,16
4135.7,9
4135.7,15
4136.4,23
4136.8,12
4136.8,37
4136.9,39
4137.0,26
4137.1,27
4137.7,5
4137.8,34
4137.8,36
4137.9,1
4138.3,33
4138.4,3
4138.4,24
4138.7,13
4139.4,31
4142.0,8
4142.3,25
4142.4,21
4142.9,28
4143.9,11
4144.9,39
4145.5,19
4145.6,30
4145.8,6
4146.3,36
4146.4,17
4147.1,29
4148.2,3
4148.2,32
4148.5,35
4148.6,38
4149.3,7
4149.6,12
4149.7,37
4150.1,13
4150.6,31
4150.7,27
4151.6,5
4151.8,23
4153.0,15
4153.0,33
4153.1,11
4153.1,8
4153.8,19
4154.5,9
4154.6,22
4156.8,30
4157.0,14
4157.9,1
4158.0,34
4158.1,10
4158.1,26
4158.3,29
4158.7,16
4158.9,17
4159.3,32
4161.6,4
4161.9,28
4162.0,6
4162.0,39
4162.3,2
4162.3,8
4162.8,12
4163.0,35
4163.2,18
4163.2,21
4163.2,36
4163.4,24
4163.5,20
4163.6,19
4163.8,23
4163.8,27
4164.2,11
4164.3,9
4164.4,1
4164.6,31
4164.8,30
4165.6,15
4165.8,13
4165.9,7
4170.6,33
4171.9,10
4172.3,5
4172.6,37
4172.6,38
4173.0,16
4173.3,17
4173.3,22
4173.4,23
4173.4,25
4173.5,29
4173.6,19
4174.2,3
4174.5,32
4175.0,8
4175.6,11
4176.7,30
4177.2,7
4177.2,15
4177.7,12
4178.4,26
4178.7,1
4179.8,31
4180.9,35
4181.0,6
4181.5,21
4181.7,27
4182.6,39
4183.3,34
4183.5,8
4184.0,36
4184.4,19
4184.8,37
4185.2,9
4185.4,11
4185.8,29
4186.7,12
4187.3,13
4188.6,17
4189.3,16
4189.3,30
4189.6,3
4189.7,1
4190.2,22
4190.6,23
4190.9,14
4191.5,19
4191.5,24
4191.8,31
4192.0,8
4192.1,25
4192.1,28
4192.4,5
4192.6,33
4193.0,2
4193.1,4
4193.3,15
4193.7,39
4194.1,11
4194.3,27
4195.0,37
4197.0,9
4197.4,35
4198.0,12
4198.1,36
4198.3,10
4198.5,30
4198.8,38
4199.8,20
4200.2,3
4200.2,7
4200.4,8
4201.5,31
4201.5,32
4201.9,19
4201.9,23
4201.9,13
4201.9,29
4202.6,17
4203.9,33
4206.7,22
4206.7,27
4208.1,1
4208.1,26
4208.2,36
4210.9,6
4211.1,30
4211.3,10
4211.4,3
4211.4,39
4211.5,4
4211.7,31
4211.9,11
4212.0,19
4212.0,35
4212.2,8
4212.4,28
4212.5,32
4212.5,37
4212.8,38
4213.3,17
4213.4,12
4214.1,9
4217.6,15
4217.9,7
4218.1,26
4218.2,14
4219.6,16
4219.6,25
4219.8,5
4219.9,30
4220.3,1
4220.7,36
4221.1,37
4222.0,11
4222.2,23
4222.2,27
4222.7,19
4222.8,24
4222.9,35
4224.5,29
4224.7,6
4224.8,21
4225.0,31
4225.1,17
4225.4,22
4226.0,3
4226.5,39
4226.6,8
4226.8,12
4227.2,13
4227.3,2
4229.5,33
4230.4,20
4230.4,30
4231.0,1
4231.1,7
4231.2,15
4231.2,32
4231.4,34
4232.3,37
4233.0,9
4233.3,3
4233.4,11
4233.4,19
4234.0,16
4234.4,23
4234.6,38
4235.5,36
4235.8,8
4236.6,29
4237.3,26
4238.8,4
4239.1,12
4239.2,10
4239.3,27
4240.0,33
4241.5,1
4242.5,5
4243.2,11
4243.4,22
4243.4,31
4243.6,17
4243.8,3
4243.8,30
4244.0,39
4244.2,24
4244.8,19
4244.8,21
4245.2,35
4245.8,15
4245.8,36
4246.5,8
4247.0,16
4248.5,23
4248.8,9
4249.2,37
4249.4,32
4249.8,38
4250.0,6
4250.2,12
4250.7,11
4250.7,17
4251.0,25
4251.6,13
4251.9,26
4252.2,2
4252.2,7
4252.9,30
4253.0,27
4254.1,5
4254.3,29
4254.7,19
4254.8,34
4254.9,1
4255.1,14
4256.0,28
4256.0,33
4257.3,39
4258.6,36
4259.4,8
4259.9,31
4259.9,10
4260.1,3
4260.5,22
4262.9,15
4263.4,23
4264.1,17
4264.3,11
4264.4,9
4264.4,16
4264.8,35
4264.9,37
4265.0,27
4265.1,12
4265.5,4
4265.8,30
4266.5,19
4269.0,32
4269.6,3
4270.1,29
4270.2,8
4270.4,36
4270.5,1
4271.0,5
4271.2,13
4271.6,31
4272.0,7
4272.5,33
4272.6,6
4273.9,26
4274.0,15
4275.7,20
4276.4,25
4276.8,17
4277.1,23
4277.7,36
4278.1,11
4278.1,22
4278.6,30
4278.6,39
4278.8,10
4279.2,3
4279.3,19
4279.5,12
4280.4,8
4281.8,9
4281.9,38
4282.0,35
4282.6,1
4282.6,27
4283.2,31
4283.5,34
4283.9,0
4283.9,15
4283.9,37
4284.5,5
4285.2,22
4285.4,4
4285.7,21
4285.8,16
4286.8,32
4286.9,19
4287.8,11
4288.1,29
4289.2,28
4289.6,30
4289.8,12
4290.2,24
4290.7,3
4291.0,31
4292.0,17
4292.2,8
4294.4,6
4294.5,36
4294.9,1
4295.0,13
4295.4,10
4295.5,23
4295.8,11
4295.8,14
4295.9,33
4296.5,27
4297.2,39
4297.3,7
4297.3,9
4297.3,16
4298.4,30
4298.4,37
4298.9,2
4300.3,32
4300.6,3
4301.2,35
4302.4,19
4302.8,12
4303.7,4
4304.0,17
4305.3,29
4305.7,22
4305.7,36
4305.8,26
4306.0,23
4306.0,27
4306.0,31
4306.1,8
4306.2,5
4306.7,15
4306.7,38
4307.4,30
4308.3,11
4308.6,39
4309.2,1
4309.6,20
4311.2,12
4311.7,13
4312.1,3
4312.1,37
4312.3,19
4312.5,21
4312.8,14
4312.9,33
4313.1,10
4313.2,6
4313.2,9
4314.0,29
4314.9,28
4315.2,27
4315.4,8
4315.7,31
4317.9,7
4318.2,35
4318.4,32
4318.8,15
4318.8,25
4319.3,1
4319.3,23
4319.9,30
4320.7,4
4320.7,17
4321.2,16
4321.5,11
4322.3,34
4322.4,26
4322.4,38
4322.7,3
4323.2,36
4323.4,19
4324.4,22
4324.9,6
4324.9,39
4325.7,31
4325.9,37
4327.2,29
4327.5,27
4329.0,15
4329.1,24
4329.2,12
4329.6,5
4330.2,8
4330.5,13
4331.7,23
4332.2,19
4332.4,9
4333.0,33
4333.1,28
4333.6,3
4334.1,30
4334.4,17
4334.5,2
4335.2,36
4336.0,11
4337.0,10
4339.4,1
4340.0,38
4340.5,8
4340.5,39
4340.6,7
4340.6,15
4340.6,31
4341.2,5
4341.3,6
4341.5,27
4342.1,29
4342.1,32
4342.4,16
4342.8,4
4343.0,30
4343.5,35
4343.6,19
4343.8,22
4343.9,14
4344.2,25
4344.3,17
4346.3,20
4346.4,9
4347.1,23
4348.1,11
4348.3,26
4348.5,12
4349.1,34
4349.7,13
4349.8,36
4349.8,37
4350.1,3
4351.5,27
4352.4,29
4352.5,8
4352.7,0
4352.7,28
4352.8,15
4353.0,2
4353.0,31
4353.1,19
4353.3,33
4353.7,22
4353.8,1
4354.2,5
4354.7,39
4355.1,32
4355.5,16
4357.1,30
4358.9,17
4359.5,9
4359.9,3
4359.9,12
4360.1,37
4360.5,35
4361.1,10
4361.2,7
4361.9,1
4362.4,11
4362.6,38
4362.9,4
4363.5,19
4364.0,6
4364.3,23
4364.6,24
4366.0,36
4366.5,14
4366.7,30
4367.0,27
4367.4,33
4367.8,26
4367.9,34
4368.0,29
4368.5,13
4368.5,39
4368.8,8
4369.0,31
4369.7,15
4370.1,12
4370.2,21
4370.3,9
4372.1,37
4373.1,16
4373.5,22
4373.5,35
4374.1,5
4375.3,19
4375.5,8
4376.7,7
4377.2,32
4377.4,11
4378.2,3
4378.4,29
4378.7,17
4379.0,30
4379.0,36
4379.2,27
4379.3,6
4379.6,12
4379.7,38
4379.9,23
4380.2,1
4380.5,15
4382.5,31
4383.5,10
4384.0,25
4385.3,9
4386.2,5
4386.4,0
4386.4,19
4387.9,4
4387.9,24
4388.1,39
4388.3,20
4388.5,16
4388.6,37
4388.8,35
4388.9,13
4389.0,26
4389.3,34
4389.7,8
4389.7,27
4390.6,7
4390.8,17
4391.3,11
4391.4,12
4393.0,22
4393.9,29
4394.4,3
4394.5,30
4395.4,31
4395.7,36
4395.8,32
4396.5,6
4396.6,8
4397.7,5
4397.8,38
4398.5,35
4398.6,10
4398.6,23
4398.8,1
4398.9,19
4399.1,33
4399.3,27
4400.1,15
4400.6,24
4401.5,9
4401.6,14
4402.1,16
4402.8,36
4403.0,28
4403.9,17
4404.6,39
4404.9,2
4405.9,29
4406.7,37
4406.9,11
4407.0,30
4407.1,7
4407.3,8
4409.3,3
4409.3,27
4409.8,31
4410.4,19
4411.8,1
4411.8,12
4412.3,21
4412.6,33
4412.8,4
4413.0,36
4413.1,22
4413.7,34
4414.1,29
4414.2,13
4414.6,26
4415.3,23
4415.3,25
4415.6,27
4416.1,6
4418.0,32
4419.0,37
4419.3,38
4419.5,39
4419.8,8
4419.9,10
4420.3,9
4420.4,12
4421.0,5
4421.1,19
4421.3,15
4421.3,30
4421.5,16
4421.5,17
4421.9,35
4422.4,11
4422.9,31
4424.3,3
4424.4,36
4425.5,13
4425.7,1
4425.7,28
4425.8,7
4427.5,30
4428.7,8
4430.2,14
4430.2,24
4431.6,27
4432.0,29
4432.5,20
4432.6,22
4432.7,23
4433.1,37
4433.7,4
4433.8,11
4434.1,26
4434.2,15
4434.5,12
4434.5,16
4434.8,19
4435.2,3
4435.5,38
4436.1,13
4436.3,1
4436.7,35
4437.6,31
4437.7,21
4437.8,33
4437.9,39
4438.7,32
4438.8,28
4439.0,36
4440.1,9
4440.3,2
4440.6,30
4440.7,8
4440.9,10
4441.5,6
4441.7,17
4442.7,34
4444.2,27
4444.5,1
4444.5,11
4444.6,16
4444.7,7
4445.2,29
4445.7,15
4446.4,26
4446.6,37
4447.0,19
4448.4,3
4448.4,30
4448.5,4
4448.7,24
4448.9,39
4449.3,5
4450.2,22
4450.2,31
4452.1,23
4452.3,36
4452.7,8
4452.8,9
4453.4,13
4453.4,14
4453.7,12
4453.8,35
4453.9,10
4453.9,17
4456.8,6
4457.4,15
4458.0,7
4458.0,27
4458.0,33
4458.1,31
4458.1,32
4458.5,3
4459.0,38
4459.1,1
4459.2,19
4459.4,16
4459.4,30
4459.5,11
4460.0,29
4460.7,26
4462.3,21
4462.6,37
4463.8,36
4464.1,39
4464.4,22
4464.4,23
4464.9,8
4465.8,5
4465.9,30
4467.1,2
4467.4,10
4467.6,12
4469.8,4
4470.1,19
4470.9,25
4471.1,15
4471.1,34
4471.3,0
4471.7,9
4471.8,11
4472.7,28
4472.8,14
4473.1,39
4473.2,35
4473.3,8
4473.3,24
4473.3,31
4473.5,36
4473.6,17
4474.0,29
4474.4,1
4475.3,7
4475.8,3
4476.0,22
4476.3,6
4477.1,10
4477.2,23
4477.2,38
4477.3,19
4477.7,16
4478.1,13
4478.7,37
4479.0,30
4479.9,27
4480.5,4
4480.5,8
4480.8,32
4481.5,11
4481.5,20
4481.9,12
4484.2,2
4485.1,15
4486.1,33
4486.3,31
4486.9,36
4487.2,39
4487.4,19
4488.3,1
4489.4,21
4489.6,5
4490.3,16
4491.8,12
4491.9,28
4492.0,23
4493.0,3
4493.1,37
4493.4,7
4493.8,17
4493.9,8
4494.0,29
4494.1,10
4494.2,27
4494.8,34
4495.8,30
4496.2,11
4496.2,22
4496.3,9
4496.3,19
4496.3,35
4496.6,36
4497.6,31
4498.3,13
4499.6,6
4501.3,1
4501.6,15
4502.2,39
4502.2,26
4502.7,33
4502.8,32
4502.9,14
4503.7,36
4504.8,30
4505.4,23
4505.8,16
4505.9,38
4506.1,4
4506.1,8
4506.3,10
4507.6,3
4508.3,28
4508.6,11
4508.7,27
4509.2,12
4509.5,5
4509.5,29
4510.7,19
4511.4,37
4513.2,21
4513.6,31
4514.4,17
4514.4,30
4515.2,1
4515.2,36
4515.2,39
4515.6,9
4515.9,15
4516.4,24
4516.6,16
4516.7,7
4517.0,35
4517.8,8
4518.2,23
4520.1,11
4520.3,19
4520.4,22
4521.5,14
4521.6,6
4521.6,13
4522.1,12
4522.8,27
4522.8,32
4523.2,29
4523.6,26
4523.6,33
4524.1,25
4526.9,15
4526.9,34
4526.9,38
4527.0,1
4527.1,37
4527.8,4
4528.1,2
4528.1,10
4528.1,20
4528.6,30
4528.7,7
4528.7,9
4528.9,17
4529.0,23
4529.2,3
4529.3,36
4529.6,8
4531.6,19
4534.3,31
4534.4,39
4535.4,16
4535.4,35
4535.7,5
4535.8,11
4535.8,22
4536.5,27
4536.6,29
4538.4,12
4539.9,26
4540.2,17
4540.2,32
4540.3,24
4540.5,13
4540.7,8
4541.2,15
4541.3,10
4541.3,30
4541.5,4
4541.8,19
4541.8,38
4542.6,37
4543.7,33
4543.8,34
4543.9,6
4544.4,36
4544.6,14
4544.7,3
4546.8,23
4547.0,31
4547.2,16
4547.5,39
4547.9,27
4548.9,1
4549.5,12
4550.2,29
4550.4,8
4550.7,9
4550.7,21
4550.8,30
4551.0,25
4551.4,11
4552.1,10
4552.8,5
4553.9,3
4555.6,17
4555.7,22
4556.1,37
4556.4,19
4556.5,36
4556.8,35
4557.5,6
4557.5,13
4557.8,23
4558.1,15
4560.7,27
4560.9,4
4562.0,24
4562.5,8
4562.6,32
4562.9,26
4563.0,31
4563.4,12
4563.8,39
4563.9,30
4564.1,29
4564.3,9
4564.3,16
4564.4,28
4564.4,38
4564.6,34
4564.7,11
4564.7,1
4564.9,17
4565.1,36
4565.2,33
4565.4,7
4566.8,10
4569.8,37
4569.9,19
4571.4,25
4571.7,15
4572.7,3
4574.5,21
4574.9,39
4575.0,2
4575.3,23
4576.0,12
4576.5,35
4576.6,8
4576.6,22
4576.6,32
4576.8,27
4576.9,26
4577.4,31
4577.7,30
4577.8,11
4578.0,20
4578.4,13
4578.8,29
4579.6,36
4580.7,7
4580.8,1
4582.2,16
4583.8,4
4583.8,17
4584.4,19
4584.6,9
4585.2,3
4585.2,12
4585.2,15
4585.2,33
4587.8,30
4588.3,39
4588.8,24
4589.1,36
4589.1,31
4589.6,38
4589.7,23
4590.5,6
4590.5,14
4590.6,8
4590.6,29
4590.8,27
4591.0,10
4591.3,34
4591.4,32
4591.5,37
4591.7,5
4591.7,26
4591.8,11
4596.7,12
4597.0,15
4597.5,35
4597.7,30
4597.8,16
4597.8,22
4597.8,28
4599.1,39
4599.2,13
4599.3,0
4599.4,8
4599.5,7
4599.6,11
4599.7,19
4600.5,31
4602.2,17
4602.4,27
4603.5,36
4603.9,1
4604.0,37
4604.3,23
4604.5,9
4605.2,12
4605.9,3
4606.5,30
4608.9,33
4610.1,19
4610.1,6
4610.5,32
4610.5,5
4610.7,29
4611.2,15
4611.7,4
4611.7,17
4611.8,1
4614.4,8
4614.5,21
4614.7,11
4614.7,2
4614.7,3
4614.7,26
4614.9,38
4615.2,22
4615.2,23
4615.5,25
4616.2,37
4616.4,10
4616.4,16
4616.5,27
4616.5,36
4616.5,35
4616.9,19
4617.2,31
4617.6,12
4617.6,30
4617.7,7
4618.3,34
4618.9,29
4620.1,20
4620.6,33
4621.6,39
4622.7,9
4624.1,28
4624.9,15
4625.9,32
4626.8,3
4628.4,10
4628.6,1
4628.7,8
4628.7,35
4629.1,36
4629.2,11
4629.4,6
4629.9,24
4630.2,5
4630.5,19
4630.7,23
4630.9,25
4631.0,14
4631.1,27
4631.3,12
4631.4,17
4632.1,29
4632.3,22
4632.5,4
4633.4,30
4633.8,16
4634.4,37
4634.9,26
4635.4,31
4636.7,7
4636.9,38
4637.4,8
4638.7,20
4638.8,39
4639.3,9
4639.7,15
4640.2,35
4640.6,36
4641.5,11
4642.4,30
4644.2,17
4644.3,13
4644.4,3
4645.3,19
4645.7,1
4646.0,23
4646.0,27
4646.2,12
4646.4,29
4647.0,10
4647.2,32
4647.6,8
4647.9,37
4648.8,33
4649.2,31
4650.5,24
4650.7,6
4651.5,36
4651.8,16
4651.8,22
4652.0,26
4652.8,30
4653.0,5
4653.0,19
4653.3,1
4653.9,28
4654.2,9
4654.3,11
4654.3,27
4655.0,15
4655.4,38
4655.7,39
4655.8,12
4656.5,17
4657.1,7
4658.8,3
4658.9,23
4658.9,29
4659.3,4
4659.9,30
4660.0,13
4660.1,36
4660.8,8
4661.8,31
4662.2,2
4663.2,1
4663.4,34
4663.6,14
4664.2,35
4664.4,25
4664.6,21
4665.3,39
4665.8,32
4666.1,10
4666.5,27
4666.8,33
4666.8,19
4667.3,23
4667.6,3
4669.4,9
4669.4,16
4669.4,17
4669.4,22
4669.7,37
4669.9,5
4670.5,11
4671.0,8
4671.5,12
4672.5,30
4672.6,13
4673.4,0
4673.4,26
4673.9,15
4674.0,29
4674.3,31
4674.5,36
4674.5,6
4675.1,3
4676.5,7
4677.1,19
4679.0,39
4679.5,1
4679.6,17
4679.6,37
4679.9,38
4680.7,8
4681.0,31
4681.3,23
4681.3,27
4682.0,4
4682.5,11
4682.6,12
4683.5,9
4683.7,3
4683.7,30
4683.8,24
4684.0,35
4684.2,10
4685.6,19
4685.9,26
4686.5,36
4686.7,32
4688.0,16
4689.1,20
4690.9,28
4691.1,22
4691.2,29
4691.2,39
4691.6,25
4691.9,34
4692.2,13
4692.4,8
4692.4,37
4692.9,15
4693.1,31
4693.4,27
4693.7,1
4694.7,30
4694.9,3
4695.4,11
4695.9,19
4696.3,7
4697.2,12
4698.5,14
4698.7,9
4698.7,36
4699.2,4
4699.4,32
4699.5,5
4700.1,33
4700.3,22
4701.0,35
4701.5,23
4701.9,17
4702.4,6
4702.5,29
4703.6,10
4704.5,27
4704.9,2
4705.4,31
4705.8,11
4706.6,30
4706.7,16
4706.9,8
4707.1,15
4707.1,38
4707.7,7
4708.1,39
4708.2,37
4708.7,13
4708.7,29
4709.0,1
4709.0,19
4709.6,23
4712.3,28
4712.4,3
4713.0,12
4713.1,9
4713.1,36
4714.0,35
4714.7,30
4715.2,17
4715.5,4
4715.5,24
4715.6,32
4716.0,21
4716.6,26
4717.8,22
4718.3,27
4718.3,34
4719.3,19
4719.4,7
4719.5,6
4719.7,25
4720.1,11
4720.1,33
4720.3,31
4720.4,2
4721.4,13
4721.7,37
4722.0,1
4722.2,8
4722.2,12
4723.2,15
4723.3,16
4724.0,35
4724.2,3
4724.8,36
4726.1,30
4727.5,29
4727.7,32
4728.3,19
4729.2,17
4729.6,39
4730.4,9
4730.5,11
4730.6,38
4731.1,31
4731.7,14
4732.0,27
4732.4,1
4732.4,28
4733.0,23
4733.5,8
4733.6,7
4733.8,26
4734.2,3
4734.2,13
4735.5,36
4736.2,16
4736.5,33
4737.3,5
4738.4,30
4738.7,10
4739.0,6
4739.0,32
4739.2,22
4739.2,37
4739.5,12
4739.7,29
4740.0,4
4740.0,27
4740.0,34
4740.8,15
4742.1,19
4742.2,35
4742.5,31
4745.3,26
4746.3,24
4746.4,9
4746.4,17
4746.8,8
4747.3,1
4747.3,39
4747.7,11
4748.3,38
4748.4,3
4748.7,25
4749.2,16
4750.1,23
4750.1,36
4750.2,5
4750.3,2
4750.4,29
4751.1,30
4753.0,27
4754.2,31
4754.5,19
4754.6,10
4754.9,20
4754.9,34
4755.2,32
4755.5,0
4755.6,13
4755.7,12
4755.7,22
4755.9,8
4756.4,33
4757.1,7
4758.1,11
4759.2,21
4759.4,1
4759.4,37
4759.5,4
4759.5,15
4759.5,29
4760.8,30
4760.9,24
4761.0,5
4761.0,23
4761.6,39
4761.8,9
4762.4,28
4762.9,6
4763.5,36
4763.6,12
4763.9,31
4764.1,8
4764.6,35
4764.8,19
4765.2,17
4765.6,3
4766.3,16
4767.3,32
4768.5,27
4769.9,11
4770.0,4
4770.1,30
4770.3,37
4770.4,26
4770.6,15
4771.0,22
4771.1,1
4771.2,33
4771.7,7
4773.1,2
4773.1,14
4773.4,19
4773.4,29
4773.8,9
4775.0,31
4775.5,23
4775.9,8
4775.9,36
4776.1,5
4776.1,35
4776.2,20
4776.9,12
4777.3,10
4779.8,3
4780.1,15
4780.9,27
4781.0,38
4783.4,25
4783.5,29
4783.9,8
4784.4,36
4784.8,12
4785.0,39
4785.1,4
4785.2,7
4785.2,9
4785.3,17
4785.3,32
4785.3,37
4785.8,28
4787.3,30
4787.3,34
4787.9,23
4788.8,1
4788.8,13
4789.6,11
4790.0,5
4790.2,16
4790.7,31
4791.0,19
4791.1,24
4791.1,35
4792.3,26
4792.4,27
4793.1,22
4793.3,6
4794.5,32
4795.2,3
4795.5,10
4795.6,20
4795.7,15
4795.9,8
4795.9,30
4796.5,17
4797.3,29
4798.2,12
4798.7,0
4799.0,39
4799.5,23
4800.1,1
4800.2,11
4800.2,36
4800.7,38
4801.3,27
4802.0,33
4802.5,5
4803.5,19
4804.2,16
4806.6,9
4806.6,37
4806.8,30
4807.2,2
4807.5,22
4807.6,8
4807.6,13
4807.7,31
4807.8,3
4808.0,25
4808.0,36
4808.2,7
4808.3,21
4808.5,14
4808.6,12
4810.0,34
4810.2,17
4810.6,28
4811.1,35
4811.3,4
4811.3,23
4811.9,6
4812.7,11
4812.9,19
4813.9,1
4814.6,26
4814.7,29
4815.6,33
4816.1,15
4816.1,27
4816.2,8
4817.4,10
4817.4,32
4820.5,30
4820.7,20
4821.4,39
4821.7,31
4822.2,16
4822.5,12
4822.7,38
4823.2,3
4823.4,36
4823.8,17
4823.9,9
4824.1,37
4824.2,7
4824.9,11
4825.2,23
4825.4,19
4825.4,22
4825.4,34
4825.7,2
4825.7,8
4828.0,5
4828.0,26
4829.2,27
4829.5,13
4829.5,32
4829.5,35
4830.8,30
4831.0,15
4831.1,1
4831.5,14
4831.7,10
4832.1,11
4833.2,29
4834.1,6
4834.7,19
4834.9,12
4834.9,24
4836.0,8
4838.5,3
4839.8,22
4839.9,17
4840.1,36
4840.2,4
4840.3,0
4840.3,39
4840.5,37
4840.8,33
4840.9,25
4840.9,32
4842.5,7
4842.5,29
4842.7,30
4843.2,28
4843.3,31
4843.5,13
4843.7,15
4844.0,9
4844.2,1
4844.3,27
4845.9,16
4846.6,8
4846.9,19
4847.6,23
4848.1,11
4849.0,6
4849.3,2
4849.7,30
4850.4,12
4850.9,14
4851.3,20
4852.0,34
4852.2,10
4852.4,31
4854.6,39
4855.0,3
4856.0,35
4856.8,21
4857.1,17
4857.3,29
4857.7,19
4857.8,37
4857.9,8
4858.0,28
4858.3,11
4858.5,1
4858.6,2
4858.6,16
4858.8,9
4858.8,22
4859.1,36
4859.2,5
4859.2,27
4859.5,25
4859.7,7
4859.9,26
4860.1,15
4860.4,30
4861.4,23
4863.0,13
4863.7,33
4863.9,12
4864.1,38
4864.5,3
4864.5,32
4866.0,4
4867.2,39
4868.0,31
4868.3,8
4868.4,10
4868.4,11
4868.8,27
4869.5,28
4870.1,19
4872.3,29
4872.7,15
4873.3,37
4873.5,30
4874.1,35
4874.8,1
4874.8,9
4874.8,16
4875.2,5
4875.2,20
4875.3,12
4875.4,6
4875.9,17
4876.1,34
4876.4,14
4876.6,19
4876.9,7
4877.1,21
4877.2,22
4879.9,8
4879.9,23
4880.2,3
4881.1,36
4883.4,29
4883.7,24
4883.8,38
4883.9,26
4884.1,10
4884.1,13
4884.2,37
4884.3,11
4884.3,30
4884.4,4
4884.4,39
4884.8,27
4885.1,9
4885.2,31
4885.3,19
4885.4,28
4885.6,32
4888.8,12
4890.3,33
4890.6,8
4890.8,1
4891.4,35
4892.1,22
4892.1,36
4892.4,17
4892.4,29
4892.7,15
4892.8,32
4892.9,6
4893.0,7
4893.0,27
4893.3,2
4893.3,16
4893.6,3
4893.6,23
4893.8,5
4893.9,11
4894.0,25
4894.4,31
4894.7,30
4895.4,19
4896.3,34
4898.1,32
4898.9,26
4898.9,37
4899.9,4
4901.2,9
4901.6,36
4902.2,8
4903.0,39
4903.1,13
4903.5,0
4904.2,12
4905.4,31
4905.5,30
4905.7,10
4905.7,11
4906.0,29
4906.5,28
4906.8,22
4907.1,1
4907.1,26
4908.0,15
4908.4,17
4908.7,27
4908.9,6
4909.7,19
4910.4,38
4911.1,3
4911.4,5
4911.7,33
4912.9,9
4912.9,36
4913.3,35
4913.8,21
4914.9,37
4915.9,7
4916.0,8
4916.0,13
4916.0,23
4916.1,11
4916.7,31
4916.8,24
4917.0,16
4917.3,30
4917.4,32
4918.4,39
4919.3,4
4919.7,12
4920.2,2
4921.3,15
4921.9,17
4922.0,1
4922.4,25
4922.5,27
4923.4,3
4923.7,22
4923.8,29
4924.5,19
4925.3,5
4926.4,8
4926.5,14
4928.1,28
4928.2,23
4928.5,16
4928.5,30
4928.5,36
4928.9,6
4928.9,10
4928.9,34
4929.0,11
4929.4,13
4930.0,37
4930.2,1
4933.9,8
4934.2,17
4934.3,19
4934.5,12
4934.5,39
4934.7,26
4935.4,31
4935.7,27
4935.9,36
4936.5,29
4937.0,30
4939.0,15
4939.5,35
4940.4,4
4940.6,7
4940.9,33
4941.1,38
4941.8,9
4942.3,1
4942.3,3
4942.9,23
4943.3,37
4945.1,32
4945.5,10
4945.7,11
4946.1,39
4946.7,28
4947.0,2
4947.0,16
4947.0,34
4947.4,19
4948.1,17
4948.9,12
4950.6,26
4950.8,5
4951.1,27
4951.3,31
4951.5,8
4951.6,15
4951.6,36
4953.1,3
4953.3,1
4953.4,22
4953.4,14
4953.7,20
4954.1,13
4954.3,29
4955.6,30
4955.9,7
4956.0,11
4957.1,4
4957.4,23
4957.7,9
4957.8,24
4958.0,12
4958.1,8
4958.5,16
4959.1,35
4959.5,33
4959.8,19
4962.4,3
4962.4,32
4962.5,17
4962.6,10
4964.1,39
4964.4,38
4964.7,25
4964.8,36
4964.8,37
4965.2,31
4965.3,6
4965.5,22
4965.6,27
4966.1,1
4966.6,15
4966.6,29
4967.3,34
4967.4,30
4968.5,8
4969.1,23
4971.4,11
4971.9,5
4971.9,28
4972.6,12
4972.8,19
4972.9,26
4973.1,16
4973.3,7
4973.5,17
4973.6,9
4973.7,31
4973.7,33
4973.8,39
4974.2,32
4974.5,15
4975.0,14
4975.3,3
4976.3,27
4976.8,1
4976.9,21
4978.0,35
4978.1,30
4979.2,13
4979.5,36
4979.5,37
4979.6,6
4980.1,25
4980.2,8
4980.2,29
4981.0,4
4981.1,12
4983.6,19
4984.1,11
4984.1,23
4986.5,9
4986.6,20
4987.0,3
4987.0,39
4987.0,33
4987.2,5
4987.2,27
4987.8,7
4987.8,10
4988.0,31
4989.3,1
4989.5,15
4989.8,29
4990.0,36
4990.7,16
4990.7,17
4991.2,30
4992.7,34
4992.9,35
4992.9,37
4993.7,22
4994.1,24
4994.1,32
4994.2,19
4994.5,23
4995.7,8
4995.9,27
4996.5,39
4997.1,38
4997.5,12
4997.6,11
4999.1,31
4999.6,13
4999.7,14
5000.5,6
5000.9,36
5001.2,26
5002.1,16
5002.6,0
5002.6,30
5003.0,3
5005.5,15
5006.0,9
5006.3,17
5006.7,21
5006.7,27
5006.8,37
5007.2,1
5007.2,33
5007.6,8
5007.9,35
5008.2,4
5009.4,10
5010.2,5
5010.6,7
5011.0,19
5011.0,39
5011.3,30
5012.4,31
5012.7,32
5013.1,13
5013.6,36
5014.0,11
5014.1,16
5014.8,22
5015.8,2
5015.8,4
5016.2,8
5016.3,12
5017.1,29
5017.1,30
5017.4,27
5018.5,19
5018.5,28
5018.6,1
5019.2,23
5019.3,34
5019.5,37
5020.1,15
5020.6,7
5020.9,33
5021.6,24
5022.1,17
5022.3,6
5022.4,36
5022.5,26
5022.6,9
5023.6,3
5024.4,31
5025.7,35
5025.8,38
5026.4,39
5027.0,29
5027.2,8
5027.2,10
5027.4,27
5027.7,20
5027.8,22
5028.1,30
5028.3,1
5028.3,5
5028.3,37
5028.4,11
5030.2,14
5033.5,28
5034.3,19
5034.4,2
5034.5,24
5034.6,3
5034.7,33
5035.1,12
5035.4,32
5035.4,25
5035.6,34
5036.0,8
5036.1,36
5036.6,39
5037.5,27
5037.7,23
5038.1,37
5038.5,9
5038.7,30
5038.8,17
5038.8,15
5039.1,7
5039.3,22
5039.6,31
5039.7,13
5040.0,26
5040.3,4
5041.5,29
5042.2,38
5042.5,16
5042.9,1
5044.1,21
5044.4,11
5045.0,8
5047.3,5
5048.0,6
5048.3,36
5049.5,30
5050.2,12
5050.6,7
5050.7,19
5050.8,0
5050.8,32
5050.9,15
5051.0,35
5051.3,10
5053.1,8
5053.5,9
5053.7,39
5053.7,31
5054.2,27
5054.6,23
5054.6,29
5054.8,2
5054.9,17
5055.1,3
5055.2,22
5055.8,11
5056.1,28
5056.1,34
5056.3,37
5056.9,26
5057.0,1
5059.1,4
5060.0,12
5061.0,36
5061.1,14
5061.3,38
5061.9,13
5062.1,30
5062.4,5
5062.4,16
5062.5,25
5062.9,33
5063.6,8
5063.6,31
5064.3,32
5064.5,19
5064.7,27
5065.3,15
5068.1,20
5068.8,3
5069.7,11
5070.1,10
5070.2,23
5070.2,29
5070.3,35
5071.0,39
5071.2,6
5071.2,30
5072.2,1
5072.6,33
5073.4,16
5073.5,19
5073.9,9
5074.2,12
5074.7,17
5074.8,8
5075.2,32
5076.4,13
5076.5,15
5076.9,37
5077.4,4
5077.6,27
5078.9,7
5079.1,22
5079.6,33
5079.9,24
5080.1,31
5080.6,36
5081.2,28
5081.3,30
5081.6,35
5081.9,11
5082.9,5
5083.0,38
5083.1,14
5083.2,10
5083.3,23
5083.3,26
5083.6,29
5083.7,1
5084.0,34
5085.9,21
5086.1,19
5086.5,8
5086.8,39
5088.6,2
5088.9,27
5089.1,3
5089.1,22
5089.4,12
5089.6,9
5089.7,17
5090.2,16
5090.5,30
5090.5,31
5090.9,15
5091.2,36
5091.8,11
5093.6,19
5095.2,28
5095.6,4
5095.6,32
5095.7,1
5095.8,6
5096.0,37
5096.3,20
5096.6,7
5096.9,8
5096.9,35
5097.2,26
5097.3,23
5097.5,10
5097.5,29
5099.6,39
5099.7,13
5100.0,12
5100.5,31
5100.7,24
5101.2,16
5102.0,33
5102.2,5
5102.7,36
5103.3,30
5103.4,1
5103.4,27
5104.0,11
5104.0,25
5104.3,38
5105.0,17
5105.2,15
5106.0,19
5106.1,32
5106.2,9
5106.9,3
5106.9,14
5107.3,8
5107.3,21
5110.1,0
5111.1,16
5111.1,30
5111.9,29
5112.0,2
5112.2,10
5112.3,28
5112.4,23
5112.5,39
5112.6,4
5112.8,12
5112.9,22
5113.7,27
5114.5,11
5114.5,35
5115.8,31
5115.8,37
5116.0,36
5116.5,5
5116.7,19
5116.8,8
5117.0,24
5117.4,1
5117.6,34
5118.0,7
5118.2,15
5119.5,9
5119.5,29
5120.2,6
5120.3,26
5120.6,13
5121.4,30
5121.9,33
5122.3,25
5123.0,17
5123.3,3
5123.6,20
5124.1,10
5124.9,14
5125.3,11
5125.3,31
5125.4,32
5125.7,36
5126.0,16
5126.3,27
5126.8,19
5126.9,38
5127.7,8
5128.6,15
5128.7,12
5129.5,39
5129.8,23
5130.5,4
5130.6,22
5131.1,29
5131.4,1
5132.7,21
5133.2,37
5134.4,11
5134.5,30
5135.2,24
5135.8,2
5135.8,27
5137.3,17
5138.2,31
5138.2,33
5138.5,7
5139.4,35
5139.6,26
5140.3,32
5140.4,19
5140.8,3
5140.9,36
5141.7,12
5141.7,28
5141.9,10
5142.1,15
5142.4,11
5142.4,5
5142.6,39
5142.7,9
5142.8,8
5143.3,37
5143.5,25
5143.6,6
5143.7,23
5143.8,1
5144.2,22
5145.9,34
5146.7,30
5146.7,29
5146.9,16
5149.0,31
5149.5,27
5151.0,20
5151.9,8
5152.0,13
5152.1,38
5152.2,36
5152.8,17
5154.1,33
5155.5,5
5156.8,3
5156.9,15
5157.1,9
5157.2,11
5157.2,35
5157.4,4
5157.5,32
5157.6,19
5157.8,6
5157.8,37
5158.0,30
5158.2,27
5158.3,12
5158.5,23
5158.7,1
5158.7,7
5159.6,26
5160.1,29
5160.7,14
5161.2,31
5163.0,28
5164.5,24
5164.8,11
5164.9,16
5165.3,10
5165.6,33
5165.8,25
5166.0,8
5166.1,5
5166.4,36
5166.8,13
5166.8,17
5169.2,37
5169.7,30
5170.2,27
5170.8,19
5170.8,23
5170.9,22
5170.9,31
5171.0,12
5171.2,39
5171.3,7
5172.0,29
5172.8,1
5174.0,38
5175.6,3
5176.0,36
5176.0,8
5176.4,28
5176.6,4
5176.8,35
5177.5,32
5177.7,34
5178.0,9
5178.4,26
5178.6,15
5178.9,37
5179.5,11
5179.5,20
5179.6,19
5180.0,10
5180.0,39
5180.2,6
5180.2,5
5180.2,30
5180.4,2
5180.5,27
5183.1,7
5183.5,8
5183.6,23
5184.3,16
5184.6,17
5184.8,14
5184.8,29
5186.9,21
5187.0,3
5187.0,31
5188.2,25
5189.0,33
5189.2,11
5189.7,2
5189.9,1
5190.2,19
5190.2,27
5190.2,30
5190.3,13
5190.4,35
5191.5,12
5191.5,36
5195.2,29
5195.7,4
5195.7,8
5195.8,37
5195.9,17
5196.6,23
5197.4,15
5198.0,22
5198.1,26
5198.2,32
5199.4,7
5199.4,27
5199.5,16
5200.1,9
5200.4,38
5201.2,3
5201.8,12
5201.9,39
5202.1,30
5202.2,1
5203.4,13
5203.6,11
5204.2,36
5204.6,35
5205.2,29
5205.5,19
5205.7,31
5206.4,34
5206.5,24
5206.9,10
5206.9,23
5207.5,33
5208.2,8
5208.3,4
5208.3,15
5209.5,32
5209.8,0
5209.9,20
5210.2,5
5210.4,16
5210.7,17
5211.6,25
5212.0,37
5212.2,26
5212.3,6
5212.3,27
5213.5,30
5213.9,11
5214.8,39
5216.3,28
5216.3,36
5217.5,19
5217.9,14
5218.1,22
5218.2,2
5218.4,9
5218.8,12
5219.2,29
5219.8,31
5220.3,8
5220.4,3
5222.8,5
5222.9,15
5223.2,27
5223.3,30
5223.3,10
5224.0,32
5224.2,1
5224.2,7
5224.2,13
5224.4,6
5224.4,23
5224.4,35
5224.6,33
5225.0,21
5225.0,38
5226.1,4
5226.1,37
5226.3,34
5226.7,11
5227.2,8
5227.2,26
5227.3,17
5227.4,12
5228.7,31
5228.8,3
5230.2,19
5230.2,29
5231.3,22
5231.3,39
5232.2,9
5232.6,16
5232.6,27
5233.1,30
5233.8,36
5233.9,24
5235.1,35
5236.6,6
5237.2,2
5237.4,8
5237.4,23
5237.7,32
5239.6,5
5239.9,10
5240.0,28
5240.7,38
5241.2,31
5241.4,33
5241.5,19
5241.5,1
5241.8,16
5242.2,4
5242.7,3
5242.7,12
5242.9,17
5243.3,7
5243.3,11
5243.3,37
5243.6,25
5243.7,15
5243.9,39
5244.7,32
5246.0,22
5246.3,21
5248.2,27
5248.3,30
5250.2,8
5250.4,17
5250.5,35
5250.6,23
5250.7,31
5252.2,36
5252.5,13
5252.6,9
5252.7,29
5253.0,11
5254.3,5
5254.4,19
5254.5,12
5254.5,15
5254.6,1
5255.1,10
5255.2,37
5255.2,39
5255.4,26
5255.6,14
5256.4,30
5256.6,20
5258.7,27
5258.8,36
5259.4,3
5259.4,8
5259.7,16
5259.7,32
5259.9,17
5260.3,23
5261.0,2
5261.0,19
5262.0,9
5262.7,11
5263.1,12
5263.7,28
5263.7,33
5264.7,22
5266.1,29
5266.6,6
5268.4,39
5268.5,15
5268.8,8
5269.3,1
5269.5,37
5269.6,38
5269.7,31
5269.9,7
5270.1,30
5270.2,24
5270.8,34
5270.9,5
5271.0,4
5273.2,16
5273.6,36
5274.1,3
5274.5,27
5274.7,35
5275.1,26
5276.0,10
5277.1,19
5277.2,20
5277.3,8
5277.3,22
5277.3,23
5277.7,39
5278.5,13
5279.2,12
5280.5,11
5281.1,1
5281.5,6
5281.9,9
5282.0,33
5283.4,30
5283.4,36
5283.6,3
5283.7,5
5283.7,15
5283.8,17
5283.9,32
5284.3,31
5285.3,29
5287.2,37
5288.1,19
5288.7,16
5289.6,7
5290.2,25
5290.3,4
5290.3,8
5290.7,21
5290.8,23
5291.4,12
5291.5,0
5291.5,24
5292.7,27
5292.8,35
5292.9,11
5293.3,36
5294.4,15
5295.5,17
5295.7,39
5296.4,30
5296.6,6
5296.7,3
5297.3,22
5297.5,34
5298.0,10
5298.6,14
5299.4,38
5299.5,12
5299.5,13
5299.5,19
5299.7,2
5299.8,8
5299.8,29
5300.8,32
5302.5,31
5303.2,9
5303.6,4
5303.7,1
5303.7,26
5303.7,36
5304.0,5
5305.8,39
5305.9,7
5306.3,37
5307.1,22
5307.2,11
5307.3,30
5307.4,35
5307.6,15
5307.7,27
5307.8,23
5307.8,33
5308.0,3
5308.4,10
5308.5,19
5312.7,13
5312.9,16
5313.2,17
5313.7,8
5313.7,31
5314.1,28
5316.7,36
5317.0,29
5317.1,32
5317.3,10
5317.4,9
5318.4,19
5318.6,11
5318.6,12
5318.7,4
5318.9,23
5319.3,30
5320.1,26
5320.7,27
5321.1,38
5321.3,1
5321.8,5
5323.2,3
5324.2,37
5324.8,39
5325.0,22
5326.0,8
5326.0,29
5326.6,7
5326.9,15
5327.4,17
5328.1,12
5328.9,19
5328.9,33
5329.2,35
5329.6,2
5329.6,24
5329.9,30
5329.9,31
5330.2,16
5330.2,34
5330.3,11
5330.3,13
5330.4,23
5330.7,21
5330.8,9
5331.2,1
5332.1,6
5332.2,10
5332.2,36
5332.6,3
5332.6,27
5333.1,25
5334.5,32
5335.5,8
5338.1,37
5339.0,14
5339.0,39
5339.8,29
5340.3,22
5340.9,30
5341.6,11
5341.7,23
5342.1,16
5343.7,19
5343.8,26
5344.4,7
5344.4,27
5344.6,36
5345.5,12
5345.5,31
5345.8,17
5345.8,38
5346.0,8
5346.1,5
5346.5,4
5346.5,15
5346.6,9
5346.7,33
5346.8,13
5347.0,1
5347.3,34
5347.5,3
5348.2,35
5348.9,20
5349.7,30
5350.1,32
5350.6,10
5350.8,28
5352.2,19
5353.7,23
5353.8,11
5354.3,31
5354.9,6
5355.9,39
5356.0,8
5356.5,36
5356.5,37
5357.1,12
5357.4,17
5358.3,2
5358.7,9
5358.7,22
5359.0,24
5359.8,19
5360.1,3
5362.6,15
5362.8,13
5363.2,27
5363.3,25
5363.5,8
5363.8,1
5363.8,29
5365.2,11
5365.2,17
5365.3,28
5366.0,30
5366.1,23
5366.5,36
5366.8,16
5367.1,32
5367.2,22
5367.2,33
5370.0,10
5371.1,38
5371.7,5
5372.3,12
5372.5,19
5373.1,24
5373.1,37
5373.4,26
5373.6,39
5374.2,35
5374.4,29
5374.5,7
5375.0,3
5375.1,34
5375.2,27
5375.3,15
5375.3,31
5375.4,20
5375.5,9
5375.7,1
5376.0,6
5376.1,4
5376.3,11
5378.0,8
5379.1,30
5379.3,36
5379.5,32
5379.6,2
5382.0,13
5382.2,14
5382.3,23
5383.6,16
5384.0,29
5384.9,27
5385.1,33
5386.2,12
5386.2,21
5386.2,31
5386.4,1
5386.4,4
5386.4,19
5386.7,10
5386.9,9
5387.0,15
5387.9,3
5387.9,37
5388.3,17
5388.6,22
5389.4,5
5389.8,30
5389.8,38
5390.2,35
5391.6,8
5391.9,11
5392.6,36
5392.9,13
5394.7,20
5394.7,39
5394.9,0
5395.3,1
5395.3,23
5395.4,19
5395.5,30
5395.6,27
5395.8,7
5395.8,24
5399.1,16
5399.3,6
5399.4,15
5400.5,17
5401.2,32
5401.4,12
5401.6,4
5401.6,10
5402.1,31
5402.2,3
5403.7,1
5404.0,8
5404.0,37
5404.5,2
5405.5,29
5405.9,35
5406.3,11
5406.5,26
5407.6,30
5408.1,5
5408.3,33
5408.7,14
5409.5,23
5409.8,38
5409.9,19
5410.2,9
5411.2,7
5412.3,8
5412.5,39
5413.4,36
5413.8,22
5414.1,13
5414.1,24
5414.7,6
5415.0,27
5415.2,12
5415.7,30
5416.0,16
5416.3,15
5417.2,32
5417.6,31
5419.1,29
5420.2,3
5420.9,10
5420.9,17
5420.9,25
5421.0,4
5421.1,19
5421.5,26
5421.8,21
5421.8,34
5421.9,23
5421.9,36
5422.3,37
5422.6,1
5422.6,2
5423.1,11
5425.7,8
5425.8,12
5426.0,16
5427.0,28
5427.0,30
5428.4,9
5428.5,27
5429.3,35
5429.6,3
5429.6,19
5429.7,7
5429.8,33
5429.9,37
5429.9,38
5430.0,39
5430.2,22
5430.9,11
5431.5,26
5431.5,36
5431.7,31
5433.7,1
5433.7,6
5433.9,5
5435.7,30
5436.9,32
5437.0,17
5437.5,20
5438.0,29
5438.2,27
5438.8,4
5439.1,8
5439.6,39
5439.7,12
5439.9,10
5439.9,19
5440.2,23
5440.5,9
5441.8,15
5442.7,16
5443.1,31
5443.4,7
5444.9,22
5445.3,3
5446.3,37
5446.8,32
5447.0,5
5448.5,11
5449.2,33
5449.5,1
5449.5,8
5450.0,6
5450.3,30
5450.8,23
5450.9,21
5451.5,27
5452.2,36
5453.3,9
5453.3,19
5453.4,12
5453.7,17
5453.8,25
5454.0,24
5454.2,35
5454.5,14
5454.5,26
5454.5,29
5454.6,34
5455.9,37
5456.1,15
5457.8,39
5458.0,22
5458.1,3
5458.6,16
5459.5,10
5460.3,13
5460.5,23
5461.1,2
5461.1,8
5461.1,38
5461.9,20
5462.6,28
5462.9,29
5463.0,32
5463.5,11
5464.5,9
5464.9,31
5465.2,36
5465.6,19
5465.9,1
5466.1,30
5466.1,33
5467.1,35
5467.5,15
5467.6,4
5467.8,12
5468.5,14
5468.5,26
5469.5,25
5470.3,7
5470.6,17
5470.8,3
5470.8,6
5470.9,10
5470.9,27
5471.2,8
5471.5,39
5471.9,22
5472.0,23
5473.2,5
5473.3,11
5474.0,36
5474.6,19
5474.7,37
5476.1,30
5477.2,29
5478.2,31
5478.3,13
5479.6,9
5481.3,17
5481.8,12
5481.9,15
5482.1,8
5482.4,19
5482.6,27
5482.7,2
5482.9,1
5483.1,11
5483.1,21
5483.4,32
5484.0,3
5484.4,4
5484.5,28
5485.0,0
5485.0,16
5485.0,38
5485.5,29
5485.7,33
5486.1,39
5487.8,30
5489.0,22
5489.5,10
5489.5,37
5489.9,20
5490.5,23
5490.7,34
5490.9,5
5491.2,35
5492.0,36
5492.3,26
5493.4,6
5493.9,11
5494.1,3
5494.4,15
5494.6,17
5495.4,33
5495.5,8
5495.6,1
5495.6,7
5495.6,31
5495.8,12
5495.8,19
5495.9,9
5496.3,27
5496.8,29
5497.0,30
5498.8,23
5499.9,5
5500.9,39
5501.5,32
5501.9,0
5502.1,14
5502.1,21
5502.5,16
5502.8,35
5503.4,37
5504.2,11
5504.8,24
5505.6,30
5506.2,3
5506.2,25
5506.5,8
5507.0,12
5507.1,17
5507.6,13
5507.6,19
5507.9,6
5507.9,36
5508.3,22
5508.6,10
5509.2,9
5510.2,1
5510.3,27
5511.0,38
5511.6,29
5512.4,14
5513.2,2
5514.8,31
5515.9,11
5515.9,5
5516.4,37
5517.3,34
5517.4,23
5517.4,27
5517.7,15
5517.9,4
5517.9,19
5517.9,39
5518.0,20
5518.1,8
5518.6,32
5518.7,22
5519.1,7
5519.4,36
5520.2,30
5520.8,26
5521.3,33
5521.4,29
5521.7,12
5522.1,1
5524.7,3
5526.4,31
5527.1,11
5527.1,19
5527.3,39
5528.1,8
5528.3,24
5528.3,25
5528.3,36
5528.4,10
5528.5,37
5528.6,15
5528.8,0
5529.1,12
5529.1,30
5529.3,35
5529.5,16
5529.6,5
5529.6,23
5529.8,13
5530.0,9
5530.4,34
5531.0,1
5532.4,17
5535.4,28
5535.4,38
5536.3,27
5537.7,6
5537.7,8
5538.0,31
5539.1,19
5539.2,3
5542.0,30
5542.2,12
5542.6,11
5542.7,39
5543.2,7
5543.2,37
5543.3,10
5543.8,21
5543.8,29
5544.0,32
5544.3,22
5545.4,36
5545.8,4
5545.8,24
5545.9,23
5546.2,26
5546.9,35
5547.2,33
5547.5,27
5547.6,1
5547.6,2
5548.7,13
5549.1,29
5549.5,3
5549.5,17
5549.7,5
5551.4,19
5551.5,31
5551.7,11
5551.7,12
5552.3,15
5552.3,30
5552.5,14
5552.5,16
5553.7,22
5554.5,8
5558.3,23
5558.3,39
5558.4,7
5558.5,6
5558.6,25
5558.8,20
5559.0,9
5559.0,34
5559.2,35
5560.1,32
5560.2,36
5560.8,38
5560.9,37
5561.0,21
5561.2,17
5562.4,31
5562.8,27
5563.5,12
5563.6,22
5563.7,8
5563.7,10
5565.0,30
5565.1,5
5565.8,15
5566.6,3
5567.3,11
5567.7,29
5568.9,19
5569.1,23
5569.6,33
5569.8,4
5570.3,28
5570.6,36
5570.7,9
5570.9,24
5570.9,32
5571.0,12
5571.0,26
5571.3,8
5571.5,13
5571.7,1
5571.8,35
5572.9,39
5575.7,27
5576.3,30
5577.5,31
5577.6,37
5577.7,17
5577.8,11
5577.9,22
5578.1,38
5578.1,14
5578.9,3
5579.2,16
5579.5,15
5581.0,19
5581.4,7
5582.0,10
5582.5,21
5583.3,1
5583.4,36
5583.6,29
5584.3,8
5584.3,23
5584.8,12
5585.1,30
5585.9,9
5587.3,35
5587.6,11
5588.2,24
5588.4,31
5588.5,3
5588.5,5
5588.7,6
5589.3,34
5590.5,39
5591.8,15
5592.5,17
5592.8,19
5593.1,13
5593.2,22
5593.8,27
5594.4,12
5594.5,10
5595.5,37
5595.7,0
5595.8,32
5596.0,4
5596.1,36
5596.8,26
5596.9,11
5597.4,30
5597.4,33
5597.6,8
5597.9,1
5598.2,9
5598.8,25
5600.7,29
5601.2,7
5602.4,2
5602.6,15
5602.7,6
5602.7,38
5602.8,23
5603.5,39
5603.6,28
5604.3,19
5604.6,31
5604.7,16
5604.7,27
5605.1,3
5605.5,22
5606.0,17
5608.3,35
5608.4,4
5608.4,36
5608.7,30
5608.8,13
5609.1,1
5609.1,8
5609.2,11
5609.6,26
5609.8,14
5610.5,12
5611.2,5
5612.3,20
5612.5,32
5612.9,33
5613.8,7
5613.9,37
5614.2,27
5614.9,19
5615.0,9
5615.5,23
5618.0,21
5618.0,39
5618.2,3
5618.8,15
5618.9,10
5619.0,31
5619.1,34
5620.0,6
5621.0,29
5621.8,11
5621.9,16
5621.9,17
5622.0,28
5622.5,8
5623.3,35
5623.3,36
5623.7,37
5623.8,27
5624.4,12
5625.1,30
5625.4,1
5625.7,2
5626.1,13
5627.6,15
5627.7,22
5627.8,19
5628.4,5
5628.7,32
5629.6,24
5629.9,26
5630.8,31
5631.5,8
5632.0,29
5632.3,39
5632.5,4
5632.9,25
5633.9,11
5634.2,7
5635.3,23
5636.6,33
5637.9,3
5638.5,28
5638.7,30
5638.8,17
5638.9,27
5638.9,36
5639.0,12
5639.2,16
5639.4,35
5639.9,10
5639.9,31
5640.1,1
5640.3,37
5640.4,8
5641.1,20
5641.2,9
5641.9,6
5642.1,32
5642.6,15
5642.8,19
5643.1,14
5643.4,22
5646.3,38
5647.0,30
5647.1,33
5648.6,21
5649.1,11
5649.5,34
5649.9,26
5650.1,7
5650.1,37
5650.5,3
5651.0,16
5651.1,29
5651.6,39
5651.8,1
5652.5,36
5652.7,8
5652.8,23
5653.4,12
5654.6,31
5656.2,2
5656.3,27
5656.7,11
5656.8,19
5656.9,4
5657.5,9
5658.2,35
5658.3,13
5658.4,17
5659.0,10
5659.4,5
5659.8,22
5660.6,8
5661.4,15
5661.5,30
5663.7,36
5664.1,7
5664.2,38
5664.6,31
5665.0,32
5665.1,3
5665.9,29
5666.0,14
5666.7,1
5667.2,23
5668.7,16
5669.0,12
5669.0,39
5669.1,21
5670.3,11
5670.8,19
5671.8,8
5671.9,6
5672.3,26
5672.4,33
5672.6,27
5672.6,28
5673.1,17
5674.8,2
5675.0,37
5675.5,32
5675.8,35
5677.4,10
5677.4,15
5677.4,30
5677.7,7
5677.7,16
5677.9,4
5677.9,31
5678.2,25
5678.2,29
5678.5,24
5678.7,22
5679.6,9
5681.4,13
5681.9,39
5682.0,11
5682.2,8
5682.2,19
5682.6,3
5682.9,1
5682.9,5
5683.9,12
5684.2,20
5685.3,17
5687.0,4
5687.1,33
5687.4,27
5687.7,23
5687.7,38
5687.8,30
5688.0,36
5688.5,29
5689.4,31
5689.4,32
5689.7,37
5690.0,35
5690.3,15
5690.6,0
5690.9,8
5691.2,3
5691.5,6
5691.6,34
5693.9,13
5693.9,19
5694.1,16
5695.3,28
5695.4,11
5697.4,39
5697.8,9
5698.1,1
5698.1,22
5698.1,26
5698.3,5
5698.5,30
5699.4,14
5699.4,25
5699.7,31
5700.7,12
5700.8,27
5700.9,7
5701.9,36
5702.5,29
5702.5,37
5702.8,17
5703.1,8
5703.6,19
5704.2,3
5704.5,2
5704.6,11
5704.8,6
5705.4,20
5705.6,15
5706.1,10
5706.2,16
5708.7,23
5709.2,12
5709.4,35
5709.7,33
5709.9,38
5710.5,1
5710.7,32
5711.1,21
5711.4,31
5711.5,7
5711.6,4
5712.0,30
5712.9,9
5713.3,39
5714.8,19
5715.1,8
5715.9,27
5716.2,5
5716.2,36
5716.3,37
5716.7,29
5717.8,23
5718.2,28
5718.3,13
5719.0,2
5719.0,22
5720.1,31
5720.3,30
5720.7,3
5720.9,15
5722.3,1
5722.4,11
5722.5,34
5723.3,14
5723.6,16
5723.8,17
5724.8,39
5725.1,26
5725.5,24
5725.6,36
5725.9,12
5726.2,9
5726.8,19
5726.9,10
5728.1,8
5728.7,31
5729.3,30
5729.3,6
5729.3,29
5729.5,27
5730.5,37
5730.8,32
5731.2,13
5731.2,38
5731.4,35
5731.5,20
5731.6,3
5732.8,25
5733.8,5
5733.8,23
5734.9,33
5735.1,4
5736.5,16
5736.6,36
5737.0,19
5737.3,22
5737.9,21
5738.1,12
5739.3,15
5740.2,11
5740.4,1
5740.4,2
5740.6,10
5741.1,28
5741.2,7
5741.2,9
5741.5,0
5742.1,29
5743.2,36
5743.4,8
5743.4,26
5743.4,27
5744.8,39
5745.1,17
5746.4,30
5746.4,32
5746.8,37
5749.4,19
5749.6,3
5749.9,38
5750.2,34
5750.5,31
5750.6,4
5751.0,11
5751.5,14
5752.1,33
5752.2,23
5752.2,35
5752.9,5
5752.9,20
5753.4,32
5753.6,1
5753.6,12
5753.7,16
5754.1,29
5754.2,8
5754.3,15
5754.5,22
5754.5,24
5754.5,37
5754.8,36
5754.9,13
5757.1,9
5758.6,19
5758.7,17
5759.9,6
5760.0,3
5760.1,11
5760.4,10
5760.9,26
5761.0,23
5761.3,27
5761.4,7
5761.4,25
5761.8,39
5762.1,30
5764.0,16
5764.1,8
5767.6,33
5767.8,36
5768.0,15
5768.0,19
5768.0,29
5768.6,4
5768.7,12
5768.8,13
5768.8,31
5769.5,32
5769.8,1
5770.4,28
5773.5,38
5773.9,8
5774.1,5
5774.5,22
5774.6,2
5774.7,37
5775.1,17
5775.7,10
5776.0,35
5776.4,23
5777.0,3
5777.0,30
5777.1,21
5777.8,39
5778.0,9
5778.5,11
5778.7,19
5778.7,27
5779.0,16
5779.2,1
5779.9,36
5781.2,26
5781.3,29
5781.5,13
5782.4,8
5782.4,12
5782.6,24
5783.0,7
5783.1,15
5783.1,31
5783.3,4
5783.3,34
5784.8,37
5786.9,17
5787.7,35
5787.9,27
5788.5,22
5789.1,36
5789.2,14
5789.4,32
5790.3,12
5790.5,25
5790.6,23
5792.0,19
5792.4,30
5792.9,10
5793.0,20
5793.0,6
5793.0,29
5793.7,3
5793.7,15
5794.4,37
5794.5,11
5795.1,9
5795.4,8
5795.5,35
5796.2,5
5796.8,1
5796.8,39
5798.3,4
5798.4,30
5798.8,27
5799.0,13
5799.5,31
5799.7,28
5800.0,36
5800.4,17
5800.4,22
5801.2,29
5801.9,19
5802.1,26
5802.7,37
5803.3,1
5804.0,2
5804.2,21
5805.4,32
5805.7,8
5805.7,16
5805.9,12
5806.7,10
5806.8,6
5808.0,7
5808.0,31
5808.2,24
5808.3,38
5808.8,11
5809.3,30
5809.5,33
5810.6,39
5811.3,3
5811.7,27
5811.7,15
5812.3,34
5812.6,22
5813.0,23
5813.2,37
5813.4,19
5813.6,0
5813.6,29
5813.7,4
5813.8,36
5813.9,5
5814.0,35
5814.2,31
5815.3,9
5816.2,1
5816.6,8
5817.9,17
5818.3,16
5818.4,11
5818.8,28
5819.4,12
5820.8,19
5821.6,13
5823.0,30
5823.1,32
5823.7,29
5823.9,10
5824.1,14
5824.2,27
5824.4,33
5824.6,37
5824.7,26
5825.2,3
5825.2,25
5826.9,7
5827.1,35
5827.7,36
5828.0,17
5828.0,31
5828.2,22
5828.4,6
5829.1,11
5829.1,19
5829.2,39
5829.4,8
5829.8,1
5831.7,9
5832.5,15
5833.3,23
5834.0,12
5834.2,4
5834.7,22
5835.2,30
5835.2,37
5835.6,20
5835.6,29
5835.7,5
5836.5,10
5837.4,27
5837.6,38
5837.8,19
5837.9,36
5838.4,3
5839.0,16
5839.7,31
5839.9,11
5840.8,0
5841.1,34
5841.4,2
5841.6,13
5841.7,14
5841.8,32
5842.5,8
5843.2,33
5843.7,9
5843.7,17
5843.7,39
5843.8,26
5844.0,24
5844.9,1
5845.0,12
5845.2,23
5845.2,35
5846.5,15
5846.9,25
5847.3,21
5847.5,30
5847.7,19
5848.4,4
5848.9,7
5849.2,6
5849.3,36
5849.4,28
5850.7,11
5851.6,37
5852.0,29
5852.7,3
5852.7,27
5852.8,31
5854.0,13
5854.2,23
5855.4,5
5855.8,8
5856.2,32
5857.3,22
5857.7,17
5858.3,12
5858.5,39
5859.1,4
5859.1,35
5859.5,9
5860.6,19
5862.0,15
5862.0,16
5862.3,30
5863.1,37
5863.7,38
5864.2,1
5864.6,3
5864.8,8
5865.5,11
5865.5,27
5865.9,23
5865.9,24
5865.9,28
5866.0,10
5866.5,2
5866.5,33
5866.5,34
5866.8,29
5866.9,39
5868.6,36
5868.9,30
5870.2,17
5870.3,6
5870.6,26
5871.1,12
5871.3,7
5871.8,31
5872.3,19
5872.7,20
5873.3,32
5873.8,3
5874.2,8
5874.5,1
5876.0,5
5876.0,14
5876.4,11
5876.6,13
5877.1,38
5877.7,12
5877.7,35
5878.0,37
5878.1,16
5878.1,22
5878.2,4
5878.7,31
5879.3,10
5879.6,33
5879.8,9
5879.9,21
5879.9,23
5882.7,30
5883.7,36
5884.1,27
5884.4,1
5884.5,19
5884.8,15
5885.1,28
5885.9,2
5885.9,8
5886.2,17
5887.9,29
5888.9,11
5889.3,39
5889.6,23
5890.0,16
5890.0,37
5890.1,30
5890.2,32
5890.8,31
5890.9,26
5891.1,7
5891.6,12
5892.3,10
5892.4,38
5892.4,13
5893.0,4
5893.8,3
5894.5,35
5895.6,6
5896.3,5
5896.5,2
5896.7,1
5896.7,9
5896.9,30
5897.0,33
5897.2,8
5897.4,36
5897.7,19
5897.8,25
5897.9,34
5898.8,17
5899.4,24
5900.1,27
5900.3,11
5901.0,12
5901.0,13
5901.0,20
5902.5,22
5903.6,0
5903.6,28
5903.7,15
5904.2,23
5904.2,31
5904.6,8
5906.2,3
5906.5,16
5906.6,32
5908.0,21
5909.5,5
5909.7,36
5910.2,29
5910.9,17
5911.0,37
5911.7,30
5911.8,19
5911.9,10
5912.2,33
5913.3,16
5914.4,1
5914.4,35
5915.3,38
5915.3,9
5915.7,3
5916.0,26
5916.4,11
5916.5,12
5916.8,8
5917.8,27
5918.8,13
5919.0,14
5919.0,39
5919.1,4
5919.5,23
5919.8,15
5920.7,6
5920.8,32
5920.8,36
5921.0,31
5922.6,29
5923.0,34
5923.3,7
5923.3,19
5923.3,37
5924.4,30
5925.1,9
5926.0,5
5927.1,22
5927.4,17
5928.2,16
5928.7,12
5929.3,8
5929.5,3
5929.6,35
5930.2,33
5930.5,39
5931.2,11
5931.2,27
5931.7,1
5933.4,19
5936.2,32
5936.2,37
5936.2,38
5936.3,13
5937.0,23
5937.1,36
5937.5,12
5937.5,31
5937.6,28
5937.6,29
5937.7,15
5938.7,25
5940.6,30
5941.6,6
5942.7,10
5942.7,17
5942.7,27
5943.0,4
5943.2,1
5943.7,5
5943.8,33
5944.0,8
5944.1,19
5944.2,15
5944.3,2
5944.5,22
5944.6,3
5945.2,26
5945.4,34
5946.2,37
5946.9,29
5947.2,16
5947.5,11
5948.8,31
5948.9,24
5949.3,30
5950.1,9
5950.4,36
5950.7,14
5950.8,35
5950.9,6
5951.0,39
5951.1,23
5951.3,38
5951.9,12
5952.8,7
5953.8,28
5954.1,0
5955.1,1
5955.6,13
5955.6,27
5955.7,11
5955.7,17
5956.7,15
5957.9,8
5958.2,33
5958.5,19
5958.6,3
5959.3,31
5959.5,26
5959.5,32
5959.9,4
5960.3,21
5961.6,30
5961.9,7
5962.1,29
5962.2,12
5964.1,37
5966.0,25
5966.3,9
5966.5,2
5967.1,36
5967.1,39
5967.1,5
5967.1,16
5967.4,6
5968.3,10
5968.6,11
5968.7,1
5968.8,34
5968.9,8
5969.6,17
5969.7,19
5969.8,27
5969.8,35
5970.4,15
5970.9,23
5971.6,30
5972.2,24
5973.4,3
5973.4,32
5973.5,22
5974.2,12
5974.4,13
5975.1,31
5975.6,33
5975.9,4
5979.0,38
5979.3,29
5979.8,26
5980.0,9
5980.1,37
5980.3,8
5980.5,27
5980.8,30
5980.8,36
5981.4,39
5982.2,28
5982.4,19
5982.5,11
5982.5,14
5983.0,12
5983.0,15
5983.2,7
5983.8,1
5983.8,35
5984.5,6
5984.5,17
5986.5,23
5986.8,3
5987.2,5
5988.0,10
5988.7,21
5988.9,29
5989.8,22
5991.2,8
5991.2,30
5991.4,12
5991.7,16
5992.1,31
5992.2,34
5993.0,38
5993.5,19
5993.9,36
5994.0,33
5994.1,11
5994.2,32
5994.3,1
5994.9,27
5995.8,15
5995.8,39
5997.1,17
5997.2,23
5997.2,25
5997.5,26
5998.5,4
5998.7,37
5998.8,3
5999.2,5
5999.5,9
5999.5,20
5999.9,28
6000.2,35
6000.6,21
6000.7,29
6000.9,7
6001.9,24
6002.2,19
6003.6,31
6003.7,16
6003.7,8
6004.1,2
6004.4,30
6004.6,10
6005.2,14
6006.2,6
6006.6,23
6008.2,11
6008.2,39
6008.3,27
6008.5,22
6009.1,28
6009.2,12
6009.2,36
6009.4,1
6009.5,32
6009.6,29
6009.8,17
6010.1,33
6010.3,13
6010.4,15
6010.5,9
6012.0,3
6013.1,19
6013.4,31
6014.0,8
6014.4,5
6015.0,4
6015.8,34
6016.4,38
6016.7,26
6017.4,37
6017.7,25
6017.9,22
6018.0,11
6018.2,36
6018.4,35
6018.5,20
6019.7,7
6019.7,27
6019.8,39
6020.6,30
6021.2,32
6021.5,17
6021.8,3
6022.0,12
6022.5,15
6023.8,1
6023.8,29
6024.3,33
6024.7,23
6025.3,19
6025.4,14
6025.8,16
6026.0,10
6026.3,34
6026.6,31
6027.3,11
6028.1,8
6029.3,0
6030.4,37
6030.8,13
6031.1,12
6031.6,9
6031.8,30
6032.2,27
6035.4,15
6035.8,6
6036.8,36
6037.3,29
6037.6,11
6037.8,5
6037.8,38
6038.1,17
6038.4,33
6038.5,32
6038.5,35
6038.7,16
6038.7,22
6038.7,39
6038.8,30
6039.0,28
6039.2,19
6039.7,4
6039.7,26
6040.9,23
6041.8,7
6042.0,8
6043.0,12
6043.3,2
6043.5,3
6044.5,27
6045.5,21
6045.5,25
6045.5,37
6045.6,1
6045.7,31
6047.1,29
6047.1,36
6047.2,19
6047.8,9
6048.1,10
6048.8,13
6049.4,17
6050.5,24
6050.6,30
6051.5,8
6051.5,16
6052.2,22
6052.9,39
6053.0,4
6053.3,11
6053.4,23
6053.7,27
6054.2,35
6054.6,7
6054.8,15
6055.5,32
6056.1,26
6056.1,33
6058.0,12
6058.2,37
6058.8,14
6058.9,3
6059.8,19
6060.7,6
6060.9,31
6061.7,5
6061.9,30
6062.2,21
6062.8,29
6063.1,36
6063.5,8
6064.7,10
6065.7,35
6066.0,9
6066.2,1
6066.5,38
6066.9,23
6067.4,32
6067.4,39
6068.0,17
6068.4,19
6068.4,22
6068.8,3
6068.9,12
6069.1,11
6069.1,27
6069.9,4
6072.4,30
6073.1,25
6073.5,13
6073.5,29
6073.7,24
6073.7,34
6073.8,37
6074.0,15
6074.2,31
6074.5,26
6074.6,8
6075.3,2
6075.4,19
6076.6,36
6077.5,5
6077.5,16
6077.6,17
6078.2,7
6079.2,27
6079.9,10
6080.1,11
6080.1,35
6080.6,23
6080.9,1
6080.9,3
6081.1,31
6081.7,30
6081.8,39
6082.2,22
6084.7,15
6085.3,12
6085.5,19
6085.7,33
6085.9,26
6086.0,38
6086.2,8
6086.2,9
6086.5,32
6088.7,2
6089.7,4
6089.7,28
6090.2,13
6090.3,27
6090.5,36
6090.6,1
6090.6,11
6091.5,30
6092.4,16
6093.1,23
6093.6,10
6094.1,37
6094.2,39
6094.3,29
6094.6,6
6095.4,17
6095.6,5
6096.4,35
6096.9,8
6097.3,27
6097.7,9
6098.3,31
6098.6,7
6100.6,20
6100.9,15
6101.8,3
6101.8,30
6102.0,14
6102.1,22
6102.4,19
6102.5,12
6102.7,37
6103.1,11
6103.3,32
6104.0,25
6104.3,34
6104.3,36
6106.7,1
6107.3,31
6107.4,33
6108.0,26
6108.9,29
6109.0,10
6110.1,38
6110.3,3
6110.7,23
6110.9,4
6111.0,6
6111.3,5
6111.3,35
6111.4,30
6112.4,21
6112.4,39
6113.3,27
6113.4,19
6114.1,8
6114.2,16
6114.5,11
6115.4,37
6116.5,7
6116.7,15
6116.8,2
6117.2,1
6117.6,22
6118.0,33
6118.4,12
6118.6,36
6118.8,31
6118.9,32
6119.0,17
6119.7,9
6119.8,3
6119.8,34
6122.3,30
6122.5,39
6122.9,29
6123.0,23
6123.1,13
6123.3,28
6124.1,8
6125.2,19
6126.8,11
6127.1,3
6128.3,6
6128.5,15
6129.1,36
6129.2,26
6129.6,1
6129.9,27
6130.1,35
6130.8,4
6130.9,33
6131.2,20
6131.3,12
6131.6,10
6132.6,17
6133.0,31
6133.2,21
6133.6,5
6134.3,14
6134.4,30
6134.5,23
6134.6,29
6134.7,32
6135.0,16
6135.2,7
6135.8,19
6135.8,22
6137.2,25
6137.6,8
6137.9,11
6138.8,37
6138.9,13
6139.3,15
6139.7,34
6140.2,3
6140.4,24
6140.4,39
6142.4,36
6142.9,9
6144.7,1
6144.8,27
6146.5,19
6146.5,31
6146.7,23
6147.3,10
6147.4,17
6147.4,22
6147.6,33
6148.2,6
6148.4,32
6148.6,12
6148.6,30
6149.4,38
6149.5,11
6149.7,26
6150.8,35
6152.2,8
6153.9,15
6154.3,4
6155.1,37
6155.2,29
6156.1,7
6156.4,39
6156.5,5
6156.7,3
6157.0,28
6158.5,19
6158.6,27
6159.3,30
6159.4,16
6159.6,31
6160.8,10
6160.8,13
6161.2,1
6162.9,14
6162.9,36
6163.4,20
6163.6,8
6163.6,34
6164.2,11
6164.3,21
6164.6,23
6164.6,24
6164.7,9
6165.3,17
6165.5,0
6165.7,39
6165.9,12
6166.7,6
6170.1,7
6170.8,19
6170.8,30
6171.0,37
6171.4,15
6171.8,32
6171.9,3
6172.6,35
6172.8,4
6173.3,22
6173.4,27
6173.9,5
6173.9,31
6174.1,33
6174.1,29
6175.9,8
6176.4,12
6176.6,36
6177.0,23
6177.5,38
6177.7,17
6178.2,1
6178.4,9
6179.2,16
6179.2,25
6179.4,2
6180.0,10
6180.1,26
6180.2,35
6180.4,19
6180.8,3
6180.9,39
6181.5,29
6181.6,30
6181.7,11
6184.6,6
6185.2,22
6186.7,27
6188.7,15
6189.1,7
6189.7,10
6189.9,4
6189.9,21
6190.0,5
6190.0,13
6190.1,1
6190.2,34
6190.3,24
6190.3,30
6190.6,33
6190.6,37
6190.8,9
6190.8,32
6191.2,19
6191.8,31
6192.0,11
6192.2,36
6192.3,17
6192.7,8
6192.7,12
6196.1,23
6196.2,22
6196.6,2
6196.9,39
6197.2,29
6198.9,27
6199.0,16
6199.6,35
6199.8,3
6199.8,7
6200.0,38
6200.7,1
6201.1,11
6201.3,28
6203.8,6
6203.8,21
6204.1,12
6204.6,19
6204.9,39
6205.1,17
6205.4,31
6205.5,8
6206.0,36
6206.1,22
6206.5,20
6206.7,11
6207.0,32
6207.1,10
6208.0,30
6208.0,37
6208.1,33
6209.0,14
6209.3,38
6209.8,27
6210.7,29
6212.1,16
6212.6,2
6212.6,5
6213.0,1
6213.3,23
6213.4,26
6213.6,19
6213.8,15
6213.9,0
6214.0,35
6214.1,4
6214.5,30
6214.6,17
6214.6,24
6215.0,9
6215.1,7
6215.5,13
6215.6,8
6216.0,34
6216.8,3
6216.8,25
6220.2,11
6220.6,31
6221.3,12
6221.3,36
6221.3,39
6221.4,10
6222.4,27
6223.1,29
6223.2,30
6224.8,22
6225.6,19
6225.8,17
6226.1,23
6226.3,6
6226.5,8
6226.5,37
6227.1,1
6227.1,38
6227.8,28
6228.6,13
6228.7,3
6228.8,12
6229.7,15
6229.7,20
6230.1,31
6233.0,30
6233.2,25
6233.3,32
6233.7,26
6233.9,39
6234.1,36
6234.2,27
6234.5,19
6235.5,11
6236.8,5
6237.5,16
6237.6,8
6237.7,20
6238.0,4
6238.1,34
6238.2,2
6238.3,14
6238.4,33
6239.5,38
6240.2,37
6240.8,29
6240.9,9
6241.1,30
6241.2,7
6241.7,3
6242.4,12
6242.4,24
6243.8,23
6243.9,39
6244.1,1
6244.5,10
6244.7,19
6245.3,35
6245.4,17
6245.6,32
6245.8,31
6246.2,11
6246.6,21
6246.9,22
6247.4,27
6248.0,6
6249.9,15
6251.4,8
6251.4,36
6251.5,28
6252.2,13
6254.2,30
6254.3,4
6254.3,12
6255.1,16
6255.2,0
6255.2,9
6255.6,31
6255.7,34
6255.8,3
6256.5,5
6256.7,1
6256.7,37
6257.7,29
6257.8,27
6258.1,23
6258.5,22
6258.6,19
6258.6,35
6258.7,11
6258.7,38
6259.0,2
6259.0,8
6259.1,17
6259.8,7
6259.9,39
6260.0,33
6260.6,10
6261.9,32
6262.1,36
6264.6,26
6264.9,30
6266.7,15
6267.8,31
6268.2,3
6268.6,9
6268.8,24
6269.0,19
6269.1,22
6269.2,1
6269.3,35
6269.7,12
6269.9,6
6270.3,8
6270.8,27
6271.4,23
6271.9,13
6271.9,17
6271.9,37
6272.0,11
6272.0,16
6272.8,21
6273.4,25
6275.5,39
6276.1,36
6276.3,4
6276.3,29
6277.0,30
6277.1,5
6277.1,38
6278.9,10
6279.5,32
6279.9,33
6280.0,9
6280.5,14
6280.7,28
6280.8,8
6281.4,11
6281.7,7
6281.8,1
6282.2,6
6282.5,27
6283.4,15
6283.9,19
6284.8,12
6284.9,3
6285.0,31
6285.9,23
6286.2,26
6286.5,30
6287.7,22
6288.0,34
6288.7,8
6288.8,37
6289.0,17
6289.6,13
6289.7,16
6289.9,35
6290.2,36
6290.2,39
6290.5,29
6291.3,21
6291.5,0
6292.4,27
6292.6,20
6293.9,19
6294.6,1
6295.1,23
6295.6,4
6295.6,30
6295.7,11
6295.8,3
6295.8,8
6296.2,2
6296.8,15
6297.1,9
6297.1,32
6297.8,31
6298.4,37
6300.2,12
6301.3,5
6302.0,7
6302.5,29
6302.7,21
6304.2,39
6304.3,24
6305.0,27
6305.1,19
6305.5,30
6305.5,36
6305.8,11
6306.0,3
6306.6,8
6306.7,13
6306.9,22
6307.3,17
6307.3,32
6308.9,34
6309.5,15
6309.7,23
6310.0,5
6310.3,16
6310.7,6
6311.3,33
6311.6,38
6312.6,9
6313.0,4
6313.2,35
6313.2,1
6313.9,12
6314.4,31
6314.5,28
6315.0,10
6316.6,8
6316.7,11
6317.3,30
6317.4,3
6317.7,19
6317.9,29
6318.4,7
6318.4,37
6318.6,27
6319.0,16
6319.4,39
6319.6,32
6321.8,36
6322.7,13
6322.8,17
6323.0,22
6323.9,23
6324.1,15
6324.1,26
6324.4,14
6326.0,9
6326.5,12
6328.0,6
6328.2,8
6328.3,27
6328.4,35
6328.6,30
6329.0,29
6329.3,5
6329.6,36
6330.7,11
6330.9,31
6331.0,10
6331.5,37
6331.7,25
6332.0,2
6332.1,16
6332.2,3
6332.2,33
6332.4,19
6333.0,1
6333.8,23
6334.2,17
6334.6,4
6336.1,39
6336.5,27
6337.6,8
6339.1,19
6339.7,35
6339.9,30
6339.9,38
6341.0,21
6341.1,32
6341.6,20
6341.8,11
6342.0,31
6342.1,26
6342.7,24
6342.9,6
6343.0,34
6343.2,5
6343.6,7
6343.9,36
6344.3,9
6345.8,3
6345.8,10
6345.9,29
6346.3,27
6346.4,13
6346.6,28
6346.6,37
6347.0,8
6347.2,1
6347.8,12
6348.4,16
6349.3,17
6349.3,33
6349.4,14
6349.6,22
6349.7,39
6350.5,4
6350.5,15
6350.7,30
6350.8,35
6351.5,19
6353.5,6
6353.6,23
6354.2,7
6354.5,32
6356.0,31
6356.0,36
6356.3,26
6357.1,11
6357.3,34
6357.9,29
6358.1,8
6358.1,10
6359.3,27
6361.0,9
6361.2,25
6361.3,1
6361.3,3
6361.6,21
6362.3,37
6362.3,38
6362.7,5
6362.8,30
6363.0,39
6363.2,16
6363.8,19
6364.5,23
6365.0,0
6365.4,15
6365.6,8
6366.7,12
6366.8,36
6367.2,13
6368.5,17
6369.2,14
6369.3,11
6369.7,32
6370.1,9
6370.4,35
6370.7,27
6370.9,31
6371.4,29
6372.5,22
6373.4,8
6373.8,7
6374.0,2
6375.2,5
6375.7,30
6375.9,12
6376.6,4
6376.6,24
6377.0,3
6377.0,15
6377.2,19
6377.4,34
6377.6,26
6377.6,37
6378.0,33
6378.4,10
6378.6,32
6379.5,6
6379.6,39
6379.9,23
6382.0,11
6383.0,1
6383.0,16
6383.0,31
6383.3,20
6383.7,27
6384.0,28
6384.3,21
6384.4,30
6384.4,35
6384.6,9
6384.7,8
6384.8,17
6384.8,36
6385.8,10
6386.0,13
6386.0,22
6387.3,38
6388.5,19
6389.1,15
6389.2,2
6389.6,29
6390.0,14
6390.1,23
6390.2,12
6390.3,31
6392.8,3
6393.2,27
6393.8,11
6393.8,32
6394.2,8
6396.0,30
6396.2,6
6396.8,7
6397.0,13
6397.3,5
6397.5,26
6399.0,37
6399.6,35
6400.3,39
6400.4,16
6400.7,4
6400.8,36
6401.0,1
6401.1,19
6401.1,33
6401.4,8
6401.8,17
6402.8,12
6403.1,31
6403.3,15
6404.3,27
6404.6,29
6404.9,24
6405.2,30
6406.3,6
6406.5,4
6406.7,3
6406.9,32
6407.8,9
6408.1,25
6408.7,23
6408.7,38
6409.2,21
6409.8,22
6409.9,11
6410.3,39
6410.5,2
6411.1,20
6411.4,28
6411.5,8
6411.8,10
6412.0,37
6412.3,5
6412.3,7
6412.3,31
6412.6,19
6413.6,34
6417.0,36
6417.1,12
6417.1,35
6417.1,27
6417.6,30
6418.0,24
6418.3,15
6418.3,17
6418.3,1
6418.9,26
6419.3,22
6419.6,8
6421.7,19
6422.4,3
6423.1,14
6423.3,9
6423.5,23
6423.6,16
6423.6,29
6424.7,4
6426.0,33
6426.0,39
6426.6,30
6427.1,10
6427.1,36
6427.2,12
6427.2,27
6427.5,11
6427.8,17
6428.9,19
6429.2,31
6430.0,8
6430.2,6
6430.7,7
6431.1,28
6431.3,37
6431.8,32
6433.6,34
6433.7,15
6433.7,22
6433.9,0
6434.3,1
6435.0,35
6435.3,38
6435.5,13
6436.0,23
6436.3,21
6437.5,12
6437.5,29
6438.1,30
6439.0,26
6439.1,27
6440.0,24
6440.3,9
6440.8,33
6441.7,4
6441.9,11
6442.0,19
6442.4,5
6442.4,31
6443.7,17
6444.8,8
6445.0,10
6445.9,37
6446.0,36
6446.9,39
6447.9,16
6448.3,3
6448.7,35
6449.4,27
6449.5,30
6449.8,7
6449.9,13
6450.7,8
6450.7,23
6451.0,28
6451.5,15
6451.9,26
6452.6,12
6452.7,6
6452.7,38
6454.0,1
6454.5,19
6455.2,22
6455.9,31
6456.3,11
6456.6,32
6457.1,17
6458.1,29
6458.7,3
6459.7,33
6459.9,27
6459.9,36
6460.5,2
6461.4,39
6461.6,9
6462.5,5
6462.6,15
6462.6,37
6462.9,30
6462.9,16
6463.7,7
6464.6,8
6465.2,22
6465.4,31
6465.4,34
6466.2,19
6466.4,10
6466.8,13
6467.1,28
6467.4,11
6468.3,14
6468.9,35
6469.0,27
6469.3,1
6469.9,12
6470.1,6
6470.5,32
6471.7,3
6472.4,25
6473.5,23
6473.6,26
6474.1,36
6474.3,33
6474.6,39
6474.7,4
6474.7,30
6475.1,24
6476.3,17
6476.6,19
6477.0,8
6477.0,11
6477.2,12
6477.2,15
6477.4,29
6477.7,16
6478.4,31
6478.8,9
6480.5,37
6480.8,38
6481.5,21
6483.0,30
6483.1,5
6483.6,27
6484.1,22
6484.2,36
6484.5,1
6484.6,4
6485.0,6
6485.7,13
6486.0,3
6486.5,32
6488.2,28
6488.8,19
6489.0,35
6489.3,8
6489.3,24
6489.3,31
6489.4,17
6489.6,10
6489.6,23
6489.9,39
6490.8,11
6493.3,7
6494.4,20
6494.8,12
6495.0,15
6495.0,34
6495.4,16
6495.6,29
6496.0,36
6496.5,9
6496.5,30
6497.8,33
6498.5,27
6499.0,26
6499.1,28
6499.8,38
6499.8,37
6500.0,5
6500.2,8
6500.2,22
6500.3,25
6500.4,19
6500.7,17
6500.7,35
6500.9,14
6500.9,31
6501.4,3
6502.2,6
6502.4,11
6502.5,1
6503.6,23
6504.7,2
6506.0,39
6509.6,8
6509.6,36
6509.7,12
6509.9,29
6510.1,30
6510.2,32
6510.5,13
6510.5,15
6510.5,33
6511.2,9
6511.3,10
6511.5,19
6511.9,27
6512.8,4
6513.2,21
6513.4,17
6513.7,31
6513.9,7
6514.2,37
6514.7,11
6515.6,1
6516.2,22
6516.5,34
6516.8,16
6516.8,23
6518.2,24
6518.5,5
6518.5,28
6518.9,35
6519.0,3
6519.3,13
6519.6,8
6519.7,9
6520.7,19
6520.8,38
6520.9,31
6521.5,29
6522.4,39
6523.0,12
6523.9,6
6523.9,15
6523.9,30
6525.3,33
6525.4,17
6525.4,36
6526.1,27
6526.9,11
6527.2,37
6528.4,10
6529.9,2
6530.1,4
6530.2,19
6530.4,23
6530.7,1
6530.7,3
6531.5,8
6532.1,36
6532.6,31
6532.8,30
6533.6,26
6533.9,16
6534.9,7
6535.1,32
6535.3,15
6535.3,35
6535.8,5
6535.9,17
6536.3,34
6536.6,29
6537.2,12
6537.6,6
6537.6,25
6537.9,27
6538.6,8
6539.0,9
6539.1,11
6540.2,39
6540.6,20
6541.3,33
6541.6,19
6541.8,37
6542.1,22
6542.1,36
6542.5,3
6543.0,14
6543.3,13
6543.3,23
6544.2,10
6545.9,0
6546.2,17
6547.4,5
6547.6,38
6547.7,11
6547.9,30
6548.3,31
6548.8,21
6548.9,4
6549.0,32
6549.5,19
6550.4,16
6550.9,1
6551.3,36
6551.6,8
6552.1,15
6552.1,26
6552.4,27
6552.4,34
6552.4,35
6552.5,9
6552.8,12
6552.8,6
6553.6,3
6553.8,29
6554.1,24
6556.2,13
6556.7,11
6557.0,39
6557.8,28
6557.9,22
6558.2,19
6559.0,30
6559.0,32
6559.3,31
6559.6,37
6559.9,23
6560.1,33
6561.0,1
6561.0,27
6561.6,7
6562.0,12
6562.7,5
6563.5,8
6563.7,9
6563.8,10
6563.9,38
6564.1,36
6565.0,2
6566.1,25
6567.8,39
6567.9,3
6567.9,15
6568.1,6
6568.1,17
6568.8,35
6569.0,19
6569.0,20
6569.1,30
6570.2,13
6570.7,14
6570.8,8
6571.0,29
6571.8,11
6571.9,4
6572.2,32
6573.0,26
6574.5,12
6574.6,34
6575.7,37
6575.9,27
6576.0,5
6576.5,23
6576.5,33
6577.0,39
6577.1,36
6577.6,19
6577.6,31
6578.0,16
6579.6,11
6579.6,30
6579.8,15
6579.9,1
6580.2,7
6580.6,28
6581.1,29
6583.4,17
6583.7,10
6584.1,2
6584.5,9
6584.6,27
6584.7,8
6584.9,22
6584.9,38
6585.0,6
6585.0,24
6585.6,3
6585.7,23
6586.0,37
6586.5,1
6586.6,32
6587.3,12
6590.0,19
6591.4,16
6591.8,5
6591.9,11
6592.6,36
6592.8,21
6592.9,29
6594.4,30
6594.4,9
6594.9,26
6595.2,33
6595.5,1
6595.9,31
6596.7,13
6597.1,35
6597.2,15
6597.3,8
6597.6,17
6598.0,39
6598.1,4
6598.3,32
6599.3,27
6599.4,34
6599.7,2
6600.3,14
6600.6,19
6600.9,37
6601.1,0
6601.9,23
6602.1,25
6602.3,11
6602.8,21
6603.0,7
6603.4,6
6603.4,12
6603.6,36
6604.4,10
6605.1,3
6605.1,29
6606.0,8
6606.4,1
6607.4,31
6607.8,30
6607.8,33
6609.3,22
6609.6,16
6611.2,9
6611.2,20
6611.3,39
6611.5,38
6611.6,35
6611.9,5
6611.9,17
6612.1,15
6612.2,27
6612.2,28
6612.5,19
6612.6,12
6613.6,13
6614.2,30
6614.2,32
6615.8,37
6616.8,23
6617.0,36
6617.1,8
6617.7,34
6617.8,7
6618.0,3
6620.3,10
6620.9,26
6621.1,11
6622.6,35
6622.8,29
6623.0,31
6624.1,1
6624.1,6
6624.5,23
6624.5,39
6624.6,5
6625.0,36
6625.1,2
6625.5,15
6625.5,24
6626.0,19
6626.2,8
6626.5,16
6627.0,4
6628.4,27
6628.7,11
6629.5,12
6629.5,30
6629.8,32
6630.2,25
6632.2,7
6632.5,38
6632.9,37
6633.5,9
6633.6,33
6634.2,22
6637.3,17
6637.7,24
6638.1,3
6638.3,10
6638.4,28
6638.6,1
6638.6,8
6638.6,31
6638.7,13
6638.8,29
6639.0,19
6639.4,27
6639.9,6
6640.2,35
6640.3,11
6640.6,23
6641.1,20
6641.6,36
6642.4,12
6642.5,30
6642.6,37
6642.7,32
6642.7,39
6642.8,21
6643.2,16
6643.2,33
6643.8,15
6644.0,14
6644.7,22
6644.8,26
6645.4,4
6645.5,34
6646.1,1
6646.1,9
6646.2,38
6646.7,5
6647.7,11
6648.4,31
6648.5,8
6648.7,3
6649.7,13
6650.5,19
6650.8,27
6652.4,17
6654.3,23
6655.2,25
6655.3,12
6655.3,29
6655.3,30
6655.3,35
6655.3,36
6655.6,2
6656.2,16
6656.2,22
6656.3,33
6656.6,11
6656.6,39
6656.7,8
6656.9,32
6657.2,10
6657.2,19
6657.4,7
6657.6,1
6657.7,15
6658.3,28
6660.1,31
6660.3,37
6660.8,0
6661.4,6
6662.2,9
6662.6,5
6663.8,3
6664.2,36
6664.6,34
6664.7,30
6665.3,27
6667.1,11
6667.1,13
6667.8,38
6668.2,19
6669.7,31
6670.1,29
6670.2,12
6670.3,25
6670.6,26
6671.5,17
6671.6,22
6671.7,8
6673.3,30
6673.4,20
6673.8,23
6674.8,35
6675.5,15
6675.7,4
6677.4,32
6677.5,11
6678.3,39
6678.5,29
6679.3,37
6679.5,33
6679.7,10
6679.8,1
6680.2,27
6681.8,9
6682.2,3
6682.2,7
6682.2,36
6682.6,17
6682.7,8
6682.8,14
6682.9,16
6682.9,19
6683.1,24
6683.1,31
6683.5,21
6683.6,5
6683.7,38
6684.8,39
6685.2,6
6685.5,12
6686.0,29
6686.6,30
6686.7,13
6687.6,11
6688.6,28
6690.3,27
6691.2,15
6692.0,0
6692.0,2
6692.2,34
6693.7,8
6694.1,1
6694.1,37
6694.6,36
6694.8,23
6694.9,31
6695.0,19
6695.4,3
6696.1,17
6696.2,22
6696.4,7
6696.4,33
6696.8,29
6697.2,32
6697.9,10
6698.7,35
6699.8,5
6700.7,20
6701.2,6
6701.2,30
6701.8,39
6701.9,16
6702.0,11
6702.1,25
6702.8,8
6704.1,4
6704.4,26
6705.2,9
6705.3,19
6705.7,28
6705.9,12
6706.9,21
6707.7,27
6708.9,30
6710.5,36
6711.1,1
6711.5,38
6711.7,3
6711.9,22
6712.8,31
6713.3,13
6713.4,17
6713.5,5
6713.7,8
6714.2,19
6714.3,23
6714.3,35
6714.3,37
6714.8,29
6714.8,33
6715.7,27
6715.8,11
6715.8,26
6715.8,32
6716.2,39
6716.6,7
6717.0,15
6717.1,21
6717.1,36
6719.0,30
6719.4,16
6720.0,9
6721.1,12
6722.5,3
6722.5,8
6722.7,10
6722.9,31
6723.4,23
6723.8,1
6724.4,38
6724.8,6
6725.0,11
6726.2,19
6726.5,17
6727.4,5
6727.5,14
6728.6,4
6728.9,22
6730.0,30
6730.4,32
6731.0,35
6731.4,26
6733.1,36
6733.3,8
6733.3,27
6734.0,24
6734.2,29
6734.3,33
6734.5,37
6734.6,15
6735.8,39
6736.0,12
6736.2,7
6737.4,20
6737.6,19
6737.8,10
6738.0,34
6738.5,1
6738.5,35
6738.9,23
6739.2,21
6739.2,31
6739.8,11
6739.9,6
6740.1,3
6740.6,17
6740.7,16
6740.8,2
6740.8,30
6741.4,4
6742.1,37
6742.4,25
6742.6,28
6743.0,36
6743.8,9
6744.3,8
6745.9,13
6746.1,32
6746.5,27
6746.5,29
6748.0,22
6749.6,39
6749.7,38
6750.1,23
6750.8,17
6751.3,7
6751.3,15
6751.5,12
6751.7,31
6751.7,33
6752.4,19
6753.1,34
6753.2,26
6753.9,11
6753.9,35
6754.1,1
6754.1,30
6754.2,5
6754.2,8
6755.7,4
6755.8,2
6756.0,27
6756.3,37
6756.8,3
6757.1,36
6759.2,16
6760.6,24
6760.7,11
6760.9,10
6761.0,0
6761.1,29
6761.7,14
6761.9,7
6762.4,13
6762.4,31
6763.8,30
6763.8,39
6764.5,12
6764.5,17
6766.0,15
6766.0,37
6766.2,1
6766.3,8
6766.6,32
6767.1,19
6767.6,9
6768.2,23
6769.2,27
6769.8,28
6770.0,36
6770.3,35
6770.5,2
6770.5,6
6771.2,25
6771.8,22
6772.0,26
6772.7,16
6773.7,3
6775.4,21
6776.4,33
6776.5,11
6776.8,17
6776.8,38
6777.0,8
6777.4,19
6777.5,15
6777.5,30
6777.7,12
6778.3,10
6778.4,29
6778.7,31
6779.1,37
6779.9,5
6780.1,32
6780.1,36
6780.4,24
6780.8,1
6781.0,27
6783.0,20
6784.0,2
6784.1,23
6784.5,11
6784.9,35
6785.7,19
6786.0,4
6786.5,3
6786.6,8
6786.7,34
6787.0,9
6787.2,30
6787.5,0
6787.5,33
6788.0,27
6788.1,7
6788.6,39
6789.0,12
6790.5,13
6791.7,28
6791.7,31
6792.0,10
6792.3,36
6793.1,11
6793.5,32
6793.5,37
6793.8,23
6793.9,16
6794.2,29
6794.6,17
6795.3,5
6796.0,1
6796.1,14
6796.5,22
6796.8,15
6797.0,12
6797.1,26
6797.8,30
6799.2,39
6799.4,19
6799.4,31
6799.7,8
6800.1,25
6800.3,7
6800.5,6
6801.1,3
6803.1,9
6803.3,11
6803.3,24
6803.7,35
6803.8,36
6804.3,27
6805.8,29
6806.5,16
6806.9,23
6807.0,19
6807.4,38
6808.1,17
6808.4,30
6808.7,2
6808.8,37
6809.5,3
6810.1,1
6811.0,8
6811.2,4
6811.8,32
6812.1,12
6812.4,13
6812.4,36
6812.8,11
6813.1,10
6813.1,39
6813.4,31
6814.5,21
6815.2,6
6816.0,22
6816.6,23
6816.6,26
6818.1,15
6819.4,27
6819.8,5
6820.7,31
6820.9,7
6821.0,8
6821.1,29
6821.2,30
6821.2,16
6821.2,19
6821.4,17
6821.5,28
6821.7,34
6822.4,32
6822.6,1
6823.3,11
6823.4,3
6823.7,35
6826.7,39
6826.8,33
6827.2,10
6827.3,37
6827.6,12
6827.7,38
6827.8,24
6828.1,36
6829.2,27
6829.5,9
6829.5,22
6829.5,29
6830.2,4
6830.5,30
6830.6,19
6830.9,31
6831.2,23
6831.9,6
6832.3,1
6832.4,15
6835.1,3
6836.3,26
6837.4,8
6838.1,35
6838.6,25
6839.1,13
6839.2,10
6839.3,16
6839.6,23
6839.6,29
6839.8,0
6839.8,11
6839.9,39
6840.0,7
6840.3,2
6840.3,12
6840.4,17
6841.1,31
6841.1,36
6841.2,5
6841.2,37
6842.1,21
6842.5,1
6842.5,19
6845.1,38
6845.3,22
6845.6,28
6846.5,8
6847.1,33
6847.2,30
6848.0,3
6848.1,14
6848.4,15
6848.6,4
6849.1,31
6849.3,17
6850.2,9
6850.3,34
6851.7,27
6851.8,6
6853.2,32
6853.4,29
6853.5,39
6853.9,36
6855.9,12
6856.0,10
6856.0,35
6856.1,20
6856.4,11
6856.5,1
6856.9,26
6857.0,5
6857.7,37
6857.8,23
6858.1,30
6858.8,8
6858.9,19
6860.3,15
6860.6,21
6860.9,16
6861.7,7
6861.7,24
6862.0,17
6862.5,31
6863.8,4
6865.2,29
6865.8,36
6865.8,39
6866.0,6
6866.1,3
6866.1,38
6866.4,22
6866.6,9
6867.1,8
6867.2,30
6867.4,12
6867.5,19
6869.4,27
6869.7,13
6870.2,11
6870.2,34
6870.5,32
6870.6,35
6871.1,28
6871.5,1
6873.9,37
6874.3,25
6874.9,8
6875.0,15
6875.4,29
6875.5,33
6875.6,23
6876.2,17
6878.2,12
6878.6,31
6879.0,9
6879.2,10
6879.5,36
6880.1,4
6880.2,16
6880.2,39
6880.3,6
6880.4,14
6880.5,7
6880.6,2
6880.8,30
6880.9,0
6881.1,27
6881.2,26
6881.5,3
6882.0,11
6882.0,35
6883.5,19
6886.3,37
6886.5,13
6886.6,32
6887.0,5
6887.1,12
6887.2,33
6887.2,38
6887.6,8
6887.7,29
6888.3,21
6888.3,23
6888.7,15
6889.9,31
6890.1,17
6891.3,1
6891.6,28
6891.8,30
6892.5,34
6892.8,27
6893.5,16
6893.5,19
6893.5,20
6895.0,39
6895.1,10
6895.9,8
6896.4,11
6898.1,6
6898.2,7
6899.6,13
6899.8,3
6899.8,30
6900.0,5
6900.3,22
6900.4,12
6900.9,31
6901.0,36
6901.3,15
6901.3,32
6901.4,2
6902.6,35
6903.4,9
6903.8,23
6904.1,27
6904.2,1
6904.2,19
6904.2,37
6904.4,11
6904.4,29
6904.8,8
6905.7,33
6905.9,4
6906.1,25
6908.4,17
6908.5,26
6909.4,10
6912.4,3
6912.5,15
6913.6,16
6913.9,22
6913.9,36
6914.1,14
6914.2,30
6914.8,32
6914.9,19
6914.9,39
6915.0,28
6916.3,29
6916.6,13
6916.8,35
6917.1,1
6917.4,6
6917.4,8
6917.4,11
6917.6,31
6918.0,27
6918.1,9
6920.1,21
6920.3,7
6920.4,12
6921.8,38
6923.9,23
6924.1,29
6924.2,19
6924.5,24
6924.7,34
6924.8,17
6924.8,30
6924.8,33
6925.3,3
6925.9,37
6926.0,5
6926.9,27
6927.1,16
6927.9,1
6928.1,15
6928.2,8
6928.6,22
6928.9,11
6929.3,31
6930.4,39
6931.9,36
6932.3,9
6934.3,32
6934.8,30
6934.9,19
6935.0,0
6935.0,20
6935.3,4
6935.4,12
6937.6,23
6938.2,26
6938.4,10
6938.8,13
6939.2,3
6939.2,17
6939.2,27
6939.2,31
6939.3,28
6939.3,35
6939.4,38
6939.6,5
6941.3,37
6942.9,7
6943.4,15
6943.7,2
6943.7,8
6944.2,1
6944.5,34
6945.0,24
6945.6,29
6945.6,30
6946.4,11
6948.0,19
6948.2,25
6948.3,6
6949.3,16
6949.6,22
6949.7,33
6949.8,9
6949.8,39
6950.7,10
6951.4,36
6951.6,3
6952.9,32
6953.2,27
6953.3,17
6953.4,29
6954.5,8
6954.8,31
6955.6,12
6956.3,19
6956.9,11
6957.4,38
6958.0,7
6958.3,23
6958.4,5
6960.5,24
6960.9,30
6961.1,33
6961.4,1
6961.6,15
6961.7,2
6961.8,36
6962.1,14
6962.3,31
6962.4,37
6962.6,22
6963.8,9
6964.1,4
6964.6,35
6964.6,39
6965.0,16
6967.2,34
6967.5,3
6967.6,13
6967.7,20
6968.5,17
6968.6,8
6968.6,10
6968.6,32
6968.7,12
6969.0,29
6969.1,23
6969.4,28
6969.6,1
6969.6,6
6969.7,11
6970.1,27
6970.1,37
6970.6,25
6971.1,19
6971.5,31
6971.6,26
6971.9,33
6972.1,15
6972.2,30
6972.8,22
6975.7,35
6976.2,7
6976.4,36
6976.7,9
6976.7,14
6976.9,0
6977.2,5
6977.5,8
6977.7,12
6978.1,38
6979.4,19
6980.9,3
6981.1,37
6981.2,1
6981.3,25
6982.5,13
6982.7,24
6982.9,17
6983.3,11
6983.6,30
6983.9,39
6984.1,21
6984.3,29
6985.4,31
6985.6,12
6985.7,6
6987.5,2
6987.6,10
6987.7,27
6987.8,23
6988.0,8
6988.1,15
6988.1,22
6988.1,32
6988.3,36
6988.4,4
6989.0,16
6989.1,34
6991.8,19
6991.9,13
6992.0,37
6992.4,9
6993.3,5
6993.3,26
6993.4,3
6993.4,33
6994.3,35
6994.9,20
6995.2,11
6995.4,32
6995.5,15
6995.5,27
6995.8,29
6995.8,30
6996.5,28
6998.4,31
6998.6,8
6999.1,14
7001.1,17
7001.3,12
7001.3,23
7001.9,1
7002.3,7
7003.4,36
7003.6,10
7004.5,3
7004.5,0
7004.8,27
7004.9,26
7004.9,37
7004.9,39
7005.0,16
7005.1,4
7005.1,30
7005.8,9
7005.8,24
7005.9,15
7006.3,6
7006.8,34
7007.0,22
7007.4,19
7007.5,38
7007.5,11
7008.6,13
7009.6,33
7009.7,17
7009.9,5
7010.9,8
7012.9,31
7013.5,29
7014.1,36
7014.8,27
7014.8,37
7015.0,30
7015.2,1
7017.4,10
7018.2,23
7018.5,4
7018.7,26
7019.1,19
7020.6,12
7020.7,11
7020.9,39
7022.0,36
7022.4,14
7022.7,22
7023.2,32
7023.3,2
7023.5,28
7024.6,7
7024.6,8
7024.6,17
7025.7,9
7025.7,15
7025.7,30
7025.8,16
7026.5,31
7028.2,35
7028.3,5
7029.2,20
7029.2,29
7029.3,3
7029.4,27
7029.7,19
7030.8,37
7032.1,23
7032.2,1
7032.5,34
7033.5,12
7033.6,33
7034.3,6
7034.6,11
7034.8,24
7035.0,38
7035.8,22
7035.9,32
7036.1,39
7036.3,29
7036.9,8
7037.2,36
7037.4,30
7037.6,26
7037.8,9
7037.8,19
7038.3,10
7040.4,31
7040.5,28
7040.7,16
7040.8,21
7041.0,3
7041.9,12
7042.0,17
7042.2,7
7042.8,11
7043.0,13
7043.1,35
7043.4,15
7044.0,27
7045.9,37
7048.0,23
7048.0,39
7049.6,19
7049.6,30
7049.6,34
7050.6,36
7050.7,5
7050.7,6
7050.8,1
7050.8,17
7051.7,8
7051.8,29
7052.0,33
7052.1,31
7052.5,32
7054.0,4
7054.4,12
7054.7,27
7055.7,22
7056.2,26
7056.6,25
7056.7,38
7057.9,35
7058.9,15
7059.7,5
7060.2,19
7061.0,23
7061.0,39
7061.1,30
7061.2,37
7062.1,3
7062.5,9
7064.2,36
7064.4,10
7064.7,14
7064.7,16
7064.7,33
7064.8,11
7064.9,8
7065.4,6
7065.5,7
7065.7,28
7065.9,17
7066.4,29
7066.8,13
7067.0,31
7067.0,1
7067.9,4
7068.2,30
7068.7,27
7068.8,34
7069.1,19
7069.8,20
7069.9,3
7071.0,2
7072.0,22
7072.1,15
7072.6,8
7073.9,37
7074.7,31
7074.8,12
7075.3,0
7076.7,11
7077.3,35
7077.9,36
7078.3,30
7079.6,23
7079.6,39
7079.7,32
7079.8,4
7080.4,21
7081.7,38
7081.9,27
7082.5,1
7082.8,3
7083.3,9
7083.3,17
7083.4,24
7083.9,8
7083.9,13
7084.1,19
7084.6,12
7085.1,5
7085.2,7
7085.8,34
7086.5,36
7086.7,33
7087.4,15
7087.8,29
7088.0,16
7089.3,10
7089.5,30
7090.4,27
7090.6,26
7090.7,31
7090.8,11
7091.2,6
7091.4,23
7091.9,28
7092.5,1
7094.6,3
7096.1,22
7097.1,8
7097.2,37
7097.3,34
7097.6,2
7097.6,36
7097.8,35
7098.4,19
7098.6,12
7098.6,31
7098.8,39
7099.5,17
7101.3,30
7102.0,29
7102.1,27
7102.9,23
7104.3,33
7104.4,7
7104.6,4
7105.1,11
7105.1,38
7105.3,9
7105.3,25
7105.3,37
7105.6,14
7105.8,10
7105.8,22
7106.7,1
7106.8,15
7108.0,5
7108.1,19
7109.0,8
7109.6,16
7110.3,12
7111.5,39
7111.8,3
7112.2,13
7112.7,24
7112.8,27
7112.8,36
7113.5,17
7113.7,30
7114.2,1
7114.3,26
7114.6,20
7114.9,11
7115.0,23
7115.0,33
7115.1,32
7115.2,31
7117.1,2
7118.1,5
7118.6,15
7119.1,8
7119.1,35
7119.5,29
7121.4,14
7121.5,19
7121.7,6
7122.0,9
7122.4,12
7123.7,4
7124.5,17
7124.6,13
7125.0,38
7125.1,30
7125.5,7
7126.5,28
7126.5,31
7126.8,16
7127.3,0
7127.4,10
7127.5,1
7128.2,22
7128.4,11
7128.5,27
7128.7,23
7128.7,36
7128.9,37
7129.5,34
7129.7,19
7129.7,21
7129.8,8
7129.8,39
7131.0,32
7133.1,35
7133.3,26
7133.7,33
7134.5,30
7135.1,3
7135.4,6
7135.8,11
7136.0,9
7136.5,12
7137.4,37
7137.5,15
7137.5,29
7138.5,4
7140.0,27
7140.1,22
7140.2,25
7140.9,1
7140.9,19
7141.0,24
7141.3,21
7141.4,5
7142.4,13
7142.5,17
7142.7,8
7142.9,36
7143.6,29
7143.9,7
7144.3,2
7145.3,16
7145.4,39
7146.2,3
7146.5,32
7147.2,11
7147.9,31
7149.0,30
7149.4,15
7149.5,12
7149.7,10
7149.9,9
7150.2,33
7150.7,23
7150.8,34
7151.0,6
7151.3,28
7151.5,35
7152.2,37
7153.1,8
7153.2,38
7153.3,22
7153.5,27
7154.3,1
7154.8,19
7155.4,36
7155.9,3
7156.7,30
7158.9,13
7159.0,31
7159.3,11
7160.1,29
7160.3,26
7160.4,17
7161.7,16
7161.8,7
7162.0,15
7162.2,0
7162.3,5
7162.8,33
7163.2,24
7164.0,1
7164.3,30
7164.4,12
7164.7,35
7164.8,4
7164.9,32
7165.4,9
7165.7,37
7165.9,3
7166.0,31
7166.1,8
7167.0,39
7167.2,10
7167.4,19
7167.4,36
7167.5,25
7168.1,23
7168.6,20
7170.1,27
7172.2,29
7173.0,11
7173.9,26
7174.4,6
7174.6,22
7174.7,16
7176.1,8
7176.4,17
7176.6,39
7177.0,38
7177.1,33
7177.7,34
7177.8,12
7179.1,30
7179.1,32
7179.6,15
7179.8,1
7179.8,36
7179.9,9
7180.2,31
7180.4,4
7180.9,13
7180.9,21
7181.0,23
7181.2,19
7181.5,3
7182.8,27
7183.2,37
7183.3,11
7184.0,28
7184.6,35
7185.1,30
7186.4,17
7187.8,6
7188.6,25
7189.2,8
7189.5,7
7189.8,12
7189.8,29
7192.0,31
7192.8,36
7193.0,34
7193.2,3
7193.4,5
7193.4,39
7193.5,26
7193.5,37
7193.6,15
7193.6,19
7193.9,4
7194.0,2
7194.2,10
7194.3,16
7194.7,22
7196.2,9
7196.4,27
7196.9,8
7197.1,13
7197.1,32
7197.2,33
7197.8,29
7198.0,30
7198.1,14
7198.9,11
7200.0,1
7201.6,31
7202.3,16
7203.0,39
7203.6,6
7203.6,7
7203.7,19
7203.8,35
7204.5,38
7205.1,3
7205.1,12
7205.1,21
7205.2,17
7205.2,23
7205.6,8
7206.1,20
7206.6,26
7206.6,27
7207.2,30
7207.4,36
7207.8,10
7208.7,24
7210.0,15
7211.9,19
7212.9,29
7213.2,5
7213.2,25
7213.6,9
7214.5,16
7214.6,1
7214.7,30
7214.8,37
7215.0,11
7215.1,24
7216.2,23
7217.0,10
7217.4,31
7218.1,2
7218.1,3
7218.7,39
7219.0,4
7219.2,34
7219.3,15
7219.3,36
7219.4,8
7220.0,32
7222.1,22
7223.5,12
7223.8,1
7223.8,33
7224.3,17
7224.5,19
7224.6,27
7225.4,13
7226.1,6
7226.6,35
7227.2,29
7228.7,30
7228.7,36
7228.8,16
7229.7,38
7229.9,8
7230.1,37
7230.3,7
7230.3,31
7230.9,39
7231.3,11
7231.5,9
7231.6,3
7232.4,23
7235.1,32
7235.8,28
7236.4,10
7236.7,0
7236.8,1
7236.8,26
7236.9,20
7237.0,15
7237.2,19
7237.2,34
7237.4,30
7237.5,11
7237.5,35
7237.6,27
7237.8,4
7237.8,12
7238.2,5
7238.4,13
7239.8,8
7240.3,23
7240.6,33
7241.0,37
7241.9,36
7242.2,17
7242.5,14
7243.5,29
7246.1,3
7246.8,19
7247.3,22
7247.4,31
7247.8,9
7248.0,39
7248.1,7
7248.3,25
7248.5,24
7249.2,30
7249.4,21
7250.1,27
7250.2,16
7250.7,8
7251.6,36
7251.7,15
7251.8,11
7252.8,12
7252.9,6
7252.9,32
7253.2,38
7253.6,35
7253.8,17
7254.1,1
7254.2,10
7254.8,37
7255.5,13
7255.7,20
7255.7,23
7256.0,33
7256.2,29
7256.8,4
7258.7,30
7258.9,31
7259.2,19
7262.2,22
7263.2,9
7263.6,2
7263.7,3
7264.2,12
7264.2,36
7264.3,8
7264.5,26
7265.0,5
7265.0,15
7265.1,38
7265.7,17
7265.9,35
7267.0,39
7267.2,11
7267.7,7
7267.9,27
7268.1,19
7268.9,32
7269.2,30
7269.7,1
7270.1,29
7270.4,10
7271.7,37
7271.8,21
7272.9,23
7273.1,34
7273.2,14
7273.9,28
7273.9,31
7274.2,6
7274.2,36
7274.4,8
7274.6,16
7274.7,33
7275.6,12
7275.9,3
7279.7,5
7279.7,9
7280.4,39
7280.5,19
7280.9,15
7281.7,27
7281.9,30
7281.9,29
7282.8,22
7283.7,11
7284.3,1
7284.3,20
7284.6,10
7285.2,13
7285.8,36
7286.0,2
7286.0,4
7286.2,8
7286.4,35
7286.5,17
7286.5,37
7286.6,23
7287.5,31
7287.6,33
7287.6,38
7289.6,12
7289.7,32
7290.8,29
7291.3,15
7291.8,25
7293.0,30
7293.6,3
7293.7,19
7294.1,16
7294.4,5
7294.5,24
7294.6,7
7294.6,26
7294.9,27
7295.0,11
7295.1,6
7296.3,8
7297.4,34
7298.1,9
7299.3,28
7299.4,39
7300.3,32
7300.6,37
7300.9,23
7301.2,0
7301.2,10
7301.4,17
7301.4,35
7302.5,36
7303.3,27
7303.8,22
7304.4,12
7304.5,1
7304.7,8
7305.1,3
7305.2,15
7305.7,19
7305.8,31
7306.2,26
7306.3,13
7306.5,30
7308.0,21
7308.0,29
7308.1,11
7308.6,4
7308.8,38
7309.2,16
7311.4,9
7312.2,2
7312.9,8
7313.0,39
7313.1,6
7313.1,12
7313.6,24
7314.2,33
7314.5,10
7314.5,14
7314.6,37
7315.1,27
7315.2,5
7315.2,17
7315.3,36
7315.4,23
7316.2,19
7317.3,15
7317.6,30
7318.0,3
7318.5,31
7318.9,7
7320.0,38
7320.3,1
7320.4,32
7320.8,29
7321.1,28
7321.1,34
7324.2,11
7324.7,35
7325.0,17
7325.1,8
7326.1,39
7326.5,16
7326.6,2
7326.6,19
7326.9,26
7327.0,36
7327.8,12
7328.2,22
7328.9,4
7329.1,37
7329.4,3
7329.5,21
7329.6,10
7330.2,30
7330.3,1
7331.3,31
7331.7,27
7331.8,23
7333.1,15
7333.7,29
7333.9,33
7335.9,9
7337.3,32
7337.4,22
7337.6,6
7337.9,13
7338.1,8
7338.2,20
7338.9,7
7338.9,30
7338.9,35
7339.4,23
7339.5,12
7339.7,17
7339.9,11
7340.4,19
7341.4,16
7342.6,36
7343.3,3
7343.7,31
7343.8,29
7344.1,1
7344.3,21
7344.4,24
7345.9,39
7346.2,27
7346.3,2
7346.4,12
7346.4,37
7347.0,8
7347.7,38
7347.9,26
7349.5,30
7349.7,5
7349.8,22
7351.7,4
7351.7,36
7351.9,15
7352.3,25
7352.9,39
7353.1,29
7353.6,9
7354.3,7
7354.4,28
7354.4,33
7356.2,10
7356.3,31
7356.3,32
7356.9,34
7357.2,8
7357.3,3
7357.5,11
7359.1,19
7360.1,13
7360.1,30
7360.2,12
7360.5,23
7360.6,27
7360.7,1
7361.2,14
7361.5,21
7361.6,17
7362.1,0
7362.1,35
7362.2,16
7363.6,22
7364.0,8
7364.3,37
7364.5,20
7365.7,6
7366.5,36
7366.8,39
7366.9,7
7367.4,11
7368.0,5
7368.2,32
7368.3,26
7369.7,30
7370.6,9
7371.4,19
7371.5,31
7371.7,10
7371.8,15
7372.6,29
7372.7,12
7372.9,27
7373.1,2
7373.6,14
7374.4,38
7375.1,35
7375.3,1
7376.0,3
7376.3,13
7377.6,11
7378.3,4
7378.3,24
7378.4,33
7378.9,34
7379.2,36
7379.5,22
7380.0,16
7380.3,6
7380.6,8
7380.9,23
7381.5,29
7381.5,32
7381.9,30
7381.9,37
7382.1,31
7382.4,17
7382.7,9
7382.9,28
7383.0,10
7383.1,27
7383.3,21
7383.9,20
7384.3,7
7384.6,15
7385.7,12
7386.2,39
7386.6,5
7387.0,19
7387.3,11
7388.7,2
7391.3,26
7392.0,22
7392.1,25
7392.2,1
7392.5,8
7393.0,27
7393.1,36
7394.1,30
7394.1,35
7394.2,6
7394.9,3
7395.2,33
7395.3,14
7395.4,31
7395.9,10
7395.9,16
7396.2,4
7396.6,9
7396.6,38
7396.8,37
7396.9,23
7397.4,7
7397.7,29
7399.0,39
7399.2,19
7399.6,1
7400.9,8
7401.8,5
7402.7,17
7402.9,28
7403.9,13
7403.9,0
7403.9,30
7404.1,15
7404.7,24
7405.0,12
7405.3,35
7405.4,7
7405.6,11
7408.3,36
7408.9,10
7408.9,27
7409.8,31
7410.1,3
7410.2,6
7410.3,19
7410.3,20
7410.4,21
7410.4,22
7410.5,23
7411.2,17
7411.5,26
7411.7,34
7411.8,16
7411.9,29
7411.9,33
7412.3,5
7412.4,37
7412.7,9
7413.1,1
7413.2,8
7413.7,32
7413.8,14
7414.2,30
7414.7,2
7414.9,25
7415.4,12
7415.8,11
7416.1,39
7417.3,35
7420.6,27
7421.1,36
7421.8,19
7422.1,7
7422.4,3
7422.5,30
7422.6,38
7422.9,4
7422.9,26
7423.3,10
7423.3,13
7423.4,17
7424.1,6
7424.2,22
7424.7,31
7424.8,32
7424.9,9
7425.3,15
7428.6,37
7429.1,33
7429.3,23
7429.7,29
7429.9,8
7430.7,16
7430.7,19
7431.1,1
7431.8,11
7432.3,17
7433.0,0
7434.0,35
7434.3,5
7434.3,36
7434.6,30
7435.0,27
7435.5,12
7436.0,28
7436.5,10
7436.6,8
7437.0,4
7437.7,6
7437.8,38
7438.0,39
7438.3,21
7438.3,31
7438.5,3
7438.6,26
7439.1,7
7439.4,15
7440.6,1
7441.9,34
7442.5,9
7442.9,19
7443.7,11
7443.7,24
7443.8,32
7444.0,23
7444.3,13
7444.8,12
7446.1,8
7446.9,29
7448.1,3
7448.1,35
7448.3,22
7448.3,27
7448.7,36
7449.2,14
7449.2,16
7449.2,30
7449.5,21
7450.0,17
7452.3,39
7452.4,15
7452.5,5
7453.5,31
7453.9,28
7454.6,11
7455.0,23
7455.2,38
7455.3,2
7455.7,10
7455.7,19
7455.9,20
7456.7,12
7457.9,32
7458.3,1
7458.3,8
7458.5,22
7458.9,37
7459.9,7
7460.3,9
7460.4,4
7460.4,29
7460.5,13
7460.7,30
7460.8,33
7460.9,36
7463.5,6
7463.5,15
7463.5,35
7464.5,26
7464.6,27
7464.7,12
7466.0,32
7468.4,39
7468.6,31
7469.1,3
7469.6,17
7469.8,8
7469.9,23
7470.0,19
7470.0,22
7470.3,5
7470.6,30
7470.7,21
7471.1,10
7471.6,11
7473.1,36
7474.2,1
7474.3,12
7475.1,25
7475.4,16
7475.6,29
7475.9,27
7476.8,34
7478.0,37
7478.4,13
7478.4,32
7478.5,30
7478.6,26
7478.9,38
7479.7,9
7479.7,20
7480.6,3
7481.6,15
7481.8,8
7482.5,6
7482.7,4
7482.8,39
7483.5,23
7484.1,16
7484.2,17
7485.1,29
7486.4,32
7486.5,22
7486.5,33
7486.6,35
7487.1,30
7487.3,19
7487.3,28
7487.4,27
7488.0,11
7488.1,10
7488.4,1
7488.5,36
7488.9,2
7490.0,14
7491.1,12
7491.2,31
7491.9,5
7493.1,24
7493.2,17
7493.3,7
7493.3,37
7493.4,8
7495.3,9
7495.7,38
7496.0,3
7497.0,20
7497.1,30
7497.2,39
7497.3,13
7497.3,19
7497.9,23
7498.1,6
7498.4,4
7499.7,27
7500.2,15
7500.2,36
7501.2,31
7501.2,32
7501.7,11
7502.0,17
7502.3,12
7503.0,1
7503.2,8
7503.7,16
7503.8,22
7505.9,29
7506.0,35
7507.7,2
7508.0,11
7509.0,19
7509.3,3
7510.2,24
7510.2,25
7510.5,7
7511.9,5
7512.1,26
7512.3,10
7512.3,23
7512.3,37
7512.4,15
7512.5,32
7512.7,21
7512.7,34
7512.8,39
7513.9,9
7514.9,8
7515.9,33
7516.0,16
7516.4,4
7516.4,30
7516.8,31
7517.0,1
7517.2,27
7518.2,3
7518.2,36
7518.4,13
7518.4,14
7518.8,17
7519.0,29
7520.4,19
7522.3,12
7523.0,28
7523.1,11
7523.4,6
7523.4,30
7524.0,8
7524.9,22
7524.9,38
7525.3,32
7526.0,39
7526.3,37
7526.9,27
7527.2,34
7527.2,35
7527.7,7
7527.8,9
7528.7,3
7528.9,15
7529.1,26
7529.8,17
7529.8,23
7530.5,1
7530.7,13
7531.1,0
7531.3,11
7531.8,10
7531.9,30
7532.1,19
7532.2,8
7532.2,16
7532.3,5
7533.2,36
7535.4,27
7535.4,31
7535.7,12
7536.2,38
7536.3,22
7536.5,29
7536.9,20
7536.9,32
7538.7,11
7539.9,14
7542.2,30
7542.9,36
7543.1,39
7543.2,35
7543.3,4
7543.7,28
7543.8,8
7543.8,37
7544.1,23
7544.6,6
7544.8,7
7545.0,10
7545.3,31
7545.4,34
7546.3,25
7546.5,9
7546.6,1
7546.8,19
7547.5,15
7548.2,3
7548.2,16
7548.6,33
7549.2,17
7549.2,29
7549.5,21
7550.1,38
7550.2,12
7550.4,26
7551.0,32
7552.8,30
7553.3,11
7553.5,13
7553.9,19
7554.3,4
7554.3,8
7554.5,27
7554.9,37
7556.1,23
7557.0,39
7557.4,36
7558.2,5
7558.9,30
7561.0,16
7561.3,12
7561.9,32
7562.5,1
7562.5,2
7562.5,22
7562.5,29
7563.0,31
7564.4,10
7565.1,27
7565.3,19
7565.4,17
7565.9,7
7565.9,36
7566.0,15
7566.2,8
7566.7,38
7567.0,3
7567.0,11
7567.3,35
7567.5,34
7567.9,23
7568.1,33
7568.2,6
7568.3,13
7568.5,20
7569.2,37
7569.6,24
7572.6,4
7572.7,16
7573.0,28
7573.3,30
7573.7,39
7574.0,22
7574.0,31
7574.2,9
7575.3,11
7575.4,19
7575.5,1
7575.5,12
7575.5,26
7576.0,15
7576.2,8
7576.7,32
7577.1,36
7577.3,14
7578.9,29
7579.6,6
7579.8,23
7580.5,27
7581.8,10
7583.1,17
7583.2,3
7584.0,36
7584.4,38
7584.7,7
7585.1,30
7587.0,11
7587.3,5
7587.6,19
7588.1,37
7588.3,31
7588.4,8
7588.4,39
7588.8,0
7591.5,4
7591.8,12
7591.9,16
7592.6,36
7592.9,20
7593.0,15
7593.0,35
7593.4,2
7593.5,13
7593.7,1
7594.2,9
7594.6,22
7595.0,29
7595.2,30
7595.3,26
7595.4,31
7596.3,8
7597.3,10
7597.3,28
7597.5,32
7597.6,27
7597.8,11
7597.9,3
7599.9,19
7600.6,17
7600.6,24
7600.9,21
7601.1,37
7601.4,33
7601.4,34
7601.6,23
7601.9,35
7604.5,16
7604.7,25
7605.3,7
7605.4,6
7605.4,14
7605.4,30
7605.5,27
7605.6,12
7605.6,36
7605.6,38
7606.0,1
7606.3,39
7606.5,15
7606.9,8
7607.9,19
7608.8,9
7609.6,13
7610.2,35
7611.1,26
7611.2,5
7611.2,31
7612.5,22
7612.9,3
7613.0,29
7613.3,17
7613.4,23
7613.8,20
7615.0,8
7615.0,32
7615.0,37
7615.4,10
7615.4,19
7615.4,39
7615.6,11
7616.0,15
7617.8,12
7618.2,27
7620.0,33
7620.5,30
7623.1,2
7623.1,25
7623.4,28
7623.8,36
7624.3,3
7624.5,38
7624.7,29
7624.8,10
7624.8,14
7624.8,16
7624.9,4
7624.9,34
7625.9,6
7626.1,1
7626.8,23
7626.8,35
7627.3,31
7627.4,15
7627.5,5
7628.5,17
7628.8,11
7628.9,32
7628.9,37
7629.3,22
7630.1,7
7630.4,19
7631.7,8
7631.9,12
7632.9,24
7632.9,39
7633.8,30
7636.3,9
7636.5,27
7637.2,0
7637.5,13
7637.7,6
7638.4,28
7638.5,26
7638.8,36
7639.6,11
7639.6,15
7640.2,34
7640.4,17
7640.4,31
7640.7,1
7641.8,3
7641.8,29
7642.2,10
7642.4,33
7643.0,23
7643.1,12
7643.1,35
7643.2,37
7643.2,38
7643.4,32
7644.0,19
7644.0,30
7646.9,16
7647.3,8
7647.6,21
7647.6,22
7648.5,15
7649.8,39
7649.9,5
7649.9,30
7650.0,7
7650.1,27
7652.0,31
7652.9,4
7653.3,11
7653.6,36
7653.6,37
7653.9,9
7654.4,3
7654.7,6
7654.8,35
7654.9,23
7655.2,34
7656.8,8
7656.9,31
7657.2,19
7657.3,12
7657.4,13
7657.5,22
7658.1,29
7658.7,1
7658.7,14
7659.0,27
7659.0,33
7661.4,9
7661.5,15
7661.7,17
7661.7,26
7662.2,28
7662.2,30
7662.3,39
7662.6,10
7663.3,20
7663.5,11
7664.8,21
7666.0,32
7666.3,7
7667.3,8
7667.3,19
7667.8,36
7667.8,38
7668.1,37
7668.3,4
7668.7,13
7668.7,31
7671.0,5
7671.3,2
7671.4,3
7671.6,12
7671.7,27
7672.2,35
7672.5,9
7672.6,16
7672.7,29
7673.0,17
7673.3,23
7675.0,39
7675.5,8
7675.8,33
7676.0,30
7676.5,11
7676.6,1
7677.2,22
7677.5,6
7677.5,28
7677.9,19
7679.1,16
7679.1,32
7679.6,15
7680.5,7
7680.5,36
7680.6,37
7681.5,34
7682.3,23
7682.6,10
7683.6,12
7685.1,24
7685.8,1
7685.8,31
7686.1,27
7686.2,8
7686.3,29
7687.3,4
7687.5,35
7688.4,11
7688.9,30
7689.2,14
7689.8,9
7690.0,13
7690.3,17
7690.5,21
7691.3,38
7691.7,15
7691.8,26
7691.9,19
7692.5,33
7693.0,5
7693.2,37
7693.7,39
7693.8,3
7693.9,31
7694.0,22
7694.1,8
7694.7,12
7694.7,36
7698.7,1
7699.1,23
7700.2,27
7700.4,32
7701.2,28
7701.7,39
7702.1,2
7702.1,19
7702.4,29
7702.6,10
7702.8,30
7703.3,12
7703.5,17
7703.8,22
7704.4,37
7704.8,8
7705.1,11
7705.5,16
7706.4,6
7706.4,35
7708.0,4
7708.2,27
7708.5,3
7708.5,31
7709.0,7
7709.9,23
7710.3,1
7710.4,25
7710.9,9
7710.9,15
7711.2,36
7713.4,30
7713.9,39
7714.1,26
7715.2,19
7715.6,29
7715.9,8
7716.9,32
7717.7,10
7717.7,37
7717.9,35
7718.0,11
7718.0,33
7718.8,13
7719.0,15
7719.1,28
7719.4,17
7719.6,27
7719.7,1
7720.5,23
7721.0,3
7721.8,20
7722.4,12
7723.0,31
7723.3,36
7723.4,8
7724.5,16
7724.6,5
7724.8,7
7724.8,34
7725.3,38
7725.6,26
7725.9,29
7727.1,30
7729.0,19
7729.7,39
7729.8,9
7730.4,37
7731.6,22
7731.7,21
7732.2,35
7732.4,27
7732.7,23
7732.9,6
7733.0,12
7733.1,1
7733.9,10
7734.1,8
7734.2,11
7734.2,15
7734.3,17
7734.3,33
7734.3,3
7735.4,36
7735.9,30
7735.9,32
7736.1,19
7736.1,31
7736.4,24
7736.8,16
7737.7,29
7738.5,4
7739.6,5
7742.0,39
7742.5,34
7743.2,38
7743.4,2
7744.1,11
7745.2,1
7745.4,3
7745.5,8
7745.5,13
7745.5,26
7745.8,20
7746.1,28
7746.2,7
7746.3,9
7746.4,23
7746.5,35
7746.5,37
7746.5,36
7746.7,30
7746.8,17
7747.8,19
7749.1,0
7749.5,15
7750.3,12
7750.9,27
7752.8,16
7752.8,22
7752.8,31
7753.7,32
7753.9,33
7754.4,8
7754.4,13
7754.5,29
7755.3,6
7755.8,7
7756.7,5
7757.1,3
7757.5,23
7758.0,36
7758.4,14
7758.6,30
7758.9,9
7759.8,37
7760.0,39
7760.4,34
7761.3,10
7761.3,19
7761.4,24
7761.5,11
7761.5,17
7761.5,35
7761.9,33
7762.2,27
7762.9,26
7764.9,1
7765.5,8
7766.1,4
7767.4,30
7767.5,12
7767.7,3
7769.0,32
7769.1,15
7769.7,29
7769.8,38
7769.9,31
7770.4,13
7771.1,21
7771.8,19
7772.1,16
7772.9,11
7773.2,23
7773.8,33
7775.3,36
7777.5,5
7777.6,25
7777.6,35
7778.3,27
7778.5,10
7778.5,30
7778.6,6
7778.7,1
7778.7,20
7778.7,37
7778.8,28
7779.2,39
7779.3,22
7779.4,7
7779.4,8
7779.5,29
7779.8,3
7780.5,15
7780.9,17
7781.0,12
7781.0,14
7782.2,19
7782.3,31
7783.4,2
7784.4,9
7784.6,24
7785.6,36
7786.2,11
7786.9,32
7787.2,30
7787.5,8
7787.6,33
7787.7,4
7788.0,7
7788.8,16
7789.1,6
7790.0,23
7790.1,13
7790.7,27
7791.9,19
7792.6,26
7792.9,1
7793.0,10
7793.6,3
7793.9,37
7794.1,38
7794.7,31
7795.3,17
7795.3,29
7796.0,39
7796.1,21
7796.8,30
7797.0,15
7797.3,12
7797.5,34
7797.6,11
7798.8,8
7798.8,36
7800.1,13
7800.1,20
7800.8,35
7801.1,22
7801.9,5
7802.4,28
7802.6,19
7803.2,9
7803.2,26
7803.4,16
7803.6,27
7804.1,7
7806.3,1
7806.9,33
7807.1,31
7808.5,37
7808.6,4
7808.9,2
7808.9,30
7809.7,6
7809.8,11
7809.9,36
7810.0,8
7810.0,12
7810.4,3
7810.4,32
7810.6,25
7810.8,39
7811.1,15
7811.3,23
7811.4,0
7812.2,29
7814.5,14
7814.7,9
7814.7,24
7815.9,38
7816.1,28
7816.3,35
7816.6,10
7817.7,8
7818.0,19
7818.3,26
7818.4,27
7818.5,36
7818.6,16
7818.6,22
7818.7,1
7818.8,11
7819.0,17
7819.1,5
7819.1,37
7819.3,30
7820.2,32
7821.7,31
7823.4,29
7823.7,15
7824.6,6
7825.0,12
7825.1,16
7825.2,7
7825.5,3
7827.8,8
7829.2,34
7829.7,23
7829.7,39
7829.9,35
7830.1,13
7830.6,33
7831.0,36
7831.2,9
7831.3,27
7831.8,31
7832.2,11
7832.2,19
7832.2,30
7832.6,17
7832.6,29
7833.5,14
7833.5,22
7833.9,1
7833.9,32
7837.9,2
7839.4,4
7839.4,12
7839.7,5
7839.9,20
7840.2,3
7840.6,38
7840.8,15
7841.1,27
7841.1,28
7841.5,8
7841.8,19
7842.0,26
7842.0,29
7842.6,10
7843.2,37
7844.8,23
7844.9,21
7845.0,30
7845.5,13
7845.5,39
7845.9,16
7846.4,36
7846.7,6
7847.1,11
7847.1,31
7847.3,1
7848.1,0
7849.3,22
7849.3,27
7849.9,35
7850.2,17
7850.3,7
7850.5,8
7851.3,3
7852.7,15
7852.7,19
7854.1,25
7854.3,30
7855.4,6
7855.4,34
7855.5,32
7856.0,5
7856.5,37
7856.9,23
7857.4,10
7857.6,29
7857.6,38
7858.1,14
7858.1,33
7858.3,24
7858.5,16
7858.6,36
7858.7,20
7858.7,39
7859.1,9
7860.6,31
7860.7,12
7861.2,35
7862.6,8
7862.9,22
7863.2,1
7863.4,11
7863.7,26
7864.7,30
7865.1,3
7865.5,13
7865.8,27
7866.1,29
7867.0,19
7869.2,11
7869.3,15
7869.9,17
7870.6,4
7870.9,12
7871.6,31
7872.0,7
7872.7,24
7872.9,37
7873.3,8
7874.0,39
7874.1,35
7874.8,26
7876.6,16
7877.1,19
7877.1,36
7877.3,6
7877.4,5
7877.4,30
7877.6,33
7878.1,1
7878.2,3
7878.6,23
7878.9,29
7879.1,27
7879.3,32
7879.8,12
7881.3,10
7881.6,8
7883.2,34
7883.6,15
7884.7,38
7885.2,22
7885.4,14
7885.6,25
7886.1,31
7886.6,2
7886.7,9
7886.8,28
7887.0,11
7888.1,35
7888.5,17
7888.6,39
7889.3,19
7889.4,37
7889.5,27
7890.0,26
7890.2,16
7890.2,30
7890.6,29
7891.5,36
7892.1,1
7894.4,23
7894.6,3
7895.5,12
7896.2,8
7896.5,33
7897.0,5
7897.0,32
7897.3,7
7898.1,21
7898.3,31
7898.8,0
7899.2,38
7900.0,11
7900.0,29
7900.3,4
7900.6,19
7902.0,10
7902.2,27
7902.8,15
7902.8,20
7902.9,30
7903.1,1
7903.4,37
7903.6,8
7904.0,14
7905.2,9
7905.7,17
7906.2,13
7906.7,23
7906.8,2
7907.1,3
7907.1,35
7907.1,36
7908.8,5
7909.1,6
7909.1,34
7909.8,39
7910.4,22
7911.1,16
7912.8,12
7913.6,30
7913.6,33
7913.8,28
7913.9,1
7914.0,26
7914.0,36
7914.3,11
7914.5,31
7914.6,32
7914.8,7
7915.0,19
7915.4,37
7915.6,20
7915.8,4
7915.8,29
7917.9,8
7918.9,27
7919.7,15
7920.1,9
7921.4,10
7921.8,3
7921.8,35
7923.1,17
7923.4,30
7923.5,22
7923.9,23
7925.3,1
7926.0,19
7926.1,16
7926.1,39
7926.2,5
7926.3,6
7926.4,12
7926.4,36
7927.0,27
7927.7,11
7927.7,32
7928.5,14
7928.8,25
7929.4,8
7929.9,31
7931.0,33
7931.0,38
7931.5,13
7932.3,21
7933.0,7
7933.5,15
7933.8,29
7934.0,24
7935.7,30
7936.3,19
7936.5,0
7937.0,37
7937.9,23
7938.1,9
7938.2,10
7938.4,31
7938.9,35
7939.0,22
7939.1,8
7939.4,3
7939.8,1
7939.8,36
7940.8,26
7941.4,27
7942.2,11
7942.3,12
7943.3,2
7943.5,28
7943.6,17
7943.7,16
7943.9,15
7943.9,29
7944.7,4
7944.8,39
7945.3,33
7945.7,30
7946.5,19
7947.8,21
7948.9,8
7949.2,32
7951.5,9
7952.1,34
7952.2,37
7953.0,27
7953.1,20
7953.1,31
7953.2,6
7953.3,5
7953.7,12
7953.7,25
7953.7,36
7953.8,1
7954.0,7
7954.3,11
7954.7,26
7954.8,10
7954.8,13
7955.9,22
7956.2,17
7957.3,30
7957.9,35
7958.3,29
7958.4,19
7959.4,15
7959.5,32
7959.6,3
7959.7,23
7960.6,8
7960.8,39
7961.4,14
7961.6,34
7962.4,11
7962.9,38
7964.5,1
7965.0,27
7965.5,12
7965.7,30
7966.3,10
7966.5,13
7966.7,31
7967.4,36
7967.5,16
7969.3,5
7970.0,24
7970.5,6
7971.2,19
7971.3,35
7971.6,37
7973.2,7
7973.2,29
7973.4,17
7973.5,9
7973.5,27
7973.8,8
7973.9,2
7974.0,28
7974.3,22
7975.0,3
7975.3,23
7975.6,11
7975.7,32
7975.9,4
7976.2,39
7976.8,30
7977.4,15
7977.9,31
7978.8,20
7979.2,36
7979.3,12
7981.6,19
7981.6,33
7982.8,16
7984.1,17
7984.9,10
7985.1,8
7985.8,29
7986.0,21
7986.1,0
7986.1,22
7986.2,38
7986.4,27
7986.4,34
7987.1,31
7987.4,1
7987.6,37
7987.8,3
7988.9,39
7989.7,36
7990.8,26
7991.0,5
7991.3,13
7991.8,19
7991.8,30
7992.3,15
7992.6,25
7992.7,6
7992.7,11
7992.7,12
7992.7,32
7993.7,35
7995.5,4
7995.6,14
7995.6,23
7996.0,28
7996.4,8
7997.5,33
7997.7,2
7998.4,9
7998.5,22
7999.2,10
7999.9,27
8001.4,31
8001.5,37
8002.0,3
8002.1,29
8002.4,1
8002.8,7
8002.8,11
8002.9,17
8003.0,24
8003.1,38
8003.9,19
8004.1,30
8004.7,12
8006.5,36
8006.5,39
8007.1,15
8007.5,8
8007.9,21
8007.9,23
8009.1,34
8009.4,9
8009.6,35
8009.8,16
8009.9,26
8010.6,32
8010.8,13
8011.0,10
8011.1,31
8013.1,17
8014.0,30
8014.3,27
8014.6,3
8014.6,4
8015.1,36
8015.2,22
8015.7,2
8016.5,12
8016.7,1
8016.7,19
8016.7,29
8017.2,11
8017.2,24
8017.6,38
8018.6,6
8018.7,37
8018.9,33
8019.0,8
8020.6,15
8021.5,9
8022.1,28
8023.3,20
8023.3,23
8023.6,5
8024.0,25
8024.5,14
8024.6,31
8024.8,27
8025.3,36
8025.6,3
8025.7,30
8025.8,16
8025.9,35
8026.1,29
8026.3,17
8027.0,4
8027.1,39
8027.4,26
8029.7,19
8030.0,8
8030.3,10
8030.8,34
8030.9,1
8031.1,7
8031.1,37
8031.3,15
8032.1,6
8032.1,11
8033.1,22
8034.6,12
8035.3,21
8035.3,29
8035.7,33
8036.5,31
8036.8,38
8037.2,8
8037.3,36
8037.4,26
8037.5,30
8038.4,32
8038.5,23
8038.5,27
8038.7,3
8038.9,24
8039.3,13
8039.4,19
8039.4,39
8042.0,11
8042.2,37
8042.8,4
8043.0,15
8043.5,10
8043.7,35
8043.9,9
8044.3,7
8044.7,1
8045.6,6
8047.0,12
8048.3,5
8049.0,17
8049.2,31
8049.4,29
8049.9,25
8049.9,27
8050.1,23
8050.2,8
8050.3,22
8050.3,30
8050.5,16
8050.6,2
8050.7,19
8050.8,3
8050.8,39
8051.0,11
8051.3,36
8054.6,15
8055.2,10
8055.7,35
8058.0,34
8058.2,28
8058.7,27
8059.9,37
8060.2,32
8060.6,19
8060.7,17
8060.9,1
8061.0,13
8061.0,20
8061.0,8
8061.3,9
8061.4,4
8061.4,12
8062.1,24
8062.1,26
8062.3,33
8062.4,3
8062.5,30
8063.1,23
8063.1,36
8063.9,7
8066.1,31
8067.0,39
8067.6,38
8068.2,21
8068.4,2
8068.5,11
8068.5,14
8068.7,15
8068.7,29
8069.1,22
8069.3,35
8069.7,30
8069.9,19
8072.8,16
8073.4,10
8073.5,5
8074.3,23
8074.7,27
8075.0,17
8075.4,32
8075.4,34
8075.7,8
8076.0,36
8076.1,28
8076.3,3
8076.3,37
8076.8,7
8077.4,12
8078.2,31
8079.0,39
8079.8,33
8081.0,1
8081.0,9
8081.2,6
8081.2,29
8081.4,30
8082.2,4
8083.7,11
8083.7,35
8084.6,19
8084.9,8
8084.9,36
8085.3,25
8086.5,13
8087.4,26
8088.0,15
8088.2,27
8089.8,5
8090.0,0
8090.5,17
8090.8,24
8090.8,30
8091.6,3
8091.7,16
8092.0,29
8092.0,31
8092.0,38
8092.1,19
8092.3,23
8092.5,14
8092.6,11
8092.6,37
8093.1,12
8094.0,8
8094.0,9
8094.0,21
8094.3,22
8094.8,2
8094.9,10
8095.1,39
8095.2,1
8095.3,4
8095.8,36
8099.3,32
8099.4,29
8100.7,30
8101.8,33
8101.9,7
8101.9,35
8102.5,27
8102.9,11
8103.2,15
8103.6,26
8104.4,19
8105.7,22
8106.3,1
8106.5,8
8106.7,6
8106.8,28
8106.8,12
8106.8,23
8107.1,31
8107.5,34
8107.5,39
8107.7,17
8107.8,3
8108.8,20
8109.2,37
8109.4,36
8111.6,30
8111.7,9
8112.5,25
8112.8,13
8112.8,19
8113.2,21
8113.5,16
8113.9,14
8116.1,8
8116.1,29
8116.2,4
8116.4,33
8116.7,15
8116.9,38
8117.5,23
8117.6,2
8118.0,10
8118.5,24
8118.7,37
8119.2,27
8119.6,35
8120.0,3
8120.1,7
8120.1,32
8120.2,11
8120.3,5
8120.4,39
8121.0,1
8121.1,26
8121.1,31
8122.0,30
8125.1,12
8125.1,17
8125.4,36
8125.7,34
8125.8,19
8126.0,9
8126.3,23
8126.5,22
8127.4,8
8128.9,6
8128.9,25
8129.4,28
8129.5,35
8129.7,10
8129.8,16
8129.9,4
8129.9,31
8130.4,20
8130.8,29
8131.0,26
8131.4,27
8132.5,3
8133.7,1
8133.9,12
8134.0,30
8134.1,33
8134.2,37
8134.6,15
8134.9,39
8135.3,32
8136.0,7
8136.7,13
8137.4,8
8137.5,19
8138.1,36
8138.5,11
8139.3,5
8139.8,38
8140.9,31
8141.1,17
8142.0,30
8143.0,9
8143.2,27
8143.6,35
8145.2,2
8145.2,29
8145.6,26
8145.6,28
8146.1,14
8146.1,22
8146.2,15
8146.5,11
8146.6,23
8146.8,12
8146.8,37
8147.0,1
8147.1,19
8147.5,4
8147.7,34
8148.3,8
8148.6,3
8150.8,24
8151.2,30
8151.3,36
8151.4,33
8151.5,10
8151.5,39
8151.9,13
8152.2,32
8152.3,6
8152.5,7
8152.5,31
8153.3,23
8154.5,17
8154.7,29
8154.8,19
8155.2,16
8155.3,27
8156.6,25
8156.9,22
8158.0,12
8159.3,15
8159.3,9
8159.8,37
8160.2,21
8160.3,11
8160.7,1
8161.5,30
8161.6,26
8162.0,36
8163.2,8
8163.9,4
8164.2,7
8164.2,32
8164.4,6
8164.4,31
8164.9,3
8164.9,5
8165.0,35
8167.0,27
8169.1,20
8169.2,19
8169.9,39
8170.3,30
8170.4,13
8170.5,17
8171.3,23
8171.4,9
8171.7,22
8172.3,3
8172.8,1
8173.0,16
8173.1,8
8173.3,33
8174.3,11
8174.3,12
8174.3,29
8175.1,10
8175.1,38
8175.6,32
8177.0,15
8177.4,31
8178.0,19
8178.1,36
8179.2,30
8180.1,14
8181.1,28
8181.2,26
8182.2,17
8182.5,11
8182.6,5
8183.2,23
8183.5,34
8183.7,35
8183.9,4
8183.9,27
8184.6,9
8184.8,7
8185.1,8
8185.2,39
8185.6,37
8185.8,24
8186.0,3
8186.3,12
8187.2,2
8187.2,15
8187.3,38
8187.4,16
8188.6,22
8188.8,19
8189.0,31
8189.0,30
8189.2,1
8189.7,29
8190.0,20
8190.6,36
8190.8,21
8194.2,25
8195.0,23
8195.4,11
8195.8,17
8195.9,35
8196.2,9
8196.3,0
8196.3,27
8196.4,8
8196.4,13
8197.6,33
8198.7,22
8198.9,29
8199.7,32
8200.7,6
8200.8,1
8201.4,12
8202.0,31
8202.4,10
8202.4,19
8202.4,26
8202.7,30
8203.6,35
8204.1,3
8204.4,15
8204.5,39
8205.0,5
8205.7,34
8205.9,4
8205.9,37
8207.0,14
8207.2,17
8207.2,36
8207.7,23
8209.0,16
8209.4,7
8209.4,13
8209.4,24
8210.6,2
8210.6,32
8210.9,11
8211.5,27
8211.6,21
8212.4,29
8212.5,30
8213.1,31
8213.1,33
8213.4,8
8213.9,9
8214.9,3
8214.9,19
8215.0,38
8215.1,12
8215.2,35
8215.3,34
8215.7,1
8218.5,20
8219.0,5
8219.4,15
8219.4,36
8219.4,39
8219.7,23
8219.8,37
8220.0,10
8221.1,28
8221.7,27
8221.8,17
8222.6,16
8223.1,11
8223.2,13
8223.4,22
8223.4,29
8223.7,26
8224.1,30
8224.1,25
8225.0,4
8225.4,12
8225.5,19
8226.9,6
8227.0,3
8227.3,8
8227.9,14
8228.8,31
8228.9,38
8229.7,32
8230.6,7
8231.5,34
8233.6,15
8234.4,9
8234.5,30
8235.0,1
8235.0,36
8235.1,10
8235.1,35
8235.2,16
8235.2,21
8236.0,17
8236.3,5
8236.9,6
8237.4,27
8237.5,37
8238.2,24
8238.5,28
8238.7,29
8239.3,23
8239.7,19
8239.7,38
8239.9,4
8239.9,26
8240.1,8
8240.2,12
8240.8,11
8241.0,31
8241.6,22
8242.0,3
8244.1,39
8245.2,32
8245.4,30
8246.8,9
8247.9,15
8248.1,36
8248.7,10
8249.2,13
8249.5,17
8249.7,7
8250.1,27
8250.3,19
8250.4,2
8251.0,5
8251.0,21
8251.3,29
8251.4,1
8251.4,11
8251.8,4
8252.1,16
8252.2,8
8252.2,37
8252.4,33
8252.6,31
8254.1,12
8254.7,28
8255.4,34
8255.4,35
8255.7,30
8255.8,26
8256.0,24
8256.4,7
8256.7,23
8256.8,20
8256.8,39
8256.9,9
8259.6,19
8259.9,15
8260.3,32
8262.2,3
8262.5,36
8263.1,11
8263.1,31
8263.6,6
8264.0,14
8264.3,27
8265.1,17
8265.4,1
8265.5,8
8265.8,33
8266.1,30
8266.6,22
8267.1,38
8267.4,37
8267.5,29
8268.0,13
8269.5,16
8270.9,12
8271.1,10
8271.1,23
8272.0,0
8272.1,35
8272.1,19
8272.4,2
8272.7,39
8272.8,5
8272.8,8
8272.9,4
8273.1,15
8273.5,30
8274.1,11
8274.6,27
8274.9,36
8276.8,9
8276.8,26
8277.5,31
8277.6,7
8278.6,17
8279.3,28
8279.5,29
8279.8,20
8280.0,3
8280.8,16
8281.3,1
8281.3,8
8281.8,15
8282.5,33
8282.8,19
8283.5,12
8283.6,32
8284.0,30
8284.3,6
8284.3,38
8285.3,37
8286.5,3
8287.1,39
8288.1,13
8288.3,31
8288.5,21
8288.5,25
8289.6,22
8289.9,35
8290.0,27
8290.0,36
8290.3,11
8290.5,10
8291.0,1
8291.1,29
8292.2,19
8292.2,24
8292.5,4
8292.5,34
8292.8,12
8292.8,26
8293.0,5
8293.0,8
8293.0,17
8293.3,16
8293.3,30
8297.0,23
8299.2,13
8299.6,9
8299.7,37
8300.2,36
8300.5,15
8300.5,27
8300.5,32
8300.9,30
8301.3,39
8302.1,12
8302.3,38
8303.0,11
8303.3,19
8303.8,8
8304.0,29
8304.7,17
8304.7,31
8305.4,3
8305.9,6
8305.9,7
8306.1,14
8308.4,30
8308.4,35
8309.7,1
8310.1,34
8311.3,33
8311.9,23
8311.9,26
8312.1,5
8312.2,22
8313.1,2
8313.3,10
8313.7,8
8313.8,19
8313.8,36
8314.0,13
8314.4,27
8314.7,11
8314.8,29
8315.0,24
8315.3,9
8315.7,31
8315.9,25
8316.4,4
8317.7,15
8318.7,3
8318.7,37
8318.7,39
8320.2,6
8320.2,12
8321.2,23
8321.3,17
8321.7,30
8322.2,7
8322.3,35
8322.4,19
8322.7,8
8323.2,28
8323.5,16
8323.6,1
8323.8,32
8325.1,21
8328.3,3
8328.5,33
8329.0,11
8329.0,20
8329.0,38
8329.7,36
8330.1,10
8330.1,27
8330.7,12
8331.0,0
8331.6,29
8331.6,23
8332.0,31
8332.1,14
8332.1,30
8333.5,19
8333.9,17
8334.3,7
8334.6,37
8335.0,9
8335.1,5
8335.1,15
8335.2,22
8335.2,26
8335.4,39
8335.7,34
8335.9,8
8336.6,13
8336.6,32
8336.9,11
8337.2,6
8337.5,35
8340.0,27
8340.1,3
8341.4,30
8341.6,38
8342.3,10
8342.5,24
8342.8,12
8342.8,25
8343.1,2
8343.1,23
8343.6,1
8343.7,4
8344.6,36
8344.8,8
8345.0,19
8345.5,31
8346.1,32
8346.1,5
8346.3,29
8346.4,39
8347.2,33
8347.4,37
8348.1,16
8351.3,17
8352.0,35
8353.2,15
8353.3,11
8353.6,22
8353.8,3
8353.8,8
8354.3,27
8354.5,6
8354.7,9
8355.5,29
8355.8,13
8355.9,30
8356.0,4
8356.6,20
8356.8,19
8357.5,23
8357.5,21
8358.0,36
8358.1,32
8358.1,34
8358.3,25
8359.2,1
8359.3,7
8359.5,38
8359.8,12
8361.7,14
8362.0,37
8362.2,16
8362.2,33
8362.6,11
8362.7,39
8363.9,28
8364.2,2
8364.5,31
8365.2,22
8365.6,30
8365.8,27
8367.2,10
8367.2,15
8367.4,8
8368.6,5
8368.8,26
8369.1,19
8369.5,29
8369.6,17
8369.7,16
8369.7,12
8369.9,1
8370.7,39
8371.1,7
8371.2,32
8372.1,11
8372.3,36
8373.0,9
8373.9,6
8374.7,8
8375.6,31
8375.7,30
8376.3,23
8376.5,3
8376.5,35
8376.7,5
8376.7,27
8376.8,37
8377.9,0
8378.1,33
8379.4,19
8379.9,13
8381.8,12
8382.8,11
8383.2,15
8383.3,9
8383.3,26
8384.1,2
8384.1,17
8384.8,28
8384.9,38
8385.1,39
8385.2,36
8386.0,31
8386.1,22
8386.4,21
8386.4,30
8387.2,24
8387.4,1
8387.4,8
8387.4,19
8387.5,16
8387.7,35
8387.9,4
8388.6,7
8388.9,29
8389.0,10
8389.5,23
8390.2,3
8390.4,32
8392.8,11
8393.2,27
8393.2,34
8393.5,30
8393.6,37
8394.6,20
8394.9,14
8394.9,33
8395.2,6
8395.3,12
8395.8,15
8395.9,39
8396.2,8
8399.8,5
8400.1,36
8400.7,31
8401.4,32
8401.5,22
8401.7,25
8403.2,13
8403.3,23
8404.1,12
8404.2,10
8404.3,19
8404.8,17
8405.0,1
8405.2,26
8405.6,28
8406.2,24
8407.1,8
8407.2,9
8407.2,27
8407.2,39
8407.4,4
8407.7,30
8407.8,20
8409.6,29
8410.1,7
8410.2,35
8410.8,11
8412.2,19
8413.4,36
8413.6,6
8414.1,33
8415.2,3
8415.3,16
8415.3,17
8415.5,15
8415.5,39
8416.6,37
8416.9,31
8417.4,12
8417.8,14
8417.9,5
8418.5,30
8419.0,1
8419.6,34
8419.7,9
8420.0,8
8420.6,35
8421.1,23
8421.7,11
8422.2,13
8422.2,27
8423.3,32
8425.8,19
8425.8,29
8427.2,22
8427.3,7
8427.5,0
8427.6,17
8427.8,16
8428.1,2
8428.1,33
8428.5,6
8429.0,4
8429.2,3
8429.2,31
8429.4,30
8429.7,38
8429.8,8
8429.8,15
8430.0,28
8430.1,36
8430.2,12
8430.3,23
8430.4,27
8430.5,26
8430.6,39
8431.3,37
8431.7,10
8431.9,11
8432.5,1
8433.0,9
8436.2,5
8436.2,21
8436.3,32
8437.0,36
8437.5,17
8437.5,20
8437.6,25
8438.0,8
8438.0,12
8438.5,30
8438.6,19
8438.9,24
8439.5,33
8439.9,13
8440.0,35
8440.4,23
8441.0,31
8441.1,3
8441.2,15
8441.4,11
8441.7,7
8442.8,27
8444.7,39
8445.0,30
8445.4,37
8445.8,16
8445.9,29
8448.9,28
8449.6,4
8449.7,19
8449.9,14
8450.2,36
8450.3,32
8450.5,1
8450.5,6
8450.5,38
8450.6,9
8450.7,17
8454.0,11
8455.1,8
8455.1,33
8455.4,30
8455.9,3
8456.6,31
8457.0,20
8457.1,23
8457.2,10
8457.3,22
8458.5,7
8458.9,5
8459.3,19
8459.6,12
8459.8,26
8460.2,34
8460.7,27
8460.9,37
8461.1,16
8461.2,15
8463.0,6
8463.7,8
8464.8,11
8465.2,13
8466.4,39
8467.3,29
8467.7,35
8468.0,1
8468.0,17
8468.4,9
8468.7,32
8468.8,3
8469.4,23
8469.4,36
8469.6,4
8469.6,38
8469.9,30
8470.0,12
8470.8,19
8472.4,24
8472.8,20
8472.9,31
8473.1,11
8474.1,5
8474.4,37
8474.6,15
8474.9,1
8475.7,14
8475.8,8
8475.8,22
8476.4,27
8476.4,33
8476.9,10
8477.3,29
8478.0,21
8478.0,7
8478.0,30
8479.3,36
8480.4,23
8480.6,19
8480.9,17
8483.1,9
8483.7,12
8484.4,39
8484.6,6
8484.7,25
8484.8,3
8484.8,16
8485.0,38
8485.1,30
8485.5,26
8485.5,35
8485.6,24
8485.7,31
8486.2,8
8486.9,11
8487.0,13
8487.2,4
8488.7,19
8489.1,32
8489.9,36
8490.3,27
8490.7,2
8490.8,10
8491.6,5
8492.1,15
8493.5,30
8493.5,37
8493.7,29
8493.8,33
8493.8,34
8494.0,28
8494.6,23
8495.3,22
8495.4,1
8496.0,14
8496.1,7
8496.2,17
8496.2,8
8496.4,16
8496.7,3
8496.7,9
8496.8,31
8497.6,11
8498.0,12
8498.5,38
8500.8,13
8500.8,35
8501.5,19
8502.1,32
8502.6,27
8503.2,30
8503.3,39
8503.9,6
8504.5,0
8504.7,24
8505.4,15
8507.5,1
8507.5,23
8508.1,17
8508.2,31
8508.2,36
8508.4,8
8508.4,37
8509.2,4
8509.2,11
8509.4,7
8509.5,19
8509.6,21
8509.8,16
8509.9,3
8509.9,34
8510.4,14
8510.4,26
8511.6,29
8513.8,28
8513.9,30
8514.5,2
8514.6,20
8514.7,9
8514.8,5
8514.9,35
8515.4,8
8516.1,12
8516.5,31
8516.8,27
8518.0,39
8518.7,6
8519.3,22
8519.4,17
8519.8,11
8519.9,30
8519.9,36
8520.6,15
8523.4,1
8524.2,19
8524.9,29
8525.2,38
8525.7,33
8526.2,13
8526.2,32
8526.9,8
8527.0,3
8527.1,16
8527.5,23
8527.8,4
8527.9,10
8529.1,15
8529.6,34
8529.7,35
8530.0,37
8530.1,9
8530.1,22
8530.6,30
8530.9,27
8530.9,39
8531.2,14
8531.2,26
8531.8,36
8532.5,12
8532.7,11
8533.1,19
8533.1,31
8533.8,17
8534.7,24
8535.1,21
8537.3,5
8537.4,3
8539.5,32
8539.6,25
8540.3,28
8540.4,8
8540.8,12
8540.9,16
8541.2,36
8541.8,2
8541.8,7
8542.4,27
8542.5,30
8542.8,23
8543.0,4
8543.0,15
8544.2,11
8544.2,19
8544.3,1
8544.3,34
8545.0,37
8546.5,33
8546.5,39
8546.8,29
8546.9,35
8547.1,0
8547.1,8
8547.1,31
8547.2,17
8547.6,6
8547.6,20
8547.7,38
8548.6,10
8551.6,26
8551.7,3
8551.7,19
8551.7,36
8552.6,9
8552.7,13
8553.1,11
8553.3,32
8553.5,12
8553.5,22
8554.2,15
8555.4,30
8555.5,5
8557.4,8
8558.0,23
8558.9,17
8559.1,29
8559.3,1
8559.7,27
8560.4,24
8560.9,14
8561.6,16
8561.6,33
8561.9,38
8562.3,10
8562.3,39
8562.7,6
8562.8,4
8563.3,31
8564.2,11
8564.6,15
8564.8,19
8564.8,36
8565.1,12
8565.5,32
8565.9,37
8566.4,35
8567.2,7
8567.2,30
8567.6,9
8567.9,3
8569.0,26
8569.4,34
8569.4,28
8569.8,2
8569.9,8
8570.0,23
8570.0,13
8570.0,29
8572.6,27
8574.0,22
8574.5,1
8574.9,12
8575.6,31
8576.4,36
8576.9,30
8577.0,16
8577.0,21
8577.1,35
8577.3,3
8577.6,5
8577.7,8
8577.7,15
8577.9,19
8579.4,17
8579.8,32
8580.1,20
8580.5,37
8580.7,39
8581.8,0
8582.4,6
8583.1,30
8583.3,29
8583.4,23
8583.7,11
8584.2,33
8584.6,25
8585.0,19
8585.1,38
8586.6,7
8587.7,10
8588.1,27
8588.4,26
8588.7,24
8588.9,9
8589.0,13
8589.2,36
8589.8,4
8589.8,16
8590.0,8
8590.7,15
8590.7,22
8590.8,1
8590.8,2
8591.4,3
8592.0,31
8592.1,17
8594.3,39
8594.4,12
8595.2,29
8596.0,32
8596.3,23
8597.3,38
8597.8,28
8597.9,19
8598.7,30
8598.9,15
8598.9,35
8599.0,37
8599.4,34
8599.7,6
8599.7,14
8599.8,8
8599.9,11
8602.1,7
8602.5,33
8602.9,12
8602.9,13
8606.7,1
8606.7,25
8606.8,17
8607.9,16
8607.9,23
8607.9,31
8608.0,5
8608.0,32
8608.6,2
8608.6,9
8608.7,19
8608.8,27
8609.5,8
8610.3,36
8610.5,3
8611.1,29
8611.4,33
8611.4,37
8612.8,10
8612.8,11
8612.8,30
8613.0,28
8613.1,20
8613.5,21
8614.4,16
8614.4,39
8615.0,15
8615.0,24
8615.4,34
8615.6,4
8615.8,35
8615.8,7
8615.8,38
8616.0,12
8616.4,26
8617.7,19
8618.8,22
8620.5,23
8621.7,8
8622.3,17
8623.5,6
8623.9,1
8624.1,32
8624.2,30
8624.4,36
8624.5,13
8624.7,31
8625.3,3
8625.3,37
8625.6,27
8626.2,35
8626.4,26
8626.8,12
8626.8,14
8627.1,10
8627.5,7
8628.1,11
8628.1,29
8628.4,9
8628.9,15
8629.1,16
8631.7,22
8632.7,19
8632.9,39
8633.1,1
8633.2,8
8633.9,4
8634.2,30
8634.5,27
8634.7,5
8635.3,23
8638.6,12
8639.3,33
8639.4,29
8639.4,32
8639.6,37
8639.9,17
8640.1,11
8640.2,26
8640.2,38
8640.8,3
8640.8,31
8642.3,6
8643.2,27
8643.2,35
8643.4,24
8643.4,28
8643.4,36
8644.6,34
8644.7,15
8644.9,19
8645.2,8
8647.0,30
8647.1,12
8647.9,1
8648.1,10
8648.1,23
8648.2,2
8648.5,5
8648.5,14
8648.7,0
8649.5,33
8649.6,21
8650.1,32
8650.2,16
8650.4,22
8650.5,9
8652.5,17
8653.0,8
8654.2,3
8654.3,7
8654.4,27
8655.2,39
8655.3,35
8655.6,31
8656.0,11
8656.3,29
8658.1,37
8658.2,36
8658.3,4
8658.6,13
8659.1,15
8659.2,12
8659.6,30
8659.9,26
8660.1,38
8660.5,33
8660.7,19
8663.2,8
8663.7,1
8664.6,23
8664.8,5
8664.9,17
8665.8,3
8666.6,32
8667.2,16
8667.6,22
8668.5,31
8669.3,35
8669.3,11
8669.9,30
8670.3,36
8670.6,27
8671.1,10
8671.3,6
8673.3,8
8673.3,12
8673.6,39
8674.1,29
8674.1,37
8674.3,24
8674.4,19
8675.3,13
8675.3,25
8675.5,7
8676.6,9
8676.6,34
8676.8,30
8676.9,15
8678.1,20
8678.3,5
8678.3,28
8678.5,1
8680.0,16
8680.5,11
8680.7,3
8680.9,32
8681.3,39
8681.3,36
8681.6,14
8681.7,23
8682.2,38
8682.4,35
8682.6,8
8682.7,31
8683.5,33
8683.7,22
8684.3,17
8684.7,19
8684.9,10
8685.2,29
8685.4,27
8686.5,30
8686.7,2
8687.2,4
8687.2,21
8687.3,12
8687.7,26
8688.3,37
8689.7,5
8689.8,11
8690.4,36
8691.2,1
8691.2,15
8691.3,9
8692.0,23
8693.8,0
8694.8,8
8695.6,7
8695.6,35
8696.7,19
8697.1,24
8697.1,39
8697.3,6
8697.4,38
8698.1,32
8698.3,27
8698.9,31
8699.0,12
8699.2,13
8699.9,30
8700.1,14
8700.4,3
8700.5,25
8700.8,5
8701.3,29
8701.5,22
8702.4,17
8703.3,23
8704.6,33
8705.4,37
8705.5,20
8706.8,16
8707.3,19
8707.4,34
8707.4,4
8707.8,36
8708.1,8
8708.1,9
8708.3,26
8708.6,28
8708.7,11
8709.2,10
8709.4,29
8709.9,7
8710.0,1
8710.1,15
8713.4,39
8714.4,30
8714.4,32
8714.7,27
8714.9,17
8715.0,12
8716.2,31
8716.8,38
8716.9,35
8717.0,19
8717.3,3
8717.6,20
8717.7,36
8717.8,8
8718.2,13
8718.5,10
8718.6,9
8718.6,15
8718.7,2
8718.8,11
8719.6,23
8719.7,22
8719.9,6
8721.1,37
8722.1,16
8722.3,5
8723.4,30
8723.5,29
8723.8,12
8724.4,8
8724.5,39
8724.9,28
8725.1,7
8725.8,14
8726.0,24
8726.3,31
8726.7,19
8726.9,1
8727.1,17
8727.1,32
8728.5,11
8729.9,4
8730.6,33
8730.9,21
8731.0,36
8731.2,27
8731.5,3
8733.5,31
8733.7,29
8734.2,13
8734.2,30
8734.4,37
8734.5,19
8734.8,26
8735.6,10
8735.9,35
8736.3,22
8738.0,32
8738.7,15
8739.2,8
8739.2,11
8739.3,16
8740.0,1
8740.4,36
8741.2,25
8741.7,12
8741.9,0
8742.7,27
8743.2,4
8743.8,17
8744.6,23
8745.2,9
8745.4,7
8745.9,34
8746.1,30
8746.2,35
8746.5,2
8746.5,10
8746.5,31
8746.6,1
8746.6,3
8746.6,6
8747.3,22
8747.7,19
8748.5,8
8750.2,39
8750.4,38
8750.8,12
8751.7,32
8752.7,15
8753.2,23
8753.2,36
8754.1,11
8754.8,5
8754.8,27
8755.3,10
8755.3,16
8755.6,37
8756.2,33
8756.4,30
8756.8,26
8757.1,3
8757.1,29
8757.7,19
8758.3,17
8759.9,31
8760.2,9
8760.5,20
8761.4,34
8761.4,39
8761.7,1
8761.7,24
8761.8,2
8762.1,21
8762.2,37
8762.7,35
8763.0,8
8763.3,22
8763.7,11
8764.2,13
8764.7,12
8765.0,7
8765.5,30
8765.9,29
8766.3,25
8766.7,33
8767.1,6
8767.4,4
8767.4,15
8767.6,32
8767.8,36
8768.8,27
8769.1,5
8769.5,23
8769.7,31
8770.6,19
8771.0,39
8771.2,3
8772.0,8
8772.1,14
8772.1,34
8775.9,16
8775.9,38
8776.1,35
8776.4,29
8776.6,9
8776.6,22
8776.6,28
8777.4,1
8778.2,36
8778.8,27
8779.6,11
8780.1,23
8780.6,10
8780.6,30
8780.7,7
8780.9,12
8781.1,37
8781.5,19
8781.6,17
8781.7,26
8782.8,4
8783.3,8
8783.3,15
8783.6,24
8783.6,32
8785.2,3
8785.2,5
8786.4,13
8786.5,31
8787.1,39
8790.3,12
8790.7,30
8790.9,23
8790.9,36
8791.0,9
8791.2,6
8791.3,19
8791.5,33
8791.7,1
8791.7,22
8791.9,29
8792.3,7
8793.4,13
8793.4,27
8793.5,15
8793.5,17
8794.9,8
8795.3,11
8795.8,14
8796.2,34
8797.2,10
8797.5,26
8797.6,0
8798.2,31
8798.5,37
8799.1,5
8799.1,29
8799.5,3
8799.8,38
8800.1,24
8800.2,16
8800.3,30
8800.7,12
8802.7,19
8802.7,32
8803.1,8
8803.3,23
8805.3,39
8805.6,35
8805.7,27
8806.8,1
8807.0,28
8807.7,37
8808.0,20
8808.3,36
8808.7,15
8808.7,4
8808.9,9
8810.7,30
8811.3,7
8811.8,3
8812.2,6
8812.3,21
8813.1,17
8813.4,8
8813.4,25
8814.3,13
8814.5,5
8814.9,35
8816.0,2
8816.1,16
8816.2,19
8816.2,29
8816.4,22
8816.8,11
8816.8,12
8816.8,27
8816.9,33
8817.0,26
8817.0,23
8817.5,31
8817.7,32
8818.6,8
8818.7,34
8819.2,39
8820.3,1
8821.6,30
8821.7,38
8821.7,15
8822.2,36
8822.4,17
8822.4,37
8823.0,9
8823.0,10
8823.3,16
8827.0,3
8827.7,27
8828.0,19
8828.1,12
8829.0,13
8829.3,36
8829.4,26
8829.6,8
8830.9,30
8832.2,33
8832.3,23
8832.7,35
8832.9,5
8833.1,31
8833.9,17
8835.2,32
8835.3,11
8835.9,1
8836.3,29
8836.5,4
8836.8,9
8836.9,12
8838.0,19
8838.0,20
8838.4,7
8838.4,22
8839.0,25
8839.3,34
8839.6,14
8839.7,36
8840.5,24
8842.6,3
8842.9,6
8842.9,31
8843.5,11
8843.7,8
8843.7,37
8843.7,39
8844.2,10
8844.6,17
8844.7,32
8844.9,30
8845.1,16
8846.3,23
8846.6,15
8847.1,27
8847.6,38
8847.7,28
8848.8,33
8848.9,12
8849.0,1
8849.3,13
8849.9,2
8850.4,7
8850.5,26
8850.9,4
8851.3,19
8851.5,34
8853.3,22
8853.4,29
8853.5,5
8854.5,8
8855.1,36
8855.5,30
8855.6,14
8855.7,9
8856.0,35
8856.3,3
8856.4,27
8856.8,10
8856.8,32
8857.3,11
8859.5,23
8859.8,16
8860.3,31
8862.2,1
8862.5,15
8862.8,33
8863.1,6
8863.1,39
8863.2,17
8863.8,25
8864.3,21
8864.4,36
8864.5,30
8864.5,38
8864.8,37
8865.7,12
8865.7,19
8866.1,0
8866.9,35
8867.1,8
8867.9,7
8868.1,26
8868.2,24
8869.3,4
8870.3,34
8870.4,11
8870.5,29
8870.9,30
8871.1,3
8871.1,13
8871.1,27
8872.5,22
8872.6,32
8873.3,23
8873.7,1
8874.7,12
8874.8,31
8874.9,28
8875.5,9
8875.7,16
8876.2,37
8876.8,5
8878.9,19
8879.2,8
8879.5,36
8880.0,17
8880.2,11
8880.3,15
8880.4,33
8880.7,29
8881.1,35
8881.1,39
8882.3,10
8883.4,31
8883.8,30
8884.7,7
8884.8,3
8886.2,27
8886.3,26
8886.5,14
8886.8,32
8886.8,38
8886.9,19
8887.9,17
8888.0,37
8889.3,12
8889.8,4
8890.2,28
8890.4,16
8890.5,24
8890.9,15
8891.4,21
8891.8,8
8891.8,23
8891.9,20
8892.0,34
8893.0,1
8893.1,6
8893.8,25
8894.8,30
8896.4,2
8896.9,35
8897.1,36
8897.1,29
8897.6,22
8898.2,11
8898.3,32
8898.4,19
8898.7,31
8899.2,9
8899.2,27
8900.8,13
8901.1,3
8901.9,15
8902.2,10
8902.9,1
8903.7,17
8903.9,33
8904.2,5
8904.6,8
8905.0,23
8905.1,16
8905.1,39
8905.5,7
8905.5,37
8906.0,12
8906.1,21
8906.6,30
8909.3,36
8909.5,19
8909.7,11
8909.7,27
8910.2,22
8910.2,31
8910.5,38
8910.6,35
8911.2,6
8911.3,29
8912.0,15
8913.1,34
8913.2,12
8915.0,10
8916.3,24
8916.4,4
8917.2,37
8917.4,8
8917.5,1
8917.6,39
8917.8,32
8917.9,28
8918.5,5
8919.2,3
8919.6,17
8920.6,19
8920.6,23
8920.6,31
8920.8,13
8920.8,30
8921.0,16
8921.2,27
8921.3,9
8921.5,26
8921.8,25
8922.3,11
8922.6,35
8923.9,2
8924.1,1
8926.4,15
8926.8,36
8926.9,29
8927.6,34
8927.7,7
8928.6,33
8929.0,22
8929.6,38
8929.9,30
8931.3,8
8931.5,6
8932.4,12
8932.4,19
8932.7,39
8933.0,31
8933.4,32
8934.0,23
8934.3,17
8934.3,37
8935.0,10
8935.2,4
8935.2,27
8935.2,5
8935.8,3
8935.8,11
8935.8,20
8935.8,28
8937.7,35
8938.7,36
8938.8,22
8939.0,25
8940.4,9
8940.4,38
8941.2,1
8941.7,19
8942.4,30
8942.5,33
8942.7,26
8942.8,39
8943.2,12
8943.9,8
8943.9,14
8944.1,16
8944.3,10
8944.6,7
8944.7,15
8944.7,27
8944.8,13
8945.7,23
8945.9,31
8946.6,29
8946.7,35
8947.7,11
8947.8,3
8948.0,17
8950.6,36
8951.7,37
8952.9,5
8953.1,9
8953.1,28
8953.3,1
8953.4,30
8953.6,24
8953.6,19
8953.8,22
8954.3,2
8954.8,6
8955.3,15
8955.7,16
8955.7,32
8956.2,27
8958.6,12
8958.7,17
8958.9,8
8960.2,13
8960.3,4
8960.4,10
8960.4,23
8960.4,29
8961.2,20
8961.2,26
8961.6,31
8961.7,19
8961.7,38
8962.0,34
8962.1,33
8962.3,39
8962.7,36
8962.8,3
8964.1,11
8966.0,9
8966.4,27
8968.3,32
8969.3,7
8969.3,21
8969.4,30
8969.4,35
8969.4,37
8969.7,1
8970.2,8
8970.5,15
8970.5,28
8971.1,16
8971.4,3
8971.4,39
8972.3,19
8972.4,6
8972.4,12
8972.4,17
8972.8,36
8974.4,31
8977.1,5
8977.8,22
8979.0,30
8979.1,11
8979.4,10
8979.4,23
8979.4,38
8979.5,29
8979.9,9
8980.8,37
8981.3,13
8981.3,33
8981.5,2
8981.7,3
8981.8,36
8982.0,8
8982.0,19
8982.3,14
8982.3,24
8982.4,32
8982.5,4
8982.5,27
8982.8,15
8983.8,31
8985.9,12
8986.4,1
8986.5,6
8986.6,28
8988.3,7
8988.6,17
8988.7,35
8989.1,19
8989.9,30
8990.6,22
8991.0,15
8991.1,26
8991.2,8
8991.4,34
8991.7,23
8992.2,5
8995.2,11
8996.2,16
8996.2,39
8996.4,37
8996.6,20
8996.8,29
8997.7,3
8997.9,32
8998.0,4
8998.5,31
8998.5,24
8998.9,38
8999.0,17
8999.4,1
8999.7,7
8999.8,36
9000.0,12
9000.3,27
9002.1,33
9002.3,8
9002.5,9
9002.7,21
9004.1,19
9005.0,30
9005.4,23
9006.7,15
9006.7,28
9006.9,10
9006.9,13
9007.1,35
9007.2,27
9007.2,39
9008.1,11
9008.1,36
9009.8,6
9009.8,17
9009.9,22
9010.7,29
9011.2,12
9011.8,8
9012.2,1
9013.0,37
9013.3,31
9013.6,26
9013.7,0
9013.7,14
9014.4,3
9014.5,19
9015.9,4
9016.1,25
9016.1,30
9016.9,24
9018.2,7
9018.6,16
9018.6,27
9019.4,34
9019.4,36
9019.8,9
9020.1,2
9020.1,33
9020.3,8
9021.2,35
9021.2,5
9021.8,10
9022.0,23
9022.0,32
9022.4,17
9023.1,11
9023.5,29
9025.0,13
9025.0,37
9025.8,15
9026.3,12
9026.4,19
9026.4,30
9026.4,39
9026.6,1
9026.9,31
9027.3,22
9027.5,6
9027.5,38
9028.7,26
9028.8,9
9030.2,27
9030.2,36
9030.9,8
9032.3,3
9033.4,35
9033.6,13
9033.8,20
9034.3,11
9036.9,4
9036.9,19
9037.3,10
9037.5,30
9037.6,29
9038.5,25
9038.5,37
9039.2,14
9039.8,28
9040.2,23
9040.3,17
9041.0,2
9041.2,6
9041.4,31
9041.4,33
9041.5,5
9041.5,16
9041.5,34
9041.7,9
9041.9,1
9042.0,39
9042.8,8
9043.1,32
9044.3,12
9045.4,36
9045.5,35
9045.6,15
9045.9,27
9046.7,24
9046.8,38
9047.5,19
9047.6,11
9047.6,26
9047.7,7
9048.2,3
9049.6,29
9051.2,30
9051.7,16
9051.8,37
9052.7,31
9052.9,8
9053.0,1
9053.2,6
9053.3,39
9053.8,10
9054.2,17
9054.2,22
9055.6,13
9055.6,36
9055.7,9
9056.3,21
9058.0,12
9058.2,27
9058.3,19
9058.3,33
9059.9,4
9060.5,11
9060.5,25
9060.9,15
9061.8,30
9062.4,32
9062.6,23
9063.8,8
9064.3,35
9064.6,0
9064.7,2
9065.4,26
9065.4,28
9065.6,20
9065.7,1
9065.7,34
9066.1,5
9066.4,29
9066.7,3
9067.6,27
9067.7,31
9068.7,39
9069.2,11
9070.7,16
9070.8,10
9071.1,17
9071.5,7
9071.9,19
9072.9,22
9072.9,30
9072.9,37
9073.5,12
9073.5,36
9073.6,13
9073.8,38
9074.2,23
9074.3,9
9074.5,32
9075.1,15
9076.1,28
9076.2,1
9076.3,8
9077.6,6
9077.7,4
9077.7,24
9078.0,35
9078.1,17
9078.9,27
9080.4,3
9080.7,31
9081.9,29
9082.1,21
9082.7,5
9083.1,11
9083.1,19
9083.1,37
9083.7,30
9083.7,33
9083.7,39
9084.1,16
9084.1,25
9085.3,14
9087.0,17
9087.2,36
9088.6,12
9089.5,23
9089.6,9
9089.7,7
9090.2,8
9090.3,10
9090.6,15
9090.7,26
9090.7,38
9090.9,27
9090.9,35
9091.1,30
9091.2,22
9091.3,32
9091.8,37
9092.1,0
9093.3,19
9094.3,11
9095.2,29
9095.7,4
9096.1,6
9096.8,1
9097.4,3
9097.6,24
9097.7,31
9097.8,13
9098.4,16
9098.9,28
9098.9,39
9099.3,33
9100.2,17
9101.0,37
9101.9,7
9102.4,30
9102.5,22
9102.7,8
9103.0,15
9103.1,2
9103.1,21
9103.2,36
9104.1,11
9104.2,19
9104.5,35
9104.7,27
9104.9,5
9105.5,34
9106.5,12
9107.8,9
9108.1,25
9108.1,29
9110.2,1
9110.5,30
9111.0,3
9111.0,39
9112.1,20
9112.5,10
9112.5,38
9113.1,15
9113.5,37
9113.6,32
9113.7,11
9114.1,4
9114.3,8
9114.6,23
9114.8,9
9114.8,16
9115.3,6
9115.3,33
9115.6,22
9116.3,17
9116.7,14
9116.7,19
9117.2,36
9117.9,27
9119.1,7
9119.6,12
9121.8,31
9122.1,2
9122.1,35
9123.2,5
9124.0,0
9125.1,39
9125.2,1
9125.8,8
9126.1,30
9126.4,11
9126.4,28
9126.4,38
9126.5,37
9126.5,23
9126.8,29
9126.9,27
9127.0,3
9127.1,19
9127.2,10
9127.3,22
9127.4,9
9127.8,12
9127.9,13
9127.9,20
9128.3,36
9129.9,17
9131.2,15
9131.2,32
9132.2,4
9132.7,16
9133.6,3
9133.7,6
9134.0,8
9134.6,30
9136.5,33
9136.7,26
9137.0,19
9137.2,21
9137.7,23
9137.8,11
9138.0,1
9138.4,24
9138.7,35
9138.8,31
9139.5,12
9140.2,32
9140.8,13
9141.7,5
9143.2,29
9143.4,39
9143.6,37
9143.7,28
9144.3,34
9144.8,10
9144.9,7
9145.1,6
9145.5,17
9145.6,8
9145.6,16
9145.8,4
9145.9,2
9146.2,36
9146.5,25
9146.6,3
9146.7,27
9147.3,11
9149.9,30
9150.3,19
9150.3,31
9150.5,22
9151.5,15
9152.8,32
9153.1,12
9154.2,1
9155.0,8
9155.0,23
9155.6,21
9156.0,26
9156.3,5
9156.3,9
9156.7,11
9156.8,4
9156.8,37
9156.9,10
9156.9,38
9157.1,33
9157.1,35
9157.2,30
9157.4,27
9157.5,3
9157.6,17
9158.1,29
9158.4,36
9159.6,13
9160.3,19
9162.6,31
9162.7,16
9164.8,39
9165.1,1
9165.1,7
9166.0,24
9166.1,6
9166.3,17
9166.4,22
9166.7,20
9167.3,27
9167.6,28
9168.2,8
9169.0,19
9169.1,29
9169.2,32
9169.3,11
9169.5,15
9169.8,30
9170.0,16
9170.0,37
9170.4,36
9171.3,12
9171.7,35
9172.7,9
9173.0,33
9173.5,31
9174.0,23
9175.3,3
9176.2,38
9176.8,13
9177.3,14
9177.4,10
9180.0,1
9180.0,7
9180.0,8
9180.1,21
9181.2,26
9181.5,36
9181.7,2
9181.9,30
9182.7,19
9182.9,16
9183.7,15
9184.0,12
9184.3,27
9184.5,17
9185.2,39
9185.6,5
9185.8,22
9185.9,25
9186.0,11
9187.1,24
9187.1,35
9187.4,29
9187.5,9
9187.6,31
9187.6,32
9188.4,33
9189.3,34
9190.7,30
9191.7,8
9192.0,23
9192.2,3
9192.5,4
9192.7,1
9193.1,37
9193.3,19
9195.0,11
9195.4,36
9197.2,6
9198.3,27
9198.4,21
9198.5,17
9198.5,38
9198.9,10
9199.9,22
9200.4,30
9200.7,31
9201.2,35
9202.2,7
9202.2,19
9202.3,12
9202.6,5
9202.7,8
9202.7,15
9203.0,39
9203.3,16
9203.4,29
9204.0,4
9204.0,26
9204.8,20
9204.8,33
9205.3,3
9205.6,36
9205.7,25
9205.7,37
9206.0,13
9206.8,11
9208.7,2
9210.6,1
9211.1,9
9211.6,10
9211.6,28
9212.2,27
9212.2,31
9213.6,30
9214.2,8
9214.5,17
9214.5,23
9214.8,0
9214.8,19
9215.2,14
9216.4,24
9216.8,35
9217.0,7
9218.3,36
9218.4,15
9219.2,11
9219.4,32
9219.6,39
9219.9,12
9220.3,29
9221.0,37
9221.7,34
9221.8,22
9222.8,5
9223.0,38
9223.1,30
9223.4,3
9223.7,26
9223.9,33
9224.0,16
9224.1,8
9224.3,4
9224.9,13
9225.4,31
9225.6,27
9226.0,17
9226.5,1
9227.1,25
9228.5,19
9228.5,20
9230.5,21
9230.7,32
9231.5,15
9231.6,14
9231.6,23
9232.2,12
9232.5,6
9232.9,30
9232.9,37
9233.4,9
9233.5,36
9233.6,8
9233.7,11
9234.3,29
9236.3,33
9237.1,3
9237.3,39
9237.6,22
9237.7,31
9238.1,4
9238.7,1
9238.7,28
9238.8,19
9238.9,35
9239.1,16
9239.2,27
9239.3,10
9241.1,17
9241.3,2
9241.7,15
9242.0,30
9242.3,7
9242.9,23
9243.6,32
9244.0,8
9244.1,11
9244.5,13
9245.1,26
9246.2,12
9249.0,4
9249.1,22
9249.4,36
9249.8,1
9249.9,9
9250.0,5
9250.2,6
9250.2,34
9250.2,37
9251.7,27
9252.0,29
9252.2,3
9252.5,24
9252.5,38
9252.7,19
9253.2,30
9253.3,20
9253.6,39
9253.8,10
9254.9,31
9255.0,11
9255.0,14
9255.7,8
9256.9,33
9257.8,13
9258.0,32
9258.4,12
9259.0,15
9259.1,28
9259.2,0
9259.2,9
9259.2,16
9259.5,17
9259.6,7
9259.6,25
9259.8,26
9259.9,35
9260.1,37
9260.5,31
9261.0,36
9262.0,8
9262.9,19
9263.1,30
9263.2,27
9263.8,23
9264.3,2
9265.5,1
9267.5,11
9267.6,17
9269.9,10
9270.6,3
9270.9,33
9271.0,29
9271.2,4
9271.2,25
9271.6,38
9271.7,6
9271.8,5
9272.0,19
9272.0,24
9272.1,36
9272.1,39
9273.5,31
9274.0,27
9274.7,15
9274.8,23
9275.3,37
9275.9,7
9275.9,16
9275.9,30
9276.7,22
9277.9,8
9278.3,26
9278.5,28
9278.6,12
9278.9,9
9279.3,32
9279.3,35
9279.5,34
9279.7,14
9279.8,3
9280.1,1
9280.3,21
9280.4,13
9281.6,39
9283.0,11
9284.5,19
9285.6,30
9286.4,17
9287.0,29
9287.1,10
9287.2,31
9287.3,36
9287.5,12
9288.0,22
9288.1,8
9288.4,6
9288.5,20
9288.6,33
9288.9,15
9289.3,27
9290.9,3
9290.9,11
9292.3,4
9293.2,9
9293.5,1
9294.7,32
9295.0,23
9296.1,30
9296.3,16
9296.4,5
9297.0,19
9297.2,36
9297.7,38
9297.9,13
9298.2,29
9299.3,17
9299.4,31
9299.4,39
9299.7,8
9299.8,11
9299.9,7
9299.9,37
9300.0,2
9300.6,24
9300.8,35
9301.3,12
9302.4,30
9302.7,34
9303.3,21
9304.0,22
9304.6,28
9305.4,32
9306.1,27
9307.1,15
9307.1,20
9307.4,33
9307.5,3
9307.9,26
9308.0,10
9308.7,23
9309.3,36
9309.8,1
9309.9,14
9310.0,31
9311.2,4
9311.2,9
9312.0,12
9312.3,19
9312.3,29
9313.7,25
9314.0,8
9314.2,39
9314.7,30
9314.7,37
9314.8,5
9314.8,17
9314.9,24
9315.2,16
9317.8,11
9318.8,7
9318.8,15
9319.3,8
9319.3,31
9319.4,27
9319.4,33
9319.9,38
9320.0,6
9320.5,3
9320.9,19
9322.1,35
9323.2,29
9323.4,13
9324.9,1
9325.3,32
9325.4,22
9326.1,2
9326.6,30
9326.6,36
9326.9,10
9326.9,23
9327.7,34
9328.1,15
9328.9,12
9329.1,37
9329.9,17
9330.4,8
9331.2,9
9332.3,27
9333.6,26
9334.1,39
9334.6,16
9334.8,30
9335.4,3
9336.0,31
9336.7,24
9336.8,1
9336.8,36
9337.0,21
9337.3,7
9337.4,33
9337.5,35
9337.7,11
9337.9,5
9338.0,19
9338.1,8
9338.1,20
9338.2,6
9338.4,32
9339.4,4
9341.8,29
9342.8,12
9343.2,9
9343.3,39
9343.7,14
9343.7,23
9344.0,25
9344.4,30
9344.4,15
9344.4,22
9344.8,27
9345.3,19
9346.0,32
9346.0,37
9346.1,3
9346.1,10
9346.4,28
9346.5,17
9346.8,34
9347.4,31
9347.8,38
9348.5,13
9348.5,16
9349.6,1
9350.2,8
9351.5,36
9351.6,26
9353.1,12
9353.9,11
9354.1,5
9354.5,29
9354.5,35
9354.8,3
9356.3,7
9356.3,27
9357.3,2
9357.3,22
9357.7,30
9358.8,9
9359.0,23
9359.2,39
9359.4,6
9359.4,37
9360.5,1
9360.9,15
9361.0,17
9361.3,19
9361.5,10
9361.5,33
9361.7,32
9362.8,31
9363.2,4
9363.2,8
9364.6,36
9365.7,20
9365.8,3
9366.2,12
9366.2,30
9366.7,11
9367.0,27
9367.2,29
9368.6,23
9370.1,16
9370.3,5
9370.3,15
9370.7,28
9371.4,9
9371.8,37
9372.0,13
9372.4,10
9372.6,19
9373.0,30
9373.5,6
9374.6,8
9375.5,1
9377.0,26
9377.6,24
9377.7,3
9377.7,27
9377.8,36
9378.0,12
9378.0,39
9378.3,32
9378.5,17
9378.6,38
9378.7,11
9378.8,21
9379.4,25
9379.9,31
9381.7,14
9381.7,16
9381.9,7
9383.0,30
9383.7,22
9383.9,35
9384.7,4
9384.8,8
9385.3,19
9385.5,37
9385.7,27
9386.1,29
9386.6,11
9388.0,9
9388.6,1
9388.8,33
9388.9,23
9389.2,34
9389.3,39
9390.2,2
9390.5,15
9390.8,6
9390.9,30
9391.0,27
9391.1,17
9391.4,26
9392.1,36
9393.6,19
9394.3,12
9394.9,10
9394.9,11
9395.1,3
9396.1,8
9397.1,5
9398.5,37
9398.8,31
9399.5,32
9400.0,16
9400.2,39
9400.5,29
9400.7,23
9400.8,1
9400.9,22
9400.9,7
9401.9,13
9402.1,10
9402.2,17
9403.3,9
9404.2,4
9405.1,30
9405.3,38
9405.4,21
9406.0,35
9406.3,8
9406.9,24
9406.9,27
9407.2,19
9407.7,15
9408.6,3
9408.6,28
9408.6,31
9409.2,2
9409.5,12
9409.9,25
9409.9,6
9410.7,11
9410.7,14
9411.6,36
9412.4,37
9412.9,39
9413.1,33
9413.2,29
9413.8,32
9414.0,30
9414.3,8
9414.6,23
9414.8,15
9415.1,5
9416.2,17
9416.2,19
9416.5,16
9417.0,9
9417.8,1
9421.3,22
9422.0,34
9422.7,10
9422.9,11
9423.0,12
9424.0,31
9424.2,0
9424.2,39
9424.4,36
9425.3,3
9425.5,6
9425.5,26
9425.5,29
9425.9,1
9426.1,27
9426.4,38
9426.9,8
9426.9,30
9427.4,35
9427.6,4
9427.8,13
9428.0,7
9428.1,28
9428.3,19
9429.5,37
9429.9,9
9430.2,24
9430.6,15
9430.7,23
9430.7,32
9432.7,33
9433.6,2
9433.7,17
9435.2,5
9435.2,27
9435.4,12
9435.6,29
9436.5,14
9436.7,16
9436.8,30
9436.8,39
9436.9,11
9436.9,19
9437.7,10
9438.0,1
9438.4,26
9438.7,3
9439.0,31
9439.4,9
9439.5,36
9440.4,8
9441.3,38
9441.9,22
9443.8,19
9445.0,21
9448.0,8
9448.2,20
9448.3,13
9448.4,15
9448.5,37
9448.6,4
9448.9,32
9448.9,39
9449.3,30
9449.4,23
9450.9,27
9451.4,7
9452.0,3
9453.6,36
9453.7,31
9453.8,10
9453.9,17
9454.0,29
9454.3,35
9454.8,11
9454.9,33
9455.1,34
9455.3,16
9455.5,6
9455.5,19
9455.6,8
9455.7,12
9455.9,9
9457.7,1
9458.0,14
9458.4,38
9459.0,26
9459.2,5
9459.6,30
9460.2,27
9460.4,22
9461.5,23
9462.8,31
9462.9,24
9463.4,15
9464.1,8
9464.6,13
9464.8,17
9465.1,19
9465.3,37
9465.6,11
9466.1,28
9466.2,20
9466.4,29
9467.1,6
9467.3,12
9467.6,1
9467.6,3
9468.2,32
9468.2,36
9469.4,39
9469.8,16
9470.1,7
9470.5,4
9471.1,35
9471.5,0
9472.4,2
9472.8,30
9473.5,21
9473.5,23
9473.9,5
9474.3,27
9474.6,11
9475.2,9
9475.4,10
9475.4,31
9476.0,19
9476.5,22
9476.5,29
9476.7,8
9480.6,25
9480.7,37
9481.0,39
9481.0,17
9482.0,38
9482.1,15
9482.1,19
9482.3,23
9482.7,1
9483.6,32
9483.8,30
9484.0,14
9484.4,26
9484.6,36
9484.7,27
9484.8,20
9484.8,31
9484.8,6
9484.8,11
9485.0,8
9485.0,12
9485.3,28
9485.4,7
9485.5,13
9485.7,16
9485.9,34
9486.4,3
9489.9,29
9489.9,35
9490.0,33
9490.2,5
9492.4,37
9492.5,22
9493.2,4
9493.7,8
9494.2,17
9494.2,39
9494.4,9
9494.9,30
9495.0,7
9495.0,27
9495.0,34
9495.1,21
9495.5,19
9495.7,15
9496.2,1
9496.2,16
9496.7,32
9496.8,31
9497.6,11
9497.9,36
9499.7,3
9500.6,12
9502.5,30
9502.9,6
9502.9,10
9503.7,8
9503.8,13
9503.9,33
9504.1,23
9504.5,19
9504.9,38
9505.0,35
9505.4,32
9505.4,36
9506.8,26
9507.3,9
9508.0,1
9508.2,29
9508.3,31
9508.4,37
9508.7,5
9509.0,22
9509.1,28
9509.5,11
9509.8,39
9509.9,15
9509.9,17
9509.9,27
9510.8,24
9512.2,4
9512.6,2
9512.7,30
9513.5,0
9513.5,3
9513.7,7
9514.6,12
9515.2,16
9516.0,25
9516.0,36
9516.2,8
9517.2,6
9518.7,29
9518.8,32
9519.1,35
9519.3,13
9519.9,27
9520.1,11
9520.3,10
9520.6,23
9521.2,20
9521.9,39
9522.1,1
9522.6,33
9522.7,19
9525.1,3
9525.3,8
9525.3,22
9525.9,31
9526.2,30
9526.4,14
9526.6,16
9527.8,5
9527.8,37
9528.0,15
9528.3,9
9528.3,12
9528.3,38
9528.6,26
9528.7,7
9528.7,36
9528.9,28
9529.4,33
9529.7,4
9530.2,34
9531.7,6
9531.9,39
9532.5,17
9533.1,1
9533.5,19
9533.6,29
9534.9,10
9536.4,8
9536.4,23
9536.8,27
9536.9,31
9537.8,21
9537.8,37
9538.0,30
9538.1,11
9538.3,12
9539.0,15
9539.1,3
9539.8,5
9539.8,7
9540.0,36
9542.8,39
9542.9,9
9543.1,35
9543.4,19
9543.8,32
9545.8,22
9546.0,6
9546.0,33
9546.2,13
9546.8,20
9547.1,4
9547.1,24
9547.3,2
9547.7,0
9548.0,16
9548.0,17
9548.0,29
9548.0,26
9548.0,30
9548.2,3
9548.3,27
9548.4,10
9548.6,23
9549.0,1
9549.3,36
9549.5,38
9550.3,8
9550.3,11
9551.6,19
9552.4,12
9554.7,28
9554.9,31
9555.7,39
9556.5,15
9557.1,5
9557.4,37
9558.0,7
9559.3,32
9560.0,14
9560.6,27
9560.8,8
9561.0,9
9561.3,34
9561.5,36
9561.8,13
9562.2,22
9562.2,30
9562.3,16
9562.3,35
9562.5,3
9562.6,11
9562.7,19
9562.8,17
9562.9,38
9563.3,1
9563.3,12
9563.3,29
9564.0,33
9566.4,31
9567.9,23
9568.7,27
9569.0,4
9569.3,24
9569.4,35
9569.4,5
9569.6,26
9569.7,3
9571.5,10
9572.6,39
9573.0,12
9573.0,8
9573.7,6
9574.1,7
9574.1,32
9574.3,15
9574.7,37
9575.4,11
9575.5,19
9575.9,21
9576.1,30
9576.2,36
9577.7,29
9578.0,13
9578.0,28
9578.1,22
9578.3,9
9579.1,26
9579.2,16
9580.5,17
9580.6,33
9580.7,25
9582.2,31
9582.4,23
9582.7,1
9583.1,3
9583.1,35
9583.5,8
9584.4,7
9585.9,11
9586.5,27
9588.0,32
9589.0,19
9589.1,5
9589.1,30
9589.2,37
9590.0,20
9590.2,12
9590.2,39
9590.3,36
9591.0,8
9591.2,10
9591.3,2
9591.7,29
9592.3,22
9592.5,26
9593.2,31
9593.3,4
9593.4,27
9593.4,38
9593.8,15
9594.6,33
9594.8,6
9595.3,19
9595.6,5
9597.3,39
9597.7,30
9598.9,17
9599.1,1
9599.7,32
9599.8,8
9600.0,23
9600.3,16
9600.6,9
9600.9,0
9601.0,12
9601.7,11
9601.8,10
9601.8,36
9602.4,20
9602.8,3
9602.8,35
9602.9,24
9603.7,6
9603.7,34
9603.9,19
9604.1,22
9604.4,21
9604.7,31
9604.9,30
9605.1,7
9606.0,27
9608.0,37
9608.4,29
9608.7,8
9609.4,39
9609.5,4
9610.0,14
9610.5,26
9610.5,13
9611.1,36
9611.4,38
9611.5,2
9611.5,15
9611.8,28
9611.9,5
9612.8,11
9613.3,23
9613.9,9
9614.1,17
9614.3,1
9615.3,31
9615.5,30
9615.8,12
9616.1,19
9617.4,3
9618.0,37
9618.1,32
9618.2,35
9618.4,29
9618.5,16
9618.8,27
9619.1,33
9619.9,22
9621.2,21
9621.8,8
9622.0,6
9622.7,19
9623.3,36
9624.2,4
9624.3,11
9624.6,23
9625.4,7
9625.4,10
9625.7,1
9625.7,14
9626.9,5
9627.1,15
9627.4,25
9627.7,39
9628.0,30
9628.6,17
9628.6,31
9628.8,34
9629.1,16
9630.0,26
9631.0,29
9631.6,12
9633.1,13
9633.3,19
9634.0,38
9634.1,33
9634.2,24
9634.7,8
9634.7,36
9635.1,35
9635.2,32
9635.2,37
9635.3,23
9636.4,9
9636.7,3
9636.8,1
9637.2,11
9638.2,27
9638.4,31
9638.8,17
9639.5,22
9639.6,30
9639.8,10
9640.0,15
9640.2,6
9641.1,28
9642.3,39
9642.9,8
9643.2,14
9643.7,7
9643.9,32
9644.1,25
9644.1,29
9644.1,33
9644.6,4
9645.1,2
9646.2,16
9646.5,12
9647.5,23
9647.6,30
9647.8,1
9648.5,11
9648.5,19
9649.1,3
9649.2,27
9649.3,21
9649.5,36
9649.9,20
9650.0,26
9650.6,10
9650.9,22
9651.5,5
9652.9,35
9653.2,31
9654.4,37
9654.5,17
9655.5,15
9656.2,30
9656.2,38
9656.3,9
9656.7,8
9656.8,6
9656.9,33
9657.3,19
9657.3,25
9657.6,1
9657.8,13
9658.3,16
9658.4,7
9658.6,11
9660.3,27
9662.3,34
9662.8,36
9663.0,29
9663.8,3
9664.4,28
9664.5,4
9664.9,0
9664.9,12
9664.9,32
9665.1,39
9665.3,19
9666.4,26
9666.5,14
9666.6,9
9666.7,30
9666.8,23
9667.3,15
9667.4,31
9668.9,5
9668.9,8
9669.1,24
9669.3,1
9671.5,20
9671.5,37
9671.9,10
9672.3,2
9672.9,11
9674.4,30
9674.6,22
9674.9,17
9675.3,27
9675.6,29
9675.7,19
9675.7,33
9676.0,7
9676.5,35
9676.7,6
9677.3,36
9677.5,3
9678.6,31
9681.6,8
9681.6,39
9681.7,16
9682.0,37
9682.1,32
9683.0,12
9684.0,9
9684.6,21
9685.1,23
9685.7,1
9685.7,7
9685.8,15
9686.0,4
9686.0,30
9686.4,29
9687.0,14
9687.2,10
9687.6,36
9688.1,5
9688.5,11
9688.7,19
9689.0,27
9691.0,26
9691.1,33
9691.6,34
9691.8,25
9691.9,3
9692.0,35
9692.6,8
9693.6,38
9693.7,13
9694.6,31
9695.0,17
9695.0,22
9695.0,16
9695.0,39
9695.6,37
9696.4,19
9697.0,6
9697.1,23
9697.2,12
9697.3,30
9698.6,15
9698.9,1
9699.0,33
9700.0,11
9700.0,29
9700.6,27
9701.0,32
9701.3,36
9702.9,4
9704.7,9
9704.7,26
9705.0,10
9705.3,7
9705.5,8
9705.5,22
9706.0,30
9706.3,12
9706.6,3
9706.6,35
9707.6,19
9707.7,17
9707.7,39
9708.1,1
9708.7,24
9709.2,27
9709.8,31
9710.2,36
9710.4,29
9710.9,38
9712.7,11
9713.0,28
9714.8,37
9715.4,14
9716.4,13
9716.4,30
9716.4,16
9716.9,12
9717.1,22
9717.3,21
9717.6,15
9718.2,32
9719.3,9
9719.3,23
9719.4,33
9720.2,31
9720.3,6
9720.5,27
9720.6,7
9720.8,8
9720.8,39
9721.7,4
9721.7,5
9721.8,36
9722.0,1
9724.0,35
9724.4,29
9724.6,3
9725.5,19
9726.3,30
9727.0,10
9727.0,38
9727.1,11
9727.3,2
9727.6,37
9728.3,17
9728.4,34
9728.6,23
9731.2,28
9731.2,31
9732.5,13
9732.5,32
9732.7,5
9732.8,12
9732.8,15
9732.8,27
9732.9,36
9733.1,1
9733.1,8
9733.5,16
9733.6,19
9733.9,7
9735.3,26
9735.5,39
9737.8,29
9739.1,30
9739.2,6
9739.5,3
9739.6,22
9739.6,25
9739.7,31
9739.8,24
9739.9,11
9740.2,33
9740.7,4
9740.7,27
9741.5,36
9742.9,8
9743.2,17
9743.8,23
9744.2,32
9744.4,37
9744.5,14
9744.9,20
9745.5,10
9745.5,19
9746.1,9
9746.1,13
9746.1,35
9746.2,16
9746.4,12
9747.0,30
9747.1,1
9747.7,3
9748.8,24
9751.1,39
9751.5,33
9751.9,8
9752.1,31
9753.0,21
9753.1,38
9754.2,7
9754.5,36
9754.5,11
9754.7,2
9754.9,22
9755.1,4
9755.6,19
9755.6,28
9756.3,30
9756.5,10
9756.5,16
9756.9,29
9756.9,12
9757.5,37
9757.5,32
9758.1,27
9758.4,1
9758.4,26
9758.7,17
9759.1,5
9761.6,15
9761.8,34
9762.0,9
9762.5,23
9762.7,36
9763.1,33
9763.3,3
9763.4,35
9764.0,8
9764.1,31
9764.9,13
9765.2,11
9767.5,17
9767.5,19
9767.6,16
9768.2,6
9768.2,39
9769.4,27
9770.1,12
9770.5,7
9771.6,22
9771.8,37
9771.9,30
9772.0,15
9772.1,36
9772.1,32
9772.9,8
9773.1,1
9773.4,28
9774.3,4
9775.3,38
9775.8,29
9777.2,25
9777.2,26
9777.6,3
9777.9,5
9778.2,31
9778.4,21
9778.7,10
9778.9,23
9779.2,2
9779.4,19
9779.4,27
9779.6,9
9780.1,37
9780.6,11
9780.6,30
9781.7,16
9782.7,17
9783.2,36
9783.5,8
9783.8,39
9784.5,0
9784.9,7
9785.1,12
9785.6,6
9787.0,35
9787.1,30
9787.5,32
9787.7,1
9787.8,34
9788.3,15
9788.3,24
9788.5,31
9788.7,11
9789.3,29
9789.6,33
9790.3,14
9791.7,13
9791.9,4
9791.9,23
9792.2,19
9792.4,9
9792.5,22
9792.8,28
9793.1,37
9794.3,27
9795.2,8
9796.5,12
9797.3,6
9799.0,31
9799.2,30
9799.4,3
9800.0,17
9800.3,35
9800.6,38
9801.0,1
9801.2,26
9801.3,25
9802.0,32
9802.2,2
9802.4,36
9803.2,19
9806.3,23
9806.6,8
9807.1,33
9807.4,11
9807.8,29
9808.0,16
9808.5,22
9808.5,39
9808.7,5
9809.3,9
9809.3,30
9809.6,24
9809.8,27
9809.9,10
9811.3,34
9811.7,31
9811.8,6
9811.9,4
9812.3,12
9812.4,7
9812.8,17
9813.0,36
9813.0,37
9813.1,20
9814.5,32
9815.6,15
9817.3,23
9817.7,13
9817.7,14
9818.3,19
9818.8,30
9819.3,0
9819.4,3
9819.6,1
9819.6,8
9819.8,21
9820.6,9
9820.8,38
9821.2,11
9821.4,35
9821.9,39
9822.4,4
9823.7,12
9823.8,26
9824.9,27
9825.3,22
9826.3,31
9826.4,29
9826.6,33
9827.5,17
9828.5,19
9829.0,36
9829.4,10
9829.6,9
9829.7,23
9830.0,6
9830.3,24
9830.4,37
9830.9,5
9831.1,16
9831.5,8
9831.6,15
9832.9,30
9834.1,7
9834.4,1
9834.4,3
9834.5,32
9834.6,39
9835.7,31
9835.8,35
9836.8,17
9836.9,27
9837.0,11
9837.3,36
9837.4,38
9838.2,19
9838.3,29
9840.0,30
9840.6,23
9841.1,6
9841.1,13
9841.1,33
9841.4,4
9841.4,34
9841.8,9
9842.8,12
9843.2,37
9843.3,8
9844.1,20
9844.3,28
9844.4,1
9844.7,7
9844.8,3
9845.3,31
9845.7,5
9848.2,27
9848.6,11
9848.6,19
9848.7,36
9849.1,32
9849.1,35
9849.3,10
9849.5,17
9851.3,24
9851.7,22
9852.6,30
9852.7,23
9854.6,26
9854.6,29
9854.8,15
9854.9,3
9854.9,7
9854.9,25
9855.1,8
9855.1,6
9855.3,38
9855.7,1
9855.9,33
9856.0,12
9856.0,39
9857.1,20
9857.3,37
9858.3,32
9859.8,13
9860.1,16
9860.3,36
9860.5,19
9861.0,9
9862.0,31
9863.5,35
9863.8,27
9864.0,30
9864.4,21
9864.7,23
9864.8,11
9864.9,28
9865.0,34
9865.5,3
9866.1,8
9866.3,17
9867.4,4
9867.7,14
9868.5,1
9869.2,22
9869.3,29
9870.2,9
9870.4,33
9870.5,39
9870.8,19
9871.8,12
9872.2,38
9873.2,5
9873.7,30
9874.0,32
9874.4,7
9875.1,36
9875.3,8
9875.7,15
9875.9,3
9876.0,2
9876.9,23
9877.0,37
9877.1,10
9877.7,27
9877.8,31
9877.9,6
9878.0,35
9878.1,16
9878.3,11
9878.7,13
9878.7,28
9878.8,29
9879.0,1
9879.1,39
9879.2,33
9879.3,0
9882.4,17
9882.9,4
9882.9,21
9883.3,12
9883.9,8
9884.5,26
9884.9,19
9885.2,31
9885.3,22
9885.5,30
9886.5,27
9887.0,9
9887.6,35
9889.2,34
9889.9,37
9890.0,10
9890.2,1
9890.5,39
9890.8,3
9891.0,25
9891.4,36
9891.9,7
9892.6,6
9892.6,23
9894.4,30
9894.9,11
9895.3,5
9895.4,16
9895.8,22
9896.2,2
9896.2,19
9896.5,13
9897.1,15
9897.5,17
9898.1,12
9898.9,29
9899.0,3
9900.4,32
9900.9,33
9901.4,31
9901.5,24
9901.6,1
9901.6,27
9901.6,36
9901.9,19
9902.1,8
9902.9,26
9903.1,38
9903.3,4
9903.4,35
9904.2,37
9904.3,20
9905.4,10
9905.5,11
9906.1,12
9906.7,28
9906.9,16
9907.6,7
9907.8,39
9908.0,9
9908.0,23
9908.1,17
9908.1,30
9909.9,33
9911.0,3
9911.1,29
9911.9,6
9912.0,19
9912.0,31
9912.2,15
9913.9,1
9915.3,12
9915.5,36
9916.7,17
9916.8,8
9917.2,5
9917.2,27
9917.4,22
9918.3,30
9918.5,32
9918.5,11
9918.7,35
9918.8,25
9919.4,0
9919.4,10
9919.4,13
9919.8,26
9920.4,2
9921.2,4
9922.6,37
9922.9,16
9923.0,28
9923.6,3
9923.6,9
9923.8,29
9924.0,21
9924.1,19
9924.2,31
9924.2,38
9925.1,15
9925.9,8
9926.4,23
9927.3,11
9927.6,39
9927.8,7
9928.2,35
9928.3,17
9928.6,1
9928.8,36
9929.1,12
9929.2,30
9929.4,26
9929.8,24
9930.3,20
9930.9,34
9931.5,33
9934.2,37
9935.1,19
9935.2,16
9935.8,3
9935.8,27
9936.6,6
9936.8,10
9938.5,31
9938.8,12
9939.0,25
9939.0,9
9939.7,11
9939.7,29
9939.7,36
9939.9,1
9940.1,22
9940.2,32
9940.4,8
9940.7,15
9941.1,13
9941.1,17
9941.4,4
9941.7,30
9942.5,14
9943.2,23
9943.6,19
9943.8,38
9944.0,21
9946.5,8
9946.5,12
9946.7,27
9946.9,6
9947.4,17
9948.4,5
9948.4,11
9948.7,35
9949.0,37
9949.4,39
9949.5,34
9949.9,15
9950.6,3
9951.5,36
9952.0,28
9952.0,30
9952.0,31
9952.4,10
9953.1,26
9953.3,33
9953.4,9
9954.4,2
9954.6,16
9954.7,24
9956.0,7
9956.8,1
9957.0,4
9957.0,27
9957.7,23
9957.9,19
9959.1,32
9960.4,8
9960.6,38
9961.1,11
9961.1,14
9961.1,30
9962.1,13
9963.8,20
9964.4,29
9964.7,36
9965.1,12
9965.2,39
9965.5,37
9965.9,6
9966.2,22
9966.4,31
9966.8,17
9966.9,15
9967.2,26
9967.3,28
9967.7,35
9968.2,30
9968.3,23
9968.8,5
9969.0,27
9969.8,7
9970.0,34
9970.7,19
9970.8,8
9971.1,16
9972.2,10
9972.2,11
9972.3,0
9974.4,3
9975.5,2
9975.7,1
9976.3,4
9976.4,33
9976.6,31
9976.9,13
9976.9,32
9977.1,37
9977.8,9
9978.1,36
9981.3,30
9981.4,21
9981.5,27
9981.5,39
9981.6,8
9981.7,12
9982.0,15
9982.0,24
9982.1,17
9982.2,19
9984.7,29
9984.7,38
9985.2,22
9985.2,23
9985.7,3
9986.1,33
9986.4,7
9986.7,5
9987.0,11
9987.6,14
9987.8,8
9988.2,35
9988.3,31
9988.9,30
9989.3,13
9990.7,16
9991.5,37
9992.9,32
9993.1,9
9993.7,10
9994.1,36
9994.3,1
9994.5,29
9994.7,27
9995.2,19
9995.3,17
9995.7,6
9996.7,23
9997.0,25
9997.4,15
9997.5,28
9998.0,30
9998.2,3
9999.7,26
9999.9,8
