12.1,3
12.3,9
12.3,27
12.6,36
12.8,5
12.9,19
13.0,4
13.0,29
13.0,38
13.1,7
13.1,31
13.3,0
13.3,6
13.4,25
13.4,33
13.4,34
13.5,11
13.5,18
13.6,12
13.6,13
13.7,8
13.7,15
13.9,1
14.0,37
14.9,23
18.2,32
18.4,14
19.5,2
20.6,21
20.6,36
21.6,12
21.8,18
21.9,7
22.2,17
22.7,11
23.9,28
24.4,4
25.1,15
25.5,6
25.8,9
25.8,31
26.2,29
26.5,32
26.7,1
26.8,8
26.9,25
27.7,38
28.9,0
29.1,37
29.7,5
30.3,14
31.2,2
31.6,30
32.1,15
32.2,13
32.7,11
33.1,17
34.0,27
34.0,36
34.5,31
35.4,32
35.8,25
35.9,4
36.3,9
36.8,12
37.0,33
38.7,28
38.8,7
39.3,6
39.4,0
42.0,11
43.7,23
43.7,32
44.0,10
44.4,14
44.4,38
44.7,1
44.7,17
45.1,5
45.3,25
45.3,37
45.4,8
45.9,4
46.4,13
46.4,20
46.8,27
46.9,19
46.9,21
47.4,31
49.8,35
49.9,12
50.0,2
50.0,29
50.6,36
51.3,16
51.6,9
51.9,6
53.4,25
53.5,30
54.4,0
56.6,13
56.9,14
57.1,11
57.2,15
57.3,32
57.6,21
57.6,39
57.8,8
57.8,12
57.8,17
58.1,31
58.3,4
59.9,1
62.9,38
64.1,25
64.5,37
64.7,7
64.7,9
64.9,6
65.0,36
65.4,27
65.5,11
66.1,2
66.3,28
66.7,32
67.4,14
68.1,4
69.3,31
69.5,0
70.1,12
71.3,5
71.6,1
72.1,3
72.1,23
73.4,13
73.5,7
73.5,11
73.6,8
74.1,38
74.3,29
75.4,6
77.2,14
78.1,25
78.4,31
78.5,39
78.6,37
78.8,32
78.8,35
79.3,15
79.3,36
79.7,4
79.8,9
80.2,21
80.4,10
80.4,17
80.4,34
80.5,38
81.6,12
86.5,20
86.6,1
87.1,0
87.4,11
87.5,2
87.5,25
87.5,27
87.8,23
88.5,31
88.7,29
88.9,5
88.9,32
89.6,7
91.2,13
91.2,14
91.9,18
92.2,4
92.9,28
94.1,8
94.2,37
94.6,12
94.7,11
95.5,31
95.6,9
97.4,32
98.6,0
98.8,14
99.0,38
99.6,17
99.9,21
100.1,3
100.1,6
100.4,25
101.2,29
102.2,15
102.5,36
102.9,1
103.2,2
103.3,27
103.4,33
103.7,31
103.8,9
104.2,30
104.6,11
105.5,12
105.8,5
106.9,8
107.0,13
107.4,32
107.8,34
108.1,4
108.8,35
109.9,7
110.0,37
110.7,14
111.3,1
111.3,25
111.7,19
112.0,11
112.5,23
112.7,2
113.2,21
113.2,28
114.4,31
114.5,32
114.6,36
115.8,9
116.1,38
117.2,12
117.6,4
118.1,6
119.1,0
119.1,17
119.2,10
120.3,8
120.9,27
122.4,25
123.1,11
123.5,37
124.0,3
124.1,1
124.1,20
124.4,13
124.5,2
124.7,31
125.4,14
125.9,23
126.7,4
126.9,15
127.0,36
127.1,38
127.2,8
127.2,32
128.6,35
129.2,7
129.5,12
129.8,39
130.2,9
130.3,17
130.6,0
131.3,28
131.5,25
132.2,29
132.3,34
132.7,21
132.7,31
134.2,1
135.2,27
135.9,2
136.1,32
136.5,4
136.7,5
137.2,24
137.3,36
137.3,37
137.5,14
138.3,9
139.9,11
141.6,38
141.9,31
142.1,17
142.2,18
142.3,12
142.9,16
143.3,23
143.4,8
144.1,25
144.6,6
144.9,29
145.1,4
147.5,15
147.8,0
147.8,11
148.0,32
148.8,3
148.8,14
149.2,7
149.4,13
149.8,2
149.8,27
150.3,37
151.6,1
152.8,31
152.9,35
153.7,8
153.8,9
153.8,25
154.9,30
155.0,33
155.1,28
156.1,11
156.7,5
157.1,39
157.5,36
158.0,14
159.0,20
159.7,6
160.1,12
160.1,23
160.3,4
160.6,32
161.1,13
161.1,37
161.2,9
161.6,25
161.7,38
162.4,27
164.2,31
165.4,8
166.9,2
167.3,17
167.5,1
167.5,21
167.9,36
169.0,10
169.0,32
169.4,25
170.5,0
171.0,12
171.1,11
171.7,29
173.7,7
174.5,38
174.7,34
174.8,14
174.8,15
175.1,4
175.5,9
175.6,30
176.1,8
176.3,1
176.3,27
176.3,31
176.9,6
177.2,36
177.8,22
177.8,28
177.8,5
178.0,21
178.4,37
178.8,32
178.9,25
179.9,23
181.0,4
181.9,13
182.2,2
183.4,11
184.5,0
184.8,12
185.4,7
185.4,31
185.4,35
187.4,14
187.8,28
187.9,29
189.6,18
189.6,25
189.9,32
190.3,17
191.0,6
191.2,1
191.6,36
191.7,12
191.7,37
192.1,2
192.8,21
193.5,31
193.7,4
193.8,9
194.0,8
194.3,27
194.6,38
195.6,11
195.7,25
197.2,0
198.6,14
198.7,15
198.7,32
199.2,23
199.4,7
199.5,3
200.0,29
200.0,37
201.0,5
201.0,13
201.4,28
201.9,39
203.7,31
205.6,12
205.6,25
205.7,4
206.9,2
207.0,11
207.2,9
208.2,36
208.6,1
208.6,30
208.8,27
208.8,35
209.2,34
209.3,32
209.5,15
210.0,14
210.2,31
210.3,8
210.6,21
210.9,37
211.7,17
212.4,12
213.2,29
213.6,6
213.7,7
213.7,38
214.7,25
214.9,18
215.7,0
216.9,5
219.3,9
219.9,4
220.1,31
220.5,1
221.2,27
221.3,12
221.6,14
221.8,23
221.9,32
225.4,2
225.8,11
225.8,13
226.1,19
226.2,28
226.2,37
226.5,25
226.7,33
229.0,4
229.0,27
229.2,32
229.2,36
229.5,8
230.7,31
231.2,0
231.5,6
232.1,3
232.1,15
232.3,9
232.7,14
233.0,29
233.1,7
234.5,12
235.9,25
236.8,1
237.0,23
237.1,37
237.3,30
237.5,11
237.6,38
237.7,5
237.9,32
238.5,21
238.7,18
239.0,24
239.0,36
239.7,15
239.8,13
240.5,9
240.7,31
242.2,4
242.2,14
242.6,3
243.1,11
243.2,2
243.3,12
243.8,25
244.8,6
244.8,10
246.9,17
247.8,32
248.0,1
248.2,35
248.4,8
249.0,0
249.2,27
249.2,37
252.0,14
252.0,38
252.4,36
252.7,31
253.3,25
254.2,39
254.5,11
254.5,13
254.8,4
254.8,7
254.8,23
255.1,30
255.3,21
255.5,5
256.2,2
256.7,3
257.0,9
257.2,28
257.3,0
257.7,12
257.7,18
258.6,32
259.0,29
260.1,37
260.3,31
260.9,27
261.5,8
262.0,36
262.5,1
265.0,15
265.6,38
266.3,14
266.5,6
266.5,9
267.6,25
267.8,4
268.7,12
268.9,11
269.1,21
269.4,32
269.6,28
269.7,17
269.8,7
270.1,2
271.8,27
272.0,1
272.6,23
272.7,31
272.7,36
273.8,29
274.3,0
274.3,13
274.5,5
274.7,35
274.9,12
275.1,9
275.6,25
276.1,33
276.2,37
277.4,14
277.8,32
278.4,34
279.9,1
280.2,11
280.6,4
280.7,38
281.9,2
283.7,3
283.7,9
283.7,15
284.0,8
284.2,39
285.0,0
285.1,12
285.4,31
286.3,17
286.6,6
286.6,7
287.1,23
287.3,10
288.8,30
288.8,25
289.0,32
289.1,11
289.7,36
290.8,21
293.2,38
293.7,12
294.2,19
294.4,5
294.9,31
295.8,25
295.9,29
296.5,9
296.7,18
296.7,37
297.0,1
297.0,36
297.3,4
297.3,27
297.4,0
297.4,2
298.9,8
299.2,32
299.6,14
299.7,11
300.0,28
301.4,21
302.0,31
302.4,15
303.8,13
304.5,7
305.8,12
307.2,32
307.5,38
307.8,17
308.4,1
308.6,33
308.7,23
308.8,8
308.8,9
308.9,35
308.9,37
309.0,25
309.2,6
309.4,27
309.4,39
309.8,0
310.3,14
311.3,2
312.4,31
312.5,11
312.6,15
313.4,36
313.8,4
314.7,34
315.0,5
316.5,7
320.5,29
320.7,6
321.2,14
321.3,32
321.7,28
322.0,1
322.0,12
322.1,25
322.3,39
322.5,17
322.7,38
322.9,31
323.0,37
323.7,18
324.0,27
324.1,4
324.6,9
324.6,13
324.9,11
327.3,3
328.0,2
328.3,12
328.5,0
328.9,35
328.9,36
329.3,23
329.8,32
330.0,8
330.2,14
331.5,15
332.4,30
332.7,4
334.4,31
334.9,27
335.0,19
335.5,21
335.6,11
336.3,25
336.3,28
336.5,38
336.9,17
337.0,5
337.1,6
337.2,0
337.4,10
337.6,7
337.9,29
337.9,36
338.4,1
338.4,34
338.9,9
339.0,8
339.0,12
339.0,13
339.0,37
343.4,20
343.7,31
344.0,11
344.6,25
346.6,15
346.8,14
347.1,32
347.2,4
347.2,13
347.3,2
347.7,34
349.1,37
349.2,3
349.2,17
350.3,12
351.6,11
352.5,23
353.5,28
353.6,9
353.7,0
354.4,27
354.5,35
354.8,31
355.0,38
355.1,36
355.5,1
355.6,6
355.7,39
355.7,29
355.9,32
356.2,18
356.9,30
357.3,14
357.5,8
357.8,12
357.8,21
358.6,4
358.7,25
359.5,2
361.4,7
362.1,31
362.5,5
362.8,15
363.1,9
364.4,11
366.7,14
367.3,3
367.7,1
367.9,37
368.3,25
369.2,12
370.0,4
370.5,23
370.7,38
370.8,29
371.3,32
371.4,27
371.4,31
371.9,8
371.9,36
372.2,7
372.4,13
372.4,17
372.5,0
372.5,16
372.6,6
372.9,11
373.2,30
373.4,28
373.7,5
374.5,25
378.8,12
379.2,37
379.2,39
379.4,32
380.3,14
380.4,2
380.4,19
380.5,15
381.0,9
381.5,33
381.8,8
382.0,28
382.2,21
382.2,31
382.8,25
383.4,34
384.3,0
384.3,4
384.4,11
386.9,36
387.5,27
387.8,32
388.3,17
388.5,35
388.8,1
390.5,13
391.2,38
391.3,7
391.4,29
391.6,11
392.1,25
392.8,6
392.8,31
394.9,12
395.2,23
395.8,37
396.1,14
396.3,2
396.7,4
397.7,0
398.1,18
398.7,32
399.2,15
399.9,9
400.0,10
400.6,25
400.6,39
400.9,5
401.1,28
402.0,27
402.1,30
402.2,21
402.5,8
403.0,31
403.5,1
403.8,17
404.1,38
406.0,6
406.2,12
407.4,7
407.9,11
408.3,14
408.8,36
408.8,37
409.2,23
409.4,9
409.4,27
409.4,32
409.7,34
410.0,4
410.3,2
411.5,29
412.4,0
412.9,25
414.1,15
414.8,31
415.2,3
416.8,9
417.5,1
418.0,28
418.7,8
419.4,11
420.0,37
420.4,13
421.3,23
421.3,32
421.7,25
422.0,12
422.9,36
423.1,14
423.2,4
423.6,2
424.2,21
424.3,34
424.5,27
424.7,35
424.8,16
424.8,38
424.9,6
425.3,17
425.9,9
427.0,31
427.1,0
427.6,1
428.7,7
428.7,15
429.0,5
430.9,28
431.2,11
431.6,37
432.5,10
432.6,32
432.7,25
434.8,38
436.2,29
436.3,14
436.4,18
436.5,8
436.5,19
436.9,31
437.0,0
438.1,36
438.3,9
438.4,12
439.0,23
439.8,6
440.4,17
441.0,2
441.2,4
441.3,20
442.0,1
442.0,27
442.3,13
442.5,5
442.5,33
442.8,11
443.2,25
443.4,15
443.4,30
444.4,31
445.0,32
447.2,29
447.3,3
450.0,36
450.0,37
450.1,12
450.2,8
450.7,39
451.7,21
451.9,0
453.0,35
453.2,38
453.9,14
454.0,11
454.7,15
454.9,31
455.2,7
455.4,9
455.9,25
455.9,28
456.0,17
456.0,23
456.2,4
457.1,1
457.4,6
457.5,2
458.1,12
458.9,37
460.3,32
460.5,29
461.1,27
461.4,13
462.4,5
462.8,0
464.1,31
464.2,11
465.2,33
465.9,1
466.2,7
466.4,3
467.6,18
468.1,9
468.4,28
469.0,36
469.2,4
469.2,25
469.4,2
469.6,14
470.2,5
470.5,38
470.8,32
471.2,37
472.1,16
472.9,6
472.9,8
472.9,11
473.1,31
473.7,12
475.4,15
478.2,9
479.2,13
479.6,17
479.6,27
479.6,30
479.9,34
480.0,29
480.1,21
480.4,23
480.6,32
480.7,31
480.8,12
481.1,0
481.1,39
481.4,8
481.5,11
481.6,1
481.7,28
481.9,25
482.1,4
483.3,36
485.9,7
487.4,14
487.6,9
487.6,38
487.8,5
488.2,15
488.3,13
489.1,6
489.6,3
489.6,32
489.8,11
489.8,37
490.0,35
490.7,31
491.4,2
491.6,4
493.5,0
495.5,14
496.2,36
496.3,1
496.3,12
496.4,25
497.0,8
497.6,29
498.7,24
499.0,31
499.1,30
499.3,28
499.6,11
500.0,17
500.5,39
500.6,35
500.7,9
501.1,19
501.7,27
502.2,15
502.7,37
503.2,2
503.4,7
503.7,32
503.8,23
503.9,4
505.0,25
507.5,38
507.6,5
507.8,21
508.0,6
508.4,0
508.6,8
508.9,34
509.0,9
509.3,1
509.3,36
509.4,18
509.5,11
509.5,14
509.6,31
510.2,33
510.7,12
510.7,29
513.8,25
514.7,16
514.9,15
515.0,32
515.2,4
516.3,2
516.4,13
518.6,31
518.7,36
519.0,8
519.2,21
519.2,28
519.6,9
519.8,27
520.2,17
521.1,0
521.5,12
522.1,1
522.5,29
523.6,14
523.8,23
523.9,11
524.4,30
524.5,37
524.5,39
524.8,38
525.2,32
525.6,5
526.9,25
527.8,4
528.9,31
529.5,27
529.8,2
531.0,7
531.8,0
531.8,12
531.9,11
532.2,35
532.3,37
532.4,17
532.9,13
533.2,28
533.3,14
534.5,15
534.6,9
535.4,32
535.4,6
535.4,25
535.6,36
536.7,19
537.6,8
538.7,29
538.9,11
540.0,31
540.1,23
540.7,4
540.8,39
541.1,3
541.2,1
542.3,0
542.6,12
542.9,34
543.0,5
543.1,27
543.3,38
543.6,21
543.6,37
544.5,9
545.5,28
546.8,7
547.0,25
548.0,11
548.0,14
548.4,32
549.5,4
549.5,12
549.5,17
549.8,15
551.1,31
551.4,30
551.6,13
552.5,2
552.7,9
552.7,36
554.0,0
555.4,27
556.2,18
556.2,32
556.4,14
556.7,8
556.8,28
558.0,1
558.1,11
559.1,37
559.8,34
560.4,21
561.8,25
561.9,23
562.1,31
562.4,12
562.5,38
562.5,6
562.7,4
563.5,29
564.0,5
564.1,16
564.4,0
564.6,9
567.8,32
568.0,14
568.4,11
568.4,36
569.3,37
569.5,12
569.5,15
570.8,2
571.6,13
572.7,7
572.7,17
573.4,31
573.6,25
573.7,27
574.2,1
574.6,32
574.9,8
575.0,28
576.1,0
576.1,5
576.5,35
578.0,9
578.5,14
578.5,18
579.7,30
580.2,10
580.4,4
580.5,37
581.2,31
581.2,36
582.0,12
582.1,11
582.3,2
583.0,19
584.0,39
584.5,32
585.0,29
585.2,21
585.7,38
585.7,23
586.0,34
586.1,37
586.5,25
587.2,0
587.4,8
587.7,9
587.8,15
588.7,6
588.7,27
588.8,1
590.0,13
590.1,14
590.2,17
591.1,31
592.6,4
592.9,11
593.1,5
594.1,7
594.3,36
595.1,12
595.6,28
595.7,3
595.8,9
596.3,38
597.4,32
597.6,25
598.2,31
598.3,2
598.4,16
598.9,27
601.7,34
601.9,1
602.3,0
602.6,35
602.8,29
602.9,11
603.4,15
604.2,37
604.3,30
604.6,8
605.1,23
605.3,14
605.4,32
607.4,38
607.5,4
608.6,25
609.0,12
609.2,18
609.3,17
609.7,9
610.5,36
610.7,6
610.9,31
611.1,21
611.2,11
611.7,13
611.8,27
612.5,5
612.5,14
613.3,8
613.5,28
614.9,7
615.0,32
615.8,4
616.9,25
617.0,3
617.8,2
618.1,15
618.6,1
619.3,0
619.9,23
620.2,12
621.1,37
621.8,17
622.1,31
622.7,38
622.8,29
623.7,9
624.4,11
624.7,30
625.9,28
626.8,27
626.9,6
627.1,32
627.9,8
628.1,36
629.2,25
629.3,14
629.4,4
630.1,12
630.7,39
630.8,2
631.0,7
631.5,13
631.5,15
632.5,31
632.9,18
633.4,0
634.9,17
635.2,38
636.2,11
636.4,1
636.6,3
636.7,33
636.7,37
637.2,5
637.2,21
637.4,9
637.6,35
639.1,32
639.7,36
639.9,8
640.5,29
641.0,31
641.0,25
641.6,4
643.0,14
643.0,28
643.4,34
644.1,12
645.1,23
645.7,13
645.8,27
646.6,37
647.1,0
647.6,6
647.8,30
648.4,5
648.5,15
648.6,1
648.7,11
649.2,32
650.5,3
651.7,2
653.5,7
653.5,9
653.5,18
653.5,25
654.2,31
654.9,16
655.9,38
656.1,8
656.1,17
656.2,36
656.5,12
656.6,4
657.0,32
657.7,37
659.0,1
659.1,15
659.2,35
659.3,14
659.7,11
662.3,23
662.3,31
662.5,13
662.8,29
663.7,0
664.9,25
665.0,21
665.8,14
665.8,27
666.5,36
667.2,12
668.2,2
668.3,6
669.0,17
669.1,7
669.4,39
669.5,9
669.9,5
671.2,28
671.4,37
672.0,1
672.0,31
672.6,30
672.7,25
672.9,32
674.7,4
674.7,11
674.7,16
674.8,3
675.2,38
676.0,9
676.0,19
677.0,8
677.2,15
677.3,18
677.5,34
679.5,29
679.7,14
679.7,27
680.2,23
680.3,12
680.3,31
680.8,0
681.4,21
682.4,32
682.5,13
682.8,25
683.0,28
683.3,36
684.8,7
684.9,1
685.2,5
685.7,11
686.3,37
686.7,39
688.6,14
688.6,17
688.8,9
689.4,6
689.4,38
689.7,8
690.7,4
690.7,25
690.9,31
691.2,29
691.4,0
691.5,2
691.5,15
691.8,12
692.0,35
693.4,27
693.8,32
699.0,11
699.2,28
699.6,36
699.7,13
699.7,33
700.1,23
700.3,0
700.5,14
700.6,39
700.8,18
700.8,31
700.9,3
700.9,8
700.9,10
701.1,25
701.2,38
701.5,29
701.6,1
703.5,4
703.7,9
703.7,12
704.4,32
705.5,27
706.1,21
706.1,37
710.6,31
711.1,0
711.3,5
711.5,30
711.7,34
712.3,17
712.4,14
712.6,11
714.5,6
715.0,2
715.7,12
716.0,4
716.5,36
716.6,1
716.6,38
716.8,15
717.0,32
717.1,7
717.2,35
717.3,18
717.3,37
717.5,31
717.6,16
718.3,23
718.8,25
719.0,8
720.1,9
723.5,29
724.3,14
724.4,27
724.6,11
724.6,32
724.7,4
725.2,31
725.6,7
725.6,17
725.8,13
725.8,18
725.9,37
726.0,28
726.2,0
727.5,39
729.5,5
729.7,36
730.0,1
730.0,25
730.2,15
730.9,38
731.9,10
732.2,9
732.2,12
733.1,8
733.2,23
733.8,35
736.7,27
736.8,4
736.9,32
737.1,30
737.5,31
737.8,3
737.8,37
738.0,2
738.4,0
738.8,29
740.2,11
740.4,12
740.6,6
740.6,14
740.9,25
741.5,13
741.6,9
742.0,17
743.6,38
743.9,5
744.1,21
744.2,32
744.8,36
745.3,7
745.5,28
745.7,8
746.1,39
746.3,1
746.3,31
746.8,4
747.0,29
749.4,12
749.6,15
751.2,14
751.2,25
751.6,27
752.6,37
753.3,0
754.6,32
755.0,11
756.8,2
756.8,36
757.1,18
759.1,5
759.1,31
760.2,4
760.3,6
760.7,28
761.5,1
761.6,9
761.6,21
761.7,29
762.1,8
762.3,25
762.8,14
762.8,34
762.9,17
763.0,32
763.6,38
763.8,0
764.6,23
764.7,7
764.8,12
765.2,15
765.2,27
766.3,37
766.4,11
766.9,31
767.7,3
768.6,33
768.9,35
769.8,12
772.5,4
772.7,13
772.9,2
772.9,32
773.5,9
773.8,14
773.9,5
774.0,0
774.0,19
774.2,25
774.8,31
774.8,39
774.9,1
775.7,11
775.8,29
775.8,37
777.0,28
777.0,38
777.2,36
777.7,15
780.8,16
782.4,6
782.7,23
783.0,27
783.3,7
783.5,8
783.6,31
783.8,32
783.8,35
784.0,11
784.3,21
785.0,12
786.1,36
786.4,17
787.3,4
787.3,25
788.0,14
788.1,13
788.3,9
789.2,11
789.2,37
789.6,0
791.7,31
791.8,1
791.9,2
791.9,38
792.3,32
792.3,30
793.2,27
794.2,12
796.0,18
797.1,5
797.4,3
797.4,25
797.9,14
798.3,4
798.6,6
798.8,34
799.7,11
800.2,8
801.2,9
801.3,17
801.8,31
801.9,36
802.2,0
802.2,23
802.2,29
802.7,38
802.9,32
804.7,12
805.1,37
805.1,25
805.7,13
806.3,11
806.7,7
808.0,15
809.2,39
810.0,16
810.7,14
810.8,8
810.9,1
811.4,2
811.5,4
811.9,9
812.0,31
812.7,32
813.3,12
813.8,37
814.0,27
814.4,21
816.0,28
816.2,0
816.3,11
816.8,35
816.9,34
817.3,5
817.5,3
818.4,7
818.5,36
819.5,25
819.9,37
820.9,31
821.7,6
822.1,29
822.5,17
823.2,13
823.2,19
823.4,32
823.8,1
824.3,38
824.7,14
825.1,9
825.2,12
825.3,4
825.3,23
826.8,11
827.1,2
829.3,0
829.5,25
829.7,31
830.9,15
832.0,27
833.5,5
833.7,36
833.9,7
833.9,8
834.3,28
835.1,12
835.1,14
835.7,25
835.9,32
836.7,31
836.8,10
836.8,38
837.1,11
837.4,18
838.0,4
838.1,9
838.2,1
838.3,29
838.5,37
839.0,2
839.9,35
840.5,21
840.9,17
842.6,0
844.0,12
845.0,8
845.6,28
846.5,32
846.8,6
847.0,13
847.3,23
847.4,33
847.8,31
848.1,11
848.1,27
848.5,36
849.0,34
849.3,7
849.3,14
849.4,9
849.6,30
849.7,38
850.0,4
850.0,25
850.0,39
850.7,37
851.2,15
853.2,1
853.3,12
853.6,17
854.0,5
854.8,3
855.4,2
855.6,19
857.2,11
857.2,25
857.5,32
858.1,31
858.4,7
858.7,0
858.8,9
860.5,14
861.6,29
861.7,6
862.4,36
862.5,15
862.5,16
862.6,28
862.9,21
863.1,38
863.2,8
865.1,12
867.0,31
867.5,4
868.1,27
868.7,37
868.8,10
869.1,11
869.5,25
870.0,2
870.0,13
870.8,0
870.8,32
870.9,9
871.9,14
872.0,29
872.2,30
872.5,12
873.0,23
873.1,18
873.3,1
874.3,34
874.5,36
876.8,17
878.2,4
878.7,15
879.5,31
880.2,25
880.2,32
881.2,5
881.5,8
881.6,11
882.0,12
882.1,7
882.3,29
883.0,0
883.0,9
883.0,38
886.3,36
886.6,1
886.6,2
887.6,35
887.8,17
887.8,27
888.0,25
888.1,37
888.3,39
888.5,21
889.0,13
889.1,3
889.1,10
889.3,14
889.3,15
889.3,32
890.1,33
890.5,11
891.0,4
891.1,23
892.6,31
892.8,30
893.5,12
893.6,6
894.6,9
896.7,8
896.8,0
897.4,29
897.9,37
898.0,38
898.2,18
898.3,1
899.0,25
899.8,11
899.9,17
900.1,14
900.2,31
900.9,4
900.9,36
901.0,15
901.2,2
901.5,27
901.9,3
902.7,32
903.5,12
905.8,5
906.4,23
906.4,39
906.6,6
906.7,38
907.1,9
908.1,25
910.4,31
910.8,37
911.0,32
911.2,29
912.5,11
912.7,1
912.9,28
913.0,21
913.6,27
913.8,14
914.8,8
914.9,4
915.0,2
915.2,7
915.7,34
916.4,25
916.6,36
917.9,0
917.9,12
918.0,15
918.1,31
918.2,13
918.7,17
920.2,11
921.4,38
921.6,35
922.0,7
922.1,9
922.4,32
923.0,8
923.7,25
923.9,5
924.0,24
924.4,27
924.4,36
924.6,1
924.6,37
925.0,14
925.1,33
925.4,31
925.9,12
927.2,6
928.6,11
929.2,4
929.2,23
930.3,0
931.3,17
932.2,39
933.5,38
933.9,9
934.2,14
934.4,13
935.0,31
935.1,2
935.1,37
935.3,32
936.2,4
936.6,30
936.8,36
937.0,21
937.6,25
937.7,5
937.8,18
937.9,12
938.0,29
939.0,1
939.4,11
939.5,8
939.5,15
940.5,28
940.7,27
942.1,0
944.7,9
945.2,7
945.2,32
945.8,34
945.9,23
946.0,14
946.1,31
946.4,11
946.4,36
947.0,37
947.2,12
947.9,3
948.4,35
948.5,13
949.1,17
952.1,2
952.2,1
952.4,4
953.6,9
954.0,25
954.7,32
954.8,38
954.9,6
954.9,15
955.9,27
956.3,29
956.6,8
956.6,19
956.8,16
957.0,37
957.0,39
957.4,0
957.7,14
957.8,12
958.0,36
958.7,11
959.1,31
959.3,17
959.7,2
961.4,5
963.9,28
965.2,9
965.3,21
966.2,25
966.4,4
966.9,31
967.0,12
967.3,27
967.6,7
967.9,34
968.1,1
968.3,23
968.4,14
968.5,2
968.5,30
969.1,15
969.2,38
970.5,32
971.4,13
972.5,11
974.9,0
974.9,37
975.1,36
975.2,18
975.3,8
975.7,14
975.9,29
976.2,25
976.3,5
977.9,10
978.0,31
978.9,27
979.1,11
979.5,9
979.9,4
979.9,12
980.3,32
981.8,7
983.0,23
984.0,39
984.1,25
984.2,28
984.9,15
985.6,14
985.9,38
986.0,8
986.2,1
986.2,36
986.3,27
986.5,3
986.9,17
987.3,13
988.2,37
989.0,11
989.1,0
989.3,6
989.3,12
989.3,32
989.8,31
990.2,20
991.1,29
991.2,35
993.1,25
993.4,2
993.5,4
994.8,21
996.1,5
996.9,19
997.0,38
997.2,7
997.5,9
997.8,14
998.0,30
998.7,0
998.7,27
998.8,32
999.0,1
999.0,25
1000.3,17
1000.8,11
1000.8,23
1000.9,16
1001.0,37
1001.5,8
1001.7,39
1002.0,15
1002.3,34
1003.8,4
1003.9,31
1005.5,12
1007.2,9
1007.5,28
1007.8,36
1008.3,27
1009.6,32
1010.2,21
1010.2,25
1010.5,0
1012.3,8
1012.7,13
1013.5,15
1013.6,31
1014.1,17
1014.4,6
1014.5,11
1014.5,1
1014.7,29
1014.8,33
1015.3,38
1015.8,14
1016.4,36
1017.1,35
1017.3,37
1017.6,25
1017.7,4
1017.8,7
1018.8,5
1018.8,12
1019.3,23
1020.4,2
1021.1,9
1021.1,32
1021.9,27
1023.2,31
1023.9,14
1024.0,3
1024.0,30
1024.3,28
1025.1,1
1025.4,15
1025.4,38
1025.5,25
1025.7,0
1026.2,13
1026.4,11
1029.4,4
1029.9,29
1030.1,39
1030.3,6
1030.3,9
1030.5,36
1031.3,32
1031.6,12
1031.8,18
1032.0,17
1032.1,5
1032.1,31
1032.1,37
1035.7,8
1035.9,7
1036.0,10
1037.0,9
1037.5,27
1037.7,15
1037.8,21
1037.9,34
1038.0,11
1038.0,19
1038.1,23
1038.9,0
1039.0,25
1039.0,31
1039.4,28
1039.6,1
1039.6,38
1039.7,14
1040.4,36
1040.8,2
1040.8,12
1040.9,6
1041.1,4
1041.7,20
1041.8,35
1044.5,32
1046.6,9
1046.6,17
1047.9,37
1048.1,13
1048.5,5
1049.3,25
1049.4,39
1049.8,7
1049.9,12
1050.4,8
1050.9,14
1051.3,0
1051.8,11
1051.8,27
1052.7,3
1052.7,31
1053.9,2
1055.2,15
1055.8,32
1056.1,4
1056.2,1
1057.0,29
1057.7,36
1057.9,18
1058.7,25
1059.1,16
1059.1,17
1059.1,38
1059.6,14
1060.0,9
1060.5,0
1061.0,23
1061.0,31
1061.4,37
1061.5,12
1062.8,34
1062.9,28
1063.9,6
1064.0,21
1064.6,32
1064.8,11
1064.8,30
1065.8,27
1066.1,8
1067.2,29
1067.8,14
1068.1,2
1068.2,5
1069.6,4
1070.6,25
1070.8,12
1070.8,13
1071.2,15
1071.3,1
1071.5,39
1071.9,31
1072.3,36
1072.4,7
1073.1,9
1073.2,33
1073.8,19
1075.4,4
1075.8,0
1077.4,17
1077.9,38
1078.6,14
1078.6,23
1079.3,35
1079.7,31
1079.9,32
1080.2,8
1080.3,11
1080.6,37
1083.1,2
1084.0,25
1084.3,13
1084.4,27
1084.5,17
1084.5,22
1084.5,28
1084.9,6
1085.0,12
1085.0,29
1085.6,5
1085.9,36
1086.6,9
1086.9,21
1087.5,1
1088.5,8
1088.8,4
1088.9,32
1090.2,39
1090.7,14
1091.0,23
1091.0,25
1091.3,7
1091.6,31
1091.9,15
1092.3,0
1093.9,3
1094.3,38
1095.3,37
1095.7,12
1097.5,13
1097.6,17
1097.8,11
1098.1,9
1098.5,31
1098.7,28
1098.9,14
1099.2,25
1099.2,32
1099.8,4
1100.0,1
1101.3,0
1101.4,19
1103.2,8
1103.6,30
1103.7,5
1104.0,36
1104.1,29
1104.3,6
1104.5,2
1104.6,23
1104.8,38
1105.9,16
1107.1,27
1108.1,37
1109.0,32
1109.1,31
1109.3,11
1109.3,25
1110.0,12
1110.6,7
1111.3,0
1112.8,14
1113.8,1
1114.0,15
1115.2,28
1115.4,4
1115.4,20
1115.5,9
1116.7,27
1116.7,29
1116.9,36
1117.0,12
1117.1,32
1117.2,38
1118.0,13
1118.1,35
1118.4,21
1118.4,33
1119.2,5
1119.5,14
1119.5,17
1119.8,11
1120.4,30
1120.8,37
1121.2,8
1121.2,31
1121.3,25
1123.1,6
1125.1,2
1125.6,32
1127.0,11
1127.3,12
1127.3,14
1128.7,15
1128.9,39
1130.1,3
1130.1,36
1130.6,1
1130.6,16
1131.5,23
1131.7,27
1131.8,0
1131.9,4
1132.0,9
1132.0,25
1132.7,31
1135.8,37
1136.5,29
1136.8,2
1137.1,38
1137.3,7
1137.3,32
1137.9,17
1138.7,11
1138.7,12
1138.7,14
1138.8,5
1138.8,28
1139.5,8
1139.7,21
1140.4,25
1140.7,4
1141.1,31
1141.3,0
1143.2,9
1144.7,1
1144.9,36
1144.9,35
1145.2,6
1146.5,2
1146.5,27
1148.1,11
1148.3,17
1148.3,31
1149.0,7
1149.2,8
1149.4,38
1149.9,12
1150.0,23
1150.0,32
1151.9,13
1153.2,25
1153.5,0
1154.1,9
1154.2,39
1154.3,37
1155.0,14
1157.0,1
1157.1,18
1158.3,29
1158.6,6
1158.6,30
1158.8,36
1158.9,4
1158.9,31
1159.1,12
1159.1,32
1159.2,34
1159.4,10
1159.4,19
1159.6,28
1159.8,38
1160.0,2
1160.3,15
1160.8,11
1163.8,9
1164.1,14
1165.2,25
1165.9,27
1166.5,5
1166.6,23
1167.2,0
1167.4,8
1167.6,32
1168.0,3
1168.1,7
1168.2,37
1168.3,4
1168.3,21
1169.5,31
1170.3,11
1172.6,17
1172.6,36
1173.1,12
1173.1,35
1174.0,13
1174.3,9
1174.4,6
1174.6,10
1175.4,28
1176.4,2
1176.7,38
1177.3,29
1177.4,1
1178.2,14
1178.7,31
1179.1,32
1179.7,11
1179.8,37
1180.0,25
1180.4,4
1180.5,0
1180.6,36
1180.9,39
1181.2,7
1183.1,5
1183.1,12
1183.5,21
1183.6,15
1184.5,8
1185.5,9
1186.4,1
1186.7,27
1188.7,25
1189.9,32
1190.4,2
1190.4,31
1191.0,30
1191.1,6
1191.2,11
1191.3,4
1191.3,13
1191.3,14
1192.3,0
1192.5,37
1192.7,38
1193.0,34
1194.2,28
1195.3,12
1196.3,23
1197.5,36
1197.8,9
1198.7,7
1198.7,32
1198.8,31
1198.9,11
1199.0,5
1199.1,13
1199.5,3
1199.7,29
1199.8,15
1200.1,17
1200.5,37
1200.7,2
1201.4,18
1201.9,27
1202.1,8
1202.2,14
1202.3,1
1204.4,12
1204.5,25
1205.7,4
1205.7,38
1205.8,0
1206.1,39
1206.3,35
1208.5,6
1208.8,31
1210.5,36
1210.7,14
1211.2,11
1211.2,32
1211.6,23
1212.2,9
1212.6,4
1213.0,10
1213.3,28
1213.5,27
1214.1,8
1214.8,25
1216.1,12
1217.0,1
1217.1,31
1217.4,5
1217.6,29
1217.7,17
1218.0,30
1218.3,2
1218.3,37
1219.0,3
1219.3,0
1219.9,21
1220.6,15
1221.4,11
1221.6,38
1221.7,14
1223.9,9
1224.1,32
1224.3,6
1224.5,13
1225.1,24
1225.7,7
1225.9,25
1226.4,35
1226.5,36
1227.2,31
1227.2,34
1228.0,23
1228.8,4
1229.8,12
1232.4,27
1232.4,33
1232.8,0
1232.9,32
1233.0,19
1233.5,14
1233.9,1
1233.9,29
1234.1,8
1234.5,11
1235.0,6
1235.3,36
1235.5,31
1235.6,15
1236.1,28
1236.4,2
1236.4,5
1236.4,10
1236.6,38
1236.9,25
1237.2,37
1238.6,9
1239.5,4
1240.9,13
1242.0,11
1242.2,0
1243.2,1
1243.3,21
1244.0,17
1244.6,25
1246.0,27
1246.2,39
1246.2,32
1246.3,16
1246.8,12
1246.9,7
1246.9,31
1247.1,23
1247.2,9
1247.4,30
1248.3,14
1251.4,4
1251.9,2
1251.9,28
1252.2,35
1252.5,38
1252.6,25
1252.7,11
1252.8,15
1252.9,8
1252.9,18
1253.5,29
1253.6,37
1255.3,6
1256.7,32
1256.8,0
1257.3,17
1257.6,12
1257.7,1
1258.2,27
1258.7,9
1258.9,14
1259.7,4
1259.7,7
1259.8,11
1259.9,31
1260.6,36
1261.3,25
1261.6,13
1263.3,5
1265.3,39
1265.6,37
1266.4,12
1268.0,31
1268.2,8
1268.3,32
1268.6,25
1268.7,15
1269.6,14
1270.1,29
1270.5,2
1270.8,3
1270.9,1
1271.1,0
1271.3,38
1271.7,4
1271.7,36
1272.0,9
1273.5,11
1274.4,27
1276.0,17
1276.3,6
1276.8,21
1277.6,32
1278.0,12
1278.2,23
1278.7,34
1279.1,25
1280.0,28
1280.4,37
1280.5,18
1280.7,7
1281.5,31
1281.8,15
1281.8,19
1282.0,0
1282.0,9
1282.3,11
1283.2,13
1283.2,14
1285.5,30
1285.8,4
1286.9,8
1286.9,25
1287.0,38
1287.5,32
1288.2,12
1288.5,35
1288.7,1
1288.8,31
1289.2,17
1289.5,2
1289.5,29
1290.0,5
1290.3,36
1292.7,9
1295.1,27
1295.4,23
1295.8,11
1295.8,32
1296.0,3
1296.1,28
1296.2,6
1296.3,38
1296.9,13
1297.1,37
1297.6,15
1298.1,31
1299.0,7
1300.0,25
1300.2,8
1301.0,39
1302.2,2
1302.4,36
1302.5,0
1302.6,4
1302.6,14
1303.0,22
1303.3,12
1303.4,21
1303.6,30
1304.1,33
1305.1,1
1305.6,11
1306.8,28
1307.3,9
1308.4,17
1308.7,34
1308.7,32
1309.0,31
1310.5,8
1310.5,29
1312.1,23
1312.2,37
1312.8,4
1313.0,5
1314.0,27
1314.3,25
1314.4,14
1315.5,38
1315.8,12
1316.0,11
1316.1,35
1316.1,36
1316.7,15
1317.0,20
1317.1,2
1317.9,31
1318.0,13
1318.2,32
1318.3,1
1318.7,18
1319.1,9
1320.4,0
1321.3,25
1321.5,7
1322.3,6
1324.5,2
1324.5,3
1325.6,23
1325.7,14
1325.8,4
1325.8,36
1325.9,21
1326.0,17
1326.8,39
1328.1,11
1328.6,25
1328.9,12
1329.3,8
1329.5,31
1330.0,27
1330.1,28
1330.2,32
1330.5,15
1330.6,37
1330.8,1
1330.9,0
1330.9,16
1331.5,5
1331.7,38
1336.0,33
1336.4,36
1336.5,9
1336.5,13
1337.5,34
1337.6,25
1337.9,7
1338.0,21
1338.5,12
1338.8,14
1338.8,35
1339.2,4
1339.3,31
1339.7,18
1340.3,32
1340.8,11
1340.8,17
1340.8,29
1341.4,0
1341.6,2
1342.4,10
1342.6,27
1342.7,3
1344.0,23
1344.2,37
1347.3,24
1347.7,1
1347.8,32
1348.1,9
1348.9,14
1349.1,31
1350.3,8
1350.7,5
1351.0,12
1351.0,6
1351.0,36
1351.3,25
1351.9,38
1352.6,4
1352.9,2
1353.4,7
1354.0,11
1354.1,15
1356.3,39
1356.5,23
1357.0,27
1357.0,28
1358.7,30
1358.8,35
1358.9,13
1358.9,31
1359.0,0
1359.4,14
1359.7,32
1359.8,25
1360.1,29
1360.3,8
1361.0,9
1361.1,12
1361.5,11
1361.5,37
1362.0,38
1362.8,19
1363.1,4
1364.3,17
1364.7,15
1365.6,6
1367.3,21
1367.5,1
1368.2,31
1368.4,32
1368.8,36
1370.1,0
1370.1,28
1370.9,3
1371.1,5
1371.1,16
1371.5,7
1371.6,25
1372.3,38
1373.4,11
1373.8,2
1374.1,12
1374.4,27
1374.5,37
1375.5,9
1376.0,8
1376.1,4
1376.4,29
1376.6,14
1377.0,35
1377.3,15
1377.3,32
1378.5,20
1380.0,25
1380.1,1
1380.4,31
1380.6,12
1381.7,13
1383.4,6
1383.6,36
1383.7,11
1384.0,34
1384.6,30
1385.3,14
1385.5,32
1385.6,4
1386.4,2
1387.1,38
1387.2,5
1388.2,27
1388.7,9
1388.7,37
1389.0,23
1389.0,31
1389.1,17
1389.9,0
1390.1,1
1390.2,12
1390.7,28
1390.8,7
1390.9,21
1391.0,25
1391.6,11
1395.1,14
1395.2,29
1396.3,16
1396.3,18
1397.2,8
1397.6,39
1397.8,27
1398.1,4
1398.5,0
1398.5,32
1399.0,36
1400.2,31
1400.6,12
1400.7,2
1400.7,6
1400.7,13
1402.5,37
1403.1,1
1403.9,11
1404.0,25
1404.3,15
1404.5,38
1404.7,21
1405.2,35
1405.8,3
1406.2,17
1406.6,14
1406.8,9
1407.0,28
1407.7,32
1408.1,10
1408.4,5
1408.9,8
1409.9,23
1410.1,12
1410.1,31
1410.8,25
1411.1,29
1411.8,4
1413.7,36
1413.9,30
1414.1,18
1414.5,1
1414.9,32
1415.2,0
1415.2,14
1415.2,39
1416.8,11
1418.8,2
1419.0,7
1419.0,27
1419.6,38
1420.0,13
1420.7,33
1421.1,31
1421.2,37
1421.3,12
1421.4,25
1421.6,4
1421.8,9
1421.9,6
1422.3,8
1423.1,35
1423.3,3
1424.8,1
1425.2,17
1425.4,15
1425.6,14
1426.4,5
1426.8,32
1427.3,11
1428.5,36
1428.9,0
1428.9,12
1429.0,9
1429.2,34
1429.5,38
1429.5,39
1429.8,4
1430.3,29
1430.4,31
1431.8,2
1432.1,21
1435.0,14
1435.3,25
1436.4,27
1436.7,11
1436.8,28
1436.9,13
1437.0,7
1437.4,1
1437.8,10
1438.4,0
1438.5,31
1438.8,30
1439.5,15
1440.3,6
1440.5,32
1440.6,37
1440.9,8
1440.9,9
1441.0,18
1441.6,17
1441.7,23
1441.7,12
1442.0,4
1442.5,38
1443.2,3
1444.1,29
1446.0,11
1447.0,25
1448.1,31
1448.5,14
1448.6,32
1449.3,16
1449.3,21
1449.4,2
1449.5,0
1449.6,36
1450.0,27
1450.7,1
1450.7,28
1451.1,9
1451.1,29
1453.2,12
1453.9,15
1455.0,8
1455.1,5
1455.5,31
1456.6,37
1456.9,23
1457.0,33
1457.2,11
1457.2,35
1457.3,17
1457.6,39
1458.1,6
1458.4,32
1459.0,25
1459.3,9
1459.5,4
1460.0,13
1461.3,2
1462.7,7
1463.1,34
1463.4,3
1463.5,38
1463.7,0
1463.7,28
1463.8,36
1464.0,14
1464.4,12
1465.0,11
1465.8,27
1466.7,21
1467.3,31
1467.5,8
1467.5,32
1468.3,1
1468.4,19
1468.4,37
1470.1,25
1471.3,4
1472.3,9
1472.6,2
1472.7,0
1474.2,11
1474.6,15
1474.9,23
1475.4,31
1475.7,17
1476.0,32
1476.2,14
1476.6,13
1477.1,6
1477.1,36
1477.2,28
1477.4,22
1477.4,27
1477.5,5
1477.5,20
1477.7,12
1477.9,29
1477.9,37
1480.5,25
1480.6,1
1483.0,4
1484.0,3
1484.0,11
1484.0,38
1484.0,2
1484.5,7
1484.9,34
1485.1,10
1485.3,9
1485.4,0
1485.4,24
1485.9,8
1486.0,12
1486.1,15
1486.6,33
1488.9,27
1489.0,31
1490.1,18
1490.9,14
1491.1,32
1491.3,25
1492.6,37
1493.5,36
1496.1,39
1496.4,17
1496.5,35
1496.8,6
1496.8,29
1497.0,0
1497.4,4
1497.4,9
1497.4,21
1497.5,8
1497.7,1
1498.4,12
1498.6,31
1498.8,11
1498.8,19
1498.9,32
1499.4,30
1501.5,25
1502.2,2
1503.2,23
1503.5,38
1504.6,13
1504.7,9
1504.7,28
1505.1,15
1506.0,18
1506.7,14
1507.0,31
1507.3,37
1508.5,27
1508.5,36
1509.4,32
1510.2,0
1510.3,5
1511.4,4
1512.1,1
1512.6,12
1512.7,34
1513.1,3
1513.3,6
1513.3,24
1513.5,11
1513.5,17
1513.7,25
1514.0,39
1514.2,8
1514.3,9
1514.5,7
1516.5,14
1517.1,2
1517.6,31
1517.8,27
1521.2,15
1521.3,38
1521.7,32
1521.8,25
1522.0,13
1522.0,21
1522.8,12
1522.9,37
1523.0,0
1523.1,29
1523.2,18
1523.3,11
1523.4,23
1523.9,1
1523.9,4
1524.4,9
1524.7,36
1524.8,5
1526.0,7
1526.6,8
1527.5,30
1528.7,31
1529.7,2
1529.8,14
1530.9,10
1530.9,12
1531.6,27
1532.8,17
1532.8,32
1534.6,38
1534.7,25
1535.9,6
1536.3,4
1536.4,28
1536.5,31
1536.5,33
1536.7,19
1537.4,37
1538.5,11
1539.0,36
1539.1,0
1539.2,14
1539.3,1
1540.1,9
1540.3,2
1541.1,15
1541.5,23
1542.2,32
1542.6,7
1542.9,5
1543.6,12
1544.8,25
1545.0,31
1545.3,8
1546.5,18
1547.8,11
1548.1,4
1548.5,3
1548.5,27
1550.1,37
1550.3,28
1550.7,39
1550.8,0
1550.8,32
1551.5,12
1551.8,29
1552.4,38
1552.6,9
1553.0,36
1553.1,1
1553.6,13
1554.2,23
1554.2,34
1554.4,31
1554.5,14
1554.5,15
1554.5,35
1555.0,6
1555.2,25
1555.4,17
1555.5,2
1555.5,5
1555.7,21
1556.9,8
1559.5,12
1559.8,27
1560.5,32
1561.6,11
1562.2,37
1562.3,4
1562.3,14
1562.5,30
1563.6,25
1563.8,9
1564.0,0
1565.2,1
1566.2,28
1567.0,31
1567.6,13
1568.2,21
1568.5,38
1569.3,32
1569.4,25
1570.0,6
1570.7,36
1571.0,12
1571.2,15
1571.5,3
1572.3,7
1572.3,35
1572.5,8
1572.8,17
1572.8,4
1574.4,13
1574.4,33
1574.5,27
1574.7,14
1574.7,11
1575.3,23
1575.5,29
1575.7,9
1575.8,0
1576.7,32
1577.1,31
1578.0,5
1578.6,37
1580.3,10
1580.8,39
1581.1,4
1581.3,1
1582.1,25
1582.7,12
1582.9,2
1583.6,36
1583.7,9
1583.7,11
1585.0,38
1587.5,32
1588.3,21
1588.8,6
1589.7,5
1589.9,31
1590.2,15
1590.4,30
1590.8,33
1591.0,4
1591.2,14
1591.8,23
1591.9,0
1592.3,7
1592.4,27
1592.6,25
1592.7,11
1593.0,28
1593.6,35
1595.9,9
1596.1,17
1596.5,13
1596.5,32
1596.8,37
1597.6,18
1598.2,29
1598.5,3
1599.1,12
1599.1,38
1599.6,0
1600.2,4
1600.4,36
1603.0,31
1603.4,2
1603.7,1
1603.8,11
1604.2,14
1604.5,26
1604.8,25
1605.0,5
1605.0,6
1605.6,8
1608.1,32
1609.2,17
1609.8,12
1609.9,23
1610.0,15
1610.0,27
1610.8,36
1611.1,28
1611.6,4
1611.8,31
1611.9,0
1611.9,25
1611.9,39
1612.2,34
1612.3,9
1612.4,29
1612.9,1
1613.1,37
1613.8,30
1614.5,11
1614.6,14
1615.4,2
1615.4,32
1615.6,7
1615.6,38
1615.9,5
1618.7,19
1620.4,8
1620.6,21
1621.0,16
1621.7,25
1621.8,23
1622.2,27
1622.5,6
1622.8,0
1623.1,10
1623.1,13
1623.3,12
1623.4,31
1623.4,36
1623.6,32
1624.4,14
1626.0,4
1627.1,11
1627.3,9
1627.9,38
1630.1,35
1630.3,7
1630.5,2
1630.5,29
1630.6,37
1631.1,15
1631.2,1
1631.6,21
1631.8,0
1631.9,25
1632.1,28
1632.3,17
1632.3,31
1633.5,32
1633.9,18
1634.0,14
1634.4,12
1635.0,27
1636.0,8
1636.2,11
1637.0,36
1638.0,13
1639.0,4
1639.3,25
1640.3,33
1640.6,5
1642.0,2
1643.0,1
1643.1,31
1643.2,6
1643.2,37
1643.8,38
1644.8,39
1645.0,14
1645.1,9
1645.1,21
1645.9,11
1646.0,32
1646.5,0
1648.4,29
1649.1,25
1649.3,7
1649.3,17
1649.4,23
1649.8,8
1650.0,12
1650.1,3
1650.1,4
1650.1,30
1652.7,31
1652.9,34
1652.9,36
1653.8,15
1654.8,28
1654.9,27
1655.8,11
1656.0,37
1656.6,32
1656.9,13
1657.0,9
1657.3,5
1658.4,7
1659.2,38
1659.9,16
1660.3,6
1660.3,14
1660.6,31
1660.8,25
1661.0,2
1661.4,18
1661.6,21
1661.8,1
1663.0,0
1663.4,4
1663.4,29
1663.9,35
1664.4,23
1664.5,12
1665.3,36
1666.0,8
1666.8,17
1667.2,27
1667.2,32
1668.3,37
1668.6,11
1669.5,14
1669.7,9
1669.9,33
1670.2,19
1670.9,31
1671.0,25
1672.1,29
1672.5,4
1672.5,7
1672.6,28
1672.7,0
1673.0,6
1673.0,34
1673.0,39
1675.8,23
1676.0,38
1676.5,1
1677.3,12
1678.0,15
1678.1,24
1678.1,30
1678.8,2
1679.0,17
1679.5,31
1679.7,13
1680.2,11
1680.3,9
1680.3,32
1680.3,37
1680.5,8
1681.1,36
1681.1,39
1681.8,5
1682.6,28
1683.1,25
1684.4,27
1684.4,29
1684.5,4
1685.7,14
1686.6,21
1687.2,12
1688.9,15
1689.2,11
1689.6,0
1689.6,1
1690.1,31
1690.6,9
1690.7,32
1691.1,2
1691.1,25
1691.2,6
1692.1,7
1692.5,18
1692.6,37
1692.6,38
1693.7,27
1694.9,17
1695.7,14
1696.7,19
1697.0,13
1697.2,4
1697.3,36
1698.3,23
1699.1,31
1700.0,28
1701.0,0
1701.5,35
1701.5,32
1702.2,11
1702.3,2
1702.5,21
1702.5,25
1703.0,3
1703.3,12
1704.0,1
1704.0,9
1704.3,29
1705.9,5
1706.2,8
1708.0,15
1708.4,14
1708.7,4
1709.4,6
1709.5,7
1709.5,11
1710.2,30
1710.7,27
1711.3,37
1711.4,31
1711.6,25
1711.6,32
1711.7,33
1712.0,10
1712.0,18
1712.1,39
1712.2,35
1712.3,28
1713.4,12
1713.5,36
1713.6,38
1716.0,1
1717.4,16
1717.8,3
1717.8,13
1718.3,23
1718.5,9
1718.6,0
1718.9,14
1719.4,17
1720.1,5
1721.3,2
1721.4,37
1721.6,6
1721.9,31
1722.2,8
1722.6,4
1722.7,32
1724.2,11
1724.9,25
1725.4,29
1727.0,36
1727.2,12
1727.5,15
1728.1,9
1730.1,28
1730.3,1
1730.6,4
1730.6,31
1731.1,14
1731.3,21
1731.5,29
1731.6,38
1731.9,32
1732.0,27
1732.5,0
1732.5,7
1732.9,11
1733.2,2
1733.3,25
1733.7,23
1734.2,37
1736.0,18
1737.1,12
1737.6,15
1738.3,34
1738.4,17
1739.9,6
1740.9,4
1741.0,8
1741.1,14
1741.3,5
1741.5,32
1741.7,25
1743.4,38
1743.8,11
1743.8,36
1744.4,9
1744.7,21
1744.8,0
1745.5,30
1745.6,31
1746.2,7
1746.4,27
1746.5,2
1746.9,12
1748.4,13
1749.0,23
1749.2,28
1749.3,3
1749.3,37
1749.9,15
1751.5,6
1751.6,9
1752.1,25
1752.8,11
1752.8,14
1752.9,31
1753.8,32
1755.3,1
1755.7,4
1756.2,12
1756.8,0
1757.1,8
1759.6,34
1759.7,17
1760.0,25
1760.3,5
1760.5,2
1760.5,33
1760.9,9
1761.1,38
1762.1,27
1762.3,29
1762.5,32
1762.8,16
1763.3,14
1764.0,37
1764.0,39
1765.3,13
1765.6,31
1766.2,36
1766.3,0
1766.4,12
1766.5,21
1766.5,35
1766.7,11
1766.7,18
1767.2,10
1767.4,1
1767.9,4
1768.1,19
1768.5,15
1770.6,28
1771.3,2
1771.9,25
1772.5,6
1772.7,8
1772.9,5
1773.1,0
1773.1,7
1773.4,38
1775.4,36
1776.2,29
1777.1,31
1777.2,4
1777.2,12
1777.3,14
1777.3,32
1778.6,37
1778.7,9
1779.9,11
1781.9,17
1782.6,25
1782.9,30
1783.3,27
1783.6,15
1784.5,0
1784.6,14
1784.6,23
1785.2,32
1785.8,31
1785.9,21
1786.2,38
1786.3,34
1786.6,4
1787.2,3
1787.4,28
1787.6,18
1787.7,8
1788.0,9
1790.2,11
1790.7,12
1791.0,36
1791.1,2
1791.2,26
1791.2,37
1791.3,35
1791.8,6
1792.3,1
1792.5,27
1793.1,31
1793.7,39
1794.4,13
1794.9,7
1795.2,14
1795.3,22
1795.6,29
1795.8,5
1795.9,20
1796.0,0
1796.6,34
1797.4,25
1797.9,4
1798.2,11
1798.3,12
1798.9,32
1799.4,15
1802.4,27
1802.4,38
1802.5,28
1802.6,3
1802.7,8
1803.1,17
1803.4,36
1803.9,37
1804.1,9
1804.6,16
1804.8,11
1804.9,23
1806.6,14
1807.1,13
1807.3,25
1808.1,0
1808.2,12
1808.5,1
1809.6,31
1809.7,2
1809.8,10
1810.5,32
1811.0,7
1814.3,9
1815.3,21
1815.9,30
1816.1,37
1816.3,34
1816.4,4
1816.5,14
1816.5,27
1816.7,18
1817.0,12
1817.4,38
1817.5,11
1817.6,33
1818.1,6
1818.1,24
1818.2,25
1818.3,17
1818.6,5
1819.1,8
1819.7,36
1819.9,32
1820.1,31
1820.4,2
1823.5,29
1826.5,15
1826.8,28
1827.3,23
1827.7,11
1828.0,13
1828.2,25
1828.3,12
1828.5,31
1828.8,0
1828.9,17
1829.3,32
1829.8,37
1831.4,4
1831.5,9
1831.5,27
1832.1,14
1832.2,35
1832.3,3
1832.3,39
1832.4,38
1834.8,1
1835.5,7
1836.1,5
1837.7,0
1837.8,25
1838.1,11
1838.1,37
1838.4,32
1838.6,34
1838.7,30
1839.3,8
1839.4,12
1839.6,13
1839.7,9
1839.8,29
1839.8,31
1839.9,14
1840.3,10
1840.4,2
1840.6,16
1840.6,36
1840.7,15
1842.1,38
1845.3,4
1845.9,11
1846.1,28
1847.2,27
1847.2,32
1847.7,21
1847.8,6
1848.1,31
1849.0,1
1850.1,14
1850.7,25
1851.4,0
1851.7,7
1851.7,12
1852.1,37
1852.5,9
1855.2,20
1855.8,38
1856.1,36
1856.9,5
1856.9,15
1857.7,31
1857.8,23
1858.1,17
1858.8,32
1859.4,6
1859.6,8
1859.9,4
1860.2,39
1861.2,1
1861.6,29
1861.9,25
1862.2,0
1862.2,11
1862.5,2
1862.5,13
1862.8,14
1863.7,18
1863.8,37
1865.0,19
1866.1,28
1866.2,31
1866.3,38
1866.4,21
1868.1,27
1868.2,12
1868.7,33
1869.4,25
1869.5,36
1869.6,2
1869.6,35
1870.2,9
1870.5,32
1870.6,11
1871.9,7
1872.2,15
1873.5,23
1873.5,30
1875.2,4
1875.8,5
1876.3,8
1876.8,1
1877.3,3
1877.5,31
1877.7,14
1877.7,38
1877.9,12
1878.5,18
1879.1,37
1879.3,25
1879.7,0
1879.9,13
1880.2,24
1881.7,32
1883.1,11
1883.2,36
1883.4,23
1883.8,9
1884.0,6
1885.3,29
1885.4,27
1885.5,4
1885.6,17
1885.9,21
1886.3,2
1886.6,12
1887.1,25
1889.4,15
1889.7,39
1890.5,8
1891.2,14
1891.6,31
1891.6,32
1891.6,38
1892.4,7
1892.4,10
1892.5,1
1894.8,0
1895.1,5
1895.6,27
1895.8,36
1896.7,16
1896.8,13
1896.9,11
1896.9,34
1897.3,25
1897.6,28
1897.9,37
1898.9,31
1899.2,9
1900.3,12
1900.9,4
1901.2,35
1901.6,29
1902.0,6
1902.5,23
1903.0,7
1903.4,14
1903.4,32
1903.5,30
1904.5,25
1905.9,17
1906.0,2
1907.0,0
1907.8,39
1907.9,1
1908.3,15
1908.4,31
1908.6,11
1909.8,38
1911.5,36
1911.8,27
1912.4,7
1912.4,37
1913.0,9
1913.0,13
1913.1,12
1914.2,25
1914.4,4
1914.7,28
1914.9,2
1915.2,8
1916.1,29
1916.7,3
1916.7,14
1916.7,32
1917.1,33
1917.3,11
1917.5,31
1917.7,1
1917.7,5
1917.7,21
1917.8,6
1917.8,18
1921.6,0
1921.7,23
1921.8,17
1922.7,39
1925.3,16
1925.5,9
1926.3,4
1926.5,25
1926.6,38
1927.1,1
1927.3,15
1927.6,37
1927.7,31
1928.2,7
1928.2,14
1928.2,36
1929.1,28
1929.4,8
1929.5,12
1929.8,11
1931.3,32
1931.7,35
1933.9,10
1934.1,30
1934.4,0
1934.5,21
1934.6,27
1934.8,13
1934.8,38
1935.0,5
1936.2,9
1936.8,25
1937.1,2
1937.7,12
1937.9,31
1938.1,34
1938.4,4
1938.7,6
1939.1,37
1939.3,29
1939.6,14
1940.0,28
1940.2,8
1940.4,39
1940.7,7
1941.3,1
1941.8,36
1942.1,11
1943.8,15
1944.8,32
1945.1,23
1945.4,0
1945.6,4
1945.6,18
1945.6,25
1945.7,9
1946.5,17
1947.3,31
1948.1,12
1949.3,2
1951.3,27
1952.2,1
1952.4,38
1953.0,3
1953.0,11
1953.4,7
1954.5,5
1955.0,0
1955.1,32
1955.2,6
1955.4,37
1955.8,13
1958.4,36
1958.6,34
1958.7,25
1958.8,4
1958.8,14
1958.8,39
1959.0,31
1959.1,8
1959.7,9
1959.7,17
1960.1,28
1962.3,29
1963.7,30
1963.9,12
1964.2,15
1964.3,16
1964.7,27
1964.8,21
1965.7,0
1965.7,25
1966.1,2
1966.1,23
1966.3,32
1966.3,38
1966.4,11
1967.4,35
1968.2,14
1968.3,31
1968.6,1
1968.9,5
1970.2,36
1970.4,37
1971.1,4
1972.0,9
1972.1,15
1972.1,28
1972.8,25
1973.7,8
1974.3,12
1974.3,27
1974.7,7
1975.6,17
1975.6,19
1976.3,31
1977.4,11
1977.9,4
1978.3,32
1978.8,14
1979.9,1
1980.3,37
1980.4,36
1980.8,20
1981.1,29
1981.9,9
1982.5,21
1982.5,39
1983.3,12
1983.4,13
1983.7,6
1983.8,2
1983.8,30
1984.5,0
1984.6,25
1984.7,5
1984.7,23
1986.3,38
1986.6,28
1987.7,31
1987.9,27
1988.1,14
1989.5,8
1989.5,11
1989.9,18
1990.6,1
1990.7,4
1990.7,12
1990.8,7
1991.0,16
1991.1,15
1991.4,32
1992.6,3
1993.9,0
1994.1,25
1994.4,17
1994.8,9
1995.9,31
1998.1,36
1998.3,14
1998.7,37
1999.5,34
2000.3,1
2000.8,4
2000.8,10
2000.8,29
2001.1,28
2001.5,8
2001.5,12
2001.7,5
2001.8,2
2002.2,6
2002.4,11
2003.3,31
2003.9,32
2004.2,35
2004.6,25
2004.7,30
2004.9,23
2005.3,17
2005.7,38
2005.8,9
2006.4,0
2008.2,14
2008.3,13
2008.3,36
2009.0,21
2010.3,15
2010.7,12
2012.0,11
2012.1,27
2012.4,1
2012.4,7
2012.9,32
2013.5,3
2013.9,25
2015.1,4
2016.0,37
2016.0,38
2016.2,31
2016.4,29
2016.5,5
2016.5,28
2017.7,9
2018.2,2
2018.5,0
2020.1,12
2021.6,24
2021.9,23
2022.0,32
2022.1,6
2022.1,17
2022.3,11
2022.8,13
2023.2,15
2024.0,8
2024.0,25
2024.5,36
2024.6,1
2024.7,14
2024.7,31
2027.9,5
2028.7,4
2029.1,18
2029.6,19
2029.8,27
2030.0,2
2030.1,7
2030.8,37
2031.3,28
2031.4,9
2031.6,0
2032.5,3
2032.5,34
2032.5,36
2032.7,32
2032.9,25
2033.4,11
2033.5,12
2033.8,35
2034.3,38
2035.4,4
2036.0,31
2038.4,1
2038.8,29
2039.4,15
2039.6,21
2039.9,39
2039.9,17
2040.4,8
2040.4,23
2040.5,14
2040.5,36
2041.3,12
2041.3,30
2041.5,6
2043.4,25
2043.6,27
2044.3,13
2045.5,38
2045.9,33
2046.7,2
2046.7,37
2047.2,11
2047.6,32
2047.7,9
2047.8,18
2048.0,7
2048.2,31
2048.5,4
2050.0,28
2050.1,0
2051.5,25
2052.8,14
2053.3,15
2053.9,1
2055.5,12
2055.7,38
2055.8,31
2056.2,36
2057.3,16
2057.8,29
2058.2,9
2058.2,17
2058.5,4
2058.7,32
2059.3,6
2059.9,19
2060.1,11
2060.2,18
2060.3,8
2060.4,14
2060.7,27
2061.6,25
2063.0,21
2063.4,37
2064.3,0
2064.9,13
2065.8,3
2065.9,23
2066.1,31
2066.6,2
2066.8,7
2066.9,5
2066.9,38
2067.1,4
2067.1,35
2068.1,12
2068.2,15
2068.9,1
2069.5,14
2070.4,9
2070.4,33
2070.9,34
2071.7,8
2073.7,32
2073.9,25
2074.3,29
2074.3,30
2074.6,11
2075.0,27
2075.0,39
2075.2,20
2075.3,28
2075.5,36
2075.6,0
2077.6,12
2077.7,6
2078.0,17
2078.1,31
2078.3,14
2079.0,7
2079.3,38
2079.4,5
2079.6,37
2080.5,27
2080.6,4
2082.9,8
2083.0,1
2083.0,2
2084.3,32
2084.5,23
2084.7,9
2084.9,0
2085.0,36
2085.3,18
2085.9,11
2086.4,12
2087.0,25
2088.6,31
2088.9,13
2088.9,15
2089.3,24
2090.9,14
2090.9,38
2091.3,21
2091.4,27
2091.8,28
2092.0,35
2093.5,25
2095.4,9
2095.8,32
2096.5,29
2097.7,36
2097.9,0
2098.5,17
2098.9,37
2099.0,4
2099.2,28
2099.4,31
2099.7,11
2100.0,1
2100.0,39
2100.4,5
2101.5,2
2101.5,12
2101.5,25
2101.5,38
2101.8,13
2101.9,8
2102.1,14
2102.7,34
2103.8,6
2104.3,7
2104.3,32
2105.0,27
2105.1,9
2105.2,3
2106.2,33
2107.4,36
2108.0,15
2108.5,11
2110.4,4
2110.7,12
2111.2,21
2111.8,19
2112.5,13
2112.7,29
2113.0,25
2113.1,31
2113.6,8
2114.0,0
2114.1,7
2114.2,35
2114.5,37
2115.2,14
2117.2,6
2117.5,2
2117.5,38
2117.7,32
2117.7,30
2119.2,15
2119.2,17
2119.2,23
2119.2,36
2119.6,11
2120.2,12
2120.4,9
2121.4,25
2122.8,1
2122.9,4
2123.3,27
2124.7,28
2126.1,39
2126.2,14
2126.2,31
2126.3,32
2126.5,18
2127.0,29
2127.4,0
2128.6,16
2128.7,5
2129.5,9
2130.3,2
2130.4,8
2130.4,37
2130.8,11
2131.2,12
2131.6,36
2131.8,6
2131.9,31
2132.3,38
2132.5,32
2132.9,25
2133.8,4
2134.5,7
2134.6,1
2135.4,14
2135.6,0
2135.7,15
2137.2,5
2137.5,19
2138.1,34
2138.6,23
2139.5,2
2139.5,17
2140.2,3
2140.5,13
2140.8,4
2141.4,9
2142.4,29
2143.0,30
2143.2,27
2143.3,31
2143.3,37
2143.6,25
2143.6,12
2144.2,35
2144.5,28
2145.1,15
2145.1,11
2145.3,0
2145.6,10
2146.2,14
2146.9,32
2148.0,38
2148.9,36
2149.0,4
2150.1,8
2150.7,7
2150.7,17
2151.4,5
2151.8,31
2152.1,1
2153.0,39
2153.6,12
2153.8,37
2154.5,25
2154.8,27
2158.3,2
2158.4,9
2158.8,32
2158.9,21
2159.2,0
2159.5,14
2160.2,4
2160.4,18
2161.0,16
2161.3,11
2161.7,6
2161.9,8
2162.4,38
2162.5,15
2162.7,12
2162.7,31
2162.8,29
2163.1,17
2164.3,13
2164.5,32
2164.9,27
2166.2,39
2166.6,1
2168.0,23
2168.0,36
2168.8,25
2169.7,11
2169.8,31
2171.5,9
2171.8,14
2172.7,12
2172.9,28
2173.6,0
2174.1,4
2174.1,5
2174.4,37
2174.5,29
2174.5,32
2174.8,17
2174.9,1
2175.0,15
2175.2,25
2175.5,2
2176.2,33
2176.7,10
2176.7,11
2176.7,38
2176.8,3
2176.9,13
2177.6,35
2178.4,7
2178.5,31
2180.2,36
2181.1,12
2181.2,30
2182.2,9
2182.7,14
2183.5,6
2183.6,34
2183.9,4
2184.2,8
2184.3,27
2185.2,23
2186.7,25
2186.9,37
2188.1,0
2188.1,21
2189.3,32
2189.9,17
2190.3,15
2190.5,13
2190.5,31
2190.7,1
2190.8,2
2190.8,5
2191.3,11
2191.5,16
2191.5,18
2191.6,3
2191.6,4
2192.9,19
2193.5,38
2194.1,12
2194.4,28
2195.3,25
2197.1,0
2197.1,8
2197.5,29
2197.8,9
2198.0,7
2198.1,14
2199.0,35
2199.2,31
2201.3,1
2201.4,32
2201.7,27
2202.0,36
2202.1,23
2202.5,6
2202.8,13
2202.9,30
2203.2,38
2203.4,12
2204.8,4
2205.3,2
2205.4,37
2205.9,17
2206.5,25
2207.0,5
2207.2,28
2207.9,14
2208.0,11
2208.0,31
2209.3,33
2210.5,0
2211.9,32
2212.5,39
2212.6,12
2212.7,9
2213.5,8
2215.8,25
2216.1,10
2216.5,36
2216.9,4
2217.6,14
2217.6,18
2217.6,29
2217.7,16
2217.9,1
2218.0,11
2218.1,37
2218.3,27
2218.7,2
2218.9,9
2219.0,7
2219.0,21
2219.2,24
2219.2,31
2219.5,12
2219.6,5
2219.8,6
2220.0,15
2220.2,34
2220.3,32
2220.8,38
2222.4,36
2223.7,23
2224.4,13
2225.2,0
2225.2,8
2225.3,14
2225.4,31
2226.5,37
2226.7,25
2226.8,17
2227.0,28
2227.2,11
2227.3,9
2227.4,4
2228.3,3
2229.5,39
2229.6,12
2229.9,32
2230.5,35
2231.4,30
2231.9,1
2232.0,2
2233.9,29
2234.2,27
2234.4,0
2234.7,15
2235.1,25
2236.8,14
2238.0,32
2238.3,31
2238.4,38
2238.5,4
2238.6,12
2239.2,36
2239.9,9
2240.1,23
2240.2,13
2240.4,11
2240.6,1
2242.3,37
2242.5,8
2243.5,5
2243.9,0
2244.5,25
2245.1,6
2245.1,7
2246.1,2
2246.3,17
2246.3,34
2246.3,27
2246.9,28
2247.2,31
2247.3,21
2247.4,12
2247.5,29
2247.8,9
2248.1,32
2251.2,38
2251.3,14
2252.4,11
2253.3,36
2254.2,4
2254.7,13
2255.6,37
2255.6,39
2255.8,15
2256.0,3
2256.1,8
2256.6,31
2257.0,0
2257.4,27
2257.6,9
2257.8,23
2258.4,25
2259.0,7
2259.5,5
2259.7,32
2259.8,1
2261.9,11
2262.0,30
2262.5,14
2262.5,18
2262.7,12
2262.7,13
2262.8,29
2263.1,2
2263.3,31
2263.4,28
2265.8,4
2266.5,36
2267.3,6
2267.3,25
2268.2,37
2269.0,27
2269.4,38
2269.9,15
2269.9,21
2270.0,32
2270.1,1
2271.3,17
2271.4,9
2271.6,35
2272.3,12
2272.4,31
2272.8,0
2272.8,11
2273.6,14
2273.9,25
2277.2,20
2277.4,29
2277.7,8
2277.9,13
2278.1,7
2278.5,4
2278.6,5
2278.6,37
2278.8,36
2279.1,28
2279.6,32
2279.9,23
2280.0,14
2280.5,2
2280.8,1
2282.0,3
2282.3,19
2282.6,38
2282.7,11
2283.3,15
2284.3,9
2284.3,31
2284.5,25
2284.8,0
2285.4,12
2285.9,4
2286.4,27
2286.9,6
2287.2,39
2287.9,24
2289.0,34
2290.4,11
2290.4,32
2290.8,8
2291.0,36
2291.4,7
2291.9,12
2294.1,18
2294.3,15
2294.4,28
2294.5,10
2294.5,14
2294.5,31
2295.0,13
2295.0,23
2295.1,29
2295.1,37
2295.7,3
2296.2,9
2296.3,25
2297.0,2
2297.0,17
2297.4,1
2298.5,4
2298.9,27
2299.1,32
2299.3,0
2299.7,38
2301.5,11
2302.3,5
2303.4,31
2303.8,8
2304.1,7
2304.5,25
2304.8,36
2304.9,35
2305.5,14
2305.8,12
2307.3,1
2307.7,6
2307.9,9
2309.1,2
2309.5,32
2309.7,21
2310.4,37
2311.0,11
2311.9,23
2312.2,25
2312.8,15
2313.1,4
2313.4,31
2314.2,28
2314.7,17
2314.9,0
2314.9,36
2315.1,5
2315.5,13
2316.5,38
2318.3,12
2319.2,27
2319.5,11
2319.6,32
2319.8,29
2319.9,14
2321.3,7
2322.1,4
2322.8,8
2322.8,9
2323.5,30
2323.8,1
2324.3,25
2324.5,37
2325.3,31
2325.7,0
2325.7,21
2326.8,35
2326.9,6
2326.9,15
2327.0,2
2327.3,17
2327.8,3
2328.0,12
2328.1,5
2328.5,36
2329.6,14
2329.6,32
2330.1,11
2330.5,28
2330.6,4
2331.1,27
2331.1,9
2333.4,31
2333.6,8
2334.0,38
2335.5,15
2335.5,20
2335.5,25
2336.1,23
2336.6,1
2336.7,39
2338.0,7
2338.5,12
2338.7,2
2339.0,37
2339.3,29
2339.3,0
2340.0,11
2340.0,18
2341.4,19
2341.5,9
2341.5,21
2342.2,31
2342.8,4
2343.0,17
2343.0,30
2343.1,5
2343.9,6
2343.9,32
2343.9,36
2344.1,14
2344.2,1
2344.6,27
2344.7,15
2347.3,13
2348.4,11
2348.4,28
2348.5,25
2349.4,4
2349.6,38
2351.3,0
2352.7,31
2353.0,32
2353.3,12
2353.5,27
2354.2,2
2354.3,8
2354.5,14
2355.1,29
2355.3,37
2355.8,16
2356.1,1
2356.4,9
2357.9,36
2358.2,5
2358.2,23
2358.5,7
2359.6,25
2360.3,17
2360.4,39
2360.6,33
2362.5,38
2362.7,3
2363.1,31
2363.3,15
2363.5,12
2364.3,34
2364.4,11
2365.1,35
2365.3,32
2365.6,4
2365.8,6
2366.4,13
2367.0,0
2367.3,37
2367.7,14
2367.7,21
2368.9,1
2369.2,2
2370.1,8
2370.3,36
2370.4,28
2370.9,25
2371.3,23
2371.3,27
2371.7,9
2372.2,12
2374.0,10
2374.7,32
2375.0,31
2375.1,29
2375.7,13
2376.4,11
2376.5,38
2376.8,5
2377.4,14
2377.8,0
2378.3,25
2379.0,7
2379.3,17
2379.6,4
2380.1,1
2381.1,30
2381.9,37
2382.9,12
2383.5,9
2384.1,27
2384.2,32
2384.4,3
2384.4,6
2385.3,15
2386.1,8
2386.1,11
2387.0,31
2387.2,0
2388.3,23
2388.8,28
2389.0,4
2389.5,14
2389.8,2
2390.1,25
2390.2,5
2390.2,18
2390.8,38
2391.4,35
2391.7,21
2392.1,36
2393.0,17
2393.6,13
2393.9,9
2395.0,32
2395.1,12
2396.2,31
2396.2,39
2396.6,7
2397.0,1
2397.7,11
2398.3,29
2398.8,14
2399.0,27
2399.1,37
2399.3,30
2399.4,0
2400.3,25
2400.7,6
2400.8,8
2400.9,24
2402.2,4
2403.0,34
2404.9,15
2406.6,12
2406.8,38
2407.3,1
2407.3,31
2407.7,36
2408.2,17
2408.3,7
2408.4,29
2408.4,32
2408.5,9
2408.5,11
2408.5,13
2408.7,28
2409.7,6
2410.0,37
2411.6,4
2411.7,25
2411.9,23
2412.1,14
2413.0,2
2414.0,20
2414.0,31
2414.2,3
2414.3,18
2414.5,5
2414.6,0
2414.6,8
2416.6,12
2417.0,27
2418.0,38
2418.7,21
2419.0,32
2419.0,39
2419.9,15
2420.1,4
2420.5,11
2420.6,9
2420.8,25
2420.9,31
2421.3,7
2423.8,29
2425.9,14
2426.1,11
2426.2,8
2426.5,1
2426.5,37
2427.4,17
2428.7,0
2428.7,32
2429.6,36
2429.9,5
2429.9,27
2430.2,25
2431.4,31
2431.6,34
2431.7,13
2432.0,12
2432.1,6
2432.3,4
2432.8,2
2434.0,23
2434.2,10
2434.2,37
2434.4,14
2434.5,9
2434.7,38
2436.3,28
2436.7,31
2436.9,11
2437.8,30
2438.1,17
2438.8,25
2439.9,27
2440.7,32
2440.8,0
2442.2,1
2442.4,7
2443.6,12
2444.2,21
2444.9,35
2445.8,4
2446.0,11
2446.5,19
2446.5,33
2446.7,24
2446.9,36
2447.2,23
2447.8,31
2447.9,15
2449.0,14
2449.0,25
2449.1,38
2449.4,2
2449.9,9
2450.0,8
2450.5,6
2450.6,13
2450.7,22
2450.8,39
2451.2,0
2451.2,3
2451.5,32
2451.9,1
2452.4,12
2453.0,37
2455.4,31
2456.0,5
2456.1,4
2457.5,25
2458.2,27
2458.4,29
2458.6,11
2458.6,17
2458.8,7
2458.9,18
2459.3,2
2460.1,28
2460.2,38
2460.7,36
2462.9,32
2463.4,14
2463.9,0
2464.8,12
2465.1,1
2465.2,9
2465.4,7
2465.4,8
2465.9,37
2466.2,4
2467.3,25
2467.5,11
2467.8,31
2467.9,23
2467.9,38
2468.1,15
2468.9,34
2469.8,36
2472.4,12
2473.4,3
2473.7,6
2473.7,30
2474.0,17
2474.1,13
2474.6,14
2474.7,0
2474.7,21
2474.8,27
2474.8,29
2474.8,32
2474.9,5
2477.3,2
2477.7,11
2478.8,4
2478.8,9
2479.0,1
2479.6,25
2480.1,37
2480.2,8
2480.2,31
2480.7,28
2481.3,20
2481.5,38
2481.6,18
2483.5,12
2484.2,35
2484.5,15
2484.5,36
2485.1,32
2485.6,39
2485.9,14
2486.0,23
2486.4,7
2487.2,0
2489.0,29
2489.4,6
2490.0,31
2490.2,27
2490.9,2
2491.1,13
2491.4,5
2491.5,25
2491.8,12
2492.1,9
2492.7,8
2492.7,4
2493.0,11
2493.5,17
2493.5,37
2494.8,28
2494.8,34
2496.2,32
2496.9,1
2497.4,38
2497.6,23
2498.8,14
2498.8,33
2499.1,15
2499.2,21
2499.4,31
2500.1,36
2500.3,19
2501.7,0
2502.1,3
2502.7,30
2503.5,25
2503.7,39
2504.2,2
2504.2,9
2504.6,6
2505.1,12
2505.7,32
2506.2,7
2506.4,11
2507.3,1
2507.6,4
2507.8,8
2507.9,5
2507.9,16
2508.1,37
2508.2,31
2509.9,17
2512.8,29
2513.1,0
2513.1,34
2513.2,14
2513.4,36
2513.7,12
2514.6,23
2514.8,27
2514.9,25
2515.9,38
2516.0,32
2516.3,11
2517.2,31
2518.0,6
2518.3,2
2518.4,15
2518.5,13
2519.5,37
2521.8,39
2522.4,5
2522.6,9
2523.4,25
2523.5,21
2524.0,4
2524.0,28
2524.0,36
2524.7,14
2525.2,38
2525.5,3
2525.8,1
2526.1,17
2526.2,12
2526.2,8
2527.0,32
2527.1,11
2527.6,0
2527.9,7
2528.8,31
2530.1,15
2530.1,18
2530.4,35
2530.6,34
2530.8,6
2531.1,29
2532.9,4
2532.9,30
2533.1,2
2534.3,14
2534.5,37
2534.8,23
2535.4,27
2535.5,25
2535.7,9
2536.9,28
2537.7,5
2538.1,0
2538.1,32
2538.1,36
2539.0,1
2539.3,18
2539.6,11
2539.6,12
2541.4,19
2542.6,20
2542.8,31
2542.8,38
2544.1,15
2544.1,16
2544.5,37
2544.8,36
2544.9,14
2545.4,7
2545.5,13
2545.5,22
2546.6,8
2547.2,39
2547.5,6
2548.0,4
2548.0,25
2549.3,34
2550.3,12
2550.6,2
2551.0,9
2551.0,32
2551.1,24
2551.2,23
2551.5,31
2551.7,3
2551.8,17
2552.4,11
2553.4,1
2554.0,27
2555.9,0
2556.1,35
2557.9,5
2558.5,29
2558.6,25
2558.7,15
2558.8,37
2559.2,7
2559.3,14
2559.5,4
2559.5,6
2559.5,28
2559.6,32
2560.1,18
2561.1,8
2561.1,12
2563.4,23
2563.4,36
2564.3,9
2564.5,11
2564.6,31
2564.8,27
2564.8,38
2565.8,13
2565.9,2
2565.9,21
2566.0,17
2567.1,3
2567.4,32
2567.7,37
2568.2,0
2568.5,4
2570.1,25
2570.8,28
2571.0,1
2571.8,29
2572.0,12
2573.2,5
2573.3,14
2574.3,27
2574.7,39
2574.8,31
2577.4,35
2577.8,11
2578.0,6
2578.1,23
2578.2,0
2578.3,15
2578.5,36
2578.6,25
2578.7,32
2579.4,8
2579.6,2
2579.6,16
2580.1,17
2580.2,9
2580.9,28
2581.0,37
2581.3,29
2581.7,7
2582.0,31
2583.5,38
2585.4,4
2585.4,30
2585.5,14
2586.0,12
2587.9,25
2588.4,11
2588.6,37
2588.7,32
2589.1,31
2589.8,27
2590.1,13
2590.2,0
2590.7,17
2592.7,5
2593.3,1
2594.0,14
2594.6,15
2594.7,29
2594.8,8
2595.2,18
2595.4,2
2595.4,35
2595.6,10
2595.7,9
2595.9,36
2596.1,7
2596.2,12
2596.3,21
2596.6,38
2597.0,31
2597.5,11
2597.6,32
2597.8,39
2598.2,6
2600.8,4
2602.1,23
2603.0,25
2603.4,27
2603.5,19
2604.6,37
2604.7,13
2604.8,28
2604.9,12
2605.0,11
2606.1,9
2606.2,0
2606.3,14
2606.5,17
2606.6,1
2608.0,31
2610.7,36
2611.4,25
2611.6,32
2611.6,2
2612.3,27
2612.6,38
2612.7,4
2612.7,5
2613.1,15
2613.7,3
2614.1,8
2614.2,11
2614.3,7
2614.8,12
2615.5,31
2615.8,14
2616.0,28
2616.3,21
2616.4,9
2617.3,6
2617.7,18
2617.9,1
2618.2,37
2619.0,0
2619.6,39
2620.2,2
2621.8,17
2622.1,4
2622.1,23
2622.7,20
2623.6,29
2624.0,11
2624.3,31
2624.3,32
2624.4,15
2624.4,36
2624.6,25
2625.2,27
2625.3,38
2626.6,35
2627.3,14
2627.4,0
2628.0,8
2628.5,12
2630.4,7
2630.8,6
2630.9,37
2632.1,1
2632.7,34
2632.8,9
2632.9,10
2633.4,11
2633.9,32
2634.0,30
2634.1,31
2634.8,25
2634.9,5
2635.2,2
2635.4,4
2635.5,13
2636.3,12
2637.4,24
2637.9,39
2638.3,14
2640.0,0
2640.0,15
2640.4,23
2640.8,27
2641.0,28
2641.4,8
2641.4,19
2641.6,36
2641.8,29
2641.9,31
2642.6,38
2642.7,1
2642.7,16
2642.7,25
2642.7,32
2644.1,37
2645.7,9
2646.7,13
2647.0,3
2647.3,35
2647.5,11
2648.2,4
2648.2,17
2648.9,12
2650.0,18
2650.0,30
2650.7,14
2651.2,31
2652.7,2
2652.7,25
2652.9,8
2654.1,32
2655.0,37
2655.2,38
2656.1,7
2656.3,36
2656.5,39
2657.0,0
2657.2,12
2657.3,6
2657.5,21
2657.9,13
2657.9,15
2658.1,11
2659.4,27
2659.5,33
2659.6,1
2659.7,5
2659.8,9
2659.8,31
2660.3,4
2660.8,17
2661.7,14
2661.7,23
2663.4,28
2663.8,29
2664.0,25
2664.3,32
2666.5,2
2667.5,11
2667.6,12
2668.0,6
2668.3,27
2668.4,3
2669.0,8
2669.5,37
2669.8,36
2669.9,38
2670.1,0
2670.3,25
2670.3,31
2670.4,7
2671.0,1
2671.0,14
2672.5,13
2672.9,17
2673.0,9
2674.6,4
2675.5,12
2675.6,15
2676.9,32
2677.5,10
2677.7,30
2679.2,31
2679.4,8
2679.5,5
2679.5,23
2680.3,11
2681.1,25
2681.2,28
2681.7,16
2681.7,36
2681.7,1
2682.4,38
2682.5,29
2682.7,18
2683.0,21
2683.6,37
2683.8,6
2684.5,27
2685.1,9
2685.8,0
2685.8,4
2685.8,7
2686.5,14
2687.8,39
2688.5,2
2688.5,15
2688.8,32
2689.3,35
2689.9,12
2690.1,31
2690.4,11
2693.9,9
2694.3,38
2694.4,34
2694.9,29
2695.0,25
2695.2,4
2695.3,14
2695.4,0
2695.4,32
2695.6,28
2695.8,18
2696.0,23
2696.4,1
2696.4,31
2696.9,13
2697.0,5
2697.5,17
2699.1,36
2699.4,2
2699.4,8
2699.9,37
2701.3,12
2701.8,3
2704.0,6
2704.4,7
2706.6,11
2707.3,4
2707.3,32
2707.6,25
2707.8,27
2709.2,18
2709.4,34
2709.6,14
2709.6,23
2709.6,33
2710.4,31
2710.8,8
2710.9,15
2711.1,21
2711.2,9
2711.3,0
2711.4,1
2711.4,12
2712.0,17
2712.0,36
2713.3,2
2715.5,28
2715.7,32
2715.7,38
2715.8,11
2715.9,39
2716.0,22
2716.3,31
2716.5,13
2717.0,5
2717.3,35
2720.9,25
2721.8,1
2722.0,21
2722.3,12
2722.3,37
2722.5,36
2723.0,15
2723.6,29
2723.8,14
2724.9,6
2724.9,10
2725.2,31
2725.7,23
2725.9,8
2726.1,0
2726.1,7
2726.1,9
2726.5,11
2727.4,27
2727.4,32
2727.9,3
2728.3,4
2728.6,38
2728.8,19
2730.3,25
2731.4,12
2731.8,30
2732.4,17
2732.5,0
2733.1,11
2733.4,13
2733.5,36
2733.5,39
2734.4,32
2735.0,16
2735.5,5
2735.7,1
2735.8,35
2735.9,14
2736.1,28
2737.1,2
2737.5,31
2738.3,15
2738.4,4
2738.6,9
2738.8,34
2738.9,25
2739.0,24
2739.4,37
2741.3,12
2742.2,27
2743.0,21
2743.0,23
2744.0,29
2744.2,39
2744.2,11
2744.4,32
2744.5,8
2745.7,36
2745.9,31
2746.1,0
2746.2,28
2746.5,38
2747.2,7
2747.8,6
2748.1,4
2748.2,9
2749.6,14
2750.3,12
2751.1,17
2751.2,25
2751.4,37
2751.7,1
2753.2,32
2753.6,13
2754.1,35
2754.5,7
2755.8,11
2756.2,27
2756.6,18
2756.7,36
2757.5,31
2757.6,25
2759.4,21
2759.9,4
2760.2,34
2760.5,2
2760.6,9
2760.7,15
2761.1,28
2761.2,0
2762.3,29
2762.8,12
2762.9,30
2763.2,8
2763.5,3
2763.7,5
2763.7,14
2764.0,32
2765.4,1
2765.7,38
2767.7,11
2768.6,25
2769.2,37
2769.5,6
2769.5,23
2769.6,4
2769.8,13
2769.9,39
2770.0,0
2770.1,12
2770.1,9
2770.1,17
2770.4,36
2771.3,31
2772.9,7
2776.1,5
2776.6,32
2776.8,27
2777.2,12
2777.2,33
2777.7,2
2777.7,11
2778.1,8
2778.1,21
2779.2,9
2779.6,31
2779.7,38
2779.9,14
2780.8,25
2780.8,1
2781.7,37
2782.9,15
2783.6,29
2784.4,4
2784.5,0
2785.7,27
2786.1,35
2786.1,36
2786.3,11
2786.7,12
2787.4,6
2787.4,39
2787.5,38
2787.9,32
2788.0,25
2788.4,28
2789.2,13
2789.5,31
2789.7,14
2790.1,18
2790.5,37
2790.7,30
2791.0,1
2791.1,17
2791.4,7
2792.3,21
2792.7,4
2792.8,9
2794.3,0
2795.1,8
2795.4,2
2796.2,23
2796.6,36
2796.9,12
2797.2,32
2797.7,31
2797.9,25
2798.9,3
2800.4,11
2800.5,24
2800.6,15
2800.8,5
2801.3,27
2801.8,9
2801.9,33
2802.4,0
2802.9,37
2803.8,1
2805.9,14
2805.9,29
2806.0,4
2807.3,13
2807.3,38
2807.5,28
2807.6,12
2808.2,32
2808.2,31
2808.8,10
2808.8,11
2809.1,17
2809.4,21
2809.5,25
2809.7,36
2809.8,15
2811.1,5
2813.5,0
2813.6,6
2814.0,9
2814.2,30
2814.6,39
2815.1,8
2815.4,14
2815.8,2
2815.8,31
2816.9,4
2817.1,12
2817.1,37
2817.7,7
2819.1,27
2820.8,11
2821.2,5
2821.4,25
2822.2,0
2822.5,34
2823.0,28
2823.5,1
2823.6,13
2824.8,31
2825.4,36
2825.5,38
2826.0,21
2826.8,23
2827.1,9
2827.1,30
2828.2,12
2828.8,32
2829.0,6
2829.4,37
2829.6,14
2831.1,22
2831.3,25
2831.5,29
2831.6,27
2832.3,17
2832.3,31
2832.5,16
2832.6,15
2832.6,4
2832.8,3
2833.2,2
2833.9,7
2834.0,18
2835.3,11
2837.2,32
2837.6,12
2837.7,8
2837.9,0
2838.2,39
2838.6,13
2838.7,1
2839.5,38
2840.0,36
2840.5,9
2840.7,37
2842.1,27
2842.2,11
2842.5,4
2842.5,5
2843.6,31
2844.1,14
2844.8,2
2845.1,25
2845.6,34
2845.9,0
2846.0,23
2846.9,12
2847.1,29
2847.8,15
2848.4,32
2850.1,7
2850.1,9
2850.1,17
2850.9,1
2853.0,27
2853.2,25
2853.3,19
2853.3,38
2853.4,4
2853.7,11
2854.2,31
2854.7,30
2854.9,0
2855.8,28
2857.0,36
2857.3,35
2857.5,8
2857.7,32
2858.5,6
2859.1,12
2859.5,13
2861.0,14
2861.7,11
2861.8,29
2861.9,37
2862.5,15
2865.0,31
2865.1,16
2865.7,9
2866.0,21
2866.2,23
2866.2,25
2866.9,5
2867.7,1
2867.8,32
2868.0,2
2868.3,14
2868.6,4
2868.6,12
2869.1,0
2870.2,17
2871.5,27
2871.6,13
2871.6,28
2872.1,38
2872.4,37
2872.5,7
2872.5,39
2873.0,36
2874.4,11
2874.6,31
2876.0,9
2876.4,30
2878.6,5
2878.6,32
2878.9,8
2879.3,14
2879.4,1
2879.4,12
2879.4,25
2879.9,4
2880.5,15
2881.1,3
2881.1,10
2882.1,6
2882.6,18
2882.6,23
2882.6,29
2883.7,31
2884.7,35
2887.3,2
2887.5,19
2887.8,37
2888.1,14
2888.2,7
2888.3,13
2888.7,36
2888.8,1
2888.8,11
2888.8,12
2889.2,17
2889.2,34
2890.6,8
2890.6,39
2890.8,33
2891.0,31
2891.7,32
2892.0,25
2893.1,9
2893.1,38
2893.3,4
2893.8,27
2894.7,0
2895.5,5
2896.9,1
2897.2,23
2898.3,30
2898.9,12
2899.0,28
2900.1,31
2900.7,21
2901.2,37
2903.3,6
2903.4,8
2903.5,15
2903.9,25
2904.0,2
2904.1,4
2904.5,11
2904.5,13
2905.6,0
2905.6,18
2906.4,17
2906.5,32
2906.6,9
2906.8,12
2907.0,14
2907.0,23
2907.2,36
2909.2,31
2909.5,38
2911.0,27
2911.2,7
2912.7,35
2912.8,1
2912.9,29
2913.4,4
2914.9,8
2915.1,28
2915.7,0
2915.9,11
2916.0,32
2916.9,25
2916.9,37
2917.2,31
2917.2,36
2917.4,9
2918.4,16
2918.8,21
2919.1,34
2919.5,5
2920.4,14
2920.8,12
2921.5,23
2921.9,2
2923.4,32
2924.4,3
2924.6,25
2924.6,33
2924.8,17
2925.0,15
2925.9,13
2925.9,38
2926.5,9
2927.1,4
2927.5,11
2927.6,0
2927.9,31
2928.4,8
2928.7,12
2929.3,6
2929.6,30
2930.4,1
2930.9,27
2931.0,14
2932.7,28
2933.1,37
2933.2,5
2933.6,2
2933.8,7
2934.0,32
2934.1,21
2934.4,34
2934.7,4
2935.8,25
2935.9,18
2936.8,0
2937.1,29
2937.3,31
2937.4,12
2937.8,15
2938.5,38
2938.6,9
2939.0,11
2939.2,36
2939.6,1
2942.7,27
2943.6,14
2944.3,33
2944.4,25
2944.4,32
2944.5,4
2944.6,17
2944.9,19
2945.0,37
2945.6,39
2946.3,12
2947.3,21
2947.5,20
2948.0,2
2948.4,13
2948.4,23
2948.5,9
2948.6,11
2949.4,15
2950.0,8
2950.6,1
2950.6,30
2950.7,31
2950.8,36
2952.1,25
2952.7,6
2954.4,0
2954.9,3
2955.8,28
2955.8,38
2955.9,2
2955.9,5
2955.9,14
2956.1,29
2956.5,32
2957.4,4
2957.6,12
2957.8,11
2958.4,7
2958.9,13
2958.9,37
2959.1,9
2959.4,17
2959.7,31
2960.4,23
2960.7,25
2963.5,1
2963.9,38
2964.2,6
2964.5,36
2965.0,27
2966.1,14
2966.3,32
2966.4,10
2966.5,12
2966.6,4
2967.4,8
2968.0,11
2968.1,33
2968.1,35
2968.5,2
2969.0,0
2969.5,18
2970.3,17
2970.3,25
2971.1,9
2971.6,31
2972.5,30
2972.9,28
2973.6,13
2973.7,15
2975.7,4
2976.4,37
2976.5,29
2977.3,12
2977.3,14
2977.4,32
2977.4,36
2977.8,31
2978.3,21
2978.4,8
2978.5,1
2978.7,6
2978.9,7
2978.9,38
2979.5,16
2980.3,23
2980.7,11
2980.8,5
2981.0,25
2982.7,39
2984.1,9
2984.7,27
2985.1,14
2986.4,12
2986.7,2
2987.0,37
2988.0,0
2988.0,1
2988.0,34
2988.3,4
2989.1,38
2989.9,11
2990.7,32
2991.2,35
2992.0,31
2992.3,13
2993.4,28
2994.2,17
2994.2,21
2994.2,36
2994.9,8
2994.9,9
2995.2,37
2995.7,25
2995.7,30
2996.7,14
2997.9,12
2998.2,7
2998.2,32
2998.8,38
2999.1,15
2999.3,11
2999.3,27
2999.4,29
3000.1,1
3000.5,0
3000.5,3
3001.4,4
3001.8,2
3002.4,31
3003.0,5
3003.3,23
3003.9,18
3005.1,14
3005.7,25
3006.4,37
3007.4,12
3008.2,9
3008.8,11
3009.3,6
3009.6,36
3009.7,32
3010.3,0
3010.7,28
3011.2,31
3011.5,8
3011.5,17
3012.3,35
3012.3,4
3012.7,39
3013.3,15
3013.8,7
3013.8,10
3014.0,38
3015.2,25
3015.9,27
3017.2,13
3017.5,1
3018.1,21
3018.2,14
3018.3,5
3018.8,12
3019.3,9
3019.8,2
3021.6,37
3021.8,31
3021.9,11
3022.8,36
3024.0,3
3024.0,30
3024.0,32
3024.1,23
3024.3,6
3024.5,4
3025.2,38
3025.5,20
3025.9,8
3027.3,27
3027.5,25
3028.4,0
3028.9,34
3029.9,17
3030.2,9
3030.3,15
3030.5,14
3030.8,5
3030.8,18
3030.8,12
3030.8,31
3031.5,39
3031.7,33
3032.0,29
3032.1,7
3032.6,13
3032.8,28
3034.0,11
3034.5,32
3035.0,25
3035.3,1
3035.9,38
3037.8,37
3038.6,36
3039.2,2
3039.4,4
3039.9,31
3040.2,29
3040.8,3
3041.4,17
3042.3,12
3042.7,28
3043.8,32
3043.9,8
3043.9,23
3044.0,0
3044.1,11
3044.1,14
3044.5,38
3045.0,35
3045.6,1
3045.7,9
3046.0,27
3046.8,25
3048.1,15
3048.8,7
3049.5,12
3049.6,31
3049.7,36
3050.2,4
3050.3,6
3051.0,30
3051.3,37
3051.6,22
3053.0,8
3053.2,11
3053.5,14
3054.5,13
3054.9,9
3054.9,35
3055.3,2
3055.7,21
3056.1,0
3056.5,32
3058.2,23
3058.6,19
3058.7,25
3058.8,17
3059.0,31
3059.5,38
3059.6,29
3060.2,18
3060.4,1
3060.7,28
3060.9,4
3060.9,27
3061.0,12
3061.3,11
3062.4,5
3062.4,36
3063.0,14
3063.2,7
3064.6,6
3064.8,25
3066.0,39
3067.7,0
3067.7,15
3067.8,31
3068.8,32
3069.1,29
3069.3,37
3070.3,13
3070.4,9
3070.7,35
3071.0,8
3071.3,4
3071.4,19
3071.8,12
3072.4,33
3073.6,11
3074.5,30
3074.8,14
3075.7,2
3076.1,38
3076.5,23
3076.8,25
3076.8,27
3077.0,1
3077.4,31
3078.0,36
3078.9,4
3079.8,5
3081.1,32
3081.3,0
3081.9,8
3081.9,15
3082.5,12
3083.0,37
3083.4,9
3083.8,11
3083.8,17
3084.5,23
3084.9,6
3084.9,14
3084.9,34
3085.0,2
3085.1,7
3085.2,25
3085.5,39
3085.8,36
3086.2,38
3086.3,1
3087.0,31
3089.8,4
3090.5,28
3091.4,0
3091.6,32
3091.9,8
3091.9,27
3092.9,5
3092.9,21
3093.0,12
3093.1,11
3094.4,13
3094.6,7
3094.8,6
3097.5,14
3098.8,3
3099.0,25
3099.5,36
3099.7,1
3099.8,15
3100.0,31
3100.3,9
3100.5,35
3100.8,2
3100.9,16
3101.3,29
3101.5,38
3102.6,27
3102.7,23
3103.0,37
3103.2,12
3103.4,32
3103.5,4
3104.0,0
3104.2,22
3106.1,28
3106.8,11
3107.7,8
3108.0,5
3108.0,19
3108.1,17
3109.1,34
3110.5,1
3110.7,31
3111.4,36
3112.0,13
3112.0,25
3112.1,15
3112.6,14
3112.6,32
3112.7,6
3112.7,7
3112.9,23
3113.0,39
3113.3,0
3115.5,12
3116.0,38
3117.1,9
3117.2,11
3117.5,3
3118.5,29
3118.9,17
3119.2,2
3120.2,27
3121.0,1
3121.1,31
3122.0,4
3122.8,12
3123.5,37
3123.8,32
3124.2,23
3124.7,0
3125.0,14
3125.0,21
3125.2,18
3125.3,36
3125.3,11
3126.2,25
3126.4,15
3126.5,7
3127.0,31
3129.4,28
3130.7,6
3130.7,9
3130.9,8
3131.1,38
3132.0,1
3132.7,12
3132.7,30
3133.4,5
3133.5,17
3133.8,27
3134.1,13
3134.7,4
3134.8,36
3135.1,32
3135.5,29
3135.6,2
3136.3,0
3136.4,14
3137.5,25
3137.5,31
3139.9,15
3140.5,34
3140.9,11
3140.9,37
3141.3,39
3141.6,35
3141.9,7
3142.4,32
3142.6,21
3143.4,23
3144.9,9
3145.0,12
3145.0,25
3145.9,31
3146.9,8
3147.0,4
3147.1,0
3148.4,3
3148.4,38
3148.5,17
3148.7,13
3149.0,20
3149.7,36
3149.9,1
3150.3,6
3150.7,27
3150.8,12
3151.8,28
3153.3,14
3153.8,32
3153.9,11
3154.6,2
3155.5,15
3156.0,5
3156.0,23
3156.5,31
3156.8,7
3157.3,4
3157.3,25
3157.5,37
3157.8,0
3159.7,9
3159.7,29
3160.6,11
3160.8,35
3161.4,34
3162.0,39
3162.2,38
3162.4,31
3163.2,12
3163.8,14
3164.8,27
3165.2,30
3166.0,4
3166.1,36
3166.2,10
3166.3,32
3166.4,1
3166.8,0
3166.8,17
3168.2,8
3170.1,9
3170.8,37
3171.3,14
3171.6,25
3172.6,11
3172.8,31
3172.8,32
3173.3,2
3173.7,5
3174.1,28
3174.6,22
3175.1,23
3176.1,13
3176.6,38
3176.9,12
3177.1,18
3177.4,4
3177.6,21
3178.2,7
3178.3,6
3178.4,39
3179.5,9
3179.9,17
3180.4,29
3180.7,15
3181.6,0
3182.0,37
3182.2,36
3182.4,11
3182.7,8
3182.9,31
3183.6,1
3183.8,14
3183.8,32
3184.4,3
3184.7,35
3185.5,25
3185.8,2
3186.4,12
3188.6,5
3188.7,4
3189.5,38
3189.7,9
3190.7,23
3191.2,8
3191.3,13
3191.7,32
3192.4,17
3193.1,27
3193.2,31
3193.2,36
3193.9,12
3194.6,15
3194.9,14
3195.4,0
3195.6,25
3195.9,29
3195.9,37
3196.5,1
3196.7,11
3197.4,7
3197.9,21
3198.9,6
3201.5,4
3202.1,28
3202.4,27
3202.4,30
3202.6,2
3202.8,36
3203.2,31
3203.3,23
3203.4,25
3203.8,8
3203.9,5
3204.0,12
3204.2,39
3204.9,32
3205.1,1
3205.2,9
3205.2,37
3206.6,0
3207.8,14
3209.1,13
3210.4,16
3210.5,11
3211.1,38
3213.3,21
3213.6,6
3213.7,32
3214.1,25
3214.3,17
3214.6,9
3214.6,12
3214.6,18
3215.0,5
3215.2,31
3215.5,33
3216.2,29
3217.7,15
3218.1,27
3218.4,2
3218.5,34
3218.6,19
3218.6,28
3218.6,36
3219.2,12
3220.5,4
3221.3,25
3223.7,11
3224.3,1
3224.5,0
3224.6,38
3224.9,7
3225.6,35
3226.1,14
3227.2,23
3228.6,9
3228.6,13
3228.7,8
3228.8,32
3229.1,31
3229.5,4
3230.3,30
3230.3,37
3230.4,25
3230.6,10
3231.1,0
3231.4,12
3232.0,15
3232.0,29
3233.5,32
3234.0,11
3234.7,14
3236.0,36
3236.2,6
3236.3,17
3236.8,38
3237.5,2
3237.8,1
3237.8,31
3237.9,27
3238.1,21
3238.6,25
3239.5,5
3241.4,28
3242.1,7
3242.5,9
3242.9,35
3243.0,37
3243.2,4
3243.9,32
3244.9,0
3245.1,16
3245.1,30
3245.1,31
3245.6,15
3245.7,12
3245.7,11
3246.3,13
3246.6,34
3246.6,25
3246.8,3
3247.2,39
3247.6,14
3247.6,23
3247.8,18
3248.6,27
3249.7,36
3250.1,8
3251.1,1
3251.1,38
3251.5,29
3253.7,32
3254.2,4
3254.3,0
3254.5,2
3255.2,9
3255.2,31
3255.4,28
3256.1,6
3256.1,12
3256.3,37
3256.4,25
3256.6,11
3256.7,5
3256.7,22
3256.7,14
3257.9,15
3260.8,36
3261.1,7
3261.2,27
3261.3,17
3262.3,13
3262.5,19
3262.8,38
3263.4,21
3263.8,32
3264.6,12
3265.1,4
3265.2,9
3265.7,31
3265.9,29
3266.5,11
3266.9,14
3267.6,1
3268.2,0
3268.6,25
3268.8,8
3269.7,6
3270.0,15
3270.1,38
3270.3,37
3270.7,2
3270.9,31
3271.2,30
3271.9,17
3273.2,12
3274.1,28
3274.3,7
3274.7,4
3275.1,39
3275.4,24
3276.9,25
3277.0,33
3277.8,23
3278.4,3
3278.7,11
3278.7,32
3279.2,8
3279.5,27
3281.5,31
3281.6,0
3282.8,18
3283.2,36
3283.5,1
3283.9,14
3284.1,10
3284.3,7
3284.3,12
3284.3,15
3284.4,9
3284.4,35
3284.4,38
3285.0,2
3285.0,21
3285.1,29
3285.2,25
3285.6,4
3285.7,32
3285.8,37
3285.9,5
3288.9,27
3291.6,11
3291.8,25
3292.7,0
3292.8,28
3293.8,31
3293.8,39
3294.5,32
3294.6,23
3294.7,13
3295.8,9
3296.0,29
3296.4,34
3296.8,36
3296.9,8
3297.5,17
3297.7,2
3297.9,6
3298.4,37
3298.5,1
3298.6,14
3298.6,15
3298.6,38
3299.1,12
3299.6,21
3300.7,3
3300.8,11
3301.0,4
3301.8,25
3303.5,31
3304.8,5
3305.4,30
3306.0,32
3306.9,7
3307.0,12
3307.1,14
3307.2,27
3307.4,0
3308.9,38
3309.4,4
3309.6,33
3310.7,9
3311.0,34
3311.0,37
3311.1,8
3311.1,17
3311.1,18
3311.2,13
3311.3,36
3311.4,1
3311.5,16
3311.6,31
3312.2,25
3314.0,2
3316.4,6
3317.2,27
3318.0,11
3318.1,39
3319.1,14
3319.1,35
3319.2,32
3319.3,29
3319.8,12
3320.1,23
3321.6,31
3322.0,17
3322.1,15
3323.3,25
3323.8,0
3323.9,37
3324.5,36
3324.6,9
3324.8,21
3325.5,11
3325.6,38
3325.7,1
3326.6,4
3327.3,8
3327.3,13
3327.5,19
3327.6,14
3328.1,7
3328.4,28
3330.6,32
3330.8,30
3331.0,24
3331.2,12
3331.4,5
3332.0,25
3332.3,0
3333.1,15
3333.3,31
3334.9,6
3335.1,27
3336.1,2
3336.9,17
3337.2,11
3338.0,16
3338.7,23
3339.1,1
3339.4,28
3339.9,14
3340.3,18
3340.3,32
3340.5,4
3340.6,9
3340.9,39
3341.3,8
3341.3,37
3341.5,3
3342.0,12
3342.1,25
3343.8,0
3344.2,33
3344.8,36
3346.6,31
3346.6,35
3347.6,21
3347.7,34
3347.8,5
3348.0,38
3348.6,1
3348.6,7
3348.7,13
3350.0,37
3350.2,4
3350.6,12
3350.7,11
3351.8,17
3352.2,2
3352.3,15
3352.6,25
3352.6,27
3353.3,28
3354.3,14
3354.7,6
3354.9,31
3355.8,8
3355.8,9
3355.8,32
3358.6,0
3359.2,36
3359.3,29
3360.6,11
3361.2,38
3362.3,1
3362.5,23
3363.1,14
3363.6,3
3363.6,13
3363.8,32
3363.8,37
3364.2,7
3364.5,12
3364.8,9
3364.8,25
3364.8,31
3365.0,4
3365.8,2
3368.1,21
3368.5,39
3368.9,27
3369.6,15
3369.9,30
3370.4,17
3372.1,12
3372.2,0
3372.2,18
3373.0,11
3373.0,25
3373.2,28
3373.4,31
3373.8,9
3374.0,1
3374.3,8
3375.6,6
3375.8,4
3376.0,32
3376.3,14
3377.1,36
3379.8,5
3380.0,13
3380.2,38
3380.4,27
3380.9,25
3381.5,29
3381.5,37
3382.2,15
3382.4,2
3383.3,11
3384.0,12
3384.8,1
3384.8,3
3384.8,36
3384.9,35
3385.3,9
3385.4,28
3385.4,31
3386.2,14
3386.4,32
3386.5,30
3388.1,34
3389.3,4
3390.0,0
3390.5,8
3393.2,23
3393.8,38
3394.3,12
3395.8,25
3396.0,39
3396.1,17
3396.4,2
3396.8,7
3396.8,27
3396.9,31
3397.0,18
3397.0,19
3397.0,36
3397.1,11
3397.1,37
3397.2,13
3397.2,21
3397.6,32
3397.8,6
3397.9,14
3398.2,29
3398.3,9
3398.3,35
3398.9,4
3401.9,0
3402.2,15
3402.3,5
3404.1,1
3404.3,16
3404.9,37
3405.6,12
3405.7,8
3405.9,3
3406.2,31
3407.2,28
3407.7,25
3409.2,32
3409.5,14
3409.9,33
3410.5,7
3410.9,11
3411.2,6
3411.2,36
3411.3,9
3411.3,17
3411.5,4
3411.5,38
3411.6,2
3411.7,21
3412.2,27
3412.7,12
3412.8,23
3414.3,31
3414.4,0
3414.9,5
3415.2,1
3415.6,37
3417.9,13
3418.2,18
3419.5,15
3420.1,30
3420.8,32
3421.2,11
3421.4,8
3421.9,25
3423.0,6
3423.0,12
3423.2,9
3423.2,28
3423.6,31
3424.0,29
3424.3,4
3425.5,35
3425.6,23
3425.6,38
3425.7,36
3426.3,27
3426.4,14
3426.6,17
3428.4,39
3429.6,1
3431.0,25
3431.5,5
3431.7,0
3431.7,4
3432.0,32
3432.3,11
3432.4,2
3432.6,37
3432.9,8
3433.3,34
3433.4,6
3433.4,10
3434.0,31
3434.2,19
3435.4,18
3435.4,21
3435.6,7
3436.1,38
3436.4,15
3436.9,29
3437.3,17
3437.6,12
3437.9,14
3439.7,9
3440.8,27
3441.2,13
3441.5,0
3441.6,36
3442.4,28
3442.6,32
3442.8,8
3442.8,25
3442.8,31
3443.0,11
3443.8,30
3444.1,3
3444.2,1
3447.0,4
3447.4,7
3447.4,12
3447.5,33
3447.7,2
3447.9,32
3448.3,35
3448.8,37
3449.8,11
3450.2,14
3451.4,6
3453.1,23
3453.6,28
3453.7,31
3453.7,38
3454.0,18
3454.0,9
3455.0,5
3455.2,25
3455.3,21
3455.5,13
3455.7,1
3455.7,4
3455.7,17
3456.1,39
3456.2,12
3456.9,0
3457.0,27
3457.7,34
3458.4,15
3459.3,37
3460.8,31
3461.0,32
3461.6,14
3461.6,36
3461.9,11
3462.7,2
3465.5,27
3465.6,25
3465.9,3
3466.1,7
3466.3,4
3466.3,8
3466.3,24
3467.3,30
3467.5,38
3467.6,35
3468.0,13
3468.5,12
3468.7,9
3469.1,23
3470.2,31
3471.3,0
3471.4,29
3471.5,32
3471.7,11
3472.6,27
3473.3,37
3473.7,15
3474.1,14
3474.5,8
3474.9,1
3475.2,36
3475.3,17
3475.7,6
3476.1,7
3477.3,25
3478.1,4
3480.9,31
3480.9,32
3481.0,5
3481.3,12
3481.4,13
3481.5,28
3482.0,27
3482.6,9
3483.0,11
3483.0,16
3483.5,2
3483.6,33
3483.6,34
3485.3,21
3485.9,38
3486.3,0
3487.7,15
3487.9,8
3488.0,4
3488.5,1
3488.8,25
3488.8,39
3489.1,23
3489.5,35
3489.9,17
3489.9,32
3490.0,9
3490.0,7
3490.0,31
3490.2,36
3490.3,29
3490.4,37
3490.5,27
3490.6,6
3490.6,14
3492.7,11
3493.5,12
3495.3,2
3497.5,25
3497.8,13
3499.3,3
3499.7,0
3500.5,36
3501.6,12
3501.7,4
3501.7,7
3501.8,32
3502.2,38
3502.8,31
3502.8,34
3502.9,11
3503.3,1
3504.1,37
3504.3,8
3504.3,9
3504.3,14
3504.7,18
3505.7,29
3505.9,27
3506.0,17
3506.4,5
3506.5,28
3508.7,19
3508.7,25
3509.7,39
3509.8,4
3510.2,12
3510.2,30
3510.2,35
3511.2,6
3511.5,31
3511.6,21
3511.8,0
3512.2,15
3513.0,11
3514.2,36
3514.4,14
3514.6,8
3515.4,25
3515.6,29
3515.9,23
3516.3,9
3516.3,13
3516.4,32
3517.9,37
3518.7,1
3518.8,28
3518.9,31
3519.4,27
3519.7,4
3519.7,12
3520.0,2
3520.4,16
3521.7,15
3521.9,38
3522.1,7
3522.4,10
3523.2,17
3523.8,11
3526.0,31
3526.6,5
3526.6,14
3526.7,30
3527.0,25
3527.1,36
3527.7,1
3528.1,0
3528.1,35
3528.3,12
3528.3,32
3528.4,27
3529.0,6
3530.8,9
3533.6,39
3533.7,4
3533.7,24
3534.6,21
3535.0,37
3535.0,38
3535.4,8
3535.4,31
3535.5,11
3535.5,29
3535.6,36
3535.9,27
3536.0,14
3536.5,20
3537.1,15
3537.1,23
3537.1,25
3537.7,2
3538.4,3
3538.5,13
3538.8,34
3539.2,1
3539.7,9
3541.1,17
3541.3,12
3541.5,28
3541.6,32
3541.8,36
3542.8,4
3544.6,5
3544.6,31
3545.2,7
3545.9,25
3547.3,11
3547.5,14
3547.6,0
3548.8,37
3550.2,6
3550.4,2
3550.5,19
3550.5,38
3551.6,8
3551.7,12
3551.7,27
3551.9,4
3553.2,32
3553.5,13
3553.9,1
3554.4,36
3554.9,17
3555.2,31
3555.5,15
3555.6,29
3556.7,9
3558.2,14
3558.2,25
3558.3,0
3559.2,11
3559.8,4
3560.3,23
3560.5,32
3560.6,28
3561.8,3
3563.0,37
3563.2,36
3564.3,39
3565.0,33
3565.4,12
3565.4,31
3565.4,38
3565.5,7
3565.6,30
3565.9,8
3566.1,17
3566.1,35
3566.2,25
3566.2,34
3566.4,13
3566.8,27
3567.1,18
3569.5,9
3569.8,5
3570.0,11
3570.0,32
3571.6,0
3572.3,1
3572.3,6
3572.5,2
3572.9,12
3573.7,28
3575.9,8
3576.2,25
3576.3,4
3576.3,14
3576.5,23
3576.6,9
3576.6,21
3576.7,31
3578.4,17
3578.4,37
3579.0,15
3579.5,32
3579.7,38
3580.4,7
3580.7,1
3580.9,27
3582.9,0
3583.2,30
3583.3,11
3583.3,20
3584.0,4
3584.1,31
3584.2,12
3584.5,29
3584.8,14
3585.7,2
3585.9,6
3585.9,36
3587.0,13
3589.7,25
3590.9,9
3591.2,11
3591.4,18
3591.6,27
3591.7,10
3592.1,16
3592.3,32
3593.3,37
3593.4,5
3593.6,38
3594.0,31
3594.1,12
3594.6,39
3594.8,36
3595.3,1
3595.7,14
3595.8,4
3595.9,7
3597.4,0
3597.4,25
3597.5,8
3597.5,28
3599.0,2
3599.9,15
3600.5,23
3601.2,6
3601.2,32
3601.5,3
3601.8,17
3602.0,9
3602.1,11
3602.3,13
3602.4,4
3603.0,29
3603.4,35
3603.6,19
3606.9,12
3607.2,14
3607.2,38
3607.4,36
3608.0,1
3608.4,31
3609.0,0
3609.1,21
3610.0,27
3610.8,23
3610.8,34
3611.0,37
3611.4,25
3611.6,32
3611.7,9
3613.1,5
3613.1,30
3614.2,4
3614.3,17
3614.8,28
3615.0,29
3615.2,11
3615.6,12
3615.9,15
3616.3,2
3618.2,31
3618.6,13
3618.8,39
3619.4,14
3620.1,32
3620.2,7
3620.2,9
3620.3,3
3620.3,6
3620.8,23
3621.5,1
3622.0,8
3622.4,11
3624.5,21
3625.0,0
3625.0,36
3625.7,25
3625.9,31
3627.2,5
3627.2,12
3627.5,28
3627.7,16
3627.7,38
3627.9,18
3628.2,7
3628.2,17
3628.3,29
3630.6,6
3630.7,23
3632.2,4
3633.5,27
3633.8,1
3633.8,2
3634.1,11
3634.1,32
3634.3,37
3634.6,10
3635.0,9
3636.0,14
3636.4,38
3637.4,36
3638.0,35
3639.3,31
3640.2,0
3640.2,25
3640.3,8
3640.9,13
3642.0,15
3642.4,32
3642.7,12
3643.0,9
3643.6,29
3643.8,4
3643.8,14
3644.8,21
3645.4,17
3645.5,5
3645.6,37
3645.9,28
3647.5,1
3647.6,2
3647.6,25
3648.6,16
3648.8,36
3649.1,3
3649.1,31
3649.3,0
3649.3,6
3649.4,7
3649.6,11
3650.3,27
3650.8,23
3651.1,34
3651.2,4
3652.1,10
3652.4,12
3652.9,35
3653.1,38
3653.3,9
3653.8,17
3654.5,32
3654.6,37
3655.7,14
3657.2,29
3657.3,8
3658.1,13
3658.5,5
3658.5,39
3658.7,31
3659.0,15
3659.3,11
3660.1,30
3660.2,25
3660.3,12
3660.6,28
3662.9,1
3664.2,32
3664.5,4
3665.3,0
3665.7,21
3666.1,36
3666.8,37
3667.0,8
3667.5,9
3668.3,38
3668.6,31
3669.5,18
3669.5,27
3669.5,33
3669.6,25
3669.9,14
3670.0,17
3670.5,2
3671.0,5
3672.8,11
3673.0,12
3673.1,23
3673.5,34
3673.5,7
3674.1,30
3674.1,32
3674.6,28
3674.7,0
3674.7,24
3674.9,35
3675.0,4
3675.4,15
3675.6,1
3675.8,20
3675.9,31
3676.1,9
3676.7,6
3677.3,29
3678.4,14
3679.0,36
3679.6,37
3680.2,25
3680.3,13
3680.3,38
3681.1,39
3682.6,12
3682.9,11
3684.5,5
3684.7,0
3684.9,2
3685.3,27
3685.3,32
3686.0,4
3687.0,8
3690.2,9
3690.8,17
3691.2,28
3691.2,37
3691.4,31
3692.0,14
3692.6,21
3693.1,11
3693.1,23
3693.2,13
3693.2,15
3693.6,2
3693.6,12
3693.6,25
3694.7,32
3695.3,10
3695.5,3
3696.0,38
3696.7,7
3697.4,36
3697.6,29
3697.7,0
3697.8,31
3698.2,39
3698.9,8
3699.0,1
3699.0,6
3699.8,27
3701.8,37
3702.8,25
3703.7,15
3704.2,32
3704.4,11
3704.5,0
3704.7,9
3704.8,4
3704.9,18
3705.3,28
3705.6,12
3706.0,5
3706.4,21
3706.4,23
3706.6,14
3709.5,27
3709.9,31
3710.5,13
3710.9,17
3711.0,38
3711.8,29
3712.2,11
3712.5,4
3712.8,25
3713.7,1
3713.8,35
3714.5,9
3714.6,12
3716.3,2
3716.4,36
3717.8,6
3718.0,8
3718.0,14
3718.1,32
3718.3,23
3718.5,37
3719.0,31
3719.5,28
3720.9,5
3721.1,1
3721.2,0
3721.2,22
3721.6,34
3722.5,9
3724.4,36
3724.5,3
3725.0,19
3725.9,27
3725.9,32
3726.4,14
3726.5,25
3726.6,4
3726.7,15
3726.8,30
3726.9,7
3727.3,37
3727.7,16
3727.8,11
3728.1,2
3728.1,12
3728.2,38
3730.5,31
3731.7,17
3732.6,21
3732.8,28
3733.0,39
3733.3,6
3733.5,0
3733.9,9
3734.5,18
3734.8,29
3735.0,8
3735.0,13
3735.1,11
3735.5,1
3735.8,35
3737.0,38
3737.5,12
3737.9,23
3737.9,32
3738.4,4
3738.6,31
3739.1,25
3739.2,27
3739.5,34
3739.6,36
3739.8,7
3740.2,10
3740.5,16
3740.7,5
3741.5,14
3744.1,1
3744.4,37
3746.0,29
3746.8,13
3747.4,11
3747.7,25
3749.2,15
3749.3,9
3749.6,36
3749.8,2
3750.0,30
3750.4,17
3750.4,32
3750.6,8
3750.7,27
3750.7,31
3751.1,4
3753.2,0
3753.7,12
3754.2,14
3754.2,38
3754.3,21
3755.9,25
3756.1,5
3757.8,2
3757.8,29
3757.9,7
3758.6,23
3758.7,36
3758.9,31
3759.1,37
3759.5,4
3760.5,3
3761.0,35
3761.1,28
3761.6,11
3761.6,15
3761.8,39
3761.9,6
3762.0,17
3763.1,27
3764.0,9
3764.2,32
3764.6,13
3764.7,25
3765.5,12
3767.3,2
3767.9,14
3768.2,0
3768.5,38
3768.7,31
3769.2,1
3770.0,8
3772.1,15
3773.3,18
3773.4,11
3773.4,32
3773.6,36
3774.4,4
3774.4,21
3774.4,34
3774.7,9
3775.2,29
3775.5,37
3775.7,14
3776.0,31
3776.9,25
3777.6,23
3778.1,12
3778.1,17
3778.8,30
3779.4,16
3779.5,0
3780.3,27
3780.6,13
3782.7,11
3782.8,1
3783.1,6
3783.5,9
3783.8,5
3783.8,35
3784.5,38
3784.6,28
3785.1,4
3785.7,32
3786.6,25
3787.7,2
3787.8,31
3787.8,39
3788.5,7
3788.6,8
3789.5,0
3789.7,36
3790.2,21
3790.6,15
3791.0,12
3792.0,37
3793.3,17
3793.4,27
3793.5,32
3793.6,1
3794.0,11
3794.4,14
3795.3,23
3795.3,38
3795.5,31
3796.5,25
3796.6,13
3796.8,5
3798.5,6
3798.5,9
3798.7,4
3799.8,2
3801.1,27
3801.2,28
3801.6,32
3801.7,3
3801.8,12
3802.3,29
3802.5,18
3803.6,0
3803.7,8
3805.5,11
3805.5,25
3806.6,31
3807.6,34
3807.9,36
3808.0,1
3808.7,7
3808.7,16
3809.0,4
3809.0,38
3809.2,33
3809.6,17
3809.6,23
3809.8,32
3810.0,12
3811.7,15
3811.8,14
3812.4,39
3813.6,31
3813.7,13
3813.9,37
3814.3,9
3814.5,2
3814.7,11
3814.9,25
3815.6,6
3816.2,30
3817.8,32
3818.0,5
3819.1,36
3819.6,12
3819.7,0
3819.8,35
3820.1,29
3820.5,3
3820.5,37
3821.2,38
3821.3,31
3821.4,17
3821.5,4
3821.7,28
3822.1,1
3823.3,8
3823.9,14
3824.1,27
3825.6,25
3825.7,11
3826.3,15
3826.5,21
3827.1,23
3827.2,12
3827.5,16
3827.6,32
3827.7,6
3829.0,9
3829.7,7
3829.7,13
3829.9,31
3830.7,36
3832.1,4
3833.4,37
3834.3,2
3835.0,14
3835.1,27
3835.4,34
3835.9,33
3836.3,0
3836.5,25
3837.1,38
3837.1,39
3837.9,17
3838.2,31
3838.3,3
3838.9,8
3839.2,12
3839.4,9
3839.7,5
3839.8,11
3841.0,32
3842.1,1
3843.9,4
3844.3,37
3845.5,36
3846.1,7
3846.3,19
3846.3,28
3846.5,25
3846.8,29
3846.9,12
3847.1,10
3847.3,31
3847.7,18
3848.7,32
3848.8,23
3849.5,0
3849.8,11
3850.0,14
3850.3,38
3850.5,2
3850.7,6
3851.0,17
3851.8,1
3851.9,15
3852.0,34
3852.2,9
3852.2,35
3852.8,27
3854.7,4
3855.6,25
3856.2,5
3856.5,36
3856.7,30
3857.0,31
3858.5,29
3859.2,38
3859.3,12
3859.3,32
3859.5,21
3859.9,13
3860.4,11
3860.7,0
3860.8,8
3860.8,37
3861.3,6
3861.5,7
3863.8,25
3864.5,1
3864.5,4
3864.5,31
3865.0,9
3865.6,3
3865.6,14
3867.8,19
3870.1,0
3870.2,13
3870.2,33
3870.5,11
3870.6,12
3870.6,39
3871.1,32
3871.3,5
3871.4,15
3871.4,17
3871.6,36
3871.9,2
3872.3,23
3873.0,31
3873.1,28
3873.8,21
3874.8,37
3875.4,29
3876.0,14
3876.1,1
3876.1,38
3876.4,4
3876.4,16
3876.8,7
3876.8,25
3877.1,9
3877.5,8
3877.5,27
3878.1,11
3878.1,17
3878.1,34
3880.7,30
3881.3,31
3881.8,18
3882.6,0
3884.3,6
3884.4,2
3885.2,32
3885.4,12
3886.1,25
3886.3,36
3886.6,13
3886.7,23
3887.0,9
3887.1,14
3887.3,1
3887.5,5
3887.8,29
3887.9,38
3888.7,31
3888.8,4
3889.9,27
3890.1,11
3893.8,8
3894.2,28
3894.4,15
3894.5,37
3894.9,7
3895.4,0
3896.5,12
3896.8,9
3896.9,14
3896.9,25
3897.1,1
3897.4,4
3897.4,5
3897.7,29
3898.4,32
3898.7,27
3898.8,13
3899.0,39
3899.3,21
3899.3,23
3899.9,31
3900.6,35
3900.9,10
3901.0,2
3901.0,6
3902.5,30
3903.6,18
3903.6,36
3904.3,11
3904.8,38
3905.6,25
3905.8,17
3906.4,31
3907.2,3
3909.0,12
3909.0,32
3909.7,37
3910.6,9
3910.6,34
3910.9,1
3911.0,4
3911.1,14
3911.7,8
3912.0,29
3912.3,0
3912.7,7
3912.9,25
3915.0,5
3916.1,15
3916.2,6
3916.5,23
3916.6,28
3916.7,13
3917.0,36
3917.8,31
3918.2,27
3918.9,21
3919.3,9
3919.5,12
3920.1,11
3920.1,17
3920.4,1
3920.5,37
3921.0,2
3921.1,14
3921.1,35
3921.6,38
3921.7,4
3922.2,32
3923.0,0
3923.9,31
3924.3,39
3925.2,25
3925.3,10
3925.8,3
3926.3,36
3926.4,7
3928.0,8
3929.3,14
3929.9,9
3930.3,32
3930.4,37
3931.1,6
3931.3,12
3931.5,11
3931.8,30
3931.9,31
3932.2,27
3932.3,0
3932.3,13
3932.8,18
3933.0,25
3933.4,4
3933.7,34
3934.7,38
3935.3,17
3938.5,15
3938.6,1
3939.1,2
3940.3,23
3940.5,16
3941.4,14
3942.3,8
3942.5,7
3942.5,31
3942.6,29
3942.9,12
3943.0,32
3943.2,28
3943.4,36
3943.7,0
3943.8,25
3945.3,35
3945.4,37
3945.5,9
3946.4,5
3946.6,4
3946.9,6
3947.2,38
3947.4,11
3950.1,27
3950.3,17
3951.3,21
3951.5,31
3952.3,25
3952.5,13
3952.6,2
3953.3,34
3953.4,1
3954.8,0
3954.8,29
3954.8,32
3956.4,11
3956.5,12
3957.9,4
3958.1,19
3958.2,30
3958.3,8
3958.9,36
3959.0,25
3959.1,23
3960.4,9
3960.7,5
3961.3,14
3961.6,21
3962.1,7
3962.1,12
3962.5,32
3963.0,39
3964.8,3
3964.8,31
3965.0,37
3966.0,15
3966.1,25
3966.3,2
3967.4,0
3967.4,27
3968.7,17
3968.9,8
3969.1,1
3969.4,4
3970.3,9
3970.4,38
3970.6,35
3970.9,10
3971.2,6
3971.4,11
3971.5,18
3971.8,7
3972.3,12
3973.0,13
3973.1,28
3973.3,31
3973.9,14
3974.6,32
3975.5,36
3976.0,2
3977.1,5
3977.1,37
3977.3,33
3977.6,25
3977.7,30
3979.1,38
3980.6,7
3980.7,29
3980.9,11
3981.0,1
3981.3,23
3981.8,34
3982.9,12
3983.4,9
3983.7,14
3985.3,25
3985.9,4
3986.0,8
3986.7,27
3987.3,32
3987.6,31
3988.1,37
3988.8,13
3989.2,19
3989.8,39
3990.0,17
3990.8,0
3991.3,18
3991.4,6
3991.4,36
3991.5,15
3991.5,4
3991.5,14
3991.8,11
3992.1,9
3992.6,16
3993.2,31
3993.3,12
3993.8,1
3996.7,38
3997.2,5
3998.0,25
3998.3,2
3998.6,23
3998.7,0
3998.7,29
3998.8,28
3999.2,14
3999.4,30
3999.5,27
3999.6,15
4000.3,8
4000.5,36
4001.2,32
4001.4,12
4001.7,4
4003.2,3
4003.6,31
4003.7,11
4004.2,35
4005.2,34
4006.4,5
4007.7,25
4008.4,17
4008.8,7
4009.0,1
4009.1,9
4010.4,13
4011.4,32
4011.4,37
4011.7,31
4011.9,12
4012.2,38
4012.9,14
4012.9,36
4013.2,0
4013.4,11
4014.4,4
4014.6,2
4014.9,30
4015.0,15
4016.5,27
4018.0,18
4018.3,25
4019.4,8
4019.5,6
4019.5,39
4020.1,21
4020.6,31
4020.8,1
4021.0,28
4021.4,23
4021.4,34
4022.1,29
4023.0,36
4024.0,33
4024.1,9
4024.5,12
4024.5,32
4024.6,17
4024.8,14
4024.8,27
4024.9,0
4025.1,4
4025.1,11
4027.7,25
4028.5,5
4029.2,37
4029.3,31
4029.9,38
4030.3,12
4030.6,3
4030.8,7
4031.3,13
4031.5,11
4031.5,35
4032.1,32
4032.7,15
4033.1,1
4033.2,2
4034.8,14
4035.3,9
4035.8,0
4035.8,39
4036.0,17
4039.7,8
4040.5,28
4040.9,27
4041.3,21
4041.3,36
4041.5,4
4041.7,25
4042.3,10
4042.4,33
4042.9,31
4043.6,14
4044.2,37
4044.3,32
4044.7,29
4045.5,3
4045.9,23
4046.1,12
4046.3,11
4047.6,15
4047.8,6
4047.8,18
4047.9,9
4048.4,7
4049.2,30
4049.3,17
4049.5,4
4049.7,25
4050.5,2
4050.5,5
4050.5,34
4051.2,38
4051.3,12
4051.7,1
4052.5,36
4052.7,11
4052.7,32
4055.6,0
4055.9,31
4056.0,24
4056.2,27
4056.6,37
4057.4,19
4057.5,16
4057.9,8
4058.2,14
4058.5,9
4059.8,32
4060.0,4
4060.2,11
4060.2,15
4062.7,29
4062.8,35
4062.9,13
4063.6,2
4064.0,25
4064.7,1
4064.7,12
4065.8,9
4066.5,23
4066.8,5
4067.2,31
4067.6,0
4068.1,21
4068.7,28
4068.9,36
4070.2,38
4070.3,11
4070.4,18
4070.4,27
4070.5,6
4071.0,32
4071.7,25
4071.9,3
4071.9,17
4072.8,14
4073.4,4
4074.4,37
4075.6,31
4075.7,39
4076.2,8
4076.9,0
4076.9,7
4078.4,9
4078.6,12
4079.1,13
4079.1,34
4080.5,29
4080.7,10
4080.9,25
4081.4,21
4081.9,11
4082.1,14
4082.7,6
4083.7,1
4083.7,32
4084.0,36
4084.1,15
4086.3,4
4086.9,27
4089.4,12
4089.4,18
4089.4,38
4089.5,8
4089.5,35
4089.7,17
4089.8,0
4090.1,31
4090.1,39
4090.3,7
4090.6,19
4090.8,37
4091.0,23
4091.0,25
4091.5,2
4091.5,14
4092.1,9
4093.8,5
4094.3,30
4095.4,36
4095.8,32
4096.1,11
4096.7,27
4097.0,6
4097.4,33
4098.3,1
4098.3,31
4098.9,25
4099.6,12
4100.1,38
4101.1,4
4101.5,28
4102.7,23
4103.1,13
4103.3,29
4103.7,3
4104.0,8
4104.6,0
4104.9,15
4105.3,11
4105.4,9
4105.8,5
4105.8,14
4105.9,2
4106.8,34
4107.6,31
4107.6,37
4107.8,17
4109.0,32
4109.9,1
4109.9,35
4111.1,12
4112.5,25
4113.1,21
4114.3,9
4115.2,31
4115.3,28
4115.4,2
4115.6,15
4115.7,4
4115.8,18
4116.2,27
4116.9,30
4116.9,36
4117.1,32
4117.7,0
4117.8,7
4118.3,11
4118.7,17
4120.1,12
4120.3,14
4120.6,29
4121.2,39
4121.4,38
4121.7,23
4121.8,1
4121.8,6
4121.8,37
4124.2,4
4124.4,19
4125.6,8
4126.1,29
4126.2,9
4126.9,25
4127.1,32
4129.3,36
4130.5,31
4130.7,0
4131.0,12
4131.2,37
4131.3,38
4131.5,15
4131.7,13
4131.8,24
4131.9,6
4132.0,5
4132.0,22
4132.0,28
4132.1,11
4132.2,2
4132.9,14
4133.6,27
4134.1,17
4134.5,25
4134.9,32
4136.0,1
4136.9,33
4137.3,7
4137.7,8
4138.3,23
4138.4,30
4139.4,4
4139.8,36
4140.0,9
4140.2,0
4140.3,34
4140.6,14
4140.9,11
4141.9,3
4142.4,31
4143.9,32
4144.4,38
4145.2,5
4145.5,37
4145.6,1
4146.5,25
4147.1,13
4147.3,12
4147.3,21
4147.6,6
4148.6,0
4149.3,39
4150.1,36
4150.1,15
4150.3,18
4151.3,34
4151.9,4
4151.9,8
4152.0,2
4152.0,14
4152.4,11
4152.5,29
4152.8,23
4154.3,31
4155.0,12
4155.1,9
4155.1,32
4155.3,27
4155.5,25
4156.7,28
4158.5,1
4158.6,37
4159.3,7
4159.6,4
4160.3,17
4160.4,13
4161.6,35
4161.9,5
4161.9,36
4162.3,0
4162.3,11
4162.5,14
4162.9,31
4164.9,32
4166.0,2
4166.1,21
4166.1,30
4167.0,9
4167.0,27
4167.5,8
4167.6,38
4167.9,25
4168.6,12
4171.0,4
4171.6,1
4171.6,7
4171.6,33
4171.8,10
4172.2,16
4172.2,23
4172.6,17
4172.6,15
4172.6,29
4173.3,31
4173.8,11
4175.1,36
4175.7,12
4175.8,13
4175.9,37
4176.6,25
4176.6,28
4178.3,3
4178.3,14
4178.4,32
4178.5,2
4178.7,9
4179.0,6
4180.4,27
4180.7,38
4181.9,4
4182.1,0
4184.1,1
4184.4,35
4184.5,39
4184.6,31
4185.4,8
4185.8,34
4186.0,5
4187.1,37
4187.6,11
4189.3,2
4189.4,36
4189.4,25
4189.7,32
4190.2,12
4190.9,15
4190.9,21
4190.9,6
4191.6,7
4192.2,14
4192.9,9
4193.1,31
4193.6,1
4193.6,17
4193.8,3
4193.8,4
4194.3,38
4194.7,28
4195.4,23
4195.9,18
4196.2,8
4196.8,11
4196.8,27
4197.2,0
4197.2,29
4197.2,35
4198.3,37
4198.5,30
4198.8,36
4198.9,31
4200.0,9
4200.2,32
4200.4,12
4201.2,38
4201.5,17
4202.7,25
4203.0,13
4203.0,14
4203.0,15
4203.1,19
4203.3,26
4204.5,4
4204.8,1
4206.5,0
4206.6,5
4206.7,6
4206.7,39
4207.0,27
4207.7,11
4207.7,28
4208.3,31
4208.3,37
4208.7,12
4209.6,34
4210.5,23
4210.7,36
4211.9,32
4212.1,2
4212.1,21
4213.1,29
4213.5,3
4213.6,9
4213.9,16
4213.9,25
4214.0,4
4214.1,10
4214.4,11
4214.5,17
4214.7,8
4215.0,37
4215.1,38
4216.7,14
4218.4,1
4218.9,15
4219.1,12
4219.1,31
4219.8,7
4220.0,32
4220.0,35
4220.5,11
4221.4,28
4223.3,13
4223.6,8
4223.6,25
4223.9,27
4224.0,36
4224.3,4
4224.3,9
4224.6,14
4225.7,33
4226.2,6
4226.6,0
4227.2,37
4227.5,2
4229.3,32
4229.5,1
4229.6,31
4230.2,29
4230.2,38
4230.6,11
4231.2,3
4231.9,23
4233.0,5
4234.5,34
4234.8,12
4236.1,17
4237.4,25
4237.5,19
4237.6,8
4238.0,9
4238.3,0
4238.3,21
4238.5,4
4238.8,37
4239.0,36
4239.7,22
4240.4,11
4240.5,31
4240.7,27
4240.8,28
4240.9,1
4241.9,30
4242.1,14
4242.2,39
4243.2,2
4243.2,32
4243.6,7
4243.6,15
4244.0,18
4244.2,24
4244.7,13
4245.1,35
4245.3,38
4245.4,6
4246.1,29
4246.2,36
4247.1,12
4247.7,11
4247.9,25
4248.2,23
4248.3,31
4249.1,4
4249.1,17
4249.8,32
4250.5,16
4250.5,37
4250.9,1
4253.4,9
4253.4,28
4254.6,2
4255.2,5
4255.2,21
4255.7,27
4255.8,0
4255.8,12
4256.2,14
4256.5,22
4256.5,36
4256.7,13
4257.1,8
4257.6,25
4257.8,4
4258.3,3
4258.6,31
4259.5,32
4259.7,11
4260.1,38
4260.3,17
4264.1,37
4264.7,1
4264.7,15
4264.8,31
4265.6,28
4265.6,9
4265.8,4
4266.9,30
4267.1,12
4268.9,25
4269.8,27
4271.4,0
4271.5,14
4271.9,32
4272.1,7
4272.4,35
4272.5,13
4272.5,37
4272.6,29
4272.7,18
4272.7,38
4273.1,36
4273.2,2
4273.5,11
4274.1,31
4274.3,8
4274.4,23
4274.6,39
4275.6,5
4276.3,17
4277.0,9
4278.1,6
4278.4,3
4278.9,12
4279.3,25
4280.1,1
4280.8,4
4280.9,19
4280.9,21
4280.9,32
4281.0,31
4283.4,27
4284.1,11
4284.1,37
4284.2,15
4284.3,14
4284.6,28
4285.3,0
4285.3,2
4285.4,30
4286.0,34
4286.1,8
4286.6,10
4287.6,36
4288.3,25
4288.5,38
4289.5,12
4290.2,23
4290.3,1
4291.2,31
4292.5,4
4292.5,7
4292.6,9
4293.6,32
4293.8,13
4293.9,29
4294.0,5
4294.3,37
4295.9,11
4296.1,39
4296.5,36
4296.6,25
4297.4,14
4297.6,6
4298.0,8
4298.6,2
4299.3,31
4300.3,17
4301.4,21
4302.2,12
4302.5,4
4303.7,0
4303.7,15
4303.9,11
4304.0,27
4305.4,9
4305.5,32
4306.6,30
4306.7,35
4306.8,33
4307.1,29
4307.4,1
4307.5,18
4307.5,31
4307.7,37
4308.1,25
4308.9,38
4312.5,14
4312.5,28
4313.0,2
4313.0,12
4313.0,36
4313.2,3
4313.7,8
4314.1,5
4314.1,31
4314.3,22
4314.9,4
4315.1,13
4315.1,17
4315.4,11
4315.5,6
4316.8,0
4316.9,32
4316.9,34
4317.6,9
4318.9,25
4319.1,37
4319.2,1
4319.9,38
4320.3,15
4320.4,14
4321.0,31
4321.4,12
4322.4,7
4322.8,4
4322.9,29
4323.0,16
4323.0,36
4323.1,39
4324.4,11
4325.4,0
4325.9,27
4326.4,25
4327.8,23
4327.9,32
4328.0,8
4328.3,19
4328.4,28
4328.6,6
4328.6,35
4328.6,37
4328.7,18
4329.4,2
4329.5,4
4329.5,11
4329.5,31
4329.6,20
4329.9,12
4330.5,13
4331.4,9
4332.1,5
4333.4,14
4333.6,25
4335.2,1
4335.3,17
4335.7,36
4336.3,34
4336.5,0
4337.5,38
4337.6,21
4338.1,32
4340.0,11
4340.6,12
4342.1,4
4342.5,27
4342.5,29
4342.9,28
4342.9,31
4343.0,13
4343.1,14
4343.6,30
4344.1,7
4344.7,9
4344.8,2
4345.0,15
4345.3,37
4346.6,6
4346.7,25
4346.8,1
4347.3,32
4347.9,23
4348.6,5
4348.9,33
4349.8,31
4350.0,8
4350.9,11
4351.3,4
4352.5,34
4354.3,38
4354.5,14
4354.6,7
4354.8,12
4354.9,0
4355.2,35
4356.0,36
4356.1,25
4357.5,9
4357.5,29
4357.6,32
4358.8,1
4359.2,19
4359.5,27
4359.7,37
4359.9,17
4360.1,2
4360.4,3
4360.4,31
4360.8,11
4362.3,4
4363.0,5
4363.8,7
4363.8,25
4364.0,15
4364.2,8
4364.2,39
4364.3,28
4364.5,13
4364.6,21
4364.7,18
4365.0,0
4365.0,6
4365.0,12
4365.2,23
4366.5,14
4368.5,38
4369.6,31
4369.8,9
4370.0,32
4371.1,27
4371.4,37
4371.8,36
4372.5,12
4372.5,30
4372.7,29
4372.9,11
4373.0,14
4373.8,1
4375.1,25
4375.4,23
4376.3,5
4376.6,16
4376.7,2
4377.2,7
4379.4,32
4380.1,31
4380.2,17
4380.7,4
4380.9,0
4382.0,14
4382.3,1
4384.3,12
4384.4,28
4384.7,3
4384.7,6
4384.9,9
4385.1,24
4385.3,27
4385.9,36
4386.7,8
4386.8,11
4387.0,25
4387.1,21
4387.4,35
4389.0,15
4389.0,38
4389.4,32
4389.6,0
4389.6,33
4389.9,23
4389.9,34
4390.2,31
4390.3,18
4390.3,39
4390.5,17
4390.9,13
4391.1,37
4391.4,2
4391.9,9
4392.7,29
4392.9,12
4393.7,1
4396.7,5
4397.1,14
4397.3,4
4397.6,38
4398.1,30
4398.6,28
4398.8,10
4398.9,27
4399.2,25
4399.3,7
4399.3,32
4399.7,11
4403.6,36
4403.9,31
4404.6,9
4404.8,8
4406.6,1
4406.8,6
4407.4,37
4407.5,12
4407.5,32
4407.7,23
4407.8,2
4408.0,14
4408.6,4
4410.3,38
4410.7,15
4411.4,25
4411.4,35
4411.7,18
4412.2,39
4413.2,11
4413.5,36
4414.5,27
4414.7,17
4415.7,9
4416.5,0
4416.7,7
4416.7,13
4417.3,31
4417.5,12
4417.9,5
4419.5,37
4419.8,30
4419.9,34
4420.6,38
4421.3,15
4421.7,4
4422.5,21
4422.8,6
4423.6,32
4423.6,36
4423.7,8
4423.7,25
4423.7,28
4423.8,2
4424.0,0
4424.0,11
4424.0,14
4424.1,10
4424.1,23
4424.3,27
4424.3,31
4424.5,1
4425.2,29
4426.8,12
4429.3,5
4431.7,4
4433.9,2
4434.0,31
4434.4,37
4435.0,25
4435.2,27
4435.2,32
4435.4,38
4435.7,17
4436.0,28
4436.1,16
4436.5,9
4437.0,12
4437.4,35
4437.8,0
4438.1,8
4438.2,1
4438.2,11
4438.5,36
4438.7,6
4438.8,13
4439.3,7
4439.9,23
4440.9,39
4441.8,14
4442.4,21
4442.4,4
4443.5,31
4444.6,3
4445.7,30
4446.2,34
4446.4,5
4446.4,27
4446.4,29
4446.5,18
4446.8,12
4446.8,15
4447.0,25
4447.0,32
4448.7,37
4450.4,11
4451.3,31
4451.5,14
4451.7,38
4451.9,6
4451.9,9
4452.6,10
4453.0,2
4453.1,0
4453.6,36
4454.1,4
4454.2,17
4455.5,19
4456.1,8
4456.2,7
4457.1,21
4457.7,25
4458.0,12
4458.2,1
4458.2,32
4458.4,33
4458.9,28
4459.8,31
4460.1,39
4460.7,9
4460.9,23
4461.9,11
4463.4,27
4463.6,37
4464.1,13
4464.1,25
4464.6,0
4464.8,29
4464.9,2
4464.9,4
4465.1,17
4465.6,14
4467.8,36
4468.0,31
4468.2,32
4468.7,38
4468.8,35
4469.3,8
4470.7,15
4471.9,1
4472.1,7
4472.4,12
4472.8,11
4473.5,4
4473.5,9
4473.7,5
4473.8,21
4475.7,14
4476.2,34
4476.5,6
4476.6,31
4476.7,27
4477.0,25
4477.4,32
4479.0,0
4479.0,7
4479.3,12
4479.3,28
4479.9,18
4480.4,36
4480.6,13
4480.7,11
4481.0,29
4481.6,23
4483.1,4
4483.2,2
4484.2,37
4484.4,14
4484.6,15
4484.7,17
4485.0,27
4485.7,9
4485.8,38
4486.3,32
4486.8,31
4487.9,8
4488.9,10
4488.9,30
4489.6,12
4489.6,16
4489.7,11
4490.2,1
4490.2,3
4490.3,25
4490.6,18
4491.5,4
4492.7,0
4493.1,39
4493.3,15
4494.0,21
4494.3,7
4494.5,29
4495.0,9
4495.2,34
4495.8,31
4495.8,32
4496.6,37
4497.0,11
4497.1,27
4497.3,14
4497.3,23
4497.5,17
4497.6,28
4498.0,25
4498.8,5
4499.2,36
4500.7,2
4501.0,6
4502.4,1
4502.7,38
4503.3,8
4503.7,12
4504.7,4
4504.8,32
4504.9,20
4504.9,0
4507.1,35
4507.6,31
4507.9,14
4508.0,13
4509.0,9
4509.1,36
4509.3,27
4509.5,22
4510.7,2
4511.2,7
4511.6,11
4511.8,12
4512.1,25
4512.5,15
4515.9,29
4516.4,0
4516.5,32
4516.6,17
4516.7,4
4518.6,5
4518.8,27
4518.9,14
4519.1,38
4519.2,33
4519.5,18
4519.5,31
4519.8,1
4520.1,21
4520.2,23
4520.6,12
4521.1,30
4521.6,28
4521.6,36
4521.6,37
4521.7,9
4522.1,25
4522.6,6
4523.1,7
4523.2,34
4523.2,2
4524.5,4
4526.9,8
4527.2,11
4527.4,12
4527.6,32
4527.7,1
4527.7,15
4528.9,10
4529.3,29
4530.4,17
4530.7,0
4531.4,31
4531.6,36
4532.3,14
4532.5,3
4533.4,13
4533.4,21
4533.8,4
4533.9,9
4534.8,25
4535.2,37
4535.4,1
4535.6,27
4536.2,19
4536.8,32
4537.1,31
4537.9,16
4538.3,28
4538.4,11
4540.2,35
4540.7,12
4540.8,2
4540.8,6
4541.5,7
4541.5,39
4541.8,8
4542.2,38
4542.5,23
4543.0,5
4544.3,31
4544.5,36
4547.5,1
4547.5,14
4547.8,15
4547.8,28
4547.9,0
4548.3,17
4548.6,27
4549.1,32
4549.2,9
4549.3,25
4549.3,29
4549.4,11
4549.8,19
4550.1,18
4550.3,31
4550.8,4
4550.8,12
4550.8,21
4552.8,30
4553.7,2
4555.4,39
4555.6,14
4555.7,37
4557.9,3
4558.3,6
4558.7,0
4558.8,36
4559.5,38
4559.6,25
4560.6,27
4561.1,32
4561.3,31
4562.4,4
4562.7,8
4562.8,11
4563.0,12
4563.2,7
4563.4,33
4564.1,9
4564.1,29
4564.3,15
4565.1,5
4565.1,23
4566.6,14
4566.9,17
4567.1,2
4568.4,25
4568.8,13
4568.9,28
4568.9,37
4569.1,1
4570.0,32
4570.2,18
4570.9,16
4570.9,35
4571.0,11
4571.0,31
4571.2,36
4571.3,0
4571.8,21
4571.9,38
4572.9,27
4573.9,4
4575.3,29
4578.3,12
4578.4,7
4578.7,14
4578.8,11
4579.0,20
4579.3,25
4579.5,9
4579.6,39
4579.8,8
4579.9,31
4580.4,0
4580.4,23
4580.4,30
4581.2,38
4581.8,1
4582.9,4
4582.9,5
4583.8,37
4584.0,15
4585.4,32
4586.1,10
4586.7,36
4587.0,31
4587.2,24
4587.2,27
4587.6,13
4588.2,28
4589.0,6
4589.5,12
4590.5,11
4590.6,21
4590.6,25
4590.6,9
4590.6,17
4591.4,8
4592.1,14
4592.1,34
4592.5,19
4593.0,4
4593.0,29
4594.5,2
4594.6,1
4594.9,35
4594.9,37
4595.0,32
4595.2,30
4595.3,18
4595.6,0
4595.6,31
4596.0,23
4597.0,15
4599.7,28
4600.1,36
4600.4,38
4600.5,7
4601.1,5
4601.1,16
4601.2,4
4601.2,14
4601.3,25
4601.7,32
4601.9,39
4602.8,9
4603.3,12
4603.4,13
4603.5,11
4604.0,27
4604.3,3
4606.3,37
4607.9,8
4608.1,31
4608.3,17
4608.9,1
4609.0,6
4609.0,38
4609.8,2
4610.0,0
4610.5,35
4611.2,12
4611.8,4
4612.5,23
4613.0,29
4614.1,25
4614.5,32
4614.6,36
4614.7,14
4615.6,11
4615.9,18
4616.7,8
4617.4,39
4617.9,31
4618.2,9
4618.6,21
4618.7,0
4620.6,37
4620.8,27
4621.2,7
4621.3,1
4621.6,5
4621.7,15
4622.5,6
4622.7,4
4622.9,12
4623.0,25
4623.1,38
4623.6,3
4624.2,17
4625.2,23
4625.3,32
4626.4,13
4626.9,31
4627.1,14
4627.9,11
4628.2,2
4628.7,36
4629.0,28
4629.7,29
4629.9,37
4630.7,9
4632.7,12
4633.2,4
4633.3,25
4635.9,14
4636.3,35
4636.4,39
4636.6,31
4636.6,34
4636.7,1
4636.9,32
4637.1,0
4637.5,7
4637.8,11
4637.9,6
4638.1,15
4638.2,10
4639.0,8
4639.4,38
4641.3,37
4642.0,9
4642.3,17
4642.6,27
4643.5,4
4643.7,36
4643.8,2
4644.3,12
4644.4,32
4644.5,31
4644.6,29
4645.4,8
4645.7,11
4646.3,25
4646.4,18
4648.6,5
4648.6,1
4650.0,14
4650.6,28
4650.7,30
4650.9,27
4651.6,21
4653.6,3
4654.6,7
4654.8,6
4654.8,9
4654.8,11
4654.8,12
4655.1,32
4655.5,13
4656.0,37
4656.0,38
4656.6,23
4656.9,25
4657.1,15
4657.4,4
4657.5,20
4657.9,31
4658.6,8
4659.4,33
4659.9,0
4660.4,17
4661.4,36
4662.9,2
4663.3,14
4664.9,12
4666.0,11
4666.5,9
4666.5,25
4667.4,27
4668.0,7
4668.0,32
4668.5,1
4668.8,31
4669.2,4
4669.5,35
4670.4,37
4670.6,28
4671.4,0
4672.6,23
4673.3,2
4673.3,29
4673.7,36
4673.8,6
4673.9,12
4674.3,9
4674.4,38
4674.5,25
4674.8,34
4674.9,8
4675.0,14
4675.3,4
4675.3,13
4676.9,31
4677.1,11
4678.0,17
4678.1,39
4678.6,32
4679.3,15
4680.4,24
4680.5,21
4681.7,0
4682.4,18
4682.6,12
4683.0,14
4683.3,28
4683.8,5
4684.0,27
4684.8,31
4685.1,36
4685.7,30
4686.1,11
4686.3,1
4686.9,35
4687.3,9
4687.4,2
4687.7,37
4687.8,25
4688.2,23
4688.8,32
4689.7,7
4690.0,17
4690.1,6
4690.3,38
4691.5,3
4691.5,13
4692.7,12
4693.0,8
4693.1,10
4693.5,4
4693.6,16
4693.7,29
4693.9,31
4694.4,39
4694.9,27
4695.2,14
4696.8,0
4696.8,7
4697.2,19
4697.4,5
4698.3,37
4698.8,15
4699.2,36
4699.8,32
4699.9,9
4699.9,25
4701.3,4
4701.6,11
4701.8,17
4701.8,28
4702.7,31
4703.0,12
4703.3,6
4704.4,2
4704.6,1
4705.9,38
4706.6,14
4706.9,30
4707.5,35
4708.6,23
4709.5,27
4709.9,5
4710.2,13
4710.7,7
4710.7,12
4711.1,31
4711.7,32
4712.1,0
4712.2,36
4712.4,25
4712.9,29
4713.0,11
4713.1,18
4714.1,39
4714.4,9
4715.8,8
4716.1,34
4717.0,37
4717.1,2
4717.1,21
4717.8,4
4718.4,10
4719.3,38
4719.5,1
4720.2,12
4720.9,36
4721.0,31
4721.1,25
4721.2,14
4721.2,15
4722.9,17
4724.4,9
4725.8,32
4726.2,28
4726.6,33
4726.9,4
4726.9,11
4728.0,8
4728.1,0
4728.1,23
4728.7,19
4728.7,37
4728.8,31
4729.0,27
4729.5,29
4730.7,12
4731.0,13
4731.1,6
4731.1,38
4731.5,15
4732.0,14
4732.3,3
4732.3,25
4733.2,5
4733.5,2
4734.0,39
4734.1,30
4734.1,32
4734.4,7
4734.8,35
4736.2,4
4736.6,18
4737.8,31
4738.2,36
4738.4,11
4738.8,1
4739.2,0
4739.4,12
4740.0,37
4742.7,4
4742.7,9
4743.3,17
4743.5,32
4743.7,8
4743.7,38
4744.1,21
4745.1,27
4745.2,29
4745.7,14
4746.2,25
4747.3,28
4747.3,0
4747.7,11
4748.1,7
4748.7,12
4748.8,31
4749.0,6
4749.4,23
4749.5,16
4750.7,37
4750.9,1
4751.0,4
4752.0,15
4753.4,32
4753.7,9
4754.0,34
4755.2,0
4756.2,31
4756.3,27
4756.7,5
4756.9,2
4757.5,25
4757.6,12
4758.2,11
4758.9,14
4759.5,8
4760.6,1
4760.8,36
4761.0,18
4761.7,13
4761.7,20
4761.9,39
4762.5,38
4763.7,27
4764.0,37
4764.4,6
4765.2,15
4765.5,32
4765.6,4
4765.9,25
4765.9,31
4766.3,14
4766.6,0
4766.8,9
4766.8,11
4766.9,12
4767.6,7
4768.3,17
4769.3,29
4769.5,35
4769.8,28
4769.9,38
4770.4,8
4770.7,1
4771.6,36
4772.1,21
4772.5,30
4772.9,31
4773.1,5
4773.4,2
4775.1,32
4776.0,9
4776.1,27
4776.4,25
4777.4,23
4777.5,13
4777.5,14
4779.3,11
4779.6,4
4779.6,10
4780.1,28
4780.3,3
4780.3,12
4780.5,15
4780.7,0
4781.7,31
4781.7,37
4782.7,1
4783.0,32
4783.0,34
4783.6,38
4784.2,33
4784.5,36
4784.8,29
4785.4,35
4788.3,25
4788.6,23
4789.0,17
4789.2,6
4789.3,19
4789.5,8
4789.9,4
4790.9,2
4791.5,14
4791.5,11
4791.7,37
4792.2,12
4792.2,31
4792.3,5
4792.4,30
4792.7,9
4792.9,13
4793.0,3
4793.0,27
4795.0,7
4795.0,32
4795.4,0
4796.0,28
4796.8,38
4797.6,1
4798.0,25
4798.6,36
4799.3,15
4799.9,12
4800.2,4
4800.3,18
4800.5,21
4801.2,11
4801.3,3
4801.4,39
4801.8,8
4803.6,14
4803.7,31
4804.2,32
4804.5,23
4806.7,6
4806.8,25
4806.9,0
4806.9,2
4807.3,37
4807.5,9
4808.0,30
4808.6,29
4811.2,12
4811.2,38
4811.7,13
4812.3,4
4812.6,17
4812.7,16
4812.7,32
4812.8,31
4812.9,11
4813.2,8
4814.2,7
4814.2,25
4814.7,27
4815.1,19
4815.6,1
4818.1,15
4818.4,0
4818.8,33
4818.9,14
4819.3,31
4819.6,37
4819.7,35
4819.7,36
4820.5,9
4820.6,12
4820.8,2
4821.0,18
4821.0,29
4821.4,23
4821.5,28
4823.2,8
4823.7,25
4824.1,11
4824.2,5
4824.4,4
4824.4,38
4825.4,32
4825.7,34
4825.8,6
4826.1,30
4826.1,39
4826.5,0
4827.4,1
4827.9,21
4828.4,7
4829.4,12
4829.9,17
4831.2,27
4831.4,14
4831.8,22
4832.9,13
4833.1,11
4833.3,31
4833.8,32
4834.8,28
4834.9,9
4835.0,38
4835.5,15
4835.6,2
4836.4,4
4836.5,0
4836.6,37
4836.7,25
4837.6,23
4838.3,12
4838.4,36
4840.3,31
4840.8,3
4841.5,5
4841.8,8
4842.1,17
4842.6,11
4842.7,1
4842.8,35
4843.4,25
4843.9,29
4844.5,38
4845.3,14
4847.1,32
4847.5,9
4847.8,16
4847.9,12
4847.9,20
4848.2,7
4848.3,30
4848.8,2
4849.3,27
4849.8,31
4850.5,4
4850.5,21
4851.2,0
4851.7,28
4852.1,37
4852.2,13
4853.4,25
4854.2,1
4854.7,36
4855.0,3
4855.3,15
4855.3,39
4857.9,32
4858.5,9
4858.6,38
4859.3,14
4859.4,11
4859.7,12
4860.1,17
4860.7,13
4860.8,5
4861.0,0
4861.2,6
4861.2,18
4861.6,8
4862.0,31
4862.6,35
4862.8,4
4863.1,25
4863.8,36
4864.9,7
4866.2,12
4866.4,2
4866.7,27
4867.7,1
4868.5,32
4868.9,37
4869.5,23
4870.7,6
4871.2,11
4871.4,0
4871.6,9
4872.2,15
4872.3,25
4873.5,4
4874.4,14
4874.5,38
4874.7,8
4874.9,31
4875.1,36
4875.4,17
4875.7,3
4875.9,39
4876.9,12
4877.1,27
4877.8,29
4878.2,32
4879.1,7
4879.3,28
4879.5,21
4881.0,25
4881.1,1
4881.4,23
4881.4,30
4881.5,13
4882.0,37
4882.2,4
4882.2,14
4882.8,18
4883.1,31
4883.4,0
4884.2,5
4885.3,9
4885.3,11
4887.0,24
4887.3,15
4888.1,38
4888.3,2
4888.4,34
4888.8,25
4889.2,6
4889.8,12
4889.9,32
4890.3,27
4890.4,14
4891.7,31
4891.9,33
4892.1,8
4892.8,35
4892.9,0
4893.0,1
4893.1,7
4893.5,17
4893.6,29
4893.6,30
4894.6,16
4894.6,36
4896.1,4
4897.0,9
4897.8,21
4898.2,11
4898.8,2
4898.8,12
4900.1,37
4900.1,23
4901.2,32
4901.5,28
4902.4,13
4902.5,14
4902.8,5
4902.8,25
4906.5,31
4907.3,39
4907.4,0
4907.6,1
4907.6,8
4907.6,12
4907.7,38
4908.2,3
4908.7,34
4909.2,11
4909.8,25
4909.9,36
4910.1,18
4910.2,2
4910.8,4
4910.8,9
4911.3,14
4912.5,20
4912.8,15
4912.8,17
4913.7,5
4913.8,31
4914.1,27
4914.5,30
4914.7,8
4914.7,10
4914.9,29
4914.9,32
4915.0,7
4915.2,13
4915.5,37
4916.1,28
4916.4,12
4916.5,38
4918.0,6
4919.5,11
4919.5,25
4921.1,35
4921.9,14
4922.4,0
4922.4,9
4922.5,4
4924.1,31
4926.9,1
4927.5,39
4927.7,36
4927.8,2
4928.7,37
4929.5,27
4929.7,21
4929.9,32
4930.2,29
4930.2,25
4930.5,12
4931.1,15
4931.2,11
4932.1,4
4932.6,31
4932.9,28
4933.0,8
4934.3,17
4934.8,38
4935.5,7
4936.1,36
4936.7,5
4937.0,0
4938.2,14
4939.1,1
4939.2,9
4939.9,11
4939.9,37
4940.7,25
4940.9,6
4940.9,23
4941.1,30
4941.1,31
4941.1,32
4941.5,4
4941.6,13
4941.7,27
4942.2,2
4942.7,12
4943.4,34
4944.2,8
4944.3,29
4945.0,35
4945.7,15
4946.9,0
4946.9,14
4947.5,3
4947.7,5
4947.8,36
4949.2,32
4950.0,7
4950.0,38
4950.4,39
4950.9,25
4951.0,17
4951.2,31
4951.5,37
4951.9,11
4953.1,1
4953.1,12
4954.2,14
4955.1,21
4955.5,9
4956.0,27
4957.1,4
4957.3,0
4957.3,26
4957.8,2
4957.8,31
4958.6,28
4959.0,36
4959.8,25
4960.3,6
4960.6,8
4960.6,32
4961.3,12
4961.6,29
4962.0,3
4963.2,30
4963.5,13
4964.1,15
4964.3,16
4964.3,19
4964.4,37
4964.4,38
4965.2,11
4965.5,27
4966.5,5
4967.0,31
4967.1,14
4967.7,17
4968.3,23
4969.4,9
4970.0,2
4970.2,25
4970.3,1
4970.6,12
4971.9,36
4972.5,4
4974.8,37
4974.8,11
4975.0,32
4975.3,0
4975.6,35
4976.0,18
4976.0,28
4976.0,39
4976.3,6
4976.5,5
4976.7,30
4976.7,31
4977.5,15
4979.6,14
4979.9,25
4980.4,8
4980.7,12
4981.3,4
4981.7,9
4982.4,17
4982.5,1
4982.5,27
4982.9,34
4983.1,13
4983.3,2
4984.6,7
4984.7,0
4984.8,33
4985.4,36
4985.5,32
4985.5,38
4985.5,11
4985.5,21
4985.5,29
4986.5,37
4987.4,15
4987.7,31
4988.0,5
4988.5,14
4989.9,23
4990.2,25
4990.3,9
4991.5,12
4994.0,8
4994.1,4
4994.4,32
4994.8,28
4995.2,2
4996.5,0
4996.7,38
4996.8,11
4997.3,17
4998.5,18
4998.5,31
4999.0,25
4999.9,1
5000.2,30
5000.2,36
5000.7,8
5000.7,37
5001.5,7
5001.5,12
5001.8,27
5001.9,14
5002.6,6
5002.9,15
5004.2,4
5004.3,13
5005.2,32
5006.6,29
5006.7,16
5006.7,34
5007.2,9
5007.3,37
5007.4,31
5007.9,38
5008.4,28
5009.9,2
5009.9,19
5010.1,11
5010.9,0
5010.9,25
5011.4,14
5012.0,23
5012.1,5
5013.5,1
5013.5,21
5013.5,24
5013.7,32
5013.8,8
5014.0,4
5014.1,39
5014.4,7
5014.7,36
5014.8,31
5015.6,17
5015.6,27
5015.8,12
5016.8,11
5016.9,9
5019.4,25
5019.8,0
5021.7,38
5022.5,37
5023.6,6
5024.0,13
5024.1,14
5024.4,34
5024.5,4
5024.6,23
5024.6,29
5024.8,2
5025.1,35
5025.3,3
5025.6,31
5026.0,15
5026.1,9
5026.4,20
5026.4,22
5027.2,10
5027.6,36
5028.1,1
5028.1,12
5028.1,32
5028.3,11
5029.3,21
5029.6,5
5031.1,25
5031.7,38
5032.2,18
5032.4,28
5032.5,8
5034.1,31
5034.5,27
5034.5,37
5035.4,30
5036.0,14
5036.1,39
5036.2,0
5036.3,32
5036.5,11
5037.0,7
5037.3,2
5038.6,4
5038.8,25
5039.5,9
5041.1,17
5041.2,36
5041.5,12
5041.5,15
5042.4,1
5043.0,38
5043.3,27
5044.0,31
5044.3,29
5045.9,11
5047.3,4
5047.3,32
5049.5,9
5050.1,12
5050.8,19
5051.5,25
5051.5,28
5051.6,0
5051.8,21
5051.9,8
5052.0,14
5052.8,20
5053.1,35
5053.4,23
5054.0,2
5054.0,36
5054.2,13
5054.2,31
5054.2,32
5054.2,38
5054.7,37
5055.1,1
5055.1,5
5055.9,17
5056.4,11
5057.9,7
5058.0,27
5058.1,16
5058.2,3
5058.6,6
5059.6,25
5061.0,4
5061.5,39
5062.4,14
5062.7,12
5063.5,36
5064.2,31
5064.3,9
5064.6,2
5066.2,0
5066.8,32
5067.0,30
5067.9,8
5068.0,1
5069.4,29
5069.8,11
5069.8,34
5070.0,15
5070.2,21
5070.8,38
5071.3,17
5071.3,35
5071.5,23
5071.8,13
5071.9,31
5072.0,37
5072.0,25
5072.2,20
5073.0,12
5075.1,4
5075.4,14
5075.8,32
5076.7,9
5076.9,39
5077.3,2
5078.4,8
5078.7,27
5078.9,33
5079.0,28
5080.1,31
5080.7,37
5081.8,36
5082.1,5
5082.4,0
5082.5,18
5083.4,11
5083.7,38
5084.2,7
5084.8,25
5085.6,29
5085.7,6
5085.7,23
5086.1,12
5086.1,32
5086.3,3
5088.0,13
5088.1,4
5088.9,31
5089.4,17
5090.0,1
5090.3,2
5090.8,14
5090.8,15
5090.9,30
5091.3,28
5091.6,8
5091.7,27
5091.8,9
5091.8,36
5093.3,37
5093.4,38
5094.8,11
5095.1,0
5095.1,25
5097.3,16
5097.4,4
5097.9,32
5099.2,31
5099.4,21
5099.6,12
5099.6,15
5100.1,9
5101.0,29
5101.0,39
5101.1,35
5101.3,14
5103.2,4
5103.5,1
5103.9,25
5104.0,5
5104.2,6
5104.3,38
5104.5,0
5104.7,23
5107.3,37
5107.4,11
5107.5,7
5107.8,2
5107.9,31
5108.4,13
5110.1,32
5111.3,9
5111.6,17
5111.6,34
5113.2,28
5113.4,27
5114.0,25
5114.9,4
5114.9,36
5115.0,8
5115.0,11
5115.0,12
5115.4,14
5115.8,15
5115.9,13
5116.1,6
5116.5,0
5117.7,31
5117.7,32
5118.9,18
5120.1,1
5121.2,2
5121.8,38
5122.9,7
5123.0,17
5123.4,12
5123.4,31
5123.6,27
5124.1,37
5124.5,29
5125.0,9
5125.2,25
5125.7,32
5126.9,14
5127.2,0
5127.4,11
5127.4,21
5127.7,36
5128.7,3
5129.3,1
5129.5,5
5130.2,30
5130.2,4
5130.5,23
5131.1,35
5131.5,28
5132.2,31
5132.3,25
5132.8,39
5133.2,33
5134.2,12
5134.5,9
5135.1,8
5135.2,32
5135.5,38
5135.7,6
5136.0,15
5136.4,11
5136.8,29
5137.0,13
5137.5,27
5138.1,17
5138.4,31
5139.0,4
5140.0,0
5140.5,37
5140.6,2
5140.6,36
5142.7,1
5143.8,12
5144.8,5
5145.1,32
5145.7,14
5146.5,38
5146.6,28
5146.7,31
5147.1,11
5147.4,25
5147.8,7
5148.5,9
5149.1,13
5149.1,23
5152.5,4
5153.9,29
5154.6,25
5154.9,15
5155.3,1
5155.3,35
5155.6,27
5155.6,32
5155.7,0
5155.7,31
5156.0,36
5156.6,37
5156.8,11
5156.8,19
5156.8,21
5157.6,17
5158.3,38
5158.9,14
5160.1,2
5160.1,9
5160.2,12
5161.4,8
5161.5,5
5162.3,7
5162.6,16
5166.3,4
5166.5,28
5167.4,25
5167.9,1
5167.9,31
5167.9,32
5168.8,6
5169.0,11
5170.0,17
5170.2,30
5170.7,9
5172.2,0
5172.2,12
5173.0,23
5174.3,27
5174.8,2
5175.0,37
5175.2,35
5175.3,29
5175.4,3
5175.4,20
5175.4,31
5175.4,32
5175.9,5
5175.9,13
5176.3,28
5176.4,4
5177.3,14
5178.1,11
5178.2,36
5178.9,7
5179.4,8
5179.4,34
5180.5,15
5180.5,25
5181.0,32
5181.0,38
5181.5,9
5184.1,21
5184.1,37
5184.2,31
5185.3,2
5186.0,13
5186.3,1
5188.0,12
5188.0,14
5188.1,16
5188.8,17
5189.3,0
5190.2,10
5190.5,4
5190.6,9
5190.6,30
5190.9,8
5191.7,32
5191.8,29
5191.9,27
5192.4,19
5192.6,6
5192.7,7
5193.0,11
5194.3,31
5194.4,25
5194.8,28
5195.3,37
5195.6,38
5196.4,36
5197.6,17
5198.0,12
5198.4,5
5198.7,33
5200.6,1
5200.8,2
5201.4,32
5201.5,27
5201.9,4
5201.9,29
5203.0,0
5203.0,31
5203.1,25
5203.4,14
5203.9,11
5204.4,7
5205.5,9
5207.6,23
5207.8,6
5208.0,38
5208.2,37
5208.8,15
5208.9,3
5209.4,2
5209.7,36
5210.0,8
5210.1,32
5210.9,31
5211.4,18
5211.4,25
5213.9,17
5214.5,12
5214.7,34
5214.8,4
5215.0,21
5215.2,27
5215.5,13
5215.6,9
5216.7,1
5216.8,11
5217.7,39
5218.1,38
5218.5,35
5218.8,0
5218.8,24
5218.9,28
5219.9,7
5221.2,15
5221.2,29
5221.3,14
5221.4,32
5221.4,36
5221.6,31
5221.8,30
5222.0,25
5223.1,5
5223.8,37
5225.5,11
5225.8,8
5226.3,23
5227.3,2
5227.8,4
5228.1,19
5228.7,9
5230.0,27
5230.2,12
5230.5,6
5230.7,0
5231.3,25
5231.5,38
5231.6,17
5232.0,14
5232.4,31
5232.5,32
5232.9,1
5233.5,36
5234.4,13
5234.9,11
5235.0,34
5237.7,18
5238.5,15
5239.0,7
5239.4,29
5240.0,32
5240.2,3
5240.3,28
5240.6,14
5240.8,4
5242.0,8
5242.0,37
5242.2,23
5242.4,25
5242.5,27
5242.5,31
5244.4,11
5245.2,0
5246.0,9
5246.4,12
5248.2,17
5248.7,15
5249.4,5
5249.7,6
5250.1,25
5250.6,31
5250.7,32
5251.2,13
5252.1,38
5252.6,27
5253.3,1
5253.3,36
5253.4,39
5253.7,2
5253.7,8
5253.7,21
5254.0,7
5254.6,16
5256.5,4
5256.6,14
5257.2,12
5257.4,11
5257.5,3
5257.7,32
5258.3,10
5258.6,9
5259.1,23
5259.5,37
5260.0,31
5260.5,0
5261.2,28
5261.3,29
5262.8,1
5263.5,30
5263.8,11
5264.3,17
5264.4,5
5265.0,2
5265.1,25
5265.3,8
5266.7,6
5268.2,13
5268.4,31
5268.6,12
5268.7,27
5268.8,36
5269.8,21
5271.0,4
5271.1,14
5271.7,35
5271.9,7
5272.0,9
5272.2,25
5272.3,38
5272.7,0
5273.2,37
5273.5,34
5273.6,18
5273.6,32
5275.0,5
5276.0,39
5276.6,36
5277.5,31
5278.0,15
5278.5,2
5278.9,1
5279.6,12
5280.8,23
5281.2,32
5282.5,11
5283.6,33
5284.2,25
5284.3,7
5284.4,27
5284.6,29
5285.7,38
5286.0,31
5286.4,9
5286.4,17
5286.9,6
5287.3,37
5287.8,3
5288.0,4
5288.6,13
5289.7,14
5289.8,1
5290.5,8
5290.9,28
5291.5,2
5291.5,11
5291.5,15
5292.1,25
5292.1,32
5292.5,12
5292.7,36
5293.0,0
5293.0,21
5293.3,31
5293.7,9
5293.7,23
5294.3,35
5294.5,30
5296.6,5
5297.0,10
5297.5,39
5297.6,11
5298.2,27
5299.1,25
5300.3,1
5302.5,12
5302.7,31
5302.9,14
5303.1,34
5303.3,36
5303.4,2
5303.6,4
5303.6,32
5303.7,33
5304.5,7
5304.6,6
5304.6,13
5305.5,17
5305.5,18
5306.5,37
5306.8,29
5307.1,25
5307.4,1
5308.0,38
5308.2,28
5309.0,12
5309.7,8
5310.7,15
5311.9,0
5312.0,9
5312.8,11
5313.5,4
5314.0,32
5314.5,23
5314.7,37
5315.1,14
5315.1,27
5315.4,10
5315.4,31
5315.5,35
5315.9,25
5316.2,16
5316.9,39
5317.4,6
5317.6,34
5318.6,36
5320.3,0
5321.9,2
5322.0,29
5322.3,12
5322.8,11
5322.9,7
5323.0,31
5323.2,4
5323.8,25
5324.1,21
5324.5,1
5325.8,38
5327.8,27
5328.9,5
5329.0,9
5329.9,28
5330.1,15
5330.2,24
5330.3,8
5330.3,31
5330.4,37
5330.5,13
5330.6,32
5330.7,12
5332.4,11
5333.1,14
5333.4,36
5333.6,25
5336.0,30
5336.3,17
5336.4,18
5337.0,38
5338.3,4
5338.4,12
5338.8,9
5339.5,3
5339.6,23
5339.6,34
5339.7,0
5339.7,2
5339.8,35
5339.9,31
5340.0,27
5340.0,29
5341.3,13
5341.3,15
5341.4,6
5342.5,21
5342.7,1
5342.9,32
5343.9,14
5345.2,7
5345.6,39
5345.8,37
5346.1,11
5346.2,36
5346.9,25
5347.0,12
5347.6,31
5347.9,19
5348.1,0
5348.1,4
5348.5,9
5350.6,17
5351.8,38
5352.2,13
5352.8,5
5353.0,14
5353.2,32
5354.7,8
5355.4,1
5355.4,31
5356.4,11
5356.4,29
5356.7,2
5356.8,16
5357.2,35
5357.8,12
5358.0,15
5358.2,23
5358.3,4
5358.5,27
5361.4,28
5361.6,25
5361.6,30
5362.9,37
5363.8,9
5364.2,32
5364.4,14
5364.5,36
5364.6,31
5365.0,0
5365.7,4
5366.0,7
5366.0,21
5367.6,26
5367.7,6
5367.7,8
5368.0,17
5368.3,12
5369.1,38
5369.4,3
5369.5,11
5371.7,2
5373.3,5
5373.8,32
5374.2,0
5374.4,25
5375.3,31
5375.6,14
5376.5,33
5376.7,37
5376.9,13
5376.9,23
5376.9,29
5377.1,11
5377.2,34
5377.7,9
5377.7,15
5377.8,28
5378.0,4
5378.7,1
5379.4,18
5381.3,35
5382.0,12
5382.5,27
5382.8,31
5383.1,36
5383.1,38
5383.2,2
5383.6,6
5383.6,20
5384.0,25
5384.4,14
5384.7,32
5386.0,39
5387.6,7
5389.0,11
5389.4,5
5389.4,19
5389.9,4
5390.0,17
5390.3,0
5390.3,8
5390.5,9
5390.6,25
5391.4,21
5392.4,1
5392.7,12
5393.9,15
5395.0,32
5395.1,38
5395.9,37
5396.3,23
5396.7,2
5397.1,29
5398.1,14
5398.2,31
5398.4,11
5398.9,18
5399.8,0
5399.9,3
5400.3,27
5400.5,4
5400.6,25
5401.3,36
5403.7,32
5403.8,37
5403.9,9
5404.1,20
5404.6,6
5404.6,10
5404.6,12
5404.6,16
5404.9,31
5405.8,8
5406.2,28
5407.7,1
5407.8,21
5408.2,38
5408.6,35
5408.7,17
5409.1,13
5409.1,32
5409.3,30
5409.6,7
5409.6,15
5410.1,0
5410.1,34
5411.2,4
5411.2,31
5411.9,14
5412.1,11
5414.3,5
5414.6,6
5416.3,29
5416.5,25
5416.5,36
5416.8,2
5417.3,12
5417.5,9
5417.5,27
5418.0,3
5418.0,22
5418.0,23
5418.6,31
5419.0,32
5419.0,37
5419.5,11
5420.3,39
5421.7,15
5422.1,14
5422.2,8
5422.3,13
5422.4,1
5422.6,4
5422.6,18
5423.6,28
5425.2,0
5426.6,25
5427.5,37
5428.0,31
5428.0,32
5428.2,17
5428.4,5
5428.6,21
5428.7,9
5429.2,3
5429.2,7
5429.4,38
5429.5,6
5429.5,10
5429.7,29
5430.0,11
5430.1,12
5432.8,4
5433.2,36
5433.4,25
5434.3,13
5434.4,27
5435.1,8
5436.2,14
5437.5,15
5438.2,31
5438.8,32
5439.0,35
5439.1,0
5439.1,38
5439.2,23
5439.5,2
5439.9,9
5440.2,12
5440.3,29
5442.9,28
5443.1,11
5445.2,7
5445.5,4
5445.5,37
5446.2,14
5447.0,31
5447.4,1
5447.7,36
5447.9,6
5447.9,34
5448.5,25
5448.9,21
5449.1,13
5449.9,5
5450.8,17
5451.1,8
5451.1,30
5451.6,27
5451.9,12
5452.5,38
5452.7,9
5452.7,32
5454.0,2
5454.5,11
5454.5,14
5454.9,31
5455.2,35
5455.3,0
5456.6,15
5457.6,4
5457.6,28
5458.4,25
5459.6,16
5459.8,7
5460.1,9
5460.2,18
5460.6,23
5460.7,36
5463.1,6
5463.8,27
5463.8,32
5463.9,12
5464.0,2
5464.0,29
5464.0,37
5464.1,39
5464.3,1
5465.0,8
5467.0,17
5467.1,4
5467.1,31
5467.4,22
5467.6,0
5467.6,13
5467.7,14
5467.7,33
5468.0,5
5468.2,11
5468.2,25
5469.9,38
5470.3,7
5471.5,9
5471.7,32
5474.7,27
5475.0,0
5475.0,1
5475.0,30
5475.1,31
5475.3,12
5475.4,21
5476.3,15
5478.1,4
5479.2,3
5479.3,11
5479.9,36
5480.5,8
5480.5,13
5481.7,9
5482.1,29
5482.2,38
5482.3,14
5482.4,6
5482.9,25
5483.2,32
5484.5,2
5484.6,37
5485.7,12
5485.7,18
5487.0,15
5487.0,17
5487.7,23
5489.3,39
5490.0,7
5490.0,8
5490.0,13
5490.0,35
5490.0,4
5490.0,29
5490.2,31
5490.6,16
5491.0,1
5491.1,25
5491.2,14
5491.4,0
5491.5,30
5491.9,21
5492.2,27
5492.4,9
5492.7,36
5493.2,32
5493.9,37
5495.1,12
5495.9,38
5496.3,28
5496.5,11
5496.6,2
5497.2,5
5497.5,6
5498.1,10
5499.1,31
5499.5,25
5500.5,32
5500.7,13
5501.5,3
5503.7,9
5503.7,14
5504.0,0
5505.2,36
5505.4,4
5505.5,12
5505.6,8
5505.9,1
5506.1,23
5506.7,39
5507.3,29
5507.6,32
5507.7,25
5507.8,11
5507.8,27
5507.8,28
5508.0,34
5508.0,37
5509.0,7
5509.4,21
5509.5,31
5510.5,38
5511.0,15
5511.8,17
5514.4,6
5516.6,36
5516.7,0
5517.1,2
5517.1,11
5517.3,12
5517.4,7
5518.6,31
5519.0,1
5519.5,4
5519.7,9
5519.9,14
5520.1,5
5520.2,35
5520.6,32
5520.8,25
5522.7,23
5523.6,27
5523.8,37
5524.0,8
5524.0,13
5524.1,28
5525.3,39
5525.8,34
5526.3,38
5526.5,18
5527.4,11
5527.4,32
5527.5,2
5527.5,14
5528.7,17
5530.0,31
5530.2,15
5530.3,29
5530.5,0
5530.8,25
5531.6,6
5532.2,1
5532.9,4
5533.0,30
5533.1,21
5533.3,9
5533.9,38
5534.0,12
5535.8,14
5536.8,32
5538.1,36
5538.4,13
5539.1,35
5539.2,37
5539.5,7
5540.5,8
5540.5,11
5540.5,17
5541.1,31
5541.3,28
5542.3,33
5542.6,5
5542.7,2
5543.2,15
5543.3,9
5543.5,25
5543.8,12
5544.0,27
5544.0,32
5544.3,14
5548.3,38
5548.8,1
5548.8,4
5548.9,0
5549.1,23
5549.3,8
5549.5,3
5550.0,6
5550.0,29
5550.4,31
5550.4,37
5551.8,12
5551.8,25
5552.4,32
5552.4,36
5553.1,21
5553.5,13
5554.2,11
5554.2,39
5554.3,17
5554.7,9
5555.8,14
5555.9,7
5555.9,28
5556.2,1
5557.2,5
5557.4,0
5557.5,4
5559.7,8
5559.8,25
5560.0,31
5560.4,27
5562.3,2
5562.8,15
5564.3,32
5565.1,38
5565.9,11
5566.6,37
5566.7,12
5567.4,21
5567.4,10
5567.7,9
5568.1,14
5568.3,36
5568.8,23
5569.1,1
5569.1,18
5569.2,31
5569.7,6
5569.8,25
5570.0,4
5570.3,27
5570.8,0
5573.5,8
5573.5,29
5573.5,7
5574.4,13
5576.0,38
5576.1,35
5576.8,17
5577.4,11
5577.4,31
5577.6,30
5577.7,12
5578.1,37
5578.3,32
5579.6,25
5579.8,14
5580.5,9
5581.0,1
5581.0,2
5581.3,5
5581.4,4
5581.6,36
5582.2,15
5582.5,28
5582.7,0
5583.7,18
5585.2,3
5585.3,27
5586.5,11
5586.8,23
5587.5,32
5587.6,34
5588.4,25
5590.0,12
5590.2,16
5590.2,31
5590.8,4
5590.8,14
5590.8,39
5591.1,29
5591.8,21
5592.1,7
5592.6,38
5592.8,30
5593.2,36
5593.9,8
5594.0,2
5594.9,9
5595.5,0
5595.5,13
5595.8,17
5596.1,1
5596.5,23
5597.0,27
5597.5,33
5597.8,4
5598.1,19
5598.3,31
5598.3,37
5598.7,12
5599.2,25
5599.4,11
5599.8,28
5601.3,32
5602.0,38
5602.1,5
5602.2,14
5603.0,15
5603.4,17
5604.6,36
5605.5,8
5606.3,6
5606.3,9
5606.6,0
5606.9,25
5607.1,31
5607.5,12
5607.7,23
5607.8,29
5609.6,7
5609.7,11
5609.8,21
5610.9,32
5611.6,4
5612.0,13
5612.7,2
5613.0,1
5613.4,39
5614.1,5
5614.3,27
5614.5,37
5614.7,38
5615.2,14
5615.4,25
5615.7,31
5616.1,16
5617.4,3
5618.0,9
5618.4,0
5619.4,4
5619.9,28
5620.2,12
5620.4,27
5621.1,35
5621.3,15
5621.9,17
5621.9,32
5622.0,8
5622.3,20
5622.6,7
5623.4,6
5624.2,31
5624.2,13
5624.6,36
5625.0,14
5625.1,11
5625.2,18
5625.5,1
5625.5,25
5625.9,19
5626.4,38
5627.0,0
5627.2,37
5628.4,29
5628.6,2
5629.4,23
5630.4,4
5630.5,33
5630.8,12
5631.2,9
5631.8,32
5632.4,34
5633.0,37
5634.2,11
5634.5,21
5635.9,1
5636.4,8
5636.4,25
5636.7,31
5637.2,5
5638.2,17
5638.6,14
5639.9,36
5640.8,38
5641.1,15
5642.1,0
5642.3,3
5642.4,2
5643.3,32
5643.4,4
5643.4,28
5643.5,25
5643.8,7
5643.9,12
5644.8,13
5644.9,31
5645.5,9
5646.4,6
5646.6,39
5647.6,1
5647.6,27
5647.7,11
5647.9,37
5650.1,35
5650.3,8
5651.4,23
5651.6,29
5653.1,38
5653.3,36
5654.3,7
5654.3,18
5654.6,14
5654.6,16
5654.6,17
5654.6,31
5655.0,33
5655.1,0
5655.4,9
5656.4,2
5656.6,12
5657.0,11
5657.0,32
5659.3,25
5659.3,28
5660.0,4
5661.8,27
5661.8,30
5661.9,37
5662.8,8
5663.0,29
5663.4,5
5663.4,15
5663.4,31
5664.2,13
5664.8,36
5666.4,6
5667.2,11
5668.2,25
5668.3,14
5668.6,1
5668.7,34
5668.9,12
5669.1,2
5669.1,9
5669.4,0
5669.5,7
5670.2,38
5670.6,21
5670.9,32
5671.0,4
5673.9,3
5673.9,23
5674.4,35
5675.1,31
5675.8,17
5675.9,39
5676.2,32
5676.4,5
5677.1,37
5677.4,25
5677.8,8
5677.9,27
5678.3,28
5679.0,36
5679.0,13
5679.2,1
5679.4,12
5679.6,11
5679.8,14
5680.0,4
5681.2,0
5681.7,31
5682.1,9
5683.3,15
5684.3,2
5684.8,21
5685.2,29
5686.0,10
5686.1,6
5686.1,7
5686.5,12
5687.1,27
5687.6,25
5687.7,11
5687.9,32
5688.1,19
5688.4,36
5688.9,38
5690.2,31
5690.7,18
5690.9,4
5691.9,37
5692.3,9
5692.4,14
5694.2,8
5695.0,12
5696.7,1
5697.2,28
5697.6,16
5698.0,5
5698.1,39
5698.4,11
5698.5,35
5698.8,23
5698.9,15
5700.1,31
5700.6,25
5701.0,2
5701.4,30
5701.5,33
5701.7,0
5701.8,4
5704.1,14
5704.4,17
5704.4,36
5704.6,32
5704.9,7
5705.2,9
5705.4,6
5706.4,11
5706.9,37
5707.1,27
5707.6,21
5707.8,38
5708.5,31
5709.8,29
5711.1,12
5711.6,13
5711.9,25
5712.1,1
5712.2,7
5712.8,0
5713.1,8
5713.3,28
5713.5,36
5713.7,2
5713.9,9
5714.1,4
5714.1,14
5715.2,31
5715.2,37
5715.6,18
5716.6,11
5717.3,6
5720.1,25
5720.3,32
5720.7,27
5720.8,12
5721.9,17
5721.9,29
5722.3,31
5722.5,5
5723.3,15
5724.6,16
5725.1,7
5725.3,38
5725.4,8
5725.7,39
5726.2,4
5726.2,14
5726.5,3
5726.5,36
5726.7,1
5727.1,32
5728.0,2
5728.0,30
5728.7,23
5728.9,37
5729.0,11
5729.5,0
5729.8,21
5730.2,35
5730.8,25
5731.8,31
5732.1,34
5733.0,13
5733.1,12
5733.3,28
5733.6,9
5736.6,27
5736.8,4
5737.5,11
5737.8,8
5737.9,29
5738.7,6
5738.7,32
5739.3,15
5739.4,1
5739.4,31
5740.2,9
5740.8,38
5741.2,12
5741.5,36
5741.5,7
5742.2,2
5742.6,0
5743.7,25
5744.4,14
5744.5,17
5746.2,18
5746.3,28
5746.4,32
5746.6,5
5746.9,23
5747.1,37
5747.3,35
5748.4,31
5748.5,36
5750.2,11
5750.5,8
5750.9,27
5751.4,4
5752.2,30
5752.7,0
5753.9,21
5754.4,14
5754.8,9
5754.9,1
5754.9,25
5755.2,31
5755.8,2
5755.8,7
5756.1,15
5756.2,13
5756.3,6
5759.1,12
5759.7,32
5759.8,3
5760.5,37
5760.5,38
5760.7,34
5761.0,23
5761.0,29
5761.3,27
5762.1,4
5762.1,8
5762.7,7
5762.9,11
5762.9,18
5763.1,21
5763.5,25
5763.7,17
5766.2,31
5766.3,39
5767.0,0
5768.6,12
5769.1,10
5769.2,36
5769.3,28
5769.5,14
5769.8,15
5770.6,1
5771.0,32
5771.4,5
5771.5,30
5771.7,38
5772.7,0
5773.0,25
5773.5,4
5775.7,6
5775.9,27
5777.2,13
5777.2,29
5777.4,21
5777.5,16
5777.9,11
5777.9,31
5778.7,8
5778.8,17
5779.0,2
5779.2,9
5779.5,35
5779.5,36
5780.2,12
5780.6,23
5780.7,1
5781.3,14
5781.6,32
5783.9,7
5784.9,37
5784.9,38
5785.1,28
5785.3,25
5785.4,5
5786.7,4
5786.9,33
5788.6,11
5788.7,29
5789.3,9
5789.8,18
5790.3,36
5790.3,15
5791.3,12
5791.5,19
5791.5,31
5791.5,32
5791.7,24
5791.8,14
5791.8,22
5792.0,6
5792.3,0
5792.3,1
5792.4,23
5792.4,30
5792.6,27
5793.0,10
5795.4,2
5795.8,38
5796.0,8
5796.0,37
5797.0,25
5797.2,4
5798.0,17
5798.2,11
5798.3,21
5799.0,9
5799.3,32
5801.0,14
5802.5,13
5802.8,12
5803.1,28
5803.2,31
5803.4,5
5803.6,30
5803.7,1
5803.7,16
5804.0,0
5804.2,7
5804.4,23
5805.1,34
5805.2,4
5807.7,11
5807.9,6
5808.8,32
5808.9,25
5809.4,29
5809.7,35
5810.7,27
5810.8,38
5810.9,36
5811.5,2
5812.3,3
5813.2,12
5813.6,14
5814.5,37
5815.0,4
5815.5,23
5815.9,15
5816.2,9
5816.4,17
5816.5,20
5816.5,31
5816.5,39
5816.9,11
5816.9,18
5817.3,1
5817.4,7
5817.6,32
5817.7,13
5818.0,19
5818.8,8
5819.5,0
5819.8,25
5820.6,38
5821.6,33
5822.7,12
5822.9,37
5823.8,27
5823.9,14
5825.2,5
5825.9,15
5826.0,34
5826.3,32
5826.4,9
5826.5,4
5826.8,36
5826.9,28
5827.2,31
5827.4,1
5829.4,2
5829.9,30
5830.1,11
5830.2,39
5830.8,29
5831.4,23
5831.5,25
5831.9,6
5833.2,9
5833.8,21
5834.0,0
5834.0,7
5834.2,14
5834.4,31
5834.6,38
5834.7,8
5835.7,12
5838.0,32
5839.1,27
5840.5,36
5841.1,11
5841.1,15
5841.2,24
5841.3,17
5841.4,13
5841.6,25
5841.7,10
5841.8,31
5841.8,35
5842.0,4
5842.0,5
5842.1,37
5842.5,1
5845.4,30
5846.7,28
5847.0,38
5847.2,2
5848.1,7
5848.3,0
5848.5,23
5848.8,12
5849.3,19
5849.6,37
5849.8,16
5850.0,29
5850.1,14
5850.2,8
5850.2,25
5850.6,11
5851.7,27
5851.7,32
5852.2,9
5852.2,31
5852.5,21
5852.7,6
5854.7,39
5855.4,4
5858.4,13
5858.6,36
5858.8,25
5859.2,1
5859.4,15
5859.8,31
5860.5,14
5860.8,37
5862.9,0
5862.9,5
5863.1,11
5863.2,2
5863.9,3
5863.9,7
5863.9,17
5864.3,28
5864.5,32
5864.7,4
5864.7,18
5864.7,27
5866.2,9
5866.2,29
5866.7,12
5867.1,38
5867.2,8
5868.0,1
5868.0,35
5868.2,25
5868.9,36
5869.0,31
5870.9,6
5873.3,37
5873.6,11
5873.6,30
5873.8,23
5874.0,4
5874.5,13
5874.5,14
5875.2,32
5875.9,15
5876.2,31
5876.3,28
5878.9,0
5879.8,25
5881.0,38
5881.2,21
5881.3,12
5881.4,36
5881.6,14
5881.7,39
5882.2,17
5882.3,9
5883.5,7
5883.6,2
5883.7,27
5884.2,31
5884.5,1
5885.3,11
5886.3,29
5887.0,37
5887.6,8
5887.8,4
5888.1,25
5888.3,28
5888.7,0
5888.8,6
5889.1,5
5890.2,12
5890.5,32
5890.8,14
5893.9,18
5894.5,38
5895.0,35
5895.1,9
5895.1,16
5895.3,8
5895.4,19
5895.4,34
5895.6,23
5895.7,15
5895.9,31
5896.1,37
5897.4,3
5897.4,25
5897.9,11
5898.1,36
5899.0,1
5900.4,2
5901.6,7
5902.0,32
5902.1,4
5902.2,0
5902.9,12
5906.3,6
5907.2,27
5908.1,38
5908.3,25
5908.6,31
5908.8,4
5909.1,14
5909.3,17
5909.3,29
5909.5,37
5909.5,39
5909.8,21
5909.9,13
5909.9,30
5912.2,32
5912.3,7
5912.3,9
5912.6,11
5913.1,12
5914.6,5
5914.6,8
5917.0,0
5917.5,28
5917.7,31
5917.9,1
5918.0,15
5918.0,18
5918.0,36
5918.2,25
5919.0,14
5919.2,3
5920.6,23
5921.0,27
5921.2,2
5921.8,11
5922.6,38
5922.6,4
5922.9,12
5923.6,32
5924.0,17
5924.4,29
5924.9,37
5925.2,9
5927.2,31
5927.8,8
5929.2,6
5929.6,25
5930.5,30
5931.4,0
5931.8,1
5931.8,14
5931.8,34
5933.0,36
5933.3,5
5933.5,13
5933.9,12
5934.4,21
5934.4,32
5934.8,4
5934.8,11
5935.0,27
5935.1,31
5935.2,39
5935.3,2
5935.3,9
5935.3,28
5935.8,15
5936.2,16
5936.3,38
5939.7,25
5939.7,35
5940.0,37
5940.8,8
5941.0,23
5941.9,33
5942.0,14
5942.3,7
5942.3,31
5942.6,1
5943.1,4
5943.1,32
5943.2,0
5944.2,27
5945.4,9
5945.4,12
5946.4,37
5947.0,3
5948.2,25
5948.2,36
5948.2,38
5948.4,11
5949.1,14
5949.4,6
5949.4,15
5949.5,17
5950.6,24
5951.6,2
5952.4,32
5952.7,29
5952.8,23
5953.1,1
5953.7,13
5954.0,4
5954.9,5
5955.7,9
5955.7,31
5956.5,12
5957.6,0
5957.6,11
5957.6,34
5957.9,25
5958.0,14
5958.2,27
5958.6,37
5959.0,6
5959.0,8
5959.0,21
5959.1,16
5959.1,30
5959.2,19
5959.2,28
5960.9,32
5962.4,4
5962.4,31
5963.5,15
5964.8,2
5965.4,0
5965.4,38
5965.9,1
5966.0,39
5966.8,25
5967.3,9
5967.6,11
5967.7,36
5967.8,13
5967.8,18
5967.8,33
5968.9,23
5969.7,31
5970.2,14
5970.5,7
5971.0,17
5971.3,27
5971.3,37
5971.6,32
5972.0,8
5972.2,12
5972.3,28
5973.8,35
5973.9,2
5974.1,4
5974.7,38
5976.6,25
5977.0,5
5977.6,1
5978.1,31
5978.4,9
5978.6,11
5979.7,15
5980.0,29
5981.0,6
5982.4,32
5983.6,12
5983.8,0
5985.9,9
5985.9,14
5985.9,27
5986.5,11
5986.5,13
5986.5,36
5986.6,25
5987.7,4
5988.1,31
5989.3,1
5989.3,37
5989.4,23
5990.0,2
5990.0,5
5990.3,3
5990.3,8
5990.3,33
5990.6,7
5990.7,16
5990.8,38
5991.0,10
5991.1,19
5991.4,28
5991.7,32
5991.9,12
5994.6,34
5996.0,17
5996.1,30
5996.1,35
5996.7,4
5997.3,15
5997.7,9
5997.7,14
5998.2,25
5998.2,27
5998.2,31
5998.5,12
5999.6,29
6000.4,11
6001.0,21
6001.1,0
6003.2,36
6004.1,4
6004.6,23
6004.9,1
6006.1,37
6006.2,32
6006.3,14
6006.6,2
6006.6,6
6006.6,12
6007.9,11
6007.9,39
6008.6,31
6008.8,25
6008.9,13
6009.0,7
6009.1,8
6009.3,5
6009.4,9
6009.9,28
6010.4,15
6010.9,38
6013.7,27
6013.8,6
6014.7,3
6015.0,4
6015.4,12
6015.8,32
6015.9,16
6016.3,31
6016.4,36
6016.5,17
6019.7,11
6019.8,0
6020.6,25
6021.5,14
6021.8,18
6022.1,1
6022.3,21
6022.5,13
6022.5,29
6022.9,37
6023.7,28
6024.2,8
6024.5,31
6025.1,10
6025.4,15
6025.8,5
6025.9,17
6026.4,9
6027.5,38
6028.7,32
6029.2,12
6029.6,23
6030.1,25
6030.4,2
6031.1,7
6031.6,4
6031.7,14
6032.0,27
6032.1,35
6032.2,11
6032.3,18
6032.3,36
6033.1,1
6033.7,24
6034.2,0
6034.4,37
6035.2,12
6035.8,31
6036.9,38
6037.3,9
6039.3,21
6039.5,6
6040.1,32
6040.5,30
6041.8,27
6042.7,4
6042.9,29
6042.9,39
6043.6,25
6043.7,28
6044.1,8
6044.1,23
6044.2,5
6044.2,15
6044.5,11
6044.5,16
6044.7,31
6044.7,37
6044.8,17
6044.8,36
6045.6,12
6046.2,13
6046.6,1
6047.6,0
6047.6,14
6049.1,7
6049.5,4
6050.0,9
6050.1,2
6053.7,15
6053.7,3
6054.6,32
6054.6,38
6055.5,11
6055.9,6
6056.0,31
6056.3,25
6057.3,12
6057.3,37
6057.6,27
6057.7,17
6058.8,2
6059.3,8
6059.3,29
6059.3,34
6059.6,36
6059.8,7
6059.9,4
6060.0,14
6060.8,9
6060.9,28
6061.2,1
6062.1,23
6062.5,0
6064.3,21
6065.3,30
6065.8,38
6066.0,15
6066.4,20
6066.4,25
6066.5,13
6066.8,32
6066.8,35
6067.1,39
6067.2,8
6067.7,31
6068.4,18
6068.7,4
6069.7,12
6070.4,14
6071.0,37
6072.1,16
6072.2,5
6072.7,11
6072.9,7
6072.9,29
6073.4,1
6073.4,36
6073.5,25
6073.5,17
6074.1,6
6074.2,19
6074.6,31
6074.8,9
6075.6,34
6076.9,12
6077.5,2
6077.9,27
6078.4,32
6081.9,0
6082.9,15
6083.8,9
6084.0,4
6084.0,31
6084.5,25
6085.2,5
6085.2,14
6085.4,36
6085.9,37
6086.0,13
6086.2,35
6086.3,1
6086.6,7
6087.0,8
6087.1,32
6087.2,27
6087.4,38
6088.2,28
6088.3,2
6088.4,29
6088.8,11
6089.9,21
6090.4,17
6091.8,25
6092.1,12
6092.9,23
6093.3,31
6094.1,22
6094.4,9
6095.0,4
6095.3,18
6095.4,6
6099.3,36
6099.4,27
6100.3,14
6100.6,32
6101.2,0
6101.6,31
6102.3,11
6102.6,1
6103.2,38
6103.3,37
6103.4,25
6103.7,6
6104.5,2
6105.0,4
6105.7,7
6105.8,13
6106.7,8
6107.6,12
6107.7,29
6107.9,39
6108.4,9
6108.7,28
6109.4,30
6109.6,15
6109.6,17
6109.7,32
6109.8,19
6110.3,5
6111.3,31
6112.5,11
6112.9,37
6113.1,1
6114.1,21
6114.1,27
6114.2,25
6114.4,23
6114.4,33
6115.0,36
6115.2,12
6115.4,4
6116.5,32
6116.9,14
6117.3,0
6118.0,38
6118.3,8
6118.4,31
6118.5,17
6118.6,34
6120.3,2
6120.3,18
6122.5,7
6122.8,25
6123.3,11
6123.8,6
6124.5,14
6125.5,1
6125.6,12
6125.6,16
6126.4,5
6127.0,9
6127.2,8
6127.2,3
6127.7,4
6128.3,35
6128.6,31
6128.7,27
6131.9,38
6132.0,11
6132.1,23
6132.2,15
6133.1,36
6133.3,32
6133.6,25
6133.7,37
6134.0,0
6134.9,29
6135.1,13
6135.4,14
6136.0,31
6137.5,7
6140.0,4
6140.3,28
6140.4,1
6140.4,30
6140.5,9
6140.5,17
6140.8,2
6140.9,27
6141.1,38
6141.5,12
6141.5,32
6142.6,11
6144.2,21
6144.6,23
6144.7,39
6145.3,5
6146.2,15
6147.4,25
6147.7,31
6148.2,38
6149.2,9
6149.3,14
6149.4,6
6149.7,36
6149.7,0
6150.1,7
6150.4,37
6150.5,12
6151.0,1
6151.1,11
6151.3,29
6151.4,8
6151.6,4
6152.7,27
6153.1,35
6153.5,19
6153.7,25
6154.1,17
6154.3,32
6158.2,28
6159.0,3
6159.1,2
6159.3,12
6159.4,31
6159.6,30
6159.8,23
6160.8,9
6161.0,15
6162.3,14
6162.3,36
6162.7,0
6162.7,11
6162.8,5
6163.5,25
6163.6,13
6164.6,29
6165.0,38
6165.3,32
6165.3,37
6165.6,7
6166.4,4
6166.4,23
6166.8,1
6167.9,18
6167.9,31
6168.8,6
6168.9,21
6170.0,9
6170.3,35
6170.6,27
6170.7,10
6170.9,34
6171.3,8
6171.4,0
6171.4,25
6171.9,14
6172.2,39
6172.3,32
6173.7,11
6173.7,22
6174.7,17
6174.9,12
6175.6,31
6176.2,4
6176.3,38
6176.5,36
6177.9,2
6178.0,7
6178.2,13
6178.5,19
6179.6,1
6179.6,15
6179.6,37
6180.1,28
6180.2,0
6183.0,12
6183.8,14
6184.0,5
6184.2,33
6185.0,3
6185.5,17
6185.6,8
6185.7,31
6185.9,9
6186.5,29
6187.0,32
6187.3,6
6187.3,23
6187.4,11
6187.7,25
6188.8,4
6189.1,21
6190.6,7
6190.9,37
6191.1,0
6191.4,27
6191.5,2
6191.8,36
6193.2,1
6193.8,38
6195.0,31
6195.7,12
6196.1,11
6196.2,15
6197.6,32
6198.8,30
6198.9,16
6199.9,9
6200.8,4
6201.0,6
6201.1,17
6201.5,5
6201.6,29
6202.1,14
6202.6,39
6202.8,35
6202.9,23
6202.9,38
6203.1,12
6203.4,25
6204.0,36
6204.2,0
6204.2,8
6204.4,13
6205.2,31
6205.3,28
6206.0,32
6206.3,11
6206.7,1
6206.8,3
6207.3,27
6207.5,37
6209.6,2
6209.6,9
6209.9,24
6211.7,12
6212.8,25
6213.4,14
6213.5,4
6214.5,38
6214.6,15
6214.6,31
6215.6,32
6215.9,6
6216.1,9
6216.2,21
6216.3,34
6217.5,8
6218.6,27
6218.8,17
6218.9,1
6219.0,7
6219.2,36
6220.2,11
6221.1,37
6222.6,0
6223.1,14
6223.7,12
6223.8,39
6223.9,3
6224.0,31
6224.1,4
6224.2,5
6224.8,20
6225.0,25
6225.4,23
6225.9,13
6226.0,28
6226.8,30
6227.1,1
6227.1,32
6228.2,15
6229.0,8
6229.0,16
6230.8,11
6231.1,2
6231.2,25
6231.2,38
6231.9,29
6231.9,31
6232.3,18
6232.5,14
6232.6,9
6233.1,33
6233.2,4
6233.7,36
6233.8,6
6234.7,12
6234.8,27
6235.8,37
6236.5,0
6238.2,32
6239.9,17
6240.9,7
6241.8,11
6242.1,29
6242.3,1
6242.4,35
6242.6,5
6242.6,15
6242.7,14
6242.7,21
6242.9,10
6243.0,39
6243.3,28
6243.8,31
6243.9,4
6244.4,25
6244.6,9
6245.2,30
6245.9,32
6246.4,23
6247.6,27
6247.8,12
6248.0,36
6248.1,34
6249.7,2
6250.9,11
6251.3,38
6251.4,37
6251.8,8
6253.1,17
6253.4,6
6253.5,13
6254.9,14
6254.9,4
6256.6,3
6256.7,1
6257.4,12
6257.7,0
6257.8,7
6258.1,25
6258.2,28
6258.2,32
6258.3,31
6259.2,9
6259.2,35
6259.3,20
6260.0,19
6261.5,36
6264.4,11
6265.2,23
6265.2,27
6265.4,33
6266.2,37
6267.0,15
6268.4,32
6268.6,25
6268.6,4
6269.0,17
6269.0,29
6269.2,14
6270.0,31
6270.4,1
6270.5,38
6271.5,9
6271.5,18
6271.6,5
6271.7,2
6271.7,21
6272.4,36
6273.0,35
6273.1,11
6273.6,0
6273.7,8
6274.0,39
6274.1,12
6274.5,6
6274.5,37
6275.8,13
6277.6,34
6278.1,28
6278.7,31
6279.6,9
6279.9,25
6280.6,4
6282.0,7
6282.8,14
6283.4,32
6283.5,27
6284.0,1
6285.0,0
6285.1,12
6285.3,15
6285.8,2
6286.5,37
6286.7,31
6287.1,29
6287.5,19
6287.9,23
6288.3,36
6289.2,25
6289.3,38
6289.9,30
6290.0,5
6290.2,34
6290.5,11
6291.2,32
6291.5,9
6292.0,10
6293.6,6
6294.2,7
6295.1,12
6295.1,23
6295.2,4
6295.2,21
6296.3,31
6296.7,13
6296.8,37
6297.1,8
6297.1,14
6299.8,36
6300.1,17
6300.6,25
6300.6,38
6301.0,1
6301.0,27
6301.2,0
6301.9,15
6302.5,31
6303.8,2
6304.8,12
6305.5,18
6305.5,39
6306.0,11
6306.4,32
6306.9,3
6307.3,4
6309.5,14
6310.2,8
6310.2,28
6310.3,7
6310.3,35
6310.4,9
6310.4,31
6310.7,21
6310.9,0
6310.9,34
6311.7,1
6311.7,5
6311.9,32
6314.3,36
6314.7,11
6314.7,13
6315.2,25
6315.3,23
6315.5,37
6315.7,6
6316.5,38
6316.6,17
6317.3,27
6317.7,30
6318.1,14
6319.2,0
6319.4,12
6319.5,2
6320.6,32
6320.8,1
6320.8,9
6321.4,4
6321.7,31
6321.8,29
6322.1,7
6324.1,37
6325.9,15
6326.0,13
6326.3,11
6326.6,16
6326.8,25
6327.3,12
6327.4,5
6328.3,27
6328.4,8
6328.6,9
6328.7,6
6329.0,31
6329.6,14
6329.6,32
6329.6,38
6330.2,0
6330.8,36
6332.4,39
6332.9,23
6333.1,21
6335.1,17
6335.3,12
6335.5,33
6335.6,2
6335.7,1
6335.7,7
6336.0,25
6336.6,4
6337.8,3
6338.3,29
6338.6,9
6339.9,11
6339.9,37
6340.1,28
6340.9,36
6341.2,31
6341.3,15
6341.3,38
6342.6,32
6344.3,12
6344.3,35
6344.7,10
6345.0,18
6345.1,14
6345.3,27
6346.0,0
6346.1,9
6346.6,4
6347.9,25
6348.3,1
6348.3,8
6348.5,2
6349.6,6
6350.3,19
6350.3,39
6351.2,37
6351.3,32
6352.1,21
6352.2,31
6353.6,17
6354.8,5
6355.3,34
6355.5,7
6355.5,28
6355.7,14
6355.8,9
6356.0,30
6356.5,11
6356.6,12
6357.1,29
6357.4,4
6357.5,33
6358.6,13
6359.9,20
6360.1,25
6360.3,38
6360.5,36
6361.1,39
6361.5,23
6361.8,0
6362.4,8
6362.4,31
6363.0,15
6363.2,32
6363.5,14
6364.4,10
6364.5,6
6364.5,27
6366.2,4
6366.5,11
6366.7,12
6366.8,37
6367.6,1
6369.5,25
6369.8,31
6370.2,9
6370.7,2
6371.3,29
6372.2,5
6372.3,32
6372.9,21
6372.9,28
6373.1,30
6373.3,17
6373.5,18
6374.0,12
6374.0,38
6374.5,3
6374.5,14
6374.6,37
6375.4,0
6375.7,36
6376.1,13
6376.5,11
6376.6,4
6376.6,25
6377.0,35
6377.4,6
6377.7,31
6380.1,9
6381.0,34
6381.2,15
6381.6,33
6381.9,1
6382.4,27
6382.7,7
6383.0,8
6383.0,39
6383.5,23
6383.9,32
6384.0,2
6385.9,37
6386.0,14
6386.5,0
6387.4,11
6387.5,36
6387.9,25
6388.2,38
6388.6,6
6389.2,4
6389.2,31
6389.4,3
6389.6,9
6389.9,19
6390.0,17
6391.3,12
6391.8,28
6393.2,22
6394.2,32
6394.4,23
6395.4,1
6395.5,27
6396.6,31
6397.0,30
6398.1,13
6398.2,2
6398.2,21
6399.0,4
6399.1,0
6399.1,8
6399.1,35
6399.2,5
6399.6,37
6399.7,16
6399.7,11
6399.7,15
6400.1,17
6400.4,12
6400.6,10
6400.8,29
6401.0,14
6401.6,34
6401.9,6
6401.9,38
6402.8,28
6402.8,36
6402.9,32
6403.9,7
6404.6,25
6405.8,31
6407.1,9
6407.8,27
6409.6,11
6409.8,39
6409.9,2
6410.5,1
6410.5,4
6410.5,12
6411.1,37
6411.3,20
6411.3,32
6411.8,29
6411.9,23
6412.2,35
6412.3,0
6412.3,14
6412.9,25
6414.1,18
6415.2,31
6415.9,17
6416.6,33
6416.8,27
6417.4,13
6418.6,10
6419.0,8
6419.3,5
6419.6,15
6421.1,11
6421.5,36
6422.0,38
6422.6,6
6422.8,21
6422.9,4
6423.1,3
6423.1,25
6423.8,12
6423.9,32
6424.5,9
6424.7,28
6425.7,31
6425.8,2
6426.6,14
6428.7,1
6429.0,7
6429.3,37
6429.6,23
6429.8,0
6429.8,34
6430.0,29
6430.4,25
6430.8,31
6430.8,11
6431.0,27
6431.0,39
6432.5,32
6432.8,4
6432.8,17
6434.2,12
6434.3,38
6434.3,18
6435.0,30
6436.2,9
6436.2,36
6437.3,15
6437.6,13
6437.7,25
6437.8,10
6437.8,14
6439.1,16
6439.3,31
6439.5,5
6440.7,8
6441.0,6
6441.5,2
6442.4,29
6442.7,21
6443.2,1
6444.0,35
6445.3,11
6445.3,32
6445.6,9
6445.9,37
6446.4,7
6446.6,12
6446.8,0
6448.2,4
6448.2,28
6449.5,36
6449.8,31
6450.1,25
6450.7,27
6451.3,33
6452.4,38
6452.4,39
6452.7,14
6452.9,8
6453.0,17
6453.2,1
6453.2,34
6454.0,23
6454.8,13
6454.8,15
6456.4,9
6456.4,32
6456.5,21
6457.0,11
6457.0,12
6457.2,5
6458.6,2
6458.9,25
6459.2,29
6459.6,4
6459.6,18
6459.7,30
6460.8,31
6462.9,3
6463.2,0
6463.4,1
6463.7,14
6463.7,37
6463.8,36
6464.3,7
6465.0,6
6465.2,8
6465.5,32
6466.8,31
6467.1,11
6467.1,15
6467.4,19
6467.4,27
6467.7,38
6468.1,12
6469.0,25
6469.2,4
6471.1,23
6471.4,9
6471.5,5
6472.3,2
6473.8,39
6474.7,28
6474.8,31
6475.3,17
6475.8,21
6476.0,11
6476.1,0
6476.1,32
6476.3,1
6476.6,34
6477.0,14
6477.5,16
6477.8,15
6478.6,36
6478.9,8
6480.0,25
6480.5,29
6481.3,6
6481.5,37
6481.8,12
6481.9,35
6482.1,4
6483.0,27
6483.1,3
6483.5,5
6483.8,7
6484.1,38
6484.6,32
6484.7,31
6486.5,2
6486.7,11
6487.0,1
6487.2,9
6487.2,14
6487.5,0
6488.0,23
6489.1,4
6490.3,30
6490.6,19
6491.0,22
6491.4,39
6492.0,15
6492.1,17
6492.9,18
6493.5,13
6493.6,31
6493.6,36
6493.8,28
6493.8,7
6493.8,25
6494.6,27
6494.9,32
6495.4,37
6496.8,14
6497.4,38
6497.6,9
6498.3,8
6498.5,11
6498.9,12
6500.1,0
6500.5,2
6502.7,29
6503.3,4
6504.7,31
6504.9,1
6505.5,32
6505.7,6
6505.8,3
6505.8,5
6506.0,21
6506.2,14
6506.2,16
6506.4,25
6507.4,37
6507.4,39
6507.5,10
6507.5,23
6508.5,7
6509.1,36
6509.4,12
6509.7,11
6510.2,15
6510.2,4
6510.2,9
6511.6,13
6511.9,29
6512.0,34
6513.2,28
6513.4,0
6514.0,31
6514.6,38
6514.7,8
6516.2,25
6516.5,33
6516.8,12
6516.8,30
6517.1,17
6517.1,27
6517.1,2
6517.7,14
6518.8,32
6520.6,31
6522.6,11
6523.3,7
6523.4,6
6523.5,1
6523.6,37
6523.9,5
6523.9,19
6523.9,21
6524.2,15
6524.2,20
6524.6,25
6525.7,9
6525.9,35
6526.3,4
6526.4,18
6526.8,36
6527.5,31
6527.7,12
6528.4,23
6530.1,29
6530.6,8
6530.7,38
6531.9,16
6531.9,2
6532.1,32
6532.6,14
6533.1,0
6533.1,1
6533.4,17
6533.9,28
6534.2,11
6534.4,13
6534.8,27
6537.1,39
6537.5,25
6539.8,12
6540.2,31
6540.9,32
6541.1,37
6541.2,34
6541.5,19
6541.6,9
6541.6,36
6541.7,15
6542.3,4
6542.4,7
6542.8,38
6543.2,33
6543.6,27
6544.8,1
6547.0,11
6547.0,25
6547.1,18
6547.2,14
6547.5,31
6547.7,29
6547.9,6
6548.6,4
6549.5,32
6549.8,17
6550.9,5
6551.2,38
6551.6,0
6551.6,12
6551.8,21
6552.4,8
6554.1,2
6554.6,37
6555.9,23
6556.3,9
6556.7,28
6556.8,14
6557.7,30
6558.1,31
6558.1,35
6558.2,1
6558.2,36
6558.3,32
6558.4,13
6558.8,4
6559.0,25
6559.2,33
6559.3,7
6559.3,29
6559.5,39
6559.9,12
6560.3,27
6560.7,15
6561.1,11
6563.2,3
6563.9,8
6564.6,32
6565.0,2
6565.0,38
6566.1,31
6566.6,17
6566.8,4
6567.5,21
6568.3,14
6568.7,9
6568.8,0
6568.8,37
6570.0,6
6570.5,25
6571.4,27
6571.5,5
6571.5,12
6572.1,36
6572.9,11
6574.4,32
6576.1,28
6576.8,31
6576.9,15
6577.1,4
6577.3,7
6577.9,29
6578.4,2
6578.8,25
6578.9,1
6579.6,14
6579.8,5
6579.8,11
6580.1,8
6581.9,9
6581.9,32
6582.9,17
6583.4,23
6583.4,38
6583.7,0
6584.5,30
6584.7,12
6584.8,31
6585.0,6
6585.0,18
6585.5,35
6586.0,13
6586.1,21
6587.5,4
6587.6,2
6588.1,25
6589.1,37
6589.5,36
6590.0,27
6590.1,14
6590.1,39
6590.8,11
6592.1,10
6592.1,33
6592.6,28
6592.8,0
6592.9,5
6593.0,32
6593.5,31
6593.7,9
6593.9,1
6594.8,3
6596.6,12
6597.9,2
6598.1,38
6598.2,25
6599.1,37
6599.4,15
6599.5,14
6599.7,8
6599.7,19
6599.9,23
6600.3,11
6600.7,13
6602.1,7
6602.1,31
6602.2,17
6602.4,36
6602.5,4
6603.1,18
6604.0,6
6604.2,0
6604.8,27
6605.0,32
6605.1,9
6607.5,12
6608.1,29
6608.3,25
6608.3,38
6609.0,1
6609.2,39
6609.3,11
6610.5,14
6610.6,8
6612.3,31
6613.3,2
6614.4,16
6614.9,36
6616.2,7
6616.2,23
6616.6,30
6616.6,32
6616.9,37
6617.4,5
6617.4,21
6617.7,4
6617.8,9
6618.1,12
6618.7,28
6619.3,0
6619.3,17
6619.4,14
6620.0,15
6620.0,27
6620.0,38
6620.4,11
6621.1,25
6622.3,31
6622.6,13
6623.6,6
6623.8,34
6624.9,1
6626.6,4
6627.5,12
6627.9,3
6628.2,8
6628.7,36
6629.8,27
6630.0,32
6630.3,0
6630.3,11
6630.3,25
6630.8,33
6631.6,39
6632.5,1
6632.8,31
6632.9,17
6633.0,2
6633.1,9
6633.6,35
6634.5,23
6634.6,29
6635.5,4
6635.5,14
6635.6,12
6636.2,38
6637.6,32
6637.9,37
6638.5,5
6638.8,6
6639.5,15
6640.0,25
6640.4,31
6640.6,18
6640.8,28
6641.2,34
6641.3,8
6641.4,11
6642.0,13
6642.1,0
6642.2,19
6642.3,27
6643.2,4
6646.1,36
6647.1,9
6647.2,21
6647.6,32
6648.1,12
6648.3,38
6649.4,30
6650.0,11
6650.2,23
6650.6,37
6651.0,14
6651.7,1
6652.3,2
6652.7,0
6653.0,8
6655.0,31
6655.1,25
6655.2,13
6655.7,4
6656.0,7
6656.2,29
6656.5,9
6656.7,11
6656.9,35
6657.4,5
6658.6,17
6658.8,28
6659.0,27
6659.6,14
6660.6,32
6661.2,12
6665.1,31
6665.1,38
6665.2,23
6665.6,36
6665.7,37
6666.4,15
6666.5,4
6666.5,6
6666.7,8
6667.1,2
6667.2,0
6667.5,11
6667.5,25
6667.9,9
6667.9,34
6668.1,1
6668.7,16
6670.8,32
6671.1,39
6671.3,21
6673.0,31
6673.0,33
6673.5,3
6673.6,29
6674.1,27
6674.3,14
6674.4,25
6675.1,5
6675.6,17
6675.7,28
6676.1,37
6676.5,18
6676.7,13
6677.3,12
6678.0,4
6678.1,11
6679.8,2
6679.8,32
6680.5,7
6681.0,0
6681.0,1
6681.0,9
6681.0,30
6681.5,34
6681.5,36
6681.6,24
6682.1,38
6682.4,31
6682.4,39
6686.5,12
6686.5,25
6687.3,4
6688.3,14
6689.4,23
6689.7,6
6689.7,29
6689.8,15
6690.3,9
6690.4,8
6691.0,1
6691.3,11
6691.3,37
6691.4,31
6691.8,17
6692.2,36
6692.4,5
6693.9,32
6694.7,25
6694.8,3
6695.0,0
6695.0,27
6695.3,35
6695.6,12
6695.6,38
6695.9,19
6696.7,14
6699.7,31
6700.8,11
6701.2,9
6701.2,20
6702.3,1
6702.3,2
6703.1,4
6703.2,34
6703.5,21
6703.8,36
6704.2,30
6704.9,0
6705.4,10
6705.7,37
6706.4,38
6706.7,29
6707.2,32
6707.5,6
6707.6,31
6707.7,13
6708.3,25
6708.6,14
6708.7,12
6708.7,27
6709.9,11
6710.3,28
6711.3,7
6712.7,8
6712.7,23
6712.9,5
6713.2,9
6713.6,15
6713.6,17
6714.3,32
6714.4,4
6714.4,18
6714.4,25
6714.6,2
6716.6,31
6718.5,11
6718.6,38
6718.8,36
6718.8,39
6719.2,1
6719.2,12
6719.2,33
6719.6,0
6720.5,3
6721.0,37
6722.9,29
6724.4,30
6725.0,28
6725.2,2
6725.2,21
6725.9,35
6726.2,14
6726.6,23
6726.9,36
6727.0,5
6727.2,31
6727.3,19
6727.4,8
6727.7,4
6727.7,32
6728.1,9
6728.1,17
6728.2,13
6728.5,6
6728.5,27
6728.6,24
6729.3,11
6730.3,25
6731.3,7
6732.6,12
6732.7,1
6733.6,15
6734.5,38
6734.9,31
6736.8,11
6737.0,0
6737.3,9
6737.8,34
6739.2,27
6739.2,32
6739.6,30
6739.8,37
6740.8,4
6741.3,38
6741.5,23
6741.9,31
6742.9,2
6743.0,25
6744.0,17
6744.0,29
6744.2,11
6744.9,14
6745.0,12
6746.2,39
6746.3,36
6747.5,6
6747.8,18
6747.9,1
6748.6,32
6749.0,28
6749.7,8
6750.0,4
6750.0,5
6750.0,25
6750.9,13
6751.0,33
6751.6,9
6752.1,37
6752.3,3
6752.9,7
6753.1,19
6753.5,15
6753.8,14
6754.0,0
6754.4,31
6754.7,29
6754.8,35
6756.4,11
6756.9,27
6757.1,12
6757.1,34
6757.5,32
6757.7,38
6758.0,16
6758.2,30
6758.3,2
6758.7,10
6759.1,1
6759.5,17
6760.2,21
6760.3,4
6760.4,23
6760.9,31
6761.1,36
6762.4,8
6763.0,25
6763.2,37
6764.8,28
6765.3,11
6765.5,14
6766.1,12
6766.2,9
6766.4,0
6768.2,6
6768.4,15
6768.9,32
6770.4,25
6770.9,31
6771.6,27
6772.1,7
6772.4,5
6773.6,38
6773.8,21
6773.8,37
6773.8,39
6774.1,4
6774.1,36
6774.6,13
6774.6,18
6775.1,0
6775.8,29
6776.0,2
6776.0,23
6776.1,1
6777.1,9
6777.4,12
6778.1,17
6778.6,32
6779.3,11
6781.7,14
6781.7,28
6781.9,8
6782.8,6
6783.1,31
6783.6,30
6784.1,25
6784.2,5
6784.6,4
6784.7,10
6785.0,27
6785.9,7
6786.7,32
6787.7,18
6787.9,1
6787.9,36
6788.0,11
6788.5,35
6788.8,15
6789.2,21
6790.0,0
6790.5,37
6791.0,33
6791.0,38
6791.2,9
6791.3,14
6791.8,12
6792.3,29
6792.6,23
6792.9,13
6794.5,17
6795.3,32
6795.3,2
6795.9,34
6796.2,25
6796.6,31
6797.4,1
6797.6,27
6798.6,4
6798.6,30
6798.7,8
6799.0,39
6799.9,12
6800.2,9
6800.2,20
6801.4,36
6802.3,11
6803.0,0
6803.9,3
6804.0,32
6804.4,14
6807.2,31
6807.3,7
6807.4,25
6807.6,15
6807.9,17
6807.9,29
6808.9,37
6809.5,12
6809.7,23
6810.1,2
6810.2,4
6810.4,38
6812.1,5
6812.4,9
6812.7,28
6812.8,1
6813.3,6
6813.5,11
6814.0,27
6814.5,8
6814.6,36
6817.4,18
6817.6,35
6818.2,31
6818.2,32
6818.3,14
6818.3,19
6818.5,38
6819.2,30
6819.6,0
6820.3,25
6820.8,11
6820.8,13
6820.8,17
6820.9,29
6821.4,21
6823.2,4
6825.5,5
6825.7,12
6826.1,15
6827.4,9
6827.4,37
6827.5,16
6827.6,32
6827.8,23
6827.9,6
6828.1,31
6828.7,25
6829.4,1
6829.8,36
6830.0,27
6830.9,4
6831.1,7
6831.3,11
6832.0,38
6833.0,39
6833.7,29
6834.9,14
6835.4,2
6835.9,32
6836.0,31
6836.6,0
6836.9,9
6837.1,37
6837.2,12
6837.3,13
6838.6,8
6838.7,21
6839.0,28
6839.6,3
6840.0,25
6840.1,10
6840.4,23
6840.8,6
6841.4,15
6841.6,5
6842.6,17
6843.5,1
6843.8,4
6844.2,31
6844.4,11
6845.0,38
6845.5,37
6845.6,9
6845.9,36
6846.0,27
6846.7,14
6846.9,0
6847.3,32
6848.3,30
6848.6,25
6849.8,34
6850.9,12
6852.8,11
6853.6,2
6854.0,36
6854.1,8
6854.1,13
6854.5,7
6854.7,31
6854.9,6
6854.9,15
6855.1,18
6855.5,37
6855.7,4
6855.7,14
6855.7,17
6856.4,32
6857.4,28
6857.6,9
6858.8,1
6858.8,21
6859.0,35
6859.0,38
6859.1,23
6859.3,3
6860.2,39
6860.6,29
6861.5,4
6861.5,12
6861.5,25
6861.9,0
6862.0,27
6862.8,31
6864.1,5
6865.8,11
6867.1,36
6868.0,32
6868.5,13
6868.6,37
6869.0,16
6869.0,17
6869.1,9
6870.2,1
6870.3,38
6870.4,4
6871.2,6
6871.8,25
6872.1,14
6872.4,29
6872.7,15
6872.9,0
6873.9,31
6874.0,7
6874.1,8
6875.1,12
6876.2,32
6876.6,28
6878.3,2
6878.6,4
6878.6,5
6878.7,9
6878.9,27
6879.2,37
6879.5,36
6879.9,11
6879.9,33
6881.8,39
6883.6,12
6883.9,25
6885.0,0
6885.8,29
6885.9,38
6886.0,13
6886.0,14
6886.0,23
6886.4,35
6887.2,21
6887.5,31
6887.6,37
6887.7,17
6887.8,32
6889.3,30
6890.5,8
6890.6,27
6890.7,16
6890.9,12
6891.2,9
6891.5,3
6891.8,2
6892.1,11
6892.2,14
6892.5,6
6892.7,1
6894.1,31
6894.3,28
6894.6,4
6895.0,25
6895.5,36
6896.8,38
6897.7,32
6898.6,10
6899.1,0
6899.9,15
6900.0,17
6900.1,27
6901.6,23
6902.1,7
6903.2,14
6903.6,37
6904.2,11
6904.6,4
6904.7,21
6904.8,34
6906.6,31
6907.1,5
6907.1,8
6907.2,29
6907.3,9
6907.6,13
6908.1,38
6908.4,39
6908.5,36
6908.6,1
6908.6,18
6908.7,25
6908.9,20
6909.2,6
6909.3,19
6909.9,16
6910.1,12
6910.5,30
6911.1,2
6911.1,22
6911.9,31
6912.4,32
6913.6,27
6914.0,4
6915.2,11
6915.8,15
6916.0,0
6916.5,14
6916.8,28
6917.2,7
6919.1,37
6919.3,25
6919.5,12
6920.4,17
6920.4,31
6920.6,13
6921.3,35
6921.4,21
6922.9,32
6923.5,29
6923.5,38
6923.9,33
6923.9,36
6924.0,1
6924.0,4
6924.3,23
6924.9,8
6924.9,9
6925.1,2
6925.4,14
6927.0,34
6927.1,31
6927.7,11
6927.8,6
6929.3,27
6929.6,28
6930.0,3
6930.7,12
6930.9,32
6931.3,1
6931.6,30
6932.2,37
6932.3,25
6932.5,15
6935.9,4
6935.9,7
6937.4,13
6937.4,23
6937.5,29
6938.0,11
6938.0,38
6938.1,5
6938.1,32
6938.3,8
6938.3,39
6938.4,12
6938.4,18
6938.8,36
6938.9,14
6939.0,10
6939.2,0
6939.7,31
6940.6,25
6941.6,9
6942.2,17
6944.4,2
6945.2,1
6946.4,3
6946.4,34
6946.5,14
6946.6,4
6946.6,6
6946.7,27
6948.2,28
6949.2,32
6949.5,37
6950.0,31
6950.2,11
6950.7,0
6951.1,15
6951.4,25
6952.3,9
6954.5,4
6954.6,12
6954.8,2
6955.0,17
6955.0,36
6955.1,5
6955.2,30
6956.1,6
6956.3,8
6956.3,31
6957.5,14
6957.6,38
6957.7,1
6958.6,29
6959.0,25
6959.1,32
6959.3,27
6960.0,11
6960.5,7
6960.8,37
6961.4,16
6963.4,0
6963.4,13
6963.7,21
6964.4,4
6965.2,15
6965.2,31
6965.4,9
6965.9,23
6966.4,12
6966.9,28
6967.2,35
6968.0,32
6968.9,14
6968.9,25
6970.2,11
6970.9,38
6971.2,5
6972.7,37
6973.1,36
6973.5,1
6973.6,17
6973.9,31
6974.0,27
6974.4,7
6974.5,39
6974.6,2
6974.7,4
6974.8,8
6975.2,9
6975.3,12
6976.1,13
6978.0,6
6978.2,32
6978.9,0
6979.0,14
6979.2,29
6980.0,25
6980.1,18
6980.1,34
6980.8,3
6981.0,11
6981.0,31
6981.0,38
6982.7,15
6983.0,1
6983.0,4
6983.3,37
6983.7,30
6984.6,36
6986.3,2
6986.7,27
6988.1,12
6988.5,31
6989.2,25
6989.3,32
6989.4,17
6989.7,21
6990.4,11
6990.5,7
6990.5,9
6990.8,5
6991.1,23
6991.7,8
6991.7,39
6991.8,14
6992.1,29
6992.7,0
6993.0,38
6994.8,6
6995.2,4
6996.5,1
6997.6,12
6998.4,36
6998.5,15
6998.6,32
6999.1,13
7000.9,33
7001.1,31
7001.1,37
7001.7,28
7002.0,25
7002.3,19
7002.7,9
7003.0,11
7003.1,27
7003.2,10
7003.3,3
7004.3,2
7005.4,12
7006.0,38
7006.4,14
7006.8,4
7007.7,34
7008.2,17
7008.5,32
7008.7,35
7009.1,31
7009.5,8
7009.5,30
7009.8,29
7011.2,15
7011.7,23
7012.1,0
7012.1,18
7013.2,25
7013.6,21
7014.4,28
7014.7,9
7016.3,36
7016.5,39
7016.8,6
7016.8,16
7016.9,1
7017.0,14
7017.2,8
7017.2,31
7017.3,37
7017.5,11
7018.2,27
7018.4,5
7018.4,12
7018.7,32
7019.4,2
7019.5,4
7022.1,3
7022.1,29
7023.6,38
7024.5,32
7024.9,13
7025.1,11
7025.2,12
7025.3,17
7025.4,25
7025.5,7
7025.5,35
7027.4,9
7027.6,0
7028.5,15
7030.2,31
7030.9,14
7031.0,19
7031.0,23
7031.2,1
7031.9,36
7032.5,21
7032.6,4
7032.6,27
7032.8,20
7033.3,5
7033.3,6
7033.3,38
7033.4,11
7033.7,37
7033.9,25
7033.9,32
7034.1,33
7034.2,8
7036.7,12
7038.6,28
7039.3,34
7040.1,31
7040.7,3
7040.7,30
7040.8,7
7041.0,2
7041.7,35
7042.0,14
7042.1,17
7042.6,29
7042.8,8
7042.8,15
7042.9,1
7043.1,13
7043.1,27
7043.4,9
7043.4,11
7043.5,32
7044.1,4
7044.2,25
7044.3,0
7044.7,39
7047.6,16
7048.3,12
7049.8,37
7049.9,1
7050.0,38
7050.2,31
7051.0,5
7051.3,2
7051.7,32
7051.7,36
7052.0,11
7052.0,18
7052.3,14
7052.9,25
7055.1,9
7055.4,4
7055.5,23
7056.2,8
7057.2,31
7057.4,0
7058.2,21
7060.1,28
7060.3,27
7061.8,12
7062.2,37
7062.4,32
7062.8,6
7062.9,11
7062.9,38
7063.1,1
7063.1,36
7064.4,7
7064.4,14
7064.5,2
7064.6,25
7065.7,31
7065.9,5
7065.9,15
7067.0,9
7067.7,30
7067.9,29
7068.1,17
7069.3,34
7070.0,4
7070.0,12
7070.6,0
7071.1,32
7071.2,10
7071.8,37
7072.8,36
7072.9,35
7073.0,27
7074.4,8
7075.0,19
7075.5,13
7076.8,25
7077.2,29
7077.6,11
7078.5,31
7078.7,4
7078.7,23
7079.0,12
7079.2,14
7079.2,38
7079.5,5
7079.5,39
7079.8,0
7079.9,1
7079.9,37
7080.0,32
7080.1,28
7080.7,15
7081.3,9
7082.1,21
7082.6,17
7084.1,6
7086.6,2
7086.7,27
7087.1,14
7087.3,12
7087.6,7
7088.0,11
7088.2,31
7088.6,33
7088.9,8
7089.2,18
7089.2,32
7090.3,4
7090.7,1
7090.7,36
7090.9,25
7091.9,0
7094.2,13
7094.3,38
7095.2,31
7096.3,9
7096.4,15
7096.4,23
7096.6,37
7097.0,12
7097.6,27
7097.8,28
7097.9,29
7098.1,11
7098.2,0
7098.2,3
7098.4,5
7098.4,21
7098.7,32
7099.2,30
7099.5,1
7099.7,25
7100.5,35
7100.8,4
7101.1,16
7102.5,8
7102.5,14
7102.8,17
7102.9,31
7104.9,34
7106.1,2
7106.3,9
7106.8,12
7106.9,38
7107.6,36
7107.9,6
7107.9,11
7108.6,37
7108.9,32
7109.3,1
7111.0,25
7112.5,13
7112.7,7
7112.8,29
7115.0,23
7115.0,35
7115.1,4
7115.1,27
7115.6,0
7115.6,31
7115.9,8
7116.0,32
7116.5,3
7116.5,11
7116.7,17
7117.0,12
7117.5,14
7119.3,25
7119.7,18
7119.9,5
7120.0,38
7120.4,28
7120.9,15
7120.9,36
7121.4,30
7121.8,9
7123.7,37
7124.7,2
7124.9,21
7125.5,32
7125.6,27
7125.9,39
7126.0,0
7126.3,1
7126.3,31
7126.4,4
7126.5,14
7126.6,6
7127.1,12
7130.7,8
7130.9,11
7131.2,29
7131.8,25
7132.1,38
7133.0,5
7135.2,31
7136.2,36
7136.3,9
7138.0,14
7138.1,7
7138.2,1
7138.3,4
7138.3,15
7138.4,12
7138.5,37
7138.6,23
7138.7,13
7138.7,17
7138.8,28
7138.8,32
7139.2,6
7139.5,25
7139.6,18
7139.7,27
7140.5,11
7142.5,0
7144.0,2
7145.8,3
7146.1,34
7146.2,39
7146.7,4
7147.0,8
7147.4,36
7148.0,13
7148.0,21
7149.3,31
7150.4,1
7150.6,38
7151.4,12
7151.7,5
7151.8,9
7152.1,11
7152.3,29
7152.5,37
7152.8,15
7153.3,25
7153.9,32
7154.2,14
7154.2,27
7155.4,23
7156.3,4
7156.3,28
7156.7,6
7156.9,31
7159.1,13
7159.8,8
7160.5,0
7160.6,12
7160.8,25
7161.2,30
7161.6,17
7162.1,37
7162.2,2
7163.0,11
7163.5,32
7163.7,36
7163.8,14
7163.9,31
7164.2,5
7164.7,35
7165.0,15
7165.3,21
7165.7,18
7167.1,7
7167.4,38
7167.8,1
7168.4,28
7169.8,0
7171.6,4
7171.7,12
7171.8,9
7171.8,31
7172.4,16
7172.6,8
7172.6,36
7173.0,37
7173.2,25
7173.4,27
7174.0,29
7174.0,32
7174.1,17
7174.3,14
7174.6,11
7174.6,23
7175.1,34
7177.5,6
7180.6,1
7180.8,39
7181.1,2
7181.1,12
7181.5,36
7181.7,15
7182.2,25
7182.9,9
7182.9,27
7182.9,31
7183.0,3
7183.0,13
7183.2,17
7183.5,11
7185.0,4
7185.4,38
7186.3,32
7187.1,28
7187.8,19
7187.8,37
7188.2,23
7188.4,5
7188.6,8
7189.1,0
7189.5,12
7189.8,11
7190.1,14
7191.3,6
7191.3,29
7191.9,7
7192.0,18
7192.3,35
7192.5,25
7192.5,31
7193.0,4
7194.3,1
7194.8,36
7195.0,30
7195.7,34
7196.0,21
7196.2,11
7196.9,9
7196.9,32
7197.5,25
7198.9,27
7199.5,2
7200.8,12
7201.3,0
7201.3,38
7202.1,37
7202.7,28
7203.1,31
7203.7,23
7204.0,14
7205.5,13
7205.7,8
7206.5,9
7207.4,4
7207.8,29
7208.2,25
7208.4,1
7208.9,36
7209.0,11
7209.1,6
7209.3,39
7209.7,20
7209.7,27
7210.1,32
7210.9,37
7211.5,15
7212.1,0
7212.1,31
7213.2,12
7214.3,14
7215.0,7
7215.1,19
7215.8,13
7216.2,38
7217.1,9
7217.6,5
7217.9,3
7217.9,17
7218.3,23
7218.4,4
7218.4,25
7218.5,2
7218.5,30
7220.4,31
7221.0,27
7221.2,1
7221.2,8
7221.5,36
7221.9,28
7222.6,12
7223.6,11
7223.6,29
7224.0,18
7224.3,0
7224.7,2
7224.8,32
7227.2,25
7228.5,7
7229.0,14
7229.9,37
7230.0,21
7230.0,38
7230.6,15
7230.8,35
7231.2,4
7231.6,6
7231.6,9
7231.6,34
7232.3,31
7233.5,32
7233.9,11
7234.1,23
7234.3,13
7234.8,27
7235.6,12
7235.7,1
7236.2,5
7236.3,17
7236.4,8
7236.8,16
7237.0,25
7237.4,28
7237.5,2
7238.8,36
7239.8,0
7240.0,31
7241.1,37
7242.6,9
7243.2,21
7244.9,14
7245.1,32
7245.1,39
7245.5,6
7245.6,29
7245.7,11
7246.2,7
7246.3,33
7246.5,12
7246.8,10
7246.8,23
7247.3,4
7247.5,25
7247.6,0
7248.1,31
7248.2,36
7248.4,1
7248.6,27
7250.9,2
7251.3,15
7251.3,38
7251.6,8
7251.7,17
7253.2,13
7254.5,5
7254.5,9
7254.8,11
7254.8,37
7255.4,28
7256.3,31
7256.9,12
7257.1,25
7258.4,19
7259.0,4
7259.2,14
7259.2,32
7260.4,0
7260.5,18
7261.0,29
7262.1,1
7263.5,12
7263.5,38
7263.6,6
7264.0,36
7264.3,3
7264.8,17
7264.8,30
7265.0,2
7265.0,23
7265.4,9
7265.4,15
7265.6,25
7266.4,32
7266.7,14
7266.9,31
7268.2,11
7268.4,7
7268.8,27
7269.0,4
7269.3,13
7269.7,37
7271.2,34
7271.6,5
7273.4,12
7273.8,0
7273.9,38
7274.2,18
7274.3,28
7274.4,8
7275.7,39
7275.9,29
7276.3,27
7276.9,14
7277.0,31
7277.4,36
7277.7,1
7278.3,9
7279.4,25
7279.5,4
7280.0,32
7281.2,2
7281.4,35
7281.9,23
7282.7,11
7282.8,12
7283.0,6
7284.6,1
7284.6,17
7285.3,15
7285.7,37
7286.0,14
7286.5,13
7286.6,31
7286.8,8
7287.0,25
7287.0,32
7288.1,10
7289.0,30
7289.1,9
7289.4,33
7289.9,12
7290.4,36
7290.7,0
7290.8,3
7290.9,29
7291.8,7
7293.2,21
7294.0,5
7294.1,4
7294.2,11
7295.0,27
7295.4,14
7295.6,28
7295.6,38
7295.9,1
7296.2,31
7296.4,12
7297.1,32
7297.7,37
7299.0,25
7299.3,2
7300.3,0
7301.1,8
7301.3,9
7302.5,39
7302.6,13
7303.6,15
7304.5,18
7305.2,4
7305.9,6
7305.9,31
7306.1,11
7306.5,17
7306.7,36
7307.1,14
7309.5,12
7309.6,37
7309.7,32
7310.0,23
7310.1,25
7310.2,27
7311.1,28
7311.2,38
7313.3,35
7313.5,31
7314.2,1
7314.5,34
7314.6,0
7315.1,2
7315.2,5
7315.6,16
7315.8,29
7316.3,15
7316.3,19
7316.5,4
7317.0,11
7317.2,9
7317.2,30
7317.3,36
7317.5,21
7318.2,14
7318.7,32
7318.8,8
7319.4,25
7319.7,12
7319.7,17
7322.0,13
7322.6,27
7322.7,39
7323.3,37
7324.7,23
7324.9,31
7325.5,3
7325.6,2
7325.8,32
7326.0,15
7326.3,1
7326.3,7
7326.5,38
7327.8,4
7328.0,25
7329.0,12
7329.2,11
7330.6,9
7330.6,36
7331.3,18
7331.7,28
7331.8,14
7331.8,17
7332.6,31
7332.8,8
7333.7,21
7334.5,0
7335.0,32
7335.3,37
7336.3,4
7337.9,12
7338.8,13
7339.4,25
7339.5,23
7340.0,27
7340.7,9
7340.8,11
7341.9,38
7343.1,1
7343.3,36
7343.6,39
7343.8,6
7343.8,31
7343.9,2
7344.0,14
7345.0,35
7345.4,29
7345.8,32
7346.3,4
7346.4,0
7347.3,5
7347.3,11
7347.4,17
7348.2,19
7348.8,12
7349.1,37
7350.2,28
7350.6,18
7351.0,25
7351.1,7
7351.8,33
7353.4,15
7353.4,24
7353.8,31
7353.9,9
7353.9,14
7354.1,16
7354.3,10
7354.4,27
7356.9,0
7357.1,36
7357.5,23
7358.9,8
7359.2,32
7359.3,4
7359.6,38
7360.0,12
7360.2,2
7361.0,37
7361.7,1
7361.9,9
7362.6,13
7362.9,25
7363.3,11
7364.0,31
7364.7,7
7364.7,21
7364.8,5
7365.0,3
7365.7,14
7365.7,30
7365.7,32
7366.7,17
7366.7,34
7366.8,6
7367.0,35
7367.0,39
7367.1,4
7367.1,12
7368.2,38
7368.6,1
7369.7,27
7370.8,31
7372.1,25
7372.2,36
7373.1,28
7373.2,8
7373.6,0
7374.5,11
7374.6,29
7375.3,17
7375.8,9
7375.9,32
7376.0,12
7376.1,2
7376.3,15
7377.2,22
7377.4,1
7378.4,37
7378.6,4
7379.0,10
7379.4,31
7379.9,23
7381.4,19
7381.4,38
7381.5,27
7381.8,14
7382.3,13
7383.6,7
7384.3,0
7384.3,11
7384.5,25
7384.7,32
7386.5,12
7387.7,28
7387.8,5
7388.3,36
7388.5,31
7388.7,9
7388.8,18
7389.8,8
7390.4,37
7390.5,0
7390.7,4
7392.6,23
7393.6,2
7394.2,32
7394.3,12
7394.3,21
7394.4,25
7394.5,14
7395.0,29
7395.4,0
7395.6,1
7395.9,38
7396.0,11
7396.5,31
7397.2,39
7397.5,27
7398.3,6
7398.3,7
7398.5,17
7399.6,15
7400.6,8
7402.9,9
7404.4,14
7404.8,12
7404.8,36
7405.2,3
7405.4,4
7405.5,32
7405.7,11
7405.8,2
7406.0,25
7406.8,30
7406.9,13
7407.4,31
7407.5,27
7407.5,35
7407.9,0
7409.0,38
7410.4,16
7412.0,17
7412.5,5
7413.0,28
7413.1,23
7413.8,37
7414.3,11
7415.1,9
7415.2,29
7415.4,1
7416.3,7
7417.6,4
7417.6,21
7417.6,31
7417.8,32
7419.0,12
7419.0,25
7419.3,34
7420.1,36
7420.3,27
7421.1,15
7421.2,6
7422.1,0
7422.7,38
7422.9,39
7423.3,8
7423.5,14
7423.7,13
7424.0,2
7426.2,31
7426.8,4
7426.8,37
7426.9,1
7427.1,32
7427.2,25
7427.7,18
7428.3,11
7428.4,23
7428.9,9
7428.9,35
7429.2,29
7429.4,5
7429.8,17
7430.7,12
7432.0,28
7433.9,3
7434.5,36
7434.6,14
7435.3,7
7436.7,11
7437.0,30
7437.2,15
7437.3,4
7437.4,24
7437.5,0
7437.7,32
7437.9,31
7438.1,19
7438.2,38
7438.5,21
7439.0,27
7440.0,8
7440.2,23
7440.5,25
7440.9,9
7441.4,12
7442.2,17
7442.8,14
7442.9,37
7443.6,6
7444.4,31
7444.5,32
7444.6,1
7444.8,36
7445.2,11
7445.7,2
7447.0,13
7447.2,4
7447.8,25
7449.5,28
7450.1,29
7450.5,18
7452.4,0
7452.6,14
7452.7,9
7453.4,8
7453.5,12
7453.9,15
7454.1,5
7454.4,27
7454.7,35
7454.9,39
7455.5,20
7455.6,31
7456.1,33
7456.7,37
7456.9,1
7457.1,2
7457.5,36
7458.5,25
7459.1,11
7459.1,32
7460.0,23
7460.0,38
7460.2,17
7460.6,7
7461.2,19
7461.4,21
7461.5,6
7461.6,4
7462.6,28
7462.9,31
7465.0,0
7465.7,16
7465.9,9
7466.0,12
7466.3,14
7466.4,13
7466.4,25
7467.0,27
7467.5,18
7467.8,8
7467.8,29
7468.1,37
7468.6,3
7469.2,15
7469.4,5
7469.4,34
7469.8,1
7471.3,4
7471.8,31
7472.1,11
7472.3,32
7472.7,36
7473.4,30
7473.9,38
7474.1,39
7476.6,12
7477.5,7
7477.5,25
7477.9,21
7477.9,35
7478.1,8
7478.1,23
7478.2,4
7478.3,14
7478.4,13
7479.0,31
7480.1,6
7480.1,18
7480.5,1
7480.6,28
7482.1,27
7482.5,0
7482.6,11
7482.9,9
7483.0,34
7484.2,2
7485.6,38
7486.4,4
7486.5,17
7486.9,37
7487.4,25
7488.0,5
7488.4,12
7489.0,32
7490.1,31
7491.2,14
7491.2,36
7493.3,29
7493.6,15
7494.1,1
7494.6,9
7495.1,11
7495.9,27
7497.7,7
7498.2,8
7498.9,39
7499.5,12
7499.5,37
7499.9,33
7500.0,25
7500.1,6
7500.2,32
7500.7,4
7501.0,30
7501.3,31
7501.7,23
7503.1,2
7503.4,13
7504.3,0
7504.3,21
7504.9,9
7505.0,35
7505.4,15
7505.4,38
7505.6,14
7506.1,11
7506.1,36
7507.1,16
7507.7,1
7507.8,29
7507.9,17
7508.0,3
7508.0,25
7508.1,37
7508.3,27
7509.0,12
7509.6,5
7509.9,32
7512.0,31
7513.9,9
7514.3,28
7515.2,4
7515.6,18
7515.7,25
7516.0,19
7516.3,11
7516.3,15
7517.2,27
7517.3,5
7519.4,0
7520.0,7
7520.0,32
7520.1,6
7521.1,14
7521.5,31
7522.4,29
7522.8,12
7522.9,8
7523.5,4
7523.6,38
7523.9,37
7524.3,23
7525.4,36
7525.8,17
7526.5,25
7527.3,2
7528.0,1
7528.0,9
7528.1,11
7529.3,14
7529.6,39
7530.5,7
7530.5,35
7530.6,31
7530.8,32
7531.6,27
7531.7,8
7531.7,15
7531.8,13
7531.9,28
7533.3,0
7533.5,36
7534.6,12
7535.2,21
7536.7,25
7537.6,13
7538.1,37
7538.3,3
7539.3,31
7539.5,24
7540.0,11
7540.1,6
7540.9,23
7541.1,9
7541.2,2
7541.2,5
7541.6,4
7541.6,30
7542.1,38
7542.3,14
7542.3,17
7542.6,1
7542.9,7
7543.6,32
7544.7,12
7544.9,29
7545.8,31
7547.3,21
7548.3,25
7548.4,34
7549.1,0
7551.1,8
7551.1,36
7551.3,32
7552.2,15
7552.5,9
7552.8,10
7552.9,13
7553.0,11
7553.0,27
7553.3,5
7553.5,4
7553.5,14
7553.8,28
7554.3,31
7555.1,19
7555.4,17
7556.0,25
7556.5,37
7556.6,12
7557.1,0
7558.1,6
7558.6,2
7559.0,38
7559.0,1
7559.0,39
7559.3,29
7560.2,33
7560.4,35
7560.5,7
7561.0,36
7561.1,11
7561.2,32
7562.3,23
7562.5,31
7563.3,4
7565.2,9
7566.5,12
7567.8,25
7568.0,13
7568.7,14
7568.8,11
7568.8,30
7569.0,15
7569.4,8
7569.5,0
7569.9,21
7570.5,27
7570.6,3
7570.6,32
7571.5,37
7572.4,28
7572.6,5
7572.9,17
7573.9,31
7574.4,7
7576.1,1
7576.2,2
7576.4,36
7577.3,9
7577.3,12
7578.9,25
7579.6,38
7579.8,4
7580.2,31
7581.3,15
7581.5,29
7581.7,35
7583.7,6
7584.0,17
7585.2,32
7585.5,23
7585.6,14
7585.9,0
7586.1,5
7586.3,37
7586.9,1
7586.9,12
7587.0,8
7587.0,11
7587.0,13
7587.1,36
7587.5,7
7587.5,33
7587.6,25
7587.7,27
7588.3,4
7588.5,28
7588.7,34
7588.8,2
7590.0,9
7590.9,31
7591.3,32
7594.1,16
7594.2,18
7594.4,12
7595.0,11
7595.2,3
7595.3,14
7595.3,38
7596.3,21
7597.9,30
7598.6,15
7599.3,4
7599.5,39
7600.6,31
7600.7,0
7600.8,1
7600.9,32
7601.2,29
7602.3,8
7602.5,9
7602.6,37
7604.1,23
7604.4,35
7604.5,36
7605.0,2
7605.6,12
7605.6,25
7605.7,17
7605.8,11
7607.6,5
7607.8,32
7609.2,7
7609.3,14
7610.8,27
7611.0,31
7611.8,28
7612.6,15
7612.7,18
7613.2,38
7613.5,34
7613.9,4
7614.0,9
7614.1,0
7614.3,1
7615.3,11
7615.6,37
7616.8,25
7616.9,14
7617.4,13
7617.5,32
7617.8,27
7620.3,6
7620.7,8
7620.7,12
7621.5,36
7621.7,29
7622.6,23
7622.8,39
7623.0,35
7623.6,21
7623.7,31
7624.0,4
7624.7,5
7625.6,9
7626.1,0
7628.4,7
7628.6,25
7628.8,32
7630.1,30
7630.4,11
7630.6,37
7630.7,31
7631.9,14
7633.5,12
7633.5,28
7633.8,3
7634.1,1
7634.3,24
7635.0,2
7635.2,38
7636.2,11
7636.5,4
7636.6,17
7636.8,36
7637.3,25
7637.6,27
7637.8,9
7638.9,15
7639.0,13
7639.1,31
7639.2,0
7640.4,32
7641.0,23
7641.6,8
7643.2,12
7644.0,21
7644.1,34
7645.1,35
7645.4,11
7645.6,25
7645.7,36
7645.9,9
7646.5,33
7646.9,1
7647.4,6
7647.7,7
7647.9,4
7647.9,29
7648.5,14
7648.7,30
7649.3,37
7649.7,27
7649.7,38
7650.3,32
7651.1,31
7651.8,0
7651.9,12
7652.0,8
7652.6,5
7653.3,17
7653.3,39
7653.7,11
7654.8,2
7655.1,25
7655.4,15
7656.9,36
7657.6,4
7658.2,31
7659.8,37
7661.0,23
7661.1,7
7661.3,29
7662.1,13
7662.2,19
7662.6,9
7662.7,38
7662.9,27
7662.9,28
7663.0,1
7663.2,14
7664.5,12
7664.8,0
7664.8,11
7664.8,32
7664.9,25
7665.0,20
7665.1,17
7665.8,6
7665.9,8
7666.3,15
7667.1,31
7670.3,35
7670.6,34
7670.9,3
7671.0,2
7671.2,21
7671.5,36
7671.8,4
7673.3,11
7673.9,12
7674.2,23
7674.4,25
7674.7,13
7675.8,9
7675.8,16
7675.8,37
7675.9,7
7675.9,10
7677.0,14
7677.0,32
7678.0,28
7678.4,17
7678.8,31
7680.8,15
7680.9,38
7681.2,5
7681.2,39
7681.7,36
7681.8,8
7681.9,1
7682.4,27
7682.7,29
7683.1,2
7683.4,0
7683.8,18
7684.0,4
7685.4,37
7686.1,9
7686.5,6
7686.6,11
7687.0,25
7687.5,12
7688.2,32
7691.1,27
7691.3,21
7691.6,34
7691.8,3
7691.8,14
7692.0,7
7692.0,31
7692.4,30
7692.5,4
7692.6,13
7692.6,15
7692.6,23
7693.9,1
7695.4,29
7695.6,25
7695.7,8
7696.5,36
7696.7,12
7698.2,38
7698.4,2
7698.6,9
7698.9,11
7699.6,5
7699.8,17
7699.9,0
7700.1,6
7700.1,14
7700.3,16
7700.8,32
7701.4,39
7702.3,28
7702.5,37
7702.9,31
7703.0,18
7703.3,4
7703.5,7
7704.4,35
7705.1,11
7706.6,21
7707.8,14
7708.0,25
7710.2,12
7710.4,2
7710.4,20
7710.5,15
7711.2,29
7711.3,1
7711.4,4
7712.2,9
7712.4,13
7712.9,38
7713.0,28
7713.4,27
7713.8,36
7713.9,23
7714.8,8
7714.9,6
7714.9,37
7715.9,0
7719.1,31
7719.7,25
7720.0,14
7720.2,12
7720.3,5
7720.4,32
7720.7,11
7721.0,39
7721.2,1
7721.4,29
7721.6,18
7721.7,4
7723.3,17
7723.4,2
7723.4,35
7726.1,38
7726.3,9
7727.0,31
7727.2,30
7727.4,0
7727.9,37
7728.2,27
7728.3,12
7728.5,8
7728.5,32
7728.5,36
7728.6,15
7728.8,11
7728.8,21
7731.1,6
7731.6,25
7733.9,5
7734.0,10
7734.6,7
7735.4,1
7735.6,38
7735.7,13
7735.9,31
7736.5,9
7736.7,4
7736.7,11
7736.7,29
7736.7,34
7736.7,39
7736.8,14
7738.8,17
7738.9,12
7739.2,2
7739.6,28
7739.8,15
7741.0,32
7741.1,36
7742.9,27
7743.1,37
7743.6,23
7743.8,25
7744.3,33
7744.5,18
7744.7,8
7745.4,31
7745.5,0
7745.7,16
7746.1,14
7746.3,12
7746.8,4
7747.1,9
7747.2,29
7747.3,38
7747.4,3
7748.5,11
7749.9,13
7750.4,30
7751.5,7
7752.5,17
7752.6,6
7752.7,32
7752.7,36
7753.5,25
7753.6,21
7753.8,31
7754.2,5
7754.3,1
7754.9,35
7756.4,4
7756.6,11
7756.9,15
7757.4,2
7757.5,14
7758.1,23
7758.2,9
7758.2,27
7758.5,28
7758.6,34
7758.8,12
7758.8,37
7759.8,32
7760.4,13
7763.5,31
7763.6,25
7763.7,0
7764.5,36
7765.1,38
7765.7,5
7765.8,39
7767.4,4
7767.4,8
7767.8,1
7767.8,11
7769.6,2
7770.0,25
7770.4,14
7770.4,15
7770.6,12
7771.2,29
7771.8,17
7772.9,7
7772.9,32
7773.1,11
7773.2,31
7774.0,37
7774.4,28
7775.5,9
7776.3,23
7777.4,38
7777.9,4
7778.1,13
7778.6,36
7778.7,27
7778.7,35
7778.9,29
7779.4,0
7779.4,1
7779.5,8
7779.9,3
7780.0,30
7780.1,6
7780.5,25
7780.7,11
7780.8,2
7780.8,5
7780.8,31
7781.2,12
7781.3,14
7783.1,32
7783.2,17
7786.8,27
7787.3,37
7788.5,4
7789.8,15
7789.8,21
7790.0,36
7790.2,9
7790.9,28
7791.2,18
7791.5,0
7791.5,25
7791.5,38
7792.1,5
7793.0,11
7793.4,31
7794.0,1
7794.0,32
7795.2,3
7796.1,23
7796.7,7
7797.3,6
7797.9,12
7797.9,14
7798.5,13
7799.2,10
7799.5,9
7799.7,39
7799.8,16
7799.8,29
7800.0,2
7800.6,31
7801.0,4
7801.1,11
7801.3,27
7801.6,36
7801.9,5
7802.1,38
7802.4,34
7802.6,8
7803.4,37
7804.5,17
7804.5,25
7806.1,1
7807.2,32
7807.4,7
7807.8,0
7807.9,33
7808.1,21
7808.2,12
7808.3,14
7808.8,15
7808.9,6
7808.9,11
7809.0,13
7809.7,31
7812.8,4
7813.6,9
7814.1,3
7814.6,38
7815.4,5
7815.6,23
7816.3,36
7816.4,8
7816.4,25
7816.5,12
7816.6,14
7816.7,31
7817.0,2
7817.3,32
7817.7,24
7818.1,1
7820.3,29
7820.4,27
7820.9,28
7821.7,19
7821.7,37
7822.0,7
7822.1,18
7822.4,38
7822.9,0
7823.5,31
7823.9,17
7824.0,9
7824.9,4
7824.9,39
7825.1,14
7825.1,15
7825.9,12
7826.4,36
7826.5,25
7826.6,30
7826.7,11
7828.0,27
7828.4,32
7828.5,5
7829.6,35
7829.9,6
7830.2,1
7831.6,13
7831.8,0
7833.6,2
7833.7,7
7833.7,31
7834.3,8
7834.9,33
7835.7,23
7835.9,37
7836.4,9
7836.5,10
7836.5,32
7836.6,14
7836.9,38
7837.1,12
7837.7,25
7837.9,3
7837.9,34
7838.0,28
7838.3,16
7838.5,27
7838.6,4
7838.7,29
7839.7,36
7840.7,5
7841.7,11
7841.9,6
7842.3,1
7842.5,31
7846.5,32
7846.6,12
7846.9,9
7847.1,15
7848.0,13
7848.5,37
7848.6,14
7848.7,21
7849.0,4
7849.1,2
7849.1,8
7849.8,17
7850.0,30
7850.3,25
7850.5,0
7850.5,11
7850.7,36
7851.7,31
7851.7,39
7853.9,27
7854.5,7
7855.6,5
7856.1,29
7856.1,35
7856.9,4
7857.2,24
7857.6,6
7858.6,12
7859.9,31
7860.1,20
7860.3,32
7860.6,1
7861.2,23
7861.3,19
7861.4,11
7861.5,8
7862.0,9
7862.1,38
7862.8,25
7863.0,14
7864.3,37
7864.8,28
7865.1,17
7865.9,0
7866.6,16
7867.1,32
7867.6,4
7867.8,36
7868.5,23
7868.8,29
7868.8,13
7869.1,31
7869.2,12
7869.6,39
7869.7,2
7869.8,15
7870.1,30
7870.2,1
7871.1,27
7871.7,7
7871.8,24
7872.0,25
7872.3,34
7872.7,11
7872.8,10
7875.2,9
7875.9,21
7879.2,5
7879.5,0
7879.7,32
7880.5,4
7880.6,12
7880.7,6
7881.0,14
7881.3,8
7882.2,31
7882.3,18
7882.3,35
7882.9,36
7883.0,7
7883.3,17
7884.3,9
7884.4,38
7884.6,1
7884.8,2
7886.0,11
7887.0,37
7887.3,29
7887.9,12
7888.6,32
7889.2,25
7889.5,28
7889.8,20
7889.9,27
7891.5,31
7891.8,9
7892.1,14
7893.2,36
7894.1,21
7894.3,15
7896.4,16
7896.8,17
7897.0,4
7897.0,11
7897.2,23
7897.3,38
7897.4,37
7897.4,2
7897.6,0
7897.7,3
7898.1,32
7898.6,27
7899.5,5
7899.6,1
7899.7,9
7899.7,12
7899.8,25
7900.5,7
7900.5,8
7900.8,31
7900.9,39
7901.0,28
7901.5,13
7903.2,11
7905.5,14
7906.5,2
7907.5,8
7907.5,18
7907.7,15
7907.7,30
7907.7,32
7907.8,4
7908.7,0
7908.8,12
7909.5,31
7909.6,25
7910.8,27
7910.8,37
7911.6,17
7912.1,35
7912.2,9
7912.5,5
7916.2,10
7916.3,36
7916.7,23
7916.9,7
7917.0,11
7917.1,28
7917.2,1
7917.2,4
7917.4,19
7917.6,6
7918.4,14
7918.4,38
7918.5,12
7919.0,25
7919.1,9
7920.2,32
7920.3,2
7920.6,29
7920.6,39
7920.9,21
7920.9,31
7922.2,8
7923.5,27
7924.4,0
7925.9,12
7925.9,13
7927.7,30
7927.9,4
7927.9,25
7928.5,37
7928.6,15
7928.6,34
7928.9,3
7928.9,7
7929.0,33
7929.2,18
7929.7,31
7930.6,9
7930.8,14
7930.8,23
7931.2,6
7931.2,36
7931.8,11
7931.8,29
7931.9,17
7934.0,32
7935.1,28
7936.5,1
7936.9,5
7937.0,35
7937.2,12
7938.1,31
7939.0,39
7939.7,0
7939.8,27
7942.2,21
7942.2,37
7942.5,32
7942.7,11
7942.9,8
7943.3,4
7943.3,14
7943.3,38
7944.0,25
7944.6,2
7944.7,13
7944.8,7
7944.8,16
7945.0,15
7945.6,31
7946.8,9
7947.6,29
7947.8,6
7948.7,36
7949.9,17
7950.2,4
7950.5,1
7950.8,23
7951.5,11
7952.1,38
7952.4,12
7953.2,0
7953.3,27
7953.3,37
7953.5,8
7954.1,25
7954.6,32
7955.6,31
7956.5,21
7957.7,28
7958.1,30
7958.5,34
7958.7,17
7959.7,3
7959.8,14
7960.3,7
7960.4,5
7960.6,37
7961.2,13
7961.8,4
7962.4,12
7962.8,24
7962.8,36
7962.9,38
7964.3,15
7964.5,9
7964.7,25
7964.8,2
7965.1,31
7965.4,35
7965.8,1
7966.3,11
7966.3,29
7966.4,39
7966.9,18
7967.7,27
7969.0,32
7969.9,0
7970.5,6
7970.5,23
7971.3,17
7971.8,12
7972.4,4
7973.2,25
7973.5,31
7974.1,8
7974.1,14
7974.7,9
7974.7,36
7974.8,29
7976.5,15
7977.3,11
7977.5,33
7977.6,1
7978.6,21
7978.7,32
7978.9,19
7978.9,37
7979.2,28
7981.2,12
7981.3,2
7981.5,25
7982.3,23
7982.5,18
7982.6,5
7982.6,7
7982.7,38
7982.8,13
7983.8,6
7985.4,31
7986.2,27
7986.3,30
7986.6,36
7986.7,0
7986.7,14
7987.3,4
7987.5,9
7987.9,8
7989.0,32
7989.1,12
7990.0,1
7990.3,37
7990.4,3
7991.9,38
7992.1,11
7992.1,17
7992.6,31
7993.1,25
7993.2,21
7994.4,4
7995.8,13
7995.8,29
7996.0,16
7997.1,2
7997.3,9
7998.0,14
7998.6,35
7998.7,15
7998.8,12
7998.8,32
7999.4,0
7999.5,6
7999.6,39
8000.0,5
8000.1,37
8000.8,36
8001.2,34
8001.5,1
8002.3,20
8002.9,11
8003.4,7
8003.4,27
8003.5,28
8003.6,30
8004.1,31
8004.2,23
8004.3,25
8004.7,9
8005.7,10
8006.4,38
8007.5,17
8008.7,4
8008.9,32
8010.2,0
8010.2,13
8010.3,14
8010.7,33
8011.2,12
8011.4,2
8011.5,29
8011.8,36
8012.4,5
8012.7,8
8014.2,1
8014.3,31
8014.3,37
8015.2,11
8018.2,21
8018.4,7
8018.7,15
8019.0,25
8019.5,38
8019.7,27
8019.8,14
8020.8,6
8020.9,4
8021.2,39
8021.9,32
8022.3,17
8022.3,28
8022.4,3
8023.5,0
8023.8,9
8024.3,8
8024.6,34
8024.8,18
8024.9,31
8025.1,11
8025.2,37
8025.3,12
8025.9,16
8027.3,25
8028.6,1
8028.7,35
8028.9,36
8030.8,2
8031.5,29
8032.1,32
8032.2,13
8032.6,12
8032.7,23
8033.2,31
8034.5,5
8035.3,0
8036.0,9
8036.1,4
8036.3,7
8036.5,21
8037.5,2
8037.5,11
8037.5,17
8037.9,6
8038.1,27
8038.4,14
8038.4,37
8039.1,38
8039.5,25
8040.8,39
8041.2,32
8043.8,31
8044.0,1
8044.0,28
8044.2,15
8044.3,12
8044.5,4
8045.0,8
8045.0,22
8046.4,9
8047.6,27
8048.8,29
8049.0,36
8050.1,11
8050.3,37
8051.1,25
8051.4,17
8051.8,28
8053.0,38
8053.2,14
8053.3,2
8053.9,0
8053.9,32
8056.3,21
8056.8,3
8057.2,31
8057.6,4
8057.6,6
8057.9,12
8057.9,23
8058.3,16
8058.4,37
8058.7,30
8058.7,25
8059.3,9
8060.6,7
8062.6,8
8062.7,34
8062.7,36
8063.1,5
8064.0,1
8064.0,15
8064.4,31
8065.2,11
8066.4,13
8066.7,29
8066.8,38
8067.0,4
8067.5,32
8067.9,9
8068.1,33
8068.3,14
8068.7,6
8068.9,25
8068.9,39
8069.0,37
8069.1,12
8069.1,27
8069.6,2
8070.9,0
8072.6,8
8073.2,23
8075.2,7
8075.8,1
8075.8,21
8075.9,18
8076.1,36
8076.8,31
8077.4,4
8077.6,11
8077.6,37
8077.9,25
8078.3,9
8078.8,30
8080.3,17
8080.7,12
8080.7,32
8081.5,14
8081.6,5
8082.3,2
8083.5,27
8083.5,36
8083.7,13
8084.0,28
8084.4,0
8084.8,29
8084.8,39
8085.1,35
8085.1,38
8085.4,15
8085.9,6
8086.1,3
8086.6,25
8087.2,31
8090.5,4
8090.5,11
8091.0,12
8091.6,8
8091.7,23
8092.3,17
8092.9,32
8093.1,37
8093.5,9
8094.0,25
8094.2,14
8095.0,1
8095.3,5
8097.2,30
8097.2,31
8097.8,36
8098.0,19
8098.5,27
8099.0,22
8099.1,0
8099.3,8
8099.3,12
8099.9,28
8101.3,29
8101.8,11
8102.9,7
8103.0,32
8103.2,16
8103.3,2
8103.5,38
8103.7,15
8103.8,13
8105.3,14
8105.4,1
8105.4,25
8106.0,35
8106.8,17
8106.8,31
8107.9,4
8108.9,9
8109.4,39
8110.3,6
8110.7,21
8110.8,36
8110.9,34
8111.2,12
8111.4,37
8111.5,11
8112.3,5
8112.3,18
8112.6,32
8114.9,31
8115.2,0
8116.2,14
8117.9,9
8118.2,27
8118.4,25
8118.4,30
8118.8,13
8118.8,11
8119.2,23
8119.5,2
8119.7,29
8119.7,20
8120.1,12
8120.8,7
8121.4,8
8121.5,6
8121.6,1
8121.8,32
8122.9,15
8123.0,17
8123.1,4
8124.3,36
8124.9,3
8124.9,5
8125.4,11
8125.4,31
8125.8,38
8126.9,25
8127.3,37
8127.8,28
8128.6,14
8129.8,21
8131.7,4
8132.2,12
8132.7,27
8132.9,0
8133.0,32
8133.4,31
8133.6,15
8134.0,6
8134.0,9
8135.1,13
8136.5,35
8136.7,38
8137.2,7
8138.1,19
8138.4,1
8138.8,36
8138.9,17
8139.0,25
8139.1,30
8139.1,39
8139.9,8
8139.9,12
8140.4,11
8140.5,23
8140.9,2
8141.6,31
8142.1,32
8143.2,4
8144.9,0
8144.9,34
8145.3,9
8145.3,27
8145.5,14
8146.8,17
8147.3,10
8147.9,36
8148.6,37
8148.7,15
8149.6,25
8149.8,12
8150.6,38
8150.9,18
8151.5,1
8151.6,4
8151.7,31
8151.8,28
8152.5,5
8153.2,21
8155.8,32
8155.9,11
8157.3,25
8157.4,8
8157.8,14
8158.0,9
8158.1,29
8158.8,27
8159.3,6
8159.3,7
8160.2,2
8160.2,37
8160.4,31
8161.0,23
8161.1,16
8161.8,0
8161.9,11
8162.3,36
8163.2,12
8163.2,32
8164.0,13
8164.5,1
8164.6,4
8166.1,3
8166.3,35
8167.0,15
8167.2,17
8167.2,30
8167.8,14
8168.2,9
8169.1,29
8169.3,25
8169.9,31
8170.4,39
8170.5,38
8170.8,28
8171.9,0
8172.3,23
8172.6,12
8172.7,36
8173.0,21
8173.3,11
8173.6,2
8173.8,8
8174.4,9
8174.8,4
8175.0,17
8176.3,32
8177.2,1
8177.9,20
8178.0,27
8178.3,37
8178.5,5
8179.2,31
8181.9,7
8183.3,14
8183.3,19
8183.7,25
8184.6,11
8184.8,13
8184.9,4
8184.9,9
8184.9,38
8185.0,15
8185.6,34
8185.6,36
8185.7,12
8186.3,6
8187.6,31
8189.0,2
8189.8,0
8190.2,32
8190.3,28
8190.4,18
8191.0,23
8191.1,29
8191.2,30
8191.7,35
8192.4,14
8192.4,16
8192.6,37
8192.8,25
8192.8,27
8193.3,5
8194.7,12
8195.6,36
8197.8,17
8198.0,38
8198.2,31
8198.5,0
8199.2,1
8199.3,11
8199.6,32
8199.7,3
8200.3,9
8200.5,8
8201.0,4
8202.0,15
8202.1,21
8202.1,25
8203.0,6
8204.3,33
8204.7,31
8205.0,39
8205.5,37
8205.6,7
8205.7,12
8207.0,27
8208.3,13
8209.3,32
8209.6,4
8209.9,14
8210.1,11
8211.4,0
8212.5,25
8212.6,2
8212.7,35
8212.8,36
8213.3,38
8213.4,31
8213.7,9
8213.8,1
8214.2,23
8214.7,5
8215.0,29
8216.4,8
8216.7,37
8217.3,34
8217.8,28
8217.9,15
8218.2,10
8218.5,11
8219.3,32
8219.4,4
8220.1,14
8221.4,12
8221.4,25
8223.1,6
8223.4,27
8223.5,13
8224.1,19
8225.4,31
8225.7,36
8225.9,17
8226.3,9
8226.4,38
8226.7,0
8227.0,7
8227.1,32
8227.3,2
8227.4,21
8227.7,14
8227.8,8
8228.2,29
8229.3,4
8229.4,1
8230.1,5
8232.3,37
8233.0,39
8233.1,12
8233.3,30
8233.7,25
8233.9,36
8234.2,35
8234.8,11
8235.0,15
8237.1,17
8237.2,4
8237.4,31
8237.8,32
8239.1,27
8239.6,23
8240.2,9
8240.8,0
8241.7,14
8242.1,8
8243.0,12
8243.2,25
8243.7,1
8243.8,37
8243.8,6
8244.1,38
8244.2,18
8244.3,28
8245.0,36
8245.5,5
8246.4,2
8246.4,11
8246.5,13
8246.5,29
8247.7,15
8248.5,31
8249.2,3
8249.7,32
8250.3,9
8250.8,4
8250.8,17
8251.0,16
8252.1,37
8253.1,25
8254.2,30
8254.5,11
8254.9,10
8255.4,1
8255.8,12
8255.9,23
8256.0,8
8256.4,14
8256.6,7
8256.7,27
8257.3,35
8258.4,31
8259.9,0
8259.9,34
8260.9,32
8261.9,21
8262.4,38
8262.8,29
8263.2,9
8263.5,2
8263.8,12
8263.8,17
8263.9,28
8263.9,39
8264.1,14
8264.4,5
8265.1,18
8265.2,11
8265.2,36
8266.1,32
8266.1,6
8266.6,7
8268.2,25
8268.2,1
8269.0,31
8270.1,37
8270.6,4
8271.6,0
8272.8,13
8272.9,27
8272.9,9
8274.2,2
8274.3,12
8274.8,15
8274.8,33
8275.1,10
8275.1,14
8275.6,38
8275.8,28
8276.2,25
8276.8,32
8277.0,31
8277.4,24
8279.4,36
8279.8,34
8280.2,11
8280.3,8
8281.0,4
8281.2,23
8281.9,3
8282.4,1
8283.8,9
8285.1,12
8285.3,37
8285.9,29
8285.9,31
8286.3,25
8286.4,35
8286.5,19
8286.6,6
8286.6,39
8287.3,4
8287.4,14
8287.9,30
8288.3,36
8288.4,0
8288.6,5
8288.6,17
8290.2,7
8290.5,38
8290.7,32
8291.1,18
8291.1,27
8291.5,2
8291.5,28
8291.6,11
8292.5,15
8292.8,8
8295.3,13
8297.3,31
8297.5,1
8297.6,25
8298.1,37
8298.7,12
8298.9,21
8298.9,23
8299.0,9
8299.5,35
8300.0,4
8300.2,2
8300.3,36
8301.1,14
8301.4,27
8302.3,32
8302.7,11
8302.7,0
8302.7,17
8305.7,25
8306.3,29
8306.3,31
8306.5,16
8306.9,38
8307.1,5
8307.4,28
8307.8,13
8308.2,7
8309.0,8
8309.3,33
8309.3,12
8309.5,39
8309.7,6
8310.2,36
8311.5,15
8312.2,19
8313.0,37
8314.2,30
8314.2,34
8314.7,11
8314.9,5
8315.0,9
8315.1,4
8315.1,31
8315.6,1
8315.6,14
8315.6,32
8315.7,29
8315.8,0
8317.3,38
8318.7,28
8319.3,2
8319.7,15
8320.2,17
8320.7,27
8320.8,22
8320.9,25
8321.1,23
8323.0,12
8323.6,13
8325.4,36
8326.1,4
8326.3,32
8327.1,31
8327.2,9
8327.3,11
8327.5,21
8328.1,8
8329.8,0
8329.8,35
8330.1,38
8330.4,2
8331.0,7
8331.1,14
8331.4,12
8331.4,33
8331.5,5
8331.6,27
8331.6,15
8331.6,16
8333.1,31
8333.4,1
8333.5,29
8333.7,25
8334.4,37
8335.4,6
8336.0,3
8336.0,11
8336.8,9
8336.8,32
8337.2,17
8337.3,18
8337.8,39
8338.2,23
8338.4,4
8339.0,36
8340.1,14
8340.2,12
8341.3,30
8341.8,0
8342.1,28
8342.7,8
8343.0,25
8343.4,34
8344.0,2
8344.0,11
8344.4,38
8344.8,31
8345.3,13
8345.5,32
8345.7,10
8345.9,1
8346.0,37
8346.6,21
8348.9,27
8349.6,7
8350.5,15
8350.5,25
8350.6,12
8351.1,5
8351.2,9
8351.8,11
8352.6,2
8353.5,32
8353.7,31
8353.8,4
8354.5,36
8354.9,14
8355.4,37
8355.9,29
8356.0,0
8356.0,8
8356.7,6
8358.6,13
8358.9,12
8359.6,19
8359.7,5
8360.4,25
8360.8,38
8362.2,9
8363.3,21
8364.2,23
8364.6,31
8364.7,4
8365.7,39
8366.4,36
8366.6,30
8366.7,11
8367.7,15
8367.7,27
8368.2,7
8369.9,32
8370.5,0
8370.5,2
8370.5,25
8370.7,37
8371.8,14
8372.2,16
8372.9,1
8372.9,28
8373.4,31
8373.7,12
8374.1,3
8374.3,13
8374.3,17
8374.4,4
8374.4,6
8374.5,21
8374.5,38
8374.7,35
8375.1,24
8375.8,8
8376.2,5
8376.5,29
8376.8,11
8377.0,9
8377.4,25
8377.9,23
8379.4,18
8379.5,32
8380.4,0
8382.5,36
8382.9,31
8384.2,14
8385.3,27
8386.1,37
8386.5,34
8388.2,4
8388.2,12
8388.6,17
8388.9,38
8389.0,2
8389.0,13
8389.1,15
8389.6,16
8390.1,1
8390.1,30
8390.2,9
8390.7,25
8391.4,5
8391.6,7
8392.0,32
8392.6,8
8393.6,11
8394.1,6
8394.1,28
8396.2,31
8396.5,12
8397.1,37
8397.1,0
8397.7,14
8397.7,27
8398.1,36
8399.1,25
8401.6,32
8402.4,1
8402.4,2
8402.4,15
8403.3,11
8403.8,4
8403.8,39
8404.2,3
8404.2,38
8404.5,5
8405.4,9
8406.3,17
8406.9,29
8408.4,31
8410.9,19
8411.4,14
8412.6,32
8412.8,27
8413.2,2
8413.4,28
8413.6,12
8413.9,23
8413.9,25
8414.3,0
8414.3,13
8414.6,37
8414.9,11
8415.3,35
8415.4,6
8415.5,30
8415.7,33
8416.4,7
8416.6,29
8416.6,36
8416.8,21
8416.8,31
8417.0,18
8417.9,15
8418.5,1
8418.5,4
8420.0,32
8420.2,12
8420.9,17
8421.0,38
8422.2,8
8422.2,9
8422.3,14
8423.0,39
8423.1,36
8423.5,0
8423.8,11
8426.6,27
8427.2,25
8427.7,5
8427.8,6
8428.0,10
8428.3,13
8428.5,31
8429.6,2
8429.9,37
8430.9,12
8431.3,4
8431.3,9
8431.3,23
8432.0,32
8432.6,11
8432.8,1
8435.4,14
8435.6,31
8436.0,38
8436.7,25
8437.4,36
8437.5,16
8437.7,0
8438.3,29
8439.0,19
8439.5,28
8439.6,34
8440.0,7
8440.3,15
8440.7,8
8440.9,2
8442.2,27
8442.9,37
8443.7,4
8443.9,31
8444.3,12
8444.4,35
8444.4,6
8445.4,9
8445.8,23
8445.9,32
8446.2,11
8446.7,17
8446.7,25
8447.2,33
8448.7,1
8449.4,13
8449.7,14
8450.4,39
8451.1,21
8452.3,11
8453.1,29
8454.3,5
8454.4,0
8454.8,15
8454.8,32
8455.0,12
8455.1,27
8456.3,28
8456.4,7
8456.5,31
8456.5,36
8456.8,38
8457.3,4
8457.3,25
8457.4,2
8457.7,9
8457.8,37
8458.3,8
8458.5,3
8458.6,18
8461.8,32
8462.7,6
8463.2,11
8463.3,12
8463.3,17
8463.6,1
8464.4,37
8465.0,30
8465.1,14
8465.5,31
8465.8,0
8465.8,25
8465.8,35
8465.8,4
8466.1,36
8466.6,23
8466.7,9
8469.1,13
8470.0,27
8470.0,29
8470.3,15
8470.9,38
8471.1,11
8471.1,12
8471.8,8
8472.6,14
8472.7,32
8475.9,0
8476.2,36
8477.0,2
8477.1,5
8477.4,31
8477.6,28
8477.7,4
8477.9,39
8478.2,19
8478.4,21
8478.7,12
8479.0,6
8479.4,37
8479.5,1
8479.5,25
8479.7,9
8482.4,11
8482.9,31
8483.0,7
8483.3,13
8484.3,5
8484.5,23
8485.2,32
8485.5,29
8486.0,14
8486.9,0
8487.0,27
8488.4,4
8488.6,16
8488.8,25
8489.2,35
8490.0,12
8490.4,36
8491.4,15
8492.3,39
8492.4,20
8492.8,2
8493.1,34
8493.8,9
8493.8,37
8494.4,38
8494.6,18
8495.4,17
8495.4,28
8495.9,32
8496.6,6
8496.8,14
8497.3,4
8498.4,23
8498.5,7
8498.5,25
8498.9,31
8499.2,8
8499.2,12
8500.1,11
8501.1,1
8501.2,24
8501.4,13
8501.9,3
8502.1,30
8502.4,5
8502.4,15
8502.7,27
8503.4,0
8503.5,36
8506.2,32
8507.1,31
8507.4,35
8507.5,21
8507.5,14
8507.9,17
8508.0,37
8508.2,4
8508.4,9
8508.6,25
8508.7,29
8509.9,11
8510.9,2
8512.2,7
8513.5,27
8513.6,12
8513.6,28
8514.4,1
8514.5,23
8515.0,39
8515.7,38
8517.1,5
8517.1,8
8517.3,0
8518.1,15
8518.8,9
8518.8,32
8518.9,11
8518.9,14
8519.3,31
8519.5,30
8519.6,13
8519.9,6
8520.6,36
8520.8,37
8521.4,4
8521.9,25
8522.5,12
8524.0,7
8524.4,27
8526.3,17
8526.6,32
8527.2,33
8527.5,35
8527.7,22
8528.2,18
8528.5,1
8528.6,25
8528.6,34
8528.7,11
8528.9,31
8529.8,0
8530.0,14
8531.6,38
8531.9,36
8532.1,23
8532.4,5
8532.5,29
8533.9,8
8534.1,9
8534.8,12
8535.1,21
8535.5,2
8536.2,13
8536.4,32
8536.4,39
8537.0,25
8537.1,4
8537.7,6
8537.8,37
8538.4,27
8538.7,15
8540.1,17
8540.5,14
8540.8,0
8541.1,28
8542.4,31
8545.2,11
8546.2,27
8546.4,12
8546.4,25
8546.7,7
8547.1,13
8547.3,3
8547.3,10
8547.9,1
8548.1,8
8548.2,4
8548.2,9
8549.6,32
8551.9,0
8551.9,14
8551.9,18
8552.8,31
8552.9,29
8553.1,11
8553.3,2
8553.3,21
8553.5,37
8553.6,30
8553.7,34
8553.9,36
8554.0,38
8554.1,39
8554.5,23
8554.9,17
8555.0,12
8558.9,15
8559.8,32
8559.9,1
8560.0,25
8560.2,27
8560.4,9
8560.6,35
8560.7,4
8560.9,5
8560.9,13
8560.9,28
8560.9,31
8562.4,6
8563.3,11
8564.0,2
8564.9,7
8565.2,19
8565.7,29
8566.1,32
8566.8,12
8568.1,14
8568.6,8
8569.2,31
8569.4,36
8569.4,37
8569.6,25
8570.0,33
8570.6,3
8570.9,0
8571.2,4
8573.4,1
8573.8,32
8573.9,12
8573.9,17
8573.9,38
8574.1,23
8574.4,39
8575.1,6
8575.1,9
8575.1,29
8575.3,31
8575.4,5
8576.5,13
8577.1,18
8579.2,15
8579.3,0
8580.1,27
8580.6,11
8581.9,25
8582.2,28
8582.8,2
8582.9,4
8583.7,1
8584.4,8
8585.2,38
8585.4,14
8585.8,30
8586.7,31
8586.8,37
8587.0,12
8587.0,32
8587.6,36
8588.0,7
8588.9,24
8589.2,17
8590.4,9
8590.6,29
8591.3,27
8591.8,1
8591.8,11
8593.0,35
8593.1,13
8593.7,31
8593.8,25
8594.8,4
8595.0,23
8595.2,21
8595.3,6
8595.7,12
8595.8,14
8596.3,0
8596.5,37
8596.6,19
8597.3,36
8597.4,15
8600.1,2
8601.0,9
8601.2,32
8601.9,11
8602.5,5
8603.0,4
8603.2,38
8603.3,27
8603.4,17
8604.1,25
8604.3,31
8604.5,6
8604.5,34
8605.3,10
8606.0,18
8606.2,12
8606.6,8
8607.5,7
8607.9,14
8608.6,0
8608.7,36
8608.8,1
8609.6,37
8609.7,11
8609.8,28
8611.3,39
8613.2,31
8613.7,29
8613.8,13
8614.3,25
8614.7,27
8615.1,16
8615.2,32
8615.3,5
8615.4,9
8616.3,38
8616.7,14
8617.1,12
8617.8,35
8618.0,2
8618.8,23
8620.1,4
8620.1,11
8620.5,21
8620.7,30
8620.8,0
8621.7,15
8621.8,1
8622.0,31
8622.4,17
8622.7,36
8623.4,37
8623.5,22
8624.5,25
8625.5,8
8625.8,12
8625.9,14
8627.7,13
8629.8,9
8630.3,32
8630.4,11
8630.8,4
8631.0,3
8631.1,5
8631.4,28
8631.4,31
8631.6,7
8631.6,27
8631.7,0
8632.9,38
8633.2,37
8635.6,6
8636.5,12
8637.6,25
8637.8,14
8638.1,10
8638.4,2
8638.4,29
8638.5,18
8640.4,9
8640.6,36
8641.1,32
8641.3,1
8642.1,21
8642.5,4
8642.6,23
8643.0,11
8643.2,31
8643.5,5
8644.0,12
8644.3,15
8644.9,27
8646.2,38
8646.9,8
8647.7,25
8647.9,0
8648.2,13
8648.5,7
8649.3,14
8649.7,17
8650.2,34
8651.5,11
8651.5,30
8651.7,29
8652.1,4
8652.2,6
8652.3,39
8653.2,31
8653.3,32
8653.3,37
8653.9,12
8654.8,2
8655.7,15
8656.2,1
8656.3,25
8656.5,36
8656.7,9
8656.8,28
8657.6,38
8660.5,0
8660.6,14
8661.2,32
8661.3,21
8661.5,18
8661.5,35
8661.6,12
8662.1,4
8662.1,27
8662.5,6
8662.7,5
8662.7,24
8662.8,31
8662.9,11
8663.5,17
8664.4,2
8665.5,25
8666.9,13
8666.9,23
8667.0,7
8668.7,14
8669.0,28
8669.1,37
8669.6,32
8669.7,38
8669.8,29
8670.3,8
8670.9,16
8671.1,4
8673.4,12
8674.1,31
8674.2,0
8674.8,25
8675.0,9
8675.3,1
8675.7,30
8675.9,19
8676.0,11
8676.0,36
8676.1,39
8676.9,5
8678.1,6
8679.9,23
8680.5,4
8680.7,3
8681.0,2
8681.3,13
8681.3,35
8681.5,27
8681.6,17
8683.2,12
8683.6,32
8683.7,8
8684.5,29
8685.7,25
8685.9,18
8686.0,1
8686.5,31
8686.6,37
8686.8,11
8687.1,38
8687.2,14
8687.4,21
8687.5,9
8687.7,7
8688.5,28
8688.6,36
8688.9,0
8689.0,15
8690.8,4
8691.2,27
8691.4,32
8692.3,33
8693.2,37
8693.5,39
8696.1,17
8696.1,25
8696.9,31
8697.8,14
8697.9,3
8698.1,12
8698.1,34
8698.4,0
8698.5,9
8698.5,30
8698.7,5
8699.3,11
8699.3,32
8699.6,13
8700.5,7
8702.5,4
8702.9,29
8703.6,1
8703.9,35
8704.1,36
8704.4,15
8704.5,31
8704.7,8
8705.0,6
8705.4,20
8705.9,25
8706.2,27
8706.6,14
8706.6,38
8706.6,12
8707.4,23
8707.6,2
8709.2,32
8710.3,37
8710.6,11
8710.7,28
8711.1,9
8712.2,0
8712.3,5
8713.0,17
8713.4,3
8713.9,4
8714.0,7
8714.1,1
8714.1,36
8714.8,29
8715.8,14
8716.3,25
8717.1,31
8719.0,38
8720.1,32
8721.4,13
8721.4,18
8721.8,30
8722.2,16
8722.2,27
8722.7,11
8722.8,2
8723.0,1
8723.0,12
8723.3,15
8723.6,23
8724.1,6
8724.1,9
8724.7,10
8725.6,25
8725.8,39
8727.1,8
8727.3,31
8728.2,5
8728.3,14
8728.6,4
8728.6,17
8729.3,28
8729.4,32
8729.4,37
8730.4,36
8730.5,29
8730.6,0
8732.1,9
8732.5,13
8733.4,25
8733.9,12
8734.0,38
8734.8,1
8734.8,11
8735.4,33
8735.8,4
8735.9,32
8736.8,35
8737.2,37
8738.1,8
8738.2,31
8740.1,6
8740.1,21
8740.2,27
8740.3,28
8740.5,3
8740.6,2
8740.7,7
8741.2,19
8741.6,14
8742.9,1
8744.3,31
8745.5,36
8745.7,25
8745.9,23
8746.1,12
8746.4,29
8746.7,11
8747.3,9
8747.3,32
8747.5,38
8747.7,15
8747.9,4
8748.5,16
8750.3,14
8750.5,30
8750.9,13
8751.0,17
8751.5,39
8751.8,37
8751.9,12
8753.0,5
8753.1,18
8753.1,35
8753.6,0
8755.0,34
8755.3,28
8756.2,27
8756.4,4
8756.6,7
8756.6,8
8756.8,31
8757.4,32
8757.5,1
8757.7,38
8758.3,6
8758.9,11
8759.4,25
8760.3,37
8761.9,21
8762.6,14
8763.7,12
8764.8,2
8765.4,32
8765.6,27
8766.0,9
8766.1,19
8766.1,36
8766.8,23
8766.9,15
8767.1,17
8767.2,0
8767.2,31
8768.7,29
8768.9,4
8770.1,11
8770.5,1
8770.6,14
8770.6,25
8772.4,7
8772.4,18
8772.4,28
8773.8,12
8774.3,8
8774.7,3
8774.9,32
8776.8,13
8777.0,11
8777.0,27
8778.0,38
8778.3,31
8779.8,9
8780.9,35
8781.2,0
8781.3,15
8781.6,6
8781.9,37
8781.9,36
8782.1,25
8782.6,12
8782.7,1
8783.2,2
8784.3,4
8784.3,5
8784.3,20
8784.3,8
8784.3,17
8784.9,14
8786.2,32
8786.6,31
8786.8,23
8786.8,27
8787.8,11
8789.2,7
8789.5,38
8790.5,12
8790.8,39
8791.9,18
8792.8,21
8793.0,25
8793.1,28
8793.3,1
8793.5,33
8794.0,13
8794.6,9
8794.9,14
8795.0,2
8796.0,31
8796.1,0
8796.4,32
8797.2,37
8797.6,3
8797.6,4
8798.0,36
8798.2,17
8798.3,15
8799.7,8
8799.8,29
8800.6,11
8800.6,27
8800.9,12
8802.5,5
8803.3,25
8803.9,6
8804.2,13
8805.0,0
8805.0,32
8805.0,34
8805.1,14
8805.1,23
8805.2,9
8805.6,31
8806.3,21
8806.3,38
8806.8,4
8807.6,11
8807.8,1
8808.0,37
8809.0,35
8812.2,2
8812.5,39
8813.0,16
8813.1,25
8813.5,28
8813.6,10
8813.7,7
8813.7,36
8814.0,14
8814.3,12
8815.0,27
8815.1,24
8815.3,8
8816.8,18
8817.3,9
8817.4,30
8818.3,6
8818.3,31
8818.6,4
8818.6,15
8818.7,32
8819.2,5
8819.6,0
8820.2,22
8820.5,13
8820.5,23
8820.9,1
8821.2,11
8821.3,29
8823.6,21
8823.6,25
8824.3,38
8826.1,37
8826.4,17
8827.2,36
8827.7,14
8828.6,12
8829.2,2
8829.2,3
8829.2,4
8829.8,31
8830.1,32
8830.4,11
8830.6,8
8832.0,15
8833.1,9
8833.1,23
8834.0,7
8834.4,28
8834.5,13
8835.0,5
8835.0,35
8835.3,0
8836.2,38
8836.5,27
8837.4,25
8837.6,1
8837.7,37
8837.9,31
8838.7,6
8838.9,32
8841.9,12
8842.5,11
8842.6,14
8842.8,29
8842.9,4
8843.4,20
8843.6,30
8844.2,17
8845.0,39
8846.5,0
8846.5,38
8847.1,9
8847.1,16
8847.2,25
8847.3,31
8847.3,36
8847.4,15
8848.3,13
8849.6,22
8849.8,8
8850.0,2
8850.9,23
8851.2,12
8851.6,27
8852.0,4
8853.2,6
8853.2,7
8853.6,32
8854.2,11
8855.1,5
8855.4,1
8855.9,21
8855.9,25
8856.0,31
8857.1,14
8857.8,35
8858.5,18
8858.5,37
8859.5,38
8860.2,28
8860.7,34
8860.8,15
8861.5,9
8861.5,17
8861.7,13
8862.7,36
8863.5,2
8863.8,0
8863.8,31
8864.6,4
8864.9,29
8865.1,25
8865.7,1
8865.8,11
8866.2,12
8866.3,39
8867.0,3
8867.0,14
8867.7,23
8867.7,32
8868.7,8
8868.8,30
8868.8,37
8872.7,27
8874.1,7
8874.4,17
8875.1,6
8875.4,31
8875.5,25
8876.7,18
8876.9,5
8876.9,36
8877.1,4
8877.1,12
8877.1,38
8877.2,32
8877.4,28
8877.5,33
8877.6,16
8877.6,21
8877.9,35
8878.0,0
8878.2,13
8878.3,10
8878.9,9
8879.3,15
8881.5,1
8881.6,8
8881.9,14
8882.3,11
8884.0,2
8884.0,37
8884.7,7
8884.7,31
8884.9,25
8885.3,30
8886.3,17
8886.6,0
8886.6,13
8886.9,27
8887.5,36
8888.7,6
8889.0,38
8889.1,33
8889.5,4
8890.1,12
8890.9,29
8891.9,32
8893.5,9
8894.6,15
8894.9,11
8895.9,25
8895.9,34
8896.0,8
8896.0,10
8896.1,23
8896.4,28
8896.6,21
8896.6,31
8896.7,35
8897.5,14
8898.1,18
8899.1,5
8899.1,12
8899.2,7
8900.4,1
8900.7,36
8900.9,2
8901.7,6
8902.0,37
8902.1,0
8902.8,11
8903.3,4
8903.5,32
8904.5,13
8904.8,27
8906.1,25
8906.2,39
8906.3,31
8906.3,38
8906.5,14
8906.8,17
8907.8,9
8908.8,4
8909.2,36
8910.7,8
8911.0,29
8911.3,3
8911.3,15
8911.4,0
8911.9,12
8912.2,30
8912.4,2
8912.9,1
8913.0,32
8914.5,11
8915.5,23
8915.6,27
8915.9,9
8917.0,6
8917.0,25
8917.3,34
8917.6,37
8917.6,18
8918.3,31
8918.9,4
8919.3,17
8920.4,38
8921.1,0
8921.4,5
8921.4,14
8923.5,13
8924.0,11
8924.0,32
8924.2,31
8924.3,8
8924.4,12
8924.8,1
8924.9,25
8925.0,28
8925.3,7
8925.5,35
8926.1,36
8927.1,29
8927.3,37
8927.7,9
8929.0,15
8929.8,14
8930.9,32
8932.6,5
8933.0,0
8933.0,2
8933.4,18
8933.4,31
8933.5,36
8933.9,21
8934.0,19
8934.1,12
8934.3,27
8934.8,25
8934.9,39
8935.0,4
8935.0,11
8935.4,33
8935.5,24
8938.4,28
8938.6,32
8938.7,17
8939.7,9
8940.3,1
8940.8,3
8940.8,34
8941.4,36
8941.4,37
8941.6,13
8942.0,6
8942.2,11
8942.6,14
8942.9,31
8943.1,7
8943.7,38
8943.8,25
8944.1,12
8945.2,30
8945.3,32
8945.8,5
8945.9,8
8946.4,0
8948.3,29
8948.9,21
8949.0,23
8949.2,2
8949.4,11
8950.2,15
8951.2,4
8951.8,31
8952.7,25
8954.2,7
8954.9,9
8955.1,12
8955.7,27
8956.0,37
8957.3,32
8957.4,16
8957.4,38
8957.6,1
8957.6,3
8957.6,13
8957.6,28
8957.6,35
8957.8,36
8957.9,14
8957.9,19
8958.4,0
8959.1,31
8959.1,34
8959.8,4
8960.4,25
8962.7,17
8963.1,15
8963.7,29
8964.3,11
8964.5,2
8964.8,12
8964.8,23
8965.3,39
8966.4,9
8967.7,25
8967.9,30
8969.2,1
8969.4,14
8969.7,32
8969.8,13
8969.8,31
8970.2,8
8971.4,0
8971.8,37
8972.4,12
8972.6,5
8972.7,4
8973.5,11
8974.1,36
8974.8,27
8975.0,6
8975.2,7
8976.2,35
8976.7,38
8977.0,28
8977.9,25
8978.3,32
8978.9,18
8979.0,31
8979.2,2
8979.2,9
8979.7,17
8980.1,14
8980.1,37
8980.1,15
8980.3,23
8980.5,29
8980.8,12
8981.3,39
8983.3,11
8985.5,4
8985.7,13
8986.0,1
8986.0,19
8986.0,25
8986.3,0
8987.6,7
8987.6,36
8988.3,32
8988.4,8
8989.9,38
8991.6,21
8991.9,9
8992.1,27
8992.3,11
8992.4,37
8992.5,33
8992.6,12
8994.2,31
8994.4,25
8995.2,2
8995.2,14
8995.7,4
8995.7,5
8997.3,23
8997.7,32
8997.9,29
8998.2,15
8998.3,6
8999.2,0
8999.7,36
9001.1,34
9001.3,13
9001.5,37
9001.5,17
9003.6,7
9003.8,8
9003.9,28
9004.4,11
9004.7,27
9004.9,31
9005.0,12
9005.0,14
9005.0,18
9005.0,35
9005.1,25
9005.2,9
9005.2,20
9006.2,5
9006.7,4
9008.4,32
9009.8,1
9010.4,0
9011.5,3
9012.1,38
9012.5,15
9012.6,39
9013.2,31
9013.7,36
9014.1,17
9014.3,12
9014.5,23
9014.7,8
9015.1,30
9015.4,2
9015.6,6
9015.6,9
9016.3,14
9017.0,7
9017.5,11
9018.4,19
9018.4,25
9018.8,21
9019.3,4
9019.3,35
9020.5,37
9020.6,29
9021.2,27
9022.1,0
9022.5,18
9022.7,32
9022.9,24
9023.1,28
9023.2,1
9023.3,31
9023.4,23
9024.0,9
9025.2,6
9026.2,15
9026.3,38
9027.5,12
9027.9,8
9028.0,34
9028.2,11
9028.4,2
9028.6,36
9029.6,5
9029.7,13
9030.3,25
9030.6,14
9030.7,21
9031.3,31
9031.6,37
9032.1,27
9032.5,4
9036.5,12
9036.6,9
9036.6,32
9037.3,1
9037.3,38
9037.8,17
9037.8,39
9038.7,0
9038.7,8
9039.0,7
9039.6,3
9039.6,35
9040.6,14
9040.7,31
9040.9,29
9041.0,4
9041.0,11
9041.1,25
9041.5,13
9044.0,16
9044.5,2
9044.5,36
9044.9,6
9045.3,27
9045.5,15
9045.9,28
9046.0,23
9046.3,5
9047.5,21
9047.7,4
9048.7,37
9049.2,11
9050.0,25
9050.3,12
9050.5,20
9050.5,31
9052.2,1
9053.1,9
9053.1,32
9053.8,0
9053.8,18
9053.9,14
9055.2,33
9056.2,12
9056.3,15
9056.3,38
9056.6,2
9057.7,35
9057.8,10
9058.2,17
9058.2,23
9058.4,8
9058.6,28
9058.9,3
9058.9,27
9058.9,36
9059.2,4
9059.3,5
9060.0,31
9060.5,30
9060.8,11
9061.3,32
9062.7,25
9062.8,37
9063.1,7
9064.6,1
9064.9,34
9065.1,39
9065.4,13
9065.7,29
9067.5,21
9067.9,0
9067.9,9
9068.2,11
9068.3,32
9068.4,38
9068.7,12
9069.0,14
9069.4,8
9070.2,31
9070.9,22
9072.4,4
9073.8,6
9075.3,25
9077.2,0
9077.2,15
9077.9,2
9077.9,13
9077.9,14
9078.4,31
9079.3,12
9079.3,37
9079.4,27
9079.6,32
9079.8,1
9080.3,9
9080.9,11
9081.4,7
9081.5,28
9081.6,36
9081.6,38
9082.1,4
9082.3,23
9082.4,5
9082.9,29
9083.7,17
9084.3,6
9084.5,25
9087.9,31
9088.1,0
9088.1,10
9088.9,16
9089.1,4
9089.1,27
9089.7,12
9090.0,37
9090.2,39
9090.6,15
9090.8,38
9091.1,8
9091.7,14
9091.8,2
9092.1,11
9093.3,36
9093.6,32
9093.8,1
9094.0,9
9094.1,25
9094.6,13
9095.2,17
9095.5,31
9095.7,21
9095.8,35
9096.1,6
9097.4,7
9097.8,12
9099.0,19
9100.8,4
9100.8,28
9101.1,27
9101.8,14
9102.1,34
9102.6,37
9102.7,18
9102.7,30
9102.7,32
9103.2,5
9103.8,29
9104.5,0
9104.7,25
9105.1,3
9105.1,31
9105.4,11
9106.0,9
9107.2,21
9108.4,6
9109.0,15
9109.5,1
9109.6,2
9109.6,8
9109.6,23
9111.4,0
9112.4,12
9112.5,25
9112.7,31
9113.4,4
9113.4,13
9113.6,35
9113.9,11
9114.0,36
9114.2,32
9114.3,7
9114.5,27
9114.5,38
9115.2,5
9115.2,14
9115.8,9
9116.0,37
9117.9,1
9118.8,29
9119.2,12
9120.0,2
9121.1,25
9121.1,28
9121.2,31
9121.2,39
9121.4,32
9122.1,23
9122.9,17
9124.1,6
9124.1,14
9124.5,4
9124.5,15
9126.2,27
9126.4,8
9126.7,11
9126.7,13
9128.1,25
9128.3,38
9129.8,7
9130.3,12
9130.8,36
9130.8,37
9130.9,9
9131.7,31
9131.9,0
9131.9,32
9133.9,1
9134.0,4
9134.0,35
9134.1,3
9134.1,21
9134.2,18
9134.2,28
9134.4,5
9134.6,20
9134.8,33
9134.9,2
9135.4,11
9136.9,14
9137.5,31
9137.6,15
9137.8,29
9139.7,25
9140.2,27
9140.4,12
9141.5,30
9143.4,34
9143.5,32
9143.7,39
9143.8,9
9143.9,8
9144.4,36
9144.5,13
9144.5,37
9145.1,38
9145.5,14
9146.2,4
9146.5,23
9146.6,6
9147.4,10
9148.2,1
9148.4,11
9148.7,19
9149.8,0
9150.0,31
9150.1,17
9150.6,12
9150.7,2
9150.9,25
9151.8,7
9153.4,27
9153.4,35
9153.9,36
9154.4,38
9154.5,32
9154.8,21
9155.1,14
9155.2,9
9155.4,37
9155.6,5
9155.7,29
9156.2,1
9156.2,8
9157.8,31
9158.0,11
9158.2,4
9159.3,15
9159.5,18
9159.8,34
9160.9,6
9161.3,32
9161.8,12
9162.8,25
9163.5,7
9164.1,27
9164.4,38
9165.3,13
9165.4,28
9166.4,31
9167.5,23
9168.0,14
9169.8,37
9170.2,17
9170.3,1
9170.4,3
9170.4,32
9171.0,9
9171.4,2
9171.5,12
9171.7,25
9171.9,4
9172.0,36
9172.5,0
9172.5,39
9172.6,11
9172.9,29
9173.2,8
9173.8,35
9174.1,28
9175.5,5
9175.9,24
9176.1,38
9178.1,32
9178.2,6
9178.3,31
9178.5,4
9179.4,23
9179.9,7
9180.4,15
9180.5,37
9180.7,9
9181.1,27
9181.2,25
9182.0,14
9185.4,32
9185.5,17
9185.6,30
9185.7,11
9186.0,8
9186.9,12
9186.9,36
9187.2,13
9187.3,38
9187.9,1
9188.9,0
9189.5,2
9189.5,31
9190.0,25
9190.9,9
9191.0,4
9191.0,14
9191.4,21
9192.0,19
9192.2,27
9193.1,5
9193.6,28
9194.3,6
9194.6,32
9194.6,37
9195.3,11
9196.1,23
9196.7,29
9198.0,31
9198.9,25
9199.6,7
9199.7,34
9200.1,39
9200.4,36
9200.5,14
9201.1,4
9201.4,0
9201.4,12
9201.4,17
9201.5,10
9201.8,15
9202.1,38
9202.5,8
9202.6,27
9203.2,1
9203.6,24
9204.6,28
9204.7,32
9205.0,9
9205.0,37
9205.1,2
9205.5,31
9205.6,35
9206.3,13
9207.0,11
9207.4,18
9207.6,5
9208.3,0
9208.5,6
9209.0,14
9211.0,27
9211.3,25
9211.9,21
9212.0,4
9212.5,16
9212.9,12
9213.2,36
9215.4,23
9215.8,31
9216.3,2
9217.2,9
9217.8,38
9218.0,32
9218.3,30
9218.4,15
9218.8,11
9219.2,37
9220.0,1
9220.2,0
9220.3,14
9220.5,17
9220.6,3
9222.0,25
9222.3,29
9223.1,8
9223.1,12
9223.5,7
9223.9,4
9224.6,21
9227.3,10
9227.4,6
9228.0,31
9228.4,27
9229.1,32
9229.3,5
9230.0,11
9230.3,13
9230.4,28
9230.5,9
9230.7,36
9230.8,25
9231.0,39
9232.1,15
9232.1,17
9233.1,2
9235.5,4
9235.5,12
9235.5,14
9236.4,38
9236.7,0
9238.9,19
9239.4,11
9239.6,23
9239.7,37
9240.1,25
9240.2,31
9240.2,32
9240.4,1
9240.5,29
9241.4,9
9242.0,35
9242.6,36
9242.9,2
9242.9,27
9243.1,18
9243.2,6
9243.4,4
9243.5,13
9243.8,0
9243.8,17
9244.0,15
9245.4,25
9245.5,8
9246.0,14
9246.2,38
9247.3,12
9247.7,11
9249.1,28
9249.4,21
9251.2,31
9252.0,9
9252.5,7
9253.3,5
9253.3,32
9253.4,12
9253.7,0
9254.9,37
9255.3,23
9255.3,33
9255.6,27
9255.7,4
9255.9,38
9256.0,39
9256.4,2
9257.1,29
9257.8,30
9258.1,36
9259.7,6
9260.1,25
9260.8,1
9260.9,32
9261.5,31
9261.6,11
9262.2,0
9262.5,3
9262.6,14
9262.9,8
9262.9,17
9263.6,9
9264.3,13
9266.0,2
9267.0,4
9267.6,21
9268.4,25
9268.5,31
9268.9,12
9269.1,27
9269.8,36
9270.3,18
9271.8,32
9272.1,5
9273.6,29
9273.8,23
9274.6,11
9274.7,15
9276.1,28
9276.1,34
9276.3,1
9276.7,10
9276.9,0
9277.0,7
9277.0,38
9277.1,8
9277.4,35
9277.9,9
9278.2,17
9278.6,4
9278.6,31
9278.7,27
9279.4,32
9280.3,14
9280.7,36
9280.7,37
9281.5,12
9282.3,2
9282.8,11
9283.3,25
9284.3,0
9285.3,4
9285.6,6
9285.6,13
9286.3,32
9286.4,30
9287.0,9
9287.0,15
9287.1,31
9287.9,1
9288.7,38
9289.6,17
9289.9,29
9290.6,14
9291.1,12
9291.1,21
9291.6,8
9292.3,2
9292.3,36
9293.2,5
9294.4,31
9294.4,37
9294.5,4
9294.6,11
9294.6,27
9294.8,33
9295.0,18
9295.2,25
9296.3,32
9296.4,7
9298.8,23
9299.6,9
9300.0,3
9300.1,10
9300.2,39
9300.3,13
9300.9,0
9300.9,14
9301.0,1
9301.0,6
9302.2,4
9302.7,12
9303.1,32
9305.4,11
9306.1,25
9306.3,36
9306.3,29
9307.6,31
9308.5,37
9310.2,28
9310.5,38
9310.9,35
9311.0,21
9311.3,2
9311.7,15
9311.8,12
9311.9,8
9312.2,7
9312.4,36
9312.6,34
9312.7,0
9312.7,14
9313.0,1
9313.2,4
9313.2,33
9313.7,9
9313.8,5
9313.9,25
9313.9,31
9315.2,27
9316.4,32
9317.4,11
9317.5,16
9318.6,23
9318.7,29
9319.0,17
9319.4,13
9319.4,38
9321.2,30
9322.2,0
9322.4,28
9322.6,6
9322.7,2
9323.5,25
9323.5,32
9323.9,7
9324.0,12
9324.1,27
9324.1,36
9324.9,14
9324.9,37
9326.0,31
9326.3,3
9327.7,9
9328.7,4
9329.0,11
9329.0,38
9329.4,15
9329.6,1
9331.2,25
9331.3,32
9333.1,35
9334.5,8
9335.4,13
9336.8,36
9337.4,31
9337.5,9
9338.4,0
9338.6,12
9339.8,39
9340.3,17
9340.6,4
9340.7,25
9341.0,27
9341.2,2
9341.4,5
9341.4,37
9342.6,6
9342.8,32
9342.9,14
9343.1,11
9343.1,28
9343.2,1
9343.2,18
9343.2,34
9343.4,21
9343.7,23
9344.1,8
9344.3,7
9345.2,29
9345.2,38
9345.6,36
9345.7,12
9345.7,31
9348.6,0
9349.7,11
9350.7,19
9351.3,9
9352.8,4
9352.8,25
9353.8,14
9354.0,30
9354.4,38
9354.5,32
9355.1,37
9355.5,31
9356.2,27
9356.6,3
9356.8,0
9357.4,1
9357.5,16
9357.5,36
9357.7,15
9358.1,2
9358.8,17
9359.8,8
9361.2,6
9361.5,12
9361.6,25
9361.7,4
9361.7,21
9361.8,31
9362.1,11
9362.8,5
9362.8,20
9363.0,29
9363.5,28
9363.7,7
9364.6,39
9365.2,38
9367.4,32
9368.4,23
9368.8,27
9369.3,14
9369.6,18
9369.9,9
9370.7,31
9371.4,37
9371.7,13
9371.8,11
9372.1,2
9372.5,0
9372.7,36
9373.1,1
9373.7,17
9373.9,8
9374.1,12
9374.6,6
9375.0,4
9376.1,25
9377.1,38
9378.6,29
9378.8,34
9379.0,32
9379.1,15
9379.7,21
9380.0,28
9380.1,31
9381.1,9
9381.4,7
9381.4,11
9381.4,14
9383.7,30
9384.2,3
9384.7,5
9384.8,0
9385.1,25
9385.3,8
9385.4,4
9385.8,39
9386.5,27
9386.5,37
9386.9,12
9387.0,31
9388.3,1
9388.5,35
9388.9,32
9389.8,21
9390.2,11
9390.2,17
9390.7,23
9392.1,16
9392.4,9
9392.5,38
9392.6,14
9392.9,36
9393.4,2
9393.5,13
9394.5,25
9394.9,12
9394.9,0
9395.6,28
9396.4,32
9398.7,1
9398.7,15
9399.8,7
9400.8,4
9401.7,31
9401.9,37
9402.1,12
9402.2,29
9402.3,11
9402.3,27
9402.4,8
9402.5,38
9403.4,9
9403.6,6
9404.4,5
9406.5,33
9407.2,25
9407.4,3
9407.7,32
9408.4,23
9408.8,36
9409.5,2
9409.5,31
9409.9,18
9410.5,14
9411.0,11
9411.0,13
9412.2,37
9414.3,0
9414.4,12
9414.5,8
9415.0,1
9415.0,27
9415.1,21
9415.2,4
9415.9,17
9416.2,6
9416.3,9
9417.0,28
9417.0,38
9417.4,36
9418.0,35
9418.2,2
9418.3,7
9418.5,32
9419.1,11
9419.3,15
9419.4,19
9419.6,29
9420.0,14
9422.3,25
9423.0,31
9423.8,39
9424.0,4
9424.9,37
9425.2,5
9425.5,12
9425.6,13
9426.5,0
9426.6,23
9426.9,11
9427.0,38
9427.2,1
9427.4,9
9428.0,8
9428.1,14
9428.2,31
9428.3,2
9428.3,27
9428.8,6
9428.8,30
9429.2,15
9430.3,32
9430.5,36
9431.1,17
9432.4,25
9433.0,34
9433.9,11
9436.3,16
9436.5,37
9436.7,28
9437.2,12
9437.4,14
9437.6,29
9437.8,4
9437.8,7
9438.4,2
9438.5,9
9439.5,5
9439.7,27
9439.8,31
9440.3,8
9440.6,32
9440.8,3
9440.9,11
9442.0,25
9443.9,0
9444.0,23
9444.4,6
9445.2,35
9445.3,12
9445.4,1
9446.1,13
9446.2,38
9446.7,20
9446.9,9
9447.3,36
9447.9,17
9448.7,8
9448.7,31
9449.7,4
9450.1,37
9451.9,32
9452.7,14
9453.1,25
9453.7,15
9453.9,2
9454.1,30
9454.6,27
9455.5,11
9456.4,12
9457.2,0
9457.8,39
9457.9,28
9458.1,32
9458.6,17
9459.2,7
9459.3,31
9459.6,8
9459.6,9
9459.6,21
9459.8,34
9459.9,38
9460.7,24
9460.7,29
9461.0,13
9461.2,1
9461.5,25
9463.0,36
9463.1,4
9464.5,37
9465.2,31
9465.3,11
9466.1,6
9467.1,5
9467.3,15
9467.5,35
9467.6,14
9467.6,16
9467.6,23
9467.6,28
9468.5,18
9468.8,19
9469.4,2
9469.6,12
9470.2,27
9470.7,32
9473.3,1
9473.5,9
9473.5,38
9473.8,0
9474.4,25
9474.8,4
9475.7,28
9476.0,23
9476.1,15
9476.9,36
9477.0,21
9477.1,39
9477.1,12
9477.5,8
9477.5,31
9477.9,29
9478.5,37
9478.7,13
9479.0,14
9479.2,3
9479.3,11
9479.8,7
9481.9,32
9482.7,25
9483.0,2
9483.3,17
9483.4,6
9483.4,27
9483.5,9
9483.8,38
9484.0,4
9484.3,30
9484.7,5
9487.1,31
9488.2,36
9488.8,16
9489.0,1
9489.8,0
9490.6,32
9490.7,12
9491.1,8
9491.5,11
9491.9,35
9492.7,13
9492.9,7
9493.7,9
9494.0,23
9494.7,37
9494.9,25
9494.9,33
9495.3,14
9495.9,21
9496.1,28
9497.1,4
9497.1,36
9497.9,29
9498.2,31
9498.8,5
9499.9,18
9500.0,34
9500.1,15
9500.6,27
9500.9,32
9501.2,6
9501.3,11
9501.5,0
9501.5,25
9501.5,2
9501.7,12
9501.8,1
9502.1,17
9502.9,38
9505.7,23
9506.4,4
9507.4,31
9507.5,14
9507.5,9
9507.7,7
9508.4,8
9508.6,3
9509.4,39
9510.1,25
9510.7,32
9511.1,22
9511.3,30
9512.2,12
9512.2,37
9512.8,28
9513.4,11
9513.7,5
9513.7,13
9513.7,15
9513.9,0
9513.9,36
9514.1,29
9514.2,6
9514.6,31
9514.9,35
9517.6,14
9517.9,21
9517.9,27
9519.1,2
9519.8,9
9519.9,8
9520.1,32
9520.5,12
9520.6,1
9521.1,4
9521.6,38
9521.8,25
9522.3,0
9523.4,5
9524.4,36
9524.5,11
9524.5,23
9524.9,15
9526.3,31
9526.6,17
9527.3,24
9527.6,7
9528.0,6
9528.8,28
9529.3,29
9530.0,37
9531.6,25
9531.9,32
9531.9,27
9532.7,14
9533.1,35
9533.3,12
9533.6,1
9533.9,4
9534.0,13
9534.2,3
9534.3,38
9534.6,16
9534.6,33
9535.5,36
9536.1,30
9536.6,2
9539.1,34
9539.4,11
9540.3,25
9540.5,9
9540.6,8
9540.6,32
9540.8,18
9540.9,15
9541.0,23
9541.0,39
9541.1,19
9541.1,31
9541.2,21
9541.4,0
9542.6,12
9542.8,37
9544.2,5
9544.3,38
9544.6,6
9547.7,27
9548.0,4
9548.0,36
9548.8,29
9549.8,11
9550.0,1
9550.6,17
9551.0,25
9551.1,2
9551.4,32
9552.1,14
9552.2,28
9552.5,12
9553.6,31
9554.5,23
9554.9,9
9555.9,10
9556.6,4
9557.0,0
9557.1,36
9558.2,25
9558.5,7
9558.7,13
9559.2,38
9559.6,3
9559.9,8
9561.2,11
9561.2,16
9561.2,32
9561.4,5
9562.0,37
9562.6,29
9562.6,31
9562.7,39
9563.2,6
9563.4,34
9563.8,17
9563.9,18
9564.0,14
9564.6,30
9564.8,27
9565.7,12
9566.8,15
9567.0,4
9567.0,23
9567.2,2
9568.4,1
9568.6,0
9569.1,21
9570.0,25
9570.0,32
9570.2,19
9570.3,28
9571.2,9
9571.4,11
9572.0,29
9572.4,17
9572.7,31
9573.0,8
9573.0,13
9573.3,12
9573.8,36
9574.0,39
9574.4,14
9574.5,38
9577.4,27
9577.4,37
9578.3,6
9578.5,35
9578.8,7
9578.8,25
9579.3,5
9579.5,10
9579.8,4
9580.0,32
9580.7,1
9580.7,9
9580.7,2
9583.3,31
9586.6,13
9586.9,0
9587.0,38
9587.1,36
9587.7,12
9588.4,11
9588.6,21
9588.8,14
9589.1,32
9589.1,34
9589.4,25
9590.0,18
9590.0,30
9590.6,27
9591.4,15
9591.6,23
9592.3,7
9593.3,31
9594.0,12
9594.3,9
9594.3,29
9594.4,28
9594.4,39
9595.1,6
9595.5,4
9595.7,2
9595.8,8
9596.1,38
9597.2,32
9598.5,1
9599.8,17
9600.1,37
9600.3,0
9600.3,25
9601.1,36
9602.3,11
9603.4,23
9603.7,4
9604.1,31
9604.3,32
9605.5,37
9606.4,27
9607.0,5
9607.5,13
9607.5,14
9607.9,9
9608.1,12
9608.4,29
9608.5,2
9608.5,7
9609.3,15
9609.3,19
9609.4,25
9611.0,0
9613.2,10
9613.4,11
9613.4,35
9613.8,3
9614.1,34
9614.2,18
9614.2,26
9614.7,6
9614.8,32
9615.3,17
9615.6,8
9615.6,28
9616.2,12
9616.6,1
9617.4,36
9618.4,31
9618.8,33
9620.1,27
9620.3,21
9620.3,30
9620.4,4
9620.4,16
9620.5,25
9620.9,38
9621.2,13
9621.4,39
9621.8,37
9622.7,0
9622.7,7
9623.2,9
9623.8,23
9624.2,11
9624.6,31
9625.1,32
9625.7,12
9626.2,2
9626.2,5
9626.5,15
9626.5,14
9627.2,29
9627.7,1
9628.1,34
9628.9,28
9629.0,25
9629.5,6
9631.3,4
9631.5,17
9631.9,36
9632.2,3
9633.2,9
9633.2,27
9633.4,11
9634.4,31
9634.5,38
9634.6,0
9634.7,32
9635.5,37
9637.2,35
9638.1,23
9638.4,13
9640.0,8
9640.1,12
9640.2,7
9640.2,36
9640.8,25
9641.5,21
9642.5,39
9642.6,31
9642.6,14
9642.6,18
9643.2,3
9643.4,29
9644.0,4
9644.1,1
9644.1,5
9644.3,2
9645.1,9
9645.4,32
9645.5,37
9646.2,6
9646.9,30
9647.3,11
9647.5,12
9647.5,27
9647.5,38
9647.6,10
9649.0,25
9649.3,8
9649.9,0
9650.9,15
9652.7,36
9653.1,28
9654.5,31
9654.8,17
9655.1,14
9655.5,29
9656.1,4
9656.1,7
9656.3,1
9656.7,5
9657.2,12
9657.8,9
9657.8,37
9658.6,23
9659.0,25
9659.1,8
9660.6,6
9661.5,13
9662.0,11
9662.6,15
9662.8,31
9663.4,2
9663.4,32
9663.4,36
9664.1,35
9664.2,4
9664.5,0
9664.5,38
9665.9,27
9667.0,12
9667.4,3
9668.1,25
9668.4,11
9668.5,14
9668.5,1
9668.5,32
9669.0,30
9670.8,34
9670.8,39
9671.5,21
9671.5,37
9672.0,36
9672.1,28
9672.5,7
9673.5,9
9674.1,5
9674.9,13
9675.0,31
9675.5,0
9677.2,4
9677.6,17
9677.8,29
9678.2,8
9678.2,15
9678.3,32
9678.5,11
9679.1,14
9679.7,12
9680.1,35
9680.5,25
9680.7,2
9681.8,31
9683.0,9
9683.4,1
9683.4,27
9683.6,18
9683.7,37
9685.0,0
9686.2,38
9686.4,6
9686.6,28
9687.7,36
9688.4,32
9689.4,25
9689.7,2
9690.0,23
9690.6,12
9690.9,4
9691.3,14
9692.0,17
9692.0,29
9692.2,11
9693.1,31
9694.0,27
9694.1,0
9695.2,15
9695.4,5
9696.7,9
9698.4,37
9698.9,8
9699.2,25
9699.6,7
9699.7,34
9700.1,38
9700.6,14
9701.1,11
9701.1,32
9701.4,33
9701.7,31
9701.9,13
9701.9,21
9702.7,16
9703.5,12
9703.8,3
9704.0,28
9704.1,30
9704.1,35
9704.9,17
9705.1,4
9705.9,36
9706.5,1
9707.4,0
9708.1,39
9708.7,2
9708.7,15
9709.6,23
9709.8,6
9710.1,29
9710.3,9
9710.4,14
9710.4,27
9710.6,32
9711.6,12
9712.0,25
9712.9,11
9713.2,7
9713.2,38
9713.4,5
9713.6,31
9714.0,17
9714.7,4
9715.1,18
9717.7,8
9718.5,1
9719.7,0
9720.1,25
9720.7,30
9721.6,31
9721.6,36
9721.7,37
9722.2,12
9722.3,32
9722.6,9
9722.8,15
9722.8,19
9723.0,13
9723.1,3
9723.7,2
9724.4,4
9727.3,39
9727.6,14
9727.7,27
9728.7,0
9728.9,6
9729.4,17
9729.7,38
9729.8,11
9730.1,25
9730.6,23
9730.8,8
9731.0,35
9731.5,36
9731.7,9
9731.8,29
9731.9,12
9732.4,31
9733.6,32
9734.0,28
9735.0,4
9737.4,21
9737.6,0
9737.6,5
9737.7,1
9737.7,37
9737.8,15
9738.2,9
9739.6,14
9740.6,23
9741.1,31
9741.4,27
9741.5,25
9741.9,11
9742.4,13
9742.7,12
9742.8,39
9743.1,24
9743.8,2
9745.5,1
9745.9,4
9746.2,29
9746.4,38
9746.7,32
9746.8,7
9747.1,36
9748.5,14
9749.1,9
9751.4,8
9751.9,11
9752.0,25
9752.4,6
9752.6,28
9752.9,20
9753.1,37
9754.2,26
9754.5,31
9755.3,9
9755.7,15
9755.7,27
9756.0,32
9756.5,17
9756.5,21
9757.2,12
9757.5,0
9757.7,3
9757.8,4
9758.0,38
9758.3,1
9758.3,18
9758.4,5
9758.4,34
9758.4,35
9759.2,10
9759.2,14
9760.3,36
9760.8,37
9762.2,7
9762.2,25
9763.3,31
9763.5,11
9764.5,13
9765.7,2
9766.3,12
9766.6,39
9766.7,0
9767.3,9
9767.4,23
9767.6,8
9768.1,4
9768.7,38
9769.0,28
9769.3,15
9769.3,32
9769.9,14
9770.1,1
9770.1,31
9770.9,11
9772.9,25
9773.6,27
9773.8,36
9774.1,37
9774.3,6
9774.4,5
9774.9,12
9775.9,32
9776.3,0
9776.5,29
9777.6,17
9779.1,30
9779.2,9
9779.4,21
9779.5,4
9780.0,7
9780.0,11
9780.1,15
9780.6,25
9780.6,37
9782.1,14
9782.8,13
9783.2,31
9785.7,3
9785.8,27
9786.1,8
9786.3,18
9786.5,0
9786.5,32
9788.0,2
9788.9,12
9789.8,35
9789.9,1
9790.2,38
9790.3,23
9790.4,11
9790.5,25
9791.0,15
9791.1,9
9791.3,31
9791.7,4
9792.0,7
9792.3,36
9792.5,21
9792.6,37
9794.9,29
9795.4,17
9795.6,34
9795.9,6
9796.4,0
9796.5,27
9797.1,8
9797.2,5
9797.3,28
9797.8,14
9798.0,36
9798.4,32
9800.9,12
9800.9,39
9801.7,11
9801.8,13
9802.1,4
9802.1,31
9802.8,2
9803.3,38
9803.5,30
9803.6,1
9805.7,14
9805.9,0
9806.2,35
9806.5,7
9806.7,9
9807.2,23
9807.4,25
9807.7,28
9808.0,18
9808.3,12
9809.7,31
9812.2,36
9812.5,1
9812.5,3
9812.8,37
9813.3,11
9813.7,21
9813.9,17
9813.9,27
9814.0,16
9814.6,15
9814.8,6
9815.2,32
9816.3,25
9817.5,8
9817.9,31
9818.2,4
9819.7,12
9819.7,14
9820.2,2
9820.6,0
9820.8,5
9820.8,38
9821.2,9
9821.7,23
9821.9,13
9822.0,1
9822.0,27
9822.1,24
9822.2,32
9822.6,29
9824.9,11
9825.6,7
9826.8,25
9826.9,31
9827.7,36
9829.4,17
9829.8,5
9829.9,6
9829.9,15
9830.1,4
9830.3,37
9830.4,14
9830.7,3
9830.7,12
9830.9,24
9830.9,38
9831.2,35
9831.9,32
9833.5,25
9834.2,39
9835.2,31
9835.2,36
9836.1,11
9836.4,30
9836.5,1
9836.5,33
9836.8,9
9837.3,0
9837.5,8
9838.1,27
9838.1,28
9838.6,2
9839.0,23
9839.6,4
9839.8,37
9840.5,15
9840.5,16
9840.7,34
9840.9,18
9841.7,31
9841.7,32
9844.8,21
9846.1,0
9846.1,13
9846.4,6
9846.5,7
9846.7,12
9846.7,25
9847.1,14
9847.8,11
9848.7,9
9848.7,38
9849.0,29
9849.1,31
9849.9,3
9850.5,27
9851.3,17
9851.5,35
9851.8,4
9852.0,1
9852.7,8
9853.0,5
9853.8,12
9854.4,36
9854.6,2
9854.7,32
9855.6,25
9856.0,11
9856.8,7
9857.3,23
9858.1,31
9858.5,9
9859.2,0
9860.0,6
9860.0,37
9860.5,14
9861.1,18
9862.2,28
9862.3,10
9862.5,38
9863.1,1
9863.2,15
9864.2,32
9864.4,4
9864.4,25
9864.5,12
9864.6,13
9865.1,31
9866.1,11
9866.1,17
9870.0,9
9870.9,27
9871.2,21
9871.2,30
9871.6,29
9871.8,39
9872.0,8
9872.4,36
9872.5,12
9872.6,0
9872.7,32
9872.9,2
9873.0,14
9873.4,25
9874.4,5
9874.8,1
9875.7,31
9875.8,37
9876.0,11
9876.1,38
9876.5,4
9877.2,15
9877.2,23
9877.6,6
9879.5,9
9880.8,25
9881.3,32
9881.9,36
9882.1,13
9882.4,12
9882.4,17
9882.7,7
9883.8,14
9886.2,31
9886.3,28
9886.5,0
9886.7,21
9886.8,4
9887.7,19
9887.7,27
9887.8,34
9888.1,11
9888.5,37
9889.2,2
9889.2,9
9890.1,1
9890.2,12
9890.2,32
9890.7,8
9890.8,35
9891.0,38
9891.5,29
9893.1,25
9893.8,31
9894.0,17
9894.1,36
9895.0,15
9895.6,39
9897.7,11
9898.1,30
9898.6,16
9898.8,3
9898.9,12
9899.1,13
9899.2,18
9899.3,0
9899.5,4
9901.5,14
9901.8,8
9902.3,32
9903.2,27
9903.6,25
9904.1,36
9904.2,37
9904.3,6
9904.3,9
9904.6,2
9904.7,5
9904.7,29
9905.7,1
9906.3,31
9907.1,23
9908.8,12
9908.9,4
9909.1,13
9909.3,38
9909.5,21
9910.7,7
9911.0,32
9911.2,17
9912.3,9
9912.8,15
9912.9,28
9913.3,0
9913.3,25
9913.5,11
9913.5,33
9915.1,1
9915.9,14
9917.6,31
9917.9,8
9918.1,29
9918.3,12
9918.4,32
9918.5,4
9918.8,37
9919.6,34
9920.0,25
9920.2,11
9920.9,35
9921.2,38
9923.4,27
9924.1,36
9924.4,6
9925.8,2
9926.0,32
9926.4,13
9926.6,5
9927.0,3
9928.3,14
9929.1,9
9929.2,7
9929.2,37
9929.4,17
9929.4,25
9929.6,28
9929.7,0
9929.8,15
9930.1,1
9930.1,31
9930.2,12
9930.3,23
9931.8,29
9932.2,4
9933.0,24
9933.4,11
9933.4,38
9933.7,16
9934.2,8
9934.6,39
9934.7,10
9934.7,21
9934.8,32
9935.0,20
9935.1,30
9935.5,27
9937.1,5
9938.6,31
9940.0,25
9940.1,36
9941.0,14
9941.7,2
9941.7,9
9942.2,12
9942.3,0
9943.2,4
9943.4,1
9943.5,15
9943.9,21
9943.9,32
9944.8,17
9944.9,18
9945.2,11
9945.2,31
9945.2,37
9945.3,7
9945.9,13
9945.9,29
9946.4,14
9946.7,35
9947.7,25
9949.6,38
9950.0,28
9950.5,23
9950.6,8
9951.0,3
9951.1,33
9952.7,36
9953.7,12
9953.8,31
9954.4,11
9954.4,39
9954.6,27
9955.1,32
9956.0,6
9956.3,2
9956.8,9
9957.1,37
9957.4,0
9957.6,17
9957.9,4
9958.0,5
9958.7,25
9959.5,30
9959.9,1
9960.9,14
9962.1,8
9962.2,13
9962.2,29
9962.4,15
9962.6,12
9963.3,34
9964.1,11
9964.2,7
9964.8,36
9966.3,31
9966.4,2
9966.4,19
9966.4,4
9966.4,38
9966.9,25
9967.3,9
9968.0,18
9968.2,27
9968.6,35
9969.0,37
9969.2,32
9970.5,1
9971.7,10
9971.8,0
9972.1,6
9972.1,21
9972.7,17
9972.8,28
9973.8,12
9974.7,14
9975.0,11
9975.5,4
9976.3,23
9976.5,31
9977.1,25
9977.4,9
9977.7,38
9978.0,32
9978.8,3
9978.8,36
9979.6,15
9980.5,8
9980.6,13
9981.7,12
9982.4,27
9982.5,5
9982.8,1
9983.1,31
9983.8,37
9983.9,39
9984.3,0
9984.8,6
9985.0,16
9985.4,25
9985.5,29
9985.8,2
9986.1,14
9987.8,11
9988.6,8
9989.4,4
9989.5,7
9990.8,32
9991.0,23
9991.1,38
9991.2,28
9991.3,21
9991.4,9
9991.8,18
9992.1,31
9992.5,17
9992.8,34
9993.4,36
9993.6,25
9993.8,37
9995.3,12
9996.8,13
9997.0,14
9997.0,22
9997.6,11
9997.7,0
9998.5,32
9999.3,27
9999.6,35
9999.8,4
9999.8,15
