11.4,12
11.6,2
12.0,31
12.1,34
12.6,1
12.8,20
12.9,33
13.0,15
13.1,26
13.1,35
13.2,7
13.2,16
13.3,39
13.4,4
13.4,30
13.9,13
14.1,6
15.2,17
15.7,5
15.7,23
16.4,25
16.6,0
17.1,24
18.0,9
18.5,36
20.0,3
20.9,15
21.0,33
21.4,29
21.4,39
21.7,19
21.8,38
22.3,22
22.3,27
22.5,11
22.5,26
23.1,13
23.2,18
24.3,21
25.2,30
25.5,5
26.2,0
26.2,2
27.4,32
27.5,24
27.6,35
27.7,37
28.1,23
28.5,16
28.9,1
29.3,17
30.3,6
30.5,10
30.5,34
30.9,26
31.1,12
31.4,25
31.9,4
32.0,31
32.1,13
33.0,39
33.3,30
33.8,36
33.8,20
34.5,7
34.7,3
34.7,33
35.7,38
35.8,27
35.9,15
36.3,9
37.2,0
37.4,17
38.4,23
39.2,6
39.6,8
39.8,22
40.1,21
42.0,26
42.3,33
42.5,30
43.0,1
43.0,39
43.4,24
43.8,18
44.5,25
45.4,16
45.6,13
46.7,35
47.9,17
48.4,0
48.5,7
48.8,34
49.1,5
49.5,11
49.8,6
49.9,15
50.5,2
51.0,4
51.3,3
51.4,36
52.2,10
52.2,16
52.4,30
52.6,9
52.6,14
53.5,32
53.6,26
54.7,22
54.8,29
54.8,33
55.1,39
56.2,12
56.2,19
57.7,21
58.6,15
58.6,24
58.8,13
58.8,38
58.9,35
59.0,23
60.1,20
61.8,26
61.9,7
62.5,25
62.6,6
62.8,27
64.7,0
65.2,33
65.7,39
65.9,31
66.2,18
66.7,16
66.9,30
67.1,17
67.7,5
68.6,3
68.9,24
69.4,1
70.6,36
71.4,4
71.4,23
72.0,9
72.8,37
73.3,38
73.7,34
73.8,26
74.3,6
74.4,35
75.0,25
75.8,15
75.8,33
75.9,13
76.4,30
76.5,5
77.3,39
77.4,7
77.4,10
78.5,24
78.8,27
79.7,12
80.1,2
80.2,11
81.6,0
81.6,16
81.7,22
82.1,6
82.7,14
82.7,21
84.1,36
84.2,26
84.4,3
85.3,17
85.6,4
85.7,33
86.2,39
86.3,8
86.6,20
86.8,9
86.8,18
87.0,19
87.2,34
87.6,30
87.9,29
88.4,1
90.9,15
91.1,23
91.2,0
91.8,25
91.8,35
92.3,16
92.5,13
93.5,5
93.5,6
93.9,27
93.9,36
94.7,24
94.8,32
94.9,33
96.4,26
97.3,38
97.4,18
97.8,2
98.1,10
100.9,1
101.6,39
101.9,30
102.5,17
102.5,23
103.0,34
103.6,37
103.7,3
104.2,26
104.3,9
104.6,15
104.7,24
105.3,13
105.7,5
105.8,4
105.8,7
105.8,22
105.8,25
105.9,31
106.7,6
107.1,0
107.1,21
107.1,35
109.3,12
109.3,16
109.8,33
111.1,30
112.2,19
113.1,17
113.5,39
113.6,36
114.4,24
114.5,38
114.6,1
114.7,15
115.0,11
116.7,6
116.8,29
117.1,23
117.4,26
117.9,33
118.6,0
118.7,34
119.1,25
120.6,20
121.2,32
121.4,3
122.0,4
122.4,9
122.7,13
122.7,35
122.8,18
122.9,37
123.0,5
123.5,16
123.6,39
124.3,7
124.9,30
128.6,11
129.2,6
129.5,33
129.5,38
129.5,14
129.5,15
129.9,22
130.0,36
130.4,2
130.4,24
130.4,26
130.7,27
131.1,21
131.5,23
131.9,30
132.0,10
132.1,1
132.2,5
132.5,3
133.9,17
134.2,39
134.4,0
134.8,16
135.2,4
136.0,35
136.5,8
136.6,31
137.3,9
138.3,7
138.5,6
139.5,13
139.7,25
139.7,36
139.9,20
140.1,34
140.5,12
140.6,19
140.8,26
141.0,33
141.3,1
141.8,39
142.1,23
143.9,15
144.0,18
144.1,30
146.0,22
146.2,5
146.4,24
146.9,37
147.0,0
148.0,17
148.8,3
149.0,38
149.9,6
150.3,13
150.4,2
150.9,16
151.6,27
152.3,26
152.4,33
152.9,32
153.7,9
153.9,4
154.2,15
155.0,36
155.5,25
155.7,0
156.0,10
156.0,21
156.1,11
156.3,34
156.4,39
156.6,30
157.9,1
158.4,35
158.7,23
158.7,29
161.6,26
162.9,13
163.0,33
163.1,24
163.4,5
163.4,20
164.1,7
165.0,18
165.4,39
165.5,9
165.5,16
165.7,6
165.9,19
165.9,22
166.4,12
166.7,3
166.7,27
167.1,21
167.5,0
170.1,36
170.8,17
171.0,4
172.0,24
172.0,25
172.1,10
172.1,35
172.2,15
172.3,26
172.4,2
172.6,30
172.9,37
173.3,14
174.1,38
174.3,16
175.0,33
177.4,6
177.5,23
177.5,39
178.0,5
178.4,34
178.6,21
178.8,13
178.9,0
180.7,1
181.2,27
181.5,30
181.7,7
182.1,25
182.2,11
185.0,24
185.0,33
185.4,9
185.4,39
185.5,15
185.9,29
186.2,4
186.2,16
186.3,18
186.4,14
186.5,36
186.6,38
186.8,10
187.1,17
187.2,0
187.2,23
187.6,3
188.5,26
189.7,6
191.4,37
192.0,35
192.2,22
192.3,13
192.4,25
192.9,24
193.1,30
193.1,31
193.4,33
193.7,5
193.7,17
193.8,7
193.9,0
195.8,34
196.9,6
198.8,2
198.8,32
198.9,26
199.1,39
199.7,8
200.2,18
200.2,23
200.4,1
200.4,16
201.5,33
201.6,9
201.9,15
203.3,4
204.0,19
204.0,35
204.5,27
204.9,11
204.9,38
205.3,36
205.4,24
205.5,30
206.2,17
206.9,12
207.2,5
208.4,25
208.8,3
208.8,13
209.3,37
210.0,6
210.3,21
210.6,0
210.7,23
211.1,10
211.4,20
211.8,33
211.8,39
212.2,26
213.6,7
216.2,34
216.5,9
217.6,30
217.7,1
217.7,15
218.5,13
218.6,16
219.0,35
219.1,6
219.1,25
219.2,24
219.6,2
219.9,26
220.1,18
220.4,22
221.3,17
221.3,39
221.4,29
221.5,0
222.0,36
222.1,38
222.4,7
222.7,33
222.9,4
222.9,5
223.8,23
224.1,32
226.2,15
226.4,27
226.7,19
227.3,6
227.5,11
228.7,20
228.9,30
229.5,3
230.4,21
231.3,36
231.5,25
231.6,13
231.9,34
232.9,33
233.0,16
233.1,26
233.4,39
233.6,8
233.6,10
233.7,12
234.1,23
234.1,38
234.2,1
234.3,24
234.5,0
234.6,35
236.0,37
236.6,4
237.8,15
237.9,17
238.0,7
240.2,6
240.5,5
241.1,39
241.2,22
241.5,9
242.2,30
242.9,18
243.1,14
243.9,26
244.1,13
244.1,27
244.6,33
244.8,34
245.2,0
245.8,20
246.3,3
246.8,1
247.0,35
248.3,15
248.3,23
248.4,25
248.5,6
249.1,24
249.3,29
249.4,11
249.4,19
249.6,36
249.7,2
249.7,16
250.4,9
250.5,30
251.1,32
251.2,5
254.4,26
255.4,13
255.4,39
255.9,21
256.2,0
256.2,37
256.8,23
258.2,34
258.4,17
258.6,33
259.4,18
259.6,22
259.7,6
261.0,35
261.2,16
261.4,5
261.4,39
261.5,3
261.5,15
261.9,10
261.9,25
262.6,9
262.8,38
263.0,4
263.5,30
264.2,36
264.3,7
265.6,13
265.6,26
266.4,1
266.5,0
268.0,24
268.0,27
268.6,29
270.0,2
270.0,6
270.0,23
270.0,33
270.8,8
271.1,16
271.3,17
274.0,34
274.7,35
275.0,9
275.0,30
275.1,37
275.4,15
275.8,3
276.1,5
276.5,25
276.7,4
277.4,13
277.9,36
278.1,19
278.6,26
279.1,18
279.3,39
279.5,38
279.6,33
280.6,23
281.1,6
281.2,12
282.0,21
282.3,24
282.8,32
283.7,0
285.8,20
286.3,15
286.5,1
286.5,11
286.8,17
287.0,22
287.6,16
288.4,30
288.5,34
289.1,33
289.2,26
289.6,5
289.6,6
290.8,25
291.0,2
291.1,36
292.1,7
292.1,35
292.3,10
293.0,39
294.1,0
294.1,4
294.6,23
295.5,24
295.6,9
295.8,16
295.8,29
296.0,13
296.3,31
296.7,8
296.8,14
297.4,34
297.8,3
297.8,26
297.9,33
298.2,19
298.6,30
300.2,15
302.2,36
302.5,17
302.5,39
302.8,37
303.5,18
303.8,38
304.0,6
304.2,5
305.2,26
307.3,16
308.1,29
308.3,27
308.4,32
308.7,4
308.9,33
309.0,2
309.2,9
309.3,30
309.4,35
310.0,21
310.1,12
310.2,11
310.3,7
310.3,13
310.3,20
310.4,34
310.7,10
310.9,3
311.3,25
311.5,14
311.5,0
311.8,22
311.9,24
312.3,23
313.3,6
313.4,39
315.7,17
316.8,1
317.7,26
317.8,15
318.6,33
320.0,4
320.2,35
320.7,30
320.8,25
320.8,36
321.3,0
321.4,37
321.6,13
321.8,34
322.9,5
325.0,24
325.1,26
325.9,16
326.2,39
326.4,2
327.4,17
327.4,33
327.4,38
327.5,23
327.7,21
328.0,7
328.7,3
328.9,6
328.9,18
328.9,19
329.1,13
329.5,9
330.1,30
330.5,37
332.5,36
333.6,15
334.3,0
334.6,33
335.3,10
335.4,5
335.5,12
336.0,39
337.5,26
337.6,17
337.6,24
337.8,34
338.1,6
338.4,3
338.5,23
338.8,1
339.2,25
340.3,35
340.7,16
342.5,27
343.0,22
344.0,13
344.6,15
344.7,11
344.7,18
345.1,7
345.2,4
345.3,29
345.4,33
345.4,36
345.5,6
345.7,32
347.0,30
347.6,39
348.0,26
348.7,37
348.9,0
349.5,23
349.7,3
350.4,9
350.8,5
351.1,24
351.6,2
351.6,38
351.7,8
352.0,35
352.1,21
352.2,12
352.2,33
352.3,1
353.3,34
355.1,13
356.8,15
357.3,26
357.3,6
357.5,0
358.7,36
359.2,17
359.6,30
359.7,7
359.8,16
361.3,31
361.8,39
362.1,4
362.9,33
363.0,23
363.2,34
363.7,25
363.9,18
363.9,35
364.1,22
365.4,14
366.2,27
366.4,6
367.4,9
367.4,24
367.6,5
368.1,38
368.5,1
369.4,26
370.0,10
370.7,30
370.9,3
371.4,0
372.2,36
373.0,15
373.3,13
373.6,17
374.3,2
374.5,35
374.9,33
375.1,37
375.2,7
375.9,24
376.1,23
376.4,4
376.5,16
376.5,39
377.1,12
377.5,32
377.9,21
378.5,19
378.8,30
379.9,26
380.8,6
381.5,25
382.0,0
382.0,10
382.0,11
382.0,34
382.6,5
382.9,22
383.4,1
383.5,29
383.5,36
383.9,15
384.6,17
385.3,33
387.2,9
387.7,16
387.7,20
387.9,3
387.9,39
388.7,4
389.6,2
390.2,13
390.2,38
390.4,26
390.4,30
390.8,24
391.9,35
392.7,18
393.3,25
393.9,23
394.0,8
394.4,7
394.7,27
395.1,15
395.4,37
395.9,33
396.1,6
396.4,36
396.6,0
397.0,39
397.4,9
397.4,21
397.7,14
398.1,34
398.5,16
398.9,5
399.0,22
399.2,26
403.1,3
403.4,19
403.6,35
403.7,4
403.9,30
404.1,1
404.1,13
404.6,17
404.8,38
405.6,10
405.6,24
407.2,29
407.7,6
407.8,33
408.6,2
409.2,23
409.7,36
409.8,11
409.8,26
410.0,25
412.0,12
412.2,7
412.6,15
413.6,39
414.1,30
414.5,13
414.7,0
414.7,34
415.0,35
416.1,16
416.5,21
417.3,38
417.5,2
417.5,24
417.8,22
418.8,26
418.8,33
419.0,9
419.0,18
419.0,37
419.7,23
421.6,17
422.1,5
422.3,6
423.1,12
423.5,1
424.0,20
424.3,39
424.7,4
425.7,0
425.8,25
426.0,15
426.8,36
427.2,10
427.4,13
427.5,33
427.6,27
429.2,3
429.7,17
429.8,24
430.3,34
431.8,25
432.0,29
432.1,16
432.5,30
432.5,39
433.0,38
433.8,21
433.8,23
433.9,26
434.1,2
434.1,35
434.2,7
434.5,32
435.1,33
435.2,9
435.7,19
436.2,13
439.0,4
439.2,15
440.1,5
440.5,6
442.0,0
442.5,36
442.7,14
442.7,26
442.7,30
443.1,1
444.5,39
444.6,17
444.7,18
444.7,25
444.9,10
445.4,22
445.5,8
445.7,34
445.8,16
445.9,12
446.1,9
446.1,20
446.7,27
447.1,33
448.0,3
448.7,23
449.0,13
449.1,15
449.5,35
449.8,2
450.3,38
451.1,0
452.5,24
453.2,21
453.3,5
454.1,26
454.6,6
455.2,4
455.2,37
456.0,36
457.6,1
457.6,30
458.4,29
458.8,17
458.9,33
459.6,7
460.2,16
460.4,39
460.7,14
462.1,13
462.4,19
462.5,6
462.8,24
462.9,3
462.9,36
463.3,15
463.6,0
463.6,26
464.0,25
464.2,34
464.4,23
465.2,9
466.7,30
467.3,22
467.5,10
467.6,2
468.0,32
469.9,18
470.5,35
470.5,39
470.9,33
471.2,17
471.4,5
471.5,26
471.8,38
472.5,6
473.2,24
473.4,31
474.8,7
475.0,4
475.5,16
476.1,1
476.6,0
477.0,34
477.1,30
477.2,27
477.5,15
478.3,13
479.1,21
479.2,25
479.6,37
481.4,23
481.6,10
482.4,33
482.9,9
483.0,20
484.2,26
484.2,39
484.5,36
485.2,6
485.4,16
486.0,2
486.3,3
486.4,8
486.4,19
486.5,0
486.5,12
486.9,35
488.4,32
489.5,29
490.4,30
490.7,5
491.0,13
491.6,34
491.7,18
491.7,22
491.8,17
491.9,4
492.9,6
493.2,25
493.5,1
493.7,39
493.8,24
494.0,23
494.7,26
495.6,15
495.8,33
496.6,9
497.3,7
498.8,36
499.0,3
499.6,21
499.7,38
501.7,16
502.2,37
502.5,11
502.6,35
503.0,13
503.9,30
504.5,23
505.1,31
505.1,33
505.4,0
506.5,1
506.9,6
507.2,24
507.4,26
507.7,14
507.9,12
508.0,10
508.0,39
508.0,25
508.5,9
509.1,34
509.1,17
509.1,27
509.3,5
509.7,4
510.2,7
510.5,18
510.8,20
510.9,22
511.2,35
512.7,2
513.3,33
513.6,13
514.6,38
515.0,3
515.1,36
515.2,30
515.8,0
515.8,15
515.9,23
516.9,14
517.2,26
517.6,34
517.7,39
518.3,17
519.2,5
519.6,6
520.0,1
520.7,21
521.3,24
521.5,4
521.7,16
521.8,30
523.5,19
523.5,36
524.7,25
524.7,27
524.7,33
526.0,26
527.1,32
528.0,37
528.2,0
528.2,9
528.5,31
528.7,34
529.1,18
529.6,39
529.9,2
530.0,29
530.1,33
530.4,17
530.5,13
530.5,15
530.6,35
531.9,22
532.0,12
532.0,20
532.0,30
532.6,16
532.8,23
533.5,24
533.6,1
533.7,3
534.7,5
535.6,11
536.2,6
536.4,7
537.1,26
538.5,2
539.3,27
539.8,15
540.0,33
540.0,38
540.1,0
540.2,39
540.6,8
541.4,4
542.0,36
543.4,30
544.0,24
544.5,9
544.6,34
544.8,25
544.9,18
545.0,10
546.3,26
546.4,16
546.5,22
546.5,23
546.7,5
547.2,0
547.4,21
547.6,35
547.7,13
547.9,1
548.6,33
548.7,6
549.2,39
549.8,37
552.1,17
552.4,19
553.1,20
553.5,15
554.2,14
554.3,7
554.5,3
554.7,26
557.1,4
557.5,6
557.9,25
558.8,30
559.1,33
559.4,1
559.9,2
560.0,34
560.1,23
560.1,29
560.2,0
560.2,13
561.2,38
561.5,16
561.5,15
561.5,39
561.9,27
562.0,35
562.8,9
562.9,36
563.0,12
563.4,17
564.0,24
564.4,5
565.9,26
566.1,30
566.3,25
566.7,13
566.9,6
567.0,18
568.2,7
568.2,10
568.6,39
569.9,21
570.2,32
572.4,3
573.1,0
573.7,33
573.7,11
573.9,22
574.2,16
574.2,23
574.2,26
574.2,34
574.3,4
574.4,8
575.1,15
575.1,19
576.2,36
577.3,25
578.2,30
579.6,35
580.2,6
580.6,1
581.2,24
581.7,39
582.0,13
582.0,17
582.4,33
582.7,27
583.0,9
583.0,26
583.0,38
584.5,15
585.2,5
585.7,12
586.2,7
586.4,23
586.4,30
589.5,25
590.4,37
590.5,0
591.2,18
591.3,13
591.4,33
591.8,21
592.0,6
592.2,34
592.8,32
592.9,35
593.3,4
593.9,16
594.1,10
594.3,39
594.7,24
595.6,15
595.8,36
596.7,26
596.8,2
597.4,17
597.6,31
597.9,3
598.3,5
598.7,9
600.0,1
600.4,33
600.5,29
600.6,22
601.0,30
601.3,6
601.3,7
601.7,23
602.6,0
602.8,20
602.8,39
603.3,25
603.5,34
604.3,11
604.3,17
604.3,27
606.6,15
606.6,38
607.1,26
607.3,24
608.3,16
608.6,13
609.2,19
609.3,33
610.1,36
610.8,35
611.8,12
612.0,7
612.0,5
612.8,18
612.8,30
613.7,21
613.8,39
614.1,25
614.2,4
614.3,3
614.3,14
614.4,0
614.9,23
617.4,17
617.7,26
617.8,34
618.2,6
618.3,1
619.7,13
619.7,33
620.3,2
620.7,15
620.8,9
621.9,37
622.1,27
622.8,10
623.1,16
623.9,38
624.0,30
624.6,24
625.0,22
625.7,5
626.0,36
626.0,39
626.9,26
627.3,6
628.2,18
629.1,33
629.7,25
629.8,3
630.5,23
631.1,0
632.1,30
632.1,35
632.7,21
633.3,17
633.4,4
633.6,12
634.5,1
634.9,16
635.6,32
635.9,13
636.5,37
636.8,39
638.3,26
638.7,29
638.8,14
638.9,6
639.0,33
639.4,34
639.7,15
639.7,24
640.2,11
640.5,9
640.6,36
640.9,30
642.2,5
643.4,0
644.7,2
644.7,17
644.9,25
645.7,3
646.3,7
646.3,19
646.7,13
646.7,23
646.7,38
646.7,39
647.1,27
648.9,1
648.9,4
649.5,8
649.5,20
649.8,33
649.9,24
650.2,35
650.3,6
650.3,26
650.6,34
651.0,5
651.9,16
652.0,18
652.3,12
652.5,22
652.5,36
653.2,30
653.9,3
655.0,10
655.6,21
655.7,39
655.8,9
655.9,15
656.8,25
656.9,13
656.9,23
657.5,0
658.5,27
659.1,33
659.2,7
659.3,26
659.5,2
659.8,17
660.0,6
661.1,37
661.5,32
663.5,31
664.8,38
664.9,4
664.9,24
665.0,5
665.1,39
665.4,30
666.1,16
667.0,18
667.2,0
667.2,35
667.3,1
667.3,17
667.5,26
667.6,13
667.6,29
667.7,34
668.3,23
669.6,15
670.0,3
670.6,33
671.1,6
671.4,36
671.7,25
672.6,9
673.9,10
674.2,20
674.3,11
674.5,30
675.1,19
675.2,32
675.9,26
676.3,21
676.4,5
677.1,33
677.2,1
677.3,39
679.8,2
679.9,6
680.3,0
680.5,24
680.6,22
680.8,7
681.0,37
681.4,4
681.6,23
682.5,8
684.0,9
684.0,13
684.0,35
684.0,38
684.4,30
684.4,39
684.5,15
684.8,3
685.4,25
685.7,17
686.5,34
687.5,6
688.4,16
688.8,33
689.4,36
689.7,29
690.4,26
691.0,27
691.4,24
691.7,5
692.3,22
692.9,23
693.1,12
694.6,30
694.7,38
695.7,0
696.3,15
696.4,21
696.5,4
696.9,33
697.0,39
697.1,35
698.1,13
698.1,18
698.3,14
698.9,7
700.4,2
700.4,23
700.9,1
700.9,3
700.9,6
701.1,9
701.6,25
702.4,26
703.0,17
703.2,34
703.4,36
703.7,24
704.9,32
705.3,10
706.1,39
706.4,30
706.9,16
706.9,33
706.9,35
707.0,15
707.0,21
707.2,20
708.1,19
708.8,2
708.8,27
709.0,5
709.3,26
711.5,0
712.2,38
712.3,12
712.5,1
712.6,6
712.8,24
713.0,4
714.1,17
714.3,22
715.7,25
715.9,7
715.9,13
716.3,30
716.7,11
717.1,37
717.6,33
718.0,18
718.1,9
719.2,23
720.0,6
720.2,39
720.7,36
721.4,3
721.5,15
722.0,34
722.6,2
722.9,4
723.1,0
723.6,21
723.7,5
724.3,26
724.3,30
724.4,33
726.1,29
727.9,1
728.5,25
728.5,32
729.1,27
729.8,17
729.8,39
730.0,16
730.1,37
730.2,13
730.8,23
730.9,35
731.7,24
731.9,12
732.9,5
733.2,22
734.5,9
734.5,38
734.8,6
734.9,34
735.2,0
736.5,30
736.7,26
737.2,3
738.4,33
739.7,2
740.2,39
740.3,20
741.7,15
741.9,14
742.0,7
742.2,4
742.6,13
742.6,36
742.7,25
742.8,19
743.1,17
743.2,10
744.2,11
744.5,21
744.6,0
744.7,1
744.7,26
745.5,6
745.5,18
745.8,35
746.4,24
746.6,23
747.2,5
747.4,12
749.3,3
749.9,16
750.2,33
751.2,30
751.7,34
752.2,27
752.6,9
753.0,39
753.0,2
753.2,4
753.6,26
753.7,13
753.8,15
753.8,25
754.4,17
758.0,10
758.2,0
758.3,6
758.6,5
758.8,22
760.3,19
760.7,23
760.7,36
760.8,38
761.3,33
762.0,18
762.0,37
762.2,1
762.6,30
763.5,20
763.9,16
764.1,14
764.1,21
764.3,26
765.1,39
765.4,29
765.6,7
766.2,3
766.5,34
766.6,25
766.8,17
766.8,35
766.9,0
767.4,13
767.4,15
767.4,27
767.6,24
767.8,23
768.3,6
768.3,9
768.4,4
770.2,12
772.9,33
773.2,36
773.4,5
773.7,32
773.8,30
774.8,2
774.9,39
775.2,31
775.7,26
776.0,35
776.3,10
776.3,16
776.9,25
777.0,24
779.7,17
780.0,34
780.1,15
780.3,1
780.6,23
780.9,4
781.0,0
781.1,6
781.2,33
781.7,38
782.5,13
782.8,39
782.9,22
783.5,26
783.6,36
784.3,30
785.5,5
786.2,18
786.5,7
786.5,19
787.0,9
787.8,37
787.9,20
788.3,3
791.3,35
792.0,6
792.0,21
793.4,16
793.7,29
793.8,11
793.8,25
794.1,15
794.5,13
794.6,0
794.6,30
794.9,34
795.0,12
795.5,33
796.0,26
796.3,5
796.4,24
796.5,2
796.6,4
797.1,38
797.3,3
797.3,39
797.4,8
798.7,36
798.9,10
799.5,0
799.5,17
799.5,27
801.8,1
801.9,16
803.2,6
803.2,18
803.5,15
804.5,7
805.7,34
806.1,22
806.4,23
806.7,13
809.0,30
809.2,35
809.3,26
809.8,32
809.9,36
810.2,17
810.5,5
810.5,37
810.8,20
810.8,24
810.9,33
811.1,21
811.2,25
811.4,2
811.8,9
812.1,39
812.2,6
812.3,10
812.5,0
812.8,3
812.8,4
814.9,19
815.0,38
816.7,27
817.8,15
817.8,34
819.0,7
819.0,26
819.1,1
819.6,30
820.2,9
820.4,5
821.0,12
821.0,16
821.1,22
821.4,23
821.7,13
821.8,2
822.4,18
822.4,24
822.8,11
823.4,39
823.7,6
825.3,4
825.6,0
825.7,8
825.8,33
826.0,36
827.2,17
827.6,35
828.5,26
830.3,24
831.5,39
831.8,20
832.2,3
832.3,23
832.8,38
832.9,25
833.4,5
833.4,13
833.4,15
833.4,30
833.4,33
833.5,22
833.6,29
833.7,9
834.2,34
834.3,16
834.4,21
834.5,6
834.7,1
835.5,0
835.6,26
835.8,7
837.0,36
837.1,32
837.6,18
838.4,27
839.3,35
841.1,19
842.2,17
842.5,2
842.7,15
844.0,33
844.1,39
844.6,5
844.6,30
844.8,4
845.4,10
846.1,24
846.7,13
847.1,11
847.4,6
847.8,28
848.9,12
849.0,1
849.0,16
849.1,0
849.1,34
849.5,37
851.7,3
851.8,23
852.4,25
852.7,33
852.9,26
853.0,7
853.2,39
853.3,22
854.5,9
854.5,21
854.9,35
855.4,36
855.6,32
855.9,30
856.1,14
857.2,15
857.6,38
857.9,0
858.4,12
859.0,13
859.1,24
859.2,6
861.3,27
861.8,4
861.8,23
862.6,26
862.9,10
862.9,29
863.4,33
863.7,39
863.9,18
864.0,25
864.3,2
864.4,1
864.4,16
864.6,5
864.8,17
865.3,7
867.4,3
867.6,15
869.0,6
869.2,0
870.1,13
871.0,35
871.8,30
872.8,24
873.0,22
873.5,36
874.5,33
874.6,19
874.7,38
875.2,2
875.2,9
875.2,23
875.3,25
875.8,11
875.8,17
876.2,26
876.8,15
877.1,39
877.9,34
878.8,5
879.6,16
879.6,29
879.8,12
879.9,30
880.1,3
880.3,20
880.5,37
880.7,0
880.7,4
880.7,32
880.8,18
881.1,21
881.9,26
882.0,6
882.2,1
882.2,7
883.6,27
883.9,33
884.6,10
884.7,35
886.0,25
886.4,13
887.7,17
887.9,23
888.4,24
890.0,9
890.1,18
891.3,4
891.9,33
891.9,39
892.1,19
892.4,15
893.0,0
893.3,16
893.3,36
893.3,38
893.4,7
893.4,26
893.6,6
893.8,2
895.3,30
896.9,21
897.4,35
897.9,13
898.1,31
898.2,25
898.3,5
898.7,34
898.9,22
899.6,17
900.8,1
901.0,39
903.4,3
904.0,11
904.2,10
904.4,33
905.0,30
905.1,0
905.1,6
905.3,37
905.6,24
905.9,23
906.1,26
906.3,14
906.4,15
906.4,28
906.8,32
907.4,38
907.5,9
908.3,39
908.9,18
909.3,27
909.4,5
909.4,19
910.6,4
910.6,13
911.3,36
911.5,16
911.7,29
911.8,2
911.9,20
913.1,3
913.7,25
914.7,0
915.5,23
915.7,7
915.7,33
915.9,6
915.9,17
916.2,34
917.2,21
917.5,12
917.7,1
918.2,26
918.2,39
918.5,30
918.6,15
919.3,18
919.9,24
920.8,35
922.7,5
924.4,16
924.6,10
925.4,29
925.6,26
925.9,0
927.1,33
927.7,2
927.8,9
928.3,11
928.5,13
928.7,37
928.7,39
929.2,6
929.2,25
929.2,30
929.2,35
929.4,20
929.8,22
929.8,36
930.0,17
930.3,23
930.4,3
930.4,32
931.2,4
931.6,38
932.8,24
933.0,18
933.6,1
934.4,15
936.7,21
937.4,26
937.7,5
937.7,30
937.7,33
938.1,7
938.4,0
938.5,19
938.5,27
939.8,6
940.0,16
940.2,14
940.3,9
940.8,4
940.8,10
940.8,39
941.2,17
941.2,32
945.7,33
946.1,13
946.1,26
946.2,25
946.4,1
946.4,38
946.8,3
946.9,35
947.0,12
947.3,2
948.4,23
948.6,15
949.0,36
949.5,39
949.7,16
950.3,30
950.5,0
950.5,6
950.5,34
951.0,22
951.4,24
952.5,20
953.4,10
953.6,18
954.1,3
954.8,13
954.9,25
957.1,17
957.1,33
958.1,0
958.3,26
959.6,5
959.6,27
959.8,37
960.3,4
960.7,6
960.7,7
961.9,1
962.3,30
963.3,21
963.5,36
964.5,23
964.5,25
964.6,33
964.7,15
964.8,2
964.8,11
964.8,29
964.8,35
965.0,39
965.6,38
967.1,24
967.7,26
969.1,9
969.4,16
969.8,34
970.1,19
970.8,4
971.2,6
971.2,33
971.5,0
971.5,5
971.5,15
971.9,30
972.7,20
972.8,39
972.9,3
973.2,35
973.8,1
974.4,17
975.5,23
975.7,18
975.9,12
977.2,13
977.3,24
977.4,26
977.5,22
978.2,27
978.6,36
978.8,0
978.9,14
979.7,34
980.8,11
981.3,2
981.7,15
982.9,33
983.4,16
983.8,37
984.1,9
986.0,6
986.2,1
986.3,21
986.6,30
986.8,25
987.0,26
987.7,10
987.8,39
987.9,7
988.0,4
988.0,35
988.1,19
988.2,32
988.8,3
988.9,8
988.9,17
990.9,0
992.3,5
992.4,13
993.3,31
993.4,24
993.7,23
993.8,18
994.0,15
995.4,9
996.9,30
997.5,29
997.7,34
997.8,33
998.2,22
998.3,7
998.6,39
999.2,25
999.3,17
999.4,38
999.5,26
999.8,36
1000.3,2
1000.4,14
1000.7,1
1001.5,18
1002.4,21
1002.8,6
1003.5,23
1003.9,4
1004.1,35
1004.2,27
1004.4,37
1005.2,16
1005.7,0
1005.8,5
1006.1,13
1006.4,3
1006.9,26
1007.7,15
1008.4,30
1008.5,24
1008.7,33
1009.8,32
1011.2,2
1011.2,34
1011.5,39
1011.9,6
1013.5,1
1014.4,22
1015.0,12
1015.3,21
1015.4,25
1015.5,10
1016.0,23
1016.3,36
1016.7,0
1017.0,15
1017.0,17
1017.2,33
1017.4,35
1017.8,9
1018.0,26
1018.9,39
1019.5,11
1019.5,16
1020.3,13
1020.6,5
1021.4,20
1021.9,18
1022.5,3
1022.5,38
1023.1,6
1023.4,34
1023.7,19
1024.4,24
1024.5,30
1026.0,29
1026.3,36
1026.7,23
1026.9,4
1027.3,7
1027.9,26
1028.8,39
1029.5,33
1029.7,1
1030.6,14
1030.6,37
1030.8,6
1030.9,25
1031.2,30
1031.3,27
1031.7,0
1032.3,35
1032.4,15
1033.0,21
1033.1,17
1033.2,2
1033.5,18
1033.6,3
1034.3,10
1034.3,24
1034.7,16
1036.4,9
1037.0,26
1037.4,22
1038.5,32
1038.5,4
1039.2,8
1039.3,34
1039.4,36
1040.5,13
1040.7,39
1041.1,33
1041.3,23
1041.5,5
1042.5,30
1042.9,3
1043.4,12
1044.2,2
1044.2,6
1044.3,0
1044.6,15
1044.6,38
1044.6,37
1045.1,17
1045.9,25
1049.4,13
1049.5,1
1050.1,24
1050.4,35
1050.4,39
1050.7,21
1050.7,33
1050.7,36
1052.4,16
1052.5,11
1052.7,0
1052.7,4
1052.9,7
1054.2,5
1054.9,6
1056.3,9
1056.5,23
1056.5,27
1056.8,3
1057.1,18
1057.2,26
1057.9,30
1059.4,35
1059.7,32
1060.0,4
1060.2,25
1060.8,19
1061.0,34
1061.2,17
1061.2,24
1061.4,29
1062.9,15
1062.9,39
1063.7,13
1064.6,18
1065.4,33
1065.7,38
1066.0,1
1066.2,30
1067.0,26
1067.1,16
1067.4,36
1068.2,37
1068.3,23
1068.7,6
1069.2,22
1071.5,5
1071.6,25
1073.4,7
1073.5,12
1073.7,21
1074.1,35
1074.3,0
1074.3,9
1074.5,11
1074.5,33
1074.8,4
1074.8,2
1075.2,26
1075.3,15
1075.3,39
1075.7,34
1076.0,3
1076.3,6
1076.3,24
1077.7,16
1078.4,13
1078.6,17
1079.8,20
1080.3,31
1080.9,19
1081.8,34
1081.9,23
1081.9,30
1082.6,10
1082.8,33
1083.0,29
1083.1,32
1084.7,27
1085.5,5
1085.7,22
1085.8,25
1085.9,15
1086.0,21
1086.2,36
1086.6,18
1086.8,0
1086.8,39
1087.0,26
1087.3,14
1087.5,12
1087.7,1
1088.1,6
1088.9,38
1089.5,24
1090.3,3
1090.6,4
1091.7,7
1092.0,30
1092.1,13
1092.4,35
1093.5,2
1094.4,17
1094.8,33
1095.3,9
1095.5,16
1095.7,0
1095.7,23
1096.2,34
1096.8,39
1097.2,26
1097.2,6
1097.8,25
1098.5,15
1099.7,22
1100.9,5
1101.2,27
1102.1,10
1102.4,24
1102.5,11
1103.9,36
1103.9,37
1104.5,1
1104.6,38
1104.8,33
1104.9,12
1105.1,6
1105.9,17
1106.2,23
1106.8,13
1107.8,30
1108.5,16
1108.5,21
1108.6,4
1108.7,20
1108.8,9
1109.4,39
1109.5,5
1109.5,26
1109.7,0
1109.7,7
1111.0,15
1111.3,33
1111.7,3
1111.8,19
1112.7,35
1113.6,34
1113.7,6
1114.1,2
1116.0,36
1118.1,18
1118.4,30
1118.7,24
1118.8,22
1119.0,1
1119.2,39
1119.3,25
1119.6,4
1119.6,29
1120.5,15
1120.8,37
1120.9,2
1121.0,26
1121.2,19
1121.2,32
1121.5,21
1121.8,13
1122.0,0
1122.0,9
1122.1,35
1122.2,6
1122.4,5
1122.4,16
1122.7,38
1123.0,33
1123.5,3
1123.6,27
1123.7,17
1123.9,34
1126.0,30
1127.7,23
1128.0,12
1128.7,24
1129.6,10
1129.8,20
1129.8,33
1129.9,8
1130.7,22
1131.0,25
1131.4,39
1132.4,7
1133.1,26
1133.4,0
1133.4,6
1134.3,36
1134.7,4
1135.6,18
1136.1,15
1136.1,34
1137.8,30
1138.5,17
1139.3,1
1139.7,16
1140.7,21
1140.8,2
1140.9,35
1141.1,23
1141.1,33
1141.1,3
1141.3,11
1141.4,26
1141.7,27
1141.8,9
1141.8,39
1142.0,13
1142.5,5
1144.8,4
1145.4,19
1145.7,15
1146.3,24
1146.4,6
1146.4,7
1147.4,25
1148.1,32
1148.4,30
1148.5,29
1148.6,33
1148.9,13
1149.4,39
1150.1,0
1150.2,3
1150.2,37
1150.6,36
1151.0,23
1151.0,26
1151.8,10
1152.6,34
1154.1,5
1154.6,38
1154.9,31
1155.2,22
1155.8,20
1156.0,12
1156.2,6
1157.0,0
1157.6,16
1158.3,35
1159.4,24
1159.8,17
1159.9,13
1161.2,25
1161.4,1
1161.6,18
1161.8,9
1162.0,23
1162.1,39
1162.5,33
1162.7,21
1162.7,30
1163.4,27
1163.7,26
1163.7,37
1164.0,11
1164.1,19
1165.0,32
1165.3,2
1165.4,4
1166.7,5
1166.8,15
1168.3,6
1168.8,36
1169.1,3
1170.9,22
1171.5,14
1171.6,30
1171.9,25
1172.1,7
1172.9,0
1173.1,17
1173.5,24
1173.9,26
1174.0,1
1174.0,33
1174.1,23
1174.3,13
1175.7,34
1176.0,18
1176.1,16
1176.2,4
1177.2,39
1177.3,9
1177.7,35
1177.9,37
1178.4,15
1178.5,2
1180.6,6
1181.1,30
1181.7,29
1181.8,26
1181.8,36
1182.1,38
1183.1,0
1183.1,16
1183.2,10
1184.7,20
1184.9,25
1185.0,5
1185.0,33
1185.1,17
1185.6,13
1185.9,8
1186.1,19
1186.2,3
1186.6,39
1186.7,1
1187.0,23
1187.1,24
1187.3,21
1187.6,15
1187.8,27
1188.0,4
1188.9,22
1191.4,11
1192.0,12
1192.2,9
1193.9,7
1194.0,26
1194.1,6
1194.2,2
1195.0,30
1195.3,16
1195.5,35
1195.9,15
1196.3,39
1196.5,33
1197.1,37
1197.3,0
1197.4,4
1197.5,36
1197.5,25
1200.5,32
1200.6,18
1201.0,13
1201.5,17
1201.5,24
1201.5,34
1202.9,23
1203.1,33
1203.1,38
1204.3,3
1204.5,26
1205.0,1
1205.6,30
1206.9,5
1207.1,39
1207.2,0
1207.3,21
1207.8,15
1208.8,33
1210.0,36
1210.2,10
1211.6,7
1212.4,16
1212.4,25
1212.6,6
1213.8,13
1214.8,4
1215.4,12
1215.4,26
1215.6,30
1216.0,17
1216.1,27
1216.7,0
1216.8,9
1216.8,34
1216.9,23
1216.9,24
1217.3,3
1218.5,38
1219.6,15
1219.6,35
1221.0,33
1221.4,5
1221.5,18
1222.5,20
1223.1,13
1224.1,36
1224.1,39
1224.3,19
1224.5,21
1224.7,16
1224.7,32
1224.8,6
1225.4,26
1225.5,0
1226.9,2
1227.4,4
1227.5,22
1228.0,1
1228.9,17
1229.7,23
1229.9,11
1230.0,25
1230.2,8
1230.6,33
1230.6,34
1230.8,7
1230.8,30
1231.2,24
1231.3,27
1231.7,5
1233.8,37
1234.5,35
1234.6,15
1234.7,36
1235.1,6
1235.5,14
1235.5,26
1236.1,3
1236.1,39
1237.5,9
1237.5,32
1237.6,38
1238.2,33
1238.7,0
1240.1,10
1241.7,16
1242.6,17
1242.6,39
1242.7,2
1243.0,13
1243.2,34
1243.5,25
1243.6,4
1243.7,26
1244.0,24
1244.5,1
1244.6,5
1244.6,6
1244.8,22
1244.8,31
1245.0,20
1245.3,30
1249.0,27
1250.1,18
1250.5,23
1251.0,12
1251.7,33
1251.7,34
1251.8,7
1252.1,15
1252.9,16
1253.0,9
1253.6,0
1254.2,21
1254.2,32
1254.2,29
1254.2,39
1254.4,6
1254.4,35
1254.7,30
1254.9,13
1255.1,24
1255.5,36
1256.7,26
1258.4,3
1258.7,33
1259.7,25
1260.0,37
1260.3,4
1260.3,15
1260.5,17
1261.4,2
1261.4,22
1261.5,5
1261.7,23
1261.8,10
1263.1,39
1265.1,1
1265.3,6
1265.9,0
1265.9,7
1265.9,24
1266.1,12
1266.1,30
1266.6,33
1267.3,16
1267.7,26
1267.9,13
1269.3,8
1269.9,34
1270.2,35
1270.2,38
1270.9,19
1271.1,17
1272.2,27
1272.4,25
1273.3,3
1273.6,36
1274.4,4
1274.4,33
1274.4,18
1275.2,21
1275.4,20
1275.5,14
1275.9,15
1275.9,30
1276.0,26
1276.3,16
1276.6,5
1276.6,23
1277.1,22
1277.2,6
1277.6,0
1278.1,32
1278.3,24
1278.5,9
1278.6,39
1280.0,34
1280.9,17
1281.2,37
1281.6,2
1282.8,1
1283.4,29
1283.6,25
1285.2,7
1285.8,33
1286.2,6
1286.5,10
1287.3,13
1289.6,0
1289.9,3
1290.3,23
1291.7,15
1291.7,27
1292.0,21
1292.2,16
1292.2,30
1292.3,19
1292.3,39
1292.4,5
1292.4,22
1292.5,26
1293.0,24
1293.0,28
1293.1,12
1293.7,4
1295.2,33
1295.3,34
1296.9,17
1297.0,9
1297.2,11
1297.6,1
1298.0,37
1298.1,13
1298.7,7
1298.9,6
1299.0,3
1299.2,35
1299.5,38
1300.0,25
1300.2,0
1300.2,36
1300.3,30
1300.6,15
1301.0,18
1301.6,39
1301.9,26
1302.4,24
1304.2,23
1305.0,2
1305.1,20
1305.8,5
1306.9,33
1307.0,6
1307.8,4
1307.8,15
1308.5,25
1309.3,30
1309.5,16
1309.6,27
1310.1,9
1310.3,13
1310.5,21
1311.1,10
1312.9,0
1313.9,26
1314.5,19
1315.0,33
1315.1,12
1315.7,35
1316.2,6
1316.3,1
1316.4,24
1316.4,34
1317.7,3
1318.4,39
1318.7,14
1318.7,23
1319.1,17
1319.3,36
1319.6,22
1319.7,29
1319.9,5
1320.0,7
1321.5,15
1321.7,18
1322.1,11
1322.3,13
1323.6,38
1323.8,2
1324.6,30
1325.3,31
1325.3,37
1325.4,16
1325.4,25
1325.6,26
1327.0,33
1327.5,6
1327.8,9
1328.3,0
1328.3,21
1330.2,4
1330.6,5
1330.8,35
1330.8,39
1331.2,24
1332.1,15
1332.1,17
1332.3,23
1333.5,3
1333.7,1
1333.9,27
1334.0,20
1334.2,22
1335.0,13
1335.3,10
1335.7,26
1335.8,0
1335.9,34
1335.9,36
1336.3,7
1336.8,25
1337.3,19
1338.1,33
1338.8,30
1339.3,38
1339.6,12
1340.2,16
1340.5,35
1341.0,18
1341.6,6
1341.6,21
1343.0,14
1343.6,39
1343.9,17
1344.3,4
1344.5,5
1344.6,26
1344.8,29
1345.6,23
1345.8,36
1346.2,25
1346.7,24
1346.9,15
1348.9,32
1349.1,33
1349.8,30
1350.1,13
1350.2,14
1350.5,6
1350.7,37
1352.2,39
1354.0,0
1354.4,18
1354.9,8
1354.9,9
1354.9,16
1355.1,1
1355.5,34
1355.8,35
1356.1,5
1356.2,19
1356.2,20
1356.4,26
1356.4,27
1356.6,4
1356.8,22
1356.8,33
1356.8,2
1357.0,10
1357.1,13
1357.3,7
1357.3,29
1357.4,36
1358.0,24
1358.1,3
1359.7,25
1360.6,17
1360.9,15
1361.6,0
1362.8,23
1362.9,30
1363.2,1
1363.2,39
1363.6,11
1363.7,28
1364.1,38
1364.8,21
1367.4,24
1368.2,26
1368.2,36
1368.3,5
1368.4,33
1368.5,7
1368.7,4
1368.7,6
1368.7,10
1369.2,25
1369.5,13
1369.9,30
1369.9,34
1370.1,16
1370.2,12
1371.7,3
1372.1,37
1372.3,17
1374.6,0
1374.8,31
1375.8,15
1375.9,26
1376.0,29
1376.1,39
1376.2,1
1376.4,2
1376.7,27
1376.8,23
1377.0,35
1377.3,18
1377.9,34
1378.3,20
1378.6,25
1380.2,24
1380.6,16
1380.7,13
1380.9,33
1380.9,38
1381.1,6
1381.2,22
1381.5,30
1381.7,9
1381.8,5
1382.0,36
1382.2,32
1382.3,0
1385.2,3
1387.5,26
1387.7,11
1387.8,39
1388.1,17
1388.1,19
1389.3,33
1389.5,1
1389.8,7
1389.9,24
1390.0,15
1390.6,4
1390.9,6
1391.3,27
1392.4,21
1392.8,30
1392.9,10
1393.0,23
1393.0,29
1393.2,0
1393.9,12
1393.9,16
1395.9,22
1396.0,35
1396.2,13
1396.5,5
1396.9,25
1397.4,34
1397.6,9
1397.8,33
1398.7,18
1399.1,6
1399.4,26
1399.7,20
1399.7,38
1400.2,4
1400.7,15
1401.3,39
1402.3,36
1403.7,0
1403.9,30
1405.3,2
1405.5,17
1405.8,32
1406.0,37
1406.1,33
1406.2,24
1406.4,35
1406.9,3
1407.1,25
1407.4,6
1408.2,26
1408.7,7
1409.1,8
1409.3,1
1409.9,13
1409.9,21
1411.2,15
1411.9,18
1412.2,16
1412.3,27
1412.7,9
1413.4,30
1413.5,10
1414.0,23
1414.4,4
1415.2,12
1415.8,0
1416.7,39
1417.0,5
1417.2,22
1417.3,26
1417.5,33
1419.0,7
1419.5,34
1419.9,6
1419.9,24
1420.3,2
1420.5,3
1420.9,35
1421.8,13
1422.0,20
1422.6,25
1423.1,30
1423.9,11
1424.7,17
1425.2,10
1426.2,4
1426.3,16
1426.6,36
1427.1,15
1427.4,33
1427.6,22
1428.8,26
1429.5,35
1430.0,0
1430.1,23
1430.9,6
1431.1,37
1431.3,39
1431.4,1
1431.5,9
1432.3,3
1432.5,5
1433.2,30
1433.5,24
1434.3,15
1434.5,38
1434.8,7
1436.1,27
1436.7,4
1437.6,36
1438.1,0
1438.1,18
1438.1,21
1438.2,25
1438.6,33
1439.1,13
1439.9,32
1440.0,29
1441.9,34
1442.1,19
1442.4,39
1442.7,17
1442.7,22
1443.4,26
1443.6,37
1443.9,12
1444.1,6
1444.3,2
1444.5,1
1444.6,9
1444.6,16
1444.9,25
1445.5,5
1445.8,35
1446.0,23
1446.2,30
1446.5,10
1447.1,4
1447.1,15
1448.7,3
1448.7,24
1449.7,33
1452.4,18
1452.5,36
1452.6,38
1453.4,14
1453.9,13
1454.2,0
1454.2,39
1455.2,35
1455.4,17
1455.6,26
1456.3,6
1456.7,25
1457.4,4
1457.4,15
1457.4,22
1458.3,30
1458.8,33
1460.7,34
1461.0,20
1461.1,3
1461.2,13
1461.5,23
1462.2,21
1462.8,27
1462.9,11
1463.2,7
1463.4,16
1464.5,1
1464.5,24
1464.6,32
1464.8,39
1464.9,5
1466.3,26
1466.3,37
1466.7,9
1466.7,25
1466.7,33
1467.0,0
1468.0,6
1468.5,8
1468.9,31
1469.6,12
1470.4,4
1471.3,22
1471.3,35
1472.8,10
1472.9,18
1473.2,36
1473.3,30
1473.7,3
1473.7,17
1474.2,34
1474.3,21
1474.4,26
1475.3,39
1475.4,23
1475.9,2
1476.2,15
1476.4,19
1476.8,13
1476.9,0
1477.1,29
1477.8,33
1478.3,24
1480.5,9
1481.1,6
1481.1,16
1481.2,27
1481.3,38
1481.6,32
1482.1,11
1482.4,5
1483.5,30
1484.4,33
1484.6,35
1485.0,17
1485.3,25
1485.3,26
1486.3,3
1487.7,1
1487.9,7
1488.4,15
1488.9,23
1489.1,0
1489.5,22
1489.5,39
1489.6,13
1489.8,4
1490.1,24
1490.1,34
1490.5,37
1493.0,18
1494.0,5
1494.0,21
1494.0,36
1495.0,10
1495.4,6
1496.0,14
1496.2,12
1496.9,35
1497.1,26
1497.6,25
1498.8,2
1499.2,33
1499.3,34
1499.5,20
1500.1,0
1501.1,16
1501.4,32
1501.5,3
1502.5,17
1503.6,24
1504.1,13
1504.2,15
1504.2,38
1504.2,30
1504.4,23
1505.1,22
1505.2,39
1505.8,1
1505.8,7
1506.4,36
1506.6,4
1506.6,27
1507.7,26
1507.9,6
1508.8,37
1509.0,8
1509.6,32
1509.7,33
1509.9,25
1511.4,30
1513.0,21
1513.1,5
1513.5,15
1513.8,18
1514.5,11
1514.8,39
1515.1,0
1515.5,9
1515.9,16
1516.0,26
1516.1,35
1517.1,23
1517.4,34
1517.5,24
1517.5,36
1518.3,17
1518.3,13
1518.5,38
1518.9,4
1522.2,30
1522.2,5
1522.2,22
1522.4,7
1522.5,6
1523.0,10
1523.0,33
1523.1,20
1523.4,2
1523.5,29
1523.6,25
1524.4,3
1524.4,19
1525.7,15
1526.3,27
1526.5,1
1526.6,39
1527.3,30
1527.6,26
1527.8,0
1529.2,37
1529.8,12
1529.9,13
1530.5,16
1530.7,14
1531.0,4
1531.0,6
1532.6,24
1532.6,36
1534.1,35
1534.8,39
1534.9,5
1535.1,7
1536.0,25
1536.7,9
1537.6,33
1537.7,10
1537.9,18
1538.4,26
1539.1,23
1540.4,17
1541.4,0
1542.7,30
1542.7,37
1543.4,24
1543.4,34
1543.6,29
1543.8,32
1544.3,21
1544.6,25
1544.7,6
1545.5,13
1545.7,38
1546.2,26
1546.4,15
1546.9,36
1548.3,1
1548.6,12
1548.6,27
1548.8,3
1548.9,35
1549.1,23
1549.3,16
1549.6,2
1550.4,17
1550.6,0
1550.6,22
1550.7,33
1550.9,20
1551.3,39
1551.5,4
1551.5,5
1552.6,30
1552.9,6
1555.0,24
1555.5,25
1557.1,15
1557.7,7
1557.7,19
1557.8,26
1558.3,13
1559.1,0
1559.5,9
1559.7,37
1559.9,16
1560.1,32
1561.1,11
1561.1,33
1561.7,34
1561.9,23
1562.2,31
1562.2,36
1562.4,1
1562.6,38
1562.9,5
1564.0,30
1564.7,21
1565.3,22
1566.7,6
1567.0,39
1567.1,24
1567.5,26
1567.6,17
1568.1,3
1568.2,25
1568.4,27
1569.6,10
1569.7,4
1569.9,13
1570.0,2
1570.5,18
1571.3,30
1571.6,15
1571.6,34
1572.3,0
1572.4,33
1572.5,35
1573.5,20
1573.9,1
1574.7,16
1575.4,21
1575.6,3
1575.6,23
1575.7,36
1575.8,39
1576.0,5
1576.1,29
1578.3,12
1578.5,7
1578.5,9
1578.6,24
1579.1,17
1579.6,38
1579.9,34
1580.3,6
1581.2,22
1581.7,37
1582.2,13
1582.2,26
1582.3,27
1582.7,8
1584.9,33
1585.1,2
1585.8,18
1585.9,35
1586.1,0
1586.5,4
1586.5,30
1586.5,39
1586.8,19
1587.1,23
1587.2,16
1587.7,24
1588.4,1
1588.8,15
1589.2,3
1589.5,14
1591.4,26
1591.6,25
1592.7,33
1593.4,20
1593.9,17
1594.0,9
1594.2,38
1594.3,34
1594.3,36
1594.6,30
1596.0,5
1596.2,7
1596.7,0
1597.4,23
1598.5,39
1599.3,6
1599.4,26
1600.1,4
1600.1,24
1600.2,15
1600.4,27
1600.6,13
1600.9,10
1600.9,37
1601.7,5
1601.9,1
1601.9,31
1605.4,3
1605.7,21
1605.8,30
1606.4,16
1606.5,17
1607.3,22
1607.3,25
1607.4,33
1607.5,2
1607.5,12
1607.6,23
1607.7,35
1607.7,36
1608.1,11
1609.0,6
1609.1,0
1609.4,39
1609.6,34
1609.8,7
1611.3,32
1611.8,9
1612.3,24
1612.6,5
1613.9,14
1614.6,26
1614.8,4
1614.9,15
1615.2,3
1615.2,13
1615.3,30
1615.4,37
1615.9,27
1616.0,8
1616.0,23
1616.3,19
1616.6,35
1617.0,39
1617.5,33
1617.9,29
1618.1,18
1619.8,10
1620.2,38
1620.7,16
1621.2,36
1621.6,1
1621.7,6
1621.8,17
1622.2,25
1623.0,22
1623.9,13
1624.3,2
1625.1,21
1625.5,20
1625.6,0
1625.7,26
1625.8,15
1626.5,39
1627.3,30
1627.8,24
1627.9,3
1628.0,33
1628.3,7
1629.5,27
1630.5,5
1630.6,9
1630.8,25
1631.6,16
1632.4,6
1633.2,23
1633.7,12
1635.2,34
1635.5,4
1635.6,17
1636.1,36
1636.2,33
1636.9,35
1637.0,13
1637.4,0
1637.4,26
1637.5,31
1637.8,30
1638.1,5
1638.9,39
1639.3,21
1640.2,7
1640.4,24
1641.7,38
1642.2,22
1642.2,32
1642.6,11
1642.8,10
1643.9,6
1644.1,15
1644.2,20
1644.4,27
1644.8,23
1644.8,37
1645.5,26
1646.0,25
1647.0,1
1647.0,18
1647.2,16
1647.2,19
1647.8,33
1648.1,2
1648.6,9
1649.0,5
1649.0,30
1649.5,17
1650.1,3
1650.1,24
1650.1,39
1650.6,34
1650.7,35
1652.5,0
1654.2,13
1654.5,36
1655.1,6
1655.5,4
1655.7,26
1656.1,7
1656.9,21
1656.9,29
1657.3,15
1657.5,12
1657.5,23
1657.5,30
1657.6,27
1658.3,33
1658.5,16
1658.5,24
1661.3,18
1661.8,8
1662.4,39
1662.7,25
1663.0,37
1663.7,1
1663.9,17
1664.8,2
1665.2,5
1665.8,16
1666.4,34
1667.4,26
1667.7,6
1667.9,33
1668.1,0
1668.4,7
1668.8,13
1669.3,21
1670.0,10
1670.4,38
1670.6,30
1671.4,36
1671.8,17
1671.9,4
1672.0,3
1672.0,9
1673.1,39
1673.5,23
1674.9,32
1675.4,33
1675.9,24
1676.2,15
1676.2,25
1676.4,26
1676.6,35
1677.0,0
1677.6,6
1678.7,5
1678.8,19
1678.9,11
1679.1,29
1679.3,18
1679.5,20
1679.5,22
1680.2,34
1681.6,14
1681.7,13
1682.0,33
1683.8,30
1685.3,2
1686.2,1
1686.2,27
1686.3,9
1686.4,4
1686.7,3
1686.7,26
1686.7,39
1686.8,37
1687.3,6
1687.4,36
1687.7,16
1688.0,0
1690.4,10
1690.4,15
1690.6,5
1691.4,24
1692.0,35
1692.1,23
1692.1,30
1692.3,38
1692.5,20
1693.2,12
1694.1,33
1694.7,21
1694.9,25
1695.0,17
1695.4,34
1695.6,3
1695.9,9
1696.1,6
1696.2,16
1696.5,13
1696.7,39
1697.4,7
1697.5,22
1700.1,18
1701.2,26
1701.4,15
1701.4,32
1701.5,4
1701.5,23
1701.7,25
1701.9,2
1702.1,35
1702.2,5
1702.5,0
1702.7,30
1702.9,33
1703.8,24
1703.8,36
1704.5,16
1705.9,29
1706.0,1
1708.2,7
1708.6,39
1709.2,13
1709.3,34
1709.9,30
1710.9,23
1712.3,26
1712.5,33
1713.5,37
1713.7,0
1714.2,17
1714.4,6
1714.9,35
1715.2,38
1717.4,36
1717.6,3
1718.5,21
1718.8,22
1719.1,11
1719.4,14
1719.4,18
1719.4,24
1719.6,27
1719.7,4
1719.8,13
1720.1,10
1720.2,16
1720.4,39
1720.6,6
1720.8,5
1720.9,15
1721.0,26
1721.1,32
1721.6,12
1721.9,2
1721.9,30
1722.1,25
1722.4,1
1722.9,23
1723.1,9
1725.4,33
1725.7,36
1727.3,0
1728.4,17
1728.4,34
1728.6,7
1730.1,13
1730.4,39
1730.8,26
1731.3,35
1732.0,20
1732.9,5
1733.9,6
1734.6,4
1734.9,9
1735.5,30
1735.7,33
1736.5,16
1736.6,15
1736.7,38
1736.8,25
1736.9,23
1737.1,3
1737.2,13
1737.2,18
1737.6,37
1738.4,21
1738.6,19
1738.6,22
1739.0,7
1739.0,10
1739.4,24
1739.5,34
1739.6,26
1739.8,36
1740.4,39
1741.4,0
1741.9,12
1744.0,27
1744.5,8
1744.9,2
1745.2,5
1745.5,35
1745.9,33
1746.3,17
1746.6,6
1747.5,14
1747.8,30
1747.9,3
1748.3,16
1748.4,1
1749.1,23
1749.1,39
1749.5,25
1749.9,4
1750.0,15
1750.2,21
1751.0,20
1751.0,26
1751.2,37
1751.5,10
1751.7,24
1751.8,18
1752.5,11
1752.6,0
1752.6,13
1752.6,36
1752.7,22
1755.1,34
1755.4,30
1755.5,29
1756.2,9
1756.3,6
1756.5,7
1756.8,19
1757.0,33
1757.4,5
1757.5,3
1760.4,15
1760.4,35
1760.7,26
1761.2,17
1761.2,18
1761.3,10
1761.5,38
1762.6,39
1763.0,24
1764.4,2
1766.0,16
1766.0,33
1766.1,13
1766.3,4
1766.7,36
1767.3,30
1767.9,0
1768.0,6
1768.2,34
1768.4,23
1768.5,5
1768.8,25
1769.2,27
1769.6,21
1771.0,26
1771.6,9
1771.7,12
1772.4,1
1773.9,3
1775.1,29
1775.5,17
1775.7,35
1775.8,24
1776.2,8
1776.2,25
1776.4,13
1776.4,39
1776.5,14
1776.5,15
1776.5,33
1776.7,4
1777.8,37
1778.5,36
1778.6,23
1779.1,7
1779.2,0
1780.7,6
1781.1,16
1781.4,11
1781.5,5
1781.8,22
1782.6,30
1782.6,34
1782.8,18
1782.9,26
1785.4,33
1786.0,27
1786.1,1
1786.1,39
1786.2,21
1786.7,13
1788.2,10
1788.6,20
1788.7,2
1788.9,24
1789.0,4
1789.5,0
1789.5,15
1790.8,32
1792.1,9
1793.2,38
1793.8,23
1794.3,6
1794.8,3
1794.8,34
1795.5,30
1795.5,36
1795.6,35
1795.8,19
1796.0,26
1796.7,5
1796.7,13
1796.7,16
1796.9,17
1797.4,18
1797.8,39
1797.9,33
1798.3,28
1798.7,25
1799.1,29
1799.4,0
1799.4,7
1799.6,24
1802.8,15
1802.9,4
1803.3,21
1803.3,22
1803.5,11
1803.7,38
1803.8,6
1804.1,2
1804.4,35
1804.5,1
1804.7,26
1804.8,9
1805.7,5
1805.9,31
1806.1,17
1806.2,39
1806.6,33
1806.8,30
1808.0,18
1809.3,37
1809.5,23
1809.8,13
1810.2,25
1810.3,34
1810.7,3
1810.8,10
1812.0,12
1813.3,16
1814.0,1
1814.1,27
1814.5,26
1814.6,0
1815.0,4
1815.1,15
1815.4,24
1815.4,32
1815.4,36
1815.4,38
1815.5,17
1815.6,33
1815.8,7
1816.8,6
1817.5,39
1820.2,30
1821.6,35
1822.8,20
1822.9,5
1823.4,29
1823.7,26
1824.5,15
1824.5,22
1824.5,34
1824.6,36
1825.1,9
1825.2,33
1825.9,23
1826.0,18
1826.5,21
1827.1,4
1828.1,6
1828.4,25
1828.8,0
1828.8,13
1829.4,3
1829.4,30
1829.5,17
1829.5,24
1829.7,38
1829.7,39
1830.3,10
1832.4,1
1832.6,2
1833.3,12
1833.5,37
1834.0,7
1834.6,16
1835.8,15
1836.2,26
1836.5,18
1836.5,23
1836.5,33
1836.7,0
1837.0,39
1837.5,21
1837.7,13
1838.0,35
1838.2,27
1838.3,36
1839.3,32
1839.4,34
1839.6,19
1840.8,6
1841.4,5
1841.5,25
1842.0,3
1843.8,30
1844.3,24
1844.7,10
1844.8,8
1845.0,7
1845.0,29
1845.2,4
1845.3,33
1846.0,0
1846.2,17
1846.4,21
1847.4,15
1847.6,39
1847.9,1
1849.8,6
1850.3,16
1850.8,9
1851.6,25
1851.6,35
1852.1,5
1852.3,23
1852.7,7
1853.4,18
1853.4,26
1853.4,36
1853.9,34
1854.8,33
1855.7,2
1856.2,0
1856.8,24
1856.8,27
1857.3,3
1857.4,13
1857.9,28
1858.3,19
1858.9,30
1858.9,38
1861.2,39
1861.6,26
1862.1,15
1862.2,22
1862.4,21
1862.7,6
1862.8,1
1863.0,4
1863.8,9
1865.0,25
1865.3,36
1866.1,5
1866.4,3
1866.5,12
1866.9,17
1867.1,33
1867.3,16
1867.4,10
1867.7,7
1868.0,20
1870.3,23
1870.7,0
1870.9,26
1871.0,39
1871.0,29
1871.2,38
1871.5,37
1873.0,24
1873.2,32
1873.4,6
1873.4,13
1873.4,33
1873.5,15
1873.9,35
1874.1,30
1874.6,34
1875.0,1
1876.2,9
1876.4,2
1877.6,4
1877.9,18
1878.8,25
1879.0,27
1879.0,36
1879.4,14
1879.5,5
1880.1,26
1881.0,10
1882.9,0
1883.4,23
1883.5,33
1883.6,22
1883.9,16
1884.0,17
1884.3,3
1884.3,21
1884.9,8
1885.2,39
1885.5,34
1886.3,24
1886.5,30
1886.7,31
1887.1,7
1887.3,6
1888.9,13
1889.9,15
1890.3,11
1890.3,26
1890.5,19
1891.0,38
1891.3,2
1891.3,36
1891.7,35
1891.7,37
1892.1,25
1892.2,5
1892.2,9
1893.2,33
1893.5,30
1893.7,23
1894.6,16
1894.6,18
1894.7,1
1895.0,17
1895.6,12
1897.1,4
1897.3,26
1897.3,34
1897.8,39
1898.0,15
1898.9,3
1899.1,0
1899.1,24
1901.2,20
1901.7,30
1901.9,7
1902.4,27
1903.6,6
1904.5,16
1905.2,22
1905.2,37
1905.5,10
1905.7,23
1905.9,33
1906.4,13
1906.5,21
1906.5,34
1906.7,9
1906.8,5
1906.8,26
1906.9,11
1906.9,36
1907.0,25
1907.0,29
1907.3,39
1908.0,19
1909.3,4
1909.4,3
1909.5,15
1909.9,1
1910.3,38
1912.0,0
1913.2,17
1913.7,18
1913.8,2
1913.8,24
1914.9,26
1914.9,32
1914.9,33
1915.6,12
1918.2,7
1918.2,30
1918.5,6
1918.9,16
1919.4,39
1920.5,21
1920.6,8
1920.6,25
1921.0,5
1921.0,23
1921.2,36
1921.3,10
1921.3,15
1922.2,13
1922.3,34
1922.6,14
1925.4,9
1926.0,0
1926.3,1
1926.6,33
1926.7,26
1927.0,5
1927.4,20
1927.6,15
1927.7,35
1927.9,4
1928.1,6
1928.1,39
1928.3,22
1928.3,36
1928.5,25
1928.7,17
1928.8,24
1928.8,30
1928.9,23
1930.2,3
1931.1,27
1932.8,16
1932.9,34
1933.2,19
1933.5,12
1934.2,37
1935.2,0
1935.3,26
1935.5,13
1935.7,11
1935.8,25
1936.5,30
1936.7,5
1937.0,39
1937.9,6
1937.9,7
1937.9,38
1938.8,4
1938.8,33
1938.9,1
1940.0,15
1940.2,23
1941.4,18
1942.4,29
1943.3,24
1943.7,2
1944.4,17
1945.1,31
1945.2,36
1945.7,10
1945.8,3
1946.4,30
1947.1,21
1947.2,20
1947.5,5
1947.7,35
1948.2,33
1948.4,26
1948.7,13
1948.7,25
1949.0,9
1950.2,16
1950.5,39
1950.9,34
1952.1,22
1952.4,1
1953.7,6
1954.3,0
1955.2,24
1955.5,15
1955.9,17
1956.3,26
1957.2,23
1957.6,30
1958.3,2
1958.4,7
1958.4,32
1958.9,12
1959.3,8
1959.9,3
1959.9,33
1960.0,37
1960.2,27
1960.5,4
1960.6,19
1961.1,13
1961.1,36
1961.3,18
1961.3,39
1961.7,35
1962.5,5
1963.0,6
1965.6,0
1965.8,10
1965.9,25
1966.1,17
1966.7,1
1967.1,26
1967.3,34
1968.1,16
1969.3,9
1969.4,15
1969.4,38
1969.7,30
1970.7,14
1970.7,23
1970.7,24
1970.8,29
1972.2,21
1972.4,33
1974.4,13
1974.7,11
1975.3,26
1975.8,6
1977.0,39
1977.1,0
1977.1,2
1977.3,36
1977.6,31
1977.7,4
1977.9,3
1979.2,20
1981.4,25
1981.9,17
1982.6,12
1982.6,35
1982.7,30
1982.9,34
1983.7,1
1983.8,22
1983.8,33
1983.9,7
1984.4,23
1984.7,18
1984.8,13
1985.3,5
1985.3,9
1985.6,16
1986.7,24
1987.0,26
1987.0,39
1987.2,15
1987.9,6
1988.5,4
1989.8,2
1989.9,27
1991.8,37
1992.7,17
1992.7,38
1992.8,30
1993.2,33
1993.3,25
1993.7,10
1994.1,32
1994.3,36
1994.8,3
1994.9,19
1995.4,21
1995.5,0
1995.6,1
1997.0,6
1997.4,39
1998.0,15
1998.0,16
1998.7,26
2000.7,13
2000.9,18
2001.8,24
2002.0,5
2002.2,33
2002.8,35
2003.1,23
2003.4,8
2004.6,4
2004.7,9
2004.9,20
2005.5,0
2005.5,25
2005.8,30
2006.0,22
2007.8,34
2008.5,2
2008.9,36
2009.2,17
2009.6,14
2009.7,39
2009.8,6
2010.1,38
2010.4,26
2010.5,16
2010.6,27
2011.0,33
2011.2,1
2012.5,7
2013.5,3
2013.6,15
2014.6,9
2014.8,5
2014.8,24
2015.8,37
2016.3,4
2016.9,26
2016.9,22
2017.6,23
2017.7,13
2018.1,33
2018.6,36
2018.8,6
2020.7,39
2021.3,30
2021.5,0
2021.8,25
2022.1,19
2023.5,17
2023.7,27
2023.9,35
2024.7,38
2025.2,12
2025.7,20
2026.6,2
2027.2,23
2027.3,6
2027.3,24
2027.7,34
2028.2,18
2028.3,16
2028.4,21
2028.5,15
2029.1,25
2029.1,37
2029.3,3
2029.9,22
2030.2,31
2030.5,30
2030.8,26
2031.0,10
2031.6,5
2031.9,4
2032.0,13
2033.5,39
2034.1,7
2035.0,29
2035.1,36
2035.9,1
2036.2,0
2036.4,34
2037.1,33
2037.4,8
2037.5,35
2039.0,9
2040.2,13
2041.2,26
2041.5,16
2041.9,5
2042.1,2
2042.2,17
2042.6,6
2042.7,36
2042.8,30
2043.0,15
2043.3,23
2043.8,4
2044.2,39
2045.1,34
2046.6,3
2046.7,18
2047.2,10
2047.4,11
2047.4,25
2048.2,33
2048.7,0
2048.7,35
2048.8,19
2048.9,12
2049.1,24
2049.3,1
2049.4,38
2049.6,21
2051.6,26
2053.0,22
2053.2,16
2053.5,17
2053.8,39
2053.9,20
2053.9,30
2054.9,5
2055.0,33
2055.2,23
2056.5,6
2056.6,13
2056.7,24
2057.3,36
2057.6,21
2059.0,34
2059.2,35
2060.5,4
2060.7,2
2061.6,25
2062.0,15
2062.5,7
2062.7,31
2062.8,6
2063.0,26
2063.2,9
2063.4,23
2063.7,0
2064.2,14
2064.9,37
2065.7,17
2066.5,27
2067.0,33
2067.2,30
2068.2,3
2068.6,39
2070.6,9
2070.8,13
2071.9,5
2072.5,15
2072.6,11
2072.6,18
2073.3,1
2073.5,24
2073.7,0
2074.9,21
2075.2,26
2075.2,34
2075.9,33
2077.1,20
2077.1,38
2077.3,16
2077.7,36
2077.9,30
2078.1,22
2078.4,4
2079.1,35
2079.2,6
2079.3,25
2079.4,39
2079.4,12
2079.6,17
2080.4,23
2081.4,13
2082.3,5
2083.2,33
2083.4,19
2083.7,29
2084.3,26
2084.4,10
2084.6,3
2085.5,9
2085.8,37
2085.9,24
2086.0,6
2086.2,39
2086.3,0
2086.9,15
2087.2,34
2088.6,2
2089.3,32
2090.1,16
2091.4,1
2092.2,27
2093.0,5
2093.6,10
2093.6,30
2093.8,36
2094.1,18
2094.1,23
2094.2,26
2094.7,17
2095.4,4
2095.6,0
2095.7,7
2096.3,33
2098.9,21
2099.0,24
2099.6,6
2099.8,15
2099.9,25
2100.0,39
2100.2,9
2100.9,2
2100.9,38
2101.3,35
2101.5,11
2101.5,13
2101.9,8
2102.1,22
2102.2,19
2102.6,3
2102.8,14
2103.1,37
2103.3,5
2103.3,26
2103.4,16
2104.5,1
2104.8,20
2107.0,4
2107.2,6
2108.0,18
2108.7,23
2108.7,30
2108.7,39
2109.1,17
2109.4,0
2109.5,29
2109.6,33
2110.7,27
2110.8,36
2112.0,26
2112.0,34
2113.7,3
2113.9,2
2116.3,5
2116.7,6
2116.7,15
2116.9,13
2117.0,10
2117.0,16
2117.2,25
2117.3,11
2117.3,24
2118.4,22
2118.9,23
2119.1,1
2119.1,9
2119.2,30
2119.6,0
2120.1,7
2120.1,21
2120.3,26
2120.7,33
2121.2,4
2122.8,39
2123.0,37
2123.3,17
2124.1,38
2126.7,12
2126.8,36
2127.7,27
2127.8,24
2127.9,26
2128.4,19
2128.5,3
2128.5,34
2128.6,15
2129.0,25
2129.2,33
2129.3,18
2129.3,23
2129.4,13
2130.3,6
2130.4,35
2130.9,30
2131.7,20
2131.8,1
2132.6,16
2133.2,0
2133.2,32
2133.5,4
2133.8,39
2134.6,7
2135.8,10
2136.5,5
2137.2,17
2137.9,33
2138.7,6
2139.0,36
2139.2,31
2139.5,15
2139.6,26
2140.3,9
2140.8,22
2141.5,0
2141.5,35
2141.5,39
2142.3,34
2142.7,13
2142.7,24
2144.1,38
2144.3,29
2144.4,4
2144.4,21
2144.8,17
2145.0,23
2145.4,14
2145.4,30
2145.7,7
2145.7,25
2146.0,3
2146.5,27
2146.8,1
2146.8,33
2146.9,11
2147.2,16
2147.3,37
2147.5,18
2149.1,5
2150.1,19
2150.2,36
2150.6,12
2151.8,26
2151.8,2
2152.1,6
2152.4,15
2152.4,24
2153.5,30
2153.6,0
2154.8,13
2155.3,39
2155.5,9
2155.8,35
2156.3,3
2158.6,16
2160.2,38
2161.2,33
2161.9,26
2161.9,18
2162.6,6
2162.6,23
2162.7,4
2163.0,8
2163.8,34
2163.9,20
2164.0,22
2164.2,25
2164.2,27
2164.2,29
2164.2,30
2164.4,21
2164.5,39
2164.6,13
2166.4,5
2166.4,24
2166.9,7
2166.9,10
2167.3,15
2167.4,17
2168.6,0
2168.9,1
2169.0,3
2169.3,14
2169.8,12
2170.3,33
2170.4,9
2170.7,36
2172.5,39
2172.7,26
2174.8,6
2174.9,23
2174.9,35
2175.0,19
2175.1,2
2175.8,11
2175.9,25
2176.1,24
2176.2,17
2176.2,4
2176.4,16
2176.4,38
2180.2,32
2181.0,30
2181.3,13
2181.5,34
2181.6,37
2182.0,0
2182.3,27
2183.5,15
2183.5,26
2183.8,33
2184.3,6
2185.6,5
2187.3,1
2187.5,16
2187.6,22
2188.3,10
2188.4,9
2188.6,18
2188.8,3
2189.2,39
2189.9,35
2190.6,21
2190.7,29
2190.8,25
2190.9,17
2191.2,11
2191.4,23
2192.2,0
2193.1,30
2193.4,4
2194.2,24
2194.5,36
2195.1,26
2195.3,33
2195.6,2
2195.7,34
2195.8,5
2196.0,15
2196.6,13
2197.0,19
2197.7,6
2197.7,14
2198.1,3
2198.1,16
2199.8,25
2200.2,38
2201.4,37
2202.0,7
2202.1,17
2202.9,9
2203.0,23
2203.2,20
2204.0,1
2204.4,39
2205.9,0
2206.4,18
2206.4,30
2207.0,10
2207.0,24
2207.0,33
2207.0,35
2207.5,6
2207.6,4
2208.4,15
2208.8,32
2210.1,26
2210.5,12
2210.5,27
2211.1,29
2211.4,8
2211.4,13
2211.6,25
2211.8,16
2211.9,5
2212.2,39
2212.5,36
2212.7,22
2213.0,21
2213.0,38
2214.2,34
2215.8,2
2216.4,17
2216.8,30
2216.9,0
2217.5,31
2218.5,4
2218.5,33
2219.1,6
2219.1,26
2219.3,11
2219.5,1
2219.6,9
2221.9,5
2222.5,24
2224.1,15
2224.2,39
2225.0,18
2225.9,25
2225.9,23
2226.4,13
2226.9,2
2227.4,0
2227.4,10
2227.4,19
2227.6,26
2227.8,12
2228.0,3
2228.2,14
2228.2,38
2228.3,16
2228.3,17
2228.4,37
2228.6,32
2228.8,34
2228.9,7
2229.0,9
2229.0,30
2232.0,33
2232.0,6
2232.5,36
2233.5,22
2234.8,35
2235.2,39
2235.3,4
2235.9,15
2236.1,27
2237.3,2
2238.7,1
2238.7,24
2239.1,30
2239.5,10
2240.3,0
2240.5,5
2240.7,21
2241.3,25
2241.5,23
2242.2,17
2242.5,7
2242.7,33
2242.9,13
2243.0,26
2243.6,37
2244.2,6
2244.6,8
2245.1,18
2245.5,34
2246.1,36
2247.0,39
2247.2,9
2247.3,3
2247.7,1
2247.7,16
2247.8,38
2248.3,30
2248.5,5
2248.5,22
2248.6,24
2249.1,35
2250.2,0
2251.6,4
2251.8,15
2252.1,26
2252.8,23
2253.4,33
2255.5,34
2255.6,27
2256.4,32
2256.4,11
2256.7,17
2257.6,12
2257.8,30
2258.2,16
2258.2,20
2258.4,25
2258.5,3
2258.5,9
2258.8,29
2259.0,22
2259.0,24
2259.2,6
2259.9,19
2260.3,7
2260.6,13
2260.6,33
2260.6,39
2261.0,18
2261.3,36
2262.2,2
2262.5,10
2263.2,5
2263.4,26
2265.0,0
2265.8,15
2265.9,23
2266.6,35
2269.1,4
2269.1,30
2269.4,38
2270.0,21
2270.1,1
2270.7,6
2270.9,34
2271.0,24
2271.1,17
2271.3,33
2271.6,7
2271.6,25
2271.6,32
2271.7,29
2271.8,36
2273.0,37
2273.0,39
2274.4,0
2274.9,3
2275.0,9
2275.0,12
2275.9,5
2276.1,15
2276.5,13
2277.4,26
2277.7,23
2278.1,6
2279.0,22
2279.6,33
2280.6,30
2280.6,35
2281.3,4
2281.6,24
2281.6,36
2282.3,1
2282.7,2
2282.9,10
2284.0,16
2284.2,18
2284.3,27
2285.7,25
2286.9,37
2287.3,39
2287.9,29
2288.0,9
2288.0,26
2288.2,17
2288.3,0
2288.6,34
2289.0,13
2289.7,19
2289.7,30
2289.9,33
2290.2,3
2290.2,7
2290.5,20
2291.8,15
2293.0,23
2293.6,38
2294.7,6
2295.1,11
2295.5,35
2296.0,32
2296.6,4
2296.6,12
2296.9,26
2297.7,21
2297.8,5
2298.0,1
2298.0,10
2298.1,39
2298.2,16
2298.2,24
2298.2,27
2298.4,33
2298.6,0
2298.8,30
2299.1,9
2299.7,18
2300.8,36
2302.1,15
2302.3,22
2302.7,13
2304.0,17
2305.5,25
2306.4,23
2306.6,20
2306.7,39
2307.2,19
2307.3,2
2307.3,6
2307.8,4
2308.6,33
2309.3,34
2309.6,5
2309.9,7
2310.3,0
2310.3,27
2310.3,35
2310.5,26
2310.7,30
2311.7,3
2311.8,31
2311.9,24
2312.0,9
2314.5,13
2314.7,1
2316.2,21
2316.5,16
2316.6,15
2316.7,38
2316.9,17
2317.1,36
2317.2,23
2318.7,26
2318.8,18
2318.8,39
2318.9,29
2319.1,33
2319.2,14
2319.6,30
2320.2,6
2321.9,0
2323.1,4
2323.3,25
2323.3,37
2323.5,2
2323.7,3
2323.7,5
2323.9,22
2324.0,34
2324.1,10
2324.3,13
2324.6,24
2325.4,28
2327.5,23
2328.2,12
2328.3,35
2328.5,7
2328.7,26
2329.0,11
2329.9,39
2330.0,33
2330.9,25
2331.3,15
2331.9,36
2332.6,17
2333.2,16
2333.7,19
2335.0,14
2336.0,20
2336.1,5
2336.2,9
2336.4,27
2336.4,34
2336.7,22
2336.8,2
2336.8,3
2336.8,30
2337.0,32
2337.0,26
2337.4,1
2337.5,6
2338.1,0
2339.3,4
2339.3,24
2339.8,39
2340.4,38
2340.9,29
2343.1,33
2343.1,23
2343.3,25
2343.8,37
2344.0,13
2344.2,36
2345.4,6
2345.4,30
2346.2,35
2347.1,15
2347.1,21
2347.1,26
2348.3,10
2348.5,22
2349.1,18
2350.9,2
2351.1,17
2351.3,12
2351.3,16
2351.4,5
2351.5,39
2352.1,29
2352.7,38
2353.6,13
2354.6,0
2355.2,30
2355.7,23
2355.8,7
2355.8,33
2356.1,4
2356.2,6
2356.4,34
2356.6,26
2357.0,19
2357.3,24
2357.5,1
2358.5,25
2362.0,9
2362.3,15
2363.5,21
2363.5,39
2363.7,17
2363.7,35
2364.0,23
2364.8,30
2365.0,37
2365.1,36
2365.2,3
2365.2,26
2365.5,0
2366.4,6
2366.6,33
2367.0,2
2367.3,13
2367.7,38
2368.0,27
2368.7,10
2369.6,5
2369.8,8
2369.8,16
2369.8,25
2370.2,14
2370.3,24
2370.4,12
2371.2,4
2371.7,0
2372.0,22
2373.6,18
2373.8,34
2374.0,6
2374.3,20
2374.7,30
2374.8,17
2374.9,33
2376.0,39
2376.1,23
2376.2,26
2377.0,7
2377.4,36
2377.9,11
2379.0,13
2379.3,1
2379.3,9
2379.3,31
2379.4,15
2379.7,29
2379.9,35
2380.9,3
2380.9,25
2381.1,17
2382.2,5
2382.5,38
2383.3,21
2383.7,37
2384.4,4
2385.2,24
2385.8,6
2386.1,33
2386.3,16
2387.3,23
2387.4,34
2387.5,18
2387.7,39
2388.3,2
2388.5,14
2388.7,26
2389.0,25
2389.6,30
2389.8,0
2390.2,36
2391.1,22
2391.2,3
2392.7,13
2393.1,5
2393.9,19
2394.2,17
2394.3,12
2395.3,33
2395.7,39
2396.1,16
2396.4,20
2396.4,35
2397.3,27
2397.7,6
2398.3,15
2398.5,24
2398.6,32
2398.7,23
2399.0,4
2399.2,10
2399.4,1
2400.6,9
2401.2,25
2401.7,2
2402.0,21
2402.3,26
2402.5,7
2402.6,30
2402.7,0
2403.0,34
2403.9,33
2404.5,18
2407.0,38
2407.5,36
2408.6,39
2409.0,16
2409.2,17
2409.6,30
2409.7,26
2410.0,13
2410.2,15
2410.4,6
2410.8,37
2411.1,1
2411.2,3
2411.2,33
2411.4,8
2411.5,22
2411.5,24
2412.1,23
2412.2,35
2412.9,5
2413.7,9
2414.0,25
2414.0,29
2414.2,34
2414.5,0
2415.3,7
2415.4,4
2418.2,39
2418.6,16
2418.7,2
2419.4,32
2420.1,33
2420.5,27
2421.5,6
2421.9,30
2424.1,36
2424.5,10
2424.6,15
2424.7,14
2424.9,24
2424.9,28
2425.4,26
2425.5,5
2425.6,18
2425.6,23
2426.1,25
2426.1,35
2426.2,1
2426.5,0
2426.6,12
2427.3,17
2428.9,11
2428.9,13
2430.8,21
2431.1,33
2431.5,9
2431.7,4
2431.7,22
2432.0,16
2432.3,19
2432.5,34
2432.9,39
2433.0,6
2433.1,3
2433.7,30
2433.8,37
2434.0,32
2434.2,5
2435.5,38
2436.1,0
2436.9,1
2438.4,26
2439.5,15
2439.8,17
2439.9,24
2440.2,25
2440.5,33
2440.7,36
2440.7,39
2441.3,7
2442.2,10
2442.7,2
2442.9,27
2443.5,12
2443.6,23
2443.8,35
2443.9,34
2444.5,3
2445.3,6
2446.2,1
2446.4,22
2447.8,18
2447.8,25
2447.9,0
2448.0,5
2448.1,13
2449.0,4
2449.4,39
2449.5,16
2449.8,33
2450.0,24
2450.3,26
2450.4,30
2450.8,29
2451.7,38
2452.1,37
2452.4,9
2452.4,19
2454.2,17
2455.0,6
2455.4,15
2455.7,28
2456.0,36
2456.1,21
2456.4,4
2456.4,13
2456.7,8
2457.4,0
2458.4,39
2458.6,23
2459.7,32
2460.2,34
2460.5,33
2460.5,30
2461.3,35
2461.6,26
2461.9,1
2462.2,24
2462.4,27
2462.6,3
2463.7,5
2464.1,17
2464.1,22
2464.3,25
2465.4,6
2465.5,7
2466.1,20
2466.4,2
2467.3,16
2467.3,37
2468.5,39
2469.7,15
2470.0,4
2470.4,10
2470.4,26
2470.8,0
2470.9,32
2472.3,24
2472.7,33
2473.0,23
2473.8,3
2474.1,30
2474.7,36
2474.8,13
2475.2,31
2475.5,38
2475.6,35
2475.8,6
2476.8,18
2477.1,1
2477.1,25
2477.9,34
2478.2,5
2478.3,9
2478.3,37
2479.2,12
2479.9,17
2480.1,26
2481.1,16
2482.0,39
2482.2,24
2482.5,21
2482.6,15
2483.3,22
2483.5,6
2483.8,29
2483.8,33
2484.0,7
2484.4,1
2484.4,23
2484.8,30
2485.0,0
2485.3,4
2485.5,36
2488.4,5
2488.5,20
2488.6,13
2488.9,19
2488.9,26
2489.1,25
2489.1,34
2489.3,35
2489.6,3
2489.8,2
2489.8,39
2490.2,17
2492.9,11
2492.9,16
2493.0,32
2494.1,14
2494.1,30
2494.9,0
2495.5,38
2497.4,33
2497.9,3
2498.0,6
2498.5,23
2498.6,18
2498.6,37
2498.6,24
2499.0,27
2500.3,7
2500.3,21
2500.3,34
2500.3,4
2500.8,15
2501.0,36
2501.7,26
2502.1,30
2502.3,13
2502.4,25
2502.4,35
2502.8,1
2503.0,9
2503.4,39
2504.1,16
2504.3,12
2504.4,17
2505.2,5
2507.8,22
2508.2,6
2508.5,10
2509.8,0
2509.8,29
2510.8,33
2511.0,23
2511.1,26
2512.7,39
2513.4,15
2514.4,1
2514.6,27
2514.6,34
2515.8,13
2516.0,4
2516.0,24
2516.1,5
2516.3,2
2516.9,9
2517.4,17
2518.5,30
2519.0,21
2519.2,16
2519.5,25
2519.5,38
2519.6,6
2519.7,3
2519.7,18
2519.7,19
2519.8,0
2520.3,35
2520.7,36
2521.2,8
2522.5,7
2524.5,20
2525.3,39
2526.2,23
2526.2,33
2526.4,4
2527.0,26
2527.4,37
2527.5,11
2528.1,30
2528.3,25
2528.8,17
2528.8,27
2529.0,12
2529.0,34
2529.3,1
2530.0,6
2530.4,15
2530.4,24
2530.8,13
2530.8,31
2531.1,3
2531.2,33
2531.3,32
2533.6,5
2535.0,39
2535.1,38
2535.2,9
2537.4,16
2537.9,35
2538.6,0
2538.8,26
2539.0,2
2539.0,22
2539.4,6
2540.5,27
2540.6,18
2540.7,30
2541.2,23
2541.2,25
2541.3,17
2541.4,34
2542.7,13
2544.7,24
2545.3,39
2545.5,15
2545.6,7
2545.7,33
2546.0,5
2546.7,29
2546.8,16
2546.9,0
2547.0,36
2547.4,26
2548.0,10
2548.3,38
2548.4,3
2548.6,4
2550.2,9
2552.0,21
2552.4,6
2552.7,37
2552.7,30
2553.8,17
2554.7,35
2554.8,1
2554.8,13
2554.9,33
2555.0,25
2555.2,23
2555.5,39
2556.5,26
2557.4,22
2558.0,24
2559.0,12
2559.5,27
2559.6,5
2559.8,20
2560.1,19
2560.5,0
2560.5,32
2560.5,34
2560.7,16
2561.4,36
2561.7,4
2563.2,30
2563.5,2
2564.0,9
2564.0,33
2564.2,8
2565.5,6
2565.7,14
2566.1,15
2566.6,39
2566.7,18
2567.1,17
2567.1,35
2567.2,3
2568.2,26
2570.2,23
2570.4,38
2570.8,4
2572.0,13
2572.6,5
2573.1,25
2573.7,1
2573.9,7
2574.0,0
2574.9,30
2575.0,11
2575.0,21
2575.3,16
2575.4,10
2575.5,2
2575.5,36
2575.6,9
2575.7,33
2575.8,24
2576.4,39
2576.5,15
2578.0,35
2579.6,18
2580.6,6
2580.8,17
2581.5,19
2582.3,26
2583.0,34
2584.6,25
2584.9,1
2585.2,13
2585.2,39
2586.4,7
2586.7,5
2586.7,27
2587.7,23
2588.4,3
2588.6,30
2588.7,37
2589.0,22
2589.2,29
2589.3,24
2589.3,20
2589.3,36
2589.8,0
2589.8,2
2589.8,6
2589.9,21
2590.2,33
2590.7,16
2591.0,15
2591.9,4
2594.2,34
2594.8,18
2595.0,26
2595.3,10
2595.9,38
2596.2,28
2596.6,12
2596.7,13
2596.9,25
2597.2,35
2597.5,24
2597.9,9
2598.3,0
2598.5,23
2599.0,32
2599.2,1
2599.2,16
2599.8,39
2600.2,26
2600.4,30
2600.9,17
2601.1,21
2602.7,3
2602.8,33
2603.4,36
2603.5,8
2603.7,6
2603.7,37
2603.9,27
2604.2,4
2604.6,15
2605.1,1
2605.3,20
2605.7,34
2605.8,5
2605.9,11
2606.6,14
2608.0,19
2609.1,22
2609.1,30
2609.3,38
2610.6,39
2610.7,25
2610.9,16
2611.3,13
2612.0,23
2612.1,0
2613.1,26
2613.6,6
2614.5,33
2615.1,2
2615.2,35
2615.4,24
2616.6,17
2617.4,18
2618.0,1
2618.1,7
2618.3,15
2619.2,10
2619.9,21
2621.0,33
2621.3,5
2621.3,4
2621.8,25
2621.8,34
2622.0,30
2622.1,9
2622.7,12
2622.7,26
2623.1,6
2623.3,0
2623.5,27
2623.5,39
2625.0,13
2625.2,22
2626.2,36
2626.4,3
2628.1,37
2628.3,16
2628.3,38
2628.4,24
2629.4,20
2629.7,1
2630.1,23
2630.9,30
2631.1,17
2631.2,35
2632.7,15
2633.2,25
2633.3,26
2633.7,33
2634.0,2
2634.4,6
2634.7,39
2635.0,29
2635.3,13
2635.7,5
2635.7,18
2635.8,4
2636.1,11
2636.7,21
2636.9,19
2637.8,0
2638.7,24
2638.8,22
2640.3,16
2641.6,7
2641.8,32
2642.1,17
2642.7,34
2642.7,36
2642.8,26
2643.4,9
2643.6,5
2643.6,39
2644.2,6
2644.2,30
2644.2,35
2645.0,23
2645.1,3
2646.2,10
2646.4,33
2647.3,38
2647.5,1
2647.5,37
2647.7,15
2650.0,12
2650.2,0
2650.9,6
2651.0,25
2652.2,16
2652.3,26
2652.7,13
2652.7,34
2653.2,4
2653.7,24
2653.8,5
2654.3,39
2654.4,17
2655.1,30
2656.3,36
2656.4,2
2657.0,33
2657.5,35
2657.7,23
2657.9,27
2659.1,22
2659.2,10
2659.6,15
2659.9,18
2660.2,3
2661.0,1
2662.3,9
2662.9,37
2664.2,26
2664.6,6
2664.7,39
2664.9,0
2666.0,25
2666.8,30
2667.0,19
2667.2,33
2667.2,38
2667.7,5
2667.7,16
2667.8,31
2668.2,21
2668.5,24
2669.2,15
2669.5,17
2670.0,13
2670.8,7
2671.3,2
2671.7,26
2672.0,4
2672.0,6
2672.1,23
2672.1,34
2672.8,1
2672.8,18
2674.4,20
2675.3,35
2676.1,3
2676.3,33
2676.5,11
2677.7,30
2677.9,39
2678.0,0
2678.1,22
2678.5,8
2678.9,36
2680.3,12
2680.3,25
2680.8,27
2680.8,32
2681.3,5
2681.4,6
2681.4,29
2681.6,23
2681.9,24
2682.3,26
2682.6,9
2682.7,10
2682.8,14
2683.1,16
2684.4,17
2685.5,38
2686.9,22
2687.4,15
2687.7,13
2687.8,33
2687.8,37
2688.0,21
2688.3,4
2689.2,39
2689.3,1
2689.6,34
2690.3,30
2690.5,24
2690.7,0
2693.9,3
2694.1,26
2694.5,33
2695.0,2
2695.0,36
2695.1,7
2695.1,35
2695.3,39
2695.4,16
2695.8,6
2696.6,5
2696.6,9
2696.9,13
2697.0,17
2697.8,4
2699.6,25
2699.8,10
2700.8,19
2700.9,38
2701.1,23
2701.2,26
2701.3,27
2701.5,11
2701.5,18
2701.8,30
2701.9,12
2702.1,15
2702.1,22
2702.4,29
2702.6,33
2703.3,24
2703.5,6
2703.6,16
2704.2,34
2705.4,14
2707.9,17
2708.2,20
2708.2,0
2708.4,3
2708.9,21
2709.0,39
2709.1,36
2709.5,37
2709.7,1
2710.0,2
2710.0,8
2710.0,15
2710.4,9
2710.6,26
2711.3,5
2711.4,25
2711.6,33
2714.3,7
2715.0,16
2715.0,35
2715.4,13
2715.4,30
2715.5,4
2715.8,28
2716.3,32
2716.8,24
2716.9,23
2717.0,6
2718.1,18
2720.4,34
2722.4,36
2722.9,39
2723.1,21
2723.6,0
2723.6,33
2723.8,26
2724.2,9
2724.4,10
2725.5,25
2725.8,22
2726.1,15
2726.2,35
2727.0,17
2727.4,6
2727.8,38
2728.0,30
2728.5,5
2728.6,4
2728.8,13
2728.9,29
2729.6,37
2730.1,16
2731.0,23
2731.4,7
2731.5,27
2731.9,26
2732.5,12
2732.9,39
2735.0,33
2735.1,19
2735.9,9
2736.2,34
2736.9,24
2737.0,1
2737.0,3
2737.3,2
2737.8,32
2737.9,30
2738.1,26
2738.3,18
2738.4,23
2738.6,0
2738.7,15
2740.2,25
2740.6,4
2740.7,5
2741.3,36
2742.1,6
2742.5,16
2743.5,20
2744.2,10
2744.7,33
2745.5,13
2746.3,22
2746.3,39
2746.8,11
2748.2,7
2748.4,26
2749.0,35
2750.7,17
2750.9,30
2751.2,2
2751.5,15
2751.6,21
2751.8,0
2751.8,1
2751.8,34
2752.2,3
2752.2,27
2752.3,9
2752.4,24
2752.7,25
2752.9,37
2753.2,5
2753.2,16
2753.3,38
2753.5,32
2753.6,23
2754.0,6
2754.1,4
2754.1,33
2754.1,36
2755.7,12
2758.5,13
2758.8,14
2759.0,18
2759.3,39
2759.8,31
2760.4,3
2760.6,26
2760.8,20
2760.8,35
2761.7,0
2761.8,30
2763.6,33
2764.6,23
2766.2,10
2766.8,6
2767.2,25
2767.3,22
2767.6,1
2767.6,19
2768.0,9
2768.0,24
2768.4,7
2768.6,20
2768.6,26
2769.1,15
2769.3,36
2769.4,11
2769.8,21
2770.5,4
2770.6,39
2770.7,34
2771.2,18
2771.3,33
2771.9,37
2772.3,5
2774.4,27
2775.4,0
2775.5,16
2775.8,17
2776.8,3
2777.0,30
2777.2,38
2777.4,13
2778.0,6
2778.2,2
2778.4,35
2778.7,26
2780.6,25
2780.8,39
2781.0,10
2781.8,29
2782.5,18
2782.6,23
2782.7,5
2782.8,15
2782.8,24
2782.9,7
2783.1,9
2783.2,32
2783.4,17
2783.6,4
2784.0,33
2785.0,34
2785.7,1
2786.5,30
2786.6,36
2789.0,20
2789.7,0
2789.9,21
2790.2,3
2790.2,35
2790.3,13
2790.3,26
2790.9,37
2791.5,16
2791.7,39
2792.6,6
2793.0,25
2793.3,33
2794.2,22
2794.4,12
2794.7,1
2794.8,15
2795.0,17
2795.5,24
2797.7,5
2798.3,19
2798.4,4
2798.4,8
2798.4,18
2798.5,14
2798.9,34
2799.1,0
2799.3,23
2799.8,9
2800.2,7
2800.2,16
2800.2,27
2800.4,26
2800.6,36
2801.0,30
2802.9,13
2803.4,38
2804.3,10
2804.9,6
2805.2,39
2805.5,11
2806.4,23
2807.2,2
2807.3,15
2807.5,3
2808.0,35
2808.2,12
2808.2,33
2808.6,29
2808.8,5
2808.8,25
2809.5,17
2809.8,26
2810.1,24
2810.4,21
2812.2,0
2812.5,20
2812.8,1
2812.8,22
2813.5,6
2813.5,36
2814.3,9
2814.3,30
2814.7,33
2814.7,34
2815.4,18
2815.5,39
2815.8,7
2815.8,16
2816.0,10
2816.6,32
2817.2,27
2817.7,26
2818.1,38
2818.9,4
2821.2,23
2821.2,37
2821.4,13
2821.9,3
2822.8,35
2823.1,25
2823.8,15
2824.2,30
2825.6,33
2825.9,0
2826.8,6
2826.8,16
2826.8,29
2827.0,26
2827.7,39
2827.9,24
2828.0,5
2828.1,19
2828.7,31
2829.3,1
2830.3,17
2831.4,22
2832.1,12
2832.9,34
2833.5,13
2833.6,11
2833.9,38
2834.0,7
2834.0,18
2834.0,26
2834.1,9
2834.1,20
2834.1,23
2834.5,36
2834.7,2
2835.0,10
2835.1,35
2835.2,24
2836.4,4
2836.5,3
2836.5,15
2836.5,21
2837.0,5
2837.0,0
2837.2,30
2837.6,33
2838.7,37
2839.0,39
2840.0,6
2842.3,25
2842.5,23
2843.1,4
2843.5,9
2843.7,16
2844.2,27
2844.5,24
2845.9,33
2846.1,30
2846.1,38
2847.1,26
2847.2,15
2847.6,17
2847.9,6
2848.7,39
2848.8,5
2848.9,34
2849.0,10
2849.8,2
2850.1,7
2851.1,13
2851.1,35
2851.6,3
2851.6,29
2851.7,36
2851.8,8
2851.8,21
2852.1,18
2852.6,16
2852.6,24
2853.0,25
2853.2,1
2854.1,0
2856.8,33
2856.9,26
2857.7,4
2857.8,15
2857.9,37
2858.1,17
2858.2,30
2858.7,19
2858.8,22
2859.3,14
2860.2,12
2860.5,9
2860.8,23
2860.9,24
2861.6,6
2862.1,21
2862.2,1
2862.7,39
2863.1,36
2863.3,35
2864.6,38
2865.0,27
2865.8,34
2866.1,16
2866.2,30
2866.4,13
2866.9,33
2867.1,20
2867.3,10
2867.8,3
2868.4,4
2868.6,5
2868.8,17
2868.9,0
2869.0,2
2869.2,25
2869.7,24
2870.0,26
2870.7,18
2870.7,22
2870.7,32
2872.2,23
2872.4,9
2872.4,13
2872.7,7
2873.1,11
2873.6,6
2874.0,33
2874.2,29
2874.2,39
2875.7,15
2877.9,4
2878.1,30
2879.8,0
2879.8,16
2880.5,36
2880.6,1
2880.7,35
2881.3,19
2881.3,39
2882.0,26
2882.2,2
2882.3,31
2883.3,24
2883.5,34
2884.6,17
2884.6,21
2884.9,33
2885.1,25
2885.7,5
2886.2,37
2886.8,7
2887.8,38
2888.3,12
2888.7,6
2888.7,10
2889.3,13
2889.3,18
2889.6,23
2889.6,30
2890.6,27
2890.7,3
2891.7,26
2893.9,9
2894.0,34
2894.2,39
2894.4,24
2894.7,33
2895.0,0
2895.0,20
2895.1,4
2895.4,15
2898.1,1
2898.3,2
2898.6,35
2898.7,16
2898.7,17
2898.7,22
2899.5,23
2899.5,25
2899.7,6
2899.9,14
2901.1,18
2901.8,8
2903.1,32
2903.6,39
2903.8,30
2903.9,38
2904.0,26
2904.8,13
2905.2,33
2905.5,19
2905.6,24
2906.4,15
2906.7,3
2906.7,5
2907.3,4
2909.4,11
2909.9,34
2910.0,0
2910.4,36
2910.6,29
2911.1,30
2911.2,17
2911.5,21
2912.4,16
2912.9,26
2913.1,22
2913.2,23
2913.3,2
2913.4,10
2913.4,27
2913.4,33
2913.4,5
2913.7,25
2913.8,6
2915.1,24
2915.4,9
2916.0,38
2917.8,39
2918.2,12
2918.7,15
2919.4,37
2919.5,4
2919.9,30
2920.3,33
2920.5,13
2920.9,1
2920.9,3
2921.6,26
2923.2,16
2923.6,34
2923.9,10
2923.9,32
2924.8,24
2925.2,0
2925.3,15
2925.3,36
2925.4,25
2925.5,18
2926.1,6
2926.1,21
2926.2,35
2926.3,17
2926.3,23
2928.2,9
2928.7,39
2929.6,5
2930.0,20
2931.7,10
2932.0,26
2932.2,19
2932.2,33
2933.0,2
2933.0,7
2933.4,22
2933.8,4
2933.8,8
2934.6,13
2937.0,25
2937.2,35
2937.4,30
2937.5,27
2937.7,0
2938.0,39
2938.1,6
2939.0,26
2939.0,37
2940.1,24
2940.4,15
2940.5,3
2940.7,36
2941.0,18
2941.3,21
2941.7,33
2941.7,38
2942.1,34
2942.2,1
2942.2,16
2942.3,9
2942.4,23
2943.1,4
2945.1,2
2945.4,13
2945.4,7
2945.6,5
2948.0,10
2948.6,22
2948.7,3
2949.3,30
2950.5,26
2950.6,33
2950.9,27
2951.5,0
2951.5,11
2953.6,17
2954.3,5
2954.3,24
2954.5,6
2954.5,35
2954.6,19
2954.6,21
2954.6,39
2954.8,12
2956.3,23
2956.6,36
2956.6,37
2956.8,15
2957.5,4
2957.6,9
2957.8,32
2957.9,1
2958.5,33
2959.1,16
2959.3,30
2959.4,25
2959.6,0
2960.5,13
2961.0,26
2963.4,6
2964.1,34
2964.7,29
2964.7,39
2965.0,20
2965.2,3
2965.2,7
2967.9,5
2968.1,4
2968.3,22
2968.5,24
2968.8,26
2968.8,35
2969.2,27
2969.3,0
2969.5,36
2969.6,18
2970.2,23
2970.6,2
2970.6,17
2970.7,25
2971.0,10
2971.5,38
2972.0,33
2972.2,1
2972.9,15
2975.3,13
2975.6,6
2975.6,16
2975.8,9
2975.9,39
2976.5,30
2977.1,3
2977.2,37
2978.4,21
2978.4,29
2978.4,34
2978.7,19
2978.9,35
2980.7,7
2981.2,25
2981.5,23
2982.0,5
2982.4,10
2982.8,39
2983.1,38
2983.2,27
2983.3,15
2983.4,0
2983.4,26
2983.7,24
2983.7,33
2984.1,6
2984.4,1
2984.6,36
2987.3,2
2987.4,3
2987.4,17
2987.7,13
2988.1,22
2988.5,30
2988.9,9
2989.0,12
2989.2,18
2989.6,5
2990.6,8
2991.3,33
2991.7,23
2991.8,4
2992.2,6
2992.4,32
2992.8,39
2993.1,16
2993.4,25
2994.1,34
2994.2,24
2994.2,35
2994.6,26
2994.9,37
2995.7,0
2996.5,20
2997.5,21
2998.1,10
2998.8,30
2999.2,14
2999.7,15
3000.8,1
3000.9,17
3001.3,36
3001.6,7
3001.8,33
3002.7,23
3002.7,26
3002.8,11
3003.4,5
3003.6,6
3003.6,38
3004.5,39
3005.0,3
3005.7,12
3006.0,29
3006.4,9
3006.4,34
3007.3,22
3007.7,35
3007.8,4
3007.9,0
3008.8,18
3009.2,16
3010.1,19
3010.7,13
3011.1,30
3011.5,24
3012.2,2
3013.4,36
3014.8,11
3015.7,20
3015.8,17
3016.2,25
3016.2,26
3016.7,1
3016.9,33
3017.1,21
3017.1,38
3017.3,23
3017.6,7
3018.0,6
3018.2,15
3018.6,16
3018.8,5
3019.5,39
3020.7,18
3021.2,4
3021.9,10
3021.9,30
3021.9,35
3022.4,24
3022.7,13
3022.8,37
3023.6,27
3024.5,3
3025.0,2
3025.2,9
3025.7,23
3025.8,22
3026.0,0
3026.5,33
3026.8,26
3027.2,6
3027.5,29
3027.9,34
3028.0,8
3028.0,12
3030.1,14
3030.2,17
3030.2,39
3030.5,25
3030.8,5
3031.2,36
3031.7,1
3032.1,13
3032.3,32
3035.1,26
3035.2,19
3035.9,33
3036.0,30
3036.3,15
3036.6,31
3037.9,0
3038.1,24
3038.2,10
3038.6,16
3039.4,39
3039.7,7
3039.9,4
3040.1,38
3040.3,22
3040.8,35
3041.0,18
3041.2,6
3041.2,9
3041.7,3
3042.1,15
3043.4,21
3043.9,33
3044.0,37
3045.9,26
3046.0,30
3046.0,27
3047.0,25
3048.0,34
3048.4,39
3048.8,2
3048.8,5
3049.9,13
3049.9,24
3050.6,0
3050.9,23
3052.1,1
3052.1,17
3052.1,29
3052.3,33
3052.7,20
3053.2,6
3053.3,36
3053.4,8
3053.6,16
3053.9,11
3055.7,30
3055.7,32
3056.7,9
3057.5,38
3057.7,15
3058.4,4
3058.6,18
3058.6,19
3059.1,21
3059.9,0
3060.4,7
3060.9,26
3061.7,2
3062.3,39
3062.8,33
3063.1,13
3063.1,22
3063.2,35
3063.3,23
3064.8,24
3064.9,6
3065.4,17
3065.5,12
3065.5,25
3065.9,5
3066.2,37
3066.6,38
3066.8,3
3067.5,15
3067.5,16
3067.6,30
3068.9,31
3069.1,10
3069.1,26
3069.2,34
3070.7,35
3070.8,1
3071.2,39
3071.3,11
3071.5,36
3071.8,9
3072.4,18
3073.3,0
3074.0,5
3074.1,33
3074.2,4
3075.2,13
3075.3,17
3076.3,3
3076.4,27
3076.7,19
3076.7,23
3076.8,26
3076.8,38
3077.0,6
3077.7,30
3078.5,15
3078.5,25
3079.5,24
3080.1,39
3083.6,32
3083.8,7
3084.3,0
3084.3,8
3084.5,37
3084.7,20
3085.0,33
3085.2,22
3085.3,16
3085.3,35
3085.5,13
3086.2,21
3086.4,29
3086.4,36
3086.6,26
3087.0,2
3087.4,9
3087.9,6
3087.9,28
3088.4,39
3088.6,5
3088.7,24
3088.9,17
3089.2,18
3089.8,34
3091.7,11
3091.8,30
3092.2,4
3092.7,33
3093.7,1
3094.0,23
3094.4,37
3094.5,25
3095.6,3
3095.7,27
3097.0,12
3097.0,19
3097.9,0
3097.9,38
3098.0,13
3098.0,30
3098.2,10
3098.5,16
3099.7,15
3099.9,36
3100.0,24
3101.1,39
3101.2,26
3101.4,9
3101.9,33
3102.4,6
3102.4,18
3104.4,1
3104.4,8
3104.4,17
3104.7,14
3104.9,5
3105.1,29
3106.1,30
3106.5,20
3106.6,4
3106.7,22
3107.0,35
3107.9,3
3108.2,2
3108.4,23
3109.3,0
3109.5,32
3110.3,25
3110.4,24
3111.4,36
3111.6,21
3111.6,39
3111.8,16
3111.9,13
3112.5,7
3112.6,33
3113.3,38
3113.5,5
3114.6,15
3114.9,34
3115.2,26
3115.5,6
3118.2,9
3118.5,17
3118.8,30
3119.1,4
3119.4,0
3119.6,1
3120.0,10
3120.1,39
3122.0,35
3122.7,13
3123.4,11
3124.3,27
3125.3,33
3125.3,22
3126.2,37
3126.6,7
3126.6,26
3127.1,23
3127.2,15
3127.3,5
3127.8,24
3127.9,6
3128.0,21
3128.2,36
3128.4,4
3128.5,16
3129.0,3
3129.6,25
3129.7,0
3129.9,2
3130.3,18
3131.4,34
3132.9,30
3133.1,39
3133.7,29
3134.7,33
3134.8,17
3135.1,35
3136.8,3
3137.3,26
3137.5,22
3138.3,1
3138.5,13
3140.8,10
3141.6,25
3141.6,36
3141.7,16
3141.8,19
3141.8,38
3141.9,24
3142.4,39
3142.7,23
3142.7,37
3142.8,4
3142.8,5
3142.8,6
3142.8,9
3142.8,12
3142.9,27
3143.1,15
3143.2,30
3143.6,32
3143.8,33
3144.9,0
3145.6,26
3146.0,34
3146.9,21
3148.7,7
3149.4,17
3149.4,18
3151.0,3
3151.4,1
3151.7,39
3152.1,30
3152.1,36
3153.0,24
3153.4,6
3153.6,15
3153.8,37
3154.4,4
3155.0,13
3156.0,23
3156.6,16
3156.7,26
3156.7,33
3156.8,20
3156.9,35
3157.5,27
3158.4,17
3158.4,22
3159.2,32
3160.0,5
3160.3,0
3160.9,9
3161.2,39
3161.3,6
3161.3,25
3161.9,10
3163.4,2
3164.1,30
3164.8,31
3165.2,26
3165.4,34
3165.7,29
3166.1,33
3167.1,3
3167.4,36
3167.6,24
3169.5,15
3170.0,8
3170.1,23
3170.2,11
3170.3,1
3170.5,13
3170.6,38
3170.9,14
3171.3,5
3171.3,22
3171.3,35
3171.5,26
3171.6,19
3171.9,21
3172.0,25
3172.4,12
3172.9,30
3173.5,4
3173.7,6
3173.9,0
3173.9,39
3175.2,18
3177.4,7
3177.4,34
3177.5,2
3177.5,17
3178.3,33
3179.6,16
3179.6,20
3179.7,24
3179.8,36
3180.0,27
3182.1,13
3182.2,32
3182.4,1
3183.1,9
3183.2,26
3183.8,6
3184.9,30
3185.2,15
3186.1,25
3186.3,0
3186.6,21
3186.8,10
3186.8,39
3187.1,3
3187.8,5
3188.2,4
3188.4,38
3188.5,17
3188.7,23
3188.7,33
3189.2,35
3190.5,24
3190.9,18
3191.1,36
3192.0,9
3192.0,19
3193.0,22
3193.2,34
3193.7,13
3193.7,26
3194.2,29
3194.3,16
3194.4,31
3196.4,12
3196.6,33
3196.6,37
3196.7,11
3196.7,15
3197.1,6
3199.0,17
3199.1,39
3199.8,5
3199.8,23
3200.3,30
3200.9,38
3202.1,2
3202.1,14
3202.1,24
3202.8,0
3202.9,10
3203.0,7
3203.2,1
3203.2,27
3203.4,3
3203.8,33
3204.0,25
3204.0,26
3204.4,9
3204.6,36
3204.8,21
3205.7,4
3206.4,19
3208.5,13
3208.9,35
3209.1,6
3209.5,15
3209.5,23
3210.0,17
3210.9,30
3211.0,34
3211.3,5
3212.2,39
3212.8,26
3213.9,22
3214.6,33
3214.9,24
3215.4,6
3216.6,4
3217.1,9
3217.7,0
3217.9,38
3218.2,25
3219.2,36
3219.6,16
3220.4,1
3220.4,3
3220.6,27
3220.7,13
3220.7,20
3220.9,30
3221.6,26
3221.6,32
3222.2,18
3222.4,34
3223.0,6
3223.2,33
3224.5,15
3225.5,37
3225.7,35
3226.7,2
3226.8,39
3226.8,5
3226.8,7
3228.0,23
3229.3,12
3229.3,17
3230.1,13
3230.2,0
3230.4,10
3230.6,33
3231.0,19
3231.4,21
3231.7,25
3232.0,24
3232.2,16
3232.3,11
3232.3,30
3232.3,4
3233.3,1
3234.1,26
3234.9,6
3236.0,18
3238.5,33
3238.5,39
3238.8,34
3239.0,22
3239.2,38
3239.5,32
3239.5,36
3240.4,2
3240.4,5
3240.4,21
3240.4,23
3240.9,9
3240.9,15
3240.9,25
3241.3,37
3241.5,26
3241.7,24
3242.9,30
3243.0,0
3243.0,17
3243.0,13
3243.0,20
3243.0,27
3243.3,1
3243.6,4
3246.6,3
3246.6,6
3247.1,39
3248.2,29
3248.5,16
3249.7,11
3249.7,33
3250.3,26
3250.9,35
3251.0,30
3251.6,2
3252.2,12
3252.4,13
3252.6,0
3253.2,4
3253.2,10
3253.5,7
3253.7,18
3254.6,22
3254.8,14
3255.8,34
3256.1,3
3256.1,23
3256.2,15
3256.7,17
3257.1,25
3257.3,19
3258.7,24
3258.8,1
3258.8,6
3259.5,32
3260.1,33
3260.2,9
3260.2,16
3260.4,36
3260.7,39
3261.5,5
3261.9,26
3261.9,30
3262.2,2
3262.3,21
3263.7,37
3265.3,4
3265.3,15
3265.4,27
3265.7,35
3265.8,13
3265.8,38
3265.9,0
3265.9,29
3267.6,39
3268.2,34
3268.3,6
3268.6,30
3269.7,23
3270.0,1
3270.0,24
3270.8,7
3272.0,11
3272.2,18
3272.5,33
3274.1,17
3274.1,26
3274.4,16
3274.8,22
3275.1,36
3275.6,25
3275.6,5
3276.2,3
3276.8,30
3277.7,14
3277.9,35
3278.0,37
3279.8,24
3280.6,8
3280.6,10
3280.6,20
3280.8,29
3281.2,34
3281.5,0
3282.1,13
3282.2,33
3282.3,15
3282.3,19
3282.6,4
3282.6,9
3283.3,2
3283.3,6
3283.4,39
3283.5,23
3283.8,32
3284.1,27
3284.3,21
3284.9,16
3286.3,26
3288.2,1
3288.2,36
3289.0,30
3289.0,38
3290.0,4
3291.3,18
3291.5,25
3291.7,12
3291.8,5
3292.1,39
3292.6,3
3293.1,0
3293.9,33
3294.1,13
3294.4,7
3294.6,24
3294.7,15
3294.9,35
3295.0,23
3295.1,26
3295.7,17
3295.9,6
3296.4,11
3296.5,34
3298.2,2
3298.5,30
3298.5,37
3299.1,22
3299.1,36
3300.1,5
3300.2,3
3302.5,16
3302.8,24
3303.1,9
3303.8,39
3304.0,27
3304.9,29
3305.2,6
3305.8,32
3305.9,1
3306.2,17
3306.3,33
3306.9,15
3307.7,0
3308.2,21
3308.7,13
3308.8,10
3309.1,19
3309.5,24
3310.5,25
3310.9,38
3311.0,4
3311.0,23
3311.1,26
3312.0,20
3312.1,18
3312.7,7
3313.0,30
3313.0,39
3313.5,33
3313.6,35
3314.0,6
3314.4,2
3314.5,34
3314.7,5
3316.0,1
3316.7,36
3317.7,0
3317.7,16
3318.1,21
3319.9,3
3320.0,9
3320.4,31
3320.7,17
3320.8,14
3323.2,37
3323.6,15
3324.0,24
3324.3,26
3324.4,32
3324.5,27
3324.9,12
3325.0,6
3325.3,30
3325.5,23
3325.5,39
3325.6,38
3325.8,4
3326.6,25
3326.9,33
3326.9,13
3327.2,0
3328.0,5
3329.9,16
3330.2,22
3330.4,10
3330.5,17
3330.8,11
3330.9,29
3331.1,19
3331.5,34
3332.2,20
3332.5,6
3333.2,35
3334.4,18
3334.7,26
3334.7,36
3334.7,39
3335.4,1
3335.5,7
3335.5,23
3335.8,3
3336.3,33
3337.8,2
3339.1,13
3339.1,30
3339.3,4
3341.2,0
3341.5,34
3341.8,21
3342.0,25
3342.3,26
3342.4,9
3342.9,14
3343.0,15
3343.0,17
3343.0,27
3343.3,16
3343.8,5
3343.9,24
3344.5,39
3346.1,33
3347.3,38
3347.8,22
3348.1,30
3348.7,36
3349.1,6
3349.3,1
3350.0,13
3350.1,4
3350.1,23
3350.2,19
3350.2,37
3350.5,15
3350.6,32
3350.7,18
3350.7,35
3351.4,0
3351.7,12
3352.7,26
3353.1,24
3353.3,17
3353.9,33
3354.1,8
3354.2,39
3354.3,29
3354.7,34
3354.8,16
3355.9,2
3356.6,3
3357.8,5
3357.9,7
3358.6,15
3359.4,30
3360.0,13
3360.2,25
3360.3,6
3363.0,21
3364.1,11
3364.1,33
3364.2,17
3364.2,26
3364.6,0
3365.2,4
3365.6,1
3365.9,10
3366.5,18
3366.5,35
3366.5,16
3366.5,23
3367.3,3
3368.6,39
3369.1,24
3369.1,27
3370.0,15
3370.1,19
3370.2,36
3370.4,25
3370.5,9
3370.5,38
3372.4,30
3372.5,5
3372.7,26
3372.8,6
3374.1,7
3374.2,20
3375.2,22
3376.1,2
3376.1,23
3376.2,39
3376.6,29
3376.6,34
3376.8,13
3377.2,0
3377.8,33
3378.6,37
3379.9,3
3380.0,16
3380.5,12
3380.6,1
3380.9,25
3381.2,15
3381.6,4
3381.8,30
3382.6,21
3383.1,26
3383.8,17
3384.2,36
3384.3,24
3384.3,35
3384.8,6
3385.0,8
3385.2,5
3385.3,33
3386.1,39
3386.2,31
3389.3,18
3389.8,10
3389.8,34
3390.7,1
3390.7,7
3390.8,0
3390.8,22
3391.5,30
3392.8,14
3392.9,13
3393.1,23
3393.2,25
3393.3,3
3393.6,36
3395.0,9
3395.6,17
3396.0,39
3396.1,26
3396.3,27
3396.5,4
3396.9,15
3396.9,24
3397.5,33
3397.6,6
3397.6,32
3398.5,16
3399.6,35
3399.6,38
3401.8,5
3402.1,36
3402.9,19
3404.1,12
3404.6,18
3404.6,37
3405.2,26
3405.5,13
3405.9,30
3406.7,2
3406.9,33
3407.1,3
3407.3,7
3407.7,0
3407.8,6
3408.3,25
3408.6,24
3409.7,34
3410.7,17
3410.9,15
3411.1,23
3411.5,1
3412.9,36
3413.5,29
3413.6,39
3414.5,33
3414.9,21
3415.3,4
3415.3,5
3415.5,22
3415.6,16
3415.9,6
3416.3,9
3416.7,35
3416.8,10
3417.0,26
3417.1,3
3417.3,30
3417.6,38
3418.2,25
3418.4,0
3418.4,7
3418.5,23
3419.4,24
3420.6,39
3420.7,11
3421.7,13
3422.3,15
3423.2,32
3424.4,26
3424.5,1
3424.7,2
3424.8,6
3424.9,36
3425.1,18
3425.4,35
3425.6,17
3427.5,31
3427.7,20
3428.3,34
3428.6,5
3428.7,3
3429.6,27
3430.1,30
3430.1,33
3431.1,24
3431.2,0
3431.2,39
3431.5,16
3432.0,12
3432.1,21
3432.2,10
3432.8,9
3432.9,23
3433.6,22
3433.7,4
3435.2,13
3435.9,15
3436.0,26
3436.3,25
3437.3,6
3440.3,1
3440.8,33
3440.9,37
3440.9,39
3441.2,21
3441.4,17
3442.1,2
3442.2,30
3442.8,36
3442.8,38
3442.9,0
3443.4,34
3444.1,5
3444.4,7
3444.8,24
3444.9,18
3445.3,3
3445.6,19
3445.7,6
3446.3,16
3446.4,13
3446.8,15
3447.0,26
3447.9,30
3448.3,9
3448.3,25
3448.5,11
3448.5,22
3448.7,35
3451.2,23
3451.7,14
3452.6,39
3452.7,12
3453.2,27
3453.3,33
3453.9,0
3454.3,10
3455.8,34
3456.2,21
3456.3,1
3456.9,17
3457.2,4
3458.7,6
3459.0,3
3459.3,5
3459.3,24
3459.7,32
3460.1,33
3460.2,13
3460.2,15
3460.2,26
3460.4,16
3460.4,39
3461.2,29
3461.7,25
3463.6,30
3463.8,2
3464.6,9
3466.8,0
3467.1,36
3467.3,13
3467.9,18
3468.4,1
3468.4,15
3468.7,12
3469.1,17
3469.1,39
3469.2,5
3469.2,23
3469.3,20
3469.4,4
3469.5,33
3469.6,38
3469.7,7
3469.7,37
3469.8,6
3471.1,26
3471.5,22
3473.7,24
3474.4,30
3475.1,21
3475.4,16
3476.1,35
3476.4,34
3476.9,10
3477.4,8
3477.8,25
3478.4,3
3478.9,2
3479.0,26
3480.2,33
3481.0,9
3481.1,13
3481.5,6
3482.1,17
3483.4,0
3483.5,36
3483.6,39
3483.7,15
3483.9,23
3484.3,5
3484.7,27
3485.3,38
3485.7,7
3485.8,11
3486.6,19
3488.3,24
3489.2,37
3489.8,26
3490.0,1
3490.0,33
3490.2,16
3491.1,18
3491.4,29
3491.5,30
3491.8,22
3492.3,4
3492.4,17
3493.0,31
3493.6,34
3493.9,3
3493.9,13
3494.1,39
3496.5,5
3496.6,6
3497.7,35
3499.2,15
3499.3,38
3499.8,32
3500.8,24
3500.9,0
3501.2,25
3501.2,26
3501.3,9
3501.3,27
3501.8,10
3502.4,21
3502.5,1
3502.5,36
3502.7,33
3502.8,30
3503.2,13
3503.6,16
3504.2,23
3504.3,39
3504.7,2
3504.7,34
3504.9,7
3505.0,5
3505.2,3
3505.2,20
3505.5,12
3505.9,37
3506.0,6
3506.3,11
3506.3,14
3506.5,18
3507.2,17
3511.2,0
3512.2,15
3512.9,4
3513.0,33
3513.3,26
3514.0,9
3514.1,38
3514.4,25
3515.2,30
3515.5,24
3516.2,5
3516.5,17
3516.8,18
3517.0,6
3517.0,31
3517.4,39
3517.7,10
3518.1,34
3518.2,13
3518.3,23
3518.7,19
3520.2,29
3520.3,16
3520.4,27
3521.1,26
3522.3,36
3522.6,33
3522.9,24
3523.1,1
3523.4,35
3523.5,3
3523.8,39
3524.2,4
3524.2,21
3524.2,25
3525.1,23
3525.1,28
3525.4,0
3525.6,17
3526.1,22
3526.8,8
3527.8,30
3528.0,9
3528.6,38
3529.5,6
3530.2,15
3530.3,32
3531.5,13
3531.6,2
3532.0,33
3532.3,5
3532.6,25
3532.7,10
3532.7,36
3532.9,26
3534.4,20
3535.0,27
3535.1,7
3535.3,4
3535.4,0
3535.5,34
3536.9,16
3539.3,13
3539.4,17
3540.1,3
3540.1,24
3540.3,30
3540.8,33
3541.2,12
3541.4,15
3541.5,6
3541.8,37
3542.1,23
3542.9,39
3543.1,9
3543.4,1
3543.4,26
3544.7,11
3545.8,35
3546.6,22
3546.8,18
3546.9,38
3547.1,5
3547.3,25
3548.3,34
3548.4,13
3549.0,0
3549.2,33
3549.5,30
3549.7,17
3549.7,27
3549.8,16
3549.9,15
3550.6,37
3552.4,36
3552.9,7
3553.8,19
3554.0,3
3554.9,6
3555.0,4
3555.1,24
3555.1,39
3555.2,20
3555.2,29
3556.1,9
3557.5,30
3557.9,10
3558.3,23
3558.6,16
3558.9,32
3559.0,14
3559.2,26
3560.2,17
3560.4,33
3560.6,34
3561.5,35
3561.7,22
3561.9,21
3562.4,1
3563.2,13
3563.5,38
3564.7,0
3564.7,39
3564.9,5
3564.9,18
3565.3,15
3565.3,24
3565.6,25
3566.5,3
3566.8,12
3567.0,6
3568.9,4
3569.3,26
3570.0,9
3570.7,33
3572.0,30
3572.6,7
3572.6,23
3573.2,13
3573.3,17
3573.5,2
3574.0,34
3574.6,0
3574.7,37
3575.2,36
3577.6,35
3577.8,16
3578.2,6
3579.0,15
3580.0,39
3580.3,27
3580.8,26
3580.9,33
3581.6,7
3581.7,10
3581.8,3
3582.1,5
3582.2,30
3582.4,29
3582.8,1
3582.8,25
3584.0,38
3584.2,24
3584.8,21
3584.9,31
3586.6,13
3587.3,0
3588.2,17
3588.4,11
3588.5,19
3589.0,6
3589.7,4
3590.1,18
3590.3,20
3590.9,23
3591.0,33
3591.4,25
3591.5,22
3592.1,24
3592.8,34
3593.2,39
3593.6,16
3594.0,1
3594.0,5
3594.1,12
3594.1,26
3595.4,15
3596.0,9
3596.0,30
3596.3,32
3596.7,29
3596.9,37
3597.2,35
3597.7,36
3597.8,13
3598.3,33
3598.8,17
3601.7,3
3602.5,6
3602.5,18
3602.6,0
3602.8,8
3602.8,11
3603.5,38
3603.5,39
3603.9,10
3604.5,25
3605.0,7
3606.6,13
3607.0,16
3607.1,26
3607.4,24
3608.2,2
3608.6,37
3608.7,5
3609.5,33
3610.3,30
3610.5,23
3610.9,4
3611.5,27
3611.7,3
3612.0,34
3612.6,17
3613.4,1
3613.5,15
3613.7,21
3614.4,6
3614.4,36
3615.0,39
3615.5,29
3617.1,12
3617.3,38
3617.4,9
3618.5,26
3618.8,22
3619.3,0
3619.6,33
3620.3,25
3620.6,35
3620.9,4
3620.9,13
3621.6,14
3621.6,23
3621.7,24
3621.8,20
3622.0,6
3622.1,18
3622.1,19
3622.4,36
3622.6,30
3622.8,5
3622.9,2
3622.9,39
3623.9,7
3626.5,15
3627.7,26
3627.8,11
3628.2,34
3629.3,16
3630.6,22
3630.8,4
3631.6,0
3631.6,3
3633.1,33
3633.1,38
3633.3,32
3633.5,9
3633.8,13
3633.9,23
3634.1,1
3634.1,17
3634.2,30
3634.3,7
3635.0,10
3635.0,21
3635.0,26
3635.2,31
3635.3,24
3635.4,36
3636.2,15
3637.7,37
3638.5,39
3639.3,33
3639.6,27
3640.1,35
3640.2,18
3640.6,25
3642.1,17
3642.3,2
3642.4,34
3644.4,22
3644.5,5
3644.7,6
3645.0,26
3645.8,24
3646.0,21
3646.1,12
3646.5,1
3646.6,0
3646.7,4
3648.1,16
3648.5,23
3649.4,36
3649.4,39
3649.5,25
3649.6,30
3649.7,13
3650.2,9
3650.4,18
3650.9,8
3651.0,27
3651.8,3
3652.3,33
3653.1,34
3653.5,26
3653.8,19
3654.2,15
3655.2,35
3655.5,0
3656.0,10
3656.0,14
3657.4,2
3657.5,5
3657.6,29
3658.1,24
3658.2,7
3658.8,38
3658.9,6
3658.9,20
3659.6,33
3659.7,13
3660.3,21
3661.5,3
3661.7,1
3662.3,37
3662.3,39
3662.4,17
3662.8,23
3662.8,30
3663.3,32
3663.5,36
3665.1,15
3666.1,0
3666.6,4
3666.6,34
3666.7,26
3666.8,16
3667.7,6
3668.6,24
3669.1,5
3670.0,25
3670.8,18
3671.5,35
3671.6,9
3671.7,1
3672.1,20
3672.1,30
3672.2,11
3672.4,7
3672.6,22
3673.0,13
3673.7,36
3674.2,27
3674.5,12
3674.6,39
3674.7,0
3674.7,33
3675.6,17
3675.7,8
3675.8,38
3676.1,23
3676.2,2
3676.6,26
3677.5,15
3679.0,9
3679.0,3
3679.6,16
3679.6,24
3680.2,6
3681.6,33
3681.7,25
3682.6,10
3682.6,34
3683.6,4
3685.5,21
3686.3,5
3686.7,30
3686.8,39
3687.2,1
3687.4,36
3687.9,23
3688.0,26
3688.3,12
3688.3,35
3688.6,37
3688.8,13
3689.2,6
3689.5,7
3689.6,0
3690.3,16
3690.3,17
3690.3,19
3690.9,18
3690.9,27
3691.0,29
3692.2,25
3693.0,15
3693.1,32
3693.2,4
3693.7,33
3695.0,3
3695.1,24
3695.7,9
3695.7,13
3696.7,0
3698.0,30
3699.2,39
3699.8,2
3699.9,26
3700.0,38
3701.5,1
3701.8,5
3703.2,6
3703.2,20
3703.2,22
3703.4,34
3703.4,10
3704.0,25
3704.6,23
3705.0,0
3705.4,17
3705.8,24
3706.1,7
3706.5,11
3706.9,35
3707.9,4
3709.1,12
3709.1,21
3709.1,33
3709.6,36
3710.1,39
3710.4,13
3710.4,16
3710.6,30
3711.5,15
3712.1,26
3712.5,2
3713.0,9
3713.8,1
3713.9,27
3714.8,33
3715.4,18
3715.8,5
3716.0,3
3716.0,17
3716.5,22
3716.5,24
3716.5,29
3717.0,37
3717.1,6
3717.1,39
3718.6,23
3720.2,34
3720.3,25
3720.8,38
3721.6,0
3721.7,7
3721.9,26
3722.0,30
3722.1,4
3722.7,8
3722.7,13
3723.1,35
3723.2,10
3723.2,15
3723.2,36
3723.3,31
3723.4,24
3723.5,16
3723.7,21
3728.0,33
3728.4,17
3729.7,6
3729.8,39
3730.0,3
3730.5,23
3730.8,18
3731.1,2
3732.6,24
3733.3,9
3733.4,0
3734.5,13
3734.7,26
3734.9,5
3735.4,11
3735.4,27
3736.7,12
3736.7,20
3737.0,32
3737.4,33
3737.6,34
3737.9,7
3738.1,30
3738.3,25
3738.4,21
3738.7,1
3739.5,39
3740.0,22
3740.9,6
3741.3,4
3742.0,15
3742.1,36
3742.9,13
3743.4,35
3743.7,16
3744.0,0
3744.0,3
3744.0,23
3744.1,38
3744.6,19
3745.0,10
3745.0,17
3745.5,26
3746.1,24
3747.4,25
3747.9,5
3749.2,33
3749.4,18
3749.4,39
3749.8,1
3750.0,14
3750.8,30
3750.8,37
3751.2,9
3751.3,6
3752.2,34
3753.3,24
3754.5,20
3754.8,36
3754.9,13
3755.9,27
3756.4,33
3756.6,0
3757.0,11
3757.1,15
3757.2,35
3757.4,2
3757.6,32
3757.8,21
3758.4,3
3758.5,12
3758.5,17
3758.7,26
3759.7,39
3760.1,22
3760.2,23
3760.4,30
3761.0,16
3761.6,4
3761.6,7
3762.2,29
3762.5,25
3762.7,1
3762.7,6
3763.3,33
3764.9,34
3765.4,5
3765.7,10
3766.6,24
3766.7,38
3769.4,37
3769.5,9
3771.0,36
3771.1,23
3771.9,15
3772.1,6
3772.3,2
3772.3,33
3772.5,0
3772.5,13
3772.6,27
3773.0,26
3773.7,30
3774.0,3
3774.1,4
3774.3,39
3774.5,17
3775.0,24
3775.2,25
3776.1,1
3776.6,5
3777.0,18
3777.2,21
3777.8,16
3778.0,22
3778.5,12
3779.1,35
3779.4,34
3780.2,26
3781.7,15
3781.9,7
3782.0,30
3783.4,36
3783.5,19
3784.0,6
3784.2,20
3784.2,33
3786.1,10
3786.3,39
3786.5,0
3787.6,31
3788.2,32
3789.0,23
3789.1,18
3789.4,13
3790.3,17
3790.3,25
3790.6,38
3791.1,2
3791.1,3
3791.6,4
3791.7,24
3791.8,6
3791.8,26
3791.8,1
3792.0,15
3792.5,5
3792.7,34
3793.0,9
3793.1,27
3793.7,16
3793.9,33
3796.1,30
3796.5,35
3798.9,23
3799.0,39
3799.6,20
3799.7,13
3800.6,11
3800.6,25
3800.9,12
3801.4,29
3802.1,26
3802.2,21
3802.5,0
3802.7,6
3803.2,33
3803.6,37
3804.0,5
3804.3,24
3804.8,4
3806.4,17
3807.4,16
3808.1,3
3808.3,36
3808.4,34
3808.8,19
3808.9,22
3809.2,15
3810.7,38
3810.7,30
3811.3,39
3812.0,27
3812.1,13
3812.6,0
3812.6,6
3812.9,9
3813.3,23
3813.5,26
3813.9,1
3815.2,18
3815.6,2
3817.5,25
3817.7,21
3817.7,33
3818.3,35
3818.5,10
3819.4,5
3819.4,24
3819.7,17
3819.7,34
3820.1,15
3820.3,39
3821.0,7
3821.2,12
3821.7,16
3821.7,36
3823.7,9
3823.7,26
3824.0,30
3824.6,4
3824.8,0
3824.9,6
3826.0,13
3826.0,20
3826.2,22
3826.6,11
3826.7,3
3827.4,33
3827.5,38
3828.8,39
3829.8,15
3829.9,1
3831.0,23
3831.2,36
3831.4,34
3831.8,26
3832.8,25
3833.1,24
3833.3,35
3833.8,30
3833.9,21
3834.2,5
3835.4,2
3835.4,33
3835.7,16
3836.0,17
3836.2,7
3836.2,9
3836.3,0
3837.0,6
3837.1,39
3837.4,4
3837.6,37
3838.2,3
3838.7,26
3841.6,13
3841.7,29
3842.5,12
3843.2,18
3843.3,1
3843.7,8
3843.9,19
3844.8,25
3844.8,34
3844.8,35
3845.0,36
3845.2,15
3845.3,10
3845.5,22
3846.0,23
3846.7,16
3847.4,30
3847.6,33
3848.6,0
3850.2,27
3851.1,26
3851.4,5
3851.6,2
3852.4,39
3852.8,24
3852.8,32
3853.7,15
3854.0,13
3854.1,17
3854.3,20
3854.9,21
3855.2,36
3855.6,11
3855.7,33
3855.9,6
3856.2,38
3857.6,23
3857.9,3
3858.0,18
3858.3,14
3858.4,7
3859.1,31
3859.6,1
3860.9,30
3861.4,4
3861.6,16
3861.6,35
3861.9,0
3861.9,12
3861.9,26
3862.0,39
3862.2,29
3862.3,25
3862.7,34
3863.4,5
3864.2,6
3864.2,9
3864.2,33
3864.3,13
3866.5,15
3868.1,2
3869.0,10
3869.3,22
3870.0,36
3870.1,3
3870.3,17
3870.4,24
3870.6,37
3871.0,23
3871.1,26
3871.3,39
3871.6,35
3872.6,30
3873.0,21
3873.0,33
3873.1,7
3873.4,25
3873.7,5
3874.5,1
3875.8,6
3876.6,15
3876.9,0
3876.9,4
3877.1,9
3877.9,19
3878.0,11
3878.2,13
3878.3,27
3880.0,16
3880.0,24
3880.6,30
3880.7,34
3882.3,26
3882.8,39
3885.1,25
3886.2,17
3886.2,23
3886.6,6
3886.7,33
3887.8,36
3888.5,35
3889.4,38
3889.6,16
3890.0,2
3890.0,27
3890.2,15
3890.2,18
3890.3,13
3890.3,37
3891.5,26
3891.6,0
3892.2,8
3892.4,9
3892.4,4
3893.6,5
3893.6,39
3893.9,7
3894.0,3
3895.4,20
3897.4,30
3897.4,32
3897.8,19
3897.9,1
3898.1,11
3898.1,13
3898.1,33
3898.3,14
3898.5,34
3898.7,23
3898.9,24
3899.5,0
3900.0,17
3900.0,35
3900.8,22
3900.9,25
3901.5,10
3901.7,39
3902.2,15
3903.1,26
3903.9,18
3904.0,6
3904.3,29
3904.6,12
3905.4,16
3906.2,33
3906.5,21
3906.6,2
3906.6,31
3907.3,37
3908.0,5
3908.1,34
3908.3,9
3908.4,3
3908.4,24
3908.8,38
3909.3,1
3910.2,32
3910.3,26
3910.5,7
3910.9,13
3910.9,39
3911.1,30
3911.3,0
3911.3,27
3911.9,22
3912.8,4
3913.2,15
3915.0,23
3915.0,36
3917.7,33
3918.2,17
3918.3,25
3918.6,16
3919.4,6
3919.8,4
3919.8,26
3919.8,39
3920.6,0
3921.9,35
3922.0,21
3923.3,24
3924.7,19
3925.3,1
3925.4,20
3925.4,30
3925.6,34
3925.7,7
3926.0,3
3926.1,18
3926.5,12
3926.8,13
3927.0,15
3927.8,5
3928.3,26
3928.8,2
3929.0,9
3929.8,38
3929.9,36
3930.2,6
3931.9,16
3931.9,33
3932.2,0
3932.2,4
3932.2,10
3932.3,39
3932.7,23
3933.2,11
3934.2,24
3934.2,30
3936.1,15
3936.5,35
3937.3,37
3937.4,27
3938.5,17
3938.7,3
3939.1,25
3939.9,18
3940.2,13
3940.5,26
3940.7,5
3941.2,7
3941.2,22
3941.2,33
3941.4,21
3942.5,16
3942.8,1
3943.6,39
3944.0,6
3944.0,8
3944.0,9
3944.3,34
3944.9,0
3946.0,23
3947.0,19
3947.3,24
3948.1,25
3948.5,32
3948.8,3
3949.9,26
3950.8,12
3950.8,36
3950.9,4
3951.0,2
3951.1,35
3951.4,15
3951.4,37
3951.6,38
3952.0,1
3952.3,6
3952.7,16
3952.8,13
3953.1,30
3953.2,10
3953.4,39
3953.6,9
3953.6,33
3954.0,31
3954.8,27
3955.6,17
3955.7,5
3955.8,22
3956.2,24
3957.8,11
3958.5,23
3959.7,34
3960.0,15
3960.3,6
3960.5,0
3960.8,4
3960.8,35
3961.1,25
3961.5,3
3961.8,26
3962.6,30
3965.0,33
3965.6,39
3966.0,36
3966.1,1
3966.4,5
3966.4,18
3966.9,7
3968.1,9
3968.1,20
3968.3,24
3968.7,21
3968.7,29
3969.2,13
3969.8,19
3969.8,32
3970.0,26
3970.1,0
3970.1,16
3970.4,38
3970.5,15
3970.7,14
3971.2,23
3972.3,6
3973.1,30
3974.8,34
3975.0,37
3975.2,1
3975.3,2
3975.8,17
3976.2,39
3976.3,31
3976.9,22
3977.1,33
3977.3,18
3980.2,25
3980.7,4
3981.4,12
3981.4,26
3981.5,23
3981.9,16
3981.9,36
3982.1,35
3982.2,7
3982.6,5
3982.7,10
3982.9,3
3982.9,27
3983.1,24
3986.5,13
3986.8,33
3987.3,30
3987.7,21
3987.9,6
3988.0,34
3988.7,39
3989.2,0
3989.8,9
3990.0,15
3990.3,2
3991.5,17
3991.5,38
3992.1,25
3992.6,29
3993.0,31
3993.2,1
3993.4,18
3993.6,26
3993.9,33
3994.8,23
3995.3,24
3996.0,37
3997.5,35
3997.8,13
3997.8,34
3997.9,6
3998.2,30
3998.3,9
3998.4,11
3998.4,22
3998.8,0
3998.8,32
3998.8,36
3998.9,5
3999.3,7
3999.4,39
4000.0,4
4000.6,26
4000.7,8
4000.7,20
4001.2,16
4001.5,3
4001.8,19
4002.4,1
4003.2,27
4004.2,17
4004.4,33
4004.9,12
4004.9,10
4006.4,2
4006.5,18
4007.1,24
4007.3,15
4007.9,30
4009.4,21
4009.9,26
4010.1,23
4010.6,5
4010.6,7
4010.8,6
4010.9,17
4011.0,25
4011.4,39
4011.6,29
4012.2,13
4012.3,0
4012.8,37
4012.9,3
4013.2,9
4016.9,4
4017.0,28
4017.1,33
4018.0,16
4018.1,32
4018.5,36
4018.7,22
4019.1,34
4019.2,24
4019.7,1
4020.4,6
4020.5,35
4021.2,39
4021.9,30
4022.5,26
4023.2,15
4023.6,38
4025.5,10
4025.6,25
4026.3,0
4026.6,27
4026.6,33
4026.9,13
4027.7,21
4028.1,17
4028.5,4
4028.8,24
4029.1,7
4029.3,3
4029.8,23
4030.1,18
4030.1,26
4030.2,5
4030.9,9
4031.0,34
4031.2,12
4033.7,22
4034.1,2
4034.9,39
4035.4,11
4035.7,16
4035.8,36
4036.6,33
4036.8,6
4037.5,14
4037.5,30
4037.7,17
4038.4,25
4038.4,38
4038.5,26
4039.8,15
4041.1,13
4042.6,35
4042.7,4
4042.8,7
4043.3,0
4043.3,29
4044.2,39
4044.3,31
4044.5,23
4044.6,1
4044.6,19
4044.7,21
4045.3,24
4045.7,22
4045.8,6
4045.9,5
4046.1,2
4046.5,14
4046.5,26
4047.3,12
4047.8,20
4048.0,36
4048.7,10
4050.0,3
4050.3,9
4050.7,18
4051.2,30
4052.5,25
4052.8,34
4052.9,33
4053.4,15
4053.5,13
4054.9,0
4055.3,17
4057.4,37
4057.8,24
4058.1,5
4058.1,6
4058.3,35
4058.5,26
4058.8,38
4059.0,39
4059.1,12
4059.4,16
4059.8,20
4059.8,23
4060.5,1
4060.5,7
4061.1,13
4061.2,30
4061.3,15
4063.9,10
4064.4,27
4065.5,3
4065.6,33
4065.7,2
4065.8,34
4065.9,11
4065.9,36
4066.4,4
4066.7,22
4066.9,39
4067.0,25
4067.4,5
4067.4,21
4068.1,6
4068.4,24
4070.4,23
4070.5,26
4071.4,30
4071.5,0
4073.2,35
4073.3,17
4074.3,5
4074.4,13
4074.7,16
4074.7,32
4074.7,37
4074.9,7
4074.9,18
4075.4,24
4075.4,39
4075.6,12
4076.0,19
4077.9,15
4078.4,27
4078.6,1
4078.7,33
4082.0,38
4082.7,34
4083.0,6
4083.1,26
4083.3,9
4083.7,4
4083.7,36
4083.8,22
4084.0,21
4084.1,11
4084.2,3
4084.5,29
4084.6,20
4084.8,25
4084.9,39
4085.0,0
4085.0,30
4085.2,17
4085.7,10
4086.4,24
4086.5,23
4086.7,13
4090.3,15
4090.6,33
4090.9,35
4091.3,14
4092.1,2
4092.8,5
4094.0,39
4094.1,7
4094.3,18
4094.7,30
4095.1,16
4095.2,34
4095.6,0
4095.6,4
4095.9,8
4095.9,37
4096.4,6
4096.4,36
4097.1,1
4098.5,26
4098.8,3
4099.4,33
4101.5,10
4101.6,25
4102.1,17
4102.2,13
4103.3,23
4103.8,7
4104.3,39
4104.7,32
4104.9,35
4105.0,5
4105.0,21
4105.0,24
4105.3,15
4106.1,26
4107.6,36
4107.7,38
4108.6,27
4108.9,18
4109.3,9
4109.9,13
4110.0,30
4110.3,0
4110.9,4
4111.0,22
4111.3,33
4111.6,12
4112.0,1
4112.4,6
4112.5,39
4112.6,23
4113.8,16
4114.0,24
4114.1,2
4115.6,5
4115.7,34
4115.9,10
4117.9,3
4118.1,26
4119.0,20
4119.1,30
4119.8,35
4120.0,25
4120.3,19
4120.8,21
4120.8,32
4121.5,0
4121.5,15
4122.1,29
4122.3,6
4122.7,36
4122.7,33
4123.6,7
4124.0,17
4124.7,4
4125.2,27
4125.5,13
4126.0,2
4126.1,39
4126.4,11
4126.4,37
4126.6,31
4126.7,22
4126.9,18
4127.5,23
4128.6,26
4129.5,38
4129.6,24
4129.6,34
4129.9,30
4130.4,3
4130.7,16
4131.2,9
4132.8,21
4133.4,25
4133.4,33
4133.5,15
4134.0,6
4134.5,37
4135.1,35
4135.3,5
4136.2,4
4136.4,39
4137.4,0
4138.4,1
4138.8,24
4138.9,13
4139.1,23
4139.4,36
4139.9,7
4139.9,17
4140.2,12
4140.3,33
4140.4,26
4141.8,25
4142.7,10
4144.4,3
4144.8,21
4144.8,30
4144.9,14
4145.2,15
4145.4,34
4145.6,18
4145.9,9
4146.1,5
4146.1,35
4146.2,38
4146.6,16
4146.7,29
4148.2,0
4148.4,26
4148.5,8
4149.0,39
4149.2,22
4149.9,6
4150.6,33
4151.6,13
4152.1,17
4152.1,19
4152.3,25
4152.8,31
4153.1,2
4153.3,30
4153.5,36
4154.2,27
4154.6,1
4154.6,23
4155.4,4
4156.8,24
4156.8,39
4157.1,3
4157.1,26
4158.1,7
4158.7,15
4158.7,37
4158.9,10
4159.3,20
4159.8,32
4159.8,33
4160.3,16
4160.6,18
4160.8,5
4161.4,0
4161.6,36
4161.9,25
4162.0,38
4162.2,35
4162.5,30
4163.0,9
4163.2,6
4165.0,34
4165.3,24
4165.6,17
4165.7,19
4165.7,26
4165.8,13
4165.9,23
4166.3,39
4166.8,16
4166.8,33
4167.1,12
4167.7,15
4168.4,2
4169.2,29
4169.4,4
4170.6,6
4171.8,30
4171.8,35
4172.6,7
4172.9,25
4173.0,3
4173.3,21
4174.4,39
4175.0,22
4175.5,0
4176.3,5
4176.7,1
4177.2,36
4177.5,18
4177.5,20
4179.0,23
4179.0,24
4179.2,31
4179.3,10
4179.3,33
4179.5,26
4179.8,17
4180.4,37
4180.7,9
4180.8,13
4180.8,15
4181.2,4
4181.7,16
4183.1,6
4184.4,25
4185.0,12
4185.4,26
4185.6,3
4185.6,27
4185.7,7
4185.7,11
4185.8,5
4185.8,39
4185.9,34
4186.3,1
4186.5,38
4187.0,30
4188.9,2
4191.2,23
4191.5,13
4191.9,0
4191.9,29
4191.9,33
4192.3,35
4192.9,21
4192.9,24
4194.6,36
4196.0,15
4196.6,39
4196.7,25
4197.0,18
4197.4,32
4197.8,30
4198.5,7
4198.8,22
4198.9,5
4198.9,38
4199.1,6
4199.1,9
4199.1,17
4199.8,16
4200.0,26
4200.4,3
4200.4,10
4201.0,34
4201.8,33
4203.7,19
4203.8,4
4204.4,1
4204.9,23
4205.5,27
4205.7,12
4206.1,2
4206.2,0
4206.2,37
4206.4,20
4206.4,24
4206.7,39
4207.1,5
4207.2,21
4207.3,7
4207.3,26
4209.9,35
4210.4,6
4210.4,30
4211.3,13
4211.4,15
4211.4,38
4211.6,3
4212.0,16
4212.4,36
4213.2,25
4213.5,33
4214.5,0
4214.5,17
4214.7,22
4216.2,5
4216.8,26
4217.4,34
4217.8,39
4218.0,18
4218.3,31
4218.8,9
4221.3,33
4221.4,21
4221.4,24
4221.8,6
4222.2,17
4222.4,4
4222.7,10
4223.1,13
4223.3,2
4223.8,30
4223.9,27
4224.0,16
4224.2,12
4224.2,14
4224.2,15
4224.6,11
4225.7,23
4226.2,39
4226.5,1
4228.2,26
4228.5,19
4228.8,3
4229.2,9
4229.3,37
4229.9,35
4230.0,7
4230.3,36
4230.5,25
4230.5,29
4230.7,22
4231.9,0
4232.3,5
4232.3,18
4233.9,23
4235.4,30
4235.5,34
4235.8,38
4236.0,20
4236.6,26
4236.8,33
4237.0,6
4237.2,4
4237.3,12
4237.5,13
4237.6,39
4238.5,17
4238.7,24
4239.3,35
4240.0,8
4240.5,16
4241.4,2
4241.4,15
4243.7,3
4244.1,36
4244.3,10
4244.5,25
4245.1,0
4245.3,1
4247.2,5
4247.2,6
4247.2,30
4247.6,24
4247.7,26
4248.0,22
4248.1,17
4248.7,39
4249.0,23
4249.0,32
4249.1,38
4249.5,7
4249.7,21
4250.0,18
4250.1,27
4250.4,33
4251.0,15
4251.9,13
4252.5,4
4254.2,14
4255.2,35
4255.7,12
4255.9,16
4256.2,19
4256.2,26
4256.4,6
4256.4,25
4256.9,11
4257.1,37
4257.7,30
4259.2,0
4260.1,24
4260.5,34
4260.9,9
4261.7,36
4261.9,39
4262.0,5
4262.0,33
4263.4,23
4263.7,20
4264.1,3
4264.7,21
4265.0,26
4265.3,17
4265.9,4
4267.0,15
4267.0,38
4267.4,1
4267.6,35
4269.1,37
4269.2,18
4269.4,30
4269.8,13
4270.0,2
4270.2,33
4270.6,7
4270.9,10
4271.7,17
4272.4,6
4272.4,24
4272.6,5
4273.1,0
4273.5,29
4275.1,39
4275.3,27
4276.5,1
4277.8,16
4277.8,26
4278.1,34
4278.1,30
4278.7,23
4278.9,33
4279.2,25
4280.1,3
4280.1,15
4280.3,6
4280.5,36
4281.9,12
4282.3,0
4282.7,9
4284.2,13
4284.3,22
4284.5,39
4284.6,17
4284.8,24
4285.2,18
4285.7,20
4285.8,4
4286.1,16
4287.1,33
4288.1,5
4288.5,10
4289.2,35
4289.5,26
4290.0,31
4290.3,23
4290.3,38
4290.5,30
4291.4,7
4291.8,1
4291.8,6
4292.1,29
4292.9,15
4293.2,21
4293.7,22
4293.8,18
4293.9,13
4294.6,3
4294.6,36
4294.8,25
4295.9,39
4296.7,33
4296.8,0
4297.6,17
4297.6,27
4298.0,26
4298.3,34
4298.9,24
4299.8,2
4300.1,4
4302.0,30
4302.4,37
4302.7,6
4302.9,10
4303.3,35
4303.4,16
4303.5,5
4304.0,32
4304.2,9
4305.1,1
4306.0,12
4306.2,13
4306.7,3
4307.1,39
4307.6,26
4307.8,19
4308.0,23
4308.1,33
4308.7,22
4308.8,15
4309.6,7
4310.0,0
4310.2,17
4310.4,38
4310.8,34
4311.0,25
4311.2,30
4311.5,36
4311.6,2
4311.6,14
4312.3,6
4312.7,8
4313.2,24
4313.4,5
4313.6,21
4315.9,18
4316.1,1
4317.1,35
4317.4,20
4317.6,13
4317.8,3
4317.9,33
4318.5,11
4318.5,39
4319.6,4
4319.9,15
4320.0,0
4320.9,26
4321.2,29
4322.2,27
4322.8,23
4323.0,6
4323.9,30
4324.2,16
4324.7,36
4325.0,38
4325.8,24
4327.4,12
4327.7,25
4328.1,34
4328.4,33
4328.6,5
4328.8,17
4328.9,39
4329.8,22
4330.4,21
4330.5,19
4330.7,6
4331.0,26
4331.1,13
4331.3,0
4331.9,15
4332.0,37
4332.5,3
4332.5,32
4332.6,10
4332.6,18
4333.1,4
4333.1,9
4333.5,2
4333.6,36
4335.6,1
4335.6,30
4336.0,7
4336.1,5
4336.8,23
4337.6,29
4338.8,33
4339.7,25
4339.7,39
4341.1,20
4341.3,0
4341.6,24
4342.1,34
4342.5,15
4342.8,11
4342.9,13
4343.0,12
4343.3,26
4344.9,3
4344.9,38
4345.2,6
4345.2,9
4345.5,17
4346.4,16
4346.7,30
4347.1,36
4349.0,4
4349.2,5
4349.2,27
4349.3,14
4349.6,18
4349.8,35
4350.0,25
4350.0,37
4350.4,33
4350.5,32
4350.6,39
4350.7,23
4351.8,10
4352.8,0
4354.7,19
4356.3,21
4357.2,26
4357.7,30
4358.4,6
4358.6,1
4359.1,22
4359.2,28
4359.4,15
4359.4,17
4360.1,24
4360.3,4
4361.2,10
4361.4,2
4361.6,13
4361.9,23
4362.0,33
4362.3,36
4363.3,34
4363.8,39
4363.9,9
4365.0,26
4366.2,6
4366.7,30
4366.8,16
4366.9,38
4367.0,25
4367.2,15
4367.6,18
4368.4,29
4368.5,35
4368.6,5
4368.8,0
4369.3,17
4369.4,13
4371.1,12
4373.4,22
4374.2,6
4374.5,27
4374.7,3
4374.8,21
4375.1,26
4375.3,7
4376.5,33
4377.2,34
4377.5,1
4377.5,18
4378.0,24
4378.0,36
4378.2,37
4378.7,20
4378.7,23
4378.7,4
4378.9,2
4378.9,15
4379.5,38
4379.8,9
4379.9,5
4380.8,30
4382.5,25
4382.7,39
4382.8,0
4384.9,13
4386.4,32
4386.6,35
4386.7,3
4387.1,36
4387.5,8
4387.7,21
4387.9,16
4387.9,6
4388.2,17
4388.5,34
4388.6,14
4388.8,10
4389.1,26
4389.6,30
4390.0,5
4390.0,33
4390.6,15
4391.2,23
4391.3,19
4393.9,4
4394.1,20
4394.2,7
4395.1,6
4395.5,1
4395.7,27
4395.8,0
4395.8,11
4395.8,37
4396.1,35
4396.1,39
4396.4,25
4396.5,12
4396.7,26
4396.7,29
4396.9,24
4396.9,38
4397.0,9
4397.1,31
4398.1,16
4398.2,18
4398.5,30
4399.6,5
4400.3,15
4401.5,23
4401.6,13
4402.0,3
4402.0,10
4402.3,33
4402.5,2
4403.8,39
4405.2,36
4405.3,22
4405.5,34
4406.3,17
4406.8,19
4407.4,35
4407.5,30
4408.0,6
4408.3,21
4408.3,25
4408.5,26
4408.8,9
4410.4,28
4411.4,33
4411.8,15
4411.9,0
4412.3,24
4412.3,5
4412.8,1
4412.8,39
4414.4,25
4415.0,13
4416.3,36
4416.7,26
4416.8,18
4419.0,27
4419.1,3
4419.2,16
4419.5,23
4419.9,38
4420.8,4
4421.1,37
4421.3,30
4421.5,11
4421.9,0
4422.9,34
4423.0,33
4424.5,7
4424.9,21
4425.4,6
4425.7,39
4426.0,22
4426.0,14
4426.3,2
4426.4,17
4426.9,10
4427.1,23
4427.2,24
4427.5,9
4427.9,8
4428.2,20
4428.7,15
4428.9,29
4429.9,5
4430.0,25
4430.4,26
4430.5,33
4430.7,13
4432.5,6
4433.5,0
4433.9,39
4434.6,35
4434.7,1
4434.7,38
4435.1,11
4435.2,24
4435.4,30
4436.1,12
4436.2,32
4436.3,36
4436.3,3
4436.6,18
4436.7,4
4436.7,16
4436.7,17
4436.7,19
4438.6,37
4439.7,26
4440.0,7
4440.1,33
4440.2,15
4442.4,10
4443.0,5
4443.0,21
4443.4,23
4443.4,29
4443.4,39
4443.8,6
4443.9,34
4444.0,27
4444.2,13
4444.5,9
4444.7,22
4445.0,1
4445.4,35
4445.5,25
4447.8,0
4448.0,24
4448.1,16
4450.0,2
4450.1,18
4450.2,3
4450.8,4
4451.1,9
4451.1,33
4451.7,26
4452.6,17
4452.8,30
4452.8,36
4452.9,37
4453.3,13
4453.8,19
4453.8,39
4454.8,14
4455.3,34
4455.6,15
4455.7,1
4456.9,38
4457.5,6
4457.5,22
4457.9,23
4458.2,32
4458.4,24
4459.2,20
4459.5,5
4459.6,25
4459.8,0
4459.8,27
4460.4,26
4461.0,33
4461.3,30
4463.5,21
4463.8,3
4463.8,36
4464.0,16
4464.4,9
4465.3,15
4466.8,8
4467.1,17
4467.5,35
4467.5,39
4468.5,2
4468.5,25
4468.7,1
4468.8,34
4470.0,6
4470.3,23
4470.7,7
4470.8,0
4470.8,33
4471.4,18
4471.7,26
4471.7,30
4472.5,24
4472.7,13
4473.9,3
4474.7,12
4476.1,9
4476.1,15
4476.1,37
4477.5,4
4478.2,10
4478.5,30
4478.5,39
4479.9,24
4480.6,5
4480.6,21
4481.2,33
4481.7,17
4482.6,16
4483.0,35
4483.2,6
4483.2,27
4483.6,31
4483.9,26
4484.6,38
4484.9,1
4485.5,34
4486.2,36
4486.3,23
4486.9,30
4487.0,39
4487.3,3
4487.5,0
4488.2,25
4488.5,33
4489.0,15
4489.4,18
4491.5,17
4492.0,16
4492.1,5
4492.3,2
4492.5,7
4492.6,37
4493.2,22
4493.6,24
4493.8,13
4494.9,6
4495.1,36
4496.1,19
4496.5,11
4497.3,4
4498.6,0
4498.8,26
4499.2,10
4499.2,35
4499.5,14
4499.7,9
4500.5,32
4500.7,29
4500.7,33
4500.9,23
4501.1,5
4501.2,39
4503.0,38
4503.3,1
4503.4,21
4503.4,37
4503.7,2
4504.0,15
4504.6,25
4504.7,12
4505.2,18
4505.6,6
4505.8,26
4506.0,34
4506.3,7
4506.6,24
4507.5,30
4507.7,13
4508.7,16
4509.1,4
4509.9,33
4511.2,17
4511.4,0
4511.4,22
4512.0,20
4512.6,36
4512.9,15
4512.9,39
4513.7,35
4513.9,1
4514.2,3
4514.4,5
4516.6,9
4517.8,23
4517.9,6
4518.1,13
4518.1,25
4518.2,33
4518.4,26
4518.5,34
4518.5,38
4519.0,4
4520.5,30
4521.5,35
4522.6,16
4523.4,17
4523.4,39
4523.5,15
4523.6,2
4524.7,21
4525.0,33
4526.0,36
4526.0,37
4526.1,27
4527.2,7
4527.4,0
4527.6,19
4528.4,24
4529.2,29
4529.3,5
4530.2,30
4530.5,26
4530.6,11
4530.8,25
4531.6,18
4531.9,12
4533.4,13
4533.9,21
4534.4,0
4534.4,4
4534.5,23
4534.9,3
4535.1,6
4535.1,32
4535.1,33
4535.3,7
4536.6,1
4537.6,38
4537.7,15
4538.3,34
4538.5,24
4538.8,39
4538.8,35
4539.0,17
4539.5,5
4539.5,10
4539.8,25
4539.9,16
4540.0,2
4540.3,9
4542.2,22
4543.2,30
4543.4,26
4543.6,18
4543.9,0
4544.3,6
4544.4,36
4544.8,33
4547.3,37
4547.5,39
4547.9,31
4548.4,13
4548.6,24
4549.7,12
4550.0,23
4550.7,27
4551.0,15
4551.3,4
4551.8,19
4552.1,5
4552.5,33
4552.9,29
4554.6,26
4554.6,30
4555.5,0
4555.6,1
4555.7,16
4555.9,7
4556.0,17
4556.6,36
4557.5,10
4558.3,14
4558.6,25
4558.6,35
4558.7,39
4559.5,2
4560.0,6
4561.1,13
4561.3,3
4561.5,34
4561.9,23
4562.1,24
4562.1,38
4564.0,15
4564.3,21
4564.4,9
4565.6,36
4565.9,18
4566.2,33
4566.7,11
4566.7,26
4567.0,20
4567.4,5
4567.9,7
4568.8,27
4568.8,39
4569.8,4
4570.3,30
4570.7,0
4570.7,17
4571.1,1
4571.1,22
4571.4,6
4572.0,32
4572.4,33
4572.6,2
4572.8,24
4573.1,38
4574.1,35
4575.6,13
4575.8,25
4575.9,28
4576.3,16
4576.4,23
4576.9,26
4578.1,30
4579.5,15
4579.8,7
4579.8,34
4580.8,36
4581.0,0
4581.8,12
4581.9,39
4582.6,33
4583.1,29
4583.1,37
4584.2,6
4584.2,3
4584.6,17
4585.9,4
4586.0,24
4586.7,22
4586.7,26
4586.9,13
4587.0,9
4587.3,1
4587.4,8
4587.9,19
4589.3,2
4589.6,18
4589.7,5
4591.5,30
4592.0,16
4592.0,26
4592.1,23
4592.4,0
4592.5,15
4593.2,34
4593.5,7
4593.6,27
4594.2,10
4594.4,33
4595.0,35
4595.2,13
4598.1,25
4598.3,3
4598.5,21
4598.7,6
4599.0,36
4599.1,39
4600.2,38
4600.3,15
4601.0,26
4601.6,17
4601.9,27
4602.0,11
4602.0,24
4602.3,1
4603.1,34
4603.9,23
4604.0,30
4604.7,31
4605.8,9
4606.0,2
4606.6,33
4607.3,6
4607.5,5
4607.8,12
4608.0,10
4608.0,39
4608.3,13
4609.3,14
4609.8,22
4609.8,32
4610.1,16
4610.1,18
4610.3,0
4610.4,4
4610.8,23
4610.9,20
4611.2,24
4611.6,26
4612.9,35
4613.0,3
4613.1,15
4613.2,38
4613.4,25
4613.5,33
4613.5,37
4614.4,21
4615.2,17
4616.7,34
4617.0,30
4617.5,1
4617.6,27
4618.4,29
4619.4,5
4619.6,19
4619.6,26
4619.8,6
4619.9,36
4619.9,39
4620.7,24
4621.5,7
4621.8,0
4623.1,13
4623.5,9
4625.7,25
4626.5,4
4626.6,8
4626.8,23
4626.9,39
4628.3,30
4628.4,20
4628.6,33
4628.7,35
4628.9,3
4629.0,6
4629.0,16
4629.2,10
4629.5,17
4629.9,15
4630.1,18
4630.2,26
4630.7,37
4630.7,38
4630.9,0
4631.3,2
4631.7,1
4634.7,36
4634.8,21
4635.8,5
4635.8,33
4636.9,25
4637.3,7
4638.5,39
4639.3,34
4639.4,6
4639.9,26
4640.2,23
4640.4,15
4640.6,4
4640.8,27
4640.8,30
4641.6,22
4642.0,1
4642.1,17
4642.3,12
4642.4,13
4642.7,14
4643.4,16
4643.7,10
4643.9,24
4644.4,5
4644.6,3
4646.9,37
4647.2,33
4647.2,35
4647.3,2
4647.8,25
4647.9,32
4649.1,0
4649.6,18
4650.0,23
4650.1,36
4651.0,26
4651.9,31
4652.0,39
4652.1,9
4652.5,24
4652.8,4
4653.0,6
4653.0,38
4653.5,34
4653.8,13
4654.2,30
4654.5,33
4655.0,1
4657.1,15
4657.2,16
4657.9,19
4658.4,21
4658.7,3
4658.7,7
4658.7,20
4658.8,11
4658.9,17
4658.9,26
4658.9,2
4659.4,22
4659.4,29
4660.2,5
4661.2,23
4662.6,25
4662.9,35
4662.9,39
4663.3,1
4665.2,13
4665.3,0
4665.5,33
4666.1,27
4666.5,18
4667.1,6
4667.1,30
4667.5,15
4668.4,24
4668.5,4
4668.5,34
4668.6,38
4670.1,16
4670.5,39
4671.1,26
4671.3,12
4672.9,37
4673.0,2
4673.0,3
4673.4,7
4673.4,23
4673.5,36
4673.8,17
4674.4,13
4674.5,33
4675.2,8
4675.5,5
4676.0,30
4676.3,35
4676.8,25
4677.1,9
4677.2,29
4677.5,6
4678.0,10
4678.2,1
4678.4,24
4678.7,22
4678.9,39
4679.2,21
4681.5,15
4682.9,0
4683.3,36
4683.8,26
4683.8,32
4684.7,33
4684.8,5
4685.1,34
4685.5,3
4685.7,6
4685.8,4
4685.9,27
4686.7,38
4687.3,23
4688.1,7
4688.5,16
4688.5,25
4688.6,17
4689.7,0
4691.8,1
4691.9,36
4692.4,30
4692.6,15
4692.6,22
4692.6,24
4692.9,39
4693.1,13
4694.9,33
4695.6,35
4695.7,26
4695.9,18
4698.0,6
4698.1,10
4698.1,16
4698.1,25
4698.5,34
4699.3,12
4699.7,38
4699.9,9
4700.4,2
4701.1,0
4701.2,15
4701.8,32
4702.4,4
4702.5,21
4702.6,30
4703.1,39
4703.1,23
4703.4,3
4703.4,11
4703.4,19
4703.6,24
4703.8,17
4704.3,5
4704.6,13
4704.6,31
4705.4,37
4705.8,33
4706.4,26
4708.3,7
4709.2,27
4709.5,2
4709.6,22
4709.7,36
4710.6,38
4710.9,20
4711.3,1
4711.5,15
4711.8,30
4711.9,6
4712.0,16
4712.0,35
4712.1,24
4712.4,25
4713.0,39
4713.2,33
4714.0,19
4715.3,5
4716.1,23
4717.0,4
4717.3,17
4717.9,3
4717.9,21
4718.7,26
4719.0,13
4719.8,16
4719.8,32
4720.1,14
4722.2,0
4722.2,1
4722.2,8
4722.2,15
4723.3,39
4723.8,33
4723.9,9
4724.2,6
4724.5,34
4724.7,22
4728.3,25
4728.9,30
4729.0,23
4729.0,29
4729.8,0
4731.3,18
4731.6,4
4731.9,13
4731.9,24
4731.9,39
4732.0,27
4732.1,6
4732.3,10
4732.6,26
4732.6,35
4733.0,2
4733.0,12
4733.8,16
4734.3,33
4734.7,5
4734.8,3
4735.4,36
4735.5,11
4735.5,38
4735.9,1
4736.6,9
4738.4,37
4738.8,17
4739.1,15
4740.2,34
4740.4,32
4740.5,21
4740.8,0
4741.2,23
4741.2,39
4742.2,26
4742.7,6
4743.3,33
4743.4,30
4743.7,25
4744.6,5
4745.5,24
4745.8,16
4746.6,2
4746.9,20
4747.5,13
4747.6,36
4747.9,18
4748.7,19
4749.5,4
4749.9,35
4750.4,30
4750.7,22
4751.3,1
4751.3,26
4752.2,17
4752.6,0
4752.6,14
4752.7,7
4752.8,33
4753.1,15
4753.6,38
4754.5,6
4755.7,9
4755.8,12
4756.4,25
4756.5,10
4758.1,23
4758.4,27
4758.6,5
4759.1,37
4759.2,4
4759.2,13
4759.4,39
4760.5,24
4760.5,33
4760.7,3
4761.2,26
4761.3,29
4761.4,36
4761.8,2
4761.8,8
4761.9,34
4763.4,17
4763.9,1
4764.0,16
4764.6,35
4765.1,30
4765.2,9
4765.3,7
4765.6,21
4767.1,15
4768.3,6
4768.6,5
4770.6,26
4770.7,33
4771.2,39
4771.4,25
4771.7,23
4771.9,22
4772.0,24
4773.6,0
4774.2,3
4774.4,13
4774.6,18
4776.2,34
4776.2,38
4776.6,10
4777.4,4
4777.5,15
4777.5,16
4777.8,36
4777.8,30
4778.6,33
4778.7,19
4779.0,9
4779.5,27
4780.1,5
4780.7,26
4780.9,12
4781.0,2
4781.1,17
4781.4,39
4782.0,14
4782.1,7
4782.2,24
4782.7,1
4782.8,37
4783.0,25
4783.6,20
4784.7,23
4786.1,34
4786.4,29
4786.5,0
4786.7,32
4787.7,13
4787.9,6
4788.4,35
4788.6,3
4789.8,21
4790.2,33
4790.6,11
4790.7,30
4790.8,22
4791.8,15
4792.0,26
4793.0,31
4793.5,36
4793.6,27
4793.8,39
4794.5,0
4794.8,5
4795.1,18
4795.5,9
4796.3,8
4796.6,16
4796.6,25
4798.8,23
4798.9,6
4799.0,1
4799.0,17
4800.3,4
4801.9,26
4802.2,24
4802.4,33
4802.5,12
4802.5,22
4802.7,38
4802.8,35
4803.0,34
4803.1,7
4803.3,19
4804.0,30
4804.7,10
4804.8,3
4805.0,21
4805.5,39
4805.8,25
4806.2,2
4806.3,15
4807.6,37
4807.9,36
4808.6,6
4809.5,5
4810.0,13
4810.0,16
4810.0,33
4810.1,0
4811.0,18
4811.2,9
4811.3,14
4811.3,17
4812.0,23
4812.3,26
4812.8,38
4813.1,27
4814.9,24
4815.8,39
4816.1,4
4816.6,30
4816.9,2
4817.3,32
4817.9,35
4819.0,34
4819.2,26
4819.4,1
4819.7,13
4819.9,15
4820.2,3
4820.2,36
4820.3,37
4820.5,33
4821.8,0
4822.0,25
4822.0,29
4822.0,7
4822.4,16
4822.8,24
4822.9,19
4823.3,5
4823.4,6
4823.7,22
4823.8,12
4823.8,17
4824.8,9
4825.3,39
4826.1,23
4826.5,11
4828.1,26
4828.4,30
4831.0,18
4832.3,33
4832.4,34
4832.4,39
4832.9,13
4833.3,21
4833.5,1
4833.8,35
4834.2,4
4834.4,15
4834.8,5
4835.0,6
4835.0,24
4835.1,10
4836.0,0
4836.9,38
4837.9,2
4837.9,36
4838.5,26
4838.7,23
4838.8,17
4838.9,16
4840.0,25
4841.0,30
4841.3,20
4841.6,7
4841.6,33
4841.8,22
4842.4,27
4842.7,39
4842.9,18
4843.0,24
4844.2,9
4844.4,13
4846.6,26
4846.9,3
4848.7,15
4848.7,37
4848.8,23
4849.2,6
4849.3,0
4849.4,8
4849.4,21
4849.7,35
4850.1,4
4850.1,36
4850.2,34
4850.3,39
4850.7,1
4851.2,10
4852.7,30
4853.5,33
4853.9,16
4854.9,14
4855.2,25
4855.6,17
4856.1,32
4856.3,22
4856.3,26
4856.4,38
4856.6,5
4856.8,2
4856.9,29
4857.3,9
4857.5,13
4857.6,3
4858.1,24
4858.9,18
4860.1,30
4860.4,0
4860.4,15
4860.5,23
4861.0,6
4861.1,12
4862.2,39
4863.9,33
4865.0,35
4865.0,4
4865.0,36
4865.2,1
4865.8,27
4866.4,25
4866.8,37
4868.2,26
4868.3,21
4868.4,19
4868.5,34
4869.1,13
4869.3,30
4869.7,9
4871.2,0
4871.3,20
4871.6,24
4873.0,7
4874.0,35
4874.0,39
4874.2,10
4874.4,17
4875.4,6
4875.4,16
4875.5,22
4875.5,38
4875.7,32
4875.9,3
4875.9,5
4876.4,23
4876.7,29
4877.1,33
4878.7,15
4879.5,4
4879.5,30
4880.4,36
4880.5,11
4880.9,0
4881.1,26
4881.5,1
4881.6,2
4882.7,39
4886.0,33
4886.6,13
4887.1,25
4887.4,21
4887.8,6
4887.8,17
4888.2,27
4888.5,7
4888.6,24
4889.0,23
4889.3,5
4889.3,14
4889.4,8
4889.8,16
4890.3,38
4890.5,34
4890.8,18
4891.3,35
4891.6,0
4891.8,1
4892.3,22
4894.4,26
4894.6,20
4895.0,33
4895.5,30
4895.8,9
4896.1,15
4897.1,36
4899.0,4
4899.0,19
4899.3,2
4899.5,39
4899.9,37
4900.0,6
4900.3,23
4901.0,25
4901.3,3
4903.3,17
4903.6,33
4904.1,13
4905.7,26
4906.4,16
4906.8,21
4907.1,24
4907.2,1
4907.4,0
4907.6,34
4907.8,29
4907.8,35
4907.9,27
4908.2,15
4908.9,7
4909.2,8
4909.8,5
4909.9,10
4911.7,26
4911.7,33
4911.7,36
4911.9,18
4911.9,30
4912.1,6
4912.3,25
4912.6,4
4912.6,11
4913.5,2
4914.4,39
4916.8,0
4917.4,3
4917.5,23
4918.2,28
4918.3,13
4918.7,24
4919.8,12
4920.1,17
4921.3,26
4922.5,33
4922.6,6
4923.0,16
4923.2,15
4923.9,22
4924.1,9
4924.5,39
4925.2,34
4925.2,35
4925.9,21
4926.2,23
4926.3,1
4926.5,5
4926.5,38
4926.6,18
4927.0,30
4927.3,4
4927.3,25
4927.4,13
4927.9,24
4928.5,0
4929.6,16
4930.7,27
4931.0,32
4931.1,37
4931.4,26
4931.9,10
4933.4,33
4934.1,2
4934.5,1
4934.7,7
4936.0,20
4936.7,36
4937.1,6
4937.6,39
4937.8,0
4937.8,23
4938.1,3
4938.5,18
4938.5,21
4938.7,34
4938.8,15
4940.7,25
4941.2,35
4941.8,12
4941.9,11
4941.9,22
4943.2,17
4943.4,13
4943.6,19
4943.6,24
4943.9,30
4944.1,26
4944.3,16
4944.5,5
4945.0,27
4945.2,29
4945.3,9
4945.4,23
4945.8,33
4945.9,4
4947.9,15
4948.5,38
4948.8,2
4949.6,34
4949.9,36
4950.9,7
4951.2,6
4951.2,39
4953.4,13
4954.5,37
4954.9,33
4955.1,0
4955.1,9
4955.2,26
4955.6,30
4955.8,24
4957.0,21
4957.3,25
4958.2,17
4958.5,5
4958.5,16
4959.2,18
4959.4,20
4960.1,4
4960.2,10
4960.5,15
4960.5,34
4960.7,3
4961.1,22
4961.3,35
4961.5,1
4961.8,23
4962.0,33
4962.2,2
4962.6,36
4962.8,6
4963.6,30
4964.1,26
4964.1,39
4965.3,13
4965.6,8
4966.7,5
4967.6,0
4967.6,25
4967.6,27
4967.7,24
4967.7,38
4967.9,17
4968.2,37
4968.6,7
4969.8,33
4970.2,32
4970.3,4
4970.4,2
4970.4,22
4970.7,1
4971.2,19
4971.4,12
4971.8,3
4974.7,6
4974.8,15
4975.2,30
4975.9,16
4975.9,39
4976.0,23
4976.0,24
4976.3,35
4976.5,9
4977.4,13
4978.3,29
4978.4,11
4978.4,34
4979.2,36
4979.3,14
4979.3,18
4979.3,26
4979.6,25
4979.9,21
4980.4,17
4982.2,5
4982.2,33
4983.2,0
4984.3,1
4984.7,38
4985.5,2
4985.5,23
4986.2,39
4986.6,32
4986.9,9
4987.4,13
4987.5,15
4987.9,30
4988.1,10
4988.1,33
4988.3,6
4988.3,24
4988.4,8
4988.5,31
4988.5,20
4988.7,17
4988.8,18
4989.0,3
4989.1,16
4989.8,22
4990.5,34
4990.9,7
4991.0,4
4991.0,26
4994.6,27
4995.3,33
4996.1,25
4996.3,35
4996.8,0
4996.9,36
4997.5,39
4997.6,5
4997.9,12
4998.7,9
4999.1,21
4999.7,38
5000.2,17
5000.2,24
5001.3,2
5001.3,14
5001.3,15
5001.4,6
5001.5,22
5001.6,10
5001.7,37
5001.9,26
5002.1,30
5002.8,23
5003.6,34
5004.7,3
5005.6,13
5005.8,33
5006.0,4
5006.1,19
5006.7,32
5006.9,0
5006.9,36
5007.4,25
5008.3,16
5008.4,1
5008.7,39
5009.9,18
5010.3,5
5010.9,7
5011.4,27
5011.6,21
5011.9,10
5012.5,6
5012.6,9
5012.6,26
5014.8,24
5015.2,23
5015.3,30
5015.6,3
5015.6,33
5015.6,35
5015.8,29
5015.9,15
5016.1,17
5016.8,25
5017.7,39
5018.2,22
5018.4,36
5018.9,20
5019.4,2
5019.5,37
5019.8,4
5019.8,13
5021.1,0
5021.6,5
5022.1,38
5022.9,11
5023.0,6
5023.2,26
5023.4,12
5024.2,32
5024.3,33
5024.7,30
5025.7,1
5026.3,16
5026.4,34
5027.8,24
5028.0,8
5028.0,17
5028.3,35
5028.3,39
5028.5,15
5028.8,14
5028.8,21
5029.1,0
5029.3,18
5029.6,4
5029.6,3
5030.1,7
5031.3,23
5031.4,6
5031.6,9
5032.5,26
5033.3,22
5035.2,33
5035.7,2
5035.8,5
5037.2,25
5037.7,30
5037.9,36
5038.6,10
5038.8,24
5039.0,39
5039.2,16
5039.3,0
5041.2,27
5041.5,13
5041.7,34
5042.0,1
5042.1,12
5043.6,11
5043.8,23
5043.8,33
5044.0,15
5044.2,37
5045.1,18
5045.2,26
5045.5,6
5045.5,20
5047.5,39
5048.3,9
5048.8,17
5050.0,38
5050.2,3
5050.3,7
5050.3,35
5050.5,21
5050.5,25
5051.3,2
5051.3,30
5051.6,4
5051.9,36
5052.0,5
5052.4,8
5053.7,26
5055.4,19
5056.0,33
5056.1,22
5056.5,24
5057.5,16
5057.5,17
5057.6,0
5058.3,13
5058.3,32
5058.6,6
5058.9,10
5058.9,39
5059.0,25
5059.4,1
5059.8,30
5060.0,12
5060.8,23
5061.0,15
5062.1,34
5062.8,14
5064.7,26
5064.9,2
5065.3,5
5067.9,27
5068.6,0
5068.9,37
5069.1,21
5069.2,33
5069.3,35
5069.6,9
5069.9,36
5070.8,1
5071.1,3
5071.2,15
5071.4,18
5071.7,6
5072.3,7
5072.8,11
5073.0,24
5073.3,38
5073.4,4
5073.4,26
5073.7,8
5073.9,34
5074.3,22
5074.5,29
5074.6,39
5074.8,23
5075.0,16
5075.4,13
5075.8,30
5076.2,20
5076.6,5
5078.6,33
5079.1,25
5079.5,17
5079.6,19
5081.4,32
5081.7,28
5081.7,36
5082.1,0
5082.2,26
5082.4,7
5082.6,10
5082.6,21
5082.6,24
5082.9,3
5082.9,37
5083.1,4
5083.1,6
5083.2,39
5083.8,2
5084.0,30
5084.2,15
5085.0,18
5085.9,16
5088.4,5
5088.6,13
5089.4,17
5089.5,23
5089.9,35
5090.5,33
5090.6,12
5090.9,29
5091.3,1
5091.8,9
5092.0,6
5092.1,3
5092.1,25
5092.1,26
5092.1,30
5093.7,15
5093.7,34
5093.7,36
5094.6,24
5094.8,20
5096.0,0
5097.9,35
5097.9,39
5099.1,4
5099.5,22
5099.7,38
5099.8,33
5100.2,31
5100.5,27
5100.8,16
5101.9,23
5102.8,5
5103.1,37
5103.5,18
5104.2,6
5104.5,13
5104.6,3
5105.2,17
5105.2,26
5106.0,30
5106.1,4
5106.5,0
5106.8,15
5107.0,33
5107.3,24
5107.4,21
5107.5,11
5107.8,25
5108.3,1
5108.5,36
5108.6,7
5109.6,34
5111.4,39
5112.3,2
5114.1,5
5114.6,10
5114.6,33
5114.8,16
5115.0,9
5115.0,12
5115.3,25
5115.5,26
5115.6,23
5115.8,29
5116.0,6
5116.1,15
5116.9,17
5117.3,38
5117.9,35
5118.0,13
5118.8,18
5118.8,22
5119.5,24
5120.5,39
5121.0,37
5122.0,3
5122.1,0
5122.9,30
5123.8,4
5124.1,34
5124.1,36
5124.6,27
5124.8,19
5125.1,15
5125.1,33
5125.3,5
5125.6,21
5125.7,23
5126.2,32
5126.3,14
5126.7,26
5127.1,20
5128.0,25
5128.4,24
5128.7,6
5129.9,7
5131.1,39
5131.7,16
5132.5,13
5132.6,11
5132.9,38
5133.6,3
5133.7,0
5133.8,27
5133.8,33
5134.1,1
5134.1,12
5134.4,30
5135.4,15
5137.1,26
5137.4,2
5138.7,9
5139.4,6
5140.4,35
5140.8,39
5141.1,23
5141.4,5
5141.8,17
5141.8,18
5142.1,36
5142.3,22
5142.6,24
5143.6,33
5143.8,4
5144.3,15
5145.0,16
5145.5,0
5146.2,19
5146.2,21
5146.5,26
5147.4,13
5148.0,3
5148.9,30
5149.2,1
5149.2,10
5150.0,34
5150.1,6
5150.1,25
5151.6,29
5151.9,39
5152.5,22
5152.8,7
5153.0,33
5153.1,4
5153.1,12
5153.1,37
5153.3,27
5153.4,35
5153.8,2
5153.9,0
5154.6,9
5155.2,13
5156.9,23
5157.6,5
5158.6,30
5159.6,39
5159.7,26
5160.0,38
5160.4,16
5160.8,17
5161.2,24
5161.4,10
5161.5,3
5161.9,33
5162.0,20
5162.3,6
5163.8,32
5164.0,15
5164.2,25
5164.2,36
5164.3,4
5164.4,1
5165.3,12
5165.3,23
5166.2,34
5166.4,0
5168.8,21
5169.1,30
5169.5,5
5169.8,22
5170.5,26
5170.6,11
5170.8,19
5171.0,35
5171.3,39
5171.4,33
5171.5,18
5172.3,9
5172.3,15
5172.4,7
5173.6,25
5174.5,0
5175.8,6
5176.2,3
5177.0,13
5177.0,14
5177.4,10
5177.5,16
5178.1,38
5178.6,34
5179.4,23
5179.9,8
5180.7,36
5180.8,1
5180.8,24
5181.4,39
5181.8,26
5182.3,27
5182.5,30
5182.7,33
5183.1,17
5183.1,35
5183.4,37
5183.6,4
5184.4,2
5184.6,12
5185.0,31
5185.1,22
5185.1,29
5185.8,6
5186.3,25
5186.5,5
5186.7,0
5186.9,15
5187.3,7
5187.6,9
5188.8,3
5189.2,13
5189.2,33
5189.9,19
5191.2,26
5191.4,39
5193.3,24
5193.7,2
5194.4,16
5194.6,9
5194.7,6
5194.9,11
5196.3,23
5196.3,32
5196.4,21
5197.2,0
5197.6,30
5198.5,25
5198.7,34
5198.7,36
5198.8,15
5198.9,1
5199.6,3
5199.7,4
5200.3,5
5201.2,13
5201.9,10
5202.9,33
5203.1,12
5203.1,26
5203.3,23
5203.7,39
5204.2,17
5204.5,6
5204.6,38
5205.6,35
5205.9,27
5206.3,7
5206.9,20
5207.2,24
5207.4,22
5208.0,18
5208.8,30
5209.8,0
5210.6,37
5211.8,5
5211.8,36
5212.1,16
5212.8,15
5212.9,33
5213.6,4
5213.6,21
5213.7,1
5213.7,26
5213.9,32
5214.1,29
5215.0,39
5215.1,6
5215.6,13
5215.8,3
5217.9,27
5218.1,17
5218.9,2
5219.0,23
5219.9,34
5220.9,25
5220.9,30
5221.4,8
5221.8,9
5221.9,35
5222.0,39
5222.4,15
5222.8,18
5222.9,0
5222.9,24
5222.9,26
5222.9,7
5223.2,6
5224.0,4
5224.3,19
5224.8,10
5224.8,36
5225.9,22
5226.0,38
5227.1,5
5228.5,33
5229.3,25
5229.8,16
5229.9,23
5230.0,21
5230.3,26
5230.5,11
5230.7,17
5231.2,39
5232.6,37
5232.9,13
5233.1,15
5233.9,3
5235.0,1
5235.5,6
5235.5,12
5235.7,35
5236.8,30
5236.9,5
5237.4,0
5237.7,34
5238.0,26
5238.1,36
5238.4,8
5238.5,4
5238.9,20
5240.3,33
5240.9,9
5241.1,24
5243.3,22
5243.9,13
5244.0,2
5244.0,17
5244.1,23
5244.7,27
5245.3,18
5245.7,25
5246.1,6
5246.8,21
5247.0,39
5247.1,32
5248.5,5
5248.5,16
5248.5,30
5248.8,15
5249.2,34
5249.5,26
5249.9,7
5250.2,4
5250.4,36
5250.6,13
5251.0,0
5252.4,29
5252.5,33
5252.9,35
5253.0,19
5253.6,10
5254.2,24
5254.2,37
5255.7,38
5256.0,3
5256.8,25
5256.9,1
5257.0,26
5257.9,16
5258.1,0
5258.3,17
5258.5,23
5258.5,39
5258.7,20
5260.1,11
5260.4,9
5260.5,5
5261.6,6
5261.9,30
5262.0,33
5262.9,18
5264.8,27
5265.6,15
5266.2,13
5266.2,34
5267.7,4
5268.0,8
5268.5,24
5268.5,39
5268.7,36
5269.3,7
5269.3,12
5269.9,2
5269.9,23
5270.2,26
5270.5,0
5270.5,10
5270.9,22
5271.4,9
5272.4,3
5272.5,21
5272.8,16
5273.0,5
5273.2,17
5273.2,30
5274.3,33
5275.5,6
5276.1,38
5276.5,1
5277.2,19
5277.8,15
5277.8,32
5278.1,39
5278.3,25
5278.7,35
5279.2,26
5280.2,37
5280.9,30
5281.5,33
5281.6,13
5282.1,18
5283.0,0
5283.0,34
5283.4,24
5283.5,27
5284.1,7
5284.1,23
5284.1,29
5286.0,36
5286.1,14
5286.2,10
5286.4,6
5287.1,4
5287.7,2
5288.7,11
5288.8,3
5289.3,26
5289.5,17
5289.5,39
5289.7,9
5289.8,5
5290.0,37
5290.9,12
5291.2,19
5291.5,20
5292.2,33
5292.5,0
5292.5,1
5292.5,21
5293.3,8
5293.9,13
5294.3,16
5295.0,25
5295.0,35
5295.0,38
5295.1,15
5295.9,4
5296.5,30
5296.7,24
5297.8,6
5298.3,33
5299.0,18
5299.5,26
5300.1,22
5300.9,32
5300.9,34
5301.0,23
5301.3,27
5302.0,5
5302.2,39
5304.2,18
5305.2,36
5305.2,0
5305.7,10
5306.3,13
5307.3,17
5308.0,3
5308.1,6
5308.3,7
5308.4,25
5308.4,26
5308.6,30
5308.8,24
5309.6,9
5310.0,15
5310.7,33
5311.9,29
5312.6,21
5313.1,2
5313.2,14
5313.7,4
5313.8,39
5313.9,37
5315.3,16
5315.8,23
5316.2,19
5316.4,13
5316.7,1
5316.9,12
5317.0,5
5317.0,26
5317.1,34
5317.7,6
5317.7,35
5318.3,0
5318.8,30
5320.0,36
5321.4,3
5321.4,25
5322.4,24
5322.7,15
5323.0,7
5323.4,39
5323.9,17
5324.1,27
5324.6,38
5325.2,0
5325.8,23
5326.0,26
5326.1,33
5326.4,18
5326.5,22
5326.9,34
5328.0,5
5329.1,9
5329.8,13
5331.1,16
5331.5,6
5332.1,32
5332.4,30
5332.6,39
5332.7,23
5333.6,35
5333.7,1
5333.7,24
5335.5,3
5336.0,4
5336.1,21
5336.1,26
5336.3,0
5337.1,11
5337.1,17
5337.3,36
5337.6,2
5339.1,6
5339.4,15
5340.1,33
5340.6,13
5340.9,18
5341.0,34
5341.7,20
5342.4,39
5343.1,5
5343.3,30
5343.4,25
5343.6,3
5344.0,16
5344.8,23
5345.9,33
5346.1,26
5347.4,19
5348.2,24
5349.2,17
5350.5,7
5350.6,8
5350.6,37
5350.8,4
5350.9,35
5351.2,29
5351.5,6
5351.8,9
5351.8,22
5351.8,27
5351.9,30
5352.1,0
5352.3,1
5352.8,21
5353.1,10
5355.3,15
5356.5,16
5356.5,26
5356.5,39
5356.6,25
5356.9,36
5357.1,24
5357.2,5
5357.2,14
5357.4,13
5357.7,34
5358.0,18
5358.0,23
5358.9,33
5361.6,1
5361.6,2
5361.9,3
5362.3,11
5362.7,0
5362.9,38
5364.3,30
5365.4,4
5366.0,15
5366.7,7
5366.9,17
5367.0,6
5367.3,26
5367.3,35
5367.4,5
5367.9,24
5368.2,9
5368.7,22
5369.2,33
5369.3,18
5369.4,27
5369.5,0
5369.5,39
5369.9,36
5370.7,32
5371.7,21
5371.8,16
5371.8,20
5372.0,13
5372.1,30
5372.5,10
5374.8,25
5375.7,34
5377.1,29
5377.4,26
5377.8,23
5378.7,17
5379.0,7
5379.4,6
5379.6,1
5379.7,33
5379.8,31
5380.2,35
5381.3,37
5381.5,4
5381.6,16
5382.0,5
5382.7,15
5382.7,30
5383.2,36
5384.1,3
5384.2,24
5385.4,38
5386.0,2
5386.2,27
5386.4,19
5386.4,25
5386.7,9
5387.5,39
5387.7,13
5387.9,10
5387.9,0
5388.4,12
5388.7,11
5388.8,6
5389.3,33
5389.3,35
5390.6,26
5390.9,17
5390.9,5
5391.5,34
5391.6,21
5391.7,23
5392.8,32
5393.0,18
5393.3,30
5393.6,20
5394.4,8
5394.5,4
5394.6,39
5395.0,15
5395.4,24
5395.7,3
5396.4,22
5396.4,25
5398.5,36
5399.0,1
5399.0,7
5399.8,28
5400.1,0
5400.1,9
5400.6,33
5400.7,16
5400.7,26
5400.9,6
5400.9,37
5401.8,13
5402.4,5
5403.1,30
5406.0,35
5407.0,15
5408.1,4
5408.2,19
5408.2,34
5408.4,39
5408.5,38
5408.6,29
5408.8,24
5410.8,21
5411.0,0
5411.1,6
5411.2,17
5412.3,33
5412.6,14
5412.7,27
5412.7,30
5413.1,10
5413.2,12
5413.6,3
5414.9,22
5415.5,20
5415.8,23
5415.9,18
5415.9,26
5416.4,2
5416.5,9
5416.7,16
5416.8,36
5417.4,1
5417.4,11
5418.0,13
5418.3,15
5418.4,39
5419.6,25
5420.1,6
5420.8,0
5421.2,33
5421.4,5
5422.0,24
5422.0,32
5422.3,30
5424.0,7
5424.4,22
5424.7,4
5424.7,35
5424.7,37
5424.7,38
5425.5,26
5426.8,12
5427.5,15
5427.7,18
5428.6,17
5428.9,5
5428.9,31
5429.4,9
5429.5,23
5429.7,27
5430.2,2
5430.4,25
5430.5,1
5430.5,13
5431.4,0
5431.6,33
5432.1,39
5432.3,6
5432.4,21
5432.7,16
5433.6,34
5435.8,3
5435.8,7
5435.8,22
5436.1,26
5436.2,35
5436.3,24
5436.3,30
5437.4,36
5439.6,15
5439.7,29
5440.8,13
5442.1,19
5442.7,23
5442.9,33
5443.2,5
5443.2,20
5443.4,17
5443.6,8
5443.6,9
5443.9,26
5444.4,27
5444.5,1
5444.6,6
5444.8,32
5445.3,4
5445.9,0
5446.3,39
5446.4,30
5448.1,24
5448.2,35
5448.3,2
5448.9,37
5449.3,18
5449.5,25
5450.2,14
5451.0,11
5451.5,34
5451.8,36
5452.6,12
5453.3,16
5453.9,6
5454.0,33
5454.1,5
5454.5,26
5455.6,13
5456.5,29
5456.8,30
5458.0,15
5458.6,4
5458.7,21
5459.5,0
5459.6,38
5459.7,3
5459.8,1
5459.9,35
5460.1,39
5460.3,31
5461.1,9
5461.4,34
5461.6,10
5462.6,24
5462.8,17
5464.1,27
5464.1,33
5464.5,22
5464.7,25
5464.7,26
5465.1,5
5465.1,7
5465.3,23
5465.6,6
5465.6,20
5467.4,13
5467.8,12
5467.8,16
5470.5,2
5471.0,30
5471.1,39
5472.3,26
5472.4,4
5472.8,28
5472.8,36
5473.1,3
5473.3,37
5473.5,17
5474.0,7
5474.4,34
5474.8,38
5475.2,6
5475.6,0
5476.3,21
5476.3,33
5476.3,35
5476.5,24
5477.1,1
5478.3,23
5479.9,39
5480.8,15
5480.8,5
5481.0,19
5481.5,25
5482.2,32
5482.6,22
5482.8,13
5482.9,26
5483.0,4
5483.2,16
5483.5,18
5483.7,9
5483.8,2
5484.9,34
5485.1,29
5485.5,17
5485.6,33
5486.0,27
5486.1,30
5487.8,6
5487.8,21
5487.9,39
5488.5,1
5489.4,36
5489.6,12
5489.8,23
5490.4,10
5490.4,20
5491.0,0
5491.5,3
5491.8,24
5491.8,26
5491.9,15
5492.0,35
5492.7,33
5492.9,5
5493.3,30
5493.9,9
5494.0,7
5495.6,16
5495.9,14
5496.3,25
5498.2,38
5498.4,37
5498.8,13
5499.0,6
5499.8,4
5499.8,22
5500.7,18
5501.9,0
5503.6,39
5504.1,24
5504.3,27
5504.4,33
5504.7,21
5504.9,30
5505.6,2
5505.7,26
5506.0,36
5506.6,34
5506.8,17
5506.9,25
5507.1,23
5507.2,1
5507.4,5
5507.5,35
5508.1,3
5508.2,15
5510.6,13
5511.0,16
5511.6,4
5511.8,22
5512.0,29
5512.6,18
5512.8,26
5512.9,23
5512.9,31
5513.5,19
5513.6,7
5513.7,6
5514.8,9
5515.4,37
5515.9,5
5516.5,33
5516.8,35
5516.9,39
5517.3,30
5517.8,0
5517.9,24
5518.1,3
5518.1,38
5518.3,1
5522.0,34
5522.1,6
5522.1,17
5523.1,11
5523.5,25
5523.6,26
5524.0,18
5524.1,15
5524.1,16
5524.2,39
5524.3,21
5524.6,32
5525.1,36
5525.1,22
5525.3,13
5525.5,30
5526.6,33
5527.6,4
5528.0,23
5529.8,2
5529.9,10
5530.1,3
5530.2,7
5530.5,27
5530.5,35
5530.6,24
5531.4,16
5532.2,25
5533.5,34
5534.9,0
5535.4,33
5536.2,30
5536.4,9
5536.6,15
5536.8,17
5537.3,26
5537.5,39
5538.0,20
5538.1,5
5539.4,13
5539.7,36
5539.9,4
5540.2,1
5541.2,21
5541.5,24
5542.2,3
5542.3,18
5542.6,12
5542.9,38
5543.0,35
5543.3,33
5543.9,37
5544.7,22
5544.8,6
5545.7,10
5545.8,29
5545.9,34
5546.3,25
5546.4,26
5546.5,16
5546.8,27
5547.0,23
5547.0,30
5547.2,17
5547.6,0
5547.6,15
5548.0,2
5548.0,39
5550.7,7
5551.4,1
5552.5,14
5552.9,24
5553.4,36
5553.7,5
5554.0,4
5554.3,6
5554.7,19
5554.7,20
5555.2,9
5555.2,33
5555.9,34
5556.4,11
5556.6,3
5556.6,32
5557.1,30
5557.8,26
5558.7,13
5558.8,0
5559.3,23
5559.5,35
5559.8,16
5560.1,2
5561.1,5
5561.3,12
5561.3,25
5562.5,39
5562.8,15
5563.2,18
5563.8,17
5564.4,21
5565.3,37
5565.8,1
5566.2,33
5566.2,36
5566.2,38
5566.4,24
5566.5,29
5566.7,9
5567.0,6
5567.1,32
5567.2,22
5567.4,26
5567.4,27
5568.0,10
5569.4,34
5570.2,4
5570.8,30
5571.1,16
5572.0,7
5572.6,13
5574.5,39
5574.6,15
5575.1,0
5575.1,3
5575.1,23
5576.2,33
5576.4,5
5576.9,36
5577.9,24
5578.1,11
5579.9,21
5579.9,35
5580.4,25
5580.5,26
5580.6,6
5580.6,22
5581.0,2
5581.2,12
5581.8,30
5582.1,20
5582.1,38
5582.2,39
5582.6,9
5582.8,1
5582.9,17
5583.1,13
5583.7,19
5584.1,0
5585.6,10
5586.0,33
5586.9,27
5587.3,4
5587.5,15
5587.6,3
5587.8,5
5588.0,18
5588.0,23
5588.5,24
5589.0,37
5589.4,26
5589.7,16
5590.3,34
5590.4,7
5591.5,36
5592.1,32
5593.7,33
5594.0,6
5594.1,30
5594.4,25
5594.5,8
5594.8,2
5595.9,39
5596.8,17
5597.2,29
5599.8,0
5600.3,15
5600.3,35
5601.3,4
5601.5,5
5601.6,26
5601.7,1
5601.7,21
5601.7,27
5601.8,13
5601.8,24
5601.9,30
5602.4,12
5602.5,33
5602.6,34
5603.2,31
5603.5,7
5603.7,23
5606.0,9
5607.7,22
5608.1,37
5608.4,36
5608.4,39
5608.6,3
5608.6,6
5608.8,16
5609.0,20
5609.3,5
5609.4,10
5609.8,13
5609.9,1
5610.0,26
5610.0,38
5610.6,25
5611.4,0
5612.4,33
5613.1,17
5614.0,30
5615.0,15
5615.6,2
5615.7,18
5616.5,21
5617.5,24
5617.6,4
5617.6,23
5617.9,35
5619.5,25
5619.5,36
5620.2,39
5620.5,1
5620.6,13
5620.8,34
5621.9,5
5622.8,30
5624.1,26
5624.2,7
5624.8,6
5624.8,33
5625.2,16
5625.9,0
5626.8,28
5627.7,32
5629.2,15
5629.4,18
5629.6,12
5629.6,37
5630.2,10
5630.2,30
5630.9,2
5631.2,25
5631.4,24
5632.1,19
5632.2,35
5632.2,39
5632.6,3
5632.8,4
5632.8,13
5633.2,9
5633.7,38
5634.0,14
5634.0,27
5634.4,0
5634.5,1
5634.8,23
5635.0,6
5635.1,5
5635.1,7
5635.6,22
5636.0,33
5636.6,26
5636.9,29
5637.4,34
5637.8,16
5637.8,36
5638.2,15
5638.5,17
5639.0,11
5639.9,21
5639.9,39
5641.9,6
5641.9,31
5642.3,30
5644.4,33
5647.0,35
5647.2,12
5647.2,24
5647.5,10
5647.7,36
5647.8,20
5647.9,26
5648.0,25
5648.5,3
5649.6,39
5650.1,15
5650.4,13
5650.6,5
5650.6,37
5650.8,4
5651.2,23
5651.3,9
5651.5,8
5651.6,0
5651.8,7
5651.8,33
5652.1,30
5652.6,6
5652.6,19
5655.5,16
5656.0,1
5656.6,17
5657.4,27
5657.6,2
5658.0,39
5658.8,24
5659.0,33
5659.5,26
5659.6,11
5660.1,38
5660.4,13
5660.7,25
5661.8,6
5663.8,36
5665.1,30
5665.3,23
5665.3,34
5665.6,0
5665.6,15
5666.3,5
5666.7,10
5666.8,35
5667.3,21
5667.7,22
5667.9,4
5668.3,20
5668.3,33
5668.8,12
5669.2,9
5669.2,18
5669.4,32
5669.6,17
5670.6,19
5671.1,3
5671.6,7
5672.3,26
5672.5,16
5672.6,6
5672.8,39
5673.9,0
5674.0,15
5674.1,37
5674.7,2
5675.2,13
5676.7,34
5677.5,24
5677.8,30
5678.2,36
5678.4,1
5678.9,33
5679.0,23
5679.0,38
5679.9,14
5680.1,5
5680.5,25
5680.7,26
5682.7,9
5683.5,11
5685.5,37
5685.7,22
5685.8,6
5685.8,21
5686.1,30
5686.2,16
5686.5,39
5686.7,0
5686.7,33
5687.2,24
5687.4,35
5687.6,15
5688.8,18
5689.1,17
5689.4,1
5689.6,3
5690.1,10
5690.6,29
5690.8,7
5690.8,27
5690.9,23
5691.7,5
5691.8,4
5692.0,34
5692.1,13
5692.3,6
5693.5,26
5694.6,30
5696.1,32
5696.1,33
5696.2,25
5696.3,12
5696.4,36
5697.6,19
5697.6,35
5698.9,20
5698.9,39
5699.1,21
5699.4,16
5699.5,15
5701.0,24
5701.5,2
5701.9,4
5702.1,26
5702.7,0
5703.4,6
5704.3,1
5704.8,9
5705.1,22
5705.5,38
5706.0,34
5706.2,13
5706.3,5
5706.4,17
5707.2,23
5707.2,30
5707.3,33
5709.6,36
5709.7,16
5709.8,3
5710.1,8
5710.3,25
5710.3,29
5710.5,10
5710.5,18
5710.5,39
5710.9,35
5711.0,6
5712.6,37
5713.6,15
5713.7,33
5714.3,24
5714.7,26
5714.8,27
5715.2,14
5716.1,0
5716.7,7
5718.0,1
5718.2,9
5718.2,30
5718.5,4
5718.5,39
5718.6,35
5718.9,5
5718.9,18
5719.2,19
5719.3,13
5719.3,17
5720.0,6
5720.0,25
5722.6,34
5723.8,26
5724.0,24
5724.4,37
5725.2,22
5725.4,32
5725.5,12
5725.6,21
5725.6,23
5726.0,39
5726.1,17
5726.8,36
5727.0,0
5727.0,13
5727.1,33
5727.2,20
5727.3,15
5727.8,38
5729.2,2
5729.8,4
5729.9,18
5730.5,6
5730.7,9
5731.1,25
5731.6,5
5732.6,16
5732.7,26
5733.3,19
5733.6,39
5734.8,30
5735.1,3
5736.3,35
5736.5,23
5736.5,24
5737.4,13
5737.7,27
5739.0,33
5739.9,25
5740.2,5
5740.3,26
5740.5,7
5740.8,37
5741.0,34
5741.2,15
5741.2,11
5741.9,17
5741.9,32
5742.5,6
5742.7,0
5742.7,10
5742.9,1
5744.1,39
5745.0,21
5745.9,2
5747.3,20
5747.3,36
5747.6,24
5748.0,29
5748.0,30
5748.0,31
5748.2,4
5748.7,16
5748.8,0
5748.8,23
5749.6,17
5749.8,5
5750.5,15
5750.7,33
5751.1,9
5751.2,8
5751.3,12
5751.9,26
5752.4,18
5752.4,35
5752.6,1
5753.4,13
5753.7,3
5754.6,38
5754.8,7
5755.2,6
5756.2,25
5756.8,22
5757.0,34
5757.5,39
5757.7,24
5758.7,36
5758.8,4
5759.0,27
5760.5,0
5760.9,26
5761.2,10
5761.7,2
5761.7,9
5761.8,15
5761.8,37
5761.9,33
5763.8,16
5764.2,11
5764.2,19
5764.7,30
5764.9,17
5765.0,23
5765.4,35
5765.7,25
5765.9,29
5766.1,39
5768.6,18
5768.9,6
5768.9,34
5769.1,13
5769.5,20
5769.6,26
5769.7,1
5770.1,3
5770.7,32
5771.7,33
5772.8,15
5773.0,5
5773.6,2
5773.9,27
5774.0,16
5774.9,30
5774.9,38
5775.3,24
5777.6,7
5777.7,0
5778.0,39
5778.1,35
5778.5,4
5778.6,36
5778.7,26
5778.8,21
5779.1,17
5779.2,22
5779.8,9
5779.8,34
5779.9,23
5780.0,6
5780.1,3
5780.5,13
5780.8,12
5781.6,25
5782.0,33
5783.4,5
5783.7,15
5783.9,37
5785.0,0
5787.5,14
5787.7,16
5787.8,1
5788.8,35
5788.8,23
5789.1,30
5789.6,24
5789.9,33
5791.0,17
5791.2,26
5791.3,27
5792.5,4
5792.5,19
5792.6,38
5793.0,2
5793.5,18
5793.6,13
5793.6,36
5794.0,6
5794.1,29
5795.4,5
5796.6,39
5796.7,34
5798.2,3
5798.5,21
5798.7,15
5798.7,30
5800.0,28
5801.0,12
5801.4,33
5801.7,0
5802.2,25
5803.2,35
5803.7,1
5803.7,22
5803.7,13
5804.0,10
5804.2,9
5804.3,26
5804.4,8
5804.5,7
5804.7,6
5805.5,24
5805.8,16
5806.1,39
5807.4,17
5807.5,11
5808.1,38
5808.5,5
5809.3,36
5809.5,20
5810.2,18
5810.6,4
5811.3,15
5811.3,23
5811.7,33
5811.7,2
5812.1,34
5813.4,3
5813.6,39
5813.9,30
5815.0,25
5815.5,26
5815.5,32
5815.7,37
5816.1,0
5816.2,21
5816.6,6
5816.6,19
5817.0,24
5817.1,27
5817.2,16
5817.2,22
5817.3,13
5817.7,10
5820.2,17
5820.6,4
5820.8,7
5821.3,20
5821.5,35
5821.6,33
5822.2,39
5824.7,36
5824.8,1
5825.1,5
5825.3,21
5826.0,9
5826.2,14
5826.2,38
5826.8,26
5826.9,3
5827.5,6
5827.6,0
5827.7,23
5828.6,25
5828.8,30
5829.0,15
5829.5,13
5829.6,17
5829.6,18
5829.9,2
5830.1,4
5830.6,24
5831.0,34
5831.2,29
5832.0,31
5832.8,39
5833.3,33
5834.8,27
5837.1,26
5837.2,0
5837.5,16
5837.6,22
5837.8,13
5837.9,35
5838.4,8
5838.4,20
5838.4,25
5838.6,37
5839.6,11
5839.7,7
5840.1,21
5840.3,6
5840.4,12
5840.5,9
5841.3,39
5841.5,33
5842.1,2
5843.0,24
5843.3,3
5843.7,17
5843.8,23
5843.9,38
5844.6,30
5846.7,32
5847.1,1
5847.1,36
5847.5,26
5848.1,15
5848.3,34
5848.4,10
5848.6,33
5848.8,19
5849.4,0
5849.4,5
5849.7,29
5849.8,25
5850.9,6
5851.1,13
5851.9,39
5853.7,3
5853.8,4
5854.6,30
5855.8,37
5856.0,16
5856.1,18
5857.1,7
5857.5,23
5858.6,26
5858.9,15
5859.4,38
5859.9,12
5861.0,13
5861.2,9
5861.4,0
5861.4,21
5861.6,2
5861.6,27
5862.3,33
5862.4,35
5862.5,39
5863.2,22
5863.8,36
5864.4,5
5864.8,17
5866.5,24
5866.9,25
5867.2,3
5867.3,34
5868.0,6
5868.3,26
5868.9,1
5868.9,16
5869.3,10
5869.4,23
5869.8,30
5873.4,31
5873.5,19
5873.8,39
5874.0,15
5874.2,9
5874.7,35
5874.8,5
5874.8,21
5875.1,0
5875.4,7
5875.5,33
5878.0,6
5878.0,38
5878.1,14
5878.6,27
5879.3,18
5879.4,17
5879.8,4
5880.2,22
5880.2,37
5880.2,13
5880.6,26
5880.9,20
5880.9,24
5881.0,30
5881.5,36
5882.1,34
5882.3,0
5882.8,25
5883.4,2
5883.6,16
5883.7,23
5883.7,33
5884.0,11
5884.0,32
5886.0,15
5886.7,3
5886.8,10
5889.6,29
5889.7,26
5890.9,24
5891.1,4
5891.2,1
5891.9,35
5892.0,18
5892.1,12
5892.1,30
5892.1,39
5892.7,5
5893.3,15
5893.5,13
5893.9,7
5894.1,16
5894.1,33
5894.5,23
5894.6,17
5894.9,25
5895.1,34
5896.1,38
5896.2,27
5896.3,6
5896.6,2
5897.5,37
5897.8,0
5898.5,21
5898.7,26
5899.1,9
5899.1,19
5899.5,36
5899.7,39
5900.1,3
5902.7,17
5903.1,22
5903.4,30
5903.5,24
5904.2,5
5905.7,6
5905.8,23
5906.1,13
5906.8,18
5907.0,1
5907.5,15
5908.2,26
5908.2,33
5908.7,9
5908.7,20
5909.8,10
5910.0,35
5910.4,25
5910.4,7
5911.2,29
5912.9,30
5913.0,4
5913.2,24
5914.2,39
5914.6,34
5914.6,37
5915.3,11
5915.3,16
5915.7,0
5917.0,26
5917.9,14
5918.3,6
5919.1,17
5919.3,32
5919.5,23
5919.6,38
5919.8,33
5919.9,36
5920.1,5
5921.0,3
5921.5,4
5921.8,27
5922.6,1
5923.0,15
5923.0,30
5923.0,39
5923.2,25
5923.8,8
5924.0,18
5924.1,31
5924.3,35
5924.5,24
5924.5,26
5925.9,13
5926.5,0
5927.3,10
5927.3,22
5927.4,9
5927.4,34
5927.9,2
5928.4,16
5928.6,33
5928.7,7
5929.5,29
5929.6,21
5930.5,6
5931.2,5
5931.8,12
5932.3,39
5932.9,36
5933.0,15
5933.0,37
5933.2,1
5933.7,38
5933.8,23
5934.0,17
5936.7,3
5936.9,30
5937.1,4
5937.1,26
5938.2,27
5939.4,25
5939.7,13
5940.5,24
5940.5,33
5940.8,35
5940.9,15
5941.5,18
5941.6,36
5941.8,16
5942.3,0
5942.7,20
5942.9,6
5943.7,26
5944.2,34
5945.2,5
5945.6,9
5946.3,11
5946.3,39
5947.5,4
5947.6,7
5949.8,17
5950.0,19
5950.8,3
5951.3,1
5951.9,38
5952.1,2
5952.3,33
5952.8,22
5953.0,16
5953.0,24
5953.1,13
5953.4,10
5953.4,23
5953.8,18
5954.3,0
5954.3,26
5954.3,36
5954.5,6
5954.6,30
5956.0,25
5956.1,15
5956.7,39
5957.4,9
5959.1,35
5959.5,29
5959.5,33
5959.8,21
5960.2,5
5960.9,32
5962.2,37
5962.5,34
5963.0,4
5963.1,24
5963.2,7
5964.5,26
5964.5,39
5965.4,6
5965.6,13
5965.8,1
5965.9,36
5966.1,27
5966.2,18
5966.4,0
5966.7,3
5966.7,12
5967.0,23
5967.4,17
5968.3,16
5968.3,38
5969.0,30
5969.1,15
5970.4,33
5970.8,35
5972.6,19
5974.0,13
5974.0,25
5974.6,21
5974.8,2
5975.1,5
5975.1,22
5975.8,26
5976.7,6
5977.3,11
5977.5,7
5978.1,24
5978.5,17
5978.8,0
5978.9,39
5979.0,4
5979.5,3
5979.7,33
5979.7,37
5979.8,30
5979.9,36
5980.3,31
5980.8,1
5980.8,16
5982.3,10
5984.2,15
5984.3,23
5984.4,21
5984.7,13
5985.1,34
5985.5,29
5985.8,20
5986.0,2
5987.2,25
5988.2,26
5988.5,9
5988.5,24
5990.3,33
5990.6,27
5991.0,0
5991.0,7
5991.1,36
5991.4,6
5991.5,5
5991.8,12
5992.4,16
5992.5,18
5993.0,30
5993.3,39
5993.5,13
5993.7,4
5994.0,15
5994.0,32
5994.0,38
5994.2,23
5994.6,22
5994.9,35
5995.6,1
5996.9,17
5999.0,25
5999.4,26
5999.9,3
6000.3,33
6000.9,24
6001.9,39
6002.7,0
6002.9,14
6003.1,30
6003.4,13
6003.4,34
6003.7,6
6003.7,10
6005.2,4
6005.9,18
6006.3,15
6006.6,5
6007.3,2
6007.6,36
6007.8,16
6008.0,23
6009.1,35
6009.2,21
6009.2,26
6010.2,37
6010.3,9
6011.6,39
6011.7,29
6012.7,24
6012.9,7
6013.4,33
6013.5,11
6013.8,27
6013.9,0
6014.4,38
6014.8,13
6015.0,6
6015.1,17
6016.4,3
6016.8,25
6016.9,23
6017.7,8
6017.8,18
6018.4,30
6018.9,15
6019.5,22
6019.9,34
6020.1,1
6020.6,26
6020.9,20
6020.9,35
6022.0,39
6022.4,13
6022.5,5
6023.1,4
6023.2,2
6024.9,21
6025.0,17
6025.1,7
6025.1,9
6025.8,24
6026.4,33
6026.6,30
6027.0,36
6027.5,12
6027.6,37
6027.7,0
6028.1,10
6028.5,26
6029.0,3
6029.0,16
6029.1,27
6029.3,35
6030.4,6
6030.5,1
6030.5,18
6031.6,39
6034.5,25
6035.0,19
6035.2,11
6036.1,22
6036.8,15
6036.9,0
6036.9,24
6037.3,13
6037.3,23
6037.6,5
6037.9,29
6038.6,30
6039.1,17
6039.7,33
6040.6,26
6040.9,6
6041.2,34
6041.4,3
6042.0,16
6042.1,14
6042.3,7
6042.3,38
6043.0,4
6043.2,2
6043.3,31
6043.5,35
6043.6,32
6044.0,39
6044.2,37
6044.6,1
6044.8,9
6044.8,23
6045.5,36
6045.6,25
6046.1,26
6046.2,5
6046.7,30
6049.1,33
6049.5,15
6049.7,10
6050.0,13
6050.3,6
6050.7,0
6051.0,1
6051.0,27
6051.9,24
6054.0,4
6054.5,18
6054.7,3
6054.7,26
6054.9,17
6054.9,35
6055.0,34
6055.2,11
6055.5,19
6055.5,21
6059.2,16
6059.5,25
6059.6,7
6059.6,33
6060.2,12
6060.2,39
6061.7,30
6061.7,0
6061.9,15
6062.4,13
6062.5,6
6062.6,26
6062.6,37
6063.2,8
6063.2,23
6064.1,3
6064.1,36
6066.0,5
6066.2,24
6066.4,20
6066.8,18
6067.7,22
6068.7,4
6069.5,9
6069.5,33
6069.9,26
6070.2,34
6070.3,1
6071.0,6
6071.1,16
6072.1,30
6072.2,0
6072.4,21
6072.6,35
6072.6,38
6072.6,39
6073.2,29
6074.6,17
6074.9,10
6074.9,15
6075.3,25
6075.9,2
6076.3,7
6076.4,23
6076.7,11
6078.0,33
6078.1,27
6079.1,5
6079.8,36
6080.7,26
6081.0,9
6081.0,13
6081.1,24
6081.6,4
6082.0,18
6082.2,3
6083.7,30
6083.7,39
6084.4,6
6084.4,12
6084.5,19
6086.0,16
6086.8,25
6086.9,22
6086.9,35
6087.0,23
6087.2,0
6088.2,7
6088.3,15
6088.4,33
6088.4,37
6088.6,34
6089.1,17
6089.8,32
6090.6,9
6090.6,30
6091.2,1
6091.3,13
6091.3,26
6091.7,39
6094.7,6
6095.1,29
6095.4,2
6095.9,21
6096.1,5
6096.4,18
6097.1,25
6097.6,38
6097.8,20
6097.9,24
6098.1,4
6098.2,16
6098.2,33
6098.3,34
6098.3,36
6098.9,0
6099.2,10
6099.8,1
6099.8,17
6100.0,15
6100.1,26
6101.3,3
6101.8,13
6104.2,30
6104.7,6
6104.8,39
6104.9,7
6105.8,23
6106.2,14
6106.7,12
6107.0,25
6108.0,33
6108.1,35
6108.6,9
6108.8,5
6109.1,0
6109.5,37
6109.7,34
6110.5,24
6110.5,26
6114.4,16
6114.5,4
6114.5,6
6114.8,13
6114.8,32
6115.0,2
6115.2,1
6115.8,17
6116.3,36
6116.7,15
6117.6,22
6117.6,27
6118.2,18
6118.7,29
6119.8,38
6120.2,30
6120.6,33
6120.8,26
6120.8,34
6120.9,23
6120.9,39
6121.4,13
6121.5,10
6122.0,3
6122.5,25
6122.7,0
6123.8,35
6125.0,24
6125.3,15
6126.0,19
6126.2,4
6127.2,11
6127.7,21
6127.8,16
6129.0,39
6129.8,2
6130.1,26
6130.5,6
6130.5,9
6131.1,5
6132.1,22
6132.3,32
6132.9,30
6133.2,27
6133.3,0
6133.3,17
6133.4,25
6133.7,13
6133.7,37
6133.9,8
6134.1,33
6134.2,20
6134.8,7
6135.0,23
6136.0,24
6136.2,1
6136.3,38
6137.0,3
6137.6,4
6137.8,15
6138.1,18
6138.1,26
6138.4,36
6139.8,34
6139.8,35
6140.0,39
6142.3,6
6142.9,30
6143.9,21
6144.1,10
6145.3,13
6145.5,29
6145.9,33
6146.2,16
6147.3,25
6148.2,5
6149.2,17
6149.7,9
6150.0,26
6150.1,0
6150.1,14
6150.4,36
6150.5,1
6151.5,4
6152.2,23
6153.1,24
6153.3,2
6153.3,3
6153.5,30
6153.7,6
6154.3,12
6154.3,34
6154.9,15
6156.1,33
6156.4,38
6157.2,7
6157.2,18
6157.6,22
6158.3,16
6158.5,39
6158.6,25
6158.7,5
6159.1,21
6159.4,36
6159.7,0
6160.1,13
6161.9,35
6162.6,30
6162.9,29
6163.0,20
6163.4,2
6163.6,6
6164.0,37
6164.4,26
6165.3,15
6165.3,17
6165.3,3
6165.5,11
6165.7,9
6165.7,34
6166.3,33
6167.1,1
6167.8,16
6167.8,25
6167.8,32
6168.7,4
6169.0,39
6169.1,24
6169.3,5
6170.8,23
6171.7,21
6173.1,13
6173.4,10
6173.8,22
6174.1,6
6175.1,30
6175.6,26
6175.8,0
6176.0,15
6176.2,38
6177.2,27
6177.5,35
6177.9,7
6178.1,33
6178.8,9
6179.3,18
6179.6,2
6179.7,36
6180.0,28
6180.1,34
6180.7,24
6181.4,23
6181.4,30
6183.0,17
6183.1,5
6183.8,20
6184.0,4
6184.5,39
6184.6,3
6185.6,37
6186.1,22
6186.2,11
6186.2,16
6186.2,19
6186.6,14
6186.9,26
6187.1,13
6187.1,21
6187.2,6
6187.3,25
6187.4,12
6187.7,33
6188.2,1
6188.5,36
6189.1,24
6189.7,15
6189.7,32
6190.5,23
6190.7,30
6190.9,10
6191.1,18
6192.4,4
6193.1,35
6193.4,2
6194.0,0
6194.1,29
6194.9,26
6197.3,39
6197.5,27
6198.5,17
6198.9,6
6199.2,33
6199.6,24
6199.8,38
6200.1,3
6201.0,25
6201.5,23
6201.5,34
6201.9,21
6202.4,7
6203.0,13
6203.4,30
6203.8,15
6204.0,12
6204.1,5
6204.1,36
6204.2,4
6204.9,18
6204.9,32
6205.9,16
6206.1,19
6206.3,26
6206.3,35
6207.0,22
6207.4,0
6210.7,23
6210.9,33
6211.0,29
6211.3,24
6211.5,39
6211.6,9
6212.0,37
6212.1,2
6212.6,34
6212.8,1
6213.5,17
6213.8,6
6213.9,25
6214.0,38
6214.7,26
6214.9,30
6215.6,3
6215.6,20
6217.7,15
6218.0,0
6219.9,27
6219.9,39
6220.0,5
6220.4,13
6220.7,16
6220.7,33
6220.7,36
6221.0,23
6222.1,1
6222.2,19
6222.3,14
6222.3,34
6222.8,25
6222.8,35
6222.9,17
6224.4,7
6225.0,24
6225.3,9
6225.5,15
6225.9,26
6226.2,31
6226.3,8
6227.0,4
6227.2,6
6228.3,10
6228.8,11
6228.8,30
6228.9,21
6229.3,3
6230.1,22
6230.2,33
6230.3,32
6230.7,37
6231.3,38
6231.8,0
6231.9,18
6233.3,20
6233.5,16
6234.0,34
6234.1,36
6234.2,39
6235.2,13
6235.8,2
6236.1,23
6236.1,29
6238.0,35
6238.1,27
6238.2,15
6238.3,5
6239.2,30
6239.3,12
6239.4,25
6239.6,6
6239.8,26
6240.0,9
6240.0,24
6240.0,33
6240.9,4
6241.2,1
6242.3,10
6242.7,0
6243.3,19
6243.8,7
6244.5,39
6244.7,34
6244.8,17
6245.6,13
6245.7,3
6247.0,6
6247.5,25
6247.9,23
6247.9,35
6248.1,26
6248.2,38
6250.1,36
6251.6,37
6251.7,15
6252.2,22
6252.4,30
6253.0,33
6253.3,29
6253.7,13
6253.7,18
6254.2,16
6254.3,11
6254.4,9
6254.4,39
6254.5,21
6254.6,12
6254.8,5
6257.0,20
6257.5,26
6257.6,0
6257.8,25
6258.2,24
6259.1,1
6259.5,2
6260.3,6
6261.8,34
6261.9,17
6262.4,23
6262.4,30
6262.5,13
6262.8,33
6262.8,39
6262.9,3
6263.3,27
6263.4,15
6264.1,4
6264.2,32
6264.8,26
6264.8,35
6267.8,9
6268.6,14
6268.9,5
6269.1,6
6269.6,0
6269.8,7
6270.0,21
6270.3,24
6270.4,8
6270.8,30
6272.5,22
6272.7,37
6272.9,16
6273.0,33
6273.0,39
6273.2,10
6273.2,25
6274.0,15
6274.3,1
6274.4,36
6275.0,27
6275.9,19
6276.8,23
6277.1,26
6277.4,3
6277.4,18
6277.4,38
6277.8,17
6278.9,30
6279.0,2
6279.9,34
6280.2,6
6281.1,29
6282.4,13
6283.8,15
6283.9,12
6284.1,0
6284.1,4
6284.3,31
6284.4,33
6284.6,20
6284.7,35
6285.0,39
6285.4,25
6285.4,11
6285.9,24
6286.0,34
6287.3,26
6287.9,7
6288.7,1
6289.3,21
6289.9,30
6290.0,16
6290.0,27
6290.8,17
6291.0,5
6292.7,13
6293.0,23
6294.4,6
6294.7,9
6295.0,34
6296.0,26
6296.3,2
6296.6,36
6297.8,30
6297.9,15
6297.9,33
6298.9,0
6299.0,3
6299.0,4
6299.1,38
6299.7,25
6300.6,21
6300.7,17
6301.0,5
6301.2,35
6301.6,6
6301.8,12
6302.0,18
6302.3,37
6302.9,10
6303.2,24
6303.2,39
6305.1,23
6305.5,22
6306.3,13
6306.7,1
6307.2,14
6307.2,27
6307.5,20
6308.3,3
6309.2,29
6309.6,26
6309.9,6
6309.9,36
6310.4,32
6310.6,33
6310.6,34
6310.8,0
6310.8,30
6310.9,15
6311.1,17
6313.2,9
6313.5,2
6314.0,25
6314.5,16
6314.9,39
6315.2,5
6315.8,4
6316.0,11
6316.2,24
6317.6,23
6318.2,18
6320.3,33
6320.4,12
6321.5,1
6321.5,13
6321.5,21
6321.8,6
6323.3,26
6323.5,20
6323.5,35
6323.5,17
6323.9,5
6323.9,19
6324.1,36
6324.4,10
6324.7,7
6325.4,30
6325.4,37
6325.6,22
6326.0,39
6327.2,0
6328.6,24
6328.8,38
6329.3,16
6329.5,33
6329.9,34
6330.2,9
6330.3,25
6330.3,27
6330.5,3
6331.3,6
6331.6,4
6332.0,13
6333.3,23
6333.7,15
6334.2,31
6335.1,30
6335.9,17
6336.0,1
6336.4,26
6336.5,5
6336.6,35
6337.2,29
6337.6,18
6338.6,19
6338.7,36
6339.1,39
6339.1,3
6339.3,2
6339.4,33
6339.7,9
6339.8,24
6341.0,6
6341.3,11
6342.8,32
6342.9,25
6343.5,21
6343.5,34
6344.7,0
6345.0,38
6345.5,13
6346.6,23
6346.7,4
6346.9,26
6347.8,30
6347.9,16
6348.5,35
6348.6,39
6349.1,18
6349.4,5
6349.7,6
6349.8,33
6350.0,12
6350.4,37
6350.8,15
6350.8,20
6351.2,10
6351.3,7
6351.5,22
6354.3,17
6355.2,26
6355.5,0
6357.2,36
6357.3,1
6358.2,24
6358.2,34
6358.6,3
6358.6,30
6358.7,9
6359.4,4
6359.7,39
6360.1,25
6361.5,23
6361.6,33
6362.4,27
6362.5,16
6362.5,26
6362.7,13
6363.5,12
6364.0,11
6364.2,17
6364.4,15
6364.6,6
6364.7,2
6364.9,35
6366.0,5
6366.0,19
6368.4,36
6368.7,21
6369.2,30
6369.3,29
6370.5,0
6370.6,34
6370.7,26
6371.0,39
6371.4,32
6371.9,7
6372.0,37
6372.0,38
6372.5,22
6372.6,23
6372.6,24
6372.7,16
6372.8,14
6373.0,15
6373.1,33
6374.0,12
6374.1,18
6374.6,9
6375.4,25
6375.6,6
6376.4,3
6376.8,1
6378.0,30
6378.4,4
6379.2,5
6379.7,36
6379.9,39
6380.2,10
6380.6,35
6380.7,17
6380.9,20
6381.8,33
6382.0,27
6383.1,24
6383.2,21
6383.9,0
6384.0,2
6384.1,18
6384.3,26
6384.9,19
6385.2,13
6386.0,9
6386.0,23
6386.5,16
6387.1,6
6388.1,15
6388.1,17
6388.7,25
6389.2,39
6390.9,38
6391.1,37
6391.2,34
6391.5,29
6391.5,30
6393.3,36
6393.4,5
6393.6,35
6393.8,7
6394.4,26
6394.6,14
6394.8,6
6395.7,0
6396.3,33
6396.4,8
6397.6,4
6398.2,3
6399.2,2
6399.9,10
6400.1,16
6400.1,22
6400.4,1
6400.4,23
6400.8,17
6400.9,18
6400.9,30
6401.0,12
6401.1,11
6401.1,24
6401.3,5
6401.5,25
6401.6,13
6402.2,9
6402.4,15
6402.5,26
6402.5,27
6402.6,39
6402.8,21
6402.9,32
6403.9,36
6404.2,20
6406.8,33
6407.8,37
6408.7,7
6409.4,6
6409.8,34
6410.1,35
6410.2,0
6410.2,30
6410.6,5
6410.6,24
6410.8,29
6411.1,3
6411.1,38
6413.1,16
6414.5,4
6414.8,1
6415.6,39
6415.9,26
6416.3,18
6416.4,11
6416.7,17
6416.7,33
6416.7,36
6417.5,13
6418.0,0
6418.2,25
6418.5,15
6418.5,24
6418.6,6
6418.6,10
6418.6,37
6419.1,23
6419.7,19
6419.7,21
6419.9,5
6419.9,27
6420.3,28
6420.6,9
6420.6,12
6421.0,2
6422.8,22
6423.0,26
6423.3,31
6423.3,38
6424.2,16
6425.8,20
6425.9,39
6427.1,30
6427.2,25
6427.3,7
6427.4,34
6427.5,4
6427.8,6
6428.1,35
6428.2,3
6428.9,15
6429.0,21
6429.0,8
6429.0,33
6429.6,23
6430.1,24
6430.5,1
6431.5,13
6432.8,17
6433.0,26
6434.0,5
6436.8,36
6437.0,9
6437.3,4
6437.3,0
6437.7,29
6437.9,15
6438.0,6
6438.2,37
6438.2,27
6438.7,39
6439.5,10
6439.7,3
6440.0,2
6440.0,33
6440.3,11
6440.5,26
6440.9,13
6441.4,16
6441.8,38
6442.2,30
6442.7,12
6443.2,35
6444.2,23
6444.8,17
6445.0,24
6445.6,32
6445.9,15
6446.5,0
6446.6,7
6446.8,34
6447.2,39
6447.5,6
6448.2,18
6448.3,25
6448.4,22
6449.7,5
6449.9,36
6450.0,1
6450.0,16
6450.1,33
6450.2,26
6450.3,9
6450.9,20
6451.3,30
6451.4,19
6451.9,10
6452.1,35
6452.1,38
6452.6,21
6455.4,23
6456.1,3
6457.4,15
6457.6,4
6457.6,24
6458.4,39
6458.7,6
6459.7,13
6460.5,9
6460.7,30
6460.8,0
6461.1,2
6461.2,36
6461.3,18
6461.3,25
6461.4,12
6462.2,37
6462.4,7
6462.6,26
6463.1,33
6463.3,16
6464.4,14
6465.6,17
6465.6,34
6466.6,27
6466.8,19
6467.1,15
6469.1,1
6469.3,5
6469.3,24
6470.2,23
6470.2,35
6470.4,39
6471.0,25
6471.3,8
6471.3,33
6471.6,6
6472.1,30
6472.4,7
6473.0,0
6473.2,13
6473.6,26
6474.4,18
6475.4,22
6475.4,36
6475.6,4
6477.3,9
6477.4,16
6477.7,3
6477.8,2
6477.8,38
6479.2,21
6479.3,15
6479.8,33
6479.9,20
6480.0,5
6480.0,12
6481.5,23
6481.6,17
6482.4,39
6482.7,30
6484.0,37
6484.2,10
6484.3,26
6484.6,1
6484.7,6
6485.0,31
6485.3,0
6485.4,11
6486.0,27
6486.1,35
6486.3,25
6486.4,34
6488.1,29
6488.3,24
6489.0,7
6489.1,13
6489.1,36
6489.1,33
6489.9,30
6490.0,4
6490.3,9
6490.8,16
6491.1,5
6491.3,39
6492.1,38
6493.0,15
6493.8,17
6495.3,22
6495.7,23
6496.7,0
6497.7,26
6497.9,10
6498.3,14
6498.5,6
6498.8,33
6499.8,30
6500.1,34
6501.4,24
6501.5,18
6501.8,16
6502.0,21
6502.0,36
6502.7,35
6502.8,2
6503.0,25
6503.1,4
6503.2,32
6503.6,5
6504.0,20
6504.5,19
6504.7,17
6504.8,39
6505.1,23
6505.1,27
6505.1,37
6505.2,38
6505.7,13
6506.1,1
6506.2,26
6506.3,12
6507.1,9
6507.2,24
6507.5,7
6508.6,3
6509.6,33
6509.7,15
6509.8,6
6510.8,0
6512.5,11
6513.5,34
6513.9,10
6514.0,16
6514.1,39
6514.3,13
6514.7,21
6514.7,30
6515.2,26
6515.6,25
6517.4,33
6517.7,4
6517.7,18
6518.1,5
6518.1,8
6519.1,15
6519.2,36
6519.3,9
6519.7,24
6520.9,23
6521.9,22
6522.1,1
6522.3,17
6523.2,27
6523.4,30
6524.4,37
6524.5,6
6524.5,35
6525.0,19
6525.4,20
6527.2,2
6527.2,3
6528.1,25
6528.4,24
6528.4,16
6528.4,26
6528.6,0
6528.6,32
6528.8,7
6528.9,13
6529.1,28
6529.1,39
6529.3,33
6529.3,38
6531.0,15
6531.1,21
6532.7,6
6533.1,23
6535.2,30
6535.3,5
6535.3,35
6535.7,9
6535.9,4
6536.0,17
6536.5,10
6536.7,26
6536.9,34
6537.6,12
6537.9,36
6538.4,33
6539.4,39
6539.9,31
6540.3,0
6540.5,22
6541.4,27
6542.4,13
6543.0,14
6543.5,11
6543.6,24
6543.8,6
6543.8,37
6543.9,26
6544.7,1
6544.8,3
6545.6,16
6546.1,15
6546.7,30
6547.5,25
6547.8,2
6548.2,17
6549.0,19
6549.1,18
6549.1,33
6549.2,23
6549.3,4
6549.3,8
6549.3,21
6550.7,38
6551.2,29
6551.3,15
6551.8,34
6552.2,13
6552.3,39
6552.5,0
6552.7,20
6553.0,35
6553.1,6
6553.1,7
6554.0,36
6555.1,10
6556.3,5
6556.3,25
6557.8,32
6558.2,16
6558.6,26
6558.9,4
6559.0,9
6559.2,30
6560.0,3
6560.2,1
6560.2,24
6560.6,33
6561.4,23
6561.9,17
6562.5,11
6563.5,6
6563.7,39
6563.9,13
6564.5,2
6565.0,0
6566.4,15
6566.4,38
6568.9,26
6569.8,25
6569.8,34
6569.9,24
6569.9,37
6570.7,30
6570.8,22
6570.9,14
6571.4,5
6571.4,21
6571.4,29
6571.5,33
6571.7,1
6571.8,35
6571.9,13
6572.9,18
6573.0,23
6573.5,0
6574.0,36
6574.2,12
6574.3,16
6574.3,39
6575.3,20
6575.6,31
6576.0,9
6576.4,4
6577.4,7
6577.6,6
6578.5,3
6578.5,10
6579.0,33
6579.2,27
6579.5,15
6579.6,23
6579.7,30
6580.0,0
6580.7,13
6581.6,24
6584.1,5
6584.7,2
6584.9,25
6585.1,17
6585.1,26
6585.4,38
6585.9,1
6585.9,11
6586.9,37
6586.9,39
6587.4,6
6587.8,35
6587.9,9
6588.5,20
6589.0,22
6589.3,18
6589.9,13
6590.9,33
6591.2,4
6591.2,7
6591.9,23
6592.6,0
6592.7,16
6593.0,19
6593.1,36
6593.8,39
6594.4,15
6594.4,5
6594.9,30
6595.0,3
6595.5,34
6596.1,26
6597.8,27
6598.0,25
6598.4,24
6598.8,17
6599.3,35
6599.6,33
6600.7,1
6600.7,8
6600.8,32
6601.7,36
6602.0,6
6602.6,23
6602.7,9
6602.8,39
6603.1,26
6603.4,16
6604.1,0
6605.0,10
6605.1,17
6605.3,2
6605.4,3
6605.5,30
6607.0,37
6607.3,4
6607.8,13
6608.0,18
6608.8,25
6608.9,5
6608.9,33
6609.7,21
6610.4,6
6610.9,34
6612.4,29
6612.6,12
6613.3,7
6613.6,22
6613.8,15
6614.1,26
6614.2,35
6614.2,36
6614.8,30
6615.1,38
6615.2,39
6615.6,4
6616.2,16
6616.3,14
6616.5,24
6617.6,0
6618.3,17
6618.8,3
6618.8,13
6619.0,34
6619.6,27
6620.3,9
6620.3,33
6621.8,23
6623.4,15
6623.5,11
6624.1,5
6624.2,6
6624.3,25
6624.6,26
6625.2,18
6625.8,1
6626.0,24
6626.3,19
6627.0,30
6629.2,33
6629.5,37
6629.9,21
6629.9,39
6630.5,16
6630.8,4
6631.6,2
6631.8,35
6632.3,13
6632.9,34
6633.3,18
6633.5,36
6633.7,0
6634.3,6
6634.4,26
6634.9,23
6634.9,38
6636.4,17
6636.6,3
6636.7,7
6636.7,10
6637.1,33
6637.4,25
6638.4,5
6639.0,30
6639.1,12
6639.3,1
6639.6,20
6639.6,22
6640.0,37
6640.1,9
6640.3,36
6640.6,24
6640.6,32
6640.8,27
6640.9,13
6642.0,0
6642.3,21
6642.4,15
6644.0,26
6644.0,39
6645.9,6
6646.5,4
6647.0,23
6647.0,33
6647.6,35
6648.3,16
6649.0,34
6649.9,15
6650.1,5
6651.0,31
6651.2,13
6651.8,26
6652.1,25
6653.5,30
6654.7,18
6654.7,33
6655.0,37
6655.0,39
6656.4,0
6656.9,2
6657.2,7
6657.3,9
6657.5,11
6657.8,17
6658.1,1
6658.3,23
6658.4,27
6658.6,3
6658.6,6
6659.6,36
6659.9,12
6660.8,24
6661.7,38
6661.8,4
6662.0,39
6662.2,34
6662.9,26
6662.9,33
6663.3,16
6663.4,35
6663.7,21
6663.8,8
6664.6,25
6664.8,19
6664.9,10
6666.3,15
6666.7,30
6666.8,5
6667.2,0
6667.3,22
6667.6,9
6668.0,23
6669.8,13
6671.6,17
6671.7,6
6671.8,14
6672.1,1
6672.1,33
6672.2,32
6672.2,39
6672.4,20
6673.8,36
6674.4,4
6675.6,26
6675.9,3
6676.2,21
6676.3,18
6676.4,16
6676.5,27
6677.6,9
6677.7,24
6677.7,25
6678.8,35
6679.1,30
6679.3,23
6679.4,7
6680.0,13
6680.0,39
6680.6,15
6680.8,2
6680.8,34
6681.5,33
6681.7,6
6681.8,0
6683.0,26
6684.2,24
6684.6,5
6685.0,17
6685.1,10
6686.3,1
6686.7,38
6687.9,37
6688.6,39
6688.8,9
6689.1,20
6689.6,6
6689.9,4
6690.0,22
6690.1,11
6690.2,25
6690.6,29
6690.7,32
6691.0,19
6691.2,3
6691.2,36
6691.3,34
6692.0,12
6692.0,26
6692.2,33
6692.3,21
6693.2,30
6694.0,0
6694.6,23
6696.1,5
6696.2,17
6697.5,27
6697.6,14
6697.6,15
6697.6,35
6697.9,13
6698.1,16
6698.1,39
6698.9,7
6699.7,25
6699.7,34
6699.9,26
6700.0,33
6701.9,24
6702.9,9
6703.1,30
6703.2,6
6703.5,1
6705.0,23
6705.3,5
6705.6,36
6705.7,10
6705.7,8
6705.9,22
6706.4,18
6706.7,15
6707.3,2
6707.5,25
6707.6,3
6709.3,39
6710.4,26
6710.5,33
6710.6,37
6712.0,0
6712.2,34
6712.2,35
6712.7,17
6712.8,16
6712.9,38
6713.6,1
6713.7,4
6714.5,6
6714.5,29
6714.5,30
6714.6,12
6714.9,13
6716.4,36
6716.4,19
6716.8,5
6717.0,7
6719.4,9
6720.1,33
6720.2,15
6720.6,21
6721.5,18
6721.9,24
6721.9,26
6722.5,20
6722.8,39
6724.1,10
6724.5,11
6724.9,25
6725.4,3
6725.5,23
6725.6,22
6726.0,4
6726.0,31
6726.2,6
6726.4,16
6726.5,2
6726.8,0
6726.8,32
6727.5,14
6727.5,17
6728.3,30
6728.6,33
6728.7,7
6731.9,5
6732.4,34
6733.1,24
6733.1,36
6733.4,37
6733.5,1
6733.5,13
6733.7,9
6733.8,26
6734.2,27
6734.3,15
6735.5,30
6735.6,18
6736.1,39
6736.3,21
6737.0,10
6737.9,33
6738.4,23
6738.5,6
6739.9,35
6741.2,0
6741.3,38
6741.8,16
6742.5,2
6742.7,4
6742.9,3
6742.9,17
6743.3,15
6743.6,20
6744.3,25
6744.4,19
6744.5,5
6745.1,26
6745.5,18
6745.9,6
6745.9,34
6746.7,7
6748.1,24
6749.3,36
6749.8,13
6750.3,30
6750.8,32
6751.0,16
6751.3,39
6751.6,21
6751.6,31
6751.7,12
6752.2,33
6752.8,23
6752.8,29
6754.1,15
6754.3,27
6754.4,37
6754.8,11
6755.4,17
6755.9,0
6756.0,25
6756.2,9
6756.3,6
6756.4,1
6756.5,14
6756.9,22
6757.1,19
6757.8,38
6759.1,18
6759.3,2
6760.0,33
6760.1,26
6760.5,39
6760.6,4
6760.8,24
6761.2,5
6761.2,16
6761.9,13
6762.8,34
6763.2,30
6764.6,35
6764.8,21
6765.5,3
6766.4,0
6766.7,7
6766.7,37
6766.8,20
6766.9,6
6766.9,23
6768.2,17
6770.4,1
6770.5,36
6771.6,12
6771.6,33
6771.8,30
6771.9,10
6772.3,5
6772.4,8
6772.4,25
6772.6,32
6773.2,39
6773.8,24
6773.9,26
6774.2,13
6775.3,9
6775.5,15
6776.0,27
6776.5,38
6776.9,35
6777.0,6
6777.4,16
6778.6,2
6778.8,11
6778.9,23
6780.1,20
6780.9,25
6781.1,3
6781.1,30
6781.1,33
6781.5,0
6781.5,4
6781.5,22
6782.5,7
6782.6,15
6782.7,36
6783.0,34
6783.0,39
6783.1,9
6783.1,21
6783.5,26
6783.7,17
6783.9,18
6784.9,29
6786.2,6
6786.2,13
6786.9,14
6787.1,37
6787.2,5
6788.0,24
6788.9,16
6789.5,1
6789.9,38
6790.2,33
6790.4,8
6790.6,23
6790.7,27
6791.2,26
6791.7,4
6791.8,39
6792.6,25
6793.0,0
6794.7,34
6795.3,9
6796.1,15
6796.7,30
6796.7,35
6797.2,19
6797.3,2
6797.4,32
6797.6,36
6800.2,17
6800.6,10
6800.8,22
6801.2,37
6801.3,6
6801.5,11
6801.6,33
6801.8,3
6802.0,24
6802.6,26
6803.2,21
6804.4,16
6805.2,12
6805.2,18
6805.6,23
6805.7,13
6806.1,5
6806.3,39
6807.2,15
6807.7,34
6808.4,1
6808.5,25
6808.5,30
6809.5,0
6809.8,6
6809.8,26
6810.3,38
6810.7,2
6810.9,29
6811.2,27
6811.7,7
6811.7,33
6814.2,36
6814.5,4
6814.6,9
6814.7,19
6814.9,17
6815.2,3
6815.7,35
6816.3,39
6816.6,37
6817.2,13
6817.2,31
6817.8,30
6818.3,24
6818.4,10
6818.6,0
6819.4,1
6820.6,16
6820.8,5
6820.8,26
6820.9,23
6821.9,6
6822.5,15
6823.0,34
6823.1,20
6823.5,21
6824.2,36
6824.6,28
6825.2,2
6825.4,12
6825.5,25
6825.6,35
6826.0,18
6826.8,7
6826.8,22
6827.0,8
6828.0,33
6828.3,4
6828.3,39
6828.5,9
6829.1,0
6829.1,19
6829.2,3
6830.0,1
6830.6,17
6831.2,24
6831.3,23
6831.5,6
6831.6,11
6831.7,26
6831.8,16
6832.5,38
6832.6,30
6833.7,5
6835.9,14
6836.1,34
6837.0,15
6837.0,32
6838.7,36
6838.9,33
6838.9,35
6840.2,25
6840.8,27
6841.2,30
6841.3,2
6841.4,24
6842.2,37
6842.8,4
6842.8,13
6843.0,26
6843.5,6
6844.4,0
6844.4,39
6845.8,21
6845.9,18
6846.6,10
6847.0,19
6847.1,29
6847.2,20
6847.4,23
6848.8,25
6849.2,7
6850.6,38
6851.3,15
6851.4,6
6851.4,16
6851.4,26
6851.8,17
6851.8,22
6852.3,12
6852.7,33
6852.8,3
6853.0,5
6853.2,1
6853.3,30
6853.6,36
6853.8,9
6853.9,13
6854.0,39
6855.1,24
6856.4,4
6856.4,34
6857.4,27
6857.6,0
6857.6,10
6857.6,25
6857.7,23
6857.8,37
6858.1,35
6858.9,6
6859.3,15
6859.6,26
6863.5,18
6863.5,33
6864.3,7
6864.5,39
6864.8,16
6865.1,30
6865.5,2
6865.8,36
6866.0,38
6866.3,11
6866.3,24
6866.4,13
6866.5,6
6866.6,19
6866.8,3
6867.1,17
6867.4,26
6867.7,25
6869.7,0
6871.1,21
6872.3,4
6872.4,5
6873.1,35
6873.3,33
6873.5,9
6873.6,22
6873.6,31
6873.7,23
6873.9,36
6874.0,16
6874.3,13
6874.3,34
6874.4,24
6874.7,39
6874.9,26
6875.4,12
6875.8,27
6876.1,15
6877.6,1
6878.6,6
6879.0,3
6879.3,10
6879.3,30
6879.7,7
6879.7,37
6881.6,33
6881.7,17
6882.5,25
6883.5,0
6883.7,2
6884.4,39
6885.0,21
6885.1,24
6885.4,13
6885.4,38
6886.5,5
6886.6,18
6887.4,20
6889.0,23
6889.5,7
6889.9,16
6890.3,19
6890.4,15
6890.6,26
6890.8,6
6891.1,32
6891.1,34
6891.2,14
6891.3,3
6891.3,29
6892.1,35
6892.3,30
6892.6,9
6893.0,4
6893.4,17
6894.0,1
6894.2,0
6894.5,33
6894.5,36
6896.4,25
6896.8,39
6897.6,22
6897.9,11
6898.2,12
6898.3,13
6898.5,2
6898.5,27
6898.8,10
6898.8,24
6899.1,26
6899.5,15
6901.1,30
6901.8,33
6902.0,23
6902.0,38
6903.1,17
6903.9,7
6903.9,18
6904.6,5
6904.7,6
6905.5,3
6906.3,0
6907.4,21
6907.5,36
6908.1,13
6909.5,1
6909.9,16
6910.3,4
6910.5,32
6910.6,2
6910.6,24
6910.7,39
6910.8,9
6911.5,26
6911.6,6
6911.7,34
6911.7,37
6911.8,17
6911.8,25
6911.8,33
6913.1,35
6914.8,0
6915.5,38
6916.1,15
6916.6,3
6917.4,21
6919.0,11
6919.0,22
6919.2,30
6919.9,23
6920.0,10
6920.5,20
6920.6,26
6921.6,5
6921.6,24
6921.6,33
6921.6,39
6921.7,6
6921.7,19
6922.5,18
6924.7,25
6924.8,27
6925.5,9
6925.5,35
6925.9,17
6926.2,32
6926.4,2
6926.5,7
6926.5,34
6926.6,4
6927.1,13
6927.3,36
6927.8,30
6928.2,16
6928.6,15
6929.4,33
6930.6,1
6930.7,6
6932.3,23
6932.4,29
6932.7,26
6933.8,0
6933.9,38
6934.3,12
6934.9,10
6935.0,39
6935.1,5
6935.1,21
6935.7,34
6936.0,3
6936.6,18
6937.3,20
6937.4,24
6937.9,17
6938.0,22
6938.3,25
6938.6,30
6940.4,37
6940.5,7
6940.5,19
6940.9,23
6940.9,36
6941.0,26
6941.8,33
6942.0,8
6943.0,0
6943.1,13
6943.1,16
6943.5,35
6943.7,4
6944.2,6
6945.2,25
6946.4,15
6947.0,1
6948.5,30
6948.6,2
6949.2,9
6949.3,27
6950.1,34
6950.2,0
6950.6,5
6950.8,39
6950.9,29
6951.0,36
6951.7,24
6952.3,21
6952.4,12
6952.9,3
6953.1,26
6953.6,33
6954.6,10
6954.8,38
6955.4,4
6955.4,11
6956.3,6
6958.4,23
6958.6,20
6959.1,13
6959.1,25
6959.9,17
6960.9,32
6961.3,18
6961.7,26
6961.7,30
6961.7,31
6961.7,39
6961.8,22
6962.0,7
6962.1,1
6962.1,15
6962.1,16
6962.5,0
6962.8,5
6963.8,34
6964.0,6
6965.3,24
6965.4,33
6967.7,9
6968.1,26
6968.2,2
6968.3,13
6968.5,3
6969.1,37
6969.4,19
6970.0,0
6970.1,25
6970.6,35
6971.2,23
6971.9,21
6972.9,7
6973.2,33
6974.0,27
6974.4,39
6975.0,22
6975.1,31
6975.2,5
6975.6,30
6977.2,34
6977.4,36
6978.2,38
6978.4,16
6978.5,17
6979.0,15
6979.8,26
6979.9,10
6980.0,6
6980.5,4
6980.5,20
6980.6,24
6980.8,9
6981.6,12
6981.7,3
6982.6,23
6982.7,11
6982.9,30
6983.0,25
6983.4,1
6983.6,18
6984.2,37
6985.0,39
6985.7,33
6986.2,13
6986.2,26
6987.7,27
6988.3,15
6988.4,21
6988.7,5
6988.7,8
6988.8,2
6989.7,0
6989.9,34
6990.3,22
6990.6,29
6991.3,14
6991.3,35
6994.3,19
6994.6,6
6994.6,18
6995.0,36
6995.1,9
6995.5,16
6995.5,23
6995.6,24
6995.8,17
6996.0,10
6996.0,30
6996.5,7
6996.5,33
6996.8,26
6997.4,3
6997.9,13
6998.5,39
6998.6,0
6998.6,25
6999.4,4
7000.5,1
7002.7,6
7003.5,35
7004.1,23
7005.4,15
7005.5,16
7006.0,33
7007.8,39
7009.3,24
7009.9,30
7010.1,0
7010.5,18
7010.8,26
7010.9,34
7011.0,5
7011.2,10
7011.7,4
7012.0,21
7012.0,36
7012.4,13
7013.7,3
7013.9,1
7013.9,2
7013.9,17
7014.3,32
7014.6,25
7014.8,22
7015.7,33
7016.3,29
7016.8,6
7016.8,7
7017.0,19
7017.2,16
7018.0,0
7018.2,27
7018.8,24
7018.8,30
7019.5,15
7019.9,26
7020.2,39
7020.3,8
7020.3,9
7020.7,23
7020.8,4
7020.9,38
7022.2,37
7022.3,36
7022.9,35
7025.7,34
7025.9,10
7025.9,11
7026.2,27
7026.3,25
7027.0,33
7027.1,5
7027.6,6
7027.9,20
7027.9,21
7027.9,22
7028.3,0
7028.3,1
7028.4,39
7028.9,26
7031.2,13
7031.3,4
7033.1,16
7033.4,2
7033.4,17
7033.5,3
7033.9,30
7034.0,23
7034.9,36
7035.4,12
7035.6,18
7035.9,15
7036.0,33
7037.3,24
7037.6,13
7037.6,39
7037.7,6
7037.9,9
7040.0,29
7040.7,0
7042.6,26
7042.8,16
7042.9,38
7043.0,7
7043.1,14
7043.4,35
7043.5,21
7043.5,22
7044.1,1
7044.4,5
7044.5,33
7045.3,34
7045.5,24
7045.5,30
7046.3,23
7047.0,39
7048.0,6
7049.1,4
7049.2,37
7049.4,36
7049.6,25
7050.0,17
7050.7,18
7050.8,31
7051.3,2
7051.7,26
7051.8,13
7051.9,9
7052.3,0
7054.5,16
7054.9,33
7055.9,30
7056.0,27
7056.7,19
7056.7,23
7056.8,20
7057.2,10
7057.4,3
7057.7,24
7058.1,39
7058.5,5
7058.5,12
7058.8,15
7059.8,6
7060.9,13
7060.9,25
7061.0,36
7061.1,1
7061.1,18
7061.6,34
7062.0,26
7062.7,0
7063.6,32
7063.8,21
7064.3,39
7064.7,22
7065.0,38
7065.1,4
7065.7,35
7066.3,17
7066.4,2
7066.6,33
7067.2,7
7067.4,23
7068.6,9
7070.6,6
7070.6,36
7070.7,10
7071.0,25
7071.4,26
7071.7,24
7071.8,30
7072.0,5
7072.1,18
7073.4,0
7074.4,16
7074.8,33
7074.9,39
7075.5,13
7076.5,34
7077.2,27
7077.5,15
7077.9,1
7078.1,4
7078.4,3
7080.6,11
7080.7,23
7080.7,26
7081.1,25
7081.3,5
7081.3,6
7081.5,17
7082.4,22
7083.6,36
7083.6,39
7083.7,30
7084.0,35
7085.1,2
7086.5,16
7088.2,24
7088.3,0
7088.9,29
7089.0,19
7089.7,7
7090.2,33
7090.3,34
7090.5,13
7090.6,20
7091.0,6
7091.1,37
7091.3,9
7092.5,4
7093.1,26
7093.7,21
7093.8,18
7093.9,15
7093.9,38
7094.0,3
7094.1,1
7094.1,23
7094.1,30
7094.1,32
7094.2,5
7094.4,39
7094.9,8
7095.0,2
7095.6,35
7096.6,0
7097.0,36
7098.0,25
7098.3,27
7098.5,24
7098.6,17
7100.3,22
7100.4,10
7100.8,33
7102.9,11
7103.1,39
7103.8,16
7103.9,7
7104.5,2
7105.0,30
7105.1,6
7105.1,9
7105.4,26
7106.9,4
7107.1,15
7107.5,0
7107.6,13
7108.1,23
7109.0,35
7109.3,1
7109.5,25
7109.8,18
7110.0,5
7110.0,12
7111.1,34
7111.6,3
7111.7,39
7112.4,21
7112.5,24
7112.5,33
7112.6,37
7112.8,6
7112.9,20
7114.2,19
7114.6,38
7115.0,9
7115.1,26
7115.5,16
7116.2,17
7117.5,36
7118.8,13
7118.8,32
7119.5,10
7119.8,23
7121.0,30
7121.3,27
7121.5,5
7121.8,22
7122.3,0
7122.6,33
7122.7,15
7122.8,8
7123.4,35
7123.9,24
7124.1,7
7124.2,25
7124.9,39
7125.0,18
7126.1,4
7126.3,1
7126.5,6
7127.3,26
7129.3,2
7129.4,13
7130.3,34
7131.1,0
7131.2,30
7131.8,17
7132.9,3
7133.9,15
7135.3,33
7135.7,6
7136.1,39
7136.8,9
7136.9,5
7137.1,26
7137.3,16
7137.3,36
7137.4,24
7138.4,38
7139.3,23
7139.6,1
7140.1,13
7140.2,29
7140.5,25
7141.2,33
7141.4,30
7142.3,17
7143.2,0
7143.2,21
7143.9,2
7143.9,37
7144.6,15
7144.9,7
7145.0,4
7145.3,6
7145.8,19
7146.2,39
7146.5,35
7147.4,12
7148.1,34
7149.2,24
7149.8,18
7149.8,26
7149.9,11
7150.0,22
7150.3,9
7150.8,10
7150.9,1
7150.9,16
7151.0,0
7151.4,33
7152.1,30
7152.4,5
7152.4,23
7152.9,20
7153.5,3
7153.5,27
7153.7,17
7153.9,13
7155.0,36
7155.1,25
7156.6,2
7157.5,26
7157.9,39
7159.0,6
7160.3,14
7160.7,23
7161.2,24
7161.4,7
7161.4,27
7161.5,4
7161.5,15
7161.6,30
7161.6,37
7162.1,32
7163.8,0
7163.8,33
7164.1,38
7164.3,16
7164.6,25
7166.6,18
7167.3,10
7167.6,13
7168.2,34
7168.3,39
7168.6,5
7169.0,6
7170.0,26
7170.3,17
7170.5,1
7170.6,35
7170.6,9
7171.5,24
7171.8,38
7172.1,21
7172.3,15
7173.2,3
7173.2,30
7174.3,23
7175.2,12
7175.4,33
7175.9,25
7176.7,13
7177.1,36
7177.6,0
7177.8,2
7177.9,20
7178.0,26
7178.1,4
7178.1,11
7178.2,19
7178.9,27
7179.0,6
7179.7,16
7180.4,22
7180.5,39
7180.8,29
7180.9,24
7181.3,18
7184.3,34
7185.1,0
7185.2,1
7185.9,15
7186.2,25
7186.3,5
7186.7,17
7187.0,23
7187.1,33
7187.2,9
7187.5,35
7188.1,30
7188.9,4
7189.5,3
7189.6,21
7189.6,37
7189.7,26
7190.0,32
7190.1,6
7190.4,24
7190.4,39
7190.6,7
7192.2,10
7192.2,27
7193.1,13
7193.2,16
7194.9,38
7195.5,36
7195.6,33
7195.7,17
7196.1,5
7196.2,0
7196.7,11
7196.7,18
7196.8,30
7197.0,2
7197.1,1
7197.1,31
7197.3,15
7200.5,22
7201.0,26
7201.4,35
7201.7,23
7202.4,14
7202.5,24
7202.6,25
7203.0,9
7203.6,7
7203.6,21
7204.0,34
7204.8,0
7205.1,20
7205.2,2
7205.2,39
7206.3,33
7206.5,28
7207.0,6
7207.6,18
7208.0,30
7208.0,37
7209.0,27
7209.5,15
7209.7,26
7209.7,32
7210.4,3
7210.4,13
7210.4,16
7211.5,9
7211.6,5
7211.7,23
7212.2,4
7212.3,17
7212.4,1
7212.6,24
7212.8,10
7213.1,0
7213.4,12
7213.4,38
7213.4,39
7214.3,29
7214.5,36
7217.0,35
7217.1,19
7217.6,33
7217.7,25
7217.9,6
7218.3,30
7219.0,11
7219.0,22
7220.1,34
7221.1,26
7222.0,17
7223.8,2
7223.9,5
7224.2,39
7224.6,13
7224.6,15
7224.9,33
7225.5,1
7225.6,6
7226.0,18
7226.1,24
7226.2,0
7226.3,9
7227.1,16
7227.9,4
7228.1,7
7228.3,36
7228.5,23
7229.3,3
7229.4,30
7229.9,34
7230.1,21
7230.5,39
7230.8,26
7231.7,10
7231.8,25
7234.7,33
7234.7,35
7235.1,37
7236.0,15
7236.5,22
7236.9,17
7237.3,5
7237.3,38
7237.6,6
7238.4,18
7239.0,30
7239.6,27
7239.8,14
7240.0,9
7240.1,32
7240.4,16
7240.9,3
7240.9,19
7241.6,20
7241.6,26
7242.3,0
7242.5,24
7242.5,25
7242.6,39
7242.9,1
7244.2,4
7244.3,13
7244.3,33
7244.6,10
7244.6,23
7244.7,2
7244.8,7
7244.9,6
7245.2,12
7245.2,34
7246.0,36
7247.1,30
7247.4,5
7248.8,17
7250.6,15
7250.9,26
7252.4,35
7253.5,25
7253.6,18
7253.6,33
7254.0,16
7254.1,39
7254.3,6
7254.5,8
7254.8,9
7255.3,13
7255.7,29
7256.2,2
7258.2,0
7259.0,17
7259.1,38
7259.8,24
7259.9,4
7260.0,21
7260.6,30
7260.9,11
7260.9,32
7261.2,7
7261.2,19
7261.2,31
7262.0,13
7262.2,5
7262.2,23
7263.0,26
7264.1,12
7264.1,34
7264.5,6
7265.1,36
7265.3,3
7265.5,22
7265.7,15
7265.9,39
7266.3,35
7266.5,1
7266.6,17
7266.6,33
7267.2,10
7267.4,16
7268.5,0
7268.5,37
7268.9,27
7269.4,30
7270.8,25
7272.1,24
7272.3,26
7272.8,9
7273.3,38
7273.5,19
7274.3,18
7274.6,2
7275.4,32
7275.7,4
7276.8,15
7276.8,29
7277.0,21
7277.0,33
7277.0,39
7277.1,23
7277.1,35
7277.3,5
7278.3,11
7280.0,16
7280.1,12
7280.2,6
7280.2,24
7280.5,0
7280.5,30
7280.7,36
7281.1,13
7281.2,20
7281.7,10
7281.9,25
7282.1,3
7282.8,26
7282.9,22
7284.9,34
7286.6,33
7286.8,4
7287.5,7
7287.5,14
7288.1,30
7289.2,1
7290.0,16
7290.7,35
7290.8,18
7290.8,27
7291.1,0
7291.4,32
7291.7,12
7291.8,37
7291.8,39
7291.9,5
7291.9,9
7291.9,13
7292.0,23
7292.3,25
7292.4,17
7292.6,24
7293.2,15
7293.3,26
7294.1,6
7295.6,38
7297.4,4
7297.6,3
7297.8,29
7299.0,2
7299.2,30
7299.4,34
7299.4,36
7299.7,33
7301.1,8
7301.5,17
7302.0,9
7302.7,22
7302.9,10
7303.1,21
7303.6,26
7304.1,7
7304.4,35
7304.4,39
7304.6,23
7304.8,6
7304.8,15
7306.0,19
7306.5,13
7307.2,12
7307.4,16
7307.4,25
7307.8,5
7307.9,30
7308.7,4
7308.8,24
7309.0,1
7309.8,3
7310.4,26
7311.4,33
7311.9,0
7311.9,27
7312.6,39
7312.7,6
7313.3,34
7314.1,20
7315.4,16
7315.9,35
7316.3,32
7316.4,24
7316.6,13
7317.5,17
7317.6,36
7317.9,37
7318.0,23
7318.3,15
7318.3,18
7320.6,5
7321.2,9
7321.2,21
7321.5,7
7322.0,25
7322.0,29
7322.1,26
7322.9,2
7323.3,1
7323.4,4
7324.1,38
7324.4,33
7324.5,34
7325.3,30
7325.6,22
7327.1,6
7327.3,0
7327.3,3
7327.4,13
7327.7,17
7328.0,39
7328.6,23
7328.6,27
7328.8,11
7329.0,15
7329.8,36
7330.0,26
7330.3,35
7330.7,16
7331.7,25
7332.6,21
7333.0,24
7333.6,33
7333.7,29
7334.2,10
7334.4,12
7335.6,23
7336.4,6
7336.5,5
7336.5,39
7337.2,34
7337.3,19
7337.7,1
7337.7,9
7338.4,18
7338.5,30
7340.2,7
7340.7,22
7341.4,0
7341.7,4
7342.5,33
7342.5,37
7342.6,13
7342.6,17
7343.0,35
7343.5,36
7343.7,26
7343.9,21
7344.0,14
7344.4,28
7344.4,15
7345.2,16
7345.6,39
7348.3,24
7348.4,30
7348.5,3
7348.8,34
7349.2,1
7349.9,23
7350.0,2
7350.0,25
7352.9,31
7353.5,0
7353.8,38
7354.0,21
7354.0,39
7354.3,20
7354.4,33
7354.6,7
7354.9,26
7355.1,5
7355.1,35
7355.3,6
7355.5,8
7355.5,27
7356.3,24
7357.0,10
7357.0,36
7357.7,15
7357.7,18
7358.0,32
7358.1,13
7358.7,16
7360.2,30
7361.2,11
7362.4,3
7362.7,6
7362.8,22
7362.9,9
7363.6,17
7363.6,23
7364.2,26
7364.3,12
7364.3,39
7364.6,33
7364.9,1
7364.9,25
7365.4,29
7365.4,34
7365.5,37
7366.6,0
7367.3,2
7367.9,24
7368.0,38
7368.4,19
7368.6,4
7368.6,15
7368.8,13
7369.0,30
7369.3,14
7370.1,35
7370.8,5
7371.8,27
7372.0,6
7374.8,21
7375.9,0
7376.1,11
7376.1,16
7376.1,39
7376.7,34
7377.5,12
7377.6,10
7377.6,20
7377.7,5
7377.7,25
7377.7,26
7378.3,9
7378.5,17
7378.6,36
7378.7,33
7378.8,15
7379.0,18
7379.2,24
7379.8,7
7380.1,22
7381.9,23
7382.8,2
7382.8,30
7383.5,1
7384.9,4
7385.1,32
7385.5,39
7387.4,27
7387.7,13
7388.0,16
7388.7,6
7389.2,24
7389.3,3
7389.3,35
7389.8,33
7390.2,0
7391.5,26
7391.8,29
7391.9,25
7392.2,5
7392.9,34
7393.5,38
7394.7,4
7395.1,15
7395.5,36
7395.6,39
7396.1,21
7396.2,33
7396.4,19
7396.5,23
7396.5,31
7396.9,6
7397.0,0
7397.2,9
7397.5,30
7398.7,17
7399.8,24
7400.2,11
7400.3,7
7400.5,14
7400.9,26
7401.7,13
7404.1,18
7404.1,39
7404.2,5
7404.6,35
7404.9,20
7404.9,22
7405.1,12
7405.6,2
7406.1,1
7406.5,16
7406.9,30
7407.1,3
7408.0,6
7408.1,33
7409.1,4
7409.1,37
7409.3,23
7410.4,0
7410.7,32
7410.9,27
7411.5,34
7411.8,15
7412.6,17
7412.7,26
7413.1,36
7413.7,25
7414.7,21
7414.9,13
7415.4,38
7416.1,33
7416.7,19
7417.1,16
7417.8,24
7418.0,7
7418.8,30
7419.0,9
7419.7,1
7419.7,39
7420.6,6
7420.8,2
7420.8,29
7422.0,10
7422.3,36
7423.6,0
7423.6,5
7423.8,17
7423.8,18
7424.1,26
7424.2,4
7424.7,12
7424.8,23
7425.1,15
7426.0,33
7426.2,35
7426.5,3
7427.1,20
7427.6,1
7427.9,24
7428.4,6
7429.0,16
7429.1,39
7430.1,30
7430.2,21
7430.2,34
7431.7,25
7434.0,11
7434.3,38
7434.7,1
7434.8,26
7434.8,33
7434.9,32
7436.0,5
7436.0,10
7436.0,37
7436.3,9
7436.3,13
7436.4,27
7437.2,8
7437.5,2
7437.7,24
7438.1,0
7438.6,28
7438.9,15
7439.1,34
7439.4,29
7439.9,17
7440.1,6
7440.4,7
7440.8,25
7441.0,39
7441.5,30
7442.2,35
7442.3,18
7442.5,36
7443.1,23
7443.1,26
7443.2,4
7445.3,33
7445.8,1
7446.0,0
7446.4,16
7447.2,3
7447.3,9
7447.9,12
7448.3,21
7448.3,24
7448.7,22
7449.2,5
7449.9,34
7451.3,37
7451.6,6
7452.3,13
7452.7,39
7453.5,30
7454.0,17
7454.6,14
7455.5,16
7455.5,26
7456.0,4
7456.2,36
7456.4,15
7457.0,2
7457.2,7
7457.2,23
7457.3,19
7457.6,3
7458.7,20
7460.1,27
7460.3,18
7460.8,11
7461.0,29
7461.1,6
7461.2,24
7461.8,10
7461.8,25
7461.9,22
7462.0,33
7462.2,1
7463.0,35
7464.1,30
7464.3,0
7464.7,9
7464.9,37
7465.1,15
7465.1,38
7466.2,39
7466.3,36
7466.7,26
7466.8,34
7468.4,13
7469.6,12
7469.8,23
7471.2,5
7472.5,33
7473.3,4
7473.3,39
7473.6,16
7474.0,17
7474.4,25
7474.6,24
7475.3,7
7475.5,35
7476.1,36
7476.2,18
7476.4,26
7476.8,8
7477.5,6
7477.8,30
7478.4,0
7478.5,21
7478.7,3
7479.4,27
7479.9,34
7481.4,29
7482.5,9
7483.8,17
7484.1,5
7484.1,33
7484.2,23
7484.3,26
7484.3,2
7485.0,13
7485.2,22
7485.4,1
7485.4,15
7485.9,25
7486.2,16
7487.0,39
7487.5,20
7487.8,6
7488.2,24
7489.0,11
7489.5,38
7489.7,30
7490.9,35
7491.2,4
7491.7,19
7492.4,32
7492.4,36
7493.0,34
7493.3,3
7493.4,18
7493.8,7
7494.5,2
7494.9,0
7495.0,33
7495.1,37
7495.2,39
7495.8,17
7496.1,26
7496.4,23
7496.5,21
7497.3,27
7497.9,28
7498.4,29
7499.2,35
7499.5,15
7499.5,16
7499.5,30
7500.4,5
7500.9,22
7501.0,1
7501.3,12
7501.3,25
7501.8,24
7502.9,6
7503.3,10
7503.3,36
7503.7,13
7504.9,0
7505.0,3
7505.2,33
7506.6,4
7507.8,39
7508.1,18
7508.2,9
7509.0,26
7509.0,27
7509.4,16
7509.9,30
7511.0,22
7511.0,34
7511.9,23
7512.6,17
7513.7,24
7514.0,37
7514.1,32
7514.5,12
7514.5,21
7514.7,6
7514.9,13
7515.0,3
7515.3,39
7515.4,7
7515.5,2
7515.5,33
7516.8,15
7517.0,5
7517.0,30
7517.0,35
7517.8,25
7518.7,0
7519.1,26
7520.5,10
7521.6,9
7521.7,4
7522.0,38
7522.4,1
7522.9,36
7523.0,17
7523.9,13
7524.5,25
7524.7,11
7524.9,33
7525.0,18
7525.2,6
7526.8,20
7526.8,39
7526.9,30
7527.0,34
7527.1,24
7527.2,23
7527.6,16
7527.7,2
7528.2,15
7529.7,32
7529.8,5
7529.9,22
7531.3,0
7531.7,26
7532.9,7
7533.0,6
7533.1,27
7534.1,31
7535.5,35
7536.3,33
7536.8,17
7536.9,10
7537.2,13
7537.3,3
7538.0,21
7538.2,1
7539.0,39
7539.8,0
7540.9,15
7541.2,4
7541.3,30
7541.6,25
7541.8,24
7542.0,6
7542.5,11
7542.9,36
7543.1,37
7543.7,9
7544.2,23
7545.2,5
7545.6,33
7546.0,26
7546.0,35
7546.1,12
7546.6,34
7546.8,29
7548.3,16
7549.1,39
7549.7,13
7550.2,38
7550.6,30
7551.1,2
7551.5,19
7551.6,23
7551.8,15
7551.9,18
7552.6,17
7553.6,25
7553.7,3
7553.7,6
7554.3,7
7555.4,26
7555.6,36
7555.7,21
7555.9,39
7556.3,4
7556.5,33
7557.3,0
7557.8,1
7558.0,24
7559.5,5
7559.6,22
7559.8,34
7560.3,27
7560.8,13
7561.3,14
7562.3,7
7562.4,16
7562.6,30
7563.6,33
7564.2,23
7564.4,15
7564.5,9
7564.5,26
7565.0,25
7565.3,17
7566.0,6
7566.0,35
7566.2,20
7567.7,24
7568.0,38
7569.0,0
7569.3,39
7569.6,12
7570.5,11
7570.9,1
7571.1,8
7571.4,3
7572.0,5
7572.1,22
7572.3,18
7572.6,2
7572.8,16
7573.1,34
7573.3,10
7573.3,30
7573.3,33
7573.3,37
7574.1,4
7574.4,36
7575.4,6
7575.8,21
7576.3,26
7576.4,35
7578.4,17
7579.0,23
7579.4,39
7580.0,27
7580.4,25
7581.3,13
7581.5,15
7582.3,7
7582.6,19
7583.2,24
7583.5,5
7583.5,6
7584.6,0
7584.9,30
7586.2,2
7586.5,26
7588.4,18
7588.8,21
7588.9,33
7589.2,13
7589.6,1
7590.4,3
7590.6,32
7592.3,9
7592.7,39
7593.3,36
7593.5,10
7593.5,20
7593.6,4
7593.7,26
7594.3,22
7594.4,29
7594.4,34
7594.4,6
7595.4,17
7595.4,25
7595.4,27
7595.8,23
7596.1,5
7596.1,35
7596.3,33
7596.4,24
7596.8,15
7597.9,37
7598.4,0
7598.6,30
7598.8,38
7598.9,16
7602.9,7
7603.3,6
7603.3,21
7603.6,13
7603.7,9
7603.9,26
7603.9,36
7604.0,2
7604.0,14
7604.0,19
7604.2,39
7604.3,24
7604.4,3
7605.6,4
7607.9,23
7609.1,0
7609.2,1
7609.9,5
7609.9,10
7610.1,17
7610.3,25
7610.5,26
7610.5,38
7610.6,18
7610.6,22
7610.7,33
7610.9,27
7611.2,30
7611.6,15
7612.6,16
7612.7,34
7613.2,21
7613.2,35
7613.5,6
7614.0,29
7614.2,24
7614.3,13
7615.4,23
7616.9,39
7617.4,9
7617.5,15
7618.5,12
7618.8,7
7618.8,14
7619.1,34
7619.4,33
7619.7,4
7620.0,2
7622.0,11
7622.3,38
7622.4,5
7623.5,32
7623.8,0
7623.9,36
7624.2,13
7624.5,30
7625.5,10
7625.7,20
7626.0,26
7626.3,37
7626.6,24
7626.9,3
7627.0,6
7627.2,23
7627.6,25
7628.0,21
7629.3,39
7630.6,15
7631.4,19
7631.6,4
7631.9,1
7631.9,17
7632.7,33
7633.5,18
7634.2,9
7634.3,36
7634.9,16
7635.1,34
7635.2,5
7635.3,35
7635.5,24
7635.9,6
7635.9,26
7636.1,23
7638.0,30
7638.6,13
7638.7,7
7641.5,2
7641.8,25
7641.9,22
7642.1,39
7642.9,0
7643.1,10
7643.2,16
7643.2,3
7643.2,15
7643.8,11
7644.6,33
7645.4,4
7645.6,29
7646.4,14
7646.5,17
7646.5,24
7646.8,26
7647.2,31
7647.7,36
7648.6,6
7649.7,35
7650.1,12
7650.4,39
7650.5,23
7651.2,5
7651.5,30
7651.8,18
7652.1,9
7652.4,33
7653.5,21
7653.6,0
7654.0,1
7654.2,7
7654.3,25
7654.3,37
7654.6,27
7656.1,13
7657.3,20
7657.6,6
7658.0,17
7658.4,3
7658.6,38
7658.7,26
7658.8,15
7660.5,34
7660.9,24
7661.8,2
7662.0,30
7662.3,23
7663.3,0
7663.5,4
7664.3,35
7664.5,16
7665.4,1
7665.6,33
7665.9,32
7665.9,39
7666.2,26
7666.3,10
7666.5,27
7666.6,36
7667.5,8
7669.1,6
7669.7,13
7670.3,17
7670.6,21
7670.6,24
7671.0,25
7671.5,7
7671.8,18
7671.8,29
7672.4,30
7672.6,15
7672.7,5
7673.0,11
7673.9,19
7674.3,26
7674.4,4
7675.6,0
7675.6,1
7675.8,16
7676.0,9
7677.4,3
7678.4,34
7678.6,33
7679.2,39
7679.9,12
7679.9,38
7680.1,6
7680.2,35
7680.3,2
7680.6,23
7681.3,10
7682.6,28
7683.2,30
7684.0,22
7684.8,27
7684.9,17
7685.2,25
7685.8,5
7685.8,20
7686.4,26
7686.6,37
7686.9,36
7687.6,6
7687.6,24
7688.1,0
7688.4,33
7689.8,16
7690.1,14
7690.4,13
7691.1,15
7691.2,4
7693.1,2
7693.7,9
7693.7,39
7693.8,7
7694.2,17
7694.2,34
7694.4,33
7694.9,23
7694.9,30
7695.2,0
7695.3,19
7696.2,21
7698.2,26
7698.6,22
7699.3,35
7699.4,3
7699.5,18
7699.6,6
7700.7,1
7700.8,5
7701.2,10
7703.0,25
7703.1,12
7703.3,4
7704.4,24
7704.4,38
7705.3,27
7705.4,36
7705.6,39
7705.7,13
7706.4,23
7706.6,9
7706.6,16
7707.1,15
7707.3,11
7707.7,0
7709.5,17
7709.8,33
7710.1,3
7710.5,34
7711.2,7
7711.3,29
7711.5,25
7712.0,10
7712.4,20
7712.4,26
7712.6,6
7713.3,1
7714.0,5
7714.1,32
7714.5,30
7716.0,13
7716.1,36
7716.6,27
7716.9,35
7717.7,15
7717.8,2
7717.8,39
7718.0,23
7718.4,18
7718.6,17
7719.0,0
7719.1,16
7719.4,4
7719.6,24
7719.7,21
7719.8,19
7719.8,26
7720.6,38
7720.7,31
7721.3,33
7721.9,37
7722.3,9
7722.4,1
7723.5,3
7726.0,25
7726.5,0
7727.1,22
7727.5,6
7728.0,30
7728.1,5
7729.0,23
7729.1,36
7729.3,39
7729.9,16
7730.9,26
7731.6,34
7732.1,17
7732.2,11
7734.1,12
7734.2,35
7734.7,2
7734.7,4
7734.7,13
7734.7,33
7735.7,7
7735.9,14
7735.9,24
7736.3,5
7736.3,27
7736.9,15
7737.6,1
7737.6,20
7738.1,0
7738.3,21
7738.8,6
7738.8,32
7738.8,37
7739.1,16
7739.6,25
7740.0,39
7740.1,33
7741.2,30
7741.5,3
7741.6,8
7741.7,10
7742.0,9
7742.0,18
7743.1,23
7743.7,17
7745.1,13
7745.3,19
7745.4,36
7745.5,26
7748.2,22
7748.2,24
7748.3,34
7748.5,0
7748.5,4
7748.9,38
7749.7,25
7751.8,29
7751.9,30
7752.1,39
7752.9,33
7752.9,35
7753.5,6
7753.7,2
7753.7,5
7753.9,16
7754.2,7
7754.4,15
7754.5,3
7755.6,1
7755.9,21
7756.1,34
7757.5,23
7758.1,0
7758.7,26
7759.4,9
7759.9,12
7760.0,32
7760.3,27
7760.9,39
7761.3,24
7761.4,13
7762.0,17
7762.7,25
7762.7,30
7763.7,4
7763.8,5
7764.2,33
7764.2,37
7764.8,18
7764.9,23
7765.8,10
7766.2,8
7766.4,26
7767.4,6
7767.9,16
7768.2,15
7770.0,3
7772.2,0
7772.4,36
7772.8,33
7773.4,38
7773.7,9
7773.9,13
7773.9,35
7775.0,17
7775.0,21
7775.2,5
7775.2,20
7775.6,39
7776.3,2
7776.3,19
7776.3,24
7776.4,14
7776.4,30
7776.4,34
7776.6,22
7776.6,25
7776.7,1
7777.1,26
7777.2,15
7777.3,23
7777.5,7
7779.6,6
7779.6,18
7780.0,29
7780.4,16
7784.9,26
7784.9,34
7785.2,0
7785.2,33
7785.5,36
7785.6,13
7785.8,35
7786.3,6
7787.4,39
7787.7,15
7787.7,24
7788.0,12
7788.3,3
7788.4,30
7788.5,25
7789.6,27
7790.3,4
7791.3,7
7793.5,11
7793.6,5
7793.6,23
7794.1,33
7794.2,17
7794.3,1
7794.3,37
7794.4,22
7794.7,0
7794.7,10
7794.9,9
7795.1,35
7795.5,26
7795.6,39
7795.9,6
7796.3,31
7796.5,2
7797.3,38
7797.6,15
7798.5,34
7799.4,16
7799.9,30
7800.9,19
7801.6,36
7802.1,24
7802.6,20
7802.8,13
7802.9,5
7802.9,10
7802.9,32
7804.3,17
7804.5,26
7804.6,3
7804.7,6
7804.9,21
7805.4,35
7805.8,18
7805.8,33
7806.2,25
7806.8,23
7807.0,4
7807.9,30
7808.1,2
7808.5,0
7811.2,8
7811.5,1
7812.2,15
7812.5,7
7812.7,12
7812.7,16
7812.8,39
7813.4,37
7814.9,11
7815.1,24
7815.3,27
7816.1,26
7816.2,13
7817.0,17
7817.2,22
7817.4,6
7817.4,30
7818.5,35
7818.9,36
7819.0,5
7819.6,2
7820.2,39
7820.5,33
7821.1,0
7821.2,25
7821.3,23
7822.6,34
7822.9,32
7823.0,4
7823.2,3
7823.5,9
7825.3,16
7826.2,26
7826.4,15
7827.2,18
7827.7,39
7828.0,38
7828.3,33
7828.6,5
7828.9,13
7829.0,1
7829.0,24
7829.2,30
7829.6,17
7829.7,6
7829.8,21
7832.0,12
7832.6,0
7832.8,35
7833.3,36
7833.4,19
7833.6,22
7833.7,10
7833.7,20
7833.7,23
7834.6,3
7834.9,4
7835.4,7
7836.3,27
7836.6,2
7837.1,1
7837.5,26
7838.3,33
7838.9,5
7838.9,25
7839.0,13
7839.1,6
7839.1,24
7839.4,16
7839.4,28
7839.4,39
7839.5,17
7840.0,30
7842.3,15
7843.2,37
7844.7,36
7844.8,0
7844.8,9
7845.1,34
7845.4,29
7846.7,26
7846.9,38
7847.0,33
7847.1,12
7847.1,21
7847.4,18
7848.2,6
7849.8,4
7850.3,10
7850.3,24
7850.4,35
7850.9,30
7852.0,17
7852.2,39
7852.3,27
7852.7,37
7853.0,23
7855.1,34
7855.1,32
7856.2,1
7856.4,11
7856.5,16
7856.9,15
7857.1,22
7857.8,26
7858.0,13
7858.0,25
7858.1,0
7858.7,3
7859.1,39
7859.2,33
7859.3,7
7859.5,19
7860.3,5
7860.5,6
7860.8,2
7864.4,23
7864.4,24
7864.8,16
7865.6,4
7865.9,36
7866.0,9
7866.1,30
7866.3,20
7867.7,15
7868.4,7
7868.5,17
7868.5,33
7868.8,26
7869.1,18
7869.7,34
7870.3,39
7871.0,0
7872.1,35
7872.3,13
7872.4,5
7872.4,12
7872.6,3
7872.6,22
7872.8,21
7873.2,6
7873.3,10
7873.3,25
7873.5,23
7874.1,38
7874.5,1
7875.4,30
7876.3,36
7878.7,4
7878.7,37
7879.1,14
7879.1,15
7879.1,29
7879.4,26
7880.3,16
7880.8,33
7881.0,39
7881.8,0
7882.0,6
7882.3,9
7882.4,5
7882.4,11
7882.7,1
7883.8,17
7883.9,31
7884.0,23
7884.2,20
7884.6,2
7885.4,3
7885.7,13
7885.9,19
7886.9,10
7887.1,24
7887.4,26
7888.9,7
7889.2,25
7889.3,22
7889.9,30
7890.0,38
7890.2,33
7890.9,36
7891.0,15
7891.5,2
7891.6,21
7892.1,6
7892.1,39
7892.7,35
7892.8,27
7893.0,18
7893.1,34
7893.9,23
7894.1,32
7894.4,12
7894.5,17
7895.8,4
7895.9,26
7896.0,0
7896.5,30
7896.8,16
7898.4,25
7899.3,33
7900.2,8
7900.7,24
7902.4,39
7902.9,10
7903.3,9
7903.6,3
7904.4,5
7904.4,6
7904.8,13
7905.0,1
7905.0,23
7905.2,37
7905.9,15
7907.8,36
7908.2,0
7908.3,19
7908.5,30
7908.7,33
7909.2,26
7909.2,34
7909.9,38
7910.8,35
7911.2,4
7911.4,2
7911.5,7
7911.6,24
7912.2,18
7912.3,29
7912.4,13
7912.5,20
7912.8,22
7913.6,6
7913.9,25
7914.0,27
7914.6,12
7914.8,23
7915.1,16
7915.3,1
7915.7,14
7916.0,33
7916.4,17
7916.5,30
7916.6,39
7918.5,0
7918.6,26
7918.8,15
7919.2,5
7920.3,36
7920.5,3
7922.1,4
7922.6,37
7923.0,34
7924.7,23
7924.8,13
7924.8,30
7924.8,35
7924.9,9
7925.0,33
7925.0,39
7925.5,18
7925.6,21
7925.9,6
7925.9,38
7926.3,7
7926.5,32
7927.2,24
7927.6,25
7929.4,1
7930.8,20
7931.2,16
7931.3,5
7931.7,0
7932.3,26
7933.3,15
7933.4,17
7935.0,3
7935.7,36
7936.7,2
7936.9,24
7937.6,4
7938.0,6
7938.0,30
7938.1,11
7938.2,26
7938.2,33
7938.4,22
7938.4,27
7938.6,10
7938.7,16
7939.1,13
7939.1,39
7939.2,1
7939.3,18
7939.7,35
7940.0,34
7940.1,5
7944.2,17
7944.3,25
7944.4,21
7944.4,29
7944.6,38
7944.8,37
7944.9,23
7945.2,7
7945.3,0
7945.3,15
7945.5,33
7946.4,36
7947.7,32
7947.9,9
7947.9,30
7948.5,26
7948.9,24
7949.3,6
7950.4,5
7951.6,39
7952.6,3
7952.7,8
7953.2,2
7953.8,34
7954.1,13
7954.4,12
7954.7,20
7955.7,4
7955.9,15
7956.6,6
7956.7,16
7956.8,33
7957.4,0
7957.5,23
7957.6,39
7958.0,26
7958.4,19
7959.2,25
7959.6,35
7960.8,1
7960.9,7
7962.9,22
7963.0,37
7963.1,30
7963.8,24
7964.5,10
7964.6,6
7964.6,38
7964.9,17
7965.0,36
7965.2,21
7965.3,18
7965.9,13
7966.5,5
7966.5,33
7968.7,0
7969.2,14
7969.9,39
7970.0,9
7970.2,35
7970.6,3
7971.2,23
7971.6,29
7971.8,27
7971.9,15
7972.7,26
7973.2,17
7973.6,34
7973.9,30
7975.4,4
7975.5,2
7976.0,32
7976.2,13
7976.4,24
7976.6,25
7977.7,16
7978.2,1
7978.9,7
7979.5,6
7979.9,5
7980.4,26
7981.0,0
7981.2,33
7982.1,30
7983.5,18
7983.7,23
7983.8,36
7984.0,39
7985.4,20
7985.8,19
7986.3,12
7986.6,17
7987.1,35
7987.3,33
7987.4,3
7987.8,22
7988.9,15
7988.9,24
7989.0,38
7989.2,25
7989.6,9
7990.3,1
7990.5,14
7990.8,13
7992.6,39
7992.9,6
7993.6,26
7994.5,30
7995.4,37
7995.5,27
7995.9,4
7996.7,23
7996.8,34
7997.0,0
7997.2,2
7997.5,5
7997.5,33
7997.6,16
7997.7,11
8000.2,32
8000.6,17
8001.2,25
8001.4,36
8001.8,24
8002.3,15
8002.9,13
8003.0,21
8005.3,6
8005.4,33
8006.4,3
8007.1,35
8007.2,4
8007.2,30
8007.3,9
8007.3,26
8007.5,1
8007.5,18
8007.5,29
8007.8,2
8007.8,22
8008.4,39
8008.9,5
8008.9,17
8009.1,0
8009.2,10
8009.4,27
8010.3,13
8010.7,7
8011.2,20
8013.5,23
8014.1,34
8014.6,24
8014.8,12
8015.0,16
8015.5,25
8015.8,31
8015.9,26
8016.0,6
8016.1,32
8017.3,21
8017.4,33
8017.6,39
8019.9,35
8020.3,38
8021.0,22
8022.0,0
8022.1,13
8022.1,4
8022.4,5
8022.5,16
8022.9,36
8022.9,30
8024.1,1
8024.1,18
8024.5,15
8024.7,26
8024.8,7
8024.9,17
8026.6,34
8026.7,2
8027.3,23
8027.4,33
8027.9,11
8029.3,6
8030.1,8
8031.2,32
8031.3,39
8032.8,30
8033.5,3
8033.6,9
8033.6,10
8033.6,13
8034.6,1
8034.6,25
8034.8,24
8035.4,37
8035.6,19
8036.1,14
8036.2,5
8036.3,15
8036.3,21
8036.3,33
8036.8,35
8036.9,4
8037.0,26
8037.5,0
8037.6,34
8039.4,16
8039.9,36
8040.0,39
8040.3,18
8043.5,38
8043.8,12
8043.8,23
8043.9,29
8044.1,6
8044.6,30
8044.6,35
8044.9,17
8044.9,22
8045.0,27
8045.3,33
8045.6,9
8046.4,24
8046.7,7
8047.6,3
8048.0,26
8048.2,15
8048.3,2
8048.6,4
8048.9,5
8049.1,13
8049.6,0
8050.2,25
8050.7,1
8051.9,16
8051.9,39
8052.7,20
8053.0,34
8053.9,36
8056.7,6
8057.1,30
8057.8,7
8057.8,10
8058.4,26
8058.5,23
8058.5,33
8058.9,32
8059.6,21
8059.9,0
8060.4,18
8060.5,15
8060.5,17
8060.9,24
8062.1,27
8062.2,13
8063.8,31
8063.9,5
8064.0,19
8064.9,2
8064.9,1
8065.2,4
8065.2,22
8065.5,37
8065.7,26
8065.7,38
8066.0,16
8066.2,3
8066.4,9
8066.4,39
8066.8,30
8068.3,6
8068.3,33
8069.8,25
8070.3,35
8070.5,36
8071.2,34
8071.9,15
8072.4,17
8073.1,13
8073.4,23
8073.4,39
8073.5,0
8073.7,5
8073.8,9
8074.4,14
8075.1,20
8076.6,24
8076.9,11
8077.9,16
8077.9,27
8078.1,29
8078.2,26
8078.5,12
8078.6,33
8078.6,32
8078.8,25
8079.6,6
8079.8,38
8079.9,4
8080.3,30
8080.9,7
8084.3,1
8084.4,3
8084.6,18
8084.8,0
8085.6,22
8085.6,36
8085.8,15
8086.1,2
8086.2,39
8086.6,17
8088.1,13
8088.4,23
8089.2,10
8089.3,6
8090.2,34
8090.8,30
8091.0,33
8091.4,24
8091.6,26
8091.6,35
8091.7,32
8091.8,5
8091.8,8
8092.0,9
8092.2,16
8093.8,37
8094.4,7
8094.8,25
8095.7,15
8096.1,19
8096.4,39
8097.4,21
8098.0,24
8098.3,6
8099.0,0
8100.0,2
8100.0,30
8100.8,3
8101.0,16
8101.0,17
8101.4,13
8101.6,29
8101.9,1
8102.5,14
8102.8,36
8103.4,38
8103.5,33
8103.9,23
8104.2,18
8104.2,26
8104.2,31
8104.3,39
8104.4,4
8106.5,6
8106.5,10
8106.5,25
8106.7,12
8108.1,27
8108.3,5
8108.6,20
8109.8,15
8110.8,16
8110.9,22
8111.4,9
8111.4,24
8111.8,35
8111.9,34
8113.6,26
8114.4,0
8114.9,11
8115.6,30
8115.8,33
8116.1,18
8116.2,7
8116.4,13
8116.6,39
8117.0,21
8117.5,1
8118.1,17
8118.2,6
8118.2,32
8118.4,36
8118.7,5
8118.7,23
8118.8,14
8119.1,2
8119.5,35
8120.0,3
8120.1,15
8120.9,25
8121.0,37
8123.3,10
8123.3,24
8123.3,27
8125.4,20
8126.3,26
8126.7,0
8126.8,29
8127.0,16
8127.6,39
8127.8,13
8128.3,6
8128.5,4
8128.6,18
8128.9,30
8129.1,38
8129.3,19
8129.4,33
8129.5,5
8130.4,23
8131.2,15
8131.4,36
8131.6,17
8132.3,34
8135.6,35
8136.3,1
8136.9,12
8137.0,25
8137.1,9
8137.1,22
8137.7,2
8137.7,26
8137.8,13
8138.0,8
8139.2,3
8139.3,30
8139.6,33
8139.7,21
8139.7,39
8140.1,24
8140.6,0
8140.6,7
8140.8,23
8141.0,10
8141.8,15
8142.0,5
8142.3,11
8142.9,6
8145.9,9
8146.9,27
8147.1,16
8147.8,36
8148.1,26
8148.3,39
8148.4,17
8148.6,4
8149.0,0
8149.1,13
8149.3,33
8149.4,18
8149.4,29
8149.5,38
8151.2,12
8151.6,34
8151.6,35
8151.9,7
8152.8,24
8153.8,25
8154.2,30
8154.5,5
8154.6,20
8155.4,15
8155.5,22
8155.5,39
8156.1,37
8156.9,1
8157.3,6
8157.4,32
8158.1,23
8158.4,10
8158.6,26
8159.9,13
8160.1,2
8160.4,4
8160.5,35
8160.6,36
8161.5,0
8161.5,19
8163.7,17
8164.4,34
8164.6,9
8164.6,39
8164.9,16
8165.1,3
8165.5,33
8165.8,30
8165.9,25
8166.2,24
8167.0,38
8168.5,7
8169.3,29
8170.2,23
8170.9,4
8171.3,27
8171.5,0
8172.0,13
8172.3,15
8172.5,5
8172.7,21
8172.7,35
8173.6,6
8173.8,9
8174.0,33
8174.2,26
8174.2,30
8174.3,36
8174.6,1
8174.7,39
8174.9,11
8175.8,3
8176.5,19
8178.7,18
8179.8,12
8180.1,34
8180.6,25
8180.7,10
8181.1,2
8182.0,13
8182.4,23
8182.5,38
8183.0,16
8183.0,37
8184.1,33
8184.3,17
8184.3,27
8184.5,39
8184.8,4
8185.4,30
8186.0,26
8186.2,22
8187.2,0
8187.6,15
8187.8,6
8188.8,24
8189.4,3
8189.4,36
8189.5,9
8190.4,7
8192.9,5
8193.2,21
8193.5,1
8193.6,33
8193.7,26
8194.7,20
8194.9,0
8195.0,6
8195.0,16
8195.3,18
8195.4,24
8196.2,30
8197.8,39
8199.7,13
8199.7,23
8199.9,25
8200.3,10
8201.3,12
8202.2,34
8202.5,35
8202.6,4
8202.7,19
8202.9,17
8203.1,22
8203.5,32
8204.6,5
8205.1,33
8205.3,3
8205.5,37
8205.7,15
8205.9,24
8206.0,39
8206.1,0
8206.3,27
8206.8,2
8207.1,9
8207.2,16
8207.4,26
8207.9,6
8208.0,1
8208.6,30
8209.9,38
8210.0,36
8210.1,18
8210.3,23
8213.3,7
8213.7,35
8214.1,26
8214.5,13
8214.5,17
8215.1,3
8216.1,4
8216.2,24
8216.2,31
8216.3,21
8216.4,33
8217.3,25
8217.6,39
8217.8,22
8218.2,30
8218.4,5
8218.7,10
8219.0,9
8219.1,6
8219.1,15
8219.3,0
8220.1,34
8220.6,2
8220.6,11
8221.4,29
8221.7,38
8222.3,26
8222.4,16
8222.4,33
8222.6,36
8222.8,20
8223.1,23
8224.1,27
8227.1,1
8227.3,37
8227.7,18
8228.0,14
8228.2,13
8229.0,25
8229.1,30
8229.2,12
8229.4,19
8230.1,39
8230.3,6
8231.0,17
8231.0,7
8231.0,26
8231.2,4
8231.3,32
8234.2,3
8234.4,33
8234.7,35
8235.6,5
8235.9,13
8236.3,0
8236.5,34
8237.1,21
8237.3,16
8237.3,23
8237.3,36
8237.8,15
8238.2,39
8240.4,25
8240.5,1
8242.1,24
8242.2,9
8242.3,26
8242.7,18
8243.2,30
8243.4,7
8243.5,6
8244.3,20
8244.5,4
8244.7,0
8245.5,12
8245.8,22
8246.8,33
8246.8,13
8246.8,38
8248.5,39
8248.7,2
8248.7,17
8249.1,19
8249.4,23
8250.0,11
8250.5,5
8251.5,16
8251.5,3
8251.9,6
8252.0,26
8252.5,10
8252.8,27
8253.0,37
8253.8,36
8254.1,35
8254.4,24
8255.3,15
8255.4,34
8255.9,25
8256.2,30
8257.8,4
8258.2,0
8259.0,8
8259.2,33
8260.1,1
8260.1,7
8260.2,39
8260.3,29
8260.7,21
8261.4,23
8261.6,13
8263.2,6
8263.9,17
8265.5,9
8265.7,38
8266.3,15
8267.1,2
8267.2,34
8267.5,0
8267.6,24
8267.8,5
8267.9,26
8268.4,3
8268.6,30
8268.7,36
8269.1,33
8269.3,16
8269.5,18
8269.6,7
8270.1,22
8271.8,20
8272.0,32
8272.8,35
8272.9,37
8274.6,6
8274.6,27
8276.1,39
8276.3,26
8276.7,25
8277.0,13
8277.4,23
8277.5,4
8278.5,29
8278.6,12
8278.7,1
8278.9,9
8279.6,30
8280.1,33
8280.6,10
8280.9,24
8281.2,34
8281.3,17
8282.2,15
8282.6,19
8282.8,31
8283.5,5
8283.8,16
8283.9,0
8284.9,36
8285.2,26
8285.6,13
8286.2,38
8286.6,3
8286.8,39
8288.0,27
8288.4,25
8288.5,6
8289.2,2
8289.2,23
8289.3,21
8289.9,14
8290.0,30
8290.4,15
8290.4,18
8290.5,1
8291.0,24
8291.3,32
8291.7,33
8291.7,35
8292.0,7
8293.1,0
8293.2,26
8294.7,22
8295.2,39
8296.9,37
8297.0,4
8297.8,9
8297.9,36
8298.5,10
8298.8,17
8299.1,6
8299.4,5
8299.7,25
8299.8,33
8301.7,13
8301.9,34
8302.0,16
8303.1,30
8304.0,20
8304.1,23
8304.1,24
8304.1,26
8304.1,38
8304.5,3
8304.6,0
8304.9,21
8305.2,1
8305.5,15
8307.1,11
8307.7,6
8308.0,39
8308.0,7
8308.4,5
8308.5,12
8308.5,25
8309.1,17
8309.7,9
8309.9,27
8310.4,22
8311.0,2
8311.2,35
8311.8,33
8311.8,34
8311.9,8
8312.5,16
8312.6,26
8314.5,29
8314.9,30
8315.4,15
8315.8,18
8317.0,24
8317.2,0
8317.2,13
8317.2,37
8317.5,39
8317.6,23
8317.7,10
8318.4,4
8318.7,38
8320.5,33
8321.3,6
8321.7,31
8322.3,3
8322.3,7
8323.4,19
8324.6,25
8324.7,36
8324.7,1
8324.7,5
8324.7,30
8324.9,14
8324.9,27
8325.0,10
8325.4,35
8325.6,26
8326.1,15
8326.2,16
8326.3,32
8327.4,9
8327.5,0
8329.1,24
8329.2,29
8329.9,33
8330.5,21
8330.6,12
8331.0,23
8331.1,39
8331.8,18
8331.8,22
8332.0,30
8332.2,13
8332.2,17
8332.3,34
8332.6,20
8332.6,38
8333.7,4
8334.2,26
8334.4,2
8336.5,25
8336.9,9
8337.0,33
8337.1,6
8337.7,3
8339.7,16
8339.8,11
8340.6,36
8340.8,35
8341.0,24
8341.7,1
8342.0,22
8342.7,37
8342.9,26
8343.1,23
8343.4,0
8343.4,39
8343.5,15
8344.1,17
8344.2,30
8346.1,27
8346.3,33
8347.3,7
8347.3,13
8347.9,21
8348.3,5
8348.5,25
8348.6,34
8348.7,2
8348.9,4
8349.1,6
8350.8,36
8350.9,24
8351.4,26
8352.1,23
8352.1,29
8352.6,18
8352.9,16
8353.0,17
8354.5,3
8354.9,33
8355.3,9
8355.4,19
8355.8,30
8356.0,39
8357.3,0
8358.1,15
8358.1,13
8358.5,38
8359.3,35
8359.7,5
8359.8,34
8360.1,26
8360.8,10
8361.0,1
8361.9,25
8362.7,33
8362.8,22
8363.2,6
8363.4,24
8364.2,16
8364.4,39
8365.0,11
8365.2,21
8365.2,4
8365.4,36
8367.0,30
8367.8,37
8368.1,0
8368.2,17
8368.5,23
8369.2,3
8369.5,20
8370.3,33
8370.5,26
8370.7,35
8371.0,5
8372.0,7
8373.5,13
8373.5,18
8374.0,19
8374.2,27
8374.3,6
8374.4,34
8374.5,1
8375.0,25
8375.3,2
8375.3,31
8375.5,30
8375.6,39
8375.7,26
8375.7,32
8376.0,9
8376.2,0
8376.2,24
8377.1,15
8378.8,33
8379.8,16
8381.9,6
8382.1,38
8382.5,13
8382.5,17
8382.9,12
8383.0,23
8383.1,37
8383.4,4
8384.0,3
8384.6,26
8384.9,30
8385.3,35
8385.7,29
8386.0,36
8386.4,25
8386.8,5
8387.2,0
8387.4,34
8388.1,33
8388.3,15
8388.4,10
8389.1,22
8389.1,24
8389.4,39
8389.5,9
8390.6,18
8390.7,16
8391.0,14
8391.8,6
8391.9,4
8393.1,13
8393.4,23
8393.7,17
8394.4,7
8394.7,2
8394.7,27
8395.3,34
8395.9,26
8396.2,19
8396.6,30
8397.1,1
8397.3,33
8399.0,0
8399.5,32
8399.7,39
8401.2,21
8401.2,24
8401.3,5
8401.5,22
8401.5,35
8401.6,36
8401.9,20
8402.0,13
8402.5,6
8403.9,11
8404.2,26
8404.4,9
8404.4,37
8405.2,16
8405.8,25
8406.3,15
8406.5,17
8406.7,30
8406.9,33
8407.2,38
8407.5,7
8408.1,3
8409.0,29
8409.1,23
8409.8,18
8411.4,0
8411.6,34
8412.2,39
8412.3,27
8413.5,1
8413.5,2
8413.7,10
8414.6,36
8414.9,4
8416.0,14
8416.1,33
8416.4,15
8416.8,5
8416.8,21
8417.6,24
8417.8,8
8417.8,25
8418.3,6
8418.5,26
8419.2,22
8419.3,19
8419.6,16
8420.3,9
8420.3,12
8420.9,3
8421.7,0
8421.9,30
8422.3,7
8422.5,17
8422.9,18
8423.3,35
8423.8,13
8425.3,39
8425.5,23
8427.1,1
8427.4,36
8428.8,26
8429.6,33
8430.0,15
8430.3,34
8430.5,16
8430.7,20
8431.1,5
8431.3,0
8432.2,6
8432.5,2
8432.5,24
8432.6,7
8432.9,17
8433.0,4
8433.2,21
8433.4,27
8433.4,30
8434.3,13
8434.5,38
8436.5,3
8438.4,25
8438.5,39
8440.1,35
8440.3,14
8440.3,23
8440.7,33
8441.1,31
8441.2,26
8442.9,15
8442.9,37
8443.1,10
8443.2,17
8443.2,22
8443.4,29
8444.4,11
8444.4,12
8444.7,39
8444.8,6
8445.8,18
8445.9,30
8446.2,38
8446.9,36
8447.0,16
8447.2,1
8447.6,25
8447.8,21
8447.9,0
8447.9,13
8448.4,24
8448.8,19
8449.9,5
8450.4,4
8452.0,9
8452.1,26
8452.1,34
8453.6,6
8453.9,27
8454.1,7
8454.6,33
8454.7,2
8455.3,23
8455.4,20
8456.6,30
8456.6,3
8457.2,17
8457.8,16
8458.3,0
8458.5,15
8458.5,35
8458.6,29
8459.6,39
8460.6,13
8462.3,4
8462.6,8
8462.8,5
8463.7,25
8464.1,33
8464.1,36
8464.2,22
8464.4,10
8464.5,32
8464.7,6
8464.9,38
8465.1,0
8465.2,26
8465.4,23
8466.6,1
8466.6,24
8467.1,9
8467.5,37
8467.8,39
8468.3,34
8468.8,18
8469.4,15
8469.7,30
8470.1,16
8470.3,35
8470.3,17
8471.4,26
8472.2,23
8472.4,7
8472.4,3
8473.5,2
8474.9,6
8474.9,12
8475.0,33
8476.4,28
8476.8,5
8477.3,0
8478.3,13
8478.8,25
8478.8,39
8479.5,24
8479.7,21
8480.5,4
8480.6,34
8481.8,16
8482.3,36
8482.5,15
8483.4,26
8484.8,23
8485.1,1
8485.4,3
8485.6,10
8485.7,9
8485.7,30
8486.3,18
8486.4,6
8486.4,22
8486.4,32
8486.4,33
8486.7,17
8486.9,37
8488.8,24
8488.9,14
8489.6,27
8490.8,0
8492.0,13
8492.8,35
8492.9,29
8493.0,18
8493.2,34
8493.5,39
8493.6,2
8493.8,19
8494.1,8
8494.7,20
8494.9,38
8495.0,4
8495.0,6
8495.1,5
8495.1,9
8495.1,33
8496.0,25
8496.2,15
8496.4,26
8497.7,16
8498.7,30
8499.8,23
8499.8,36
8500.7,3
8500.7,21
8501.4,7
8502.6,0
8502.8,17
8503.3,35
8504.3,6
8504.3,24
8504.4,22
8504.7,2
8505.6,26
8505.7,4
8506.2,37
8506.6,9
8507.1,39
8507.4,1
8507.4,13
8507.4,34
8507.8,33
8508.3,15
8508.4,38
8509.1,25
8511.0,16
8511.2,5
8511.6,10
8511.7,27
8512.0,14
8512.1,12
8513.8,30
8514.1,1
8514.4,20
8515.0,11
8515.9,6
8515.9,24
8515.9,33
8516.1,18
8516.1,26
8519.7,0
8519.9,3
8520.3,35
8520.5,17
8520.5,19
8520.6,39
8521.2,23
8521.4,4
8522.3,22
8523.4,15
8523.4,32
8523.7,5
8523.7,25
8524.3,37
8524.6,33
8524.6,36
8524.9,2
8525.4,34
8525.5,7
8525.6,16
8525.7,30
8526.3,9
8526.3,26
8526.7,11
8527.7,13
8528.8,24
8529.3,4
8529.8,0
8530.2,6
8530.5,21
8530.5,27
8531.5,29
8531.6,39
8532.5,16
8533.0,23
8534.7,33
8534.8,1
8534.8,25
8534.9,17
8535.1,26
8535.1,38
8535.2,18
8536.1,10
8536.1,11
8538.0,9
8538.3,15
8539.1,35
8539.2,3
8539.4,31
8539.6,30
8539.8,2
8539.8,13
8539.9,6
8539.9,12
8540.1,22
8540.4,0
8540.5,36
8540.7,34
8541.0,24
8541.4,39
8543.2,7
8543.8,23
8545.4,17
8546.1,5
8546.7,15
8546.9,21
8547.3,6
8547.5,33
8547.9,26
8548.4,29
8548.6,1
8548.6,14
8548.6,37
8548.7,16
8548.8,18
8548.8,19
8548.9,30
8549.9,0
8550.5,4
8550.6,20
8551.9,25
8552.3,9
8552.7,24
8554.9,34
8555.4,3
8555.4,7
8555.6,23
8556.9,38
8557.0,13
8558.5,33
8559.3,12
8559.7,30
8559.7,39
8559.9,10
8560.2,6
8560.8,36
8561.8,27
8562.0,35
8562.2,26
8562.5,5
8562.9,15
8563.0,16
8563.2,0
8563.2,11
8563.4,29
8564.0,37
8564.3,17
8564.6,1
8564.6,22
8564.7,18
8564.9,2
8567.4,24
8568.7,13
8569.7,8
8569.9,7
8569.9,25
8570.0,4
8570.0,34
8570.0,23
8570.2,33
8570.4,39
8570.5,21
8570.8,32
8571.1,30
8571.6,36
8572.0,6
8573.4,9
8573.7,26
8574.9,15
8575.0,16
8575.4,5
8576.4,31
8576.5,2
8576.7,0
8577.2,14
8577.5,1
8578.4,22
8578.9,35
8579.8,20
8580.3,33
8581.8,17
8582.4,10
8583.0,24
8583.1,13
8583.1,25
8583.3,23
8583.3,26
8583.4,4
8583.6,30
8583.7,6
8584.0,3
8584.3,34
8584.9,36
8585.4,39
8586.6,12
8589.0,23
8589.1,27
8589.3,1
8589.5,0
8590.4,18
8590.4,32
8590.4,38
8590.6,37
8591.0,33
8592.2,29
8592.3,22
8592.7,15
8592.8,30
8593.4,26
8593.6,24
8594.0,16
8594.0,25
8594.1,21
8594.4,9
8594.7,7
8595.0,5
8595.2,13
8595.5,11
8595.8,35
8597.4,10
8597.7,39
8598.9,0
8599.4,6
8600.5,4
8600.9,33
8601.7,34
8602.5,17
8602.6,2
8603.7,22
8603.7,36
8604.5,21
8604.5,23
8604.9,26
8605.0,3
8605.1,1
8605.1,15
8605.4,25
8605.8,16
8605.8,24
8606.8,5
8607.2,30
8608.1,19
8609.3,39
8610.7,6
8611.1,14
8611.9,9
8612.3,17
8612.8,0
8612.8,33
8613.0,18
8613.5,38
8614.0,25
8614.0,27
8614.1,26
8614.7,10
8615.3,36
8615.8,21
8616.7,35
8616.7,1
8617.3,13
8617.5,16
8618.2,4
8619.6,30
8619.9,23
8620.1,34
8620.2,2
8620.5,24
8620.8,0
8620.9,6
8621.1,7
8621.8,15
8623.3,12
8623.5,3
8623.5,22
8623.8,29
8623.9,13
8624.3,5
8624.8,39
8625.2,33
8625.2,37
8625.4,26
8625.5,25
8625.7,20
8625.8,28
8626.2,11
8627.8,30
8628.5,1
8628.7,19
8628.7,34
8630.4,7
8630.8,6
8631.5,24
8631.7,17
8631.9,21
8632.4,9
8633.8,16
8633.9,27
8633.9,39
8634.0,23
8634.2,0
8634.4,15
8634.6,10
8634.7,36
8634.8,38
8635.2,4
8635.4,18
8635.4,35
8635.9,3
8639.4,33
8639.7,26
8639.9,8
8640.8,25
8641.1,5
8641.3,39
8641.7,30
8642.2,13
8642.5,2
8643.8,7
8644.1,32
8644.5,34
8645.2,24
8646.1,35
8646.2,4
8647.1,6
8647.5,15
8647.6,0
8647.9,16
8648.5,22
8651.4,23
8651.6,33
8651.7,39
8651.8,27
8652.0,26
8652.3,9
8653.1,13
8653.2,1
8653.2,11
8653.5,5
8653.7,19
8653.9,30
8654.2,25
8654.6,17
8654.7,18
8655.1,21
8655.3,20
8658.2,12
8658.2,35
8658.8,16
8659.3,6
8659.6,24
8659.8,34
8659.9,4
8660.1,15
8660.7,36
8661.0,3
8661.1,39
8661.6,14
8662.7,23
8663.0,26
8663.4,0
8663.4,38
8663.8,13
8663.9,22
8664.5,33
8664.8,30
8665.2,5
8665.2,25
8666.8,32
8667.0,7
8667.4,2
8667.6,37
8667.8,27
8668.0,10
8668.9,9
8669.1,1
8672.0,29
8672.5,17
8672.7,34
8672.9,26
8673.1,15
8673.8,0
8673.9,6
8674.4,8
8675.2,3
8675.6,39
8676.1,18
8676.3,20
8676.8,24
8676.8,33
8677.1,30
8677.7,13
8678.2,4
8678.5,36
8678.7,16
8680.2,12
8680.2,25
8680.4,5
8680.4,35
8680.6,21
8680.6,26
8681.0,1
8682.6,19
8682.9,10
8683.9,15
8684.0,33
8685.2,9
8685.2,23
8685.7,27
8686.8,3
8686.8,6
8686.8,37
8686.8,38
8686.9,17
8687.5,7
8689.0,39
8689.4,29
8689.5,35
8690.7,4
8690.8,18
8690.8,34
8691.1,0
8691.2,13
8691.3,23
8691.4,1
8692.0,26
8692.4,30
8692.6,24
8692.7,22
8693.8,36
8694.4,33
8695.0,15
8695.2,20
8696.1,2
8696.6,11
8697.1,5
8697.7,14
8697.8,25
8698.6,9
8699.3,31
8699.5,32
8700.0,39
8700.1,16
8700.2,38
8701.5,6
8702.3,1
8702.4,30
8703.9,10
8704.0,3
8704.0,34
8704.0,35
8704.2,33
8704.7,15
8704.8,13
8704.9,17
8705.9,26
8706.0,0
8708.1,4
8708.6,27
8708.9,7
8709.1,25
8709.3,12
8710.7,5
8710.7,23
8711.0,9
8711.2,37
8711.4,18
8711.4,24
8712.4,36
8713.8,33
8714.0,3
8714.3,21
8714.5,26
8714.6,1
8714.7,6
8714.9,20
8715.0,19
8715.0,35
8716.2,39
8716.3,16
8716.8,0
8717.3,32
8717.3,29
8717.5,15
8717.8,17
8717.9,22
8718.5,13
8718.7,38
8718.8,30
8719.2,34
8719.8,2
8720.5,24
8722.0,33
8722.2,26
8722.6,8
8723.2,23
8723.3,10
8724.4,6
8724.8,5
8724.9,1
8726.8,18
8727.5,0
8728.8,15
8729.2,9
8729.2,30
8729.5,4
8729.7,3
8730.0,36
8730.8,39
8730.9,26
8731.0,2
8732.7,11
8733.1,35
8733.3,27
8733.4,25
8733.6,13
8733.8,33
8734.0,22
8734.8,17
8734.8,20
8735.1,7
8735.1,34
8735.3,12
8735.4,38
8735.9,9
8736.1,16
8736.3,6
8736.4,39
8736.7,23
8737.3,37
8737.8,21
8738.0,5
8739.2,24
8739.8,26
8739.9,1
8741.4,30
8742.1,33
8742.7,15
8742.8,10
8743.2,0
8743.4,34
8743.6,36
8744.0,3
8745.1,13
8746.2,18
8747.1,23
8747.1,25
8747.9,35
8748.7,39
8749.1,4
8749.2,6
8749.2,17
8749.4,26
8749.8,9
8749.9,27
8750.0,24
8750.1,16
8750.6,5
8751.0,30
8751.5,33
8752.3,13
8753.3,7
8753.3,15
8753.5,2
8755.9,11
8756.4,19
8756.5,34
8757.1,3
8757.1,25
8757.3,22
8757.5,38
8757.9,36
8758.2,0
8758.2,20
8758.9,1
8759.1,6
8759.1,23
8759.2,32
8759.4,33
8760.5,21
8761.9,9
8761.9,26
8761.9,35
8762.4,30
8762.7,16
8762.8,12
8763.0,14
8763.1,4
8763.7,5
8763.7,37
8764.1,24
8764.3,13
8764.7,17
8766.5,39
8767.0,29
8767.1,23
8767.1,33
8767.4,0
8768.0,6
8768.7,15
8770.8,3
8770.8,18
8770.9,26
8770.9,30
8771.5,36
8772.3,5
8772.4,8
8772.4,27
8773.9,9
8776.1,24
8776.2,0
8776.4,10
8776.7,25
8777.0,6
8777.3,38
8777.5,35
8777.6,39
8778.2,33
8778.3,2
8778.6,17
8779.7,36
8780.3,34
8780.3,37
8780.4,16
8780.5,1
8780.8,7
8780.8,21
8781.3,13
8781.3,30
8782.1,31
8782.2,26
8782.6,11
8782.6,22
8783.1,15
8783.2,5
8783.9,4
8784.6,27
8784.8,23
8785.7,0
8785.9,24
8786.0,18
8786.9,3
8787.1,16
8788.4,33
8788.7,25
8789.0,35
8789.8,1
8789.9,6
8790.3,12
8790.3,17
8790.4,26
8790.9,19
8791.0,32
8791.1,13
8791.6,30
8791.6,39
8791.9,5
8792.6,20
8793.3,9
8793.3,34
8795.6,2
8795.8,29
8797.8,3
8797.9,30
8798.3,6
8798.7,21
8799.0,36
8799.2,15
8799.2,38
8799.6,24
8800.3,33
8800.5,7
8800.9,39
8801.4,0
8801.5,16
8801.5,25
8801.8,26
8802.5,14
8802.6,27
8803.3,10
8803.6,22
8804.2,5
8804.5,37
8805.6,4
8805.6,17
8806.0,13
8806.0,23
8806.3,35
8806.6,18
8807.9,26
8809.0,33
8809.8,9
8810.1,19
8810.2,15
8810.2,24
8810.2,39
8810.6,6
8810.7,25
8810.9,1
8811.0,0
8812.0,32
8812.3,16
8813.8,29
8813.9,30
8814.7,34
8815.0,27
8816.0,35
8816.3,2
8816.4,13
8816.6,36
8817.3,38
8817.7,3
8817.7,10
8817.8,26
8819.6,12
8819.9,24
8820.3,7
8820.3,30
8820.8,5
8820.9,23
8821.1,21
8821.7,33
8821.9,0
8823.0,4
8823.0,37
8823.3,17
8823.3,25
8823.4,39
8823.6,6
8825.1,16
8826.5,20
8827.0,27
8828.4,1
8828.6,13
8828.6,3
8829.2,33
8829.5,14
8829.7,36
8830.4,26
8831.1,8
8831.2,11
8832.4,15
8833.5,35
8833.7,29
8833.9,24
8834.2,0
8834.2,9
8834.2,23
8834.8,4
8835.0,7
8835.2,25
8835.3,6
8835.4,31
8835.6,18
8835.6,22
8835.9,30
8836.1,34
8836.5,5
8836.6,39
8836.9,10
8837.5,38
8837.7,2
8839.8,17
8840.1,3
8840.4,33
8840.8,13
8841.4,26
8841.7,1
8841.9,0
8842.1,36
8842.5,16
8842.7,6
8843.8,30
8845.2,4
8845.5,24
8846.5,37
8846.6,12
8848.8,26
8849.0,21
8849.0,27
8849.1,35
8849.6,39
8849.7,19
8849.9,13
8850.0,25
8850.0,34
8850.2,5
8850.8,11
8851.1,15
8851.4,38
8851.6,9
8852.1,36
8852.4,33
8852.7,0
8852.8,23
8853.4,30
8854.7,2
8855.1,6
8855.7,3
8855.7,17
8855.9,7
8856.0,12
8856.6,20
8856.8,1
8857.4,18
8857.9,24
8858.1,39
8858.1,29
8858.4,22
8859.6,10
8859.6,37
8860.3,26
8860.5,33
8860.7,5
8861.1,32
8861.4,4
8862.8,16
8863.0,31
8863.3,34
8863.6,25
8863.7,0
8866.7,30
8867.0,13
8867.1,6
8867.2,38
8867.2,39
8867.4,15
8867.4,21
8867.9,9
8868.7,27
8868.8,33
8869.4,35
8869.7,8
8869.7,24
8869.7,23
8870.9,17
8871.7,11
8871.8,12
8872.2,14
8872.3,9
8872.3,26
8872.4,0
8872.5,1
8872.6,36
8873.3,5
8873.5,4
8873.7,7
8874.8,18
8874.8,25
8876.3,2
8876.7,30
8877.1,39
8877.4,15
8877.4,34
8878.1,3
8878.5,16
8879.4,6
8879.5,33
8880.2,35
8880.3,13
8880.4,22
8882.4,26
8882.7,10
8883.8,30
8883.9,0
8884.2,29
8884.7,36
8885.1,15
8885.8,37
8886.3,19
8886.4,18
8886.7,25
8886.9,14
8887.1,23
8888.2,6
8888.5,39
8889.6,33
8891.0,5
8891.0,16
8891.0,24
8891.0,26
8892.4,20
8892.6,28
8892.8,1
8892.8,17
8893.0,9
8893.0,38
8893.1,30
8893.4,32
8893.7,13
8894.0,4
8894.3,7
8894.4,3
8894.7,34
8894.8,0
8895.2,23
8895.6,21
8895.9,6
8896.0,35
8896.9,27
8899.3,36
8899.4,15
8900.1,33
8900.6,16
8900.6,22
8901.1,39
8901.6,24
8902.1,26
8902.5,12
8902.7,18
8903.0,25
8904.6,13
8905.0,9
8905.2,2
8905.8,1
8906.3,30
8906.6,17
8906.7,4
8906.9,10
8907.2,5
8907.2,6
8907.2,19
8907.8,23
8908.8,15
8909.2,0
8909.6,29
8910.2,33
8910.4,3
8910.7,11
8911.9,39
8912.0,35
8912.1,21
8912.2,22
8912.2,26
8913.2,34
8913.9,5
8914.5,38
8915.4,37
8915.9,13
8916.4,24
8916.7,17
8917.9,27
8918.3,30
8918.4,4
8919.0,6
8919.3,36
8919.7,0
8919.9,16
8920.3,31
8920.6,25
8920.8,33
8922.2,26
8924.0,1
8924.4,10
8924.9,9
8925.0,12
8925.3,23
8925.3,32
8925.5,39
8926.2,7
8926.7,11
8926.8,24
8926.9,34
8927.6,2
8927.7,15
8928.2,18
8928.5,33
8928.6,3
8930.2,21
8930.4,5
8931.5,14
8932.5,38
8932.8,0
8933.0,17
8933.3,6
8933.3,30
8933.6,35
8933.7,16
8934.1,26
8934.1,29
8934.3,22
8934.6,23
8934.6,39
8937.3,34
8937.4,4
8937.4,7
8937.7,13
8937.7,25
8937.8,37
8938.7,33
8939.2,36
8940.7,15
8942.7,0
8942.7,26
8942.9,1
8943.3,6
8943.3,30
8943.5,20
8943.5,24
8943.7,9
8944.2,5
8944.6,27
8944.7,12
8944.7,18
8944.8,16
8944.9,3
8945.0,32
8945.4,34
8945.6,2
8946.3,33
8946.6,23
8946.6,39
8948.7,35
8949.4,17
8950.2,13
8950.2,21
8950.2,22
8951.4,25
8951.5,11
8952.5,4
8952.9,19
8953.1,24
8953.8,15
8954.3,7
8955.7,39
8955.7,0
8956.1,6
8956.4,30
8956.5,3
8956.5,36
8957.0,26
8958.1,34
8959.0,23
8959.2,33
8961.8,17
8961.9,5
8962.1,12
8962.2,16
8962.7,10
8962.7,22
8962.9,35
8963.3,1
8963.3,9
8963.3,32
8963.4,38
8963.4,21
8963.7,25
8964.3,27
8964.4,3
8964.7,6
8965.1,0
8965.1,13
8965.2,4
8965.9,8
8966.7,24
8967.9,39
8968.7,29
8968.7,33
8969.1,26
8969.1,37
8969.2,34
8969.8,2
8970.1,30
8970.3,25
8971.3,31
8971.7,18
8971.7,23
8971.8,10
8974.7,15
8974.9,7
8975.8,17
8976.3,1
8976.5,5
8976.7,14
8977.1,9
8977.3,6
8977.3,16
8977.7,11
8978.0,3
8978.2,0
8978.2,30
8978.2,36
8978.3,35
8978.6,21
8978.6,39
8978.7,20
8979.0,4
8979.2,26
8980.6,33
8980.7,13
8980.7,23
8982.7,15
8982.7,38
8983.6,24
8984.2,12
8985.0,6
8985.8,25
8986.1,17
8986.2,26
8986.5,19
8986.7,37
8987.0,34
8987.1,22
8987.5,39
8987.7,2
8987.8,30
8988.8,18
8990.1,5
8990.3,33
8991.1,8
8992.6,0
8993.2,16
8993.4,10
8993.5,3
8993.5,15
8993.5,24
8994.5,32
8994.7,1
8994.7,21
8995.0,36
8995.3,13
8995.3,27
8995.5,6
8995.5,20
8995.9,9
8996.2,4
8996.8,23
8997.6,39
8998.0,37
8998.2,19
8998.4,26
8998.7,7
8999.3,35
9000.7,30
9001.1,25
9003.4,33
9003.9,0
9004.2,15
9005.2,34
9005.6,27
9005.6,36
9005.7,3
9006.0,1
9006.1,22
9006.8,26
9006.9,13
9006.9,6
9006.9,17
9007.2,2
9007.3,29
9007.4,5
9007.8,18
9008.2,39
9009.1,16
9009.2,23
9009.2,4
9009.4,24
9009.5,33
9010.5,38
9012.5,11
9013.5,30
9013.9,25
9014.2,35
9014.4,21
9014.7,12
9015.8,9
9016.3,5
9016.9,7
9017.2,10
9017.6,15
9018.0,34
9019.1,0
9019.1,6
9019.1,13
9019.4,23
9019.8,26
9020.9,24
9022.1,39
9022.1,30
9022.1,33
9022.4,36
9022.5,25
9023.4,38
9023.6,2
9024.1,18
9024.2,22
9024.9,17
9025.9,19
9026.3,16
9026.8,15
9027.5,1
9027.7,29
9027.9,4
9027.9,26
9028.6,13
9028.8,34
9028.9,37
9028.9,20
9029.1,3
9029.1,27
9029.3,5
9030.0,32
9030.1,0
9030.1,23
9030.9,14
9031.1,9
9031.5,12
9033.1,25
9033.6,33
9034.7,6
9035.8,39
9036.5,10
9036.8,30
9037.0,24
9037.1,21
9037.2,26
9038.2,17
9038.5,7
9039.1,35
9039.6,33
9040.1,15
9041.2,16
9044.9,23
9045.0,34
9045.0,36
9045.2,24
9045.6,4
9046.0,0
9046.3,39
9046.4,3
9046.5,5
9046.7,25
9047.8,6
9047.8,13
9048.0,2
9048.4,33
9048.8,30
9049.2,1
9049.2,18
9049.2,21
9049.6,22
9050.3,26
9050.6,15
9051.9,16
9052.3,27
9053.2,10
9053.3,34
9053.7,38
9054.2,20
9054.2,35
9055.7,24
9055.9,14
9056.1,7
9056.6,17
9056.7,23
9056.7,37
9056.8,8
9056.9,9
9059.1,0
9059.7,39
9060.2,6
9060.4,36
9060.5,13
9060.7,5
9060.9,33
9061.5,12
9061.8,25
9062.0,4
9063.2,16
9063.5,29
9063.6,22
9063.7,19
9063.9,26
9064.5,3
9066.4,15
9066.6,30
9067.0,18
9067.2,24
9067.5,7
9068.6,1
9069.1,39
9069.4,34
9069.4,32
9070.0,10
9070.0,35
9070.9,13
9071.7,9
9072.6,6
9073.0,2
9073.0,11
9073.2,23
9073.2,33
9073.3,15
9073.6,17
9073.6,21
9073.6,25
9073.6,26
9074.0,0
9075.5,5
9075.6,16
9076.0,36
9076.4,30
9076.5,39
9078.3,22
9079.8,38
9080.0,27
9080.0,37
9080.1,24
9080.1,4
9080.9,23
9081.0,13
9081.0,20
9082.1,33
9082.7,25
9083.1,26
9083.3,0
9083.4,15
9083.4,35
9084.0,1
9084.0,18
9084.2,34
9085.9,39
9086.3,17
9086.7,30
9087.7,24
9087.8,36
9088.4,3
9090.8,6
9091.4,7
9091.4,2
9091.4,15
9092.3,11
9092.3,17
9092.6,5
9092.6,12
9092.9,13
9092.9,23
9093.8,26
9094.4,9
9095.0,25
9095.1,33
9095.2,30
9095.7,10
9095.7,38
9095.9,39
9096.5,27
9097.4,4
9098.5,16
9098.8,32
9099.8,21
9100.1,35
9100.5,1
9100.5,5
9100.6,6
9100.6,18
9100.9,0
9102.4,26
9103.1,17
9104.0,24
9104.1,3
9104.5,36
9104.7,34
9104.8,19
9104.9,29
9105.1,15
9105.1,22
9105.6,20
9106.8,7
9107.0,14
9107.1,30
9108.4,33
9108.5,16
9108.6,23
9109.0,13
9109.8,4
9111.9,39
9112.1,18
9112.2,1
9113.2,38
9113.5,35
9113.6,6
9113.6,36
9113.8,25
9113.9,26
9114.0,0
9114.5,10
9114.6,37
9114.8,30
9115.8,5
9116.2,11
9116.2,24
9116.4,34
9116.9,2
9118.2,15
9120.5,33
9120.9,9
9121.1,13
9121.5,27
9121.8,23
9123.5,17
9123.8,24
9123.9,21
9124.1,39
9124.5,0
9124.5,22
9124.5,26
9124.9,7
9125.2,25
9125.5,18
9125.7,4
9125.8,2
9126.2,36
9126.5,6
9127.2,30
9128.1,16
9128.7,34
9129.1,8
9129.4,5
9129.4,32
9129.8,20
9129.9,3
9129.9,33
9130.2,35
9130.7,15
9134.0,1
9134.7,0
9134.9,13
9134.9,9
9135.5,6
9135.8,19
9136.1,26
9136.2,39
9136.6,4
9136.6,12
9139.2,10
9139.5,33
9140.0,17
9140.0,30
9140.2,25
9140.5,21
9140.6,24
9140.8,14
9141.4,38
9141.6,7
9142.8,23
9143.2,2
9143.4,34
9143.5,6
9143.9,15
9143.9,39
9144.6,3
9144.7,0
9144.7,5
9145.2,26
9145.8,27
9146.2,36
9146.4,18
9147.5,1
9148.2,20
9148.4,31
9148.7,22
9148.9,37
9149.1,33
9149.9,11
9149.9,25
9150.0,4
9150.0,35
9151.3,15
9151.4,13
9151.4,29
9151.5,17
9152.6,9
9152.6,12
9152.6,26
9153.0,23
9153.0,30
9153.5,6
9154.3,32
9154.5,0
9154.6,7
9154.6,39
9154.8,16
9154.8,5
9156.1,3
9156.8,24
9157.8,34
9158.2,18
9159.0,33
9160.8,10
9161.1,21
9161.4,38
9161.9,14
9162.6,25
9162.9,19
9163.2,13
9163.2,26
9163.5,36
9163.6,22
9164.0,32
9164.5,2
9164.5,24
9164.6,30
9164.9,6
9164.9,17
9165.6,39
9165.8,33
9166.4,23
9167.9,1
9168.4,4
9168.5,9
9168.7,0
9169.8,5
9170.0,27
9170.3,12
9170.4,15
9171.1,20
9172.7,13
9174.0,34
9175.3,24
9175.5,35
9175.6,30
9175.8,33
9176.1,25
9176.7,3
9177.6,36
9177.8,26
9178.0,16
9178.7,18
9178.8,1
9179.0,38
9179.6,23
9179.8,22
9179.9,37
9180.1,7
9180.2,0
9180.9,39
9182.2,13
9183.0,29
9183.2,6
9183.3,33
9183.7,4
9184.0,15
9184.5,5
9185.6,26
9185.8,9
9185.9,24
9185.9,27
9186.9,34
9187.0,23
9187.7,17
9187.8,30
9188.3,19
9189.8,16
9190.7,2
9191.4,36
9191.6,20
9193.4,35
9193.4,39
9193.5,0
9193.6,10
9194.4,7
9194.4,12
9194.4,25
9195.9,33
9196.3,22
9196.7,1
9196.7,6
9197.0,3
9197.4,30
9197.7,15
9197.8,38
9198.4,26
9198.8,4
9198.9,23
9199.0,24
9199.1,8
9199.6,5
9199.7,34
9200.1,16
9200.3,17
9202.1,13
9202.5,18
9204.1,21
9205.3,33
9205.7,7
9206.0,39
9206.1,26
9207.1,0
9207.4,15
9208.1,6
9209.6,25
9210.0,30
9210.4,24
9210.9,9
9211.9,4
9212.2,23
9212.3,17
9212.5,10
9212.5,13
9213.1,2
9213.8,19
9214.0,29
9214.4,1
9214.4,16
9214.8,36
9214.8,39
9215.1,33
9215.3,27
9215.4,3
9215.9,35
9216.8,5
9217.5,22
9218.0,18
9219.3,26
9219.7,37
9219.8,25
9219.8,30
9219.9,0
9220.3,11
9220.8,34
9222.1,6
9223.7,15
9223.8,24
9224.5,23
9224.8,9
9225.1,21
9225.4,13
9225.5,32
9226.3,1
9226.9,20
9226.9,39
9227.4,33
9227.6,26
9228.2,2
9228.6,36
9229.9,30
9230.4,4
9230.6,35
9230.8,25
9231.0,0
9231.0,8
9231.4,6
9231.7,18
9232.4,7
9232.8,5
9233.1,16
9233.1,3
9233.8,24
9234.4,34
9234.4,38
9235.3,17
9235.3,33
9236.6,10
9236.7,1
9237.5,23
9238.8,15
9238.9,22
9239.6,13
9240.0,9
9240.1,25
9241.4,26
9241.6,33
9242.2,39
9242.4,5
9242.9,30
9243.2,12
9243.5,4
9244.2,0
9244.2,21
9244.4,6
9244.4,7
9244.4,29
9244.9,31
9245.5,37
9245.8,15
9246.2,13
9246.8,2
9248.2,36
9248.8,16
9249.2,3
9249.4,23
9249.4,24
9249.6,18
9251.1,34
9251.9,27
9252.4,6
9252.4,26
9252.5,19
9252.5,37
9252.7,35
9253.1,17
9253.2,32
9253.4,30
9254.7,5
9254.8,38
9255.0,1
9256.1,33
9256.6,39
9257.2,24
9257.9,25
9258.2,20
9258.7,4
9261.0,0
9261.2,15
9261.7,22
9263.0,21
9263.2,7
9263.5,36
9263.8,13
9264.1,30
9264.4,26
9264.5,39
9264.7,8
9264.7,10
9265.5,23
9265.5,34
9265.7,2
9266.3,17
9266.5,16
9266.9,5
9267.1,33
9267.3,6
9271.4,25
9271.5,3
9271.6,12
9272.5,1
9272.7,0
9272.7,9
9272.8,24
9272.9,35
9273.1,32
9273.4,18
9273.5,29
9274.6,39
9274.7,26
9275.6,13
9276.8,33
9277.4,4
9278.6,36
9278.7,27
9279.1,30
9279.3,6
9280.1,23
9281.2,1
9281.3,15
9283.5,16
9283.5,17
9283.8,11
9284.5,9
9284.7,5
9284.7,33
9284.8,3
9284.8,26
9284.9,21
9284.9,34
9287.0,0
9287.2,6
9288.4,22
9288.5,39
9289.2,38
9290.0,30
9290.5,24
9291.5,2
9292.3,37
9292.5,27
9292.6,33
9293.0,36
9293.5,18
9293.7,35
9293.9,13
9294.5,7
9294.5,25
9295.6,26
9295.6,3
9296.1,1
9296.2,4
9296.7,20
9296.8,16
9297.3,0
9298.3,30
9298.5,23
9298.5,34
9298.7,19
9298.9,39
9299.0,17
9299.5,6
9299.6,10
9299.6,21
9300.6,15
9301.8,9
9304.6,31
9304.9,24
9305.1,33
9305.7,5
9305.9,14
9306.0,26
9306.3,23
9307.1,7
9307.6,13
9307.9,6
9307.9,22
9308.0,30
9308.7,39
9308.7,36
9308.9,38
9309.5,15
9309.5,18
9310.0,19
9310.4,25
9311.6,0
9311.7,35
9313.2,11
9313.2,16
9313.2,29
9313.3,34
9313.8,2
9314.0,17
9314.0,32
9314.2,1
9314.2,4
9314.9,12
9315.2,20
9315.4,5
9316.3,33
9317.0,13
9318.1,21
9318.5,37
9318.7,26
9320.2,6
9320.8,39
9321.3,23
9321.3,24
9321.4,3
9322.6,18
9322.7,10
9322.9,9
9323.7,0
9324.1,30
9325.4,15
9325.6,33
9325.8,35
9326.0,36
9326.6,4
9326.8,26
9327.6,27
9328.1,13
9328.9,25
9329.1,38
9329.4,16
9331.2,1
9331.3,34
9332.1,17
9332.7,30
9333.1,6
9333.7,2
9333.7,5
9333.7,24
9334.0,33
9334.2,0
9334.2,7
9335.2,23
9335.3,3
9335.4,36
9336.0,22
9336.9,39
9338.3,11
9339.0,32
9339.1,26
9339.3,9
9339.4,10
9339.8,18
9341.1,20
9341.2,37
9341.4,21
9341.7,29
9342.2,30
9342.6,13
9342.7,38
9342.9,25
9343.8,17
9343.8,19
9344.4,3
9344.4,4
9344.8,0
9344.8,5
9345.1,15
9345.8,23
9346.1,8
9346.3,6
9346.5,1
9346.5,16
9346.8,24
9347.0,34
9347.2,12
9347.2,14
9347.3,35
9347.4,39
9348.8,26
9349.1,30
9349.3,33
9350.8,27
9350.9,31
9352.6,5
9353.9,36
9355.9,2
9355.9,11
9356.0,4
9356.0,6
9356.7,30
9358.1,0
9358.1,33
9358.3,23
9358.4,7
9358.5,13
9358.6,35
9358.6,39
9358.7,22
9359.4,3
9359.8,26
9361.2,25
9361.3,17
9361.7,24
9362.6,9
9362.8,16
9363.2,18
9363.8,38
9363.9,10
9364.5,15
9364.6,37
9367.2,29
9367.6,36
9368.1,39
9368.4,23
9368.6,20
9368.8,5
9368.8,33
9369.2,21
9369.3,12
9369.5,30
9369.5,34
9369.7,6
9370.7,26
9371.5,3
9371.6,13
9372.3,1
9373.5,35
9374.2,24
9374.3,2
9375.5,0
9375.5,4
9375.8,25
9377.4,7
9377.9,11
9377.9,18
9378.4,16
9378.4,17
9378.5,22
9378.9,39
9379.0,9
9379.2,15
9379.2,27
9379.8,34
9379.9,33
9380.0,30
9380.2,23
9380.3,13
9380.4,19
9381.4,26
9381.6,6
9382.3,29
9382.7,2
9382.7,32
9382.8,25
9383.7,0
9384.5,38
9385.3,36
9386.4,12
9386.7,35
9386.9,8
9387.2,3
9387.2,33
9387.4,24
9387.4,39
9387.7,5
9387.8,10
9388.8,16
9390.2,26
9390.8,30
9391.9,22
9392.2,11
9392.3,4
9392.6,37
9392.6,20
9393.1,9
9393.1,23
9393.2,15
9393.2,21
9393.8,17
9393.8,38
9394.1,6
9394.4,14
9394.8,18
9396.2,5
9396.4,1
9396.6,33
9397.8,34
9397.9,7
9398.6,0
9399.2,3
9399.2,30
9400.3,15
9400.6,13
9400.6,26
9400.9,16
9401.1,24
9401.3,36
9401.3,39
9404.2,25
9404.5,27
9405.6,19
9406.3,33
9407.2,35
9407.8,4
9408.0,37
9408.0,39
9408.3,22
9408.3,30
9408.6,6
9408.8,31
9408.9,9
9408.9,23
9409.1,34
9409.7,17
9409.8,7
9410.2,2
9410.8,5
9412.2,26
9413.7,16
9414.0,24
9414.9,10
9415.2,0
9415.3,13
9415.3,29
9416.0,21
9416.1,33
9416.3,18
9416.8,36
9417.6,1
9418.5,15
9418.8,3
9419.1,39
9421.3,38
9421.9,34
9423.5,30
9423.6,0
9423.6,33
9423.9,2
9423.9,6
9424.7,27
9424.7,32
9424.9,23
9425.6,12
9425.6,25
9425.7,16
9425.7,24
9426.0,26
9426.1,15
9427.3,4
9428.0,5
9428.2,1
9428.6,9
9428.7,20
9430.6,13
9430.7,35
9430.7,39
9430.7,7
9431.0,17
9431.1,6
9431.2,29
9433.0,23
9433.5,3
9433.7,30
9433.9,38
9434.3,14
9434.8,24
9435.1,36
9435.4,37
9435.9,26
9435.9,33
9436.5,34
9437.4,25
9440.7,2
9441.1,39
9441.3,27
9441.4,4
9441.4,16
9442.0,19
9442.4,21
9442.8,11
9442.8,15
9442.8,23
9442.9,5
9442.9,17
9444.9,0
9444.9,6
9445.6,35
9445.8,26
9445.9,34
9446.2,25
9446.2,33
9446.3,18
9447.0,29
9448.0,1
9448.5,10
9448.8,9
9449.7,13
9449.7,30
9450.0,3
9450.7,22
9450.8,24
9451.1,37
9451.3,36
9451.3,39
9453.3,15
9454.0,16
9454.3,5
9454.3,23
9454.4,38
9454.6,17
9455.1,32
9455.3,33
9456.5,6
9456.5,18
9456.8,2
9458.1,0
9458.1,9
9458.6,4
9458.6,39
9459.1,25
9461.4,34
9461.8,26
9462.0,30
9462.2,12
9462.5,7
9462.6,19
9462.7,36
9462.8,3
9462.8,13
9463.1,23
9463.3,33
9464.4,0
9464.4,1
9464.5,5
9464.6,15
9465.1,27
9466.4,24
9468.7,35
9470.2,8
9470.3,39
9470.5,20
9470.8,17
9471.1,21
9471.5,33
9471.7,6
9471.7,9
9471.7,16
9471.7,37
9471.8,7
9471.8,31
9472.0,4
9472.2,3
9472.2,26
9472.4,10
9472.6,30
9472.8,18
9473.1,25
9473.3,13
9475.1,24
9475.3,22
9476.3,34
9476.4,15
9476.8,0
9477.0,11
9477.4,29
9479.0,5
9479.1,23
9479.9,30
9480.1,2
9480.3,33
9481.0,26
9481.0,39
9482.1,3
9483.1,6
9483.5,27
9483.8,17
9483.8,36
9484.4,38
9484.7,13
9484.8,16
9485.2,18
9486.8,1
9487.1,9
9487.6,25
9487.8,34
9488.5,35
9488.6,0
9489.4,23
9490.3,15
9490.8,39
9491.0,24
9491.3,7
9491.3,26
9491.9,6
9492.3,21
9492.4,20
9492.5,4
9492.9,12
9492.9,33
9493.4,30
9493.8,5
9493.8,38
9494.5,37
9495.3,25
9495.9,13
9496.8,16
9497.7,10
9497.7,24
9499.4,17
9499.4,27
9499.6,32
9499.8,2
9500.0,1
9500.0,23
9500.1,9
9500.7,39
9500.8,19
9500.9,34
9501.2,8
9501.4,18
9501.5,6
9501.5,36
9502.7,26
9504.2,15
9504.8,25
9505.0,4
9505.2,0
9505.2,22
9505.9,30
9506.0,33
9507.2,29
9508.0,35
9510.3,13
9510.5,21
9511.1,5
9511.5,12
9511.7,3
9511.8,23
9512.2,16
9512.2,17
9513.0,27
9513.3,1
9514.3,9
9514.6,7
9514.7,34
9515.4,26
9515.4,36
9516.0,6
9517.9,4
9518.1,37
9518.6,35
9518.8,15
9518.9,30
9519.1,2
9519.4,0
9519.8,33
9519.9,24
9519.9,25
9521.1,38
9522.1,11
9522.1,14
9522.3,39
9523.5,10
9524.2,23
9524.3,19
9524.3,22
9524.6,6
9524.9,26
9525.9,3
9526.8,5
9527.2,20
9527.6,15
9527.7,4
9528.1,16
9528.3,8
9528.5,0
9528.7,13
9528.9,1
9529.3,33
9529.8,18
9530.1,17
9530.6,24
9530.9,9
9531.1,25
9531.3,6
9531.3,31
9531.7,21
9533.3,7
9534.8,38
9535.1,34
9535.4,2
9535.4,27
9536.0,12
9536.0,23
9536.1,36
9536.2,26
9536.9,30
9537.1,33
9537.6,37
9538.8,39
9539.8,15
9540.8,0
9540.8,1
9541.4,29
9541.8,25
9542.0,3
9542.2,18
9542.3,21
9542.3,26
9542.4,10
9542.4,17
9542.5,6
9543.5,16
9543.5,35
9543.9,24
9544.0,22
9544.6,5
9545.5,32
9546.0,13
9546.4,4
9547.6,39
9548.6,11
9549.6,7
9549.6,23
9549.8,2
9550.1,33
9550.9,20
9550.9,36
9551.7,9
9551.8,30
9552.0,6
9552.5,34
9552.6,19
9553.3,0
9554.8,1
9556.1,26
9556.6,13
9557.0,3
9557.2,38
9557.6,16
9558.0,31
9558.0,33
9558.4,4
9558.6,35
9558.7,15
9559.1,17
9559.5,21
9559.5,25
9560.8,5
9561.0,24
9561.0,22
9561.6,7
9561.6,10
9561.9,18
9562.2,23
9564.0,12
9564.0,39
9564.6,6
9564.7,1
9565.6,0
9566.0,30
9566.3,26
9566.4,9
9566.4,27
9566.7,37
9567.5,29
9567.7,16
9568.1,36
9568.7,33
9568.9,34
9569.2,8
9569.7,4
9570.0,23
9570.6,15
9570.9,25
9571.3,3
9574.2,13
9575.6,5
9577.0,17
9577.4,30
9577.7,6
9577.7,7
9577.9,11
9577.9,35
9577.9,39
9578.1,0
9578.3,33
9579.4,2
9579.9,15
9580.3,24
9581.0,32
9581.2,34
9581.3,26
9581.5,21
9582.2,38
9583.4,16
9583.5,22
9584.3,20
9584.3,36
9584.5,1
9584.6,3
9584.6,37
9584.8,10
9585.4,33
9586.1,4
9586.3,9
9586.5,27
9586.6,6
9586.9,29
9587.1,25
9587.2,23
9587.2,35
9587.3,14
9587.3,26
9587.8,24
9588.3,30
9588.4,18
9588.6,12
9588.6,39
9589.0,5
9590.0,0
9591.0,2
9593.1,17
9594.4,9
9595.3,19
9595.5,13
9595.7,15
9596.0,37
9596.7,3
9596.8,16
9597.4,6
9598.3,24
9598.9,1
9599.0,30
9599.1,33
9599.1,34
9599.4,26
9599.8,23
9599.9,35
9600.4,36
9603.0,21
9603.1,12
9603.6,39
9604.9,5
9605.3,4
9606.0,24
9606.3,0
9606.7,10
9606.7,17
9607.0,19
9607.3,33
9607.7,2
9608.4,15
9609.6,37
9609.7,1
9609.8,30
9610.2,22
9610.3,18
9610.5,6
9610.5,25
9610.5,29
9610.8,26
9610.9,7
9610.9,11
9610.9,13
9611.0,23
9611.1,38
9613.0,27
9613.4,9
9613.5,34
9613.9,5
9614.8,8
9616.7,39
9616.8,0
9617.0,30
9617.9,24
9618.1,14
9618.4,32
9618.4,36
9618.7,33
9618.8,3
9620.8,17
9621.5,16
9621.5,35
9622.0,25
9622.7,23
9623.5,6
9623.5,21
9623.5,36
9623.8,26
9624.0,13
9624.0,33
9624.5,9
9624.6,15
9624.7,4
9625.4,39
9625.5,10
9625.8,2
9625.9,30
9626.4,1
9628.6,12
9629.5,7
9629.8,34
9630.4,0
9630.4,18
9631.1,6
9631.2,27
9632.2,22
9632.4,29
9633.4,33
9633.8,24
9633.9,30
9634.2,26
9634.5,37
9634.5,38
9634.6,3
9635.1,5
9635.1,35
9635.3,39
9635.4,25
9635.9,16
9635.9,34
9637.5,20
9638.2,13
9639.5,23
9639.9,4
9640.2,11
9640.2,15
9641.8,6
9641.8,19
9642.1,25
9642.6,30
9642.6,33
9643.8,2
9644.1,17
9646.7,9
9646.9,18
9646.9,39
9647.0,36
9647.8,16
9648.1,1
9648.6,10
9648.6,24
9648.7,0
9648.7,21
9648.7,26
9648.9,5
9650.0,34
9650.1,27
9650.4,7
9650.9,4
9650.9,14
9651.1,8
9651.6,37
9651.7,29
9651.7,38
9652.2,13
9652.3,3
9652.3,15
9652.4,23
9652.6,22
9653.7,25
9653.7,35
9653.8,17
9653.9,12
9654.1,30
9654.4,2
9654.5,6
9654.6,31
9654.8,33
9656.2,39
9659.3,36
9659.7,5
9661.0,16
9661.5,1
9661.5,7
9661.8,19
9661.8,26
9662.2,0
9662.2,4
9662.2,10
9662.8,30
9664.0,2
9664.1,17
9664.8,33
9664.9,6
9665.0,18
9666.1,13
9666.1,15
9666.1,23
9666.2,24
9666.7,9
9669.5,39
9669.6,34
9670.3,3
9670.6,25
9671.2,26
9671.2,35
9672.3,30
9672.6,21
9674.3,5
9674.6,33
9675.7,22
9675.8,2
9675.9,38
9676.1,13
9676.2,0
9676.2,24
9676.3,4
9676.3,9
9676.7,16
9676.7,37
9676.8,15
9676.9,1
9677.4,23
9679.5,36
9682.2,17
9682.2,12
9682.5,18
9682.8,35
9683.0,7
9683.0,27
9683.4,14
9683.4,26
9683.6,6
9683.7,31
9683.9,25
9683.9,38
9684.1,10
9684.2,20
9684.2,39
9684.3,23
9684.3,3
9684.6,5
9684.6,33
9685.0,8
9685.7,29
9685.7,30
9687.2,34
9687.5,24
9687.8,9
9688.4,16
9688.8,1
9690.0,13
9691.2,32
9691.8,0
9691.8,4
9692.2,15
9692.7,26
9692.9,36
9694.0,21
9694.2,33
9694.6,22
9695.0,17
9695.4,12
9695.5,30
9695.6,19
9696.3,35
9697.2,2
9697.4,5
9697.4,6
9697.4,39
9697.9,14
9698.6,7
9699.1,23
9699.5,3
9699.6,25
9700.0,24
9700.4,1
9701.0,27
9701.6,9
9704.2,10
9704.3,37
9705.1,18
9705.5,16
9705.7,26
9706.0,34
9706.4,6
9706.5,29
9706.6,33
9706.9,0
9707.0,20
9707.0,38
9707.2,11
9707.4,15
9707.5,24
9707.8,39
9708.1,30
9708.3,4
9708.3,17
9709.3,13
9709.3,36
9711.7,1
9714.6,26
9714.8,23
9714.8,33
9715.1,9
9715.5,5
9715.9,32
9716.3,3
9716.4,7
9718.0,21
9719.1,16
9719.4,35
9719.4,24
9719.7,2
9720.0,6
9720.2,13
9720.2,17
9720.6,12
9720.6,37
9720.8,34
9720.8,39
9721.1,18
9721.3,4
9721.3,22
9721.4,33
9721.5,0
9721.7,25
9725.6,26
9726.0,30
9726.0,38
9726.2,15
9726.8,3
9727.9,5
9728.0,36
9729.2,4
9729.3,39
9729.5,9
9730.4,33
9730.7,27
9730.8,1
9730.9,7
9731.3,23
9733.1,26
9733.3,6
9733.9,25
9734.0,34
9734.0,37
9734.0,13
9734.2,10
9734.3,17
9734.8,0
9737.1,35
9737.7,15
9737.8,24
9738.3,16
9738.3,21
9739.5,31
9739.7,18
9739.8,3
9740.0,11
9740.2,2
9740.6,8
9740.7,33
9741.2,6
9741.4,30
9741.8,26
9742.1,36
9742.4,9
9742.5,29
9743.2,39
9743.7,22
9743.8,5
9744.4,25
9745.1,1
9745.4,13
9747.7,4
9748.2,23
9748.3,38
9748.5,17
9749.3,0
9749.4,34
9749.9,30
9750.4,15
9750.6,33
9751.4,32
9751.9,24
9752.2,21
9752.3,35
9752.7,16
9753.1,27
9753.1,29
9753.4,18
9753.7,7
9754.0,25
9754.2,12
9754.3,14
9755.4,6
9755.4,26
9757.5,5
9757.5,39
9758.1,3
9758.4,36
9758.7,0
9758.7,9
9759.0,19
9759.6,10
9759.7,20
9760.3,11
9760.3,17
9760.5,2
9761.0,16
9761.8,4
9762.1,22
9762.7,1
9763.5,37
9763.6,6
9763.7,18
9764.2,38
9764.5,23
9764.5,30
9765.0,13
9765.0,24
9765.2,34
9766.0,33
9767.3,26
9768.4,36
9768.8,35
9769.0,5
9770.6,15
9770.9,3
9771.9,25
9771.9,39
9773.3,0
9774.0,27
9774.8,21
9775.2,9
9775.2,16
9775.2,18
9775.3,10
9775.4,1
9775.8,6
9775.8,22
9776.2,33
9776.6,2
9777.0,26
9777.2,23
9777.7,35
9778.3,13
9778.6,20
9778.7,7
9779.4,17
9779.7,4
9780.0,34
9780.5,19
9780.6,30
9780.7,15
9780.7,24
9782.6,14
9783.0,5
9783.5,12
9783.8,39
9783.9,23
9784.9,36
9785.3,3
9786.0,26
9786.1,0
9786.6,25
9786.6,31
9786.9,16
9787.0,1
9787.2,33
9787.3,38
9788.4,6
9788.5,7
9791.9,9
9792.0,4
9792.3,30
9792.5,10
9792.6,27
9792.8,35
9793.3,34
9794.3,2
9794.4,17
9796.2,37
9796.4,24
9796.5,23
9796.8,13
9797.2,26
9797.5,21
9798.9,39
9799.0,18
9799.1,22
9799.3,7
9799.3,25
9799.5,33
9799.6,15
9799.7,0
9800.7,5
9801.8,6
9801.9,16
9802.0,36
9802.1,14
9802.2,3
9802.3,38
9802.6,4
9802.6,30
9802.7,19
9803.0,11
9803.2,32
9803.3,1
9804.3,20
9805.9,34
9807.1,26
9808.0,8
9808.0,24
9808.2,10
9808.5,35
9809.1,29
9809.3,13
9809.3,12
9809.3,36
9809.6,15
9809.6,25
9809.6,39
9809.7,7
9810.2,5
9810.2,22
9811.6,23
9812.1,27
9812.4,33
9812.6,0
9812.6,9
9813.2,17
9813.9,2
9815.6,16
9816.0,30
9817.7,26
9817.8,20
9817.9,15
9817.9,35
9818.2,34
9818.3,33
9818.4,4
9818.7,6
9820.0,3
9820.8,24
9820.9,25
9820.9,39
9821.2,37
9821.5,1
9821.7,21
9823.8,13
9824.0,36
9824.1,0
9825.6,7
9826.0,5
9826.0,22
9826.1,10
9826.3,26
9826.5,23
9827.0,17
9827.0,33
9829.0,6
9829.4,24
9829.8,30
9830.0,18
9831.2,25
9832.4,19
9832.9,27
9833.0,15
9833.0,16
9833.4,9
9833.9,35
9834.1,38
9834.2,13
9834.5,2
9835.0,4
9835.1,34
9835.3,39
9835.4,12
9835.9,3
9836.1,20
9836.8,33
9837.0,36
9837.1,26
9839.3,23
9839.3,30
9839.6,5
9840.3,0
9840.8,14
9841.0,1
9841.7,17
9843.0,24
9843.8,6
9843.8,37
9846.5,22
9846.8,10
9846.8,15
9847.2,21
9847.4,9
9847.4,26
9847.8,33
9848.1,7
9848.1,25
9848.1,32
9848.3,18
9848.3,39
9848.9,38
9849.1,3
9849.9,0
9851.2,16
9851.5,35
9851.5,36
9851.6,6
9851.9,5
9852.0,23
9853.8,30
9853.8,37
9853.9,29
9854.1,20
9854.1,24
9854.2,34
9854.4,1
9854.6,13
9854.7,4
9854.8,17
9855.3,2
9855.4,12
9855.4,19
9855.6,33
9855.8,31
9856.6,0
9857.7,26
9858.0,39
9859.8,5
9861.6,9
9862.4,3
9862.7,27
9863.2,6
9863.7,21
9863.7,25
9864.0,15
9864.0,17
9864.2,18
9864.6,7
9865.1,4
9865.2,23
9866.0,26
9866.0,33
9866.5,39
9866.6,36
9867.0,16
9868.2,22
9868.4,38
9868.8,13
9869.7,30
9870.5,35
9871.4,37
9872.7,8
9873.4,24
9873.5,5
9874.4,9
9875.1,0
9875.2,1
9875.3,34
9875.7,6
9875.7,33
9875.9,29
9876.3,17
9876.9,26
9877.3,10
9878.2,15
9878.6,4
9878.9,39
9879.2,30
9879.2,32
9879.4,36
9880.0,2
9880.3,11
9883.8,25
9884.9,23
9885.1,7
9885.3,18
9885.3,24
9885.5,12
9885.9,13
9886.5,3
9886.6,26
9886.6,31
9886.6,38
9886.7,19
9886.7,34
9886.7,35
9886.9,16
9886.9,33
9887.8,6
9888.2,27
9888.5,30
9888.6,5
9888.7,15
9889.2,17
9889.9,0
9890.7,22
9891.4,39
9892.6,37
9893.6,4
9893.8,20
9893.9,9
9895.0,13
9895.0,21
9895.0,26
9896.5,6
9897.0,25
9897.4,24
9898.6,33
9898.9,7
9900.6,1
9900.8,16
9900.9,34
9901.1,17
9901.2,0
9901.5,36
9901.7,27
9901.7,35
9902.2,19
9903.0,6
9903.4,3
9904.3,5
9904.3,39
9904.6,4
9904.8,9
9904.8,13
9905.5,2
9905.5,26
9905.5,30
9906.2,23
9906.3,15
9908.3,32
9908.6,10
9908.6,29
9909.2,18
9909.3,12
9909.3,21
9909.9,38
9910.2,25
9910.6,33
9910.8,24
9911.3,22
9911.4,26
9911.6,39
9912.5,16
9913.4,34
9915.7,11
9915.9,13
9916.1,15
9916.1,35
9916.2,6
9916.3,23
9916.4,0
9916.4,3
9917.4,30
9918.3,20
9918.9,7
9919.9,39
9920.4,25
9920.5,33
9920.5,36
9921.0,5
9921.8,8
9921.9,27
9922.0,21
9922.1,34
9922.2,1
9923.0,4
9923.0,26
9924.5,14
9924.5,35
9924.6,2
9924.9,9
9925.2,17
9926.7,24
9926.8,6
9927.0,30
9927.7,18
9927.8,12
9927.9,37
9928.5,0
9928.6,13
9929.9,39
9931.2,16
9931.6,9
9932.5,23
9932.9,32
9933.4,33
9933.6,15
9933.6,38
9933.7,21
9934.3,3
9934.6,20
9934.6,36
9935.4,10
9935.4,27
9935.6,31
9935.7,4
9936.0,30
9937.3,0
9937.6,5
9937.7,6
9938.4,26
9939.3,1
9939.8,17
9940.5,11
9940.6,22
9940.7,35
9941.1,7
9941.4,39
9942.0,24
9942.2,2
9943.5,13
9943.9,33
9945.0,19
9945.2,18
9945.2,34
9945.3,5
9945.3,9
9945.3,23
9945.3,30
9945.4,25
9945.8,4
9946.7,14
9946.7,26
9947.3,15
9948.4,16
9949.3,21
9949.7,6
9949.9,3
9950.0,38
9950.2,0
9950.9,37
9952.0,13
9952.7,17
9952.7,39
9953.1,33
9953.1,34
9953.5,36
9954.0,8
9956.5,24
9956.6,10
9957.1,12
9957.7,26
9957.7,30
9958.1,23
9960.4,5
9960.8,37
9961.1,15
9961.1,2
9961.4,3
9961.4,32
9961.5,7
9962.0,4
9962.3,6
9962.5,29
9962.8,25
9963.0,27
9963.4,18
9964.0,13
9964.3,1
9964.4,0
9964.6,9
9964.6,16
9964.7,35
9964.8,17
9964.8,33
9965.1,24
9965.3,30
9966.1,39
9966.4,36
9966.6,22
9969.6,23
9969.9,34
9970.3,5
9970.7,38
9970.9,15
9971.7,21
9971.8,26
9972.0,20
9972.1,11
9973.3,25
9973.9,3
9974.3,9
9974.3,13
9975.0,0
9975.1,6
9975.6,33
9975.9,7
9976.0,24
9976.5,39
9977.1,30
9977.1,35
9978.0,4
9979.1,2
9982.0,16
9982.2,5
9982.3,17
9982.5,36
9982.7,23
9982.9,26
9983.1,14
9983.1,31
9983.7,27
9984.3,1
9985.5,33
9986.0,15
9986.3,9
9986.9,3
9986.9,10
9986.9,18
9987.7,0
9987.8,35
9988.0,2
9988.4,6
9988.4,12
9988.4,38
9988.8,23
9988.9,21
9988.9,26
9989.0,34
9989.4,30
9989.5,22
9990.0,39
9990.1,19
9990.7,24
9991.0,25
9994.7,5
9995.2,15
9995.4,13
9995.5,6
9995.8,36
9995.9,0
9996.1,20
9996.2,4
9996.2,17
9997.7,26
9998.9,33
