10.9,9
11.4,11
12.2,29
12.3,10
12.4,19
12.5,13
12.7,28
13.0,7
13.1,1
13.1,2
13.1,27
13.2,30
13.3,15
13.3,32
13.3,39
13.5,4
13.8,5
13.9,17
13.9,24
14.1,21
14.2,23
14.3,34
14.4,36
14.8,38
19.1,3
20.3,33
21.7,26
22.0,35
22.1,16
22.1,32
22.6,37
23.4,12
23.4,31
23.5,28
23.7,22
23.7,36
23.9,14
23.9,17
24.3,38
24.6,19
25.0,39
25.1,9
25.2,18
25.5,5
25.7,3
28.9,21
30.4,20
30.6,15
31.0,23
31.3,34
31.5,26
31.6,11
32.0,7
32.0,17
33.3,24
33.3,16
34.3,38
34.8,1
35.0,19
36.3,3
36.6,28
37.0,25
37.2,39
38.5,10
39.1,8
39.4,9
40.3,5
40.3,31
40.3,36
40.5,0
40.5,14
40.8,32
41.3,13
41.5,17
41.6,12
41.9,33
43.1,27
43.8,38
45.6,29
45.9,21
46.4,35
46.4,34
46.8,19
47.6,22
48.0,18
48.1,16
49.8,3
50.7,11
50.8,31
51.8,23
52.3,17
52.5,5
52.5,9
52.5,14
52.8,0
53.3,26
53.4,1
53.6,28
53.6,38
54.0,39
54.8,19
56.9,24
57.3,33
57.3,35
58.0,21
58.4,8
58.4,12
58.8,32
59.0,17
59.1,10
60.2,9
60.9,34
62.1,30
63.4,7
63.7,37
63.8,11
64.0,15
65.0,3
65.0,19
65.1,18
65.5,39
66.2,23
66.3,13
66.5,5
66.6,16
66.7,38
68.3,4
68.4,28
69.0,31
69.1,17
70.1,32
70.6,14
70.6,22
72.2,1
72.4,33
72.9,27
73.8,9
74.3,19
74.8,0
74.8,36
75.1,11
75.1,21
75.2,34
75.2,37
75.6,2
77.2,38
78.4,17
79.5,26
79.8,12
79.8,8
80.1,5
80.1,16
80.8,14
82.6,3
82.8,10
84.0,19
84.8,9
85.0,28
85.3,31
85.4,17
85.6,39
85.7,34
86.2,18
86.5,15
86.5,22
86.5,36
86.6,23
87.3,21
87.3,38
88.6,13
88.8,6
89.1,5
89.5,32
89.6,12
89.8,24
91.5,19
91.6,26
91.9,1
91.9,11
92.6,16
92.8,14
93.2,29
94.7,33
95.3,35
96.0,9
96.9,17
98.0,38
98.7,0
98.7,7
98.7,31
98.9,37
99.2,21
99.2,36
99.5,3
99.6,25
99.9,23
100.4,28
100.8,18
101.4,39
103.7,19
104.7,32
104.8,1
106.1,22
106.2,5
106.3,27
108.0,11
108.1,15
108.1,17
108.2,34
109.1,14
109.3,23
109.4,38
109.7,16
109.9,31
111.0,12
112.5,21
113.0,9
113.0,10
113.7,13
114.7,26
114.9,28
115.5,8
115.7,19
115.9,3
115.9,24
116.4,17
117.1,29
117.4,11
117.4,39
118.9,7
119.7,18
119.8,23
119.9,0
120.0,1
120.1,33
120.7,36
121.0,30
121.1,5
122.6,38
124.2,19
124.5,37
124.6,14
124.7,16
124.8,9
125.4,26
125.8,20
125.8,34
125.9,32
126.1,31
127.2,10
127.6,17
128.6,12
129.5,22
129.5,21
130.2,38
130.6,28
130.8,35
131.9,39
132.6,3
132.6,11
133.4,2
133.5,18
133.9,8
134.3,16
134.7,9
135.7,1
136.0,25
136.5,32
136.6,36
136.8,17
137.3,7
137.5,19
138.3,15
138.5,38
138.6,5
139.0,34
139.7,14
141.0,0
141.6,33
142.3,22
142.3,23
143.0,24
143.2,30
143.3,31
143.8,27
143.8,37
143.9,21
144.1,13
144.1,28
145.3,10
145.6,39
145.8,11
146.0,18
146.1,19
146.6,12
146.6,17
147.3,9
148.2,16
148.3,38
150.6,1
151.0,29
151.2,3
153.0,36
153.2,5
153.4,8
154.1,11
154.1,21
154.2,14
154.8,32
155.4,39
155.7,31
155.7,34
157.9,28
158.1,26
158.3,17
160.0,19
160.3,23
160.9,35
161.1,6
161.2,9
161.6,38
163.7,7
163.9,12
164.1,0
164.1,18
164.7,5
165.5,37
165.7,3
167.2,17
167.2,33
167.3,27
167.4,16
167.7,34
168.3,10
168.3,22
168.5,1
169.0,11
169.1,15
169.1,24
169.2,19
169.7,39
169.8,28
169.8,36
170.0,31
170.1,21
170.1,32
170.2,13
170.4,29
170.5,25
171.1,30
171.4,26
171.5,9
174.9,14
176.0,5
176.5,38
178.2,0
179.4,34
179.6,8
179.8,3
180.0,19
180.1,17
180.3,23
180.7,18
180.8,29
181.1,22
181.3,12
181.4,9
182.8,28
182.9,11
183.5,16
184.3,1
184.3,21
184.9,39
185.5,38
187.9,2
187.9,27
188.7,26
189.0,7
189.5,5
189.7,17
189.7,35
189.7,9
189.9,32
190.2,19
190.6,31
191.0,23
192.1,22
192.7,28
192.7,38
193.1,12
193.2,10
194.8,39
194.9,3
195.0,36
195.1,34
195.4,0
195.4,13
196.7,14
196.9,8
197.4,17
197.4,33
197.7,18
199.6,11
199.9,24
200.4,16
200.8,37
201.9,9
202.0,5
202.0,27
202.3,19
202.4,15
202.4,25
203.0,1
203.2,31
203.3,21
203.9,38
205.6,10
206.3,12
207.6,32
208.1,18
208.2,29
208.6,6
208.6,22
208.6,28
209.4,34
209.8,17
209.9,35
210.2,38
210.7,26
210.9,3
212.4,14
212.5,23
212.6,9
212.6,13
212.9,39
213.1,19
213.6,5
214.8,36
215.4,1
217.8,0
217.9,11
218.0,16
218.3,33
218.5,12
218.7,17
218.8,7
218.9,28
218.9,32
219.0,34
220.0,8
221.0,38
221.7,19
222.5,2
222.6,31
222.7,39
223.7,24
224.5,3
226.4,36
226.5,9
227.5,5
228.1,1
228.6,37
228.7,14
228.9,19
229.0,12
230.7,23
230.8,29
231.2,17
231.4,21
231.5,38
232.0,10
232.0,39
232.8,27
233.1,26
233.2,11
233.4,34
233.6,28
233.9,31
234.0,18
234.9,20
235.0,16
235.1,9
236.1,22
236.6,3
237.3,19
238.4,0
238.4,11
238.5,13
238.5,15
238.9,32
239.3,8
239.8,17
240.1,30
241.5,7
241.6,24
241.6,38
242.0,5
242.3,14
243.4,28
243.9,35
244.3,3
245.4,9
245.5,1
246.2,23
246.3,31
247.8,19
248.6,21
248.9,17
250.0,10
250.1,33
250.1,34
250.4,26
250.5,11
250.7,25
250.7,37
250.8,16
250.9,6
250.9,39
251.2,22
251.2,38
251.7,13
251.9,12
255.1,5
256.3,19
256.8,18
256.9,27
257.5,29
257.7,36
257.9,28
258.2,9
258.2,30
258.2,31
258.8,3
258.9,17
259.0,1
259.0,32
259.1,38
259.7,26
262.3,14
264.6,11
265.3,34
265.9,39
266.1,8
266.3,31
266.8,33
267.4,3
267.6,12
267.9,10
268.0,22
268.5,19
268.6,2
268.8,24
268.9,5
268.9,28
269.1,25
269.4,37
270.2,16
270.7,30
271.1,7
271.1,17
271.6,0
272.0,9
272.9,1
273.2,23
273.7,11
273.7,13
273.8,6
273.9,32
274.0,15
274.0,34
274.4,38
277.2,18
277.2,21
277.5,14
278.4,28
278.7,19
278.9,5
279.7,12
279.7,39
281.5,17
281.6,23
283.3,35
283.4,31
285.6,10
286.3,9
286.4,36
286.7,34
287.0,38
287.3,3
287.8,1
288.3,24
289.4,17
289.4,22
289.7,11
290.7,0
290.8,8
291.5,12
291.9,32
292.0,23
292.4,13
292.6,37
292.7,5
293.8,28
294.1,19
294.1,26
294.4,31
295.3,21
295.6,14
298.9,33
299.1,16
299.3,3
299.6,29
300.9,5
301.3,9
301.8,7
301.9,6
302.0,19
302.1,38
302.1,39
302.2,10
302.3,17
302.4,20
302.9,28
304.7,34
304.9,27
305.1,11
305.4,15
306.4,12
306.7,18
308.5,1
308.6,26
309.8,17
309.8,22
309.8,38
310.3,13
310.3,39
310.8,21
310.8,31
311.0,23
311.2,19
312.2,7
312.4,0
312.5,3
312.6,14
312.6,36
313.2,5
313.7,28
314.5,33
314.7,9
315.5,32
317.2,35
317.3,37
318.3,6
318.7,17
319.3,34
319.3,38
319.4,16
321.1,10
321.8,3
322.1,28
322.5,11
322.5,18
322.6,1
322.6,39
323.2,2
323.2,25
323.3,9
323.8,5
324.8,31
327.7,12
327.9,17
328.2,22
328.2,26
328.2,33
328.4,21
329.5,16
329.5,19
330.6,14
331.1,32
332.4,23
332.6,38
332.7,0
332.9,36
333.1,29
333.5,11
333.9,34
334.2,10
334.5,39
335.0,15
335.1,5
335.2,8
335.2,24
335.4,9
335.5,13
335.5,31
335.8,17
336.4,19
336.7,3
337.9,1
338.0,27
339.7,7
339.9,28
340.1,30
342.4,2
342.6,26
342.7,12
343.5,35
344.5,17
344.6,37
344.8,5
345.1,39
346.0,14
346.1,16
346.2,19
346.3,38
347.0,28
347.3,21
347.3,34
347.4,9
347.6,23
347.7,32
347.7,18
348.2,1
348.9,8
349.3,3
349.3,11
351.3,31
352.3,33
352.9,24
355.6,5
355.7,26
355.7,12
356.6,10
356.6,37
357.0,17
357.2,11
357.5,38
357.8,9
358.2,36
358.3,22
360.4,21
361.0,19
361.1,14
361.1,16
361.3,3
361.8,28
362.3,29
362.3,34
363.3,13
363.4,32
363.4,15
363.7,2
364.9,0
366.7,18
367.4,31
367.9,39
368.1,8
368.1,17
368.2,1
370.4,12
370.6,9
371.2,26
371.4,25
371.6,14
371.6,23
371.9,38
371.9,19
372.5,11
372.5,37
373.0,5
373.6,6
373.8,30
374.3,3
374.8,28
375.4,17
375.5,34
377.2,33
377.5,24
379.1,16
379.2,32
379.3,21
379.5,14
379.7,9
380.1,19
380.5,39
381.4,36
381.5,18
381.7,11
384.1,27
384.2,1
384.9,38
385.0,10
385.0,35
385.1,23
385.3,22
385.4,31
385.7,3
386.0,17
386.3,7
388.0,28
389.3,12
389.5,5
389.5,13
389.7,32
390.3,0
391.1,9
391.6,19
391.8,33
392.7,26
392.8,15
393.2,8
393.6,21
393.6,34
394.9,14
395.2,17
395.6,38
395.9,16
398.3,1
398.4,23
398.5,39
398.6,37
399.3,29
399.4,11
399.6,30
400.6,9
400.9,28
400.9,3
401.2,10
401.4,18
401.6,24
401.9,5
402.1,35
402.2,31
403.2,36
405.4,14
405.6,19
405.7,13
406.9,17
407.0,12
408.1,38
408.6,21
408.8,34
409.1,22
409.1,37
409.6,1
411.7,39
412.8,11
414.0,16
414.7,27
414.8,5
415.0,3
415.1,28
415.2,9
415.6,10
415.9,19
416.2,32
416.3,31
416.5,17
416.8,23
417.1,25
417.3,0
418.9,14
419.2,33
419.9,13
421.0,26
421.3,38
422.3,36
422.4,1
423.5,18
423.6,7
423.8,34
424.1,8
424.7,31
424.9,3
425.3,12
425.3,39
426.1,19
426.2,17
426.4,30
426.6,16
426.6,20
426.8,11
427.2,0
427.2,32
427.8,9
429.0,21
431.3,33
431.4,5
432.2,28
432.7,14
433.2,22
433.5,29
433.6,34
436.2,19
436.2,38
436.4,15
437.0,24
437.4,21
437.7,31
437.9,23
438.0,17
438.6,35
439.1,11
440.2,3
440.5,26
440.8,13
441.7,16
442.0,18
442.5,39
443.1,9
443.3,10
444.4,33
444.6,6
445.2,1
445.9,37
446.1,28
446.6,38
447.4,36
447.7,19
447.9,8
447.9,14
448.0,7
448.6,32
449.2,17
449.2,25
449.3,12
450.0,31
450.4,5
450.9,29
451.5,34
452.5,9
452.8,3
453.7,0
453.7,27
453.8,16
453.8,23
453.8,30
454.3,11
456.0,22
456.0,33
456.3,21
457.2,18
457.3,17
457.7,1
457.8,38
458.1,31
458.2,19
458.9,39
460.7,28
461.9,37
462.0,10
462.6,5
463.4,32
463.4,34
464.5,14
464.7,17
465.2,9
466.4,35
466.6,11
467.2,12
467.2,16
467.3,13
467.5,3
467.6,31
467.9,19
468.2,15
468.5,26
468.7,24
468.9,38
469.4,21
470.7,2
471.0,39
471.3,18
472.2,5
472.5,28
473.1,0
473.4,17
474.5,23
475.4,14
475.7,6
477.2,12
477.5,7
477.6,36
478.0,38
478.5,22
479.4,19
480.5,30
480.9,1
481.3,39
481.5,10
481.6,9
481.7,27
481.9,11
482.2,3
482.2,34
483.1,31
483.3,8
483.3,33
483.3,17
483.3,25
483.8,37
484.1,32
486.3,16
486.7,15
488.0,5
489.6,38
491.8,19
491.8,28
492.0,29
492.5,21
492.6,14
492.7,12
492.8,0
492.8,39
493.3,9
493.5,10
494.9,34
496.3,17
496.6,11
497.1,31
497.2,7
498.1,26
498.8,38
499.2,23
499.4,24
499.7,13
499.9,1
500.5,33
500.5,35
500.8,3
500.8,18
500.8,28
501.0,16
501.1,8
501.1,36
501.7,2
502.4,32
503.1,19
503.4,14
504.2,5
504.8,9
505.3,6
505.3,17
505.6,11
506.7,37
506.8,21
506.9,39
507.0,22
507.4,34
507.7,38
509.8,29
510.1,27
511.2,20
511.7,12
513.1,17
513.5,10
513.5,16
513.6,31
514.0,3
514.0,19
514.1,1
514.1,15
514.1,25
514.3,36
514.7,18
514.7,23
514.9,9
514.9,28
514.9,33
517.5,26
517.6,11
518.3,5
519.7,39
521.0,34
521.1,14
521.1,38
521.3,24
522.1,3
522.1,21
522.4,8
522.5,32
523.2,12
523.4,28
524.0,17
524.5,19
525.2,9
525.5,0
526.3,31
526.9,23
528.1,1
528.2,36
528.4,18
529.2,7
529.2,11
529.6,33
530.7,30
531.4,5
533.2,39
533.5,16
534.6,29
535.0,13
535.3,15
535.3,38
535.4,21
535.6,27
535.7,9
536.0,14
536.1,17
536.1,22
536.7,28
536.9,34
537.1,19
537.2,26
537.4,10
538.3,37
538.4,3
539.0,36
540.3,31
542.6,12
542.9,11
543.2,32
544.0,5
544.7,1
544.7,9
546.5,8
546.8,23
547.7,19
547.9,17
548.0,39
548.1,24
548.2,16
548.9,21
548.9,27
549.2,38
549.5,33
549.5,7
549.8,0
550.3,13
550.5,18
550.6,12
551.5,22
551.5,34
551.5,35
551.9,3
552.1,14
552.6,10
552.9,26
554.2,5
554.2,6
554.8,28
555.0,31
556.1,19
556.4,32
556.6,1
557.1,11
557.2,30
557.7,17
557.8,39
558.0,38
558.3,16
558.3,36
558.7,9
558.7,37
559.2,15
559.6,2
561.2,31
563.4,21
564.0,34
564.9,3
565.9,24
566.9,0
567.4,19
568.5,38
569.0,18
569.2,17
569.4,11
569.4,29
569.7,7
570.2,36
570.3,9
570.3,28
570.5,14
571.2,5
571.4,39
571.6,13
572.3,12
572.9,26
573.3,37
573.7,1
574.7,23
575.0,32
575.9,31
576.4,34
576.6,19
576.8,3
577.0,22
577.1,17
577.2,27
577.7,8
578.3,10
578.8,16
580.7,5
581.4,28
583.5,38
583.7,18
584.0,35
584.8,14
585.2,33
585.5,3
585.5,12
585.6,21
585.7,22
585.7,32
585.9,0
586.3,24
586.7,34
587.6,6
587.8,9
588.1,13
588.3,17
588.4,15
589.4,10
590.1,23
590.5,38
590.7,31
590.7,11
592.0,1
592.0,5
592.6,39
593.1,26
593.8,16
593.9,8
594.0,28
595.1,19
595.7,32
595.8,17
596.6,33
596.7,11
597.1,12
597.6,34
599.3,36
599.4,38
601.2,3
601.3,14
601.8,7
603.4,9
603.5,23
603.6,19
603.7,13
604.2,16
605.0,31
605.2,35
605.2,37
605.8,5
607.2,21
607.3,12
607.4,18
607.5,17
608.0,8
608.5,29
609.3,11
610.9,0
611.5,32
611.7,28
612.8,19
612.8,10
613.1,22
613.1,38
613.4,26
613.8,3
614.1,31
614.3,39
615.4,9
615.7,23
615.8,1
615.8,5
615.8,34
616.0,15
616.0,21
616.9,24
617.0,37
617.4,33
617.6,30
618.4,17
618.6,16
618.7,12
618.7,14
621.6,27
622.4,38
623.7,19
625.9,17
626.5,18
626.5,29
627.2,9
627.8,3
627.8,36
628.0,28
628.0,32
628.2,5
629.2,13
629.2,21
630.7,11
631.5,14
631.6,16
631.7,34
632.2,23
632.2,35
632.2,37
632.3,19
633.4,31
633.6,7
633.8,38
634.1,24
634.1,1
634.6,8
634.8,39
636.6,17
637.1,10
637.2,28
637.4,22
637.9,2
637.9,9
638.7,26
639.5,15
639.7,5
640.8,36
640.9,12
641.0,3
641.0,11
641.7,33
642.0,16
642.7,19
643.0,31
644.4,17
645.9,23
646.0,0
646.0,21
646.1,38
646.2,7
646.7,39
647.8,32
647.9,14
648.4,24
648.7,34
648.9,10
649.0,13
649.4,28
650.0,25
651.1,30
651.7,17
652.6,3
652.7,5
652.7,12
654.5,9
654.5,16
654.6,11
656.1,19
656.1,21
656.5,15
656.8,36
656.9,1
657.5,31
658.5,37
658.6,38
659.5,34
659.6,26
660.6,28
661.2,9
662.9,5
663.0,17
663.1,16
663.3,33
663.6,39
664.3,32
664.7,35
664.8,14
665.1,10
665.1,23
665.7,18
666.3,19
667.6,38
667.9,8
668.3,12
669.6,3
671.1,17
671.6,24
671.7,28
672.2,22
672.7,7
672.7,16
673.0,9
673.3,29
673.4,1
674.0,15
674.1,5
674.7,11
674.7,31
674.9,36
675.2,25
675.3,27
675.7,39
676.1,14
676.3,37
676.4,21
676.4,26
676.7,34
677.3,13
678.9,32
679.2,2
679.2,19
679.5,38
679.7,30
680.1,17
680.6,12
683.0,28
683.8,33
684.5,23
685.0,5
685.6,14
685.9,31
686.2,26
686.3,21
686.7,1
686.7,16
686.8,17
687.5,3
687.5,38
687.8,10
688.5,8
689.0,11
689.6,0
689.6,19
690.5,22
690.8,39
692.2,9
692.5,17
693.2,20
694.5,34
695.2,11
697.2,19
697.7,14
698.1,7
698.3,10
698.3,32
698.6,18
698.9,29
700.0,38
700.1,28
700.3,24
701.0,23
701.2,3
701.2,12
701.2,33
701.8,31
702.2,21
702.7,1
703.5,36
704.0,13
704.1,5
704.7,16
704.8,8
705.2,17
705.7,34
705.8,27
705.9,19
706.2,9
706.3,37
707.7,38
708.2,39
708.6,28
708.8,26
709.6,14
711.1,22
711.3,12
711.3,17
711.5,33
711.8,11
712.1,21
712.5,0
712.8,18
713.0,7
714.3,23
714.3,32
714.6,5
715.0,3
716.4,19
716.4,31
717.0,1
717.6,9
717.6,38
718.6,15
718.7,34
719.0,35
720.4,30
720.5,24
721.4,17
722.4,25
723.3,36
723.7,10
723.7,16
724.6,0
725.0,3
725.3,39
725.6,31
726.7,5
726.8,11
726.9,12
727.5,28
727.7,38
727.9,37
727.9,14
728.2,22
728.2,26
728.2,32
728.7,19
729.7,13
731.3,34
731.7,17
732.3,9
732.5,21
733.2,8
733.3,33
734.2,24
735.9,36
736.5,23
737.2,1
738.9,18
739.7,17
740.0,39
740.4,31
741.0,38
741.3,3
741.5,19
742.4,22
742.5,28
742.6,5
742.7,7
743.4,12
743.9,27
743.9,11
744.2,16
744.2,32
744.3,10
744.9,14
745.8,34
747.6,38
747.9,17
748.0,9
748.1,26
748.3,24
748.6,39
749.0,35
749.8,1
750.4,5
751.0,15
751.6,19
753.0,16
753.5,21
754.6,0
754.6,36
754.7,2
754.8,28
754.8,30
755.0,33
755.1,17
755.8,9
756.1,11
756.1,31
758.8,13
760.3,38
760.9,37
761.9,7
762.0,5
762.0,34
762.1,3
762.4,12
762.5,39
762.8,18
763.1,10
763.1,14
763.3,32
763.5,19
764.6,28
764.8,23
765.5,22
766.4,31
766.5,17
766.6,26
766.7,35
766.8,1
767.6,21
767.7,27
768.8,8
769.2,29
769.8,38
770.7,11
771.1,9
771.8,16
771.9,19
773.1,24
774.0,30
774.5,15
775.1,5
776.2,33
776.4,39
776.9,25
777.2,17
777.2,38
777.6,13
777.8,28
778.2,36
778.2,22
779.5,8
779.9,9
780.1,10
780.1,23
780.1,34
780.7,12
780.9,3
780.9,32
781.3,37
782.0,16
784.2,11
784.8,7
785.2,19
786.2,1
786.6,14
787.0,31
787.2,35
787.3,28
787.3,21
788.8,39
789.1,0
789.1,38
789.2,17
789.2,26
789.8,3
789.8,18
790.1,5
790.9,9
791.1,20
792.2,15
794.5,2
795.3,28
795.3,33
795.5,34
796.8,19
796.9,32
797.2,14
797.4,16
797.7,17
797.8,37
798.0,11
798.4,12
799.0,5
799.8,31
800.4,38
802.4,3
803.2,10
803.2,9
803.4,1
803.6,21
803.6,22
804.1,0
804.2,24
804.6,23
804.7,28
805.0,13
805.1,34
806.5,17
807.1,5
807.4,37
807.7,33
807.9,18
807.9,39
809.2,26
809.7,38
810.0,36
810.5,11
810.6,19
812.3,9
812.4,6
812.7,8
813.1,30
814.0,28
814.1,16
814.9,29
815.4,21
815.4,27
815.6,31
815.7,32
816.9,10
817.0,12
817.0,17
817.3,33
817.3,34
818.7,1
818.8,3
819.0,13
819.1,5
821.2,23
821.3,39
821.4,19
822.1,14
823.0,20
823.2,22
823.3,28
823.8,16
824.6,38
824.8,9
825.7,11
825.8,36
826.0,25
826.8,17
828.0,31
828.6,19
828.9,5
829.2,0
830.2,26
830.3,12
830.3,32
830.4,24
830.7,10
831.2,15
831.3,2
832.7,34
833.3,28
833.7,17
834.2,39
836.1,38
836.2,29
836.4,21
836.5,1
836.7,9
836.7,23
836.7,33
837.0,3
837.5,14
838.7,7
838.8,16
839.2,5
840.3,11
840.7,37
841.7,35
841.7,31
841.9,18
842.9,8
843.0,36
843.2,30
843.3,22
843.8,17
844.0,19
844.0,34
844.5,28
844.8,13
844.9,32
846.2,38
849.7,16
850.6,26
851.0,1
851.0,3
851.2,11
851.9,39
852.2,0
852.2,6
852.3,17
852.4,5
852.7,10
852.8,14
853.1,21
853.8,24
854.0,18
854.1,9
855.2,23
855.3,25
855.4,19
855.9,12
856.3,27
856.5,15
857.0,38
857.8,33
858.0,20
859.6,32
859.9,28
860.9,36
861.4,26
861.4,34
861.8,3
863.3,39
863.8,5
864.9,17
865.1,31
865.8,19
866.6,29
866.9,11
867.0,21
867.4,1
868.1,14
869.6,9
870.0,38
870.2,34
871.6,17
873.1,37
873.2,16
873.9,24
874.0,33
874.2,12
874.3,7
874.3,27
874.4,18
875.1,19
875.5,5
875.5,28
875.6,6
878.3,22
878.4,32
878.9,30
879.1,31
879.4,23
879.6,25
879.7,8
880.0,1
880.1,35
880.2,13
880.3,3
880.3,15
880.5,2
880.9,11
881.0,34
881.1,26
881.2,10
881.3,12
881.9,5
882.0,33
882.6,17
883.8,39
884.2,9
885.0,38
885.3,19
888.2,36
889.2,14
889.9,3
890.6,5
891.1,21
891.1,28
891.1,29
891.3,16
892.0,0
892.7,31
892.7,37
893.0,11
893.0,13
893.4,17
893.4,19
894.5,38
895.1,39
896.1,9
896.3,12
897.0,7
897.7,24
897.8,26
898.0,34
898.4,8
899.6,18
899.8,1
899.8,32
900.0,28
900.2,23
901.2,14
902.0,22
902.0,33
902.9,38
903.1,10
903.6,5
903.6,13
903.7,17
904.2,21
906.2,27
907.3,16
907.6,19
907.7,7
907.8,2
907.9,31
908.1,3
909.4,11
909.6,36
909.8,39
910.4,9
910.4,12
910.6,17
910.6,26
911.0,21
911.3,18
911.3,28
911.7,34
912.1,14
912.1,15
912.1,30
912.9,32
913.1,33
913.2,5
913.8,25
914.0,37
914.1,38
915.4,35
916.1,1
917.8,3
918.3,23
918.8,9
920.3,19
920.6,11
920.8,22
921.5,4
921.6,8
921.9,13
922.0,17
922.0,24
922.0,31
922.5,21
922.8,38
923.1,10
924.5,20
924.6,34
924.7,39
925.0,36
925.1,1
925.3,0
925.4,28
929.1,5
929.1,16
929.5,29
929.6,12
929.7,33
929.9,37
930.9,3
931.2,15
931.3,14
931.3,18
932.2,26
932.3,7
932.6,17
933.0,9
933.2,32
933.4,39
933.6,34
934.4,23
934.5,11
934.6,6
934.9,31
935.0,27
935.0,36
935.8,19
936.8,38
937.8,21
938.4,12
940.3,16
940.6,5
940.8,1
940.8,28
942.2,8
942.5,17
942.5,39
942.6,13
943.3,11
943.3,29
943.3,33
943.6,22
943.6,37
943.9,38
944.6,32
944.7,9
945.2,19
946.0,26
946.9,18
947.2,35
947.5,30
949.0,14
949.6,15
950.4,3
950.6,0
950.7,17
950.9,10
951.8,5
951.9,31
952.0,39
954.9,23
955.2,24
955.2,37
955.8,38
955.9,1
956.1,16
956.6,28
957.2,34
957.4,36
957.4,2
957.4,12
957.8,17
959.1,19
959.1,32
959.2,8
959.9,7
961.2,9
961.7,11
961.9,35
962.0,27
962.8,5
962.9,18
963.0,26
963.1,14
963.3,3
963.3,13
963.5,31
963.5,38
963.9,21
966.7,9
966.9,28
966.9,29
967.0,22
967.8,17
968.8,33
969.0,39
970.8,34
972.2,32
972.7,16
972.8,19
973.8,1
973.9,3
973.9,12
974.3,31
974.3,38
974.9,10
975.7,23
977.2,24
977.7,21
977.8,9
977.8,15
978.5,36
978.6,25
978.6,30
978.7,5
978.8,28
978.9,6
979.3,11
979.4,17
980.2,33
981.6,26
982.9,32
983.0,0
983.0,1
983.0,39
983.2,14
984.5,19
985.0,34
985.2,29
985.5,38
985.9,17
985.9,23
986.0,18
986.0,37
987.6,8
987.7,3
987.7,21
987.9,28
988.0,16
988.1,7
988.4,27
988.5,5
988.5,31
989.7,13
990.8,12
991.7,9
992.1,22
992.3,11
992.8,33
993.8,19
994.0,35
994.8,26
995.4,1
995.6,38
995.7,17
996.3,10
997.2,39
999.2,32
1000.1,31
1001.1,3
1001.2,23
1001.6,34
1002.0,14
1002.2,13
1002.4,36
1002.7,28
1003.1,0
1004.2,38
1004.4,5
1004.7,17
1004.8,21
1005.3,16
1005.3,18
1005.6,7
1005.9,2
1005.9,9
1006.0,19
1007.5,11
1008.1,39
1009.8,10
1009.9,12
1010.5,3
1010.7,32
1011.3,6
1011.8,17
1012.0,15
1012.3,37
1012.5,34
1012.7,5
1013.0,28
1013.2,14
1013.6,1
1013.8,38
1014.2,31
1015.2,8
1015.2,19
1015.3,33
1016.1,0
1016.1,35
1017.1,39
1018.2,27
1018.3,9
1019.8,24
1019.9,22
1020.6,16
1020.9,21
1021.0,29
1021.2,3
1021.6,25
1022.2,17
1023.2,36
1024.7,23
1025.3,7
1025.9,38
1026.0,28
1026.5,14
1026.7,19
1026.8,5
1027.0,10
1027.1,30
1027.1,32
1027.4,31
1028.0,12
1028.0,26
1028.3,13
1029.2,1
1029.3,34
1029.4,39
1029.6,9
1030.0,37
1030.1,17
1030.4,11
1030.5,21
1031.1,8
1035.4,3
1036.6,18
1037.4,19
1037.5,28
1037.6,16
1039.7,12
1039.7,24
1039.8,33
1039.9,10
1040.3,38
1041.1,14
1041.1,39
1041.7,27
1041.8,23
1041.9,0
1043.2,5
1044.8,11
1045.4,17
1045.8,31
1046.0,36
1046.2,26
1047.0,1
1047.1,19
1048.3,34
1049.7,9
1050.1,21
1050.4,3
1050.6,33
1050.7,7
1050.9,22
1051.3,38
1052.1,13
1052.3,0
1052.5,5
1052.5,15
1052.6,37
1053.1,12
1053.1,17
1054.0,14
1054.9,32
1054.9,35
1055.3,16
1056.1,28
1058.3,19
1059.6,24
1059.9,31
1060.0,18
1061.3,1
1061.3,38
1061.5,11
1061.8,17
1062.2,34
1062.8,33
1063.4,39
1063.7,3
1063.7,26
1063.7,36
1064.5,10
1064.5,28
1064.8,8
1065.1,27
1065.7,14
1066.0,21
1066.2,9
1067.0,23
1067.7,5
1067.7,29
1069.1,30
1070.5,37
1071.0,39
1071.6,17
1072.0,19
1072.1,1
1072.3,12
1072.3,16
1072.7,38
1072.8,11
1073.1,22
1074.0,34
1074.6,7
1075.2,9
1076.4,31
1076.5,32
1076.7,18
1076.8,13
1077.0,28
1077.3,20
1077.6,6
1077.7,21
1078.6,17
1078.8,3
1078.9,0
1079.1,5
1080.2,11
1080.5,36
1081.5,38
1082.1,35
1082.3,33
1082.6,19
1083.0,29
1083.5,14
1083.6,10
1083.6,39
1083.7,24
1084.3,26
1084.6,16
1084.6,23
1085.0,8
1086.3,25
1086.4,1
1087.9,17
1088.0,31
1089.4,28
1089.5,9
1090.0,27
1091.8,13
1091.9,3
1092.0,21
1092.2,2
1092.4,34
1092.5,19
1092.8,5
1092.9,11
1093.9,12
1094.1,18
1094.8,32
1095.2,36
1095.4,39
1095.8,26
1095.8,38
1096.6,33
1097.7,17
1098.5,37
1098.7,23
1099.9,15
1100.2,14
1100.3,31
1101.3,0
1101.3,16
1102.3,24
1102.5,5
1102.7,6
1102.7,19
1102.8,35
1103.6,3
1103.6,9
1104.2,38
1104.6,21
1105.5,28
1106.6,39
1107.1,7
1107.3,11
1107.3,17
1108.0,34
1108.1,8
1108.4,10
1108.5,32
1108.9,19
1109.3,36
1109.9,14
1110.6,3
1110.6,29
1110.8,31
1110.9,38
1111.3,1
1111.5,12
1114.2,13
1114.4,18
1114.6,26
1115.0,22
1115.1,23
1116.0,9
1116.0,27
1116.5,21
1116.6,1
1116.7,17
1117.0,5
1117.3,28
1117.3,33
1118.3,32
1120.2,30
1120.9,16
1121.0,19
1121.8,38
1121.9,31
1122.1,34
1122.8,39
1123.3,10
1124.1,17
1124.8,14
1125.1,3
1125.1,24
1125.7,11
1126.2,12
1126.2,15
1126.3,8
1127.7,23
1129.2,25
1129.4,0
1129.6,1
1129.7,19
1130.5,9
1130.7,22
1130.9,5
1131.0,2
1131.0,36
1131.1,28
1131.2,37
1131.6,31
1132.0,16
1132.0,34
1132.3,21
1134.7,32
1135.0,39
1136.1,17
1136.3,38
1136.8,35
1137.5,13
1137.8,33
1138.7,7
1138.9,10
1139.8,11
1140.4,19
1141.8,24
1143.0,14
1143.0,23
1143.3,31
1143.7,26
1143.9,1
1144.1,18
1144.2,12
1144.5,0
1144.6,3
1144.7,34
1144.8,5
1144.9,20
1144.9,27
1145.1,30
1145.2,9
1145.5,28
1145.5,38
1145.6,17
1145.9,15
1148.3,21
1149.0,8
1151.4,16
1151.6,39
1152.3,19
1152.3,29
1153.6,11
1154.4,13
1155.1,17
1155.2,38
1155.4,5
1156.0,37
1156.6,32
1156.7,3
1157.6,9
1157.7,36
1158.1,24
1158.8,31
1159.9,14
1159.9,28
1160.0,34
1161.9,19
1162.5,18
1162.6,6
1162.6,35
1162.9,12
1163.1,10
1163.4,23
1163.4,26
1163.5,1
1163.5,17
1163.9,21
1164.0,33
1166.4,7
1166.7,38
1167.6,39
1167.9,3
1168.0,9
1168.1,25
1168.8,16
1169.3,22
1169.3,24
1169.6,32
1169.6,14
1171.1,17
1172.9,31
1173.0,27
1173.1,8
1173.6,13
1174.3,19
1174.7,5
1175.3,28
1175.4,12
1175.4,11
1175.4,30
1175.7,23
1177.0,38
1177.7,21
1177.9,34
1178.2,1
1178.5,9
1178.6,0
1179.2,39
1180.0,29
1180.1,17
1183.2,3
1183.3,31
1183.7,33
1186.2,19
1186.6,18
1187.0,14
1187.8,15
1187.9,32
1187.9,38
1188.0,25
1188.2,17
1188.4,9
1188.4,10
1188.5,5
1188.5,36
1188.6,26
1188.6,35
1188.7,12
1190.2,24
1190.4,27
1191.2,37
1191.3,23
1191.7,3
1191.7,28
1192.1,1
1192.7,11
1193.7,39
1194.3,22
1194.4,34
1194.9,16
1195.3,19
1195.4,7
1195.8,33
1196.5,5
1196.9,13
1198.2,38
1198.9,9
1199.7,10
1200.4,32
1200.5,17
1200.5,31
1200.6,2
1200.9,12
1200.9,21
1201.4,8
1201.9,28
1203.9,18
1203.9,0
1204.4,37
1204.6,38
1204.9,5
1205.5,19
1205.7,3
1205.7,14
1205.8,11
1206.5,26
1206.6,17
1209.1,9
1209.7,39
1210.0,34
1210.0,24
1210.7,36
1211.0,22
1211.2,1
1211.3,16
1211.3,31
1211.8,23
1212.0,30
1213.0,27
1213.2,15
1213.7,21
1214.0,17
1214.1,3
1215.4,19
1216.4,33
1216.4,38
1216.6,5
1216.6,11
1216.8,28
1219.1,12
1219.5,26
1219.8,32
1219.9,14
1221.2,9
1221.4,8
1222.9,13
1223.2,39
1223.5,16
1223.5,31
1223.9,10
1223.9,35
1224.0,1
1224.1,17
1224.7,34
1224.7,37
1224.9,7
1225.7,29
1227.2,3
1227.2,38
1227.3,21
1229.7,19
1230.1,11
1231.0,5
1231.7,9
1232.3,18
1233.5,12
1233.6,10
1233.6,14
1233.6,31
1233.8,28
1234.0,16
1234.0,17
1234.6,8
1234.7,23
1235.9,24
1239.0,19
1239.8,0
1239.9,15
1239.9,27
1240.0,32
1240.1,39
1240.6,13
1241.1,36
1241.2,3
1241.3,37
1241.3,38
1241.5,5
1242.3,22
1242.5,17
1242.6,34
1242.8,33
1242.9,9
1243.8,26
1244.0,11
1248.0,28
1248.1,21
1248.7,24
1249.3,1
1249.3,6
1249.8,29
1250.0,19
1250.1,7
1250.3,12
1250.6,2
1250.9,8
1251.2,14
1251.7,25
1252.0,39
1252.1,0
1252.3,17
1252.3,38
1252.6,31
1252.9,16
1253.3,9
1254.1,23
1255.7,36
1255.9,5
1256.5,3
1256.7,11
1257.1,10
1259.1,13
1260.0,39
1261.2,19
1261.2,32
1261.8,26
1261.9,33
1262.2,38
1263.1,17
1263.4,14
1263.7,28
1263.8,31
1264.0,37
1264.2,34
1264.3,16
1264.3,35
1265.0,18
1265.0,21
1266.0,1
1266.1,24
1268.6,30
1269.1,5
1269.7,0
1270.2,11
1270.9,17
1271.0,39
1271.2,22
1271.4,12
1271.6,3
1271.8,9
1272.2,10
1272.7,28
1273.1,27
1274.1,19
1274.1,38
1274.4,26
1274.9,21
1277.8,14
1278.1,6
1278.2,31
1278.2,34
1278.3,29
1278.7,5
1278.7,17
1279.9,8
1280.3,32
1280.5,13
1280.5,7
1281.2,16
1281.9,11
1281.9,19
1283.7,39
1284.1,28
1284.3,25
1284.4,9
1284.4,23
1284.4,24
1284.8,38
1284.9,15
1285.1,30
1285.7,3
1287.3,5
1288.5,17
1288.8,37
1289.3,35
1289.5,14
1289.5,33
1289.6,18
1289.7,1
1289.7,36
1290.5,19
1290.7,34
1290.9,26
1291.0,22
1293.7,10
1295.0,12
1295.7,38
1296.0,39
1296.5,31
1296.9,9
1296.9,16
1297.2,27
1298.0,11
1298.1,17
1298.5,21
1301.5,30
1301.8,7
1301.8,19
1302.3,1
1302.3,28
1302.6,29
1303.2,2
1303.8,3
1304.0,36
1304.2,13
1304.5,32
1305.3,5
1305.3,39
1305.6,0
1305.6,14
1306.3,23
1306.4,34
1306.7,26
1307.1,8
1307.7,24
1307.7,38
1308.2,21
1308.3,9
1308.5,33
1308.8,22
1309.7,17
1312.1,28
1312.9,11
1312.9,18
1313.0,31
1314.2,1
1314.2,38
1314.6,16
1314.8,19
1315.7,12
1316.3,35
1317.0,5
1317.0,9
1317.0,17
1317.2,3
1319.1,14
1319.4,8
1320.0,34
1320.3,28
1320.4,25
1320.7,37
1321.0,15
1321.2,18
1321.2,23
1321.5,10
1322.1,38
1322.1,39
1322.4,32
1322.8,13
1323.6,36
1324.0,20
1324.2,33
1324.4,7
1326.7,19
1327.3,3
1327.4,17
1327.6,6
1328.3,0
1328.3,11
1328.9,31
1329.1,16
1329.1,26
1329.3,32
1329.5,22
1330.0,29
1330.2,21
1330.5,24
1330.8,14
1331.3,27
1331.7,5
1332.0,38
1332.2,12
1332.4,30
1334.5,39
1334.6,9
1335.2,19
1335.5,17
1336.4,34
1337.2,23
1338.0,8
1339.6,24
1340.5,28
1340.6,18
1341.0,11
1341.2,16
1341.5,31
1341.7,38
1341.8,5
1342.7,22
1343.4,10
1343.9,1
1344.4,14
1344.5,13
1344.9,9
1345.3,21
1345.5,19
1345.8,36
1347.5,17
1347.5,37
1349.1,33
1349.4,26
1350.1,5
1350.4,35
1350.5,12
1350.6,3
1350.7,38
1351.0,39
1351.2,32
1352.1,11
1352.6,31
1353.3,18
1353.4,34
1353.9,19
1354.2,28
1355.6,17
1357.0,16
1357.1,20
1357.1,7
1358.0,9
1358.1,23
1358.8,5
1359.3,2
1360.6,12
1361.1,8
1361.1,24
1361.3,14
1361.8,21
1361.8,32
1361.9,39
1362.2,15
1362.6,22
1362.9,1
1363.4,11
1363.4,19
1364.0,36
1364.9,29
1364.9,38
1365.5,26
1365.7,3
1367.3,17
1367.9,0
1368.2,10
1368.6,31
1369.0,28
1369.2,9
1369.2,16
1369.2,34
1369.6,37
1370.9,30
1371.2,18
1371.9,33
1372.3,1
1372.7,17
1372.8,27
1373.1,38
1373.4,25
1373.5,5
1374.1,21
1374.9,32
1375.7,19
1376.9,23
1377.9,24
1378.0,11
1378.6,31
1379.1,13
1379.6,39
1380.1,36
1380.2,3
1380.4,14
1382.8,12
1383.1,26
1383.5,17
1383.8,9
1385.9,5
1386.5,15
1386.7,38
1386.8,28
1387.2,33
1387.6,16
1387.8,22
1387.9,10
1388.3,11
1388.8,18
1389.6,23
1389.7,19
1389.8,8
1390.0,35
1390.4,31
1390.5,17
1390.9,39
1391.3,34
1392.4,7
1392.8,2
1394.7,9
1394.7,38
1394.9,5
1395.5,21
1395.6,1
1396.0,17
1396.9,14
1397.6,29
1398.9,3
1399.4,13
1399.7,28
1400.2,16
1400.5,30
1400.5,32
1400.9,19
1401.3,0
1401.6,33
1402.2,31
1402.3,24
1403.3,27
1403.7,12
1403.8,10
1404.7,5
1404.9,17
1405.3,11
1405.5,39
1405.7,37
1405.9,18
1405.9,36
1407.0,7
1407.4,34
1407.4,38
1407.6,9
1407.7,6
1407.9,14
1407.9,26
1408.3,1
1408.4,19
1408.6,21
1409.3,28
1409.4,35
1410.0,8
1410.5,3
1410.9,23
1411.7,15
1415.2,17
1417.4,34
1418.1,31
1419.2,16
1420.4,12
1421.4,22
1421.5,19
1421.5,25
1421.5,11
1421.6,5
1422.0,9
1422.0,36
1422.2,26
1422.3,39
1422.6,10
1422.6,38
1422.8,21
1423.1,37
1423.8,3
1423.9,14
1423.9,17
1423.9,28
1424.1,13
1424.4,32
1426.6,18
1428.3,33
1428.8,29
1429.7,23
1429.9,24
1430.0,1
1430.3,27
1431.7,34
1432.3,5
1432.3,31
1433.1,2
1433.3,16
1433.3,17
1433.5,37
1433.7,8
1433.7,38
1434.1,3
1434.1,21
1434.1,39
1434.3,28
1434.5,9
1434.6,19
1435.1,12
1435.3,15
1435.9,35
1438.8,0
1440.1,10
1440.2,14
1441.1,32
1441.2,31
1441.7,38
1442.1,11
1442.8,1
1444.6,19
1445.2,7
1445.3,5
1445.3,36
1445.5,26
1446.4,13
1446.5,22
1446.7,18
1446.8,23
1446.9,6
1447.0,3
1447.1,33
1447.2,34
1447.4,9
1447.4,17
1448.0,30
1448.5,16
1449.3,24
1450.1,38
1450.6,1
1450.6,28
1451.3,32
1452.0,39
1452.6,21
1454.4,31
1454.6,29
1455.4,17
1455.6,25
1455.7,18
1455.8,12
1456.1,9
1456.4,0
1456.4,2
1457.0,19
1457.4,13
1457.6,15
1458.2,37
1458.7,27
1459.6,14
1459.7,8
1459.9,38
1460.7,26
1461.6,28
1461.8,10
1461.8,22
1461.9,35
1462.1,7
1462.2,5
1462.6,34
1462.8,16
1463.0,3
1463.0,11
1463.8,32
1465.2,39
1465.5,17
1466.0,19
1466.0,23
1466.5,1
1467.8,21
1468.6,31
1470.1,38
1471.9,30
1472.3,36
1472.5,9
1472.5,33
1472.6,5
1473.4,37
1473.9,3
1474.0,11
1474.0,13
1474.5,17
1475.5,24
1475.7,12
1475.7,28
1476.9,14
1477.6,34
1477.9,29
1478.2,35
1478.2,39
1478.3,16
1478.4,18
1478.5,23
1478.6,26
1478.7,8
1478.8,10
1479.2,20
1479.4,21
1479.9,7
1480.0,9
1480.1,19
1481.7,31
1482.3,32
1483.2,38
1483.7,17
1485.3,1
1486.1,36
1486.7,28
1486.8,11
1487.8,27
1488.4,3
1488.7,22
1489.1,19
1489.3,34
1489.4,5
1489.6,39
1489.9,15
1490.1,23
1492.7,17
1492.9,16
1493.0,9
1493.6,24
1494.7,38
1494.8,33
1494.9,14
1495.1,26
1497.1,37
1497.2,12
1497.8,11
1497.8,21
1498.0,31
1498.5,1
1498.6,3
1499.1,29
1499.3,32
1499.5,10
1500.1,28
1500.5,0
1501.3,36
1502.6,5
1502.7,7
1504.4,13
1504.4,34
1505.3,23
1505.7,9
1505.7,18
1505.9,17
1506.0,19
1506.1,8
1506.1,38
1506.6,16
1507.0,14
1507.0,22
1507.0,26
1507.2,12
1507.5,15
1507.7,39
1507.9,35
1509.7,28
1510.9,5
1512.2,11
1513.8,31
1514.8,1
1515.3,24
1515.5,33
1515.6,32
1516.1,3
1516.4,2
1516.4,16
1516.4,27
1516.9,17
1517.1,19
1517.3,38
1517.6,34
1517.8,23
1517.9,10
1518.0,0
1518.1,9
1518.2,14
1519.0,30
1519.2,21
1520.2,12
1521.9,5
1522.2,28
1525.0,8
1525.8,13
1526.0,18
1526.2,7
1526.3,36
1526.3,37
1526.5,22
1527.4,19
1527.6,38
1528.5,31
1528.8,3
1528.8,17
1529.0,9
1529.4,26
1529.5,1
1530.0,39
1530.5,11
1530.8,6
1532.1,5
1532.4,16
1532.4,23
1532.8,32
1533.3,34
1537.5,14
1537.5,22
1537.9,21
1538.1,10
1538.2,19
1538.5,11
1538.7,29
1539.0,3
1539.3,12
1539.8,25
1540.3,15
1540.3,17
1543.8,37
1544.3,38
1544.6,0
1544.6,1
1544.9,28
1544.9,39
1545.1,13
1545.2,30
1545.5,5
1545.6,8
1546.3,24
1546.5,33
1546.6,18
1547.5,9
1548.1,35
1548.5,3
1549.6,32
1550.7,17
1550.8,31
1551.6,26
1551.9,19
1552.3,14
1552.3,23
1552.4,11
1552.6,34
1553.5,21
1554.1,36
1556.2,38
1556.5,1
1557.1,12
1557.5,16
1557.6,20
1558.0,7
1558.0,17
1558.1,39
1558.4,19
1558.5,22
1559.0,5
1559.5,23
1559.6,10
1559.9,28
1560.3,0
1561.6,9
1562.6,18
1563.9,3
1563.9,35
1564.3,21
1564.3,31
1564.8,14
1565.3,29
1567.0,19
1567.6,8
1569.9,17
1570.2,37
1570.6,5
1570.8,38
1571.5,0
1571.8,39
1571.9,13
1572.0,15
1572.1,11
1572.1,26
1572.2,1
1572.8,34
1573.2,12
1573.4,27
1573.4,28
1573.6,16
1575.0,33
1575.1,3
1575.2,32
1575.4,14
1576.8,17
1576.8,35
1576.9,36
1577.0,31
1577.8,9
1577.8,19
1578.1,10
1578.1,21
1579.1,11
1579.3,5
1581.4,38
1581.7,16
1582.3,22
1582.9,23
1583.8,39
1584.4,18
1585.6,26
1586.4,28
1586.9,1
1587.4,12
1587.5,9
1589.0,8
1589.0,17
1589.1,24
1589.7,5
1589.9,19
1590.1,3
1590.1,14
1590.2,29
1590.5,33
1590.6,7
1591.3,20
1592.0,13
1592.2,31
1592.6,38
1592.7,37
1592.8,10
1592.8,21
1593.3,6
1594.3,39
1596.7,11
1596.9,18
1597.1,9
1597.6,28
1597.7,25
1597.8,32
1597.9,17
1598.1,26
1598.4,34
1598.7,5
1598.9,19
1602.0,16
1602.0,23
1603.2,13
1603.4,12
1604.2,14
1604.7,8
1604.8,39
1604.9,0
1604.9,31
1604.9,38
1605.0,36
1605.0,27
1605.7,35
1605.9,22
1606.1,5
1607.2,1
1607.4,18
1607.8,21
1607.9,19
1608.3,9
1608.7,3
1608.8,33
1611.6,30
1612.3,28
1612.8,17
1612.9,32
1613.3,11
1614.2,26
1614.2,34
1614.5,12
1614.6,13
1615.6,15
1615.6,16
1615.6,39
1615.7,2
1615.7,10
1615.8,37
1616.6,14
1617.0,19
1618.0,24
1619.2,31
1619.2,38
1620.0,1
1620.2,22
1620.2,35
1620.7,5
1622.2,3
1622.8,9
1623.0,17
1625.0,28
1625.1,27
1625.3,36
1626.6,26
1626.7,19
1626.8,16
1628.3,23
1628.6,34
1628.8,38
1628.9,21
1629.2,14
1629.6,5
1630.0,12
1630.9,8
1631.2,33
1631.2,10
1632.1,0
1632.1,17
1632.2,18
1632.4,29
1634.9,11
1635.0,39
1635.0,37
1635.8,32
1636.6,36
1636.8,7
1637.0,31
1638.0,1
1638.0,19
1638.1,9
1638.4,20
1638.5,28
1638.6,3
1638.7,5
1639.2,14
1639.3,21
1639.5,13
1640.0,11
1641.3,17
1641.4,34
1644.7,38
1645.1,16
1645.1,22
1645.1,25
1645.3,30
1646.3,19
1646.4,3
1647.6,12
1647.7,24
1647.8,5
1647.8,23
1648.0,9
1648.0,32
1648.1,39
1648.2,17
1648.6,14
1648.6,28
1650.8,31
1651.6,1
1653.1,18
1653.7,26
1654.0,33
1654.2,21
1656.3,34
1657.7,10
1657.7,17
1658.6,19
1658.6,28
1658.7,5
1659.0,15
1659.1,35
1659.1,38
1660.5,36
1660.6,7
1660.8,24
1660.9,16
1661.0,32
1661.2,37
1661.3,8
1661.3,11
1662.3,29
1662.7,22
1662.7,39
1663.2,23
1663.7,3
1664.4,9
1665.5,14
1665.5,26
1665.5,31
1665.8,12
1667.2,13
1667.4,21
1667.5,1
1667.7,34
1667.9,17
1669.5,27
1669.5,38
1669.8,5
1670.3,19
1671.7,28
1672.7,18
1673.4,8
1673.4,11
1673.9,35
1674.4,16
1675.0,32
1676.3,14
1676.7,39
1677.0,34
1677.3,9
1677.4,33
1677.5,0
1679.0,7
1679.1,17
1679.2,31
1679.3,23
1679.4,38
1679.6,19
1681.3,20
1681.4,6
1681.5,3
1681.6,36
1681.9,24
1682.1,5
1682.1,21
1682.3,10
1684.6,37
1684.7,25
1684.9,12
1685.4,26
1685.5,18
1685.8,1
1686.3,9
1686.9,15
1687.1,28
1687.2,33
1688.6,34
1688.8,17
1689.3,39
1689.5,38
1689.6,19
1690.1,14
1690.2,31
1690.5,11
1691.8,36
1692.6,23
1693.7,13
1694.2,27
1694.4,0
1694.5,16
1694.6,22
1695.0,9
1695.1,8
1695.6,21
1695.7,26
1696.5,1
1696.5,5
1697.1,32
1697.5,17
1699.5,3
1700.6,28
1700.7,37
1701.2,29
1701.3,11
1701.5,19
1702.1,31
1702.4,33
1702.6,7
1702.7,12
1702.8,38
1703.0,35
1703.5,39
1704.5,2
1705.0,34
1705.1,10
1706.7,17
1708.1,24
1708.6,9
1709.6,38
1711.1,19
1711.1,21
1711.2,30
1711.3,3
1711.7,5
1711.8,15
1711.9,14
1712.4,11
1712.6,26
1713.3,12
1713.7,23
1714.1,0
1714.2,6
1714.2,10
1714.7,28
1715.0,31
1715.9,13
1717.3,9
1718.2,16
1718.2,32
1718.3,17
1718.6,22
1719.2,1
1719.5,27
1719.8,7
1719.8,36
1720.5,38
1720.8,18
1721.4,39
1721.5,34
1722.0,19
1722.0,37
1725.9,5
1726.2,21
1726.8,29
1727.4,26
1727.7,3
1727.8,12
1727.9,33
1728.5,17
1728.7,11
1729.6,14
1730.4,25
1730.6,22
1731.0,28
1731.0,35
1731.6,31
1731.9,19
1732.3,9
1734.1,38
1734.7,10
1734.8,16
1735.0,5
1735.3,4
1735.3,23
1735.3,39
1735.6,24
1735.7,1
1735.8,34
1736.3,0
1737.7,13
1739.4,37
1739.5,17
1739.8,8
1740.1,32
1740.6,3
1740.9,28
1741.1,38
1741.9,36
1742.8,19
1743.6,2
1743.7,23
1743.8,12
1744.1,18
1744.3,11
1744.6,26
1744.6,31
1744.8,14
1745.7,27
1746.0,9
1746.0,30
1746.5,5
1746.7,1
1746.7,33
1747.3,17
1747.8,21
1748.9,39
1750.7,38
1752.9,23
1753.7,3
1754.3,34
1754.6,32
1755.2,12
1755.9,24
1756.2,31
1756.4,19
1756.6,10
1756.7,16
1757.7,15
1758.6,17
1758.8,7
1759.6,9
1759.9,5
1760.1,29
1760.4,38
1761.7,36
1762.2,11
1762.5,21
1762.8,37
1763.3,1
1763.4,26
1764.0,28
1764.2,14
1764.2,31
1764.3,3
1764.3,8
1764.6,39
1764.8,6
1765.8,13
1766.0,18
1766.5,17
1766.8,27
1767.6,19
1768.1,0
1768.1,34
1768.3,9
1768.7,32
1769.3,12
1770.9,5
1771.0,38
1771.1,33
1771.8,22
1772.5,7
1774.5,10
1774.6,23
1774.9,11
1775.3,25
1776.2,3
1777.4,16
1777.5,28
1778.3,19
1778.3,32
1778.4,15
1779.5,31
1779.6,38
1780.1,17
1780.3,14
1780.3,34
1781.3,35
1781.4,29
1783.2,39
1783.4,1
1783.7,5
1783.9,21
1784.1,8
1784.2,12
1784.4,26
1785.1,9
1786.2,31
1786.3,37
1786.8,36
1787.2,3
1788.4,38
1788.9,27
1789.0,17
1789.0,19
1789.0,24
1789.8,11
1790.8,13
1791.8,28
1791.9,16
1792.5,23
1792.9,39
1793.4,33
1794.6,22
1795.1,3
1795.1,8
1795.9,18
1796.2,32
1796.7,5
1796.8,9
1796.8,14
1797.0,19
1797.3,12
1797.5,38
1799.5,37
1799.9,30
1800.2,17
1800.2,35
1800.3,34
1800.5,10
1800.7,20
1802.6,1
1803.3,11
1803.7,5
1803.7,16
1803.7,36
1804.2,31
1804.8,21
1804.9,26
1807.7,3
1808.2,0
1809.1,17
1809.2,2
1809.3,24
1809.4,19
1809.7,9
1810.4,18
1810.5,33
1811.1,12
1811.3,28
1811.4,15
1811.4,23
1811.4,34
1811.6,32
1812.2,22
1812.2,38
1813.0,1
1814.6,29
1815.3,14
1815.5,10
1816.3,27
1817.0,39
1818.1,31
1819.7,7
1819.8,5
1820.2,36
1820.3,17
1820.8,19
1821.4,21
1821.5,35
1822.0,16
1822.1,26
1822.5,38
1823.1,13
1823.4,23
1823.8,22
1824.0,9
1824.5,25
1824.7,28
1826.0,34
1826.5,12
1826.7,37
1827.7,11
1829.5,3
1829.6,19
1830.9,1
1830.9,17
1831.2,0
1831.3,31
1832.5,33
1833.4,16
1833.8,5
1833.9,39
1834.0,38
1834.6,14
1835.7,32
1835.8,26
1836.0,15
1836.1,24
1837.7,8
1837.8,10
1838.5,23
1838.6,19
1839.0,18
1839.2,9
1839.7,34
1839.8,13
1840.0,17
1840.2,11
1840.4,7
1842.5,38
1842.7,28
1843.3,31
1843.6,30
1844.2,21
1844.3,2
1844.3,5
1845.7,29
1846.2,37
1846.3,14
1846.6,1
1846.9,22
1848.2,3
1848.6,19
1849.3,16
1850.1,17
1850.3,36
1851.6,35
1851.7,12
1851.8,34
1851.9,9
1851.9,23
1851.9,39
1852.7,38
1852.9,10
1853.3,32
1853.7,18
1856.9,17
1857.5,20
1857.5,28
1857.5,31
1858.4,33
1858.8,5
1858.9,11
1859.0,0
1860.4,1
1860.6,19
1860.8,3
1861.2,26
1861.3,24
1861.6,27
1862.2,15
1862.3,14
1863.0,38
1863.9,12
1864.2,39
1865.3,37
1865.8,17
1866.4,21
1866.6,13
1868.2,9
1868.9,8
1869.1,29
1869.2,19
1869.3,10
1869.5,31
1869.8,32
1870.2,18
1870.4,1
1870.9,11
1871.0,16
1872.0,28
1872.1,5
1872.1,7
1872.2,26
1872.2,36
1873.0,14
1873.1,38
1874.0,22
1874.2,2
1874.2,34
1875.5,9
1876.4,33
1876.5,30
1876.8,17
1877.1,0
1877.9,25
1878.1,19
1878.2,23
1878.2,39
1879.2,21
1879.3,3
1881.6,11
1881.9,18
1882.1,12
1882.6,6
1882.6,27
1883.3,24
1883.4,38
1884.1,14
1886.2,34
1886.8,5
1886.9,31
1887.2,19
1887.2,36
1887.6,37
1887.7,10
1887.7,33
1888.0,1
1888.0,29
1888.4,9
1888.4,32
1888.5,26
1888.7,13
1888.7,21
1889.0,28
1889.9,17
1890.9,3
1892.7,39
1892.8,16
1893.0,23
1893.1,22
1893.6,11
1893.6,14
1894.0,0
1894.5,15
1895.3,35
1895.9,38
1897.1,12
1897.2,8
1897.9,27
1898.6,17
1898.6,19
1899.0,7
1899.5,5
1900.5,1
1900.7,31
1901.1,9
1901.6,28
1901.9,21
1902.8,37
1903.0,34
1903.8,18
1904.9,24
1905.2,19
1906.3,3
1907.9,11
1908.2,5
1908.5,17
1908.9,39
1909.0,10
1909.1,36
1909.5,32
1909.8,21
1910.0,26
1910.3,12
1910.3,38
1910.8,33
1911.2,29
1911.5,14
1911.6,23
1912.6,16
1913.5,9
1913.9,28
1914.6,7
1914.7,1
1914.7,34
1914.8,19
1914.9,35
1916.0,31
1917.8,17
1918.0,13
1918.4,11
1918.6,3
1918.7,22
1918.9,37
1919.2,5
1919.3,18
1921.8,12
1922.0,32
1922.6,39
1922.9,28
1923.1,16
1923.7,19
1923.9,24
1924.1,23
1924.3,17
1924.3,25
1924.6,33
1924.7,8
1925.0,10
1925.2,21
1925.8,34
1925.9,14
1926.0,38
1926.2,26
1930.3,3
1930.6,0
1931.5,2
1931.9,5
1932.6,27
1932.6,31
1932.8,15
1932.8,18
1933.2,9
1933.2,19
1933.2,37
1933.5,8
1933.5,11
1934.1,30
1934.9,32
1935.0,39
1935.4,17
1935.8,16
1935.9,1
1935.9,24
1936.2,35
1936.7,28
1937.3,14
1937.9,36
1939.6,23
1939.7,38
1940.8,13
1940.9,34
1941.0,26
1941.1,21
1941.4,12
1941.6,20
1941.6,33
1942.2,5
1944.0,19
1944.8,17
1947.1,3
1947.5,22
1948.4,9
1949.6,11
1949.8,31
1951.0,7
1951.0,29
1951.5,19
1951.5,34
1952.0,6
1952.1,5
1952.6,38
1953.3,35
1953.6,32
1954.4,8
1954.9,10
1955.9,28
1956.3,39
1956.4,15
1956.5,14
1956.5,17
1957.4,21
1957.5,37
1957.6,16
1958.0,9
1958.3,12
1958.5,18
1958.6,23
1958.9,27
1959.0,38
1959.1,24
1959.2,1
1959.6,0
1960.2,19
1963.7,36
1964.0,6
1964.5,13
1964.5,26
1964.5,30
1965.0,11
1965.7,34
1966.6,17
1966.7,5
1967.1,33
1967.5,31
1967.9,9
1968.0,19
1968.2,16
1969.0,3
1969.0,7
1969.0,25
1969.1,10
1969.5,21
1970.3,18
1970.5,28
1970.5,38
1973.5,35
1974.3,39
1974.6,26
1975.1,12
1975.3,1
1975.8,32
1976.0,23
1976.6,22
1977.4,31
1977.6,14
1978.7,11
1978.7,19
1978.8,2
1978.8,17
1978.9,38
1979.3,5
1979.5,9
1979.8,33
1980.1,37
1980.5,29
1982.4,18
1983.1,0
1983.1,21
1983.1,28
1983.1,39
1983.2,8
1983.4,34
1983.5,36
1983.9,3
1984.2,17
1984.4,1
1984.8,15
1984.9,38
1986.8,10
1987.2,23
1987.3,11
1987.6,16
1989.1,24
1989.9,7
1990.6,30
1990.7,9
1990.8,32
1991.3,13
1991.7,31
1992.6,14
1992.6,34
1993.2,19
1994.5,12
1995.1,5
1995.4,1
1995.5,3
1995.7,21
1995.7,11
1995.7,39
1996.0,22
1996.2,17
1997.1,0
1997.1,26
1999.0,38
1999.7,19
2000.3,18
2001.1,33
2001.1,35
2001.5,16
2001.7,9
2002.0,34
2003.0,17
2004.2,28
2004.4,10
2004.7,8
2004.9,37
2005.8,2
2006.8,14
2007.7,3
2007.8,1
2008.7,5
2008.7,31
2009.4,15
2009.9,25
2010.7,9
2010.7,39
2011.2,38
2012.2,29
2013.0,23
2013.1,12
2014.0,34
2014.3,36
2014.5,18
2014.6,16
2015.2,19
2015.4,11
2016.0,17
2016.1,5
2016.2,26
2016.3,27
2016.7,13
2016.7,21
2016.8,8
2016.9,38
2017.1,22
2017.1,28
2017.5,33
2017.6,7
2018.4,32
2018.5,24
2019.3,3
2019.4,0
2019.7,31
2020.3,19
2022.1,10
2022.2,1
2023.2,39
2023.2,11
2023.7,9
2024.3,17
2024.3,28
2025.7,12
2025.9,14
2027.3,37
2027.5,38
2028.1,23
2028.6,34
2028.8,18
2030.7,5
2031.1,9
2031.8,21
2032.1,19
2032.3,13
2033.4,12
2034.6,16
2035.5,17
2035.5,35
2035.7,31
2035.8,1
2035.8,3
2035.8,36
2035.9,28
2036.0,2
2036.4,26
2037.2,38
2038.4,32
2041.0,22
2041.9,19
2042.2,33
2042.3,27
2042.5,29
2042.7,6
2042.7,11
2042.7,21
2043.5,8
2043.7,15
2043.9,5
2044.5,25
2045.1,39
2046.7,9
2047.5,34
2047.8,23
2048.4,0
2048.6,13
2049.3,7
2049.3,16
2049.6,14
2049.6,28
2049.8,17
2050.2,10
2050.4,30
2051.0,38
2051.1,31
2051.1,37
2051.2,3
2051.6,24
2052.0,19
2052.1,12
2052.7,18
2052.8,32
2053.4,11
2053.7,1
2055.0,5
2055.6,36
2056.0,17
2058.5,23
2058.7,34
2058.8,9
2059.4,33
2059.8,3
2059.9,8
2060.1,28
2060.1,29
2060.2,38
2060.3,39
2060.7,35
2063.7,26
2063.9,5
2064.3,31
2064.6,12
2065.3,21
2065.4,19
2065.9,16
2067.4,17
2067.8,14
2067.8,25
2068.1,6
2068.3,22
2068.5,13
2068.9,1
2069.1,0
2069.9,38
2071.6,10
2071.8,11
2072.4,36
2072.7,3
2072.7,23
2072.9,26
2072.9,34
2073.0,28
2073.1,9
2073.3,37
2074.7,18
2074.7,32
2075.0,7
2075.3,5
2075.3,19
2075.4,39
2075.5,15
2075.9,17
2077.8,21
2078.7,12
2078.9,24
2079.3,38
2080.1,4
2081.3,31
2083.9,30
2084.1,9
2084.1,16
2084.7,17
2085.1,2
2085.3,28
2085.3,29
2085.5,3
2085.5,6
2086.0,19
2086.1,34
2086.3,33
2086.4,14
2086.5,11
2086.7,13
2086.8,8
2089.3,21
2089.5,39
2089.8,1
2090.8,5
2091.4,23
2091.6,35
2091.9,27
2092.3,0
2092.7,38
2093.1,20
2093.3,31
2093.5,32
2094.1,12
2094.1,17
2094.2,26
2094.3,22
2094.7,36
2094.8,19
2094.8,34
2095.0,9
2095.3,24
2097.5,11
2098.1,28
2098.2,37
2099.4,18
2099.7,16
2100.5,3
2100.9,15
2100.9,5
2101.3,33
2101.4,30
2101.5,10
2101.7,38
2102.0,7
2102.1,14
2105.2,32
2105.9,39
2106.0,12
2106.2,19
2106.5,25
2106.8,31
2107.9,21
2108.4,28
2108.5,1
2108.7,17
2108.7,34
2110.4,22
2110.7,13
2110.7,23
2110.8,9
2110.8,16
2111.1,26
2111.2,38
2112.0,36
2113.3,0
2114.1,33
2114.2,5
2115.6,27
2116.7,8
2116.9,37
2117.3,3
2117.7,19
2118.0,14
2118.1,11
2118.3,17
2118.7,28
2119.8,31
2120.2,10
2120.7,5
2121.0,12
2121.0,21
2121.6,6
2122.2,39
2123.3,38
2124.7,29
2125.3,9
2125.7,3
2125.7,30
2126.1,19
2126.2,1
2126.2,23
2126.5,15
2126.7,34
2126.8,18
2128.0,16
2129.0,11
2129.6,13
2129.9,33
2130.7,17
2131.1,38
2131.9,14
2132.3,21
2132.7,25
2132.8,5
2133.2,2
2133.9,19
2133.9,39
2134.0,32
2135.0,7
2135.2,28
2135.7,31
2136.6,12
2140.2,1
2140.4,10
2140.6,3
2141.6,38
2141.7,19
2142.1,17
2142.6,11
2143.1,34
2143.6,39
2143.8,28
2143.9,8
2144.3,24
2144.6,22
2144.8,15
2145.1,9
2145.9,33
2145.9,35
2146.0,36
2146.6,16
2146.7,5
2146.9,14
2147.2,23
2150.2,32
2150.4,0
2150.4,37
2150.5,18
2150.5,31
2150.6,38
2151.4,3
2151.7,1
2152.1,17
2153.0,26
2154.7,34
2156.4,28
2156.7,21
2157.0,13
2157.2,11
2157.2,27
2157.3,14
2157.3,30
2158.1,12
2158.6,19
2158.7,39
2158.8,7
2159.9,3
2160.0,31
2160.1,38
2160.2,17
2160.7,22
2160.8,8
2162.2,10
2163.4,24
2165.1,26
2165.4,23
2165.9,37
2166.4,33
2166.5,16
2166.6,9
2167.8,29
2168.7,5
2168.9,20
2169.2,19
2169.3,32
2169.7,36
2170.1,17
2170.3,1
2170.5,38
2170.8,12
2170.9,8
2170.9,28
2171.0,31
2171.0,39
2171.6,13
2172.0,14
2172.7,11
2173.5,10
2175.5,34
2176.5,21
2177.3,25
2177.6,9
2178.7,0
2178.9,3
2179.5,18
2179.6,1
2179.7,16
2181.4,19
2181.5,35
2182.1,17
2182.7,15
2183.0,38
2184.0,5
2184.2,23
2184.3,14
2185.3,13
2185.3,21
2185.9,33
2186.1,22
2186.1,26
2186.1,28
2186.3,31
2186.9,7
2188.0,17
2188.2,32
2188.3,1
2188.4,24
2189.0,11
2189.1,9
2189.2,12
2192.2,37
2193.2,19
2193.6,39
2193.9,2
2194.2,3
2194.2,34
2194.3,8
2194.5,5
2194.5,10
2195.1,30
2195.4,38
2195.4,36
2196.7,21
2196.9,18
2197.1,27
2197.8,16
2198.0,7
2198.0,17
2198.5,12
2198.5,14
2199.3,28
2201.8,11
2202.6,33
2202.7,1
2202.7,13
2202.8,9
2202.8,19
2203.1,0
2203.1,5
2204.8,3
2205.7,31
2206.1,29
2206.3,8
2207.4,6
2207.4,34
2207.6,14
2208.1,23
2208.2,32
2208.4,17
2208.9,22
2209.2,26
2209.2,37
2210.1,21
2210.7,11
2211.3,10
2212.4,38
2212.9,7
2213.1,9
2213.5,19
2213.9,35
2214.0,39
2214.2,16
2214.2,28
2216.1,5
2216.4,13
2216.9,31
2217.0,1
2217.7,33
2217.8,12
2218.9,18
2219.0,17
2220.3,28
2220.4,3
2222.1,36
2222.2,39
2222.6,11
2223.2,32
2223.3,27
2223.5,23
2223.8,26
2224.1,9
2224.1,38
2224.7,24
2225.2,14
2225.2,19
2225.3,34
2225.5,8
2226.4,17
2228.9,5
2229.5,15
2230.1,21
2230.5,2
2231.4,35
2232.3,16
2232.5,29
2232.6,0
2232.6,12
2232.8,30
2233.5,10
2234.0,38
2234.1,31
2234.7,3
2234.8,1
2234.8,28
2234.9,17
2235.3,9
2236.3,19
2236.6,26
2237.5,14
2237.9,11
2238.6,22
2238.9,37
2239.9,13
2240.6,39
2242.0,33
2242.4,24
2242.7,36
2243.4,17
2243.4,32
2243.5,34
2243.7,23
2244.8,9
2245.7,21
2246.0,11
2246.3,3
2246.3,19
2247.4,5
2248.1,1
2248.3,0
2248.6,28
2248.8,31
2249.6,25
2249.8,38
2250.1,8
2251.6,23
2252.0,26
2252.4,17
2252.9,12
2253.0,35
2253.8,39
2254.0,16
2254.2,19
2255.1,14
2255.9,11
2256.1,38
2256.2,33
2256.2,36
2257.6,18
2258.8,7
2259.0,29
2259.3,9
2259.8,32
2259.9,5
2260.2,10
2260.2,30
2260.3,27
2260.8,34
2261.0,31
2262.0,3
2262.0,24
2262.2,35
2262.9,1
2262.9,19
2263.8,28
2264.5,17
2266.1,38
2266.2,39
2267.5,21
2267.8,23
2268.8,22
2269.4,15
2269.7,12
2270.4,6
2270.5,37
2271.0,0
2271.2,5
2271.5,26
2271.7,24
2271.8,13
2272.0,11
2272.0,16
2272.7,17
2273.0,19
2274.0,29
2274.1,3
2274.1,14
2275.6,9
2276.2,34
2276.8,32
2276.8,33
2276.8,36
2278.2,18
2278.3,31
2278.4,7
2278.4,38
2281.3,1
2281.8,21
2281.8,23
2282.5,16
2282.5,17
2282.7,28
2282.9,39
2283.2,10
2283.3,37
2284.8,25
2284.9,19
2285.1,12
2285.4,0
2286.2,2
2286.7,24
2286.7,29
2286.7,34
2287.1,3
2287.5,11
2287.8,5
2288.8,8
2288.9,26
2289.0,31
2289.2,14
2290.1,17
2290.4,38
2290.9,36
2291.3,9
2291.3,13
2291.6,18
2292.8,33
2295.5,19
2295.6,21
2295.6,37
2296.0,27
2296.4,16
2296.5,32
2297.7,7
2298.2,28
2298.6,5
2298.8,17
2298.9,34
2299.5,39
2299.6,38
2299.8,9
2301.1,23
2301.2,1
2301.2,12
2301.5,3
2301.5,22
2302.0,18
2302.0,19
2302.1,11
2303.0,31
2303.9,13
2306.1,14
2306.3,30
2306.4,10
2306.5,29
2307.6,39
2308.2,9
2308.8,8
2309.6,17
2309.8,5
2310.1,38
2310.6,15
2311.3,21
2311.5,2
2311.5,6
2311.5,36
2311.7,1
2311.7,26
2311.8,16
2312.1,34
2312.3,33
2312.8,28
2313.3,19
2313.4,24
2314.9,22
2316.2,3
2318.4,5
2319.4,11
2320.2,9
2320.4,32
2321.3,29
2321.7,12
2322.2,37
2322.3,23
2322.4,31
2322.5,13
2322.5,38
2323.1,17
2323.2,28
2323.3,35
2324.2,14
2324.7,16
2326.4,34
2326.5,21
2326.5,36
2326.7,33
2328.1,8
2328.1,39
2328.5,19
2329.0,26
2329.7,18
2330.5,27
2331.0,10
2331.1,9
2331.1,0
2331.1,5
2331.4,38
2331.5,17
2332.6,1
2334.8,23
2335.1,6
2335.1,28
2335.8,11
2336.1,7
2336.1,31
2336.2,3
2336.7,39
2337.2,15
2337.8,24
2338.1,16
2339.0,5
2339.2,12
2339.5,19
2339.8,34
2340.5,21
2340.5,22
2341.0,18
2341.6,9
2341.6,38
2342.0,17
2342.1,25
2342.1,29
2342.5,0
2342.8,13
2342.9,26
2344.2,3
2344.3,14
2344.8,33
2345.6,1
2346.3,10
2346.3,23
2347.5,39
2347.6,11
2347.7,37
2348.0,32
2348.2,5
2348.5,36
2348.8,9
2348.8,28
2349.4,8
2349.4,19
2350.1,31
2351.5,38
2352.6,17
2354.3,35
2355.0,16
2355.2,30
2355.3,12
2355.9,27
2356.8,39
2357.0,5
2357.3,3
2357.4,21
2358.5,34
2359.0,14
2361.6,1
2361.6,19
2362.1,11
2362.2,9
2362.7,26
2363.5,29
2363.7,17
2364.2,28
2364.2,31
2365.0,24
2365.1,15
2365.1,36
2365.5,0
2365.6,22
2365.6,38
2366.8,2
2366.9,7
2367.9,18
2368.2,39
2368.4,5
2368.6,37
2368.8,13
2369.2,32
2370.2,20
2370.4,12
2370.7,9
2370.9,11
2371.3,6
2371.5,23
2373.5,21
2373.8,16
2374.1,3
2375.0,17
2375.1,19
2375.1,38
2375.6,33
2376.0,14
2376.0,28
2377.2,10
2378.2,8
2378.3,22
2379.7,32
2379.7,12
2380.1,34
2380.6,39
2382.5,35
2382.9,17
2382.9,31
2382.9,38
2383.1,15
2383.4,19
2383.5,9
2383.5,11
2383.5,27
2384.0,18
2384.4,1
2385.7,23
2385.8,16
2386.3,7
2386.7,22
2388.3,33
2388.7,21
2389.0,32
2389.2,5
2390.5,26
2390.7,0
2390.7,3
2390.9,17
2391.2,25
2392.7,39
2393.0,19
2394.4,9
2394.6,37
2394.8,13
2395.0,38
2395.1,24
2395.4,14
2395.5,11
2395.6,12
2396.1,6
2396.1,28
2397.0,34
2397.0,36
2398.0,10
2400.2,17
2400.5,8
2400.7,31
2401.6,19
2401.8,5
2401.8,7
2401.8,26
2402.3,21
2403.0,16
2403.3,18
2404.1,23
2405.8,3
2406.0,33
2406.6,1
2407.1,29
2407.3,14
2407.3,15
2407.9,2
2407.9,17
2407.9,38
2408.3,9
2408.7,27
2408.8,39
2409.9,11
2410.5,12
2410.9,5
2411.0,32
2411.3,37
2413.1,28
2413.8,10
2414.3,36
2415.3,13
2415.3,35
2415.4,22
2415.9,19
2416.3,9
2416.4,1
2416.5,34
2416.7,3
2416.7,30
2416.9,16
2417.4,0
2417.6,18
2417.6,31
2417.8,17
2419.0,24
2419.1,21
2419.7,26
2420.9,23
2421.0,5
2421.8,28
2422.3,15
2422.3,39
2422.4,38
2422.5,33
2424.1,27
2425.5,11
2425.5,17
2425.9,32
2426.1,12
2426.2,19
2426.4,3
2426.8,14
2426.9,9
2427.1,1
2429.7,31
2429.7,34
2429.8,37
2429.9,8
2430.5,13
2431.4,7
2431.4,16
2432.8,38
2433.0,5
2433.4,24
2434.3,9
2435.1,21
2435.5,11
2436.1,28
2436.1,19
2436.3,18
2436.6,17
2436.6,25
2437.8,23
2438.8,39
2439.9,10
2440.2,12
2440.3,3
2440.5,38
2440.6,32
2441.4,13
2441.6,35
2442.2,31
2443.4,33
2443.6,1
2443.9,16
2446.4,17
2446.6,14
2447.8,27
2448.0,26
2448.0,29
2448.2,34
2448.3,36
2448.8,19
2449.3,22
2450.7,5
2450.7,9
2451.1,11
2451.5,38
2452.9,3
2453.0,18
2453.1,7
2454.4,17
2455.5,15
2456.1,39
2457.3,28
2457.6,2
2458.1,23
2458.2,12
2458.8,8
2458.9,1
2459.0,6
2459.4,0
2459.4,13
2459.4,16
2459.4,33
2459.6,14
2459.6,32
2459.9,21
2460.5,24
2460.7,10
2460.9,31
2460.9,37
2461.1,34
2461.5,5
2462.2,19
2463.1,3
2463.1,30
2464.5,26
2464.7,11
2464.7,17
2465.1,38
2465.8,36
2466.3,9
2466.3,22
2469.8,23
2470.4,16
2470.8,15
2471.3,34
2471.5,24
2471.8,19
2471.9,9
2471.9,27
2472.0,5
2472.1,1
2472.1,14
2472.1,18
2472.3,12
2472.6,17
2472.7,28
2472.7,37
2473.9,39
2475.8,3
2477.0,29
2477.4,21
2478.9,10
2479.3,33
2479.3,38
2479.5,36
2479.6,5
2480.1,22
2480.8,7
2481.0,31
2481.4,28
2482.2,16
2482.2,17
2482.9,9
2482.9,34
2483.3,14
2483.5,25
2484.1,19
2485.8,32
2486.4,8
2487.1,39
2488.0,38
2488.1,23
2488.1,35
2488.3,31
2488.7,12
2488.9,26
2489.0,17
2489.1,1
2489.5,11
2489.5,18
2489.6,3
2491.9,19
2494.2,30
2494.4,21
2494.6,9
2494.9,36
2495.0,28
2496.0,34
2496.1,15
2496.2,13
2496.3,5
2496.3,32
2497.5,22
2499.1,6
2499.7,26
2500.0,17
2500.2,37
2500.5,19
2500.8,38
2501.4,0
2501.8,2
2501.8,39
2502.2,10
2502.3,28
2502.3,31
2502.4,11
2503.1,14
2503.3,3
2503.3,7
2503.9,33
2504.1,9
2504.7,29
2506.4,34
2507.4,16
2507.5,21
2507.7,24
2507.7,32
2507.7,35
2507.9,5
2509.1,17
2510.3,19
2511.5,12
2512.0,1
2512.8,38
2512.9,23
2515.0,27
2515.1,13
2515.6,18
2515.7,28
2516.2,17
2516.5,11
2516.9,31
2517.9,21
2518.0,8
2518.6,9
2518.8,14
2519.2,3
2519.5,39
2519.8,19
2523.1,16
2523.6,7
2523.8,5
2523.8,34
2524.3,15
2525.1,30
2525.1,38
2525.5,10
2526.2,21
2526.4,29
2526.8,17
2527.2,1
2527.9,3
2528.4,12
2528.4,36
2528.9,28
2529.2,33
2529.9,23
2530.2,9
2531.2,14
2531.5,11
2532.0,18
2532.0,32
2532.7,22
2532.9,25
2533.2,19
2533.5,31
2533.5,35
2534.0,13
2534.1,37
2534.3,5
2535.0,0
2535.4,28
2536.7,39
2536.9,38
2537.5,34
2538.0,17
2538.9,26
2539.3,3
2540.3,8
2540.3,11
2541.3,21
2541.5,19
2542.4,16
2543.3,17
2543.5,1
2544.2,12
2545.5,10
2545.9,9
2546.2,5
2546.3,31
2546.4,15
2546.9,34
2547.1,14
2547.3,38
2547.4,23
2547.6,24
2548.5,28
2551.5,19
2551.6,26
2552.1,32
2552.6,33
2553.0,29
2553.1,39
2553.6,27
2554.5,3
2555.2,17
2556.3,0
2556.3,34
2556.4,11
2556.4,18
2556.9,8
2556.9,21
2557.4,5
2558.0,14
2559.1,1
2559.2,39
2559.8,38
2560.9,31
2561.8,9
2562.2,7
2562.2,36
2562.3,2
2562.4,19
2562.4,35
2563.3,3
2563.5,13
2563.7,37
2564.1,24
2564.1,25
2564.5,23
2565.5,16
2566.1,28
2566.5,17
2566.8,33
2568.6,38
2568.9,5
2568.9,12
2569.4,1
2570.1,32
2570.9,19
2571.6,10
2571.6,30
2571.7,31
2571.9,39
2572.4,26
2572.5,29
2572.6,34
2572.8,8
2573.5,18
2573.6,36
2573.9,14
2574.2,9
2574.8,22
2575.2,15
2575.4,11
2575.5,3
2578.1,17
2578.2,38
2578.3,16
2578.4,28
2579.6,6
2580.1,19
2580.3,21
2580.9,5
2581.0,33
2581.6,23
2582.1,37
2582.5,32
2582.6,31
2583.6,12
2584.5,34
2585.9,9
2586.0,22
2586.1,17
2586.3,11
2586.3,18
2586.6,35
2586.7,3
2586.9,14
2587.0,24
2588.6,37
2589.3,5
2590.5,21
2591.7,26
2592.4,10
2592.4,38
2592.5,1
2592.5,28
2593.1,25
2593.6,39
2594.0,36
2594.6,19
2594.8,32
2594.8,0
2595.4,29
2595.4,31
2595.6,8
2595.6,17
2595.9,33
2596.1,16
2596.3,12
2596.3,34
2597.3,27
2597.4,5
2597.5,11
2598.9,14
2600.3,7
2601.3,23
2601.7,9
2602.8,3
2603.4,15
2603.4,37
2603.6,38
2604.7,13
2605.2,30
2605.3,19
2605.3,6
2605.5,31
2605.5,21
2606.4,18
2607.0,17
2608.1,1
2608.2,28
2609.7,32
2609.9,16
2610.8,5
2610.8,26
2611.0,39
2611.3,12
2611.3,24
2613.6,37
2613.7,3
2613.7,11
2613.7,21
2613.8,0
2614.1,30
2614.2,9
2614.3,13
2615.2,34
2615.2,19
2615.7,17
2617.7,22
2617.9,38
2618.6,31
2618.6,33
2619.9,14
2620.7,10
2621.5,23
2621.6,8
2621.6,36
2622.1,26
2622.6,39
2622.7,7
2622.7,18
2622.8,29
2622.9,27
2623.4,28
2623.8,1
2623.9,17
2624.3,32
2624.6,5
2624.8,3
2625.2,9
2627.3,19
2628.8,11
2629.4,16
2630.7,38
2631.3,12
2632.0,5
2632.1,35
2632.3,10
2632.3,14
2632.3,34
2632.8,21
2632.9,15
2632.9,22
2633.3,39
2633.5,25
2633.7,28
2636.4,33
2636.9,13
2637.5,36
2638.6,38
2640.3,1
2640.5,24
2640.6,17
2640.8,19
2641.1,30
2641.1,31
2641.8,11
2642.1,32
2642.6,3
2642.9,23
2643.2,9
2643.6,18
2646.4,39
2646.6,26
2647.3,15
2647.4,8
2647.9,6
2647.9,17
2648.1,5
2648.5,7
2648.6,0
2648.8,14
2648.8,19
2648.9,38
2650.7,10
2650.9,34
2651.0,32
2651.1,21
2651.2,16
2651.4,3
2651.6,23
2652.0,22
2652.0,29
2652.1,9
2652.3,12
2652.3,37
2652.4,33
2652.5,28
2652.5,31
2654.8,11
2655.5,5
2656.0,1
2656.7,35
2657.3,27
2658.5,36
2659.0,19
2659.2,21
2659.5,17
2659.8,38
2660.8,13
2660.9,24
2661.4,15
2661.9,39
2661.9,22
2662.4,2
2662.6,11
2662.7,14
2662.9,12
2663.0,28
2663.1,25
2664.7,17
2664.7,32
2664.9,34
2665.1,10
2665.3,30
2665.4,16
2666.1,18
2666.5,7
2667.2,33
2667.3,5
2667.6,23
2668.2,1
2668.6,3
2669.8,31
2670.1,19
2670.1,28
2670.7,38
2670.8,9
2671.7,0
2672.4,8
2672.8,17
2673.4,32
2673.7,37
2675.5,5
2675.6,14
2675.6,39
2678.2,21
2679.4,1
2679.4,11
2679.4,35
2679.8,29
2679.9,34
2680.0,19
2680.4,16
2681.9,36
2682.0,6
2682.4,26
2683.0,27
2683.5,3
2684.3,17
2684.9,38
2685.0,33
2685.1,28
2686.4,13
2686.5,9
2687.2,31
2688.0,14
2688.1,23
2688.2,12
2688.9,19
2689.0,39
2689.1,5
2689.3,30
2689.9,18
2690.1,11
2690.1,32
2690.4,0
2690.6,10
2691.0,22
2691.8,17
2692.9,7
2693.2,34
2693.3,3
2695.0,21
2695.2,24
2697.1,26
2697.2,9
2698.0,2
2698.0,36
2698.1,19
2698.1,38
2698.2,14
2698.5,1
2699.0,8
2699.3,12
2699.5,32
2699.7,39
2699.8,31
2701.9,16
2702.6,17
2703.0,33
2703.3,0
2703.9,28
2704.1,6
2704.1,34
2704.1,37
2704.5,29
2705.6,9
2707.1,38
2707.9,23
2708.2,18
2708.2,19
2708.4,5
2708.9,11
2709.0,3
2709.3,14
2709.9,13
2710.0,12
2710.1,32
2710.4,7
2710.4,15
2710.5,10
2710.8,39
2711.0,20
2713.9,31
2714.0,1
2714.1,17
2714.3,35
2715.0,21
2717.0,28
2717.1,5
2718.1,26
2718.1,38
2718.7,16
2719.2,30
2719.5,19
2719.5,36
2719.7,34
2722.0,9
2722.9,33
2723.2,23
2724.4,37
2724.9,22
2725.0,32
2725.5,24
2725.7,11
2725.9,3
2725.9,17
2726.7,29
2726.8,12
2727.0,10
2727.1,15
2727.3,18
2727.4,5
2727.4,8
2727.4,39
2727.6,1
2727.9,0
2728.2,14
2728.2,28
2728.6,27
2729.0,19
2729.4,38
2729.8,31
2731.3,9
2734.1,17
2734.1,34
2735.1,39
2735.3,36
2735.6,21
2735.7,33
2735.8,28
2736.2,7
2736.4,16
2736.8,13
2737.8,3
2738.6,19
2739.9,10
2740.8,23
2741.1,14
2741.4,11
2741.4,17
2742.7,12
2742.9,38
2743.1,5
2744.8,32
2745.1,25
2745.5,9
2746.2,26
2746.8,18
2746.8,31
2746.8,33
2747.4,15
2747.4,27
2749.5,5
2750.1,3
2750.1,17
2750.2,8
2750.2,39
2750.7,38
2751.2,19
2751.7,21
2752.2,29
2753.4,14
2755.2,7
2755.2,28
2755.3,22
2755.5,2
2755.6,12
2755.6,24
2756.4,35
2756.8,34
2757.0,10
2757.8,9
2758.5,11
2759.0,13
2759.5,38
2759.7,36
2760.4,32
2760.5,23
2760.7,1
2761.3,17
2761.6,19
2762.2,5
2762.3,0
2763.1,14
2764.4,16
2764.4,39
2764.5,21
2765.5,18
2767.7,34
2767.8,37
2768.0,38
2768.6,30
2769.2,17
2769.3,9
2769.6,3
2769.6,15
2769.6,31
2769.8,28
2770.3,19
2770.5,26
2771.0,33
2771.1,1
2771.8,11
2772.9,36
2773.2,39
2773.4,23
2773.7,12
2774.7,14
2777.2,13
2777.2,38
2777.3,5
2777.7,32
2777.7,8
2778.6,17
2778.6,29
2778.7,10
2780.3,27
2780.6,9
2781.2,28
2781.9,3
2782.1,16
2782.7,20
2783.2,19
2783.8,34
2784.0,33
2784.1,5
2784.4,31
2784.6,18
2786.2,21
2786.4,12
2786.9,14
2787.4,17
2787.5,1
2787.7,38
2788.3,22
2789.0,35
2790.7,11
2792.5,7
2792.7,6
2792.7,15
2792.8,19
2793.0,36
2794.0,23
2794.9,26
2795.0,24
2795.3,10
2796.8,27
2796.9,9
2797.0,8
2797.0,12
2797.7,17
2797.8,5
2798.1,33
2798.4,1
2798.4,16
2798.5,39
2798.6,14
2798.6,38
2798.9,28
2799.1,37
2800.8,32
2801.4,35
2801.5,3
2801.7,31
2801.8,22
2802.7,34
2805.2,11
2805.8,13
2806.2,21
2806.5,17
2806.5,25
2807.0,18
2807.6,0
2808.6,19
2808.8,9
2809.0,26
2809.0,33
2809.1,1
2809.6,5
2811.0,2
2811.6,38
2812.3,7
2812.7,28
2812.8,12
2813.0,14
2813.3,24
2813.4,3
2813.4,16
2814.2,10
2814.5,23
2814.6,36
2815.2,31
2815.6,32
2817.0,9
2817.0,17
2817.8,34
2818.0,33
2820.9,1
2821.7,19
2822.7,5
2822.9,39
2823.6,28
2824.1,14
2824.3,21
2824.5,12
2824.6,38
2824.8,11
2824.8,22
2824.9,29
2825.3,13
2825.3,23
2825.5,16
2825.5,35
2825.7,30
2825.9,26
2827.1,17
2830.7,32
2831.6,31
2832.6,5
2833.1,3
2833.8,18
2833.9,19
2834.4,28
2834.5,9
2834.8,10
2834.8,36
2835.3,24
2835.3,33
2835.3,37
2835.7,7
2835.7,17
2835.9,8
2836.1,21
2836.3,1
2836.6,23
2836.6,34
2836.8,14
2836.8,38
2837.4,16
2837.5,27
2839.3,11
2839.9,39
2841.3,19
2841.9,13
2842.0,28
2843.3,15
2843.3,31
2844.8,3
2844.8,12
2844.8,26
2844.8,29
2845.6,17
2846.1,32
2846.7,25
2847.1,14
2847.1,38
2848.1,5
2848.6,9
2849.4,0
2849.8,1
2850.4,11
2850.4,35
2851.4,22
2852.1,16
2852.1,18
2853.0,19
2853.0,36
2853.8,10
2855.2,34
2855.9,21
2856.3,23
2856.3,33
2856.4,17
2856.4,39
2856.5,28
2858.7,1
2858.7,7
2859.0,3
2859.1,38
2860.0,24
2860.1,31
2860.3,12
2860.5,15
2860.8,26
2861.6,19
2862.7,5
2863.0,14
2863.3,27
2863.5,37
2863.6,9
2864.5,21
2864.6,32
2866.3,8
2866.3,11
2866.5,28
2866.6,6
2867.0,22
2867.8,39
2868.0,17
2868.9,16
2869.4,13
2870.2,18
2870.3,0
2870.3,19
2871.3,38
2872.4,10
2872.4,12
2872.9,31
2873.2,9
2873.2,25
2873.2,37
2873.4,36
2873.6,17
2873.8,7
2873.9,23
2874.0,2
2874.0,33
2874.1,29
2874.3,28
2874.9,21
2875.0,34
2875.2,26
2875.6,1
2875.6,3
2876.5,39
2877.0,5
2879.2,13
2879.7,32
2880.3,14
2880.9,24
2881.4,38
2882.8,11
2883.5,19
2885.4,36
2885.6,31
2885.9,27
2886.2,5
2886.3,22
2886.4,9
2886.9,28
2886.9,34
2887.0,26
2887.2,12
2887.3,39
2887.8,16
2889.2,17
2889.5,21
2890.8,33
2891.0,3
2891.0,11
2891.6,38
2891.7,23
2891.8,1
2891.8,10
2892.4,19
2892.4,35
2892.8,14
2893.3,13
2893.6,0
2894.5,8
2895.4,31
2895.6,18
2896.8,24
2896.9,32
2897.7,17
2898.8,28
2898.8,39
2898.9,5
2899.3,9
2899.4,16
2899.4,37
2901.4,34
2902.6,30
2903.0,12
2903.0,19
2903.5,38
2904.9,15
2905.3,22
2905.6,1
2905.8,18
2906.5,7
2906.9,29
2907.0,5
2909.4,10
2909.6,3
2909.8,33
2910.3,32
2910.4,17
2910.5,39
2910.7,31
2911.1,26
2911.5,37
2911.5,38
2911.9,20
2911.9,21
2912.3,2
2912.6,27
2913.1,28
2914.1,19
2914.2,14
2914.9,34
2916.0,9
2916.0,11
2916.3,8
2917.2,25
2918.8,36
2919.0,22
2919.2,17
2919.9,16
2921.0,28
2921.5,12
2921.5,39
2921.6,38
2922.1,5
2922.2,35
2922.9,0
2923.0,11
2923.2,1
2923.5,31
2924.5,21
2924.6,3
2924.7,19
2924.9,8
2925.5,32
2926.0,6
2927.1,23
2927.1,24
2927.7,14
2927.7,17
2927.9,13
2928.7,2
2929.8,9
2929.8,26
2929.8,33
2930.0,30
2930.5,5
2931.0,32
2931.1,16
2931.1,34
2931.7,12
2932.1,38
2932.4,10
2933.0,28
2935.5,19
2936.0,39
2937.0,15
2938.0,1
2938.5,11
2938.7,31
2939.0,33
2939.1,18
2939.5,36
2939.6,14
2939.7,17
2939.7,37
2940.4,3
2940.7,7
2940.9,0
2942.6,9
2943.2,38
2943.3,21
2943.9,19
2944.7,5
2945.4,22
2945.7,15
2945.9,27
2946.3,16
2946.4,35
2946.6,13
2946.8,39
2947.1,34
2947.9,12
2948.7,10
2949.8,28
2950.0,32
2950.4,17
2950.5,29
2951.9,3
2952.9,25
2953.4,38
2953.8,31
2954.0,36
2954.1,8
2954.1,19
2954.5,11
2954.7,9
2954.8,21
2954.9,1
2954.9,2
2955.1,23
2955.2,14
2955.5,24
2955.8,34
2956.6,5
2958.6,39
2959.6,16
2959.9,18
2960.8,37
2960.9,12
2960.9,17
2961.4,30
2962.6,33
2963.5,10
2963.9,19
2964.0,26
2965.1,28
2965.4,31
2965.9,9
2966.0,3
2966.4,0
2966.6,11
2966.7,8
2967.1,27
2967.7,32
2967.8,39
2967.9,22
2968.5,21
2969.0,13
2969.1,1
2969.8,38
2970.0,5
2970.3,7
2971.0,17
2971.0,18
2971.8,34
2972.9,23
2973.1,14
2973.7,12
2973.7,16
2974.1,2
2974.7,11
2975.2,36
2975.8,35
2977.0,19
2977.0,31
2978.1,9
2978.1,29
2978.8,17
2979.2,39
2979.4,21
2979.6,6
2979.6,34
2979.9,33
2979.9,38
2980.2,20
2980.3,22
2981.7,1
2983.5,25
2983.5,28
2983.9,15
2984.1,5
2985.4,32
2985.5,3
2985.7,7
2985.8,11
2986.3,19
2986.4,12
2986.6,17
2987.5,14
2988.4,23
2988.7,16
2988.7,39
2989.3,33
2989.5,36
2989.6,26
2990.1,10
2990.2,0
2990.2,31
2990.2,38
2990.5,18
2990.8,21
2990.8,27
2991.0,13
2991.2,28
2991.3,32
2991.5,24
2992.2,6
2993.3,9
2994.9,17
2997.1,5
2997.3,34
2997.4,35
2997.5,38
2997.6,29
2997.7,22
3000.5,19
3000.9,8
3001.3,3
3001.3,16
3002.1,17
3002.4,37
3002.8,33
3003.3,11
3003.5,10
3004.1,1
3004.1,13
3004.4,21
3005.1,26
3005.3,7
3005.3,36
3005.6,28
3005.9,5
3007.0,9
3007.5,38
3007.9,24
3008.7,12
3009.7,39
3010.2,3
3010.4,22
3010.7,34
3010.8,23
3011.1,19
3011.3,18
3011.4,14
3011.5,32
3013.1,27
3013.3,2
3013.4,17
3013.8,20
3014.5,30
3014.8,31
3015.4,5
3016.3,33
3019.0,11
3019.9,38
3020.9,9
3021.2,19
3021.8,28
3022.0,13
3022.0,16
3022.1,37
3022.3,14
3022.4,3
3022.5,1
3022.5,26
3022.6,6
3022.8,17
3022.9,21
3023.3,8
3024.1,0
3024.5,5
3024.5,34
3025.1,27
3025.3,38
3025.7,36
3026.7,12
3026.7,31
3027.2,18
3027.3,15
3027.4,35
3029.0,39
3029.3,7
3029.5,22
3030.0,9
3030.3,11
3031.4,29
3032.1,17
3032.3,10
3032.3,38
3032.8,23
3034.3,28
3034.5,24
3034.6,30
3034.7,32
3036.1,34
3036.7,1
3036.7,19
3037.5,3
3038.3,33
3039.0,25
3040.8,31
3041.0,12
3041.1,39
3041.2,9
3041.8,16
3042.2,21
3042.5,36
3042.8,17
3042.8,5
3043.1,14
3044.0,38
3044.1,26
3044.5,11
3045.4,20
3045.6,0
3046.8,23
3046.9,37
3047.6,3
3048.4,28
3050.0,19
3050.5,34
3052.5,1
3052.9,5
3052.9,10
3052.9,14
3053.1,31
3053.6,17
3053.8,35
3054.9,12
3055.2,18
3055.6,13
3055.6,21
3055.7,9
3055.7,32
3055.8,16
3056.1,8
3056.1,38
3056.3,22
3056.3,33
3056.5,6
3056.7,19
3057.7,39
3058.2,15
3059.1,34
3059.2,11
3060.1,17
3061.9,27
3062.6,3
3062.8,24
3063.2,5
3063.2,7
3064.2,0
3064.9,25
3064.9,28
3065.5,2
3066.2,1
3066.5,9
3066.6,17
3066.7,14
3067.1,19
3067.3,31
3067.3,38
3068.5,26
3068.8,36
3070.8,5
3071.0,12
3071.0,23
3071.8,13
3071.8,22
3072.6,11
3073.0,39
3073.6,1
3073.6,37
3073.9,16
3074.6,34
3074.8,3
3074.8,21
3075.7,8
3075.9,17
3076.0,29
3076.0,35
3076.3,10
3077.4,9
3077.6,19
3077.8,30
3078.0,38
3078.4,31
3078.6,14
3079.5,15
3079.7,18
3080.0,32
3080.5,33
3080.9,28
3084.1,12
3084.4,23
3085.6,19
3085.7,36
3085.8,5
3086.6,17
3086.8,39
3086.9,1
3087.0,11
3087.2,38
3087.2,34
3088.5,25
3089.1,2
3089.2,7
3089.3,16
3089.5,21
3089.7,29
3089.9,3
3090.6,9
3092.2,28
3092.3,18
3093.3,27
3093.5,0
3093.7,5
3093.7,14
3093.9,31
3094.6,33
3094.6,37
3095.2,26
3095.9,23
3096.0,19
3096.1,13
3096.3,10
3096.8,22
3097.5,11
3097.7,17
3098.3,8
3098.4,21
3099.1,24
3100.2,34
3100.5,1
3100.5,32
3100.8,12
3102.3,3
3102.9,38
3104.0,5
3104.1,36
3104.2,9
3104.8,28
3105.1,16
3105.9,6
3105.9,39
3106.2,17
3106.5,31
3106.6,19
3107.5,30
3110.2,14
3111.1,15
3111.1,26
3111.4,18
3111.8,23
3112.1,34
3112.6,3
3113.5,21
3115.5,38
3116.0,37
3116.8,16
3116.8,19
3116.8,33
3117.0,24
3117.2,1
3117.2,9
3117.2,11
3117.7,8
3117.7,25
3117.7,28
3118.3,12
3118.9,17
3119.6,5
3119.7,39
3119.8,7
3120.5,13
3120.7,15
3120.7,22
3121.5,31
3121.6,32
3121.7,29
3122.1,35
3122.4,27
3123.1,11
3123.7,30
3125.3,38
3126.0,17
3127.2,19
3128.0,16
3128.0,23
3128.2,34
3129.3,3
3129.4,14
3130.0,36
3130.1,10
3131.0,26
3131.2,28
3131.6,1
3132.7,18
3132.8,35
3133.1,5
3133.1,39
3133.3,2
3133.5,12
3133.5,31
3133.9,9
3135.6,38
3137.1,11
3137.1,17
3137.2,33
3138.4,19
3139.4,0
3140.2,13
3140.7,21
3141.0,32
3141.3,16
3141.5,34
3142.9,9
3142.9,38
3143.2,24
3144.5,1
3145.1,28
3145.7,8
3145.9,14
3146.2,23
3146.2,39
3146.3,37
3146.4,5
3146.6,26
3147.2,10
3147.5,12
3147.6,3
3148.2,18
3148.4,27
3148.7,22
3148.9,7
3149.5,11
3150.9,17
3151.2,31
3151.7,38
3152.0,36
3152.1,33
3152.3,19
3152.9,29
3153.2,35
3153.4,32
3153.9,1
3154.7,28
3155.5,39
3155.6,21
3155.6,9
3155.6,34
3155.8,6
3156.1,5
3156.3,17
3156.8,0
3156.8,15
3159.3,3
3160.1,30
3161.0,12
3161.4,23
3162.0,19
3162.0,26
3162.0,38
3162.3,14
3162.9,20
3163.0,13
3163.1,18
3163.2,16
3163.4,0
3163.4,8
3163.6,10
3163.6,17
3166.6,9
3168.3,1
3168.6,32
3168.9,11
3169.3,5
3169.4,31
3169.5,36
3171.2,33
3171.6,34
3172.5,22
3172.7,12
3172.9,28
3173.3,21
3173.3,38
3173.9,17
3174.7,18
3174.8,39
3175.0,10
3176.3,9
3177.0,3
3177.3,19
3177.4,2
3177.5,7
3177.5,24
3178.1,13
3178.7,16
3179.7,23
3180.8,5
3180.8,25
3180.9,14
3180.9,38
3181.2,27
3181.6,17
3181.6,28
3182.7,31
3184.6,8
3184.7,26
3184.9,33
3185.5,11
3186.2,29
3186.8,39
3186.9,37
3187.2,35
3189.2,36
3189.9,1
3190.2,6
3190.6,12
3190.6,15
3190.9,16
3191.6,19
3191.9,17
3192.0,5
3192.0,32
3192.4,9
3192.4,34
3192.7,3
3193.4,38
3193.6,18
3193.6,23
3193.7,31
3193.7,22
3193.7,28
3193.9,21
3194.5,37
3194.8,13
3196.0,39
3197.2,14
3200.3,10
3200.9,30
3200.9,0
3201.7,1
3202.1,38
3202.4,8
3202.4,17
3203.7,33
3203.9,19
3204.0,26
3204.3,22
3204.6,5
3204.8,34
3204.9,16
3205.3,25
3206.1,24
3206.3,11
3207.3,9
3207.3,36
3207.5,21
3207.9,32
3209.0,28
3209.7,17
3209.7,38
3210.0,3
3210.0,12
3210.6,31
3211.1,23
3211.3,7
3212.0,39
3213.3,19
3214.5,14
3215.1,2
3215.2,1
3215.6,26
3216.0,9
3216.1,5
3216.2,27
3217.3,11
3217.9,16
3218.6,10
3218.6,34
3218.8,38
3218.9,29
3219.0,28
3220.1,13
3222.3,8
3222.3,39
3222.7,37
3223.1,15
3223.5,19
3223.7,18
3223.8,3
3225.3,14
3225.6,17
3227.4,31
3228.0,21
3228.3,34
3228.6,6
3228.7,23
3228.7,32
3229.0,9
3230.4,5
3230.4,12
3231.0,24
3231.3,33
3231.8,17
3231.9,1
3232.3,22
3232.9,28
3233.2,19
3233.5,38
3233.7,0
3234.1,36
3234.1,11
3234.3,21
3234.5,31
3234.8,15
3235.0,2
3235.0,16
3235.0,35
3235.1,3
3235.8,7
3236.0,27
3236.3,26
3236.6,39
3237.1,9
3237.4,10
3239.5,38
3240.0,32
3240.8,17
3242.4,14
3244.0,23
3244.5,24
3244.5,34
3246.2,28
3246.3,12
3246.9,8
3247.0,19
3247.8,31
3248.9,39
3249.7,1
3250.0,5
3250.5,13
3250.5,14
3250.9,26
3251.2,21
3251.8,9
3252.2,38
3252.4,16
3253.5,37
3253.6,36
3254.0,11
3254.5,17
3254.7,3
3255.1,0
3255.1,18
3255.7,30
3257.5,28
3258.2,19
3258.5,33
3258.8,10
3259.2,25
3259.7,22
3259.9,32
3260.2,12
3260.6,5
3260.9,20
3261.1,35
3261.2,0
3261.2,7
3261.3,21
3261.9,24
3262.7,38
3263.0,23
3263.8,34
3265.3,17
3265.7,9
3266.2,11
3266.2,31
3266.3,1
3266.4,29
3266.8,14
3266.8,15
3267.1,19
3267.4,36
3267.4,39
3268.4,3
3268.6,18
3268.8,5
3270.6,27
3272.8,38
3273.2,11
3273.6,22
3274.3,8
3274.7,9
3274.7,35
3274.8,16
3274.9,30
3275.3,17
3275.6,33
3275.8,28
3275.9,19
3276.2,32
3276.5,10
3277.2,31
3277.8,21
3278.4,3
3278.9,1
3280.1,24
3281.2,37
3281.4,5
3281.7,23
3283.3,39
3283.4,38
3283.7,19
3283.7,26
3283.7,34
3283.9,17
3284.4,6
3285.3,13
3286.2,14
3286.7,9
3287.3,36
3287.7,18
3287.7,28
3287.9,12
3288.8,31
3288.9,11
3289.9,0
3290.2,35
3290.7,2
3292.2,16
3292.4,5
3292.6,19
3293.4,17
3293.4,21
3293.9,10
3295.0,3
3295.2,39
3295.8,1
3295.9,25
3296.0,23
3296.1,33
3296.1,38
3296.2,14
3296.5,15
3296.6,28
3297.3,9
3297.5,31
3298.4,32
3298.5,26
3299.6,8
3303.0,17
3303.0,34
3304.6,11
3304.6,18
3304.6,19
3304.8,24
3304.9,36
3305.5,12
3305.7,27
3306.0,22
3306.1,5
3306.1,23
3306.7,38
3307.1,3
3307.5,21
3309.2,9
3309.2,33
3309.7,37
3310.2,7
3310.3,0
3310.3,17
3310.9,14
3311.5,28
3311.6,10
3311.8,39
3312.0,4
3312.0,13
3312.4,26
3314.1,30
3315.8,35
3315.9,31
3316.2,5
3317.0,34
3317.2,1
3317.6,16
3319.6,38
3320.1,12
3321.1,17
3321.5,29
3322.1,19
3322.2,33
3322.4,32
3325.0,18
3325.2,9
3325.5,3
3325.6,21
3325.7,14
3326.9,13
3327.1,28
3327.3,0
3327.3,11
3327.5,22
3327.7,34
3328.4,15
3328.4,38
3328.8,23
3329.0,19
3329.6,17
3330.0,26
3330.1,10
3330.9,6
3331.0,31
3331.9,1
3332.3,8
3332.6,5
3333.2,27
3334.6,16
3335.8,34
3336.1,36
3337.1,39
3337.7,35
3338.6,3
3338.9,14
3339.5,37
3339.6,19
3339.6,21
3339.9,12
3339.9,38
3340.0,11
3341.2,17
3341.5,28
3342.0,32
3342.1,29
3342.3,24
3342.8,25
3343.3,7
3344.6,5
3345.0,31
3345.2,9
3345.4,23
3346.0,18
3346.1,33
3346.7,1
3346.7,26
3347.0,38
3349.1,17
3349.4,3
3349.5,19
3349.6,15
3350.3,39
3350.4,16
3350.5,0
3350.6,34
3352.4,14
3353.6,36
3353.7,8
3353.7,13
3354.1,21
3355.2,11
3355.6,9
3356.8,12
3356.9,32
3357.1,38
3359.5,17
3359.7,10
3360.1,5
3360.1,31
3360.2,28
3360.3,22
3361.7,27
3363.5,1
3364.5,33
3365.0,23
3365.0,7
3365.5,6
3365.8,39
3366.1,3
3366.2,24
3366.3,19
3366.7,12
3366.8,20
3367.0,30
3367.1,15
3367.1,21
3367.3,29
3367.5,38
3367.9,11
3367.9,26
3368.0,37
3368.2,34
3368.4,32
3369.1,17
3369.6,14
3370.6,9
3370.7,35
3371.3,18
3371.5,16
3372.6,0
3373.2,8
3373.2,28
3373.2,5
3374.6,31
3376.1,10
3377.4,39
3377.5,22
3377.6,20
3378.3,1
3378.3,17
3378.4,7
3378.7,3
3379.3,32
3380.5,21
3381.1,38
3381.3,11
3381.6,2
3383.5,34
3383.9,5
3384.7,15
3385.3,19
3386.6,23
3387.1,26
3387.2,36
3387.3,24
3387.5,35
3388.0,28
3388.3,17
3388.4,14
3388.5,31
3388.6,13
3388.9,16
3389.0,33
3389.1,30
3389.2,9
3389.7,38
3390.1,3
3390.2,12
3390.8,34
3391.5,25
3392.4,1
3392.7,37
3393.9,5
3393.9,39
3394.5,11
3394.5,19
3394.8,17
3396.4,18
3397.6,21
3398.4,14
3399.0,28
3400.0,32
3400.0,38
3400.6,3
3400.7,10
3400.9,34
3400.9,36
3401.2,0
3401.3,23
3401.4,31
3401.5,26
3402.1,9
3403.1,27
3403.9,5
3404.2,8
3404.3,19
3404.8,11
3406.6,12
3407.1,7
3407.4,16
3407.7,24
3409.3,39
3409.5,28
3409.6,17
3410.0,38
3410.2,21
3410.3,13
3410.7,33
3411.1,31
3411.2,32
3411.5,1
3413.2,3
3413.2,14
3413.8,22
3414.0,19
3417.3,29
3417.8,35
3417.9,15
3417.9,34
3418.4,36
3418.5,9
3418.8,37
3418.9,23
3419.3,18
3419.7,5
3419.9,30
3420.0,38
3420.4,39
3420.5,28
3420.8,16
3420.8,24
3421.1,11
3421.1,17
3421.6,19
3422.3,3
3422.7,1
3423.6,26
3423.9,10
3424.8,27
3425.0,0
3425.4,14
3426.2,12
3428.1,31
3428.6,38
3428.8,17
3428.9,34
3429.3,22
3429.4,21
3430.6,8
3430.9,9
3431.4,11
3431.7,5
3431.7,37
3432.0,13
3432.3,19
3432.4,28
3432.7,39
3433.7,32
3434.2,25
3436.3,36
3436.6,21
3436.8,16
3437.1,3
3437.1,34
3437.4,17
3437.7,23
3437.9,1
3437.9,38
3438.0,14
3438.2,15
3438.5,12
3441.2,31
3442.2,0
3442.3,5
3442.6,24
3443.9,9
3444.7,27
3444.7,28
3445.5,39
3445.7,6
3446.5,29
3446.6,19
3447.0,3
3447.4,8
3447.4,11
3447.7,18
3448.3,35
3448.5,10
3449.0,34
3449.3,16
3449.3,32
3449.3,33
3449.4,38
3449.5,17
3449.9,26
3450.5,37
3450.9,1
3451.3,7
3452.9,21
3453.0,9
3453.2,22
3453.8,13
3454.7,15
3454.7,31
3454.8,12
3455.1,14
3455.7,19
3456.3,30
3457.5,34
3459.2,23
3459.3,28
3459.4,5
3459.9,17
3461.4,3
3462.0,24
3462.0,38
3462.1,21
3462.3,33
3462.7,9
3462.7,10
3462.7,31
3463.0,11
3463.5,0
3465.4,39
3466.1,1
3468.0,8
3468.1,32
3468.8,7
3469.0,36
3469.1,14
3469.1,19
3469.2,18
3469.4,2
3469.5,38
3469.7,3
3469.9,26
3470.1,17
3470.4,5
3470.6,37
3471.3,9
3471.6,12
3471.6,16
3474.0,15
3474.4,31
3475.1,13
3475.1,22
3475.3,28
3475.4,34
3475.8,23
3478.5,11
3480.2,17
3480.4,24
3481.2,39
3481.3,19
3481.6,38
3481.9,14
3482.4,21
3484.0,9
3484.1,29
3484.3,1
3484.5,8
3484.8,33
3485.3,5
3485.3,16
3485.7,26
3486.1,27
3486.1,31
3486.7,10
3486.7,18
3486.9,28
3486.9,35
3487.7,3
3487.7,19
3487.8,12
3488.0,13
3488.2,32
3489.4,17
3490.8,34
3494.1,16
3494.4,11
3495.1,5
3495.4,38
3495.8,19
3496.5,3
3497.0,29
3497.5,18
3498.1,39
3498.9,31
3499.1,9
3499.3,37
3499.4,27
3499.7,30
3499.8,7
3499.8,23
3499.8,28
3500.8,24
3500.9,36
3501.1,15
3501.3,1
3501.3,14
3501.4,17
3502.0,21
3503.0,38
3504.3,2
3504.7,26
3504.9,10
3505.1,32
3506.0,34
3506.1,12
3506.3,33
3507.5,17
3507.5,22
3507.7,11
3508.3,9
3508.4,13
3509.2,3
3509.3,6
3509.7,0
3509.9,23
3510.1,28
3511.1,5
3511.2,19
3511.3,24
3511.5,35
3512.0,16
3512.6,31
3515.5,38
3515.6,17
3516.1,37
3516.4,21
3517.1,27
3517.6,39
3517.7,9
3517.8,18
3519.2,20
3519.5,19
3520.6,14
3521.4,28
3522.2,5
3522.5,34
3522.9,17
3522.9,36
3523.3,3
3523.7,7
3523.8,10
3523.8,32
3524.2,15
3524.9,12
3525.1,33
3525.3,38
3525.9,11
3526.0,22
3526.9,9
3527.1,35
3527.1,39
3527.9,1
3528.6,24
3529.4,28
3529.6,21
3530.0,14
3531.3,3
3531.9,13
3533.0,23
3533.2,17
3533.3,19
3533.4,16
3533.6,26
3533.6,31
3533.7,2
3533.8,30
3534.2,12
3534.9,0
3534.9,38
3535.9,18
3536.1,5
3536.1,32
3536.4,29
3539.8,9
3539.8,25
3539.8,34
3540.1,10
3540.2,11
3540.3,1
3540.3,39
3540.5,8
3540.6,37
3542.4,14
3543.6,7
3544.3,33
3544.8,21
3545.4,28
3545.7,5
3545.9,19
3546.0,36
3546.4,17
3547.2,38
3547.9,3
3548.0,22
3548.9,16
3550.3,9
3552.8,26
3552.9,1
3553.5,31
3553.5,39
3553.6,7
3553.6,33
3553.7,15
3553.8,12
3554.5,35
3554.6,14
3555.1,2
3555.1,28
3555.1,34
3555.3,5
3555.3,17
3555.7,19
3556.5,13
3556.8,6
3557.1,23
3557.1,38
3560.1,8
3560.5,11
3561.0,24
3561.9,9
3562.1,10
3562.1,14
3562.1,27
3562.6,16
3563.1,18
3563.2,0
3564.3,32
3564.4,3
3565.5,21
3565.9,5
3566.5,12
3566.6,31
3566.6,36
3567.3,38
3567.4,37
3568.5,19
3568.6,34
3569.2,11
3569.3,1
3569.5,30
3570.0,28
3570.2,17
3570.2,25
3571.1,9
3572.0,39
3572.2,29
3573.1,3
3573.3,15
3573.5,18
3575.0,26
3575.8,5
3576.6,14
3577.8,2
3577.9,23
3578.4,19
3578.7,21
3578.9,17
3579.5,12
3579.6,33
3579.7,0
3579.9,13
3580.2,31
3580.6,38
3581.6,10
3583.7,5
3583.7,11
3583.7,34
3584.1,8
3585.5,22
3586.1,1
3586.1,19
3586.1,28
3586.3,16
3586.3,36
3587.3,37
3587.9,9
3588.4,17
3588.5,32
3589.0,24
3589.6,35
3590.8,39
3591.0,14
3591.8,30
3592.4,3
3592.4,6
3592.7,21
3592.8,38
3593.4,7
3594.2,5
3594.2,19
3594.9,31
3595.0,26
3596.0,23
3598.4,34
3598.9,17
3599.5,12
3599.6,28
3600.1,18
3600.5,27
3600.5,38
3600.8,11
3601.1,9
3601.1,33
3601.2,19
3601.9,32
3602.4,3
3602.8,10
3603.7,1
3605.1,5
3605.1,16
3605.6,2
3606.4,39
3607.5,17
3607.6,36
3607.9,24
3608.2,31
3608.4,20
3609.0,8
3609.2,34
3609.3,23
3609.6,15
3610.9,14
3611.3,16
3611.4,11
3612.4,10
3612.6,0
3613.4,28
3613.7,26
3614.1,1
3614.1,13
3614.9,19
3615.3,38
3616.2,32
3617.1,7
3617.3,9
3617.3,17
3617.8,18
3617.8,29
3618.2,5
3618.7,22
3619.0,21
3620.6,37
3620.7,39
3620.8,23
3622.2,34
3622.7,19
3623.7,10
3624.3,38
3625.3,12
3625.9,17
3626.0,31
3626.1,36
3628.2,14
3628.7,9
3628.9,21
3629.0,3
3629.1,25
3629.3,16
3630.0,11
3630.8,35
3631.2,26
3631.8,5
3631.9,39
3632.0,1
3632.2,28
3632.4,32
3633.6,13
3633.8,17
3634.4,31
3634.5,34
3634.6,8
3634.7,37
3635.7,9
3637.0,19
3637.1,38
3637.2,7
3638.0,29
3638.5,24
3639.7,12
3640.1,23
3641.3,1
3642.1,3
3642.3,18
3642.7,32
3643.0,33
3643.3,15
3644.2,17
3645.0,14
3645.7,5
3645.8,38
3646.2,16
3646.3,30
3646.9,36
3647.1,0
3647.1,19
3647.3,21
3647.8,27
3648.1,28
3648.3,39
3648.5,11
3649.1,9
3653.0,31
3653.4,17
3653.4,29
3653.6,3
3654.0,2
3654.0,5
3655.0,8
3655.0,22
3655.1,34
3655.4,32
3655.5,10
3655.6,26
3655.9,13
3656.1,35
3657.1,12
3657.1,38
3657.4,14
3657.5,28
3657.8,1
3657.9,7
3658.4,24
3659.3,19
3660.0,11
3660.7,37
3661.0,23
3661.6,21
3662.3,16
3662.5,36
3663.1,17
3664.1,9
3665.2,5
3665.3,31
3665.7,39
3665.8,15
3666.2,34
3667.7,12
3668.0,14
3668.4,22
3668.4,38
3668.5,18
3668.5,25
3668.6,19
3668.7,3
3669.4,6
3669.5,27
3669.9,28
3670.1,8
3670.1,10
3670.1,26
3670.2,13
3671.1,17
3671.3,0
3674.2,32
3675.8,33
3676.0,29
3676.2,9
3677.1,5
3677.5,38
3678.6,3
3679.2,1
3679.6,17
3680.1,35
3680.2,23
3680.6,11
3680.8,39
3681.8,31
3682.1,21
3683.1,30
3683.2,13
3683.2,34
3684.0,12
3684.6,24
3684.8,14
3685.1,16
3685.4,28
3685.9,32
3686.2,19
3686.4,22
3686.4,37
3686.5,38
3687.7,7
3688.4,26
3688.5,17
3690.4,0
3690.6,5
3690.7,10
3691.4,15
3691.4,36
3691.6,9
3692.0,18
3692.9,33
3694.1,31
3694.4,11
3694.7,19
3696.1,1
3696.8,12
3697.5,16
3697.8,14
3697.8,23
3698.0,3
3698.6,17
3698.8,2
3699.1,38
3700.1,29
3700.2,8
3700.3,39
3701.9,21
3701.9,28
3702.4,31
3702.7,5
3702.7,32
3702.8,34
3702.9,24
3703.1,22
3703.4,11
3704.8,9
3705.0,17
3705.2,3
3705.3,37
3705.5,35
3707.3,16
3708.6,19
3709.0,23
3710.7,13
3710.8,6
3711.4,36
3711.5,38
3712.6,26
3713.3,34
3713.9,10
3714.3,7
3714.3,39
3714.6,18
3714.7,9
3714.8,33
3715.0,1
3715.1,31
3715.2,27
3715.3,11
3715.3,17
3715.4,28
3715.5,0
3715.5,15
3715.6,5
3715.6,32
3716.1,14
3716.1,22
3716.1,29
3717.1,12
3718.4,21
3720.8,19
3722.7,38
3724.1,16
3724.7,17
3724.7,24
3724.7,31
3724.7,35
3724.9,3
3725.1,5
3725.2,20
3725.4,13
3725.6,28
3725.6,36
3725.7,8
3725.8,9
3726.1,12
3726.2,33
3726.3,18
3726.5,32
3730.1,23
3730.7,11
3730.8,15
3730.9,22
3730.9,26
3730.9,30
3731.4,39
3731.9,1
3731.9,19
3732.0,34
3732.1,14
3732.4,37
3732.5,31
3735.9,17
3736.3,38
3736.4,21
3736.8,3
3737.8,28
3738.4,10
3738.6,5
3738.7,12
3739.3,9
3739.8,23
3740.8,13
3740.8,27
3741.3,32
3741.9,16
3742.1,36
3743.5,37
3744.4,19
3744.6,14
3744.9,0
3746.2,1
3746.5,31
3746.6,5
3747.7,8
3747.8,17
3747.8,18
3747.8,39
3747.9,35
3748.2,33
3748.2,34
3748.6,11
3748.8,38
3749.0,25
3749.0,28
3753.0,7
3753.6,16
3754.0,19
3754.1,3
3754.6,20
3754.6,21
3755.1,9
3755.3,17
3755.3,32
3756.2,12
3756.3,2
3756.4,26
3756.6,14
3756.8,23
3756.9,38
3757.0,1
3757.4,10
3758.0,24
3758.2,34
3759.5,6
3761.9,13
3762.8,5
3762.8,19
3763.2,11
3764.1,39
3764.3,28
3765.7,38
3765.8,21
3765.9,36
3765.9,22
3766.5,31
3766.6,29
3766.7,33
3767.2,3
3767.3,17
3767.9,9
3768.5,1
3768.5,15
3769.0,16
3769.4,10
3769.7,8
3770.6,5
3773.2,14
3774.1,19
3774.2,32
3774.8,31
3774.8,34
3774.9,0
3775.0,12
3775.5,39
3775.7,35
3776.0,37
3776.1,23
3777.2,18
3777.4,11
3777.4,38
3779.0,17
3779.1,26
3779.4,3
3780.3,28
3780.6,27
3781.9,9
3784.0,33
3784.4,5
3784.8,13
3785.2,21
3786.2,16
3786.5,8
3787.4,10
3787.6,39
3788.3,31
3788.4,19
3789.0,1
3789.0,32
3789.1,24
3789.9,17
3789.9,22
3790.3,12
3790.5,14
3791.3,34
3791.5,38
3793.1,28
3793.6,30
3793.8,3
3795.1,11
3795.4,5
3795.7,9
3795.7,15
3796.9,18
3797.0,37
3798.1,32
3798.1,36
3798.2,19
3798.4,26
3799.5,16
3799.9,12
3800.3,39
3800.7,17
3801.3,38
3801.8,29
3801.9,23
3802.0,2
3802.1,7
3802.2,3
3802.3,31
3803.9,21
3804.0,11
3804.6,13
3804.8,14
3804.9,22
3804.9,34
3806.0,0
3806.1,9
3806.1,10
3806.8,5
3806.8,12
3806.9,28
3807.9,33
3809.6,19
3810.3,17
3810.7,26
3811.2,1
3811.5,35
3811.9,38
3812.4,18
3812.4,39
3814.2,37
3814.7,27
3815.1,8
3816.0,6
3816.2,9
3816.4,16
3816.4,32
3816.5,11
3816.7,34
3817.3,10
3817.9,28
3818.0,5
3818.1,31
3818.4,36
3818.5,17
3819.5,23
3820.3,15
3820.6,14
3821.1,24
3821.2,3
3821.3,19
3821.3,21
3821.3,30
3824.5,13
3825.0,39
3825.3,38
3826.9,1
3827.1,11
3827.1,25
3827.5,16
3827.9,12
3828.4,22
3828.6,26
3828.7,32
3828.8,33
3828.9,18
3829.0,10
3829.0,20
3829.2,5
3829.5,9
3829.9,7
3830.3,19
3830.6,31
3830.9,14
3831.0,8
3831.9,17
3832.9,34
3833.8,29
3834.1,28
3835.2,0
3835.5,24
3835.7,11
3835.7,36
3835.9,37
3836.0,23
3836.1,21
3836.5,38
3837.5,3
3839.0,1
3839.0,27
3839.1,39
3840.0,19
3840.1,17
3841.9,35
3842.0,15
3842.4,2
3842.5,9
3842.7,13
3843.7,28
3843.8,32
3844.3,38
3844.5,5
3844.8,16
3844.8,18
3845.1,17
3846.0,31
3846.1,11
3846.2,30
3847.2,14
3848.7,12
3850.0,34
3850.1,8
3850.1,19
3851.3,1
3852.8,3
3853.1,10
3853.5,29
3853.8,5
3854.0,17
3854.0,23
3854.0,37
3854.1,39
3854.2,24
3854.3,26
3854.9,9
3855.6,21
3855.7,38
3856.0,31
3857.5,33
3858.4,16
3858.9,19
3859.0,0
3859.9,36
3860.3,14
3860.7,11
3861.0,32
3861.3,25
3862.6,6
3862.6,7
3864.1,3
3864.6,13
3864.6,17
3864.9,5
3865.4,1
3865.4,12
3865.6,38
3865.7,26
3865.7,39
3866.4,22
3866.5,23
3866.5,8
3866.7,18
3867.5,34
3868.1,19
3868.7,28
3869.5,15
3869.8,31
3870.1,21
3871.0,17
3871.5,24
3872.4,9
3873.2,0
3873.7,37
3874.2,14
3874.5,11
3874.9,23
3875.4,36
3876.1,35
3876.2,26
3878.0,32
3878.4,38
3878.6,5
3879.9,16
3880.0,8
3880.1,17
3880.6,3
3880.7,19
3880.8,4
3881.6,30
3881.8,34
3882.6,28
3883.0,31
3883.6,10
3883.6,12
3885.7,1
3885.7,6
3886.4,33
3886.5,21
3886.6,9
3886.8,18
3886.8,23
3887.0,29
3887.3,27
3887.5,13
3888.4,22
3888.5,11
3888.9,3
3889.6,17
3890.9,14
3892.1,19
3893.2,39
3893.6,5
3893.8,26
3894.2,36
3895.1,38
3895.3,18
3895.4,35
3895.6,13
3895.9,0
3896.1,7
3896.1,24
3896.4,12
3896.4,16
3896.4,37
3897.0,11
3897.3,17
3897.5,31
3897.6,28
3898.0,10
3899.9,21
3900.4,25
3900.8,34
3900.9,32
3901.4,3
3901.7,23
3901.9,9
3902.1,1
3902.8,15
3904.3,39
3904.8,5
3904.8,17
3904.8,19
3905.1,14
3905.1,33
3906.6,11
3907.6,38
3909.2,36
3909.8,8
3910.0,10
3910.6,16
3911.7,9
3911.7,29
3911.8,12
3912.1,28
3912.6,26
3915.0,17
3915.5,21
3915.7,34
3915.8,31
3915.9,5
3916.3,22
3917.1,7
3917.1,19
3917.2,23
3917.3,14
3917.3,30
3919.6,3
3920.6,38
3920.9,27
3921.8,1
3922.3,12
3922.4,37
3922.7,24
3922.8,33
3922.9,32
3923.1,10
3923.4,25
3923.4,35
3923.5,18
3923.5,19
3923.8,13
3923.8,17
3923.9,9
3924.2,0
3925.1,39
3927.5,31
3928.5,5
3928.5,28
3929.0,17
3929.2,3
3929.3,30
3929.4,34
3929.6,16
3929.9,21
3930.3,15
3930.6,36
3931.0,38
3931.1,18
3931.5,14
3931.8,26
3932.4,23
3933.1,11
3934.3,19
3934.8,20
3934.9,29
3935.8,7
3936.0,1
3937.5,17
3937.9,39
3938.0,9
3938.1,28
3939.2,22
3939.3,34
3940.8,13
3941.4,38
3941.7,5
3941.7,8
3941.9,21
3942.7,3
3942.9,19
3943.0,33
3943.1,0
3945.0,12
3945.0,32
3945.1,2
3945.1,23
3945.3,35
3946.1,31
3946.3,6
3946.3,28
3946.5,26
3946.5,37
3947.1,11
3947.2,10
3947.4,14
3947.8,39
3947.9,17
3948.5,16
3950.8,30
3951.1,36
3951.6,9
3951.9,38
3952.0,24
3954.4,5
3954.7,34
3955.1,1
3955.1,3
3955.3,8
3955.6,21
3955.8,13
3956.0,19
3956.2,29
3956.3,33
3956.4,22
3956.9,28
3957.1,17
3957.5,23
3961.3,16
3961.8,15
3963.2,39
3963.4,9
3963.8,11
3963.8,38
3963.9,18
3964.6,24
3964.7,12
3964.7,37
3964.8,7
3964.8,27
3965.2,28
3965.4,31
3965.4,32
3966.3,17
3966.9,5
3968.8,26
3968.9,21
3969.4,19
3970.0,1
3972.0,3
3972.4,10
3972.9,13
3973.1,8
3973.1,23
3973.6,14
3973.8,30
3974.2,34
3974.5,39
3975.0,9
3975.0,17
3975.5,32
3975.6,16
3976.2,38
3976.5,36
3978.4,11
3979.0,35
3979.1,5
3979.6,21
3980.2,19
3980.4,0
3980.7,18
3982.1,34
3982.5,31
3983.1,33
3983.3,12
3983.4,28
3983.4,29
3984.4,3
3984.4,14
3984.4,27
3984.7,15
3984.8,26
3985.0,39
3985.5,38
3986.4,17
3986.6,37
3987.8,32
3988.1,16
3988.5,11
3988.7,6
3988.8,13
3988.9,8
3989.4,23
3990.0,19
3990.4,18
3990.7,24
3991.5,31
3992.9,1
3993.1,5
3993.5,9
3993.5,10
3994.8,22
3995.3,15
3995.4,14
3995.7,36
3996.0,17
3996.8,7
3997.6,39
3998.0,34
3998.2,27
3998.3,28
3998.3,38
3998.5,3
3998.5,12
3998.5,35
4001.0,26
4001.6,1
4001.7,19
4002.8,33
4004.8,11
4004.9,17
4005.1,16
4005.2,28
4005.2,38
4005.7,21
4005.7,31
4005.8,23
4005.9,20
4005.9,32
4006.1,0
4007.2,9
4007.6,29
4008.3,5
4008.5,8
4009.4,7
4011.3,34
4011.7,3
4011.7,12
4011.9,10
4011.9,18
4012.6,2
4012.7,14
4013.1,13
4013.1,19
4013.3,21
4013.5,37
4014.4,35
4014.8,31
4015.3,17
4015.6,6
4016.2,32
4016.3,38
4016.3,39
4017.1,1
4017.3,36
4018.0,30
4018.6,5
4020.7,28
4021.0,24
4021.3,22
4021.4,11
4021.4,33
4021.5,16
4021.9,19
4022.0,14
4024.8,34
4025.1,31
4025.4,38
4025.5,17
4026.2,27
4026.3,23
4026.6,37
4027.0,9
4027.2,12
4027.3,3
4027.3,26
4027.5,10
4029.0,36
4029.1,5
4029.1,28
4029.3,29
4029.3,21
4030.2,14
4030.3,39
4031.4,11
4032.2,8
4032.4,19
4032.7,0
4033.4,18
4033.4,33
4033.9,9
4033.9,13
4037.0,5
4037.6,17
4037.7,12
4038.3,28
4038.3,31
4038.6,1
4038.7,32
4038.8,38
4039.5,3
4040.2,37
4041.0,21
4041.1,16
4041.8,24
4042.3,17
4042.5,33
4042.6,19
4042.6,25
4042.7,23
4043.9,11
4045.0,15
4045.1,9
4045.2,34
4046.3,5
4046.7,14
4047.0,26
4047.3,8
4047.4,1
4047.4,39
4047.5,31
4048.0,22
4048.4,10
4048.9,30
4050.0,13
4050.6,18
4050.7,38
4051.5,28
4052.8,16
4053.1,12
4053.4,11
4053.5,32
4053.6,7
4054.0,17
4054.5,36
4054.9,19
4055.8,3
4056.3,38
4056.6,0
4058.5,5
4058.8,39
4059.3,23
4060.2,10
4060.6,6
4060.6,35
4061.6,21
4061.9,14
4063.7,24
4063.8,27
4064.4,33
4064.6,9
4064.7,16
4064.7,37
4065.0,29
4065.7,17
4065.7,19
4065.7,31
4066.1,1
4066.5,38
4067.1,28
4067.6,8
4067.9,32
4068.0,30
4068.3,34
4068.5,0
4068.5,12
4069.0,3
4069.7,36
4070.3,11
4070.7,39
4071.1,13
4071.4,21
4072.6,22
4074.8,5
4074.9,16
4076.0,38
4076.8,10
4077.8,19
4077.9,23
4078.4,17
4078.6,14
4078.8,31
4078.9,9
4079.9,12
4079.9,26
4080.4,7
4080.8,37
4083.1,39
4083.3,1
4083.6,34
4083.7,15
4085.1,21
4085.3,3
4086.4,17
4087.3,11
4087.3,32
4087.4,38
4087.6,28
4088.0,5
4088.5,27
4088.7,35
4089.0,8
4089.3,12
4090.0,29
4090.1,9
4090.2,18
4090.3,19
4090.5,33
4093.7,13
4094.3,16
4094.5,36
4094.8,26
4095.8,6
4095.9,17
4096.1,31
4096.8,14
4096.8,39
4097.3,30
4097.9,9
4098.6,38
4099.6,23
4099.8,19
4100.1,1
4100.1,3
4100.1,21
4100.4,34
4100.6,32
4100.8,33
4100.9,20
4101.3,5
4101.3,7
4101.5,17
4102.5,29
4102.5,11
4103.5,36
4104.3,28
4105.1,25
4105.2,24
4106.5,10
4107.9,35
4109.8,19
4111.2,22
4111.6,37
4111.9,18
4112.0,26
4112.0,16
4112.2,31
4112.6,3
4112.7,11
4112.8,17
4113.3,2
4113.5,39
4113.5,9
4114.6,8
4114.6,34
4115.4,38
4116.2,5
4116.2,21
4116.5,12
4117.2,1
4117.3,14
4119.1,7
4120.2,28
4121.2,24
4122.3,27
4122.6,17
4122.9,3
4123.2,39
4123.3,10
4123.7,15
4123.7,26
4123.7,30
4123.7,33
4124.0,19
4124.2,0
4124.2,6
4124.5,37
4124.6,9
4124.6,13
4124.7,32
4125.0,38
4126.7,36
4127.8,23
4128.0,16
4128.6,11
4129.3,5
4129.9,1
4130.1,31
4130.4,29
4130.6,14
4131.6,28
4131.8,12
4131.9,17
4131.9,19
4132.8,34
4134.1,21
4135.1,22
4135.3,26
4135.4,38
4137.3,8
4137.3,39
4137.9,3
4138.5,5
4139.0,15
4139.9,16
4139.9,19
4139.9,32
4140.2,24
4140.6,7
4140.6,30
4140.9,9
4140.9,11
4140.9,33
4141.1,13
4143.2,6
4143.9,17
4144.1,18
4144.3,28
4144.6,37
4144.9,23
4145.5,12
4146.0,10
4146.2,31
4146.7,29
4147.1,1
4147.1,38
4147.5,5
4148.2,0
4148.2,3
4148.5,33
4149.0,34
4149.6,14
4150.1,36
4150.4,9
4150.4,27
4150.6,19
4150.9,24
4152.1,21
4152.7,2
4152.7,17
4152.8,35
4154.6,39
4155.2,10
4156.7,12
4157.6,32
4158.0,34
4158.3,20
4158.3,28
4158.7,16
4158.9,9
4159.3,19
4159.8,13
4160.0,37
4160.1,38
4160.3,11
4160.4,1
4160.8,26
4161.6,17
4161.9,31
4162.6,0
4162.6,5
4163.0,23
4164.5,8
4165.8,39
4166.7,18
4167.2,30
4167.5,3
4168.2,15
4168.4,38
4168.6,14
4169.3,9
4169.7,33
4170.4,22
4170.7,12
4170.7,36
4170.9,17
4171.1,37
4171.9,11
4172.0,28
4173.0,19
4173.2,29
4174.1,7
4174.1,31
4175.0,16
4175.1,34
4175.2,5
4176.0,26
4178.9,21
4179.0,24
4179.4,10
4179.6,3
4180.1,13
4180.9,32
4181.6,9
4181.6,17
4181.7,23
4182.1,33
4182.4,19
4183.1,38
4183.3,1
4183.7,39
4185.0,28
4187.1,11
4187.3,12
4187.7,14
4187.9,5
4188.0,7
4188.0,31
4188.2,35
4188.4,18
4188.4,37
4188.5,16
4188.5,22
4188.9,6
4189.0,36
4191.1,17
4192.4,26
4193.0,38
4193.6,8
4193.9,10
4193.9,28
4194.1,0
4194.1,9
4194.2,33
4194.3,19
4194.9,2
4194.9,25
4195.2,34
4195.5,3
4195.8,21
4195.9,23
4196.2,15
4196.8,29
4197.6,11
4197.8,5
4197.8,39
4198.0,17
4198.2,13
4198.3,12
4198.3,35
4200.1,1
4202.4,38
4203.1,22
4203.7,28
4204.2,9
4204.6,31
4205.3,34
4205.4,17
4205.5,32
4205.6,14
4205.7,24
4205.8,16
4205.8,36
4206.3,19
4206.5,26
4206.8,37
4207.7,5
4209.4,8
4209.6,33
4209.8,18
4211.4,3
4211.5,12
4212.5,30
4212.6,15
4212.6,11
4213.9,21
4215.1,16
4216.3,39
4216.5,9
4216.5,10
4216.7,17
4216.7,38
4217.0,19
4217.3,23
4217.6,28
4217.7,31
4218.5,34
4219.5,13
4219.8,7
4222.0,14
4222.5,37
4223.3,5
4223.6,1
4223.6,18
4224.0,32
4225.8,20
4226.1,22
4226.3,17
4226.3,19
4226.3,38
4227.8,27
4227.8,31
4228.4,35
4228.5,24
4228.7,8
4229.3,28
4229.6,12
4229.8,11
4230.4,0
4230.8,26
4231.0,3
4231.3,21
4231.4,10
4231.9,29
4232.4,5
4232.4,36
4232.7,9
4232.7,16
4232.7,33
4233.0,34
4233.9,39
4234.0,2
4234.2,14
4236.3,23
4237.0,7
4237.0,17
4237.0,19
4237.3,32
4239.1,38
4239.3,31
4239.9,11
4240.4,15
4240.5,1
4241.8,3
4241.9,18
4242.2,16
4242.9,28
4243.0,9
4243.3,30
4245.2,5
4246.3,17
4246.4,21
4246.4,34
4246.6,8
4246.6,12
4247.6,38
4247.7,37
4247.9,32
4248.1,35
4248.7,19
4248.7,39
4248.8,3
4250.4,13
4252.2,0
4252.2,1
4252.2,18
4252.6,25
4252.7,24
4252.7,30
4253.4,14
4253.7,10
4254.0,28
4254.3,9
4254.6,26
4254.7,15
4254.8,17
4255.4,23
4256.4,12
4256.9,36
4257.1,27
4257.3,7
4257.5,22
4257.6,32
4257.6,39
4257.7,31
4258.2,8
4259.4,19
4259.4,29
4260.1,3
4260.9,5
4261.0,38
4261.7,16
4264.1,17
4264.4,34
4265.5,14
4266.1,11
4266.2,15
4266.7,39
4267.1,13
4267.6,31
4267.7,1
4268.1,33
4268.4,9
4268.9,36
4269.1,21
4270.2,5
4270.7,26
4270.7,38
4271.6,23
4271.9,22
4272.0,19
4272.1,28
4273.2,27
4274.0,0
4274.1,35
4274.2,12
4275.1,8
4275.7,10
4275.9,16
4275.9,18
4276.0,3
4276.0,17
4276.6,7
4277.8,1
4277.8,32
4278.0,9
4278.8,34
4279.6,15
4279.6,21
4279.6,31
4280.5,14
4280.5,39
4281.8,38
4283.1,37
4283.4,24
4283.5,11
4284.1,13
4284.5,19
4286.4,23
4287.6,17
4288.0,33
4288.7,5
4288.7,25
4290.0,3
4290.2,12
4290.3,31
4291.3,14
4292.0,6
4292.8,19
4293.4,16
4293.4,34
4294.0,28
4294.3,27
4294.3,38
4294.9,36
4295.3,9
4295.3,11
4295.4,17
4295.5,24
4295.8,8
4296.1,32
4296.3,2
4296.4,10
4296.5,15
4297.4,39
4298.4,21
4299.1,3
4299.2,1
4299.2,26
4301.9,18
4301.9,22
4302.1,7
4302.1,33
4302.4,5
4302.9,0
4303.1,38
4303.2,13
4303.4,30
4303.7,28
4305.3,9
4306.0,16
4306.4,31
4306.6,19
4308.2,29
4308.6,23
4308.7,12
4309.1,17
4309.4,37
4309.8,14
4310.1,8
4311.0,39
4313.4,1
4313.5,34
4313.6,13
4313.7,5
4313.7,26
4314.0,31
4314.4,3
4314.4,9
4314.7,11
4314.7,7
4314.7,38
4314.9,32
4314.9,33
4314.9,35
4315.1,21
4315.1,28
4316.7,19
4317.6,17
4318.2,18
4321.6,10
4321.8,38
4321.9,23
4323.2,28
4323.2,36
4323.3,27
4323.3,39
4323.4,19
4324.1,31
4326.2,33
4327.1,16
4327.5,11
4327.9,5
4327.9,24
4328.0,14
4328.4,13
4328.4,17
4328.4,26
4328.7,0
4329.2,9
4329.2,37
4329.4,12
4330.2,3
4330.3,21
4332.6,38
4332.7,30
4333.0,39
4333.6,32
4334.0,8
4335.7,22
4336.3,29
4336.4,10
4336.6,34
4336.7,1
4336.9,23
4337.1,28
4337.4,19
4337.4,35
4337.6,17
4337.8,5
4337.9,25
4338.7,16
4338.8,31
4339.0,0
4341.8,13
4341.8,38
4342.0,36
4342.1,26
4342.3,14
4342.6,3
4342.6,32
4342.9,6
4342.9,11
4343.0,7
4343.0,27
4343.1,9
4343.2,15
4343.2,37
4343.3,2
4343.8,19
4343.9,12
4345.3,33
4346.3,31
4347.3,17
4349.7,28
4350.8,5
4351.0,11
4351.3,1
4351.3,39
4351.5,21
4351.7,36
4352.4,24
4352.5,23
4352.8,29
4353.2,12
4353.2,16
4353.3,9
4353.7,38
4353.8,34
4354.0,19
4354.2,18
4355.7,14
4357.6,26
4357.9,3
4358.3,13
4359.3,17
4359.4,22
4360.5,8
4362.0,10
4362.5,37
4362.9,39
4364.0,28
4364.1,38
4365.0,5
4365.0,35
4365.3,9
4365.6,32
4365.8,7
4366.1,0
4366.1,33
4366.5,1
4366.5,34
4366.7,29
4366.9,11
4366.9,19
4367.0,31
4367.4,21
4368.2,17
4368.5,12
4369.9,16
4370.4,23
4370.7,36
4370.8,3
4371.1,24
4371.3,18
4371.8,2
4371.8,22
4372.3,8
4373.1,35
4375.5,19
4375.9,28
4376.9,5
4378.0,39
4378.3,17
4378.6,38
4379.6,14
4379.9,6
4380.2,10
4380.5,29
4380.6,26
4380.8,31
4380.9,33
4381.0,9
4381.5,12
4381.5,21
4382.3,25
4382.4,3
4382.7,30
4383.0,34
4383.0,11
4384.3,32
4384.5,18
4385.4,8
4385.6,27
4385.8,1
4386.0,15
4386.0,38
4386.8,17
4387.0,5
4387.1,19
4387.2,13
4387.6,39
4388.9,28
4390.8,9
4392.4,36
4393.0,16
4393.2,14
4393.2,31
4394.5,37
4395.6,33
4395.6,39
4395.8,38
4396.7,34
4397.1,3
4397.5,12
4397.7,10
4397.7,17
4397.7,23
4397.8,11
4398.2,21
4398.6,19
4399.1,28
4399.3,35
4400.3,7
4400.9,29
4401.5,1
4401.8,32
4402.5,31
4402.7,0
4404.1,17
4405.0,38
4405.4,5
4405.4,15
4405.7,36
4407.5,14
4407.7,9
4407.7,13
4409.6,39
4409.9,18
4410.3,19
4410.4,3
4411.0,5
4411.0,22
4411.1,24
4411.5,26
4411.7,12
4411.9,11
4412.6,28
4412.8,2
4413.5,16
4414.1,17
4414.7,37
4415.5,23
4415.7,31
4416.7,34
4417.0,33
4417.1,10
4417.5,1
4417.7,38
4417.9,32
4418.3,21
4419.1,9
4419.3,13
4419.4,27
4419.7,19
4420.2,0
4420.8,3
4421.0,14
4421.5,25
4422.2,39
4423.3,5
4424.0,17
4425.6,18
4426.0,36
4427.0,7
4427.0,24
4427.1,12
4427.2,11
4427.4,10
4428.1,16
4428.4,26
4429.0,38
4429.9,34
4430.7,28
4430.8,9
4431.2,8
4431.2,19
4431.3,31
4431.4,29
4431.8,5
4431.9,33
4432.6,23
4432.7,35
4433.0,15
4433.0,37
4433.2,39
4433.7,12
4434.0,30
4434.5,1
4435.2,21
4436.1,17
4436.5,3
4439.9,20
4440.0,32
4440.3,14
4440.3,27
4440.6,16
4441.2,28
4441.9,38
4442.1,22
4442.3,10
4442.6,11
4442.9,33
4443.7,15
4443.8,31
4444.1,39
4444.6,0
4445.9,5
4447.4,19
4448.9,25
4449.2,34
4449.5,17
4449.5,35
4449.6,21
4449.7,12
4449.7,26
4449.8,9
4449.8,13
4449.8,36
4450.2,11
4450.6,18
4450.9,2
4454.4,39
4454.9,16
4455.3,19
4455.6,38
4455.7,23
4455.9,31
4456.2,7
4456.3,33
4456.9,30
4457.0,14
4457.1,3
4457.6,24
4457.9,28
4458.0,32
4458.4,5
4458.6,11
4458.8,17
4461.0,29
4461.6,1
4462.9,26
4463.1,10
4463.6,22
4464.1,14
4464.5,9
4464.7,12
4464.7,37
4464.8,16
4465.2,19
4465.3,21
4465.5,36
4465.6,17
4466.2,38
4466.6,31
4467.8,34
4469.6,39
4469.7,18
4469.9,3
4471.0,28
4471.9,33
4472.3,5
4473.6,25
4474.0,7
4474.1,19
4474.3,38
4474.4,32
4474.5,11
4474.6,27
4474.8,13
4475.0,17
4477.2,31
4477.5,0
4477.8,1
4478.2,12
4478.8,10
4478.9,8
4479.9,16
4480.2,14
4480.5,26
4482.3,21
4483.2,17
4483.3,34
4483.5,5
4483.5,9
4483.5,38
4483.6,6
4484.2,15
4484.2,33
4484.3,23
4484.4,22
4484.7,29
4485.3,19
4485.9,28
4488.0,35
4488.2,36
4488.5,31
4489.1,39
4489.7,1
4489.7,11
4490.8,37
4491.1,16
4491.1,24
4491.2,14
4491.4,3
4491.7,12
4492.1,30
4492.6,20
4492.7,19
4492.7,32
4493.2,13
4493.6,17
4493.8,5
4494.5,18
4495.0,34
4495.4,38
4496.9,10
4497.3,21
4498.2,28
4501.0,17
4501.1,9
4501.9,31
4501.9,0
4502.2,15
4502.5,8
4502.5,37
4502.7,33
4502.8,23
4503.1,22
4503.2,38
4503.4,7
4506.1,11
4506.4,5
4507.0,12
4507.6,3
4508.0,19
4508.2,16
4508.7,1
4509.2,34
4509.5,26
4509.8,14
4509.8,24
4509.8,28
4510.7,18
4511.2,9
4511.3,35
4511.6,21
4511.6,36
4511.7,17
4512.1,39
4512.6,15
4513.1,13
4513.8,38
4513.9,31
4515.3,23
4516.5,7
4517.0,27
4518.3,11
4519.5,19
4519.7,10
4519.9,5
4520.2,1
4520.2,22
4520.4,17
4520.5,3
4520.7,29
4520.7,32
4520.7,37
4520.9,9
4521.5,28
4521.7,2
4522.4,33
4524.6,12
4525.9,14
4526.0,16
4526.0,39
4526.5,26
4526.6,18
4527.2,38
4527.6,34
4527.8,30
4528.7,17
4528.9,35
4529.6,8
4530.0,3
4530.6,19
4532.4,23
4532.5,21
4533.2,9
4534.6,31
4534.9,5
4536.3,10
4536.3,25
4537.3,38
4537.7,36
4537.8,28
4538.0,11
4538.0,15
4538.5,29
4538.8,39
4539.1,33
4540.0,32
4540.6,17
4540.7,16
4540.9,1
4541.5,12
4541.7,19
4543.2,34
4543.3,23
4543.8,22
4544.1,13
4544.1,26
4544.6,0
4544.7,18
4545.7,7
4546.6,5
4546.7,21
4547.4,14
4547.4,28
4547.8,31
4548.4,9
4548.9,38
4548.9,39
4549.3,3
4549.9,19
4550.0,11
4550.1,17
4550.1,24
4550.8,1
4551.6,16
4553.0,27
4553.3,10
4557.2,28
4557.2,33
4558.5,8
4558.5,12
4558.5,38
4558.9,17
4559.1,15
4559.1,21
4559.3,0
4559.3,23
4560.1,3
4560.2,19
4560.4,9
4560.4,31
4560.4,32
4560.7,2
4561.0,14
4561.0,39
4561.3,34
4562.7,13
4562.8,36
4564.1,22
4565.1,5
4565.9,11
4566.1,1
4566.1,37
4566.5,16
4567.1,17
4568.1,26
4568.4,3
4570.6,18
4570.7,19
4571.0,9
4572.2,29
4572.4,14
4572.6,39
4572.9,8
4573.4,38
4573.5,13
4573.9,28
4574.3,23
4574.9,21
4575.2,31
4575.3,17
4576.1,19
4576.2,11
4576.9,34
4577.6,10
4577.8,1
4577.9,32
4578.4,7
4579.3,33
4579.9,5
4580.4,35
4580.6,30
4580.6,36
4581.7,12
4583.2,3
4584.2,14
4584.2,19
4584.6,17
4584.7,16
4584.7,26
4585.5,2
4585.6,39
4585.9,22
4586.3,37
4586.8,38
4587.2,24
4588.0,15
4588.7,29
4589.1,18
4589.4,5
4589.4,28
4589.7,9
4591.4,13
4591.8,11
4592.1,6
4592.3,34
4593.2,1
4593.3,17
4593.4,19
4595.0,31
4595.3,25
4595.6,0
4595.6,10
4596.4,23
4597.1,3
4597.2,8
4597.4,32
4597.6,33
4597.7,7
4597.8,21
4597.9,14
4597.9,27
4597.9,39
4598.5,38
4598.6,9
4599.1,12
4602.2,28
4602.4,22
4603.1,36
4603.4,26
4603.5,37
4603.9,5
4604.0,17
4604.3,20
4605.2,1
4605.3,18
4605.5,34
4605.8,38
4606.1,11
4606.9,9
4607.4,19
4608.3,33
4608.3,35
4610.1,28
4611.1,8
4611.2,16
4611.2,23
4611.5,32
4611.8,13
4612.0,17
4612.0,3
4612.8,24
4614.2,31
4615.0,15
4615.5,19
4615.7,21
4615.7,39
4616.8,27
4617.6,12
4618.7,14
4619.7,38
4619.9,9
4620.1,36
4621.1,5
4621.1,18
4621.3,0
4621.4,10
4621.5,2
4621.9,26
4622.1,11
4622.2,17
4625.1,31
4625.6,7
4625.7,28
4625.7,34
4626.6,16
4626.6,33
4626.9,29
4627.1,21
4627.1,22
4627.2,3
4627.7,19
4628.1,9
4628.4,1
4629.8,11
4629.9,12
4631.0,17
4631.1,36
4631.2,38
4633.2,39
4634.1,30
4634.5,13
4634.7,5
4635.7,10
4636.0,18
4637.1,23
4637.2,32
4637.4,37
4637.9,31
4638.1,24
4638.4,28
4638.6,15
4638.7,14
4639.2,26
4639.4,27
4639.6,38
4639.8,33
4640.0,3
4640.1,16
4640.1,17
4640.2,9
4640.3,12
4640.6,29
4640.8,8
4640.9,6
4640.9,19
4643.2,0
4643.7,1
4643.7,36
4644.6,39
4645.0,11
4645.6,7
4646.5,21
4648.6,34
4649.0,35
4649.3,5
4649.8,19
4649.8,38
4650.0,25
4650.3,23
4650.5,9
4650.8,30
4651.1,28
4653.1,12
4653.1,17
4655.2,32
4655.5,11
4655.6,3
4655.9,39
4656.0,29
4656.0,33
4656.1,14
4656.2,16
4656.2,21
4656.5,13
4656.5,31
4656.9,24
4657.0,1
4658.0,34
4659.4,8
4659.4,22
4659.7,26
4660.4,5
4660.4,36
4660.8,25
4661.1,10
4661.4,9
4661.9,17
4662.3,19
4662.6,38
4664.9,28
4665.6,39
4666.8,12
4667.0,16
4667.8,31
4668.1,23
4668.2,6
4668.4,3
4668.7,18
4669.3,27
4669.5,17
4669.7,37
4671.1,1
4671.1,19
4671.4,33
4671.8,34
4672.3,24
4672.5,21
4673.2,9
4673.2,14
4673.7,32
4674.5,5
4674.7,38
4676.2,10
4676.8,11
4678.1,2
4678.7,29
4678.7,15
4679.0,36
4679.7,35
4679.9,26
4681.6,17
4681.6,19
4681.6,39
4682.4,16
4682.8,31
4682.9,12
4682.9,18
4683.1,0
4683.1,28
4683.2,8
4683.6,13
4684.1,34
4684.1,38
4684.6,1
4684.6,22
4684.7,33
4684.8,23
4684.8,32
4685.2,9
4685.7,24
4686.7,7
4687.2,11
4687.5,3
4689.9,17
4690.9,14
4691.1,19
4691.5,5
4691.5,21
4691.6,31
4692.7,34
4693.8,1
4695.0,37
4695.4,6
4695.4,36
4695.9,9
4696.0,38
4696.9,10
4696.9,28
4697.0,26
4697.2,13
4698.3,16
4698.3,39
4698.8,23
4700.6,32
4700.9,17
4700.9,27
4701.2,5
4702.6,33
4702.8,11
4703.4,3
4704.0,7
4704.2,38
4704.6,12
4704.6,19
4705.4,31
4707.6,8
4707.8,28
4708.3,35
4708.6,2
4708.8,24
4708.9,25
4708.9,29
4709.6,9
4710.2,34
4710.3,18
4710.4,21
4711.6,5
4712.0,39
4712.5,1
4713.0,17
4713.4,12
4714.4,15
4714.6,38
4714.9,22
4715.0,16
4715.1,0
4715.1,14
4715.3,23
4716.6,32
4717.5,19
4719.2,11
4719.2,37
4719.5,10
4721.3,3
4721.3,36
4721.4,27
4721.7,31
4722.4,5
4722.9,17
4723.6,14
4723.6,26
4724.6,9
4724.8,7
4725.7,30
4725.9,33
4726.0,34
4726.8,1
4726.8,39
4727.2,28
4727.4,38
4727.7,6
4727.7,13
4728.0,19
4731.5,31
4731.9,17
4732.2,12
4732.7,3
4732.9,36
4733.1,16
4733.3,22
4733.5,18
4735.1,5
4735.4,32
4735.7,8
4735.7,9
4735.7,26
4736.6,11
4737.0,23
4738.8,37
4738.9,39
4739.2,21
4739.6,19
4740.0,1
4740.0,38
4740.8,0
4741.2,24
4742.0,14
4742.2,17
4742.7,28
4743.1,34
4744.2,33
4745.2,10
4746.4,16
4747.3,31
4747.3,27
4747.7,13
4748.0,5
4748.0,15
4749.5,3
4749.5,7
4749.5,35
4751.0,17
4751.0,19
4751.1,29
4751.7,32
4752.5,9
4753.1,38
4753.4,11
4753.7,39
4754.2,12
4754.3,1
4755.1,2
4755.2,24
4755.2,34
4755.4,22
4755.4,25
4755.7,30
4757.8,23
4757.8,36
4758.2,21
4759.0,14
4759.3,19
4759.9,5
4761.4,28
4762.3,9
4762.8,38
4762.9,31
4762.9,26
4763.7,17
4764.2,10
4764.4,18
4765.4,3
4765.9,16
4766.1,33
4767.0,11
4768.1,39
4768.5,5
4768.9,19
4769.1,32
4770.2,1
4770.2,21
4770.3,15
4770.3,29
4771.9,13
4772.4,37
4772.7,34
4772.9,14
4772.9,38
4773.2,17
4774.0,12
4774.2,8
4774.4,7
4775.9,31
4777.0,3
4777.1,28
4778.1,9
4778.1,19
4779.3,16
4779.3,33
4779.6,2
4780.0,11
4780.3,38
4780.6,0
4780.9,39
4781.0,23
4783.3,35
4783.7,5
4783.7,17
4783.8,21
4783.9,10
4783.9,18
4784.3,14
4784.3,32
4784.5,19
4784.5,26
4784.5,34
4785.0,22
4785.2,30
4785.3,36
4785.8,1
4787.2,24
4787.8,12
4791.4,6
4791.7,8
4791.8,29
4791.8,38
4792.0,3
4792.3,39
4792.6,16
4792.7,15
4793.1,31
4793.3,5
4794.0,9
4794.1,23
4794.2,17
4794.5,28
4795.2,19
4796.1,11
4796.4,33
4796.6,13
4797.3,14
4797.9,39
4798.6,10
4798.9,1
4801.6,36
4801.8,37
4802.5,22
4802.9,21
4803.2,7
4803.6,9
4803.7,17
4803.9,34
4804.3,32
4804.6,19
4805.2,3
4805.2,38
4805.7,18
4805.9,15
4806.3,31
4808.1,12
4808.4,1
4808.4,28
4809.2,16
4809.7,17
4810.5,5
4811.1,33
4811.3,2
4811.3,23
4811.7,25
4812.9,10
4812.9,26
4813.2,0
4813.4,3
4814.4,30
4815.0,9
4815.8,19
4816.1,27
4816.6,38
4817.3,21
4817.4,11
4817.7,8
4818.0,39
4818.4,31
4819.3,24
4819.7,32
4819.9,36
4820.4,34
4821.5,14
4822.0,17
4823.3,5
4824.3,22
4824.3,26
4824.6,3
4825.7,16
4826.6,19
4826.8,12
4826.8,18
4827.2,35
4827.7,13
4827.7,29
4827.8,28
4828.4,30
4828.6,37
4828.7,38
4828.8,17
4828.9,9
4830.8,1
4830.8,11
4831.5,31
4831.6,5
4832.0,34
4832.1,7
4834.9,32
4835.2,3
4835.6,14
4835.7,33
4835.7,39
4836.1,21
4836.7,17
4837.6,28
4838.7,38
4838.9,18
4839.0,9
4839.0,19
4839.3,15
4839.5,10
4841.0,12
4842.1,8
4842.4,23
4843.6,36
4844.4,11
4844.4,14
4844.8,0
4844.8,21
4845.0,37
4845.1,1
4845.2,16
4845.2,17
4845.5,5
4845.6,27
4847.4,31
4847.5,39
4847.6,9
4848.9,34
4849.4,3
4849.6,20
4850.5,19
4851.0,38
4851.2,29
4851.3,26
4851.5,32
4851.8,24
4851.9,5
4851.9,33
4853.6,28
4854.3,12
4854.8,35
4854.9,13
4856.1,14
4856.3,22
4857.4,1
4858.0,11
4858.0,23
4858.6,17
4858.8,0
4858.8,9
4859.6,16
4859.6,36
4860.3,10
4860.9,38
4861.1,3
4861.3,21
4863.4,19
4863.5,39
4863.7,34
4864.0,5
4864.3,18
4865.8,28
4866.0,17
4866.1,2
4866.2,7
4866.5,29
4867.1,9
4867.7,26
4868.8,31
4869.4,38
4870.2,13
4871.4,32
4871.4,33
4871.7,11
4872.3,25
4872.6,16
4872.7,23
4873.1,14
4873.7,27
4873.7,30
4873.8,12
4874.2,39
4875.0,1
4875.4,5
4876.7,3
4876.7,19
4876.7,22
4877.9,17
4878.0,26
4878.1,35
4878.9,0
4879.3,34
4879.3,36
4879.5,21
4879.5,31
4879.7,15
4880.1,28
4881.0,38
4881.9,10
4882.0,29
4882.4,23
4882.6,24
4883.0,11
4883.0,16
4883.3,18
4883.4,12
4883.6,8
4884.3,39
4884.5,9
4884.5,37
4885.4,5
4886.4,14
4887.2,17
4887.5,19
4887.5,38
4888.3,6
4888.5,13
4889.6,3
4889.6,33
4889.8,1
4890.2,32
4890.4,34
4890.9,10
4892.1,22
4892.7,26
4893.4,12
4893.9,9
4895.0,17
4896.7,39
4897.3,11
4897.4,31
4897.5,2
4897.9,16
4897.9,38
4898.6,18
4898.8,19
4898.9,7
4899.1,36
4899.2,28
4900.1,24
4900.4,35
4900.6,21
4900.6,32
4900.7,30
4900.8,20
4901.6,8
4902.1,3
4902.1,13
4902.2,1
4902.3,5
4902.7,10
4903.1,29
4903.4,23
4904.3,26
4904.3,12
4906.4,17
4907.3,9
4907.9,38
4908.1,34
4909.2,33
4909.2,39
4909.5,0
4910.4,28
4910.6,36
4911.1,3
4911.8,19
4911.9,27
4912.0,14
4912.2,10
4913.1,16
4913.3,11
4913.3,37
4913.4,15
4913.6,32
4913.7,22
4914.5,5
4915.0,31
4915.6,12
4917.9,24
4918.0,17
4918.5,34
4918.6,25
4919.4,6
4919.5,7
4919.6,18
4919.7,28
4919.8,14
4921.1,5
4921.1,26
4921.4,19
4921.7,21
4923.3,23
4923.6,38
4924.0,32
4925.0,9
4925.1,36
4925.4,29
4926.7,31
4928.2,11
4928.4,13
4928.6,1
4928.7,3
4929.3,12
4929.3,14
4929.6,30
4930.0,5
4930.1,17
4930.7,10
4930.7,33
4932.2,19
4933.0,35
4933.1,2
4933.5,37
4933.5,39
4933.6,23
4933.7,0
4934.1,7
4934.1,8
4934.8,18
4935.2,38
4935.5,16
4935.9,9
4935.9,34
4936.0,27
4938.5,28
4939.5,26
4940.1,3
4940.7,1
4940.8,22
4940.9,11
4941.1,5
4941.7,31
4942.0,14
4942.2,19
4942.4,21
4942.4,15
4943.0,36
4944.4,17
4945.3,24
4946.7,30
4946.8,9
4946.9,32
4948.0,13
4948.4,12
4948.5,33
4949.5,26
4950.6,34
4950.7,38
4951.2,5
4953.0,17
4955.2,3
4955.2,10
4955.2,16
4955.5,28
4955.7,39
4955.9,29
4956.2,14
4956.3,18
4956.4,19
4956.5,21
4956.6,31
4956.7,38
4957.3,8
4957.3,23
4958.0,11
4958.3,32
4959.1,0
4960.7,9
4961.9,34
4962.0,17
4962.8,5
4964.9,19
4965.3,1
4965.5,3
4965.8,22
4965.9,6
4966.3,7
4967.7,12
4967.8,33
4968.4,18
4968.5,17
4969.0,28
4969.0,31
4969.1,27
4969.3,36
4969.3,37
4970.0,32
4970.3,15
4970.4,16
4970.6,39
4970.7,29
4970.8,5
4972.3,38
4972.5,11
4974.5,20
4974.8,3
4974.8,9
4976.5,21
4977.3,19
4977.5,18
4977.5,14
4977.8,28
4978.1,8
4978.1,24
4978.5,34
4978.8,31
4979.0,12
4979.2,13
4979.3,1
4979.3,38
4979.6,10
4979.6,30
4979.8,0
4980.1,17
4980.2,26
4980.8,23
4981.2,33
4984.7,16
4985.7,35
4985.8,5
4985.9,36
4986.3,19
4986.8,3
4986.9,22
4987.0,6
4987.5,39
4987.8,9
4988.7,28
4989.1,32
4989.5,17
4989.6,38
4989.9,29
4990.2,37
4990.8,7
4991.4,23
4992.0,34
4992.5,14
4992.9,2
4993.8,31
4994.5,10
4995.4,12
4995.7,11
4996.5,26
4996.7,5
4997.5,19
4997.5,33
4997.7,28
4999.7,16
4999.8,21
5000.2,1
5000.7,15
5001.1,25
5001.4,30
5001.7,3
5002.2,17
5002.6,22
5003.1,9
5003.7,27
5003.9,32
5004.0,13
5004.6,11
5005.2,38
5005.5,19
5005.5,35
5005.7,31
5006.4,7
5006.4,24
5006.5,8
5006.8,29
5007.1,4
5007.7,37
5008.3,10
5008.3,14
5008.5,28
5008.8,34
5009.0,17
5010.3,5
5011.0,39
5012.4,12
5013.1,0
5013.8,18
5013.9,21
5014.1,3
5014.3,16
5016.6,17
5016.6,23
5017.1,31
5017.7,11
5017.8,9
5018.6,1
5019.0,32
5019.5,38
5019.6,22
5021.0,19
5021.5,26
5021.9,6
5023.2,34
5023.8,13
5023.9,29
5025.3,5
5025.3,39
5027.2,28
5027.4,8
5028.3,16
5028.6,24
5028.8,9
5028.8,14
5028.9,12
5029.0,38
5029.5,17
5029.9,10
5030.1,19
5030.2,36
5030.8,35
5031.0,33
5031.4,32
5032.1,37
5032.5,1
5032.9,22
5032.9,31
5033.0,18
5033.3,20
5033.7,11
5033.9,7
5034.5,26
5034.8,5
5034.9,3
5035.3,0
5036.0,13
5037.3,27
5038.0,23
5038.0,30
5039.5,17
5039.6,39
5040.0,21
5040.2,9
5040.8,15
5042.6,12
5043.0,34
5043.5,28
5043.7,19
5044.3,38
5045.8,33
5046.6,16
5046.9,31
5047.2,18
5048.2,5
5049.1,17
5049.4,1
5049.8,3
5049.8,39
5050.3,37
5050.8,11
5050.9,22
5050.9,26
5050.9,29
5051.2,21
5051.4,23
5052.1,14
5052.1,19
5052.1,25
5053.1,38
5053.2,24
5053.4,9
5055.0,32
5056.0,28
5056.9,8
5057.7,13
5058.6,0
5058.7,10
5059.2,2
5059.4,17
5060.0,38
5060.1,35
5060.2,33
5060.3,36
5060.6,5
5060.8,18
5060.8,31
5061.0,26
5061.1,34
5061.3,16
5061.5,39
5061.9,12
5062.5,37
5062.8,19
5063.4,22
5063.7,3
5064.2,1
5064.2,27
5065.4,9
5069.2,17
5070.3,34
5070.4,15
5070.7,11
5070.7,23
5070.9,39
5071.8,8
5071.8,19
5071.9,21
5073.1,14
5073.1,16
5073.5,38
5073.9,24
5073.9,28
5074.3,26
5074.9,31
5075.0,18
5075.3,9
5075.6,13
5076.0,1
5076.1,33
5076.3,3
5078.0,32
5079.9,5
5080.7,17
5080.7,22
5081.7,12
5082.0,10
5082.1,7
5082.3,19
5083.5,37
5084.4,6
5084.7,0
5084.9,27
5085.4,13
5085.4,14
5085.6,34
5086.0,28
5086.1,11
5086.4,23
5086.6,38
5087.0,39
5087.1,35
5088.1,5
5088.3,17
5089.1,21
5090.0,1
5090.6,19
5090.6,24
5090.6,29
5091.0,31
5091.8,9
5091.8,36
5091.8,3
5092.1,16
5092.9,8
5094.9,15
5095.3,33
5095.9,18
5096.3,26
5096.8,12
5097.4,28
5097.5,38
5097.7,32
5097.9,14
5098.2,17
5098.3,11
5098.3,19
5098.3,22
5099.0,5
5099.5,13
5099.8,39
5100.1,37
5100.9,34
5102.8,23
5103.2,31
5103.4,21
5103.5,30
5104.5,9
5106.4,17
5107.5,3
5108.0,10
5109.2,5
5109.5,38
5109.7,39
5110.1,1
5110.5,0
5110.5,34
5111.1,19
5111.4,12
5112.8,14
5112.9,28
5113.0,16
5113.4,22
5114.1,2
5114.6,23
5115.9,37
5116.5,31
5116.9,18
5117.4,21
5117.4,38
5117.9,36
5118.0,11
5118.0,33
5118.0,25
5118.3,32
5118.5,3
5119.0,9
5119.0,17
5119.4,8
5120.1,24
5120.4,7
5120.6,5
5120.9,19
5121.3,13
5121.5,26
5122.1,14
5122.5,15
5123.6,34
5123.7,1
5125.9,10
5126.0,28
5127.1,12
5128.4,16
5128.7,3
5129.0,17
5129.9,9
5130.6,18
5130.8,23
5131.0,38
5131.1,0
5131.1,11
5131.4,30
5131.8,19
5131.9,37
5132.1,29
5132.2,39
5132.4,32
5132.8,13
5133.0,35
5133.8,12
5133.9,31
5134.4,22
5134.5,33
5134.9,21
5135.1,5
5136.6,36
5137.9,17
5138.8,14
5139.0,15
5139.1,9
5139.1,38
5139.4,16
5139.4,27
5140.9,19
5142.1,1
5142.4,34
5143.2,33
5143.7,7
5143.9,28
5144.4,3
5144.8,31
5145.1,39
5145.2,5
5145.6,10
5147.0,12
5148.1,6
5148.2,32
5149.1,26
5149.5,17
5150.1,11
5150.3,14
5150.3,21
5150.6,16
5150.6,23
5151.1,0
5151.5,2
5151.6,18
5152.3,8
5152.8,38
5153.4,19
5154.1,9
5154.3,5
5154.6,22
5154.6,24
5154.9,39
5155.6,13
5157.5,31
5157.8,36
5158.3,28
5158.9,17
5159.4,37
5160.2,3
5160.2,25
5160.3,35
5160.4,34
5160.6,19
5160.7,21
5161.5,11
5161.7,26
5163.6,38
5164.4,33
5164.9,16
5165.0,9
5165.8,1
5166.2,17
5166.5,7
5167.2,12
5168.0,32
5168.3,10
5168.8,14
5168.8,15
5168.9,23
5169.4,5
5169.4,29
5170.0,31
5170.6,3
5171.4,39
5173.3,34
5173.6,38
5174.1,18
5174.4,11
5175.3,28
5175.5,23
5175.6,8
5175.6,19
5175.6,36
5175.7,17
5176.4,13
5176.6,24
5177.4,9
5177.5,26
5178.4,16
5180.2,33
5180.4,37
5180.8,27
5181.1,5
5181.3,2
5182.2,3
5182.8,1
5182.8,21
5183.3,30
5183.4,10
5183.9,12
5184.5,19
5184.6,34
5184.8,31
5185.0,14
5185.1,32
5185.5,17
5185.5,28
5186.5,9
5188.7,22
5188.8,38
5189.4,35
5189.7,23
5192.2,39
5192.6,15
5192.7,11
5192.9,29
5193.0,1
5193.6,5
5194.1,31
5194.6,13
5194.6,16
5194.8,26
5195.2,20
5195.4,3
5195.6,7
5195.7,17
5196.7,19
5196.9,38
5197.3,36
5197.6,33
5197.9,28
5198.3,9
5198.3,18
5200.0,12
5200.1,8
5201.4,21
5201.9,5
5201.9,14
5202.6,32
5204.1,0
5204.9,11
5205.5,10
5205.5,17
5206.2,38
5206.4,3
5206.7,34
5207.0,31
5207.4,16
5207.7,1
5207.8,7
5207.8,28
5207.8,39
5208.6,23
5210.0,9
5210.0,37
5210.4,26
5210.7,33
5211.0,22
5211.3,19
5211.3,27
5212.6,30
5213.2,12
5213.6,35
5214.8,38
5215.1,13
5215.1,36
5215.2,17
5215.2,39
5215.3,24
5218.5,14
5219.4,15
5219.9,18
5220.1,21
5220.3,3
5220.5,29
5221.4,5
5221.4,11
5221.4,31
5221.9,19
5222.0,9
5222.5,16
5224.4,32
5224.6,1
5224.6,10
5225.0,24
5225.4,28
5225.8,0
5225.8,34
5226.0,17
5226.1,23
5226.1,33
5226.3,38
5226.3,8
5226.8,39
5228.6,36
5229.0,12
5230.2,14
5230.8,19
5230.9,35
5232.8,26
5233.9,11
5234.0,18
5234.5,5
5234.8,9
5235.0,25
5235.3,2
5236.1,38
5236.3,0
5236.4,32
5236.5,34
5236.6,17
5236.8,29
5237.0,16
5237.3,6
5237.3,31
5237.8,39
5237.9,30
5238.3,14
5239.0,3
5239.5,33
5239.6,21
5240.6,27
5241.0,28
5241.2,13
5241.4,22
5242.7,19
5243.2,10
5244.4,12
5244.9,15
5245.0,17
5245.0,26
5245.7,1
5245.9,3
5246.2,37
5246.4,5
5246.5,38
5247.3,39
5248.3,32
5248.4,0
5249.8,31
5250.0,24
5250.3,7
5251.0,23
5251.2,36
5251.4,9
5251.5,14
5251.7,16
5252.2,18
5252.5,3
5252.7,29
5252.9,33
5253.2,11
5253.7,1
5253.9,19
5254.0,20
5254.7,17
5254.9,39
5256.7,34
5257.8,38
5257.9,5
5259.0,28
5259.3,10
5259.4,22
5259.4,35
5259.7,2
5260.2,21
5261.6,16
5262.8,3
5262.9,31
5263.9,14
5263.9,19
5264.0,9
5264.1,12
5264.3,37
5265.0,7
5265.0,17
5266.1,11
5267.3,1
5267.8,21
5268.1,8
5268.4,10
5268.4,39
5268.5,36
5269.2,27
5269.2,34
5270.0,38
5270.1,13
5271.3,18
5271.3,33
5271.7,23
5272.6,28
5273.2,17
5273.6,29
5273.9,9
5274.1,26
5274.5,5
5274.8,6
5274.8,16
5275.1,3
5275.3,32
5276.3,8
5276.9,0
5276.9,11
5276.9,38
5277.6,19
5278.9,14
5280.3,22
5281.1,17
5281.2,12
5281.5,23
5281.8,5
5282.2,9
5282.2,31
5282.6,33
5284.4,2
5284.4,30
5284.6,15
5284.8,34
5285.0,36
5285.4,19
5285.4,39
5288.2,1
5288.2,11
5288.8,13
5288.8,21
5289.4,28
5289.6,35
5289.8,24
5290.1,18
5290.3,14
5290.6,29
5290.7,16
5291.1,17
5293.6,37
5294.1,12
5294.4,7
5294.9,9
5295.5,31
5296.0,5
5296.0,38
5296.3,3
5297.0,33
5297.1,34
5297.4,23
5298.1,32
5298.5,10
5298.9,19
5299.1,14
5299.1,36
5299.4,27
5299.5,16
5299.8,28
5300.0,1
5300.5,17
5300.9,39
5301.5,11
5303.2,5
5303.2,13
5303.6,26
5303.7,31
5305.0,38
5305.1,21
5307.0,25
5307.3,7
5308.0,18
5309.1,9
5309.5,19
5310.1,17
5310.3,8
5310.4,6
5311.1,12
5311.3,35
5311.9,2
5312.1,1
5313.1,37
5313.2,38
5313.2,34
5314.1,14
5314.1,39
5314.6,29
5315.9,3
5316.2,24
5316.2,13
5316.5,11
5316.6,32
5316.7,21
5316.7,30
5317.1,28
5317.1,31
5317.4,19
5317.4,23
5317.6,17
5317.6,36
5317.7,16
5317.7,22
5318.1,9
5318.2,18
5319.6,25
5320.7,5
5322.7,27
5325.2,26
5326.4,38
5326.4,39
5326.8,19
5326.9,33
5327.2,14
5327.7,12
5327.8,23
5327.9,11
5328.0,0
5328.1,1
5328.3,32
5329.0,3
5329.9,36
5330.3,10
5331.1,37
5331.2,5
5331.3,16
5331.3,18
5331.8,17
5331.9,9
5332.6,30
5332.7,15
5333.2,31
5333.3,21
5335.7,34
5336.5,28
5337.3,7
5337.3,22
5337.8,20
5338.1,33
5338.2,8
5338.5,19
5339.6,13
5339.6,32
5339.6,38
5339.8,1
5340.2,39
5340.5,12
5340.6,27
5340.8,5
5341.8,17
5342.0,24
5342.5,11
5344.6,9
5345.0,3
5345.6,14
5345.7,26
5345.7,29
5345.8,21
5345.9,35
5346.9,16
5347.0,31
5347.1,10
5347.4,0
5348.3,34
5349.7,17
5349.7,28
5350.2,23
5350.4,19
5350.7,38
5350.8,36
5352.7,30
5352.8,32
5353.4,12
5353.5,22
5353.7,1
5353.7,15
5353.8,18
5354.0,9
5354.0,11
5354.0,39
5354.2,33
5354.5,3
5354.5,5
5354.9,24
5355.0,13
5355.8,31
5355.9,17
5356.1,37
5359.3,14
5360.1,26
5362.3,19
5362.5,7
5363.0,2
5363.8,16
5363.9,29
5364.1,6
5364.5,21
5364.9,38
5365.3,34
5366.1,24
5366.2,11
5366.5,28
5366.7,17
5366.7,31
5366.9,5
5367.0,12
5367.6,1
5367.7,10
5369.0,3
5370.0,25
5370.3,33
5370.3,37
5370.4,9
5370.5,23
5370.5,36
5370.8,27
5370.8,39
5371.0,14
5371.5,35
5371.8,16
5371.9,0
5372.0,18
5372.2,13
5372.2,19
5372.3,32
5372.5,8
5373.6,17
5375.0,28
5376.0,38
5376.4,5
5377.7,26
5380.1,29
5380.7,11
5382.5,19
5383.3,12
5383.5,31
5384.5,34
5384.7,15
5384.7,17
5384.8,3
5385.0,22
5385.1,32
5385.9,9
5385.9,23
5385.9,36
5386.0,2
5386.6,16
5387.1,21
5387.5,14
5387.5,38
5387.6,1
5387.6,5
5389.1,33
5389.3,30
5389.6,35
5390.3,39
5390.4,11
5390.6,27
5391.3,0
5391.3,17
5392.1,19
5396.6,28
5396.9,24
5397.1,7
5397.1,18
5397.3,5
5398.2,3
5398.6,17
5399.0,19
5399.7,31
5400.4,32
5400.6,38
5400.9,6
5401.2,16
5401.3,21
5401.5,9
5401.5,10
5401.5,14
5401.5,34
5401.8,36
5401.9,12
5402.2,8
5402.3,20
5402.6,29
5403.4,22
5403.5,23
5404.6,17
5405.0,28
5407.8,38
5408.4,1
5408.6,13
5408.9,39
5409.0,25
5409.9,11
5409.9,15
5411.5,5
5411.9,16
5412.3,3
5413.0,19
5413.1,26
5413.2,31
5413.6,37
5414.6,9
5414.7,35
5415.1,18
5415.3,34
5416.2,33
5416.5,28
5417.5,38
5417.5,39
5418.4,23
5418.4,27
5418.7,7
5419.3,17
5420.2,0
5421.4,10
5423.1,5
5423.6,12
5423.7,14
5424.0,21
5424.1,8
5424.5,19
5424.5,1
5424.9,31
5425.0,24
5425.1,22
5425.2,3
5425.5,32
5426.4,38
5427.3,36
5427.7,11
5427.9,9
5428.5,28
5428.9,27
5429.3,17
5431.2,13
5431.4,7
5432.5,35
5433.7,19
5434.7,31
5435.3,16
5436.0,34
5436.2,15
5436.6,18
5436.6,29
5437.0,5
5437.0,28
5437.4,38
5437.7,33
5437.8,39
5438.8,1
5439.4,11
5439.4,21
5439.6,30
5440.0,17
5440.4,14
5440.9,3
5441.1,23
5441.4,9
5442.9,12
5445.4,36
5445.7,32
5445.9,19
5445.9,25
5447.0,24
5447.2,7
5447.9,37
5448.0,8
5448.3,26
5448.5,0
5448.8,10
5449.2,17
5449.6,1
5449.7,28
5449.9,6
5450.4,14
5450.8,34
5451.0,5
5451.0,22
5451.3,38
5451.7,39
5451.9,9
5452.4,31
5453.4,23
5453.7,19
5454.3,3
5455.8,32
5457.2,21
5458.0,16
5459.2,17
5459.5,11
5460.1,18
5460.3,15
5461.3,39
5461.5,1
5461.6,3
5461.6,28
5462.0,9
5462.2,29
5462.4,25
5462.8,34
5463.4,12
5463.6,31
5463.8,13
5464.1,26
5464.1,19
5464.9,38
5466.5,27
5467.0,14
5467.6,37
5468.3,0
5468.5,21
5468.5,23
5469.3,33
5469.6,35
5469.9,17
5470.4,5
5470.4,10
5471.3,24
5472.7,36
5472.8,32
5474.2,3
5474.4,18
5474.6,19
5474.8,39
5476.7,28
5477.1,9
5477.1,16
5477.1,38
5478.0,11
5478.5,8
5478.5,17
5478.6,31
5478.9,12
5481.1,7
5482.1,34
5482.2,1
5482.3,5
5484.0,29
5485.0,3
5485.0,30
5485.4,6
5485.4,26
5485.9,19
5485.9,21
5487.5,11
5487.5,15
5487.5,22
5487.9,39
5488.0,23
5488.5,17
5488.5,10
5489.5,38
5489.8,14
5490.2,27
5490.7,9
5491.0,16
5491.2,36
5492.1,34
5492.3,32
5492.5,12
5492.5,33
5493.6,31
5494.4,19
5494.8,5
5495.8,28
5496.4,3
5496.5,1
5497.1,17
5497.1,18
5497.2,8
5497.3,35
5500.9,11
5503.3,15
5503.4,3
5503.4,16
5503.7,25
5503.7,39
5503.9,0
5504.2,38
5504.3,2
5504.8,17
5505.5,23
5505.5,34
5505.6,31
5506.3,32
5506.4,9
5506.8,37
5506.9,13
5507.0,1
5508.1,24
5508.5,14
5510.3,12
5510.5,19
5510.6,5
5510.8,26
5510.9,10
5511.0,21
5511.2,27
5512.0,8
5512.1,36
5512.7,33
5512.9,22
5512.9,39
5513.6,28
5514.4,38
5515.1,9
5515.6,17
5518.0,7
5518.0,34
5518.2,11
5519.3,19
5519.8,18
5519.8,26
5519.8,29
5520.9,31
5522.3,1
5522.5,14
5522.7,16
5522.7,38
5523.4,28
5523.6,3
5524.9,22
5525.0,23
5525.1,12
5525.3,5
5525.9,9
5527.9,17
5528.7,11
5529.0,32
5529.3,33
5529.3,37
5529.8,24
5530.2,15
5530.4,34
5531.5,0
5531.9,19
5531.9,35
5533.2,30
5533.2,36
5533.7,38
5533.9,39
5534.3,9
5534.6,10
5534.7,13
5534.7,17
5535.1,26
5535.2,3
5537.3,4
5537.6,5
5537.7,18
5537.7,27
5538.2,16
5538.3,11
5538.5,28
5538.8,21
5538.8,37
5539.1,32
5539.2,8
5539.7,31
5541.3,1
5542.5,23
5542.7,19
5542.9,7
5543.2,12
5543.2,14
5543.2,34
5545.2,17
5545.3,38
5546.3,29
5547.3,24
5547.6,39
5548.4,9
5548.5,33
5549.3,5
5549.5,32
5550.2,11
5550.6,19
5550.7,25
5551.0,3
5551.5,18
5552.7,28
5552.7,31
5553.1,21
5553.6,16
5553.6,17
5555.2,26
5555.5,38
5555.7,22
5555.8,14
5556.6,13
5556.6,15
5557.7,36
5557.7,37
5559.0,5
5559.3,6
5560.2,17
5560.4,1
5560.7,12
5561.1,34
5561.5,19
5561.7,39
5561.7,9
5561.9,0
5562.0,10
5562.9,7
5563.1,27
5563.1,28
5563.2,23
5564.0,24
5564.0,35
5564.2,38
5564.7,16
5567.2,31
5568.3,8
5568.7,3
5569.2,21
5569.5,33
5569.9,34
5570.1,11
5571.0,14
5571.2,10
5571.2,39
5571.4,26
5571.8,9
5572.5,36
5572.6,17
5572.6,22
5573.0,5
5573.9,32
5574.2,19
5575.4,38
5575.6,23
5575.7,13
5576.3,1
5576.9,30
5578.1,17
5578.4,28
5578.8,14
5579.6,34
5581.2,18
5581.3,3
5581.3,31
5582.1,12
5582.3,11
5582.4,37
5582.7,9
5582.7,16
5583.8,2
5584.0,21
5584.3,35
5584.6,20
5584.7,32
5586.1,19
5586.4,29
5586.5,5
5586.6,24
5587.5,10
5587.5,22
5588.8,38
5589.4,28
5589.9,39
5591.0,26
5591.5,17
5591.8,15
5592.6,9
5592.8,33
5592.9,14
5593.0,8
5593.1,7
5593.2,12
5593.5,3
5593.6,1
5593.9,30
5594.0,25
5595.0,5
5595.0,38
5595.1,31
5595.7,19
5596.3,11
5597.0,18
5597.1,0
5597.5,37
5597.8,34
5597.8,36
5598.8,32
5599.3,13
5601.3,23
5601.3,16
5602.4,28
5603.8,17
5604.0,3
5604.3,14
5604.9,19
5604.9,39
5605.0,38
5605.1,26
5606.3,5
5606.5,21
5606.6,12
5607.0,34
5607.2,9
5607.4,31
5608.1,30
5608.6,16
5608.8,36
5609.5,23
5611.2,1
5611.6,17
5611.8,22
5611.9,35
5612.4,15
5614.1,11
5614.1,29
5614.2,10
5614.6,0
5614.8,27
5615.0,19
5615.2,28
5615.9,24
5616.1,8
5616.2,5
5616.7,37
5617.4,32
5617.7,38
5618.9,39
5619.5,36
5620.9,3
5621.6,7
5621.6,9
5622.0,16
5622.5,31
5622.5,34
5623.2,21
5623.6,12
5623.7,19
5625.2,17
5625.4,14
5626.2,18
5626.3,2
5626.5,11
5626.5,13
5626.5,38
5626.7,1
5626.8,35
5626.9,6
5627.6,30
5629.2,28
5630.2,9
5631.2,5
5632.1,33
5632.3,39
5633.2,34
5634.5,21
5634.5,16
5634.8,23
5635.3,26
5635.8,17
5636.2,25
5636.2,32
5636.2,38
5636.4,10
5636.7,19
5636.7,27
5637.6,22
5637.7,1
5638.1,13
5639.1,11
5640.3,39
5642.0,31
5642.1,8
5642.3,0
5643.0,36
5644.4,12
5644.5,28
5644.7,17
5644.9,6
5645.1,37
5645.3,3
5645.9,5
5646.1,29
5646.3,9
5646.5,38
5647.0,14
5647.4,33
5647.6,18
5647.7,34
5648.2,21
5649.3,20
5649.4,19
5649.5,24
5649.9,15
5650.1,1
5650.1,22
5650.6,16
5652.5,23
5653.3,17
5653.6,32
5653.9,11
5654.9,39
5655.7,28
5656.5,3
5657.0,30
5657.2,31
5657.6,27
5657.7,26
5657.9,12
5658.1,5
5658.1,10
5658.2,2
5659.0,35
5659.0,38
5659.4,19
5660.2,9
5660.3,34
5660.9,8
5661.0,21
5663.6,24
5663.8,17
5664.0,33
5664.7,11
5664.8,37
5664.9,1
5664.9,16
5665.9,14
5666.2,36
5666.5,0
5667.0,15
5667.1,22
5667.2,39
5667.4,28
5667.8,3
5667.9,32
5668.2,12
5668.5,7
5668.5,19
5668.6,18
5669.0,38
5669.2,31
5670.2,5
5672.0,34
5673.0,17
5673.1,29
5675.2,11
5676.2,33
5676.8,9
5677.5,30
5677.8,6
5679.0,21
5679.4,39
5679.7,1
5679.8,10
5680.1,13
5680.2,3
5680.4,5
5680.5,19
5681.4,14
5681.4,16
5681.6,17
5681.9,23
5682.0,26
5683.2,38
5684.2,32
5684.5,28
5684.8,8
5684.8,29
5685.3,12
5686.0,25
5686.0,31
5686.9,15
5687.1,11
5687.3,19
5687.3,34
5687.4,35
5687.6,24
5687.6,27
5689.0,30
5689.2,5
5689.2,17
5689.7,7
5690.8,9
5691.2,36
5692.6,23
5692.7,38
5693.6,3
5696.6,16
5696.8,39
5697.2,1
5697.2,18
5697.3,22
5698.1,28
5698.3,33
5698.7,17
5698.8,14
5699.9,37
5700.4,21
5701.1,26
5701.1,32
5701.3,34
5701.5,13
5701.8,4
5701.9,19
5701.9,31
5702.6,20
5702.7,3
5703.1,38
5703.3,9
5703.6,5
5703.9,10
5707.9,28
5708.0,12
5708.5,0
5709.0,11
5709.1,23
5709.6,2
5709.6,32
5709.7,17
5710.0,14
5710.3,8
5711.1,39
5712.0,3
5712.5,19
5714.0,31
5714.0,36
5714.1,15
5714.8,35
5715.5,5
5715.5,16
5715.9,34
5716.4,24
5717.1,9
5718.2,21
5718.5,1
5719.2,18
5719.5,13
5720.0,7
5720.1,39
5720.2,33
5720.3,14
5720.5,29
5720.6,19
5720.6,38
5720.7,17
5723.4,22
5723.9,28
5724.1,11
5724.3,37
5725.8,3
5726.0,27
5726.2,12
5726.3,5
5727.1,38
5727.2,19
5727.3,31
5727.7,10
5727.8,8
5727.8,9
5728.0,26
5728.5,32
5728.7,16
5728.9,21
5728.9,34
5730.5,17
5730.5,23
5731.1,39
5731.4,29
5732.3,35
5732.5,14
5732.5,20
5732.8,1
5733.4,15
5733.5,10
5734.8,36
5735.5,28
5738.0,25
5738.7,0
5738.8,5
5739.1,18
5739.3,11
5739.6,17
5739.7,24
5739.8,33
5739.9,14
5739.9,19
5739.9,38
5740.0,9
5740.5,31
5742.7,26
5742.9,30
5743.2,3
5743.2,21
5743.3,32
5743.5,12
5743.5,22
5743.5,37
5745.2,7
5746.2,11
5746.6,16
5747.5,10
5747.6,34
5747.8,1
5748.1,13
5748.2,8
5748.3,5
5748.3,28
5748.5,38
5748.7,31
5749.1,17
5749.1,27
5749.2,18
5749.4,39
5749.6,36
5749.8,14
5753.3,2
5753.3,9
5753.9,19
5754.1,3
5754.5,23
5756.7,21
5757.3,29
5757.6,25
5759.7,38
5760.1,11
5761.0,15
5761.3,1
5761.6,17
5761.9,9
5762.2,14
5762.4,36
5762.9,12
5763.1,5
5766.6,19
5767.1,39
5767.4,37
5767.6,32
5767.8,7
5768.2,33
5768.3,16
5768.3,34
5768.5,28
5768.6,31
5769.4,17
5770.8,38
5771.0,10
5771.2,24
5772.1,8
5772.2,26
5772.7,5
5772.8,13
5772.8,22
5773.2,35
5773.8,19
5773.8,21
5773.9,23
5774.3,6
5774.3,39
5775.1,0
5775.3,3
5776.2,31
5776.3,38
5776.5,1
5776.6,9
5776.6,17
5777.5,36
5777.9,11
5778.5,34
5779.6,16
5780.0,29
5780.7,14
5780.8,18
5781.0,25
5781.5,27
5781.6,7
5782.3,12
5782.7,33
5783.7,17
5784.7,28
5785.1,5
5785.8,39
5785.9,38
5786.0,19
5786.8,3
5786.8,10
5786.9,21
5786.9,32
5786.9,34
5788.0,16
5788.5,30
5790.3,26
5791.4,9
5792.6,13
5793.3,31
5793.9,15
5794.0,17
5794.7,12
5794.8,23
5795.6,14
5795.7,1
5795.8,36
5797.3,38
5798.1,35
5798.9,5
5799.5,34
5799.7,24
5799.8,19
5800.0,11
5801.3,33
5802.0,4
5802.1,3
5803.5,10
5803.5,31
5804.0,17
5804.2,39
5804.9,21
5805.2,28
5805.5,22
5805.7,16
5806.2,1
5806.2,7
5806.4,0
5806.4,8
5806.5,18
5806.8,9
5807.0,26
5807.3,36
5807.5,29
5808.0,19
5808.8,38
5809.0,5
5809.3,23
5810.2,17
5811.9,14
5812.9,32
5813.0,13
5813.2,21
5814.7,27
5814.7,34
5816.1,12
5816.7,15
5816.9,11
5817.7,37
5818.0,31
5818.0,39
5818.1,5
5818.1,16
5818.2,38
5819.3,19
5819.3,25
5819.3,30
5819.3,33
5820.4,22
5820.7,9
5820.9,28
5821.3,24
5821.4,3
5821.5,26
5821.7,6
5822.1,1
5823.2,17
5823.4,34
5825.4,32
5825.7,13
5826.3,38
5826.4,36
5826.5,7
5826.8,0
5827.1,14
5827.1,18
5827.2,19
5827.9,28
5829.9,12
5831.3,11
5831.4,23
5832.2,17
5832.5,10
5832.6,5
5832.6,27
5833.9,9
5834.1,39
5834.3,31
5834.8,1
5834.8,34
5835.2,14
5835.4,16
5835.4,29
5835.7,35
5835.7,21
5837.0,8
5837.0,38
5837.5,19
5837.8,3
5839.5,24
5841.7,28
5842.1,17
5843.0,36
5843.1,33
5843.6,0
5843.8,39
5843.9,18
5844.4,2
5844.4,3
5844.4,6
5844.7,12
5845.0,23
5845.6,31
5845.7,32
5846.3,16
5846.6,15
5846.7,34
5847.1,38
5847.8,26
5848.5,22
5849.7,19
5849.8,5
5851.1,11
5851.2,9
5851.3,7
5852.7,29
5852.8,14
5853.8,1
5854.3,8
5854.6,17
5854.6,35
5854.8,21
5854.8,37
5855.7,28
5856.3,13
5856.3,27
5856.8,38
5859.6,31
5860.0,23
5860.8,9
5861.2,39
5861.5,1
5861.5,19
5861.6,10
5861.9,33
5862.2,34
5862.4,5
5862.5,3
5863.1,24
5863.3,36
5864.3,17
5864.4,30
5864.6,12
5864.6,14
5864.8,21
5865.0,0
5865.0,20
5865.4,28
5865.5,18
5865.6,16
5868.6,38
5869.6,32
5869.7,11
5869.7,31
5869.8,33
5870.3,15
5870.5,3
5870.8,19
5873.6,1
5874.4,13
5874.9,22
5875.3,17
5875.7,9
5875.7,16
5875.7,14
5875.7,28
5876.1,29
5876.6,26
5876.7,35
5876.8,5
5876.8,36
5877.0,38
5878.3,39
5879.8,23
5880.2,10
5880.2,12
5880.2,21
5881.0,18
5881.9,37
5882.2,19
5882.6,3
5883.5,34
5883.7,32
5884.9,28
5885.1,11
5885.4,31
5886.3,38
5886.9,17
5887.2,13
5887.4,1
5887.5,9
5887.5,27
5888.1,7
5888.9,0
5889.8,30
5890.1,19
5890.7,15
5890.7,24
5890.9,5
5891.3,39
5891.6,16
5893.4,8
5894.1,14
5894.4,6
5895.1,17
5897.4,10
5898.2,26
5898.4,36
5898.4,38
5898.8,11
5899.1,12
5899.4,31
5900.3,34
5900.4,17
5900.7,21
5900.8,18
5900.9,23
5901.5,5
5901.9,2
5901.9,19
5902.3,25
5902.3,33
5902.4,28
5902.6,14
5902.9,39
5903.1,9
5903.3,22
5903.5,13
5903.6,3
5905.1,32
5905.3,37
5905.7,12
5906.5,1
5906.7,24
5906.9,27
5907.0,11
5907.0,29
5907.4,35
5910.1,16
5910.3,17
5910.6,15
5911.3,38
5911.5,0
5911.6,26
5911.9,19
5912.3,7
5913.2,23
5913.2,31
5913.4,3
5914.0,5
5914.2,10
5914.3,18
5914.4,39
5914.5,34
5915.5,9
5916.4,21
5916.5,28
5917.7,14
5918.0,38
5919.2,11
5919.4,36
5919.6,17
5920.4,30
5920.4,33
5921.4,1
5923.2,6
5923.4,24
5923.8,37
5924.8,12
5925.3,19
5925.3,32
5926.0,29
5926.4,9
5926.8,3
5926.8,16
5926.9,8
5926.9,28
5928.0,34
5928.4,39
5928.6,23
5929.8,10
5931.6,26
5931.8,17
5932.7,36
5932.9,31
5933.3,14
5933.6,21
5934.7,11
5934.8,38
5935.0,5
5935.4,1
5935.8,19
5936.3,12
5936.6,25
5936.7,0
5936.7,7
5936.7,13
5936.7,20
5936.7,35
5937.4,16
5938.0,22
5938.0,33
5939.7,6
5939.9,28
5940.7,15
5940.7,34
5940.9,37
5942.6,18
5943.1,17
5943.8,24
5944.9,31
5945.1,14
5945.3,10
5945.5,30
5946.2,9
5946.3,21
5946.3,23
5946.4,19
5946.7,5
5946.8,39
5947.1,3
5947.1,26
5947.1,38
5948.5,11
5948.5,29
5948.7,27
5949.3,36
5950.3,1
5951.4,28
5951.5,17
5952.4,34
5953.3,32
5953.9,12
5954.5,33
5956.3,18
5956.7,16
5956.8,22
5956.8,35
5956.9,19
5957.1,31
5957.3,3
5958.3,2
5960.4,17
5960.6,5
5960.6,28
5960.7,14
5961.0,21
5961.2,11
5963.5,37
5964.8,15
5965.1,34
5965.1,38
5965.1,39
5965.4,33
5965.6,25
5965.6,27
5965.8,19
5965.8,26
5966.1,20
5966.6,7
5966.8,9
5966.8,0
5967.1,8
5967.6,10
5968.0,17
5968.9,5
5969.2,3
5969.2,12
5969.6,14
5969.7,36
5969.9,1
5970.1,13
5970.3,32
5971.4,16
5971.7,28
5973.2,31
5973.3,29
5975.5,9
5975.6,22
5975.6,23
5976.5,38
5976.8,21
5976.9,18
5977.3,24
5977.4,11
5977.7,34
5977.8,37
5978.0,19
5978.1,35
5978.3,33
5978.5,17
5979.2,5
5979.5,39
5980.8,26
5982.7,12
5983.1,3
5985.1,32
5985.4,30
5985.5,1
5987.7,14
5987.9,9
5988.1,10
5988.7,38
5988.9,16
5989.0,5
5989.2,19
5989.5,31
5989.9,17
5990.0,34
5990.4,25
5990.5,28
5990.7,29
5990.8,33
5992.1,36
5992.3,39
5993.6,3
5994.1,23
5994.5,21
5994.7,18
5994.7,26
5995.4,32
5995.5,24
5995.7,8
5996.7,38
5997.1,12
6000.1,5
6000.3,1
6000.4,14
6000.9,17
6000.9,19
6001.1,13
6001.6,11
6001.8,22
6003.2,0
6003.2,27
6004.5,10
6004.9,9
6005.1,31
6006.0,15
6006.1,28
6007.2,3
6007.6,26
6007.7,39
6008.1,34
6008.4,30
6008.4,38
6008.5,33
6008.7,7
6009.1,36
6009.4,37
6010.2,19
6010.5,17
6011.0,12
6011.9,21
6012.0,32
6012.6,13
6012.9,35
6014.7,5
6015.2,16
6015.9,11
6016.4,6
6016.4,31
6016.4,38
6016.7,9
6016.7,14
6017.1,25
6017.4,18
6017.6,27
6018.6,1
6019.8,2
6020.2,0
6020.4,17
6020.6,21
6021.0,24
6021.0,28
6021.2,19
6023.5,39
6023.6,38
6023.7,3
6025.1,33
6026.2,23
6026.5,26
6026.8,10
6027.5,34
6027.9,12
6028.0,17
6028.0,37
6028.3,9
6028.6,28
6029.2,8
6029.2,32
6029.3,5
6029.3,22
6029.6,19
6029.6,16
6030.0,31
6030.6,29
6031.4,11
6031.6,14
6031.7,38
6033.1,15
6033.1,36
6034.0,1
6036.0,33
6036.2,3
6036.2,7
6036.9,21
6038.1,19
6038.7,17
6039.1,13
6039.4,24
6040.7,22
6040.8,32
6041.0,10
6041.0,27
6041.0,34
6041.1,16
6041.2,26
6042.4,12
6042.4,28
6043.3,5
6043.5,39
6044.0,38
6044.3,17
6044.5,31
6044.7,0
6045.3,6
6046.1,18
6047.4,9
6048.5,11
6049.1,14
6049.5,23
6049.7,35
6049.8,21
6049.8,30
6050.0,3
6050.1,1
6050.2,8
6050.2,31
6050.4,19
6050.4,37
6050.6,33
6053.4,39
6053.6,38
6054.9,28
6055.1,27
6056.2,5
6056.9,34
6057.4,15
6057.9,16
6058.0,9
6058.3,12
6058.4,17
6058.4,29
6059.3,7
6059.8,26
6060.5,32
6061.0,22
6061.7,1
6061.7,14
6061.7,10
6061.7,31
6062.6,36
6062.7,19
6063.7,3
6063.8,38
6064.7,28
6064.9,2
6065.1,13
6065.6,17
6065.6,24
6066.0,11
6066.1,9
6066.2,18
6066.2,33
6066.9,16
6068.4,5
6070.9,23
6071.0,0
6071.1,39
6071.8,37
6072.2,8
6072.3,12
6072.3,30
6072.8,38
6073.4,34
6073.5,31
6073.5,19
6073.8,17
6075.4,10
6075.4,14
6076.2,21
6078.7,28
6078.7,32
6078.8,9
6079.3,1
6079.3,33
6079.6,26
6079.6,3
6080.8,5
6081.1,36
6082.5,39
6083.1,24
6083.8,38
6083.9,19
6084.1,35
6084.2,7
6084.2,23
6084.7,16
6084.7,17
6085.9,11
6087.5,34
6088.7,32
6089.4,18
6089.9,15
6090.0,31
6090.1,27
6090.6,12
6091.3,14
6091.3,19
6091.8,28
6092.1,3
6092.1,13
6092.3,10
6092.4,5
6092.7,17
6093.8,16
6094.6,33
6094.7,9
6096.0,38
6096.9,37
6097.2,25
6098.1,30
6098.3,21
6098.3,22
6098.8,8
6099.8,6
6100.2,12
6100.6,1
6100.8,26
6101.3,14
6101.5,19
6101.7,36
6102.5,11
6102.5,29
6103.3,34
6103.9,17
6104.2,39
6104.6,3
6104.7,5
6104.7,9
6104.8,38
6106.0,0
6106.4,28
6106.5,23
6107.1,31
6107.3,32
6109.6,37
6109.9,18
6110.0,19
6110.3,24
6110.7,16
6110.8,12
6111.4,11
6113.8,21
6113.9,5
6114.5,33
6114.9,9
6115.0,17
6115.5,10
6115.7,1
6116.5,14
6118.0,31
6118.2,32
6118.8,35
6119.2,34
6119.7,7
6119.7,26
6120.5,13
6120.5,36
6120.6,39
6122.8,19
6122.9,38
6123.3,28
6123.6,9
6124.2,17
6124.8,27
6124.9,10
6125.0,16
6125.1,3
6125.6,21
6125.6,29
6125.7,11
6126.0,12
6126.4,0
6127.1,5
6127.2,8
6128.6,2
6130.5,32
6130.6,28
6131.1,1
6131.5,19
6131.5,33
6132.6,38
6132.7,23
6133.2,31
6133.3,17
6134.0,39
6134.1,7
6134.7,16
6134.8,34
6135.7,12
6136.8,14
6137.2,22
6137.5,15
6137.6,9
6138.3,5
6138.8,37
6139.4,30
6140.0,11
6140.0,26
6140.3,24
6140.9,36
6141.2,19
6142.1,3
6143.5,18
6144.7,38
6145.0,32
6145.3,28
6145.4,8
6145.6,17
6145.9,6
6146.0,39
6146.1,21
6146.3,33
6146.5,31
6146.6,1
6147.8,13
6148.4,10
6149.0,14
6149.5,35
6150.1,37
6151.4,5
6151.6,11
6152.3,19
6152.5,23
6153.3,34
6153.4,26
6153.8,3
6153.8,9
6154.1,27
6154.2,22
6154.6,16
6155.8,17
6156.4,29
6157.6,31
6158.4,38
6158.9,12
6159.1,7
6159.6,1
6160.0,5
6160.6,39
6163.0,2
6163.5,14
6163.6,9
6163.7,19
6164.3,36
6164.4,10
6164.4,17
6164.4,21
6164.5,28
6164.8,8
6165.6,18
6165.6,38
6167.2,3
6167.6,0
6167.8,11
6168.0,25
6169.1,15
6169.2,24
6169.2,33
6169.4,30
6169.4,31
6169.5,37
6169.8,32
6169.9,20
6170.2,23
6171.1,26
6171.5,19
6171.6,5
6172.1,12
6172.1,17
6172.4,16
6173.1,9
6173.6,34
6175.4,39
6177.7,7
6178.5,1
6178.5,28
6179.0,22
6179.6,5
6179.6,21
6180.1,14
6180.2,29
6181.1,10
6181.5,18
6182.0,38
6182.2,3
6182.5,33
6182.6,34
6182.9,24
6182.9,32
6183.1,17
6183.6,19
6183.8,11
6183.8,36
6184.0,31
6186.7,9
6188.2,39
6189.0,28
6189.1,12
6189.3,14
6189.3,26
6190.1,17
6190.1,23
6191.5,5
6191.6,3
6191.6,8
6191.6,21
6192.7,13
6193.4,37
6194.0,38
6194.1,20
6194.3,19
6194.5,0
6194.5,18
6194.7,35
6194.9,9
6194.9,11
6194.9,31
6195.6,16
6195.8,1
6196.6,32
6197.7,27
6198.5,34
6198.5,17
6199.5,15
6199.8,12
6199.8,24
6200.7,14
6202.1,23
6203.6,22
6203.9,36
6204.1,3
6204.1,39
6205.1,33
6205.2,10
6206.3,19
6206.8,5
6206.8,38
6207.7,30
6207.9,17
6209.1,26
6209.7,1
6209.9,31
6210.1,7
6210.1,28
6210.2,18
6210.5,9
6210.6,21
6211.4,13
6211.9,16
6212.5,32
6213.7,27
6213.8,29
6214.0,19
6214.0,35
6214.0,36
6214.1,37
6214.5,34
6214.9,24
6215.3,11
6215.3,17
6215.4,5
6215.5,2
6215.6,10
6215.9,23
6217.8,22
6218.2,12
6219.8,19
6220.1,33
6220.5,9
6220.8,6
6220.8,14
6221.0,16
6221.0,28
6221.0,39
6221.2,3
6222.0,38
6224.3,25
6224.4,21
6225.4,31
6225.5,15
6225.9,26
6226.3,24
6226.8,1
6227.2,0
6227.5,5
6227.7,14
6228.3,36
6229.0,17
6229.0,37
6229.5,9
6229.6,8
6230.2,34
6230.8,11
6232.0,13
6232.0,38
6233.3,20
6233.3,23
6234.0,32
6234.4,29
6234.7,19
6234.9,3
6235.3,7
6235.5,30
6236.0,18
6236.5,28
6236.6,12
6237.0,39
6238.3,10
6238.3,21
6238.5,15
6238.7,33
6239.4,22
6239.9,17
6240.2,38
6240.6,2
6241.5,5
6242.3,26
6242.4,9
6242.5,3
6243.8,16
6243.8,31
6244.4,14
6244.6,19
6245.1,11
6245.8,1
6245.8,24
6246.3,23
6247.3,6
6247.4,35
6249.7,34
6249.8,37
6250.1,39
6250.7,5
6251.0,36
6251.6,28
6251.8,31
6251.9,17
6251.9,32
6252.0,12
6252.7,3
6252.9,21
6254.2,38
6254.5,19
6254.9,0
6254.9,27
6255.1,10
6255.6,14
6255.7,18
6255.9,9
6256.1,29
6257.4,16
6259.3,23
6259.5,24
6260.0,33
6260.5,5
6261.5,19
6262.6,11
6262.9,39
6263.7,15
6263.8,1
6264.0,8
6264.2,17
6264.8,22
6265.1,7
6265.6,12
6265.7,34
6265.9,10
6266.7,3
6266.8,14
6266.8,26
6266.8,36
6267.4,28
6268.1,21
6268.5,38
6269.5,31
6269.8,9
6272.2,32
6272.4,13
6272.6,0
6272.9,17
6272.9,37
6273.2,2
6273.4,5
6273.8,35
6273.9,19
6274.3,33
6275.7,36
6275.9,16
6276.1,18
6278.1,28
6278.7,38
6278.9,25
6279.0,24
6279.3,29
6279.6,17
6280.3,11
6280.3,39
6281.1,1
6281.3,9
6282.6,3
6282.7,14
6283.0,30
6283.9,12
6284.5,19
6284.5,31
6284.5,34
6284.8,5
6284.8,23
6285.6,13
6285.7,22
6286.2,21
6286.3,8
6286.3,26
6286.4,7
6286.6,4
6286.7,16
6287.1,28
6287.8,17
6288.0,6
6288.0,32
6290.8,9
6290.8,10
6292.0,0
6293.0,38
6293.3,33
6294.0,5
6294.1,19
6294.5,37
6294.8,12
6295.2,13
6295.5,18
6295.6,1
6296.0,14
6296.3,11
6296.9,31
6297.2,17
6297.7,21
6297.9,36
6298.0,8
6298.1,3
6298.2,39
6299.0,2
6300.8,23
6301.0,29
6301.9,19
6302.2,15
6302.3,24
6302.5,32
6302.8,34
6302.9,7
6302.9,27
6303.8,9
6306.1,16
6306.8,28
6307.0,17
6307.2,22
6307.3,38
6307.7,5
6308.0,6
6308.9,26
6309.1,10
6310.0,19
6310.3,11
6310.5,39
6310.7,35
6311.3,1
6311.6,14
6311.8,24
6311.9,13
6313.0,3
6313.2,12
6313.2,18
6316.2,17
6317.0,38
6317.3,33
6318.1,25
6318.3,9
6318.3,31
6318.4,32
6318.8,30
6318.9,23
6319.2,36
6319.3,5
6320.5,14
6320.5,19
6320.6,16
6321.6,37
6321.8,21
6322.3,34
6323.5,17
6324.6,39
6324.9,28
6325.4,0
6325.4,13
6325.4,18
6325.9,3
6326.4,8
6326.5,11
6327.1,1
6327.3,38
6327.6,19
6330.6,12
6331.3,35
6331.8,9
6331.8,31
6332.1,5
6332.2,23
6332.4,10
6333.0,14
6333.0,17
6333.5,15
6333.6,34
6333.8,16
6334.7,26
6334.8,21
6334.9,39
6335.0,32
6336.6,36
6337.0,24
6338.0,7
6338.1,38
6338.6,22
6339.4,5
6341.0,11
6341.3,3
6341.6,33
6342.0,19
6342.3,9
6342.5,28
6343.2,17
6344.9,1
6345.1,29
6345.6,31
6345.9,27
6346.3,13
6346.8,37
6347.6,12
6348.1,38
6348.4,25
6349.2,8
6349.2,39
6349.3,28
6350.5,26
6351.6,17
6351.6,34
6351.8,32
6352.1,19
6352.4,18
6353.7,16
6353.9,21
6354.3,9
6354.6,22
6354.6,23
6355.1,38
6355.3,14
6355.7,10
6356.5,5
6357.5,0
6357.5,24
6357.5,33
6357.6,8
6357.8,3
6357.8,11
6357.9,1
6358.4,37
6358.8,34
6359.1,7
6360.4,30
6362.3,17
6362.6,9
6362.9,15
6365.4,28
6365.9,31
6366.7,19
6366.7,20
6367.9,5
6367.9,32
6367.9,35
6367.9,38
6368.0,17
6368.8,21
6369.1,26
6369.1,39
6369.2,16
6369.3,12
6369.4,8
6369.4,36
6369.5,7
6369.6,27
6370.3,14
6370.8,11
6371.1,3
6372.2,29
6373.0,9
6373.2,34
6373.3,18
6375.7,19
6376.2,23
6377.2,28
6378.2,13
6378.6,12
6378.6,33
6379.0,5
6379.2,39
6379.5,17
6379.5,38
6379.8,1
6380.1,2
6380.4,10
6380.5,16
6381.5,31
6382.8,3
6383.5,24
6384.1,32
6384.2,21
6384.3,9
6384.3,18
6385.2,37
6385.3,33
6385.4,26
6387.2,36
6387.4,8
6387.7,39
6387.8,12
6387.9,19
6388.3,38
6389.7,14
6389.8,17
6391.9,15
6391.9,28
6392.8,1
6392.9,11
6392.9,27
6393.0,16
6393.3,23
6393.5,13
6393.6,7
6393.8,34
6394.1,3
6394.2,5
6395.8,9
6397.5,17
6397.8,38
6398.2,37
6399.2,21
6399.6,0
6399.7,39
6401.6,31
6402.1,12
6402.2,19
6403.4,33
6403.6,6
6403.6,10
6403.6,32
6403.9,26
6405.2,8
6405.4,29
6405.4,34
6405.6,11
6405.8,22
6406.3,35
6406.4,14
6406.9,5
6406.9,17
6408.1,18
6408.1,36
6409.5,28
6409.5,38
6409.9,16
6411.4,19
6413.8,23
6414.4,9
6414.8,32
6415.3,14
6415.6,3
6415.8,31
6415.9,1
6415.9,21
6416.1,11
6416.6,2
6416.7,5
6417.1,17
6418.0,39
6418.0,13
6419.1,38
6419.2,10
6419.6,34
6420.0,27
6420.0,30
6420.6,12
6421.1,37
6423.3,14
6423.3,19
6423.6,9
6424.4,5
6427.1,22
6427.2,23
6427.2,33
6427.3,28
6427.5,17
6429.2,24
6429.5,32
6430.1,38
6430.5,36
6430.7,3
6430.8,16
6430.8,11
6431.7,7
6431.7,15
6432.0,34
6432.3,31
6433.1,13
6433.2,39
6433.7,1
6434.3,18
6434.9,25
6436.4,9
6436.5,0
6436.8,17
6437.0,5
6437.5,19
6437.8,26
6437.9,10
6437.9,29
6438.0,12
6438.0,21
6439.6,14
6439.6,28
6440.5,37
6441.0,1
6441.1,36
6441.4,23
6441.5,3
6442.0,31
6442.6,15
6443.0,8
6443.0,38
6443.3,35
6444.2,2
6445.4,11
6447.2,17
6447.3,9
6447.7,16
6447.7,24
6447.9,18
6447.9,39
6448.0,33
6448.6,5
6448.9,34
6449.1,32
6449.2,19
6452.1,6
6452.5,7
6453.0,22
6453.2,3
6453.3,38
6453.4,14
6454.0,28
6454.6,1
6454.8,27
6454.9,23
6456.1,21
6456.5,12
6456.9,9
6457.7,20
6457.8,17
6459.7,19
6460.1,5
6460.2,36
6460.3,26
6460.8,39
6461.0,10
6461.6,11
6462.2,38
6462.5,32
6465.1,16
6465.1,30
6466.4,13
6466.4,18
6466.6,33
6467.1,28
6467.4,3
6467.6,34
6467.7,31
6467.7,17
6468.0,37
6468.5,1
6468.6,25
6469.8,21
6470.3,5
6470.3,22
6470.4,14
6470.4,15
6470.8,38
6473.2,12
6474.7,19
6475.6,16
6475.6,32
6476.0,35
6476.1,39
6477.0,29
6477.2,7
6477.7,17
6477.8,11
6478.4,9
6478.4,34
6478.7,0
6479.3,23
6480.0,24
6481.4,33
6481.7,10
6481.8,36
6482.0,19
6482.1,8
6482.2,3
6482.3,28
6482.3,38
6483.1,18
6483.5,27
6483.6,31
6484.0,4
6484.2,26
6484.5,14
6484.8,17
6484.9,21
6485.4,12
6485.4,39
6488.2,34
6489.3,1
6489.3,5
6490.6,22
6491.0,37
6491.2,32
6491.5,16
6491.7,9
6491.7,19
6491.8,23
6492.7,13
6493.0,15
6493.0,17
6493.8,6
6494.3,28
6494.5,11
6494.5,38
6495.0,39
6497.0,31
6497.6,5
6498.0,0
6499.5,3
6500.3,26
6501.2,36
6501.7,27
6501.8,14
6502.2,34
6502.4,17
6502.4,24
6502.5,19
6502.8,13
6502.8,16
6503.1,21
6503.4,9
6503.6,1
6505.1,12
6505.2,18
6505.4,10
6505.8,33
6506.3,5
6506.9,8
6507.1,39
6507.7,28
6508.0,38
6509.9,31
6511.1,23
6511.2,19
6511.2,29
6512.0,3
6513.5,11
6513.9,34
6513.9,35
6514.3,17
6514.3,22
6514.4,12
6514.4,7
6515.9,9
6516.4,5
6516.9,15
6517.4,0
6517.4,1
6517.7,38
6518.1,13
6518.5,16
6518.6,36
6518.6,26
6519.3,31
6519.6,18
6520.0,2
6520.1,39
6520.4,10
6520.8,14
6520.8,32
6521.2,28
6521.2,19
6521.7,33
6521.8,17
6521.8,21
6521.9,24
6521.9,30
6522.4,6
6522.8,3
6526.8,37
6528.1,9
6528.3,27
6528.3,38
6528.6,12
6528.6,34
6528.8,25
6529.2,11
6529.3,5
6529.6,8
6529.6,31
6529.8,20
6530.6,23
6530.8,19
6532.5,3
6533.0,36
6533.7,14
6533.7,39
6534.1,16
6534.6,33
6534.8,1
6535.4,21
6537.3,29
6537.5,28
6537.9,15
6537.9,17
6538.6,35
6539.5,38
6539.9,18
6540.1,11
6540.9,9
6541.3,7
6541.4,13
6541.8,12
6543.6,19
6543.8,10
6544.0,26
6544.7,17
6545.3,39
6545.6,34
6545.6,5
6546.4,0
6546.4,22
6546.6,31
6546.7,3
6546.7,14
6548.0,1
6548.3,23
6548.3,21
6549.0,30
6549.6,32
6549.8,38
6549.8,19
6550.0,9
6550.2,37
6550.7,36
6551.3,28
6552.1,33
6552.4,24
6554.3,17
6554.7,14
6555.4,35
6555.5,16
6555.8,25
6556.3,0
6556.3,3
6556.5,12
6556.8,5
6557.2,11
6559.8,27
6559.9,13
6559.9,23
6561.0,18
6561.1,26
6561.6,5
6561.8,32
6562.5,9
6562.5,31
6562.7,1
6563.5,17
6563.5,19
6563.8,6
6563.9,38
6564.1,34
6564.1,39
6566.2,14
6566.7,16
6566.8,15
6566.9,28
6568.0,29
6568.2,21
6568.4,12
6568.4,24
6569.0,36
6570.0,2
6571.0,8
6571.1,3
6571.2,11
6571.2,7
6571.8,26
6571.8,33
6572.1,5
6574.0,9
6574.7,19
6574.7,31
6575.0,39
6576.9,10
6577.0,17
6577.5,23
6577.7,38
6577.9,1
6578.2,22
6578.6,13
6579.9,16
6580.2,32
6580.7,3
6580.7,37
6581.7,21
6582.3,9
6582.6,28
6583.3,0
6583.6,15
6583.7,19
6583.7,27
6584.2,34
6585.2,18
6585.3,14
6585.4,30
6585.4,35
6585.8,12
6586.0,11
6586.6,17
6586.7,33
6587.3,3
6587.4,5
6588.0,39
6588.6,31
6588.9,32
6589.9,1
6592.6,38
6592.7,19
6592.8,16
6594.3,26
6594.4,29
6594.6,17
6594.7,28
6595.0,36
6595.5,24
6595.6,6
6595.6,7
6596.0,21
6596.1,14
6596.9,9
6598.6,23
6599.5,11
6600.6,38
6600.7,12
6600.7,39
6600.8,15
6600.8,37
6600.9,34
6601.3,2
6601.3,10
6601.9,18
6602.5,17
6602.9,35
6603.1,20
6603.2,31
6603.6,3
6603.9,21
6604.6,1
6605.6,5
6606.2,19
6607.8,9
6608.1,33
6608.4,28
6609.5,14
6610.8,27
6611.0,16
6611.2,32
6611.4,7
6612.8,17
6612.9,12
6613.6,38
6614.7,8
6614.7,34
6615.1,29
6615.2,3
6615.3,15
6615.3,24
6615.8,19
6615.8,21
6616.4,11
6616.5,31
6616.9,5
6617.1,37
6617.6,18
6617.9,13
6618.4,28
6618.6,30
6619.1,10
6620.2,9
6620.6,22
6621.0,27
6622.1,39
6622.3,1
6622.7,17
6623.0,36
6624.2,0
6624.3,32
6624.7,14
6625.3,26
6625.5,23
6625.6,5
6626.2,38
6626.6,19
6627.8,31
6628.1,16
6631.6,3
6631.6,33
6632.0,12
6632.2,9
6632.3,29
6632.9,7
6633.0,6
6633.1,17
6633.3,35
6633.7,20
6634.0,11
6634.9,1
6636.3,21
6637.0,34
6637.5,22
6637.9,28
6638.0,15
6638.5,5
6638.6,13
6638.8,38
6639.4,26
6639.6,14
6639.8,24
6640.1,39
6640.8,10
6640.8,19
6641.0,23
6641.7,32
6642.9,17
6643.6,0
6643.8,9
6644.1,8
6644.2,18
6644.3,37
6644.4,12
6644.9,21
6645.2,2
6645.4,11
6647.7,6
6648.0,38
6648.1,28
6648.6,3
6648.6,36
6649.2,16
6649.8,34
6650.8,17
6651.5,31
6652.3,5
6652.8,30
6652.9,19
6653.2,39
6653.8,32
6653.8,33
6654.2,1
6655.7,12
6655.9,10
6656.1,14
6656.5,7
6656.6,22
6656.9,13
6657.8,38
6658.5,17
6658.5,23
6658.9,26
6659.1,9
6659.1,27
6659.2,35
6660.2,24
6661.0,11
6662.3,19
6662.3,31
6662.7,3
6662.7,5
6663.5,39
6663.8,34
6663.9,37
6664.1,28
6665.0,33
6665.3,16
6665.8,29
6666.4,21
6666.7,36
6666.8,32
6667.2,1
6668.1,12
6668.2,17
6671.4,8
6671.4,18
6672.0,2
6672.0,19
6672.2,23
6672.3,16
6673.3,0
6673.3,15
6673.5,24
6673.6,14
6673.8,22
6674.0,38
6674.1,31
6674.6,9
6675.4,26
6676.7,10
6677.1,17
6677.1,39
6677.6,36
6677.8,11
6679.1,1
6679.4,3
6679.4,5
6679.7,37
6680.2,13
6682.1,28
6682.4,34
6682.6,18
6682.6,19
6684.9,21
6686.2,7
6687.2,1
6687.2,17
6687.2,29
6687.5,9
6687.5,32
6688.0,30
6688.0,31
6688.4,5
6688.6,23
6689.3,38
6689.3,39
6689.7,14
6690.3,3
6691.7,27
6693.1,34
6693.2,12
6693.5,33
6694.2,16
6694.3,22
6694.4,11
6694.4,18
6694.4,25
6694.4,26
6695.0,19
6695.7,36
6698.3,17
6698.3,20
6698.7,15
6699.5,9
6700.2,32
6700.7,38
6701.7,10
6701.8,33
6702.0,31
6702.3,28
6702.5,3
6702.6,8
6702.8,5
6702.8,39
6703.0,1
6703.3,24
6703.8,18
6704.9,11
6705.1,13
6705.4,21
6705.5,16
6705.7,7
6706.5,37
6706.6,0
6706.8,14
6707.4,19
6708.0,26
6708.2,17
6709.9,6
6710.5,23
6710.8,34
6712.0,9
6712.9,38
6713.1,28
6713.2,1
6713.2,31
6713.3,5
6714.2,30
6714.4,36
6714.6,8
6715.4,12
6715.6,17
6716.0,39
6717.2,19
6717.3,3
6717.9,14
6720.1,10
6720.3,25
6720.9,21
6721.0,11
6721.6,32
6721.6,33
6722.4,38
6722.5,22
6723.5,27
6723.7,15
6724.3,13
6724.9,35
6725.2,9
6725.7,28
6725.9,0
6727.0,17
6727.0,26
6727.3,34
6727.4,23
6727.9,5
6728.2,16
6728.7,24
6729.1,31
6729.9,19
6730.1,18
6730.6,37
6731.5,39
6731.9,9
6732.1,1
6733.7,7
6734.3,2
6735.0,3
6735.2,14
6736.2,38
6737.2,5
6737.2,10
6737.3,8
6737.4,12
6737.5,17
6737.5,26
6737.5,29
6737.8,36
6737.9,21
6738.2,34
6739.0,19
6739.8,22
6739.9,11
6740.0,13
6740.2,28
6741.6,31
6742.4,1
6743.0,9
6743.6,15
6743.8,32
6743.8,33
6744.9,30
6744.9,38
6746.2,17
6746.3,16
6746.5,24
6746.5,0
6749.4,3
6750.3,35
6750.8,18
6751.1,39
6751.7,36
6752.1,23
6752.4,19
6752.5,14
6752.8,26
6752.9,34
6754.8,5
6756.1,32
6756.6,38
6757.1,16
6757.2,1
6757.9,28
6758.4,25
6758.6,3
6758.7,21
6758.7,12
6759.1,9
6759.5,8
6759.5,31
6760.0,17
6761.4,13
6762.3,11
6762.4,5
6763.9,23
6764.1,19
6764.1,34
6764.2,6
6764.4,27
6765.3,10
6766.2,7
6766.4,15
6766.9,14
6767.2,16
6767.2,17
6767.3,24
6767.3,37
6768.2,22
6768.6,38
6768.7,1
6768.9,18
6769.5,8
6769.5,39
6769.8,29
6770.6,33
6770.7,21
6771.5,12
6771.8,11
6772.9,9
6773.0,19
6773.5,3
6773.5,13
6773.5,28
6773.5,31
6774.0,35
6774.1,26
6774.3,5
6775.6,20
6775.7,17
6776.6,36
6776.8,30
6777.1,34
6778.1,38
6780.0,1
6780.0,32
6780.3,10
6780.3,16
6780.8,39
6781.1,2
6781.7,15
6782.1,23
6782.2,14
6782.7,0
6782.7,21
6782.8,27
6782.9,19
6785.2,33
6786.3,24
6787.1,38
6787.3,17
6787.7,12
6788.0,22
6788.2,18
6788.2,36
6788.5,5
6788.5,11
6789.1,6
6789.7,19
6790.1,28
6790.2,31
6790.3,9
6790.5,8
6790.8,37
6791.0,39
6791.6,10
6792.2,34
6794.2,35
6794.9,7
6794.9,26
6795.1,16
6795.2,1
6795.8,17
6796.8,15
6797.5,38
6798.0,3
6798.0,13
6799.1,23
6799.8,29
6799.9,5
6800.4,32
6800.5,37
6801.0,19
6801.8,18
6802.4,12
6802.8,9
6803.3,14
6804.4,26
6804.4,39
6804.8,36
6805.0,11
6805.4,34
6805.5,17
6806.1,33
6806.3,31
6807.5,16
6807.8,38
6809.3,5
6809.3,19
6809.9,25
6810.8,13
6811.2,24
6811.7,0
6811.8,28
6812.1,10
6812.3,37
6812.4,30
6813.4,1
6813.4,17
6813.4,29
6814.5,12
6814.8,3
6815.3,27
6815.9,9
6816.0,21
6816.9,39
6817.6,8
6818.3,32
6818.5,34
6818.7,11
6819.1,38
6819.2,22
6821.4,31
6822.1,14
6823.2,19
6824.1,23
6824.3,5
6824.4,0
6824.7,17
6824.8,9
6825.2,18
6827.3,21
6827.7,28
6827.8,3
6827.8,12
6828.6,11
6829.1,35
6829.3,26
6829.6,7
6829.6,16
6829.7,13
6829.7,15
6830.9,39
6831.1,38
6832.1,37
6833.1,1
6834.3,34
6834.5,17
6834.7,33
6835.4,31
6835.5,9
6835.5,28
6835.6,10
6835.7,14
6835.7,19
6835.9,32
6837.6,36
6837.7,5
6839.0,38
6839.1,39
6839.2,29
6839.4,27
6839.6,18
6839.8,12
6841.4,22
6844.0,0
6844.1,11
6844.7,16
6844.7,17
6844.8,9
6844.8,23
6845.1,3
6845.6,28
6846.2,31
6847.4,33
6848.8,19
6849.0,1
6849.1,25
6850.2,5
6851.2,24
6851.2,39
6852.0,21
6852.4,14
6852.6,38
6853.2,34
6853.3,13
6854.0,10
6854.5,11
6854.5,17
6855.0,32
6855.1,9
6855.1,36
6855.5,7
6856.2,6
6856.4,8
6856.5,3
6857.0,37
6857.1,12
6858.3,28
6858.3,30
6859.3,1
6859.3,19
6859.5,26
6859.7,23
6860.3,5
6860.3,18
6860.3,31
6860.3,35
6860.5,15
6861.6,27
6863.7,38
6864.4,39
6864.6,17
6865.6,22
6866.2,11
6866.6,16
6866.7,3
6866.8,9
6867.1,29
6867.5,14
6868.6,34
6869.5,5
6870.2,10
6870.2,19
6870.6,12
6871.5,13
6873.2,33
6874.6,9
6874.6,28
6874.8,36
6875.5,17
6875.8,21
6876.6,11
6877.1,31
6877.4,20
6878.0,1
6878.2,35
6878.3,23
6878.4,39
6878.5,19
6878.8,26
6879.2,14
6879.5,38
6879.7,3
6880.0,0
6880.2,5
6882.2,37
6882.3,18
6883.1,32
6883.3,24
6883.6,2
6883.7,28
6884.2,34
6884.7,17
6887.7,33
6888.6,11
6888.8,16
6889.8,29
6891.3,12
6891.8,9
6892.2,8
6892.2,10
6892.3,38
6893.0,34
6893.1,5
6893.2,31
6893.6,13
6893.9,3
6893.9,32
6894.0,30
6894.1,1
6894.2,17
6894.4,6
6894.5,23
6894.7,19
6895.3,39
6895.9,25
6896.2,36
6896.9,21
6897.4,28
6899.2,16
6899.6,27
6899.7,14
6900.3,26
6900.3,35
6900.5,19
6900.6,12
6900.8,7
6901.1,38
6901.4,22
6901.4,31
6903.3,0
6903.6,5
6904.2,11
6905.1,37
6905.9,24
6906.6,33
6906.9,9
6907.1,29
6907.7,34
6908.1,39
6908.7,17
6908.9,3
6910.0,21
6910.3,36
6910.7,13
6910.9,18
6911.0,19
6911.1,8
6912.3,38
6912.9,32
6913.0,30
6914.1,5
6914.4,16
6914.7,15
6914.8,28
6915.2,10
6915.4,31
6916.6,12
6917.1,1
6917.5,2
6917.6,26
6917.6,23
6917.9,17
6918.3,9
6918.7,3
6918.9,14
6919.1,34
6919.5,39
6919.6,38
6920.0,19
6922.2,11
6922.7,22
6923.0,37
6923.1,24
6926.5,21
6926.7,32
6926.7,33
6927.1,7
6927.9,18
6928.1,17
6929.5,5
6929.6,13
6930.7,9
6930.9,8
6931.0,38
6931.3,16
6932.0,10
6932.5,3
6933.4,36
6933.5,19
6933.7,31
6934.0,6
6934.3,28
6934.7,11
6934.7,12
6934.8,37
6934.9,34
6935.1,23
6935.1,29
6935.7,0
6936.6,1
6936.8,21
6939.2,24
6939.5,17
6940.4,9
6940.4,38
6940.5,39
6941.4,5
6942.2,14
6942.3,19
6942.4,36
6942.6,22
6942.9,16
6942.9,33
6944.5,27
6945.7,1
6946.0,28
6946.2,32
6946.6,26
6947.7,8
6948.0,15
6948.6,3
6948.6,31
6949.9,23
6950.1,11
6951.1,12
6951.2,7
6951.4,17
6951.6,13
6951.9,10
6951.9,34
6952.2,38
6952.5,30
6952.7,19
6952.8,14
6954.2,35
6954.2,39
6954.5,18
6954.7,5
6955.3,21
6956.2,31
6957.6,29
6958.1,3
6959.5,22
6959.9,9
6960.1,25
6960.2,17
6962.5,36
6963.1,27
6963.1,28
6963.1,34
6964.0,38
6964.1,5
6964.3,19
6964.3,33
6964.4,12
6965.0,31
6965.6,10
6966.6,32
6966.7,1
6966.8,16
6966.8,30
6966.9,21
6967.1,23
6968.2,24
6968.4,26
6968.7,37
6970.9,14
6971.6,39
6971.9,17
6972.4,8
6973.1,19
6974.5,34
6975.0,0
6975.3,38
6976.2,25
6976.6,9
6978.0,15
6978.5,3
6978.5,28
6978.8,11
6979.9,22
6980.4,13
6980.8,29
6980.9,39
6981.4,18
6981.5,24
6981.7,5
6981.7,31
6981.9,26
6982.0,17
6982.2,1
6982.5,36
6983.0,7
6983.1,33
6984.0,2
6984.1,16
6984.1,27
6985.4,19
6986.0,12
6986.0,32
6986.1,38
6987.0,21
6988.8,23
6989.7,17
6990.1,14
6990.7,6
6991.5,5
6991.8,10
6991.8,34
6991.9,18
6992.3,8
6992.3,9
6992.4,31
6992.5,38
6992.7,28
6993.2,0
6993.6,3
6993.6,39
6995.8,16
6996.7,19
6997.6,11
6998.1,37
6999.1,30
6999.2,1
6999.9,35
7000.5,5
7001.4,17
7001.6,26
7001.8,33
7001.9,21
7002.0,22
7002.2,14
7002.4,28
7002.6,34
7002.7,9
7002.7,20
7002.9,15
7003.0,24
7003.6,13
7004.1,25
7004.2,36
7004.5,23
7007.3,29
7007.4,38
7007.8,19
7007.8,31
7008.9,3
7009.4,12
7009.8,11
7010.8,39
7011.2,32
7012.6,9
7012.9,34
7013.3,17
7013.4,7
7014.1,27
7014.5,5
7016.3,18
7016.5,33
7017.4,1
7017.7,19
7017.9,38
7018.2,10
7018.2,14
7018.4,26
7018.6,12
7018.9,28
7019.1,6
7019.3,16
7019.7,3
7021.6,13
7021.9,17
7023.3,23
7023.5,11
7024.4,37
7025.1,39
7025.2,24
7025.7,35
7025.9,15
7026.0,30
7026.0,36
7026.1,21
7026.2,16
7026.4,31
7026.4,38
7026.6,32
7029.1,9
7029.9,17
7030.0,22
7030.1,34
7030.5,19
7030.7,18
7030.8,14
7031.0,12
7031.7,5
7034.8,10
7035.1,29
7035.8,27
7036.5,28
7036.7,36
7036.9,3
7037.4,7
7037.7,19
7037.7,38
7038.3,33
7038.4,13
7038.9,21
7039.1,17
7039.5,34
7039.8,26
7039.9,11
7039.9,23
7040.0,2
7040.3,1
7040.3,5
7040.4,31
7042.6,16
7044.0,39
7044.6,8
7045.3,14
7045.6,9
7046.6,38
7047.0,22
7048.0,17
7048.2,6
7048.2,28
7048.2,32
7049.0,19
7049.6,5
7050.5,11
7051.7,10
7052.0,0
7052.7,23
7052.9,34
7053.0,12
7053.7,31
7053.9,37
7054.0,3
7054.1,1
7054.3,35
7057.4,21
7057.5,16
7057.9,38
7058.3,7
7058.6,13
7058.9,19
7058.9,39
7059.0,24
7059.0,33
7059.0,14
7059.2,17
7059.3,9
7059.3,36
7059.8,15
7061.2,26
7061.3,18
7061.4,28
7062.5,29
7063.7,5
7065.0,3
7065.4,1
7065.9,23
7066.7,37
7067.4,11
7067.4,27
7067.9,19
7068.1,9
7068.1,22
7068.3,28
7069.0,34
7069.3,17
7069.4,31
7070.2,8
7070.3,12
7070.7,36
7070.9,39
7071.5,32
7073.6,38
7073.7,21
7074.4,16
7075.6,1
7075.7,5
7076.5,13
7076.8,14
7077.8,0
7078.2,19
7078.2,39
7078.6,29
7079.1,25
7079.1,38
7079.4,3
7079.6,17
7079.6,18
7079.6,37
7079.7,10
7079.7,23
7079.7,30
7079.8,28
7080.1,20
7080.3,12
7081.5,9
7082.5,24
7083.1,5
7083.7,15
7084.2,32
7085.9,31
7086.8,26
7086.8,38
7088.3,22
7088.3,34
7088.8,19
7088.8,33
7089.4,14
7089.7,21
7089.8,11
7090.8,17
7090.9,10
7090.9,35
7091.0,23
7091.9,7
7092.4,8
7092.5,36
7093.2,3
7093.2,39
7093.4,1
7094.2,16
7095.8,5
7096.5,28
7097.8,32
7098.0,38
7098.3,18
7098.6,27
7099.4,17
7099.7,12
7100.1,9
7100.5,13
7100.9,31
7101.2,14
7101.3,19
7102.4,2
7102.7,26
7103.0,34
7104.7,21
7104.9,37
7105.9,28
7106.9,35
7108.3,3
7108.6,39
7108.8,23
7108.9,11
7109.1,5
7109.1,6
7109.3,17
7109.5,38
7109.8,16
7110.4,1
7111.0,24
7111.5,15
7111.7,31
7111.8,33
7112.6,36
7112.8,32
7113.4,8
7113.9,19
7114.0,14
7115.2,10
7116.0,0
7116.1,7
7116.5,22
7116.9,38
7117.1,9
7117.9,3
7117.9,5
7118.0,26
7118.7,17
7119.5,39
7119.9,12
7119.9,34
7121.3,37
7121.7,28
7122.9,18
7122.9,21
7123.3,25
7123.8,31
7124.2,19
7125.1,11
7125.8,9
7126.0,1
7126.1,23
7127.2,17
7127.4,3
7127.6,38
7127.7,14
7127.7,29
7128.3,33
7129.0,30
7129.4,13
7129.5,16
7129.8,26
7131.0,39
7132.5,34
7133.3,22
7134.0,12
7134.4,5
7134.7,28
7134.9,31
7135.1,19
7135.2,36
7136.6,14
7137.0,32
7137.0,38
7137.1,10
7138.0,27
7139.2,17
7139.7,2
7139.7,9
7140.3,1
7140.3,18
7141.5,3
7141.6,7
7141.6,8
7143.0,16
7143.0,23
7143.7,35
7144.7,21
7145.4,11
7146.2,5
7146.2,37
7146.5,39
7146.8,13
7146.9,38
7147.6,19
7147.9,30
7148.1,34
7148.2,28
7149.0,31
7149.3,17
7149.6,6
7149.6,26
7151.7,15
7151.8,33
7152.3,14
7152.9,16
7153.2,12
7154.1,39
7154.4,5
7154.7,9
7154.9,23
7155.3,11
7157.2,8
7157.4,34
7158.1,18
7158.9,3
7159.4,19
7159.5,17
7159.9,32
7160.0,31
7161.0,0
7161.0,24
7161.3,10
7161.7,38
7162.3,28
7162.5,1
7162.6,12
7163.1,36
7165.0,14
7165.4,29
7166.1,19
7167.5,22
7167.5,37
7167.6,9
7168.5,5
7168.5,34
7169.5,27
7169.8,21
7169.9,15
7169.9,17
7170.0,16
7170.3,7
7171.3,11
7171.4,38
7171.8,23
7172.3,13
7172.8,3
7173.2,29
7174.3,35
7174.5,39
7175.7,26
7176.0,30
7176.2,18
7176.6,28
7176.7,9
7177.3,10
7178.3,31
7178.5,19
7178.6,33
7178.7,5
7179.2,38
7179.4,8
7179.6,12
7180.1,17
7180.1,32
7182.9,11
7183.7,36
7184.5,14
7184.9,3
7185.1,1
7186.0,16
7186.0,22
7187.1,39
7187.8,21
7187.8,34
7188.1,25
7188.4,24
7188.8,17
7188.8,31
7189.4,19
7190.1,9
7190.9,23
7191.3,13
7193.7,28
7194.2,38
7194.4,1
7194.6,10
7194.9,11
7195.3,12
7195.5,8
7195.5,29
7195.9,15
7196.0,33
7196.1,5
7196.2,14
7196.8,17
7196.8,20
7196.9,7
7197.2,37
7197.4,34
7197.4,39
7197.9,32
7198.2,26
7198.2,36
7201.0,38
7201.6,3
7201.7,19
7203.4,31
7203.8,9
7203.8,23
7203.8,30
7204.9,32
7205.2,16
7205.7,0
7206.4,35
7208.3,18
7208.3,27
7208.4,28
7208.7,11
7209.0,5
7209.0,19
7209.3,24
7209.5,12
7209.6,1
7209.7,17
7210.4,21
7210.9,34
7211.0,6
7211.0,26
7211.1,39
7212.3,14
7214.6,25
7214.6,38
7215.8,3
7215.9,9
7215.9,22
7216.3,13
7216.3,37
7216.4,2
7216.6,33
7216.7,23
7216.8,31
7216.8,32
7217.3,17
7217.8,36
7218.3,7
7218.4,28
7218.5,5
7218.5,10
7218.6,12
7219.2,16
7220.6,1
7220.6,19
7221.5,21
7222.4,39
7223.2,38
7223.4,34
7224.7,11
7224.7,24
7224.8,18
7224.8,31
7224.9,9
7225.5,17
7228.7,23
7229.2,14
7230.1,8
7230.9,26
7231.3,19
7231.4,5
7231.5,28
7232.3,29
7232.5,37
7233.8,17
7234.3,18
7236.1,13
7236.3,11
7236.4,22
7236.8,38
7236.8,39
7237.0,32
7237.1,10
7237.2,16
7237.3,3
7237.9,31
7238.1,9
7238.2,1
7238.3,34
7239.5,12
7240.3,36
7240.7,33
7241.1,2
7241.3,19
7241.6,7
7241.8,5
7243.4,20
7243.5,28
7243.6,21
7243.8,30
7243.8,14
7244.0,35
7245.4,17
7247.2,39
7247.6,3
7247.8,11
7248.1,16
7248.2,15
7248.2,38
7248.8,25
7249.0,27
7249.1,26
7249.7,9
7249.7,34
7253.0,1
7254.9,29
7255.8,5
7255.8,23
7255.8,31
7255.9,17
7256.1,12
7256.2,8
7256.4,19
7256.9,37
7257.4,24
7257.5,28
7258.7,9
7259.8,39
7259.9,32
7261.0,18
7261.4,38
7261.8,7
7262.0,6
7262.4,34
7262.6,3
7262.9,36
7263.3,11
7264.8,14
7265.0,19
7265.7,17
7267.0,21
7267.1,13
7267.4,22
7268.2,16
7268.8,23
7269.1,10
7269.3,26
7270.2,0
7270.2,37
7271.6,5
7272.5,38
7273.0,1
7273.3,24
7273.3,31
7273.3,33
7273.4,12
7273.4,35
7273.5,3
7274.1,17
7274.1,28
7274.3,15
7274.3,39
7275.0,7
7275.0,8
7275.0,19
7275.9,36
7276.4,27
7276.9,9
7277.4,34
7277.7,14
7278.3,29
7279.6,32
7279.8,30
7280.7,2
7280.8,18
7281.0,16
7281.1,11
7282.3,5
7282.4,10
7282.7,17
7283.4,1
7283.4,25
7283.5,19
7285.1,38
7287.2,23
7288.1,13
7288.6,9
7288.6,21
7289.7,28
7290.0,31
7290.3,37
7290.4,11
7290.4,33
7290.6,17
7290.7,39
7291.4,3
7292.9,27
7293.8,26
7294.5,10
7295.1,5
7295.1,12
7295.8,38
7295.9,1
7296.5,16
7296.8,29
7297.8,19
7297.9,14
7299.7,8
7300.1,35
7300.2,17
7300.2,36
7300.6,32
7300.7,18
7301.2,34
7301.3,6
7301.5,15
7302.5,38
7304.2,9
7306.1,39
7306.2,3
7307.8,23
7308.1,11
7308.9,18
7309.0,17
7309.3,28
7310.0,5
7310.8,19
7311.1,21
7311.4,26
7311.5,7
7311.6,37
7311.8,1
7311.8,36
7311.9,27
7311.9,38
7312.2,33
7312.4,12
7312.5,14
7312.5,16
7312.6,32
7312.9,31
7313.4,22
7315.9,10
7316.0,9
7316.7,5
7317.8,24
7318.3,2
7319.7,3
7319.9,39
7320.0,17
7322.5,34
7323.3,30
7323.7,11
7324.2,1
7324.2,15
7324.3,33
7324.9,38
7325.3,5
7325.6,14
7325.7,28
7325.9,27
7326.0,18
7326.2,21
7326.3,13
7326.7,12
7327.0,19
7327.1,9
7327.3,29
7328.2,25
7328.5,16
7329.0,10
7329.1,36
7329.6,31
7330.6,17
7330.6,23
7331.0,20
7331.1,7
7331.4,37
7331.6,39
7332.3,8
7332.5,3
7332.7,38
7333.2,32
7333.4,26
7334.4,34
7336.4,0
7337.4,28
7337.7,31
7338.0,10
7338.1,12
7338.3,19
7338.7,11
7338.7,22
7339.2,14
7340.5,21
7341.0,1
7342.2,30
7342.8,17
7343.4,33
7343.6,9
7344.1,3
7344.1,18
7344.3,16
7344.3,19
7344.3,39
7344.4,5
7344.6,32
7344.7,6
7345.1,38
7345.4,13
7349.2,34
7349.7,35
7349.8,23
7350.1,39
7350.2,17
7350.2,31
7350.4,37
7350.8,11
7351.0,12
7351.1,14
7351.3,28
7351.4,24
7352.1,10
7352.3,27
7352.3,38
7352.5,32
7352.9,8
7353.2,5
7355.8,16
7356.4,19
7357.9,15
7358.8,29
7359.3,21
7359.3,36
7359.5,13
7359.7,26
7359.8,3
7360.4,22
7360.5,9
7360.5,17
7360.5,23
7360.6,1
7361.2,33
7361.5,31
7362.5,7
7362.6,39
7364.9,38
7365.5,28
7365.8,5
7365.8,12
7365.8,34
7366.4,19
7366.6,18
7368.2,11
7368.4,14
7370.0,32
7370.6,16
7370.7,0
7370.8,27
7371.2,3
7372.1,17
7372.7,26
7372.9,9
7374.9,21
7375.0,5
7375.2,30
7375.4,31
7375.5,34
7375.5,38
7375.9,33
7376.2,13
7376.3,10
7376.3,23
7376.8,37
7376.9,19
7377.7,1
7379.5,8
7380.3,12
7380.3,39
7380.8,14
7381.0,35
7381.3,15
7381.7,28
7381.8,17
7382.5,24
7382.8,3
7385.7,16
7386.0,11
7386.5,5
7386.6,2
7386.6,9
7386.7,30
7387.0,18
7387.2,36
7387.4,25
7387.5,22
7387.7,7
7388.0,17
7388.3,38
7388.8,31
7391.2,19
7392.8,32
7393.1,33
7393.4,34
7393.4,35
7393.6,23
7393.6,37
7393.6,39
7394.1,13
7394.5,28
7394.6,1
7394.6,10
7394.9,0
7395.2,12
7396.0,38
7396.5,3
7396.7,14
7397.0,21
7397.2,17
7398.7,5
7400.8,26
7401.2,11
7401.4,8
7401.5,29
7402.4,19
7402.6,34
7402.9,24
7402.9,31
7403.1,36
7403.2,32
7403.6,9
7404.2,15
7404.3,17
7404.7,16
7404.7,28
7405.1,10
7405.7,6
7405.9,27
7408.7,7
7410.0,21
7410.0,38
7411.1,5
7411.6,22
7411.7,39
7412.1,12
7412.2,1
7412.3,33
7412.5,2
7412.5,3
7414.3,19
7414.4,14
7414.5,23
7414.7,0
7415.0,17
7416.4,9
7416.9,31
7417.3,34
7418.6,26
7418.8,5
7419.0,38
7419.8,13
7419.8,16
7419.9,37
7420.1,11
7421.7,10
7423.8,15
7424.0,17
7424.0,24
7424.3,28
7424.4,18
7424.5,14
7424.7,36
7425.0,30
7425.1,39
7426.2,12
7426.2,19
7426.5,3
7426.9,25
7428.3,21
7428.6,9
7429.7,8
7430.4,32
7430.6,31
7431.3,1
7431.3,34
7431.7,5
7432.1,38
7432.3,29
7432.8,17
7433.5,7
7433.6,23
7434.7,35
7435.5,14
7435.6,33
7435.7,39
7436.6,11
7436.7,28
7437.0,22
7437.0,26
7437.7,21
7440.3,10
7440.3,19
7440.3,31
7441.4,16
7441.6,18
7442.2,3
7442.3,9
7442.4,17
7442.5,38
7444.0,39
7444.7,11
7444.9,6
7444.9,12
7446.2,7
7446.4,23
7446.6,28
7447.3,32
7448.5,5
7448.8,15
7449.0,1
7449.2,22
7449.3,27
7449.5,24
7449.5,34
7451.5,39
7452.2,21
7452.6,14
7452.7,26
7453.2,0
7453.3,17
7455.2,9
7455.2,19
7455.3,3
7455.7,13
7456.1,38
7456.7,2
7456.8,8
7457.4,11
7457.9,29
7458.0,31
7458.1,36
7458.4,10
7459.1,16
7459.7,37
7459.8,23
7459.8,32
7460.2,24
7461.3,18
7461.8,12
7462.8,5
7462.8,17
7463.7,35
7463.8,3
7463.8,14
7464.1,15
7464.3,28
7465.1,9
7465.1,33
7467.3,38
7467.8,1
7468.0,22
7468.9,34
7469.0,19
7469.0,30
7470.7,13
7472.6,26
7472.8,7
7473.5,12
7474.1,11
7474.6,21
7474.9,10
7474.9,25
7475.0,31
7475.3,15
7475.5,8
7475.7,0
7475.7,17
7475.7,32
7476.2,28
7476.3,27
7476.4,9
7476.4,38
7476.5,5
7476.5,39
7476.8,29
7476.8,37
7477.2,14
7477.9,3
7477.9,18
7480.1,19
7480.6,33
7481.7,34
7481.9,23
7482.0,16
7482.9,22
7484.3,17
7485.8,36
7486.1,5
7487.0,9
7487.3,31
7488.0,38
7488.6,1
7488.8,11
7489.1,26
7489.3,24
7489.4,3
7489.6,6
7489.7,7
7490.5,21
7490.7,12
7490.8,18
7490.8,35
7491.0,19
7491.1,28
7491.2,10
7492.8,39
7496.3,17
7496.4,22
7496.8,8
7497.2,23
7497.2,38
7497.6,9
7497.6,32
7497.7,0
7497.9,16
7498.0,34
7498.2,28
7498.3,31
7498.4,27
7499.2,15
7500.1,14
7500.4,13
7500.5,19
7501.2,11
7502.5,5
7503.5,17
7504.3,10
7504.4,30
7505.2,25
7505.2,37
7505.4,26
7505.5,36
7505.9,33
7507.1,38
7507.2,12
7507.8,29
7508.7,19
7509.0,3
7510.0,21
7510.1,9
7510.1,31
7510.1,35
7511.2,16
7511.4,1
7512.0,24
7512.0,39
7512.3,28
7512.7,7
7512.7,14
7512.8,0
7513.3,18
7513.7,11
7515.2,32
7515.3,34
7516.0,5
7516.6,17
7516.8,8
7518.2,38
7518.6,23
7518.9,36
7519.4,26
7520.9,19
7521.6,13
7521.6,15
7521.9,3
7522.0,22
7522.2,37
7522.4,31
7523.2,1
7523.3,10
7523.3,30
7523.4,27
7523.5,17
7523.7,12
7526.6,21
7527.6,32
7528.0,34
7528.2,9
7528.3,5
7528.6,11
7528.7,33
7530.4,28
7531.1,38
7531.3,7
7531.7,16
7531.8,39
7531.9,17
7532.7,1
7532.7,24
7532.8,2
7534.1,36
7535.2,19
7535.8,26
7536.5,14
7536.6,22
7537.1,3
7537.3,12
7538.0,38
7538.1,31
7538.9,5
7539.5,9
7540.3,10
7540.7,13
7540.9,0
7541.0,28
7541.2,37
7541.8,25
7542.0,18
7542.9,32
7544.2,17
7544.8,3
7544.9,34
7545.2,16
7546.0,39
7546.2,19
7546.4,33
7546.8,14
7547.6,8
7547.6,11
7548.9,1
7548.9,23
7549.1,38
7549.9,31
7550.4,12
7550.9,27
7553.2,13
7553.4,30
7554.3,15
7554.4,5
7554.5,9
7554.5,36
7554.7,29
7554.9,28
7555.1,21
7555.6,17
7555.8,32
7557.1,19
7558.4,11
7558.6,38
7558.7,26
7559.0,8
7559.5,18
7559.6,34
7559.9,3
7560.0,39
7560.2,7
7560.5,35
7560.9,10
7560.9,31
7561.1,33
7561.9,12
7563.2,14
7564.2,17
7564.3,21
7565.0,1
7565.7,23
7566.9,16
7567.0,22
7567.8,24
7568.0,13
7568.0,19
7568.1,5
7568.2,37
7568.5,11
7569.8,17
7569.8,28
7570.3,38
7571.2,32
7573.4,3
7574.1,39
7574.2,35
7574.7,34
7575.2,36
7575.3,18
7575.4,31
7575.6,9
7576.0,10
7576.5,15
7577.3,26
7578.2,27
7578.5,28
7578.6,1
7580.0,5
7580.0,12
7580.7,24
7581.3,19
7582.2,8
7582.3,7
7582.3,17
7582.3,33
7582.5,34
7582.9,32
7583.3,38
7584.2,21
7584.3,14
7585.0,11
7585.1,23
7585.4,39
7585.6,26
7588.8,31
7589.2,28
7589.6,3
7590.0,9
7590.4,16
7590.7,19
7591.7,18
7592.3,17
7592.9,25
7593.6,0
7594.1,36
7594.3,22
7594.6,11
7595.4,5
7595.4,30
7596.0,38
7596.2,12
7596.4,10
7597.0,39
7597.4,15
7597.9,29
7598.4,13
7598.5,37
7598.7,27
7598.9,1
7599.4,3
7599.6,34
7599.7,31
7600.0,28
7600.1,19
7601.8,14
7602.4,9
7602.4,24
7603.1,23
7603.3,16
7603.3,36
7603.8,8
7603.8,17
7604.5,22
7606.0,5
7607.2,21
7608.1,32
7608.3,38
7609.3,11
7609.3,12
7609.3,20
7609.5,7
7610.8,6
7610.9,19
7611.0,31
7611.1,28
7612.2,17
7612.7,0
7612.7,34
7613.2,33
7613.9,1
7614.4,39
7614.6,3
7614.6,9
7615.7,18
7615.9,35
7616.6,23
7616.8,5
7618.2,38
7620.0,26
7621.8,11
7622.1,17
7622.2,16
7622.2,19
7622.6,10
7623.3,30
7623.5,25
7623.5,31
7623.8,13
7624.0,27
7624.1,14
7624.1,15
7624.5,5
7624.7,29
7624.7,38
7626.4,21
7626.7,12
7626.8,39
7626.9,9
7627.4,36
7628.1,1
7628.1,22
7628.9,34
7630.2,33
7630.9,8
7631.9,17
7632.0,3
7632.0,16
7632.1,32
7633.0,11
7633.0,26
7633.0,38
7634.0,28
7635.1,19
7635.2,24
7635.7,37
7637.8,14
7638.5,9
7638.5,23
7638.7,0
7638.7,22
7639.0,5
7639.5,31
7639.7,33
7640.6,32
7640.6,35
7640.7,1
7641.0,17
7641.5,39
7641.7,10
7641.8,36
7641.8,38
7641.9,28
7642.1,15
7642.6,21
7645.2,7
7646.6,18
7646.8,11
7646.8,29
7646.9,34
7648.1,16
7648.3,3
7648.4,19
7648.8,25
7649.0,12
7651.1,31
7651.1,38
7651.2,17
7652.1,23
7652.3,5
7652.3,28
7652.8,9
7653.2,27
7655.4,36
7655.8,39
7656.2,21
7656.3,26
7656.7,15
7656.8,19
7656.9,13
7659.0,5
7659.3,17
7660.1,14
7660.2,12
7661.3,10
7661.4,3
7661.5,16
7661.6,34
7661.6,38
7661.7,31
7661.8,11
7661.9,8
7662.2,1
7663.6,37
7664.3,24
7664.4,0
7665.0,28
7665.3,35
7665.5,32
7666.8,9
7666.8,39
7667.0,18
7667.3,19
7668.0,22
7669.0,17
7669.4,33
7670.6,5
7671.3,16
7671.5,38
7673.3,31
7673.6,10
7673.7,8
7675.0,23
7675.4,21
7675.5,34
7675.8,11
7676.1,14
7676.4,13
7676.8,1
7676.8,26
7676.9,32
7677.6,30
7678.2,3
7678.2,37
7678.7,9
7679.0,36
7679.1,28
7679.2,12
7679.5,7
7680.1,19
7680.7,17
7680.9,39
7681.3,38
7682.0,18
7683.7,16
7684.6,15
7684.8,21
7685.2,5
7685.6,35
7685.8,6
7686.3,29
7687.8,17
7687.9,13
7688.2,39
7688.3,31
7689.3,26
7689.3,38
7689.4,19
7690.2,34
7690.8,22
7690.9,28
7691.0,27
7691.0,32
7691.6,23
7691.7,1
7691.8,10
7692.8,12
7693.0,33
7693.6,3
7693.9,5
7694.8,14
7694.9,9
7695.3,0
7695.3,16
7696.1,24
7696.2,36
7697.4,38
7698.8,17
7700.4,8
7700.8,19
7702.7,18
7702.8,12
7702.8,39
7702.9,11
7704.3,25
7704.7,35
7705.0,10
7705.1,28
7705.4,3
7705.4,23
7705.6,2
7706.7,17
7706.8,13
7706.8,34
7707.1,31
7707.4,21
7707.5,1
7707.5,30
7709.1,7
7710.1,9
7710.7,37
7711.6,5
7711.8,15
7712.2,19
7712.8,14
7713.0,32
7715.2,27
7715.3,39
7715.8,11
7716.1,38
7716.3,24
7716.5,16
7716.7,29
7716.8,22
7717.1,1
7717.1,17
7717.4,8
7718.1,33
7719.6,26
7720.0,18
7720.5,36
7720.9,3
7721.2,19
7721.2,34
7721.8,12
7722.7,31
7723.2,13
7723.9,23
7724.1,28
7725.0,9
7725.9,17
7726.7,5
7727.3,11
7727.8,14
7728.1,21
7728.6,30
7728.7,16
7728.8,39
7729.9,32
7730.1,0
7730.3,38
7730.8,1
7733.1,33
7734.9,19
7735.7,27
7735.9,31
7736.1,12
7736.3,28
7736.4,3
7736.6,23
7736.7,36
7736.8,26
7737.1,17
7739.1,11
7740.0,7
7740.2,5
7740.5,8
7740.5,32
7741.0,14
7741.0,16
7741.5,9
7741.5,22
7741.8,38
7742.0,34
7742.3,19
7742.6,10
7743.1,24
7743.1,37
7744.4,28
7746.1,21
7746.5,3
7746.5,12
7747.5,36
7747.6,39
7747.7,1
7747.8,17
7747.9,15
7748.8,35
7748.9,26
7749.1,33
7749.5,9
7750.1,31
7751.1,23
7751.3,13
7751.4,11
7751.5,37
7752.1,2
7752.2,18
7752.3,19
7752.5,24
7753.1,10
7753.3,5
7753.4,6
7753.4,30
7753.7,17
7753.7,38
7757.0,16
7757.7,39
7757.9,34
7758.7,32
7759.5,8
7759.6,28
7759.7,3
7760.2,19
7761.7,9
7761.9,14
7762.4,31
7762.6,17
7763.2,38
7765.0,0
7765.4,18
7767.3,12
7767.6,25
7768.0,33
7768.4,19
7768.5,29
7768.6,36
7768.7,26
7769.1,1
7769.1,5
7769.1,13
7769.4,21
7769.9,7
7770.5,22
7770.5,39
7770.6,11
7770.8,34
7771.8,38
7772.7,3
7773.4,17
7773.5,27
7773.6,6
7773.8,9
7774.1,16
7775.0,23
7776.7,0
7777.5,37
7778.7,28
7778.7,32
7778.8,5
7778.9,14
7779.8,10
7780.7,31
7781.8,38
7782.9,19
7783.6,26
7783.9,3
7784.3,34
7784.5,17
7784.9,21
7784.9,24
7785.3,8
7785.3,18
7785.6,12
7786.1,33
7786.3,11
7787.1,39
7787.5,13
7787.8,2
7789.1,38
7789.2,9
7789.3,5
7790.2,1
7790.2,28
7791.4,37
7791.5,30
7791.9,31
7793.0,10
7793.8,16
7794.7,3
7794.7,17
7794.8,32
7795.2,7
7795.3,35
7795.9,29
7796.0,19
7796.5,18
7797.5,23
7798.3,15
7799.0,12
7799.0,22
7799.6,21
7800.0,26
7800.6,38
7800.9,34
7800.9,36
7801.2,39
7801.4,9
7801.4,11
7802.1,14
7802.5,33
7803.6,27
7804.4,8
7804.5,25
7804.5,28
7805.3,5
7805.3,17
7805.5,19
7805.9,38
7806.3,23
7807.0,3
7809.3,31
7809.7,6
7809.8,1
7811.2,39
7811.4,17
7811.6,10
7811.8,16
7812.0,12
7812.6,9
7812.9,29
7813.0,14
7813.5,24
7815.5,28
7815.9,34
7816.2,13
7816.5,33
7818.1,38
7818.2,23
7818.2,31
7818.2,35
7818.3,32
7820.4,18
7820.5,19
7820.6,11
7820.6,17
7820.7,20
7820.9,37
7821.3,21
7822.0,7
7822.5,26
7822.7,3
7823.4,16
7823.4,27
7823.5,36
7825.6,39
7826.4,5
7827.3,12
7827.6,28
7827.9,1
7828.4,10
7828.4,22
7828.5,29
7829.0,9
7829.2,38
7829.4,14
7829.5,13
7829.8,17
7829.9,21
7830.7,15
7830.9,34
7832.7,30
7834.4,11
7834.4,19
7834.5,8
7835.2,31
7835.9,0
7836.7,9
7837.7,32
7838.0,5
7838.2,24
7838.6,3
7839.7,35
7840.6,38
7840.8,28
7841.0,17
7841.5,2
7841.5,39
7842.0,16
7842.9,34
7843.2,33
7843.4,21
7843.5,18
7843.7,12
7843.9,10
7844.0,3
7844.2,14
7844.2,30
7845.4,23
7845.7,19
7846.7,36
7848.0,26
7848.4,31
7848.8,15
7848.8,37
7849.1,17
7849.4,1
7850.0,24
7850.2,3
7850.5,5
7853.9,11
7854.5,38
7855.4,9
7855.4,19
7855.7,8
7855.7,21
7856.0,18
7856.5,39
7857.0,34
7858.1,14
7858.8,3
7858.9,33
7859.3,7
7860.1,17
7860.7,20
7861.5,25
7861.8,6
7862.7,38
7863.0,32
7863.5,27
7863.8,19
7864.4,1
7864.4,16
7865.0,31
7866.0,22
7866.2,28
7866.8,11
7866.9,5
7867.1,12
7867.4,9
7867.4,36
7868.0,29
7868.3,13
7869.8,21
7870.0,34
7870.1,30
7870.3,10
7870.4,14
7870.4,33
7870.5,15
7870.5,35
7870.7,18
7870.8,23
7871.4,26
7871.5,38
7872.2,3
7873.3,17
7874.7,24
7874.8,37
7874.8,39
7875.9,31
7877.3,11
7878.2,16
7878.3,32
7878.6,28
7879.0,5
7879.5,19
7879.7,9
7882.4,13
7882.7,2
7882.8,34
7882.9,0
7883.1,14
7883.3,12
7884.3,17
7884.5,38
7884.8,31
7887.2,33
7887.3,23
7887.6,18
7887.7,10
7888.1,36
7888.4,22
7888.5,11
7888.5,28
7888.9,1
7889.2,39
7889.4,3
7889.9,8
7890.6,5
7891.3,17
7891.3,19
7891.4,16
7892.1,9
7892.7,37
7892.8,27
7893.2,21
7894.8,38
7895.2,34
7895.3,26
7895.5,31
7896.4,35
7896.6,7
7896.6,29
7898.9,14
7900.3,28
7900.8,12
7901.2,17
7903.3,34
7903.5,32
7903.6,19
7903.8,39
7904.5,1
7904.5,3
7904.6,16
7904.7,33
7904.9,23
7905.0,10
7905.5,22
7906.6,38
7906.7,9
7906.8,17
7907.2,30
7907.4,24
7907.8,31
7908.0,21
7908.5,11
7908.7,5
7909.0,18
7909.9,36
7910.2,12
7910.6,8
7910.7,15
7912.8,37
7913.1,19
7913.6,28
7915.6,20
7916.2,14
7916.3,3
7918.4,9
7919.5,0
7919.5,38
7919.9,39
7920.6,5
7920.6,27
7920.9,34
7921.3,1
7921.7,11
7921.7,32
7921.8,15
7922.2,13
7922.3,26
7923.1,31
7923.4,18
7924.2,6
7924.3,17
7924.7,12
7924.7,30
7924.9,14
7924.9,28
7925.0,19
7926.2,23
7926.4,21
7926.7,9
7927.9,38
7928.1,16
7928.3,33
7928.5,25
7929.6,26
7929.8,29
7930.2,7
7930.2,11
7930.4,3
7930.9,5
7931.0,39
7931.5,10
7932.0,35
7932.6,17
7935.0,36
7936.4,23
7936.6,32
7936.9,14
7936.9,19
7936.9,31
7937.5,34
7937.7,13
7937.9,1
7938.0,28
7938.6,24
7939.1,22
7939.2,12
7939.5,37
7941.1,9
7941.1,17
7941.2,38
7942.3,18
7942.7,15
7943.4,5
7943.6,27
7944.1,21
7944.2,16
7944.7,8
7947.0,11
7947.5,39
7948.8,19
7950.1,28
7950.3,3
7950.8,24
7951.3,34
7951.4,26
7952.2,36
7952.3,31
7952.5,5
7952.6,14
7952.9,17
7953.1,30
7953.7,1
7953.8,13
7955.7,32
7955.7,38
7956.1,9
7956.3,12
7956.5,10
7956.8,18
7956.9,39
7957.7,2
7958.3,0
7958.3,22
7958.3,33
7958.5,28
7958.6,23
7958.7,37
7961.4,19
7961.8,17
7962.2,11
7962.8,7
7962.8,34
7963.5,31
7963.8,26
7964.0,16
7964.3,20
7965.2,5
7965.7,35
7966.1,13
7966.1,36
7966.3,21
7966.4,15
7966.6,3
7966.6,38
7967.0,9
7967.0,17
7968.3,14
7970.9,39
7971.4,19
7972.4,24
7972.4,1
7973.1,27
7973.7,25
7973.8,8
7974.6,29
7975.8,0
7976.0,6
7976.0,9
7976.0,23
7976.0,38
7976.1,28
7976.2,11
7976.7,10
7976.7,16
7977.0,12
7977.0,14
7977.4,37
7978.6,34
7978.8,17
7979.5,5
7980.0,33
7980.4,3
7980.7,32
7981.5,31
7982.8,30
7983.5,21
7984.3,1
7984.7,15
7985.0,19
7985.1,23
7985.4,18
7985.5,39
7985.6,38
7987.2,22
7987.2,35
7988.2,28
7988.7,17
7988.8,9
7990.1,11
7990.6,10
7991.0,13
7991.3,14
7991.5,12
7992.5,3
7994.0,16
7995.3,37
7996.1,32
7996.8,19
7996.8,31
7997.0,18
7997.1,5
7997.1,26
7997.9,24
7998.2,1
7998.2,17
7999.1,33
7999.6,38
8000.2,8
8001.5,36
8001.5,6
8001.7,28
8002.0,0
8002.4,29
8002.7,30
8002.8,3
8003.3,12
8003.5,2
8003.5,19
8003.7,34
8003.8,11
8003.8,39
8005.2,21
8006.4,32
8006.8,38
8006.9,16
8006.9,17
8007.5,23
8007.7,9
8008.4,7
8009.2,15
8009.7,14
8009.9,28
8010.7,5
8011.4,31
8011.6,10
8012.1,18
8012.2,20
8013.0,19
8014.5,1
8015.1,3
8015.1,22
8015.2,37
8015.4,38
8015.8,34
8016.1,17
8016.3,24
8017.4,11
8017.6,9
8018.9,26
8019.8,5
8020.4,16
8020.5,14
8020.5,33
8020.6,28
8020.9,12
8021.0,13
8021.0,39
8021.1,25
8021.1,32
8021.9,36
8022.0,19
8022.0,27
8023.5,0
8024.2,17
8024.6,8
8024.9,31
8026.5,18
8027.5,38
8027.6,34
8028.2,21
8028.9,3
8029.1,1
8029.7,19
8029.8,23
8030.0,9
8030.5,5
8031.9,28
8032.2,11
8032.6,31
8032.8,37
8033.4,10
8033.5,14
8033.5,30
8034.0,39
8034.3,17
8034.3,7
8034.3,22
8034.5,27
8034.9,16
8035.7,24
8035.8,32
8036.2,26
8036.5,35
8037.1,34
8037.9,19
8038.0,5
8039.4,33
8040.4,12
8041.9,21
8041.9,38
8042.0,11
8042.2,9
8042.3,3
8042.3,29
8044.2,36
8044.3,13
8044.7,17
8044.8,15
8044.9,28
8046.1,16
8046.4,1
8047.5,39
8049.4,10
8051.2,8
8051.5,5
8051.5,34
8052.1,14
8052.2,31
8052.4,3
8052.4,19
8052.4,26
8052.4,28
8053.3,23
8053.6,20
8053.9,9
8054.1,32
8054.2,0
8055.4,38
8055.7,24
8056.2,33
8056.8,18
8056.9,7
8057.1,17
8058.3,5
8058.4,16
8061.0,21
8061.8,36
8062.0,1
8062.0,22
8062.3,11
8063.9,10
8064.0,12
8064.2,28
8064.2,37
8064.9,19
8065.1,29
8065.2,13
8065.3,6
8065.7,39
8066.3,14
8066.4,9
8066.9,23
8067.9,8
8068.9,17
8069.2,3
8069.4,31
8070.2,38
8070.9,35
8071.9,18
8072.1,34
8072.6,24
8072.8,27
8073.0,19
8074.1,32
8074.4,5
8075.4,7
8075.6,22
8076.5,28
8077.1,1
8077.2,30
8077.2,33
8077.3,9
8077.4,14
8077.5,11
8077.6,26
8078.2,39
8078.9,16
8079.2,17
8081.4,19
8082.2,0
8082.3,36
8083.3,12
8083.3,34
8083.7,38
8084.3,15
8084.6,3
8085.3,6
8085.6,8
8085.7,31
8087.1,21
8087.6,39
8087.8,14
8088.2,23
8088.3,5
8088.8,10
8088.9,1
8089.3,9
8089.5,17
8090.0,19
8090.1,13
8090.8,28
8092.5,32
8092.6,22
8092.7,38
8093.0,37
8093.5,33
8094.1,16
8094.4,29
8095.2,11
8095.5,18
8095.6,34
8096.0,17
8096.4,26
8097.3,39
8099.9,2
8100.3,35
8100.4,38
8101.7,31
8101.8,19
8102.0,0
8102.0,20
8102.0,36
8102.1,9
8102.4,10
8102.7,3
8102.8,1
8102.8,24
8103.3,14
8103.4,11
8104.4,28
8105.0,30
8105.1,27
8105.3,25
8105.5,5
8106.0,17
8106.7,12
8110.0,34
8110.7,33
8110.8,23
8110.9,8
8111.1,19
8111.3,32
8111.7,16
8112.7,26
8112.8,5
8113.9,13
8114.1,38
8114.4,22
8115.2,31
8115.6,37
8115.7,17
8117.1,21
8117.2,14
8117.9,7
8118.1,11
8118.4,10
8118.4,18
8119.7,39
8119.7,9
8119.7,19
8119.9,6
8119.9,29
8120.8,28
8121.2,1
8122.5,36
8123.2,32
8124.2,16
8124.7,3
8125.3,38
8125.4,5
8125.6,12
8125.6,23
8126.3,17
8126.4,35
8127.6,34
8127.9,24
8128.3,15
8128.7,19
8129.4,0
8129.8,30
8130.3,4
8130.4,8
8130.4,21
8130.6,14
8131.1,31
8131.6,33
8131.7,26
8132.3,27
8132.5,9
8134.9,13
8136.2,28
8136.3,11
8136.5,38
8136.6,39
8136.8,12
8136.9,22
8137.8,23
8138.6,17
8139.3,3
8139.3,19
8139.9,5
8140.7,7
8141.3,32
8141.6,37
8141.7,10
8142.2,16
8142.6,9
8143.4,26
8144.0,14
8144.1,24
8144.6,34
8144.8,28
8146.2,38
8146.7,39
8146.9,17
8147.1,1
8147.1,21
8147.4,18
8147.9,33
8147.9,35
8148.5,0
8150.8,29
8151.8,31
8151.9,12
8152.3,3
8153.2,14
8153.5,8
8153.9,10
8153.9,9
8153.9,11
8154.4,19
8154.5,5
8154.5,17
8154.6,36
8156.2,6
8156.8,23
8157.8,26
8158.0,16
8158.0,32
8158.5,22
8159.0,34
8159.9,38
8162.5,37
8162.9,21
8163.5,1
8163.7,30
8164.0,28
8164.5,15
8164.6,19
8165.3,17
8166.2,35
8166.4,31
8166.6,14
8166.9,29
8167.0,39
8167.6,12
8168.1,3
8168.2,11
8168.2,18
8168.3,5
8168.5,16
8168.7,10
8168.8,34
8169.0,33
8169.3,13
8169.6,38
8172.8,9
8173.1,19
8173.6,24
8174.0,7
8174.3,28
8174.6,17
8175.9,36
8176.1,21
8176.3,23
8176.4,8
8177.3,32
8177.5,31
8178.5,5
8178.9,3
8179.1,12
8179.2,38
8179.4,1
8179.4,2
8179.8,22
8180.5,10
8180.7,34
8181.6,19
8181.8,16
8182.2,30
8182.2,33
8184.3,17
8185.8,27
8185.9,39
8187.8,9
8188.9,14
8188.9,28
8189.3,5
8189.3,31
8189.3,38
8189.7,13
8190.1,26
8190.2,18
8190.2,19
8190.7,11
8190.9,23
8191.9,36
8192.0,0
8192.3,12
8192.4,32
8192.7,17
8193.1,21
8195.5,9
8195.5,37
8196.1,1
8196.2,34
8196.9,39
8197.1,6
8197.7,3
8197.8,33
8198.1,8
8198.6,38
8199.0,15
8199.5,28
8199.6,16
8199.7,5
8200.8,19
8201.3,10
8202.2,22
8202.6,17
8203.6,11
8203.8,24
8204.0,7
8204.0,14
8204.3,9
8204.5,12
8204.5,29
8205.4,25
8205.7,1
8206.0,32
8208.1,30
8208.4,36
8208.5,31
8208.6,19
8208.6,27
8208.7,33
8209.3,39
8209.5,23
8209.9,17
8209.9,18
8210.7,5
8211.1,21
8211.2,38
8213.8,3
8215.4,13
8215.4,35
8216.8,11
8216.9,37
8217.3,16
8217.3,28
8217.6,31
8217.8,0
8218.3,14
8218.3,34
8218.4,36
8218.7,39
8218.8,26
8219.2,9
8219.8,19
8220.3,32
8220.8,17
8221.1,38
8222.1,33
8222.3,1
8222.6,5
8224.9,7
8225.2,12
8226.0,10
8228.2,8
8228.4,19
8228.8,28
8228.9,21
8229.0,14
8229.1,23
8229.3,29
8229.5,38
8229.9,11
8230.1,3
8230.1,22
8230.5,18
8232.9,15
8233.3,39
8234.0,5
8234.0,10
8234.2,27
8234.4,34
8235.1,1
8235.1,17
8235.9,9
8236.2,26
8236.9,16
8237.3,31
8238.1,24
8238.9,19
8239.2,37
8239.9,12
8240.0,13
8240.2,11
8242.9,14
8243.4,38
8243.5,3
8243.7,36
8243.8,17
8244.5,5
8244.7,32
8245.1,9
8245.2,10
8245.2,28
8246.0,0
8246.8,30
8246.8,23
8247.3,34
8247.3,39
8250.4,18
8250.4,35
8250.9,22
8251.2,7
8251.4,19
8252.1,1
8252.2,21
8252.6,33
8252.8,38
8252.9,26
8253.2,31
8253.5,28
8253.8,12
8254.3,3
8254.4,15
8254.8,20
8255.0,17
8255.6,9
8255.8,25
8256.1,16
8256.4,5
8256.5,24
8257.3,32
8257.5,2
8258.4,19
8260.7,14
8262.2,38
8262.5,36
8262.8,31
8262.9,34
8263.0,8
8263.0,17
8263.1,30
8263.5,1
8263.5,10
8263.5,39
8263.6,11
8264.1,23
8265.2,3
8265.9,18
8266.0,21
8266.3,0
8267.8,22
8268.4,6
8268.4,37
8268.9,28
8269.0,9
8269.0,33
8269.1,13
8269.5,12
8269.9,17
8269.9,26
8270.1,7
8270.3,19
8270.8,24
8271.1,5
8271.2,35
8272.1,39
8273.6,16
8273.7,38
8274.4,29
8274.9,1
8275.7,18
8275.9,32
8276.3,10
8277.3,14
8277.4,11
8277.8,31
8278.6,9
8280.3,34
8280.4,17
8282.6,23
8282.7,24
8282.8,1
8282.8,3
8282.8,5
8282.8,19
8283.0,28
8283.1,8
8284.5,16
8285.3,21
8285.3,38
8285.4,15
8289.4,14
8289.5,33
8289.9,25
8290.2,39
8290.3,12
8291.4,5
8291.4,26
8291.7,17
8292.0,11
8292.6,9
8293.0,37
8293.5,38
8293.7,18
8294.6,31
8294.9,3
8295.0,19
8295.2,24
8295.4,32
8295.9,16
8297.0,28
8297.1,34
8297.6,36
8297.8,22
8299.7,27
8300.0,13
8300.3,30
8301.5,23
8302.0,39
8302.2,38
8302.5,11
8303.1,1
8303.8,33
8304.1,17
8305.0,10
8305.6,8
8305.9,14
8305.9,29
8306.3,5
8306.3,19
8306.7,31
8307.2,12
8307.2,7
8307.7,3
8307.7,9
8308.0,35
8308.5,28
8309.5,2
8309.6,21
8310.5,36
8310.9,25
8310.9,34
8311.0,1
8311.5,18
8311.5,37
8311.8,26
8312.1,14
8312.2,38
8312.9,0
8312.9,17
8313.9,11
8317.2,19
8317.9,32
8318.1,9
8318.4,10
8318.5,3
8318.5,5
8318.7,23
8319.2,24
8319.2,39
8319.9,16
8320.0,12
8320.7,14
8320.9,31
8321.1,34
8321.6,33
8322.8,17
8323.5,18
8323.7,22
8324.2,21
8325.0,8
8325.1,38
8326.7,28
8326.8,26
8327.2,5
8327.6,7
8328.1,19
8329.8,17
8330.6,36
8331.1,1
8331.1,29
8331.1,39
8331.6,38
8332.0,27
8332.8,6
8332.8,35
8332.9,3
8333.7,31
8334.0,24
8334.4,9
8334.4,11
8334.6,33
8334.8,19
8336.8,37
8337.5,5
8338.4,28
8338.7,10
8338.7,12
8338.9,25
8339.1,23
8339.3,15
8340.6,14
8341.0,13
8341.4,17
8342.8,32
8343.4,38
8344.0,1
8344.1,3
8344.1,30
8344.2,18
8344.4,34
8344.7,7
8344.8,21
8345.1,22
8345.5,9
8346.1,31
8348.1,19
8348.5,0
8348.9,11
8349.9,5
8350.3,16
8350.5,39
8350.6,17
8351.2,20
8351.2,37
8351.3,8
8351.5,9
8352.7,14
8355.5,12
8355.7,26
8355.7,38
8355.8,28
8357.1,24
8357.8,11
8358.1,34
8358.5,33
8358.9,10
8359.3,18
8359.5,19
8359.5,27
8359.5,39
8359.6,23
8359.6,35
8359.7,1
8360.0,36
8360.1,31
8360.3,21
8360.8,3
8361.1,13
8362.6,17
8366.0,5
8366.3,22
8367.2,9
8368.2,19
8368.6,37
8368.8,38
8370.2,7
8370.2,33
8371.2,16
8371.2,28
8371.2,29
8371.4,6
8371.4,12
8371.5,11
8371.5,14
8372.3,17
8374.1,1
8374.1,32
8374.2,8
8374.4,31
8374.5,39
8374.6,18
8374.7,5
8374.9,15
8375.7,3
8376.0,34
8376.1,9
8376.4,19
8376.4,26
8377.3,23
8378.1,21
8380.6,17
8381.7,36
8382.8,22
8382.8,38
8383.2,24
8383.6,10
8384.2,13
8384.5,11
8384.6,27
8386.3,5
8386.5,25
8386.8,32
8387.2,19
8387.6,16
8387.8,28
8387.8,31
8388.0,14
8388.0,37
8388.1,9
8388.5,34
8389.0,1
8390.5,3
8390.9,0
8391.0,21
8392.2,6
8392.5,33
8392.6,26
8393.6,12
8393.7,17
8393.8,39
8394.6,38
8394.7,9
8394.9,29
8394.9,19
8395.6,8
8396.4,30
8398.3,23
8398.4,14
8398.9,5
8399.6,7
8399.7,18
8399.8,32
8401.7,28
8402.3,17
8402.5,24
8403.9,36
8404.3,38
8405.0,19
8405.1,34
8405.2,1
8405.5,3
8405.6,16
8406.3,10
8406.3,13
8406.5,31
8406.6,11
8406.8,9
8409.3,5
8409.5,2
8409.8,21
8410.8,0
8410.9,30
8411.4,14
8411.5,35
8411.6,15
8411.6,12
8411.6,39
8411.8,22
8411.8,23
8412.1,17
8412.6,3
8412.6,33
8415.7,18
8415.9,38
8416.0,19
8416.4,34
8416.6,1
8416.7,32
8417.2,11
8417.6,16
8418.4,28
8419.9,31
8420.3,9
8420.4,37
8421.4,17
8422.3,7
8422.7,26
8422.8,36
8423.9,5
8425.7,3
8426.0,10
8426.1,21
8426.2,25
8426.8,12
8427.3,14
8427.4,27
8428.1,8
8428.3,19
8429.2,16
8430.0,23
8430.2,18
8430.7,22
8431.0,39
8431.3,38
8431.6,29
8431.8,13
8431.8,33
8432.9,11
8433.0,34
8433.3,17
8433.7,28
8434.5,1
8434.5,15
8434.6,9
8435.2,32
8436.0,31
8436.5,19
8437.0,5
8437.9,36
8438.4,3
8438.8,24
8439.2,14
8440.2,28
8441.8,0
8442.2,2
8442.3,37
8442.5,11
8442.5,21
8442.7,8
8442.9,6
8442.9,35
8443.2,10
8443.2,39
8443.7,27
8443.7,38
8444.0,16
8444.9,12
8447.7,17
8447.8,34
8448.1,9
8448.3,30
8449.5,5
8449.7,13
8451.5,31
8451.6,1
8451.7,19
8452.6,33
8452.9,22
8453.6,28
8454.1,12
8454.2,14
8454.8,26
8455.0,32
8455.1,3
8455.1,6
8455.1,11
8455.3,23
8456.1,9
8456.2,36
8456.4,18
8456.5,10
8456.8,17
8457.0,38
8457.6,39
8457.7,34
8459.5,5
8461.0,16
8462.5,29
8463.6,19
8464.4,3
8464.8,7
8464.9,25
8465.0,21
8465.0,31
8465.2,13
8465.3,28
8465.5,8
8465.8,12
8465.8,38
8466.3,17
8466.7,22
8466.9,37
8467.8,34
8468.4,32
8470.2,11
8470.7,23
8471.1,24
8471.4,39
8472.4,14
8472.9,5
8473.0,18
8473.0,36
8473.1,9
8473.2,35
8473.6,33
8473.8,27
8474.0,1
8476.1,10
8476.4,26
8476.6,3
8477.1,38
8478.8,19
8479.5,16
8480.1,9
8480.4,17
8480.6,12
8481.2,30
8481.6,13
8481.8,31
8482.3,0
8483.3,28
8483.4,11
8483.4,32
8483.9,39
8484.0,34
8485.7,21
8485.9,5
8487.7,1
8487.8,38
8487.8,29
8488.8,19
8488.9,17
8489.0,8
8489.0,35
8489.3,14
8489.3,15
8489.4,33
8489.6,18
8489.8,31
8490.6,22
8492.1,3
8492.2,32
8492.6,11
8492.7,10
8493.6,12
8493.7,28
8495.5,5
8496.5,7
8496.7,9
8497.0,17
8497.2,23
8497.5,37
8497.7,39
8497.9,26
8498.0,20
8498.0,36
8498.1,24
8498.8,27
8499.7,31
8499.9,38
8500.6,25
8501.3,34
8502.1,19
8502.6,11
8502.6,21
8502.9,1
8502.9,13
8503.3,3
8503.6,16
8504.5,28
8504.7,14
8504.8,12
8504.9,10
8505.1,17
8506.8,23
8507.4,18
8507.4,33
8507.7,9
8508.3,32
8509.0,5
8509.7,21
8510.3,36
8510.7,0
8511.9,39
8512.2,29
8512.6,14
8512.7,8
8512.7,34
8513.6,38
8513.7,11
8513.7,19
8513.7,24
8514.2,35
8515.6,17
8516.5,3
8517.3,31
8517.5,28
8518.6,10
8518.7,15
8518.7,22
8518.8,26
8519.4,5
8519.4,13
8519.4,32
8519.5,16
8519.7,23
8520.2,2
8520.3,9
8520.5,37
8520.8,7
8521.0,1
8521.2,38
8522.5,19
8523.9,33
8526.2,17
8526.2,39
8528.3,30
8528.5,14
8528.9,24
8528.9,12
8529.4,27
8530.1,31
8530.8,3
8531.3,34
8532.5,21
8532.7,2
8532.8,25
8533.0,13
8533.1,5
8533.3,9
8533.3,10
8533.5,0
8533.6,11
8533.6,26
8533.6,18
8533.6,28
8533.8,19
8533.9,38
8534.2,32
8534.7,17
8535.4,8
8535.4,36
8537.8,16
8538.4,22
8539.6,31
8540.2,15
8541.7,28
8542.9,37
8543.9,19
8544.7,17
8545.0,33
8545.2,26
8545.3,12
8545.6,39
8545.6,1
8546.0,5
8546.0,23
8546.3,3
8546.3,14
8546.3,38
8546.4,6
8546.4,18
8546.5,24
8546.5,36
8546.7,29
8547.5,34
8547.6,9
8547.9,32
8551.5,30
8551.7,38
8552.0,11
8552.4,31
8553.8,13
8554.9,21
8555.0,22
8555.1,17
8555.6,0
8555.9,5
8557.8,27
8558.3,28
8559.1,16
8559.3,15
8559.9,19
8560.0,3
8560.1,8
8560.1,10
8560.2,23
8560.2,35
8560.4,34
8560.4,39
8560.6,1
8560.8,32
8560.9,33
8561.5,11
8561.5,37
8562.3,7
8563.0,9
8563.9,20
8564.0,17
8564.0,18
8565.1,14
8565.7,26
8566.8,31
8568.9,12
8569.1,24
8569.2,5
8569.8,38
8569.9,19
8571.6,39
8571.7,36
8572.3,3
8572.3,30
8572.4,13
8572.7,11
8572.8,32
8573.2,25
8573.4,33
8573.6,1
8573.8,23
8573.8,28
8575.0,21
8575.9,17
8575.9,34
8576.7,10
8576.7,29
8578.5,26
8578.6,8
8579.1,13
8579.4,27
8579.6,7
8579.8,38
8580.0,9
8580.1,31
8580.4,22
8580.4,37
8580.7,12
8580.9,14
8581.0,16
8581.9,18
8583.1,5
8584.0,19
8584.1,32
8586.3,39
8586.6,17
8586.8,15
8588.0,28
8588.0,38
8588.7,3
8590.1,34
8590.3,23
8590.5,2
8590.5,16
8592.0,36
8593.8,24
8594.0,35
8594.4,9
8594.4,18
8594.6,11
8595.5,33
8595.5,37
8595.6,26
8595.9,19
8596.0,5
8596.0,31
8596.1,21
8596.4,12
8596.8,14
8597.2,10
8597.2,17
8597.6,30
8600.4,28
8600.6,22
8601.1,32
8601.1,39
8601.3,3
8601.4,1
8602.4,29
8602.7,38
8604.0,36
8604.2,16
8605.3,17
8606.2,34
8606.3,0
8607.1,5
8607.1,27
8607.3,13
8607.7,19
8608.1,12
8608.5,9
8609.0,33
8609.3,8
8609.6,3
8610.1,11
8610.9,21
8611.5,23
8611.7,31
8613.4,1
8613.4,10
8613.5,38
8613.7,26
8614.2,5
8616.7,28
8616.9,14
8617.0,17
8617.1,35
8617.7,19
8617.9,32
8617.9,39
8618.0,15
8618.1,16
8618.2,7
8618.2,18
8618.8,24
8619.2,34
8622.7,33
8622.7,9
8624.1,3
8624.1,31
8624.7,23
8624.7,38
8624.9,5
8625.0,12
8625.1,37
8625.5,17
8625.6,2
8626.0,19
8626.2,11
8626.2,21
8626.2,36
8628.6,14
8628.7,22
8628.9,10
8629.2,29
8629.5,34
8630.0,28
8630.8,25
8630.9,1
8631.7,18
8632.1,5
8632.9,37
8633.1,38
8633.3,31
8633.6,39
8634.7,9
8634.9,17
8635.4,3
8635.9,14
8636.2,19
8636.7,0
8637.6,23
8637.7,11
8637.7,26
8638.5,8
8639.6,24
8639.6,32
8640.2,12
8641.1,28
8641.7,17
8643.2,16
8643.5,34
8643.8,7
8643.9,38
8644.6,33
8645.4,5
8645.6,18
8645.8,36
8646.0,19
8646.1,9
8646.1,21
8646.1,35
8647.4,30
8647.9,1
8648.5,17
8648.5,22
8648.6,39
8648.8,37
8648.9,13
8648.9,15
8649.6,14
8649.9,10
8652.0,2
8652.5,26
8653.1,3
8653.1,29
8653.2,16
8653.3,31
8654.4,38
8655.1,28
8655.2,5
8655.6,32
8656.2,9
8656.2,19
8656.3,11
8657.2,34
8657.8,21
8658.2,23
8658.9,17
8659.7,8
8660.1,36
8660.7,33
8660.8,18
8661.6,7
8662.8,12
8663.0,37
8663.1,3
8663.3,1
8663.7,27
8663.8,14
8664.5,31
8665.2,15
8665.6,19
8665.7,10
8666.5,32
8667.0,28
8667.0,16
8667.3,13
8667.3,38
8668.4,5
8668.8,35
8669.1,17
8669.3,9
8669.3,39
8669.6,26
8669.9,11
8669.9,21
8673.8,24
8674.8,22
8675.2,38
8676.2,39
8677.0,34
8677.8,31
8678.3,3
8679.0,12
8679.1,14
8679.1,23
8679.6,17
8680.9,29
8681.1,19
8682.0,1
8682.2,9
8682.2,36
8682.4,0
8682.4,33
8682.5,13
8682.5,28
8682.8,21
8683.0,5
8683.2,27
8683.4,18
8683.6,6
8684.9,16
8686.0,11
8688.0,10
8688.2,17
8688.3,7
8689.0,32
8689.0,38
8689.5,26
8690.5,37
8690.6,31
8691.4,5
8692.2,25
8692.4,33
8692.9,3
8693.2,19
8693.5,23
8693.6,1
8693.7,22
8693.9,39
8694.7,24
8695.9,14
8696.3,9
8696.4,8
8696.7,12
8696.7,21
8697.2,15
8697.3,28
8697.7,17
8698.6,38
8698.8,16
8699.3,11
8700.1,18
8700.4,34
8700.8,29
8701.0,36
8701.5,5
8701.8,31
8702.9,32
8704.5,35
8704.7,1
8705.4,19
8706.8,3
8708.1,39
8708.4,17
8708.5,13
8708.7,14
8709.0,10
8709.1,27
8709.1,28
8709.3,37
8710.4,11
8710.6,21
8710.7,33
8710.8,38
8711.5,12
8711.6,9
8712.0,31
8712.6,7
8712.7,0
8712.7,23
8714.2,19
8715.2,34
8715.5,24
8716.4,8
8716.4,30
8717.2,5
8717.9,26
8718.2,22
8718.6,2
8718.7,3
8719.7,32
8719.7,36
8721.0,12
8721.8,38
8722.4,39
8722.6,14
8722.8,21
8723.0,9
8723.2,17
8723.4,28
8723.5,18
8723.6,19
8723.7,16
8724.3,25
8726.8,5
8727.1,1
8727.1,31
8728.5,11
8728.5,34
8729.5,37
8729.8,10
8730.8,8
8730.9,23
8731.8,9
8732.0,33
8732.2,38
8732.3,19
8732.4,0
8732.8,12
8733.1,13
8735.2,17
8736.3,26
8736.5,1
8736.6,31
8737.1,29
8737.5,15
8737.5,16
8737.8,28
8738.2,39
8738.5,3
8738.5,6
8738.5,32
8738.7,9
8738.7,14
8738.7,24
8740.8,23
8741.7,0
8741.7,27
8742.0,5
8742.1,37
8742.6,36
8742.7,19
8742.8,12
8742.9,22
8743.0,11
8743.2,38
8747.5,21
8748.2,17
8748.4,18
8748.5,39
8749.0,2
8750.6,31
8750.9,35
8751.1,34
8751.3,9
8751.9,7
8752.0,10
8752.2,28
8752.3,16
8752.3,19
8752.4,3
8752.4,8
8752.4,33
8752.7,17
8754.2,23
8754.4,13
8755.0,14
8756.7,1
8756.9,5
8757.4,32
8757.5,38
8758.2,30
8759.1,12
8759.6,24
8759.9,11
8759.9,36
8760.5,3
8760.7,29
8761.3,18
8761.7,9
8761.7,21
8761.8,17
8762.1,26
8763.8,19
8764.6,39
8764.8,37
8766.4,31
8767.2,38
8768.2,5
8768.4,28
8768.7,25
8769.0,12
8769.1,10
8769.1,34
8769.3,0
8769.6,15
8770.8,23
8771.2,3
8771.4,22
8772.0,16
8772.1,17
8772.3,24
8773.5,6
8773.6,11
8774.0,27
8774.9,14
8776.4,19
8777.5,1
8777.5,38
8777.7,9
8778.0,39
8778.9,8
8779.3,28
8779.7,36
8780.0,32
8780.1,33
8780.3,34
8780.7,30
8781.3,26
8781.7,13
8781.8,0
8782.8,17
8783.1,16
8783.1,20
8783.2,5
8783.3,31
8784.0,11
8785.2,19
8786.0,38
8786.5,14
8786.9,7
8787.4,3
8788.1,35
8789.1,21
8789.2,29
8789.6,24
8789.9,39
8790.4,2
8790.6,10
8790.6,12
8791.3,23
8791.6,9
8791.9,17
8792.3,28
8792.6,36
8792.8,5
8794.0,37
8794.7,19
8794.7,32
8795.6,16
8797.0,34
8797.2,1
8798.5,38
8798.7,18
8798.9,17
8799.4,39
8799.6,27
8799.8,7
8799.8,8
8800.0,22
8800.2,25
8801.6,15
8801.7,14
8801.7,30
8802.0,12
8802.0,33
8803.2,5
8803.3,3
8803.3,26
8803.8,13
8804.4,11
8804.5,24
8804.7,20
8804.9,21
8805.9,28
8806.2,9
8807.8,31
8807.8,35
8808.3,33
8808.9,0
8808.9,22
8809.0,1
8809.0,17
8809.3,19
8809.8,23
8809.8,34
8810.0,29
8810.5,16
8812.2,38
8815.5,18
8815.7,32
8815.8,39
8816.0,11
8816.1,5
8816.4,10
8816.8,3
8817.0,12
8818.9,9
8819.1,21
8819.1,27
8820.0,2
8820.2,26
8820.7,6
8820.7,14
8820.9,39
8821.2,28
8821.7,34
8821.7,17
8822.1,1
8822.4,19
8822.7,23
8824.6,15
8824.6,31
8824.9,8
8825.5,38
8825.8,36
8826.3,22
8827.4,5
8827.7,11
8827.7,17
8828.0,9
8828.2,3
8829.2,35
8829.3,16
8829.4,13
8830.7,28
8831.1,7
8832.0,19
8832.8,37
8833.5,38
8833.7,32
8834.1,25
8835.3,24
8835.4,23
8836.1,34
8836.2,29
8836.2,39
8836.9,12
8837.0,26
8837.6,0
8837.8,14
8838.1,17
8838.3,33
8838.4,11
8839.3,31
8839.5,10
8839.6,1
8839.7,5
8839.7,21
8840.8,28
8841.4,38
8842.3,16
8842.6,18
8843.2,32
8843.6,9
8844.1,19
8845.3,36
8849.3,3
8849.3,13
8849.4,39
8849.5,31
8849.6,7
8849.6,17
8849.8,27
8850.0,14
8850.2,15
8851.3,33
8851.7,34
8852.1,12
8852.3,5
8852.3,23
8852.9,28
8853.1,26
8853.3,24
8853.5,30
8853.8,19
8853.9,11
8854.2,10
8854.2,37
8856.3,38
8857.2,16
8857.5,6
8858.5,8
8858.8,9
8860.2,0
8860.4,18
8860.5,1
8861.1,23
8861.5,17
8861.6,21
8862.6,22
8863.2,39
8863.8,3
8864.0,35
8864.1,36
8864.3,5
8864.3,10
8864.6,19
8864.6,32
8864.9,14
8865.0,28
8865.6,29
8865.6,37
8867.0,11
8867.3,34
8867.9,31
8868.5,38
8869.4,12
8870.0,33
8870.4,17
8871.8,26
8873.5,7
8873.5,39
8874.7,24
8874.8,9
8874.9,25
8875.0,21
8876.1,13
8876.3,36
8876.9,30
8877.9,5
8878.0,17
8878.4,38
8878.5,34
8878.9,14
8879.1,1
8879.3,19
8880.1,10
8880.2,28
8880.4,37
8880.8,3
8880.8,33
8881.6,16
8881.6,23
8881.6,35
8882.5,8
8883.1,32
8883.8,12
8884.5,11
8885.8,31
8886.2,9
8886.4,22
8886.6,39
8886.8,5
8888.6,17
8888.6,28
8888.9,2
8888.9,34
8889.1,1
8889.8,26
8890.1,27
8890.2,19
8890.2,38
8890.7,15
8891.1,37
8893.2,18
8894.1,24
8894.9,30
8895.2,11
8895.6,5
8895.6,17
8895.9,0
8896.0,21
8896.5,9
8897.1,13
8897.6,7
8897.8,6
8898.9,19
8899.1,14
8899.8,39
8900.2,3
8900.7,32
8900.8,1
8900.9,10
8901.2,31
8901.9,22
8902.1,35
8902.8,16
8902.8,23
8903.0,36
8904.7,38
8904.8,28
8905.0,34
8905.9,17
8908.0,5
8908.1,18
8908.2,12
8908.2,26
8908.2,29
8908.3,11
8908.3,33
8909.1,37
8909.8,19
8909.9,1
8911.6,13
8912.3,9
8912.6,15
8913.6,16
8913.7,8
8913.8,39
8914.2,17
8915.1,14
8916.0,38
8916.2,31
8916.2,35
8916.4,3
8916.9,36
8917.2,27
8917.5,24
8919.1,9
8920.8,5
8921.2,28
8921.3,12
8921.5,34
8921.7,19
8922.2,7
8922.2,39
8922.8,21
8923.2,17
8923.2,23
8923.5,10
8924.0,25
8924.2,32
8924.9,11
8925.3,18
8925.6,26
8926.0,38
8926.2,14
8926.4,33
8927.0,1
8927.0,31
8928.8,17
8929.7,16
8931.0,6
8931.8,3
8931.9,28
8932.0,0
8933.4,15
8933.5,8
8934.3,29
8934.3,34
8934.5,5
8934.8,14
8935.2,13
8935.2,22
8935.2,24
8935.2,9
8935.7,11
8936.8,19
8937.3,37
8938.3,1
8939.2,21
8940.2,18
8940.2,26
8940.3,38
8940.6,17
8940.9,39
8941.1,30
8941.4,23
8941.7,10
8941.8,35
8942.0,36
8942.6,31
8943.7,16
8944.0,25
8944.9,33
8945.3,5
8945.7,3
8948.9,34
8949.0,28
8949.7,32
8949.9,2
8949.9,19
8950.4,12
8950.8,14
8950.9,27
8951.0,38
8951.1,9
8951.6,11
8951.8,1
8951.9,7
8953.2,17
8953.5,31
8953.6,15
8954.3,0
8955.4,16
8955.5,18
8955.9,5
8956.2,22
8956.3,21
8958.1,8
8960.4,39
8960.6,3
8960.7,28
8960.7,37
8962.0,24
8962.2,26
8962.4,19
8962.9,14
8963.2,2
8963.4,9
8963.4,34
8963.4,32
8963.7,17
8963.9,38
8964.1,36
8964.3,13
8965.1,11
8965.4,23
8966.0,12
8966.3,31
8966.4,35
8967.3,18
8968.5,1
8968.5,7
8968.7,10
8969.9,5
8970.8,17
8971.8,3
8972.1,9
8973.0,33
8973.2,8
8973.2,28
8973.8,21
8974.1,19
8974.5,30
8975.6,14
8975.8,39
8975.9,29
8976.0,0
8976.3,37
8976.4,31
8977.1,24
8978.3,38
8978.6,34
8979.0,17
8979.0,32
8979.8,11
8979.9,16
8980.4,1
8980.8,5
8981.4,15
8981.8,13
8982.0,9
8983.0,18
8983.1,7
8983.1,19
8984.0,12
8984.3,22
8984.4,36
8984.6,26
8985.5,39
8987.4,28
8987.6,21
8988.1,38
8988.5,3
8988.8,31
8989.4,9
8989.8,23
8991.9,17
8992.4,34
8992.6,24
8994.6,16
8994.7,19
8995.4,33
8995.7,14
8996.0,1
8996.2,38
8996.2,27
8996.7,32
8996.8,28
8997.0,8
8997.1,10
8997.3,11
8997.7,5
8997.7,39
8998.4,25
8998.7,12
8999.1,31
8999.2,22
8999.7,34
9000.2,35
9000.9,13
9002.0,17
9002.4,30
9002.6,23
9003.6,9
9003.6,26
9003.7,29
9004.8,3
9005.6,33
9005.9,36
9007.3,14
9007.4,5
9008.4,37
9008.8,28
9009.0,2
9009.0,38
9009.2,19
9009.2,32
9009.4,15
9009.8,11
9009.9,16
9009.9,21
9010.5,17
9010.8,1
9010.8,9
9010.9,31
9011.2,39
9012.5,18
9015.0,34
9015.4,8
9017.0,26
9017.5,0
9017.9,28
9019.0,12
9019.1,17
9020.8,19
9020.9,14
9021.0,23
9021.0,38
9021.1,13
9021.4,21
9021.6,9
9021.6,31
9021.7,5
9023.1,3
9023.6,27
9024.0,22
9024.3,10
9024.8,32
9025.0,11
9025.5,1
9025.6,29
9026.3,33
9026.4,7
9027.2,15
9027.2,35
9027.5,39
9027.6,24
9028.0,16
9029.4,36
9030.6,17
9031.9,19
9032.6,25
9033.1,8
9033.2,23
9033.2,38
9033.4,34
9033.9,9
9033.9,30
9034.5,31
9034.9,28
9036.6,0
9036.6,37
9037.4,26
9038.3,12
9038.7,3
9038.8,11
9038.9,21
9039.0,13
9040.2,14
9040.5,17
9041.0,18
9041.1,33
9041.3,7
9041.6,9
9041.7,32
9042.5,38
9042.8,5
9042.8,16
9043.0,1
9046.5,36
9047.0,19
9047.1,6
9047.2,22
9047.3,34
9047.3,39
9047.9,28
9048.0,10
9048.0,26
9048.2,23
9048.4,31
9049.3,9
9049.3,17
9049.7,29
9050.3,15
9050.8,16
9051.6,37
9052.0,8
9053.8,38
9054.8,5
9055.0,33
9055.3,24
9055.4,32
9055.9,1
9056.3,34
9056.7,12
9056.7,21
9057.1,11
9057.2,17
9057.2,27
9057.4,19
9057.4,35
9058.6,3
9058.7,14
9059.3,9
9060.2,13
9061.7,18
9062.4,39
9063.0,31
9063.4,10
9063.4,38
9063.9,28
9065.2,16
9065.8,17
9066.8,30
9067.0,19
9067.8,1
9068.7,5
9069.4,9
9069.4,36
9070.0,39
9070.3,34
9071.1,12
9071.4,3
9072.1,11
9072.7,14
9073.8,23
9074.2,38
9074.4,2
9074.5,17
9075.4,15
9075.9,25
9077.3,8
9077.3,31
9077.3,32
9077.3,37
9077.4,19
9078.2,26
9078.6,3
9079.1,7
9079.8,35
9080.0,9
9080.1,22
9080.1,20
9080.4,18
9081.1,6
9081.3,28
9081.4,17
9081.6,24
9082.4,16
9082.4,36
9082.8,33
9083.3,13
9084.0,5
9084.0,34
9084.4,29
9084.9,11
9085.3,21
9085.4,38
9086.6,19
9088.2,39
9089.0,1
9089.5,23
9090.0,12
9091.1,17
9092.3,14
9093.4,3
9093.6,32
9094.1,28
9094.7,9
9095.1,31
9095.3,5
9095.6,18
9097.0,26
9097.4,19
9098.2,39
9098.7,38
9100.3,24
9100.6,33
9100.9,29
9101.0,37
9101.1,11
9101.4,7
9101.5,36
9101.8,17
9102.1,10
9102.1,27
9102.3,13
9102.5,9
9102.5,34
9103.7,3
9103.8,21
9105.5,16
9106.8,0
9107.2,12
9107.2,28
9107.5,8
9107.5,35
9108.0,19
9108.1,22
9108.5,5
9109.5,15
9109.8,14
9109.8,30
9110.4,32
9110.9,38
9111.8,31
9111.9,2
9112.0,1
9112.4,17
9112.5,10
9112.7,23
9112.8,9
9113.7,34
9113.8,39
9114.0,16
9115.3,36
9116.7,3
9120.5,24
9120.5,26
9121.2,11
9121.7,5
9121.8,12
9122.1,32
9122.2,33
9122.7,14
9122.7,19
9122.9,37
9123.2,18
9123.5,9
9124.0,38
9125.0,21
9125.5,39
9125.7,17
9125.9,31
9126.0,22
9126.9,36
9127.1,13
9127.9,10
9132.1,7
9132.5,1
9132.5,28
9132.9,29
9133.0,11
9133.0,16
9133.8,9
9134.2,23
9134.4,34
9134.5,17
9135.2,5
9136.8,19
9137.1,3
9137.5,31
9139.2,21
9139.5,38
9140.2,14
9140.8,6
9141.0,25
9141.9,13
9142.1,12
9142.4,28
9142.8,0
9143.1,8
9143.1,35
9143.2,17
9143.5,18
9144.0,39
9144.6,11
9146.8,36
9147.1,5
9147.1,19
9147.3,15
9147.4,32
9148.2,10
9148.3,33
9148.7,20
9148.9,1
9148.9,30
9149.2,31
9149.4,9
9149.4,16
9152.4,38
9152.8,26
9153.0,37
9153.1,23
9153.2,24
9153.3,3
9153.4,18
9153.6,29
9153.7,17
9154.2,12
9154.3,34
9155.2,11
9155.9,33
9156.6,8
9156.9,19
9157.8,0
9158.0,16
9158.8,22
9159.0,14
9159.6,27
9159.9,5
9160.1,28
9160.4,21
9161.5,31
9161.5,38
9161.5,39
9161.6,9
9161.6,32
9161.8,35
9161.9,13
9162.9,17
9164.2,33
9166.0,7
9167.4,1
9168.4,11
9168.4,23
9169.8,28
9169.8,37
9170.0,19
9170.2,3
9170.3,12
9170.6,10
9170.6,5
9171.4,36
9171.5,34
9171.5,39
9173.0,21
9173.0,14
9173.8,26
9174.0,35
9174.1,6
9174.7,17
9175.6,38
9176.0,25
9176.0,30
9176.3,31
9176.6,2
9176.6,32
9177.5,9
9177.8,16
9177.8,24
9177.9,15
9178.0,19
9178.6,13
9179.6,29
9180.1,5
9180.6,17
9180.7,22
9181.6,18
9183.7,33
9183.9,1
9184.2,14
9185.8,21
9186.3,28
9188.1,7
9188.4,11
9188.5,3
9188.8,31
9188.8,38
9188.9,23
9189.0,9
9189.8,0
9191.1,26
9191.2,34
9191.4,19
9191.7,17
9191.8,8
9192.6,12
9193.1,16
9193.4,5
9193.5,10
9193.9,39
9197.6,21
9198.4,32
9198.5,1
9198.8,37
9199.3,20
9199.6,28
9199.9,19
9200.0,17
9200.0,36
9200.4,33
9201.4,9
9202.0,39
9202.1,3
9202.1,38
9202.2,23
9202.2,31
9204.6,12
9205.6,14
9206.0,5
9206.5,11
9206.9,28
9207.0,13
9207.7,35
9209.5,22
9209.9,15
9210.6,34
9210.7,17
9211.1,29
9211.5,18
9212.0,38
9212.1,26
9212.4,36
9212.6,19
9212.7,16
9212.8,1
9212.9,7
9213.4,23
9213.6,3
9214.9,9
9217.0,31
9217.0,37
9217.8,32
9218.0,28
9218.1,27
9218.6,39
9219.0,11
9219.0,17
9219.2,21
9221.5,5
9221.6,10
9221.6,14
9222.1,24
9223.2,3
9223.3,0
9223.3,34
9223.4,25
9224.0,38
9224.3,19
9224.3,33
9224.4,29
9224.5,8
9224.7,6
9225.1,12
9225.6,9
9226.5,13
9226.6,1
9227.1,36
9227.9,35
9228.5,17
9229.5,18
9230.0,32
9230.7,31
9231.6,23
9231.8,28
9232.2,38
9232.3,19
9233.5,5
9233.5,16
9233.7,21
9233.9,34
9234.8,39
9235.7,37
9235.9,26
9236.8,33
9237.7,3
9237.8,11
9237.8,17
9238.5,7
9240.4,19
9240.6,30
9240.8,14
9241.3,12
9241.5,38
9241.7,10
9242.3,9
9243.6,24
9244.5,5
9245.2,32
9245.3,23
9245.4,36
9246.2,34
9247.5,17
9247.7,28
9247.7,16
9248.5,31
9249.1,3
9249.3,1
9250.1,18
9250.6,13
9250.6,29
9250.7,21
9251.7,24
9251.8,33
9251.9,39
9252.2,19
9252.6,11
9253.3,8
9253.5,22
9255.2,5
9255.2,37
9255.4,9
9256.0,38
9256.7,14
9257.3,6
9257.3,28
9257.8,0
9258.3,34
9259.1,15
9259.1,17
9259.6,12
9259.6,32
9260.7,26
9261.3,19
9262.4,36
9263.2,31
9264.1,38
9265.2,3
9265.2,16
9265.9,23
9266.1,5
9266.1,9
9266.8,7
9267.2,17
9267.9,1
9267.9,11
9267.9,28
9268.2,39
9268.7,19
9269.0,21
9269.0,33
9269.3,29
9269.5,35
9270.6,27
9273.6,3
9274.3,10
9274.6,38
9275.7,13
9275.9,18
9275.9,25
9276.2,8
9276.3,0
9276.3,23
9276.4,14
9276.9,12
9276.9,22
9277.2,17
9277.5,16
9277.8,31
9277.9,19
9278.0,5
9278.6,9
9278.8,34
9281.2,32
9281.5,37
9281.6,21
9282.3,39
9282.8,24
9283.9,11
9284.1,17
9284.1,26
9284.1,28
9284.8,1
9284.9,3
9285.8,38
9287.0,19
9287.7,6
9287.8,35
9288.0,12
9288.7,9
9290.2,34
9290.6,15
9290.9,18
9292.9,16
9293.0,33
9293.3,17
9293.5,13
9293.8,32
9294.5,1
9294.6,31
9295.3,14
9295.6,23
9295.8,38
9296.5,28
9296.7,5
9296.7,29
9296.9,36
9297.5,22
9297.8,8
9297.9,7
9297.9,37
9298.0,0
9298.2,3
9298.5,19
9299.3,11
9299.6,10
9299.6,21
9300.7,39
9302.2,24
9302.4,26
9302.6,9
9303.3,2
9304.0,31
9304.1,30
9304.2,12
9304.2,17
9304.8,34
9309.3,5
9309.6,38
9309.9,33
9310.1,14
9310.2,3
9311.0,11
9311.3,19
9312.3,23
9312.4,28
9312.9,16
9313.4,25
9313.7,21
9314.0,29
9314.3,6
9314.5,37
9314.7,0
9314.8,32
9314.9,9
9315.1,13
9315.1,17
9315.8,12
9316.8,38
9317.3,39
9319.0,10
9319.2,31
9319.7,22
9319.9,1
9320.7,3
9320.7,26
9322.1,5
9322.4,36
9322.6,19
9323.0,14
9323.4,27
9323.8,11
9324.4,34
9325.0,21
9325.3,8
9326.2,17
9326.5,16
9326.6,9
9326.7,23
9328.0,32
9328.5,35
9328.9,18
9329.0,30
9329.5,28
9329.5,38
9329.8,5
9330.1,39
9331.5,12
9332.0,7
9334.4,19
9334.6,0
9334.6,1
9334.9,31
9335.7,15
9335.9,10
9336.4,17
9336.5,2
9336.6,3
9336.6,13
9336.7,28
9337.2,14
9338.1,22
9338.3,9
9338.4,35
9338.4,34
9339.3,26
9340.2,38
9340.8,21
9340.8,24
9341.3,11
9341.6,37
9341.7,39
9341.9,36
9342.0,33
9342.6,8
9342.6,23
9342.7,19
9343.0,5
9345.9,16
9346.0,31
9346.6,17
9347.0,18
9347.2,14
9347.4,9
9347.6,29
9347.8,12
9348.5,3
9348.7,32
9348.8,27
9349.5,38
9350.2,34
9350.4,1
9352.3,28
9354.3,7
9355.4,11
9355.5,5
9356.3,19
9357.8,16
9358.3,21
9359.0,33
9359.0,38
9359.2,31
9359.3,9
9359.8,17
9360.1,8
9360.4,25
9360.5,0
9360.5,26
9360.8,18
9361.0,13
9361.3,12
9362.2,14
9363.2,37
9363.7,39
9364.9,36
9365.0,28
9365.8,19
9365.8,5
9366.0,3
9366.2,1
9366.7,10
9367.0,17
9369.7,32
9369.9,14
9370.2,23
9370.2,38
9370.3,24
9370.5,35
9370.5,15
9370.5,34
9370.7,20
9371.1,22
9371.5,11
9372.2,16
9372.6,27
9372.9,9
9373.0,31
9374.9,19
9375.6,39
9376.4,30
9377.2,28
9377.4,29
9377.6,17
9377.9,38
9378.4,5
9378.6,26
9379.8,33
9380.4,12
9380.6,3
9382.8,34
9383.7,21
9383.9,17
9384.1,9
9384.2,11
9384.5,13
9384.9,16
9384.9,19
9385.2,8
9385.4,10
9385.7,14
9385.7,25
9385.8,31
9386.7,37
9387.2,1
9388.4,36
9388.9,38
9389.5,5
9389.7,32
9391.4,18
9392.2,3
9393.2,33
9393.9,17
9394.0,28
9394.1,12
9394.1,22
9394.1,39
9394.6,0
9394.6,29
9395.4,24
9395.6,34
9396.1,7
9396.4,9
9396.5,19
9396.5,23
9396.6,38
9398.3,26
9398.8,5
9399.0,11
9400.5,2
9400.6,10
9400.9,31
9401.2,32
9401.5,27
9401.9,6
9402.1,16
9402.3,21
9403.2,13
9403.7,14
9404.3,18
9404.8,1
9406.3,37
9406.7,17
9406.9,15
9407.1,34
9407.4,19
9407.8,3
9409.0,38
9409.3,7
9409.5,28
9409.6,8
9409.7,9
9409.8,39
9409.9,12
9411.1,11
9411.9,5
9413.1,31
9413.7,32
9414.2,16
9414.6,23
9414.8,17
9415.4,29
9415.9,14
9416.2,21
9416.2,35
9416.5,22
9417.0,33
9417.6,37
9417.9,18
9418.5,38
9419.3,10
9419.6,19
9420.2,26
9420.2,39
9420.9,13
9421.0,3
9421.0,24
9421.5,5
9421.9,1
9421.9,9
9422.2,28
9422.3,34
9422.5,27
9422.7,17
9426.1,36
9426.3,16
9427.2,11
9427.2,25
9428.1,31
9429.2,12
9429.4,19
9429.4,38
9429.7,17
9430.0,3
9430.0,10
9430.3,14
9430.4,32
9430.6,34
9431.3,7
9432.9,21
9433.6,37
9434.3,5
9435.0,9
9435.2,8
9435.7,0
9435.7,22
9435.9,18
9436.3,1
9436.6,6
9437.4,28
9437.5,15
9437.5,33
9437.7,38
9437.8,39
9439.0,35
9440.0,17
9440.8,13
9441.2,16
9441.4,29
9441.5,23
9441.5,26
9441.6,32
9442.0,36
9442.7,31
9442.9,3
9442.9,19
9443.2,11
9444.0,24
9445.0,39
9445.9,9
9446.2,5
9447.4,28
9449.2,17
9450.1,19
9450.1,38
9450.5,21
9451.4,34
9451.7,10
9452.4,37
9452.5,14
9452.6,12
9453.8,9
9453.9,18
9454.0,39
9455.0,33
9455.6,7
9455.7,3
9456.2,17
9457.2,5
9457.2,27
9458.0,11
9458.0,26
9458.4,38
9459.5,25
9460.2,19
9460.3,28
9460.6,2
9460.7,23
9460.8,31
9461.4,32
9462.7,16
9463.1,36
9463.8,13
9464.2,10
9464.7,34
9465.0,12
9465.4,22
9465.7,35
9465.8,39
9466.6,1
9466.8,5
9466.9,24
9467.3,3
9467.3,29
9467.5,17
9468.3,14
9468.7,28
9468.8,19
9469.4,9
9469.6,21
9469.6,38
9470.3,11
9470.7,32
9471.3,18
9471.4,33
9471.7,8
9473.0,15
9473.5,17
9474.6,16
9476.3,30
9476.6,3
9476.6,39
9477.3,0
9477.7,38
9479.0,36
9479.2,31
9479.8,34
9479.9,23
9480.0,27
9480.9,25
9481.0,19
9481.2,12
9481.4,5
9481.4,26
9482.2,28
9482.5,7
9484.0,17
9484.2,37
9484.3,14
9485.2,11
9485.2,13
9486.0,22
9486.0,39
9486.2,1
9486.2,18
9486.4,6
9486.5,38
9486.6,8
9486.6,9
9486.8,10
9486.8,32
9487.7,33
9491.9,16
9492.6,21
9493.2,0
9493.7,7
9493.7,26
9493.8,17
9493.8,32
9494.2,19
9494.5,33
9494.7,12
9495.0,28
9495.1,31
9495.3,5
9495.5,23
9495.5,38
9497.5,29
9498.0,3
9498.8,34
9500.1,9
9500.9,22
9501.3,36
9501.9,11
9502.2,35
9502.5,1
9502.9,13
9503.2,27
9503.6,21
9503.8,39
9503.9,38
9504.2,10
9504.5,17
9504.9,2
9504.9,5
9504.9,14
9506.1,6
9506.3,24
9506.3,25
9506.6,16
9506.8,31
9506.9,37
9507.7,8
9507.7,19
9508.9,15
9509.6,11
9509.9,26
9510.4,3
9510.5,28
9510.8,34
9511.0,12
9511.7,9
9513.4,33
9513.5,17
9514.6,23
9515.2,5
9515.5,14
9517.2,38
9517.6,1
9517.9,21
9519.1,18
9519.1,19
9519.4,36
9519.8,9
9519.9,0
9519.9,7
9520.2,31
9520.3,10
9520.4,35
9520.5,29
9521.6,32
9522.3,17
9522.3,22
9523.9,11
9524.2,39
9525.1,16
9525.3,12
9525.7,28
9526.2,3
9526.8,6
9527.5,14
9528.1,30
9528.2,19
9528.2,38
9528.9,34
9529.8,13
9530.7,9
9531.2,15
9531.3,5
9531.9,11
9531.9,31
9532.3,17
9532.7,8
9533.2,35
9533.3,1
9535.3,7
9535.5,37
9535.6,21
9536.6,10
9537.8,26
9537.8,39
9538.0,29
9538.1,38
9538.5,3
9538.7,14
9538.7,33
9539.0,27
9539.0,36
9539.1,23
9540.3,28
9541.4,16
9541.9,17
9542.3,19
9542.8,12
9543.2,32
9543.2,34
9544.3,18
9545.5,0
9545.6,9
9545.9,31
9546.1,22
9546.2,5
9546.5,33
9548.3,38
9549.1,25
9550.7,11
9552.2,3
9552.3,15
9552.3,17
9552.3,19
9552.3,37
9552.7,1
9552.9,14
9552.9,20
9552.9,35
9553.2,13
9553.3,10
9553.3,24
9553.3,39
9553.6,8
9553.6,9
9553.7,34
9553.8,2
9553.8,32
9554.1,23
9555.1,16
9556.9,21
9557.2,31
9558.9,28
9559.8,12
9559.9,36
9560.2,5
9560.7,26
9561.5,0
9562.2,18
9562.5,38
9563.4,3
9563.6,17
9564.9,19
9565.6,22
9565.7,14
9565.8,33
9566.9,39
9567.0,29
9567.9,11
9568.5,32
9568.6,9
9568.9,28
9569.6,31
9570.5,21
9571.4,1
9571.6,30
9571.9,5
9572.2,23
9572.3,2
9572.7,37
9572.8,16
9573.0,14
9573.0,34
9573.2,10
9574.2,19
9574.9,17
9576.4,15
9576.5,38
9576.6,6
9576.6,39
9576.9,12
9578.0,13
9578.0,18
9579.2,3
9579.5,8
9579.9,28
9580.1,7
9580.1,22
9580.1,36
9581.3,1
9581.8,9
9582.1,31
9584.6,38
9585.6,39
9585.7,19
9585.8,5
9586.0,17
9586.3,34
9586.4,32
9586.9,27
9587.3,21
9587.6,11
9587.7,14
9587.9,35
9589.1,33
9591.6,23
9591.7,24
9591.9,16
9592.0,9
9592.0,10
9592.6,12
9592.6,38
9592.8,13
9592.9,20
9593.0,25
9596.7,3
9596.8,36
9598.0,19
9598.3,17
9598.8,31
9598.9,39
9599.7,8
9600.1,2
9600.4,5
9600.6,11
9600.6,21
9600.8,26
9600.9,0
9601.4,22
9602.0,29
9602.1,27
9602.4,28
9602.7,18
9602.9,34
9603.1,38
9603.4,37
9604.4,9
9604.5,19
9604.7,23
9606.8,17
9606.8,32
9607.2,13
9607.7,33
9607.9,1
9607.9,31
9609.2,8
9609.8,14
9610.1,5
9611.1,7
9611.9,11
9611.9,16
9612.3,3
9612.5,12
9613.5,17
9613.8,19
9614.0,21
9614.5,24
9615.8,18
9617.2,10
9617.2,28
9617.2,39
9617.3,29
9618.0,36
9618.2,34
9618.4,38
9619.2,25
9619.6,15
9619.7,9
9619.7,30
9620.4,22
9620.8,3
9621.0,31
9622.3,17
9622.9,5
9623.0,19
9623.3,1
9623.4,14
9623.7,35
9626.0,16
9626.1,26
9626.5,0
9626.5,6
9627.4,37
9627.9,24
9628.0,11
9628.0,32
9628.4,34
9629.4,38
9629.5,28
9629.8,12
9629.9,33
9631.3,23
9631.6,3
9631.7,17
9632.7,5
9632.7,9
9633.6,19
9633.9,31
9635.2,21
9636.0,39
9636.2,10
9636.6,32
9636.9,36
9637.0,1
9637.5,22
9638.3,13
9638.4,14
9638.4,16
9638.4,17
9638.4,38
9638.5,7
9639.6,11
9641.2,29
9642.8,12
9642.8,37
9643.1,15
9643.1,19
9643.2,8
9643.8,28
9644.1,3
9644.7,0
9645.0,27
9646.1,23
9647.1,10
9647.3,26
9647.3,34
9647.4,18
9647.6,17
9647.7,14
9647.8,9
9647.8,35
9648.7,24
9648.8,20
9649.0,38
9649.2,5
9649.2,39
9649.4,31
9649.9,1
9653.9,7
9654.2,11
9654.2,19
9654.5,21
9654.6,16
9655.0,33
9655.7,9
9656.2,36
9656.3,17
9656.8,26
9656.8,28
9657.3,3
9658.2,22
9658.8,38
9659.2,37
9659.3,12
9659.5,2
9659.6,13
9659.9,15
9661.9,39
9663.2,8
9663.3,18
9663.4,34
9663.5,30
9664.3,17
9664.6,1
9664.8,5
9664.8,24
9664.8,32
9665.1,9
9665.5,31
9665.6,23
9666.3,14
9668.7,38
9669.9,27
9670.3,19
9671.4,3
9672.2,10
9672.3,33
9672.9,6
9673.6,11
9673.6,25
9673.7,26
9673.9,21
9674.1,28
9674.1,29
9674.4,5
9674.6,16
9674.6,17
9674.9,39
9675.0,9
9675.8,12
9675.9,15
9676.1,1
9677.1,38
9681.3,0
9681.8,19
9681.9,37
9682.5,7
9683.0,31
9683.0,34
9683.0,36
9683.4,32
9683.7,39
9683.9,14
9684.0,3
9684.0,21
9684.5,30
9684.6,9
9685.1,28
9685.2,23
9686.5,16
9688.2,18
9688.4,5
9689.0,17
9689.7,12
9690.3,19
9692.3,10
9692.6,24
9693.4,13
9693.9,8
9694.2,1
9694.4,9
9694.4,21
9694.4,35
9694.4,38
9694.6,22
9694.8,3
9694.8,11
9695.2,33
9695.6,14
9695.7,34
9698.5,19
9699.3,23
9699.4,5
9699.4,39
9700.2,17
9700.3,12
9700.3,26
9700.5,27
9700.8,28
9701.1,18
9701.2,36
9701.6,31
9702.2,11
9703.1,32
9704.2,0
9704.4,34
9704.6,16
9705.4,1
9705.7,38
9705.9,37
9706.5,9
9706.6,2
9706.6,5
9707.0,3
9707.0,15
9707.7,17
9710.4,21
9712.3,14
9712.5,7
9712.5,19
9712.7,39
9713.1,10
9713.1,36
9713.2,22
9713.7,29
9714.2,9
9714.7,6
9715.0,28
9715.0,38
9715.1,31
9715.2,18
9716.0,17
9716.4,32
9716.8,3
9717.3,12
9717.8,13
9718.1,8
9718.3,26
9718.7,5
9718.7,11
9718.7,16
9719.8,24
9720.9,34
9721.0,27
9721.3,30
9723.0,1
9723.0,17
9723.3,31
9723.8,15
9723.8,19
9724.4,23
9724.9,0
9725.2,21
9725.4,12
9725.4,14
9725.5,35
9725.6,28
9725.8,38
9726.1,9
9726.3,5
9726.4,3
9727.1,39
9728.4,33
9728.9,32
9733.6,3
9733.7,31
9734.5,11
9734.8,17
9735.0,37
9735.9,16
9736.2,34
9736.3,10
9736.3,26
9736.5,19
9737.1,7
9737.1,28
9737.4,5
9737.4,38
9738.4,21
9738.6,12
9739.3,8
9740.3,24
9741.2,36
9741.4,22
9742.1,18
9742.9,17
9743.1,9
9743.6,13
9743.7,25
9744.1,29
9744.3,33
9745.2,19
9745.4,39
9745.5,5
9746.5,14
9746.7,1
9746.8,32
9748.3,31
9750.3,38
9751.2,12
9751.3,11
9751.5,34
9751.7,3
9752.0,17
9752.1,28
9752.2,2
9752.5,5
9753.5,16
9753.8,9
9754.4,35
9754.5,10
9755.1,23
9755.3,19
9755.4,32
9755.6,37
9755.7,21
9756.2,27
9756.4,15
9757.1,0
9757.3,14
9761.4,11
9761.8,18
9761.9,19
9762.2,38
9762.6,34
9763.0,3
9763.2,17
9763.6,26
9764.2,24
9764.7,39
9765.7,33
9766.2,28
9766.6,29
9766.7,9
9767.0,23
9767.3,1
9767.3,36
9767.6,5
9767.8,35
9767.9,31
9768.2,12
9768.4,37
9769.6,22
9770.1,8
9771.7,21
9771.7,32
9772.0,17
9772.5,13
9772.9,16
9773.8,19
9774.9,26
9776.1,0
9776.6,11
9776.6,14
9776.8,9
9776.8,39
9776.9,31
9777.7,28
9777.7,38
9777.8,34
9778.5,30
9779.2,7
9779.8,10
9780.2,3
9781.5,5
9781.8,33
9781.9,24
9782.2,12
9782.4,23
9783.0,6
9783.0,18
9783.6,38
9784.7,19
9785.8,16
9787.0,10
9787.1,17
9787.3,39
9787.5,28
9787.6,37
9788.3,26
9789.9,31
9790.5,34
9790.6,35
9790.8,9
9791.2,5
9791.3,15
9791.3,21
9791.7,14
9792.3,12
9793.5,25
9793.7,2
9795.0,22
9795.6,32
9795.6,36
9796.0,1
9796.3,38
9796.7,17
9797.3,24
9797.6,3
9797.6,27
9797.8,11
9798.0,8
9798.6,16
9798.9,19
9799.9,33
9800.7,23
9801.5,12
9801.8,5
9802.1,28
9802.9,39
9803.0,21
9803.3,13
9803.7,7
9804.6,10
9805.5,9
9805.7,11
9807.6,17
9808.3,18
9808.3,31
9808.5,14
9808.9,30
9808.9,34
9809.1,19
9809.2,35
9809.3,38
9809.5,32
9810.0,1
9811.7,36
9812.4,21
9812.9,5
9813.5,28
9813.7,37
9816.0,3
9816.2,39
9816.3,9
9817.8,23
9817.9,33
9818.3,17
9819.0,27
9819.0,32
9819.1,13
9819.2,16
9819.3,14
9819.4,11
9819.7,15
9819.7,18
9819.9,22
9821.6,34
9821.7,8
9823.2,38
9823.4,12
9823.6,10
9824.3,1
9824.7,31
9825.5,9
9825.5,26
9825.6,7
9825.9,36
9826.8,29
9827.0,0
9827.1,6
9827.3,3
9827.4,5
9827.4,28
9827.6,19
9827.6,21
9829.7,17
9831.0,39
9831.9,38
9832.1,2
9833.1,14
9833.4,31
9836.1,16
9836.4,19
9836.5,35
9836.6,10
9836.7,18
9836.9,23
9837.8,33
9838.0,17
9838.0,34
9838.1,11
9838.8,9
9839.0,32
9839.1,37
9840.7,1
9841.8,12
9842.2,25
9842.3,15
9842.3,5
9842.3,28
9842.5,21
9842.5,29
9842.6,8
9842.6,13
9842.7,24
9842.7,26
9842.8,0
9842.8,3
9843.2,39
9843.3,19
9843.6,22
9848.0,31
9848.0,36
9848.3,38
9849.4,17
9849.7,32
9849.8,14
9850.5,37
9852.1,30
9852.3,34
9852.5,15
9852.5,16
9852.5,19
9853.0,27
9853.1,28
9853.2,23
9853.4,5
9853.6,35
9853.7,10
9853.9,20
9854.5,1
9854.5,9
9855.4,26
9855.9,3
9857.1,33
9859.7,38
9861.1,17
9861.9,36
9862.8,8
9863.5,31
9863.7,11
9863.8,22
9864.7,21
9864.7,32
9864.8,5
9864.8,28
9865.1,12
9866.8,7
9866.9,9
9866.9,29
9867.0,19
9867.3,14
9867.3,24
9867.3,39
9867.4,6
9867.5,2
9867.6,3
9868.4,1
9868.5,17
9871.2,23
9871.7,16
9872.4,18
9872.9,21
9873.1,38
9873.5,10
9873.8,15
9873.8,19
9873.8,37
9874.5,5
9874.5,26
9874.5,39
9874.6,34
9875.6,30
9876.3,12
9876.5,3
9876.5,28
9876.9,14
9877.2,1
9877.4,11
9877.5,31
9877.6,22
9878.7,32
9879.2,13
9879.5,9
9880.2,17
9883.8,8
9883.8,24
9884.4,25
9884.4,33
9884.4,38
9884.7,0
9884.7,36
9885.4,34
9885.8,39
9885.9,5
9886.1,1
9886.2,19
9886.5,17
9887.4,32
9888.4,21
9888.6,28
9888.9,3
9889.9,10
9890.0,27
9890.7,12
9891.6,7
9891.7,37
9891.7,38
9892.0,14
9892.3,31
9893.0,23
9893.2,9
9893.7,16
9894.6,19
9895.1,26
9895.6,11
9896.2,17
9896.2,35
9896.7,22
9896.7,39
9897.0,5
9897.3,29
9897.4,24
9898.2,15
9900.4,28
9900.8,34
9901.2,23
9901.8,16
9902.2,19
9902.2,33
9902.6,21
9903.5,18
9904.5,8
9904.7,1
9904.7,38
9904.8,12
9904.8,30
9906.2,9
9906.3,6
9907.8,13
9908.2,3
9908.2,31
9908.5,10
9908.5,17
9908.5,35
9908.6,32
9908.6,34
9909.9,28
9910.5,5
9911.4,39
9912.7,38
9914.2,11
9914.5,19
9915.1,16
9915.1,33
9915.3,26
9915.5,0
9916.0,37
9916.5,25
9917.2,14
9918.2,12
9918.2,17
9920.0,36
9921.0,34
9921.4,18
9921.5,31
9921.5,38
9921.7,23
9922.1,3
9922.1,22
9922.2,28
9922.3,24
9922.5,13
9922.5,39
9922.9,21
9923.4,1
9923.6,2
9923.8,9
9924.8,17
9925.1,7
9925.6,10
9925.9,15
9926.0,19
9926.3,26
9926.7,31
9926.7,32
9926.9,29
9927.2,14
9927.8,5
9931.7,38
9932.9,16
9933.0,1
9933.0,12
9933.2,37
9933.3,33
9933.7,11
9934.2,19
9934.5,0
9934.6,34
9935.5,31
9936.0,36
9936.3,21
9936.8,3
9937.1,17
9939.4,9
9939.9,39
9940.6,5
9941.0,28
9941.3,30
9941.8,25
9941.8,32
9941.9,14
9941.9,38
9942.0,23
9942.5,8
9942.8,18
9942.8,19
9942.8,24
9942.9,15
9944.4,13
9945.5,17
9949.6,12
9949.7,33
9950.1,22
9950.1,37
9950.3,27
9950.4,26
9950.7,3
9951.0,16
9952.1,5
9952.2,21
9952.7,17
9952.7,35
9953.0,29
9953.3,31
9953.6,39
9953.7,32
9953.8,11
9954.4,1
9954.6,9
9955.4,0
9955.4,19
9955.5,10
9955.7,38
9956.8,13
9958.0,28
9958.1,34
9959.2,36
9959.6,23
9960.4,3
9961.5,15
9962.3,9
9962.8,12
9963.4,8
9963.4,17
9963.4,39
9963.8,16
9964.5,18
9964.8,19
9965.1,5
9965.1,14
9965.2,24
9967.9,11
9968.2,38
9968.7,1
9969.0,37
9969.8,27
9969.8,31
9970.1,17
9971.8,21
9972.1,9
9972.8,7
9973.3,33
9973.3,34
9973.5,28
9974.6,10
9974.8,5
9975.2,26
9975.5,3
9975.6,39
9975.8,12
9976.4,30
9977.0,38
9977.1,19
9977.1,32
9977.3,29
9978.0,14
9979.4,11
9980.6,36
9981.0,17
9982.2,31
9982.5,23
9982.7,21
9982.8,13
9984.6,15
9984.8,16
9985.3,0
9985.3,22
9985.5,2
9985.5,19
9985.8,24
9986.4,3
9986.4,5
9986.5,39
9986.6,1
9986.6,33
9987.1,34
9987.5,28
9988.0,9
9989.8,38
9990.8,18
9991.7,8
9992.0,6
9992.7,32
9993.8,3
9994.0,19
9994.3,17
9995.0,5
9995.5,10
9995.5,26
9996.1,15
9996.7,12
9997.6,31
9997.7,27
9998.5,38
9998.9,11
9999.0,14
9999.0,35
9999.3,36
9999.9,34
9999.9,39
